game_id,season,game_date,home_team_id,away_team_id,actual_margin,actual_home_win,pred_margin,pred_home_win_prob
092594e1-c679-42db-8776-3ab078c28213,2021,2020-12-08,fc2ab8b9-b25c-46a3-81e7-a6abf8ffedad,510fb56d-2c4a-4f14-a5a1-e3b5856ec11c,17,1,-10.497239483534983,0.1280780722971421
d84acb80-2fd5-4043-bc81-ff8081f49259,2021,2020-12-08,a50a0a91-c116-4f66-aac7-a7d111bc002b,93706eaa-57eb-4415-be8d-eab0042ce36f,37,1,39.82682811604673,0.9894989905191173
2098222d-4b5e-42ff-b06f-f31484aa44a0,2021,2020-12-09,2f742ceb-17ab-4e32-864c-437353b864ac,2c3cfe98-5d8e-4156-8f96-72afb8b46504,7,1,6.551982437921687,0.7635393417728655
a822ad3b-6672-4b1f-97c1-8b858b7ab07d,2021,2020-12-09,af41eb94-4a15-40c8-aec5-4bc9d72db801,510fb56d-2c4a-4f14-a5a1-e3b5856ec11c,36,1,26.906484135490114,0.9783166295881845
e7dd1790-8e7e-4466-b603-e67bf5cd6646,2021,2020-12-09,840b9de7-98d4-40aa-a950-8449a61d7408,d075203a-3279-49c9-b79e-ddf5a673fdfa,-9,0,-4.70086871663908,0.4049041246766746
16d165ab-d768-4498-92a7-aebd48c68f04,2021,2020-12-10,2a24713b-eeb8-4e74-a07d-69cdfec67b7a,e7739ef6-94c9-4206-be27-00d9c5e52ed3,7,1,2.7307498844388753,0.6969133848600045
f8afd06e-414d-4e97-ac90-08f6c0267abd,2021,2020-12-11,1f5cd38b-8ede-4730-82a5-cab59b37dc50,d67d284d-01be-4022-bef1-4dc3a3219c5d,45,1,28.191835140591078,0.9902591342587727
116c31a1-a5d0-4270-b91b-abd33642d588,2021,2020-12-12,3d1c995e-040f-4e4f-84ff-f68fdad5ae74,5ef3daf9-ea79-4c33-82af-051ce15768a4,-13,0,2.6206334278547296,0.5600652798325247
2d9c185e-e4f9-49e4-b669-2c7d534d4c24,2021,2020-12-12,e6abc32a-c68e-4ea2-988d-1737d7ebfd4c,81e7c995-a578-4623-93a0-bce731349a82,1,1,12.996582929774556,0.8802894533242591
d7cbf680-aff0-4c35-8f00-0e5a4ea9a31a,2021,2020-12-12,2f742ceb-17ab-4e32-864c-437353b864ac,f76767a6-8e9e-44e5-8211-21524f364137,20,1,36.25254717658043,0.9899645343932776
edf3c68e-ca60-4715-a197-c93ea7601473,2021,2020-12-12,510fb56d-2c4a-4f14-a5a1-e3b5856ec11c,b474ccdd-467a-4295-86a9-293837900322,-6,0,4.5219080660995665,0.650780170688018
3b2433bd-36ea-4071-bc48-b3bc866e0992,2021,2020-12-13,118354ec-fd34-4152-9760-dfed9430b49f,5c08d048-2b8b-4f14-ba62-eb65192229fe,-6,0,-12.287561206069945,0.08809678263995915
7123c4ba-44dd-428a-aa8b-641d811f24f6,2021,2020-12-13,40b1411b-d25c-45c6-a6e9-b4636de2b348,2a24713b-eeb8-4e74-a07d-69cdfec67b7a,-2,0,-7.575950173414359,0.23044295321067695
9c7c5f54-0a15-4ba1-b511-9ef4ec6b08f9,2021,2020-12-13,043f7037-fcb6-454b-9a9f-a594935d08e4,3e3fb5ce-40b0-4813-9880-afe0fd6fdce3,2,1,5.712433181280303,0.6483098122308812
ae77f195-7b7a-4352-b08c-bf6555411acf,2021,2020-12-13,3f7f94a0-e27a-4e82-b5d0-9098123024ec,3ba902c7-2efa-4126-94ed-50c44b1d6904,18,1,22.989521920657676,0.9804110946710489
bfdc9733-dece-4a22-b800-e360f213496f,2021,2020-12-13,a718200e-3c95-4e78-bc52-6d49f14c042f,6d66d3c2-401b-4192-9132-138219cae626,3,1,6.8018355886839545,0.7766508270276736
2d004c38-9115-42d6-a100-d4feeb9058fe,2021,2020-12-14,f3e1a0c8-4c68-4907-93d0-69899161295f,2fb35c54-8f82-4531-86da-4f01cc0f9cf3,13,1,6.461849346927698,0.7261677078919335
2da016cb-5a9a-4184-a9aa-050cf5455147,2021,2020-12-14,e4353941-7ec1-44f7-be8c-925b3fd274b1,fc2ab8b9-b25c-46a3-81e7-a6abf8ffedad,1,1,28.251081736889187,0.979394305133796
5dcbc0c2-6bc7-4a40-a899-ab0226b0d5ce,2021,2020-12-14,cc38838e-fcbc-4d28-aa09-64d6389dd135,778dcf04-00e0-4120-b1d6-36d83e57ad32,-5,0,6.704082824445947,0.7770916630402098
0d0f3c74-c88a-4be4-8da6-1f979b26d6ca,2021,2020-12-15,a7f9d3fb-5741-4a3e-8505-026b862ce855,732ea6a2-8d2f-4868-9673-8d4c9ccd3df0,29,1,36.385073619985576,0.9914601518470766
15e962a1-32c6-48b9-a61b-3934cd8639bb,2021,2020-12-15,e4353941-7ec1-44f7-be8c-925b3fd274b1,fc2ab8b9-b25c-46a3-81e7-a6abf8ffedad,9,1,12.658471200553919,0.9084669928625715
35e6f43d-88fe-46af-a3e7-de07324e1040,2021,2020-12-15,afd0bd2f-740b-44d7-8be1-cb790093f9bd,fdb48dc9-68f9-48b4-bc6f-38c1be2ca041,8,1,14.443239832389114,0.9270856251548999
731360df-9e8b-4484-8d52-d54875db1b1d,2021,2020-12-15,79e17be8-1403-48c8-b264-4748e43d8e8f,38c4b228-dd15-4b05-bf9a-6e01fad39132,17,1,8.798980738884147,0.7937749987269027
a88a8a80-d314-4b4f-97c8-ee3894fc399d,2021,2020-12-15,5a2971fb-7668-4c9d-959c-3cc5eeee6791,f76767a6-8e9e-44e5-8211-21524f364137,5,1,16.59532480347041,0.9692305357856738
b7c43ec3-60a2-44ae-9e16-f34ede8c1d61,2021,2020-12-15,0a452dfe-75eb-47fa-8dae-92da3589f9e1,e514e7f6-9987-4fc1-a0a9-152b9c628601,6,1,7.9848583736557215,0.786796044487244
c90dc5ed-1dca-4175-9d79-871a33741757,2021,2020-12-15,22cc3729-2c6a-46eb-a661-6aa2e4d614a3,1450fc17-28ed-4fe1-a784-71eaa519baa1,3,1,10.082195987560794,0.8528373209627779
da452b58-6a7a-4289-9ec9-05144b4d5fed,2021,2020-12-15,c8552860-c6f5-4179-b43e-c55775da1d48,e7739ef6-94c9-4206-be27-00d9c5e52ed3,10,1,9.060665604925465,0.788070613792977
dc0e0444-59b3-4bcf-8522-6524239e9748,2021,2020-12-15,af41eb94-4a15-40c8-aec5-4bc9d72db801,b474ccdd-467a-4295-86a9-293837900322,25,1,20.89466336242251,0.98295291695338
fcfed40e-d817-4b42-97d3-b2b35fcc98dc,2021,2020-12-15,418b21e5-7710-4e33-8bba-6fba764d7962,40b1411b-d25c-45c6-a6e9-b4636de2b348,30,1,29.624193026941825,0.9893463195769365
023001a2-7d74-4aac-8bc2-f8e9c2e2218d,2021,2020-12-16,82ef743e-9bd4-4c80-a4ab-5e3ba42e84df,840b9de7-98d4-40aa-a950-8449a61d7408,-1,0,13.568955109807815,0.9197300231417704
1108c1c7-35a8-4586-9948-59f55e096a92,2021,2020-12-16,dfc69d97-4abe-4ae0-b091-329cef3c70b0,d53017de-fb39-4d91-ae07-8c7ad76080cd,-8,0,2.5289949088540506,0.546294783256435
175ebb33-a101-43f2-a8d8-ade382e5fcf5,2021,2020-12-16,bb1da9fa-7bba-489b-8fe0-96fa412241b5,fc86f8b9-5e54-4f2a-af3d-e48ecf83543e,16,1,18.65262261130642,0.9669785850546357
22788f38-4ec2-4aca-b93b-4cc3de08511a,2021,2020-12-16,e9ab90ad-d1d0-4bcd-b2c3-90ed7076450c,70f9ea29-5535-4360-a3d6-3390ad8ff0ff,7,1,0.19080689751654356,0.49045322263239377
28844017-650d-40d7-9174-8359843cf938,2021,2020-12-16,87e5e0aa-2b2a-488e-b794-3945da8bd1c1,4817cf1e-b367-4536-bf93-6181f7054683,15,1,11.944227586397352,0.8922791099892577
764e119e-ef1d-47c3-b4a5-4bf779f0a7c4,2021,2020-12-16,4a06993f-d792-4e09-941b-89a318b29c41,5674afbc-6b30-4a05-927a-54e7f8738250,16,1,19.358918117957526,0.9794672097374255
88804e72-c23d-4a52-9bd5-0821efbcd5bf,2021,2020-12-16,71111d59-04ba-43c8-8c36-6303a4242bc9,6e833acc-a13a-4959-bac1-fbd2e6be20b1,11,1,19.987565194173072,0.9825024034960532
c485a96d-8ff0-4873-a384-af6da625964b,2021,2020-12-16,5c08d048-2b8b-4f14-ba62-eb65192229fe,118354ec-fd34-4152-9760-dfed9430b49f,24,1,14.930854452771658,0.9534151122309018
52c69b83-7f88-4ddf-a530-4573a2f6e6d2,2021,2020-12-17,b88cbfee-e95b-4c99-bded-c0d5d62e9e27,d67d284d-01be-4022-bef1-4dc3a3219c5d,4,1,8.264033727853326,0.9182958729973365
603698cc-6f1b-4046-b929-75446f521209,2021,2020-12-17,89842734-b541-434c-9195-ca36a4f9ac31,3e3fb5ce-40b0-4813-9880-afe0fd6fdce3,10,1,13.617951827193016,0.9282155726251611
9db3dfa1-9c30-4bff-9f9e-021f45eac591,2021,2020-12-17,28164465-b0c4-4d92-b609-51debab55256,b2fbe1bc-ec5e-498c-a480-7297ce829e25,3,1,6.199433743935017,0.7859788071098288
ffa2e72c-307a-48ae-bbd7-4b0396bd4f8b,2021,2020-12-17,2f742ceb-17ab-4e32-864c-437353b864ac,1f5cd38b-8ede-4730-82a5-cab59b37dc50,-1,0,3.1952326720177937,0.7023802261938578
065a638c-edc3-45bc-97d2-7e9e590c708b,2021,2020-12-18,f3e1a0c8-4c68-4907-93d0-69899161295f,27945734-1ebb-4e9f-957f-162878724b27,-4,0,17.863422165713093,0.929733279547916
77040694-6cc9-416d-ace4-0d50ccdc6944,2021,2020-12-18,6dd43d39-7fc6-4bb1-8e18-9f7214921d79,606739b3-e8e7-44ed-9240-a2e69bae9106,-10,0,5.079863040847439,0.6866777591925163
79f90dcb-1a60-464e-a4f3-269a2ca42a77,2021,2020-12-18,6d66d3c2-401b-4192-9132-138219cae626,e184b43c-a563-4eb0-97d8-e6606c94edfe,-9,0,-0.9973428730299412,0.4015056211334244
894a5425-60a3-40b5-8ef8-677321b2634e,2021,2020-12-18,6ef12ef2-4196-48f1-9341-3d9e2a4bc359,b474ccdd-467a-4295-86a9-293837900322,-6,0,5.170040292569028,0.7851927455582288
8dd8716b-e92c-49c8-a887-d996cb3b517b,2021,2020-12-18,f8baf0de-c953-49cc-9127-a520fdc65e97,8ceea299-77dd-44da-9ea2-e67e2b224bfe,15,1,0.88097108618811,0.45902111936426415
953f4556-3dfa-47e5-a188-a02529bc9eaa,2021,2020-12-18,9d171f52-bd82-40e9-a2e6-5c7b74a43355,732ea6a2-8d2f-4868-9673-8d4c9ccd3df0,10,1,15.44172086707672,0.9212043980586615
c3a67dff-75bd-4017-90fc-65a1d821351e,2021,2020-12-18,5ef3daf9-ea79-4c33-82af-051ce15768a4,28f58893-fbf6-40df-8b08-24c4b0ab191d,-18,0,-5.141505675928646,0.38724819475101024
c8787a6d-b070-48b3-a539-e29379c5cd15,2021,2020-12-18,87c9d84a-7778-47cb-9a33-085caf9ea361,8155a0ac-2183-484d-8689-b0855690cf48,10,1,23.961567101473378,0.9807900082317718
dcdb5838-4a19-46b1-b400-6415247f4b66,2021,2020-12-18,71ce4b4a-9645-46f8-9879-88330df117fd,f1d509bb-1611-40e4-9fde-815980bd35d2,-8,0,2.092810158589018,0.626723794350642
00dc4fb9-5f60-42c9-b05c-0c549823a1a0,2021,2020-12-19,f5596042-c045-40b8-ab41-32e53c8c5ca2,8870b73d-31e2-48d2-99b8-bf750c8cb9e1,-3,0,9.994414911087175,0.8079576459141774
0d1c0a7f-1dd1-47f3-8817-1527ef8520c9,2021,2020-12-19,c8552860-c6f5-4179-b43e-c55775da1d48,864ea5b8-fceb-456e-9434-d7b7a0170357,10,1,19.870444012666837,0.9394972998817016
113d2ad2-bb77-4709-b67e-dd9531ccfc2a,2021,2020-12-19,ed8cb4c0-c6d4-4461-be8c-ecf8fe13668f,3ba902c7-2efa-4126-94ed-50c44b1d6904,2,1,-0.2736723878635472,0.4193085964911703
2e630339-8f17-42c4-b671-32c323d6f7fb,2021,2020-12-19,e9ab90ad-d1d0-4bcd-b2c3-90ed7076450c,69adf56f-3e48-489b-9508-454a85767e9e,10,1,6.34541655919054,0.6954639899496083
3bad1af0-5263-4968-b761-236ac529cb51,2021,2020-12-19,56a79fee-eea6-42d7-b3b5-aa619168e7f2,28fca8fc-b927-47d8-b900-d08b656fc31d,14,1,15.946826226125504,0.9516507169223652
431ba144-957d-45b6-822d-0c145b3999e3,2021,2020-12-19,70f9ea29-5535-4360-a3d6-3390ad8ff0ff,153596ed-3c7a-404c-b510-15a532386899,7,1,3.0979722797508606,0.6521635479602651
45f9b92c-e942-4d09-af30-30384426a7fd,2021,2020-12-19,6e833acc-a13a-4959-bac1-fbd2e6be20b1,b0218bc9-d3fc-4819-9114-7868e6286a35,-2,0,0.6742472447625345,0.47550776327601935
5275d08a-def9-40ed-929b-206fbc81c1f5,2021,2020-12-19,db815d0b-90db-442a-bd3c-358f64389ce0,7fd23de2-bd4b-4f67-a1b5-a7b146c2b64d,-12,0,-2.4066954949282153,0.42058041804637797
53f9150a-5467-4ce4-9522-74f080e3daba,2021,2020-12-19,89842734-b541-434c-9195-ca36a4f9ac31,bb66865f-a1de-4b72-ab9b-65e3f6bf5317,39,1,32.302958245418715,0.9912680201001909
576f7d03-1eb5-49dc-b73a-2eb52eabd473,2021,2020-12-19,22cc3729-2c6a-46eb-a661-6aa2e4d614a3,a718200e-3c95-4e78-bc52-6d49f14c042f,-2,0,10.268432078667907,0.8408115217469319
631ea749-79ba-496d-8e6e-3e7992942852,2021,2020-12-19,60f79bad-642b-493c-b616-4f07e42a8fd1,29d731c5-9b13-44fc-a6f6-34f532cf02fa,-17,0,-6.803293544942188,0.22232071866569467
9c0a63ad-2743-4891-bccb-632b8efdf2f7,2021,2020-12-19,79e17be8-1403-48c8-b264-4748e43d8e8f,44353014-53ae-4005-89ae-a4f9fb38617b,36,1,22.671453108589823,0.9829374520571437
9f3f6f65-01a3-4f64-a229-24318faba9e3,2021,2020-12-19,0a452dfe-75eb-47fa-8dae-92da3589f9e1,ca6ae5c4-e5b9-4cd7-8594-2d85ad2d786c,40,1,19.69898572822085,0.9446355307910479
a00531bf-a208-4774-b1db-8faf58613e0d,2021,2020-12-19,1dcc19aa-e509-4cc5-93e1-29c1a093fcd9,c495ddbc-3e45-4407-b7fc-b5a98991f77b,11,1,7.185083014628887,0.8043258141537306
b91fd290-56d3-437d-8ff5-1496245f818c,2021,2020-12-19,37642fa1-3eb0-4eef-8973-ede3736321db,a4527c7b-f261-4b8d-91ed-120ffb1cbba9,1,1,-0.08911629640356848,0.4696549929067512
c27c5f73-71cd-4ac5-93ee-c89dd0102666,2021,2020-12-19,2f5716e4-e515-4210-ba95-863aeec7f43f,5a2971fb-7668-4c9d-959c-3cc5eeee6791,-2,0,-14.512500762570934,0.054874393976076526
ce702f6b-31d2-4574-9e4b-110b62795eec,2021,2020-12-19,af4cd665-b16b-433a-98b4-bc859c73052e,c093ef64-b2b0-4d6d-b73f-704e93170ae3,29,1,19.458228168201394,0.9765464992399192
d041451c-f2d5-476c-8ffc-31aceb2a1a6c,2021,2020-12-19,9c98b7ee-2363-423e-a125-1783389ac0d7,87cb3661-e328-487a-aa0c-52b1df29e7d9,-8,0,-5.4344920286293315,0.27645088820666824
d8587822-350d-470e-93a8-f9cca23ffecc,2021,2020-12-19,fc86f8b9-5e54-4f2a-af3d-e48ecf83543e,ab3af85c-525d-434a-95d6-fcc4a957eff7,13,1,5.021153833130597,0.7095347973436019
e03bdd71-dacb-4267-a007-6f342af287e7,2021,2020-12-19,406e5c75-29d7-4b2a-a2ef-4cb52cf8d6fd,510fb56d-2c4a-4f14-a5a1-e3b5856ec11c,4,1,14.056233902087781,0.9388432064609276
ee338ae3-52ec-4bca-984c-32e57d26b1fa,2021,2020-12-19,043f7037-fcb6-454b-9a9f-a594935d08e4,3c0057db-cd3e-4c86-ac2d-2e6eef1a00c3,31,1,11.466331944415787,0.8758704122323516
f3288d14-77ab-4c91-8593-4a4c0213fcba,2021,2020-12-19,bb625b21-99e6-4de0-bcd7-8e346265e676,3430a126-cdee-483f-87c6-4ffbe51d0170,13,1,2.2389607022669313,0.5578527655638708
07981bdf-fd3e-434e-9b92-0cdf5cadfeb5,2021,2020-12-20,28f58893-fbf6-40df-8b08-24c4b0ab191d,732ea6a2-8d2f-4868-9673-8d4c9ccd3df0,44,1,44.391731553445645,0.9941949694908635
28c001bb-c7f2-4b5f-99fa-69c900d1c165,2021,2020-12-20,b027da3b-02b3-4b06-8d11-4355379c190b,b9a980be-8e9f-43c2-8ebb-aff1b8f682df,3,1,-7.592290534084843,0.24805251328750616
346f4bfd-d9a6-4309-a55f-04e08c1ce392,2021,2020-12-20,bb1da9fa-7bba-489b-8fe0-96fa412241b5,82ef743e-9bd4-4c80-a4ab-5e3ba42e84df,3,1,4.7926225007435,0.7114913372902643
42e80a25-46db-4ced-a294-614eafbb2ef9,2021,2020-12-20,3ec8f5d8-3b24-42f3-af4c-a96a1f5f3a4a,778dcf04-00e0-4120-b1d6-36d83e57ad32,3,1,1.4724125077646835,0.6076471965283288
cb2136da-19b3-4354-a266-1d9db121f4ba,2021,2020-12-20,65a307ba-6078-40b4-8bc1-1f5f541185cc,b4d453f5-49b1-4a4f-8d76-30ed0f77fab4,-2,0,16.501667622395395,0.9568834804780767
d933fd78-1e13-49d0-861e-6678be3a1826,2021,2020-12-20,ed8cb4c0-c6d4-4461-be8c-ecf8fe13668f,3ba902c7-2efa-4126-94ed-50c44b1d6904,17,1,-2.2177818798483657,0.42170996411998757
ecbb1e03-9433-45e4-b0a3-3b21dc77e43b,2021,2020-12-20,48ca0d7e-2fa2-4fe1-9469-069d9fbef3a1,dfc69d97-4abe-4ae0-b091-329cef3c70b0,23,1,25.42747634030433,0.9869082407619016
258135cc-42f2-4a0e-ad21-2054eb40a79a,2021,2020-12-21,02fc8dc6-94db-4b04-819d-f15245246d48,6ef12ef2-4196-48f1-9341-3d9e2a4bc359,17,1,9.459048691297646,0.8556286726044989
25aa301f-b81e-4dd8-ab32-965690c8d0ff,2021,2020-12-21,4ea3ab1d-d0d5-4c9c-9a61-71a678342af9,2a24713b-eeb8-4e74-a07d-69cdfec67b7a,24,1,12.590521543038134,0.9033798287229566
29582de8-bd8c-43a1-83ee-f1cf6ab62e36,2021,2020-12-21,59ea3221-efd1-4aaa-8064-acad132dd459,fc86f8b9-5e54-4f2a-af3d-e48ecf83543e,-3,0,-3.8425053513592298,0.34899812683519627
3c2c0dba-d43b-4a56-989c-8d3e4c222aaa,2021,2020-12-21,7762910b-d109-4bc1-9bcb-67979c692279,f1d509bb-1611-40e4-9fde-815980bd35d2,-19,0,7.566147912045533,0.7308872923313189
48575791-08d0-4e91-b8a3-8e1c778b974b,2021,2020-12-21,1450fc17-28ed-4fe1-a784-71eaa519baa1,40b1411b-d25c-45c6-a6e9-b4636de2b348,66,1,26.937524550518567,0.9848317975693568
51bb4a12-af65-4f8e-af4a-9bf965bdad15,2021,2020-12-21,35ca9192-f3aa-4b7a-8f4f-b9ee34e646d8,71111d59-04ba-43c8-8c36-6303a4242bc9,-9,0,-9.270924545166977,0.12710853076119494
5359d165-17e0-4146-93bc-7814434f286d,2021,2020-12-21,a50a0a91-c116-4f66-aac7-a7d111bc002b,ce493494-f12c-43fb-87e4-cdd4763ea2c0,-7,0,11.811434628528456,0.8546133804237958
5527a95f-0eb5-4d6c-8f10-c6b7f44112c4,2021,2020-12-21,0a452dfe-75eb-47fa-8dae-92da3589f9e1,fc2ab8b9-b25c-46a3-81e7-a6abf8ffedad,26,1,25.112565161405435,0.9901783086662589
7a3a9edf-1493-4d00-af36-f6965fc71d99,2021,2020-12-21,f445b0db-d21a-4072-a2b8-e50c33f349fd,7ba7ec2a-91c9-4856-bc4a-1b75f450061b,18,1,1.448842953034489,0.552062385877724
83d1c2cf-b009-4284-9bcb-a98aec5b8d11,2021,2020-12-21,b7f1c2f4-6663-4bc1-b876-e5f847662b75,40dca164-63a2-4620-aaff-78a2c75fe5f0,57,1,40.47058137338789,0.9935018551117304
9ce8ade5-4df3-4374-88a9-f6db4fbe0b3b,2021,2020-12-21,88c28db5-60be-4385-8263-91e66e360407,53bc6533-b761-4ad9-8807-3eed852c09cb,4,1,-0.7259426088007015,0.4222945830790747
b54eb50d-c7e5-49a0-bf95-f9f017d4ce4e,2021,2020-12-21,606739b3-e8e7-44ed-9240-a2e69bae9106,38c4b228-dd15-4b05-bf9a-6e01fad39132,16,1,18.05168016196619,0.9566122328770517
bbcf22a6-71c6-4248-9504-4a3d2f4a58bf,2021,2020-12-21,d9ee64a0-7aab-47e1-b2ab-9018c4bfeda5,9b89639d-46fe-4e4e-a653-d50f1554a3bc,13,1,14.03489037868369,0.9373516008053987
c3ebdb92-7e2c-44d8-9a55-e63bf704692d,2021,2020-12-21,e514e7f6-9987-4fc1-a0a9-152b9c628601,f3e1a0c8-4c68-4907-93d0-69899161295f,15,1,10.38959949348365,0.8645040783630034
d95fccbc-543a-4e57-b83f-498a7254bbf9,2021,2020-12-21,4a06993f-d792-4e09-941b-89a318b29c41,93706eaa-57eb-4415-be8d-eab0042ce36f,39,1,34.33838020595727,0.9907792682781627
fd6c2f05-e262-4051-a60f-efd1067cf7f9,2021,2020-12-21,ab3af85c-525d-434a-95d6-fcc4a957eff7,e7739ef6-94c9-4206-be27-00d9c5e52ed3,11,1,6.761894652548103,0.7668863049057846
01628320-3f51-4251-b641-245122938f4d,2021,2020-12-22,7497b121-940a-4021-ad6d-b2d8569a97db,90c24aef-e6b2-4203-8a3e-243ff680b3c3,-5,0,6.81643851797586,0.7939556093139277
09ef33a2-005e-465c-becb-77cf6932b399,2021,2020-12-22,5f80b887-54ef-4b86-ad40-3014aed4005e,48ca0d7e-2fa2-4fe1-9469-069d9fbef3a1,-10,0,-9.132734293062123,0.1541306472377976
11481ce5-585b-4f05-9d2d-eeea607d19e6,2021,2020-12-22,c17206f6-29e6-4785-8241-eb88a39a59c2,37642fa1-3eb0-4eef-8973-ede3736321db,1,1,11.288316535351312,0.8881540204133423
1d53bc4f-fb9f-40e6-822d-63c0f3423703,2021,2020-12-22,f8baf0de-c953-49cc-9127-a520fdc65e97,e4a5755b-3279-4861-b19a-6a7d500c6637,-8,0,-2.0398177961187254,0.3803913656469635
1de85125-aefd-4017-8ac4-00d360277c0d,2021,2020-12-22,a33a65ab-deec-4f5e-bf8d-b665170497f2,d53017de-fb39-4d91-ae07-8c7ad76080cd,6,1,22.404406392106583,0.9741426611575341
26b0c729-eb68-4902-a791-69043c78ad36,2021,2020-12-22,510fb56d-2c4a-4f14-a5a1-e3b5856ec11c,afd0bd2f-740b-44d7-8be1-cb790093f9bd,-21,0,-9.490557691522612,0.1662515512740423
27969e42-4854-45cc-8aa4-1ae0a952547a,2021,2020-12-22,2f5716e4-e515-4210-ba95-863aeec7f43f,97af561a-907a-4616-9013-45a60140ff7b,-3,0,-3.466977886198528,0.429993366492622
368d6723-4994-423e-932d-dd573c25685d,2021,2020-12-22,89ec300c-19c0-4347-84cf-163d9811eb3e,a6d03753-cd42-45b7-bb87-6739693b2f19,13,1,1.4784589304273825,0.5330766669973639
40aacc48-e7df-4bcb-a82b-a2407f7d75c0,2021,2020-12-22,1f5cd38b-8ede-4730-82a5-cab59b37dc50,d060a457-6325-4436-8b0c-e45c7cea013e,14,1,-0.11572938031530973,0.4930362600387768
4485b6e6-a48f-4658-a6e4-88bc7ec59822,2021,2020-12-22,d7ae1172-7174-4b23-864e-b95c3dac4ee4,7fd23de2-bd4b-4f67-a1b5-a7b146c2b64d,3,1,0.19138585505876507,0.5497867182962343
49a51fc9-106d-4774-b911-bb975d2cba58,2021,2020-12-22,a718200e-3c95-4e78-bc52-6d49f14c042f,118354ec-fd34-4152-9760-dfed9430b49f,20,1,16.160747887280095,0.9529548993149911
5628cb39-b4b7-4621-8bcc-215825982b08,2021,2020-12-22,043f7037-fcb6-454b-9a9f-a594935d08e4,af32a09c-4079-4e21-9725-ed8b07ee5546,5,1,3.6372282649748984,0.7162289945745549
6205c1c2-b9c8-4888-abb9-0b7810651c5d,2021,2020-12-22,97b331d3-f682-405e-b55a-791cbae25dc0,60f79bad-642b-493c-b616-4f07e42a8fd1,-4,0,0.4575847861015033,0.4687951121830764
66e7d9d1-eeeb-412b-be05-7479cb288092,2021,2020-12-22,56a79fee-eea6-42d7-b3b5-aa619168e7f2,9d171f52-bd82-40e9-a2e6-5c7b74a43355,23,1,21.6827994527156,0.9907562224295767
6960eccf-57c5-4ec8-bd3d-a8f5b8907497,2021,2020-12-22,b9939a4f-3583-4099-a977-cbe1cee7f252,e9ab90ad-d1d0-4bcd-b2c3-90ed7076450c,15,1,8.767134642096893,0.831409350166449
6bac0020-f06a-4bb3-877b-8a6621a2cd7a,2021,2020-12-22,9f2f419d-e3e3-487e-ac82-4bf10a2b7d06,5d3a1c04-727a-44fa-990d-231f8bf3b6e0,-2,0,-8.204005269864561,0.26553828206602503
736cd5d9-d60a-42b2-8e4c-9f746dfaca99,2021,2020-12-22,79e17be8-1403-48c8-b264-4748e43d8e8f,a4954c6c-2e69-4e49-b1be-c644601316d2,14,1,15.908986450759405,0.9462317306129647
83f21ad1-9e29-4583-8be6-c15b29f09dab,2021,2020-12-22,2fb35c54-8f82-4531-86da-4f01cc0f9cf3,a926c3ea-f3c3-4378-a2d5-606018157fc0,19,1,8.591756926843201,0.7406465690914629
9f2e6362-670e-4119-8b45-44b63f2b3a9a,2021,2020-12-22,af41eb94-4a15-40c8-aec5-4bc9d72db801,d4f12cb0-b551-45d3-9418-8f5971ea059e,1,1,16.02411525503116,0.8925016019284103
a48ca6cf-0d1a-4369-9aef-5f9f56ecf79c,2021,2020-12-22,840b9de7-98d4-40aa-a950-8449a61d7408,e6abc32a-c68e-4ea2-988d-1737d7ebfd4c,7,1,1.2492855784696868,0.5580578538619299
a73d24d4-000c-48a7-8012-7bb711fd4914,2021,2020-12-22,9a4cc655-94cb-423f-8249-a9cc2637eb22,2f742ceb-17ab-4e32-864c-437353b864ac,-2,0,2.1000693303921216,0.629284957410137
adf76d3e-fb9d-451b-9b31-c09389d8954d,2021,2020-12-22,be962bf1-1af8-4d6e-b983-d820cbae2dba,02d4cbfd-8634-43dc-999a-f4d32f7f47c2,13,1,21.078997591488434,0.9675859650919145
b0be59f5-70e6-4a35-888e-0d87decff4f3,2021,2020-12-22,28f58893-fbf6-40df-8b08-24c4b0ab191d,81e7c995-a578-4623-93a0-bce731349a82,33,1,22.50837971214212,0.9805922444395853
b8f67ce6-d1a8-4e1f-859c-53ced1c0bb29,2021,2020-12-22,fdd20a72-c679-47c5-b98d-7bbdc6be2ae8,28e6307f-2240-4931-9ba2-9e19e9e41214,5,1,1.7002266680184326,0.6005370506902941
cc49b902-29d2-457d-99e1-22f44b1356e2,2021,2020-12-22,77cf4e5f-d8b0-4af2-bdbd-162e845fabcd,0877aa4c-b7a5-42ae-b49a-14eee0c2d037,21,1,16.440897893339812,0.9551540198517949
ce5b3719-ff8e-4752-a466-19558c6f1b2a,2021,2020-12-22,3430a126-cdee-483f-87c6-4ffbe51d0170,af4cd665-b16b-433a-98b4-bc859c73052e,-11,0,-9.038178019155914,0.18832203766311847
d04f4209-921f-4ab7-a1c1-459f8da8ab92,2021,2020-12-22,01bd3978-4bb2-4761-8b57-3b19be7a2d53,d386331b-232f-4ecf-a546-1b84ed9526d9,-10,0,-5.587962874315049,0.42983584510375444
db7edf55-5fcb-4feb-8be2-fc03bc3e3d3a,2021,2020-12-22,393424f4-5631-41bb-9925-f6ff431cfa34,6dd43d39-7fc6-4bb1-8e18-9f7214921d79,-25,0,-4.739440049754093,0.27500163157428453
ddd9df33-249b-4f5f-bec8-a8bba1d2ed56,2021,2020-12-22,60572384-23ce-4f11-a5a4-237b9e9088cd,a0942322-0725-4156-a535-e621d291382c,17,1,37.95494759508067,0.9906578573156986
e59505fe-96d0-4ed1-b393-5a9916227c30,2021,2020-12-22,1c833156-3165-410b-8ea4-41b6d79c4db9,c093ef64-b2b0-4d6d-b73f-704e93170ae3,22,1,15.116528687022601,0.8972217452670836
f61319a9-c0e4-44e4-b67c-392ab71fb1b9,2021,2020-12-22,ab413d6b-1afb-44fa-9134-499b5b046de1,c00c03b9-1bdc-4cb6-9896-c210e9ebf208,14,1,13.584646174035585,0.9270156335230795
fdeb85c5-f17d-4eb3-a239-ee6ce1590ff3,2021,2020-12-22,6e833acc-a13a-4959-bac1-fbd2e6be20b1,eae08de3-3875-42d9-8dca-09e8016dea2c,-10,0,-11.576508119577415,0.08029066525356604
0036e89f-4836-418c-8999-53686328c018,2021,2020-12-23,87cb3661-e328-487a-aa0c-52b1df29e7d9,ca6ae5c4-e5b9-4cd7-8594-2d85ad2d786c,20,1,9.559207827859195,0.7993080903679325
24a285ea-1c50-4bca-a34d-aee2d0e32e32,2021,2020-12-23,c86929e8-d014-4027-814e-17e5b57f90b6,b9a980be-8e9f-43c2-8ebb-aff1b8f682df,-17,0,-6.49922130415362,0.19680369096370784
6c70eb5d-2d8e-4c16-bfea-dd4109e98e4d,2021,2020-12-23,a3b8173d-a2ea-4988-90d5-e3b32953c6c7,9b89639d-46fe-4e4e-a653-d50f1554a3bc,-28,0,8.22459445052719,0.7885726677822454
7188e15b-7637-458d-93c4-54f3b95b32a4,2021,2020-12-23,d2735ccc-baf8-4ea0-910b-fe1214c0e75f,9a4cb8a6-1c95-4ac2-8acf-2d47cead4af7,-7,0,8.818426243422957,0.7812760354511304
7446faa5-af64-4517-a257-cbc894d62b14,2021,2020-12-23,fdd20a72-c679-47c5-b98d-7bbdc6be2ae8,28e6307f-2240-4931-9ba2-9e19e9e41214,-15,0,2.9964354443053427,0.6837779256955803
95259b63-793a-4fbe-955c-1ce3e227ca6b,2021,2020-12-23,778dcf04-00e0-4120-b1d6-36d83e57ad32,9e43c63a-9088-4564-9aa3-bdb745d9c108,-17,0,-5.781144912004901,0.3011895101498948
b08fa571-bd4a-404d-8dd7-51d56f1c8b47,2021,2020-12-23,c7d87cd7-eae2-4537-ae95-cc39f7dc0d08,57b3f53c-c3e1-4345-acf1-d392e30fefb5,16,1,26.481411442235835,0.9839831509448123
b71d8304-aa7b-4a12-a860-c09cb1e05c04,2021,2020-12-23,606739b3-e8e7-44ed-9240-a2e69bae9106,34447800-60a5-477a-9ea3-6157f0f7913f,8,1,13.157733706635577,0.8668650122344683
efee4a96-c0a0-43c0-83a4-c09dd33bfb41,2021,2020-12-23,70f9ea29-5535-4360-a3d6-3390ad8ff0ff,b027da3b-02b3-4b06-8d11-4355379c190b,12,1,10.44202937150076,0.8628889120285318
0bd88d38-edd2-4f96-957e-bc33f9c08934,2021,2020-12-25,7641ced1-436d-4cca-aef6-214829898d2e,b9939a4f-3583-4099-a977-cbe1cee7f252,7,1,-5.575431750909367,0.25385387874034726
1438aac3-8fa6-437c-aaa1-856b500571f6,2021,2020-12-25,e9ab90ad-d1d0-4bcd-b2c3-90ed7076450c,be962bf1-1af8-4d6e-b983-d820cbae2dba,3,1,5.659924423571533,0.7186618049943052
802b6cfc-f10d-47fb-94be-4f787699e46c,2021,2020-12-25,3f7f94a0-e27a-4e82-b5d0-9098123024ec,ab413d6b-1afb-44fa-9134-499b5b046de1,-9,0,-1.5564362678916293,0.40561282237542856
15cd8688-b25d-4111-9ad7-0cac7b612d00,2021,2020-12-26,2da144c9-32c5-455b-b0b2-a0f505e05133,663c15de-2cf7-4168-8027-739db580bf6f,14,1,17.774602743045648,0.9839924099100974
361468a2-0a5b-4630-b8cd-891ea0af27df,2021,2020-12-26,b5902d34-0cec-4f71-abdd-8eef757b4f9d,71ce4b4a-9645-46f8-9879-88330df117fd,-3,0,4.492066380137543,0.6452232815640447
39672307-159f-4442-a226-5d9b4aa2bad5,2021,2020-12-26,d386331b-232f-4ecf-a546-1b84ed9526d9,db815d0b-90db-442a-bd3c-358f64389ce0,3,1,2.87049304174789,0.6024417398109297
4ad45fd9-0962-43e7-968d-4921ba4b8c5c,2021,2020-12-26,b9a980be-8e9f-43c2-8ebb-aff1b8f682df,d6262d9b-c701-4974-afbd-ef478e74fe8b,9,1,6.394343553818847,0.7451156614675671
76527f5f-026f-4a04-8238-06a87231b2f4,2021,2020-12-26,763f60a9-832f-4cde-b69f-33db7addad25,9ded2a57-a14f-4961-ab3b-efca70d91b7e,6,1,19.75672335135737,0.9834745410722978
ca856f5f-3b5b-43dc-a805-e8918ad24364,2021,2020-12-26,68a49c87-4220-43d5-856d-ffc0507814a1,70f9ea29-5535-4360-a3d6-3390ad8ff0ff,1,1,-6.119387285424601,0.25776623389069164
cd3e8280-8171-4da8-896e-23e9003cabf9,2021,2020-12-26,60572384-23ce-4f11-a5a4-237b9e9088cd,2fb5419d-1828-4c58-92b0-39fc3073197b,23,1,16.411560370831065,0.9401930506234225
ef00bf0c-6f5b-4324-af09-8d2d9c18b577,2021,2020-12-26,c1fbdd92-7438-4374-a4ca-db062202a38e,3ba902c7-2efa-4126-94ed-50c44b1d6904,-2,0,2.3114817503052127,0.5907124547637359
329cea49-2d1c-4387-b444-8b8e68e8b0d0,2021,2020-12-27,eda9532c-47de-441d-9f85-fbf7daf82acb,f141277f-bb0f-4c67-a2a8-d75e65f9bb58,7,1,13.151289083477241,0.8893126483734841
5c4fc4bd-9815-45ce-ada6-dc2234da2aa8,2021,2020-12-27,c1fbdd92-7438-4374-a4ca-db062202a38e,3ba902c7-2efa-4126-94ed-50c44b1d6904,-3,0,5.8468745981783,0.6882700091636852
65e4e50c-b6e1-44d6-aacd-a8ae09a9cd41,2021,2020-12-27,f96f8f4d-dbca-433c-8c11-1b8e00bddc6f,47d95961-3d47-4d0f-815c-ed002986e9af,15,1,5.039708761663845,0.6647086159000752
a35ca8e7-5795-4a57-a4b9-b27a48c499fe,2021,2020-12-27,aac9f779-7e88-494c-86d3-09b2e9b47e39,a7f9d3fb-5741-4a3e-8505-026b862ce855,30,1,22.040051704519957,0.9829257197672808
b56bde8e-0b9f-4a7e-82a1-46d81647089c,2021,2020-12-27,b2fbe1bc-ec5e-498c-a480-7297ce829e25,a347102a-5bf0-43d6-9e6a-98e689acb371,19,1,3.358206775496909,0.6891494257971176
ce4d2c9c-706b-4709-894a-974eb33a82e8,2021,2020-12-27,d1f54cdd-6d42-4df8-ae4b-e74ee175e8ea,28f58893-fbf6-40df-8b08-24c4b0ab191d,-18,0,-1.8180183808562296,0.5547137311018625
cebd6c82-5301-4467-a47b-37b32c371d55,2021,2020-12-27,2da144c9-32c5-455b-b0b2-a0f505e05133,663c15de-2cf7-4168-8027-739db580bf6f,13,1,18.253013914018897,0.9811524071196444
ed083784-2984-4959-a667-2b8aea5494bc,2021,2020-12-27,e8e53526-9614-4a00-9699-83239ddc2c7b,35ca9192-f3aa-4b7a-8f4f-b9ee34e646d8,6,1,4.162172652032106,0.6775005841720098
0429372b-d0a1-4ff4-94cf-e8bb12eed957,2021,2020-12-28,60572384-23ce-4f11-a5a4-237b9e9088cd,97af561a-907a-4616-9013-45a60140ff7b,30,1,39.86308313945828,0.9883123849055281
159a40fa-3657-4039-b91d-37f6b4f932a0,2021,2020-12-28,e8e53526-9614-4a00-9699-83239ddc2c7b,35ca9192-f3aa-4b7a-8f4f-b9ee34e646d8,-12,0,3.311068631923299,0.5624370589270464
1721e8ec-9c06-4d7c-86c8-e11adc6a1566,2021,2020-12-28,aac9f779-7e88-494c-86d3-09b2e9b47e39,a7f9d3fb-5741-4a3e-8505-026b862ce855,31,1,23.12876130938626,0.9817988637671885
2d3804a0-effc-4528-aa89-3f835273f9a8,2021,2020-12-28,7641ced1-436d-4cca-aef6-214829898d2e,3f7f94a0-e27a-4e82-b5d0-9098123024ec,25,1,1.1260624488810085,0.5239902177133534
56a579b7-0025-48ff-97de-ec2218d03aee,2021,2020-12-28,ab413d6b-1afb-44fa-9134-499b5b046de1,be962bf1-1af8-4d6e-b983-d820cbae2dba,-6,0,6.19262479926693,0.7995029698116644
7a9a1c72-0204-4a17-a121-2545dcabfbe9,2021,2020-12-28,a33a65ab-deec-4f5e-bf8d-b665170497f2,48ca0d7e-2fa2-4fe1-9469-069d9fbef3a1,14,1,-0.8486776476158423,0.4938510867045902
8226476c-9775-40c4-8fe7-a622fa73601c,2021,2020-12-28,f96f8f4d-dbca-433c-8c11-1b8e00bddc6f,47d95961-3d47-4d0f-815c-ed002986e9af,7,1,5.525966554802532,0.7421188265637587
83270262-edb6-467c-806c-8e5dcf35eb96,2021,2020-12-28,b2fbe1bc-ec5e-498c-a480-7297ce829e25,a347102a-5bf0-43d6-9e6a-98e689acb371,4,1,-1.1041432612766977,0.5031129194943365
890c8c8f-120f-4462-93aa-490703243744,2021,2020-12-28,d1f54cdd-6d42-4df8-ae4b-e74ee175e8ea,28f58893-fbf6-40df-8b08-24c4b0ab191d,-7,0,-0.6088680567734152,0.5177433486275643
d40469e9-92b7-4337-9478-d82af1210bc3,2021,2020-12-28,eda9532c-47de-441d-9f85-fbf7daf82acb,f141277f-bb0f-4c67-a2a8-d75e65f9bb58,-6,0,10.123499626874487,0.913001075155193
025e6e02-b170-4625-8ea6-5abc0ca8de23,2021,2020-12-29,eae08de3-3875-42d9-8dca-09e8016dea2c,7ba7ec2a-91c9-4856-bc4a-1b75f450061b,-13,0,4.264565941319156,0.6812552518824829
11614a77-6f32-4ee8-ab55-e30123eb7538,2021,2020-12-29,b027da3b-02b3-4b06-8d11-4355379c190b,e9ab90ad-d1d0-4bcd-b2c3-90ed7076450c,5,1,-1.6579133214455226,0.3817103942774973
24c2a908-93c9-4588-adcf-cbe30e6b32f9,2021,2020-12-29,a542240d-13f0-4c97-8c81-319e88fd0a4b,c0a097f6-0d58-47f8-aa7a-6eebdadedb22,23,1,21.72171567280368,0.9829576178568838
24c67de6-83df-4363-95a3-e831f6dc3706,2021,2020-12-29,ce493494-f12c-43fb-87e4-cdd4763ea2c0,15ea3800-14b2-4e3e-8a6d-e9a6490fc965,1,1,-14.950805271585574,0.06387541614499935
39d120ea-d2cd-4245-90e0-b965632cfdcb,2021,2020-12-29,4ea3ab1d-d0d5-4c9c-9a61-71a678342af9,d67d284d-01be-4022-bef1-4dc3a3219c5d,2,1,12.634566200316964,0.9143044558018876
3e8cdb82-ebbb-428d-8ac2-ec67c5096651,2021,2020-12-29,d060a457-6325-4436-8b0c-e45c7cea013e,091152bb-d0ed-4dd5-8b1a-201f53945a40,22,1,17.773758874685875,0.9710537413945086
bf6b6df7-eb11-4423-bfeb-39e40747b205,2021,2020-12-29,763f60a9-832f-4cde-b69f-33db7addad25,f445b0db-d21a-4072-a2b8-e50c33f349fd,23,1,13.458491259218862,0.9451158359941032
cae9389a-3e39-40a4-867d-16cda24b165d,2021,2020-12-29,b9939a4f-3583-4099-a977-cbe1cee7f252,68a49c87-4220-43d5-856d-ffc0507814a1,15,1,17.644143892499006,0.9666922270832128
d2799860-5f32-4b66-97e8-9e82f20a29c5,2021,2020-12-29,c093ef64-b2b0-4d6d-b73f-704e93170ae3,9a4cb8a6-1c95-4ac2-8acf-2d47cead4af7,10,1,6.788695780480115,0.778841388530291
ef8caf69-b887-4eb7-ba23-b1c8e0d7e1bf,2021,2020-12-29,b7f1c2f4-6663-4bc1-b876-e5f847662b75,5674afbc-6b30-4a05-927a-54e7f8738250,37,1,41.56461654022503,0.9931812385580508
1e20e2ad-7351-425c-992b-edba5353621b,2021,2020-12-30,56d96aac-d4d5-491b-a3e3-da2b2a39e261,7762910b-d109-4bc1-9bcb-67979c692279,1,1,10.195159385482356,0.8700566866864009
201d1a6f-f697-4812-a2a9-2ef29e82b07f,2021,2020-12-30,fc2ab8b9-b25c-46a3-81e7-a6abf8ffedad,0877aa4c-b7a5-42ae-b49a-14eee0c2d037,-7,0,-4.282158738591031,0.3229616608016481
22870746-e93b-40a7-86ef-7d06a0575834,2021,2020-12-30,118354ec-fd34-4152-9760-dfed9430b49f,136c7ecc-ca9e-456b-acfa-e4b5947012f2,9,1,-2.5794606318038067,0.3526356763677687
2517bf23-a45d-479f-a07e-da91e303eedf,2021,2020-12-30,af32a09c-4079-4e21-9725-ed8b07ee5546,bb66865f-a1de-4b72-ab9b-65e3f6bf5317,16,1,13.738247902637157,0.9157471864127648
3be9d11b-18c9-4db5-a839-4b08955153f3,2021,2020-12-30,70f9ea29-5535-4360-a3d6-3390ad8ff0ff,c00c03b9-1bdc-4cb6-9896-c210e9ebf208,36,1,14.680148705692066,0.9537907947383312
4109b066-27bf-48ba-8843-1baf668958bb,2021,2020-12-30,a13cbd69-d194-4c61-a684-c8fb7beeabc5,655e3157-6c29-45bb-9810-eefc2a0d509b,-8,0,5.666107806156757,0.6779624648329666
4b2d9876-754e-4713-a50a-33c77a8e96ce,2021,2020-12-30,b0218bc9-d3fc-4819-9114-7868e6286a35,80a4de01-2d01-4f5f-a169-ef1375b3bb6f,13,1,-2.8779728118351855,0.4167236072006268
5a05014a-3ad2-4c16-bba8-1426e46c8970,2021,2020-12-30,0e7751bd-fff8-4fa2-a4a4-d7dafd8f4929,02d4cbfd-8634-43dc-999a-f4d32f7f47c2,-2,0,10.754540237490101,0.868936433531884
61d34c54-56f2-48ab-9b7f-c24d927c77c2,2021,2020-12-30,87c9d84a-7778-47cb-9a33-085caf9ea361,7fd23de2-bd4b-4f67-a1b5-a7b146c2b64d,5,1,4.303771016434033,0.6701198664009398
7326791a-4eae-4d10-93e7-07c82d956878,2021,2020-12-30,2fb35c54-8f82-4531-86da-4f01cc0f9cf3,a068e9e2-d76e-4fa3-a94b-f1f2d845b000,8,1,8.82381813390416,0.8086901283922439
7805c6c6-6399-4f27-b4e8-7b09156c70e3,2021,2020-12-30,8870b73d-31e2-48d2-99b8-bf750c8cb9e1,1450fc17-28ed-4fe1-a784-71eaa519baa1,-4,0,-1.234505648598407,0.45197831433973135
86f13063-fbee-4991-8b5b-97518921ce4c,2021,2020-12-30,d075203a-3279-49c9-b79e-ddf5a673fdfa,d748b419-f41e-4b46-aff6-ce66b3442549,16,1,7.98435418963642,0.7482308171769679
88c8859a-2042-4030-a385-e1c1d57b94a9,2021,2020-12-30,2f3ac2cf-a76a-437a-aed6-239ac78ea5c6,88c28db5-60be-4385-8263-91e66e360407,-9,0,-0.9892651254428182,0.36730345797377956
8f8e6617-f8f4-4144-9d7e-1c9e726e195f,2021,2020-12-30,69adf56f-3e48-489b-9508-454a85767e9e,2fb5419d-1828-4c58-92b0-39fc3073197b,-9,0,-2.723958332733244,0.3723079461061678
93570a2d-46fe-4590-a136-68ed37ac53a0,2021,2020-12-30,d6262d9b-c701-4974-afbd-ef478e74fe8b,c86929e8-d014-4027-814e-17e5b57f90b6,2,1,7.764065485360377,0.7969448766673961
a9d866b9-f811-4893-b921-7ab2c29126b6,2021,2020-12-30,e184b43c-a563-4eb0-97d8-e6606c94edfe,7497b121-940a-4021-ad6d-b2d8569a97db,-6,0,4.955922152447231,0.6531799368871358
acfc660a-5bfd-4f00-a84e-e414cc290812,2021,2020-12-30,5c08d048-2b8b-4f14-ba62-eb65192229fe,a90b7bea-0089-4676-8695-8e71d497e83b,10,1,16.589865687675147,0.9069614500390871
b355cd81-4e13-466b-9dee-db1ecc09ff5c,2021,2020-12-30,a926c3ea-f3c3-4378-a2d5-606018157fc0,fdb48dc9-68f9-48b4-bc6f-38c1be2ca041,11,1,2.3967596327950584,0.529536066145231
b47ef4f2-d678-4269-b140-5aceb23d1262,2021,2020-12-30,75be9823-4151-4c62-999b-0d1bd885e92b,b474ccdd-467a-4295-86a9-293837900322,8,1,7.985469779335502,0.7819595419397953
bf645321-d44f-476f-b183-b276da761f7f,2021,2020-12-30,5d3a1c04-727a-44fa-990d-231f8bf3b6e0,b279d0ab-6fc5-4502-9d4c-8eb065752d95,11,1,-2.4770917085826683,0.31657890671160605
ca6b8b6e-b360-4bea-9447-f466281bbf49,2021,2020-12-30,71111d59-04ba-43c8-8c36-6303a4242bc9,53bc6533-b761-4ad9-8807-3eed852c09cb,13,1,9.885565529806271,0.8449628604483743
d2615fb1-adfa-4ad9-931c-5dc76f8a7574,2021,2020-12-30,910d5e81-1944-4780-9aeb-883182d61f8a,af41eb94-4a15-40c8-aec5-4bc9d72db801,-16,0,-13.642320431824624,0.047208540418680486
e2d50df6-9f12-4ebb-b8f4-a8e979f44ca8,2021,2020-12-30,d7ae1172-7174-4b23-864e-b95c3dac4ee4,cc6f95f5-bb00-4211-89af-a4d26b18dc0b,3,1,9.850614846990293,0.9021514516615574
21d4c99e-3a46-4cf2-a568-04def8c02708,2021,2020-12-31,d4c5bc9c-035c-4638-8430-5f2bddc79182,e4353941-7ec1-44f7-be8c-925b3fd274b1,2,1,-9.398555128031832,0.12039223515922724
341fc9a7-068f-45cd-8580-657e90a83847,2021,2020-12-31,79c95d32-81a3-4876-a67e-d05c472f970a,97af561a-907a-4616-9013-45a60140ff7b,-13,0,-3.831137734327176,0.41280964633796574
69d0d678-8f0e-4d78-8a21-e68ec890ce0a,2021,2020-12-31,ab413d6b-1afb-44fa-9134-499b5b046de1,7641ced1-436d-4cca-aef6-214829898d2e,12,1,12.222219579721344,0.8645903156708024
6ade9ee4-1a65-44ab-9a44-bfc5d4027473,2021,2020-12-31,dfc69d97-4abe-4ae0-b091-329cef3c70b0,a33a65ab-deec-4f5e-bf8d-b665170497f2,-27,0,-12.87964686981302,0.06550681912463939
8dd33cb3-53e1-4b1e-b58b-560f3ffff0d7,2021,2020-12-31,a926c3ea-f3c3-4378-a2d5-606018157fc0,fdb48dc9-68f9-48b4-bc6f-38c1be2ca041,-9,0,2.065849493256251,0.49624747717232487
963965d1-a061-4c7e-98bf-a749c8c9ccca,2021,2020-12-31,153596ed-3c7a-404c-b510-15a532386899,066a8484-fc6f-4b34-a34e-12b5a0ccad51,2,1,6.776560770326757,0.7486022875016506
9742004d-7c6e-4274-ab7a-033b630d9dc4,2021,2020-12-31,89842734-b541-434c-9195-ca36a4f9ac31,043f7037-fcb6-454b-9a9f-a594935d08e4,13,1,12.459104891778773,0.9263384667711545
a23b93f0-fdc5-41a4-bce4-c99d0b119cb5,2021,2020-12-31,fc2ab8b9-b25c-46a3-81e7-a6abf8ffedad,0877aa4c-b7a5-42ae-b49a-14eee0c2d037,10,1,-3.10497741867696,0.3870990141253923
c6db4133-772c-4f9f-b573-6f71159bf2ff,2021,2020-12-31,a542240d-13f0-4c97-8c81-319e88fd0a4b,48ca0d7e-2fa2-4fe1-9469-069d9fbef3a1,-10,0,3.046188295919715,0.6282499719107774
ce889e19-be1e-4fcd-b3ad-b0222199f6ed,2021,2020-12-31,56d96aac-d4d5-491b-a3e3-da2b2a39e261,7762910b-d109-4bc1-9bcb-67979c692279,18,1,14.771255824495922,0.9243076721428924
dfe33318-c046-4672-afbe-5d8aac9996ec,2021,2020-12-31,f5575a20-19d0-45ee-b978-be17d4021703,65a307ba-6078-40b4-8bc1-1f5f541185cc,-14,0,-7.916894582985324,0.1453656449807106
eb683a2c-c4a7-4e34-8879-4ebdb1e183ca,2021,2020-12-31,5d3a1c04-727a-44fa-990d-231f8bf3b6e0,b279d0ab-6fc5-4502-9d4c-8eb065752d95,-11,0,-3.8306707684413976,0.3299481652953168
fcd38833-f9d6-4743-80e1-9166547efe9b,2021,2020-12-31,b4d453f5-49b1-4a4f-8d76-30ed0f77fab4,6b306c8d-0a54-4bfd-a6b2-4e9dce397e36,-35,0,-20.326194155354568,0.03295937444525096
fe3d11ff-d97e-4116-8708-8a69d156ea7b,2021,2020-12-31,be962bf1-1af8-4d6e-b983-d820cbae2dba,589de096-2a48-481c-9213-1de1cde104de,-11,0,-6.913686562057915,0.2680019593281601
0d64dece-3fdb-4855-82b9-9d235edeb601,2021,2021-01-01,d82db419-c4a4-4310-8c3a-84bc0542041a,02fc8dc6-94db-4b04-819d-f15245246d48,12,1,5.322606839157538,0.656272494309662
1164e190-52c6-4bef-9b0a-87489347e78c,2021,2021-01-01,f74ac72c-18ac-4485-96b9-da12f2d6d2a6,e687ef09-eee8-4a26-95f0-6f5cd1505777,2,1,4.368484308988914,0.6335759709232066
28c8a6c6-c46c-49aa-bde5-d523c824760e,2021,2021-01-01,3430a126-cdee-483f-87c6-4ffbe51d0170,7ae4eaea-598c-4482-8e63-6e6d8c551817,12,1,0.3107498719039578,0.5002904271820116
5fdd4e13-6502-4046-b697-b9f31257b5d0,2021,2021-01-01,406e5c75-29d7-4b2a-a2ef-4cb52cf8d6fd,a718200e-3c95-4e78-bc52-6d49f14c042f,-4,0,-7.381600270718475,0.22341647440368378
67deb2a1-2259-4295-8dbe-145b150a3ebc,2021,2021-01-01,af4cd665-b16b-433a-98b4-bc859c73052e,77cf4e5f-d8b0-4af2-bdbd-162e845fabcd,7,1,3.1437895463083625,0.5603468840954998
67f82bf0-8e7d-4fc3-b95e-b88528e3ad93,2021,2021-01-01,6e833acc-a13a-4959-bac1-fbd2e6be20b1,2a24713b-eeb8-4e74-a07d-69cdfec67b7a,-5,0,0.1392112448822221,0.38711655949936546
96553d48-619d-4a94-8fc0-c62f7d13a5a1,2021,2021-01-01,a6d03753-cd42-45b7-bb87-6739693b2f19,39ca9310-2efd-46a8-95b3-c8d65343ffa2,-29,0,-0.2930493290598102,0.5032744252476736
9b729725-e4b2-4ab3-a8d3-efa8c3cb3de4,2021,2021-01-01,3ba902c7-2efa-4126-94ed-50c44b1d6904,2da144c9-32c5-455b-b0b2-a0f505e05133,-39,0,-10.244571743415435,0.14910917699495332
ad4e9021-c7de-40b5-9dd6-946d0c95da15,2021,2021-01-01,ab3af85c-525d-434a-95d6-fcc4a957eff7,1c833156-3165-410b-8ea4-41b6d79c4db9,9,1,-1.6130733820525787,0.45305367473173974
bddc4e02-50bc-43f0-95a8-e74f5ed61791,2021,2021-01-01,c8552860-c6f5-4179-b43e-c55775da1d48,5a2971fb-7668-4c9d-959c-3cc5eeee6791,6,1,2.004609774410617,0.49977396904091986
d69cadb2-3f55-4d9d-aecf-7e772da44248,2021,2021-01-01,a4954c6c-2e69-4e49-b1be-c644601316d2,44353014-53ae-4005-89ae-a4f9fb38617b,-13,0,12.755640036485218,0.9227330105577133
f7c41cd5-b156-460a-9106-f5ceb7597bd6,2021,2021-01-01,bb625b21-99e6-4de0-bcd7-8e346265e676,ec88e63f-bc10-42ce-85e4-e0c498a1d450,8,1,-6.413739838401111,0.2099545794435647
fb383f47-95aa-4a55-b217-233b7690cc68,2021,2021-01-01,97b331d3-f682-405e-b55a-791cbae25dc0,9c98b7ee-2363-423e-a125-1783389ac0d7,-8,0,1.1821369148312593,0.6079291985511484
fbbca810-2598-492e-8f7e-89036607f012,2021,2021-01-01,0ca618bb-3ba5-4356-8c01-9e5cfb52204c,98f9a7be-62b0-4061-8581-26e893126aee,9,1,7.12135708770294,0.7970000531355421
04401cb4-f0cc-408c-b711-c546c505a961,2021,2021-01-02,0332dc1e-1ed0-4388-ac2d-a566c094f746,9b5c6906-1c60-4032-9d9c-b47f0d65ffb6,2,1,9.141153873163372,0.8474160232793739
064e1cdc-94dd-47ac-b631-9d4e2b4cd851,2021,2021-01-02,c00c03b9-1bdc-4cb6-9896-c210e9ebf208,3f7f94a0-e27a-4e82-b5d0-9098123024ec,-7,0,-2.035514921135498,0.42005366662353283
0ae70949-0e2c-43bf-a75b-e3a2d00f28f6,2021,2021-01-02,1f5cd38b-8ede-4730-82a5-cab59b37dc50,bb1da9fa-7bba-489b-8fe0-96fa412241b5,-25,0,4.194463590019985,0.6925462767723823
0e0cc68b-a748-489b-83ed-3ab6b3a7f1eb,2021,2021-01-02,f445b0db-d21a-4072-a2b8-e50c33f349fd,79e17be8-1403-48c8-b264-4748e43d8e8f,2,1,-1.4334883155174691,0.43766891764084775
12137cb6-15c4-4a99-b6af-89bbac431ae3,2021,2021-01-02,53bc6533-b761-4ad9-8807-3eed852c09cb,f3e1a0c8-4c68-4907-93d0-69899161295f,-5,0,1.8219933128474526,0.617069814368285
1258d132-af9e-4aa4-8763-38679f974a14,2021,2021-01-02,88c28db5-60be-4385-8263-91e66e360407,2fb35c54-8f82-4531-86da-4f01cc0f9cf3,-5,0,3.662326413317323,0.616390505026038
17abab78-e3c0-4fa5-b84c-723b2337e482,2021,2021-01-02,9ded2a57-a14f-4961-ab3b-efca70d91b7e,fc86f8b9-5e54-4f2a-af3d-e48ecf83543e,-3,0,-0.9169416386193071,0.40876913192538245
18814884-28ef-4b0f-ab61-2971c2fdbd10,2021,2021-01-02,7fd23de2-bd4b-4f67-a1b5-a7b146c2b64d,69adf56f-3e48-489b-9508-454a85767e9e,1,1,5.296276863410261,0.6994752441894105
1e2344d2-334e-46ac-a8cc-e11938b2314b,2021,2021-01-02,6dd43d39-7fc6-4bb1-8e18-9f7214921d79,ad1c4459-ab7e-4b35-aa93-85c1630c6cfb,-3,0,11.938506449244283,0.9083841183454652
1ed46ac5-b9ae-4d17-bca0-2bd78c0b0dcc,2021,2021-01-02,1b0747e9-4222-406e-b8c0-c34ca2f87eaa,bdd65ba1-f3b4-4da3-863e-1ab301468e5a,-4,0,5.112004550898196,0.6835846737088758
2459cf8d-5479-4909-abfd-cb5efcde56b5,2021,2021-01-02,28535578-a0da-4a5f-8dbf-c99868d82178,e7739ef6-94c9-4206-be27-00d9c5e52ed3,11,1,12.03767417752256,0.8950120368214528
25fd2a23-ee49-494c-92bb-b06392b3e9ce,2021,2021-01-02,b027da3b-02b3-4b06-8d11-4355379c190b,b9939a4f-3583-4099-a977-cbe1cee7f252,-2,0,-4.6169836822376,0.3388553903694686
2ef8bb73-ce3c-45e4-9ff8-2c99b67442a3,2021,2021-01-02,ab3af85c-525d-434a-95d6-fcc4a957eff7,1c833156-3165-410b-8ea4-41b6d79c4db9,15,1,0.24918285114357705,0.5659183307415399
2f0020e3-0899-468a-b067-0023823b5d70,2021,2021-01-02,d67d284d-01be-4022-bef1-4dc3a3219c5d,0f5a1494-b3ca-4532-8777-55217ec53868,-12,0,-6.487492000967892,0.250092975766562
31ce1ac7-1ef5-4c85-b055-7d33a309e5cd,2021,2021-01-02,af4cd665-b16b-433a-98b4-bc859c73052e,77cf4e5f-d8b0-4af2-bdbd-162e845fabcd,-7,0,2.0132108460821794,0.5091403409294715
325002b4-41ee-46dc-9c0e-6d54ea1ee9e4,2021,2021-01-02,e4a5755b-3279-4861-b19a-6a7d500c6637,a13cbd69-d194-4c61-a684-c8fb7beeabc5,-10,0,-4.754047567105356,0.31917568194303747
3aa12293-abe8-422c-9aad-51b4cc49c2d6,2021,2021-01-02,3430a126-cdee-483f-87c6-4ffbe51d0170,7ae4eaea-598c-4482-8e63-6e6d8c551817,7,1,-1.3645902638535907,0.43009746065465976
3f8959d8-3fd8-4416-8c9c-78f2f1e10f41,2021,2021-01-02,0e7751bd-fff8-4fa2-a4a4-d7dafd8f4929,b5902d34-0cec-4f71-abdd-8eef757b4f9d,9,1,6.473691563592825,0.7796530231219482
43b159bd-c72a-46e2-9d27-aead44911d55,2021,2021-01-02,a90b7bea-0089-4676-8695-8e71d497e83b,71111d59-04ba-43c8-8c36-6303a4242bc9,-21,0,-13.633938233879402,0.0706244892203406
49c74d4f-9a32-45a1-a86f-e84d475800bc,2021,2021-01-02,7ba7ec2a-91c9-4856-bc4a-1b75f450061b,b0218bc9-d3fc-4819-9114-7868e6286a35,10,1,11.093681430697885,0.8847713021185362
4e93a94e-f161-43dd-b7e0-577593bba289,2021,2021-01-02,406e5c75-29d7-4b2a-a2ef-4cb52cf8d6fd,a718200e-3c95-4e78-bc52-6d49f14c042f,4,1,-7.240811182862821,0.23890174616155893
578e00c9-2d07-40dc-aefa-8d33f1195e5d,2021,2021-01-02,c8552860-c6f5-4179-b43e-c55775da1d48,5a2971fb-7668-4c9d-959c-3cc5eeee6791,-12,0,1.5589219771108436,0.5032100009746238
598a5888-9207-4108-8cda-f893b8cf0925,2021,2021-01-02,9d171f52-bd82-40e9-a2e6-5c7b74a43355,655e3157-6c29-45bb-9810-eefc2a0d509b,-26,0,-12.780782640084375,0.06302024009718431
5a5a4e07-55b7-41bb-945d-93822e3f15bb,2021,2021-01-02,60572384-23ce-4f11-a5a4-237b9e9088cd,3e3fb5ce-40b0-4813-9880-afe0fd6fdce3,23,1,26.79242081152526,0.9868559559661331
5f5c85da-99e0-498e-9a10-31a3a5de5a89,2021,2021-01-02,1450fc17-28ed-4fe1-a784-71eaa519baa1,eae08de3-3875-42d9-8dca-09e8016dea2c,3,1,4.7783156047159645,0.6757158107614538
6399b351-8ab1-4a15-98a2-dfc199705782,2021,2021-01-02,c6b5e189-79b5-4b48-9cb2-4f886c6004b8,b7f1c2f4-6663-4bc1-b876-e5f847662b75,-11,0,-23.204385364028894,0.03034507888633027
65c15301-96a8-4f95-a161-50e70f6bb8d5,2021,2021-01-02,12ac488d-9e35-4904-a14b-14cadde1c391,33c3ebe5-ba0a-4f61-a304-3552be342274,3,1,5.36375772337983,0.7039277194825587
7669661c-63c9-4074-b963-a1695b8f65e9,2021,2021-01-02,d53017de-fb39-4d91-ae07-8c7ad76080cd,fdd20a72-c679-47c5-b98d-7bbdc6be2ae8,-2,0,1.7206530187308386,0.620271029259833
77e5d11d-6a25-4643-8e91-ad96cc1775ea,2021,2021-01-02,6d2ae003-7cee-4a99-b121-1c27fe92e96a,778dcf04-00e0-4120-b1d6-36d83e57ad32,-4,0,7.37332110255502,0.7691002213249347
79efd3fb-2449-470b-94c1-3d0fd7e11566,2021,2021-01-02,864ea5b8-fceb-456e-9434-d7b7a0170357,5674afbc-6b30-4a05-927a-54e7f8738250,-14,0,-0.7457158420532288,0.5780615932581523
7cacdb5c-3c21-4eda-8f05-ccfcc2f31b08,2021,2021-01-02,136c7ecc-ca9e-456b-acfa-e4b5947012f2,2f3ac2cf-a76a-437a-aed6-239ac78ea5c6,4,1,7.238774809431638,0.7851473560795591
7f203017-539e-4bc0-ad6f-f6bc177b0a27,2021,2021-01-02,aac9f779-7e88-494c-86d3-09b2e9b47e39,7c838356-4125-427e-901a-a8b36e899403,8,1,11.651566546642544,0.8611695557691571
8317234e-bbc8-48da-a6de-5cc85292eebd,2021,2021-01-02,f74ac72c-18ac-4485-96b9-da12f2d6d2a6,e687ef09-eee8-4a26-95f0-6f5cd1505777,-14,0,2.5622789551641416,0.6318478207913908
838f520c-089d-4e9c-a517-984faa53eba3,2021,2021-01-02,a4954c6c-2e69-4e49-b1be-c644601316d2,44353014-53ae-4005-89ae-a4f9fb38617b,31,1,12.362700105045507,0.9117347681859731
83e91348-84fc-473f-8770-a195cda83caf,2021,2021-01-02,18cfad04-c27c-45fb-ac76-6a19e57ea922,c17206f6-29e6-4785-8241-eb88a39a59c2,-13,0,7.98845732606521,0.8114598193528455
856d1b0f-88bc-4af9-8972-e0f451aaa1b2,2021,2021-01-02,0833ed3f-41b2-45fd-90f1-ea76c6f32453,043f7037-fcb6-454b-9a9f-a594935d08e4,9,1,10.553015251407098,0.8470889920182717
86222c5a-5ded-4e03-8da3-f3213897980e,2021,2021-01-02,015a331c-b317-4974-afdf-1d3940b8e31b,f141277f-bb0f-4c67-a2a8-d75e65f9bb58,20,1,10.141387065272228,0.8728652823168909
8be78732-71c5-44cd-af79-82dde1da0f76,2021,2021-01-02,cc6f95f5-bb00-4211-89af-a4d26b18dc0b,d386331b-232f-4ecf-a546-1b84ed9526d9,-12,0,-6.191057780550917,0.2690034243509701
8e398cc9-7748-4698-9e03-120f8c700a98,2021,2021-01-02,d82db419-c4a4-4310-8c3a-84bc0542041a,02fc8dc6-94db-4b04-819d-f15245246d48,-8,0,3.4880667635607323,0.5938904665495517
921062c6-e3cc-4ab6-9b68-8854244947b3,2021,2021-01-02,3ba902c7-2efa-4126-94ed-50c44b1d6904,2da144c9-32c5-455b-b0b2-a0f505e05133,10,1,-12.033174145601023,0.16301141208465864
94079568-f851-4abd-8bed-07a495eafe41,2021,2021-01-02,40b1411b-d25c-45c6-a6e9-b4636de2b348,510fb56d-2c4a-4f14-a5a1-e3b5856ec11c,-11,0,-7.559877376757961,0.24503609816408137
9c91f55c-8a9c-4323-a3ea-c3feee93c5f3,2021,2021-01-02,0ca618bb-3ba5-4356-8c01-9e5cfb52204c,98f9a7be-62b0-4061-8581-26e893126aee,13,1,8.806155022755956,0.740356695031393
a1ce1c75-df91-4a7f-8b0e-fe7caec789ea,2021,2021-01-02,a542240d-13f0-4c97-8c81-319e88fd0a4b,066a8484-fc6f-4b34-a34e-12b5a0ccad51,18,1,12.774454214560146,0.8830379250581213
a47fe64c-1768-4a7b-bc6e-abbace8422b9,2021,2021-01-02,778d14a6-8a28-49c3-ace7-8f277bc67e86,6ef12ef2-4196-48f1-9341-3d9e2a4bc359,3,1,8.994588265842195,0.8249303993367574
ab78d211-52f6-44e4-8c22-5392a7a3282c,2021,2021-01-02,2c3cfe98-5d8e-4156-8f96-72afb8b46504,c093ef64-b2b0-4d6d-b73f-704e93170ae3,18,1,19.338315876954,0.9801694878919014
b323fae1-0c17-4f86-b3cc-0ae8b865e760,2021,2021-01-02,89842734-b541-434c-9195-ca36a4f9ac31,d9ee64a0-7aab-47e1-b2ab-9018c4bfeda5,17,1,8.726449400576922,0.8456888688718299
b4670d59-59ce-48a2-b4f2-3493979ff02b,2021,2021-01-02,81e7c995-a578-4623-93a0-bce731349a82,57b3f53c-c3e1-4345-acf1-d392e30fefb5,7,1,0.5231218882015474,0.3980936644750578
b47f088f-30ee-4bf4-ad47-ec999045e108,2021,2021-01-02,6e833acc-a13a-4959-bac1-fbd2e6be20b1,2a24713b-eeb8-4e74-a07d-69cdfec67b7a,-6,0,0.27375854228790963,0.401869032493758
b8bc9c80-30cb-4b2b-a8bd-aa9d9911ecb7,2021,2021-01-02,79c95d32-81a3-4876-a67e-d05c472f970a,97af561a-907a-4616-9013-45a60140ff7b,-5,0,-2.503671716206383,0.4520037650894963
b90bf779-d913-4ded-ad77-db7f801896cb,2021,2021-01-02,40dca164-63a2-4620-aaff-78a2c75fe5f0,93706eaa-57eb-4415-be8d-eab0042ce36f,40,1,7.922167461233338,0.7797691109518273
b9883d73-a321-44fa-a73b-eb7b610501c8,2021,2021-01-02,31fed56a-3c76-439f-b5e1-27215eebf2d7,e514e7f6-9987-4fc1-a0a9-152b9c628601,-1,0,-4.871609054671146,0.28155392518313704
c02b87a3-18aa-4ff5-a910-7c13f9a026c4,2021,2021-01-02,ec1ed234-8d20-4e67-801f-337e542c0916,d1f54cdd-6d42-4df8-ae4b-e74ee175e8ea,10,1,1.3718503738633079,0.6195355125128119
c44509f1-cf67-4d25-a361-7332b34413dd,2021,2021-01-02,c03bf34d-cf8b-43da-883c-63212ac85d42,e6abc32a-c68e-4ea2-988d-1737d7ebfd4c,-18,0,-7.612789971720309,0.18162491160926236
c5539358-a6a8-499a-b717-d4a88604b200,2021,2021-01-02,f5575a20-19d0-45ee-b978-be17d4021703,65a307ba-6078-40b4-8bc1-1f5f541185cc,-10,0,-8.190464305231547,0.16336208294308724
c68cd674-01a3-46e9-9615-aa82d859ff5b,2021,2021-01-02,90c24aef-e6b2-4203-8a3e-243ff680b3c3,d4e88ce6-548b-4552-a74a-bc1ea7481431,5,1,12.498878855613766,0.9083091330443162
cb2b6732-7845-4d6e-aa26-010eee90e161,2021,2021-01-02,b9a980be-8e9f-43c2-8ebb-aff1b8f682df,e9ab90ad-d1d0-4bcd-b2c3-90ed7076450c,8,1,8.74613873682066,0.8360299675363926
d2a2a257-bc07-47e1-b919-9e0715049b07,2021,2021-01-02,2f742ceb-17ab-4e32-864c-437353b864ac,82ef743e-9bd4-4c80-a4ab-5e3ba42e84df,-5,0,3.687068984022382,0.6843388030144354
d39037f8-0402-4d3d-9645-81dd4436ae1d,2021,2021-01-02,a068e9e2-d76e-4fa3-a94b-f1f2d845b000,118354ec-fd34-4152-9760-dfed9430b49f,6,1,5.195401827294702,0.7249522694229132
d3e89941-68f6-4eee-8673-259d496716a5,2021,2021-01-02,80a4de01-2d01-4f5f-a169-ef1375b3bb6f,8870b73d-31e2-48d2-99b8-bf750c8cb9e1,5,1,4.863731751476256,0.6366921992772859
df2b41c6-7435-4f5a-a0f1-651166ed4e5a,2021,2021-01-02,c76af57c-a3dd-470a-8f02-e61a707c7f55,763f60a9-832f-4cde-b69f-33db7addad25,4,1,3.70775225012491,0.6286582631809758
df41a282-1611-45e6-aeb4-de4bf37cf9ed,2021,2021-01-02,4ea3ab1d-d0d5-4c9c-9a61-71a678342af9,840b9de7-98d4-40aa-a950-8449a61d7408,-7,0,4.211488545773976,0.6680979486977774
e34bb133-7a3c-4c1e-bac6-74b918a7add6,2021,2021-01-02,bb625b21-99e6-4de0-bcd7-8e346265e676,ec88e63f-bc10-42ce-85e4-e0c498a1d450,-15,0,-6.760828884698114,0.26546972207776975
e3bf24ce-3341-49d2-b577-ab09d07f7ac7,2021,2021-01-02,153596ed-3c7a-404c-b510-15a532386899,48ca0d7e-2fa2-4fe1-9469-069d9fbef3a1,3,1,0.7286302433774315,0.5494683674303215
e9781d0f-63ad-4ebc-af49-98bcbe1cce2f,2021,2021-01-02,97b331d3-f682-405e-b55a-791cbae25dc0,9c98b7ee-2363-423e-a125-1783389ac0d7,16,1,2.44557582760518,0.6177043708618748
ea57bba1-8674-4595-bb65-8b354fb9618c,2021,2021-01-02,afd0bd2f-740b-44d7-8be1-cb790093f9bd,75be9823-4151-4c62-999b-0d1bd885e92b,-10,0,8.69574003839715,0.7554445501991249
eb39e8d5-ba94-4d58-859d-9651b4c13ab0,2021,2021-01-02,9a4cc655-94cb-423f-8249-a9cc2637eb22,d060a457-6325-4436-8b0c-e45c7cea013e,4,1,-1.8328801221744977,0.4993407302478026
ee6871a7-a865-46b1-9e7b-b42da2612290,2021,2021-01-02,b4d453f5-49b1-4a4f-8d76-30ed0f77fab4,6b306c8d-0a54-4bfd-a6b2-4e9dce397e36,-19,0,-19.47076104261578,0.02665110877514511
f014844b-6909-457d-bd9e-2e28344a085b,2021,2021-01-02,4a06993f-d792-4e09-941b-89a318b29c41,db815d0b-90db-442a-bd3c-358f64389ce0,-5,0,0.10472792166293594,0.4767652813553908
f0a08590-5532-4ce8-befe-ab9b68b0d718,2021,2021-01-02,5ef3daf9-ea79-4c33-82af-051ce15768a4,2f5716e4-e515-4210-ba95-863aeec7f43f,39,1,19.625702658460202,0.983787857690739
f0bdadab-52f9-4c88-b65b-95a17ec99763,2021,2021-01-02,407824c5-1c41-4866-976d-ae32fddf4868,4817cf1e-b367-4536-bf93-6181f7054683,4,1,4.877548596724266,0.6977246499739534
f0eea263-a566-490c-a65e-8a49cb6043f7,2021,2021-01-02,35ca9192-f3aa-4b7a-8f4f-b9ee34e646d8,18a7cc66-39df-49bf-b51c-0cbdd36426b2,4,1,-1.3102622310028664,0.42907651641673006
f9070a80-95d1-430f-b2e6-99171f83f394,2021,2021-01-02,5cf12fde-f3ee-42c2-be66-d7a7f79401e9,22cc3729-2c6a-46eb-a661-6aa2e4d614a3,-8,0,1.7876157576410583,0.5920893458661648
f9ff970f-2015-4b2f-b7ab-785e8bfc6a1c,2021,2021-01-02,f8baf0de-c953-49cc-9127-a520fdc65e97,56a79fee-eea6-42d7-b3b5-aa619168e7f2,-11,0,-8.96879084446108,0.18747709836162563
fe62ae40-361b-4dcc-932e-ec62664b7b9a,2021,2021-01-02,a6d03753-cd42-45b7-bb87-6739693b2f19,39ca9310-2efd-46a8-95b3-c8d65343ffa2,13,1,0.7880329257538694,0.5157634005475459
00aad887-b5cd-47e5-b625-d28da23cba39,2021,2021-01-03,589de096-2a48-481c-9213-1de1cde104de,68a49c87-4220-43d5-856d-ffc0507814a1,19,1,19.283650055431863,0.9688363942231837
17e22714-c4d2-4cc5-848c-21782013d4b7,2021,2021-01-03,87e5e0aa-2b2a-488e-b794-3945da8bd1c1,15ea3800-14b2-4e3e-8a6d-e9a6490fc965,-14,0,-8.046005610696891,0.24762819633034314
29b279ed-fd51-45b8-a185-5fe446339f7e,2021,2021-01-03,d67d284d-01be-4022-bef1-4dc3a3219c5d,0f5a1494-b3ca-4532-8777-55217ec53868,-11,0,-7.601669680680887,0.1923073358614378
2a94a61c-a8ac-44f4-b811-c20c0fd471e4,2021,2021-01-03,778d14a6-8a28-49c3-ace7-8f277bc67e86,6ef12ef2-4196-48f1-9341-3d9e2a4bc359,-7,0,11.302730258053748,0.8847220001768806
39063ad4-225b-4918-bc22-53f43c07a8e9,2021,2021-01-03,28f58893-fbf6-40df-8b08-24c4b0ab191d,e8e53526-9614-4a00-9699-83239ddc2c7b,18,1,11.72790843650983,0.9124485033883489
3b37364f-9d0b-46f4-8cb1-118a874f91b3,2021,2021-01-03,d4f12cb0-b551-45d3-9418-8f5971ea059e,f4293af4-22a8-41f0-92c5-b4453f0088ba,-7,0,6.193794607081557,0.7998407441335722
41564b7d-241f-4d42-8f8a-cdf36149338c,2021,2021-01-03,7641ced1-436d-4cca-aef6-214829898d2e,70f9ea29-5535-4360-a3d6-3390ad8ff0ff,17,1,-4.400163601563409,0.39267543316832426
483e4abd-551b-46d0-b54c-a8fe09dbb7a3,2021,2021-01-03,81e7c995-a578-4623-93a0-bce731349a82,57b3f53c-c3e1-4345-acf1-d392e30fefb5,-24,0,5.4835596518242244,0.5387012937925285
5823441f-b86e-4f27-80ef-62cdd4c9cf53,2021,2021-01-03,c03bf34d-cf8b-43da-883c-63212ac85d42,e6abc32a-c68e-4ea2-988d-1737d7ebfd4c,-11,0,-8.88084879018322,0.16904415511973003
60b40916-34d3-4a87-850b-ad5f9cfdb836,2021,2021-01-03,015a331c-b317-4974-afdf-1d3940b8e31b,f141277f-bb0f-4c67-a2a8-d75e65f9bb58,3,1,10.117476201596322,0.8857766041497318
640d53b7-6335-4ebb-935f-21ec0a3ae9a4,2021,2021-01-03,ec1ed234-8d20-4e67-801f-337e542c0916,d1f54cdd-6d42-4df8-ae4b-e74ee175e8ea,4,1,0.7339799595227613,0.6247929210375308
a90d7665-104f-41bc-8e0e-fc9de095f4f7,2021,2021-01-03,35ca9192-f3aa-4b7a-8f4f-b9ee34e646d8,18a7cc66-39df-49bf-b51c-0cbdd36426b2,6,1,1.9762169515231511,0.6123591967057109
bb77730a-f1b8-4bfe-bdd5-1c3fa7e041f1,2021,2021-01-03,6d66d3c2-401b-4192-9132-138219cae626,910d5e81-1944-4780-9aeb-883182d61f8a,8,1,10.32687488227391,0.8794501559168559
c779f8a3-e335-4b59-8b86-9ad9fe79e040,2021,2021-01-03,40b1411b-d25c-45c6-a6e9-b4636de2b348,510fb56d-2c4a-4f14-a5a1-e3b5856ec11c,-7,0,-7.402497820123576,0.29210996946777246
c80b9b71-e857-4e3a-8687-8585e9524857,2021,2021-01-03,47d95961-3d47-4d0f-815c-ed002986e9af,19a55d43-b24a-464f-b974-586d0ca1325c,14,1,8.927685278653193,0.8145658365069098
ce622bca-4aff-4632-a266-aa1f1ec570cd,2021,2021-01-03,5ef3daf9-ea79-4c33-82af-051ce15768a4,2f5716e4-e515-4210-ba95-863aeec7f43f,22,1,18.060305742718626,0.9857715876147409
e7ee0704-325b-4a8e-b2a3-b48cf5f75640,2021,2021-01-03,091152bb-d0ed-4dd5-8b1a-201f53945a40,9e4719ed-a84f-4572-a1b8-d13c0997f3a1,8,1,2.734366183082938,0.609778372854414
e81f721f-a752-4549-ae0f-c5fae8c79bc0,2021,2021-01-03,90c24aef-e6b2-4203-8a3e-243ff680b3c3,d4e88ce6-548b-4552-a74a-bc1ea7481431,9,1,10.240981035536883,0.8863345808073412
2889293d-344b-474d-bd10-b596f89f14ed,2021,2021-01-04,d53017de-fb39-4d91-ae07-8c7ad76080cd,fdd20a72-c679-47c5-b98d-7bbdc6be2ae8,2,1,1.6961848138666296,0.6076585676117688
4675ce87-c52c-4734-839b-5563f9b4cb59,2021,2021-01-04,82ef743e-9bd4-4c80-a4ab-5e3ba42e84df,d060a457-6325-4436-8b0c-e45c7cea013e,-3,0,0.39655390982354577,0.5698428522874265
505e644d-fcc8-4a1e-a921-1b062753cc7d,2021,2021-01-04,0a90783a-38de-46db-ac4e-70329fd95b95,b88cbfee-e95b-4c99-bded-c0d5d62e9e27,20,1,2.785385098491626,0.5699220988901087
78777b65-b516-4889-8976-e84abca75021,2021,2021-01-04,28f58893-fbf6-40df-8b08-24c4b0ab191d,e8e53526-9614-4a00-9699-83239ddc2c7b,31,1,11.96842935874212,0.9138464337120913
8f526aa9-5776-415b-a1a9-051eca46c217,2021,2021-01-04,fdb48dc9-68f9-48b4-bc6f-38c1be2ca041,fc2ab8b9-b25c-46a3-81e7-a6abf8ffedad,2,1,4.149477801781186,0.6329210631357497
986b80e7-9436-4949-8586-873146797f7c,2021,2021-01-04,d6262d9b-c701-4974-afbd-ef478e74fe8b,be962bf1-1af8-4d6e-b983-d820cbae2dba,8,1,3.1683759233136124,0.624145543599839
a8dde104-6785-4837-bdcd-3617ca719d7b,2021,2021-01-04,9f2f419d-e3e3-487e-ac82-4bf10a2b7d06,56d96aac-d4d5-491b-a3e3-da2b2a39e261,-16,0,-21.605129747225824,0.040539666596696874
e6b253c5-2ef3-483d-ab1d-d331e7c2d43c,2021,2021-01-04,e4353941-7ec1-44f7-be8c-925b3fd274b1,5d3a1c04-727a-44fa-990d-231f8bf3b6e0,13,1,10.528457370734781,0.8129502745911182
ef59fc80-8d56-4d58-a3e8-7f4bc8854361,2021,2021-01-04,6dd43d39-7fc6-4bb1-8e18-9f7214921d79,ad1c4459-ab7e-4b35-aa93-85c1630c6cfb,13,1,9.365721003886927,0.8828640768493929
f21b9bd1-61d1-4b50-a48a-76c69c02e0ae,2021,2021-01-04,0833ed3f-41b2-45fd-90f1-ea76c6f32453,d9ee64a0-7aab-47e1-b2ab-9018c4bfeda5,-10,0,4.685714603010351,0.6789115652966364
fd06e542-e43d-4c61-a902-6e8928516218,2021,2021-01-04,b279d0ab-6fc5-4502-9d4c-8eb065752d95,7762910b-d109-4bc1-9bcb-67979c692279,-9,0,6.911190084822573,0.7389176461262078
09ca7cc6-eb8a-4b72-a2f2-2b34020d6563,2021,2021-01-05,778dcf04-00e0-4120-b1d6-36d83e57ad32,03b9b8ef-ee62-41e5-8ba6-9845ca44dc4a,-11,0,-3.871993996922734,0.38393061709944454
26ad16a3-93e0-4bcc-bdb1-e0bfa66ee48a,2021,2021-01-05,31fed56a-3c76-439f-b5e1-27215eebf2d7,7fd23de2-bd4b-4f67-a1b5-a7b146c2b64d,-2,0,-7.05145233431529,0.2280903512001142
3959ce7e-dd97-415e-86c6-3fa02973d1bd,2021,2021-01-05,840b9de7-98d4-40aa-a950-8449a61d7408,1f5cd38b-8ede-4730-82a5-cab59b37dc50,-29,0,-10.547057513946093,0.13855704826307355
44b0649e-f10c-4e88-b2b0-7781eca82220,2021,2021-01-05,b279d0ab-6fc5-4502-9d4c-8eb065752d95,7762910b-d109-4bc1-9bcb-67979c692279,15,1,4.456807810287739,0.6680126378335075
6110f2d4-273d-444b-8219-621083028def,2021,2021-01-05,655e3157-6c29-45bb-9810-eefc2a0d509b,8ceea299-77dd-44da-9ea2-e67e2b224bfe,21,1,12.972991592451901,0.9050827229816301
6187d64f-d8d6-427d-9674-772b35d910ea,2021,2021-01-05,e514e7f6-9987-4fc1-a0a9-152b9c628601,d7ae1172-7174-4b23-864e-b95c3dac4ee4,4,1,2.204522122545972,0.5895648109734779
70534235-194a-4667-991e-5c4cc0cb0c12,2021,2021-01-05,22cc3729-2c6a-46eb-a661-6aa2e4d614a3,c76af57c-a3dd-470a-8f02-e61a707c7f55,15,1,3.028234223193353,0.6413796700413738
83905f38-16a5-4fe6-8ddb-c658cb5168ff,2021,2021-01-05,db815d0b-90db-442a-bd3c-358f64389ce0,c9a13806-ceac-4436-87fa-6d19c5d3b834,3,1,5.596992140123216,0.7353139098487343
8d80135f-bd5d-43e9-bfc9-438ffb2a4385,2021,2021-01-05,2f742ceb-17ab-4e32-864c-437353b864ac,4ea3ab1d-d0d5-4c9c-9a61-71a678342af9,11,1,14.74500157931031,0.9508131999884891
8ebe07ee-8610-4177-b63c-45cc13835459,2021,2021-01-05,fdb48dc9-68f9-48b4-bc6f-38c1be2ca041,fc2ab8b9-b25c-46a3-81e7-a6abf8ffedad,6,1,2.8546146211600854,0.6369358930445433
8f25990c-1946-4bdb-a9bd-ce2e8f446897,2021,2021-01-05,a13cbd69-d194-4c61-a684-c8fb7beeabc5,9d171f52-bd82-40e9-a2e6-5c7b74a43355,3,1,21.146304330530615,0.9882719718834331
9ac3db13-0eff-440b-aa2d-f45034bdead8,2021,2021-01-05,3f7f94a0-e27a-4e82-b5d0-9098123024ec,b027da3b-02b3-4b06-8d11-4355379c190b,23,1,2.1617718944141138,0.643115015672856
a161fde3-9329-4022-b394-2dfe4955a6af,2021,2021-01-05,bb1da9fa-7bba-489b-8fe0-96fa412241b5,c6b5e189-79b5-4b48-9cb2-4f886c6004b8,6,1,14.93754104323318,0.9344125490524193
aebddd0c-a673-4b4c-ab26-67a8ab9769da,2021,2021-01-05,a1ec634e-e3a6-4f65-8cb4-cd9bc53448a1,56a79fee-eea6-42d7-b3b5-aa619168e7f2,-2,0,-1.0701118633635327,0.3897292673582886
b6b2c30b-d5b7-4dbd-a8a3-0410733da71e,2021,2021-01-05,9f2f419d-e3e3-487e-ac82-4bf10a2b7d06,56d96aac-d4d5-491b-a3e3-da2b2a39e261,-2,0,-18.478344299122895,0.03633791242335879
bfad8ff9-591d-4f8d-a380-7c22cfb65489,2021,2021-01-05,4a06993f-d792-4e09-941b-89a318b29c41,c17206f6-29e6-4785-8241-eb88a39a59c2,15,1,4.078859772508282,0.73190952576933
d38fde95-1dfd-4c45-9cc4-4ce0f6f2c142,2021,2021-01-05,e3763c93-ae5c-4fd1-a27f-9d171958e4cf,e184b43c-a563-4eb0-97d8-e6606c94edfe,-13,0,-4.035494194655799,0.32828382311717197
fcef4245-f21d-41a7-b1a3-6e5da49275c7,2021,2021-01-05,e4353941-7ec1-44f7-be8c-925b3fd274b1,5d3a1c04-727a-44fa-990d-231f8bf3b6e0,11,1,9.849777278219616,0.8055489593992544
11d1eeb2-3e57-47d2-9626-a93d93bd4e73,2021,2021-01-06,88b507e4-37af-4b0c-b7de-e68864346922,cc6f95f5-bb00-4211-89af-a4d26b18dc0b,1,1,12.511454798163248,0.8813168926201428
18afb80e-efd1-4421-9b16-64e45994af92,2021,2021-01-06,5674afbc-6b30-4a05-927a-54e7f8738250,e7739ef6-94c9-4206-be27-00d9c5e52ed3,4,1,-4.426843108918576,0.2920895163373602
3015e9f5-62ff-41fa-9381-d406da13c436,2021,2021-01-06,5cf12fde-f3ee-42c2-be66-d7a7f79401e9,18cfad04-c27c-45fb-ac76-6a19e57ea922,5,1,2.1047678109412735,0.5828304009289792
35f3cbfe-3fdb-41aa-9689-cf657c2b4f93,2021,2021-01-06,a0942322-0725-4156-a535-e621d291382c,20c48cdd-dd4d-414e-bc3d-7ee42d9f47f0,-8,0,9.475612038209231,0.825029877289287
54c9e0bf-8d33-4656-ac2d-c60ead081197,2021,2021-01-06,f5575a20-19d0-45ee-b978-be17d4021703,6b306c8d-0a54-4bfd-a6b2-4e9dce397e36,-32,0,-14.56856718155442,0.049288941687253916
68de69e0-6506-457e-97c6-d44179db106e,2021,2021-01-06,7ba7ec2a-91c9-4856-bc4a-1b75f450061b,afd0bd2f-740b-44d7-8be1-cb790093f9bd,-9,0,0.2290379715198689,0.5195805394368203
6b6b4e6c-f49e-41e8-aa27-b16e651417cf,2021,2021-01-06,1dcc19aa-e509-4cc5-93e1-29c1a093fcd9,01bd3978-4bb2-4761-8b57-3b19be7a2d53,-3,0,10.351633659876963,0.8594411641189296
6fab5992-7f98-4094-bcf2-f44c997b95c9,2021,2021-01-06,6b800506-0715-4d71-93e9-8887bd0ead96,b4d453f5-49b1-4a4f-8d76-30ed0f77fab4,19,1,16.09811125322881,0.9789745322037752
74608a92-2fc9-4f9e-b22d-c2f622f9dc0e,2021,2021-01-06,3ec8f5d8-3b24-42f3-af4c-a96a1f5f3a4a,5fc77d2f-aff7-4bba-bc4b-08cbef83f991,8,1,-0.5101796934794022,0.5508183453642002
7bc2926a-4f63-4c33-b6ce-42202a3bed9d,2021,2021-01-06,7497b121-940a-4021-ad6d-b2d8569a97db,6d66d3c2-401b-4192-9132-138219cae626,7,1,6.696054338785743,0.752030104064192
9cc9490d-38db-4041-a1bf-75e77b09b4ef,2021,2021-01-06,1b0747e9-4222-406e-b8c0-c34ca2f87eaa,79e17be8-1403-48c8-b264-4748e43d8e8f,11,1,6.118371589355727,0.7669527667251063
a106d501-f469-413b-b8c2-31d00e281b14,2021,2021-01-06,d386331b-232f-4ecf-a546-1b84ed9526d9,0a452dfe-75eb-47fa-8dae-92da3589f9e1,2,1,-2.796122676171249,0.42640786880392184
a15cf2eb-ef2e-4a11-a7c2-e8be30d436bc,2021,2021-01-06,b5902d34-0cec-4f71-abdd-8eef757b4f9d,af41eb94-4a15-40c8-aec5-4bc9d72db801,-5,0,-8.516409479326953,0.21305314130412725
a38e8bd5-15ab-4dca-9f35-f81edf416477,2021,2021-01-06,b7f1c2f4-6663-4bc1-b876-e5f847662b75,9a4cc655-94cb-423f-8249-a9cc2637eb22,15,1,13.666368172775982,0.9414495005899747
b31c7397-b5b2-4b4f-be4e-76196beeaaf0,2021,2021-01-06,8870b73d-31e2-48d2-99b8-bf750c8cb9e1,b0218bc9-d3fc-4819-9114-7868e6286a35,5,1,8.691653980771141,0.8108522335713739
c6292d88-e0dd-4ae7-86ef-c3571db0bfb9,2021,2021-01-06,15ea3800-14b2-4e3e-8a6d-e9a6490fc965,bdd65ba1-f3b4-4da3-863e-1ab301468e5a,7,1,14.618757456365426,0.9346123212935084
caaeb5bf-2706-4a16-b6a7-83dff406b0a6,2021,2021-01-06,9ded2a57-a14f-4961-ab3b-efca70d91b7e,c093ef64-b2b0-4d6d-b73f-704e93170ae3,7,1,8.79010758702812,0.8768001783131784
e1133b75-3de4-4321-9b6c-a7400001e76a,2021,2021-01-06,d748b419-f41e-4b46-aff6-ce66b3442549,6d2ae003-7cee-4a99-b121-1c27fe92e96a,8,1,-3.2673787525198374,0.43358364672759336
e7621e83-324c-4af0-a700-415640725402,2021,2021-01-06,9a4cb8a6-1c95-4ac2-8acf-2d47cead4af7,fc86f8b9-5e54-4f2a-af3d-e48ecf83543e,-18,0,-8.487169277005206,0.2020982841631673
f77497cb-39ca-41dd-a455-de8de2f93e6e,2021,2021-01-06,589de096-2a48-481c-9213-1de1cde104de,7641ced1-436d-4cca-aef6-214829898d2e,25,1,17.277148595571344,0.9532356973628047
017d0826-1665-4f0e-8eb3-6e9c6ee3dce2,2021,2021-01-07,2fb35c54-8f82-4531-86da-4f01cc0f9cf3,5c08d048-2b8b-4f14-ba62-eb65192229fe,3,1,4.122651370459572,0.6061883433892933
04adac11-e0f9-4f8a-9c60-dcd27f5fb861,2021,2021-01-07,6dd43d39-7fc6-4bb1-8e18-9f7214921d79,65a307ba-6078-40b4-8bc1-1f5f541185cc,5,1,10.924650417082896,0.915131484755785
10fbcf63-68b1-4ff2-aac9-1b959503d431,2021,2021-01-07,a471d7e5-16d8-494e-9165-a173f96f7141,e7a2f658-1de2-4cc0-8d28-60bb96dcb224,25,1,12.328080230006707,0.9076088013666169
148fdaa4-56e1-418d-bfeb-54aa56c08d7d,2021,2021-01-07,be962bf1-1af8-4d6e-b983-d820cbae2dba,b9939a4f-3583-4099-a977-cbe1cee7f252,-22,0,-2.400429255782524,0.3937430166106661
14c9a564-0931-4365-88d1-322d93c2d395,2021,2021-01-07,ad1c4459-ab7e-4b35-aa93-85c1630c6cfb,539b6837-bb92-4554-91a0-8f0d949d8b0f,3,1,10.987164609494439,0.8740771135263397
2224115c-4286-4e7b-8637-dc2cc611826f,2021,2021-01-07,68a49c87-4220-43d5-856d-ffc0507814a1,b9a980be-8e9f-43c2-8ebb-aff1b8f682df,-25,0,-10.812473662309406,0.13297890948237837
3a7933d1-9769-4a07-89a4-0955f42d7170,2021,2021-01-07,71111d59-04ba-43c8-8c36-6303a4242bc9,136c7ecc-ca9e-456b-acfa-e4b5947012f2,11,1,14.045585135446546,0.9265616616616178
455bd1e3-5715-41b7-b4ec-7ba9359cc99c,2021,2021-01-07,a33a65ab-deec-4f5e-bf8d-b665170497f2,a542240d-13f0-4c97-8c81-319e88fd0a4b,-14,0,-1.7247264146822627,0.39571530531581434
48883493-6ce3-4254-8b97-6b0974b62af6,2021,2021-01-07,d9ee64a0-7aab-47e1-b2ab-9018c4bfeda5,dfc69d97-4abe-4ae0-b091-329cef3c70b0,16,1,12.675793011217536,0.9145225859152128
62814d8d-8e97-41a2-8318-d7a0707ba189,2021,2021-01-07,60572384-23ce-4f11-a5a4-237b9e9088cd,606739b3-e8e7-44ed-9240-a2e69bae9106,17,1,15.598729637780025,0.939816456416636
6b9e3c6d-ce39-4728-b8a8-85866992b86b,2021,2021-01-07,90c24aef-e6b2-4203-8a3e-243ff680b3c3,091152bb-d0ed-4dd5-8b1a-201f53945a40,-3,0,3.120510241741593,0.5358674543214125
7a863f12-b158-4d0f-b28a-64a97ae96571,2021,2021-01-07,a068e9e2-d76e-4fa3-a94b-f1f2d845b000,53bc6533-b761-4ad9-8807-3eed852c09cb,6,1,-5.022853518541177,0.3241118390714589
8876042b-ca01-4831-a157-baea664b9077,2021,2021-01-07,2f3ac2cf-a76a-437a-aed6-239ac78ea5c6,a90b7bea-0089-4676-8695-8e71d497e83b,12,1,1.313253700339227,0.6014096655466417
8acdae1b-5b61-4074-a466-bda5202bea27,2021,2021-01-07,fdd20a72-c679-47c5-b98d-7bbdc6be2ae8,bb8be7f3-4f59-44e8-864e-119e0b8c18b6,-12,0,2.007471498024046,0.6369274125592745
b10ee0ab-4e55-4075-89d5-67100b75b8fa,2021,2021-01-07,48ca0d7e-2fa2-4fe1-9469-069d9fbef3a1,89842734-b541-434c-9195-ca36a4f9ac31,7,1,6.986028709162726,0.8039611393254668
b79d0ab4-4609-4731-b6fe-beb1cbb6ff31,2021,2021-01-07,3e3fb5ce-40b0-4813-9880-afe0fd6fdce3,bb66865f-a1de-4b72-ab9b-65e3f6bf5317,24,1,18.925346774081433,0.95019234184061
bc3c78a1-df5e-449f-9077-31b00602256a,2021,2021-01-07,6c9cd4ee-eb61-4ac8-aec4-24e5ff6c7409,79c95d32-81a3-4876-a67e-d05c472f970a,5,1,17.994537459137973,0.961036302845119
c5f07023-2712-4855-8da2-f4271b5d0b54,2021,2021-01-07,ab413d6b-1afb-44fa-9134-499b5b046de1,d6262d9b-c701-4974-afbd-ef478e74fe8b,7,1,2.330700704600594,0.5535537348262635
cbca54bb-6aa8-4711-b0d0-85cac7c32907,2021,2021-01-07,f3e1a0c8-4c68-4907-93d0-69899161295f,118354ec-fd34-4152-9760-dfed9430b49f,3,1,17.787174312950636,0.9488083380122717
ea958d1e-c772-4a9a-a859-77625ba53b27,2021,2021-01-07,962b3e60-24df-4af4-82d2-3a9c8442765b,153596ed-3c7a-404c-b510-15a532386899,-6,0,-8.1261271687873,0.23485129455659862
f6e7589c-8354-41ae-aaa4-ae1fbb583c6d,2021,2021-01-07,97af561a-907a-4616-9013-45a60140ff7b,28e6307f-2240-4931-9ba2-9e19e9e41214,-4,0,-2.7124475480962493,0.4351548097691754
01d54988-fd23-4d32-923d-95b43241ffd0,2021,2021-01-08,e9e62a4d-2506-411b-937f-e8afdde25d61,0332dc1e-1ed0-4388-ac2d-a566c094f746,14,1,5.580686516457386,0.74275729957726
0c1636a1-2041-4933-92e5-aabd957f586b,2021,2021-01-08,d82db419-c4a4-4310-8c3a-84bc0542041a,39ca9310-2efd-46a8-95b3-c8d65343ffa2,13,1,5.825957712466943,0.6674805610359149
166c350e-3682-48b1-9a06-941fbafde3b2,2021,2021-01-08,a4954c6c-2e69-4e49-b1be-c644601316d2,a6d03753-cd42-45b7-bb87-6739693b2f19,3,1,8.349562113430828,0.8154878742702494
185e2ad3-f62b-4907-8040-6616700d6dc0,2021,2021-01-08,e687ef09-eee8-4a26-95f0-6f5cd1505777,9c98b7ee-2363-423e-a125-1783389ac0d7,-6,0,3.133222818363155,0.6699628623414242
21cf6ce8-bccd-489c-bdc4-a7a9cb8f2ea1,2021,2021-01-08,418b21e5-7710-4e33-8bba-6fba764d7962,6e833acc-a13a-4959-bac1-fbd2e6be20b1,6,1,22.10162679045513,0.9834392779313301
232b9b7d-04e7-4a35-ad8c-9aee8a232b3e,2021,2021-01-08,3d1c995e-040f-4e4f-84ff-f68fdad5ae74,c03bf34d-cf8b-43da-883c-63212ac85d42,6,1,13.28004025689786,0.9237886529558643
291dc099-8fce-46b0-adeb-6caf66d09c01,2021,2021-01-08,a471d7e5-16d8-494e-9165-a173f96f7141,e7a2f658-1de2-4cc0-8d28-60bb96dcb224,12,1,12.340582894627534,0.9230565627090962
2974d594-7970-447c-9bcf-5536ee46a088,2021,2021-01-08,3430a126-cdee-483f-87c6-4ffbe51d0170,98f9a7be-62b0-4061-8581-26e893126aee,-13,0,1.4725967395714714,0.4931760258514447
2a4107f9-9f94-41a6-95f7-ed48a13a8d70,2021,2021-01-08,663c15de-2cf7-4168-8027-739db580bf6f,3ba902c7-2efa-4126-94ed-50c44b1d6904,3,1,1.7426498651760864,0.5696881754131597
2b4472f5-1892-419d-a210-14adabf37214,2021,2021-01-08,a718200e-3c95-4e78-bc52-6d49f14c042f,af4cd665-b16b-433a-98b4-bc859c73052e,2,1,4.004797222460392,0.7309427662131173
2e0a070e-c562-43e9-8e9f-dc0829bf2ae9,2021,2021-01-08,ec88e63f-bc10-42ce-85e4-e0c498a1d450,ab3af85c-525d-434a-95d6-fcc4a957eff7,12,1,9.002314856812326,0.8212869554247522
3b682f0a-6201-42af-be7d-b8198c91db64,2021,2021-01-08,9b5c6906-1c60-4032-9d9c-b47f0d65ffb6,ed8cb4c0-c6d4-4461-be8c-ecf8fe13668f,7,1,5.072698057758049,0.6986209219881768
50175f8b-8c00-43cb-8e30-a96b4be25dd5,2021,2021-01-08,0f5a1494-b3ca-4532-8777-55217ec53868,81e7c995-a578-4623-93a0-bce731349a82,-1,0,12.801723070063105,0.9074850462754995
67194aa3-fe06-4fc0-8464-8747698be98a,2021,2021-01-08,06cde4eb-c418-4639-936e-3daf9cf03433,391a8f2e-7e33-41c3-b05a-8eaf0f2c0243,-9,0,0.17209565142468256,0.46957798508477677
6c03eecc-2afe-41ea-a63e-0e0136a67bec,2021,2021-01-08,56a79fee-eea6-42d7-b3b5-aa619168e7f2,a13cbd69-d194-4c61-a684-c8fb7beeabc5,17,1,3.933676759083922,0.6533831344898359
9d10c16b-4647-4c13-af7d-c4a0928e4344,2021,2021-01-08,57b3f53c-c3e1-4345-acf1-d392e30fefb5,5ef3daf9-ea79-4c33-82af-051ce15768a4,-2,0,-3.406646816310061,0.37161172253798946
a445a6a0-ec2a-46a4-bcfa-437ac12a74d2,2021,2021-01-08,f5575a20-19d0-45ee-b978-be17d4021703,6b306c8d-0a54-4bfd-a6b2-4e9dce397e36,-36,0,-15.561709800103424,0.045583641359956344
a8abe232-5f5a-4915-8103-502e727624f5,2021,2021-01-08,1c833156-3165-410b-8ea4-41b6d79c4db9,7c838356-4125-427e-901a-a8b36e899403,-7,0,-4.743728634724213,0.2767319014231055
ac21ac0d-998f-40dd-b432-5970243d2e05,2021,2021-01-08,6b800506-0715-4d71-93e9-8887bd0ead96,b4d453f5-49b1-4a4f-8d76-30ed0f77fab4,11,1,18.279893510798612,0.980730168194633
b027f6f7-8ae7-41e9-9f8a-168a016c6990,2021,2021-01-08,f5596042-c045-40b8-ab41-32e53c8c5ca2,bb625b21-99e6-4de0-bcd7-8e346265e676,12,1,17.323429996980476,0.9516974616217393
b542045d-6638-47ef-8e68-7dd988eae25a,2021,2021-01-08,3f7f94a0-e27a-4e82-b5d0-9098123024ec,e9ab90ad-d1d0-4bcd-b2c3-90ed7076450c,-1,0,-0.3047598635386865,0.4495740814618681
c31e20fe-c285-4f26-86dd-2ef63c0c1b08,2021,2021-01-08,e6abc32a-c68e-4ea2-988d-1737d7ebfd4c,d67d284d-01be-4022-bef1-4dc3a3219c5d,2,1,10.733145958847121,0.8738677434976329
ca106e04-faf5-498b-aaeb-8c392c7b339b,2021,2021-01-08,2a24713b-eeb8-4e74-a07d-69cdfec67b7a,fbaa3865-aab6-429f-8f27-779aa41e9ae6,1,1,9.228517070591185,0.8100879278543721
d1185da5-c3ba-4298-8f93-efd1bea8f2a9,2021,2021-01-08,9b89639d-46fe-4e4e-a653-d50f1554a3bc,bd6e89c5-780b-4f2d-ab4e-08806fef5cca,13,1,16.3166384746336,0.9357940240008161
dbe0e1d8-5694-469e-8993-cc185a2ea256,2021,2021-01-08,e184b43c-a563-4eb0-97d8-e6606c94edfe,0e7751bd-fff8-4fa2-a4a4-d7dafd8f4929,-11,0,6.361968728643214,0.7661258711240743
dce2d977-5136-403e-aa95-14f8ef7bd437,2021,2021-01-08,c8552860-c6f5-4179-b43e-c55775da1d48,0ca618bb-3ba5-4356-8c01-9e5cfb52204c,2,1,7.37245780837704,0.7728500809216217
e36e863c-77b0-4937-8adf-f0dcbe4f4520,2021,2021-01-08,6a286bfb-086d-4550-9a16-151ed6ec58a2,96801e81-41ab-42eb-9726-5f240cb81f31,27,1,6.042384963438703,0.7711419149390085
01af1b18-a3d7-4e47-a1fa-b8af3076f92c,2021,2021-01-09,88b507e4-37af-4b0c-b7de-e68864346922,add66488-b462-4823-beba-4981e3cfc5a6,11,1,12.315781682659981,0.9134659839714366
02b9fa7d-f077-4ebb-ad58-8fe72d9e58be,2021,2021-01-09,06cde4eb-c418-4639-936e-3daf9cf03433,391a8f2e-7e33-41c3-b05a-8eaf0f2c0243,7,1,2.90729664980504,0.5729558975441896
0504d376-11c1-4c89-981c-ad9e5f72821d,2021,2021-01-09,f3e1a0c8-4c68-4907-93d0-69899161295f,5c08d048-2b8b-4f14-ba62-eb65192229fe,1,1,6.7286242558221385,0.7666153863927745
08e496c8-b60a-42c1-9319-fc5e54c5ffc1,2021,2021-01-09,a068e9e2-d76e-4fa3-a94b-f1f2d845b000,88c28db5-60be-4385-8263-91e66e360407,-3,0,-0.6024153621163494,0.467656370933284
09df6e7c-13a0-48c3-a8af-0d24793c8b34,2021,2021-01-09,3430a126-cdee-483f-87c6-4ffbe51d0170,98f9a7be-62b0-4061-8581-26e893126aee,-1,0,3.798910314131581,0.6355229659686807
0c4870c0-277f-4a92-b56e-712de3d00aa0,2021,2021-01-09,c76af57c-a3dd-470a-8f02-e61a707c7f55,db815d0b-90db-442a-bd3c-358f64389ce0,-18,0,4.5447653907717935,0.6956472388931616
0d2b5ac8-7981-4bea-834c-d1cbbf6723a8,2021,2021-01-09,864ea5b8-fceb-456e-9434-d7b7a0170357,a0942322-0725-4156-a535-e621d291382c,-3,0,-8.366825636272951,0.31054860913356236
0d3836a0-0045-4329-b78b-c3283684ce60,2021,2021-01-09,71111d59-04ba-43c8-8c36-6303a4242bc9,a90b7bea-0089-4676-8695-8e71d497e83b,20,1,19.51389776333278,0.9796788598328907
15a6afaf-3546-463e-b589-a5b5438bd354,2021,2021-01-09,6ef12ef2-4196-48f1-9341-3d9e2a4bc359,29d731c5-9b13-44fc-a6f6-34f532cf02fa,1,1,-5.29610595221042,0.2598702646548165
17a444be-cea9-42b2-8822-aff36c9d8f04,2021,2021-01-09,9ded2a57-a14f-4961-ab3b-efca70d91b7e,9a4cb8a6-1c95-4ac2-8acf-2d47cead4af7,20,1,12.980305178246969,0.9147348893865658
18d7bde2-248c-48c0-9e25-ae5403dc54e2,2021,2021-01-09,0f5a1494-b3ca-4532-8777-55217ec53868,81e7c995-a578-4623-93a0-bce731349a82,17,1,13.265185358215632,0.913956319298217
1a7337b1-ba69-4878-8cef-f88f8dde3e8d,2021,2021-01-09,d7ae1172-7174-4b23-864e-b95c3dac4ee4,31fed56a-3c76-439f-b5e1-27215eebf2d7,-5,0,10.132682291843567,0.906442010996356
203fffd6-e7f8-4b3c-8694-82087f93985a,2021,2021-01-09,fc2ab8b9-b25c-46a3-81e7-a6abf8ffedad,7762910b-d109-4bc1-9bcb-67979c692279,-6,0,-4.707554205536719,0.3601177221694611
20f9a476-a3fa-4a6b-9117-36d6f864895a,2021,2021-01-09,1f5cd38b-8ede-4730-82a5-cab59b37dc50,9a4cc655-94cb-423f-8249-a9cc2637eb22,4,1,7.011273336770491,0.7901942567519445
227a600d-0bcd-455e-9aa6-2c8f8ec6e769,2021,2021-01-09,ec88e63f-bc10-42ce-85e4-e0c498a1d450,ab3af85c-525d-434a-95d6-fcc4a957eff7,-3,0,7.124010981059315,0.780683017452445
2a1a2ff6-e76d-4971-a4ba-1544d83deaed,2021,2021-01-09,6c9cd4ee-eb61-4ac8-aec4-24e5ff6c7409,79c95d32-81a3-4876-a67e-d05c472f970a,16,1,19.88448549732471,0.984599558448736
2af64e76-e525-4286-a18f-c9a44bf7b519,2021,2021-01-09,5674afbc-6b30-4a05-927a-54e7f8738250,fc86f8b9-5e54-4f2a-af3d-e48ecf83543e,-11,0,-6.526099550265413,0.26089093488107185
2f4ee226-e352-419b-862d-5609f40679c1,2021,2021-01-09,c6b5e189-79b5-4b48-9cb2-4f886c6004b8,2f742ceb-17ab-4e32-864c-437353b864ac,-27,0,-13.199419471020036,0.10377747934499255
30fb13b7-7af3-4f1d-8c05-5b738d63af7e,2021,2021-01-09,97af561a-907a-4616-9013-45a60140ff7b,28e6307f-2240-4931-9ba2-9e19e9e41214,-6,0,-5.581201032562794,0.3076339540337067
32b38cbc-b71f-4a8f-9991-01a4e4b90270,2021,2021-01-09,9b89639d-46fe-4e4e-a653-d50f1554a3bc,bd6e89c5-780b-4f2d-ab4e-08806fef5cca,15,1,17.07380253263389,0.9592063626868875
33a48b70-beb9-466e-8f58-97c637b3b120,2021,2021-01-09,af41eb94-4a15-40c8-aec5-4bc9d72db801,6d66d3c2-401b-4192-9132-138219cae626,-15,0,9.795034015930197,0.8697832515694668
33cc85ef-02e1-42bd-bef3-360c62043b72,2021,2021-01-09,b027da3b-02b3-4b06-8d11-4355379c190b,70f9ea29-5535-4360-a3d6-3390ad8ff0ff,-11,0,-2.8927660443453407,0.3580673053572445
3530f068-44b6-4dab-b2a0-011b8cee704d,2021,2021-01-09,663c15de-2cf7-4168-8027-739db580bf6f,3ba902c7-2efa-4126-94ed-50c44b1d6904,9,1,1.3847650718498923,0.5489371175051149
38abb6c5-d215-4c6e-a621-e6ee85fca9d7,2021,2021-01-09,09041490-ab7d-4030-827e-618471802c87,eda9532c-47de-441d-9f85-fbf7daf82acb,-15,0,-8.569829146256314,0.1862509334341552
3f04db95-8892-4210-bf73-31e818d917c2,2021,2021-01-09,a2efd3f2-660b-487e-b25d-31519e7b6064,f74ac72c-18ac-4485-96b9-da12f2d6d2a6,16,1,3.3279281726927286,0.6631827628823171
4314a818-142b-452b-a210-f1841403ca5e,2021,2021-01-09,d4e88ce6-548b-4552-a74a-bc1ea7481431,778d14a6-8a28-49c3-ace7-8f277bc67e86,5,1,-3.67889310616898,0.3174591363643412
4e64a383-7dec-437f-8d06-06a69c785338,2021,2021-01-09,15ea3800-14b2-4e3e-8a6d-e9a6490fc965,407824c5-1c41-4866-976d-ae32fddf4868,21,1,27.767201698219864,0.9873160657072699
4e865132-b2a0-42b6-b0ed-87208ed641f5,2021,2021-01-09,f5596042-c045-40b8-ab41-32e53c8c5ca2,bb625b21-99e6-4de0-bcd7-8e346265e676,4,1,17.13240644615326,0.9526606547230042
5414d01d-91ea-41db-aff2-9c435ba6531b,2021,2021-01-09,fdd20a72-c679-47c5-b98d-7bbdc6be2ae8,bb8be7f3-4f59-44e8-864e-119e0b8c18b6,-2,0,3.706969045483128,0.6703769828372663
550cf337-fc69-4bf2-a5d7-a21550295949,2021,2021-01-09,19a55d43-b24a-464f-b974-586d0ca1325c,0edaf6db-0520-4ebe-aff1-e6a6521a42f5,9,1,5.137466877856283,0.7044868754845965
577dc818-b36d-49c7-926c-0ce1dc9ac495,2021,2021-01-09,cc6f95f5-bb00-4211-89af-a4d26b18dc0b,2fb5419d-1828-4c58-92b0-39fc3073197b,-12,0,-14.52328670960003,0.04801007063880959
586c094f-7316-4649-a920-a1487e0d4835,2021,2021-01-09,9b5c6906-1c60-4032-9d9c-b47f0d65ffb6,ed8cb4c0-c6d4-4461-be8c-ecf8fe13668f,33,1,6.7865599497376525,0.6677200026529645
5907dd59-af3b-49c1-969e-bb6a27778595,2021,2021-01-09,6a286bfb-086d-4550-9a16-151ed6ec58a2,96801e81-41ab-42eb-9726-5f240cb81f31,4,1,7.250587008662649,0.7815788197501393
63bdad17-54bc-45c0-b120-05c89254786a,2021,2021-01-09,47d95961-3d47-4d0f-815c-ed002986e9af,015a331c-b317-4974-afdf-1d3940b8e31b,9,1,1.2643717871983273,0.5306127098053183
66fffcc9-6c22-438d-b879-1081ed09b39c,2021,2021-01-09,066a8484-fc6f-4b34-a34e-12b5a0ccad51,89842734-b541-434c-9195-ca36a4f9ac31,-6,0,1.58594236851605,0.5389130974113908
674bf5be-842f-40c9-8989-ffed1bceac59,2021,2021-01-09,043f7037-fcb6-454b-9a9f-a594935d08e4,dfc69d97-4abe-4ae0-b091-329cef3c70b0,6,1,4.338697801004669,0.7364821942801839
716115bd-c2b3-437f-b69b-a52e732c1d00,2021,2021-01-09,a33a65ab-deec-4f5e-bf8d-b665170497f2,153596ed-3c7a-404c-b510-15a532386899,-5,0,-0.37016558875546524,0.5009009700134678
77d329a0-4663-45c6-a10d-6f409fe7b22f,2021,2021-01-09,840b9de7-98d4-40aa-a950-8449a61d7408,b7f1c2f4-6663-4bc1-b876-e5f847662b75,-18,0,-15.74757906056482,0.04545596298577198
7d5a42a4-7368-4070-b991-7904c89ca22b,2021,2021-01-09,c9a13806-ceac-4436-87fa-6d19c5d3b834,4a06993f-d792-4e09-941b-89a318b29c41,-3,0,3.7431666771902328,0.6685373645373291
7eb3483c-519e-44e4-8da1-12be917047d0,2021,2021-01-09,a718200e-3c95-4e78-bc52-6d49f14c042f,af4cd665-b16b-433a-98b4-bc859c73052e,-5,0,4.318269896845895,0.7435927577888646
85445ce3-576a-41a3-b682-4b48b6097b89,2021,2021-01-09,c8552860-c6f5-4179-b43e-c55775da1d48,0ca618bb-3ba5-4356-8c01-9e5cfb52204c,-2,0,7.098584784920076,0.7688773982388687
88d85940-8aac-4a70-a307-d6eff9f1a37c,2021,2021-01-09,a4954c6c-2e69-4e49-b1be-c644601316d2,a6d03753-cd42-45b7-bb87-6739693b2f19,6,1,7.395335447629076,0.8203321082324607
8a846dbc-9938-484b-9fb7-bf9576bfddb0,2021,2021-01-09,4ea3ab1d-d0d5-4c9c-9a61-71a678342af9,82ef743e-9bd4-4c80-a4ab-5e3ba42e84df,-16,0,-11.78515693107354,0.09121254783345116
8c580006-6c49-46f1-bb50-8efdaf4a2c04,2021,2021-01-09,9f2f419d-e3e3-487e-ac82-4bf10a2b7d06,e4353941-7ec1-44f7-be8c-925b3fd274b1,-15,0,-7.8934090747512045,0.17083084506251828
90028768-a039-4cc2-857b-0f5a791fba8d,2021,2021-01-09,5d3a1c04-727a-44fa-990d-231f8bf3b6e0,0877aa4c-b7a5-42ae-b49a-14eee0c2d037,2,1,-1.5020690879797955,0.4390521036246346
9b5724ae-ce7e-47a7-9cc5-d6b84681249d,2021,2021-01-09,35ca9192-f3aa-4b7a-8f4f-b9ee34e646d8,a7f9d3fb-5741-4a3e-8505-026b862ce855,9,1,0.12510229940411502,0.5076575577591796
9e193981-4e17-42c1-aec4-21a4a9336e2b,2021,2021-01-09,8ceea299-77dd-44da-9ea2-e67e2b224bfe,655e3157-6c29-45bb-9810-eefc2a0d509b,-28,0,-5.543766641678832,0.29175844670832535
9ebbfd54-9854-48fd-92c2-5ac6f821a016,2021,2021-01-09,910d5e81-1944-4780-9aeb-883182d61f8a,6d3ad5c0-7493-4b78-8c6a-dfaa0ae9bd2b,3,1,3.306833427116306,0.6751269810447342
a66adce4-0c13-4b70-9891-36f9c66464be,2021,2021-01-09,79e17be8-1403-48c8-b264-4748e43d8e8f,22cc3729-2c6a-46eb-a661-6aa2e4d614a3,-4,0,-2.5921403035292916,0.3972100945301134
a79dc6f4-a468-4f9c-8892-2f5a07a7d100,2021,2021-01-09,7bc520ba-ad37-481d-bf32-21fd30db278d,efbf7b44-08c9-42ef-949f-9b2ec88fe96f,12,1,-8.585207222753782,0.12320464536313447
a8ed62a3-d3b6-4d31-a8c7-b96b8787981d,2021,2021-01-09,28fca8fc-b927-47d8-b900-d08b656fc31d,ec1ed234-8d20-4e67-801f-337e542c0916,-13,0,-5.129825906132254,0.2888022403472412
aaa7403c-e8fe-484a-85c9-86c5d086a027,2021,2021-01-09,0ded5c5a-c875-4cab-b9eb-ba50f34b6f0e,6f11a51a-1a8a-4212-9e1e-14660575c751,-3,0,7.441724057229291,0.7629044594928379
abc001fd-66d9-42a8-9b13-49959c7a71dd,2021,2021-01-09,d82db419-c4a4-4310-8c3a-84bc0542041a,39ca9310-2efd-46a8-95b3-c8d65343ffa2,14,1,5.426530114203431,0.6951720118548298
af427285-08c9-49c5-8cbf-a932148d7ba0,2021,2021-01-09,2fb35c54-8f82-4531-86da-4f01cc0f9cf3,118354ec-fd34-4152-9760-dfed9430b49f,10,1,11.714638427437881,0.9027022799879014
b068616a-d2df-45dd-9cb8-917037d4aaba,2021,2021-01-09,2a24713b-eeb8-4e74-a07d-69cdfec67b7a,fbaa3865-aab6-429f-8f27-779aa41e9ae6,-2,0,9.096855946754447,0.8152822424893319
b676e821-d854-4c76-808e-77791ff4f033,2021,2021-01-09,3d1c995e-040f-4e4f-84ff-f68fdad5ae74,c03bf34d-cf8b-43da-883c-63212ac85d42,29,1,13.055606986230247,0.9013872301179713
bad22717-ee27-44ed-9107-b19f67fb4ccc,2021,2021-01-09,56d96aac-d4d5-491b-a3e3-da2b2a39e261,b279d0ab-6fc5-4502-9d4c-8eb065752d95,10,1,12.145169512430439,0.832879707281365
bb157799-3738-4de8-8143-0ec8c6e931b4,2021,2021-01-09,393424f4-5631-41bb-9925-f6ff431cfa34,c0a097f6-0d58-47f8-aa7a-6eebdadedb22,-2,0,6.467528517940882,0.7697325749657212
bde3dcfe-c6c7-4a41-b871-0c4e66e09b92,2021,2021-01-09,091152bb-d0ed-4dd5-8b1a-201f53945a40,90c24aef-e6b2-4203-8a3e-243ff680b3c3,11,1,2.551304889460102,0.5993868978602122
bf0d4536-0902-476e-a0e2-1febf65a353f,2021,2021-01-09,e963123a-d677-4acf-ac24-9e0bbf199293,8870b73d-31e2-48d2-99b8-bf750c8cb9e1,5,1,-1.7854080103207965,0.3821482560848804
c138b948-ee20-4208-8ab2-ab9e8bcaeaf6,2021,2021-01-09,1c833156-3165-410b-8ea4-41b6d79c4db9,7c838356-4125-427e-901a-a8b36e899403,8,1,-5.5618098190277,0.2952271761959336
c1482acf-594d-48c8-9537-4e0cb49bd735,2021,2021-01-09,bb66865f-a1de-4b72-ab9b-65e3f6bf5317,60572384-23ce-4f11-a5a4-237b9e9088cd,-28,0,-24.0898819159373,0.032462281660509
c1f68c83-f237-4f45-afab-66b83e839964,2021,2021-01-09,18cfad04-c27c-45fb-ac76-6a19e57ea922,312a2f51-9f81-43c4-8a40-680e9596a196,30,1,11.904538870188903,0.9046661681639326
c2f67bea-64dc-4fa7-9cc6-86022df595f5,2021,2021-01-09,1b0747e9-4222-406e-b8c0-c34ca2f87eaa,763f60a9-832f-4cde-b69f-33db7addad25,-14,0,1.4966265942363377,0.5222441162908084
c327193d-e81d-44c7-a542-38559e9fb4ae,2021,2021-01-09,f141277f-bb0f-4c67-a2a8-d75e65f9bb58,6ed80bf4-9f2c-479d-b24b-cddb4ca6675f,-16,0,-8.664930848184312,0.1893954376874862
c94d1160-9602-43e4-af3d-9b09f6fbb117,2021,2021-01-09,418b21e5-7710-4e33-8bba-6fba764d7962,6e833acc-a13a-4959-bac1-fbd2e6be20b1,29,1,23.682349074099303,0.9813268794551337
d0041ab4-3f01-4a79-91f4-d385fd3bade2,2021,2021-01-09,ad1c4459-ab7e-4b35-aa93-85c1630c6cfb,539b6837-bb92-4554-91a0-8f0d949d8b0f,3,1,10.483450204941198,0.8630079389826656
d0b9952b-9ce4-499b-a5fe-2421cf66ecfc,2021,2021-01-09,1dcc19aa-e509-4cc5-93e1-29c1a093fcd9,6d2ae003-7cee-4a99-b121-1c27fe92e96a,5,1,3.3739245778353077,0.6572894366225973
d24fa755-0902-4617-bab8-ea71b1516bc1,2021,2021-01-09,6dd43d39-7fc6-4bb1-8e18-9f7214921d79,65a307ba-6078-40b4-8bc1-1f5f541185cc,2,1,11.424542311744238,0.8947801491849622
d480f720-4cd9-4600-bd63-20a2f7d76680,2021,2021-01-09,d060a457-6325-4436-8b0c-e45c7cea013e,bb1da9fa-7bba-489b-8fe0-96fa412241b5,-2,0,5.547035746978805,0.7231813836394774
d8907cce-c70d-4175-b698-919571edc230,2021,2021-01-09,b5902d34-0cec-4f71-abdd-8eef757b4f9d,7497b121-940a-4021-ad6d-b2d8569a97db,-20,0,-0.262787064235784,0.4981544405503441
dbfecb6c-6b41-4c27-a8e6-e5555ede705c,2021,2021-01-09,f445b0db-d21a-4072-a2b8-e50c33f349fd,5cf12fde-f3ee-42c2-be66-d7a7f79401e9,-14,0,-8.945974874491348,0.15633708278929961
de1d5053-90e9-49af-9253-4a41196f3c51,2021,2021-01-09,a4527c7b-f261-4b8d-91ed-120ffb1cbba9,9d171f52-bd82-40e9-a2e6-5c7b74a43355,12,1,16.73353817867898,0.9742844830320664
e1be555b-93c8-400a-bb6c-20db90f9a736,2021,2021-01-09,57b3f53c-c3e1-4345-acf1-d392e30fefb5,5ef3daf9-ea79-4c33-82af-051ce15768a4,-6,0,-3.568152456906218,0.3845694521556223
e8970c98-ed6a-401f-b4cf-7a68164c548a,2021,2021-01-09,d748b419-f41e-4b46-aff6-ce66b3442549,03b9b8ef-ee62-41e5-8ba6-9845ca44dc4a,-12,0,-8.868512328828057,0.24470091202836744
ea1552c3-8a4e-49ff-95a9-14070ebec861,2021,2021-01-09,afd0bd2f-740b-44d7-8be1-cb790093f9bd,7ba7ec2a-91c9-4856-bc4a-1b75f450061b,-3,0,6.479746464116684,0.7493413087112261
ea8fd68b-d7b3-4dea-adad-ec9163c70e39,2021,2021-01-09,71ce4b4a-9645-46f8-9879-88330df117fd,f4293af4-22a8-41f0-92c5-b4453f0088ba,-4,0,-1.1545820825685817,0.4611316882166927
ece2c053-5230-481f-a804-d690e6d60dae,2021,2021-01-09,c495ddbc-3e45-4407-b7fc-b5a98991f77b,e4a5755b-3279-4861-b19a-6a7d500c6637,17,1,8.238367582839217,0.7782782472010252
ee0e6a1b-ed83-4329-b33d-d7be6fd88b27,2021,2021-01-09,e6abc32a-c68e-4ea2-988d-1737d7ebfd4c,d67d284d-01be-4022-bef1-4dc3a3219c5d,14,1,10.78107170590336,0.8742386097541793
f29e4c02-3751-4132-83f3-0c6cb3a53947,2021,2021-01-09,e9e62a4d-2506-411b-937f-e8afdde25d61,0332dc1e-1ed0-4388-ac2d-a566c094f746,3,1,3.263273675859595,0.6835834659906812
f2faaf2a-d006-4628-a56c-ef0e3d5e49f8,2021,2021-01-09,d9ee64a0-7aab-47e1-b2ab-9018c4bfeda5,d9734c47-4710-4741-aee3-f1b78e2c7494,15,1,2.310984654786694,0.5656783853895146
f3cbaf26-452e-4b65-a9fe-adca4af69a0e,2021,2021-01-09,e7739ef6-94c9-4206-be27-00d9c5e52ed3,20c48cdd-dd4d-414e-bc3d-7ee42d9f47f0,22,1,8.723161167613291,0.8156273828554871
f5608e72-ec45-4aa3-9de1-6825df66e02f,2021,2021-01-09,962b3e60-24df-4af4-82d2-3a9c8442765b,a542240d-13f0-4c97-8c81-319e88fd0a4b,-9,0,-7.632996902727603,0.18155887228932738
fff3903f-3122-4580-83c3-71100046a3c9,2021,2021-01-09,e687ef09-eee8-4a26-95f0-6f5cd1505777,9c98b7ee-2363-423e-a125-1783389ac0d7,11,1,4.206755271701126,0.7103577399969717
00e42819-a066-4d6e-a02e-ca099ce04eb9,2021,2021-01-10,71ce4b4a-9645-46f8-9879-88330df117fd,f4293af4-22a8-41f0-92c5-b4453f0088ba,4,1,0.4125147967347829,0.5307151402184632
07a3c4d9-e8d6-4852-b13f-b5a471516202,2021,2021-01-10,28fca8fc-b927-47d8-b900-d08b656fc31d,ec1ed234-8d20-4e67-801f-337e542c0916,-10,0,-6.880254046605534,0.2646900703363716
2689466e-2db0-42dd-9cdb-eba317099a3c,2021,2021-01-10,d1f54cdd-6d42-4df8-ae4b-e74ee175e8ea,aac9f779-7e88-494c-86d3-09b2e9b47e39,5,1,-7.688793830833641,0.18640770417200625
34b36a62-4bbc-46e3-b0ff-ea1efc7521f4,2021,2021-01-10,47d95961-3d47-4d0f-815c-ed002986e9af,015a331c-b317-4974-afdf-1d3940b8e31b,-17,0,0.6103906396526554,0.48291776046801504
36ed45cc-a18f-4e18-815c-5f8abde761b7,2021,2021-01-10,6ef12ef2-4196-48f1-9341-3d9e2a4bc359,29d731c5-9b13-44fc-a6f6-34f532cf02fa,5,1,-2.4352943995428644,0.32785232215299825
3b1c38a0-cabd-47e1-ae4c-f24020a9a993,2021,2021-01-10,a2efd3f2-660b-487e-b25d-31519e7b6064,f74ac72c-18ac-4485-96b9-da12f2d6d2a6,10,1,3.445838057795099,0.5990273015631375
3c92b545-f59c-44ef-8167-98a753f1fc1d,2021,2021-01-10,b9a980be-8e9f-43c2-8ebb-aff1b8f682df,be962bf1-1af8-4d6e-b983-d820cbae2dba,-3,0,9.145636499659231,0.8051457794164846
4043bb7d-4529-46db-8e37-21ffdc69bf14,2021,2021-01-10,8155a0ac-2183-484d-8689-b0855690cf48,40b1411b-d25c-45c6-a6e9-b4636de2b348,2,1,13.727085052170576,0.9026870106259827
4d00f32b-dfb1-445a-aed7-87f4b7e16484,2021,2021-01-10,35ca9192-f3aa-4b7a-8f4f-b9ee34e646d8,a7f9d3fb-5741-4a3e-8505-026b862ce855,-5,0,-0.004978015392286195,0.5462363177463784
599ded81-289e-4f07-8468-b98abf6f7bcb,2021,2021-01-10,c00c03b9-1bdc-4cb6-9896-c210e9ebf208,d6262d9b-c701-4974-afbd-ef478e74fe8b,-8,0,-5.239910998861205,0.2786017901932762
5ad5463b-16f0-48ca-8752-2eb1d8d110da,2021,2021-01-10,56d96aac-d4d5-491b-a3e3-da2b2a39e261,b279d0ab-6fc5-4502-9d4c-8eb065752d95,8,1,12.014091725214229,0.8267427789290337
6bdd15a9-b949-422a-ba1a-3e6032a5f48f,2021,2021-01-10,3ec8f5d8-3b24-42f3-af4c-a96a1f5f3a4a,d075203a-3279-49c9-b79e-ddf5a673fdfa,1,1,1.2565792555978799,0.5848297149817158
6be2311b-de76-4f9e-b1d0-62fe5901eefb,2021,2021-01-10,28164465-b0c4-4d92-b609-51debab55256,3e3fb5ce-40b0-4813-9880-afe0fd6fdce3,8,1,7.186112669451642,0.7654547558782978
73cac59c-6553-4f28-90e4-01db2deb7d4a,2021,2021-01-10,5d3a1c04-727a-44fa-990d-231f8bf3b6e0,0877aa4c-b7a5-42ae-b49a-14eee0c2d037,-8,0,-2.602857833895325,0.4249269756672412
741ba255-c2fc-466e-9647-afd3fe394acc,2021,2021-01-10,fc2ab8b9-b25c-46a3-81e7-a6abf8ffedad,7762910b-d109-4bc1-9bcb-67979c692279,9,1,-4.313013666054496,0.37881139617626264
822948b8-30a0-453a-b1ae-1526e6636db8,2021,2021-01-10,b9939a4f-3583-4099-a977-cbe1cee7f252,7641ced1-436d-4cca-aef6-214829898d2e,15,1,13.19288911714608,0.9257863960530627
9e6a4044-69b5-424c-8cf7-834ade8e49ca,2021,2021-01-10,09041490-ab7d-4030-827e-618471802c87,eda9532c-47de-441d-9f85-fbf7daf82acb,-2,0,-5.685037706773242,0.28865392493202274
a21baace-19c7-46c9-a414-884373d10425,2021,2021-01-10,19a55d43-b24a-464f-b974-586d0ca1325c,0edaf6db-0520-4ebe-aff1-e6a6521a42f5,-4,0,2.832538986794602,0.5358812319023348
b867e66d-ca67-4ce5-bc7f-5aec9c5619ae,2021,2021-01-10,f141277f-bb0f-4c67-a2a8-d75e65f9bb58,6ed80bf4-9f2c-479d-b24b-cddb4ca6675f,-40,0,-10.785956153754839,0.17902523267082107
bc7b89fa-fcee-4bb1-ba6c-cd0a662961ee,2021,2021-01-10,0a452dfe-75eb-47fa-8dae-92da3589f9e1,69adf56f-3e48-489b-9508-454a85767e9e,14,1,7.400245691086454,0.7791391199428904
c9d52bcf-154f-47fe-9640-42bf1758a0cc,2021,2021-01-10,18a7cc66-39df-49bf-b51c-0cbdd36426b2,37642fa1-3eb0-4eef-8973-ede3736321db,6,1,-0.19518927938054853,0.512759097221811
dc0703d6-9655-4f68-93cf-b650e3e5602c,2021,2021-01-10,9f2f419d-e3e3-487e-ac82-4bf10a2b7d06,e4353941-7ec1-44f7-be8c-925b3fd274b1,-20,0,-7.248228698105533,0.1751738209229865
01068b24-e228-4ae1-8d82-624ba74ff7e1,2021,2021-01-11,066a8484-fc6f-4b34-a34e-12b5a0ccad51,48ca0d7e-2fa2-4fe1-9469-069d9fbef3a1,-7,0,-2.8968668890934453,0.3285415729024745
20ded564-f324-477d-b03b-b26fab04cc47,2021,2021-01-11,9c02ba5f-0fff-4649-aa68-3daaefc3de96,38c4b228-dd15-4b05-bf9a-6e01fad39132,6,1,-2.261216111510453,0.41054772383695565
7cc7e96f-afbc-4c30-a2a2-1f6eb12ac1f0,2021,2021-01-11,18a7cc66-39df-49bf-b51c-0cbdd36426b2,37642fa1-3eb0-4eef-8973-ede3736321db,-2,0,0.9678302738998826,0.5760144625953977
c4b657f2-3f84-4d72-9ad0-26f64880f594,2021,2021-01-11,b88cbfee-e95b-4c99-bded-c0d5d62e9e27,6b800506-0715-4d71-93e9-8887bd0ead96,-23,0,-6.93888486270062,0.2297477481129706
ccb673b4-527f-43ae-872b-d7f1656befbf,2021,2021-01-11,d1f54cdd-6d42-4df8-ae4b-e74ee175e8ea,aac9f779-7e88-494c-86d3-09b2e9b47e39,-10,0,-9.14310674122077,0.12766064377432437
0015b221-b79a-4482-a709-aa673e14144b,2021,2021-01-12,d2735ccc-baf8-4ea0-910b-fe1214c0e75f,4abfdf3a-98a8-404d-a53c-d4aed37d2942,5,1,9.606934246869786,0.8035927438370827
04d6fe90-ba6a-4d38-839d-be688db9d780,2021,2021-01-12,a542240d-13f0-4c97-8c81-319e88fd0a4b,224b4a01-4769-41b1-9157-4806ac21b8e7,5,1,15.900000105037112,0.9234629920735172
0983cbfc-b5c1-4c19-8aa6-25e976947c0d,2021,2021-01-12,56a79fee-eea6-42d7-b3b5-aa619168e7f2,7bc520ba-ad37-481d-bf32-21fd30db278d,33,1,22.310313922257187,0.9726818599038103
16adab15-9c2b-4cae-b74d-11bbbb7f9ec8,2021,2021-01-12,cc6f95f5-bb00-4211-89af-a4d26b18dc0b,31fed56a-3c76-439f-b5e1-27215eebf2d7,22,1,3.1065202075878435,0.6548455859457348
1934eeda-d916-4a3e-a094-e2973a69aa25,2021,2021-01-12,9a4cc655-94cb-423f-8249-a9cc2637eb22,840b9de7-98d4-40aa-a950-8449a61d7408,36,1,13.63267362158634,0.920159412359022
40e0cb73-a86e-49aa-9cce-b95f1d73a353,2021,2021-01-12,f8baf0de-c953-49cc-9127-a520fdc65e97,c495ddbc-3e45-4407-b7fc-b5a98991f77b,-16,0,-10.800883703189053,0.11817651112833819
50601c46-c1ea-453f-b1a8-fbcaa53ce818,2021,2021-01-12,7fd23de2-bd4b-4f67-a1b5-a7b146c2b64d,1dcc19aa-e509-4cc5-93e1-29c1a093fcd9,6,1,5.198648980876545,0.7440364382613972
576c69d7-5540-41bf-9965-c482fcf19226,2021,2021-01-12,778dcf04-00e0-4120-b1d6-36d83e57ad32,d075203a-3279-49c9-b79e-ddf5a673fdfa,10,1,-0.9894011600679892,0.5061193173227365
5af19fb0-f885-4124-984b-e92eaed7c642,2021,2021-01-12,5fc77d2f-aff7-4bba-bc4b-08cbef83f991,d748b419-f41e-4b46-aff6-ce66b3442549,12,1,10.125151366832384,0.843796363644119
75980e3c-f72f-4fa5-bef8-528c4f529b0e,2021,2021-01-12,82ef743e-9bd4-4c80-a4ab-5e3ba42e84df,1f5cd38b-8ede-4730-82a5-cab59b37dc50,5,1,1.944656716242325,0.6114617487510542
7792a20a-86af-48e9-a698-01eea41a0e90,2021,2021-01-12,655e3157-6c29-45bb-9810-eefc2a0d509b,e4a5755b-3279-4861-b19a-6a7d500c6637,-24,0,1.1842931831234929,0.5639972659958931
7c8df834-2963-4944-817b-d5608615c127,2021,2021-01-12,c76af57c-a3dd-470a-8f02-e61a707c7f55,1b0747e9-4222-406e-b8c0-c34ca2f87eaa,9,1,6.286665183994364,0.7377319846192067
8ac5238e-dbd1-4654-b3ec-ac5a64cc6f8c,2021,2021-01-12,9d171f52-bd82-40e9-a2e6-5c7b74a43355,efbf7b44-08c9-42ef-949f-9b2ec88fe96f,2,1,-10.945171936955827,0.08695775695086938
a100baf1-fbd0-41db-93f0-47678a174a86,2021,2021-01-12,0a452dfe-75eb-47fa-8dae-92da3589f9e1,88b507e4-37af-4b0c-b7de-e68864346922,7,1,7.086196734512245,0.7079309687762101
ba78cc4d-9280-4685-b451-0c0a959506a6,2021,2021-01-12,e184b43c-a563-4eb0-97d8-e6606c94edfe,910d5e81-1944-4780-9aeb-883182d61f8a,14,1,12.145261454789463,0.906085479356215
cc89f67c-b0f6-411c-b564-35d0f8ca675f,2021,2021-01-12,a13cbd69-d194-4c61-a684-c8fb7beeabc5,a4527c7b-f261-4b8d-91ed-120ffb1cbba9,17,1,10.443763406956522,0.878112397611124
eee61646-8058-4c18-9991-b2d3781d71db,2021,2021-01-12,db815d0b-90db-442a-bd3c-358f64389ce0,22cc3729-2c6a-46eb-a661-6aa2e4d614a3,-20,0,0.8194606472223298,0.4749752437581387
fb49ddfe-fd28-4c9b-a11b-773ffc5a1510,2021,2021-01-12,589de096-2a48-481c-9213-1de1cde104de,ab413d6b-1afb-44fa-9134-499b5b046de1,23,1,10.108267044160298,0.8344585623798153
0f962678-237c-44b5-8fb7-9f7f3fda7c2a,2021,2021-01-13,b88cbfee-e95b-4c99-bded-c0d5d62e9e27,6b800506-0715-4d71-93e9-8887bd0ead96,-20,0,-7.447789434532283,0.25888466913705266
1e42b0c7-0364-4dc2-b37f-714d8fa37b5c,2021,2021-01-13,e963123a-d677-4acf-ac24-9e0bbf199293,1450fc17-28ed-4fe1-a784-71eaa519baa1,-6,0,-9.77962539677678,0.16394792051783
38fd77ed-06ff-48dc-9966-41f3d95226c5,2021,2021-01-13,9a4cb8a6-1c95-4ac2-8acf-2d47cead4af7,f76767a6-8e9e-44e5-8211-21524f364137,13,1,3.0520859431632408,0.7087656953435686
39dedf46-b204-4ecd-b00e-d3293ad7c25b,2021,2021-01-13,7ea7c61f-1804-4780-a693-f73ac177f85a,d7ae1172-7174-4b23-864e-b95c3dac4ee4,32,1,15.019811071127371,0.9031140184577678
3cb577bb-b26e-4ff4-b928-cf8139429c91,2021,2021-01-13,70f9ea29-5535-4360-a3d6-3390ad8ff0ff,68a49c87-4220-43d5-856d-ffc0507814a1,10,1,15.904032457003927,0.9486244220561171
55984daf-d8bc-4826-838c-5277cd59b426,2021,2021-01-13,bb1da9fa-7bba-489b-8fe0-96fa412241b5,2f742ceb-17ab-4e32-864c-437353b864ac,2,1,3.0240386963830233,0.6197874204601969
7da99e15-8baa-40e0-aef1-cee510aac749,2021,2021-01-13,fc86f8b9-5e54-4f2a-af3d-e48ecf83543e,c093ef64-b2b0-4d6d-b73f-704e93170ae3,25,1,10.850270798877657,0.875419382549038
8d765ee3-2a34-4096-9643-9b7fa466a339,2021,2021-01-13,4a06993f-d792-4e09-941b-89a318b29c41,f445b0db-d21a-4072-a2b8-e50c33f349fd,-1,0,7.681740250553915,0.7769049333733021
9247d4d2-a935-422b-a181-d97572bc947c,2021,2021-01-13,b5902d34-0cec-4f71-abdd-8eef757b4f9d,02d4cbfd-8634-43dc-999a-f4d32f7f47c2,33,1,8.56631964012091,0.8395066844881259
a2f44288-611c-4f3f-b68f-15deae1ac689,2021,2021-01-13,add66488-b462-4823-beba-4981e3cfc5a6,d386331b-232f-4ecf-a546-1b84ed9526d9,-12,0,-3.373072424662336,0.3565467601890624
aed6ac53-d222-4c4d-b427-12204d05dc73,2021,2021-01-13,0e7751bd-fff8-4fa2-a4a4-d7dafd8f4929,e3763c93-ae5c-4fd1-a27f-9d171958e4cf,9,1,3.0621950873072117,0.6080996964349481
bf7efd64-7962-45df-8e02-f777483d07c3,2021,2021-01-13,2fb5419d-1828-4c58-92b0-39fc3073197b,69adf56f-3e48-489b-9508-454a85767e9e,12,1,9.4022007317668,0.8815646277914932
c2b1c63c-3bb4-4847-97e6-62a139f60165,2021,2021-01-13,bdd65ba1-f3b4-4da3-863e-1ab301468e5a,ce493494-f12c-43fb-87e4-cdd4763ea2c0,19,1,11.235160050074438,0.8826782864333224
c70a137d-9c51-42be-896f-c4756fac1137,2021,2021-01-13,28535578-a0da-4a5f-8dbf-c99868d82178,5674afbc-6b30-4a05-927a-54e7f8738250,26,1,15.6104399121416,0.9481856147477781
cada8d7f-cf2f-4564-bce5-f2b37a2d300d,2021,2021-01-13,8870b73d-31e2-48d2-99b8-bf750c8cb9e1,eae08de3-3875-42d9-8dca-09e8016dea2c,3,1,-0.11221779041185621,0.5244001939958925
cc2d09ab-1b00-428b-9633-130ba4e5cb00,2021,2021-01-13,20c48cdd-dd4d-414e-bc3d-7ee42d9f47f0,864ea5b8-fceb-456e-9434-d7b7a0170357,22,1,7.074186134227416,0.8140796123611449
e1b8efb3-3cef-4052-b5fe-9acbf6088ad5,2021,2021-01-13,763f60a9-832f-4cde-b69f-33db7addad25,18cfad04-c27c-45fb-ac76-6a19e57ea922,16,1,3.436303492385706,0.5808090757466176
e1f9f3fe-9787-438e-b055-ac7171ff86eb,2021,2021-01-13,312a2f51-9f81-43c4-8a40-680e9596a196,79e17be8-1403-48c8-b264-4748e43d8e8f,-18,0,-0.1893952744701041,0.4654084023180708
ea2bb32e-246a-4041-bce5-2ee25cdf4b2b,2021,2021-01-13,a0942322-0725-4156-a535-e621d291382c,9ded2a57-a14f-4961-ab3b-efca70d91b7e,-10,0,0.7911134039013956,0.5437158771494978
f685ea77-8ccd-4bf8-bed1-50aded5f89df,2021,2021-01-13,80a4de01-2d01-4f5f-a169-ef1375b3bb6f,7ba7ec2a-91c9-4856-bc4a-1b75f450061b,-2,0,2.18678043063345,0.5608662973640417
0ca15a8b-8a45-4afe-947e-ebc9813cfec7,2021,2021-01-14,0877aa4c-b7a5-42ae-b49a-14eee0c2d037,9f2f419d-e3e3-487e-ac82-4bf10a2b7d06,38,1,11.677306731719085,0.8817217816966009
1466d362-9b90-41ff-9e66-c1f2880228f6,2021,2021-01-14,336cf522-e130-4e26-947d-23a6b450adb6,e7a2f658-1de2-4cc0-8d28-60bb96dcb224,17,1,10.39676187897576,0.8379535688148265
14b95df4-ece9-4b46-bb90-6b50320e3cdc,2021,2021-01-14,a068e9e2-d76e-4fa3-a94b-f1f2d845b000,f3e1a0c8-4c68-4907-93d0-69899161295f,-26,0,-7.121670008247194,0.22501210881071776
1d3362b3-09da-44bb-8efe-b117deed0f02,2021,2021-01-14,bb66865f-a1de-4b72-ab9b-65e3f6bf5317,3e3fb5ce-40b0-4813-9880-afe0fd6fdce3,-16,0,-13.388323842530639,0.0706950135297053
2010fb5b-a3ba-4d66-af4a-38f93ea5e8e7,2021,2021-01-14,118354ec-fd34-4152-9760-dfed9430b49f,71111d59-04ba-43c8-8c36-6303a4242bc9,-21,0,-13.762709261907071,0.06961593412298915
2600ace9-309f-4bd9-940a-0b31754639da,2021,2021-01-14,d53017de-fb39-4d91-ae07-8c7ad76080cd,97af561a-907a-4616-9013-45a60140ff7b,11,1,14.683127856563292,0.9289908497460294
2d850286-9a75-43fe-927a-3534d160f8d6,2021,2021-01-14,153596ed-3c7a-404c-b510-15a532386899,d9734c47-4710-4741-aee3-f1b78e2c7494,30,1,8.027134893155136,0.8217035663991633
3dd8a8b0-41ed-49ce-b5c4-23bc58ec4d62,2021,2021-01-14,5c08d048-2b8b-4f14-ba62-eb65192229fe,2f3ac2cf-a76a-437a-aed6-239ac78ea5c6,1,1,11.139857791244868,0.8856690824381076
4f7bcae1-0b05-4a0e-a940-0279869aa2d0,2021,2021-01-14,60572384-23ce-4f11-a5a4-237b9e9088cd,a3b8173d-a2ea-4988-90d5-e3b32953c6c7,25,1,25.20159081701929,0.9862185856221908
6d3e95fb-ce43-4a7c-8c9b-fbc68152d7a1,2021,2021-01-14,7762910b-d109-4bc1-9bcb-67979c692279,d4c5bc9c-035c-4638-8430-5f2bddc79182,2,1,25.50810112317773,0.9821178601724887
6fee7d69-ac09-437f-8c22-9888c9707f14,2021,2021-01-14,d6262d9b-c701-4974-afbd-ef478e74fe8b,e9ab90ad-d1d0-4bcd-b2c3-90ed7076450c,-12,0,3.6619965035545827,0.7395126121827823
721dfa67-8b1b-4155-a63a-90ed018d8e68,2021,2021-01-14,09cbbea3-cb20-4e66-b03a-d5dc4cfbaef1,a471d7e5-16d8-494e-9165-a173f96f7141,7,1,-8.439945849885993,0.1159444163001541
72270e90-041a-479f-ac1d-03291ebce97a,2021,2021-01-14,fdb48dc9-68f9-48b4-bc6f-38c1be2ca041,5d3a1c04-727a-44fa-990d-231f8bf3b6e0,-1,0,1.9228332906434553,0.6513747306413367
8fe4e26c-6b4a-4ad7-9caf-07e9ebb8cb08,2021,2021-01-14,48ca0d7e-2fa2-4fe1-9469-069d9fbef3a1,043f7037-fcb6-454b-9a9f-a594935d08e4,29,1,20.167783391477723,0.9821154975510052
91465f1b-a320-4d05-841f-9969a8765607,2021,2021-01-14,0833ed3f-41b2-45fd-90f1-ea76c6f32453,a33a65ab-deec-4f5e-bf8d-b665170497f2,-34,0,-1.341655571074926,0.3962269823601559
9667adbb-e110-4e16-892d-166f572c8fc6,2021,2021-01-14,bb8be7f3-4f59-44e8-864e-119e0b8c18b6,ee325f67-4aec-4ddc-9f98-cb4f65a3ae64,7,1,1.4494496534961343,0.5192322803605617
97a13c5d-0c5f-4bfe-9c7e-6eb6684f5cfc,2021,2021-01-14,a542240d-13f0-4c97-8c81-319e88fd0a4b,dfc69d97-4abe-4ae0-b091-329cef3c70b0,27,1,26.753976658583245,0.9909024143855577
99a822fa-ea03-428f-9e1c-216099f96454,2021,2021-01-14,b0218bc9-d3fc-4819-9114-7868e6286a35,afd0bd2f-740b-44d7-8be1-cb790093f9bd,-24,0,-5.517817102487357,0.2966527349384766
ab2b2bd4-a493-4cde-86ee-c81e8d0efe4b,2021,2021-01-14,cb06302f-f822-405d-b3b6-f60e377cb18d,6c9cd4ee-eb61-4ac8-aec4-24e5ff6c7409,12,1,7.621957425748064,0.7285921456084232
ad993f51-1adf-4048-89e7-3f0bb4c35526,2021,2021-01-14,56d96aac-d4d5-491b-a3e3-da2b2a39e261,fc2ab8b9-b25c-46a3-81e7-a6abf8ffedad,11,1,19.041938507832366,0.9651541404147005
c998c733-bb84-4a15-a5a2-9a89da6deb10,2021,2021-01-14,066a8484-fc6f-4b34-a34e-12b5a0ccad51,d9ee64a0-7aab-47e1-b2ab-9018c4bfeda5,14,1,7.9188334131836235,0.769803774419101
dd1eaf4b-360f-46d7-9d14-2cad32e21fbb,2021,2021-01-14,393424f4-5631-41bb-9925-f6ff431cfa34,606739b3-e8e7-44ed-9240-a2e69bae9106,-10,0,-3.8047988081871993,0.3191573685482975
e6955169-afe6-4cdd-8c61-8d6a42c86ac5,2021,2021-01-14,6b306c8d-0a54-4bfd-a6b2-4e9dce397e36,6dd43d39-7fc6-4bb1-8e18-9f7214921d79,12,1,0.9801925434158303,0.4738481744063736
f9e074c2-49fd-4381-89b2-fb3f197feb67,2021,2021-01-14,79c95d32-81a3-4876-a67e-d05c472f970a,fdd20a72-c679-47c5-b98d-7bbdc6be2ae8,-20,0,-9.947821959469048,0.16249310759716273
0e8cf6c3-0563-4030-96a0-2025d50cdafb,2021,2021-01-15,39ca9310-2efd-46a8-95b3-c8d65343ffa2,a4954c6c-2e69-4e49-b1be-c644601316d2,9,1,1.3958858533657277,0.5379708345511562
14db4e0f-3707-464d-b0b8-fec231086fd7,2021,2021-01-15,09cbbea3-cb20-4e66-b03a-d5dc4cfbaef1,a471d7e5-16d8-494e-9165-a173f96f7141,-9,0,-8.756344997476457,0.16515679727607338
1e78fbd0-9a27-431d-9bd7-a3575ff3e3a0,2021,2021-01-15,f74ac72c-18ac-4485-96b9-da12f2d6d2a6,97b331d3-f682-405e-b55a-791cbae25dc0,10,1,3.1294002247114725,0.6728452925444791
231eba91-4065-4880-87e0-a1c2baec5007,2021,2021-01-15,65a307ba-6078-40b4-8bc1-1f5f541185cc,0a90783a-38de-46db-ac4e-70329fd95b95,16,1,8.19483865476209,0.8358259566304796
2365d77d-6575-49e9-9fc6-c42211f3808d,2021,2021-01-15,0bbcc1da-f270-44fa-bac0-cdc703144c9a,e3763c93-ae5c-4fd1-a27f-9d171958e4cf,14,1,8.008717836217114,0.827427286511624
318b7f13-ab7c-4d6d-a848-6df2d55f64cd,2021,2021-01-15,af4cd665-b16b-433a-98b4-bc859c73052e,1c833156-3165-410b-8ea4-41b6d79c4db9,11,1,7.794894601982825,0.8122310955801231
33b3e5fb-bb6c-4da7-b129-83e887b9cf96,2021,2021-01-15,a718200e-3c95-4e78-bc52-6d49f14c042f,77cf4e5f-d8b0-4af2-bdbd-162e845fabcd,8,1,4.4416196185973025,0.7320936953310804
3676c16f-9f05-467c-85e2-bc8bddc10c30,2021,2021-01-15,c495ddbc-3e45-4407-b7fc-b5a98991f77b,655e3157-6c29-45bb-9810-eefc2a0d509b,-7,0,9.168438702136834,0.8500559218885736
367b1d31-e39d-4741-aee3-dc59d1488947,2021,2021-01-15,b027da3b-02b3-4b06-8d11-4355379c190b,ab413d6b-1afb-44fa-9134-499b5b046de1,-6,0,-0.4084569924812829,0.5053873938153856
4c610919-9c6b-4fd4-859c-d257664444b7,2021,2021-01-15,bb625b21-99e6-4de0-bcd7-8e346265e676,755f4f60-e8ea-4b47-bc85-0014523f73aa,30,1,7.006485224187359,0.7444898902828104
4feef1ab-338f-4d83-a735-3d5f586730fd,2021,2021-01-15,ab3af85c-525d-434a-95d6-fcc4a957eff7,eda520a3-8273-4cf5-ad9b-3c26d698686d,10,1,1.2605455778697678,0.536357622052154
51b90740-c5ee-4ffd-b721-5fce10329fd7,2021,2021-01-15,778d14a6-8a28-49c3-ace7-8f277bc67e86,90c24aef-e6b2-4203-8a3e-243ff680b3c3,18,1,0.02922648893503488,0.49732213940814424
53b7073b-7661-4677-8d32-1dc426a2fdee,2021,2021-01-15,6f11a51a-1a8a-4212-9e1e-14660575c751,e687ef09-eee8-4a26-95f0-6f5cd1505777,9,1,-1.766069994161602,0.3800705997529698
5515a008-b62c-470c-9cc4-d2daa81bd8f3,2021,2021-01-15,7762910b-d109-4bc1-9bcb-67979c692279,d4c5bc9c-035c-4638-8430-5f2bddc79182,22,1,21.14128512410245,0.9808873707297363
5c9c594e-d424-458f-be6c-19e8288b392f,2021,2021-01-15,dc228f38-de10-460f-a1ce-1a5ae09472b1,9b5c6906-1c60-4032-9d9c-b47f0d65ffb6,-9,0,7.993250482161687,0.7842275675078997
64ceac59-7705-49e4-b1c2-3b967919856a,2021,2021-01-15,391a8f2e-7e33-41c3-b05a-8eaf0f2c0243,418b21e5-7710-4e33-8bba-6fba764d7962,6,1,-8.866211420697281,0.22660781837553698
6c3e1cbb-4a4a-45d6-be01-bfa10d5fa913,2021,2021-01-15,0877aa4c-b7a5-42ae-b49a-14eee0c2d037,9f2f419d-e3e3-487e-ac82-4bf10a2b7d06,8,1,8.924743296965799,0.8667999751805654
77d784ab-ee1a-4019-a08b-3a98b8748b0c,2021,2021-01-15,fdb48dc9-68f9-48b4-bc6f-38c1be2ca041,5d3a1c04-727a-44fa-990d-231f8bf3b6e0,-10,0,0.7684360688834111,0.5936795044677922
7d968934-77e7-418c-a031-69f3d71ec120,2021,2021-01-15,c1fbdd92-7438-4374-a4ca-db062202a38e,663c15de-2cf7-4168-8027-739db580bf6f,25,1,10.0833831050643,0.8644966693770343
8019b650-e191-4b37-a5a2-e4db200fb28f,2021,2021-01-15,7c838356-4125-427e-901a-a8b36e899403,ec88e63f-bc10-42ce-85e4-e0c498a1d450,30,1,11.006597036541189,0.8486983596744175
850659f7-a2e5-4e9f-8042-33413e8a4b5e,2021,2021-01-15,a6d03753-cd42-45b7-bb87-6739693b2f19,44353014-53ae-4005-89ae-a4f9fb38617b,3,1,6.743740820655978,0.7256442738912767
86e63d1c-a390-4471-a0cf-c34c139661f0,2021,2021-01-15,0332dc1e-1ed0-4388-ac2d-a566c094f746,d9903224-7c66-416a-a0f6-db933fda49e2,-5,0,14.945048359256939,0.9266729726924359
8bbe0330-f43e-4d9a-ae06-73873dbf861a,2021,2021-01-15,6e833acc-a13a-4959-bac1-fbd2e6be20b1,06cde4eb-c418-4639-936e-3daf9cf03433,-23,0,-0.7892580418633736,0.5219259198268493
931be9b6-671a-4d89-b819-e8cf2edd97aa,2021,2021-01-15,af32a09c-4079-4e21-9725-ed8b07ee5546,6a286bfb-086d-4550-9a16-151ed6ec58a2,-1,0,3.7327307722157266,0.6186409836269573
9a8b3a31-1349-4468-9987-334c1df88bc7,2021,2021-01-15,0ca618bb-3ba5-4356-8c01-9e5cfb52204c,5a2971fb-7668-4c9d-959c-3cc5eeee6791,-4,0,-2.7770870924346402,0.38583919174688464
aa29cca5-3755-408f-b5a9-7fb64c448632,2021,2021-01-15,98f9a7be-62b0-4061-8581-26e893126aee,c8552860-c6f5-4179-b43e-c55775da1d48,5,1,-1.484554470938563,0.5482972683561272
ad79f436-eed5-4fcc-9a1d-0b52e3c8cdbe,2021,2021-01-15,406e5c75-29d7-4b2a-a2ef-4cb52cf8d6fd,f5596042-c045-40b8-ab41-32e53c8c5ca2,-24,0,-6.871076084555747,0.23381082900080205
b524d073-6b32-491c-ba3b-d648bded31e4,2021,2021-01-15,56d96aac-d4d5-491b-a3e3-da2b2a39e261,fc2ab8b9-b25c-46a3-81e7-a6abf8ffedad,20,1,19.159042384290185,0.9675304993197925
c08dba66-367f-431e-aa59-dd9ece120d26,2021,2021-01-15,2da144c9-32c5-455b-b0b2-a0f505e05133,e9e62a4d-2506-411b-937f-e8afdde25d61,-2,0,10.379323911410493,0.8488820008929896
c6109ac9-f5cc-4c62-895c-ac56814a6689,2021,2021-01-15,ed8cb4c0-c6d4-4461-be8c-ecf8fe13668f,3e008047-7af0-46d9-b2b5-f6c66cab441a,14,1,5.810801877425859,0.7365104052097875
c778c69e-947e-45a3-ab57-78df1bbbe2c0,2021,2021-01-15,2f5716e4-e515-4210-ba95-863aeec7f43f,0f5a1494-b3ca-4532-8777-55217ec53868,-4,0,-11.918387555039637,0.06539327083252341
cc7ab78c-8bab-4a9a-8510-7265ed8c8284,2021,2021-01-15,a2efd3f2-660b-487e-b25d-31519e7b6064,0ded5c5a-c875-4cab-b9eb-ba50f34b6f0e,12,1,3.9420595564259218,0.7154942286686069
d1fce4d9-1fec-4b0a-bd42-7e308abb7950,2021,2021-01-15,81e7c995-a578-4623-93a0-bce731349a82,e6abc32a-c68e-4ea2-988d-1737d7ebfd4c,-17,0,-7.661266267343682,0.2411674445058054
e56ee89e-2618-4d47-b699-789ed3d5e34a,2021,2021-01-15,bd6e89c5-780b-4f2d-ab4e-08806fef5cca,224b4a01-4769-41b1-9157-4806ac21b8e7,-35,0,-13.403124317972777,0.0762915635399628
ece2c744-8b8d-4f68-86be-0201017cefd3,2021,2021-01-15,7ae4eaea-598c-4482-8e63-6e6d8c551817,3430a126-cdee-483f-87c6-4ffbe51d0170,2,1,6.516643014243962,0.7474859011737219
01ed02ed-a56c-434e-974c-898835a64511,2021,2021-01-16,6f11a51a-1a8a-4212-9e1e-14660575c751,e687ef09-eee8-4a26-95f0-6f5cd1505777,3,1,-2.4170725637095254,0.3755741876886291
01fe61f8-c2b6-4ae1-8bae-ce68dc72e866,2021,2021-01-16,1b0747e9-4222-406e-b8c0-c34ca2f87eaa,312a2f51-9f81-43c4-8a40-680e9596a196,-4,0,9.101133741006937,0.8500985085710145
0261e75f-8072-4646-8868-fe17466f1f13,2021,2021-01-16,e514e7f6-9987-4fc1-a0a9-152b9c628601,2fb5419d-1828-4c58-92b0-39fc3073197b,-35,0,-2.1480875682864706,0.38272004785952823
06a0fd83-5679-42ff-8d8b-004493065b19,2021,2021-01-16,1450fc17-28ed-4fe1-a784-71eaa519baa1,75be9823-4151-4c62-999b-0d1bd885e92b,12,1,9.009655720279243,0.8636150804954461
06cec5cd-24ae-48b6-93bb-65abf7938444,2021,2021-01-16,b0218bc9-d3fc-4819-9114-7868e6286a35,afd0bd2f-740b-44d7-8be1-cb790093f9bd,-12,0,-6.2447377602227405,0.24744073502648983
07d54498-4309-43b9-80ab-d5443c662013,2021,2021-01-16,a2efd3f2-660b-487e-b25d-31519e7b6064,0ded5c5a-c875-4cab-b9eb-ba50f34b6f0e,7,1,2.9676834917524464,0.7060260782565283
0cdbf34c-c74c-44df-9202-04373a8370d7,2021,2021-01-16,8870b73d-31e2-48d2-99b8-bf750c8cb9e1,7ba7ec2a-91c9-4856-bc4a-1b75f450061b,-18,0,1.4343558045328026,0.568509676574543
1727ec84-c54b-489e-8a41-197080153d4e,2021,2021-01-16,f445b0db-d21a-4072-a2b8-e50c33f349fd,c17206f6-29e6-4785-8241-eb88a39a59c2,-16,0,-2.6441210113951428,0.400776947056184
193c62a7-9d25-462a-b589-2a135cc9b986,2021,2021-01-16,81e7c995-a578-4623-93a0-bce731349a82,e6abc32a-c68e-4ea2-988d-1737d7ebfd4c,4,1,-7.316157104224069,0.2614897642266442
1a793d56-20c5-43e7-8c62-0e456cee9bbc,2021,2021-01-16,cb06302f-f822-405d-b3b6-f60e377cb18d,6c9cd4ee-eb61-4ac8-aec4-24e5ff6c7409,-5,0,7.27163683877621,0.7731613529087272
1c63dcbd-2c4c-4a2a-b76e-41ce34d0152d,2021,2021-01-16,6ed80bf4-9f2c-479d-b24b-cddb4ca6675f,0edaf6db-0520-4ebe-aff1-e6a6521a42f5,35,1,18.344732219580777,0.9814332875011896
20cb36de-3888-469e-9c8e-bbedf582192e,2021,2021-01-16,2f742ceb-17ab-4e32-864c-437353b864ac,b7f1c2f4-6663-4bc1-b876-e5f847662b75,-8,0,-4.776840115357014,0.32155532499571937
234dce52-38e7-4191-82a0-839fb74d890c,2021,2021-01-16,8ceea299-77dd-44da-9ea2-e67e2b224bfe,7bc520ba-ad37-481d-bf32-21fd30db278d,11,1,6.954582835266743,0.7716950016263822
2564379d-1fbe-474e-a840-ea874bc78846,2021,2021-01-16,4fe53bf9-1004-4171-b2e1-81188834c232,28fca8fc-b927-47d8-b900-d08b656fc31d,19,1,12.29427218252588,0.9259803795717292
2a008c6d-1886-46d1-af63-9654a42e7f44,2021,2021-01-16,7c838356-4125-427e-901a-a8b36e899403,ec88e63f-bc10-42ce-85e4-e0c498a1d450,9,1,9.889637499491064,0.8552340328862604
2cda9fa0-503a-4841-add1-ea6a9af0e581,2021,2021-01-16,38c4b228-dd15-4b05-bf9a-6e01fad39132,d2735ccc-baf8-4ea0-910b-fe1214c0e75f,-6,0,4.386979361231627,0.6416118481769423
2ec45e73-7fc4-47db-bdff-a0ce0bd0db28,2021,2021-01-16,79c95d32-81a3-4876-a67e-d05c472f970a,fdd20a72-c679-47c5-b98d-7bbdc6be2ae8,-14,0,-11.250771157976448,0.12201605485934995
2f3cc84f-10af-4bf7-b26b-698b0c7de155,2021,2021-01-16,37642fa1-3eb0-4eef-8973-ede3736321db,35ca9192-f3aa-4b7a-8f4f-b9ee34e646d8,9,1,8.333154156317057,0.7802641244390897
2fe4d157-36b7-453d-a8bb-465ee27b4536,2021,2021-01-16,393424f4-5631-41bb-9925-f6ff431cfa34,60572384-23ce-4f11-a5a4-237b9e9088cd,-14,0,-16.188707714848253,0.07013521712017254
30841b96-da35-4d71-b8af-a7520a9e0e1a,2021,2021-01-16,a542240d-13f0-4c97-8c81-319e88fd0a4b,d9734c47-4710-4741-aee3-f1b78e2c7494,8,1,14.124955032315073,0.9086516603978941
30d3efed-58b2-4f48-98ba-f2552512fcb2,2021,2021-01-16,2f5716e4-e515-4210-ba95-863aeec7f43f,0f5a1494-b3ca-4532-8777-55217ec53868,-9,0,-11.017683595150107,0.08666584602311347
3348504b-bd1e-4a87-a47d-c3edeb912401,2021,2021-01-16,22cc3729-2c6a-46eb-a661-6aa2e4d614a3,18cfad04-c27c-45fb-ac76-6a19e57ea922,31,1,-1.589075924378895,0.39390145004200106
3cecc6db-40ff-4fe0-b4f4-e0f9bf3fab27,2021,2021-01-16,4abfdf3a-98a8-404d-a53c-d4aed37d2942,93706eaa-57eb-4415-be8d-eab0042ce36f,12,1,11.05131063866348,0.9118142976022655
42b21008-c1d3-42ad-b356-84e799bbdf84,2021,2021-01-16,763f60a9-832f-4cde-b69f-33db7addad25,8b67941e-9cd8-42e9-94ec-60a1d10cbc84,5,1,19.226005501038344,0.963323183792602
43f2f5f7-2742-4555-9176-6b1301810d84,2021,2021-01-16,4a06993f-d792-4e09-941b-89a318b29c41,c76af57c-a3dd-470a-8f02-e61a707c7f55,3,1,-1.7832730718516658,0.46023426946759877
44c1a27d-5d87-4fc1-99c7-b1e0a648a7f6,2021,2021-01-16,bb8be7f3-4f59-44e8-864e-119e0b8c18b6,ee325f67-4aec-4ddc-9f98-cb4f65a3ae64,5,1,0.4587363693787814,0.5550655515694206
4ea600be-9fad-4d5f-bb50-c02244050ce9,2021,2021-01-16,e7739ef6-94c9-4206-be27-00d9c5e52ed3,864ea5b8-fceb-456e-9434-d7b7a0170357,15,1,10.797610698373928,0.8944435147110514
50dd7b7d-8942-464b-8f3f-e45961346333,2021,2021-01-16,136c7ecc-ca9e-456b-acfa-e4b5947012f2,f3e1a0c8-4c68-4907-93d0-69899161295f,-14,0,-5.1891969952522725,0.28132421780714306
51531442-f8aa-44e5-9188-67679a9f925a,2021,2021-01-16,dc228f38-de10-460f-a1ce-1a5ae09472b1,9b5c6906-1c60-4032-9d9c-b47f0d65ffb6,-7,0,8.135831746184572,0.8128925260246127
5472a7aa-e79f-4db8-82a9-4d4ae69c5ab3,2021,2021-01-16,539b6837-bb92-4554-91a0-8f0d949d8b0f,f5575a20-19d0-45ee-b978-be17d4021703,23,1,11.887496689744776,0.9207833580808461
5586e62a-73c2-4cbe-a027-7a5022a5ba38,2021,2021-01-16,407824c5-1c41-4866-976d-ae32fddf4868,79955c01-036a-420a-b25f-29b26f20da6c,-8,0,-0.18218343833060657,0.4934728685292201
586768ed-3e94-4f5f-8ff0-4af635d358b8,2021,2021-01-16,e4a5755b-3279-4861-b19a-6a7d500c6637,9d171f52-bd82-40e9-a2e6-5c7b74a43355,20,1,13.207215014453258,0.9425306311619227
58bda263-ee3b-4c72-8bea-258d7dae1489,2021,2021-01-16,6ef12ef2-4196-48f1-9341-3d9e2a4bc359,091152bb-d0ed-4dd5-8b1a-201f53945a40,-5,0,-3.3277982981830667,0.32760602155564533
593e9f92-b2af-4140-abdb-9d3a35b2c8c5,2021,2021-01-16,a7f9d3fb-5741-4a3e-8505-026b862ce855,d1f54cdd-6d42-4df8-ae4b-e74ee175e8ea,-8,0,-4.354653862114771,0.30621837776333655
5b250899-92df-4dd1-a1a5-93cc15a1a961,2021,2021-01-16,48ca0d7e-2fa2-4fe1-9469-069d9fbef3a1,d9ee64a0-7aab-47e1-b2ab-9018c4bfeda5,13,1,13.522855238692012,0.9123081010179366
601619b1-1aec-4849-9c38-78e60908b312,2021,2021-01-16,a90b7bea-0089-4676-8695-8e71d497e83b,53bc6533-b761-4ad9-8807-3eed852c09cb,-22,0,-11.499490137197364,0.08057150027458455
62ca998f-4894-4bc1-9f3c-5bf28960140c,2021,2021-01-16,f141277f-bb0f-4c67-a2a8-d75e65f9bb58,47d95961-3d47-4d0f-815c-ed002986e9af,-14,0,0.10078810289670845,0.4844320026024433
62ecf9f8-5401-4660-9fb8-123d866f68d4,2021,2021-01-16,80a4de01-2d01-4f5f-a169-ef1375b3bb6f,e963123a-d677-4acf-ac24-9e0bbf199293,7,1,7.847671015594991,0.8140466616141004
655aa4a3-c0bd-4122-ade7-43855b02f2fe,2021,2021-01-16,0ca618bb-3ba5-4356-8c01-9e5cfb52204c,5a2971fb-7668-4c9d-959c-3cc5eeee6791,-11,0,-4.404958442109416,0.35043653687043724
67ebef88-40ca-4f9b-a8b9-e779f2b04bae,2021,2021-01-16,af4cd665-b16b-433a-98b4-bc859c73052e,1c833156-3165-410b-8ea4-41b6d79c4db9,16,1,7.831368646749977,0.829635975545915
685e5c48-6493-48b6-90ec-5929b9931785,2021,2021-01-16,5cf12fde-f3ee-42c2-be66-d7a7f79401e9,c9a13806-ceac-4436-87fa-6d19c5d3b834,20,1,10.753073355925157,0.8880061263011993
6a7d6e06-e487-45aa-a4f2-ad318b76481a,2021,2021-01-16,29d731c5-9b13-44fc-a6f6-34f532cf02fa,d4e88ce6-548b-4552-a74a-bc1ea7481431,24,1,12.856537539942707,0.9151715278978944
6c88c9ab-26b5-4430-a237-8df8a88e3529,2021,2021-01-16,153596ed-3c7a-404c-b510-15a532386899,dfc69d97-4abe-4ae0-b091-329cef3c70b0,5,1,16.906568016837017,0.9673104679687827
6e8f4b19-8fa5-4cdd-9466-8274ed03d3e2,2021,2021-01-16,f74ac72c-18ac-4485-96b9-da12f2d6d2a6,97b331d3-f682-405e-b55a-791cbae25dc0,-3,0,2.6936582981826445,0.6678920027343253
77e40b82-8237-4dd2-adb1-d3397a42be3a,2021,2021-01-16,bb625b21-99e6-4de0-bcd7-8e346265e676,755f4f60-e8ea-4b47-bc85-0014523f73aa,5,1,5.512896751932773,0.6915144285993787
7ad763f6-b2d2-4051-a1cf-3e36df2b1fda,2021,2021-01-16,d53017de-fb39-4d91-ae07-8c7ad76080cd,97af561a-907a-4616-9013-45a60140ff7b,-4,0,11.672367138393003,0.8987329034472943
7aed0d93-d8a4-48fa-bccb-5c7145c4ec53,2021,2021-01-16,01bd3978-4bb2-4761-8b57-3b19be7a2d53,1dcc19aa-e509-4cc5-93e1-29c1a093fcd9,20,1,-2.426049523936458,0.377778180845977
7e2ab732-8dfe-4bf7-a58d-e8289ff46f73,2021,2021-01-16,7641ced1-436d-4cca-aef6-214829898d2e,589de096-2a48-481c-9213-1de1cde104de,18,1,-9.944756989415112,0.14822837735309083
7eae0545-6e88-41b3-84a2-df3f3817aaf8,2021,2021-01-16,2da144c9-32c5-455b-b0b2-a0f505e05133,e9e62a4d-2506-411b-937f-e8afdde25d61,36,1,9.791121412269478,0.8637460898228413
833ad4d6-4f2e-4449-bf17-bf160a5418d9,2021,2021-01-16,c1fbdd92-7438-4374-a4ca-db062202a38e,663c15de-2cf7-4168-8027-739db580bf6f,3,1,5.747635522037243,0.7703477398720678
83b62058-2dbd-4ac0-9d54-23e6efffdb42,2021,2021-01-16,118354ec-fd34-4152-9760-dfed9430b49f,2f3ac2cf-a76a-437a-aed6-239ac78ea5c6,3,1,5.412851863497303,0.7354778586736509
85b16e18-b1dd-4a25-b0c7-7f0707c27fcb,2021,2021-01-16,b4d453f5-49b1-4a4f-8d76-30ed0f77fab4,b88cbfee-e95b-4c99-bded-c0d5d62e9e27,3,1,-4.927038214881432,0.32977916085507064
877c3dd0-5ddb-484d-b3a2-3b1bc1633e7c,2021,2021-01-16,bd6e89c5-780b-4f2d-ab4e-08806fef5cca,224b4a01-4769-41b1-9157-4806ac21b8e7,-17,0,-12.060559253117487,0.1107703928862622
89e1aa56-d00d-4746-bec3-907d59c31a44,2021,2021-01-16,98f9a7be-62b0-4061-8581-26e893126aee,c8552860-c6f5-4179-b43e-c55775da1d48,-17,0,-0.7884081216318239,0.5492709934128334
8dece89f-eefb-49fc-b141-cef3b46513f7,2021,2021-01-16,79e17be8-1403-48c8-b264-4748e43d8e8f,db815d0b-90db-442a-bd3c-358f64389ce0,7,1,-0.7753132003198077,0.4887208529586036
9511e01b-0a2c-4260-81a6-ca5c0119f30d,2021,2021-01-16,5fc77d2f-aff7-4bba-bc4b-08cbef83f991,778dcf04-00e0-4120-b1d6-36d83e57ad32,-2,0,7.285627912270205,0.7385540469425101
9605f27c-a6f1-47d8-81f4-1385900afbd3,2021,2021-01-16,7ea7c61f-1804-4780-a693-f73ac177f85a,7fd23de2-bd4b-4f67-a1b5-a7b146c2b64d,7,1,6.222296779312688,0.7377134543874295
982aeeb9-94f9-45a7-9c65-5d638f1ce9f0,2021,2021-01-16,39ca9310-2efd-46a8-95b3-c8d65343ffa2,a4954c6c-2e69-4e49-b1be-c644601316d2,-6,0,0.4400570035704356,0.5171366097986041
9906738a-4e63-411a-bd4b-fe7952d050b0,2021,2021-01-16,20c48cdd-dd4d-414e-bc3d-7ee42d9f47f0,28535578-a0da-4a5f-8dbf-c99868d82178,-18,0,-9.631999066333586,0.1542557955137762
9bb87cac-5355-4044-a192-50000feaaccb,2021,2021-01-16,2c3cfe98-5d8e-4156-8f96-72afb8b46504,9a4cb8a6-1c95-4ac2-8acf-2d47cead4af7,34,1,20.41279186165815,0.9782316286932777
9c06902a-4ca8-4d26-ba81-9487b21c0f60,2021,2021-01-16,ab3af85c-525d-434a-95d6-fcc4a957eff7,eda520a3-8273-4cf5-ad9b-3c26d698686d,-3,0,-0.5199598213834695,0.45878831619793
9efd9e9e-ca5d-447e-87a4-c35926c9213a,2021,2021-01-16,31fed56a-3c76-439f-b5e1-27215eebf2d7,d386331b-232f-4ecf-a546-1b84ed9526d9,6,1,-3.505047808844415,0.2854489372556869
a0be5005-ee99-4c6c-bdc2-7d1a1c915af7,2021,2021-01-16,02d4cbfd-8634-43dc-999a-f4d32f7f47c2,e184b43c-a563-4eb0-97d8-e6606c94edfe,-24,0,-9.19605207839759,0.18217311930137123
a570d586-4aab-4a35-bed4-ad4a95c9f182,2021,2021-01-16,69adf56f-3e48-489b-9508-454a85767e9e,cc6f95f5-bb00-4211-89af-a4d26b18dc0b,10,1,9.831395269149999,0.8732329433725811
a5dd288d-f648-4065-90f5-412c0b296e5a,2021,2021-01-16,5674afbc-6b30-4a05-927a-54e7f8738250,9ded2a57-a14f-4961-ab3b-efca70d91b7e,-2,0,-7.820498547644316,0.1756799888414463
a768c011-6025-4d83-98f6-6e77ceb399d6,2021,2021-01-16,9c98b7ee-2363-423e-a125-1783389ac0d7,34f97458-65e8-4b8e-b37a-9ae6b43d1469,-2,0,-2.650094135273471,0.48762786219492443
b0f78e80-47fa-4efb-879a-52a1c74b77c3,2021,2021-01-16,6d66d3c2-401b-4192-9132-138219cae626,b5902d34-0cec-4f71-abdd-8eef757b4f9d,20,1,4.810164509414626,0.7097315593887682
b3e76b41-1f13-45c2-9fe6-d8dd28c1f458,2021,2021-01-16,efbf7b44-08c9-42ef-949f-9b2ec88fe96f,56a79fee-eea6-42d7-b3b5-aa619168e7f2,1,1,-1.0891142177846966,0.48986551760068264
b9cabab9-0a77-432c-bfa5-ba8fee8bbf01,2021,2021-01-16,6e833acc-a13a-4959-bac1-fbd2e6be20b1,06cde4eb-c418-4639-936e-3daf9cf03433,-2,0,0.1491343552141729,0.5498163358218227
ba2b7b41-766d-40c6-803e-83facee037f8,2021,2021-01-16,eda9532c-47de-441d-9f85-fbf7daf82acb,015a331c-b317-4974-afdf-1d3940b8e31b,-7,0,5.375487940836734,0.7111067552209892
bb752599-db50-43ee-8680-4262937b576e,2021,2021-01-16,3e3fb5ce-40b0-4813-9880-afe0fd6fdce3,606739b3-e8e7-44ed-9240-a2e69bae9106,-9,0,-4.384324047829436,0.3387128356073674
bce2c724-b6d0-4043-8d07-0be7ba74d976,2021,2021-01-16,a6d03753-cd42-45b7-bb87-6739693b2f19,44353014-53ae-4005-89ae-a4f9fb38617b,7,1,9.62673618326189,0.8135688315557912
c06369a1-7e59-4086-8941-6893aefc015d,2021,2021-01-16,0332dc1e-1ed0-4388-ac2d-a566c094f746,d9903224-7c66-416a-a0f6-db933fda49e2,-2,0,11.737718142191758,0.8628154093860989
c30bc9ac-3767-49fa-9229-3d8a5624d0d5,2021,2021-01-16,f96f8f4d-dbca-433c-8c11-1b8e00bddc6f,09041490-ab7d-4030-827e-618471802c87,-17,0,8.201868501586558,0.8053306751142041
c769a558-a4dd-41b5-ad30-84baebfdfe55,2021,2021-01-16,a32cf399-a569-42dd-b4e7-d8e7054234c7,40dca164-63a2-4620-aaff-78a2c75fe5f0,35,1,15.990858288098059,0.9445335828273342
ca2c3abd-92ed-468d-b8ff-883e757e9514,2021,2021-01-16,a068e9e2-d76e-4fa3-a94b-f1f2d845b000,2fb35c54-8f82-4531-86da-4f01cc0f9cf3,-8,0,-3.274476476273748,0.35683674025809187
caac5c71-52db-4269-9f70-d38f9ae1861d,2021,2021-01-16,bc5931c7-39dc-48fd-a545-fa48a2d7e3b0,3c0057db-cd3e-4c86-ac2d-2e6eef1a00c3,-1,0,3.1736629642839094,0.5937700165238052
cb1e3451-a6b1-4057-b8e5-56721c03c4a7,2021,2021-01-16,02fc8dc6-94db-4b04-819d-f15245246d48,d82db419-c4a4-4310-8c3a-84bc0542041a,3,1,2.9218328752709373,0.6541106994768423
cce893bb-c435-48c7-990c-0466c1d216eb,2021,2021-01-16,a40c4843-5038-4590-b917-003fb8a02a33,9b89639d-46fe-4e4e-a653-d50f1554a3bc,-11,0,-0.5102302851074313,0.5081760647632314
cd433f75-b0c0-4c53-be18-4d07879ee5ae,2021,2021-01-16,6b306c8d-0a54-4bfd-a6b2-4e9dce397e36,6dd43d39-7fc6-4bb1-8e18-9f7214921d79,5,1,1.7548113884266974,0.5421577614461827
cde45660-43ef-4087-a92c-32a2448609a1,2021,2021-01-16,0833ed3f-41b2-45fd-90f1-ea76c6f32453,962b3e60-24df-4af4-82d2-3a9c8442765b,1,1,7.947695176576053,0.7380704956926137
d45db3ec-abfa-4237-8ba3-ac1f9cf80e6d,2021,2021-01-16,9938a7ec-1bf0-4e63-9399-d9b959a6fa7d,d4f12cb0-b551-45d3-9418-8f5971ea059e,-9,0,-4.0664883924695046,0.2977440966304892
dd6f20d9-d476-4db0-b8e1-102d2499897c,2021,2021-01-16,406e5c75-29d7-4b2a-a2ef-4cb52cf8d6fd,f5596042-c045-40b8-ab41-32e53c8c5ca2,15,1,-6.133200302432021,0.22001458097093343
de419c06-7e0e-4aa4-ac77-7615f9df7e61,2021,2021-01-16,ed8cb4c0-c6d4-4461-be8c-ecf8fe13668f,3e008047-7af0-46d9-b2b5-f6c66cab441a,4,1,2.7195816101996626,0.6274654671931333
e7c79eba-9f82-48fd-855b-f27c0ad941b7,2021,2021-01-16,aac9f779-7e88-494c-86d3-09b2e9b47e39,18a7cc66-39df-49bf-b51c-0cbdd36426b2,15,1,18.723948195549138,0.9811275216072077
e8dd239b-8e20-411e-9b6a-f88eb9ee98f0,2021,2021-01-16,f4293af4-22a8-41f0-92c5-b4453f0088ba,ca6ae5c4-e5b9-4cd7-8594-2d85ad2d786c,20,1,6.49174197640637,0.7376643029448816
e927b963-7ede-423a-9eff-6319aaf514a7,2021,2021-01-16,7ae4eaea-598c-4482-8e63-6e6d8c551817,3430a126-cdee-483f-87c6-4ffbe51d0170,21,1,7.063353450842163,0.7189282481952106
ebbcce76-f064-46ab-8fd7-597b438e5dcc,2021,2021-01-16,b9a980be-8e9f-43c2-8ebb-aff1b8f682df,70f9ea29-5535-4360-a3d6-3390ad8ff0ff,-6,0,4.714687250272801,0.6904870840149724
f0b62ca3-9abc-4ac5-9c9d-e84a22e08815,2021,2021-01-16,bb1da9fa-7bba-489b-8fe0-96fa412241b5,4ea3ab1d-d0d5-4c9c-9a61-71a678342af9,15,1,16.997004550727,0.982084359998926
f1039171-9e8a-4aa1-82ab-49bc29cf7901,2021,2021-01-16,066a8484-fc6f-4b34-a34e-12b5a0ccad51,043f7037-fcb6-454b-9a9f-a594935d08e4,-9,0,12.34997304055803,0.9124202473475486
f2ce697e-ceb7-4bbb-a9cc-124786c38a0b,2021,2021-01-16,6d3ad5c0-7493-4b78-8c6a-dfaa0ae9bd2b,19a55d43-b24a-464f-b974-586d0ca1325c,8,1,11.596174286510037,0.8625267772004258
f358a53a-66e6-4463-97e5-f94a087a1d38,2021,2021-01-16,5c08d048-2b8b-4f14-ba62-eb65192229fe,71111d59-04ba-43c8-8c36-6303a4242bc9,-7,0,-5.142602736504519,0.2990866792868422
f4e419a3-1adf-4004-a33c-2ef955226b90,2021,2021-01-16,a3b8173d-a2ea-4988-90d5-e3b32953c6c7,bb66865f-a1de-4b72-ab9b-65e3f6bf5317,15,1,24.017172993171254,0.9887861941070903
f6add697-ef94-454d-a36e-c1654ec53245,2021,2021-01-16,391a8f2e-7e33-41c3-b05a-8eaf0f2c0243,418b21e5-7710-4e33-8bba-6fba764d7962,-10,0,-7.714829333091402,0.2035135100680925
1b33220d-c65f-462a-a7aa-4aee73ba176e,2021,2021-01-17,f141277f-bb0f-4c67-a2a8-d75e65f9bb58,47d95961-3d47-4d0f-815c-ed002986e9af,-10,0,-3.300939884608082,0.3407760711680706
1b42a43d-096c-448e-b3f6-c7ff2341043e,2021,2021-01-17,eda9532c-47de-441d-9f85-fbf7daf82acb,015a331c-b317-4974-afdf-1d3940b8e31b,8,1,4.3765722507435445,0.6870951137012868
1dcc1f06-64b7-4594-bad6-567f8cc3aa4b,2021,2021-01-17,ce493494-f12c-43fb-87e4-cdd4763ea2c0,a50a0a91-c116-4f66-aac7-a7d111bc002b,1,1,-8.44410185239203,0.19343472634101888
24074b2b-f35b-43d3-acc1-c122c6e62721,2021,2021-01-17,8b3aba69-54a9-4b40-9e60-b34816308953,c0a097f6-0d58-47f8-aa7a-6eebdadedb22,-6,0,-3.796273205897888,0.3782266153753504
248a5632-b5d1-4958-96e8-3341bbaadf74,2021,2021-01-17,add66488-b462-4823-beba-4981e3cfc5a6,0a452dfe-75eb-47fa-8dae-92da3589f9e1,-4,0,-7.416017771485234,0.23449131164592282
3cc15f4e-750d-4890-a473-e6edd4540841,2021,2021-01-17,6ed80bf4-9f2c-479d-b24b-cddb4ca6675f,0edaf6db-0520-4ebe-aff1-e6a6521a42f5,28,1,18.26458222088668,0.984044574493555
44cfd41f-44c3-49b4-808b-4ff938880f12,2021,2021-01-17,f96f8f4d-dbca-433c-8c11-1b8e00bddc6f,09041490-ab7d-4030-827e-618471802c87,-3,0,8.139957470702756,0.8033684685817498
47b7afc7-94b5-44f4-9043-47fccac5dd81,2021,2021-01-17,86a7a83d-0f48-49a2-a5f6-b2ce77628f2e,be9c1710-e299-4eaf-897e-3c4035465ce5,9,1,14.368993914640422,0.9675901005742903
5268491a-a13f-48b0-ab41-21b5ab5206af,2021,2021-01-17,778d14a6-8a28-49c3-ace7-8f277bc67e86,90c24aef-e6b2-4203-8a3e-243ff680b3c3,-1,0,0.8555787030610535,0.5309240634367579
5b718c26-9032-448e-b0f4-6f3be3137abb,2021,2021-01-17,a7f9d3fb-5741-4a3e-8505-026b862ce855,d1f54cdd-6d42-4df8-ae4b-e74ee175e8ea,-6,0,-5.481090852225846,0.2715216428918805
62213733-36a6-4cde-bfb7-504e52b01c5a,2021,2021-01-17,bc5931c7-39dc-48fd-a545-fa48a2d7e3b0,3c0057db-cd3e-4c86-ac2d-2e6eef1a00c3,8,1,6.566965862109295,0.6936075565603886
6d1083bf-e371-4c5e-8cbb-5a8126a846b7,2021,2021-01-17,c54c27f4-6038-479f-81a5-076e8cb3facf,d32dd807-9ee5-45de-822a-61d30e953a37,-11,0,-4.237574032984976,0.39549935534634767
6db0c6ac-fa64-4352-bd69-6639da7be422,2021,2021-01-17,15ea3800-14b2-4e3e-8a6d-e9a6490fc965,a77eeeed-4789-4b3d-9a4a-9e5ace1b0a0c,17,1,19.26981991554356,0.9742258278199425
6e450cd8-ddd0-4aaf-904b-e3d0ca04ae76,2021,2021-01-17,29d731c5-9b13-44fc-a6f6-34f532cf02fa,d4e88ce6-548b-4552-a74a-bc1ea7481431,-5,0,9.968869708034305,0.8914638967941396
6fa10951-3688-4fcd-9368-bfd31e0cd00a,2021,2021-01-17,65a307ba-6078-40b4-8bc1-1f5f541185cc,0a90783a-38de-46db-ac4e-70329fd95b95,14,1,11.682247614739381,0.911125915732942
802c1825-97a6-4501-8ad5-1577f9775073,2021,2021-01-17,37642fa1-3eb0-4eef-8973-ede3736321db,35ca9192-f3aa-4b7a-8f4f-b9ee34e646d8,31,1,8.17031073087883,0.8197670125753359
87a934e3-e58a-4abd-a651-43074c64862f,2021,2021-01-17,77cf4e5f-d8b0-4af2-bdbd-162e845fabcd,a718200e-3c95-4e78-bc52-6d49f14c042f,-2,0,2.8724243620360115,0.579369490239046
8b355fd0-d8e3-471f-be39-ce0601fc8825,2021,2021-01-17,aac9f779-7e88-494c-86d3-09b2e9b47e39,18a7cc66-39df-49bf-b51c-0cbdd36426b2,42,1,19.44226425417496,0.984364605604688
99005672-123a-40c7-977e-b74397efc02d,2021,2021-01-17,28e6307f-2240-4931-9ba2-9e19e9e41214,21fbc5a1-d38b-48de-a0fa-3aeb653d8091,1,1,6.027119606168672,0.7530900243312318
a73e55cf-eab8-4228-a104-7772aca2755a,2021,2021-01-17,68a49c87-4220-43d5-856d-ffc0507814a1,b9939a4f-3583-4099-a977-cbe1cee7f252,-23,0,-7.933301005313495,0.18747888766963697
b16d0f4a-c41e-4710-b138-e0625cf39b96,2021,2021-01-17,6d3ad5c0-7493-4b78-8c6a-dfaa0ae9bd2b,19a55d43-b24a-464f-b974-586d0ca1325c,12,1,10.6434187716723,0.8557970187942604
ced8560a-e666-4b74-bd4b-eb5467e95627,2021,2021-01-17,c74d9ff8-2f1d-46cc-84b3-d54659a3d1f2,e877ffc7-a7b4-403e-96d6-b914bffbd505,-16,0,-0.3002919680048039,0.49331299081880026
e227903c-3f8a-452b-95de-48aab91f2d4f,2021,2021-01-17,e9ab90ad-d1d0-4bcd-b2c3-90ed7076450c,c86929e8-d014-4027-814e-17e5b57f90b6,8,1,7.716449051285059,0.7386720130932135
eee51c9c-b4b6-4865-815a-ad4325ad5733,2021,2021-01-17,6ef12ef2-4196-48f1-9341-3d9e2a4bc359,091152bb-d0ed-4dd5-8b1a-201f53945a40,-2,0,-3.9060619343071292,0.338277332236839
ff7d12a7-9fff-48b7-8d6c-42eb3ac72269,2021,2021-01-17,f4293af4-22a8-41f0-92c5-b4453f0088ba,ca6ae5c4-e5b9-4cd7-8594-2d85ad2d786c,-10,0,6.105420098217959,0.7298824274184014
14d90122-df1a-407d-9aea-9094add49981,2021,2021-01-18,03b9b8ef-ee62-41e5-8ba6-9845ca44dc4a,5fc77d2f-aff7-4bba-bc4b-08cbef83f991,-4,0,7.167187938299811,0.7422019500031194
27713ba6-64de-489e-832a-6e4e2087973e,2021,2021-01-18,b7f1c2f4-6663-4bc1-b876-e5f847662b75,1f5cd38b-8ede-4730-82a5-cab59b37dc50,8,1,10.418215292821086,0.8586951946995574
29ccd6b9-bc71-4d6a-8c49-9d61e5d2a6db,2021,2021-01-18,b4d453f5-49b1-4a4f-8d76-30ed0f77fab4,b88cbfee-e95b-4c99-bded-c0d5d62e9e27,-19,0,-5.40066440203059,0.30188540171714767
4034fb2a-fa7a-475a-9200-42ee1fe98cdc,2021,2021-01-18,75be9823-4151-4c62-999b-0d1bd885e92b,80a4de01-2d01-4f5f-a169-ef1375b3bb6f,11,1,5.367554532191259,0.7329655244681245
5a738a70-d097-4e1b-a9ae-87c4e8eff1b1,2021,2021-01-18,4abfdf3a-98a8-404d-a53c-d4aed37d2942,40dca164-63a2-4620-aaff-78a2c75fe5f0,34,1,8.60281446239676,0.8530168269947312
658fcead-a1b5-4411-ba38-7c92ed32f030,2021,2021-01-18,d386331b-232f-4ecf-a546-1b84ed9526d9,7ea7c61f-1804-4780-a693-f73ac177f85a,-13,0,-4.111523999388927,0.30836606431640384
6bebca9d-a7eb-4779-8261-fc74bf45b499,2021,2021-01-18,afd0bd2f-740b-44d7-8be1-cb790093f9bd,e963123a-d677-4acf-ac24-9e0bbf199293,14,1,11.30982693106256,0.8793829377894413
7dd4c8df-7398-4320-a970-381328ed54f1,2021,2021-01-18,9c02ba5f-0fff-4649-aa68-3daaefc3de96,d2735ccc-baf8-4ea0-910b-fe1214c0e75f,9,1,7.257423342409382,0.8470588286903866
aeacad8f-b72d-4f94-83b9-c4354ad3553d,2021,2021-01-18,02d4cbfd-8634-43dc-999a-f4d32f7f47c2,910d5e81-1944-4780-9aeb-883182d61f8a,7,1,0.18193887143548557,0.591485604670674
b98ab08d-4221-4788-99ef-669892fd60de,2021,2021-01-18,a32cf399-a569-42dd-b4e7-d8e7054234c7,93706eaa-57eb-4415-be8d-eab0042ce36f,41,1,19.11721466919208,0.9771967173247289
be389a71-4fc6-417e-8e5c-00e447ace5c8,2021,2021-01-18,28e6307f-2240-4931-9ba2-9e19e9e41214,21fbc5a1-d38b-48de-a0fa-3aeb653d8091,-5,0,5.1923453559080475,0.7854694586926982
c9d4ea2b-b90a-447f-8931-a0f087d3f4d1,2021,2021-01-18,9938a7ec-1bf0-4e63-9399-d9b959a6fa7d,f1d509bb-1611-40e4-9fde-815980bd35d2,3,1,5.535685168066855,0.7229809815202594
ca18acfe-3312-40d8-b7a5-56bcc26ed7da,2021,2021-01-18,b0218bc9-d3fc-4819-9114-7868e6286a35,b474ccdd-467a-4295-86a9-293837900322,4,1,4.308300070460811,0.7134153019564283
f49fb908-e078-428d-9bac-d780e84489a5,2021,2021-01-18,539b6837-bb92-4554-91a0-8f0d949d8b0f,f5575a20-19d0-45ee-b978-be17d4021703,7,1,10.71775669886918,0.8912458251226854
118af165-fa5c-4e26-b686-982e6e7fe9f3,2021,2021-01-19,6b306c8d-0a54-4bfd-a6b2-4e9dce397e36,ad1c4459-ab7e-4b35-aa93-85c1630c6cfb,19,1,8.302276439441519,0.8179924268162257
126ae53a-9088-4316-9dc5-c1cfbd16650f,2021,2021-01-19,1dcc19aa-e509-4cc5-93e1-29c1a093fcd9,31fed56a-3c76-439f-b5e1-27215eebf2d7,26,1,14.043207802686986,0.9316090906232067
147c8375-7b9c-485f-ab18-1dbd91295263,2021,2021-01-19,0833ed3f-41b2-45fd-90f1-ea76c6f32453,a542240d-13f0-4c97-8c81-319e88fd0a4b,2,1,-6.08612801462751,0.2601310254748669
33d6586f-ea24-4523-a715-bba1170a6445,2021,2021-01-19,b279d0ab-6fc5-4502-9d4c-8eb065752d95,0877aa4c-b7a5-42ae-b49a-14eee0c2d037,-4,0,8.926305499412795,0.8237300343173821
483b5a7e-64a1-46b1-ab5a-fe11d9ad6bd7,2021,2021-01-19,763f60a9-832f-4cde-b69f-33db7addad25,22cc3729-2c6a-46eb-a661-6aa2e4d614a3,-30,0,5.9362243649157564,0.6731200609784257
5ab30286-489b-412c-9556-2a21a8abe58f,2021,2021-01-19,9938a7ec-1bf0-4e63-9399-d9b959a6fa7d,f1d509bb-1611-40e4-9fde-815980bd35d2,4,1,4.142865782387206,0.6951062203812565
5c481e50-d366-43f3-97eb-3802e6a3f8a4,2021,2021-01-19,4fe53bf9-1004-4171-b2e1-81188834c232,d748b419-f41e-4b46-aff6-ce66b3442549,-14,0,2.9612321971621376,0.6070765991334687
6435cba3-9bda-4e6a-b70b-816175d5bf3a,2021,2021-01-19,2f3ac2cf-a76a-437a-aed6-239ac78ea5c6,136c7ecc-ca9e-456b-acfa-e4b5947012f2,-4,0,-2.699902850519917,0.39761550092351183
68939b28-4104-4a4c-bdf3-a16ae2038ef2,2021,2021-01-19,d4c5bc9c-035c-4638-8430-5f2bddc79182,56d96aac-d4d5-491b-a3e3-da2b2a39e261,-14,0,-19.94874608214095,0.03290403716912713
85df08ad-059b-4ca0-a957-357b514e389b,2021,2021-01-19,9a4cc655-94cb-423f-8249-a9cc2637eb22,4ea3ab1d-d0d5-4c9c-9a61-71a678342af9,26,1,15.772752562682873,0.9546587280736374
9867a0e8-f3c9-4e61-83e1-3331a952059e,2021,2021-01-19,28164465-b0c4-4d92-b609-51debab55256,8b3aba69-54a9-4b40-9e60-b34816308953,3,1,16.331174889022904,0.9370590466025074
aece2c7d-5266-4593-95a5-43c44fab5ddf,2021,2021-01-19,7762910b-d109-4bc1-9bcb-67979c692279,e4353941-7ec1-44f7-be8c-925b3fd274b1,-6,0,3.1393768738405634,0.6823159059364127
b9c0d3c5-ca56-43ab-a974-2bf42a6e0c35,2021,2021-01-19,70f9ea29-5535-4360-a3d6-3390ad8ff0ff,e9ab90ad-d1d0-4bcd-b2c3-90ed7076450c,-2,0,6.404598344234509,0.7830713612765534
bcebd5e0-4863-4a93-b926-29084ea544b1,2021,2021-01-19,a4527c7b-f261-4b8d-91ed-120ffb1cbba9,e4a5755b-3279-4861-b19a-6a7d500c6637,10,1,5.497964279263398,0.7076889513151449
c1a47e9f-b5ce-4e71-82a6-1f88ff2319d7,2021,2021-01-19,01bd3978-4bb2-4761-8b57-3b19be7a2d53,88b507e4-37af-4b0c-b7de-e68864346922,6,1,-1.758183136220795,0.43989696103574466
c67174b7-fab7-47bf-bdf5-ccbf5aba1b30,2021,2021-01-19,c76af57c-a3dd-470a-8f02-e61a707c7f55,5cf12fde-f3ee-42c2-be66-d7a7f79401e9,26,1,1.0285561140424617,0.5991473190437502
c6869c3a-6089-4c2e-801f-233f3d5b3f80,2021,2021-01-19,fc2ab8b9-b25c-46a3-81e7-a6abf8ffedad,a926c3ea-f3c3-4378-a2d5-606018157fc0,21,1,0.8567130251220293,0.5836357741345283
c6c7e5c2-d979-4814-842d-bd5d9088f4fd,2021,2021-01-19,589de096-2a48-481c-9213-1de1cde104de,be962bf1-1af8-4d6e-b983-d820cbae2dba,24,1,11.907888812091802,0.9108488506423396
dd372fe9-5d46-442e-8b9c-af3035b1e640,2021,2021-01-19,56a79fee-eea6-42d7-b3b5-aa619168e7f2,8ceea299-77dd-44da-9ea2-e67e2b224bfe,17,1,18.480467911961064,0.9510655077023291
e0c7447c-aae1-4eb8-a5fc-f9b54ddfacf0,2021,2021-01-19,c17206f6-29e6-4785-8241-eb88a39a59c2,8b67941e-9cd8-42e9-94ec-60a1d10cbc84,11,1,13.782919471511168,0.8897058626425216
e46b25fe-89aa-4c77-b0bf-1a27a9164f98,2021,2021-01-19,4a06993f-d792-4e09-941b-89a318b29c41,1b0747e9-4222-406e-b8c0-c34ca2f87eaa,-18,0,-3.0708592047959695,0.44653299734450097
e90e3927-3210-4c72-9396-01912302eab2,2021,2021-01-19,655e3157-6c29-45bb-9810-eefc2a0d509b,efbf7b44-08c9-42ef-949f-9b2ec88fe96f,-12,0,0.8230162749038559,0.5032676342253661
f12f8fe7-2fa5-4f47-9a51-6bd6a0e9c09d,2021,2021-01-19,b9a980be-8e9f-43c2-8ebb-aff1b8f682df,c86929e8-d014-4027-814e-17e5b57f90b6,14,1,13.124293235965448,0.888751740664303
01060123-12ea-4548-a05b-182df0f87d0f,2021,2021-01-20,a7f9d3fb-5741-4a3e-8505-026b862ce855,37642fa1-3eb0-4eef-8973-ede3736321db,15,1,-1.744967931177128,0.47627116150183874
127196cc-faaa-4d1e-a4e6-b1a622c4ff96,2021,2021-01-20,7762910b-d109-4bc1-9bcb-67979c692279,e4353941-7ec1-44f7-be8c-925b3fd274b1,-6,0,2.93627413397163,0.6945627709281987
2374be0d-eba2-43b5-a915-5e926c5d57e1,2021,2021-01-20,fc2ab8b9-b25c-46a3-81e7-a6abf8ffedad,a926c3ea-f3c3-4378-a2d5-606018157fc0,13,1,-0.21021912315479363,0.5241369268006892
273362cc-2b37-423e-a5fa-b1e2f5338e38,2021,2021-01-20,15ea3800-14b2-4e3e-8a6d-e9a6490fc965,ce493494-f12c-43fb-87e4-cdd4763ea2c0,27,1,25.60442575261228,0.9864624965623271
2d7915c8-29e1-4e6c-9f4d-e6353b4bc738,2021,2021-01-20,b474ccdd-467a-4295-86a9-293837900322,75be9823-4151-4c62-999b-0d1bd885e92b,-11,0,-5.714484586309788,0.2665507889057806
2ecc4675-84cc-4ccf-82a0-89c06b93591a,2021,2021-01-20,7fd23de2-bd4b-4f67-a1b5-a7b146c2b64d,add66488-b462-4823-beba-4981e3cfc5a6,7,1,15.114600910480304,0.9261741754014038
36829079-313f-4327-ab01-5b3effc5670a,2021,2021-01-20,e184b43c-a563-4eb0-97d8-e6606c94edfe,9e06016d-f8c4-49a3-ac5f-65d4cbd68ec1,15,1,19.601816090915225,0.9555176578591401
426e528b-7610-4649-a39d-35e8c83bfaca,2021,2021-01-20,18cfad04-c27c-45fb-ac76-6a19e57ea922,79e17be8-1403-48c8-b264-4748e43d8e8f,2,1,9.003228928945399,0.8269612773102291
6164bda6-7513-4f53-9a35-60d4c3d1bc0a,2021,2021-01-20,d4c5bc9c-035c-4638-8430-5f2bddc79182,56d96aac-d4d5-491b-a3e3-da2b2a39e261,-12,0,-16.79309466624362,0.03281600223299736
77a0d9f1-a941-4408-9c5b-c3d40c2776b7,2021,2021-01-20,ab413d6b-1afb-44fa-9134-499b5b046de1,68a49c87-4220-43d5-856d-ffc0507814a1,16,1,10.501944840747122,0.9136893255633223
7a5a7996-2808-4af0-bfbd-dc0ba927c4ed,2021,2021-01-20,312a2f51-9f81-43c4-8a40-680e9596a196,db815d0b-90db-442a-bd3c-358f64389ce0,1,1,-0.6267771103463542,0.338805717027867
7d997f34-481c-4240-b2a5-67e65d780176,2021,2021-01-20,b5902d34-0cec-4f71-abdd-8eef757b4f9d,910d5e81-1944-4780-9aeb-883182d61f8a,2,1,8.535261042460725,0.8306509318077152
8dc52b3e-1eec-4233-888a-664072342e9b,2021,2021-01-20,28fca8fc-b927-47d8-b900-d08b656fc31d,aac9f779-7e88-494c-86d3-09b2e9b47e39,-36,0,-14.712066904029134,0.037853220728260265
bb3474a4-90fb-43f0-967b-c6e6c516209f,2021,2021-01-20,28535578-a0da-4a5f-8dbf-c99868d82178,a0942322-0725-4156-a535-e621d291382c,12,1,9.130429147065685,0.8588866304346128
be69aecf-a2a6-4593-8b44-7dad00e1855e,2021,2021-01-20,0bbcc1da-f270-44fa-bac0-cdc703144c9a,af41eb94-4a15-40c8-aec5-4bc9d72db801,16,1,2.8429128251544555,0.5909979688416351
c17df907-576c-4bc0-96f9-af224c7d7166,2021,2021-01-20,dfc69d97-4abe-4ae0-b091-329cef3c70b0,48ca0d7e-2fa2-4fe1-9469-069d9fbef3a1,4,1,-13.257100851141733,0.06877374349937398
c8d8195b-a4d9-4d23-b6aa-f66581ecd713,2021,2021-01-20,e7739ef6-94c9-4206-be27-00d9c5e52ed3,f76767a6-8e9e-44e5-8211-21524f364137,19,1,11.475208406831207,0.8900626181891655
ca987ab2-73dc-498b-a72f-3fb5e16e64e1,2021,2021-01-20,e3763c93-ae5c-4fd1-a27f-9d171958e4cf,6d66d3c2-401b-4192-9132-138219cae626,2,1,7.978661469743625,0.7538518184424066
cd62842c-ede1-4529-a312-0d3d2ee559e8,2021,2021-01-20,80a4de01-2d01-4f5f-a169-ef1375b3bb6f,1450fc17-28ed-4fe1-a784-71eaa519baa1,1,1,-2.896582497848463,0.395506638782818
d1361ff3-b232-405a-9174-6b959848ffdf,2021,2021-01-20,87c9d84a-7778-47cb-9a33-085caf9ea361,e514e7f6-9987-4fc1-a0a9-152b9c628601,18,1,6.485513734054446,0.6897657499623665
d6796b10-af18-4af4-8199-d71e7cd719bf,2021,2021-01-20,864ea5b8-fceb-456e-9434-d7b7a0170357,9a4cb8a6-1c95-4ac2-8acf-2d47cead4af7,-4,0,2.5293336671160698,0.7025326372917411
d747a5d6-d4d4-4fb6-b399-d3752e1f9038,2021,2021-01-20,b0218bc9-d3fc-4819-9114-7868e6286a35,8870b73d-31e2-48d2-99b8-bf750c8cb9e1,-6,0,-0.6470306617296836,0.5041219418349476
dbbaaef9-7499-4e12-b64a-cfa17adb6464,2021,2021-01-20,fc86f8b9-5e54-4f2a-af3d-e48ecf83543e,2c3cfe98-5d8e-4156-8f96-72afb8b46504,7,1,-6.553126237367574,0.3291937575953083
e906b318-ce7b-4caf-98c2-6e9fe3431aed,2021,2021-01-20,6b800506-0715-4d71-93e9-8887bd0ead96,0a90783a-38de-46db-ac4e-70329fd95b95,22,1,13.447288222314143,0.9307047778788539
eb42f1d7-2e18-4323-9d0d-7ffbb6b80616,2021,2021-01-20,b279d0ab-6fc5-4502-9d4c-8eb065752d95,0877aa4c-b7a5-42ae-b49a-14eee0c2d037,27,1,8.761914437136449,0.8116735394108006
04102bd3-5ec8-4853-9ac4-7f86701d5b6c,2021,2021-01-21,53bc6533-b761-4ad9-8807-3eed852c09cb,5c08d048-2b8b-4f14-ba62-eb65192229fe,-3,0,5.3869999393351815,0.7112625727669584
1f5a6770-96bb-42ef-808f-f7bc62098636,2021,2021-01-21,c495ddbc-3e45-4407-b7fc-b5a98991f77b,7bc520ba-ad37-481d-bf32-21fd30db278d,15,1,18.695276556947785,0.95002369930569
32f9e16a-c5b6-4157-ae6c-42126d352130,2021,2021-01-21,962b3e60-24df-4af4-82d2-3a9c8442765b,a33a65ab-deec-4f5e-bf8d-b665170497f2,-2,0,-4.192061500301376,0.3488011824215287
4283983b-39dc-4d7b-af19-f851a0e3d00f,2021,2021-01-21,c86929e8-d014-4027-814e-17e5b57f90b6,b027da3b-02b3-4b06-8d11-4355379c190b,8,1,2.8744140173159316,0.6378282027567219
42da20fa-1d73-4052-b5a0-223c0ef6a20b,2021,2021-01-21,043f7037-fcb6-454b-9a9f-a594935d08e4,153596ed-3c7a-404c-b510-15a532386899,-4,0,-10.76400134198297,0.11616987622766614
6a0c5c01-4725-4577-aea8-b2414ab755ae,2021,2021-01-21,606739b3-e8e7-44ed-9240-a2e69bae9106,bb66865f-a1de-4b72-ab9b-65e3f6bf5317,28,1,29.828793932958607,0.9864883566864834
73285058-8eba-43fe-a3e2-ccefbb14ef36,2021,2021-01-21,efbf7b44-08c9-42ef-949f-9b2ec88fe96f,8ceea299-77dd-44da-9ea2-e67e2b224bfe,14,1,14.382958259488705,0.9003185427122729
79a4153b-1596-4fc3-b793-74d2f94221c1,2021,2021-01-21,b9939a4f-3583-4099-a977-cbe1cee7f252,d6262d9b-c701-4974-afbd-ef478e74fe8b,-12,0,4.220493467257772,0.7022890622029777
85b72b36-5bd7-4f67-ab9b-df7f8e4fab70,2021,2021-01-21,a3b8173d-a2ea-4988-90d5-e3b32953c6c7,c32d1a7a-7843-46a2-aba9-7550d7ea2b38,17,1,6.5629770255370845,0.7140558655649288
886bfc75-b339-43f2-8472-e1447380fde6,2021,2021-01-21,a50a0a91-c116-4f66-aac7-a7d111bc002b,bdd65ba1-f3b4-4da3-863e-1ab301468e5a,20,1,8.624382119287418,0.7957980200276438
9925cadc-303f-47f7-8265-34f33d8e64d0,2021,2021-01-21,6b306c8d-0a54-4bfd-a6b2-4e9dce397e36,ad1c4459-ab7e-4b35-aa93-85c1630c6cfb,-8,0,7.769931269318293,0.8039317027494673
9a256929-3dd9-41bc-bc6c-96cc62a28643,2021,2021-01-21,d9734c47-4710-4741-aee3-f1b78e2c7494,066a8484-fc6f-4b34-a34e-12b5a0ccad51,-15,0,1.0025915510263061,0.4637942766153077
c68caf91-68b7-4947-8cd2-a31a0933edb0,2021,2021-01-21,c0a097f6-0d58-47f8-aa7a-6eebdadedb22,3e3fb5ce-40b0-4813-9880-afe0fd6fdce3,-23,0,0.492354059760678,0.533427170583192
c807656a-98cd-4c04-b723-0e6835145de1,2021,2021-01-21,a4527c7b-f261-4b8d-91ed-120ffb1cbba9,655e3157-6c29-45bb-9810-eefc2a0d509b,19,1,4.783499360911709,0.71251339912998
ca5a618a-7d8b-401d-bc2c-67fda065bd6d,2021,2021-01-21,f3e1a0c8-4c68-4907-93d0-69899161295f,136c7ecc-ca9e-456b-acfa-e4b5947012f2,11,1,11.782500960196234,0.8953857612237366
ca79c437-c753-4996-8b37-e4dd017f89b1,2021,2021-01-21,21fbc5a1-d38b-48de-a0fa-3aeb653d8091,d53017de-fb39-4d91-ae07-8c7ad76080cd,-12,0,-0.34745679390783335,0.5004955274710031
d387aabd-26ea-414e-82d0-2c88971fd192,2021,2021-01-21,2f3ac2cf-a76a-437a-aed6-239ac78ea5c6,27945734-1ebb-4e9f-957f-162878724b27,-2,0,0.5581970032176465,0.5041704304651096
d7c7180a-53d3-4fc1-a9ed-2a4e96512333,2021,2021-01-21,34447800-60a5-477a-9ea3-6157f0f7913f,6c9cd4ee-eb61-4ac8-aec4-24e5ff6c7409,24,1,4.384449001160676,0.685270263182301
db3287bd-9a35-40fc-b2ff-7334f281a11f,2021,2021-01-21,88c28db5-60be-4385-8263-91e66e360407,118354ec-fd34-4152-9760-dfed9430b49f,3,1,12.927803009254925,0.9313441316407975
e0334332-a583-4fa0-aeb8-0ddbe76f8e6a,2021,2021-01-21,97af561a-907a-4616-9013-45a60140ff7b,bb8be7f3-4f59-44e8-864e-119e0b8c18b6,-11,0,-3.3962116967245146,0.3267442589617267
f058ce61-7fa1-4e48-83db-482a95577d60,2021,2021-01-21,fdd20a72-c679-47c5-b98d-7bbdc6be2ae8,cb06302f-f822-405d-b3b6-f60e377cb18d,2,1,-6.674043839919119,0.2729923650080175
0ef511c6-5071-4b46-87f7-23ef24ef4dcf,2021,2021-01-22,d9903224-7c66-416a-a0f6-db933fda49e2,2da144c9-32c5-455b-b0b2-a0f505e05133,-30,0,-11.818384507995322,0.08705282408750968
1005752b-cb36-4ea6-b85b-b0161610d167,2021,2021-01-22,f5596042-c045-40b8-ab41-32e53c8c5ca2,ab3af85c-525d-434a-95d6-fcc4a957eff7,10,1,12.734097779705642,0.9076537217634018
134b94b5-f1ae-42c8-a389-c6702d25012d,2021,2021-01-22,fbaa3865-aab6-429f-8f27-779aa41e9ae6,6e833acc-a13a-4959-bac1-fbd2e6be20b1,15,1,4.23671200240961,0.6439760166778269
22ef252d-ed5a-4b4f-8f18-80f14628fadc,2021,2021-01-22,06cde4eb-c418-4639-936e-3daf9cf03433,2a24713b-eeb8-4e74-a07d-69cdfec67b7a,1,1,-0.7649098172055082,0.5183292328545386
244795ae-af67-41c6-b774-eff0973e1ebd,2021,2021-01-22,336cf522-e130-4e26-947d-23a6b450adb6,09cbbea3-cb20-4e66-b03a-d5dc4cfbaef1,12,1,8.120546315771241,0.799658281799137
2c684c46-a965-4ace-9c6d-9d95884d0ae8,2021,2021-01-22,c8552860-c6f5-4179-b43e-c55775da1d48,7ae4eaea-598c-4482-8e63-6e6d8c551817,13,1,5.965285362634168,0.765039660557275
32a3c141-bd29-4b10-b05b-2626ce4950b5,2021,2021-01-22,e9e62a4d-2506-411b-937f-e8afdde25d61,dc228f38-de10-460f-a1ce-1a5ae09472b1,11,1,9.098689960509786,0.7957650179103902
35b52269-1e20-4240-bb67-4732ffc5a02a,2021,2021-01-22,814dffa5-6fe5-4aca-ae7d-b099be2111aa,60f79bad-642b-493c-b616-4f07e42a8fd1,5,1,4.955180951164814,0.6747731753009871
438cc9b4-1999-4f1f-9ea2-0bc36bfa391d,2021,2021-01-22,b4d453f5-49b1-4a4f-8d76-30ed0f77fab4,6dd43d39-7fc6-4bb1-8e18-9f7214921d79,-37,0,-21.31238684977776,0.02747897165885828
452a496d-b8a9-48b0-97d1-184a84463a04,2021,2021-01-22,b88cbfee-e95b-4c99-bded-c0d5d62e9e27,65a307ba-6078-40b4-8bc1-1f5f541185cc,7,1,-2.3125939665305584,0.36489485343707434
4d4bc6cf-bccc-4ba0-83ef-38fd93ba0c05,2021,2021-01-22,3430a126-cdee-483f-87c6-4ffbe51d0170,5a2971fb-7668-4c9d-959c-3cc5eeee6791,-10,0,-5.259677140308299,0.3018756056284913
5581f8ed-d255-4f02-acdd-b2431737a49b,2021,2021-01-22,3e008047-7af0-46d9-b2b5-f6c66cab441a,0332dc1e-1ed0-4388-ac2d-a566c094f746,-5,0,-6.458731499126621,0.2665605488149477
60a9489e-bdd9-4fec-8f97-e45c7f234065,2021,2021-01-22,3c0057db-cd3e-4c86-ac2d-2e6eef1a00c3,a347102a-5bf0-43d6-9e6a-98e689acb371,-47,0,-13.391984732946634,0.06268564844145673
6d3f3ff4-5117-4839-bc7e-c6c71a0160e0,2021,2021-01-22,224b4a01-4769-41b1-9157-4806ac21b8e7,9b89639d-46fe-4e4e-a653-d50f1554a3bc,-2,0,6.77481121974338,0.7509802503060621
71af5943-7ed0-4f41-a131-f222a03f0adf,2021,2021-01-22,39ca9310-2efd-46a8-95b3-c8d65343ffa2,a6d03753-cd42-45b7-bb87-6739693b2f19,-9,0,6.599056584708169,0.7752888104188
7428586e-4eaa-465f-88af-62750b63cc82,2021,2021-01-22,bc5931c7-39dc-48fd-a545-fa48a2d7e3b0,a40c4843-5038-4590-b917-003fb8a02a33,16,1,-4.21243401475218,0.3311930147628284
75cb084a-de57-47c5-bdc1-bc60ccc410b3,2021,2021-01-22,0ded5c5a-c875-4cab-b9eb-ba50f34b6f0e,e687ef09-eee8-4a26-95f0-6f5cd1505777,-3,0,1.419735705189458,0.46282804446760833
866af375-1a4f-49ec-b941-88bc41de05c0,2021,2021-01-22,e9ab90ad-d1d0-4bcd-b2c3-90ed7076450c,589de096-2a48-481c-9213-1de1cde104de,-17,0,-6.39868318816049,0.3153431149267693
871fc330-3c93-44f1-9015-60c4a75fd6e3,2021,2021-01-22,1c833156-3165-410b-8ea4-41b6d79c4db9,bb625b21-99e6-4de0-bcd7-8e346265e676,6,1,13.53276032315238,0.9208855955663123
9e9890da-c161-4fdb-af6f-e679b0ace4bc,2021,2021-01-22,ec88e63f-bc10-42ce-85e4-e0c498a1d450,af4cd665-b16b-433a-98b4-bc859c73052e,8,1,2.904699982642714,0.6057271442525227
a81b83c0-b18b-4c74-ac56-e49107009f3b,2021,2021-01-22,9c98b7ee-2363-423e-a125-1783389ac0d7,f74ac72c-18ac-4485-96b9-da12f2d6d2a6,12,1,2.4671758635032908,0.6603197344491226
ac4e5384-d612-45b2-837f-7c928275b275,2021,2021-01-22,b2fbe1bc-ec5e-498c-a480-7297ce829e25,bd6e89c5-780b-4f2d-ab4e-08806fef5cca,19,1,16.67581000177805,0.9748695692320586
aecf7345-ab67-430c-ac68-8f7e5cacdd0d,2021,2021-01-22,98f9a7be-62b0-4061-8581-26e893126aee,0ca618bb-3ba5-4356-8c01-9e5cfb52204c,-7,0,-0.7177476842754631,0.5578567379592332
be79ac5a-f85f-4db2-8ba5-40943122393c,2021,2021-01-22,a4954c6c-2e69-4e49-b1be-c644601316d2,02fc8dc6-94db-4b04-819d-f15245246d48,9,1,1.771424950193425,0.6291387437773454
c45d13ed-7303-46b0-8155-30918b150697,2021,2021-01-22,e6abc32a-c68e-4ea2-988d-1737d7ebfd4c,2f5716e4-e515-4210-ba95-863aeec7f43f,12,1,18.595469428300856,0.9785035866835302
db3cea4e-2f98-453f-852c-b6790fbb9708,2021,2021-01-22,34f97458-65e8-4b8e-b37a-9ae6b43d1469,33c3ebe5-ba0a-4f61-a304-3552be342274,-6,0,1.4233986319892091,0.5123171636232391
e5a3eabe-8853-4df7-a73e-e8d5bc7bd74e,2021,2021-01-22,663c15de-2cf7-4168-8027-739db580bf6f,9b5c6906-1c60-4032-9d9c-b47f0d65ffb6,18,1,6.245420931259349,0.7514253938277037
f02e0d14-aa65-4327-9186-cf56de9ccc3b,2021,2021-01-22,d82db419-c4a4-4310-8c3a-84bc0542041a,44353014-53ae-4005-89ae-a4f9fb38617b,9,1,13.60985440857644,0.9420979815621059
f4ca43cd-f837-40e1-b022-48f0c6a18eba,2021,2021-01-22,3d1c995e-040f-4e4f-84ff-f68fdad5ae74,81e7c995-a578-4623-93a0-bce731349a82,19,1,13.51439166706997,0.9335865919023358
f7bb05de-f1e7-46e7-b297-a786d620a338,2021,2021-01-22,3ba902c7-2efa-4126-94ed-50c44b1d6904,c1fbdd92-7438-4374-a4ca-db062202a38e,5,1,-0.1877837900363444,0.49817749740932155
ffa6b5f2-79d9-4b49-8931-080eb2adac82,2021,2021-01-22,c03bf34d-cf8b-43da-883c-63212ac85d42,5ef3daf9-ea79-4c33-82af-051ce15768a4,-5,0,-8.998905260087195,0.20247627366248788
00e94daa-1d45-4ff8-9ac6-7dfc942a734c,2021,2021-01-23,53bc6533-b761-4ad9-8807-3eed852c09cb,118354ec-fd34-4152-9760-dfed9430b49f,9,1,13.8585783032907,0.9448736929599462
07ade766-fe5b-4e34-9347-4c163bbd0436,2021,2021-01-23,2fb5419d-1828-4c58-92b0-39fc3073197b,87c9d84a-7778-47cb-9a33-085caf9ea361,2,1,5.01311008040298,0.6804998455971598
0d807f40-4498-4c35-8b86-419d17424069,2021,2021-01-23,a7f9d3fb-5741-4a3e-8505-026b862ce855,28fca8fc-b927-47d8-b900-d08b656fc31d,-9,0,4.840655758537955,0.6815662809245219
126db590-8cc5-444c-94f0-593650cd1aab,2021,2021-01-23,d9734c47-4710-4741-aee3-f1b78e2c7494,48ca0d7e-2fa2-4fe1-9469-069d9fbef3a1,-11,0,-7.107459856884907,0.24721313844692702
1560cf13-898c-4422-aa0e-55be2ffe3264,2021,2021-01-23,06cde4eb-c418-4639-936e-3daf9cf03433,2a24713b-eeb8-4e74-a07d-69cdfec67b7a,22,1,2.2073719608161584,0.5715111763778427
193a3f91-ea5c-41f7-885b-9da79c32fac7,2021,2021-01-23,043f7037-fcb6-454b-9a9f-a594935d08e4,a542240d-13f0-4c97-8c81-319e88fd0a4b,-8,0,-15.66472779534251,0.07811717162479044
1b8f2e48-d4ff-4268-aa72-1231c6f9aa8f,2021,2021-01-23,224b4a01-4769-41b1-9157-4806ac21b8e7,9b89639d-46fe-4e4e-a653-d50f1554a3bc,7,1,8.33813181039664,0.7708280720056793
1c0b99c1-b778-434c-95d2-9d813df7ab7b,2021,2021-01-23,60572384-23ce-4f11-a5a4-237b9e9088cd,c32d1a7a-7843-46a2-aba9-7550d7ea2b38,46,1,25.24732069688138,0.9860249868407344
1e00abfa-fff4-4356-8372-da8fe1fd7dc4,2021,2021-01-23,c8552860-c6f5-4179-b43e-c55775da1d48,7ae4eaea-598c-4482-8e63-6e6d8c551817,3,1,6.048706991798098,0.7369402636105848
2c9dca00-f01f-43b3-bd0c-609ea6b6666e,2021,2021-01-23,1dcc19aa-e509-4cc5-93e1-29c1a093fcd9,0a452dfe-75eb-47fa-8dae-92da3589f9e1,18,1,2.231932344203384,0.5978488682742321
2cd7fac2-acf6-4d40-9030-c106ed800c4f,2021,2021-01-23,9a4cc655-94cb-423f-8249-a9cc2637eb22,1f5cd38b-8ede-4730-82a5-cab59b37dc50,7,1,-1.0201155600744674,0.46099305460820916
3322dc88-a0a0-430a-8054-1d8a79a1ab1c,2021,2021-01-23,663c15de-2cf7-4168-8027-739db580bf6f,9b5c6906-1c60-4032-9d9c-b47f0d65ffb6,15,1,5.152491729084193,0.7064583570251451
346e76dd-a73f-4d33-b48c-de60eb92a31a,2021,2021-01-23,af41eb94-4a15-40c8-aec5-4bc9d72db801,0e7751bd-fff8-4fa2-a4a4-d7dafd8f4929,23,1,10.069778064199552,0.8578231865889373
3ae87c0f-08b5-4eba-9c47-18614e3ca334,2021,2021-01-23,5cf12fde-f3ee-42c2-be66-d7a7f79401e9,c17206f6-29e6-4785-8241-eb88a39a59c2,-9,0,7.014271259561881,0.7703054459269147
3b9b3cf2-a207-4cbe-97c9-9a30227c8955,2021,2021-01-23,20c48cdd-dd4d-414e-bc3d-7ee42d9f47f0,f76767a6-8e9e-44e5-8211-21524f364137,19,1,6.228353043712112,0.7318148233134381
425bab5b-5443-42cb-876b-4e995f8d7afa,2021,2021-01-23,28535578-a0da-4a5f-8dbf-c99868d82178,c093ef64-b2b0-4d6d-b73f-704e93170ae3,30,1,14.763951406563196,0.9358722321779063
442b8966-2ce1-4aa6-8968-b9a7689dc270,2021,2021-01-23,7641ced1-436d-4cca-aef6-214829898d2e,be962bf1-1af8-4d6e-b983-d820cbae2dba,-14,0,-0.9441483786516843,0.48256128505671325
451e2ccc-6c5c-49a9-a111-46d8e0631a4d,2021,2021-01-23,be9c1710-e299-4eaf-897e-3c4035465ce5,c74d9ff8-2f1d-46cc-84b3-d54659a3d1f2,-3,0,10.349590750910895,0.8978499859957852
461bd920-87cd-4c4a-8a0f-1a3cc6e2432d,2021,2021-01-23,2c3cfe98-5d8e-4156-8f96-72afb8b46504,5674afbc-6b30-4a05-927a-54e7f8738250,35,1,22.100877347956718,0.9738889212089329
4a1ddb76-d30a-4a5b-aa25-0f47c778278c,2021,2021-01-23,97af561a-907a-4616-9013-45a60140ff7b,bb8be7f3-4f59-44e8-864e-119e0b8c18b6,-5,0,2.1899065487836595,0.5286181928405687
4b8b6855-09e1-4a02-89db-9a0e2859215d,2021,2021-01-23,7ba7ec2a-91c9-4856-bc4a-1b75f450061b,b474ccdd-467a-4295-86a9-293837900322,13,1,7.155943186178363,0.7575147561302777
4e9b3c9e-7376-4f82-93dd-ca85c0885521,2021,2021-01-23,98f9a7be-62b0-4061-8581-26e893126aee,0ca618bb-3ba5-4356-8c01-9e5cfb52204c,5,1,3.0547487036019136,0.6638167637692394
584a6fea-c476-4127-a88e-d528ef12068e,2021,2021-01-23,cb43e269-2abd-4d96-9227-ea36fba50b7c,d32dd807-9ee5-45de-822a-61d30e953a37,7,1,8.760273997442162,0.785796889226336
5881e3a2-3f5b-4cf0-9c9d-ebc0a67ad32b,2021,2021-01-23,f5575a20-19d0-45ee-b978-be17d4021703,79cb7a8a-d332-4b0b-8f8e-8b2de552964a,-12,0,5.386649279186488,0.6074631521101933
5a4a0d36-c0d6-475c-88a1-29d5f6d00e48,2021,2021-01-23,3c0057db-cd3e-4c86-ac2d-2e6eef1a00c3,a347102a-5bf0-43d6-9e6a-98e689acb371,-14,0,-13.417556777632784,0.06010113127587133
5b41bb53-8cdf-4bd0-a61e-a36a0d885e24,2021,2021-01-23,82ef743e-9bd4-4c80-a4ab-5e3ba42e84df,b7f1c2f4-6663-4bc1-b876-e5f847662b75,-15,0,-6.83543369862592,0.232664229345502
5d72aa54-2411-4149-85a5-6c10b1d5ef4a,2021,2021-01-23,3e3fb5ce-40b0-4813-9880-afe0fd6fdce3,393424f4-5631-41bb-9925-f6ff431cfa34,-4,0,0.39895902988490906,0.5017323119508175
643d96d9-0509-45fe-98e7-33c6cf5de329,2021,2021-01-23,21fbc5a1-d38b-48de-a0fa-3aeb653d8091,d53017de-fb39-4d91-ae07-8c7ad76080cd,6,1,-0.028437420676821586,0.5121248576539209
65f6cb7d-7518-4dad-9a68-7abfc46dc6c0,2021,2021-01-23,d9903224-7c66-416a-a0f6-db933fda49e2,2da144c9-32c5-455b-b0b2-a0f505e05133,-28,0,-12.316414100344506,0.07679203539771795
7182cccc-66e6-4656-aad5-d1fe073f773d,2021,2021-01-23,88c28db5-60be-4385-8263-91e66e360407,5c08d048-2b8b-4f14-ba62-eb65192229fe,-6,0,3.1240019479272716,0.6397324426425627
7557a937-8c69-49c9-bdb2-13a2388f4008,2021,2021-01-23,3e008047-7af0-46d9-b2b5-f6c66cab441a,0332dc1e-1ed0-4388-ac2d-a566c094f746,-5,0,-5.955455817839146,0.30654769336980986
78b781dd-5435-499e-ad24-c711a464c1a3,2021,2021-01-23,8b67941e-9cd8-42e9-94ec-60a1d10cbc84,79e17be8-1403-48c8-b264-4748e43d8e8f,-23,0,-3.733282697621735,0.2988858516277624
7b145a02-93d3-4305-b36a-f103439c2481,2021,2021-01-23,a77eeeed-4789-4b3d-9a4a-9e5ace1b0a0c,87e5e0aa-2b2a-488e-b794-3945da8bd1c1,-13,0,-2.844212381749378,0.4127514907177306
7cd94a5e-a67e-4854-8b60-7818bf68a167,2021,2021-01-23,755f4f60-e8ea-4b47-bc85-0014523f73aa,a718200e-3c95-4e78-bc52-6d49f14c042f,-15,0,-11.616016869421589,0.09262203250860795
8436b8b7-1883-47c5-90ef-8bdf55ff1807,2021,2021-01-23,d82db419-c4a4-4310-8c3a-84bc0542041a,44353014-53ae-4005-89ae-a4f9fb38617b,5,1,13.783838568669502,0.9100918259006077
8eea33f3-c82f-46f5-9606-1a51d67015cb,2021,2021-01-23,312a2f51-9f81-43c4-8a40-680e9596a196,c76af57c-a3dd-470a-8f02-e61a707c7f55,-8,0,-5.124339269837529,0.3146414726697486
91f50a9d-d499-4993-b4ab-937d381105e5,2021,2021-01-23,19a55d43-b24a-464f-b974-586d0ca1325c,f96f8f4d-dbca-433c-8c11-1b8e00bddc6f,9,1,-2.229201364889976,0.3685734092882877
932cea0a-628d-4c9e-ac9a-e16d74895f26,2021,2021-01-23,f8baf0de-c953-49cc-9127-a520fdc65e97,efbf7b44-08c9-42ef-949f-9b2ec88fe96f,-11,0,-6.960356361316275,0.2083179030533038
98f993ec-20d7-4e5b-986b-60cfbee6bba3,2021,2021-01-23,79955c01-036a-420a-b25f-29b26f20da6c,15ea3800-14b2-4e3e-8a6d-e9a6490fc965,-17,0,-14.722636570174501,0.0403216879641034
99ef2d3c-74f4-428a-833b-942a364b35f3,2021,2021-01-23,0ded5c5a-c875-4cab-b9eb-ba50f34b6f0e,e687ef09-eee8-4a26-95f0-6f5cd1505777,9,1,6.747138298886117,0.7567454621345365
9e142fc3-1cc8-4560-b871-04f5521faf37,2021,2021-01-23,a4954c6c-2e69-4e49-b1be-c644601316d2,02fc8dc6-94db-4b04-819d-f15245246d48,13,1,1.5840454879907289,0.5840474436753645
a56dbba6-3ebf-4e6d-81f8-aafcdea8130e,2021,2021-01-23,db815d0b-90db-442a-bd3c-358f64389ce0,763f60a9-832f-4cde-b69f-33db7addad25,13,1,-1.1083322115801737,0.40746691675948327
a63a2144-0e85-4b7e-befb-f5f562bda727,2021,2021-01-23,4ea3ab1d-d0d5-4c9c-9a61-71a678342af9,d060a457-6325-4436-8b0c-e45c7cea013e,-22,0,-14.515517134550159,0.05966180245072551
a883a00a-a2c7-40e9-bbb4-873518d7268e,2021,2021-01-23,091152bb-d0ed-4dd5-8b1a-201f53945a40,d4f12cb0-b551-45d3-9418-8f5971ea059e,9,1,-0.752863797399152,0.49482833223928585
a9a25b4b-d6dd-4af2-85e6-fcb3aab62aaf,2021,2021-01-23,d4e88ce6-548b-4552-a74a-bc1ea7481431,29d731c5-9b13-44fc-a6f6-34f532cf02fa,-15,0,-5.1228835400693065,0.34595535618854023
a9d355c3-1b37-4c95-aeaa-041425f41479,2021,2021-01-23,90c24aef-e6b2-4203-8a3e-243ff680b3c3,9938a7ec-1bf0-4e63-9399-d9b959a6fa7d,13,1,11.02109590331573,0.894821760941597
aa022cfc-07fe-472e-af95-e4b47fdbda50,2021,2021-01-23,28164465-b0c4-4d92-b609-51debab55256,c0a097f6-0d58-47f8-aa7a-6eebdadedb22,-3,0,8.911794393599724,0.8244852157873684
abfb813f-dd6d-4367-bf63-a4d601182aed,2021,2021-01-23,e9e62a4d-2506-411b-937f-e8afdde25d61,dc228f38-de10-460f-a1ce-1a5ae09472b1,-1,0,7.740564473785507,0.8034716533747187
b411c9ff-6b8a-4ced-a7f7-317afa270399,2021,2021-01-23,22cc3729-2c6a-46eb-a661-6aa2e4d614a3,4a06993f-d792-4e09-941b-89a318b29c41,8,1,5.389569475787877,0.7779244550398159
b4e12eb5-b5b2-4069-a510-771ca67955db,2021,2021-01-23,71111d59-04ba-43c8-8c36-6303a4242bc9,27945734-1ebb-4e9f-957f-162878724b27,52,1,20.517901236128456,0.9802905667377897
b89da69b-c5c5-4bce-a60d-85ec69eacf78,2021,2021-01-23,add66488-b462-4823-beba-4981e3cfc5a6,01bd3978-4bb2-4761-8b57-3b19be7a2d53,1,1,-4.1102056812090515,0.391036820230215
b8d1e237-35e2-405f-bcfc-b30b92c55ec1,2021,2021-01-23,7fd23de2-bd4b-4f67-a1b5-a7b146c2b64d,d7ae1172-7174-4b23-864e-b95c3dac4ee4,10,1,5.093359910418997,0.6938017043170365
ba9e4bae-fb4b-44e0-94a1-ee69982c4ea8,2021,2021-01-23,f5596042-c045-40b8-ab41-32e53c8c5ca2,ab3af85c-525d-434a-95d6-fcc4a957eff7,12,1,12.203116483588952,0.8730580108845114
c0becdad-c1ec-4c7f-b21b-fbe52af73224,2021,2021-01-23,1b0747e9-4222-406e-b8c0-c34ca2f87eaa,f445b0db-d21a-4072-a2b8-e50c33f349fd,11,1,9.079487382580476,0.8714368739882397
c3369f22-58ef-44be-9d17-e20ac102dabe,2021,2021-01-23,89842734-b541-434c-9195-ca36a4f9ac31,0833ed3f-41b2-45fd-90f1-ea76c6f32453,-11,0,-2.2439999668474218,0.4082017205884378
d1dd3e7e-d43e-4dd7-a51d-3f876217c0b1,2021,2021-01-23,bb66865f-a1de-4b72-ab9b-65e3f6bf5317,8b3aba69-54a9-4b40-9e60-b34816308953,-8,0,-8.088898419699783,0.24925467650123725
d558b66f-fd8b-49ae-91f3-5de12fd046be,2021,2021-01-23,7bc520ba-ad37-481d-bf32-21fd30db278d,a4527c7b-f261-4b8d-91ed-120ffb1cbba9,-22,0,-7.054299421413153,0.23136703672629105
d883c4de-c217-4aec-bfb3-d15047fdb9d7,2021,2021-01-23,f3e1a0c8-4c68-4907-93d0-69899161295f,a90b7bea-0089-4676-8695-8e71d497e83b,32,1,18.25458198426488,0.9429318628072176
d8ab5d37-d11b-4907-b414-c7915725e5c0,2021,2021-01-23,d2735ccc-baf8-4ea0-910b-fe1214c0e75f,ff21b338-6ab1-488f-9763-c7b74e4c4a66,-14,0,-4.031385295409098,0.30249021055956027
d975bf99-a851-4107-8e73-f15d16da2ef9,2021,2021-01-23,3a65e16d-46ee-4ba4-9bdc-df6b25859655,c54c27f4-6038-479f-81a5-076e8cb3facf,-5,0,7.8791050774827776,0.7502695307683737
de95f649-1431-4e2e-9b92-36cbeb938df6,2021,2021-01-23,09041490-ab7d-4030-827e-618471802c87,6d3ad5c0-7493-4b78-8c6a-dfaa0ae9bd2b,7,1,-3.497837112402388,0.37757127323327383
df8082b9-1f80-4fcc-9083-36a0506ecb78,2021,2021-01-23,bc5931c7-39dc-48fd-a545-fa48a2d7e3b0,a40c4843-5038-4590-b917-003fb8a02a33,-23,0,-4.482449057534197,0.36736484926213103
e70a125c-3f00-4903-b380-b41bb9dc1f6e,2021,2021-01-23,40dca164-63a2-4620-aaff-78a2c75fe5f0,38c4b228-dd15-4b05-bf9a-6e01fad39132,-9,0,-12.654859597195278,0.06595800055490406
f076eb93-1e9c-4487-b397-3184efa39ad7,2021,2021-01-23,0f5a1494-b3ca-4532-8777-55217ec53868,57b3f53c-c3e1-4345-acf1-d392e30fefb5,2,1,11.040373729327023,0.8599892195828057
f4144199-2fb5-45f6-9e5b-508f2be1c8c9,2021,2021-01-23,8870b73d-31e2-48d2-99b8-bf750c8cb9e1,afd0bd2f-740b-44d7-8be1-cb790093f9bd,-8,0,0.5206239152588034,0.44904340092925416
fa9c2bfc-2ef0-400b-80d4-e4518289d75c,2021,2021-01-23,7ea7c61f-1804-4780-a693-f73ac177f85a,e514e7f6-9987-4fc1-a0a9-152b9c628601,19,1,7.404210792335032,0.8153748722084836
0982336e-56f5-40bb-a2d7-ddd063744f7d,2021,2021-01-24,091152bb-d0ed-4dd5-8b1a-201f53945a40,d4f12cb0-b551-45d3-9418-8f5971ea059e,-7,0,0.38969176440019554,0.5304105616213918
12a847f1-150d-48b6-83d6-42f08ebf82e9,2021,2021-01-24,b279d0ab-6fc5-4502-9d4c-8eb065752d95,9f2f419d-e3e3-487e-ac82-4bf10a2b7d06,12,1,15.626582551831692,0.9259190092329654
37f17a05-bd77-46cd-b124-c0bf8b7514c8,2021,2021-01-24,ca6ae5c4-e5b9-4cd7-8594-2d85ad2d786c,71ce4b4a-9645-46f8-9879-88330df117fd,4,1,-0.9058447806163568,0.5066973096493774
3b0aecd0-dbb0-4b1d-ac3f-d1df49e6f672,2021,2021-01-24,755f4f60-e8ea-4b47-bc85-0014523f73aa,a718200e-3c95-4e78-bc52-6d49f14c042f,-16,0,-11.93023621442534,0.07178618866181666
4b1faeb7-5087-410f-8958-c7e331b1c3e8,2021,2021-01-24,cb43e269-2abd-4d96-9227-ea36fba50b7c,d32dd807-9ee5-45de-822a-61d30e953a37,-9,0,9.995833159594602,0.832566110217522
5f8d2a71-04f4-4cf9-9a5e-0f34d18e7895,2021,2021-01-24,09041490-ab7d-4030-827e-618471802c87,6d3ad5c0-7493-4b78-8c6a-dfaa0ae9bd2b,-19,0,-4.242902840039865,0.3648291534580261
6417813b-a680-4063-a085-8158ab4f2c04,2021,2021-01-24,0f5a1494-b3ca-4532-8777-55217ec53868,57b3f53c-c3e1-4345-acf1-d392e30fefb5,-5,0,14.639414337850162,0.8658735217044518
65b4439d-dc3f-4d41-ac0e-544ef10ce804,2021,2021-01-24,3a65e16d-46ee-4ba4-9bdc-df6b25859655,c54c27f4-6038-479f-81a5-076e8cb3facf,-3,0,3.454335610704756,0.6446986796569395
8046e33c-5530-49e8-9cc3-f508f700c435,2021,2021-01-24,a926c3ea-f3c3-4378-a2d5-606018157fc0,d4c5bc9c-035c-4638-8430-5f2bddc79182,24,1,13.22878933979126,0.8801269933290468
96f5d06b-e951-423f-84b3-319f3ee2945c,2021,2021-01-24,6d66d3c2-401b-4192-9132-138219cae626,9e06016d-f8c4-49a3-ac5f-65d4cbd68ec1,10,1,13.39522531964714,0.8977810168983346
9ac14b33-ca17-4471-9c2f-aaaa10177812,2021,2021-01-24,d6262d9b-c701-4974-afbd-ef478e74fe8b,b027da3b-02b3-4b06-8d11-4355379c190b,-4,0,6.798380672509484,0.7648592066256986
9e7a6404-bada-41e8-afdc-a7e7263bbd82,2021,2021-01-24,37642fa1-3eb0-4eef-8973-ede3736321db,aac9f779-7e88-494c-86d3-09b2e9b47e39,-13,0,-10.180762793623892,0.15597863448401397
a1551cd0-df00-427f-9a23-9c3819c74d0d,2021,2021-01-24,be9c1710-e299-4eaf-897e-3c4035465ce5,c74d9ff8-2f1d-46cc-84b3-d54659a3d1f2,-8,0,11.041650980106287,0.8667928341712233
a1760fdf-002d-4a9d-9cdd-241a61f8a9ce,2021,2021-01-24,f1d509bb-1611-40e4-9fde-815980bd35d2,778d14a6-8a28-49c3-ace7-8f277bc67e86,-5,0,-0.7399803741673353,0.5467320911679479
b66bb773-6f30-4787-b837-285d24920189,2021,2021-01-24,b88cbfee-e95b-4c99-bded-c0d5d62e9e27,65a307ba-6078-40b4-8bc1-1f5f541185cc,5,1,-2.4392624605700703,0.379346430956517
cfff5b2f-1e7e-46b9-b3f9-a09a3108b6d7,2021,2021-01-24,31fed56a-3c76-439f-b5e1-27215eebf2d7,69adf56f-3e48-489b-9508-454a85767e9e,-14,0,-2.774243410019981,0.33709361831784584
d84776ca-eba4-45b3-8187-0021bef4e804,2021,2021-01-24,90c24aef-e6b2-4203-8a3e-243ff680b3c3,9938a7ec-1bf0-4e63-9399-d9b959a6fa7d,5,1,9.955574508642055,0.8528349999766783
f55e25d9-a5d5-4d3a-aa2c-65aff2f31dca,2021,2021-01-24,dfc69d97-4abe-4ae0-b091-329cef3c70b0,066a8484-fc6f-4b34-a34e-12b5a0ccad51,4,1,-7.1146155336678225,0.2657704924405076
07c0d6c8-5a9a-462b-906b-da0018cc9528,2021,2021-01-25,a926c3ea-f3c3-4378-a2d5-606018157fc0,d4c5bc9c-035c-4638-8430-5f2bddc79182,-15,0,9.530031882025854,0.8465235114506282
15a91ed4-28d6-4a34-99d2-e3c2ea337dbe,2021,2021-01-25,539b6837-bb92-4554-91a0-8f0d949d8b0f,6b306c8d-0a54-4bfd-a6b2-4e9dce397e36,3,1,-7.912653226658714,0.1732022376300907
249c1beb-c75c-4c62-b611-03ec163a685f,2021,2021-01-25,b279d0ab-6fc5-4502-9d4c-8eb065752d95,9f2f419d-e3e3-487e-ac82-4bf10a2b7d06,9,1,15.892273689983957,0.9267912783087963
337af188-07b4-4735-9d77-00b7fcb3742a,2021,2021-01-25,108a5456-9d8f-4862-9227-c26693cf6180,a32cf399-a569-42dd-b4e7-d8e7054234c7,2,1,-8.739831133042617,0.18817119426913592
4f2c1d69-392b-468f-87d6-a9027ea86618,2021,2021-01-25,d1f54cdd-6d42-4df8-ae4b-e74ee175e8ea,e8e53526-9614-4a00-9699-83239ddc2c7b,3,1,8.384613372044,0.812439435632258
88b3356c-0134-4c92-b427-f8972c46fbb7,2021,2021-01-25,2fb5419d-1828-4c58-92b0-39fc3073197b,1dcc19aa-e509-4cc5-93e1-29c1a093fcd9,23,1,4.27155462556605,0.7582934658605607
96788ed8-d520-4188-ab6a-b761b68c1981,2021,2021-01-25,bb66865f-a1de-4b72-ab9b-65e3f6bf5317,28164465-b0c4-4d92-b609-51debab55256,-25,0,-19.168314474289165,0.04861310183038562
9d53866a-a2c2-4eef-9bd0-c1c08e5e325f,2021,2021-01-25,a33a65ab-deec-4f5e-bf8d-b665170497f2,962b3e60-24df-4af4-82d2-3a9c8442765b,13,1,8.279510668825276,0.8323239301755032
abfa6071-2a27-4ff2-985e-1f7fdd22ec09,2021,2021-01-25,0877aa4c-b7a5-42ae-b49a-14eee0c2d037,e4353941-7ec1-44f7-be8c-925b3fd274b1,-10,0,-0.266471873491434,0.5684228550648939
c3f98ba5-3016-4ddb-883c-d2b7764a4a21,2021,2021-01-25,40dca164-63a2-4620-aaff-78a2c75fe5f0,9c02ba5f-0fff-4649-aa68-3daaefc3de96,-17,0,-11.467648716635432,0.08354005855549128
d86474a7-dcd6-4dca-8dcd-782d50d76a51,2021,2021-01-25,d060a457-6325-4436-8b0c-e45c7cea013e,2f742ceb-17ab-4e32-864c-437353b864ac,1,1,4.650272531916678,0.7300916629285927
ec541aba-e96e-4eb0-b659-42e7b70139e4,2021,2021-01-25,c6b5e189-79b5-4b48-9cb2-4f886c6004b8,82ef743e-9bd4-4c80-a4ab-5e3ba42e84df,-21,0,-9.947059691027071,0.1468865941371274
edd8b3b8-3d81-45a9-a5e9-fe3a237ad66f,2021,2021-01-25,37642fa1-3eb0-4eef-8973-ede3736321db,aac9f779-7e88-494c-86d3-09b2e9b47e39,-7,0,-11.5177068064577,0.1365273159037708
010e010c-96a0-44d4-b58d-73f7227ebf0a,2021,2021-01-26,22cc3729-2c6a-46eb-a661-6aa2e4d614a3,db815d0b-90db-442a-bd3c-358f64389ce0,11,1,1.7514877913950104,0.5784256131144084
05e9dde5-dd79-4196-859d-42b576bd7283,2021,2021-01-26,a50a0a91-c116-4f66-aac7-a7d111bc002b,87e5e0aa-2b2a-488e-b794-3945da8bd1c1,4,1,8.059657161713854,0.7836649468702063
09e8c624-9f87-4e35-84e5-159c1847e1c7,2021,2021-01-26,d1f54cdd-6d42-4df8-ae4b-e74ee175e8ea,e8e53526-9614-4a00-9699-83239ddc2c7b,12,1,9.281661501189728,0.8242292245326268
0b213ac5-1388-4ec2-85a4-be0a98ba5f4a,2021,2021-01-26,5cf12fde-f3ee-42c2-be66-d7a7f79401e9,4a06993f-d792-4e09-941b-89a318b29c41,3,1,9.260142436380972,0.8641536338531166
17d93f73-fb1f-4ef4-b96d-a7825fa13578,2021,2021-01-26,a4527c7b-f261-4b8d-91ed-120ffb1cbba9,56a79fee-eea6-42d7-b3b5-aa619168e7f2,-9,0,-3.993580789439381,0.3597875546560365
1e4194f8-c004-47b3-b2fe-a6c4ac4bc287,2021,2021-01-26,79e17be8-1403-48c8-b264-4748e43d8e8f,c17206f6-29e6-4785-8241-eb88a39a59c2,6,1,2.52640413196626,0.6053918546447286
1e9c96e8-868d-4b29-8c25-6db0ba492b95,2021,2021-01-26,79955c01-036a-420a-b25f-29b26f20da6c,ce493494-f12c-43fb-87e4-cdd4763ea2c0,9,1,5.5804330377534095,0.698067510314255
2475c954-2400-41ee-b2d1-27d870ce6d87,2021,2021-01-26,01bd3978-4bb2-4761-8b57-3b19be7a2d53,7fd23de2-bd4b-4f67-a1b5-a7b146c2b64d,-10,0,-1.9040538757419168,0.5294491486972969
2b353bc7-ddf6-4224-8edf-966d910155f6,2021,2021-01-26,88b507e4-37af-4b0c-b7de-e68864346922,87c9d84a-7778-47cb-9a33-085caf9ea361,7,1,2.120025791948036,0.640548505053792
2dd0f729-eaa8-4410-93ee-725362d7f2f6,2021,2021-01-26,f445b0db-d21a-4072-a2b8-e50c33f349fd,763f60a9-832f-4cde-b69f-33db7addad25,-12,0,-7.410711807259212,0.20082786175724454
476152cb-e1cc-4179-977b-86e159810211,2021,2021-01-26,c7d87cd7-eae2-4537-ae95-cc39f7dc0d08,0e7751bd-fff8-4fa2-a4a4-d7dafd8f4929,-5,0,8.676146473135494,0.7819813421643584
5c325a80-d0cb-4a7b-94da-fccdd91cb032,2021,2021-01-26,09cbbea3-cb20-4e66-b03a-d5dc4cfbaef1,60f79bad-642b-493c-b616-4f07e42a8fd1,-2,0,-2.524821382635443,0.3743969313752726
654d4dfa-f73a-4dd7-bfce-9e9f889dd8ea,2021,2021-01-26,03b9b8ef-ee62-41e5-8ba6-9845ca44dc4a,d748b419-f41e-4b46-aff6-ce66b3442549,12,1,12.392335247700052,0.9202924453614536
8bc57151-24c9-46dd-9ef5-76e4199da5a0,2021,2021-01-26,a068e9e2-d76e-4fa3-a94b-f1f2d845b000,27945734-1ebb-4e9f-957f-162878724b27,-13,0,0.923204347741918,0.5027182891099259
90ebe09a-d150-443c-914d-21f78aeaa03e,2021,2021-01-26,a13cbd69-d194-4c61-a684-c8fb7beeabc5,f8baf0de-c953-49cc-9127-a520fdc65e97,23,1,15.703039440079516,0.9552606625609301
917d699c-f5e4-46fd-b907-70d94c8ae190,2021,2021-01-26,a90b7bea-0089-4676-8695-8e71d497e83b,136c7ecc-ca9e-456b-acfa-e4b5947012f2,3,1,-7.250207563559742,0.2305254292695059
9c4d3ac8-dd83-446b-bbdc-445364a2644e,2021,2021-01-26,efbf7b44-08c9-42ef-949f-9b2ec88fe96f,7bc520ba-ad37-481d-bf32-21fd30db278d,21,1,14.12265512836983,0.9081933370480798
bea6d2d3-529b-411f-a1b0-e3116cc08054,2021,2021-01-26,bb1da9fa-7bba-489b-8fe0-96fa412241b5,9a4cc655-94cb-423f-8249-a9cc2637eb22,-1,0,1.3587002247074635,0.6054411118868731
e5c4a6e7-e4ee-4ac7-b219-dcbf345f8245,2021,2021-01-26,ec1ed234-8d20-4e67-801f-337e542c0916,28f58893-fbf6-40df-8b08-24c4b0ab191d,-7,0,0.9269898987524249,0.6210183088335428
e6992c2b-bd02-438e-a435-c4a9fc9777e1,2021,2021-01-26,910d5e81-1944-4780-9aeb-883182d61f8a,7497b121-940a-4021-ad6d-b2d8569a97db,-23,0,-6.778994029517758,0.3469504803382105
052cd6cf-9355-42fe-990e-7d1854928d4f,2021,2021-01-27,d7ae1172-7174-4b23-864e-b95c3dac4ee4,add66488-b462-4823-beba-4981e3cfc5a6,5,1,12.955624664537666,0.9188539019869212
05ae8853-544e-41ac-9122-76924f999f04,2021,2021-01-27,a0942322-0725-4156-a535-e621d291382c,e7739ef6-94c9-4206-be27-00d9c5e52ed3,8,1,3.692496005085515,0.7336932291436826
05f14750-17b2-4589-8fc9-f5d8d03461dd,2021,2021-01-27,4fe53bf9-1004-4171-b2e1-81188834c232,5fc77d2f-aff7-4bba-bc4b-08cbef83f991,-13,0,-3.2999958482991354,0.38082080219906483
05f2e663-d2f4-4242-ac8b-b05bdf846161,2021,2021-01-27,d4f12cb0-b551-45d3-9418-8f5971ea059e,9938a7ec-1bf0-4e63-9399-d9b959a6fa7d,15,1,13.178046371888867,0.8784879894964748
0af10b7f-ce12-4fce-865c-482f03eedbe6,2021,2021-01-27,8b67941e-9cd8-42e9-94ec-60a1d10cbc84,312a2f51-9f81-43c4-8a40-680e9596a196,24,1,-0.058236426121429964,0.4640687307005774
19b13cb9-f669-4ffb-b3f2-9893c7074bff,2021,2021-01-27,48ca0d7e-2fa2-4fe1-9469-069d9fbef3a1,d9734c47-4710-4741-aee3-f1b78e2c7494,12,1,13.601529668460575,0.9442292554904439
2023186a-e92e-4fed-8396-0cd4c08d7bd8,2021,2021-01-27,80a4de01-2d01-4f5f-a169-ef1375b3bb6f,b474ccdd-467a-4295-86a9-293837900322,26,1,6.076796454803641,0.7819732326461482
24fc9c41-472d-48d2-965d-397243e131f8,2021,2021-01-27,9e06016d-f8c4-49a3-ac5f-65d4cbd68ec1,e3763c93-ae5c-4fd1-a27f-9d171958e4cf,-24,0,-8.394784407543868,0.17422568393622084
263378c4-03da-4f58-8d8d-4799b31e56be,2021,2021-01-27,539b6837-bb92-4554-91a0-8f0d949d8b0f,6b306c8d-0a54-4bfd-a6b2-4e9dce397e36,-9,0,-8.338706400839444,0.1671609766812563
2d94d55f-5286-4b1d-a645-152d5ae671a5,2021,2021-01-27,18cfad04-c27c-45fb-ac76-6a19e57ea922,1b0747e9-4222-406e-b8c0-c34ca2f87eaa,15,1,5.966839046917292,0.7768535400538041
2fa11a8a-96ba-4e30-bccf-bd8ac5a2deda,2021,2021-01-27,ec1ed234-8d20-4e67-801f-337e542c0916,28f58893-fbf6-40df-8b08-24c4b0ab191d,-5,0,1.275003626676411,0.5697715544219081
383b06f1-5564-4a83-8469-2a2f44b99bb7,2021,2021-01-27,70f9ea29-5535-4360-a3d6-3390ad8ff0ff,c86929e8-d014-4027-814e-17e5b57f90b6,4,1,9.429118853306639,0.8322836086979808
3a2a71f6-a354-4313-ba12-23948826ad73,2021,2021-01-27,c76af57c-a3dd-470a-8f02-e61a707c7f55,c9a13806-ceac-4436-87fa-6d19c5d3b834,7,1,9.310342538231103,0.8311194103361365
46329065-82bc-4167-85dd-f167abb609a0,2021,2021-01-27,a77eeeed-4789-4b3d-9a4a-9e5ace1b0a0c,4817cf1e-b367-4536-bf93-6181f7054683,7,1,7.592888813808395,0.7778866123921935
56b52525-416c-443e-a585-545e9b7fe8fa,2021,2021-01-27,dfc69d97-4abe-4ae0-b091-329cef3c70b0,d9734c47-4710-4741-aee3-f1b78e2c7494,-15,0,-4.836144139724569,0.3877700904725674
75d8a73d-144d-4929-8e53-78cf62487cc2,2021,2021-01-27,09cbbea3-cb20-4e66-b03a-d5dc4cfbaef1,60f79bad-642b-493c-b616-4f07e42a8fd1,8,1,-1.7898848185518341,0.36206917395439575
7fd0211d-a86d-4935-95fb-6b661d9a4e6c,2021,2021-01-27,a3b8173d-a2ea-4988-90d5-e3b32953c6c7,606739b3-e8e7-44ed-9240-a2e69bae9106,3,1,-4.328078281653587,0.27271072825970644
80c19dcd-6cce-443a-ba62-38f14b4a58a1,2021,2021-01-27,02d4cbfd-8634-43dc-999a-f4d32f7f47c2,6d66d3c2-401b-4192-9132-138219cae626,-13,0,-4.807736490921976,0.3000158642231791
967e7048-e8fa-4b39-81cc-57049fb388a0,2021,2021-01-27,e514e7f6-9987-4fc1-a0a9-152b9c628601,d386331b-232f-4ecf-a546-1b84ed9526d9,4,1,6.13704808178833,0.7554810453308703
a0dbd033-fdff-4db1-b35b-265dd60f291d,2021,2021-01-27,2c3cfe98-5d8e-4156-8f96-72afb8b46504,28535578-a0da-4a5f-8dbf-c99868d82178,20,1,7.3740354340015815,0.7979179875007433
a90fd678-f9cc-4df9-a369-5eb396d47a23,2021,2021-01-27,69adf56f-3e48-489b-9508-454a85767e9e,0a452dfe-75eb-47fa-8dae-92da3589f9e1,-11,0,-1.7363623398399126,0.45741817318423245
ab3b3373-c41a-4fda-bf4f-a166e2fbc48e,2021,2021-01-27,9a4cb8a6-1c95-4ac2-8acf-2d47cead4af7,5674afbc-6b30-4a05-927a-54e7f8738250,12,1,3.2890908522451396,0.6299828450399252
aeda9961-e08e-43b1-b930-b82f27ae3990,2021,2021-01-27,7ea7c61f-1804-4780-a693-f73ac177f85a,31fed56a-3c76-439f-b5e1-27215eebf2d7,22,1,15.035248968240914,0.9406610373146906
b1f68fe6-1ab1-40aa-88c4-bd66c7f6feaa,2021,2021-01-27,b7f1c2f4-6663-4bc1-b876-e5f847662b75,4ea3ab1d-d0d5-4c9c-9a61-71a678342af9,48,1,28.290290922958523,0.9790614736447247
b4634e52-6a9b-4d85-a041-bad857d52720,2021,2021-01-27,e963123a-d677-4acf-ac24-9e0bbf199293,7ba7ec2a-91c9-4856-bc4a-1b75f450061b,8,1,-5.474382248369043,0.2848558803887532
c6af01f8-8506-4604-9468-a2fb77285262,2021,2021-01-27,ad1c4459-ab7e-4b35-aa93-85c1630c6cfb,6b800506-0715-4d71-93e9-8887bd0ead96,22,1,2.462443386966291,0.6709491049339706
d40b1a9a-d00b-44bd-b046-5f02772bd7c3,2021,2021-01-27,d075203a-3279-49c9-b79e-ddf5a673fdfa,778dcf04-00e0-4120-b1d6-36d83e57ad32,9,1,7.1097942332095965,0.7729883265771563
d9e0f1a7-45a7-40de-957c-fc6b1c008c23,2021,2021-01-27,be962bf1-1af8-4d6e-b983-d820cbae2dba,ab413d6b-1afb-44fa-9134-499b5b046de1,-6,0,2.4207672836564558,0.6401926217320452
e664748f-6772-4939-95db-cb3d519025b0,2021,2021-01-27,9ded2a57-a14f-4961-ab3b-efca70d91b7e,864ea5b8-fceb-456e-9434-d7b7a0170357,7,1,15.446517596732,0.9168626137227118
f250d2bb-d162-4d74-9a64-05bad2f517f1,2021,2021-01-27,f76767a6-8e9e-44e5-8211-21524f364137,fc86f8b9-5e54-4f2a-af3d-e48ecf83543e,-5,0,-8.40678229351542,0.15078306308019104
0612f335-2065-4699-983a-09e7f4645c30,2021,2021-01-28,79cb7a8a-d332-4b0b-8f8e-8b2de552964a,b4d453f5-49b1-4a4f-8d76-30ed0f77fab4,1,1,-3.325602336657121,0.3110368226984758
09696e19-7a1e-4532-bf2f-42f32dda5ee1,2021,2021-01-28,56d96aac-d4d5-491b-a3e3-da2b2a39e261,0877aa4c-b7a5-42ae-b49a-14eee0c2d037,4,1,14.710879919301576,0.916893783053945
23e9a549-0165-4b79-afd6-ea2382b7c245,2021,2021-01-28,6dd43d39-7fc6-4bb1-8e18-9f7214921d79,b88cbfee-e95b-4c99-bded-c0d5d62e9e27,30,1,17.081835173198737,0.9628734583224852
274e8c3d-b62a-4cf3-9d16-308b378b9023,2021,2021-01-28,407824c5-1c41-4866-976d-ae32fddf4868,15ea3800-14b2-4e3e-8a6d-e9a6490fc965,-23,0,-16.25130904913739,0.04276635793398328
435e029f-6b05-4573-9e48-e3ff4255e30e,2021,2021-01-28,a33a65ab-deec-4f5e-bf8d-b665170497f2,d9ee64a0-7aab-47e1-b2ab-9018c4bfeda5,-9,0,5.546584040248131,0.7410667173344201
6139c40c-fabf-4bdc-bc26-76ac1d9e0edf,2021,2021-01-28,87e5e0aa-2b2a-488e-b794-3945da8bd1c1,a50a0a91-c116-4f66-aac7-a7d111bc002b,2,1,-0.6695257625917715,0.4742164302114667
723f6d17-9b26-41b2-8c96-5b519ad28322,2021,2021-01-28,53bc6533-b761-4ad9-8807-3eed852c09cb,2f3ac2cf-a76a-437a-aed6-239ac78ea5c6,20,1,17.48583525357488,0.963387166881319
72c29089-8630-4446-afef-0c9164956dbd,2021,2021-01-28,5c08d048-2b8b-4f14-ba62-eb65192229fe,f3e1a0c8-4c68-4907-93d0-69899161295f,-19,0,-0.8779036134189346,0.45098310188553464
7d9bdcfe-6c46-491b-9e2f-3c333d0aa6ce,2021,2021-01-28,8b3aba69-54a9-4b40-9e60-b34816308953,60572384-23ce-4f11-a5a4-237b9e9088cd,-28,0,-22.49979214750242,0.030068789979081124
972776e4-5920-4a65-893d-9c64a4970235,2021,2021-01-28,bb625b21-99e6-4de0-bcd7-8e346265e676,af4cd665-b16b-433a-98b4-bc859c73052e,-13,0,-9.542108264495178,0.13576167323746396
a86bf797-58ee-4867-a2f4-19e4d1a60c57,2021,2021-01-28,1f5cd38b-8ede-4730-82a5-cab59b37dc50,840b9de7-98d4-40aa-a950-8449a61d7408,8,1,16.444608157061165,0.9609443966874103
aef69e7b-3370-4add-806c-b983dd3d8b93,2021,2021-01-28,0a90783a-38de-46db-ac4e-70329fd95b95,f5575a20-19d0-45ee-b978-be17d4021703,2,1,8.326310044970267,0.8377363919819997
b3c0daaa-0bf3-4743-8ea4-f29a39d6f989,2021,2021-01-28,755f4f60-e8ea-4b47-bc85-0014523f73aa,f5596042-c045-40b8-ab41-32e53c8c5ca2,-11,0,-12.681047454734674,0.061836940262577966
b6422cea-c540-4fc8-b718-ed5d61c528d7,2021,2021-01-28,136c7ecc-ca9e-456b-acfa-e4b5947012f2,27945734-1ebb-4e9f-957f-162878724b27,2,1,7.849565536911123,0.8095448926620014
bbf3137b-008e-43a0-b9b7-50892800eda1,2021,2021-01-28,88c28db5-60be-4385-8263-91e66e360407,71111d59-04ba-43c8-8c36-6303a4242bc9,-5,0,-5.15739518216898,0.3070466719043641
befc293a-3830-4e6b-8ba9-c8ee575d4124,2021,2021-01-28,79c95d32-81a3-4876-a67e-d05c472f970a,34447800-60a5-477a-9ea3-6157f0f7913f,-25,0,-14.921603072109143,0.043956922951362276
cb582357-ee59-46a2-9cca-8e41adddbc8e,2021,2021-01-28,b027da3b-02b3-4b06-8d11-4355379c190b,3f7f94a0-e27a-4e82-b5d0-9098123024ec,30,1,7.422293485871896,0.7834030193815651
cc882f7a-a7bf-42a4-9589-8cd25d1f4e74,2021,2021-01-28,a90b7bea-0089-4676-8695-8e71d497e83b,a068e9e2-d76e-4fa3-a94b-f1f2d845b000,10,1,3.489675760526666,0.6656985391230278
d78d8f4a-ff6a-4480-9b5a-b54700fb1e4e,2021,2021-01-28,1c833156-3165-410b-8ea4-41b6d79c4db9,ec88e63f-bc10-42ce-85e4-e0c498a1d450,7,1,2.2291076048357277,0.584032241157646
f2b3b77c-0261-4d1f-9251-da0ebb002b26,2021,2021-01-28,28fca8fc-b927-47d8-b900-d08b656fc31d,37642fa1-3eb0-4eef-8973-ede3736321db,6,1,-3.178595525229615,0.36510615484760056
f3949388-fbef-47b2-a49e-121dbab99c67,2021,2021-01-28,962b3e60-24df-4af4-82d2-3a9c8442765b,043f7037-fcb6-454b-9a9f-a594935d08e4,4,1,8.276215793376823,0.8105586311236755
f6c53da9-8814-4b9c-b1a8-0981b8cc32c8,2021,2021-01-28,a542240d-13f0-4c97-8c81-319e88fd0a4b,0833ed3f-41b2-45fd-90f1-ea76c6f32453,13,1,12.214861430434137,0.9109302352926428
01ec1c4a-d3f2-46ac-8080-aa2eff945ee1,2021,2021-01-29,a40c4843-5038-4590-b917-003fb8a02a33,b2fbe1bc-ec5e-498c-a480-7297ce829e25,-2,0,-2.516716881069402,0.4611966757970842
07e2a089-18ed-4e12-8714-35db72dc2a2e,2021,2021-01-29,406e5c75-29d7-4b2a-a2ef-4cb52cf8d6fd,ab809053-61f1-4e08-b787-e2dc84bca58d,8,1,8.533362033244622,0.865164902124278
0bb0df11-6afb-4b65-836a-d9c4a447d6a7,2021,2021-01-29,e9e62a4d-2506-411b-937f-e8afdde25d61,663c15de-2cf7-4168-8027-739db580bf6f,6,1,8.445062540700825,0.8404378400375451
0e6e79ca-ae3c-40f5-bf8e-fbf01299499a,2021,2021-01-29,81e7c995-a578-4623-93a0-bce731349a82,c03bf34d-cf8b-43da-883c-63212ac85d42,2,1,0.8538563406383024,0.5459285071306919
15a918cf-90d7-4cab-abb9-fb50d6e70197,2021,2021-01-29,5ef3daf9-ea79-4c33-82af-051ce15768a4,d67d284d-01be-4022-bef1-4dc3a3219c5d,32,1,14.502374483172362,0.9393015450423944
1c4dbb57-3c7c-43d2-87b4-f99f1443a41d,2021,2021-01-29,9b89639d-46fe-4e4e-a653-d50f1554a3bc,bc5931c7-39dc-48fd-a545-fa48a2d7e3b0,-6,0,11.307964875826357,0.8599597908380889
36cab66f-9e2e-4b1d-ad3d-1e474bb6cfff,2021,2021-01-29,2a24713b-eeb8-4e74-a07d-69cdfec67b7a,418b21e5-7710-4e33-8bba-6fba764d7962,-5,0,-9.723428985967617,0.13527840773084682
391e0a7c-718b-4dc7-9b65-834752bf0cb0,2021,2021-01-29,ad1c4459-ab7e-4b35-aa93-85c1630c6cfb,6b800506-0715-4d71-93e9-8887bd0ead96,-8,0,0.47789582049466034,0.5140039847012898
4a123161-e8f1-42ce-9e31-b81d631efb57,2021,2021-01-29,0332dc1e-1ed0-4388-ac2d-a566c094f746,ed8cb4c0-c6d4-4461-be8c-ecf8fe13668f,4,1,14.895171916743289,0.904125600337737
4d6439e4-1e83-466b-ba9d-d84da04c82d4,2021,2021-01-29,9b5c6906-1c60-4032-9d9c-b47f0d65ffb6,3ba902c7-2efa-4126-94ed-50c44b1d6904,-15,0,-1.9024435898216063,0.49432646925634294
4f261d2d-a27b-46a9-9a07-2f51dba6f25f,2021,2021-01-29,e687ef09-eee8-4a26-95f0-6f5cd1505777,a2efd3f2-660b-487e-b25d-31519e7b6064,-10,0,2.6527917991539662,0.6113312349551583
6b6b5325-139e-4449-9f75-952f5cb9e7b6,2021,2021-01-29,b9a980be-8e9f-43c2-8ebb-aff1b8f682df,b9939a4f-3583-4099-a977-cbe1cee7f252,5,1,2.896875016632664,0.5485368424058615
75fd6eb0-aa77-469f-a3df-39d79ebbd4fa,2021,2021-01-29,56d96aac-d4d5-491b-a3e3-da2b2a39e261,0877aa4c-b7a5-42ae-b49a-14eee0c2d037,-2,0,16.04174778030125,0.941774161659007
79bd4aea-ab0d-452d-8257-b1a729d94906,2021,2021-01-29,bd6e89c5-780b-4f2d-ab4e-08806fef5cca,3c0057db-cd3e-4c86-ac2d-2e6eef1a00c3,6,1,0.9944008513998233,0.5334258864892718
7a8697b9-d0ca-4550-8000-8785f5027447,2021,2021-01-29,33c3ebe5-ba0a-4f61-a304-3552be342274,6f11a51a-1a8a-4212-9e1e-14660575c751,4,1,11.823817479421951,0.8796934266013359
7e6b3d29-5dc9-47b4-9857-862935c6d8a3,2021,2021-01-29,97af561a-907a-4616-9013-45a60140ff7b,fdd20a72-c679-47c5-b98d-7bbdc6be2ae8,4,1,-3.7383928109319546,0.33639784200991085
8b368894-49d0-4410-ac8f-8ab545789424,2021,2021-01-29,d9903224-7c66-416a-a0f6-db933fda49e2,dc228f38-de10-460f-a1ce-1a5ae09472b1,5,1,-0.1340120142711952,0.5386039624705371
8db3f714-fa8e-44a1-b215-444beed65896,2021,2021-01-29,b279d0ab-6fc5-4502-9d4c-8eb065752d95,a926c3ea-f3c3-4378-a2d5-606018157fc0,-4,0,7.485095984022385,0.8105864941526758
8eb8ffc0-9841-44c3-9633-32bbbf235a7a,2021,2021-01-29,d4c5bc9c-035c-4638-8430-5f2bddc79182,fc2ab8b9-b25c-46a3-81e7-a6abf8ffedad,-4,0,-0.25357563783407017,0.4974938794943852
8f4ae22b-6aed-4a39-a54e-35df999f4b8d,2021,2021-01-29,ab3af85c-525d-434a-95d6-fcc4a957eff7,7c838356-4125-427e-901a-a8b36e899403,-5,0,-9.407120804994243,0.1781538434278238
9525c934-8184-4476-b8e4-1baac5fe4e20,2021,2021-01-29,57b3f53c-c3e1-4345-acf1-d392e30fefb5,e6abc32a-c68e-4ea2-988d-1737d7ebfd4c,-4,0,-7.884004204498627,0.2243490433811601
977a4aab-a0ac-4af2-8e40-5d3efd1ad3d4,2021,2021-01-29,f5d57088-23c0-4976-a83a-8c99281931f6,c1fbdd92-7438-4374-a4ca-db062202a38e,-3,0,0.4239135937294857,0.4671836480490326
97c2ce6e-ea33-4471-859a-8044e1c968a6,2021,2021-01-29,a6d03753-cd42-45b7-bb87-6739693b2f19,d82db419-c4a4-4310-8c3a-84bc0542041a,-17,0,-5.619967559884231,0.20476707249643222
9b5949ca-423b-4835-a8fa-f545d573257e,2021,2021-01-29,0ca618bb-3ba5-4356-8c01-9e5cfb52204c,3430a126-cdee-483f-87c6-4ffbe51d0170,4,1,1.239407762921323,0.5184767068699626
a6b6f66f-d1d9-4100-a86a-aa4a5c1c301c,2021,2021-01-29,44353014-53ae-4005-89ae-a4f9fb38617b,a4954c6c-2e69-4e49-b1be-c644601316d2,9,1,-4.788981129522874,0.23167534241923451
c02a309d-2d45-42ca-996d-79285fc52e58,2021,2021-01-29,c495ddbc-3e45-4407-b7fc-b5a98991f77b,a13cbd69-d194-4c61-a684-c8fb7beeabc5,-1,0,-1.8438731149637078,0.4506897817247298
c584c429-fb40-48c8-93e3-718cce9ccf81,2021,2021-01-29,7ae4eaea-598c-4482-8e63-6e6d8c551817,98f9a7be-62b0-4061-8581-26e893126aee,8,1,6.480002040657519,0.7563636721776599
d3f9176b-6b48-4d32-8945-a96b3e865a88,2021,2021-01-29,89ec300c-19c0-4347-84cf-163d9811eb3e,391a8f2e-7e33-41c3-b05a-8eaf0f2c0243,1,1,-0.2993307784629931,0.44158456541449864
d43bafaf-ab11-4bb9-96f6-c4ff64adeab3,2021,2021-01-29,6b8b49f4-4a9d-45d4-ab16-595b1b537d76,a347102a-5bf0-43d6-9e6a-98e689acb371,-21,0,-6.7699020505459675,0.20619294014958706
f0197900-9edc-468e-a15b-d110be5a555e,2021,2021-01-29,7762910b-d109-4bc1-9bcb-67979c692279,9f2f419d-e3e3-487e-ac82-4bf10a2b7d06,1,1,10.869829761549479,0.9063374662978378
f0d1cbb9-9056-487c-92c3-80027d476dce,2021,2021-01-29,fbaa3865-aab6-429f-8f27-779aa41e9ae6,06cde4eb-c418-4639-936e-3daf9cf03433,-4,0,3.853912054672507,0.6528614753422962
f1685be0-4162-42bb-ab6e-d1fb4c0b782e,2021,2021-01-29,5a2971fb-7668-4c9d-959c-3cc5eeee6791,c8552860-c6f5-4179-b43e-c55775da1d48,-2,0,5.309150251421618,0.7769924428985546
01c93f9a-871d-438a-8ef8-a098c95455cb,2021,2021-01-30,81e7c995-a578-4623-93a0-bce731349a82,c03bf34d-cf8b-43da-883c-63212ac85d42,-12,0,0.7979713400131134,0.5538313555546996
0414e01e-d288-4849-83f9-0ab87706b082,2021,2021-01-30,606739b3-e8e7-44ed-9240-a2e69bae9106,c32d1a7a-7843-46a2-aba9-7550d7ea2b38,8,1,11.371969906317018,0.8655690789655142
07b7ca37-f01c-4c3a-8f14-ace413d804b7,2021,2021-01-30,312a2f51-9f81-43c4-8a40-680e9596a196,1b0747e9-4222-406e-b8c0-c34ca2f87eaa,10,1,-2.9433241428813464,0.3940592238161573
07f801f3-8190-47a4-8cd2-6ba9efcbbfdf,2021,2021-01-30,9a4cb8a6-1c95-4ac2-8acf-2d47cead4af7,e7739ef6-94c9-4206-be27-00d9c5e52ed3,6,1,-3.199348578804507,0.4015501536481068
0885e319-c153-4b49-9a71-8f5b93ede94b,2021,2021-01-30,33c3ebe5-ba0a-4f61-a304-3552be342274,6f11a51a-1a8a-4212-9e1e-14660575c751,14,1,10.58343908757391,0.8762070897297328
0e7e7c99-0f6e-4d26-b860-96590c8f6fa7,2021,2021-01-30,6d2ae003-7cee-4a99-b121-1c27fe92e96a,d075203a-3279-49c9-b79e-ddf5a673fdfa,1,1,3.6849218169101157,0.6094376344639035
1101df01-c02d-4647-a4bf-01c6859836c8,2021,2021-01-30,ff21b338-6ab1-488f-9763-c7b74e4c4a66,93706eaa-57eb-4415-be8d-eab0042ce36f,50,1,25.169132072366814,0.9834031381463761
113cb104-9244-48a1-a575-a683f93fe8a7,2021,2021-01-30,0a452dfe-75eb-47fa-8dae-92da3589f9e1,2fb5419d-1828-4c58-92b0-39fc3073197b,14,1,-0.04333688955609336,0.5101520439907223
114ec0ab-8299-4994-baae-b7f11f3d54e4,2021,2021-01-30,c9a13806-ceac-4436-87fa-6d19c5d3b834,8b67941e-9cd8-42e9-94ec-60a1d10cbc84,12,1,10.317719346368786,0.8265675189719355
1275df13-6b45-4b17-ae7c-6c30664863ae,2021,2021-01-30,f1d509bb-1611-40e4-9fde-815980bd35d2,90c24aef-e6b2-4203-8a3e-243ff680b3c3,-9,0,2.4083831623525733,0.5682174196181671
14e6deba-cc29-4573-8263-8d87a081d87e,2021,2021-01-30,d9903224-7c66-416a-a0f6-db933fda49e2,dc228f38-de10-460f-a1ce-1a5ae09472b1,-7,0,-0.8623703317605836,0.44651504736001596
1540316c-39b7-44a8-8656-2a90282796f1,2021,2021-01-30,89ec300c-19c0-4347-84cf-163d9811eb3e,391a8f2e-7e33-41c3-b05a-8eaf0f2c0243,-11,0,-0.0987755875829087,0.4644240050263825
18a304b8-384a-4b50-8899-7b44e3c48a36,2021,2021-01-30,655e3157-6c29-45bb-9810-eefc2a0d509b,56a79fee-eea6-42d7-b3b5-aa619168e7f2,-18,0,-2.795774598895428,0.36489364811648667
210a22f2-b9e7-4eb6-b2b7-b80d70e85c76,2021,2021-01-30,a40c4843-5038-4590-b917-003fb8a02a33,b2fbe1bc-ec5e-498c-a480-7297ce829e25,1,1,-2.543558854991194,0.3667952843464852
219cbbd3-767b-466d-95fd-0f50c21838dc,2021,2021-01-30,b474ccdd-467a-4295-86a9-293837900322,1450fc17-28ed-4fe1-a784-71eaa519baa1,-6,0,-6.759351762383929,0.2623830309050873
231f5f70-e943-460f-abed-363ab8426f40,2021,2021-01-30,75be9823-4151-4c62-999b-0d1bd885e92b,e963123a-d677-4acf-ac24-9e0bbf199293,28,1,9.973671453287002,0.8389235963479439
239e032c-1270-4659-93c7-5ef16bc2f48a,2021,2021-01-30,9b5c6906-1c60-4032-9d9c-b47f0d65ffb6,3ba902c7-2efa-4126-94ed-50c44b1d6904,-7,0,-0.41187991464025964,0.5260128174237356
28115a57-b727-498d-84a4-e0e68cc3df2a,2021,2021-01-30,44353014-53ae-4005-89ae-a4f9fb38617b,a4954c6c-2e69-4e49-b1be-c644601316d2,6,1,-7.067827496232389,0.21095942889760616
37211209-e5d4-4863-9cd3-f21b3b21d782,2021,2021-01-30,bdd65ba1-f3b4-4da3-863e-1ab301468e5a,a77eeeed-4789-4b3d-9a4a-9e5ace1b0a0c,5,1,6.602996679794847,0.7532295997240502
39d4c16b-a128-4649-b34a-61aee15dd786,2021,2021-01-30,79c95d32-81a3-4876-a67e-d05c472f970a,34447800-60a5-477a-9ea3-6157f0f7913f,-19,0,-16.447364357909827,0.03855068480471412
3aee0f37-cf86-4166-97e1-0b2b4d8be1d2,2021,2021-01-30,5ef3daf9-ea79-4c33-82af-051ce15768a4,d67d284d-01be-4022-bef1-4dc3a3219c5d,4,1,14.262408485781444,0.9458530676271455
3ea3cdae-b2af-40a1-bb5b-29c35152623c,2021,2021-01-30,e9ab90ad-d1d0-4bcd-b2c3-90ed7076450c,7641ced1-436d-4cca-aef6-214829898d2e,19,1,8.721687956780588,0.7918564671688323
4129085c-1b41-4685-ab5f-52eca51dd3b0,2021,2021-01-30,153596ed-3c7a-404c-b510-15a532386899,0833ed3f-41b2-45fd-90f1-ea76c6f32453,5,1,7.129192837874826,0.733296560355897
4181b4b7-1822-49b3-b116-ce473839a555,2021,2021-01-30,a4527c7b-f261-4b8d-91ed-120ffb1cbba9,f8baf0de-c953-49cc-9127-a520fdc65e97,9,1,9.601689916318769,0.8754800074323499
439efab5-ce12-4dc4-b8a9-746ae90a4209,2021,2021-01-30,a90b7bea-0089-4676-8695-8e71d497e83b,27945734-1ebb-4e9f-957f-162878724b27,-16,0,0.799883597543289,0.5438955072175633
44830f89-9ba8-44fe-87b7-3bcbb4b421b9,2021,2021-01-30,e8e53526-9614-4a00-9699-83239ddc2c7b,18a7cc66-39df-49bf-b51c-0cbdd36426b2,-12,0,1.7486546940971148,0.6158097386878794
46922e7f-94b4-4393-82e2-7fe2a06f106d,2021,2021-01-30,5674afbc-6b30-4a05-927a-54e7f8738250,a0942322-0725-4156-a535-e621d291382c,-4,0,-3.147028826214133,0.37626355518545873
46b22b1c-a965-4795-be63-19dd0c4b552f,2021,2021-01-30,118354ec-fd34-4152-9760-dfed9430b49f,f3e1a0c8-4c68-4907-93d0-69899161295f,-19,0,-9.891328969523698,0.15720243575250903
486320ba-f17b-42fe-9235-c369a448e05d,2021,2021-01-30,88b507e4-37af-4b0c-b7de-e68864346922,e514e7f6-9987-4fc1-a0a9-152b9c628601,26,1,2.7658399155371827,0.5533089693125883
4dd8872d-cd15-4f92-80fa-1dddfb671ec2,2021,2021-01-30,2da144c9-32c5-455b-b0b2-a0f505e05133,3e008047-7af0-46d9-b2b5-f6c66cab441a,30,1,26.930494268881038,0.9858093885739637
51b6b877-cb8f-4ecd-9474-4f503fa69b4f,2021,2021-01-30,9a4cc655-94cb-423f-8249-a9cc2637eb22,22cc3729-2c6a-46eb-a661-6aa2e4d614a3,5,1,3.3593573451791436,0.6903156531843461
51c93af0-d19d-4526-b61d-4dbf25de530b,2021,2021-01-30,5a2971fb-7668-4c9d-959c-3cc5eeee6791,c8552860-c6f5-4179-b43e-c55775da1d48,-1,0,6.697588698677438,0.789178264846499
5201fd35-d153-4f3f-9daf-b098e936e635,2021,2021-01-30,ec88e63f-bc10-42ce-85e4-e0c498a1d450,1c833156-3165-410b-8ea4-41b6d79c4db9,18,1,2.478627454570044,0.5854980489838678
52e6cfd8-849e-4ef3-a1c6-24d7deee9b7a,2021,2021-01-30,57b3f53c-c3e1-4345-acf1-d392e30fefb5,e6abc32a-c68e-4ea2-988d-1737d7ebfd4c,2,1,-7.905737838652913,0.20418290547645937
5586805c-d86e-4d8c-aded-dfb19dfe6f8c,2021,2021-01-30,09cbbea3-cb20-4e66-b03a-d5dc4cfbaef1,e7a2f658-1de2-4cc0-8d28-60bb96dcb224,3,1,6.5698247791023565,0.8042494236626635
5669f52c-066a-461d-b483-e8c9a39abada,2021,2021-01-30,c093ef64-b2b0-4d6d-b73f-704e93170ae3,864ea5b8-fceb-456e-9434-d7b7a0170357,8,1,5.588352002901526,0.7470120340479915
5903ce5c-970b-40e3-a41c-6c05ce426cb2,2021,2021-01-30,136c7ecc-ca9e-456b-acfa-e4b5947012f2,a068e9e2-d76e-4fa3-a94b-f1f2d845b000,31,1,6.767469173270982,0.7814235841311958
5be43060-15ad-4101-929c-fcb4125fbf93,2021,2021-01-30,0ca618bb-3ba5-4356-8c01-9e5cfb52204c,3430a126-cdee-483f-87c6-4ffbe51d0170,16,1,2.1541749122407685,0.6329946072295675
5e2cad85-3787-4776-ac62-e7e11c4f25cc,2021,2021-01-30,a33a65ab-deec-4f5e-bf8d-b665170497f2,043f7037-fcb6-454b-9a9f-a594935d08e4,21,1,13.19894832497719,0.9307054389717773
60f86ff1-674d-40ab-862c-b8d1ef7179b3,2021,2021-01-30,82ef743e-9bd4-4c80-a4ab-5e3ba42e84df,18cfad04-c27c-45fb-ac76-6a19e57ea922,4,1,0.639415399100649,0.5101806312116814
63498e62-e6df-4ede-8fdf-7f24d5cf953f,2021,2021-01-30,d748b419-f41e-4b46-aff6-ce66b3442549,3ec8f5d8-3b24-42f3-af4c-a96a1f5f3a4a,-13,0,-0.006513860550654006,0.4441293701413211
66d71fa5-c5d4-4eb4-96e9-1d429f792db5,2021,2021-01-30,d4c5bc9c-035c-4638-8430-5f2bddc79182,fc2ab8b9-b25c-46a3-81e7-a6abf8ffedad,12,1,2.5353537642506514,0.6145311829141633
74a92180-596c-4b6e-96fa-e94d15ed6c16,2021,2021-01-30,6dd43d39-7fc6-4bb1-8e18-9f7214921d79,b88cbfee-e95b-4c99-bded-c0d5d62e9e27,27,1,16.688920360489032,0.9571332086007711
7c804a60-ef5a-448c-b719-8a840d60a0a6,2021,2021-01-30,a6d03753-cd42-45b7-bb87-6739693b2f19,d82db419-c4a4-4310-8c3a-84bc0542041a,3,1,-4.067366053039228,0.39829490218067276
80f2736c-5273-407a-9cd1-c3ea48c4db5a,2021,2021-01-30,f141277f-bb0f-4c67-a2a8-d75e65f9bb58,09041490-ab7d-4030-827e-618471802c87,21,1,2.998709546423348,0.6506807849248891
82a777f1-a10f-49cd-9353-3fe51e256d7f,2021,2021-01-30,e9e62a4d-2506-411b-937f-e8afdde25d61,663c15de-2cf7-4168-8027-739db580bf6f,8,1,8.021853027605038,0.8321175416609955
858b53ef-1ec2-4508-9122-36c634e8b886,2021,2021-01-30,e687ef09-eee8-4a26-95f0-6f5cd1505777,a2efd3f2-660b-487e-b25d-31519e7b6064,9,1,1.428615479716586,0.5151392986685455
893c61c9-6d76-4f42-afbe-3eaf67e9f236,2021,2021-01-30,7762910b-d109-4bc1-9bcb-67979c692279,9f2f419d-e3e3-487e-ac82-4bf10a2b7d06,8,1,11.52557840767878,0.8908475262777441
8b4d49ef-9c31-48fd-ba0d-9db4c9481202,2021,2021-01-30,0332dc1e-1ed0-4388-ac2d-a566c094f746,ed8cb4c0-c6d4-4461-be8c-ecf8fe13668f,2,1,13.298179515292155,0.8894136497953323
8d405dda-da5e-42f3-9326-fda67cda6c52,2021,2021-01-30,b7f1c2f4-6663-4bc1-b876-e5f847662b75,79e17be8-1403-48c8-b264-4748e43d8e8f,12,1,18.062770205912734,0.9658113440998588
8eb888ad-bc82-4b44-92c6-3b8e025f4304,2021,2021-01-30,778d14a6-8a28-49c3-ace7-8f277bc67e86,9e4719ed-a84f-4572-a1b8-d13c0997f3a1,23,1,5.229812884425956,0.7708688670661163
8ffe6384-960b-4e03-a7ef-5169a2084481,2021,2021-01-30,d060a457-6325-4436-8b0c-e45c7cea013e,c76af57c-a3dd-470a-8f02-e61a707c7f55,-5,0,5.737163356419881,0.7141153618982437
900707aa-6f04-41ab-8e9a-1ca92ece8dba,2021,2021-01-30,bd6e89c5-780b-4f2d-ab4e-08806fef5cca,3c0057db-cd3e-4c86-ac2d-2e6eef1a00c3,-13,0,0.6581639205509153,0.5225419034186106
987f099c-8d90-4611-82b9-5d5c2d5d5e9a,2021,2021-01-30,f5d57088-23c0-4976-a83a-8c99281931f6,c1fbdd92-7438-4374-a4ca-db062202a38e,-5,0,0.7519906492373649,0.5019073082966281
a044198d-4e06-4a08-9837-510314030373,2021,2021-01-30,962b3e60-24df-4af4-82d2-3a9c8442765b,d9ee64a0-7aab-47e1-b2ab-9018c4bfeda5,4,1,1.1824648140449643,0.549945772294177
a04c9ab1-f750-44d8-9a70-4b939e060870,2021,2021-01-30,efbf7b44-08c9-42ef-949f-9b2ec88fe96f,e4a5755b-3279-4861-b19a-6a7d500c6637,32,1,7.311768009462683,0.7580281149719615
a05004bd-11c2-499a-8364-38a43c5f8d19,2021,2021-01-30,a3b8173d-a2ea-4988-90d5-e3b32953c6c7,60572384-23ce-4f11-a5a4-237b9e9088cd,-22,0,-22.591725909965366,0.05686053488171337
a63ae00c-1949-4429-99d6-2185d3399081,2021,2021-01-30,4abfdf3a-98a8-404d-a53c-d4aed37d2942,a32cf399-a569-42dd-b4e7-d8e7054234c7,-17,0,-0.7609866443557349,0.4648428519649236
a6529cef-a800-4f5a-800e-83fea8ae7b53,2021,2021-01-30,d2735ccc-baf8-4ea0-910b-fe1214c0e75f,40dca164-63a2-4620-aaff-78a2c75fe5f0,3,1,11.153881496872815,0.8537579428518149
a825c7fb-0df6-444d-bfdb-5e212e2ab560,2021,2021-01-30,01bd3978-4bb2-4761-8b57-3b19be7a2d53,69adf56f-3e48-489b-9508-454a85767e9e,-26,0,1.977591745523613,0.5715938928518413
a8f624e5-0821-4fbd-9fb5-f057eb5f54b0,2021,2021-01-30,6b8b49f4-4a9d-45d4-ab16-595b1b537d76,a347102a-5bf0-43d6-9e6a-98e689acb371,-3,0,-8.580987009867245,0.13425197515348308
a9b95c28-8a50-4e5a-b1bc-5bce196a0076,2021,2021-01-30,afd0bd2f-740b-44d7-8be1-cb790093f9bd,80a4de01-2d01-4f5f-a169-ef1375b3bb6f,17,1,8.033356457797659,0.8258952368673045
b2030e79-cbf8-4315-aad2-9b4acb5ad669,2021,2021-01-30,38c4b228-dd15-4b05-bf9a-6e01fad39132,108a5456-9d8f-4862-9227-c26693cf6180,7,1,19.12957933261907,0.9690266538628284
bf312b33-8e8c-4659-84fc-6fce4202d148,2021,2021-01-30,c74d9ff8-2f1d-46cc-84b3-d54659a3d1f2,e877ffc7-a7b4-403e-96d6-b914bffbd505,-14,0,0.03507033344853012,0.4869705985026765
c2154bdd-f82c-4d61-96be-a11b95a2e67d,2021,2021-01-30,ca6ae5c4-e5b9-4cd7-8594-2d85ad2d786c,f4293af4-22a8-41f0-92c5-b4453f0088ba,-3,0,-5.191263318624514,0.3355827266572276
c30349a2-1087-48b5-8a86-45b07c18767e,2021,2021-01-30,406e5c75-29d7-4b2a-a2ef-4cb52cf8d6fd,ab809053-61f1-4e08-b787-e2dc84bca58d,3,1,8.698494325798167,0.84154414709231
c53cfeaf-990d-4c03-8532-af801f435220,2021,2021-01-30,9b89639d-46fe-4e4e-a653-d50f1554a3bc,bc5931c7-39dc-48fd-a545-fa48a2d7e3b0,10,1,10.648425109303368,0.8117976250573844
c9fb967a-8917-4e8b-8384-3a38341ad718,2021,2021-01-30,20c48cdd-dd4d-414e-bc3d-7ee42d9f47f0,2c3cfe98-5d8e-4156-8f96-72afb8b46504,-8,0,-15.568679070994202,0.041848609418823964
ccf6be3b-a264-48ed-b3d6-3b327dd74fd3,2021,2021-01-30,53bc6533-b761-4ad9-8807-3eed852c09cb,71111d59-04ba-43c8-8c36-6303a4242bc9,-1,0,-1.079971676030035,0.5016649223382121
ce975ac2-8a92-4176-ad99-52d29a04b4b3,2021,2021-01-30,510fb56d-2c4a-4f14-a5a1-e3b5856ec11c,8155a0ac-2183-484d-8689-b0855690cf48,12,1,2.0156883831410948,0.5902600276157753
cf33cfeb-c0c6-4508-9b90-bef6e6eb4c90,2021,2021-01-30,af41eb94-4a15-40c8-aec5-4bc9d72db801,02d4cbfd-8634-43dc-999a-f4d32f7f47c2,11,1,18.819424455706145,0.9685604984508327
cf7685de-8d06-4888-8426-585a0e1256f3,2021,2021-01-30,af4cd665-b16b-433a-98b4-bc859c73052e,bb625b21-99e6-4de0-bcd7-8e346265e676,3,1,12.438791366077862,0.9236541410671848
d0ecb267-43f3-447a-b1d8-1805edf2f6b5,2021,2021-01-30,48ca0d7e-2fa2-4fe1-9469-069d9fbef3a1,066a8484-fc6f-4b34-a34e-12b5a0ccad51,-3,0,8.905375062996702,0.8557727285539912
d26ec9fd-66b9-4b87-bb01-cd1c9bf12295,2021,2021-01-30,87c9d84a-7778-47cb-9a33-085caf9ea361,7ea7c61f-1804-4780-a693-f73ac177f85a,11,1,4.5745588240928035,0.6657996936948777
d3439b11-6a13-44ca-a042-5ad1579ec6d4,2021,2021-01-30,be9c1710-e299-4eaf-897e-3c4035465ce5,86a7a83d-0f48-49a2-a5f6-b2ce77628f2e,-11,0,-12.845745510945527,0.09880913312568772
d920d5d6-079a-436d-bcdf-b80069a8513b,2021,2021-01-30,88c28db5-60be-4385-8263-91e66e360407,2f3ac2cf-a76a-437a-aed6-239ac78ea5c6,15,1,12.296315350397752,0.9364962120837591
dabb5969-f785-41ca-886d-fcc6b44bd705,2021,2021-01-30,add66488-b462-4823-beba-4981e3cfc5a6,31fed56a-3c76-439f-b5e1-27215eebf2d7,12,1,1.1144685110889496,0.5772592921371414
dc526816-ae0d-448c-b4af-15be32801111,2021,2021-01-30,0bbcc1da-f270-44fa-bac0-cdc703144c9a,b5902d34-0cec-4f71-abdd-8eef757b4f9d,17,1,10.532124601502847,0.901676198327395
ddb9ee06-271b-4ef8-9197-054acd217c63,2021,2021-01-30,79cb7a8a-d332-4b0b-8f8e-8b2de552964a,b4d453f5-49b1-4a4f-8d76-30ed0f77fab4,13,1,-4.189429654705503,0.2919309431632787
e100dfd8-30fd-483e-8e21-186ed53f45de,2021,2021-01-30,4817cf1e-b367-4536-bf93-6181f7054683,ce493494-f12c-43fb-87e4-cdd4763ea2c0,-9,0,1.1336703318657055,0.5217629770604291
e5d505a0-872b-43a1-93fd-a66c3f7527a9,2021,2021-01-30,f96f8f4d-dbca-433c-8c11-1b8e00bddc6f,015a331c-b317-4974-afdf-1d3940b8e31b,-2,0,1.9442002866456112,0.5747169323912259
ea694dbe-7b2d-4488-8921-ec8c0add61d8,2021,2021-01-30,b279d0ab-6fc5-4502-9d4c-8eb065752d95,a926c3ea-f3c3-4378-a2d5-606018157fc0,-3,0,6.304486738455822,0.7987416101284718
f16577a7-83c8-4760-81c9-384867fb97b9,2021,2021-01-30,e3763c93-ae5c-4fd1-a27f-9d171958e4cf,910d5e81-1944-4780-9aeb-883182d61f8a,17,1,12.030636574141454,0.9014274230115197
f26eb507-9f2a-4a81-9f28-46aac3c1f59e,2021,2021-01-30,c17206f6-29e6-4785-8241-eb88a39a59c2,840b9de7-98d4-40aa-a950-8449a61d7408,4,1,11.157768857374892,0.8844433930943324
f72d9fed-1bf0-4e41-b26b-be5ca6fbcb4a,2021,2021-01-30,7ae4eaea-598c-4482-8e63-6e6d8c551817,98f9a7be-62b0-4061-8581-26e893126aee,-1,0,3.839108847237121,0.6743837278751512
fb3b2d63-1495-4d6a-98b3-c5470126ef8d,2021,2021-01-30,9938a7ec-1bf0-4e63-9399-d9b959a6fa7d,d4e88ce6-548b-4552-a74a-bc1ea7481431,-10,0,3.37307908224254,0.6455964764674073
087bb721-b6ad-46a5-a773-89945467b7de,2021,2021-01-31,ec1ed234-8d20-4e67-801f-337e542c0916,aac9f779-7e88-494c-86d3-09b2e9b47e39,-26,0,-8.999823940586861,0.18915357856119902
113a9094-b84f-45d6-89d7-da75f5d4445e,2021,2021-01-31,70f9ea29-5535-4360-a3d6-3390ad8ff0ff,3f7f94a0-e27a-4e82-b5d0-9098123024ec,17,1,12.845626170438678,0.9132961748071073
15f8cd91-bf5f-4f84-bc18-863ced78c695,2021,2021-01-31,7c838356-4125-427e-901a-a8b36e899403,ab3af85c-525d-434a-95d6-fcc4a957eff7,26,1,12.765246860637994,0.9043685542583572
17651555-2afa-4b71-8c4e-5e741317a7c1,2021,2021-01-31,f96f8f4d-dbca-433c-8c11-1b8e00bddc6f,015a331c-b317-4974-afdf-1d3940b8e31b,14,1,0.6257031044156558,0.5271370915442455
17d3a05a-0c35-4a9e-829b-b63260c5afc9,2021,2021-01-31,dfc69d97-4abe-4ae0-b091-329cef3c70b0,d9734c47-4710-4741-aee3-f1b78e2c7494,-15,0,-5.418021926664777,0.41636405752645544
1a80e1c4-d6b7-445d-87ab-1dfea27b9054,2021,2021-01-31,60f79bad-642b-493c-b616-4f07e42a8fd1,a471d7e5-16d8-494e-9165-a173f96f7141,11,1,-4.61556064628298,0.33126946294699783
29e31192-40f9-4bc7-a220-b6e1967e4786,2021,2021-01-31,cb06302f-f822-405d-b3b6-f60e377cb18d,21fbc5a1-d38b-48de-a0fa-3aeb653d8091,8,1,18.35466949152616,0.9446164477772706
3130aa8c-dc55-4200-be2d-f64f713eae3f,2021,2021-01-31,d1f54cdd-6d42-4df8-ae4b-e74ee175e8ea,37642fa1-3eb0-4eef-8973-ede3736321db,3,1,5.57885350469066,0.7393977702698744
3e7a1a2e-97e8-405c-99bb-da4e58779fc1,2021,2021-01-31,28535578-a0da-4a5f-8dbf-c99868d82178,fc86f8b9-5e54-4f2a-af3d-e48ecf83543e,10,1,6.138922273071094,0.7258816596693175
466cbac7-364b-4ff5-9b59-725e1025db19,2021,2021-01-31,65a307ba-6078-40b4-8bc1-1f5f541185cc,539b6837-bb92-4554-91a0-8f0d949d8b0f,29,1,10.00738343355268,0.8119398569670072
4fb7a25f-6057-4956-b3ce-2af4ec5f4aae,2021,2021-01-31,f1d509bb-1611-40e4-9fde-815980bd35d2,90c24aef-e6b2-4203-8a3e-243ff680b3c3,-6,0,2.6172478964194728,0.5453090204116289
50f7b4cd-44bd-41f0-976d-03dd4c2ff73f,2021,2021-01-31,19a55d43-b24a-464f-b974-586d0ca1325c,eda9532c-47de-441d-9f85-fbf7daf82acb,4,1,-5.769690543478944,0.3121519714657882
54ecb3a7-6059-4ea4-893e-012190452933,2021,2021-01-31,1dcc19aa-e509-4cc5-93e1-29c1a093fcd9,d7ae1172-7174-4b23-864e-b95c3dac4ee4,3,1,4.696278424360413,0.6765766487503919
550c5024-7fb7-443e-b832-a1dd0a576f66,2021,2021-01-31,e8e53526-9614-4a00-9699-83239ddc2c7b,18a7cc66-39df-49bf-b51c-0cbdd36426b2,3,1,1.3237555097575477,0.6032251909568256
81dbcbf1-5bee-4f6d-85b2-22abc56ead7b,2021,2021-01-31,35ca9192-f3aa-4b7a-8f4f-b9ee34e646d8,28fca8fc-b927-47d8-b900-d08b656fc31d,18,1,3.929399865738284,0.6778700837888043
96725702-2a96-41f5-8118-217b45f756cf,2021,2021-01-31,f74ac72c-18ac-4485-96b9-da12f2d6d2a6,34f97458-65e8-4b8e-b37a-9ae6b43d1469,-13,0,1.897832004898555,0.6593377643281435
9c775bbf-840b-4d0b-9fef-f0f937f741c7,2021,2021-01-31,f141277f-bb0f-4c67-a2a8-d75e65f9bb58,09041490-ab7d-4030-827e-618471802c87,-6,0,4.454838059914201,0.68933267065682
aeee1b0f-b327-4b3d-9ec6-7093966c9143,2021,2021-01-31,d4f12cb0-b551-45d3-9418-8f5971ea059e,29d731c5-9b13-44fc-a6f6-34f532cf02fa,9,1,2.9651217680173247,0.6840568793839179
b3f4fe68-f45f-4b0c-8de6-1bfb68cc302b,2021,2021-01-31,510fb56d-2c4a-4f14-a5a1-e3b5856ec11c,8155a0ac-2183-484d-8689-b0855690cf48,2,1,1.7863566715831516,0.5753223866569759
b8914e5b-d235-411e-b8af-b983e75b81eb,2021,2021-01-31,79955c01-036a-420a-b25f-29b26f20da6c,407824c5-1c41-4866-976d-ae32fddf4868,-17,0,5.686288897799446,0.6951040930542637
ba8104bd-0c8b-46a9-9405-c4d149783c50,2021,2021-01-31,778dcf04-00e0-4120-b1d6-36d83e57ad32,5fc77d2f-aff7-4bba-bc4b-08cbef83f991,-2,0,1.1294006934072354,0.5161004205044182
c7b2c9e7-38d5-4489-92d9-1617a7773bc9,2021,2021-01-31,9938a7ec-1bf0-4e63-9399-d9b959a6fa7d,d4e88ce6-548b-4552-a74a-bc1ea7481431,-1,0,4.508536610271899,0.710483781696001
d9e0a43f-c7c4-43cb-9235-ea85dc9d3c5f,2021,2021-01-31,e877ffc7-a7b4-403e-96d6-b914bffbd505,c74d9ff8-2f1d-46cc-84b3-d54659a3d1f2,24,1,5.30512534046609,0.7061699106868194
e17ea30e-4be5-4738-98b3-ceb5f0bfe7c3,2021,2021-01-31,09cbbea3-cb20-4e66-b03a-d5dc4cfbaef1,e7a2f658-1de2-4cc0-8d28-60bb96dcb224,-8,0,6.220927410442313,0.809863140841624
e35361f6-1e48-461b-8e86-068a3b71fa59,2021,2021-01-31,f5596042-c045-40b8-ab41-32e53c8c5ca2,755f4f60-e8ea-4b47-bc85-0014523f73aa,11,1,16.404184190586893,0.9606238555723425
e606ae2f-82c1-4168-8083-fa2480ad37ca,2021,2021-01-31,778d14a6-8a28-49c3-ace7-8f277bc67e86,9e4719ed-a84f-4572-a1b8-d13c0997f3a1,5,1,2.1960252437887284,0.616173811027387
eca5671c-8872-4151-a8b7-76c5d8c876bf,2021,2021-01-31,15ea3800-14b2-4e3e-8a6d-e9a6490fc965,87e5e0aa-2b2a-488e-b794-3945da8bd1c1,22,1,12.903691693850167,0.8952694012844297
f46d7179-d659-414b-b41b-6e077bdc77a4,2021,2021-01-31,68a49c87-4220-43d5-856d-ffc0507814a1,b027da3b-02b3-4b06-8d11-4355379c190b,-8,0,-1.8329640672377339,0.43118862472129077
f5bfc3f7-8728-4148-b7e5-1879c02e50d3,2021,2021-01-31,be9c1710-e299-4eaf-897e-3c4035465ce5,86a7a83d-0f48-49a2-a5f6-b2ce77628f2e,-18,0,-14.516604812954835,0.06201086781607043
fbf79810-981e-433c-a7de-3ce7fe5bbaf2,2021,2021-01-31,28f58893-fbf6-40df-8b08-24c4b0ab191d,a7f9d3fb-5741-4a3e-8505-026b862ce855,2,1,14.808955557227677,0.9335266286942995
3409d15f-3da0-46cf-8d3d-91ebd16221b0,2021,2021-02-01,ff21b338-6ab1-488f-9763-c7b74e4c4a66,40dca164-63a2-4620-aaff-78a2c75fe5f0,8,1,16.262561185913768,0.9613155540000267
355f2bff-679e-4e65-856f-5934c09a5ac2,2021,2021-02-01,28f58893-fbf6-40df-8b08-24c4b0ab191d,a7f9d3fb-5741-4a3e-8505-026b862ce855,35,1,15.164788122300656,0.9412862299193362
3bb26660-1681-4960-b67a-90a6454df61e,2021,2021-02-01,b474ccdd-467a-4295-86a9-293837900322,e963123a-d677-4acf-ac24-9e0bbf199293,1,1,3.670160974725621,0.6208641250335226
40be426b-48d7-498d-b512-fe013a19e7b5,2021,2021-02-01,9c02ba5f-0fff-4649-aa68-3daaefc3de96,108a5456-9d8f-4862-9227-c26693cf6180,24,1,18.013546188775738,0.9672438646625149
52d6861b-0bd5-48cd-bcb7-d40b74fdd1c5,2021,2021-02-01,136c7ecc-ca9e-456b-acfa-e4b5947012f2,53bc6533-b761-4ad9-8807-3eed852c09cb,-17,0,-6.8259534121053465,0.2550199189795512
5710e9a2-d1ad-43a6-841c-18825e8c6fd3,2021,2021-02-01,2f742ceb-17ab-4e32-864c-437353b864ac,9a4cc655-94cb-423f-8249-a9cc2637eb22,5,1,7.920787305079065,0.7985640588802603
67c4687f-7764-41ec-8905-b4a3c22a9e6d,2021,2021-02-01,d2735ccc-baf8-4ea0-910b-fe1214c0e75f,93706eaa-57eb-4415-be8d-eab0042ce36f,13,1,18.90398437541301,0.9590298220386163
698bcbc3-a5c6-4fb7-b4e6-ee809841c9ed,2021,2021-02-01,38c4b228-dd15-4b05-bf9a-6e01fad39132,390fa614-2e77-4abf-b1ec-27e1a10ef40a,17,1,15.208551846680278,0.946593205597757
7eca01b9-ab15-4f39-8804-4fb06cdc5e94,2021,2021-02-01,cb06302f-f822-405d-b3b6-f60e377cb18d,21fbc5a1-d38b-48de-a0fa-3aeb653d8091,15,1,19.115233895607172,0.9489623116703171
85da38aa-bd9a-414c-ba6c-4034115a5035,2021,2021-02-01,7ba7ec2a-91c9-4856-bc4a-1b75f450061b,75be9823-4151-4c62-999b-0d1bd885e92b,5,1,5.81579338411962,0.6929423170958099
a230b01f-e9a1-45ae-a214-04fed16f520b,2021,2021-02-01,d386331b-232f-4ecf-a546-1b84ed9526d9,87c9d84a-7778-47cb-9a33-085caf9ea361,16,1,-0.5435757107042756,0.43598217354369184
a959ed0e-0e36-4a20-8a11-04259340c502,2021,2021-02-01,d1f54cdd-6d42-4df8-ae4b-e74ee175e8ea,37642fa1-3eb0-4eef-8973-ede3736321db,12,1,5.536233864309427,0.7219545333933034
acd43d86-2eba-4b2c-9963-2d7ca03adc57,2021,2021-02-01,ec1ed234-8d20-4e67-801f-337e542c0916,aac9f779-7e88-494c-86d3-09b2e9b47e39,-20,0,-8.764604975418608,0.18298195839212072
afbe0371-ce9c-40e2-ac45-a64f1e7e27f7,2021,2021-02-01,a50a0a91-c116-4f66-aac7-a7d111bc002b,a77eeeed-4789-4b3d-9a4a-9e5ace1b0a0c,27,1,12.785068517566346,0.8959926347726556
cb9865db-8d60-4709-9876-72fbc91ecf41,2021,2021-02-01,85d6772f-58a9-4977-a921-8f928b661b1c,40b1411b-d25c-45c6-a6e9-b4636de2b348,14,1,6.676392096795237,0.8046494561442284
ee7a2f9c-94c1-4690-ba24-31b692f431c2,2021,2021-02-01,35ca9192-f3aa-4b7a-8f4f-b9ee34e646d8,28fca8fc-b927-47d8-b900-d08b656fc31d,7,1,2.42956919607424,0.6133299475861455
f4c8b78e-04f2-47cf-af48-cb6109d2a11c,2021,2021-02-01,27945734-1ebb-4e9f-957f-162878724b27,88c28db5-60be-4385-8263-91e66e360407,-15,0,-5.821122814058638,0.34736129752288947
00d62777-1a61-4abe-900c-cb0191372e45,2021,2021-02-02,bb1da9fa-7bba-489b-8fe0-96fa412241b5,b7f1c2f4-6663-4bc1-b876-e5f847662b75,-14,0,-5.244908784586189,0.28967730221828475
016beb16-ab47-4ac6-b36e-b6d47418cef2,2021,2021-02-02,1f5cd38b-8ede-4730-82a5-cab59b37dc50,4ea3ab1d-d0d5-4c9c-9a61-71a678342af9,23,1,16.518597308518864,0.977374880349806
05eccfb1-1297-4b17-ae9d-c4f88d63c560,2021,2021-02-02,19a55d43-b24a-464f-b974-586d0ca1325c,eda9532c-47de-441d-9f85-fbf7daf82acb,-4,0,-5.387718987330322,0.2906684974868474
1a4baa96-24a6-4328-8d73-a57200716481,2021,2021-02-02,be962bf1-1af8-4d6e-b983-d820cbae2dba,e9ab90ad-d1d0-4bcd-b2c3-90ed7076450c,1,1,3.0199208779955913,0.653670749352464
1d78bda9-d78a-46d5-8baf-8d94cfb90400,2021,2021-02-02,ca6ae5c4-e5b9-4cd7-8594-2d85ad2d786c,f4293af4-22a8-41f0-92c5-b4453f0088ba,-13,0,-4.695241951133411,0.3771839470185495
37020289-9dd3-44d8-80fc-24d50de2fc8f,2021,2021-02-02,8ceea299-77dd-44da-9ea2-e67e2b224bfe,a13cbd69-d194-4c61-a684-c8fb7beeabc5,-14,0,-11.856456459485646,0.07723818102372178
382eda34-a4c5-4b0f-90c2-e50912be5ac6,2021,2021-02-02,69adf56f-3e48-489b-9508-454a85767e9e,add66488-b462-4823-beba-4981e3cfc5a6,21,1,11.08494384904429,0.8773085732501085
38bc3b27-a07e-4325-91fe-195439212733,2021,2021-02-02,1b0747e9-4222-406e-b8c0-c34ca2f87eaa,5cf12fde-f3ee-42c2-be66-d7a7f79401e9,2,1,0.5467155832451972,0.5438117222892533
39f00868-2743-4828-a52d-2d71e7b1e377,2021,2021-02-02,b9939a4f-3583-4099-a977-cbe1cee7f252,3f7f94a0-e27a-4e82-b5d0-9098123024ec,6,1,15.312121566438192,0.9529034046284515
47e24cc5-3985-41da-817f-dad8f5f9912a,2021,2021-02-02,d9ee64a0-7aab-47e1-b2ab-9018c4bfeda5,a542240d-13f0-4c97-8c81-319e88fd0a4b,-6,0,-4.32848654332125,0.331935650734283
6c10f4ce-5ba7-45c6-a3e4-20c43dd10850,2021,2021-02-02,ab413d6b-1afb-44fa-9134-499b5b046de1,c86929e8-d014-4027-814e-17e5b57f90b6,16,1,9.22696276194071,0.8172643106321807
6f881809-c1ab-4e74-8612-341237dc87af,2021,2021-02-02,e514e7f6-9987-4fc1-a0a9-152b9c628601,7fd23de2-bd4b-4f67-a1b5-a7b146c2b64d,13,1,2.1319557502479536,0.593944533102846
86de5d57-b134-4729-b959-278d5e5e34f8,2021,2021-02-02,65a307ba-6078-40b4-8bc1-1f5f541185cc,539b6837-bb92-4554-91a0-8f0d949d8b0f,10,1,7.983116000497916,0.7984411551360961
9c0b2114-b7eb-4866-b971-eada7059b6ce,2021,2021-02-02,778dcf04-00e0-4120-b1d6-36d83e57ad32,d748b419-f41e-4b46-aff6-ce66b3442549,3,1,7.328994083083364,0.8144558562455471
9d6856ab-67ce-43d1-bc7b-7df2d53ba288,2021,2021-02-02,85d6772f-58a9-4977-a921-8f928b661b1c,40b1411b-d25c-45c6-a6e9-b4636de2b348,1,1,6.4526416652617105,0.8564265896212874
a5924db4-7e55-437d-a170-63edd9e8d93e,2021,2021-02-02,79e17be8-1403-48c8-b264-4748e43d8e8f,312a2f51-9f81-43c4-8a40-680e9596a196,-5,0,6.005929305810398,0.7388980625597019
a655ba09-e6ba-4d4a-9a57-4520e113373e,2021,2021-02-02,d6262d9b-c701-4974-afbd-ef478e74fe8b,b9a980be-8e9f-43c2-8ebb-aff1b8f682df,-4,0,-8.489963407033711,0.18443363903797066
a71f4771-415c-4fd2-882e-13f96da6490a,2021,2021-02-02,56a79fee-eea6-42d7-b3b5-aa619168e7f2,efbf7b44-08c9-42ef-949f-9b2ec88fe96f,15,1,8.298986375890237,0.857601399105701
ac31c813-a5ae-4cf9-b947-368496443d89,2021,2021-02-02,e4a5755b-3279-4861-b19a-6a7d500c6637,c495ddbc-3e45-4407-b7fc-b5a98991f77b,-20,0,-5.881831304931277,0.33723305413986565
b3dc8975-16a8-4d56-88ef-126a521e192d,2021,2021-02-02,18cfad04-c27c-45fb-ac76-6a19e57ea922,4a06993f-d792-4e09-941b-89a318b29c41,16,1,9.459961170650063,0.8305908234165685
cc0e8e4a-1faa-49b4-975c-221a3edce528,2021,2021-02-02,5c08d048-2b8b-4f14-ba62-eb65192229fe,2fb35c54-8f82-4531-86da-4f01cc0f9cf3,-4,0,6.913027553912187,0.7236514121844507
d906d2b2-14f1-41df-9f4d-660bcb274c73,2021,2021-02-02,e3763c93-ae5c-4fd1-a27f-9d171958e4cf,0e7751bd-fff8-4fa2-a4a4-d7dafd8f4929,5,1,3.695232717686658,0.5966258768238003
f7e6a268-f9df-46c6-afd2-55e407b39839,2021,2021-02-02,c6b5e189-79b5-4b48-9cb2-4f886c6004b8,d060a457-6325-4436-8b0c-e45c7cea013e,-4,0,-12.692874651508085,0.09673795760139518
f9da2445-83d7-4e5c-9112-38f146af157b,2021,2021-02-02,a1ec634e-e3a6-4f65-8cb4-cd9bc53448a1,a4527c7b-f261-4b8d-91ed-120ffb1cbba9,9,1,1.9406396749438417,0.6086125661133414
fdbfa1b3-d323-4d39-bf3d-f23a3ee4400a,2021,2021-02-02,27945734-1ebb-4e9f-957f-162878724b27,a068e9e2-d76e-4fa3-a94b-f1f2d845b000,-9,0,-1.2968133663240229,0.49729411108911625
35f8103d-abc9-4ff2-aa61-44529c00f699,2021,2021-02-03,f76767a6-8e9e-44e5-8211-21524f364137,28535578-a0da-4a5f-8dbf-c99868d82178,-9,0,-11.092175630806771,0.11481420761231609
367e6ca1-3e98-4ead-8663-f972318ffdfb,2021,2021-02-03,01bd3978-4bb2-4761-8b57-3b19be7a2d53,0a452dfe-75eb-47fa-8dae-92da3589f9e1,11,1,2.8058506638444896,0.6079614239878367
3cc35af5-fbaf-4dcd-bc96-4889c7a6a773,2021,2021-02-03,c17206f6-29e6-4785-8241-eb88a39a59c2,db815d0b-90db-442a-bd3c-358f64389ce0,5,1,0.5777735156633262,0.5337499857723552
613fcc09-c703-4d71-bc20-3bccb06ef7a9,2021,2021-02-03,4817cf1e-b367-4536-bf93-6181f7054683,15ea3800-14b2-4e3e-8a6d-e9a6490fc965,9,1,-19.056264097173216,0.034665266117839065
6314f945-de27-4565-8748-f4f4e0ea67fc,2021,2021-02-03,a50a0a91-c116-4f66-aac7-a7d111bc002b,a77eeeed-4789-4b3d-9a4a-9e5ace1b0a0c,14,1,11.268145462172765,0.8768769491272859
6a1f88b3-7d70-4e7d-b861-b96a67c0aff2,2021,2021-02-03,840b9de7-98d4-40aa-a950-8449a61d7408,82ef743e-9bd4-4c80-a4ab-5e3ba42e84df,3,1,-9.099430810760568,0.17483782489784228
7132788f-412d-461e-8777-4a1d7f27d444,2021,2021-02-03,6d66d3c2-401b-4192-9132-138219cae626,af41eb94-4a15-40c8-aec5-4bc9d72db801,-1,0,-5.602203628914456,0.2678870009103991
78c36159-eade-4044-9f11-859109ac62d8,2021,2021-02-03,bdd65ba1-f3b4-4da3-863e-1ab301468e5a,407824c5-1c41-4866-976d-ae32fddf4868,8,1,11.476362602888443,0.8673940369102628
8bbd1200-c4b9-4491-9c26-42a648a13c9b,2021,2021-02-03,02d4cbfd-8634-43dc-999a-f4d32f7f47c2,c7d87cd7-eae2-4537-ae95-cc39f7dc0d08,7,1,-10.57341657459769,0.13133761740910269
99aba70d-561a-48cf-8a21-3c1d581a0d09,2021,2021-02-03,e963123a-d677-4acf-ac24-9e0bbf199293,afd0bd2f-740b-44d7-8be1-cb790093f9bd,-19,0,-7.0536985357429876,0.16481782653855676
9e728e17-5ee0-4b30-a734-961b63bef07b,2021,2021-02-03,d7ae1172-7174-4b23-864e-b95c3dac4ee4,2fb5419d-1828-4c58-92b0-39fc3073197b,-7,0,0.2068188157335352,0.5079611313933184
a31b0f1b-f0bd-4a6b-8a27-d8e4bdaf27f9,2021,2021-02-03,ce493494-f12c-43fb-87e4-cdd4763ea2c0,87e5e0aa-2b2a-488e-b794-3945da8bd1c1,-2,0,-5.4779768335495085,0.3242676128330942
a53a82e9-6483-4369-8133-1a7c1e02c644,2021,2021-02-03,655e3157-6c29-45bb-9810-eefc2a0d509b,f8baf0de-c953-49cc-9127-a520fdc65e97,-6,0,9.175277243291855,0.8670409773184478
b2149083-87c0-4d55-837b-4cbfc5dc1042,2021,2021-02-03,eae08de3-3875-42d9-8dca-09e8016dea2c,75be9823-4151-4c62-999b-0d1bd885e92b,-6,0,6.431213364840708,0.718673938481311
b773d3dc-2a1a-4856-9006-c5bfd0c68aeb,2021,2021-02-03,c093ef64-b2b0-4d6d-b73f-704e93170ae3,20c48cdd-dd4d-414e-bc3d-7ee42d9f47f0,-9,0,4.22767173614085,0.6076988388274396
b80da45c-6e22-4894-b769-dc837508d876,2021,2021-02-03,d4f12cb0-b551-45d3-9418-8f5971ea059e,9e4719ed-a84f-4572-a1b8-d13c0997f3a1,21,1,8.510937326954748,0.8538075329013508
d36e91ca-7a17-480c-8ccd-75b82541deb2,2021,2021-02-03,b474ccdd-467a-4295-86a9-293837900322,8870b73d-31e2-48d2-99b8-bf750c8cb9e1,-7,0,-2.4509505579077366,0.36792278935902756
d6af4565-a46d-489b-b664-dda74f97625c,2021,2021-02-03,5fc77d2f-aff7-4bba-bc4b-08cbef83f991,9e43c63a-9088-4564-9aa3-bdb745d9c108,11,1,-3.639908996614106,0.3685179178378756
e9946f90-dbc9-4e74-a5c1-451e805fdb0f,2021,2021-02-03,c76af57c-a3dd-470a-8f02-e61a707c7f55,8b67941e-9cd8-42e9-94ec-60a1d10cbc84,-6,0,13.699620256126284,0.9274635011273343
f2302305-1d97-47a6-9643-49e6731e3ab1,2021,2021-02-03,7ba7ec2a-91c9-4856-bc4a-1b75f450061b,80a4de01-2d01-4f5f-a169-ef1375b3bb6f,-4,0,4.852661640720721,0.7478774534825879
ff0cec0f-4706-4d60-b264-539e825c3d9c,2021,2021-02-03,22cc3729-2c6a-46eb-a661-6aa2e4d614a3,763f60a9-832f-4cde-b69f-33db7addad25,18,1,0.28448070815082926,0.44124475301320154
42b247d7-2b0b-4b7f-b100-3dcb747b0e67,2021,2021-02-04,27945734-1ebb-4e9f-957f-162878724b27,2f3ac2cf-a76a-437a-aed6-239ac78ea5c6,8,1,2.756777682967486,0.6139480617977259
4efd442d-be3e-4428-b14c-3d95a29a4c83,2021,2021-02-04,0833ed3f-41b2-45fd-90f1-ea76c6f32453,dfc69d97-4abe-4ae0-b091-329cef3c70b0,20,1,9.95122943855708,0.8625587203457108
63cab4c2-d8e3-4905-b8e2-32fbb90148a4,2021,2021-02-04,79c95d32-81a3-4876-a67e-d05c472f970a,cb06302f-f822-405d-b3b6-f60e377cb18d,-14,0,-21.23238131085146,0.03364167602140158
6d1719cc-d271-49d8-9ddb-b507f8b0e098,2021,2021-02-04,a90b7bea-0089-4676-8695-8e71d497e83b,5c08d048-2b8b-4f14-ba62-eb65192229fe,-12,0,-8.767553803159375,0.17445208037447307
753ec05a-e669-460f-a36b-7552c39eb4f9,2021,2021-02-04,c32d1a7a-7843-46a2-aba9-7550d7ea2b38,60572384-23ce-4f11-a5a4-237b9e9088cd,-18,0,-20.659731963401768,0.034067847289683525
9051b9e6-46b0-4d4c-ac2a-b9a7e7d30315,2021,2021-02-04,2fb35c54-8f82-4531-86da-4f01cc0f9cf3,88c28db5-60be-4385-8263-91e66e360407,-15,0,4.768897888155239,0.6646513552541777
9bf5fe5a-ae4a-454b-b543-1409dc304e4b,2021,2021-02-04,34447800-60a5-477a-9ea3-6157f0f7913f,bb8be7f3-4f59-44e8-864e-119e0b8c18b6,8,1,12.717312766730933,0.918041264749464
9ef1a0c5-d06c-458c-97dd-2768d6f6ffa3,2021,2021-02-04,b279d0ab-6fc5-4502-9d4c-8eb065752d95,d4c5bc9c-035c-4638-8430-5f2bddc79182,6,1,11.79389962262805,0.9012237044379221
a2a8cdd5-cb1c-46f7-8b53-7ea62e11cfe5,2021,2021-02-04,b9939a4f-3583-4099-a977-cbe1cee7f252,70f9ea29-5535-4360-a3d6-3390ad8ff0ff,-4,0,6.228623888030268,0.7684397033185051
a8ede94a-6957-41a1-a60f-ef904316861b,2021,2021-02-04,b88cbfee-e95b-4c99-bded-c0d5d62e9e27,ad1c4459-ab7e-4b35-aa93-85c1630c6cfb,-2,0,-5.048015751545788,0.3458716820389515
af19ab59-dc63-41d7-90ab-1e752e1fb7fb,2021,2021-02-04,b027da3b-02b3-4b06-8d11-4355379c190b,7641ced1-436d-4cca-aef6-214829898d2e,4,1,5.339112424070162,0.7191552246960687
b23e7725-4bd6-45d0-91ee-6ff997fd3fac,2021,2021-02-04,f3e1a0c8-4c68-4907-93d0-69899161295f,53bc6533-b761-4ad9-8807-3eed852c09cb,10,1,3.9627832255580744,0.6463410898514123
b27cbc5c-4a04-4040-bc4b-5948569e9316,2021,2021-02-04,814dffa5-6fe5-4aca-ae7d-b099be2111aa,09cbbea3-cb20-4e66-b03a-d5dc4cfbaef1,6,1,3.923457259875664,0.6425258913837947
d7671794-a3ed-44b0-8628-6d9ff04be315,2021,2021-02-04,136c7ecc-ca9e-456b-acfa-e4b5947012f2,118354ec-fd34-4152-9760-dfed9430b49f,4,1,6.367903402785257,0.7536904489666254
da1f2e4a-6280-432b-aa35-c4fc1358defe,2021,2021-02-04,674e69f5-9ec1-406c-9c9e-0277406bb10a,59282bec-e8d6-40c6-973a-83051100421d,-7,0,-4.5242885945297155,0.294443849909411
e16db1e1-feca-4d9e-b5a4-8184e1ff9687,2021,2021-02-04,89842734-b541-434c-9195-ca36a4f9ac31,d9734c47-4710-4741-aee3-f1b78e2c7494,-3,0,7.365361363070416,0.8010842894761462
e24ac439-b599-4b06-8e6c-bf22e1895ddb,2021,2021-02-04,0a90783a-38de-46db-ac4e-70329fd95b95,6b306c8d-0a54-4bfd-a6b2-4e9dce397e36,-16,0,-10.776232191657272,0.11423213087601208
e7c75d28-2392-467a-86dd-6f9beee51ba1,2021,2021-02-04,bb66865f-a1de-4b72-ab9b-65e3f6bf5317,606739b3-e8e7-44ed-9240-a2e69bae9106,-45,0,-23.358751975059526,0.024583279181130416
f136024c-3124-485d-82f7-7ff0df2d4f44,2021,2021-02-04,043f7037-fcb6-454b-9a9f-a594935d08e4,d9ee64a0-7aab-47e1-b2ab-9018c4bfeda5,-15,0,-4.84393486552606,0.3420081178092861
f25a5fbd-eb16-4693-b081-7d82c9dead62,2021,2021-02-04,a068e9e2-d76e-4fa3-a94b-f1f2d845b000,71111d59-04ba-43c8-8c36-6303a4242bc9,-28,0,-10.996276614660404,0.07157361279519997
f622f40b-b13e-4aae-9178-3d77078bb1d3,2021,2021-02-04,066a8484-fc6f-4b34-a34e-12b5a0ccad51,a33a65ab-deec-4f5e-bf8d-b665170497f2,15,1,1.4278900066422502,0.5513007572797728
02c0e89c-a676-4510-a5a6-65bad39cec1c,2021,2021-02-05,0e7751bd-fff8-4fa2-a4a4-d7dafd8f4929,b5902d34-0cec-4f71-abdd-8eef757b4f9d,9,1,6.083655277864958,0.7992334181677359
08bd4d7b-c8fd-48eb-bccd-04014a874f6e,2021,2021-02-05,dc228f38-de10-460f-a1ce-1a5ae09472b1,0332dc1e-1ed0-4388-ac2d-a566c094f746,-14,0,-0.25824801743177167,0.48086393888588436
0b7063b5-bf00-45c2-971f-1b2d4207e290,2021,2021-02-05,3c0057db-cd3e-4c86-ac2d-2e6eef1a00c3,6b8b49f4-4a9d-45d4-ab16-595b1b537d76,3,1,0.5707468824685329,0.5809630318599894
1264816b-1895-4f9d-841c-833853ddf270,2021,2021-02-05,65a307ba-6078-40b4-8bc1-1f5f541185cc,6b800506-0715-4d71-93e9-8887bd0ead96,2,1,2.2145899624866368,0.6237036920641515
1def5221-7a87-48b2-8508-215ddd8d10c0,2021,2021-02-05,ab3af85c-525d-434a-95d6-fcc4a957eff7,bb625b21-99e6-4de0-bcd7-8e346265e676,26,1,9.385460785333317,0.852921524056311
238138f6-ef61-4640-a827-a4259c8f0c83,2021,2021-02-05,3d1c995e-040f-4e4f-84ff-f68fdad5ae74,5ef3daf9-ea79-4c33-82af-051ce15768a4,-8,0,3.259980687799067,0.6241612676164128
2ec4477a-0967-40ad-ab88-0e7593c84795,2021,2021-02-05,ab809053-61f1-4e08-b787-e2dc84bca58d,1c833156-3165-410b-8ea4-41b6d79c4db9,-7,0,-7.533414146059267,0.25456773299264096
345ead19-1e41-4028-b57a-3f54077a01b4,2021,2021-02-05,b2fbe1bc-ec5e-498c-a480-7297ce829e25,9b89639d-46fe-4e4e-a653-d50f1554a3bc,17,1,5.362788395771607,0.7020552227328148
4031789c-631f-4ed8-9ebd-91548263ac9c,2021,2021-02-05,98f9a7be-62b0-4061-8581-26e893126aee,3430a126-cdee-483f-87c6-4ffbe51d0170,7,1,2.859567331078958,0.5686602780265473
4e94eb9d-e64a-4751-9db0-904cd9943e0a,2021,2021-02-05,7c838356-4125-427e-901a-a8b36e899403,af4cd665-b16b-433a-98b4-bc859c73052e,-5,0,4.842851660521265,0.7035629304162807
5abe9eb8-585b-4e07-8a2e-51b51fad855e,2021,2021-02-05,ed8cb4c0-c6d4-4461-be8c-ecf8fe13668f,2da144c9-32c5-455b-b0b2-a0f505e05133,-25,0,-11.486652802325422,0.10353129137502322
5f34fbcf-648e-4813-9930-24162e69f088,2021,2021-02-05,b279d0ab-6fc5-4502-9d4c-8eb065752d95,d4c5bc9c-035c-4638-8430-5f2bddc79182,27,1,13.516246895181798,0.9279952317918125
63ae2ae5-652f-4f97-aa18-94a2c7892200,2021,2021-02-05,39ca9310-2efd-46a8-95b3-c8d65343ffa2,d82db419-c4a4-4310-8c3a-84bc0542041a,6,1,1.7452325078436624,0.5164601396074219
66a0ef04-5fbc-40dc-a069-4c94d8904e7f,2021,2021-02-05,7ae4eaea-598c-4482-8e63-6e6d8c551817,c8552860-c6f5-4179-b43e-c55775da1d48,8,1,1.0786547006738816,0.5670206244511896
79d2739b-4d21-4a2f-87d4-1f6e01e5e789,2021,2021-02-05,eda520a3-8273-4cf5-ad9b-3c26d698686d,77cf4e5f-d8b0-4af2-bdbd-162e845fabcd,1,1,-5.439546807508386,0.3220209735188629
7f6434f2-7037-4638-9cd3-7e9f90bc7bd3,2021,2021-02-05,d67d284d-01be-4022-bef1-4dc3a3219c5d,c03bf34d-cf8b-43da-883c-63212ac85d42,-8,0,3.868479078222541,0.6930553642991023
87b7ca4a-4799-4175-8e36-74cfd3b42554,2021,2021-02-05,a1ec634e-e3a6-4f65-8cb4-cd9bc53448a1,efbf7b44-08c9-42ef-949f-9b2ec88fe96f,-11,0,2.8342495893361574,0.5703124207042514
978bc469-5f30-48ad-88bc-0b24404c45ff,2021,2021-02-05,6f11a51a-1a8a-4212-9e1e-14660575c751,a2efd3f2-660b-487e-b25d-31519e7b6064,-5,0,-3.395584629910417,0.4151415284228492
9a251b97-3f61-44c2-8cc2-27e1207c851a,2021,2021-02-05,3ba902c7-2efa-4126-94ed-50c44b1d6904,e9e62a4d-2506-411b-937f-e8afdde25d61,-8,0,1.3367928289553435,0.5129570874630188
9ce5ced0-f32f-471d-ae1d-c2a304140f19,2021,2021-02-05,2f5716e4-e515-4210-ba95-863aeec7f43f,81e7c995-a578-4623-93a0-bce731349a82,-3,0,-3.432558242259723,0.4070705602282546
b26239b5-df1c-470f-af67-a5f54ee2e778,2021,2021-02-05,e6abc32a-c68e-4ea2-988d-1737d7ebfd4c,0f5a1494-b3ca-4532-8777-55217ec53868,7,1,2.617392893182856,0.5826091485163086
c8cf41c1-fa2c-4d52-b482-47d5a109c67b,2021,2021-02-05,c86929e8-d014-4027-814e-17e5b57f90b6,be962bf1-1af8-4d6e-b983-d820cbae2dba,5,1,-1.3180400042676577,0.44160678651964086
cecd570b-cc96-4e0d-89fa-a0719f926c03,2021,2021-02-05,f5596042-c045-40b8-ab41-32e53c8c5ca2,ec88e63f-bc10-42ce-85e4-e0c498a1d450,12,1,8.430825061521718,0.8124159532863555
f4cf09f4-af46-4ca7-96a3-a2019be836ca,2021,2021-02-05,3e008047-7af0-46d9-b2b5-f6c66cab441a,f5d57088-23c0-4976-a83a-8c99281931f6,-6,0,-5.550007363372059,0.3340954532925111
f6c7071d-bcc1-4731-8bd7-e6551c19fd97,2021,2021-02-05,674e69f5-9ec1-406c-9c9e-0277406bb10a,59282bec-e8d6-40c6-973a-83051100421d,-3,0,-4.66538469089732,0.28624138165535523
026dc11d-81fe-4fd7-883e-f2f4b6c52c89,2021,2021-02-06,fc86f8b9-5e54-4f2a-af3d-e48ecf83543e,9ded2a57-a14f-4961-ab3b-efca70d91b7e,7,1,4.097799892038836,0.6460037354027124
09a32621-f42c-4487-8ab6-b420c51d15f7,2021,2021-02-06,34447800-60a5-477a-9ea3-6157f0f7913f,bb8be7f3-4f59-44e8-864e-119e0b8c18b6,8,1,11.553054534438173,0.9123287520062879
0cbc8672-e838-4859-9880-b79d5ab7725e,2021,2021-02-06,a542240d-13f0-4c97-8c81-319e88fd0a4b,153596ed-3c7a-404c-b510-15a532386899,18,1,7.112037182426342,0.7783652002757072
1a6fc284-2262-425d-b789-b938ecc73558,2021,2021-02-06,6ef12ef2-4196-48f1-9341-3d9e2a4bc359,9938a7ec-1bf0-4e63-9399-d9b959a6fa7d,2,1,3.0869543721744526,0.6269115530788227
22149e02-dc1d-44ed-ac3c-e33385fddebb,2021,2021-02-06,39ca9310-2efd-46a8-95b3-c8d65343ffa2,d82db419-c4a4-4310-8c3a-84bc0542041a,4,1,0.7013562538093038,0.5278042304865079
2bcad4e9-30f2-45ec-9701-f9d86271d0a8,2021,2021-02-06,c093ef64-b2b0-4d6d-b73f-704e93170ae3,2c3cfe98-5d8e-4156-8f96-72afb8b46504,-15,0,-12.545846356817483,0.061781340668338125
34a64e7e-a948-4f25-9fa9-16982d429389,2021,2021-02-06,108a5456-9d8f-4862-9227-c26693cf6180,40dca164-63a2-4620-aaff-78a2c75fe5f0,6,1,2.4427387264186695,0.6179082439600742
34fd6927-da1d-4f32-a924-39ec8161920e,2021,2021-02-06,7ae4eaea-598c-4482-8e63-6e6d8c551817,c8552860-c6f5-4179-b43e-c55775da1d48,6,1,-0.16021781496916734,0.5702773855999542
36baf837-d92a-44df-8bf1-4310efd55455,2021,2021-02-06,2fb35c54-8f82-4531-86da-4f01cc0f9cf3,53bc6533-b761-4ad9-8807-3eed852c09cb,-12,0,0.4387204307103251,0.519787819357402
36ea57c8-0b5d-4900-8365-1b24529cde99,2021,2021-02-06,f76767a6-8e9e-44e5-8211-21524f364137,20c48cdd-dd4d-414e-bc3d-7ee42d9f47f0,-5,0,1.2601447161827846,0.5259479201086098
382c2875-347c-45d1-ac47-56d9cbd1c3ea,2021,2021-02-06,28fca8fc-b927-47d8-b900-d08b656fc31d,28f58893-fbf6-40df-8b08-24c4b0ab191d,-3,0,-8.117402513512681,0.22386086585248446
39c90b17-76c9-4547-a93e-77bf086a7e36,2021,2021-02-06,82ef743e-9bd4-4c80-a4ab-5e3ba42e84df,bb1da9fa-7bba-489b-8fe0-96fa412241b5,8,1,3.7940909700442433,0.6703217366783942
3aa7b8bc-6198-45a7-ba82-522ec556ee77,2021,2021-02-06,d67d284d-01be-4022-bef1-4dc3a3219c5d,c03bf34d-cf8b-43da-883c-63212ac85d42,-2,0,2.7503255041066703,0.670483670510723
3b08b543-83c2-4735-8526-c9dd835da361,2021,2021-02-06,c7d87cd7-eae2-4537-ae95-cc39f7dc0d08,0bbcc1da-f270-44fa-bac0-cdc703144c9a,11,1,3.164956617288852,0.6195237051096503
3cbd2c40-52aa-410b-a219-2c14a08b7358,2021,2021-02-06,5674afbc-6b30-4a05-927a-54e7f8738250,864ea5b8-fceb-456e-9434-d7b7a0170357,-10,0,5.089067184868142,0.7251861303830925
4034bc90-ab2b-4e81-8f68-7fc615f6e57f,2021,2021-02-06,2f5716e4-e515-4210-ba95-863aeec7f43f,81e7c995-a578-4623-93a0-bce731349a82,4,1,-3.5719545201717295,0.41326163506876995
4275a6cf-b96f-465e-af01-8ebdc08368a4,2021,2021-02-06,1450fc17-28ed-4fe1-a784-71eaa519baa1,7ba7ec2a-91c9-4856-bc4a-1b75f450061b,-8,0,5.542912568461763,0.720289001017242
44beb755-d8ca-430d-8968-b4f7c9dd3cce,2021,2021-02-06,a90b7bea-0089-4676-8695-8e71d497e83b,118354ec-fd34-4152-9760-dfed9430b49f,2,1,-1.362827615925306,0.48489443014602107
45425660-606b-4231-bed0-8cc8d3af17de,2021,2021-02-06,755f4f60-e8ea-4b47-bc85-0014523f73aa,406e5c75-29d7-4b2a-a2ef-4cb52cf8d6fd,13,1,-2.459058897091298,0.44153855243247647
494bbedd-fb21-40d7-9ca1-6ac87d54bcc9,2021,2021-02-06,d060a457-6325-4436-8b0c-e45c7cea013e,1f5cd38b-8ede-4730-82a5-cab59b37dc50,12,1,3.1610690605929084,0.6038273844811096
4a9b4fbc-64ec-4665-9284-7cfd09cb01e1,2021,2021-02-06,663c15de-2cf7-4168-8027-739db580bf6f,d9903224-7c66-416a-a0f6-db933fda49e2,7,1,3.8211834890235576,0.6450871746273126
4e11fd85-74b7-4d12-88fa-05f2c924b4be,2021,2021-02-06,3f7f94a0-e27a-4e82-b5d0-9098123024ec,c00c03b9-1bdc-4cb6-9896-c210e9ebf208,10,1,5.158076093310345,0.7147085144573997
5368f29b-de2b-444d-9c2f-90fa72922552,2021,2021-02-06,7c838356-4125-427e-901a-a8b36e899403,af4cd665-b16b-433a-98b4-bc859c73052e,2,1,4.536239153008679,0.6964329208856792
552068e7-a84d-46c8-8e69-6391386cb434,2021,2021-02-06,d748b419-f41e-4b46-aff6-ce66b3442549,4fe53bf9-1004-4171-b2e1-81188834c232,10,1,4.831738611179784,0.7405548876336032
5529cc25-08fa-454d-bc32-a6336972eebd,2021,2021-02-06,3c0057db-cd3e-4c86-ac2d-2e6eef1a00c3,6b8b49f4-4a9d-45d4-ab16-595b1b537d76,-12,0,0.11164004704222906,0.46051349607296344
55ccd758-3fcc-4fc0-a5f9-714b40893ab6,2021,2021-02-06,88b507e4-37af-4b0c-b7de-e68864346922,7fd23de2-bd4b-4f67-a1b5-a7b146c2b64d,-4,0,2.629857293030207,0.6012718389329804
564cf769-8d2e-43b3-88e5-20d3a0624301,2021,2021-02-06,38c4b228-dd15-4b05-bf9a-6e01fad39132,59ea3221-efd1-4aaa-8064-acad132dd459,2,1,8.654076838270996,0.8265457773010264
57fcb3ff-0cea-4c0f-b674-37857255f24e,2021,2021-02-06,a068e9e2-d76e-4fa3-a94b-f1f2d845b000,2f3ac2cf-a76a-437a-aed6-239ac78ea5c6,14,1,2.1957337422281404,0.5815133968604376
5851d21f-e1c0-44ec-befe-3650ae0fa0d1,2021,2021-02-06,db815d0b-90db-442a-bd3c-358f64389ce0,5cf12fde-f3ee-42c2-be66-d7a7f79401e9,-11,0,-0.8403543186111441,0.5651286444554328
6394d906-b123-42c1-8003-cccff3756f50,2021,2021-02-06,cc6f95f5-bb00-4211-89af-a4d26b18dc0b,d7ae1172-7174-4b23-864e-b95c3dac4ee4,-16,0,-3.446975537375623,0.3469403269235904
65a0a5dc-676e-40e6-aaaa-0c029ab3999f,2021,2021-02-06,539b6837-bb92-4554-91a0-8f0d949d8b0f,b4d453f5-49b1-4a4f-8d76-30ed0f77fab4,10,1,10.70566005078551,0.9076778946535828
68f0e674-9a0c-4031-bc8d-5540a1ada92c,2021,2021-02-06,dc228f38-de10-460f-a1ce-1a5ae09472b1,0332dc1e-1ed0-4388-ac2d-a566c094f746,-14,0,1.1123049355436634,0.5110719402282501
6f3e5bb5-7cc9-4f0d-8bae-9fc4cd6465a7,2021,2021-02-06,4abfdf3a-98a8-404d-a53c-d4aed37d2942,ff21b338-6ab1-488f-9763-c7b74e4c4a66,-8,0,-6.767084775848018,0.2283085732479879
6f9774e7-fc38-4e9e-bf48-9a0e40dca716,2021,2021-02-06,ab809053-61f1-4e08-b787-e2dc84bca58d,1c833156-3165-410b-8ea4-41b6d79c4db9,-43,0,-8.319950909473768,0.22231585005184648
73093267-7c70-4fb4-b359-64e159bc9103,2021,2021-02-06,9a4cc655-94cb-423f-8249-a9cc2637eb22,c6b5e189-79b5-4b48-9cb2-4f886c6004b8,7,1,11.24306689540047,0.8782213017836006
73793987-6bd4-4f01-9d6e-3fa06795b09e,2021,2021-02-06,312a2f51-9f81-43c4-8a40-680e9596a196,c9a13806-ceac-4436-87fa-6d19c5d3b834,3,1,-0.009545636514715638,0.5005220709651546
744e597d-03e3-4c8b-8aea-d77cfb7b9bee,2021,2021-02-06,136c7ecc-ca9e-456b-acfa-e4b5947012f2,5c08d048-2b8b-4f14-ba62-eb65192229fe,-12,0,-4.530482643558519,0.3071139306285755
77498b9a-839b-4bbb-a9cb-5e8db694d906,2021,2021-02-06,c495ddbc-3e45-4407-b7fc-b5a98991f77b,a4527c7b-f261-4b8d-91ed-120ffb1cbba9,24,1,4.997250539265832,0.7286924984838095
774cb5f3-7625-497e-a25e-3112a72ac6cc,2021,2021-02-06,b2fbe1bc-ec5e-498c-a480-7297ce829e25,9b89639d-46fe-4e4e-a653-d50f1554a3bc,-5,0,5.856195924265046,0.6436802455964779
7b2631c6-a080-47a6-9b46-be6b22e4b4de,2021,2021-02-06,5a2971fb-7668-4c9d-959c-3cc5eeee6791,0ca618bb-3ba5-4356-8c01-9e5cfb52204c,10,1,9.556682508579327,0.810095422193188
7c10a6e7-65f3-4097-b20a-69676693fb82,2021,2021-02-06,90c24aef-e6b2-4203-8a3e-243ff680b3c3,29d731c5-9b13-44fc-a6f6-34f532cf02fa,-2,0,-1.1612646897391863,0.43040907127868067
87b0ebc1-dbce-4d63-8226-cae045d0dfaf,2021,2021-02-06,a7f9d3fb-5741-4a3e-8505-026b862ce855,ec1ed234-8d20-4e67-801f-337e542c0916,-7,0,-5.513477017522717,0.2827857270072169
890defc9-3ed2-427f-aad6-96ba45f5883e,2021,2021-02-06,e963123a-d677-4acf-ac24-9e0bbf199293,b474ccdd-467a-4295-86a9-293837900322,11,1,1.7474810368176803,0.6106149838355442
89460504-2c56-498a-a15d-c6aa0851a373,2021,2021-02-06,6f11a51a-1a8a-4212-9e1e-14660575c751,a2efd3f2-660b-487e-b25d-31519e7b6064,-2,0,-3.599636688757218,0.3616006072770031
8c456074-001a-4ba5-9f3a-ddebe0c60d8c,2021,2021-02-06,09041490-ab7d-4030-827e-618471802c87,47d95961-3d47-4d0f-815c-ed002986e9af,11,1,3.4592767817502974,0.5857401472912956
8d6156e5-4cfd-4bb6-a41a-658b004fb89b,2021,2021-02-06,89ec300c-19c0-4347-84cf-163d9811eb3e,06cde4eb-c418-4639-936e-3daf9cf03433,9,1,6.378126863274061,0.7656315049767245
90a88d71-0715-4a86-9b93-720305e7ed92,2021,2021-02-06,e6abc32a-c68e-4ea2-988d-1737d7ebfd4c,0f5a1494-b3ca-4532-8777-55217ec53868,-6,0,2.4887535635168647,0.5615501931983987
9412bced-6f78-4d38-9c42-aececfa7f61c,2021,2021-02-06,a32cf399-a569-42dd-b4e7-d8e7054234c7,d2735ccc-baf8-4ea0-910b-fe1214c0e75f,-3,0,2.616304739243659,0.6478923258502963
97d1e874-efce-42ee-b86b-a802feac57ff,2021,2021-02-06,0833ed3f-41b2-45fd-90f1-ea76c6f32453,d9734c47-4710-4741-aee3-f1b78e2c7494,2,1,5.388735328393209,0.7191301184124632
98f33294-8d29-4e25-ad65-fd2f39c67ecd,2021,2021-02-06,87c9d84a-7778-47cb-9a33-085caf9ea361,69adf56f-3e48-489b-9508-454a85767e9e,2,1,8.455354345643489,0.809896141254569
a232a5df-95d2-4e2d-9108-0b7d8474cddc,2021,2021-02-06,a50a0a91-c116-4f66-aac7-a7d111bc002b,4817cf1e-b367-4536-bf93-6181f7054683,7,1,15.392108758293869,0.9399735785944505
a35ae2f1-9341-4f72-aece-20b641fa737d,2021,2021-02-06,3e008047-7af0-46d9-b2b5-f6c66cab441a,f5d57088-23c0-4976-a83a-8c99281931f6,-4,0,-3.0791226086175443,0.4329018680659343
a4c00adc-c45e-497d-9b88-94cda54d8606,2021,2021-02-06,3ba902c7-2efa-4126-94ed-50c44b1d6904,e9e62a4d-2506-411b-937f-e8afdde25d61,-2,0,0.814727731163288,0.48964567583981566
a5828919-ed50-4280-af4d-117c62637cba,2021,2021-02-06,89842734-b541-434c-9195-ca36a4f9ac31,dfc69d97-4abe-4ae0-b091-329cef3c70b0,12,1,9.840302514273596,0.8784345072572
a74af4e7-8163-4a06-8ab3-cd093513a8b6,2021,2021-02-06,cb06302f-f822-405d-b3b6-f60e377cb18d,79c95d32-81a3-4876-a67e-d05c472f970a,26,1,20.847974409830663,0.9882080165950143
a74f3f73-b52c-4cc8-8923-2cfc1b7255d7,2021,2021-02-06,ed8cb4c0-c6d4-4461-be8c-ecf8fe13668f,2da144c9-32c5-455b-b0b2-a0f505e05133,-20,0,-11.316554211488322,0.0943421315626379
a9d41155-2334-4250-bb77-763f9412acb4,2021,2021-02-06,44353014-53ae-4005-89ae-a4f9fb38617b,a6d03753-cd42-45b7-bb87-6739693b2f19,-15,0,-2.0393898427738884,0.38344366123426105
abe58c15-0930-4b11-90e1-ebe2bce0be47,2021,2021-02-06,ce493494-f12c-43fb-87e4-cdd4763ea2c0,a77eeeed-4789-4b3d-9a4a-9e5ace1b0a0c,-7,0,-0.9628208725723957,0.48623991600256394
b39dd36e-a867-4070-ad32-3d83c76ade2c,2021,2021-02-06,31fed56a-3c76-439f-b5e1-27215eebf2d7,0a452dfe-75eb-47fa-8dae-92da3589f9e1,-4,0,-8.392625130037214,0.1824770393376425
b564a80c-0ab2-48c1-8fb7-097f61e33769,2021,2021-02-06,48ca0d7e-2fa2-4fe1-9469-069d9fbef3a1,a33a65ab-deec-4f5e-bf8d-b665170497f2,3,1,5.122131079322314,0.6924316007331784
bb9ea384-a654-4a2e-944b-e350ab60b946,2021,2021-02-06,98f9a7be-62b0-4061-8581-26e893126aee,3430a126-cdee-483f-87c6-4ffbe51d0170,6,1,4.573498994528079,0.6029408784410154
be46532d-de8a-4862-b823-a3401110d8d2,2021,2021-02-06,d075203a-3279-49c9-b79e-ddf5a673fdfa,5fc77d2f-aff7-4bba-bc4b-08cbef83f991,-11,0,4.587337346383818,0.6462309384164695
c9930a8f-b474-4e2a-bd32-dea5aebb67f3,2021,2021-02-06,3d1c995e-040f-4e4f-84ff-f68fdad5ae74,5ef3daf9-ea79-4c33-82af-051ce15768a4,11,1,4.196950025211827,0.6751194117446723
cbb1f1a3-5a5b-4a8a-86fa-0088d9324870,2021,2021-02-06,b88cbfee-e95b-4c99-bded-c0d5d62e9e27,ad1c4459-ab7e-4b35-aa93-85c1630c6cfb,-9,0,-4.883234725618121,0.3689950477838554
d214ccac-6e10-44f5-adba-c1232072f4af,2021,2021-02-06,c17206f6-29e6-4785-8241-eb88a39a59c2,22cc3729-2c6a-46eb-a661-6aa2e4d614a3,3,1,2.869467259426117,0.6413180615161523
d2815f77-ba77-4808-8bae-72d24fb2f5f4,2021,2021-02-06,f5596042-c045-40b8-ab41-32e53c8c5ca2,ec88e63f-bc10-42ce-85e4-e0c498a1d450,15,1,8.722628606013053,0.8265979633554414
d4640e95-9701-45d6-a39a-418f6e2fe3d9,2021,2021-02-06,e9ab90ad-d1d0-4bcd-b2c3-90ed7076450c,68a49c87-4220-43d5-856d-ffc0507814a1,5,1,9.578439122357109,0.8687080879913812
d54ca67c-ade6-4ea1-89bd-802f37d4ce58,2021,2021-02-06,c1fbdd92-7438-4374-a4ca-db062202a38e,9b5c6906-1c60-4032-9d9c-b47f0d65ffb6,27,1,11.011173514479276,0.89258046377807
dff55406-375f-42be-8186-79cee248b491,2021,2021-02-06,8b67941e-9cd8-42e9-94ec-60a1d10cbc84,4a06993f-d792-4e09-941b-89a318b29c41,-16,0,-5.621596000851035,0.34253712425098615
e70f7263-03eb-4274-b516-2a40dcf3c816,2021,2021-02-06,e514e7f6-9987-4fc1-a0a9-152b9c628601,1dcc19aa-e509-4cc5-93e1-29c1a093fcd9,17,1,3.1325878033009786,0.6179095262424251
e9b0fb58-ffa9-4626-9133-4679f4fbde57,2021,2021-02-06,4ea3ab1d-d0d5-4c9c-9a61-71a678342af9,2f742ceb-17ab-4e32-864c-437353b864ac,-11,0,-12.000642966689885,0.06485190313032287
eced392b-1539-4186-b045-ea43de913362,2021,2021-02-06,eda520a3-8273-4cf5-ad9b-3c26d698686d,77cf4e5f-d8b0-4af2-bdbd-162e845fabcd,-20,0,-5.138079612993503,0.3322750571885679
f02d0df7-0403-48a5-bb46-7e9f26db75b6,2021,2021-02-06,a40c4843-5038-4590-b917-003fb8a02a33,bd6e89c5-780b-4f2d-ab4e-08806fef5cca,17,1,10.418808677969102,0.8740989172726664
f776d007-9df0-457e-ab85-d6229e00beef,2021,2021-02-06,b9a980be-8e9f-43c2-8ebb-aff1b8f682df,ab413d6b-1afb-44fa-9134-499b5b046de1,15,1,8.16065724373841,0.8179468278172262
f88b0d51-105a-4200-9ea9-4449bbb276df,2021,2021-02-06,aac9f779-7e88-494c-86d3-09b2e9b47e39,35ca9192-f3aa-4b7a-8f4f-b9ee34e646d8,13,1,18.720313194720678,0.982354544819415
fa66cc6a-f4a9-43ee-8bd1-2d52ec7d5a22,2021,2021-02-06,bb66865f-a1de-4b72-ab9b-65e3f6bf5317,a3b8173d-a2ea-4988-90d5-e3b32953c6c7,-21,0,-13.675676627263421,0.07835032729178992
fde78c86-1996-4e08-aabf-ea5df8462d38,2021,2021-02-06,37642fa1-3eb0-4eef-8973-ede3736321db,e8e53526-9614-4a00-9699-83239ddc2c7b,8,1,6.626642859958085,0.7381740332296357
10dabacb-49ab-4098-b320-250d5b6e3a37,2021,2021-02-07,97b331d3-f682-405e-b55a-791cbae25dc0,0ded5c5a-c875-4cab-b9eb-ba50f34b6f0e,-15,0,-1.0556410654227801,0.420833202786921
11f886b7-6294-4de6-810a-2e1bba160497,2021,2021-02-07,f96f8f4d-dbca-433c-8c11-1b8e00bddc6f,eda9532c-47de-441d-9f85-fbf7daf82acb,-6,0,-1.298646610744873,0.5356888270772668
146ae9bd-771c-499d-9ff1-baf600b255d5,2021,2021-02-07,28fca8fc-b927-47d8-b900-d08b656fc31d,28f58893-fbf6-40df-8b08-24c4b0ab191d,17,1,-10.781741764746098,0.16238363801217714
184e85dc-34d6-40c7-8b5d-6a86dc97d55d,2021,2021-02-07,6ef12ef2-4196-48f1-9341-3d9e2a4bc359,9938a7ec-1bf0-4e63-9399-d9b959a6fa7d,13,1,3.702351343117175,0.6396465649574807
27073ca2-40a7-4123-8349-296b2f47e6a5,2021,2021-02-07,37642fa1-3eb0-4eef-8973-ede3736321db,e8e53526-9614-4a00-9699-83239ddc2c7b,-1,0,6.427928002375238,0.7188841372277485
31ba0566-1e70-4525-b1a2-209b8f859f6c,2021,2021-02-07,18a7cc66-39df-49bf-b51c-0cbdd36426b2,d1f54cdd-6d42-4df8-ae4b-e74ee175e8ea,3,1,-2.318908079958315,0.4229703077188678
5f826181-8aaa-4c56-8477-8fd5db19e714,2021,2021-02-07,d9ee64a0-7aab-47e1-b2ab-9018c4bfeda5,043f7037-fcb6-454b-9a9f-a594935d08e4,6,1,10.21271241191829,0.8905975176183114
60123848-acd5-4fc7-83fb-707f41fe6747,2021,2021-02-07,d6262d9b-c701-4974-afbd-ef478e74fe8b,b9939a4f-3583-4099-a977-cbe1cee7f252,2,1,-5.75766485911466,0.2556119198881262
6b7127cf-981c-45ba-b3dd-98430915ccbb,2021,2021-02-07,71ce4b4a-9645-46f8-9879-88330df117fd,ca6ae5c4-e5b9-4cd7-8594-2d85ad2d786c,12,1,4.528240083620351,0.647748559968798
77eafc12-156c-4481-807d-b9e732469ab5,2021,2021-02-07,9e43c63a-9088-4564-9aa3-bdb745d9c108,6d2ae003-7cee-4a99-b121-1c27fe92e96a,10,1,7.5196924818348,0.8322579160499249
82e8a0cf-b8d4-4f9b-b87f-34f7ccbe736d,2021,2021-02-07,aac9f779-7e88-494c-86d3-09b2e9b47e39,35ca9192-f3aa-4b7a-8f4f-b9ee34e646d8,11,1,18.99191790646097,0.9828181750810936
8c14c129-ec7e-4d12-8907-ac7524f84f66,2021,2021-02-07,bdd65ba1-f3b4-4da3-863e-1ab301468e5a,79955c01-036a-420a-b25f-29b26f20da6c,3,1,9.126361363817136,0.8087143355280042
c4ea83d2-33ce-4f1b-a948-a9221dce3d39,2021,2021-02-07,a7f9d3fb-5741-4a3e-8505-026b862ce855,ec1ed234-8d20-4e67-801f-337e542c0916,-10,0,-7.029338172588768,0.24628115119338562
c96c8198-30e0-4baf-9bc7-860eadce5c62,2021,2021-02-07,90c24aef-e6b2-4203-8a3e-243ff680b3c3,29d731c5-9b13-44fc-a6f6-34f532cf02fa,5,1,-0.24906665192408,0.42917951397504694
cbac1d48-0b01-429f-a91f-368e1130386e,2021,2021-02-07,5d3a1c04-727a-44fa-990d-231f8bf3b6e0,a926c3ea-f3c3-4378-a2d5-606018157fc0,-14,0,-4.044385559109766,0.37041477270558076
f63b99ad-055b-4e12-845f-bdf9d881e0ee,2021,2021-02-07,65a307ba-6078-40b4-8bc1-1f5f541185cc,6b800506-0715-4d71-93e9-8887bd0ead96,11,1,0.835095418173512,0.5423800722092379
fe695265-6666-4d1d-abb4-2a789f09c265,2021,2021-02-07,a70fcc7f-825b-4156-9649-d06b0ac24183,3a65e16d-46ee-4ba4-9bdc-df6b25859655,13,1,6.502544182245971,0.7548950273207561
04825cbe-22b4-4093-8c7e-fdedffeb1e12,2021,2021-02-08,3a65e16d-46ee-4ba4-9bdc-df6b25859655,a70fcc7f-825b-4156-9649-d06b0ac24183,4,1,-3.1018853373876523,0.4061944750707657
0f6b9ccf-ea0a-46c7-a9de-f8c812006c31,2021,2021-02-08,eae08de3-3875-42d9-8dca-09e8016dea2c,b0218bc9-d3fc-4819-9114-7868e6286a35,7,1,12.986980610785785,0.9232046641818524
22f9b62b-8b86-4018-b71e-321dc18d193e,2021,2021-02-08,f96f8f4d-dbca-433c-8c11-1b8e00bddc6f,eda9532c-47de-441d-9f85-fbf7daf82acb,-12,0,-1.0917926076365299,0.5172490473584007
364e20ab-789a-4d9e-a379-ac843be4ad14,2021,2021-02-08,6dd43d39-7fc6-4bb1-8e18-9f7214921d79,79cb7a8a-d332-4b0b-8f8e-8b2de552964a,31,1,30.06408559488048,0.9905482480330305
3903c71e-2610-48e6-9974-5e56feec8d13,2021,2021-02-08,4abfdf3a-98a8-404d-a53c-d4aed37d2942,d2735ccc-baf8-4ea0-910b-fe1214c0e75f,-5,0,4.296345631214312,0.6567864702942431
41429831-5dc4-42c3-9a38-de16f10242fd,2021,2021-02-08,a90b7bea-0089-4676-8695-8e71d497e83b,88c28db5-60be-4385-8263-91e66e360407,1,1,-7.903444829857524,0.2121626615410299
503349a7-2ab1-4377-b02f-9cf10ae2fe08,2021,2021-02-08,4817cf1e-b367-4536-bf93-6181f7054683,87e5e0aa-2b2a-488e-b794-3945da8bd1c1,-15,0,-6.258962263141219,0.2615381423953003
50b62560-bbc5-44f6-847a-ae89e14e2a5b,2021,2021-02-08,f76767a6-8e9e-44e5-8211-21524f364137,2c3cfe98-5d8e-4156-8f96-72afb8b46504,-13,0,-19.02173441209854,0.027413970952880586
54507a90-55dc-4e42-826e-378296de7f58,2021,2021-02-08,8155a0ac-2183-484d-8689-b0855690cf48,85d6772f-58a9-4977-a921-8f928b661b1c,9,1,11.371104928109418,0.879525840806171
6128a96c-ae6f-497c-a94e-7543b0fea7e8,2021,2021-02-08,a32cf399-a569-42dd-b4e7-d8e7054234c7,ff21b338-6ab1-488f-9763-c7b74e4c4a66,-4,0,-2.5273052613382276,0.38664550659235747
62e584ec-78ab-4f64-ae2c-ae45b8aac891,2021,2021-02-08,fdb48dc9-68f9-48b4-bc6f-38c1be2ca041,b279d0ab-6fc5-4502-9d4c-8eb065752d95,8,1,-6.863020258400689,0.24496075545046334
684a5cc1-c6a4-45a8-86ab-aa8260c66fe0,2021,2021-02-08,108a5456-9d8f-4862-9227-c26693cf6180,93706eaa-57eb-4415-be8d-eab0042ce36f,-3,0,9.075462619969878,0.8389463939057297
6d53341b-5a99-4698-84a5-2a0088dd8b5c,2021,2021-02-08,1450fc17-28ed-4fe1-a784-71eaa519baa1,afd0bd2f-740b-44d7-8be1-cb790093f9bd,19,1,8.13853126733543,0.7915029079175784
74ea735f-fe58-4fc0-82c5-b3797b401050,2021,2021-02-08,27945734-1ebb-4e9f-957f-162878724b27,2fb35c54-8f82-4531-86da-4f01cc0f9cf3,-4,0,-7.9448289923524635,0.146256243300937
7764d206-3ddd-42be-90c3-eede5f033f21,2021,2021-02-08,390fa614-2e77-4abf-b1ec-27e1a10ef40a,40dca164-63a2-4620-aaff-78a2c75fe5f0,1,1,5.074193616154139,0.7477360789462798
89802497-ee7e-4632-be91-c9f40d499ef3,2021,2021-02-08,606739b3-e8e7-44ed-9240-a2e69bae9106,60572384-23ce-4f11-a5a4-237b9e9088cd,-11,0,-10.86761473408474,0.1366807162659452
97981105-7d2e-4a80-8082-8c357ec30480,2021,2021-02-08,7641ced1-436d-4cca-aef6-214829898d2e,c00c03b9-1bdc-4cb6-9896-c210e9ebf208,18,1,8.439295293472073,0.8555142404318278
983369c9-f549-47d4-b3eb-686cfda8438e,2021,2021-02-08,71ce4b4a-9645-46f8-9879-88330df117fd,ca6ae5c4-e5b9-4cd7-8594-2d85ad2d786c,-10,0,3.436092714076059,0.6287683291979688
9a176ded-667d-48bc-b204-bd3b4b79b250,2021,2021-02-08,1f5cd38b-8ede-4730-82a5-cab59b37dc50,82ef743e-9bd4-4c80-a4ab-5e3ba42e84df,12,1,7.320396021065581,0.7931508568397267
9ec42b8c-70f5-4dc8-b331-a064399b39f6,2021,2021-02-08,be962bf1-1af8-4d6e-b983-d820cbae2dba,70f9ea29-5535-4360-a3d6-3390ad8ff0ff,-8,0,-0.3908412550760303,0.4749590703985717
a08d897e-fb0e-417b-aa27-2e95b49f1bca,2021,2021-02-08,539b6837-bb92-4554-91a0-8f0d949d8b0f,b4d453f5-49b1-4a4f-8d76-30ed0f77fab4,5,1,10.83055754183615,0.9054998575056097
a2d71b72-69a5-42c2-a70f-41d76e9e5d2f,2021,2021-02-08,97b331d3-f682-405e-b55a-791cbae25dc0,0ded5c5a-c875-4cab-b9eb-ba50f34b6f0e,7,1,-0.8632813930885225,0.43886250049092457
abc14e52-4ce5-4c93-b093-839a53b2a738,2021,2021-02-08,5d3a1c04-727a-44fa-990d-231f8bf3b6e0,a926c3ea-f3c3-4378-a2d5-606018157fc0,5,1,-3.890747386645263,0.36692638049543247
cb3c8c3c-586b-4625-8906-db817fa45b84,2021,2021-02-08,48ca0d7e-2fa2-4fe1-9469-069d9fbef3a1,0833ed3f-41b2-45fd-90f1-ea76c6f32453,29,1,9.25778155104774,0.8338165299085329
0f23d2d7-96bb-4819-a583-656976af3e98,2021,2021-02-09,2f742ceb-17ab-4e32-864c-437353b864ac,d060a457-6325-4436-8b0c-e45c7cea013e,-11,0,3.041981196198441,0.574280371160965
16b98a31-9d35-4766-9f01-0d09a2d212cb,2021,2021-02-09,d7ae1172-7174-4b23-864e-b95c3dac4ee4,1dcc19aa-e509-4cc5-93e1-29c1a093fcd9,-9,0,0.6872904815266987,0.5804386728917982
267067bb-6e0d-4dfa-8cf6-96cdb9805315,2021,2021-02-09,3f7f94a0-e27a-4e82-b5d0-9098123024ec,c86929e8-d014-4027-814e-17e5b57f90b6,2,1,2.8461689019060397,0.6247835963371929
27d781c0-6ba1-4350-bc51-1a5c4af77f62,2021,2021-02-09,db815d0b-90db-442a-bd3c-358f64389ce0,18cfad04-c27c-45fb-ac76-6a19e57ea922,-1,0,-2.6563651000543347,0.41481278433812663
2ee2eb9b-583e-4d85-a527-66a1be4ef677,2021,2021-02-09,d748b419-f41e-4b46-aff6-ce66b3442549,5fc77d2f-aff7-4bba-bc4b-08cbef83f991,3,1,-1.4862562942252007,0.4529096901906343
34e2195b-ffa5-40e1-8284-f35f249708ea,2021,2021-02-09,0e7751bd-fff8-4fa2-a4a4-d7dafd8f4929,af41eb94-4a15-40c8-aec5-4bc9d72db801,-9,0,-1.2439319727023126,0.41008518477987743
3669cd8d-7a7e-4321-9c17-e09d7ce2ce70,2021,2021-02-09,8b67941e-9cd8-42e9-94ec-60a1d10cbc84,22cc3729-2c6a-46eb-a661-6aa2e4d614a3,-3,0,-6.972679305406413,0.23976780699515848
420e9bf2-02b6-4fd7-93b6-391d2b2a1ff9,2021,2021-02-09,0bbcc1da-f270-44fa-bac0-cdc703144c9a,02d4cbfd-8634-43dc-999a-f4d32f7f47c2,13,1,19.37914235094347,0.9776449023441853
621d2ac8-e319-4da0-8a69-a11889d29bc2,2021,2021-02-09,840b9de7-98d4-40aa-a950-8449a61d7408,c6b5e189-79b5-4b48-9cb2-4f886c6004b8,3,1,1.9835426905061517,0.6060442871463141
8abb7577-119f-4349-8526-464e6cb66be9,2021,2021-02-09,8155a0ac-2183-484d-8689-b0855690cf48,85d6772f-58a9-4977-a921-8f928b661b1c,13,1,8.814540646920577,0.814010425016023
a9e04baa-6c89-4da1-b057-0b6b8fe9e855,2021,2021-02-09,88b507e4-37af-4b0c-b7de-e68864346922,69adf56f-3e48-489b-9508-454a85767e9e,-4,0,8.83390790197946,0.7889979855526773
b5b361fc-97cc-4cbe-b383-12296c5ccc84,2021,2021-02-09,655e3157-6c29-45bb-9810-eefc2a0d509b,a1ec634e-e3a6-4f65-8cb4-cd9bc53448a1,-4,0,4.413335914110197,0.705633249769026
bde47019-9e80-4874-ba80-5589d12db190,2021,2021-02-09,4ea3ab1d-d0d5-4c9c-9a61-71a678342af9,bb1da9fa-7bba-489b-8fe0-96fa412241b5,-3,0,-10.597395450893526,0.08982024273387412
c4b3feba-3fcb-4fd2-bfbe-1f81ec952292,2021,2021-02-09,c9a13806-ceac-4436-87fa-6d19c5d3b834,79e17be8-1403-48c8-b264-4748e43d8e8f,-6,0,4.754055150650998,0.6432596478212645
e516d008-0929-474e-84ee-209cb9bd6984,2021,2021-02-09,02fc8dc6-94db-4b04-819d-f15245246d48,39ca9310-2efd-46a8-95b3-c8d65343ffa2,-3,0,7.721261874871311,0.8152353309541841
fc21fae7-00fa-4179-9049-5914a7870379,2021,2021-02-09,9e4719ed-a84f-4572-a1b8-d13c0997f3a1,d4f12cb0-b551-45d3-9418-8f5971ea059e,-9,0,-3.166032157951973,0.3661760154901091
0eaa1c80-d614-4d47-9681-3777b9760a66,2021,2021-02-10,3e3fb5ce-40b0-4813-9880-afe0fd6fdce3,a3b8173d-a2ea-4988-90d5-e3b32953c6c7,-8,0,1.7445323814819718,0.6291464209911914
187bea75-2928-4936-8b2d-b4b703bcb5e2,2021,2021-02-10,7ba7ec2a-91c9-4856-bc4a-1b75f450061b,8870b73d-31e2-48d2-99b8-bf750c8cb9e1,-12,0,3.51718159240372,0.7003273975524523
1f7f3233-1f22-436c-86a4-8b3c76587f1b,2021,2021-02-10,5cf12fde-f3ee-42c2-be66-d7a7f79401e9,312a2f51-9f81-43c4-8a40-680e9596a196,8,1,12.717016419677533,0.9147288137876084
321adb5e-a05d-4bb8-ae20-f9a6d24e199e,2021,2021-02-10,20c48cdd-dd4d-414e-bc3d-7ee42d9f47f0,a0942322-0725-4156-a535-e621d291382c,-1,0,-3.997265930551363,0.4115818653989368
467e7270-fe3c-416c-970d-80c2e06a2741,2021,2021-02-10,ce493494-f12c-43fb-87e4-cdd4763ea2c0,407824c5-1c41-4866-976d-ae32fddf4868,-10,0,6.363835693785992,0.7449055242180479
4ce97248-a3d9-46ee-a21e-400ac95e3c50,2021,2021-02-10,e963123a-d677-4acf-ac24-9e0bbf199293,75be9823-4151-4c62-999b-0d1bd885e92b,8,1,-3.2946380053341504,0.34371597426717576
7a4bae30-f983-4f06-b829-58c6d5914c2a,2021,2021-02-10,28535578-a0da-4a5f-8dbf-c99868d82178,f76767a6-8e9e-44e5-8211-21524f364137,12,1,17.894174864408136,0.9693876344131184
8733482a-9c15-4aed-bad5-426fd24953d6,2021,2021-02-10,87c9d84a-7778-47cb-9a33-085caf9ea361,2fb5419d-1828-4c58-92b0-39fc3073197b,-8,0,0.2906935025167735,0.502996845774959
88946716-a2f4-4a7b-86f6-3b829fcbb3f0,2021,2021-02-10,b9939a4f-3583-4099-a977-cbe1cee7f252,b027da3b-02b3-4b06-8d11-4355379c190b,13,1,11.199781642126252,0.8970632916681827
89b2da3a-dae0-4ded-8b6a-8a9c64d8ab2d,2021,2021-02-10,ec1ed234-8d20-4e67-801f-337e542c0916,e8e53526-9614-4a00-9699-83239ddc2c7b,12,1,10.100892962603337,0.9030717175345322
90a873c6-3e08-4116-82d4-d2ee77eefc97,2021,2021-02-10,68a49c87-4220-43d5-856d-ffc0507814a1,d6262d9b-c701-4974-afbd-ef478e74fe8b,-3,0,-6.718417700262494,0.2817118325168411
963484b5-f167-4843-89de-0d1d1bc92bbb,2021,2021-02-10,b0218bc9-d3fc-4819-9114-7868e6286a35,eae08de3-3875-42d9-8dca-09e8016dea2c,-7,0,-6.356032080677831,0.3241918165943431
9e4279a5-6c51-4105-be89-4b26976b0420,2021,2021-02-10,4a06993f-d792-4e09-941b-89a318b29c41,763f60a9-832f-4cde-b69f-33db7addad25,-14,0,-4.511676992191649,0.35445584754260984
a1e61bf7-b135-4a8c-97c3-6c1fd5e7b5c5,2021,2021-02-10,c093ef64-b2b0-4d6d-b73f-704e93170ae3,9ded2a57-a14f-4961-ab3b-efca70d91b7e,-5,0,-1.583350794963535,0.37237328464413944
b0c9fe27-79d6-4dc9-aeae-d5ae5b9e85bf,2021,2021-02-10,afd0bd2f-740b-44d7-8be1-cb790093f9bd,1450fc17-28ed-4fe1-a784-71eaa519baa1,6,1,1.0240773370693692,0.5305776049285656
b226c7e4-ff95-4273-b0c0-50f8804da034,2021,2021-02-10,cc6f95f5-bb00-4211-89af-a4d26b18dc0b,add66488-b462-4823-beba-4981e3cfc5a6,-4,0,8.589283154521942,0.8210621338060555
b32238ac-2ae7-48a9-8f86-887c76bc08c6,2021,2021-02-10,28f58893-fbf6-40df-8b08-24c4b0ab191d,18a7cc66-39df-49bf-b51c-0cbdd36426b2,21,1,12.540782272231704,0.9078106459226283
cbf34bd6-e315-4ce7-b23a-9698fb570909,2021,2021-02-10,406e5c75-29d7-4b2a-a2ef-4cb52cf8d6fd,eda520a3-8273-4cf5-ad9b-3c26d698686d,-2,0,-2.3335607702792873,0.41651564664430174
d2df29f6-45d0-4d3e-990f-d19d88425ef6,2021,2021-02-10,1b0747e9-4222-406e-b8c0-c34ca2f87eaa,c17206f6-29e6-4785-8241-eb88a39a59c2,21,1,5.74990374175937,0.7314772176181852
d3828e5c-ccb0-4a1b-ad61-7a9edd23a813,2021,2021-02-10,6dd43d39-7fc6-4bb1-8e18-9f7214921d79,79cb7a8a-d332-4b0b-8f8e-8b2de552964a,22,1,30.77559237364914,0.9891904082254592
d4bbf37c-a5f0-4267-b896-f33f2841018d,2021,2021-02-10,b474ccdd-467a-4295-86a9-293837900322,80a4de01-2d01-4f5f-a169-ef1375b3bb6f,2,1,-1.0931212247058908,0.4948931169750014
d600cda9-2cf6-4162-937a-217768353a53,2021,2021-02-10,a77eeeed-4789-4b3d-9a4a-9e5ace1b0a0c,bdd65ba1-f3b4-4da3-863e-1ab301468e5a,-1,0,-1.1719173865001482,0.46427212026326514
e43057b8-7d18-4d18-855c-9da304fd2cda,2021,2021-02-10,d075203a-3279-49c9-b79e-ddf5a673fdfa,03b9b8ef-ee62-41e5-8ba6-9845ca44dc4a,11,1,1.9295365520344323,0.5476294704482204
096c3559-a464-46ca-8dcd-7d4a03cf2e84,2021,2021-02-11,043f7037-fcb6-454b-9a9f-a594935d08e4,066a8484-fc6f-4b34-a34e-12b5a0ccad51,-1,0,-4.563499326728837,0.3628731961459266
1ba6cffb-3a84-418b-ad46-b3694fab7cb6,2021,2021-02-11,6b800506-0715-4d71-93e9-8887bd0ead96,539b6837-bb92-4554-91a0-8f0d949d8b0f,12,1,11.045490173699518,0.9059747767583916
2d74b0dc-e011-459f-87d0-10c14536cf93,2021,2021-02-11,d9734c47-4710-4741-aee3-f1b78e2c7494,153596ed-3c7a-404c-b510-15a532386899,8,1,-1.8940350773277146,0.41429215470210606
2e812a28-c583-4a0b-979f-94e3280fb00c,2021,2021-02-11,c32d1a7a-7843-46a2-aba9-7550d7ea2b38,bb66865f-a1de-4b72-ab9b-65e3f6bf5317,27,1,20.253784224652374,0.9782048022956314
42541411-2b77-4af8-bdc9-5ef04eb6bf5b,2021,2021-02-11,c8552860-c6f5-4179-b43e-c55775da1d48,3430a126-cdee-483f-87c6-4ffbe51d0170,-6,0,8.787059208530486,0.8098400230440255
4c833735-6d92-4b12-9f19-584b617d2be4,2021,2021-02-11,dfc69d97-4abe-4ae0-b091-329cef3c70b0,a542240d-13f0-4c97-8c81-319e88fd0a4b,-15,0,-14.289159615622191,0.09151772399415646
4fcdb9b6-ded2-4f15-8fe8-c6c9c588f272,2021,2021-02-11,02fc8dc6-94db-4b04-819d-f15245246d48,a6d03753-cd42-45b7-bb87-6739693b2f19,4,1,7.357961802280828,0.8366502328969857
67b02839-ce43-47b6-8bb4-19ede23ea283,2021,2021-02-11,118354ec-fd34-4152-9760-dfed9430b49f,27945734-1ebb-4e9f-957f-162878724b27,-18,0,6.668252742268182,0.7685207007699321
685ffa23-5397-4827-9861-bcdd6849b2c3,2021,2021-02-11,39ca9310-2efd-46a8-95b3-c8d65343ffa2,44353014-53ae-4005-89ae-a4f9fb38617b,3,1,8.960263219678975,0.8459433095761653
747a2652-e5bb-4848-b09f-6f9c154b0c1e,2021,2021-02-11,1f5cd38b-8ede-4730-82a5-cab59b37dc50,c6b5e189-79b5-4b48-9cb2-4f886c6004b8,33,1,16.402327573721863,0.9606068816334238
78707ba5-60f7-4993-b448-64e4a3a93ecb,2021,2021-02-11,71111d59-04ba-43c8-8c36-6303a4242bc9,2fb35c54-8f82-4531-86da-4f01cc0f9cf3,18,1,11.61409433334127,0.896580477160957
7c1a0c7d-7f3d-408f-9d05-624e5c39d1b5,2021,2021-02-11,d9ee64a0-7aab-47e1-b2ab-9018c4bfeda5,48ca0d7e-2fa2-4fe1-9469-069d9fbef3a1,-18,0,-5.672175748010409,0.3015988669988385
846ae13d-0338-4e97-983b-16837def828c,2021,2021-02-11,98f9a7be-62b0-4061-8581-26e893126aee,5a2971fb-7668-4c9d-959c-3cc5eeee6791,-7,0,-2.8458470668342373,0.32866352681489147
8c9f470c-582c-43f3-ae0d-4a3818496eaa,2021,2021-02-11,88c28db5-60be-4385-8263-91e66e360407,a90b7bea-0089-4676-8695-8e71d497e83b,21,1,15.299458789472958,0.8909616826920946
9c825a9b-e73d-4fae-9166-2dbd18042895,2021,2021-02-11,b4d453f5-49b1-4a4f-8d76-30ed0f77fab4,0a90783a-38de-46db-ac4e-70329fd95b95,-6,0,-3.4931931268531278,0.3479762247995295
ada2e014-a625-421e-aca8-097a9600f6cb,2021,2021-02-11,28e6307f-2240-4931-9ba2-9e19e9e41214,79c95d32-81a3-4876-a67e-d05c472f970a,26,1,11.996661467489764,0.9404194568400085
ae847617-2cdb-45c4-bd7e-3310db1c7cba,2021,2021-02-11,d53017de-fb39-4d91-ae07-8c7ad76080cd,34447800-60a5-477a-9ea3-6157f0f7913f,13,1,-3.5943340259299257,0.384513419298225
b1540ea1-1558-4907-92ad-aafbdb24991d,2021,2021-02-11,bb8be7f3-4f59-44e8-864e-119e0b8c18b6,cb06302f-f822-405d-b3b6-f60e377cb18d,-16,0,-9.85609155831463,0.15558442113362747
b27e911d-2ed5-4d52-85cb-2e2a3f42e95b,2021,2021-02-11,e7a2f658-1de2-4cc0-8d28-60bb96dcb224,814dffa5-6fe5-4aca-ae7d-b099be2111aa,-16,0,-3.302601633897376,0.4314461487069835
b90c086b-23b7-4694-8593-bb2811afe30c,2021,2021-02-11,962b3e60-24df-4af4-82d2-3a9c8442765b,89842734-b541-434c-9195-ca36a4f9ac31,-11,0,-0.7902356269621934,0.4761086949212769
c5e8a70a-cc99-4512-ae56-c58479056fa5,2021,2021-02-11,09cbbea3-cb20-4e66-b03a-d5dc4cfbaef1,674e69f5-9ec1-406c-9c9e-0277406bb10a,-3,0,2.9021706661772333,0.5852704582335875
dda23e54-5233-4edb-80c7-7a91d7aa988a,2021,2021-02-11,7641ced1-436d-4cca-aef6-214829898d2e,e9ab90ad-d1d0-4bcd-b2c3-90ed7076450c,3,1,-1.8349763609251042,0.42496800951147407
df608da9-2e6c-43b1-aba0-14eb718516ec,2021,2021-02-11,fc2ab8b9-b25c-46a3-81e7-a6abf8ffedad,b279d0ab-6fc5-4502-9d4c-8eb065752d95,3,1,-5.5849749619556635,0.2993607746725114
e821ff40-45ff-43c3-8c1b-671573af32e2,2021,2021-02-11,a926c3ea-f3c3-4378-a2d5-606018157fc0,9f2f419d-e3e3-487e-ac82-4bf10a2b7d06,4,1,8.432311179803387,0.8227854597056723
e8ff5e6f-47af-4cb7-a967-7bc3483f689b,2021,2021-02-11,5d3a1c04-727a-44fa-990d-231f8bf3b6e0,d4c5bc9c-035c-4638-8430-5f2bddc79182,-15,0,3.23844516112542,0.6068625857472295
e99bef11-55ae-4288-b790-080225989fa7,2021,2021-02-11,2f3ac2cf-a76a-437a-aed6-239ac78ea5c6,f3e1a0c8-4c68-4907-93d0-69899161295f,-13,0,-11.649247019467234,0.14566424317714916
f4950a75-d519-4986-8338-af18f68fcafe,2021,2021-02-11,59282bec-e8d6-40c6-973a-83051100421d,60f79bad-642b-493c-b616-4f07e42a8fd1,4,1,8.499844634561128,0.8357595591010551
f8402c04-e26f-49ac-9798-477368b6b57e,2021,2021-02-11,7762910b-d109-4bc1-9bcb-67979c692279,fdb48dc9-68f9-48b4-bc6f-38c1be2ca041,1,1,10.265331100138651,0.8629234211766054
fa28089a-82ca-4b57-ad62-c500631dc82a,2021,2021-02-11,5c08d048-2b8b-4f14-ba62-eb65192229fe,a068e9e2-d76e-4fa3-a94b-f1f2d845b000,12,1,12.197518279138675,0.9049556183552512
fbf78d6b-6a49-48c6-bf2b-59973405ec7c,2021,2021-02-11,a33a65ab-deec-4f5e-bf8d-b665170497f2,0833ed3f-41b2-45fd-90f1-ea76c6f32453,9,1,5.805681856218238,0.8138101951176321
052adf55-b493-483a-b99a-c14428430f1d,2021,2021-02-12,c03bf34d-cf8b-43da-883c-63212ac85d42,2f5716e4-e515-4210-ba95-863aeec7f43f,6,1,9.891477187612502,0.8458860965211258
0783adfe-29e3-474c-86a7-6045efed3f88,2021,2021-02-12,6b8b49f4-4a9d-45d4-ab16-595b1b537d76,bbc12a02-7b1f-44b9-9292-8035f6f2bb36,2,1,0.5679140558577067,0.5384772552855172
1887108d-36c2-45c6-968f-ffa8b7fad7a8,2021,2021-02-12,c00c03b9-1bdc-4cb6-9896-c210e9ebf208,b9a980be-8e9f-43c2-8ebb-aff1b8f682df,-5,0,-11.49287514621318,0.07401565347112873
20f89c9c-1b20-49b6-84d7-a488a05eaf57,2021,2021-02-12,a40c4843-5038-4590-b917-003fb8a02a33,a347102a-5bf0-43d6-9e6a-98e689acb371,-9,0,-7.4573284532224955,0.263221751893628
229e1035-4618-4bf8-ac92-56294fc62e72,2021,2021-02-12,bb625b21-99e6-4de0-bcd7-8e346265e676,7c838356-4125-427e-901a-a8b36e899403,-16,0,-11.383216318076759,0.08379510359631412
22df02bc-ea02-4166-b902-d3725a9c9b1a,2021,2021-02-12,7ae4eaea-598c-4482-8e63-6e6d8c551817,0ca618bb-3ba5-4356-8c01-9e5cfb52204c,11,1,4.573444012151711,0.6740124764786966
27ca9042-ccec-41fe-83f1-edbfcd4fe138,2021,2021-02-12,d9903224-7c66-416a-a0f6-db933fda49e2,ed8cb4c0-c6d4-4461-be8c-ecf8fe13668f,20,1,8.591707855623175,0.8215580983676795
2a40b89a-2fbb-4587-97f0-9ffa7f7e0d67,2021,2021-02-12,af32a09c-4079-4e21-9725-ed8b07ee5546,2fde548d-ea76-407d-beac-ce9db544e620,11,1,-0.9536196350637409,0.4617945544738762
411dd59f-0854-4e98-b961-f8759be8d597,2021,2021-02-12,0ded5c5a-c875-4cab-b9eb-ba50f34b6f0e,12ac488d-9e35-4904-a14b-14cadde1c391,-7,0,1.4027313656496405,0.5173704198114478
474c4d52-37e1-40bf-841c-3b61c70bb6c5,2021,2021-02-12,09cbbea3-cb20-4e66-b03a-d5dc4cfbaef1,674e69f5-9ec1-406c-9c9e-0277406bb10a,14,1,3.6701278219188627,0.6107633341230417
4a67a1ea-57d5-40a0-a97e-957fb4fbc05c,2021,2021-02-12,f5d57088-23c0-4976-a83a-8c99281931f6,9b5c6906-1c60-4032-9d9c-b47f0d65ffb6,14,1,6.574524131230205,0.7741679622270146
585bdb9f-54de-4488-894d-7357cfb11098,2021,2021-02-12,224b4a01-4769-41b1-9157-4806ac21b8e7,b2fbe1bc-ec5e-498c-a480-7297ce829e25,21,1,5.211744861510202,0.664569660122262
5d2b84c5-ab6f-4544-8931-eba7a9d18976,2021,2021-02-12,af41eb94-4a15-40c8-aec5-4bc9d72db801,0bbcc1da-f270-44fa-bac0-cdc703144c9a,3,1,3.136616317794825,0.6903759187692731
5d7c1afc-2f5e-4023-912a-68c59df9f472,2021,2021-02-12,7762910b-d109-4bc1-9bcb-67979c692279,fdb48dc9-68f9-48b4-bc6f-38c1be2ca041,15,1,10.367009378847643,0.8720219351722875
64557521-62a5-41f9-9c27-7ab5f94b74e7,2021,2021-02-12,6d3ad5c0-7493-4b78-8c6a-dfaa0ae9bd2b,47d95961-3d47-4d0f-815c-ed002986e9af,-8,0,0.8611713774782933,0.533560923074534
6a3c5500-da04-462b-b76b-7b5d31259077,2021,2021-02-12,5d3a1c04-727a-44fa-990d-231f8bf3b6e0,d4c5bc9c-035c-4638-8430-5f2bddc79182,5,1,3.440634912846552,0.6637161047917507
71828fa9-0a04-4bac-bfa0-2a2645128f14,2021,2021-02-12,87cb3661-e328-487a-aa0c-52b1df29e7d9,6f11a51a-1a8a-4212-9e1e-14660575c751,18,1,12.497894070244797,0.9136666977588042
7a93a096-a236-493a-a03d-f23a6b7de7f5,2021,2021-02-12,e7a2f658-1de2-4cc0-8d28-60bb96dcb224,814dffa5-6fe5-4aca-ae7d-b099be2111aa,-20,0,-2.2441315403403843,0.48799232801803305
7cf5d876-9a46-4e28-9cc3-b7a615b7dfe5,2021,2021-02-12,e9e62a4d-2506-411b-937f-e8afdde25d61,c1fbdd92-7438-4374-a4ca-db062202a38e,-6,0,3.6329269265067716,0.6560971533753661
855f4b51-2c79-4f36-9df6-b619d21fd9be,2021,2021-02-12,77cf4e5f-d8b0-4af2-bdbd-162e845fabcd,755f4f60-e8ea-4b47-bc85-0014523f73aa,28,1,17.218335141512767,0.9750123082506611
88d5265e-423d-45b7-8cf0-9f0f4c4a78b3,2021,2021-02-12,2da144c9-32c5-455b-b0b2-a0f505e05133,dc228f38-de10-460f-a1ce-1a5ae09472b1,11,1,13.441945263168074,0.9330394953098061
af4c7bba-c30e-4871-bc37-3732633195b4,2021,2021-02-12,57b3f53c-c3e1-4345-acf1-d392e30fefb5,d67d284d-01be-4022-bef1-4dc3a3219c5d,10,1,2.763078157615168,0.6809589661869462
b189e866-86b4-4b83-bead-ecb94d8cb1f5,2021,2021-02-12,c495ddbc-3e45-4407-b7fc-b5a98991f77b,f8baf0de-c953-49cc-9127-a520fdc65e97,32,1,16.01164165039383,0.9494260320610277
b3ed86e8-87e8-4c23-a8dc-0f7e89a5b891,2021,2021-02-12,fc2ab8b9-b25c-46a3-81e7-a6abf8ffedad,b279d0ab-6fc5-4502-9d4c-8eb065752d95,7,1,-5.8901012913177935,0.30018884973176124
bd215286-3a5c-40bb-8425-589e3b4dfc24,2021,2021-02-12,af4cd665-b16b-433a-98b4-bc859c73052e,f5596042-c045-40b8-ab41-32e53c8c5ca2,12,1,2.4285791568738166,0.6416560215793454
bfa6b707-e6d6-44d3-b13b-0479e642eef6,2021,2021-02-12,e514e7f6-9987-4fc1-a0a9-152b9c628601,87c9d84a-7778-47cb-9a33-085caf9ea361,2,1,2.3880931454582655,0.6039364523226127
c17555c3-7606-4090-a624-9df30bd797b5,2021,2021-02-12,663c15de-2cf7-4168-8027-739db580bf6f,0332dc1e-1ed0-4388-ac2d-a566c094f746,4,1,-2.577432157414208,0.43073781409942385
c6a8b62c-5d04-4721-b47f-a2029d2d1798,2021,2021-02-12,a77eeeed-4789-4b3d-9a4a-9e5ace1b0a0c,407824c5-1c41-4866-976d-ae32fddf4868,4,1,5.173058361281953,0.7258462661636952
c765c865-b747-4377-86a7-26023fc47c59,2021,2021-02-12,a4527c7b-f261-4b8d-91ed-120ffb1cbba9,efbf7b44-08c9-42ef-949f-9b2ec88fe96f,-7,0,4.485968184139088,0.6302999234329804
d3faad76-7737-4f7b-8f67-c83ab21701d3,2021,2021-02-12,53bc6533-b761-4ad9-8807-3eed852c09cb,136c7ecc-ca9e-456b-acfa-e4b5947012f2,20,1,10.479267168354353,0.8748577487101348
e77b0456-4e15-476e-a7fb-71d84de81844,2021,2021-02-12,6e833acc-a13a-4959-bac1-fbd2e6be20b1,391a8f2e-7e33-41c3-b05a-8eaf0f2c0243,-13,0,-5.475225268864287,0.341840014980618
ea3ae72e-2b2a-4887-9f33-101499e9b679,2021,2021-02-12,3e008047-7af0-46d9-b2b5-f6c66cab441a,3ba902c7-2efa-4126-94ed-50c44b1d6904,6,1,-3.770534893253583,0.4169373405236346
ed0404b0-f760-4d4a-80d7-e49e2325b4f6,2021,2021-02-12,a926c3ea-f3c3-4378-a2d5-606018157fc0,9f2f419d-e3e3-487e-ac82-4bf10a2b7d06,-1,0,8.341139360655665,0.8132812870346157
f98a1f67-daea-469b-87e7-40ea6dd85703,2021,2021-02-12,418b21e5-7710-4e33-8bba-6fba764d7962,fbaa3865-aab6-429f-8f27-779aa41e9ae6,12,1,20.555555428193372,0.9772905836886938
fbdd4786-546e-473b-b6cb-c86feacbb279,2021,2021-02-12,a718200e-3c95-4e78-bc52-6d49f14c042f,ab3af85c-525d-434a-95d6-fcc4a957eff7,6,1,9.267964370334758,0.8564570231987477
0233b908-8471-4cb0-9f71-c88a518b7a70,2021,2021-02-13,3430a126-cdee-483f-87c6-4ffbe51d0170,c8552860-c6f5-4179-b43e-c55775da1d48,-16,0,-4.492762625910359,0.35836383130674343
0256c990-519c-4d3f-b9c4-52258b2e0ecb,2021,2021-02-13,0ca618bb-3ba5-4356-8c01-9e5cfb52204c,7ae4eaea-598c-4482-8e63-6e6d8c551817,-2,0,2.6795921472250117,0.6696200946954544
03d12aa1-45f7-4a1e-8cd4-0967fe2a0c1c,2021,2021-02-13,28164465-b0c4-4d92-b609-51debab55256,c32d1a7a-7843-46a2-aba9-7550d7ea2b38,4,1,5.003657145320464,0.6390796647030977
06753274-ad4a-4774-a663-6363b06b4075,2021,2021-02-13,2da144c9-32c5-455b-b0b2-a0f505e05133,dc228f38-de10-460f-a1ce-1a5ae09472b1,10,1,12.918970540264414,0.9137564524940782
068d1c70-3ef2-4cdd-abbe-61f966cdd418,2021,2021-02-13,9e06016d-f8c4-49a3-ac5f-65d4cbd68ec1,c7d87cd7-eae2-4537-ae95-cc39f7dc0d08,-28,0,-14.137273292612534,0.035034640870325096
06e326b6-8f0a-44c1-a0e4-1409ffdaaaac,2021,2021-02-13,db815d0b-90db-442a-bd3c-358f64389ce0,79e17be8-1403-48c8-b264-4748e43d8e8f,2,1,6.171914862472727,0.6902386775678293
0bfae357-6da3-4855-9c8e-f22a044cc4c2,2021,2021-02-13,ec1ed234-8d20-4e67-801f-337e542c0916,37642fa1-3eb0-4eef-8973-ede3736321db,22,1,6.475788390828724,0.6951908296076161
1057098d-7a3a-437b-971e-1e751ccaf027,2021,2021-02-13,4fe53bf9-1004-4171-b2e1-81188834c232,d075203a-3279-49c9-b79e-ddf5a673fdfa,-10,0,-3.160015990591257,0.45561181052991445
131bdb16-beec-49fb-81ca-bcb34f399031,2021,2021-02-13,418b21e5-7710-4e33-8bba-6fba764d7962,fbaa3865-aab6-429f-8f27-779aa41e9ae6,20,1,19.412380991078205,0.9798047554451915
15ceba22-49d2-4b18-ab17-290bee7b0ae8,2021,2021-02-13,75be9823-4151-4c62-999b-0d1bd885e92b,7ba7ec2a-91c9-4856-bc4a-1b75f450061b,22,1,0.3455145382058685,0.485252343580475
212ec7b0-0e9d-4c0c-854b-5a773d38e44d,2021,2021-02-13,56a79fee-eea6-42d7-b3b5-aa619168e7f2,655e3157-6c29-45bb-9810-eefc2a0d509b,-7,0,7.823050712735389,0.8250655683121487
27c2ea83-d474-4114-ab0c-0750373b0108,2021,2021-02-13,2f3ac2cf-a76a-437a-aed6-239ac78ea5c6,2fb35c54-8f82-4531-86da-4f01cc0f9cf3,-20,0,-7.592524680419402,0.2464668793217061
28a8cfee-a313-44f4-a39e-cb3298d6271f,2021,2021-02-13,be9c1710-e299-4eaf-897e-3c4035465ce5,c54c27f4-6038-479f-81a5-076e8cb3facf,17,1,1.4244173434609033,0.5753879664736363
28fe562d-bcae-4691-ae14-536bdf4e3343,2021,2021-02-13,a1ec634e-e3a6-4f65-8cb4-cd9bc53448a1,9d171f52-bd82-40e9-a2e6-5c7b74a43355,22,1,16.707011909512467,0.951394854503264
316c643b-7d92-4294-869a-f662b431c386,2021,2021-02-13,af4cd665-b16b-433a-98b4-bc859c73052e,f5596042-c045-40b8-ab41-32e53c8c5ca2,5,1,2.3641529223128073,0.6357897046606008
32d283aa-8517-4ccc-88ae-e6ef6e1f32a4,2021,2021-02-13,28e6307f-2240-4931-9ba2-9e19e9e41214,79c95d32-81a3-4876-a67e-d05c472f970a,6,1,10.398054983496298,0.9381110809618391
350da3c2-62fb-4320-8f41-722a93fcfa1d,2021,2021-02-13,57b3f53c-c3e1-4345-acf1-d392e30fefb5,d67d284d-01be-4022-bef1-4dc3a3219c5d,8,1,1.8406476259026265,0.6953459739982119
3582fc7a-be42-45f5-b8f5-d63e66e7cc60,2021,2021-02-13,3ec8f5d8-3b24-42f3-af4c-a96a1f5f3a4a,03b9b8ef-ee62-41e5-8ba6-9845ca44dc4a,-8,0,-3.165590727781403,0.2745335204905856
36356eac-4a92-4ca6-b4ff-676f874ed199,2021,2021-02-13,9938a7ec-1bf0-4e63-9399-d9b959a6fa7d,091152bb-d0ed-4dd5-8b1a-201f53945a40,-9,0,-5.562768424655046,0.33011850977201057
383aeb8e-e5ef-4a07-a57c-fe8ab05e9461,2021,2021-02-13,96801e81-41ab-42eb-9726-5f240cb81f31,21fbc5a1-d38b-48de-a0fa-3aeb653d8091,12,1,9.314599401495629,0.7644563105464428
3b9c51db-86e9-481a-b72a-bddc9707f863,2021,2021-02-13,53bc6533-b761-4ad9-8807-3eed852c09cb,a90b7bea-0089-4676-8695-8e71d497e83b,29,1,18.427434504179647,0.9742070644966849
3c61a290-f9f1-4ce6-923b-b495af029426,2021,2021-02-13,6d3ad5c0-7493-4b78-8c6a-dfaa0ae9bd2b,47d95961-3d47-4d0f-815c-ed002986e9af,12,1,0.9915874313169097,0.44689654479562263
3d023c43-7c2b-41fb-a239-22b9741406fb,2021,2021-02-13,f5d57088-23c0-4976-a83a-8c99281931f6,9b5c6906-1c60-4032-9d9c-b47f0d65ffb6,2,1,7.404117359953663,0.825377434247472
418ffb77-7293-4b7b-99b6-57c4d5dd4726,2021,2021-02-13,80a4de01-2d01-4f5f-a169-ef1375b3bb6f,b0218bc9-d3fc-4819-9114-7868e6286a35,29,1,12.118529956876348,0.8701205500733732
4332a535-6720-4779-984d-7485084a4e3c,2021,2021-02-13,a40c4843-5038-4590-b917-003fb8a02a33,a347102a-5bf0-43d6-9e6a-98e689acb371,-7,0,-7.653866235298462,0.2924614031211657
43a80489-41b4-489e-a5b1-fe8e3df094fa,2021,2021-02-13,18a7cc66-39df-49bf-b51c-0cbdd36426b2,28fca8fc-b927-47d8-b900-d08b656fc31d,-13,0,5.742452765627911,0.7378376313637931
43f2126f-1c88-4704-9c97-72d874d2552a,2021,2021-02-13,2fb5419d-1828-4c58-92b0-39fc3073197b,7fd23de2-bd4b-4f67-a1b5-a7b146c2b64d,12,1,5.698270200374783,0.7183675092310748
4a60c76e-1594-4fae-b48b-f1fbf83b6f04,2021,2021-02-13,d9734c47-4710-4741-aee3-f1b78e2c7494,a542240d-13f0-4c97-8c81-319e88fd0a4b,-11,0,-5.728395536104668,0.2863987455032516
4a7eb336-1fe9-44a0-9191-5bd4118a2e6f,2021,2021-02-13,88c28db5-60be-4385-8263-91e66e360407,136c7ecc-ca9e-456b-acfa-e4b5947012f2,15,1,5.825738613638507,0.7371502866342926
570418aa-ea21-4560-8255-5da4ab5568e0,2021,2021-02-13,b4d453f5-49b1-4a4f-8d76-30ed0f77fab4,0a90783a-38de-46db-ac4e-70329fd95b95,-3,0,-2.73976587801121,0.35791627900417333
5744e052-8512-4ffa-b2aa-671d44c02138,2021,2021-02-13,3e3fb5ce-40b0-4813-9880-afe0fd6fdce3,60572384-23ce-4f11-a5a4-237b9e9088cd,-39,0,-15.163104987905655,0.048828514351967646
5859a810-4555-449c-babd-8c8258b7c9c6,2021,2021-02-13,60f79bad-642b-493c-b616-4f07e42a8fd1,59282bec-e8d6-40c6-973a-83051100421d,-9,0,-2.057227864383405,0.32887892137215463
5eff5c59-ddbc-41b0-a309-1be70cd54505,2021,2021-02-13,d9903224-7c66-416a-a0f6-db933fda49e2,ed8cb4c0-c6d4-4461-be8c-ecf8fe13668f,7,1,7.483841940709953,0.777729291112763
5fb34efb-fd9f-4627-8f3a-00805de6eb1b,2021,2021-02-13,d2735ccc-baf8-4ea0-910b-fe1214c0e75f,38c4b228-dd15-4b05-bf9a-6e01fad39132,-2,0,-5.711180386304002,0.28843158577368805
5fb9f493-b1ce-4940-97ff-41a9272978da,2021,2021-02-13,a0942322-0725-4156-a535-e621d291382c,864ea5b8-fceb-456e-9434-d7b7a0170357,3,1,8.876757354118313,0.8506951761013822
66c2d420-ed3b-4f0f-83cf-63ed42a06cab,2021,2021-02-13,c03bf34d-cf8b-43da-883c-63212ac85d42,2f5716e4-e515-4210-ba95-863aeec7f43f,7,1,10.184156154426368,0.8465459816033425
66d247b4-5a93-4dc1-8f72-e1af30da1744,2021,2021-02-13,6d2ae003-7cee-4a99-b121-1c27fe92e96a,d748b419-f41e-4b46-aff6-ce66b3442549,15,1,9.93579989762278,0.8417454269996298
67f7cc5d-f71d-480f-98f5-0dfc8535a8a7,2021,2021-02-13,28f58893-fbf6-40df-8b08-24c4b0ab191d,aac9f779-7e88-494c-86d3-09b2e9b47e39,-27,0,-6.535813101400765,0.28228269040737725
724b139f-b290-45f8-9d66-d38104eac022,2021,2021-02-13,40dca164-63a2-4620-aaff-78a2c75fe5f0,a32cf399-a569-42dd-b4e7-d8e7054234c7,-2,0,-8.08701147371278,0.22172267095328685
72e6de25-0226-46c3-a244-512886095bf0,2021,2021-02-13,fc86f8b9-5e54-4f2a-af3d-e48ecf83543e,5674afbc-6b30-4a05-927a-54e7f8738250,40,1,12.404252123882017,0.9318534311348253
77351df7-aa36-4471-87e0-1fd82147ca0d,2021,2021-02-13,3e008047-7af0-46d9-b2b5-f6c66cab441a,3ba902c7-2efa-4126-94ed-50c44b1d6904,-5,0,-3.2968534842162334,0.39529858165470977
7a22e2e1-d8e3-4a4c-b223-372056a56505,2021,2021-02-13,dfc69d97-4abe-4ae0-b091-329cef3c70b0,153596ed-3c7a-404c-b510-15a532386899,-3,0,-11.616041784751598,0.13102275447792086
7a49ea7d-99d3-4246-bd39-7a2e8196b819,2021,2021-02-13,8b67941e-9cd8-42e9-94ec-60a1d10cbc84,1b0747e9-4222-406e-b8c0-c34ca2f87eaa,-7,0,-7.8718150746274125,0.18835673184968896
7a6bb491-c919-4c60-9ce6-a2037aba05e4,2021,2021-02-13,9a4cb8a6-1c95-4ac2-8acf-2d47cead4af7,9ded2a57-a14f-4961-ab3b-efca70d91b7e,-2,0,-8.977499570451377,0.20440531919181026
7b004ae2-db90-40e9-9837-7910fd7ad395,2021,2021-02-13,44353014-53ae-4005-89ae-a4f9fb38617b,39ca9310-2efd-46a8-95b3-c8d65343ffa2,-7,0,-1.3999788852453343,0.42215152126317906
7b6002d9-309a-4572-8dcb-af124670fa4d,2021,2021-02-13,118354ec-fd34-4152-9760-dfed9430b49f,a068e9e2-d76e-4fa3-a94b-f1f2d845b000,13,1,1.8930332286562503,0.6266734796022568
7dbe7120-2784-4070-a09b-5bf0470f9052,2021,2021-02-13,043f7037-fcb6-454b-9a9f-a594935d08e4,48ca0d7e-2fa2-4fe1-9469-069d9fbef3a1,9,1,-10.625133000505476,0.17014698214215523
7fcb2301-3594-4ed1-9c8c-c3d13c9ee49d,2021,2021-02-13,a718200e-3c95-4e78-bc52-6d49f14c042f,ab3af85c-525d-434a-95d6-fcc4a957eff7,23,1,11.016010773017548,0.8781628736706735
8039d28e-8921-4b5d-8fa5-10f21b5fefa1,2021,2021-02-13,0f5a1494-b3ca-4532-8777-55217ec53868,3d1c995e-040f-4e4f-84ff-f68fdad5ae74,17,1,4.138835811577076,0.6986366275917198
81804cbc-4555-4b4a-bc93-b30d2cdde43b,2021,2021-02-13,87cb3661-e328-487a-aa0c-52b1df29e7d9,6f11a51a-1a8a-4212-9e1e-14660575c751,-7,0,11.422917231414052,0.8789176938913286
83295e21-7f37-4467-9b1b-47283d45a789,2021,2021-02-13,a33a65ab-deec-4f5e-bf8d-b665170497f2,89842734-b541-434c-9195-ca36a4f9ac31,-2,0,6.222887979354233,0.7672501640816607
8679daf5-2732-4e15-8170-d03187afa5b0,2021,2021-02-13,1450fc17-28ed-4fe1-a784-71eaa519baa1,b474ccdd-467a-4295-86a9-293837900322,18,1,14.452355024441388,0.9345156108921228
8f1bab76-cc61-4148-9a3e-c6b4db12eae0,2021,2021-02-13,81e7c995-a578-4623-93a0-bce731349a82,5ef3daf9-ea79-4c33-82af-051ce15768a4,9,1,-5.114291322485029,0.3209715651804274
9386ebc3-da24-48be-9e13-d14f8c3ab4b2,2021,2021-02-13,663c15de-2cf7-4168-8027-739db580bf6f,0332dc1e-1ed0-4388-ac2d-a566c094f746,-5,0,-0.2502324719265266,0.48175405350943334
94a39084-8351-47c4-bc13-6485e6b0f196,2021,2021-02-13,1dcc19aa-e509-4cc5-93e1-29c1a093fcd9,cc6f95f5-bb00-4211-89af-a4d26b18dc0b,8,1,12.121010052714599,0.9136324191749429
99026d43-d6ed-4b6c-a9f5-12d7e170ebbe,2021,2021-02-13,bb625b21-99e6-4de0-bcd7-8e346265e676,7c838356-4125-427e-901a-a8b36e899403,-12,0,-11.470614520996834,0.09109766804452722
9a5fac52-4655-4d00-8a9f-6c5643cadcb1,2021,2021-02-13,eda520a3-8273-4cf5-ad9b-3c26d698686d,406e5c75-29d7-4b2a-a2ef-4cb52cf8d6fd,19,1,7.825828127303915,0.8037668859895578
9c237525-b0bd-42ec-9f83-c092373aab97,2021,2021-02-13,5c08d048-2b8b-4f14-ba62-eb65192229fe,27945734-1ebb-4e9f-957f-162878724b27,20,1,17.213712233405086,0.9373156167871292
9f3aabb7-6dc6-4c52-b678-e0861f234f7b,2021,2021-02-13,224b4a01-4769-41b1-9157-4806ac21b8e7,b2fbe1bc-ec5e-498c-a480-7297ce829e25,-6,0,2.898331054530191,0.6256179215795775
a19ee5ad-eb78-497c-89a8-eccf07cbe851,2021,2021-02-13,763f60a9-832f-4cde-b69f-33db7addad25,5cf12fde-f3ee-42c2-be66-d7a7f79401e9,13,1,2.7836422554700526,0.5828144651589179
a3b4a749-8e6b-453c-8a60-f6e15c4226d6,2021,2021-02-13,af32a09c-4079-4e21-9725-ed8b07ee5546,2fde548d-ea76-407d-beac-ce9db544e620,-7,0,-2.569600864026842,0.4103023427619367
a434c00c-9826-4007-bdd3-1846555b55b2,2021,2021-02-13,6ed80bf4-9f2c-479d-b24b-cddb4ca6675f,f96f8f4d-dbca-433c-8c11-1b8e00bddc6f,8,1,10.45856046851329,0.8734238074060469
a43a16ab-9ddb-4063-b4f5-9930fc6dd17c,2021,2021-02-13,e8e53526-9614-4a00-9699-83239ddc2c7b,a7f9d3fb-5741-4a3e-8505-026b862ce855,-25,0,2.2841870496573655,0.6622026614652762
a4ad62d5-9803-4eeb-b58e-f935d58e946e,2021,2021-02-13,4a06993f-d792-4e09-941b-89a318b29c41,c9a13806-ceac-4436-87fa-6d19c5d3b834,-21,0,3.7146825394963625,0.6538136945777365
a637acac-50f2-45c7-9aa8-95459b831531,2021,2021-02-13,bb8be7f3-4f59-44e8-864e-119e0b8c18b6,cb06302f-f822-405d-b3b6-f60e377cb18d,-16,0,-8.459059116439567,0.16217446890706763
ac5448bc-d2c0-48c6-b3d5-b42af5ba6a36,2021,2021-02-13,7ea7c61f-1804-4780-a693-f73ac177f85a,add66488-b462-4823-beba-4981e3cfc5a6,7,1,20.166318283332444,0.979765060761292
ad5f90b9-2398-4dae-8332-b97378d05829,2021,2021-02-13,d9ee64a0-7aab-47e1-b2ab-9018c4bfeda5,066a8484-fc6f-4b34-a34e-12b5a0ccad51,7,1,1.7399988002246887,0.5081146412310659
afb3a4a1-8edb-4371-9d5e-0a471658b711,2021,2021-02-13,93706eaa-57eb-4415-be8d-eab0042ce36f,4abfdf3a-98a8-404d-a53c-d4aed37d2942,-14,0,-10.85167884993979,0.1331936131245913
b0c711c1-1680-4c5c-b66d-cb44fc5d6432,2021,2021-02-13,6b8b49f4-4a9d-45d4-ab16-595b1b537d76,bbc12a02-7b1f-44b9-9292-8035f6f2bb36,2,1,1.169268293979664,0.6011029347578533
b1e158aa-5a4e-40dc-90fc-1c8d7501ccec,2021,2021-02-13,77cf4e5f-d8b0-4af2-bdbd-162e845fabcd,755f4f60-e8ea-4b47-bc85-0014523f73aa,11,1,16.46662094420329,0.9766918068024235
b4f2085d-c49f-49f1-868c-c092c1a8604d,2021,2021-02-13,6b800506-0715-4d71-93e9-8887bd0ead96,539b6837-bb92-4554-91a0-8f0d949d8b0f,2,1,10.89046169280766,0.8830197765315219
b98cfd88-55eb-4443-9c67-a8d1dee2f71d,2021,2021-02-13,6e833acc-a13a-4959-bac1-fbd2e6be20b1,391a8f2e-7e33-41c3-b05a-8eaf0f2c0243,8,1,-1.278388846560362,0.4285435307356227
c0f2f82e-9ddb-4f1a-a6c1-d60e2a248c2d,2021,2021-02-13,f4293af4-22a8-41f0-92c5-b4453f0088ba,71ce4b4a-9645-46f8-9879-88330df117fd,-5,0,1.7419138143638868,0.5955815107334941
cc27521f-31a1-4706-be90-34eb24d920a9,2021,2021-02-13,3a65e16d-46ee-4ba4-9bdc-df6b25859655,a70fcc7f-825b-4156-9649-d06b0ac24183,3,1,-1.062877918079863,0.4860105077621871
cd06ca84-061b-4887-bab4-f0b390c90a73,2021,2021-02-13,d7ae1172-7174-4b23-864e-b95c3dac4ee4,88b507e4-37af-4b0c-b7de-e68864346922,-16,0,-0.9022735198315146,0.4785729154263964
d0c154d4-a39e-4847-8d77-cbdeb02b4355,2021,2021-02-13,2c3cfe98-5d8e-4156-8f96-72afb8b46504,f76767a6-8e9e-44e5-8211-21524f364137,28,1,24.741317801608897,0.9876370045586947
d2291f9a-5af9-4e60-90fc-2e9bf4c10aca,2021,2021-02-13,d53017de-fb39-4d91-ae07-8c7ad76080cd,34447800-60a5-477a-9ea3-6157f0f7913f,-9,0,-4.227341256826212,0.35008763665989856
d38a8c33-d18b-4b8d-a9a2-88d4d3e08b55,2021,2021-02-13,015a331c-b317-4974-afdf-1d3940b8e31b,19a55d43-b24a-464f-b974-586d0ca1325c,-10,0,10.478620817402806,0.8546514347534846
d507be18-8669-4f24-b18c-171b8f3f40bf,2021,2021-02-13,b027da3b-02b3-4b06-8d11-4355379c190b,68a49c87-4220-43d5-856d-ffc0507814a1,14,1,7.602627039921735,0.8216799599650053
d7559e34-f031-459a-81a9-ee9ca663f907,2021,2021-02-13,c17206f6-29e6-4785-8241-eb88a39a59c2,18cfad04-c27c-45fb-ac76-6a19e57ea922,-5,0,-4.219298126164001,0.36194427614408015
d8605f1b-95cb-47b8-96ae-eb98c82b9f2b,2021,2021-02-13,d32dd807-9ee5-45de-822a-61d30e953a37,86a7a83d-0f48-49a2-a5f6-b2ce77628f2e,-10,0,-8.37980434105719,0.18205489253261084
d88f3e8d-0fc3-4ae2-9c5c-e96b59d20710,2021,2021-02-13,c6b5e189-79b5-4b48-9cb2-4f886c6004b8,1f5cd38b-8ede-4730-82a5-cab59b37dc50,-14,0,-10.374699409104885,0.11695770939527858
e16e8412-cafc-4bae-a758-5bfb05eb678f,2021,2021-02-13,33c3ebe5-ba0a-4f61-a304-3552be342274,97b331d3-f682-405e-b55a-791cbae25dc0,-5,0,8.689271465926753,0.8649136144369898
e9f5fa75-03a5-4df5-93c3-5c4b9c26bd30,2021,2021-02-13,3f7f94a0-e27a-4e82-b5d0-9098123024ec,b9939a4f-3583-4099-a977-cbe1cee7f252,-30,0,-8.910771600803171,0.2152930197962168
f07f26e5-0390-45fe-ba41-780850ee5ff7,2021,2021-02-13,d060a457-6325-4436-8b0c-e45c7cea013e,9a4cc655-94cb-423f-8249-a9cc2637eb22,-1,0,8.037482473955867,0.7957814776457887
f674d334-5838-4a0b-93ce-ed04626b9e0e,2021,2021-02-13,d4f12cb0-b551-45d3-9418-8f5971ea059e,90c24aef-e6b2-4203-8a3e-243ff680b3c3,4,1,6.317054112169556,0.7650268848389393
f7031f63-62ab-4df8-9939-329b6046d10d,2021,2021-02-13,0ded5c5a-c875-4cab-b9eb-ba50f34b6f0e,12ac488d-9e35-4904-a14b-14cadde1c391,-19,0,0.3918179926221959,0.49680912200776794
f83b04f4-d4d6-416f-baeb-dd6b7dedba0a,2021,2021-02-13,eae08de3-3875-42d9-8dca-09e8016dea2c,afd0bd2f-740b-44d7-8be1-cb790093f9bd,-3,0,3.260230803780506,0.5496498328124196
fb0e021f-194b-4002-81df-5d7da51cdf01,2021,2021-02-13,6ef12ef2-4196-48f1-9341-3d9e2a4bc359,9e4719ed-a84f-4572-a1b8-d13c0997f3a1,18,1,0.4889210793598558,0.5204597813921068
fca4962c-187c-4ab7-a29d-a8a131b6f83e,2021,2021-02-13,70f9ea29-5535-4360-a3d6-3390ad8ff0ff,d6262d9b-c701-4974-afbd-ef478e74fe8b,19,1,3.379305179025547,0.5924084622156504
fea411b2-c92c-4de0-a602-275b4c65c0b7,2021,2021-02-13,e9e62a4d-2506-411b-937f-e8afdde25d61,c1fbdd92-7438-4374-a4ca-db062202a38e,7,1,4.727203095370877,0.7054021553436349
ff0299c3-cab0-4125-8831-5af6f2b07221,2021,2021-02-13,8870b73d-31e2-48d2-99b8-bf750c8cb9e1,e963123a-d677-4acf-ac24-9e0bbf199293,4,1,7.584413513340581,0.7982259241046508
041a8cab-ece9-4fb7-8e31-02bf001a3c91,2021,2021-02-14,9938a7ec-1bf0-4e63-9399-d9b959a6fa7d,091152bb-d0ed-4dd5-8b1a-201f53945a40,11,1,-7.069475324517973,0.25175660888546275
0579af2c-9492-4188-b851-1f4f518bec6b,2021,2021-02-14,d4f12cb0-b551-45d3-9418-8f5971ea059e,90c24aef-e6b2-4203-8a3e-243ff680b3c3,4,1,5.199534627649807,0.7397805796158475
0c49b26d-c310-43f0-b9d8-55b9fdc09948,2021,2021-02-14,f4293af4-22a8-41f0-92c5-b4453f0088ba,71ce4b4a-9645-46f8-9879-88330df117fd,-3,0,2.647466260475348,0.6179834611764681
0fd57e5c-d092-4934-b9a5-8fa22879a996,2021,2021-02-14,96801e81-41ab-42eb-9726-5f240cb81f31,21fbc5a1-d38b-48de-a0fa-3aeb653d8091,-1,0,8.33067042278461,0.7852626295745129
11d16085-c0cd-4186-b1af-5c290d03a95f,2021,2021-02-14,d32dd807-9ee5-45de-822a-61d30e953a37,86a7a83d-0f48-49a2-a5f6-b2ce77628f2e,-9,0,-8.293906724619138,0.19120816187691336
13286bad-736c-452c-916b-a8d452725c1d,2021,2021-02-14,28f58893-fbf6-40df-8b08-24c4b0ab191d,aac9f779-7e88-494c-86d3-09b2e9b47e39,1,1,-6.062745620089735,0.2687550904450122
190d11fc-cf70-44aa-a7cd-30c65305dd0d,2021,2021-02-14,6ed80bf4-9f2c-479d-b24b-cddb4ca6675f,f96f8f4d-dbca-433c-8c11-1b8e00bddc6f,4,1,7.905049543324753,0.8011271238850666
330c86db-95bc-48c6-b0af-9f086847bfa4,2021,2021-02-14,ab413d6b-1afb-44fa-9134-499b5b046de1,589de096-2a48-481c-9213-1de1cde104de,-8,0,-3.8568845853160334,0.3618686004294463
3a2d63f1-636f-444a-b56a-78e727f92133,2021,2021-02-14,0f5a1494-b3ca-4532-8777-55217ec53868,3d1c995e-040f-4e4f-84ff-f68fdad5ae74,-15,0,4.369533587568074,0.6977916903341843
64a50862-ae03-4684-b360-5d2e58f84702,2021,2021-02-14,c86929e8-d014-4027-814e-17e5b57f90b6,c00c03b9-1bdc-4cb6-9896-c210e9ebf208,-1,0,7.245303190319727,0.814360351717754
6ef27f4d-73f2-40b7-b03a-1009d6885c09,2021,2021-02-14,962b3e60-24df-4af4-82d2-3a9c8442765b,0833ed3f-41b2-45fd-90f1-ea76c6f32453,2,1,-1.8113662560143575,0.41454881743190036
93ec4d80-dc52-4ead-9308-84575918595e,2021,2021-02-14,a70fcc7f-825b-4156-9649-d06b0ac24183,3a65e16d-46ee-4ba4-9bdc-df6b25859655,19,1,7.607873885948098,0.7334578767171248
94a83f44-cffb-4b6f-95d7-b45c732e7db1,2021,2021-02-14,6ef12ef2-4196-48f1-9341-3d9e2a4bc359,9e4719ed-a84f-4572-a1b8-d13c0997f3a1,-11,0,-0.2217037925334508,0.5064983220294019
9b17e4b2-2b82-4325-80e6-b85849a6c3d6,2021,2021-02-14,c54c27f4-6038-479f-81a5-076e8cb3facf,be9c1710-e299-4eaf-897e-3c4035465ce5,18,1,4.483265037577265,0.7004886801164573
a47f2407-9092-4995-8ca3-f866f2bcbd8a,2021,2021-02-14,18a7cc66-39df-49bf-b51c-0cbdd36426b2,28fca8fc-b927-47d8-b900-d08b656fc31d,14,1,6.7953565243296605,0.753036810586066
caafff29-ec88-4ca7-92eb-d6c05eb892b0,2021,2021-02-14,35ca9192-f3aa-4b7a-8f4f-b9ee34e646d8,d1f54cdd-6d42-4df8-ae4b-e74ee175e8ea,-6,0,-5.203738858614613,0.3140834390224525
ce69b0f4-b0be-4138-9024-493e8cd9ed11,2021,2021-02-14,33c3ebe5-ba0a-4f61-a304-3552be342274,97b331d3-f682-405e-b55a-791cbae25dc0,17,1,8.449156622303791,0.8787601939719781
da7d54ce-c52e-4060-9822-e6fe3764d839,2021,2021-02-14,81e7c995-a578-4623-93a0-bce731349a82,5ef3daf9-ea79-4c33-82af-051ce15768a4,4,1,-5.3929323473454875,0.32509506565049867
f0fb0b7a-d200-42d9-9739-62c53b824405,2021,2021-02-14,ec1ed234-8d20-4e67-801f-337e542c0916,37642fa1-3eb0-4eef-8973-ede3736321db,15,1,5.950170577582012,0.7517226482126387
f30afb28-1dcc-4237-97d6-4d2f7a89abc2,2021,2021-02-14,015a331c-b317-4974-afdf-1d3940b8e31b,19a55d43-b24a-464f-b974-586d0ca1325c,14,1,11.041603469671873,0.848909951367806
fe2eca6b-bf27-42b4-8ca1-626e7cde3ab1,2021,2021-02-14,87c9d84a-7778-47cb-9a33-085caf9ea361,01bd3978-4bb2-4761-8b57-3b19be7a2d53,6,1,9.228679493616037,0.8319293335276738
feae250f-79ce-4848-bcc2-9724cd103ce0,2021,2021-02-14,be962bf1-1af8-4d6e-b983-d820cbae2dba,7641ced1-436d-4cca-aef6-214829898d2e,13,1,8.746245489099191,0.798449992762675
15ce724f-b6ab-4d0d-a1aa-ec615512034b,2021,2021-02-15,8870b73d-31e2-48d2-99b8-bf750c8cb9e1,75be9823-4151-4c62-999b-0d1bd885e92b,2,1,0.6538610925296604,0.54534588256961
4008d164-236a-495b-a364-8fc01b1548ac,2021,2021-02-15,d4c5bc9c-035c-4638-8430-5f2bddc79182,fdb48dc9-68f9-48b4-bc6f-38c1be2ca041,10,1,2.1420883097317396,0.6028310211866389
42329c53-8591-4c60-b0a0-c3c6896b58df,2021,2021-02-15,e7739ef6-94c9-4206-be27-00d9c5e52ed3,28535578-a0da-4a5f-8dbf-c99868d82178,-10,0,-9.960045819914965,0.19542439929951244
6ca77523-5203-4a84-b175-d05388a39c1a,2021,2021-02-15,118354ec-fd34-4152-9760-dfed9430b49f,2fb35c54-8f82-4531-86da-4f01cc0f9cf3,-11,0,-6.9849881726620335,0.16347907459679842
bab4cd54-c15c-4880-ab21-9d394a6922b3,2021,2021-02-15,7ea7c61f-1804-4780-a693-f73ac177f85a,2fb5419d-1828-4c58-92b0-39fc3073197b,21,1,4.538945059913765,0.6482412687615211
e3e5aff4-4a22-4349-b031-1a2729ab028c,2021,2021-02-15,27945734-1ebb-4e9f-957f-162878724b27,53bc6533-b761-4ad9-8807-3eed852c09cb,-29,0,-10.500692165168983,0.11825093243990267
f8925cf5-cc51-4d6a-aed3-d8c5ed7ad382,2021,2021-02-15,d9734c47-4710-4741-aee3-f1b78e2c7494,dfc69d97-4abe-4ae0-b091-329cef3c70b0,-2,0,6.872517244921381,0.8128372998302256
faed39c2-3d74-40d0-a8f8-1e6d8028f759,2021,2021-02-15,fc2ab8b9-b25c-46a3-81e7-a6abf8ffedad,5d3a1c04-727a-44fa-990d-231f8bf3b6e0,10,1,3.836970515698686,0.7027139325085292
073e8d49-c806-4fe8-9b75-5d6f812be3ce,2021,2021-02-16,c0a097f6-0d58-47f8-aa7a-6eebdadedb22,28164465-b0c4-4d92-b609-51debab55256,-3,0,-0.565343714801436,0.4504816299554793
0e82c66c-ab19-4d55-a3d8-cd34af6d41ff,2021,2021-02-16,56a79fee-eea6-42d7-b3b5-aa619168e7f2,a4527c7b-f261-4b8d-91ed-120ffb1cbba9,12,1,7.611035182140967,0.7671278003077053
5733bb56-442f-41dd-8700-64bac40dccfb,2021,2021-02-16,ce493494-f12c-43fb-87e4-cdd4763ea2c0,79955c01-036a-420a-b25f-29b26f20da6c,6,1,-0.08914750672675195,0.5315371809350521
6e0d2553-8c81-4868-ae17-6c67af7a189e,2021,2021-02-16,e4a5755b-3279-4861-b19a-6a7d500c6637,655e3157-6c29-45bb-9810-eefc2a0d509b,-13,0,0.47777198253873016,0.5781315491399135
6f9d4e6c-64ce-4187-9276-b1d443987180,2021,2021-02-16,18cfad04-c27c-45fb-ac76-6a19e57ea922,c76af57c-a3dd-470a-8f02-e61a707c7f55,11,1,4.917119626684882,0.6607599927923614
7316b1d0-33c7-4fa0-9e52-7a2f996f4298,2021,2021-02-16,5fc77d2f-aff7-4bba-bc4b-08cbef83f991,3ec8f5d8-3b24-42f3-af4c-a96a1f5f3a4a,9,1,5.086880434883161,0.6849091613718404
7764bf03-55de-4e48-b7c6-1c2a8052e97d,2021,2021-02-16,be962bf1-1af8-4d6e-b983-d820cbae2dba,c00c03b9-1bdc-4cb6-9896-c210e9ebf208,14,1,11.126554365645296,0.8691002940122353
87e69854-6f2e-47e2-87f6-40ee53a55897,2021,2021-02-16,b9a980be-8e9f-43c2-8ebb-aff1b8f682df,68a49c87-4220-43d5-856d-ffc0507814a1,7,1,16.46477766870637,0.9463720505466605
891a012f-c2de-42be-8970-1ce93df5b428,2021,2021-02-16,efbf7b44-08c9-42ef-949f-9b2ec88fe96f,9d171f52-bd82-40e9-a2e6-5c7b74a43355,5,1,16.4072342885833,0.9808338972303556
a2b831af-f685-4f4d-a005-c13bcac26ee5,2021,2021-02-16,312a2f51-9f81-43c4-8a40-680e9596a196,c17206f6-29e6-4785-8241-eb88a39a59c2,10,1,-1.8786345477892838,0.46441348278107053
b72e0d81-6e3f-4f8d-a6e2-c10e312580c5,2021,2021-02-16,82ef743e-9bd4-4c80-a4ab-5e3ba42e84df,c6b5e189-79b5-4b48-9cb2-4f886c6004b8,18,1,13.293468917716185,0.9383820881233038
ba8f86af-7201-4e26-a9ba-22caa871eb34,2021,2021-02-16,c7d87cd7-eae2-4537-ae95-cc39f7dc0d08,02d4cbfd-8634-43dc-999a-f4d32f7f47c2,21,1,17.8025501006545,0.97845012375846
bee560ca-6e15-408e-8a3f-83f43dbd8db7,2021,2021-02-16,03b9b8ef-ee62-41e5-8ba6-9845ca44dc4a,d075203a-3279-49c9-b79e-ddf5a673fdfa,12,1,10.627868122594249,0.8638267001650373
cb4b0955-20d9-4741-bda0-7367c33a89cd,2021,2021-02-16,136c7ecc-ca9e-456b-acfa-e4b5947012f2,88c28db5-60be-4385-8263-91e66e360407,5,1,-3.303356050303467,0.37378819802142077
cf377b36-746e-4bc8-8178-54d72ed8499d,2021,2021-02-16,f8baf0de-c953-49cc-9127-a520fdc65e97,a1ec634e-e3a6-4f65-8cb4-cd9bc53448a1,-7,0,-2.4230194512811822,0.42419169021424885
d91dcf43-0aa5-4dc3-adf0-6a2d3b1693ea,2021,2021-02-16,6d66d3c2-401b-4192-9132-138219cae626,0e7751bd-fff8-4fa2-a4a4-d7dafd8f4929,2,1,2.1116578027396997,0.5750871089621524
e05070cd-ef19-4222-807b-4641f5ab5d6c,2021,2021-02-16,e9ab90ad-d1d0-4bcd-b2c3-90ed7076450c,3f7f94a0-e27a-4e82-b5d0-9098123024ec,10,1,7.890392591380133,0.8485447931106
f0bd79e2-dce8-47b5-b073-ee8e8fd41a81,2021,2021-02-16,60f79bad-642b-493c-b616-4f07e42a8fd1,674e69f5-9ec1-406c-9c9e-0277406bb10a,-8,0,4.312315302785012,0.7221675705803544
02d44047-8dcd-4bf5-825b-40120212e4c6,2021,2021-02-17,d1f54cdd-6d42-4df8-ae4b-e74ee175e8ea,35ca9192-f3aa-4b7a-8f4f-b9ee34e646d8,14,1,9.028407882289859,0.8405102710368973
0630e115-874b-4408-ac67-44b2f738b8f7,2021,2021-02-17,60f79bad-642b-493c-b616-4f07e42a8fd1,674e69f5-9ec1-406c-9c9e-0277406bb10a,-3,0,2.560100776853217,0.6299704215563907
0f32e674-daf1-4804-9483-2c99f7f0883d,2021,2021-02-17,e8e53526-9614-4a00-9699-83239ddc2c7b,ec1ed234-8d20-4e67-801f-337e542c0916,-15,0,-4.967085415908783,0.27878807826415547
13254dd1-7142-45b8-a804-d54bb0f7645d,2021,2021-02-17,8870b73d-31e2-48d2-99b8-bf750c8cb9e1,b474ccdd-467a-4295-86a9-293837900322,8,1,8.811147612327307,0.8374350499446012
1ba8e9a1-ea3a-4fe5-bcab-69eef2678e36,2021,2021-02-17,4ea3ab1d-d0d5-4c9c-9a61-71a678342af9,1f5cd38b-8ede-4730-82a5-cab59b37dc50,-18,0,-12.17733313910356,0.09933983526403879
3aeebf92-6a9e-4a37-9130-0cbd8f4af12c,2021,2021-02-17,a542240d-13f0-4c97-8c81-319e88fd0a4b,962b3e60-24df-4af4-82d2-3a9c8442765b,18,1,14.665089599783197,0.9407472352804335
4bed9ca9-740b-4b7a-9ad2-e360dd9c388e,2021,2021-02-17,d6262d9b-c701-4974-afbd-ef478e74fe8b,7641ced1-436d-4cca-aef6-214829898d2e,10,1,7.940034563661168,0.7149716227314312
4c4930b2-02f4-4e3a-821a-3a6338a6a647,2021,2021-02-17,7fd23de2-bd4b-4f67-a1b5-a7b146c2b64d,091152bb-d0ed-4dd5-8b1a-201f53945a40,20,1,16.637004133535704,0.9437703958236636
5253f0bb-7981-4803-bea5-f0b9e69b7ff1,2021,2021-02-17,af41eb94-4a15-40c8-aec5-4bc9d72db801,7497b121-940a-4021-ad6d-b2d8569a97db,12,1,11.022681870800858,0.8802344483431088
55e02532-6e51-48db-b867-fccd6e2c5e5b,2021,2021-02-17,80a4de01-2d01-4f5f-a169-ef1375b3bb6f,afd0bd2f-740b-44d7-8be1-cb790093f9bd,11,1,3.366694455127747,0.4472363243549534
6d005afb-d54c-46bf-a4a6-68eca05723f1,2021,2021-02-17,c9a13806-ceac-4436-87fa-6d19c5d3b834,db815d0b-90db-442a-bd3c-358f64389ce0,-4,0,2.1012344380801578,0.5230480696811332
6d12f92e-d69d-434d-9790-9f7a9d2b0dae,2021,2021-02-17,be9c1710-e299-4eaf-897e-3c4035465ce5,c54c27f4-6038-479f-81a5-076e8cb3facf,-9,0,1.354883028263638,0.6101959733216712
7fc6ebf0-08d4-4b64-8c2b-2eb4b26721f1,2021,2021-02-17,0ded5c5a-c875-4cab-b9eb-ba50f34b6f0e,87cb3661-e328-487a-aa0c-52b1df29e7d9,4,1,-1.4517801821047036,0.406118575141289
8810b9b3-bb0d-483e-8d72-625e52c3120e,2021,2021-02-17,d748b419-f41e-4b46-aff6-ce66b3442549,778dcf04-00e0-4120-b1d6-36d83e57ad32,-16,0,-2.846905567589907,0.37871271150050384
9445c502-fce1-41b6-a26b-9acd7364b1b5,2021,2021-02-17,6b800506-0715-4d71-93e9-8887bd0ead96,6b306c8d-0a54-4bfd-a6b2-4e9dce397e36,9,1,-1.4130205789917254,0.4620989221634926
9e60edc7-3479-421f-96f1-9486ec22ff2e,2021,2021-02-17,be962bf1-1af8-4d6e-b983-d820cbae2dba,c00c03b9-1bdc-4cb6-9896-c210e9ebf208,8,1,11.573902191751573,0.8789031631067744
a46a6b15-d2af-43fb-927d-b0ac3a4deca1,2021,2021-02-17,01bd3978-4bb2-4761-8b57-3b19be7a2d53,d7ae1172-7174-4b23-864e-b95c3dac4ee4,-1,0,2.024658052705854,0.5794075630750765
a91a6912-560d-407b-bf9f-cab2d19facec,2021,2021-02-17,18a7cc66-39df-49bf-b51c-0cbdd36426b2,28f58893-fbf6-40df-8b08-24c4b0ab191d,-8,0,-6.25477962739181,0.1988626925616911
ac0e73b6-96b4-499c-a37b-b988ade219f9,2021,2021-02-17,75be9823-4151-4c62-999b-0d1bd885e92b,eae08de3-3875-42d9-8dca-09e8016dea2c,-7,0,1.9216755711705862,0.5586068881312183
be2cd7b0-46f8-42e2-9fdc-f3d45c3010cd,2021,2021-02-17,5cf12fde-f3ee-42c2-be66-d7a7f79401e9,8b67941e-9cd8-42e9-94ec-60a1d10cbc84,20,1,14.66548301808719,0.9411187145493183
bf11c570-961e-4d39-898e-760075553062,2021,2021-02-17,e7a2f658-1de2-4cc0-8d28-60bb96dcb224,336cf522-e130-4e26-947d-23a6b450adb6,-12,0,-3.131625002612808,0.41102177626235253
c2ac6564-5e51-490b-a17a-ef4d56d193c3,2021,2021-02-17,add66488-b462-4823-beba-4981e3cfc5a6,88b507e4-37af-4b0c-b7de-e68864346922,-24,0,-8.18051227291429,0.22836179845992602
d94bbe0a-eb57-4bd9-a5d0-da6350786cfa,2021,2021-02-17,1450fc17-28ed-4fe1-a784-71eaa519baa1,b0218bc9-d3fc-4819-9114-7868e6286a35,14,1,18.366188937650293,0.971695147654688
dfde1b07-643c-4927-8427-e0efe2ec5343,2021,2021-02-17,f5575a20-19d0-45ee-b978-be17d4021703,b88cbfee-e95b-4c99-bded-c0d5d62e9e27,-9,0,-6.171745670594417,0.2139966109904458
e08336ab-f027-4342-af82-45cc3b1030a5,2021,2021-02-17,7ba7ec2a-91c9-4856-bc4a-1b75f450061b,e963123a-d677-4acf-ac24-9e0bbf199293,14,1,11.241707525154368,0.8864974336888359
e1387e49-72a0-41bc-a799-bb4814dd74f8,2021,2021-02-17,aac9f779-7e88-494c-86d3-09b2e9b47e39,28fca8fc-b927-47d8-b900-d08b656fc31d,2,1,18.5867371177715,0.9754442883864534
2164b3bf-88da-4d1f-986d-7ab36d1a1140,2021,2021-02-18,bdd65ba1-f3b4-4da3-863e-1ab301468e5a,15ea3800-14b2-4e3e-8a6d-e9a6490fc965,5,1,-9.52085941185599,0.1587040136898577
2d3e159a-c4fd-4fac-8870-76a2dc627bad,2021,2021-02-18,9f2f419d-e3e3-487e-ac82-4bf10a2b7d06,fc2ab8b9-b25c-46a3-81e7-a6abf8ffedad,-8,0,0.19211926512538696,0.4433114529129601
377cb556-e112-4097-a96e-26da3b4daf38,2021,2021-02-18,c0a097f6-0d58-47f8-aa7a-6eebdadedb22,8b3aba69-54a9-4b40-9e60-b34816308953,-11,0,6.192762043137387,0.8051522817200149
4497af0f-a308-44ec-80ae-4e9f472c31a5,2021,2021-02-18,6c9cd4ee-eb61-4ac8-aec4-24e5ff6c7409,21fbc5a1-d38b-48de-a0fa-3aeb653d8091,19,1,13.938953830706335,0.9107991542893171
45d66a28-d1b0-49a6-8ba6-1bbc84440e13,2021,2021-02-18,dfc69d97-4abe-4ae0-b091-329cef3c70b0,d9ee64a0-7aab-47e1-b2ab-9018c4bfeda5,-18,0,-6.540993676646614,0.30458228869157816
4e9fb59a-40df-4247-8699-297511bfaab0,2021,2021-02-18,d4c5bc9c-035c-4638-8430-5f2bddc79182,fdb48dc9-68f9-48b4-bc6f-38c1be2ca041,-14,0,1.957487432132278,0.5874102551655892
5731b163-30e4-4636-80fd-6170bc2e6d39,2021,2021-02-18,37642fa1-3eb0-4eef-8973-ede3736321db,a7f9d3fb-5741-4a3e-8505-026b862ce855,-17,0,10.589113441472675,0.8955923592812057
582b1adc-ba36-4b91-967c-77603eaab6b4,2021,2021-02-18,34447800-60a5-477a-9ea3-6157f0f7913f,97af561a-907a-4616-9013-45a60140ff7b,33,1,16.367360426461623,0.9652957486957098
61eccb46-cbba-4b35-a677-9514ff2bee21,2021,2021-02-18,589de096-2a48-481c-9213-1de1cde104de,b027da3b-02b3-4b06-8d11-4355379c190b,7,1,12.954919628034085,0.9166799972393412
80b1294c-db0d-458e-97ec-5f9050fb9d71,2021,2021-02-18,2f3ac2cf-a76a-437a-aed6-239ac78ea5c6,118354ec-fd34-4152-9760-dfed9430b49f,5,1,2.2934396612798955,0.5769338534497223
8ce45dba-c2cb-4044-ab2b-f0657aaab462,2021,2021-02-18,be962bf1-1af8-4d6e-b983-d820cbae2dba,c00c03b9-1bdc-4cb6-9896-c210e9ebf208,8,1,11.929711927357298,0.876684225052492
97c60ad9-e913-4c66-8cf4-60e2a5fac4b6,2021,2021-02-18,c86929e8-d014-4027-814e-17e5b57f90b6,70f9ea29-5535-4360-a3d6-3390ad8ff0ff,-10,0,-3.0918319673352905,0.42845279335802805
9914706f-212a-4182-b730-d06b4f156fe8,2021,2021-02-18,a926c3ea-f3c3-4378-a2d5-606018157fc0,56d96aac-d4d5-491b-a3e3-da2b2a39e261,-6,0,-10.951557277602543,0.1751948216808284
b0b4448b-9a4c-48c7-a859-5b5b0ef7a892,2021,2021-02-18,d9734c47-4710-4741-aee3-f1b78e2c7494,043f7037-fcb6-454b-9a9f-a594935d08e4,31,1,8.22686939824885,0.8199432866752091
b5387472-fb64-49ac-aa1d-18325975c38a,2021,2021-02-18,ab413d6b-1afb-44fa-9134-499b5b046de1,b9939a4f-3583-4099-a977-cbe1cee7f252,-15,0,-0.15601644386991353,0.44338792568514523
bb32f446-a84c-467e-920a-dadc8e1604ce,2021,2021-02-18,0a90783a-38de-46db-ac4e-70329fd95b95,6dd43d39-7fc6-4bb1-8e18-9f7214921d79,-14,0,-14.494642220829393,0.10280776762462507
caf5aeb8-c8cb-47d1-9364-e53cfacefce2,2021,2021-02-18,a90b7bea-0089-4676-8695-8e71d497e83b,2fb35c54-8f82-4531-86da-4f01cc0f9cf3,-17,0,-12.231883733892957,0.08950286739757438
e2f3ed16-8a1c-40f1-b165-780a1c2b9891,2021,2021-02-18,eda9532c-47de-441d-9f85-fbf7daf82acb,6ed80bf4-9f2c-479d-b24b-cddb4ca6675f,-9,0,-2.073776828742169,0.37294613634573126
f5aaa0ec-fb60-4a25-a6d5-29a4b3f23fbc,2021,2021-02-18,3e3fb5ce-40b0-4813-9880-afe0fd6fdce3,28164465-b0c4-4d92-b609-51debab55256,-5,0,3.6769454444505434,0.6712027138192352
f6e943c6-f9cf-4190-9459-b99629fb8216,2021,2021-02-18,c32d1a7a-7843-46a2-aba9-7550d7ea2b38,606739b3-e8e7-44ed-9240-a2e69bae9106,-28,0,-4.172496354542883,0.3550007784737658
07335817-11ef-4627-8f58-5d60e5b7444d,2021,2021-02-19,33c3ebe5-ba0a-4f61-a304-3552be342274,f74ac72c-18ac-4485-96b9-da12f2d6d2a6,5,1,6.016018279804293,0.7660997100106345
1439ddb2-23e7-4ce6-8f3d-12039765bc8d,2021,2021-02-19,e6abc32a-c68e-4ea2-988d-1737d7ebfd4c,3d1c995e-040f-4e4f-84ff-f68fdad5ae74,-1,0,0.4075379022768159,0.47107385799328527
16d1abd0-fe10-4147-a30c-b946bdfa6c0d,2021,2021-02-19,dc228f38-de10-460f-a1ce-1a5ae09472b1,3ba902c7-2efa-4126-94ed-50c44b1d6904,-4,0,6.430285052252808,0.7295428957709877
18526917-34e1-493b-bef4-5954cd117748,2021,2021-02-19,97b331d3-f682-405e-b55a-791cbae25dc0,12ac488d-9e35-4904-a14b-14cadde1c391,-11,0,-0.9374325425411631,0.4181938165931367
18939b80-bc48-4518-8e84-d0adfcd5c761,2021,2021-02-19,79cb7a8a-d332-4b0b-8f8e-8b2de552964a,539b6837-bb92-4554-91a0-8f0d949d8b0f,-16,0,-9.59712711243565,0.1521114794958721
2f2579d9-d56c-47ca-90af-bc714c67010b,2021,2021-02-19,0e7751bd-fff8-4fa2-a4a4-d7dafd8f4929,c7d87cd7-eae2-4537-ae95-cc39f7dc0d08,23,1,-2.892587298877968,0.43769000095442134
39ae56e4-8ddb-4f90-b8ad-cbd1f537f400,2021,2021-02-19,5f80b887-54ef-4b86-ad40-3014aed4005e,96801e81-41ab-42eb-9726-5f240cb81f31,10,1,13.398065667172776,0.929783305603863
3aef8def-e21f-42e7-9912-1d2e7927d7e4,2021,2021-02-19,a347102a-5bf0-43d6-9e6a-98e689acb371,9b89639d-46fe-4e4e-a653-d50f1554a3bc,5,1,13.397187158543817,0.9094266634466558
3fd1e0bb-19d0-40ba-b533-cc27aeafad77,2021,2021-02-19,c495ddbc-3e45-4407-b7fc-b5a98991f77b,56a79fee-eea6-42d7-b3b5-aa619168e7f2,-10,0,2.056374640106361,0.5782660400316807
46eb4c3b-7d6b-415b-b51b-e2d863d528d4,2021,2021-02-19,0332dc1e-1ed0-4388-ac2d-a566c094f746,2da144c9-32c5-455b-b0b2-a0f505e05133,6,1,-7.249512044833193,0.2097348454496847
49eab948-fca5-4b12-a97d-2954750e08f3,2021,2021-02-19,57b3f53c-c3e1-4345-acf1-d392e30fefb5,2f5716e4-e515-4210-ba95-863aeec7f43f,11,1,11.593341407244717,0.9181626643331244
4cb3eb36-4e50-4e95-9c72-97843ce73464,2021,2021-02-19,d67d284d-01be-4022-bef1-4dc3a3219c5d,81e7c995-a578-4623-93a0-bce731349a82,10,1,1.9067955598409678,0.5810474532388297
507d3324-08e4-4d9d-8d2d-10e5fa8761f5,2021,2021-02-19,87cb3661-e328-487a-aa0c-52b1df29e7d9,a2efd3f2-660b-487e-b25d-31519e7b6064,5,1,8.469556137185645,0.8122960187478739
55c1628a-af1b-4bd1-ab0a-331634e67369,2021,2021-02-19,9b5c6906-1c60-4032-9d9c-b47f0d65ffb6,e9e62a4d-2506-411b-937f-e8afdde25d61,7,1,-4.467709810856623,0.3765293240479365
585b1594-b6f7-4058-b0a8-7aada743bdfd,2021,2021-02-19,c1fbdd92-7438-4374-a4ca-db062202a38e,3e008047-7af0-46d9-b2b5-f6c66cab441a,11,1,13.407352704323806,0.911761776658071
5a012d04-135c-4861-89a3-529fa65ea87f,2021,2021-02-19,3c0057db-cd3e-4c86-ac2d-2e6eef1a00c3,a40c4843-5038-4590-b917-003fb8a02a33,-1,0,-1.4814928309912314,0.44618031573366873
652ccfee-51ba-49d4-9914-c59026177805,2021,2021-02-19,ed8cb4c0-c6d4-4461-be8c-ecf8fe13668f,663c15de-2cf7-4168-8027-739db580bf6f,3,1,2.237384641761473,0.5797670526476919
6ee9366d-79da-4f84-a8aa-eebf7f9645e7,2021,2021-02-19,6b800506-0715-4d71-93e9-8887bd0ead96,6b306c8d-0a54-4bfd-a6b2-4e9dce397e36,4,1,-1.4352902556480984,0.4890240173224519
7157ab11-f484-4825-a6fe-87c25a6ef1ee,2021,2021-02-19,f5596042-c045-40b8-ab41-32e53c8c5ca2,eda520a3-8273-4cf5-ad9b-3c26d698686d,7,1,8.408057192350729,0.8282598199557696
74c519a0-c506-4ee1-8d51-1d319bd505ad,2021,2021-02-19,2fde548d-ea76-407d-beac-ce9db544e620,6a286bfb-086d-4550-9a16-151ed6ec58a2,-3,0,6.39724151343177,0.7207190130421728
99ddae83-3f7a-4417-9dd2-734e9ec4e395,2021,2021-02-19,9f2f419d-e3e3-487e-ac82-4bf10a2b7d06,fc2ab8b9-b25c-46a3-81e7-a6abf8ffedad,-6,0,1.502425822456992,0.6120261394943725
99fc71ab-216b-4822-9b3b-b10cf3b11a88,2021,2021-02-19,f5575a20-19d0-45ee-b978-be17d4021703,b88cbfee-e95b-4c99-bded-c0d5d62e9e27,-12,0,-6.4128013214000275,0.2298858864731749
a78af406-62b2-44f1-977d-e1466b674689,2021,2021-02-19,02fc8dc6-94db-4b04-819d-f15245246d48,44353014-53ae-4005-89ae-a4f9fb38617b,14,1,12.426737736282256,0.9154661676411445
abfcd44d-9a17-477b-84ec-d7bee83a49ef,2021,2021-02-19,a4954c6c-2e69-4e49-b1be-c644601316d2,39ca9310-2efd-46a8-95b3-c8d65343ffa2,-2,0,5.691448666008603,0.7046422647893535
bc0037de-f77a-418c-8aed-bfdbdfafb399,2021,2021-02-19,bbc12a02-7b1f-44b9-9292-8035f6f2bb36,bd6e89c5-780b-4f2d-ab4e-08806fef5cca,4,1,8.63822551781609,0.8144387472835197
bf2ad12f-74a4-4e5f-8495-19dfd187f01d,2021,2021-02-19,5d3a1c04-727a-44fa-990d-231f8bf3b6e0,7762910b-d109-4bc1-9bcb-67979c692279,-5,0,-4.761366297762152,0.3399170694777179
c43c320a-288b-4c6e-9ae7-40695748dd2e,2021,2021-02-19,eda9532c-47de-441d-9f85-fbf7daf82acb,6ed80bf4-9f2c-479d-b24b-cddb4ca6675f,11,1,0.2777563405995145,0.4573230270383217
c49a220c-bcb4-4a55-8772-e822ebf7b457,2021,2021-02-19,f5d57088-23c0-4976-a83a-8c99281931f6,d9903224-7c66-416a-a0f6-db933fda49e2,-2,0,7.345746289049544,0.7781705814358781
d9e011ee-e685-459c-ba6f-61319fa91982,2021,2021-02-19,e4a5755b-3279-4861-b19a-6a7d500c6637,efbf7b44-08c9-42ef-949f-9b2ec88fe96f,-9,0,1.3879225584281056,0.4971986204449507
f7c30f1b-c023-4182-a8d8-813373088708,2021,2021-02-19,bc5931c7-39dc-48fd-a545-fa48a2d7e3b0,b2fbe1bc-ec5e-498c-a480-7297ce829e25,-11,0,-6.888619093412317,0.22787156233737244
ff13f781-09b9-4235-a91a-dd9bb52e6d15,2021,2021-02-19,a926c3ea-f3c3-4378-a2d5-606018157fc0,56d96aac-d4d5-491b-a3e3-da2b2a39e261,-8,0,-11.271313887661979,0.15339465057532717
0991949d-3191-4c5a-b379-b726c5b2049e,2021,2021-02-20,bc5931c7-39dc-48fd-a545-fa48a2d7e3b0,b2fbe1bc-ec5e-498c-a480-7297ce829e25,3,1,-6.420750632386016,0.2259647051623558
0fdc839a-d8a4-45a0-9bc3-892335c4f2c3,2021,2021-02-20,31fed56a-3c76-439f-b5e1-27215eebf2d7,87c9d84a-7778-47cb-9a33-085caf9ea361,-27,0,-7.001002059336994,0.2461015756779687
137155b0-64be-4bac-87ef-5c7ca319b912,2021,2021-02-20,a4954c6c-2e69-4e49-b1be-c644601316d2,39ca9310-2efd-46a8-95b3-c8d65343ffa2,-2,0,6.321009908073644,0.757916381941089
14392a6a-043c-4e85-80de-c079513f39ab,2021,2021-02-20,d6262d9b-c701-4974-afbd-ef478e74fe8b,3f7f94a0-e27a-4e82-b5d0-9098123024ec,-7,0,7.6538485850851385,0.819266325729098
146253ec-958c-4aeb-9863-4fb42a9c0afa,2021,2021-02-20,5f80b887-54ef-4b86-ad40-3014aed4005e,96801e81-41ab-42eb-9726-5f240cb81f31,-3,0,14.178350014114704,0.939394002008224
17c68fef-c351-400a-afd4-9c548e357d76,2021,2021-02-20,afd0bd2f-740b-44d7-8be1-cb790093f9bd,8870b73d-31e2-48d2-99b8-bf750c8cb9e1,5,1,8.65179529477871,0.7864254246028167
20d6ea58-3ff7-4be9-878e-3d666edb4716,2021,2021-02-20,7497b121-940a-4021-ad6d-b2d8569a97db,e3763c93-ae5c-4fd1-a27f-9d171958e4cf,7,1,4.261733333876123,0.6197205182068279
21b73d38-a1e2-471c-b564-e5d2b48d08f8,2021,2021-02-20,c0a097f6-0d58-47f8-aa7a-6eebdadedb22,a3b8173d-a2ea-4988-90d5-e3b32953c6c7,4,1,-1.3655054380841256,0.4089326128988878
225e92fe-3f85-45c1-a318-41ec51618376,2021,2021-02-20,a90b7bea-0089-4676-8695-8e71d497e83b,f3e1a0c8-4c68-4907-93d0-69899161295f,-10,0,-15.224940114927536,0.05637275888160614
26c5a406-ab0d-4ebf-9ceb-1b0b758607d0,2021,2021-02-20,0332dc1e-1ed0-4388-ac2d-a566c094f746,2da144c9-32c5-455b-b0b2-a0f505e05133,-6,0,-6.354875877848658,0.23874521851481012
2fd47ecd-db88-45b3-a54d-0c699c5285a5,2021,2021-02-20,b474ccdd-467a-4295-86a9-293837900322,7ba7ec2a-91c9-4856-bc4a-1b75f450061b,-24,0,-6.893973864578723,0.21327502663050232
31ccaf7e-c840-49ba-b7f5-7dd5adad54c6,2021,2021-02-20,9b5c6906-1c60-4032-9d9c-b47f0d65ffb6,e9e62a4d-2506-411b-937f-e8afdde25d61,-12,0,-5.288115225793463,0.29466284923167774
37599006-409e-472f-962a-8f6aa4930721,2021,2021-02-20,5cf12fde-f3ee-42c2-be66-d7a7f79401e9,db815d0b-90db-442a-bd3c-358f64389ce0,-15,0,2.975511303308004,0.6415946053798312
39ebdd42-2bf4-49bd-8633-e5ebe683333c,2021,2021-02-20,dfc69d97-4abe-4ae0-b091-329cef3c70b0,043f7037-fcb6-454b-9a9f-a594935d08e4,11,1,-2.5291901836335056,0.4397973616021854
3ae862a4-7c07-4d56-ad08-dda3372656b1,2021,2021-02-20,c74d9ff8-2f1d-46cc-84b3-d54659a3d1f2,a70fcc7f-825b-4156-9649-d06b0ac24183,-28,0,-8.055391656031162,0.22221609189590258
3f56486f-00d4-497b-8742-1c64b44930d7,2021,2021-02-20,e687ef09-eee8-4a26-95f0-6f5cd1505777,34f97458-65e8-4b8e-b37a-9ae6b43d1469,2,1,0.2148035566459911,0.5941485470863104
47535c7c-ad82-4927-9be0-fba3b3c7c14f,2021,2021-02-20,763f60a9-832f-4cde-b69f-33db7addad25,79e17be8-1403-48c8-b264-4748e43d8e8f,24,1,8.145499004557282,0.8640772306705401
482f20eb-e0bc-45f5-87be-7a7c9712af6f,2021,2021-02-20,a542240d-13f0-4c97-8c81-319e88fd0a4b,a33a65ab-deec-4f5e-bf8d-b665170497f2,-9,0,6.992588139871292,0.693483208320333
4b43d20e-4e47-4eaf-97e1-09bfd389299e,2021,2021-02-20,e6abc32a-c68e-4ea2-988d-1737d7ebfd4c,3d1c995e-040f-4e4f-84ff-f68fdad5ae74,2,1,0.1685846007138193,0.4842959168249691
4b4693b1-dbf3-4212-ab0f-d73341ddfda3,2021,2021-02-20,407824c5-1c41-4866-976d-ae32fddf4868,a77eeeed-4789-4b3d-9a4a-9e5ace1b0a0c,-3,0,-2.6240516689975295,0.39679500621008806
4d863f5c-9efc-46e0-84b3-159ea197aea8,2021,2021-02-20,28164465-b0c4-4d92-b609-51debab55256,606739b3-e8e7-44ed-9240-a2e69bae9106,-17,0,-4.536568487514889,0.32310568451005406
51922c4c-74d2-4021-a1d8-3e127b284ff8,2021,2021-02-20,97b331d3-f682-405e-b55a-791cbae25dc0,12ac488d-9e35-4904-a14b-14cadde1c391,13,1,-0.4829703585512997,0.48450213125368685
5604795f-71d7-431c-a058-cbbc19f5257d,2021,2021-02-20,53bc6533-b761-4ad9-8807-3eed852c09cb,27945734-1ebb-4e9f-957f-162878724b27,27,1,15.006565312186275,0.9266905258192014
59cadd0d-5e31-4353-a318-2e0a939fbd7d,2021,2021-02-20,5ef3daf9-ea79-4c33-82af-051ce15768a4,0f5a1494-b3ca-4532-8777-55217ec53868,2,1,-2.31993973325794,0.47733176907803404
5a0a2a02-2e61-44d5-b470-92e689be9f82,2021,2021-02-20,02fc8dc6-94db-4b04-819d-f15245246d48,44353014-53ae-4005-89ae-a4f9fb38617b,12,1,11.128815860372452,0.8951718871612186
5f475b9f-6ecd-43d8-9fa9-f07652a4ace3,2021,2021-02-20,f5596042-c045-40b8-ab41-32e53c8c5ca2,eda520a3-8273-4cf5-ad9b-3c26d698686d,-7,0,8.613687075279481,0.8435851056846114
670978f8-9cb7-4c09-a110-72b43ba43add,2021,2021-02-20,89842734-b541-434c-9195-ca36a4f9ac31,066a8484-fc6f-4b34-a34e-12b5a0ccad51,3,1,1.8725575181042489,0.5978212016637351
69423899-71d7-406d-b674-1f11f0bba9bc,2021,2021-02-20,e963123a-d677-4acf-ac24-9e0bbf199293,80a4de01-2d01-4f5f-a169-ef1375b3bb6f,1,1,-4.998282731882624,0.3344751926162078
6f742c66-cd41-4533-8b49-bcec4232250c,2021,2021-02-20,a471d7e5-16d8-494e-9165-a173f96f7141,814dffa5-6fe5-4aca-ae7d-b099be2111aa,2,1,12.512922718235663,0.8826614281450026
76e251a4-5d9e-48fd-8189-828b439bf897,2021,2021-02-20,6c9cd4ee-eb61-4ac8-aec4-24e5ff6c7409,21fbc5a1-d38b-48de-a0fa-3aeb653d8091,20,1,13.478644383333354,0.9180551749940737
78e78e06-4957-4dfd-a453-800959c792fd,2021,2021-02-20,d32dd807-9ee5-45de-822a-61d30e953a37,be9c1710-e299-4eaf-897e-3c4035465ce5,4,1,3.551530875598579,0.6077387493216354
799f73a8-0dcd-4214-96b3-09a23d141f51,2021,2021-02-20,c6b5e189-79b5-4b48-9cb2-4f886c6004b8,9a4cc655-94cb-423f-8249-a9cc2637eb22,-10,0,-10.649999420960558,0.156326468537538
80376057-6146-40ba-8c08-434a5049ccda,2021,2021-02-20,674e69f5-9ec1-406c-9c9e-0277406bb10a,336cf522-e130-4e26-947d-23a6b450adb6,12,1,4.010910382067685,0.6745861471768185
83242a0d-38ae-45c0-9214-0c6a97848111,2021,2021-02-20,9ded2a57-a14f-4961-ab3b-efca70d91b7e,5674afbc-6b30-4a05-927a-54e7f8738250,11,1,11.618732137578997,0.9091376991507425
843c6e8a-2c62-4eb6-93ff-47ee9e3223c1,2021,2021-02-20,af41eb94-4a15-40c8-aec5-4bc9d72db801,b5902d34-0cec-4f71-abdd-8eef757b4f9d,-3,0,10.98314686485966,0.9029159618980817
863e14a8-2495-4528-a726-5f104cc117d6,2021,2021-02-20,ed2a9e8b-7039-4f9d-9fca-4444a812c247,6e833acc-a13a-4959-bac1-fbd2e6be20b1,14,1,12.502766811089304,0.8756384391953212
8993f3fb-a270-420f-83ed-2657d4b50cb1,2021,2021-02-20,1b0747e9-4222-406e-b8c0-c34ca2f87eaa,4a06993f-d792-4e09-941b-89a318b29c41,-10,0,4.099129381343236,0.6986534953516124
8cb572ad-c948-42e4-88f5-9fd3bf678413,2021,2021-02-20,a1ec634e-e3a6-4f65-8cb4-cd9bc53448a1,7bc520ba-ad37-481d-bf32-21fd30db278d,13,1,15.416222842687114,0.9365160308892068
8fead1c5-77e6-47d5-9a2a-086e8b24aaeb,2021,2021-02-20,0ded5c5a-c875-4cab-b9eb-ba50f34b6f0e,9c98b7ee-2363-423e-a125-1783389ac0d7,16,1,6.991985426758547,0.6677861465274791
90174c87-fe7c-4bbd-a634-d8a999bc4bd2,2021,2021-02-20,ed8cb4c0-c6d4-4461-be8c-ecf8fe13668f,663c15de-2cf7-4168-8027-739db580bf6f,-10,0,-0.24235568066155366,0.44831915193955935
9c383744-1852-469a-b020-c023660c4c4a,2021,2021-02-20,1f5cd38b-8ede-4730-82a5-cab59b37dc50,2f742ceb-17ab-4e32-864c-437353b864ac,6,1,1.6715201399834616,0.5825465770042823
a0674a25-eec4-40ce-a844-d7f0dd0e7f69,2021,2021-02-20,0833ed3f-41b2-45fd-90f1-ea76c6f32453,48ca0d7e-2fa2-4fe1-9469-069d9fbef3a1,-4,0,-3.321306411279029,0.3742641351556306
ac7ebd17-310b-4100-8594-68e2880b7862,2021,2021-02-20,19a55d43-b24a-464f-b974-586d0ca1325c,f141277f-bb0f-4c67-a2a8-d75e65f9bb58,-13,0,-0.25783218537987485,0.5226336602801182
b328da5a-7c06-4cb3-b0a4-e351d720d5dd,2021,2021-02-20,a347102a-5bf0-43d6-9e6a-98e689acb371,9b89639d-46fe-4e4e-a653-d50f1554a3bc,19,1,12.332835257870542,0.8901391891547018
b43d1855-f43b-4abf-b2ca-ce4e6cd25433,2021,2021-02-20,d4e88ce6-548b-4552-a74a-bc1ea7481431,9e4719ed-a84f-4572-a1b8-d13c0997f3a1,-21,0,-2.238326398879021,0.4018775865111291
b593c2a3-fbcb-4910-a1ae-4c6ec8d71e24,2021,2021-02-20,add66488-b462-4823-beba-4981e3cfc5a6,d7ae1172-7174-4b23-864e-b95c3dac4ee4,-18,0,-6.934961111297584,0.17981450065894317
bb8162f8-da8e-49e4-956c-7f139486c65a,2021,2021-02-20,88b507e4-37af-4b0c-b7de-e68864346922,2fb5419d-1828-4c58-92b0-39fc3073197b,1,1,-1.2308803153696355,0.4696164916086852
c3d06b7d-d5c5-43bf-af2e-e53d211b9111,2021,2021-02-20,d53017de-fb39-4d91-ae07-8c7ad76080cd,cb06302f-f822-405d-b3b6-f60e377cb18d,-14,0,-5.349960364413282,0.23864507521644576
c47491d2-9596-4e3e-93f1-0296292d4abe,2021,2021-02-20,c1fbdd92-7438-4374-a4ca-db062202a38e,3e008047-7af0-46d9-b2b5-f6c66cab441a,19,1,14.055814029845887,0.9101452569071954
c93300d3-ebbd-4163-995a-3565b4aa684a,2021,2021-02-20,34447800-60a5-477a-9ea3-6157f0f7913f,97af561a-907a-4616-9013-45a60140ff7b,22,1,15.923698398385234,0.9590412497100306
cabb11c1-3068-49c7-ae4c-75e920a02bf7,2021,2021-02-20,bb1da9fa-7bba-489b-8fe0-96fa412241b5,d060a457-6325-4436-8b0c-e45c7cea013e,-2,0,2.2428265725010093,0.6493903593307202
cc322dbb-f1ed-42d0-b64e-0185990f9175,2021,2021-02-20,840b9de7-98d4-40aa-a950-8449a61d7408,4ea3ab1d-d0d5-4c9c-9a61-71a678342af9,-8,0,1.0477673648967312,0.5529395139760713
cd25d54c-85e3-46bc-a6d8-dfb940bdc7b8,2021,2021-02-20,2f3ac2cf-a76a-437a-aed6-239ac78ea5c6,5c08d048-2b8b-4f14-ba62-eb65192229fe,-1,0,-7.068439397479859,0.25201438619436484
cda19eca-74e5-4425-a810-fe7373615f8c,2021,2021-02-20,9d171f52-bd82-40e9-a2e6-5c7b74a43355,a4527c7b-f261-4b8d-91ed-120ffb1cbba9,-5,0,-10.67279799351619,0.12481329329869363
d1548e09-aa6f-421e-a1d3-a9e99999aca8,2021,2021-02-20,bbc12a02-7b1f-44b9-9292-8035f6f2bb36,bd6e89c5-780b-4f2d-ab4e-08806fef5cca,5,1,6.417899587603321,0.7840455967965819
d4319bdb-d401-4706-acc0-173c91060e4b,2021,2021-02-20,6d3ad5c0-7493-4b78-8c6a-dfaa0ae9bd2b,f96f8f4d-dbca-433c-8c11-1b8e00bddc6f,-16,0,4.460510785827761,0.7293833926389562
da12d2bd-be8b-446a-b94f-7f0dbef7593a,2021,2021-02-20,eae08de3-3875-42d9-8dca-09e8016dea2c,1450fc17-28ed-4fe1-a784-71eaa519baa1,-10,0,-0.23310202184076315,0.43077511522635875
e1f25dd1-071f-4a7b-9929-0ce5986b0e69,2021,2021-02-20,dc228f38-de10-460f-a1ce-1a5ae09472b1,3ba902c7-2efa-4126-94ed-50c44b1d6904,2,1,5.622774894717254,0.717191366462006
e25734c2-509f-45ac-a523-b6f8b89ed8b4,2021,2021-02-20,01bd3978-4bb2-4761-8b57-3b19be7a2d53,7ea7c61f-1804-4780-a693-f73ac177f85a,-7,0,-6.7480421475586665,0.2943991223343024
e52661d5-7dc8-49b3-8580-b9a9a63e90ec,2021,2021-02-20,87cb3661-e328-487a-aa0c-52b1df29e7d9,a2efd3f2-660b-487e-b25d-31519e7b6064,23,1,7.892767432809817,0.7945811618164667
ee5c6e7d-eacd-45c9-8da8-59733bc2dc8b,2021,2021-02-20,88c28db5-60be-4385-8263-91e66e360407,a068e9e2-d76e-4fa3-a94b-f1f2d845b000,-7,0,5.49533287581775,0.755061676600046
ef814341-8e2e-4a35-944c-6e163fbd759b,2021,2021-02-20,153596ed-3c7a-404c-b510-15a532386899,962b3e60-24df-4af4-82d2-3a9c8442765b,1,1,10.612660235696271,0.8669099189708201
f13f6c53-c71f-487e-9aa5-93f890d2b2e3,2021,2021-02-20,d67d284d-01be-4022-bef1-4dc3a3219c5d,81e7c995-a578-4623-93a0-bce731349a82,-12,0,1.269005242566071,0.5493565941666144
f412f0d3-dbb4-4008-b6bd-d608d28c0193,2021,2021-02-20,5fc77d2f-aff7-4bba-bc4b-08cbef83f991,4fe53bf9-1004-4171-b2e1-81188834c232,-5,0,9.72622072444023,0.8982081827901098
f6c50596-f8ce-45e5-a06c-c90e50a61bfc,2021,2021-02-20,60572384-23ce-4f11-a5a4-237b9e9088cd,8b3aba69-54a9-4b40-9e60-b34816308953,37,1,32.64371571634438,0.9862722205402644
f7b60663-4042-4380-84d7-5a68a211ddf0,2021,2021-02-20,0a90783a-38de-46db-ac4e-70329fd95b95,6dd43d39-7fc6-4bb1-8e18-9f7214921d79,-18,0,-14.49857309483432,0.08435526549509666
fcfc56ad-c2cc-4e8a-b42f-d8002bf63af2,2021,2021-02-20,8b67941e-9cd8-42e9-94ec-60a1d10cbc84,c17206f6-29e6-4785-8241-eb88a39a59c2,-15,0,-3.9272222749859997,0.33370346290593805
fe2cf916-85df-4e86-8170-41cebf3c5917,2021,2021-02-20,33c3ebe5-ba0a-4f61-a304-3552be342274,f74ac72c-18ac-4485-96b9-da12f2d6d2a6,-1,0,6.209533384876811,0.7420407841777075
ffea3b87-6906-4f7b-976c-9ab2c46536ac,2021,2021-02-20,9e43c63a-9088-4564-9aa3-bdb745d9c108,03b9b8ef-ee62-41e5-8ba6-9845ca44dc4a,8,1,3.399827270993826,0.619470007809202
07b2b0f1-b918-4e6c-951f-47839f89476c,2021,2021-02-21,3ec8f5d8-3b24-42f3-af4c-a96a1f5f3a4a,d748b419-f41e-4b46-aff6-ce66b3442549,12,1,8.879412517329323,0.854708582402219
1df59ea0-3554-4f34-8f5c-99e99f075ae5,2021,2021-02-21,59282bec-e8d6-40c6-973a-83051100421d,09cbbea3-cb20-4e66-b03a-d5dc4cfbaef1,2,1,7.278870539916584,0.7939212401881146
32597e83-7c82-4a3c-b536-529ef10a7b9f,2021,2021-02-21,73155cd2-0289-4b6f-ba82-fbb80d02403e,cb43e269-2abd-4d96-9227-ea36fba50b7c,-9,0,-3.4410133944829173,0.4314983667076289
3350dfab-1f8c-4c17-ada8-bec26eacd8a9,2021,2021-02-21,0bbcc1da-f270-44fa-bac0-cdc703144c9a,e184b43c-a563-4eb0-97d8-e6606c94edfe,11,1,8.21679027280544,0.8101012802026253
3d9c6c43-ae4a-41ee-adb2-5ce2d8deaa0f,2021,2021-02-21,d82db419-c4a4-4310-8c3a-84bc0542041a,a6d03753-cd42-45b7-bb87-6739693b2f19,10,1,7.2144912037912245,0.8009775516739936
44c95aea-be6d-4231-9d66-f28bdf42c6aa,2021,2021-02-21,b027da3b-02b3-4b06-8d11-4355379c190b,be962bf1-1af8-4d6e-b983-d820cbae2dba,-9,0,0.38063160699082227,0.48177594664790135
4885a40e-b4cc-46e8-a181-f5d263ee74d6,2021,2021-02-21,38c4b228-dd15-4b05-bf9a-6e01fad39132,9c02ba5f-0fff-4649-aa68-3daaefc3de96,-2,0,4.687518469518343,0.6702385025128837
5d97374d-7abb-47be-98a5-a6398aaa3a5a,2021,2021-02-21,b9939a4f-3583-4099-a977-cbe1cee7f252,c86929e8-d014-4027-814e-17e5b57f90b6,6,1,12.078900837747927,0.9198390144467815
5db6dc6d-3766-4b9a-a9a6-6fbc8d887ea6,2021,2021-02-21,e8e53526-9614-4a00-9699-83239ddc2c7b,28fca8fc-b927-47d8-b900-d08b656fc31d,-1,0,3.187239421007172,0.6251039327408326
68ae8ec8-5ca3-46ff-98a8-caa211b99be4,2021,2021-02-21,6d3ad5c0-7493-4b78-8c6a-dfaa0ae9bd2b,f96f8f4d-dbca-433c-8c11-1b8e00bddc6f,8,1,7.5174402981240025,0.7897783279709003
720a531c-91be-4df6-ba20-c8e19b7982eb,2021,2021-02-21,19a55d43-b24a-464f-b974-586d0ca1325c,f141277f-bb0f-4c67-a2a8-d75e65f9bb58,-14,0,1.5912962976612064,0.5603299494688819
7e9080a1-900d-4e53-8821-93145414e72d,2021,2021-02-21,3430a126-cdee-483f-87c6-4ffbe51d0170,0ca618bb-3ba5-4356-8c01-9e5cfb52204c,12,1,3.2699944324821573,0.615219733935213
82cd7f82-5322-456d-9770-80ba97779931,2021,2021-02-21,a70fcc7f-825b-4156-9649-d06b0ac24183,c74d9ff8-2f1d-46cc-84b3-d54659a3d1f2,-4,0,10.220280288187068,0.8882252864012505
a18abc37-5af0-4bd3-9cdd-8c391aedfae4,2021,2021-02-21,be9c1710-e299-4eaf-897e-3c4035465ce5,d32dd807-9ee5-45de-822a-61d30e953a37,16,1,-0.41489144959026536,0.51261224832673
a4b12b3c-4400-4fb2-be79-a87e630138e5,2021,2021-02-21,86a7a83d-0f48-49a2-a5f6-b2ce77628f2e,c54c27f4-6038-479f-81a5-076e8cb3facf,15,1,16.397910291017727,0.9718540771569142
a5431e4b-8cba-4466-91a5-fd17ac8fc88d,2021,2021-02-21,674e69f5-9ec1-406c-9c9e-0277406bb10a,336cf522-e130-4e26-947d-23a6b450adb6,-6,0,3.2259268810047352,0.6159027008716899
aad9fbfb-28f3-4dc6-a653-e05ab32dde46,2021,2021-02-21,28f58893-fbf6-40df-8b08-24c4b0ab191d,35ca9192-f3aa-4b7a-8f4f-b9ee34e646d8,14,1,13.697465804840585,0.9241045233902493
cbd63a85-2811-4615-ae90-92a2639284a5,2021,2021-02-21,8155a0ac-2183-484d-8689-b0855690cf48,510fb56d-2c4a-4f14-a5a1-e3b5856ec11c,-7,0,3.0718314131303557,0.6707043608275801
cf407ecd-5d5e-4d2d-8249-fdc3f11812af,2021,2021-02-21,814dffa5-6fe5-4aca-ae7d-b099be2111aa,a471d7e5-16d8-494e-9165-a173f96f7141,-16,0,-5.523533791675119,0.3180225318312216
da4266ea-8fe2-45a6-8c7a-22a879a34917,2021,2021-02-21,68a49c87-4220-43d5-856d-ffc0507814a1,ab413d6b-1afb-44fa-9134-499b5b046de1,-17,0,-5.980398101135592,0.2300219525060027
ddb28344-68aa-453f-b8f2-6488c655466c,2021,2021-02-21,79cb7a8a-d332-4b0b-8f8e-8b2de552964a,539b6837-bb92-4554-91a0-8f0d949d8b0f,-3,0,-8.369568765997405,0.1868663764345653
e90442c1-342f-41c1-9f81-0db14bc2254c,2021,2021-02-21,e687ef09-eee8-4a26-95f0-6f5cd1505777,34f97458-65e8-4b8e-b37a-9ae6b43d1469,-2,0,-1.1564465554689352,0.5724930563765811
f7e4a7b1-8207-4e08-9c19-2de123ebfab1,2021,2021-02-21,70f9ea29-5535-4360-a3d6-3390ad8ff0ff,589de096-2a48-481c-9213-1de1cde104de,-5,0,-2.46395843192859,0.42613818039385504
fbfb1068-2d28-4654-b38d-c1ae8b021470,2021,2021-02-21,0ded5c5a-c875-4cab-b9eb-ba50f34b6f0e,9c98b7ee-2363-423e-a125-1783389ac0d7,25,1,3.863797065557287,0.6435878823333935
24dae675-2221-491d-b448-fe1a56fc3c27,2021,2021-02-22,d4c5bc9c-035c-4638-8430-5f2bddc79182,9f2f419d-e3e3-487e-ac82-4bf10a2b7d06,-1,0,4.947224529506737,0.6748001061045635
4016566a-8be8-4c0c-a56a-26adf25ff91b,2021,2021-02-22,28f58893-fbf6-40df-8b08-24c4b0ab191d,35ca9192-f3aa-4b7a-8f4f-b9ee34e646d8,11,1,12.132512927530774,0.9102940180857656
457e45a4-d8ba-481d-ab8e-c58b6eddf262,2021,2021-02-22,c093ef64-b2b0-4d6d-b73f-704e93170ae3,fc86f8b9-5e54-4f2a-af3d-e48ecf83543e,-6,0,-2.3913805029853448,0.3156736524585524
4daa3c44-a487-4523-b260-d6b058a304e0,2021,2021-02-22,eae08de3-3875-42d9-8dca-09e8016dea2c,e963123a-d677-4acf-ac24-9e0bbf199293,36,1,12.486407801197767,0.8813763856171054
50ad44b3-9f35-447f-ad7d-832385ad1611,2021,2021-02-22,e8e53526-9614-4a00-9699-83239ddc2c7b,28fca8fc-b927-47d8-b900-d08b656fc31d,3,1,2.745636406898996,0.6506048836514965
53203d91-4d46-45c4-96db-64894613b219,2021,2021-02-22,a542240d-13f0-4c97-8c81-319e88fd0a4b,89842734-b541-434c-9195-ca36a4f9ac31,14,1,10.403511250813015,0.8496888150289162
6424f07c-1ffd-4cec-b7f5-492efcb4a732,2021,2021-02-22,7ae4eaea-598c-4482-8e63-6e6d8c551817,5a2971fb-7668-4c9d-959c-3cc5eeee6791,-5,0,-3.2274661019983126,0.36148169258148327
69d74fba-2816-4cce-8659-59e26c5031f2,2021,2021-02-22,ff21b338-6ab1-488f-9763-c7b74e4c4a66,d2735ccc-baf8-4ea0-910b-fe1214c0e75f,4,1,8.9816165883999,0.8546110343177508
755c5d2d-98a6-45e3-a938-8dab3209940f,2021,2021-02-22,88b507e4-37af-4b0c-b7de-e68864346922,1dcc19aa-e509-4cc5-93e1-29c1a093fcd9,14,1,1.3225270089138268,0.6188912617473975
8da0cf9a-4c9d-4326-9e7c-a6c32522c6cc,2021,2021-02-22,e7739ef6-94c9-4206-be27-00d9c5e52ed3,5674afbc-6b30-4a05-927a-54e7f8738250,25,1,8.421328917453733,0.7890939572432728
8f62b025-2a19-4571-82f8-6c8ff66c06ee,2021,2021-02-22,fdb48dc9-68f9-48b4-bc6f-38c1be2ca041,b279d0ab-6fc5-4502-9d4c-8eb065752d95,-11,0,-7.375171061696611,0.21097294995053414
a9074b62-648e-4bae-9eb7-090276531e33,2021,2021-02-22,27945734-1ebb-4e9f-957f-162878724b27,f3e1a0c8-4c68-4907-93d0-69899161295f,-8,0,-11.263559270761418,0.1228960631978234
a96703c5-3bf4-4967-92fe-983214febb1d,2021,2021-02-22,b4d453f5-49b1-4a4f-8d76-30ed0f77fab4,f5575a20-19d0-45ee-b978-be17d4021703,-8,0,4.496148853894325,0.7562105729252734
b27db415-1fde-4c53-b9da-aa6b9fe8f9d3,2021,2021-02-22,3430a126-cdee-483f-87c6-4ffbe51d0170,0ca618bb-3ba5-4356-8c01-9e5cfb52204c,4,1,0.2864510656902369,0.5159663217723792
d1b9816c-4020-4145-bf1a-d3f1d4422d42,2021,2021-02-22,9e4719ed-a84f-4572-a1b8-d13c0997f3a1,d4e88ce6-548b-4552-a74a-bc1ea7481431,19,1,9.173055517553133,0.8274217223743779
d4e4b2e6-f5c5-442c-9402-e008e041c2c6,2021,2021-02-22,136c7ecc-ca9e-456b-acfa-e4b5947012f2,2fb35c54-8f82-4531-86da-4f01cc0f9cf3,-22,0,-4.709799131132716,0.32436617407888757
f03e3d67-02b5-4715-b495-bca69fc3304a,2021,2021-02-22,b474ccdd-467a-4295-86a9-293837900322,afd0bd2f-740b-44d7-8be1-cb790093f9bd,-21,0,-8.274661476749989,0.16617773264402022
fb6548eb-3910-4fab-bd56-15445bf1930e,2021,2021-02-22,393424f4-5631-41bb-9925-f6ff431cfa34,a3b8173d-a2ea-4988-90d5-e3b32953c6c7,5,1,5.69747339601642,0.7426797409558167
00ecd290-a066-483f-bcb0-be8de5a7c8c9,2021,2021-02-23,9d171f52-bd82-40e9-a2e6-5c7b74a43355,c495ddbc-3e45-4407-b7fc-b5a98991f77b,-28,0,-18.9230337045382,0.03769951173814045
12703816-e9c2-4ae1-8d6e-f7a1bb0ed618,2021,2021-02-23,7bc520ba-ad37-481d-bf32-21fd30db278d,655e3157-6c29-45bb-9810-eefc2a0d509b,-13,0,-6.679795441930084,0.19609691946085508
152519b3-5f9d-4c1f-b3cb-2d0a597acb3a,2021,2021-02-23,bb1da9fa-7bba-489b-8fe0-96fa412241b5,1f5cd38b-8ede-4730-82a5-cab59b37dc50,3,1,2.1952382578211522,0.6179517259933105
1d4b71de-2e0a-4e99-8622-85375f3667a2,2021,2021-02-23,79e17be8-1403-48c8-b264-4748e43d8e8f,c76af57c-a3dd-470a-8f02-e61a707c7f55,-17,0,-2.694972830918347,0.424247088463113
21887391-26b4-4707-b20a-16c6fa5a0503,2021,2021-02-23,3f7f94a0-e27a-4e82-b5d0-9098123024ec,b9a980be-8e9f-43c2-8ebb-aff1b8f682df,9,1,-7.941930207947514,0.22561559406010823
258d929e-9f99-49ed-a2b5-23a352a56218,2021,2021-02-23,7762910b-d109-4bc1-9bcb-67979c692279,a926c3ea-f3c3-4378-a2d5-606018157fc0,20,1,5.809476142958259,0.7232240936675647
2ebf139a-531a-47cf-9a99-2980cfb72114,2021,2021-02-23,9c02ba5f-0fff-4649-aa68-3daaefc3de96,40dca164-63a2-4620-aaff-78a2c75fe5f0,16,1,17.73330903657986,0.9692208377425512
2fabc114-0601-4b85-9c9d-6a4a2b4035ea,2021,2021-02-23,02fc8dc6-94db-4b04-819d-f15245246d48,a4954c6c-2e69-4e49-b1be-c644601316d2,14,1,7.666081862389271,0.8243183878437875
33c229d0-ff93-407c-b11e-782d1dab8eaf,2021,2021-02-23,418b21e5-7710-4e33-8bba-6fba764d7962,06cde4eb-c418-4639-936e-3daf9cf03433,20,1,18.485683368833467,0.9723406172475677
6efab1a0-98e9-4bbe-9ba7-1dc87c42fae3,2021,2021-02-23,8ceea299-77dd-44da-9ea2-e67e2b224bfe,a4527c7b-f261-4b8d-91ed-120ffb1cbba9,-42,0,-10.806398216951584,0.1250404526524464
7dce9a6d-80f6-4dd4-848e-298a574a8c69,2021,2021-02-23,4ea3ab1d-d0d5-4c9c-9a61-71a678342af9,9a4cc655-94cb-423f-8249-a9cc2637eb22,5,1,-7.7136014290166495,0.2722620177321202
8503216a-fdbc-4ade-9a50-0902ce6ec048,2021,2021-02-23,c00c03b9-1bdc-4cb6-9896-c210e9ebf208,c86929e8-d014-4027-814e-17e5b57f90b6,-3,0,-1.3100781534145935,0.39826470307977574
8866fae6-64b4-498b-a5cf-2d42b2f2387d,2021,2021-02-23,8b3aba69-54a9-4b40-9e60-b34816308953,c32d1a7a-7843-46a2-aba9-7550d7ea2b38,-10,0,-6.431298149964956,0.19374628358082138
98483fd3-dc4f-4745-b7a6-49d86a256cac,2021,2021-02-23,a13cbd69-d194-4c61-a684-c8fb7beeabc5,efbf7b44-08c9-42ef-949f-9b2ec88fe96f,17,1,7.823371215396702,0.7768765905709791
9b91ec6d-ec91-4536-a214-8825ca4212ba,2021,2021-02-23,840b9de7-98d4-40aa-a950-8449a61d7408,d060a457-6325-4436-8b0c-e45c7cea013e,-8,0,-10.872407693939534,0.11980271998492095
a947f09e-3279-42e9-832b-eee15554f7c7,2021,2021-02-23,0a452dfe-75eb-47fa-8dae-92da3589f9e1,87c9d84a-7778-47cb-9a33-085caf9ea361,-16,0,3.206024322367343,0.6281597328077023
aadb3a7e-52e6-45df-9be1-0c6a156bdf82,2021,2021-02-23,312a2f51-9f81-43c4-8a40-680e9596a196,763f60a9-832f-4cde-b69f-33db7addad25,13,1,-6.126263035993729,0.28835596610176834
ba6588a2-659b-4ac8-bb52-5b6d4d81e105,2021,2021-02-23,b7f1c2f4-6663-4bc1-b876-e5f847662b75,c6b5e189-79b5-4b48-9cb2-4f886c6004b8,5,1,27.55397697654865,0.9908386597039863
cc3554ed-688e-4772-a6be-975834578535,2021,2021-02-23,38c4b228-dd15-4b05-bf9a-6e01fad39132,93706eaa-57eb-4415-be8d-eab0042ce36f,37,1,27.814048854670286,0.9866228694612136
d6581430-d143-49bc-82af-f33f7bf75df2,2021,2021-02-23,6d2ae003-7cee-4a99-b121-1c27fe92e96a,03b9b8ef-ee62-41e5-8ba6-9845ca44dc4a,-13,0,-0.5371727325094589,0.4797160517147098
de34db23-fc4e-4a9e-a5af-05d629aa5301,2021,2021-02-23,d386331b-232f-4ecf-a546-1b84ed9526d9,69adf56f-3e48-489b-9508-454a85767e9e,12,1,7.784808018192949,0.7156656773446526
e3557fcc-1fd5-4b5d-aab2-f0e45c02dac1,2021,2021-02-23,9e43c63a-9088-4564-9aa3-bdb745d9c108,5fc77d2f-aff7-4bba-bc4b-08cbef83f991,23,1,9.832808994903344,0.8682527139193553
f0c2d84c-4f15-4b86-9d00-929756426485,2021,2021-02-23,c17206f6-29e6-4785-8241-eb88a39a59c2,1b0747e9-4222-406e-b8c0-c34ca2f87eaa,-7,0,2.137995063214168,0.5880170245262449
fb683959-8e82-48f3-ab68-6c3f8959cb58,2021,2021-02-23,962b3e60-24df-4af4-82d2-3a9c8442765b,dfc69d97-4abe-4ae0-b091-329cef3c70b0,33,1,12.0713567320126,0.9025448322778951
fce1d00a-c387-459f-9a22-dec20917008b,2021,2021-02-23,af41eb94-4a15-40c8-aec5-4bc9d72db801,c7d87cd7-eae2-4537-ae95-cc39f7dc0d08,2,1,1.1600778322486567,0.573419419973381
06b93cf1-9b12-4254-920c-5eb884930a41,2021,2021-02-24,31fed56a-3c76-439f-b5e1-27215eebf2d7,7ea7c61f-1804-4780-a693-f73ac177f85a,-17,0,-12.14949075384455,0.11693105220721427
0a6880a4-f5c6-443d-8e3a-59ec5dc7046f,2021,2021-02-24,4abfdf3a-98a8-404d-a53c-d4aed37d2942,108a5456-9d8f-4862-9227-c26693cf6180,9,1,8.700610775901824,0.8381689322031692
0b9c7140-aa70-4261-bca4-63cfbfbe0b42,2021,2021-02-24,6c9cd4ee-eb61-4ac8-aec4-24e5ff6c7409,97af561a-907a-4616-9013-45a60140ff7b,5,1,12.358676734523945,0.934300096178187
0e31ce2b-407e-468f-b3d8-1e65659498b3,2021,2021-02-24,2c3cfe98-5d8e-4156-8f96-72afb8b46504,fc86f8b9-5e54-4f2a-af3d-e48ecf83543e,14,1,12.745094758133012,0.9148882216604978
10eebee8-22cf-4ba3-abfa-2d57ce5d1dae,2021,2021-02-24,02d4cbfd-8634-43dc-999a-f4d32f7f47c2,e3763c93-ae5c-4fd1-a27f-9d171958e4cf,20,1,-3.0618124771907116,0.3881412189968717
1b986776-0daa-48eb-9e26-935be9c52f54,2021,2021-02-24,1450fc17-28ed-4fe1-a784-71eaa519baa1,e963123a-d677-4acf-ac24-9e0bbf199293,9,1,12.485792170348638,0.9030055695485304
2247682f-4e1b-4da6-aaa9-44c88b91cb99,2021,2021-02-24,c54c27f4-6038-479f-81a5-076e8cb3facf,be9c1710-e299-4eaf-897e-3c4035465ce5,-11,0,4.363654560029083,0.6919083974540029
28976d67-6d77-4aa2-a061-92b065a09615,2021,2021-02-24,f76767a6-8e9e-44e5-8211-21524f364137,e7739ef6-94c9-4206-be27-00d9c5e52ed3,-8,0,-4.433389922115609,0.31056642619091884
2bc228d9-2da1-444d-be0d-ea2943a28642,2021,2021-02-24,2fb5419d-1828-4c58-92b0-39fc3073197b,d7ae1172-7174-4b23-864e-b95c3dac4ee4,-7,0,8.58095716067257,0.8379487869898207
2be0c331-f52e-42ae-880c-d16efac46d62,2021,2021-02-24,85d6772f-58a9-4977-a921-8f928b661b1c,510fb56d-2c4a-4f14-a5a1-e3b5856ec11c,-16,0,-1.1001574062872665,0.4721697544692336
2cae5618-5f20-4b8e-8f7d-4ebff560c058,2021,2021-02-24,20c48cdd-dd4d-414e-bc3d-7ee42d9f47f0,c093ef64-b2b0-4d6d-b73f-704e93170ae3,-22,0,-2.1350036242261283,0.5303077604738473
3602afc7-1858-443a-a61f-e84b27bcb27e,2021,2021-02-24,b027da3b-02b3-4b06-8d11-4355379c190b,d6262d9b-c701-4974-afbd-ef478e74fe8b,11,1,-1.6659118768122922,0.439329960417795
3f6aa962-b2b1-4c23-bacb-02a8363c9de5,2021,2021-02-24,eae08de3-3875-42d9-8dca-09e8016dea2c,8870b73d-31e2-48d2-99b8-bf750c8cb9e1,4,1,4.081837522224207,0.6979187654937686
46d7659a-9670-4805-9580-8cbbeab25461,2021,2021-02-24,a0942322-0725-4156-a535-e621d291382c,28535578-a0da-4a5f-8dbf-c99868d82178,-26,0,-5.109722451672543,0.3152858528554271
4a0e5e7f-dc79-4bdf-9e4d-09dad1a47d08,2021,2021-02-24,afd0bd2f-740b-44d7-8be1-cb790093f9bd,b474ccdd-467a-4295-86a9-293837900322,-1,0,10.95672084728124,0.8910866468334927
4d097539-33e7-4d01-858a-8cb7c4f6f3df,2021,2021-02-24,910d5e81-1944-4780-9aeb-883182d61f8a,0e7751bd-fff8-4fa2-a4a4-d7dafd8f4929,13,1,-0.855001230765401,0.38692674021070445
65f5fdaa-0877-400a-a9c1-2ef3b682f39f,2021,2021-02-24,d075203a-3279-49c9-b79e-ddf5a673fdfa,3ec8f5d8-3b24-42f3-af4c-a96a1f5f3a4a,15,1,3.714718063840342,0.6431508435548651
73d59264-6c88-400a-a6bd-086968a49773,2021,2021-02-24,add66488-b462-4823-beba-4981e3cfc5a6,e514e7f6-9987-4fc1-a0a9-152b9c628601,-21,0,-8.999095434683106,0.13403104739601257
7842a184-fdcf-417a-971a-b2fb98f7c41e,2021,2021-02-24,a70fcc7f-825b-4156-9649-d06b0ac24183,73155cd2-0289-4b6f-ba82-fbb80d02403e,11,1,4.651163323350455,0.6795924698397867
7ed070f4-c21a-4020-b508-8e48826a625f,2021,2021-02-24,18cfad04-c27c-45fb-ac76-6a19e57ea922,22cc3729-2c6a-46eb-a661-6aa2e4d614a3,15,1,6.571649060580838,0.7337419408009278
931d88ef-daf2-4060-88f3-8cd85e594691,2021,2021-02-24,a32cf399-a569-42dd-b4e7-d8e7054234c7,390fa614-2e77-4abf-b1ec-27e1a10ef40a,16,1,7.937982078023287,0.7984367775413919
938f99f7-49e8-4179-9d69-6542662c596c,2021,2021-02-24,a50a0a91-c116-4f66-aac7-a7d111bc002b,407824c5-1c41-4866-976d-ae32fddf4868,15,1,16.39310414382812,0.9421094073249691
9db550d6-c4bd-4f79-86a7-8ffbaa1af844,2021,2021-02-24,fc2ab8b9-b25c-46a3-81e7-a6abf8ffedad,5d3a1c04-727a-44fa-990d-231f8bf3b6e0,-6,0,0.9016949622149344,0.5987604044851881
b4ceec05-186f-42db-ae08-5f7a4edb4b15,2021,2021-02-24,9a4cb8a6-1c95-4ac2-8acf-2d47cead4af7,864ea5b8-fceb-456e-9434-d7b7a0170357,-4,0,-0.7457826188745618,0.5507869276194383
c14a3d0b-58e3-407c-8464-9642faee6ea2,2021,2021-02-24,4a06993f-d792-4e09-941b-89a318b29c41,8b67941e-9cd8-42e9-94ec-60a1d10cbc84,21,1,7.566586390254945,0.8156603395843272
c2620222-88e7-44d5-9450-9a6390ac1fde,2021,2021-02-24,539b6837-bb92-4554-91a0-8f0d949d8b0f,0a90783a-38de-46db-ac4e-70329fd95b95,-3,0,2.0484036917115014,0.5596059201685971
d97def31-e4e8-4bb4-a191-903637d11c7c,2021,2021-02-24,7fd23de2-bd4b-4f67-a1b5-a7b146c2b64d,778dcf04-00e0-4120-b1d6-36d83e57ad32,-13,0,8.520400055078754,0.7905008683889592
ddc4531d-6de9-4c3e-ba26-bd5472293e25,2021,2021-02-24,e184b43c-a563-4eb0-97d8-e6606c94edfe,0bbcc1da-f270-44fa-bac0-cdc703144c9a,-3,0,-0.8639366171092958,0.48781237133574556
e8aa4b47-2e04-41f3-8579-9da7c349794d,2021,2021-02-24,b4d453f5-49b1-4a4f-8d76-30ed0f77fab4,f5575a20-19d0-45ee-b978-be17d4021703,7,1,5.521798198138511,0.7103801993258766
f2ac3993-1eef-47d0-804a-7d3e0d07e7e7,2021,2021-02-24,c9a13806-ceac-4436-87fa-6d19c5d3b834,5cf12fde-f3ee-42c2-be66-d7a7f79401e9,-12,0,-13.056792211331418,0.12240709931939936
f9059949-4373-4fa7-9beb-ccc1ebe44b86,2021,2021-02-24,e4a5755b-3279-4861-b19a-6a7d500c6637,a1ec634e-e3a6-4f65-8cb4-cd9bc53448a1,19,1,2.3793791395892585,0.5821254398253427
111c5bea-dee4-4c2b-bab0-ee8afc2ed739,2021,2021-02-25,15ea3800-14b2-4e3e-8a6d-e9a6490fc965,a718200e-3c95-4e78-bc52-6d49f14c042f,24,1,17.092406992813817,0.9435952416037927
163100b7-c007-47bb-a103-7765029c0584,2021,2021-02-25,a3b8173d-a2ea-4988-90d5-e3b32953c6c7,28164465-b0c4-4d92-b609-51debab55256,-7,0,4.071088513585933,0.6504315839236853
1b59e9cc-9b0e-4350-9c04-23ff171cecdb,2021,2021-02-25,a068e9e2-d76e-4fa3-a94b-f1f2d845b000,136c7ecc-ca9e-456b-acfa-e4b5947012f2,-6,0,3.537294315348661,0.6660782211119248
1d465361-5b39-4e4d-baf8-451aa96b1d31,2021,2021-02-25,962b3e60-24df-4af4-82d2-3a9c8442765b,dfc69d97-4abe-4ae0-b091-329cef3c70b0,8,1,7.04579958095867,0.7654101426044095
43b5a794-bbea-4277-b738-ab332ff0f592,2021,2021-02-25,9c02ba5f-0fff-4649-aa68-3daaefc3de96,93706eaa-57eb-4415-be8d-eab0042ce36f,20,1,25.828097044192145,0.9871434045498144
44c5e296-ef08-4734-a128-e36bd5e2dafc,2021,2021-02-25,7641ced1-436d-4cca-aef6-214829898d2e,68a49c87-4220-43d5-856d-ffc0507814a1,-8,0,7.255556044907162,0.792797335113917
459157a5-9b6c-4cfa-a417-f43318a92f02,2021,2021-02-25,393424f4-5631-41bb-9925-f6ff431cfa34,c32d1a7a-7843-46a2-aba9-7550d7ea2b38,12,1,1.705773408040051,0.6003414697398901
539997f9-5685-4861-af62-038267468702,2021,2021-02-25,043f7037-fcb6-454b-9a9f-a594935d08e4,0833ed3f-41b2-45fd-90f1-ea76c6f32453,-2,0,-4.41124530533718,0.34288699041695936
54affbc6-ac91-4bb4-92d9-805c74e07eb0,2021,2021-02-25,a13cbd69-d194-4c61-a684-c8fb7beeabc5,7bc520ba-ad37-481d-bf32-21fd30db278d,19,1,22.400078707622146,0.9837665687613707
55d263ae-4624-4d9d-9ce4-4dad6a804e4d,2021,2021-02-25,e7a2f658-1de2-4cc0-8d28-60bb96dcb224,59282bec-e8d6-40c6-973a-83051100421d,-20,0,-6.943954628219117,0.24893170933889286
61b708fd-4aa5-4397-859c-215ce76445ee,2021,2021-02-25,27945734-1ebb-4e9f-957f-162878724b27,a90b7bea-0089-4676-8695-8e71d497e83b,13,1,8.090014251662033,0.8105426434925596
6f697c48-f96f-456e-a3a4-c19d06a4ae54,2021,2021-02-25,814dffa5-6fe5-4aca-ae7d-b099be2111aa,674e69f5-9ec1-406c-9c9e-0277406bb10a,-13,0,3.632491780593505,0.6572225993030159
797cfc80-ec69-4641-ae28-d65654304823,2021,2021-02-25,6dd43d39-7fc6-4bb1-8e18-9f7214921d79,6b800506-0715-4d71-93e9-8887bd0ead96,12,1,8.883848630395223,0.8113489806156137
9d670cd8-20f3-47c9-8f8b-cf85e7865dac,2021,2021-02-25,5c08d048-2b8b-4f14-ba62-eb65192229fe,53bc6533-b761-4ad9-8807-3eed852c09cb,13,1,1.7441360656099063,0.5642657833517747
a0192870-7c3c-4fec-9580-b211b92edecd,2021,2021-02-25,066a8484-fc6f-4b34-a34e-12b5a0ccad51,153596ed-3c7a-404c-b510-15a532386899,-15,0,-0.8746321079027055,0.4742401300096352
a57d8750-64bc-4721-a917-872d1385f00b,2021,2021-02-25,28e6307f-2240-4931-9ba2-9e19e9e41214,d53017de-fb39-4d91-ae07-8c7ad76080cd,-6,0,0.6685059969225373,0.5126091639244845
ae8f9d17-2bab-4ccf-aba3-f6acbc7277a3,2021,2021-02-25,40b1411b-d25c-45c6-a6e9-b4636de2b348,8155a0ac-2183-484d-8689-b0855690cf48,-8,0,-7.661936262117391,0.2662370659710705
b46d5809-b59b-4f0f-a0f3-72240ecb92a9,2021,2021-02-25,589de096-2a48-481c-9213-1de1cde104de,b9939a4f-3583-4099-a977-cbe1cee7f252,22,1,5.429233929570539,0.7922789771504909
b51b8106-04e4-4d88-8efe-6aad02ade2ac,2021,2021-02-25,f8baf0de-c953-49cc-9127-a520fdc65e97,a4527c7b-f261-4b8d-91ed-120ffb1cbba9,-8,0,-5.5582697018042735,0.2969567268472259
bfff2c32-7fc2-40f9-8d8b-94059edee0d8,2021,2021-02-25,60572384-23ce-4f11-a5a4-237b9e9088cd,c0a097f6-0d58-47f8-aa7a-6eebdadedb22,14,1,27.13507428674901,0.9873999974964786
d4eb7fe2-a970-495b-bbf8-a0ad9269712a,2021,2021-02-25,3f7f94a0-e27a-4e82-b5d0-9098123024ec,70f9ea29-5535-4360-a3d6-3390ad8ff0ff,4,1,-4.572529487456282,0.40029582875771447
e7086b4f-853b-4e09-a9fb-5b2e7b4e73a6,2021,2021-02-25,a33a65ab-deec-4f5e-bf8d-b665170497f2,d9734c47-4710-4741-aee3-f1b78e2c7494,16,1,9.027800767962235,0.8478928487597995
e787481b-b779-4f51-93a6-12fea2862910,2021,2021-02-25,d9ee64a0-7aab-47e1-b2ab-9018c4bfeda5,89842734-b541-434c-9195-ca36a4f9ac31,-3,0,-3.4079454489296466,0.30863224153905444
e7a970be-1166-45bd-ba4a-57446e367c40,2021,2021-02-25,606739b3-e8e7-44ed-9240-a2e69bae9106,3e3fb5ce-40b0-4813-9880-afe0fd6fdce3,6,1,9.897976139667264,0.7900876414339619
f1ead09b-b0f6-4605-9682-67b9cf9e9dc9,2021,2021-02-25,336cf522-e130-4e26-947d-23a6b450adb6,60f79bad-642b-493c-b616-4f07e42a8fd1,-13,0,0.00866611089019165,0.4390484708565622
fb2d21c5-63f3-423a-9451-2321f9e1eae6,2021,2021-02-25,21fbc5a1-d38b-48de-a0fa-3aeb653d8091,34447800-60a5-477a-9ea3-6157f0f7913f,-9,0,-7.174923034710388,0.2740248406389492
01126210-eadf-4620-a22e-19b65bcb3369,2021,2021-02-26,2f5716e4-e515-4210-ba95-863aeec7f43f,d67d284d-01be-4022-bef1-4dc3a3219c5d,-4,0,-1.9729165764275203,0.46138745511764034
0861e555-193a-4443-8401-1836936ffe64,2021,2021-02-26,a40c4843-5038-4590-b917-003fb8a02a33,bbc12a02-7b1f-44b9-9292-8035f6f2bb36,2,1,3.8860880026580062,0.6958452919781342
0b25b8a7-538b-48d4-8728-8c74ac6bdd0f,2021,2021-02-26,39ca9310-2efd-46a8-95b3-c8d65343ffa2,02fc8dc6-94db-4b04-819d-f15245246d48,-3,0,-2.429197253684521,0.4124111575301809
0c520532-5dad-4eb2-a141-0383e2405be0,2021,2021-02-26,224b4a01-4769-41b1-9157-4806ac21b8e7,a347102a-5bf0-43d6-9e6a-98e689acb371,-4,0,-0.2648173903831581,0.4624635004999334
0cb9e866-6b02-4c2a-b520-d850a78a2b60,2021,2021-02-26,98f9a7be-62b0-4061-8581-26e893126aee,7ae4eaea-598c-4482-8e63-6e6d8c551817,2,1,5.284023180760296,0.7003015972783979
18331756-7e04-45d4-9286-f90fefec53f2,2021,2021-02-26,539b6837-bb92-4554-91a0-8f0d949d8b0f,0a90783a-38de-46db-ac4e-70329fd95b95,1,1,3.7846391255149703,0.6644899261583064
1a264863-4711-4694-905f-5502f5ec663e,2021,2021-02-26,aac9f779-7e88-494c-86d3-09b2e9b47e39,e8e53526-9614-4a00-9699-83239ddc2c7b,8,1,22.479935460595225,0.9809640950882652
22abd708-4ee2-49bf-981e-3abd65f9b6e9,2021,2021-02-26,34f97458-65e8-4b8e-b37a-9ae6b43d1469,6f11a51a-1a8a-4212-9e1e-14660575c751,5,1,5.757778558194312,0.7349994943060628
24e3dfd4-6e38-4b78-a48d-62c3ee933723,2021,2021-02-26,d4f12cb0-b551-45d3-9418-8f5971ea059e,29d731c5-9b13-44fc-a6f6-34f532cf02fa,-6,0,-1.7629287476879945,0.43340014100734336
2687b41d-bb17-4a83-8663-a2b3759e8b63,2021,2021-02-26,35ca9192-f3aa-4b7a-8f4f-b9ee34e646d8,ec1ed234-8d20-4e67-801f-337e542c0916,-9,0,-5.999632311441759,0.27082374332799225
2db250d1-d7eb-4886-8c12-015022678603,2021,2021-02-26,28fca8fc-b927-47d8-b900-d08b656fc31d,d1f54cdd-6d42-4df8-ae4b-e74ee175e8ea,-15,0,0.05390705978496642,0.5121593665201274
2e81335b-b313-45b3-bcfb-fe337efb7282,2021,2021-02-26,9b89639d-46fe-4e4e-a653-d50f1554a3bc,3c0057db-cd3e-4c86-ac2d-2e6eef1a00c3,26,1,11.755962151087674,0.8928699585713092
35da6a5a-fd25-44b7-8854-bc1df04a5d57,2021,2021-02-26,33c3ebe5-ba0a-4f61-a304-3552be342274,9c98b7ee-2363-423e-a125-1783389ac0d7,14,1,9.586378218047123,0.8887907122939068
40a2311e-bcc6-4afe-b196-579ca01004a5,2021,2021-02-26,bd6e89c5-780b-4f2d-ab4e-08806fef5cca,6b8b49f4-4a9d-45d4-ab16-595b1b537d76,-8,0,-4.399009111664791,0.394151440638728
43778ccf-ee66-4073-9611-fc175915eb23,2021,2021-02-26,efbf7b44-08c9-42ef-949f-9b2ec88fe96f,655e3157-6c29-45bb-9810-eefc2a0d509b,-12,0,2.34239481807953,0.5861080260508382
49e80bf1-b56d-4ccf-b9e3-d051bd21dad2,2021,2021-02-26,336cf522-e130-4e26-947d-23a6b450adb6,60f79bad-642b-493c-b616-4f07e42a8fd1,6,1,0.016683718144278107,0.47930380505793413
501cdf18-1a30-4f53-ad6e-bed321a29aa2,2021,2021-02-26,a7f9d3fb-5741-4a3e-8505-026b862ce855,18a7cc66-39df-49bf-b51c-0cbdd36426b2,-14,0,-2.0689982689905966,0.4452031544567691
511c31d5-be32-4efb-90e5-6de7e4aede3d,2021,2021-02-26,af32a09c-4079-4e21-9725-ed8b07ee5546,5f80b887-54ef-4b86-ad40-3014aed4005e,6,1,-3.6932659919409607,0.31629741163358904
60ec0e7e-d80f-4a36-8101-2b974091ddb1,2021,2021-02-26,b28067d7-0bb0-4502-a760-4aedcc95aab0,407824c5-1c41-4866-976d-ae32fddf4868,20,1,7.431928228998816,0.7949810471378215
62082e87-6f8e-4eeb-a584-cf246fa8b7ac,2021,2021-02-26,44353014-53ae-4005-89ae-a4f9fb38617b,d82db419-c4a4-4310-8c3a-84bc0542041a,-16,0,-5.529227846933696,0.17006652615529202
79c88585-196c-4c1b-86f9-8aa109fd6542,2021,2021-02-26,6e833acc-a13a-4959-bac1-fbd2e6be20b1,89ec300c-19c0-4347-84cf-163d9811eb3e,17,1,1.118159639143827,0.48727929420564536
893f9cff-b013-4114-9d0d-e34f75ed02cd,2021,2021-02-26,eda520a3-8273-4cf5-ad9b-3c26d698686d,755f4f60-e8ea-4b47-bc85-0014523f73aa,6,1,11.606792963380459,0.9189997237113088
97545bfa-2c97-4ad6-b02b-d14f1d278a01,2021,2021-02-26,814dffa5-6fe5-4aca-ae7d-b099be2111aa,674e69f5-9ec1-406c-9c9e-0277406bb10a,8,1,4.912944245997487,0.7083190586417418
ad369d28-004f-4f68-8d49-a98a49162e68,2021,2021-02-26,77cf4e5f-d8b0-4af2-bdbd-162e845fabcd,7c838356-4125-427e-901a-a8b36e899403,-12,0,2.9999235961715294,0.5681164543206134
af0a9b6e-209c-454e-998f-fca8ae9439b0,2021,2021-02-26,391a8f2e-7e33-41c3-b05a-8eaf0f2c0243,fbaa3865-aab6-429f-8f27-779aa41e9ae6,-5,0,9.733097450761296,0.8281340936662591
b88f20e2-c4f9-499f-9624-d578fd5bc17a,2021,2021-02-26,79c95d32-81a3-4876-a67e-d05c472f970a,bb8be7f3-4f59-44e8-864e-119e0b8c18b6,5,1,-10.044580252462158,0.15027840876240556
b9afb651-9382-4f70-b7a3-b79cb0e9120f,2021,2021-02-26,a6d03753-cd42-45b7-bb87-6739693b2f19,a4954c6c-2e69-4e49-b1be-c644601316d2,-6,0,0.5790781375946548,0.5921892850232832
bf64025a-a255-4dd1-bf56-afd7d06a8d0e,2021,2021-02-26,c86929e8-d014-4027-814e-17e5b57f90b6,e9ab90ad-d1d0-4bcd-b2c3-90ed7076450c,-21,0,-1.054184373178628,0.4395661921624644
c17ab6d1-7a5b-49e3-b075-883adb6acdcd,2021,2021-02-26,5a2971fb-7668-4c9d-959c-3cc5eeee6791,3430a126-cdee-483f-87c6-4ffbe51d0170,9,1,9.140899801551965,0.8641067768249218
c9db8dff-e1c4-436e-a5a2-e054de2844a4,2021,2021-02-26,e7a2f658-1de2-4cc0-8d28-60bb96dcb224,59282bec-e8d6-40c6-973a-83051100421d,6,1,-6.20075058254246,0.2617556607004177
d304fc3f-f08f-4bb4-9e0a-3ad967d0c481,2021,2021-02-26,0ca618bb-3ba5-4356-8c01-9e5cfb52204c,c8552860-c6f5-4179-b43e-c55775da1d48,-5,0,-1.5076086918421727,0.4320692390160767
dd144d49-c388-4c58-827c-4f79bbe3ae35,2021,2021-02-26,f5d57088-23c0-4976-a83a-8c99281931f6,ed8cb4c0-c6d4-4461-be8c-ecf8fe13668f,16,1,8.800729589017699,0.8305500542765726
ded33fa4-3016-42a0-b367-9752dc583d60,2021,2021-02-26,af4cd665-b16b-433a-98b4-bc859c73052e,ab3af85c-525d-434a-95d6-fcc4a957eff7,44,1,8.999092227995959,0.8675244760800714
df79e046-24da-4eab-8e28-557d7b5a8e75,2021,2021-02-26,c7d87cd7-eae2-4537-ae95-cc39f7dc0d08,7497b121-940a-4021-ad6d-b2d8569a97db,5,1,10.544293506919276,0.8580248110176746
e35c54b3-6119-49f8-b6e3-b1925a04ca11,2021,2021-02-26,97af561a-907a-4616-9013-45a60140ff7b,6c9cd4ee-eb61-4ac8-aec4-24e5ff6c7409,-30,0,-11.506310567500673,0.12010669493203628
eef7fa22-2a08-4b63-8698-aba1da8abcb6,2021,2021-02-26,3d1c995e-040f-4e4f-84ff-f68fdad5ae74,57b3f53c-c3e1-4345-acf1-d392e30fefb5,18,1,13.774365426847197,0.9246811454257462
f3f21ac0-fa06-4d69-8360-cdb833b0027e,2021,2021-02-26,6b306c8d-0a54-4bfd-a6b2-4e9dce397e36,65a307ba-6078-40b4-8bc1-1f5f541185cc,3,1,11.6313671085505,0.8654170135233687
fcd90f13-5c84-4c83-90cd-7939c481e5bc,2021,2021-02-26,37642fa1-3eb0-4eef-8973-ede3736321db,28f58893-fbf6-40df-8b08-24c4b0ab191d,-9,0,-2.715825010677446,0.4738126717075602
fcefc014-e8c1-4ba3-8714-45935f38e655,2021,2021-02-26,1c833156-3165-410b-8ea4-41b6d79c4db9,f5596042-c045-40b8-ab41-32e53c8c5ca2,-7,0,-2.5988355890241466,0.41083700692979985
03392589-9dda-4f62-a502-3519ab392a54,2021,2021-02-27,60572384-23ce-4f11-a5a4-237b9e9088cd,28164465-b0c4-4d92-b609-51debab55256,17,1,24.713493114018753,0.9813359844033744
03cbe23c-685c-48ba-b5fa-a2a38e5072c3,2021,2021-02-27,48ca0d7e-2fa2-4fe1-9469-069d9fbef3a1,153596ed-3c7a-404c-b510-15a532386899,9,1,5.129123181007278,0.7187091509817687
07b9abb7-4d9d-4c21-8986-5851f1a98b70,2021,2021-02-27,ad1c4459-ab7e-4b35-aa93-85c1630c6cfb,b4d453f5-49b1-4a4f-8d76-30ed0f77fab4,23,1,15.033750601793683,0.9577595857626175
09ad03a1-0ab3-47ff-b334-c7a663034960,2021,2021-02-27,0a452dfe-75eb-47fa-8dae-92da3589f9e1,add66488-b462-4823-beba-4981e3cfc5a6,38,1,14.24443034884418,0.9192509074685038
0cd0df3f-f4f3-4f2e-88cc-6f73b50866a8,2021,2021-02-27,47d95961-3d47-4d0f-815c-ed002986e9af,f96f8f4d-dbca-433c-8c11-1b8e00bddc6f,2,1,2.6065670801580683,0.6009040253856932
0f56eee4-21c9-4d41-9ce7-8f130ed54c5c,2021,2021-02-27,391a8f2e-7e33-41c3-b05a-8eaf0f2c0243,fbaa3865-aab6-429f-8f27-779aa41e9ae6,17,1,8.731491805532633,0.8498364496881669
1967ef36-7030-4922-b57c-3c873a144f70,2021,2021-02-27,44353014-53ae-4005-89ae-a4f9fb38617b,d82db419-c4a4-4310-8c3a-84bc0542041a,-5,0,-6.36058685848294,0.22456601074361154
1a70504c-1d28-48f5-b1f2-b2be6043b388,2021,2021-02-27,d6262d9b-c701-4974-afbd-ef478e74fe8b,589de096-2a48-481c-9213-1de1cde104de,-16,0,-3.3647773673511816,0.39197062731347576
1b01ca97-c882-41e8-8eb1-e11828c39284,2021,2021-02-27,2fb35c54-8f82-4531-86da-4f01cc0f9cf3,2f3ac2cf-a76a-437a-aed6-239ac78ea5c6,5,1,11.526379819401727,0.9062666922589306
2348acba-b8bd-4506-9d0c-769e6ee9aaf5,2021,2021-02-27,a13cbd69-d194-4c61-a684-c8fb7beeabc5,c495ddbc-3e45-4407-b7fc-b5a98991f77b,-20,0,4.793135966990209,0.6865181250978877
2363bfa7-1201-4a9c-8616-25a622028bb3,2021,2021-02-27,40b1411b-d25c-45c6-a6e9-b4636de2b348,8155a0ac-2183-484d-8689-b0855690cf48,6,1,-7.063723379889345,0.25700547852219985
2765ab59-ca6a-470f-b379-7d058a161b7c,2021,2021-02-27,aac9f779-7e88-494c-86d3-09b2e9b47e39,e8e53526-9614-4a00-9699-83239ddc2c7b,7,1,22.587007128602487,0.983893139552768
28e23f73-cccd-4c90-a7f0-41eb92e7f362,2021,2021-02-27,b5902d34-0cec-4f71-abdd-8eef757b4f9d,02d4cbfd-8634-43dc-999a-f4d32f7f47c2,35,1,9.423119586063647,0.8165994242622816
28f59c77-6082-410b-8b40-e8c75aa9ce14,2021,2021-02-27,21fbc5a1-d38b-48de-a0fa-3aeb653d8091,34447800-60a5-477a-9ea3-6157f0f7913f,-2,0,-7.296603087205451,0.2742783568333739
2af4288a-47c4-4aae-a0e3-eaae8743864f,2021,2021-02-27,87c9d84a-7778-47cb-9a33-085caf9ea361,1dcc19aa-e509-4cc5-93e1-29c1a093fcd9,7,1,2.615543858913884,0.6755424421020448
2caa0e6d-4bf5-4ccc-bde2-ae281e27270d,2021,2021-02-27,f1d509bb-1611-40e4-9fde-815980bd35d2,9e4719ed-a84f-4572-a1b8-d13c0997f3a1,-3,0,-3.0476813485934025,0.3669106896342357
2f931a54-9b42-4b33-b3bf-779079a2e38d,2021,2021-02-27,2f5716e4-e515-4210-ba95-863aeec7f43f,d67d284d-01be-4022-bef1-4dc3a3219c5d,-4,0,-2.2764000384824405,0.46248494299810977
30bb21e0-c99d-4b9b-9bc9-1c379c9cf086,2021,2021-02-27,a7f9d3fb-5741-4a3e-8505-026b862ce855,18a7cc66-39df-49bf-b51c-0cbdd36426b2,-7,0,-1.5267151965992516,0.4377965562611459
3a371aa0-8f11-4d20-9a9a-b1ec85887a55,2021,2021-02-27,9a4cc655-94cb-423f-8249-a9cc2637eb22,82ef743e-9bd4-4c80-a4ab-5e3ba42e84df,-4,0,2.029340330321077,0.5538933951738995
3c2e27e2-0b05-4dd2-9f23-5730bbc9b63c,2021,2021-02-27,066a8484-fc6f-4b34-a34e-12b5a0ccad51,a542240d-13f0-4c97-8c81-319e88fd0a4b,10,1,-3.4608933619378686,0.3353637298311748
419746f8-92ee-4cc6-a43c-8e7051ce3be6,2021,2021-02-27,c6b5e189-79b5-4b48-9cb2-4f886c6004b8,840b9de7-98d4-40aa-a950-8449a61d7408,-4,0,4.486611796840807,0.6703486474244919
4502bcbc-ded0-473b-9037-4e94d2fac5ff,2021,2021-02-27,c9a13806-ceac-4436-87fa-6d19c5d3b834,1b0747e9-4222-406e-b8c0-c34ca2f87eaa,5,1,-6.6533740117872195,0.24992849040395904
50e0e64a-2e1d-4610-8b93-3f333dbf7d85,2021,2021-02-27,37642fa1-3eb0-4eef-8973-ede3736321db,28f58893-fbf6-40df-8b08-24c4b0ab191d,6,1,0.8393212791845934,0.571353186895194
518b719b-3ab8-486d-a5cf-50f0671ca9ef,2021,2021-02-27,7fd23de2-bd4b-4f67-a1b5-a7b146c2b64d,7ea7c61f-1804-4780-a693-f73ac177f85a,8,1,-0.9853512655074217,0.46397777537971047
5619c9b6-9086-4328-b5fe-e60f352dcec7,2021,2021-02-27,eda520a3-8273-4cf5-ad9b-3c26d698686d,755f4f60-e8ea-4b47-bc85-0014523f73aa,13,1,11.178646988563656,0.9245884849432401
57ad8a35-eaf2-486b-bc51-d90bd66454e7,2021,2021-02-27,c00c03b9-1bdc-4cb6-9896-c210e9ebf208,7641ced1-436d-4cca-aef6-214829898d2e,4,1,1.27768034143439,0.5194135278811646
5a990e73-ee66-4623-8b8e-a2048fd2c51c,2021,2021-02-27,a068e9e2-d76e-4fa3-a94b-f1f2d845b000,a90b7bea-0089-4676-8695-8e71d497e83b,-5,0,11.84625851151937,0.8892884127330563
5d70e412-d387-42cd-9e9b-9a0dbb2bd003,2021,2021-02-27,5d3a1c04-727a-44fa-990d-231f8bf3b6e0,d4c5bc9c-035c-4638-8430-5f2bddc79182,2,1,5.584173215847763,0.7478023554803424
5f57bb3b-8904-4bff-97eb-97c836282df5,2021,2021-02-27,e3763c93-ae5c-4fd1-a27f-9d171958e4cf,6d66d3c2-401b-4192-9132-138219cae626,11,1,5.600667378024195,0.7266752762896892
62ac0e10-63aa-470d-9a02-574cdbbd7b77,2021,2021-02-27,18cfad04-c27c-45fb-ac76-6a19e57ea922,763f60a9-832f-4cde-b69f-33db7addad25,8,1,4.247635375309777,0.7051368724558955
648ad7db-270e-4574-9733-7cdef34a5c1a,2021,2021-02-27,2f742ceb-17ab-4e32-864c-437353b864ac,bb1da9fa-7bba-489b-8fe0-96fa412241b5,9,1,7.952074549505969,0.7660532099171379
6758bbd6-5603-4407-a085-4969d1c408e7,2021,2021-02-27,6d3ad5c0-7493-4b78-8c6a-dfaa0ae9bd2b,19a55d43-b24a-464f-b974-586d0ca1325c,10,1,5.143605537565417,0.742627246608805
680e7fb3-a623-4d0e-9d38-711c1217b471,2021,2021-02-27,35ca9192-f3aa-4b7a-8f4f-b9ee34e646d8,ec1ed234-8d20-4e67-801f-337e542c0916,9,1,-5.157554671099549,0.270941160126864
683a5c3e-1a2a-4ce3-9e4d-8aeaf0dcf8a9,2021,2021-02-27,93706eaa-57eb-4415-be8d-eab0042ce36f,ff21b338-6ab1-488f-9763-c7b74e4c4a66,-14,0,-14.802155620274183,0.05021401441570079
68914197-ee37-43c8-ab1a-c7f9b8319bd2,2021,2021-02-27,5674afbc-6b30-4a05-927a-54e7f8738250,2c3cfe98-5d8e-4156-8f96-72afb8b46504,2,1,-12.724222621853338,0.06396292552735536
6c01011c-ca53-412c-8eb2-717cc5113620,2021,2021-02-27,ec88e63f-bc10-42ce-85e4-e0c498a1d450,406e5c75-29d7-4b2a-a2ef-4cb52cf8d6fd,23,1,7.044845565455944,0.737686546489969
76d4910a-c921-4a7e-ad52-8d14d5de286e,2021,2021-02-27,d9ee64a0-7aab-47e1-b2ab-9018c4bfeda5,0833ed3f-41b2-45fd-90f1-ea76c6f32453,-11,0,-2.5139752226294165,0.3860128975357979
77be77b2-a5ee-46e1-8d9a-73437ac642e0,2021,2021-02-27,6dd43d39-7fc6-4bb1-8e18-9f7214921d79,6b800506-0715-4d71-93e9-8887bd0ead96,4,1,7.534929509093518,0.7789772329119227
7ca0160b-9cad-479a-9333-f4662b1ffab5,2021,2021-02-27,9b89639d-46fe-4e4e-a653-d50f1554a3bc,3c0057db-cd3e-4c86-ac2d-2e6eef1a00c3,-3,0,11.356530953738842,0.9024355205811536
7f1a620a-9a1f-4ba7-a23d-313994cd5800,2021,2021-02-27,e877ffc7-a7b4-403e-96d6-b914bffbd505,73155cd2-0289-4b6f-ba82-fbb80d02403e,-7,0,-4.029034447867539,0.3791579538880327
85b4b65d-fc6d-4401-94a7-dbd275f4546e,2021,2021-02-27,043f7037-fcb6-454b-9a9f-a594935d08e4,89842734-b541-434c-9195-ca36a4f9ac31,-11,0,-6.546438045815739,0.357873142526707
885890f0-2adc-4c26-a70e-6a5ba735adc7,2021,2021-02-27,5c08d048-2b8b-4f14-ba62-eb65192229fe,88c28db5-60be-4385-8263-91e66e360407,8,1,7.460929213669008,0.8002417745948835
8a58ebd6-4c2d-496f-b86c-17f7ff4407c4,2021,2021-02-27,7ba7ec2a-91c9-4856-bc4a-1b75f450061b,1450fc17-28ed-4fe1-a784-71eaa519baa1,1,1,-2.9159379838404704,0.409482871783978
8f72f25e-afb4-4910-967e-1c8babb5f703,2021,2021-02-27,0ca618bb-3ba5-4356-8c01-9e5cfb52204c,c8552860-c6f5-4179-b43e-c55775da1d48,10,1,-0.847940083492193,0.4810990972697113
90d37fb0-f05e-4694-b27b-0a12de4520f1,2021,2021-02-27,0f5a1494-b3ca-4532-8777-55217ec53868,c03bf34d-cf8b-43da-883c-63212ac85d42,4,1,14.236227015232277,0.9113896674848456
96944e8b-8235-41ae-ae8b-6f9e2c6ca96d,2021,2021-02-27,e184b43c-a563-4eb0-97d8-e6606c94edfe,af41eb94-4a15-40c8-aec5-4bc9d72db801,8,1,0.23196274676176934,0.5171080667599633
a8011c54-a7ab-4784-91b6-18c5440116d4,2021,2021-02-27,56a79fee-eea6-42d7-b3b5-aa619168e7f2,f8baf0de-c953-49cc-9127-a520fdc65e97,47,1,15.468818839325987,0.9521693711876243
a8ee4d30-9e44-41eb-a626-ffc9f57f17ef,2021,2021-02-27,a6d03753-cd42-45b7-bb87-6739693b2f19,a4954c6c-2e69-4e49-b1be-c644601316d2,8,1,0.2234620186605367,0.5543583386330906
aace0362-2bae-4099-ac27-b1c5cc6a4e4f,2021,2021-02-27,3a65e16d-46ee-4ba4-9bdc-df6b25859655,c74d9ff8-2f1d-46cc-84b3-d54659a3d1f2,6,1,9.236877345989623,0.8230883747413887
acbf0a86-f485-4f77-a93b-3d5e23f54fad,2021,2021-02-27,118354ec-fd34-4152-9760-dfed9430b49f,53bc6533-b761-4ad9-8807-3eed852c09cb,10,1,-9.020098328377882,0.17670716181399063
ad28445e-80fa-4a43-a2fa-7e4ae3bee428,2021,2021-02-27,d32dd807-9ee5-45de-822a-61d30e953a37,c54c27f4-6038-479f-81a5-076e8cb3facf,-12,0,3.343447471712777,0.694116960991742
aebf3fbc-8101-4856-a77c-1013f5e341ad,2021,2021-02-27,75be9823-4151-4c62-999b-0d1bd885e92b,afd0bd2f-740b-44d7-8be1-cb790093f9bd,-11,0,1.4319762545151533,0.5738087796751091
af1f28a1-b44a-4eef-bff6-caca594ac74a,2021,2021-02-27,a0942322-0725-4156-a535-e621d291382c,9a4cb8a6-1c95-4ac2-8acf-2d47cead4af7,18,1,10.937508719988047,0.8593225182199846
b2a6044b-dc7a-4802-927a-f6d593af03b8,2021,2021-02-27,5ef3daf9-ea79-4c33-82af-051ce15768a4,e6abc32a-c68e-4ea2-988d-1737d7ebfd4c,9,1,3.8126342123257406,0.6636615921693261
b4a37a2a-b663-4ab6-9158-51a49d4311e1,2021,2021-02-27,33c3ebe5-ba0a-4f61-a304-3552be342274,9c98b7ee-2363-423e-a125-1783389ac0d7,-13,0,10.965951139256177,0.9125215420197778
b4eafb6c-dd6a-4699-a43a-6561611b1689,2021,2021-02-27,03b9b8ef-ee62-41e5-8ba6-9845ca44dc4a,778dcf04-00e0-4120-b1d6-36d83e57ad32,18,1,11.47654964382008,0.8606587311283515
b67323cf-ff7e-4863-be55-5de36750ae99,2021,2021-02-27,606739b3-e8e7-44ed-9240-a2e69bae9106,393424f4-5631-41bb-9925-f6ff431cfa34,14,1,10.434039286988195,0.8047775343110314
b6e73cda-c13b-4e84-9cbc-31ab80c9c0a2,2021,2021-02-27,7bc520ba-ad37-481d-bf32-21fd30db278d,9d171f52-bd82-40e9-a2e6-5c7b74a43355,34,1,3.727714491238087,0.6831938731392435
b8908b18-ef31-4f65-a086-5ee5960d1098,2021,2021-02-27,ab413d6b-1afb-44fa-9134-499b5b046de1,b9a980be-8e9f-43c2-8ebb-aff1b8f682df,-5,0,-1.4027659566626836,0.4558710279202069
b94dcf3a-47be-4adc-9e94-e4f7db08760c,2021,2021-02-27,d060a457-6325-4436-8b0c-e45c7cea013e,4ea3ab1d-d0d5-4c9c-9a61-71a678342af9,22,1,17.593304171437595,0.9750150507107446
bc42a638-e2bb-4b59-8c89-32b2c3da9704,2021,2021-02-27,312a2f51-9f81-43c4-8a40-680e9596a196,8b67941e-9cd8-42e9-94ec-60a1d10cbc84,-21,0,3.308194735814408,0.6643612340040185
bcb2ffcf-0918-42d6-9e04-e29ddc52f2d0,2021,2021-02-27,27945734-1ebb-4e9f-957f-162878724b27,136c7ecc-ca9e-456b-acfa-e4b5947012f2,-6,0,-2.310208573710392,0.40194131989251725
cbeec080-77c6-41c7-a9e1-36bba9405006,2021,2021-02-27,79e17be8-1403-48c8-b264-4748e43d8e8f,5cf12fde-f3ee-42c2-be66-d7a7f79401e9,5,1,-3.8092045186774754,0.36235838624059213
cf051156-0942-4e2f-aa3b-6c18c7be62b1,2021,2021-02-27,510fb56d-2c4a-4f14-a5a1-e3b5856ec11c,85d6772f-58a9-4977-a921-8f928b661b1c,2,1,8.209953073423879,0.7764695333361534
d10db8ff-655c-4107-9b72-e211a692bcab,2021,2021-02-27,a32cf399-a569-42dd-b4e7-d8e7054234c7,4abfdf3a-98a8-404d-a53c-d4aed37d2942,14,1,7.7929432879001475,0.8175308454453963
d46cbefd-6cf3-43e2-ad23-e7c61079d4bc,2021,2021-02-27,28e6307f-2240-4931-9ba2-9e19e9e41214,d53017de-fb39-4d91-ae07-8c7ad76080cd,-1,0,0.34183598309997887,0.4977984993025104
d4ae1b70-a0fc-434a-8a0f-2e734eb5243d,2021,2021-02-27,e514e7f6-9987-4fc1-a0a9-152b9c628601,31fed56a-3c76-439f-b5e1-27215eebf2d7,8,1,11.862706689521099,0.8695157958403887
da56997a-f673-45b2-829f-abfff66976b8,2021,2021-02-27,c093ef64-b2b0-4d6d-b73f-704e93170ae3,28535578-a0da-4a5f-8dbf-c99868d82178,5,1,-8.198874973776258,0.13836860379440097
de54b0f6-6469-418c-8605-6c46457fefb2,2021,2021-02-27,e7739ef6-94c9-4206-be27-00d9c5e52ed3,9ded2a57-a14f-4961-ab3b-efca70d91b7e,-4,0,-1.2627143407178754,0.4252320501677746
e0327687-ea29-4763-9020-f294bf13f9ac,2021,2021-02-27,a4527c7b-f261-4b8d-91ed-120ffb1cbba9,a1ec634e-e3a6-4f65-8cb4-cd9bc53448a1,-13,0,3.733795360275213,0.6657077258018618
e849a64a-7bec-4750-86ca-b1c0e9ca6ede,2021,2021-02-27,8b3aba69-54a9-4b40-9e60-b34816308953,a3b8173d-a2ea-4988-90d5-e3b32953c6c7,-6,0,-6.642519639932957,0.25424569263486146
ec48941d-4cbe-427d-bcc9-7d72c5b78e27,2021,2021-02-27,b474ccdd-467a-4295-86a9-293837900322,eae08de3-3875-42d9-8dca-09e8016dea2c,24,1,-3.037627989372334,0.43831648572419446
f51e1536-31ed-41e1-8582-4b33a3e75f01,2021,2021-02-27,88b507e4-37af-4b0c-b7de-e68864346922,d386331b-232f-4ecf-a546-1b84ed9526d9,-7,0,6.1550531905662496,0.7745565458442853
f58e268a-c03e-4505-bdb1-820b396fb907,2021,2021-02-27,cc6f95f5-bb00-4211-89af-a4d26b18dc0b,69adf56f-3e48-489b-9508-454a85767e9e,4,1,-3.128400716964291,0.33627162265079263
00fb268c-8b2f-4d69-b911-b42a135dfa30,2021,2021-02-28,b28067d7-0bb0-4502-a760-4aedcc95aab0,a50a0a91-c116-4f66-aac7-a7d111bc002b,-6,0,-6.484234205747639,0.29871863503463636
0593fc56-9de9-4f87-ac04-9f82dac8d78d,2021,2021-02-28,c74d9ff8-2f1d-46cc-84b3-d54659a3d1f2,3a65e16d-46ee-4ba4-9bdc-df6b25859655,-1,0,-2.5225558404727053,0.40859630312246276
0ac62c3e-453d-4996-911b-d56b9b50e9c0,2021,2021-02-28,f74ac72c-18ac-4485-96b9-da12f2d6d2a6,0ded5c5a-c875-4cab-b9eb-ba50f34b6f0e,9,1,2.7154915177980246,0.6552298651839192
12df0119-664c-4d27-b1a8-9e0196cebc89,2021,2021-02-28,015a331c-b317-4974-afdf-1d3940b8e31b,6d3ad5c0-7493-4b78-8c6a-dfaa0ae9bd2b,6,1,7.1614927360309775,0.7564267417331431
1b230c66-2811-4560-a9c3-d039114a11bf,2021,2021-02-28,09041490-ab7d-4030-827e-618471802c87,47d95961-3d47-4d0f-815c-ed002986e9af,-8,0,0.840759691391985,0.6129204559915906
2c01dbe9-48a1-429d-b60f-1c9bbb752a87,2021,2021-02-28,d7ae1172-7174-4b23-864e-b95c3dac4ee4,01bd3978-4bb2-4761-8b57-3b19be7a2d53,3,1,6.006877411525293,0.7303433401126737
2e7c46c0-481d-4c80-a488-97114e3b568b,2021,2021-02-28,d748b419-f41e-4b46-aff6-ce66b3442549,9e43c63a-9088-4564-9aa3-bdb745d9c108,12,1,-10.220729442609453,0.17759426748404147
32b60a38-d864-4749-bd69-34db8444aefc,2021,2021-02-28,5ef3daf9-ea79-4c33-82af-051ce15768a4,e6abc32a-c68e-4ea2-988d-1737d7ebfd4c,-12,0,0.7627913590773991,0.5205990891823736
58dbcf42-5ae9-4493-bb44-1fcee4ffa07c,2021,2021-02-28,0f5a1494-b3ca-4532-8777-55217ec53868,c03bf34d-cf8b-43da-883c-63212ac85d42,36,1,14.359021308997725,0.9004101295444428
5bdbe28b-c1b0-424a-a35e-3d198fd5da11,2021,2021-02-28,be962bf1-1af8-4d6e-b983-d820cbae2dba,3f7f94a0-e27a-4e82-b5d0-9098123024ec,18,1,6.011062054925794,0.764266486862522
5be2a318-1a0b-4a8a-a1f5-6106c4e979a5,2021,2021-02-28,d32dd807-9ee5-45de-822a-61d30e953a37,c54c27f4-6038-479f-81a5-076e8cb3facf,2,1,4.066898689216614,0.6896734188486205
6e7896f3-6776-40f0-a3b2-714f42316d15,2021,2021-02-28,70f9ea29-5535-4360-a3d6-3390ad8ff0ff,b9939a4f-3583-4099-a977-cbe1cee7f252,-16,0,-1.1250814981150157,0.45353778659759436
74d64ec2-c662-40bc-807a-c93220c32a4f,2021,2021-02-28,a718200e-3c95-4e78-bc52-6d49f14c042f,ab809053-61f1-4e08-b787-e2dc84bca58d,33,1,14.51725326017885,0.9591127026688496
76fc2909-2a88-449e-9bdd-c6e8dbb4a687,2021,2021-02-28,79c95d32-81a3-4876-a67e-d05c472f970a,bb8be7f3-4f59-44e8-864e-119e0b8c18b6,-10,0,-9.97132779878474,0.1735904082652684
8b784897-182d-4940-aecd-bf431f17e8b7,2021,2021-02-28,cb43e269-2abd-4d96-9227-ea36fba50b7c,a70fcc7f-825b-4156-9649-d06b0ac24183,8,1,3.4471080497223383,0.7452634448162456
a3c41d2e-0b46-496b-9a56-891cdffbe9ef,2021,2021-02-28,6b306c8d-0a54-4bfd-a6b2-4e9dce397e36,65a307ba-6078-40b4-8bc1-1f5f541185cc,21,1,11.193746681274328,0.8882804318142333
ae6450b7-6044-40cb-ab11-c7e5cbbb9748,2021,2021-02-28,40b1411b-d25c-45c6-a6e9-b4636de2b348,8155a0ac-2183-484d-8689-b0855690cf48,-5,0,-7.589435741588374,0.2802874844077685
b5da17c3-7484-418b-806b-ccd12336b571,2021,2021-02-28,73155cd2-0289-4b6f-ba82-fbb80d02403e,e877ffc7-a7b4-403e-96d6-b914bffbd505,13,1,8.984903858873562,0.7594910775251345
10f332db-b899-43ba-b771-b1010e84574e,2021,2021-03-01,7497b121-940a-4021-ad6d-b2d8569a97db,910d5e81-1944-4780-9aeb-883182d61f8a,-3,0,10.804524951392548,0.8769371851462641
14c0719e-580b-49ee-b5e7-2a00ec87c437,2021,2021-03-01,89842734-b541-434c-9195-ca36a4f9ac31,a33a65ab-deec-4f5e-bf8d-b665170497f2,11,1,2.101210010116667,0.5875243751876427
16364ff9-4689-4953-b5f8-44b7e75bc673,2021,2021-03-01,f74ac72c-18ac-4485-96b9-da12f2d6d2a6,0ded5c5a-c875-4cab-b9eb-ba50f34b6f0e,13,1,2.5617402904114215,0.6421265341168088
3a1bc674-7575-425e-abcb-7589049dfece,2021,2021-03-01,a718200e-3c95-4e78-bc52-6d49f14c042f,ab809053-61f1-4e08-b787-e2dc84bca58d,12,1,14.786447388182275,0.944969531025012
3aa4548c-2aff-4fa2-a284-0a1d7afd43a7,2021,2021-03-01,9ded2a57-a14f-4961-ab3b-efca70d91b7e,a0942322-0725-4156-a535-e621d291382c,16,1,3.9332112413465663,0.6665774763888315
5cd09245-e1a1-46d3-9602-5579a4867ae9,2021,2021-03-01,ad1c4459-ab7e-4b35-aa93-85c1630c6cfb,b4d453f5-49b1-4a4f-8d76-30ed0f77fab4,30,1,15.715807262440402,0.953392936946213
6dfe9a4d-7005-409f-84df-8633b39dbe77,2021,2021-03-01,c00c03b9-1bdc-4cb6-9896-c210e9ebf208,b027da3b-02b3-4b06-8d11-4355379c190b,21,1,-3.475421451199103,0.36088508196516245
88efb22d-6706-471c-a3fb-d893277e9842,2021,2021-03-01,93706eaa-57eb-4415-be8d-eab0042ce36f,d2735ccc-baf8-4ea0-910b-fe1214c0e75f,4,1,-11.179565144757541,0.09918318536066778
8eefdb35-eb66-468a-a723-b0afe1498c74,2021,2021-03-01,82ef743e-9bd4-4c80-a4ab-5e3ba42e84df,9a4cc655-94cb-423f-8249-a9cc2637eb22,4,1,2.213263734216408,0.6046675911840215
9324c45e-c56a-4a6c-91a5-1617d87e0f0b,2021,2021-03-01,c093ef64-b2b0-4d6d-b73f-704e93170ae3,f76767a6-8e9e-44e5-8211-21524f364137,19,1,8.514291156915021,0.8192252110427323
a80ff76f-9dbf-47cd-b1a9-ed53825e67c0,2021,2021-03-01,20c48cdd-dd4d-414e-bc3d-7ee42d9f47f0,e7739ef6-94c9-4206-be27-00d9c5e52ed3,-16,0,-4.460529495951834,0.3321439218077666
cb9b667c-1e2a-4d26-984c-af4b65ebbde8,2021,2021-03-01,1dcc19aa-e509-4cc5-93e1-29c1a093fcd9,7fd23de2-bd4b-4f67-a1b5-a7b146c2b64d,2,1,2.773855314311026,0.6296082460198437
f6ddd7bd-7b91-4df2-b0ea-c0ef92cab8ad,2021,2021-03-01,ff21b338-6ab1-488f-9763-c7b74e4c4a66,40dca164-63a2-4620-aaff-78a2c75fe5f0,6,1,10.674008529086052,0.8878459552298426
2405e931-909e-4a5d-9458-741b0f5e7e35,2021,2021-03-02,3f7f94a0-e27a-4e82-b5d0-9098123024ec,d6262d9b-c701-4974-afbd-ef478e74fe8b,6,1,-4.342396357150886,0.3522728324079846
35532f42-72b3-4244-8a05-9dd0c1ad58dc,2021,2021-03-02,9d171f52-bd82-40e9-a2e6-5c7b74a43355,f8baf0de-c953-49cc-9127-a520fdc65e97,-10,0,4.412802111415805,0.6281998911438671
38c21c67-9178-420d-8451-418ff64d9865,2021,2021-03-02,589de096-2a48-481c-9213-1de1cde104de,b9a980be-8e9f-43c2-8ebb-aff1b8f682df,-23,0,3.6383929499548664,0.6570259123983286
547df82c-4aea-48d1-a9b0-f7a6f1130d08,2021,2021-03-02,59282bec-e8d6-40c6-973a-83051100421d,814dffa5-6fe5-4aca-ae7d-b099be2111aa,7,1,11.69119670679092,0.8733773960998685
6a1c91fb-b4ae-444f-bf94-a7e13fe2dea2,2021,2021-03-02,2fde548d-ea76-407d-beac-ce9db544e620,59ea3221-efd1-4aaa-8064-acad132dd459,18,1,11.950118495676367,0.8882953192460451
743920af-c572-4075-b078-4d6440b9e662,2021,2021-03-02,e9ab90ad-d1d0-4bcd-b2c3-90ed7076450c,ab413d6b-1afb-44fa-9134-499b5b046de1,4,1,0.472224416413465,0.5186385839500826
76c73d0b-fcc9-40d9-8ed0-a6cc8e08da37,2021,2021-03-02,87c9d84a-7778-47cb-9a33-085caf9ea361,88b507e4-37af-4b0c-b7de-e68864346922,4,1,5.633357622055239,0.7056550870725196
77d51f2e-36a2-42cb-aa68-10f3916f7dd3,2021,2021-03-02,e4a5755b-3279-4861-b19a-6a7d500c6637,7bc520ba-ad37-481d-bf32-21fd30db278d,35,1,13.727701905253033,0.8891631573864084
7a1cad33-49c8-4f03-93f1-ecfcb5f9b385,2021,2021-03-02,8b67941e-9cd8-42e9-94ec-60a1d10cbc84,18cfad04-c27c-45fb-ac76-6a19e57ea922,-28,0,-9.388083149071731,0.14295140872234133
917e97b5-84d4-42bf-80ce-a7d1aacdedb4,2021,2021-03-02,d060a457-6325-4436-8b0c-e45c7cea013e,b7f1c2f4-6663-4bc1-b876-e5f847662b75,-5,0,-6.074947016003144,0.26288623890056334
91d79816-4392-42a0-9572-a10b4ff6bfd8,2021,2021-03-02,22cc3729-2c6a-46eb-a661-6aa2e4d614a3,79e17be8-1403-48c8-b264-4748e43d8e8f,12,1,6.584018944608411,0.7600819112274196
98a20ba1-ba35-4b3f-be15-ed098117a16d,2021,2021-03-02,655e3157-6c29-45bb-9810-eefc2a0d509b,a4527c7b-f261-4b8d-91ed-120ffb1cbba9,-5,0,2.2668976088314063,0.6257539410496303
9b3ca510-ad31-4218-8a2d-2460ff38bb29,2021,2021-03-02,763f60a9-832f-4cde-b69f-33db7addad25,c9a13806-ceac-4436-87fa-6d19c5d3b834,15,1,15.097471250082389,0.958268647037531
9e59dcb3-8251-44a7-969a-6a70eafc4e78,2021,2021-03-02,6d2ae003-7cee-4a99-b121-1c27fe92e96a,3ec8f5d8-3b24-42f3-af4c-a96a1f5f3a4a,6,1,4.308575069298566,0.7066456533134403
9f42c7cf-27f0-47fa-9289-826c219331b0,2021,2021-03-02,1b0747e9-4222-406e-b8c0-c34ca2f87eaa,db815d0b-90db-442a-bd3c-358f64389ce0,8,1,3.1462041942051786,0.6042844975527393
a5dd2246-8d24-4247-a021-51b29fe88599,2021,2021-03-02,a77eeeed-4789-4b3d-9a4a-9e5ace1b0a0c,ce493494-f12c-43fb-87e4-cdd4763ea2c0,4,1,4.943995001766014,0.7575473379183253
a6bac85d-bf4c-4c48-8e32-15f0e5075725,2021,2021-03-02,01bd3978-4bb2-4761-8b57-3b19be7a2d53,add66488-b462-4823-beba-4981e3cfc5a6,13,1,6.5314852808819275,0.7970764742687684
b1b99746-96f2-4ac2-a07e-302eef7017f4,2021,2021-03-02,6b800506-0715-4d71-93e9-8887bd0ead96,0a90783a-38de-46db-ac4e-70329fd95b95,-3,0,11.190931827709726,0.8999684876783147
c23082e6-67ed-448d-931b-ab6445ff6e26,2021,2021-03-02,4fe53bf9-1004-4171-b2e1-81188834c232,778dcf04-00e0-4120-b1d6-36d83e57ad32,-6,0,-6.6565419149309095,0.29682138614967274
cd55074a-18c2-4a57-987e-3cc7d87d1f9d,2021,2021-03-02,2f742ceb-17ab-4e32-864c-437353b864ac,840b9de7-98d4-40aa-a950-8449a61d7408,20,1,17.92671499760595,0.9816688497525821
d3f7e52c-98be-41d1-9d7d-b5d50b5bf5ab,2021,2021-03-02,c495ddbc-3e45-4407-b7fc-b5a98991f77b,efbf7b44-08c9-42ef-949f-9b2ec88fe96f,2,1,7.7572949786117285,0.7912990169292143
df0a05a9-f235-485c-adca-3b389b4cc13e,2021,2021-03-02,8ceea299-77dd-44da-9ea2-e67e2b224bfe,56a79fee-eea6-42d7-b3b5-aa619168e7f2,2,1,-14.495158857734058,0.05240443523713689
ec2c4848-1f13-45de-8ac4-70e73ef267df,2021,2021-03-02,c6b5e189-79b5-4b48-9cb2-4f886c6004b8,bb1da9fa-7bba-489b-8fe0-96fa412241b5,-14,0,-13.512158960135215,0.10494373685490241
08499d67-6e20-4f78-8126-c4a999256240,2021,2021-03-03,02d4cbfd-8634-43dc-999a-f4d32f7f47c2,910d5e81-1944-4780-9aeb-883182d61f8a,-6,0,-2.4184853596787743,0.4315586908235313
0b31b848-6013-4ab2-9de6-6f015c0be33b,2021,2021-03-03,59282bec-e8d6-40c6-973a-83051100421d,814dffa5-6fe5-4aca-ae7d-b099be2111aa,5,1,10.27044144757948,0.8652894487606421
0c234614-311e-4954-a134-a7a0786daf19,2021,2021-03-03,89842734-b541-434c-9195-ca36a4f9ac31,153596ed-3c7a-404c-b510-15a532386899,8,1,0.5766839607994078,0.5788139997210877
1c3be14b-1981-4912-9df9-0179a62c3b35,2021,2021-03-03,1dcc19aa-e509-4cc5-93e1-29c1a093fcd9,e514e7f6-9987-4fc1-a0a9-152b9c628601,10,1,5.764796149690513,0.6712396927399654
2405d816-c1c6-40f9-8d2e-17321a58862c,2021,2021-03-03,69adf56f-3e48-489b-9508-454a85767e9e,d7ae1172-7174-4b23-864e-b95c3dac4ee4,-11,0,0.8923940970545814,0.42297278555399964
24655fc8-b838-41a3-8904-1a0274aac921,2021,2021-03-03,ad1c4459-ab7e-4b35-aa93-85c1630c6cfb,f5575a20-19d0-45ee-b978-be17d4021703,14,1,19.480681456810768,0.9813829586834328
3039e37a-5083-4985-8736-1c4b87ae1937,2021,2021-03-03,85d6772f-58a9-4977-a921-8f928b661b1c,8155a0ac-2183-484d-8689-b0855690cf48,-7,0,-2.9598016146323536,0.3591815318968974
3c8c5e58-6f34-447d-87a6-f7f41907ffe1,2021,2021-03-03,a542240d-13f0-4c97-8c81-319e88fd0a4b,d9ee64a0-7aab-47e1-b2ab-9018c4bfeda5,37,1,19.299592486072385,0.9605235992809233
4cf803a4-9195-4001-867c-72e33a53ed0e,2021,2021-03-03,c76af57c-a3dd-470a-8f02-e61a707c7f55,c17206f6-29e6-4785-8241-eb88a39a59c2,-2,0,5.266811055307748,0.7219560995251131
556eaa79-ea7d-4a28-b95d-ce8bf1f7e1d7,2021,2021-03-03,cb06302f-f822-405d-b3b6-f60e377cb18d,28e6307f-2240-4931-9ba2-9e19e9e41214,-5,0,13.914982777016453,0.9351052456940593
641723e0-a2dd-4fa9-9ed6-61a4dfb7f044,2021,2021-03-03,c86929e8-d014-4027-814e-17e5b57f90b6,7641ced1-436d-4cca-aef6-214829898d2e,19,1,5.017026500807879,0.6821644735286209
69ad2e8c-cb31-4153-ab88-c6869c635c54,2021,2021-03-03,68a49c87-4220-43d5-856d-ffc0507814a1,be962bf1-1af8-4d6e-b983-d820cbae2dba,5,1,-3.142804054737255,0.3796814985504246
6acbae49-1793-4c31-8d89-830dd9c30d5a,2021,2021-03-03,c54c27f4-6038-479f-81a5-076e8cb3facf,c74d9ff8-2f1d-46cc-84b3-d54659a3d1f2,11,1,8.98932118411716,0.848666338261251
764c4cfe-bccd-44dd-a936-5a6f5d69379c,2021,2021-03-03,f445b0db-d21a-4072-a2b8-e50c33f349fd,4a06993f-d792-4e09-941b-89a318b29c41,-6,0,0.36304972772670846,0.5795855003264021
773e83f7-20e8-40ab-bea9-aa9010eb4474,2021,2021-03-03,fc86f8b9-5e54-4f2a-af3d-e48ecf83543e,f76767a6-8e9e-44e5-8211-21524f364137,23,1,14.332479495066229,0.9217056061516455
7da6bb3e-4019-48a4-b33b-55df7f45d10d,2021,2021-03-03,5674afbc-6b30-4a05-927a-54e7f8738250,9a4cb8a6-1c95-4ac2-8acf-2d47cead4af7,17,1,5.099683985577495,0.685475136809358
83f050d2-2fc3-4f28-9451-e4c881a769c7,2021,2021-03-03,7ea7c61f-1804-4780-a693-f73ac177f85a,cc6f95f5-bb00-4211-89af-a4d26b18dc0b,29,1,19.176093487110986,0.9714576665311815
909a39f8-539b-4802-b476-b89c919eec17,2021,2021-03-03,539b6837-bb92-4554-91a0-8f0d949d8b0f,6dd43d39-7fc6-4bb1-8e18-9f7214921d79,-9,0,-12.266967562677848,0.10713925868504755
b2793d56-da4c-41be-9ea6-2b22b5403751,2021,2021-03-03,28535578-a0da-4a5f-8dbf-c99868d82178,2c3cfe98-5d8e-4156-8f96-72afb8b46504,-2,0,1.3330993693165816,0.5245194139817257
bb05ace8-ca43-4108-a7e8-bf58005dc837,2021,2021-03-03,71111d59-04ba-43c8-8c36-6303a4242bc9,27945734-1ebb-4e9f-957f-162878724b27,17,1,18.44120501077152,0.9703995653044916
c6c6a29b-ca1a-4c73-84eb-3bf1f1efc549,2021,2021-03-03,f3e1a0c8-4c68-4907-93d0-69899161295f,136c7ecc-ca9e-456b-acfa-e4b5947012f2,7,1,9.775899671085394,0.8601988618974364
cf0c9f5f-bfd0-4b7c-854d-be9637cae515,2021,2021-03-03,e7739ef6-94c9-4206-be27-00d9c5e52ed3,a0942322-0725-4156-a535-e621d291382c,9,1,0.4659965553654262,0.4819342070154599
d48892c0-85ee-48b4-8725-1b0999bc486c,2021,2021-03-03,407824c5-1c41-4866-976d-ae32fddf4868,bdd65ba1-f3b4-4da3-863e-1ab301468e5a,-8,0,-6.901670133282629,0.26160249744480796
ea663b4d-f842-43dc-8a50-6d3f0230f94e,2021,2021-03-03,5fc77d2f-aff7-4bba-bc4b-08cbef83f991,d075203a-3279-49c9-b79e-ddf5a673fdfa,14,1,1.5823051900801985,0.6090345260653707
f0649aa1-0a36-4e54-9220-ce588a037366,2021,2021-03-03,066a8484-fc6f-4b34-a34e-12b5a0ccad51,0833ed3f-41b2-45fd-90f1-ea76c6f32453,-5,0,3.138915703970119,0.6692879131284811
12975881-6b17-42a7-aa61-bd31f8b5e640,2021,2021-03-04,c0a097f6-0d58-47f8-aa7a-6eebdadedb22,bb66865f-a1de-4b72-ab9b-65e3f6bf5317,9,1,11.800183144267926,0.9361708431072315
16e75feb-70f0-4623-91fa-0a1ac266df24,2021,2021-03-04,9c98b7ee-2363-423e-a125-1783389ac0d7,a2efd3f2-660b-487e-b25d-31519e7b6064,-3,0,-0.7289802395075743,0.5229743817822363
1865e017-8f2e-4439-8b08-c76a6f8836e6,2021,2021-03-04,6b306c8d-0a54-4bfd-a6b2-4e9dce397e36,b88cbfee-e95b-4c99-bded-c0d5d62e9e27,13,1,13.621129679790624,0.9438267399887259
253edd8c-503a-4801-85da-4f696058ec8b,2021,2021-03-04,9c02ba5f-0fff-4649-aa68-3daaefc3de96,a32cf399-a569-42dd-b4e7-d8e7054234c7,7,1,9.090227067311975,0.8255927437959228
2d0cb776-c9a8-4a54-a4c0-88b72feb82a7,2021,2021-03-04,2fb35c54-8f82-4531-86da-4f01cc0f9cf3,88c28db5-60be-4385-8263-91e66e360407,3,1,3.8242737691912954,0.7033569860863038
33c35cf4-5270-4683-9053-2ddfde237141,2021,2021-03-04,2f742ceb-17ab-4e32-864c-437353b864ac,c6b5e189-79b5-4b48-9cb2-4f886c6004b8,27,1,20.753253422780595,0.9882236641771021
46ab2c82-2202-4417-919f-84a96484dae7,2021,2021-03-04,34f97458-65e8-4b8e-b37a-9ae6b43d1469,12ac488d-9e35-4904-a14b-14cadde1c391,7,1,9.60274792784044,0.8222599843898344
4d5945bd-4ad3-413e-898f-415ae343e96f,2021,2021-03-04,589de096-2a48-481c-9213-1de1cde104de,3f7f94a0-e27a-4e82-b5d0-9098123024ec,19,1,15.310570956220024,0.9290641728148573
506976e6-96f9-4641-b2c6-777f4258104e,2021,2021-03-04,18a7cc66-39df-49bf-b51c-0cbdd36426b2,a7f9d3fb-5741-4a3e-8505-026b862ce855,5,1,4.938361152284536,0.6899329700657767
516f3917-3148-4d69-a240-fdb30498e9cf,2021,2021-03-04,85d6772f-58a9-4977-a921-8f928b661b1c,8155a0ac-2183-484d-8689-b0855690cf48,3,1,-1.890845730877332,0.4029133369905299
544661ce-a210-41d0-9f18-2bc80154ae97,2021,2021-03-04,ff21b338-6ab1-488f-9763-c7b74e4c4a66,390fa614-2e77-4abf-b1ec-27e1a10ef40a,15,1,10.045672541300256,0.8348688332070345
56db9053-839d-4990-a707-3d0cc7a15ff3,2021,2021-03-04,864ea5b8-fceb-456e-9434-d7b7a0170357,9ded2a57-a14f-4961-ab3b-efca70d91b7e,-13,0,-9.439327343046726,0.1611016616886826
5fed590f-eb03-49e5-ad50-8c9c9c5dbd63,2021,2021-03-04,3e3fb5ce-40b0-4813-9880-afe0fd6fdce3,8b3aba69-54a9-4b40-9e60-b34816308953,16,1,12.373319603729914,0.9116923393972055
61fee07a-15e6-4466-add6-f76d753e788f,2021,2021-03-04,d2735ccc-baf8-4ea0-910b-fe1214c0e75f,108a5456-9d8f-4862-9227-c26693cf6180,23,1,10.091481869471904,0.8959905324026395
67e7e861-bbc1-443e-9cba-d0a2c9ab8993,2021,2021-03-04,b28067d7-0bb0-4502-a760-4aedcc95aab0,c9a13806-ceac-4436-87fa-6d19c5d3b834,-14,0,2.380364152415381,0.5704859482047452
72da799f-5a6c-46f8-b3f7-acd6259f7404,2021,2021-03-04,b7f1c2f4-6663-4bc1-b876-e5f847662b75,82ef743e-9bd4-4c80-a4ab-5e3ba42e84df,11,1,14.107775204212544,0.952864787802927
74e707dd-1e35-492f-a52d-d5256d3f0243,2021,2021-03-04,34447800-60a5-477a-9ea3-6157f0f7913f,fdd20a72-c679-47c5-b98d-7bbdc6be2ae8,1,1,9.71055461969744,0.8463551050761146
7f498848-0eb1-4982-a3eb-c5b47f3d8675,2021,2021-03-04,6f11a51a-1a8a-4212-9e1e-14660575c751,97b331d3-f682-405e-b55a-791cbae25dc0,10,1,6.303182556892338,0.7691393855602231
7f4b00be-936f-456c-850c-e08609382afc,2021,2021-03-04,5c08d048-2b8b-4f14-ba62-eb65192229fe,53bc6533-b761-4ad9-8807-3eed852c09cb,3,1,-2.8772237264976033,0.3711756389958763
9517ad9c-8427-4fa8-a80e-7ca5847df25b,2021,2021-03-04,fbaa3865-aab6-429f-8f27-779aa41e9ae6,06cde4eb-c418-4639-936e-3daf9cf03433,-8,0,-1.6922700814369391,0.38695130795442345
b9287186-fa76-4569-971b-dcfdb27b8fdc,2021,2021-03-04,37642fa1-3eb0-4eef-8973-ede3736321db,e8e53526-9614-4a00-9699-83239ddc2c7b,-10,0,4.047828022688849,0.5724689061455895
bd54db4a-c04b-41cb-b422-050923e0d19e,2021,2021-03-04,0e7751bd-fff8-4fa2-a4a4-d7dafd8f4929,6d66d3c2-401b-4192-9132-138219cae626,12,1,4.428694602426695,0.644380896788027
c41399cb-64cc-47fd-bdd0-5f6ac2d9ada9,2021,2021-03-04,48ca0d7e-2fa2-4fe1-9469-069d9fbef3a1,962b3e60-24df-4af4-82d2-3a9c8442765b,14,1,12.906625393910996,0.8924720230741848
ce4d9289-86d2-48c0-91ff-4dbbd6206a84,2021,2021-03-04,1f5cd38b-8ede-4730-82a5-cab59b37dc50,ec88e63f-bc10-42ce-85e4-e0c498a1d450,5,1,17.155621003362867,0.9372708851603425
d5401b6c-5f56-41bc-b94a-7afd325ca1d2,2021,2021-03-04,38c4b228-dd15-4b05-bf9a-6e01fad39132,4abfdf3a-98a8-404d-a53c-d4aed37d2942,2,1,10.821959489269357,0.837858036197181
dc9d7ec0-3f6f-454e-9d37-bf886fd769f1,2021,2021-03-04,7497b121-940a-4021-ad6d-b2d8569a97db,e3763c93-ae5c-4fd1-a27f-9d171958e4cf,-5,0,1.4071739543524933,0.5354605549739825
de624c52-56f5-4752-b143-886632e8ac19,2021,2021-03-04,b9939a4f-3583-4099-a977-cbe1cee7f252,c00c03b9-1bdc-4cb6-9896-c210e9ebf208,38,1,18.53847717969792,0.9715469087101548
e3f9bbb9-082f-4a0d-a5ed-89f9b931fb8d,2021,2021-03-04,4817cf1e-b367-4536-bf93-6181f7054683,a77eeeed-4789-4b3d-9a4a-9e5ace1b0a0c,-4,0,1.0281131608862975,0.5645743255710975
e4e80617-76e6-4234-ba9c-766e68c469c9,2021,2021-03-04,9a4cc655-94cb-423f-8249-a9cc2637eb22,bb1da9fa-7bba-489b-8fe0-96fa412241b5,-4,0,0.4790152454058634,0.4718975741122174
f8471fd9-94a4-4def-ba01-7ef5b5055384,2021,2021-03-04,0ded5c5a-c875-4cab-b9eb-ba50f34b6f0e,33c3ebe5-ba0a-4f61-a304-3552be342274,5,1,3.088854357638308,0.5998572166714339
fc35a56f-5966-4e14-832c-cb1f898f4a97,2021,2021-03-04,418b21e5-7710-4e33-8bba-6fba764d7962,6e833acc-a13a-4959-bac1-fbd2e6be20b1,10,1,17.47232368376583,0.9784711818636148
fcc30e13-0690-4b13-b496-67f6ba984143,2021,2021-03-04,d060a457-6325-4436-8b0c-e45c7cea013e,840b9de7-98d4-40aa-a950-8449a61d7408,9,1,19.70506008471292,0.9771314221060964
007c530e-d46e-4a08-8bd8-dd4edab53464,2021,2021-03-05,0bbcc1da-f270-44fa-bac0-cdc703144c9a,e3763c93-ae5c-4fd1-a27f-9d171958e4cf,16,1,6.997043011750005,0.7909386019536221
041629a8-5e31-4ae1-8a86-93baaeb6b9ec,2021,2021-03-05,d1f54cdd-6d42-4df8-ae4b-e74ee175e8ea,35ca9192-f3aa-4b7a-8f4f-b9ee34e646d8,10,1,7.795313655078548,0.7854903535849881
158f9f3d-f7fb-4d26-ac4b-055cd775307b,2021,2021-03-05,a4954c6c-2e69-4e49-b1be-c644601316d2,0ca618bb-3ba5-4356-8c01-9e5cfb52204c,7,1,3.143600716969492,0.6339483403039202
1e74056f-7ef7-4d68-bae8-ffd3e69f2893,2021,2021-03-05,65a307ba-6078-40b4-8bc1-1f5f541185cc,ad1c4459-ab7e-4b35-aa93-85c1630c6cfb,3,1,2.2953149218816318,0.6161249108688069
1f8809d0-7976-41d0-8e05-96d224ae5bf0,2021,2021-03-05,7ae4eaea-598c-4482-8e63-6e6d8c551817,a6d03753-cd42-45b7-bb87-6739693b2f19,4,1,-0.11747724872436696,0.5121290831132748
24039128-54cf-49d1-9388-7ca0fc2f929e,2021,2021-03-05,e184b43c-a563-4eb0-97d8-e6606c94edfe,b5902d34-0cec-4f71-abdd-8eef757b4f9d,32,1,4.312425906645737,0.6443038906415213
32b3fb79-ebbb-4537-aea7-ca8d4b4f2281,2021,2021-03-05,6b8b49f4-4a9d-45d4-ab16-595b1b537d76,a40c4843-5038-4590-b917-003fb8a02a33,-5,0,2.433286284475345,0.5613692326562669
3de870fd-c328-434f-859a-2a5c176d8ef6,2021,2021-03-05,9c98b7ee-2363-423e-a125-1783389ac0d7,a2efd3f2-660b-487e-b25d-31519e7b6064,-3,0,-2.5755424390172275,0.40518230358468127
3e49a07c-97df-4730-abf0-97e60f79d238,2021,2021-03-05,31fed56a-3c76-439f-b5e1-27215eebf2d7,cc6f95f5-bb00-4211-89af-a4d26b18dc0b,4,1,8.270652552569038,0.7701956069101837
416a559b-65e0-408f-9c1f-5ab3cbb8c8cb,2021,2021-03-05,c32d1a7a-7843-46a2-aba9-7550d7ea2b38,c0a097f6-0d58-47f8-aa7a-6eebdadedb22,-5,0,4.843365767260014,0.7591238712305468
42314ecb-5eb9-4ca9-9a6d-721dc5f5e31c,2021,2021-03-05,aac9f779-7e88-494c-86d3-09b2e9b47e39,e8e53526-9614-4a00-9699-83239ddc2c7b,24,1,19.736004800207773,0.9781167839161587
473b38d8-cf18-4409-b8d4-1aa8924e97e3,2021,2021-03-05,c495ddbc-3e45-4407-b7fc-b5a98991f77b,a1ec634e-e3a6-4f65-8cb4-cd9bc53448a1,14,1,10.901307823174472,0.8739190256274023
4c01829e-0ae6-4dc5-9bb1-c63c154b842e,2021,2021-03-05,add66488-b462-4823-beba-4981e3cfc5a6,87c9d84a-7778-47cb-9a33-085caf9ea361,-12,0,-7.70148274833338,0.29669463935337653
550e61ad-3376-41f1-8e98-400270ec2a4f,2021,2021-03-05,bbc12a02-7b1f-44b9-9292-8035f6f2bb36,b2fbe1bc-ec5e-498c-a480-7297ce829e25,-3,0,-10.115627179464557,0.1814096676836299
5fc1a345-c288-4090-8db9-65961061e5c4,2021,2021-03-05,6f11a51a-1a8a-4212-9e1e-14660575c751,97b331d3-f682-405e-b55a-791cbae25dc0,-18,0,5.653032549782555,0.7309499891808483
5ff3980c-285e-403e-8c87-4adf24ef1975,2021,2021-03-05,e963123a-d677-4acf-ac24-9e0bbf199293,b474ccdd-467a-4295-86a9-293837900322,14,1,0.35395705529704163,0.47664106541298973
63a07dc2-dc28-4966-8947-7554f8549d97,2021,2021-03-05,96801e81-41ab-42eb-9726-5f240cb81f31,af32a09c-4079-4e21-9725-ed8b07ee5546,-1,0,-0.4608119533492022,0.4888072615503751
65fcb4b8-c6e0-4a30-82f8-5e97bfd0a19f,2021,2021-03-05,a718200e-3c95-4e78-bc52-6d49f14c042f,eda520a3-8273-4cf5-ad9b-3c26d698686d,-2,0,7.269468497329679,0.768435032954603
66f8740d-e8f8-4ecb-9da7-d793da371300,2021,2021-03-05,34f97458-65e8-4b8e-b37a-9ae6b43d1469,12ac488d-9e35-4904-a14b-14cadde1c391,-1,0,9.252759889162782,0.8236279208776995
7e8c783a-d665-43e5-9303-c04f5e00e88a,2021,2021-03-05,8ceea299-77dd-44da-9ea2-e67e2b224bfe,9d171f52-bd82-40e9-a2e6-5c7b74a43355,-5,0,-2.9594375252297054,0.4493574742246911
8399c5b0-2ac5-4917-a498-df1f64643c71,2021,2021-03-05,eae08de3-3875-42d9-8dca-09e8016dea2c,b0218bc9-d3fc-4819-9114-7868e6286a35,28,1,11.259861669917862,0.9171340789275643
88341913-943b-49c4-ad00-9804e3388900,2021,2021-03-05,28164465-b0c4-4d92-b609-51debab55256,3e3fb5ce-40b0-4813-9880-afe0fd6fdce3,4,1,-1.405941322359974,0.46826656673263295
9075f2fb-5ad2-4dc2-b010-fae8dacd2daf,2021,2021-03-05,bb8be7f3-4f59-44e8-864e-119e0b8c18b6,21fbc5a1-d38b-48de-a0fa-3aeb653d8091,2,1,5.9979464771310145,0.7093573275818972
a2f47169-cdc4-4c70-b142-a466b511a693,2021,2021-03-05,f3e1a0c8-4c68-4907-93d0-69899161295f,2fb35c54-8f82-4531-86da-4f01cc0f9cf3,3,1,3.6171999934215013,0.6650997926425107
ab0ce18f-46cf-46af-9cfb-ac76e2d0063c,2021,2021-03-05,71111d59-04ba-43c8-8c36-6303a4242bc9,5c08d048-2b8b-4f14-ba62-eb65192229fe,3,1,9.294492666805347,0.8294015238359105
b5aa857a-d22a-44d1-8401-8ddc4f7068de,2021,2021-03-05,98f9a7be-62b0-4061-8581-26e893126aee,44353014-53ae-4005-89ae-a4f9fb38617b,-5,0,5.087772824266205,0.7345361044109002
b6b5f2b8-0e7d-497d-9668-daf4ca4b5fe1,2021,2021-03-05,418b21e5-7710-4e33-8bba-6fba764d7962,391a8f2e-7e33-41c3-b05a-8eaf0f2c0243,13,1,11.35919191709485,0.8928432490307059
c10b19ee-0a1c-43af-a881-cdbc9b61d6f5,2021,2021-03-05,7c838356-4125-427e-901a-a8b36e899403,f5596042-c045-40b8-ab41-32e53c8c5ca2,-14,0,2.9441234903720033,0.6746966746397425
c1227e7a-7df8-413d-bb68-88c72030cf73,2021,2021-03-05,56a79fee-eea6-42d7-b3b5-aa619168e7f2,e4a5755b-3279-4861-b19a-6a7d500c6637,19,1,10.063787396005482,0.8465683643754378
c9cddd8f-808f-4b59-9c6f-a6449ddfc7cd,2021,2021-03-05,06cde4eb-c418-4639-936e-3daf9cf03433,89ec300c-19c0-4347-84cf-163d9811eb3e,15,1,-3.16177773142365,0.3568861534590129
cc73ec7d-8cf5-4454-8250-cddf6af339c2,2021,2021-03-05,f8baf0de-c953-49cc-9127-a520fdc65e97,7bc520ba-ad37-481d-bf32-21fd30db278d,-1,0,-1.2435903128503794,0.4607475809807904
cfcec09a-d6ba-44cc-886c-7dc504af901e,2021,2021-03-05,a347102a-5bf0-43d6-9e6a-98e689acb371,bd6e89c5-780b-4f2d-ab4e-08806fef5cca,14,1,22.12107096130823,0.9880171103957694
d34f827d-9f52-4112-8819-81654c5cca96,2021,2021-03-05,93706eaa-57eb-4415-be8d-eab0042ce36f,40dca164-63a2-4620-aaff-78a2c75fe5f0,-23,0,-0.926733457938247,0.43931580349556876
dab613d0-eabc-4f4c-9ae5-975b3725eeb6,2021,2021-03-05,cb06302f-f822-405d-b3b6-f60e377cb18d,28e6307f-2240-4931-9ba2-9e19e9e41214,13,1,14.1163773197861,0.9491299402506926
e8353557-9473-4965-a9b1-b249b2d7625d,2021,2021-03-05,77cf4e5f-d8b0-4af2-bdbd-162e845fabcd,406e5c75-29d7-4b2a-a2ef-4cb52cf8d6fd,8,1,13.958208273161572,0.9239662822917695
e8d97a59-43ac-45c9-98ba-7d22d3de591b,2021,2021-03-05,3c0057db-cd3e-4c86-ac2d-2e6eef1a00c3,224b4a01-4769-41b1-9157-4806ac21b8e7,-4,0,-9.924668981657911,0.1240995331304118
f1bb03c5-c4b5-49a6-8e89-9882c52e98eb,2021,2021-03-05,0ded5c5a-c875-4cab-b9eb-ba50f34b6f0e,33c3ebe5-ba0a-4f61-a304-3552be342274,-2,0,-0.03564359214501477,0.4558905945212368
f6b735e1-a149-4e9d-925e-b1c87e25627e,2021,2021-03-05,ec1ed234-8d20-4e67-801f-337e542c0916,28fca8fc-b927-47d8-b900-d08b656fc31d,11,1,9.875931171060639,0.8817209539066532
f975ecaa-c10b-402d-811f-0da9d0a5ae04,2021,2021-03-05,39ca9310-2efd-46a8-95b3-c8d65343ffa2,3430a126-cdee-483f-87c6-4ffbe51d0170,8,1,-0.3715750453089546,0.4849768063147988
0d29d66e-9621-40a9-9589-bf402e17d9f0,2021,2021-03-06,afd0bd2f-740b-44d7-8be1-cb790093f9bd,e963123a-d677-4acf-ac24-9e0bbf199293,8,1,8.400992466046983,0.8007411950429555
1334d7f6-9f8d-4458-9d8e-88c369fe1f9d,2021,2021-03-06,1450fc17-28ed-4fe1-a784-71eaa519baa1,80a4de01-2d01-4f5f-a169-ef1375b3bb6f,-1,0,7.290938714544167,0.7958385269807342
1441a03d-6d22-492b-a040-2decbb738ade,2021,2021-03-06,fc86f8b9-5e54-4f2a-af3d-e48ecf83543e,28535578-a0da-4a5f-8dbf-c99868d82178,-5,0,-3.4959595334834743,0.3550751813200613
21ddbfa2-7957-4915-bf67-48206f1230c9,2021,2021-03-06,312a2f51-9f81-43c4-8a40-680e9596a196,22cc3729-2c6a-46eb-a661-6aa2e4d614a3,-10,0,-4.567669374234923,0.33652402371741574
24224c6b-7c7e-4170-9959-4f4905ded10b,2021,2021-03-06,03b9b8ef-ee62-41e5-8ba6-9845ca44dc4a,6d2ae003-7cee-4a99-b121-1c27fe92e96a,16,1,10.349882327365664,0.781893083711198
2d01e836-deb4-49a2-aacf-ebb9c184d5d7,2021,2021-03-06,5ef3daf9-ea79-4c33-82af-051ce15768a4,c03bf34d-cf8b-43da-883c-63212ac85d42,17,1,2.852448377163642,0.7278168077615617
2e1711e8-6270-41f0-a88a-a8207041cfd5,2021,2021-03-06,e9ab90ad-d1d0-4bcd-b2c3-90ed7076450c,d6262d9b-c701-4974-afbd-ef478e74fe8b,9,1,-0.030633508837038845,0.5843652031982927
3f7bb8ab-efaa-4b1b-80bb-dee0cd7950f6,2021,2021-03-06,a3b8173d-a2ea-4988-90d5-e3b32953c6c7,c0a097f6-0d58-47f8-aa7a-6eebdadedb22,8,1,4.546244477629114,0.651920871905605
4b2f3d5a-d769-49e1-b3f1-bb84faeced60,2021,2021-03-06,3c0057db-cd3e-4c86-ac2d-2e6eef1a00c3,224b4a01-4769-41b1-9157-4806ac21b8e7,-1,0,-9.306085845439272,0.11679684747285846
4f3a9249-29f4-4e8c-afbf-3aa6e1761816,2021,2021-03-06,e7739ef6-94c9-4206-be27-00d9c5e52ed3,9a4cb8a6-1c95-4ac2-8acf-2d47cead4af7,5,1,6.1124737499427235,0.805329053437144
51a78327-7c18-44d7-a091-4380ea365b4c,2021,2021-03-06,bbc12a02-7b1f-44b9-9292-8035f6f2bb36,b2fbe1bc-ec5e-498c-a480-7297ce829e25,-15,0,-9.798194741287993,0.1737587420607703
54aadbd6-5c5f-4a34-97c6-8aef48db0c98,2021,2021-03-06,d060a457-6325-4436-8b0c-e45c7cea013e,82ef743e-9bd4-4c80-a4ab-5e3ba42e84df,-5,0,8.308318164518852,0.7794179243222372
54fb33b2-ae4f-44e5-a780-600cc060aca6,2021,2021-03-06,9e4719ed-a84f-4572-a1b8-d13c0997f3a1,9938a7ec-1bf0-4e63-9399-d9b959a6fa7d,21,1,7.388751372364473,0.8009177206488607
5c49211e-c70e-48f1-8b43-7f36ab9f2669,2021,2021-03-06,d386331b-232f-4ecf-a546-1b84ed9526d9,2fb5419d-1828-4c58-92b0-39fc3073197b,-10,0,-5.388690542901418,0.3105000861409128
5f684d60-f6cf-494f-a7df-e8c8467ed4f8,2021,2021-03-06,a0942322-0725-4156-a535-e621d291382c,5674afbc-6b30-4a05-927a-54e7f8738250,9,1,10.157799686640882,0.8412825632074562
60d693f5-9f72-4523-b66e-940ba6cdcb74,2021,2021-03-06,71111d59-04ba-43c8-8c36-6303a4242bc9,f3e1a0c8-4c68-4907-93d0-69899161295f,-15,0,6.171332185108368,0.7950283213440588
65c215b6-f28e-422a-978b-7f998a715bbf,2021,2021-03-06,066a8484-fc6f-4b34-a34e-12b5a0ccad51,962b3e60-24df-4af4-82d2-3a9c8442765b,39,1,8.063962297379865,0.7641016620503162
66ba5437-854c-4575-97bf-bcbec7a00eda,2021,2021-03-06,79e17be8-1403-48c8-b264-4748e43d8e8f,4a06993f-d792-4e09-941b-89a318b29c41,7,1,3.119761025647182,0.640261869052121
704941d0-e404-4cc8-843c-4aeb9fca239e,2021,2021-03-06,3d1c995e-040f-4e4f-84ff-f68fdad5ae74,d67d284d-01be-4022-bef1-4dc3a3219c5d,13,1,12.584038258372598,0.876311846153518
745a2249-9f91-4068-bd9b-d02c3ece6317,2021,2021-03-06,c8552860-c6f5-4179-b43e-c55775da1d48,39ca9310-2efd-46a8-95b3-c8d65343ffa2,11,1,4.674006585279293,0.6719860053621961
837121cd-6687-4e10-838f-a6e2a83ab893,2021,2021-03-06,bb8be7f3-4f59-44e8-864e-119e0b8c18b6,21fbc5a1-d38b-48de-a0fa-3aeb653d8091,-1,0,7.388785720920839,0.7772891356793951
88315809-fd9d-4b96-93bf-4df5c75d5f69,2021,2021-03-06,b88cbfee-e95b-4c99-bded-c0d5d62e9e27,539b6837-bb92-4554-91a0-8f0d949d8b0f,11,1,4.273534534785523,0.6825010686274292
8887ab70-3b26-4018-9dd1-5bbdcf29f054,2021,2021-03-06,7c838356-4125-427e-901a-a8b36e899403,f5596042-c045-40b8-ab41-32e53c8c5ca2,-4,0,3.394427675975109,0.6795435619105291
90129387-2735-40da-a178-e868c0f46099,2021,2021-03-06,28f58893-fbf6-40df-8b08-24c4b0ab191d,ec1ed234-8d20-4e67-801f-337e542c0916,2,1,2.4356729416088756,0.6058649810239427
913b1239-090c-4c60-9c77-8963407deded,2021,2021-03-06,69adf56f-3e48-489b-9508-454a85767e9e,7ea7c61f-1804-4780-a693-f73ac177f85a,10,1,-6.393351357477453,0.2343056857937046
92caa34d-7ce7-405d-a10d-6ee2b0944b48,2021,2021-03-06,d4e88ce6-548b-4552-a74a-bc1ea7481431,f1d509bb-1611-40e4-9fde-815980bd35d2,13,1,-2.468219954122145,0.3826167944016044
933b0df3-23d4-49f4-baff-02a770503594,2021,2021-03-06,6b8b49f4-4a9d-45d4-ab16-595b1b537d76,a40c4843-5038-4590-b917-003fb8a02a33,8,1,3.365630141275078,0.6235731502625669
9f6a2c35-c41a-462c-8c9d-fd1df14bfc49,2021,2021-03-06,7641ced1-436d-4cca-aef6-214829898d2e,b027da3b-02b3-4b06-8d11-4355379c190b,-7,0,-0.29914504869026237,0.5173075099301016
a21859d7-55dd-4ae6-9d21-5339ea4c7df2,2021,2021-03-06,8870b73d-31e2-48d2-99b8-bf750c8cb9e1,75be9823-4151-4c62-999b-0d1bd885e92b,-10,0,-3.3147287168554387,0.4176897188713537
ae2a0d2f-68a0-454d-bbdd-6d633ec6f803,2021,2021-03-06,a718200e-3c95-4e78-bc52-6d49f14c042f,eda520a3-8273-4cf5-ad9b-3c26d698686d,3,1,6.774968396806607,0.7513658006916062
aede68c9-5951-4570-9e64-60427f2c70dd,2021,2021-03-06,a347102a-5bf0-43d6-9e6a-98e689acb371,bd6e89c5-780b-4f2d-ab4e-08806fef5cca,16,1,22.864431627951998,0.989348548798872
b73b5cd7-bc3b-4942-b252-c9fc96bb6603,2021,2021-03-06,aac9f779-7e88-494c-86d3-09b2e9b47e39,d1f54cdd-6d42-4df8-ae4b-e74ee175e8ea,16,1,13.875499660483756,0.9352915911056039
b7ac3851-830c-462c-8891-eb753059cea5,2021,2021-03-06,e514e7f6-9987-4fc1-a0a9-152b9c628601,01bd3978-4bb2-4761-8b57-3b19be7a2d53,15,1,8.025860240558341,0.7680550273451556
be3a431c-4cce-4bbe-acb6-3a2aff35645f,2021,2021-03-06,153596ed-3c7a-404c-b510-15a532386899,a542240d-13f0-4c97-8c81-319e88fd0a4b,-1,0,-0.7885198846642473,0.5513874113593177
c30ec473-00fc-4335-98e9-84d990423e05,2021,2021-03-06,1b0747e9-4222-406e-b8c0-c34ca2f87eaa,c9a13806-ceac-4436-87fa-6d19c5d3b834,10,1,11.441517416341016,0.8748800927723945
c426bacb-61dd-43c4-878e-110d97818386,2021,2021-03-06,2c3cfe98-5d8e-4156-8f96-72afb8b46504,20c48cdd-dd4d-414e-bc3d-7ee42d9f47f0,25,1,23.67593330375778,0.9741145615506742
c626cc2f-1f8d-456b-a60c-5ce25741fa51,2021,2021-03-06,778dcf04-00e0-4120-b1d6-36d83e57ad32,3ec8f5d8-3b24-42f3-af4c-a96a1f5f3a4a,7,1,1.9503272380514656,0.6165141762321188
ca67db10-8054-47f2-a2c9-bd2a86039ded,2021,2021-03-06,7ba7ec2a-91c9-4856-bc4a-1b75f450061b,eae08de3-3875-42d9-8dca-09e8016dea2c,-1,0,-1.0427059083196195,0.43039750844484925
cbcf3764-7eba-4f23-a9b4-d11a75ea17db,2021,2021-03-06,0a90783a-38de-46db-ac4e-70329fd95b95,6b306c8d-0a54-4bfd-a6b2-4e9dce397e36,-6,0,-11.06556130816106,0.10522724710827948
d03ed974-51fa-462a-b809-935b3fe86570,2021,2021-03-06,393424f4-5631-41bb-9925-f6ff431cfa34,28164465-b0c4-4d92-b609-51debab55256,5,1,3.2244424512444962,0.5768260738537994
d673fbf1-98a0-487f-bc37-6460ee04c378,2021,2021-03-06,864ea5b8-fceb-456e-9434-d7b7a0170357,c093ef64-b2b0-4d6d-b73f-704e93170ae3,-9,0,-2.8970943334228294,0.4863391267308476
e0b378c4-7e60-4177-8539-6221fbf82d73,2021,2021-03-06,4ea3ab1d-d0d5-4c9c-9a61-71a678342af9,c6b5e189-79b5-4b48-9cb2-4f886c6004b8,5,1,6.351816323982877,0.7274141042314555
e2f08493-9c8c-46d3-a591-59d677b61ff3,2021,2021-03-06,02fc8dc6-94db-4b04-819d-f15245246d48,7ae4eaea-598c-4482-8e63-6e6d8c551817,3,1,5.363505608010084,0.7858179240880614
e971e93e-1f48-43a1-b4b1-898c7659da19,2021,2021-03-06,77cf4e5f-d8b0-4af2-bdbd-162e845fabcd,406e5c75-29d7-4b2a-a2ef-4cb52cf8d6fd,9,1,11.748326736538985,0.9175044909718554
fa1157bd-af71-4e8e-97c6-1f139934a47e,2021,2021-03-06,d82db419-c4a4-4310-8c3a-84bc0542041a,44353014-53ae-4005-89ae-a4f9fb38617b,18,1,10.821089944749733,0.865052421753433
ff2cee8d-8137-4d1b-8101-0d44b42fbfde,2021,2021-03-06,d075203a-3279-49c9-b79e-ddf5a673fdfa,9e43c63a-9088-4564-9aa3-bdb745d9c108,2,1,-4.6123524692389,0.3550771865682148
0ea4e9f0-b222-469b-bf1a-e2f2a978a5d1,2021,2021-03-07,02fc8dc6-94db-4b04-819d-f15245246d48,c8552860-c6f5-4179-b43e-c55775da1d48,11,1,1.7808640669070859,0.5999479957240885
1acaf348-4a24-46e8-82ab-7e3e3f73fe59,2021,2021-03-07,418b21e5-7710-4e33-8bba-6fba764d7962,06cde4eb-c418-4639-936e-3daf9cf03433,4,1,16.92090098112005,0.9458548626679643
1e40d27b-6250-4e2f-bd1b-8e7b90ecf970,2021,2021-03-07,0f5a1494-b3ca-4532-8777-55217ec53868,81e7c995-a578-4623-93a0-bce731349a82,11,1,11.902825599213307,0.8868396143680393
2a506a77-5604-4562-9e7c-822c8851a426,2021,2021-03-07,4817cf1e-b367-4536-bf93-6181f7054683,b28067d7-0bb0-4502-a760-4aedcc95aab0,-13,0,-2.5969536968617493,0.3642625248593295
2ec9ef63-2ea1-4081-ae09-cd1a5ce61883,2021,2021-03-07,90c24aef-e6b2-4203-8a3e-243ff680b3c3,778d14a6-8a28-49c3-ace7-8f277bc67e86,8,1,1.288287330525404,0.6499987946719259
42bbc632-a6cb-4f60-b10e-868e27b38a10,2021,2021-03-07,15ea3800-14b2-4e3e-8a6d-e9a6490fc965,a50a0a91-c116-4f66-aac7-a7d111bc002b,3,1,11.03137150769248,0.8922296167175268
4eeff8d7-7374-4d40-9439-9f6b35f80dfb,2021,2021-03-07,091152bb-d0ed-4dd5-8b1a-201f53945a40,d4e88ce6-548b-4552-a74a-bc1ea7481431,16,1,9.497170342593312,0.8158206325628387
691b61f0-ae71-43c9-8fb1-3d110a1b08a3,2021,2021-03-07,b9939a4f-3583-4099-a977-cbe1cee7f252,ab413d6b-1afb-44fa-9134-499b5b046de1,4,1,5.440648594710947,0.7082230570587181
6c9979d2-63e4-4fbc-9779-23fef4844fdb,2021,2021-03-07,b7f1c2f4-6663-4bc1-b876-e5f847662b75,2f742ceb-17ab-4e32-864c-437353b864ac,15,1,11.055135578235385,0.8840349361693821
94e2bd91-6c66-4793-90f6-62b6cfad5ddd,2021,2021-03-07,6ef12ef2-4196-48f1-9341-3d9e2a4bc359,29d731c5-9b13-44fc-a6f6-34f532cf02fa,-5,0,-6.435919473682834,0.27495853866633835
9526de80-2bcc-4701-8e80-cb9e06b1f626,2021,2021-03-07,3f7f94a0-e27a-4e82-b5d0-9098123024ec,589de096-2a48-481c-9213-1de1cde104de,6,1,-10.04959110311924,0.15265459711556675
a24dae42-e060-4c42-adc9-cdc4c947143c,2021,2021-03-07,5cf12fde-f3ee-42c2-be66-d7a7f79401e9,c76af57c-a3dd-470a-8f02-e61a707c7f55,11,1,6.7350409529115645,0.7507642044133791
a915e274-9b4c-432a-a2be-e41dd80b82ab,2021,2021-03-07,e6abc32a-c68e-4ea2-988d-1737d7ebfd4c,57b3f53c-c3e1-4345-acf1-d392e30fefb5,4,1,7.734316808817029,0.7219793184769301
aa001a1b-72c6-432a-b37a-c9bfb0719087,2021,2021-03-07,be962bf1-1af8-4d6e-b983-d820cbae2dba,c86929e8-d014-4027-814e-17e5b57f90b6,-5,0,5.892416788273877,0.7160959569595122
b72be9ab-c326-40ba-946c-9e263b78accf,2021,2021-03-07,80a4de01-2d01-4f5f-a169-ef1375b3bb6f,eae08de3-3875-42d9-8dca-09e8016dea2c,-14,0,-6.189328398243133,0.2748433280896778
bbd0bdc6-1789-4a67-9076-0365870ad386,2021,2021-03-07,d82db419-c4a4-4310-8c3a-84bc0542041a,a4954c6c-2e69-4e49-b1be-c644601316d2,-3,0,2.3476950514759727,0.5737788785862117
c9d146e1-ae1b-4758-8ad8-2eef514abed8,2021,2021-03-07,840b9de7-98d4-40aa-a950-8449a61d7408,bb1da9fa-7bba-489b-8fe0-96fa412241b5,-12,0,-11.0742834655743,0.13749013991362266
d06d472f-12c1-47c8-86bc-a27c6b5ff94d,2021,2021-03-07,aac9f779-7e88-494c-86d3-09b2e9b47e39,28f58893-fbf6-40df-8b08-24c4b0ab191d,10,1,10.918294658811996,0.8867238517308947
d6136589-4481-4eaf-8b47-07cad168f5a3,2021,2021-03-07,0833ed3f-41b2-45fd-90f1-ea76c6f32453,89842734-b541-434c-9195-ca36a4f9ac31,-13,0,1.1080476512735349,0.5728013780182761
dc359100-1796-4624-bf36-1dc8a12be155,2021,2021-03-07,68a49c87-4220-43d5-856d-ffc0507814a1,c00c03b9-1bdc-4cb6-9896-c210e9ebf208,1,1,3.595973371863061,0.6471726020536716
f0ab3361-e426-4771-892b-48dbae75870b,2021,2021-03-07,afd0bd2f-740b-44d7-8be1-cb790093f9bd,75be9823-4151-4c62-999b-0d1bd885e92b,12,1,0.9034536147749197,0.592325148475161
1dc6ffc5-708c-40ac-9ca4-692b7d7a60db,2021,2021-03-08,60572384-23ce-4f11-a5a4-237b9e9088cd,393424f4-5631-41bb-9925-f6ff431cfa34,23,1,20.798174680863717,0.9787229117737091
33d76ef1-3581-4cb7-9a08-954784bd01a2,2021,2021-03-08,091152bb-d0ed-4dd5-8b1a-201f53945a40,29d731c5-9b13-44fc-a6f6-34f532cf02fa,-7,0,-2.4829552386030067,0.3950931004111841
34adf490-bfb8-4088-a141-c054064b874b,2021,2021-03-08,02fc8dc6-94db-4b04-819d-f15245246d48,a4954c6c-2e69-4e49-b1be-c644601316d2,-7,0,-1.6594283779356356,0.5087999240405369
7a59fad8-047e-4293-b850-2facb2312921,2021,2021-03-08,606739b3-e8e7-44ed-9240-a2e69bae9106,a3b8173d-a2ea-4988-90d5-e3b32953c6c7,5,1,8.516368568351918,0.7990870204605139
8a37506a-a894-4ff7-8d37-8b63b612a50b,2021,2021-03-08,e9e62a4d-2506-411b-937f-e8afdde25d61,dc228f38-de10-460f-a1ce-1a5ae09472b1,6,1,3.129548261505937,0.5869535409061422
95497972-162c-4555-a0ad-878ca5db4f8f,2021,2021-03-08,afd0bd2f-740b-44d7-8be1-cb790093f9bd,eae08de3-3875-42d9-8dca-09e8016dea2c,8,1,-0.837578255870988,0.4758029280092602
9f981d57-1137-48c4-830f-d36c589271a2,2021,2021-03-08,12ac488d-9e35-4904-a14b-14cadde1c391,9c98b7ee-2363-423e-a125-1783389ac0d7,-2,0,6.455896579777006,0.7730543449293729
c242cc1b-4387-4740-b299-bd223372860d,2021,2021-03-08,3d1c995e-040f-4e4f-84ff-f68fdad5ae74,0f5a1494-b3ca-4532-8777-55217ec53868,-2,0,-1.6429462434787203,0.3631396350969367
cd21b771-bb7f-4698-a86f-7368363d4a02,2021,2021-03-08,90c24aef-e6b2-4203-8a3e-243ff680b3c3,9e4719ed-a84f-4572-a1b8-d13c0997f3a1,-18,0,1.6311027733584782,0.6013181198398991
e921a990-e676-4396-b39f-5e23a6d642b2,2021,2021-03-08,5ef3daf9-ea79-4c33-82af-051ce15768a4,e6abc32a-c68e-4ea2-988d-1737d7ebfd4c,-4,0,-3.0558052750093347,0.40222872570491747
fc6d3f14-c8e2-48e5-ad11-a5ef521ea25f,2021,2021-03-08,3ba902c7-2efa-4126-94ed-50c44b1d6904,0332dc1e-1ed0-4388-ac2d-a566c094f746,11,1,-4.702497898807959,0.40736984559970923
1d33ebcf-b807-4468-972e-43a4c0fd766b,2021,2021-03-09,97b331d3-f682-405e-b55a-791cbae25dc0,6f11a51a-1a8a-4212-9e1e-14660575c751,1,1,-2.836816350934551,0.38601123861333514
1d41eea8-5655-40da-9dcd-b4396d8149fd,2021,2021-03-09,e9e62a4d-2506-411b-937f-e8afdde25d61,3ba902c7-2efa-4126-94ed-50c44b1d6904,11,1,5.260926638642928,0.7333339385078868
6482ba34-369d-4fd0-9d9e-6a225aa1e97e,2021,2021-03-09,69adf56f-3e48-489b-9508-454a85767e9e,add66488-b462-4823-beba-4981e3cfc5a6,3,1,5.320955445717076,0.7426838803161669
65f60e76-934a-4c85-93f0-0f7edd2e7644,2021,2021-03-09,3c0057db-cd3e-4c86-ac2d-2e6eef1a00c3,bbc12a02-7b1f-44b9-9292-8035f6f2bb36,-22,0,-3.334360621678846,0.34980147477010975
69e85512-ecd5-47be-a694-a259f87aca3c,2021,2021-03-09,bc5931c7-39dc-48fd-a545-fa48a2d7e3b0,bd6e89c5-780b-4f2d-ab4e-08806fef5cca,-5,0,2.8463270231214652,0.6677549527221559
880e9eff-861f-4dcf-8998-e0c85a412005,2021,2021-03-09,ab3af85c-525d-434a-95d6-fcc4a957eff7,bb625b21-99e6-4de0-bcd7-8e346265e676,9,1,3.815592028702024,0.6659382426468826
8f02bd1b-8c0a-4f18-89e5-5e0278e0ae3d,2021,2021-03-09,9a4cb8a6-1c95-4ac2-8acf-2d47cead4af7,864ea5b8-fceb-456e-9434-d7b7a0170357,3,1,-0.12070730143534701,0.509219164451007
a753b032-56ea-497a-b008-1da1f308e88f,2021,2021-03-09,e6abc32a-c68e-4ea2-988d-1737d7ebfd4c,0f5a1494-b3ca-4532-8777-55217ec53868,-3,0,-2.1415285615315764,0.4329021156303492
b29abc51-9331-4246-85f0-9399915ef8fd,2021,2021-03-09,29d731c5-9b13-44fc-a6f6-34f532cf02fa,9e4719ed-a84f-4572-a1b8-d13c0997f3a1,7,1,3.8255604626316186,0.6813447163710085
f95e0de4-faa8-44c7-8df3-911cd62c7710,2021,2021-03-09,60572384-23ce-4f11-a5a4-237b9e9088cd,606739b3-e8e7-44ed-9240-a2e69bae9106,10,1,12.728343363212336,0.9223570764396137
fbafda87-833e-4485-836c-2c147b1a90e1,2021,2021-03-09,0ded5c5a-c875-4cab-b9eb-ba50f34b6f0e,87cb3661-e328-487a-aa0c-52b1df29e7d9,-24,0,-5.48526997608135,0.2596758698968407
0854d6e9-35f2-47fb-96e7-a8135673583b,2021,2021-03-10,a2efd3f2-660b-487e-b25d-31519e7b6064,97b331d3-f682-405e-b55a-791cbae25dc0,-19,0,7.418310794178118,0.7656421935167947
0c1861b9-e58d-45f8-94c2-416f5b3bda80,2021,2021-03-10,77cf4e5f-d8b0-4af2-bdbd-162e845fabcd,ab3af85c-525d-434a-95d6-fcc4a957eff7,-4,0,8.529717295397703,0.8721871616329432
0f8d8d8d-f66d-4c0b-b560-9a1b2d5c12a2,2021,2021-03-10,6d2ae003-7cee-4a99-b121-1c27fe92e96a,778dcf04-00e0-4120-b1d6-36d83e57ad32,19,1,3.38963338699959,0.6237696605511172
177295a1-2b31-445b-86f8-b81b33cf872a,2021,2021-03-10,ff21b338-6ab1-488f-9763-c7b74e4c4a66,40dca164-63a2-4620-aaff-78a2c75fe5f0,12,1,11.546125656328195,0.9201888546558775
1e1ca07d-bea0-43c6-a6ff-d82befd01de6,2021,2021-03-10,c9a13806-ceac-4436-87fa-6d19c5d3b834,f445b0db-d21a-4072-a2b8-e50c33f349fd,11,1,0.010544345385808816,0.47583515033341817
1fb7b0a6-dae3-4ff8-8b66-ad3d9d2032a3,2021,2021-03-10,d53017de-fb39-4d91-ae07-8c7ad76080cd,79c95d32-81a3-4876-a67e-d05c472f970a,5,1,12.318080469543027,0.9285428174587342
1ff084b5-9e75-4b7a-b483-f8e18a9481b5,2021,2021-03-10,9a4cc655-94cb-423f-8249-a9cc2637eb22,c6b5e189-79b5-4b48-9cb2-4f886c6004b8,6,1,13.626431378800918,0.9257474105121168
213721c6-e71b-4ac4-a653-1afe664a0a77,2021,2021-03-10,b88cbfee-e95b-4c99-bded-c0d5d62e9e27,79cb7a8a-d332-4b0b-8f8e-8b2de552964a,31,1,12.974757290826568,0.9091048234030945
25e5ce53-97c6-4271-9e18-6909dc471988,2021,2021-03-10,066a8484-fc6f-4b34-a34e-12b5a0ccad51,dfc69d97-4abe-4ae0-b091-329cef3c70b0,3,1,10.171945254129644,0.9016712627000907
2d8fce86-b8e3-43dd-9e06-00d4ee0deb5a,2021,2021-03-10,e7739ef6-94c9-4206-be27-00d9c5e52ed3,9a4cb8a6-1c95-4ac2-8acf-2d47cead4af7,17,1,4.112353887974248,0.6445003959252508
2e94d40b-615a-4769-9202-dd8eff9791cf,2021,2021-03-10,fdd20a72-c679-47c5-b98d-7bbdc6be2ae8,21fbc5a1-d38b-48de-a0fa-3aeb653d8091,7,1,5.213554713003546,0.6912415641977719
2f8bd9f6-6764-45a0-bcee-f53216af390c,2021,2021-03-10,7c838356-4125-427e-901a-a8b36e899403,755f4f60-e8ea-4b47-bc85-0014523f73aa,20,1,16.432677641170944,0.979295502847552
39a6c4f8-8e12-4ede-8ebd-ed0a65001813,2021,2021-03-10,34f97458-65e8-4b8e-b37a-9ae6b43d1469,87cb3661-e328-487a-aa0c-52b1df29e7d9,-3,0,-2.8458227478851894,0.47436259260866875
3c9814e2-7355-4f44-92fd-c1a019d15f37,2021,2021-03-10,1dcc19aa-e509-4cc5-93e1-29c1a093fcd9,d7ae1172-7174-4b23-864e-b95c3dac4ee4,21,1,4.04569542202987,0.6666785459773635
438a6075-322e-44fe-bba6-74cf761fe577,2021,2021-03-10,7fd23de2-bd4b-4f67-a1b5-a7b146c2b64d,69adf56f-3e48-489b-9508-454a85767e9e,42,1,8.070767699007874,0.7779675244179909
4db1d735-9101-45e2-a345-7c7aca3842dd,2021,2021-03-10,1c833156-3165-410b-8ea4-41b6d79c4db9,406e5c75-29d7-4b2a-a2ef-4cb52cf8d6fd,10,1,3.583649462056478,0.6212188164841673
77265af1-a37b-470c-9118-bf7287573301,2021,2021-03-10,3ec8f5d8-3b24-42f3-af4c-a96a1f5f3a4a,d748b419-f41e-4b46-aff6-ce66b3442549,-1,0,5.809069862023608,0.7224457493713616
812f7c6d-68b5-44e7-b424-45dc4ce3ffb8,2021,2021-03-10,539b6837-bb92-4554-91a0-8f0d949d8b0f,b4d453f5-49b1-4a4f-8d76-30ed0f77fab4,28,1,10.183112278665655,0.8897639459954485
8c07d2a8-a403-4b50-abc6-955a74109335,2021,2021-03-10,68a49c87-4220-43d5-856d-ffc0507814a1,7641ced1-436d-4cca-aef6-214829898d2e,-5,0,-3.2738842740348297,0.4095290494473704
b218576f-9b0a-41b9-a9bc-1354b78bfa04,2021,2021-03-10,d075203a-3279-49c9-b79e-ddf5a673fdfa,4fe53bf9-1004-4171-b2e1-81188834c232,-8,0,6.210158527450665,0.8013841726872767
bb0289cf-a595-4ced-bfcd-6c12bafda85c,2021,2021-03-10,840b9de7-98d4-40aa-a950-8449a61d7408,4ea3ab1d-d0d5-4c9c-9a61-71a678342af9,-21,0,-1.333103115806545,0.43938684416507845
bb48d355-3890-4260-8441-3eab6a8e4b45,2021,2021-03-10,9c02ba5f-0fff-4649-aa68-3daaefc3de96,93706eaa-57eb-4415-be8d-eab0042ce36f,27,1,21.18966401870321,0.9791225271962357
bce2e9f3-0d54-4418-92cf-edcb9ad1809a,2021,2021-03-10,0a90783a-38de-46db-ac4e-70329fd95b95,f5575a20-19d0-45ee-b978-be17d4021703,8,1,9.489504172958426,0.8501884323247867
c47ecf7c-321b-4cea-88b5-ec1679f9aaa0,2021,2021-03-10,c86929e8-d014-4027-814e-17e5b57f90b6,c00c03b9-1bdc-4cb6-9896-c210e9ebf208,6,1,8.22947025719704,0.7860753572806094
dcba2d2b-5468-4d3e-b89b-0a5a707007fc,2021,2021-03-10,962b3e60-24df-4af4-82d2-3a9c8442765b,d9734c47-4710-4741-aee3-f1b78e2c7494,5,1,-5.560181088793831,0.3101354456689211
ef943435-cab9-4b0e-9b16-2f81c8e7d60a,2021,2021-03-10,d386331b-232f-4ecf-a546-1b84ed9526d9,88b507e4-37af-4b0c-b7de-e68864346922,-14,0,-3.1190088967393605,0.3774597594947736
fe420952-e840-41f8-9b66-76b9efacb94b,2021,2021-03-10,e514e7f6-9987-4fc1-a0a9-152b9c628601,31fed56a-3c76-439f-b5e1-27215eebf2d7,-3,0,11.563200954756097,0.8701239366516735
fe816e27-98fe-4bc9-aeb6-e810929a5509,2021,2021-03-10,d9ee64a0-7aab-47e1-b2ab-9018c4bfeda5,043f7037-fcb6-454b-9a9f-a594935d08e4,-18,0,7.596152791827894,0.818923741455208
04d73474-a509-4385-858a-ebc3150b9939,2021,2021-03-11,a718200e-3c95-4e78-bc52-6d49f14c042f,1c833156-3165-410b-8ea4-41b6d79c4db9,13,1,6.720543158523831,0.7991003798053578
2124d3f5-7e88-4e5b-b214-94aef2b52de0,2021,2021-03-11,96801e81-41ab-42eb-9726-5f240cb81f31,af32a09c-4079-4e21-9725-ed8b07ee5546,-17,0,-4.810558753788191,0.3960415666344267
28fc9301-aa2a-4453-ae2b-0a9f27c947f3,2021,2021-03-11,b2fbe1bc-ec5e-498c-a480-7297ce829e25,bd6e89c5-780b-4f2d-ab4e-08806fef5cca,7,1,13.965842602709229,0.91849575115756
3148d7ce-f00f-4387-bd09-3bdefc6a2b04,2021,2021-03-11,71ce4b4a-9645-46f8-9879-88330df117fd,85d6772f-58a9-4977-a921-8f928b661b1c,29,1,10.83258206488589,0.882916149152018
31d0f7b0-698d-4ce1-b82d-58df37c9aee7,2021,2021-03-11,28e6307f-2240-4931-9ba2-9e19e9e41214,bb8be7f3-4f59-44e8-864e-119e0b8c18b6,-8,0,-0.846557325978764,0.418865239104438
3bcfa993-02ce-4af7-8880-54528fa64b43,2021,2021-03-11,ce493494-f12c-43fb-87e4-cdd4763ea2c0,407824c5-1c41-4866-976d-ae32fddf4868,-7,0,2.665500538445808,0.6438818859622877
3ead7261-830b-40e9-8795-26741feb451e,2021,2021-03-11,38c4b228-dd15-4b05-bf9a-6e01fad39132,4abfdf3a-98a8-404d-a53c-d4aed37d2942,23,1,12.933297670368944,0.915982255740111
40cc62df-699f-484f-85b8-99515a023237,2021,2021-03-11,a77eeeed-4789-4b3d-9a4a-9e5ace1b0a0c,4817cf1e-b367-4536-bf93-6181f7054683,10,1,4.034874177320125,0.706891408119807
4643c079-46f3-4fcd-8cff-a8c898d9e12b,2021,2021-03-11,d060a457-6325-4436-8b0c-e45c7cea013e,82ef743e-9bd4-4c80-a4ab-5e3ba42e84df,-3,0,3.089547503306463,0.6441357573519073
6ccd1da0-2d39-49e5-b8e7-1670aba0a629,2021,2021-03-11,2fb5419d-1828-4c58-92b0-39fc3073197b,1dcc19aa-e509-4cc5-93e1-29c1a093fcd9,3,1,4.403607717202897,0.6562383917508473
6d8cb6c8-a3bb-404d-841d-0f262417a02a,2021,2021-03-11,ab413d6b-1afb-44fa-9134-499b5b046de1,c86929e8-d014-4027-814e-17e5b57f90b6,1,1,4.664296758499599,0.7386299501444974
6e8270b7-132f-499e-bd16-95b03bb6ce35,2021,2021-03-11,6c9cd4ee-eb61-4ac8-aec4-24e5ff6c7409,fdd20a72-c679-47c5-b98d-7bbdc6be2ae8,8,1,4.360866647913225,0.6567479096894445
798aa587-6a6f-469f-bd8e-2839feb543ca,2021,2021-03-11,2fde548d-ea76-407d-beac-ce9db544e620,59ea3221-efd1-4aaa-8064-acad132dd459,16,1,11.927157465524923,0.8917169921004625
7bfef4d5-6444-4c36-b954-a04e76a2271c,2021,2021-03-11,f74ac72c-18ac-4485-96b9-da12f2d6d2a6,e687ef09-eee8-4a26-95f0-6f5cd1505777,-5,0,-2.4292791170648487,0.4598613475725859
7c951d79-f03f-4825-98d6-0125bcf21789,2021,2021-03-11,c495ddbc-3e45-4407-b7fc-b5a98991f77b,a4527c7b-f261-4b8d-91ed-120ffb1cbba9,11,1,5.918358673948906,0.6950147355975271
7fcb3d61-1b57-414b-8ded-8854f007e773,2021,2021-03-11,6dd43d39-7fc6-4bb1-8e18-9f7214921d79,b88cbfee-e95b-4c99-bded-c0d5d62e9e27,3,1,14.367862671526533,0.9087773139832072
8189fc4f-b6c7-426e-bb36-997fa07333e0,2021,2021-03-11,33c3ebe5-ba0a-4f61-a304-3552be342274,9c98b7ee-2363-423e-a125-1783389ac0d7,15,1,7.879365230511525,0.8541675185678018
86d8c421-622d-498d-86e0-3aa7bbbd3b2c,2021,2021-03-11,bb1da9fa-7bba-489b-8fe0-96fa412241b5,2f742ceb-17ab-4e32-864c-437353b864ac,1,1,-2.558979266051488,0.39821796619520833
8bbc2abc-4b04-4b13-a16a-fa052296764e,2021,2021-03-11,48ca0d7e-2fa2-4fe1-9469-069d9fbef3a1,043f7037-fcb6-454b-9a9f-a594935d08e4,3,1,12.079868436114113,0.8883822521913548
8d73bc54-3ee7-447d-af60-21423c3f6412,2021,2021-03-11,a347102a-5bf0-43d6-9e6a-98e689acb371,bbc12a02-7b1f-44b9-9292-8035f6f2bb36,8,1,13.356231900748844,0.9344400650285787
8e6dcc94-1787-4c29-9b28-dad63c8435e0,2021,2021-03-11,d2735ccc-baf8-4ea0-910b-fe1214c0e75f,a32cf399-a569-42dd-b4e7-d8e7054234c7,5,1,3.386206377456021,0.6826901877887374
94b4fd82-cf16-41cd-aae0-4111046c963d,2021,2021-03-11,1b0747e9-4222-406e-b8c0-c34ca2f87eaa,8b67941e-9cd8-42e9-94ec-60a1d10cbc84,17,1,5.896339426412191,0.8206786285850647
96d9de3c-d79a-415b-a82e-18a135a02fa4,2021,2021-03-11,a1ec634e-e3a6-4f65-8cb4-cd9bc53448a1,a13cbd69-d194-4c61-a684-c8fb7beeabc5,-22,0,-7.843519348693228,0.1957392777539939
9a06e6d2-70bd-4975-9d9c-2826ffe98526,2021,2021-03-11,6b8b49f4-4a9d-45d4-ab16-595b1b537d76,9b89639d-46fe-4e4e-a653-d50f1554a3bc,2,1,-6.150613776546966,0.3227109011490344
9bc30e80-14bf-4274-8a5c-529b9b96c9b7,2021,2021-03-11,0a452dfe-75eb-47fa-8dae-92da3589f9e1,7fd23de2-bd4b-4f67-a1b5-a7b146c2b64d,-8,0,0.9323791193450957,0.5317281509984195
9da5c9fa-ff85-4068-9f39-a4d31f03b90d,2021,2021-03-11,6b306c8d-0a54-4bfd-a6b2-4e9dce397e36,539b6837-bb92-4554-91a0-8f0d949d8b0f,21,1,12.543401076373968,0.9172382405710737
9dfebff7-9389-4bcc-a764-e33504643071,2021,2021-03-11,224b4a01-4769-41b1-9157-4806ac21b8e7,a40c4843-5038-4590-b917-003fb8a02a33,10,1,9.073913343214222,0.8158579033224975
9e248c05-ce83-4634-b198-7e4a21dc9103,2021,2021-03-11,6b800506-0715-4d71-93e9-8887bd0ead96,65a307ba-6078-40b4-8bc1-1f5f541185cc,-7,0,3.62570096123502,0.6203950893916039
a8f5e2c1-539a-49c2-a213-127ba34b33bf,2021,2021-03-11,56a79fee-eea6-42d7-b3b5-aa619168e7f2,e4a5755b-3279-4861-b19a-6a7d500c6637,2,1,6.40988933102123,0.703771310039286
b2932c27-169f-4a7a-acac-c048b260ecfd,2021,2021-03-11,b027da3b-02b3-4b06-8d11-4355379c190b,d6262d9b-c701-4974-afbd-ef478e74fe8b,11,1,-4.2628928278562395,0.3778727112391422
cb4f57e3-bf81-40a1-a4cd-470f860a3b69,2021,2021-03-11,b7f1c2f4-6663-4bc1-b876-e5f847662b75,4ea3ab1d-d0d5-4c9c-9a61-71a678342af9,6,1,23.574041344357575,0.9806025625177879
cd0f75d2-f446-49d4-bd3e-d9e46de5f44c,2021,2021-03-11,cb06302f-f822-405d-b3b6-f60e377cb18d,97af561a-907a-4616-9013-45a60140ff7b,6,1,15.846387694136427,0.9660997392004449
e798d4cd-b559-48fa-8b43-b5529cfd0397,2021,2021-03-11,03b9b8ef-ee62-41e5-8ba6-9845ca44dc4a,4fe53bf9-1004-4171-b2e1-81188834c232,34,1,9.628835377303865,0.9149846241543371
e902de63-8be4-4995-922c-ed072f71f630,2021,2021-03-11,db815d0b-90db-442a-bd3c-358f64389ce0,4a06993f-d792-4e09-941b-89a318b29c41,-1,0,1.4618356425970502,0.6073266693531744
e91e726e-01c8-438c-8017-e0f2fa1a3a05,2021,2021-03-11,be962bf1-1af8-4d6e-b983-d820cbae2dba,3f7f94a0-e27a-4e82-b5d0-9098123024ec,11,1,2.512706754963359,0.545787953038708
f41a353b-a9c6-4423-bc34-50b0580caadc,2021,2021-03-11,153596ed-3c7a-404c-b510-15a532386899,0833ed3f-41b2-45fd-90f1-ea76c6f32453,-4,0,3.7802085632372933,0.6867320026908617
f570943c-dec4-4e4a-847c-4ee53521877d,2021,2021-03-11,87c9d84a-7778-47cb-9a33-085caf9ea361,31fed56a-3c76-439f-b5e1-27215eebf2d7,4,1,9.459248982220743,0.8725522719505812
04076818-9020-4af0-a633-d217a5a3dc32,2021,2021-03-12,18cfad04-c27c-45fb-ac76-6a19e57ea922,c17206f6-29e6-4785-8241-eb88a39a59c2,6,1,4.365060732473593,0.7248880149072293
10ef3ade-5661-4e60-96dc-f2c3abcfe5ed,2021,2021-03-12,589de096-2a48-481c-9213-1de1cde104de,be962bf1-1af8-4d6e-b983-d820cbae2dba,13,1,10.094915579136636,0.8328070297232744
1942a83a-0168-4a55-92c5-ba131b8be78e,2021,2021-03-12,a347102a-5bf0-43d6-9e6a-98e689acb371,6b8b49f4-4a9d-45d4-ab16-595b1b537d76,16,1,12.22859828971746,0.8979698550579309
19dd4346-2b47-40e7-ae3e-87a530e55318,2021,2021-03-12,6c9cd4ee-eb61-4ac8-aec4-24e5ff6c7409,bb8be7f3-4f59-44e8-864e-119e0b8c18b6,-3,0,6.7492687690781255,0.8021924948737009
20a5c650-e0b0-4132-8db0-f4e2e259d51d,2021,2021-03-12,6b306c8d-0a54-4bfd-a6b2-4e9dce397e36,ad1c4459-ab7e-4b35-aa93-85c1630c6cfb,12,1,6.17648535824896,0.7822789881222377
264c2ca6-ad77-48fc-988b-6e89781203b2,2021,2021-03-12,b2fbe1bc-ec5e-498c-a480-7297ce829e25,224b4a01-4769-41b1-9157-4806ac21b8e7,17,1,-1.0094723213315087,0.44318932455089965
2a578319-6e9e-4776-a9ca-7a88a6d6c6d5,2021,2021-03-12,e9ab90ad-d1d0-4bcd-b2c3-90ed7076450c,70f9ea29-5535-4360-a3d6-3390ad8ff0ff,-9,0,-3.2546361115683986,0.35650237256737566
301ca6ef-d346-4c56-a7a7-c66397b803ab,2021,2021-03-12,5cf12fde-f3ee-42c2-be66-d7a7f79401e9,c76af57c-a3dd-470a-8f02-e61a707c7f55,12,1,3.3646818156540186,0.5233549182778193
3118abdb-9c74-425a-b0f5-fedd3e83b3b4,2021,2021-03-12,15ea3800-14b2-4e3e-8a6d-e9a6490fc965,407824c5-1c41-4866-976d-ae32fddf4868,25,1,22.44269781552028,0.9814158293753579
33b2b3d0-876a-4f4e-8cd6-894278d95a8f,2021,2021-03-12,c495ddbc-3e45-4407-b7fc-b5a98991f77b,efbf7b44-08c9-42ef-949f-9b2ec88fe96f,7,1,3.487952510584889,0.6183746320031325
496551c1-fc86-498c-9313-b22d7b31bd97,2021,2021-03-12,a50a0a91-c116-4f66-aac7-a7d111bc002b,a77eeeed-4789-4b3d-9a4a-9e5ace1b0a0c,8,1,8.08473121370558,0.7832775656080797
503d9de3-cbad-4105-bf41-e3689e2afd69,2021,2021-03-12,87e5e0aa-2b2a-488e-b794-3945da8bd1c1,b28067d7-0bb0-4502-a760-4aedcc95aab0,-3,0,6.1478906215814,0.6404348496488085
5174189f-c95c-4e81-9486-bd3241349d43,2021,2021-03-12,a718200e-3c95-4e78-bc52-6d49f14c042f,f5596042-c045-40b8-ab41-32e53c8c5ca2,4,1,-2.099684969600506,0.4359247962070361
567b98f8-3def-4874-b1bf-b7928d0f7646,2021,2021-03-12,a542240d-13f0-4c97-8c81-319e88fd0a4b,48ca0d7e-2fa2-4fe1-9469-069d9fbef3a1,-2,0,-1.2160650628735703,0.45472852703648475
6b8fa264-914b-4c09-af30-cc0f5832732b,2021,2021-03-12,b9939a4f-3583-4099-a977-cbe1cee7f252,ab413d6b-1afb-44fa-9134-499b5b046de1,5,1,1.9657850004549862,0.5303966151804602
74c2134b-ac9c-4666-b12a-85815f86ad42,2021,2021-03-12,e687ef09-eee8-4a26-95f0-6f5cd1505777,87cb3661-e328-487a-aa0c-52b1df29e7d9,-6,0,-5.039701485923473,0.2643199382399635
75f52876-44e9-4d65-8e79-00de0397faa7,2021,2021-03-12,56a79fee-eea6-42d7-b3b5-aa619168e7f2,a13cbd69-d194-4c61-a684-c8fb7beeabc5,-7,0,-2.433226899637586,0.3683287702015234
8059f946-bd04-48d9-b569-8144479dfa8d,2021,2021-03-12,b9a980be-8e9f-43c2-8ebb-aff1b8f682df,b027da3b-02b3-4b06-8d11-4355379c190b,22,1,9.763925042816904,0.8257594938866193
8334ed85-ad76-4d2f-a378-c761e1e0c013,2021,2021-03-12,5f80b887-54ef-4b86-ad40-3014aed4005e,af32a09c-4079-4e21-9725-ed8b07ee5546,34,1,10.37304851033792,0.8132359677833912
8d6933b4-fa08-4588-a973-b78e9266bb1f,2021,2021-03-12,b7f1c2f4-6663-4bc1-b876-e5f847662b75,82ef743e-9bd4-4c80-a4ab-5e3ba42e84df,-9,0,10.600262689137097,0.9210669942137133
90fc2449-ea3e-47d6-a5c1-c8365f2fbacc,2021,2021-03-12,22cc3729-2c6a-46eb-a661-6aa2e4d614a3,4a06993f-d792-4e09-941b-89a318b29c41,37,1,5.032941230760589,0.7427788872986367
91a497c4-cf5a-4660-96a9-bb53746cac67,2021,2021-03-12,89842734-b541-434c-9195-ca36a4f9ac31,0833ed3f-41b2-45fd-90f1-ea76c6f32453,-11,0,2.0984917751595518,0.6046793688937268
980ce433-357c-4535-91f8-6c992e5f0fc0,2021,2021-03-12,af4cd665-b16b-433a-98b4-bc859c73052e,7c838356-4125-427e-901a-a8b36e899403,-6,0,-4.113488358775853,0.3311341668461746
9af9a250-8d61-4c86-ae71-7840a63762e5,2021,2021-03-12,cb06302f-f822-405d-b3b6-f60e377cb18d,d53017de-fb39-4d91-ae07-8c7ad76080cd,28,1,8.161898020504632,0.8145657963007517
a8cb69b4-52f6-4dba-897a-cbb4e2a06ddb,2021,2021-03-12,33c3ebe5-ba0a-4f61-a304-3552be342274,97b331d3-f682-405e-b55a-791cbae25dc0,-5,0,9.562198117219063,0.9024396135085662
b82f09c2-c78f-4bcc-a814-62e0d41b1ea4,2021,2021-03-12,2c3cfe98-5d8e-4156-8f96-72afb8b46504,c093ef64-b2b0-4d6d-b73f-704e93170ae3,22,1,15.832305661118214,0.9245318423651843
bb8dcec1-384b-4d3a-bac6-427359155ad0,2021,2021-03-12,763f60a9-832f-4cde-b69f-33db7addad25,1b0747e9-4222-406e-b8c0-c34ca2f87eaa,3,1,0.15045123830709087,0.497713291374681
da2b2b57-5a81-4dbd-a791-1b01c59b598e,2021,2021-03-12,6dd43d39-7fc6-4bb1-8e18-9f7214921d79,65a307ba-6078-40b4-8bc1-1f5f541185cc,7,1,11.156317126013212,0.8775397212308526
e6c8228e-db6a-4fc3-9780-d91aada4c6db,2021,2021-03-12,9c02ba5f-0fff-4649-aa68-3daaefc3de96,d2735ccc-baf8-4ea0-910b-fe1214c0e75f,12,1,7.498311598577575,0.7796248365042174
f48d7469-06fa-4564-9014-f7860080eaae,2021,2021-03-12,ff21b338-6ab1-488f-9763-c7b74e4c4a66,38c4b228-dd15-4b05-bf9a-6e01fad39132,-3,0,-5.0215348346585165,0.30077320467710805
fa7332ff-4064-42e0-9d8d-a6b581b7b35f,2021,2021-03-12,7ea7c61f-1804-4780-a693-f73ac177f85a,7fd23de2-bd4b-4f67-a1b5-a7b146c2b64d,3,1,4.377744469178335,0.6735128102076913
1b242d39-d0fb-4b11-a447-0d56c0845a2e,2021,2021-03-13,cb06302f-f822-405d-b3b6-f60e377cb18d,bb8be7f3-4f59-44e8-864e-119e0b8c18b6,10,1,12.29421940667365,0.8861244928435387
2dd20b40-2f83-4be5-83e2-000d13ae77f7,2021,2021-03-13,9c02ba5f-0fff-4649-aa68-3daaefc3de96,38c4b228-dd15-4b05-bf9a-6e01fad39132,-19,0,-1.2273465042801681,0.5055889460928319
5bb2479b-51ea-4c51-8ecf-6fd823223a73,2021,2021-03-13,b9a980be-8e9f-43c2-8ebb-aff1b8f682df,b9939a4f-3583-4099-a977-cbe1cee7f252,11,1,2.287644781200372,0.5991868368738158
71ca9416-7e79-4dea-83eb-64ef5f51c103,2021,2021-03-13,48ca0d7e-2fa2-4fe1-9469-069d9fbef3a1,0833ed3f-41b2-45fd-90f1-ea76c6f32453,-2,0,7.6608904276722285,0.7751833619374322
7f8f5939-b8e4-449e-8b1f-e33a1d54d8ef,2021,2021-03-13,bb1da9fa-7bba-489b-8fe0-96fa412241b5,82ef743e-9bd4-4c80-a4ab-5e3ba42e84df,5,1,1.9779556699662226,0.5755918262880155
8a99409e-4b27-4133-8ff4-b3a78223353a,2021,2021-03-13,22cc3729-2c6a-46eb-a661-6aa2e4d614a3,5cf12fde-f3ee-42c2-be66-d7a7f79401e9,5,1,-3.67999483234207,0.3069924522462212
f7960c42-6ff9-4f50-9b6e-1887bfa48d13,2021,2021-03-13,6dd43d39-7fc6-4bb1-8e18-9f7214921d79,6b306c8d-0a54-4bfd-a6b2-4e9dce397e36,11,1,1.2626247708496292,0.5264466816439107
f99500be-f951-4c1c-9028-6970acd57ab8,2021,2021-03-13,589de096-2a48-481c-9213-1de1cde104de,70f9ea29-5535-4360-a3d6-3390ad8ff0ff,-1,0,4.932036006085095,0.6852280053546526
37c6134e-6684-40a0-aaff-7529698c28bf,2021,2021-03-14,b9a980be-8e9f-43c2-8ebb-aff1b8f682df,70f9ea29-5535-4360-a3d6-3390ad8ff0ff,3,1,5.5278567158502865,0.6656547199363947
812013af-39fb-4d20-a593-9f42136f668d,2021,2021-03-14,15ea3800-14b2-4e3e-8a6d-e9a6490fc965,b28067d7-0bb0-4502-a760-4aedcc95aab0,37,1,17.806226310343135,0.9808846833272583
b36b730a-a5c9-453e-9bc0-fdef17f10592,2021,2021-03-14,0bbcc1da-f270-44fa-bac0-cdc703144c9a,af41eb94-4a15-40c8-aec5-4bc9d72db801,9,1,-2.012998814875472,0.3722113199305016
bd1a4b36-9abd-4c23-867e-9e24919c2c9f,2021,2021-03-14,22cc3729-2c6a-46eb-a661-6aa2e4d614a3,763f60a9-832f-4cde-b69f-33db7addad25,1,1,-0.6861934530936709,0.4833350418762476
3fcda11b-fd32-44b3-88a1-02289676d150,2021,2021-03-17,393424f4-5631-41bb-9925-f6ff431cfa34,a718200e-3c95-4e78-bc52-6d49f14c042f,-2,0,-0.7276926538098206,0.3882070476268987
ec5e6a11-1021-4990-90e1-bdb6286df530,2021,2021-03-17,7497b121-940a-4021-ad6d-b2d8569a97db,56a79fee-eea6-42d7-b3b5-aa619168e7f2,10,1,-2.563850782790383,0.43533940401697707
13b1887a-bfab-4942-a1b5-10518fe13fab,2021,2021-03-18,71ce4b4a-9645-46f8-9879-88330df117fd,a4954c6c-2e69-4e49-b1be-c644601316d2,1,1,0.116232114152265,0.5142948183020251
50669c2d-5a42-472f-91eb-817db5072d51,2021,2021-03-18,bdd65ba1-f3b4-4da3-863e-1ab301468e5a,28f58893-fbf6-40df-8b08-24c4b0ab191d,-1,0,-2.8748580129344714,0.3844929682157117
6a5d5241-3034-47bb-bf1d-872db44339d0,2021,2021-03-18,3f7f94a0-e27a-4e82-b5d0-9098123024ec,153596ed-3c7a-404c-b510-15a532386899,-6,0,-3.8927701626464324,0.3097521685775792
7bf88bfb-0279-44b6-9e5c-49d24f69fdf0,2021,2021-03-18,6b800506-0715-4d71-93e9-8887bd0ead96,87e5e0aa-2b2a-488e-b794-3945da8bd1c1,1,1,-0.3327292255326173,0.504217365872561
82c3cc59-7b6b-454f-9021-14ac108dfc43,2021,2021-03-18,e184b43c-a563-4eb0-97d8-e6606c94edfe,d7ae1172-7174-4b23-864e-b95c3dac4ee4,-14,0,-4.121613944140883,0.31920923755028785
0906ea57-173e-424f-a299-58aa567f113f,2021,2021-03-19,9e43c63a-9088-4564-9aa3-bdb745d9c108,56d96aac-d4d5-491b-a3e3-da2b2a39e261,10,1,9.59179862236092,0.8333168904226111
1f519f3b-ea06-41be-9751-49cb60a94d31,2021,2021-03-19,b7f1c2f4-6663-4bc1-b876-e5f847662b75,015a331c-b317-4974-afdf-1d3940b8e31b,24,1,28.045164906889685,0.9830884986141387
2393b347-2509-4006-940a-571ff293e746,2021,2021-03-19,70f9ea29-5535-4360-a3d6-3390ad8ff0ff,0f5a1494-b3ca-4532-8777-55217ec53868,-3,0,11.625265612700813,0.8762955713914911
3eb8a8d8-abb6-4c2a-a6ad-06b46c51236d,2021,2021-03-19,c76af57c-a3dd-470a-8f02-e61a707c7f55,0a452dfe-75eb-47fa-8dae-92da3589f9e1,5,1,-1.4010360325462399,0.46408338233171575
427aed29-f800-4ee8-8299-6f2be9c22feb,2021,2021-03-19,15ea3800-14b2-4e3e-8a6d-e9a6490fc965,e9e62a4d-2506-411b-937f-e8afdde25d61,31,1,22.113451579715484,0.982854238193095
4456f608-1793-4161-afe0-dc5d1e0f9628,2021,2021-03-19,b9a980be-8e9f-43c2-8ebb-aff1b8f682df,29d731c5-9b13-44fc-a6f6-34f532cf02fa,29,1,18.543495661338483,0.9760205922834974
4e5ab66c-a269-4ce5-afd1-1be5090ef975,2021,2021-03-19,6dd43d39-7fc6-4bb1-8e18-9f7214921d79,1dcc19aa-e509-4cc5-93e1-29c1a093fcd9,-16,0,1.4576119080800787,0.594955816684952
8f8c872c-2c14-4398-a0fe-84cfe9a9630b,2021,2021-03-19,1b0747e9-4222-406e-b8c0-c34ca2f87eaa,af4cd665-b16b-433a-98b4-bc859c73052e,-9,0,5.878646363317451,0.7448139520837213
9be8d0e6-a9bf-4211-a062-c283c2d86c6d,2021,2021-03-19,2f742ceb-17ab-4e32-864c-437353b864ac,6b306c8d-0a54-4bfd-a6b2-4e9dce397e36,12,1,4.362002665341799,0.6802197819771806
a6575c01-bb77-48ee-89fc-d01fd40110e2,2021,2021-03-19,aac9f779-7e88-494c-86d3-09b2e9b47e39,87c9d84a-7778-47cb-9a33-085caf9ea361,11,1,8.445434292153212,0.843875685257353
a6956ce6-c2bb-4ef9-aa85-ae0c35b5f0c8,2021,2021-03-19,ad1c4459-ab7e-4b35-aa93-85c1630c6cfb,c495ddbc-3e45-4407-b7fc-b5a98991f77b,2,1,-2.3839538667048887,0.4064416752751943
b2a7bbd5-b8fd-479e-9dbb-1bbfb0a884db,2021,2021-03-19,e9ab90ad-d1d0-4bcd-b2c3-90ed7076450c,7c838356-4125-427e-901a-a8b36e899403,-9,0,8.16561111091115,0.7725950848522186
be146007-a700-40d7-b840-c4ede734d7e3,2021,2021-03-19,e514e7f6-9987-4fc1-a0a9-152b9c628601,b027da3b-02b3-4b06-8d11-4355379c190b,-4,0,-0.9004207359007139,0.4728854471729914
c219ffbf-4fde-40bd-b627-3765ed7d8db7,2021,2021-03-19,18cfad04-c27c-45fb-ac76-6a19e57ea922,86a7a83d-0f48-49a2-a5f6-b2ce77628f2e,17,1,4.489204103776175,0.6681967995348658
cd1f727b-4842-47cb-9e0f-d304b078e6e5,2021,2021-03-19,5cf12fde-f3ee-42c2-be66-d7a7f79401e9,0833ed3f-41b2-45fd-90f1-ea76c6f32453,-14,0,5.272984061028072,0.800567686523553
d0510fd8-6735-409e-b063-00efa1517fb5,2021,2021-03-19,d060a457-6325-4436-8b0c-e45c7cea013e,f3e1a0c8-4c68-4907-93d0-69899161295f,17,1,14.312676137039396,0.930830686882413
e62d1a03-ac6e-49e0-bf40-e04e907c980c,2021,2021-03-19,82ef743e-9bd4-4c80-a4ab-5e3ba42e84df,418b21e5-7710-4e33-8bba-6fba764d7962,9,1,6.03089647848567,0.7318894122535873
fc625984-8756-4cdf-a691-cdc7b9871469,2021,2021-03-19,7fd23de2-bd4b-4f67-a1b5-a7b146c2b64d,ab413d6b-1afb-44fa-9134-499b5b046de1,-23,0,-3.8320161596469897,0.3781899846713609
0f71ad50-6611-4030-916e-94f35df3b070,2021,2021-03-20,48ca0d7e-2fa2-4fe1-9469-069d9fbef3a1,6d2ae003-7cee-4a99-b121-1c27fe92e96a,23,1,8.193775893703979,0.7316457205198631
14db3c06-62ae-4052-aefe-7d71119aadb3,2021,2021-03-20,606739b3-e8e7-44ed-9240-a2e69bae9106,153596ed-3c7a-404c-b510-15a532386899,-11,0,-2.5124334082114914,0.40987874253750656
258ddd34-c9b0-497f-991f-e27e25c6c8c7,2021,2021-03-20,03b9b8ef-ee62-41e5-8ba6-9845ca44dc4a,be962bf1-1af8-4d6e-b983-d820cbae2dba,-9,0,3.798204950319393,0.5718257966567659
2f549697-1f74-403d-8db4-bd03b06940f3,2021,2021-03-20,a542240d-13f0-4c97-8c81-319e88fd0a4b,28f58893-fbf6-40df-8b08-24c4b0ab191d,16,1,13.046364977887844,0.8559621084168785
2ff72714-a7e2-4788-81b1-6dfcf403e908,2021,2021-03-20,7ea7c61f-1804-4780-a693-f73ac177f85a,afd0bd2f-740b-44d7-8be1-cb790093f9bd,10,1,13.984854812690758,0.8836058139195302
83476b71-c1eb-4ff2-be1f-2b63e3a9eb2a,2021,2021-03-20,60572384-23ce-4f11-a5a4-237b9e9088cd,71ce4b4a-9645-46f8-9879-88330df117fd,43,1,31.331010578627897,0.9829318970834029
90951d52-a37d-4b62-b87a-32057928950f,2021,2021-03-20,b9939a4f-3583-4099-a977-cbe1cee7f252,5f80b887-54ef-4b86-ad40-3014aed4005e,12,1,12.670032085235851,0.9450434954834107
9a5cb625-cb44-4e43-80c2-4cef0364291c,2021,2021-03-20,a50a0a91-c116-4f66-aac7-a7d111bc002b,0e7751bd-fff8-4fa2-a4a4-d7dafd8f4929,11,1,6.291135737764537,0.7792735291760869
9cc3fb15-61d0-48e2-8d69-dc8feff90065,2021,2021-03-20,9a4cc655-94cb-423f-8249-a9cc2637eb22,c17206f6-29e6-4785-8241-eb88a39a59c2,4,1,4.455375488965568,0.6500094087501536
db5df81f-f083-4acd-840a-5e16746e3c87,2021,2021-03-20,bb1da9fa-7bba-489b-8fe0-96fa412241b5,2c3cfe98-5d8e-4156-8f96-72afb8b46504,-1,0,11.295046546366518,0.8279319184693991
dca0be35-a6ec-4434-8611-0f288ef6abad,2021,2021-03-20,c7d87cd7-eae2-4537-ae95-cc39f7dc0d08,4a06993f-d792-4e09-941b-89a318b29c41,-6,0,3.4053398796134275,0.7040214340638143
dd2b54bc-0d40-4e68-b221-4c1c423a428b,2021,2021-03-20,22cc3729-2c6a-46eb-a661-6aa2e4d614a3,87cb3661-e328-487a-aa0c-52b1df29e7d9,13,1,11.570876650877137,0.8897995221738182
f1ff331a-d51c-4458-b8ee-488fcef60871,2021,2021-03-20,2fb5419d-1828-4c58-92b0-39fc3073197b,a13cbd69-d194-4c61-a684-c8fb7beeabc5,-4,0,6.930242073750011,0.7761508794904394
18b524a8-22d9-4302-99e4-94ac7318b9c3,2021,2021-03-21,b9a980be-8e9f-43c2-8ebb-aff1b8f682df,aac9f779-7e88-494c-86d3-09b2e9b47e39,-13,0,3.5809195675181,0.5679768253495104
1f8ff2c9-5e50-4b93-94e3-a37d2e1e7344,2021,2021-03-21,18cfad04-c27c-45fb-ac76-6a19e57ea922,2f742ceb-17ab-4e32-864c-437353b864ac,2,1,-3.1656461888957574,0.38580443947905046
247e699d-590a-4ebd-b52f-8c91ede62101,2021,2021-03-21,c76af57c-a3dd-470a-8f02-e61a707c7f55,0f5a1494-b3ca-4532-8777-55217ec53868,-3,0,11.257469218054622,0.8885914990196896
2487a49f-690c-4bb5-a933-0a58d45a2991,2021,2021-03-21,82ef743e-9bd4-4c80-a4ab-5e3ba42e84df,0833ed3f-41b2-45fd-90f1-ea76c6f32453,-10,0,1.6776092830390752,0.6227000415610836
913ee909-4a63-42eb-99a8-91adc769f6c4,2021,2021-03-21,15ea3800-14b2-4e3e-8a6d-e9a6490fc965,b027da3b-02b3-4b06-8d11-4355379c190b,3,1,8.509556844804212,0.8534804201123664
ba3748ff-e233-43f9-a9b7-f59d4f2ea832,2021,2021-03-21,d060a457-6325-4436-8b0c-e45c7cea013e,1dcc19aa-e509-4cc5-93e1-29c1a093fcd9,-3,0,4.988708139158279,0.6952437222720774
c46426e5-a379-4216-9f37-aa55c5c32330,2021,2021-03-21,9e43c63a-9088-4564-9aa3-bdb745d9c108,7c838356-4125-427e-901a-a8b36e899403,23,1,9.437519692118869,0.8091686372354996
db664a45-b183-464c-9102-699459397f10,2021,2021-03-21,b7f1c2f4-6663-4bc1-b876-e5f847662b75,ab413d6b-1afb-44fa-9134-499b5b046de1,13,1,11.363687065483735,0.8475385825962382
041904cc-8017-4e46-9889-48337130c258,2021,2021-03-22,7ea7c61f-1804-4780-a693-f73ac177f85a,48ca0d7e-2fa2-4fe1-9469-069d9fbef3a1,18,1,-0.6429904465320175,0.4924323531377399
31d02f58-e208-403e-b25d-08887f501eff,2021,2021-03-22,589de096-2a48-481c-9213-1de1cde104de,763f60a9-832f-4cde-b69f-33db7addad25,8,1,6.387928994919832,0.7687904705679787
478f337b-737f-4270-b10f-9a5892793e7f,2021,2021-03-22,b9939a4f-3583-4099-a977-cbe1cee7f252,89842734-b541-434c-9195-ca36a4f9ac31,-15,0,5.471822253414467,0.7217758981621953
551bceae-fc1e-48a3-9053-f09992de51fc,2021,2021-03-22,22cc3729-2c6a-46eb-a661-6aa2e4d614a3,be962bf1-1af8-4d6e-b983-d820cbae2dba,19,1,-2.6033344401789673,0.3993871420464761
57e92dec-d724-4000-bb81-183c59217609,2021,2021-03-22,a3b8173d-a2ea-4988-90d5-e3b32953c6c7,fc2ab8b9-b25c-46a3-81e7-a6abf8ffedad,14,1,17.88284301478366,0.9780565819642212
5f373f25-192d-45bc-a772-5a3149d030ff,2021,2021-03-22,a471d7e5-16d8-494e-9165-a173f96f7141,d82db419-c4a4-4310-8c3a-84bc0542041a,-11,0,-1.5275987732503609,0.4507626754274649
6a15ff96-c53d-4fe5-ba84-da3803b3fafb,2021,2021-03-22,60572384-23ce-4f11-a5a4-237b9e9088cd,9a4cc655-94cb-423f-8249-a9cc2637eb22,16,1,16.763985600091356,0.9534505110760766
74097968-556d-4138-ac0c-f5ad89c7a6fb,2021,2021-03-22,153596ed-3c7a-404c-b510-15a532386899,2c3cfe98-5d8e-4156-8f96-72afb8b46504,20,1,10.597205101301167,0.8535459285305549
d2551f6f-9b21-432a-87bb-151b33083e46,2021,2021-03-22,655e3157-6c29-45bb-9810-eefc2a0d509b,391a8f2e-7e33-41c3-b05a-8eaf0f2c0243,-1,0,5.5644467559158395,0.7580506662884862
d9cf2645-fd58-474f-aaab-9737a39dce89,2021,2021-03-22,1f5cd38b-8ede-4730-82a5-cab59b37dc50,a542240d-13f0-4c97-8c81-319e88fd0a4b,-34,0,-4.376728011120946,0.4061564128836952
01bb7049-0c19-41d7-b4a4-1aed63cef88b,2021,2021-03-23,d82db419-c4a4-4310-8c3a-84bc0542041a,391a8f2e-7e33-41c3-b05a-8eaf0f2c0243,5,1,7.4191473635597225,0.7575374240990679
065371db-4444-4ba0-be7f-21e9d1499177,2021,2021-03-24,a3b8173d-a2ea-4988-90d5-e3b32953c6c7,d82db419-c4a4-4310-8c3a-84bc0542041a,23,1,5.917350140026299,0.7796860864359337
25d06d19-3507-4049-a422-44a98bdbdf88,2021,2021-03-25,ad1c4459-ab7e-4b35-aa93-85c1630c6cfb,d7ae1172-7174-4b23-864e-b95c3dac4ee4,4,1,-3.4023818468656537,0.3526086816634929
afdb28c4-fd1b-47cc-a855-ee4fd47457d3,2021,2021-03-25,a50a0a91-c116-4f66-aac7-a7d111bc002b,6b800506-0715-4d71-93e9-8887bd0ead96,3,1,5.2312125379880765,0.7322454538430199
e2c044f0-b47e-4a93-8430-066518d5a367,2021,2021-03-25,a718200e-3c95-4e78-bc52-6d49f14c042f,af4cd665-b16b-433a-98b4-bc859c73052e,-7,0,3.7522091004349005,0.6751554951254182
f8567ebc-c578-4082-9b53-6d600cdc953c,2021,2021-03-25,7497b121-940a-4021-ad6d-b2d8569a97db,4a06993f-d792-4e09-941b-89a318b29c41,-1,0,-3.3650032383623554,0.43158138064345414
2121227c-12b0-434c-b7b0-36d34640817f,2021,2021-03-27,4a06993f-d792-4e09-941b-89a318b29c41,af4cd665-b16b-433a-98b4-bc859c73052e,22,1,4.31232513178524,0.6485306817632096
54b98fd3-311b-4a06-bb94-87542ca3dbe3,2021,2021-03-27,b7f1c2f4-6663-4bc1-b876-e5f847662b75,9e43c63a-9088-4564-9aa3-bdb745d9c108,11,1,9.733479768044427,0.8475650662509172
934c3503-f559-46d6-8b9c-86eafd4e456f,2021,2021-03-27,aac9f779-7e88-494c-86d3-09b2e9b47e39,0833ed3f-41b2-45fd-90f1-ea76c6f32453,-7,0,7.186190198772656,0.8178525139320749
982e22b5-85b3-4a5f-9d21-aedaa4559b0e,2021,2021-03-27,ad1c4459-ab7e-4b35-aa93-85c1630c6cfb,a50a0a91-c116-4f66-aac7-a7d111bc002b,-23,0,-4.864660735660836,0.2816495956342631
f44b4531-bcde-46f5-9e02-e3ee2a1c2db1,2021,2021-03-27,15ea3800-14b2-4e3e-8a6d-e9a6490fc965,1dcc19aa-e509-4cc5-93e1-29c1a093fcd9,16,1,9.895530994062133,0.8750332912434396
ffc85c9a-948a-4662-a455-25f757aaefd6,2021,2021-03-27,18cfad04-c27c-45fb-ac76-6a19e57ea922,0f5a1494-b3ca-4532-8777-55217ec53868,2,1,11.046451421489099,0.882628271340158
221eedb6-21cb-40ca-918f-473be1f39f33,2021,2021-03-28,589de096-2a48-481c-9213-1de1cde104de,7ea7c61f-1804-4780-a693-f73ac177f85a,18,1,3.5753551297489996,0.6546707672816395
52a864d3-dbe6-41a9-b95d-a936c181aec8,2021,2021-03-28,ad1c4459-ab7e-4b35-aa93-85c1630c6cfb,af4cd665-b16b-433a-98b4-bc859c73052e,-2,0,3.262516387839469,0.6544246260750219
5c5b58a7-0162-4793-8a87-e449a3101c0d,2021,2021-03-28,a50a0a91-c116-4f66-aac7-a7d111bc002b,4a06993f-d792-4e09-941b-89a318b29c41,13,1,6.262121318288194,0.7746038877479827
664fff35-5140-45b5-bfd7-50403d3c7601,2021,2021-03-28,22cc3729-2c6a-46eb-a661-6aa2e4d614a3,153596ed-3c7a-404c-b510-15a532386899,-10,0,-2.6481587689681025,0.39508875378683816
8d791b71-a3ac-4a7b-894a-eb07580e5f9b,2021,2021-03-28,a542240d-13f0-4c97-8c81-319e88fd0a4b,89842734-b541-434c-9195-ca36a4f9ac31,14,1,5.468993772410723,0.6454510889542731
09d153d1-3819-47c8-a0eb-140f252efa42,2021,2021-03-29,15ea3800-14b2-4e3e-8a6d-e9a6490fc965,0833ed3f-41b2-45fd-90f1-ea76c6f32453,6,1,9.54777563701777,0.9089216794913789
d66b91c3-5fbf-49df-be38-54ba6679abda,2021,2021-03-29,b7f1c2f4-6663-4bc1-b876-e5f847662b75,18cfad04-c27c-45fb-ac76-6a19e57ea922,9,1,11.753806778620985,0.8853628584170902
00cb94ee-2809-41f8-88a6-db98f18940b6,2021,2021-03-30,589de096-2a48-481c-9213-1de1cde104de,153596ed-3c7a-404c-b510-15a532386899,-2,0,4.3615564643424225,0.7226645219776419
6df855e5-978a-4eb1-be3a-00e2562d3b99,2021,2021-03-30,60572384-23ce-4f11-a5a4-237b9e9088cd,a542240d-13f0-4c97-8c81-319e88fd0a4b,19,1,11.605818854700356,0.8919905156285943
001c1593-a9b4-4fb8-b2ad-a8ca28d91431,2021,2021-04-03,b7f1c2f4-6663-4bc1-b876-e5f847662b75,15ea3800-14b2-4e3e-8a6d-e9a6490fc965,19,1,4.763091115216597,0.7304878198482083
ac9c4ead-121e-41da-9ad4-8505c6ea8a03,2021,2021-04-03,60572384-23ce-4f11-a5a4-237b9e9088cd,153596ed-3c7a-404c-b510-15a532386899,3,1,13.93495236492898,0.9192309266983456
2ed0fd9f-ceaa-406e-a844-d912a1bfa293,2021,2021-04-05,60572384-23ce-4f11-a5a4-237b9e9088cd,b7f1c2f4-6663-4bc1-b876-e5f847662b75,-16,0,4.17726038597681,0.6619602468165747
