game_id,season,game_date,home_team_id,away_team_id,actual_margin,actual_home_win,pred_margin,pred_home_win_prob
05e74422-9799-4ef3-a61d-ff6083cf8b8b,2022,2021-11-21,5253a75a-17f7-4ea5-b313-743697ebca72,a5658591-2fd7-4ab6-bea8-70e793ff3f6b,-8,0,5.63997487748342,0.6048511463467398
068b7ae3-0bd2-4933-ae8e-af31cbe41d41,2022,2021-11-21,8de64d3a-4bae-4d2a-a4d2-15ec6583f6aa,3ae40137-6b36-46a4-99e9-3ea88255660c,7,1,-0.9997994926921951,0.47838904308443403
88d6ace4-7de8-413a-a7c0-3807548109e3,2022,2021-11-21,59a704c5-1934-42cb-8720-83cd7ee9f3fb,0a370edb-2194-4979-ad23-d796fb97dfb3,-11,0,11.112265227063507,0.889922427802209
e2500bdf-596a-43c2-b442-5ed287bdad46,2022,2021-11-21,3fa1a848-0e6a-41e6-be7c-d6241c6c6caf,61cad1f2-f187-4b2f-8e53-02eb65eae2d1,-13,0,2.6254745234396073,0.5445468205730828
4b81cb66-0950-4d69-b008-f90b33ebcf0a,2022,2021-11-22,57a961fc-fabe-43a1-bd3f-78858a193715,cba4f27f-e547-49bf-bbb3-2983917351a2,-10,0,-12.262776420938279,0.07534878520606596
4d7518f0-f988-4d1c-b6b0-923c74baa086,2022,2021-11-22,e44d72a0-bb34-4a0f-b307-188c3b30e131,669eb771-4301-4c20-8e17-113d14b6cc8f,-27,0,-1.0459391010662809,0.4091713202069103
52649996-060e-48c9-959f-bede5272ce11,2022,2021-11-22,db040d7f-5499-4400-9069-620c27646ed6,ceed979f-ef7c-4eee-a2e7-fc66ff70bbc1,14,1,11.882091377250019,0.9095426656627685
7966e8d2-fd1b-4459-b470-e6b86de42c6b,2022,2021-11-22,f1501573-e854-43f7-9346-e94fa60ac4b7,5a26bb55-d02d-4957-be27-861e8036f152,8,1,-9.454759857532293,0.18080414388274463
7e26b735-50ab-4cf9-ac76-400f4c9569e4,2022,2021-11-22,d77ce32a-30e5-47ce-8841-52447d9fe891,d1893fac-c32c-416c-9aed-0d6c61ad0935,-13,0,2.566379943298668,0.6222050667372444
d40536c5-4afe-49b9-ac91-7139ed76e23c,2022,2021-11-22,cc4eefaf-2887-46d2-920d-d97a8f3df18c,61476d05-09c4-4500-a588-2847128ed6e8,-5,0,9.764759951946216,0.8592898992627102
f528cb5f-3a9f-4d8f-b490-2b5300a0ef91,2022,2021-11-22,71a67ffc-6558-40e0-96eb-79527a541007,77917ea7-df52-4378-9975-57dbd680815e,3,1,11.792414476378644,0.9372616198151484
0b567e5f-d4b3-44af-9da4-6e16a30cd995,2022,2021-11-23,669eb771-4301-4c20-8e17-113d14b6cc8f,cddd6722-8c88-48b6-853a-6481451c0290,-11,0,2.978515469764632,0.5797746605217241
33170400-713c-4da2-8224-8c9fd17e9eb9,2022,2021-11-23,644511e8-8569-4c1b-b22e-4bf2710fa9da,16133dd5-c118-4a85-999d-20451d1fe132,-3,0,0.6377744471316517,0.5130744498923238
4d4b5e11-8f93-4cdf-b296-52a5c72475f4,2022,2021-11-23,7bb8a634-d969-4ec9-b472-8294b1782684,3411d575-6a72-4b22-885f-e90bac6bdd28,16,1,7.226323152232867,0.8084597800762107
5dfa06b0-3b60-4a0f-8caf-1c63b1c4cbfb,2022,2021-11-23,89fd2af1-5c8c-4222-8ffd-ce72e55a8579,d34afafa-d43d-432c-98d1-72ab0aa8a823,-20,0,-6.401531776832556,0.3112205213469099
8e8e5857-3917-4d02-97e1-1eea7f1e8568,2022,2021-11-23,ae36afe0-850f-4758-99ec-d7deb696d4fe,e44d72a0-bb34-4a0f-b307-188c3b30e131,-19,0,-4.1496725792514235,0.35357564289386234
b92012ac-05f0-4652-8211-c382cb8c4256,2022,2021-11-23,743e2828-8a80-4168-9d8a-f8cc1d9b0b9a,e0d5322c-5032-4768-98e5-0b1ffa787a08,14,1,13.211348993902591,0.8873402954666887
d519a3e8-c627-4e69-a9a9-2384a04b21c1,2022,2021-11-23,3e7063d6-a6e4-4aa4-8e77-044c9f5fc21a,048ae5f3-c6e9-4937-93fe-ec224e17fea2,-18,0,-0.5130064737337852,0.5163613473466135
ed1f4306-efbe-4ab2-b98a-6e33bd993f82,2022,2021-11-23,fc4bf214-f945-46ec-8524-00a3196b7449,e31be871-e6af-43f9-9cf9-865a275b7e6f,-7,0,-5.699797730133873,0.23775617167095886
000a58bb-aea0-4776-ade0-c520a4876c7f,2022,2021-11-24,909caafe-4b74-468c-a1d3-efd53ab80ca9,4b6d2ea4-d1ab-46f4-b480-555227d14e55,-6,0,-5.469466610786078,0.2574254390985513
09b23aa9-8c6d-4b79-9eaa-757e7f3e7641,2022,2021-11-24,fbb275ea-bf78-4cdf-ba66-538cd9722ef8,a8d4a467-9623-470f-9ec3-c15afb497e8e,11,1,8.556611693752302,0.7091825419957547
0f195a54-28e4-48b4-93a2-67acf0628ca9,2022,2021-11-24,2aba779c-997d-45af-a881-44cc87727a3a,64820b75-84d5-4b53-8bec-43ee70e03b36,-9,0,2.5514320752731634,0.562080280231341
0f53ee37-22ce-4671-97c9-057166e3d7f3,2022,2021-11-24,31edfcc1-f627-47cf-9ca0-61370f3261d2,b7898dbc-7198-47fc-8098-496c7867351f,4,1,6.765423435242277,0.7259704562865936
28a4cfbe-405c-428e-95a8-f2e149bf7823,2022,2021-11-24,bf8f11f7-2ca6-48bb-ab7f-58720df6451f,c2c0a075-e16f-4aa1-a838-887ef3ba2106,11,1,9.334748744586497,0.8167783768064634
37e722bc-6da2-4b86-a0c6-f730cd9bb437,2022,2021-11-24,8e9f9414-bd72-45a6-8896-59f1453666d6,5e8f405a-2ee1-4230-95ea-420666557eed,2,1,9.91334742100357,0.8718615608211908
3d71d0dd-1dba-4cfd-b2ca-e29d4ee7bc68,2022,2021-11-24,92665c8e-76f8-4e29-a164-ffd7c8890a33,02d8446e-475c-43f7-a829-3e36474bc43f,-14,0,-7.796261654546438,0.26187117962039524
457cf2d6-1b50-427d-a42b-f497ccfc0efe,2022,2021-11-24,b101bc61-0628-4298-9362-c2e546437032,d13e3f73-7b13-4e91-9249-09f1e11e488e,-4,0,7.300067774404127,0.7956187944869714
79f2b7c7-9ed8-420e-9f18-dafedb8d4161,2022,2021-11-24,af6d34e9-4be7-4fc4-b61d-28a000704daa,c6c28fde-56df-41e4-839d-2d6201c8dc27,-12,0,-10.940079924403179,0.10443793874367482
7ca0fa97-bd6d-4192-b94f-6553cd0fd98a,2022,2021-11-24,d91f2468-d81d-4b25-a8be-53e85e8b4ded,d77ce32a-30e5-47ce-8841-52447d9fe891,9,1,13.200782282186198,0.900869335805786
821ed14b-d5b5-4ab7-b215-d59048dc3a8d,2022,2021-11-24,7dfde2c4-2d03-47ac-8d87-e6480afb8a99,82d1bf41-2f1d-44d1-8022-220c263d6525,9,1,5.407135081425924,0.6633246865333973
952c5628-4757-4d54-a8b9-b523e7f73b3a,2022,2021-11-24,669eb771-4301-4c20-8e17-113d14b6cc8f,ae36afe0-850f-4758-99ec-d7deb696d4fe,4,1,1.7464105401212475,0.5418215687867827
9d7c0629-846b-4c4b-bcd5-5842662e629d,2022,2021-11-24,1c994624-ca30-44fc-97cb-9a0aa481ad72,aef6cc9a-dcfd-4137-aa03-9926d921f466,-9,0,-11.870106268419967,0.10981998462367433
a04437ad-7d30-4c5e-81d9-dadf6b5a274c,2022,2021-11-24,16133dd5-c118-4a85-999d-20451d1fe132,dea85f83-4470-4a0a-934c-553c4722d079,8,1,-3.6902637124570643,0.45258696053782127
a1479c3b-53cd-43ce-a2d1-4d0528a6080c,2022,2021-11-24,fb5884a9-f370-48a9-9000-3b1a4f02f0be,8ce55fa9-2ea0-427f-85bc-c9e8ceb4d1f0,13,1,10.386837071263926,0.8598394430292453
a440b7f8-1c56-4f8d-82ec-1b4eff8aa513,2022,2021-11-24,f3d329ca-1b85-47f6-a871-b80851fdc6d7,7f9edadc-8c22-4821-8da6-0ba70d59bbbc,-24,0,-8.094221249056364,0.2557926957246671
a7e01c27-1a12-4c48-9b28-c85c377fd213,2022,2021-11-24,697f7fa6-4d64-4abb-8310-9f310c49ad61,d1893fac-c32c-416c-9aed-0d6c61ad0935,1,1,11.665781716230866,0.8650590614356849
afd166f6-5a52-4bfe-a1a6-ffbb605862ec,2022,2021-11-24,c01c9fdb-95d5-43c7-b905-8bf714226631,77917ea7-df52-4378-9975-57dbd680815e,1,1,4.2387846369202,0.7064313753562527
b1e50e0e-8fa3-4794-8694-dd2e57ccafb1,2022,2021-11-24,b91fd5ed-1e0c-431b-bd4d-0947f67edb2b,884b1e88-9543-406b-bbef-d24ea9c36092,2,1,20.618090958714394,0.9620449022666403
cfb9b654-057b-4233-95f7-956abc66d715,2022,2021-11-24,cddd6722-8c88-48b6-853a-6481451c0290,e44d72a0-bb34-4a0f-b307-188c3b30e131,-19,0,-1.8935798972667481,0.3855974000100831
dc1ee81d-cc3a-4c8a-bea9-49dc2c2ee183,2022,2021-11-24,fc748d3e-7f1e-4823-9d7c-f14ad3df799a,c14dbd3f-31c2-4647-b19a-e03839f04ad5,1,1,3.9797427285281577,0.6586540566988903
e710df46-fce8-4a0f-8b5b-27400703c14b,2022,2021-11-24,43f1428d-b856-4fe8-b864-8728bfdbaffc,ca910495-28ae-4dcf-a3bb-7b04612490b7,-11,0,-6.41504354666741,0.3469662669936443
f1999872-d66f-4f53-8fc9-a1eec0ddf123,2022,2021-11-24,0ec0fe2d-cb25-483b-aeb2-0f12af2160c7,f621591e-18ed-471c-92f8-2c4d4c00bb75,-6,0,7.744719406414771,0.7294119162799271
f1ea370d-a6bd-4fba-be9c-63b718232647,2022,2021-11-24,5e661a2a-5f48-4f4e-b78a-4ebc2220c393,1cc71d7e-b5a6-4b50-a797-176f96548858,-17,0,-10.083705308578613,0.18446177145234025
fd60ce65-17fa-447e-b0ac-c0f0bba8b6ca,2022,2021-11-24,2a26048e-30fe-47e7-99d9-913f28dea879,2bf13d1a-4738-4039-9d08-49f17859d4eb,-29,0,-14.040795540885282,0.07886275734184936
1a748cc6-7bc9-419a-a870-5abe9ab96a0c,2022,2021-11-25,e0d91570-7fe4-4dbd-b6ba-f6ce261fd58b,23ad3833-572d-41e9-8cc5-961b2db50d2d,-6,0,-9.377012904747843,0.22017404362689258
2c7dac6e-cb2b-4c6a-b87a-a024e7deca4d,2022,2021-11-25,afaac3dd-1734-4b48-a2b3-c72d8548f375,054be086-7ef6-4006-880c-01ed91db37c3,-2,0,1.4867561847509152,0.6646025987389119
32239def-e924-4ca7-ae79-7e76dab2d8cb,2022,2021-11-25,f9beb22d-1a30-4dc8-88ac-4737870b7e69,8b50b68b-b346-4272-bd86-947d908d937f,-1,0,-3.987905801366235,0.4159540741875216
5494bcf4-365d-49d9-8f3f-2f1be539b675,2022,2021-11-25,dac65a7f-4511-49a7-9c6d-3f29d22ff86f,4204a542-7881-4f83-972a-7567cb51cc3c,4,1,-2.1763485338103186,0.42733456543797677
a7e2332c-dd9c-433a-b92f-8f00dff69c02,2022,2021-11-25,d2cb99ee-debc-4e8f-93ba-b0ffd42247ea,c3603958-de3f-4014-9dd0-d9c4c84dd226,-8,0,-9.759549291238564,0.15314396161187704
dc50d55b-f5bb-4946-b747-2372914ad866,2022,2021-11-25,a50b7fa2-326f-4ab1-8bd2-b0bbf4f26d23,8dfdef93-7be0-45db-8281-e58565dd9d85,-13,0,-8.507765408649934,0.2283795539969144
e1ba5bb2-a39f-441b-8dee-b71ef5636ef1,2022,2021-11-25,99236a96-dba6-4b76-96ca-1b8bc30149a1,77413edc-f997-4807-a4ea-9caf8157da8e,-10,0,-7.972535337670012,0.19957382672679683
0a78a76e-bc8a-46e5-90c7-07810c647858,2022,2021-11-26,188437e6-a8e9-4e63-b58a-4141ffadc80e,e5df557b-d16f-479b-b7f6-db85db97e2cf,-1,0,-0.3291664442690785,0.5114513197100443
22a3c628-6e94-4fbc-95d2-ddd279b05082,2022,2021-11-26,b1ad6435-1c60-45db-bfd9-c91cb367d66b,51c9ea8f-034d-41b2-8d67-b519b3d48286,24,1,12.388181029151827,0.9289372089131546
258a9e0b-a6ba-481e-bb47-23629aaeb076,2022,2021-11-26,8de64d3a-4bae-4d2a-a4d2-15ec6583f6aa,be29cc8b-f65a-4ba7-8a0d-40b2a9643422,3,1,15.844726202000322,0.9412390110180002
35821cb9-d2f7-4bea-ac96-12e1f8eb35ff,2022,2021-11-26,a6f2099b-9086-4681-8ffd-c41cc6f1b263,7b9691f0-e940-401d-9e2c-1d4f695fd91a,18,1,6.915549939577334,0.7958374254627424
3723bdbc-6787-4ef1-b9c7-47e7e2c4af49,2022,2021-11-26,dac65a7f-4511-49a7-9c6d-3f29d22ff86f,c3603958-de3f-4014-9dd0-d9c4c84dd226,-17,0,-6.6610996314458575,0.24671656995580318
3b2398e6-7543-40bb-b471-3bc8289d4773,2022,2021-11-26,d0a4ad01-cd4c-462a-a303-d94d9c7c79fc,96ccc81f-3016-42f2-98b1-6cbcbf6e8d07,13,1,22.148571025621052,0.9829250343248407
539c29a1-d5fc-4977-8ac2-1678742a1317,2022,2021-11-26,31503e00-902d-4881-a3a5-52c5415e0e2b,9bf29604-a6db-46b0-b81d-92452dc43267,57,1,40.63921353958532,0.9915826893420818
5bfd8963-08a9-4829-9a2a-70ace75a827a,2022,2021-11-26,f9beb22d-1a30-4dc8-88ac-4737870b7e69,4d89f528-9a1e-41ca-beb0-98f913c61c2e,12,1,3.562433949493166,0.5866574179996114
5df99e6e-c434-46a3-9e55-2e26b1398244,2022,2021-11-26,8dfdef93-7be0-45db-8281-e58565dd9d85,77413edc-f997-4807-a4ea-9caf8157da8e,-2,0,-3.8393688084291773,0.4158546685334969
67a92b8d-2b40-4046-a38f-c60e2185bea2,2022,2021-11-26,1607fc40-d48c-4c58-9fa8-96e3f20a5137,b773a5ad-3d34-4658-a942-6e2836f04e3b,2,1,9.308896946703848,0.8216845531617214
6be43e3b-7d65-45a3-aff0-edcb5bfcdf6f,2022,2021-11-26,a50b7fa2-326f-4ab1-8bd2-b0bbf4f26d23,99236a96-dba6-4b76-96ca-1b8bc30149a1,-15,0,-4.201254904333567,0.3981236181273622
6c52f563-ed01-474f-b791-fe820148593b,2022,2021-11-26,604f3fca-4ca3-445b-9be1-3cb6b7f69fd8,ff725b84-1ca5-43ef-be84-cb70a6494dab,-19,0,1.9461906685082573,0.5346198459318803
7a719a62-fd4c-439b-9758-be63ef77b525,2022,2021-11-26,048ae5f3-c6e9-4937-93fe-ec224e17fea2,cd9b9678-1f2e-4444-85d3-3269c4b3775a,18,1,23.07915294813443,0.9819360400338061
8b08a3e9-918f-4ac5-9271-0073adfe2fbc,2022,2021-11-26,4204a542-7881-4f83-972a-7567cb51cc3c,d2cb99ee-debc-4e8f-93ba-b0ffd42247ea,7,1,7.3717240181694335,0.850664468687867
a2e9d15f-d3ce-4305-946b-a0b6194d4266,2022,2021-11-26,e0d91570-7fe4-4dbd-b6ba-f6ce261fd58b,054be086-7ef6-4006-880c-01ed91db37c3,-9,0,-2.8771670560447067,0.4320549731323363
a811b638-6e68-422a-8418-030dbc4ff4c9,2022,2021-11-26,9fb581b3-9267-4861-a01b-51b7e751ca68,dddedca4-47e5-454b-b278-b9f2fec5e78f,-15,0,5.080659315930132,0.7059688982752903
b1f27e54-0361-4ac4-91b8-4a9148beb3a0,2022,2021-11-26,0c1c2a64-13fd-4f6b-b1b1-2f9290dc2295,d34afafa-d43d-432c-98d1-72ab0aa8a823,3,1,-5.449973026016852,0.27108858745215797
c55b4d49-f51b-4144-9d82-cc776fa316bc,2022,2021-11-26,f4045f82-f9ab-4d14-867e-496a744ac26e,1e46f177-0551-4da2-8f3f-c683820ed5f9,-6,0,-4.567861764340513,0.3488471731663353
c61cd03e-3528-4070-ac52-084c53a29804,2022,2021-11-26,21282287-1619-4d11-9e25-59855bdd5be6,1fac2552-eeff-489e-85f1-ce8abae4b5d3,12,1,6.219974942917999,0.7647386442682665
cc202eca-8ebf-4588-9c5b-080b4de6df67,2022,2021-11-26,b394d3b3-e9a2-466b-abe0-89cda8e8d669,97a440d7-b0b9-4fd1-9da8-6460649da714,21,1,10.86578833606108,0.8635004938343851
d0630fc3-06be-4472-a3e5-ea59420d7f2b,2022,2021-11-26,8f73f541-6fb8-4ad2-a1c6-e3eef51e7b64,54514b3e-2558-4e69-98f9-b1f97fc17835,7,1,4.702253070988898,0.6387838082440893
d10b0cb6-3534-4e0a-ad81-5fa3494ab6ac,2022,2021-11-26,ead00c79-f9ca-4dc2-9beb-0b236dc32ce5,2678c438-d23d-4ec0-8105-ab3f1c748aaf,-6,0,0.23297912354209768,0.5654516754539771
d6c6fb11-bf6b-4aad-b51c-455359a13816,2022,2021-11-26,f04a9115-7f6e-45d4-8590-4934a791ebb3,58041e02-d340-41c3-9f0c-e5e2a5c7a135,14,1,11.667648551266389,0.9195938579476698
e3799bd7-f4ec-406f-bfe4-f07067b106dd,2022,2021-11-26,5253a75a-17f7-4ea5-b313-743697ebca72,59a704c5-1934-42cb-8720-83cd7ee9f3fb,1,1,1.3513357902659742,0.5439659444786834
ef4c751c-2d1b-43ea-b093-86488e48c9b9,2022,2021-11-26,afaac3dd-1734-4b48-a2b3-c72d8548f375,23ad3833-572d-41e9-8cc5-961b2db50d2d,8,1,-0.3453351185628908,0.4889803781076337
f8bb9d96-8476-4fa6-9a22-5109753f3c84,2022,2021-11-26,6081d978-c3cf-482e-8374-c40b212242c1,42f97a12-c358-47bc-8b1c-e20878be4a05,34,1,31.075495152595636,0.9843751817172348
fc6546a3-7e4b-4686-afc9-af760294b513,2022,2021-11-26,3ae40137-6b36-46a4-99e9-3ea88255660c,1e89fbf7-1862-4050-b61b-f4de4a9ae045,32,1,35.591569475525596,0.9879799192981003
01f35bb3-a1d9-4994-9c6f-b61a344e4044,2022,2021-11-27,6da558cd-823c-46c8-b91b-4a40b474cc87,ee925def-24cb-4b43-969b-4fe42d68b72e,-5,0,15.6877028166973,0.9385546198420097
028d09e1-e8da-4ddf-8d64-c7085dba2dd1,2022,2021-11-27,f1fa4ba9-17ac-4467-80da-6559daef7a45,77917ea7-df52-4378-9975-57dbd680815e,2,1,9.992052833793847,0.8807585745405863
0328fa55-a6ea-4a1c-9b62-599eecce5395,2022,2021-11-27,5f19cada-0d6a-4a64-bf90-7be104537c24,f816660e-09e0-4733-96a2-4d878efbff6a,12,1,17.2553752969139,0.9489506784944923
07f5cdf5-9131-41d1-8c67-0011350fda42,2022,2021-11-27,cddd6722-8c88-48b6-853a-6481451c0290,0f8a15c4-f4b7-4335-a429-ae233bf4aa41,-8,0,7.896430200073435,0.8234366172338579
096a0b50-857f-4ca0-96c6-6deabba6a56d,2022,2021-11-27,95eeb869-4052-4a70-84dc-8178393a6646,f5d59c00-1a94-4484-8e5c-c5073ff87ce3,35,1,14.532730679733692,0.8479195225825695
0a415f5c-3a14-47a7-b544-bc776628c100,2022,2021-11-27,53922fed-96eb-4cde-8b45-7f8b7e032cf8,57a961fc-fabe-43a1-bd3f-78858a193715,20,1,7.798337370345155,0.8000774198575503
0f0ea67a-50c0-4cdf-b620-5c993eb06e8a,2022,2021-11-27,4090fa15-7788-40ba-95cd-6c5cba85e91a,553733fe-ac6e-4397-9188-b27a01824e73,8,1,7.858852255477807,0.7656653135622247
1b62fd14-9c85-465b-a5e2-2e654783e664,2022,2021-11-27,5820546f-7b8e-4593-afc4-fa098623f568,4184e3dd-c499-4f67-b148-fb0c4342d564,-10,0,6.779035804795766,0.697078319281304
1e9fd577-f3b6-47b9-ac18-826a705a6930,2022,2021-11-27,be639f4e-dcad-4737-8fdc-2740207d65e3,fd0a26ff-3454-40f1-b8e8-1f0f6f9523db,19,1,5.143313774189368,0.6921453346632503
204d394b-3509-4dc0-a134-87661f808751,2022,2021-11-27,d67c23cf-71fc-4b63-b6b9-d41c6e172e4b,61cad1f2-f187-4b2f-8e53-02eb65eae2d1,17,1,12.776108261057217,0.912273440815795
262ca622-4da2-4afd-a4b1-abf93a2ab782,2022,2021-11-27,cba4f27f-e547-49bf-bbb3-2983917351a2,92249853-0b54-4944-8955-34bc02003e54,9,1,12.72483581672751,0.9123651053819326
2e6e6f70-7109-41f8-9bd4-ca63e5376724,2022,2021-11-27,fc748d3e-7f1e-4823-9d7c-f14ad3df799a,4db0015c-fae1-4d5b-8be6-db756062d47c,11,1,9.711973113314848,0.8530717735419575
304e28a6-e5a8-4012-be58-95e9ef23e535,2022,2021-11-27,ded40384-d167-4ba1-93ad-2fbaa4def151,01167cd7-9c6a-4860-904c-78f7c777ba81,-12,0,-0.3384442336046337,0.4717548068472165
40f7ba39-2481-450b-8a5c-0cc625decccd,2022,2021-11-27,bf8f11f7-2ca6-48bb-ab7f-58720df6451f,b0fa4996-a909-4fd7-ba9e-8f180716f7f3,2,1,-4.294426615523581,0.2248837224499825
41caaa95-64cb-4904-b61d-a1c0377ead67,2022,2021-11-27,3e79582f-0f2d-4ace-86a2-242de87ef6c2,af1bfe66-a343-4c46-94f8-4c670ce2c8d7,22,1,4.3474995384929995,0.6690795399691861
4b73bda3-6031-403e-b621-577c46bc6df3,2022,2021-11-27,8af2e3d8-3a2f-4008-b261-30f11908b768,d5a14f1d-6220-4af8-9b8a-c8a9ae952d5e,-5,0,14.437225054941978,0.9328233668259801
5083a043-dfc0-4c55-95de-e2a54f131361,2022,2021-11-27,12414365-9349-4a1b-a319-34a8ad92f7e3,f2eab5a0-4f7f-499a-b807-edd4f40d28e6,8,1,9.286506915525969,0.8403760285480381
5b6b2e76-d148-4813-8da4-33396ae8ee6b,2022,2021-11-27,5018dfc0-8279-4a3e-b376-b7606f612a00,89fd2af1-5c8c-4222-8ffd-ce72e55a8579,-22,0,-8.214450107376376,0.18858826765352327
68008034-d75d-4449-ad64-d1fad471a10a,2022,2021-11-27,3f62a009-8c84-44c8-9775-4e3959e17edd,0a370edb-2194-4979-ad23-d796fb97dfb3,28,1,8.54430750656146,0.8158759045887606
696cb219-47b7-4249-90f5-f4134d8d0f69,2022,2021-11-27,91d1df49-0521-4008-8e8f-c2098944ce2c,dea85f83-4470-4a0a-934c-553c4722d079,1,1,8.064908347732828,0.8460829263573635
696fdb7c-4742-43ab-aa3f-5db9e103162b,2022,2021-11-27,ca2c8cbf-6e05-45fe-8697-30f46c2f58b1,fbf897ee-41aa-431f-8ef5-0ea7cbe2a05f,-2,0,10.961065015804415,0.8216919539161442
6ba381e4-cb15-4b18-9fba-3f510983f91c,2022,2021-11-27,5bb511d7-5a12-40d8-83d2-8be20bfc33d4,cc1716b8-24e4-49d7-8778-964affd58954,-14,0,-3.3269587429737197,0.38140017804092097
6ca69b15-1ef4-483d-8e95-f2a44492e671,2022,2021-11-27,5870d352-4930-4235-9c03-7bcded7ae342,68215498-0684-4009-a2fc-93fa21109838,15,1,15.101349182373907,0.9324858758908411
6fac2563-868e-4b01-8a15-5c909d306443,2022,2021-11-27,28669a26-792c-4843-ad64-6f16da03d389,48b92b41-b7ed-4c2f-b7ef-3e3d4a99fd62,32,1,33.0306070522095,0.9877303025799561
778d993c-3954-49d1-861b-c0d399ccfb4a,2022,2021-11-27,af3a149c-e965-41c9-af16-a3dd0322f9a7,2bdfedb6-38f0-4eb8-baaf-2965a942cb85,-10,0,-10.138484127160321,0.10204032353714172
80f69ce9-7916-49d3-9337-086a354caa26,2022,2021-11-27,7c264f4b-0e3b-448a-a195-c16c164a624b,371a2930-c5a4-405a-bb44-9f22b55ca81a,12,1,4.279502854198434,0.6840028026729239
8ba8795f-4a21-4a89-9eda-94b359300269,2022,2021-11-27,5a26bb55-d02d-4957-be27-861e8036f152,cf2375a7-1488-493a-8679-e8112b47cf7d,32,1,26.65450454336077,0.981537188289904
8e66bcd6-635b-494b-8a54-bbb6b75a7ef1,2022,2021-11-27,2335e299-031d-43e6-9ae6-536cc9177f51,5984bc3b-7531-473e-8087-c5fa390b08cc,19,1,21.630856394283906,0.9774837729110807
96f63c79-e28a-41e1-9346-357ffd9a1d1b,2022,2021-11-27,f22782cc-03b3-4a0e-a189-8305ebe19b87,d4de33b3-cd7a-47bd-bc4d-da1381432ffe,-15,0,-11.335080444271819,0.09706512790064076
9b19a1c0-84cb-4e99-b6aa-cfb9164c97f4,2022,2021-11-27,ceed979f-ef7c-4eee-a2e7-fc66ff70bbc1,0cc63380-151c-40fa-bc6b-76091785d359,-27,0,1.488269775300173,0.585842559387107
a0ef0a7a-0aac-452f-81b2-3863147a668e,2022,2021-11-27,e0d5322c-5032-4768-98e5-0b1ffa787a08,e78e20dd-cddd-4b53-b5d6-62aad4ced9ca,6,1,6.466238621099997,0.7285745405928223
a3f5e44e-838b-434a-877b-afce4cd9fd73,2022,2021-11-27,3b36f988-af5a-4761-a417-f496a2137c3c,8e9f9414-bd72-45a6-8896-59f1453666d6,3,1,-9.236406608373967,0.15240591622151986
a9638b3a-22aa-4c49-b653-14b1730efcbd,2022,2021-11-27,1b846bd7-47c9-4bf6-ab08-e44d968a34f8,bdcaae22-ba48-4546-82af-ca21a229c276,-8,0,4.453858850360062,0.7207035027163454
b3658b60-c308-400e-b3d7-7ac552fe951b,2022,2021-11-27,4e853367-c5cd-4701-9554-38bf174777a3,b23fd4b9-0101-4a30-a8df-10760e1f4bfd,14,1,16.863498687311154,0.9516751074019794
bd802ba5-208c-4cb2-9456-4df1ba746e5b,2022,2021-11-27,d98e9dc5-d3b9-41c1-ac48-5a4945d47713,3fa1a848-0e6a-41e6-be7c-d6241c6c6caf,5,1,20.57533982019245,0.9727113940988515
c775a378-f33a-4bff-8671-72ae8bcce5b5,2022,2021-11-27,88dd4c56-3e3a-462c-9958-87b739bdc457,e6d68428-bbd2-4402-b980-d22e5e7957ab,-2,0,5.353285022528849,0.7563771542450206
c7b4075f-17ee-4bc5-bb26-1435a4dda1e4,2022,2021-11-27,a313a13e-7ac3-4c73-8872-6d424a253480,3b495752-ddf1-47a7-8bdf-2625c4bfcce2,9,1,1.679235906450889,0.6224206013159446
c842bcdd-45f2-4ca3-ac94-c6ed09e78ec5,2022,2021-11-27,4b2092bf-f1b2-48c3-8ba6-43f8f5d0ee62,d84fbf05-f799-486b-956e-f0500927e1d0,-11,0,-3.4588946749661273,0.39311683180878976
c9de1452-428a-49fb-8695-4c7d220202dd,2022,2021-11-27,5bdb2df4-f9a3-4404-a003-948f25c48965,bd64a96b-c6bd-4f04-ac87-79bec2f197d8,3,1,6.478952779484476,0.8100343255715807
ccd722ed-ca45-4781-90f8-3eab86cac952,2022,2021-11-27,c73565a9-06c6-4314-b7e1-3659db4cf00c,b7898dbc-7198-47fc-8098-496c7867351f,17,1,14.8176265998769,0.9227776207666049
dd62e7d5-ed0a-409b-b354-b2db6653b785,2022,2021-11-27,9be3dee8-ee3a-44e5-bf8e-c59a500829e6,bdb5791e-8da5-4640-82cf-7354e2f02b3e,-11,0,-3.340589898701274,0.3875814219283119
dd9ae2a8-f4d0-4424-92fd-9cab404ce9d5,2022,2021-11-27,2a426bd0-410e-4de3-8d49-d5fc05123454,3157f4b6-4b11-46d9-beb5-cef7c68fd1a5,46,1,37.90559859760803,0.9899642811776299
f93ae667-e8fa-49f4-8011-b7677b61e16d,2022,2021-11-27,ca910495-28ae-4dcf-a3bb-7b04612490b7,c14dbd3f-31c2-4647-b19a-e03839f04ad5,9,1,12.216048797405893,0.8695867773552415
0476e4a3-ea5f-48fd-aa5b-24e27b091752,2022,2021-11-28,6b68cf86-676c-4d12-958b-f2b9da02a5a1,a270ed0b-d820-42d4-8101-f2bf9e25042c,14,1,31.496942591535664,0.9868812281520772
0aadcd22-a000-4272-a8df-70eb4008044a,2022,2021-11-28,d1893fac-c32c-416c-9aed-0d6c61ad0935,eb341503-aa23-4784-af34-3b14bd72fdd4,1,1,10.059478937288699,0.8673011012881956
139ea927-2291-4c97-8cf9-338aecb01a6f,2022,2021-11-28,d99c752c-71e0-431a-b0b7-143707bbc110,4b6d2ea4-d1ab-46f4-b480-555227d14e55,7,1,10.524124783956683,0.8611476701280469
1754ff1d-7f87-49b2-8e4d-5c2bf8c91c07,2022,2021-11-28,cc4eefaf-2887-46d2-920d-d97a8f3df18c,af6d34e9-4be7-4fc4-b61d-28a000704daa,-4,0,10.579947502134706,0.8386989782234214
1a267493-853c-4522-afab-b5510ca72cc0,2022,2021-11-28,87cec0de-4d93-4ed3-9ac3-deac97be5eba,1e89fbf7-1862-4050-b61b-f4de4a9ae045,37,1,15.612107603866317,0.9528756912146042
1ba1796a-4f33-4aad-b6de-edf2c872b46d,2022,2021-11-28,b990f4aa-efbd-4625-95a3-376e51ad9f2a,553733fe-ac6e-4397-9188-b27a01824e73,11,1,6.390165192311775,0.739577175426042
20b11b37-3cd3-4c27-821f-873c35ba3e44,2022,2021-11-28,d91f2468-d81d-4b25-a8be-53e85e8b4ded,242a53a0-47e7-45ed-afe8-61172c29f09d,7,1,22.75530140735142,0.9640871689921887
30de2690-dad0-4f8d-8151-22211eb2e783,2022,2021-11-28,be639f4e-dcad-4737-8fdc-2740207d65e3,6c96789e-21df-4f43-92b1-8e62705ffc1d,7,1,1.9268383595602154,0.5498378645951222
352fa5a3-1b48-4883-b72a-c16f66754f52,2022,2021-11-28,884b1e88-9543-406b-bbef-d24ea9c36092,1c994624-ca30-44fc-97cb-9a0aa481ad72,-16,0,-7.5875643871827,0.2681777393445776
3a012208-48d7-4473-941f-e4acab1a0a72,2022,2021-11-28,62080182-ef8a-4907-90ca-00df4cec4e3c,61476d05-09c4-4500-a588-2847128ed6e8,39,1,17.932319487443408,0.9559015484156334
426e280f-aba8-4a09-92c3-7a7ab634774b,2022,2021-11-28,54514b3e-2558-4e69-98f9-b1f97fc17835,9020eea9-bced-4c46-9f85-8bbdff3393c5,-13,0,-13.799923066191889,0.1070617609334351
4814be2e-c82b-44c5-894f-d1beced20a6f,2022,2021-11-28,9400f670-2aa7-4099-aa46-ea9cf4724079,a8d4a467-9623-470f-9ec3-c15afb497e8e,-4,0,-11.638772290699958,0.07481289867833717
536d0b6d-9b81-47d1-91e6-434cc0bfcfc4,2022,2021-11-28,247be024-10cd-4230-8ff4-c8f55dafdf33,24f1d79c-4241-4c82-bf09-57a159ce81b3,9,1,4.015133172159705,0.5929226846778475
57f7819d-a170-4c6a-851f-06e414dfa2a5,2022,2021-11-28,8f73f541-6fb8-4ad2-a1c6-e3eef51e7b64,c5a3e484-778a-41ce-abc4-7ff9ec51ca4a,-2,0,-3.275542470473779,0.36837289175124666
6547df8b-829f-4030-b38e-97429babc4a9,2022,2021-11-28,ab8cafeb-02fc-4c83-aa0d-dcc530796fe4,77d10aad-4300-4849-8c55-f92e900358a4,7,1,6.386737971086525,0.7009973962496098
6b518311-2091-4a67-976f-0b275c27b9f7,2022,2021-11-28,f1501573-e854-43f7-9346-e94fa60ac4b7,77b07047-6507-4cf4-85a5-4c69fc0c453f,9,1,13.01007532157257,0.9242181848253227
7500d04f-674b-4a4a-9689-32fdde366621,2022,2021-11-28,3411d575-6a72-4b22-885f-e90bac6bdd28,81c35070-ad3d-45bd-8fcc-5a8c73a46ba3,-3,0,-2.4282996225841944,0.394227918261455
802aaab6-a3ed-4778-94a6-f2f7c0f9301e,2022,2021-11-28,fd0a26ff-3454-40f1-b8e8-1f0f6f9523db,cd84e158-0ec9-44ce-872b-e44a595a4e37,-4,0,4.404913138112848,0.6295838109139542
810c92c5-8986-4b0e-93b1-5d5aff29c1c0,2022,2021-11-28,a30d0067-866c-427d-b6d5-a55b4c986208,743e2828-8a80-4168-9d8a-f8cc1d9b0b9a,4,1,6.531315254726277,0.7710053424364368
84221b0a-cbc9-4c0f-ba2d-480284402eb7,2022,2021-11-28,61d9acae-2486-4e53-82ea-60d146622f34,944226c8-c2af-4571-a853-5bb934c49ae4,8,1,-5.342950812284543,0.29938888198305
8471b64f-6847-4499-b6d6-dc5261559f92,2022,2021-11-28,1049e433-d23c-4aa2-8581-4bef2ad0715f,c3d3f21f-51d8-4ae4-9285-7209d1d97802,-4,0,-0.8091827743389963,0.4160744855889337
884d9b9b-2007-4b82-a6c9-18812ac783cc,2022,2021-11-28,ef3d2fcf-bc17-49a6-84e3-cc117e8fc095,ead00c79-f9ca-4dc2-9beb-0b236dc32ce5,-11,0,2.3805390469915753,0.5851541214454367
8a9e9e14-1844-44f1-bcfd-39139b9609bd,2022,2021-11-28,92665c8e-76f8-4e29-a164-ffd7c8890a33,d7c1086d-592e-460b-9f30-684b14d1097f,18,1,3.724541624973952,0.669791674815014
98592b38-f934-4f7a-8c92-d4156b740cfd,2022,2021-11-28,f9beb22d-1a30-4dc8-88ac-4737870b7e69,240cc087-ebae-4133-9c14-cb46ebe54b97,-4,0,7.225849587411947,0.7825861696854169
9b024404-569b-4fd6-9fe3-a45e76d909e3,2022,2021-11-28,909caafe-4b74-468c-a1d3-efd53ab80ca9,1552f5fd-a3ac-4947-93d8-08bdf1a77f93,9,1,-4.494967414458777,0.33660977737702735
eb3ca944-8839-47bb-b86f-7750c921f710,2022,2021-11-28,7187f894-4dce-4524-b538-b66a892cd89a,a5e97c6a-a0e1-49d2-b6bc-8903c39ceaa0,-2,0,-3.8298641550915957,0.28768651776026927
ee0d07fd-be95-4c6e-b020-010647e78de3,2022,2021-11-28,fb5884a9-f370-48a9-9000-3b1a4f02f0be,be29cc8b-f65a-4ba7-8a0d-40b2a9643422,13,1,3.2963730426629323,0.6173314141305213
f373eea9-56b6-4d95-b60a-145e3c80ee80,2022,2021-11-28,46716039-e26d-4d19-a17a-35eec7c36cb4,df8bfbe4-f858-405e-bd5a-04f400d2d7f6,-5,0,3.7542418446635586,0.6768627347555073
f6cd4ad5-f245-40a9-8680-a745169991bf,2022,2021-11-28,00366c32-204f-4176-9a22-20555a1e6363,a5658591-2fd7-4ab6-bea8-70e793ff3f6b,16,1,19.994140904125885,0.9780472687413309
f8c6c756-e70f-4491-9922-d173d8a3c526,2022,2021-11-28,7dfde2c4-2d03-47ac-8d87-e6480afb8a99,42f97a12-c358-47bc-8b1c-e20878be4a05,15,1,2.389602507437031,0.5830069374349771
fcb88234-5036-4fa9-aae0-f6c9af25a53d,2022,2021-11-28,4bc4f625-be38-4da1-919a-c43bedce10b4,e40486af-12fa-47cc-93aa-4b196b7f5bbc,32,1,-1.0256670054505423,0.42007087983108593
33de9e9a-411e-40ff-934b-fc9f534e23a3,2022,2021-11-29,0ec0fe2d-cb25-483b-aeb2-0f12af2160c7,ec2fc7a9-a3eb-4e36-9404-f156e2f997f5,17,1,15.641882737074594,0.9598334387863625
52a27a13-5134-412f-8738-4700ee7b4831,2022,2021-11-29,ff948b57-cb4b-42da-a899-37fa5c8a6d86,bbdc8c62-dfe4-4e42-9ca9-ff85d375faf9,17,1,19.49772145408214,0.9695938796368726
5b4926eb-553a-4335-b861-d740f209d025,2022,2021-11-29,1cc71d7e-b5a6-4b50-a797-176f96548858,3911d63c-249c-41d9-a29b-df0377e1a054,-13,0,-1.8232407211948223,0.43014325084914473
8151b58b-3152-49c5-8413-d1a0b7b2369d,2022,2021-11-29,6081d978-c3cf-482e-8374-c40b212242c1,3795d76f-7577-4ea0-8f28-89d16c87f9f0,28,1,30.46836945779955,0.9873510358789601
8a42d14f-3113-4bc2-a1f9-79dbe1862291,2022,2021-11-29,2a26048e-30fe-47e7-99d9-913f28dea879,21282287-1619-4d11-9e25-59855bdd5be6,40,1,13.745879718599571,0.9208979028218592
964daf3f-fcb2-4bf5-80a7-6e304a2f8ec9,2022,2021-11-29,3f62a009-8c84-44c8-9775-4e3959e17edd,1393366c-684f-4fdd-bd85-9fabb1307aef,25,1,11.790566464889686,0.9263029886843599
9d6c01fd-30aa-4239-8464-0b1bdabbfd36,2022,2021-11-29,dcf098f0-7fc0-458c-95fe-c6f0743b4274,062eb8a6-996c-4619-9ba7-498cdd009dd6,-11,0,5.8253017443092325,0.6964917481376257
9dc5d745-4e49-4a3a-9cd5-9f31fdae4dfb,2022,2021-11-29,d0a4ad01-cd4c-462a-a303-d94d9c7c79fc,0724bbd2-14e4-4069-820d-16f4dcda5df5,15,1,12.083621326021017,0.9173094675590809
a3112aa7-6bcc-4a9f-ae73-eafcf32b6fff,2022,2021-11-29,c01c9fdb-95d5-43c7-b905-8bf714226631,421b3b28-ab05-4462-bfc9-644fc7163e24,-14,0,1.5221912755986307,0.6127757314638859
ac774f35-a790-4de5-a12d-edd6e45fcbcf,2022,2021-11-29,0efb1176-dc90-4109-b141-5025fc424128,247be024-10cd-4230-8ff4-c8f55dafdf33,-7,0,-6.807460313819006,0.2420831765180767
ce24920e-5930-4aae-9ec8-79791634462b,2022,2021-11-29,5bdb2df4-f9a3-4404-a003-948f25c48965,9dc47cce-9b16-420a-971f-5362aaa69dc7,-6,0,-3.910401126437685,0.34899979706550716
d79330ca-6dc0-441e-bfd9-579e466861ba,2022,2021-11-29,96ccc81f-3016-42f2-98b1-6cbcbf6e8d07,964b0070-5909-49eb-8fbe-c2de5f48fe0f,-23,0,-0.18113053561743203,0.46574437979480104
ec016443-e881-4958-a30b-d4741f6f517a,2022,2021-11-29,5e8f405a-2ee1-4230-95ea-420666557eed,b4531112-44f4-44bd-877c-3fca948b51f3,10,1,6.409489482353522,0.714924846399605
ef326953-c88d-4e60-a635-50f19375ebb8,2022,2021-11-29,75755c79-6aec-4154-b1f8-2337fd4a06c5,d77ce32a-30e5-47ce-8841-52447d9fe891,16,1,18.893621793655626,0.9675954271684043
0c87a84f-3cc2-4273-a408-29eaf24b0666,2022,2021-11-30,31503e00-902d-4881-a3a5-52c5415e0e2b,697f7fa6-4d64-4abb-8310-9f310c49ad61,28,1,14.461870153271986,0.9167589212868237
0cb4e071-5f0a-44dc-8419-d9d06f09d70b,2022,2021-11-30,eb038e9a-e14d-41b3-b26f-804fde52e571,0c1c2a64-13fd-4f6b-b1b1-2f9290dc2295,5,1,0.07797376234747828,0.5324126185024325
127724db-7c7d-4ceb-bd02-5a08fd9b76e2,2022,2021-11-30,5953232b-95c2-4915-a150-ed30d3fdc96f,4b6d2ea4-d1ab-46f4-b480-555227d14e55,24,1,10.339851461163795,0.8753952843068681
1294b392-0639-40ea-ba65-d5d9cb8255d5,2022,2021-11-30,e06f08fc-4ed9-4807-9f8a-7889130e21f6,2bdfedb6-38f0-4eb8-baaf-2965a942cb85,-4,0,-10.896898813361686,0.149303875701576
1d084803-9632-4dfb-a52d-3de669455adf,2022,2021-11-30,5bb511d7-5a12-40d8-83d2-8be20bfc33d4,7bb8a634-d969-4ec9-b472-8294b1782684,4,1,9.063586751877438,0.7879401731079195
2418ad41-c310-456d-9107-afeeda4912b9,2022,2021-11-30,5820546f-7b8e-4593-afc4-fa098623f568,6bb1093f-59ab-4de2-9cae-c257b87d56e4,-1,0,-1.8322562623914056,0.3755909266154362
2d4b1959-2ddc-46ee-bf73-2ca0ad793e61,2022,2021-11-30,ceed979f-ef7c-4eee-a2e7-fc66ff70bbc1,61bcde81-66e5-484e-95eb-5f373ff4a7eb,2,1,6.0948888434706845,0.750416432397608
312b2410-1b06-4735-8c30-8b3444770f55,2022,2021-11-30,ca7c4f31-56b7-465e-a3a7-4a4a123f213c,fbb275ea-bf78-4cdf-ba66-538cd9722ef8,-4,0,4.007925811797384,0.6665925891231733
3de015a9-f358-468b-84f6-5d821a837687,2022,2021-11-30,b0fa4996-a909-4fd7-ba9e-8f180716f7f3,3ae40137-6b36-46a4-99e9-3ea88255660c,10,1,0.6956725624009008,0.5201389986407811
45ed21b6-7053-4521-b2c0-8e8ee9b9c032,2022,2021-11-30,4d299953-da89-4561-afe6-d0a2222d454e,054be086-7ef6-4006-880c-01ed91db37c3,42,1,27.03146195210313,0.9867600253741755
4c30c9ed-d040-4588-bb84-2f78881fc55c,2022,2021-11-30,5d7eb8c0-4b09-461b-bbc5-e2a032194a74,59a704c5-1934-42cb-8720-83cd7ee9f3fb,8,1,-3.3746926027486577,0.2910824886476352
4f07a74f-92c1-410b-889e-28495467996e,2022,2021-11-30,6bcc781c-aaad-4e10-8214-7a1d0e3f2e6d,dfc3b54f-3b20-406f-a673-33061db4e3ba,12,1,12.991908069656875,0.8688966324417101
538af275-e1d5-4637-80a6-b56096a29e98,2022,2021-11-30,56c81362-1bcd-418d-831b-74b9b0c4a563,1552f5fd-a3ac-4947-93d8-08bdf1a77f93,-16,0,1.7370238553082975,0.6327797178076345
55875309-7805-4904-b8d2-c14845eb3e6a,2022,2021-11-30,fbf897ee-41aa-431f-8ef5-0ea7cbe2a05f,b101bc61-0628-4298-9362-c2e546437032,4,1,-4.686415592219707,0.35396902770652755
6235b32f-0a87-444a-82c7-7ccfa048aec1,2022,2021-11-30,9bf29604-a6db-46b0-b81d-92452dc43267,3fa1a848-0e6a-41e6-be7c-d6241c6c6caf,-10,0,-6.97889002398502,0.24011476467990156
6d0a3c8a-be73-494d-921d-05684ff99993,2022,2021-11-30,9fb581b3-9267-4861-a01b-51b7e751ca68,64820b75-84d5-4b53-8bec-43ee70e03b36,25,1,15.881831235931804,0.9413088789941203
770fe02f-e766-4a79-8401-e5c8784768ba,2022,2021-11-30,9aff8705-aa1a-4181-bda2-9f9544361658,2d5a3d36-55d8-4fc7-9050-a067b5a5b3c9,9,1,-6.557927377775203,0.2952435800713214
77e6191c-4336-4908-9b13-8da561edcc4f,2022,2021-11-30,e31be871-e6af-43f9-9cf9-865a275b7e6f,afaac3dd-1734-4b48-a2b3-c72d8548f375,20,1,16.784976540873615,0.9638121532089005
7d9d63be-97e5-455d-889b-396808f935da,2022,2021-11-30,e44d72a0-bb34-4a0f-b307-188c3b30e131,29398553-f42a-4873-9321-4c772f7dca42,13,1,15.671402234670666,0.9528152175395525
991fea79-6a6a-4092-ad08-88bbe0a02786,2022,2021-11-30,3b36f988-af5a-4761-a417-f496a2137c3c,ded40384-d167-4ba1-93ad-2fbaa4def151,13,1,6.260005651966656,0.7049052935543629
9ca9842b-7abe-43c2-8e9c-be5fc8af7d14,2022,2021-11-30,669eb771-4301-4c20-8e17-113d14b6cc8f,bd64a96b-c6bd-4f04-ac87-79bec2f197d8,9,1,19.842795914095326,0.9616376358918972
aa4d928a-22c5-4386-94ac-85c53f0728b0,2022,2021-11-30,9c70f4e7-acfb-484b-8154-f0fa9365a3a8,a50b7fa2-326f-4ab1-8bd2-b0bbf4f26d23,-7,0,8.862207419861965,0.8245445215215161
b0e613fa-7ba0-464d-8dfd-4df6225ccaff,2022,2021-11-30,644511e8-8569-4c1b-b22e-4bf2710fa9da,28ef27aa-2dd0-4469-b521-fdbe9d8c6bd0,-11,0,-3.197130240985025,0.30946890656962667
b3515f11-8a05-4593-ae2f-d6423fdd1ebf,2022,2021-11-30,d98e9dc5-d3b9-41c1-ac48-5a4945d47713,c73565a9-06c6-4314-b7e1-3659db4cf00c,25,1,15.394878361220407,0.914045664463313
be9c7589-3d4a-4ed7-8f4f-d62bf2eac052,2022,2021-11-30,0efb1176-dc90-4109-b141-5025fc424128,247be024-10cd-4230-8ff4-c8f55dafdf33,-7,0,-7.901921829171973,0.1748788377663711
c1edec1b-1be3-468f-9538-0c6b52b71959,2022,2021-11-30,2bf13d1a-4738-4039-9d08-49f17859d4eb,9400f670-2aa7-4099-aa46-ea9cf4724079,41,1,38.36453435332953,0.9866621894218209
c5f6bbeb-7a87-4055-9064-a3be39d0d41c,2022,2021-11-30,c995f51c-df46-4643-9aa1-3830ce760066,f5ff136b-cc0a-4eed-a502-c028afe284bf,5,1,1.5249457869547234,0.4695943350337654
c76784dc-9939-4d10-8c61-9b0ed6b788fa,2022,2021-11-30,57a961fc-fabe-43a1-bd3f-78858a193715,e51ef676-50a6-460e-81a8-b05cdee80c25,10,1,0.9979310636489999,0.4872671180014448
cd0774f9-d5d9-40ed-ae23-4f1400f37018,2022,2021-11-30,f1fa4ba9-17ac-4467-80da-6559daef7a45,5253a75a-17f7-4ea5-b313-743697ebca72,1,1,2.683289620054029,0.6254231030810574
cdb40d74-8f60-4779-a025-14caa49c0a5a,2022,2021-11-30,4e853367-c5cd-4701-9554-38bf174777a3,ee925def-24cb-4b43-969b-4fe42d68b72e,29,1,18.989821265956802,0.9564954885189924
ea517f94-24fe-4c8e-937a-b3533dc56876,2022,2021-11-30,0d182ffe-13fa-4447-8f00-f38088d0cf05,7798adeb-2809-42ca-b509-02c719168825,-17,0,-5.582084678225632,0.3060544372996187
edf9d6f2-1b88-4239-ba9e-3ac2a3925aee,2022,2021-11-30,4204a542-7881-4f83-972a-7567cb51cc3c,f816660e-09e0-4733-96a2-4d878efbff6a,9,1,27.778476825687388,0.9820192750978171
f46ef285-a04b-4274-b3c4-dac9c4ed4da7,2022,2021-11-30,ad5bf26e-a32c-4d5a-b531-f6822b104284,212827bd-b2f5-4ca3-a901-403112b8594c,5,1,12.691178306762652,0.9485351877212486
06e45406-1bc4-416e-9dc7-ce89e2c88359,2022,2021-12-01,3daa33dd-fb52-4c5c-8534-e82952ab4d97,77917ea7-df52-4378-9975-57dbd680815e,12,1,19.473211866286963,0.9673527966470166
0b6e7059-2621-4883-b56a-a69cf2f566d7,2022,2021-12-01,a6f2099b-9086-4681-8ffd-c41cc6f1b263,af1bfe66-a343-4c46-94f8-4c670ce2c8d7,12,1,17.218629446687512,0.9546329225062163
1a4b0758-03c0-4555-bd7f-39b2470e3c0b,2022,2021-12-01,1b846bd7-47c9-4bf6-ab08-e44d968a34f8,188437e6-a8e9-4e63-b58a-4141ffadc80e,-4,0,-2.6009240245860337,0.4232749860496091
2347bb37-7aec-4584-ac45-c2107f8f1b7b,2022,2021-12-01,b394d3b3-e9a2-466b-abe0-89cda8e8d669,d84d7188-0176-4937-80ec-d83ae93a1912,17,1,13.415795463373373,0.9118536874393972
23966e7d-d2a6-47f4-948b-677801f544d1,2022,2021-12-01,3e7063d6-a6e4-4aa4-8e77-044c9f5fc21a,28669a26-792c-4843-ad64-6f16da03d389,4,1,-8.100637157583266,0.1788716260497115
266ce693-3ee5-44f8-b944-d09894d4ba73,2022,2021-12-01,e6e965ed-2ea0-4655-b873-7c4b7d9db0ae,b1ad6435-1c60-45db-bfd9-c91cb367d66b,6,1,7.547987937241859,0.7630289969110863
2b48af78-a75f-4ecb-910f-a08c2c68799d,2022,2021-12-01,4184e3dd-c499-4f67-b148-fb0c4342d564,96ccc81f-3016-42f2-98b1-6cbcbf6e8d07,38,1,10.299179933660877,0.8653189629942557
3d9d3eb0-9b31-48b1-93b2-ca959131eabb,2022,2021-12-01,03b227c1-5813-4ee2-b7f7-34094db05200,62080182-ef8a-4907-90ca-00df4cec4e3c,7,1,6.620437293830425,0.8078425278524236
452ba734-2678-4381-b681-3647cf8be88a,2022,2021-12-01,3b495752-ddf1-47a7-8bdf-2625c4bfcce2,b31491f2-919b-4ff0-9274-11397e369e22,27,1,5.11508236389065,0.7892394327313862
49a22ab1-0f9d-4338-8c4a-ecb367772795,2022,2021-12-01,73339436-3261-4171-9cc8-854b8e176836,8d6547d3-5ed7-46e3-9ddd-95756f8adf91,4,1,1.5729808952886468,0.5548926281548571
4e1b0777-3b96-47fb-abf0-be3ae369c515,2022,2021-12-01,ca910495-28ae-4dcf-a3bb-7b04612490b7,bdb5791e-8da5-4640-82cf-7354e2f02b3e,7,1,-4.357135980872187,0.33422313448617
4e2747cf-6e73-4375-80f4-32a008e6b21f,2022,2021-12-01,0f8a15c4-f4b7-4335-a429-ae233bf4aa41,b4531112-44f4-44bd-877c-3fca948b51f3,7,1,7.211118003322904,0.724979955437817
4fdacdf5-d35d-4c92-81eb-3afed2697683,2022,2021-12-01,371a2930-c5a4-405a-bb44-9f22b55ca81a,88dd4c56-3e3a-462c-9958-87b739bdc457,-1,0,-7.22655578054914,0.19902027034791678
57521df5-0f40-4bd1-88b9-02acd38771f3,2022,2021-12-01,aef6cc9a-dcfd-4137-aa03-9926d921f466,a8f76e24-7f09-4727-b40d-6834e4fc0829,2,1,9.24194860029649,0.7900798149694286
59474757-590f-4dd7-8e41-114139d78173,2022,2021-12-01,14fa05e6-500e-41a6-b7a0-de4b16c4e7cd,72261a98-a3e3-4f7c-8188-4faf20af42ad,6,1,-1.2328075507681389,0.45422012371039744
5b8c498f-53dd-4b4f-acfd-ec6e01a461ec,2022,2021-12-01,ff725b84-1ca5-43ef-be84-cb70a6494dab,51c9ea8f-034d-41b2-8d67-b519b3d48286,19,1,26.696189527427208,0.9798645837233186
62d6ef85-5416-4fa8-9457-76b06b62a864,2022,2021-12-01,3411d575-6a72-4b22-885f-e90bac6bdd28,604f3fca-4ca3-445b-9be1-3cb6b7f69fd8,3,1,-8.325298370382361,0.1608856251304887
66767859-3be1-413b-8875-4307e40dee54,2022,2021-12-01,0cc63380-151c-40fa-bc6b-76091785d359,8ce55fa9-2ea0-427f-85bc-c9e8ceb4d1f0,19,1,15.698638235054897,0.9624560522277776
6f1ac7fd-8f48-46d3-8e4a-67a0b566eb4d,2022,2021-12-01,b23fd4b9-0101-4a30-a8df-10760e1f4bfd,884b1e88-9543-406b-bbef-d24ea9c36092,10,1,18.628252643331493,0.973383289013433
71ec6de0-1401-4a30-9b4f-1369da7c7ec9,2022,2021-12-01,c2c0a075-e16f-4aa1-a838-887ef3ba2106,ead00c79-f9ca-4dc2-9beb-0b236dc32ce5,-10,0,-6.857329821888696,0.29395817900253884
73ba2835-895f-4c6b-8065-a35e99ac4561,2022,2021-12-01,7dfde2c4-2d03-47ac-8d87-e6480afb8a99,be639f4e-dcad-4737-8fdc-2740207d65e3,16,1,-4.125544297931295,0.28894598781024244
769770e9-617b-45d2-bc75-10f4b4f8b512,2022,2021-12-01,cc1716b8-24e4-49d7-8778-964affd58954,db040d7f-5499-4400-9069-620c27646ed6,15,1,12.469136517417125,0.90027853861889
78c1f470-b7d9-451e-94bb-4fe42b017373,2022,2021-12-01,43fdfa19-1583-4159-9c0e-1e88e231b35d,b91fd5ed-1e0c-431b-bd4d-0947f67edb2b,28,1,19.486364575019078,0.9813962172336548
7909af36-a48a-480c-8d75-0fbc9a8def4c,2022,2021-12-01,1bd5203f-23cd-4c96-8b8e-fae5ddfbe69d,0b986199-3ea8-40ba-98dc-8a54b3509609,5,1,-7.032811636106441,0.19888739950597562
7c384084-3b50-4238-b265-ca244688b9a2,2022,2021-12-01,e5df557b-d16f-479b-b7f6-db85db97e2cf,3795d76f-7577-4ea0-8f28-89d16c87f9f0,33,1,21.61482392427855,0.9819468243496454
8118ec3d-f6ce-4c54-8c19-f88af544e8b6,2022,2021-12-01,944226c8-c2af-4571-a853-5bb934c49ae4,f9beb22d-1a30-4dc8-88ac-4737870b7e69,20,1,19.92181126752063,0.970508914668327
82caaf21-ae4c-422d-9b49-e931f98c7ea9,2022,2021-12-01,4bd089fa-104e-4a99-a39a-1af78fc3e611,94a64c9f-34df-480e-8ac0-1bad98ef2a11,7,1,10.50849071414471,0.8564239196998733
8318d277-070c-4dfe-9be3-e97ea9d3204e,2022,2021-12-01,4a44b6c6-3fc1-427f-bd05-432860f3024d,1bc4534b-6474-409b-abbd-f840a8dc148f,22,1,11.67240385489699,0.8467474431048642
84aca580-fa5b-4ffb-b242-564efce366a7,2022,2021-12-01,7c264f4b-0e3b-448a-a195-c16c164a624b,3e79582f-0f2d-4ace-86a2-242de87ef6c2,13,1,1.925603962969135,0.6110535625668071
8bc42a03-76d8-4f7d-93e5-33db8dc138fd,2022,2021-12-01,89fd2af1-5c8c-4222-8ffd-ce72e55a8579,a30d0067-866c-427d-b6d5-a55b4c986208,12,1,12.437186532005832,0.9202935401788968
8cd3de40-4359-4e5d-91d4-790d274f85f1,2022,2021-12-01,5a26bb55-d02d-4957-be27-861e8036f152,31a85828-d084-442c-9cbf-1f706ab87f57,2,1,6.1501975097576205,0.7362798181336105
954265ab-5572-4cb5-ac6c-9a552039bd52,2022,2021-12-01,d67c23cf-71fc-4b63-b6b9-d41c6e172e4b,f2eab5a0-4f7f-499a-b807-edd4f40d28e6,16,1,18.958984486982647,0.962880164202533
9bc71143-9ae2-4516-b083-90762c0f14c1,2022,2021-12-01,7b9691f0-e940-401d-9e2c-1d4f695fd91a,8af2e3d8-3a2f-4008-b261-30f11908b768,-22,0,-0.17657468689865047,0.4333565059030314
9e1cb2e6-cb54-40bd-9ba4-3facbca78ae4,2022,2021-12-01,78c4f8c4-d04f-47ed-92d3-34e159fec915,ce6a2240-48d2-446a-a847-e4ad4367b9fe,21,1,6.167381748515204,0.7542713982734327
9f99d2f9-c166-4c43-8bc8-e789e7a72b0c,2022,2021-12-01,91d1df49-0521-4008-8e8f-c2098944ce2c,b553e2a3-5933-4adc-b999-6deb896450c3,16,1,16.873582574383207,0.946384072349144
a2fe151f-179c-4dfc-abba-749ede4793a4,2022,2021-12-01,af3a149c-e965-41c9-af16-a3dd0322f9a7,1393366c-684f-4fdd-bd85-9fabb1307aef,-2,0,9.241041696622082,0.8516276687538084
a45e5c01-a8a5-4f75-bdf3-1378dad1904f,2022,2021-12-01,f1501573-e854-43f7-9346-e94fa60ac4b7,92665c8e-76f8-4e29-a164-ffd7c8890a33,-8,0,9.109224250607063,0.845390773935499
a6491681-3e54-45be-83d2-5fbcfc31a3fe,2022,2021-12-01,99ad5125-6b8a-446a-ad41-7a5f50dcf6b7,247be024-10cd-4230-8ff4-c8f55dafdf33,-5,0,7.308351609570926,0.7357331239360453
a658f642-08f3-4aca-8bf8-0293fb210060,2022,2021-12-01,a5658591-2fd7-4ab6-bea8-70e793ff3f6b,1ff4fd9e-2594-47e2-8b06-66ad2ca3fcb6,-15,0,-18.605061219502677,0.033937378184231336
b27da9cd-ab8e-48c0-b28a-7587376d29c8,2022,2021-12-01,1c994624-ca30-44fc-97cb-9a0aa481ad72,3943bea0-341e-414f-8f46-b97e08b5f90f,-2,0,-11.908914037679379,0.14232497872560027
b59dc5da-c1de-4494-9a89-780e1bbf04d5,2022,2021-12-01,4090fa15-7788-40ba-95cd-6c5cba85e91a,b773a5ad-3d34-4658-a942-6e2836f04e3b,8,1,11.41388961813882,0.8535496098912695
b779b441-3a73-4632-9b89-592e5eeb196f,2022,2021-12-01,5ec861d9-4794-4460-b935-73f51f03efc1,77b07047-6507-4cf4-85a5-4c69fc0c453f,23,1,9.19422089811077,0.8842819958740381
b89ea9ea-3ded-40e6-8dbd-255e42056406,2022,2021-12-01,2a26048e-30fe-47e7-99d9-913f28dea879,ec2fc7a9-a3eb-4e36-9404-f156e2f997f5,6,1,10.582516092373664,0.862940315764089
b93b4636-a724-4334-8486-7e66356337b6,2022,2021-12-01,87cec0de-4d93-4ed3-9ac3-deac97be5eba,f3d329ca-1b85-47f6-a871-b80851fdc6d7,-2,0,-1.0314321657380547,0.43034232044860493
bb76e674-0854-42c8-ae4c-c21017e3d814,2022,2021-12-01,fd736c6d-0d9a-4837-8153-b1f51e776578,cd9b9678-1f2e-4444-85d3-3269c4b3775a,10,1,9.57257817164653,0.9001720220409233
bc272d18-bf56-4056-bd65-439a98dc3d7d,2022,2021-12-01,00366c32-204f-4176-9a22-20555a1e6363,e0d91570-7fe4-4dbd-b6ba-f6ce261fd58b,37,1,26.098488183295505,0.9873481463040509
c23ffdcc-3c19-4c3a-babd-226c8e107bdf,2022,2021-12-01,81c35070-ad3d-45bd-8fcc-5a8c73a46ba3,4b2092bf-f1b2-48c3-8ba6-43f8f5d0ee62,-9,0,1.0936364532327014,0.5234537746979724
c4095367-c146-490a-abc3-3f05aa6bac5c,2022,2021-12-01,cba4f27f-e547-49bf-bbb3-2983917351a2,58041e02-d340-41c3-9f0c-e5e2a5c7a135,31,1,30.141544514396543,0.9871535529386594
c6ae769e-453f-4be6-9fe3-bcc14db77dfa,2022,2021-12-01,1607fc40-d48c-4c58-9fa8-96e3f20a5137,f621591e-18ed-471c-92f8-2c4d4c00bb75,-4,0,-1.4118919045821738,0.4179618028475731
c6f0164c-a32c-4976-a1b1-4f537f3d4bf1,2022,2021-12-01,4d587dbe-16e7-4990-a378-a0fc4c2c273f,909caafe-4b74-468c-a1d3-efd53ab80ca9,26,1,3.2176529476765,0.6590681059647093
c834361f-9f1f-4e8a-96c1-4670639005cf,2022,2021-12-01,d4de33b3-cd7a-47bd-bc4d-da1381432ffe,e40486af-12fa-47cc-93aa-4b196b7f5bbc,-5,0,-0.7282271239223046,0.4351538732562475
c8749480-e510-4d75-9aa4-9c19c8a2d4da,2022,2021-12-01,8dfdef93-7be0-45db-8281-e58565dd9d85,e61ea85d-a57e-4621-930d-0b0e653eb2c7,14,1,15.000320279146893,0.9240098434457421
ce98b403-7977-4d81-b1b0-e53c5349d823,2022,2021-12-01,df8bfbe4-f858-405e-bd5a-04f400d2d7f6,d7c1086d-592e-460b-9f30-684b14d1097f,14,1,12.662745707152911,0.921571655894287
cef1ea89-5436-46aa-bc86-d1b84bed0306,2022,2021-12-01,b32dbb42-380c-448c-b510-ee949569ffd4,1e46f177-0551-4da2-8f3f-c683820ed5f9,-9,0,8.343273397744179,0.7506592783118569
d635feaf-06e8-4afe-b3e4-ad36df9d6f9d,2022,2021-12-01,bf8a4003-12e8-4697-90dc-cf75dfedfeb0,5ebd8a2c-2831-4a31-b7bb-6d6e6e1f7ff9,-6,0,-2.7099173137013555,0.49221508490938276
ddcf753a-e50c-4ada-8b8e-71a3a0950f7d,2022,2021-12-01,7f9edadc-8c22-4821-8da6-0ba70d59bbbc,68215498-0684-4009-a2fc-93fa21109838,12,1,18.047375813062963,0.9663256563542061
e9b90517-548a-4fec-b02e-c631e1bb3719,2022,2021-12-01,dac65a7f-4511-49a7-9c6d-3f29d22ff86f,bdcaae22-ba48-4546-82af-ca21a229c276,9,1,12.771934118897317,0.8924369198376387
eca0002b-558e-4ba0-8778-edb69b338a1b,2022,2021-12-01,8b50b68b-b346-4272-bd86-947d908d937f,1fac2552-eeff-489e-85f1-ce8abae4b5d3,30,1,16.802309784855098,0.9340732566971961
f1da388a-c893-4f02-bbd4-911fa0567b10,2022,2021-12-01,c5a3e484-778a-41ce-abc4-7ff9ec51ca4a,1e2d1b39-91db-4949-af7d-13201eafcef8,39,1,28.80684707620493,0.9838472832965602
f3a0bff4-dac2-4924-8f96-e90b9cce5a5b,2022,2021-12-01,dddedca4-47e5-454b-b278-b9f2fec5e78f,9be3dee8-ee3a-44e5-bf8e-c59a500829e6,20,1,9.311066553362293,0.8424107031234448
f8c914dc-bd70-46aa-ad3b-40af880c3bf8,2022,2021-12-01,53922fed-96eb-4cde-8b45-7f8b7e032cf8,95eeb869-4052-4a70-84dc-8178393a6646,-7,0,-3.499632006317043,0.291609228813644
f999cbb8-2e30-467f-b13c-a06af008a06c,2022,2021-12-01,cc4eefaf-2887-46d2-920d-d97a8f3df18c,2454a2fb-1f07-489d-8ee9-b4313e7e775b,10,1,13.395157794316503,0.9163269882144719
fb15475e-92a5-454b-bce5-cb0eb6112210,2022,2021-12-01,d91f2468-d81d-4b25-a8be-53e85e8b4ded,5018dfc0-8279-4a3e-b376-b7606f612a00,19,1,5.31666580272826,0.754666826005012
038f0348-57c0-4fde-8845-dd9cf6b46c05,2022,2021-12-02,71a67ffc-6558-40e0-96eb-79527a541007,2422cf8a-bacd-4cb0-97f2-244a07c62c78,14,1,2.7953729327616625,0.6141909553249119
05b4138c-df14-4475-8ab8-1dde86756a1f,2022,2021-12-02,1e89fbf7-1862-4050-b61b-f4de4a9ae045,29263387-625d-4270-b420-6066c840fbe3,-11,0,-8.165820185426636,0.16468628039086966
0b220fda-7036-4c06-8e3b-2460cf80eabf,2022,2021-12-02,92249853-0b54-4944-8955-34bc02003e54,ab8cafeb-02fc-4c83-aa0d-dcc530796fe4,2,1,-1.7702718948900147,0.480092578569758
11acfac1-9403-4c01-8b12-9ce405760260,2022,2021-12-02,e89766a3-c899-4922-aee4-cfaa2a8fb500,24dec588-02c3-4c82-9ea6-d467604a8150,12,1,0.17174600999516637,0.5611868461992078
1dc69d0d-2f67-4d02-a468-ce4ccf003873,2022,2021-12-02,6c96789e-21df-4f43-92b1-8e62705ffc1d,2aba779c-997d-45af-a881-44cc87727a3a,-13,0,1.5237148747129807,0.5628948678843948
24092b16-7ef1-4a69-9090-bbc92058844b,2022,2021-12-02,3911d63c-249c-41d9-a29b-df0377e1a054,c14dbd3f-31c2-4647-b19a-e03839f04ad5,13,1,16.19133564878596,0.9617450215086706
322775e4-0d8c-4f58-856e-cdd1a4c5f389,2022,2021-12-02,d5a14f1d-6220-4af8-9b8a-c8a9ae952d5e,02d8446e-475c-43f7-a829-3e36474bc43f,-13,0,-4.109198465252546,0.3741537680347848
3939f0f2-d246-4566-875e-0a6a69d4741e,2022,2021-12-02,4e23c371-72f3-4986-a8c1-e7798c5dac70,31edfcc1-f627-47cf-9ca0-61370f3261d2,9,1,6.431460697452852,0.7549974616125539
3c3a3d02-7ae5-4b6e-b535-45b1ba8f1b71,2022,2021-12-02,d84fbf05-f799-486b-956e-f0500927e1d0,48b92b41-b7ed-4c2f-b7ef-3e3d4a99fd62,15,1,28.301630290649307,0.9865150062583794
3d65660f-794c-441c-aa4c-1ddf71907ec3,2022,2021-12-02,61d9acae-2486-4e53-82ea-60d146622f34,f22782cc-03b3-4a0e-a189-8305ebe19b87,12,1,13.026316604014829,0.8898594582672662
40dacb9f-af0b-4817-8903-87e237626616,2022,2021-12-02,1235749c-6be5-439f-872d-e0a85682aef6,d13e3f73-7b13-4e91-9249-09f1e11e488e,7,1,11.853295274624667,0.8741455227973371
46795e86-98e8-408f-8358-e523d6bcc60e,2022,2021-12-02,8f73f541-6fb8-4ad2-a1c6-e3eef51e7b64,28760428-230c-4858-9d2f-0ff8e804da52,29,1,22.770150539195964,0.9687415368677239
58925eec-3a86-4082-aa7f-fddb617994be,2022,2021-12-02,5f19cada-0d6a-4a64-bf90-7be104537c24,f4045f82-f9ab-4d14-867e-496a744ac26e,21,1,8.281655882040353,0.7678539893236535
5b8ccb6e-8b21-48a7-a50d-98f92b7a629f,2022,2021-12-02,4db0015c-fae1-4d5b-8be6-db756062d47c,21f47709-f514-49eb-9da9-1f6805407244,-8,0,-4.495738251687264,0.3054273392255598
60a1b88c-3d94-42d1-8879-7a1d28382889,2022,2021-12-02,1049e433-d23c-4aa2-8581-4bef2ad0715f,d25581ff-ffd9-4c81-a946-e99b1de2c3b6,-2,0,-6.085029162780441,0.29531963756388124
69d2c814-2fae-4d0e-9618-f81cfa37adcf,2022,2021-12-02,964b0070-5909-49eb-8fbe-c2de5f48fe0f,f5ff136b-cc0a-4eed-a502-c028afe284bf,-7,0,5.008192626310934,0.6240001216485167
8d4c2bc2-5541-4f11-94c2-f9354b668cbb,2022,2021-12-02,3157f4b6-4b11-46d9-beb5-cef7c68fd1a5,21282287-1619-4d11-9e25-59855bdd5be6,-7,0,-3.1293976610786847,0.404305379694971
9ed04e28-256a-4c9e-bd04-b222997d8ae3,2022,2021-12-02,7dd2d410-1958-49f9-8b62-e7cc25e3c647,e51ef676-50a6-460e-81a8-b05cdee80c25,-24,0,-9.974085152213581,0.13880097019961143
b9045856-3098-40ea-b4ae-13dc316c14c6,2022,2021-12-02,e9770216-1dda-4db8-bc54-264a782d40b3,212827bd-b2f5-4ca3-a901-403112b8594c,21,1,23.477349986840295,0.9882764105036291
cae9cf2b-9106-4fbe-9cee-bac59c2616f2,2022,2021-12-02,b9052e15-66e8-40e6-86ac-a872e5c51fe8,5e661a2a-5f48-4f4e-b78a-4ebc2220c393,23,1,10.758627740239838,0.8946606616789767
cc1609ee-ec00-4931-9a2a-2aa061518f18,2022,2021-12-02,8425fbd0-40c8-4146-a2c2-51ec714ee637,dea85f83-4470-4a0a-934c-553c4722d079,-11,0,-12.645564371568868,0.06860199672711266
d8408685-d051-4611-ab70-2beed9d3e5b4,2022,2021-12-02,2335e299-031d-43e6-9ae6-536cc9177f51,0ec0fe2d-cb25-483b-aeb2-0f12af2160c7,-2,0,-1.9596328520216868,0.4046952273727832
ffce556a-f1fd-4d65-901f-4dbbb0eed785,2022,2021-12-02,4d89f528-9a1e-41ca-beb0-98f913c61c2e,16133dd5-c118-4a85-999d-20451d1fe132,-4,0,-3.7903146003905954,0.39244158227150566
20cf2b3c-9dda-434c-af59-f754b741391f,2022,2021-12-03,75755c79-6aec-4154-b1f8-2337fd4a06c5,bf8a4003-12e8-4697-90dc-cf75dfedfeb0,30,1,38.20627478547844,0.9883497089080688
482a7939-3748-41a3-99dc-177d1b1bf3bd,2022,2021-12-03,1552f5fd-a3ac-4947-93d8-08bdf1a77f93,ad5bf26e-a32c-4d5a-b531-f6822b104284,-5,0,3.8636954681519016,0.5571690977706835
4c2ec497-66c4-4429-a95f-ce35adfbe4c7,2022,2021-12-03,2bf13d1a-4738-4039-9d08-49f17859d4eb,2678c438-d23d-4ec0-8105-ab3f1c748aaf,67,1,28.25201353059265,0.9861644457570515
4cabca5a-7e1a-4ab0-b678-39688bb6c800,2022,2021-12-03,c01c9fdb-95d5-43c7-b905-8bf714226631,46716039-e26d-4d19-a17a-35eec7c36cb4,-6,0,0.03314267137464967,0.5118811991489397
4d9f952b-abef-48fe-ba3f-817ae55f9076,2022,2021-12-03,9aed1c9e-7ade-4533-91c5-322e09783a7a,9c70f4e7-acfb-484b-8154-f0fa9365a3a8,-3,0,-1.0653417164884342,0.3646023758322652
6a2f2b5c-3ccd-4377-b049-36de4a864ec0,2022,2021-12-03,ca7c4f31-56b7-465e-a3a7-4a4a123f213c,f04a9115-7f6e-45d4-8590-4934a791ebb3,5,1,12.236333843899862,0.9177802488599888
6f807011-e643-45d0-925c-84008ac09838,2022,2021-12-03,6915e90a-5d80-4d4f-8d44-0bd316979884,29398553-f42a-4873-9321-4c772f7dca42,12,1,12.857014549951124,0.8742699320650215
8194b388-dd2c-4f15-b7d1-1444d80bc938,2022,2021-12-03,54514b3e-2558-4e69-98f9-b1f97fc17835,4b6d2ea4-d1ab-46f4-b480-555227d14e55,26,1,11.511914898080972,0.9184807284207008
89f47657-35df-450e-9be1-6fd1f4471a6f,2022,2021-12-03,048ae5f3-c6e9-4937-93fe-ec224e17fea2,5820546f-7b8e-4593-afc4-fa098623f568,1,1,12.343632637247858,0.944057552667833
b2c3de12-c1b3-4631-b49d-b399c4a54018,2022,2021-12-03,2bdfedb6-38f0-4eb8-baaf-2965a942cb85,fbf897ee-41aa-431f-8ef5-0ea7cbe2a05f,3,1,10.326531204580062,0.897743233511181
bbfd89aa-7564-4f11-9283-56bec4e52348,2022,2021-12-03,062eb8a6-996c-4619-9ba7-498cdd009dd6,e6d68428-bbd2-4402-b980-d22e5e7957ab,-8,0,2.9368146401013084,0.6274962418495176
c1e2e175-9582-4ea9-8fca-2d77d913045b,2022,2021-12-03,31503e00-902d-4881-a3a5-52c5415e0e2b,98555e7f-2f58-4896-b98e-4edcece8a333,7,1,5.9502334251783235,0.7549528289191473
c4d10887-ef65-4a2d-b971-8337d8b42dae,2022,2021-12-03,421b3b28-ab05-4462-bfc9-644fc7163e24,77917ea7-df52-4378-9975-57dbd680815e,15,1,7.421178586327485,0.7851962907331617
d11b3578-a547-4915-b908-a8573b643377,2022,2021-12-03,6da558cd-823c-46c8-b91b-4a40b474cc87,afaac3dd-1734-4b48-a2b3-c72d8548f375,13,1,8.278366261624475,0.8040061597404591
d6dbb1b0-d4ee-4001-9dc6-51b7818c9248,2022,2021-12-03,57a961fc-fabe-43a1-bd3f-78858a193715,dcf098f0-7fc0-458c-95fe-c6f0743b4274,5,1,-8.028662720124208,0.23905121346106087
d9fbf316-9011-4afe-8a79-d68fa6ac6399,2022,2021-12-03,94d0d44c-b426-4381-9d58-bffb34c097f5,9020eea9-bced-4c46-9f85-8bbdff3393c5,-20,0,-8.315173506431812,0.17559002072328958
e36319f3-9dd2-4c62-90a9-9e6e0ecbc161,2022,2021-12-03,d0a4ad01-cd4c-462a-a303-d94d9c7c79fc,95fd11d0-8e48-48f1-b7fc-f03fe1bc8c84,16,1,-4.541589499710697,0.3432744244813128
f5619388-ab22-4d38-931d-85ce19908a87,2022,2021-12-03,9aff8705-aa1a-4181-bda2-9f9544361658,82d1bf41-2f1d-44d1-8022-220c263d6525,25,1,8.93505122881964,0.7978175877304651
05bc4f9c-8933-448f-91da-6c908657b574,2022,2021-12-04,f9a723a0-1697-4175-8193-97f2f8906c0f,86391a21-965e-44e8-819b-837cac02859b,13,1,12.58290826697812,0.8762055479325808
0fc5000e-4194-4b0b-8608-dc5bb95ec25d,2022,2021-12-04,8d6547d3-5ed7-46e3-9ddd-95756f8adf91,e9770216-1dda-4db8-bc54-264a782d40b3,2,1,3.5061848569265917,0.6341014672256862
15f760b1-8fb6-4dd9-b5f4-88cec72f7242,2022,2021-12-04,91d1df49-0521-4008-8e8f-c2098944ce2c,a5658591-2fd7-4ab6-bea8-70e793ff3f6b,9,1,11.828885820297526,0.8444121232899191
18407ff0-b981-4bc4-9b33-ebc38ba91033,2022,2021-12-04,6c96789e-21df-4f43-92b1-8e62705ffc1d,2422cf8a-bacd-4cb0-97f2-244a07c62c78,14,1,3.637690969682142,0.5589086848131719
18f7cbca-4c08-46b7-b4f4-4fd717cd9435,2022,2021-12-04,77413edc-f997-4807-a4ea-9caf8157da8e,5018dfc0-8279-4a3e-b376-b7606f612a00,21,1,11.120332905750608,0.8743023559665257
1c49c016-fdca-4e7e-bdc6-387e9c6d411b,2022,2021-12-04,7798adeb-2809-42ca-b509-02c719168825,8ce55fa9-2ea0-427f-85bc-c9e8ceb4d1f0,24,1,25.079029884229445,0.9881981303465975
1d5cc287-2907-490c-a0ac-5c7e8fd817f3,2022,2021-12-04,b990f4aa-efbd-4625-95a3-376e51ad9f2a,e0d91570-7fe4-4dbd-b6ba-f6ce261fd58b,13,1,9.500810530770336,0.8506171487482217
1ef2cd51-b693-4d1e-bbfb-7dd74fc028c6,2022,2021-12-04,64820b75-84d5-4b53-8bec-43ee70e03b36,5bdb2df4-f9a3-4404-a003-948f25c48965,-3,0,3.049158481262732,0.6015650714012002
2316bb6d-6eb3-4423-abf2-26c82a4d17c1,2022,2021-12-04,3ebbd7b5-f0e2-4fd6-870c-58a45d420f53,0f8a15c4-f4b7-4335-a429-ae233bf4aa41,10,1,5.408330090472884,0.7397232961240646
2600c0c5-fb5c-4614-ae6a-c3b8fb8e8dfd,2022,2021-12-04,d2cb99ee-debc-4e8f-93ba-b0ffd42247ea,37d32b57-ae72-4669-9669-a71097de1196,4,1,14.456638391235975,0.9202551547508337
32bc7222-b948-4639-a8ea-3b1f81ce6b4a,2022,2021-12-04,4bd089fa-104e-4a99-a39a-1af78fc3e611,1393366c-684f-4fdd-bd85-9fabb1307aef,16,1,13.552099886596265,0.9086774480929551
35bce67e-944b-4c25-a4e5-02e677965c3e,2022,2021-12-04,24f1d79c-4241-4c82-bf09-57a159ce81b3,247be024-10cd-4230-8ff4-c8f55dafdf33,1,1,-0.24237456037336894,0.45626740635599944
3641cfca-c4c7-4e07-8d21-98b06790500e,2022,2021-12-04,b7898dbc-7198-47fc-8098-496c7867351f,02d8446e-475c-43f7-a829-3e36474bc43f,-6,0,-10.170336086735771,0.20285557842539048
38ee1500-62ab-4f09-85bf-7d0c1d21f203,2022,2021-12-04,aef6cc9a-dcfd-4137-aa03-9926d921f466,a5e97c6a-a0e1-49d2-b6bc-8903c39ceaa0,17,1,7.684649833939538,0.7513066979027057
3c4aa33e-41df-497e-9b36-f832219caa98,2022,2021-12-04,7dfde2c4-2d03-47ac-8d87-e6480afb8a99,2454a2fb-1f07-489d-8ee9-b4313e7e775b,7,1,1.075508734897957,0.5431670564928228
410a9686-ce49-4530-ac5c-6a9418ccbb1e,2022,2021-12-04,61bcde81-66e5-484e-95eb-5f373ff4a7eb,77b07047-6507-4cf4-85a5-4c69fc0c453f,34,1,8.746047917823164,0.8402319762676252
471a6db8-6b38-4a3a-9ee7-fcd4fb9681f1,2022,2021-12-04,8af2e3d8-3a2f-4008-b261-30f11908b768,dddedca4-47e5-454b-b278-b9f2fec5e78f,-2,0,4.831790489378274,0.6788683563388771
4aa055d9-48be-4021-b72a-8f09113ca869,2022,2021-12-04,3157f4b6-4b11-46d9-beb5-cef7c68fd1a5,ab8cafeb-02fc-4c83-aa0d-dcc530796fe4,-2,0,-8.43878744168315,0.19821586767185273
50c7cd29-98ad-4601-bfc2-c149a763708c,2022,2021-12-04,5a26bb55-d02d-4957-be27-861e8036f152,3fa1a848-0e6a-41e6-be7c-d6241c6c6caf,25,1,13.98958941639965,0.9208358055447547
521c068a-c86a-4f55-bc4f-3f08bfcffeee,2022,2021-12-04,8de64d3a-4bae-4d2a-a4d2-15ec6583f6aa,fb5884a9-f370-48a9-9000-3b1a4f02f0be,16,1,17.92275926935513,0.9694991591833696
54f6f834-8c35-49ab-97bc-601ebdc2786f,2022,2021-12-04,697f7fa6-4d64-4abb-8310-9f310c49ad61,97a440d7-b0b9-4fd1-9da8-6460649da714,-3,0,-0.13573139780723417,0.4751259161217827
55d8ad7f-c75c-46a2-a5fc-4bcb69acef2e,2022,2021-12-04,37f4b484-184e-49ff-b002-89ed33daf72e,14fa05e6-500e-41a6-b7a0-de4b16c4e7cd,22,1,10.978413362872633,0.904860863949337
576aae60-32cf-43de-9bf3-4837a132d59e,2022,2021-12-04,a8f76e24-7f09-4727-b40d-6834e4fc0829,f1501573-e854-43f7-9346-e94fa60ac4b7,1,1,1.531793554573681,0.5898857591915504
5790754b-1659-4399-a61b-a17fe037a278,2022,2021-12-04,3e7063d6-a6e4-4aa4-8e77-044c9f5fc21a,95eeb869-4052-4a70-84dc-8178393a6646,14,1,12.000402707000049,0.8658091103273797
5a07984e-a2b0-4d09-ba35-7fcbae67d97c,2022,2021-12-04,f621591e-18ed-471c-92f8-2c4d4c00bb75,4e853367-c5cd-4701-9554-38bf174777a3,13,1,1.126934642537094,0.48952434985783144
5a6e1b3f-10cc-4178-8adf-bbc1b113d573,2022,2021-12-04,c3603958-de3f-4014-9dd0-d9c4c84dd226,51c9ea8f-034d-41b2-8d67-b519b3d48286,45,1,37.939982361298554,0.9897987364888224
5e2b4f2a-79e1-43a8-8c45-9b3ca162663c,2022,2021-12-04,1ff4fd9e-2594-47e2-8b06-66ad2ca3fcb6,4a44b6c6-3fc1-427f-bd05-432860f3024d,29,1,20.67219959623732,0.9836162374491831
5ef00606-83d5-42ab-b629-811fafaa95e2,2022,2021-12-04,f3d329ca-1b85-47f6-a871-b80851fdc6d7,f5d59c00-1a94-4484-8e5c-c5073ff87ce3,6,1,3.5747780539092755,0.5868203550022218
61b39bc9-c014-4c20-9f7e-5028f64f6570,2022,2021-12-04,fc748d3e-7f1e-4823-9d7c-f14ad3df799a,56c81362-1bcd-418d-831b-74b9b0c4a563,18,1,4.099773495558923,0.7039280155084022
6529da95-fddc-4ed5-a3a0-16bcb6956919,2022,2021-12-04,4db0015c-fae1-4d5b-8be6-db756062d47c,5e661a2a-5f48-4f4e-b78a-4ebc2220c393,-3,0,4.1609701645101485,0.6797723079637205
66128677-2cf7-4646-87ea-6185df9062d0,2022,2021-12-04,dac65a7f-4511-49a7-9c6d-3f29d22ff86f,f8490c90-4ca1-437a-93da-114f5dac0426,13,1,11.692625567239826,0.8402187412217362
67cc3f6a-e670-4e0c-8435-6e1c3f9eba84,2022,2021-12-04,92249853-0b54-4944-8955-34bc02003e54,21282287-1619-4d11-9e25-59855bdd5be6,3,1,6.956156365148102,0.7891958631431276
6a08b0dd-1959-4cd4-a844-79d5f4d7848d,2022,2021-12-04,c5a3e484-778a-41ce-abc4-7ff9ec51ca4a,b23fd4b9-0101-4a30-a8df-10760e1f4bfd,38,1,21.354125355938276,0.9854276678963163
6cf2d344-962f-4f6f-b2ef-8af023ef2588,2022,2021-12-04,d1893fac-c32c-416c-9aed-0d6c61ad0935,1bc4534b-6474-409b-abbd-f840a8dc148f,5,1,5.810634185351184,0.7787026253512603
6d36dfe1-2324-4b75-a58d-374b2b285103,2022,2021-12-04,c6c28fde-56df-41e4-839d-2d6201c8dc27,7f9edadc-8c22-4821-8da6-0ba70d59bbbc,6,1,7.824347565659761,0.7926315749479041
730712c0-d848-47ca-806d-daf752027dd6,2022,2021-12-04,9bf29604-a6db-46b0-b81d-92452dc43267,d5a14f1d-6220-4af8-9b8a-c8a9ae952d5e,-11,0,-4.7527826647162525,0.2672307055122726
7426facb-4704-47dd-9e98-3f56970a45c2,2022,2021-12-04,9dc47cce-9b16-420a-971f-5362aaa69dc7,9acbe680-5f94-47da-926d-51e1465fc500,47,1,32.851657567237666,0.9900638603007648
74c4606a-1e9d-46ae-9a48-31ad634ecf8b,2022,2021-12-04,5953232b-95c2-4915-a150-ed30d3fdc96f,604f3fca-4ca3-445b-9be1-3cb6b7f69fd8,4,1,-2.8875678382174947,0.3954952646710913
79b93538-46c3-4b6b-a3c0-a0d91f1fef7a,2022,2021-12-04,5870d352-4930-4235-9c03-7bcded7ae342,be29cc8b-f65a-4ba7-8a0d-40b2a9643422,5,1,8.412093708857364,0.7826945857389795
8213789e-d6e2-4545-bdee-4c7be1070b17,2022,2021-12-04,7c264f4b-0e3b-448a-a195-c16c164a624b,68215498-0684-4009-a2fc-93fa21109838,17,1,7.733823403346455,0.8120547775303656
87509503-86a3-43ee-81cb-cfaf3951c1f3,2022,2021-12-04,1bd5203f-23cd-4c96-8b8e-fae5ddfbe69d,ee925def-24cb-4b43-969b-4fe42d68b72e,-6,0,8.434995505617293,0.879604110498954
87f79194-bbfd-43f1-bc5a-050bd27722e7,2022,2021-12-04,df8bfbe4-f858-405e-bd5a-04f400d2d7f6,ceed979f-ef7c-4eee-a2e7-fc66ff70bbc1,6,1,3.0666703078332174,0.6150433999063317
88a1ba21-f75d-43f5-a6b4-19fde112095d,2022,2021-12-04,3943bea0-341e-414f-8f46-b97e08b5f90f,1fac2552-eeff-489e-85f1-ce8abae4b5d3,25,1,17.73667798726923,0.9563401193223157
893a9bd2-c7aa-4056-a1bc-be6194e14eca,2022,2021-12-04,fbb275ea-bf78-4cdf-ba66-538cd9722ef8,8dfdef93-7be0-45db-8281-e58565dd9d85,-5,0,2.313077716820566,0.5695913084357165
93da89a4-4b49-4674-b663-8fe1051d88b8,2022,2021-12-04,eb341503-aa23-4784-af34-3b14bd72fdd4,c2c0a075-e16f-4aa1-a838-887ef3ba2106,-4,0,0.8149412120404791,0.46412006975304
95f2c693-2de0-4ef1-adf9-ffe08446dfa4,2022,2021-12-04,944226c8-c2af-4571-a853-5bb934c49ae4,240cc087-ebae-4133-9c14-cb46ebe54b97,18,1,26.665111277626497,0.9843484691470888
98de3c46-fb2d-4627-b814-8ed4da210a8c,2022,2021-12-04,ae36afe0-850f-4758-99ec-d7deb696d4fe,5253a75a-17f7-4ea5-b313-743697ebca72,-10,0,7.656513175831653,0.8035051470911055
9a605cf6-1ceb-411b-934b-b97b2553e115,2022,2021-12-04,1cc71d7e-b5a6-4b50-a797-176f96548858,b1ad6435-1c60-45db-bfd9-c91cb367d66b,9,1,8.501693991125197,0.8290820703612385
9fe04129-ccdd-4aa1-8e11-44aadb0a7cba,2022,2021-12-04,f1fa4ba9-17ac-4467-80da-6559daef7a45,3f62a009-8c84-44c8-9775-4e3959e17edd,10,1,6.729193094597278,0.7545337156238587
a388efce-7981-44fb-a909-249fa898eefb,2022,2021-12-04,7dd2d410-1958-49f9-8b62-e7cc25e3c647,16133dd5-c118-4a85-999d-20451d1fe132,-33,0,-17.731429549035116,0.07999673010645386
a4d482a5-2bb8-4d31-8ec7-208161d7e6df,2022,2021-12-04,af1bfe66-a343-4c46-94f8-4c670ce2c8d7,371a2930-c5a4-405a-bb44-9f22b55ca81a,1,1,3.9239174891715707,0.6280017386496047
a6b0e190-1d5d-43a3-9a3a-2d0f30a6a577,2022,2021-12-04,e89766a3-c899-4922-aee4-cfaa2a8fb500,d25581ff-ffd9-4c81-a946-e99b1de2c3b6,-24,0,-5.702728008390766,0.3216971242303401
a98ce25e-e368-4653-a907-48dec1ac8ed6,2022,2021-12-04,00366c32-204f-4176-9a22-20555a1e6363,58041e02-d340-41c3-9f0c-e5e2a5c7a135,15,1,29.47545378632739,0.9845261340564089
aa66a768-b1d4-43d0-8f6d-932edc96374d,2022,2021-12-04,242a53a0-47e7-45ed-afe8-61172c29f09d,9400f670-2aa7-4099-aa46-ea9cf4724079,13,1,5.960778386806335,0.7972401913446451
acbe4247-97a8-4f4d-aaee-84c8558a0edf,2022,2021-12-04,bf8f11f7-2ca6-48bb-ab7f-58720df6451f,53922fed-96eb-4cde-8b45-7f8b7e032cf8,10,1,3.9471944027451773,0.6560208781110949
aeddea4d-9503-40cc-9541-8c9571f17c1b,2022,2021-12-04,cba4f27f-e547-49bf-bbb3-2983917351a2,0ec0fe2d-cb25-483b-aeb2-0f12af2160c7,16,1,-1.9074713995753518,0.4456137682669994
b316da5c-eb85-4ffa-adb3-f53c5d0b8838,2022,2021-12-04,b553e2a3-5933-4adc-b999-6deb896450c3,72261a98-a3e3-4f7c-8188-4faf20af42ad,19,1,13.101992418386288,0.8983202672705444
b5415e2b-50cb-4c85-9ca7-71bfbc3c79cd,2022,2021-12-04,3911d63c-249c-41d9-a29b-df0377e1a054,f2eab5a0-4f7f-499a-b807-edd4f40d28e6,21,1,25.1703502668227,0.9825807259581938
b661a395-6a27-4802-b4aa-926571a8a4ab,2022,2021-12-04,b394d3b3-e9a2-466b-abe0-89cda8e8d669,fd736c6d-0d9a-4837-8153-b1f51e776578,22,1,22.88345227309057,0.9826928713808809
b8683d0e-e9d4-4774-90a6-5a654d181988,2022,2021-12-04,db040d7f-5499-4400-9069-620c27646ed6,4d587dbe-16e7-4990-a378-a0fc4c2c273f,3,1,20.07945998532481,0.9796714425932183
bc2d21ff-2689-4ca2-842e-42b64c4b7c61,2022,2021-12-04,ce6a2240-48d2-446a-a847-e4ad4367b9fe,9fb581b3-9267-4861-a01b-51b7e751ca68,14,1,2.369580563400341,0.5753826192728501
bcbe6bfd-d1b4-4b92-897e-ee637877f307,2022,2021-12-04,a313a13e-7ac3-4c73-8872-6d424a253480,bdcaae22-ba48-4546-82af-ca21a229c276,-5,0,4.235203618575331,0.6537109866009111
c04a09ea-2720-46ae-93c0-3c67f2b36872,2022,2021-12-04,d91f2468-d81d-4b25-a8be-53e85e8b4ded,793f775a-aec3-4741-b86e-4c8e079f74a4,12,1,5.391921461249204,0.7389223010952171
c1bcea9e-ead7-492e-8deb-7193a7a7aa6f,2022,2021-12-04,d7c1086d-592e-460b-9f30-684b14d1097f,7187f894-4dce-4524-b538-b66a892cd89a,10,1,-0.9306170991152144,0.395020883350573
c2d2818c-a4f3-4c70-8711-f1dd79c0c50d,2022,2021-12-04,4204a542-7881-4f83-972a-7567cb51cc3c,0efb1176-dc90-4109-b141-5025fc424128,29,1,31.058600940742064,0.9876133196959702
c302fe9d-7b16-4a20-927b-2c8046e7e009,2022,2021-12-04,e40486af-12fa-47cc-93aa-4b196b7f5bbc,3ae40137-6b36-46a4-99e9-3ea88255660c,5,1,4.987703476633253,0.6945227215721214
c336cd5c-c781-47ec-b4a0-aa7464eb015f,2022,2021-12-04,59a704c5-1934-42cb-8720-83cd7ee9f3fb,8425fbd0-40c8-4146-a2c2-51ec714ee637,20,1,24.61354437690861,0.9841907567718364
c53e53e9-1685-4aae-81df-95ffaf6512f3,2022,2021-12-04,96ccc81f-3016-42f2-98b1-6cbcbf6e8d07,cf2375a7-1488-493a-8679-e8112b47cf7d,11,1,4.748657143575104,0.6713040845589708
c59c15a9-8148-4750-9263-4e52b8d49966,2022,2021-12-04,ded40384-d167-4ba1-93ad-2fbaa4def151,e06f08fc-4ed9-4807-9f8a-7889130e21f6,-6,0,7.147601295434129,0.7805798395464912
c79f603b-2fce-4898-ac23-7f552a1237ea,2022,2021-12-04,6bcc781c-aaad-4e10-8214-7a1d0e3f2e6d,3b495752-ddf1-47a7-8bdf-2625c4bfcce2,-3,0,7.835659553538216,0.8141240709315953
cc4cf90a-cb3f-4836-aa25-a3b257584604,2022,2021-12-04,01167cd7-9c6a-4860-904c-78f7c777ba81,8b50b68b-b346-4272-bd86-947d908d937f,-10,0,3.9507232275233277,0.6832738743729974
cf27d0f4-07ef-4360-a4ed-a592ac573062,2022,2021-12-04,0b986199-3ea8-40ba-98dc-8a54b3509609,bdb5791e-8da5-4640-82cf-7354e2f02b3e,-6,0,4.273596316754826,0.7156574436463361
d14b7840-8545-4078-92f2-f39e6fc1799e,2022,2021-12-04,73339436-3261-4171-9cc8-854b8e176836,909caafe-4b74-468c-a1d3-efd53ab80ca9,19,1,16.932068937296357,0.9480226584230264
dcec60a4-2a80-439c-89e5-67521bf74bd2,2022,2021-12-04,188437e6-a8e9-4e63-b58a-4141ffadc80e,5bb511d7-5a12-40d8-83d2-8be20bfc33d4,-19,0,5.103573774996979,0.6905511046339793
df3c6b92-df16-45ea-867e-1da99d81f90d,2022,2021-12-04,b101bc61-0628-4298-9362-c2e546437032,c3d3f21f-51d8-4ae4-9285-7209d1d97802,21,1,16.425627638775765,0.941170564023055
df610e9d-0b22-4afb-8650-161d16497334,2022,2021-12-04,d98e9dc5-d3b9-41c1-ac48-5a4945d47713,ff725b84-1ca5-43ef-be84-cb70a6494dab,-6,0,4.47205780849376,0.7233220501087089
e05019a8-5cce-4a3d-9daa-afa825b4f702,2022,2021-12-04,be639f4e-dcad-4737-8fdc-2740207d65e3,6726544c-ad23-4d1a-adfa-1a94c2e10a96,10,1,2.9632086457015796,0.6276689769586278
e698931d-dd64-4d2c-8e35-586904464f00,2022,2021-12-04,1049e433-d23c-4aa2-8581-4bef2ad0715f,24dec588-02c3-4c82-9ea6-d467604a8150,8,1,-1.3175333054542353,0.46587978420285325
ea77360d-62b8-4467-828d-0da915ce86cf,2022,2021-12-04,d34afafa-d43d-432c-98d1-72ab0aa8a823,4bc4f625-be38-4da1-919a-c43bedce10b4,-9,0,13.550615300566587,0.9187926433238008
edec2354-691c-4378-a8e1-3a2440875035,2022,2021-12-04,af3a149c-e965-41c9-af16-a3dd0322f9a7,0a370edb-2194-4979-ad23-d796fb97dfb3,-5,0,2.24890336405086,0.5848572799641296
fafb35ec-c8f4-4fb4-8a56-f035cbb0c960,2022,2021-12-04,71a67ffc-6558-40e0-96eb-79527a541007,2aba779c-997d-45af-a881-44cc87727a3a,10,1,0.5826517708598986,0.6173193491106626
fc4bee33-157f-4bee-ba89-0811545f0585,2022,2021-12-04,cd9b9678-1f2e-4444-85d3-3269c4b3775a,f816660e-09e0-4733-96a2-4d878efbff6a,-6,0,-0.19581113196146466,0.46577054001999135
074e3a2e-e76c-4279-bfd4-4c82101756b7,2022,2021-12-05,ead00c79-f9ca-4dc2-9beb-0b236dc32ce5,f5ff136b-cc0a-4eed-a502-c028afe284bf,13,1,12.227845288034711,0.9037762718048944
0783c15f-321c-48c8-bb5f-99015f8d3837,2022,2021-12-05,964b0070-5909-49eb-8fbe-c2de5f48fe0f,c995f51c-df46-4643-9aa1-3830ce760066,-4,0,7.220042371721489,0.7792960944557864
0d01bfe4-090a-4c0e-ae3a-ddcb6f058cca,2022,2021-12-05,9be3dee8-ee3a-44e5-bf8e-c59a500829e6,61d9acae-2486-4e53-82ea-60d146622f34,8,1,-0.26063710111608207,0.564598847058713
0e787404-ea82-4c30-86a8-9ee125ce328e,2022,2021-12-05,c01c9fdb-95d5-43c7-b905-8bf714226631,e6d68428-bbd2-4402-b980-d22e5e7957ab,-14,0,-3.7243931604486136,0.38388064351949847
10bb19e9-2c38-438b-9e33-a69c0c06f133,2022,2021-12-05,b32dbb42-380c-448c-b510-ee949569ffd4,e5df557b-d16f-479b-b7f6-db85db97e2cf,-6,0,5.613871747516098,0.7024515821907623
15723c72-63f6-46b8-a5c5-4345872b5e21,2022,2021-12-05,1b846bd7-47c9-4bf6-ab08-e44d968a34f8,7bb8a634-d969-4ec9-b472-8294b1782684,-6,0,6.858496686672423,0.7522349520484815
20d4cd54-5c3d-44e4-983e-7d8a1850bbc0,2022,2021-12-05,f22782cc-03b3-4a0e-a189-8305ebe19b87,2a426bd0-410e-4de3-8d49-d5fc05123454,-25,0,-21.621588378123615,0.019585519935501835
224f62bd-f148-4ab3-a03b-c206a55178d5,2022,2021-12-05,d99c752c-71e0-431a-b0b7-143707bbc110,5d7eb8c0-4b09-461b-bbc5-e2a032194a74,13,1,10.001784863667767,0.8365702893399403
2bdf651f-807b-4932-aaf6-e9f0c2ac3541,2022,2021-12-05,c2652773-7b58-4ba5-9edd-ffa62acbd245,1552f5fd-a3ac-4947-93d8-08bdf1a77f93,-2,0,15.262329442812804,0.9505676763227
4e0e51d8-3f69-4edb-8012-878941be9491,2022,2021-12-05,cd84e158-0ec9-44ce-872b-e44a595a4e37,d13e3f73-7b13-4e91-9249-09f1e11e488e,-11,0,-4.862729245947185,0.33652515878561506
4ff43335-b7f3-414a-949d-4bb0a972d7e8,2022,2021-12-05,d4de33b3-cd7a-47bd-bc4d-da1381432ffe,eb038e9a-e14d-41b3-b26f-804fde52e571,-12,0,-2.0645320894073795,0.36172336457555365
5f223e9b-5b53-4917-8404-b7f1112c4d38,2022,2021-12-05,1e46f177-0551-4da2-8f3f-c683820ed5f9,43fdfa19-1583-4159-9c0e-1e88e231b35d,-6,0,6.113786994135624,0.7287860200056147
6958b779-794b-41bb-9cda-8a4f09bf735f,2022,2021-12-05,2a26048e-30fe-47e7-99d9-913f28dea879,7b9691f0-e940-401d-9e2c-1d4f695fd91a,-2,0,4.7588652120312975,0.660526326835768
7663d494-df97-4e8c-937e-25064740be3f,2022,2021-12-05,1235749c-6be5-439f-872d-e0a85682aef6,61cad1f2-f187-4b2f-8e53-02eb65eae2d1,10,1,16.613017943806888,0.9536488234607905
7e3ae50b-0131-4280-a8e9-a8a08234a7e6,2022,2021-12-05,d84fbf05-f799-486b-956e-f0500927e1d0,6bb1093f-59ab-4de2-9cae-c257b87d56e4,-5,0,6.361450837636362,0.7108828855471558
96ed71c2-9a00-4263-80dd-bbb23cf0962f,2022,2021-12-05,ad5bf26e-a32c-4d5a-b531-f6822b104284,ef3d2fcf-bc17-49a6-84e3-cc117e8fc095,-17,0,-0.9019985530831034,0.5190537840421751
99d28469-5460-4ce3-a2d0-b1385dcd707a,2022,2021-12-05,61476d05-09c4-4500-a588-2847128ed6e8,fd0a26ff-3454-40f1-b8e8-1f0f6f9523db,-4,0,2.9001513467784132,0.6552866808856421
a26be82f-74df-46ad-a1fb-61e1037c3245,2022,2021-12-05,28ef27aa-2dd0-4469-b521-fdbe9d8c6bd0,c14dbd3f-31c2-4647-b19a-e03839f04ad5,13,1,13.628091395588932,0.9480022992894858
a3b3217c-6585-4865-80a5-7692dd280ada,2022,2021-12-05,4d89f528-9a1e-41ca-beb0-98f913c61c2e,e51ef676-50a6-460e-81a8-b05cdee80c25,-8,0,-0.36830885925710805,0.482639055146511
ab21fa8c-060a-4ee4-bab9-bd99b599285f,2022,2021-12-05,28760428-230c-4858-9d2f-0ff8e804da52,ca2c8cbf-6e05-45fe-8697-30f46c2f58b1,-21,0,-12.545518045496815,0.059096479839371455
b65e9e55-a117-4505-9b29-792cf87bc405,2022,2021-12-05,3795d76f-7577-4ea0-8f28-89d16c87f9f0,7c264f4b-0e3b-448a-a195-c16c164a624b,-27,0,-4.110494126008215,0.30366734592633543
bfc6aaf8-5e92-4cc5-a168-a6aa0e09d862,2022,2021-12-05,31a85828-d084-442c-9cbf-1f706ab87f57,4b2092bf-f1b2-48c3-8ba6-43f8f5d0ee62,-8,0,5.077504302781201,0.6149306756011722
c688da7b-5eea-4841-a664-96647186435e,2022,2021-12-05,1607fc40-d48c-4c58-9fa8-96e3f20a5137,78c4f8c4-d04f-47ed-92d3-34e159fec915,-17,0,-8.759464198388935,0.1859089758856262
c78f9880-3c74-4f5d-8dab-c1b450302b38,2022,2021-12-05,d67c23cf-71fc-4b63-b6b9-d41c6e172e4b,23ad3833-572d-41e9-8cc5-961b2db50d2d,-7,0,7.802916139226847,0.8255587327481257
c8b12ab9-bc70-43f0-bc6d-28dfcf61e3d1,2022,2021-12-05,f9beb22d-1a30-4dc8-88ac-4737870b7e69,31edfcc1-f627-47cf-9ca0-61370f3261d2,1,1,2.1921610983394992,0.6230283011974924
c9ce75b2-b811-4246-82db-4795b871384e,2022,2021-12-05,dea85f83-4470-4a0a-934c-553c4722d079,4184e3dd-c499-4f67-b148-fb0c4342d564,10,1,13.159310667017163,0.8918585239367579
d5648953-5adf-449a-af4c-05845c5075aa,2022,2021-12-05,e78e20dd-cddd-4b53-b5d6-62aad4ced9ca,b4531112-44f4-44bd-877c-3fca948b51f3,-13,0,-3.558672203086125,0.37737346089055424
dc97591e-5ed0-4957-bffc-12f40f941cf7,2022,2021-12-05,12414365-9349-4a1b-a319-34a8ad92f7e3,8f73f541-6fb8-4ad2-a1c6-e3eef51e7b64,-12,0,-6.562834245391468,0.3229033980206357
e860d0f7-44f9-4a3d-a287-1aec203886d1,2022,2021-12-05,d84d7188-0176-4937-80ec-d83ae93a1912,a270ed0b-d820-42d4-8101-f2bf9e25042c,36,1,22.968647410670872,0.9824733092825949
f07b71db-657a-40e4-bb61-d398028b9bec,2022,2021-12-05,062eb8a6-996c-4619-9ba7-498cdd009dd6,46716039-e26d-4d19-a17a-35eec7c36cb4,-10,0,6.190926181365131,0.7581155070212053
f9cfaa15-5d52-4d69-a9eb-2045fbba61d7,2022,2021-12-05,81c35070-ad3d-45bd-8fcc-5a8c73a46ba3,87cec0de-4d93-4ed3-9ac3-deac97be5eba,26,1,12.44882641180768,0.8775407699579059
fb0ac2fb-2d49-4baa-91e7-3eab36148ad6,2022,2021-12-05,cc4eefaf-2887-46d2-920d-d97a8f3df18c,42f97a12-c358-47bc-8b1c-e20878be4a05,35,1,14.634848603138693,0.923513565168931
1e1d2035-268a-4634-b90a-6637c2d3af5d,2022,2021-12-06,dcf098f0-7fc0-458c-95fe-c6f0743b4274,96ccc81f-3016-42f2-98b1-6cbcbf6e8d07,28,1,19.986619337460496,0.9792412489527225
3e0a817c-7545-4adf-9bb1-311551bd185b,2022,2021-12-06,3ebbd7b5-f0e2-4fd6-870c-58a45d420f53,f3d329ca-1b85-47f6-a871-b80851fdc6d7,-5,0,4.541373629152517,0.6480174800002769
51ab0040-5d5c-4278-9104-b7cf4fda8d0e,2022,2021-12-06,62080182-ef8a-4907-90ca-00df4cec4e3c,b31491f2-919b-4ff0-9274-11397e369e22,-15,0,14.677614069854728,0.9254391103061355
9b2ed585-82f8-4f50-9d4c-5462b730704c,2022,2021-12-06,94a64c9f-34df-480e-8ac0-1bad98ef2a11,1393366c-684f-4fdd-bd85-9fabb1307aef,13,1,9.380904596434487,0.8242662157401787
a5125c6b-b66c-4964-9192-d10c1cdb60ec,2022,2021-12-06,5f19cada-0d6a-4a64-bf90-7be104537c24,8425fbd0-40c8-4146-a2c2-51ec714ee637,36,1,22.405106242283434,0.9756414546416843
adc6a3e5-31f1-478c-b198-0bffeb27ef8c,2022,2021-12-06,2bf13d1a-4738-4039-9d08-49f17859d4eb,c3d3f21f-51d8-4ae4-9285-7209d1d97802,32,1,34.604728155783654,0.9906022949676646
b0be358b-877f-45d2-bed5-c3f9be915373,2022,2021-12-06,29398553-f42a-4873-9321-4c772f7dca42,9aff8705-aa1a-4181-bda2-9f9544361658,13,1,5.584368276436684,0.7094230467962587
c6a3afa0-20a5-4a8c-a938-b8a8382ce651,2022,2021-12-06,a50b7fa2-326f-4ab1-8bd2-b0bbf4f26d23,9c70f4e7-acfb-484b-8154-f0fa9365a3a8,-2,0,-2.7401913804542235,0.4179051033094284
ccfd7c49-a158-465f-b0ca-c21657b6a64e,2022,2021-12-06,4090fa15-7788-40ba-95cd-6c5cba85e91a,054be086-7ef6-4006-880c-01ed91db37c3,5,1,11.352552518362025,0.8597071861517026
004c93b8-dcb4-445c-9aa5-ef2f397b0f82,2022,2021-12-07,eb341503-aa23-4784-af34-3b14bd72fdd4,ead00c79-f9ca-4dc2-9beb-0b236dc32ce5,-20,0,-5.817458368271149,0.29776835694012466
010fa91f-027c-4414-a9bf-4eb1fce5a639,2022,2021-12-07,fbb275ea-bf78-4cdf-ba66-538cd9722ef8,8f73f541-6fb8-4ad2-a1c6-e3eef51e7b64,-5,0,4.759534050589015,0.6934472139777227
0c06f8b1-1417-4569-a073-81e315266ec5,2022,2021-12-07,03b227c1-5813-4ee2-b7f7-34094db05200,fc4bf214-f945-46ec-8524-00a3196b7449,-4,0,11.924669715887232,0.9140961496977691
10b51f52-0aef-4ddc-9c49-7629d71816a9,2022,2021-12-07,793f775a-aec3-4741-b86e-4c8e079f74a4,91d1df49-0521-4008-8e8f-c2098944ce2c,-4,0,3.4780307477808354,0.6702483004038114
160c97c9-ad4c-4996-9823-85add509864d,2022,2021-12-07,4e23c371-72f3-4986-a8c1-e7798c5dac70,82d1bf41-2f1d-44d1-8022-220c263d6525,18,1,16.529436312757735,0.9341371291714001
270de46e-1c37-4030-adfb-f06ab598db10,2022,2021-12-07,ab8cafeb-02fc-4c83-aa0d-dcc530796fe4,c73565a9-06c6-4314-b7e1-3659db4cf00c,19,1,9.215082427738839,0.8502338035583166
36613c46-3151-420e-83e2-9da1f366a219,2022,2021-12-07,8ce55fa9-2ea0-427f-85bc-c9e8ceb4d1f0,5253a75a-17f7-4ea5-b313-743697ebca72,-15,0,-10.046060530016096,0.14516841956870963
3c9c8ee1-eedd-45cb-b8e1-c34ca605e02b,2022,2021-12-07,92249853-0b54-4944-8955-34bc02003e54,2d5a3d36-55d8-4fc7-9050-a067b5a5b3c9,5,1,3.9515544335646777,0.6678934979890144
40bd4bb8-e89d-452d-9b43-5a4ead23111e,2022,2021-12-07,3e7063d6-a6e4-4aa4-8e77-044c9f5fc21a,8e9f9414-bd72-45a6-8896-59f1453666d6,10,1,0.8167906170381528,0.5556796772849765
40cca29b-5508-4e7a-9686-b788f0073b52,2022,2021-12-07,0f8a15c4-f4b7-4335-a429-ae233bf4aa41,2bdfedb6-38f0-4eb8-baaf-2965a942cb85,5,1,-1.422030049791685,0.4809779612853042
4ef5677b-b067-4424-89f7-b6bc781478bb,2022,2021-12-07,4d299953-da89-4561-afe6-d0a2222d454e,28669a26-792c-4843-ad64-6f16da03d389,-5,0,-7.696771886062116,0.33237958173441595
64a9b273-724d-4472-bfdf-bdce91efafca,2022,2021-12-07,f4045f82-f9ab-4d14-867e-496a744ac26e,884b1e88-9543-406b-bbef-d24ea9c36092,28,1,25.937263934805557,0.9854771088003415
6e27921f-ed25-4295-b156-5b1fbd1fe54e,2022,2021-12-07,86391a21-965e-44e8-819b-837cac02859b,ce6a2240-48d2-446a-a847-e4ad4367b9fe,-35,0,-7.687905355933682,0.19548165974739937
701be7c5-63db-46d4-9609-7726903a71a0,2022,2021-12-07,6bcc781c-aaad-4e10-8214-7a1d0e3f2e6d,ceed979f-ef7c-4eee-a2e7-fc66ff70bbc1,11,1,14.830706076250037,0.9492269236460347
84946899-9850-4dfe-978d-6dbeb6d16697,2022,2021-12-07,f1fa4ba9-17ac-4467-80da-6559daef7a45,e0d5322c-5032-4768-98e5-0b1ffa787a08,11,1,9.810754360361724,0.856521196821792
87bcfbff-bb28-4b9c-abb5-553e668e450a,2022,2021-12-07,8d6547d3-5ed7-46e3-9ddd-95756f8adf91,909caafe-4b74-468c-a1d3-efd53ab80ca9,13,1,21.232619314868757,0.9817661347927948
8e3d4a37-bbba-45bc-99fb-1f6ad7f45c0b,2022,2021-12-07,240cc087-ebae-4133-9c14-cb46ebe54b97,ca7c4f31-56b7-465e-a3a7-4a4a123f213c,-26,0,-19.760106653892503,0.04351165947030929
9115813e-f2ed-42d1-a6e3-4e930a6d80d9,2022,2021-12-07,f8490c90-4ca1-437a-93da-114f5dac0426,5a26bb55-d02d-4957-be27-861e8036f152,2,1,2.5146428264543985,0.6886224264570585
9365224c-f777-441e-814c-8e74cb0ffa8b,2022,2021-12-07,af6d34e9-4be7-4fc4-b61d-28a000704daa,048ae5f3-c6e9-4937-93fe-ec224e17fea2,3,1,-9.159560891892612,0.15556965743124848
95c50b41-2456-461d-b0b2-56ea58e30f77,2022,2021-12-07,b553e2a3-5933-4adc-b999-6deb896450c3,212827bd-b2f5-4ca3-a901-403112b8594c,26,1,16.529858864606425,0.9437149332448372
9b43202e-de4e-4e75-a1e3-bbad53549abb,2022,2021-12-07,9020eea9-bced-4c46-9f85-8bbdff3393c5,9aed1c9e-7ade-4533-91c5-322e09783a7a,26,1,27.641225952368742,0.9883863084274987
a057896c-848f-4477-b44b-9dda2b7edc24,2022,2021-12-07,fd736c6d-0d9a-4837-8153-b1f51e776578,b91fd5ed-1e0c-431b-bd4d-0947f67edb2b,19,1,4.404262118178879,0.691139426185668
b63cc4f8-15f2-4f39-8538-5fef00866da1,2022,2021-12-07,3411d575-6a72-4b22-885f-e90bac6bdd28,29263387-625d-4270-b420-6066c840fbe3,11,1,5.779398481568171,0.6424705405135219
c6aa4989-8cdd-4f43-a796-8fdc6637ba7e,2022,2021-12-07,3ee1f038-4cc3-46de-8651-23f4bd9a99c3,be639f4e-dcad-4737-8fdc-2740207d65e3,-14,0,-4.658580749618439,0.3587044073857522
c6ad7776-1133-4540-8a14-258696f180d8,2022,2021-12-07,b101bc61-0628-4298-9362-c2e546437032,fbf897ee-41aa-431f-8ef5-0ea7cbe2a05f,-14,0,9.614971297828484,0.7905276928197176
cd1c7983-8657-4231-bf3e-4417fedddf36,2022,2021-12-07,f04a9115-7f6e-45d4-8590-4934a791ebb3,5bdb2df4-f9a3-4404-a003-948f25c48965,-5,0,3.5262064269622218,0.6049311084456221
cfc4c632-563c-4555-9b13-2eb686cd9488,2022,2021-12-07,ae36afe0-850f-4758-99ec-d7deb696d4fe,0cc63380-151c-40fa-bc6b-76091785d359,6,1,9.359080659569281,0.825297703858362
cfc60643-c1c8-4db8-8a45-aa0adddfe20d,2022,2021-12-07,00366c32-204f-4176-9a22-20555a1e6363,0d182ffe-13fa-4447-8f00-f38088d0cf05,20,1,16.51719631842972,0.9497434422498933
d4a02eb8-2104-48c3-94db-358918c016ed,2022,2021-12-07,dddedca4-47e5-454b-b278-b9f2fec5e78f,be29cc8b-f65a-4ba7-8a0d-40b2a9643422,12,1,17.973750053075992,0.9547045359955083
e74a37b0-ec8c-4519-bf6f-ef7b0686324c,2022,2021-12-07,95eeb869-4052-4a70-84dc-8178393a6646,f5ff136b-cc0a-4eed-a502-c028afe284bf,10,1,17.111757139724684,0.9216332334752236
ea0fb8f7-7510-420b-84ed-963765f12de6,2022,2021-12-07,57a961fc-fabe-43a1-bd3f-78858a193715,bf8f11f7-2ca6-48bb-ab7f-58720df6451f,6,1,-0.6414023255989706,0.42580405545151917
ea2aefa7-a428-49af-b7de-d16bb21d5189,2022,2021-12-07,92665c8e-76f8-4e29-a164-ffd7c8890a33,16133dd5-c118-4a85-999d-20451d1fe132,1,1,-6.053145969301402,0.3339069593487931
ecddc4d1-4702-4a2c-8b11-c95f3357e2b3,2022,2021-12-07,97a440d7-b0b9-4fd1-9da8-6460649da714,1ff4fd9e-2594-47e2-8b06-66ad2ca3fcb6,-14,0,-7.862509020149676,0.22991385621698346
fcf50bda-de21-44df-97fa-fd7031a3c0f1,2022,2021-12-07,6081d978-c3cf-482e-8374-c40b212242c1,a5e97c6a-a0e1-49d2-b6bc-8903c39ceaa0,12,1,22.977037440900347,0.9822787261328603
04d73514-78ef-44fb-8daf-76e14da9bd62,2022,2021-12-08,d25581ff-ffd9-4c81-a946-e99b1de2c3b6,3795d76f-7577-4ea0-8f28-89d16c87f9f0,7,1,9.52608643828097,0.9051982663773572
07b00d0e-a593-4cf0-a65b-84e2a70a4483,2022,2021-12-08,4a44b6c6-3fc1-427f-bd05-432860f3024d,a5658591-2fd7-4ab6-bea8-70e793ff3f6b,7,1,9.29202729752763,0.7906305238324182
090f3ce0-14bc-467d-96be-149c7c3ab64f,2022,2021-12-08,58041e02-d340-41c3-9f0c-e5e2a5c7a135,0b986199-3ea8-40ba-98dc-8a54b3509609,-26,0,-16.23430219158311,0.05624640744164167
15c5164d-8aa0-4a9b-850a-4ce37728b041,2022,2021-12-08,8ab33314-bb5c-4e60-b515-3564c813ae0b,add091d3-316a-457b-803e-9b8e145b76e6,11,1,3.2922698788227156,0.6040146775616962
164df9c6-cfb5-48a1-a41b-75faa1aa8b0a,2022,2021-12-08,9bf29604-a6db-46b0-b81d-92452dc43267,1235749c-6be5-439f-872d-e0a85682aef6,-8,0,-21.508134829421635,0.03175291063544788
270e02c2-4b87-4585-b73b-f6d2e6441315,2022,2021-12-08,dea85f83-4470-4a0a-934c-553c4722d079,964b0070-5909-49eb-8fbe-c2de5f48fe0f,10,1,16.156879728799815,0.945426739423312
291b0ddb-da40-4fe3-a937-0d6fabdc39e7,2022,2021-12-08,8de64d3a-4bae-4d2a-a4d2-15ec6583f6aa,4204a542-7881-4f83-972a-7567cb51cc3c,3,1,0.4782826599799892,0.4975858450460496
2bf1a8b2-2519-4523-8484-9119f828dc6c,2022,2021-12-08,46716039-e26d-4d19-a17a-35eec7c36cb4,72261a98-a3e3-4f7c-8188-4faf20af42ad,15,1,14.002779613201616,0.9504534724567718
32b1be1e-faa5-4c9a-9202-06c85d1c5f4a,2022,2021-12-08,e5df557b-d16f-479b-b7f6-db85db97e2cf,3e79582f-0f2d-4ace-86a2-242de87ef6c2,46,1,16.683822615519603,0.9612108350072277
3382e39d-04a0-433d-83b6-65510eab2863,2022,2021-12-08,21282287-1619-4d11-9e25-59855bdd5be6,fc748d3e-7f1e-4823-9d7c-f14ad3df799a,18,1,6.4338405810183,0.7783428963536861
3f92f030-feb4-4972-86dc-ef16fd9fa7cd,2022,2021-12-08,4bd089fa-104e-4a99-a39a-1af78fc3e611,ca2c8cbf-6e05-45fe-8697-30f46c2f58b1,-5,0,-6.925001692106064,0.2265234177038668
3fb74540-b3af-4703-8e1c-64e4d8ef16c4,2022,2021-12-08,6bb1093f-59ab-4de2-9cae-c257b87d56e4,dac65a7f-4511-49a7-9c6d-3f29d22ff86f,-8,0,-5.52867947856911,0.3372221777640947
4e41ea48-5e7e-4cd0-bba8-702fd763ba72,2022,2021-12-08,d1893fac-c32c-416c-9aed-0d6c61ad0935,c2c0a075-e16f-4aa1-a838-887ef3ba2106,10,1,4.186699823321813,0.6903957191240515
521b2757-a28f-4af6-97df-7464b27d9288,2022,2021-12-08,2422cf8a-bacd-4cb0-97f2-244a07c62c78,c01c9fdb-95d5-43c7-b905-8bf714226631,13,1,9.957427687489817,0.8398527747068373
52385cee-367e-4f2e-9d81-b98e1e9474d0,2022,2021-12-08,77413edc-f997-4807-a4ea-9caf8157da8e,944226c8-c2af-4571-a853-5bb934c49ae4,8,1,6.531423905247395,0.7782194978519912
545fc7a4-930e-468f-8e12-2d912952b112,2022,2021-12-08,5870d352-4930-4235-9c03-7bcded7ae342,b7b950c6-b603-4afa-afd6-ed15293d3523,-10,0,3.5100664238574386,0.6308982102188835
5673bebc-0ddb-4228-9291-8be9451b341c,2022,2021-12-08,77b07047-6507-4cf4-85a5-4c69fc0c453f,4d587dbe-16e7-4990-a378-a0fc4c2c273f,10,1,5.52571039992067,0.6532251507390551
5e257c8c-c9b0-498f-b393-75bca917899a,2022,2021-12-08,2678c438-d23d-4ec0-8105-ab3f1c748aaf,37f4b484-184e-49ff-b002-89ed33daf72e,17,1,11.516464356145276,0.8389080082011791
5f27dfa7-01e8-47a6-ad3c-27ad8e770962,2022,2021-12-08,61d9acae-2486-4e53-82ea-60d146622f34,4db0015c-fae1-4d5b-8be6-db756062d47c,26,1,20.53427687830225,0.9673369314038797
61fd0c76-81b3-4f08-a9d8-263511c42018,2022,2021-12-08,77d10aad-4300-4849-8c55-f92e900358a4,1c994624-ca30-44fc-97cb-9a0aa481ad72,2,1,9.319878313136773,0.8046910746246678
636c462d-c88c-4a64-838e-486abcd35ae6,2022,2021-12-08,43fdfa19-1583-4159-9c0e-1e88e231b35d,4e853367-c5cd-4701-9554-38bf174777a3,-1,0,-1.6756958136288074,0.37335644707543025
6947369a-5205-4df3-8aeb-6317966f8dcb,2022,2021-12-08,d91f2468-d81d-4b25-a8be-53e85e8b4ded,c5a3e484-778a-41ce-abc4-7ff9ec51ca4a,8,1,-0.07655933793431359,0.5472451342959065
6beaa0f5-db9b-4671-989f-5ad4d244a167,2022,2021-12-08,62080182-ef8a-4907-90ca-00df4cec4e3c,42f97a12-c358-47bc-8b1c-e20878be4a05,30,1,23.141757582738844,0.9836600588444188
6fe36286-0587-4053-991e-a3383875aa7c,2022,2021-12-08,d2cb99ee-debc-4e8f-93ba-b0ffd42247ea,01167cd7-9c6a-4860-904c-78f7c777ba81,14,1,6.917206739156534,0.7357731192900852
7127ef5e-2068-4077-b887-0b21adc30551,2022,2021-12-08,02d8446e-475c-43f7-a829-3e36474bc43f,ca910495-28ae-4dcf-a3bb-7b04612490b7,4,1,5.3298374971368645,0.6719307319823213
7256a02c-62b2-4533-bf7c-b28733c1ca22,2022,2021-12-08,3f62a009-8c84-44c8-9775-4e3959e17edd,81c35070-ad3d-45bd-8fcc-5a8c73a46ba3,-8,0,-3.195217766892038,0.42670952160535386
77bec4b7-085a-4e46-9ca4-6d93bda293aa,2022,2021-12-08,ff948b57-cb4b-42da-a899-37fa5c8a6d86,9be3dee8-ee3a-44e5-bf8e-c59a500829e6,14,1,9.320460399959826,0.7882895298576038
7b652c9c-ba19-429f-bf35-4640a659b9bd,2022,2021-12-08,5018dfc0-8279-4a3e-b376-b7606f612a00,d67c23cf-71fc-4b63-b6b9-d41c6e172e4b,20,1,4.719760574767171,0.6809207393661237
89503a90-7211-427c-add7-9954029e6b6c,2022,2021-12-08,8af2e3d8-3a2f-4008-b261-30f11908b768,b9052e15-66e8-40e6-86ac-a872e5c51fe8,34,1,15.094032806358102,0.9470960443287018
89666ce3-9372-41ad-930f-05b488c02eb7,2022,2021-12-08,f621591e-18ed-471c-92f8-2c4d4c00bb75,f9a723a0-1697-4175-8193-97f2f8906c0f,5,1,0.17843731558076056,0.5403316926455604
9613816b-82b8-440b-b57a-51152bedc33a,2022,2021-12-08,9fb581b3-9267-4861-a01b-51b7e751ca68,1cc71d7e-b5a6-4b50-a797-176f96548858,10,1,13.314869895375669,0.9076718284548181
b4e5a8c1-b77b-491b-b585-5e2edc4ce2a1,2022,2021-12-08,188437e6-a8e9-4e63-b58a-4141ffadc80e,421b3b28-ab05-4462-bfc9-644fc7163e24,33,1,23.157326650402105,0.9681479261154903
c7bbd5f7-7368-4098-abb1-49f454433fc5,2022,2021-12-08,51c9ea8f-034d-41b2-8d67-b519b3d48286,b990f4aa-efbd-4625-95a3-376e51ad9f2a,-11,0,-9.512146646735992,0.14410686674016782
cf16b04f-e35c-43a0-91ea-d11896adedd9,2022,2021-12-08,bdb5791e-8da5-4640-82cf-7354e2f02b3e,2335e299-031d-43e6-9ae6-536cc9177f51,11,1,2.8176309339000745,0.6422776436646516
d6ed32ab-432d-4118-8ad3-fb727420e78b,2022,2021-12-08,1e2d1b39-91db-4949-af7d-13201eafcef8,12414365-9349-4a1b-a319-34a8ad92f7e3,-10,0,-7.109679595228671,0.26212381183500566
d8800cd1-9f2b-4878-950e-ec50d81bf92e,2022,2021-12-08,3fa1a848-0e6a-41e6-be7c-d6241c6c6caf,6c96789e-21df-4f43-92b1-8e62705ffc1d,21,1,-6.42859046501564,0.2549562890559437
db2a8f61-0627-42f1-9378-929ef6630300,2022,2021-12-08,c2652773-7b58-4ba5-9edd-ffa62acbd245,e78e20dd-cddd-4b53-b5d6-62aad4ced9ca,-11,0,19.593153015752183,0.9712665360022484
db91cefa-2c1c-4216-ab66-b6805bdc7f26,2022,2021-12-08,2a426bd0-410e-4de3-8d49-d5fc05123454,3911d63c-249c-41d9-a29b-df0377e1a054,29,1,15.584222717325162,0.9077077448130503
e57bf3ef-d7e3-437a-a6b3-6bec4d8e0ba1,2022,2021-12-08,6726544c-ad23-4d1a-adfa-1a94c2e10a96,ef3d2fcf-bc17-49a6-84e3-cc117e8fc095,-3,0,2.125615234562007,0.5965546415432004
e8bc4af5-8134-41a8-ad5c-44a2c9eec1d3,2022,2021-12-08,5ebd8a2c-2831-4a31-b7bb-6d6e6e1f7ff9,bf8a4003-12e8-4697-90dc-cf75dfedfeb0,6,1,12.605677600337351,0.9078398914792096
e917e8a2-dfa0-470d-8bf5-84386767164a,2022,2021-12-08,5d7eb8c0-4b09-461b-bbc5-e2a032194a74,4184e3dd-c499-4f67-b148-fb0c4342d564,29,1,9.548021201570776,0.764830868585825
ea8ab155-ca5c-4167-bf4e-063348b663b6,2022,2021-12-08,6da558cd-823c-46c8-b91b-4a40b474cc87,f2eab5a0-4f7f-499a-b807-edd4f40d28e6,15,1,14.469222800999916,0.9283345015272295
efecd2b4-10b8-4ffa-a56d-d461a7a3c0cd,2022,2021-12-08,b7898dbc-7198-47fc-8098-496c7867351f,669eb771-4301-4c20-8e17-113d14b6cc8f,14,1,-14.57341604796112,0.04007901582058375
f229e3a8-610b-49f2-b26f-6a0c43c127d9,2022,2021-12-08,5ec861d9-4794-4460-b935-73f51f03efc1,73339436-3261-4171-9cc8-854b8e176836,17,1,-5.2931108998495695,0.28920180791395
f52e09bb-5a3c-4239-b314-019baf88d582,2022,2021-12-08,e40486af-12fa-47cc-93aa-4b196b7f5bbc,28760428-230c-4858-9d2f-0ff8e804da52,17,1,24.942576528618503,0.9781526155723754
011ec7ac-7971-440b-9f59-fdb05a709993,2022,2021-12-09,a50b7fa2-326f-4ab1-8bd2-b0bbf4f26d23,c14dbd3f-31c2-4647-b19a-e03839f04ad5,20,1,11.057139461817162,0.8931062938763094
08c12bf9-41cc-438b-8db1-d02533ad8471,2022,2021-12-09,9acbe680-5f94-47da-926d-51e1465fc500,43f1428d-b856-4fe8-b864-8728bfdbaffc,-15,0,-12.381857202436004,0.10081620534175392
31f4903c-3f4c-46d3-9694-878cf05b3bd0,2022,2021-12-09,6b68cf86-676c-4d12-958b-f2b9da02a5a1,75755c79-6aec-4154-b1f8-2337fd4a06c5,4,1,-3.9805204704779777,0.33507765163278225
5be7765f-ba8d-410a-89c3-6a4cfdc7858a,2022,2021-12-09,94d0d44c-b426-4381-9d58-bffb34c097f5,e6d68428-bbd2-4402-b980-d22e5e7957ab,5,1,9.878566678642757,0.8289782193785732
622367ba-2018-444d-b6bb-dda04b3e6dc8,2022,2021-12-09,5820546f-7b8e-4593-afc4-fa098623f568,dcf098f0-7fc0-458c-95fe-c6f0743b4274,3,1,-1.9358501252461846,0.3385856550544282
650eabac-0d1c-4099-a9da-8cad9ed584ca,2022,2021-12-09,8ce55fa9-2ea0-427f-85bc-c9e8ceb4d1f0,24f1d79c-4241-4c82-bf09-57a159ce81b3,-1,0,-3.9423428557507183,0.33692442077127177
86332025-a04c-488f-a02f-27ecf161df22,2022,2021-12-09,d34afafa-d43d-432c-98d1-72ab0aa8a823,eb341503-aa23-4784-af34-3b14bd72fdd4,25,1,41.05174689401616,0.9902889620109194
a4d2d06a-ae18-48ef-bdce-1274da42d1e1,2022,2021-12-09,7b9691f0-e940-401d-9e2c-1d4f695fd91a,9dc47cce-9b16-420a-971f-5362aaa69dc7,5,1,3.6492613779841014,0.596810170059688
c203e073-d61d-4fc7-9198-225552413a74,2022,2021-12-09,a313a13e-7ac3-4c73-8872-6d424a253480,a270ed0b-d820-42d4-8101-f2bf9e25042c,17,1,20.440349104610412,0.9822964003006153
cb0cf79d-2ad2-46d6-b0c1-67f827520f87,2022,2021-12-09,91a6fe66-7652-496c-9d91-c9bd2b333b6b,e51ef676-50a6-460e-81a8-b05cdee80c25,17,1,8.310984114215588,0.8168453831943306
e7f560c5-f5d0-4af3-965d-cfd930c6eb97,2022,2021-12-09,b0fa4996-a909-4fd7-ba9e-8f180716f7f3,31503e00-902d-4881-a3a5-52c5415e0e2b,2,1,-5.505018755943253,0.2525775874825207
f6315e58-bc71-4d1a-ae24-77ac5de559ce,2022,2021-12-09,ff725b84-1ca5-43ef-be84-cb70a6494dab,98555e7f-2f58-4896-b98e-4edcece8a333,20,1,-4.539962172465465,0.3187573593355295
0861c756-5467-4db2-aa0d-4dd965214a08,2022,2021-12-10,604f3fca-4ca3-445b-9be1-3cb6b7f69fd8,c6c28fde-56df-41e4-839d-2d6201c8dc27,-2,0,6.866240055736754,0.7287184122950638
17c8d3c8-b45b-43aa-8a81-1a3ae753c339,2022,2021-12-10,ead00c79-f9ca-4dc2-9beb-0b236dc32ce5,8e9f9414-bd72-45a6-8896-59f1453666d6,-5,0,-11.183013373501717,0.1656134945491316
207deea6-852c-479e-b8c9-35aa3259a32f,2022,2021-12-10,793f775a-aec3-4741-b86e-4c8e079f74a4,a6f2099b-9086-4681-8ffd-c41cc6f1b263,-11,0,-1.9608873754940699,0.477740600178562
27c89818-2c74-4f6c-b72f-d2a38f1df1e3,2022,2021-12-10,7187f894-4dce-4524-b538-b66a892cd89a,7dd2d410-1958-49f9-8b62-e7cc25e3c647,26,1,18.536801044519976,0.9765782814324784
4444e63d-0fae-43a6-ac6e-023c52781188,2022,2021-12-10,c995f51c-df46-4643-9aa1-3830ce760066,56c81362-1bcd-418d-831b-74b9b0c4a563,-17,0,-2.4652913153908815,0.38777945915903383
5fba2474-501f-4bb6-8dab-883b5405af38,2022,2021-12-10,553733fe-ac6e-4397-9188-b27a01824e73,e89766a3-c899-4922-aee4-cfaa2a8fb500,9,1,8.17141389579382,0.7949900897304716
8271f6a3-e7f7-4460-8b54-2c626c6c8fc9,2022,2021-12-10,ca7c4f31-56b7-465e-a3a7-4a4a123f213c,bd64a96b-c6bd-4f04-ac87-79bec2f197d8,37,1,20.61293106077641,0.9751776578325747
d89a84e8-a2bd-49bc-8fa8-a894e4c51c72,2022,2021-12-10,c73565a9-06c6-4314-b7e1-3659db4cf00c,240cc087-ebae-4133-9c14-cb46ebe54b97,14,1,11.26037935840535,0.8719822264381853
ebd7a5c1-f7b3-4451-a674-2f026a40e7d6,2022,2021-12-10,2bdfedb6-38f0-4eb8-baaf-2965a942cb85,5e8f405a-2ee1-4230-95ea-420666557eed,8,1,12.339758213082556,0.9423119817109564
0173d89a-ff1c-403e-90cf-c530dd8090cc,2022,2021-12-11,bf8f11f7-2ca6-48bb-ab7f-58720df6451f,0f928622-6fc6-4817-9641-a4366153c8c0,-9,0,-10.253771917158685,0.1084923490203512
05824ce6-ea91-4806-8ad8-7afe4dac0ff8,2022,2021-12-11,03b227c1-5813-4ee2-b7f7-34094db05200,00366c32-204f-4176-9a22-20555a1e6363,22,1,-2.3832020762251904,0.45816970810826346
072e2073-fa3c-4c95-92b0-788c6778146f,2022,2021-12-11,b553e2a3-5933-4adc-b999-6deb896450c3,a5658591-2fd7-4ab6-bea8-70e793ff3f6b,2,1,4.973683470920883,0.6473114079119682
074cac90-3194-4078-9b7c-f691a4f3e1c7,2022,2021-12-11,4bc4f625-be38-4da1-919a-c43bedce10b4,2bf13d1a-4738-4039-9d08-49f17859d4eb,1,1,-8.766913309796825,0.16061321585508298
0a18cfb8-6131-4c48-9353-040987db2284,2022,2021-12-11,4d299953-da89-4561-afe6-d0a2222d454e,3b36f988-af5a-4761-a417-f496a2137c3c,40,1,22.846780394017074,0.9794134859658282
0b5cdef4-6f69-4197-a4a1-f0b6ab5ba2b4,2022,2021-12-11,b91fd5ed-1e0c-431b-bd4d-0947f67edb2b,96ccc81f-3016-42f2-98b1-6cbcbf6e8d07,1,1,12.081567828406248,0.9199801918479921
0c8dc437-10c6-4662-81d7-3d7fb196c5c5,2022,2021-12-11,ef3d2fcf-bc17-49a6-84e3-cc117e8fc095,cf2375a7-1488-493a-8679-e8112b47cf7d,26,1,17.835183228771356,0.9665299884674365
12346c13-377e-4f52-a1e5-88f3c52f60ce,2022,2021-12-11,23ad3833-572d-41e9-8cc5-961b2db50d2d,3f62a009-8c84-44c8-9775-4e3959e17edd,3,1,3.02647880980086,0.6490489690614736
1774db09-7e8d-497d-9802-ae1f6d80c7ff,2022,2021-12-11,9020eea9-bced-4c46-9f85-8bbdff3393c5,f4045f82-f9ab-4d14-867e-496a744ac26e,37,1,27.584313228661056,0.9864197012140464
197f9336-a40e-4155-a5c0-720884f62764,2022,2021-12-11,be29cc8b-f65a-4ba7-8a0d-40b2a9643422,a8f76e24-7f09-4727-b40d-6834e4fc0829,-11,0,4.5991822649442895,0.6756924774079105
19987c1e-c02a-49e9-a728-9f43d8ac3d0e,2022,2021-12-11,1e46f177-0551-4da2-8f3f-c683820ed5f9,247be024-10cd-4230-8ff4-c8f55dafdf33,13,1,10.69374605931202,0.8516023309717629
1d162292-5faf-4235-a28c-8c219d3e5186,2022,2021-12-11,0a370edb-2194-4979-ad23-d796fb97dfb3,4bd089fa-104e-4a99-a39a-1af78fc3e611,-1,0,-0.8359680113504832,0.4329228649781474
1e932e78-4438-4d58-bbe5-af7d56aab9a3,2022,2021-12-11,e61ea85d-a57e-4621-930d-0b0e653eb2c7,4090fa15-7788-40ba-95cd-6c5cba85e91a,7,1,-1.6699054880210786,0.4085972877901768
21942767-70c3-4adb-8efc-81c78fdbbfe4,2022,2021-12-11,fbb275ea-bf78-4cdf-ba66-538cd9722ef8,d0a4ad01-cd4c-462a-a303-d94d9c7c79fc,11,1,8.296367057618491,0.8037792425641136
240b0c2b-da8b-46f9-976b-99cd96b8d815,2022,2021-12-11,9bf29604-a6db-46b0-b81d-92452dc43267,5ebd8a2c-2831-4a31-b7bb-6d6e6e1f7ff9,-14,0,-10.519750525674485,0.08713859535729931
261dcca2-76fd-4eda-93dd-8609322ce845,2022,2021-12-11,6726544c-ad23-4d1a-adfa-1a94c2e10a96,d1893fac-c32c-416c-9aed-0d6c61ad0935,-3,0,6.91881565572799,0.7250434111072899
26306e98-1af5-4a37-ab00-00ae9fb1712f,2022,2021-12-11,3ae40137-6b36-46a4-99e9-3ea88255660c,1235749c-6be5-439f-872d-e0a85682aef6,10,1,4.0291523846484045,0.6487852893981942
297a2333-1230-4c3d-aa34-68d8e1bfcaa5,2022,2021-12-11,72261a98-a3e3-4f7c-8188-4faf20af42ad,1552f5fd-a3ac-4947-93d8-08bdf1a77f93,-13,0,-7.833242276480333,0.17513364001694331
2bd22f35-32b8-4830-9a31-16d30addaa7a,2022,2021-12-11,e51ef676-50a6-460e-81a8-b05cdee80c25,cd84e158-0ec9-44ce-872b-e44a595a4e37,19,1,10.91953736607933,0.8598311315264484
2bff01e6-03c6-4d57-af2c-61b6cfac4615,2022,2021-12-11,f3d329ca-1b85-47f6-a871-b80851fdc6d7,b773a5ad-3d34-4658-a942-6e2836f04e3b,9,1,10.489224656754633,0.8638634245178819
33e9979d-b9ee-42b6-8580-89c720a7fbba,2022,2021-12-11,5bdb2df4-f9a3-4404-a003-948f25c48965,9c70f4e7-acfb-484b-8154-f0fa9365a3a8,-5,0,-5.340222562200372,0.27973390044932805
37023624-0d22-4b3c-873d-93cd6c50f3c6,2022,2021-12-11,d98e9dc5-d3b9-41c1-ac48-5a4945d47713,bdb5791e-8da5-4640-82cf-7354e2f02b3e,12,1,3.316846967814462,0.671837046040845
39312d6b-f553-4a6c-af9f-e34a34a25fe0,2022,2021-12-11,ceed979f-ef7c-4eee-a2e7-fc66ff70bbc1,77b07047-6507-4cf4-85a5-4c69fc0c453f,-6,0,9.857520430844913,0.8587071513266692
3c0f4de2-2a12-469d-91a4-2052b19516b1,2022,2021-12-11,d25581ff-ffd9-4c81-a946-e99b1de2c3b6,c01c9fdb-95d5-43c7-b905-8bf714226631,28,1,5.2684981524398,0.7285422585880084
3cdc1126-ac2b-47f8-bf1c-d75b1c2787a9,2022,2021-12-11,29398553-f42a-4873-9321-4c772f7dca42,1e2d1b39-91db-4949-af7d-13201eafcef8,17,1,5.505274777047613,0.7492198607955458
3d89c776-0765-47bd-aee5-49c8b8f24940,2022,2021-12-11,5018dfc0-8279-4a3e-b376-b7606f612a00,b4531112-44f4-44bd-877c-3fca948b51f3,17,1,10.7479958031918,0.9222319617083308
4064200c-033f-48b2-8573-ded193f27885,2022,2021-12-11,5953232b-95c2-4915-a150-ed30d3fdc96f,5870d352-4930-4235-9c03-7bcded7ae342,-23,0,5.977245314458842,0.6628585578907557
44a5e83d-5d97-4795-851c-eaa1f4bcd0f3,2022,2021-12-11,b394d3b3-e9a2-466b-abe0-89cda8e8d669,86391a21-965e-44e8-819b-837cac02859b,31,1,15.773738620767569,0.9258207177393198
4bc59b75-2777-4d46-8280-599b7fb9f5dc,2022,2021-12-11,af6d34e9-4be7-4fc4-b61d-28a000704daa,fb5884a9-f370-48a9-9000-3b1a4f02f0be,9,1,4.704327960186551,0.6387154548167417
4e7613c6-04e0-43f0-87ee-a9c12f706573,2022,2021-12-11,79f44737-6e40-4cba-af63-6ff773df5f36,e9770216-1dda-4db8-bc54-264a782d40b3,17,1,3.3318279763268754,0.626078010183193
507a16a3-72e9-47e0-9829-2a4ea023494e,2022,2021-12-11,9aff8705-aa1a-4181-bda2-9f9544361658,b1ad6435-1c60-45db-bfd9-c91cb367d66b,12,1,1.376547011741113,0.5713826109542728
539ad6c9-190f-4831-8c8f-adc2112becb2,2022,2021-12-11,ce6a2240-48d2-446a-a847-e4ad4367b9fe,6bb1093f-59ab-4de2-9cae-c257b87d56e4,-10,0,12.022062860418433,0.8522321841350392
5606dca9-747c-479f-866e-f87813865433,2022,2021-12-11,29263387-625d-4270-b420-6066c840fbe3,99ad5125-6b8a-446a-ad41-7a5f50dcf6b7,29,1,-2.639587941741834,0.4360255126137114
5850f42e-818a-48be-81b7-9b9aebc288f7,2022,2021-12-11,68215498-0684-4009-a2fc-93fa21109838,7f9edadc-8c22-4821-8da6-0ba70d59bbbc,-9,0,-10.754577544463372,0.11768173778406679
6259e0a6-13e3-4c20-9f95-f88a501ccdc5,2022,2021-12-11,3e7063d6-a6e4-4aa4-8e77-044c9f5fc21a,14fa05e6-500e-41a6-b7a0-de4b16c4e7cd,15,1,29.73371967962172,0.9890390539384738
64410722-0112-46e1-84cc-9ccf586a0a81,2022,2021-12-11,1607fc40-d48c-4c58-9fa8-96e3f20a5137,cc1716b8-24e4-49d7-8778-964affd58954,-16,0,-7.2495374931879955,0.1942888738419737
656ad902-3491-49f0-8921-007c029f8ad4,2022,2021-12-11,42f97a12-c358-47bc-8b1c-e20878be4a05,bbdc8c62-dfe4-4e42-9ca9-ff85d375faf9,7,1,5.457423904905391,0.6976305140801436
67c289fb-da7f-4625-a355-65bc8fbe4fa9,2022,2021-12-11,a8d4a467-9623-470f-9ec3-c15afb497e8e,5f19cada-0d6a-4a64-bf90-7be104537c24,12,1,0.04958159011219492,0.5194510616351541
698618f2-c898-4656-a50d-7efe1ba8078a,2022,2021-12-11,fc4bf214-f945-46ec-8524-00a3196b7449,884b1e88-9543-406b-bbef-d24ea9c36092,12,1,22.919587813580836,0.9834063673573727
6b13b5e5-ce1c-4085-9f60-bec254aa1e2e,2022,2021-12-11,5253a75a-17f7-4ea5-b313-743697ebca72,d2cb99ee-debc-4e8f-93ba-b0ffd42247ea,-9,0,-4.738632356325851,0.3247078749283908
6db606dc-7089-4a68-a850-85e691a74388,2022,2021-12-11,d84d7188-0176-4937-80ec-d83ae93a1912,e0d5322c-5032-4768-98e5-0b1ffa787a08,15,1,16.617787691866265,0.9312281106359944
6f5b6d10-34ba-4086-9ca8-25d0b708b29a,2022,2021-12-11,2d5a3d36-55d8-4fc7-9050-a067b5a5b3c9,5e661a2a-5f48-4f4e-b78a-4ebc2220c393,5,1,10.666062024238807,0.8677842296390872
72647a08-f85f-4f2f-94aa-f291684006d9,2022,2021-12-11,f1501573-e854-43f7-9346-e94fa60ac4b7,37f4b484-184e-49ff-b002-89ed33daf72e,2,1,6.307599654601997,0.7402991459473611
73478487-ad66-4965-a8f9-610c66af1ffc,2022,2021-12-11,0b986199-3ea8-40ba-98dc-8a54b3509609,254cd687-c2d4-4fee-b5d3-c3ce6a9264e0,9,1,13.818281669119479,0.8796157203185223
7461c4f0-877b-4b11-971d-3b9d538cea0a,2022,2021-12-11,95fd11d0-8e48-48f1-b7fc-f03fe1bc8c84,6081d978-c3cf-482e-8374-c40b212242c1,4,1,-2.271459906991159,0.42260472495683177
7796a09d-bdb3-4389-85a3-a38fb7a3babc,2022,2021-12-11,e31be871-e6af-43f9-9cf9-865a275b7e6f,ff948b57-cb4b-42da-a899-37fa5c8a6d86,-4,0,0.38979409399020337,0.6019175657228419
7879f403-7653-4522-8b78-5c139577b9bc,2022,2021-12-11,a5e97c6a-a0e1-49d2-b6bc-8903c39ceaa0,fd0a26ff-3454-40f1-b8e8-1f0f6f9523db,6,1,9.528932515827814,0.8004654129338222
8094a49c-678b-4aa4-a17f-330c16c1f178,2022,2021-12-11,4e853367-c5cd-4701-9554-38bf174777a3,89fd2af1-5c8c-4222-8ffd-ce72e55a8579,-11,0,-7.675721473525519,0.22250033684819753
8f38efef-644f-4567-a756-cc91463a4749,2022,2021-12-11,12414365-9349-4a1b-a319-34a8ad92f7e3,add091d3-316a-457b-803e-9b8e145b76e6,2,1,9.649532670130816,0.8789623208383377
92c313d5-4f65-4fdb-89eb-1437dae30ff9,2022,2021-12-11,944226c8-c2af-4571-a853-5bb934c49ae4,1094d4ab-e85f-461d-8ef2-525fd92ec80d,8,1,13.865786547891192,0.9304403222966322
93eab130-1058-4e33-8fc9-f3ac0554d049,2022,2021-12-11,3795d76f-7577-4ea0-8f28-89d16c87f9f0,4d89f528-9a1e-41ca-beb0-98f913c61c2e,-4,0,3.2178845965052996,0.5690250865211144
94e847da-7eae-4b20-a91a-87b0edbc0182,2022,2021-12-11,dac65a7f-4511-49a7-9c6d-3f29d22ff86f,d4de33b3-cd7a-47bd-bc4d-da1381432ffe,16,1,8.706626559183695,0.7823170633197848
95897d7b-4010-4c63-9332-ef206955521e,2022,2021-12-11,5984bc3b-7531-473e-8087-c5fa390b08cc,48b92b41-b7ed-4c2f-b7ef-3e3d4a99fd62,9,1,6.5744011569686425,0.7979086159540807
961e24dd-08cc-45fd-978a-99263fd76312,2022,2021-12-11,f05e79bd-96f4-4690-83c5-60a9d4972d05,b7898dbc-7198-47fc-8098-496c7867351f,1,1,7.132007965181475,0.7680676565298292
9e19af48-ca0b-4920-a217-6aed4d13b19a,2022,2021-12-11,6c96789e-21df-4f43-92b1-8e62705ffc1d,77d10aad-4300-4849-8c55-f92e900358a4,13,1,7.921017073691333,0.8169212209482752
9f15bb29-c694-4226-a829-ae6bf6e3cd5e,2022,2021-12-11,8af2e3d8-3a2f-4008-b261-30f11908b768,669eb771-4301-4c20-8e17-113d14b6cc8f,-3,0,4.021737836868181,0.6842959397679723
a4df0eaf-4628-4ee5-84af-c0a97fde54d8,2022,2021-12-11,3911d63c-249c-41d9-a29b-df0377e1a054,ca910495-28ae-4dcf-a3bb-7b04612490b7,12,1,12.040635240608072,0.8998529853414261
a70ba92e-a83f-46bb-b61d-87a5cda8c206,2022,2021-12-11,f04a9115-7f6e-45d4-8590-4934a791ebb3,3943bea0-341e-414f-8f46-b97e08b5f90f,4,1,1.279808561303905,0.5340258766321048
a930b06a-f361-47fe-a50a-c1ff5d74994e,2022,2021-12-11,eb038e9a-e14d-41b3-b26f-804fde52e571,f621591e-18ed-471c-92f8-2c4d4c00bb75,18,1,6.251336476300942,0.7734241620758765
a9e424a7-c5c0-4b10-b1f5-615efdeb62d4,2022,2021-12-11,78c4f8c4-d04f-47ed-92d3-34e159fec915,ded40384-d167-4ba1-93ad-2fbaa4def151,17,1,21.451615853464666,0.9809018828502265
af503e33-fa35-4e38-8478-e40822b935b7,2022,2021-12-11,f4843941-38ec-4607-a565-9eb459007c54,0efb1176-dc90-4109-b141-5025fc424128,10,1,10.271700352031214,0.882599502661477
b0ac9191-7b81-47b8-92c6-47176dd1eabb,2022,2021-12-11,24dec588-02c3-4c82-9ea6-d467604a8150,be639f4e-dcad-4737-8fdc-2740207d65e3,-11,0,-6.616787176386777,0.21551639549370846
b1c012c2-2010-4d36-96fc-e59150071abe,2022,2021-12-11,d13e3f73-7b13-4e91-9249-09f1e11e488e,0d182ffe-13fa-4447-8f00-f38088d0cf05,-1,0,-1.625636338393813,0.3958033056927883
b44c0c73-a1f4-4d73-bfc2-970a786012d8,2022,2021-12-11,9acbe680-5f94-47da-926d-51e1465fc500,b990f4aa-efbd-4625-95a3-376e51ad9f2a,-5,0,-8.83315648967248,0.21710688362603783
b7d8a8f2-cb37-4b4c-887e-a99d20322416,2022,2021-12-11,82d1bf41-2f1d-44d1-8022-220c263d6525,d5a14f1d-6220-4af8-9b8a-c8a9ae952d5e,-16,0,-5.169558712691976,0.3696915366506022
bcca283e-7cd2-471b-bd33-bdc386f28a53,2022,2021-12-11,61d9acae-2486-4e53-82ea-60d146622f34,6bcc781c-aaad-4e10-8214-7a1d0e3f2e6d,12,1,1.4291463081813358,0.5194463197204154
bed19d23-6742-4912-bad8-3aa4c0c97916,2022,2021-12-11,2335e299-031d-43e6-9ae6-536cc9177f51,afaac3dd-1734-4b48-a2b3-c72d8548f375,32,1,16.935508512045175,0.9505377849411238
c6881486-fea6-4d4c-aa2c-3b76dee432c2,2022,2021-12-11,4b2092bf-f1b2-48c3-8ba6-43f8f5d0ee62,f8490c90-4ca1-437a-93da-114f5dac0426,3,1,3.342403005517543,0.6511584987056672
cbbe1d61-927b-4c8d-ba94-5d0a1286d5a6,2022,2021-12-11,5ec861d9-4794-4460-b935-73f51f03efc1,2678c438-d23d-4ec0-8105-ab3f1c748aaf,8,1,0.32809466966415857,0.6057730144967037
cdf0edb1-683b-4b03-900d-5c85c4b2fca4,2022,2021-12-11,4a44b6c6-3fc1-427f-bd05-432860f3024d,91d1df49-0521-4008-8e8f-c2098944ce2c,19,1,-0.7029316053108156,0.44504313943322316
d15fd4c0-5e76-4400-8cd1-259d2f7611db,2022,2021-12-11,61cad1f2-f187-4b2f-8e53-02eb65eae2d1,ab8cafeb-02fc-4c83-aa0d-dcc530796fe4,-7,0,-8.180624667439172,0.17244575442095858
d311b22c-5e38-4cc3-8e5c-8504bb7dbf8c,2022,2021-12-11,0ec0fe2d-cb25-483b-aeb2-0f12af2160c7,6915e90a-5d80-4d4f-8d44-0bd316979884,21,1,16.41374991219293,0.9310236753017195
d962923e-5aa2-4a38-88b0-f5e24297455f,2022,2021-12-11,cba4f27f-e547-49bf-bbb3-2983917351a2,d84fbf05-f799-486b-956e-f0500927e1d0,3,1,-0.12466142887029187,0.5156631425890245
db9b32be-f863-47bc-8863-d41cffe87776,2022,2021-12-11,59a704c5-1934-42cb-8720-83cd7ee9f3fb,266e01e9-2f9d-48f6-a4e6-b1184626f785,39,1,15.462547067248558,0.9184111820434087
db9f4a28-92bf-4c4f-abe3-b7f226b09286,2022,2021-12-11,964b0070-5909-49eb-8fbe-c2de5f48fe0f,8d6547d3-5ed7-46e3-9ddd-95756f8adf91,-11,0,-12.352339025747607,0.10361685878447759
e29fed00-f141-4479-a2bc-09158ad77a69,2022,2021-12-11,d7c1086d-592e-460b-9f30-684b14d1097f,1bd5203f-23cd-4c96-8b8e-fae5ddfbe69d,-9,0,-6.394146127054768,0.25720233612612325
f44c647f-4638-4bec-8015-67fab47ad217,2022,2021-12-11,5d7eb8c0-4b09-461b-bbc5-e2a032194a74,97a440d7-b0b9-4fd1-9da8-6460649da714,4,1,-7.1175138742557085,0.21191536192193125
f86e8e8a-2844-4aee-95fd-64f6d52475f8,2022,2021-12-11,5bb511d7-5a12-40d8-83d2-8be20bfc33d4,af3a149c-e965-41c9-af16-a3dd0322f9a7,26,1,21.828311169557626,0.9761221207331696
fb6ce42d-6ea1-4cd1-9648-a67a84d76ce9,2022,2021-12-11,9be3dee8-ee3a-44e5-bf8e-c59a500829e6,ad5bf26e-a32c-4d5a-b531-f6822b104284,34,1,12.07795793767602,0.8676291253239566
fc76187f-960a-4924-8969-ca505a132143,2022,2021-12-11,2454a2fb-1f07-489d-8ee9-b4313e7e775b,db040d7f-5499-4400-9069-620c27646ed6,-10,0,-8.65775570224576,0.1963766643546728
fdf380b2-a429-4119-9851-407e92ff9747,2022,2021-12-11,8425fbd0-40c8-4146-a2c2-51ec714ee637,e78e20dd-cddd-4b53-b5d6-62aad4ced9ca,-14,0,-1.3826265118523076,0.4984807000421531
fe5e159f-542a-4843-9345-91ad2ada7cc3,2022,2021-12-11,3b495752-ddf1-47a7-8bdf-2625c4bfcce2,6da558cd-823c-46c8-b91b-4a40b474cc87,9,1,2.9774572892412716,0.6554789789213796
0da57d84-4011-43ad-bbcd-8fc50267316c,2022,2021-12-12,1b846bd7-47c9-4bf6-ab08-e44d968a34f8,62080182-ef8a-4907-90ca-00df4cec4e3c,2,1,-2.1189506475968707,0.413134970329528
0dd0e7cf-13f7-4ebe-8f66-a10136a2b19d,2022,2021-12-12,ff725b84-1ca5-43ef-be84-cb70a6494dab,ee925def-24cb-4b43-969b-4fe42d68b72e,10,1,17.638581730922944,0.962914363660615
1139ee11-3a60-41a4-a7f2-3ccc3e80f5ee,2022,2021-12-12,5820546f-7b8e-4593-afc4-fa098623f568,e6d68428-bbd2-4402-b980-d22e5e7957ab,-4,0,1.8878713866483054,0.6232660074200833
2123896a-c99b-48e8-8626-c8bb1cb7842e,2022,2021-12-12,94d0d44c-b426-4381-9d58-bffb34c097f5,dcf098f0-7fc0-458c-95fe-c6f0743b4274,18,1,5.043457473556436,0.6685088864424428
296293aa-bd09-437d-a3e4-8cddd2da673b,2022,2021-12-12,fbf897ee-41aa-431f-8ef5-0ea7cbe2a05f,054be086-7ef6-4006-880c-01ed91db37c3,2,1,6.093705920647507,0.757013379609349
2d934f56-76c8-4776-ad5c-db5173d8bf37,2022,2021-12-12,c5a3e484-778a-41ce-abc4-7ff9ec51ca4a,188437e6-a8e9-4e63-b58a-4141ffadc80e,5,1,2.801920688245525,0.5645975090549807
3bc3e7d6-939e-4174-b330-05e77a310862,2022,2021-12-12,7bb8a634-d969-4ec9-b472-8294b1782684,c995f51c-df46-4643-9aa1-3830ce760066,18,1,24.386633933693897,0.9849456989425379
4871ea5d-179b-460c-b06f-ea3cf019d9c4,2022,2021-12-12,a313a13e-7ac3-4c73-8872-6d424a253480,31503e00-902d-4881-a3a5-52c5415e0e2b,-10,0,-12.839242162440499,0.12086087167984895
5d2693d3-feb1-4c62-8a92-85767edc30e0,2022,2021-12-12,54514b3e-2558-4e69-98f9-b1f97fc17835,fd736c6d-0d9a-4837-8153-b1f51e776578,14,1,8.077244807343734,0.7678687780255466
6982489f-b1a5-4632-92ac-fcd361b85fc4,2022,2021-12-12,df8bfbe4-f858-405e-bd5a-04f400d2d7f6,24f1d79c-4241-4c82-bf09-57a159ce81b3,13,1,4.14778780453041,0.6611121218915214
81c2a727-3050-457e-91c3-3fc774685f91,2022,2021-12-12,a50b7fa2-326f-4ab1-8bd2-b0bbf4f26d23,9aed1c9e-7ade-4533-91c5-322e09783a7a,-8,0,2.480548989923451,0.5978213103533465
857bb1bd-ffa9-44d1-a145-ce1177c79036,2022,2021-12-12,43fdfa19-1583-4159-9c0e-1e88e231b35d,e89766a3-c899-4922-aee4-cfaa2a8fb500,18,1,19.661190301455747,0.9785653822609118
91d52831-d682-4b70-961a-4d95307c26b1,2022,2021-12-12,8ce55fa9-2ea0-427f-85bc-c9e8ceb4d1f0,46716039-e26d-4d19-a17a-35eec7c36cb4,-23,0,-10.398248809549118,0.15533821978871812
b6b45fa8-0090-4538-aa6b-1b9f09bce1ab,2022,2021-12-12,3fa1a848-0e6a-41e6-be7c-d6241c6c6caf,553733fe-ac6e-4397-9188-b27a01824e73,4,1,-1.314347722823208,0.48310159782136736
c7ab7696-1029-4331-b7d2-066b5545d704,2022,2021-12-12,aef6cc9a-dcfd-4137-aa03-9926d921f466,3ee1f038-4cc3-46de-8651-23f4bd9a99c3,7,1,17.080555101354943,0.9579110633310782
c8e0443c-bddf-49cb-ad53-502631c776f2,2022,2021-12-12,28760428-230c-4858-9d2f-0ff8e804da52,7187f894-4dce-4524-b538-b66a892cd89a,-8,0,-4.216433222704181,0.3538567854537424
ca1486ed-69b8-4eb3-be89-e3da783e6a67,2022,2021-12-12,8de64d3a-4bae-4d2a-a4d2-15ec6583f6aa,91a6fe66-7652-496c-9d91-c9bd2b333b6b,13,1,11.567233870457187,0.892181702710198
d0a94459-d676-4212-95f2-88be988c3ea2,2022,2021-12-12,dddedca4-47e5-454b-b278-b9f2fec5e78f,64820b75-84d5-4b53-8bec-43ee70e03b36,11,1,10.481112576353247,0.8601594793956118
ddf681e8-83bc-4380-9f06-0aac111f8946,2022,2021-12-12,3ebbd7b5-f0e2-4fd6-870c-58a45d420f53,81c35070-ad3d-45bd-8fcc-5a8c73a46ba3,1,1,0.3007968887249336,0.5683720202523084
e1a0f7b2-be67-4345-82bf-fd2a1eed668e,2022,2021-12-12,ec2fc7a9-a3eb-4e36-9404-f156e2f997f5,4e23c371-72f3-4986-a8c1-e7798c5dac70,16,1,7.0843436578403445,0.7772387084709529
ef841ce7-05c8-4f98-a6ce-1ff884b19585,2022,2021-12-12,f9a723a0-1697-4175-8193-97f2f8906c0f,eb341503-aa23-4784-af34-3b14bd72fdd4,32,1,23.5055263893081,0.9815175357825522
efa308cf-0819-4709-9346-620df9a1a7f8,2022,2021-12-12,d99c752c-71e0-431a-b0b7-143707bbc110,697f7fa6-4d64-4abb-8310-9f310c49ad61,1,1,-2.055899481987413,0.39638332739255755
f0bbe358-9488-4bfc-aa01-4be6641db79e,2022,2021-12-12,6b68cf86-676c-4d12-958b-f2b9da02a5a1,b0fa4996-a909-4fd7-ba9e-8f180716f7f3,14,1,5.818230524380536,0.7144753368423922
f14f0972-7e5b-4cea-9b74-3cdbddb503ac,2022,2021-12-12,c3603958-de3f-4014-9dd0-d9c4c84dd226,1ff4fd9e-2594-47e2-8b06-66ad2ca3fcb6,21,1,7.800815506939973,0.7640833188331396
f79862e7-6b82-4e7c-9119-f18c05c49180,2022,2021-12-12,743e2828-8a80-4168-9d8a-f8cc1d9b0b9a,2a26048e-30fe-47e7-99d9-913f28dea879,3,1,-1.614710132821619,0.5133797835629094
f891bf84-825f-47ef-bfb3-baef56f279a3,2022,2021-12-12,57a961fc-fabe-43a1-bd3f-78858a193715,7798adeb-2809-42ca-b509-02c719168825,-10,0,-9.653116503127352,0.14536722414115383
28388245-589c-4474-8d4b-02b16a2dffbe,2022,2021-12-13,d7c1086d-592e-460b-9f30-684b14d1097f,b23fd4b9-0101-4a30-a8df-10760e1f4bfd,-11,0,-1.6916657415717524,0.40784453251862535
321820c7-8ace-42a4-923d-ecda1e8659c4,2022,2021-12-13,8d6547d3-5ed7-46e3-9ddd-95756f8adf91,4184e3dd-c499-4f67-b148-fb0c4342d564,12,1,11.796075087182164,0.8894957937239497
32bd2085-977b-4608-9212-40da9fe474e6,2022,2021-12-13,b32dbb42-380c-448c-b510-ee949569ffd4,71a67ffc-6558-40e0-96eb-79527a541007,5,1,13.764654463827744,0.9117728032108393
391b5d5e-62f8-41a7-a1da-5c661edd641d,2022,2021-12-13,1049e433-d23c-4aa2-8581-4bef2ad0715f,95eeb869-4052-4a70-84dc-8178393a6646,-24,0,-8.37798778436114,0.15703182895223233
71623284-5dc2-461c-8247-faf46da9c516,2022,2021-12-13,d0a4ad01-cd4c-462a-a303-d94d9c7c79fc,b91fd5ed-1e0c-431b-bd4d-0947f67edb2b,-4,0,10.066389000751755,0.8608054501991423
c9af86a4-7701-434d-9647-f6575eb8a0b6,2022,2021-12-13,96ccc81f-3016-42f2-98b1-6cbcbf6e8d07,f5ff136b-cc0a-4eed-a502-c028afe284bf,-10,0,0.6580034236446697,0.5206593088020439
f96ae977-8443-4b7f-b1b8-9c6b9ddffaff,2022,2021-12-13,c73565a9-06c6-4314-b7e1-3659db4cf00c,af1bfe66-a343-4c46-94f8-4c670ce2c8d7,7,1,4.38884409249616,0.6643855374657562
09edba51-11b2-4672-93f9-dad903259c49,2022,2021-12-14,b4531112-44f4-44bd-877c-3fca948b51f3,4d587dbe-16e7-4990-a378-a0fc4c2c273f,-15,0,7.590843694677038,0.8110783452299456
156ef40e-8c1f-460d-8337-dd9a4ead6766,2022,2021-12-14,cc1716b8-24e4-49d7-8778-964affd58954,9400f670-2aa7-4099-aa46-ea9cf4724079,40,1,30.624829273986165,0.9856017851367401
1cbd0d5d-fce1-4f55-a8b3-055781907698,2022,2021-12-14,5bb511d7-5a12-40d8-83d2-8be20bfc33d4,23ad3833-572d-41e9-8cc5-961b2db50d2d,7,1,13.068051261689128,0.9206351153787712
1e20d69f-4c83-40a3-9fa2-0dc0fc476a9d,2022,2021-12-14,8dfdef93-7be0-45db-8281-e58565dd9d85,0efb1176-dc90-4109-b141-5025fc424128,18,1,26.831275101814605,0.9880928535211758
367f4d02-6dd5-444a-90aa-b0b1fcdc9d20,2022,2021-12-14,f22782cc-03b3-4a0e-a189-8305ebe19b87,e6e965ed-2ea0-4655-b873-7c4b7d9db0ae,-7,0,3.9371993881400003,0.584465144186212
38e8566a-18ae-495a-bd26-5453c2f3d15b,2022,2021-12-14,28669a26-792c-4843-ad64-6f16da03d389,b990f4aa-efbd-4625-95a3-376e51ad9f2a,13,1,30.191984417394394,0.9850312808054138
41ca6f1f-f951-49f5-b165-d54ac124a772,2022,2021-12-14,1fac2552-eeff-489e-85f1-ce8abae4b5d3,29263387-625d-4270-b420-6066c840fbe3,-11,0,-3.319560651685248,0.29857370836309505
458e463c-b9d7-4a46-94c8-093c0a070d06,2022,2021-12-14,d84fbf05-f799-486b-956e-f0500927e1d0,f5d59c00-1a94-4484-8e5c-c5073ff87ce3,29,1,11.63688688382072,0.8948155647203645
53a929f8-ef7a-408a-bc92-8044b5286ced,2022,2021-12-14,68215498-0684-4009-a2fc-93fa21109838,4bd089fa-104e-4a99-a39a-1af78fc3e611,11,1,-2.640487704645522,0.44122753715009516
5852b6d8-e1df-4e85-a9a6-249ef354d797,2022,2021-12-14,bf8a4003-12e8-4697-90dc-cf75dfedfeb0,b31491f2-919b-4ff0-9274-11397e369e22,-10,0,-6.934468675485128,0.2705680816917779
588659bf-ae24-4737-a217-f455267fd583,2022,2021-12-14,ca7c4f31-56b7-465e-a3a7-4a4a123f213c,6bcc781c-aaad-4e10-8214-7a1d0e3f2e6d,12,1,7.596381238473206,0.8001239539522613
6b060534-888e-43a1-8501-98e330e18cbf,2022,2021-12-14,e9770216-1dda-4db8-bc54-264a782d40b3,77917ea7-df52-4378-9975-57dbd680815e,7,1,14.915145334427162,0.915880891197513
740e1774-6836-414b-a971-2d06175c1950,2022,2021-12-14,1e46f177-0551-4da2-8f3f-c683820ed5f9,c3d3f21f-51d8-4ae4-9285-7209d1d97802,19,1,17.24654659907533,0.9472768324685592
74688bb3-db8e-4adc-b54f-a780414305e9,2022,2021-12-14,4d89f528-9a1e-41ca-beb0-98f913c61c2e,fe829304-1347-442c-85ad-2139be36330b,-6,0,-10.357845345685224,0.18877132455728515
784d29ba-9824-424f-a24b-2c40f9c24be6,2022,2021-12-14,d98e9dc5-d3b9-41c1-ac48-5a4945d47713,7b9691f0-e940-401d-9e2c-1d4f695fd91a,-1,0,5.33899539276018,0.7524171141240221
7c02c83a-8b43-4c08-93e8-93e3e9c70c3b,2022,2021-12-14,75755c79-6aec-4154-b1f8-2337fd4a06c5,51c9ea8f-034d-41b2-8d67-b519b3d48286,32,1,28.940751919841485,0.9842510486120882
80556ef2-5ca0-41c6-bc0f-5f7d19646f76,2022,2021-12-14,5ec861d9-4794-4460-b935-73f51f03efc1,14fa05e6-500e-41a6-b7a0-de4b16c4e7cd,20,1,14.683532254696607,0.9404308904023296
816e4cc5-0330-4696-8dad-b213624b7bf6,2022,2021-12-14,e61ea85d-a57e-4621-930d-0b0e653eb2c7,e0d5322c-5032-4768-98e5-0b1ffa787a08,-2,0,9.796501083546739,0.8463560423005719
81dbc9ac-6b61-486b-acc8-0675161b6481,2022,2021-12-14,0724bbd2-14e4-4069-820d-16f4dcda5df5,bbdc8c62-dfe4-4e42-9ca9-ff85d375faf9,9,1,6.63985262377124,0.7372634974340203
856c33be-f2e7-4c28-b3bd-64cf84b7a24d,2022,2021-12-14,78c4f8c4-d04f-47ed-92d3-34e159fec915,2bdfedb6-38f0-4eb8-baaf-2965a942cb85,13,1,7.966093872463127,0.8080753519952045
8722c271-7487-4d81-8ffe-9b4b13745259,2022,2021-12-14,61476d05-09c4-4500-a588-2847128ed6e8,add091d3-316a-457b-803e-9b8e145b76e6,9,1,6.955395238385366,0.8131246254611252
9aad040e-eb37-4748-b3ae-8a258493090f,2022,2021-12-14,3ae40137-6b36-46a4-99e9-3ea88255660c,371a2930-c5a4-405a-bb44-9f22b55ca81a,13,1,17.168122839983944,0.9553633855242307
9b0751e6-9e9d-4a60-b417-9b96759a8bd0,2022,2021-12-14,b394d3b3-e9a2-466b-abe0-89cda8e8d669,8ab33314-bb5c-4e60-b515-3564c813ae0b,26,1,30.857277647037552,0.9873525172180548
9cfbdc95-1664-477e-926e-9431cd2e2734,2022,2021-12-14,31a85828-d084-442c-9cbf-1f706ab87f57,ee925def-24cb-4b43-969b-4fe42d68b72e,10,1,15.759383738126262,0.9463097170443863
a07a2a36-ab8f-4460-966d-add109ab797f,2022,2021-12-14,fd736c6d-0d9a-4837-8153-b1f51e776578,e6d68428-bbd2-4402-b980-d22e5e7957ab,-9,0,0.7660333357992042,0.5138047665296632
a281e1b2-227a-4b60-a94b-bbd4627411ef,2022,2021-12-14,4d299953-da89-4561-afe6-d0a2222d454e,af3a149c-e965-41c9-af16-a3dd0322f9a7,44,1,28.404822301636482,0.9867398646867899
a466d5ae-b890-4d5b-87cc-13682c80ea86,2022,2021-12-14,99236a96-dba6-4b76-96ca-1b8bc30149a1,3b36f988-af5a-4761-a417-f496a2137c3c,10,1,11.819430394107497,0.9027388849157658
ac0a38da-81ac-4c26-bd01-825d5b802512,2022,2021-12-14,604f3fca-4ca3-445b-9be1-3cb6b7f69fd8,4bc4f625-be38-4da1-919a-c43bedce10b4,14,1,6.019661078757517,0.70127494336799
cf457ca1-07b1-4a0d-b1a3-4073894d947e,2022,2021-12-14,bdcaae22-ba48-4546-82af-ca21a229c276,fd0a26ff-3454-40f1-b8e8-1f0f6f9523db,26,1,14.04413004552708,0.9156972023447866
df4c06a0-9df6-41f7-be37-3ea9b8480faa,2022,2021-12-14,a8d4a467-9623-470f-9ec3-c15afb497e8e,242a53a0-47e7-45ed-afe8-61172c29f09d,-13,0,13.387648301251284,0.9096359589777601
e0a14932-94e3-4c3c-9450-75e42501a000,2022,2021-12-14,6bb1093f-59ab-4de2-9cae-c257b87d56e4,5ebd8a2c-2831-4a31-b7bb-6d6e6e1f7ff9,8,1,11.923657476683434,0.9032123976109767
e130db90-a8e6-48b9-8a50-8c4d4013fb1e,2022,2021-12-14,0f928622-6fc6-4817-9641-a4366153c8c0,d77ce32a-30e5-47ce-8841-52447d9fe891,10,1,13.060940565910544,0.9257630468067888
e5b2fc05-128f-4d7e-931b-ead0f68a5a68,2022,2021-12-14,2bf13d1a-4738-4039-9d08-49f17859d4eb,6da558cd-823c-46c8-b91b-4a40b474cc87,15,1,24.723565130455594,0.9836324006411854
fc77c2bf-d522-46b0-8887-33609ce64f34,2022,2021-12-14,b1ad6435-1c60-45db-bfd9-c91cb367d66b,6915e90a-5d80-4d4f-8d44-0bd316979884,9,1,-2.9653599638897528,0.3614421155805274
03fc86cf-eb01-4b38-8084-8199d88f2fd2,2022,2021-12-15,8f73f541-6fb8-4ad2-a1c6-e3eef51e7b64,ca2c8cbf-6e05-45fe-8697-30f46c2f58b1,8,1,3.937599430173172,0.6711919367047108
04287b48-2cfa-495f-be29-9743f9920fb8,2022,2021-12-15,8af2e3d8-3a2f-4008-b261-30f11908b768,9c70f4e7-acfb-484b-8154-f0fa9365a3a8,-3,0,9.51263172675243,0.8341165706374268
2e336714-f396-410b-837e-2ed91bd3ab54,2022,2021-12-15,d2cb99ee-debc-4e8f-93ba-b0ffd42247ea,cc4eefaf-2887-46d2-920d-d97a8f3df18c,20,1,7.7470090089466215,0.7760766691507701
36566181-d528-4a73-9835-1ed9c1d685b8,2022,2021-12-15,91d1df49-0521-4008-8e8f-c2098944ce2c,d84d7188-0176-4937-80ec-d83ae93a1912,-17,0,-1.0296306642357627,0.4461563251145273
46e67cf2-30d3-42bf-af8a-30fd5ebd3af3,2022,2021-12-15,2a426bd0-410e-4de3-8d49-d5fc05123454,92249853-0b54-4944-8955-34bc02003e54,25,1,21.142243892197257,0.9813109365258675
487ca11b-0e76-4eb3-9157-68680e05021d,2022,2021-12-15,5d7eb8c0-4b09-461b-bbc5-e2a032194a74,61bcde81-66e5-484e-95eb-5f373ff4a7eb,12,1,11.857738713087985,0.8815590457741034
4ca88f49-9b9e-46d5-883f-b8101445e93f,2022,2021-12-15,212827bd-b2f5-4ca3-a901-403112b8594c,46716039-e26d-4d19-a17a-35eec7c36cb4,-18,0,-12.12984194979418,0.09601571815365735
54b512a8-75c2-458c-9ce3-6ebbb0b4fbae,2022,2021-12-15,3943bea0-341e-414f-8f46-b97e08b5f90f,77d10aad-4300-4849-8c55-f92e900358a4,25,1,11.775354990286914,0.9005935958777905
61fb9abe-5e4a-4503-8d37-3f667eae86a7,2022,2021-12-15,01167cd7-9c6a-4860-904c-78f7c777ba81,7dfde2c4-2d03-47ac-8d87-e6480afb8a99,7,1,13.390553823185252,0.9109949771752393
740696c8-6234-44be-bf51-a73d1eaf5007,2022,2021-12-15,5953232b-95c2-4915-a150-ed30d3fdc96f,7f9edadc-8c22-4821-8da6-0ba70d59bbbc,10,1,1.7271440130888804,0.5501454261328709
765fa9ce-ec85-41c6-b941-27623f92972f,2022,2021-12-15,5018dfc0-8279-4a3e-b376-b7606f612a00,9bf29604-a6db-46b0-b81d-92452dc43267,13,1,21.67950200892888,0.9865248738980968
7c491e9f-24ea-442f-a184-83574604d4a1,2022,2021-12-15,1393366c-684f-4fdd-bd85-9fabb1307aef,3f62a009-8c84-44c8-9775-4e3959e17edd,1,1,-6.969469388253647,0.22766476104745598
82bf58b5-0cbc-4d8c-b034-fce456032707,2022,2021-12-15,ded40384-d167-4ba1-93ad-2fbaa4def151,0f8a15c4-f4b7-4335-a429-ae233bf4aa41,2,1,-0.1042306557010036,0.4800498708546422
8cfa3455-3c22-4eb3-90e6-2102a828137e,2022,2021-12-15,28ef27aa-2dd0-4469-b521-fdbe9d8c6bd0,48b92b41-b7ed-4c2f-b7ef-3e3d4a99fd62,20,1,15.489474947300005,0.9469978585005973
a0bf99ae-346d-4b72-96aa-b39a0f91798c,2022,2021-12-15,db040d7f-5499-4400-9069-620c27646ed6,a8f76e24-7f09-4727-b40d-6834e4fc0829,10,1,11.580350108725547,0.8136119724313433
c1829544-fa5a-40f6-9edf-52b962fc5a16,2022,2021-12-15,e5df557b-d16f-479b-b7f6-db85db97e2cf,4090fa15-7788-40ba-95cd-6c5cba85e91a,23,1,10.073469304195866,0.8406719251932153
d1691ef0-8497-4403-9a13-f93ff570a674,2022,2021-12-15,2aba779c-997d-45af-a881-44cc87727a3a,aef6cc9a-dcfd-4137-aa03-9926d921f466,-18,0,0.9957679785089649,0.4958650312469842
d2cc47f0-671f-40b7-88c4-de294801dff3,2022,2021-12-15,f621591e-18ed-471c-92f8-2c4d4c00bb75,43f1428d-b856-4fe8-b864-8728bfdbaffc,3,1,12.212533472818192,0.9111102719821287
d30b893b-edba-4c3c-888e-58b1158408d5,2022,2021-12-15,697f7fa6-4d64-4abb-8310-9f310c49ad61,28760428-230c-4858-9d2f-0ff8e804da52,37,1,25.179415528423476,0.9848241988216594
de888502-378d-4825-a07e-21968d525523,2022,2021-12-15,79f44737-6e40-4cba-af63-6ff773df5f36,f05e79bd-96f4-4690-83c5-60a9d4972d05,10,1,12.494836842199371,0.895882860243433
f5b0db82-e727-43f0-a20f-76aa43611b12,2022,2021-12-15,dddedca4-47e5-454b-b278-b9f2fec5e78f,1094d4ab-e85f-461d-8ef2-525fd92ec80d,5,1,11.668916678927735,0.9068765208677824
fcd81228-854b-4a60-972b-cc602883a9d0,2022,2021-12-15,0b986199-3ea8-40ba-98dc-8a54b3509609,669eb771-4301-4c20-8e17-113d14b6cc8f,12,1,6.800031450003609,0.7434211678981092
fea97a82-7485-4a5d-a6f1-32344fe9ace2,2022,2021-12-15,b9052e15-66e8-40e6-86ac-a872e5c51fe8,2335e299-031d-43e6-9ae6-536cc9177f51,-15,0,-6.633362661354413,0.19721534915175992
0aef692e-20b5-4dff-b279-9049ca9ed88c,2022,2021-12-16,743e2828-8a80-4168-9d8a-f8cc1d9b0b9a,6726544c-ad23-4d1a-adfa-1a94c2e10a96,11,1,7.702882562933049,0.7632337446125289
1f479b5b-72b8-4f87-bd2a-44e075e8a65e,2022,2021-12-16,4184e3dd-c499-4f67-b148-fb0c4342d564,3b36f988-af5a-4761-a417-f496a2137c3c,-11,0,-0.5922068610010018,0.5424963790131596
23b9a144-b756-4830-861e-19cc6cb0d8f6,2022,2021-12-16,1e89fbf7-1862-4050-b61b-f4de4a9ae045,7187f894-4dce-4524-b538-b66a892cd89a,-3,0,-4.036964379866477,0.2761110285548234
446cf0f1-78be-4719-92bb-f207d8797ca1,2022,2021-12-16,0c1c2a64-13fd-4f6b-b1b1-2f9290dc2295,5e8f405a-2ee1-4230-95ea-420666557eed,25,1,20.649023322939556,0.9840131747072309
61a9bdfb-6c35-4e12-b6b1-9f41b3d61e17,2022,2021-12-16,1235749c-6be5-439f-872d-e0a85682aef6,ee925def-24cb-4b43-969b-4fe42d68b72e,5,1,11.406334001449748,0.918275471003316
8344a932-f055-455e-bd36-948dc4d85786,2022,2021-12-16,f04a9115-7f6e-45d4-8590-4934a791ebb3,c3d3f21f-51d8-4ae4-9285-7209d1d97802,21,1,11.246454954568854,0.8723973270756404
9c611d54-4161-4c52-8ac2-ab1287363893,2022,2021-12-16,7dd2d410-1958-49f9-8b62-e7cc25e3c647,d7c1086d-592e-460b-9f30-684b14d1097f,-6,0,-7.698639985112033,0.23407355218924455
9f3b2f93-5d60-496c-b4c6-f5f14bde833d,2022,2021-12-16,2454a2fb-1f07-489d-8ee9-b4313e7e775b,fbf897ee-41aa-431f-8ef5-0ea7cbe2a05f,8,1,-2.3771694368444902,0.3506350498684458
c8949a27-a88c-4def-8a54-1cf355dd1091,2022,2021-12-16,254cd687-c2d4-4fee-b5d3-c3ce6a9264e0,5984bc3b-7531-473e-8087-c5fa390b08cc,9,1,9.855973330521296,0.8606623757658922
f5d34775-efcf-4419-8733-23bb2737541d,2022,2021-12-16,9aed1c9e-7ade-4533-91c5-322e09783a7a,f2eab5a0-4f7f-499a-b807-edd4f40d28e6,10,1,13.643526347906821,0.9207800316718459
443d1f3c-ac97-4174-90ce-55ca9726b762,2022,2021-12-17,b1ad6435-1c60-45db-bfd9-c91cb367d66b,c73565a9-06c6-4314-b7e1-3659db4cf00c,-12,0,-1.3479079066525936,0.46726438338356835
4c051eb7-38c8-4e9a-96f2-504314190805,2022,2021-12-17,d98e9dc5-d3b9-41c1-ac48-5a4945d47713,1ff4fd9e-2594-47e2-8b06-66ad2ca3fcb6,20,1,-5.619194682577574,0.2688731163065033
51deb551-8cc3-4056-af27-2be33ea2f0e3,2022,2021-12-17,0ec0fe2d-cb25-483b-aeb2-0f12af2160c7,9fb581b3-9267-4861-a01b-51b7e751ca68,-10,0,2.9191141148116806,0.535464866331126
71e77cf9-7c84-4764-974c-12ef274734bc,2022,2021-12-17,0c933bdb-bf23-4a17-ae1a-f28978a95152,bf8a4003-12e8-4697-90dc-cf75dfedfeb0,-18,0,8.682454403232951,0.8118917546562109
9f6668ed-9ebd-4d79-bbff-1508b324bdf6,2022,2021-12-17,6bcc781c-aaad-4e10-8214-7a1d0e3f2e6d,3ee1f038-4cc3-46de-8651-23f4bd9a99c3,14,1,18.904729020476687,0.972586374824783
a686341c-5242-49e4-a454-75c4c38270ad,2022,2021-12-17,944226c8-c2af-4571-a853-5bb934c49ae4,31edfcc1-f627-47cf-9ca0-61370f3261d2,35,1,20.022675972567825,0.9770115219449118
ab6430df-b053-4d0b-bec3-4dfcad0214bd,2022,2021-12-17,0d182ffe-13fa-4447-8f00-f38088d0cf05,5bb511d7-5a12-40d8-83d2-8be20bfc33d4,-3,0,-4.561777687247955,0.35439913708196713
b352d122-fb78-4aa2-a148-c16d7a7f7c9e,2022,2021-12-17,a313a13e-7ac3-4c73-8872-6d424a253480,4b2092bf-f1b2-48c3-8ba6-43f8f5d0ee62,-9,0,-6.042080948723248,0.370337590132246
d750d22d-95eb-435b-9b5f-f1c9fa7cfd3d,2022,2021-12-17,d84fbf05-f799-486b-956e-f0500927e1d0,2bdfedb6-38f0-4eb8-baaf-2965a942cb85,3,1,1.823914288441234,0.5634224354712638
f9f00c2f-4644-448b-8058-ca467fca305b,2022,2021-12-17,f1fa4ba9-17ac-4467-80da-6559daef7a45,5f19cada-0d6a-4a64-bf90-7be104537c24,-10,0,-4.538462272190446,0.385935139299364
0b8cdec6-fb87-4405-80a2-9edf96f04779,2022,2021-12-18,242a53a0-47e7-45ed-afe8-61172c29f09d,1fac2552-eeff-489e-85f1-ce8abae4b5d3,9,1,5.974814746287681,0.7602020901438921
0e0b7188-6c3e-4ce0-b122-29489be3479e,2022,2021-12-18,062eb8a6-996c-4619-9ba7-498cdd009dd6,b91fd5ed-1e0c-431b-bd4d-0947f67edb2b,8,1,2.4196497975827,0.6288934762496882
182a1c84-51a9-400a-958f-17dea8699587,2022,2021-12-18,43f1428d-b856-4fe8-b864-8728bfdbaffc,9acbe680-5f94-47da-926d-51e1465fc500,31,1,17.492592928976762,0.9502101176295513
1917fa6e-b423-476d-8164-13dbfe04d8a9,2022,2021-12-18,0b986199-3ea8-40ba-98dc-8a54b3509609,e0d91570-7fe4-4dbd-b6ba-f6ce261fd58b,36,1,21.28844015817602,0.9877229151025734
1e78fbbe-e9da-425f-9bb4-5c6d1ab08949,2022,2021-12-18,95fd11d0-8e48-48f1-b7fc-f03fe1bc8c84,f9a723a0-1697-4175-8193-97f2f8906c0f,-8,0,-1.855952996520779,0.434703277791425
1f30edc5-5bf6-405f-8054-d0d1e665b1cc,2022,2021-12-18,ce6a2240-48d2-446a-a847-e4ad4367b9fe,02d8446e-475c-43f7-a829-3e36474bc43f,37,1,17.343160659366376,0.955010261608894
2aebf483-9426-4a87-910c-176c59943c13,2022,2021-12-18,94d0d44c-b426-4381-9d58-bffb34c097f5,5820546f-7b8e-4593-afc4-fa098623f568,-2,0,10.501926249542882,0.8878836465767627
2af8edb5-1f9d-4573-97e9-5aa70c0b19e2,2022,2021-12-18,7c264f4b-0e3b-448a-a195-c16c164a624b,884b1e88-9543-406b-bbef-d24ea9c36092,17,1,16.69237145102116,0.9636257485606723
2b4b3c7b-63d8-4618-9e7e-487ec68374b2,2022,2021-12-18,62080182-ef8a-4907-90ca-00df4cec4e3c,0724bbd2-14e4-4069-820d-16f4dcda5df5,11,1,12.786465498247917,0.9516066940608119
2ce40367-6d32-489e-a8e3-435af5f41e86,2022,2021-12-18,f4045f82-f9ab-4d14-867e-496a744ac26e,9be3dee8-ee3a-44e5-bf8e-c59a500829e6,8,1,3.1799570614052675,0.662729864677226
32d131eb-02ec-4456-8115-56d4bb2522c2,2022,2021-12-18,12414365-9349-4a1b-a319-34a8ad92f7e3,87cec0de-4d93-4ed3-9ac3-deac97be5eba,1,1,5.859834906239013,0.7609998569131072
32ebb771-07ee-45c2-9e61-d9ca8d7cbaad,2022,2021-12-18,048ae5f3-c6e9-4937-93fe-ec224e17fea2,212827bd-b2f5-4ca3-a901-403112b8594c,33,1,31.768036475983795,0.9887895638810135
3a2efcc3-7a45-495a-aa28-c9b51810aeb5,2022,2021-12-18,9020eea9-bced-4c46-9f85-8bbdff3393c5,a8d4a467-9623-470f-9ec3-c15afb497e8e,8,1,22.02668353931203,0.9778378205631695
3b284b8a-c46c-482c-865e-3db6badef093,2022,2021-12-18,4bd089fa-104e-4a99-a39a-1af78fc3e611,e61ea85d-a57e-4621-930d-0b0e653eb2c7,15,1,3.142810793757755,0.5839239345439569
3e7deeb4-66a2-4511-9f70-d74468cab195,2022,2021-12-18,3ae40137-6b36-46a4-99e9-3ea88255660c,d99c752c-71e0-431a-b0b7-143707bbc110,14,1,13.36081737211002,0.8579433248323343
4008685f-4950-46aa-8bee-ee3d63f8af76,2022,2021-12-18,00366c32-204f-4176-9a22-20555a1e6363,73339436-3261-4171-9cc8-854b8e176836,-8,0,12.227422939986234,0.8968475658050409
40d532b6-cab5-4e93-a548-006dd86b4b81,2022,2021-12-18,1bd5203f-23cd-4c96-8b8e-fae5ddfbe69d,3e79582f-0f2d-4ace-86a2-242de87ef6c2,21,1,8.228510526133032,0.7994017684113142
4576088d-b14a-4426-9735-ea7b39286909,2022,2021-12-18,a8f76e24-7f09-4727-b40d-6834e4fc0829,31a85828-d084-442c-9cbf-1f706ab87f57,-15,0,-7.8528027285658615,0.2888124140657634
46ec3b97-25d2-4f96-8b23-b43d7b5aa7d8,2022,2021-12-18,5870d352-4930-4235-9c03-7bcded7ae342,bdcaae22-ba48-4546-82af-ca21a229c276,10,1,6.6110077096155395,0.7151995430774704
47be2648-c81f-4828-aae2-e83d36f5d159,2022,2021-12-18,dddedca4-47e5-454b-b278-b9f2fec5e78f,1607fc40-d48c-4c58-9fa8-96e3f20a5137,14,1,5.67107936117292,0.7934049242471937
4f99ab74-4512-43ba-845d-b890bb9e0687,2022,2021-12-18,29398553-f42a-4873-9321-4c772f7dca42,77d10aad-4300-4849-8c55-f92e900358a4,6,1,1.4664490095909481,0.5409084337806266
5334f572-d5cc-436e-8571-0d08f02e670c,2022,2021-12-18,e44d72a0-bb34-4a0f-b307-188c3b30e131,5bdb2df4-f9a3-4404-a003-948f25c48965,5,1,7.553038635158503,0.8157897897561376
5ba9c8fd-59dd-4175-bfec-3fcbe16902f7,2022,2021-12-18,b9052e15-66e8-40e6-86ac-a872e5c51fe8,bdb5791e-8da5-4640-82cf-7354e2f02b3e,-18,0,-4.558644397396633,0.3058765501959544
5e2a001f-d4ce-4b3b-aa62-dd481a4256da,2022,2021-12-18,909caafe-4b74-468c-a1d3-efd53ab80ca9,b553e2a3-5933-4adc-b999-6deb896450c3,12,1,-5.978074538987776,0.26451096669995094
662b32a4-247b-49f9-903d-bcb7cd367f24,2022,2021-12-18,cddd6722-8c88-48b6-853a-6481451c0290,d67c23cf-71fc-4b63-b6b9-d41c6e172e4b,8,1,3.6886907668053417,0.5988081729339554
66e1dbdb-3a66-426f-a294-bf29f7a88f64,2022,2021-12-18,14fa05e6-500e-41a6-b7a0-de4b16c4e7cd,b4531112-44f4-44bd-877c-3fca948b51f3,10,1,-6.737182009949062,0.31564151976957494
71bce63c-c0cc-4b44-baf1-be9a8ef7db63,2022,2021-12-18,7798adeb-2809-42ca-b509-02c719168825,fb5884a9-f370-48a9-9000-3b1a4f02f0be,20,1,17.338622105413148,0.9746284181407351
743164ee-4e0d-43f7-a2f6-be64bccf03d3,2022,2021-12-18,61bcde81-66e5-484e-95eb-5f373ff4a7eb,e0d5322c-5032-4768-98e5-0b1ffa787a08,22,1,-1.516833534294351,0.5609540128851298
747d0bab-33ae-4a1b-a981-3cdb0dbd8fb0,2022,2021-12-18,3b495752-ddf1-47a7-8bdf-2625c4bfcce2,cc1716b8-24e4-49d7-8778-964affd58954,-9,0,-7.871105633511029,0.14206420790228036
7b455fca-c308-46dc-abef-ac17de567257,2022,2021-12-18,4204a542-7881-4f83-972a-7567cb51cc3c,3e7063d6-a6e4-4aa4-8e77-044c9f5fc21a,-4,0,6.619542261669077,0.716412542729554
7c184a03-0ea0-4c1e-9a5b-2d962aff53b1,2022,2021-12-18,5d7eb8c0-4b09-461b-bbc5-e2a032194a74,ff948b57-cb4b-42da-a899-37fa5c8a6d86,-7,0,-6.600823638684759,0.2869582194342771
82d2e393-769d-4ec6-b609-c3a801c95a82,2022,2021-12-18,4bc4f625-be38-4da1-919a-c43bedce10b4,01167cd7-9c6a-4860-904c-78f7c777ba81,6,1,11.007540410615238,0.8969437710693766
8773b42f-0645-4cf8-b9f8-c04853ffc1b3,2022,2021-12-18,8dfdef93-7be0-45db-8281-e58565dd9d85,8de64d3a-4bae-4d2a-a4d2-15ec6583f6aa,-6,0,3.369425310106416,0.5580192013362686
88411992-8678-4e66-a7b6-5ac34cd2c3ba,2022,2021-12-18,5e661a2a-5f48-4f4e-b78a-4ebc2220c393,f9beb22d-1a30-4dc8-88ac-4737870b7e69,-10,0,-6.911289414222564,0.2977704162613551
8e22c0c1-16a5-4f36-a1c2-7af784812589,2022,2021-12-18,d34afafa-d43d-432c-98d1-72ab0aa8a823,28669a26-792c-4843-ad64-6f16da03d389,14,1,6.914465826888083,0.7326070779898604
9ad7e936-630e-44ad-8dd8-60825c8306e1,2022,2021-12-18,af1bfe66-a343-4c46-94f8-4c670ce2c8d7,add091d3-316a-457b-803e-9b8e145b76e6,24,1,8.468008010729411,0.8247787601012848
9bfeebfb-9535-45c7-9900-182f33c08b5f,2022,2021-12-18,e5df557b-d16f-479b-b7f6-db85db97e2cf,4e853367-c5cd-4701-9554-38bf174777a3,9,1,1.3289710759034594,0.5476553240097682
a3c6002b-a4d1-4591-9c90-fae3b16fcc73,2022,2021-12-18,e06f08fc-4ed9-4807-9f8a-7889130e21f6,99ad5125-6b8a-446a-ad41-7a5f50dcf6b7,-2,0,-3.4255547934044284,0.42585815015952355
a65e5238-8878-44a5-997b-e6c79900d28b,2022,2021-12-18,8af2e3d8-3a2f-4008-b261-30f11908b768,92249853-0b54-4944-8955-34bc02003e54,26,1,15.424232525062903,0.9263788668747687
a830ead5-2f6c-4114-b3fd-2b8783548296,2022,2021-12-18,5ebd8a2c-2831-4a31-b7bb-6d6e6e1f7ff9,48b92b41-b7ed-4c2f-b7ef-3e3d4a99fd62,4,1,9.305653925895433,0.8688705259181043
a991b426-83a6-4cf2-9ff6-060a714fa570,2022,2021-12-18,2a426bd0-410e-4de3-8d49-d5fc05123454,4e23c371-72f3-4986-a8c1-e7798c5dac70,24,1,27.018892568861826,0.9841873163168307
b4fc93be-e633-4bd4-8236-981fb780f33e,2022,2021-12-18,98555e7f-2f58-4896-b98e-4edcece8a333,2335e299-031d-43e6-9ae6-536cc9177f51,19,1,9.962571448901027,0.7369097661913769
b6b4afde-28bc-429c-8b0d-bbeea904977e,2022,2021-12-18,c01c9fdb-95d5-43c7-b905-8bf714226631,b7b950c6-b603-4afa-afd6-ed15293d3523,1,1,-7.259800556000983,0.22825983898655286
ba108f50-df5b-4af3-a8dd-a2271d6349db,2022,2021-12-18,f22782cc-03b3-4a0e-a189-8305ebe19b87,e31be871-e6af-43f9-9cf9-865a275b7e6f,-10,0,-10.714276780468245,0.10018172533088764
bdfaeb25-5655-4eb2-94ea-df4d827ef81e,2022,2021-12-18,1e46f177-0551-4da2-8f3f-c683820ed5f9,0f928622-6fc6-4817-9641-a4366153c8c0,-10,0,-0.9551627219318273,0.48430132134042714
c1a15c34-392e-4b08-8a81-4f11fc9d0db3,2022,2021-12-18,8425fbd0-40c8-4146-a2c2-51ec714ee637,1393366c-684f-4fdd-bd85-9fabb1307aef,-33,0,-1.4237233318702351,0.4990602431938061
c29f568c-3c42-44c0-b2c9-2868128d2d9c,2022,2021-12-18,054be086-7ef6-4006-880c-01ed91db37c3,81c35070-ad3d-45bd-8fcc-5a8c73a46ba3,-27,0,-8.208955730211606,0.2404126393511498
c2ab5aeb-78c3-406b-a89b-49172a29758b,2022,2021-12-18,6081d978-c3cf-482e-8374-c40b212242c1,78c4f8c4-d04f-47ed-92d3-34e159fec915,29,1,6.045116697588258,0.717897062798108
c7a38f46-53e4-44e0-9dde-2beece330ab6,2022,2021-12-18,5a26bb55-d02d-4957-be27-861e8036f152,4a44b6c6-3fc1-427f-bd05-432860f3024d,4,1,7.562006858190885,0.7677423227548321
c96c0dc0-1934-4634-81a0-801eb8e84bae,2022,2021-12-18,9dc47cce-9b16-420a-971f-5362aaa69dc7,77413edc-f997-4807-a4ea-9caf8157da8e,1,1,-5.911948487874895,0.2549175183714975
cf48b1bf-4783-4b47-bb3b-08c876736525,2022,2021-12-18,3411d575-6a72-4b22-885f-e90bac6bdd28,ae36afe0-850f-4758-99ec-d7deb696d4fe,-13,0,-5.465926487382841,0.32586312816783847
d247853d-a7ea-41c8-b659-6c3d856d291f,2022,2021-12-18,793f775a-aec3-4741-b86e-4c8e079f74a4,bbdc8c62-dfe4-4e42-9ca9-ff85d375faf9,26,1,18.269022134641993,0.9650412152412079
d6504d5c-6a78-4fcf-a752-55523c08d318,2022,2021-12-18,fc4bf214-f945-46ec-8524-00a3196b7449,31503e00-902d-4881-a3a5-52c5415e0e2b,-29,0,-11.195428989697305,0.09236542992828795
e3686d23-ddb2-497b-8a10-5b0e272e67cf,2022,2021-12-18,2bf13d1a-4738-4039-9d08-49f17859d4eb,b32dbb42-380c-448c-b510-ee949569ffd4,11,1,13.490008202469358,0.9390048833132377
e3a45236-9e6e-44b9-a766-1839b5d856a4,2022,2021-12-18,5953232b-95c2-4915-a150-ed30d3fdc96f,c5a3e484-778a-41ce-abc4-7ff9ec51ca4a,8,1,-3.6938275989976903,0.319044517645082
e952f835-a282-4a4d-9710-cd99b7bdb55e,2022,2021-12-18,fbb275ea-bf78-4cdf-ba66-538cd9722ef8,b394d3b3-e9a2-466b-abe0-89cda8e8d669,-4,0,-2.934321939351838,0.35248163145939143
eb04c6a8-7a33-4a9b-b5e6-1a74e7dd8026,2022,2021-12-18,be29cc8b-f65a-4ba7-8a0d-40b2a9643422,2422cf8a-bacd-4cb0-97f2-244a07c62c78,13,1,-2.0743629052123223,0.45534942692339736
f4025637-b8b9-4a02-9b65-ae56d1a45cd7,2022,2021-12-18,5ec861d9-4794-4460-b935-73f51f03efc1,c2652773-7b58-4ba5-9edd-ffa62acbd245,1,1,-7.701410265519109,0.1925897513174623
f5eae132-c031-4849-aebd-214d74e531b9,2022,2021-12-18,0c1c2a64-13fd-4f6b-b1b1-2f9290dc2295,ded40384-d167-4ba1-93ad-2fbaa4def151,31,1,25.26421890586846,0.9834240805237169
f71797dc-77a5-48af-ae97-6b853d63511c,2022,2021-12-18,2a26048e-30fe-47e7-99d9-913f28dea879,c3603958-de3f-4014-9dd0-d9c4c84dd226,-8,0,-8.417312847141178,0.21144258555509574
fe82f5e9-b069-4a15-a9f6-66ce1b52fc36,2022,2021-12-18,c6c28fde-56df-41e4-839d-2d6201c8dc27,ca2c8cbf-6e05-45fe-8697-30f46c2f58b1,11,1,3.9996278896599873,0.6933813329673572
07c0a00d-f4ae-4228-9d17-0b95b350962f,2022,2021-12-19,61d9acae-2486-4e53-82ea-60d146622f34,6726544c-ad23-4d1a-adfa-1a94c2e10a96,6,1,7.35303342107087,0.787086201222101
1a9e4674-e6cf-4a29-9623-10912b99b31a,2022,2021-12-19,b1ad6435-1c60-45db-bfd9-c91cb367d66b,e6e965ed-2ea0-4655-b873-7c4b7d9db0ae,-10,0,3.416768823133787,0.653895796897366
2175be56-7614-4e95-bc13-a80af3424a10,2022,2021-12-19,ff725b84-1ca5-43ef-be84-cb70a6494dab,fd0a26ff-3454-40f1-b8e8-1f0f6f9523db,23,1,21.85745087811587,0.9786769693785173
29168b3b-6a40-4640-b8c9-22ca992925b9,2022,2021-12-19,f1501573-e854-43f7-9346-e94fa60ac4b7,1094d4ab-e85f-461d-8ef2-525fd92ec80d,22,1,-5.310055028919819,0.37260582031957284
2d3ca5fe-01b5-4602-98a3-50a467342971,2022,2021-12-19,6bcc781c-aaad-4e10-8214-7a1d0e3f2e6d,21282287-1619-4d11-9e25-59855bdd5be6,15,1,18.063936510233255,0.9665895136143104
3375a518-b12a-4a9d-85a0-d4d3abc60ebe,2022,2021-12-19,c2c0a075-e16f-4aa1-a838-887ef3ba2106,f5ff136b-cc0a-4eed-a502-c028afe284bf,8,1,5.361118470515025,0.725788848098085
389ab1fb-e1ac-4506-a594-5a1622ade2ba,2022,2021-12-19,bf8f11f7-2ca6-48bb-ab7f-58720df6451f,46716039-e26d-4d19-a17a-35eec7c36cb4,4,1,2.4568552386164026,0.5534707562068841
4c038956-4d73-4bfe-9dc2-b310c4040c45,2022,2021-12-19,be639f4e-dcad-4737-8fdc-2740207d65e3,f3d329ca-1b85-47f6-a871-b80851fdc6d7,12,1,-0.5240560159428717,0.5443826897099726
60305f18-8053-4537-a305-d4e4594b3f0d,2022,2021-12-19,743e2828-8a80-4168-9d8a-f8cc1d9b0b9a,75755c79-6aec-4154-b1f8-2337fd4a06c5,-7,0,-10.468439052340464,0.09938725407162714
6edf0d2c-c612-42b0-bf0f-93b95e5450eb,2022,2021-12-19,7f9edadc-8c22-4821-8da6-0ba70d59bbbc,3ebbd7b5-f0e2-4fd6-870c-58a45d420f53,4,1,11.001045250804967,0.8496049105368969
776cbb1d-7cc6-4630-8784-a88bee5c25a3,2022,2021-12-19,7b9691f0-e940-401d-9e2c-1d4f695fd91a,77413edc-f997-4807-a4ea-9caf8157da8e,-1,0,-5.475124505265766,0.35161056435632326
7c86f932-8f7d-40a0-9117-c6824a0d4cfb,2022,2021-12-19,4d89f528-9a1e-41ca-beb0-98f913c61c2e,b23fd4b9-0101-4a30-a8df-10760e1f4bfd,1,1,2.6666735876752794,0.5690030070851335
944b6035-b35f-4da2-a7da-3d85011d3bdb,2022,2021-12-19,03b227c1-5813-4ee2-b7f7-34094db05200,5984bc3b-7531-473e-8087-c5fa390b08cc,20,1,21.833916739673775,0.9840255697759631
98eacdf7-bd36-464d-8fa0-3e0016fb03cd,2022,2021-12-19,b990f4aa-efbd-4625-95a3-376e51ad9f2a,fc748d3e-7f1e-4823-9d7c-f14ad3df799a,22,1,8.597839755464971,0.8076786922030987
aca14767-fbe3-43b5-8802-abfce3987df8,2022,2021-12-19,91a6fe66-7652-496c-9d91-c9bd2b333b6b,a5e97c6a-a0e1-49d2-b6bc-8903c39ceaa0,-2,0,4.357572149699288,0.7036415563358299
af039672-5a39-469c-ae36-71e1978b3cc4,2022,2021-12-19,86391a21-965e-44e8-819b-837cac02859b,43fdfa19-1583-4159-9c0e-1e88e231b35d,-9,0,2.6872863146865655,0.6046722870160458
b67db8ab-fce6-466f-908d-41176dc1a8c2,2022,2021-12-19,4b2092bf-f1b2-48c3-8ba6-43f8f5d0ee62,5253a75a-17f7-4ea5-b313-743697ebca72,6,1,10.656691192750854,0.8586862160844407
b76dd558-558b-402b-8471-af9a51a63dbc,2022,2021-12-19,e6d68428-bbd2-4402-b980-d22e5e7957ab,dcf098f0-7fc0-458c-95fe-c6f0743b4274,11,1,-3.148189870548439,0.4236173442784983
be728f81-24e7-4b03-b48c-9b91cf13ce27,2022,2021-12-19,a50b7fa2-326f-4ab1-8bd2-b0bbf4f26d23,d91f2468-d81d-4b25-a8be-53e85e8b4ded,-18,0,-4.396317408602594,0.345194077590431
e62f032b-559f-45cb-a035-c8dfcdcabf54,2022,2021-12-19,92665c8e-76f8-4e29-a164-ffd7c8890a33,24dec588-02c3-4c82-9ea6-d467604a8150,26,1,2.9618588645701474,0.6036917424960111
e7b2826e-619a-4ace-ac14-c3c51afebefc,2022,2021-12-19,6915e90a-5d80-4d4f-8d44-0bd316979884,3ee1f038-4cc3-46de-8651-23f4bd9a99c3,11,1,15.402292271404066,0.9314673841223043
e9714bfa-1d69-4200-8cf7-8ff8c38ea804,2022,2021-12-19,53922fed-96eb-4cde-8b45-7f8b7e032cf8,72261a98-a3e3-4f7c-8188-4faf20af42ad,8,1,11.254529502947575,0.8977462237234852
eb0e1c75-6430-41c7-9263-a5eb815e2a07,2022,2021-12-19,e51ef676-50a6-460e-81a8-b05cdee80c25,3795d76f-7577-4ea0-8f28-89d16c87f9f0,14,1,7.981431059692073,0.7796754456047272
eb62f9cc-bf2a-451b-8b5f-87a4b6234571,2022,2021-12-19,1235749c-6be5-439f-872d-e0a85682aef6,68215498-0684-4009-a2fc-93fa21109838,26,1,17.69690121066733,0.9683567928692344
0cea4db6-af19-411d-9962-b6c4f3120480,2022,2021-12-20,9bf29604-a6db-46b0-b81d-92452dc43267,61cad1f2-f187-4b2f-8e53-02eb65eae2d1,-7,0,-5.085659720224044,0.32492331186590345
1627eae1-1370-437e-9c92-a543356bd0d9,2022,2021-12-20,95fd11d0-8e48-48f1-b7fc-f03fe1bc8c84,cd84e158-0ec9-44ce-872b-e44a595a4e37,33,1,26.430923685982005,0.9865575830972686
184e3332-2431-453c-b6fb-689e1d24dd48,2022,2021-12-20,0d182ffe-13fa-4447-8f00-f38088d0cf05,f816660e-09e0-4733-96a2-4d878efbff6a,16,1,12.406829003258144,0.8612943777593697
3d421dfc-50ea-466b-b235-326e52916e96,2022,2021-12-20,d34afafa-d43d-432c-98d1-72ab0aa8a823,5e661a2a-5f48-4f4e-b78a-4ebc2220c393,46,1,33.855393746728765,0.9874889375231393
48deb06b-a926-404f-8659-4115d16e96c6,2022,2021-12-20,e40486af-12fa-47cc-93aa-4b196b7f5bbc,2454a2fb-1f07-489d-8ee9-b4313e7e775b,10,1,20.68962329468156,0.9807748937607295
603822ce-fc72-4c91-ac9e-777bbfea6560,2022,2021-12-20,48b92b41-b7ed-4c2f-b7ef-3e3d4a99fd62,242a53a0-47e7-45ed-afe8-61172c29f09d,-3,0,-1.3852103183985305,0.42021868970217485
61693fbf-ba08-4776-b5b4-abddc8611ec8,2022,2021-12-20,d9411158-02d5-4d70-8862-92cec8bfdc49,8425fbd0-40c8-4146-a2c2-51ec714ee637,42,1,20.09281154963886,0.9834271813339319
74d91992-eec0-4bdc-9d43-03faae3d6eab,2022,2021-12-20,1e89fbf7-1862-4050-b61b-f4de4a9ae045,ad5bf26e-a32c-4d5a-b531-f6822b104284,-24,0,-8.495973761593385,0.15444707787013504
77000645-4189-417d-ad9a-274acd63faee,2022,2021-12-20,3411d575-6a72-4b22-885f-e90bac6bdd28,0a370edb-2194-4979-ad23-d796fb97dfb3,6,1,5.66748023670608,0.7169058174817364
81a222f1-83c8-4d54-87ea-65f68b408ba1,2022,2021-12-20,669eb771-4301-4c20-8e17-113d14b6cc8f,553733fe-ac6e-4397-9188-b27a01824e73,32,1,16.74625677861408,0.9598167589202757
a26fde60-937f-44af-8d35-031820c8ee45,2022,2021-12-20,c3603958-de3f-4014-9dd0-d9c4c84dd226,c3d3f21f-51d8-4ae4-9285-7209d1d97802,37,1,36.877741668383536,0.9916739316138733
bc31b9cf-57b2-42cd-bb26-ff16abdc3453,2022,2021-12-20,c14dbd3f-31c2-4647-b19a-e03839f04ad5,7c264f4b-0e3b-448a-a195-c16c164a624b,-4,0,1.1455562312701864,0.48294819595720967
c1749597-ddfd-4feb-ad06-74b930e44b0d,2022,2021-12-20,31503e00-902d-4881-a3a5-52c5415e0e2b,f4843941-38ec-4607-a565-9eb459007c54,20,1,38.23022322743641,0.9891749470268969
e20c8e21-a61d-4780-bc85-0b650cab4ba0,2022,2021-12-20,2d5a3d36-55d8-4fc7-9050-a067b5a5b3c9,254cd687-c2d4-4fee-b5d3-c3ce6a9264e0,-9,0,0.9841333296860372,0.5338607992136075
047c3816-8030-4254-a8e0-3afd7214f081,2022,2021-12-21,4e853367-c5cd-4701-9554-38bf174777a3,4204a542-7881-4f83-972a-7567cb51cc3c,-8,0,1.189696042738064,0.5469893789998802
0f1f193c-0895-4069-9916-07a1ec794827,2022,2021-12-21,1607fc40-d48c-4c58-9fa8-96e3f20a5137,f5d59c00-1a94-4484-8e5c-c5073ff87ce3,10,1,1.683862388764942,0.6102461513764693
12d4f648-4b90-41c1-9268-abd3ef7dfe2e,2022,2021-12-21,9aed1c9e-7ade-4533-91c5-322e09783a7a,1393366c-684f-4fdd-bd85-9fabb1307aef,9,1,12.43131915911714,0.8857850044530207
13e46091-3d1c-4967-813b-7643b955e0e6,2022,2021-12-21,94a64c9f-34df-480e-8ac0-1bad98ef2a11,ad5bf26e-a32c-4d5a-b531-f6822b104284,-3,0,4.889346575791217,0.6724015826523606
19900781-5afc-4927-9698-adc3da1aa648,2022,2021-12-21,00366c32-204f-4176-9a22-20555a1e6363,ded40384-d167-4ba1-93ad-2fbaa4def151,26,1,20.863834676732964,0.981250919673844
2989052d-457d-4f5b-90bd-f8fcb3bd2ba2,2022,2021-12-21,9be3dee8-ee3a-44e5-bf8e-c59a500829e6,944226c8-c2af-4571-a853-5bb934c49ae4,5,1,-7.474302552587443,0.2207893249190133
2c204351-bdfb-4e13-a551-8791b0e9e964,2022,2021-12-21,7dd2d410-1958-49f9-8b62-e7cc25e3c647,4090fa15-7788-40ba-95cd-6c5cba85e91a,-28,0,-22.997672501760277,0.03322261407662538
41f73d0b-9c2c-4949-87c9-417ade4a887a,2022,2021-12-21,53922fed-96eb-4cde-8b45-7f8b7e032cf8,61bcde81-66e5-484e-95eb-5f373ff4a7eb,8,1,5.568320962692553,0.684991379456197
48b7779e-61fc-45c3-9817-8e1169df6c59,2022,2021-12-21,ff948b57-cb4b-42da-a899-37fa5c8a6d86,0efb1176-dc90-4109-b141-5025fc424128,35,1,26.06492892301667,0.9856993933010556
4aea9da1-5188-41c1-af93-4d97cc42c71d,2022,2021-12-21,58041e02-d340-41c3-9f0c-e5e2a5c7a135,01167cd7-9c6a-4860-904c-78f7c777ba81,-20,0,-9.388641017125686,0.19511936443941366
4e2dfdad-ebc3-491b-8b7d-3807c64150f5,2022,2021-12-21,f05e79bd-96f4-4690-83c5-60a9d4972d05,6726544c-ad23-4d1a-adfa-1a94c2e10a96,4,1,-4.297948039686476,0.3583642913539848
53f4f0e8-4749-4e19-a651-a0f4b79431e9,2022,2021-12-21,db040d7f-5499-4400-9069-620c27646ed6,af3a149c-e965-41c9-af16-a3dd0322f9a7,15,1,12.435724502343414,0.9111425192659224
5a9b5c09-8fb7-42d2-b91b-a61e5eec7eaf,2022,2021-12-21,a50b7fa2-326f-4ab1-8bd2-b0bbf4f26d23,247be024-10cd-4230-8ff4-c8f55dafdf33,14,1,5.864947291871726,0.7218663289568381
5af5f449-2c50-4102-8ea6-d62b934e0b82,2022,2021-12-21,f22782cc-03b3-4a0e-a189-8305ebe19b87,43f1428d-b856-4fe8-b864-8728bfdbaffc,22,1,2.6596216675615856,0.5688339873680767
60b46895-d064-4179-83e7-4617e15635b5,2022,2021-12-21,d84fbf05-f799-486b-956e-f0500927e1d0,0f8a15c4-f4b7-4335-a429-ae233bf4aa41,21,1,9.577561894825589,0.8786960764354852
63e8add8-bc38-4c98-80fe-86203c99d608,2022,2021-12-21,16133dd5-c118-4a85-999d-20451d1fe132,dac65a7f-4511-49a7-9c6d-3f29d22ff86f,-12,0,-8.705257664664849,0.1256469394775039
670ae5bb-baa2-4f89-8a21-28fe21bcb5f1,2022,2021-12-21,78c4f8c4-d04f-47ed-92d3-34e159fec915,5e8f405a-2ee1-4230-95ea-420666557eed,20,1,17.58441732937028,0.9736643386038415
6ad86346-6831-40b5-9c4e-2c64c017b37f,2022,2021-12-21,9aff8705-aa1a-4181-bda2-9f9544361658,6bcc781c-aaad-4e10-8214-7a1d0e3f2e6d,-22,0,-11.847743062106998,0.06969897140762758
6fdf9e5f-46c7-4c59-8d04-22e2208ae8a0,2022,2021-12-21,1ff4fd9e-2594-47e2-8b06-66ad2ca3fcb6,e5df557b-d16f-479b-b7f6-db85db97e2cf,13,1,13.109310335788498,0.9022564235470693
761623ae-cc29-4f5b-9550-469da4daf6c2,2022,2021-12-21,1bd5203f-23cd-4c96-8b8e-fae5ddfbe69d,0c933bdb-bf23-4a17-ae1a-f28978a95152,17,1,7.863113281234854,0.8165877229902577
76aef9b4-88cb-49c1-9c9b-7d06b7dc95e8,2022,2021-12-21,f8490c90-4ca1-437a-93da-114f5dac0426,a8f76e24-7f09-4727-b40d-6834e4fc0829,32,1,13.429475840225038,0.8928721131320257
772014f7-a238-4707-ab31-1b4a2b42fafe,2022,2021-12-21,cd9b9678-1f2e-4444-85d3-3269c4b3775a,b91fd5ed-1e0c-431b-bd4d-0947f67edb2b,-16,0,-1.4576089128283523,0.48043178933822805
8897bf69-4ea5-4014-b311-ef8dfada1cfd,2022,2021-12-21,43fdfa19-1583-4159-9c0e-1e88e231b35d,f2eab5a0-4f7f-499a-b807-edd4f40d28e6,15,1,20.685908117293604,0.9808031888878888
8b9ad085-9861-4b5f-aaf8-1c99f4998036,2022,2021-12-21,ff725b84-1ca5-43ef-be84-cb70a6494dab,d7c1086d-592e-460b-9f30-684b14d1097f,31,1,24.098567129207826,0.98361223889207
8dbfcae2-db14-40bc-8ef3-b92ec2cde322,2022,2021-12-21,d77ce32a-30e5-47ce-8841-52447d9fe891,5a26bb55-d02d-4957-be27-861e8036f152,-26,0,-5.61340083398376,0.28126924832019196
8e26aa44-ce27-4545-bc6a-d3291551f39d,2022,2021-12-21,5953232b-95c2-4915-a150-ed30d3fdc96f,12414365-9349-4a1b-a319-34a8ad92f7e3,-2,0,11.262709891759535,0.859401129253901
9bde3e84-99ae-474e-9757-3fd1b9167000,2022,2021-12-21,c5a3e484-778a-41ce-abc4-7ff9ec51ca4a,a5e97c6a-a0e1-49d2-b6bc-8903c39ceaa0,9,1,18.821917644817827,0.9564423272321092
9df35ef5-96c0-42c2-9d35-0c58f3e8d7e9,2022,2021-12-21,2bdfedb6-38f0-4eb8-baaf-2965a942cb85,054be086-7ef6-4006-880c-01ed91db37c3,14,1,20.994862243769344,0.9769195393422704
a18b83ea-6a5a-4157-b156-f46f8faad1e8,2022,2021-12-21,e06f08fc-4ed9-4807-9f8a-7889130e21f6,cc4eefaf-2887-46d2-920d-d97a8f3df18c,3,1,-7.502309054667182,0.2203092167508452
a557c450-8416-479e-a1b9-1ad4802f8417,2022,2021-12-21,54514b3e-2558-4e69-98f9-b1f97fc17835,dea85f83-4470-4a0a-934c-553c4722d079,11,1,3.0088941812432437,0.5548953241360458
a7581d00-e47d-4a9b-9284-b53166e22686,2022,2021-12-21,cf2375a7-1488-493a-8679-e8112b47cf7d,eb341503-aa23-4784-af34-3b14bd72fdd4,-2,0,-6.193079445007066,0.19229192982655613
a90e03d6-41e3-44d0-95b7-15a1f27e5b87,2022,2021-12-21,cddd6722-8c88-48b6-853a-6481451c0290,ca910495-28ae-4dcf-a3bb-7b04612490b7,-16,0,8.691495340721438,0.79139492177174
b173fbf7-94ef-4685-ae05-49928322f765,2022,2021-12-21,4e23c371-72f3-4986-a8c1-e7798c5dac70,77d10aad-4300-4849-8c55-f92e900358a4,16,1,3.341370489326078,0.6694618026671261
c4f0f93e-5611-468c-a3f7-63f8c1efca33,2022,2021-12-21,e31be871-e6af-43f9-9cf9-865a275b7e6f,9400f670-2aa7-4099-aa46-ea9cf4724079,19,1,26.226460175826585,0.9875148439312783
cc391cb5-daca-4478-918f-3b2378fa07d7,2022,2021-12-21,2a26048e-30fe-47e7-99d9-913f28dea879,29398553-f42a-4873-9321-4c772f7dca42,9,1,16.349233221423333,0.9705177064784309
d876a3ed-fc0f-4b84-90f4-d30519a5203e,2022,2021-12-21,4bc4f625-be38-4da1-919a-c43bedce10b4,7798adeb-2809-42ca-b509-02c719168825,-1,0,5.512460391775143,0.6322378528936343
dcbfd7f2-7237-4be0-8508-ea22268f76ef,2022,2021-12-21,98555e7f-2f58-4896-b98e-4edcece8a333,fd0a26ff-3454-40f1-b8e8-1f0f6f9523db,31,1,31.36356862248867,0.9863082082783606
e257ba42-35e1-4af7-a4a2-73ca4b500de9,2022,2021-12-21,ae36afe0-850f-4758-99ec-d7deb696d4fe,77b07047-6507-4cf4-85a5-4c69fc0c453f,23,1,20.09375290041298,0.9799932559417457
e8427beb-4bc2-49b0-9217-b471aaf3e3d6,2022,2021-12-21,3e79582f-0f2d-4ace-86a2-242de87ef6c2,884b1e88-9543-406b-bbef-d24ea9c36092,20,1,15.303282831937667,0.9468373245661634
f37ce873-ffe6-4f16-abe9-01933b4b4a34,2022,2021-12-21,5820546f-7b8e-4593-afc4-fa098623f568,29263387-625d-4270-b420-6066c840fbe3,9,1,4.944046526056837,0.6530828731514994
fa89366e-bb39-4ac9-9823-429db8e89b1a,2022,2021-12-21,a313a13e-7ac3-4c73-8872-6d424a253480,2aba779c-997d-45af-a881-44cc87727a3a,-14,0,4.975282264184088,0.6565917463409688
fc7e2cda-5190-4505-b710-7aab1613fb2b,2022,2021-12-21,f1fa4ba9-17ac-4467-80da-6559daef7a45,1fac2552-eeff-489e-85f1-ce8abae4b5d3,1,1,14.755888947457853,0.9293444817224967
04d8e1b4-1b18-4574-a81a-9d27499dd51f,2022,2021-12-22,c01c9fdb-95d5-43c7-b905-8bf714226631,be639f4e-dcad-4737-8fdc-2740207d65e3,7,1,-6.333262661614037,0.2729164551645369
1406c943-7fa1-4961-86ca-2cad7bdae0ce,2022,2021-12-22,6081d978-c3cf-482e-8374-c40b212242c1,5870d352-4930-4235-9c03-7bcded7ae342,35,1,21.22943364949576,0.9675529118034918
165fe16f-a6de-423b-b6de-3367272c0747,2022,2021-12-22,9aed1c9e-7ade-4533-91c5-322e09783a7a,5a26bb55-d02d-4957-be27-861e8036f152,-7,0,-3.36222899802222,0.3607151030934911
1ecce189-80d8-432f-b9d1-abd6bebd7e1a,2022,2021-12-22,1e46f177-0551-4da2-8f3f-c683820ed5f9,bd64a96b-c6bd-4f04-ac87-79bec2f197d8,36,1,15.301801835592185,0.9506263478819184
211905b2-080c-4033-a4df-4efa60f0d295,2022,2021-12-22,0724bbd2-14e4-4069-820d-16f4dcda5df5,bdb5791e-8da5-4640-82cf-7354e2f02b3e,-15,0,-8.48843271214619,0.19819552298810367
2c444c62-386d-4a07-b1a3-9807bdb39322,2022,2021-12-22,4d299953-da89-4561-afe6-d0a2222d454e,2a426bd0-410e-4de3-8d49-d5fc05123454,4,1,4.805764632405208,0.667748421457403
2e704905-b66d-4371-a6c4-e13bb013eba2,2022,2021-12-22,75755c79-6aec-4154-b1f8-2337fd4a06c5,1e2d1b39-91db-4949-af7d-13201eafcef8,20,1,30.376258700754608,0.9873055350279101
31b61d40-139c-4821-8c90-96e178c1f560,2022,2021-12-22,f9a723a0-1697-4175-8193-97f2f8906c0f,2422cf8a-bacd-4cb0-97f2-244a07c62c78,18,1,14.937874857309275,0.9132427922899707
31fb944c-af81-4ee4-b9ae-91d98842d97d,2022,2021-12-22,8de64d3a-4bae-4d2a-a4d2-15ec6583f6aa,d25581ff-ffd9-4c81-a946-e99b1de2c3b6,30,1,16.270428831434536,0.92833173950259
39e7b334-f581-4a3c-9c3a-80b62a0a6629,2022,2021-12-22,95fd11d0-8e48-48f1-b7fc-f03fe1bc8c84,5ebd8a2c-2831-4a31-b7bb-6d6e6e1f7ff9,10,1,23.8096260263311,0.9682175453839812
3d4eee5e-8e37-4dca-ab47-fb150d9c3c61,2022,2021-12-22,03b227c1-5813-4ee2-b7f7-34094db05200,c3d3f21f-51d8-4ae4-9285-7209d1d97802,24,1,26.641212146078633,0.9900671124504092
3e521061-ac68-4bac-871a-26e2aaa51556,2022,2021-12-22,c14dbd3f-31c2-4647-b19a-e03839f04ad5,61cad1f2-f187-4b2f-8e53-02eb65eae2d1,1,1,6.067689974410942,0.7473922580915667
431088a2-c9b9-4b31-88b0-e7fe47a6297b,2022,2021-12-22,62080182-ef8a-4907-90ca-00df4cec4e3c,5ec861d9-4794-4460-b935-73f51f03efc1,25,1,17.928851165670466,0.9659823285480313
47a87495-4365-48a9-b4ca-615f2c260117,2022,2021-12-22,c73565a9-06c6-4314-b7e1-3659db4cf00c,82d1bf41-2f1d-44d1-8022-220c263d6525,10,1,15.67433444217356,0.9490320254530342
4c7bb7e7-b8e0-4bea-ac27-83316298a5b2,2022,2021-12-22,6915e90a-5d80-4d4f-8d44-0bd316979884,4db0015c-fae1-4d5b-8be6-db756062d47c,13,1,19.576965500181167,0.9756740891987168
50589eba-8895-4ecc-a7bb-a3a08cc79772,2022,2021-12-22,79f44737-6e40-4cba-af63-6ff773df5f36,59a704c5-1934-42cb-8720-83cd7ee9f3fb,16,1,2.224577134590889,0.5359749051784035
55d8a839-7e1a-434c-854b-368c382274b6,2022,2021-12-22,0cc63380-151c-40fa-bc6b-76091785d359,99236a96-dba6-4b76-96ca-1b8bc30149a1,-17,0,-3.3692881556063847,0.3456198032999516
56f9752f-e4d3-482f-9346-c90e1506caa8,2022,2021-12-22,6bb1093f-59ab-4de2-9cae-c257b87d56e4,e89766a3-c899-4922-aee4-cfaa2a8fb500,16,1,14.907203443700551,0.9597929507153644
58b44008-8b6b-42a4-9f65-a16a0e17f799,2022,2021-12-22,61d9acae-2486-4e53-82ea-60d146622f34,b1ad6435-1c60-45db-bfd9-c91cb367d66b,20,1,12.012423150359234,0.8884687914755695
59f3bd9b-cdcf-4284-abba-f11d2f913a2f,2022,2021-12-22,669eb771-4301-4c20-8e17-113d14b6cc8f,254cd687-c2d4-4fee-b5d3-c3ce6a9264e0,6,1,9.980590370788962,0.8718690881925215
5a2f5b18-4f27-4824-aa1e-9411bdb8b2d4,2022,2021-12-22,8af2e3d8-3a2f-4008-b261-30f11908b768,ca7c4f31-56b7-465e-a3a7-4a4a123f213c,-6,0,0.7024395623793461,0.5599376781618052
5a6877c1-3504-42f7-bd40-21b2d2473b73,2022,2021-12-22,9bf29604-a6db-46b0-b81d-92452dc43267,7c264f4b-0e3b-448a-a195-c16c164a624b,6,1,-9.65766090422931,0.1528740929665949
5f79445b-ae59-4171-9bac-014d9c817530,2022,2021-12-22,ca2c8cbf-6e05-45fe-8697-30f46c2f58b1,7f9edadc-8c22-4821-8da6-0ba70d59bbbc,12,1,4.649219161713347,0.6726936415467585
61953c3f-ead9-4a91-ae68-dcef02ade7fb,2022,2021-12-22,4b2092bf-f1b2-48c3-8ba6-43f8f5d0ee62,909caafe-4b74-468c-a1d3-efd53ab80ca9,31,1,19.244859339509354,0.9823886498210768
65d94cce-77f6-4751-99c9-d2c7c3992724,2022,2021-12-22,f3d329ca-1b85-47f6-a871-b80851fdc6d7,61476d05-09c4-4500-a588-2847128ed6e8,-4,0,9.703959227741176,0.8461420444601992
6bd928a9-aefb-408a-8145-cec954628f0a,2022,2021-12-22,f5ff136b-cc0a-4eed-a502-c028afe284bf,b4531112-44f4-44bd-877c-3fca948b51f3,-7,0,-1.1785786109236405,0.4630827869884218
7442659b-222d-41b5-9c5f-78c37eb66809,2022,2021-12-22,0c1c2a64-13fd-4f6b-b1b1-2f9290dc2295,188437e6-a8e9-4e63-b58a-4141ffadc80e,11,1,5.021168348098939,0.7050481130731584
7b1d0ca8-45ef-40f8-b19e-e6948517ef8c,2022,2021-12-22,2bf13d1a-4738-4039-9d08-49f17859d4eb,28ef27aa-2dd0-4469-b521-fdbe9d8c6bd0,33,1,25.24735777653763,0.9853864285526391
804bf1ce-a79a-46e3-8800-c78be68ba81f,2022,2021-12-22,8e9f9414-bd72-45a6-8896-59f1453666d6,dcf098f0-7fc0-458c-95fe-c6f0743b4274,10,1,6.911110731159769,0.7617209153960026
823e140a-03ee-4ba6-8ea4-615e961a6f4f,2022,2021-12-22,5018dfc0-8279-4a3e-b376-b7606f612a00,f9beb22d-1a30-4dc8-88ac-4737870b7e69,23,1,13.074196943287154,0.9219546263158122
8822ed41-e4c5-4628-8efb-21983a0bc126,2022,2021-12-22,b394d3b3-e9a2-466b-abe0-89cda8e8d669,c6c28fde-56df-41e4-839d-2d6201c8dc27,13,1,11.070607317554089,0.8303474935114667
8a3cd5f4-bd98-4edd-90c6-8ab12c0956e7,2022,2021-12-22,1393366c-684f-4fdd-bd85-9fabb1307aef,d77ce32a-30e5-47ce-8841-52447d9fe891,-17,0,-10.345830061017443,0.17246686762037147
8f542fe2-134a-40e9-934b-bed46e4aa7a7,2022,2021-12-22,d84d7188-0176-4937-80ec-d83ae93a1912,8ab33314-bb5c-4e60-b515-3564c813ae0b,11,1,16.899459506539493,0.9663061622593652
9afaa451-fabe-479e-93c7-b91d49192b6c,2022,2021-12-22,743e2828-8a80-4168-9d8a-f8cc1d9b0b9a,3911d63c-249c-41d9-a29b-df0377e1a054,3,1,-2.94678096439164,0.45744193633601876
acaeb1eb-01b2-49e0-a3bb-f26217e83c13,2022,2021-12-22,1235749c-6be5-439f-872d-e0a85682aef6,d7c1086d-592e-460b-9f30-684b14d1097f,37,1,19.423936424700575,0.9781190741654698
ad8ad32e-5373-4379-bb06-dc6501182149,2022,2021-12-22,d13e3f73-7b13-4e91-9249-09f1e11e488e,8ce55fa9-2ea0-427f-85bc-c9e8ceb4d1f0,22,1,12.578202564985784,0.9437301831928105
af46718a-94b6-4e8e-aa80-11432531f707,2022,2021-12-22,77413edc-f997-4807-a4ea-9caf8157da8e,3943bea0-341e-414f-8f46-b97e08b5f90f,12,1,13.149034361096339,0.908402679920067
b06e292c-55ed-42d3-8277-4d060b54dcec,2022,2021-12-22,28669a26-792c-4843-ad64-6f16da03d389,d5a14f1d-6220-4af8-9b8a-c8a9ae952d5e,32,1,27.16192190399861,0.983056959839862
b9225cf8-8ddf-4d73-a399-d8091b21f278,2022,2021-12-22,cc1716b8-24e4-49d7-8778-964affd58954,28760428-230c-4858-9d2f-0ff8e804da52,35,1,25.75730527998742,0.9844657246353619
ba29acc8-ec9b-4b50-b5ea-5d15045ffb27,2022,2021-12-22,4d587dbe-16e7-4990-a378-a0fc4c2c273f,24dec588-02c3-4c82-9ea6-d467604a8150,-8,0,0.671398771364969,0.4881577414800553
bbdbfd67-6172-4f2e-80e0-e69d9caa6d69,2022,2021-12-22,dfc3b54f-3b20-406f-a673-33061db4e3ba,793f775a-aec3-4741-b86e-4c8e079f74a4,-14,0,-4.803407531660056,0.25344444200024885
d13db9fe-1dd6-4454-97b3-2d71cd8c5e0c,2022,2021-12-22,86391a21-965e-44e8-819b-837cac02859b,87cec0de-4d93-4ed3-9ac3-deac97be5eba,14,1,12.529660716895425,0.8906423473612841
e2c83d27-6aba-46ed-88b3-bf51650d1ec9,2022,2021-12-22,31a85828-d084-442c-9cbf-1f706ab87f57,5f19cada-0d6a-4a64-bf90-7be104537c24,-2,0,5.829938865961627,0.6487051925711216
e4c2acd5-eb3a-44ee-8c80-3c732aa4293d,2022,2021-12-22,8dfdef93-7be0-45db-8281-e58565dd9d85,9acbe680-5f94-47da-926d-51e1465fc500,42,1,32.56790520694323,0.9896915022249169
e91de8b6-61b9-4d12-9771-b623158bfb89,2022,2021-12-22,2d5a3d36-55d8-4fc7-9050-a067b5a5b3c9,553733fe-ac6e-4397-9188-b27a01824e73,-11,0,6.6671625350156605,0.7646398460954326
eb69c25e-c758-4d58-af6f-55654066e2f7,2022,2021-12-22,e6d68428-bbd2-4402-b980-d22e5e7957ab,73339436-3261-4171-9cc8-854b8e176836,-6,0,-2.1438735285765076,0.4937765857899465
f2ee3803-adc2-4c45-a720-7b8371b98a3e,2022,2021-12-22,d99c752c-71e0-431a-b0b7-143707bbc110,56c81362-1bcd-418d-831b-74b9b0c4a563,30,1,13.223075161051478,0.8866522690212322
f420c1f0-158f-4c4b-a3ac-2a0f4d338110,2022,2021-12-22,0d182ffe-13fa-4447-8f00-f38088d0cf05,0a370edb-2194-4979-ad23-d796fb97dfb3,16,1,9.525947569174372,0.8430013443472248
f4a8b941-3d1c-4069-8704-ca185142921f,2022,2021-12-22,91d1df49-0521-4008-8e8f-c2098944ce2c,8425fbd0-40c8-4146-a2c2-51ec714ee637,37,1,21.7742199949437,0.9808303289412231
f4f5b843-76a8-4e98-b863-fd30b4df38f5,2022,2021-12-22,0ec0fe2d-cb25-483b-aeb2-0f12af2160c7,0b986199-3ea8-40ba-98dc-8a54b3509609,17,1,10.124295171364324,0.8692883610685993
f628161e-07ba-41c3-a0f2-afd86757ad86,2022,2021-12-22,048ae5f3-c6e9-4937-93fe-ec224e17fea2,3ae40137-6b36-46a4-99e9-3ea88255660c,-17,0,1.8164783964137623,0.5680974754411267
f63e1b7b-1dde-4a93-9500-7e1450fe1798,2022,2021-12-22,5253a75a-17f7-4ea5-b313-743697ebca72,fbf897ee-41aa-431f-8ef5-0ea7cbe2a05f,-2,0,-1.1384930737963517,0.4276694250346276
fbf536ad-b5fb-4f5a-a374-6d7a007e3534,2022,2021-12-22,3411d575-6a72-4b22-885f-e90bac6bdd28,e61ea85d-a57e-4621-930d-0b0e653eb2c7,-2,0,1.280793744957834,0.5130746284573207
2e164dbb-5d0e-42dd-98da-031d0eee0ec1,2022,2021-12-23,3911d63c-249c-41d9-a29b-df0377e1a054,31a85828-d084-442c-9cbf-1f706ab87f57,2,1,2.4446253479286515,0.6087168332732956
646f5916-e95c-414a-8431-1dc53fe8ee4f,2022,2021-12-23,dfc3b54f-3b20-406f-a673-33061db4e3ba,0724bbd2-14e4-4069-820d-16f4dcda5df5,-7,0,6.817981777123479,0.7963919396649083
68d4e309-da59-4018-8973-d91652266ef5,2022,2021-12-23,743e2828-8a80-4168-9d8a-f8cc1d9b0b9a,5f19cada-0d6a-4a64-bf90-7be104537c24,3,1,0.1572559586028661,0.489974729189444
6ba94485-eb9f-416a-b5b2-c5663d9cd2b0,2022,2021-12-23,793f775a-aec3-4741-b86e-4c8e079f74a4,bdb5791e-8da5-4640-82cf-7354e2f02b3e,2,1,1.2262527381881996,0.5160112564370408
a9fdcb9e-bf79-4497-9007-1da02e168883,2022,2021-12-23,46716039-e26d-4d19-a17a-35eec7c36cb4,d9411158-02d5-4d70-8862-92cec8bfdc49,-13,0,-1.8118264678122642,0.4224735166051615
e79d0e8f-06b6-475b-8ef4-23263fa34835,2022,2021-12-23,b9052e15-66e8-40e6-86ac-a872e5c51fe8,944226c8-c2af-4571-a853-5bb934c49ae4,-26,0,-10.40579310365988,0.17837848453932476
756a9b26-7110-4d1e-9ed0-5435a566169a,2022,2021-12-25,0724bbd2-14e4-4069-820d-16f4dcda5df5,3911d63c-249c-41d9-a29b-df0377e1a054,-20,0,-8.452226913117954,0.19982780700465824
c6c2e088-4bfe-46b5-9cb0-392fb94a3b44,2022,2021-12-25,bdb5791e-8da5-4640-82cf-7354e2f02b3e,5f19cada-0d6a-4a64-bf90-7be104537c24,5,1,4.5329569551209135,0.6512513546907579
914a31b8-5d3b-4830-90fd-3767d58b9294,2022,2021-12-27,97a440d7-b0b9-4fd1-9da8-6460649da714,ead00c79-f9ca-4dc2-9beb-0b236dc32ce5,31,1,11.769517226053138,0.9298862182405306
78217e0c-b4b0-4f51-8f02-e7a4316d6f48,2022,2021-12-28,0ec0fe2d-cb25-483b-aeb2-0f12af2160c7,fd736c6d-0d9a-4837-8153-b1f51e776578,27,1,18.59579598312422,0.9666574392381077
7ce9ddb7-f285-4704-bcc6-69d67af7fe62,2022,2021-12-28,d34afafa-d43d-432c-98d1-72ab0aa8a823,8ab33314-bb5c-4e60-b515-3564c813ae0b,30,1,36.07793916939801,0.9869119965038394
8f377674-d320-495a-9c9e-938310ee9a17,2022,2021-12-28,c3603958-de3f-4014-9dd0-d9c4c84dd226,9400f670-2aa7-4099-aa46-ea9cf4724079,36,1,35.60705811291797,0.9886400130972189
909b4711-f820-43c3-b521-94d2cabc3751,2022,2021-12-28,ca7c4f31-56b7-465e-a3a7-4a4a123f213c,944226c8-c2af-4571-a853-5bb934c49ae4,10,1,2.630213473637915,0.6425621201819228
cb72bc7e-7360-4b49-91e8-af5d8610d49b,2022,2021-12-28,1b846bd7-47c9-4bf6-ab08-e44d968a34f8,cd9b9678-1f2e-4444-85d3-3269c4b3775a,21,1,18.149993221522635,0.9808595126531235
e43c6188-8524-4259-9e27-083ca80fcc7e,2022,2021-12-28,75755c79-6aec-4154-b1f8-2337fd4a06c5,f4843941-38ec-4607-a565-9eb459007c54,45,1,33.202469460990706,0.9853059978124253
f1bbb753-63c4-42f5-a378-eeea46f3f3cf,2022,2021-12-28,3943bea0-341e-414f-8f46-b97e08b5f90f,0efb1176-dc90-4109-b141-5025fc424128,11,1,14.970476989331068,0.9355804078955074
f485f6b8-bdde-439f-ac29-a255ffbacfed,2022,2021-12-28,28669a26-792c-4843-ad64-6f16da03d389,1e2d1b39-91db-4949-af7d-13201eafcef8,22,1,33.12215837962027,0.9864200659885252
f95fdd1b-ae9e-4062-963f-1678043148ab,2022,2021-12-28,5820546f-7b8e-4593-afc4-fa098623f568,95fd11d0-8e48-48f1-b7fc-f03fe1bc8c84,-1,0,-10.268751616146513,0.16203384487575292
0cd0134e-ac8d-4386-b808-f271c64a85cf,2022,2021-12-29,9020eea9-bced-4c46-9f85-8bbdff3393c5,e44d72a0-bb34-4a0f-b307-188c3b30e131,27,1,19.315025726516367,0.9741767470042407
0f847b53-7bd1-42c5-bbb8-46f9506268bf,2022,2021-12-29,eb341503-aa23-4784-af34-3b14bd72fdd4,e78e20dd-cddd-4b53-b5d6-62aad4ced9ca,10,1,5.461777737424853,0.7072138663578407
1013b600-647e-4019-b5d3-5ac712ad374f,2022,2021-12-29,b7b950c6-b603-4afa-afd6-ed15293d3523,371a2930-c5a4-405a-bb44-9f22b55ca81a,-10,0,6.268671964442042,0.7352196166961288
135ac030-2efd-484d-8a41-bcf71be77331,2022,2021-12-29,e40486af-12fa-47cc-93aa-4b196b7f5bbc,a313a13e-7ac3-4c73-8872-6d424a253480,8,1,10.46666222359801,0.867919267372461
172f2015-e501-4847-89c9-247019f1978f,2022,2021-12-29,31503e00-902d-4881-a3a5-52c5415e0e2b,43f1428d-b856-4fe8-b864-8728bfdbaffc,14,1,23.34418767883444,0.984977842150709
178d6099-73e8-4f93-8a41-d84372a29110,2022,2021-12-29,d84fbf05-f799-486b-956e-f0500927e1d0,00366c32-204f-4176-9a22-20555a1e6363,13,1,-1.7042613984457864,0.4732611888741328
2b95b9b5-503f-4c6d-b83c-ca1261b7c02a,2022,2021-12-29,b101bc61-0628-4298-9362-c2e546437032,604f3fca-4ca3-445b-9be1-3cb6b7f69fd8,1,1,1.1062804655196634,0.5524678558666067
3a8b94f2-1ae3-44e2-9a25-e4f7094ec7ac,2022,2021-12-29,dac65a7f-4511-49a7-9c6d-3f29d22ff86f,e06f08fc-4ed9-4807-9f8a-7889130e21f6,13,1,18.069229533439614,0.9688690993866665
3eaf92fc-d15e-4a94-a908-3f6d01f7a04b,2022,2021-12-29,4090fa15-7788-40ba-95cd-6c5cba85e91a,884b1e88-9543-406b-bbef-d24ea9c36092,13,1,27.971635857197466,0.9855693290474177
529ee906-0de2-446a-8c44-746523f395c9,2022,2021-12-29,f8490c90-4ca1-437a-93da-114f5dac0426,cd84e158-0ec9-44ce-872b-e44a595a4e37,27,1,16.615467332203913,0.9589039260150184
58085ae6-8b42-47a5-b654-112a0ecf5951,2022,2021-12-29,2bdfedb6-38f0-4eb8-baaf-2965a942cb85,12414365-9349-4a1b-a319-34a8ad92f7e3,32,1,15.944865818232554,0.936359312269479
58e70c8a-a42c-4da7-9a84-c6c25f755d67,2022,2021-12-29,3e7063d6-a6e4-4aa4-8e77-044c9f5fc21a,6b68cf86-676c-4d12-958b-f2b9da02a5a1,5,1,4.8553378909462825,0.7444059426108643
60e42b54-fe6b-4d65-ad53-3080920da3d4,2022,2021-12-29,91a6fe66-7652-496c-9d91-c9bd2b333b6b,3795d76f-7577-4ea0-8f28-89d16c87f9f0,-3,0,14.11311138723495,0.9608308113149705
66b07280-9bce-4e4c-be7c-6d783695a87d,2022,2021-12-29,99ad5125-6b8a-446a-ad41-7a5f50dcf6b7,dea85f83-4470-4a0a-934c-553c4722d079,2,1,6.032750691545591,0.747180090810515
70c0955e-e140-444a-90c8-48cb7a59ad74,2022,2021-12-29,4d587dbe-16e7-4990-a378-a0fc4c2c273f,d9411158-02d5-4d70-8862-92cec8bfdc49,-8,0,-11.841829432067069,0.09385522316729637
74f9fe29-6fa9-44bc-9c6c-c08d1328d40f,2022,2021-12-29,fc748d3e-7f1e-4823-9d7c-f14ad3df799a,2335e299-031d-43e6-9ae6-536cc9177f51,2,1,-12.458632546746253,0.10565577463853568
8328de83-fc83-4fa4-82ad-94915ac3784d,2022,2021-12-29,f04a9115-7f6e-45d4-8590-4934a791ebb3,d91f2468-d81d-4b25-a8be-53e85e8b4ded,-5,0,-6.964093254502293,0.2818455505332418
89c842f4-ffa6-4729-b428-1fbfc9710f65,2022,2021-12-29,4bc4f625-be38-4da1-919a-c43bedce10b4,4d299953-da89-4561-afe6-d0a2222d454e,5,1,-0.5760640105014924,0.48583656738970826
8b2d5744-047d-437e-a6d9-c66c467d663d,2022,2021-12-29,14fa05e6-500e-41a6-b7a0-de4b16c4e7cd,2678c438-d23d-4ec0-8105-ab3f1c748aaf,-4,0,-11.961811509206195,0.15757834152343478
8e417765-fa62-4c83-b471-61e7c9cb13fc,2022,2021-12-29,f621591e-18ed-471c-92f8-2c4d4c00bb75,1bd5203f-23cd-4c96-8b8e-fae5ddfbe69d,4,1,13.859966421580495,0.9285498194785191
947f86a1-787f-4a37-bd00-564a13c1c477,2022,2021-12-29,e31be871-e6af-43f9-9cf9-865a275b7e6f,e0d91570-7fe4-4dbd-b6ba-f6ce261fd58b,26,1,23.870460426410194,0.9855768832878299
a326755e-affb-41bb-bc54-212ec62fbb0d,2022,2021-12-29,ded40384-d167-4ba1-93ad-2fbaa4def151,57a961fc-fabe-43a1-bd3f-78858a193715,17,1,3.16070119165184,0.6805543288005866
b640a956-5cc6-4088-b7d6-208888e8eca9,2022,2021-12-29,b394d3b3-e9a2-466b-abe0-89cda8e8d669,cc1716b8-24e4-49d7-8778-964affd58954,15,1,9.229529324649807,0.8230420513012152
be45cf76-775b-4d1a-9d29-60f26fa6845e,2022,2021-12-29,97a440d7-b0b9-4fd1-9da8-6460649da714,421b3b28-ab05-4462-bfc9-644fc7163e24,12,1,12.95885111370081,0.9401241795643489
c8d91e78-8767-4030-9fb9-1ec917da92fc,2022,2021-12-29,6081d978-c3cf-482e-8374-c40b212242c1,f4045f82-f9ab-4d14-867e-496a744ac26e,27,1,20.145924916181627,0.9869953066238439
cdb6c2e5-3307-4bd3-a8df-bbd2c46105f6,2022,2021-12-29,3411d575-6a72-4b22-885f-e90bac6bdd28,3f62a009-8c84-44c8-9775-4e3959e17edd,-17,0,1.4959637683847524,0.49905444537123794
d8fb547f-e368-4b72-9b14-9855fb0d18b9,2022,2021-12-29,bdcaae22-ba48-4546-82af-ca21a229c276,5bb511d7-5a12-40d8-83d2-8be20bfc33d4,4,1,-5.368072501320135,0.3070137704559647
de31c815-3c69-423d-9c00-33a14dd96709,2022,2021-12-29,98555e7f-2f58-4896-b98e-4edcece8a333,7c264f4b-0e3b-448a-a195-c16c164a624b,21,1,26.500237488502304,0.9861032822116591
e377f9a0-9aea-471a-a7c0-90d2990656ac,2022,2021-12-29,8ce55fa9-2ea0-427f-85bc-c9e8ceb4d1f0,73339436-3261-4171-9cc8-854b8e176836,1,1,-9.878802842639047,0.11004332637200397
f135076d-e096-4b63-b3d7-88939843ebd8,2022,2021-12-29,81c35070-ad3d-45bd-8fcc-5a8c73a46ba3,23ad3833-572d-41e9-8cc5-961b2db50d2d,-7,0,7.076799634260166,0.7451171455772995
fe04c61b-bd6d-47a4-a506-2ed952b4482b,2022,2021-12-29,fc4bf214-f945-46ec-8524-00a3196b7449,fe829304-1347-442c-85ad-2139be36330b,4,1,2.797467176615502,0.6550922125219276
0935650f-a18a-41c2-ae19-8e19324ac56f,2022,2021-12-30,f22782cc-03b3-4a0e-a189-8305ebe19b87,9be3dee8-ee3a-44e5-bf8e-c59a500829e6,12,1,-2.4201928232690357,0.4043743821737881
0f7c43f2-5457-43da-ab0a-35c5729773af,2022,2021-12-30,3b495752-ddf1-47a7-8bdf-2625c4bfcce2,a8f76e24-7f09-4727-b40d-6834e4fc0829,23,1,6.325969703644267,0.7933759631973646
1239f5ce-573f-4094-9c3c-4f43521668dd,2022,2021-12-30,c6c28fde-56df-41e4-839d-2d6201c8dc27,77d10aad-4300-4849-8c55-f92e900358a4,25,1,17.91798815598046,0.9647079224851497
126728ef-64dd-436f-bf45-f502832d8b9a,2022,2021-12-30,16133dd5-c118-4a85-999d-20451d1fe132,24dec588-02c3-4c82-9ea6-d467604a8150,18,1,9.338972606319853,0.8882199289857801
1e940f89-0ba8-478d-8df8-b1263f977345,2022,2021-12-30,8dfdef93-7be0-45db-8281-e58565dd9d85,9aed1c9e-7ade-4533-91c5-322e09783a7a,13,1,12.720319948324722,0.9443112583247638
2b06f246-e910-42e4-9961-d716a0320350,2022,2021-12-30,d84d7188-0176-4937-80ec-d83ae93a1912,ce6a2240-48d2-446a-a847-e4ad4367b9fe,14,1,-1.2740772856040987,0.4740713340780735
2b370895-3b9f-49e0-9b12-8de4d708f50b,2022,2021-12-30,5e8f405a-2ee1-4230-95ea-420666557eed,6da558cd-823c-46c8-b91b-4a40b474cc87,-16,0,0.8591334105731947,0.5456638807832621
41192b39-ed59-42b0-ad0c-2dfd4095d021,2022,2021-12-30,ab8cafeb-02fc-4c83-aa0d-dcc530796fe4,b9052e15-66e8-40e6-86ac-a872e5c51fe8,-10,0,6.899790742510329,0.7094555934228219
5cb5a95b-13b5-4bc1-8995-6f4797251de2,2022,2021-12-30,21282287-1619-4d11-9e25-59855bdd5be6,4db0015c-fae1-4d5b-8be6-db756062d47c,24,1,11.227461907288202,0.8807273131122414
646d67e0-5b92-4675-bfeb-63633c7fa6af,2022,2021-12-30,4b2092bf-f1b2-48c3-8ba6-43f8f5d0ee62,4a44b6c6-3fc1-427f-bd05-432860f3024d,-27,0,6.532259541614695,0.7456832438349281
6606dd93-d35e-4635-8cb1-28f1787507bc,2022,2021-12-30,7dfde2c4-2d03-47ac-8d87-e6480afb8a99,5253a75a-17f7-4ea5-b313-743697ebca72,-5,0,-2.978756732643352,0.3514239888876279
6ec74b79-7d9d-4627-bb41-347dfa9e8b38,2022,2021-12-30,ca910495-28ae-4dcf-a3bb-7b04612490b7,79f44737-6e40-4cba-af63-6ff773df5f36,-4,0,6.484207953486088,0.7010073160334688
78458aea-38fc-45e6-8c88-96e5a76ea0a9,2022,2021-12-30,71a67ffc-6558-40e0-96eb-79527a541007,6c96789e-21df-4f43-92b1-8e62705ffc1d,9,1,1.3586859424535576,0.6073811122029421
7889c901-24d6-4120-988f-d31f43a63fd8,2022,2021-12-30,d77ce32a-30e5-47ce-8841-52447d9fe891,48b92b41-b7ed-4c2f-b7ef-3e3d4a99fd62,11,1,15.950135661033167,0.9522168588750783
8004888f-e587-4e19-961a-59cb73d2f644,2022,2021-12-30,ca2c8cbf-6e05-45fe-8697-30f46c2f58b1,e61ea85d-a57e-4621-930d-0b0e653eb2c7,30,1,10.997388368891373,0.8807983060494591
81752521-6885-4e23-a17e-e9933a6db2a7,2022,2021-12-30,f05e79bd-96f4-4690-83c5-60a9d4972d05,1cc71d7e-b5a6-4b50-a797-176f96548858,-6,0,-5.431674173348056,0.29539640404595535
9c44de32-7bae-450f-a40b-c5b5988f8f7f,2022,2021-12-30,9dc47cce-9b16-420a-971f-5362aaa69dc7,d7c1086d-592e-460b-9f30-684b14d1097f,17,1,17.622593705107533,0.9608019243680012
9c91e674-00c1-4fef-8bea-d3b0efe93179,2022,2021-12-30,bbdc8c62-dfe4-4e42-9ca9-ff85d375faf9,68215498-0684-4009-a2fc-93fa21109838,-3,0,4.448032269873965,0.6707803707823897
ac9752aa-ed89-47df-98a5-d8123d3bdf3d,2022,2021-12-30,02d8446e-475c-43f7-a829-3e36474bc43f,3157f4b6-4b11-46d9-beb5-cef7c68fd1a5,13,1,12.738558470010345,0.8557581206788802
adc339cd-bae8-49e1-98c7-f2e76b71c983,2022,2021-12-30,21f47709-f514-49eb-9da9-1f6805407244,d5a14f1d-6220-4af8-9b8a-c8a9ae952d5e,-5,0,0.7256594669584303,0.5371244366101641
bc711fa2-1340-4451-b734-60622b33243c,2022,2021-12-30,28ef27aa-2dd0-4469-b521-fdbe9d8c6bd0,61476d05-09c4-4500-a588-2847128ed6e8,-15,0,6.833677830896054,0.7143021334059537
c5b0bc07-0db5-4c0c-9cc7-b5152fa249c1,2022,2021-12-30,254cd687-c2d4-4fee-b5d3-c3ce6a9264e0,c14dbd3f-31c2-4647-b19a-e03839f04ad5,17,1,9.925863370627445,0.8671057317531594
d12e4cb1-a307-4c3c-ae78-042866ea974c,2022,2021-12-30,2aba779c-997d-45af-a881-44cc87727a3a,1049e433-d23c-4aa2-8581-4bef2ad0715f,5,1,14.866105058720272,0.9449890961407206
d5556a8b-8438-4001-8a26-bd77af3b5881,2022,2021-12-30,3ebbd7b5-f0e2-4fd6-870c-58a45d420f53,242a53a0-47e7-45ed-afe8-61172c29f09d,30,1,8.347623156372482,0.8250780459384999
d6c2290d-06db-45cf-b3cf-67fb6dd14e9d,2022,2021-12-30,58041e02-d340-41c3-9f0c-e5e2a5c7a135,b773a5ad-3d34-4658-a942-6e2836f04e3b,12,1,-1.5491503953493115,0.4483247198797909
d6f5e78a-6d1c-4fbd-8ab3-7480d9b1ca28,2022,2021-12-30,28760428-230c-4858-9d2f-0ff8e804da52,add091d3-316a-457b-803e-9b8e145b76e6,3,1,2.1954341041450722,0.6394738883647332
db628d0b-6041-4f14-8cdb-182705d0e8df,2022,2021-12-30,c73565a9-06c6-4314-b7e1-3659db4cf00c,669eb771-4301-4c20-8e17-113d14b6cc8f,-4,0,-3.8474012742905073,0.33245890885157847
e9f45ea4-b18c-404e-b1d5-5b603bb9b612,2022,2021-12-30,b0fa4996-a909-4fd7-ba9e-8f180716f7f3,cf2375a7-1488-493a-8679-e8112b47cf7d,16,1,29.46867128252263,0.9850949544525149
f3f2eb43-363d-4104-a826-ba4faa291f1b,2022,2021-12-30,5984bc3b-7531-473e-8087-c5fa390b08cc,8b50b68b-b346-4272-bd86-947d908d937f,2,1,-2.9153185558511803,0.41478781144209564
f5559347-8fd5-41bb-aab9-398e51409071,2022,2021-12-30,1b846bd7-47c9-4bf6-ab08-e44d968a34f8,ead00c79-f9ca-4dc2-9beb-0b236dc32ce5,14,1,10.206690281222489,0.8859120623133884
fe45c5e9-e66d-40db-8c21-7cf018ba86a1,2022,2021-12-30,2422cf8a-bacd-4cb0-97f2-244a07c62c78,e89766a3-c899-4922-aee4-cfaa2a8fb500,5,1,13.459945851478633,0.9107514935685732
19616a2d-5e49-4be2-8f4b-f28ce419e667,2022,2021-12-31,2678c438-d23d-4ec0-8105-ab3f1c748aaf,f5ff136b-cc0a-4eed-a502-c028afe284bf,3,1,14.915706783482118,0.9166858820258401
4199e6df-1d34-4bad-89f4-d25d18dcff33,2022,2021-12-31,e78e20dd-cddd-4b53-b5d6-62aad4ced9ca,14fa05e6-500e-41a6-b7a0-de4b16c4e7cd,-12,0,8.025548693865053,0.794104705067445
43aece4f-5148-4380-8dde-8154d76705ae,2022,2021-12-31,4d587dbe-16e7-4990-a378-a0fc4c2c273f,212827bd-b2f5-4ca3-a901-403112b8594c,-8,0,4.618324330944727,0.7092008786931844
70d5aaa9-acd7-4109-ba9a-1251c6f1ed1e,2022,2021-12-31,fbf897ee-41aa-431f-8ef5-0ea7cbe2a05f,dea85f83-4470-4a0a-934c-553c4722d079,-1,0,4.085090564160437,0.6906250813056231
7199ac00-da89-498b-b2c9-ffec0b9df7e6,2022,2021-12-31,8ce55fa9-2ea0-427f-85bc-c9e8ceb4d1f0,57a961fc-fabe-43a1-bd3f-78858a193715,1,1,-7.2817141151140365,0.24773257894190126
ad1a9d65-9225-43bc-981c-2172ad8078cd,2022,2021-12-31,ef3d2fcf-bc17-49a6-84e3-cc117e8fc095,062eb8a6-996c-4619-9ba7-498cdd009dd6,9,1,-1.722840551499285,0.3807431748083999
ee39b3fa-f625-402e-864d-28f6eb7f4fab,2022,2021-12-31,6081d978-c3cf-482e-8374-c40b212242c1,e06f08fc-4ed9-4807-9f8a-7889130e21f6,44,1,27.55186820353721,0.9861260037842963
03657e61-3b5c-4590-9d03-2e86284b0108,2022,2022-01-01,e44d72a0-bb34-4a0f-b307-188c3b30e131,a50b7fa2-326f-4ab1-8bd2-b0bbf4f26d23,9,1,7.01411175818112,0.7752913505077497
0cdff17d-b8c1-45c5-b892-e8765757632d,2022,2022-01-01,d1893fac-c32c-416c-9aed-0d6c61ad0935,909caafe-4b74-468c-a1d3-efd53ab80ca9,2,1,11.223678042644796,0.8873280599327675
10ec2ae9-d9f1-4723-8407-d428072a537d,2022,2022-01-01,5984bc3b-7531-473e-8087-c5fa390b08cc,61476d05-09c4-4500-a588-2847128ed6e8,5,1,-1.7762599237511698,0.4298835056139958
1106e199-4967-4f98-b23e-58bf7b6f4646,2022,2022-01-01,254cd687-c2d4-4fee-b5d3-c3ce6a9264e0,9bf29604-a6db-46b0-b81d-92452dc43267,45,1,15.292220795454785,0.9535018091260462
191e5407-3708-46d8-9659-c283c7adad1e,2022,2022-01-01,2a26048e-30fe-47e7-99d9-913f28dea879,9be3dee8-ee3a-44e5-bf8e-c59a500829e6,13,1,8.543717297980626,0.8344956269700917
1a39dc8c-4286-4dc8-af5c-fb3fa0fe0b32,2022,2022-01-01,77d10aad-4300-4849-8c55-f92e900358a4,bbdc8c62-dfe4-4e42-9ca9-ff85d375faf9,19,1,7.7133815207372445,0.7844159816116687
28f57ec6-ed1e-476f-8d4e-be78854e9cdc,2022,2022-01-01,0f928622-6fc6-4817-9641-a4366153c8c0,644511e8-8569-4c1b-b22e-4bf2710fa9da,32,1,16.71761158434305,0.9393690585045157
2e331a54-0b7e-4d69-a496-c64d63a592ba,2022,2022-01-01,ff725b84-1ca5-43ef-be84-cb70a6494dab,c3603958-de3f-4014-9dd0-d9c4c84dd226,-5,0,-8.273751850605713,0.21758056571841697
31e9f2bf-9c15-4b73-9c69-b81275a153c3,2022,2022-01-01,cd84e158-0ec9-44ce-872b-e44a595a4e37,db040d7f-5499-4400-9069-620c27646ed6,-12,0,-11.09249484814581,0.127860725877284
38147816-6ff9-4c2f-963f-5884b5f8d40e,2022,2022-01-01,16133dd5-c118-4a85-999d-20451d1fe132,d25581ff-ffd9-4c81-a946-e99b1de2c3b6,15,1,5.762729914242252,0.7042867578793794
39c7301a-45bd-4ad0-8e6d-d9b4db29e83c,2022,2022-01-01,75755c79-6aec-4154-b1f8-2337fd4a06c5,8de64d3a-4bae-4d2a-a4d2-15ec6583f6aa,15,1,10.576122562035982,0.8543575498676952
40f41474-ca92-4d98-84a0-0d1464c66806,2022,2022-01-01,1e46f177-0551-4da2-8f3f-c683820ed5f9,604f3fca-4ca3-445b-9be1-3cb6b7f69fd8,-18,0,-5.259839425689475,0.2994908304784552
4566bbff-9ec8-4233-96f5-7d4d4a2de0b9,2022,2022-01-01,21282287-1619-4d11-9e25-59855bdd5be6,b9052e15-66e8-40e6-86ac-a872e5c51fe8,2,1,0.915746638705934,0.5566145729160584
46316c3a-3cac-4e71-9337-30ed33a537e7,2022,2022-01-01,6b68cf86-676c-4d12-958b-f2b9da02a5a1,1ff4fd9e-2594-47e2-8b06-66ad2ca3fcb6,-6,0,-5.870047546884328,0.26930402456377184
489c7001-db3a-4c62-b91e-4b4508d477b3,2022,2022-01-01,23ad3833-572d-41e9-8cc5-961b2db50d2d,2bdfedb6-38f0-4eb8-baaf-2965a942cb85,9,1,-8.928781567984066,0.20402741094839907
4d4bd11f-80ae-41ec-ae22-9fc56c9e6c54,2022,2022-01-01,4e853367-c5cd-4701-9554-38bf174777a3,d98e9dc5-d3b9-41c1-ac48-5a4945d47713,-6,0,3.324179559186106,0.6662319922900453
52dba1b4-a18a-4256-b66a-b3255b6564bd,2022,2022-01-01,72261a98-a3e3-4f7c-8188-4faf20af42ad,0cc63380-151c-40fa-bc6b-76091785d359,-14,0,-11.943163437177072,0.08051369500136117
5cb3a029-f265-4d9d-9bc6-1dc1d5f4e630,2022,2022-01-01,2422cf8a-bacd-4cb0-97f2-244a07c62c78,1049e433-d23c-4aa2-8581-4bef2ad0715f,-6,0,12.649816817373303,0.9075586554489972
603a5593-8c80-4043-97d4-376cb7c29c6a,2022,2022-01-01,aef6cc9a-dcfd-4137-aa03-9926d921f466,b7b950c6-b603-4afa-afd6-ed15293d3523,12,1,4.052483311849278,0.6329048783595367
6b6ba3d9-f081-4039-880c-95477ceb719c,2022,2022-01-01,a313a13e-7ac3-4c73-8872-6d424a253480,697f7fa6-4d64-4abb-8310-9f310c49ad61,-2,0,-0.7005634447574376,0.49401474118241945
6ef3cab1-6f5f-4c0e-9b3a-ef15cad11a27,2022,2022-01-01,2aba779c-997d-45af-a881-44cc87727a3a,e89766a3-c899-4922-aee4-cfaa2a8fb500,3,1,14.810146717535437,0.9573174398487866
7233233b-7e68-4571-ac4e-92a35c8e27b2,2022,2022-01-01,b990f4aa-efbd-4625-95a3-376e51ad9f2a,b773a5ad-3d34-4658-a942-6e2836f04e3b,18,1,6.66566112653722,0.7795243174825034
74c09f29-50cd-486d-80cd-fe8e6d757090,2022,2022-01-01,03b227c1-5813-4ee2-b7f7-34094db05200,43fdfa19-1583-4159-9c0e-1e88e231b35d,2,1,10.476130845845319,0.8774133414009134
7ead71c7-fe59-42a8-b02b-aee150846d71,2022,2022-01-01,3ebbd7b5-f0e2-4fd6-870c-58a45d420f53,6da558cd-823c-46c8-b91b-4a40b474cc87,-1,0,-1.240827385707299,0.4463360587239108
871abb7b-aec6-46ee-aaf6-572bef613ae5,2022,2022-01-01,e40486af-12fa-47cc-93aa-4b196b7f5bbc,5bb511d7-5a12-40d8-83d2-8be20bfc33d4,8,1,4.325877696040726,0.6887697302972335
88f54da0-06e3-4b75-b165-8f40d3ef46e7,2022,2022-01-01,b0fa4996-a909-4fd7-ba9e-8f180716f7f3,14fa05e6-500e-41a6-b7a0-de4b16c4e7cd,31,1,25.70121357698797,0.9866857232877791
a0d7598e-5bb5-4169-b191-dced9f0cec7a,2022,2022-01-01,91a6fe66-7652-496c-9d91-c9bd2b333b6b,f8490c90-4ca1-437a-93da-114f5dac0426,3,1,6.746643275689287,0.7353054982733218
a81b00ff-158c-47a9-ac33-33fc447150d1,2022,2022-01-01,61cad1f2-f187-4b2f-8e53-02eb65eae2d1,7c264f4b-0e3b-448a-a195-c16c164a624b,23,1,-2.422749653482001,0.3957125259232944
aaa0f019-8faf-4169-be95-30949daa5dea,2022,2022-01-01,02d8446e-475c-43f7-a829-3e36474bc43f,92249853-0b54-4944-8955-34bc02003e54,-10,0,6.334738304354945,0.7063459119747597
b097af9f-3c32-4d9a-8a03-b9a796aae88d,2022,2022-01-01,ab8cafeb-02fc-4c83-aa0d-dcc530796fe4,4db0015c-fae1-4d5b-8be6-db756062d47c,20,1,17.751115191287216,0.9722485487494055
b1cee026-a0f8-4a8a-89f1-88b5462a71c2,2022,2022-01-01,56c81362-1bcd-418d-831b-74b9b0c4a563,df8bfbe4-f858-405e-bd5a-04f400d2d7f6,3,1,-1.0069091319023544,0.41679322300522714
b2440455-dbad-4096-bac5-ad9ecd072485,2022,2022-01-01,9c70f4e7-acfb-484b-8154-f0fa9365a3a8,d7c1086d-592e-460b-9f30-684b14d1097f,17,1,19.97667317055866,0.9606978493128858
bb478673-2a79-455e-92ff-1d16c1c1ca31,2022,2022-01-01,5018dfc0-8279-4a3e-b376-b7606f612a00,9fb581b3-9267-4861-a01b-51b7e751ca68,-7,0,-3.9822727890925274,0.35248483450411733
c0d1b4b6-4bbd-42e2-9f5e-34cf431c296f,2022,2022-01-01,5e661a2a-5f48-4f4e-b78a-4ebc2220c393,d5a14f1d-6220-4af8-9b8a-c8a9ae952d5e,-13,0,-7.671108277420483,0.24556520226178494
c70a6285-c3eb-4c4c-b411-234909f9b084,2022,2022-01-01,77b07047-6507-4cf4-85a5-4c69fc0c453f,cd9b9678-1f2e-4444-85d3-3269c4b3775a,-2,0,2.7223708118371297,0.5874108169203469
cb1036ec-d4db-4489-9895-2658a0aa6286,2022,2022-01-01,5e8f405a-2ee1-4230-95ea-420666557eed,242a53a0-47e7-45ed-afe8-61172c29f09d,8,1,12.133936573095257,0.8718252343228461
cb2b1dd0-3441-45ed-bf42-cbac9c29fec5,2022,2022-01-01,97a440d7-b0b9-4fd1-9da8-6460649da714,048ae5f3-c6e9-4937-93fe-ec224e17fea2,-5,0,2.0853402777281667,0.5493245906276606
e052975e-84ad-495c-9bd9-ff7a1be5be6e,2022,2022-01-01,3e79582f-0f2d-4ace-86a2-242de87ef6c2,92665c8e-76f8-4e29-a164-ffd7c8890a33,1,1,5.200003942188611,0.6914241451760355
eda55ad9-44c3-487c-9372-07f0a3e83957,2022,2022-01-01,9020eea9-bced-4c46-9f85-8bbdff3393c5,ae36afe0-850f-4758-99ec-d7deb696d4fe,9,1,20.16850398112491,0.9813678353813942
f6929050-ce6d-4a32-9af8-9e162706648f,2022,2022-01-01,fe829304-1347-442c-85ad-2139be36330b,3e7063d6-a6e4-4aa4-8e77-044c9f5fc21a,-17,0,-2.6383495495114726,0.38760819975202065
fc749234-4499-4944-b140-784a73d32f9d,2022,2022-01-01,3b495752-ddf1-47a7-8bdf-2625c4bfcce2,5870d352-4930-4235-9c03-7bcded7ae342,1,1,2.1710199882833634,0.5347960537123012
fcb08df3-1f04-4da5-8440-24686d1c60ee,2022,2022-01-01,8dfdef93-7be0-45db-8281-e58565dd9d85,0c933bdb-bf23-4a17-ae1a-f28978a95152,28,1,22.763752646022034,0.9843510856782443
0b1217f2-5ce7-4d05-9d32-674876a1d40b,2022,2022-01-02,91d1df49-0521-4008-8e8f-c2098944ce2c,2bf13d1a-4738-4039-9d08-49f17859d4eb,-5,0,-11.960037836490532,0.09336308739609404
1d69736b-ed36-4ef6-892e-526114b3bf7e,2022,2022-01-02,1bc4534b-6474-409b-abbd-f840a8dc148f,c2c0a075-e16f-4aa1-a838-887ef3ba2106,5,1,3.8531724871823245,0.6625255804376761
431c7840-2752-41e1-8563-aba36ff03c20,2022,2022-01-02,d91f2468-d81d-4b25-a8be-53e85e8b4ded,d84d7188-0176-4937-80ec-d83ae93a1912,12,1,5.88145091001092,0.7470961377303292
5000407e-f883-4f6c-a620-42f35f03ca95,2022,2022-01-02,d4de33b3-cd7a-47bd-bc4d-da1381432ffe,f9a723a0-1697-4175-8193-97f2f8906c0f,3,1,-0.7815450487491998,0.42197260837323913
6ada2c0e-c6b9-4b71-a30d-28f81718ed0f,2022,2022-01-02,a5658591-2fd7-4ab6-bea8-70e793ff3f6b,ead00c79-f9ca-4dc2-9beb-0b236dc32ce5,4,1,1.003506440315445,0.5314040290340085
73ade4b2-d08b-46e7-914e-dac82bf6e7fe,2022,2022-01-02,fbb275ea-bf78-4cdf-ba66-538cd9722ef8,4b2092bf-f1b2-48c3-8ba6-43f8f5d0ee62,7,1,5.204675004929247,0.7229409706189726
80697f07-534b-4675-a8ef-4c9aa73d1ae6,2022,2022-01-02,1607fc40-d48c-4c58-9fa8-96e3f20a5137,bdcaae22-ba48-4546-82af-ca21a229c276,-3,0,4.2419406168790745,0.6937539602443166
90fc0c14-bd44-4eda-903a-0de8fc02ab7e,2022,2022-01-02,421b3b28-ab05-4462-bfc9-644fc7163e24,6726544c-ad23-4d1a-adfa-1a94c2e10a96,8,1,0.4453491224129066,0.569804777856609
ba614026-5243-4974-8775-78754f76b0d7,2022,2022-01-02,d0a4ad01-cd4c-462a-a303-d94d9c7c79fc,78c4f8c4-d04f-47ed-92d3-34e159fec915,-26,0,-6.647420654124822,0.19907115839661152
c3041146-d6c0-4f61-b799-aece8444f840,2022,2022-01-02,7bb8a634-d969-4ec9-b472-8294b1782684,dac65a7f-4511-49a7-9c6d-3f29d22ff86f,-6,0,-3.234065601536843,0.41497437860784664
cbbf91c1-9b51-4e35-a475-f85475e2c24b,2022,2022-01-02,31a85828-d084-442c-9cbf-1f706ab87f57,1c994624-ca30-44fc-97cb-9a0aa481ad72,22,1,18.586916681763274,0.9622834176637038
cbc28d6a-7a3b-4df0-8243-1ee550d6a3f5,2022,2022-01-02,61d9acae-2486-4e53-82ea-60d146622f34,7b9691f0-e940-401d-9e2c-1d4f695fd91a,24,1,-0.99791396978718,0.4741799016846481
d202984e-0991-4453-9260-bc55cc82209a,2022,2022-01-02,d13e3f73-7b13-4e91-9249-09f1e11e488e,1bd5203f-23cd-4c96-8b8e-fae5ddfbe69d,5,1,-1.306656317608069,0.4119402715604317
d8f31b77-bee0-4431-a52a-8e11bc8e9c11,2022,2022-01-02,c995f51c-df46-4643-9aa1-3830ce760066,cf2375a7-1488-493a-8679-e8112b47cf7d,3,1,10.408898520800063,0.875487394161722
d93a0f84-c475-4f6a-a88a-76dba2f2028c,2022,2022-01-02,af1bfe66-a343-4c46-94f8-4c670ce2c8d7,5a26bb55-d02d-4957-be27-861e8036f152,5,1,-7.053674565453304,0.33365605319655023
ee2b9424-e722-4a8b-87d8-3eeb927d0f9f,2022,2022-01-02,0b986199-3ea8-40ba-98dc-8a54b3509609,1235749c-6be5-439f-872d-e0a85682aef6,5,1,4.07436337175074,0.6764627336072278
f52d0827-0748-41f1-9057-78f40088263f,2022,2022-01-02,86391a21-965e-44e8-819b-837cac02859b,eb038e9a-e14d-41b3-b26f-804fde52e571,-8,0,-2.408531112849934,0.4014212751640241
12ebeb72-982f-468c-92ed-bdbc69359b88,2022,2022-01-03,a270ed0b-d820-42d4-8101-f2bf9e25042c,3ee1f038-4cc3-46de-8651-23f4bd9a99c3,7,1,-1.490369047469016,0.41123811655599746
733c4ba3-255e-4564-8854-8452d8fd1bbf,2022,2022-01-03,9acbe680-5f94-47da-926d-51e1465fc500,1e2d1b39-91db-4949-af7d-13201eafcef8,-9,0,1.4438145548194568,0.5198347840690378
7901a9d7-ded8-420e-9e6a-7f5c5170a850,2022,2022-01-03,d77ce32a-30e5-47ce-8841-52447d9fe891,bf8a4003-12e8-4697-90dc-cf75dfedfeb0,8,1,13.555485929057419,0.918270157815297
861f10e2-7298-4f08-8416-4c1079d3297a,2022,2022-01-03,31503e00-902d-4881-a3a5-52c5415e0e2b,f621591e-18ed-471c-92f8-2c4d4c00bb75,-5,0,12.705736125392743,0.9344706596801879
8b0e5518-6202-43e8-a712-363f1d88dbcf,2022,2022-01-03,51c9ea8f-034d-41b2-8d67-b519b3d48286,add091d3-316a-457b-803e-9b8e145b76e6,-20,0,-4.437284739650875,0.29156852651628734
a130f833-fc3a-4dc3-9258-712373e41c6a,2022,2022-01-03,a5e97c6a-a0e1-49d2-b6bc-8903c39ceaa0,b31491f2-919b-4ff0-9274-11397e369e22,13,1,4.5222868425991845,0.6861800943210649
cbbec057-8118-4601-af30-50bea487827b,2022,2022-01-03,98555e7f-2f58-4896-b98e-4edcece8a333,1b846bd7-47c9-4bf6-ab08-e44d968a34f8,5,1,12.309019049554808,0.9024725324844172
d216a3bd-85aa-4f05-b885-f4714704679d,2022,2022-01-03,2a426bd0-410e-4de3-8d49-d5fc05123454,cddd6722-8c88-48b6-853a-6481451c0290,16,1,16.917843730056607,0.9698594372011048
da2acfc8-7207-4736-9215-40627c84be03,2022,2022-01-03,e9770216-1dda-4db8-bc54-264a782d40b3,99236a96-dba6-4b76-96ca-1b8bc30149a1,4,1,-1.2695355997425088,0.4215805009178794
00a97753-b55c-43d6-9e79-65659cce1ef7,2022,2022-01-04,aef6cc9a-dcfd-4137-aa03-9926d921f466,db040d7f-5499-4400-9069-620c27646ed6,-6,0,3.193942300444686,0.6973496530102652
27de6c21-0d18-44d6-ac15-fa3d0a15e727,2022,2022-01-04,43fdfa19-1583-4159-9c0e-1e88e231b35d,75755c79-6aec-4154-b1f8-2337fd4a06c5,-13,0,-4.536716794600218,0.2984494110589589
498e8d76-a0ab-4ba1-89d0-a46c55d3ecb3,2022,2022-01-04,cba4f27f-e547-49bf-bbb3-2983917351a2,fc748d3e-7f1e-4823-9d7c-f14ad3df799a,8,1,18.46575352854743,0.9541724187330693
57989413-92ee-4b00-927b-b7eab06c869d,2022,2022-01-04,2454a2fb-1f07-489d-8ee9-b4313e7e775b,5f19cada-0d6a-4a64-bf90-7be104537c24,-16,0,-9.678071660128056,0.19220166301782066
5c323b37-7930-490c-b289-8d96d6eb3e74,2022,2022-01-04,3ae40137-6b36-46a4-99e9-3ea88255660c,048ae5f3-c6e9-4937-93fe-ec224e17fea2,-10,0,1.5936096977925671,0.5310614276274186
724c83f5-d6fe-46cf-be33-13baa6a01ce2,2022,2022-01-04,cc1716b8-24e4-49d7-8778-964affd58954,6081d978-c3cf-482e-8374-c40b212242c1,5,1,-2.884084714087971,0.38621662550024255
767b7447-b9b0-457d-a436-bef992256bb8,2022,2022-01-04,d99c752c-71e0-431a-b0b7-143707bbc110,b394d3b3-e9a2-466b-abe0-89cda8e8d669,-15,0,-7.734363410618817,0.20858333966754275
7cb733dd-bd2c-4870-8dc9-89667238aef0,2022,2022-01-04,0c1c2a64-13fd-4f6b-b1b1-2f9290dc2295,1607fc40-d48c-4c58-9fa8-96e3f20a5137,12,1,15.27431400166794,0.9406192548762715
7d40dec9-9a7b-454b-8d2d-d7d723af2a1d,2022,2022-01-04,4e853367-c5cd-4701-9554-38bf174777a3,3e7063d6-a6e4-4aa4-8e77-044c9f5fc21a,32,1,3.7811699802873573,0.6737699620948592
863883af-d74d-4e6d-9cee-1ca616608537,2022,2022-01-04,3795d76f-7577-4ea0-8f28-89d16c87f9f0,f8490c90-4ca1-437a-93da-114f5dac0426,-28,0,-10.313719920759976,0.15873781813282745
912b5c96-9686-4966-a81f-9688e7e588c7,2022,2022-01-04,b0fa4996-a909-4fd7-ba9e-8f180716f7f3,ce6a2240-48d2-446a-a847-e4ad4367b9fe,8,1,-5.557053713912822,0.30998336662848686
9fe7704d-017c-4a32-9406-e17344158607,2022,2022-01-04,5bb511d7-5a12-40d8-83d2-8be20bfc33d4,697f7fa6-4d64-4abb-8310-9f310c49ad61,22,1,7.645885410559942,0.8022434900038465
a7081efa-4b4b-4218-be8c-f4b521b72e4e,2022,2022-01-04,604f3fca-4ca3-445b-9be1-3cb6b7f69fd8,f04a9115-7f6e-45d4-8590-4934a791ebb3,3,1,16.704955899113855,0.9482220813518586
aa86c28e-2d1c-4f8e-a792-4b3dbbf83280,2022,2022-01-04,c3603958-de3f-4014-9dd0-d9c4c84dd226,03b227c1-5813-4ee2-b7f7-34094db05200,10,1,11.627467784797572,0.8920553941692704
b1f0816e-ec55-4c37-bf63-cccc3e723f7e,2022,2022-01-04,188437e6-a8e9-4e63-b58a-4141ffadc80e,a313a13e-7ac3-4c73-8872-6d424a253480,-5,0,13.153430332920479,0.9226150490581639
b33a6db4-8691-4890-87ca-d3e20bc4eb10,2022,2022-01-04,00366c32-204f-4176-9a22-20555a1e6363,793f775a-aec3-4741-b86e-4c8e079f74a4,-1,0,7.3805602146256595,0.7890561466680124
b6dfe0e5-6904-426c-87c6-000f5a99faaa,2022,2022-01-04,fc4bf214-f945-46ec-8524-00a3196b7449,6b68cf86-676c-4d12-958b-f2b9da02a5a1,-15,0,-5.897628028501208,0.2439725498644572
b8e1fb18-0cc0-4d6b-8af3-2847761c4c0c,2022,2022-01-04,be29cc8b-f65a-4ba7-8a0d-40b2a9643422,e0d91570-7fe4-4dbd-b6ba-f6ce261fd58b,-7,0,4.111795194721326,0.7132284845718097
b94a42dc-8afd-4216-8f9e-4f33223fb1ca,2022,2022-01-04,b32dbb42-380c-448c-b510-ee949569ffd4,9020eea9-bced-4c46-9f85-8bbdff3393c5,-11,0,-6.452632178182144,0.31982157961339647
c072b1e8-be08-40b4-9973-4bc3dc0ed0f6,2022,2022-01-04,28760428-230c-4858-9d2f-0ff8e804da52,8ab33314-bb5c-4e60-b515-3564c813ae0b,10,1,0.11817130731031023,0.4504195118169023
c0ebf14c-1b74-4e2e-949d-ae7fabe839cd,2022,2022-01-04,df8bfbe4-f858-405e-bd5a-04f400d2d7f6,72261a98-a3e3-4f7c-8188-4faf20af42ad,9,1,12.417180594186815,0.8770671115119648
d53b5f7c-9678-4f0c-bf07-a3cb0e9804d2,2022,2022-01-04,909caafe-4b74-468c-a1d3-efd53ab80ca9,56c81362-1bcd-418d-831b-74b9b0c4a563,-7,0,-1.7197817615345061,0.3891307692384031
dea4fa42-a662-4e02-a35d-01183b56d5f4,2022,2022-01-04,3411d575-6a72-4b22-885f-e90bac6bdd28,e31be871-e6af-43f9-9cf9-865a275b7e6f,-2,0,-10.266443362174952,0.13552005807532524
e99991c7-c618-45f6-865d-db531e2092ef,2022,2022-01-04,0cc63380-151c-40fa-bc6b-76091785d359,d1893fac-c32c-416c-9aed-0d6c61ad0935,12,1,3.4978718605953207,0.7129228008510919
f6d923f9-cda0-4361-842f-d2a6df52c42a,2022,2022-01-04,3e79582f-0f2d-4ace-86a2-242de87ef6c2,91a6fe66-7652-496c-9d91-c9bd2b333b6b,-1,0,-8.242964728543706,0.21472346084867083
fcc7f44a-a38a-4eb7-85b8-4cfd1831f81b,2022,2022-01-04,cd9b9678-1f2e-4444-85d3-3269c4b3775a,dcf098f0-7fc0-458c-95fe-c6f0743b4274,4,1,-10.159804616281315,0.1611439506169579
031b06ac-e322-4c0c-af52-9db1f42c9a42,2022,2022-01-05,4a44b6c6-3fc1-427f-bd05-432860f3024d,7798adeb-2809-42ca-b509-02c719168825,-15,0,-3.815089631468879,0.39310691012410215
04d10d9c-8894-4374-bbbd-ee4d7e5f7e30,2022,2022-01-05,4d299953-da89-4561-afe6-d0a2222d454e,5953232b-95c2-4915-a150-ed30d3fdc96f,6,1,15.044891322198206,0.92611691567693
181589a7-31f1-414d-a1cd-724dff86e7f9,2022,2022-01-05,b7b950c6-b603-4afa-afd6-ed15293d3523,92665c8e-76f8-4e29-a164-ffd7c8890a33,11,1,13.514668993899235,0.9076871962053008
1b6fb03f-8b0a-4deb-a91a-17ed0c249be0,2022,2022-01-05,24dec588-02c3-4c82-9ea6-d467604a8150,d25581ff-ffd9-4c81-a946-e99b1de2c3b6,-4,0,-1.5643455874755476,0.3695541134273529
22d13f3e-c89f-4f70-b8e9-b6b46a1c5dd0,2022,2022-01-05,ee925def-24cb-4b43-969b-4fe42d68b72e,c3d3f21f-51d8-4ae4-9285-7209d1d97802,-15,0,1.1851151611320243,0.5662999256316623
240efee3-9fbf-4109-bd5e-486e02871251,2022,2022-01-05,e0d5322c-5032-4768-98e5-0b1ffa787a08,054be086-7ef6-4006-880c-01ed91db37c3,8,1,3.9823363729244177,0.6989120496882779
2d984338-f422-40f4-8496-2590bedad714,2022,2022-01-05,81c35070-ad3d-45bd-8fcc-5a8c73a46ba3,ca2c8cbf-6e05-45fe-8697-30f46c2f58b1,-8,0,-1.696576096635332,0.4703296245225611
352bf7bc-cc56-4b44-91f5-6c83a5dd9e42,2022,2022-01-05,0724bbd2-14e4-4069-820d-16f4dcda5df5,2bf13d1a-4738-4039-9d08-49f17859d4eb,-17,0,-22.63109570288684,0.03954569941438988
41e5fa00-afd5-4b10-940d-389229c0a1e9,2022,2022-01-05,c5a3e484-778a-41ce-abc4-7ff9ec51ca4a,d2cb99ee-debc-4e8f-93ba-b0ffd42247ea,-1,0,5.995493939804845,0.6741844036147391
43f56e4d-f4b9-467b-9d02-fdc44cb64b5b,2022,2022-01-05,d84d7188-0176-4937-80ec-d83ae93a1912,91d1df49-0521-4008-8e8f-c2098944ce2c,-4,0,1.3129071439537865,0.487546493201714
46fcdfe4-41ce-4818-8d1d-b4eb715dbbb2,2022,2022-01-05,62080182-ef8a-4907-90ca-00df4cec4e3c,4bc4f625-be38-4da1-919a-c43bedce10b4,-13,0,1.6885917376496453,0.5070263996242893
78883ecb-2a16-4d2d-a325-7f2ac1e425c6,2022,2022-01-05,51c9ea8f-034d-41b2-8d67-b519b3d48286,1e2d1b39-91db-4949-af7d-13201eafcef8,2,1,-0.0483584913976666,0.4963429085511363
819294ee-06ba-4d28-9eef-1561f67727de,2022,2022-01-05,3b36f988-af5a-4761-a417-f496a2137c3c,2bdfedb6-38f0-4eb8-baaf-2965a942cb85,-4,0,-7.272740794912463,0.22534910273187697
83a1b534-46a5-4bae-b87a-3ab011b3dae2,2022,2022-01-05,37d32b57-ae72-4669-9669-a71097de1196,4bd089fa-104e-4a99-a39a-1af78fc3e611,-6,0,0.5803213142513367,0.4895075994004673
91d32a37-468a-4be2-b296-22d66ab459cf,2022,2022-01-05,94d0d44c-b426-4381-9d58-bffb34c097f5,fe829304-1347-442c-85ad-2139be36330b,5,1,8.41957923548171,0.7335281113447002
97032ba1-38f2-467b-9143-548ed5c17522,2022,2022-01-05,0efb1176-dc90-4109-b141-5025fc424128,b31491f2-919b-4ff0-9274-11397e369e22,-6,0,-5.125907439913676,0.35924515264682433
a1172b0c-14d9-466b-9e83-bf7f78faf1a9,2022,2022-01-05,5a26bb55-d02d-4957-be27-861e8036f152,0b986199-3ea8-40ba-98dc-8a54b3509609,-2,0,4.227309598998982,0.6700943219913899
a5745530-4c05-491d-996e-fe21be38bad7,2022,2022-01-05,dac65a7f-4511-49a7-9c6d-3f29d22ff86f,86391a21-965e-44e8-819b-837cac02859b,12,1,7.148792503168183,0.8409929952022611
a6304209-c304-40ec-9da7-1c35be360f6d,2022,2022-01-05,f3d329ca-1b85-47f6-a871-b80851fdc6d7,12414365-9349-4a1b-a319-34a8ad92f7e3,3,1,2.5795496566374334,0.6460153550879109
aa31fe95-a6a9-46e1-90c5-0af39a9a2160,2022,2022-01-05,4b2092bf-f1b2-48c3-8ba6-43f8f5d0ee62,bf8f11f7-2ca6-48bb-ab7f-58720df6451f,8,1,13.202317475999243,0.9225387594664569
ac0948c3-a09b-40b1-89d1-fac40ef31889,2022,2022-01-05,e89766a3-c899-4922-aee4-cfaa2a8fb500,1049e433-d23c-4aa2-8581-4bef2ad0715f,-14,0,1.767621212065547,0.5720714078794422
ae6369ff-a8f4-4ca7-9f3a-df5e762c28b8,2022,2022-01-05,bdcaae22-ba48-4546-82af-ca21a229c276,5820546f-7b8e-4593-afc4-fa098623f568,3,1,6.053294105185501,0.6808250744527765
b2587dd8-c200-4747-b244-4a01ea562009,2022,2022-01-05,1e89fbf7-1862-4050-b61b-f4de4a9ae045,3f62a009-8c84-44c8-9775-4e3959e17edd,-25,0,-12.100878065845231,0.07325517041547573
c423f5f3-017e-4104-9e79-9576ed71a503,2022,2022-01-05,1ff4fd9e-2594-47e2-8b06-66ad2ca3fcb6,d98e9dc5-d3b9-41c1-ac48-5a4945d47713,34,1,13.408301783337958,0.925740195576012
c6df7843-e1a8-4360-8a03-a5e9f53479b9,2022,2022-01-05,e61ea85d-a57e-4621-930d-0b0e653eb2c7,23ad3833-572d-41e9-8cc5-961b2db50d2d,1,1,5.372112719595903,0.6625781207204499
cb5474de-5dc6-4392-bb58-6873481ef320,2022,2022-01-05,7dfde2c4-2d03-47ac-8d87-e6480afb8a99,a270ed0b-d820-42d4-8101-f2bf9e25042c,3,1,13.846522051420179,0.8882141544998502
ce7a0333-0b88-4121-8e62-6979b8131c9d,2022,2022-01-05,be639f4e-dcad-4737-8fdc-2740207d65e3,42f97a12-c358-47bc-8b1c-e20878be4a05,7,1,9.13459653706747,0.8412442400134803
cf651f85-81c1-4a31-8480-5893bec020d6,2022,2022-01-05,ff725b84-1ca5-43ef-be84-cb70a6494dab,28669a26-792c-4843-ad64-6f16da03d389,4,1,-6.338757581409694,0.325120558533046
d1ff38d7-26e2-4467-bbd4-6c76e32f93e6,2022,2022-01-05,f1fa4ba9-17ac-4467-80da-6559daef7a45,b101bc61-0628-4298-9362-c2e546437032,8,1,-2.9555979023559695,0.4615069793415629
d324ed5e-1a79-4a1b-a7d4-e56c2cff882d,2022,2022-01-05,0a370edb-2194-4979-ad23-d796fb97dfb3,94a64c9f-34df-480e-8ac0-1bad98ef2a11,4,1,4.747400454433323,0.7179131991471428
df4153ce-08ee-420c-aa5d-aafc2d230c36,2022,2022-01-05,9acbe680-5f94-47da-926d-51e1465fc500,add091d3-316a-457b-803e-9b8e145b76e6,-5,0,-5.88417368270698,0.2176193554045295
e3bdb87f-793d-40f1-b349-8e9474efa93e,2022,2022-01-05,71a67ffc-6558-40e0-96eb-79527a541007,6c96789e-21df-4f43-92b1-8e62705ffc1d,7,1,1.0317381354527004,0.6068164651770394
e59b68b0-33a4-4738-b9ae-5d1de3d03d95,2022,2022-01-05,7bb8a634-d969-4ec9-b472-8294b1782684,d4de33b3-cd7a-47bd-bc4d-da1381432ffe,-4,0,1.0603434203088526,0.5624419870266155
f3b1365e-a4cc-4867-8082-835868e652b0,2022,2022-01-05,95fd11d0-8e48-48f1-b7fc-f03fe1bc8c84,78c4f8c4-d04f-47ed-92d3-34e159fec915,5,1,-2.6750725400307958,0.3713319307306773
faee8daa-d2f2-431f-be17-224fe7c682b6,2022,2022-01-05,31a85828-d084-442c-9cbf-1f706ab87f57,d13e3f73-7b13-4e91-9249-09f1e11e488e,27,1,12.078939969926228,0.8657743615739905
fca29298-74ce-4c4b-9c0e-662e0df4efda,2022,2022-01-05,e40486af-12fa-47cc-93aa-4b196b7f5bbc,97a440d7-b0b9-4fd1-9da8-6460649da714,1,1,4.240581326816848,0.665944736705235
051e5cd4-bcc5-4156-bb3d-ff46646d6bcd,2022,2022-01-06,f9a723a0-1697-4175-8193-97f2f8906c0f,eb038e9a-e14d-41b3-b26f-804fde52e571,16,1,4.149658771206679,0.6340714264709556
054055b6-091f-4b1c-b525-19dfa36d80d2,2022,2022-01-06,5ebd8a2c-2831-4a31-b7bb-6d6e6e1f7ff9,9400f670-2aa7-4099-aa46-ea9cf4724079,22,1,12.887525196100288,0.8926047244682767
087f6a07-b7d7-40d5-a88f-e00dd28fc026,2022,2022-01-06,bdb5791e-8da5-4640-82cf-7354e2f02b3e,b1ad6435-1c60-45db-bfd9-c91cb367d66b,22,1,16.47081332494188,0.9642824717651697
094588bc-c997-4e60-930b-4fd5540ce061,2022,2022-01-06,0c933bdb-bf23-4a17-ae1a-f28978a95152,1fac2552-eeff-489e-85f1-ce8abae4b5d3,-1,0,8.702507099227365,0.7617959506579188
0bfd939e-21d1-4eee-85dd-d72f78127411,2022,2022-01-06,b91fd5ed-1e0c-431b-bd4d-0947f67edb2b,1bc4534b-6474-409b-abbd-f840a8dc148f,-9,0,0.7672800110263334,0.5199883841509755
0e73b305-f856-4192-86cb-6123325155d6,2022,2022-01-06,f2eab5a0-4f7f-499a-b807-edd4f40d28e6,afaac3dd-1734-4b48-a2b3-c72d8548f375,10,1,-6.01874859705751,0.31078513672191993
20cac8d6-7db2-4117-8159-9fbc126040f7,2022,2022-01-06,9be3dee8-ee3a-44e5-bf8e-c59a500829e6,cddd6722-8c88-48b6-853a-6481451c0290,-6,0,0.8859428481113972,0.5601463962876326
22e2127f-e9c7-45d9-8b42-429574a30ad7,2022,2022-01-06,d5a14f1d-6220-4af8-9b8a-c8a9ae952d5e,21282287-1619-4d11-9e25-59855bdd5be6,-12,0,2.822768278476449,0.6581628431910074
27fe14f7-4f60-43fd-8f54-ec10e556cf8b,2022,2022-01-06,bf8a4003-12e8-4697-90dc-cf75dfedfeb0,9dc47cce-9b16-420a-971f-5362aaa69dc7,-14,0,-17.37578520213884,0.05097479122403625
2de166a0-d98b-4bf2-bb28-735cfd7d5c76,2022,2022-01-06,b7898dbc-7198-47fc-8098-496c7867351f,ab8cafeb-02fc-4c83-aa0d-dcc530796fe4,-20,0,-12.415095749262075,0.10159836290325107
31d67d4a-0810-4c35-bb37-53405ea67635,2022,2022-01-06,79f44737-6e40-4cba-af63-6ff773df5f36,a8d4a467-9623-470f-9ec3-c15afb497e8e,-6,0,0.7226792255799818,0.5138474433696596
31e5dff9-305e-42a4-a3a1-eedad531ef3e,2022,2022-01-06,242a53a0-47e7-45ed-afe8-61172c29f09d,58041e02-d340-41c3-9f0c-e5e2a5c7a135,8,1,0.1597018878790211,0.5467818828160473
40f31203-ace7-42b7-b09d-c05543440615,2022,2022-01-06,e78e20dd-cddd-4b53-b5d6-62aad4ced9ca,4d587dbe-16e7-4990-a378-a0fc4c2c273f,17,1,4.43209006734358,0.7362630501810445
48f580bb-fea6-4883-8c35-0e52c5c4df93,2022,2022-01-06,7187f894-4dce-4524-b538-b66a892cd89a,68215498-0684-4009-a2fc-93fa21109838,-16,0,5.916045578248927,0.7108579497951194
4c2b6fe0-9d87-43af-aaa2-7227c5898e82,2022,2022-01-06,f5d59c00-1a94-4484-8e5c-c5073ff87ce3,5984bc3b-7531-473e-8087-c5fa390b08cc,-7,0,9.738055151210691,0.8451675039984385
4ee29b0e-a97e-4604-a05d-94e6db7be301,2022,2022-01-06,d7c1086d-592e-460b-9f30-684b14d1097f,d67c23cf-71fc-4b63-b6b9-d41c6e172e4b,-16,0,-13.549782451708023,0.11340032905488222
5610ba83-c2d1-47b9-b92d-51a9f818905e,2022,2022-01-06,8f73f541-6fb8-4ad2-a1c6-e3eef51e7b64,77d10aad-4300-4849-8c55-f92e900358a4,40,1,15.66574686932877,0.9621443226656128
587ed150-ebc2-46c8-bd89-299f0e152780,2022,2022-01-06,61476d05-09c4-4500-a588-2847128ed6e8,3ebbd7b5-f0e2-4fd6-870c-58a45d420f53,10,1,1.6784283836969967,0.5670434597889584
66bc8658-e41e-4f49-a403-0fe86b1e5fea,2022,2022-01-06,d9411158-02d5-4d70-8862-92cec8bfdc49,2678c438-d23d-4ec0-8105-ab3f1c748aaf,3,1,3.1919717393987375,0.6203227722049663
674863cc-212c-4a1b-8d7b-87c1cf11f42d,2022,2022-01-06,0f928622-6fc6-4817-9641-a4366153c8c0,8dfdef93-7be0-45db-8281-e58565dd9d85,-6,0,2.819726400488864,0.53378040420642
6e9ae45b-73e4-439e-9ef7-ec0db4f93fc0,2022,2022-01-06,61d9acae-2486-4e53-82ea-60d146622f34,dddedca4-47e5-454b-b278-b9f2fec5e78f,-14,0,-1.7780063028710056,0.419741340158927
81591722-64c6-4d6d-9f7c-69a7f0a1972f,2022,2022-01-06,8e9f9414-bd72-45a6-8896-59f1453666d6,37f4b484-184e-49ff-b002-89ed33daf72e,14,1,21.576844339414404,0.9765346122266023
94287b4b-7003-41b5-81f2-56655cf62b1b,2022,2022-01-06,2aba779c-997d-45af-a881-44cc87727a3a,4d89f528-9a1e-41ca-beb0-98f913c61c2e,18,1,11.036848314641308,0.8299175333955678
97e665f2-e7b1-400a-b821-0834caee64d8,2022,2022-01-06,f621591e-18ed-471c-92f8-2c4d4c00bb75,98555e7f-2f58-4896-b98e-4edcece8a333,9,1,-6.433766457881005,0.2685953521375944
a33a42ce-9238-4f08-b244-d1a9d43d85d2,2022,2022-01-06,6da558cd-823c-46c8-b91b-4a40b474cc87,b990f4aa-efbd-4625-95a3-376e51ad9f2a,6,1,1.3625095963961191,0.6746950683348282
a33bc43d-25bf-44fe-9227-aa7fcb287442,2022,2022-01-06,644511e8-8569-4c1b-b22e-4bf2710fa9da,7f9edadc-8c22-4821-8da6-0ba70d59bbbc,4,1,-8.621235947120725,0.177335302856856
b5b57461-bc75-4df8-97d8-81834db6d9a2,2022,2022-01-06,9bf29604-a6db-46b0-b81d-92452dc43267,82d1bf41-2f1d-44d1-8022-220c263d6525,16,1,-1.7353763049902282,0.43977373634756695
b838bd4a-d558-45da-b4cc-64bdb27a7eaf,2022,2022-01-06,f4843941-38ec-4607-a565-9eb459007c54,43f1428d-b856-4fe8-b864-8728bfdbaffc,-31,0,-9.740636466550658,0.19334018138267603
bae82155-9d01-454d-8152-4d1921f14d74,2022,2022-01-06,9aed1c9e-7ade-4533-91c5-322e09783a7a,3b495752-ddf1-47a7-8bdf-2625c4bfcce2,-12,0,-0.1535108375895819,0.5774443046591496
c44879bc-da4a-4125-9968-9ed010dcac4a,2022,2022-01-06,77413edc-f997-4807-a4ea-9caf8157da8e,a6f2099b-9086-4681-8ffd-c41cc6f1b263,-5,0,1.4779942049502799,0.5695336172246754
cc2819c6-f8f6-415e-9cad-db499fb0f705,2022,2022-01-06,8b50b68b-b346-4272-bd86-947d908d937f,5e8f405a-2ee1-4230-95ea-420666557eed,-8,0,-1.5290123656731194,0.6030951814699299
da3d17c0-7e8f-4347-a31e-e914002399ac,2022,2022-01-06,c2c0a075-e16f-4aa1-a838-887ef3ba2106,c995f51c-df46-4643-9aa1-3830ce760066,-5,0,9.038178650329714,0.7904942371616992
e2a1f5cd-093b-4ac7-9efc-33bb67f94b5a,2022,2022-01-06,61cad1f2-f187-4b2f-8e53-02eb65eae2d1,254cd687-c2d4-4fee-b5d3-c3ce6a9264e0,-15,0,-7.336655717086923,0.25465284136422645
e45ea0a4-f067-4fd3-8976-0059de2833ef,2022,2022-01-06,89fd2af1-5c8c-4222-8ffd-ce72e55a8579,64820b75-84d5-4b53-8bec-43ee70e03b36,18,1,21.115071067999974,0.9852398454389028
eafa3ddc-40a9-4fb4-baa3-504856a76c16,2022,2022-01-06,af3a149c-e965-41c9-af16-a3dd0322f9a7,fb5884a9-f370-48a9-9000-3b1a4f02f0be,-5,0,7.203541308022899,0.818009737276856
08383659-491e-4650-a94e-cffb45292833,2022,2022-01-07,d25581ff-ffd9-4c81-a946-e99b1de2c3b6,6c96789e-21df-4f43-92b1-8e62705ffc1d,-10,0,-1.7543982039263826,0.44740321740736266
0c6c0c1d-7e79-4ebe-beb7-3748154828a3,2022,2022-01-07,db040d7f-5499-4400-9069-620c27646ed6,91a6fe66-7652-496c-9d91-c9bd2b333b6b,8,1,3.8370971710787116,0.653673794754757
108e6ef5-4374-4aff-b381-4c8324296263,2022,2022-01-07,a5658591-2fd7-4ab6-bea8-70e793ff3f6b,421b3b28-ab05-4462-bfc9-644fc7163e24,14,1,0.670234975385368,0.5611615095550418
19cb6318-48f9-4f49-9a74-3602f30ca6d4,2022,2022-01-07,24dec588-02c3-4c82-9ea6-d467604a8150,71a67ffc-6558-40e0-96eb-79527a541007,-1,0,-8.16826115729512,0.20571258829021868
1ac90d5e-68c5-4d21-9078-1564d94e6e46,2022,2022-01-07,d1893fac-c32c-416c-9aed-0d6c61ad0935,df8bfbe4-f858-405e-bd5a-04f400d2d7f6,-8,0,4.898137032840242,0.674274051463721
43c4bad8-fa9d-4940-bc3f-8f8911304fe3,2022,2022-01-07,5d7eb8c0-4b09-461b-bbc5-e2a032194a74,4e853367-c5cd-4701-9554-38bf174777a3,-28,0,-8.000133723941584,0.20508991419285003
49ef3c63-498b-4c0d-bafb-62b247e9419e,2022,2022-01-07,f4843941-38ec-4607-a565-9eb459007c54,9400f670-2aa7-4099-aa46-ea9cf4724079,-3,0,3.8821706003739473,0.6122352119367956
5b5fff57-f3b8-4ff8-9e7a-dd603eb8984e,2022,2022-01-07,8d6547d3-5ed7-46e3-9ddd-95756f8adf91,96ccc81f-3016-42f2-98b1-6cbcbf6e8d07,15,1,22.66289717459252,0.9815451766876239
65105079-798e-4b19-9143-42405ca38018,2022,2022-01-07,72261a98-a3e3-4f7c-8188-4faf20af42ad,964b0070-5909-49eb-8fbe-c2de5f48fe0f,5,1,3.9339212633951695,0.6979390607461745
6b06e2f9-3778-4c67-86c1-f829e464a9d9,2022,2022-01-07,56c81362-1bcd-418d-831b-74b9b0c4a563,cd9b9678-1f2e-4444-85d3-3269c4b3775a,22,1,4.402685571758391,0.7296849054401312
7a68c589-d06f-4c47-8677-57781bccec26,2022,2022-01-07,53922fed-96eb-4cde-8b45-7f8b7e032cf8,ead00c79-f9ca-4dc2-9beb-0b236dc32ce5,-11,0,-1.8880445142897389,0.4114876062806044
891c08ac-c399-4ae0-b125-7258ded0c381,2022,2022-01-07,0cc63380-151c-40fa-bc6b-76091785d359,909caafe-4b74-468c-a1d3-efd53ab80ca9,18,1,11.049615044813775,0.9128331640378198
8be52fdf-eaf1-4b8b-85ee-0dcbeda32bc0,2022,2022-01-07,f2eab5a0-4f7f-499a-b807-edd4f40d28e6,fd0a26ff-3454-40f1-b8e8-1f0f6f9523db,-5,0,-5.064911587663163,0.3117942447246469
9a4d758b-25ea-48c2-be1c-175300dd1f0d,2022,2022-01-07,43f1428d-b856-4fe8-b864-8728bfdbaffc,5ebd8a2c-2831-4a31-b7bb-6d6e6e1f7ff9,9,1,3.0467470858508467,0.6213496397042902
e4bab1e1-a83f-4d20-933e-ef2cc8b0aaaa,2022,2022-01-07,fc4bf214-f945-46ec-8524-00a3196b7449,e5df557b-d16f-479b-b7f6-db85db97e2cf,-15,0,-4.9479603793098175,0.33428499164493686
ecc781f9-8f4d-4a0f-800d-895c5ca91cc1,2022,2022-01-07,e51ef676-50a6-460e-81a8-b05cdee80c25,1049e433-d23c-4aa2-8581-4bef2ad0715f,25,1,13.655873395914236,0.9188923210755952
00e58517-887f-433b-ba12-d0917bc3c0ed,2022,2022-01-08,d13e3f73-7b13-4e91-9249-09f1e11e488e,3943bea0-341e-414f-8f46-b97e08b5f90f,-3,0,-1.3892834262411966,0.4423999986828603
0460638c-27f2-434d-8a7e-0d8c35223f84,2022,2022-01-08,92665c8e-76f8-4e29-a164-ffd7c8890a33,371a2930-c5a4-405a-bb44-9f22b55ca81a,4,1,-0.7595607299093607,0.5216940599494085
04bae65f-23e5-4b7f-a4f4-048fb04c4132,2022,2022-01-08,c14dbd3f-31c2-4647-b19a-e03839f04ad5,82d1bf41-2f1d-44d1-8022-220c263d6525,19,1,5.6321256329767175,0.7245890174991922
07dfa91f-85fb-4891-bd50-63fb3ee6b921,2022,2022-01-08,14fa05e6-500e-41a6-b7a0-de4b16c4e7cd,eb341503-aa23-4784-af34-3b14bd72fdd4,-9,0,-7.566863576738862,0.23241741830131032
0b2180a8-5f1e-4e8f-9857-98ec74229bb0,2022,2022-01-08,669eb771-4301-4c20-8e17-113d14b6cc8f,2d5a3d36-55d8-4fc7-9050-a067b5a5b3c9,19,1,11.358695108082756,0.8571707959300419
0da7a927-ea83-4d66-a9ee-b2e570472453,2022,2022-01-08,91d1df49-0521-4008-8e8f-c2098944ce2c,f1fa4ba9-17ac-4467-80da-6559daef7a45,3,1,7.546889705590797,0.8108189429192276
13b78a1a-9293-4c9e-b648-95c7b7e41840,2022,2022-01-08,bf8a4003-12e8-4697-90dc-cf75dfedfeb0,9c70f4e7-acfb-484b-8154-f0fa9365a3a8,-12,0,-13.990472475528794,0.07613180664453292
1ac4f289-9202-4f2a-b5bc-560c3f9ae89b,2022,2022-01-08,b553e2a3-5933-4adc-b999-6deb896450c3,d2cb99ee-debc-4e8f-93ba-b0ffd42247ea,-19,0,-6.054820011785678,0.27363901511780647
1be3d888-b789-4925-8748-8fd0a8f4068d,2022,2022-01-08,3f62a009-8c84-44c8-9775-4e3959e17edd,24f1d79c-4241-4c82-bf09-57a159ce81b3,9,1,11.422274732694781,0.850092320887392
1f7ad67d-58d3-4606-8c98-6e45036d62d7,2022,2022-01-08,79f44737-6e40-4cba-af63-6ff773df5f36,d77ce32a-30e5-47ce-8841-52447d9fe891,-2,0,9.196228162093433,0.7970874436518459
20b67e3e-e1d7-4a78-ad68-a9ace01f65c0,2022,2022-01-08,a50b7fa2-326f-4ab1-8bd2-b0bbf4f26d23,2335e299-031d-43e6-9ae6-536cc9177f51,-3,0,-7.287402845661389,0.3161227638912644
20cfde88-928e-42f7-a1b4-015e12b8941a,2022,2022-01-08,5ec861d9-4794-4460-b935-73f51f03efc1,cf2375a7-1488-493a-8679-e8112b47cf7d,8,1,13.68159454631894,0.956188089386378
28eae95a-a3a2-49f9-acce-55e0c65237ee,2022,2022-01-08,a6f2099b-9086-4681-8ffd-c41cc6f1b263,5a26bb55-d02d-4957-be27-861e8036f152,7,1,4.98381643414593,0.7648585934841186
2b8ff3ee-9d67-442a-b116-7b9c04b7d8f9,2022,2022-01-08,1e2d1b39-91db-4949-af7d-13201eafcef8,ee925def-24cb-4b43-969b-4fe42d68b72e,15,1,-0.3566431661244727,0.4433274827435584
2c940c79-3680-4863-aba6-431ff1e49270,2022,2022-01-08,78c4f8c4-d04f-47ed-92d3-34e159fec915,048ae5f3-c6e9-4937-93fe-ec224e17fea2,16,1,9.931592051501402,0.8394574521650966
2e4e11f6-5e14-4e10-bb4c-fb0c4b2848d0,2022,2022-01-08,fb5884a9-f370-48a9-9000-3b1a4f02f0be,e0d5322c-5032-4768-98e5-0b1ffa787a08,-1,0,1.6845434823664884,0.5777271864652712
31cb5267-92a3-4713-8ccf-f4b8c0820696,2022,2022-01-08,add091d3-316a-457b-803e-9b8e145b76e6,c3d3f21f-51d8-4ae4-9285-7209d1d97802,-7,0,5.5599395789287795,0.6862755074034952
3240745a-f80f-4c8d-84f9-6b06cb58a4c9,2022,2022-01-08,9be3dee8-ee3a-44e5-bf8e-c59a500829e6,8af2e3d8-3a2f-4008-b261-30f11908b768,-16,0,-7.8675846466557395,0.18288429843287238
346e80b5-7c3f-4bf8-91c1-da5dbc8fa557,2022,2022-01-08,3ee1f038-4cc3-46de-8651-23f4bd9a99c3,a5e97c6a-a0e1-49d2-b6bc-8903c39ceaa0,-14,0,-2.1457400111877356,0.400837651950663
3bbd344f-9563-4fe0-a03e-6db6f397cdf4,2022,2022-01-08,7798adeb-2809-42ca-b509-02c719168825,95eeb869-4052-4a70-84dc-8178393a6646,4,1,7.94125270430641,0.8370175239381715
3e872f2e-3fbf-4f2c-88e3-95cd28621f65,2022,2022-01-08,bd64a96b-c6bd-4f04-ac87-79bec2f197d8,9acbe680-5f94-47da-926d-51e1465fc500,-2,0,11.982959893668681,0.877559981695438
3f2595ee-b509-4906-8d74-f91b22598c5c,2022,2022-01-08,23ad3833-572d-41e9-8cc5-961b2db50d2d,3b36f988-af5a-4761-a417-f496a2137c3c,-16,0,0.5871043930921016,0.5403706089024694
3f9179a9-73b1-4e8e-8607-7eb2af562859,2022,2022-01-08,a5658591-2fd7-4ab6-bea8-70e793ff3f6b,96ccc81f-3016-42f2-98b1-6cbcbf6e8d07,-4,0,15.341770120798495,0.9389581837993276
40a77da1-37b6-41d5-92d8-6f68a13b132c,2022,2022-01-08,3e7063d6-a6e4-4aa4-8e77-044c9f5fc21a,94d0d44c-b426-4381-9d58-bffb34c097f5,10,1,3.538922596025299,0.7009441993040025
45ace8e0-20b1-4d61-87ca-a96d697df159,2022,2022-01-08,12414365-9349-4a1b-a319-34a8ad92f7e3,0a370edb-2194-4979-ad23-d796fb97dfb3,25,1,6.1516285313495604,0.755762144272638
489e7332-e9d2-450a-9dd9-86343fd41922,2022,2022-01-08,9bf29604-a6db-46b0-b81d-92452dc43267,c73565a9-06c6-4314-b7e1-3659db4cf00c,-4,0,-13.428446985984566,0.0630623753131357
4e75010a-626c-4413-a4f8-bfbb33b830d0,2022,2022-01-08,ca2c8cbf-6e05-45fe-8697-30f46c2f58b1,94a64c9f-34df-480e-8ac0-1bad98ef2a11,18,1,17.388017362218342,0.9666972482253194
4ed1070d-9c59-4aaf-9c00-e8d18292c9d8,2022,2022-01-08,5bb511d7-5a12-40d8-83d2-8be20bfc33d4,97a440d7-b0b9-4fd1-9da8-6460649da714,3,1,4.702052075690238,0.6806616239334631
4f5e56dc-1870-4bbd-92c1-7d3046b2ba14,2022,2022-01-08,bdb5791e-8da5-4640-82cf-7354e2f02b3e,0ec0fe2d-cb25-483b-aeb2-0f12af2160c7,9,1,-3.3868570834321705,0.3921993789068223
55cec19f-2715-4fea-91ea-56cbeffea639,2022,2022-01-08,e78e20dd-cddd-4b53-b5d6-62aad4ced9ca,ceed979f-ef7c-4eee-a2e7-fc66ff70bbc1,-8,0,-5.545285592794408,0.30246820245000894
5619fea2-6760-43f9-bd28-d3e9518932c8,2022,2022-01-08,5870d352-4930-4235-9c03-7bcded7ae342,7dfde2c4-2d03-47ac-8d87-e6480afb8a99,13,1,11.726886000708273,0.9020130911890161
5bf47fc0-ff8c-4f18-b338-5a9b0a7ec05e,2022,2022-01-08,d5a14f1d-6220-4af8-9b8a-c8a9ae952d5e,b7898dbc-7198-47fc-8098-496c7867351f,3,1,11.216124965531401,0.8927813313663164
5e46cfcc-1492-4eb8-972b-dfbc3e4dbdef,2022,2022-01-08,8ab33314-bb5c-4e60-b515-3564c813ae0b,01167cd7-9c6a-4860-904c-78f7c777ba81,-10,0,-9.849674713748309,0.22493899022392538
5e8441c0-b63b-49e6-afcd-0c0e5a6b0b1d,2022,2022-01-08,0c933bdb-bf23-4a17-ae1a-f28978a95152,3b495752-ddf1-47a7-8bdf-2625c4bfcce2,-16,0,-6.743171839527325,0.29087730480760726
5fe3ce54-af47-4143-b85a-b0c397de7807,2022,2022-01-08,6726544c-ad23-4d1a-adfa-1a94c2e10a96,ead00c79-f9ca-4dc2-9beb-0b236dc32ce5,12,1,4.561315245193536,0.6452303410426876
693b1aaa-0567-4fcf-a257-8998348433b4,2022,2022-01-08,5b82e9f9-21f5-4736-8307-b4bd280dd3c3,77917ea7-df52-4378-9975-57dbd680815e,-9,0,6.062077266777275,0.7586623918560217
6b1fc583-e51f-4f85-a228-8d3afa95397d,2022,2022-01-08,0c1c2a64-13fd-4f6b-b1b1-2f9290dc2295,e40486af-12fa-47cc-93aa-4b196b7f5bbc,-2,0,9.088847887193376,0.8653960652248912
6d4958d6-e154-43a8-9bc2-0582d1e757d8,2022,2022-01-08,61d9acae-2486-4e53-82ea-60d146622f34,89fd2af1-5c8c-4222-8ffd-ce72e55a8579,-8,0,-11.95489675541714,0.08475675632032263
6eee4e5a-8534-40b5-99a3-f67ae5759e08,2022,2022-01-08,b394d3b3-e9a2-466b-abe0-89cda8e8d669,62080182-ef8a-4907-90ca-00df4cec4e3c,12,1,10.772656374650921,0.813624854749511
701c4b6d-95d7-4def-901b-0c89ada97b57,2022,2022-01-08,d34afafa-d43d-432c-98d1-72ab0aa8a823,29398553-f42a-4873-9321-4c772f7dca42,34,1,35.91412738713299,0.9883201067241704
71681076-8321-47e9-b591-b49a2a4a7bf3,2022,2022-01-08,9400f670-2aa7-4099-aa46-ea9cf4724079,afaac3dd-1734-4b48-a2b3-c72d8548f375,-1,0,-8.400870037512977,0.20104199188319816
72378abc-2ea9-4df0-bf48-c3e1ad632604,2022,2022-01-08,b32dbb42-380c-448c-b510-ee949569ffd4,75755c79-6aec-4154-b1f8-2337fd4a06c5,13,1,-1.5966146670312649,0.4589534196957059
732396b8-0b92-435b-84b2-7e936edc496b,2022,2022-01-08,e61ea85d-a57e-4621-930d-0b0e653eb2c7,81c35070-ad3d-45bd-8fcc-5a8c73a46ba3,-11,0,-1.0818426548595705,0.4200598125705272
741a2f8f-b89b-44a4-a505-4fbc897c9a30,2022,2022-01-08,240cc087-ebae-4133-9c14-cb46ebe54b97,31edfcc1-f627-47cf-9ca0-61370f3261d2,13,1,-1.4567942769004865,0.4902597972653804
75bf198c-32ec-400e-a904-6baa93348c68,2022,2022-01-08,03b227c1-5813-4ee2-b7f7-34094db05200,ff725b84-1ca5-43ef-be84-cb70a6494dab,13,1,7.420280681606102,0.7785733524637666
7ae6bbf0-d343-422b-a5d6-dfa1aed8558c,2022,2022-01-08,61476d05-09c4-4500-a588-2847128ed6e8,5e8f405a-2ee1-4230-95ea-420666557eed,15,1,-1.1675339730991057,0.47073539052923
7d078c69-f937-4d7f-99c6-415f2e5be383,2022,2022-01-08,cc1716b8-24e4-49d7-8778-964affd58954,4d299953-da89-4561-afe6-d0a2222d454e,12,1,-3.377455329032825,0.3821767050685719
7ff06d5d-d1d6-45f7-b489-3150624f3dae,2022,2022-01-08,d4de33b3-cd7a-47bd-bc4d-da1381432ffe,31503e00-902d-4881-a3a5-52c5415e0e2b,-7,0,-6.623101849819207,0.2109374040044579
83e490e4-ce58-43e8-8a37-afaed0869763,2022,2022-01-08,5ebd8a2c-2831-4a31-b7bb-6d6e6e1f7ff9,f2eab5a0-4f7f-499a-b807-edd4f40d28e6,13,1,6.850610908780153,0.7481760401043263
85713ea9-3680-4975-98f2-4afed65b5e81,2022,2022-01-08,9fb581b3-9267-4861-a01b-51b7e751ca68,cba4f27f-e547-49bf-bbb3-2983917351a2,30,1,6.146925720891587,0.7469973920380397
87bb7903-e53d-41a5-8cca-4c07a2094576,2022,2022-01-08,6b68cf86-676c-4d12-958b-f2b9da02a5a1,4204a542-7881-4f83-972a-7567cb51cc3c,3,1,-0.5198602592675496,0.43514467302997917
8883451c-4ea0-46b6-8852-8c3dc07f2d36,2022,2022-01-08,bf8f11f7-2ca6-48bb-ab7f-58720df6451f,f1501573-e854-43f7-9346-e94fa60ac4b7,-4,0,3.4909261656917407,0.6085847335579458
8aaab381-1ace-4bcc-8710-c01717e7d073,2022,2022-01-08,29263387-625d-4270-b420-6066c840fbe3,be639f4e-dcad-4737-8fdc-2740207d65e3,3,1,-1.0468757140512521,0.4257639083226617
92cf6098-beb5-4089-810d-dfadf8f428db,2022,2022-01-08,ff948b57-cb4b-42da-a899-37fa5c8a6d86,c3603958-de3f-4014-9dd0-d9c4c84dd226,-12,0,-6.87833128732708,0.2587918781763196
941f576a-eed0-4684-b599-045d5bba86a2,2022,2022-01-08,1bc4534b-6474-409b-abbd-f840a8dc148f,c995f51c-df46-4643-9aa1-3830ce760066,-11,0,7.122230726979189,0.7343722868281168
94791903-6678-44c5-b4df-ca054b0bfb43,2022,2022-01-08,2bf13d1a-4738-4039-9d08-49f17859d4eb,1e46f177-0551-4da2-8f3f-c683820ed5f9,10,1,16.15741519669781,0.966764719994824
948589d5-4d7c-417e-901a-4df4f41fe811,2022,2022-01-08,b773a5ad-3d34-4658-a942-6e2836f04e3b,5984bc3b-7531-473e-8087-c5fa390b08cc,1,1,2.6344241219758824,0.6377479047187579
9a0e54a8-0467-493d-bcfc-9e55d84c846b,2022,2022-01-08,6081d978-c3cf-482e-8374-c40b212242c1,3411d575-6a72-4b22-885f-e90bac6bdd28,15,1,27.105584846772363,0.9866895706891387
a416e0e9-2884-4e3a-a9f4-956f964b9193,2022,2022-01-08,4bd089fa-104e-4a99-a39a-1af78fc3e611,1e89fbf7-1862-4050-b61b-f4de4a9ae045,23,1,13.164299048403304,0.9125900899365387
a7f2eb5e-4e5d-4ee2-a31d-912c3ca4d2ee,2022,2022-01-08,bbdc8c62-dfe4-4e42-9ca9-ff85d375faf9,4090fa15-7788-40ba-95cd-6c5cba85e91a,-11,0,-8.561749351140035,0.19567543104675678
aab4bb57-caee-4d83-91f8-1c0455e31b17,2022,2022-01-08,43f1428d-b856-4fe8-b864-8728bfdbaffc,fd0a26ff-3454-40f1-b8e8-1f0f6f9523db,-5,0,4.389834243824316,0.6424507038633176
ab82aee0-ce30-4e70-b632-54f643ab6a62,2022,2022-01-08,68215498-0684-4009-a2fc-93fa21109838,8f73f541-6fb8-4ad2-a1c6-e3eef51e7b64,-26,0,-13.094077460971649,0.08147673463543466
b33832de-31b9-4806-b90d-ad703bc70122,2022,2022-01-08,28669a26-792c-4843-ad64-6f16da03d389,9020eea9-bced-4c46-9f85-8bbdff3393c5,8,1,2.659720342306307,0.6085838670509963
b4d28c5d-b9c1-43a2-9e34-0d3349c8c8fa,2022,2022-01-08,7187f894-4dce-4524-b538-b66a892cd89a,77d10aad-4300-4849-8c55-f92e900358a4,11,1,2.809902147372788,0.591798705554369
b4d4c5a7-e6e2-4b23-a229-dada53f4e4d4,2022,2022-01-08,a270ed0b-d820-42d4-8101-f2bf9e25042c,0efb1176-dc90-4109-b141-5025fc424128,-2,0,2.1896318147498084,0.5977944773406023
b589cf07-0a50-4d55-9f8b-f088526a23be,2022,2022-01-08,f4045f82-f9ab-4d14-867e-496a744ac26e,4bc4f625-be38-4da1-919a-c43bedce10b4,6,1,-4.212338927204411,0.3526476921962652
bbb29746-4c7f-48ef-a2ac-c6e4be0e53d1,2022,2022-01-08,a313a13e-7ac3-4c73-8872-6d424a253480,3ae40137-6b36-46a4-99e9-3ea88255660c,-5,0,-4.265164413726779,0.3766682900796595
c3d77a6b-50a1-4c16-9bfc-37f74946cde5,2022,2022-01-08,42f97a12-c358-47bc-8b1c-e20878be4a05,2454a2fb-1f07-489d-8ee9-b4313e7e775b,-2,0,7.199264303634854,0.8016106698223006
c5a05e51-d78f-44bd-840b-d5e7379bbff4,2022,2022-01-08,697f7fa6-4d64-4abb-8310-9f310c49ad61,bdcaae22-ba48-4546-82af-ca21a229c276,9,1,6.994489686419516,0.786472821809892
c749b585-a737-4f3d-89bc-d9331fb1fa97,2022,2022-01-08,7c264f4b-0e3b-448a-a195-c16c164a624b,254cd687-c2d4-4fee-b5d3-c3ce6a9264e0,-1,0,0.9801290153874264,0.4988079767623485
c8ceb178-8ab6-4fdb-af97-8332403e19d7,2022,2022-01-08,242a53a0-47e7-45ed-afe8-61172c29f09d,b990f4aa-efbd-4625-95a3-376e51ad9f2a,-7,0,-1.4102129194108026,0.41695547141928285
c98970f2-347b-457e-98aa-f5a89df68b10,2022,2022-01-08,4184e3dd-c499-4f67-b148-fb0c4342d564,c2c0a075-e16f-4aa1-a838-887ef3ba2106,-2,0,6.855530305961291,0.732940804473225
ccca44b0-636d-49b9-93ac-a203d6514f39,2022,2022-01-08,37f4b484-184e-49ff-b002-89ed33daf72e,b91fd5ed-1e0c-431b-bd4d-0947f67edb2b,2,1,1.5548681498730685,0.5630154861922821
ccf020d7-e57f-43ad-aac9-e22148e81ed7,2022,2022-01-08,77413edc-f997-4807-a4ea-9caf8157da8e,f9beb22d-1a30-4dc8-88ac-4737870b7e69,15,1,21.477106430325627,0.9779801491805715
d07d5081-3aa0-4f0e-8d1e-744db3b84fd3,2022,2022-01-08,644511e8-8569-4c1b-b22e-4bf2710fa9da,8dfdef93-7be0-45db-8281-e58565dd9d85,5,1,-10.620711948556718,0.12211969196013875
d2c1784c-b422-4bd8-aeb7-4232c8690bc3,2022,2022-01-08,f8490c90-4ca1-437a-93da-114f5dac0426,b23fd4b9-0101-4a30-a8df-10760e1f4bfd,31,1,15.906180121745225,0.9465697730031637
d359c821-7c14-4b59-9da4-b97ac4f1c520,2022,2022-01-08,b31491f2-919b-4ff0-9274-11397e369e22,51c9ea8f-034d-41b2-8d67-b519b3d48286,19,1,13.064596344003016,0.9059016138659852
d93c5555-b987-4e9f-9fbc-2247d73a3dcc,2022,2022-01-08,5953232b-95c2-4915-a150-ed30d3fdc96f,d84fbf05-f799-486b-956e-f0500927e1d0,10,1,1.795438689151351,0.5997537837042586
d96c59ef-5f1a-4f25-a86b-bd6ffe5fa391,2022,2022-01-08,0b986199-3ea8-40ba-98dc-8a54b3509609,31a85828-d084-442c-9cbf-1f706ab87f57,-1,0,4.579097057019718,0.7145288456063504
d9b9e86f-40fa-436d-a10a-ea23cb4b4e68,2022,2022-01-08,8de64d3a-4bae-4d2a-a4d2-15ec6583f6aa,43fdfa19-1583-4159-9c0e-1e88e231b35d,3,1,4.829147038659655,0.7348423612579877
d9c42a02-e90e-4484-9cab-addcfbbed356,2022,2022-01-08,92249853-0b54-4944-8955-34bc02003e54,3157f4b6-4b11-46d9-beb5-cef7c68fd1a5,-14,0,7.983760222130224,0.8054732678152201
d9f579a3-75e2-4396-838f-ab4f55c79108,2022,2022-01-08,0f928622-6fc6-4817-9641-a4366153c8c0,7f9edadc-8c22-4821-8da6-0ba70d59bbbc,7,1,6.968479749814626,0.7933779140488012
dbc5dff8-74d5-4207-b73c-7d2f0a3b03a3,2022,2022-01-08,ec2fc7a9-a3eb-4e36-9404-f156e2f997f5,1094d4ab-e85f-461d-8ef2-525fd92ec80d,-17,0,3.2556021109354356,0.6377540561941906
dce159f8-59e2-4ce3-b935-9aa8e98efa8d,2022,2022-01-08,2bdfedb6-38f0-4eb8-baaf-2965a942cb85,f3d329ca-1b85-47f6-a871-b80851fdc6d7,15,1,13.093276548517654,0.9230243462313709
e08a47df-72bb-49c0-9838-686363560810,2022,2022-01-08,a8f76e24-7f09-4727-b40d-6834e4fc0829,cc4eefaf-2887-46d2-920d-d97a8f3df18c,-13,0,-5.746035356210511,0.32615363011307763
e116a182-119e-42e7-a4f4-37080fc4fc16,2022,2022-01-08,d7c1086d-592e-460b-9f30-684b14d1097f,4e23c371-72f3-4986-a8c1-e7798c5dac70,2,1,-3.0125717368944467,0.387192068873295
e3692e11-2825-4ba9-b138-323c5693584d,2022,2022-01-08,fbb275ea-bf78-4cdf-ba66-538cd9722ef8,54514b3e-2558-4e69-98f9-b1f97fc17835,1,1,9.308644294578054,0.8068971053745514
e3c5ef08-fb70-4719-8e5f-b4737eb4cf84,2022,2022-01-08,5820546f-7b8e-4593-afc4-fa098623f568,d0a4ad01-cd4c-462a-a303-d94d9c7c79fc,2,1,-5.514048364150529,0.30398496861205165
e47e4994-a6f3-437e-95fb-6c93a1baab7e,2022,2022-01-08,1c994624-ca30-44fc-97cb-9a0aa481ad72,1235749c-6be5-439f-872d-e0a85682aef6,-1,0,-12.017248787094733,0.10052589299443161
e7c10be0-450b-4f73-9205-4765513e9bf0,2022,2022-01-08,e31be871-e6af-43f9-9cf9-865a275b7e6f,00366c32-204f-4176-9a22-20555a1e6363,5,1,-0.9997941247110054,0.522423234790877
e96da307-cf34-47da-88c3-88e089721abc,2022,2022-01-08,2aba779c-997d-45af-a881-44cc87727a3a,7dd2d410-1958-49f9-8b62-e7cc25e3c647,14,1,26.24274303104401,0.9879826138548187
eaa51b0e-a956-4ae5-8c2a-efa229ff395c,2022,2022-01-08,b0fa4996-a909-4fd7-ba9e-8f180716f7f3,86391a21-965e-44e8-819b-837cac02859b,28,1,5.824452837569356,0.7045582174533886
f2172383-7099-40e1-b077-cc6efdae5673,2022,2022-01-08,054be086-7ef6-4006-880c-01ed91db37c3,af3a149c-e965-41c9-af16-a3dd0322f9a7,-10,0,-0.8042838873364789,0.4687944858460604
f428ad24-c7f9-4c77-9d7e-915a9c93b09a,2022,2022-01-08,9aed1c9e-7ade-4533-91c5-322e09783a7a,1fac2552-eeff-489e-85f1-ce8abae4b5d3,33,1,13.17458997710391,0.9429002234903773
f4a760aa-6c79-4ad6-b4f0-205fdbc15e86,2022,2022-01-08,64820b75-84d5-4b53-8bec-43ee70e03b36,dfc3b54f-3b20-406f-a673-33061db4e3ba,-5,0,4.6752405583881265,0.6742099038813804
f6428363-bfb5-40ff-905a-851ba9198518,2022,2022-01-08,fe829304-1347-442c-85ad-2139be36330b,1ff4fd9e-2594-47e2-8b06-66ad2ca3fcb6,-15,0,-11.595877197295316,0.12759641659122978
f689683f-9d83-44d3-a756-9500d2d15e7a,2022,2022-01-08,1607fc40-d48c-4c58-9fa8-96e3f20a5137,95fd11d0-8e48-48f1-b7fc-f03fe1bc8c84,-4,0,-5.155861351809559,0.31720342646319866
f9006cfa-1327-4b14-aaf1-1c11a952a977,2022,2022-01-08,793f775a-aec3-4741-b86e-4c8e079f74a4,d99c752c-71e0-431a-b0b7-143707bbc110,-2,0,7.489795943321774,0.8098031071812735
fb15ccf3-e56c-499a-a649-dfcd0094ae94,2022,2022-01-08,b101bc61-0628-4298-9362-c2e546437032,0724bbd2-14e4-4069-820d-16f4dcda5df5,14,1,12.508369366511104,0.9128933341761979
fd637c4e-421f-4006-8997-9b2ea16df4bd,2022,2022-01-08,8d6547d3-5ed7-46e3-9ddd-95756f8adf91,421b3b28-ab05-4462-bfc9-644fc7163e24,2,1,11.25108202397213,0.8455486802639671
0c8381b9-1750-46db-944f-3b558dcbc400,2022,2022-01-09,062eb8a6-996c-4619-9ba7-498cdd009dd6,ef3d2fcf-bc17-49a6-84e3-cc117e8fc095,10,1,7.53081671304046,0.7868521113713751
300324a7-7b31-4dca-9aca-6407274857f0,2022,2022-01-09,e0d91570-7fe4-4dbd-b6ba-f6ce261fd58b,28760428-230c-4858-9d2f-0ff8e804da52,5,1,5.204011006712169,0.6836417396076944
41959000-8490-4027-bf1d-4eae05f19b55,2022,2022-01-09,ab8cafeb-02fc-4c83-aa0d-dcc530796fe4,21282287-1619-4d11-9e25-59855bdd5be6,7,1,9.765287446965845,0.8439978059301128
4cc790cf-fdb2-41bb-86bb-37ff536fe6d2,2022,2022-01-09,16133dd5-c118-4a85-999d-20451d1fe132,1049e433-d23c-4aa2-8581-4bef2ad0715f,21,1,11.834607279626873,0.8902754015999866
696b5cf0-e0ac-4c5a-93cd-0f94d6d6cbba,2022,2022-01-09,1b846bd7-47c9-4bf6-ab08-e44d968a34f8,f621591e-18ed-471c-92f8-2c4d4c00bb75,-1,0,2.368024480126387,0.6311121742470008
88273ab3-f0e9-4f6b-9517-46ca99e8c09a,2022,2022-01-09,fbf897ee-41aa-431f-8ef5-0ea7cbe2a05f,ded40384-d167-4ba1-93ad-2fbaa4def151,4,1,8.884091784940486,0.8042096976103519
8bcda359-cf06-4275-851b-f40c9484f67d,2022,2022-01-09,24dec588-02c3-4c82-9ea6-d467604a8150,6c96789e-21df-4f43-92b1-8e62705ffc1d,-6,0,-8.194399732971764,0.1821715278071558
a553381e-d121-4663-9394-fe4bd0c5f407,2022,2022-01-09,af6d34e9-4be7-4fc4-b61d-28a000704daa,73339436-3261-4171-9cc8-854b8e176836,-7,0,-3.5460298877846594,0.36144862386894444
c9fa1db1-992f-4c04-ba78-8830cb8fe7d8,2022,2022-01-09,eb038e9a-e14d-41b3-b26f-804fde52e571,7bb8a634-d969-4ec9-b472-8294b1782684,8,1,7.625242329125805,0.8081481103319097
d55148a9-85df-4932-b06f-41232ae1d631,2022,2022-01-09,f9a723a0-1697-4175-8193-97f2f8906c0f,6bb1093f-59ab-4de2-9cae-c257b87d56e4,13,1,12.794374582040362,0.870787972546349
e65a886e-2e07-4f21-b3a7-65fb2c02260a,2022,2022-01-09,d25581ff-ffd9-4c81-a946-e99b1de2c3b6,71a67ffc-6558-40e0-96eb-79527a541007,-6,0,-2.228266297643717,0.4142812829682098
eea5c1e3-ffc9-41ff-a5d0-9297140d9229,2022,2022-01-09,1552f5fd-a3ac-4947-93d8-08bdf1a77f93,46716039-e26d-4d19-a17a-35eec7c36cb4,7,1,0.32822649605791976,0.4901334419531249
fb10e2b3-f6db-410c-97a6-91f4b7b2a4f7,2022,2022-01-09,99236a96-dba6-4b76-96ca-1b8bc30149a1,57a961fc-fabe-43a1-bd3f-78858a193715,3,1,11.096488412108291,0.8846304511114358
1b74cd9a-e146-428e-8e88-9e6f04b390d8,2022,2022-01-10,add091d3-316a-457b-803e-9b8e145b76e6,ee925def-24cb-4b43-969b-4fe42d68b72e,2,1,4.2784792690476525,0.6770560126976312
4ed3cfdf-20b9-433f-aabd-56136eac3f7c,2022,2022-01-10,82d1bf41-2f1d-44d1-8022-220c263d6525,2d5a3d36-55d8-4fc7-9050-a067b5a5b3c9,-7,0,-10.070368475675902,0.17845068317784485
66b65079-b256-4c51-905a-3d0cc1e36357,2022,2022-01-10,e61ea85d-a57e-4621-930d-0b0e653eb2c7,0a370edb-2194-4979-ad23-d796fb97dfb3,18,1,6.327294670824004,0.7501411482568886
66c90ec7-883d-4b62-8e25-edecb060db61,2022,2022-01-10,553733fe-ac6e-4397-9188-b27a01824e73,9bf29604-a6db-46b0-b81d-92452dc43267,3,1,11.810017092390469,0.9328158986846583
67ffddd1-0ad3-4945-808f-f487d2dbe068,2022,2022-01-10,0f8a15c4-f4b7-4335-a429-ae233bf4aa41,37d32b57-ae72-4669-9669-a71097de1196,2,1,10.852356510497698,0.8523963158965596
6a35d184-8fd7-4de9-acb0-044af7121f3b,2022,2022-01-10,29398553-f42a-4873-9321-4c772f7dca42,f9beb22d-1a30-4dc8-88ac-4737870b7e69,-10,0,2.9306130476772005,0.5599437561623365
783aabda-1cf1-4295-b403-0cba28c85dac,2022,2022-01-10,b31491f2-919b-4ff0-9274-11397e369e22,9acbe680-5f94-47da-926d-51e1465fc500,37,1,16.152038183674204,0.9484133928500257
81fc8b4b-8c20-4cab-8c56-e9260cf1fd9d,2022,2022-01-10,df8bfbe4-f858-405e-bd5a-04f400d2d7f6,909caafe-4b74-468c-a1d3-efd53ab80ca9,4,1,10.546401918363674,0.9030618037074818
85eb9c1c-5e63-47ca-8389-11eb00758669,2022,2022-01-10,dcf098f0-7fc0-458c-95fe-c6f0743b4274,56c81362-1bcd-418d-831b-74b9b0c4a563,19,1,12.752973332064446,0.8852354095894002
942a0d5f-1022-414b-ab14-f69b2d2037f1,2022,2022-01-10,bd64a96b-c6bd-4f04-ac87-79bec2f197d8,51c9ea8f-034d-41b2-8d67-b519b3d48286,17,1,11.41471399242386,0.8681043023405677
95346108-aaf4-4290-bfc7-951aee4a1e37,2022,2022-01-10,7dd2d410-1958-49f9-8b62-e7cc25e3c647,4d89f528-9a1e-41ca-beb0-98f913c61c2e,-2,0,-9.580370929948293,0.19771603927263265
98a3b3a6-408f-40bd-b185-e07eb23d2708,2022,2022-01-10,3b36f988-af5a-4761-a417-f496a2137c3c,81c35070-ad3d-45bd-8fcc-5a8c73a46ba3,4,1,-1.9975737609845168,0.4110404634589888
b2c5d96e-ed19-4dd5-99ea-dd9b9d5e86f8,2022,2022-01-10,77b07047-6507-4cf4-85a5-4c69fc0c453f,d1893fac-c32c-416c-9aed-0d6c61ad0935,-26,0,-6.356768886937207,0.22885869482897297
bf395a15-388b-4a5f-8011-90bbce958bc9,2022,2022-01-10,3ee1f038-4cc3-46de-8651-23f4bd9a99c3,0efb1176-dc90-4109-b141-5025fc424128,9,1,7.030359306541335,0.7432458667237918
c484e3a1-7731-4161-b606-0e22e79f82ad,2022,2022-01-10,a270ed0b-d820-42d4-8101-f2bf9e25042c,a5e97c6a-a0e1-49d2-b6bc-8903c39ceaa0,-10,0,-0.677868196900645,0.3992063435383681
c89bfc2a-62e7-49c0-bdad-e0feaf0952d8,2022,2022-01-10,964b0070-5909-49eb-8fbe-c2de5f48fe0f,0cc63380-151c-40fa-bc6b-76091785d359,-14,0,-6.530238900060191,0.2278996628361003
d46f73c2-3520-45b5-a2ac-ea65f614ad8a,2022,2022-01-10,1e2d1b39-91db-4949-af7d-13201eafcef8,c3d3f21f-51d8-4ae4-9285-7209d1d97802,-10,0,-3.218850880570749,0.33484856556038217
ddfa9858-4cad-4ba7-805d-396a8bc04776,2022,2022-01-10,c14dbd3f-31c2-4647-b19a-e03839f04ad5,c73565a9-06c6-4314-b7e1-3659db4cf00c,-18,0,-2.1731186177894055,0.41425365214787097
e8f7d9ff-ee46-4d35-a5c7-978dae14f611,2022,2022-01-10,cd9b9678-1f2e-4444-85d3-3269c4b3775a,72261a98-a3e3-4f7c-8188-4faf20af42ad,8,1,7.2542532238346515,0.7928481891309016
f6a890e2-ed7b-45fc-9d71-2948c1d8a7e1,2022,2022-01-10,f22782cc-03b3-4a0e-a189-8305ebe19b87,2a26048e-30fe-47e7-99d9-913f28dea879,-2,0,-9.51416291827574,0.18640775753172983
0022332a-8090-47ce-a456-96a456f9a30c,2022,2022-01-11,5f19cada-0d6a-4a64-bf90-7be104537c24,42f97a12-c358-47bc-8b1c-e20878be4a05,15,1,12.591864217278484,0.9304824065761863
067efc18-eaaa-493d-9085-020fa18160c5,2022,2022-01-11,a6f2099b-9086-4681-8ffd-c41cc6f1b263,d13e3f73-7b13-4e91-9249-09f1e11e488e,7,1,15.764059716373124,0.9259078864849215
104962a9-9299-4b16-9b99-5de0305e12be,2022,2022-01-11,46716039-e26d-4d19-a17a-35eec7c36cb4,54514b3e-2558-4e69-98f9-b1f97fc17835,-4,0,-5.064156712463254,0.29481251684243887
1d3b2db0-22c4-4aa3-a6f9-f98266c769f2,2022,2022-01-11,75755c79-6aec-4154-b1f8-2337fd4a06c5,03b227c1-5813-4ee2-b7f7-34094db05200,14,1,6.832648848501557,0.7637069111533521
22c6403a-b2e1-482f-aa6f-21a7b22cceff,2022,2022-01-11,371a2930-c5a4-405a-bb44-9f22b55ca81a,f8490c90-4ca1-437a-93da-114f5dac0426,-3,0,-7.0589698789636435,0.285443178985534
2cdccc8f-49d2-44cf-ac25-fa9d303ca91d,2022,2022-01-11,cd84e158-0ec9-44ce-872b-e44a595a4e37,b7b950c6-b603-4afa-afd6-ed15293d3523,-14,0,-9.844485420816076,0.09838360058613149
34b2278b-6285-4e33-b8d9-b703b789e0be,2022,2022-01-11,29263387-625d-4270-b420-6066c840fbe3,2454a2fb-1f07-489d-8ee9-b4313e7e775b,7,1,8.939026678868114,0.8359822119536918
4201748d-5ad9-44ed-bcc6-a6099e8b5a49,2022,2022-01-11,743e2828-8a80-4168-9d8a-f8cc1d9b0b9a,dddedca4-47e5-454b-b278-b9f2fec5e78f,6,1,-1.6652905442879897,0.5365653609984593
5ed8534b-a1f5-4d4a-bebb-cc24eb6d1033,2022,2022-01-11,4bc4f625-be38-4da1-919a-c43bedce10b4,b394d3b3-e9a2-466b-abe0-89cda8e8d669,-4,0,-1.7861018149722725,0.44704615698495526
68ca560b-e273-422b-bdc5-740564782bd8,2022,2022-01-11,4e853367-c5cd-4701-9554-38bf174777a3,fe829304-1347-442c-85ad-2139be36330b,11,1,6.100115466998795,0.7410540991611082
6c3a7d5f-14c1-4ccc-a298-f8c2b156fb61,2022,2022-01-11,5018dfc0-8279-4a3e-b376-b7606f612a00,a50b7fa2-326f-4ab1-8bd2-b0bbf4f26d23,29,1,9.126071824829932,0.8486907459018189
6f569629-d226-4495-ba4a-dc83693cfca5,2022,2022-01-11,8de64d3a-4bae-4d2a-a4d2-15ec6583f6aa,b32dbb42-380c-448c-b510-ee949569ffd4,10,1,-0.29964960808510416,0.49205929502328144
70d0fbb7-b1b8-4140-a372-00063a6139c0,2022,2022-01-11,e9770216-1dda-4db8-bc54-264a782d40b3,dea85f83-4470-4a0a-934c-553c4722d079,-4,0,2.4798791742395103,0.6474173092229532
821272ae-93c3-47b2-8af0-bf8577772e5d,2022,2022-01-11,af6d34e9-4be7-4fc4-b61d-28a000704daa,57a961fc-fabe-43a1-bd3f-78858a193715,23,1,-0.10590172692722316,0.5328671590083214
8311013c-adf4-47ed-ada3-d03ce0bee9de,2022,2022-01-11,01167cd7-9c6a-4860-904c-78f7c777ba81,28760428-230c-4858-9d2f-0ff8e804da52,5,1,15.931973053919755,0.9402136358710264
98b0a4c6-8ead-486c-b660-68a85c7ce317,2022,2022-01-11,c01c9fdb-95d5-43c7-b905-8bf714226631,ef3d2fcf-bc17-49a6-84e3-cc117e8fc095,12,1,1.4752936261431056,0.5666211131698851
99672a03-5c6e-4a32-aa1d-a8c8adb414fc,2022,2022-01-11,c3603958-de3f-4014-9dd0-d9c4c84dd226,28669a26-792c-4843-ad64-6f16da03d389,-3,0,3.4177314093447535,0.6714110061528993
a57f2693-4c30-41a0-bbc8-a9db46b01736,2022,2022-01-11,31a85828-d084-442c-9cbf-1f706ab87f57,af1bfe66-a343-4c46-94f8-4c670ce2c8d7,6,1,12.243249325593192,0.8637416805515146
a7d6a049-af15-4212-9121-bbafdae02779,2022,2022-01-11,a8d4a467-9623-470f-9ec3-c15afb497e8e,bf8a4003-12e8-4697-90dc-cf75dfedfeb0,11,1,15.656040755411922,0.938334279706317
b5d6aa90-fd46-413e-b20e-ca8a15047ab7,2022,2022-01-11,793f775a-aec3-4741-b86e-4c8e079f74a4,6081d978-c3cf-482e-8374-c40b212242c1,-12,0,-8.15365066621614,0.19763175566754976
b87ecd1a-c999-4d54-9c43-9c4739712734,2022,2022-01-11,c5a3e484-778a-41ce-abc4-7ff9ec51ca4a,fbb275ea-bf78-4cdf-ba66-538cd9722ef8,5,1,5.327204590489739,0.6970975640026817
b89d2f70-e515-4f1a-805f-799f8452ba31,2022,2022-01-11,91a6fe66-7652-496c-9d91-c9bd2b333b6b,b23fd4b9-0101-4a30-a8df-10760e1f4bfd,-2,0,10.514120254426812,0.8778144359983727
ba8c7b60-9d28-48c8-ad8c-aa4b4ac9d4ee,2022,2022-01-11,97a440d7-b0b9-4fd1-9da8-6460649da714,5820546f-7b8e-4593-afc4-fa098623f568,16,1,13.70186401452607,0.93214052317292
be4d7e99-995b-451c-a610-9c0a08146cf8,2022,2022-01-11,e31be871-e6af-43f9-9cf9-865a275b7e6f,5953232b-95c2-4915-a150-ed30d3fdc96f,16,1,8.855296080373206,0.776353727596143
bf215b8f-d3ef-4300-9c0f-ad9ed177dd4a,2022,2022-01-11,d4de33b3-cd7a-47bd-bc4d-da1381432ffe,b0fa4996-a909-4fd7-ba9e-8f180716f7f3,17,1,3.4919346595124523,0.6340488725106188
c3566f8a-2b5a-4851-8264-a80718e7da0f,2022,2022-01-11,4d299953-da89-4561-afe6-d0a2222d454e,d99c752c-71e0-431a-b0b7-143707bbc110,20,1,16.69137581788402,0.9509347810415567
c7f8be8f-01c7-4113-8f1a-8c8bcb386a74,2022,2022-01-11,697f7fa6-4d64-4abb-8310-9f310c49ad61,e40486af-12fa-47cc-93aa-4b196b7f5bbc,1,1,-0.8210469351627155,0.508242601281979
cec5e734-5bf4-40c7-93f1-09b790b7449e,2022,2022-01-11,99236a96-dba6-4b76-96ca-1b8bc30149a1,73339436-3261-4171-9cc8-854b8e176836,12,1,6.770820995844486,0.7652417098244496
cf133fb2-337f-40c6-9f63-b3c72aad8cc8,2022,2022-01-11,7798adeb-2809-42ca-b509-02c719168825,bf8f11f7-2ca6-48bb-ab7f-58720df6451f,10,1,10.070564806517904,0.8773105263969901
d20d61d5-1e22-4d66-b86d-285978906280,2022,2022-01-11,db040d7f-5499-4400-9069-620c27646ed6,92665c8e-76f8-4e29-a164-ffd7c8890a33,7,1,13.55512361299555,0.9307454025341539
e388c3d5-1d05-47e5-942a-a6618a78e65c,2022,2022-01-11,9020eea9-bced-4c46-9f85-8bbdff3393c5,ff725b84-1ca5-43ef-be84-cb70a6494dab,1,1,13.677393131727941,0.9226322558785551
f6a07ba9-9f65-4ff7-a073-25224c523f71,2022,2022-01-11,944226c8-c2af-4571-a853-5bb934c49ae4,9aff8705-aa1a-4181-bda2-9f9544361658,20,1,20.817891505113085,0.9861547897152257
fa403813-7b1f-48fe-80f5-c872f7465d7a,2022,2022-01-11,aef6cc9a-dcfd-4137-aa03-9926d921f466,3e79582f-0f2d-4ace-86a2-242de87ef6c2,10,1,11.183013509977826,0.8998420299109805
fcf569fe-8d73-4fbb-a17d-986fff207fcd,2022,2022-01-11,8ab33314-bb5c-4e60-b515-3564c813ae0b,be29cc8b-f65a-4ba7-8a0d-40b2a9643422,1,1,-2.103560802379655,0.39307018664918036
0a918703-dd8d-46d7-ba60-db1059059850,2022,2022-01-12,1235749c-6be5-439f-872d-e0a85682aef6,1bd5203f-23cd-4c96-8b8e-fae5ddfbe69d,11,1,8.853980749852695,0.7836617694176886
0beb419f-6b8c-42b8-9568-4a66735ceb98,2022,2022-01-12,dac65a7f-4511-49a7-9c6d-3f29d22ff86f,6bb1093f-59ab-4de2-9cae-c257b87d56e4,2,1,10.429670355244,0.8594472108233119
10308ab9-32c1-4cc8-aa27-9d5d4b38d4c7,2022,2022-01-12,e5df557b-d16f-479b-b7f6-db85db97e2cf,1ff4fd9e-2594-47e2-8b06-66ad2ca3fcb6,-4,0,-8.249643637927003,0.2043552471522864
2fa5376e-e1c6-45a0-80de-57fb7fadc9fa,2022,2022-01-12,1e46f177-0551-4da2-8f3f-c683820ed5f9,b101bc61-0628-4298-9362-c2e546437032,-1,0,3.3839253451099283,0.6740085801837432
37ad862c-661d-401d-a364-e82076f730e3,2022,2022-01-12,cba4f27f-e547-49bf-bbb3-2983917351a2,2335e299-031d-43e6-9ae6-536cc9177f51,5,1,-0.6561424078362483,0.5561931222176492
39c111fe-663c-443f-a055-3123131dddd1,2022,2022-01-12,d84fbf05-f799-486b-956e-f0500927e1d0,3411d575-6a72-4b22-885f-e90bac6bdd28,16,1,12.626124155079607,0.9127924007090965
3bc23cad-d7c2-41f3-9317-5c86483e8feb,2022,2022-01-12,3f62a009-8c84-44c8-9775-4e3959e17edd,054be086-7ef6-4006-880c-01ed91db37c3,3,1,9.578881190236837,0.8200902811367534
3cad7dee-aa3e-4df2-a04b-61ef7aaad7fa,2022,2022-01-12,37d32b57-ae72-4669-9669-a71097de1196,1e89fbf7-1862-4050-b61b-f4de4a9ae045,15,1,13.576526858174056,0.9209404220894358
41e3185b-1acb-4c8f-a5be-efdea1b5684d,2022,2022-01-12,43fdfa19-1583-4159-9c0e-1e88e231b35d,ff948b57-cb4b-42da-a899-37fa5c8a6d86,-3,0,0.11331743222665346,0.547336769974639
452312a6-ff37-4e9c-b63f-5d6d32cf7e06,2022,2022-01-12,7bb8a634-d969-4ec9-b472-8294b1782684,1b846bd7-47c9-4bf6-ab08-e44d968a34f8,-7,0,1.2670496303223926,0.5750144800230321
473ca2b6-9f02-4490-b36d-3907b6329167,2022,2022-01-12,048ae5f3-c6e9-4937-93fe-ec224e17fea2,188437e6-a8e9-4e63-b58a-4141ffadc80e,2,1,-1.9301136100388832,0.45894434583894567
5a51a241-5e1e-495d-80a8-c8ecc3aa0c52,2022,2022-01-12,95eeb869-4052-4a70-84dc-8178393a6646,4a44b6c6-3fc1-427f-bd05-432860f3024d,11,1,2.073989823338904,0.6106893238729686
5e88ef60-a494-48f2-b87a-8e97e4d77a1b,2022,2022-01-12,4204a542-7881-4f83-972a-7567cb51cc3c,94d0d44c-b426-4381-9d58-bffb34c097f5,8,1,8.307094970826311,0.8105307729546245
61eedefc-1164-42a3-b6d3-85471e8a9107,2022,2022-01-12,d84d7188-0176-4937-80ec-d83ae93a1912,604f3fca-4ca3-445b-9be1-3cb6b7f69fd8,10,1,-3.797226539098923,0.34392146877139856
65650e3c-c62b-4c74-9ed3-8ebec57be6be,2022,2022-01-12,e0d5322c-5032-4768-98e5-0b1ffa787a08,24f1d79c-4241-4c82-bf09-57a159ce81b3,8,1,2.3644159684585895,0.6410623771622421
66ace4d3-6a3f-45da-9303-fd4730fe27ae,2022,2022-01-12,d91f2468-d81d-4b25-a8be-53e85e8b4ded,0724bbd2-14e4-4069-820d-16f4dcda5df5,12,1,12.448801960753695,0.9284889144182439
6e6d61ba-d287-450c-98bb-1d59c46fdf3c,2022,2022-01-12,81c35070-ad3d-45bd-8fcc-5a8c73a46ba3,12414365-9349-4a1b-a319-34a8ad92f7e3,23,1,6.613943303097516,0.751402854269456
6f1bf981-b7f4-4d19-915e-9b27cac69c56,2022,2022-01-12,d0a4ad01-cd4c-462a-a303-d94d9c7c79fc,1607fc40-d48c-4c58-9fa8-96e3f20a5137,-5,0,5.793252253551478,0.69460136358284
6fd747ea-1142-4b41-86e3-ccf9aab93b5a,2022,2022-01-12,b1ad6435-1c60-45db-bfd9-c91cb367d66b,6bcc781c-aaad-4e10-8214-7a1d0e3f2e6d,-14,0,-9.54294124591647,0.12889716010817337
784c7757-74c8-433b-9834-b716fe0085bd,2022,2022-01-12,0a370edb-2194-4979-ad23-d796fb97dfb3,ca2c8cbf-6e05-45fe-8697-30f46c2f58b1,11,1,-11.706436066952664,0.10389046418852883
7ce67c93-c0c1-46b7-a664-1e00bfde3d9f,2022,2022-01-12,b91fd5ed-1e0c-431b-bd4d-0947f67edb2b,c2c0a075-e16f-4aa1-a838-887ef3ba2106,10,1,7.093540582937337,0.7384914265149837
882c24f5-2d30-4e43-8d21-a8867523dafb,2022,2022-01-12,f04a9115-7f6e-45d4-8590-4934a791ebb3,91d1df49-0521-4008-8e8f-c2098944ce2c,-5,0,-1.1266085066465663,0.4868721525142466
94b764bc-eac6-46df-a3ed-3215bfaa2ae4,2022,2022-01-12,99ad5125-6b8a-446a-ad41-7a5f50dcf6b7,ded40384-d167-4ba1-93ad-2fbaa4def151,7,1,9.473376907445111,0.8070154125797865
9926a57c-314b-43f2-ad9c-24a27b2b6fcd,2022,2022-01-12,8e9f9414-bd72-45a6-8896-59f1453666d6,5ec861d9-4794-4460-b935-73f51f03efc1,33,1,21.270085358645723,0.9735379282785092
9f1b2dd3-771c-40e1-893e-4178866fcdad,2022,2022-01-12,fb5884a9-f370-48a9-9000-3b1a4f02f0be,59a704c5-1934-42cb-8720-83cd7ee9f3fb,-8,0,-7.932412199592905,0.24970807973910072
a011bf35-0a5c-4943-8663-eced44ff6b64,2022,2022-01-12,af3a149c-e965-41c9-af16-a3dd0322f9a7,e06f08fc-4ed9-4807-9f8a-7889130e21f6,1,1,-0.03762803831363473,0.46991643250392123
a25982f0-a860-4ad0-98fa-691a77c82c8e,2022,2022-01-12,cddd6722-8c88-48b6-853a-6481451c0290,61d9acae-2486-4e53-82ea-60d146622f34,9,1,3.320683970780744,0.6985747005373888
b278fc45-80f0-4a86-a87e-b083303caf0d,2022,2022-01-12,c995f51c-df46-4643-9aa1-3830ce760066,4184e3dd-c499-4f67-b148-fb0c4342d564,-20,0,-9.104380917470074,0.2019306323809727
b50a1437-6296-401c-aedf-18b79aebd04a,2022,2022-01-12,62080182-ef8a-4907-90ca-00df4cec4e3c,cc1716b8-24e4-49d7-8778-964affd58954,-6,0,0.031237516194840897,0.5375511421532668
bb8950e5-146f-483c-910e-e0606b0afafa,2022,2022-01-12,5bb511d7-5a12-40d8-83d2-8be20bfc33d4,0c1c2a64-13fd-4f6b-b1b1-2f9290dc2295,-12,0,-2.4994717373245576,0.3949675495975809
bbbefbc9-c20b-4138-af33-00e8fb1cc90e,2022,2022-01-12,d67c23cf-71fc-4b63-b6b9-d41c6e172e4b,ca910495-28ae-4dcf-a3bb-7b04612490b7,6,1,6.359528867375961,0.7437792511697542
c0f20509-ba1c-4fcf-896b-b858a9cb55fc,2022,2022-01-12,2bdfedb6-38f0-4eb8-baaf-2965a942cb85,e61ea85d-a57e-4621-930d-0b0e653eb2c7,9,1,13.126294603034426,0.910400609653162
c621aa40-a02d-4658-b3dd-b81e69e012a0,2022,2022-01-12,00366c32-204f-4176-9a22-20555a1e6363,f4045f82-f9ab-4d14-867e-496a744ac26e,44,1,15.536188752436088,0.9535693968137126
cab4e3f1-c036-427f-a2c0-df482feb80be,2022,2022-01-12,e44d72a0-bb34-4a0f-b307-188c3b30e131,ca7c4f31-56b7-465e-a3a7-4a4a123f213c,-15,0,0.9420907321301587,0.5623911727050049
cec9a6fa-20a6-4042-ba92-6ceb4b72f52f,2022,2022-01-12,5a26bb55-d02d-4957-be27-861e8036f152,1c994624-ca30-44fc-97cb-9a0aa481ad72,32,1,20.557654129369464,0.97056469386225
d114e218-3dce-4097-b27a-e1133ceff189,2022,2022-01-12,bdcaae22-ba48-4546-82af-ca21a229c276,a313a13e-7ac3-4c73-8872-6d424a253480,-16,0,1.209246572063109,0.5751383851188101
d48dc858-62e7-4a64-954e-4dcfd812d8ca,2022,2022-01-12,4090fa15-7788-40ba-95cd-6c5cba85e91a,68215498-0684-4009-a2fc-93fa21109838,14,1,16.656227128103307,0.9541332718561025
d8a4fa4c-79f3-4df8-86c2-7ea2ed392130,2022,2022-01-12,0b986199-3ea8-40ba-98dc-8a54b3509609,3943bea0-341e-414f-8f46-b97e08b5f90f,5,1,7.23616402858181,0.8183086266087936
e65dfea1-482a-4207-837b-b8c6638cfcb9,2022,2022-01-12,95fd11d0-8e48-48f1-b7fc-f03fe1bc8c84,3ae40137-6b36-46a4-99e9-3ea88255660c,16,1,4.709332080707185,0.6851382965276893
f18c78db-f173-496f-b118-2fd18a0a5cdf,2022,2022-01-12,247be024-10cd-4230-8ff4-c8f55dafdf33,8425fbd0-40c8-4146-a2c2-51ec714ee637,29,1,12.220613012003225,0.9314513627287906
033c83f1-76a9-41ce-abd0-682acef0e07d,2022,2022-01-13,2d5a3d36-55d8-4fc7-9050-a067b5a5b3c9,c14dbd3f-31c2-4647-b19a-e03839f04ad5,9,1,11.091564245077736,0.8426662714593656
04e8613d-d959-470b-a9d4-ff1d99b98f45,2022,2022-01-13,d34afafa-d43d-432c-98d1-72ab0aa8a823,bdb5791e-8da5-4640-82cf-7354e2f02b3e,26,1,16.30026499157372,0.9632825384938773
0e95945d-eaad-4175-a2e7-0d4ef526b86a,2022,2022-01-13,5e8f405a-2ee1-4230-95ea-420666557eed,3ebbd7b5-f0e2-4fd6-870c-58a45d420f53,1,1,5.421879038321754,0.7206686260035446
0f1e1133-f8f4-481a-a965-376ecb3c2242,2022,2022-01-13,909caafe-4b74-468c-a1d3-efd53ab80ca9,cd9b9678-1f2e-4444-85d3-3269c4b3775a,-33,0,-1.655196930578867,0.47903457761247964
125fc514-3a1f-4def-89ea-86deaba3e3be,2022,2022-01-13,e89766a3-c899-4922-aee4-cfaa2a8fb500,7dd2d410-1958-49f9-8b62-e7cc25e3c647,15,1,12.048976891176846,0.9156303690998169
16a9326d-ef84-4b08-9ebc-6de3819ef2be,2022,2022-01-13,c6c28fde-56df-41e4-839d-2d6201c8dc27,7187f894-4dce-4524-b538-b66a892cd89a,23,1,16.334605586404596,0.970430860720923
19180d6f-dc13-4105-a5de-556130e4b329,2022,2022-01-13,56c81362-1bcd-418d-831b-74b9b0c4a563,d1893fac-c32c-416c-9aed-0d6c61ad0935,10,1,-2.052099395390945,0.41680295616410407
1f7ba037-8409-4bfa-a036-1c6115af18f5,2022,2022-01-13,29398553-f42a-4873-9321-4c772f7dca42,0ec0fe2d-cb25-483b-aeb2-0f12af2160c7,-15,0,-18.94024439496591,0.043933455570884565
225cf4e0-2f16-415c-85a4-7bcb2b25b179,2022,2022-01-13,d25581ff-ffd9-4c81-a946-e99b1de2c3b6,2422cf8a-bacd-4cb0-97f2-244a07c62c78,-1,0,0.31053299744693785,0.4455662838344696
2794e1af-5e27-46eb-990f-e2dd517c9f43,2022,2022-01-13,0f8a15c4-f4b7-4335-a429-ae233bf4aa41,4bd089fa-104e-4a99-a39a-1af78fc3e611,6,1,6.44763438577465,0.8094674338756498
2bc2d4d4-0d24-44f2-88f2-e384e6af8308,2022,2022-01-13,8af2e3d8-3a2f-4008-b261-30f11908b768,743e2828-8a80-4168-9d8a-f8cc1d9b0b9a,-5,0,9.96635064609436,0.8843691861863807
2c321579-e87b-41bc-943c-4b840f635579,2022,2022-01-13,5253a75a-17f7-4ea5-b313-743697ebca72,0c933bdb-bf23-4a17-ae1a-f28978a95152,32,1,13.378564986255368,0.921621019101873
362154a3-9137-4f81-9ee6-9aacd4b16f97,2022,2022-01-13,3b495752-ddf1-47a7-8bdf-2625c4bfcce2,1fac2552-eeff-489e-85f1-ce8abae4b5d3,23,1,19.041302969333177,0.9839549539200098
379cd5fb-33cb-4635-9fce-b0ad3c6a0161,2022,2022-01-13,9bf29604-a6db-46b0-b81d-92452dc43267,669eb771-4301-4c20-8e17-113d14b6cc8f,-9,0,-23.007515667877367,0.03413443089551747
4d9b083c-b626-4f2b-a1f7-9bc1a7b7a7a0,2022,2022-01-13,dfc3b54f-3b20-406f-a673-33061db4e3ba,1094d4ab-e85f-461d-8ef2-525fd92ec80d,16,1,3.2299640831800365,0.6000545485397322
4eb9c900-d12a-4f7c-9615-19f687d6b230,2022,2022-01-13,bf8a4003-12e8-4697-90dc-cf75dfedfeb0,d7c1086d-592e-460b-9f30-684b14d1097f,22,1,3.346231952070273,0.652665592885501
508e889c-7f79-4a16-97b1-98e4aa2a7ded,2022,2022-01-13,94a64c9f-34df-480e-8ac0-1bad98ef2a11,3b36f988-af5a-4761-a417-f496a2137c3c,5,1,-0.8379151230112426,0.41266746661996356
51458d4e-b139-48d3-ad27-ecf7870d2807,2022,2022-01-13,31edfcc1-f627-47cf-9ca0-61370f3261d2,ec2fc7a9-a3eb-4e36-9404-f156e2f997f5,-11,0,-8.558702417191073,0.19145926963169244
5a066216-7422-4a3e-bfa9-0557050d9653,2022,2022-01-13,a8f76e24-7f09-4727-b40d-6834e4fc0829,0f928622-6fc6-4817-9641-a4366153c8c0,-4,0,-10.7895621677068,0.13743509156908063
5df6edf8-e271-4750-89c7-30a4ca79480e,2022,2022-01-13,1cc71d7e-b5a6-4b50-a797-176f96548858,240cc087-ebae-4133-9c14-cb46ebe54b97,15,1,15.907854254320227,0.9374863225456974
6b35cc21-aa34-4454-a2ed-5366101abe1b,2022,2022-01-13,82d1bf41-2f1d-44d1-8022-220c263d6525,7c264f4b-0e3b-448a-a195-c16c164a624b,-5,0,-7.054607154772363,0.23296845451378673
6df9b156-6911-4435-b415-cc6789b79960,2022,2022-01-13,062eb8a6-996c-4619-9ba7-498cdd009dd6,c01c9fdb-95d5-43c7-b905-8bf714226631,10,1,8.452698392873506,0.7932351871087109
76568c4d-4afc-447c-86ea-e51527aa8d21,2022,2022-01-13,28ef27aa-2dd0-4469-b521-fdbe9d8c6bd0,242a53a0-47e7-45ed-afe8-61172c29f09d,24,1,13.141378588191305,0.8513828426089826
76dc28a3-da88-44ff-a973-e4bbc5245a1a,2022,2022-01-13,9dc47cce-9b16-420a-971f-5362aaa69dc7,79f44737-6e40-4cba-af63-6ff773df5f36,27,1,8.967543493902634,0.7991604602838746
7b90028c-e9bb-4e29-87da-6b5acc57cb9f,2022,2022-01-13,8b50b68b-b346-4272-bd86-947d908d937f,f5d59c00-1a94-4484-8e5c-c5073ff87ce3,9,1,-0.8957701839989454,0.46884664837818646
7e62e702-8fce-40e2-b268-1c165f6c66c2,2022,2022-01-13,8dfdef93-7be0-45db-8281-e58565dd9d85,7dfde2c4-2d03-47ac-8d87-e6480afb8a99,28,1,19.717652828602947,0.9823465921935205
826b4430-8cf4-4026-b100-ee31fccf4e65,2022,2022-01-13,87cec0de-4d93-4ed3-9ac3-deac97be5eba,be639f4e-dcad-4737-8fdc-2740207d65e3,24,1,0.653222450985525,0.49677140832256256
84dbbb37-63ef-420f-82fe-6b5074498ad7,2022,2022-01-13,b9052e15-66e8-40e6-86ac-a872e5c51fe8,b7898dbc-7198-47fc-8098-496c7867351f,10,1,14.02928705542038,0.9403415409531037
863d9276-016a-4034-a7d7-6f256aea7aa6,2022,2022-01-13,64820b75-84d5-4b53-8bec-43ee70e03b36,6915e90a-5d80-4d4f-8d44-0bd316979884,7,1,2.1968690794863304,0.6732210258012538
872b97cb-4c38-4afc-8b5b-cd8a747f3c59,2022,2022-01-13,0d182ffe-13fa-4447-8f00-f38088d0cf05,9aed1c9e-7ade-4533-91c5-322e09783a7a,13,1,8.482923318771524,0.8233053267226559
8736de69-a7c6-4992-8d1d-7656b8174163,2022,2022-01-13,98555e7f-2f58-4896-b98e-4edcece8a333,f9a723a0-1697-4175-8193-97f2f8906c0f,9,1,8.816464982616372,0.815789728276017
9cfc9c7d-afad-4ad0-9580-f34461c0a31e,2022,2022-01-13,5870d352-4930-4235-9c03-7bcded7ae342,644511e8-8569-4c1b-b22e-4bf2710fa9da,14,1,7.738097196732903,0.7534787419992099
a1024d92-3d7a-4030-929f-2e854ba9f0fd,2022,2022-01-13,6c96789e-21df-4f43-92b1-8e62705ffc1d,e51ef676-50a6-460e-81a8-b05cdee80c25,2,1,7.0365626857119645,0.7341051387773881
a45c2142-e009-4788-89de-7425ebd5ae19,2022,2022-01-13,71a67ffc-6558-40e0-96eb-79527a541007,16133dd5-c118-4a85-999d-20451d1fe132,-5,0,6.761130099884865,0.7634117148288283
a6eefd24-7c8f-40d6-a69c-679debe6a237,2022,2022-01-13,fe829304-1347-442c-85ad-2139be36330b,6b68cf86-676c-4d12-958b-f2b9da02a5a1,4,1,-0.014215091284362514,0.4534265140782613
aae85c85-521d-491a-bbf8-192b779fa343,2022,2022-01-13,5d7eb8c0-4b09-461b-bbc5-e2a032194a74,fc4bf214-f945-46ec-8524-00a3196b7449,-14,0,-0.7322048273627486,0.4599015947845237
abb5a6de-0f84-48ed-927f-a354b4925141,2022,2022-01-13,8f73f541-6fb8-4ad2-a1c6-e3eef51e7b64,726e1c94-fb9c-45ee-ad09-5e487744b47a,15,1,15.241839400931287,0.9579233753980231
b7c16420-082f-4e3d-aa31-a1bee079b90b,2022,2022-01-13,24dec588-02c3-4c82-9ea6-d467604a8150,2aba779c-997d-45af-a881-44cc87727a3a,-2,0,-7.9039432350000505,0.22437304223413485
b836f847-8c9f-4ecd-aa2f-5b5000373186,2022,2022-01-13,1049e433-d23c-4aa2-8581-4bef2ad0715f,4d89f528-9a1e-41ca-beb0-98f913c61c2e,-4,0,-2.9693192669630215,0.4107636708650373
b94cbe20-97a9-4b25-80f9-87e58015202e,2022,2022-01-13,f3d329ca-1b85-47f6-a871-b80851fdc6d7,23ad3833-572d-41e9-8cc5-961b2db50d2d,6,1,4.962058535985305,0.7112141166178544
c033982f-7871-4592-be26-562570b7133f,2022,2022-01-13,89fd2af1-5c8c-4222-8ffd-ce72e55a8579,2a26048e-30fe-47e7-99d9-913f28dea879,-3,0,12.348137943790851,0.9035941410581972
c714248d-f75a-4be3-8bd5-b5c052e0e873,2022,2022-01-13,dddedca4-47e5-454b-b278-b9f2fec5e78f,f22782cc-03b3-4a0e-a189-8305ebe19b87,10,1,13.590460861870234,0.9218668326658669
c84750f5-e21e-4ab5-b54f-b27ec68e93f7,2022,2022-01-13,48b92b41-b7ed-4c2f-b7ef-3e3d4a99fd62,d77ce32a-30e5-47ce-8841-52447d9fe891,-17,0,-13.405045057278976,0.08861880070857577
d47b27c4-74d0-4a70-817f-d892c4db5553,2022,2022-01-13,5984bc3b-7531-473e-8087-c5fa390b08cc,6da558cd-823c-46c8-b91b-4a40b474cc87,10,1,-3.5729060416553646,0.3488015441614406
d92659a3-d77a-434e-a637-97de0b34e669,2022,2022-01-13,7f9edadc-8c22-4821-8da6-0ba70d59bbbc,cc4eefaf-2887-46d2-920d-d97a8f3df18c,13,1,7.168911498555026,0.7717897991006641
df289305-2921-454c-85b4-72b09280f205,2022,2022-01-13,df8bfbe4-f858-405e-bd5a-04f400d2d7f6,964b0070-5909-49eb-8fbe-c2de5f48fe0f,14,1,9.472463943669654,0.8391379858098741
e1078332-88bf-4122-b3f2-29ad8d7eabaf,2022,2022-01-13,0cc63380-151c-40fa-bc6b-76091785d359,dcf098f0-7fc0-458c-95fe-c6f0743b4274,-19,0,-3.287196562755019,0.35305342092893155
e6c2433a-1a76-4d00-9442-f6709f89d205,2022,2022-01-13,f621591e-18ed-471c-92f8-2c4d4c00bb75,eb038e9a-e14d-41b3-b26f-804fde52e571,10,1,-3.285386575651386,0.39295440746667865
ee9f7eee-07fa-4c50-a0e2-a4bb8f9643f3,2022,2022-01-13,28669a26-792c-4843-ad64-6f16da03d389,b32dbb42-380c-448c-b510-ee949569ffd4,21,1,10.568777482349844,0.8839394822279351
ef6caf15-40de-4223-a917-5817f7635f17,2022,2022-01-13,77413edc-f997-4807-a4ea-9caf8157da8e,5bdb2df4-f9a3-4404-a003-948f25c48965,24,1,14.527136176699752,0.9497752381952117
02d0c1d8-3c10-4072-a497-15e15936caa4,2022,2022-01-14,4b2092bf-f1b2-48c3-8ba6-43f8f5d0ee62,7798adeb-2809-42ca-b509-02c719168825,-3,0,0.8601379013752507,0.5788693911517919
544797bb-72e4-4d61-8eab-ff88b3208ebc,2022,2022-01-14,54514b3e-2558-4e69-98f9-b1f97fc17835,ad5bf26e-a32c-4d5a-b531-f6822b104284,12,1,12.261708940811289,0.8902648404535384
8b2bcd11-619f-4fe2-9b83-43871000b026,2022,2022-01-14,c2652773-7b58-4ba5-9edd-ffa62acbd245,e6d68428-bbd2-4402-b980-d22e5e7957ab,5,1,9.254503078446614,0.8092709267161885
a93e6607-55d4-4772-9d7f-9eecc7ab04f6,2022,2022-01-14,31503e00-902d-4881-a3a5-52c5415e0e2b,86391a21-965e-44e8-819b-837cac02859b,27,1,17.324087622873154,0.9398441804378946
b03314c9-6b13-4d18-bbce-6c6bdefb23a3,2022,2022-01-14,3e79582f-0f2d-4ace-86a2-242de87ef6c2,b7b950c6-b603-4afa-afd6-ed15293d3523,-6,0,-3.9214295530948493,0.3271423327154776
bc863457-cbed-44f4-a8ff-c720b6cdd52e,2022,2022-01-14,5018dfc0-8279-4a3e-b376-b7606f612a00,944226c8-c2af-4571-a853-5bb934c49ae4,-5,0,-1.6429672490297402,0.458910893060077
c1d79f7f-2c19-417e-b3c3-8f23120eb3a4,2022,2022-01-14,91a6fe66-7652-496c-9d91-c9bd2b333b6b,aef6cc9a-dcfd-4137-aa03-9926d921f466,12,1,4.867949983237676,0.7121543652851462
da8f3b17-85a2-4ab4-9f7f-c635e2a5e4ea,2022,2022-01-14,4b6d2ea4-d1ab-46f4-b480-555227d14e55,ef3d2fcf-bc17-49a6-84e3-cc117e8fc095,-7,0,2.0407852401465405,0.6245799383024767
00347281-59a3-45bb-8fdb-80fc46cc5e3c,2022,2022-01-15,42f97a12-c358-47bc-8b1c-e20878be4a05,29263387-625d-4270-b420-6066c840fbe3,-3,0,1.1607611420865436,0.613401582007842
064da892-ee59-4249-9eef-ca3a21c08730,2022,2022-01-15,61bcde81-66e5-484e-95eb-5f373ff4a7eb,247be024-10cd-4230-8ff4-c8f55dafdf33,-3,0,-2.5273916684273856,0.4400579332600958
07df9c9c-67ce-407f-86af-8faeff2e61f6,2022,2022-01-15,3943bea0-341e-414f-8f46-b97e08b5f90f,31a85828-d084-442c-9cbf-1f706ab87f57,-1,0,2.5551403070450007,0.6159066113296392
1043f6bc-2cd2-46ac-97e3-6994aebe2e91,2022,2022-01-15,ee925def-24cb-4b43-969b-4fe42d68b72e,bd64a96b-c6bd-4f04-ac87-79bec2f197d8,10,1,7.568358647651921,0.7311120213728096
109d6a63-2db6-43cb-8934-5f89dcf86136,2022,2022-01-15,fd736c6d-0d9a-4837-8153-b1f51e776578,421b3b28-ab05-4462-bfc9-644fc7163e24,27,1,2.0202043419169318,0.6096305774157795
18e942c2-08af-46e1-9f79-ab69c75f1167,2022,2022-01-15,ff725b84-1ca5-43ef-be84-cb70a6494dab,75755c79-6aec-4154-b1f8-2337fd4a06c5,9,1,-2.7090834710146745,0.37881485366955614
1a40234d-a4d2-429d-9f6e-50caf9fa1edd,2022,2022-01-15,cd84e158-0ec9-44ce-872b-e44a595a4e37,371a2930-c5a4-405a-bb44-9f22b55ca81a,-8,0,-1.7572104499551402,0.44353347663124965
1acf3fd9-e550-4705-9655-c81c3dc7312b,2022,2022-01-15,51c9ea8f-034d-41b2-8d67-b519b3d48286,3ee1f038-4cc3-46de-8651-23f4bd9a99c3,-5,0,-7.240224320618617,0.21081312443879108
1b751a8b-eab0-434c-a90f-b0d7130e1f68,2022,2022-01-15,9acbe680-5f94-47da-926d-51e1465fc500,a270ed0b-d820-42d4-8101-f2bf9e25042c,-2,0,-6.210568519968397,0.31114678710336346
1c1b0c01-eade-4247-940e-3e5887e30303,2022,2022-01-15,5820546f-7b8e-4593-afc4-fa098623f568,bdcaae22-ba48-4546-82af-ca21a229c276,12,1,-0.16219461949097125,0.5321637435642845
225143e6-6888-4231-aed5-a8141f747021,2022,2022-01-15,e5df557b-d16f-479b-b7f6-db85db97e2cf,d98e9dc5-d3b9-41c1-ac48-5a4945d47713,7,1,2.47658361037527,0.6230419335074617
2264e956-abf2-4dcb-a618-6f3ff08afd96,2022,2022-01-15,e0d91570-7fe4-4dbd-b6ba-f6ce261fd58b,8ab33314-bb5c-4e60-b515-3564c813ae0b,1,1,4.132308090679038,0.6710349080986018
228234dd-7413-4048-a32d-1f099e0505fd,2022,2022-01-15,73339436-3261-4171-9cc8-854b8e176836,dea85f83-4470-4a0a-934c-553c4722d079,5,1,2.681871197290159,0.6092899069484821
22af4170-9a9d-44af-8370-589f0b0067df,2022,2022-01-15,3411d575-6a72-4b22-885f-e90bac6bdd28,793f775a-aec3-4741-b86e-4c8e079f74a4,-7,0,-9.662201842922567,0.15906409478358677
245af0a9-a15c-4fea-98a2-bdeb7ae9b0fc,2022,2022-01-15,3157f4b6-4b11-46d9-beb5-cef7c68fd1a5,21f47709-f514-49eb-9da9-1f6805407244,-5,0,-0.7992233719645322,0.5342914154737404
27cfc398-1f6d-4222-afae-ce124e47ffa2,2022,2022-01-15,4db0015c-fae1-4d5b-8be6-db756062d47c,b7898dbc-7198-47fc-8098-496c7867351f,7,1,1.7956753009623623,0.6411935779705947
2805f2df-37c8-4b44-a02c-ebc72332bffc,2022,2022-01-15,0c1c2a64-13fd-4f6b-b1b1-2f9290dc2295,a313a13e-7ac3-4c73-8872-6d424a253480,15,1,15.869821213471614,0.9594060213134354
28291d6c-8fd5-413b-a73e-01a563c3dd32,2022,2022-01-15,be639f4e-dcad-4737-8fdc-2740207d65e3,5f19cada-0d6a-4a64-bf90-7be104537c24,-3,0,-1.8232109293464556,0.40262509947452507
2cb9bd80-6d8d-4bb2-be28-fdfca41a5c44,2022,2022-01-15,6c96789e-21df-4f43-92b1-8e62705ffc1d,16133dd5-c118-4a85-999d-20451d1fe132,-8,0,6.585347804835114,0.7281225599499374
2ec80435-7368-483b-a9bd-9f53a339778d,2022,2022-01-15,5984bc3b-7531-473e-8087-c5fa390b08cc,242a53a0-47e7-45ed-afe8-61172c29f09d,-7,0,2.012068499787276,0.5502778780556665
31e98135-05d1-442f-8d72-2ca99ae341f4,2022,2022-01-15,97a440d7-b0b9-4fd1-9da8-6460649da714,697f7fa6-4d64-4abb-8310-9f310c49ad61,-5,0,9.243518209501586,0.8098660200183612
373b56b0-c5d9-4dc2-8861-ed1cdc37fdb2,2022,2022-01-15,e06f08fc-4ed9-4807-9f8a-7889130e21f6,e0d5322c-5032-4768-98e5-0b1ffa787a08,7,1,6.577856441746339,0.7695701369645309
3b615226-fc89-485d-a7a1-1a7afa27e721,2022,2022-01-15,d9411158-02d5-4d70-8862-92cec8bfdc49,e78e20dd-cddd-4b53-b5d6-62aad4ced9ca,5,1,13.952494767208035,0.9439228174117151
3c67c7d6-91e8-46a7-bae7-8e44f9a11694,2022,2022-01-15,f04a9115-7f6e-45d4-8590-4934a791ebb3,2bf13d1a-4738-4039-9d08-49f17859d4eb,-2,0,-18.42910768790602,0.034824969292176496
3d062b6f-053a-40a4-b244-622374d18872,2022,2022-01-15,ca2c8cbf-6e05-45fe-8697-30f46c2f58b1,2bdfedb6-38f0-4eb8-baaf-2965a942cb85,2,1,-0.4591159496822958,0.5377741778203526
3f9f5cd5-14c9-4aa3-9290-438dccabb5aa,2022,2022-01-15,c73565a9-06c6-4314-b7e1-3659db4cf00c,7c264f4b-0e3b-448a-a195-c16c164a624b,-11,0,7.336871694728391,0.7876502984159244
4368a2a2-75e2-42d3-83ea-69b765ab11cd,2022,2022-01-15,78c4f8c4-d04f-47ed-92d3-34e159fec915,1607fc40-d48c-4c58-9fa8-96e3f20a5137,23,1,16.035824250912285,0.9379390986675566
44625ecd-0a0f-4695-8647-dea322f431c2,2022,2022-01-15,cddd6722-8c88-48b6-853a-6481451c0290,743e2828-8a80-4168-9d8a-f8cc1d9b0b9a,3,1,3.5976970468447114,0.6412215144423293
448cfae5-e86f-4ecb-88bb-28b12c5a2c4e,2022,2022-01-15,71a67ffc-6558-40e0-96eb-79527a541007,e51ef676-50a6-460e-81a8-b05cdee80c25,2,1,4.343765426468009,0.6989215657798381
46fa3ce8-2114-4f0c-804c-1d1bc237ff6b,2022,2022-01-15,a5658591-2fd7-4ab6-bea8-70e793ff3f6b,6726544c-ad23-4d1a-adfa-1a94c2e10a96,10,1,0.9015217779835426,0.49577057918270373
49271a93-71db-4e11-bba5-53f311022a48,2022,2022-01-15,89fd2af1-5c8c-4222-8ffd-ce72e55a8579,f22782cc-03b3-4a0e-a189-8305ebe19b87,16,1,21.928424817811216,0.9840793864705468
4e43b31f-749e-44c5-868f-771b0ed8e1f5,2022,2022-01-15,9020eea9-bced-4c46-9f85-8bbdff3393c5,8de64d3a-4bae-4d2a-a4d2-15ec6583f6aa,26,1,13.249504355315603,0.9143111302447142
4e993cd3-4fad-4cd9-af42-512a8288787b,2022,2022-01-15,f9beb22d-1a30-4dc8-88ac-4737870b7e69,5bdb2df4-f9a3-4404-a003-948f25c48965,5,1,-3.2582753636095734,0.43164929862344026
518e1f94-222a-41f7-a084-97080301b300,2022,2022-01-15,f05e79bd-96f4-4690-83c5-60a9d4972d05,ec2fc7a9-a3eb-4e36-9404-f156e2f997f5,-1,0,-7.609927994404715,0.2749405296590979
53198e16-027a-4891-a93c-f628fb2eb689,2022,2022-01-15,92665c8e-76f8-4e29-a164-ffd7c8890a33,f8490c90-4ca1-437a-93da-114f5dac0426,-13,0,-11.110213044036525,0.17636141974688127
5361c6db-23a4-4709-ae8f-97b5eff85623,2022,2022-01-15,be29cc8b-f65a-4ba7-8a0d-40b2a9643422,01167cd7-9c6a-4860-904c-78f7c777ba81,-11,0,-3.159766326412382,0.4035110970434336
55059170-0b77-4f16-a6c4-dd9632aec2da,2022,2022-01-15,4bd089fa-104e-4a99-a39a-1af78fc3e611,af3a149c-e965-41c9-af16-a3dd0322f9a7,-3,0,5.504621720098201,0.7207342944378322
5775363b-ee57-4861-841b-92910d41f6ae,2022,2022-01-15,77413edc-f997-4807-a4ea-9caf8157da8e,bdb5791e-8da5-4640-82cf-7354e2f02b3e,-2,0,7.776510770575593,0.7771347124002631
58ebcab3-c136-4288-a48c-e22cd7a69b1b,2022,2022-01-15,6bcc781c-aaad-4e10-8214-7a1d0e3f2e6d,d34afafa-d43d-432c-98d1-72ab0aa8a823,-32,0,-13.241382666074717,0.08329764742332543
592bf0db-bf4f-4ff1-bfe8-ff0769d246dc,2022,2022-01-15,37d32b57-ae72-4669-9669-a71097de1196,fb5884a9-f370-48a9-9000-3b1a4f02f0be,12,1,3.2239718460437325,0.587495425667285
5c2aafb6-36bf-4b7d-bd87-a8212866c55b,2022,2022-01-15,553733fe-ac6e-4397-9188-b27a01824e73,254cd687-c2d4-4fee-b5d3-c3ce6a9264e0,-12,0,-1.339624773247141,0.42036001174956306
5ec86ee9-1f0e-4718-8b40-cd4ea81d241f,2022,2022-01-15,0724bbd2-14e4-4069-820d-16f4dcda5df5,d84d7188-0176-4937-80ec-d83ae93a1912,24,1,-4.654355646386778,0.3799813576161089
6464d923-19f0-4319-ae0c-bdc98dd3eee4,2022,2022-01-15,3ebbd7b5-f0e2-4fd6-870c-58a45d420f53,5e8f405a-2ee1-4230-95ea-420666557eed,-8,0,3.018214143514843,0.6102743986581498
64ee1111-1988-4295-b8ed-36b031ba6bfc,2022,2022-01-15,d13e3f73-7b13-4e91-9249-09f1e11e488e,0b986199-3ea8-40ba-98dc-8a54b3509609,-17,0,-7.1210360860495125,0.24208409945822512
65a5ca31-12e8-4cee-bdc4-d293222fd25d,2022,2022-01-15,43fdfa19-1583-4159-9c0e-1e88e231b35d,28669a26-792c-4843-ad64-6f16da03d389,11,1,-9.766796290482036,0.15244682683822203
6946fd9e-5259-465b-b49b-13340cfe9d0f,2022,2022-01-15,8f73f541-6fb8-4ad2-a1c6-e3eef51e7b64,c6c28fde-56df-41e4-839d-2d6201c8dc27,-22,0,0.7512408987157386,0.5965609160429977
6a10f858-d73d-4ca5-9ae2-917698dd4b56,2022,2022-01-15,dac65a7f-4511-49a7-9c6d-3f29d22ff86f,7bb8a634-d969-4ec9-b472-8294b1782684,-2,0,11.621497493918415,0.870754284162241
6b29598b-f73b-4ec9-affc-c2a0d2c52d49,2022,2022-01-15,048ae5f3-c6e9-4937-93fe-ec224e17fea2,5bb511d7-5a12-40d8-83d2-8be20bfc33d4,-8,0,1.355598946369808,0.5437609992182691
6b9c5050-b1bc-4bf8-a3ea-d67d279620f6,2022,2022-01-15,2a426bd0-410e-4de3-8d49-d5fc05123454,9be3dee8-ee3a-44e5-bf8e-c59a500829e6,18,1,22.602047143941533,0.98020717790699
6de40915-6382-47d6-999d-1b6b8c3717a9,2022,2022-01-15,5870d352-4930-4235-9c03-7bcded7ae342,0f928622-6fc6-4817-9641-a4366153c8c0,-5,0,-5.723703829986322,0.3386431153523123
7075dcb6-2269-4f58-b71e-ab498e551e89,2022,2022-01-15,2d5a3d36-55d8-4fc7-9050-a067b5a5b3c9,9bf29604-a6db-46b0-b81d-92452dc43267,35,1,15.813715032089968,0.9595772174665381
711bf9eb-81e5-445f-bdb7-84e204e2c258,2022,2022-01-15,188437e6-a8e9-4e63-b58a-4141ffadc80e,95fd11d0-8e48-48f1-b7fc-f03fe1bc8c84,6,1,7.035921764676276,0.7507049259594516
72b3dc98-b7e4-495d-be60-6d72d166c794,2022,2022-01-15,f4045f82-f9ab-4d14-867e-496a744ac26e,e31be871-e6af-43f9-9cf9-865a275b7e6f,-3,0,-5.343326247538937,0.29064983015610196
743e9ab7-be58-4dd6-bc01-49e3c454d8a7,2022,2022-01-15,d25581ff-ffd9-4c81-a946-e99b1de2c3b6,2aba779c-997d-45af-a881-44cc87727a3a,3,1,-2.991971435188269,0.40735884548059215
745c1b7b-8663-4a4e-9bb1-8412f04fc3bc,2022,2022-01-15,a8f76e24-7f09-4727-b40d-6834e4fc0829,644511e8-8569-4c1b-b22e-4bf2710fa9da,-10,0,3.4693781025565817,0.6465067018372634
762b86d2-930c-4a29-8fd6-214998fcaa87,2022,2022-01-15,a50b7fa2-326f-4ab1-8bd2-b0bbf4f26d23,ca7c4f31-56b7-465e-a3a7-4a4a123f213c,-8,0,-8.51628388375745,0.18969188349234267
77fef248-c1e5-4dc8-a542-aca2eae7a187,2022,2022-01-15,b91fd5ed-1e0c-431b-bd4d-0947f67edb2b,c995f51c-df46-4643-9aa1-3830ce760066,15,1,9.430442711223149,0.8442924256988564
7a277a30-c680-417c-be8d-4ef76aa3e703,2022,2022-01-15,8b50b68b-b346-4272-bd86-947d908d937f,b773a5ad-3d34-4658-a942-6e2836f04e3b,6,1,10.833500726742574,0.8877643114210967
7ac8f50e-63f8-4a87-8a94-d1e8be5ac667,2022,2022-01-15,7f9edadc-8c22-4821-8da6-0ba70d59bbbc,7dfde2c4-2d03-47ac-8d87-e6480afb8a99,11,1,16.745095956010932,0.9507247582457711
7c4c5df9-dd46-4130-a641-197a54e7c4c6,2022,2022-01-15,d77ce32a-30e5-47ce-8841-52447d9fe891,a8d4a467-9623-470f-9ec3-c15afb497e8e,8,1,0.9793503450483221,0.5333682587902945
8095aa47-8a11-4160-8c9a-2e1c8ea6fec1,2022,2022-01-15,1049e433-d23c-4aa2-8581-4bef2ad0715f,7dd2d410-1958-49f9-8b62-e7cc25e3c647,35,1,12.47857125982066,0.9281087458090423
82fb9eee-8ea7-4334-b7ea-10380175ef3c,2022,2022-01-15,f1501573-e854-43f7-9346-e94fa60ac4b7,c5a3e484-778a-41ce-abc4-7ff9ec51ca4a,-20,0,-12.546666850373601,0.13573378083306822
86e89d0c-5f63-4d63-94cc-fd35321aaa9a,2022,2022-01-15,4e853367-c5cd-4701-9554-38bf174777a3,6b68cf86-676c-4d12-958b-f2b9da02a5a1,1,1,1.6407819041615264,0.6092018692532883
88ed9d7f-5893-49d2-bbe3-31585acb3f13,2022,2022-01-15,1cc71d7e-b5a6-4b50-a797-176f96548858,6915e90a-5d80-4d4f-8d44-0bd316979884,6,1,2.1353900970372854,0.6005185530931315
897106a0-a949-43dc-845a-a4346262bfac,2022,2022-01-15,96ccc81f-3016-42f2-98b1-6cbcbf6e8d07,53922fed-96eb-4cde-8b45-7f8b7e032cf8,-9,0,-13.700351338083903,0.08141206402807158
89744592-bcf7-42c6-9f74-953abe98b3b8,2022,2022-01-15,8dfdef93-7be0-45db-8281-e58565dd9d85,cc4eefaf-2887-46d2-920d-d97a8f3df18c,11,1,11.69613962212609,0.8836444319917318
8a8ec26c-5005-483e-83e7-3036412a251f,2022,2022-01-15,bf8f11f7-2ca6-48bb-ab7f-58720df6451f,95eeb869-4052-4a70-84dc-8178393a6646,-13,0,0.6238408724306079,0.44519556206155003
8e717bb4-54fa-49f6-b0ed-3ac7b97bc814,2022,2022-01-15,48b92b41-b7ed-4c2f-b7ef-3e3d4a99fd62,d7c1086d-592e-460b-9f30-684b14d1097f,-11,0,-1.9598612887788436,0.41426772875402457
8fd8f806-a561-4593-a412-6ed84451ace4,2022,2022-01-15,24dec588-02c3-4c82-9ea6-d467604a8150,2422cf8a-bacd-4cb0-97f2-244a07c62c78,10,1,-8.498315568703484,0.1655203922586909
94fdc0ec-5f5a-4ffc-bdfc-a984914c2163,2022,2022-01-15,dddedca4-47e5-454b-b278-b9f2fec5e78f,2a26048e-30fe-47e7-99d9-913f28dea879,-10,0,2.3733011897250202,0.6449339641357288
95803d0d-85e4-4786-8efb-8319555fd0e0,2022,2022-01-15,94a64c9f-34df-480e-8ac0-1bad98ef2a11,23ad3833-572d-41e9-8cc5-961b2db50d2d,-5,0,-0.8609517759209573,0.4566356525625593
964de4e0-d168-4cd6-a7e3-f3bbf15e1778,2022,2022-01-15,c3d3f21f-51d8-4ae4-9285-7209d1d97802,b31491f2-919b-4ff0-9274-11397e369e22,1,1,0.24487756486329346,0.4739839528592112
9d3f047c-8854-4cea-a828-2fc3a86b1a43,2022,2022-01-15,8af2e3d8-3a2f-4008-b261-30f11908b768,61d9acae-2486-4e53-82ea-60d146622f34,8,1,10.880357622242538,0.8849814685555933
9fee884f-769a-44aa-9868-6c5acfbc6b7e,2022,2022-01-15,2454a2fb-1f07-489d-8ee9-b4313e7e775b,87cec0de-4d93-4ed3-9ac3-deac97be5eba,-28,0,-1.9247339308135927,0.42930768668379626
a2b7f1f9-18ed-41d8-aa4e-0420c43dac15,2022,2022-01-15,28ef27aa-2dd0-4469-b521-fdbe9d8c6bd0,6da558cd-823c-46c8-b91b-4a40b474cc87,4,1,2.6009371430314734,0.6572549643017689
a5a3e3da-24c6-4104-a928-d376199e1da6,2022,2022-01-15,0a370edb-2194-4979-ad23-d796fb97dfb3,81c35070-ad3d-45bd-8fcc-5a8c73a46ba3,-20,0,-7.523856605254914,0.2268411002237246
a6434ce8-81c8-42f8-8ca3-4b5fdacee7f7,2022,2022-01-15,afaac3dd-1734-4b48-a2b3-c72d8548f375,43f1428d-b856-4fe8-b864-8728bfdbaffc,12,1,-1.6136299596241013,0.4329462627884451
a843459f-1673-4428-9996-24533f2b88e9,2022,2022-01-15,57a961fc-fabe-43a1-bd3f-78858a193715,e9770216-1dda-4db8-bc54-264a782d40b3,-8,0,-4.616835100155615,0.36193515748697264
a9718dba-e63b-4821-85da-6dbc9f4a9f58,2022,2022-01-15,fd0a26ff-3454-40f1-b8e8-1f0f6f9523db,9400f670-2aa7-4099-aa46-ea9cf4724079,5,1,6.584051078533399,0.8248059739907151
aaab5570-5587-46bc-9af4-b1c67bb0136f,2022,2022-01-15,9aff8705-aa1a-4181-bda2-9f9544361658,cba4f27f-e547-49bf-bbb3-2983917351a2,-36,0,-14.519215747304498,0.08075513648027101
ae54142f-c04b-466e-a032-d7605b120ce9,2022,2022-01-15,cc1716b8-24e4-49d7-8778-964affd58954,00366c32-204f-4176-9a22-20555a1e6363,-7,0,3.088127303292064,0.6030759112963583
ae54df6f-3c5a-4fc2-a34e-07012066f9be,2022,2022-01-15,12414365-9349-4a1b-a319-34a8ad92f7e3,e61ea85d-a57e-4621-930d-0b0e653eb2c7,-3,0,2.7193520049408333,0.6680685492440916
b38bc605-3ae7-4ea1-8780-aa5ded84ded1,2022,2022-01-15,6081d978-c3cf-482e-8374-c40b212242c1,4d299953-da89-4561-afe6-d0a2222d454e,28,1,3.8449137803809865,0.6190034212131121
b415395d-e2ba-4409-b3ba-841d85eb47cc,2022,2022-01-15,5953232b-95c2-4915-a150-ed30d3fdc96f,b394d3b3-e9a2-466b-abe0-89cda8e8d669,-9,0,-9.949364656121908,0.1192832887865524
b6cae7b1-112d-4f9d-99e5-e4ea763f7123,2022,2022-01-15,af1bfe66-a343-4c46-94f8-4c670ce2c8d7,a6f2099b-9086-4681-8ffd-c41cc6f1b263,-8,0,-12.306045657137998,0.10705182750170701
b78da7b0-5053-444c-b495-52ca0f8683dc,2022,2022-01-15,b101bc61-0628-4298-9362-c2e546437032,d91f2468-d81d-4b25-a8be-53e85e8b4ded,-9,0,1.37283825703038,0.6100681891425351
c16f9b43-1dac-4dff-b7e5-5780b4cdfd3b,2022,2022-01-15,3ae40137-6b36-46a4-99e9-3ea88255660c,d0a4ad01-cd4c-462a-a303-d94d9c7c79fc,-2,0,6.0890897210576,0.7244830598547594
c314b1e6-ee00-477e-b212-bda7cef26a83,2022,2022-01-15,669eb771-4301-4c20-8e17-113d14b6cc8f,c14dbd3f-31c2-4647-b19a-e03839f04ad5,18,1,15.317687044181632,0.9677752330677256
c417cf84-f25c-4142-81d5-aad86be5f49c,2022,2022-01-15,d99c752c-71e0-431a-b0b7-143707bbc110,62080182-ef8a-4907-90ca-00df4cec4e3c,-8,0,-4.394922410843205,0.32460054050590387
c4fcb530-f9b7-48e2-90b6-2ab39662a95f,2022,2022-01-15,ff948b57-cb4b-42da-a899-37fa5c8a6d86,03b227c1-5813-4ee2-b7f7-34094db05200,1,1,0.36121705678928984,0.5207011913151636
c86daa14-59f5-4fdd-922d-8dbb906e1056,2022,2022-01-15,1e2d1b39-91db-4949-af7d-13201eafcef8,add091d3-316a-457b-803e-9b8e145b76e6,4,1,1.6931983801007744,0.5565694894187238
c8dc7263-4d57-4b18-9435-253aea4d9a0a,2022,2022-01-15,1b846bd7-47c9-4bf6-ab08-e44d968a34f8,b0fa4996-a909-4fd7-ba9e-8f180716f7f3,-11,0,1.8296729648622252,0.5683388323854466
ccf1a6f8-c1a2-4091-aeeb-987b0486ad59,2022,2022-01-15,0d182ffe-13fa-4447-8f00-f38088d0cf05,0c933bdb-bf23-4a17-ae1a-f28978a95152,9,1,16.559828907746997,0.9779386018101935
cd1af616-e897-43f2-9290-08cd517ce424,2022,2022-01-15,f1fa4ba9-17ac-4467-80da-6559daef7a45,604f3fca-4ca3-445b-9be1-3cb6b7f69fd8,1,1,-7.098641999866376,0.2601105143200841
d24d60b0-11b6-41cc-a0bf-f62c4a811a57,2022,2022-01-15,e89766a3-c899-4922-aee4-cfaa2a8fb500,4d89f528-9a1e-41ca-beb0-98f913c61c2e,-17,0,-1.690159783833285,0.4443675909778084
d393302b-4550-4ddc-9b24-31d208613d77,2022,2022-01-15,2335e299-031d-43e6-9ae6-536cc9177f51,3911d63c-249c-41d9-a29b-df0377e1a054,-2,0,9.427018823706193,0.8521262676931527
d42c0d5b-c6de-432f-bcc8-6aca3c476744,2022,2022-01-15,59a704c5-1934-42cb-8720-83cd7ee9f3fb,3f62a009-8c84-44c8-9775-4e3959e17edd,6,1,6.9986242029766315,0.7241466367323626
d4699523-9d5b-4213-8680-427802a13b6b,2022,2022-01-15,4184e3dd-c499-4f67-b148-fb0c4342d564,8e9f9414-bd72-45a6-8896-59f1453666d6,-17,0,-13.611138409824019,0.08385721643260062
d78bf8e6-1aa0-4216-b314-d309d54fe3cc,2022,2022-01-15,8ce55fa9-2ea0-427f-85bc-c9e8ceb4d1f0,af6d34e9-4be7-4fc4-b61d-28a000704daa,-4,0,-5.395263552386011,0.2666264523214053
da66970f-bd72-463b-a343-e4af73090ae4,2022,2022-01-15,1e89fbf7-1862-4050-b61b-f4de4a9ae045,0f8a15c4-f4b7-4335-a429-ae233bf4aa41,-5,0,-11.423743694262486,0.09119494395202116
dcebba1f-9fd9-4c25-9953-e2d0e8143914,2022,2022-01-15,f5ff136b-cc0a-4eed-a502-c028afe284bf,212827bd-b2f5-4ca3-a901-403112b8594c,6,1,7.846898993452181,0.8123193308736346
e8234558-36c2-48e8-a7cf-5a332f6e7f80,2022,2022-01-15,31edfcc1-f627-47cf-9ca0-61370f3261d2,e6e965ed-2ea0-4655-b873-7c4b7d9db0ae,8,1,-0.9851771877327075,0.3862139539991868
e8790c40-152a-41f9-a750-eabd6db45452,2022,2022-01-15,eb341503-aa23-4784-af34-3b14bd72fdd4,4d587dbe-16e7-4990-a378-a0fc4c2c273f,-16,0,4.584674125102993,0.6445420899649388
ec9a807d-7129-46d7-9644-5a6f793e2af8,2022,2022-01-15,b23fd4b9-0101-4a30-a8df-10760e1f4bfd,8678425e-730a-4a99-bc7d-7c4282d7e434,7,1,3.5706163789469803,0.6753017559753826
ef1b63f5-4314-4013-adbf-ca4c5978891c,2022,2022-01-15,64820b75-84d5-4b53-8bec-43ee70e03b36,240cc087-ebae-4133-9c14-cb46ebe54b97,16,1,14.391676193359062,0.9242525311406801
f01332ce-f94e-4b9b-b2ee-2a3b371396c8,2022,2022-01-15,0efb1176-dc90-4109-b141-5025fc424128,a5e97c6a-a0e1-49d2-b6bc-8903c39ceaa0,6,1,-4.61689327256813,0.3350414228600163
f0ac38ca-fc6d-49f3-9928-c32c3b4124ff,2022,2022-01-15,8d6547d3-5ed7-46e3-9ddd-95756f8adf91,ead00c79-f9ca-4dc2-9beb-0b236dc32ce5,2,1,9.075197390977664,0.8517809008683297
f5c023ae-081c-47e5-8a1c-7a83c3122020,2022,2022-01-15,f3d329ca-1b85-47f6-a871-b80851fdc6d7,3b36f988-af5a-4761-a417-f496a2137c3c,9,1,6.123307875133305,0.6780941554989105
f6c110a6-0d8f-4139-aef4-301052de0bb9,2022,2022-01-15,c3603958-de3f-4014-9dd0-d9c4c84dd226,b32dbb42-380c-448c-b510-ee949569ffd4,-7,0,12.154044337165509,0.9329246683318076
f718e208-845b-4c57-80bc-1eb17322b9e1,2022,2022-01-15,ded40384-d167-4ba1-93ad-2fbaa4def151,99236a96-dba6-4b76-96ca-1b8bc30149a1,-5,0,-1.7780584307330056,0.4977784562064025
f7a0ed2e-6114-4f2e-940d-e2cd129243d7,2022,2022-01-15,5ebd8a2c-2831-4a31-b7bb-6d6e6e1f7ff9,f4843941-38ec-4607-a565-9eb459007c54,16,1,8.997051978301462,0.8321378037816597
f85a016d-f31a-440f-b9b4-beaa164b2d21,2022,2022-01-15,4e23c371-72f3-4986-a8c1-e7798c5dac70,ca910495-28ae-4dcf-a3bb-7b04612490b7,2,1,1.7071641945732188,0.6051318738127598
fa052910-5d76-41d7-ac9d-bf90f95967df,2022,2022-01-15,7187f894-4dce-4524-b538-b66a892cd89a,4090fa15-7788-40ba-95cd-6c5cba85e91a,-7,0,-5.100002722935138,0.29868344043687245
fb376527-c602-4457-9f4b-225ebc300fec,2022,2022-01-15,5253a75a-17f7-4ea5-b313-743697ebca72,9aed1c9e-7ade-4533-91c5-322e09783a7a,-8,0,2.83410658790544,0.6385897406149699
fd85c55a-9e63-4337-8670-64ff56b49326,2022,2022-01-15,2678c438-d23d-4ec0-8105-ab3f1c748aaf,ceed979f-ef7c-4eee-a2e7-fc66ff70bbc1,7,1,7.286103678432832,0.782252928271314
fe0255c0-3a3c-4fe5-8d03-eed30cce2722,2022,2022-01-15,68215498-0684-4009-a2fc-93fa21109838,726e1c94-fb9c-45ee-ad09-5e487744b47a,-6,0,0.11347388209832408,0.5516542248222017
2c20cb49-4449-4d19-82c4-dc405c1270db,2022,2022-01-16,ef3d2fcf-bc17-49a6-84e3-cc117e8fc095,46716039-e26d-4d19-a17a-35eec7c36cb4,6,1,3.740173716424787,0.601725420221598
32ab6439-6b97-4538-a386-f60b94e63a51,2022,2022-01-16,d1893fac-c32c-416c-9aed-0d6c61ad0935,0cc63380-151c-40fa-bc6b-76091785d359,-7,0,1.9716791560891338,0.557462757644127
48bb5c7c-f091-45a0-827e-43302858947b,2022,2022-01-16,1fac2552-eeff-489e-85f1-ce8abae4b5d3,3b495752-ddf1-47a7-8bdf-2625c4bfcce2,-14,0,-14.785187366595714,0.04459461937054188
54ad9421-c785-413b-87ad-6738942964c6,2022,2022-01-16,cf2375a7-1488-493a-8679-e8112b47cf7d,1bc4534b-6474-409b-abbd-f840a8dc148f,-8,0,-7.3264132201496786,0.23389407417960925
56658dbf-0391-4fe7-a42a-b436a4e39582,2022,2022-01-16,4b6d2ea4-d1ab-46f4-b480-555227d14e55,c2652773-7b58-4ba5-9edd-ffa62acbd245,-7,0,-6.302466574361177,0.2844104473961007
74de8be1-5220-43a1-94ed-d63e03b920cd,2022,2022-01-16,ad5bf26e-a32c-4d5a-b531-f6822b104284,c01c9fdb-95d5-43c7-b905-8bf714226631,5,1,4.699820672569693,0.6824115231788311
7fd79c3a-9d1d-48cd-805a-d17f45d05da7,2022,2022-01-16,cd9b9678-1f2e-4444-85d3-3269c4b3775a,df8bfbe4-f858-405e-bd5a-04f400d2d7f6,-12,0,-0.1534187380205588,0.517956775345271
a256c9a8-b537-49fd-a681-b99542cc2da1,2022,2022-01-16,eb038e9a-e14d-41b3-b26f-804fde52e571,d4de33b3-cd7a-47bd-bc4d-da1381432ffe,5,1,7.647264727245169,0.7496780340065121
abed81d0-c8f1-4054-a9ed-0a40184b1b1c,2022,2022-01-16,1e46f177-0551-4da2-8f3f-c683820ed5f9,88dd4c56-3e3a-462c-9958-87b739bdc457,-4,0,2.5051565873608452,0.6135692972287612
ac2126f0-896d-4f34-95a9-ba1ab25bd0bb,2022,2022-01-16,94d0d44c-b426-4381-9d58-bffb34c097f5,5d7eb8c0-4b09-461b-bbc5-e2a032194a74,19,1,12.305795077473574,0.9074082454273055
b4967291-5497-4182-bd42-926a646708b2,2022,2022-01-16,77b07047-6507-4cf4-85a5-4c69fc0c453f,909caafe-4b74-468c-a1d3-efd53ab80ca9,8,1,1.6603482414618802,0.5828264875521479
c0433807-ccb5-4b97-90d5-800137b8567d,2022,2022-01-16,54514b3e-2558-4e69-98f9-b1f97fc17835,062eb8a6-996c-4619-9ba7-498cdd009dd6,23,1,7.289044416787748,0.7714959576678593
c14bcd98-7409-45ea-a93d-118e11bf0ab6,2022,2022-01-16,1ff4fd9e-2594-47e2-8b06-66ad2ca3fcb6,fc4bf214-f945-46ec-8524-00a3196b7449,40,1,18.57333920346758,0.9700717502024987
db9ce189-98dc-498d-948e-2d146fb3a235,2022,2022-01-16,6bb1093f-59ab-4de2-9cae-c257b87d56e4,98555e7f-2f58-4896-b98e-4edcece8a333,-10,0,-10.864035955433776,0.1560698689507061
dca41e41-c681-4619-becd-23671d7555fc,2022,2022-01-16,1bd5203f-23cd-4c96-8b8e-fae5ddfbe69d,5a26bb55-d02d-4957-be27-861e8036f152,9,1,-3.7606722997496145,0.37777583492794714
ef14db0a-f9fa-407e-80c7-e092ba6325ae,2022,2022-01-16,964b0070-5909-49eb-8fbe-c2de5f48fe0f,56c81362-1bcd-418d-831b-74b9b0c4a563,14,1,-0.3642694099061405,0.5073361654696709
002da8a7-9ac5-4579-9533-47f0ca605f40,2022,2022-01-17,e44d72a0-bb34-4a0f-b307-188c3b30e131,3911d63c-249c-41d9-a29b-df0377e1a054,-10,0,-0.20754822458005287,0.4712282092558076
0b22ee56-d116-4f81-a981-df8ef1557081,2022,2022-01-17,9acbe680-5f94-47da-926d-51e1465fc500,3ee1f038-4cc3-46de-8651-23f4bd9a99c3,-8,0,-12.169319068451685,0.12466892312329513
11403dac-9928-4889-baa7-0d777bcc610a,2022,2022-01-17,7b9691f0-e940-401d-9e2c-1d4f695fd91a,9be3dee8-ee3a-44e5-bf8e-c59a500829e6,2,1,9.990064337321941,0.8267127461496755
150f252e-c3e6-4546-ba3f-7850a0205c0e,2022,2022-01-17,8d6547d3-5ed7-46e3-9ddd-95756f8adf91,a5658591-2fd7-4ab6-bea8-70e793ff3f6b,10,1,10.87061413774731,0.8815859393455724
3690a13b-dd1d-45a8-9926-148aa94228b7,2022,2022-01-17,51c9ea8f-034d-41b2-8d67-b519b3d48286,a270ed0b-d820-42d4-8101-f2bf9e25042c,6,1,-5.977091102760654,0.2691792539959061
432a5108-1917-4ec0-a90f-a8a7d06e7710,2022,2022-01-17,6726544c-ad23-4d1a-adfa-1a94c2e10a96,53922fed-96eb-4cde-8b45-7f8b7e032cf8,-1,0,0.491489918758973,0.481978607619141
4d39f676-578a-447e-beb6-a771c01bfdf6,2022,2022-01-17,ded40384-d167-4ba1-93ad-2fbaa4def151,af6d34e9-4be7-4fc4-b61d-28a000704daa,23,1,6.065990367257725,0.7031251658863419
4fa315f7-7708-4caa-adb7-304288714cb4,2022,2022-01-17,5ec861d9-4794-4460-b935-73f51f03efc1,4184e3dd-c499-4f67-b148-fb0c4342d564,14,1,4.198659121177385,0.6508941239365916
5c68be77-e0bf-4fb0-9636-49d8b681c101,2022,2022-01-17,5eab2011-0416-43e7-bbcc-83c4224297f9,31503e00-902d-4881-a3a5-52c5415e0e2b,-8,0,-2.917887025996096,0.3679026351195224
5c90df7c-e756-4a67-b58a-70f70a7946f7,2022,2022-01-17,d9411158-02d5-4d70-8862-92cec8bfdc49,212827bd-b2f5-4ca3-a901-403112b8594c,31,1,19.66694483349104,0.9839402658420636
5d3b6e09-4b47-45d4-9d5c-0200cd4effbd,2022,2022-01-17,c3d3f21f-51d8-4ae4-9285-7209d1d97802,bd64a96b-c6bd-4f04-ac87-79bec2f197d8,-1,0,4.316505638063256,0.6970348737315234
601f4d58-bd40-423c-a364-c5a254e650f2,2022,2022-01-17,4e23c371-72f3-4986-a8c1-e7798c5dac70,d67c23cf-71fc-4b63-b6b9-d41c6e172e4b,-7,0,-5.167614648682855,0.28433468503264064
62a696de-9d50-45ba-a1ba-10fa5a23e8a1,2022,2022-01-17,553733fe-ac6e-4397-9188-b27a01824e73,c14dbd3f-31c2-4647-b19a-e03839f04ad5,-8,0,4.754405531105445,0.6684672736604692
6eb7d714-6d22-4bb4-a732-2f732621a4eb,2022,2022-01-17,f5ff136b-cc0a-4eed-a502-c028afe284bf,14fa05e6-500e-41a6-b7a0-de4b16c4e7cd,8,1,5.76623170821216,0.6839557412806481
6f812ef4-6a4f-4996-b48d-c87ea4187b66,2022,2022-01-17,02d8446e-475c-43f7-a829-3e36474bc43f,21f47709-f514-49eb-9da9-1f6805407244,10,1,6.7536983845091845,0.774623696449727
73f56c40-d0ac-4be1-bd81-b77c0151ea58,2022,2022-01-17,61bcde81-66e5-484e-95eb-5f373ff4a7eb,95fd11d0-8e48-48f1-b7fc-f03fe1bc8c84,-3,0,-11.514500885963326,0.14294645639258696
78706aba-3f02-47ac-ae1d-87c311102d94,2022,2022-01-17,2678c438-d23d-4ec0-8105-ab3f1c748aaf,4d587dbe-16e7-4990-a378-a0fc4c2c273f,30,1,14.517098342194176,0.9242597480561788
7a19bfd8-50f2-40e3-84b9-5aee4caa539f,2022,2022-01-17,86391a21-965e-44e8-819b-837cac02859b,f9a723a0-1697-4175-8193-97f2f8906c0f,-7,0,-5.819007984791221,0.3350761208577443
7cb32ca0-0192-4a45-8b41-7468d7264482,2022,2022-01-17,3fa1a848-0e6a-41e6-be7c-d6241c6c6caf,8f73f541-6fb8-4ad2-a1c6-e3eef51e7b64,-16,0,-11.240205922415251,0.08907923174641828
805d1c1a-95cb-4db7-9370-2b5be2c80248,2022,2022-01-17,a8d4a467-9623-470f-9ec3-c15afb497e8e,48b92b41-b7ed-4c2f-b7ef-3e3d4a99fd62,8,1,20.267901249131352,0.9835017940953648
8e3710fa-8e70-40b5-bb54-328aaf9ea662,2022,2022-01-17,ead00c79-f9ca-4dc2-9beb-0b236dc32ce5,fd736c6d-0d9a-4837-8153-b1f51e776578,-3,0,2.6798669117623906,0.6147754172440255
96b753b3-13a1-4aa2-94ab-55c3fd8791c4,2022,2022-01-17,eb341503-aa23-4784-af34-3b14bd72fdd4,ceed979f-ef7c-4eee-a2e7-fc66ff70bbc1,-7,0,-3.0819486585411187,0.367007370517078
9c07458b-df4d-412b-86e1-0f760f64dfe5,2022,2022-01-17,fbf897ee-41aa-431f-8ef5-0ea7cbe2a05f,99ad5125-6b8a-446a-ad41-7a5f50dcf6b7,-8,0,4.235976731208447,0.699858557442589
9c2e6fad-08d2-45f0-b946-a0086971ec39,2022,2022-01-17,ee925def-24cb-4b43-969b-4fe42d68b72e,b31491f2-919b-4ff0-9274-11397e369e22,3,1,-0.40743869263665483,0.4768921484456673
9d6fee8c-5aad-4d74-91db-b1fd83541ca5,2022,2022-01-17,884b1e88-9543-406b-bbef-d24ea9c36092,c6c28fde-56df-41e4-839d-2d6201c8dc27,-26,0,-23.566774651119758,0.026293081605917246
9d772bb1-87e3-4851-bb9d-59d4645f562b,2022,2022-01-17,4a44b6c6-3fc1-427f-bd05-432860f3024d,b553e2a3-5933-4adc-b999-6deb896450c3,-11,0,5.333068341520421,0.7842811039224682
b5811fc6-dcc7-49a6-9f0f-1f2fad2a3835,2022,2022-01-17,57a961fc-fabe-43a1-bd3f-78858a193715,dea85f83-4470-4a0a-934c-553c4722d079,-6,0,-5.987393180975952,0.27287387507871874
b85a84c3-011f-4e01-a9dd-fb212cc872e3,2022,2022-01-17,94a64c9f-34df-480e-8ac0-1bad98ef2a11,f3d329ca-1b85-47f6-a871-b80851fdc6d7,-7,0,-3.9418264702434995,0.3872526344717014
b8de62ef-97dd-4494-911e-866e227b69d0,2022,2022-01-17,73339436-3261-4171-9cc8-854b8e176836,e9770216-1dda-4db8-bc54-264a782d40b3,3,1,0.9142538918416099,0.6568222526973203
c687f3c0-e96a-49e2-b52a-71f75a3ffd17,2022,2022-01-17,3943bea0-341e-414f-8f46-b97e08b5f90f,1235749c-6be5-439f-872d-e0a85682aef6,-1,0,0.6009250311525953,0.5172256574647366
c86437d4-b334-490e-a990-41dba41ccc7a,2022,2022-01-17,9aff8705-aa1a-4181-bda2-9f9544361658,5018dfc0-8279-4a3e-b376-b7606f612a00,-25,0,-10.345329401231423,0.13282367144255974
d7460c66-c0f3-4a68-80c1-15eba93ea182,2022,2022-01-17,5e661a2a-5f48-4f4e-b78a-4ebc2220c393,b7898dbc-7198-47fc-8098-496c7867351f,2,1,2.3773933506742475,0.638210710878242
e438edac-685d-40e6-90eb-a1d2fe5039a5,2022,2022-01-17,f816660e-09e0-4733-96a2-4d878efbff6a,247be024-10cd-4230-8ff4-c8f55dafdf33,-14,0,-6.457273889974036,0.27797215679021686
eb85e1f9-168b-4893-aed3-41f7b1978546,2022,2022-01-17,4db0015c-fae1-4d5b-8be6-db756062d47c,b9052e15-66e8-40e6-86ac-a872e5c51fe8,-17,0,-6.3545395733628265,0.2427264502638414
f0790781-cca8-4b6c-9cfa-c3a8de8bf56e,2022,2022-01-17,42f97a12-c358-47bc-8b1c-e20878be4a05,87cec0de-4d93-4ed3-9ac3-deac97be5eba,-2,0,1.7230844861270962,0.5000836738706117
ffc0b69e-f248-4c6b-98cc-ddfe57124a88,2022,2022-01-17,cc4eefaf-2887-46d2-920d-d97a8f3df18c,0d182ffe-13fa-4447-8f00-f38088d0cf05,29,1,6.26470108569949,0.7416265098863105
02ca0ac6-c896-42b8-b912-d6de91e16c9a,2022,2022-01-18,4204a542-7881-4f83-972a-7567cb51cc3c,fc4bf214-f945-46ec-8524-00a3196b7449,17,1,14.682078373972457,0.923530167498353
0490e97f-090c-4539-94f3-d7fa3ace822f,2022,2022-01-18,75755c79-6aec-4154-b1f8-2337fd4a06c5,43fdfa19-1583-4159-9c0e-1e88e231b35d,-1,0,11.58327429855077,0.8786886814929326
06bbb97d-654c-4570-b3aa-f6fa35e7f98b,2022,2022-01-18,28669a26-792c-4843-ad64-6f16da03d389,ff725b84-1ca5-43ef-be84-cb70a6494dab,12,1,12.534690907695877,0.8735691407570865
0de93271-b654-47b1-9e4e-fde26fac42c8,2022,2022-01-18,97a440d7-b0b9-4fd1-9da8-6460649da714,3ae40137-6b36-46a4-99e9-3ea88255660c,13,1,2.336097447281096,0.627911275327783
0e0dffa7-a604-47ff-9565-0dad60223858,2022,2022-01-18,03b227c1-5813-4ee2-b7f7-34094db05200,9020eea9-bced-4c46-9f85-8bbdff3393c5,-3,0,-7.780604963985804,0.19284976046232916
10dfe49f-9a9c-4881-81c4-f0a147bf1f6b,2022,2022-01-18,793f775a-aec3-4741-b86e-4c8e079f74a4,4d299953-da89-4561-afe6-d0a2222d454e,-8,0,-7.26535086134589,0.22816784625878073
137c5460-941a-4ae7-a2ee-65ee516d0249,2022,2022-01-18,2454a2fb-1f07-489d-8ee9-b4313e7e775b,be639f4e-dcad-4737-8fdc-2740207d65e3,-2,0,-6.19370563475089,0.24234283998082615
2b5fb596-32f9-4f7f-aad3-b4e2736d27e4,2022,2022-01-18,5953232b-95c2-4915-a150-ed30d3fdc96f,f4045f82-f9ab-4d14-867e-496a744ac26e,-25,0,7.253659235721781,0.7814382401344578
2b94ded3-13b1-4acd-ae13-4590f09d74c1,2022,2022-01-18,e40486af-12fa-47cc-93aa-4b196b7f5bbc,78c4f8c4-d04f-47ed-92d3-34e159fec915,28,1,-0.7965502466730205,0.46177029760735927
2de935fb-b265-4959-9e59-d3a9a48368e8,2022,2022-01-18,aef6cc9a-dcfd-4137-aa03-9926d921f466,cd84e158-0ec9-44ce-872b-e44a595a4e37,1,1,14.363026056248815,0.9430410364166568
3cb50cb9-bbd1-4eb0-bbbf-e896ad5b5b25,2022,2022-01-18,f05e79bd-96f4-4690-83c5-60a9d4972d05,31edfcc1-f627-47cf-9ca0-61370f3261d2,13,1,2.38589539245624,0.5918715299036565
41586be8-1a84-45d2-b747-9a358d23e5ee,2022,2022-01-18,5f19cada-0d6a-4a64-bf90-7be104537c24,29263387-625d-4270-b420-6066c840fbe3,39,1,11.202670472266163,0.837697950259389
4efbc8de-d5c4-43a3-99f2-335948a0ee75,2022,2022-01-18,eb038e9a-e14d-41b3-b26f-804fde52e571,7dd2d410-1958-49f9-8b62-e7cc25e3c647,46,1,37.38149438796746,0.9893659207904134
525934d8-1467-40c8-890b-18f1eb0c6c0e,2022,2022-01-18,2bf13d1a-4738-4039-9d08-49f17859d4eb,0724bbd2-14e4-4069-820d-16f4dcda5df5,19,1,28.84555483149298,0.9817295643117563
5ff90876-85f3-48d7-b7ef-ec9e510e1a6e,2022,2022-01-18,ad5bf26e-a32c-4d5a-b531-f6822b104284,062eb8a6-996c-4619-9ba7-498cdd009dd6,-9,0,-1.9746053779820787,0.4035147545551827
65a0a6f5-3785-485f-9513-a60804d59a73,2022,2022-01-18,7bb8a634-d969-4ec9-b472-8294b1782684,f621591e-18ed-471c-92f8-2c4d4c00bb75,-6,0,2.8547687021752304,0.6213770815542901
6e815059-021b-486b-9666-6f37baae0384,2022,2022-01-18,00366c32-204f-4176-9a22-20555a1e6363,d99c752c-71e0-431a-b0b7-143707bbc110,16,1,12.051888382569334,0.9073284556735159
72881fd9-85b8-4825-8d28-5c54cd4c4ffa,2022,2022-01-18,ce6a2240-48d2-446a-a847-e4ad4367b9fe,1b846bd7-47c9-4bf6-ab08-e44d968a34f8,19,1,9.896579059773925,0.826411216409475
746d8b72-584d-4139-a198-687acb83a8c9,2022,2022-01-18,b23fd4b9-0101-4a30-a8df-10760e1f4bfd,92665c8e-76f8-4e29-a164-ffd7c8890a33,-9,0,3.1874356762033966,0.6125714976637993
799683fd-a063-44c0-a88e-89df343d8424,2022,2022-01-18,f1fa4ba9-17ac-4467-80da-6559daef7a45,d84d7188-0176-4937-80ec-d83ae93a1912,-7,0,-1.8657438009793954,0.44458198259574866
7afc820f-7368-4392-a6b8-0e61d0166e02,2022,2022-01-18,ca7c4f31-56b7-465e-a3a7-4a4a123f213c,fc748d3e-7f1e-4823-9d7c-f14ad3df799a,6,1,15.258377264778268,0.9493557205798991
83e34f9a-a38f-4e8e-ae7c-cec5a3115ac6,2022,2022-01-18,d2cb99ee-debc-4e8f-93ba-b0ffd42247ea,7798adeb-2809-42ca-b509-02c719168825,-2,0,4.205375375349449,0.6095915027093672
88f77fba-a28b-4925-97bb-e4bbb2c31a4b,2022,2022-01-18,8de64d3a-4bae-4d2a-a4d2-15ec6583f6aa,c3603958-de3f-4014-9dd0-d9c4c84dd226,-9,0,-9.761335149708822,0.1762182218634326
8faeaba3-3a29-4685-8061-726dd018db20,2022,2022-01-18,e6d68428-bbd2-4402-b980-d22e5e7957ab,54514b3e-2558-4e69-98f9-b1f97fc17835,-1,0,-0.7872651274407472,0.48036020913922023
9c5642c9-d8b9-4280-b183-5d583aecf67b,2022,2022-01-18,be29cc8b-f65a-4ba7-8a0d-40b2a9643422,28760428-230c-4858-9d2f-0ff8e804da52,14,1,8.604160223623618,0.7570371767620931
a0b54f0f-1628-4037-b790-2caf1719b3ec,2022,2022-01-18,e0d91570-7fe4-4dbd-b6ba-f6ce261fd58b,01167cd7-9c6a-4860-904c-78f7c777ba81,-5,0,-8.932343358279052,0.15965157746835396
aff2845e-1b1b-4892-a554-8dadfc0480dd,2022,2022-01-18,944226c8-c2af-4571-a853-5bb934c49ae4,2335e299-031d-43e6-9ae6-536cc9177f51,7,1,-1.2700984241503266,0.4020508483617975
cc4e3f84-84ed-4948-8973-76d607a9dd5e,2022,2022-01-18,f8490c90-4ca1-437a-93da-114f5dac0426,3e79582f-0f2d-4ace-86a2-242de87ef6c2,13,1,10.21268651342012,0.8913546674960644
cfd065fa-f342-434f-b687-421e1d2d38b1,2022,2022-01-18,8678425e-730a-4a99-bc7d-7c4282d7e434,91a6fe66-7652-496c-9d91-c9bd2b333b6b,-9,0,-7.75562769060887,0.23360985406346732
d1fc17b3-8d3a-483a-b98c-d202c8db7f6b,2022,2022-01-18,c2652773-7b58-4ba5-9edd-ffa62acbd245,c01c9fdb-95d5-43c7-b905-8bf714226631,8,1,13.315532065726064,0.8927727630497445
d847fe58-3521-471b-8438-686b47bb5193,2022,2022-01-18,371a2930-c5a4-405a-bb44-9f22b55ca81a,db040d7f-5499-4400-9069-620c27646ed6,-23,0,-5.964396255457577,0.33716046758501117
e60fece0-2fc2-4aa4-b9f3-a2a57254eaa8,2022,2022-01-18,1c994624-ca30-44fc-97cb-9a0aa481ad72,a6f2099b-9086-4681-8ffd-c41cc6f1b263,-29,0,-20.049987996110538,0.03302959852169245
f7aef2d8-c51a-4443-9bc3-68ced98fa020,2022,2022-01-18,697f7fa6-4d64-4abb-8310-9f310c49ad61,0c1c2a64-13fd-4f6b-b1b1-2f9290dc2295,1,1,-7.044772805524648,0.26028409209024894
098da73d-dbe3-435b-b45a-210ecbf54a61,2022,2022-01-19,c995f51c-df46-4643-9aa1-3830ce760066,8e9f9414-bd72-45a6-8896-59f1453666d6,-26,0,-23.232741064113654,0.04220061927026573
0d19aa66-0547-482b-bdeb-811cb62601ac,2022,2022-01-19,fb5884a9-f370-48a9-9000-3b1a4f02f0be,24f1d79c-4241-4c82-bf09-57a159ce81b3,3,1,4.946327346404017,0.7348325399097256
146d4373-37d6-4454-8b87-b0a7a7228a91,2022,2022-01-19,2bdfedb6-38f0-4eb8-baaf-2965a942cb85,0a370edb-2194-4979-ad23-d796fb97dfb3,38,1,17.729923694215138,0.9684267724636774
1f326a3b-3c13-4f65-b344-c5c45ff59427,2022,2022-01-19,ef3d2fcf-bc17-49a6-84e3-cc117e8fc095,4b6d2ea4-d1ab-46f4-b480-555227d14e55,6,1,2.987779609649808,0.6440744126851453
2539f3e7-1183-4e58-a65a-9088aa70b444,2022,2022-01-19,b4531112-44f4-44bd-877c-3fca948b51f3,37f4b484-184e-49ff-b002-89ed33daf72e,12,1,2.219035158928893,0.5874931311763045
262abf77-15e1-46e4-9233-ea42212492b2,2022,2022-01-19,bdcaae22-ba48-4546-82af-ca21a229c276,d0a4ad01-cd4c-462a-a303-d94d9c7c79fc,13,1,-1.1488682561604615,0.39982246683346107
2d3d7d6c-9953-4b9f-8ddf-42c8d1b56c54,2022,2022-01-19,5820546f-7b8e-4593-afc4-fa098623f568,048ae5f3-c6e9-4937-93fe-ec224e17fea2,-5,0,-8.368258972207897,0.19068746030107778
32e5301a-6910-430b-98ba-5d62a76266d9,2022,2022-01-19,95eeb869-4052-4a70-84dc-8178393a6646,b553e2a3-5933-4adc-b999-6deb896450c3,2,1,6.061814918062897,0.7847201373443793
332e7839-e436-4fc1-9047-ac213f13a266,2022,2022-01-19,df8bfbe4-f858-405e-bd5a-04f400d2d7f6,d1893fac-c32c-416c-9aed-0d6c61ad0935,-17,0,-0.48039699885011466,0.4383791321757212
34602152-e112-4997-8aaa-ccb8f096f623,2022,2022-01-19,3f62a009-8c84-44c8-9775-4e3959e17edd,af3a149c-e965-41c9-af16-a3dd0322f9a7,-13,0,6.916736748514257,0.8275701456481294
3f05ff92-20b1-4bb9-b0fc-56496438c9ab,2022,2022-01-19,2454a2fb-1f07-489d-8ee9-b4313e7e775b,be639f4e-dcad-4737-8fdc-2740207d65e3,-2,0,-3.587434863958464,0.29768016234190764
4506bdc8-4397-473c-8e44-ab10b241ec32,2022,2022-01-19,a313a13e-7ac3-4c73-8872-6d424a253480,188437e6-a8e9-4e63-b58a-4141ffadc80e,-3,0,-7.1036027297508415,0.299025281593722
53990d23-8f0f-413b-a2d3-8b526a730915,2022,2022-01-19,4184e3dd-c499-4f67-b148-fb0c4342d564,b91fd5ed-1e0c-431b-bd4d-0947f67edb2b,-12,0,6.999108430987186,0.7809831814526517
551433a2-2006-4fd7-84f0-82af83e4feae,2022,2022-01-19,cba4f27f-e547-49bf-bbb3-2983917351a2,a50b7fa2-326f-4ab1-8bd2-b0bbf4f26d23,6,1,10.50809945147755,0.8807161826256584
5729124a-89b6-49e4-a5f3-314ac78e0e90,2022,2022-01-19,c2c0a075-e16f-4aa1-a838-887ef3ba2106,cf2375a7-1488-493a-8679-e8112b47cf7d,9,1,11.265629888298514,0.892401507124795
5ef32eec-9e05-4c32-9916-9adc27c736aa,2022,2022-01-19,56c81362-1bcd-418d-831b-74b9b0c4a563,77b07047-6507-4cf4-85a5-4c69fc0c453f,10,1,7.866135872410809,0.8308937470389396
5f6f936c-ce3b-4345-be7c-d3b90fa4513f,2022,2022-01-19,4bd089fa-104e-4a99-a39a-1af78fc3e611,e0d5322c-5032-4768-98e5-0b1ffa787a08,-2,0,5.5166645007878845,0.7663408391270533
69904d68-f3d8-4e06-829e-de387cb945ce,2022,2022-01-19,1ff4fd9e-2594-47e2-8b06-66ad2ca3fcb6,4e853367-c5cd-4701-9554-38bf174777a3,-3,0,12.175180701417874,0.9042570603530681
79007f99-7ebe-41ee-a5f3-be94510b13e0,2022,2022-01-19,3943bea0-341e-414f-8f46-b97e08b5f90f,af1bfe66-a343-4c46-94f8-4c670ce2c8d7,8,1,12.140350449160545,0.8774988195774739
7e0f09c0-f772-41ab-b0e2-6a85b13006f5,2022,2022-01-19,1607fc40-d48c-4c58-9fa8-96e3f20a5137,5bb511d7-5a12-40d8-83d2-8be20bfc33d4,-16,0,-6.982906808270961,0.24170688334717283
7e917e15-08e8-4359-ac46-8e6fe351252f,2022,2022-01-19,4bc4f625-be38-4da1-919a-c43bedce10b4,cc1716b8-24e4-49d7-8778-964affd58954,3,1,0.7549409768087111,0.5052813948870065
810c3bcb-8cbd-4173-966a-ea6046a2d888,2022,2022-01-19,d13e3f73-7b13-4e91-9249-09f1e11e488e,31a85828-d084-442c-9cbf-1f706ab87f57,3,1,-3.174068277298159,0.386667961170043
82899ad4-ca24-4ff6-9b6e-c1d502b9b2be,2022,2022-01-19,59a704c5-1934-42cb-8720-83cd7ee9f3fb,37d32b57-ae72-4669-9669-a71097de1196,8,1,10.04452291858615,0.8269886781201593
866ec70f-4fd7-4e6b-8d3b-781e315323e0,2022,2022-01-19,3911d63c-249c-41d9-a29b-df0377e1a054,9aff8705-aa1a-4181-bda2-9f9544361658,15,1,18.70200876870213,0.979326437298149
88ee6543-77f1-4f10-af91-8925cfb5bb31,2022,2022-01-19,d98e9dc5-d3b9-41c1-ac48-5a4945d47713,94d0d44c-b426-4381-9d58-bffb34c097f5,23,1,5.317213048265933,0.7320690359221045
8fc4908b-997b-43e2-a9fb-b7d6376d62f0,2022,2022-01-19,b0fa4996-a909-4fd7-ba9e-8f180716f7f3,98555e7f-2f58-4896-b98e-4edcece8a333,2,1,-8.820170679273327,0.19300397223941906
a6849f51-ca09-4dd6-9db2-3323edd0aa37,2022,2022-01-19,0cc63380-151c-40fa-bc6b-76091785d359,cd9b9678-1f2e-4444-85d3-3269c4b3775a,-8,0,10.789061358034337,0.9049432776810286
a8c80327-ee90-42d1-9f46-bf876e94b898,2022,2022-01-19,1bc4534b-6474-409b-abbd-f840a8dc148f,5ec861d9-4794-4460-b935-73f51f03efc1,-3,0,-0.3754322815847962,0.5070419526416355
af94cd04-17ce-496a-8303-1302ae1b52ba,2022,2022-01-19,1235749c-6be5-439f-872d-e0a85682aef6,5a26bb55-d02d-4957-be27-861e8036f152,-12,0,1.593049719084239,0.6663685081661288
b39cd8ec-7920-4858-afb3-a50dcb35f33b,2022,2022-01-19,e31be871-e6af-43f9-9cf9-865a275b7e6f,6081d978-c3cf-482e-8374-c40b212242c1,-6,0,-6.695664184444969,0.2610890204616639
c1ac13fb-475b-4ab1-a7d4-036d1a88f468,2022,2022-01-19,e61ea85d-a57e-4621-930d-0b0e653eb2c7,f3d329ca-1b85-47f6-a871-b80851fdc6d7,8,1,1.7304757486842073,0.5837216018883046
d1280cc9-7db9-478d-9589-55786f1dfb1b,2022,2022-01-19,81c35070-ad3d-45bd-8fcc-5a8c73a46ba3,94a64c9f-34df-480e-8ac0-1bad98ef2a11,12,1,12.80211863652022,0.8998297477662579
d44fcd82-18e2-4ad9-a50c-5e6244a50ebd,2022,2022-01-19,62080182-ef8a-4907-90ca-00df4cec4e3c,d84fbf05-f799-486b-956e-f0500927e1d0,8,1,1.535541872622857,0.5208415301820803
db5f8b85-1a8b-4120-8f35-1386d2f675a1,2022,2022-01-19,909caafe-4b74-468c-a1d3-efd53ab80ca9,dcf098f0-7fc0-458c-95fe-c6f0743b4274,-19,0,-13.051788253083686,0.09037286645081546
e89f98a3-0205-4976-b6b1-2b1b06cbd329,2022,2022-01-19,1e89fbf7-1862-4050-b61b-f4de4a9ae045,e06f08fc-4ed9-4807-9f8a-7889130e21f6,4,1,-7.5954052747041425,0.23543880072983875
eb3f2c79-f942-47e8-b94d-e81d0d88b8e8,2022,2022-01-19,fe829304-1347-442c-85ad-2139be36330b,e5df557b-d16f-479b-b7f6-db85db97e2cf,-1,0,-4.658645636661853,0.40582731437155467
ee47aaf7-c70e-42b5-a32c-500cac4be2c9,2022,2022-01-19,b32dbb42-380c-448c-b510-ee949569ffd4,ff948b57-cb4b-42da-a899-37fa5c8a6d86,1,1,3.919388492069969,0.6564717626550324
ef2a0fad-f1a2-4430-8199-aa30a28ba1d6,2022,2022-01-19,b394d3b3-e9a2-466b-abe0-89cda8e8d669,3411d575-6a72-4b22-885f-e90bac6bdd28,23,1,23.385533084228634,0.9833856101989817
f4f32d43-3233-4178-9a0e-914d5b3a756e,2022,2022-01-19,0b986199-3ea8-40ba-98dc-8a54b3509609,1bd5203f-23cd-4c96-8b8e-fae5ddfbe69d,25,1,13.126379515489567,0.8696884094495957
010b4cfb-fee4-497f-be11-392a9bc015db,2022,2022-01-20,697f7fa6-4d64-4abb-8310-9f310c49ad61,42f97a12-c358-47bc-8b1c-e20878be4a05,13,1,14.974091243485143,0.9572490670979665
03d516ce-eac4-4ad7-a825-33daa7533757,2022,2022-01-20,f05e79bd-96f4-4690-83c5-60a9d4972d05,dfc3b54f-3b20-406f-a673-33061db4e3ba,-4,0,-5.305234792817319,0.3289209863181943
0b7c0430-0470-40a2-b3ee-6aa253bcf181,2022,2022-01-20,43f1428d-b856-4fe8-b864-8728bfdbaffc,9400f670-2aa7-4099-aa46-ea9cf4724079,11,1,11.28295982551275,0.9200705411479416
1da4b16c-ef43-489d-bb6b-d5b1ba801d14,2022,2022-01-20,bf8f11f7-2ca6-48bb-ab7f-58720df6451f,fbb275ea-bf78-4cdf-ba66-538cd9722ef8,6,1,-9.309843900573213,0.13999512607611692
29e3fec0-ecac-445c-ab17-5028ecf578c0,2022,2022-01-20,0f928622-6fc6-4817-9641-a4366153c8c0,0d182ffe-13fa-4447-8f00-f38088d0cf05,14,1,10.252455379189607,0.8759395771788117
29ec9bf2-5d2a-48ed-8435-924bf3671363,2022,2022-01-20,bdb5791e-8da5-4640-82cf-7354e2f02b3e,f9beb22d-1a30-4dc8-88ac-4737870b7e69,8,1,16.38023183297298,0.9472328755703386
2aa66a12-dfba-4545-a386-2620bdedcd54,2022,2022-01-20,4090fa15-7788-40ba-95cd-6c5cba85e91a,8f73f541-6fb8-4ad2-a1c6-e3eef51e7b64,9,1,-0.9362975392863337,0.45307831030947476
2abe4302-c9a5-4e32-9710-e6dd0393883c,2022,2022-01-20,f22782cc-03b3-4a0e-a189-8305ebe19b87,cddd6722-8c88-48b6-853a-6481451c0290,-10,0,-3.609247117408678,0.40102200822937056
31807c55-fcad-4a13-8ca8-f453f67794e2,2022,2022-01-20,743e2828-8a80-4168-9d8a-f8cc1d9b0b9a,2a426bd0-410e-4de3-8d49-d5fc05123454,-28,0,-8.833331486784255,0.09677838597808577
364b6190-8457-4483-8dc1-068f1260f8d7,2022,2022-01-20,e9770216-1dda-4db8-bc54-264a782d40b3,ded40384-d167-4ba1-93ad-2fbaa4def151,28,1,7.107586364345098,0.7888815149040949
36be7175-1f82-4dae-b8ab-de56ffb454a0,2022,2022-01-20,3e7063d6-a6e4-4aa4-8e77-044c9f5fc21a,5d7eb8c0-4b09-461b-bbc5-e2a032194a74,8,1,12.511881858266062,0.9300617191970556
3fe75bbd-b9c6-4f49-a1ef-423546ab5590,2022,2022-01-20,9aed1c9e-7ade-4533-91c5-322e09783a7a,0c933bdb-bf23-4a17-ae1a-f28978a95152,5,1,12.82016350700365,0.9067481068723386
403e526d-382c-41b1-adf0-5651e5ecba8d,2022,2022-01-20,af6d34e9-4be7-4fc4-b61d-28a000704daa,99ad5125-6b8a-446a-ad41-7a5f50dcf6b7,-1,0,-3.0866982911588416,0.39415378783361815
44379021-9bcd-4282-8ff9-867ccffcf5a0,2022,2022-01-20,88dd4c56-3e3a-462c-9958-87b739bdc457,f04a9115-7f6e-45d4-8590-4934a791ebb3,21,1,5.892140605077694,0.6899320033256833
47b85418-97dc-4302-81d1-92dc9e1f566b,2022,2022-01-20,f9a723a0-1697-4175-8193-97f2f8906c0f,31503e00-902d-4881-a3a5-52c5415e0e2b,3,1,-2.90843499756858,0.40088207353283156
52c1f661-39c8-4a19-98ce-46d184b0e16a,2022,2022-01-20,5e661a2a-5f48-4f4e-b78a-4ebc2220c393,ab8cafeb-02fc-4c83-aa0d-dcc530796fe4,-5,0,-10.044394228036357,0.16276705398482288
54d1c447-f015-4924-8b62-33f6da8553bf,2022,2022-01-20,1049e433-d23c-4aa2-8581-4bef2ad0715f,16133dd5-c118-4a85-999d-20451d1fe132,10,1,-5.827710683955073,0.26560266531669935
56aa565b-f238-4f60-927f-d88f7f660879,2022,2022-01-20,d34afafa-d43d-432c-98d1-72ab0aa8a823,77413edc-f997-4807-a4ea-9caf8157da8e,16,1,12.093275905231497,0.920473912231034
598c2032-c4ea-4cf3-b3cc-e77ea090b4dd,2022,2022-01-20,d77ce32a-30e5-47ce-8841-52447d9fe891,9c70f4e7-acfb-484b-8154-f0fa9365a3a8,25,1,-2.873713294841287,0.39473934525755733
5b3c4588-c0ec-4aff-bc74-78d9694b6b50,2022,2022-01-20,46716039-e26d-4d19-a17a-35eec7c36cb4,e6d68428-bbd2-4402-b980-d22e5e7957ab,-3,0,2.4627626074323303,0.6278679814712191
5e4453de-56cb-435b-adca-ba07e75d37b2,2022,2022-01-20,b773a5ad-3d34-4658-a942-6e2836f04e3b,3ebbd7b5-f0e2-4fd6-870c-58a45d420f53,-4,0,-6.051699521180726,0.3212458533306302
62842526-e99a-49ff-8ccb-76b36c33d872,2022,2022-01-20,92665c8e-76f8-4e29-a164-ffd7c8890a33,aef6cc9a-dcfd-4137-aa03-9926d921f466,-25,0,-8.250513974932067,0.2300026514132255
71927447-262b-41dc-9564-affc6482f19c,2022,2022-01-20,2335e299-031d-43e6-9ae6-536cc9177f51,ca7c4f31-56b7-465e-a3a7-4a4a123f213c,-3,0,7.341862127591437,0.7771142537721741
72a378de-7593-45a5-9a52-7ebe34d33a15,2022,2022-01-20,79f44737-6e40-4cba-af63-6ff773df5f36,d67c23cf-71fc-4b63-b6b9-d41c6e172e4b,-10,0,3.3106675085932955,0.6076944467793461
72ee9407-8341-480c-8322-b66267eb4658,2022,2022-01-20,3b36f988-af5a-4761-a417-f496a2137c3c,ca2c8cbf-6e05-45fe-8697-30f46c2f58b1,-8,0,-7.91581913732816,0.23292814026711334
77b93a50-f54f-4e01-805b-0e0299b8a19d,2022,2022-01-20,61cad1f2-f187-4b2f-8e53-02eb65eae2d1,669eb771-4301-4c20-8e17-113d14b6cc8f,-15,0,-13.665775498040333,0.07868227505179551
7872bc41-a8a3-45cf-b0e8-90cd33d0ab9f,2022,2022-01-20,afaac3dd-1734-4b48-a2b3-c72d8548f375,fd0a26ff-3454-40f1-b8e8-1f0f6f9523db,6,1,6.628511697585732,0.7505632680562637
7dcf8f56-531f-4000-8ece-67544132efa8,2022,2022-01-20,604f3fca-4ca3-445b-9be1-3cb6b7f69fd8,d91f2468-d81d-4b25-a8be-53e85e8b4ded,-8,0,6.518740653430494,0.7371573158997085
81fd9211-dfec-4dc8-9b7c-1724e856108d,2022,2022-01-20,b9052e15-66e8-40e6-86ac-a872e5c51fe8,4db0015c-fae1-4d5b-8be6-db756062d47c,32,1,11.341873835442625,0.9220193980184536
92b69c67-45f1-48c8-a6e1-692447acb964,2022,2022-01-20,9be3dee8-ee3a-44e5-bf8e-c59a500829e6,89fd2af1-5c8c-4222-8ffd-ce72e55a8579,-5,0,-11.262449339409583,0.10698601160709682
979cd0c1-a16a-4ecc-ab47-1027a055dce3,2022,2022-01-20,b990f4aa-efbd-4625-95a3-376e51ad9f2a,5984bc3b-7531-473e-8087-c5fa390b08cc,5,1,4.93938215890175,0.7717121589399559
9ee45fa8-70c2-4096-b60b-c3539f9e1026,2022,2022-01-20,b7898dbc-7198-47fc-8098-496c7867351f,92249853-0b54-4944-8955-34bc02003e54,-17,0,-6.44497780462333,0.25579723677880617
a07c8df1-3e27-4906-a0f2-23abdf3cc839,2022,2022-01-20,e89766a3-c899-4922-aee4-cfaa2a8fb500,e51ef676-50a6-460e-81a8-b05cdee80c25,7,1,-4.678983121820285,0.3149924498614717
a1a5b812-d4ca-457d-9239-a15994c4293d,2022,2022-01-20,cc4eefaf-2887-46d2-920d-d97a8f3df18c,5870d352-4930-4235-9c03-7bcded7ae342,9,1,4.128836333363171,0.6438557170087398
a3ac4850-e282-47df-aa8e-d7206e8283ed,2022,2022-01-20,dea85f83-4470-4a0a-934c-553c4722d079,8ce55fa9-2ea0-427f-85bc-c9e8ceb4d1f0,10,1,18.411482642616374,0.9763618349372377
a6682063-5eaa-4dea-9697-82f0a3fafcb3,2022,2022-01-20,68215498-0684-4009-a2fc-93fa21109838,bbdc8c62-dfe4-4e42-9ca9-ff85d375faf9,-15,0,3.4969692695062813,0.6561946760644715
a9400d84-10a9-4a5a-a75f-b08403178c65,2022,2022-01-20,c6c28fde-56df-41e4-839d-2d6201c8dc27,884b1e88-9543-406b-bbef-d24ea9c36092,40,1,30.429579789777865,0.9892409323200506
a942d8a7-7890-4731-9ef8-e160999ef1e5,2022,2022-01-20,99236a96-dba6-4b76-96ca-1b8bc30149a1,fbf897ee-41aa-431f-8ef5-0ea7cbe2a05f,7,1,4.245024341759004,0.6876329916751114
a98ce2e1-b36c-4aa3-8105-bf16aab28fb2,2022,2022-01-20,254cd687-c2d4-4fee-b5d3-c3ce6a9264e0,82d1bf41-2f1d-44d1-8022-220c263d6525,4,1,11.397268160699815,0.9284624445578322
ab2062d2-eb94-4cde-a8d2-5fdb283f812d,2022,2022-01-20,553733fe-ac6e-4397-9188-b27a01824e73,c73565a9-06c6-4314-b7e1-3659db4cf00c,3,1,-1.6310438373830989,0.48613206890259314
b1c8024a-9460-4a99-a855-cf4fef18538c,2022,2022-01-20,58041e02-d340-41c3-9f0c-e5e2a5c7a135,28ef27aa-2dd0-4469-b521-fdbe9d8c6bd0,-10,0,-10.51963393831882,0.08983612638084354
b92ea37c-7677-4bed-b320-916c16d41bfd,2022,2022-01-20,7dfde2c4-2d03-47ac-8d87-e6480afb8a99,a8f76e24-7f09-4727-b40d-6834e4fc0829,4,1,0.19957631002055876,0.584312046006712
bd2e829c-b82d-418d-9238-5bd65e1c49ac,2022,2022-01-20,054be086-7ef6-4006-880c-01ed91db37c3,0f8a15c4-f4b7-4335-a429-ae233bf4aa41,-2,0,-2.850414366117525,0.3522334530294869
c60a44e4-f59a-4ca4-ac92-df34bb2a3802,2022,2022-01-20,a8d4a467-9623-470f-9ec3-c15afb497e8e,9dc47cce-9b16-420a-971f-5362aaa69dc7,25,1,3.9301058802765576,0.6719290866141201
c78be953-cf64-4741-b7a0-45ea00dfbea7,2022,2022-01-20,0ec0fe2d-cb25-483b-aeb2-0f12af2160c7,6bcc781c-aaad-4e10-8214-7a1d0e3f2e6d,8,1,10.182181863280213,0.8254125613789935
ce732762-553e-4be9-9bd8-425000b6bee2,2022,2022-01-20,4d89f528-9a1e-41ca-beb0-98f913c61c2e,2422cf8a-bacd-4cb0-97f2-244a07c62c78,-4,0,-5.771970377103548,0.29390919859289766
cf096816-8ec2-410a-a2d4-6b34941588cc,2022,2022-01-20,7dd2d410-1958-49f9-8b62-e7cc25e3c647,2aba779c-997d-45af-a881-44cc87727a3a,-28,0,-16.15551839240879,0.06822317358075991
d34702f7-5b89-4ff6-a8ed-5a1cf8f897ca,2022,2022-01-20,240cc087-ebae-4133-9c14-cb46ebe54b97,e6e965ed-2ea0-4655-b873-7c4b7d9db0ae,-17,0,-5.5858163777093,0.3223784746944639
dca4693f-b739-4cc6-b42e-a43e8a367a1d,2022,2022-01-20,644511e8-8569-4c1b-b22e-4bf2710fa9da,5253a75a-17f7-4ea5-b313-743697ebca72,8,1,-0.09469445069645337,0.41629995306502415
e0c88d0d-a49e-4f2d-9969-3beef64418c2,2022,2022-01-20,23ad3833-572d-41e9-8cc5-961b2db50d2d,12414365-9349-4a1b-a319-34a8ad92f7e3,19,1,2.8267207716540628,0.6284920451095238
e1b2839d-d04f-4e81-ac62-24ca0a3bfb2c,2022,2022-01-20,77d10aad-4300-4849-8c55-f92e900358a4,7187f894-4dce-4524-b538-b66a892cd89a,22,1,5.210137012851452,0.7397846769806411
e349e7be-c1e9-4e05-970d-2ec055990143,2022,2022-01-20,a30d0067-866c-427d-b6d5-a55b4c986208,dddedca4-47e5-454b-b278-b9f2fec5e78f,-3,0,2.251292577904964,0.6526401642163508
e90a5416-5a56-4d7c-abdd-a8c0e481a475,2022,2022-01-20,1094d4ab-e85f-461d-8ef2-525fd92ec80d,1cc71d7e-b5a6-4b50-a797-176f96548858,-2,0,2.0831628324302587,0.6588365913989597
ea7cb483-2b73-4a04-90e9-86177f3a0083,2022,2022-01-20,ca910495-28ae-4dcf-a3bb-7b04612490b7,bf8a4003-12e8-4697-90dc-cf75dfedfeb0,10,1,14.967235579508928,0.9383497802978847
eb78afeb-3b3a-4885-bed7-fe4d8d8e7604,2022,2022-01-20,21f47709-f514-49eb-9da9-1f6805407244,21282287-1619-4d11-9e25-59855bdd5be6,-2,0,2.182385776862379,0.5774988272267753
ecf69217-f726-4c37-a930-bf1c645de0ac,2022,2022-01-20,fc748d3e-7f1e-4823-9d7c-f14ad3df799a,5018dfc0-8279-4a3e-b376-b7606f612a00,7,1,-10.94556623939584,0.14173804757547961
f3826a10-dfef-4e66-9cc1-42e3642c2cc4,2022,2022-01-20,5ebd8a2c-2831-4a31-b7bb-6d6e6e1f7ff9,f2eab5a0-4f7f-499a-b807-edd4f40d28e6,4,1,7.475768391201225,0.8109748278211789
fb38a70e-0115-4e7d-9201-3144fa3c6991,2022,2022-01-20,d5a14f1d-6220-4af8-9b8a-c8a9ae952d5e,3157f4b6-4b11-46d9-beb5-cef7c68fd1a5,13,1,5.66129508199536,0.7439533256586318
feb6e9c0-c330-4884-b455-46c2318e0e9d,2022,2022-01-20,fc4bf214-f945-46ec-8524-00a3196b7449,4204a542-7881-4f83-972a-7567cb51cc3c,-19,0,-5.809691522343862,0.2449968600180095
034ba1d4-b477-4c6c-8444-23f3d9bb16ad,2022,2022-01-21,1bd5203f-23cd-4c96-8b8e-fae5ddfbe69d,1c994624-ca30-44fc-97cb-9a0aa481ad72,38,1,13.075831317649593,0.9109666611911861
03af182e-4b6e-4c46-a660-9835ad9c4b99,2022,2022-01-21,b7b950c6-b603-4afa-afd6-ed15293d3523,91a6fe66-7652-496c-9d91-c9bd2b333b6b,13,1,3.0007670356822493,0.6103705796674067
49b2e607-10e6-49f1-a132-548e9b5f8e95,2022,2022-01-21,db040d7f-5499-4400-9069-620c27646ed6,f8490c90-4ca1-437a-93da-114f5dac0426,-18,0,0.27249349249991023,0.527844803847129
611c6cf8-3a3f-45a5-8ca4-6cbd96e48bce,2022,2022-01-21,eb341503-aa23-4784-af34-3b14bd72fdd4,2678c438-d23d-4ec0-8105-ab3f1c748aaf,-16,0,-6.828744057416965,0.2643247245212826
7de912dd-6e07-4fc2-bb86-931b2e379394,2022,2022-01-21,6c96789e-21df-4f43-92b1-8e62705ffc1d,24dec588-02c3-4c82-9ea6-d467604a8150,24,1,11.903381350371525,0.8992873113423199
7e839fd6-a85e-40e5-91fe-09793d53e125,2022,2022-01-21,71a67ffc-6558-40e0-96eb-79527a541007,d25581ff-ffd9-4c81-a946-e99b1de2c3b6,3,1,5.154080677851101,0.7724658975637005
82bdb4a9-1203-4a13-936f-26db5c1f8c80,2022,2022-01-21,062eb8a6-996c-4619-9ba7-498cdd009dd6,c2652773-7b58-4ba5-9edd-ffa62acbd245,-6,0,-2.096288709679471,0.41423475140656585
8a1c1d6e-0b85-4141-9a99-d216e2de353a,2022,2022-01-21,4d587dbe-16e7-4990-a378-a0fc4c2c273f,14fa05e6-500e-41a6-b7a0-de4b16c4e7cd,1,1,4.935653263294766,0.6921996782832046
97b2e0fe-1811-47c5-a997-371cffe4cbd4,2022,2022-01-21,1b846bd7-47c9-4bf6-ab08-e44d968a34f8,5eab2011-0416-43e7-bbcc-83c4224297f9,16,1,1.0576164270541122,0.5378835868747696
9ad350d4-2564-4a0f-829f-6d82997d0ef9,2022,2022-01-21,e44d72a0-bb34-4a0f-b307-188c3b30e131,944226c8-c2af-4571-a853-5bb934c49ae4,4,1,-1.1867819023060284,0.4556518164969432
a1ab4298-dc68-41be-a3ad-b170527b5de8,2022,2022-01-21,c01c9fdb-95d5-43c7-b905-8bf714226631,4b6d2ea4-d1ab-46f4-b480-555227d14e55,1,1,1.005323781220187,0.5544995491335862
c25cbc7c-aaeb-4f08-a2f8-e66c663636ff,2022,2022-01-21,ceed979f-ef7c-4eee-a2e7-fc66ff70bbc1,f5ff136b-cc0a-4eed-a502-c028afe284bf,39,1,11.304189544544982,0.8838017896387963
de369562-d621-4c76-8486-b1595d45b44b,2022,2022-01-21,f621591e-18ed-471c-92f8-2c4d4c00bb75,dac65a7f-4511-49a7-9c6d-3f29d22ff86f,-12,0,-1.0024627124875305,0.4668961096850735
f6c62eb2-a028-4994-b5e1-4f1b41a1cfe3,2022,2022-01-21,ad5bf26e-a32c-4d5a-b531-f6822b104284,1552f5fd-a3ac-4947-93d8-08bdf1a77f93,7,1,1.1636451062937836,0.6143688723683618
fe952587-13d2-48d0-9695-b41f422d7423,2022,2022-01-21,212827bd-b2f5-4ca3-a901-403112b8594c,e78e20dd-cddd-4b53-b5d6-62aad4ced9ca,-2,0,-4.670434632346625,0.31968868158116276
013760a2-f137-4453-ac8f-5b690a9e7b57,2022,2022-01-22,a270ed0b-d820-42d4-8101-f2bf9e25042c,ee925def-24cb-4b43-969b-4fe42d68b72e,5,1,1.5077262634794144,0.650238831644928
01fc1f4b-4c21-4cf9-80d9-45c6d974e6c9,2022,2022-01-22,bd64a96b-c6bd-4f04-ac87-79bec2f197d8,1e2d1b39-91db-4949-af7d-13201eafcef8,3,1,8.693302465314478,0.7925489659721352
068f122f-03de-4038-98fc-6b0e29866029,2022,2022-01-22,72261a98-a3e3-4f7c-8188-4faf20af42ad,909caafe-4b74-468c-a1d3-efd53ab80ca9,-3,0,3.830780622066916,0.6430168288364334
0d88b28d-d0e5-4b35-913f-ffac4c99bb43,2022,2022-01-22,fc748d3e-7f1e-4823-9d7c-f14ad3df799a,cba4f27f-e547-49bf-bbb3-2983917351a2,-20,0,-13.152349522531974,0.09077728634244424
0e029fe0-aff7-4ed1-8bc8-66d231fb85c3,2022,2022-01-22,b553e2a3-5933-4adc-b999-6deb896450c3,4b2092bf-f1b2-48c3-8ba6-43f8f5d0ee62,-8,0,-7.856885855180268,0.26837227027906674
0effa5f9-a5be-422a-880c-a115a383a702,2022,2022-01-22,7dfde2c4-2d03-47ac-8d87-e6480afb8a99,5870d352-4930-4235-9c03-7bcded7ae342,3,1,-5.074448266298826,0.2783143676096519
13e70a54-611f-40e3-9236-9d5513bea04f,2022,2022-01-22,d0a4ad01-cd4c-462a-a303-d94d9c7c79fc,188437e6-a8e9-4e63-b58a-4141ffadc80e,5,1,-5.578900992554971,0.2811837536370736
142e8e8f-ba05-4be9-8f89-fce4281121a7,2022,2022-01-22,62080182-ef8a-4907-90ca-00df4cec4e3c,793f775a-aec3-4741-b86e-4c8e079f74a4,19,1,0.11975241326850077,0.4972774907891281
1531a4b6-f870-4e83-ae7b-2ca68f82d00b,2022,2022-01-22,d99c752c-71e0-431a-b0b7-143707bbc110,3411d575-6a72-4b22-885f-e90bac6bdd28,17,1,11.598797623841117,0.8164631854396109
19f6a991-1290-4bb7-9f14-9c3789aba930,2022,2022-01-22,94d0d44c-b426-4381-9d58-bffb34c097f5,6b68cf86-676c-4d12-958b-f2b9da02a5a1,-6,0,4.3766883903261675,0.7071606092257487
21f25a4e-7441-4495-ba3b-6475aa29990f,2022,2022-01-22,5d7eb8c0-4b09-461b-bbc5-e2a032194a74,1ff4fd9e-2594-47e2-8b06-66ad2ca3fcb6,-11,0,-14.64075944937596,0.04869659589971544
22a6b3c9-e672-40e3-b508-e5d7644aca8c,2022,2022-01-22,3b495752-ddf1-47a7-8bdf-2625c4bfcce2,8dfdef93-7be0-45db-8281-e58565dd9d85,-7,0,-5.91920338125635,0.23513282510003816
29f54f6a-4db5-4f35-8e4f-ebdedf153aa6,2022,2022-01-22,5bdb2df4-f9a3-4404-a003-948f25c48965,0ec0fe2d-cb25-483b-aeb2-0f12af2160c7,-32,0,-13.37837434856751,0.08262934530580285
2a58e4fe-0039-4538-ba8c-17b236c940de,2022,2022-01-22,4bc4f625-be38-4da1-919a-c43bedce10b4,f4045f82-f9ab-4d14-867e-496a744ac26e,10,1,12.340633304379924,0.9205785416257694
31e60471-d199-498f-afd0-ca9439280f6e,2022,2022-01-22,054be086-7ef6-4006-880c-01ed91db37c3,59a704c5-1934-42cb-8720-83cd7ee9f3fb,-1,0,-5.804132599637427,0.2866697847981088
39dca8fb-93e7-4fdc-bed1-e55b42a46203,2022,2022-01-22,c995f51c-df46-4643-9aa1-3830ce760066,1bc4534b-6474-409b-abbd-f840a8dc148f,-11,0,-3.033617610150864,0.4016343281079329
3c88b778-af0f-4d06-a016-d80132ffca58,2022,2022-01-22,43f1428d-b856-4fe8-b864-8728bfdbaffc,fd0a26ff-3454-40f1-b8e8-1f0f6f9523db,-8,0,10.765291517799676,0.8731962547774877
4128b3fc-5a6a-493c-b0cf-59f391590505,2022,2022-01-22,b773a5ad-3d34-4658-a942-6e2836f04e3b,5e8f405a-2ee1-4230-95ea-420666557eed,-8,0,-4.0059616175456245,0.32914145901163716
41340ce9-88e2-4d03-89bf-e768f90c9030,2022,2022-01-22,21f47709-f514-49eb-9da9-1f6805407244,ab8cafeb-02fc-4c83-aa0d-dcc530796fe4,-13,0,-2.3638934471447617,0.405882704775713
42690ba3-65ca-4239-bb6d-cfb7d1c6c341,2022,2022-01-22,a5e97c6a-a0e1-49d2-b6bc-8903c39ceaa0,51c9ea8f-034d-41b2-8d67-b519b3d48286,48,1,15.6316698958668,0.9655279020043868
4798e5a2-164e-462b-8f0c-1c1134675b7c,2022,2022-01-22,aef6cc9a-dcfd-4137-aa03-9926d921f466,8678425e-730a-4a99-bc7d-7c4282d7e434,2,1,13.422437013252578,0.9246048267254418
48276d0c-37af-4e73-ba2c-05dde4639496,2022,2022-01-22,b91fd5ed-1e0c-431b-bd4d-0947f67edb2b,5ec861d9-4794-4460-b935-73f51f03efc1,-11,0,-0.5672668125045898,0.47114671855509066
4995ecf2-fd0f-4c0c-9543-1e2887768ab9,2022,2022-01-22,247be024-10cd-4230-8ff4-c8f55dafdf33,77917ea7-df52-4378-9975-57dbd680815e,7,1,10.51291348485121,0.9041599309647835
4be0f005-6325-49ed-8efe-f9c2365361a7,2022,2022-01-22,61cad1f2-f187-4b2f-8e53-02eb65eae2d1,2d5a3d36-55d8-4fc7-9050-a067b5a5b3c9,-11,0,-5.4576961194226286,0.32964359328522885
4d0b545e-a76e-4c3c-b9cb-321473b8c4aa,2022,2022-01-22,a6f2099b-9086-4681-8ffd-c41cc6f1b263,0b986199-3ea8-40ba-98dc-8a54b3509609,-10,0,4.005582082154888,0.7077639393433811
4f9af6e5-0838-4bad-aac0-7e52f7878bb9,2022,2022-01-22,cc4eefaf-2887-46d2-920d-d97a8f3df18c,a8f76e24-7f09-4727-b40d-6834e4fc0829,11,1,11.497106019029342,0.8775676141371088
52b6ecc6-fccb-44ae-98fe-06751c282ebc,2022,2022-01-22,64820b75-84d5-4b53-8bec-43ee70e03b36,1094d4ab-e85f-461d-8ef2-525fd92ec80d,6,1,3.0021163572211194,0.5849901753407226
55779cc0-50ea-4ea1-8a3e-60a9bc241868,2022,2022-01-22,be29cc8b-f65a-4ba7-8a0d-40b2a9643422,42f97a12-c358-47bc-8b1c-e20878be4a05,9,1,3.7817781243076025,0.625737765732914
566835df-3560-476f-a52f-ba77789d2d5e,2022,2022-01-22,d98e9dc5-d3b9-41c1-ac48-5a4945d47713,fe829304-1347-442c-85ad-2139be36330b,13,1,8.953439292290083,0.8444831374149109
5798257e-8637-4696-9b4d-d0b1720704da,2022,2022-01-22,cd84e158-0ec9-44ce-872b-e44a595a4e37,92665c8e-76f8-4e29-a164-ffd7c8890a33,-7,0,1.012973772765981,0.5514298317546782
5c7b5d68-3bb1-493a-bcb9-494054be781e,2022,2022-01-22,d5a14f1d-6220-4af8-9b8a-c8a9ae952d5e,92249853-0b54-4944-8955-34bc02003e54,-4,0,2.0725946779553355,0.5942138845707376
5f390b23-9ff2-4037-b719-a1a956927911,2022,2022-01-22,c6c28fde-56df-41e4-839d-2d6201c8dc27,68215498-0684-4009-a2fc-93fa21109838,8,1,19.429687220251115,0.9785974186036227
61e75c24-1fcb-4667-84f0-d26fec183760,2022,2022-01-22,a313a13e-7ac3-4c73-8872-6d424a253480,048ae5f3-c6e9-4937-93fe-ec224e17fea2,14,1,-2.2107375437547474,0.46056923056484195
6268724a-3031-4f59-9f3f-e170c20c76ad,2022,2022-01-22,d2cb99ee-debc-4e8f-93ba-b0ffd42247ea,4a44b6c6-3fc1-427f-bd05-432860f3024d,16,1,10.605177818712754,0.8089862275153329
64946bd7-ef2c-49aa-aa2f-a97c61167250,2022,2022-01-22,cf2375a7-1488-493a-8679-e8112b47cf7d,4184e3dd-c499-4f67-b148-fb0c4342d564,-42,0,-10.347455076596406,0.10782667946000205
68bfcd83-34c8-4f89-aa1d-17af80c69ef8,2022,2022-01-22,bdcaae22-ba48-4546-82af-ca21a229c276,95fd11d0-8e48-48f1-b7fc-f03fe1bc8c84,-12,0,-5.492579238027241,0.3490851427563576
6b2979bb-2362-42f8-866b-44e8aca00b01,2022,2022-01-22,7f9edadc-8c22-4821-8da6-0ba70d59bbbc,1fac2552-eeff-489e-85f1-ce8abae4b5d3,14,1,29.36527603766733,0.9868520511943789
6d0640d0-4134-46c1-9fc7-db79c8f7edb8,2022,2022-01-22,d84fbf05-f799-486b-956e-f0500927e1d0,5953232b-95c2-4915-a150-ed30d3fdc96f,18,1,5.791498168763546,0.7231107259950011
6e0aab38-3e7c-4e83-8612-04b97fffe035,2022,2022-01-22,af6d34e9-4be7-4fc4-b61d-28a000704daa,fbf897ee-41aa-431f-8ef5-0ea7cbe2a05f,1,1,-4.885887762856785,0.30765109513684474
702a486d-f879-4db1-b3ad-9cbdd86b8866,2022,2022-01-22,24f1d79c-4241-4c82-bf09-57a159ce81b3,e06f08fc-4ed9-4807-9f8a-7889130e21f6,4,1,-2.337697124075936,0.43982648750978603
704500b1-4d22-4eeb-ad8c-73f6f4a6af8c,2022,2022-01-22,553733fe-ac6e-4397-9188-b27a01824e73,82d1bf41-2f1d-44d1-8022-220c263d6525,5,1,9.568404829984065,0.8676498966733146
71b9bb67-0dae-4238-8b4d-4821631dbe4f,2022,2022-01-22,d84d7188-0176-4937-80ec-d83ae93a1912,b101bc61-0628-4298-9362-c2e546437032,2,1,1.4901627902723675,0.5502858912110539
721d5066-3f4e-44c8-81fa-1848fdd74d6b,2022,2022-01-22,9fb581b3-9267-4861-a01b-51b7e751ca68,ca7c4f31-56b7-465e-a3a7-4a4a123f213c,-5,0,4.307317264732546,0.7400682569127675
74f7c287-a5c5-40c0-8b83-6fb4aa120a0d,2022,2022-01-22,b990f4aa-efbd-4625-95a3-376e51ad9f2a,28ef27aa-2dd0-4469-b521-fdbe9d8c6bd0,7,1,-1.774498521305827,0.4348112307755462
796d750a-9dc4-4917-b149-ac236c216569,2022,2022-01-22,e40486af-12fa-47cc-93aa-4b196b7f5bbc,697f7fa6-4d64-4abb-8310-9f310c49ad61,-1,0,7.257603245182231,0.8002803030966319
7989d384-3096-40d5-aef8-3718c1364cff,2022,2022-01-22,0f8a15c4-f4b7-4335-a429-ae233bf4aa41,3f62a009-8c84-44c8-9775-4e3959e17edd,2,1,4.451591860858179,0.6253907160833032
7e4691e5-e918-4eba-aafc-89d2cb48d79f,2022,2022-01-22,d1893fac-c32c-416c-9aed-0d6c61ad0935,cd9b9678-1f2e-4444-85d3-3269c4b3775a,6,1,11.433418718756329,0.9011460388887936
7ff48569-ad49-4e56-bfbb-eba4f50a1d2a,2022,2022-01-22,58041e02-d340-41c3-9f0c-e5e2a5c7a135,5984bc3b-7531-473e-8087-c5fa390b08cc,2,1,-5.991170845605482,0.23209232493902446
829aa322-a330-4279-bd4f-6d3bac348d3d,2022,2022-01-22,3ee1f038-4cc3-46de-8651-23f4bd9a99c3,c3d3f21f-51d8-4ae4-9285-7209d1d97802,2,1,-0.2346757282262919,0.49245640951192554
88fbe22b-08ef-4594-92dd-67135ec3b38c,2022,2022-01-22,254cd687-c2d4-4fee-b5d3-c3ce6a9264e0,c73565a9-06c6-4314-b7e1-3659db4cf00c,-1,0,2.913417945268499,0.634188140892342
8e6ad9b5-fd5a-433d-a20d-b5c7d3f8c40b,2022,2022-01-22,01167cd7-9c6a-4860-904c-78f7c777ba81,be639f4e-dcad-4737-8fdc-2740207d65e3,8,1,6.3407436207138055,0.7312436321231002
8fcfb685-04f9-4644-80f3-d1d3904e28b9,2022,2022-01-22,df8bfbe4-f858-405e-bd5a-04f400d2d7f6,77b07047-6507-4cf4-85a5-4c69fc0c453f,5,1,10.672279902348462,0.8806557528843736
921478a6-2be0-4064-b624-0983c55fe27a,2022,2022-01-22,3ae40137-6b36-46a4-99e9-3ea88255660c,5820546f-7b8e-4593-afc4-fa098623f568,27,1,13.076873594658244,0.927208961651394
956b5077-89f5-42c3-8898-b5f6713b989d,2022,2022-01-22,81c35070-ad3d-45bd-8fcc-5a8c73a46ba3,2bdfedb6-38f0-4eb8-baaf-2965a942cb85,-25,0,-2.502215343269971,0.45479702878757255
95f38257-6ca5-4eb2-95c8-f7a4486523c1,2022,2022-01-22,98555e7f-2f58-4896-b98e-4edcece8a333,d4de33b3-cd7a-47bd-bc4d-da1381432ffe,17,1,13.691816282197609,0.9365073857054486
95fcd87e-333a-45c8-ae10-6d6ac73e913c,2022,2022-01-22,a8d4a467-9623-470f-9ec3-c15afb497e8e,9c70f4e7-acfb-484b-8154-f0fa9365a3a8,-14,0,1.4067996365263695,0.5301173177708022
9d68bee2-80f9-4d41-bca4-408a0f9ff635,2022,2022-01-22,5a26bb55-d02d-4957-be27-861e8036f152,3943bea0-341e-414f-8f46-b97e08b5f90f,8,1,7.796563672940631,0.7588364768328835
a06641e8-5a83-42d5-9b63-978acbef2f9e,2022,2022-01-22,421b3b28-ab05-4462-bfc9-644fc7163e24,53922fed-96eb-4cde-8b45-7f8b7e032cf8,15,1,6.079292942766251,0.7556182264939924
a7308560-afbc-4e1f-aee6-6026428b1946,2022,2022-01-22,ca910495-28ae-4dcf-a3bb-7b04612490b7,48b92b41-b7ed-4c2f-b7ef-3e3d4a99fd62,17,1,24.158806277386567,0.9890056265069815
adb83e71-6999-40d1-b6e8-4630ab45a5af,2022,2022-01-22,a30d0067-866c-427d-b6d5-a55b4c986208,89fd2af1-5c8c-4222-8ffd-ce72e55a8579,-6,0,-5.134702930329341,0.29566650714677567
aedf9c97-8a58-443f-bffa-6601a81c5773,2022,2022-01-22,75755c79-6aec-4154-b1f8-2337fd4a06c5,b32dbb42-380c-448c-b510-ee949569ffd4,5,1,6.892458199747636,0.7702415676707184
b1dcd3b9-f63a-4a18-9312-5405b600ecfa,2022,2022-01-22,96ccc81f-3016-42f2-98b1-6cbcbf6e8d07,ead00c79-f9ca-4dc2-9beb-0b236dc32ce5,-19,0,-12.333789791316685,0.07954737734185781
b68d3eb0-66b4-4a8b-ad47-9356a876cc5f,2022,2022-01-22,29398553-f42a-4873-9321-4c772f7dca42,77413edc-f997-4807-a4ea-9caf8157da8e,-26,0,-16.74783966051577,0.05708969143865927
ba65a217-4828-40fa-91fd-3cb1fe56f710,2022,2022-01-22,f4843941-38ec-4607-a565-9eb459007c54,f2eab5a0-4f7f-499a-b807-edd4f40d28e6,-10,0,3.762131647199592,0.6789272715055419
ba773eaf-8bb3-41eb-80b1-0e5ff01f3ee7,2022,2022-01-22,ae36afe0-850f-4758-99ec-d7deb696d4fe,c5a3e484-778a-41ce-abc4-7ff9ec51ca4a,1,1,-3.2892044528843205,0.3970894934111074
ba9a6f1b-e0d4-4217-85c4-04ba5ee7d09a,2022,2022-01-22,8ab33314-bb5c-4e60-b515-3564c813ae0b,2454a2fb-1f07-489d-8ee9-b4313e7e775b,-2,0,1.5909358470851427,0.570495305672524
c18a584c-a3f2-4b9e-a269-7262ec3afe9e,2022,2022-01-22,a5658591-2fd7-4ab6-bea8-70e793ff3f6b,fd736c6d-0d9a-4837-8153-b1f51e776578,8,1,0.6292327750261991,0.4742918213080536
c7096cea-6d05-4b45-b6d3-08b00f0e5c07,2022,2022-01-22,4d89f528-9a1e-41ca-beb0-98f913c61c2e,2aba779c-997d-45af-a881-44cc87727a3a,-16,0,-5.582050658646211,0.27062582446167915
cd377dcf-943d-4324-8959-9f66a3c7d385,2022,2022-01-22,8425fbd0-40c8-4146-a2c2-51ec714ee637,1393366c-684f-4fdd-bd85-9fabb1307aef,-24,0,2.8550049941692057,0.660888966731895
d0084d4e-dc92-4b4d-a4a2-d47ef3f312ce,2022,2022-01-22,5bb511d7-5a12-40d8-83d2-8be20bfc33d4,78c4f8c4-d04f-47ed-92d3-34e159fec915,22,1,-2.546777965749292,0.4195314394533873
d0d4ac29-32fd-413f-8377-a8cd222d47f8,2022,2022-01-22,2bf13d1a-4738-4039-9d08-49f17859d4eb,f1fa4ba9-17ac-4467-80da-6559daef7a45,43,1,23.967426570796732,0.9871010772255885
d2cd5311-d772-4c26-b469-a21b7e92ac7c,2022,2022-01-22,242a53a0-47e7-45ed-afe8-61172c29f09d,8b50b68b-b346-4272-bd86-947d908d937f,-12,0,-4.830984994999181,0.3347120224828642
d2d9252f-7b1e-4c9f-9cab-936cd725b2e4,2022,2022-01-22,f5d59c00-1a94-4484-8e5c-c5073ff87ce3,3ebbd7b5-f0e2-4fd6-870c-58a45d420f53,-4,0,6.893896788346681,0.7401609682864425
d54efd36-14b9-4bf4-bce6-f143b8446f33,2022,2022-01-22,c14dbd3f-31c2-4647-b19a-e03839f04ad5,9bf29604-a6db-46b0-b81d-92452dc43267,31,1,10.613459300196345,0.864160011891355
d6ea9e7c-aa06-4f11-927b-736b91af9a55,2022,2022-01-22,0c1c2a64-13fd-4f6b-b1b1-2f9290dc2295,97a440d7-b0b9-4fd1-9da8-6460649da714,20,1,10.404451156451007,0.8817669021038069
da813986-5dea-417f-a571-06fe780b7f04,2022,2022-01-22,b31491f2-919b-4ff0-9274-11397e369e22,add091d3-316a-457b-803e-9b8e145b76e6,34,1,11.502824577685372,0.8653999863989512
ddc2f797-a7b3-4d3e-9d1a-e54847ccfcf1,2022,2022-01-22,f3d329ca-1b85-47f6-a871-b80851fdc6d7,0a370edb-2194-4979-ad23-d796fb97dfb3,8,1,8.069509821529957,0.8152410984757192
dfc5745e-f686-42f9-8f6c-82250db15bb9,2022,2022-01-22,1049e433-d23c-4aa2-8581-4bef2ad0715f,e51ef676-50a6-460e-81a8-b05cdee80c25,-13,0,-6.208229415574065,0.3211319954735063
e1376ffd-e7e6-4733-8c93-097f44c98826,2022,2022-01-22,743e2828-8a80-4168-9d8a-f8cc1d9b0b9a,7b9691f0-e940-401d-9e2c-1d4f695fd91a,3,1,-0.18610939840209423,0.4586803881557046
e4433c04-058b-4063-86ab-c09949c4c467,2022,2022-01-22,b1ad6435-1c60-45db-bfd9-c91cb367d66b,f9beb22d-1a30-4dc8-88ac-4737870b7e69,-8,0,1.4565644917847176,0.5785207335118838
e862439f-4bac-4393-89f9-591c5c42450e,2022,2022-01-22,884b1e88-9543-406b-bbef-d24ea9c36092,77d10aad-4300-4849-8c55-f92e900358a4,-29,0,-8.99349520132095,0.17448666808666666
e8c9ea89-af61-4000-8cb0-c99439e01a1f,2022,2022-01-22,afaac3dd-1734-4b48-a2b3-c72d8548f375,9400f670-2aa7-4099-aa46-ea9cf4724079,8,1,8.060763218824611,0.8436923834863312
eb47254c-b9c1-4b05-8671-10cead3a9c36,2022,2022-01-22,31edfcc1-f627-47cf-9ca0-61370f3261d2,dfc3b54f-3b20-406f-a673-33061db4e3ba,-13,0,-4.197199080495542,0.31126061700608587
f4537837-d36a-42c5-9aaa-ae3fda69205b,2022,2022-01-22,6da558cd-823c-46c8-b91b-4a40b474cc87,61476d05-09c4-4500-a588-2847128ed6e8,10,1,5.498275802727903,0.7297321886249946
f4837831-e28f-44d5-96be-5cda2c40fcab,2022,2022-01-22,af1bfe66-a343-4c46-94f8-4c670ce2c8d7,d13e3f73-7b13-4e91-9249-09f1e11e488e,-2,0,1.516616922408128,0.5406013687278248
f70f883b-8eda-4282-99b2-bf56f860f3af,2022,2022-01-22,dea85f83-4470-4a0a-934c-553c4722d079,ded40384-d167-4ba1-93ad-2fbaa4def151,3,1,6.568629568229857,0.811332263143194
f79719bb-3ba9-40b6-9f85-9847ea9a139d,2022,2022-01-22,6726544c-ad23-4d1a-adfa-1a94c2e10a96,8d6547d3-5ed7-46e3-9ddd-95756f8adf91,-4,0,-4.105203710768906,0.3498381719993626
faea9608-b9ab-4705-bfa7-2a63e7893141,2022,2022-01-22,ff725b84-1ca5-43ef-be84-cb70a6494dab,ff948b57-cb4b-42da-a899-37fa5c8a6d86,-15,0,1.4817711486356513,0.546477111988383
fca81480-d24b-42f8-a8ab-be7a643e880d,2022,2022-01-22,00366c32-204f-4176-9a22-20555a1e6363,e31be871-e6af-43f9-9cf9-865a275b7e6f,3,1,6.861819253364971,0.7714257122170194
04ec8450-80a9-44bb-abc1-aaf5367f0d5e,2022,2022-01-23,ef3d2fcf-bc17-49a6-84e3-cc117e8fc095,54514b3e-2558-4e69-98f9-b1f97fc17835,-15,0,-4.652193744396533,0.3298269713157928
1a4af045-4eca-44cf-bdec-08f49a9ff905,2022,2022-01-23,31503e00-902d-4881-a3a5-52c5415e0e2b,7bb8a634-d969-4ec9-b472-8294b1782684,20,1,14.208176871199768,0.932181609482037
326ef3ff-7248-4333-9e84-d06fcd5d8ae5,2022,2022-01-23,ceed979f-ef7c-4eee-a2e7-fc66ff70bbc1,14fa05e6-500e-41a6-b7a0-de4b16c4e7cd,15,1,12.720132020249148,0.9054502009999796
416ce3e9-4f14-4566-a390-f3c7b6fe88c5,2022,2022-01-23,c01c9fdb-95d5-43c7-b905-8bf714226631,c2652773-7b58-4ba5-9edd-ffa62acbd245,3,1,-7.4677915313714385,0.18607399751950648
44b57b7f-98b2-4d89-bb84-1cfd61ad8602,2022,2022-01-23,0c933bdb-bf23-4a17-ae1a-f28978a95152,9aed1c9e-7ade-4533-91c5-322e09783a7a,-5,0,-7.577644030249709,0.22363430591843605
4d7ae77e-61eb-4fa8-994a-795aedd8df4a,2022,2022-01-23,f04a9115-7f6e-45d4-8590-4934a791ebb3,604f3fca-4ca3-445b-9be1-3cb6b7f69fd8,-2,0,-7.6193199110704,0.26143282354485287
4f0c4bb4-62d2-4c65-a4c5-053a7462ffbb,2022,2022-01-23,3e7063d6-a6e4-4aa4-8e77-044c9f5fc21a,fc4bf214-f945-46ec-8524-00a3196b7449,7,1,11.04873949373287,0.8689137457945711
6ce110b0-1b89-4378-b72a-2b417b8567fd,2022,2022-01-23,fbb275ea-bf78-4cdf-ba66-538cd9722ef8,bf8f11f7-2ca6-48bb-ab7f-58720df6451f,31,1,12.11130133143872,0.9202119808172832
7d35ee4f-1a28-4b27-941c-1bbc6dbb205e,2022,2022-01-23,4e853367-c5cd-4701-9554-38bf174777a3,e5df557b-d16f-479b-b7f6-db85db97e2cf,11,1,3.3983297089170774,0.6406163780956035
92a8dd26-9035-426e-a37a-b58e85e0d8de,2022,2022-01-23,2678c438-d23d-4ec0-8105-ab3f1c748aaf,e78e20dd-cddd-4b53-b5d6-62aad4ced9ca,17,1,12.470420861418594,0.8949606450886695
94b0cf4c-e928-4167-8b6a-6d1a5f20e867,2022,2022-01-23,71a67ffc-6558-40e0-96eb-79527a541007,24dec588-02c3-4c82-9ea6-d467604a8150,7,1,11.04110243520032,0.8753607007525763
a44a0292-1e54-4d6d-9611-1f359be28a4b,2022,2022-01-23,61d9acae-2486-4e53-82ea-60d146622f34,2a426bd0-410e-4de3-8d49-d5fc05123454,-25,0,-8.418566765445581,0.12381578529990299
a5a44037-f2a7-4840-977f-d427eb998603,2022,2022-01-23,eb341503-aa23-4784-af34-3b14bd72fdd4,d9411158-02d5-4d70-8862-92cec8bfdc49,-14,0,-8.583235459648357,0.20116330527693496
a70ad022-f07e-4eb5-b212-6618a2db24a0,2022,2022-01-23,2a26048e-30fe-47e7-99d9-913f28dea879,cddd6722-8c88-48b6-853a-6481451c0290,28,1,6.261293675717349,0.7014620385400455
b0b22577-58de-46a3-9b6d-9b67f83528c0,2022,2022-01-23,062eb8a6-996c-4619-9ba7-498cdd009dd6,4b6d2ea4-d1ab-46f4-b480-555227d14e55,-3,0,4.839980143834215,0.7522679724054058
b179b12f-cca0-4ce4-9ee1-31512211f484,2022,2022-01-23,e6d68428-bbd2-4402-b980-d22e5e7957ab,ad5bf26e-a32c-4d5a-b531-f6822b104284,16,1,10.612583263359175,0.8628879144513657
c2b86718-e112-4911-9556-2797f1ea809b,2022,2022-01-23,1c994624-ca30-44fc-97cb-9a0aa481ad72,1bd5203f-23cd-4c96-8b8e-fae5ddfbe69d,3,1,-6.108244583346602,0.2504102540705821
d12696a9-7c80-44c6-8352-625b77c141a0,2022,2022-01-23,f9a723a0-1697-4175-8193-97f2f8906c0f,ce6a2240-48d2-446a-a847-e4ad4367b9fe,-18,0,0.8958962278317558,0.5710091278662012
db57743d-6ba1-4984-b0a2-a6981f6cc519,2022,2022-01-23,4d587dbe-16e7-4990-a378-a0fc4c2c273f,f5ff136b-cc0a-4eed-a502-c028afe284bf,11,1,1.8128173238555743,0.5484542174471231
e80c0fb2-de49-450a-94da-6179480e8959,2022,2022-01-23,6c96789e-21df-4f43-92b1-8e62705ffc1d,d25581ff-ffd9-4c81-a946-e99b1de2c3b6,11,1,6.984965841944619,0.7733564453765887
01f0668f-24d8-4515-a2df-afd2fd1ff2ef,2022,2022-01-24,bd64a96b-c6bd-4f04-ac87-79bec2f197d8,add091d3-316a-457b-803e-9b8e145b76e6,24,1,5.491037519860841,0.665490508903311
06580707-ef22-44b8-b13b-78da365b81da,2022,2022-01-24,02d8446e-475c-43f7-a829-3e36474bc43f,b9052e15-66e8-40e6-86ac-a872e5c51fe8,-8,0,3.3793486222610936,0.5721892591407328
12deaafc-899f-4f19-b43b-d5ead1508d92,2022,2022-01-24,78c4f8c4-d04f-47ed-92d3-34e159fec915,188437e6-a8e9-4e63-b58a-4141ffadc80e,10,1,7.338710136019553,0.7645030349213612
1ccc1027-4360-4494-9926-aef103eb048a,2022,2022-01-24,c6c28fde-56df-41e4-839d-2d6201c8dc27,726e1c94-fb9c-45ee-ad09-5e487744b47a,26,1,15.53249829513341,0.9519970953780742
22b43d52-245d-48f1-ad58-d03d3e0fcf90,2022,2022-01-24,9020eea9-bced-4c46-9f85-8bbdff3393c5,28669a26-792c-4843-ad64-6f16da03d389,3,1,4.0499552041716225,0.6537807278077779
2b309102-c261-4b3e-963b-4c3858d5725a,2022,2022-01-24,77917ea7-df52-4378-9975-57dbd680815e,61bcde81-66e5-484e-95eb-5f373ff4a7eb,2,1,-0.4803378884600974,0.39605477912069836
358cb002-6ccb-4d31-ba8b-1fe54eb3f4e3,2022,2022-01-24,4db0015c-fae1-4d5b-8be6-db756062d47c,d5a14f1d-6220-4af8-9b8a-c8a9ae952d5e,-26,0,-4.269686987280912,0.34775769335714124
3d902fd5-ae67-4e55-bbfb-0e75778284b4,2022,2022-01-24,dcf098f0-7fc0-458c-95fe-c6f0743b4274,df8bfbe4-f858-405e-bd5a-04f400d2d7f6,13,1,11.385254800133913,0.8585691883847069
491f6867-15f2-4404-8725-fc081b8d0381,2022,2022-01-24,a270ed0b-d820-42d4-8101-f2bf9e25042c,c3d3f21f-51d8-4ae4-9285-7209d1d97802,-3,0,0.6696933942211015,0.5388719786607141
55e83852-bffc-4249-a9af-3f03db4f3339,2022,2022-01-24,21f47709-f514-49eb-9da9-1f6805407244,b7898dbc-7198-47fc-8098-496c7867351f,-5,0,10.740446571335246,0.8822087921323093
7e1bf8f6-a1da-4616-ad6a-9d99970392f9,2022,2022-01-24,9fb581b3-9267-4861-a01b-51b7e751ca68,5018dfc0-8279-4a3e-b376-b7606f612a00,25,1,7.836621425689415,0.7960687327596234
918157e8-6490-46bd-8649-77d2694fe3e5,2022,2022-01-24,0efb1176-dc90-4109-b141-5025fc424128,51c9ea8f-034d-41b2-8d67-b519b3d48286,11,1,9.905364763142627,0.8005202880224889
933c83fb-6780-477b-bcba-ab1818dae4ee,2022,2022-01-24,884b1e88-9543-406b-bbef-d24ea9c36092,8f73f541-6fb8-4ad2-a1c6-e3eef51e7b64,-34,0,-24.120991707042602,0.027938569915525024
96755ae4-cd3f-4481-bfb9-f1e28e8d1b28,2022,2022-01-24,5bb511d7-5a12-40d8-83d2-8be20bfc33d4,d0a4ad01-cd4c-462a-a303-d94d9c7c79fc,30,1,7.748255390241985,0.8225363891803599
99acb63f-44f4-420d-a3e8-7e8904b06239,2022,2022-01-24,f816660e-09e0-4733-96a2-4d878efbff6a,1393366c-684f-4fdd-bd85-9fabb1307aef,-12,0,6.716233690622699,0.7568441043023919
9c581005-d4d0-4644-9ff6-73f78d89a533,2022,2022-01-24,77b07047-6507-4cf4-85a5-4c69fc0c453f,964b0070-5909-49eb-8fbe-c2de5f48fe0f,-13,0,4.039799381402648,0.7068769148645273
a795429b-96e2-44ab-9333-37555f7fedbd,2022,2022-01-24,1bc4534b-6474-409b-abbd-f840a8dc148f,b4531112-44f4-44bd-877c-3fca948b51f3,10,1,-1.8501291656133256,0.43239819736672674
acbb39cd-c8ad-4a44-956b-eca2d2bd37aa,2022,2022-01-24,5953232b-95c2-4915-a150-ed30d3fdc96f,62080182-ef8a-4907-90ca-00df4cec4e3c,16,1,4.070652551357348,0.6453507847181306
b522a392-3414-42a1-a8c4-d87ff940ef76,2022,2022-01-24,87cec0de-4d93-4ed3-9ac3-deac97be5eba,29263387-625d-4270-b420-6066c840fbe3,8,1,-0.8837768554164556,0.43748761094889843
b701949a-1a9f-4ef1-be17-6127ed224f70,2022,2022-01-24,6b68cf86-676c-4d12-958b-f2b9da02a5a1,94d0d44c-b426-4381-9d58-bffb34c097f5,-21,0,2.5836169231626167,0.6160804987682711
d4eb5642-4855-459e-bdfb-87d3db730360,2022,2022-01-24,a5e97c6a-a0e1-49d2-b6bc-8903c39ceaa0,9acbe680-5f94-47da-926d-51e1465fc500,28,1,19.25963511855737,0.9787142482209333
deed4c36-a1b7-4bd2-8a70-ec45a62f0a7a,2022,2022-01-24,4090fa15-7788-40ba-95cd-6c5cba85e91a,7187f894-4dce-4524-b538-b66a892cd89a,13,1,12.982374871519971,0.9126870020859335
e8e01e60-61ff-4c14-8937-18ae4a12765e,2022,2022-01-24,7c264f4b-0e3b-448a-a195-c16c164a624b,2d5a3d36-55d8-4fc7-9050-a067b5a5b3c9,-3,0,-0.9283683634833342,0.513405860911095
ec0f4104-02d4-4c45-bb88-0f018bede1f3,2022,2022-01-24,ae36afe0-850f-4758-99ec-d7deb696d4fe,4a44b6c6-3fc1-427f-bd05-432860f3024d,6,1,3.9471683438307514,0.6743180653096302
fce0d529-4fde-44fa-8fdb-619246914c56,2022,2022-01-24,e06f08fc-4ed9-4807-9f8a-7889130e21f6,0f8a15c4-f4b7-4335-a429-ae233bf4aa41,9,1,-3.29205729854001,0.3735679379075124
03ab4f31-6b56-4ea5-b71d-36acebb3c8eb,2022,2022-01-25,af1bfe66-a343-4c46-94f8-4c670ce2c8d7,0b986199-3ea8-40ba-98dc-8a54b3509609,4,1,-7.338796572074796,0.26019254136064013
05dc5191-7440-44e2-9c5e-22dcb8d556f7,2022,2022-01-25,3795d76f-7577-4ea0-8f28-89d16c87f9f0,aef6cc9a-dcfd-4137-aa03-9926d921f466,-4,0,-8.384634643700469,0.17044628567441625
0652f46f-9d05-4373-a651-57d7c47ffc87,2022,2022-01-25,c3603958-de3f-4014-9dd0-d9c4c84dd226,43fdfa19-1583-4159-9c0e-1e88e231b35d,25,1,15.849713511831798,0.9475591762041278
0a38ce3f-90a5-4aba-a6ee-56aae44cfe10,2022,2022-01-25,9aff8705-aa1a-4181-bda2-9f9544361658,fc748d3e-7f1e-4823-9d7c-f14ad3df799a,-10,0,4.160657904289013,0.6585342984426447
1702ab0a-95b1-48ad-9560-f6dfc2245bcd,2022,2022-01-25,f8490c90-4ca1-437a-93da-114f5dac0426,b7b950c6-b603-4afa-afd6-ed15293d3523,11,1,4.394880085061257,0.6565927415544859
1df76a4a-aec2-466b-b769-26946b78fc18,2022,2022-01-25,6081d978-c3cf-482e-8374-c40b212242c1,d84fbf05-f799-486b-956e-f0500927e1d0,8,1,13.02406309740373,0.9307307553023032
307ba66c-3211-4d4a-b49d-d5e450520a98,2022,2022-01-25,240cc087-ebae-4133-9c14-cb46ebe54b97,6915e90a-5d80-4d4f-8d44-0bd316979884,-27,0,-12.333464392529757,0.07618717239152505
3d7ae43d-446d-4f95-abde-93363bd0df5a,2022,2022-01-25,5eab2011-0416-43e7-bbcc-83c4224297f9,dac65a7f-4511-49a7-9c6d-3f29d22ff86f,1,1,1.8033314908865958,0.6191183161225452
4481fc91-4895-40df-9c46-ec45ddf57b56,2022,2022-01-25,ca7c4f31-56b7-465e-a3a7-4a4a123f213c,3911d63c-249c-41d9-a29b-df0377e1a054,3,1,2.2747190971032474,0.5779564952637845
45ebcbf1-efe4-4c32-9452-51aa7c675d6b,2022,2022-01-25,5820546f-7b8e-4593-afc4-fa098623f568,97a440d7-b0b9-4fd1-9da8-6460649da714,11,1,-7.340473076328244,0.24630900161353825
460f7f97-7b0d-4f5c-8682-92bd4b0f62e0,2022,2022-01-25,91a6fe66-7652-496c-9d91-c9bd2b333b6b,cd84e158-0ec9-44ce-872b-e44a595a4e37,11,1,11.219912846462595,0.9205890250982778
4a7a5d1d-6c9c-459d-9b2a-39210258778c,2022,2022-01-25,1ff4fd9e-2594-47e2-8b06-66ad2ca3fcb6,fe829304-1347-442c-85ad-2139be36330b,24,1,17.636190350798948,0.9706497794067283
4df95c23-4ad2-413d-a728-b0deaf5d7194,2022,2022-01-25,fbf897ee-41aa-431f-8ef5-0ea7cbe2a05f,8ce55fa9-2ea0-427f-85bc-c9e8ceb4d1f0,1,1,19.152656943099725,0.9807671232293679
51791bad-fec6-4161-a6f3-82dbc8eed97a,2022,2022-01-25,a50b7fa2-326f-4ab1-8bd2-b0bbf4f26d23,944226c8-c2af-4571-a853-5bb934c49ae4,-5,0,-8.782164155153954,0.23087588602771072
6b3b71e9-130a-4565-84a1-f3c23d4935c1,2022,2022-01-25,0c1c2a64-13fd-4f6b-b1b1-2f9290dc2295,3ae40137-6b36-46a4-99e9-3ea88255660c,2,1,11.659662729895915,0.9102553793636243
6b41e4ef-73a4-430d-b1f5-84d5fed06369,2022,2022-01-25,3411d575-6a72-4b22-885f-e90bac6bdd28,4bc4f625-be38-4da1-919a-c43bedce10b4,6,1,-10.386115231255756,0.10608653450814068
73ab88b9-2e91-42e2-83ac-33474f937eba,2022,2022-01-25,b0fa4996-a909-4fd7-ba9e-8f180716f7f3,1b846bd7-47c9-4bf6-ab08-e44d968a34f8,-8,0,2.676849396213799,0.6241135359146495
7673178b-14aa-448a-9209-ee6375e714d7,2022,2022-01-25,db040d7f-5499-4400-9069-620c27646ed6,b23fd4b9-0101-4a30-a8df-10760e1f4bfd,12,1,12.001535220046213,0.8867203342474693
7a86d190-be40-482f-b788-95e20f69f277,2022,2022-01-25,4204a542-7881-4f83-972a-7567cb51cc3c,5d7eb8c0-4b09-461b-bbc5-e2a032194a74,23,1,15.497547328628881,0.9609203572610429
7df5be7e-989b-4d6c-a493-e260c4fa1760,2022,2022-01-25,91d1df49-0521-4008-8e8f-c2098944ce2c,88dd4c56-3e3a-462c-9958-87b739bdc457,3,1,5.647362281558314,0.7152365540637116
a313bbef-95ab-4210-bdc2-5670ca9b2870,2022,2022-01-25,92665c8e-76f8-4e29-a164-ffd7c8890a33,8678425e-730a-4a99-bc7d-7c4282d7e434,14,1,5.852104418830187,0.6875683606442626
a628ca04-3897-4aa2-ae2a-c8056c51fae2,2022,2022-01-25,c73565a9-06c6-4314-b7e1-3659db4cf00c,61cad1f2-f187-4b2f-8e53-02eb65eae2d1,21,1,13.769500047698983,0.9145692240196645
b0b27008-98c3-4d36-8d99-1cfad2886aaa,2022,2022-01-25,3e79582f-0f2d-4ace-86a2-242de87ef6c2,371a2930-c5a4-405a-bb44-9f22b55ca81a,17,1,3.2930374040933614,0.6471995645029873
b533d465-13ed-4041-830f-86f6b78ba962,2022,2022-01-25,fd736c6d-0d9a-4837-8153-b1f51e776578,96ccc81f-3016-42f2-98b1-6cbcbf6e8d07,11,1,18.109436183186382,0.9831381363758894
bba5dd26-7b43-44a1-a163-916b92a5246c,2022,2022-01-25,2a26048e-30fe-47e7-99d9-913f28dea879,a30d0067-866c-427d-b6d5-a55b4c986208,-4,0,3.5098003188147215,0.6594424331930887
c186be12-f5c0-4a6f-ad0b-a226bb6e977a,2022,2022-01-25,a6f2099b-9086-4681-8ffd-c41cc6f1b263,3943bea0-341e-414f-8f46-b97e08b5f90f,12,1,11.112911938814442,0.877456768893656
cc5a6f93-f469-423d-849b-5786dacd61ac,2022,2022-01-25,89fd2af1-5c8c-4222-8ffd-ce72e55a8579,2a426bd0-410e-4de3-8d49-d5fc05123454,16,1,2.712530620853892,0.596815199229424
cf800c52-13d7-4512-94a2-be77b1210562,2022,2022-01-25,54514b3e-2558-4e69-98f9-b1f97fc17835,1552f5fd-a3ac-4947-93d8-08bdf1a77f93,17,1,11.676811442886395,0.9157515752566359
e68d5b88-a3d8-463e-9d08-a87e422a5a29,2022,2022-01-25,2422cf8a-bacd-4cb0-97f2-244a07c62c78,2aba779c-997d-45af-a881-44cc87727a3a,10,1,3.657977342479082,0.6448941146414354
f6f353ff-ff8d-423b-8f2f-1c1e7d2a32e5,2022,2022-01-25,ff948b57-cb4b-42da-a899-37fa5c8a6d86,75755c79-6aec-4154-b1f8-2337fd4a06c5,-23,0,-5.289109711200505,0.343029383321161
f7c73ec1-effa-4f46-b2e8-7080283360ac,2022,2022-01-25,cba4f27f-e547-49bf-bbb3-2983917351a2,e44d72a0-bb34-4a0f-b307-188c3b30e131,11,1,9.05867489530802,0.8481858707317608
f8341276-40af-4fe3-9c91-485e1de8a2d4,2022,2022-01-25,f4045f82-f9ab-4d14-867e-496a744ac26e,b394d3b3-e9a2-466b-abe0-89cda8e8d669,-1,0,-13.23002720800609,0.0878461002742872
fa9339f6-30ea-4a04-b272-887872d0ed8f,2022,2022-01-25,95eeb869-4052-4a70-84dc-8178393a6646,4b2092bf-f1b2-48c3-8ba6-43f8f5d0ee62,-7,0,-3.5651184481882128,0.3597028118316898
07cc924a-f865-429d-975d-586993b3d23b,2022,2022-01-26,188437e6-a8e9-4e63-b58a-4141ffadc80e,e40486af-12fa-47cc-93aa-4b196b7f5bbc,-3,0,6.89798028941851,0.7407307838755064
0bf86d40-c8d2-4439-9906-e2f544f7fc59,2022,2022-01-26,d99c752c-71e0-431a-b0b7-143707bbc110,793f775a-aec3-4741-b86e-4c8e079f74a4,9,1,-1.8206560194875265,0.43388680063994106
0f8d8734-88c3-4536-89c6-180354c0b6c3,2022,2022-01-26,e61ea85d-a57e-4621-930d-0b0e653eb2c7,3b36f988-af5a-4761-a417-f496a2137c3c,-4,0,2.2832601608110004,0.5632958730433293
12048381-3688-49fc-8f55-387eceff320a,2022,2022-01-26,e5df557b-d16f-479b-b7f6-db85db97e2cf,3e7063d6-a6e4-4aa4-8e77-044c9f5fc21a,-3,0,1.7491536793918216,0.574809413471914
2f14f873-51d6-492b-a59e-5dd8f7292855,2022,2022-01-26,e06f08fc-4ed9-4807-9f8a-7889130e21f6,fb5884a9-f370-48a9-9000-3b1a4f02f0be,5,1,5.559596825358267,0.6804585037610769
32d1ba01-cf1e-4332-921b-aacbf0603a8d,2022,2022-01-26,8de64d3a-4bae-4d2a-a4d2-15ec6583f6aa,03b227c1-5813-4ee2-b7f7-34094db05200,-10,0,0.15988714913660657,0.48575719663490813
39c489b5-42c3-4845-baa2-fefa9a8e3c5f,2022,2022-01-26,c2c0a075-e16f-4aa1-a838-887ef3ba2106,b91fd5ed-1e0c-431b-bd4d-0947f67edb2b,-2,0,-0.9678429454910049,0.544656961543743
44605987-a322-45d6-93f9-ba20af86f6d6,2022,2022-01-26,cc1716b8-24e4-49d7-8778-964affd58954,e31be871-e6af-43f9-9cf9-865a275b7e6f,6,1,4.9243849076462265,0.7238547250365798
44e7fe2a-9678-4741-9d17-8d7bf17e720b,2022,2022-01-26,0d182ffe-13fa-4447-8f00-f38088d0cf05,5253a75a-17f7-4ea5-b313-743697ebca72,4,1,5.000868146545478,0.6574445329673196
4bb06d69-04b3-4641-b298-5d9bd8c92d92,2022,2022-01-26,0724bbd2-14e4-4069-820d-16f4dcda5df5,d91f2468-d81d-4b25-a8be-53e85e8b4ded,-20,0,-9.98388285237201,0.17346074525627939
525935d7-f624-42de-bcbb-68d5b305d800,2022,2022-01-26,5953232b-95c2-4915-a150-ed30d3fdc96f,00366c32-204f-4176-9a22-20555a1e6363,-9,0,-6.1337064853289025,0.27968870653336697
65bd0c94-1a98-4beb-8c1b-d0ce4e493146,2022,2022-01-26,1e46f177-0551-4da2-8f3f-c683820ed5f9,d84d7188-0176-4937-80ec-d83ae93a1912,5,1,1.900859647051116,0.565150574852942
7611b5ed-19cf-41cc-acc7-6eb12b0a65af,2022,2022-01-26,fc4bf214-f945-46ec-8524-00a3196b7449,d98e9dc5-d3b9-41c1-ac48-5a4945d47713,17,1,-3.036775137780327,0.37427456545636867
7663c743-8ff5-49b0-8463-312a3369d994,2022,2022-01-26,1c994624-ca30-44fc-97cb-9a0aa481ad72,31a85828-d084-442c-9cbf-1f706ab87f57,-5,0,-11.218227381426962,0.14562284165866018
7c6fce84-5b83-42e4-be0c-a51387f29032,2022,2022-01-26,4d299953-da89-4561-afe6-d0a2222d454e,62080182-ef8a-4907-90ca-00df4cec4e3c,7,1,12.09978210203516,0.8869651980055578
818f7231-cd8c-4126-8c35-13f88124be5d,2022,2022-01-26,4e23c371-72f3-4986-a8c1-e7798c5dac70,d77ce32a-30e5-47ce-8841-52447d9fe891,-5,0,-1.1937355743788387,0.4276897095670196
852cc681-8190-4d17-a313-d380be3fb03c,2022,2022-01-26,94a64c9f-34df-480e-8ac0-1bad98ef2a11,0a370edb-2194-4979-ad23-d796fb97dfb3,2,1,2.79646265874149,0.6428383371460888
8e603beb-8c0a-4f27-b8df-3597485ab515,2022,2022-01-26,1e89fbf7-1862-4050-b61b-f4de4a9ae045,054be086-7ef6-4006-880c-01ed91db37c3,-1,0,-7.642525965946317,0.23178350793960656
9e0f3088-4eb5-4bc0-885e-d6fab178c241,2022,2022-01-26,8af2e3d8-3a2f-4008-b261-30f11908b768,9be3dee8-ee3a-44e5-bf8e-c59a500829e6,17,1,10.874011874890853,0.8999476048961014
a3104247-4732-4e27-b4d2-ba7439c0bbb2,2022,2022-01-26,12414365-9349-4a1b-a319-34a8ad92f7e3,f3d329ca-1b85-47f6-a871-b80851fdc6d7,14,1,3.609876669117956,0.6171541070364757
a59d1fa6-9a8e-4701-8cc5-d1704b360e54,2022,2022-01-26,7798adeb-2809-42ca-b509-02c719168825,d2cb99ee-debc-4e8f-93ba-b0ffd42247ea,-2,0,2.6858113169660194,0.6337388488979075
ac1d3f27-5849-40de-a410-57cf7c78153e,2022,2022-01-26,1607fc40-d48c-4c58-9fa8-96e3f20a5137,697f7fa6-4d64-4abb-8310-9f310c49ad61,14,1,-2.0175815284041274,0.42638824071763376
acccbaeb-49fc-4868-a588-a2de06d1fc18,2022,2022-01-26,4184e3dd-c499-4f67-b148-fb0c4342d564,c995f51c-df46-4643-9aa1-3830ce760066,4,1,13.961943174336787,0.9359587923670096
acfe48cc-ac42-48ac-9ba0-a1378d3ce8c9,2022,2022-01-26,d67c23cf-71fc-4b63-b6b9-d41c6e172e4b,a8d4a467-9623-470f-9ec3-c15afb497e8e,8,1,2.7293798740331527,0.5685033428508026
ad0f279a-a763-413c-9ecc-4aec9ae437c2,2022,2022-01-26,37d32b57-ae72-4669-9669-a71097de1196,24f1d79c-4241-4c82-bf09-57a159ce81b3,15,1,6.270849661320899,0.7811552106754132
b2986900-7dff-48bf-bd47-b873480bb95e,2022,2022-01-26,bf8a4003-12e8-4697-90dc-cf75dfedfeb0,79f44737-6e40-4cba-af63-6ff773df5f36,-2,0,-8.574490797713711,0.2232104825701626
c48074a6-9916-4c39-991f-d81e6e1bcc2e,2022,2022-01-26,b32dbb42-380c-448c-b510-ee949569ffd4,ff725b84-1ca5-43ef-be84-cb70a6494dab,-3,0,5.283981723855505,0.7244671610629881
c7e60724-7383-4d42-be36-46de350857dd,2022,2022-01-26,ce6a2240-48d2-446a-a847-e4ad4367b9fe,7bb8a634-d969-4ec9-b472-8294b1782684,2,1,8.446724911546513,0.8247324261684813
c8f5f250-2990-4f84-b736-5485f96dd75b,2022,2022-01-26,f9a723a0-1697-4175-8193-97f2f8906c0f,d4de33b3-cd7a-47bd-bc4d-da1381432ffe,17,1,6.324767870069586,0.7311972371609987
d2c0bb12-afef-4dc0-ac7d-5f21381299c5,2022,2022-01-26,77b07047-6507-4cf4-85a5-4c69fc0c453f,72261a98-a3e3-4f7c-8188-4faf20af42ad,18,1,1.7729370884648195,0.5510765889707667
d8c0dc75-49de-430e-b9ff-9f13a80d8366,2022,2022-01-26,af3a149c-e965-41c9-af16-a3dd0322f9a7,0f8a15c4-f4b7-4335-a429-ae233bf4aa41,-4,0,-4.426552690291463,0.3456515312829772
e05264a4-e01d-4a0e-a11c-7e5b99a4e5d4,2022,2022-01-26,95fd11d0-8e48-48f1-b7fc-f03fe1bc8c84,a313a13e-7ac3-4c73-8872-6d424a253480,8,1,9.510033048177744,0.8340791373831754
e211db4b-4223-4797-9b9b-0fbe122d001c,2022,2022-01-26,59a704c5-1934-42cb-8720-83cd7ee9f3fb,e0d5322c-5032-4768-98e5-0b1ffa787a08,8,1,11.983649249675164,0.916723187802611
f0580142-221e-45e6-9137-07fe0616dd11,2022,2022-01-26,d13e3f73-7b13-4e91-9249-09f1e11e488e,5a26bb55-d02d-4957-be27-861e8036f152,-15,0,-7.533303065886937,0.22749493766488482
fbf794bd-4cf3-473d-8522-2efae313ad4a,2022,2022-01-26,964b0070-5909-49eb-8fbe-c2de5f48fe0f,d1893fac-c32c-416c-9aed-0d6c61ad0935,-19,0,-5.0028250062750965,0.3494531115634062
0675eb48-3e7c-465f-b557-dd65f5669ccc,2022,2022-01-27,f2eab5a0-4f7f-499a-b807-edd4f40d28e6,43f1428d-b856-4fe8-b864-8728bfdbaffc,-10,0,-7.217174577364109,0.23136364194432762
0953b2ba-5851-4fd9-9a64-5bcceae92392,2022,2022-01-27,242a53a0-47e7-45ed-afe8-61172c29f09d,b773a5ad-3d34-4658-a942-6e2836f04e3b,-5,0,2.6492287313391314,0.6420632408750157
0ac1fae6-a490-4d31-92b1-d5ae01ea26d3,2022,2022-01-27,4bd089fa-104e-4a99-a39a-1af78fc3e611,3f62a009-8c84-44c8-9775-4e3959e17edd,-6,0,0.04849158593177488,0.491818554817457
10cf60bd-07ff-4384-a7e8-2da691abe941,2022,2022-01-27,5984bc3b-7531-473e-8087-c5fa390b08cc,28ef27aa-2dd0-4469-b521-fdbe9d8c6bd0,12,1,-4.67027793996015,0.3565654346854966
11fc71e5-f11b-409e-a3d2-23c5bf656450,2022,2022-01-27,dfc3b54f-3b20-406f-a673-33061db4e3ba,240cc087-ebae-4133-9c14-cb46ebe54b97,7,1,17.924571846139926,0.9630347673430529
1230b0ad-743d-4219-a1fd-c42c229f5471,2022,2022-01-27,3b495752-ddf1-47a7-8bdf-2625c4bfcce2,644511e8-8569-4c1b-b22e-4bf2710fa9da,17,1,7.4932266699699035,0.7631527616544911
1330a09a-b5ca-4601-a463-8d3468eea310,2022,2022-01-27,ab8cafeb-02fc-4c83-aa0d-dcc530796fe4,d5a14f1d-6220-4af8-9b8a-c8a9ae952d5e,4,1,8.176520851502419,0.8077013042280085
15146e0e-5392-494d-b051-a49ec5a63baf,2022,2022-01-27,24dec588-02c3-4c82-9ea6-d467604a8150,1049e433-d23c-4aa2-8581-4bef2ad0715f,24,1,6.385502427001799,0.722789167935328
172ea00f-5f93-4e13-bbad-4e9de3f8d484,2022,2022-01-27,fbf897ee-41aa-431f-8ef5-0ea7cbe2a05f,73339436-3261-4171-9cc8-854b8e176836,-3,0,3.514512996671646,0.634907348798597
1e26b0a0-579e-4a89-979e-f48858d668e0,2022,2022-01-27,92249853-0b54-4944-8955-34bc02003e54,b9052e15-66e8-40e6-86ac-a872e5c51fe8,-9,0,2.0921995177041635,0.6392444794768748
22b64568-7021-4229-b868-ac37b2b2e084,2022,2022-01-27,5870d352-4930-4235-9c03-7bcded7ae342,8dfdef93-7be0-45db-8281-e58565dd9d85,-3,0,-5.170088064416718,0.3147637469107924
23703c32-d05c-4723-a208-eebb0f9398bb,2022,2022-01-27,87cec0de-4d93-4ed3-9ac3-deac97be5eba,01167cd7-9c6a-4860-904c-78f7c777ba81,-6,0,-4.6632178177702235,0.30297654155053494
2c950014-91fb-4e71-b204-ff90da8a7487,2022,2022-01-27,d34afafa-d43d-432c-98d1-72ab0aa8a823,5bdb2df4-f9a3-4404-a003-948f25c48965,34,1,27.12356561284426,0.9833902079173208
314be3dc-41f5-4d2b-93fa-7aa86ecad626,2022,2022-01-27,bbdc8c62-dfe4-4e42-9ca9-ff85d375faf9,8f73f541-6fb8-4ad2-a1c6-e3eef51e7b64,-8,0,-11.283095541377623,0.12175037385030422
3333e2fd-5b3b-429a-922e-be2ad7ba9fbe,2022,2022-01-27,6bcc781c-aaad-4e10-8214-7a1d0e3f2e6d,bdb5791e-8da5-4640-82cf-7354e2f02b3e,1,1,4.1044337398720545,0.6722239113231332
37787b47-4f05-49f3-8c30-a35867e8edd5,2022,2022-01-27,68215498-0684-4009-a2fc-93fa21109838,884b1e88-9543-406b-bbef-d24ea9c36092,-5,0,12.513990559424162,0.9164588685433444
3c158f98-df0b-4ace-a93e-1dffc8b82572,2022,2022-01-27,5e8f405a-2ee1-4230-95ea-420666557eed,b990f4aa-efbd-4625-95a3-376e51ad9f2a,7,1,7.241629832112905,0.7606953997598629
3c7210bc-4bf0-4c3d-a067-66e84c932d45,2022,2022-01-27,6da558cd-823c-46c8-b91b-4a40b474cc87,f5d59c00-1a94-4484-8e5c-c5073ff87ce3,-4,0,-2.490468939564625,0.47849002639742694
3da3fe8f-2f46-4885-9964-ed8b3830dc7c,2022,2022-01-27,ded40384-d167-4ba1-93ad-2fbaa4def151,8ce55fa9-2ea0-427f-85bc-c9e8ceb4d1f0,7,1,13.272158397645976,0.9074063028835212
40525662-07ea-4615-a093-f7a34cd7226a,2022,2022-01-27,2d5a3d36-55d8-4fc7-9050-a067b5a5b3c9,c73565a9-06c6-4314-b7e1-3659db4cf00c,-12,0,0.3229358977836926,0.5060971157072321
413072f0-90b4-4845-96c4-a427d6054f79,2022,2022-01-27,fd0a26ff-3454-40f1-b8e8-1f0f6f9523db,5ebd8a2c-2831-4a31-b7bb-6d6e6e1f7ff9,-15,0,1.2174250284568873,0.5670537405552084
45511871-d06c-4f9f-b6fe-6534b7a247ca,2022,2022-01-27,669eb771-4301-4c20-8e17-113d14b6cc8f,82d1bf41-2f1d-44d1-8022-220c263d6525,35,1,22.23111667821382,0.9850539067237702
467636fe-45c1-4a0f-887b-36ebcb13da85,2022,2022-01-27,cddd6722-8c88-48b6-853a-6481451c0290,a30d0067-866c-427d-b6d5-a55b4c986208,2,1,1.0625150683328448,0.5695093874396371
4d057e97-356f-48dc-b0de-844ada9395d3,2022,2022-01-27,86391a21-965e-44e8-819b-837cac02859b,f621591e-18ed-471c-92f8-2c4d4c00bb75,-8,0,-0.8885791028037459,0.4693834941636647
503c2747-eac8-4847-a424-8d3985ae81ea,2022,2022-01-27,604f3fca-4ca3-445b-9be1-3cb6b7f69fd8,f1fa4ba9-17ac-4467-80da-6559daef7a45,17,1,13.891050452827828,0.9075208895562494
570ab0ae-4d4d-46d9-8989-0aff8b8c91a1,2022,2022-01-27,af6d34e9-4be7-4fc4-b61d-28a000704daa,e9770216-1dda-4db8-bc54-264a782d40b3,-6,0,-1.5611449885725648,0.48653367299085415
5b4553c7-2bdb-4d1a-88d6-dc1069b39467,2022,2022-01-27,1094d4ab-e85f-461d-8ef2-525fd92ec80d,f05e79bd-96f4-4690-83c5-60a9d4972d05,5,1,12.797236163950208,0.9193582609265628
5b6f1374-2da5-46d6-8bfa-9d7e83d58225,2022,2022-01-27,726e1c94-fb9c-45ee-ad09-5e487744b47a,c6c28fde-56df-41e4-839d-2d6201c8dc27,-5,0,-11.536672267066063,0.06989670983710466
62ddf19c-0e62-40c0-8729-3ea33938ae7b,2022,2022-01-27,77d10aad-4300-4849-8c55-f92e900358a4,4090fa15-7788-40ba-95cd-6c5cba85e91a,-1,0,-8.024530879811003,0.21183509288879332
658061f9-b71e-4d2b-8979-c863fcc3cc2d,2022,2022-01-27,ec2fc7a9-a3eb-4e36-9404-f156e2f997f5,64820b75-84d5-4b53-8bec-43ee70e03b36,-6,0,3.8229774794193387,0.6707115121816366
6cddef7d-38d0-423c-86fd-962ad752b57e,2022,2022-01-27,e6e965ed-2ea0-4655-b873-7c4b7d9db0ae,1cc71d7e-b5a6-4b50-a797-176f96548858,-16,0,0.2201502086326889,0.48417456365828043
73a3c7c7-3edb-4a1e-9ade-b2d9b229ae68,2022,2022-01-27,c14dbd3f-31c2-4647-b19a-e03839f04ad5,553733fe-ac6e-4397-9188-b27a01824e73,-11,0,1.0505778956768788,0.5286841165222806
7690441b-e4c9-4081-aa2e-8bfa30178778,2022,2022-01-27,212827bd-b2f5-4ca3-a901-403112b8594c,ceed979f-ef7c-4eee-a2e7-fc66ff70bbc1,-11,0,-8.958146759444451,0.23059258298014235
81df9374-26b7-4db9-91d3-8195439a533d,2022,2022-01-27,dddedca4-47e5-454b-b278-b9f2fec5e78f,743e2828-8a80-4168-9d8a-f8cc1d9b0b9a,-3,0,6.940443000726907,0.8065318978922826
86b6a3d5-a29f-465f-83b8-ce783d32f585,2022,2022-01-27,21f47709-f514-49eb-9da9-1f6805407244,02d8446e-475c-43f7-a829-3e36474bc43f,-3,0,-1.6618460609026395,0.4372806440850848
880045d8-cf53-4229-8c23-6cdfa706acdd,2022,2022-01-27,2678c438-d23d-4ec0-8105-ab3f1c748aaf,eb341503-aa23-4784-af34-3b14bd72fdd4,9,1,10.784830256508835,0.8590709546412617
8cfcf734-4d00-4891-94db-807bcccc854d,2022,2022-01-27,89fd2af1-5c8c-4222-8ffd-ce72e55a8579,61d9acae-2486-4e53-82ea-60d146622f34,24,1,16.436817251203294,0.9685697921598251
93e8f761-792e-4493-a861-c777eb0ffb19,2022,2022-01-27,99ad5125-6b8a-446a-ad41-7a5f50dcf6b7,57a961fc-fabe-43a1-bd3f-78858a193715,5,1,7.855275841161951,0.7538211112501022
98a8384c-2827-47ac-9e04-1d58abbe533d,2022,2022-01-27,3ebbd7b5-f0e2-4fd6-870c-58a45d420f53,58041e02-d340-41c3-9f0c-e5e2a5c7a135,16,1,14.008101868460544,0.9355216357159581
a278e270-f9f2-4af6-9485-64da1e84a744,2022,2022-01-27,1fac2552-eeff-489e-85f1-ce8abae4b5d3,0f928622-6fc6-4817-9641-a4366153c8c0,-9,0,-18.211650193446005,0.038260188065319216
a6eb3e84-f38a-4033-860b-a07cba9fc0c2,2022,2022-01-27,9bf29604-a6db-46b0-b81d-92452dc43267,254cd687-c2d4-4fee-b5d3-c3ce6a9264e0,-12,0,-12.363139360991596,0.07241157429220485
a74d47c3-277c-455b-a3ce-ded99282feaa,2022,2022-01-27,3943bea0-341e-414f-8f46-b97e08b5f90f,a6f2099b-9086-4681-8ffd-c41cc6f1b263,-5,0,-5.114672738431677,0.31756504005277564
a898a1e4-4a59-49c7-be21-8c65f0bbb766,2022,2022-01-27,3157f4b6-4b11-46d9-beb5-cef7c68fd1a5,4db0015c-fae1-4d5b-8be6-db756062d47c,1,1,7.938058958768115,0.8055658670940264
aae237ec-292a-437c-bed8-a4bcc48a1a24,2022,2022-01-27,29263387-625d-4270-b420-6066c840fbe3,28760428-230c-4858-9d2f-0ff8e804da52,7,1,11.305576780938434,0.9004833654652594
b5578508-a28e-4b17-94a3-c141db3282e0,2022,2022-01-27,be639f4e-dcad-4737-8fdc-2740207d65e3,be29cc8b-f65a-4ba7-8a0d-40b2a9643422,4,1,6.565986753117851,0.7405894387687442
b5aeafde-2c74-45b8-97b1-73b27a05381b,2022,2022-01-27,f9beb22d-1a30-4dc8-88ac-4737870b7e69,29398553-f42a-4873-9321-4c772f7dca42,8,1,4.172567859613292,0.6677558617368835
b75052d8-f070-4c34-9799-0f69b9e8f686,2022,2022-01-27,98555e7f-2f58-4896-b98e-4edcece8a333,31503e00-902d-4881-a3a5-52c5415e0e2b,-10,0,3.193734478778128,0.647029050281545
c51aeee1-4c14-47e1-add8-784d5c8e8356,2022,2022-01-27,0c933bdb-bf23-4a17-ae1a-f28978a95152,7dfde2c4-2d03-47ac-8d87-e6480afb8a99,7,1,1.6571353080933078,0.5539339019896178
c79706f1-c8cb-4d2d-ab02-bc3fcd06cefd,2022,2022-01-27,21282287-1619-4d11-9e25-59855bdd5be6,b7898dbc-7198-47fc-8098-496c7867351f,19,1,7.770043237228743,0.8329013146013804
c7c51837-dcab-40ab-8869-7f450dcda8c9,2022,2022-01-27,8b50b68b-b346-4272-bd86-947d908d937f,61476d05-09c4-4500-a588-2847128ed6e8,19,1,4.278738691110594,0.7470866134227648
cd0e1c67-516a-45a6-8926-22d29773c759,2022,2022-01-27,b23fd4b9-0101-4a30-a8df-10760e1f4bfd,3e79582f-0f2d-4ace-86a2-242de87ef6c2,-7,0,0.5466231438182519,0.4869085555337061
d93e6f1e-e111-47f3-bb02-28d49e74d3d7,2022,2022-01-27,d7c1086d-592e-460b-9f30-684b14d1097f,ca910495-28ae-4dcf-a3bb-7b04612490b7,-14,0,-13.62992050511074,0.0819444322206084
da4a3517-4f3c-4bbf-afb1-405533bca118,2022,2022-01-27,9aed1c9e-7ade-4533-91c5-322e09783a7a,cc4eefaf-2887-46d2-920d-d97a8f3df18c,2,1,-2.728375684056598,0.41261258414165
dd940875-a2f4-4681-8099-bc66af35b89b,2022,2022-01-27,d9411158-02d5-4d70-8862-92cec8bfdc49,4d587dbe-16e7-4990-a378-a0fc4c2c273f,15,1,20.305679172536667,0.9738568187517606
e118c199-81c0-4b31-a030-b3dc08341c69,2022,2022-01-27,6bb1093f-59ab-4de2-9cae-c257b87d56e4,eb038e9a-e14d-41b3-b26f-804fde52e571,-11,0,-4.322403749904297,0.3352640893626606
e4f55d6f-d2db-415b-b7a1-d83461256d84,2022,2022-01-27,77413edc-f997-4807-a4ea-9caf8157da8e,0ec0fe2d-cb25-483b-aeb2-0f12af2160c7,-2,0,2.3755391029977004,0.6038765789624837
e6c36081-bbbf-4a2d-b524-bf7a431dc3c3,2022,2022-01-27,a8f76e24-7f09-4727-b40d-6834e4fc0829,7f9edadc-8c22-4821-8da6-0ba70d59bbbc,-2,0,-8.50984226290206,0.24641002596326939
f3ef7e1c-93b5-408a-a50b-a8c6ecca951c,2022,2022-01-27,d25581ff-ffd9-4c81-a946-e99b1de2c3b6,e89766a3-c899-4922-aee4-cfaa2a8fb500,13,1,11.337283396174312,0.9139645754240006
fa8e88b5-3be3-40ad-a075-18d7e5fd28bf,2022,2022-01-27,5f19cada-0d6a-4a64-bf90-7be104537c24,8ab33314-bb5c-4e60-b515-3564c813ae0b,19,1,16.166328122645893,0.970374706552434
fc910f4e-2e9f-4f94-94b4-160b027547d8,2022,2022-01-27,42f97a12-c358-47bc-8b1c-e20878be4a05,e0d91570-7fe4-4dbd-b6ba-f6ce261fd58b,19,1,7.51531602602993,0.762844848646405
fe78f006-bb93-4ad7-8b8b-476163c2dd70,2022,2022-01-27,f5ff136b-cc0a-4eed-a502-c028afe284bf,e78e20dd-cddd-4b53-b5d6-62aad4ced9ca,-5,0,-0.2425911648899134,0.4675541830935673
ffe75671-0132-4c0f-a491-41f19ecb84e2,2022,2022-01-27,e51ef676-50a6-460e-81a8-b05cdee80c25,4d89f528-9a1e-41ca-beb0-98f913c61c2e,13,1,9.937078411134344,0.8523241659452273
390dffe0-35d6-495d-9abb-68e18b662510,2022,2022-01-28,a50b7fa2-326f-4ab1-8bd2-b0bbf4f26d23,9aff8705-aa1a-4181-bda2-9f9544361658,16,1,8.013996198263618,0.8295346632921959
3a74ec6f-2635-4962-91bf-5dc4b8a03f81,2022,2022-01-28,2aba779c-997d-45af-a881-44cc87727a3a,71a67ffc-6558-40e0-96eb-79527a541007,-4,0,4.500039083881683,0.6418800932133372
3a7a137e-7f56-4240-83b0-c2fdb82e9b84,2022,2022-01-28,72261a98-a3e3-4f7c-8188-4faf20af42ad,cd9b9678-1f2e-4444-85d3-3269c4b3775a,2,1,-0.3008829711521548,0.521954390331053
47fbfee5-d539-41a2-b365-a96c1d6b7c5a,2022,2022-01-28,944226c8-c2af-4571-a853-5bb934c49ae4,ca7c4f31-56b7-465e-a3a7-4a4a123f213c,-5,0,5.416153268073009,0.6674645277890336
6ed5bf3a-fe75-4e6b-898a-4748c073fed1,2022,2022-01-28,d1893fac-c32c-416c-9aed-0d6c61ad0935,dcf098f0-7fc0-458c-95fe-c6f0743b4274,4,1,-4.0000975772723635,0.3814155189534024
8006edec-d5f3-4bcb-ad07-356aeb613030,2022,2022-01-28,fc748d3e-7f1e-4823-9d7c-f14ad3df799a,3911d63c-249c-41d9-a29b-df0377e1a054,-2,0,-11.60595629958365,0.13370872983215915
823142c5-8b8d-45d0-a97a-b96890c573ad,2022,2022-01-28,4b6d2ea4-d1ab-46f4-b480-555227d14e55,46716039-e26d-4d19-a17a-35eec7c36cb4,-11,0,0.2771309880952815,0.5271967484806602
873aaf22-27e1-4775-a9c7-cd92b3ed6ee7,2022,2022-01-28,b7b950c6-b603-4afa-afd6-ed15293d3523,db040d7f-5499-4400-9069-620c27646ed6,-21,0,-0.1554123606216047,0.4941207679243151
a5a7b74f-da8b-40a5-ad22-6b67c2768f8e,2022,2022-01-28,e6d68428-bbd2-4402-b980-d22e5e7957ab,c01c9fdb-95d5-43c7-b905-8bf714226631,5,1,9.761777176547222,0.8786707136958175
aed6bd38-bdab-47f6-b1ba-257b5bacd0dd,2022,2022-01-28,2422cf8a-bacd-4cb0-97f2-244a07c62c78,6c96789e-21df-4f43-92b1-8e62705ffc1d,10,1,2.5436216393565156,0.5700783567179032
d92eff2b-cf59-4909-a232-33a7d71a9005,2022,2022-01-28,53922fed-96eb-4cde-8b45-7f8b7e032cf8,a5658591-2fd7-4ab6-bea8-70e793ff3f6b,-4,0,7.171391167794122,0.7366764999713283
da995b11-1b9c-4344-851a-c5999f37df86,2022,2022-01-28,cba4f27f-e547-49bf-bbb3-2983917351a2,5018dfc0-8279-4a3e-b376-b7606f612a00,-14,0,5.240426380569053,0.7274539676364321
db6c2210-e2a4-493b-aa2f-40d137453e70,2022,2022-01-28,c2652773-7b58-4ba5-9edd-ffa62acbd245,ad5bf26e-a32c-4d5a-b531-f6822b104284,26,1,14.152617884552273,0.9157948116782768
eaeb65e4-cde4-48a8-8337-2c767db60a50,2022,2022-01-28,f8490c90-4ca1-437a-93da-114f5dac0426,aef6cc9a-dcfd-4137-aa03-9926d921f466,8,1,2.5876275245188727,0.666373705461511
fca229d3-1b5e-4818-b76f-92b5c7913f00,2022,2022-01-28,1552f5fd-a3ac-4947-93d8-08bdf1a77f93,062eb8a6-996c-4619-9ba7-498cdd009dd6,4,1,0.3223927519708977,0.5301684548219654
038e27e3-cfaa-4842-99f8-0f50967cbaf9,2022,2022-01-29,00366c32-204f-4176-9a22-20555a1e6363,8de64d3a-4bae-4d2a-a4d2-15ec6583f6aa,9,1,7.4748320921514475,0.730010395703272
03f67284-e9d3-4b92-adcb-3f05df614077,2022,2022-01-29,d91f2468-d81d-4b25-a8be-53e85e8b4ded,91d1df49-0521-4008-8e8f-c2098944ce2c,8,1,5.054277116930425,0.6853286269934183
054e4adc-6239-4d49-8962-749d54e34e52,2022,2022-01-29,28ef27aa-2dd0-4469-b521-fdbe9d8c6bd0,5984bc3b-7531-473e-8087-c5fa390b08cc,5,1,11.848407161753155,0.9191735063413825
066f18d9-4a8a-40a2-9b60-df980f4c65f4,2022,2022-01-29,2a26048e-30fe-47e7-99d9-913f28dea879,f22782cc-03b3-4a0e-a189-8305ebe19b87,22,1,12.515967241602747,0.9244456055942747
08b0ffbb-1a0b-4023-956e-8c3dfccbb489,2022,2022-01-29,8ce55fa9-2ea0-427f-85bc-c9e8ceb4d1f0,ded40384-d167-4ba1-93ad-2fbaa4def151,4,1,-7.090876699097095,0.25323779516265305
0cc57f78-4c01-4d6c-829a-fc00d6082f17,2022,2022-01-29,1ff4fd9e-2594-47e2-8b06-66ad2ca3fcb6,94d0d44c-b426-4381-9d58-bffb34c097f5,11,1,14.003480063222133,0.930509482477128
0dcc0685-8599-4560-85e8-1d6ef832cda9,2022,2022-01-29,2d5a3d36-55d8-4fc7-9050-a067b5a5b3c9,82d1bf41-2f1d-44d1-8022-220c263d6525,13,1,11.358144973719947,0.9039769392312828
10278aa6-51eb-41d1-945b-d575a9742ef7,2022,2022-01-29,9aed1c9e-7ade-4533-91c5-322e09783a7a,7dfde2c4-2d03-47ac-8d87-e6480afb8a99,11,1,8.622025869036547,0.8256772116593158
156165c3-1958-418f-84e6-be53f319a5cb,2022,2022-01-29,af6d34e9-4be7-4fc4-b61d-28a000704daa,dea85f83-4470-4a0a-934c-553c4722d079,-16,0,-3.385620546501528,0.4099048707722919
177ff8f2-ede3-4f07-9a50-bb123597af72,2022,2022-01-29,24dec588-02c3-4c82-9ea6-d467604a8150,e89766a3-c899-4922-aee4-cfaa2a8fb500,2,1,5.636548648692666,0.7477035041327997
183546dc-0c86-4402-aa3e-2bdb18a175b2,2022,2022-01-29,e31be871-e6af-43f9-9cf9-865a275b7e6f,d99c752c-71e0-431a-b0b7-143707bbc110,-11,0,9.1003193794145,0.8335614611774236
19f24cb0-f98f-41f3-9eee-1a840b153651,2022,2022-01-29,8678425e-730a-4a99-bc7d-7c4282d7e434,371a2930-c5a4-405a-bb44-9f22b55ca81a,10,1,3.680145978212746,0.6409616155119156
19f28f83-68e7-42f2-a863-aa5e785bc58f,2022,2022-01-29,28669a26-792c-4843-ad64-6f16da03d389,d84fbf05-f799-486b-956e-f0500927e1d0,26,1,13.167593046595798,0.9075832414086942
1b25559e-262c-4cc3-82c5-dbf31a5499f6,2022,2022-01-29,ff948b57-cb4b-42da-a899-37fa5c8a6d86,cc1716b8-24e4-49d7-8778-964affd58954,9,1,-0.46675037635327765,0.5199634837814857
1c2d0f4b-6832-454d-8605-9d0f3eabe61c,2022,2022-01-29,669eb771-4301-4c20-8e17-113d14b6cc8f,c73565a9-06c6-4314-b7e1-3659db4cf00c,4,1,9.611359052133738,0.8262563405356712
1e97fca1-6955-433b-b08f-a9f1bfac798b,2022,2022-01-29,4e23c371-72f3-4986-a8c1-e7798c5dac70,a8d4a467-9623-470f-9ec3-c15afb497e8e,-4,0,-4.1803216364054165,0.3098594863663921
22599d9e-4e02-458f-bd08-fa9ef49f19dd,2022,2022-01-29,054be086-7ef6-4006-880c-01ed91db37c3,4bd089fa-104e-4a99-a39a-1af78fc3e611,-1,0,-0.6518103681637651,0.5110599078184801
243fa48d-5dc7-4cc8-ab13-ddc0a4aa3c92,2022,2022-01-29,0c933bdb-bf23-4a17-ae1a-f28978a95152,cc4eefaf-2887-46d2-920d-d97a8f3df18c,-9,0,-8.236605021714375,0.20675298891018715
24cb0da9-7656-469f-ac33-858365d4e341,2022,2022-01-29,2454a2fb-1f07-489d-8ee9-b4313e7e775b,be29cc8b-f65a-4ba7-8a0d-40b2a9643422,18,1,0.9703895541224331,0.6105290345582521
25211e38-c88d-4ed1-a641-19c27a84e1da,2022,2022-01-29,4bc4f625-be38-4da1-919a-c43bedce10b4,c3603958-de3f-4014-9dd0-d9c4c84dd226,9,1,-5.028758749433254,0.36126693680274263
2657163e-ce82-40d5-a699-2cf2d867e9c7,2022,2022-01-29,92665c8e-76f8-4e29-a164-ffd7c8890a33,91a6fe66-7652-496c-9d91-c9bd2b333b6b,-8,0,-4.769622477667967,0.23911528383887382
2a8a9f54-733c-4794-8136-98d4c8ece2b2,2022,2022-01-29,61476d05-09c4-4500-a588-2847128ed6e8,8b50b68b-b346-4272-bd86-947d908d937f,9,1,0.5369823455238287,0.5137831784522596
2b3ad5df-20ba-4c44-b5f0-07b0a6203c21,2022,2022-01-29,e0d5322c-5032-4768-98e5-0b1ffa787a08,af3a149c-e965-41c9-af16-a3dd0322f9a7,-20,0,-1.1613598873374622,0.4731970565795579
2c8d51fd-f70b-4960-93c9-bfb0ef8bceb0,2022,2022-01-29,3ebbd7b5-f0e2-4fd6-870c-58a45d420f53,b990f4aa-efbd-4625-95a3-376e51ad9f2a,-7,0,6.309025986969766,0.7586593400532927
2faa7a25-271c-4d33-81dd-cb8b3af9b8ca,2022,2022-01-29,ceed979f-ef7c-4eee-a2e7-fc66ff70bbc1,4d587dbe-16e7-4990-a378-a0fc4c2c273f,17,1,9.98877231836036,0.8552686267558566
2fd19572-a744-452f-bf35-b89cc4b6017a,2022,2022-01-29,884b1e88-9543-406b-bbef-d24ea9c36092,7187f894-4dce-4524-b538-b66a892cd89a,5,1,-10.367411278085665,0.13442365577844143
30ad6730-d673-4991-a344-a2f7550a0b27,2022,2022-01-29,37d32b57-ae72-4669-9669-a71097de1196,e06f08fc-4ed9-4807-9f8a-7889130e21f6,5,1,1.7844741580135128,0.5798155356527214
329f4a23-5a15-41e8-b616-744657d952c4,2022,2022-01-29,9c70f4e7-acfb-484b-8154-f0fa9365a3a8,9dc47cce-9b16-420a-971f-5362aaa69dc7,10,1,2.4289188113982223,0.6708781525979869
338a7c4f-290e-406a-a55d-d3ee2a1d3ff2,2022,2022-01-29,29263387-625d-4270-b420-6066c840fbe3,e0d91570-7fe4-4dbd-b6ba-f6ce261fd58b,20,1,11.107950216774757,0.8958365902390789
33af3b2b-f9b4-4ced-b1d8-61091db761f2,2022,2022-01-29,86391a21-965e-44e8-819b-837cac02859b,b0fa4996-a909-4fd7-ba9e-8f180716f7f3,-2,0,-1.0240106193467744,0.39774646656801077
385d612e-5eb8-4ebe-a2c2-9e7021073688,2022,2022-01-29,1094d4ab-e85f-461d-8ef2-525fd92ec80d,31edfcc1-f627-47cf-9ca0-61370f3261d2,24,1,12.090824017885621,0.8825943765797689
3ee49d23-96a1-4c58-b6a1-ffe46a97f7d0,2022,2022-01-29,b101bc61-0628-4298-9362-c2e546437032,1e46f177-0551-4da2-8f3f-c683820ed5f9,1,1,5.797562170165668,0.7685272678994772
3f7cb728-3cd2-4e9a-a867-d1e8c014c9f9,2022,2022-01-29,cddd6722-8c88-48b6-853a-6481451c0290,9be3dee8-ee3a-44e5-bf8e-c59a500829e6,4,1,5.650154482425617,0.7337969209589996
406cc4f0-8977-4cbd-b333-df48f318025c,2022,2022-01-29,87cec0de-4d93-4ed3-9ac3-deac97be5eba,8ab33314-bb5c-4e60-b515-3564c813ae0b,-13,0,9.485028730603107,0.8696139702084006
40f5cf55-0274-457f-a966-895cbd8fd0e1,2022,2022-01-29,59a704c5-1934-42cb-8720-83cd7ee9f3fb,0f8a15c4-f4b7-4335-a429-ae233bf4aa41,4,1,5.50586576977402,0.7094225798321171
41300d38-ceec-4905-8023-c1e61c94b6de,2022,2022-01-29,dac65a7f-4511-49a7-9c6d-3f29d22ff86f,ce6a2240-48d2-446a-a847-e4ad4367b9fe,16,1,-0.17300221214858755,0.5258422039742654
46b9a433-ccb4-4940-9d89-cdc503f011be,2022,2022-01-29,dfc3b54f-3b20-406f-a673-33061db4e3ba,6915e90a-5d80-4d4f-8d44-0bd316979884,3,1,1.6356901477874008,0.5610144331078205
47c1b32e-0280-414a-ac58-16f8d889583d,2022,2022-01-29,1607fc40-d48c-4c58-9fa8-96e3f20a5137,e40486af-12fa-47cc-93aa-4b196b7f5bbc,-11,0,-7.054018156653876,0.28551815832064603
49d7a360-708f-4f91-bab5-3b3068181f00,2022,2022-01-29,5e661a2a-5f48-4f4e-b78a-4ebc2220c393,21f47709-f514-49eb-9da9-1f6805407244,-21,0,-3.5169823628612686,0.3893817694443307
4acf4e37-f726-4138-84cb-0c909f4c953b,2022,2022-01-29,793f775a-aec3-4741-b86e-4c8e079f74a4,3411d575-6a72-4b22-885f-e90bac6bdd28,8,1,13.72880800635242,0.9166292629559162
4d39a28b-af54-4646-b7c7-ce110c0917c6,2022,2022-01-29,d84d7188-0176-4937-80ec-d83ae93a1912,2bf13d1a-4738-4039-9d08-49f17859d4eb,-14,0,-12.478273875758239,0.11939391815606433
4dc600c9-64f6-45cc-92e0-2c34dc597408,2022,2022-01-29,9bf29604-a6db-46b0-b81d-92452dc43267,553733fe-ac6e-4397-9188-b27a01824e73,1,1,-7.168238666717287,0.17022298582167117
4fd7904c-6271-43b0-991d-79cb42646c3a,2022,2022-01-29,96ccc81f-3016-42f2-98b1-6cbcbf6e8d07,6726544c-ad23-4d1a-adfa-1a94c2e10a96,-13,0,-10.95031858618808,0.11082145177436742
5083e73d-c466-4e87-8b5f-8147cbc88f54,2022,2022-01-29,5bdb2df4-f9a3-4404-a003-948f25c48965,f9beb22d-1a30-4dc8-88ac-4737870b7e69,-4,0,4.711560483660367,0.7246298811949519
526f37d0-d6da-47ee-9c81-531bb14e384b,2022,2022-01-29,75755c79-6aec-4154-b1f8-2337fd4a06c5,4d299953-da89-4561-afe6-d0a2222d454e,1,1,-0.17372019372888223,0.4979788495595266
5313935e-6809-4455-b222-c15d696b7396,2022,2022-01-29,81c35070-ad3d-45bd-8fcc-5a8c73a46ba3,3b36f988-af5a-4761-a417-f496a2137c3c,19,1,6.072882925200222,0.7177393334056461
55d05914-a65c-4c0f-af12-876b1eaaeb75,2022,2022-01-29,56c81362-1bcd-418d-831b-74b9b0c4a563,964b0070-5909-49eb-8fbe-c2de5f48fe0f,4,1,4.746118765223083,0.6521140630227085
57c202d9-6db3-4c62-be47-9cef188c9aca,2022,2022-01-29,94a64c9f-34df-480e-8ac0-1bad98ef2a11,ca2c8cbf-6e05-45fe-8697-30f46c2f58b1,-13,0,-8.500564064527282,0.2427746307383516
58c67c19-6711-4d8e-bb7f-24b3e6d9f51c,2022,2022-01-29,1fac2552-eeff-489e-85f1-ce8abae4b5d3,644511e8-8569-4c1b-b22e-4bf2710fa9da,-14,0,-7.225197855329385,0.27747999545481616
5cbd4c1b-54ca-47e7-b4cb-b1ff34dbe067,2022,2022-01-29,48b92b41-b7ed-4c2f-b7ef-3e3d4a99fd62,79f44737-6e40-4cba-af63-6ff773df5f36,-3,0,-20.1331480836099,0.04065896410374091
5f0a68c3-2f30-45bf-9ef2-0863dbee64f7,2022,2022-01-29,bd64a96b-c6bd-4f04-ac87-79bec2f197d8,b31491f2-919b-4ff0-9274-11397e369e22,-1,0,1.0562798680771803,0.48479742370143225
62b2318b-8e41-4755-bd2d-722fe0651a3e,2022,2022-01-29,77413edc-f997-4807-a4ea-9caf8157da8e,6bcc781c-aaad-4e10-8214-7a1d0e3f2e6d,3,1,7.738553494220094,0.8089886368734824
6333b1cf-f489-4238-811c-5236e5bb5b70,2022,2022-01-29,c6c28fde-56df-41e4-839d-2d6201c8dc27,4090fa15-7788-40ba-95cd-6c5cba85e91a,11,1,8.588414919016577,0.8049648936420996
642dafa2-07de-4ec0-9dab-6f34337c6b47,2022,2022-01-29,d25581ff-ffd9-4c81-a946-e99b1de2c3b6,1049e433-d23c-4aa2-8581-4bef2ad0715f,14,1,11.261804045508203,0.8960588346204414
6479efa6-faf4-4389-877a-bb4b00943b77,2022,2022-01-29,b394d3b3-e9a2-466b-abe0-89cda8e8d669,03b227c1-5813-4ee2-b7f7-34094db05200,18,1,7.841859589248064,0.770973076286648
69d7a837-546c-4a3f-9087-5fac34da65f9,2022,2022-01-29,5953232b-95c2-4915-a150-ed30d3fdc96f,43fdfa19-1583-4159-9c0e-1e88e231b35d,11,1,0.3936078935472349,0.49854744670775497
6a80f7e4-00bd-4aeb-91cc-f4ac0b4760f2,2022,2022-01-29,add091d3-316a-457b-803e-9b8e145b76e6,3ee1f038-4cc3-46de-8651-23f4bd9a99c3,-5,0,0.5619260947840111,0.5593679498224804
6c29a376-5d0b-469a-98a7-4a35c059c7a8,2022,2022-01-29,d67c23cf-71fc-4b63-b6b9-d41c6e172e4b,d77ce32a-30e5-47ce-8841-52447d9fe891,15,1,5.561611612560513,0.7849426192012067
6c3685c6-4c3d-459b-802e-8a76f120e49b,2022,2022-01-29,d98e9dc5-d3b9-41c1-ac48-5a4945d47713,e5df557b-d16f-479b-b7f6-db85db97e2cf,-10,0,2.9299605024147914,0.6068119218582291
6e764c1c-9105-400d-9448-8ad9f4022793,2022,2022-01-29,31a85828-d084-442c-9cbf-1f706ab87f57,1bd5203f-23cd-4c96-8b8e-fae5ddfbe69d,15,1,8.089428033003058,0.8465496452304294
73e43fec-0dda-456f-88d7-ec492be2770e,2022,2022-01-29,0a370edb-2194-4979-ad23-d796fb97dfb3,12414365-9349-4a1b-a319-34a8ad92f7e3,-10,0,-2.675569595512622,0.3452080192584805
77b87917-9d7d-4d27-b990-74a53b92b6cf,2022,2022-01-29,2a426bd0-410e-4de3-8d49-d5fc05123454,7b9691f0-e940-401d-9e2c-1d4f695fd91a,11,1,13.097207774495198,0.9559667255393365
77e32007-4f95-4d9b-9e8d-4e5fe7f3ead7,2022,2022-01-29,b23fd4b9-0101-4a30-a8df-10760e1f4bfd,3795d76f-7577-4ea0-8f28-89d16c87f9f0,-6,0,3.929120820966838,0.6267646176231036
7cc815fb-3c2f-4d1a-9e71-ecfee1c8a54d,2022,2022-01-29,0cc63380-151c-40fa-bc6b-76091785d359,77b07047-6507-4cf4-85a5-4c69fc0c453f,2,1,12.401444206555055,0.9190660918537006
7e98d0b3-2d66-4a45-9535-212bff8134f2,2022,2022-01-29,8d6547d3-5ed7-46e3-9ddd-95756f8adf91,fd736c6d-0d9a-4837-8153-b1f51e776578,-6,0,7.311933240052576,0.7258582973222549
801a1fff-6668-4b1b-869f-8687ff04abfb,2022,2022-01-29,16133dd5-c118-4a85-999d-20451d1fe132,4d89f528-9a1e-41ca-beb0-98f913c61c2e,7,1,8.446399128155553,0.8192177532196466
8168171b-9330-4902-b4b3-56391046903a,2022,2022-01-29,c14dbd3f-31c2-4647-b19a-e03839f04ad5,254cd687-c2d4-4fee-b5d3-c3ce6a9264e0,-9,0,-2.8113122053092146,0.441672853850578
8227f250-705c-43ee-bacd-3c4b02beab78,2022,2022-01-29,4b2092bf-f1b2-48c3-8ba6-43f8f5d0ee62,d2cb99ee-debc-4e8f-93ba-b0ffd42247ea,-2,0,2.5166505881510504,0.6135051078511867
8240ed8b-2684-49fc-9777-7b244dc71545,2022,2022-01-29,fc4bf214-f945-46ec-8524-00a3196b7449,5d7eb8c0-4b09-461b-bbc5-e2a032194a74,3,1,7.5259583109958585,0.7960213855676886
852a5919-d85a-40d0-a2a4-957e1536da8e,2022,2022-01-29,c3d3f21f-51d8-4ae4-9285-7209d1d97802,a5e97c6a-a0e1-49d2-b6bc-8903c39ceaa0,4,1,1.2229181751190707,0.5228422626890066
881d9e39-7047-44cd-bace-3d1a84ddf76e,2022,2022-01-29,3e79582f-0f2d-4ace-86a2-242de87ef6c2,cd84e158-0ec9-44ce-872b-e44a595a4e37,11,1,5.1695267222547026,0.7346466988325161
8e743563-6f96-4e17-ae4d-b4f799002e75,2022,2022-01-29,e44d72a0-bb34-4a0f-b307-188c3b30e131,2335e299-031d-43e6-9ae6-536cc9177f51,-29,0,-7.914497946217564,0.21300616788009358
95d3e4a0-347c-4e2c-9465-540b764eb35b,2022,2022-01-29,0b986199-3ea8-40ba-98dc-8a54b3509609,1c994624-ca30-44fc-97cb-9a0aa481ad72,14,1,17.428474483720784,0.9813478087114086
96b4517d-131c-4eb4-974f-860de825718a,2022,2022-01-29,f04a9115-7f6e-45d4-8590-4934a791ebb3,0724bbd2-14e4-4069-820d-16f4dcda5df5,31,1,8.404286211326614,0.8121755060357926
98c982e5-cf01-49ae-bc8d-597c82a04c8f,2022,2022-01-29,78c4f8c4-d04f-47ed-92d3-34e159fec915,a313a13e-7ac3-4c73-8872-6d424a253480,20,1,17.115054794951178,0.9428511347992005
99d17479-db1e-46b5-af8d-6ded69c8bfc1,2022,2022-01-29,5f19cada-0d6a-4a64-bf90-7be104537c24,01167cd7-9c6a-4860-904c-78f7c777ba81,-10,0,2.8048945557210367,0.6413192941234824
9a492112-655f-4bc2-8b87-9705f35d832f,2022,2022-01-29,3f62a009-8c84-44c8-9775-4e3959e17edd,fb5884a9-f370-48a9-9000-3b1a4f02f0be,19,1,9.376050002037086,0.8547290075757281
9b7d2899-6f73-4fb7-94dc-00002907faaa,2022,2022-01-29,f1501573-e854-43f7-9346-e94fa60ac4b7,fbb275ea-bf78-4cdf-ba66-538cd9722ef8,-24,0,-9.701189897698068,0.2681043332790766
9feab2ae-bea1-4852-9d6d-5da5581ba8aa,2022,2022-01-29,1393366c-684f-4fdd-bd85-9fabb1307aef,61bcde81-66e5-484e-95eb-5f373ff4a7eb,-1,0,-2.282491827704006,0.4128345013058737
a412a397-b029-49b1-9998-f14849a3ac8f,2022,2022-01-29,242a53a0-47e7-45ed-afe8-61172c29f09d,f5d59c00-1a94-4484-8e5c-c5073ff87ce3,-11,0,-10.646149531799496,0.12572908297575228
a49dbf91-6677-4d97-b5c5-d58ab61ac71d,2022,2022-01-29,fe829304-1347-442c-85ad-2139be36330b,4204a542-7881-4f83-972a-7567cb51cc3c,-7,0,-5.945823893142912,0.24218108033343164
a6074f95-370a-4150-9935-4b65d78e62bd,2022,2022-01-29,77917ea7-df52-4378-9975-57dbd680815e,f816660e-09e0-4733-96a2-4d878efbff6a,-3,0,0.12185367730710257,0.5538389086141128
a9043951-a3a6-4cea-8155-89c724762f56,2022,2022-01-29,9acbe680-5f94-47da-926d-51e1465fc500,51c9ea8f-034d-41b2-8d67-b519b3d48286,-6,0,1.710493968460449,0.5691089284585676
ac3b357a-69c4-4286-b28c-673349612fdf,2022,2022-01-29,5253a75a-17f7-4ea5-b313-743697ebca72,0d182ffe-13fa-4447-8f00-f38088d0cf05,16,1,-1.4085005664987333,0.48356669651205136
acb0491f-de3c-40c9-bb60-2b4c09596c7b,2022,2022-01-29,ff725b84-1ca5-43ef-be84-cb70a6494dab,f4045f82-f9ab-4d14-867e-496a744ac26e,17,1,11.280951485895576,0.9180085102034417
acc52357-0eee-4d30-b91d-4f5af722fd26,2022,2022-01-29,42f97a12-c358-47bc-8b1c-e20878be4a05,28760428-230c-4858-9d2f-0ff8e804da52,-3,0,8.827950888347045,0.7941748527540368
ad046384-5d0e-446d-a7a0-ab04b0f878ed,2022,2022-01-29,dddedca4-47e5-454b-b278-b9f2fec5e78f,61d9acae-2486-4e53-82ea-60d146622f34,7,1,7.9466227676884875,0.8649055584884344
b20a5627-591d-424e-a910-ca29a1184ca0,2022,2022-01-29,a8f76e24-7f09-4727-b40d-6834e4fc0829,8dfdef93-7be0-45db-8281-e58565dd9d85,3,1,-8.834443575153132,0.15744110755760263
b4706858-dca0-4b82-88e7-2065bd9418d0,2022,2022-01-29,697f7fa6-4d64-4abb-8310-9f310c49ad61,188437e6-a8e9-4e63-b58a-4141ffadc80e,-13,0,-7.419479033458831,0.22360342128767072
b5394eda-cfc4-4877-a731-f157192e11a8,2022,2022-01-29,9020eea9-bced-4c46-9f85-8bbdff3393c5,6081d978-c3cf-482e-8374-c40b212242c1,-18,0,6.543571733636023,0.7593363971993154
b9c2361b-4c2e-4b40-b416-6431ab56781c,2022,2022-01-29,e6e965ed-2ea0-4655-b873-7c4b7d9db0ae,64820b75-84d5-4b53-8bec-43ee70e03b36,-7,0,-3.4818395724343123,0.3601995695645459
bebffb70-746d-414d-ba06-adb04a3f6893,2022,2022-01-29,1bc4534b-6474-409b-abbd-f840a8dc148f,4184e3dd-c499-4f67-b148-fb0c4342d564,-2,0,-5.068888783970671,0.3523232892522716
bf199a29-09df-4f0a-ae0c-0f047891b523,2022,2022-01-29,5870d352-4930-4235-9c03-7bcded7ae342,7f9edadc-8c22-4821-8da6-0ba70d59bbbc,-8,0,1.2520429295748279,0.5812129544521702
bf5961d7-4cb7-454b-a554-8694940df88f,2022,2022-01-29,1e2d1b39-91db-4949-af7d-13201eafcef8,a270ed0b-d820-42d4-8101-f2bf9e25042c,6,1,-3.427748761186573,0.42115128268594587
c45784b1-e107-43ae-bdec-57b9de177c33,2022,2022-01-29,ab8cafeb-02fc-4c83-aa0d-dcc530796fe4,b7898dbc-7198-47fc-8098-496c7867351f,6,1,14.506641142508164,0.9560215137645505
c4e85995-c4d7-48b0-b4cf-7366be4f0abd,2022,2022-01-29,f3d329ca-1b85-47f6-a871-b80851fdc6d7,2bdfedb6-38f0-4eb8-baaf-2965a942cb85,-30,0,-6.446176143167952,0.2116385288702477
c554f31a-937c-4f90-8b3f-fa17ac70ac63,2022,2022-01-29,0ec0fe2d-cb25-483b-aeb2-0f12af2160c7,29398553-f42a-4873-9321-4c772f7dca42,24,1,19.906002589568672,0.9854215917558858
cc215482-d3fc-4074-99f1-8670a842bff5,2022,2022-01-29,5b82e9f9-21f5-4736-8307-b4bd280dd3c3,247be024-10cd-4230-8ff4-c8f55dafdf33,-18,0,0.8411510431262383,0.5117024394083636
cdbc8a4d-bcb5-4e26-8516-06368d5e8c82,2022,2022-01-29,9400f670-2aa7-4099-aa46-ea9cf4724079,5ebd8a2c-2831-4a31-b7bb-6d6e6e1f7ff9,14,1,-6.086442342137222,0.25691298471737833
d392deba-7fca-4e3c-ba12-72ae369966eb,2022,2022-01-29,8e9f9414-bd72-45a6-8896-59f1453666d6,cf2375a7-1488-493a-8679-e8112b47cf7d,13,1,33.27514665075265,0.9884717110395709
d83a467c-805e-45e7-9873-ad970de9d6aa,2022,2022-01-29,ec2fc7a9-a3eb-4e36-9404-f156e2f997f5,1cc71d7e-b5a6-4b50-a797-176f96548858,13,1,7.173858894887275,0.7842918291575499
ddec5327-d43f-4c14-b252-644d1b742d7a,2022,2022-01-29,62080182-ef8a-4907-90ca-00df4cec4e3c,b32dbb42-380c-448c-b510-ee949569ffd4,9,1,-3.074897974395996,0.4133047442411904
e1cd1942-bdd0-414c-a242-305c2e120ff8,2022,2022-01-29,1b846bd7-47c9-4bf6-ab08-e44d968a34f8,f9a723a0-1697-4175-8193-97f2f8906c0f,-13,0,-1.6311853914071117,0.41710779682008126
e764d0fe-2576-4a9e-94fa-4ed5c0b2e7aa,2022,2022-01-29,23ad3833-572d-41e9-8cc5-961b2db50d2d,e61ea85d-a57e-4621-930d-0b0e653eb2c7,4,1,1.3258101411118517,0.5779935458550305
e8f45da2-102f-40d3-8452-5465cde3d0de,2022,2022-01-29,b1ad6435-1c60-45db-bfd9-c91cb367d66b,bdb5791e-8da5-4640-82cf-7354e2f02b3e,3,1,-10.703666752226303,0.10965950952648558
ece5db8a-4220-41b3-9ba3-99cc503898b0,2022,2022-01-29,ee925def-24cb-4b43-969b-4fe42d68b72e,0efb1176-dc90-4109-b141-5025fc424128,-9,0,3.7736726960939615,0.5950908253739446
eff7349e-6bb6-4c4d-84a3-d5871e131304,2022,2022-01-29,bdcaae22-ba48-4546-82af-ca21a229c276,0c1c2a64-13fd-4f6b-b1b1-2f9290dc2295,-9,0,-10.908644775439816,0.10330310016504156
f0d10a58-5fde-4cd9-9fb9-405270dfe971,2022,2022-01-29,89fd2af1-5c8c-4222-8ffd-ce72e55a8579,743e2828-8a80-4168-9d8a-f8cc1d9b0b9a,23,1,14.463535943158442,0.9519823292300982
f3708d4a-e0c8-44bc-8296-2755de714b2f,2022,2022-01-29,21282287-1619-4d11-9e25-59855bdd5be6,d5a14f1d-6220-4af8-9b8a-c8a9ae952d5e,2,1,2.410724853146982,0.642928512821049
f3e640f8-e99a-44f9-b6db-a57992f17431,2022,2022-01-29,7bb8a634-d969-4ec9-b472-8294b1782684,5eab2011-0416-43e7-bbcc-83c4224297f9,-3,0,-3.3381958821159485,0.40078734008480466
f43caed1-ffed-4696-8193-54e17acd4861,2022,2022-01-29,fbf897ee-41aa-431f-8ef5-0ea7cbe2a05f,57a961fc-fabe-43a1-bd3f-78858a193715,18,1,9.798461043845812,0.7879105365306251
f4dae654-2851-4854-af0d-4496e8e23450,2022,2022-01-29,6da558cd-823c-46c8-b91b-4a40b474cc87,b773a5ad-3d34-4658-a942-6e2836f04e3b,-1,0,9.134742764813028,0.8355218414411941
f4e9f961-097b-4708-ab57-4129f2d1aa50,2022,2022-01-29,5e8f405a-2ee1-4230-95ea-420666557eed,58041e02-d340-41c3-9f0c-e5e2a5c7a135,15,1,13.077692014755252,0.9272546072360511
f54f5c24-7f89-4ef4-998e-8918577b810e,2022,2022-01-29,95fd11d0-8e48-48f1-b7fc-f03fe1bc8c84,048ae5f3-c6e9-4937-93fe-ec224e17fea2,4,1,3.1906603476897137,0.5928823248739394
f5bfb671-361a-40f2-befd-fc8ca7f9b9bb,2022,2022-01-29,97a440d7-b0b9-4fd1-9da8-6460649da714,5bb511d7-5a12-40d8-83d2-8be20bfc33d4,22,1,4.397149057952572,0.6757828079115666
f7da027b-4a87-4e68-b102-1ed0c6947a5a,2022,2022-01-29,8f73f541-6fb8-4ad2-a1c6-e3eef51e7b64,68215498-0684-4009-a2fc-93fa21109838,29,1,18.773190501058686,0.9742161471146562
f7f2fcec-30d9-4cf2-a83f-fa6a583c5926,2022,2022-01-29,7798adeb-2809-42ca-b509-02c719168825,b553e2a3-5933-4adc-b999-6deb896450c3,8,1,16.305112623930302,0.9549359027911806
fa8b30b6-8353-4b16-8755-4c48af6c1696,2022,2022-01-29,3157f4b6-4b11-46d9-beb5-cef7c68fd1a5,b9052e15-66e8-40e6-86ac-a872e5c51fe8,-20,0,-3.567729867967873,0.36386563096019203
ff58be95-0271-4b1b-ab36-c7413a0ee399,2022,2022-01-29,7c264f4b-0e3b-448a-a195-c16c164a624b,61cad1f2-f187-4b2f-8e53-02eb65eae2d1,29,1,8.998999954044326,0.8486254966889334
01959f99-92cc-4c0b-9c41-b7f036d319f7,2022,2022-01-30,bf8f11f7-2ca6-48bb-ab7f-58720df6451f,ae36afe0-850f-4758-99ec-d7deb696d4fe,-10,0,-1.7604673516288516,0.3715185576828397
0e0dca52-095e-4535-895a-317a15dd2c10,2022,2022-01-30,d0a4ad01-cd4c-462a-a303-d94d9c7c79fc,5820546f-7b8e-4593-afc4-fa098623f568,13,1,9.590895626630653,0.8269791794767335
129f2678-731d-4f0e-ab7e-89edf244fb0e,2022,2022-01-30,e6d68428-bbd2-4402-b980-d22e5e7957ab,062eb8a6-996c-4619-9ba7-498cdd009dd6,-1,0,3.3639208402721086,0.6521974475184502
210cb1d6-f81e-4d60-b73b-c1ae872b26c6,2022,2022-01-30,f1fa4ba9-17ac-4467-80da-6559daef7a45,88dd4c56-3e3a-462c-9958-87b739bdc457,-1,0,-0.11254172459362237,0.5537300812601823
23af8f44-1e1c-41c1-827c-0165e14e17f1,2022,2022-01-30,54514b3e-2558-4e69-98f9-b1f97fc17835,c2652773-7b58-4ba5-9edd-ffa62acbd245,8,1,0.7664863777107538,0.518238985153486
354abdfb-9363-43af-ad7b-e240db5f2f5e,2022,2022-01-30,3943bea0-341e-414f-8f46-b97e08b5f90f,d13e3f73-7b13-4e91-9249-09f1e11e488e,22,1,8.743618788060896,0.8239129531753072
3c0a6f95-e2c4-40e6-b78b-372dd8a29f8f,2022,2022-01-30,4b6d2ea4-d1ab-46f4-b480-555227d14e55,c01c9fdb-95d5-43c7-b905-8bf714226631,8,1,7.1920269100789485,0.7664443176473579
43a73ef1-e9c4-41f1-bb7b-a57a641dd0ee,2022,2022-01-30,2422cf8a-bacd-4cb0-97f2-244a07c62c78,71a67ffc-6558-40e0-96eb-79527a541007,6,1,2.9771340234846,0.6385706911311104
4f9a4379-fdea-4d5f-9cf0-394956e1ab67,2022,2022-01-30,31503e00-902d-4881-a3a5-52c5415e0e2b,eb038e9a-e14d-41b3-b26f-804fde52e571,3,1,9.255282047705728,0.8428305494118825
666c1779-60bf-4586-bb93-9ea905c947aa,2022,2022-01-30,1552f5fd-a3ac-4947-93d8-08bdf1a77f93,ef3d2fcf-bc17-49a6-84e3-cc117e8fc095,9,1,0.14704770944357598,0.5311959861882037
698d4a85-0d7b-4491-9fad-43e0ec466517,2022,2022-01-30,2aba779c-997d-45af-a881-44cc87727a3a,6c96789e-21df-4f43-92b1-8e62705ffc1d,12,1,2.8779515540378906,0.5706215877475737
80f6eecb-83fd-425b-92e1-7bf078fb2486,2022,2022-01-30,3e7063d6-a6e4-4aa4-8e77-044c9f5fc21a,4e853367-c5cd-4701-9554-38bf174777a3,2,1,5.6980792509074,0.7121325078908722
9adc54a6-38fd-4b93-8745-33889773d557,2022,2022-01-30,f2eab5a0-4f7f-499a-b807-edd4f40d28e6,afaac3dd-1734-4b48-a2b3-c72d8548f375,-6,0,-0.4191101404336926,0.5013073008223642
a0a5e3e7-86a2-4c8c-a5d1-8717cc22fbb0,2022,2022-01-30,8af2e3d8-3a2f-4008-b261-30f11908b768,a30d0067-866c-427d-b6d5-a55b4c986208,27,1,4.616523651358213,0.6307609261278369
a2f8dcf8-f8ee-4910-9bb8-1de3515ab3ec,2022,2022-01-30,9aed1c9e-7ade-4533-91c5-322e09783a7a,7dfde2c4-2d03-47ac-8d87-e6480afb8a99,11,1,9.415776103005516,0.8390804590741058
b147efdc-1604-4546-b553-cfa493914675,2022,2022-01-30,212827bd-b2f5-4ca3-a901-403112b8594c,14fa05e6-500e-41a6-b7a0-de4b16c4e7cd,20,1,3.638389374987016,0.6232172254111251
b2b0f49f-b3d0-44e1-b1d3-8f2b8cc4cc28,2022,2022-01-30,1235749c-6be5-439f-872d-e0a85682aef6,a6f2099b-9086-4681-8ffd-c41cc6f1b263,9,1,-2.304265076763604,0.41172215638325643
b3d1c25b-3470-4d35-9496-5c862d3ce3b7,2022,2022-01-30,ead00c79-f9ca-4dc2-9beb-0b236dc32ce5,421b3b28-ab05-4462-bfc9-644fc7163e24,-2,0,4.717989336250012,0.7291046020786812
b496e991-4dce-48ed-aeba-2c2fbf2695f5,2022,2022-01-30,5a26bb55-d02d-4957-be27-861e8036f152,af1bfe66-a343-4c46-94f8-4c670ce2c8d7,15,1,11.849054073282895,0.8962072517923614
bd77ddba-ddd1-4ac6-b880-8462c55ee331,2022,2022-01-30,f621591e-18ed-471c-92f8-2c4d4c00bb75,6bb1093f-59ab-4de2-9cae-c257b87d56e4,6,1,5.826801564232537,0.6803247943756929
beba32f0-3787-4e69-b8af-fa9c864b4c37,2022,2022-01-30,909caafe-4b74-468c-a1d3-efd53ab80ca9,df8bfbe4-f858-405e-bd5a-04f400d2d7f6,2,1,-4.336448958385042,0.39785110056173134
fbeb55cd-f61d-4060-9f07-9e0b35deb2de,2022,2022-01-30,e78e20dd-cddd-4b53-b5d6-62aad4ced9ca,d9411158-02d5-4d70-8862-92cec8bfdc49,-3,0,-11.321513742357428,0.09089722031563223
18552d6b-c5e1-45de-86ba-2dd68154972b,2022,2022-01-31,b9052e15-66e8-40e6-86ac-a872e5c51fe8,d5a14f1d-6220-4af8-9b8a-c8a9ae952d5e,6,1,8.122970426317382,0.8338567669866874
224c0add-cb32-4e44-a914-779ab0a2d55f,2022,2022-01-31,02d8446e-475c-43f7-a829-3e36474bc43f,5e661a2a-5f48-4f4e-b78a-4ebc2220c393,12,1,13.239899724929971,0.9203494079419359
48cc7019-4983-4b0a-900e-e8c1daf09bbf,2022,2022-01-31,add091d3-316a-457b-803e-9b8e145b76e6,a270ed0b-d820-42d4-8101-f2bf9e25042c,15,1,1.587578969354082,0.511221541820262
57ea359e-5aee-4cbb-8c67-52a085ba0ccb,2022,2022-01-31,3911d63c-249c-41d9-a29b-df0377e1a054,cba4f27f-e547-49bf-bbb3-2983917351a2,6,1,-1.7465062211041302,0.4215300801188616
5cc9efe5-85d9-49fd-9664-db92f5082dd9,2022,2022-01-31,bbdc8c62-dfe4-4e42-9ca9-ff85d375faf9,3fa1a848-0e6a-41e6-be7c-d6241c6c6caf,5,1,6.503577330541264,0.7307964311125948
5f321581-3f63-41f7-b9ce-956c475f0d4c,2022,2022-01-31,03b227c1-5813-4ee2-b7f7-34094db05200,ff948b57-cb4b-42da-a899-37fa5c8a6d86,-9,0,4.925435184925038,0.6856941002772131
649c321a-9eb5-4412-bf85-4141859f12e0,2022,2022-01-31,87cec0de-4d93-4ed3-9ac3-deac97be5eba,5f19cada-0d6a-4a64-bf90-7be104537c24,-15,0,-5.89033579186108,0.26285457544997776
78ec89a7-b52c-43b2-9b10-d57e98780cea,2022,2022-01-31,726e1c94-fb9c-45ee-ad09-5e487744b47a,4090fa15-7788-40ba-95cd-6c5cba85e91a,-14,0,-6.359927650959316,0.2764575501348139
79ddbcfe-b944-44d8-942d-7f342d431c47,2022,2022-01-31,1393366c-684f-4fdd-bd85-9fabb1307aef,247be024-10cd-4230-8ff4-c8f55dafdf33,3,1,-5.189218902757162,0.2929123912909425
7ada6615-c661-477f-bde2-6252b113787d,2022,2022-01-31,99ad5125-6b8a-446a-ad41-7a5f50dcf6b7,e9770216-1dda-4db8-bc54-264a782d40b3,7,1,3.905237798403448,0.644066238613355
7cf57777-d872-4cf0-b11b-ddcc0fdf8289,2022,2022-01-31,95fd11d0-8e48-48f1-b7fc-f03fe1bc8c84,0c1c2a64-13fd-4f6b-b1b1-2f9290dc2295,-14,0,-1.3999979948312407,0.34410251784365287
881cbb4c-97d9-4c84-a46a-996cbfba41cc,2022,2022-01-31,964b0070-5909-49eb-8fbe-c2de5f48fe0f,dcf098f0-7fc0-458c-95fe-c6f0743b4274,-11,0,-11.30812357681215,0.12147740900632199
9f2c1c04-5518-4f15-87bf-3d3b9636bd5b,2022,2022-01-31,d1893fac-c32c-416c-9aed-0d6c61ad0935,72261a98-a3e3-4f7c-8188-4faf20af42ad,-5,0,14.560758546263568,0.9565682021715429
a5d37965-f5a8-499f-9caa-c147c2c77288,2022,2022-01-31,f3d329ca-1b85-47f6-a871-b80851fdc6d7,81c35070-ad3d-45bd-8fcc-5a8c73a46ba3,5,1,1.0565758441987891,0.5761017819779733
a7bb275a-15bf-419f-9c1c-1ec40e80a0be,2022,2022-01-31,7c264f4b-0e3b-448a-a195-c16c164a624b,553733fe-ac6e-4397-9188-b27a01824e73,-8,0,1.8317194635097849,0.5754833846476995
bd6337c2-594e-49ee-a1a4-fae220f6156b,2022,2022-01-31,c3603958-de3f-4014-9dd0-d9c4c84dd226,8de64d3a-4bae-4d2a-a4d2-15ec6583f6aa,4,1,10.733941341104174,0.8649193328430866
c25bf809-8c3c-4aca-8915-6a4840ea6b8b,2022,2022-01-31,21f47709-f514-49eb-9da9-1f6805407244,92249853-0b54-4944-8955-34bc02003e54,3,1,-0.9733097340403256,0.46777429093392786
c3c1cadc-1674-4030-a2c8-f004b5281346,2022,2022-01-31,1e2d1b39-91db-4949-af7d-13201eafcef8,3ee1f038-4cc3-46de-8651-23f4bd9a99c3,-1,0,-0.6840224093689782,0.47367643602355597
c7ae10e4-742c-4922-a4d5-f618afa2e3a3,2022,2022-01-31,82d1bf41-2f1d-44d1-8022-220c263d6525,669eb771-4301-4c20-8e17-113d14b6cc8f,-6,0,-17.235491306482242,0.03126217518193245
cb5e17cb-0718-4580-9011-fc24bb19ecb8,2022,2022-01-31,8e9f9414-bd72-45a6-8896-59f1453666d6,b91fd5ed-1e0c-431b-bd4d-0947f67edb2b,12,1,21.654763682771843,0.9847115710766824
dafd7c7b-3523-4db3-8fc9-1534b6b2232a,2022,2022-01-31,d4de33b3-cd7a-47bd-bc4d-da1381432ffe,98555e7f-2f58-4896-b98e-4edcece8a333,4,1,-8.295066976329991,0.19602115819595683
de84110d-deb0-4503-8298-083eb77e20c5,2022,2022-01-31,9fb581b3-9267-4861-a01b-51b7e751ca68,a50b7fa2-326f-4ab1-8bd2-b0bbf4f26d23,25,1,13.604030309529408,0.9193344351473139
dfe7dac5-3c52-43af-ab59-9a5effac7f02,2022,2022-01-31,ee925def-24cb-4b43-969b-4fe42d68b72e,a5e97c6a-a0e1-49d2-b6bc-8903c39ceaa0,-11,0,-0.3294346269212564,0.4535744787993544
e994b19f-cba0-4dff-8a99-0bd143325d74,2022,2022-01-31,6bcc781c-aaad-4e10-8214-7a1d0e3f2e6d,b1ad6435-1c60-45db-bfd9-c91cb367d66b,22,1,15.496815663571505,0.9628170506521745
f3fd3537-91ac-4975-bd4f-690d2aacbac8,2022,2022-01-31,cf2375a7-1488-493a-8679-e8112b47cf7d,b4531112-44f4-44bd-877c-3fca948b51f3,-12,0,-8.675455614473965,0.23388780216440028
fe974d9c-a6f3-4137-8356-38a19c9adc18,2022,2022-01-31,c3d3f21f-51d8-4ae4-9285-7209d1d97802,0efb1176-dc90-4109-b141-5025fc424128,-7,0,7.2577682045000085,0.8003067255474688
003d07b3-a8a2-4193-8d77-c6200421c8e6,2022,2022-02-01,bdcaae22-ba48-4546-82af-ca21a229c276,78c4f8c4-d04f-47ed-92d3-34e159fec915,-7,0,-11.871373419263092,0.11530955424194232
20b38dd9-7e26-4f00-be18-d8eb5112c1b7,2022,2022-02-01,b394d3b3-e9a2-466b-abe0-89cda8e8d669,4bc4f625-be38-4da1-919a-c43bedce10b4,19,1,9.675202957730884,0.8244944028488185
2341ff76-d017-47bc-8f99-f86e05fd64cf,2022,2022-02-01,8678425e-730a-4a99-bc7d-7c4282d7e434,f8490c90-4ca1-437a-93da-114f5dac0426,-20,0,-7.8046769112658225,0.2268725314147261
2e958f51-0129-4e9e-8a07-fde0784a080d,2022,2022-02-01,1e46f177-0551-4da2-8f3f-c683820ed5f9,f04a9115-7f6e-45d4-8590-4934a791ebb3,10,1,7.314520600725713,0.8075503113754201
46d96328-a3c4-46d8-bce7-4f7c5637662d,2022,2022-02-01,d84fbf05-f799-486b-956e-f0500927e1d0,d99c752c-71e0-431a-b0b7-143707bbc110,14,1,5.521868877902713,0.6781448236839472
4a1a2656-02d9-4de9-8657-441c886722ad,2022,2022-02-01,cd84e158-0ec9-44ce-872b-e44a595a4e37,b23fd4b9-0101-4a30-a8df-10760e1f4bfd,-19,0,2.6657032757435792,0.5676440414592545
51f1f6aa-1b55-46f0-9592-9241502fcbf2,2022,2022-02-01,4d299953-da89-4561-afe6-d0a2222d454e,e31be871-e6af-43f9-9cf9-865a275b7e6f,10,1,10.819501896384004,0.8614503345668456
54e4e603-3eb3-4313-8a4f-787e97ce7448,2022,2022-02-01,4204a542-7881-4f83-972a-7567cb51cc3c,d98e9dc5-d3b9-41c1-ac48-5a4945d47713,-4,0,7.301672125360574,0.8007593046084164
848e515b-fadb-47a2-a241-e51e3f4739dd,2022,2022-02-01,743e2828-8a80-4168-9d8a-f8cc1d9b0b9a,61d9acae-2486-4e53-82ea-60d146622f34,7,1,8.661244615537823,0.8416649099962149
9d907e7d-8924-436c-b1a5-2c3ee5a2bc13,2022,2022-02-01,9aff8705-aa1a-4181-bda2-9f9544361658,944226c8-c2af-4571-a853-5bb934c49ae4,-30,0,-15.422277625269391,0.07868673867065377
b12f360c-5889-48a2-94fc-525ffafd6a70,2022,2022-02-01,f1501573-e854-43f7-9346-e94fa60ac4b7,4b2092bf-f1b2-48c3-8ba6-43f8f5d0ee62,-17,0,-7.77178231472608,0.25124254171582694
d434439c-bdfb-4f04-b233-fadc8bae6fec,2022,2022-02-01,2335e299-031d-43e6-9ae6-536cc9177f51,fc748d3e-7f1e-4823-9d7c-f14ad3df799a,27,1,20.1272631003315,0.9800583381370578
de653c21-0654-4510-8be2-139479ec8eca,2022,2022-02-01,ce6a2240-48d2-446a-a847-e4ad4367b9fe,86391a21-965e-44e8-819b-837cac02859b,6,1,10.719257922976766,0.8994638451523488
df298198-bc6f-48ce-85e8-37cde6ccb4b8,2022,2022-02-01,ff725b84-1ca5-43ef-be84-cb70a6494dab,9020eea9-bced-4c46-9f85-8bbdff3393c5,-9,0,-8.509299515806749,0.23924408467439934
f2428a34-0fd6-42d8-9a59-49c8c93c7596,2022,2022-02-01,048ae5f3-c6e9-4937-93fe-ec224e17fea2,d0a4ad01-cd4c-462a-a303-d94d9c7c79fc,12,1,6.328726652131367,0.7539945344558897
f3586df7-f66e-43a5-b5c6-b2684c894e9d,2022,2022-02-01,1b846bd7-47c9-4bf6-ab08-e44d968a34f8,dac65a7f-4511-49a7-9c6d-3f29d22ff86f,-2,0,-0.41809415063637245,0.4749898566352837
f65aa94c-82fa-45a9-9bf7-26afe601a956,2022,2022-02-01,7bb8a634-d969-4ec9-b472-8294b1782684,b0fa4996-a909-4fd7-ba9e-8f180716f7f3,1,1,2.328865077891991,0.6035237805512773
f935d2ca-a86d-4258-9765-f92f97d9bc56,2022,2022-02-01,5018dfc0-8279-4a3e-b376-b7606f612a00,e44d72a0-bb34-4a0f-b307-188c3b30e131,11,1,6.697724732836722,0.7349142225150684
fbd9a0f2-eca7-4b9b-a5f5-6fdf0eb0e13d,2022,2022-02-01,94d0d44c-b426-4381-9d58-bffb34c097f5,3e7063d6-a6e4-4aa4-8e77-044c9f5fc21a,-4,0,0.7529208350815287,0.5316255972828172
fcf5aef5-fa14-4495-b4c0-e823d8fc4adb,2022,2022-02-01,371a2930-c5a4-405a-bb44-9f22b55ca81a,91a6fe66-7652-496c-9d91-c9bd2b333b6b,-13,0,-6.337061533128448,0.28184009344317223
00e881a6-8e12-4c3d-922c-059d57ae1f9a,2022,2022-02-02,8e9f9414-bd72-45a6-8896-59f1453666d6,c995f51c-df46-4643-9aa1-3830ce760066,23,1,25.198878716051805,0.9862931488453017
0ae61bd8-6f83-401d-b174-f778b03c4a27,2022,2022-02-02,df8bfbe4-f858-405e-bd5a-04f400d2d7f6,56c81362-1bcd-418d-831b-74b9b0c4a563,4,1,8.30126250761473,0.8067462672011001
0bb888bc-5ad9-4721-a3fa-39e7268e9ba9,2022,2022-02-02,f4045f82-f9ab-4d14-867e-496a744ac26e,62080182-ef8a-4907-90ca-00df4cec4e3c,-1,0,-3.3583493217597247,0.4030179983689031
16c2dc0d-ed1e-4b1a-ab3a-e524523ddd80,2022,2022-02-02,31a85828-d084-442c-9cbf-1f706ab87f57,5a26bb55-d02d-4957-be27-861e8036f152,13,1,3.278937595920238,0.6536670196785145
192e476f-ef34-48ed-ac12-ba028427e69a,2022,2022-02-02,cf2375a7-1488-493a-8679-e8112b47cf7d,c2c0a075-e16f-4aa1-a838-887ef3ba2106,-12,0,-6.544731720612807,0.31250901487757193
1eaa5406-71c9-4e4f-a992-6cdbfeeb5bde,2022,2022-02-02,2bf13d1a-4738-4039-9d08-49f17859d4eb,b101bc61-0628-4298-9362-c2e546437032,11,1,14.178690378911739,0.9210062497914909
21eb896c-d259-4d47-9c8b-5bac803115cf,2022,2022-02-02,f1fa4ba9-17ac-4467-80da-6559daef7a45,91d1df49-0521-4008-8e8f-c2098944ce2c,-8,0,-2.783843320292726,0.42453470315559205
29828486-7892-42c5-a9ec-2be73922f61b,2022,2022-02-02,4bd089fa-104e-4a99-a39a-1af78fc3e611,59a704c5-1934-42cb-8720-83cd7ee9f3fb,-8,0,-2.093633584688723,0.385457207565214
29c7ee81-d9a1-411f-8573-9230fe50bdb4,2022,2022-02-02,188437e6-a8e9-4e63-b58a-4141ffadc80e,1607fc40-d48c-4c58-9fa8-96e3f20a5137,15,1,14.281572949894965,0.9166578954224227
36ad226e-1ccb-456c-88ae-de1d4b6fa98d,2022,2022-02-02,0a370edb-2194-4979-ad23-d796fb97dfb3,e61ea85d-a57e-4621-930d-0b0e653eb2c7,3,1,-1.5282686282928641,0.5047897153124077
3902b193-c1b9-450f-bed3-b6c0a4f819d9,2022,2022-02-02,d2cb99ee-debc-4e8f-93ba-b0ffd42247ea,c5a3e484-778a-41ce-abc4-7ff9ec51ca4a,-30,0,-7.079211391355457,0.27450530660264927
3a9db7f4-feb6-491d-b28d-23c382d25b33,2022,2022-02-02,4e853367-c5cd-4701-9554-38bf174777a3,1ff4fd9e-2594-47e2-8b06-66ad2ca3fcb6,10,1,-7.60723815069847,0.20270835243995292
3bdaa043-8778-4e9c-88b7-5833fbd37a0e,2022,2022-02-02,bf8a4003-12e8-4697-90dc-cf75dfedfeb0,48b92b41-b7ed-4c2f-b7ef-3e3d4a99fd62,14,1,8.502876487774898,0.838106569995839
423283ed-1ce1-436d-929e-814de4f91d4e,2022,2022-02-02,3b36f988-af5a-4761-a417-f496a2137c3c,23ad3833-572d-41e9-8cc5-961b2db50d2d,-11,0,3.541773592572049,0.6742711110735643
45e059a9-54e8-4731-b823-03ac02b9d869,2022,2022-02-02,12414365-9349-4a1b-a319-34a8ad92f7e3,ca2c8cbf-6e05-45fe-8697-30f46c2f58b1,8,1,-5.421705524084398,0.29545300424790993
4cb44636-0e8e-4ff6-a533-c96bf65897c7,2022,2022-02-02,b91fd5ed-1e0c-431b-bd4d-0947f67edb2b,4184e3dd-c499-4f67-b148-fb0c4342d564,-6,0,-0.717910916617903,0.43663099388947896
517ba15a-27d2-4b77-a469-a657f7fe2901,2022,2022-02-02,24f1d79c-4241-4c82-bf09-57a159ce81b3,af3a149c-e965-41c9-af16-a3dd0322f9a7,-7,0,-1.235303598394875,0.5153001875084825
533c3354-3504-4e63-b8bb-0ca0477adb54,2022,2022-02-02,5eab2011-0416-43e7-bbcc-83c4224297f9,f621591e-18ed-471c-92f8-2c4d4c00bb75,13,1,7.540943908577296,0.7679150426685923
5af8373f-ace4-478e-98a0-b3f7c8ebbf4e,2022,2022-02-02,3411d575-6a72-4b22-885f-e90bac6bdd28,00366c32-204f-4176-9a22-20555a1e6363,-26,0,-12.159062572978016,0.09808047430748504
60476622-dc39-439f-adb8-66fd3ee2a119,2022,2022-02-02,e40486af-12fa-47cc-93aa-4b196b7f5bbc,95fd11d0-8e48-48f1-b7fc-f03fe1bc8c84,-4,0,4.248775238430031,0.7129474477148081
6ed26359-6d60-44ea-b7af-e8c9ff127fa0,2022,2022-02-02,79f44737-6e40-4cba-af63-6ff773df5f36,d7c1086d-592e-460b-9f30-684b14d1097f,4,1,20.375196501074033,0.9838522627881017
796dc6bc-560b-4ee2-8921-7c3098a37a66,2022,2022-02-02,cd9b9678-1f2e-4444-85d3-3269c4b3775a,0cc63380-151c-40fa-bc6b-76091785d359,1,1,-4.152309878470652,0.285747924707512
88a371b8-270a-4844-be0d-7b8657d8952b,2022,2022-02-02,af1bfe66-a343-4c46-94f8-4c670ce2c8d7,1235749c-6be5-439f-872d-e0a85682aef6,-18,0,-6.958002924417152,0.2702499296445015
986d3a8d-459a-4185-ae25-e7a31c9b4d69,2022,2022-02-02,dcf098f0-7fc0-458c-95fe-c6f0743b4274,909caafe-4b74-468c-a1d3-efd53ab80ca9,14,1,17.453613588948688,0.9645092510643187
987f4fe5-a154-40d0-af8f-ead57ebc55ea,2022,2022-02-02,8425fbd0-40c8-4146-a2c2-51ec714ee637,77917ea7-df52-4378-9975-57dbd680815e,-2,0,-4.769942041352675,0.38275731770388116
a2e9d473-089b-412c-8294-2e555ffc4892,2022,2022-02-02,5ec861d9-4794-4460-b935-73f51f03efc1,1bc4534b-6474-409b-abbd-f840a8dc148f,-16,0,5.917549191563647,0.7663000701098809
a73c73f3-d39f-4504-a192-015a35be81e0,2022,2022-02-02,e06f08fc-4ed9-4807-9f8a-7889130e21f6,3f62a009-8c84-44c8-9775-4e3959e17edd,-8,0,-1.0008714584807497,0.45968699398056856
ac8fc528-fdab-404e-b4e1-075845bc026d,2022,2022-02-02,964b0070-5909-49eb-8fbe-c2de5f48fe0f,77b07047-6507-4cf4-85a5-4c69fc0c453f,9,1,5.971228574920413,0.732791041492665
af0037cf-bd6a-49b6-b5cc-a4705d33f733,2022,2022-02-02,054be086-7ef6-4006-880c-01ed91db37c3,37d32b57-ae72-4669-9669-a71097de1196,6,1,4.961104061254005,0.6997483773679642
b7f6107b-c19b-4726-b5f5-f5acdc25caaf,2022,2022-02-02,a313a13e-7ac3-4c73-8872-6d424a253480,97a440d7-b0b9-4fd1-9da8-6460649da714,-7,0,-3.7841076365541952,0.34004142563111145
bbb00bf8-2a30-4d54-bdee-fc34bdb31732,2022,2022-02-02,3943bea0-341e-414f-8f46-b97e08b5f90f,0b986199-3ea8-40ba-98dc-8a54b3509609,-15,0,-0.05579126019177398,0.47545100009198416
c2412d93-d550-4dce-81d8-3067b121f70b,2022,2022-02-02,a6f2099b-9086-4681-8ffd-c41cc6f1b263,1bd5203f-23cd-4c96-8b8e-fae5ddfbe69d,14,1,16.507298300508626,0.9518469188784022
cb325438-98c7-47a2-9230-f089e38b3a02,2022,2022-02-02,fb5884a9-f370-48a9-9000-3b1a4f02f0be,1e89fbf7-1862-4050-b61b-f4de4a9ae045,12,1,12.265018979397382,0.8204021647870278
d1aa580e-865a-425f-b871-b71a14b1d613,2022,2022-02-02,43fdfa19-1583-4159-9c0e-1e88e231b35d,b32dbb42-380c-448c-b510-ee949569ffd4,3,1,1.722861786039524,0.5097147051471145
da624fda-8764-40ac-b588-9410cb20857d,2022,2022-02-02,3ae40137-6b36-46a4-99e9-3ea88255660c,697f7fa6-4d64-4abb-8310-9f310c49ad61,6,1,6.804298005737799,0.747046847886217
db563fba-77ad-45b8-9a7a-ea642c518abd,2022,2022-02-02,6081d978-c3cf-482e-8374-c40b212242c1,793f775a-aec3-4741-b86e-4c8e079f74a4,7,1,10.045631829318413,0.854392709482196
ddd33344-11b2-47d7-8c06-c29eef30f687,2022,2022-02-02,5bb511d7-5a12-40d8-83d2-8be20bfc33d4,5820546f-7b8e-4593-afc4-fa098623f568,16,1,15.766596384962137,0.943384611547695
e04ec186-a03b-46ec-a062-763c8656efe7,2022,2022-02-02,e5df557b-d16f-479b-b7f6-db85db97e2cf,fc4bf214-f945-46ec-8524-00a3196b7449,2,1,11.787660980746809,0.8787291065737086
e235280a-5529-4c3a-ba71-e1bc4b33a479,2022,2022-02-02,2bdfedb6-38f0-4eb8-baaf-2965a942cb85,94a64c9f-34df-480e-8ac0-1bad98ef2a11,19,1,17.065639031215607,0.9558945517772183
f6596449-6c4e-4d53-a784-fff724916bac,2022,2022-02-02,6bb1093f-59ab-4de2-9cae-c257b87d56e4,31503e00-902d-4881-a3a5-52c5415e0e2b,-15,0,-10.433621137947238,0.17807646289038845
fa04b0b3-068a-4d08-8495-ad4a50848361,2022,2022-02-02,ae36afe0-850f-4758-99ec-d7deb696d4fe,fbb275ea-bf78-4cdf-ba66-538cd9722ef8,-2,0,-2.127291262468299,0.4342653612943085
01d96bcf-5fe0-4b25-9449-84aeabf9a021,2022,2022-02-03,01167cd7-9c6a-4860-904c-78f7c777ba81,42f97a12-c358-47bc-8b1c-e20878be4a05,-12,0,10.284831820771817,0.9164495249118874
04dcfb71-bb85-46b9-99ae-40179f55d519,2022,2022-02-03,02d8446e-475c-43f7-a829-3e36474bc43f,b7898dbc-7198-47fc-8098-496c7867351f,16,1,14.938997866632237,0.9499898090402938
0a1d0516-53cc-4e4f-b822-94c3e8fd0561,2022,2022-02-03,cc4eefaf-2887-46d2-920d-d97a8f3df18c,3b495752-ddf1-47a7-8bdf-2625c4bfcce2,10,1,6.623285428242816,0.7711796734125183
0c5f61c2-0e72-432b-98e4-e06bc561feed,2022,2022-02-03,6bcc781c-aaad-4e10-8214-7a1d0e3f2e6d,5bdb2df4-f9a3-4404-a003-948f25c48965,19,1,10.08541578320539,0.8457511278690614
0c87c93c-c3bc-4584-ab8b-48f9fdf6be25,2022,2022-02-03,a30d0067-866c-427d-b6d5-a55b4c986208,2a26048e-30fe-47e7-99d9-913f28dea879,-15,0,4.900271382358743,0.708928783413062
13503164-a340-47b3-830d-217f46704a56,2022,2022-02-03,5253a75a-17f7-4ea5-b313-743697ebca72,a8f76e24-7f09-4727-b40d-6834e4fc0829,15,1,8.026472214714309,0.8194040072201761
192d4a83-20fe-4871-9425-6f764d797f5f,2022,2022-02-03,e78e20dd-cddd-4b53-b5d6-62aad4ced9ca,212827bd-b2f5-4ca3-a901-403112b8594c,17,1,8.837234314262881,0.8321682049430019
1e1f90e9-d6a2-40d6-becb-485743c61431,2022,2022-02-03,82d1bf41-2f1d-44d1-8022-220c263d6525,c14dbd3f-31c2-4647-b19a-e03839f04ad5,-2,0,-0.9814137057942219,0.5281554524498884
1f9923f1-d70a-4277-bd64-d98dd11294d0,2022,2022-02-03,4090fa15-7788-40ba-95cd-6c5cba85e91a,726e1c94-fb9c-45ee-ad09-5e487744b47a,7,1,10.210339833305161,0.8862903553026624
2291880a-38be-47db-bbd4-cac3b2f20a3a,2022,2022-02-03,14fa05e6-500e-41a6-b7a0-de4b16c4e7cd,d9411158-02d5-4d70-8862-92cec8bfdc49,-2,0,-18.400647708719248,0.034615544776145285
2369044f-e0d3-4710-9765-a788ffa56626,2022,2022-02-03,1cc71d7e-b5a6-4b50-a797-176f96548858,31edfcc1-f627-47cf-9ca0-61370f3261d2,11,1,9.734947182894201,0.8925499961973309
29543ee4-eeb8-473f-8fca-0eef5544f61d,2022,2022-02-03,61d9acae-2486-4e53-82ea-60d146622f34,cddd6722-8c88-48b6-853a-6481451c0290,-21,0,0.8164702984926935,0.4634516645812761
313e9103-6bb7-409b-871c-658c62d06e61,2022,2022-02-03,3795d76f-7577-4ea0-8f28-89d16c87f9f0,cd84e158-0ec9-44ce-872b-e44a595a4e37,10,1,3.0441023360448485,0.6537269183641453
354b0c5f-e5ca-4ad0-958c-29373a3af2c3,2022,2022-02-03,b773a5ad-3d34-4658-a942-6e2836f04e3b,8b50b68b-b346-4272-bd86-947d908d937f,1,1,-3.495643758987591,0.40635372230461
3830c380-500a-429b-aae4-767e2c527a0d,2022,2022-02-03,0f8a15c4-f4b7-4335-a429-ae233bf4aa41,e0d5322c-5032-4768-98e5-0b1ffa787a08,10,1,9.152987948745992,0.8541348299399746
39c43ee4-abdb-4356-9d81-e51667771b06,2022,2022-02-03,8ce55fa9-2ea0-427f-85bc-c9e8ceb4d1f0,fbf897ee-41aa-431f-8ef5-0ea7cbe2a05f,-23,0,-12.088666830589151,0.08667649061730325
4d846f00-b827-4072-b36b-d4df47ba0e13,2022,2022-02-03,b990f4aa-efbd-4625-95a3-376e51ad9f2a,242a53a0-47e7-45ed-afe8-61172c29f09d,-1,0,10.424445448415131,0.844664348380989
553133ba-af6c-4881-ad7e-2bceb7a8649c,2022,2022-02-03,3157f4b6-4b11-46d9-beb5-cef7c68fd1a5,5e661a2a-5f48-4f4e-b78a-4ebc2220c393,-1,0,5.137298955643146,0.7077794348092187
62887c04-fa54-4355-9031-4307d76e7f0f,2022,2022-02-03,5d7eb8c0-4b09-461b-bbc5-e2a032194a74,94d0d44c-b426-4381-9d58-bffb34c097f5,-13,0,-7.268576764478059,0.25930019272796206
6f38077f-e803-49ef-8f9d-7c00a3f21075,2022,2022-02-03,b1ad6435-1c60-45db-bfd9-c91cb367d66b,29398553-f42a-4873-9321-4c772f7dca42,5,1,2.419273306299984,0.6083699130715037
6fc3e268-b83d-424e-9b7e-41957351add4,2022,2022-02-03,7187f894-4dce-4524-b538-b66a892cd89a,8f73f541-6fb8-4ad2-a1c6-e3eef51e7b64,-27,0,-11.691461387088516,0.1545413877572426
71d9417e-3ead-41f2-b8a6-78d23957f28e,2022,2022-02-03,64820b75-84d5-4b53-8bec-43ee70e03b36,f05e79bd-96f4-4690-83c5-60a9d4972d05,9,1,13.477966262669066,0.9239406613850483
722cba43-4760-4caa-b9a6-5d25b9024461,2022,2022-02-03,ceed979f-ef7c-4eee-a2e7-fc66ff70bbc1,eb341503-aa23-4784-af34-3b14bd72fdd4,16,1,3.620185218930349,0.6664351408405185
723c9ba9-71fa-400c-b71b-78eb6dd3af0b,2022,2022-02-03,f5d59c00-1a94-4484-8e5c-c5073ff87ce3,61476d05-09c4-4500-a588-2847128ed6e8,-4,0,9.553664505107584,0.8276139095054165
73873d87-ac0c-4845-9d6c-3c37b44f3732,2022,2022-02-03,9c70f4e7-acfb-484b-8154-f0fa9365a3a8,4e23c371-72f3-4986-a8c1-e7798c5dac70,11,1,12.525164884096768,0.8873252010027844
74d0dd0a-4cd5-4d7f-8b98-6fccd78c9a53,2022,2022-02-03,92249853-0b54-4944-8955-34bc02003e54,21f47709-f514-49eb-9da9-1f6805407244,-7,0,4.470317459924802,0.6402196722850964
75fd04a1-f679-4bb6-86f3-52972bdb1826,2022,2022-02-03,7dd2d410-1958-49f9-8b62-e7cc25e3c647,d25581ff-ffd9-4c81-a946-e99b1de2c3b6,-6,0,-10.78780263372382,0.12506965016881297
762026ee-5cf9-49ee-97fb-4284909f3746,2022,2022-02-03,7b9691f0-e940-401d-9e2c-1d4f695fd91a,dddedca4-47e5-454b-b278-b9f2fec5e78f,-5,0,1.0625843158493022,0.5210351563401049
79530db8-a13d-4077-a84b-e59412444801,2022,2022-02-03,7dfde2c4-2d03-47ac-8d87-e6480afb8a99,1fac2552-eeff-489e-85f1-ce8abae4b5d3,10,1,10.593145581784539,0.8600886839450554
7ac8931d-cf55-4914-8247-9bac0c30c546,2022,2022-02-03,4d587dbe-16e7-4990-a378-a0fc4c2c273f,2678c438-d23d-4ec0-8105-ab3f1c748aaf,-7,0,-7.268333128114815,0.3091211090850455
7baddb13-3dad-4e28-8608-6186d22b1d6f,2022,2022-02-03,b9052e15-66e8-40e6-86ac-a872e5c51fe8,21282287-1619-4d11-9e25-59855bdd5be6,5,1,7.384797253125313,0.7188369667527622
85853273-706e-4e13-9e84-2efdd98cb7d7,2022,2022-02-03,2a426bd0-410e-4de3-8d49-d5fc05123454,89fd2af1-5c8c-4222-8ffd-ce72e55a8579,10,1,3.9384841242094204,0.694859084748008
86fe0b0d-bb29-4ff0-beb7-714619f17c69,2022,2022-02-03,644511e8-8569-4c1b-b22e-4bf2710fa9da,0c933bdb-bf23-4a17-ae1a-f28978a95152,13,1,6.589715230878466,0.787928449266854
93d49791-c731-4a8f-a3dd-1af03a2bac63,2022,2022-02-03,9dc47cce-9b16-420a-971f-5362aaa69dc7,d67c23cf-71fc-4b63-b6b9-d41c6e172e4b,12,1,6.352192794764237,0.7538269608925399
98c5dc01-7c7a-42fd-940f-a025f153338c,2022,2022-02-03,58041e02-d340-41c3-9f0c-e5e2a5c7a135,6da558cd-823c-46c8-b91b-4a40b474cc87,-24,0,-9.103203782637694,0.1795910612612339
99a2390d-0756-443c-b1db-60b6ca110d20,2022,2022-02-03,db040d7f-5499-4400-9069-620c27646ed6,8678425e-730a-4a99-bc7d-7c4282d7e434,13,1,11.77946647703902,0.9091692040120803
9f485080-b371-4790-837c-655575bf55d7,2022,2022-02-03,254cd687-c2d4-4fee-b5d3-c3ce6a9264e0,7c264f4b-0e3b-448a-a195-c16c164a624b,-5,0,5.48522232243296,0.705131865856635
a16cc0e0-0b06-4257-8309-625b9ae1abb6,2022,2022-02-03,be29cc8b-f65a-4ba7-8a0d-40b2a9643422,87cec0de-4d93-4ed3-9ac3-deac97be5eba,1,1,2.468388507412425,0.5922081174744054
a6d842de-fd71-46c7-a858-c32eb53542b1,2022,2022-02-03,743e2828-8a80-4168-9d8a-f8cc1d9b0b9a,8af2e3d8-3a2f-4008-b261-30f11908b768,-6,0,-1.9227560836266142,0.35945081325832257
ab9b05bb-323a-4d0b-aaa1-ee0d07c339fb,2022,2022-02-03,5ebd8a2c-2831-4a31-b7bb-6d6e6e1f7ff9,afaac3dd-1734-4b48-a2b3-c72d8548f375,-9,0,6.607821462539995,0.7766510655999898
ad29ba6b-8ead-4eb9-94b3-4ccd4fad1626,2022,2022-02-03,c73565a9-06c6-4314-b7e1-3659db4cf00c,9bf29604-a6db-46b0-b81d-92452dc43267,7,1,16.559934493915232,0.9677667560284471
b2e451dc-3f14-456c-8534-2711f5154e11,2022,2022-02-03,28760428-230c-4858-9d2f-0ff8e804da52,2454a2fb-1f07-489d-8ee9-b4313e7e775b,-6,0,2.1235777220674965,0.6076213251422515
bbcc06da-7081-470e-8b7f-3b13a8aa7a0a,2022,2022-02-03,ec2fc7a9-a3eb-4e36-9404-f156e2f997f5,dfc3b54f-3b20-406f-a673-33061db4e3ba,5,1,4.997286398849788,0.7414405524870115
c3e8f2e4-88e3-44c8-bc5d-c33440f0a170,2022,2022-02-03,bdb5791e-8da5-4640-82cf-7354e2f02b3e,77413edc-f997-4807-a4ea-9caf8157da8e,-14,0,-3.8909338812782517,0.3359052678695399
c97f9b4c-27ec-40ba-ac2b-726df8dc9d76,2022,2022-02-03,d84d7188-0176-4937-80ec-d83ae93a1912,0724bbd2-14e4-4069-820d-16f4dcda5df5,19,1,12.110274208862668,0.9102008600059487
d0142e7a-5e0f-40ad-aa6e-323203436268,2022,2022-02-03,a8d4a467-9623-470f-9ec3-c15afb497e8e,ca910495-28ae-4dcf-a3bb-7b04612490b7,19,1,4.487757974521071,0.6457176432097632
d92deb8f-da7c-4b38-ae83-82eafc13dc4f,2022,2022-02-03,57a961fc-fabe-43a1-bd3f-78858a193715,af6d34e9-4be7-4fc4-b61d-28a000704daa,-5,0,3.775838257416578,0.688065128898923
da5cdbd0-fa4a-4e86-9133-bd036fe251c3,2022,2022-02-03,f9beb22d-1a30-4dc8-88ac-4737870b7e69,d34afafa-d43d-432c-98d1-72ab0aa8a823,-30,0,-22.22725824538497,0.0478604796420472
dffa78d8-7542-4f4a-9eda-87e69049a36a,2022,2022-02-03,8ab33314-bb5c-4e60-b515-3564c813ae0b,29263387-625d-4270-b420-6066c840fbe3,-6,0,-7.24142025770894,0.219047773721757
e6ffe88d-4d1a-48cb-b140-493e2f8df72b,2022,2022-02-03,68215498-0684-4009-a2fc-93fa21109838,77d10aad-4300-4849-8c55-f92e900358a4,21,1,-1.4060202878171404,0.42069843928800776
e9193ccb-165d-4afa-aa4b-0feb9b1a593e,2022,2022-02-03,e0d91570-7fe4-4dbd-b6ba-f6ce261fd58b,be639f4e-dcad-4737-8fdc-2740207d65e3,-2,0,-7.078949886065236,0.22678273020299278
f023808c-3963-4949-9271-9f5c4e602c83,2022,2022-02-03,bbdc8c62-dfe4-4e42-9ca9-ff85d375faf9,c6c28fde-56df-41e4-839d-2d6201c8dc27,-12,0,-12.865554141996013,0.08309474656613308
f18698a0-a2fb-4a5a-b1f7-f389913bbb70,2022,2022-02-03,9be3dee8-ee3a-44e5-bf8e-c59a500829e6,f22782cc-03b3-4a0e-a189-8305ebe19b87,25,1,8.30952868434256,0.7907573643536939
f505e82b-b27e-4f60-a492-1a331d5342df,2022,2022-02-03,28ef27aa-2dd0-4469-b521-fdbe9d8c6bd0,5e8f405a-2ee1-4230-95ea-420666557eed,2,1,4.573073292871595,0.7355365695540981
fb6f7841-59a9-4a5d-84dd-daa45e4320e4,2022,2022-02-03,4bb6c66e-a42d-4c39-96c5-d691079ae55a,f5ff136b-cc0a-4eed-a502-c028afe284bf,4,1,4.599718640854891,0.6792632215573149
ff876dfb-62db-451a-9f7e-adbce014bbbe,2022,2022-02-03,553733fe-ac6e-4397-9188-b27a01824e73,61cad1f2-f187-4b2f-8e53-02eb65eae2d1,9,1,9.566310878838706,0.8248086659422761
0e6f8753-6df0-48c2-9745-28998dd7a40e,2022,2022-02-04,2aba779c-997d-45af-a881-44cc87727a3a,e51ef676-50a6-460e-81a8-b05cdee80c25,31,1,7.611229282746817,0.7734820787146536
2a133b1b-335f-400b-bbc9-f9523f5fc989,2022,2022-02-04,ead00c79-f9ca-4dc2-9beb-0b236dc32ce5,53922fed-96eb-4cde-8b45-7f8b7e032cf8,-15,0,3.3962412158712447,0.6514809899582278
4ed6e81f-0e27-4fd0-831b-85f468326ece,2022,2022-02-04,6b68cf86-676c-4d12-958b-f2b9da02a5a1,d98e9dc5-d3b9-41c1-ac48-5a4945d47713,19,1,1.7318449752421983,0.5659045517403831
52292c57-7789-4a42-bc98-2a4517aefb7b,2022,2022-02-04,3e79582f-0f2d-4ace-86a2-242de87ef6c2,f8490c90-4ca1-437a-93da-114f5dac0426,10,1,-5.302686269281113,0.35578739271735454
53d15c8d-f659-44b1-b951-6e9f253fea9a,2022,2022-02-04,aef6cc9a-dcfd-4137-aa03-9926d921f466,371a2930-c5a4-405a-bb44-9f22b55ca81a,11,1,12.72424149446245,0.8934460059129103
5d46209f-e86e-49cf-9b30-bc3c81de0597,2022,2022-02-04,1552f5fd-a3ac-4947-93d8-08bdf1a77f93,4b6d2ea4-d1ab-46f4-b480-555227d14e55,-14,0,-0.7732596102958692,0.48888511322529654
693a5974-c692-4a0d-b300-ada2020077ea,2022,2022-02-04,c2652773-7b58-4ba5-9edd-ffa62acbd245,ef3d2fcf-bc17-49a6-84e3-cc117e8fc095,9,1,11.277708959705215,0.8737345684691947
7ade061b-db46-4fa9-92ef-6ba3a231a8ac,2022,2022-02-04,944226c8-c2af-4571-a853-5bb934c49ae4,e44d72a0-bb34-4a0f-b307-188c3b30e131,17,1,9.474359532226423,0.8601215048518459
7fc494d9-6223-4d56-a422-e902ef7edfcf,2022,2022-02-04,71a67ffc-6558-40e0-96eb-79527a541007,e89766a3-c899-4922-aee4-cfaa2a8fb500,16,1,14.931623923743286,0.9551576103248383
85bcc2fd-a357-46fb-8a9e-f722e279907b,2022,2022-02-04,2422cf8a-bacd-4cb0-97f2-244a07c62c78,16133dd5-c118-4a85-999d-20451d1fe132,9,1,7.148146608798218,0.7461575540271216
a5fae57d-88da-4e0b-83b2-c0b5dcd7800d,2022,2022-02-04,cba4f27f-e547-49bf-bbb3-2983917351a2,9fb581b3-9267-4861-a01b-51b7e751ca68,1,1,-2.3699561922703904,0.39917863314849295
af2829bf-ba01-47bf-be39-f013489a29ed,2022,2022-02-04,c01c9fdb-95d5-43c7-b905-8bf714226631,54514b3e-2558-4e69-98f9-b1f97fc17835,-8,0,-6.903892700568733,0.19781789683103979
b24f1032-bc6e-4046-a9b6-0457a0d5a67b,2022,2022-02-04,23ad3833-572d-41e9-8cc5-961b2db50d2d,0a370edb-2194-4979-ad23-d796fb97dfb3,7,1,5.150405667675225,0.7341533709812157
b6df015b-2b9b-43f8-9eda-45a1cf828d5d,2022,2022-02-04,062eb8a6-996c-4619-9ba7-498cdd009dd6,ad5bf26e-a32c-4d5a-b531-f6822b104284,6,1,8.548286727807598,0.8272414878147206
b74d3803-1b78-4cc4-b368-6d43c5395b36,2022,2022-02-04,96ccc81f-3016-42f2-98b1-6cbcbf6e8d07,a5658591-2fd7-4ab6-bea8-70e793ff3f6b,-15,0,-9.082136983836092,0.2006584870987748
bf471d8d-68f5-41d0-95cd-c90e496a3329,2022,2022-02-04,fd736c6d-0d9a-4837-8153-b1f51e776578,6726544c-ad23-4d1a-adfa-1a94c2e10a96,3,1,6.118121423678321,0.7595306541448257
cfcaaf97-bf9f-4aa0-a739-1ce05bf6a2a8,2022,2022-02-04,e6d68428-bbd2-4402-b980-d22e5e7957ab,46716039-e26d-4d19-a17a-35eec7c36cb4,3,1,6.569280872298778,0.74402704492629
ecfea2d0-b108-4651-8adc-bd5e61355ac9,2022,2022-02-04,6c96789e-21df-4f43-92b1-8e62705ffc1d,1049e433-d23c-4aa2-8581-4bef2ad0715f,10,1,12.684037936895145,0.9275418410445431
fd64d2de-cea5-4d5b-8f82-f49634a19f67,2022,2022-02-04,421b3b28-ab05-4462-bfc9-644fc7163e24,8d6547d3-5ed7-46e3-9ddd-95756f8adf91,5,1,-0.15329040644126637,0.5234919514158626
0143fd99-5394-46c3-bb7a-a885b81c11e3,2022,2022-02-05,b0fa4996-a909-4fd7-ba9e-8f180716f7f3,dac65a7f-4511-49a7-9c6d-3f29d22ff86f,21,1,0.25904132349283043,0.5762117142274026
01eb6bc1-f347-4d11-84a1-3a3b8f626884,2022,2022-02-05,604f3fca-4ca3-445b-9be1-3cb6b7f69fd8,d84d7188-0176-4937-80ec-d83ae93a1912,28,1,12.354724940918654,0.8925089416065205
02f79eb8-e586-446f-be4e-5486e5543615,2022,2022-02-05,c73565a9-06c6-4314-b7e1-3659db4cf00c,c14dbd3f-31c2-4647-b19a-e03839f04ad5,8,1,11.541064159980925,0.8507102825250622
03164b78-809b-4b98-9b7a-6902e58c1f4c,2022,2022-02-05,d13e3f73-7b13-4e91-9249-09f1e11e488e,af1bfe66-a343-4c46-94f8-4c670ce2c8d7,7,1,5.234096742393955,0.7164753753220265
04d5bd49-f287-4a03-9f58-5a3555127966,2022,2022-02-05,fc4bf214-f945-46ec-8524-00a3196b7449,94d0d44c-b426-4381-9d58-bffb34c097f5,-3,0,-3.0908123422085696,0.3439138984222785
0a9c7d1d-265f-4e2b-9fbd-f6ecd96139ab,2022,2022-02-05,8ab33314-bb5c-4e60-b515-3564c813ae0b,42f97a12-c358-47bc-8b1c-e20878be4a05,-13,0,-2.657776561043286,0.4449326262264336
0d77a724-f780-448a-b65d-d23f5f791a33,2022,2022-02-05,58041e02-d340-41c3-9f0c-e5e2a5c7a135,242a53a0-47e7-45ed-afe8-61172c29f09d,-3,0,-3.2251904763924286,0.3722335528379823
11419ea0-f6da-4270-838e-8020d7aa3376,2022,2022-02-05,421b3b28-ab05-4462-bfc9-644fc7163e24,a5658591-2fd7-4ab6-bea8-70e793ff3f6b,-5,0,4.586496771631925,0.6972990937433374
11a3eb06-fd02-4f89-a840-b08226f3ae31,2022,2022-02-05,51c9ea8f-034d-41b2-8d67-b519b3d48286,c3d3f21f-51d8-4ae4-9285-7209d1d97802,-6,0,-6.966525430395945,0.23491854580303254
122a7ce9-20d6-4324-8d63-cfdfa2f76e9d,2022,2022-02-05,4bc4f625-be38-4da1-919a-c43bedce10b4,6081d978-c3cf-482e-8374-c40b212242c1,-11,0,-2.584260348829422,0.4240899934907028
13b3e6ff-5b91-41b5-b10b-bb25218265ec,2022,2022-02-05,61d9acae-2486-4e53-82ea-60d146622f34,8af2e3d8-3a2f-4008-b261-30f11908b768,-4,0,-5.807498666317738,0.24596672134044728
1763352f-402b-47d6-9d32-e04cc8570282,2022,2022-02-05,b990f4aa-efbd-4625-95a3-376e51ad9f2a,6da558cd-823c-46c8-b91b-4a40b474cc87,9,1,0.2826950761085103,0.5426939082611323
188b707d-4176-43c2-8096-e709ecd131f5,2022,2022-02-05,a270ed0b-d820-42d4-8101-f2bf9e25042c,bd64a96b-c6bd-4f04-ac87-79bec2f197d8,1,1,1.0063993897376085,0.5426469105353453
210e4b16-f734-499e-a6f2-fa9379317789,2022,2022-02-05,81c35070-ad3d-45bd-8fcc-5a8c73a46ba3,e61ea85d-a57e-4621-930d-0b0e653eb2c7,2,1,6.1443137638511365,0.7592943388064893
255b1a2a-80fb-4dbb-b7b2-8377cf245307,2022,2022-02-05,726e1c94-fb9c-45ee-ad09-5e487744b47a,8f73f541-6fb8-4ad2-a1c6-e3eef51e7b64,-8,0,-10.674607495846235,0.15630164767162907
269a580a-cab7-46b3-886d-4c66153e7b5d,2022,2022-02-05,75755c79-6aec-4154-b1f8-2337fd4a06c5,ff725b84-1ca5-43ef-be84-cb70a6494dab,22,1,9.640579702290331,0.8322798907110993
2c33991d-8b0f-4fc4-aaa1-eb2587cd9945,2022,2022-02-05,61bcde81-66e5-484e-95eb-5f373ff4a7eb,f816660e-09e0-4733-96a2-4d878efbff6a,8,1,6.3136972350901495,0.7381393271321816
2ef371ad-ccb6-476c-bcbb-5c7ce56cf76f,2022,2022-02-05,5253a75a-17f7-4ea5-b313-743697ebca72,5870d352-4930-4235-9c03-7bcded7ae342,-17,0,-3.048497128898419,0.33347440337273937
2f5adbed-9e1a-47a7-b045-2bb397f3bca9,2022,2022-02-05,2bdfedb6-38f0-4eb8-baaf-2965a942cb85,3b36f988-af5a-4761-a417-f496a2137c3c,-2,0,10.430896874402034,0.8883389323729517
31a46019-aa70-4b7e-926d-a0a57e742928,2022,2022-02-05,ceed979f-ef7c-4eee-a2e7-fc66ff70bbc1,2678c438-d23d-4ec0-8105-ab3f1c748aaf,-1,0,3.623010580541462,0.6354216299321993
32f1aaf0-6315-4093-b58b-12c963560c7f,2022,2022-02-05,fd736c6d-0d9a-4837-8153-b1f51e776578,53922fed-96eb-4cde-8b45-7f8b7e032cf8,3,1,5.294913017014655,0.6895258558276174
34afb730-182b-4a33-a64c-8be7a0705214,2022,2022-02-05,5e661a2a-5f48-4f4e-b78a-4ebc2220c393,92249853-0b54-4944-8955-34bc02003e54,-3,0,-8.035382378908063,0.23984955630895607
360a6faf-73fe-4677-b798-b3ec23c38ea7,2022,2022-02-05,b101bc61-0628-4298-9362-c2e546437032,f1fa4ba9-17ac-4467-80da-6559daef7a45,20,1,9.51320500484762,0.8175300243937782
3639804a-6d97-4015-b917-9a321bca0007,2022,2022-02-05,28ef27aa-2dd0-4469-b521-fdbe9d8c6bd0,3ebbd7b5-f0e2-4fd6-870c-58a45d420f53,5,1,4.9431131774277945,0.7547004029267713
3c8e64a1-db5c-43d7-ae6b-317047949bda,2022,2022-02-05,df8bfbe4-f858-405e-bd5a-04f400d2d7f6,0cc63380-151c-40fa-bc6b-76091785d359,-1,0,2.1372536131592312,0.5392511408812071
3eaa3642-44a6-4b08-b3d5-094f8342c570,2022,2022-02-05,1c994624-ca30-44fc-97cb-9a0aa481ad72,5a26bb55-d02d-4957-be27-861e8036f152,-35,0,-12.601389992496731,0.08568506564364325
44cd92a3-459b-4052-a08f-5f3de00f15af,2022,2022-02-05,fbb275ea-bf78-4cdf-ba66-538cd9722ef8,c5a3e484-778a-41ce-abc4-7ff9ec51ca4a,11,1,-0.7964119053851971,0.46811508090205667
4753ddfc-8ff4-46fa-acfa-1ab02c766132,2022,2022-02-05,1bd5203f-23cd-4c96-8b8e-fae5ddfbe69d,3943bea0-341e-414f-8f46-b97e08b5f90f,-6,0,-1.472647727166823,0.4847513086172681
49665ea9-2183-45b6-866c-3d9bcb9b5a59,2022,2022-02-05,3795d76f-7577-4ea0-8f28-89d16c87f9f0,b7b950c6-b603-4afa-afd6-ed15293d3523,-20,0,-9.977436777444538,0.16517675869790957
4a431a2d-392c-4e27-a378-b9e3dea745dc,2022,2022-02-05,e31be871-e6af-43f9-9cf9-865a275b7e6f,f4045f82-f9ab-4d14-867e-496a744ac26e,-4,0,12.589760946127994,0.8898226366956346
5479b07d-bd24-4536-8732-4e9dea1a890f,2022,2022-02-05,d77ce32a-30e5-47ce-8841-52447d9fe891,ca910495-28ae-4dcf-a3bb-7b04612490b7,-3,0,1.6005987618035558,0.5431346741751262
55b620c8-0959-4603-a243-827b2ebde67a,2022,2022-02-05,af3a149c-e965-41c9-af16-a3dd0322f9a7,37d32b57-ae72-4669-9669-a71097de1196,-9,0,-0.38143472449218435,0.4521168797485951
5638319e-4857-40e3-a99a-6ffe80d93916,2022,2022-02-05,4db0015c-fae1-4d5b-8be6-db756062d47c,21282287-1619-4d11-9e25-59855bdd5be6,23,1,-5.18191007849946,0.4153569440910575
599ef6bc-7214-4396-941b-c5840711eede,2022,2022-02-05,1bc4534b-6474-409b-abbd-f840a8dc148f,cf2375a7-1488-493a-8679-e8112b47cf7d,9,1,8.497202018177159,0.8225127806050455
5b2733b9-0577-43be-a38d-2db84284b60f,2022,2022-02-05,ff948b57-cb4b-42da-a899-37fa5c8a6d86,43fdfa19-1583-4159-9c0e-1e88e231b35d,-12,0,1.2025718561988477,0.5159300217920798
5d68a1ff-c4f0-4dcd-9a30-c372870d465b,2022,2022-02-05,e5df557b-d16f-479b-b7f6-db85db97e2cf,fe829304-1347-442c-85ad-2139be36330b,-4,0,10.433058683719402,0.8887470344141386
5e0202a0-2b84-4177-a4aa-f3f38277f951,2022,2022-02-05,db040d7f-5499-4400-9069-620c27646ed6,cd84e158-0ec9-44ce-872b-e44a595a4e37,13,1,13.926164806580573,0.9545050339642027
5e31b007-351d-4d2a-ad7f-c17572fc69aa,2022,2022-02-05,8de64d3a-4bae-4d2a-a4d2-15ec6583f6aa,28669a26-792c-4843-ad64-6f16da03d389,-7,0,-8.115570851625533,0.2567536025982935
614f27fe-603c-4406-a4d9-edccc89c8096,2022,2022-02-05,f621591e-18ed-471c-92f8-2c4d4c00bb75,d4de33b3-cd7a-47bd-bc4d-da1381432ffe,2,1,2.4170506990533718,0.5914954347514962
637ae580-b24b-4045-8a1d-ca3cdef6f21d,2022,2022-02-05,a5e97c6a-a0e1-49d2-b6bc-8903c39ceaa0,add091d3-316a-457b-803e-9b8e145b76e6,9,1,10.393090142737314,0.9115304399882814
64a88f77-d563-44f4-bacb-1a2f8fcc5f21,2022,2022-02-05,b4531112-44f4-44bd-877c-3fca948b51f3,b91fd5ed-1e0c-431b-bd4d-0947f67edb2b,-19,0,5.380754857341266,0.735671421875149
68847845-e3da-4260-83bb-494c1c261456,2022,2022-02-05,78c4f8c4-d04f-47ed-92d3-34e159fec915,0c1c2a64-13fd-4f6b-b1b1-2f9290dc2295,-20,0,3.016210669335024,0.6466113626788796
69ab5a50-ded0-4b38-b269-513e1c26fb3f,2022,2022-02-05,4d89f528-9a1e-41ca-beb0-98f913c61c2e,d25581ff-ffd9-4c81-a946-e99b1de2c3b6,-2,0,0.37484154457069147,0.5523817363418414
6a66afff-c64d-45b3-9fd3-60e00257e038,2022,2022-02-05,97a440d7-b0b9-4fd1-9da8-6460649da714,bdcaae22-ba48-4546-82af-ca21a229c276,23,1,13.826818904496653,0.9197854244556465
6b151b57-5d08-43b7-b60b-034b6a34a54a,2022,2022-02-05,01167cd7-9c6a-4860-904c-78f7c777ba81,29263387-625d-4270-b420-6066c840fbe3,6,1,5.357168701112538,0.7126034037649158
6e0b0b32-623e-4c7b-9160-bc8e2378b4f2,2022,2022-02-05,0efb1176-dc90-4109-b141-5025fc424128,1e2d1b39-91db-4949-af7d-13201eafcef8,-8,0,4.638873850285006,0.6618822038988095
6effb785-265d-4299-a2de-d3a486e8dcf9,2022,2022-02-05,0ec0fe2d-cb25-483b-aeb2-0f12af2160c7,5bdb2df4-f9a3-4404-a003-948f25c48965,11,1,16.29386368769838,0.9547557185296995
71cb42d7-7848-484b-b0a9-90fcce88f0c0,2022,2022-02-05,e78e20dd-cddd-4b53-b5d6-62aad4ced9ca,f5ff136b-cc0a-4eed-a502-c028afe284bf,-4,0,4.47843485018946,0.6982216892067263
79618d21-42f3-43b3-824e-d6e6303729de,2022,2022-02-05,02d8446e-475c-43f7-a829-3e36474bc43f,d5a14f1d-6220-4af8-9b8a-c8a9ae952d5e,12,1,5.6296917280783925,0.7399983838756617
7c6ed5bb-2558-4134-ab85-0c5a8afcadea,2022,2022-02-05,c995f51c-df46-4643-9aa1-3830ce760066,5ec861d9-4794-4460-b935-73f51f03efc1,3,1,-5.968023520070425,0.3256563876754049
7d0f33d5-e499-46ac-8eb3-cd94fc749e17,2022,2022-02-05,62080182-ef8a-4907-90ca-00df4cec4e3c,5953232b-95c2-4915-a150-ed30d3fdc96f,5,1,6.903710076960327,0.803076829214041
7e48f05f-e706-4379-9f04-8415eda025af,2022,2022-02-05,96ccc81f-3016-42f2-98b1-6cbcbf6e8d07,8d6547d3-5ed7-46e3-9ddd-95756f8adf91,-22,0,-18.257761450138304,0.04742433201995411
7ecf5db5-e872-49ff-a97b-fbc4be20bf1f,2022,2022-02-05,77d10aad-4300-4849-8c55-f92e900358a4,884b1e88-9543-406b-bbef-d24ea9c36092,7,1,15.962991522106671,0.957379656884251
7fac67c6-5a28-4494-8f94-92b5fc0c32e3,2022,2022-02-05,0f928622-6fc6-4817-9641-a4366153c8c0,0c933bdb-bf23-4a17-ae1a-f28978a95152,24,1,20.994755673261714,0.9854766053951086
870949ae-c102-4b5b-928b-2f26a24206fc,2022,2022-02-05,9be3dee8-ee3a-44e5-bf8e-c59a500829e6,2a26048e-30fe-47e7-99d9-913f28dea879,-3,0,-0.41140935847455945,0.500848198374103
89bcf3a7-06d2-4e78-aa0e-25166f3f893f,2022,2022-02-05,1607fc40-d48c-4c58-9fa8-96e3f20a5137,3ae40137-6b36-46a4-99e9-3ea88255660c,5,1,-4.395097924052751,0.35559976017136063
91b276d1-0453-4576-acf9-f25d8aa68b94,2022,2022-02-05,9dc47cce-9b16-420a-971f-5362aaa69dc7,4e23c371-72f3-4986-a8c1-e7798c5dac70,6,1,13.072866445207458,0.9081666922418217
935c14a7-f291-474c-8269-030d7b36a8d7,2022,2022-02-05,14fa05e6-500e-41a6-b7a0-de4b16c4e7cd,212827bd-b2f5-4ca3-a901-403112b8594c,9,1,1.1167024821409233,0.5389495045656171
971ccbda-61ec-4708-bd16-938e2fb8d928,2022,2022-02-05,e6e965ed-2ea0-4655-b873-7c4b7d9db0ae,dfc3b54f-3b20-406f-a673-33061db4e3ba,3,1,-1.4571707808805328,0.41276222637489757
982a5b76-d930-4c36-987a-40470e01cc9f,2022,2022-02-05,94a64c9f-34df-480e-8ac0-1bad98ef2a11,12414365-9349-4a1b-a319-34a8ad92f7e3,14,1,-0.0017016502842541008,0.5578549022278702
9f3fd380-3154-457f-99e4-8bd9ea6d6e38,2022,2022-02-05,29398553-f42a-4873-9321-4c772f7dca42,b1ad6435-1c60-45db-bfd9-c91cb367d66b,6,1,3.6006678469567768,0.6907163007432334
a2fac6d6-5771-4379-9b04-65e4b72093e0,2022,2022-02-05,e0d91570-7fe4-4dbd-b6ba-f6ce261fd58b,2454a2fb-1f07-489d-8ee9-b4313e7e775b,4,1,3.9764947536070956,0.6564770167882699
a3cd678a-72a4-4a84-913d-612d694f41c4,2022,2022-02-05,8ce55fa9-2ea0-427f-85bc-c9e8ceb4d1f0,99ad5125-6b8a-446a-ad41-7a5f50dcf6b7,-22,0,-11.747748085583275,0.11803250022001331
a51fd16f-f52b-44ae-a571-b1aa29363624,2022,2022-02-05,7dd2d410-1958-49f9-8b62-e7cc25e3c647,24dec588-02c3-4c82-9ea6-d467604a8150,-17,0,-5.957061086128862,0.2886115741426654
a77786b2-c40a-41a3-b2cc-537dcae84546,2022,2022-02-05,c6c28fde-56df-41e4-839d-2d6201c8dc27,3fa1a848-0e6a-41e6-be7c-d6241c6c6caf,20,1,21.02876491237111,0.9790825379835912
a7b8cbf4-b75b-4e5e-aa05-0a78af450888,2022,2022-02-05,64820b75-84d5-4b53-8bec-43ee70e03b36,31edfcc1-f627-47cf-9ca0-61370f3261d2,13,1,11.009523484011085,0.9158636744965776
a82ad516-6d11-429a-ac27-1228cfe5391f,2022,2022-02-05,697f7fa6-4d64-4abb-8310-9f310c49ad61,5bb511d7-5a12-40d8-83d2-8be20bfc33d4,-8,0,-4.802946918356935,0.3579715934652612
a9375290-f076-4600-bf5f-d84dffe5b294,2022,2022-02-05,2335e299-031d-43e6-9ae6-536cc9177f51,5018dfc0-8279-4a3e-b376-b7606f612a00,15,1,7.510019636942308,0.798074833741747
ae72c1fb-47b3-487b-8ea8-deafe9292aa1,2022,2022-02-05,00366c32-204f-4176-9a22-20555a1e6363,d84fbf05-f799-486b-956e-f0500927e1d0,8,1,9.15658448327871,0.818416877095205
ae9a2549-2d6f-4402-b54b-bc94ba79ebbc,2022,2022-02-05,964b0070-5909-49eb-8fbe-c2de5f48fe0f,909caafe-4b74-468c-a1d3-efd53ab80ca9,2,1,0.6795252020974506,0.5069704987331645
af2b9a07-efc8-47c2-a18d-c4c5ea83e77d,2022,2022-02-05,91a6fe66-7652-496c-9d91-c9bd2b333b6b,8678425e-730a-4a99-bc7d-7c4282d7e434,19,1,13.473121137489093,0.9063646627480629
affe43a6-ce4a-4d55-a15a-b985698ec2aa,2022,2022-02-05,be29cc8b-f65a-4ba7-8a0d-40b2a9643422,5f19cada-0d6a-4a64-bf90-7be104537c24,-7,0,-3.8648722097033708,0.3334799640833674
b01d2566-cd5c-4e20-b694-7378fffad255,2022,2022-02-05,7b9691f0-e940-401d-9e2c-1d4f695fd91a,89fd2af1-5c8c-4222-8ffd-ce72e55a8579,3,1,-7.40712279783793,0.25840986009884687
b09ccfc3-f531-45cd-86c8-26b5c5771c64,2022,2022-02-05,92665c8e-76f8-4e29-a164-ffd7c8890a33,b23fd4b9-0101-4a30-a8df-10760e1f4bfd,22,1,3.266779069614322,0.5583729003902367
b1ae6d3d-3351-44af-b9f0-75e7ce06115a,2022,2022-02-05,3f62a009-8c84-44c8-9775-4e3959e17edd,e0d5322c-5032-4768-98e5-0b1ffa787a08,7,1,10.232765605330291,0.8413827336564514
be104a00-fb29-4ec6-ae4f-2f57c279639e,2022,2022-02-05,cd9b9678-1f2e-4444-85d3-3269c4b3775a,d1893fac-c32c-416c-9aed-0d6c61ad0935,-6,0,-4.607266825372119,0.3560114136075767
c1570d1f-a2cb-4ccc-88fe-9da860ecfe88,2022,2022-02-05,b32dbb42-380c-448c-b510-ee949569ffd4,03b227c1-5813-4ee2-b7f7-34094db05200,9,1,2.077683564681738,0.6252744239680417
c1d349b2-7a37-479d-955d-320da1234dab,2022,2022-02-05,56c81362-1bcd-418d-831b-74b9b0c4a563,72261a98-a3e3-4f7c-8188-4faf20af42ad,-4,0,7.447028381746581,0.8325214048697893
c7fcee75-2367-4255-bebb-38589aeda6f9,2022,2022-02-05,2aba779c-997d-45af-a881-44cc87727a3a,16133dd5-c118-4a85-999d-20451d1fe132,11,1,6.036123803054962,0.7554955839201503
c84f60bd-03da-4d94-98f5-13eb448fe468,2022,2022-02-05,1235749c-6be5-439f-872d-e0a85682aef6,31a85828-d084-442c-9cbf-1f706ab87f57,-5,0,2.7087453034453617,0.6305639794939409
c8e3cf6e-39bd-4e81-bc47-b2c5b0db2326,2022,2022-02-05,21f47709-f514-49eb-9da9-1f6805407244,3157f4b6-4b11-46d9-beb5-cef7c68fd1a5,8,1,8.770338560793522,0.8236107778050655
c98a52b6-0da2-4fdc-b01b-6e5e83c7de22,2022,2022-02-05,9c70f4e7-acfb-484b-8154-f0fa9365a3a8,d67c23cf-71fc-4b63-b6b9-d41c6e172e4b,15,1,5.074510333338013,0.6987423457424754
cd7cc963-2cdc-44fe-95da-88e7dcde2e93,2022,2022-02-05,553733fe-ac6e-4397-9188-b27a01824e73,7c264f4b-0e3b-448a-a195-c16c164a624b,9,1,4.099877525135187,0.6709742694963317
cfb71ab5-8320-48f4-9b18-cf23ecd7f8f1,2022,2022-02-05,048ae5f3-c6e9-4937-93fe-ec224e17fea2,e40486af-12fa-47cc-93aa-4b196b7f5bbc,13,1,2.7317536513806893,0.5951222642180473
d0447cf5-db45-48f2-b24c-9b860a7f66e8,2022,2022-02-05,f9a723a0-1697-4175-8193-97f2f8906c0f,5eab2011-0416-43e7-bbcc-83c4224297f9,-17,0,2.5225033430959463,0.5879443442044106
d370fdc7-441c-42a4-8110-ef625cbef05f,2022,2022-02-05,a313a13e-7ac3-4c73-8872-6d424a253480,95fd11d0-8e48-48f1-b7fc-f03fe1bc8c84,-12,0,-3.945824704363583,0.34899828961443874
d43c41a8-f436-495e-b883-c8fee478abbc,2022,2022-02-05,4184e3dd-c499-4f67-b148-fb0c4342d564,37f4b484-184e-49ff-b002-89ed33daf72e,11,1,3.0504132384003384,0.6800067776562884
d4beb298-2661-4f3e-8610-52998ed630af,2022,2022-02-05,f9beb22d-1a30-4dc8-88ac-4737870b7e69,6bcc781c-aaad-4e10-8214-7a1d0e3f2e6d,-13,0,-7.1445684562400364,0.2779242553811786
d50dec1c-98d6-4a6c-b1cc-4ac7c6aa1315,2022,2022-02-05,ca2c8cbf-6e05-45fe-8697-30f46c2f58b1,f3d329ca-1b85-47f6-a871-b80851fdc6d7,9,1,11.561552028269507,0.899013288776611
d813e832-e11c-4bee-84ed-59506436ec45,2022,2022-02-05,ead00c79-f9ca-4dc2-9beb-0b236dc32ce5,6726544c-ad23-4d1a-adfa-1a94c2e10a96,2,1,3.863360288786543,0.669165961081134
d9f1dbbb-8ecc-47ac-92f7-d21775bfad77,2022,2022-02-05,1ff4fd9e-2594-47e2-8b06-66ad2ca3fcb6,4204a542-7881-4f83-972a-7567cb51cc3c,11,1,6.6813606339847045,0.7732111265138056
dbde3a32-bc1e-47a0-a4e0-ad8b9f30d6be,2022,2022-02-05,31503e00-902d-4881-a3a5-52c5415e0e2b,ce6a2240-48d2-446a-a847-e4ad4367b9fe,6,1,8.350094155780743,0.8195668094565507
df068918-80d8-402b-8947-06c3fd4b341f,2022,2022-02-05,86391a21-965e-44e8-819b-837cac02859b,7bb8a634-d969-4ec9-b472-8294b1782684,-24,0,0.46986815623136197,0.5367558919597233
df0d4e1f-8ded-4d64-afe4-e8e08d5ff276,2022,2022-02-05,c2c0a075-e16f-4aa1-a838-887ef3ba2106,8e9f9414-bd72-45a6-8896-59f1453666d6,-11,0,-19.062953732160864,0.07386459796991063
e02b4a90-eb22-443f-ba51-a886ada4a9f0,2022,2022-02-05,f2eab5a0-4f7f-499a-b807-edd4f40d28e6,9400f670-2aa7-4099-aa46-ea9cf4724079,9,1,2.7561361198714076,0.6476079931284476
e5ec71ec-47c1-4b7d-9498-24260c125df6,2022,2022-02-05,b553e2a3-5933-4adc-b999-6deb896450c3,ae36afe0-850f-4758-99ec-d7deb696d4fe,5,1,-1.724552865092453,0.4586489233078869
e7c2f856-b60e-4163-8d42-7cb298bcff38,2022,2022-02-05,95eeb869-4052-4a70-84dc-8178393a6646,bf8f11f7-2ca6-48bb-ab7f-58720df6451f,-11,0,5.40120642806979,0.7338793188253864
ed76220c-226a-4ef4-91a9-942386164b12,2022,2022-02-05,fc748d3e-7f1e-4823-9d7c-f14ad3df799a,a50b7fa2-326f-4ab1-8bd2-b0bbf4f26d23,-14,0,-4.113307839659004,0.29673932569643835
f00007fd-ccb7-45c1-b41a-695eae5e4a7b,2022,2022-02-05,fb5884a9-f370-48a9-9000-3b1a4f02f0be,054be086-7ef6-4006-880c-01ed91db37c3,-8,0,-1.0126574704295745,0.44603400674104027
f15b1f4c-1a54-4d5e-926e-65fde81c0738,2022,2022-02-05,68215498-0684-4009-a2fc-93fa21109838,7187f894-4dce-4524-b538-b66a892cd89a,-8,0,-0.2815758805485125,0.46519746025688646
f2e43099-3451-47ee-b637-823f1b02324a,2022,2022-02-05,2422cf8a-bacd-4cb0-97f2-244a07c62c78,e51ef676-50a6-460e-81a8-b05cdee80c25,-6,0,7.381691624751062,0.7196791886550399
f5bd4fb9-0597-4db6-b95a-3b833caafbde,2022,2022-02-05,24f1d79c-4241-4c82-bf09-57a159ce81b3,0f8a15c4-f4b7-4335-a429-ae233bf4aa41,-12,0,-3.60346286941506,0.394445617749627
f5d8410f-3844-4bca-9d76-8471492c5ad1,2022,2022-02-05,9020eea9-bced-4c46-9f85-8bbdff3393c5,c3603958-de3f-4014-9dd0-d9c4c84dd226,24,1,3.983269411152599,0.6918035113974784
f602011a-9534-4ea8-968d-ea0920e246bb,2022,2022-02-05,1e46f177-0551-4da2-8f3f-c683820ed5f9,d91f2468-d81d-4b25-a8be-53e85e8b4ded,15,1,-0.9937879596358791,0.42494408571723735
f63a044e-1433-4bac-9df5-60833d16f500,2022,2022-02-05,9acbe680-5f94-47da-926d-51e1465fc500,ee925def-24cb-4b43-969b-4fe42d68b72e,-4,0,-5.971020081457556,0.24196950399656075
f808ea60-fe40-4331-a575-e910333e858e,2022,2022-02-05,79f44737-6e40-4cba-af63-6ff773df5f36,bf8a4003-12e8-4697-90dc-cf75dfedfeb0,17,1,16.657998759148267,0.9573146191259431
faa08c9c-6057-4644-97ee-bc6703e6341e,2022,2022-02-05,91d1df49-0521-4008-8e8f-c2098944ce2c,f04a9115-7f6e-45d4-8590-4934a791ebb3,9,1,6.529547669397891,0.8203865424711915
fbb4e611-a314-44a4-99e9-034c7e90b19f,2022,2022-02-05,3ee1f038-4cc3-46de-8651-23f4bd9a99c3,b31491f2-919b-4ff0-9274-11397e369e22,-12,0,-2.4342505920310673,0.42892354867137
fcae548d-4049-4895-b19b-3834fc3628bc,2022,2022-02-05,8dfdef93-7be0-45db-8281-e58565dd9d85,7f9edadc-8c22-4821-8da6-0ba70d59bbbc,22,1,5.56992155053743,0.807614252935974
ff262307-a86b-468a-8ad7-9022a142b6ff,2022,2022-02-05,2a426bd0-410e-4de3-8d49-d5fc05123454,dddedca4-47e5-454b-b278-b9f2fec5e78f,9,1,12.33364383884543,0.908249091707176
0aeffdb6-0775-456b-9659-69cec5a9cc1b,2022,2022-02-06,9fb581b3-9267-4861-a01b-51b7e751ca68,e44d72a0-bb34-4a0f-b307-188c3b30e131,2,1,9.563740546002371,0.8993123073092828
26b7e14a-1513-43f9-a975-a6922aac1956,2022,2022-02-06,5d7eb8c0-4b09-461b-bbc5-e2a032194a74,3e7063d6-a6e4-4aa4-8e77-044c9f5fc21a,-19,0,-8.782071683144276,0.21734053703080794
51561714-1e36-4acd-ae9d-70443b3d8d38,2022,2022-02-06,ef3d2fcf-bc17-49a6-84e3-cc117e8fc095,e6d68428-bbd2-4402-b980-d22e5e7957ab,-13,0,-0.08349336680605184,0.4714407017293772
74ed81ed-c4cf-433e-b0ac-2b80ee96ff35,2022,2022-02-06,0b986199-3ea8-40ba-98dc-8a54b3509609,a6f2099b-9086-4681-8ffd-c41cc6f1b263,-9,0,-1.5004977919882139,0.4388312202120888
7ef090d0-f928-474d-bd0c-ce3ff04baddf,2022,2022-02-06,eb038e9a-e14d-41b3-b26f-804fde52e571,1b846bd7-47c9-4bf6-ab08-e44d968a34f8,15,1,5.314429277092148,0.7016970759636137
8d10e318-a4a9-4675-8058-fc32975e6159,2022,2022-02-06,c01c9fdb-95d5-43c7-b905-8bf714226631,ad5bf26e-a32c-4d5a-b531-f6822b104284,7,1,2.7796830901416962,0.5998908549769137
910d5a4c-c6d5-469a-8047-6cef8684c4fd,2022,2022-02-06,6c96789e-21df-4f43-92b1-8e62705ffc1d,e89766a3-c899-4922-aee4-cfaa2a8fb500,16,1,15.016655454899684,0.9391643656739991
9369924d-1602-42c2-94f8-d3f37d58c9e9,2022,2022-02-06,944226c8-c2af-4571-a853-5bb934c49ae4,3911d63c-249c-41d9-a29b-df0377e1a054,-2,0,4.843341787210594,0.6976087498005128
969743e9-20c6-4db1-9f0b-865a32ce77de,2022,2022-02-06,71a67ffc-6558-40e0-96eb-79527a541007,1049e433-d23c-4aa2-8581-4bef2ad0715f,13,1,13.325520668257498,0.929408056397808
a9562732-7caa-4b10-9874-c236a3a4bd6e,2022,2022-02-06,743e2828-8a80-4168-9d8a-f8cc1d9b0b9a,cddd6722-8c88-48b6-853a-6481451c0290,18,1,4.090657227152918,0.7110749474338539
b6f9f0ae-8584-4fb5-b442-76d6919a9dc2,2022,2022-02-06,062eb8a6-996c-4619-9ba7-498cdd009dd6,54514b3e-2558-4e69-98f9-b1f97fc17835,9,1,-1.6139003681264072,0.3767185659191957
c6b9b4d9-811f-4851-9e7e-488dba4b9304,2022,2022-02-06,98555e7f-2f58-4896-b98e-4edcece8a333,6bb1093f-59ab-4de2-9cae-c257b87d56e4,12,1,17.724332890408693,0.9604361713058647
db313271-249e-4a71-9930-eead1608effa,2022,2022-02-06,371a2930-c5a4-405a-bb44-9f22b55ca81a,aef6cc9a-dcfd-4137-aa03-9926d921f466,-12,0,-4.635193442945674,0.3766111087404767
e314794d-7471-4f3b-b8e9-afcc2f219159,2022,2022-02-06,46716039-e26d-4d19-a17a-35eec7c36cb4,1552f5fd-a3ac-4947-93d8-08bdf1a77f93,-6,0,2.5085471597647304,0.610468457140465
04caf787-1a7f-47bc-8568-1adadf837261,2022,2022-02-07,e61ea85d-a57e-4621-930d-0b0e653eb2c7,2bdfedb6-38f0-4eb8-baaf-2965a942cb85,4,1,-7.401737362291189,0.24765093190425433
0a9561a7-36cb-4c52-896f-89e2a31d62de,2022,2022-02-07,9acbe680-5f94-47da-926d-51e1465fc500,c3d3f21f-51d8-4ae4-9285-7209d1d97802,-8,0,-10.292344784815052,0.10947173915890268
15c1e081-1cfa-4435-9c39-d52490a76666,2022,2022-02-07,726e1c94-fb9c-45ee-ad09-5e487744b47a,884b1e88-9543-406b-bbef-d24ea9c36092,26,1,17.26715166741545,0.9654186275526099
1920acb4-7f9a-4951-b2f5-521503a85117,2022,2022-02-07,51c9ea8f-034d-41b2-8d67-b519b3d48286,ee925def-24cb-4b43-969b-4fe42d68b72e,-13,0,-8.823575601318053,0.21945918876215154
1df9e70e-9b61-4159-8cee-9edc7698fc74,2022,2022-02-07,21282287-1619-4d11-9e25-59855bdd5be6,02d8446e-475c-43f7-a829-3e36474bc43f,11,1,-2.633826553635639,0.45324204728135964
1e77cb7f-476d-48d2-9a96-f43c5ddf358e,2022,2022-02-07,75755c79-6aec-4154-b1f8-2337fd4a06c5,9020eea9-bced-4c46-9f85-8bbdff3393c5,3,1,-2.7539806000533877,0.4085748065055052
31e0eccb-5a9f-4845-8686-cc4abdf518b9,2022,2022-02-07,24f1d79c-4241-4c82-bf09-57a159ce81b3,054be086-7ef6-4006-880c-01ed91db37c3,5,1,-1.720889677053428,0.4236861804414286
34ad63a7-f3fc-4f12-8ec9-fea9e77fbd0a,2022,2022-02-07,dcf098f0-7fc0-458c-95fe-c6f0743b4274,72261a98-a3e3-4f7c-8188-4faf20af42ad,27,1,19.53339157767512,0.9829787694599726
47669f52-22bb-4914-80d8-0f0ce2e112da,2022,2022-02-07,c2c0a075-e16f-4aa1-a838-887ef3ba2106,b4531112-44f4-44bd-877c-3fca948b51f3,10,1,-0.9807415605755055,0.49272351386094965
4ff57d74-aaf2-4b53-a70c-022d98eb0444,2022,2022-02-07,3fa1a848-0e6a-41e6-be7c-d6241c6c6caf,77d10aad-4300-4849-8c55-f92e900358a4,-29,0,0.3041885289209494,0.504413081075138
5fc68bc6-3d97-49ab-bab0-180dc7402848,2022,2022-02-07,a5e97c6a-a0e1-49d2-b6bc-8903c39ceaa0,1e2d1b39-91db-4949-af7d-13201eafcef8,14,1,10.139986548884718,0.8861935037966375
64145119-2686-4bf7-82fb-483c4d73b981,2022,2022-02-07,0724bbd2-14e4-4069-820d-16f4dcda5df5,91d1df49-0521-4008-8e8f-c2098944ce2c,3,1,-3.1756924558574418,0.38121437144412285
6ad52a05-2f7c-46e7-bb4f-686972f1255b,2022,2022-02-07,5ec861d9-4794-4460-b935-73f51f03efc1,37f4b484-184e-49ff-b002-89ed33daf72e,-2,0,2.0911811987500792,0.5911192040029665
73087618-e81f-4a55-9289-ea921c25e096,2022,2022-02-07,0efb1176-dc90-4109-b141-5025fc424128,add091d3-316a-457b-803e-9b8e145b76e6,8,1,0.5827181343471781,0.4778932061922595
75c6c9a7-f332-40c0-92d5-8b8f2e7fa2b7,2022,2022-02-07,92249853-0b54-4944-8955-34bc02003e54,5e661a2a-5f48-4f4e-b78a-4ebc2220c393,22,1,12.141715431569667,0.8955335427113766
7bdbcc83-59a7-4c42-abbe-8a8e8adcc6fd,2022,2022-02-07,8425fbd0-40c8-4146-a2c2-51ec714ee637,61bcde81-66e5-484e-95eb-5f373ff4a7eb,-5,0,-6.062676920257338,0.3253733312096662
7f8bdc5b-7bf5-4657-99a6-c3e1e1871919,2022,2022-02-07,7f9edadc-8c22-4821-8da6-0ba70d59bbbc,0c933bdb-bf23-4a17-ae1a-f28978a95152,9,1,16.046294490563987,0.9508746234186747
89dde845-e077-416e-bc1d-a4586170f7be,2022,2022-02-07,73339436-3261-4171-9cc8-854b8e176836,99ad5125-6b8a-446a-ad41-7a5f50dcf6b7,2,1,3.621538814485998,0.6804090186902568
94cb4012-7244-44a6-958e-37611042b595,2022,2022-02-07,4b2092bf-f1b2-48c3-8ba6-43f8f5d0ee62,ae36afe0-850f-4758-99ec-d7deb696d4fe,3,1,8.27255899909254,0.8052543633263758
9c8a9792-2d6a-4afb-85d4-cb656dca9eb2,2022,2022-02-07,0cc63380-151c-40fa-bc6b-76091785d359,964b0070-5909-49eb-8fbe-c2de5f48fe0f,24,1,12.348981956591237,0.9146285265022415
b9ee1b7d-68e5-49f4-8ebf-214b2a5e9897,2022,2022-02-07,e9770216-1dda-4db8-bc54-264a782d40b3,af6d34e9-4be7-4fc4-b61d-28a000704daa,6,1,9.340114405961605,0.837614983100763
bd54b059-2617-4c12-91e8-faebae253864,2022,2022-02-07,7b9691f0-e940-401d-9e2c-1d4f695fd91a,2a426bd0-410e-4de3-8d49-d5fc05123454,-12,0,-9.143920500298858,0.16366016487739724
c986b622-e670-477d-b1d2-7fa1583f6da1,2022,2022-02-07,8f73f541-6fb8-4ad2-a1c6-e3eef51e7b64,bbdc8c62-dfe4-4e42-9ca9-ff85d375faf9,14,1,16.249890937433264,0.9520197253739321
d0e38c31-4479-4da4-a533-53fb8bbd5940,2022,2022-02-07,188437e6-a8e9-4e63-b58a-4141ffadc80e,5820546f-7b8e-4593-afc4-fa098623f568,27,1,16.847291757425698,0.9690475742435498
d2b23c07-7dc8-4628-b772-3b5017bd5702,2022,2022-02-07,3ee1f038-4cc3-46de-8651-23f4bd9a99c3,bd64a96b-c6bd-4f04-ac87-79bec2f197d8,1,1,1.7174988074231616,0.5679515217892862
d31e4839-60ca-41e2-86b6-ffe7ad9b220c,2022,2022-02-07,0a370edb-2194-4979-ad23-d796fb97dfb3,3b36f988-af5a-4761-a417-f496a2137c3c,-19,0,-1.271280194157184,0.4429141298622314
d4ed36f3-14a3-4b9e-8494-74a3e42ee2a0,2022,2022-02-07,0c1c2a64-13fd-4f6b-b1b1-2f9290dc2295,048ae5f3-c6e9-4937-93fe-ec224e17fea2,-1,0,10.985038140253787,0.9107177675689913
e3cba3bf-7b31-4462-9b8d-3007146d1692,2022,2022-02-07,c73565a9-06c6-4314-b7e1-3659db4cf00c,2d5a3d36-55d8-4fc7-9050-a067b5a5b3c9,2,1,7.046525864316486,0.8041243546210355
e411156d-e149-424a-8121-5e659f13e2e2,2022,2022-02-07,4db0015c-fae1-4d5b-8be6-db756062d47c,ab8cafeb-02fc-4c83-aa0d-dcc530796fe4,-18,0,-10.18612505884041,0.11853877502510908
e465b058-d08a-437c-84e9-73b707d58bb8,2022,2022-02-07,7dfde2c4-2d03-47ac-8d87-e6480afb8a99,0d182ffe-13fa-4447-8f00-f38088d0cf05,-13,0,-2.4384010295606835,0.3751323913762855
e985f42d-8764-413f-b42a-e88b150a5fcf,2022,2022-02-07,f3d329ca-1b85-47f6-a871-b80851fdc6d7,ca2c8cbf-6e05-45fe-8697-30f46c2f58b1,-2,0,-6.799768707347757,0.2907522906646353
eae0da71-c617-4bae-a351-b9009779865a,2022,2022-02-07,0f928622-6fc6-4817-9641-a4366153c8c0,9aed1c9e-7ade-4533-91c5-322e09783a7a,8,1,11.83684723610353,0.8720680226962753
f1c4b45e-321e-4d27-8848-e05f223d6551,2022,2022-02-07,a270ed0b-d820-42d4-8101-f2bf9e25042c,b31491f2-919b-4ff0-9274-11397e369e22,-3,0,-3.675509113447587,0.36943504138196764
0a952fd1-f2ad-4a7c-a38d-216f2bc3672c,2022,2022-02-08,5f19cada-0d6a-4a64-bf90-7be104537c24,28760428-230c-4858-9d2f-0ff8e804da52,9,1,14.217208530382024,0.9469104372488245
10ddfa3f-3d35-4687-b8a2-0a5f31a38c84,2022,2022-02-08,cc4eefaf-2887-46d2-920d-d97a8f3df18c,5253a75a-17f7-4ea5-b313-743697ebca72,19,1,6.068880264085665,0.754718372303647
1865f4e6-0b18-4ac4-8aac-4c8ef7017683,2022,2022-02-08,77413edc-f997-4807-a4ea-9caf8157da8e,ffba6b6e-94bd-46d7-a735-5c1822df816a,-1,0,13.963220277743394,0.9232834739161473
29bbba85-d344-49f7-a93b-8c78011e8eda,2022,2022-02-08,4204a542-7881-4f83-972a-7567cb51cc3c,4e853367-c5cd-4701-9554-38bf174777a3,8,1,7.966104423770365,0.8155282351165235
2ffb3d33-61bb-4d59-9b37-b0ea68f44149,2022,2022-02-08,f04a9115-7f6e-45d4-8590-4934a791ebb3,f1fa4ba9-17ac-4467-80da-6559daef7a45,-2,0,1.795430228218743,0.5941246331671522
31ee8194-0bce-4170-b59d-c53d27c0e2bc,2022,2022-02-08,3911d63c-249c-41d9-a29b-df0377e1a054,2335e299-031d-43e6-9ae6-536cc9177f51,2,1,-2.683014719791236,0.4975710427146505
4694e462-d2d3-4498-a3f8-1e06f941f98a,2022,2022-02-08,dac65a7f-4511-49a7-9c6d-3f29d22ff86f,f621591e-18ed-471c-92f8-2c4d4c00bb75,-8,0,7.465457940008698,0.7609180001976134
4bbf2831-c76d-447a-a152-0450e126db3a,2022,2022-02-08,3ae40137-6b36-46a4-99e9-3ea88255660c,78c4f8c4-d04f-47ed-92d3-34e159fec915,-2,0,-5.927185988075923,0.2883744118938236
571b4c7e-523a-44f9-8909-5dcf319be659,2022,2022-02-08,94d0d44c-b426-4381-9d58-bffb34c097f5,1ff4fd9e-2594-47e2-8b06-66ad2ca3fcb6,-6,0,-9.084341094835088,0.17887305380199645
575dddcb-7714-4983-9c3f-48265553efca,2022,2022-02-08,e31be871-e6af-43f9-9cf9-865a275b7e6f,cc1716b8-24e4-49d7-8778-964affd58954,-8,0,1.0966432178035233,0.5039829732811915
5be6037e-596a-43d3-8526-bf6155588a83,2022,2022-02-08,64820b75-84d5-4b53-8bec-43ee70e03b36,1cc71d7e-b5a6-4b50-a797-176f96548858,10,1,5.088485061681855,0.6879822349240151
5d85ecb5-df4e-4f2d-9f46-939f963c844c,2022,2022-02-08,ff948b57-cb4b-42da-a899-37fa5c8a6d86,b32dbb42-380c-448c-b510-ee949569ffd4,4,1,0.39295854071980774,0.4998198937518341
5fb5f086-0a42-4ec6-acd8-d4404f639c15,2022,2022-02-08,5018dfc0-8279-4a3e-b376-b7606f612a00,fc748d3e-7f1e-4823-9d7c-f14ad3df799a,34,1,13.710586304072754,0.9299975087629012
61be5e56-31d6-4cbb-b916-56f66831d092,2022,2022-02-08,743e2828-8a80-4168-9d8a-f8cc1d9b0b9a,89fd2af1-5c8c-4222-8ffd-ce72e55a8579,-9,0,-10.200627393589913,0.13554143385759806
63e040db-9c4e-4b37-8706-a3c9468b638c,2022,2022-02-08,b553e2a3-5933-4adc-b999-6deb896450c3,fbb275ea-bf78-4cdf-ba66-538cd9722ef8,-18,0,-8.695408349895812,0.22347253620088928
69a04717-c6d2-44d8-85fb-139ce174a74c,2022,2022-02-08,91a6fe66-7652-496c-9d91-c9bd2b333b6b,92665c8e-76f8-4e29-a164-ffd7c8890a33,8,1,10.602929904645832,0.8664170497399665
6e96f0a1-54b7-4097-bc18-d9ca73ebc735,2022,2022-02-08,b7b950c6-b603-4afa-afd6-ed15293d3523,8678425e-730a-4a99-bc7d-7c4282d7e434,38,1,13.515108334341603,0.9262021568947586
6f107f12-9879-4d60-8422-356b7e13426b,2022,2022-02-08,d84d7188-0176-4937-80ec-d83ae93a1912,1e46f177-0551-4da2-8f3f-c683820ed5f9,5,1,4.611054437017298,0.728297571249545
7470ec70-645d-4e26-8376-1696b1876db9,2022,2022-02-08,b23fd4b9-0101-4a30-a8df-10760e1f4bfd,aef6cc9a-dcfd-4137-aa03-9926d921f466,-6,0,-6.950980991214552,0.21012944241041326
821a12c1-286e-4052-a7c3-d678a332f06b,2022,2022-02-08,7bb8a634-d969-4ec9-b472-8294b1782684,f9a723a0-1697-4175-8193-97f2f8906c0f,8,1,-7.576287947440262,0.24010930794830374
822e4626-7076-42a1-b226-c70b2d10cf3c,2022,2022-02-08,8de64d3a-4bae-4d2a-a4d2-15ec6583f6aa,ff725b84-1ca5-43ef-be84-cb70a6494dab,16,1,3.089063308725691,0.6259512863918322
841147be-2363-4f68-8bb3-ab4133e29599,2022,2022-02-08,61cad1f2-f187-4b2f-8e53-02eb65eae2d1,553733fe-ac6e-4397-9188-b27a01824e73,-9,0,-2.0189296872578084,0.3601095051452486
89dbc47c-fe63-4c90-a0ad-f1d1903ec29e,2022,2022-02-08,d98e9dc5-d3b9-41c1-ac48-5a4945d47713,fc4bf214-f945-46ec-8524-00a3196b7449,2,1,10.42082541262803,0.8256553591317836
8dc6aa7b-37ff-4e1c-87a4-cd721937f9cc,2022,2022-02-08,af1bfe66-a343-4c46-94f8-4c670ce2c8d7,1c994624-ca30-44fc-97cb-9a0aa481ad72,-9,0,9.89033566213766,0.8902635509870157
95c50607-2e78-46de-84d2-867fd9bfa344,2022,2022-02-08,6bcc781c-aaad-4e10-8214-7a1d0e3f2e6d,0ec0fe2d-cb25-483b-aeb2-0f12af2160c7,5,1,-3.8559762071482893,0.37377705058235505
a4810f35-fbff-4cc1-84d4-f0c45b17fb6b,2022,2022-02-08,371a2930-c5a4-405a-bb44-9f22b55ca81a,cd84e158-0ec9-44ce-872b-e44a595a4e37,5,1,5.258783889460778,0.7098921510589842
a824727e-32a5-4800-9fb6-880a7ce99c74,2022,2022-02-08,d99c752c-71e0-431a-b0b7-143707bbc110,6081d978-c3cf-482e-8374-c40b212242c1,-10,0,-8.709817208281633,0.1629814826537685
ad8606f1-8e46-446d-a043-661080f5f64d,2022,2022-02-08,d0a4ad01-cd4c-462a-a303-d94d9c7c79fc,97a440d7-b0b9-4fd1-9da8-6460649da714,-9,0,0.7942630444726365,0.4790534338879837
b1ef7d57-e604-4815-a301-fcf2a017c1bd,2022,2022-02-08,dddedca4-47e5-454b-b278-b9f2fec5e78f,b1ad6435-1c60-45db-bfd9-c91cb367d66b,6,1,15.866054563570417,0.9414260994176699
b3cf7aba-f43b-49bb-860c-1356c1ef2164,2022,2022-02-08,f8490c90-4ca1-437a-93da-114f5dac0426,db040d7f-5499-4400-9069-620c27646ed6,15,1,4.800772860695328,0.704165471286819
b43de6a7-b862-47a4-986a-18f1af9407ac,2022,2022-02-08,e44d72a0-bb34-4a0f-b307-188c3b30e131,cba4f27f-e547-49bf-bbb3-2983917351a2,-10,0,-3.6380454472109003,0.36152223921978593
c91352cc-3a91-45c5-9ca8-8999f9c43c25,2022,2022-02-08,d4de33b3-cd7a-47bd-bc4d-da1381432ffe,ce6a2240-48d2-446a-a847-e4ad4367b9fe,-1,0,-3.0574314100042415,0.3294306213746947
dc27eb00-d12a-4117-88ec-55d8b0262877,2022,2022-02-08,31503e00-902d-4881-a3a5-52c5415e0e2b,5eab2011-0416-43e7-bbcc-83c4224297f9,16,1,8.380488797383714,0.7835898334060014
df4a21c7-58c8-494f-8bae-e55e2026958e,2022,2022-02-08,3e79582f-0f2d-4ace-86a2-242de87ef6c2,3795d76f-7577-4ea0-8f28-89d16c87f9f0,-4,0,6.582742891937809,0.8015801915280997
e36adf4c-fd92-4df4-8d63-14d968e42425,2022,2022-02-08,d2cb99ee-debc-4e8f-93ba-b0ffd42247ea,95eeb869-4052-4a70-84dc-8178393a6646,9,1,8.461403141568258,0.795040192664371
e676b17f-5376-49df-8632-a33e27d1d2eb,2022,2022-02-08,793f775a-aec3-4741-b86e-4c8e079f74a4,f4045f82-f9ab-4d14-867e-496a744ac26e,8,1,11.473807711808657,0.8555573064924238
f0f5cf4e-463f-4458-8979-2df9fc4a57a0,2022,2022-02-08,00366c32-204f-4176-9a22-20555a1e6363,b394d3b3-e9a2-466b-abe0-89cda8e8d669,4,1,-2.192950441434067,0.4105966464680917
f3819ee1-0354-4c6b-9a2f-61668d2c971a,2022,2022-02-08,4b6d2ea4-d1ab-46f4-b480-555227d14e55,ad5bf26e-a32c-4d5a-b531-f6822b104284,9,1,5.130125194213549,0.6684677936457142
06c47433-cee8-449c-a0b8-ec1223e7c833,2022,2022-02-09,9aff8705-aa1a-4181-bda2-9f9544361658,9fb581b3-9267-4861-a01b-51b7e751ca68,-10,0,-14.104180630916728,0.05916273495501159
0c620189-2c8a-42a0-ae20-b1298b517be6,2022,2022-02-09,e40486af-12fa-47cc-93aa-4b196b7f5bbc,1607fc40-d48c-4c58-9fa8-96e3f20a5137,9,1,10.923057914794596,0.8977989462832969
0e4cfcc6-64d3-474c-a950-44c38844a9be,2022,2022-02-09,604f3fca-4ca3-445b-9be1-3cb6b7f69fd8,b101bc61-0628-4298-9362-c2e546437032,11,1,9.621028154969043,0.7967252464825879
1186a3ca-d0d7-406f-98e2-3db9582b667f,2022,2022-02-09,dcf098f0-7fc0-458c-95fe-c6f0743b4274,cd9b9678-1f2e-4444-85d3-3269c4b3775a,16,1,14.614824743644261,0.9432703823959743
1d181043-8a79-4feb-9048-4d4ea089c69a,2022,2022-02-09,2454a2fb-1f07-489d-8ee9-b4313e7e775b,01167cd7-9c6a-4860-904c-78f7c777ba81,6,1,-9.0443220194377,0.18603514862742862
25fbc212-1fdc-4486-a772-2abd0a3e25cc,2022,2022-02-09,054be086-7ef6-4006-880c-01ed91db37c3,e06f08fc-4ed9-4807-9f8a-7889130e21f6,-9,0,3.617951841232461,0.6304392467252634
260515cc-a5de-4dcf-a82b-37dd93cef6f1,2022,2022-02-09,24dec588-02c3-4c82-9ea6-d467604a8150,e51ef676-50a6-460e-81a8-b05cdee80c25,-17,0,-3.1313616682509413,0.3912006119675202
3e34eae2-270e-4c64-a34e-03b671d0fb44,2022,2022-02-09,62080182-ef8a-4907-90ca-00df4cec4e3c,3411d575-6a72-4b22-885f-e90bac6bdd28,9,1,14.147894044519209,0.9327122496386253
406e4034-d010-4a69-b979-ceb63a60a0f8,2022,2022-02-09,43fdfa19-1583-4159-9c0e-1e88e231b35d,c3603958-de3f-4014-9dd0-d9c4c84dd226,-15,0,-8.681816168363772,0.2208470086001798
4ac3ad17-2eec-4ce1-ae83-b9ad0f43e0c1,2022,2022-02-09,46716039-e26d-4d19-a17a-35eec7c36cb4,ef3d2fcf-bc17-49a6-84e3-cc117e8fc095,-9,0,3.3539492745447874,0.6183932383829429
5596d9c3-f82a-42d0-a416-9eeac8c7a871,2022,2022-02-09,be639f4e-dcad-4737-8fdc-2740207d65e3,8ab33314-bb5c-4e60-b515-3564c813ae0b,32,1,13.731603371232902,0.9192887389879882
58af6a22-fb60-4026-adf8-c2ee0527b2db,2022,2022-02-09,fe829304-1347-442c-85ad-2139be36330b,5d7eb8c0-4b09-461b-bbc5-e2a032194a74,8,1,4.252054059611079,0.7060863000604494
5aa01c06-d1d1-4312-8c76-04db153d4e7b,2022,2022-02-09,1235749c-6be5-439f-872d-e0a85682aef6,0b986199-3ea8-40ba-98dc-8a54b3509609,-4,0,1.3792011071682173,0.6291700217853481
5d51d841-df53-4264-9193-e46653a9cb2f,2022,2022-02-09,4184e3dd-c499-4f67-b148-fb0c4342d564,b4531112-44f4-44bd-877c-3fca948b51f3,4,1,4.354357189406406,0.6307756110911413
62198ef9-bb69-4843-836b-8da0fcb96f8c,2022,2022-02-09,d25581ff-ffd9-4c81-a946-e99b1de2c3b6,16133dd5-c118-4a85-999d-20451d1fe132,7,1,1.3418454985691999,0.6115124275820957
64c5b53f-439f-41e4-b2ec-fbebd2799f8c,2022,2022-02-09,95fd11d0-8e48-48f1-b7fc-f03fe1bc8c84,bdcaae22-ba48-4546-82af-ca21a229c276,6,1,9.197052517769743,0.8564162454501902
6dae4c2c-aaf4-4c1e-bb2c-45c3998e1e17,2022,2022-02-09,5a26bb55-d02d-4957-be27-861e8036f152,a6f2099b-9086-4681-8ffd-c41cc6f1b263,7,1,-2.399754837107031,0.4002316959519531
6eb851d5-a100-4a87-b138-fb73825da111,2022,2022-02-09,f22782cc-03b3-4a0e-a189-8305ebe19b87,61d9acae-2486-4e53-82ea-60d146622f34,-2,0,-0.16333932474658117,0.4940925050145894
7708e1f3-b2a6-4005-80bd-01ebbb9ae320,2022,2022-02-09,d1893fac-c32c-416c-9aed-0d6c61ad0935,56c81362-1bcd-418d-831b-74b9b0c4a563,1,1,9.611029003782349,0.8498492663060949
7813f55c-351c-4aa5-bd04-d8694a62ef72,2022,2022-02-09,a313a13e-7ac3-4c73-8872-6d424a253480,5bb511d7-5a12-40d8-83d2-8be20bfc33d4,-18,0,-6.2446312449032515,0.3413795704113088
7c4bfca9-d1bf-4f1f-a097-cb73f07e742d,2022,2022-02-09,6b68cf86-676c-4d12-958b-f2b9da02a5a1,e5df557b-d16f-479b-b7f6-db85db97e2cf,2,1,-0.4722960235652368,0.501272512246557
7f5db247-7256-4725-bf94-a7313b99de12,2022,2022-02-09,e0d5322c-5032-4768-98e5-0b1ffa787a08,1e89fbf7-1862-4050-b61b-f4de4a9ae045,11,1,10.515368698056319,0.8329678378438305
8145b13d-e580-419c-b0ad-7247d6eeefc6,2022,2022-02-09,8e9f9414-bd72-45a6-8896-59f1453666d6,1bc4534b-6474-409b-abbd-f840a8dc148f,31,1,23.663133760328215,0.9868435064670353
86d74173-7313-4c25-8008-3688225fc81a,2022,2022-02-09,1049e433-d23c-4aa2-8581-4bef2ad0715f,2422cf8a-bacd-4cb0-97f2-244a07c62c78,-36,0,-8.457503078858883,0.20247566333628012
8eb54b01-d4ef-4895-8ab8-9b39ab86f28a,2022,2022-02-09,b91fd5ed-1e0c-431b-bd4d-0947f67edb2b,cf2375a7-1488-493a-8679-e8112b47cf7d,-10,0,10.928648632297369,0.8871321946974932
9073616c-8c6e-487c-b8bf-3416ea0e5611,2022,2022-02-09,1bd5203f-23cd-4c96-8b8e-fae5ddfbe69d,d13e3f73-7b13-4e91-9249-09f1e11e488e,3,1,3.7637251796917908,0.6916614068061415
938eaa51-12f6-4e45-a887-fbae1090f10b,2022,2022-02-09,8425fbd0-40c8-4146-a2c2-51ec714ee637,f816660e-09e0-4733-96a2-4d878efbff6a,-8,0,-1.1355198705878833,0.44130380525789104
98e789e3-ebbc-41fb-a8df-7a8e45228466,2022,2022-02-09,86391a21-965e-44e8-819b-837cac02859b,6bb1093f-59ab-4de2-9cae-c257b87d56e4,13,1,4.555519692092333,0.7173027730910517
a5484819-1a8d-46b5-9860-ee6f661024ee,2022,2022-02-09,12414365-9349-4a1b-a319-34a8ad92f7e3,81c35070-ad3d-45bd-8fcc-5a8c73a46ba3,5,1,-1.167124358825557,0.4345225569456366
a7b30296-c2f3-47d5-a02c-9d0c5d534943,2022,2022-02-09,7798adeb-2809-42ca-b509-02c719168825,4a44b6c6-3fc1-427f-bd05-432860f3024d,6,1,7.949293199169286,0.8367003606322234
a8bc0e19-3862-4b8a-80f9-c6e4e47a47a9,2022,2022-02-09,e89766a3-c899-4922-aee4-cfaa2a8fb500,2aba779c-997d-45af-a881-44cc87727a3a,-17,0,-8.596095199925621,0.21006645155352507
ad1b41d4-f65f-46d9-8949-330f7800084c,2022,2022-02-09,ae36afe0-850f-4758-99ec-d7deb696d4fe,4b2092bf-f1b2-48c3-8ba6-43f8f5d0ee62,3,1,1.6404190598035124,0.6379673628214704
ae4f5b47-81a4-49ea-a2e5-faf497cc34ae,2022,2022-02-09,53922fed-96eb-4cde-8b45-7f8b7e032cf8,fd736c6d-0d9a-4837-8153-b1f51e776578,-3,0,1.237502953205243,0.5662939304367558
b0080732-17ed-465b-a1dd-67c833a81dd5,2022,2022-02-09,0f8a15c4-f4b7-4335-a429-ae233bf4aa41,fb5884a9-f370-48a9-9000-3b1a4f02f0be,10,1,7.4187625354827755,0.8237795848849107
b4616341-2b00-4adf-aafc-2a430ae3e57b,2022,2022-02-09,5953232b-95c2-4915-a150-ed30d3fdc96f,4bc4f625-be38-4da1-919a-c43bedce10b4,-14,0,-4.730918209884839,0.28639698543276737
b5e46536-18bf-46ab-9663-1728207210f6,2022,2022-02-09,29263387-625d-4270-b420-6066c840fbe3,be29cc8b-f65a-4ba7-8a0d-40b2a9643422,13,1,8.129611114748936,0.7903358585971231
c128061c-c6ab-4dc5-8ee0-a62e9e153f05,2022,2022-02-09,ca2c8cbf-6e05-45fe-8697-30f46c2f58b1,0a370edb-2194-4979-ad23-d796fb97dfb3,18,1,14.239763849888497,0.9339248185961461
c216c689-ef56-4771-8314-83a1c4808b6a,2022,2022-02-09,03b227c1-5813-4ee2-b7f7-34094db05200,28669a26-792c-4843-ad64-6f16da03d389,15,1,-2.012896517947454,0.42723603550119654
c2680060-235a-4884-9933-78fb3a5cb3b6,2022,2022-02-09,5ec861d9-4794-4460-b935-73f51f03efc1,c2c0a075-e16f-4aa1-a838-887ef3ba2106,2,1,6.450839566384805,0.7795654023421021
c6d717c4-f414-4e06-b7a1-82e6fbb8b9b3,2022,2022-02-09,31a85828-d084-442c-9cbf-1f706ab87f57,3943bea0-341e-414f-8f46-b97e08b5f90f,9,1,2.9892387746996674,0.6196799335255248
d05a0533-dfd6-4143-a59c-4a5cbe95ba86,2022,2022-02-09,37d32b57-ae72-4669-9669-a71097de1196,3f62a009-8c84-44c8-9775-4e3959e17edd,-12,0,0.7315858203698886,0.473494921674955
d8a5e4d7-dd05-4a77-badf-d610f2fba91f,2022,2022-02-09,72261a98-a3e3-4f7c-8188-4faf20af42ad,df8bfbe4-f858-405e-bd5a-04f400d2d7f6,4,1,-5.152051340882627,0.27901202475338116
dc4b2fc9-8d50-4fc2-84af-ada0fdbdbaa4,2022,2022-02-09,b0fa4996-a909-4fd7-ba9e-8f180716f7f3,eb038e9a-e14d-41b3-b26f-804fde52e571,2,1,-1.2466212549074684,0.4564909057214048
decd3304-46ab-4a62-8657-9fe5aa437eac,2022,2022-02-09,87cec0de-4d93-4ed3-9ac3-deac97be5eba,e0d91570-7fe4-4dbd-b6ba-f6ce261fd58b,11,1,8.899243875112068,0.8302765945211458
e4bc5a8e-c505-4f7d-b494-068379ceadfe,2022,2022-02-09,d84fbf05-f799-486b-956e-f0500927e1d0,4d299953-da89-4561-afe6-d0a2222d454e,-9,0,-8.597829642088396,0.17806824586043252
e9f0ab00-9657-4ce6-89af-c43767114db3,2022,2022-02-09,909caafe-4b74-468c-a1d3-efd53ab80ca9,77b07047-6507-4cf4-85a5-4c69fc0c453f,2,1,7.123130543335648,0.7676700572233142
eabae389-ab58-493f-a835-599d85c33469,2022,2022-02-09,c5a3e484-778a-41ce-abc4-7ff9ec51ca4a,f1501573-e854-43f7-9346-e94fa60ac4b7,21,1,14.849083819210263,0.9519943175279019
f3ae85ba-88ea-4dc7-8eae-39b8e0762f54,2022,2022-02-09,697f7fa6-4d64-4abb-8310-9f310c49ad61,5820546f-7b8e-4593-afc4-fa098623f568,-5,0,6.285980391106715,0.8057643851221978
f605be4d-69b9-41d0-b072-479d9386ff5d,2022,2022-02-09,4bd089fa-104e-4a99-a39a-1af78fc3e611,24f1d79c-4241-4c82-bf09-57a159ce81b3,16,1,6.863792660292223,0.8048819209326893
02a0a2ba-c351-4d9e-8c12-787d5f7e9f37,2022,2022-02-10,8af2e3d8-3a2f-4008-b261-30f11908b768,2a426bd0-410e-4de3-8d49-d5fc05123454,-12,0,-5.578301844443539,0.3023052640271114
060f773a-58b7-4392-b78d-b1356eadba5f,2022,2022-02-10,b7898dbc-7198-47fc-8098-496c7867351f,4db0015c-fae1-4d5b-8be6-db756062d47c,-9,0,2.27083924452908,0.6272782746936558
0677a82c-7235-4612-a38e-08fa02f35384,2022,2022-02-10,f5ff136b-cc0a-4eed-a502-c028afe284bf,2678c438-d23d-4ec0-8105-ab3f1c748aaf,-13,0,-5.439121775984276,0.2921937437069936
10fa0ada-5de7-49b4-85c9-4a707228e399,2022,2022-02-10,d7c1086d-592e-460b-9f30-684b14d1097f,a8d4a467-9623-470f-9ec3-c15afb497e8e,-20,0,-11.455690902885264,0.07632065102136962
1186cc95-4812-4d5d-b0aa-12ec29e4bdb9,2022,2022-02-10,242a53a0-47e7-45ed-afe8-61172c29f09d,5984bc3b-7531-473e-8087-c5fa390b08cc,3,1,3.7436208374053694,0.6889989363084681
1c4f1b97-c35b-44e2-aaa2-a67f44bc827c,2022,2022-02-10,a8f76e24-7f09-4727-b40d-6834e4fc0829,7dfde2c4-2d03-47ac-8d87-e6480afb8a99,-1,0,1.9568352833622908,0.6350066907486146
2056a78d-2210-46b9-a73c-935f39bb8b1b,2022,2022-02-10,9bf29604-a6db-46b0-b81d-92452dc43267,2d5a3d36-55d8-4fc7-9050-a067b5a5b3c9,-22,0,-10.127060520809458,0.14672652406372094
20eefa53-f919-4746-afcc-5f110cf8cd8e,2022,2022-02-10,3fa1a848-0e6a-41e6-be7c-d6241c6c6caf,68215498-0684-4009-a2fc-93fa21109838,8,1,1.181562358737464,0.5093832313444606
2417a983-4762-4a59-83ee-23b75dae7639,2022,2022-02-10,3157f4b6-4b11-46d9-beb5-cef7c68fd1a5,92249853-0b54-4944-8955-34bc02003e54,-18,0,-4.328486369154006,0.3891121067523188
2f60c17b-5104-42a1-8f4c-c4338355356d,2022,2022-02-10,61cad1f2-f187-4b2f-8e53-02eb65eae2d1,82d1bf41-2f1d-44d1-8022-220c263d6525,-8,0,7.504076813336,0.803756358001325
31b69124-bfb9-49b5-b0d3-08950432aeec,2022,2022-02-10,31edfcc1-f627-47cf-9ca0-61370f3261d2,240cc087-ebae-4133-9c14-cb46ebe54b97,-5,0,8.332574963520795,0.8314148163049729
3c09cfc6-cab4-4354-b95d-e001458fb5c9,2022,2022-02-10,1b846bd7-47c9-4bf6-ab08-e44d968a34f8,98555e7f-2f58-4896-b98e-4edcece8a333,-23,0,-8.934628404851164,0.17323531281577534
5470bc23-0bfd-4f46-8195-a9f92d5c96e7,2022,2022-02-10,0d182ffe-13fa-4447-8f00-f38088d0cf05,3b495752-ddf1-47a7-8bdf-2625c4bfcce2,-5,0,4.433563396114508,0.6811818678495163
5bbce367-539b-43e0-8398-5750228deec4,2022,2022-02-10,2a26048e-30fe-47e7-99d9-913f28dea879,743e2828-8a80-4168-9d8a-f8cc1d9b0b9a,8,1,2.6114091830737833,0.6123696586996507
5d5b2cbe-07e7-4405-a3a5-9e4042dbfdc0,2022,2022-02-10,8f73f541-6fb8-4ad2-a1c6-e3eef51e7b64,4090fa15-7788-40ba-95cd-6c5cba85e91a,1,1,7.1732672748321855,0.7995248456962384
5ea0e6ba-54ef-4a39-b850-61b6a5a9c438,2022,2022-02-10,3795d76f-7577-4ea0-8f28-89d16c87f9f0,db040d7f-5499-4400-9069-620c27646ed6,-9,0,-10.877731127060654,0.11434880456620874
6238f22a-4ecf-4b66-b8a0-8276c3e9c81f,2022,2022-02-10,6c96789e-21df-4f43-92b1-8e62705ffc1d,7dd2d410-1958-49f9-8b62-e7cc25e3c647,15,1,21.95118762897419,0.9855635716043839
62a4e8d0-96f2-4160-8c06-68e545548fd3,2022,2022-02-10,7c264f4b-0e3b-448a-a195-c16c164a624b,c73565a9-06c6-4314-b7e1-3659db4cf00c,-3,0,-0.5795442963180872,0.537445171538047
64644233-a7e0-422b-ba39-96050bd9a921,2022,2022-02-10,59a704c5-1934-42cb-8720-83cd7ee9f3fb,af3a149c-e965-41c9-af16-a3dd0322f9a7,13,1,9.32277221419767,0.8534701380629881
6c98e8f9-62cb-4803-9fe9-c32059c22d96,2022,2022-02-10,d34afafa-d43d-432c-98d1-72ab0aa8a823,b1ad6435-1c60-45db-bfd9-c91cb367d66b,38,1,35.61908218866339,0.9897197901354973
6e01b471-1c30-414b-83d8-6548bca4fd15,2022,2022-02-10,0ec0fe2d-cb25-483b-aeb2-0f12af2160c7,f9beb22d-1a30-4dc8-88ac-4737870b7e69,29,1,19.583612928733334,0.9772225935620525
6ecd3cac-f171-4da9-bd17-e36f96a20826,2022,2022-02-10,f05e79bd-96f4-4690-83c5-60a9d4972d05,6915e90a-5d80-4d4f-8d44-0bd316979884,-12,0,-7.320278316560971,0.2714907118955155
70549f00-4fb7-46de-90ea-ed24f95fd41b,2022,2022-02-10,884b1e88-9543-406b-bbef-d24ea9c36092,726e1c94-fb9c-45ee-ad09-5e487744b47a,-11,0,-11.815652337092011,0.12110573461680203
764588b6-c0d2-4491-b8a4-93a3e9b37936,2022,2022-02-10,3b36f988-af5a-4761-a417-f496a2137c3c,94a64c9f-34df-480e-8ac0-1bad98ef2a11,20,1,2.0013411585498697,0.6121926782532174
7778b452-bd86-457c-b037-c626e3c29080,2022,2022-02-10,dfc3b54f-3b20-406f-a673-33061db4e3ba,64820b75-84d5-4b53-8bec-43ee70e03b36,-7,0,1.8680881589340363,0.5373612274201791
77f403e0-e445-4aa4-a0a8-93d4dc96a9b4,2022,2022-02-10,cddd6722-8c88-48b6-853a-6481451c0290,7b9691f0-e940-401d-9e2c-1d4f695fd91a,23,1,0.1834047367583776,0.5704180429299007
8047ff94-b415-496d-adab-e81d3135d5a0,2022,2022-02-10,5bdb2df4-f9a3-4404-a003-948f25c48965,bdb5791e-8da5-4640-82cf-7354e2f02b3e,-1,0,-8.763899498195839,0.2221360535805829
81a33699-add0-4a1e-9856-8a96fd5657fc,2022,2022-02-10,ca910495-28ae-4dcf-a3bb-7b04612490b7,9dc47cce-9b16-420a-971f-5362aaa69dc7,-10,0,-1.5363228866498646,0.4060055774946363
84d6881f-2b40-44ad-93f4-88f78ac12922,2022,2022-02-10,eb341503-aa23-4784-af34-3b14bd72fdd4,14fa05e6-500e-41a6-b7a0-de4b16c4e7cd,-3,0,10.797189519659417,0.8450927969673985
87483072-235d-49b4-9fb9-069040a7323a,2022,2022-02-10,7f9edadc-8c22-4821-8da6-0ba70d59bbbc,5253a75a-17f7-4ea5-b313-743697ebca72,15,1,10.46914199311653,0.830843323390098
8f0371de-6b11-4516-aaca-2b18316c62bf,2022,2022-02-10,6da558cd-823c-46c8-b91b-4a40b474cc87,28ef27aa-2dd0-4469-b521-fdbe9d8c6bd0,-9,0,1.807235855426902,0.5674093617060149
91067c87-7f80-4803-947d-96382c933653,2022,2022-02-10,71a67ffc-6558-40e0-96eb-79527a541007,4d89f528-9a1e-41ca-beb0-98f913c61c2e,-1,0,10.496407666464636,0.8828378910084345
9719a9ba-0d36-4778-87f5-acd98bdb0897,2022,2022-02-10,7187f894-4dce-4524-b538-b66a892cd89a,c6c28fde-56df-41e4-839d-2d6201c8dc27,-11,0,-12.08107972664557,0.08372037137455557
a0629ef8-427e-4aeb-9595-e659aa7767cd,2022,2022-02-10,d5a14f1d-6220-4af8-9b8a-c8a9ae952d5e,b9052e15-66e8-40e6-86ac-a872e5c51fe8,8,1,-2.4015127814170745,0.4180844155555725
a79017cf-82b6-4595-9035-3c2df31b02d9,2022,2022-02-10,8dfdef93-7be0-45db-8281-e58565dd9d85,1fac2552-eeff-489e-85f1-ce8abae4b5d3,21,1,24.56081919551743,0.988502085055351
bdcbfecf-b5e2-49ed-a8d3-0cd5317f8805,2022,2022-02-10,23ad3833-572d-41e9-8cc5-961b2db50d2d,f3d329ca-1b85-47f6-a871-b80851fdc6d7,6,1,-0.9711038977604018,0.5002089213538089
cad6613c-ad2c-4079-94fa-252cce2e0611,2022,2022-02-10,dea85f83-4470-4a0a-934c-553c4722d079,57a961fc-fabe-43a1-bd3f-78858a193715,13,1,6.173259192089348,0.789291080612508
cbf87e4a-68a9-43e0-9e19-96e2aa135ac6,2022,2022-02-10,d67c23cf-71fc-4b63-b6b9-d41c6e172e4b,bf8a4003-12e8-4697-90dc-cf75dfedfeb0,8,1,16.79680366092268,0.9552086497480338
d2e83129-0a0d-4f25-ade6-ac3796f67437,2022,2022-02-10,af6d34e9-4be7-4fc4-b61d-28a000704daa,ded40384-d167-4ba1-93ad-2fbaa4def151,-4,0,1.7460576460717594,0.558717627042616
dcd2dfde-1535-43f1-ad55-6fde11be6d3d,2022,2022-02-10,4e23c371-72f3-4986-a8c1-e7798c5dac70,48b92b41-b7ed-4c2f-b7ef-3e3d4a99fd62,22,1,14.44424462056343,0.9523916448019648
e323cde9-93b6-4c9e-9440-ae8bda63fd72,2022,2022-02-10,212827bd-b2f5-4ca3-a901-403112b8594c,4d587dbe-16e7-4990-a378-a0fc4c2c273f,-13,0,2.6151561853417817,0.6134509594923272
eaa9cf2c-05fc-4693-8d97-70bacfd8e8e2,2022,2022-02-10,fd0a26ff-3454-40f1-b8e8-1f0f6f9523db,f2eab5a0-4f7f-499a-b807-edd4f40d28e6,5,1,6.872982391488579,0.8120666926172384
ead0dd4d-2dfe-4baf-a3eb-67b1176a1aa3,2022,2022-02-10,ce6a2240-48d2-446a-a847-e4ad4367b9fe,31503e00-902d-4881-a3a5-52c5415e0e2b,24,1,-1.1231802288415722,0.43023676195172617
f514d50e-9ddf-43da-bcb0-c9dc5a0bd5c7,2022,2022-02-10,bbdc8c62-dfe4-4e42-9ca9-ff85d375faf9,77d10aad-4300-4849-8c55-f92e900358a4,8,1,-0.569468654370154,0.45985943964084697
fa7d97fc-739f-49ca-98d2-8f7fa8ebffe9,2022,2022-02-10,3ebbd7b5-f0e2-4fd6-870c-58a45d420f53,f5d59c00-1a94-4484-8e5c-c5073ff87ce3,-11,0,-0.6815554025836245,0.4817519476113036
fd07e946-f092-4710-8128-6969f052432a,2022,2022-02-10,afaac3dd-1734-4b48-a2b3-c72d8548f375,5ebd8a2c-2831-4a31-b7bb-6d6e6e1f7ff9,9,1,-1.3286901882566118,0.4894444332433109
fd4452ab-17ec-4643-8efb-10d448d7cd59,2022,2022-02-10,ab8cafeb-02fc-4c83-aa0d-dcc530796fe4,21f47709-f514-49eb-9da9-1f6805407244,3,1,10.519633839482815,0.8698579551604522
0e6eea9c-33b1-4036-aaf3-8f0bb40750c5,2022,2022-02-11,c2652773-7b58-4ba5-9edd-ffa62acbd245,4b6d2ea4-d1ab-46f4-b480-555227d14e55,-9,0,12.072843895293628,0.886316780169592
3b2fdb1a-ccb9-46bb-a04d-942a42b7c4f7,2022,2022-02-11,e5df557b-d16f-479b-b7f6-db85db97e2cf,4204a542-7881-4f83-972a-7567cb51cc3c,6,1,0.0656748579938303,0.48230340544824013
3cfec3fa-5354-4922-b4e3-21bbbd7c79f4,2022,2022-02-11,2335e299-031d-43e6-9ae6-536cc9177f51,e44d72a0-bb34-4a0f-b307-188c3b30e131,-13,0,10.15759718359171,0.8760227856442038
69561ec7-3483-4306-82b6-df655300eb20,2022,2022-02-11,1049e433-d23c-4aa2-8581-4bef2ad0715f,2aba779c-997d-45af-a881-44cc87727a3a,3,1,-7.68089311256374,0.2543779898378273
717d115a-f601-42c6-a734-a3576ff8d38a,2022,2022-02-11,ad5bf26e-a32c-4d5a-b531-f6822b104284,e6d68428-bbd2-4402-b980-d22e5e7957ab,-10,0,-4.859042056006776,0.37407520028463204
7b5ecaea-261b-47a7-96cd-5713d011910e,2022,2022-02-11,aef6cc9a-dcfd-4137-aa03-9926d921f466,91a6fe66-7652-496c-9d91-c9bd2b333b6b,-2,0,2.419961093673647,0.6292367679004905
7b71788c-5784-4ce3-bc7a-7e684506ea69,2022,2022-02-11,d25581ff-ffd9-4c81-a946-e99b1de2c3b6,e51ef676-50a6-460e-81a8-b05cdee80c25,13,1,3.531925973953444,0.6426993435038348
9e86de7c-754c-442c-9039-90167eec5cc2,2022,2022-02-11,cba4f27f-e547-49bf-bbb3-2983917351a2,944226c8-c2af-4571-a853-5bb934c49ae4,15,1,2.8272302682803123,0.6579900604807368
b4d4b850-88e5-446c-a0da-19cb752136d5,2022,2022-02-11,e89766a3-c899-4922-aee4-cfaa2a8fb500,2422cf8a-bacd-4cb0-97f2-244a07c62c78,-9,0,-8.226052992739705,0.2097223315434986
b776f046-d055-4bd2-8b3c-96a1a32e975b,2022,2022-02-11,1552f5fd-a3ac-4947-93d8-08bdf1a77f93,54514b3e-2558-4e69-98f9-b1f97fc17835,6,1,-5.214353942926815,0.3291738586419177
e3c73d62-8910-4e60-88f5-e95b0a969d88,2022,2022-02-11,24dec588-02c3-4c82-9ea6-d467604a8150,16133dd5-c118-4a85-999d-20451d1fe132,-3,0,-6.5638207852698445,0.31018181528338773
03a561af-8a41-4287-b449-dba59073d204,2022,2022-02-12,4090fa15-7788-40ba-95cd-6c5cba85e91a,c6c28fde-56df-41e4-839d-2d6201c8dc27,-4,0,-2.6549366703294597,0.4232361768679559
05c6a8c3-757c-486d-b197-c0e3c91cdd9e,2022,2022-02-12,4e23c371-72f3-4986-a8c1-e7798c5dac70,bf8a4003-12e8-4697-90dc-cf75dfedfeb0,8,1,10.613124792155997,0.8962964010285595
06630a3c-4b66-4b87-b9f5-78f0290de83f,2022,2022-02-12,3943bea0-341e-414f-8f46-b97e08b5f90f,1c994624-ca30-44fc-97cb-9a0aa481ad72,7,1,17.048789961566126,0.9598742153722297
0ab93878-55e7-4798-8212-6f660ec15090,2022,2022-02-12,3ebbd7b5-f0e2-4fd6-870c-58a45d420f53,b773a5ad-3d34-4658-a942-6e2836f04e3b,21,1,8.866221163782319,0.8249982715697153
0b5e4885-5f59-4d8d-81af-340c797e48aa,2022,2022-02-12,f4045f82-f9ab-4d14-867e-496a744ac26e,5953232b-95c2-4915-a150-ed30d3fdc96f,6,1,-0.46988190032754956,0.48293677862770673
0de187c6-7611-4763-b277-821e36ee3be6,2022,2022-02-12,ce6a2240-48d2-446a-a847-e4ad4367b9fe,eb038e9a-e14d-41b3-b26f-804fde52e571,-11,0,3.0642940212569036,0.6029577443755154
0e6c8edf-d1d0-49af-a1e9-2ac78081d192,2022,2022-02-12,ff725b84-1ca5-43ef-be84-cb70a6494dab,43fdfa19-1583-4159-9c0e-1e88e231b35d,-6,0,2.8244440373259034,0.5896983559302822
14d2f059-3f47-4b72-996e-fde6900f992b,2022,2022-02-12,7c264f4b-0e3b-448a-a195-c16c164a624b,82d1bf41-2f1d-44d1-8022-220c263d6525,2,1,11.807065601023652,0.8917330954159071
158f9299-b28d-43a2-9068-1cdd1aa87dc9,2022,2022-02-12,d7c1086d-592e-460b-9f30-684b14d1097f,d77ce32a-30e5-47ce-8841-52447d9fe891,-13,0,-11.94937975322925,0.13559638697715937
15a6fabd-0e68-41d5-bc6d-4f4561e6e085,2022,2022-02-12,5a26bb55-d02d-4957-be27-861e8036f152,1235749c-6be5-439f-872d-e0a85682aef6,9,1,3.2643863420277084,0.6596678794314118
1d6a0ef9-bff6-4fdb-933d-81775c365923,2022,2022-02-12,ae36afe0-850f-4758-99ec-d7deb696d4fe,d2cb99ee-debc-4e8f-93ba-b0ffd42247ea,-15,0,-1.2064483190265272,0.45466945801325476
1eac17ea-6e85-4e9c-b234-8212300139b1,2022,2022-02-12,6bcc781c-aaad-4e10-8214-7a1d0e3f2e6d,77413edc-f997-4807-a4ea-9caf8157da8e,-16,0,-3.5060138997294468,0.37491943634055663
2087a8c8-5c54-4eea-93cb-7c363b997502,2022,2022-02-12,8678425e-730a-4a99-bc7d-7c4282d7e434,db040d7f-5499-4400-9069-620c27646ed6,-18,0,-7.453491207408391,0.2006595115857881
252a9bca-4df2-43ae-9370-4f09363b2bf8,2022,2022-02-12,254cd687-c2d4-4fee-b5d3-c3ce6a9264e0,553733fe-ac6e-4397-9188-b27a01824e73,5,1,3.9689775271120356,0.663147873372512
25f7b687-ff51-477b-a994-e57f4c3ee5b5,2022,2022-02-12,2bdfedb6-38f0-4eb8-baaf-2965a942cb85,ca2c8cbf-6e05-45fe-8697-30f46c2f58b1,-6,0,5.166122707158562,0.7190841648785423
2615eee5-6683-46c2-8a94-1b83da86c585,2022,2022-02-12,bd64a96b-c6bd-4f04-ac87-79bec2f197d8,a5e97c6a-a0e1-49d2-b6bc-8903c39ceaa0,7,1,2.1438766647828458,0.5589423900570093
279a2899-f78d-4257-9d08-4aaabf480ef3,2022,2022-02-12,3411d575-6a72-4b22-885f-e90bac6bdd28,d99c752c-71e0-431a-b0b7-143707bbc110,-12,0,-1.8973379099854422,0.3218822783426964
2de35619-9eae-4fd9-b8c6-cbcece5d6335,2022,2022-02-12,71a67ffc-6558-40e0-96eb-79527a541007,7dd2d410-1958-49f9-8b62-e7cc25e3c647,38,1,25.738380862983153,0.983630058016054
32f353ce-3e2f-4586-b3bd-9ae848861019,2022,2022-02-12,cd9b9678-1f2e-4444-85d3-3269c4b3775a,964b0070-5909-49eb-8fbe-c2de5f48fe0f,-4,0,7.799980837283813,0.7913242463944699
37ba6ad9-9cbd-48a0-a604-892350058213,2022,2022-02-12,9aff8705-aa1a-4181-bda2-9f9544361658,3911d63c-249c-41d9-a29b-df0377e1a054,-22,0,-8.939149004391485,0.2775161730797051
3ae3c3a3-ea70-4b3e-9083-087b9d964626,2022,2022-02-12,28760428-230c-4858-9d2f-0ff8e804da52,be29cc8b-f65a-4ba7-8a0d-40b2a9643422,10,1,2.178686961446991,0.5403932156236995
3d1f63c6-b27a-4b4c-8431-6adc9c3f0a30,2022,2022-02-12,d34afafa-d43d-432c-98d1-72ab0aa8a823,0ec0fe2d-cb25-483b-aeb2-0f12af2160c7,16,1,11.930764700034384,0.8954099454610895
3d6014d8-290a-480c-8e00-ec18b4a70d35,2022,2022-02-12,909caafe-4b74-468c-a1d3-efd53ab80ca9,72261a98-a3e3-4f7c-8188-4faf20af42ad,-6,0,2.196115916064894,0.5609164119748278
4037f46d-ecb8-4653-a9f9-136fa778eac9,2022,2022-02-12,c2c0a075-e16f-4aa1-a838-887ef3ba2106,4184e3dd-c499-4f67-b148-fb0c4342d564,17,1,-4.3801632017804675,0.36825636963623976
407193b0-41f5-4453-8bdb-5afd4b049f0e,2022,2022-02-12,28669a26-792c-4843-ad64-6f16da03d389,ff948b57-cb4b-42da-a899-37fa5c8a6d86,13,1,12.409524510232904,0.8976245863620682
42e66aca-0630-4c3c-ba2a-054bdc9c3a1d,2022,2022-02-12,24f1d79c-4241-4c82-bf09-57a159ce81b3,fb5884a9-f370-48a9-9000-3b1a4f02f0be,-6,0,1.9302999429228282,0.5801014970212206
44871ec5-ba5f-4726-8d12-b4b5f5c7e46e,2022,2022-02-12,dddedca4-47e5-454b-b278-b9f2fec5e78f,89fd2af1-5c8c-4222-8ffd-ce72e55a8579,3,1,-8.94694187186218,0.21171478591023657
4c175776-c4e8-4cd9-b3ea-0317ea7e6058,2022,2022-02-12,0b986199-3ea8-40ba-98dc-8a54b3509609,d13e3f73-7b13-4e91-9249-09f1e11e488e,18,1,11.854804316667721,0.8813421811291193
4d8a6818-bce1-4e03-949d-06894a802e7f,2022,2022-02-12,cd84e158-0ec9-44ce-872b-e44a595a4e37,3795d76f-7577-4ea0-8f28-89d16c87f9f0,14,1,4.273456381748772,0.6973729183976481
4f53e670-90be-4cd4-9b97-2dfcd8e24520,2022,2022-02-12,212827bd-b2f5-4ca3-a901-403112b8594c,f5ff136b-cc0a-4eed-a502-c028afe284bf,7,1,-2.5666310475462923,0.4208824907266741
510ee4d3-3814-4839-8626-99377ddc126b,2022,2022-02-12,6bb1093f-59ab-4de2-9cae-c257b87d56e4,d4de33b3-cd7a-47bd-bc4d-da1381432ffe,6,1,-3.979404447696297,0.36700794050417435
54da72b1-67c3-44c8-93ca-b8d2d97b536f,2022,2022-02-12,0f8a15c4-f4b7-4335-a429-ae233bf4aa41,054be086-7ef6-4006-880c-01ed91db37c3,4,1,6.347372002858106,0.7633944017680976
599cc9ec-d336-41dd-a302-9b908e53169b,2022,2022-02-12,01167cd7-9c6a-4860-904c-78f7c777ba81,e0d91570-7fe4-4dbd-b6ba-f6ce261fd58b,-10,0,15.463283322188705,0.947893901218742
59b44fc4-d4df-4cea-b018-d57368b72729,2022,2022-02-12,14fa05e6-500e-41a6-b7a0-de4b16c4e7cd,e78e20dd-cddd-4b53-b5d6-62aad4ced9ca,-17,0,-3.237690024829317,0.3437936027706093
5c926114-3fa3-48ce-ba74-d9e3e517393c,2022,2022-02-12,188437e6-a8e9-4e63-b58a-4141ffadc80e,97a440d7-b0b9-4fd1-9da8-6460649da714,12,1,10.829181768211468,0.7991274523396756
5d254cab-54c2-446c-91e4-28bfb5f818a2,2022,2022-02-12,9020eea9-bced-4c46-9f85-8bbdff3393c5,03b227c1-5813-4ee2-b7f7-34094db05200,2,1,11.168703384128792,0.8789542448864515
672f80e7-a499-45ed-a3bc-64bdd9512ce9,2022,2022-02-12,6da558cd-823c-46c8-b91b-4a40b474cc87,5984bc3b-7531-473e-8087-c5fa390b08cc,-3,0,9.674555786390764,0.8259788018363436
68c77f99-9a47-4698-b72c-f5ca6bac2193,2022,2022-02-12,421b3b28-ab05-4462-bfc9-644fc7163e24,ead00c79-f9ca-4dc2-9beb-0b236dc32ce5,-1,0,2.7027085872582433,0.6059475106091754
6bf66be5-0ddf-4fe4-924b-17b8431f50ed,2022,2022-02-12,4bc4f625-be38-4da1-919a-c43bedce10b4,00366c32-204f-4176-9a22-20555a1e6363,1,1,1.5125309924299217,0.5779651903189011
6c16e71e-3011-4641-a388-7d44454652b1,2022,2022-02-12,d67c23cf-71fc-4b63-b6b9-d41c6e172e4b,48b92b41-b7ed-4c2f-b7ef-3e3d4a99fd62,26,1,22.75317321152412,0.9877890957765465
6d566345-07a7-446b-8cf4-ee2d47e67582,2022,2022-02-12,2a26048e-30fe-47e7-99d9-913f28dea879,61d9acae-2486-4e53-82ea-60d146622f34,-14,0,8.10494769413175,0.8322453038652253
6e2ea8ae-6a6b-49ab-a195-356f817dcdb9,2022,2022-02-12,cddd6722-8c88-48b6-853a-6481451c0290,2a426bd0-410e-4de3-8d49-d5fc05123454,-24,0,-10.126604176330268,0.14332678833713405
7162b91e-860e-4eca-bf5c-62c09676ee39,2022,2022-02-12,247be024-10cd-4230-8ff4-c8f55dafdf33,f816660e-09e0-4733-96a2-4d878efbff6a,7,1,11.670459697848692,0.865949192559011
740b952b-6ce2-4d72-8437-b6739a3b0e1f,2022,2022-02-12,df8bfbe4-f858-405e-bd5a-04f400d2d7f6,dcf098f0-7fc0-458c-95fe-c6f0743b4274,-8,0,-3.9234730006435576,0.366847742467295
74e3c603-b03f-4dde-982f-e875b0a08471,2022,2022-02-12,99ad5125-6b8a-446a-ad41-7a5f50dcf6b7,fbf897ee-41aa-431f-8ef5-0ea7cbe2a05f,6,1,1.716779667770589,0.520388893930231
77e796df-8d43-49e7-8f11-874cbbdd21d9,2022,2022-02-12,5d7eb8c0-4b09-461b-bbc5-e2a032194a74,d98e9dc5-d3b9-41c1-ac48-5a4945d47713,-14,0,-8.793059495637202,0.1585973837231878
7a880881-4cef-49a4-bde4-90d8e7c4e667,2022,2022-02-12,9400f670-2aa7-4099-aa46-ea9cf4724079,f2eab5a0-4f7f-499a-b807-edd4f40d28e6,-5,0,-0.8860067129885456,0.4807262055576424
7bbb1acf-82d3-4330-916c-9f67b33205ae,2022,2022-02-12,ee925def-24cb-4b43-969b-4fe42d68b72e,3ee1f038-4cc3-46de-8651-23f4bd9a99c3,4,1,-0.8267908373679579,0.43619431077474735
7cbc63b0-6e19-46c3-9b0f-68d040d8d6fe,2022,2022-02-12,e0d5322c-5032-4768-98e5-0b1ffa787a08,59a704c5-1934-42cb-8720-83cd7ee9f3fb,8,1,-6.894112986820159,0.23651987542665523
7e0c9e18-d63a-48d0-aee8-4d558b33590f,2022,2022-02-12,3ae40137-6b36-46a4-99e9-3ea88255660c,95fd11d0-8e48-48f1-b7fc-f03fe1bc8c84,-15,0,-2.0308565780443937,0.480546878940031
7e7adffa-7cfa-4a48-87b6-48354cbd5ee1,2022,2022-02-12,d9411158-02d5-4d70-8862-92cec8bfdc49,eb341503-aa23-4784-af34-3b14bd72fdd4,-15,0,11.409101605666526,0.9172137367441138
7f605d61-5d82-4e64-8c65-b389f381a87f,2022,2022-02-12,f22782cc-03b3-4a0e-a189-8305ebe19b87,743e2828-8a80-4168-9d8a-f8cc1d9b0b9a,-11,0,-7.858545315988179,0.20859235898845843
807fc80f-765a-4a49-88f1-f0366e58e5b0,2022,2022-02-12,b23fd4b9-0101-4a30-a8df-10760e1f4bfd,f8490c90-4ca1-437a-93da-114f5dac0426,-28,0,-8.12499843447391,0.2460488924766895
81d6897f-be80-4bf7-b4fd-d6cb8307d663,2022,2022-02-12,b7898dbc-7198-47fc-8098-496c7867351f,b9052e15-66e8-40e6-86ac-a872e5c51fe8,4,1,-8.734231917830513,0.1907439324463484
8422b6b2-59de-4422-9489-c213d5528d1c,2022,2022-02-12,77d10aad-4300-4849-8c55-f92e900358a4,8f73f541-6fb8-4ad2-a1c6-e3eef51e7b64,-9,0,-9.681641750514888,0.18848702387969293
8696d52a-15a6-4fd0-9323-b272bd78d031,2022,2022-02-12,a30d0067-866c-427d-b6d5-a55b4c986208,9be3dee8-ee3a-44e5-bf8e-c59a500829e6,5,1,9.611240174909236,0.8357308150357906
87168e17-8586-40a1-b7ff-5a443510050f,2022,2022-02-12,61cad1f2-f187-4b2f-8e53-02eb65eae2d1,c73565a9-06c6-4314-b7e1-3659db4cf00c,-11,0,-7.248477562797524,0.2011167474160622
8830a755-0b79-440a-9773-cd2c37d8952e,2022,2022-02-12,8af2e3d8-3a2f-4008-b261-30f11908b768,7b9691f0-e940-401d-9e2c-1d4f695fd91a,-3,0,7.23876864839849,0.8250911329635349
8a31bb9b-9c7e-406d-8725-3fade47384e7,2022,2022-02-12,d5a14f1d-6220-4af8-9b8a-c8a9ae952d5e,4db0015c-fae1-4d5b-8be6-db756062d47c,3,1,10.00525717255165,0.8843282049163056
8e9862cf-4310-4341-9a0d-dcddd77abba0,2022,2022-02-12,f9beb22d-1a30-4dc8-88ac-4737870b7e69,b1ad6435-1c60-45db-bfd9-c91cb367d66b,6,1,4.084022938271313,0.6574845571298833
9063e63f-d0e7-4022-9631-9cb8fa9038fa,2022,2022-02-12,1e2d1b39-91db-4949-af7d-13201eafcef8,51c9ea8f-034d-41b2-8d67-b519b3d48286,-5,0,6.290555622188893,0.7150009205813384
9196ff5d-7083-40c1-bfe1-dbb73f243e88,2022,2022-02-12,add091d3-316a-457b-803e-9b8e145b76e6,9acbe680-5f94-47da-926d-51e1465fc500,2,1,9.662519874419987,0.8311778492027972
9616962f-5eda-423a-ae0b-84e7123a002b,2022,2022-02-12,21282287-1619-4d11-9e25-59855bdd5be6,21f47709-f514-49eb-9da9-1f6805407244,9,1,2.0443115775872354,0.6218120506257617
989ac3b1-c522-47c3-ac5a-095ea663b1e2,2022,2022-02-12,6081d978-c3cf-482e-8374-c40b212242c1,62080182-ef8a-4907-90ca-00df4cec4e3c,21,1,11.765412096892819,0.8701541602813281
9cf7c14b-e507-4671-a965-c299c2cdae13,2022,2022-02-12,8b50b68b-b346-4272-bd86-947d908d937f,b990f4aa-efbd-4625-95a3-376e51ad9f2a,19,1,5.087079651910129,0.6716285133474028
a43edcdc-9778-4058-96d1-0f0e3cdf65e6,2022,2022-02-12,669eb771-4301-4c20-8e17-113d14b6cc8f,9bf29604-a6db-46b0-b81d-92452dc43267,21,1,24.798336017442956,0.9892811491401905
a861c0b5-03cd-4e1f-971c-2856f97a7981,2022,2022-02-12,be639f4e-dcad-4737-8fdc-2740207d65e3,2454a2fb-1f07-489d-8ee9-b4313e7e775b,7,1,11.712177403665386,0.915782941871496
aa1cad6d-75d6-4fdc-ac66-43aeb3f54f4a,2022,2022-02-12,e06f08fc-4ed9-4807-9f8a-7889130e21f6,37d32b57-ae72-4669-9669-a71097de1196,-18,0,0.4189277395482787,0.48848823246919
aae53edf-6ee9-4f77-80a1-554996eb19ca,2022,2022-02-12,1ff4fd9e-2594-47e2-8b06-66ad2ca3fcb6,6b68cf86-676c-4d12-958b-f2b9da02a5a1,6,1,13.010025969185806,0.9315593691461553
acbda208-0796-457e-bdc6-00b638a5bfda,2022,2022-02-12,61476d05-09c4-4500-a588-2847128ed6e8,58041e02-d340-41c3-9f0c-e5e2a5c7a135,-4,0,13.46506984910643,0.9252265127793965
ad0f2b1d-fc33-4844-b0f6-1810ac2b5337,2022,2022-02-12,4d299953-da89-4561-afe6-d0a2222d454e,793f775a-aec3-4741-b86e-4c8e079f74a4,9,1,12.63450240156583,0.9066616692523611
aee66729-d287-4145-9242-5033f3009610,2022,2022-02-12,46716039-e26d-4d19-a17a-35eec7c36cb4,062eb8a6-996c-4619-9ba7-498cdd009dd6,20,1,-0.8015280035811314,0.49767918484321955
b3065655-1389-4f6b-94c7-c6f98422af5a,2022,2022-02-12,61bcde81-66e5-484e-95eb-5f373ff4a7eb,8425fbd0-40c8-4146-a2c2-51ec714ee637,13,1,9.810441144349847,0.9090687009863634
b480493f-a69f-4e50-a43e-8618a1af5f9a,2022,2022-02-12,c14dbd3f-31c2-4647-b19a-e03839f04ad5,2d5a3d36-55d8-4fc7-9050-a067b5a5b3c9,-8,0,-0.8932944458649541,0.4616028970398963
b715a278-79f4-4824-a7e6-75010ccac9ac,2022,2022-02-12,3e7063d6-a6e4-4aa4-8e77-044c9f5fc21a,fe829304-1347-442c-85ad-2139be36330b,3,1,10.212851313419408,0.8619882816823603
b836af69-1e4d-4b6b-9969-f6001253743b,2022,2022-02-12,dea85f83-4470-4a0a-934c-553c4722d079,73339436-3261-4171-9cc8-854b8e176836,-14,0,1.4861317540250605,0.5771340139187109
b971fe09-aaca-4a8f-a1d2-08580781d99e,2022,2022-02-12,bf8f11f7-2ca6-48bb-ab7f-58720df6451f,4a44b6c6-3fc1-427f-bd05-432860f3024d,2,1,-1.2582141354888545,0.46490959539896276
bb92f85f-7a28-4c82-9ed1-572af011cf54,2022,2022-02-12,1e46f177-0551-4da2-8f3f-c683820ed5f9,0724bbd2-14e4-4069-820d-16f4dcda5df5,4,1,11.021347999507313,0.8901882099151154
bce23ada-d785-4b55-aea6-669f618d7929,2022,2022-02-12,c995f51c-df46-4643-9aa1-3830ce760066,b4531112-44f4-44bd-877c-3fca948b51f3,-16,0,-3.9568428826913506,0.38081717560075945
bdf02ce9-b6dd-4955-bd65-164458295b22,2022,2022-02-12,96ccc81f-3016-42f2-98b1-6cbcbf6e8d07,fd736c6d-0d9a-4837-8153-b1f51e776578,-25,0,-13.109485541244165,0.055458862820199684
c6382042-3123-49c5-bfae-0967049a2edf,2022,2022-02-12,0c933bdb-bf23-4a17-ae1a-f28978a95152,5870d352-4930-4235-9c03-7bcded7ae342,-6,0,-7.481627264145922,0.21937766574957931
c68ce7d2-d721-42b8-a8f3-f91c1b745295,2022,2022-02-12,dac65a7f-4511-49a7-9c6d-3f29d22ff86f,f9a723a0-1697-4175-8193-97f2f8906c0f,15,1,1.3000317229851956,0.6187536752249686
c68f3a8e-ba7d-4af7-8939-9cba77abf386,2022,2022-02-12,8d6547d3-5ed7-46e3-9ddd-95756f8adf91,6726544c-ad23-4d1a-adfa-1a94c2e10a96,45,1,9.258797639849481,0.8232990627463841
c78c949b-f510-4595-9db9-f140257f1342,2022,2022-02-12,fc4bf214-f945-46ec-8524-00a3196b7449,4e853367-c5cd-4701-9554-38bf174777a3,6,1,-1.0856271073722532,0.39578911566089425
cb2c905b-8925-4c77-b0e7-ecb14b80cf03,2022,2022-02-12,af6d34e9-4be7-4fc4-b61d-28a000704daa,8ce55fa9-2ea0-427f-85bc-c9e8ceb4d1f0,14,1,11.407374070590622,0.9084001155715908
cb3ff513-b14a-4827-9798-7d89e9a26ef1,2022,2022-02-12,c3603958-de3f-4014-9dd0-d9c4c84dd226,75755c79-6aec-4154-b1f8-2337fd4a06c5,17,1,8.636755338223622,0.8100729794689273
cce8aa44-61f6-4191-a4ff-6a02a801d779,2022,2022-02-12,048ae5f3-c6e9-4937-93fe-ec224e17fea2,1607fc40-d48c-4c58-9fa8-96e3f20a5137,10,1,10.221672353394279,0.8606161295506746
cf07426c-e3ce-4b97-9ac0-fb9cf24ee7a3,2022,2022-02-12,6c96789e-21df-4f43-92b1-8e62705ffc1d,4d89f528-9a1e-41ca-beb0-98f913c61c2e,7,1,9.254696617188904,0.8510823721587525
d13fcd8b-c0e6-4eab-9eec-5d11d3140d28,2022,2022-02-12,78c4f8c4-d04f-47ed-92d3-34e159fec915,697f7fa6-4d64-4abb-8310-9f310c49ad61,20,1,16.14439843044122,0.8924558390876423
d6135b83-876b-4e6f-8b74-e514e4a582cd,2022,2022-02-12,b7b950c6-b603-4afa-afd6-ed15293d3523,3e79582f-0f2d-4ace-86a2-242de87ef6c2,6,1,9.172016618585879,0.8323871760878239
e2c35a57-2a35-4463-a774-c1396fc6cf3d,2022,2022-02-12,43f1428d-b856-4fe8-b864-8728bfdbaffc,5ebd8a2c-2831-4a31-b7bb-6d6e6e1f7ff9,3,1,5.748480834859944,0.7041303629526712
e5591d3a-19ad-4321-b4f3-290970abfa63,2022,2022-02-12,95eeb869-4052-4a70-84dc-8178393a6646,7798adeb-2809-42ca-b509-02c719168825,7,1,-2.521325755949655,0.4572241062256748
e68ba7e3-675f-48f0-9b2a-a71ff37cff4e,2022,2022-02-12,ca910495-28ae-4dcf-a3bb-7b04612490b7,9c70f4e7-acfb-484b-8154-f0fa9365a3a8,4,1,1.335553183749804,0.5990305334720375
e7d4b08d-cd3b-4fd5-ab43-6319fd27d012,2022,2022-02-12,23ad3833-572d-41e9-8cc5-961b2db50d2d,94a64c9f-34df-480e-8ac0-1bad98ef2a11,-4,0,2.4391845200760747,0.6523931866452357
e8c40fb2-d035-42af-a939-b2801cc2fa03,2022,2022-02-12,e9770216-1dda-4db8-bc54-264a782d40b3,57a961fc-fabe-43a1-bd3f-78858a193715,16,1,8.027826068411398,0.8164514767227589
eac57f10-31e5-4659-a841-8bf4a716596f,2022,2022-02-12,644511e8-8569-4c1b-b22e-4bf2710fa9da,0f928622-6fc6-4817-9641-a4366153c8c0,-23,0,-9.909480235048983,0.1107202413751203
ed15da6b-3fb1-4624-957d-c5e9e65a5223,2022,2022-02-12,b31491f2-919b-4ff0-9274-11397e369e22,0efb1176-dc90-4109-b141-5025fc424128,3,1,9.351575066789218,0.8279748451870347
f50702bf-5b55-42ed-9d4f-3eb8f945b73f,2022,2022-02-12,ab8cafeb-02fc-4c83-aa0d-dcc530796fe4,5e661a2a-5f48-4f4e-b78a-4ebc2220c393,2,1,14.340018505687746,0.944687683121321
f57ed745-ea95-4f6a-bbbd-c457b124c90c,2022,2022-02-12,b101bc61-0628-4298-9362-c2e546437032,91d1df49-0521-4008-8e8f-c2098944ce2c,9,1,8.423238187393066,0.8647410327285633
f7b29d8a-b82b-4ce9-9880-ce511a40fd71,2022,2022-02-12,3f62a009-8c84-44c8-9775-4e3959e17edd,1e89fbf7-1862-4050-b61b-f4de4a9ae045,17,1,15.490873413700955,0.9595294225427232
fd6779ca-100e-41d5-b395-a0917fb59600,2022,2022-02-12,29263387-625d-4270-b420-6066c840fbe3,5f19cada-0d6a-4a64-bf90-7be104537c24,4,1,-2.5631981609716625,0.45976552139763305
fda0e768-a6cf-4a22-84a2-9d7ada4c6303,2022,2022-02-12,4b2092bf-f1b2-48c3-8ba6-43f8f5d0ee62,b553e2a3-5933-4adc-b999-6deb896450c3,14,1,15.826248472710741,0.939788664127426
fe220dfc-719c-48b4-a6a1-d087198bf943,2022,2022-02-12,3157f4b6-4b11-46d9-beb5-cef7c68fd1a5,02d8446e-475c-43f7-a829-3e36474bc43f,-26,0,-6.654079539714886,0.23519441018861895
08d26664-563a-4a28-a154-85bbdd70939c,2022,2022-02-13,94d0d44c-b426-4381-9d58-bffb34c097f5,4204a542-7881-4f83-972a-7567cb51cc3c,-3,0,-4.059778816409529,0.34216217148499134
1ba80b3c-330c-494f-9bde-3fec40205906,2022,2022-02-13,a6f2099b-9086-4681-8ffd-c41cc6f1b263,31a85828-d084-442c-9cbf-1f706ab87f57,27,1,9.235671150377863,0.8177767575426856
1d29b125-3fdd-4882-9c65-61d22a47c9bf,2022,2022-02-13,ef3d2fcf-bc17-49a6-84e3-cc117e8fc095,ad5bf26e-a32c-4d5a-b531-f6822b104284,-17,0,4.41951660511186,0.6338003157496438
29e6f754-7b85-41c9-90c2-1c28996ae46d,2022,2022-02-13,cf2375a7-1488-493a-8679-e8112b47cf7d,5ec861d9-4794-4460-b935-73f51f03efc1,-11,0,-6.460354164801259,0.26075514234451685
364d75fa-1010-4fd4-ae99-6e393ab07386,2022,2022-02-13,5eab2011-0416-43e7-bbcc-83c4224297f9,7bb8a634-d969-4ec9-b472-8294b1782684,7,1,10.409961488191003,0.8525255606658223
3a8de97d-2957-4fe9-b6ca-fdce8d1d9faa,2022,2022-02-13,9aed1c9e-7ade-4533-91c5-322e09783a7a,a8f76e24-7f09-4727-b40d-6834e4fc0829,-9,0,8.647700897233449,0.8200396739211292
3bbf962c-fb4b-4af3-b950-ffb31a72011c,2022,2022-02-13,3b36f988-af5a-4761-a417-f496a2137c3c,f3d329ca-1b85-47f6-a871-b80851fdc6d7,-9,0,0.16019557261938466,0.5537193400553941
5959d09c-69a8-4816-9cbb-c6daa47e055b,2022,2022-02-13,1049e433-d23c-4aa2-8581-4bef2ad0715f,e89766a3-c899-4922-aee4-cfaa2a8fb500,10,1,4.471964034515504,0.6814276223891398
622f4d5d-cbc5-4bde-8b33-1617288175d7,2022,2022-02-13,4b6d2ea4-d1ab-46f4-b480-555227d14e55,1552f5fd-a3ac-4947-93d8-08bdf1a77f93,-1,0,2.101214988951102,0.579009749074226
6d851960-69ad-4cb9-aa5f-8d216fa0ed76,2022,2022-02-13,d25581ff-ffd9-4c81-a946-e99b1de2c3b6,24dec588-02c3-4c82-9ea6-d467604a8150,-5,0,6.127359135089472,0.7648453607329136
6e54787f-42f1-41ca-ae2b-06b4e48e86bf,2022,2022-02-13,16133dd5-c118-4a85-999d-20451d1fe132,e51ef676-50a6-460e-81a8-b05cdee80c25,16,1,7.029248782362718,0.7790592727383848
88dbb3b2-e749-4172-af54-093607d15924,2022,2022-02-13,98555e7f-2f58-4896-b98e-4edcece8a333,86391a21-965e-44e8-819b-837cac02859b,23,1,17.676940037042584,0.9543305999493195
9c83802d-90ed-4259-b7d2-ba16eb598306,2022,2022-02-13,54514b3e-2558-4e69-98f9-b1f97fc17835,e6d68428-bbd2-4402-b980-d22e5e7957ab,8,1,4.580079643038065,0.7735710587541859
9fd372c0-229e-47a6-83c2-2a070056e972,2022,2022-02-13,2aba779c-997d-45af-a881-44cc87727a3a,2422cf8a-bacd-4cb0-97f2-244a07c62c78,-4,0,2.5593171626481945,0.6304371963079771
c474fd72-b992-485f-a5b8-a10cae0f6654,2022,2022-02-13,5253a75a-17f7-4ea5-b313-743697ebca72,8dfdef93-7be0-45db-8281-e58565dd9d85,9,1,-5.473100977634888,0.25703294677107036
d3b1e3c4-4821-404f-98e3-2aecb3493b59,2022,2022-02-13,7f9edadc-8c22-4821-8da6-0ba70d59bbbc,0d182ffe-13fa-4447-8f00-f38088d0cf05,15,1,10.363024058869973,0.7852726921751884
f1ddea13-c690-40f2-87d2-817bb5d845c0,2022,2022-02-13,31503e00-902d-4881-a3a5-52c5415e0e2b,1b846bd7-47c9-4bf6-ab08-e44d968a34f8,1,1,12.29365228752591,0.9425354013090642
0ff12712-d7f7-4384-89f0-7e97b5ca6342,2022,2022-02-14,72261a98-a3e3-4f7c-8188-4faf20af42ad,77b07047-6507-4cf4-85a5-4c69fc0c453f,-6,0,2.617842502654123,0.5882062736584831
2757ebef-7900-471b-a62c-b7e0bcda3096,2022,2022-02-14,95eeb869-4052-4a70-84dc-8178393a6646,c5a3e484-778a-41ce-abc4-7ff9ec51ca4a,-6,0,-7.103276292712129,0.262696328810473
2a04443b-225c-40c1-a7b5-f75d4dadbeae,2022,2022-02-14,2a26048e-30fe-47e7-99d9-913f28dea879,8af2e3d8-3a2f-4008-b261-30f11908b768,3,1,-0.004493488150103306,0.5012190528374645
2c8da239-fea7-405b-ad58-4a7951b4698f,2022,2022-02-14,cd9b9678-1f2e-4444-85d3-3269c4b3775a,909caafe-4b74-468c-a1d3-efd53ab80ca9,9,1,6.206501298426356,0.7289153621646823
3392505f-7e24-493c-9cad-08138d2eb64c,2022,2022-02-14,d98e9dc5-d3b9-41c1-ac48-5a4945d47713,5d7eb8c0-4b09-461b-bbc5-e2a032194a74,11,1,13.12064090300929,0.9133506034252198
39f03854-4b4e-41e8-a10d-d27394e37717,2022,2022-02-14,b4531112-44f4-44bd-877c-3fca948b51f3,8e9f9414-bd72-45a6-8896-59f1453666d6,1,1,-12.7184030692508,0.12078581372878182
3b6d658c-8520-4f83-b295-44eba20e07a5,2022,2022-02-14,2f31c6b5-2b36-4408-8c1b-2f6b39b97e96,062eb8a6-996c-4619-9ba7-498cdd009dd6,7,1,-1.755253067588228,0.44880468075854324
40e8f6db-6435-4475-85b7-36438a00c4ba,2022,2022-02-14,1fac2552-eeff-489e-85f1-ce8abae4b5d3,5870d352-4930-4235-9c03-7bcded7ae342,-10,0,-11.142978423592975,0.10411734449658017
466f40ab-f0b9-45c2-930c-841e8dd5f840,2022,2022-02-14,add091d3-316a-457b-803e-9b8e145b76e6,51c9ea8f-034d-41b2-8d67-b519b3d48286,5,1,4.333346389325729,0.7520883231922318
481d0114-65e1-4b83-a56c-8b34ccce0ff1,2022,2022-02-14,77917ea7-df52-4378-9975-57dbd680815e,1393366c-684f-4fdd-bd85-9fabb1307aef,-3,0,7.574996597672195,0.7666174007542543
55eeab40-0f83-41fd-889a-d5357c413dad,2022,2022-02-14,188437e6-a8e9-4e63-b58a-4141ffadc80e,048ae5f3-c6e9-4937-93fe-ec224e17fea2,9,1,6.616868061451618,0.73210782774483
6601be29-49bf-4edf-b9b7-c7b1c4b500d6,2022,2022-02-14,c3d3f21f-51d8-4ae4-9285-7209d1d97802,3ee1f038-4cc3-46de-8651-23f4bd9a99c3,12,1,8.20874910160774,0.7862493770400839
6eca76fe-514b-4000-aad1-516a5288a39e,2022,2022-02-14,bd64a96b-c6bd-4f04-ac87-79bec2f197d8,0efb1176-dc90-4109-b141-5025fc424128,1,1,7.982993902598696,0.7790523611219098
71913c1c-99c6-40f4-9f8a-32f12a314586,2022,2022-02-14,4d89f528-9a1e-41ca-beb0-98f913c61c2e,7dd2d410-1958-49f9-8b62-e7cc25e3c647,3,1,15.597679217186608,0.94945236162113
858112b3-0c61-4b3d-9c84-7773ad249c52,2022,2022-02-14,f816660e-09e0-4733-96a2-4d878efbff6a,61bcde81-66e5-484e-95eb-5f373ff4a7eb,-6,0,-0.4247776997727923,0.4143152216732631
88bb8c60-abdf-4126-8259-295bd4b50d8c,2022,2022-02-14,b31491f2-919b-4ff0-9274-11397e369e22,a5e97c6a-a0e1-49d2-b6bc-8903c39ceaa0,-12,0,2.9852303588780376,0.6646225931896886
9ac83277-fb6b-40b3-80a6-e836a27fcf69,2022,2022-02-14,99ad5125-6b8a-446a-ad41-7a5f50dcf6b7,8ce55fa9-2ea0-427f-85bc-c9e8ceb4d1f0,7,1,14.67612156154204,0.9517853111769503
9e781780-ac21-4909-a023-91dea1553f57,2022,2022-02-14,9020eea9-bced-4c46-9f85-8bbdff3393c5,b32dbb42-380c-448c-b510-ee949569ffd4,14,1,12.399077431716844,0.9278459192187645
a3181aaf-aa8a-4e81-bcad-e1123f8cc280,2022,2022-02-14,46716039-e26d-4d19-a17a-35eec7c36cb4,c01c9fdb-95d5-43c7-b905-8bf714226631,4,1,5.512964733186493,0.7163187802780736
a5f534a2-0bab-468f-b999-3984beb6a9b3,2022,2022-02-14,bbdc8c62-dfe4-4e42-9ca9-ff85d375faf9,884b1e88-9543-406b-bbef-d24ea9c36092,8,1,13.041018506824315,0.9262056871989301
a7d20e97-b615-4228-8ca3-4d13ca90a503,2022,2022-02-14,43fdfa19-1583-4159-9c0e-1e88e231b35d,8de64d3a-4bae-4d2a-a4d2-15ec6583f6aa,5,1,3.087506948596504,0.6513988394454859
b8a9061c-c334-454e-9301-3705586838dc,2022,2022-02-14,1e2d1b39-91db-4949-af7d-13201eafcef8,9acbe680-5f94-47da-926d-51e1465fc500,-14,0,5.7925931952492675,0.7619963567286109
be962901-a4ed-49bb-93ef-bcae2fa82535,2022,2022-02-14,92249853-0b54-4944-8955-34bc02003e54,02d8446e-475c-43f7-a829-3e36474bc43f,5,1,2.210260405385424,0.6435640104124899
c6c113da-11fe-4e7a-9911-198121a79270,2022,2022-02-14,8425fbd0-40c8-4146-a2c2-51ec714ee637,247be024-10cd-4230-8ff4-c8f55dafdf33,-3,0,-9.2603581976082,0.23687356615864272
d37f1e88-b235-4241-95cf-a978e28c1047,2022,2022-02-14,6c96789e-21df-4f43-92b1-8e62705ffc1d,71a67ffc-6558-40e0-96eb-79527a541007,4,1,3.5056129451467632,0.7100721092947091
df6f73a9-35c1-4bcf-a2e2-3c9fcab8b620,2022,2022-02-14,dcf098f0-7fc0-458c-95fe-c6f0743b4274,964b0070-5909-49eb-8fbe-c2de5f48fe0f,8,1,15.263715872997055,0.9490068375697827
e2758b51-2d3f-47e0-ad3a-d2f700289c1f,2022,2022-02-14,7798adeb-2809-42ca-b509-02c719168825,f1501573-e854-43f7-9346-e94fa60ac4b7,11,1,14.49174693978261,0.9170672880552174
e406fd65-c906-458e-be18-797c7e71e3ae,2022,2022-02-14,ee925def-24cb-4b43-969b-4fe42d68b72e,a270ed0b-d820-42d4-8101-f2bf9e25042c,20,1,3.286526829609,0.6118343018409702
e5a85ab8-2d99-4326-9bdb-df5f1a299418,2022,2022-02-14,fbf897ee-41aa-431f-8ef5-0ea7cbe2a05f,e9770216-1dda-4db8-bc54-264a782d40b3,4,1,4.04627383556926,0.6520213026053292
f4257ad8-5de5-4e5d-bc2b-e7d21618a34d,2022,2022-02-14,dea85f83-4470-4a0a-934c-553c4722d079,af6d34e9-4be7-4fc4-b61d-28a000704daa,21,1,7.8230856475210055,0.8040774044827425
f4abbb88-188c-43c3-8590-7456265eb796,2022,2022-02-14,d84d7188-0176-4937-80ec-d83ae93a1912,f04a9115-7f6e-45d4-8590-4934a791ebb3,9,1,7.227530024722887,0.8148628070506228
0cd7313d-f8c2-4f75-af6e-7a0bca19a30b,2022,2022-02-15,eb038e9a-e14d-41b3-b26f-804fde52e571,6bb1093f-59ab-4de2-9cae-c257b87d56e4,25,1,11.766991588494056,0.9030605080244661
17a3306d-ac54-4c50-8420-466c2c8ca9b1,2022,2022-02-15,42f97a12-c358-47bc-8b1c-e20878be4a05,5f19cada-0d6a-4a64-bf90-7be104537c24,3,1,-6.226643522723343,0.38433493504738875
20635c58-a611-46e2-a298-56c88b737306,2022,2022-02-15,a50b7fa2-326f-4ab1-8bd2-b0bbf4f26d23,3911d63c-249c-41d9-a29b-df0377e1a054,9,1,-5.608219292278248,0.3626602618927783
22856593-e8ab-479f-8193-12fa11c1b103,2022,2022-02-15,0c1c2a64-13fd-4f6b-b1b1-2f9290dc2295,5bb511d7-5a12-40d8-83d2-8be20bfc33d4,2,1,10.367600150875905,0.8561006045956331
27be5840-9c26-409f-8b90-a75660437e08,2022,2022-02-15,cabf7c08-20a5-4c33-9660-d2b3f25d04b0,d2cb99ee-debc-4e8f-93ba-b0ffd42247ea,-5,0,-2.3330930817267492,0.39619171607088005
2b6671da-1933-4552-9636-0fe18e7ae149,2022,2022-02-15,9fb581b3-9267-4861-a01b-51b7e751ca68,2335e299-031d-43e6-9ae6-536cc9177f51,19,1,4.9573978398896115,0.7475068400065804
30478239-79be-4a4b-bc9e-a350ba54dacf,2022,2022-02-15,c2652773-7b58-4ba5-9edd-ffa62acbd245,54514b3e-2558-4e69-98f9-b1f97fc17835,-9,0,4.2140921980329065,0.6094927633497502
3eb2197a-b94e-4fe3-8390-8422b25aa6e2,2022,2022-02-15,4d299953-da89-4561-afe6-d0a2222d454e,6081d978-c3cf-482e-8374-c40b212242c1,13,1,4.714490783342954,0.6997033128613682
3ee7bc17-c11d-4060-a017-77ca7f1f98c7,2022,2022-02-15,f8490c90-4ca1-437a-93da-114f5dac0426,91a6fe66-7652-496c-9d91-c9bd2b333b6b,-13,0,2.714556315450429,0.6332616308088154
45883d36-adb4-4a35-9dac-8b4533c77b08,2022,2022-02-15,1607fc40-d48c-4c58-9fa8-96e3f20a5137,a313a13e-7ac3-4c73-8872-6d424a253480,-15,0,0.9519063331269467,0.5359240672638584
46c9dc7f-1e13-43e6-a1f1-1f3c049b3d8f,2022,2022-02-15,5953232b-95c2-4915-a150-ed30d3fdc96f,d99c752c-71e0-431a-b0b7-143707bbc110,-3,0,5.774920429558262,0.7309470008238369
56ac5e47-3d4d-4567-9b28-4ba1be6ea40d,2022,2022-02-15,3e79582f-0f2d-4ace-86a2-242de87ef6c2,b23fd4b9-0101-4a30-a8df-10760e1f4bfd,-6,0,3.9530194781000265,0.5908847678031963
59774311-c34e-441c-9005-697f61ae95e2,2022,2022-02-15,fe829304-1347-442c-85ad-2139be36330b,fc4bf214-f945-46ec-8524-00a3196b7449,-2,0,3.593261683710972,0.6822181664855302
647e0b1f-1f18-464d-be70-7cf5b63a03de,2022,2022-02-15,3e7063d6-a6e4-4aa4-8e77-044c9f5fc21a,1ff4fd9e-2594-47e2-8b06-66ad2ca3fcb6,-5,0,-4.558904127266917,0.38038483451323263
768eb3d6-a618-4f68-b697-6f845eace0e9,2022,2022-02-15,03b227c1-5813-4ee2-b7f7-34094db05200,75755c79-6aec-4154-b1f8-2337fd4a06c5,-2,0,1.1934107167465104,0.5012247188201739
7f14afb9-6ecf-4b4a-8c9f-1d2a8a68a877,2022,2022-02-15,3795d76f-7577-4ea0-8f28-89d16c87f9f0,8678425e-730a-4a99-bc7d-7c4282d7e434,-5,0,1.7536951479283849,0.6142651973824133
82fc10a5-ee1d-4ff0-8877-fbf5085f52af,2022,2022-02-15,d4de33b3-cd7a-47bd-bc4d-da1381432ffe,dac65a7f-4511-49a7-9c6d-3f29d22ff86f,4,1,2.9028396047845693,0.5715055931953682
8420caac-74df-4c37-9bf6-b5400cf36d6d,2022,2022-02-15,0b986199-3ea8-40ba-98dc-8a54b3509609,af1bfe66-a343-4c46-94f8-4c670ce2c8d7,9,1,13.351027759098603,0.9221712070801661
85049313-660f-40d4-835a-28cf0578e143,2022,2022-02-15,db040d7f-5499-4400-9069-620c27646ed6,371a2930-c5a4-405a-bb44-9f22b55ca81a,13,1,10.229506436820119,0.8539512587736663
9ba061c2-a535-4de7-a036-d2c147bedad7,2022,2022-02-15,ff948b57-cb4b-42da-a899-37fa5c8a6d86,ff725b84-1ca5-43ef-be84-cb70a6494dab,-3,0,1.602272007436623,0.6047325530731338
a6668dcb-06d1-4d39-a4b3-6d8d439e65e3,2022,2022-02-15,e44d72a0-bb34-4a0f-b307-188c3b30e131,9aff8705-aa1a-4181-bda2-9f9544361658,9,1,9.436837987299272,0.8268310816593121
b667ea98-11bc-4174-803f-d1128237f36f,2022,2022-02-15,f5ff136b-cc0a-4eed-a502-c028afe284bf,eb341503-aa23-4784-af34-3b14bd72fdd4,-7,0,-0.40094267978909554,0.443060476832345
b9494cf0-0346-41a2-9555-a09ece410e47,2022,2022-02-15,f4045f82-f9ab-4d14-867e-496a744ac26e,00366c32-204f-4176-9a22-20555a1e6363,-19,0,-8.470921182772758,0.2528105721862841
d543891c-49db-4e22-949b-a9652e55912f,2022,2022-02-15,3943bea0-341e-414f-8f46-b97e08b5f90f,5a26bb55-d02d-4957-be27-861e8036f152,8,1,0.34636252379760035,0.49296377803191976
d699ce62-8156-4f14-b687-4faf4174dfb7,2022,2022-02-15,1bd5203f-23cd-4c96-8b8e-fae5ddfbe69d,31a85828-d084-442c-9cbf-1f706ab87f57,-2,0,-3.046208259106505,0.3989162610011149
d7e3ee3a-e882-425b-b2e1-77fa0fe0376b,2022,2022-02-15,697f7fa6-4d64-4abb-8310-9f310c49ad61,3ae40137-6b36-46a4-99e9-3ea88255660c,1,1,-5.21075879231772,0.3049061512385022
dc1826ff-a68d-4bd2-aed1-40ed0cf50945,2022,2022-02-15,e31be871-e6af-43f9-9cf9-865a275b7e6f,62080182-ef8a-4907-90ca-00df4cec4e3c,1,1,4.325708433451867,0.6794251966945178
deba7f4f-8ff2-4911-8e4f-9467abd4e9c6,2022,2022-02-15,92665c8e-76f8-4e29-a164-ffd7c8890a33,b7b950c6-b603-4afa-afd6-ed15293d3523,-27,0,-5.462060647183192,0.31823554456984354
e1ab910c-db99-429f-9fe0-924b9d3bcccf,2022,2022-02-15,ded40384-d167-4ba1-93ad-2fbaa4def151,73339436-3261-4171-9cc8-854b8e176836,-33,0,-3.1971577415860657,0.3940390249920858
e549af1c-b7d9-4bdb-a8e0-25fd17bed7f1,2022,2022-02-15,f9a723a0-1697-4175-8193-97f2f8906c0f,f621591e-18ed-471c-92f8-2c4d4c00bb75,-5,0,8.004469862254842,0.7812196251515964
e7d376b5-a575-4419-bbfd-44b7543b4b9b,2022,2022-02-15,59a704c5-1934-42cb-8720-83cd7ee9f3fb,e06f08fc-4ed9-4807-9f8a-7889130e21f6,4,1,8.93543111988189,0.8220820733274735
ec2db89f-5535-49f5-af37-5b78892bcc01,2022,2022-02-15,f22782cc-03b3-4a0e-a189-8305ebe19b87,a30d0067-866c-427d-b6d5-a55b4c986208,-26,0,-6.611623644864659,0.24313624993481756
f152b77e-2917-46ab-b82c-8145a7bba72e,2022,2022-02-15,cd84e158-0ec9-44ce-872b-e44a595a4e37,aef6cc9a-dcfd-4137-aa03-9926d921f466,4,1,-7.787768132131196,0.21697571972611734
f4b79865-7a3b-4113-bc28-57b3eb35f228,2022,2022-02-15,0724bbd2-14e4-4069-820d-16f4dcda5df5,b101bc61-0628-4298-9362-c2e546437032,-19,0,-7.570910645660636,0.1940552301679792
03d26a73-1fbe-4687-84a5-a6d636711404,2022,2022-02-16,bdcaae22-ba48-4546-82af-ca21a229c276,e40486af-12fa-47cc-93aa-4b196b7f5bbc,-7,0,-5.980414798296607,0.28603655588018795
0c5c7132-17e2-4365-a2bf-3c178bdf84f5,2022,2022-02-16,944226c8-c2af-4571-a853-5bb934c49ae4,5018dfc0-8279-4a3e-b376-b7606f612a00,-3,0,8.859919909486747,0.7818088784159252
142fe6b4-65b9-423a-9b18-a037817e966e,2022,2022-02-16,28760428-230c-4858-9d2f-0ff8e804da52,01167cd7-9c6a-4860-904c-78f7c777ba81,-11,0,-7.8712152699524705,0.20074111301766442
2fc6222b-7cf2-4008-88d9-d7f93b7a6236,2022,2022-02-16,b0fa4996-a909-4fd7-ba9e-8f180716f7f3,5eab2011-0416-43e7-bbcc-83c4224297f9,11,1,-1.7104715985530783,0.4930036185628777
3b1c4aff-3c3d-43c6-9fd2-fe22be6f9107,2022,2022-02-16,4204a542-7881-4f83-972a-7567cb51cc3c,6b68cf86-676c-4d12-958b-f2b9da02a5a1,5,1,8.299385294477736,0.8429146918898273
3b6deae3-27a6-4b66-ab27-8b37b1e71002,2022,2022-02-16,4bc4f625-be38-4da1-919a-c43bedce10b4,d84fbf05-f799-486b-956e-f0500927e1d0,5,1,4.321950377956542,0.6807619741661508
6b9a9279-5cc4-4f66-b7bb-619b48310a79,2022,2022-02-16,2454a2fb-1f07-489d-8ee9-b4313e7e775b,29263387-625d-4270-b420-6066c840fbe3,-22,0,-7.208358684336038,0.25811795686045924
6f9c8c0f-fb2a-4d6e-bca9-f3275c4ff2d4,2022,2022-02-16,fb5884a9-f370-48a9-9000-3b1a4f02f0be,37d32b57-ae72-4669-9669-a71097de1196,4,1,3.7634719287858927,0.707409438311067
7182d1e3-6377-4182-8012-cc4ab2c211a0,2022,2022-02-16,94a64c9f-34df-480e-8ac0-1bad98ef2a11,81c35070-ad3d-45bd-8fcc-5a8c73a46ba3,-7,0,-4.278255813714049,0.3195546389025766
71e6d42e-27ef-422a-a1c2-e9f26fc62d45,2022,2022-02-16,68215498-0684-4009-a2fc-93fa21109838,4090fa15-7788-40ba-95cd-6c5cba85e91a,-8,0,-7.291807478634435,0.2423996190668924
78808407-cd5d-43ce-9e1d-7e5b6c491c41,2022,2022-02-16,be29cc8b-f65a-4ba7-8a0d-40b2a9643422,8ab33314-bb5c-4e60-b515-3564c813ae0b,4,1,8.603224609192793,0.7276638091539321
7f52b52a-bb53-4431-955d-7ee34fea60fe,2022,2022-02-16,24f1d79c-4241-4c82-bf09-57a159ce81b3,e0d5322c-5032-4768-98e5-0b1ffa787a08,11,1,3.46472455655149,0.6815457209234037
8140648a-1269-4c88-932c-b5a1fc8211be,2022,2022-02-16,be639f4e-dcad-4737-8fdc-2740207d65e3,87cec0de-4d93-4ed3-9ac3-deac97be5eba,6,1,5.426437618191856,0.7482479008389564
85e771be-088d-4f43-b3ed-8fc370f33ae9,2022,2022-02-16,c995f51c-df46-4643-9aa1-3830ce760066,c2c0a075-e16f-4aa1-a838-887ef3ba2106,4,1,-4.226063422573057,0.35126696349134606
88308435-5b48-4501-94eb-54dca3087e81,2022,2022-02-16,72261a98-a3e3-4f7c-8188-4faf20af42ad,d1893fac-c32c-416c-9aed-0d6c61ad0935,-13,0,-5.86788009044878,0.2646478608282804
8b79b7c5-952f-4c16-928c-9f289616ebd7,2022,2022-02-16,964b0070-5909-49eb-8fbe-c2de5f48fe0f,df8bfbe4-f858-405e-bd5a-04f400d2d7f6,9,1,-3.7537057843535653,0.3707977106634592
8df5e042-bc8d-4fba-80c5-d79b08c3eba3,2022,2022-02-16,cc1716b8-24e4-49d7-8778-964affd58954,3411d575-6a72-4b22-885f-e90bac6bdd28,19,1,16.183509833708424,0.9609142261029338
98b77c94-447c-4b1d-922b-231c1386ed17,2022,2022-02-16,7bb8a634-d969-4ec9-b472-8294b1782684,31503e00-902d-4881-a3a5-52c5415e0e2b,-6,0,-9.220546684780345,0.1929798947597032
a11fccb4-c832-45c7-b07f-eebf6a6dae6a,2022,2022-02-16,46716039-e26d-4d19-a17a-35eec7c36cb4,ad5bf26e-a32c-4d5a-b531-f6822b104284,-7,0,6.818462989633136,0.7087338258515238
a4f03c06-4bbf-453e-9ebc-1372c910c790,2022,2022-02-16,56c81362-1bcd-418d-831b-74b9b0c4a563,dcf098f0-7fc0-458c-95fe-c6f0743b4274,-10,0,-8.571469873343956,0.20436763144608672
ae7b7f90-b61d-4eb6-8a7b-d2cba79a24b7,2022,2022-02-16,1235749c-6be5-439f-872d-e0a85682aef6,1c994624-ca30-44fc-97cb-9a0aa481ad72,22,1,21.245725811345416,0.9815085280190713
b119016f-3a4c-42d7-a415-854ab0e6511d,2022,2022-02-16,0a370edb-2194-4979-ad23-d796fb97dfb3,2bdfedb6-38f0-4eb8-baaf-2965a942cb85,-18,0,-10.766271973855925,0.13810250102054383
b966b429-a13c-45e2-bc2a-1d392a525fbc,2022,2022-02-16,4a44b6c6-3fc1-427f-bd05-432860f3024d,ae36afe0-850f-4758-99ec-d7deb696d4fe,-5,0,-0.6374535837348295,0.5109993510222685
ba867e60-9d5f-4e5d-b883-e2efb72f3632,2022,2022-02-16,28669a26-792c-4843-ad64-6f16da03d389,c3603958-de3f-4014-9dd0-d9c4c84dd226,10,1,2.897017007690686,0.6339988742037773
bc8f2b37-8c7c-4017-aae4-2cb6468b2222,2022,2022-02-16,a8d4a467-9623-470f-9ec3-c15afb497e8e,d7c1086d-592e-460b-9f30-684b14d1097f,17,1,18.2377335975524,0.9747898251677904
c36e10d0-0efc-4fb9-afc1-2797aa5dfb47,2022,2022-02-16,d13e3f73-7b13-4e91-9249-09f1e11e488e,a6f2099b-9086-4681-8ffd-c41cc6f1b263,-2,0,-10.124124450727345,0.187066381098529
cf872386-a153-48da-9026-9afda9490f2c,2022,2022-02-16,b4531112-44f4-44bd-877c-3fca948b51f3,cf2375a7-1488-493a-8679-e8112b47cf7d,10,1,11.474130093857513,0.8849073724204398
d3585162-427b-417a-8ff7-39f42c9a6ac4,2022,2022-02-16,4e853367-c5cd-4701-9554-38bf174777a3,5d7eb8c0-4b09-461b-bbc5-e2a032194a74,11,1,9.84592080428158,0.8822907464421514
e0ecfa9d-b49a-4c14-b4ae-c355c714648c,2022,2022-02-16,4184e3dd-c499-4f67-b148-fb0c4342d564,5ec861d9-4794-4460-b935-73f51f03efc1,11,1,6.986363302595946,0.7443938239785715
ebdaccbc-577a-47b5-91f0-46334caa481b,2022,2022-02-16,e5df557b-d16f-479b-b7f6-db85db97e2cf,94d0d44c-b426-4381-9d58-bffb34c097f5,-13,0,5.924935257530391,0.7167077309137242
ee8fde95-f100-48a1-b8bc-5f724edfef2c,2022,2022-02-16,1e89fbf7-1862-4050-b61b-f4de4a9ae045,4bd089fa-104e-4a99-a39a-1af78fc3e611,-19,0,-7.782886733413292,0.20972674004685024
fee4612a-883b-49f3-a212-07dfb006f153,2022,2022-02-16,af3a149c-e965-41c9-af16-a3dd0322f9a7,054be086-7ef6-4006-880c-01ed91db37c3,5,1,-0.812206461977942,0.46708831479489044
13a17370-b54d-42d8-a87e-bbe7abe28420,2022,2022-02-17,a8f76e24-7f09-4727-b40d-6834e4fc0829,5253a75a-17f7-4ea5-b313-743697ebca72,4,1,-2.1687005312008196,0.5026375454671722
13b2585a-90e7-43a8-a352-c20f0b5151f7,2022,2022-02-17,2bf13d1a-4738-4039-9d08-49f17859d4eb,d84d7188-0176-4937-80ec-d83ae93a1912,18,1,15.265019655308265,0.9577758437294989
176bf430-2e43-4a24-bffa-759b76bc7528,2022,2022-02-17,98555e7f-2f58-4896-b98e-4edcece8a333,ce6a2240-48d2-446a-a847-e4ad4367b9fe,-5,0,9.27202402447992,0.7965546714833255
19a202e8-6dbd-4619-a1f9-defde9d69780,2022,2022-02-17,5bdb2df4-f9a3-4404-a003-948f25c48965,6bcc781c-aaad-4e10-8214-7a1d0e3f2e6d,-4,0,-7.236326809594933,0.2836869623818031
1ed2c63c-506b-46f4-9a47-515d8256bd29,2022,2022-02-17,9aff8705-aa1a-4181-bda2-9f9544361658,e44d72a0-bb34-4a0f-b307-188c3b30e131,-30,0,-3.4392731005002415,0.31990712208973604
2422d793-aeef-4507-8f3c-9260cf307cd1,2022,2022-02-17,f5ff136b-cc0a-4eed-a502-c028afe284bf,d9411158-02d5-4d70-8862-92cec8bfdc49,-9,0,-11.361270406720866,0.0957017540567749
27617b84-472e-4147-9d6f-a2ef05259cac,2022,2022-02-17,5984bc3b-7531-473e-8087-c5fa390b08cc,58041e02-d340-41c3-9f0c-e5e2a5c7a135,15,1,11.833554919087707,0.8248976883904372
2d30e29a-8ae2-4b59-812e-95a5d1b39afa,2022,2022-02-17,726e1c94-fb9c-45ee-ad09-5e487744b47a,77d10aad-4300-4849-8c55-f92e900358a4,4,1,1.8943871277522832,0.5584879092050012
2dfcae8e-c14e-4441-b53b-02f65a5b11ee,2022,2022-02-17,5e8f405a-2ee1-4230-95ea-420666557eed,61476d05-09c4-4500-a588-2847128ed6e8,-6,0,8.694893555744585,0.7934900282823847
2e11d463-4a09-4a79-9bfa-e4132a4a3cb7,2022,2022-02-17,c6c28fde-56df-41e4-839d-2d6201c8dc27,bbdc8c62-dfe4-4e42-9ca9-ff85d375faf9,35,1,20.146028523165093,0.978880607317514
32d60bb6-dfdf-4bb5-849a-4e10fb0b470c,2022,2022-02-17,f5d59c00-1a94-4484-8e5c-c5073ff87ce3,b773a5ad-3d34-4658-a942-6e2836f04e3b,16,1,12.337645414477807,0.9091732645053372
3d6e4fdc-a595-4ed7-823a-b357439b216a,2022,2022-02-17,4db0015c-fae1-4d5b-8be6-db756062d47c,92249853-0b54-4944-8955-34bc02003e54,3,1,-8.324325118150034,0.2651747534012659
44bb2eed-efc5-42d1-8801-fb4fde637e71,2022,2022-02-17,ec2fc7a9-a3eb-4e36-9404-f156e2f997f5,f05e79bd-96f4-4690-83c5-60a9d4972d05,10,1,15.284252542960374,0.9343646289327763
45496017-a6da-4cf0-a5da-e9b078cbda70,2022,2022-02-17,2678c438-d23d-4ec0-8105-ab3f1c748aaf,14fa05e6-500e-41a6-b7a0-de4b16c4e7cd,14,1,12.40787941933793,0.8755346221935731
46aaf2fb-e1f5-4188-9c9d-69ad44bf6127,2022,2022-02-17,2d5a3d36-55d8-4fc7-9050-a067b5a5b3c9,61cad1f2-f187-4b2f-8e53-02eb65eae2d1,21,1,7.539033471128249,0.7843011573694366
4a3252a5-1b87-44da-9814-ba3e38546457,2022,2022-02-17,d5a14f1d-6220-4af8-9b8a-c8a9ae952d5e,ab8cafeb-02fc-4c83-aa0d-dcc530796fe4,2,1,-4.112862317852741,0.354558730581869
4ad61605-02db-4df4-b522-6ed4360475c2,2022,2022-02-17,dddedca4-47e5-454b-b278-b9f2fec5e78f,cddd6722-8c88-48b6-853a-6481451c0290,10,1,9.17845423233904,0.7835406939537136
4d273d62-db65-416a-9e9b-b7a3f541e9bd,2022,2022-02-17,b9052e15-66e8-40e6-86ac-a872e5c51fe8,3157f4b6-4b11-46d9-beb5-cef7c68fd1a5,15,1,8.494091286534186,0.8649077227523243
4dc27294-3b52-4389-b95b-08950c82c6b1,2022,2022-02-17,743e2828-8a80-4168-9d8a-f8cc1d9b0b9a,9be3dee8-ee3a-44e5-bf8e-c59a500829e6,-4,0,6.31894116361251,0.7655632080117558
54c0b734-4abf-492b-b14f-1e403411510d,2022,2022-02-17,1fac2552-eeff-489e-85f1-ce8abae4b5d3,0c933bdb-bf23-4a17-ae1a-f28978a95152,-19,0,-1.4704501802819447,0.4164853488627743
54f07ca1-53f5-49e3-abb4-ca011c3c24d1,2022,2022-02-17,e06f08fc-4ed9-4807-9f8a-7889130e21f6,59a704c5-1934-42cb-8720-83cd7ee9f3fb,-7,0,-4.706819473430162,0.32919525966559565
55e5e7fe-a63e-40c1-86a2-87b8497d6044,2022,2022-02-17,5ebd8a2c-2831-4a31-b7bb-6d6e6e1f7ff9,fd0a26ff-3454-40f1-b8e8-1f0f6f9523db,-9,0,6.2586305698750255,0.7760464796218798
57938a0b-68f6-4e65-9542-b53d26aec701,2022,2022-02-17,b7898dbc-7198-47fc-8098-496c7867351f,21282287-1619-4d11-9e25-59855bdd5be6,6,1,-7.021663321671227,0.3376322481593902
589860dd-3b66-4cf4-8da8-fde7e85edf67,2022,2022-02-17,12414365-9349-4a1b-a319-34a8ad92f7e3,23ad3833-572d-41e9-8cc5-961b2db50d2d,1,1,2.342315778003854,0.6526928481497707
5ad35b81-5ac6-4434-b8eb-348efd8753b8,2022,2022-02-17,8678425e-730a-4a99-bc7d-7c4282d7e434,b7b950c6-b603-4afa-afd6-ed15293d3523,-14,0,-7.297151268294454,0.2615805097988651
606e7c9b-4da6-4589-862f-9153a9a44554,2022,2022-02-17,ca2c8cbf-6e05-45fe-8697-30f46c2f58b1,3b36f988-af5a-4761-a417-f496a2137c3c,-3,0,9.386926389107385,0.8811812186467076
61a50f54-43f3-4541-ae5b-d7d48f2220f7,2022,2022-02-17,d4de33b3-cd7a-47bd-bc4d-da1381432ffe,6bb1093f-59ab-4de2-9cae-c257b87d56e4,21,1,5.03009262820087,0.6980871860341012
640ce7a5-fc34-4363-8172-42cce8d50cf1,2022,2022-02-17,aef6cc9a-dcfd-4137-aa03-9926d921f466,b23fd4b9-0101-4a30-a8df-10760e1f4bfd,-3,0,12.878217565711742,0.9194195200832151
65becfbe-e4aa-4af4-956a-d9437c6c7456,2022,2022-02-17,0724bbd2-14e4-4069-820d-16f4dcda5df5,f1fa4ba9-17ac-4467-80da-6559daef7a45,-8,0,-3.1829122693000658,0.34203854993808436
66d7938f-fd21-4538-b9dc-4ff7e639a79a,2022,2022-02-17,28ef27aa-2dd0-4469-b521-fdbe9d8c6bd0,b990f4aa-efbd-4625-95a3-376e51ad9f2a,17,1,9.874628108745995,0.855020163685852
6cbe1ed9-743d-4eb6-abfd-3abd3c86ab88,2022,2022-02-17,8f73f541-6fb8-4ad2-a1c6-e3eef51e7b64,884b1e88-9543-406b-bbef-d24ea9c36092,24,1,27.55616714037271,0.9864379360816532
70847c1b-e10d-4d52-96b3-0fa522ed1219,2022,2022-02-17,89fd2af1-5c8c-4222-8ffd-ce72e55a8579,8af2e3d8-3a2f-4008-b261-30f11908b768,20,1,8.406641932028622,0.7941145415708093
75653eca-4165-43ca-87e5-e3f52adf9beb,2022,2022-02-17,7b9691f0-e940-401d-9e2c-1d4f695fd91a,2a26048e-30fe-47e7-99d9-913f28dea879,24,1,2.0441137721413796,0.5516912068884962
7cc6898b-995e-4160-869c-f951ff64c72b,2022,2022-02-17,240cc087-ebae-4133-9c14-cb46ebe54b97,64820b75-84d5-4b53-8bec-43ee70e03b36,-13,0,-11.188039443346732,0.11171450194389373
7f71a46c-4fad-421a-8b46-2353830517c9,2022,2022-02-17,9bf29604-a6db-46b0-b81d-92452dc43267,c14dbd3f-31c2-4647-b19a-e03839f04ad5,3,1,-6.621548576962323,0.32474067972631887
897cb6c7-95c2-427e-a2ce-0d4d72eb20e8,2022,2022-02-17,d25581ff-ffd9-4c81-a946-e99b1de2c3b6,4d89f528-9a1e-41ca-beb0-98f913c61c2e,9,1,5.035117912465272,0.6851837207588418
8ada6b90-98d3-47f9-836b-8b7961a6832c,2022,2022-02-17,3b495752-ddf1-47a7-8bdf-2625c4bfcce2,9aed1c9e-7ade-4533-91c5-322e09783a7a,-3,0,2.175393320184204,0.6305790719113155
8af0f5bb-3534-4b6f-a35b-2e321839ea73,2022,2022-02-17,0ec0fe2d-cb25-483b-aeb2-0f12af2160c7,77413edc-f997-4807-a4ea-9caf8157da8e,5,1,2.2717047348687953,0.5153491483759902
8c9bbf79-fa32-45a9-957c-52400b8a75cb,2022,2022-02-17,2a426bd0-410e-4de3-8d49-d5fc05123454,f22782cc-03b3-4a0e-a189-8305ebe19b87,14,1,19.673430650437542,0.9863121192291241
910dfecf-75de-476a-97e2-92951dedbb95,2022,2022-02-17,ded40384-d167-4ba1-93ad-2fbaa4def151,dea85f83-4470-4a0a-934c-553c4722d079,-9,0,-1.665285162402567,0.460442585667049
9570615b-4aa6-4628-a5bc-ecc174139e84,2022,2022-02-17,cc4eefaf-2887-46d2-920d-d97a8f3df18c,0f928622-6fc6-4817-9641-a4366153c8c0,-3,0,-4.414017901431587,0.37373505308895605
9a61b114-2d91-436c-ac55-e287668eb64f,2022,2022-02-17,61d9acae-2486-4e53-82ea-60d146622f34,a30d0067-866c-427d-b6d5-a55b4c986208,-8,0,-4.718771227880795,0.3369766383082513
9a698c7a-4aec-40d4-a8e4-0ac714afe14d,2022,2022-02-17,c73565a9-06c6-4314-b7e1-3659db4cf00c,254cd687-c2d4-4fee-b5d3-c3ce6a9264e0,18,1,4.576068355840857,0.6200198462491591
9fefbee1-693a-4960-976d-b6faa5cadbe3,2022,2022-02-17,8ce55fa9-2ea0-427f-85bc-c9e8ceb4d1f0,e9770216-1dda-4db8-bc54-264a782d40b3,-15,0,-10.26621808384956,0.12665060457825472
a19503dc-e198-483d-ba71-f431c4be0e28,2022,2022-02-17,24dec588-02c3-4c82-9ea6-d467604a8150,7dd2d410-1958-49f9-8b62-e7cc25e3c647,-10,0,13.716276609110775,0.9469404288665861
a31a3664-8d9a-4900-9986-8fcf393755b6,2022,2022-02-17,eb341503-aa23-4784-af34-3b14bd72fdd4,212827bd-b2f5-4ca3-a901-403112b8594c,20,1,9.8848232754459,0.89376804658517
a6850e4c-4064-4654-a36d-666bdeb0d8d1,2022,2022-02-17,669eb771-4301-4c20-8e17-113d14b6cc8f,7c264f4b-0e3b-448a-a195-c16c164a624b,25,1,13.547526568030776,0.9137514157680899
aa7f02de-6640-4bce-8091-7c0cf9265e13,2022,2022-02-17,a50b7fa2-326f-4ab1-8bd2-b0bbf4f26d23,cba4f27f-e547-49bf-bbb3-2983917351a2,-15,0,-8.836819827536262,0.1724265762401209
b86eb890-86cd-4646-a8f7-a2dd5c8275b7,2022,2022-02-17,7dfde2c4-2d03-47ac-8d87-e6480afb8a99,7f9edadc-8c22-4821-8da6-0ba70d59bbbc,-6,0,-8.557706302559826,0.20743917689521568
b8af04bd-4e3c-4b35-a97f-2e9bb2708b40,2022,2022-02-17,fbf897ee-41aa-431f-8ef5-0ea7cbe2a05f,af6d34e9-4be7-4fc4-b61d-28a000704daa,-8,0,9.713540536672351,0.8277517043744195
c4cd03ca-3027-4849-a4c0-c9c6cb227392,2022,2022-02-17,21f47709-f514-49eb-9da9-1f6805407244,5e661a2a-5f48-4f4e-b78a-4ebc2220c393,1,1,8.83375999801343,0.827856255146031
c68e5935-20f5-46fe-813a-bdc5fdda7e6c,2022,2022-02-17,3ebbd7b5-f0e2-4fd6-870c-58a45d420f53,8b50b68b-b346-4272-bd86-947d908d937f,-3,0,5.001372933461821,0.7208518101024278
c888f169-ea80-46a9-a562-0a70e2b1ace9,2022,2022-02-17,fe829304-1347-442c-85ad-2139be36330b,d98e9dc5-d3b9-41c1-ac48-5a4945d47713,-12,0,-3.5284754115573933,0.39673944038011666
d187120a-0670-47f8-a5ff-bb3b6cfa6293,2022,2022-02-17,242a53a0-47e7-45ed-afe8-61172c29f09d,6da558cd-823c-46c8-b91b-4a40b474cc87,-1,0,-5.452990256127159,0.3406770251383815
d20a4787-d840-4aae-85bc-edc028d379be,2022,2022-02-17,d77ce32a-30e5-47ce-8841-52447d9fe891,79f44737-6e40-4cba-af63-6ff773df5f36,4,1,2.097547959573101,0.6063357779118601
e22990b2-0898-44f6-a174-1b8e399edf1f,2022,2022-02-17,7187f894-4dce-4524-b538-b66a892cd89a,3fa1a848-0e6a-41e6-be7c-d6241c6c6caf,16,1,7.959681766846766,0.7817320072026684
e4b1f37b-a257-46f5-a7e4-54e5f34dcd03,2022,2022-02-17,82d1bf41-2f1d-44d1-8022-220c263d6525,553733fe-ac6e-4397-9188-b27a01824e73,-15,0,-7.3043937550988,0.2517555011909973
e616c334-e6c2-45cc-b996-de69c57e397e,2022,2022-02-17,6915e90a-5d80-4d4f-8d44-0bd316979884,1cc71d7e-b5a6-4b50-a797-176f96548858,-9,0,3.5863819935895482,0.6458233516590615
e730f58c-5b10-4d89-b995-1377b81934d6,2022,2022-02-17,ffba6b6e-94bd-46d7-a735-5c1822df816a,f9beb22d-1a30-4dc8-88ac-4737870b7e69,32,1,9.543023616570688,0.8239822921025335
e8b9bb40-7ac0-4963-a3a5-b49c0ebdf663,2022,2022-02-17,8dfdef93-7be0-45db-8281-e58565dd9d85,644511e8-8569-4c1b-b22e-4bf2710fa9da,24,1,13.207673764853958,0.9207563755765432
ee5afc8e-5aad-4aab-b443-8492cef67bc3,2022,2022-02-17,ceed979f-ef7c-4eee-a2e7-fc66ff70bbc1,e78e20dd-cddd-4b53-b5d6-62aad4ced9ca,-9,0,6.289957518188231,0.7692139999582993
f262cde3-67e8-4c12-8974-fc12075b1bf7,2022,2022-02-17,43f1428d-b856-4fe8-b864-8728bfdbaffc,f2eab5a0-4f7f-499a-b807-edd4f40d28e6,9,1,11.978541611577874,0.8954508501751509
f89cd007-f569-4985-8bdb-a95c2bfe343c,2022,2022-02-17,5870d352-4930-4235-9c03-7bcded7ae342,0d182ffe-13fa-4447-8f00-f38088d0cf05,10,1,3.7595170916432195,0.6673096025292813
04735e21-b4b1-4869-b023-06064bbc9fb9,2022,2022-02-18,91a6fe66-7652-496c-9d91-c9bd2b333b6b,db040d7f-5499-4400-9069-620c27646ed6,23,1,1.6707581955604303,0.5630009456099155
10553042-30e4-454a-af8f-29e2b4286a21,2022,2022-02-18,46716039-e26d-4d19-a17a-35eec7c36cb4,c2652773-7b58-4ba5-9edd-ffa62acbd245,-11,0,-7.060074816579946,0.24527882152166378
2113ede3-d1a9-42e9-93e0-d58a286f3d54,2022,2022-02-18,ead00c79-f9ca-4dc2-9beb-0b236dc32ce5,8d6547d3-5ed7-46e3-9ddd-95756f8adf91,-19,0,-3.0676593608986478,0.40684853675294097
817a036d-98d0-4761-a875-87cb08cab353,2022,2022-02-18,6726544c-ad23-4d1a-adfa-1a94c2e10a96,421b3b28-ab05-4462-bfc9-644fc7163e24,12,1,0.7301618121124798,0.5022092976978648
9eb400d2-e014-489d-8d44-da6e02f8e26d,2022,2022-02-18,86391a21-965e-44e8-819b-837cac02859b,1b846bd7-47c9-4bf6-ab08-e44d968a34f8,-16,0,-1.1030847730762763,0.44413201412866476
a313e7a4-d7a6-4fe2-94c3-ae505d36418f,2022,2022-02-18,1049e433-d23c-4aa2-8581-4bef2ad0715f,71a67ffc-6558-40e0-96eb-79527a541007,-17,0,-8.53031935996461,0.1954943275231654
b06ab1bb-8454-42eb-8924-6d4ba7b39427,2022,2022-02-18,d2cb99ee-debc-4e8f-93ba-b0ffd42247ea,4b2092bf-f1b2-48c3-8ba6-43f8f5d0ee62,20,1,1.0141037816990532,0.5349181021281263
b18b0a0b-8b9e-4e6a-aff9-a5417a63e3a2,2022,2022-02-18,fd736c6d-0d9a-4837-8153-b1f51e776578,a5658591-2fd7-4ab6-bea8-70e793ff3f6b,9,1,7.37854798256926,0.7791673084079608
b1eecf48-0dc2-4a10-8142-911dd4705a75,2022,2022-02-18,94d0d44c-b426-4381-9d58-bffb34c097f5,fc4bf214-f945-46ec-8524-00a3196b7449,34,1,10.311179043167508,0.8348858431505226
e8dd6bf0-c4c9-4b4b-8812-06cad4e4647f,2022,2022-02-18,53922fed-96eb-4cde-8b45-7f8b7e032cf8,96ccc81f-3016-42f2-98b1-6cbcbf6e8d07,8,1,18.743482635226293,0.9828939454800085
ef2c2f7c-c9e7-4b22-bb1d-d964c81a10c6,2022,2022-02-18,e51ef676-50a6-460e-81a8-b05cdee80c25,2422cf8a-bacd-4cb0-97f2-244a07c62c78,8,1,0.055911127643654066,0.4340712520402006
01798015-c28a-49da-9fe5-95e14994479b,2022,2022-02-19,b7b950c6-b603-4afa-afd6-ed15293d3523,cd84e158-0ec9-44ce-872b-e44a595a4e37,14,1,13.897426370070164,0.9353742447639778
030c1248-eb92-4418-9ea6-f89f00cb7d31,2022,2022-02-19,2a426bd0-410e-4de3-8d49-d5fc05123454,2a26048e-30fe-47e7-99d9-913f28dea879,3,1,12.416337082982958,0.9118769218457126
16dce187-d51a-4ff8-8015-f6dd178a82ed,2022,2022-02-19,4db0015c-fae1-4d5b-8be6-db756062d47c,3157f4b6-4b11-46d9-beb5-cef7c68fd1a5,-5,0,-3.3690721358522584,0.4044552160470014
1744ea2f-54f1-4d31-b1b1-74fcdd608ad2,2022,2022-02-19,8ab33314-bb5c-4e60-b515-3564c813ae0b,28760428-230c-4858-9d2f-0ff8e804da52,-3,0,1.1525488998660678,0.6326811296557202
185dfbe0-e500-4297-805d-cb0e7795d056,2022,2022-02-19,ca2c8cbf-6e05-45fe-8697-30f46c2f58b1,23ad3833-572d-41e9-8cc5-961b2db50d2d,-5,0,8.957223877903818,0.822122322082549
19588544-02fb-4d93-ab24-df57eaaa1843,2022,2022-02-19,77917ea7-df52-4378-9975-57dbd680815e,247be024-10cd-4230-8ff4-c8f55dafdf33,-30,0,-7.399779791934821,0.18700435251121178
1a9bb58c-a792-4439-a879-30841fdda5bc,2022,2022-02-19,9acbe680-5f94-47da-926d-51e1465fc500,b31491f2-919b-4ff0-9274-11397e369e22,-20,0,-11.952539370945907,0.1230297411456625
295ba9d5-6768-477e-91ae-524c5bd3bc80,2022,2022-02-19,5018dfc0-8279-4a3e-b376-b7606f612a00,cba4f27f-e547-49bf-bbb3-2983917351a2,21,1,-1.0455109754241558,0.5260148474415083
2a9fec7e-503f-40ac-9a3b-2227c1fecbaa,2022,2022-02-19,0724bbd2-14e4-4069-820d-16f4dcda5df5,f04a9115-7f6e-45d4-8590-4934a791ebb3,-8,0,-2.464228895865311,0.37175994936754997
2af2ad6c-cf91-426d-b325-a0ed8de89cae,2022,2022-02-19,a6f2099b-9086-4681-8ffd-c41cc6f1b263,1235749c-6be5-439f-872d-e0a85682aef6,-7,0,8.585833602056326,0.8447768057577454
2bd6bf78-b757-429e-8fdf-85d9184310d8,2022,2022-02-19,4204a542-7881-4f83-972a-7567cb51cc3c,e5df557b-d16f-479b-b7f6-db85db97e2cf,11,1,6.514100704163496,0.7250853336068261
2cd11bef-eb13-4d8b-aea9-eb29d9e7e9ee,2022,2022-02-19,5ec861d9-4794-4460-b935-73f51f03efc1,b4531112-44f4-44bd-877c-3fca948b51f3,6,1,5.456142997350126,0.7368990902409946
2d2cefc1-9246-4ad3-90fa-a025360b1ebd,2022,2022-02-19,ead00c79-f9ca-4dc2-9beb-0b236dc32ce5,a5658591-2fd7-4ab6-bea8-70e793ff3f6b,-1,0,3.82644274724034,0.6581782974495312
2eb0ca69-3b8e-40b0-962b-e3025a78178d,2022,2022-02-19,5820546f-7b8e-4593-afc4-fa098623f568,1607fc40-d48c-4c58-9fa8-96e3f20a5137,-6,0,0.9982057162450507,0.5348428499841912
2ec71b6e-a566-4a99-a136-46e65d81f27a,2022,2022-02-19,944226c8-c2af-4571-a853-5bb934c49ae4,9fb581b3-9267-4861-a01b-51b7e751ca68,-17,0,1.0522879633954352,0.5713892097805583
3651f0cd-c91f-46f5-bbb2-ee131df1b0db,2022,2022-02-19,b32dbb42-380c-448c-b510-ee949569ffd4,43fdfa19-1583-4159-9c0e-1e88e231b35d,3,1,5.322022653594428,0.7166395737327421
3847cbac-782c-4e8d-8d3c-3fa26fe8f2b5,2022,2022-02-19,42f97a12-c358-47bc-8b1c-e20878be4a05,be639f4e-dcad-4737-8fdc-2740207d65e3,6,1,-5.926345505655604,0.3405306624991396
3853db86-1742-4075-b657-6e3f6678a2e0,2022,2022-02-19,8f73f541-6fb8-4ad2-a1c6-e3eef51e7b64,3fa1a848-0e6a-41e6-be7c-d6241c6c6caf,11,1,20.06236719473204,0.9832772332585149
39163734-ae2a-4343-84c0-668a842a15ad,2022,2022-02-19,c01c9fdb-95d5-43c7-b905-8bf714226631,062eb8a6-996c-4619-9ba7-498cdd009dd6,-11,0,-4.290377054072957,0.369797179306477
39f3b88d-5414-4a6f-a6fc-c1331eacf3de,2022,2022-02-19,6b68cf86-676c-4d12-958b-f2b9da02a5a1,fe829304-1347-442c-85ad-2139be36330b,2,1,9.390712835216233,0.8478600242616886
3c429980-96ff-41d3-8fcc-0b356f9218f9,2022,2022-02-19,fd736c6d-0d9a-4837-8153-b1f51e776578,8d6547d3-5ed7-46e3-9ddd-95756f8adf91,-6,0,-0.34579697601651954,0.5190654625182167
3c63bf75-f423-4ae7-b1ed-c777f39e7cf1,2022,2022-02-19,94a64c9f-34df-480e-8ac0-1bad98ef2a11,e61ea85d-a57e-4621-930d-0b0e653eb2c7,-10,0,-1.0367627656309133,0.4070397430644335
3d173b28-c61c-4fd3-a85f-cf4eee60d2a1,2022,2022-02-19,3411d575-6a72-4b22-885f-e90bac6bdd28,5953232b-95c2-4915-a150-ed30d3fdc96f,-17,0,-2.631214019723253,0.4438249387136438
3e925dd6-dfdd-40e1-a271-e2e512571d23,2022,2022-02-19,240cc087-ebae-4133-9c14-cb46ebe54b97,1cc71d7e-b5a6-4b50-a797-176f96548858,-8,0,-9.949431885112675,0.18072163197191551
40036a28-de22-442c-a32f-dfd099c9743f,2022,2022-02-19,6081d978-c3cf-482e-8374-c40b212242c1,4bc4f625-be38-4da1-919a-c43bedce10b4,9,1,8.918693403873977,0.8448976398669681
45ad0c4d-5b65-4ca9-b268-c4524d8a307c,2022,2022-02-19,9dc47cce-9b16-420a-971f-5362aaa69dc7,9c70f4e7-acfb-484b-8154-f0fa9365a3a8,-16,0,4.163161067604869,0.6944571453733059
462fb194-625a-471b-b970-a301a135a0ba,2022,2022-02-19,6915e90a-5d80-4d4f-8d44-0bd316979884,64820b75-84d5-4b53-8bec-43ee70e03b36,13,1,0.002124983548870171,0.5094266646780622
4b1c2a50-ec29-4d09-9872-a17c29c73a85,2022,2022-02-19,4d587dbe-16e7-4990-a378-a0fc4c2c273f,e78e20dd-cddd-4b53-b5d6-62aad4ced9ca,-8,0,-1.6040681122570788,0.4002697979558736
4fdebae3-ad53-4b66-8119-d5930f47e8c7,2022,2022-02-19,ded40384-d167-4ba1-93ad-2fbaa4def151,e9770216-1dda-4db8-bc54-264a782d40b3,-11,0,-2.0202588000081754,0.4319542467741221
50b518af-dc4d-47bd-9ce9-275dd4fd1dbc,2022,2022-02-19,af1bfe66-a343-4c46-94f8-4c670ce2c8d7,3943bea0-341e-414f-8f46-b97e08b5f90f,-4,0,-3.5988322839515923,0.3792297417544326
51055a67-e8cb-456a-a1b2-95958c0cb678,2022,2022-02-19,4a44b6c6-3fc1-427f-bd05-432860f3024d,c5a3e484-778a-41ce-abc4-7ff9ec51ca4a,-12,0,-7.413345290789934,0.19692799765213484
5353ae6c-74e9-4c6c-b1d8-03b96ff733c1,2022,2022-02-19,0ec0fe2d-cb25-483b-aeb2-0f12af2160c7,bdb5791e-8da5-4640-82cf-7354e2f02b3e,5,1,6.616273850663854,0.7801361495316665
5426ba70-dca4-4e71-902d-2944942a1ae2,2022,2022-02-19,ffba6b6e-94bd-46d7-a735-5c1822df816a,29398553-f42a-4873-9321-4c772f7dca42,3,1,7.209824371123818,0.7764437422326527
5a929d3e-b1fb-42f7-a580-1d7a2e35947a,2022,2022-02-19,eb341503-aa23-4784-af34-3b14bd72fdd4,f5ff136b-cc0a-4eed-a502-c028afe284bf,1,1,6.594781085119552,0.7661348944319416
5caa8ebb-3cef-4bb0-bfe7-132960c310e6,2022,2022-02-19,5f19cada-0d6a-4a64-bf90-7be104537c24,2454a2fb-1f07-489d-8ee9-b4313e7e775b,6,1,16.525155387662704,0.9417193062645351
5d049d31-0446-469d-92e7-c2b3befdf7b8,2022,2022-02-19,669eb771-4301-4c20-8e17-113d14b6cc8f,61cad1f2-f187-4b2f-8e53-02eb65eae2d1,19,1,15.083671098572664,0.9376496446306274
5f19dac8-3a7c-4f4f-8e7d-9861af2ae8d9,2022,2022-02-19,82d1bf41-2f1d-44d1-8022-220c263d6525,254cd687-c2d4-4fee-b5d3-c3ce6a9264e0,-14,0,-8.507463868325349,0.13185991874320355
5f1f30a7-6dba-4b8a-a81a-98412ed39fe1,2022,2022-02-19,b1ad6435-1c60-45db-bfd9-c91cb367d66b,5bdb2df4-f9a3-4404-a003-948f25c48965,1,1,-1.9587930225283985,0.42551822939406
6172e2ef-a716-4693-82b0-dcc61097aefd,2022,2022-02-19,6726544c-ad23-4d1a-adfa-1a94c2e10a96,96ccc81f-3016-42f2-98b1-6cbcbf6e8d07,29,1,14.568396488697182,0.9413746400174547
628bc055-37b6-4a45-be26-8794e8f53c9d,2022,2022-02-19,48b92b41-b7ed-4c2f-b7ef-3e3d4a99fd62,a8d4a467-9623-470f-9ec3-c15afb497e8e,-14,0,-15.013348033275374,0.06263004716951806
62f62273-3d26-4cec-bdbb-8f87edc05e84,2022,2022-02-19,6bb1093f-59ab-4de2-9cae-c257b87d56e4,7bb8a634-d969-4ec9-b472-8294b1782684,17,1,-4.524377431627176,0.30582347666139004
63ef0fec-861f-41c5-bfa6-db59031462c6,2022,2022-02-19,1e89fbf7-1862-4050-b61b-f4de4a9ae045,af3a149c-e965-41c9-af16-a3dd0322f9a7,-5,0,-2.577079987203022,0.42173371263020065
65dc30a6-269e-4338-9f84-d96e5c4dd0b3,2022,2022-02-19,d9411158-02d5-4d70-8862-92cec8bfdc49,14fa05e6-500e-41a6-b7a0-de4b16c4e7cd,10,1,20.828287453484787,0.9870010648915739
6b84e712-71fb-427b-b924-551dcc2e4a07,2022,2022-02-19,c3603958-de3f-4014-9dd0-d9c4c84dd226,ff948b57-cb4b-42da-a899-37fa5c8a6d86,10,1,12.089159920899384,0.9025188119958162
77439b5f-ffd8-44d0-b3e1-d6411a176c2d,2022,2022-02-19,ff725b84-1ca5-43ef-be84-cb70a6494dab,03b227c1-5813-4ee2-b7f7-34094db05200,21,1,-1.90495596319478,0.4430242408995603
799b3652-9697-4c20-8532-e265fe95cb76,2022,2022-02-19,054be086-7ef6-4006-880c-01ed91db37c3,3f62a009-8c84-44c8-9775-4e3959e17edd,-8,0,1.1038470623778127,0.511867174175419
7ced7675-8e73-4d6b-a30f-4389d1acec55,2022,2022-02-19,c73565a9-06c6-4314-b7e1-3659db4cf00c,553733fe-ac6e-4397-9188-b27a01824e73,-14,0,6.4857954189086335,0.7808909688759076
80a8a589-2674-4bbe-94fa-f5a0f0eaed46,2022,2022-02-19,7798adeb-2809-42ca-b509-02c719168825,fbb275ea-bf78-4cdf-ba66-538cd9722ef8,21,1,-0.03666191307013682,0.526829154949835
82456c00-4817-426a-b475-6faea4597f1c,2022,2022-02-19,2678c438-d23d-4ec0-8105-ab3f1c748aaf,212827bd-b2f5-4ca3-a901-403112b8594c,12,1,12.724364965255905,0.8596113363546906
861273c9-ba12-4437-8d1f-fd405c73e21c,2022,2022-02-19,92665c8e-76f8-4e29-a164-ffd7c8890a33,3e79582f-0f2d-4ace-86a2-242de87ef6c2,-9,0,-2.6401121326827126,0.4041886917811855
87e69ca7-485f-48ba-ba5b-09399a223722,2022,2022-02-19,5984bc3b-7531-473e-8087-c5fa390b08cc,b990f4aa-efbd-4625-95a3-376e51ad9f2a,-9,0,-1.0326068989253019,0.4689006393490117
8a7c55f9-d03b-4ceb-9572-c12df9c36016,2022,2022-02-19,a5e97c6a-a0e1-49d2-b6bc-8903c39ceaa0,0efb1176-dc90-4109-b141-5025fc424128,-4,0,8.246441514799159,0.8251876259762196
939731ac-dc13-46e1-b6e0-d7600a70fcb5,2022,2022-02-19,d25581ff-ffd9-4c81-a946-e99b1de2c3b6,7dd2d410-1958-49f9-8b62-e7cc25e3c647,13,1,19.016711785527548,0.9851826140809122
9565cdaf-a0a5-4f43-bc5b-fff3f86fee2a,2022,2022-02-19,5870d352-4930-4235-9c03-7bcded7ae342,5253a75a-17f7-4ea5-b313-743697ebca72,9,1,5.434590874699351,0.7314194376691958
98eaf459-2ede-4fc2-b149-be7ae4d183e1,2022,2022-02-19,1393366c-684f-4fdd-bd85-9fabb1307aef,8425fbd0-40c8-4146-a2c2-51ec714ee637,5,1,4.114328613613475,0.6840550673849704
99797a8a-b881-4b50-9298-77f9b3f03b1d,2022,2022-02-19,1c994624-ca30-44fc-97cb-9a0aa481ad72,d13e3f73-7b13-4e91-9249-09f1e11e488e,-16,0,-7.661185650924121,0.2289255081862375
9cc549ec-c02b-428e-815f-8db852d97b21,2022,2022-02-19,5a26bb55-d02d-4957-be27-861e8036f152,1bd5203f-23cd-4c96-8b8e-fae5ddfbe69d,8,1,12.762793167540218,0.9157621577875537
9e0a6689-9b26-4417-8409-432da5315ce3,2022,2022-02-19,793f775a-aec3-4741-b86e-4c8e079f74a4,e31be871-e6af-43f9-9cf9-865a275b7e6f,5,1,0.4075857830526634,0.5025350289961495
9f8f674d-01d8-4a06-839a-a9d3a65038c4,2022,2022-02-19,bdcaae22-ba48-4546-82af-ca21a229c276,3ae40137-6b36-46a4-99e9-3ea88255660c,9,1,-3.8384106662787265,0.3354988691792772
a2e3b906-24fa-48ab-8261-465eab83f158,2022,2022-02-19,89fd2af1-5c8c-4222-8ffd-ce72e55a8579,cddd6722-8c88-48b6-853a-6481451c0290,26,1,17.945061784197716,0.9601372375651279
a3a15719-797e-44f0-b0bf-e61f6ccf2421,2022,2022-02-19,3ebbd7b5-f0e2-4fd6-870c-58a45d420f53,61476d05-09c4-4500-a588-2847128ed6e8,10,1,6.349228247453428,0.7048278745706721
a6777234-9c45-4912-a446-74d9cc5107e7,2022,2022-02-19,188437e6-a8e9-4e63-b58a-4141ffadc80e,78c4f8c4-d04f-47ed-92d3-34e159fec915,-8,0,-0.9821083345812109,0.5113492614841034
a9617990-b3f5-4583-b04a-2a6e883d5821,2022,2022-02-19,d67c23cf-71fc-4b63-b6b9-d41c6e172e4b,4e23c371-72f3-4986-a8c1-e7798c5dac70,3,1,8.894955209385152,0.8016928992261523
a9670753-a457-4c0d-92c5-c6cf1d21d30e,2022,2022-02-19,c2c0a075-e16f-4aa1-a838-887ef3ba2106,1bc4534b-6474-409b-abbd-f840a8dc148f,-14,0,0.810591622496372,0.5272674714301158
b1a4f39e-0fdc-4529-9e18-0fd4a4ab6e47,2022,2022-02-19,afaac3dd-1734-4b48-a2b3-c72d8548f375,f2eab5a0-4f7f-499a-b807-edd4f40d28e6,13,1,7.332018422334733,0.8064856172988654
b1cbbf48-4455-416c-82ac-71b25301854b,2022,2022-02-19,8678425e-730a-4a99-bc7d-7c4282d7e434,aef6cc9a-dcfd-4137-aa03-9926d921f466,-19,0,-7.936663468090791,0.21776255585347695
b2764522-2457-46eb-b00f-a9056690be91,2022,2022-02-19,e40486af-12fa-47cc-93aa-4b196b7f5bbc,048ae5f3-c6e9-4937-93fe-ec224e17fea2,-3,0,5.52295266793471,0.6973475236113863
b3a59c11-dd8b-4989-8445-318d6fa13d39,2022,2022-02-19,e6e965ed-2ea0-4655-b873-7c4b7d9db0ae,f05e79bd-96f4-4690-83c5-60a9d4972d05,2,1,8.535416019630075,0.8226265374767122
b5a93711-d853-46f5-936e-2d203b957dd9,2022,2022-02-19,ec2fc7a9-a3eb-4e36-9404-f156e2f997f5,31edfcc1-f627-47cf-9ca0-61370f3261d2,20,1,12.186486350149398,0.9171702316643047
b81a4251-58d4-42b0-b9b9-52697ac86126,2022,2022-02-19,53922fed-96eb-4cde-8b45-7f8b7e032cf8,421b3b28-ab05-4462-bfc9-644fc7163e24,5,1,4.035769142110604,0.6686181080495113
b8cc3b55-0da9-469c-89d7-fba2eeaa7143,2022,2022-02-19,909caafe-4b74-468c-a1d3-efd53ab80ca9,964b0070-5909-49eb-8fbe-c2de5f48fe0f,3,1,3.6274173858626106,0.6438872031639367
bc1a4ad3-516a-4838-91f2-0b129c25344c,2022,2022-02-19,f8490c90-4ca1-437a-93da-114f5dac0426,3795d76f-7577-4ea0-8f28-89d16c87f9f0,2,1,14.754518080971419,0.9367720890739245
be66e210-f605-41de-8875-b47002dc1228,2022,2022-02-19,68215498-0684-4009-a2fc-93fa21109838,c6c28fde-56df-41e4-839d-2d6201c8dc27,-2,0,-12.091844761809329,0.05992337350723666
bf529a27-f7e9-4d19-865a-2a7b0628dcd0,2022,2022-02-19,a270ed0b-d820-42d4-8101-f2bf9e25042c,add091d3-316a-457b-803e-9b8e145b76e6,-2,0,1.0998508269422025,0.5761261894163622
c08127be-b715-475b-bb19-63a6245372b1,2022,2022-02-19,7dfde2c4-2d03-47ac-8d87-e6480afb8a99,644511e8-8569-4c1b-b22e-4bf2710fa9da,2,1,3.828029601487783,0.6125804130914587
c14b2b65-ab0b-4c45-b411-b8e8710a9ec4,2022,2022-02-19,00366c32-204f-4176-9a22-20555a1e6363,4d299953-da89-4561-afe6-d0a2222d454e,10,1,-3.828243674887016,0.38934914703641754
c1b07bab-45a6-4683-acc6-ff696885c0b9,2022,2022-02-19,29263387-625d-4270-b420-6066c840fbe3,87cec0de-4d93-4ed3-9ac3-deac97be5eba,3,1,7.0355749639247405,0.7359514950256872
c1b558b5-9921-4593-9ecf-338bb2c40ac3,2022,2022-02-19,bf8a4003-12e8-4697-90dc-cf75dfedfeb0,d77ce32a-30e5-47ce-8841-52447d9fe891,-6,0,-8.776537504239691,0.1714557731411327
c2ac4747-0959-442e-89ef-1ef7af4096ac,2022,2022-02-19,24dec588-02c3-4c82-9ea6-d467604a8150,4d89f528-9a1e-41ca-beb0-98f913c61c2e,-8,0,-0.964396702386681,0.4899281723393255
c3352f39-2471-4049-a3fd-f42b50ea405a,2022,2022-02-19,4bd089fa-104e-4a99-a39a-1af78fc3e611,0f8a15c4-f4b7-4335-a429-ae233bf4aa41,-5,0,-2.75902531630012,0.4089069664141806
c3561ae0-b3c4-413d-80ba-22d05f87e454,2022,2022-02-19,4090fa15-7788-40ba-95cd-6c5cba85e91a,77d10aad-4300-4849-8c55-f92e900358a4,-8,0,12.332870770377951,0.9282107997274722
c5c07c14-5fbb-4939-8ddc-c40c7f7fbb62,2022,2022-02-19,8ce55fa9-2ea0-427f-85bc-c9e8ceb4d1f0,dea85f83-4470-4a0a-934c-553c4722d079,-4,0,-8.828519505607131,0.16534434882101487
c78abd1c-b646-4e96-86df-7d78146afb90,2022,2022-02-19,7b9691f0-e940-401d-9e2c-1d4f695fd91a,f22782cc-03b3-4a0e-a189-8305ebe19b87,20,1,11.455456023134358,0.9022091428013161
cd707406-9e42-431d-b4db-895992b2b8c7,2022,2022-02-19,8de64d3a-4bae-4d2a-a4d2-15ec6583f6aa,9020eea9-bced-4c46-9f85-8bbdff3393c5,-13,0,-11.075635638783067,0.18999802337802196
cdf487c2-c220-4c46-b20b-963eb8fe3434,2022,2022-02-19,73339436-3261-4171-9cc8-854b8e176836,57a961fc-fabe-43a1-bd3f-78858a193715,3,1,9.835360056794798,0.8717646185445437
cf4a8e7f-6f28-4968-940f-18d908ed9152,2022,2022-02-19,7187f894-4dce-4524-b538-b66a892cd89a,884b1e88-9543-406b-bbef-d24ea9c36092,14,1,16.63522149754832,0.9665770968403992
d38b3b07-a361-4cf9-8597-b9c20f75a2bf,2022,2022-02-19,97a440d7-b0b9-4fd1-9da8-6460649da714,d0a4ad01-cd4c-462a-a303-d94d9c7c79fc,20,1,3.5849897114250733,0.6960640178508785
d3f2dfbf-632c-4f31-b4be-0630fed74a87,2022,2022-02-19,1fac2552-eeff-489e-85f1-ce8abae4b5d3,9aed1c9e-7ade-4533-91c5-322e09783a7a,-14,0,-9.111062373143971,0.1959683488540061
d690e565-8ad9-441a-a92b-d03b5cc374f0,2022,2022-02-19,8dfdef93-7be0-45db-8281-e58565dd9d85,0f928622-6fc6-4817-9641-a4366153c8c0,-1,0,3.7116578195171166,0.6576964993286811
d8fccd8e-6e24-4f00-8b82-a1d5b4cc8212,2022,2022-02-19,b773a5ad-3d34-4658-a942-6e2836f04e3b,f5d59c00-1a94-4484-8e5c-c5073ff87ce3,-9,0,-8.611129602606981,0.20616349856249974
dcfd002d-3687-41d7-8c73-0597faccda14,2022,2022-02-19,b23fd4b9-0101-4a30-a8df-10760e1f4bfd,371a2930-c5a4-405a-bb44-9f22b55ca81a,-3,0,-0.48423733059090224,0.4618410775229945
dd16f337-9500-4442-8f4d-dd1ab89dc195,2022,2022-02-19,59a704c5-1934-42cb-8720-83cd7ee9f3fb,24f1d79c-4241-4c82-bf09-57a159ce81b3,4,1,10.869360956231183,0.9052072494861796
de42c5f1-8cb3-490b-9801-a168c77b2e07,2022,2022-02-19,8e9f9414-bd72-45a6-8896-59f1453666d6,4184e3dd-c499-4f67-b148-fb0c4342d564,27,1,16.642722907985537,0.9454031549670183
debfe66a-854d-4f32-8b45-6e619ff75905,2022,2022-02-19,a8f76e24-7f09-4727-b40d-6834e4fc0829,0d182ffe-13fa-4447-8f00-f38088d0cf05,-15,0,-3.6440025812311436,0.3295881525960295
df08f976-5564-47e8-ab22-bb1871c52600,2022,2022-02-19,b7898dbc-7198-47fc-8098-496c7867351f,d5a14f1d-6220-4af8-9b8a-c8a9ae952d5e,3,1,-3.907100943525616,0.37468574833776963
e132286b-41bd-4ed3-b1e0-a720319dabe9,2022,2022-02-19,b9052e15-66e8-40e6-86ac-a872e5c51fe8,92249853-0b54-4944-8955-34bc02003e54,-4,0,5.798822687581543,0.6710352062654219
e167106a-d198-4a08-a7d0-ea17fc5bcd23,2022,2022-02-19,61d9acae-2486-4e53-82ea-60d146622f34,9be3dee8-ee3a-44e5-bf8e-c59a500829e6,-2,0,1.038601880218666,0.5549034076171189
eb0e37de-2f22-4557-a620-cc73b0be1927,2022,2022-02-19,2bdfedb6-38f0-4eb8-baaf-2965a942cb85,81c35070-ad3d-45bd-8fcc-5a8c73a46ba3,1,1,8.631376894260974,0.8041429641070369
f3f7b02a-77f9-4298-a946-76d1de7c5ae6,2022,2022-02-19,e0d91570-7fe4-4dbd-b6ba-f6ce261fd58b,be29cc8b-f65a-4ba7-8a0d-40b2a9643422,7,1,-1.4723044232322455,0.41760181104083316
f48c8a38-5229-4916-9bfe-eb4249787e2c,2022,2022-02-19,6da558cd-823c-46c8-b91b-4a40b474cc87,242a53a0-47e7-45ed-afe8-61172c29f09d,5,1,6.117516680696276,0.7763445732871596
fc14b2f6-afb2-49e7-871d-234fa0c10cad,2022,2022-02-19,d34afafa-d43d-432c-98d1-72ab0aa8a823,6bcc781c-aaad-4e10-8214-7a1d0e3f2e6d,12,1,16.043491525618457,0.9498313630616398
fea56d10-9043-43a0-aa01-72a332cc52a7,2022,2022-02-19,2d5a3d36-55d8-4fc7-9050-a067b5a5b3c9,7c264f4b-0e3b-448a-a195-c16c164a624b,13,1,1.5841205511542322,0.6069550388398222
ffd0bd1d-631b-46d3-a0a6-ac4b36dbb311,2022,2022-02-19,cc4eefaf-2887-46d2-920d-d97a8f3df18c,7f9edadc-8c22-4821-8da6-0ba70d59bbbc,-8,0,-0.6787647639482677,0.5247628427840524
0d39ec05-00b1-4e7d-bde7-5a76ec045010,2022,2022-02-20,16133dd5-c118-4a85-999d-20451d1fe132,2422cf8a-bacd-4cb0-97f2-244a07c62c78,-5,0,0.24041836263431202,0.5094139117620382
153db5a2-0de5-421d-a3d8-229054fed73d,2022,2022-02-20,54514b3e-2558-4e69-98f9-b1f97fc17835,46716039-e26d-4d19-a17a-35eec7c36cb4,18,1,11.109241051722128,0.8844564705538734
27068ac6-f66b-4202-b4a2-b6543e5a9c5f,2022,2022-02-20,e89766a3-c899-4922-aee4-cfaa2a8fb500,71a67ffc-6558-40e0-96eb-79527a541007,-12,0,-8.726998077914745,0.1470850229335074
2d23613e-cb7a-473d-9833-b6e10f0e422b,2022,2022-02-20,fc4bf214-f945-46ec-8524-00a3196b7449,3e7063d6-a6e4-4aa4-8e77-044c9f5fc21a,-1,0,-6.8199472354064525,0.2091458088291162
3cdd62ed-e621-48cc-9469-c9b58a01fb6e,2022,2022-02-20,f4045f82-f9ab-4d14-867e-496a744ac26e,d84fbf05-f799-486b-956e-f0500927e1d0,-2,0,-4.705016176976838,0.29932110837761194
40f6dc9a-4a0e-4c88-85d5-b5b1351ade06,2022,2022-02-20,d91f2468-d81d-4b25-a8be-53e85e8b4ded,604f3fca-4ca3-445b-9be1-3cb6b7f69fd8,16,1,-4.6718411330483685,0.29807487504517
45e716ba-717e-4974-9568-b6eb5a7ed8b1,2022,2022-02-20,1552f5fd-a3ac-4947-93d8-08bdf1a77f93,c2652773-7b58-4ba5-9edd-ffa62acbd245,14,1,-6.428703980160287,0.2699322536275204
470420f8-5d2d-4580-8137-ffa25cc97b24,2022,2022-02-20,31a85828-d084-442c-9cbf-1f706ab87f57,0b986199-3ea8-40ba-98dc-8a54b3509609,20,1,3.276714399184692,0.6702981749676569
47fa55ba-546d-4aca-8b3e-6243076a3f5e,2022,2022-02-20,31503e00-902d-4881-a3a5-52c5415e0e2b,b0fa4996-a909-4fd7-ba9e-8f180716f7f3,12,1,13.27410243209671,0.929680894172175
4a9edb22-1cc3-4eee-a824-662e17e6cfff,2022,2022-02-20,cf2375a7-1488-493a-8679-e8112b47cf7d,c995f51c-df46-4643-9aa1-3830ce760066,4,1,4.231530566278795,0.652035667813406
4b9d55f3-2837-4117-831e-df8ef9b0e7cb,2022,2022-02-20,d84d7188-0176-4937-80ec-d83ae93a1912,f1fa4ba9-17ac-4467-80da-6559daef7a45,3,1,2.820909727998949,0.6120811635086365
4f3a6ad7-ef45-4729-b847-6a484bbea904,2022,2022-02-20,e51ef676-50a6-460e-81a8-b05cdee80c25,2aba779c-997d-45af-a881-44cc87727a3a,5,1,-1.3466127109044084,0.4480538508971198
59e2ba53-56b3-4a68-9f56-c31b870c6de5,2022,2022-02-20,1e46f177-0551-4da2-8f3f-c683820ed5f9,2bf13d1a-4738-4039-9d08-49f17859d4eb,-2,0,-10.172554807283321,0.1540155343610821
6269797b-f2b3-4e98-9f73-0d40b229dcc2,2022,2022-02-20,cabf7c08-20a5-4c33-9660-d2b3f25d04b0,ae36afe0-850f-4758-99ec-d7deb696d4fe,3,1,0.44782637654611235,0.492701493655129
704b6cef-31ea-4e35-90d4-ef79a709770a,2022,2022-02-20,dddedca4-47e5-454b-b278-b9f2fec5e78f,8af2e3d8-3a2f-4008-b261-30f11908b768,2,1,-0.7417486020130457,0.4852341512263005
85815e12-9ddb-4784-b428-43c9d4953408,2022,2022-02-20,b4531112-44f4-44bd-877c-3fca948b51f3,5ec861d9-4794-4460-b935-73f51f03efc1,4,1,-0.06750850483943205,0.5035313226309573
94504855-55c8-469d-81ef-b1f8c73c2190,2022,2022-02-20,9aff8705-aa1a-4181-bda2-9f9544361658,a50b7fa2-326f-4ab1-8bd2-b0bbf4f26d23,16,1,0.08498636735496508,0.5178999299782883
a4e01fe2-d821-4d98-822c-f4d8d0894a28,2022,2022-02-20,df8bfbe4-f858-405e-bd5a-04f400d2d7f6,cd9b9678-1f2e-4444-85d3-3269c4b3775a,27,1,11.872638455635434,0.8839593063161757
b460da94-62d2-4f52-89d8-f96c43d3b7d5,2022,2022-02-20,f621591e-18ed-471c-92f8-2c4d4c00bb75,ce6a2240-48d2-446a-a847-e4ad4367b9fe,14,1,-2.40261378341837,0.39351420133971843
b9687200-a8ce-4fd4-877f-20000271c6ef,2022,2022-02-20,d98e9dc5-d3b9-41c1-ac48-5a4945d47713,4e853367-c5cd-4701-9554-38bf174777a3,1,1,5.88502364471345,0.73445012095772
ce25406a-5fa0-4911-8bde-5e31f3d52142,2022,2022-02-20,ad5bf26e-a32c-4d5a-b531-f6822b104284,4b6d2ea4-d1ab-46f4-b480-555227d14e55,6,1,0.20356017722783254,0.5627324939762737
d04f9dd9-b9fa-40a1-a571-6151f63a9388,2022,2022-02-20,1049e433-d23c-4aa2-8581-4bef2ad0715f,6c96789e-21df-4f43-92b1-8e62705ffc1d,-10,0,-7.779748539521228,0.18097113990339825
0a38c801-a84d-4010-8219-96bf331465a4,2022,2022-02-21,3fa1a848-0e6a-41e6-be7c-d6241c6c6caf,884b1e88-9543-406b-bbef-d24ea9c36092,14,1,13.247778723645702,0.9247988081963063
12dce52f-35e0-4601-9275-d44cd357554d,2022,2022-02-21,61bcde81-66e5-484e-95eb-5f373ff4a7eb,77917ea7-df52-4378-9975-57dbd680815e,-4,0,8.621457352446521,0.8414181369241575
16011607-8e15-4235-a781-da3daecceedc,2022,2022-02-21,1393366c-684f-4fdd-bd85-9fabb1307aef,f816660e-09e0-4733-96a2-4d878efbff6a,-13,0,0.41345885743530997,0.4756603645716345
25ea82b3-065e-4086-8e44-84438f868fa2,2022,2022-02-21,89fd2af1-5c8c-4222-8ffd-ce72e55a8579,7b9691f0-e940-401d-9e2c-1d4f695fd91a,14,1,14.63545847595616,0.9486782470276067
2fa57d7e-032d-4946-bda6-c4c2f14592e2,2022,2022-02-21,ff948b57-cb4b-42da-a899-37fa5c8a6d86,8de64d3a-4bae-4d2a-a4d2-15ec6583f6aa,10,1,2.2298762080877954,0.5912925097805852
325d1cbb-efc8-4338-a930-42e95bfab2ea,2022,2022-02-21,5b82e9f9-21f5-4736-8307-b4bd280dd3c3,8425fbd0-40c8-4146-a2c2-51ec714ee637,5,1,10.618220474827272,0.8600407211956405
3f359d2f-3c25-46de-9e75-1501e890791e,2022,2022-02-21,7f9edadc-8c22-4821-8da6-0ba70d59bbbc,9aed1c9e-7ade-4533-91c5-322e09783a7a,18,1,7.867909129667638,0.7906634605133025
3f6f79e7-b956-4ad8-a4e3-ff6585428878,2022,2022-02-21,d13e3f73-7b13-4e91-9249-09f1e11e488e,1c994624-ca30-44fc-97cb-9a0aa481ad72,5,1,11.14267001367336,0.8938140886713908
42fab691-1e46-4bc7-9c89-b6612e2a592f,2022,2022-02-21,1bd5203f-23cd-4c96-8b8e-fae5ddfbe69d,a6f2099b-9086-4681-8ffd-c41cc6f1b263,-9,0,-9.333098793583375,0.17336084167427493
44ab807c-3d9c-42b0-9089-36cf20343893,2022,2022-02-21,51c9ea8f-034d-41b2-8d67-b519b3d48286,b31491f2-919b-4ff0-9274-11397e369e22,-2,0,-7.18682323913129,0.24100929192984613
45b236c2-d0ae-4e8f-9328-4215f90a705d,2022,2022-02-21,d67c23cf-71fc-4b63-b6b9-d41c6e172e4b,9c70f4e7-acfb-484b-8154-f0fa9365a3a8,-13,0,0.23418499782426638,0.47798817983328695
5bb7b016-bee3-4e8e-a21c-366a0bf7e72f,2022,2022-02-21,1235749c-6be5-439f-872d-e0a85682aef6,af1bfe66-a343-4c46-94f8-4c670ce2c8d7,16,1,12.078319470931708,0.9082929190234514
5c1d7443-145e-4ed2-8dbc-2f6f77702a8c,2022,2022-02-21,1b846bd7-47c9-4bf6-ab08-e44d968a34f8,d4de33b3-cd7a-47bd-bc4d-da1381432ffe,6,1,3.462865863869184,0.629082366415482
634ac97e-000a-4cc6-8bef-05d2e5de6a14,2022,2022-02-21,d0a4ad01-cd4c-462a-a303-d94d9c7c79fc,697f7fa6-4d64-4abb-8310-9f310c49ad61,16,1,6.552546935718033,0.7642638248208643
77953dda-c241-473d-b06d-181b385ff091,2022,2022-02-21,dcf098f0-7fc0-458c-95fe-c6f0743b4274,77b07047-6507-4cf4-85a5-4c69fc0c453f,14,1,19.764848203452,0.9777059379612386
90caaf86-5cec-4995-9d0b-c08f24a2a03c,2022,2022-02-21,78c4f8c4-d04f-47ed-92d3-34e159fec915,bdcaae22-ba48-4546-82af-ca21a229c276,7,1,16.359412794815206,0.9397613083218155
a5442798-3730-4629-8a02-ee2a14342331,2022,2022-02-21,b32dbb42-380c-448c-b510-ee949569ffd4,c3603958-de3f-4014-9dd0-d9c4c84dd226,-2,0,-5.650930413406879,0.2984727927193642
b36af564-96b6-49a1-ac7f-485574e461cd,2022,2022-02-21,12414365-9349-4a1b-a319-34a8ad92f7e3,94a64c9f-34df-480e-8ac0-1bad98ef2a11,2,1,8.949467661078112,0.821485461704142
b81fcc62-60e1-4b78-8497-fd439f486f8b,2022,2022-02-21,e0d91570-7fe4-4dbd-b6ba-f6ce261fd58b,5f19cada-0d6a-4a64-bf90-7be104537c24,-19,0,-10.770720165617647,0.14016263756681566
bde5e894-8537-4b64-b012-3a4a46e57c79,2022,2022-02-21,9acbe680-5f94-47da-926d-51e1465fc500,bd64a96b-c6bd-4f04-ac87-79bec2f197d8,-5,0,-9.025618120548167,0.16317794877657293
c70aef8a-7eb0-4b4c-a5f4-004999814d20,2022,2022-02-21,964b0070-5909-49eb-8fbe-c2de5f48fe0f,72261a98-a3e3-4f7c-8188-4faf20af42ad,23,1,4.301080759801355,0.6840383087443939
f2226df5-a2e2-4e2c-ab31-cbef545b6cfe,2022,2022-02-21,97a440d7-b0b9-4fd1-9da8-6460649da714,1607fc40-d48c-4c58-9fa8-96e3f20a5137,1,1,6.17659370024607,0.7791313874207468
f223dc1c-d430-4214-9f41-3a9749383e5b,2022,2022-02-21,92249853-0b54-4944-8955-34bc02003e54,4db0015c-fae1-4d5b-8be6-db756062d47c,7,1,15.309655307604778,0.9499277635647885
ff019cec-74ae-46be-9776-8679df4a1f3d,2022,2022-02-21,5e661a2a-5f48-4f4e-b78a-4ebc2220c393,02d8446e-475c-43f7-a829-3e36474bc43f,-31,0,-8.364929183414612,0.22218619421185412
04c840e5-d970-43ce-9e46-d367884b80f1,2022,2022-02-22,cd84e158-0ec9-44ce-872b-e44a595a4e37,f8490c90-4ca1-437a-93da-114f5dac0426,-42,0,-11.045091852763752,0.10158816022639398
0e9a5a23-5ee7-4a5d-a6b4-33cadf1e6ba7,2022,2022-02-22,e44d72a0-bb34-4a0f-b307-188c3b30e131,5018dfc0-8279-4a3e-b376-b7606f612a00,-8,0,-4.774536719002551,0.3268329126395975
2aa4f988-bf68-47a3-96fc-ea6905f131a3,2022,2022-02-22,82d1bf41-2f1d-44d1-8022-220c263d6525,61cad1f2-f187-4b2f-8e53-02eb65eae2d1,-10,0,-2.5569988827056513,0.3835908893794117
2dbb15b3-072a-42a4-b332-ff0bc6e30160,2022,2022-02-22,91a6fe66-7652-496c-9d91-c9bd2b333b6b,3e79582f-0f2d-4ace-86a2-242de87ef6c2,11,1,10.767562878702428,0.8999619659782839
442a0af6-a6db-46f9-84eb-f66710d81283,2022,2022-02-22,9020eea9-bced-4c46-9f85-8bbdff3393c5,43fdfa19-1583-4159-9c0e-1e88e231b35d,19,1,15.858751283051417,0.9433932464749111
44f1de07-86ba-49f6-8164-601e644e8c89,2022,2022-02-22,aef6cc9a-dcfd-4137-aa03-9926d921f466,92665c8e-76f8-4e29-a164-ffd7c8890a33,14,1,14.737488986380649,0.9237089633866312
69c4c8b8-641b-4cb5-8822-cf4c59b4c679,2022,2022-02-22,6726544c-ad23-4d1a-adfa-1a94c2e10a96,fd736c6d-0d9a-4837-8153-b1f51e776578,-5,0,-2.236086239771421,0.44089060613593095
6ac386ae-5a37-47d6-ae7b-bc035c1c1c27,2022,2022-02-22,7bb8a634-d969-4ec9-b472-8294b1782684,86391a21-965e-44e8-819b-837cac02859b,12,1,5.7380935190055595,0.770281895626076
6eab7c92-d712-47be-ad57-309ed31b04f3,2022,2022-02-22,2335e299-031d-43e6-9ae6-536cc9177f51,a50b7fa2-326f-4ab1-8bd2-b0bbf4f26d23,25,1,13.62847853873309,0.8989246407653184
767d3770-3e8b-489b-b592-62838b26260b,2022,2022-02-22,57a961fc-fabe-43a1-bd3f-78858a193715,fbf897ee-41aa-431f-8ef5-0ea7cbe2a05f,-11,0,-3.2001039804905407,0.37634625790327475
7d3018d6-1b89-4ab3-aede-f4f2acda6c47,2022,2022-02-22,28669a26-792c-4843-ad64-6f16da03d389,03b227c1-5813-4ee2-b7f7-34094db05200,24,1,9.016213568042017,0.7905838341830003
903d5101-0f9b-44d9-8e40-00662b36932f,2022,2022-02-22,f4045f82-f9ab-4d14-867e-496a744ac26e,4d299953-da89-4561-afe6-d0a2222d454e,-19,0,-12.810213186624424,0.0626869397157271
9f8cca9f-4bdd-4dae-b9be-8c7133218eea,2022,2022-02-22,e31be871-e6af-43f9-9cf9-865a275b7e6f,3411d575-6a72-4b22-885f-e90bac6bdd28,14,1,17.95172222413894,0.9705432685253848
a49a88cd-9013-435d-bb4b-eb8d9c18ef09,2022,2022-02-22,31edfcc1-f627-47cf-9ca0-61370f3261d2,f05e79bd-96f4-4690-83c5-60a9d4972d05,-1,0,3.5077967545536093,0.590342701386697
aaecf0d5-b7ab-45c7-80e4-74f25f869c9a,2022,2022-02-22,371a2930-c5a4-405a-bb44-9f22b55ca81a,b7b950c6-b603-4afa-afd6-ed15293d3523,-2,0,-3.5744046447346034,0.3513024879474619
adf12f07-12f8-4836-ab0b-cb837ccc7e55,2022,2022-02-22,fc748d3e-7f1e-4823-9d7c-f14ad3df799a,944226c8-c2af-4571-a853-5bb934c49ae4,-25,0,-12.8977506502125,0.07737510201951592
b1423b6c-224c-46e3-9737-77f240cbf34d,2022,2022-02-22,4204a542-7881-4f83-972a-7567cb51cc3c,1ff4fd9e-2594-47e2-8b06-66ad2ca3fcb6,2,1,-2.6347916354714256,0.4144031376594003
b5d3f40d-4116-401b-851f-268c87c4e560,2022,2022-02-22,fbb275ea-bf78-4cdf-ba66-538cd9722ef8,4a44b6c6-3fc1-427f-bd05-432860f3024d,11,1,9.643599626031483,0.8672868143918131
ba7096d4-c997-402f-b37a-0181247dfc4e,2022,2022-02-22,98555e7f-2f58-4896-b98e-4edcece8a333,dac65a7f-4511-49a7-9c6d-3f29d22ff86f,26,1,11.558336203376195,0.860418322867996
be13e035-bbc4-474b-a69f-735e4b9917dc,2022,2022-02-22,62080182-ef8a-4907-90ca-00df4cec4e3c,00366c32-204f-4176-9a22-20555a1e6363,-8,0,-0.31374904481598637,0.48677265849273743
cfabf61a-f1e1-497f-8c60-52e6365cf863,2022,2022-02-22,e6d68428-bbd2-4402-b980-d22e5e7957ab,1552f5fd-a3ac-4947-93d8-08bdf1a77f93,12,1,6.795998079793772,0.7883942481320226
d7772205-7ef6-4f7c-b808-0be19964cbcb,2022,2022-02-22,db040d7f-5499-4400-9069-620c27646ed6,3795d76f-7577-4ea0-8f28-89d16c87f9f0,26,1,14.266115023620124,0.9596644717938078
db171f06-e305-4267-9dd8-bc1ce2dffc69,2022,2022-02-22,8678425e-730a-4a99-bc7d-7c4282d7e434,b23fd4b9-0101-4a30-a8df-10760e1f4bfd,2,1,1.1134221606720607,0.5681039690594876
ea7a5bcd-765e-4530-881b-f2edd51856b2,2022,2022-02-22,793f775a-aec3-4741-b86e-4c8e079f74a4,4bc4f625-be38-4da1-919a-c43bedce10b4,-2,0,-0.6070312370108135,0.47968570051995957
f0c97a60-f4a7-4011-8e77-7d080d278142,2022,2022-02-22,5820546f-7b8e-4593-afc4-fa098623f568,e40486af-12fa-47cc-93aa-4b196b7f5bbc,-21,0,-7.13470011732608,0.23725303811931164
02b15952-e803-41fe-a2ae-bd409ce6a4b8,2022,2022-02-23,12414365-9349-4a1b-a319-34a8ad92f7e3,2bdfedb6-38f0-4eb8-baaf-2965a942cb85,8,1,-3.5739836920035732,0.3218118618006549
02bc9342-a8dc-4a1f-b89e-f38e1e02e528,2022,2022-02-23,f1501573-e854-43f7-9346-e94fa60ac4b7,7798adeb-2809-42ca-b509-02c719168825,-24,0,-7.645210197631202,0.25571147756309975
07eeef0f-663b-459e-aa75-7783493bb7c0,2022,2022-02-23,cd9b9678-1f2e-4444-85d3-3269c4b3775a,77b07047-6507-4cf4-85a5-4c69fc0c453f,17,1,7.536030318403278,0.7790553522578437
0a54a3bd-f63c-4e18-be2c-bb9d61f45065,2022,2022-02-23,58041e02-d340-41c3-9f0c-e5e2a5c7a135,5e8f405a-2ee1-4230-95ea-420666557eed,-12,0,-10.64904309609652,0.15988285664895704
0b14691f-28f9-4848-8d39-66ceec2e1ba2,2022,2022-02-23,d13e3f73-7b13-4e91-9249-09f1e11e488e,1235749c-6be5-439f-872d-e0a85682aef6,-6,0,-4.292121576664651,0.3403086814025576
0c8bdccc-f42a-4117-8a5e-843225b3e2b6,2022,2022-02-23,f3d329ca-1b85-47f6-a871-b80851fdc6d7,94a64c9f-34df-480e-8ac0-1bad98ef2a11,-4,0,5.783933020637547,0.7532653778821657
0ea65b83-0834-4c04-93de-0f6304ca0748,2022,2022-02-23,b990f4aa-efbd-4625-95a3-376e51ad9f2a,3ebbd7b5-f0e2-4fd6-870c-58a45d420f53,-5,0,-0.4259493811480859,0.5579932757855235
1e49ea46-fcdf-4a32-928d-86703724466c,2022,2022-02-23,3ae40137-6b36-46a4-99e9-3ea88255660c,5bb511d7-5a12-40d8-83d2-8be20bfc33d4,11,1,-1.3849466349612483,0.4131145673123108
1f8da66c-f8a3-43cf-b043-cc8810df085a,2022,2022-02-23,cf2375a7-1488-493a-8679-e8112b47cf7d,b91fd5ed-1e0c-431b-bd4d-0947f67edb2b,-4,0,-7.94433472208344,0.20004252843766845
268cd9c1-cbde-4ba5-90ba-126d9ebe4c04,2022,2022-02-23,6bb1093f-59ab-4de2-9cae-c257b87d56e4,f621591e-18ed-471c-92f8-2c4d4c00bb75,-1,0,-1.3772776662001645,0.4508728669710236
27e62c79-7d08-44ae-bd05-416f1786b5ed,2022,2022-02-23,b101bc61-0628-4298-9362-c2e546437032,2bf13d1a-4738-4039-9d08-49f17859d4eb,-14,0,-10.336843469594857,0.18125267819551302
284f9d40-a15f-446c-8c2c-40ee5e238edf,2022,2022-02-23,01167cd7-9c6a-4860-904c-78f7c777ba81,be29cc8b-f65a-4ba7-8a0d-40b2a9643422,13,1,10.840651242913006,0.86095288192906
2a998210-944b-417d-8f87-fd9a0746bf01,2022,2022-02-23,3943bea0-341e-414f-8f46-b97e08b5f90f,1bd5203f-23cd-4c96-8b8e-fae5ddfbe69d,21,1,5.564420971231416,0.7758508573263021
2b9bcfaa-c78e-4868-9684-1782ca7ce4d4,2022,2022-02-23,59a704c5-1934-42cb-8720-83cd7ee9f3fb,fb5884a9-f370-48a9-9000-3b1a4f02f0be,5,1,6.597611101278753,0.7878877088382273
2c591dd1-738f-44f3-a08c-4805dd92f421,2022,2022-02-23,6081d978-c3cf-482e-8374-c40b212242c1,cc1716b8-24e4-49d7-8778-964affd58954,5,1,9.412259994368426,0.7998828840214783
2c730353-63e3-4f30-805f-8ba39ac1f9d0,2022,2022-02-23,8ab33314-bb5c-4e60-b515-3564c813ae0b,e0d91570-7fe4-4dbd-b6ba-f6ce261fd58b,-9,0,-1.386230230157842,0.47349032674164665
2f38fb5a-a916-4686-a791-12d4d08671d1,2022,2022-02-23,a313a13e-7ac3-4c73-8872-6d424a253480,d0a4ad01-cd4c-462a-a303-d94d9c7c79fc,-8,0,2.0873083419547007,0.609422955474269
31130a0f-b448-40a7-b2e4-911819e16aa4,2022,2022-02-23,23ad3833-572d-41e9-8cc5-961b2db50d2d,81c35070-ad3d-45bd-8fcc-5a8c73a46ba3,-11,0,-8.14466312129543,0.1862649282598047
35374e56-b838-44fc-b259-90c3d456f56a,2022,2022-02-23,1bc4534b-6474-409b-abbd-f840a8dc148f,8e9f9414-bd72-45a6-8896-59f1453666d6,-17,0,-16.272550611171415,0.06725421419132346
38b0b741-428b-480c-93c7-2cfbf9574dc3,2022,2022-02-23,d2cb99ee-debc-4e8f-93ba-b0ffd42247ea,ae36afe0-850f-4758-99ec-d7deb696d4fe,6,1,6.698661272761943,0.7684717710132616
437e7adc-9b51-48f0-a0aa-73c7add68856,2022,2022-02-23,e0d5322c-5032-4768-98e5-0b1ffa787a08,e06f08fc-4ed9-4807-9f8a-7889130e21f6,-20,0,-1.119616600490657,0.42996548707916254
570587af-860d-425c-9a17-7f84e81eb3e8,2022,2022-02-23,87cec0de-4d93-4ed3-9ac3-deac97be5eba,2454a2fb-1f07-489d-8ee9-b4313e7e775b,4,1,9.140437436817681,0.8418779889811718
5da26ec7-8e2e-4602-829c-4d7ef82992a5,2022,2022-02-23,b394d3b3-e9a2-466b-abe0-89cda8e8d669,5953232b-95c2-4915-a150-ed30d3fdc96f,13,1,15.207543299308377,0.9100967314022537
5e663297-a529-4e70-a2aa-e058034d1844,2022,2022-02-23,75755c79-6aec-4154-b1f8-2337fd4a06c5,ff948b57-cb4b-42da-a899-37fa5c8a6d86,9,1,7.112781705354591,0.7927550283897994
62c330aa-2e8a-4a4f-9380-d0afe028a08a,2022,2022-02-23,29263387-625d-4270-b420-6066c840fbe3,42f97a12-c358-47bc-8b1c-e20878be4a05,32,1,7.691067213543389,0.8421925126471193
648e5ac0-2bb2-4183-83bb-66ad7c3b3c3c,2022,2022-02-23,3e7063d6-a6e4-4aa4-8e77-044c9f5fc21a,e5df557b-d16f-479b-b7f6-db85db97e2cf,7,1,2.935534746377051,0.5846818617221804
64ea9505-b589-496b-8d7e-5ac2936e459d,2022,2022-02-23,b4531112-44f4-44bd-877c-3fca948b51f3,4184e3dd-c499-4f67-b148-fb0c4342d564,-7,0,-1.5641391284011226,0.43217285667938404
66a2dd4c-8860-47b6-91a2-92a3776f551f,2022,2022-02-23,0b986199-3ea8-40ba-98dc-8a54b3509609,5a26bb55-d02d-4957-be27-861e8036f152,16,1,0.8639222453890615,0.5913769603785239
6d7f3463-e403-46db-a9b1-073893a350c4,2022,2022-02-23,d91f2468-d81d-4b25-a8be-53e85e8b4ded,f04a9115-7f6e-45d4-8590-4934a791ebb3,14,1,10.612345311502441,0.8921836967106125
72c1e487-3ffa-4649-922c-c34bd0995f9a,2022,2022-02-23,a6f2099b-9086-4681-8ffd-c41cc6f1b263,1c994624-ca30-44fc-97cb-9a0aa481ad72,51,1,24.521882044681433,0.9877377661808762
7b444e12-31db-48c5-baa1-338ff4920841,2022,2022-02-23,c5a3e484-778a-41ce-abc4-7ff9ec51ca4a,bf8f11f7-2ca6-48bb-ab7f-58720df6451f,21,1,14.60120402515111,0.9352064810227021
7dd571d4-3050-4bde-a515-f3cfb657ec1f,2022,2022-02-23,048ae5f3-c6e9-4937-93fe-ec224e17fea2,0c1c2a64-13fd-4f6b-b1b1-2f9290dc2295,-4,0,-6.1074747542530465,0.26013920652071115
806f833d-7bcf-4070-8fad-78535ecd6dc4,2022,2022-02-23,72261a98-a3e3-4f7c-8188-4faf20af42ad,dcf098f0-7fc0-458c-95fe-c6f0743b4274,-7,0,-11.364601000025235,0.1097631441360121
839d465c-e825-4085-a71c-df3b07809cf8,2022,2022-02-23,ce6a2240-48d2-446a-a847-e4ad4367b9fe,b0fa4996-a909-4fd7-ba9e-8f180716f7f3,9,1,10.695814039623725,0.8760960115331536
9935173e-67a0-455b-992a-c36c7888c8cf,2022,2022-02-23,1607fc40-d48c-4c58-9fa8-96e3f20a5137,188437e6-a8e9-4e63-b58a-4141ffadc80e,-4,0,-9.680741624212603,0.18308449960338408
a08c1d78-3cac-42b0-9245-9108c70242d3,2022,2022-02-23,d99c752c-71e0-431a-b0b7-143707bbc110,d84fbf05-f799-486b-956e-f0500927e1d0,10,1,-2.9108526069467198,0.4013194290536458
a4d73ca7-c538-40e4-9dad-dfd966fdc569,2022,2022-02-23,e61ea85d-a57e-4621-930d-0b0e653eb2c7,ca2c8cbf-6e05-45fe-8697-30f46c2f58b1,-6,0,-3.1997996967785207,0.42100712468935536
a77e1ec2-122a-4628-a7ad-dc23baa1790c,2022,2022-02-23,af1bfe66-a343-4c46-94f8-4c670ce2c8d7,31a85828-d084-442c-9cbf-1f706ab87f57,-6,0,-7.0638988462310115,0.2693661504689565
a8a006c2-6646-4e9f-87c1-0a27f359c12d,2022,2022-02-23,56c81362-1bcd-418d-831b-74b9b0c4a563,909caafe-4b74-468c-a1d3-efd53ab80ca9,13,1,8.108388441284031,0.7912228404896328
aa144946-23f5-4eaf-95da-2a294df19625,2022,2022-02-23,b773a5ad-3d34-4658-a942-6e2836f04e3b,6da558cd-823c-46c8-b91b-4a40b474cc87,-13,0,-0.8444444782141278,0.513472428974886
ae590d89-42ac-4488-8cf4-7febed9b2399,2022,2022-02-23,ff725b84-1ca5-43ef-be84-cb70a6494dab,8de64d3a-4bae-4d2a-a4d2-15ec6583f6aa,3,1,2.1061300412651422,0.6433354849132381
b21cd159-1e69-4250-a957-ff6aee814d74,2022,2022-02-23,f5d59c00-1a94-4484-8e5c-c5073ff87ce3,242a53a0-47e7-45ed-afe8-61172c29f09d,12,1,14.10744122446488,0.9119559711945555
bb5388bc-9a54-4e2a-90a8-e06ac8dc6a5c,2022,2022-02-23,cba4f27f-e547-49bf-bbb3-2983917351a2,3911d63c-249c-41d9-a29b-df0377e1a054,6,1,4.551169866673617,0.7467713609627855
c08f4512-1a68-4674-abea-c5b437696552,2022,2022-02-23,61476d05-09c4-4500-a588-2847128ed6e8,5984bc3b-7531-473e-8087-c5fa390b08cc,6,1,6.687175565641768,0.7697603329017455
c28f4c62-53cd-41d7-a486-24896d4f5a00,2022,2022-02-23,8b50b68b-b346-4272-bd86-947d908d937f,28ef27aa-2dd0-4469-b521-fdbe9d8c6bd0,-3,0,-1.9599431561339837,0.4150008960335131
ca33bd00-2ebc-4eb9-9b93-c18d0644d92f,2022,2022-02-23,d7c1086d-592e-460b-9f30-684b14d1097f,9dc47cce-9b16-420a-971f-5362aaa69dc7,-21,0,-17.13573813180634,0.03932584116611013
cf468c95-7893-4614-9444-e8973aaa7ed0,2022,2022-02-23,95fd11d0-8e48-48f1-b7fc-f03fe1bc8c84,97a440d7-b0b9-4fd1-9da8-6460649da714,10,1,6.863082262256761,0.7583248636494424
d24b830b-d3e5-4833-a81c-4649b0b7bf74,2022,2022-02-23,cabf7c08-20a5-4c33-9660-d2b3f25d04b0,b553e2a3-5933-4adc-b999-6deb896450c3,6,1,4.722819797093064,0.7313935684831935
dc53a196-c188-42f2-88ea-a304c5e5c508,2022,2022-02-23,0cc63380-151c-40fa-bc6b-76091785d359,df8bfbe4-f858-405e-bd5a-04f400d2d7f6,2,1,3.019860051564611,0.6703951851741239
e23bc8a2-f923-484c-83a7-2f870302bd1a,2022,2022-02-23,d1893fac-c32c-416c-9aed-0d6c61ad0935,964b0070-5909-49eb-8fbe-c2de5f48fe0f,16,1,9.705359465183333,0.884353900087691
e3971b1b-058e-448b-bf84-a56359787d25,2022,2022-02-23,94d0d44c-b426-4381-9d58-bffb34c097f5,d98e9dc5-d3b9-41c1-ac48-5a4945d47713,-3,0,1.8890944837838368,0.6640096710751275
eb9572ea-03e4-48d5-b81e-21e936429df6,2022,2022-02-23,3f62a009-8c84-44c8-9775-4e3959e17edd,4bd089fa-104e-4a99-a39a-1af78fc3e611,1,1,4.720505368490491,0.7011638460934514
f01e6d78-2024-4fd6-a024-ab26f78b32b1,2022,2022-02-23,5f19cada-0d6a-4a64-bf90-7be104537c24,be639f4e-dcad-4737-8fdc-2740207d65e3,-10,0,5.425391606937716,0.6571527221788359
f159a9a4-8042-46a2-b474-116581868192,2022,2022-02-23,054be086-7ef6-4006-880c-01ed91db37c3,1e89fbf7-1862-4050-b61b-f4de4a9ae045,20,1,12.224045994521886,0.8951859589764016
f23b8f83-e47a-454a-bfba-f5342e6fe11a,2022,2022-02-23,8af2e3d8-3a2f-4008-b261-30f11908b768,cddd6722-8c88-48b6-853a-6481451c0290,8,1,11.33123142703182,0.851566704585394
f29e2078-4bb5-4b85-bc93-f79de2a72361,2022,2022-02-23,f1fa4ba9-17ac-4467-80da-6559daef7a45,0724bbd2-14e4-4069-820d-16f4dcda5df5,4,1,11.300375794024603,0.8991801184073371
f41bafe9-0764-4aba-a115-595abc129a7d,2022,2022-02-23,c2c0a075-e16f-4aa1-a838-887ef3ba2106,5ec861d9-4794-4460-b935-73f51f03efc1,17,1,-1.5932205236118973,0.47624362882993687
f8c27548-1529-4aca-9207-a7757fc350b2,2022,2022-02-23,6b68cf86-676c-4d12-958b-f2b9da02a5a1,fc4bf214-f945-46ec-8524-00a3196b7449,6,1,9.184467731435584,0.8210290456622148
05685fca-d8a3-465e-88be-487b2afdcfd4,2022,2022-02-24,f9beb22d-1a30-4dc8-88ac-4737870b7e69,0ec0fe2d-cb25-483b-aeb2-0f12af2160c7,-14,0,-14.329356643516368,0.05890779702937634
06b5095a-e1bc-4ca7-a4a0-e7f2385436fe,2022,2022-02-24,f9a723a0-1697-4175-8193-97f2f8906c0f,1b846bd7-47c9-4bf6-ab08-e44d968a34f8,10,1,9.540875852584307,0.8487570736333401
078411a5-547a-410e-a46c-633af05a4e9e,2022,2022-02-24,9be3dee8-ee3a-44e5-bf8e-c59a500829e6,2a426bd0-410e-4de3-8d49-d5fc05123454,-20,0,-11.56861305934078,0.09548771311906301
08a632cd-23df-4471-94a2-004f61a8c260,2022,2022-02-24,e78e20dd-cddd-4b53-b5d6-62aad4ced9ca,2678c438-d23d-4ec0-8105-ab3f1c748aaf,-17,0,-5.729505336309007,0.30986364546774703
16e16699-d3e0-4e28-bc8b-8acb165559e4,2022,2022-02-24,3157f4b6-4b11-46d9-beb5-cef7c68fd1a5,b7898dbc-7198-47fc-8098-496c7867351f,32,1,8.51631043264168,0.843318162367
197f33d0-87f6-46ba-b0ec-38c358a4128e,2022,2022-02-24,5d7eb8c0-4b09-461b-bbc5-e2a032194a74,fe829304-1347-442c-85ad-2139be36330b,-3,0,2.9871122824810716,0.7176408472927408
1e98b26a-e926-4224-b1ca-6a0993e77511,2022,2022-02-24,7dd2d410-1958-49f9-8b62-e7cc25e3c647,1049e433-d23c-4aa2-8581-4bef2ad0715f,-12,0,-6.911260386176367,0.23587608299736962
2518a60e-00d6-4833-8bfa-f05e38ab949a,2022,2022-02-24,ca910495-28ae-4dcf-a3bb-7b04612490b7,d67c23cf-71fc-4b63-b6b9-d41c6e172e4b,15,1,2.6873797677695754,0.5889228860176564
268a8c09-9fd5-452b-a879-d68d2088b419,2022,2022-02-24,f22782cc-03b3-4a0e-a189-8305ebe19b87,dddedca4-47e5-454b-b278-b9f2fec5e78f,-3,0,-10.307884631625631,0.13663680481315912
28bdb843-4d55-454e-b9cc-1174a6c35b06,2022,2022-02-24,4d89f528-9a1e-41ca-beb0-98f913c61c2e,e89766a3-c899-4922-aee4-cfaa2a8fb500,4,1,8.891877842200778,0.8452779753734556
2a76e23c-49fd-46db-b64e-60be92c2253c,2022,2022-02-24,2422cf8a-bacd-4cb0-97f2-244a07c62c78,24dec588-02c3-4c82-9ea6-d467604a8150,14,1,12.156601058857131,0.8688053966625146
2ae5d81e-5849-4d7b-aeaa-5d1d1cc3191a,2022,2022-02-24,92249853-0b54-4944-8955-34bc02003e54,d5a14f1d-6220-4af8-9b8a-c8a9ae952d5e,-9,0,6.1679399269322746,0.7572583276564225
2d48410c-2a1e-4c7e-b0e1-8ef886ff0437,2022,2022-02-24,0c933bdb-bf23-4a17-ae1a-f28978a95152,8dfdef93-7be0-45db-8281-e58565dd9d85,-12,0,-14.48863488661971,0.10991607408713426
3a6ddcef-bc44-4ef9-bc30-fe3514dce709,2022,2022-02-24,16133dd5-c118-4a85-999d-20451d1fe132,6c96789e-21df-4f43-92b1-8e62705ffc1d,-11,0,1.297545594552068,0.5055001453336736
4341c9dc-fb87-406f-ba91-c0f3086cde72,2022,2022-02-24,1cc71d7e-b5a6-4b50-a797-176f96548858,1094d4ab-e85f-461d-8ef2-525fd92ec80d,2,1,-0.28873411405728633,0.5091785683268164
43ff2c37-79d4-44a5-b113-95df8388e170,2022,2022-02-24,e6e965ed-2ea0-4655-b873-7c4b7d9db0ae,6915e90a-5d80-4d4f-8d44-0bd316979884,-7,0,-0.022139754680193947,0.5321787467120459
480fd9fc-65b1-4ca4-9c5b-176014243334,2022,2022-02-24,9400f670-2aa7-4099-aa46-ea9cf4724079,43f1428d-b856-4fe8-b864-8728bfdbaffc,-18,0,-7.333000243078589,0.19529958809969264
48ce3c57-1554-4a85-967c-c792229f3062,2022,2022-02-24,e51ef676-50a6-460e-81a8-b05cdee80c25,71a67ffc-6558-40e0-96eb-79527a541007,7,1,-0.5047366216978897,0.45406882582132624
4a6962b4-4c94-4df0-a3ad-3f67c71c8f7d,2022,2022-02-24,c6c28fde-56df-41e4-839d-2d6201c8dc27,8f73f541-6fb8-4ad2-a1c6-e3eef51e7b64,33,1,5.602545645999391,0.7310689190675915
4b8a89f3-5750-4b00-8608-8618fbf96d95,2022,2022-02-24,79f44737-6e40-4cba-af63-6ff773df5f36,48b92b41-b7ed-4c2f-b7ef-3e3d4a99fd62,35,1,21.85090168228088,0.9865630601298871
4d4e9d92-7bf8-4b3f-9b6b-023b3c69d3ef,2022,2022-02-24,0f928622-6fc6-4817-9641-a4366153c8c0,1fac2552-eeff-489e-85f1-ce8abae4b5d3,24,1,24.28932342257601,0.9858570239243251
527a0a72-620f-4972-ad61-cb4d3feb3851,2022,2022-02-24,fd0a26ff-3454-40f1-b8e8-1f0f6f9523db,afaac3dd-1734-4b48-a2b3-c72d8548f375,5,1,5.3751438809769,0.7665108868012489
53962aba-81d6-49a6-aecc-b5c917f4e4c2,2022,2022-02-24,a30d0067-866c-427d-b6d5-a55b4c986208,7b9691f0-e940-401d-9e2c-1d4f695fd91a,-17,0,4.695669232191041,0.6829463993081696
5602da72-0e66-4ff0-b76a-9dcf2e3444cf,2022,2022-02-24,7c264f4b-0e3b-448a-a195-c16c164a624b,9bf29604-a6db-46b0-b81d-92452dc43267,12,1,14.911075860322272,0.9580826261148313
5c44c86e-d6a7-420a-b086-bd8f4c6d5551,2022,2022-02-24,553733fe-ac6e-4397-9188-b27a01824e73,2d5a3d36-55d8-4fc7-9050-a067b5a5b3c9,9,1,2.0503838255154965,0.5556916328770778
6a970dfb-7bde-4862-9fbd-05a4c36ea549,2022,2022-02-24,644511e8-8569-4c1b-b22e-4bf2710fa9da,3b495752-ddf1-47a7-8bdf-2625c4bfcce2,-4,0,-0.9208210016299674,0.4317366746359231
718d362d-6dad-4fcf-bdc8-0d4f17281a52,2022,2022-02-24,14fa05e6-500e-41a6-b7a0-de4b16c4e7cd,4d587dbe-16e7-4990-a378-a0fc4c2c273f,-16,0,1.6013069514880232,0.59417358678974
74f60c27-a80f-4d64-a828-b6d231665186,2022,2022-02-24,21f47709-f514-49eb-9da9-1f6805407244,b9052e15-66e8-40e6-86ac-a872e5c51fe8,6,1,-3.0216296989067417,0.4389160355383798
77bb5469-1037-4c9e-a5aa-abdb7399245f,2022,2022-02-24,5eab2011-0416-43e7-bbcc-83c4224297f9,eb038e9a-e14d-41b3-b26f-804fde52e571,-3,0,3.0753316377251356,0.6754391843844686
7da7097c-186f-40e5-b1fd-3128d7874519,2022,2022-02-24,ef3d2fcf-bc17-49a6-84e3-cc117e8fc095,1552f5fd-a3ac-4947-93d8-08bdf1a77f93,-7,0,2.0906968781249713,0.5802512707088635
8a369af9-9d90-4452-ac29-bbfff9ebeb95,2022,2022-02-24,7f9edadc-8c22-4821-8da6-0ba70d59bbbc,a8f76e24-7f09-4727-b40d-6834e4fc0829,9,1,11.812498801294941,0.9273438284395518
8e70ff7c-577e-4c19-93b1-7f675bf26c48,2022,2022-02-24,212827bd-b2f5-4ca3-a901-403112b8594c,d9411158-02d5-4d70-8862-92cec8bfdc49,2,1,-13.07329079523592,0.06254510406516675
8f029512-a7bd-49d0-89c4-e61bf3dd7044,2022,2022-02-24,371a2930-c5a4-405a-bb44-9f22b55ca81a,3795d76f-7577-4ea0-8f28-89d16c87f9f0,-14,0,8.65716451433178,0.8461737428787613
9485dc15-358e-4caa-96a9-070a7cb82068,2022,2022-02-24,dea85f83-4470-4a0a-934c-553c4722d079,fbf897ee-41aa-431f-8ef5-0ea7cbe2a05f,-3,0,0.8723343511865753,0.5626008886219929
9c4e2446-e25b-4503-bd3c-2bfc7973b0bd,2022,2022-02-24,726e1c94-fb9c-45ee-ad09-5e487744b47a,7187f894-4dce-4524-b538-b66a892cd89a,-36,0,2.1106617978533606,0.6107458309695697
a11db1f8-b446-4e37-9d57-b787e98d7add,2022,2022-02-24,dfc3b54f-3b20-406f-a673-33061db4e3ba,31edfcc1-f627-47cf-9ca0-61370f3261d2,9,1,7.482806318831365,0.7718081048247041
a25aaf38-9d71-4f74-b940-6f43956c069f,2022,2022-02-24,f5ff136b-cc0a-4eed-a502-c028afe284bf,ceed979f-ef7c-4eee-a2e7-fc66ff70bbc1,12,1,-3.3406224797181934,0.3044078253957712
ab828902-d534-4849-b385-aff51c7175c2,2022,2022-02-24,254cd687-c2d4-4fee-b5d3-c3ce6a9264e0,669eb771-4301-4c20-8e17-113d14b6cc8f,-4,0,-5.877423891007763,0.3212619368759578
b33a1add-1bd5-467f-91c2-46d7b1041df0,2022,2022-02-24,5253a75a-17f7-4ea5-b313-743697ebca72,cc4eefaf-2887-46d2-920d-d97a8f3df18c,19,1,-2.079250560659971,0.48259108636471415
b4276411-73a6-4f5f-9b2b-ec56b9d253f4,2022,2022-02-24,604f3fca-4ca3-445b-9be1-3cb6b7f69fd8,91d1df49-0521-4008-8e8f-c2098944ce2c,14,1,13.757155527681295,0.9132895619653945
bc17a1a2-a81f-4b53-b931-61f25d15f8f1,2022,2022-02-24,61cad1f2-f187-4b2f-8e53-02eb65eae2d1,c14dbd3f-31c2-4647-b19a-e03839f04ad5,-11,0,2.3612627676465436,0.6163148004056607
bd8a6a63-12f0-4b37-8906-664fec8ceed4,2022,2022-02-24,a8d4a467-9623-470f-9ec3-c15afb497e8e,d77ce32a-30e5-47ce-8841-52447d9fe891,2,1,1.7349620405381816,0.5932925996166261
bfaf3bdc-249f-4c40-b18c-53af35ca69f7,2022,2022-02-24,02d8446e-475c-43f7-a829-3e36474bc43f,21282287-1619-4d11-9e25-59855bdd5be6,8,1,5.995740291048569,0.795751787586963
c5f2bfbf-344a-4f94-a059-8e5b2b60e27d,2022,2022-02-24,3fa1a848-0e6a-41e6-be7c-d6241c6c6caf,bbdc8c62-dfe4-4e42-9ca9-ff85d375faf9,-4,0,-0.36453312966273793,0.5543316146329849
ce9f00c7-b581-4267-94b2-b99e72529fc9,2022,2022-02-24,29398553-f42a-4873-9321-4c772f7dca42,6bcc781c-aaad-4e10-8214-7a1d0e3f2e6d,-16,0,-10.680288036594984,0.12720805816335473
d1b1f5ab-ed56-4bb0-9cae-08be012d9cc1,2022,2022-02-24,77413edc-f997-4807-a4ea-9caf8157da8e,d34afafa-d43d-432c-98d1-72ab0aa8a823,-16,0,-7.1182084752182355,0.24055081452088423
d262b1f2-e3d5-4a22-a6c5-6d6c53e273ad,2022,2022-02-24,0d182ffe-13fa-4447-8f00-f38088d0cf05,7dfde2c4-2d03-47ac-8d87-e6480afb8a99,9,1,11.749977787849641,0.8941036033737061
dc6343b8-8b0a-4d09-8c08-7abc25334fda,2022,2022-02-24,e9770216-1dda-4db8-bc54-264a782d40b3,99ad5125-6b8a-446a-ad41-7a5f50dcf6b7,-6,0,2.342078621486989,0.5913693551517857
e15e2d27-f26c-46e3-abc9-b8192b04207c,2022,2022-02-24,ec2fc7a9-a3eb-4e36-9404-f156e2f997f5,240cc087-ebae-4133-9c14-cb46ebe54b97,22,1,19.100351907144336,0.9704084555757887
e27243f5-b565-4716-8887-96afb3f1c131,2022,2022-02-24,b1ad6435-1c60-45db-bfd9-c91cb367d66b,ffba6b6e-94bd-46d7-a735-5c1822df816a,-6,0,-3.0905505369263624,0.4126750414348323
e717f480-7c09-4098-b90f-cc5273477a5c,2022,2022-02-24,5e661a2a-5f48-4f4e-b78a-4ebc2220c393,4db0015c-fae1-4d5b-8be6-db756062d47c,-4,0,3.5965016606661004,0.6815834802387012
e77f01e2-85c4-4831-8cd4-1cb031690dff,2022,2022-02-24,b23fd4b9-0101-4a30-a8df-10760e1f4bfd,b7b950c6-b603-4afa-afd6-ed15293d3523,-11,0,-6.438545203814985,0.2329527347755188
e9149cd6-8d83-40f6-8f83-d49cdf90181e,2022,2022-02-24,0f8a15c4-f4b7-4335-a429-ae233bf4aa41,af3a149c-e965-41c9-af16-a3dd0322f9a7,30,1,11.058436519991245,0.8598869806071153
eb30b0f5-b3fe-431c-9693-790a9ceead7d,2022,2022-02-24,884b1e88-9543-406b-bbef-d24ea9c36092,4090fa15-7788-40ba-95cd-6c5cba85e91a,-36,0,-19.800126796126868,0.03732650090144646
eda6d7c6-52ce-4b0e-a6f0-8b113954e7ea,2022,2022-02-24,77d10aad-4300-4849-8c55-f92e900358a4,68215498-0684-4009-a2fc-93fa21109838,7,1,6.642579834039959,0.7052223055610013
f13fb64d-2202-4284-bb92-01883b8cd353,2022,2022-02-24,f2eab5a0-4f7f-499a-b807-edd4f40d28e6,5ebd8a2c-2831-4a31-b7bb-6d6e6e1f7ff9,-12,0,-3.699815986785907,0.3577268307473541
fbca8013-08f8-498c-8c05-2393c7addcc1,2022,2022-02-24,73339436-3261-4171-9cc8-854b8e176836,ded40384-d167-4ba1-93ad-2fbaa4def151,-26,0,9.652342445862669,0.868323581866517
fdf96009-f2e3-444b-ba60-e11d8694325a,2022,2022-02-24,2aba779c-997d-45af-a881-44cc87727a3a,d25581ff-ffd9-4c81-a946-e99b1de2c3b6,13,1,7.278218933905024,0.7910461495593426
0216c5ca-8641-4a03-be02-d0c98937d91a,2022,2022-02-25,8d6547d3-5ed7-46e3-9ddd-95756f8adf91,53922fed-96eb-4cde-8b45-7f8b7e032cf8,7,1,7.309920769784671,0.8058953985088457
0cef8fbe-ce06-4606-97e1-a6116962e045,2022,2022-02-25,61476d05-09c4-4500-a588-2847128ed6e8,28ef27aa-2dd0-4469-b521-fdbe9d8c6bd0,-5,0,-0.4966577865157177,0.4234728459927958
277465da-d1dd-4d8c-9564-97b9a39262f9,2022,2022-02-25,4b2092bf-f1b2-48c3-8ba6-43f8f5d0ee62,fbb275ea-bf78-4cdf-ba66-538cd9722ef8,2,1,4.448125502180728,0.6685286927768229
298aed0e-e8bb-43fc-aba6-f2c3d467a8aa,2022,2022-02-25,54514b3e-2558-4e69-98f9-b1f97fc17835,c01c9fdb-95d5-43c7-b905-8bf714226631,7,1,12.753268362580503,0.923560569294827
328d1362-3d81-4774-a4ca-c638b8aad254,2022,2022-02-25,f5d59c00-1a94-4484-8e5c-c5073ff87ce3,6da558cd-823c-46c8-b91b-4a40b474cc87,7,1,8.220866500122362,0.8110173829095745
470b6463-2cf0-46d8-ba8d-e7753a4bc214,2022,2022-02-25,9fb581b3-9267-4861-a01b-51b7e751ca68,9aff8705-aa1a-4181-bda2-9f9544361658,25,1,19.64972414607985,0.9756830859252341
53230457-bfbc-4260-9bbf-2cca825b17d8,2022,2022-02-25,e6d68428-bbd2-4402-b980-d22e5e7957ab,c2652773-7b58-4ba5-9edd-ffa62acbd245,-5,0,-2.066434447296589,0.4260110167503059
63c72c26-9f7f-4f3a-be0d-744ddb8a0531,2022,2022-02-25,8b50b68b-b346-4272-bd86-947d908d937f,5984bc3b-7531-473e-8087-c5fa390b08cc,10,1,6.008590712762106,0.7889144574410112
8c51e8e2-6bc2-4009-ba8f-c96ddfa44a14,2022,2022-02-25,4b6d2ea4-d1ab-46f4-b480-555227d14e55,062eb8a6-996c-4619-9ba7-498cdd009dd6,2,1,-2.29164824135249,0.43968587892692956
8efb68a3-4ec8-49d8-9a09-c86b43605c83,2022,2022-02-25,86391a21-965e-44e8-819b-837cac02859b,98555e7f-2f58-4896-b98e-4edcece8a333,-10,0,-12.532384977849375,0.1037998743939221
97071ee3-6877-4261-afad-2f5ed29066e8,2022,2022-02-25,b990f4aa-efbd-4625-95a3-376e51ad9f2a,5e8f405a-2ee1-4230-95ea-420666557eed,2,1,-0.343775453352897,0.5690045150526591
9f354510-bdf7-44a9-aad4-a9248bb7fe27,2022,2022-02-25,58041e02-d340-41c3-9f0c-e5e2a5c7a135,3ebbd7b5-f0e2-4fd6-870c-58a45d420f53,-13,0,-10.786656491419858,0.138066816781026
bacd5aae-a35f-4cd7-9921-93a93778418b,2022,2022-02-25,b773a5ad-3d34-4658-a942-6e2836f04e3b,242a53a0-47e7-45ed-afe8-61172c29f09d,6,1,4.560373352552325,0.7698671491117424
dd887906-0899-4917-824d-293d0151c311,2022,2022-02-25,db040d7f-5499-4400-9069-620c27646ed6,aef6cc9a-dcfd-4137-aa03-9926d921f466,-8,0,2.6469073079696317,0.6040128219783816
f22fd07c-370c-4a36-8c38-0a09f9246f05,2022,2022-02-25,d4de33b3-cd7a-47bd-bc4d-da1381432ffe,7bb8a634-d969-4ec9-b472-8294b1782684,7,1,2.7454863280611685,0.5504234877757714
00c3c64b-e701-4c1f-b8d7-13d6c8d4d0a3,2022,2022-02-26,e78e20dd-cddd-4b53-b5d6-62aad4ced9ca,eb341503-aa23-4784-af34-3b14bd72fdd4,-20,0,1.8706855531197422,0.5546081363037989
0111972a-6297-4206-806d-4e5b8f5aec29,2022,2022-02-26,3411d575-6a72-4b22-885f-e90bac6bdd28,62080182-ef8a-4907-90ca-00df4cec4e3c,-12,0,-9.539187079262645,0.1880878440288802
0267e0fe-757f-4d3d-b8bc-88a9afc269cb,2022,2022-02-26,0f8a15c4-f4b7-4335-a429-ae233bf4aa41,1e89fbf7-1862-4050-b61b-f4de4a9ae045,6,1,16.512148110329967,0.9511616660781165
0276c7c9-45f3-40d7-8a98-0f1a2ee21675,2022,2022-02-26,d7c1086d-592e-460b-9f30-684b14d1097f,9c70f4e7-acfb-484b-8154-f0fa9365a3a8,2,1,-18.507267428754055,0.03866259896555813
02a40418-0e3e-48b0-9a91-4249b1adcc07,2022,2022-02-26,03b227c1-5813-4ee2-b7f7-34094db05200,b32dbb42-380c-448c-b510-ee949569ffd4,4,1,4.796373711115424,0.7105157053323963
030147dd-f623-43bc-b6d1-39ae64f1ee13,2022,2022-02-26,5a26bb55-d02d-4957-be27-861e8036f152,d13e3f73-7b13-4e91-9249-09f1e11e488e,24,1,12.738993178404199,0.9024624280667939
0463945d-0ddb-4da2-adb0-e8194b0bb286,2022,2022-02-26,8f73f541-6fb8-4ad2-a1c6-e3eef51e7b64,7187f894-4dce-4524-b538-b66a892cd89a,20,1,12.293187144569362,0.9350324349321789
04cef8f6-50ac-43b7-891e-3be6faff80ba,2022,2022-02-26,2678c438-d23d-4ec0-8105-ab3f1c748aaf,d9411158-02d5-4d70-8862-92cec8bfdc49,8,1,-0.606568028083802,0.4602488540130695
05c45856-a17c-41b5-b333-e68712dc5ae5,2022,2022-02-26,dfc3b54f-3b20-406f-a673-33061db4e3ba,f05e79bd-96f4-4690-83c5-60a9d4972d05,12,1,8.464449068729467,0.7975310731570108
0fefa624-0f11-409c-bac1-c22b0c113c90,2022,2022-02-26,8e9f9414-bd72-45a6-8896-59f1453666d6,c2c0a075-e16f-4aa1-a838-887ef3ba2106,1,1,23.860625249352275,0.9851496981961781
1539f708-4000-42f2-9f4e-90412d98da3c,2022,2022-02-26,73339436-3261-4171-9cc8-854b8e176836,8ce55fa9-2ea0-427f-85bc-c9e8ceb4d1f0,16,1,19.232051441604764,0.9846411858246265
20405aa9-c3f9-4838-9d01-00f031cddb9e,2022,2022-02-26,97a440d7-b0b9-4fd1-9da8-6460649da714,0c1c2a64-13fd-4f6b-b1b1-2f9290dc2295,-25,0,-8.516839276469984,0.22381303498023994
209624c6-54d1-42e6-8fe4-8d008d89bf7f,2022,2022-02-26,5bb511d7-5a12-40d8-83d2-8be20bfc33d4,bdcaae22-ba48-4546-82af-ca21a229c276,22,1,12.135014347592632,0.9163725519789819
24285507-afa3-4e33-8555-19cc0eff86f9,2022,2022-02-26,3157f4b6-4b11-46d9-beb5-cef7c68fd1a5,d5a14f1d-6220-4af8-9b8a-c8a9ae952d5e,6,1,1.4617270775993558,0.5663219684322495
25a1a4ae-6720-4f60-8d7d-944efef457e9,2022,2022-02-26,5f19cada-0d6a-4a64-bf90-7be104537c24,87cec0de-4d93-4ed3-9ac3-deac97be5eba,7,1,9.517634740569923,0.8185868799888808
2686f7f7-567a-4455-9173-04ceda4f15af,2022,2022-02-26,f22782cc-03b3-4a0e-a189-8305ebe19b87,89fd2af1-5c8c-4222-8ffd-ce72e55a8579,-39,0,-18.303552132378904,0.0334243027176454
27d33edd-62f4-401c-ae22-f0819ced5193,2022,2022-02-26,1235749c-6be5-439f-872d-e0a85682aef6,3943bea0-341e-414f-8f46-b97e08b5f90f,2,1,4.806869243225578,0.7018056502412912
295f362b-916b-47b3-a671-5fcb5f5d783c,2022,2022-02-26,4184e3dd-c499-4f67-b148-fb0c4342d564,cf2375a7-1488-493a-8679-e8112b47cf7d,14,1,16.85504723851072,0.9532773837871725
2df47bba-8b30-497b-8c87-359010b6baea,2022,2022-02-26,7798adeb-2809-42ca-b509-02c719168825,cabf7c08-20a5-4c33-9660-d2b3f25d04b0,21,1,7.94378871843886,0.8186550112865026
2e81f6aa-f860-4c23-8520-214794bb8db1,2022,2022-02-26,af3a149c-e965-41c9-af16-a3dd0322f9a7,3f62a009-8c84-44c8-9775-4e3959e17edd,2,1,-1.6939227594098647,0.41321179842525446
2f5b8520-66fb-4212-90cb-d6b52f49db51,2022,2022-02-26,5e661a2a-5f48-4f4e-b78a-4ebc2220c393,b9052e15-66e8-40e6-86ac-a872e5c51fe8,-24,0,-9.513837957451724,0.22693748831898977
2f9aca8e-0ba8-45ed-b282-abbb7dee0809,2022,2022-02-26,1c994624-ca30-44fc-97cb-9a0aa481ad72,0b986199-3ea8-40ba-98dc-8a54b3509609,-9,0,-17.23732944427037,0.04227466650388716
303fdf45-a6f8-40dd-85d8-a8dab5b49bf5,2022,2022-02-26,b4531112-44f4-44bd-877c-3fca948b51f3,c995f51c-df46-4643-9aa1-3830ce760066,21,1,5.8153475571259,0.735819959279879
315f9007-c72a-41e2-b840-76e381c98422,2022,2022-02-26,3e7063d6-a6e4-4aa4-8e77-044c9f5fc21a,d98e9dc5-d3b9-41c1-ac48-5a4945d47713,21,1,1.3397553348470903,0.6742512063331597
3245b20a-9d33-473a-8cd1-512480637271,2022,2022-02-26,1bd5203f-23cd-4c96-8b8e-fae5ddfbe69d,af1bfe66-a343-4c46-94f8-4c670ce2c8d7,20,1,5.958577446025925,0.7311877088322672
32e0304b-0be3-4ce5-9406-f11ae2912d77,2022,2022-02-26,21f47709-f514-49eb-9da9-1f6805407244,4db0015c-fae1-4d5b-8be6-db756062d47c,4,1,8.86312200842554,0.8278918730398119
3384a886-fe1f-40de-8e1d-8669dc83486a,2022,2022-02-26,2422cf8a-bacd-4cb0-97f2-244a07c62c78,d25581ff-ffd9-4c81-a946-e99b1de2c3b6,14,1,7.2789109989761505,0.7520599882946133
36f58102-1a26-487d-b251-e038d1a591e3,2022,2022-02-26,9be3dee8-ee3a-44e5-bf8e-c59a500829e6,7b9691f0-e940-401d-9e2c-1d4f695fd91a,-2,0,-1.1067629573153581,0.4115391186849197
3f6b7a47-ccab-4b67-b386-9683d03a0c29,2022,2022-02-26,92249853-0b54-4944-8955-34bc02003e54,b7898dbc-7198-47fc-8098-496c7867351f,4,1,12.966007849021036,0.9295298898321813
411cb1e8-2d78-4315-987f-7efa100b4e6d,2022,2022-02-26,dac65a7f-4511-49a7-9c6d-3f29d22ff86f,31503e00-902d-4881-a3a5-52c5415e0e2b,3,1,-5.235680443020956,0.33813981088970213
44c7b383-15b4-483e-ae17-04b46f01290e,2022,2022-02-26,3911d63c-249c-41d9-a29b-df0377e1a054,e44d72a0-bb34-4a0f-b307-188c3b30e131,13,1,6.121521229726749,0.7642577321195001
46c8dd0a-4cb8-4399-8abc-66bbed2dd288,2022,2022-02-26,00366c32-204f-4176-9a22-20555a1e6363,6081d978-c3cf-482e-8374-c40b212242c1,2,1,-1.2210625516531515,0.43117722335178227
46e009c5-40ff-4e46-a0c9-e4ddd38efead,2022,2022-02-26,2454a2fb-1f07-489d-8ee9-b4313e7e775b,42f97a12-c358-47bc-8b1c-e20878be4a05,-5,0,0.5296235585177682,0.5629005175051037
47c20fa9-e9f4-49d5-8b67-6464e1f996dd,2022,2022-02-26,95fd11d0-8e48-48f1-b7fc-f03fe1bc8c84,1607fc40-d48c-4c58-9fa8-96e3f20a5137,34,1,9.0901775501021,0.8227660574414316
4e66618a-1f1b-40ab-85a8-835e23167159,2022,2022-02-26,fd0a26ff-3454-40f1-b8e8-1f0f6f9523db,43f1428d-b856-4fe8-b864-8728bfdbaffc,2,1,-3.398200891173062,0.3412070253684509
58ed0f36-2ee9-450a-9496-94e12b345218,2022,2022-02-26,a5e97c6a-a0e1-49d2-b6bc-8903c39ceaa0,a270ed0b-d820-42d4-8101-f2bf9e25042c,-3,0,10.760932812383171,0.8116853713730909
5b4cca99-52a7-478d-a145-0f9ac620da7d,2022,2022-02-26,28760428-230c-4858-9d2f-0ff8e804da52,e0d91570-7fe4-4dbd-b6ba-f6ce261fd58b,15,1,7.0849073500707815,0.6951321897946264
5b6df247-64e1-4053-842d-0123d977acb3,2022,2022-02-26,16133dd5-c118-4a85-999d-20451d1fe132,71a67ffc-6558-40e0-96eb-79527a541007,8,1,-2.463584181808708,0.4953873318538076
60de0892-966e-40a3-babc-4f0ab4fc01bb,2022,2022-02-26,61d9acae-2486-4e53-82ea-60d146622f34,743e2828-8a80-4168-9d8a-f8cc1d9b0b9a,14,1,-2.3937842939638787,0.3912628350619411
61210e51-79ea-4de1-a878-cf0188a42f1c,2022,2022-02-26,61bcde81-66e5-484e-95eb-5f373ff4a7eb,1393366c-684f-4fdd-bd85-9fabb1307aef,10,1,11.991217235919374,0.8947579828587872
6290d82a-4b9c-4e03-af6a-512f374d73e3,2022,2022-02-26,d0a4ad01-cd4c-462a-a303-d94d9c7c79fc,3ae40137-6b36-46a4-99e9-3ea88255660c,-10,0,-0.5939494877155809,0.47316392909941607
63f47b53-7691-4240-81de-096f6e8651ea,2022,2022-02-26,3e79582f-0f2d-4ace-86a2-242de87ef6c2,8678425e-730a-4a99-bc7d-7c4282d7e434,11,1,4.14097768745317,0.6630895611662664
67f3ea5e-81fb-4a9d-9f5d-152e18cd7ee6,2022,2022-02-26,b7b950c6-b603-4afa-afd6-ed15293d3523,b23fd4b9-0101-4a30-a8df-10760e1f4bfd,10,1,10.870427024675168,0.8688584147971855
696acee2-69b6-4a80-a8b7-2f6db1d63932,2022,2022-02-26,7c264f4b-0e3b-448a-a195-c16c164a624b,c14dbd3f-31c2-4647-b19a-e03839f04ad5,-6,0,6.85381288465509,0.7856353622129881
6b432e5c-9e3b-445c-86dd-bdfe68ffbddb,2022,2022-02-26,b31491f2-919b-4ff0-9274-11397e369e22,ee925def-24cb-4b43-969b-4fe42d68b72e,15,1,3.9839350097470545,0.6765519422614089
6f60b80a-e591-49f2-b05c-abb076d0d043,2022,2022-02-26,77d10aad-4300-4849-8c55-f92e900358a4,c6c28fde-56df-41e4-839d-2d6201c8dc27,-2,0,-12.954986267677786,0.07263514943062227
7319418c-49da-4a54-9523-4615d4ff88c4,2022,2022-02-26,14fa05e6-500e-41a6-b7a0-de4b16c4e7cd,ceed979f-ef7c-4eee-a2e7-fc66ff70bbc1,-19,0,-7.111235236555565,0.22809582482344198
740a1825-fd6a-46ba-9a82-7bc80596cf6b,2022,2022-02-26,0ec0fe2d-cb25-483b-aeb2-0f12af2160c7,d34afafa-d43d-432c-98d1-72ab0aa8a823,10,1,-2.6318674027777393,0.3533481359379432
7bd8dc87-fa09-4dfd-b9d9-cb9838808d7b,2022,2022-02-26,964b0070-5909-49eb-8fbe-c2de5f48fe0f,cd9b9678-1f2e-4444-85d3-3269c4b3775a,-20,0,1.3046530587955207,0.5704901921752065
7c0f2a7e-713d-4eff-a819-48f09d931741,2022,2022-02-26,0efb1176-dc90-4109-b141-5025fc424128,3ee1f038-4cc3-46de-8651-23f4bd9a99c3,-6,0,-0.7504107186374072,0.46046828386709165
881dc168-317c-4240-81e4-e937583a4bbb,2022,2022-02-26,57a961fc-fabe-43a1-bd3f-78858a193715,ded40384-d167-4ba1-93ad-2fbaa4def151,-13,0,2.2526371195708337,0.6030059423693286
889478b7-bafe-46a1-bd1b-440dc4b2026a,2022,2022-02-26,f1fa4ba9-17ac-4467-80da-6559daef7a45,f04a9115-7f6e-45d4-8590-4934a791ebb3,5,1,4.047883134867703,0.6995488099738691
88d782a9-c975-4f04-a66a-0ff64c44c712,2022,2022-02-26,01167cd7-9c6a-4860-904c-78f7c777ba81,8ab33314-bb5c-4e60-b515-3564c813ae0b,17,1,17.416764820450553,0.9611035365704185
897862d1-f668-4fcf-9d00-ea9ca968f3c8,2022,2022-02-26,f5ff136b-cc0a-4eed-a502-c028afe284bf,4d587dbe-16e7-4990-a378-a0fc4c2c273f,12,1,6.1949929915763375,0.7528781681877851
8a22dcc3-c97d-45be-ae11-020b75178d4a,2022,2022-02-26,81c35070-ad3d-45bd-8fcc-5a8c73a46ba3,f3d329ca-1b85-47f6-a871-b80851fdc6d7,7,1,5.304266791411709,0.769548803265576
8d82f3a0-da42-4ab9-ba64-e3f72e56adad,2022,2022-02-26,e51ef676-50a6-460e-81a8-b05cdee80c25,6c96789e-21df-4f43-92b1-8e62705ffc1d,-3,0,-1.5530064149266483,0.3824022127159305
8e3737da-a196-46e7-9d0f-09443fe108a0,2022,2022-02-26,6726544c-ad23-4d1a-adfa-1a94c2e10a96,a5658591-2fd7-4ab6-bea8-70e793ff3f6b,14,1,1.9836754683968272,0.5617210474479706
923f4430-5397-44e0-a57c-426742c95357,2022,2022-02-26,a30d0067-866c-427d-b6d5-a55b4c986208,2a426bd0-410e-4de3-8d49-d5fc05123454,16,1,-5.977129257960254,0.2505804478827015
953306ae-bbdf-48f0-8cb7-a7725d3ad3fd,2022,2022-02-26,9400f670-2aa7-4099-aa46-ea9cf4724079,afaac3dd-1734-4b48-a2b3-c72d8548f375,10,1,-2.8794861351914003,0.4166338333087928
9798c6ca-8f88-4bd7-a8c6-3852635f37c2,2022,2022-02-26,909caafe-4b74-468c-a1d3-efd53ab80ca9,d1893fac-c32c-416c-9aed-0d6c61ad0935,11,1,-7.774608785157911,0.24055956480615873
9ccd811a-ca79-450f-ad74-95296f409524,2022,2022-02-26,f9beb22d-1a30-4dc8-88ac-4737870b7e69,77413edc-f997-4807-a4ea-9caf8157da8e,-16,0,-12.966863946207447,0.08775287435733609
a2a7bf09-873c-4116-932e-c7783d5b6f3e,2022,2022-02-26,421b3b28-ab05-4462-bfc9-644fc7163e24,fd736c6d-0d9a-4837-8153-b1f51e776578,6,1,3.0177370085553696,0.6248515164709384
a781c3d6-7193-4ffe-9d7c-5390e5931d9f,2022,2022-02-26,048ae5f3-c6e9-4937-93fe-ec224e17fea2,697f7fa6-4d64-4abb-8310-9f310c49ad61,-1,0,12.319946261476572,0.8664909687374022
aa4cfd29-d349-4035-bc77-ce6b3d1405da,2022,2022-02-26,0a370edb-2194-4979-ad23-d796fb97dfb3,23ad3833-572d-41e9-8cc5-961b2db50d2d,9,1,4.271634247980911,0.677994493997301
ac22def1-3030-4ec2-86d6-3cb8cf8283c4,2022,2022-02-26,9aed1c9e-7ade-4533-91c5-322e09783a7a,8dfdef93-7be0-45db-8281-e58565dd9d85,-3,0,-3.152674072841354,0.3611669314803285
b2f9d70f-3452-4411-b782-a78bb5617977,2022,2022-02-26,72261a98-a3e3-4f7c-8188-4faf20af42ad,56c81362-1bcd-418d-831b-74b9b0c4a563,-8,0,-0.629439122874107,0.46100066825337077
bd13dd63-2e1f-406c-9610-0d30644fe110,2022,2022-02-26,ca2c8cbf-6e05-45fe-8697-30f46c2f58b1,12414365-9349-4a1b-a319-34a8ad92f7e3,13,1,7.725631803268508,0.7983887186023221
be22684f-f4d0-4ef8-8d33-e81ca290c21c,2022,2022-02-26,8de64d3a-4bae-4d2a-a4d2-15ec6583f6aa,75755c79-6aec-4154-b1f8-2337fd4a06c5,-1,0,-2.878050622105205,0.35538894600501686
be84254f-c2a7-420c-8c08-9b549a8dae47,2022,2022-02-26,0f928622-6fc6-4817-9641-a4366153c8c0,3b495752-ddf1-47a7-8bdf-2625c4bfcce2,7,1,11.230623509140084,0.8815490087790486
bfb2cb64-2e28-4cda-9050-406b3839301d,2022,2022-02-26,43fdfa19-1583-4159-9c0e-1e88e231b35d,ff725b84-1ca5-43ef-be84-cb70a6494dab,-1,0,2.9887837595948676,0.5496826129583471
bfbb9630-f260-4b59-9beb-b10f2613157b,2022,2022-02-26,e0d5322c-5032-4768-98e5-0b1ffa787a08,fb5884a9-f370-48a9-9000-3b1a4f02f0be,-9,0,-1.6442802600793982,0.4460511318583189
c00ad8a6-13e4-43b1-8b7f-73f1ba41d76e,2022,2022-02-26,51c9ea8f-034d-41b2-8d67-b519b3d48286,9acbe680-5f94-47da-926d-51e1465fc500,14,1,4.394402450969738,0.69893880268213
c2981487-f15e-4849-ba25-f9b96eba1226,2022,2022-02-26,4bd089fa-104e-4a99-a39a-1af78fc3e611,054be086-7ef6-4006-880c-01ed91db37c3,2,1,-0.48515242772919465,0.45397038941434215
c5792e35-c577-40fd-8b30-de2850152a57,2022,2022-02-26,a313a13e-7ac3-4c73-8872-6d424a253480,78c4f8c4-d04f-47ed-92d3-34e159fec915,-10,0,-10.469475865570386,0.1672042480307133
c9cac378-9e2f-4ac4-b1cc-b03bc55154a6,2022,2022-02-26,cddd6722-8c88-48b6-853a-6481451c0290,8af2e3d8-3a2f-4008-b261-30f11908b768,8,1,-4.260607353486842,0.3500343477601391
d0565d8c-ce09-490e-b988-ada4a1b78b8a,2022,2022-02-26,4d299953-da89-4561-afe6-d0a2222d454e,b394d3b3-e9a2-466b-abe0-89cda8e8d669,5,1,4.961879668156127,0.6732518050253828
d53e7b3e-fd47-495c-b593-6f936f232cfa,2022,2022-02-26,7f9edadc-8c22-4821-8da6-0ba70d59bbbc,5870d352-4930-4235-9c03-7bcded7ae342,17,1,0.11275354803015136,0.5436727841752572
d9468d56-7741-4f62-a7e1-23ba6b7c1636,2022,2022-02-26,d84fbf05-f799-486b-956e-f0500927e1d0,793f775a-aec3-4741-b86e-4c8e079f74a4,5,1,1.9808666188323856,0.6247248992421
dde65dc2-44e3-48ae-a3d4-5ca12cf96701,2022,2022-02-26,3795d76f-7577-4ea0-8f28-89d16c87f9f0,91a6fe66-7652-496c-9d91-c9bd2b333b6b,-2,0,-11.59924790720546,0.14231569219586782
df66bf0c-b672-42ad-9176-e69f8f745e6f,2022,2022-02-26,77b07047-6507-4cf4-85a5-4c69fc0c453f,df8bfbe4-f858-405e-bd5a-04f400d2d7f6,10,1,-8.115988026124564,0.22266251312804952
e0c9939d-5b17-4737-89f3-d4c1330b98f1,2022,2022-02-26,5953232b-95c2-4915-a150-ed30d3fdc96f,e31be871-e6af-43f9-9cf9-865a275b7e6f,-10,0,-5.856735893552592,0.307289929507246
e141a8f6-d2ca-47ac-8a74-3afc71c01691,2022,2022-02-26,c3603958-de3f-4014-9dd0-d9c4c84dd226,9020eea9-bced-4c46-9f85-8bbdff3393c5,10,1,1.008167449286542,0.5728013288673622
e2c6c6e9-92ad-4809-9de2-bd0b0010a1d7,2022,2022-02-26,5253a75a-17f7-4ea5-b313-743697ebca72,7dfde2c4-2d03-47ac-8d87-e6480afb8a99,20,1,8.703049393914611,0.8117145439886316
e2d14139-69bf-42da-8d40-2aefe3059d11,2022,2022-02-26,ead00c79-f9ca-4dc2-9beb-0b236dc32ce5,96ccc81f-3016-42f2-98b1-6cbcbf6e8d07,7,1,18.284393972047706,0.9744222228865611
e832cb17-0ed0-47da-80c7-12526fea7459,2022,2022-02-26,31a85828-d084-442c-9cbf-1f706ab87f57,a6f2099b-9086-4681-8ffd-c41cc6f1b263,6,1,-1.0217296085464362,0.4108093578045585
e8eca3ad-e7f5-445a-afaa-36796f092041,2022,2022-02-26,2aba779c-997d-45af-a881-44cc87727a3a,24dec588-02c3-4c82-9ea6-d467604a8150,10,1,11.60683409748163,0.8953357206096171
eb6b6cba-4ce3-45cf-9970-e808a7ddd895,2022,2022-02-26,2335e299-031d-43e6-9ae6-536cc9177f51,cba4f27f-e547-49bf-bbb3-2983917351a2,-11,0,3.5275222756548845,0.6892396691784693
ece80d27-a7f4-4774-84ef-09750c44923c,2022,2022-02-26,9dc47cce-9b16-420a-971f-5362aaa69dc7,d77ce32a-30e5-47ce-8841-52447d9fe891,26,1,6.068616672505825,0.7613761166921497
ed735a15-62bf-4438-9851-c6b7777aaff0,2022,2022-02-26,bd64a96b-c6bd-4f04-ac87-79bec2f197d8,c3d3f21f-51d8-4ae4-9285-7209d1d97802,-3,0,1.029293037993008,0.5582058438058246
f013f843-7806-4338-945f-7106ba9ac752,2022,2022-02-26,ca910495-28ae-4dcf-a3bb-7b04612490b7,4e23c371-72f3-4986-a8c1-e7798c5dac70,9,1,4.3278078857537094,0.6818316305548271
f3b690d1-01c0-4ec2-9101-8c47439d7967,2022,2022-02-26,f816660e-09e0-4733-96a2-4d878efbff6a,77917ea7-df52-4378-9975-57dbd680815e,20,1,5.746715529973716,0.7044346124991664
fa0958b6-14b0-4b8c-9bb8-9c45c484adac,2022,2022-02-26,e40486af-12fa-47cc-93aa-4b196b7f5bbc,188437e6-a8e9-4e63-b58a-4141ffadc80e,-1,0,0.0012520877988826562,0.46692403084013306
fb3194dd-2c28-4a58-a031-a10c28abc464,2022,2022-02-26,95eeb869-4052-4a70-84dc-8178393a6646,f1501573-e854-43f7-9346-e94fa60ac4b7,16,1,7.431134962385874,0.7498212536830956
fb8d4f33-fb6e-4a67-acde-d8bb118f0035,2022,2022-02-26,4e853367-c5cd-4701-9554-38bf174777a3,fc4bf214-f945-46ec-8524-00a3196b7449,8,1,8.86879351914064,0.8259275456544835
fd0e8dbb-00f6-43a1-8701-ac215388f4d2,2022,2022-02-26,94a64c9f-34df-480e-8ac0-1bad98ef2a11,2bdfedb6-38f0-4eb8-baaf-2965a942cb85,-35,0,-9.326466333555036,0.15081448395907307
2752c378-9970-466c-bcf1-55fdf831acaa,2022,2022-02-27,6bb1093f-59ab-4de2-9cae-c257b87d56e4,f9a723a0-1697-4175-8193-97f2f8906c0f,-5,0,-5.923537568900115,0.3173316197337902
29e2cc3e-4e7a-4d3f-a810-266f042479bd,2022,2022-02-27,2bf13d1a-4738-4039-9d08-49f17859d4eb,d91f2468-d81d-4b25-a8be-53e85e8b4ded,14,1,12.786269271086713,0.899172109150745
3838285b-6d19-4593-9c8f-50d7ccc1cf03,2022,2022-02-27,5d7eb8c0-4b09-461b-bbc5-e2a032194a74,4204a542-7881-4f83-972a-7567cb51cc3c,-9,0,-10.952452905271265,0.10746747467289336
3b5f9e05-e032-4d1f-bc4c-2959772023ac,2022,2022-02-27,91d1df49-0521-4008-8e8f-c2098944ce2c,b101bc61-0628-4298-9362-c2e546437032,5,1,-2.748307989863986,0.4544587131018162
51068ff4-57ab-4b23-a194-930f677c7507,2022,2022-02-27,3b36f988-af5a-4761-a417-f496a2137c3c,e61ea85d-a57e-4621-930d-0b0e653eb2c7,-4,0,2.9208280308772365,0.6752252102039368
58adbe4f-99e9-4da1-8942-61070dee7efa,2022,2022-02-27,ef3d2fcf-bc17-49a6-84e3-cc117e8fc095,c01c9fdb-95d5-43c7-b905-8bf714226631,-5,0,5.465319085971286,0.7040878510768058
5cff3b16-d80f-4949-becd-660db97e2481,2022,2022-02-27,c2652773-7b58-4ba5-9edd-ffa62acbd245,062eb8a6-996c-4619-9ba7-498cdd009dd6,27,1,9.04590000736703,0.8100316917907213
63b4c8dd-45b3-4dba-a132-c2ae12877c23,2022,2022-02-27,1b846bd7-47c9-4bf6-ab08-e44d968a34f8,eb038e9a-e14d-41b3-b26f-804fde52e571,15,1,-1.13550843237025,0.4474511217969533
717a3157-b6fd-4bf1-b6dc-4485c203f3f1,2022,2022-02-27,53922fed-96eb-4cde-8b45-7f8b7e032cf8,8d6547d3-5ed7-46e3-9ddd-95756f8adf91,-1,0,-2.6218879350355553,0.44443795187415336
890c91d6-7157-419a-9993-4da4c1e8053d,2022,2022-02-27,fe829304-1347-442c-85ad-2139be36330b,94d0d44c-b426-4381-9d58-bffb34c097f5,5,1,-0.36909495589187397,0.457640008343424
89d8455c-dabf-409c-ab31-8d00a6c78ec3,2022,2022-02-27,4b6d2ea4-d1ab-46f4-b480-555227d14e55,54514b3e-2558-4e69-98f9-b1f97fc17835,-6,0,-5.438584125350425,0.23290101681805284
b4e7bcf1-6336-4bbe-af39-1814793fe62d,2022,2022-02-27,ad5bf26e-a32c-4d5a-b531-f6822b104284,46716039-e26d-4d19-a17a-35eec7c36cb4,-4,0,-0.1834095544571976,0.5176083931777069
c74e5914-5efe-410d-8ac5-e946f8ab725d,2022,2022-02-27,d4de33b3-cd7a-47bd-bc4d-da1381432ffe,86391a21-965e-44e8-819b-837cac02859b,-23,0,5.261323792723628,0.6577811095845233
d2749920-ca42-4638-bcef-11179d1c6a31,2022,2022-02-27,ce6a2240-48d2-446a-a847-e4ad4367b9fe,5eab2011-0416-43e7-bbcc-83c4224297f9,-8,0,5.345590046220154,0.6885817318942704
e3e86f3c-3cd2-4fe5-a2f6-424e9f30c1f1,2022,2022-02-27,604f3fca-4ca3-445b-9be1-3cb6b7f69fd8,1e46f177-0551-4da2-8f3f-c683820ed5f9,24,1,11.905988242575692,0.8700128595221653
f0f6ba65-c20b-4692-99be-a25ac070fb63,2022,2022-02-27,1552f5fd-a3ac-4947-93d8-08bdf1a77f93,e6d68428-bbd2-4402-b980-d22e5e7957ab,11,1,-0.731625982226233,0.4809961808605829
f1fa3d0e-3abc-458e-ac10-37230623a786,2022,2022-02-27,21282287-1619-4d11-9e25-59855bdd5be6,ab8cafeb-02fc-4c83-aa0d-dcc530796fe4,6,1,-5.331090632780588,0.33034319396564576
04ec9624-b1c9-4e1c-9d98-3b401baeb45b,2022,2022-02-28,cabf7c08-20a5-4c33-9660-d2b3f25d04b0,bf8f11f7-2ca6-48bb-ab7f-58720df6451f,12,1,6.450809399730437,0.779603971282743
07f13d30-532f-4040-bdb8-44cc4cf71a3a,2022,2022-02-28,98555e7f-2f58-4896-b98e-4edcece8a333,7bb8a634-d969-4ec9-b472-8294b1782684,21,1,11.930247264285164,0.9168893088942364
17f312ad-ee06-4543-8bcf-b1c12063f6f1,2022,2022-02-28,247be024-10cd-4230-8ff4-c8f55dafdf33,1393366c-684f-4fdd-bd85-9fabb1307aef,29,1,17.94029688995643,0.9358918298064773
49bbd1dd-973a-465e-9e3e-69edcef6a9b9,2022,2022-02-28,0efb1176-dc90-4109-b141-5025fc424128,a270ed0b-d820-42d4-8101-f2bf9e25042c,-6,0,2.002126449151341,0.5760381902036907
70b39a30-12c4-491f-b61b-4aa913fcbf32,2022,2022-02-28,944226c8-c2af-4571-a853-5bb934c49ae4,a50b7fa2-326f-4ab1-8bd2-b0bbf4f26d23,3,1,12.425465756609885,0.9176713538314512
72ec72a5-63d5-4251-a479-52b00273014c,2022,2022-02-28,28669a26-792c-4843-ad64-6f16da03d389,43fdfa19-1583-4159-9c0e-1e88e231b35d,5,1,13.53727283550558,0.9117421117145735
96109597-f45b-4fb5-9dad-4d7532461637,2022,2022-02-28,75755c79-6aec-4154-b1f8-2337fd4a06c5,c3603958-de3f-4014-9dd0-d9c4c84dd226,-7,0,-2.074490876773679,0.38542283053665044
9a197600-be89-41c7-8dec-db21850c523a,2022,2022-02-28,3911d63c-249c-41d9-a29b-df0377e1a054,9fb581b3-9267-4861-a01b-51b7e751ca68,-7,0,-3.3040309847880853,0.3330926206843184
a65c1850-54fa-4a19-97ed-301eea8d2beb,2022,2022-02-28,f22782cc-03b3-4a0e-a189-8305ebe19b87,8af2e3d8-3a2f-4008-b261-30f11908b768,-6,0,-10.354919298210794,0.14679255089319654
acfcae29-8e33-4dac-8c3b-75021d24ed1e,2022,2022-02-28,78c4f8c4-d04f-47ed-92d3-34e159fec915,97a440d7-b0b9-4fd1-9da8-6460649da714,9,1,13.71231549977014,0.9172384801926401
b42d206b-f8ba-4e85-b5fd-746b140ceb15,2022,2022-02-28,cddd6722-8c88-48b6-853a-6481451c0290,89fd2af1-5c8c-4222-8ffd-ce72e55a8579,-11,0,-11.57552640167644,0.1133951723785593
ca1823d6-93cd-412a-9aae-aa79a9b052f7,2022,2022-02-28,b31491f2-919b-4ff0-9274-11397e369e22,c3d3f21f-51d8-4ae4-9285-7209d1d97802,-3,0,4.611009598306867,0.6530123083989643
d3921a7d-0bfa-4291-a6c0-09ca8a467f87,2022,2022-02-28,bd64a96b-c6bd-4f04-ac87-79bec2f197d8,ee925def-24cb-4b43-969b-4fe42d68b72e,-6,0,1.3064525048772575,0.5681599878447277
dab9309f-061c-4f58-8170-d633f72d0c31,2022,2022-02-28,73339436-3261-4171-9cc8-854b8e176836,fbf897ee-41aa-431f-8ef5-0ea7cbe2a05f,5,1,1.9034336653812822,0.5833491498111523
dc808672-d32f-45be-896f-ebf8912012a6,2022,2022-02-28,212827bd-b2f5-4ca3-a901-403112b8594c,14fa05e6-500e-41a6-b7a0-de4b16c4e7cd,-1,0,3.3148954114096507,0.6516124344743972
ec9d6a9e-f508-4d56-b0c6-92f29c26a644,2022,2022-02-28,a5e97c6a-a0e1-49d2-b6bc-8903c39ceaa0,3ee1f038-4cc3-46de-8651-23f4bd9a99c3,7,1,7.048722606653458,0.7375671121717873
f9556af5-c7a4-4f35-955c-4fef9cab7993,2022,2022-02-28,77917ea7-df52-4378-9975-57dbd680815e,8425fbd0-40c8-4146-a2c2-51ec714ee637,13,1,3.0387893976523848,0.584476745094608
109a80d3-0d6a-4911-84d7-132d6c01c8ff,2022,2022-03-01,8678425e-730a-4a99-bc7d-7c4282d7e434,cd84e158-0ec9-44ce-872b-e44a595a4e37,-11,0,3.3538730901971983,0.6552424104066681
1b3236f4-3773-4fae-869d-f9bf4073f1f5,2022,2022-03-01,03b227c1-5813-4ee2-b7f7-34094db05200,8de64d3a-4bae-4d2a-a4d2-15ec6583f6aa,13,1,7.83043350570616,0.7530958702741983
1e3494c0-0e81-4e11-bcfb-1c5b6b4abcab,2022,2022-03-01,4184e3dd-c499-4f67-b148-fb0c4342d564,1bc4534b-6474-409b-abbd-f840a8dc148f,10,1,7.958994439758492,0.7828575031573443
24ba1e05-78ad-4d49-aafc-78c27a89a130,2022,2022-03-01,28760428-230c-4858-9d2f-0ff8e804da52,42f97a12-c358-47bc-8b1c-e20878be4a05,9,1,0.8075677055874937,0.5817517574052985
30ffc2b6-74c6-4d62-9af1-9681e0c22ac7,2022,2022-03-01,d99c752c-71e0-431a-b0b7-143707bbc110,f4045f82-f9ab-4d14-867e-496a744ac26e,4,1,5.413698836680775,0.6954104773077905
38827b0a-0a8a-43b3-bd03-6a2ff4764c96,2022,2022-03-01,87cec0de-4d93-4ed3-9ac3-deac97be5eba,be29cc8b-f65a-4ba7-8a0d-40b2a9643422,9,1,3.1138060176109645,0.6567414431646579
3b0278d5-ccab-4e5e-a034-b5e46aee4f93,2022,2022-03-01,5ec861d9-4794-4460-b935-73f51f03efc1,c995f51c-df46-4643-9aa1-3830ce760066,19,1,10.131249689658452,0.8534170284374493
3bd6bccc-bee6-4d21-a809-aae823959377,2022,2022-03-01,be639f4e-dcad-4737-8fdc-2740207d65e3,8ab33314-bb5c-4e60-b515-3564c813ae0b,9,1,14.481322609954669,0.9321390966500045
569e58a5-67c2-4b6b-9319-4de584f18c37,2022,2022-03-01,92665c8e-76f8-4e29-a164-ffd7c8890a33,db040d7f-5499-4400-9069-620c27646ed6,3,1,-9.648802549501696,0.1730428804298281
5fc4e257-504f-415e-8913-b1017ea2d2b7,2022,2022-03-01,dddedca4-47e5-454b-b278-b9f2fec5e78f,2a426bd0-410e-4de3-8d49-d5fc05123454,-20,0,-5.936119387415085,0.25697667060326335
63ad94ad-950b-4650-80e6-76b2b2158838,2022,2022-03-01,e51ef676-50a6-460e-81a8-b05cdee80c25,e89766a3-c899-4922-aee4-cfaa2a8fb500,17,1,11.244992672813655,0.8965050692773164
68c1eefa-608e-4e61-bd0b-39472fa5024d,2022,2022-03-01,ad5bf26e-a32c-4d5a-b531-f6822b104284,c2652773-7b58-4ba5-9edd-ffa62acbd245,-22,0,-8.826955150957232,0.15929579842406755
70484f4b-77ee-4a8f-929f-e99fa56503f8,2022,2022-03-01,964b0070-5909-49eb-8fbe-c2de5f48fe0f,909caafe-4b74-468c-a1d3-efd53ab80ca9,-1,0,4.0402826897442345,0.6327742299598509
71eef3d5-ca0f-4fac-81f0-b5dd19b775ff,2022,2022-03-01,ff948b57-cb4b-42da-a899-37fa5c8a6d86,9020eea9-bced-4c46-9f85-8bbdff3393c5,10,1,-8.806958578398692,0.1912574570963944
72cc5eeb-9296-46e3-8256-f2be4a0a75d8,2022,2022-03-01,b23fd4b9-0101-4a30-a8df-10760e1f4bfd,91a6fe66-7652-496c-9d91-c9bd2b333b6b,-8,0,-7.515015174094229,0.21868021657818507
736fbe83-7f0c-4bf5-9733-6c8ff674b5be,2022,2022-03-01,f621591e-18ed-471c-92f8-2c4d4c00bb75,31503e00-902d-4881-a3a5-52c5415e0e2b,3,1,-5.739266433545933,0.2826558974186688
79df4919-0d48-4a1d-98c9-8b982314c085,2022,2022-03-01,188437e6-a8e9-4e63-b58a-4141ffadc80e,bdcaae22-ba48-4546-82af-ca21a229c276,32,1,16.190272955392615,0.955746513689252
7edd2807-9dbd-4e4e-b539-2adf9435875c,2022,2022-03-01,ce6a2240-48d2-446a-a847-e4ad4367b9fe,dac65a7f-4511-49a7-9c6d-3f29d22ff86f,17,1,7.69170970405417,0.7716263384598558
82be0d35-03fb-4a57-93e4-1e59c67c0ba7,2022,2022-03-01,5820546f-7b8e-4593-afc4-fa098623f568,0c1c2a64-13fd-4f6b-b1b1-2f9290dc2295,-30,0,-14.889855521689393,0.05448330259089468
849464fe-61b0-4453-a2d8-e0b39c7bd0a4,2022,2022-03-01,3e79582f-0f2d-4ace-86a2-242de87ef6c2,aef6cc9a-dcfd-4137-aa03-9926d921f466,-19,0,-6.028738360812416,0.2908978262362214
86b9e16d-39a3-4d46-995b-4b4648c1ddd8,2022,2022-03-01,b7b950c6-b603-4afa-afd6-ed15293d3523,f8490c90-4ca1-437a-93da-114f5dac0426,-16,0,0.333570489346679,0.5564777727331355
8d0f2ec2-0edc-4759-9e5c-96ba4d09109b,2022,2022-03-01,1ff4fd9e-2594-47e2-8b06-66ad2ca3fcb6,3e7063d6-a6e4-4aa4-8e77-044c9f5fc21a,2,1,8.751833945256964,0.8202444943141163
97001b5b-a9e1-48cb-ac5c-9409e554a217,2022,2022-03-01,3795d76f-7577-4ea0-8f28-89d16c87f9f0,371a2930-c5a4-405a-bb44-9f22b55ca81a,-14,0,-3.1992981943661416,0.3272090929144023
a7c70765-e313-4960-a424-56b910912cf7,2022,2022-03-01,16133dd5-c118-4a85-999d-20451d1fe132,7dd2d410-1958-49f9-8b62-e7cc25e3c647,12,1,19.03996015108057,0.9848162102723053
a81a8d42-41e8-49fb-a7a9-a05e077dfbc9,2022,2022-03-01,e0d91570-7fe4-4dbd-b6ba-f6ce261fd58b,2454a2fb-1f07-489d-8ee9-b4313e7e775b,1,1,1.685368240293514,0.6223553839575683
b6e9281f-e051-4a1b-a026-bb8bfb0a4beb,2022,2022-03-01,6915e90a-5d80-4d4f-8d44-0bd316979884,240cc087-ebae-4133-9c14-cb46ebe54b97,9,1,15.226018900825814,0.9455652214107206
cdd14d8e-4dad-422f-a3b8-e1fd2a7b39ac,2022,2022-03-01,1049e433-d23c-4aa2-8581-4bef2ad0715f,4d89f528-9a1e-41ca-beb0-98f913c61c2e,-11,0,-3.7337474281495897,0.391888800308806
cfbfee41-c814-4eca-9bae-8b1d10094810,2022,2022-03-01,cf2375a7-1488-493a-8679-e8112b47cf7d,8e9f9414-bd72-45a6-8896-59f1453666d6,-19,0,-25.799295188800325,0.034583128365732844
d2f9a75e-34f1-4cd0-869e-2f2880fd1417,2022,2022-03-01,b91fd5ed-1e0c-431b-bd4d-0947f67edb2b,b4531112-44f4-44bd-877c-3fca948b51f3,-12,0,8.523117047994903,0.8114387816721456
da81d054-215c-4c0d-92b3-bc30af683fa2,2022,2022-03-01,eb038e9a-e14d-41b3-b26f-804fde52e571,86391a21-965e-44e8-819b-837cac02859b,-8,0,11.676472826138909,0.911750017425226
e7182356-82c3-4593-a6f9-799a8d1095c4,2022,2022-03-01,4b2092bf-f1b2-48c3-8ba6-43f8f5d0ee62,c5a3e484-778a-41ce-abc4-7ff9ec51ca4a,-2,0,2.4396846771523197,0.591838405304319
f5e9a761-49d6-4846-a693-d57ba0e19078,2022,2022-03-01,d25581ff-ffd9-4c81-a946-e99b1de2c3b6,24dec588-02c3-4c82-9ea6-d467604a8150,-4,0,6.693160488907424,0.7610920265222425
f9ef9010-0b4a-4dae-84fb-eccc6a88ac15,2022,2022-03-01,72261a98-a3e3-4f7c-8188-4faf20af42ad,77b07047-6507-4cf4-85a5-4c69fc0c453f,-6,0,2.5750723790723344,0.5700141649494064
19109ed8-7b01-41eb-bc78-4c61500001bd,2022,2022-03-02,2678c438-d23d-4ec0-8105-ab3f1c748aaf,14fa05e6-500e-41a6-b7a0-de4b16c4e7cd,14,1,14.607408048133474,0.884767560133336
270d49c3-447a-4286-a295-104634c0bc15,2022,2022-03-02,9c70f4e7-acfb-484b-8154-f0fa9365a3a8,a8d4a467-9623-470f-9ec3-c15afb497e8e,-2,0,7.5712080636035095,0.7725466948791893
3500f645-2fca-403a-85ab-188aafac33a0,2022,2022-03-02,ff725b84-1ca5-43ef-be84-cb70a6494dab,b32dbb42-380c-448c-b510-ee949569ffd4,-17,0,0.48185084815012913,0.5711467983485354
3d2e3eab-6f39-46d0-ac78-d38e58fb0f07,2022,2022-03-02,3ae40137-6b36-46a4-99e9-3ea88255660c,1607fc40-d48c-4c58-9fa8-96e3f20a5137,3,1,5.277828103428466,0.6922401303708642
3e6d36df-7bb2-41b6-8cd2-a49f123727f3,2022,2022-03-02,fb5884a9-f370-48a9-9000-3b1a4f02f0be,e0d5322c-5032-4768-98e5-0b1ffa787a08,-7,0,1.573891823276193,0.6272687249947575
48c1c4ca-e20e-4fc0-9b03-9e84940098e5,2022,2022-03-02,94d0d44c-b426-4381-9d58-bffb34c097f5,e5df557b-d16f-479b-b7f6-db85db97e2cf,15,1,2.144092545792359,0.6234998049212899
4aac724b-5118-4b1d-9812-a0b08a4b245f,2022,2022-03-02,00366c32-204f-4176-9a22-20555a1e6363,cc1716b8-24e4-49d7-8778-964affd58954,1,1,5.345511362880989,0.7287488084377284
5cf27e36-e0c8-45e6-bf26-0992c2c61f76,2022,2022-03-02,95eeb869-4052-4a70-84dc-8178393a6646,fbb275ea-bf78-4cdf-ba66-538cd9722ef8,-6,0,-5.003497503672253,0.3464628652510701
658c4855-f7cc-4fed-98a2-e1c23425f6ae,2022,2022-03-02,4bd089fa-104e-4a99-a39a-1af78fc3e611,1e89fbf7-1862-4050-b61b-f4de4a9ae045,-1,0,9.560484115683344,0.89112348457643
6bd942ee-5a14-4c34-a4df-89fe76094594,2022,2022-03-02,fe829304-1347-442c-85ad-2139be36330b,4e853367-c5cd-4701-9554-38bf174777a3,11,1,-2.334151434610944,0.40583933087759916
705ad7d9-177b-46d9-97ab-05e458023080,2022,2022-03-02,4bc4f625-be38-4da1-919a-c43bedce10b4,e31be871-e6af-43f9-9cf9-865a275b7e6f,-16,0,0.49867050285883124,0.546629293847395
765e3411-824d-4689-8ead-92998b6bf6eb,2022,2022-03-02,5bb511d7-5a12-40d8-83d2-8be20bfc33d4,a313a13e-7ac3-4c73-8872-6d424a253480,25,1,11.33772902552568,0.8845242639739432
7956eeeb-0d3c-4804-b0a4-cc64d2d809f0,2022,2022-03-02,7798adeb-2809-42ca-b509-02c719168825,ae36afe0-850f-4758-99ec-d7deb696d4fe,11,1,2.8938908909445105,0.5934007177454952
79e26707-04a7-4e24-9351-a101f6047147,2022,2022-03-02,0d182ffe-13fa-4447-8f00-f38088d0cf05,7f9edadc-8c22-4821-8da6-0ba70d59bbbc,4,1,3.121087836003827,0.6377148260227026
7be65657-bd65-4391-b80f-aa1e7644ae92,2022,2022-03-02,d98e9dc5-d3b9-41c1-ac48-5a4945d47713,4204a542-7881-4f83-972a-7567cb51cc3c,2,1,2.8502329719248434,0.6319148072430679
7d6c38bb-f350-4418-a50f-455cb6f8026f,2022,2022-03-02,bbdc8c62-dfe4-4e42-9ca9-ff85d375faf9,726e1c94-fb9c-45ee-ad09-5e487744b47a,-27,0,-3.5946008662173337,0.4333136357177443
880895cd-a3d0-4e67-827d-680d4ffd1357,2022,2022-03-02,7187f894-4dce-4524-b538-b66a892cd89a,3fa1a848-0e6a-41e6-be7c-d6241c6c6caf,15,1,4.888110096011684,0.6710066301185429
89234269-f7c4-47ae-bdef-6633e9e8994f,2022,2022-03-02,697f7fa6-4d64-4abb-8310-9f310c49ad61,95fd11d0-8e48-48f1-b7fc-f03fe1bc8c84,4,1,-3.3935884779619174,0.3979469789273913
8999129c-a82a-4149-bc78-622fd6d94eb3,2022,2022-03-02,5ebd8a2c-2831-4a31-b7bb-6d6e6e1f7ff9,43f1428d-b856-4fe8-b864-8728bfdbaffc,-11,0,-0.9563705661801037,0.44346792303388644
903baa80-0c27-4abf-b73d-46b7c4df65f1,2022,2022-03-02,f9a723a0-1697-4175-8193-97f2f8906c0f,b0fa4996-a909-4fd7-ba9e-8f180716f7f3,-3,0,6.943392159674915,0.7555745148447451
952f5dfc-d6bc-4fa1-993e-970d2bef5042,2022,2022-03-02,d9411158-02d5-4d70-8862-92cec8bfdc49,4d587dbe-16e7-4990-a378-a0fc4c2c273f,29,1,20.31198358819812,0.9814055669889179
a7593e45-f8c3-41f9-b667-cf5aecd48173,2022,2022-03-02,48b92b41-b7ed-4c2f-b7ef-3e3d4a99fd62,bf8a4003-12e8-4697-90dc-cf75dfedfeb0,-4,0,-2.160164904312262,0.4351962586388445
a8c0d4fe-ff32-47f8-81ef-3a21f806fa29,2022,2022-03-02,b553e2a3-5933-4adc-b999-6deb896450c3,4a44b6c6-3fc1-427f-bd05-432860f3024d,1,1,-1.8895027333858057,0.42367069141927544
afbf9908-a4d6-4650-8864-b59359dade53,2022,2022-03-02,3b495752-ddf1-47a7-8bdf-2625c4bfcce2,5253a75a-17f7-4ea5-b313-743697ebca72,13,1,3.3365175995229976,0.6371495795294512
b25cbc72-627d-4c89-91df-5572ccd25fad,2022,2022-03-02,6b68cf86-676c-4d12-958b-f2b9da02a5a1,5d7eb8c0-4b09-461b-bbc5-e2a032194a74,5,1,9.66142433557371,0.8202350165025231
b8991b46-1087-4c7b-bcf6-5b1f333d5c23,2022,2022-03-02,d0a4ad01-cd4c-462a-a303-d94d9c7c79fc,e40486af-12fa-47cc-93aa-4b196b7f5bbc,-11,0,-3.6122433571873476,0.3696752141132257
bad7f814-aa7e-482b-b393-1405419af93c,2022,2022-03-02,1b846bd7-47c9-4bf6-ab08-e44d968a34f8,6bb1093f-59ab-4de2-9cae-c257b87d56e4,11,1,4.779818158001044,0.6898532037564422
bd95b1ed-56ae-4778-ae65-f866860a49d2,2022,2022-03-02,ceed979f-ef7c-4eee-a2e7-fc66ff70bbc1,e78e20dd-cddd-4b53-b5d6-62aad4ced9ca,30,1,6.551436057377095,0.7550279635835494
bf130f69-88d1-4061-ad73-033bf8a61691,2022,2022-03-02,5018dfc0-8279-4a3e-b376-b7606f612a00,3911d63c-249c-41d9-a29b-df0377e1a054,7,1,3.7930248838994123,0.7083225937811427
cc4739f1-17a2-4107-9f94-2ebaa0634fa9,2022,2022-03-02,e06f08fc-4ed9-4807-9f8a-7889130e21f6,24f1d79c-4241-4c82-bf09-57a159ce81b3,7,1,1.25079251106005,0.5384110749996591
e1fd0d6a-782c-43bb-815a-de6eb14b3389,2022,2022-03-02,f04a9115-7f6e-45d4-8590-4934a791ebb3,1e46f177-0551-4da2-8f3f-c683820ed5f9,-10,0,-0.449403242887245,0.4696443040042577
e3821111-25bf-4d84-90fa-84fac5bbf1a4,2022,2022-03-02,d84fbf05-f799-486b-956e-f0500927e1d0,b394d3b3-e9a2-466b-abe0-89cda8e8d669,-13,0,-4.244343202504066,0.39720767135224533
e40a7e00-044f-4b2d-a456-97eb46c8341d,2022,2022-03-02,4e23c371-72f3-4986-a8c1-e7798c5dac70,d7c1086d-592e-460b-9f30-684b14d1097f,9,1,10.754470566319467,0.9088565117079159
f22a4f0f-4a60-4417-9a40-d7702642b063,2022,2022-03-02,1fac2552-eeff-489e-85f1-ce8abae4b5d3,8dfdef93-7be0-45db-8281-e58565dd9d85,-13,0,-18.596225513949154,0.03471141944799391
f9410c6c-4041-4f13-b2e7-0858b6a9e01f,2022,2022-03-02,a8f76e24-7f09-4727-b40d-6834e4fc0829,5870d352-4930-4235-9c03-7bcded7ae342,-14,0,-7.967342194029985,0.2650542562121448
fc226ecd-381b-4697-a3fb-44a208b69ade,2022,2022-03-02,bf8f11f7-2ca6-48bb-ab7f-58720df6451f,cabf7c08-20a5-4c33-9660-d2b3f25d04b0,8,1,0.11642208113064913,0.5466510348497695
065008c6-2ad5-4c45-ba65-81f055394759,2022,2022-03-03,b4531112-44f4-44bd-877c-3fca948b51f3,c2c0a075-e16f-4aa1-a838-887ef3ba2106,-10,0,0.060530261959486145,0.456760026938461
08b687cc-c428-4dfc-9575-e8ee37c8bc32,2022,2022-03-03,f9beb22d-1a30-4dc8-88ac-4737870b7e69,29398553-f42a-4873-9321-4c772f7dca42,7,1,3.493833368000114,0.5882661104043581
14100305-f3b7-4f09-b55e-443bbedf1a25,2022,2022-03-03,9fb581b3-9267-4861-a01b-51b7e751ca68,944226c8-c2af-4571-a853-5bb934c49ae4,1,1,4.131146983704993,0.7182004943306897
146f7f10-a8ad-41cf-8b08-6d83b0597eaa,2022,2022-03-03,ad5bf26e-a32c-4d5a-b531-f6822b104284,54514b3e-2558-4e69-98f9-b1f97fc17835,2,1,-8.696338869014443,0.2332761836031659
2411662e-cd25-407c-a43a-4145817eac69,2022,2022-03-03,64820b75-84d5-4b53-8bec-43ee70e03b36,e6e965ed-2ea0-4655-b873-7c4b7d9db0ae,3,1,6.3940224786994815,0.7757045678348552
25e55070-9098-4d65-bcda-2967a3a19c04,2022,2022-03-03,062eb8a6-996c-4619-9ba7-498cdd009dd6,1552f5fd-a3ac-4947-93d8-08bdf1a77f93,22,1,7.573621031028648,0.7681045531655971
31724ded-e5a3-4fa9-aa2c-5070aa5915ea,2022,2022-03-03,ce6a2240-48d2-446a-a847-e4ad4367b9fe,98555e7f-2f58-4896-b98e-4edcece8a333,-11,0,-1.7559137447586104,0.4275967917734665
4eb367f4-8351-4f54-928a-502dda36645b,2022,2022-03-03,6c96789e-21df-4f43-92b1-8e62705ffc1d,4d89f528-9a1e-41ca-beb0-98f913c61c2e,6,1,10.835100194813165,0.8778861188431737
565f329b-868c-4441-8e79-15ca922ff7ea,2022,2022-03-03,d13e3f73-7b13-4e91-9249-09f1e11e488e,1c994624-ca30-44fc-97cb-9a0aa481ad72,22,1,10.546630331275844,0.9147392002807457
5b5416df-e300-4c5f-bda5-1eedea1e5fe8,2022,2022-03-03,b101bc61-0628-4298-9362-c2e546437032,d84d7188-0176-4937-80ec-d83ae93a1912,15,1,7.266085153047315,0.7663426585075372
68f604bc-e2c0-4710-812c-cb405b7c1f17,2022,2022-03-03,ab8cafeb-02fc-4c83-aa0d-dcc530796fe4,3157f4b6-4b11-46d9-beb5-cef7c68fd1a5,6,1,11.794135584185966,0.8609447262491392
70a3d8b9-5b0f-4148-8e39-69878de50525,2022,2022-03-03,b990f4aa-efbd-4625-95a3-376e51ad9f2a,242a53a0-47e7-45ed-afe8-61172c29f09d,4,1,5.739469866553207,0.6860471755215195
7b7cbdd9-f7dd-442c-9173-d43d220cb6ad,2022,2022-03-03,21282287-1619-4d11-9e25-59855bdd5be6,92249853-0b54-4944-8955-34bc02003e54,-9,0,-1.6528486002201732,0.45007185896833835
80288b9d-9cde-4ddb-91a7-0126b1a0c62c,2022,2022-03-03,4db0015c-fae1-4d5b-8be6-db756062d47c,02d8446e-475c-43f7-a829-3e36474bc43f,-8,0,-11.30535712537638,0.10989923099995841
825e4b0d-4d50-49cc-b195-616f34bd31a0,2022,2022-03-03,3ebbd7b5-f0e2-4fd6-870c-58a45d420f53,b773a5ad-3d34-4658-a942-6e2836f04e3b,-6,0,8.431291054431998,0.8098521276134192
85913b7e-cdcb-403c-b55d-116c512f451e,2022,2022-03-03,9020eea9-bced-4c46-9f85-8bbdff3393c5,ff948b57-cb4b-42da-a899-37fa5c8a6d86,4,1,14.297966677154772,0.9316798751633469
8756151e-89f5-4c46-b3bd-8e6412dffca8,2022,2022-03-03,cddd6722-8c88-48b6-853a-6481451c0290,2a26048e-30fe-47e7-99d9-913f28dea879,11,1,-0.607842617672559,0.4823667801413447
90a73a05-199d-4937-96e0-1a5fd982b3f5,2022,2022-03-03,8b50b68b-b346-4272-bd86-947d908d937f,58041e02-d340-41c3-9f0c-e5e2a5c7a135,-4,0,13.345411153675599,0.9289707441746681
91720aeb-baa5-423e-bc07-be1fc8d958d5,2022,2022-03-03,77d10aad-4300-4849-8c55-f92e900358a4,7187f894-4dce-4524-b538-b66a892cd89a,24,1,-1.0769610227993545,0.4984411340961689
a0e4d2f0-5dde-43ca-a2c1-b91cf08027c2,2022,2022-03-03,8af2e3d8-3a2f-4008-b261-30f11908b768,f22782cc-03b3-4a0e-a189-8305ebe19b87,4,1,17.03741712219807,0.9525328191462509
a6cf5b7e-a347-47f5-a0cc-9f1e52772eee,2022,2022-03-03,e6d68428-bbd2-4402-b980-d22e5e7957ab,ef3d2fcf-bc17-49a6-84e3-cc117e8fc095,3,1,6.134459223384058,0.7889703049583482
a6fc0c38-84f3-407e-9e37-8b64ab0d572d,2022,2022-03-03,eb038e9a-e14d-41b3-b26f-804fde52e571,dac65a7f-4511-49a7-9c6d-3f29d22ff86f,11,1,3.526184829362222,0.6368241985928593
b0687e01-3929-4e71-8c4c-47551bb0924a,2022,2022-03-03,0724bbd2-14e4-4069-820d-16f4dcda5df5,604f3fca-4ca3-445b-9be1-3cb6b7f69fd8,-9,0,-12.72581315897063,0.06053131458473079
b5233511-982f-4d8b-af70-375c64901201,2022,2022-03-03,5eab2011-0416-43e7-bbcc-83c4224297f9,d4de33b3-cd7a-47bd-bc4d-da1381432ffe,5,1,5.985781536123506,0.7717458823983152
c0a0545c-352e-4016-8996-ea09f3f4129d,2022,2022-03-03,2422cf8a-bacd-4cb0-97f2-244a07c62c78,e51ef676-50a6-460e-81a8-b05cdee80c25,18,1,7.03312028193971,0.7141535898637528
c8632d22-3f04-4618-b221-902fc754e9fa,2022,2022-03-03,cd9b9678-1f2e-4444-85d3-3269c4b3775a,56c81362-1bcd-418d-831b-74b9b0c4a563,14,1,2.8998429577787617,0.6785612145648062
c935347b-2ff9-482f-b113-3569338abe35,2022,2022-03-03,9aed1c9e-7ade-4533-91c5-322e09783a7a,644511e8-8569-4c1b-b22e-4bf2710fa9da,3,1,9.187616733898919,0.8407759173045958
c9511754-2bf8-4726-b94a-06e3a13f548e,2022,2022-03-03,1bd5203f-23cd-4c96-8b8e-fae5ddfbe69d,af1bfe66-a343-4c46-94f8-4c670ce2c8d7,5,1,3.788722622040864,0.6891867935848349
cad161fa-2662-4182-be9a-54577d770520,2022,2022-03-03,4090fa15-7788-40ba-95cd-6c5cba85e91a,726e1c94-fb9c-45ee-ad09-5e487744b47a,17,1,8.74277794109703,0.8054243624938839
d94267c5-153d-43c8-abc6-fc3c3e20f6f3,2022,2022-03-03,29263387-625d-4270-b420-6066c840fbe3,e0d91570-7fe4-4dbd-b6ba-f6ce261fd58b,10,1,9.807912605025681,0.8902819995301763
edc891c4-9339-4bcc-8e58-cc3e591d287f,2022,2022-03-03,0c933bdb-bf23-4a17-ae1a-f28978a95152,0f928622-6fc6-4817-9641-a4366153c8c0,-11,0,-18.02949777150863,0.04939454360982571
f12f7c1b-ecbb-4954-b065-937c6f636771,2022,2022-03-03,0cc63380-151c-40fa-bc6b-76091785d359,77b07047-6507-4cf4-85a5-4c69fc0c453f,7,1,13.795510675238107,0.9398268574849977
f242ad5d-2f3d-453e-a4a0-d2c3df134746,2022,2022-03-03,01167cd7-9c6a-4860-904c-78f7c777ba81,87cec0de-4d93-4ed3-9ac3-deac97be5eba,11,1,7.871339601790753,0.7789616400193703
fdb765e3-eafc-4538-abfb-af4dcc60eb0a,2022,2022-03-03,6915e90a-5d80-4d4f-8d44-0bd316979884,dfc3b54f-3b20-406f-a673-33061db4e3ba,7,1,6.416560039490314,0.7616409489736272
00cfe3be-fd6a-4969-9866-9f34f1cb5e3c,2022,2022-03-04,31a85828-d084-442c-9cbf-1f706ab87f57,1bd5203f-23cd-4c96-8b8e-fae5ddfbe69d,13,1,8.704144229149149,0.8224481287325662
05886cf9-e502-44cb-a273-85f048539a46,2022,2022-03-04,cd84e158-0ec9-44ce-872b-e44a595a4e37,3e79582f-0f2d-4ace-86a2-242de87ef6c2,-1,0,-1.014338792362446,0.45174936593241527
09f08503-3877-4fcb-88c9-0b798cfcc30a,2022,2022-03-04,f3d329ca-1b85-47f6-a871-b80851fdc6d7,0a370edb-2194-4979-ad23-d796fb97dfb3,28,1,3.931454616592519,0.6885490763607117
158f8c92-a84e-40e1-b336-604d4e2345d7,2022,2022-03-04,0b986199-3ea8-40ba-98dc-8a54b3509609,d13e3f73-7b13-4e91-9249-09f1e11e488e,9,1,8.323405710378726,0.8430313614276319
221a1388-f3a6-4893-8970-edabb02554b8,2022,2022-03-04,9aff8705-aa1a-4181-bda2-9f9544361658,2335e299-031d-43e6-9ae6-536cc9177f51,-23,0,-11.374687045034003,0.08185097388988122
2f472619-7049-4b91-8b6e-993a225a3156,2022,2022-03-04,f8490c90-4ca1-437a-93da-114f5dac0426,92665c8e-76f8-4e29-a164-ffd7c8890a33,40,1,15.084626244244046,0.965989048208604
31ae30f4-178b-49d8-9471-379fc9685371,2022,2022-03-04,aef6cc9a-dcfd-4137-aa03-9926d921f466,3795d76f-7577-4ea0-8f28-89d16c87f9f0,1,1,13.474091259648993,0.9415321353115198
342503d3-565a-4c28-b8cc-d2b9a1d48316,2022,2022-03-04,b23fd4b9-0101-4a30-a8df-10760e1f4bfd,db040d7f-5499-4400-9069-620c27646ed6,1,1,-6.064784747801654,0.29251669438625966
3d785eca-e70e-4c24-aaf8-b182a08533d0,2022,2022-03-04,8f73f541-6fb8-4ad2-a1c6-e3eef51e7b64,4090fa15-7788-40ba-95cd-6c5cba85e91a,-2,0,4.613507890862678,0.7104260945106871
486069e7-d730-41ac-b147-cdedc6b89e5e,2022,2022-03-04,0f8a15c4-f4b7-4335-a429-ae233bf4aa41,e06f08fc-4ed9-4807-9f8a-7889130e21f6,17,1,7.383622950894278,0.7464265581865381
49bcdbc8-3131-491f-b3ce-9f661f68110f,2022,2022-03-04,59a704c5-1934-42cb-8720-83cd7ee9f3fb,e0d5322c-5032-4768-98e5-0b1ffa787a08,14,1,8.401815049226819,0.8464100721257218
525371ea-c387-48b9-bf6c-b7206ec7697f,2022,2022-03-04,91a6fe66-7652-496c-9d91-c9bd2b333b6b,b7b950c6-b603-4afa-afd6-ed15293d3523,5,1,3.457278088856644,0.6626961030045535
5ab4487f-1fcb-48cc-919f-a768f50a51f0,2022,2022-03-04,a6f2099b-9086-4681-8ffd-c41cc6f1b263,5a26bb55-d02d-4957-be27-861e8036f152,16,1,7.507717370168702,0.7554459058488487
97726241-0514-49c1-89d9-beac6ff1443c,2022,2022-03-04,e61ea85d-a57e-4621-930d-0b0e653eb2c7,94a64c9f-34df-480e-8ac0-1bad98ef2a11,-8,0,3.4878157265177365,0.6824447538113185
a3b49c92-feab-4466-96d3-2ac0bedc557f,2022,2022-03-04,bdb5791e-8da5-4640-82cf-7354e2f02b3e,5bdb2df4-f9a3-4404-a003-948f25c48965,25,1,10.084132156557544,0.8956324450941501
ac70133e-ef49-4e2d-86d5-626af02c3ab4,2022,2022-03-04,c6c28fde-56df-41e4-839d-2d6201c8dc27,77d10aad-4300-4849-8c55-f92e900358a4,14,1,13.40818316712568,0.9523232489893091
bb8990ab-f8d3-434b-876e-42bb425d1e1b,2022,2022-03-04,1235749c-6be5-439f-872d-e0a85682aef6,3943bea0-341e-414f-8f46-b97e08b5f90f,13,1,3.9694883337073033,0.6589020418528851
c665a155-fe41-4381-9598-b6d3c12c6da6,2022,2022-03-04,371a2930-c5a4-405a-bb44-9f22b55ca81a,8678425e-730a-4a99-bc7d-7c4282d7e434,13,1,8.736690413831507,0.8971186855678368
e129142c-e4a3-4234-99f2-e07933751e78,2022,2022-03-04,ffba6b6e-94bd-46d7-a735-5c1822df816a,f9beb22d-1a30-4dc8-88ac-4737870b7e69,18,1,5.504946368615906,0.7124199962511358
f6ffbfb6-787d-4592-80e7-446edba558a4,2022,2022-03-04,af3a149c-e965-41c9-af16-a3dd0322f9a7,1e89fbf7-1862-4050-b61b-f4de4a9ae045,10,1,8.294906289473351,0.7709496318601675
021e1d53-b0b5-489b-8254-212447e51284,2022,2022-03-05,95fd11d0-8e48-48f1-b7fc-f03fe1bc8c84,5820546f-7b8e-4593-afc4-fa098623f568,24,1,11.054859386563452,0.9057716177466526
06a064ee-7e93-4a78-9924-0e53175e1910,2022,2022-03-05,697f7fa6-4d64-4abb-8310-9f310c49ad61,a313a13e-7ac3-4c73-8872-6d424a253480,13,1,1.9199078816524442,0.6536927222637147
0b0ae4bc-4ac2-4ef6-a362-98d46cd37a08,2022,2022-03-05,cc1716b8-24e4-49d7-8778-964affd58954,4bc4f625-be38-4da1-919a-c43bedce10b4,3,1,4.069499091449506,0.6400139682541348
0bee82e0-ab1e-416b-9a26-5a9f4c3c1cb7,2022,2022-03-05,c73565a9-06c6-4314-b7e1-3659db4cf00c,c14dbd3f-31c2-4647-b19a-e03839f04ad5,20,1,10.284030436125319,0.8499625465684995
0ce88928-bef4-4130-8c1f-4d21251755aa,2022,2022-03-05,9c70f4e7-acfb-484b-8154-f0fa9365a3a8,ca910495-28ae-4dcf-a3bb-7b04612490b7,16,1,7.851321165714046,0.802510027105461
0db04704-86da-4eb3-819e-adc3ae58c3a0,2022,2022-03-05,ee925def-24cb-4b43-969b-4fe42d68b72e,9acbe680-5f94-47da-926d-51e1465fc500,7,1,12.476690915216507,0.8870864748992966
129af118-9d2a-4098-b3e2-e9a137f59daf,2022,2022-03-05,81c35070-ad3d-45bd-8fcc-5a8c73a46ba3,23ad3833-572d-41e9-8cc5-961b2db50d2d,2,1,5.522590060243126,0.7160917112526834
140e2a1d-f202-469b-aaa4-fb5a1eb8450b,2022,2022-03-05,0c1c2a64-13fd-4f6b-b1b1-2f9290dc2295,78c4f8c4-d04f-47ed-92d3-34e159fec915,-13,0,2.379396260843863,0.6587426576691062
15bc9e4f-b36a-4161-8333-fc8bd57f4bef,2022,2022-03-05,3ae40137-6b36-46a4-99e9-3ea88255660c,188437e6-a8e9-4e63-b58a-4141ffadc80e,4,1,-3.6348379760609704,0.37899075319254455
16e29e38-9b39-4650-8251-9bbd1867f412,2022,2022-03-05,43f1428d-b856-4fe8-b864-8728bfdbaffc,afaac3dd-1734-4b48-a2b3-c72d8548f375,7,1,10.600496373883638,0.8525560420510663
1959c313-33a5-4ecd-b87d-96aa9aef46ca,2022,2022-03-05,9400f670-2aa7-4099-aa46-ea9cf4724079,fd0a26ff-3454-40f1-b8e8-1f0f6f9523db,-5,0,-1.4730097243816958,0.48236883258675317
20a01f05-21a0-449a-9cd1-7868741bd592,2022,2022-03-05,8dfdef93-7be0-45db-8281-e58565dd9d85,3b495752-ddf1-47a7-8bdf-2625c4bfcce2,13,1,10.916071855705752,0.8752223702422659
227d7523-e094-446a-958f-5ecf783cff0d,2022,2022-03-05,b32dbb42-380c-448c-b510-ee949569ffd4,28669a26-792c-4843-ad64-6f16da03d389,1,1,-6.642754836317729,0.29333268014744907
24e41da4-b919-42e7-958b-15d3b975b22d,2022,2022-03-05,ab8cafeb-02fc-4c83-aa0d-dcc530796fe4,92249853-0b54-4944-8955-34bc02003e54,2,1,3.570279946276374,0.6890668281332878
25e68552-3153-4a49-9eea-d4055aed8e32,2022,2022-03-05,bf8a4003-12e8-4697-90dc-cf75dfedfeb0,a8d4a467-9623-470f-9ec3-c15afb497e8e,-30,0,-10.35617304247202,0.13001206134860185
296b139f-39c9-48b4-82e5-b5c9bfbaa0b4,2022,2022-03-05,add091d3-316a-457b-803e-9b8e145b76e6,a5e97c6a-a0e1-49d2-b6bc-8903c39ceaa0,-1,0,-4.016466673378635,0.3198388774460819
2b69c1be-3216-477f-9798-55ef24425b87,2022,2022-03-05,062eb8a6-996c-4619-9ba7-498cdd009dd6,2f31c6b5-2b36-4408-8c1b-2f6b39b97e96,31,1,8.947026553800166,0.8318551178142367
331bef32-3f0b-4dfb-8bdb-1180afa4af25,2022,2022-03-05,c3603958-de3f-4014-9dd0-d9c4c84dd226,ff725b84-1ca5-43ef-be84-cb70a6494dab,7,1,12.10349828958162,0.9120126111113046
33246a2d-8278-425c-aec4-04e30911f153,2022,2022-03-05,7b9691f0-e940-401d-9e2c-1d4f695fd91a,743e2828-8a80-4168-9d8a-f8cc1d9b0b9a,9,1,2.7181046468944086,0.5576271897435781
364925f9-6636-4da8-8717-0d8e09bfd9a2,2022,2022-03-05,96ccc81f-3016-42f2-98b1-6cbcbf6e8d07,421b3b28-ab05-4462-bfc9-644fc7163e24,-14,0,-12.29359191966298,0.0906642097666731
47599feb-fc44-404a-a6df-7dff5e4038b4,2022,2022-03-05,89fd2af1-5c8c-4222-8ffd-ce72e55a8579,dddedca4-47e5-454b-b278-b9f2fec5e78f,7,1,11.621321652570478,0.906649230557152
47c9e127-5a79-4c1c-a020-9fa08551c096,2022,2022-03-05,0b986199-3ea8-40ba-98dc-8a54b3509609,1235749c-6be5-439f-872d-e0a85682aef6,-1,0,0.6251387448006307,0.550300569449619
4e96314c-0b59-4eb6-8064-6ba70c245de9,2022,2022-03-05,4204a542-7881-4f83-972a-7567cb51cc3c,fe829304-1347-442c-85ad-2139be36330b,7,1,12.977388484630133,0.9270310611254149
4f17f785-cbcb-48c7-9603-ee6ef8354732,2022,2022-03-05,f5d59c00-1a94-4484-8e5c-c5073ff87ce3,b990f4aa-efbd-4625-95a3-376e51ad9f2a,3,1,5.6069882978165335,0.736424012801395
504a0a3a-036a-4076-8034-153adba9ab93,2022,2022-03-05,fd736c6d-0d9a-4837-8153-b1f51e776578,ead00c79-f9ca-4dc2-9beb-0b236dc32ce5,9,1,1.9293567104061364,0.5833709206570055
5b806956-65d3-46ac-bbbc-412f958f944f,2022,2022-03-05,59a704c5-1934-42cb-8720-83cd7ee9f3fb,af3a149c-e965-41c9-af16-a3dd0322f9a7,9,1,9.092557673817797,0.8559876422790794
5bfda77d-8825-497e-806f-d43e13cc3400,2022,2022-03-05,f05e79bd-96f4-4690-83c5-60a9d4972d05,1094d4ab-e85f-461d-8ef2-525fd92ec80d,-5,0,-9.816803500119832,0.200878276439291
5c8708ec-134f-4091-a21f-2a43dac0fb8f,2022,2022-03-05,4a44b6c6-3fc1-427f-bd05-432860f3024d,95eeb869-4052-4a70-84dc-8178393a6646,10,1,-0.18789806520881439,0.4824997658499733
6f47af79-53e6-47a1-8c07-5c53cd49d798,2022,2022-03-05,12414365-9349-4a1b-a319-34a8ad92f7e3,3b36f988-af5a-4761-a417-f496a2137c3c,2,1,2.655546111557033,0.5972400175615925
70c3cc1f-be17-4284-966e-7e15b4acef87,2022,2022-03-05,b7898dbc-7198-47fc-8098-496c7867351f,5e661a2a-5f48-4f4e-b78a-4ebc2220c393,9,1,3.7240067493376223,0.6987930670660811
712722fd-3919-4266-8383-238a0f1c9283,2022,2022-03-05,ae36afe0-850f-4758-99ec-d7deb696d4fe,bf8f11f7-2ca6-48bb-ab7f-58720df6451f,-3,0,8.501451492919836,0.840181579418862
721474cb-ddbe-4ade-9488-988783d84e40,2022,2022-03-05,b394d3b3-e9a2-466b-abe0-89cda8e8d669,d99c752c-71e0-431a-b0b7-143707bbc110,11,1,13.550495775512339,0.9349934150632309
79e58f78-160d-4a8e-b53c-09d976d60059,2022,2022-03-05,9be3dee8-ee3a-44e5-bf8e-c59a500829e6,a30d0067-866c-427d-b6d5-a55b4c986208,-13,0,-3.303032527791819,0.34976518929852807
7cf11a99-6190-44d0-9154-1bd348f949fb,2022,2022-03-05,fbb275ea-bf78-4cdf-ba66-538cd9722ef8,d2cb99ee-debc-4e8f-93ba-b0ffd42247ea,4,1,5.947246268290262,0.72951265788046
7dbcbc20-18ef-4d3a-b164-acad8ddfc2d5,2022,2022-03-05,5870d352-4930-4235-9c03-7bcded7ae342,a8f76e24-7f09-4727-b40d-6834e4fc0829,9,1,10.642812812964424,0.8572314480304978
7e97b517-7c42-4522-9a6f-86e02dee8e1f,2022,2022-03-05,4b6d2ea4-d1ab-46f4-b480-555227d14e55,e6d68428-bbd2-4402-b980-d22e5e7957ab,9,1,-1.857563793449853,0.43797085471661595
873a1859-ad9a-4b43-8db8-d38cc369a3df,2022,2022-03-05,8ce55fa9-2ea0-427f-85bc-c9e8ceb4d1f0,57a961fc-fabe-43a1-bd3f-78858a193715,-5,0,-8.974397319498866,0.20261735287285199
87415076-9ecc-4401-a702-35f1751fe9f7,2022,2022-03-05,4d299953-da89-4561-afe6-d0a2222d454e,00366c32-204f-4176-9a22-20555a1e6363,4,1,7.488162973663383,0.7997056531693382
8c76a507-b0a5-4a69-bb87-736624769a03,2022,2022-03-05,d5a14f1d-6220-4af8-9b8a-c8a9ae952d5e,21f47709-f514-49eb-9da9-1f6805407244,8,1,1.9485583037844334,0.5999842230537363
8e1698e6-341d-43d8-85bc-2f922b0a26e0,2022,2022-03-05,31a85828-d084-442c-9cbf-1f706ab87f57,a6f2099b-9086-4681-8ffd-c41cc6f1b263,-23,0,-3.922894704979102,0.3374433559329437
8f22d606-81c5-4fa8-bdb3-0e3529d2cc19,2022,2022-03-05,b9052e15-66e8-40e6-86ac-a872e5c51fe8,02d8446e-475c-43f7-a829-3e36474bc43f,-10,0,2.0897967717885044,0.5756731439998444
90826f21-25a2-4ffd-8c9e-617cb00fc11d,2022,2022-03-05,c2652773-7b58-4ba5-9edd-ffa62acbd245,46716039-e26d-4d19-a17a-35eec7c36cb4,16,1,11.22680133820492,0.8329968118830675
91a820ba-1352-444b-b5aa-87effcc4fb57,2022,2022-03-05,cc4eefaf-2887-46d2-920d-d97a8f3df18c,7dfde2c4-2d03-47ac-8d87-e6480afb8a99,8,1,12.31026397449284,0.9276352975178319
9a30175e-c14c-453e-b06f-102bfb36442e,2022,2022-03-05,2bdfedb6-38f0-4eb8-baaf-2965a942cb85,f3d329ca-1b85-47f6-a871-b80851fdc6d7,14,1,10.001903555079279,0.9037256078675823
9b9fab0a-5a3a-4aa7-af39-83e521b0e17e,2022,2022-03-05,cddd6722-8c88-48b6-853a-6481451c0290,f22782cc-03b3-4a0e-a189-8305ebe19b87,11,1,10.905095516471656,0.8589321303038304
9d34d9c4-1256-43f3-9e19-6194f53fa063,2022,2022-03-05,31503e00-902d-4881-a3a5-52c5415e0e2b,f9a723a0-1697-4175-8193-97f2f8906c0f,2,1,9.961379504105734,0.8749122301096536
9db701d1-7346-4b08-b136-f40c2e990eb1,2022,2022-03-05,5253a75a-17f7-4ea5-b313-743697ebca72,7f9edadc-8c22-4821-8da6-0ba70d59bbbc,4,1,-1.484903515661093,0.4502845482121172
a9027754-d50f-4ce3-9282-14a8d39b348e,2022,2022-03-05,4e853367-c5cd-4701-9554-38bf174777a3,94d0d44c-b426-4381-9d58-bffb34c097f5,8,1,2.124097101661084,0.5255770400418781
ade3da1d-4842-4d0a-8626-d96a7ae34a84,2022,2022-03-05,9020eea9-bced-4c46-9f85-8bbdff3393c5,75755c79-6aec-4154-b1f8-2337fd4a06c5,7,1,10.454565428384521,0.8667494800181236
b3b956b8-19f0-429d-9fc0-9d3d9fc31076,2022,2022-03-05,f4045f82-f9ab-4d14-867e-496a744ac26e,3411d575-6a72-4b22-885f-e90bac6bdd28,10,1,6.249472015074051,0.7315151860978609
b5392ad8-4e4b-4ad5-8f5a-50102ed099c3,2022,2022-03-05,5e8f405a-2ee1-4230-95ea-420666557eed,b773a5ad-3d34-4658-a942-6e2836f04e3b,13,1,6.302853515047215,0.7329242011867158
b7a2e083-0a21-4f96-8a43-2dda7c0ea8e6,2022,2022-03-05,ca2c8cbf-6e05-45fe-8697-30f46c2f58b1,94a64c9f-34df-480e-8ac0-1bad98ef2a11,5,1,11.418386419873846,0.8828583685434565
b8e98f11-f9a8-4680-a1e3-b249ba9f83c2,2022,2022-03-05,8af2e3d8-3a2f-4008-b261-30f11908b768,2a26048e-30fe-47e7-99d9-913f28dea879,20,1,8.526301524026954,0.8372599989060426
b929bcc0-178e-4189-9f81-0633e3d28c03,2022,2022-03-05,5953232b-95c2-4915-a150-ed30d3fdc96f,793f775a-aec3-4741-b86e-4c8e079f74a4,-2,0,-0.9163751893498755,0.42159980790060586
b9b1bfcd-34a6-4fa5-8f8e-e89a429366a4,2022,2022-03-05,54514b3e-2558-4e69-98f9-b1f97fc17835,ef3d2fcf-bc17-49a6-84e3-cc117e8fc095,18,1,10.399727656138504,0.8838373321719143
bd130324-bb15-48ec-976e-2a77efc09136,2022,2022-03-05,01167cd7-9c6a-4860-904c-78f7c777ba81,29263387-625d-4270-b420-6066c840fbe3,-3,0,6.276691619649642,0.7511500468382419
bd96cb47-16e1-4bea-97fc-c514cf09fbc9,2022,2022-03-05,0f8a15c4-f4b7-4335-a429-ae233bf4aa41,3f62a009-8c84-44c8-9775-4e3959e17edd,9,1,5.195685020066215,0.6211654388292218
be4e2004-de7a-4579-85da-9dd39dcf0cc8,2022,2022-03-05,f1501573-e854-43f7-9346-e94fa60ac4b7,b553e2a3-5933-4adc-b999-6deb896450c3,-9,0,3.5752533162987645,0.6425922069509319
c33bf3da-2709-4250-a1ec-0c0179ac8212,2022,2022-03-05,48b92b41-b7ed-4c2f-b7ef-3e3d4a99fd62,4e23c371-72f3-4986-a8c1-e7798c5dac70,-12,0,-11.31949346255624,0.15480450987544836
c43508a7-a0fe-4c7a-901b-87d163a848d5,2022,2022-03-05,97a440d7-b0b9-4fd1-9da8-6460649da714,e40486af-12fa-47cc-93aa-4b196b7f5bbc,-3,0,1.9584008995324313,0.5733000718669141
cc19bced-7721-4f48-ac7a-0ad1b6c5ad35,2022,2022-03-05,2678c438-d23d-4ec0-8105-ab3f1c748aaf,ceed979f-ef7c-4eee-a2e7-fc66ff70bbc1,1,1,7.007323245137529,0.7564057385179453
ce4b8074-0106-411b-b5e3-993552896150,2022,2022-03-05,b31491f2-919b-4ff0-9274-11397e369e22,bd64a96b-c6bd-4f04-ac87-79bec2f197d8,1,1,6.987893268468489,0.7580350649467197
ce66e1e4-8ee7-462e-a6f1-4f475768f258,2022,2022-03-05,669eb771-4301-4c20-8e17-113d14b6cc8f,9bf29604-a6db-46b0-b81d-92452dc43267,8,1,22.24386836448381,0.9863682002146957
d03e88da-5d59-451a-b4fc-ec9eade8950f,2022,2022-03-05,77413edc-f997-4807-a4ea-9caf8157da8e,bdb5791e-8da5-4640-82cf-7354e2f02b3e,12,1,6.573791358326105,0.7610866962643753
d2086b08-305f-4dc6-bd6f-88862cac9ac4,2022,2022-03-05,d67c23cf-71fc-4b63-b6b9-d41c6e172e4b,d7c1086d-592e-460b-9f30-684b14d1097f,8,1,18.10181989462633,0.97466626454103
d85d56c3-8d50-4340-88b5-cf8aa8897ce2,2022,2022-03-05,3ee1f038-4cc3-46de-8651-23f4bd9a99c3,a270ed0b-d820-42d4-8101-f2bf9e25042c,11,1,6.2197389499948,0.77069919094731
d87bf18f-5db1-475b-a1c8-5a239e215b4f,2022,2022-03-05,2a426bd0-410e-4de3-8d49-d5fc05123454,61d9acae-2486-4e53-82ea-60d146622f34,28,1,17.42073433028045,0.9714209398936199
db79dcb6-3ade-408d-87d3-96e45ed9804b,2022,2022-03-05,9aed1c9e-7ade-4533-91c5-322e09783a7a,0f928622-6fc6-4817-9641-a4366153c8c0,2,1,-3.5505446601584727,0.3588139214391257
dcec30a2-7897-4288-ab59-3d870faa3ec4,2022,2022-03-05,61476d05-09c4-4500-a588-2847128ed6e8,58041e02-d340-41c3-9f0c-e5e2a5c7a135,7,1,10.939115137815202,0.8842645414833861
e24ce017-ff55-471e-973d-8a50ffb9f6b5,2022,2022-03-05,8de64d3a-4bae-4d2a-a4d2-15ec6583f6aa,ff948b57-cb4b-42da-a899-37fa5c8a6d86,6,1,3.2000619149771636,0.660125136756177
e35cd3ff-7111-449b-98cb-7f2fa48c2a54,2022,2022-03-05,53922fed-96eb-4cde-8b45-7f8b7e032cf8,6726544c-ad23-4d1a-adfa-1a94c2e10a96,-22,0,5.41752660855196,0.7577742259721757
e75f273b-72d1-4de9-befa-e45d7653de36,2022,2022-03-05,a5658591-2fd7-4ab6-bea8-70e793ff3f6b,8d6547d3-5ed7-46e3-9ddd-95756f8adf91,-23,0,-5.5077054391310325,0.3569735762225363
f03cfa97-b2d3-4084-a9d0-83e953a77966,2022,2022-03-05,1e46f177-0551-4da2-8f3f-c683820ed5f9,f1fa4ba9-17ac-4467-80da-6559daef7a45,8,1,9.51172335508063,0.8292613819478285
f0df3e0a-1d74-4589-8e84-e68b84ebcf57,2022,2022-03-05,fc4bf214-f945-46ec-8524-00a3196b7449,1ff4fd9e-2594-47e2-8b06-66ad2ca3fcb6,-19,0,-11.225251728111287,0.10323060318662208
f516b293-dc98-4448-8803-383e3e09804c,2022,2022-03-05,e44d72a0-bb34-4a0f-b307-188c3b30e131,9fb581b3-9267-4861-a01b-51b7e751ca68,-1,0,-7.9504260768906185,0.22856274229951565
f6b1184e-434c-48fc-8b14-606b7b86c6cc,2022,2022-03-05,a50b7fa2-326f-4ab1-8bd2-b0bbf4f26d23,5018dfc0-8279-4a3e-b376-b7606f612a00,9,1,-4.850279269625783,0.32179604275577417
f6dfb6cb-19ab-404f-9889-a528b3701ed6,2022,2022-03-05,3911d63c-249c-41d9-a29b-df0377e1a054,944226c8-c2af-4571-a853-5bb934c49ae4,4,1,-0.2254603809640826,0.4982058631747735
133036ed-5db7-4485-9fe8-045f94b7fd0c,2022,2022-03-06,dcf098f0-7fc0-458c-95fe-c6f0743b4274,cd9b9678-1f2e-4444-85d3-3269c4b3775a,20,1,12.392882797544678,0.9119421160942227
219b8f21-dd67-4085-86c6-c1a5a59ad8e8,2022,2022-03-06,91d1df49-0521-4008-8e8f-c2098944ce2c,0724bbd2-14e4-4069-820d-16f4dcda5df5,28,1,8.698900823067644,0.8417948737068311
2455ceaa-785e-44a3-b862-39000af1c8a4,2022,2022-03-06,7bb8a634-d969-4ec9-b472-8294b1782684,6bb1093f-59ab-4de2-9cae-c257b87d56e4,13,1,4.532927743386519,0.6666913600272353
2ad6b6d5-4f32-4175-a06c-05f2e1c36d17,2022,2022-03-06,b4531112-44f4-44bd-877c-3fca948b51f3,b91fd5ed-1e0c-431b-bd4d-0947f67edb2b,12,1,-0.3691346161694127,0.4512519528216771
32f8c7ec-d198-4488-86d1-0822d3894ecf,2022,2022-03-06,8e9f9414-bd72-45a6-8896-59f1453666d6,c995f51c-df46-4643-9aa1-3830ce760066,39,1,26.807674959700705,0.9872429841692878
38cf65c2-bf10-484f-9dbc-64bf0d98cc53,2022,2022-03-06,d91f2468-d81d-4b25-a8be-53e85e8b4ded,b101bc61-0628-4298-9362-c2e546437032,6,1,5.383523383878075,0.7084488728319109
3b0da40d-a81d-4f07-87d0-fd282b990ad2,2022,2022-03-06,254cd687-c2d4-4fee-b5d3-c3ce6a9264e0,7c264f4b-0e3b-448a-a195-c16c164a624b,12,1,2.702500591297596,0.5783887299867586
4850a142-9624-47fe-adbb-63de1117b103,2022,2022-03-06,f621591e-18ed-471c-92f8-2c4d4c00bb75,86391a21-965e-44e8-819b-837cac02859b,-1,0,7.433511195798532,0.7974261972832863
50f1922a-b60f-4a61-a5e4-bc4f5817d63a,2022,2022-03-06,553733fe-ac6e-4397-9188-b27a01824e73,2d5a3d36-55d8-4fc7-9050-a067b5a5b3c9,-13,0,0.48786807831083684,0.5886946441754932
64f07740-d029-4b1c-9d54-a23187ccf599,2022,2022-03-06,73339436-3261-4171-9cc8-854b8e176836,fbf897ee-41aa-431f-8ef5-0ea7cbe2a05f,-16,0,-0.8868867458383048,0.46255831768117467
85ebff20-0343-44bd-b8b5-be37f32f381d,2022,2022-03-06,f04a9115-7f6e-45d4-8590-4934a791ebb3,d84d7188-0176-4937-80ec-d83ae93a1912,1,1,3.9712369690964184,0.6773502415280629
9e736d0f-98d9-4ab2-be9f-d9461c667ba1,2022,2022-03-06,dac65a7f-4511-49a7-9c6d-3f29d22ff86f,1b846bd7-47c9-4bf6-ab08-e44d968a34f8,10,1,6.953649395272077,0.7724609800615534
a88b69ed-875f-4ad3-9e6c-d8e6ace48233,2022,2022-03-06,99ad5125-6b8a-446a-ad41-7a5f50dcf6b7,ded40384-d167-4ba1-93ad-2fbaa4def151,17,1,5.53572049465892,0.7180088173188675
ab2d4986-1643-48a1-ac42-5eeff5911111,2022,2022-03-06,5e8f405a-2ee1-4230-95ea-420666557eed,f5d59c00-1a94-4484-8e5c-c5073ff87ce3,-5,0,-4.33212711034114,0.40188652214856413
ac4fe115-b6e3-48cc-8989-7aaca3f74d46,2022,2022-03-06,2bdfedb6-38f0-4eb8-baaf-2965a942cb85,12414365-9349-4a1b-a319-34a8ad92f7e3,3,1,7.46286395925153,0.7677199517030053
b0f8f51e-c1b2-4872-b5bd-f30a47a910a8,2022,2022-03-06,4184e3dd-c499-4f67-b148-fb0c4342d564,c2c0a075-e16f-4aa1-a838-887ef3ba2106,8,1,9.43480133708496,0.8591307084718312
b277b0bb-7e20-4dba-b60e-da1174e6537f,2022,2022-03-06,1235749c-6be5-439f-872d-e0a85682aef6,a6f2099b-9086-4681-8ffd-c41cc6f1b263,-6,0,-6.761666637488989,0.27638004048950376
b9f58841-8538-4306-8a5b-8f67de746f2e,2022,2022-03-06,59a704c5-1934-42cb-8720-83cd7ee9f3fb,0f8a15c4-f4b7-4335-a429-ae233bf4aa41,21,1,0.7991244446517692,0.5439006952870017
bebd7d5b-cf9a-44a4-b762-6c81cc05a07b,2022,2022-03-06,604f3fca-4ca3-445b-9be1-3cb6b7f69fd8,2bf13d1a-4738-4039-9d08-49f17859d4eb,14,1,-1.639092362671685,0.43437843536145676
c1c3fcdc-8576-44b2-972d-87c20ded6976,2022,2022-03-06,0cc63380-151c-40fa-bc6b-76091785d359,d1893fac-c32c-416c-9aed-0d6c61ad0935,5,1,4.231554973628183,0.7587758567598512
c8baa868-40a4-4e73-aec2-6cf777587b06,2022,2022-03-06,eb038e9a-e14d-41b3-b26f-804fde52e571,ce6a2240-48d2-446a-a847-e4ad4367b9fe,-6,0,5.429705944400395,0.7074670228033357
cbae7b8d-343b-42e6-8f23-6bd88bb4b3db,2022,2022-03-06,5eab2011-0416-43e7-bbcc-83c4224297f9,98555e7f-2f58-4896-b98e-4edcece8a333,2,1,-3.8126969190977755,0.3631357312365608
cf4024ef-0555-410a-8549-12a0172f93aa,2022,2022-03-06,e9770216-1dda-4db8-bc54-264a782d40b3,dea85f83-4470-4a0a-934c-553c4722d079,-10,0,-1.4094533767590818,0.4465139890189292
d2721c32-31d8-4122-baa0-16584a976680,2022,2022-03-06,ca2c8cbf-6e05-45fe-8697-30f46c2f58b1,81c35070-ad3d-45bd-8fcc-5a8c73a46ba3,23,1,3.8714748272804074,0.652768818565675
e99fa23d-2b5c-4270-8d41-609b72292f36,2022,2022-03-06,b0fa4996-a909-4fd7-ba9e-8f180716f7f3,d4de33b3-cd7a-47bd-bc4d-da1381432ffe,1,1,6.260013802791914,0.7270102314464268
efc55ae6-1963-494f-a6f5-5cc249c8b4c2,2022,2022-03-06,61476d05-09c4-4500-a588-2847128ed6e8,6da558cd-823c-46c8-b91b-4a40b474cc87,-9,0,-0.009839747984967576,0.485383998877969
3fdb77b9-a55e-4981-8473-707668731f67,2022,2022-03-07,ca2c8cbf-6e05-45fe-8697-30f46c2f58b1,2bdfedb6-38f0-4eb8-baaf-2965a942cb85,1,1,-3.497695792276931,0.438359680980672
5a684150-95af-4d6c-9c71-b76c48b51449,2022,2022-03-07,d34afafa-d43d-432c-98d1-72ab0aa8a823,77413edc-f997-4807-a4ea-9caf8157da8e,10,1,11.377222361065346,0.86831875307485
68b9305f-109b-429c-8244-e51ee51c01c8,2022,2022-03-07,71a67ffc-6558-40e0-96eb-79527a541007,2aba779c-997d-45af-a881-44cc87727a3a,-15,0,0.4349856743689548,0.606793296912129
7b7e48a2-aa7e-401f-8e0e-6e51f3818ab9,2022,2022-03-07,c73565a9-06c6-4314-b7e1-3659db4cf00c,254cd687-c2d4-4fee-b5d3-c3ce6a9264e0,20,1,1.6851379364869024,0.5158197233039581
8603286b-eaf4-4c1e-8ebe-ba7805e672f8,2022,2022-03-07,f5d59c00-1a94-4484-8e5c-c5073ff87ce3,6da558cd-823c-46c8-b91b-4a40b474cc87,9,1,5.321174552574298,0.6419821536726679
8c6338e6-b56f-4867-a1a8-d30b858e0915,2022,2022-03-07,6c96789e-21df-4f43-92b1-8e62705ffc1d,2422cf8a-bacd-4cb0-97f2-244a07c62c78,-14,0,0.7547718169773434,0.5399950379024451
97556fd3-2524-49c4-8667-7d3d1a4d5a3b,2022,2022-03-07,0ec0fe2d-cb25-483b-aeb2-0f12af2160c7,6bcc781c-aaad-4e10-8214-7a1d0e3f2e6d,3,1,7.119852089331376,0.7559608821620234
9eab52f4-79a7-4637-b4ac-c29689d97041,2022,2022-03-07,99ad5125-6b8a-446a-ad41-7a5f50dcf6b7,fbf897ee-41aa-431f-8ef5-0ea7cbe2a05f,3,1,-1.8141922510610626,0.4459775380801958
bc9a15b2-1885-43b1-93e8-d4a646b8cbf0,2022,2022-03-07,669eb771-4301-4c20-8e17-113d14b6cc8f,2d5a3d36-55d8-4fc7-9050-a067b5a5b3c9,23,1,9.681369624506052,0.8626494057842535
066a49b6-4bd8-43e1-a614-b89dcc87dce2,2022,2022-03-08,7dfde2c4-2d03-47ac-8d87-e6480afb8a99,a8f76e24-7f09-4727-b40d-6834e4fc0829,-12,0,-1.0823188035377667,0.5338906808720716
1ec4a2fe-1483-4fe9-a459-b89bb9eb8b1b,2022,2022-03-08,99ad5125-6b8a-446a-ad41-7a5f50dcf6b7,dea85f83-4470-4a0a-934c-553c4722d079,-4,0,-2.7171626444211365,0.39663303317338394
31a81d42-6199-4633-a9ec-092e66117775,2022,2022-03-08,46716039-e26d-4d19-a17a-35eec7c36cb4,c01c9fdb-95d5-43c7-b905-8bf714226631,22,1,3.7844443942819748,0.5839748834373429
380a69ec-40c0-4da3-aa5a-89249142db81,2022,2022-03-08,3ae40137-6b36-46a4-99e9-3ea88255660c,a313a13e-7ac3-4c73-8872-6d424a253480,6,1,4.606613510621318,0.6360983302529508
3ce6d8db-6c2e-463d-a21b-887c495d8783,2022,2022-03-08,2422cf8a-bacd-4cb0-97f2-244a07c62c78,2aba779c-997d-45af-a881-44cc87727a3a,-1,0,-1.6880301007659095,0.4553329920674504
400aafb6-2fbb-4a45-b957-90f119926c9a,2022,2022-03-08,240cc087-ebae-4133-9c14-cb46ebe54b97,f05e79bd-96f4-4690-83c5-60a9d4972d05,-13,0,-3.5446026351044946,0.4059854483485204
4696d012-0f26-4ad2-9106-d33fc37ff15b,2022,2022-03-08,669eb771-4301-4c20-8e17-113d14b6cc8f,c73565a9-06c6-4314-b7e1-3659db4cf00c,6,1,4.050475118850586,0.6077021693465643
51cea78e-6c02-4df3-93b7-8e48beeb2029,2022,2022-03-08,bdcaae22-ba48-4546-82af-ca21a229c276,1607fc40-d48c-4c58-9fa8-96e3f20a5137,10,1,3.0488353096611176,0.6416925270076659
670da118-e9a2-430a-9d75-131c5e76c376,2022,2022-03-08,2678c438-d23d-4ec0-8105-ab3f1c748aaf,d9411158-02d5-4d70-8862-92cec8bfdc49,27,1,-0.1382237357394829,0.44399025360028477
697b75d7-eb94-4fc8-9e43-2f7180d0f3de,2022,2022-03-08,d34afafa-d43d-432c-98d1-72ab0aa8a823,0ec0fe2d-cb25-483b-aeb2-0f12af2160c7,13,1,9.27492547494553,0.8494786136616275
84616d08-6347-4458-8e90-564f756707ab,2022,2022-03-08,ca910495-28ae-4dcf-a3bb-7b04612490b7,d7c1086d-592e-460b-9f30-684b14d1097f,22,1,10.560159063103832,0.9006381858955748
9748eca9-45b1-4738-a6e8-ef3b1d9a12b5,2022,2022-03-08,5820546f-7b8e-4593-afc4-fa098623f568,d0a4ad01-cd4c-462a-a303-d94d9c7c79fc,-20,0,-4.032028277926382,0.3340970688727428
c4f4f9a6-616b-4ad9-b71d-49ee5a8f0ad7,2022,2022-03-08,ad5bf26e-a32c-4d5a-b531-f6822b104284,4b6d2ea4-d1ab-46f4-b480-555227d14e55,-12,0,-3.8660701970563727,0.41972781549135585
d129f1b0-bb2f-4acc-95e5-475f9b625844,2022,2022-03-08,0c933bdb-bf23-4a17-ae1a-f28978a95152,1fac2552-eeff-489e-85f1-ce8abae4b5d3,-3,0,4.50496130788364,0.6524084034126263
ecf4d64f-f301-4e94-b39d-f14f86a4263a,2022,2022-03-08,4e23c371-72f3-4986-a8c1-e7798c5dac70,bf8a4003-12e8-4697-90dc-cf75dfedfeb0,1,1,6.762079429772719,0.7370711628026354
eebac02b-83d2-40bc-9fc0-8c7f7f7026ef,2022,2022-03-08,e6e965ed-2ea0-4655-b873-7c4b7d9db0ae,31edfcc1-f627-47cf-9ca0-61370f3261d2,10,1,5.005979531491265,0.6301761598278753
f7868cea-960f-48b3-93d2-87416e7598c5,2022,2022-03-08,2f31c6b5-2b36-4408-8c1b-2f6b39b97e96,ef3d2fcf-bc17-49a6-84e3-cc117e8fc095,-25,0,1.0267236994422924,0.5234249595279721
110922b3-5a31-4a86-9097-3c0aa82e2817,2022,2022-03-09,e44d72a0-bb34-4a0f-b307-188c3b30e131,a50b7fa2-326f-4ab1-8bd2-b0bbf4f26d23,7,1,6.596935447134473,0.7472592576636784
122bdd94-760f-4166-a6af-be54f57bb76a,2022,2022-03-09,8e9f9414-bd72-45a6-8896-59f1453666d6,1bc4534b-6474-409b-abbd-f840a8dc148f,32,1,22.630626255143607,0.9866625825359651
1bd552bf-b4e5-4747-84cf-7d513bcdc1c1,2022,2022-03-09,d5a14f1d-6220-4af8-9b8a-c8a9ae952d5e,5e661a2a-5f48-4f4e-b78a-4ebc2220c393,3,1,4.796931613575152,0.7170921971973979
1ced1fca-81bb-4180-ae56-8f5549c08c95,2022,2022-03-09,b553e2a3-5933-4adc-b999-6deb896450c3,4a44b6c6-3fc1-427f-bd05-432860f3024d,7,1,-1.6003244472801612,0.5364893694155451
21c8bca3-8df2-48cb-99dc-8ab0c3aaf3e4,2022,2022-03-09,2335e299-031d-43e6-9ae6-536cc9177f51,fc748d3e-7f1e-4823-9d7c-f14ad3df799a,27,1,19.03958622614635,0.9742710274564969
242ecf51-775c-419a-a3f5-928b73d0c6eb,2022,2022-03-09,4184e3dd-c499-4f67-b148-fb0c4342d564,b4531112-44f4-44bd-877c-3fca948b51f3,20,1,8.95501381040942,0.8118773781667487
28f2e10e-1d19-4c91-adfb-d383b91dfacd,2022,2022-03-09,2a26048e-30fe-47e7-99d9-913f28dea879,f22782cc-03b3-4a0e-a189-8305ebe19b87,14,1,9.162713400526243,0.8368789694551808
2c4153a9-1496-43d9-9309-aa60240a07ca,2022,2022-03-09,54514b3e-2558-4e69-98f9-b1f97fc17835,4b6d2ea4-d1ab-46f4-b480-555227d14e55,-1,0,9.062879364899976,0.836865319841882
2c7096da-f62f-4758-bf46-56df323b76d0,2022,2022-03-09,21f47709-f514-49eb-9da9-1f6805407244,4db0015c-fae1-4d5b-8be6-db756062d47c,14,1,8.626887155979288,0.8367694870028022
3139d2af-bcab-4689-a238-e7679f7c848f,2022,2022-03-09,793f775a-aec3-4741-b86e-4c8e079f74a4,3411d575-6a72-4b22-885f-e90bac6bdd28,35,1,11.095907683840663,0.9191870888883024
3739d5b6-1907-4557-b27b-3dbb6f6e366e,2022,2022-03-09,c3d3f21f-51d8-4ae4-9285-7209d1d97802,bd64a96b-c6bd-4f04-ac87-79bec2f197d8,1,1,2.5407247892171023,0.5909889530695214
379979fc-577e-41da-9b7c-634e5dfbaf87,2022,2022-03-09,5bb511d7-5a12-40d8-83d2-8be20bfc33d4,d0a4ad01-cd4c-462a-a303-d94d9c7c79fc,-5,0,7.307716481097676,0.8510788851648822
3b85241a-da16-41d8-94bf-3f07587f08bd,2022,2022-03-09,79f44737-6e40-4cba-af63-6ff773df5f36,ca910495-28ae-4dcf-a3bb-7b04612490b7,8,1,1.9146125431051826,0.6077185681538584
3ee693ec-49a3-447f-b0d8-6fe72c11d414,2022,2022-03-09,94d0d44c-b426-4381-9d58-bffb34c097f5,fe829304-1347-442c-85ad-2139be36330b,19,1,8.905622643841117,0.8161304268642684
410e1c7b-1b25-4cc3-aa13-bcc89e83c13f,2022,2022-03-09,247be024-10cd-4230-8ff4-c8f55dafdf33,8425fbd0-40c8-4146-a2c2-51ec714ee637,8,1,12.669209867402984,0.9235287156970237
57563152-f211-4d33-b0b4-72fc379f2c4b,2022,2022-03-09,3157f4b6-4b11-46d9-beb5-cef7c68fd1a5,b7898dbc-7198-47fc-8098-496c7867351f,3,1,6.721706735754932,0.7624119752325847
5f58ad48-1deb-4ff5-869b-23b9c41bd3f5,2022,2022-03-09,7b9691f0-e940-401d-9e2c-1d4f695fd91a,743e2828-8a80-4168-9d8a-f8cc1d9b0b9a,-1,0,0.5152044835360117,0.4618165673035076
60c1169a-2a70-47a7-abbb-b6ea4c633ee1,2022,2022-03-09,d4de33b3-cd7a-47bd-bc4d-da1381432ffe,6bb1093f-59ab-4de2-9cae-c257b87d56e4,9,1,4.325182840379409,0.6776808540702086
7ce96902-d4b2-4eb0-9866-5073d0ab2861,2022,2022-03-09,61bcde81-66e5-484e-95eb-5f373ff4a7eb,77917ea7-df52-4378-9975-57dbd680815e,-2,0,5.864260834245443,0.721223807045907
7da3e44b-1a09-4249-aa51-2858e81abcc2,2022,2022-03-09,e5df557b-d16f-479b-b7f6-db85db97e2cf,fc4bf214-f945-46ec-8524-00a3196b7449,-7,0,9.761535428899341,0.8568020123385622
80425b05-f299-487f-a019-73839889e325,2022,2022-03-09,cc4eefaf-2887-46d2-920d-d97a8f3df18c,1fac2552-eeff-489e-85f1-ce8abae4b5d3,27,1,19.416781443246446,0.9698080540348262
90a2e01f-12e0-41cf-97f6-edf83fe6e745,2022,2022-03-09,d77ce32a-30e5-47ce-8841-52447d9fe891,4e23c371-72f3-4986-a8c1-e7798c5dac70,30,1,7.290852217469379,0.7569832123332115
91c34a19-2421-42a0-bfaa-5eabe50321f2,2022,2022-03-09,b31491f2-919b-4ff0-9274-11397e369e22,ee925def-24cb-4b43-969b-4fe42d68b72e,4,1,3.137472841877151,0.5670704768169562
a2545114-543f-4e04-beeb-b513ffc1fcce,2022,2022-03-09,f4045f82-f9ab-4d14-867e-496a744ac26e,5953232b-95c2-4915-a150-ed30d3fdc96f,12,1,-4.562492059224448,0.36663919912644904
a7118191-7fc8-448e-a7ea-eff3f3a71b36,2022,2022-03-09,188437e6-a8e9-4e63-b58a-4141ffadc80e,3ae40137-6b36-46a4-99e9-3ea88255660c,1,1,6.815011989476389,0.7647073806610247
ab423a10-50bb-46d0-a5de-79059c7f2114,2022,2022-03-09,43fdfa19-1583-4159-9c0e-1e88e231b35d,8de64d3a-4bae-4d2a-a4d2-15ec6583f6aa,-6,0,0.173502973388655,0.5964128738626453
bf0968eb-1432-4c5d-b943-032d0f6623bb,2022,2022-03-09,9aed1c9e-7ade-4533-91c5-322e09783a7a,5253a75a-17f7-4ea5-b313-743697ebca72,10,1,5.493726112009511,0.7109200996389584
c3d71130-8160-4b9b-a738-1afb2b04148f,2022,2022-03-09,c2652773-7b58-4ba5-9edd-ffa62acbd245,46716039-e26d-4d19-a17a-35eec7c36cb4,14,1,9.740965953316634,0.7920291628716742
c95b339b-d369-4558-9c9e-351bb378847a,2022,2022-03-09,95eeb869-4052-4a70-84dc-8178393a6646,f1501573-e854-43f7-9346-e94fa60ac4b7,2,1,5.92506679956471,0.7153902759880394
cb35c355-e754-4325-9859-4765f334ea67,2022,2022-03-09,8af2e3d8-3a2f-4008-b261-30f11908b768,61d9acae-2486-4e53-82ea-60d146622f34,7,1,10.739450851063923,0.9180133354914821
ce62e2c1-c10a-40ea-965f-c513d131baef,2022,2022-03-09,944226c8-c2af-4571-a853-5bb934c49ae4,9aff8705-aa1a-4181-bda2-9f9544361658,2,1,17.801410212185594,0.9691202231265034
d6629a90-5022-4b18-a7cf-fbb86271fd02,2022,2022-03-09,048ae5f3-c6e9-4937-93fe-ec224e17fea2,bdcaae22-ba48-4546-82af-ca21a229c276,1,1,5.8055922619892115,0.7151647985175795
f48a811f-c2aa-45f1-9fa4-4eb59467f308,2022,2022-03-09,697f7fa6-4d64-4abb-8310-9f310c49ad61,97a440d7-b0b9-4fd1-9da8-6460649da714,-39,0,-3.4656376615591946,0.35901076954514166
f6fba240-4a54-406c-9e4d-1e2215ec007b,2022,2022-03-09,3b495752-ddf1-47a7-8bdf-2625c4bfcce2,a8f76e24-7f09-4727-b40d-6834e4fc0829,10,1,7.645128095765693,0.7594830491965389
0c4a5bdc-5300-48f0-86e6-4f316ac06e7a,2022,2022-03-10,9dc47cce-9b16-420a-971f-5362aaa69dc7,d77ce32a-30e5-47ce-8841-52447d9fe891,5,1,4.752271843177804,0.7066152488081653
0e7e64a7-4b6f-4f66-bff8-73daa2436a8a,2022,2022-03-10,e6d68428-bbd2-4402-b980-d22e5e7957ab,062eb8a6-996c-4619-9ba7-498cdd009dd6,3,1,-1.8451667831400647,0.4022504426597032
1d487d40-7e4e-4c0d-97c4-52f00793e192,2022,2022-03-10,d99c752c-71e0-431a-b0b7-143707bbc110,d84fbf05-f799-486b-956e-f0500927e1d0,-22,0,-5.482189680331685,0.2948152122627486
1e43f7d7-2095-469c-bcf8-85d64b10f49d,2022,2022-03-10,4b2092bf-f1b2-48c3-8ba6-43f8f5d0ee62,95eeb869-4052-4a70-84dc-8178393a6646,5,1,9.956419429799874,0.8117245033478987
24803dfb-8e98-4967-8ae9-d138cef2f4ff,2022,2022-03-10,3ee1f038-4cc3-46de-8651-23f4bd9a99c3,add091d3-316a-457b-803e-9b8e145b76e6,-5,0,1.149315527503214,0.5194156299877797
2bdb906d-4bc5-46f5-ac66-45bd7e675608,2022,2022-03-10,1e46f177-0551-4da2-8f3f-c683820ed5f9,f04a9115-7f6e-45d4-8590-4934a791ebb3,-6,0,2.241746440790835,0.5068385801863772
3ae00370-9bd0-46a9-ad8b-995bf6e2bce1,2022,2022-03-10,1393366c-684f-4fdd-bd85-9fabb1307aef,f816660e-09e0-4733-96a2-4d878efbff6a,12,1,-3.6139016684988894,0.36298095346735193
5ab36ed7-48be-4f02-870d-df2ad6d3e618,2022,2022-03-10,ce6a2240-48d2-446a-a847-e4ad4367b9fe,f9a723a0-1697-4175-8193-97f2f8906c0f,-5,0,3.001092693627572,0.6355773282373275
5e6ff261-454d-414c-9777-32020e4e47d9,2022,2022-03-10,2a426bd0-410e-4de3-8d49-d5fc05123454,743e2828-8a80-4168-9d8a-f8cc1d9b0b9a,4,1,13.384432118028718,0.9023935348691006
65f6c6df-1fd3-4ac9-ba14-5c9d56a3ed67,2022,2022-03-10,a5e97c6a-a0e1-49d2-b6bc-8903c39ceaa0,0efb1176-dc90-4109-b141-5025fc424128,-2,0,7.400008952375732,0.723725390328471
69fcea9c-604a-4b1d-bb7f-615e68c87053,2022,2022-03-10,4204a542-7881-4f83-972a-7567cb51cc3c,6b68cf86-676c-4d12-958b-f2b9da02a5a1,10,1,8.156113896961182,0.7604495309745785
6a6ad3b2-46e0-47f8-9ef8-98d5e458d84f,2022,2022-03-10,dfc3b54f-3b20-406f-a673-33061db4e3ba,ec2fc7a9-a3eb-4e36-9404-f156e2f997f5,1,1,-3.0352298930203596,0.44708653523694863
6d520438-5fc6-4262-b943-a57799c72f9a,2022,2022-03-10,c3603958-de3f-4014-9dd0-d9c4c84dd226,03b227c1-5813-4ee2-b7f7-34094db05200,-5,0,4.675805959879491,0.7210601992953513
87d51962-c8a6-440a-8a4d-a0331057f7c3,2022,2022-03-10,d98e9dc5-d3b9-41c1-ac48-5a4945d47713,4e853367-c5cd-4701-9554-38bf174777a3,11,1,4.816889127508665,0.6508591168240742
8c44627f-1e8b-4df7-a802-40aedff682ce,2022,2022-03-10,4bc4f625-be38-4da1-919a-c43bedce10b4,793f775a-aec3-4741-b86e-4c8e079f74a4,-6,0,2.8514510462431275,0.5700294523276099
920041a5-9d72-4a49-ba12-fbc8336cdb43,2022,2022-03-10,ab8cafeb-02fc-4c83-aa0d-dcc530796fe4,3157f4b6-4b11-46d9-beb5-cef7c68fd1a5,22,1,9.561030749922942,0.8138200537807535
9687a450-2e11-4371-b8fd-efd815a5636e,2022,2022-03-10,b9052e15-66e8-40e6-86ac-a872e5c51fe8,21282287-1619-4d11-9e25-59855bdd5be6,12,1,6.725538247032351,0.7800535099932415
97817085-75ee-4d1b-9d76-ca7d61ec7909,2022,2022-03-10,db040d7f-5499-4400-9069-620c27646ed6,3e79582f-0f2d-4ace-86a2-242de87ef6c2,10,1,9.481739744814275,0.8711511335372082
9bf5e26b-d59c-44b2-b15d-847d0929e547,2022,2022-03-10,aef6cc9a-dcfd-4137-aa03-9926d921f466,b7b950c6-b603-4afa-afd6-ed15293d3523,2,1,1.621548856201286,0.6275108661463479
9dc75a86-bdf0-4cc8-8190-1c401a276c30,2022,2022-03-10,cba4f27f-e547-49bf-bbb3-2983917351a2,2335e299-031d-43e6-9ae6-536cc9177f51,2,1,0.14345129582000649,0.5379344274926958
9eb2458f-01f5-4792-b023-9da17e4a8d8e,2022,2022-03-10,1cc71d7e-b5a6-4b50-a797-176f96548858,e6e965ed-2ea0-4655-b873-7c4b7d9db0ae,18,1,0.4576295290244273,0.5711982962234569
9f94fc66-e820-4337-b508-f37a2aa93858,2022,2022-03-10,92249853-0b54-4944-8955-34bc02003e54,d5a14f1d-6220-4af8-9b8a-c8a9ae952d5e,1,1,4.365462879580364,0.6714329325061698
a1942ac5-fed2-4a1f-839b-b5cb8bcd89bc,2022,2022-03-10,1094d4ab-e85f-461d-8ef2-525fd92ec80d,6915e90a-5d80-4d4f-8d44-0bd316979884,-9,0,-0.12059336505297319,0.4591821353096195
a3d28136-e40f-4971-8b20-d0c596728fae,2022,2022-03-10,28669a26-792c-4843-ad64-6f16da03d389,ff725b84-1ca5-43ef-be84-cb70a6494dab,31,1,9.700205444334204,0.8498760863880139
b10ad6eb-5ec2-4d53-a898-e76085542bb0,2022,2022-03-10,e31be871-e6af-43f9-9cf9-865a275b7e6f,62080182-ef8a-4907-90ca-00df4cec4e3c,3,1,4.364256513248748,0.6086458968883054
bf87b8a8-90c6-4fab-9080-77857e763b70,2022,2022-03-10,02d8446e-475c-43f7-a829-3e36474bc43f,21f47709-f514-49eb-9da9-1f6805407244,-12,0,8.316174583242262,0.7184328052099762
c5b5956f-6c22-49ad-8ea3-a22fb6f434f2,2022,2022-03-10,f8490c90-4ca1-437a-93da-114f5dac0426,3795d76f-7577-4ea0-8f28-89d16c87f9f0,1,1,16.40372920359071,0.9749932708463727
cc027468-e1d7-48b8-968e-65f68f05c9e4,2022,2022-03-10,dac65a7f-4511-49a7-9c6d-3f29d22ff86f,1b846bd7-47c9-4bf6-ab08-e44d968a34f8,4,1,6.09342483353556,0.68622754858611
cd585476-3a77-4a50-80b2-3d9eeb85a71f,2022,2022-03-10,fbb275ea-bf78-4cdf-ba66-538cd9722ef8,b553e2a3-5933-4adc-b999-6deb896450c3,20,1,13.79742531446545,0.9210231365609244
cf909eaf-c68d-4a59-a753-e96a199adadf,2022,2022-03-10,64820b75-84d5-4b53-8bec-43ee70e03b36,f05e79bd-96f4-4690-83c5-60a9d4972d05,11,1,11.586338327286352,0.8628675011195586
d9dc3c4b-af77-4683-91a2-04288d825ff1,2022,2022-03-10,cabf7c08-20a5-4c33-9660-d2b3f25d04b0,ae36afe0-850f-4758-99ec-d7deb696d4fe,5,1,-5.548433486484388,0.2991184862770492
de72535e-3d82-4246-947c-7efc23568f60,2022,2022-03-10,d84d7188-0176-4937-80ec-d83ae93a1912,0724bbd2-14e4-4069-820d-16f4dcda5df5,2,1,7.615231019506734,0.840375322070633
e3c2dabb-39f6-42fa-a49c-75cdf63e218b,2022,2022-03-10,a30d0067-866c-427d-b6d5-a55b4c986208,2a26048e-30fe-47e7-99d9-913f28dea879,11,1,5.021192850477675,0.6557286387456294
e6ce85d9-7b16-47b0-849c-38848d28ed69,2022,2022-03-10,1552f5fd-a3ac-4947-93d8-08bdf1a77f93,ef3d2fcf-bc17-49a6-84e3-cc117e8fc095,-6,0,-0.09475148773090412,0.5213593716957002
f8209ea5-c89b-4364-8891-6f94e45e2b90,2022,2022-03-10,75755c79-6aec-4154-b1f8-2337fd4a06c5,ff948b57-cb4b-42da-a899-37fa5c8a6d86,-5,0,4.51510624743324,0.7268566357406145
f86970bb-66ff-4a29-a3fd-15725e0be509,2022,2022-03-10,91a6fe66-7652-496c-9d91-c9bd2b333b6b,371a2930-c5a4-405a-bb44-9f22b55ca81a,10,1,8.693303085826914,0.8554062310425816
01310062-7038-4b4b-a94f-84b73e5eb080,2022,2022-03-11,9c70f4e7-acfb-484b-8154-f0fa9365a3a8,9dc47cce-9b16-420a-971f-5362aaa69dc7,5,1,-1.2677888551288121,0.480974775336069
035c6532-dd0b-4bde-942b-72df81ff3326,2022,2022-03-11,b0fa4996-a909-4fd7-ba9e-8f180716f7f3,98555e7f-2f58-4896-b98e-4edcece8a333,-10,0,-9.994864072533835,0.15178842850693408
1470d450-5daf-4a0d-a02d-6f4de7530c16,2022,2022-03-11,f8490c90-4ca1-437a-93da-114f5dac0426,aef6cc9a-dcfd-4137-aa03-9926d921f466,-8,0,2.5973877757447013,0.6260158032451828
1a6e7d4d-89a3-4876-8591-a3185ad80e79,2022,2022-03-11,7798adeb-2809-42ca-b509-02c719168825,cabf7c08-20a5-4c33-9660-d2b3f25d04b0,18,1,4.611037341662433,0.804302877564381
26fc4eb3-0b9e-4f63-ae46-1dd21f699041,2022,2022-03-11,d67c23cf-71fc-4b63-b6b9-d41c6e172e4b,79f44737-6e40-4cba-af63-6ff773df5f36,-2,0,-0.42268493537582075,0.5037578413879078
31b05469-29d8-47da-a5e6-321c8eb93d12,2022,2022-03-11,3e7063d6-a6e4-4aa4-8e77-044c9f5fc21a,d98e9dc5-d3b9-41c1-ac48-5a4945d47713,-27,0,-1.3358027996372182,0.5015460093237062
3b840b96-451d-496c-9dcb-2ec2603bc4e0,2022,2022-03-11,1393366c-684f-4fdd-bd85-9fabb1307aef,77917ea7-df52-4378-9975-57dbd680815e,-6,0,-0.3083394647359591,0.5263638350731826
40006dba-5282-4b56-991f-1f2c02f2b6ff,2022,2022-03-11,c5a3e484-778a-41ce-abc4-7ff9ec51ca4a,bf8f11f7-2ca6-48bb-ab7f-58720df6451f,3,1,13.172721023528796,0.9137989727085352
48b5b104-553d-4d09-ac42-b47cb61dba9a,2022,2022-03-11,43f1428d-b856-4fe8-b864-8728bfdbaffc,5ebd8a2c-2831-4a31-b7bb-6d6e6e1f7ff9,-7,0,5.028728742837719,0.6967671906584224
56bda4b2-efe0-43ac-813c-dd2b6a9b17e6,2022,2022-03-11,fd0a26ff-3454-40f1-b8e8-1f0f6f9523db,afaac3dd-1734-4b48-a2b3-c72d8548f375,9,1,0.9590087036744337,0.600194618673011
5bef9ff7-1aee-4956-bd1d-915aca1fcac1,2022,2022-03-11,78c4f8c4-d04f-47ed-92d3-34e159fec915,188437e6-a8e9-4e63-b58a-4141ffadc80e,-13,0,5.6053025440932425,0.6792222172018453
61c9c739-cae2-4561-b046-e86922f7376c,2022,2022-03-11,31503e00-902d-4881-a3a5-52c5415e0e2b,d4de33b3-cd7a-47bd-bc4d-da1381432ffe,8,1,11.82799256460029,0.9245268841079568
62a32e03-ccfc-45f7-859e-62b6f4f91e96,2022,2022-03-11,7f9edadc-8c22-4821-8da6-0ba70d59bbbc,8dfdef93-7be0-45db-8281-e58565dd9d85,-4,0,-5.354408422254825,0.347501049490603
73793f67-42b6-4e95-8d25-dfc7301fc449,2022,2022-03-11,89fd2af1-5c8c-4222-8ffd-ce72e55a8579,dddedca4-47e5-454b-b278-b9f2fec5e78f,10,1,8.610333869817806,0.775051717935341
7578eda9-61ba-467f-b3bd-4ae4c423cc3b,2022,2022-03-11,c3d3f21f-51d8-4ae4-9285-7209d1d97802,add091d3-316a-457b-803e-9b8e145b76e6,5,1,5.2443781938735645,0.6752778803479024
78eca1f5-b59a-4cc6-a39d-d191c730ba93,2022,2022-03-11,cba4f27f-e547-49bf-bbb3-2983917351a2,9fb581b3-9267-4861-a01b-51b7e751ca68,-5,0,-4.342041418829006,0.3916224004634844
82b7f1e2-cc20-40ef-95e5-c48b20771ab8,2022,2022-03-11,f621591e-18ed-471c-92f8-2c4d4c00bb75,dac65a7f-4511-49a7-9c6d-3f29d22ff86f,-6,0,-2.2855209995900885,0.44773585015368844
878be64c-9170-49c5-96b2-f6916d957d67,2022,2022-03-11,0f928622-6fc6-4817-9641-a4366153c8c0,3b495752-ddf1-47a7-8bdf-2625c4bfcce2,-6,0,9.583409316292876,0.8533814057216523
87aa379f-7d21-4fb1-a758-7923906c8bf2,2022,2022-03-11,ab8cafeb-02fc-4c83-aa0d-dcc530796fe4,b9052e15-66e8-40e6-86ac-a872e5c51fe8,3,1,1.501183330205252,0.5412151103056236
884c5149-506f-4bca-a59b-ccf44631da18,2022,2022-03-11,64820b75-84d5-4b53-8bec-43ee70e03b36,6915e90a-5d80-4d4f-8d44-0bd316979884,3,1,0.37438362654626184,0.5163751079290254
aee6f4af-c831-47c8-9c9c-85c2ccf6d6ce,2022,2022-03-11,d91f2468-d81d-4b25-a8be-53e85e8b4ded,f04a9115-7f6e-45d4-8590-4934a791ebb3,25,1,5.011626627177124,0.7207302258111516
b686765f-d08c-4ac6-a416-0fff38b0174b,2022,2022-03-11,e6d68428-bbd2-4402-b980-d22e5e7957ab,4b6d2ea4-d1ab-46f4-b480-555227d14e55,4,1,4.019784467966135,0.6772790378613671
bb367a3e-db4f-4454-881a-541b2039df2b,2022,2022-03-11,c2652773-7b58-4ba5-9edd-ffa62acbd245,ef3d2fcf-bc17-49a6-84e3-cc117e8fc095,12,1,10.556085731353317,0.8553061646780357
bc2c4d1c-1ca4-487f-8aca-15b8230ff82d,2022,2022-03-11,92249853-0b54-4944-8955-34bc02003e54,21f47709-f514-49eb-9da9-1f6805407244,7,1,4.78601651522288,0.7284287918504877
c2c54c4e-8ed6-4d38-b301-4f8340f40cdc,2022,2022-03-11,2a426bd0-410e-4de3-8d49-d5fc05123454,a30d0067-866c-427d-b6d5-a55b4c986208,10,1,13.783136042784228,0.9114368742395154
d4207021-4cb6-4de9-be32-b44860922521,2022,2022-03-11,d2cb99ee-debc-4e8f-93ba-b0ffd42247ea,4b2092bf-f1b2-48c3-8ba6-43f8f5d0ee62,-11,0,2.079258661213898,0.5906279515251139
df14870d-7931-4fd7-9edc-b30aeb8d5ef0,2022,2022-03-11,28669a26-792c-4843-ad64-6f16da03d389,03b227c1-5813-4ee2-b7f7-34094db05200,1,1,6.153197762233242,0.7053321244124483
f506c0e3-73c9-4a07-81fe-0d2453dbe387,2022,2022-03-11,4d299953-da89-4561-afe6-d0a2222d454e,d84fbf05-f799-486b-956e-f0500927e1d0,13,1,10.317901864970667,0.8688775432169948
f88d2633-36ee-43ed-9df7-e0a679675ab9,2022,2022-03-11,b31491f2-919b-4ff0-9274-11397e369e22,0efb1176-dc90-4109-b141-5025fc424128,19,1,9.540343321459227,0.8042117733612897
099c14cd-864b-4135-b9ea-3a55dfc7d43e,2022,2022-03-12,31503e00-902d-4881-a3a5-52c5415e0e2b,dac65a7f-4511-49a7-9c6d-3f29d22ff86f,5,1,8.504705459470017,0.757264887737464
19ab507d-0e64-4374-9a33-85e5a595a682,2022,2022-03-12,8d6547d3-5ed7-46e3-9ddd-95756f8adf91,421b3b28-ab05-4462-bfc9-644fc7163e24,4,1,4.399911097809297,0.6137299675647336
1cbf1bca-a984-43bf-bb6f-d68dd0c3c150,2022,2022-03-12,1ff4fd9e-2594-47e2-8b06-66ad2ca3fcb6,d98e9dc5-d3b9-41c1-ac48-5a4945d47713,6,1,8.451258315202717,0.7566936347482964
2b7cbdba-d206-4cb0-a4fc-36d4ec0359f5,2022,2022-03-12,7798adeb-2809-42ca-b509-02c719168825,fbb275ea-bf78-4cdf-ba66-538cd9722ef8,15,1,-3.1610137274395695,0.4479473556751108
3080f622-39ee-48ac-8fbe-4795fb2082c9,2022,2022-03-12,c2652773-7b58-4ba5-9edd-ffa62acbd245,e6d68428-bbd2-4402-b980-d22e5e7957ab,6,1,5.680618324321122,0.6484936686522382
34f75340-c42e-4cd0-9beb-d6823c358583,2022,2022-03-12,fd0a26ff-3454-40f1-b8e8-1f0f6f9523db,5ebd8a2c-2831-4a31-b7bb-6d6e6e1f7ff9,-8,0,-4.359849747983169,0.3063092180620531
7e8c31d8-4d41-4e0e-8079-9900ce267876,2022,2022-03-12,9020eea9-bced-4c46-9f85-8bbdff3393c5,28669a26-792c-4843-ad64-6f16da03d389,9,1,3.2819698120010954,0.6728574851049255
84ebad8f-aef9-4ccd-9103-bc5f8e54202e,2022,2022-03-12,91a6fe66-7652-496c-9d91-c9bd2b333b6b,aef6cc9a-dcfd-4137-aa03-9926d921f466,-20,0,0.718474428230365,0.5472569028061282
8d8dd853-c898-463e-8781-c654f0c57009,2022,2022-03-12,d91f2468-d81d-4b25-a8be-53e85e8b4ded,604f3fca-4ca3-445b-9be1-3cb6b7f69fd8,-7,0,-5.745924707038809,0.2839485112124556
afe701a1-87b2-4378-9b56-a99410127463,2022,2022-03-12,9c70f4e7-acfb-484b-8154-f0fa9365a3a8,79f44737-6e40-4cba-af63-6ff773df5f36,14,1,3.134404254885931,0.6221232332661174
b7d065d2-b7a3-4bb0-83e4-dffb0ad5a2ee,2022,2022-03-12,8dfdef93-7be0-45db-8281-e58565dd9d85,3b495752-ddf1-47a7-8bdf-2625c4bfcce2,9,1,9.358938532590756,0.8669004689588233
c5c78a4a-df55-4ae8-9cb1-78a290d7248f,2022,2022-03-12,2bf13d1a-4738-4039-9d08-49f17859d4eb,b101bc61-0628-4298-9362-c2e546437032,20,1,13.786751565580673,0.9507124478474237
4501fa1f-e0b1-4704-bd5c-d6c5e472195b,2022,2022-03-13,2bf13d1a-4738-4039-9d08-49f17859d4eb,604f3fca-4ca3-445b-9be1-3cb6b7f69fd8,18,1,5.460186955683073,0.7329689755701323
72a89088-56fa-4512-adab-be865d31b99f,2022,2022-03-13,4d299953-da89-4561-afe6-d0a2222d454e,e31be871-e6af-43f9-9cf9-865a275b7e6f,15,1,7.35120465122923,0.7975732737125836
814ab4de-a07d-43be-bab2-ce8f317a8ef2,2022,2022-03-13,7798adeb-2809-42ca-b509-02c719168825,4b2092bf-f1b2-48c3-8ba6-43f8f5d0ee62,-2,0,-2.2314266624796315,0.3824879333244782
ca067930-cf6b-47a0-b544-51a8c575cfe8,2022,2022-03-13,31503e00-902d-4881-a3a5-52c5415e0e2b,98555e7f-2f58-4896-b98e-4edcece8a333,-9,0,0.27724207120274624,0.5915429367382657
fdf3a493-86d3-49e1-8bb5-add956b60a3e,2022,2022-03-13,8d6547d3-5ed7-46e3-9ddd-95756f8adf91,fd736c6d-0d9a-4837-8153-b1f51e776578,-2,0,1.6793133273068817,0.5065834618883405
5ad673ca-dcdf-431c-9feb-1da76b5e7bbd,2022,2022-03-15,03b227c1-5813-4ee2-b7f7-34094db05200,0b986199-3ea8-40ba-98dc-8a54b3509609,17,1,7.047963141981819,0.7981726134263819
6228cea0-2e88-41d8-9a69-14487dcdf0b4,2022,2022-03-15,0f928622-6fc6-4817-9641-a4366153c8c0,28ef27aa-2dd0-4469-b521-fdbe9d8c6bd0,4,1,10.956650526954192,0.8630162266144231
643db3c5-89c9-4548-b91e-03cf1f88db86,2022,2022-03-15,5e8f405a-2ee1-4230-95ea-420666557eed,af3a149c-e965-41c9-af16-a3dd0322f9a7,-6,0,7.46914277043601,0.8058516428615061
676021e4-f1a0-46ec-bf84-bcf9230d70bf,2022,2022-03-15,b31491f2-919b-4ff0-9274-11397e369e22,5ebd8a2c-2831-4a31-b7bb-6d6e6e1f7ff9,9,1,1.7762246159294912,0.5362195370278776
824e9f9a-a821-48b2-94e4-84e347f55130,2022,2022-03-15,8af2e3d8-3a2f-4008-b261-30f11908b768,6bcc781c-aaad-4e10-8214-7a1d0e3f2e6d,13,1,7.804299689141825,0.7506011553153064
9668ecae-fada-4e80-996a-7969b641ffdc,2022,2022-03-15,e5df557b-d16f-479b-b7f6-db85db97e2cf,71a67ffc-6558-40e0-96eb-79527a541007,4,1,12.024893366018787,0.890616867845974
9abb61d3-e780-4faa-807a-b0327a67697f,2022,2022-03-15,793f775a-aec3-4741-b86e-4c8e079f74a4,8f73f541-6fb8-4ad2-a1c6-e3eef51e7b64,11,1,6.846981049770113,0.7742707648105343
ae834e64-5b28-4def-bcef-b00e8156bb10,2022,2022-03-15,e31be871-e6af-43f9-9cf9-865a275b7e6f,c3d3f21f-51d8-4ae4-9285-7209d1d97802,12,1,16.988135552207787,0.9629129887966433
b8648c49-c753-480f-bd31-213677c9c057,2022,2022-03-15,3911d63c-249c-41d9-a29b-df0377e1a054,f9a723a0-1697-4175-8193-97f2f8906c0f,-8,0,-3.7443490745065953,0.45359674589354576
c374299c-9689-43f0-832e-be5e8f631666,2022,2022-03-15,2335e299-031d-43e6-9ae6-536cc9177f51,2a26048e-30fe-47e7-99d9-913f28dea879,-11,0,11.778764819322104,0.847070836043423
da36a392-b840-484c-aa30-c47c7f955c01,2022,2022-03-15,d2cb99ee-debc-4e8f-93ba-b0ffd42247ea,8d6547d3-5ed7-46e3-9ddd-95756f8adf91,11,1,6.082990773476146,0.7582049399931208
1ace0e4d-1649-4e74-904b-cf49ecc885cd,2022,2022-03-16,62080182-ef8a-4907-90ca-00df4cec4e3c,54514b3e-2558-4e69-98f9-b1f97fc17835,5,1,7.470091264226673,0.7831171471217887
20a96c52-1197-4352-a3ff-b8f41ee06d25,2022,2022-03-16,be639f4e-dcad-4737-8fdc-2740207d65e3,e51ef676-50a6-460e-81a8-b05cdee80c25,16,1,9.325412956055033,0.8261906679263069
27edaf13-56db-403e-afca-66be5f976415,2022,2022-03-16,b0fa4996-a909-4fd7-ba9e-8f180716f7f3,95fd11d0-8e48-48f1-b7fc-f03fe1bc8c84,-2,0,-2.227228765103505,0.4715326552174907
345ef23b-d831-42fc-adfb-3deff9be580f,2022,2022-03-16,3ebbd7b5-f0e2-4fd6-870c-58a45d420f53,f816660e-09e0-4733-96a2-4d878efbff6a,24,1,11.736048291836786,0.8964402654788874
374d1b8b-74e2-46ba-ad9d-d7610eea6124,2022,2022-03-16,02d8446e-475c-43f7-a829-3e36474bc43f,91a6fe66-7652-496c-9d91-c9bd2b333b6b,4,1,1.7547088334358183,0.5475723463215871
3b54d201-0e71-4e8f-920c-47bfc6a8da14,2022,2022-03-16,d25581ff-ffd9-4c81-a946-e99b1de2c3b6,266e01e9-2f9d-48f6-a4e6-b1184626f785,5,1,10.09441688619698,0.8404920724611838
42138e8e-3d6c-4517-af58-a23e1f62d00a,2022,2022-03-16,bdb5791e-8da5-4640-82cf-7354e2f02b3e,64820b75-84d5-4b53-8bec-43ee70e03b36,21,1,11.431210629542214,0.84410652187354
44ff74cf-73e1-4534-9598-8fa4679d34ca,2022,2022-03-16,fbb275ea-bf78-4cdf-ba66-538cd9722ef8,31a85828-d084-442c-9cbf-1f706ab87f57,-12,0,6.843556855377429,0.7317287637559825
a06a3d24-0267-400e-ba5a-548e903849bd,2022,2022-03-16,d91f2468-d81d-4b25-a8be-53e85e8b4ded,43f1428d-b856-4fe8-b864-8728bfdbaffc,10,1,12.81886541571576,0.9041019655154093
b0d8ca03-88d5-4fcb-a409-78300c261482,2022,2022-03-16,f8490c90-4ca1-437a-93da-114f5dac0426,c5a3e484-778a-41ce-abc4-7ff9ec51ca4a,-19,0,-2.966304591956764,0.42141453914865695
cbbef498-4e7c-42ab-8e92-832fa824243a,2022,2022-03-16,048ae5f3-c6e9-4937-93fe-ec224e17fea2,d84fbf05-f799-486b-956e-f0500927e1d0,3,1,2.09132154411747,0.5907275562059354
dbcbc4ca-049e-429d-8aa0-aae545821b94,2022,2022-03-16,2aba779c-997d-45af-a881-44cc87727a3a,2678c438-d23d-4ec0-8105-ab3f1c748aaf,11,1,2.3026998347759986,0.6408147906996406
e7190464-d2b2-46a7-9f37-2020e711b70f,2022,2022-03-16,8b50b68b-b346-4272-bd86-947d908d937f,fd0a26ff-3454-40f1-b8e8-1f0f6f9523db,2,1,12.54825957205621,0.8948501397842363
0430f97f-accc-430f-b32d-b076a91ac54c,2022,2022-03-17,4204a542-7881-4f83-972a-7567cb51cc3c,9c70f4e7-acfb-484b-8154-f0fa9365a3a8,-7,0,8.770409040242395,0.8393682335174654
2065d6ce-ddff-48cb-987a-c758b888d439,2022,2022-03-17,0ec0fe2d-cb25-483b-aeb2-0f12af2160c7,f9a723a0-1697-4175-8193-97f2f8906c0f,29,1,4.954555533789978,0.6985292858980666
2837addd-554c-45f2-bae4-1e66851fed24,2022,2022-03-17,c6c28fde-56df-41e4-839d-2d6201c8dc27,77413edc-f997-4807-a4ea-9caf8157da8e,5,1,-3.773487548057557,0.40803189672409085
2ea4476b-634e-40bd-b62a-980b521e38f7,2022,2022-03-17,cba4f27f-e547-49bf-bbb3-2983917351a2,ce6a2240-48d2-446a-a847-e4ad4367b9fe,-12,0,-2.2123123013587196,0.4972705884374777
4800baf9-4cef-4078-b4df-ded45b7c1b58,2022,2022-03-17,89fd2af1-5c8c-4222-8ffd-ce72e55a8579,aef6cc9a-dcfd-4137-aa03-9926d921f466,4,1,15.667898830957716,0.9403539218545653
51388424-7b08-4b62-a7ee-b4fa7afee76e,2022,2022-03-17,78c4f8c4-d04f-47ed-92d3-34e159fec915,4e853367-c5cd-4701-9554-38bf174777a3,32,1,11.03538745704526,0.8590844594714651
5b0b6ace-f302-4fd3-9194-ce368fdb9cf4,2022,2022-03-17,9020eea9-bced-4c46-9f85-8bbdff3393c5,b31491f2-919b-4ff0-9274-11397e369e22,27,1,25.296453156070417,0.979368327621217
8840d771-f99c-446f-bf32-48f15fa8e245,2022,2022-03-17,9fb581b3-9267-4861-a01b-51b7e751ca68,d98e9dc5-d3b9-41c1-ac48-5a4945d47713,-3,0,1.9231478040670003,0.6232269331174394
c999be0e-c7c4-4ce9-b42d-9bfc5b241ff9,2022,2022-03-17,d34afafa-d43d-432c-98d1-72ab0aa8a823,f5d59c00-1a94-4484-8e5c-c5073ff87ce3,21,1,22.499489794365612,0.9769040524058025
d2ef7edf-445e-4476-aa76-93b674fd06c1,2022,2022-03-17,944226c8-c2af-4571-a853-5bb934c49ae4,d5a14f1d-6220-4af8-9b8a-c8a9ae952d5e,9,1,18.140588130887153,0.9677110792020495
d48a5e91-754d-4aec-96c2-964e979251b4,2022,2022-03-17,4d299953-da89-4561-afe6-d0a2222d454e,59a704c5-1934-42cb-8720-83cd7ee9f3fb,32,1,19.383461323474343,0.9658331426169681
2d79ec29-d06b-47c3-985e-dd55c3f974e1,2022,2022-03-18,dac65a7f-4511-49a7-9c6d-3f29d22ff86f,7798adeb-2809-42ca-b509-02c719168825,1,1,5.997216406377174,0.6879404184001787
458beaad-0c78-43ca-beb1-29abd6f86c24,2022,2022-03-18,eb038e9a-e14d-41b3-b26f-804fde52e571,a6f2099b-9086-4681-8ffd-c41cc6f1b263,13,1,0.558361994409226,0.47892722354013983
4b75075a-5c14-49f0-9fd1-fa8484efed1d,2022,2022-03-18,31503e00-902d-4881-a3a5-52c5415e0e2b,fd736c6d-0d9a-4837-8153-b1f51e776578,22,1,19.45449156519136,0.9718751312727972
66abf6e5-5dc8-4782-a415-fdc96c19cc3b,2022,2022-03-18,1ff4fd9e-2594-47e2-8b06-66ad2ca3fcb6,dea85f83-4470-4a0a-934c-553c4722d079,20,1,16.64709417045131,0.9629361010915787
84b21a98-0f64-40ac-aa27-a1b2c1f5b016,2022,2022-03-18,cc1716b8-24e4-49d7-8778-964affd58954,ff725b84-1ca5-43ef-be84-cb70a6494dab,-5,0,3.7816920982207507,0.6789559412263777
8639b09a-f67c-4f27-ab32-b95953caf8fd,2022,2022-03-18,6b68cf86-676c-4d12-958b-f2b9da02a5a1,ff948b57-cb4b-42da-a899-37fa5c8a6d86,-27,0,-3.756261347496527,0.35010241564668515
8d193be2-fb3d-4cb4-9abe-7bbd3ad0423d,2022,2022-03-18,28669a26-792c-4843-ad64-6f16da03d389,ab8cafeb-02fc-4c83-aa0d-dcc530796fe4,35,1,19.092675722666648,0.976278178291289
904c82f8-4c5b-4d8b-990e-5a5d1563c342,2022,2022-03-18,4bc4f625-be38-4da1-919a-c43bedce10b4,95fd11d0-8e48-48f1-b7fc-f03fe1bc8c84,-14,0,3.5967507216321817,0.6265901364078426
a76aa0e7-f65e-420b-bef8-149e68999c91,2022,2022-03-18,b394d3b3-e9a2-466b-abe0-89cda8e8d669,01167cd7-9c6a-4860-904c-78f7c777ba81,19,1,16.470448385003408,0.9556526801584964
b54f3ff7-e1fc-4898-b8c4-d19f23217a71,2022,2022-03-18,dddedca4-47e5-454b-b278-b9f2fec5e78f,e40486af-12fa-47cc-93aa-4b196b7f5bbc,-2,0,-0.693184200564996,0.4773752810732959
ca537968-3c65-46ae-933e-bb25d47e4652,2022,2022-03-18,2a426bd0-410e-4de3-8d49-d5fc05123454,2aba779c-997d-45af-a881-44cc87727a3a,17,1,22.92921574133676,0.976213328686087
e3b8967a-a1bc-48d3-8590-1545aad1456a,2022,2022-03-18,0c1c2a64-13fd-4f6b-b1b1-2f9290dc2295,1cc71d7e-b5a6-4b50-a797-176f96548858,17,1,19.55712886460387,0.9764655350071554
ed282def-06e4-44e8-bcb9-2dd351716293,2022,2022-03-18,2bf13d1a-4738-4039-9d08-49f17859d4eb,8dfdef93-7be0-45db-8281-e58565dd9d85,14,1,10.720082587500508,0.8705202358867838
f09fb55d-05b9-4d17-92b7-d6d84f4cf553,2022,2022-03-18,f621591e-18ed-471c-92f8-2c4d4c00bb75,dcf098f0-7fc0-458c-95fe-c6f0743b4274,7,1,4.645378860934854,0.681865594923953
f3e05849-975a-468e-ad7a-ab2fbf2ed0f0,2022,2022-03-18,5eab2011-0416-43e7-bbcc-83c4224297f9,ca2c8cbf-6e05-45fe-8697-30f46c2f58b1,1,1,6.052384760390743,0.7097421220422341
fcbbd47b-7d65-4814-b1e6-aa92ede3deaf,2022,2022-03-18,75755c79-6aec-4154-b1f8-2337fd4a06c5,188437e6-a8e9-4e63-b58a-4141ffadc80e,8,1,-0.0645312418942652,0.4281878737369486
015c5f88-b0c7-4a76-89b3-7163046fc1a8,2022,2022-03-19,3e7063d6-a6e4-4aa4-8e77-044c9f5fc21a,4b2092bf-f1b2-48c3-8ba6-43f8f5d0ee62,28,1,4.6524805623431895,0.6365630312599145
13250555-efbf-41dd-b0eb-d33d618a3163,2022,2022-03-19,d34afafa-d43d-432c-98d1-72ab0aa8a823,604f3fca-4ca3-445b-9be1-3cb6b7f69fd8,4,1,10.168478651726362,0.8672856646320005
2afe8dd6-07a4-41b4-947e-5a894dcce2f2,2022,2022-03-19,bdb5791e-8da5-4640-82cf-7354e2f02b3e,31a85828-d084-442c-9cbf-1f706ab87f57,19,1,6.014730113563314,0.7479689431358685
31b6ee7e-0f83-4519-a35a-7a4be5a65ac8,2022,2022-03-19,644511e8-8569-4c1b-b22e-4bf2710fa9da,db040d7f-5499-4400-9069-620c27646ed6,-1,0,-4.745529493353454,0.34277005712574815
3fc3f81b-6545-409e-94c3-6101ed460034,2022,2022-03-19,5bb511d7-5a12-40d8-83d2-8be20bfc33d4,d2cb99ee-debc-4e8f-93ba-b0ffd42247ea,6,1,7.493519427980195,0.7321152732631142
4d7e9b89-34b6-4b1f-8953-36107a169b35,2022,2022-03-19,4bd089fa-104e-4a99-a39a-1af78fc3e611,a8d4a467-9623-470f-9ec3-c15afb497e8e,12,1,-5.325578292272976,0.28964608206680564
6a88c96d-3109-4580-998f-080898ab472c,2022,2022-03-19,4e23c371-72f3-4986-a8c1-e7798c5dac70,7f9edadc-8c22-4821-8da6-0ba70d59bbbc,-6,0,-5.902339266910971,0.2970282505202366
7cc75521-786c-4902-b5b6-97455461f40f,2022,2022-03-19,6c96789e-21df-4f43-92b1-8e62705ffc1d,1235749c-6be5-439f-872d-e0a85682aef6,-22,0,-4.652448292906106,0.3140597175798289
8b9667c9-af4c-4a05-a9e4-93b751584234,2022,2022-03-19,4d299953-da89-4561-afe6-d0a2222d454e,ce6a2240-48d2-446a-a847-e4ad4367b9fe,-8,0,7.063130067971793,0.7525159365501132
9af02a41-3842-4646-ac75-0bc0f290617d,2022,2022-03-19,e31be871-e6af-43f9-9cf9-865a275b7e6f,2a26048e-30fe-47e7-99d9-913f28dea879,15,1,12.583392114250332,0.8068504295283307
b32dd0f3-a919-4292-84dd-1bd97e7e6a1a,2022,2022-03-19,ffba6b6e-94bd-46d7-a735-5c1822df816a,afaac3dd-1734-4b48-a2b3-c72d8548f375,21,1,12.459463317773894,0.861686016533704
bf8d140a-ee0c-46db-9c08-dd1544d3a3ab,2022,2022-03-19,00366c32-204f-4176-9a22-20555a1e6363,9c70f4e7-acfb-484b-8154-f0fa9365a3a8,5,1,8.089524301311885,0.7992570492703261
c73d0a30-65b5-4646-9385-d05fd33f24b0,2022,2022-03-19,9aed1c9e-7ade-4533-91c5-322e09783a7a,7c264f4b-0e3b-448a-a195-c16c164a624b,26,1,7.932336791686506,0.8027410937614913
d30b6718-8869-42fb-bb59-c94155c821f7,2022,2022-03-19,9020eea9-bced-4c46-9f85-8bbdff3393c5,d98e9dc5-d3b9-41c1-ac48-5a4945d47713,7,1,16.670973364894678,0.9546003629951578
e606a674-afd0-4a5e-9e57-2df1b1fd45cc,2022,2022-03-19,c6c28fde-56df-41e4-839d-2d6201c8dc27,c2652773-7b58-4ba5-9edd-ffa62acbd245,-10,0,8.424817071039005,0.8125264912180813
e91daac0-56da-4fce-8820-d0248489500f,2022,2022-03-19,c3603958-de3f-4014-9dd0-d9c4c84dd226,78c4f8c4-d04f-47ed-92d3-34e159fec915,-7,0,1.9661804255295994,0.6315991807355542
f0061710-edc9-4661-a662-0aa932fabebe,2022,2022-03-19,89fd2af1-5c8c-4222-8ffd-ce72e55a8579,0ec0fe2d-cb25-483b-aeb2-0f12af2160c7,16,1,1.6628947057517987,0.609617484748963
3f5609a4-3cdd-49aa-89e4-4d893f9cfadd,2022,2022-03-20,61476d05-09c4-4500-a588-2847128ed6e8,79f44737-6e40-4cba-af63-6ff773df5f36,-12,0,-4.941920215969662,0.31100599406612467
570c252f-4a8a-4e6b-b886-308ff884bdf3,2022,2022-03-20,1ff4fd9e-2594-47e2-8b06-66ad2ca3fcb6,eb038e9a-e14d-41b3-b26f-804fde52e571,10,1,6.646343409069828,0.781043623797129
639d529d-3fa1-4850-814b-79aad4cfc692,2022,2022-03-20,e5df557b-d16f-479b-b7f6-db85db97e2cf,62080182-ef8a-4907-90ca-00df4cec4e3c,16,1,4.2945166739427645,0.6497664504507902
66164b47-753b-4f03-8103-61e412118bb6,2022,2022-03-20,31503e00-902d-4881-a3a5-52c5415e0e2b,75755c79-6aec-4154-b1f8-2337fd4a06c5,10,1,3.0525178451209625,0.6117344551271583
897348e1-de6f-4e7a-8f1f-5032a4e76825,2022,2022-03-20,0c1c2a64-13fd-4f6b-b1b1-2f9290dc2295,dac65a7f-4511-49a7-9c6d-3f29d22ff86f,9,1,8.025121789338211,0.823760457791793
9c5db7c9-d2a2-4afc-ac11-f2c2bea58315,2022,2022-03-20,28669a26-792c-4843-ad64-6f16da03d389,95fd11d0-8e48-48f1-b7fc-f03fe1bc8c84,6,1,12.019062420580807,0.8423992032014507
b72bf416-04e5-40e8-9f24-8e8bc8b2a0b7,2022,2022-03-20,2a426bd0-410e-4de3-8d49-d5fc05123454,ff948b57-cb4b-42da-a899-37fa5c8a6d86,5,1,8.467538616023592,0.8553978256903162
c5367a2c-e668-4898-b28b-36b64e909ace,2022,2022-03-20,f621591e-18ed-471c-92f8-2c4d4c00bb75,ff725b84-1ca5-43ef-be84-cb70a6494dab,-5,0,-1.0184852004043972,0.4419934880193072
f06a6b73-00bf-4cab-801b-bf8a2b38a3ae,2022,2022-03-20,5eab2011-0416-43e7-bbcc-83c4224297f9,2bf13d1a-4738-4039-9d08-49f17859d4eb,-15,0,-7.365535385642757,0.26242155366663056
f8008699-4c32-437c-83ee-ab182265cb43,2022,2022-03-20,b394d3b3-e9a2-466b-abe0-89cda8e8d669,e40486af-12fa-47cc-93aa-4b196b7f5bbc,-18,0,6.487184044120775,0.7507639288586758
071ded5a-de9b-4db2-966d-dbc3f29eccb1,2022,2022-03-21,8b50b68b-b346-4272-bd86-947d908d937f,af3a149c-e965-41c9-af16-a3dd0322f9a7,4,1,10.659045169534874,0.8468573305170003
4be37ac6-f9da-4ef1-bde9-fa5a25891a6d,2022,2022-03-21,4bd089fa-104e-4a99-a39a-1af78fc3e611,92249853-0b54-4944-8955-34bc02003e54,-3,0,2.4056483884325894,0.6088649030639531
c0796c00-9682-4899-8eb3-3e1648924037,2022,2022-03-21,3ebbd7b5-f0e2-4fd6-870c-58a45d420f53,be639f4e-dcad-4737-8fdc-2740207d65e3,16,1,2.4476997715937925,0.5684711837517585
c2ab143e-fb81-43e8-b6e6-14c3684c502f,2022,2022-03-21,79f44737-6e40-4cba-af63-6ff773df5f36,db040d7f-5499-4400-9069-620c27646ed6,5,1,2.8648569374356008,0.6923911748470737
c319306c-ab35-4bb3-a962-14e966f18891,2022,2022-03-21,99ad5125-6b8a-446a-ad41-7a5f50dcf6b7,1235749c-6be5-439f-872d-e0a85682aef6,1,1,-6.400729122715552,0.31040419002922987
f84af345-8ad2-4807-ba8f-8a4956ee57ce,2022,2022-03-21,d1893fac-c32c-416c-9aed-0d6c61ad0935,7f9edadc-8c22-4821-8da6-0ba70d59bbbc,-30,0,-3.4830957618364224,0.34444884641687395
3c5eb468-cc07-4582-a2b8-72e7bceaf664,2022,2022-03-22,e5df557b-d16f-479b-b7f6-db85db97e2cf,793f775a-aec3-4741-b86e-4c8e079f74a4,2,1,2.041134803017396,0.5741637522644251
ddff6354-dc31-4a55-95ff-2fb1597f1ea0,2022,2022-03-22,9aed1c9e-7ade-4533-91c5-322e09783a7a,02d8446e-475c-43f7-a829-3e36474bc43f,-13,0,4.660253897577389,0.6995976660698281
df77d3d6-5826-4aab-9b54-f5e976f95d87,2022,2022-03-22,79f44737-6e40-4cba-af63-6ff773df5f36,7f9edadc-8c22-4821-8da6-0ba70d59bbbc,-16,0,1.9617387720551334,0.6450873840891926
fcef4977-20a2-4f01-b13f-32a4a8aca1fa,2022,2022-03-22,92249853-0b54-4944-8955-34bc02003e54,99ad5125-6b8a-446a-ad41-7a5f50dcf6b7,-16,0,-6.153895632316202,0.357528736377468
233ea0bf-a34b-4a2b-a1d8-620721bde476,2022,2022-03-23,bdb5791e-8da5-4640-82cf-7354e2f02b3e,8af2e3d8-3a2f-4008-b261-30f11908b768,-19,0,-0.351049292166456,0.5106660965246546
8d399092-2dd7-4637-b6ff-bcb692ea6ae3,2022,2022-03-23,e31be871-e6af-43f9-9cf9-865a275b7e6f,5bb511d7-5a12-40d8-83d2-8be20bfc33d4,15,1,4.663928885399889,0.6915131248779052
9015d83a-a573-4080-97d9-cf0d49f396a8,2022,2022-03-23,99ad5125-6b8a-446a-ad41-7a5f50dcf6b7,7f9edadc-8c22-4821-8da6-0ba70d59bbbc,6,1,-3.0698269289150777,0.47091664916643006
e548a3cf-fcd9-43e8-b2d5-39ce669937f3,2022,2022-03-23,944226c8-c2af-4571-a853-5bb934c49ae4,d25581ff-ffd9-4c81-a946-e99b1de2c3b6,9,1,13.337992744541586,0.9272682159343243
347abe43-d381-4d5e-ace2-f881feefdf1e,2022,2022-03-24,0c1c2a64-13fd-4f6b-b1b1-2f9290dc2295,28669a26-792c-4843-ad64-6f16da03d389,5,1,0.8494376456735795,0.4601082260382402
63f977b1-2f78-4bdf-893e-7832abe0a0fb,2022,2022-03-24,1ff4fd9e-2594-47e2-8b06-66ad2ca3fcb6,ce6a2240-48d2-446a-a847-e4ad4367b9fe,8,1,6.5031783327164225,0.7062112657893806
ef2446bf-970d-44fb-8e28-861b00d67685,2022,2022-03-24,d34afafa-d43d-432c-98d1-72ab0aa8a823,00366c32-204f-4176-9a22-20555a1e6363,-6,0,10.859556566633735,0.8990637112964416
f9094c7d-530c-4d5b-8493-8e7b5da5e43a,2022,2022-03-24,2a426bd0-410e-4de3-8d49-d5fc05123454,2bf13d1a-4738-4039-9d08-49f17859d4eb,-12,0,-3.2019188801571774,0.41360183193577943
0808fd00-586a-437c-9df9-53006b8359d2,2022,2022-03-25,89fd2af1-5c8c-4222-8ffd-ce72e55a8579,78c4f8c4-d04f-47ed-92d3-34e159fec915,-7,0,-2.730679241157677,0.42496384830010775
70e8a2ba-0043-4935-a2eb-322a9bc2cebe,2022,2022-03-25,e40486af-12fa-47cc-93aa-4b196b7f5bbc,ff725b84-1ca5-43ef-be84-cb70a6494dab,14,1,0.8942376499376169,0.5411932537345351
99614987-ff51-44c8-8d4e-a7f3fc491be3,2022,2022-03-25,9020eea9-bced-4c46-9f85-8bbdff3393c5,3e7063d6-a6e4-4aa4-8e77-044c9f5fc21a,5,1,11.488482262917051,0.9015324731886567
af15aef5-d0fa-4a20-8e6e-05b8087bed7b,2022,2022-03-25,31503e00-902d-4881-a3a5-52c5415e0e2b,c2652773-7b58-4ba5-9edd-ffa62acbd245,-3,0,16.28235188264432,0.9422163326869788
5f128a68-ca97-4ef1-b86f-e841f0fe6e81,2022,2022-03-26,1ff4fd9e-2594-47e2-8b06-66ad2ca3fcb6,2bf13d1a-4738-4039-9d08-49f17859d4eb,6,1,-1.4488098409070216,0.5010278249556571
90fc7ce6-ee61-4a17-95b7-4c22e44e7307,2022,2022-03-26,0c1c2a64-13fd-4f6b-b1b1-2f9290dc2295,00366c32-204f-4176-9a22-20555a1e6363,9,1,5.536568413635653,0.7148790089815699
d4cba3ce-559a-4bf9-83e7-8c47ce10aa74,2022,2022-03-26,02d8446e-475c-43f7-a829-3e36474bc43f,ffba6b6e-94bd-46d7-a735-5c1822df816a,11,1,2.270487992213724,0.6596740783686972
1a7cce37-3ce1-4133-9c62-b622c40527c1,2022,2022-03-27,78c4f8c4-d04f-47ed-92d3-34e159fec915,c2652773-7b58-4ba5-9edd-ffa62acbd245,20,1,15.857281967091609,0.9386648489431969
bd50eefa-bd69-4f69-8019-15ef05eeacb0,2022,2022-03-27,9020eea9-bced-4c46-9f85-8bbdff3393c5,e40486af-12fa-47cc-93aa-4b196b7f5bbc,26,1,11.20928456532168,0.881483537179244
4f34474c-bcf3-403d-9d6e-3a515f1445ce,2022,2022-03-28,944226c8-c2af-4571-a853-5bb934c49ae4,02d8446e-475c-43f7-a829-3e36474bc43f,19,1,10.48932185129428,0.8622864343542813
67795a2f-9b72-4ee8-919e-6461cafb0fd6,2022,2022-03-28,8b50b68b-b346-4272-bd86-947d908d937f,3ebbd7b5-f0e2-4fd6-870c-58a45d420f53,-1,0,3.9076954229791685,0.6708180563541385
f2671d88-a06e-4248-8999-3b7090ec2bcc,2022,2022-03-29,e31be871-e6af-43f9-9cf9-865a275b7e6f,8af2e3d8-3a2f-4008-b261-30f11908b768,16,1,3.109269500005529,0.6332552234453721
62e81115-f420-4812-8d3f-c1ce4774cb75,2022,2022-03-31,e31be871-e6af-43f9-9cf9-865a275b7e6f,e5df557b-d16f-479b-b7f6-db85db97e2cf,-1,0,2.91300070567208,0.6190087732532042
60f24f6c-e072-4eee-ba6d-dbbae9b36532,2022,2022-04-01,3ebbd7b5-f0e2-4fd6-870c-58a45d420f53,944226c8-c2af-4571-a853-5bb934c49ae4,-11,0,-4.3034048512339025,0.3415347835714869
57409990-d582-425c-9de2-1f17352b72df,2022,2022-04-02,9020eea9-bced-4c46-9f85-8bbdff3393c5,1ff4fd9e-2594-47e2-8b06-66ad2ca3fcb6,16,1,4.669912387223259,0.6418734681279427
5cf694b9-70fe-4645-a7a0-0f451ceb9e9d,2022,2022-04-02,0c1c2a64-13fd-4f6b-b1b1-2f9290dc2295,78c4f8c4-d04f-47ed-92d3-34e159fec915,-4,0,0.865672878879921,0.534236784155923
58ab1db6-dcc8-4cce-ba49-1f6629084381,2022,2022-04-04,9020eea9-bced-4c46-9f85-8bbdff3393c5,78c4f8c4-d04f-47ed-92d3-34e159fec915,3,1,4.0614083738614655,0.6655883527040822
