game_id,season,game_date,home_team_id,away_team_id,actual_margin,actual_home_win,pred_margin,pred_home_win_prob
11f85dad-1156-4082-926b-754ce7c8ddc9,2023,2022-11-20,0621d617-e31d-4e1e-a043-a11af2f706de,22641200-31a8-4bc1-9df0-8a3393139dde,-12,0,-8.719160178385527,0.17204286304821
3395abe1-ffce-4ba7-a04c-260be0da0544,2023,2022-11-20,7631bceb-b254-43fd-b331-b90b901b5959,4a3968bb-0d67-41c6-af5f-7ac59ae5cc3d,-14,0,11.929646536664777,0.9191022224385806
3f44c9b2-eb02-4909-81ce-de8c891b3828,2023,2022-11-20,77dbd2b6-8c48-42cf-9cfc-6fffa07402bc,bab73e4f-6d77-4aa0-8c6f-347009c2283e,9,1,8.016784982585575,0.8190454736459133
900b943c-7dd4-4541-91df-d7429cd716cc,2023,2022-11-20,043e8015-480a-461d-aae5-6cb149237466,d680033e-5d87-4349-8622-dcce2bc0559c,2,1,8.05927784128653,0.7606222781619455
a04c6c7d-0e74-446a-b74d-ed38ea291120,2023,2022-11-20,a0454954-f558-44d1-812e-59b90041128d,db9252c1-9697-4f77-b192-93b1badf442b,6,1,13.854566071675393,0.9374005626473869
b270e21c-f882-4238-8c9f-521d08c2db48,2023,2022-11-20,a61813fd-4a0a-4112-9fe9-2d33fa01a9aa,393745fb-1951-4506-ba94-c10dcd66ee50,-5,0,11.738590786511159,0.8589668805556588
c6cc6950-998f-4b7a-950e-fbf0cc108aed,2023,2022-11-20,295728d9-e6d3-43a5-a29d-26c403f073cd,80cec103-b3b1-4978-9b4a-f1ad161630fd,5,1,3.7039514769931734,0.6690152080184357
d32f0b35-876e-44c5-8965-e626d7608536,2023,2022-11-20,e7f10812-f961-4c56-b848-22cb16073f49,7a193c3e-c732-47d4-b893-cc0c575ff431,2,1,7.680396350824655,0.7803507960470594
ee03b98c-755e-4836-ab78-6852d1a8f464,2023,2022-11-20,3c06c3f7-a7c4-4179-a9a7-d9b86afaf42c,105b326b-5a9b-4c89-a5ec-7e020f9e72e9,4,1,8.62812198914656,0.8307859079234551
18b15e36-898b-46a6-b090-82bba94893d6,2023,2022-11-21,14900e69-e972-4137-8f13-5ef152e0075b,9cee8aea-80de-46c5-81a8-499fc49acb57,9,1,14.473105211313579,0.9291387028856846
256e1a32-b6b7-4f6d-b75d-e0c673772820,2023,2022-11-21,8674cdcf-acde-4035-bcae-1c7c0d7549e5,208232bc-9495-4351-b34b-874117e7ab9b,-8,0,8.522825565978113,0.8094526143750196
5e1ab7e8-8161-4e7c-967f-bdb87cf097fa,2023,2022-11-21,9cf58c59-1075-457a-b79e-942b453b75d1,957c8e2e-1939-4c65-af04-df116ac4086d,11,1,0.017390707013012912,0.4394539992265416
e1104697-6d1d-40e4-b7b3-31349ebb87f5,2023,2022-11-21,c84adc87-6cd7-4df0-9245-59fa829300e4,f62a4b7d-6f85-4607-a748-854c9b8c0c5d,23,1,3.6318792937423203,0.6748713849221571
094c44f7-6b90-4252-ae01-abe261d33ff4,2023,2022-11-22,4d964b45-0956-4e20-9bb3-92d90690ea01,c3807661-da5f-4ce7-af5a-e086fc56158a,5,1,8.729844761176096,0.7167068743535034
19762fbe-48c6-4388-b1e5-1279bfb43338,2023,2022-11-22,297b5678-ce67-4c02-bfc4-2ccec5343d09,81937a80-a7e9-4025-9c21-2ed38625cdae,29,1,5.959935767771806,0.7940050040830594
646a66ab-22f7-410a-b3b2-32c89e13cd1f,2023,2022-11-22,f022d404-14a6-4105-afd2-445afe77bad5,06ef3673-5d7a-4701-aed9-726aa07838e4,12,1,-6.743126350557529,0.20658696666448828
6782390b-d864-4ce1-90c7-e14f3d7f958d,2023,2022-11-22,c20e9648-8980-4cb8-b139-4343f24b2e91,3c06c3f7-a7c4-4179-a9a7-d9b86afaf42c,22,1,17.840880038331164,0.9337931298595742
6a6a21d3-44ea-4692-ba19-75e42c47ad97,2023,2022-11-22,effe733a-ab00-44c0-ba8a-c389badc7014,b847237b-f1fa-48c8-a618-17553efdc228,12,1,0.2897740876053267,0.5462017524481191
900c70f4-427c-45e0-b0e5-372e0faf6318,2023,2022-11-22,db22a3b8-fd13-44f3-8968-9aeb04d833e7,030a591c-8164-4635-bb33-29a4c98e0b5b,-6,0,-0.3473722833397669,0.48680136642173
b2725597-f0b7-4b36-807e-1f332f5dc95a,2023,2022-11-22,2a391736-2322-4864-894e-4856c2d517d7,f1d0f01f-d161-44fe-a534-6f4383fe2d0a,14,1,4.489989626139463,0.7183449246972864
011436cf-58bd-4c22-a14f-aa156cee55d0,2023,2022-11-23,81ba36f8-a53b-4696-8877-2e9bb161598a,a4574b8e-6d1d-4ed4-a947-b175f74c6387,-1,0,0.7410964006766145,0.621820965601977
02320150-87ca-4dc9-b930-5424be01afca,2023,2022-11-23,39668771-063a-4cfd-ba1d-be18a842d5a1,599c2f7f-3472-4f93-9807-39b33c575236,11,1,2.72387186462101,0.6135986477035187
0287c747-82b0-4131-bac7-9b1e09c727c1,2023,2022-11-23,eaaf67e1-30a6-41ca-a400-906b86d42a58,8e864d36-5a07-4d24-bea5-f7b85c3187bd,3,1,-2.2646594532688877,0.2658297714696039
05de4070-6348-4128-be3d-753e6022bdd5,2023,2022-11-23,e7f10812-f961-4c56-b848-22cb16073f49,12a96cea-6b94-4165-bfbc-3fbee5bd51ab,2,1,10.102097745389818,0.7591658881356556
117f3828-664e-41c0-b457-ef3c0ac6a46f,2023,2022-11-23,9d09ebd0-f5e4-4022-b315-aa3719219b6a,fda4e988-3514-4913-8f5c-1c8db7f59165,31,1,24.858360937088207,0.9904071614412742
15d228e6-1f25-42f3-b561-8abbc32eac23,2023,2022-11-23,71bfb11f-a38d-45a5-914a-5006c7417da4,3bc40b20-71e2-4fa2-9c99-8e0b6cc3460b,21,1,-1.9805568697998348,0.4546383478910532
1dd91942-1c80-4238-b8ce-a3f7fa66a124,2023,2022-11-23,325c1fce-e70b-481c-bc59-315b7defd4ad,16e5ce2f-bdd7-49bd-a906-9aeaef0ffa08,12,1,11.915378488091893,0.8969870320418689
257a0cef-f21b-4a6b-ae05-690667c78dfb,2023,2022-11-23,05300c53-1c99-44fc-894f-5d062cc9254d,20fdaaba-bd75-4d6e-bf13-299d2f1704ef,14,1,28.16483093774875,0.9799870268067047
2b6a3c58-3765-4251-92cd-0b9221cf0ba2,2023,2022-11-23,7bf0273c-57aa-4412-be01-e0e08fb7cd81,a35d0124-2cd2-46ab-b613-2438a97b6ddd,14,1,6.6090615414411085,0.6871501524548426
2c3a5431-67ce-468d-8546-c4379f112fdf,2023,2022-11-23,4d964b45-0956-4e20-9bb3-92d90690ea01,6359c55c-0527-4830-8bbf-51141c0ff2a4,11,1,2.8984094653156807,0.5661800712590953
3475c446-bd1c-4e0c-b797-9936decb6c28,2023,2022-11-23,22b7e3ea-2a6b-4f0f-8f10-40ab409da1e7,c238c9de-59e6-4d8d-b9d0-745eb8ec96ab,2,1,1.0332143261022202,0.3239529955539778
3e389b73-912c-4319-9bc2-2287bd9e3c59,2023,2022-11-23,bdf949ac-7376-4c1c-b4d1-a2b6d1142a71,eccdef36-c666-44f9-bd7f-17e4e33e2def,13,1,1.380462047271029,0.5609670796668892
503e2612-416f-487f-87db-3407300575ab,2023,2022-11-23,bf0220b4-0fd7-4c18-94c5-5e7dcc5d3284,526a8e73-78d6-4268-9f89-6f7d90e5dcd3,19,1,15.3278461498999,0.9576396266691722
5465898d-58c8-4092-aec1-aa7cc6f81422,2023,2022-11-23,40fe605d-085b-468f-aec2-614432798d3f,77dbd2b6-8c48-42cf-9cfc-6fffa07402bc,-4,0,1.351916350160185,0.5231215712753025
5817d229-fe83-40fe-9498-bf11f3662c70,2023,2022-11-23,05dbf7f3-9fc5-4818-bf47-490e1f7c7186,4b5bb58e-38b5-4132-b2e0-876169cd4017,-4,0,1.1440164093301022,0.5598224401734428
5e63ce48-1e61-4847-bb4c-75193fab9f94,2023,2022-11-23,9874a1c9-7e78-46e4-8d3e-6fce94e7046c,762cc817-6e37-4650-89d1-6bff265dd1b3,7,1,0.8424342564453134,0.5297003160699606
67e25c67-e729-4b6b-917d-bafe30fb6883,2023,2022-11-23,aecccfce-5e00-489e-87e1-2622303b6120,9b92c0ff-02a8-49a0-bb79-32eb70b7681d,14,1,7.764176253573989,0.8072085153511487
68105569-9ba8-4a70-a72f-aa557dce7470,2023,2022-11-23,3ad98900-f406-42a6-b9c7-7a2d3f0a9867,63b264d5-0679-4b31-b175-0c1d019bb0f4,31,1,19.486415657635977,0.9573721123852869
6abb9607-bdef-47c1-8ec5-7cce6518a4db,2023,2022-11-23,252b92fd-b788-4b9d-9cf4-94b7e591640f,35329519-6dde-40e0-b790-2b49aca6673a,14,1,11.659277063989204,0.8911185640384359
7f5975ce-48bd-4a35-aa24-9f94dce3e644,2023,2022-11-23,4a1337bf-77da-4acc-8a27-5f6ee2d1db60,3b586230-34c7-417b-bdcb-3245c5a8de8a,3,1,0.8419841686815832,0.495351276519106
84701f0a-08ba-4997-be99-b21d269d9911,2023,2022-11-23,9c1c5097-7168-4529-8378-8f68f206bd9f,c3807661-da5f-4ce7-af5a-e086fc56158a,-22,0,-6.125174502090315,0.21855960650814082
892f0649-8edb-4e55-9744-e2411d851e88,2023,2022-11-23,ef9503da-6c3d-4207-ba0f-3cf770627dbe,65974f84-3069-4f25-8f4b-7ccb79790430,4,1,10.38978725644537,0.9192275418956452
8f98f05e-426c-41b8-94a7-f88947e35a9c,2023,2022-11-23,a2362a90-be36-417a-ba1f-0cd8ca99ef80,11018b71-58b8-48c1-aafe-d3f42d4dc4b9,11,1,-5.537203300567499,0.2588874095193312
9daf2c62-23f2-4951-9dc1-4e26021ed40b,2023,2022-11-23,0b94d899-a6a7-4449-b626-07126971cd67,9c36dca1-e045-4592-9000-60f62b244bf1,13,1,17.122986958549653,0.9704631962274383
a069ddc0-d149-412b-b29b-1c950d60952b,2023,2022-11-23,93759732-e117-45b2-a99f-f09b689de84c,d5e2b5fa-8cb9-45b6-a822-4e64c46bc8fd,4,1,-1.8485020007596893,0.39695698023593373
a7bb7634-18d2-4c60-9847-548e6e49b44a,2023,2022-11-23,9c773261-49b7-48c8-816e-3e3260997d71,bea9ec66-e41d-4afe-aa79-8a5b0f020811,13,1,7.757625900177582,0.7661104441822691
a8ed2085-31a0-4e22-a938-ad35aa802556,2023,2022-11-23,e39dbea2-e913-4bf0-9407-8ef31b60b82d,f9620376-5493-4730-bf10-8b6480bd3e43,-6,0,11.720453443541848,0.8913164141956337
b2c4b36c-39c8-4e1a-bc4d-d51c68efe470,2023,2022-11-23,88205ce6-ad31-4ffb-998c-fb9164c40dea,0d4551fb-d4fc-4659-b14c-fdeba3555569,-1,0,-4.467091443852377,0.28784645846436796
c5961137-e792-42aa-b31a-111fcf8c0edb,2023,2022-11-23,f612c81a-f044-496c-871c-5c643a5e8f9d,5b25de37-34c7-4ebb-a149-b0ca3c4ffff6,18,1,20.915797384112025,0.9834386171689468
c75a703b-8e5e-4b38-8b39-3ef34f6e8913,2023,2022-11-23,3016ba37-71e2-4de3-bc39-86d07a8a3e44,29503a81-0fe4-4a0c-8022-d23ac7e092b6,-14,0,-3.8598009970860927,0.37246775148844974
d8fa3aeb-e922-4918-962d-07bebb7a5fd0,2023,2022-11-23,3c7653b4-ff75-43ce-b3db-0654e938bcd3,0939b5e1-8421-4924-a8b9-9846ca06f2fb,29,1,34.85928415718609,0.9920767918877326
f3ac9f4f-511b-4751-8211-bf175071bc1c,2023,2022-11-23,6ddd1347-422a-42ab-8c8e-fd5c9b4e78f1,a81b1489-4c0f-4a3d-bfe8-a9efcdb13d79,2,1,12.55368925635876,0.8745559649496708
fb9a15a3-215f-471e-a60b-a45485e10809,2023,2022-11-23,9a68215b-c4da-4c48-8fdd-6f9862b46f80,5bd87308-1027-4aba-a8ef-970bf8e9ac0e,47,1,30.86853667088101,0.9876985070454508
8d3da621-3e9d-41bc-bc9d-2b84d8fb54b3,2023,2022-11-24,a5600159-b71d-473b-92bc-8f7ab08f897b,43c4f9a5-d6d5-4dd2-bfac-0bd3adaf79f7,-5,0,6.615715001126227,0.7223188974694624
af4ea7f5-6a9a-4716-bcf0-3d79eed90a78,2023,2022-11-24,e198833b-92f3-4fa3-a2cd-82f04ec7e0c3,fccaf1a2-1439-499c-87a3-1615684518bd,12,1,4.220582840977049,0.668325699117248
ea4315de-6e62-4694-967f-937a3f1a954a,2023,2022-11-24,a1fb658f-49be-4887-a725-48a42276ac48,410b3365-a1a1-4bca-b3fa-52270a02f75c,3,1,4.614420543906972,0.5937455477565116
0d6541f9-dbbf-4019-bb91-1b60d785ea87,2023,2022-11-25,1900d158-6fb0-407f-a2df-6e37a1db2dc3,7dfad569-05d6-43d5-8f47-defff4a50649,-11,0,-6.99478084942463,0.3039675319569729
1361779f-1c87-4023-8ef3-8ed78de8d5ee,2023,2022-11-25,030a591c-8164-4635-bb33-29a4c98e0b5b,75ed6a75-4599-4fee-816b-ed729babf81b,20,1,31.097319187041233,0.9891949913456087
1375f0b2-4d45-49b4-8011-1964d614c4bb,2023,2022-11-25,fc62dc2f-7404-4a85-b1d6-49d5135283a3,d739e8c5-4395-4b08-b8ca-445d1a57a451,-10,0,-3.2078342301608456,0.4337309448780967
21b752c2-6eeb-48e6-8935-23806d3468e3,2023,2022-11-25,611e61cb-eec0-4487-b0c1-1ea8cdba0762,067fed65-5ce6-4ac2-b769-11805417f5ce,12,1,5.87070891027169,0.6838438490253299
225c44c9-6753-4b50-a4f7-01ca3ebb61c5,2023,2022-11-25,b349d38b-bc08-42d6-bf21-e6c826c45b62,f4f493b9-00c9-48e9-a9c8-934ed203169e,4,1,-4.512335656248204,0.34364326531981315
3343d844-0f7f-4f1c-a71f-3d24e2b0e0e0,2023,2022-11-25,27a2a3c7-c672-4a2e-8381-bf31d528c0d0,4763d2f0-5ee2-4763-8617-946f08bac925,16,1,28.336523769288284,0.9898822778862122
3d316ceb-d85e-48de-84f4-4a2d01cdee20,2023,2022-11-25,40d1c23d-da10-4e19-8a9f-d69e48e05c30,6d438e12-01be-43b0-9a01-434e3861669c,-3,0,8.649841699176669,0.8253986088941923
3f8d06d8-cb7b-4764-beba-6cfe327404e9,2023,2022-11-25,d3246ba0-2060-4e3f-addf-f8704b79380e,143599fb-b821-43e4-b0ee-2f6e521ddb11,-13,0,6.028282635167131,0.7603219672201872
5b99b90b-e30d-43b3-8ca8-0096879d3d78,2023,2022-11-25,bb243294-1aa5-46dd-af42-c3676717c61a,29613880-f1b8-40b8-a09f-a825765c5e40,-3,0,7.781044809154436,0.7265824172222862
7506ee71-30dc-441d-81ae-41c669f935d3,2023,2022-11-25,8e941979-021a-4b68-ab5b-5ee34fe0e06a,8b7efe80-a558-4a31-90d4-b59ad2ffdcac,-15,0,1.7004477618027285,0.4936046677691605
7c98d16f-a245-4b8b-8348-c09754616772,2023,2022-11-25,ef80c085-db7d-4b36-8fd0-13ac9be0099c,54b6e673-584f-4030-af7d-052c75277798,15,1,19.83638697363693,0.968816704564085
7dbc31da-17b4-43c7-beee-c63680e4befd,2023,2022-11-25,b462e428-f59b-4465-b793-4cef6f10cf66,01325ccf-0551-472d-a463-55f692a5e50c,-18,0,-15.877192994388578,0.05503375535867982
8aad38a8-f57d-490c-9a9b-3248dcee9c54,2023,2022-11-25,295728d9-e6d3-43a5-a29d-26c403f073cd,97cd7805-e5a7-4739-97dd-116010ceb9af,9,1,2.5320865358246474,0.6240818920858854
97651abc-b891-435c-a89e-cedc3fc5f33f,2023,2022-11-25,fccaf1a2-1439-499c-87a3-1615684518bd,a5600159-b71d-473b-92bc-8f7ab08f897b,-4,0,3.5777081663074086,0.6459799880062119
a3636ace-7624-4cb1-a2a3-a89eac4045b0,2023,2022-11-25,c20e9648-8980-4cb8-b139-4343f24b2e91,a2362a90-be36-417a-ba1f-0cd8ca99ef80,16,1,21.91426983767437,0.9805440263252556
a3e9c374-db25-4c16-b3f2-ebfce35ef436,2023,2022-11-25,247817ad-6065-4e8a-80e7-26c838de4153,f7d3e028-cab6-4277-8d9c-799f5bec0712,-16,0,-4.811702710489109,0.28729388162283614
a99b5c10-8369-4dba-99c1-4b80205594f1,2023,2022-11-25,e0accbcd-bd68-4bc0-a2a3-3c32753815b5,7d7d8e50-802f-4f7c-aedf-3116a743e835,-18,0,-11.586422811418887,0.06578624311045903
abad18d4-d750-4e13-9342-21ab0bce4f95,2023,2022-11-25,6d0447fe-c13a-4ab3-b46e-cc2a08eb057e,14e4e2ac-f90d-419d-9b14-9a9e3ba13b59,13,1,15.880809595412051,0.9401979476828662
b56957fa-0b73-42a7-a2e4-751b1b7aa476,2023,2022-11-25,ad6b613a-f36b-446f-81a7-6095bcf8a45a,9cc36a7f-4ac0-4523-b7cb-99b33fd2fb4f,-14,0,-1.9306560768852679,0.41443791402351404
b608c54f-0d1d-48d0-ac2e-01f7a008a053,2023,2022-11-25,22641200-31a8-4bc1-9df0-8a3393139dde,db22a3b8-fd13-44f3-8968-9aeb04d833e7,13,1,17.06981242901389,0.9704436788681118
b72c0700-84db-4b4a-8440-71343d7760f8,2023,2022-11-25,888089ca-9632-4e33-856f-b210b1d946cb,bfd30209-fc33-44e7-a4be-7d2be91b2842,-7,0,-1.8236267007575746,0.40906475510794055
bb923c5c-2120-4ac0-9c96-689c725dd753,2023,2022-11-25,d6ec4d5f-7d79-4064-be14-71636bf66d75,b0eb9a16-e704-4784-bc96-af277fccf122,-13,0,-3.4625568706161363,0.31792637205553836
c5e54f4a-f06b-4cf5-bdf2-ff5107a1cbb9,2023,2022-11-25,8b6e9436-9398-4b24-b6a4-24bba0c8eac3,b6c50d53-e53e-42aa-8c2e-1297e733737d,8,1,1.6123776535323207,0.5343616206932396
c79b4947-c0a2-498d-a990-17f00a10f095,2023,2022-11-25,170f63c1-c0da-4464-9352-7a33c5e2b3eb,5efbece3-af1d-4f3e-8930-388ee4604cac,5,1,5.611599879243742,0.7044341344313586
c9376615-3c6f-49a1-b821-9a7a9fa25766,2023,2022-11-25,e4d1f824-05c1-46d2-a96e-fd3dba7ac334,d680033e-5d87-4349-8622-dcce2bc0559c,33,1,29.36521454034717,0.9906745038796592
d1d62cfa-6ce6-4e48-883f-65943e3f17a7,2023,2022-11-25,e198833b-92f3-4fa3-a2cd-82f04ec7e0c3,43c4f9a5-d6d5-4dd2-bfac-0bd3adaf79f7,15,1,10.06298614444856,0.8212714695047245
dcf73ae1-b77c-43f3-a8d0-39639f4b41d3,2023,2022-11-25,410b3365-a1a1-4bca-b3fa-52270a02f75c,090a9b59-4e95-410c-b5f9-c4d63d9caea8,21,1,7.317146361235742,0.8419630078655386
edc71d9f-a9e2-4f95-9576-8622c36be64c,2023,2022-11-25,0ac20cc2-e801-4648-8850-2fde30c2def5,bf2aafb4-bbb6-476f-acfd-8793128f565c,5,1,-1.3998053245767603,0.3336646220869058
f2c77b43-756b-476a-8e8a-6057fc3d83fb,2023,2022-11-25,38a65109-33be-44a5-928b-459db9d9dbc7,814a38f7-2f64-498d-b6d6-a9ae4df96850,29,1,13.75264565700577,0.890029979102435
f4362218-c8b0-41ab-90a6-642733e5205f,2023,2022-11-25,b1cd7b83-cc64-42a8-b41b-45343632eee6,f0c6c56b-f155-45b4-bed7-e886af6e82f6,-12,0,9.203634575083871,0.8371012504184443
f5474005-44ab-4403-9609-c83ce45aaeab,2023,2022-11-25,e10bd2a0-5b84-4d41-a1ef-08b801a04039,cb08f172-db74-448e-aaf2-80d96b32bed4,26,1,23.07462160103572,0.9834754505880475
f5aaa5f1-ccff-4328-9904-028099f364be,2023,2022-11-25,474263db-dab8-4b0d-842a-548132e82b33,bdb8394a-cc25-448f-a1b9-ef5fe40bb204,7,1,0.7560360212124351,0.4659484837385212
f970cac9-f795-47ec-837d-ce48f0e61461,2023,2022-11-25,21051f5e-6142-4894-a3a9-09bada612b47,927f9c80-da40-44b1-834f-ea1d457600d3,15,1,-6.960427764765454,0.23249153498986452
fa2c07bd-0c10-4920-a56e-4051ec23eb40,2023,2022-11-25,b2a4914d-552d-49ca-818c-4219f9a5baa7,d20936f6-b751-41b7-a241-c75beb459360,-8,0,6.528130535936246,0.7687247419190625
029ecff2-8f51-49dd-a4ff-947c90b756b4,2023,2022-11-26,c88614c4-bad0-48db-990c-90a3243c3734,dd027a18-2cb5-45a3-a0ce-f3f9eb7bde2e,9,1,4.367559850682854,0.6388824766080469
03a5eb6c-1afa-457a-aeb1-f41ad71c1f3a,2023,2022-11-26,db9252c1-9697-4f77-b192-93b1badf442b,252b92fd-b788-4b9d-9cf4-94b7e591640f,-22,0,-9.994767150913178,0.11359823429119262
047eaf9a-5aa8-4b5a-86fb-440fcdb4eb97,2023,2022-11-26,0621d617-e31d-4e1e-a043-a11af2f706de,9c36dca1-e045-4592-9000-60f62b244bf1,43,1,17.89166732426268,0.9747454424327704
10cfeb3e-2df5-4ca6-9276-28e234803c3f,2023,2022-11-26,f1d0f01f-d161-44fe-a534-6f4383fe2d0a,f62a4b7d-6f85-4607-a748-854c9b8c0c5d,-1,0,-4.340477207301294,0.29210613540311237
112132cd-7836-46e9-b92b-979229455dcc,2023,2022-11-26,c282b887-5bc1-41e5-8a0d-15287474de7d,4fbf8f67-3961-4bf4-90b3-56c201b1283f,-11,0,1.9531735368851453,0.5341505237058167
11eb183c-0871-45c7-9fa3-c5144a828456,2023,2022-11-26,030a591c-8164-4635-bb33-29a4c98e0b5b,aab3630e-9c8d-453f-b0c8-afdfe71a5d3c,12,1,0.6606614546998828,0.49214180620597836
143fa7c0-3919-475b-8406-f4f4e3a02b35,2023,2022-11-26,1cddcec2-cf89-4c5c-9810-d148c368b08a,66ad8504-16f3-4990-9abd-ff1e776dfb86,8,1,12.969979168316266,0.9028082676539516
1d3a9c4a-7bf0-4a62-a3c4-92bb05bfa9a2,2023,2022-11-26,389dc2a8-706f-48c0-8579-33b1857c38b4,d7828b57-33e4-4922-bfdd-4780151816ed,21,1,9.820868403497546,0.846293121490795
2480b397-4324-4816-8a78-aee499320218,2023,2022-11-26,3bc40b20-71e2-4fa2-9c99-8e0b6cc3460b,cbab480a-8e87-4eb0-ab35-22228c66f68e,27,1,20.060879485705797,0.9882104172382278
25a56f6d-ef26-40f9-a892-310e10e9c815,2023,2022-11-26,15d2579a-33fd-4772-9d78-e929a093bd79,35329519-6dde-40e0-b790-2b49aca6673a,14,1,28.295779305635108,0.9920777165785797
2c90767d-090e-40ed-89ff-d156fe92071d,2023,2022-11-26,75db89bb-f85d-4726-b2c5-e7f61c8115c4,143599fb-b821-43e4-b0ee-2f6e521ddb11,7,1,8.469917892321854,0.773658671679323
2f2198af-9e71-43d6-af69-d7269c14fc1a,2023,2022-11-26,3950a3d3-d1b1-4dd9-bf4b-2356ed344246,f51695f1-a8ee-4f8c-b518-879ffe6b0dca,3,1,8.976418327060735,0.7654202362963252
312f4dc0-cc04-4f86-8449-2961843b07c7,2023,2022-11-26,8674cdcf-acde-4035-bcae-1c7c0d7549e5,61c096bd-3b5f-48c1-9f04-b18693a77cc0,7,1,9.163767572866591,0.8410068535327371
3674acd3-a069-40d3-b553-ffe69961f60f,2023,2022-11-26,cf67c587-9808-4deb-9419-41a1a58f81f0,75608756-6246-483c-8138-59d3749a8d3d,5,1,6.669661048610607,0.6984400874524922
36daf426-8175-4538-bb61-757b806f83de,2023,2022-11-26,7b423c28-572a-4a7a-982f-3d59e0fb25fe,407f6796-76ab-4c28-8f30-cebbfbe534dc,3,1,11.511787286408135,0.8682928995411551
47d3a9db-0cf0-4ad5-9838-7135ea5ad6e6,2023,2022-11-26,d739e8c5-4395-4b08-b8ca-445d1a57a451,0e5ca5e6-5ea7-44a7-8587-b4c7834a4c52,4,1,1.6841340814405439,0.5658462227760072
48d682f1-180f-406e-ad09-24e3d9479ab8,2023,2022-11-26,8e864d36-5a07-4d24-bea5-f7b85c3187bd,d65c47b7-fea1-4f82-a29b-c2d4f4e48b4a,29,1,12.758507227708995,0.9011382250169802
4c9b5d12-9117-4b37-a0c6-3bc3ac5c3927,2023,2022-11-26,445a7698-bd20-45f7-9c62-e0ca0057e959,2cb246a7-863a-4dc7-ab3d-eabccbf12019,1,1,-5.530428750932181,0.2784509863459528
6435576c-29f9-4a9f-a656-b2e02919d2a8,2023,2022-11-26,05300c53-1c99-44fc-894f-5d062cc9254d,c79c0f1c-2685-4621-a2d2-476af53195cb,14,1,22.432891737556254,0.9854871947786341
653bafbd-0a48-4033-a235-4eccd603976a,2023,2022-11-26,474263db-dab8-4b0d-842a-548132e82b33,320ba34b-ed3e-49e5-8563-08246b20d1d1,10,1,-3.417133624524245,0.3596143423771943
66cfcdfa-d288-4e7c-8518-9b3c3acdda73,2023,2022-11-26,3016ba37-71e2-4de3-bc39-86d07a8a3e44,393745fb-1951-4506-ba94-c10dcd66ee50,-10,0,3.149398193365535,0.541193069341974
6d4fc1f7-d021-43e6-9b77-3a54c32f4d99,2023,2022-11-26,55f602a6-b8f4-4fc5-b30a-9a23ad91a2d8,96babb60-08c6-42a2-becc-a075a465dcc3,12,1,3.294380565938013,0.6525774072257507
6e6e7994-503b-4cc7-84ca-58a5ee80ba75,2023,2022-11-26,89023aa7-6034-4d33-96dd-3566c7afc79f,61442116-53fe-4490-9f2a-17aad40fb68b,-12,0,8.168472409699739,0.856876588552986
75842bdd-082b-4c19-a5e3-c16790d779af,2023,2022-11-26,d13063ca-830f-4027-a1e1-7961d39c81fc,043e8015-480a-461d-aae5-6cb149237466,12,1,12.13502874511354,0.8856161271750108
77202344-9cd0-4605-a088-a0f76d1f01d6,2023,2022-11-26,2a391736-2322-4864-894e-4856c2d517d7,892bcbe8-a66c-4c57-88ed-c82e0c13706e,-6,0,-0.1810851049409952,0.5959574118263199
778e563e-de9f-4cb1-9f49-9910516c1c55,2023,2022-11-26,7dfad569-05d6-43d5-8f47-defff4a50649,7e4e4039-a37d-4b42-80aa-0fc18e241eff,-19,0,-3.0434366252692993,0.415513838216358
7be68005-58e9-4a66-bb9f-ec2dad338d2c,2023,2022-11-26,89150efa-06a3-4a88-82d3-26b3797ada35,3fb4c1d4-021b-4e64-a997-b47421257d4c,16,1,7.222562139756126,0.7698855572077026
82814695-effa-409d-9f0d-0b7ef5c2cffd,2023,2022-11-26,d4ca3878-1113-45b1-abbe-5a9a3c7c5430,d3246ba0-2060-4e3f-addf-f8704b79380e,-4,0,-4.766600903996733,0.25768000044431916
83b0df0d-5101-4d9a-a5b2-ad2353379d31,2023,2022-11-26,eed17656-6fec-4cf5-aacf-f932c5b66084,c324cc75-a904-484d-b520-1f21664c89d7,-8,0,-3.75713414194038,0.38231057359739523
841274e5-9351-4c74-9abe-6ff577e7d8c8,2023,2022-11-26,11c420a2-9004-49a5-8268-6683a741a32e,bc1a0cad-570c-477b-93fb-2050c0e2f9aa,-2,0,8.538128850324847,0.8030761035149723
85357b97-04b2-48a2-8aa8-0b81280ecb50,2023,2022-11-26,e62f6be3-07fc-4d39-9d92-158e9218c40a,e823a53e-c3a4-40d9-b40a-4d7eac69e962,24,1,17.94806407317218,0.9707180805213559
87f44468-ac40-4033-8665-4c86b99d7e03,2023,2022-11-26,f9620376-5493-4730-bf10-8b6480bd3e43,fda4e988-3514-4913-8f5c-1c8db7f59165,26,1,14.302546645925643,0.9352103376066159
8df3ef2b-3104-4693-8da0-9d17263573dc,2023,2022-11-26,d1838999-77de-4a4f-9d66-e6071f5a079f,5a36a71a-5c48-4f55-a80e-17e194f320ac,2,1,19.047842301757967,0.9773641658153058
970ee7cf-dd20-41bd-bf49-ddbcbf42612a,2023,2022-11-26,015de200-e75d-4f5c-b26f-60089691f965,e383f809-990a-4dd9-85b1-4288d45884e7,18,1,8.952402990290011,0.8385576862991369
9ff9196f-b8db-4c78-897c-452efaa0fe80,2023,2022-11-26,71aa15ab-9b94-4d3a-88de-3f0ae5d9a44c,92e2201e-4d6b-48b2-b40f-1980a5b48c0e,34,1,27.82577628723829,0.9887096423765562
a17e6553-ed99-44e0-9f21-1d1691c38d6e,2023,2022-11-26,c9739eef-f828-47a4-bcc0-548844cff9d5,324a87d8-6e5f-4df1-adea-5c7c07bc3880,-1,0,7.959329719468864,0.8030788899077956
a7ee2433-fcf4-4821-88c1-951403276601,2023,2022-11-26,80cec103-b3b1-4978-9b4a-f1ad161630fd,aecccfce-5e00-489e-87e1-2622303b6120,21,1,3.2950033287999783,0.5910381264292172
aaa8b59a-390a-4ce3-aa8a-4dd0baf4515f,2023,2022-11-26,c8e7388d-5a50-447b-ade8-addcc758d8dd,12a96cea-6b94-4165-bfbc-3fbee5bd51ab,5,1,17.213407705392886,0.9440808252766237
ad4694be-14ab-436a-9afb-f807744a59ec,2023,2022-11-26,718dfd9d-59ef-415b-875a-8c861f6adb33,5b25de37-34c7-4ebb-a149-b0ca3c4ffff6,-9,0,1.9879809764685115,0.5165144797648984
b365f552-5f29-4946-9bd4-d1b6801b469e,2023,2022-11-26,00ba2ccc-f972-4423-adaf-34e87d0f5992,7970fe41-5393-4223-935a-46250b8a26dd,2,1,-2.6652007192825047,0.46320744200094593
b66bdba2-05fa-456d-a663-ecc96dd19900,2023,2022-11-26,b1119bba-a47a-41ed-adea-9967a72cf21d,34002612-3816-4311-b39c-41d24ddcf17f,-24,0,-12.1394193662748,0.11506587202909191
b69431dc-8e99-41ce-b41e-44febb94036c,2023,2022-11-26,428b85df-3b5f-4b21-a384-f1bd53f95d19,e1e53055-037a-4acb-82e9-552f8abd6635,11,1,5.827260819476656,0.6880092340837306
b8b115f1-378d-4739-9aa0-77654878074c,2023,2022-11-26,9d09ebd0-f5e4-4022-b315-aa3719219b6a,88205ce6-ad31-4ffb-998c-fb9164c40dea,27,1,24.381564449768664,0.9889112259895567
ca46c5ee-df21-4747-b22a-6ad98f4d817f,2023,2022-11-26,9226a51e-74e7-48ed-9e95-6890a182148d,927f9c80-da40-44b1-834f-ea1d457600d3,-6,0,-1.6152785392591995,0.40285541469715935
da1714b2-06a0-4a3f-8c2a-58a433451cb9,2023,2022-11-26,81937a80-a7e9-4025-9c21-2ed38625cdae,1c48e10a-5d97-4c46-8f8b-4217683da26a,-2,0,5.09545820905697,0.6562142177315007
e4f1cfee-3857-4197-8e48-66c7fce30499,2023,2022-11-26,d5e139fa-05e7-4c6e-b083-5261fa76ee6f,fa0efad2-ee60-463a-a297-fb45c393e624,13,1,-0.6837033601408097,0.6369606707854504
e9f5e5ae-e566-43a6-bbaf-759a9cd5c7f4,2023,2022-11-26,3b586230-34c7-417b-bdcb-3245c5a8de8a,be0c2be1-019f-4c49-9ef1-92f53c9c23b0,16,1,12.659316436201593,0.8708996302348353
eb14f97c-3af8-420f-bce6-857d65238ba8,2023,2022-11-26,8782ac7a-e553-475c-b110-c58c7e61ddd4,21bdd018-a21f-44da-982a-98efb6d24ca1,-17,0,7.142800686011878,0.7369307608173038
ec0ef007-6616-49d9-b793-c62294a0ee20,2023,2022-11-26,599c2f7f-3472-4f93-9807-39b33c575236,20fdaaba-bd75-4d6e-bf13-299d2f1704ef,42,1,20.430062050322274,0.979700639202159
f36c0609-49c7-402b-865e-a42e874fb1a0,2023,2022-11-26,7b4d1f71-de6c-49c1-a95c-de84c4aa46a5,8a231892-e40c-466f-9e2a-016a3433fda0,13,1,6.515351001833481,0.7246746460654131
f5c4a8ce-f0e8-4d43-bffe-aa5dade3bc93,2023,2022-11-26,c8da4ce4-29a3-4f99-b827-9b55afb4e0d5,57f7bf85-91b0-433d-b843-94485a520954,12,1,3.2831615488670653,0.6487078169231155
f70de31b-d59e-4cf0-bad5-d78380f02349,2023,2022-11-26,e44bc5f8-7dc1-4aac-8beb-924a7c5ee465,a8ab3f0c-a155-4d9d-adf9-5593435a0152,2,1,2.8429777902387703,0.6434237911426368
f89f9d64-1950-4134-990f-0bcfeed45303,2023,2022-11-26,c1ddb62d-8103-4ef4-a556-df9238531bdf,ec764a7a-bdf2-49ba-9830-7408ea7f453b,2,1,-2.677078308378978,0.42724551777405834
fac5f8a2-e523-4e63-b1c1-05a70814f0c3,2023,2022-11-26,6bcb5e3d-9b4c-41f9-86b6-1f44432462b3,63373289-6a60-4345-8e60-c44894f4f8cf,2,1,4.114933988018279,0.7224799214145563
fd16d70b-4814-4175-b932-2d4fa95e782c,2023,2022-11-26,2ff94ca5-2417-420a-b20f-387ca6793769,d42bc01b-0728-409e-8ce3-c205d30493c1,13,1,16.280631674005043,0.9370008055249552
ffe3a1b3-de2b-4c58-a2d6-5bc6f7af8d2d,2023,2022-11-26,b4194217-55eb-45bb-b105-160e06f0b625,23328a3b-6bde-4b61-960d-5c45fab4d16a,-8,0,-11.86695745237713,0.11694083623709493
05237083-e1ad-4f7a-b862-e091d13395bf,2023,2022-11-27,1c48e10a-5d97-4c46-8f8b-4217683da26a,389dc2a8-706f-48c0-8579-33b1857c38b4,4,1,-6.319409432338471,0.23075853509882965
0979ea39-9d69-46a5-a14e-5707baff1457,2023,2022-11-27,9cf58c59-1075-457a-b79e-942b453b75d1,bdf949ac-7376-4c1c-b4d1-a2b6d1142a71,4,1,9.600716557547669,0.8287195375078278
0e6e71a9-07a0-4ae9-b40d-b1fb0f3b853a,2023,2022-11-27,ec764a7a-bdf2-49ba-9830-7408ea7f453b,445a7698-bd20-45f7-9c62-e0ca0057e959,7,1,11.003897717114544,0.8244926929261969
1e83b4db-f48f-45fa-9321-aa0dbc1d6060,2023,2022-11-27,aab3630e-9c8d-453f-b0c8-afdfe71a5d3c,75ed6a75-4599-4fee-816b-ed729babf81b,34,1,26.36492658216205,0.989923630794496
24233ace-153e-474d-8b66-23db15646a17,2023,2022-11-27,9a68215b-c4da-4c48-8fdd-6f9862b46f80,b034bc0b-a11f-4e43-b372-127640b1d5b0,21,1,28.385618651840954,0.9900662933717043
26a5f9d3-c685-4fa0-8c18-fc7767338518,2023,2022-11-27,e44bc5f8-7dc1-4aac-8beb-924a7c5ee465,e1e53055-037a-4acb-82e9-552f8abd6635,21,1,4.298008468056837,0.5727282063440974
29af659f-df41-4970-ab2e-711d0bae8e76,2023,2022-11-27,9ba3b86f-e9ff-4c69-a5a2-865d61dd56ff,88471167-5c0d-4477-bf1c-b50a9fa96a10,-1,0,3.44809624471656,0.632674953725825
2ae375de-ddda-4a72-b70a-f4efba099b13,2023,2022-11-27,fe1d1802-ae97-4c4b-8c1a-aef0cb3c5646,8b6e9436-9398-4b24-b6a4-24bba0c8eac3,22,1,15.543568791745914,0.9487708837389738
2b2cc6dd-b9d4-4930-bb33-45f049a7f4a7,2023,2022-11-27,eed17656-6fec-4cf5-aacf-f932c5b66084,11c420a2-9004-49a5-8268-6683a741a32e,4,1,0.8053495818793868,0.49458780677096703
2ffbf877-35fd-4848-a9f7-ed0296d1f82c,2023,2022-11-27,2f8127bf-68b4-4cd4-bb81-d18b7f461cba,8782ac7a-e553-475c-b110-c58c7e61ddd4,1,1,-2.8649821320037607,0.3415637275432855
3242f8d2-7b9c-44a6-b772-cd7a4e81a7d1,2023,2022-11-27,21051f5e-6142-4894-a3a9-09bada612b47,9226a51e-74e7-48ed-9e95-6890a182148d,16,1,-7.581038483488818,0.19947960269331716
4588eb79-0aff-44bf-86ed-c3f82b346eb4,2023,2022-11-27,f3eafab2-d52f-4409-b7ab-63598919e46d,38a65109-33be-44a5-928b-459db9d9dbc7,11,1,-1.4617220409860234,0.42376466345567515
4d049c5d-05c6-436e-9345-5a3f4a6dd61c,2023,2022-11-27,c1ddb62d-8103-4ef4-a556-df9238531bdf,00ba2ccc-f972-4423-adaf-34e87d0f5992,-10,0,-4.5798928479626415,0.33993177368249633
4e2a7150-61e2-4f44-a7c9-9a7a5b7158ca,2023,2022-11-27,208232bc-9495-4351-b34b-874117e7ab9b,e145a47f-597f-46fe-b58d-64dae192efc0,20,1,6.410109397483884,0.7135069192258647
4f226758-ed32-48cb-a7aa-c995b7ddde8b,2023,2022-11-27,bea9ec66-e41d-4afe-aa79-8a5b0f020811,560ec925-5357-4f1d-8bef-52cd69464fdc,8,1,11.31340840098054,0.8914803318611441
507a0c37-5dca-48be-9be0-220bbd858dc3,2023,2022-11-27,81937a80-a7e9-4025-9c21-2ed38625cdae,d7828b57-33e4-4922-bfdd-4780151816ed,-20,0,9.49255724230511,0.8037471771736259
5cca1e56-2d40-452e-84c2-31ea350647d5,2023,2022-11-27,958592fd-5c16-45ff-90b4-3242687743e9,11b2b228-e668-4561-b527-22cb63540f1a,-2,0,11.939497351283917,0.9275073714642549
653fca41-7a4d-474e-b4e6-79226efaa97d,2023,2022-11-27,b462e428-f59b-4465-b793-4cef6f10cf66,14e4e2ac-f90d-419d-9b14-9a9e3ba13b59,12,1,-2.127874627770925,0.41363222677834244
67502a6e-8489-4035-a801-3e9f0764722e,2023,2022-11-27,4ae8be32-616f-4721-85c4-1e22239e7db8,40fe605d-085b-468f-aec2-614432798d3f,15,1,11.249480807489375,0.859553926770571
68e8076d-1013-4591-b407-abc3b8d2104a,2023,2022-11-27,a35d0124-2cd2-46ab-b613-2438a97b6ddd,6748ba88-58dc-4e41-b3b3-d8df2c4a3c4e,-3,0,-4.336130414670214,0.38059840553337543
77632901-c78c-4043-b7e0-d9b3caca750e,2023,2022-11-27,9f8c4a3a-10fc-427b-a3b9-f54bcc243010,3c06c3f7-a7c4-4179-a9a7-d9b86afaf42c,14,1,-0.2995859214045343,0.5447673961397438
7b506406-03dd-484b-b010-0aff2b335c94,2023,2022-11-27,8b7efe80-a558-4a31-90d4-b59ad2ffdcac,f6ffbdfc-4780-4966-b75f-aa6ff30a7928,18,1,9.314119767243835,0.8210793512332618
7f642800-4ebf-48dc-b612-52ad9c3746d4,2023,2022-11-27,0e5ca5e6-5ea7-44a7-8587-b4c7834a4c52,fc62dc2f-7404-4a85-b1d6-49d5135283a3,10,1,2.781531241599328,0.5259367616355616
7f6b47cd-31f0-4520-b290-05485d20a553,2023,2022-11-27,b349d38b-bc08-42d6-bf21-e6c826c45b62,f0c6c56b-f155-45b4-bed7-e886af6e82f6,1,1,16.206858647800452,0.9416144818052978
84677d85-b9fa-4518-b356-99704d28b624,2023,2022-11-27,01325ccf-0551-472d-a463-55f692a5e50c,6d0447fe-c13a-4ab3-b46e-cc2a08eb057e,29,1,2.551479776511894,0.6455123247632419
86846246-9839-44fd-bb3d-52e905422645,2023,2022-11-27,8e941979-021a-4b68-ab5b-5ee34fe0e06a,127a96c4-6d95-4519-ae56-77c271aeea23,2,1,11.21799633152762,0.8164765421846547
8c212dca-d414-45be-9a23-1bbd9ba3617b,2023,2022-11-27,f4f493b9-00c9-48e9-a9c8-934ed203169e,b1cd7b83-cc64-42a8-b41b-45343632eee6,7,1,-1.1457414213513866,0.4841884339392457
8ca2cd12-de64-457c-b1d8-758539d9470c,2023,2022-11-27,c21e5ab2-08dc-48f9-b923-9526ce89d623,88dfcbfb-3d60-4978-b275-46ae9f682ad8,25,1,17.080714743171153,0.9440151375268103
8d72a3c5-368f-4963-93e7-317b551dae93,2023,2022-11-27,eefb221a-cb2c-47a8-a13d-1f008fc6a8a0,d42bc01b-0728-409e-8ce3-c205d30493c1,12,1,7.988413988702951,0.727922090405264
8ea6a00a-2e57-46f9-bb13-b145a7c56182,2023,2022-11-27,2cb246a7-863a-4dc7-ab3d-eabccbf12019,7970fe41-5393-4223-935a-46250b8a26dd,-14,0,-9.539758285212944,0.1665708762341206
92a8526c-0b68-4455-bec4-9e4ba7f83854,2023,2022-11-27,805b30dd-e009-4031-8968-ef4d8bbf928b,fc903652-4ae3-4b36-82b8-fea6345f3b2e,7,1,12.272575616390464,0.8430743792537101
9ab445f9-43bd-4197-928e-21f24e2dce6d,2023,2022-11-27,bc1a0cad-570c-477b-93fb-2050c0e2f9aa,c324cc75-a904-484d-b520-1f21664c89d7,-3,0,-7.9227603650964955,0.1853982838122226
9d1cf46c-5dd3-4557-acd5-f89e83843b78,2023,2022-11-27,a81b1489-4c0f-4a3d-bfe8-a9efcdb13d79,ba34e76d-5905-4b7b-9c5c-9e014d969c91,3,1,5.986281354086874,0.6800974447184688
9e452672-8834-4c7e-868d-dc63bdd74ea5,2023,2022-11-27,0b94d899-a6a7-4449-b626-07126971cd67,bb0be232-db5b-490f-a3df-709f20bdfb71,3,1,6.444145845616865,0.8004712368418572
9f5b34c0-8cdb-4465-9169-b5bd5cd4efd6,2023,2022-11-27,06ef3673-5d7a-4701-aed9-726aa07838e4,65974f84-3069-4f25-8f4b-7ccb79790430,12,1,12.248684312508775,0.8625479277399832
a1b45ccd-d1bb-4cb4-b822-0df3139bf79a,2023,2022-11-27,1e86acec-a854-405d-a4cc-d096ee03f22c,2dba4db9-bc1f-41f7-b1e5-8d94e117c1e9,17,1,6.116410814750529,0.6854191030285492
a61de79a-28a5-4c82-8fba-da31accddd71,2023,2022-11-27,a8ab3f0c-a155-4d9d-adf9-5593435a0152,428b85df-3b5f-4b21-a384-f1bd53f95d19,2,1,4.752237040257065,0.6543093163350094
b6ca293c-5086-49f0-888e-6ecb042380bc,2023,2022-11-27,b847237b-f1fa-48c8-a618-17553efdc228,6359c55c-0527-4830-8bbf-51141c0ff2a4,-10,0,0.9814224695902498,0.5375888994415241
b6d74003-f1cd-45e2-988e-d70640da7337,2023,2022-11-27,a757dae2-f596-4065-9e29-b365b91af590,5b25de37-34c7-4ebb-a149-b0ca3c4ffff6,14,1,15.934913601278884,0.942383000674169
bb28be7a-df33-4966-bd26-2315b689d4d3,2023,2022-11-27,5fa1ed7d-157b-491b-9384-66ab06dfeefb,4ba5494d-a428-4c7e-92a2-fa5f8a096b3e,-5,0,-1.9917598645519097,0.4225782747771927
be2d8df6-8da3-480c-985a-58861e7521fc,2023,2022-11-27,030a591c-8164-4635-bb33-29a4c98e0b5b,bb82a5ec-96c1-460b-a414-50e0d2b6b1a4,13,1,7.254114791374696,0.7804437059677787
bebe5514-8205-46b5-86db-5edbfdf43c3f,2023,2022-11-27,66f42ce4-3183-445f-b7db-b673bfb1fe7b,d739e8c5-4395-4b08-b8ca-445d1a57a451,24,1,15.77823865602693,0.9678795374203464
c3f704d4-904d-4c33-8b5c-4d1dcd0a4dcb,2023,2022-11-27,c8da4ce4-29a3-4f99-b827-9b55afb4e0d5,21bdd018-a21f-44da-982a-98efb6d24ca1,2,1,10.224966205807092,0.854846276096857
c9f8f358-cf41-4aa9-a65c-6fea911239ff,2023,2022-11-27,45f03492-2831-493f-8176-63dfae6670de,2ff94ca5-2417-420a-b20f-387ca6793769,-2,0,-5.407878983586811,0.34075404507649437
cea48a9b-43b7-4792-a350-94ee7f16574a,2023,2022-11-27,f16d5827-0b65-4b48-bd2d-584314873b9d,297b5678-ce67-4c02-bfc4-2ccec5343d09,3,1,3.6102426881507843,0.6918156419451238
cf5055a9-bc7d-4bc4-afab-59c36086afb3,2023,2022-11-27,a4574b8e-6d1d-4ed4-a947-b175f74c6387,3d8ed3b6-e3d1-4a7e-b179-fdc92e2640e7,5,1,10.10405344563383,0.8639354900759917
dbdd5ff2-6720-4cb5-b6b9-7b043be41148,2023,2022-11-27,cd2892b0-c423-4723-86bc-3988015a8015,bfd30209-fc33-44e7-a4be-7d2be91b2842,19,1,3.0740216406282754,0.6122119415020625
dc9b154e-d74e-4f35-bbb6-9c7e2b98917b,2023,2022-11-27,48e9401c-d41f-4f19-9358-0f41a8d74ea5,e0accbcd-bd68-4bc0-a2a3-3c32753815b5,4,1,11.354210877940728,0.9175469457060068
e0f12ab3-570a-4278-9550-3eb4f63bd064,2023,2022-11-27,41088861-2288-4681-9b1c-b52f63527faf,888089ca-9632-4e33-856f-b210b1d946cb,4,1,3.1771689305561828,0.5778715994396084
e4d92b20-8861-49e4-aafc-3b93cca5485f,2023,2022-11-27,e10bd2a0-5b84-4d41-a1ef-08b801a04039,d20936f6-b751-41b7-a241-c75beb459360,25,1,25.074277176174846,0.9883613166238607
e53ec7d9-e3f8-49d0-a143-055192a46ae5,2023,2022-11-27,b0eb9a16-e704-4784-bc96-af277fccf122,611e61cb-eec0-4487-b0c1-1ea8cdba0762,4,1,8.878824029477359,0.737278452691695
e7ea2875-a12c-4629-abd9-605ad96af7d0,2023,2022-11-27,f7352462-5710-45c3-bd64-969e67428b1f,173a69ab-4f3c-453a-a1cc-8b83c0ee2b49,-2,0,-1.9353764261705997,0.40214880434928346
ed060859-0689-4413-b3a6-fb07ab1b97ac,2023,2022-11-27,7e4e4039-a37d-4b42-80aa-0fc18e241eff,1900d158-6fb0-407f-a2df-6e37a1db2dc3,-2,0,12.272273845992206,0.8504386737990576
fb38cf4e-2814-41cb-9c61-4904e557c0c2,2023,2022-11-27,72c1f395-5916-463b-8353-47b99a272098,11018b71-58b8-48c1-aafe-d3f42d4dc4b9,-16,0,-5.399618258879638,0.23278462659010507
fe80d1ff-baed-41cc-9d0f-be91f6c96bcd,2023,2022-11-27,d6ec4d5f-7d79-4064-be14-71636bf66d75,067fed65-5ce6-4ac2-b769-11805417f5ce,-5,0,10.236352622733216,0.8321824000146457
0f7ff7c0-8398-4bed-ba8d-11d9cb4eb8e6,2023,2022-11-28,ad6b613a-f36b-446f-81a7-6095bcf8a45a,1a879f38-8a98-47b8-9c92-7da920f1562f,32,1,25.614397855151598,0.9903513731670146
1b0026ec-3375-4c5b-8dcf-04a1e845a9f2,2023,2022-11-28,9ba3b86f-e9ff-4c69-a5a2-865d61dd56ff,11b2b228-e668-4561-b527-22cb63540f1a,6,1,6.821920740945055,0.7459918277208683
5d94b9e4-a73c-4eca-8306-d0ae667dc855,2023,2022-11-28,e1e53055-037a-4acb-82e9-552f8abd6635,a8ab3f0c-a155-4d9d-adf9-5593435a0152,-11,0,-6.487151925485201,0.23073716314195156
661bb35a-2b3b-4179-9d56-f76987b3e695,2023,2022-11-28,892bcbe8-a66c-4c57-88ed-c82e0c13706e,c79c0f1c-2685-4621-a2d2-476af53195cb,13,1,6.4589221816793305,0.7631104428328157
6932b3a0-0504-410f-8bea-4fc6e3286ce9,2023,2022-11-28,4b5bb58e-38b5-4132-b2e0-876169cd4017,edd0d0e3-31f0-49f2-a22c-b47c8e8ba9a6,13,1,16.209357364752176,0.956235058168619
70ea924f-23fe-4f41-ba15-cc02d766ff20,2023,2022-11-28,88471167-5c0d-4477-bf1c-b50a9fa96a10,958592fd-5c16-45ff-90b4-3242687743e9,-24,0,-9.435467784421279,0.15689008014690117
754d81eb-8f6c-4187-9c84-3f14723fa6b9,2023,2022-11-28,7a193c3e-c732-47d4-b893-cc0c575ff431,60cca73c-a30b-4fec-8cc0-a18b3dde7312,10,1,14.344821175975094,0.9502628795624012
83291038-e772-4627-a6c1-eac6c3c8e195,2023,2022-11-28,92c5eea2-cf1c-4902-bae5-39cf63a77442,f14e71df-6c53-4abe-b789-c0d73a44b276,11,1,11.08811655997859,0.8786160684295493
87b83aa5-8a45-4bd8-b1ac-7daaf1e9af51,2023,2022-11-28,e39dbea2-e913-4bf0-9407-8ef31b60b82d,bdb8394a-cc25-448f-a1b9-ef5fe40bb204,15,1,12.395161212980343,0.9283314738067744
8bf459b1-d585-46d2-834a-6d47019acb53,2023,2022-11-28,eaaf67e1-30a6-41ca-a400-906b86d42a58,474263db-dab8-4b0d-842a-548132e82b33,20,1,25.63571788897666,0.9886749641688813
98354e68-f6aa-4b71-badb-897328011f0a,2023,2022-11-28,63373289-6a60-4345-8e60-c44894f4f8cf,a61813fd-4a0a-4112-9fe9-2d33fa01a9aa,3,1,3.261991100822701,0.6013872665554763
a2f4a913-00f2-4959-ac18-d8f3bfc28221,2023,2022-11-28,9988778e-cc80-4486-aad5-9ebdf21f2965,0939b5e1-8421-4924-a8b9-9846ca06f2fb,3,1,10.835173856760969,0.8912734995571333
a42226b4-3e40-4d5e-bcae-3afbcee4343f,2023,2022-11-28,40d1c23d-da10-4e19-8a9f-d69e48e05c30,1b6320e0-71b4-46c2-9fb4-0c801f4c8770,-4,0,8.091728752688137,0.8480565601956973
aea22b4f-f852-4217-b7a6-1b2e0c094fb3,2023,2022-11-28,e44bc5f8-7dc1-4aac-8beb-924a7c5ee465,428b85df-3b5f-4b21-a384-f1bd53f95d19,16,1,4.261701868884141,0.6211833312810269
c29d779b-8d5f-4262-90c5-351af0f5a54c,2023,2022-11-28,93759732-e117-45b2-a99f-f09b689de84c,3ad98900-f406-42a6-b9c7-7a2d3f0a9867,18,1,-0.7517508360941711,0.37573484583066546
d83dd5e4-8974-4c87-9995-b7e196f716c3,2023,2022-11-28,81ba36f8-a53b-4696-8877-2e9bb161598a,c20e9648-8980-4cb8-b139-4343f24b2e91,-29,0,4.169963393064072,0.7408780275409756
085675df-26c5-4600-814b-78ef0aff09a1,2023,2022-11-29,0ac20cc2-e801-4648-8850-2fde30c2def5,9d09ebd0-f5e4-4022-b315-aa3719219b6a,-3,0,8.024177885743626,0.8239276711412212
2c3feab2-4418-47ac-bb36-f127f2f44c72,2023,2022-11-29,cbab480a-8e87-4eb0-ab35-22228c66f68e,105b326b-5a9b-4c89-a5ec-7e020f9e72e9,15,1,8.51226645931147,0.774518408244303
2fe258b2-7699-4227-85cf-cf80f7e55758,2023,2022-11-29,15d2579a-33fd-4772-9d78-e929a093bd79,3c7653b4-ff75-43ce-b3db-0654e938bcd3,26,1,4.122982540677244,0.6905768348147672
35aab676-a825-4515-8a42-4db107ce2f23,2023,2022-11-29,cf67c587-9808-4deb-9419-41a1a58f81f0,d13063ca-830f-4027-a1e1-7961d39c81fc,13,1,4.278046466116073,0.6517742204077689
43b61402-87a2-4df8-9d34-49f859d5d5e6,2023,2022-11-29,77dbd2b6-8c48-42cf-9cfc-6fffa07402bc,d92b9143-ae83-4c94-b9c3-d1cbae1b7565,-4,0,-3.0356406844090347,0.425332662806501
4b337a46-1d2d-45eb-b619-e0f422638542,2023,2022-11-29,ef80c085-db7d-4b36-8fd0-13ac9be0099c,f408da5d-dcf7-48d6-b4b4-485c6241d6d4,-6,0,6.111741862966164,0.7255301460934579
6fe98d0a-9394-4a11-b0e5-a6d55fc29c02,2023,2022-11-29,e4d1f824-05c1-46d2-a96e-fd3dba7ac334,c9739eef-f828-47a4-bcc0-548844cff9d5,29,1,9.989091612959673,0.8511739401652817
7d22eaf4-bac7-4761-b5e1-e607d413e7d7,2023,2022-11-29,7b4d1f71-de6c-49c1-a95c-de84c4aa46a5,e22f605d-41f6-4e5c-915a-987ad0c44569,17,1,2.0482421098113415,0.5792127766835947
8659acd5-5990-4cdd-9127-dc24c8b8dc33,2023,2022-11-29,92e2201e-4d6b-48b2-b40f-1980a5b48c0e,805b30dd-e009-4031-8968-ef4d8bbf928b,-8,0,-8.530447756875756,0.17002017755625173
901e2765-6f22-40ae-b8a1-440d98dffbe4,2023,2022-11-29,d19262e6-6584-4276-9fb9-d5690c3ca053,ab66209f-04c2-4600-99c8-cc177f001266,-2,0,1.2665198597180614,0.5422624635937872
a4bc083a-64d9-429a-a2ff-e4a73aac8888,2023,2022-11-29,015de200-e75d-4f5c-b26f-60089691f965,d6fb85c8-3e1a-4375-a5a6-b293e672533e,9,1,28.177738299622415,0.9908420956200862
a8dc0a04-5a5a-46df-bd12-3a55055a46e0,2023,2022-11-29,aecccfce-5e00-489e-87e1-2622303b6120,fda4e988-3514-4913-8f5c-1c8db7f59165,-5,0,15.497452284313518,0.9467250385820483
a8e3df83-6a36-499b-8596-e9dcba0915d8,2023,2022-11-29,bc48226a-5e03-49d2-aa5a-550081373e7c,b034bc0b-a11f-4e43-b372-127640b1d5b0,19,1,18.110559619347303,0.97223160961106
b0f4fc26-ff03-42d4-8df6-9a9220b8b695,2023,2022-11-29,c8e7388d-5a50-447b-ade8-addcc758d8dd,ca0af9b0-0073-4e1c-baf8-a15069168abc,48,1,23.134405893779586,0.983639554904767
b76136de-6b7d-49c8-8c6d-dc6513781ee9,2023,2022-11-29,e7f10812-f961-4c56-b848-22cb16073f49,80cec103-b3b1-4978-9b4a-f1ad161630fd,15,1,12.019186129733347,0.9204837599938196
caefb178-315f-4c8a-b959-d1c8b65dd81c,2023,2022-11-29,1cddcec2-cf89-4c5c-9810-d148c368b08a,07ca1d8d-4805-44f2-90ed-b18eedfd097b,27,1,32.119266180081034,0.9920608151815082
cb7d87ce-587d-4c42-855c-c20de38ed6f7,2023,2022-11-29,325c1fce-e70b-481c-bc59-315b7defd4ad,bb0be232-db5b-490f-a3df-709f20bdfb71,10,1,10.483055370607433,0.8697757546142271
ccac2dc0-608f-4944-9b65-76f3bb9ac1bc,2023,2022-11-29,295728d9-e6d3-43a5-a29d-26c403f073cd,3bc40b20-71e2-4fa2-9c99-8e0b6cc3460b,-2,0,2.905774628369665,0.5835114206212133
dd7383f6-adec-4092-ba4a-cc723d5df5da,2023,2022-11-29,e198833b-92f3-4fa3-a2cd-82f04ec7e0c3,a2362a90-be36-417a-ba1f-0cd8ca99ef80,21,1,26.148931189905483,0.9911735741254599
e3e624ad-73f8-478e-a34e-eb5e12457bec,2023,2022-11-29,526a8e73-78d6-4268-9f89-6f7d90e5dcd3,27a2a3c7-c672-4a2e-8381-bf31d528c0d0,-25,0,-16.70533104897318,0.03746048492669914
e69fc2c7-f411-4c00-86aa-5f5ec936ffd3,2023,2022-11-29,3016ba37-71e2-4de3-bc39-86d07a8a3e44,11c420a2-9004-49a5-8268-6683a741a32e,-10,0,1.950081208865008,0.5307481792106763
f994ab44-a985-4109-b89e-9571ada50778,2023,2022-11-29,05dbf7f3-9fc5-4818-bf47-490e1f7c7186,63b38daf-556d-4012-93d1-faf2cc5da515,3,1,12.797239261823671,0.9389837387146772
fac0b96c-8e02-400d-951b-b9f925ff6b4d,2023,2022-11-29,b13d1921-03e3-4f47-b962-4e9951de7510,8b6e9436-9398-4b24-b6a4-24bba0c8eac3,8,1,11.02011392426218,0.859285391428202
fd2c3f34-7637-4c7e-92cf-af934fb7342d,2023,2022-11-29,89023aa7-6034-4d33-96dd-3566c7afc79f,61c096bd-3b5f-48c1-9f04-b18693a77cc0,-6,0,-1.560386203016331,0.3990481604548355
fe4d3e63-7d73-4d5a-adac-9102d2b6dc78,2023,2022-11-29,23328a3b-6bde-4b61-960d-5c45fab4d16a,22641200-31a8-4bc1-9df0-8a3393139dde,7,1,1.0410541943385125,0.540140351177744
082a0f60-dc1c-486d-beca-eb3b2b8da572,2023,2022-11-30,043e8015-480a-461d-aae5-6cb149237466,75608756-6246-483c-8138-59d3749a8d3d,-16,0,0.6532052394982694,0.43760258273636893
0af91148-f663-49f2-8c70-c8b4d6458471,2023,2022-11-30,ef9503da-6c3d-4207-ba0f-3cf770627dbe,55f602a6-b8f4-4fc5-b30a-9a23ad91a2d8,2,1,-0.30844095389073223,0.47051657385677803
0e427c71-6101-4fda-bb3a-29ebaa58b4a6,2023,2022-11-30,297b5678-ce67-4c02-bfc4-2ccec5343d09,f62a4b7d-6f85-4607-a748-854c9b8c0c5d,46,1,14.657634180333558,0.9478222413393934
1674701c-5d5f-458e-8b72-8d2e82674500,2023,2022-11-30,58fab53e-62a1-4e7b-acbc-71e06102931a,1c48e10a-5d97-4c46-8f8b-4217683da26a,-2,0,-5.875860724294219,0.31439563951331245
1b39b886-3e8d-42ac-b3b2-be6c087a1a4e,2023,2022-11-30,f6ffbdfc-4780-4966-b75f-aa6ff30a7928,21051f5e-6142-4894-a3a9-09bada612b47,19,1,23.489729788984913,0.9816760740583699
1e4f1e1a-d94c-481d-9889-f23bb826a122,2023,2022-11-30,e62f6be3-07fc-4d39-9d92-158e9218c40a,d5e2b5fa-8cb9-45b6-a822-4e64c46bc8fd,11,1,1.537627162235337,0.45190283871453363
242ceab9-3c66-4ff5-af26-aec1f0ae36b3,2023,2022-11-30,1a2c070a-303f-434e-a50d-c98ad9d9f88d,57f7bf85-91b0-433d-b843-94485a520954,17,1,-10.497840434952385,0.10846669831942893
25df6998-78ff-45c4-8e53-58fa55bee1fe,2023,2022-11-30,65974f84-3069-4f25-8f4b-7ccb79790430,db22a3b8-fd13-44f3-8968-9aeb04d833e7,8,1,2.616433420985372,0.6569370811134572
276e82ce-da0d-4d1f-97cb-98b164807b62,2023,2022-11-30,d5e139fa-05e7-4c6e-b083-5261fa76ee6f,05300c53-1c99-44fc-894f-5d062cc9254d,13,1,-0.44641573719165617,0.5038364823009822
2864c28f-d910-4369-9a79-586710e36d96,2023,2022-11-30,bfe08930-1826-481a-bc46-217ae918d0c6,48e9401c-d41f-4f19-9358-0f41a8d74ea5,4,1,2.0625096318468503,0.5356406397872634
2968634a-a17d-4cb5-8379-ac0858371972,2023,2022-11-30,4db0dce7-2ca3-42fd-b71e-f5e13debacfe,0d4551fb-d4fc-4659-b14c-fdeba3555569,19,1,29.256377001133885,0.9914875988830844
29f74c48-e955-412a-a703-d6bbf1b046da,2023,2022-11-30,f3eafab2-d52f-4409-b7ab-63598919e46d,a35d0124-2cd2-46ab-b613-2438a97b6ddd,-12,0,7.791142463130203,0.8099757261125075
2a25cb3b-535a-47de-9589-74b9d04dfc13,2023,2022-11-30,560ec925-5357-4f1d-8bef-52cd69464fdc,3950a3d3-d1b1-4dd9-bf4b-2356ed344246,-7,0,-7.502853312222718,0.20790432007818394
32b4cbf1-7704-40e6-a147-dd4e6a7df930,2023,2022-11-30,f1d0f01f-d161-44fe-a534-6f4383fe2d0a,f9620376-5493-4730-bf10-8b6480bd3e43,-1,0,-7.2373027583319915,0.20463275992531837
32e58e2c-06d3-4cb3-ae02-9b72433df867,2023,2022-11-30,888089ca-9632-4e33-856f-b210b1d946cb,bab73e4f-6d77-4aa0-8c6f-347009c2283e,32,1,24.387741432658462,0.9831387471615337
3ab4d9fd-aad4-40e6-abef-3c0497bc62af,2023,2022-11-30,8674cdcf-acde-4035-bcae-1c7c0d7549e5,c8da4ce4-29a3-4f99-b827-9b55afb4e0d5,4,1,-0.9088304874736886,0.4831508301866109
3b37c1de-f9b7-4b5d-8e54-8032a66cdd7d,2023,2022-11-30,43c4f9a5-d6d5-4dd2-bfac-0bd3adaf79f7,6ddd1347-422a-42ab-8c8e-fd5c9b4e78f1,12,1,-1.806599938476737,0.4610717313301969
3f847d1e-4aad-4bb2-994a-c3eaceecbf0a,2023,2022-11-30,75ed6a75-4599-4fee-816b-ed729babf81b,3c06c3f7-a7c4-4179-a9a7-d9b86afaf42c,8,1,-10.674161898932645,0.12441778886745808
41528d95-6885-4dc2-925f-d9c646b5aa33,2023,2022-11-30,2a391736-2322-4864-894e-4856c2d517d7,c282b887-5bc1-41e5-8a0d-15287474de7d,24,1,1.9280014703931962,0.5763683162178523
41d3ecdc-080c-43a7-983d-bc0bfeaccb95,2023,2022-11-30,3b586230-34c7-417b-bdcb-3245c5a8de8a,4d964b45-0956-4e20-9bb3-92d90690ea01,5,1,3.4656948318432925,0.628748032727052
47e3b6c6-e3f0-4836-bc30-8d58e6a9532c,2023,2022-11-30,fccaf1a2-1439-499c-87a3-1615684518bd,db9252c1-9697-4f77-b192-93b1badf442b,20,1,29.98107317089669,0.9853156292838331
5746be81-b93f-4119-8f62-38bff459069e,2023,2022-11-30,dd027a18-2cb5-45a3-a0ce-f3f9eb7bde2e,4763d2f0-5ee2-4763-8617-946f08bac925,27,1,8.247786786909614,0.8105614808743647
61b2a123-2761-4899-b4e7-1d9d08cfb839,2023,2022-11-30,9c773261-49b7-48c8-816e-3e3260997d71,f022d404-14a6-4105-afd2-445afe77bad5,23,1,9.481266609324823,0.8244842221485048
6383a901-da19-48c4-8f65-a99a42682609,2023,2022-11-30,9cc36a7f-4ac0-4523-b7cb-99b33fd2fb4f,0939b5e1-8421-4924-a8b9-9846ca06f2fb,36,1,34.282289831043364,0.9917374254539445
6431c115-7d4a-4ddb-af4b-56bf5d38da0e,2023,2022-11-30,a0454954-f558-44d1-812e-59b90041128d,29503a81-0fe4-4a0c-8022-d23ac7e092b6,-17,0,0.5237575651620956,0.5432780978129855
6472fda7-08b6-4ea3-b92e-4150fdf02879,2023,2022-11-30,894f397c-9c66-43c1-9223-fd405e35b0f8,eed17656-6fec-4cf5-aacf-f932c5b66084,15,1,7.045238214559837,0.7722749774246289
68122a4a-53e7-47e8-a45f-9c998cac95d5,2023,2022-11-30,030a591c-8164-4635-bb33-29a4c98e0b5b,cdac95d6-25af-43a9-a6c0-1004aaa6a183,-5,0,3.4652715037492086,0.6400852986415962
682011a1-1799-4779-a921-fef703a559e8,2023,2022-11-30,e5fb9be0-e310-42a1-9744-47b3878c37eb,72c1f395-5916-463b-8353-47b99a272098,14,1,2.1110131362705253,0.5099076969735203
6ad0e3d8-2352-44b2-971f-f260e03c6d76,2023,2022-11-30,f7d3e028-cab6-4277-8d9c-799f5bec0712,c21e5ab2-08dc-48f9-b923-9526ce89d623,19,1,14.098167818315021,0.8982371450742728
89dd57f2-a152-439b-bdd3-25824a16194a,2023,2022-11-30,14900e69-e972-4137-8f13-5ef152e0075b,d20936f6-b751-41b7-a241-c75beb459360,8,1,10.30902615976834,0.8749632160654749
8d45e678-7998-4fa7-a200-6a0f9b302579,2023,2022-11-30,bfd30209-fc33-44e7-a4be-7d2be91b2842,9874a1c9-7e78-46e4-8d3e-6fce94e7046c,9,1,7.826137313831721,0.7694309821067883
932751e9-cbdf-4170-af8a-cb205a5ab60a,2023,2022-11-30,718dfd9d-59ef-415b-875a-8c861f6adb33,a15edd2c-08cb-44fc-81cd-ab493e8364d6,-20,0,-6.160695072650722,0.2554558529627892
9476a50e-c840-4fe3-9f17-b9c3d569a966,2023,2022-11-30,34668727-07c8-40ea-adb6-3541d9d7f32c,410b3365-a1a1-4bca-b3fa-52270a02f75c,-3,0,8.513871244636054,0.8431231369767018
95ae7ebc-686c-4ca3-8647-e46c819ce6be,2023,2022-11-30,6d0447fe-c13a-4ab3-b46e-cc2a08eb057e,175f9186-422d-479c-a771-d9f218a1a87b,40,1,31.977565928694023,0.9929149948551629
96890d3e-5d8c-4b42-b7a8-e7795621189c,2023,2022-11-30,bf0220b4-0fd7-4c18-94c5-5e7dcc5d3284,5fa1ed7d-157b-491b-9384-66ab06dfeefb,26,1,21.034181021085967,0.9818928709600896
99e684af-9069-41ae-b617-70b785366edd,2023,2022-11-30,2dba4db9-bc1f-41f7-b1e5-8d94e117c1e9,cd2892b0-c423-4723-86bc-3988015a8015,-10,0,-14.034332116236373,0.05210116059399711
9b03dc4b-251b-4dc6-82ff-fa56e96d16b7,2023,2022-11-30,e81d4510-e1ee-4dbf-9b00-28fe6eedbfb4,7970fe41-5393-4223-935a-46250b8a26dd,25,1,7.783380309136847,0.7362075453009714
9c080433-6b4b-4036-80b4-b8afa70e8613,2023,2022-11-30,4a6135ce-718a-497f-924d-23f4797243ee,20fdaaba-bd75-4d6e-bf13-299d2f1704ef,26,1,20.30214439727177,0.9570541797513834
a71e80de-a69d-469d-a651-0022581a770a,2023,2022-11-30,445a7698-bd20-45f7-9c62-e0ca0057e959,4a1337bf-77da-4acc-8a27-5f6ee2d1db60,-27,0,-10.844833173210978,0.11798001463262457
ad6b1ce8-5fae-4274-bdb3-fa4da7e46102,2023,2022-11-30,0b94d899-a6a7-4449-b626-07126971cd67,24b5ca48-c4a7-4e8d-8fff-c02904c11b7d,28,1,13.01456518413654,0.9055892514630509
ae120590-fc35-4e31-bdd2-00cd86819b9e,2023,2022-11-30,b1119bba-a47a-41ed-adea-9967a72cf21d,61442116-53fe-4490-9f2a-17aad40fb68b,8,1,5.087943951733284,0.7721889178030337
b0cf153e-c3d1-4bd2-b023-29476218e9d0,2023,2022-11-30,0112fa43-c6c9-4c88-be78-7e0818374d56,2f8127bf-68b4-4cd4-bb81-d18b7f461cba,7,1,-0.4947755641500724,0.445629972969107
b11d85fc-a708-4e55-8b6e-158975aa24e3,2023,2022-11-30,762cc817-6e37-4650-89d1-6bff265dd1b3,c88614c4-bad0-48db-990c-90a3243c3734,14,1,15.08910255364303,0.9342898715925319
b646d3cd-b737-400f-9e30-d39f967cf2c6,2023,2022-11-30,97cd7805-e5a7-4739-97dd-116010ceb9af,8a231892-e40c-466f-9e2a-016a3433fda0,22,1,16.48800896607868,0.9617137984440481
be7d74e9-6590-41ee-b0b7-0f52320c1bb9,2023,2022-11-30,b4194217-55eb-45bb-b105-160e06f0b625,bf2aafb4-bbb6-476f-acfd-8793128f565c,-15,0,-12.55053904757197,0.09041471405882576
c2027be6-df5f-43da-9a7f-58a6ddad414b,2023,2022-11-30,957c8e2e-1939-4c65-af04-df116ac4086d,ed26e9f2-0346-429e-8084-a40c091454e8,-4,0,-6.1743187203202465,0.28909233114802974
c53b0209-b654-441e-bada-b94a4f853d33,2023,2022-11-30,599c2f7f-3472-4f93-9807-39b33c575236,8d694562-759b-462a-9766-ac29e999df71,15,1,12.7043934439221,0.8925695911425878
c62eea0a-a7c0-4cc2-8a62-e7abc2a2e2da,2023,2022-11-30,92e2201e-4d6b-48b2-b40f-1980a5b48c0e,805b30dd-e009-4031-8968-ef4d8bbf928b,-8,0,-8.484074910276854,0.1913214060293664
c630b7b9-e02e-4bf0-ae1a-74a341909391,2023,2022-11-30,173a69ab-4f3c-453a-a1cc-8b83c0ee2b49,71aa15ab-9b94-4d3a-88de-3f0ae5d9a44c,7,1,7.686674153687201,0.82028130505653
ca02e7a8-2fb7-4814-871b-ade5148c2485,2023,2022-11-30,ff27601d-133f-4abc-a42e-f55d4f497bb0,e0accbcd-bd68-4bc0-a2a3-3c32753815b5,26,1,15.18174519994621,0.9514468272832395
cf9eca86-6760-41cb-a88a-d9ba8969f082,2023,2022-11-30,1e86acec-a854-405d-a4cc-d096ee03f22c,9cf58c59-1075-457a-b79e-942b453b75d1,21,1,6.065802358640581,0.7440313613551649
cfc54781-95d1-4a4a-a1f9-1d4edb10700a,2023,2022-11-30,d3246ba0-2060-4e3f-addf-f8704b79380e,8782ac7a-e553-475c-b110-c58c7e61ddd4,-3,0,0.857581993645165,0.5692244433348745
d3da0a82-796d-40d1-ba52-2c3ed8da8d84,2023,2022-11-30,4ae8be32-616f-4721-85c4-1e22239e7db8,88205ce6-ad31-4ffb-998c-fb9164c40dea,19,1,14.878476221599955,0.9404088217403739
dcac5445-12c9-412c-8626-5332db8178e7,2023,2022-11-30,cdc199b7-a710-4c11-a6e7-2384b399c06b,127a96c4-6d95-4519-ae56-77c271aeea23,12,1,1.2738342275569594,0.6124859261576399
de8398e1-250d-4a3c-8678-35ef49336231,2023,2022-11-30,effe733a-ab00-44c0-ba8a-c389badc7014,5efbece3-af1d-4f3e-8930-388ee4604cac,7,1,-0.7772136354463187,0.44696173019384744
deef177d-4604-4db9-a594-8134920ce696,2023,2022-11-30,75db89bb-f85d-4726-b2c5-e7f61c8115c4,4a3968bb-0d67-41c6-af5f-7ac59ae5cc3d,-2,0,17.015735646640433,0.9586350594991252
f254ecf5-005b-4cf4-921d-a964abd7198a,2023,2022-11-30,7b423c28-572a-4a7a-982f-3d59e0fb25fe,06ef3673-5d7a-4701-aed9-726aa07838e4,-16,0,-6.387860770582773,0.2540240967421393
fa64efee-285d-43e3-88fc-701debe1179d,2023,2022-11-30,d1f5a19f-6263-4ac7-9ceb-e1339595db2f,b349d38b-bc08-42d6-bf21-e6c826c45b62,18,1,-8.13208585207562,0.22055509525092165
faf8f8cb-b521-48df-8413-36800be40796,2023,2022-11-30,247817ad-6065-4e8a-80e7-26c838de4153,bb243294-1aa5-46dd-af42-c3676717c61a,5,1,3.172350089138887,0.6733018455729936
fc04a5c8-beb7-4acf-a599-a3c5ed4761af,2023,2022-11-30,ef3cd1ae-ef09-458c-a751-658436d5dfbd,89150efa-06a3-4a88-82d3-26b3797ada35,5,1,3.869441017579677,0.6025212233755433
fc04aafc-e35a-4b08-8ade-36d69a99bb28,2023,2022-11-30,f14e71df-6c53-4abe-b789-c0d73a44b276,9226a51e-74e7-48ed-9e95-6890a182148d,7,1,-0.04240405782855507,0.5110939213913989
05281ba0-0118-4264-9184-d3a14df57293,2023,2022-12-01,29115cd5-8aba-4a2e-89c9-20f7d87b7051,e44bc5f8-7dc1-4aac-8beb-924a7c5ee465,-14,0,-12.753641883520254,0.07587350383697689
16ed3849-2a3b-4321-a383-a57825e47bbd,2023,2022-12-01,bce5e657-8430-4508-b956-64ed47e82de9,927f9c80-da40-44b1-834f-ea1d457600d3,5,1,9.397432402105563,0.8090176335055432
23622d1a-542a-458f-8e58-af797800c913,2023,2022-12-01,8e864d36-5a07-4d24-bea5-f7b85c3187bd,22b7e3ea-2a6b-4f0f-8f10-40ab409da1e7,15,1,-2.4879645758210884,0.39129753511992105
3cbd6512-3235-4e06-b684-4a80ab62c99b,2023,2022-12-01,c84adc87-6cd7-4df0-9245-59fa829300e4,1900d158-6fb0-407f-a2df-6e37a1db2dc3,12,1,12.428181902753797,0.9370415796810019
3ce716ea-8e1f-4e86-9497-96251200ce9c,2023,2022-12-01,ad6b613a-f36b-446f-81a7-6095bcf8a45a,d6ec4d5f-7d79-4064-be14-71636bf66d75,26,1,10.832055872098115,0.8723609432024186
49384036-10c0-407d-b993-ff9ab2ee7e21,2023,2022-12-01,14e4e2ac-f90d-419d-9b14-9a9e3ba13b59,92c5eea2-cf1c-4902-bae5-39cf63a77442,1,1,-2.8359620391522524,0.41112683279376394
50106de6-e227-44e2-a9d7-9c5513d79244,2023,2022-12-01,ec3ac254-d13e-4b51-95ee-389447c70400,c238c9de-59e6-4d8d-b9d0-745eb8ec96ab,5,1,1.487902137789445,0.6346765383832392
5053f151-5771-4996-8837-29ae77073d73,2023,2022-12-01,f4f493b9-00c9-48e9-a9c8-934ed203169e,c6e998ac-727a-42d2-a2d4-0e7c854dd383,14,1,5.594577006516575,0.7281161392284248
5a51e8cb-6db3-4880-b9ef-e3d327982f78,2023,2022-12-01,9cee8aea-80de-46c5-81a8-499fc49acb57,a1fb658f-49be-4887-a725-48a42276ac48,-10,0,-3.8879944693381563,0.417449340381305
5b4c4ffc-8a47-4035-b34d-5ef07f1a9595,2023,2022-12-01,bb82a5ec-96c1-460b-a414-50e0d2b6b1a4,7d7d8e50-802f-4f7c-aedf-3116a743e835,-7,0,0.017360980575614658,0.5111349285308843
69c62920-654f-40fe-85e4-7ff8cc3fdd8c,2023,2022-12-01,252b92fd-b788-4b9d-9cf4-94b7e591640f,d42bc01b-0728-409e-8ce3-c205d30493c1,16,1,9.012292904457928,0.8425106459865905
7b64a261-2200-4a43-b8e5-3cd326058a84,2023,2022-12-01,11018b71-58b8-48c1-aafe-d3f42d4dc4b9,cf67c587-9808-4deb-9419-41a1a58f81f0,2,1,0.7910898183626274,0.5841721035191728
83029f7b-2e92-4446-81a6-72189b112fcb,2023,2022-12-01,16e5ce2f-bdd7-49bd-a906-9aeaef0ffa08,71bfb11f-a38d-45a5-914a-5006c7417da4,-9,0,4.045228898360662,0.7021379799315387
8af87227-0dd1-4dd6-9cef-949f053d4e78,2023,2022-12-01,218250de-64b1-4e7a-9b64-e426441584e4,ec764a7a-bdf2-49ba-9830-7408ea7f453b,3,1,1.387177956056997,0.5534520496362751
9ed6e4b2-d924-4eeb-bc8e-dd25ae79d9fb,2023,2022-12-01,f51695f1-a8ee-4f8c-b518-879ffe6b0dca,eccdef36-c666-44f9-bd7f-17e4e33e2def,3,1,3.7768324309093675,0.6730216860910794
a32bb8a2-0ce3-4478-8077-533bacc970f6,2023,2022-12-01,8b7efe80-a558-4a31-90d4-b59ad2ffdcac,e10bd2a0-5b84-4d41-a1ef-08b801a04039,10,1,11.286550643569957,0.8926581149221148
a59e2d1b-2a5a-4982-bb78-e5e65bb4aa1e,2023,2022-12-01,9f8c4a3a-10fc-427b-a3b9-f54bcc243010,3fb4c1d4-021b-4e64-a997-b47421257d4c,-15,0,-0.805363015414508,0.49610544656204686
a61b3eb7-9f3b-4069-8da4-559cb86596fe,2023,2022-12-01,bea9ec66-e41d-4afe-aa79-8a5b0f020811,34002612-3816-4311-b39c-41d24ddcf17f,4,1,0.7696167279745391,0.5140469660179592
c6a46d9c-1662-4a85-b7ef-1cd9da3e8dd4,2023,2022-12-01,88dfcbfb-3d60-4978-b275-46ae9f682ad8,143599fb-b821-43e4-b0ee-2f6e521ddb11,-10,0,-4.200624162889587,0.3239840405958588
d8073205-8784-4ff3-b11b-1333d6f0eb51,2023,2022-12-01,f16d5827-0b65-4b48-bd2d-584314873b9d,fe1d1802-ae97-4c4b-8c1a-aef0cb3c5646,-1,0,5.075453843641237,0.7009415970747981
e12dd048-4d12-4414-8d48-89e3d33deb6f,2023,2022-12-01,251330f1-c041-4520-b4a3-114f8f6b2ccf,9a68215b-c4da-4c48-8fdd-6f9862b46f80,-14,0,-10.437709795819393,0.13582342065718295
e2cc4fc1-33b8-4eb1-a35f-4262058e7ae4,2023,2022-12-01,c3807661-da5f-4ce7-af5a-e086fc56158a,2cb246a7-863a-4dc7-ab3d-eabccbf12019,-21,0,2.8532836817881106,0.6858502028752684
e92498e7-6273-460d-b0fd-a339630382f9,2023,2022-12-01,b2a4914d-552d-49ca-818c-4219f9a5baa7,9c36dca1-e045-4592-9000-60f62b244bf1,20,1,7.909382646360759,0.8464378087265918
eaedb13a-f92f-4d1f-a3fd-1e729049fc43,2023,2022-12-01,ba34e76d-5905-4b7b-9c5c-9e014d969c91,cbab480a-8e87-4eb0-ab35-22228c66f68e,13,1,9.610781864529942,0.889406654014418
f7c8a8f9-6cc6-47fb-97bd-3c6dbad9278d,2023,2022-12-01,a8ab3f0c-a155-4d9d-adf9-5593435a0152,40d1c23d-da10-4e19-8a9f-d69e48e05c30,-2,0,3.8135104938728683,0.7176240049046726
11659080-d464-45f3-8fc3-d8842f1a455e,2023,2022-12-02,41088861-2288-4681-9b1c-b52f63527faf,3c7653b4-ff75-43ce-b3db-0654e938bcd3,-1,0,3.2161434075043815,0.6963726237544037
1b8f8cce-fb65-478e-a308-5957fe2207b3,2023,2022-12-02,aecccfce-5e00-489e-87e1-2622303b6120,348c253f-b663-454e-9b7d-051280f46334,10,1,7.288214500689781,0.7738409657112624
1d2fc4a1-3a0d-4315-88c3-1516ab27ac1a,2023,2022-12-02,6d438e12-01be-43b0-9a01-434e3861669c,a15edd2c-08cb-44fc-81cd-ab493e8364d6,37,1,0.3589668397458195,0.4877627390651243
20457b77-200c-4447-87bd-ed673027db37,2023,2022-12-02,20fdaaba-bd75-4d6e-bf13-299d2f1704ef,e1e53055-037a-4acb-82e9-552f8abd6635,-14,0,1.1123744404393505,0.5239391489890796
258454d7-fa91-44d3-b8ec-649f9a6bc969,2023,2022-12-02,c1ddb62d-8103-4ef4-a556-df9238531bdf,873aeddf-ece1-4971-83c5-24ff228e2954,-3,0,-3.0800390989147193,0.3819302245276453
2cf66617-23b2-43c1-92b1-8202cb561671,2023,2022-12-02,29613880-f1b8-40b8-a09f-a825765c5e40,320ba34b-ed3e-49e5-8563-08246b20d1d1,15,1,2.4419890995061166,0.6356905281843217
305a0939-8cda-48b2-b736-09e22e4b9f8a,2023,2022-12-02,324a87d8-6e5f-4df1-adea-5c7c07bc3880,805b30dd-e009-4031-8968-ef4d8bbf928b,-12,0,-0.44789127563304276,0.5596352548362317
45cfb8f5-5115-4a1b-ac0d-27c20d2688e8,2023,2022-12-02,3bc40b20-71e2-4fa2-9c99-8e0b6cc3460b,77dbd2b6-8c48-42cf-9cfc-6fffa07402bc,9,1,8.051485504941528,0.8153269684152711
7af24320-317a-4862-83a9-a7d51e21460a,2023,2022-12-02,a81b1489-4c0f-4a3d-bfe8-a9efcdb13d79,9b92c0ff-02a8-49a0-bb79-32eb70b7681d,4,1,6.104891278335478,0.7341236960595559
7b88e8af-066a-433e-8bfe-fa6294373aee,2023,2022-12-02,4ae8be32-616f-4721-85c4-1e22239e7db8,175f9186-422d-479c-a771-d9f218a1a87b,22,1,20.810933489693454,0.9891389799765392
7f996668-5827-4c23-b272-ebd238123ba9,2023,2022-12-02,23328a3b-6bde-4b61-960d-5c45fab4d16a,9d09ebd0-f5e4-4022-b315-aa3719219b6a,20,1,6.927925782928887,0.7652274643235256
89d23daa-287f-4b72-bd9b-fc002cad60c8,2023,2022-12-02,a4574b8e-6d1d-4ed4-a947-b175f74c6387,aab3630e-9c8d-453f-b0c8-afdfe71a5d3c,27,1,8.290083718054989,0.7739851799990501
8d41ec70-d702-4603-a04b-526903e15900,2023,2022-12-02,e198833b-92f3-4fa3-a2cd-82f04ec7e0c3,c20e9648-8980-4cb8-b139-4343f24b2e91,-8,0,7.705637348900222,0.8104121416039415
8f936495-6bed-4601-a65f-ade62a9f372c,2023,2022-12-02,067fed65-5ce6-4ac2-b769-11805417f5ce,e145a47f-597f-46fe-b58d-64dae192efc0,4,1,6.012204284908318,0.7546140386130387
b050eb79-9238-4ed0-a38a-5739de9173e6,2023,2022-12-02,27a2a3c7-c672-4a2e-8381-bf31d528c0d0,e4d1f824-05c1-46d2-a96e-fd3dba7ac334,5,1,8.136125350262464,0.7683345535282335
dee45e52-ba63-484d-b9e4-3708bbdb5773,2023,2022-12-02,7e4e4039-a37d-4b42-80aa-0fc18e241eff,7631bceb-b254-43fd-b331-b90b901b5959,17,1,6.380199356548446,0.7223375600803386
f0b2781a-5020-414c-8910-f065a4ef990b,2023,2022-12-02,39668771-063a-4cfd-ba1d-be18a842d5a1,bfe08930-1826-481a-bc46-217ae918d0c6,20,1,22.180440387075624,0.9882868360014923
f28096e8-d9e5-4ee5-b4b0-d0aad7b7d603,2023,2022-12-02,12a96cea-6b94-4165-bfbc-3fbee5bd51ab,7dfad569-05d6-43d5-8f47-defff4a50649,15,1,8.315826106703307,0.821745587369241
f3ae1b17-bc19-4851-8133-554a9e7a34a0,2023,2022-12-02,ef80c085-db7d-4b36-8fd0-13ac9be0099c,34668727-07c8-40ea-adb6-3541d9d7f32c,20,1,10.532001177735369,0.8630371137894844
0426907b-8441-46df-92ac-2e2bf7512ed5,2023,2022-12-03,38a65109-33be-44a5-928b-459db9d9dbc7,fc62dc2f-7404-4a85-b1d6-49d5135283a3,8,1,11.487083063943334,0.8687875194390065
07bb2819-ad52-43c8-b903-b565357fb6b0,2023,2022-12-03,f6d79bbf-f8fa-4aad-8a37-6172d43ea482,ba34e76d-5905-4b7b-9c5c-9e014d969c91,3,1,20.95567533754471,0.9802099750235792
0906ab29-8748-46dc-affe-822ca8156e97,2023,2022-12-03,63b38daf-556d-4012-93d1-faf2cc5da515,07960f6e-9ad4-45bb-82bd-06f477a011e3,-14,0,8.111840512699096,0.8270403403969337
0e40fa50-98ac-48ef-943f-1c4694e9492b,2023,2022-12-03,1f74189d-a265-4a43-9a13-b26dc844746e,4a6135ce-718a-497f-924d-23f4797243ee,-11,0,-10.895982789567713,0.13451950761319037
0ed58aad-ef4d-43ae-bb48-61adcf74d1f5,2023,2022-12-03,ed26e9f2-0346-429e-8084-a40c091454e8,d4ca3878-1113-45b1-abbe-5a9a3c7c5430,7,1,12.975393349324657,0.9292340245086729
100de081-3400-4a62-ba67-e6b0121c6be4,2023,2022-12-03,a5600159-b71d-473b-92bc-8f7ab08f897b,63b264d5-0679-4b31-b175-0c1d019bb0f4,-1,0,16.77785259630399,0.939073202669558
1155a646-5dac-4415-bf35-fa617fa35503,2023,2022-12-03,e62f6be3-07fc-4d39-9d92-158e9218c40a,a757dae2-f596-4065-9e29-b365b91af590,14,1,8.858222019771878,0.8822080288064673
153a4bf5-840a-483b-9750-eaffeafd1bb7,2023,2022-12-03,f0c6c56b-f155-45b4-bed7-e886af6e82f6,21051f5e-6142-4894-a3a9-09bada612b47,21,1,9.789805449427053,0.8565934385372146
172083c9-996d-417f-ab5e-28fc73aa80c9,2023,2022-12-03,b1119bba-a47a-41ed-adea-9967a72cf21d,effe733a-ab00-44c0-ba8a-c389badc7014,18,1,-2.002165275007915,0.3693969428309313
18644dcd-065e-4555-acf2-9df9f7167a23,2023,2022-12-03,e5fb9be0-e310-42a1-9744-47b3878c37eb,a155af26-bc09-4c69-9940-efff8f3d15e3,5,1,-1.7593960659348213,0.47364346486675707
20c0dc17-a8f2-4a12-b0ca-1424abe65a09,2023,2022-12-03,f612c81a-f044-496c-871c-5c643a5e8f9d,45f03492-2831-493f-8176-63dfae6670de,1,1,5.237184701738492,0.7674582836285464
220abff5-34ab-4cf7-86ac-caa88dcca474,2023,2022-12-03,958592fd-5c16-45ff-90b4-3242687743e9,11b2b228-e668-4561-b527-22cb63540f1a,33,1,14.689084537479735,0.9351049698762889
2391ae33-8378-48e5-9550-30f0a4bfcdf9,2023,2022-12-03,957c8e2e-1939-4c65-af04-df116ac4086d,b13d1921-03e3-4f47-b962-4e9951de7510,-8,0,1.1235222350711507,0.5438988367398747
251143f8-28ce-4c8e-baf2-f4099edd17e7,2023,2022-12-03,e383f809-990a-4dd9-85b1-4288d45884e7,d7828b57-33e4-4922-bfdd-4780151816ed,10,1,12.920844295974122,0.8978871114946801
290733ac-2f4e-4045-8a2e-ba441150d36d,2023,2022-12-03,43c4f9a5-d6d5-4dd2-bfac-0bd3adaf79f7,560ec925-5357-4f1d-8bef-52cd69464fdc,14,1,17.553016160502125,0.9590586250465162
2ba66ff4-d8bf-4df9-9556-c26b5a88ab54,2023,2022-12-03,030a591c-8164-4635-bb33-29a4c98e0b5b,7b423c28-572a-4a7a-982f-3d59e0fb25fe,-3,0,8.92048596451157,0.8222177192949532
2c2823dc-9bc7-4659-94db-173e0bf912f7,2023,2022-12-03,15d2579a-33fd-4772-9d78-e929a093bd79,0ac20cc2-e801-4648-8850-2fde30c2def5,-3,0,8.422186035547714,0.8281765923481955
2d3b654a-9b93-4002-bf0a-19999c5c9c62,2023,2022-12-03,48e9401c-d41f-4f19-9358-0f41a8d74ea5,dd027a18-2cb5-45a3-a0ce-f3f9eb7bde2e,-26,0,1.568247890250522,0.5590442811457875
2dee1f20-17f5-431d-b33e-e008ed194c74,2023,2022-12-03,71aa15ab-9b94-4d3a-88de-3f0ae5d9a44c,cdc199b7-a710-4c11-a6e7-2384b399c06b,15,1,2.9763618422441294,0.5877438514765302
30ee95bd-8304-47d4-a066-0321580c6c9d,2023,2022-12-03,89023aa7-6034-4d33-96dd-3566c7afc79f,9a193882-d061-4d9a-b1d1-da7a483f7cf6,10,1,2.76902525018986,0.6191698130630179
3272ad5c-cba5-4d7b-9b78-959c12a6cee5,2023,2022-12-03,7bf0273c-57aa-4412-be01-e0e08fb7cd81,58fab53e-62a1-4e7b-acbc-71e06102931a,-5,0,6.858191841507778,0.74848275283122
3583a10e-d807-4333-b930-5a8237b6ca39,2023,2022-12-03,80cec103-b3b1-4978-9b4a-f1ad161630fd,ca0af9b0-0073-4e1c-baf8-a15069168abc,6,1,3.838584416785513,0.6586685752800215
3751a981-183d-4caa-97f6-f15b6bf5cf62,2023,2022-12-03,ab66209f-04c2-4600-99c8-cc177f001266,2dba4db9-bc1f-41f7-b1e5-8d94e117c1e9,5,1,16.825995200618635,0.9721038404332772
3af8d13c-18ca-4ae1-b173-1a2eaec992eb,2023,2022-12-03,bb82a5ec-96c1-460b-a414-50e0d2b6b1a4,295728d9-e6d3-43a5-a29d-26c403f073cd,2,1,-2.012367999706877,0.4349721208698049
3fb6fb0b-1b0d-4250-8517-c095cd064b65,2023,2022-12-03,1b6320e0-71b4-46c2-9fb4-0c801f4c8770,3b586230-34c7-417b-bdcb-3245c5a8de8a,11,1,-6.128855903000839,0.28996565402459473
5513a650-52f2-47ca-aa73-679203eb0401,2023,2022-12-03,ec764a7a-bdf2-49ba-9830-7408ea7f453b,9f8c4a3a-10fc-427b-a3b9-f54bcc243010,12,1,9.04601818463706,0.8268526109885365
55a6014b-4d7d-4276-81f1-a7fd60f8d418,2023,2022-12-03,16e5ce2f-bdd7-49bd-a906-9aeaef0ffa08,d42bc01b-0728-409e-8ce3-c205d30493c1,6,1,6.5559634799962705,0.7568953628343109
561e5b05-ab9e-467b-a21a-a04a92aa04c2,2023,2022-12-03,63373289-6a60-4345-8e60-c44894f4f8cf,f69cd607-9c59-41dd-9dad-e5a5e9ec4370,-17,0,-1.040940195710339,0.44450711232817897
58feca87-4499-4bf6-961a-bb8ee884ff33,2023,2022-12-03,65974f84-3069-4f25-8f4b-7ccb79790430,d1838999-77de-4a4f-9d66-e6071f5a079f,-20,0,-5.932294058016173,0.24985784655241544
5a74dc2e-7fc1-4ca1-a2f9-46cb33684afb,2023,2022-12-03,72c1f395-5916-463b-8353-47b99a272098,57f7bf85-91b0-433d-b843-94485a520954,-4,0,-7.703814939599297,0.16870500620338183
5f39d0b3-1f67-49d1-9883-1953987fdd7b,2023,2022-12-03,0621d617-e31d-4e1e-a043-a11af2f706de,d739e8c5-4395-4b08-b8ca-445d1a57a451,-5,0,7.711905334234376,0.7904662911403254
5f6078a8-dcd0-4d0c-9991-aa05b4ad7423,2023,2022-12-03,4db0dce7-2ca3-42fd-b71e-f5e13debacfe,611e61cb-eec0-4487-b0c1-1ea8cdba0762,11,1,14.316152087507112,0.9265011439984352
6195edb9-1115-4cb1-9c8e-c4a85ffdcede,2023,2022-12-03,8d694562-759b-462a-9766-ac29e999df71,445a7698-bd20-45f7-9c62-e0ca0057e959,17,1,13.210782589511934,0.9211165591541098
620327f8-156d-404c-bef6-1c630d378bfe,2023,2022-12-03,105b326b-5a9b-4c89-a5ec-7e020f9e72e9,89150efa-06a3-4a88-82d3-26b3797ada35,8,1,-10.926071228379573,0.11374938232638485
66c09182-8397-45c1-819d-61326a787901,2023,2022-12-03,208232bc-9495-4351-b34b-874117e7ab9b,0112fa43-c6c9-4c88-be78-7e0818374d56,17,1,3.9449916061867634,0.6601123525205723
693d33c7-5d7d-4628-84b2-e8ea96350bdc,2023,2022-12-03,cdac95d6-25af-43a9-a6c0-1004aaa6a183,3c06c3f7-a7c4-4179-a9a7-d9b86afaf42c,-17,0,8.556956609962947,0.7878404364888427
6aba0244-8c4d-4093-abbd-4ed36a96a3c3,2023,2022-12-03,d13063ca-830f-4027-a1e1-7961d39c81fc,9988778e-cc80-4486-aad5-9ebdf21f2965,7,1,12.80109204059369,0.9147851305551762
6c579d39-f039-4685-9869-63ce0ba0140b,2023,2022-12-03,fccaf1a2-1439-499c-87a3-1615684518bd,bab73e4f-6d77-4aa0-8c6f-347009c2283e,6,1,23.283439832745607,0.9809008436655019
73b1ad67-3181-418e-9fad-eb062db37f66,2023,2022-12-03,393745fb-1951-4506-ba94-c10dcd66ee50,edd0d0e3-31f0-49f2-a22c-b47c8e8ba9a6,6,1,-6.334839010282366,0.2828754602017689
778054ab-ce0e-4809-a6db-a4608101ae92,2023,2022-12-03,75608756-6246-483c-8138-59d3749a8d3d,3950a3d3-d1b1-4dd9-bf4b-2356ed344246,-11,0,0.6361038653988144,0.4631547773301307
78003458-e326-476e-a24b-9d8e7705d6d7,2023,2022-12-03,5fa1ed7d-157b-491b-9384-66ab06dfeefb,2a391736-2322-4864-894e-4856c2d517d7,-16,0,3.5917952994037625,0.6581685480620695
78a40a4e-1bdb-404c-8c12-407722d278ab,2023,2022-12-03,6aa9d05e-84b3-4e72-815b-fe3dd02b1e03,40d1c23d-da10-4e19-8a9f-d69e48e05c30,11,1,11.800241041967213,0.9109305617985604
7dd8835b-23b3-4c1c-b720-30df61fb50a2,2023,2022-12-03,814a38f7-2f64-498d-b6d6-a9ae4df96850,297b5678-ce67-4c02-bfc4-2ccec5343d09,-5,0,-14.362071607631925,0.05417704749674031
81215296-d848-49ef-8ceb-4961792de5e9,2023,2022-12-03,f7d3e028-cab6-4277-8d9c-799f5bec0712,015de200-e75d-4f5c-b26f-60089691f965,-15,0,1.867776593338856,0.5585268124064888
827225cd-41d6-4420-904b-4a014a05e830,2023,2022-12-03,9874a1c9-7e78-46e4-8d3e-6fce94e7046c,c282b887-5bc1-41e5-8a0d-15287474de7d,37,1,22.263442652897048,0.9848197073529761
83e2f2cf-5d70-4a15-bc1c-708fa5bce4ad,2023,2022-12-03,e823a53e-c3a4-40d9-b40a-4d7eac69e962,0d4551fb-d4fc-4659-b14c-fdeba3555569,-6,0,5.038408357425959,0.6594481219068492
846fb3f8-8102-452f-8a26-736d1a1f045a,2023,2022-12-03,3fb4c1d4-021b-4e64-a997-b47421257d4c,ff27601d-133f-4abc-a42e-f55d4f497bb0,-3,0,-1.3107211270645098,0.5154256365991855
85b9076d-2ead-4da2-9710-3a2365f188f7,2023,2022-12-03,894f397c-9c66-43c1-9223-fd405e35b0f8,247817ad-6065-4e8a-80e7-26c838de4153,-6,0,-1.7658309184794,0.4785995804659972
8b41f0f2-11e6-4bbf-bc4f-2d4453a701cb,2023,2022-12-03,8e941979-021a-4b68-ab5b-5ee34fe0e06a,7dfad569-05d6-43d5-8f47-defff4a50649,13,1,25.458428415958025,0.9877369678336374
92a9fd50-94b0-4a1e-b57a-a7e150cf1096,2023,2022-12-03,4b5bb58e-38b5-4132-b2e0-876169cd4017,2ff94ca5-2417-420a-b20f-387ca6793769,41,1,11.74157643889152,0.8781810123037048
93dbe4fe-9b1f-4c79-b32e-9165af91b547,2023,2022-12-03,bfd30209-fc33-44e7-a4be-7d2be91b2842,9cf58c59-1075-457a-b79e-942b453b75d1,16,1,16.82545420907626,0.9579879657151676
94833b9d-bcf2-48de-99f7-80981c462e13,2023,2022-12-03,f4fab986-a169-4f78-8a7b-6be149e86c10,92e2201e-4d6b-48b2-b40f-1980a5b48c0e,6,1,2.191335802018514,0.5587216903392439
94aab849-9a69-4180-b078-26d6316ad2b5,2023,2022-12-03,389dc2a8-706f-48c0-8579-33b1857c38b4,474263db-dab8-4b0d-842a-548132e82b33,30,1,25.984704825410045,0.9866236954714667
9843ba48-06ea-465e-ae66-528c7e9c19e7,2023,2022-12-03,6ddd1347-422a-42ab-8c8e-fd5c9b4e78f1,8681e6eb-5cf9-45d5-b215-af3a54ebc784,5,1,5.371203499378386,0.7356001707513264
98583a08-0a78-4c38-aad9-0918b9d3b7c9,2023,2022-12-03,d1f5a19f-6263-4ac7-9ceb-e1339595db2f,c9739eef-f828-47a4-bcc0-548844cff9d5,-1,0,0.7092622797817275,0.5303132168604661
9b0eb1bb-65a7-43f5-83e7-100cc781dbdb,2023,2022-12-03,cb08f172-db74-448e-aaf2-80d96b32bed4,39d71fee-a4e0-4399-8698-547fdb4fb256,-11,0,-13.27941886237869,0.06552602530840008
9bdacd1f-ff80-4869-aee4-dc08ac70eaab,2023,2022-12-03,5bd87308-1027-4aba-a8ef-970bf8e9ac0e,b847237b-f1fa-48c8-a618-17553efdc228,19,1,3.4556137413462045,0.5460499522162297
9c1cb184-04c6-40db-af6e-ae14bab2f768,2023,2022-12-03,eaaf67e1-30a6-41ca-a400-906b86d42a58,9c36dca1-e045-4592-9000-60f62b244bf1,30,1,25.848647465873547,0.9894009088739931
9f83bd80-36aa-482e-8e32-9cfc3c60252c,2023,2022-12-03,9c1c5097-7168-4529-8378-8f68f206bd9f,927f9c80-da40-44b1-834f-ea1d457600d3,-12,0,-4.605216353123904,0.24736309420258593
b324db5d-3ccb-4511-87de-382bb1c7b88c,2023,2022-12-03,88205ce6-ad31-4ffb-998c-fb9164c40dea,f62a4b7d-6f85-4607-a748-854c9b8c0c5d,9,1,-1.437889613688574,0.4499668497629829
b42b9ec3-2d2d-4d75-b6f2-368c5d9ae02c,2023,2022-12-03,11c420a2-9004-49a5-8268-6683a741a32e,d3246ba0-2060-4e3f-addf-f8704b79380e,-10,0,-6.3897062470608565,0.3194418261715372
b909413b-448d-4f15-81c8-213babeca762,2023,2022-12-03,bea9ec66-e41d-4afe-aa79-8a5b0f020811,2cb246a7-863a-4dc7-ab3d-eabccbf12019,4,1,7.254660163565914,0.8161766648692335
bdd13e73-ced1-4a7d-b5c6-e488d9b751f0,2023,2022-12-03,e44bc5f8-7dc1-4aac-8beb-924a7c5ee465,090a9b59-4e95-410c-b5f9-c4d63d9caea8,13,1,16.237491358082583,0.9568499686432359
bdf1938b-c4e2-4faa-a6e7-8c66ccc4dce4,2023,2022-12-03,b1cd7b83-cc64-42a8-b41b-45343632eee6,b0eb9a16-e704-4784-bc96-af277fccf122,4,1,2.567906678330228,0.5485355215743989
c1170400-e3a4-4230-90d3-1f1b26e0e52f,2023,2022-12-03,40fe605d-085b-468f-aec2-614432798d3f,0e5ca5e6-5ea7-44a7-8587-b4c7834a4c52,-2,0,0.8815378883001461,0.5448214412875537
c6972799-1dd1-4922-9086-a37720c2862d,2023,2022-12-03,410b3365-a1a1-4bca-b3fa-52270a02f75c,e7f10812-f961-4c56-b848-22cb16073f49,-22,0,-16.573808320389542,0.0672731470649912
c6a45edf-5900-400a-b09c-a677146f0515,2023,2022-12-03,d92b9143-ae83-4c94-b9c3-d1cbae1b7565,fda4e988-3514-4913-8f5c-1c8db7f59165,12,1,21.469238190272964,0.9883094486692073
cbe2049d-def2-4595-857d-65fd6f93a854,2023,2022-12-03,252b92fd-b788-4b9d-9cf4-94b7e591640f,71bfb11f-a38d-45a5-914a-5006c7417da4,15,1,3.480152910089192,0.6937213447313487
d51d6595-99c5-4b84-b413-3780304c3523,2023,2022-12-03,0d002e4e-eb5e-4b77-9116-89839d4f537f,4ba5494d-a428-4c7e-92a2-fa5f8a096b3e,11,1,6.392757609741944,0.7224177006992228
e1f4f333-2f61-4a53-bf52-e7d88b1b3001,2023,2022-12-03,bdf949ac-7376-4c1c-b4d1-a2b6d1142a71,05300c53-1c99-44fc-894f-5d062cc9254d,-14,0,-12.601345809522357,0.08850178565548672
e2861f58-56ef-4f58-a483-02e7ed7c8644,2023,2022-12-03,7b4d1f71-de6c-49c1-a95c-de84c4aa46a5,ef9503da-6c3d-4207-ba0f-3cf770627dbe,-27,0,-8.405579117321349,0.21989068610083817
e79ab1d2-1ba7-455b-9fec-23adf42ff716,2023,2022-12-03,3d8ed3b6-e3d1-4a7e-b179-fdc92e2640e7,4a1337bf-77da-4acc-8a27-5f6ee2d1db60,13,1,8.566467780765253,0.8021835041215891
e89cf238-a9d3-4b09-8d43-36ef0b4b72f3,2023,2022-12-03,043e8015-480a-461d-aae5-6cb149237466,99bac3ff-1929-4a83-a593-5c1e123a25e6,-15,0,0.8813878354403352,0.5391631189772266
e964cc1c-10f8-4d09-af17-5c7e606c5fd6,2023,2022-12-03,c21e5ab2-08dc-48f9-b923-9526ce89d623,e22f605d-41f6-4e5c-915a-987ad0c44569,-1,0,7.615670890398005,0.8204921458026386
ed851ce8-99f8-46e3-8dd2-32dbeed0fa48,2023,2022-12-03,88471167-5c0d-4477-bf1c-b50a9fa96a10,b6c50d53-e53e-42aa-8c2e-1297e733737d,25,1,0.8226436286892035,0.543441458172257
eddf2ca8-a19e-40a5-b24a-6f677a88d6b4,2023,2022-12-03,888089ca-9632-4e33-856f-b210b1d946cb,01325ccf-0551-472d-a463-55f692a5e50c,10,1,4.630038076848013,0.6539762400594221
ef0f2ef0-2520-4d19-b5ae-702d36fa5dd1,2023,2022-12-03,8674cdcf-acde-4035-bcae-1c7c0d7549e5,9c773261-49b7-48c8-816e-3e3260997d71,7,1,3.782067665332181,0.656730038215649
f3859dcc-26b1-4808-9998-074d394f0834,2023,2022-12-03,3016ba37-71e2-4de3-bc39-86d07a8a3e44,d680033e-5d87-4349-8622-dcce2bc0559c,14,1,13.245051541241947,0.890048649582808
fa7e1c6f-d3de-49ea-b182-0655d927ba36,2023,2022-12-03,a2362a90-be36-417a-ba1f-0cd8ca99ef80,f022d404-14a6-4105-afd2-445afe77bad5,1,1,-7.3346107224516865,0.19396229719903146
fd04fd02-af9e-4cf7-814b-bbf2aa7bdb3c,2023,2022-12-03,eefb221a-cb2c-47a8-a13d-1f008fc6a8a0,599c2f7f-3472-4f93-9807-39b33c575236,-18,0,-5.412628813767451,0.31148674882033184
ff16e4ed-2fe0-40c4-99f9-54be1de4f5f1,2023,2022-12-03,b462e428-f59b-4465-b793-4cef6f10cf66,0b94d899-a6a7-4449-b626-07126971cd67,4,1,-2.604181321085838,0.3453204559819203
2606894a-f678-4b55-8844-e25c166e3526,2023,2022-12-04,29503a81-0fe4-4a0c-8022-d23ac7e092b6,f3eafab2-d52f-4409-b7ab-63598919e46d,9,1,6.41301404835749,0.7596542442440279
35993b2c-9c53-47e7-aa42-aa2aa8c5f683,2023,2022-12-04,526a8e73-78d6-4268-9f89-6f7d90e5dcd3,173a69ab-4f3c-453a-a1cc-8b83c0ee2b49,-27,0,-16.652241828892567,0.03671336449141282
36a63b7c-7dfe-4e47-ac99-03bee5eea597,2023,2022-12-04,6d0447fe-c13a-4ab3-b46e-cc2a08eb057e,1e95b7a8-8a2d-4c93-bd01-79b311a80f40,38,1,12.088591035062759,0.915083423620715
36d0e3db-db4e-4eaa-afad-4c0480d7fb71,2023,2022-12-04,bc48226a-5e03-49d2-aa5a-550081373e7c,d19262e6-6584-4276-9fb9-d5690c3ca053,4,1,-0.5213207069441607,0.41116123246810954
39b8a6d6-e1f6-4681-b4b0-aabc217e159d,2023,2022-12-04,304b93c1-4157-43db-bc99-6f2b071e4429,e145a47f-597f-46fe-b58d-64dae192efc0,30,1,17.119809547435214,0.9459680866961656
3f837497-407b-42a9-ba90-74a140598f3a,2023,2022-12-04,1900d158-6fb0-407f-a2df-6e37a1db2dc3,f51695f1-a8ee-4f8c-b518-879ffe6b0dca,-7,0,-0.28643384861662463,0.49510396348089725
480a65c7-500e-4a03-a3df-b83d2e482f8d,2023,2022-12-04,218250de-64b1-4e7a-9b64-e426441584e4,e0accbcd-bd68-4bc0-a2a3-3c32753815b5,-7,0,10.807793813252468,0.9205829597597689
5187f37d-522f-461c-a42d-3350f2fa8349,2023,2022-12-04,97cd7805-e5a7-4739-97dd-116010ceb9af,bce5e657-8430-4508-b956-64ed47e82de9,-18,0,-4.706085842149414,0.3608887626837923
5313d4d7-d02f-447c-bfe2-917214820924,2023,2022-12-04,7a193c3e-c732-47d4-b893-cc0c575ff431,127a96c4-6d95-4519-ae56-77c271aeea23,8,1,1.420251579101181,0.5900362535361697
5321186e-d884-43e5-8f35-093b08e577c3,2023,2022-12-04,f6ffbdfc-4780-4966-b75f-aa6ff30a7928,1cddcec2-cf89-4c5c-9810-d148c368b08a,11,1,8.087992164270233,0.8036578187076833
572b7063-aa62-4244-a767-5e9e6bd30672,2023,2022-12-04,9cc36a7f-4ac0-4523-b7cb-99b33fd2fb4f,8b6e9436-9398-4b24-b6a4-24bba0c8eac3,54,1,29.385423889075852,0.9901269765812118
5ee16ed9-6e1f-4c56-b32b-489cc4d2011e,2023,2022-12-04,c238c9de-59e6-4d8d-b9d0-745eb8ec96ab,1e86acec-a854-405d-a4cc-d096ee03f22c,-10,0,12.216633022595879,0.9237792833016089
68db6d89-c942-44bd-b0a0-2d8d82d72e9d,2023,2022-12-04,9a68215b-c4da-4c48-8fdd-6f9862b46f80,f4f493b9-00c9-48e9-a9c8-934ed203169e,9,1,10.370905880359405,0.8440120931144802
836d1194-217c-4bb1-a68a-0c4594111fa3,2023,2022-12-04,892bcbe8-a66c-4c57-88ed-c82e0c13706e,fc903652-4ae3-4b36-82b8-fea6345f3b2e,1,1,0.8957571382411128,0.5539262741195043
8e759302-8527-4138-a07a-88a9bfcd6e4d,2023,2022-12-04,22b7e3ea-2a6b-4f0f-8f10-40ab409da1e7,b4194217-55eb-45bb-b105-160e06f0b625,13,1,20.99808481000301,0.9876976173726815
9112e333-08e6-45f0-aee7-4fad96fa4165,2023,2022-12-04,c324cc75-a904-484d-b520-1f21664c89d7,325c1fce-e70b-481c-bc59-315b7defd4ad,2,1,-3.8496144554224645,0.39665694292117937
9c446421-0cbd-4ff8-8957-d94b4c18c0a3,2023,2022-12-04,c6e998ac-727a-42d2-a2d4-0e7c854dd383,8e864d36-5a07-4d24-bea5-f7b85c3187bd,-2,0,2.272099526449772,0.6281091153501142
9caf7f1e-1866-42fd-aabe-426a8cbdb9aa,2023,2022-12-04,bf0220b4-0fd7-4c18-94c5-5e7dcc5d3284,324a87d8-6e5f-4df1-adea-5c7c07bc3880,26,1,16.83110388413801,0.9430654825838034
a5d79491-51d7-4ea9-9663-dfaebdd25ab6,2023,2022-12-04,f7352462-5710-45c3-bd64-969e67428b1f,bb243294-1aa5-46dd-af42-c3676717c61a,3,1,10.29463893256345,0.8823075603750634
a9165e59-beaa-4478-bd75-e737056b55b5,2023,2022-12-04,75ed6a75-4599-4fee-816b-ed729babf81b,805b30dd-e009-4031-8968-ef4d8bbf928b,-14,0,-16.559130471391224,0.06014456032498058
bbc7c407-0778-4533-9d1e-317c96517f9e,2023,2022-12-04,11c41163-ceed-438b-bc9e-333b60a36e6b,428b85df-3b5f-4b21-a384-f1bd53f95d19,7,1,17.192446772215536,0.9467938702979912
be7016e2-1a85-4ff4-84a1-6d9ef5c3af64,2023,2022-12-04,cbb7e0c8-4326-453b-9357-a01df1076809,7970fe41-5393-4223-935a-46250b8a26dd,8,1,10.101376969425617,0.8441705113825324
c11926db-f62b-4751-945e-1ae6ecfcdbb3,2023,2022-12-04,a35d0124-2cd2-46ab-b613-2438a97b6ddd,e81d4510-e1ee-4dbf-9b00-28fe6eedbfb4,-28,0,-20.26941064051036,0.03807597161007764
c4c4f629-abee-4ff2-b082-6763e92d5674,2023,2022-12-04,92c5eea2-cf1c-4902-bae5-39cf63a77442,f16d5827-0b65-4b48-bd2d-584314873b9d,10,1,-2.4098742509007076,0.3463183205415187
d8e954b4-61e9-4f51-8b37-57c609576e7b,2023,2022-12-04,143599fb-b821-43e4-b0ee-2f6e521ddb11,14900e69-e972-4137-8f13-5ef152e0075b,-12,0,0.35824429243313893,0.492514004499208
db368bc3-6752-4eb9-8317-b20e1bf5c4d8,2023,2022-12-04,20fdaaba-bd75-4d6e-bf13-299d2f1704ef,81937a80-a7e9-4025-9c21-2ed38625cdae,-23,0,-10.35143726289859,0.14938712230090104
dd27335b-cdc7-4b38-8ef6-69bc0b24bb85,2023,2022-12-04,c3807661-da5f-4ce7-af5a-e086fc56158a,34002612-3816-4311-b39c-41d24ddcf17f,-11,0,-1.7700761591185743,0.45440067708396437
e3828f5a-2f58-4af5-9714-504ee80cb9b0,2023,2022-12-04,b349d38b-bc08-42d6-bf21-e6c826c45b62,81ba36f8-a53b-4696-8877-2e9bb161598a,-7,0,4.064117927070365,0.7177430166871535
e52467fe-1395-482a-a126-30684cafc31f,2023,2022-12-04,21bdd018-a21f-44da-982a-98efb6d24ca1,66ad8504-16f3-4990-9abd-ff1e776dfb86,-4,0,7.469925688101261,0.8050027268910903
e596df2f-c2f7-4bd8-848f-a9d264fefd33,2023,2022-12-04,eccdef36-c666-44f9-bd7f-17e4e33e2def,c84adc87-6cd7-4df0-9245-59fa829300e4,10,1,-5.804899562330536,0.29729081232449217
e61ef1d5-88a5-4db5-91ab-7c21f0b8b6f1,2023,2022-12-04,bf2aafb4-bbb6-476f-acfd-8793128f565c,14e4e2ac-f90d-419d-9b14-9a9e3ba13b59,1,1,14.579371553537165,0.9359016207659863
ecc09447-85f0-4712-8302-6c5ee38cdbd4,2023,2022-12-04,a1fb658f-49be-4887-a725-48a42276ac48,4a3968bb-0d67-41c6-af5f-7ac59ae5cc3d,9,1,6.273512181084939,0.6939675777445862
f27144af-5999-4d79-adaa-27b014b43545,2023,2022-12-04,7d7d8e50-802f-4f7c-aedf-3116a743e835,db22a3b8-fd13-44f3-8968-9aeb04d833e7,5,1,7.673737269632822,0.8360090953822066
f6cc5f37-5ff6-418b-b909-da5535bd4115,2023,2022-12-04,cd2892b0-c423-4723-86bc-3988015a8015,60cca73c-a30b-4fec-8cc0-a18b3dde7312,19,1,24.445640648650496,0.9865765928540658
fd48f857-61da-4559-8af4-ed0f7cd0dfd1,2023,2022-12-04,fe1d1802-ae97-4c4b-8c1a-aef0cb3c5646,251330f1-c041-4520-b4a3-114f8f6b2ccf,4,1,3.8746354683456135,0.7019545537534724
0cb42ba0-2c01-4829-bf4e-a851f9ddabdd,2023,2022-12-05,05dbf7f3-9fc5-4818-bf47-490e1f7c7186,edd0d0e3-31f0-49f2-a22c-b47c8e8ba9a6,5,1,14.38730044729582,0.9131681001062052
33979905-f08f-4511-864a-82b29739b531,2023,2022-12-05,29115cd5-8aba-4a2e-89c9-20f7d87b7051,090a9b59-4e95-410c-b5f9-c4d63d9caea8,7,1,1.0650660184650658,0.49449256873438757
bb7c3ba6-d64a-4150-bf56-cb4871462d1b,2023,2022-12-05,f0c6c56b-f155-45b4-bed7-e886af6e82f6,fc62dc2f-7404-4a85-b1d6-49d5135283a3,-5,0,8.35095220291682,0.817102916090458
cb479f5f-8cf8-438f-84f8-56d245e19fe2,2023,2022-12-05,34668727-07c8-40ea-adb6-3541d9d7f32c,873aeddf-ece1-4971-83c5-24ff228e2954,-11,0,-5.979416103986987,0.26945054375655364
fde786bb-fd91-46d0-9156-76d4bb8727ea,2023,2022-12-05,07ca1d8d-4805-44f2-90ed-b18eedfd097b,4a6135ce-718a-497f-924d-23f4797243ee,-20,0,-22.685411051969872,0.03699972512534948
fdf553c5-985f-4cd9-9be8-736944785ef7,2023,2022-12-05,41088861-2288-4681-9b1c-b52f63527faf,12a96cea-6b94-4165-bfbc-3fbee5bd51ab,7,1,14.389121916226237,0.9411463708000732
03dd4109-684e-4cfa-a08a-f110d969b33a,2023,2022-12-06,e198833b-92f3-4fa3-a2cd-82f04ec7e0c3,4763d2f0-5ee2-4763-8617-946f08bac925,22,1,24.968436489295357,0.987045604513232
07f7c465-586f-4286-a5d5-ccb09789a97b,2023,2022-12-06,ab66209f-04c2-4600-99c8-cc177f001266,7e4e4039-a37d-4b42-80aa-0fc18e241eff,5,1,12.280364599615865,0.9039439070485784
131c37f0-20a0-4661-95ab-a20debd7b279,2023,2022-12-06,4db0dce7-2ca3-42fd-b71e-f5e13debacfe,8a231892-e40c-466f-9e2a-016a3433fda0,16,1,28.39596710115679,0.9917035009558193
17d56174-2887-4a85-a9b8-5dfac47eb871,2023,2022-12-06,6d438e12-01be-43b0-9a01-434e3861669c,21051f5e-6142-4894-a3a9-09bada612b47,10,1,3.850337979511749,0.6250462716543859
27b0e937-d03f-48de-baf4-14e4c95f7f47,2023,2022-12-06,c79c0f1c-2685-4621-a2d2-476af53195cb,dd027a18-2cb5-45a3-a0ce-f3f9eb7bde2e,-7,0,-0.15002408702378764,0.4665929959825456
2eda5ceb-d95a-45e5-b8eb-243405096553,2023,2022-12-06,5bd87308-1027-4aba-a8ef-970bf8e9ac0e,93759732-e117-45b2-a99f-f09b689de84c,-8,0,-4.863631956030274,0.3866750254229639
41fe56cf-ba81-4368-a423-1285f3b8490b,2023,2022-12-06,c9739eef-f828-47a4-bcc0-548844cff9d5,d42bc01b-0728-409e-8ce3-c205d30493c1,29,1,9.396963369184395,0.8197971830243362
43866961-fc26-411a-acbd-d467720bfd22,2023,2022-12-06,7b423c28-572a-4a7a-982f-3d59e0fb25fe,2a391736-2322-4864-894e-4856c2d517d7,10,1,9.556536325987457,0.7907900162507824
45616e9a-e544-4960-93f8-64c1c91ff877,2023,2022-12-06,15d2579a-33fd-4772-9d78-e929a093bd79,cf67c587-9808-4deb-9419-41a1a58f81f0,12,1,18.876152433903826,0.9681752806063841
45e4915d-3188-4f3c-81f7-6eebf56ea1f3,2023,2022-12-06,d1838999-77de-4a4f-9d66-e6071f5a079f,db22a3b8-fd13-44f3-8968-9aeb04d833e7,11,1,12.971837059317446,0.9256243985531569
48e215a8-537c-471c-8fa5-749b4886f9c9,2023,2022-12-06,304b93c1-4157-43db-bc99-6f2b071e4429,3d8ed3b6-e3d1-4a7e-b179-fdc92e2640e7,22,1,5.720129370531332,0.6804945295026974
5407d646-8985-45c9-8da0-3714d2decd5a,2023,2022-12-06,393745fb-1951-4506-ba94-c10dcd66ee50,599c2f7f-3472-4f93-9807-39b33c575236,-2,0,-8.140114677347233,0.2411850327558288
5d5b78ae-309e-4b1e-92d9-bc80e8ea18c6,2023,2022-12-06,3fb4c1d4-021b-4e64-a997-b47421257d4c,4fbf8f67-3961-4bf4-90b3-56c201b1283f,-8,0,2.241150560377659,0.6043099830151932
5e238e82-9b63-4f84-b872-796d2cf745d1,2023,2022-12-06,6ddd1347-422a-42ab-8c8e-fd5c9b4e78f1,6359c55c-0527-4830-8bbf-51141c0ff2a4,17,1,14.58355881026371,0.9489565589176899
62b5fc14-0286-4ca8-8edc-383ee78b3cfb,2023,2022-12-06,8674cdcf-acde-4035-bcae-1c7c0d7549e5,bfe08930-1826-481a-bc46-217ae918d0c6,13,1,15.442977329235147,0.9250753660788956
63d45eb3-cf80-401f-b9c8-0f3414b2e5e6,2023,2022-12-06,e10bd2a0-5b84-4d41-a1ef-08b801a04039,3ad98900-f406-42a6-b9c7-7a2d3f0a9867,14,1,7.2112621328704005,0.7811430165113225
716022a8-6359-4cd4-8f69-cba802c96fcb,2023,2022-12-06,3950a3d3-d1b1-4dd9-bf4b-2356ed344246,e44bc5f8-7dc1-4aac-8beb-924a7c5ee465,12,1,8.863073780253306,0.8327453854038853
8007b965-7d35-4190-83b4-101606aeed11,2023,2022-12-06,0b94d899-a6a7-4449-b626-07126971cd67,63b264d5-0679-4b31-b175-0c1d019bb0f4,21,1,13.781377289795179,0.9112494801574291
88c6e346-c18e-4cf3-be71-cf785f0495f4,2023,2022-12-06,9b92c0ff-02a8-49a0-bb79-32eb70b7681d,389dc2a8-706f-48c0-8579-33b1857c38b4,-3,0,-12.579879057588695,0.08985377233640607
8c4c5af0-e554-4ad7-85a0-62aaf06c0543,2023,2022-12-06,d92b9143-ae83-4c94-b9c3-d1cbae1b7565,e5fb9be0-e310-42a1-9744-47b3878c37eb,-3,0,17.973277622879742,0.967457611987693
8d6fa066-412b-4d99-b8f5-824b9dac5693,2023,2022-12-06,bb0be232-db5b-490f-a3df-709f20bdfb71,7dfad569-05d6-43d5-8f47-defff4a50649,25,1,0.19510285269617453,0.4649580386623928
91ef3372-5dc6-4c68-b210-1a197db1e2b1,2023,2022-12-06,4b5bb58e-38b5-4132-b2e0-876169cd4017,57f7bf85-91b0-433d-b843-94485a520954,7,1,12.841192165872286,0.9231560913958786
9a0781e7-7310-4ed8-82d4-77eb155f9e05,2023,2022-12-06,894f397c-9c66-43c1-9223-fd405e35b0f8,29115cd5-8aba-4a2e-89c9-20f7d87b7051,24,1,17.040390807611878,0.9562488718268959
9aa51eef-8d44-488d-a5f3-ca83e4f7b997,2023,2022-12-06,7bf0273c-57aa-4412-be01-e0e08fb7cd81,fda4e988-3514-4913-8f5c-1c8db7f59165,14,1,11.216801248863984,0.8396048534965247
9e3ec9e7-6869-4348-84ac-a2abfa9452a1,2023,2022-12-06,0ac20cc2-e801-4648-8850-2fde30c2def5,27a2a3c7-c672-4a2e-8381-bf31d528c0d0,5,1,2.3948851322955487,0.6106484604509713
9f5ccfcf-51d5-4b44-9ca8-cf07793c63e8,2023,2022-12-06,8d694562-759b-462a-9766-ac29e999df71,9c773261-49b7-48c8-816e-3e3260997d71,-8,0,-4.422651405001529,0.30293635815977543
a9db3e14-689c-43e0-b0fb-aa168d06f2c5,2023,2022-12-06,06ef3673-5d7a-4701-aed9-726aa07838e4,cdac95d6-25af-43a9-a6c0-1004aaa6a183,10,1,8.32752091814441,0.8081329935725838
aa7db931-c29c-4812-8dd4-3242987c7a6e,2023,2022-12-06,2ff94ca5-2417-420a-b20f-387ca6793769,b6c50d53-e53e-42aa-8c2e-1297e733737d,10,1,15.963306460903118,0.9604634866325996
b672cb52-078b-4f69-9985-f7cd0c05425d,2023,2022-12-06,957c8e2e-1939-4c65-af04-df116ac4086d,4a3968bb-0d67-41c6-af5f-7ac59ae5cc3d,15,1,14.534232779705226,0.9313547313406566
b85ddec0-f52c-45ee-a3bc-3e47bee9b757,2023,2022-12-06,88471167-5c0d-4477-bf1c-b50a9fa96a10,81937a80-a7e9-4025-9c21-2ed38625cdae,-16,0,-12.738931171958097,0.08992254325649558
c832333a-88db-47c8-80f1-3da6454117ea,2023,2022-12-06,54b6e673-584f-4030-af7d-052c75277798,75ed6a75-4599-4fee-816b-ed729babf81b,18,1,12.571333917775103,0.899566909770943
cb2aa451-4515-4282-bbd2-fbf3c3b6ca42,2023,2022-12-06,d5e139fa-05e7-4c6e-b083-5261fa76ee6f,e22f605d-41f6-4e5c-915a-987ad0c44569,27,1,17.569753882261978,0.9553055513138913
d2786f55-062b-4dbb-b40a-ef671313e4ae,2023,2022-12-06,c8e7388d-5a50-447b-ade8-addcc758d8dd,a155af26-bc09-4c69-9940-efff8f3d15e3,34,1,27.982444491291062,0.9899354315568755
d5520550-bc65-42ec-a409-bb3e84dba0a9,2023,2022-12-06,40d1c23d-da10-4e19-8a9f-d69e48e05c30,b847237b-f1fa-48c8-a618-17553efdc228,-4,0,2.2280692349154374,0.6607819082810089
d71c4f9a-8f49-4086-8d4b-554965cf69ba,2023,2022-12-06,3c7653b4-ff75-43ce-b3db-0654e938bcd3,cb921ef9-be3d-4c14-9e83-9926205e601f,23,1,13.092657280035302,0.9341434669438108
dc7e4cc6-612c-4ed7-a9eb-12d70e13761d,2023,2022-12-06,1c48e10a-5d97-4c46-8f8b-4217683da26a,aecccfce-5e00-489e-87e1-2622303b6120,13,1,1.6098608551379658,0.5308430446201794
df793235-82dc-4f80-b574-29d26a5c6732,2023,2022-12-06,cbab480a-8e87-4eb0-ab35-22228c66f68e,e7f10812-f961-4c56-b848-22cb16073f49,-5,0,-15.468686333103339,0.05463708684257302
e1a359b4-1bc9-43d7-8309-83eb278045fd,2023,2022-12-06,43c4f9a5-d6d5-4dd2-bfac-0bd3adaf79f7,297b5678-ce67-4c02-bfc4-2ccec5343d09,10,1,0.4977467249434194,0.5287250918320024
e49ab12e-aa11-44ee-a2cb-cc06ec3837b7,2023,2022-12-06,eed17656-6fec-4cf5-aacf-f932c5b66084,b2a4914d-552d-49ca-818c-4219f9a5baa7,5,1,3.7835110353135284,0.6503338398562545
e4d21528-2d78-4e17-a5d0-0c252707ccd3,2023,2022-12-06,b0eb9a16-e704-4784-bc96-af277fccf122,3016ba37-71e2-4de3-bc39-86d07a8a3e44,22,1,18.26548189739439,0.971618363863782
e875c9df-f549-4f85-98ab-edd3194738ac,2023,2022-12-06,bfd30209-fc33-44e7-a4be-7d2be91b2842,fa0efad2-ee60-463a-a297-fb45c393e624,12,1,5.768079235388562,0.7657428166588854
f27f154e-46c6-4e60-90a9-6274fe2380da,2023,2022-12-06,ba34e76d-5905-4b7b-9c5c-9e014d969c91,58fab53e-62a1-4e7b-acbc-71e06102931a,10,1,8.095146077143417,0.8076686292761547
fee635ff-e615-46ef-af20-a9ed1fc6b59c,2023,2022-12-06,ec3ac254-d13e-4b51-95ee-389447c70400,e4d1f824-05c1-46d2-a96e-fd3dba7ac334,-7,0,5.3275584230117605,0.7176667606559276
022cfc16-60e2-4e56-8491-d0193997fb9b,2023,2022-12-07,295728d9-e6d3-43a5-a29d-26c403f073cd,043e8015-480a-461d-aae5-6cb149237466,8,1,9.108341560001044,0.8319989840271541
03048ceb-d202-4ffc-9f69-18ee5d97aa0f,2023,2022-12-07,0d002e4e-eb5e-4b77-9116-89839d4f537f,5fa1ed7d-157b-491b-9384-66ab06dfeefb,1,1,5.77727970995881,0.6277980791501421
03a668a1-5e65-40f7-b7c3-7facde8f1c53,2023,2022-12-07,c88614c4-bad0-48db-990c-90a3243c3734,067fed65-5ce6-4ac2-b769-11805417f5ce,7,1,3.437407528021733,0.6459608270456398
05a86c35-121f-4fa6-a987-1e2a58e35054,2023,2022-12-07,97cd7805-e5a7-4739-97dd-116010ceb9af,20fdaaba-bd75-4d6e-bf13-299d2f1704ef,18,1,18.878485097202063,0.9637490211988762
09bcc20e-03ca-4226-aab2-db493f530ebf,2023,2022-12-07,be0c2be1-019f-4c49-9ef1-92f53c9c23b0,2cb246a7-863a-4dc7-ab3d-eabccbf12019,-5,0,-3.9149732199989895,0.28074050188643956
0a0d0e88-8c7f-46d4-a786-cc19ada37d9d,2023,2022-12-07,80cec103-b3b1-4978-9b4a-f1ad161630fd,a2362a90-be36-417a-ba1f-0cd8ca99ef80,10,1,13.600563467683097,0.9226132676104246
0f664b23-c917-4342-8cf1-10ece85c6d2e,2023,2022-12-07,88205ce6-ad31-4ffb-998c-fb9164c40dea,b6f3c9fb-40fa-4725-8601-cee526d95f95,5,1,4.142242790206804,0.6679250755855362
107c50ba-69dd-4825-a71d-739612f059eb,2023,2022-12-07,22641200-31a8-4bc1-9df0-8a3393139dde,b349d38b-bc08-42d6-bf21-e6c826c45b62,-9,0,0.8281903976663403,0.5182420453864948
124ae4de-a6c4-478a-af27-43cfb67c35fa,2023,2022-12-07,0d4551fb-d4fc-4659-b14c-fdeba3555569,5b25de37-34c7-4ebb-a149-b0ca3c4ffff6,8,1,10.063309802556908,0.8536955984953355
1255ad98-0f5b-40f9-a738-475bec913884,2023,2022-12-07,3b586230-34c7-417b-bdcb-3245c5a8de8a,9c1c5097-7168-4529-8378-8f68f206bd9f,12,1,9.572828531028142,0.8640740333361292
22fc99a8-3b0a-4d91-affb-3904e9b627e1,2023,2022-12-07,eccdef36-c666-44f9-bd7f-17e4e33e2def,a35d0124-2cd2-46ab-b613-2438a97b6ddd,6,1,7.5778684365388855,0.7501750893612966
2577754e-8593-4917-af88-c749bf5daf03,2023,2022-12-07,cdc199b7-a710-4c11-a6e7-2384b399c06b,1e86acec-a854-405d-a4cc-d096ee03f22c,16,1,12.265290513394488,0.9117784629365042
2630047c-ec19-4e20-88ec-63ff87f9778e,2023,2022-12-07,cb08f172-db74-448e-aaf2-80d96b32bed4,71bfb11f-a38d-45a5-914a-5006c7417da4,-4,0,-3.5301820546054006,0.3347054416587027
3af66ca6-4bf8-4afe-9cd5-e178775ec7c1,2023,2022-12-07,ec764a7a-bdf2-49ba-9830-7408ea7f453b,1f74189d-a265-4a43-9a13-b26dc844746e,2,1,8.70035180594333,0.7992424425200807
40fce4af-b42e-4fec-a06d-16dd1256c36b,2023,2022-12-07,c6e998ac-727a-42d2-a2d4-0e7c854dd383,bea9ec66-e41d-4afe-aa79-8a5b0f020811,21,1,10.852528019937061,0.8547600657535488
4905399b-07d1-4462-b097-708e201e520a,2023,2022-12-07,afebdb69-0f48-47d1-ac8e-740bb58c993e,eefb221a-cb2c-47a8-a13d-1f008fc6a8a0,20,1,20.51452129861017,0.9855177198991102
4909e7c1-41e3-4f73-85b0-fe15868cc161,2023,2022-12-07,173a69ab-4f3c-453a-a1cc-8b83c0ee2b49,7d7d8e50-802f-4f7c-aedf-3116a743e835,2,1,17.046660155499815,0.9371324388746368
4978f4b6-60c0-4dff-887b-0e85e347f771,2023,2022-12-07,bdf949ac-7376-4c1c-b4d1-a2b6d1142a71,805b30dd-e009-4031-8968-ef4d8bbf928b,-1,0,-0.7238552741457148,0.5251749428520158
521b98bc-2b6e-4968-ba9b-1e425955b63b,2023,2022-12-07,c21e5ab2-08dc-48f9-b923-9526ce89d623,fe1d1802-ae97-4c4b-8c1a-aef0cb3c5646,-18,0,-3.243214537551655,0.30999004052092516
575bca45-4619-477d-bb2e-048e907e89df,2023,2022-12-07,bf2aafb4-bbb6-476f-acfd-8793128f565c,9226a51e-74e7-48ed-9e95-6890a182148d,14,1,11.627960113336606,0.8989946709403324
5e6190a8-2788-4227-b570-00f4bcf3c837,2023,2022-12-07,a5600159-b71d-473b-92bc-8f7ab08f897b,e383f809-990a-4dd9-85b1-4288d45884e7,-15,0,1.6218630782637273,0.5907223114559589
67dc1861-3105-4af5-abe0-102d5082fa9f,2023,2022-12-07,428b85df-3b5f-4b21-a384-f1bd53f95d19,16e5ce2f-bdd7-49bd-a906-9aeaef0ffa08,-21,0,-0.8208018062835982,0.4565393023764819
68d62615-9e82-4f4a-9cc0-3d8447ccb0c9,2023,2022-12-07,ed26e9f2-0346-429e-8084-a40c091454e8,5211ce8f-cc9b-4218-b190-975f87318dc3,1,1,14.456293810689681,0.9044349117023631
76e5e2dc-f079-4e2e-a045-50d728cf6cf0,2023,2022-12-07,9cc36a7f-4ac0-4523-b7cb-99b33fd2fb4f,7631bceb-b254-43fd-b331-b90b901b5959,35,1,19.417143861738708,0.966155338532868
7a0c6ddd-88cc-497f-9284-9ca78eedf69f,2023,2022-12-07,445a7698-bd20-45f7-9c62-e0ca0057e959,348c253f-b663-454e-9b7d-051280f46334,6,1,-7.4240215025154015,0.1843469422264003
7a36a175-c3f8-4668-aee7-b43bf255199a,2023,2022-12-07,01325ccf-0551-472d-a463-55f692a5e50c,89150efa-06a3-4a88-82d3-26b3797ada35,21,1,17.985530673612644,0.9529245033834551
89eeead8-cb6f-44d9-9654-adffe0f77d1a,2023,2022-12-07,1cddcec2-cf89-4c5c-9810-d148c368b08a,247817ad-6065-4e8a-80e7-26c838de4153,19,1,8.142859118076151,0.7915925788342183
923790b9-4e03-4322-bbdd-bf4b5e8016c9,2023,2022-12-07,05300c53-1c99-44fc-894f-5d062cc9254d,218250de-64b1-4e7a-9b64-e426441584e4,40,1,31.273913768069182,0.9899002076643141
9a7cf536-d3c5-4b26-aee0-6dc1bbb31889,2023,2022-12-07,f69cd607-9c59-41dd-9dad-e5a5e9ec4370,75db89bb-f85d-4726-b2c5-e7f61c8115c4,15,1,-0.12240447847642358,0.4529066732382182
9dbb4739-9058-4af2-a8a9-19b3077b8516,2023,2022-12-07,407f6796-76ab-4c28-8f30-cebbfbe534dc,aab3630e-9c8d-453f-b0c8-afdfe71a5d3c,-19,0,-12.483459222389348,0.07236176118583378
a145472a-a2a7-4bad-9f84-abab2a2859c3,2023,2022-12-07,f6d79bbf-f8fa-4aad-8a37-6172d43ea482,c20e9648-8980-4cb8-b139-4343f24b2e91,1,1,7.471240441127218,0.7982898943980695
a73cb061-e5d8-4949-bb65-174ced53e50e,2023,2022-12-07,762cc817-6e37-4650-89d1-6bff265dd1b3,6bcb5e3d-9b4c-41f9-86b6-1f44432462b3,7,1,14.177484586289957,0.9296657068287497
b511af7e-47ad-435a-a9bc-23c694bf614f,2023,2022-12-07,e81d4510-e1ee-4dbf-9b00-28fe6eedbfb4,29503a81-0fe4-4a0c-8022-d23ac7e092b6,32,1,15.247587040263447,0.9432982011007551
bea2d190-7c76-414c-9533-864a5ce20c33,2023,2022-12-07,f4fab986-a169-4f78-8a7b-6be149e86c10,21bdd018-a21f-44da-982a-98efb6d24ca1,-4,0,-7.379129360569694,0.23834794626961497
bfeff731-1ef0-48f9-a86e-7d793a6c2bbc,2023,2022-12-07,4a1337bf-77da-4acc-8a27-5f6ee2d1db60,ef9503da-6c3d-4207-ba0f-3cf770627dbe,-3,0,-0.9688254200534208,0.40787269691841094
c1729729-99f8-4957-a2e6-5ba70854b9f8,2023,2022-12-07,d1f5a19f-6263-4ac7-9ceb-e1339595db2f,e1e53055-037a-4acb-82e9-552f8abd6635,6,1,10.283671054889872,0.8524007992200787
c659e542-eead-49f1-8ae1-50ec8a3d270d,2023,2022-12-07,b4194217-55eb-45bb-b105-160e06f0b625,38a65109-33be-44a5-928b-459db9d9dbc7,-2,0,-5.423394685057154,0.3232577382707682
db06cc23-fb45-4243-b496-ee47351b4e1d,2023,2022-12-07,6d0447fe-c13a-4ab3-b46e-cc2a08eb057e,8b7efe80-a558-4a31-90d4-b59ad2ffdcac,-21,0,-7.399821259008561,0.23346469372453005
e421d21f-5e09-4745-b335-7b5291d3fc8d,2023,2022-12-07,55f602a6-b8f4-4fc5-b30a-9a23ad91a2d8,474263db-dab8-4b0d-842a-548132e82b33,13,1,21.63937898942458,0.9876702173670084
e52a01f9-c548-4a22-a78c-91641b603890,2023,2022-12-07,7a193c3e-c732-47d4-b893-cc0c575ff431,fccaf1a2-1439-499c-87a3-1615684518bd,28,1,1.4955486321313263,0.6685594990207665
ecae1875-cbcb-4fa3-8d4c-7e8f7878d3c1,2023,2022-12-07,b1cd7b83-cc64-42a8-b41b-45343632eee6,030a591c-8164-4635-bb33-29a4c98e0b5b,11,1,6.214619330657139,0.7221558049909651
f159e620-d2ba-48a4-95dc-68db749fd06d,2023,2022-12-07,07960f6e-9ad4-45bb-82bd-06f477a011e3,d6fb85c8-3e1a-4375-a5a6-b293e672533e,9,1,12.199630070150326,0.8864141008096494
f2891bfc-de47-474e-9a98-4ee22aaa2ab3,2023,2022-12-07,718dfd9d-59ef-415b-875a-8c861f6adb33,45f03492-2831-493f-8176-63dfae6670de,-17,0,-7.321078210437558,0.21201810530851556
f39d3e6a-e451-450d-bc10-cd42921cac09,2023,2022-12-07,d4ca3878-1113-45b1-abbe-5a9a3c7c5430,a1fb658f-49be-4887-a725-48a42276ac48,2,1,6.892830598505484,0.7817306050697931
f95329b8-433f-450b-a79d-d96df2c44b5f,2023,2022-12-07,0112fa43-c6c9-4c88-be78-7e0818374d56,252b92fd-b788-4b9d-9cf4-94b7e591640f,19,1,2.385656443641346,0.5677491623170943
fc7241a7-7c8c-4afe-bf13-54ba8fc70a84,2023,2022-12-07,cd2892b0-c423-4723-86bc-3988015a8015,c8da4ce4-29a3-4f99-b827-9b55afb4e0d5,19,1,13.26527760710051,0.9325312475097749
0cc0ff86-8df9-4602-8877-e093b07e8281,2023,2022-12-08,f612c81a-f044-496c-871c-5c643a5e8f9d,e62f6be3-07fc-4d39-9d92-158e9218c40a,-11,0,3.5398722561687572,0.6895520751670429
232a8f4a-cf4f-4534-ae8c-4ffaee5c07ca,2023,2022-12-08,f16d5827-0b65-4b48-bd2d-584314873b9d,0621d617-e31d-4e1e-a043-a11af2f706de,28,1,10.802999327817513,0.8617168394201686
77bc6892-0eaf-4e2b-852a-f018d591dd13,2023,2022-12-08,f408da5d-dcf7-48d6-b4b4-485c6241d6d4,4a6135ce-718a-497f-924d-23f4797243ee,-5,0,-1.2978855938069225,0.4042801261352656
9c115ee2-ed39-444d-bb51-64881cf71892,2023,2022-12-08,fa0efad2-ee60-463a-a297-fb45c393e624,f6ffbdfc-4780-4966-b75f-aa6ff30a7928,19,1,-1.318956977613136,0.506508060740225
9d560df4-b49f-4825-9bb0-7cfc20abb7e2,2023,2022-12-08,8e864d36-5a07-4d24-bea5-f7b85c3187bd,0e5ca5e6-5ea7-44a7-8587-b4c7834a4c52,41,1,16.30926151826758,0.9456605551873478
b2e95cf5-1d04-45fc-914c-4266b4309df8,2023,2022-12-08,8782ac7a-e553-475c-b110-c58c7e61ddd4,d65c47b7-fea1-4f82-a29b-c2d4f4e48b4a,17,1,10.835447980244371,0.8455492958674595
c9e29499-f118-47a5-a7f2-e08274f6a5af,2023,2022-12-08,9874a1c9-7e78-46e4-8d3e-6fce94e7046c,71aa15ab-9b94-4d3a-88de-3f0ae5d9a44c,1,1,3.296524524773252,0.7158537271136189
cdd2d471-00e7-4250-823d-a13b3722f826,2023,2022-12-08,60cca73c-a30b-4fec-8cc0-a18b3dde7312,d19262e6-6584-4276-9fb9-d5690c3ca053,-15,0,-13.684811890415649,0.059310492638428004
0362118c-56a3-4119-8a7a-5e269643aab5,2023,2022-12-09,0b94d899-a6a7-4449-b626-07126971cd67,b2a4914d-552d-49ca-818c-4219f9a5baa7,25,1,11.76032434512849,0.8871047215462935
1a521bf2-72c1-4382-826f-e253c15edb53,2023,2022-12-09,8d694562-759b-462a-9766-ac29e999df71,0939b5e1-8421-4924-a8b9-9846ca06f2fb,-3,0,12.120343854361893,0.8868335182365571
2af1dc12-e5b9-4ed9-b980-0b331c88b1e6,2023,2022-12-09,92e2201e-4d6b-48b2-b40f-1980a5b48c0e,88471167-5c0d-4477-bf1c-b50a9fa96a10,9,1,-0.1193371672718678,0.42410005310857785
3c5f24d2-0867-4eb9-8323-4f8fb4c1a14e,2023,2022-12-09,324a87d8-6e5f-4df1-adea-5c7c07bc3880,814a38f7-2f64-498d-b6d6-a9ae4df96850,19,1,10.127479744250822,0.8527069849722432
40455c6d-a1f3-47c2-8e13-99a0e34e1d6c,2023,2022-12-09,e5fb9be0-e310-42a1-9744-47b3878c37eb,61c096bd-3b5f-48c1-9f04-b18693a77cc0,-8,0,-3.6287138318241494,0.33650306583301287
66f65c0c-ae02-4ab0-b81e-bb0054d5a7b7,2023,2022-12-09,c79c0f1c-2685-4621-a2d2-476af53195cb,3c06c3f7-a7c4-4179-a9a7-d9b86afaf42c,-3,0,-1.325895741752553,0.42810937941665017
aea5d06b-818c-40c5-8745-52a7acfe076b,2023,2022-12-09,f6d79bbf-f8fa-4aad-8a37-6172d43ea482,958592fd-5c16-45ff-90b4-3242687743e9,-2,0,11.47450187879886,0.9234014527774008
b81fba1d-b3ec-4a50-b1e4-ef4f50707c6c,2023,2022-12-09,6c796971-9e91-4507-a6ad-9699cb1ed2b4,ef3cd1ae-ef09-458c-a751-658436d5dfbd,4,1,-2.9154018591427433,0.33708488595217345
b9904942-d254-48bb-a34a-c6593f5357e0,2023,2022-12-09,41088861-2288-4681-9b1c-b52f63527faf,92c5eea2-cf1c-4902-bae5-39cf63a77442,17,1,17.22758193820823,0.9432122754090966
03453c39-7d31-48d3-b9f5-4a4a92898a9b,2023,2022-12-10,eefb221a-cb2c-47a8-a13d-1f008fc6a8a0,16e5ce2f-bdd7-49bd-a906-9aeaef0ffa08,-4,0,4.079090985187653,0.7400976724087661
0448cefb-70c1-4d73-a2cf-12471f6c594d,2023,2022-12-10,8782ac7a-e553-475c-b110-c58c7e61ddd4,474263db-dab8-4b0d-842a-548132e82b33,28,1,16.774878078358817,0.9547554689379238
04a21de3-2b3a-4b3a-b758-61f3d67bf125,2023,2022-12-10,d6fb85c8-3e1a-4375-a5a6-b293e672533e,d739e8c5-4395-4b08-b8ca-445d1a57a451,-7,0,-2.027155711943463,0.4313511650194968
06bf3b68-585e-4834-b0d2-eb610ecc1d36,2023,2022-12-10,e4d1f824-05c1-46d2-a96e-fd3dba7ac334,22641200-31a8-4bc1-9df0-8a3393139dde,-15,0,-1.9277901102865367,0.39307595028231856
07889cee-00d2-4739-a76e-c543e0d2c79b,2023,2022-12-10,a5600159-b71d-473b-92bc-8f7ab08f897b,c238c9de-59e6-4d8d-b9d0-745eb8ec96ab,3,1,-5.39218672413986,0.3111470645420864
0b614e12-bdec-416e-bb14-979970e44849,2023,2022-12-10,b4194217-55eb-45bb-b105-160e06f0b625,43c4f9a5-d6d5-4dd2-bfac-0bd3adaf79f7,-24,0,-6.2921925288102845,0.33209979923274774
10d90c3c-57cc-4224-9fce-f40d3eafe217,2023,2022-12-10,bdf949ac-7376-4c1c-b4d1-a2b6d1142a71,0d002e4e-eb5e-4b77-9116-89839d4f537f,10,1,-0.28254671337876974,0.4888377317542422
119efe69-3b97-4d1a-ae04-67f2188e2ccc,2023,2022-12-10,5bd87308-1027-4aba-a8ef-970bf8e9ac0e,6aa9d05e-84b3-4e72-815b-fe3dd02b1e03,-3,0,-2.9686121036828137,0.3625906090643793
124524b5-adef-4e79-bd08-d8f1106e99a7,2023,2022-12-10,dd027a18-2cb5-45a3-a0ce-f3f9eb7bde2e,9a193882-d061-4d9a-b1d1-da7a483f7cf6,12,1,3.531686039808716,0.7058406745523419
16bc4c39-e266-4ff1-967a-fa53e219a65d,2023,2022-12-10,3bc40b20-71e2-4fa2-9c99-8e0b6cc3460b,71bfb11f-a38d-45a5-914a-5006c7417da4,2,1,6.880768296269298,0.7815275443413414
1bca1cd3-8b64-4713-863f-db6733d7fde9,2023,2022-12-10,11c41163-ceed-438b-bc9e-333b60a36e6b,ad6b613a-f36b-446f-81a7-6095bcf8a45a,-28,0,-0.6889487331020387,0.42218608811487396
1e4e7271-c385-4360-9631-5d5d27f6ef22,2023,2022-12-10,4a6135ce-718a-497f-924d-23f4797243ee,54b6e673-584f-4030-af7d-052c75277798,9,1,18.13153426576962,0.9684633068675811
233d96f5-5f9d-43ed-aa35-35393abbc348,2023,2022-12-10,c84adc87-6cd7-4df0-9245-59fa829300e4,2f8127bf-68b4-4cd4-bb81-d18b7f461cba,-10,0,4.2340811740521485,0.6527238753568456
2ce0eca3-2be7-493e-a511-00c951ad37a4,2023,2022-12-10,a0454954-f558-44d1-812e-59b90041128d,ba34e76d-5905-4b7b-9c5c-9e014d969c91,22,1,8.764380997137005,0.7853751236258661
30ea8a6a-33f3-48da-bf56-6bbf21b72f46,2023,2022-12-10,208232bc-9495-4351-b34b-874117e7ab9b,e39dbea2-e913-4bf0-9407-8ef31b60b82d,-25,0,-4.9751289641921765,0.28959044334480816
34c31559-65b0-4828-81b4-10d50a94ae32,2023,2022-12-10,cb08f172-db74-448e-aaf2-80d96b32bed4,be0c2be1-019f-4c49-9ef1-92f53c9c23b0,7,1,6.871508319263637,0.7460766514807048
363a55d5-18b6-4d45-860d-900238f0e5cb,2023,2022-12-10,cdac95d6-25af-43a9-a6c0-1004aaa6a183,9f8c4a3a-10fc-427b-a3b9-f54bcc243010,16,1,15.909980167610714,0.9607430394189759
37206107-71b0-453f-97ab-2d2357e33f28,2023,2022-12-10,aab3630e-9c8d-453f-b0c8-afdfe71a5d3c,81937a80-a7e9-4025-9c21-2ed38625cdae,-1,0,2.19395202062455,0.62579870414818
3af387ea-4500-480b-801c-38d5b23dbdd6,2023,2022-12-10,b847237b-f1fa-48c8-a618-17553efdc228,e383f809-990a-4dd9-85b1-4288d45884e7,-5,0,-8.191772053264229,0.1553684569473796
3cb41dee-854f-4203-a2f4-13834b29e1e0,2023,2022-12-10,1e86acec-a854-405d-a4cc-d096ee03f22c,cd2892b0-c423-4723-86bc-3988015a8015,-3,0,-8.431624131848213,0.19281460845015091
41fd228e-0843-44d2-8ef6-b8d6904630b4,2023,2022-12-10,fccaf1a2-1439-499c-87a3-1615684518bd,d13063ca-830f-4027-a1e1-7961d39c81fc,23,1,11.571472065783652,0.8527927177535881
426dd63b-0311-4c27-8159-a0732d834f67,2023,2022-12-10,7b423c28-572a-4a7a-982f-3d59e0fb25fe,65974f84-3069-4f25-8f4b-7ccb79790430,-7,0,2.613818990297623,0.5430298760879753
4745deb1-d64a-406a-bf28-e284b1a9b7f9,2023,2022-12-10,b349d38b-bc08-42d6-bf21-e6c826c45b62,805b30dd-e009-4031-8968-ef4d8bbf928b,18,1,15.401256150842977,0.9305652198118207
4b1eb1c4-18ec-4bd1-8b6d-09a022b2c8ec,2023,2022-12-10,4a1337bf-77da-4acc-8a27-5f6ee2d1db60,8b6e9436-9398-4b24-b6a4-24bba0c8eac3,6,1,10.10437594255712,0.8422611619389
4b1f5728-78e6-4b57-b25a-885b64fb5e48,2023,2022-12-10,f69cd607-9c59-41dd-9dad-e5a5e9ec4370,c6e998ac-727a-42d2-a2d4-0e7c854dd383,4,1,-4.804332819419078,0.33855758001200364
4db73091-047d-4650-b4a4-d412e649eb0d,2023,2022-12-10,f4f493b9-00c9-48e9-a9c8-934ed203169e,93759732-e117-45b2-a99f-f09b689de84c,13,1,9.295658077425728,0.8578675113883762
4f49eb64-0bfe-46e0-991e-098af1950e72,2023,2022-12-10,4b5bb58e-38b5-4132-b2e0-876169cd4017,b0eb9a16-e704-4784-bc96-af277fccf122,10,1,5.141889033241774,0.6775189218997523
4ff44cda-cdc1-4246-a6e4-4349396eaadd,2023,2022-12-10,a2362a90-be36-417a-ba1f-0cd8ca99ef80,ca0af9b0-0073-4e1c-baf8-a15069168abc,-14,0,-4.653621416143946,0.27438685674093566
55490caa-2ad8-44b4-a822-e2066537009d,2023,2022-12-10,325c1fce-e70b-481c-bc59-315b7defd4ad,88dfcbfb-3d60-4978-b275-46ae9f682ad8,36,1,19.84223294401065,0.986391797839044
56ed8f3d-6bf1-48a7-810b-1fed61705743,2023,2022-12-10,bc48226a-5e03-49d2-aa5a-550081373e7c,297b5678-ce67-4c02-bfc4-2ccec5343d09,10,1,7.182051597024879,0.7663121053366702
583c7920-7c7a-4bb4-a2b4-cc9e27fd630d,2023,2022-12-10,c9739eef-f828-47a4-bcc0-548844cff9d5,c88614c4-bad0-48db-990c-90a3243c3734,19,1,7.758850758697057,0.7658243418482372
590dff5f-ff88-4da4-b8e4-f78e8012a4d9,2023,2022-12-10,9226a51e-74e7-48ed-9e95-6890a182148d,d3246ba0-2060-4e3f-addf-f8704b79380e,-7,0,0.07007610577494687,0.49682547377975617
595468cd-0ece-4b3d-b855-f47fa505f69e,2023,2022-12-10,a155af26-bc09-4c69-9940-efff8f3d15e3,bc1a0cad-570c-477b-93fb-2050c0e2f9aa,40,1,13.43520242853178,0.8843068316278594
5ae5e4a5-06e4-4b0d-9e47-44009ed6532b,2023,2022-12-10,b034bc0b-a11f-4e43-b372-127640b1d5b0,f51695f1-a8ee-4f8c-b518-879ffe6b0dca,11,1,0.8821720042802712,0.5889222571831025
5be1f906-fa4c-424e-acfb-b0f220c731e7,2023,2022-12-10,21051f5e-6142-4894-a3a9-09bada612b47,f14e71df-6c53-4abe-b789-c0d73a44b276,-2,0,-6.616439029012385,0.30171171335256214
5d9b2d5e-f450-4d71-8ac3-1559f7737f83,2023,2022-12-10,c324cc75-a904-484d-b520-1f21664c89d7,bdb8394a-cc25-448f-a1b9-ef5fe40bb204,18,1,9.844772308736434,0.897637418120149
637c4c78-2c45-4a61-a859-06b56cdc3185,2023,2022-12-10,11c420a2-9004-49a5-8268-6683a741a32e,d65c47b7-fea1-4f82-a29b-c2d4f4e48b4a,-6,0,0.44762909692350866,0.4795387348135953
66a63974-98ff-4fcf-86c2-a953fe8c289f,2023,2022-12-10,c8e7388d-5a50-447b-ade8-addcc758d8dd,8e941979-021a-4b68-ab5b-5ee34fe0e06a,-6,0,0.8449139696749192,0.6004911500035491
6797af11-da7f-4468-a853-fbf88140a04f,2023,2022-12-10,05dbf7f3-9fc5-4818-bf47-490e1f7c7186,afebdb69-0f48-47d1-ac8e-740bb58c993e,-7,0,-1.6382846484383338,0.40964873724350903
69a882b8-15b9-4879-8947-e0575814e28f,2023,2022-12-10,611e61cb-eec0-4487-b0c1-1ea8cdba0762,1900d158-6fb0-407f-a2df-6e37a1db2dc3,37,1,15.57064436542499,0.9404392116223829
6be5a3f3-6a70-4572-9ee2-d6abaf0fd2f1,2023,2022-12-10,40d1c23d-da10-4e19-8a9f-d69e48e05c30,07960f6e-9ad4-45bb-82bd-06f477a011e3,4,1,-2.210241715058472,0.4069149399610779
76dd9274-8722-449a-81df-7d13cc78e3a0,2023,2022-12-10,23328a3b-6bde-4b61-960d-5c45fab4d16a,894f397c-9c66-43c1-9223-fd405e35b0f8,-18,0,13.633503625608364,0.9398922763212112
77920e5b-3f97-4ff0-b8ac-3d16a4a62161,2023,2022-12-10,f022d404-14a6-4105-afd2-445afe77bad5,55f602a6-b8f4-4fc5-b30a-9a23ad91a2d8,30,1,-7.132444400651256,0.19567747684439196
77ac5ae1-a00b-4c8f-bd5f-d1c710f12230,2023,2022-12-10,957c8e2e-1939-4c65-af04-df116ac4086d,29613880-f1b8-40b8-a09f-a825765c5e40,27,1,6.944400025702887,0.7329971879251167
78f5e01f-a519-40e3-91bb-2715969a4f1d,2023,2022-12-10,45f03492-2831-493f-8176-63dfae6670de,445a7698-bd20-45f7-9c62-e0ca0057e959,19,1,17.11361811242049,0.9638041838251674
7c32fa97-71f1-4fcf-a5c0-61286bfa2ffb,2023,2022-12-10,21bdd018-a21f-44da-982a-98efb6d24ca1,db22a3b8-fd13-44f3-8968-9aeb04d833e7,13,1,8.013063029657484,0.8303794704252948
7c8127e4-f832-405e-994d-36f4d9105242,2023,2022-12-10,173a69ab-4f3c-453a-a1cc-8b83c0ee2b49,e198833b-92f3-4fa3-a2cd-82f04ec7e0c3,7,1,5.645808651433265,0.7735515313338637
82320801-d6e9-4336-ab80-4c634fc92edb,2023,2022-12-10,66f42ce4-3183-445f-b7db-b673bfb1fe7b,9ba3b86f-e9ff-4c69-a5a2-865d61dd56ff,18,1,20.150490945470672,0.9873598681758481
8e168f97-d5b2-4554-9d9f-901e2a7c478e,2023,2022-12-10,f9620376-5493-4730-bf10-8b6480bd3e43,c3807661-da5f-4ce7-af5a-e086fc56158a,4,1,1.3069567483390518,0.5777151927752572
8ed28195-5398-469b-a177-b222057bfa9c,2023,2022-12-10,7dfad569-05d6-43d5-8f47-defff4a50649,38a65109-33be-44a5-928b-459db9d9dbc7,1,1,0.42592311612303735,0.519108027419041
8ef043ca-089b-4ff7-be80-051a67ea9c85,2023,2022-12-10,b1cd7b83-cc64-42a8-b41b-45343632eee6,9cf58c59-1075-457a-b79e-942b453b75d1,21,1,7.5152131334751555,0.6889941331176676
8fa66286-b131-4ab7-87c8-791ff3ba28b5,2023,2022-12-10,9a68215b-c4da-4c48-8fdd-6f9862b46f80,a1fb658f-49be-4887-a725-48a42276ac48,23,1,32.44354502791203,0.991124257819838
93f8f301-ca7e-4e29-95ac-fecaf030d02e,2023,2022-12-10,8b7efe80-a558-4a31-90d4-b59ad2ffdcac,07ca1d8d-4805-44f2-90ed-b18eedfd097b,53,1,38.32054791799171,0.9927790853087559
94f2a435-60b5-425b-a389-3ee8176a9a54,2023,2022-12-10,63373289-6a60-4345-8e60-c44894f4f8cf,3b586230-34c7-417b-bdcb-3245c5a8de8a,-3,0,-1.1313081570940984,0.3797982274837156
9a473020-7296-49aa-8387-ccd7bfeccf1e,2023,2022-12-10,247817ad-6065-4e8a-80e7-26c838de4153,170f63c1-c0da-4464-9352-7a33c5e2b3eb,21,1,4.6184627628700445,0.6832611898928944
9cd2bb78-39fe-4be7-82a4-2504dfbbbe5a,2023,2022-12-10,d1838999-77de-4a4f-9d66-e6071f5a079f,e0accbcd-bd68-4bc0-a2a3-3c32753815b5,37,1,27.847451335362155,0.9913352358098039
9f5ce5ee-0108-44ca-b0df-35607a5e5dd4,2023,2022-12-10,a4574b8e-6d1d-4ed4-a947-b175f74c6387,4db0dce7-2ca3-42fd-b71e-f5e13debacfe,-9,0,-4.413521833507104,0.35726197653511715
a83afe95-cbe5-4980-8966-f814a0ea58e8,2023,2022-12-10,1b6320e0-71b4-46c2-9fb4-0c801f4c8770,b462e428-f59b-4465-b793-4cef6f10cf66,23,1,1.5838355019602492,0.5168156587154313
aa38611f-6cd7-42f8-990e-ac74e5d8ec46,2023,2022-12-10,2cb246a7-863a-4dc7-ab3d-eabccbf12019,e62f6be3-07fc-4d39-9d92-158e9218c40a,-9,0,-5.212490950959823,0.4113410923828346
acc5bc75-7782-44e8-9061-45bd957fbaae,2023,2022-12-10,bfd30209-fc33-44e7-a4be-7d2be91b2842,bfe08930-1826-481a-bc46-217ae918d0c6,27,1,28.574612263128046,0.992063853192716
ad1d5d8f-ac97-4e39-bb65-885965d1a694,2023,2022-12-10,105b326b-5a9b-4c89-a5ec-7e020f9e72e9,11018b71-58b8-48c1-aafe-d3f42d4dc4b9,3,1,-13.27289569846587,0.0761463604763113
b358b681-d6ab-492e-bc70-ee4a51356e62,2023,2022-12-10,8681e6eb-5cf9-45d5-b215-af3a54ebc784,a61813fd-4a0a-4112-9fe9-2d33fa01a9aa,18,1,9.612362721251971,0.7793200697164558
b497e92c-9bf3-403e-9986-e0dbb14ce415,2023,2022-12-10,9c773261-49b7-48c8-816e-3e3260997d71,e145a47f-597f-46fe-b58d-64dae192efc0,1,1,15.473305623685434,0.9556159626633419
b7600ccf-02d1-4648-bc6c-aa0c9051f2aa,2023,2022-12-10,252b92fd-b788-4b9d-9cf4-94b7e591640f,12a96cea-6b94-4165-bfbc-3fbee5bd51ab,-9,0,-2.839511115350009,0.413587047740338
b994b2f6-d2bd-4055-8e64-f502a255f3a3,2023,2022-12-10,01325ccf-0551-472d-a463-55f692a5e50c,cbb7e0c8-4326-453b-9357-a01df1076809,11,1,4.401200645890968,0.7237634486291826
b99cf443-df4b-4986-b17f-6f264794fb1d,2023,2022-12-10,5a36a71a-5c48-4f55-a80e-17e194f320ac,f4fab986-a169-4f78-8a7b-6be149e86c10,1,1,3.20620950187674,0.6903806671655894
bb6bd979-8f2e-418d-b80c-bfcdf5a84149,2023,2022-12-10,29115cd5-8aba-4a2e-89c9-20f7d87b7051,3016ba37-71e2-4de3-bc39-86d07a8a3e44,6,1,-7.965931902865549,0.16552117246729703
c04e7cc5-4984-4e39-a89c-740265c992c8,2023,2022-12-10,c21e5ab2-08dc-48f9-b923-9526ce89d623,d5e139fa-05e7-4c6e-b083-5261fa76ee6f,-8,0,-6.507943900841912,0.290541356736329
c2eeead0-2c4b-4a0a-baa7-2662953c449a,2023,2022-12-10,22b7e3ea-2a6b-4f0f-8f10-40ab409da1e7,cdc199b7-a710-4c11-a6e7-2384b399c06b,14,1,3.3521914481363018,0.5980107800251748
c467d90f-dfee-4abf-9a47-3b03aafb082c,2023,2022-12-10,eccdef36-c666-44f9-bd7f-17e4e33e2def,393745fb-1951-4506-ba94-c10dcd66ee50,6,1,2.2995843290818496,0.5171017714870162
c729c70a-9c56-4c2c-8948-e07a958a6f6a,2023,2022-12-10,d92b9143-ae83-4c94-b9c3-d1cbae1b7565,7bf0273c-57aa-4412-be01-e0e08fb7cd81,15,1,16.139721906130692,0.948739718541565
c9d40c73-dff2-4516-a839-8cd62ab28993,2023,2022-12-10,fc62dc2f-7404-4a85-b1d6-49d5135283a3,bb0be232-db5b-490f-a3df-709f20bdfb71,-7,0,-0.7881104873410351,0.515231406233492
ccc15697-6b5d-4fc4-a35a-abafa52a078a,2023,2022-12-10,29503a81-0fe4-4a0c-8022-d23ac7e092b6,c1ddb62d-8103-4ef4-a556-df9238531bdf,5,1,3.685732813169604,0.6652701322369152
cd25aa2e-cf5f-4e6b-ba84-ff1b02c1523c,2023,2022-12-10,a81b1489-4c0f-4a3d-bfe8-a9efcdb13d79,9d09ebd0-f5e4-4022-b315-aa3719219b6a,2,1,-6.533391386123772,0.29523531910797535
cee376c2-2bec-444e-8d30-25f47036bc6d,2023,2022-12-10,ec3ac254-d13e-4b51-95ee-389447c70400,24b5ca48-c4a7-4e8d-8fff-c02904c11b7d,45,1,27.223894247904983,0.992533712652785
cffd84a6-85c8-4f1d-a7c5-9974825579c5,2023,2022-12-10,96babb60-08c6-42a2-becc-a075a465dcc3,bb243294-1aa5-46dd-af42-c3676717c61a,17,1,8.511552990040219,0.8143223763947866
d59b32f1-ed0b-4cd9-801e-826468eb68aa,2023,2022-12-10,892bcbe8-a66c-4c57-88ed-c82e0c13706e,e1e53055-037a-4acb-82e9-552f8abd6635,-2,0,3.7009535243546403,0.6043698831091119
d617b4f2-d822-4048-b884-d44a9e49782b,2023,2022-12-10,d4ca3878-1113-45b1-abbe-5a9a3c7c5430,d7828b57-33e4-4922-bfdd-4780151816ed,2,1,2.6180953445825996,0.6313468308414264
d933eb2e-4c8b-49b0-82e0-1874ec7245a5,2023,2022-12-10,c20e9648-8980-4cb8-b139-4343f24b2e91,1f74189d-a265-4a43-9a13-b26dc844746e,25,1,23.43766631476019,0.9877167923512589
dfc535b6-ad3f-486e-b99c-4bbc35893a52,2023,2022-12-10,718dfd9d-59ef-415b-875a-8c861f6adb33,b1119bba-a47a-41ed-adea-9967a72cf21d,-4,0,-0.8101915217130258,0.44571751629587825
e550caa6-1ac5-4517-a010-25d030dd31f0,2023,2022-12-10,39d71fee-a4e0-4399-8698-547fdb4fb256,eed17656-6fec-4cf5-aacf-f932c5b66084,33,1,20.385995256617214,0.9864777063144711
e59de198-6a5e-4e99-b390-af389905ab3d,2023,2022-12-10,2dba4db9-bc1f-41f7-b1e5-8d94e117c1e9,526a8e73-78d6-4268-9f89-6f7d90e5dcd3,22,1,5.832860096302949,0.74473970012048
e85532e6-0e4d-4450-8045-b841a3e5f69d,2023,2022-12-10,80cec103-b3b1-4978-9b4a-f1ad161630fd,75608756-6246-483c-8138-59d3749a8d3d,1,1,3.1418021914680927,0.6656058128510973
e9217265-925d-43d9-8ef6-95e994277d19,2023,2022-12-10,1c48e10a-5d97-4c46-8f8b-4217683da26a,588cf783-9153-4586-adb0-8eb7fb71d013,28,1,9.708263087584642,0.8245594296746805
e96ecffc-1d94-4a3f-b59f-7ea6d778b432,2023,2022-12-10,b13d1921-03e3-4f47-b962-4e9951de7510,389dc2a8-706f-48c0-8579-33b1857c38b4,-2,0,-5.708360041417938,0.22283010699369155
ecad1691-ba34-4aa1-ae82-2ac5134bbae2,2023,2022-12-10,99bac3ff-1929-4a83-a593-5c1e123a25e6,fda4e988-3514-4913-8f5c-1c8db7f59165,5,1,12.260468800005368,0.8920901923716148
ed5c4c8a-1105-41e2-b50f-536994308447,2023,2022-12-10,edd0d0e3-31f0-49f2-a22c-b47c8e8ba9a6,560ec925-5357-4f1d-8bef-52cd69464fdc,23,1,11.536643883027294,0.9014667987029817
edbfcca8-e60b-40e4-ab2a-524e847246b0,2023,2022-12-10,143599fb-b821-43e4-b0ee-2f6e521ddb11,9b92c0ff-02a8-49a0-bb79-32eb70b7681d,6,1,1.3137725902361534,0.6771067064640398
ee66ae28-dc41-40cc-b95f-d5fdbf5be85a,2023,2022-12-10,030a591c-8164-4635-bb33-29a4c98e0b5b,06ef3673-5d7a-4701-aed9-726aa07838e4,20,1,2.3875837951835637,0.6182195863340079
efc200de-b6ed-40c7-b041-8d8bfa39b307,2023,2022-12-10,ed26e9f2-0346-429e-8084-a40c091454e8,2ff94ca5-2417-420a-b20f-387ca6793769,-11,0,5.635630326516037,0.7229499538534123
f026d652-84bb-49d9-8fbb-c99ea1b12e0d,2023,2022-12-10,9cee8aea-80de-46c5-81a8-499fc49acb57,effe733a-ab00-44c0-ba8a-c389badc7014,-13,0,-5.977348112930197,0.2607059491050351
f20ee579-f47e-414f-b441-c18357797313,2023,2022-12-10,3d8ed3b6-e3d1-4a7e-b179-fdc92e2640e7,015de200-e75d-4f5c-b26f-60089691f965,-5,0,-2.177159705045294,0.445809703338415
f63ae3af-6bb6-492c-b371-31ad8e41e464,2023,2022-12-10,6359c55c-0527-4830-8bbf-51141c0ff2a4,4a3968bb-0d67-41c6-af5f-7ac59ae5cc3d,19,1,11.583971789523758,0.8404423796039141
f8944ee7-fd9d-4463-a2d4-27990a66b0cb,2023,2022-12-10,63b264d5-0679-4b31-b175-0c1d019bb0f4,63b38daf-556d-4012-93d1-faf2cc5da515,-12,0,-12.853776415251323,0.06635654624303584
00fe9599-fa6d-41ad-bdec-3e4cb91a780e,2023,2022-12-11,75db89bb-f85d-4726-b2c5-e7f61c8115c4,c282b887-5bc1-41e5-8a0d-15287474de7d,24,1,12.979589141432614,0.9000537247189133
01fce493-ed9b-4433-86de-0e8ff78ffeff,2023,2022-12-11,e823a53e-c3a4-40d9-b40a-4d7eac69e962,40fe605d-085b-468f-aec2-614432798d3f,4,1,3.7400286162448277,0.627581133834012
3216b45c-e92e-45ea-b5ed-0e46386e170d,2023,2022-12-11,f7352462-5710-45c3-bd64-969e67428b1f,cb921ef9-be3d-4c14-9e83-9926205e601f,26,1,11.125874829997532,0.7949780642396718
355989b8-4c5d-4c69-a64c-211ca55b85c8,2023,2022-12-11,27a2a3c7-c672-4a2e-8381-bf31d528c0d0,9cc36a7f-4ac0-4523-b7cb-99b33fd2fb4f,-3,0,-3.708704953893893,0.389336169248616
37a780a8-1dae-41f2-856a-f09cc4b971a4,2023,2022-12-11,61442116-53fe-4490-9f2a-17aad40fb68b,ef9503da-6c3d-4207-ba0f-3cf770627dbe,3,1,-10.766528974172237,0.11131320268982595
4d5dd170-65f4-4678-b06d-64e82a86b42b,2023,2022-12-11,34002612-3816-4311-b39c-41d24ddcf17f,a757dae2-f596-4065-9e29-b365b91af590,-2,0,3.9343065029967845,0.6498945000398783
59d31755-f2e9-442e-bd7c-eb47e0a14a2a,2023,2022-12-11,3c06c3f7-a7c4-4179-a9a7-d9b86afaf42c,5fa1ed7d-157b-491b-9384-66ab06dfeefb,2,1,7.239971106155351,0.7485771709372712
671923e0-7696-4181-b892-94f296f2229b,2023,2022-12-11,88205ce6-ad31-4ffb-998c-fb9164c40dea,89023aa7-6034-4d33-96dd-3566c7afc79f,-14,0,0.31265910616143455,0.47871644208364517
6d02c114-a854-4b01-8e25-f02ee5b166c3,2023,2022-12-11,d5e2b5fa-8cb9-45b6-a822-4e64c46bc8fd,e22f605d-41f6-4e5c-915a-987ad0c44569,13,1,15.616641694104507,0.9553633711840968
7e197f8e-63cd-4740-b4c6-5635dd4c9512,2023,2022-12-11,218250de-64b1-4e7a-9b64-e426441584e4,324a87d8-6e5f-4df1-adea-5c7c07bc3880,-7,0,-6.959046880700778,0.23706774312352913
8083a794-051f-4df6-8946-5ebfe1f77ced,2023,2022-12-11,71aa15ab-9b94-4d3a-88de-3f0ae5d9a44c,d6ec4d5f-7d79-4064-be14-71636bf66d75,-2,0,7.462222754591084,0.7809303194113771
832c8cbb-01d5-4c51-825f-9856ed916b6e,2023,2022-12-11,20fdaaba-bd75-4d6e-bf13-299d2f1704ef,fc903652-4ae3-4b36-82b8-fea6345f3b2e,-3,0,1.8836405274875323,0.5753689814766958
8569129b-8d82-43cc-a8f3-7b3db61ed83b,2023,2022-12-11,6d438e12-01be-43b0-9a01-434e3861669c,4d964b45-0956-4e20-9bb3-92d90690ea01,-2,0,-7.040972842847185,0.2811587412486068
97b786cd-c5f3-43b4-b838-4fb3dbfa53fa,2023,2022-12-11,6ddd1347-422a-42ab-8c8e-fd5c9b4e78f1,11b2b228-e668-4561-b527-22cb63540f1a,48,1,25.947388638059323,0.9895369386998601
b4cde220-d901-4e11-920d-3e24414925f5,2023,2022-12-11,7a193c3e-c732-47d4-b893-cc0c575ff431,e10bd2a0-5b84-4d41-a1ef-08b801a04039,5,1,-2.597431243367151,0.2918313569026852
bb594a24-ea00-430e-bfa7-fe0db38f7857,2023,2022-12-11,d1f5a19f-6263-4ac7-9ceb-e1339595db2f,15d2579a-33fd-4772-9d78-e929a093bd79,-15,0,-11.105991418628916,0.1465090034197908
c792dd21-2b39-4033-85b5-4e56c7417ff3,2023,2022-12-11,f7d3e028-cab6-4277-8d9c-799f5bec0712,14e4e2ac-f90d-419d-9b14-9a9e3ba13b59,18,1,17.325839581709033,0.9494361480798741
cda779b6-e631-428e-a5f7-e9f08ae4e314,2023,2022-12-11,bb82a5ec-96c1-460b-a414-50e0d2b6b1a4,067fed65-5ce6-4ac2-b769-11805417f5ce,11,1,2.789032320215189,0.6214223610729119
e2653e33-6d8e-4be9-b107-91e40e708514,2023,2022-12-11,66ad8504-16f3-4990-9abd-ff1e776dfb86,a35d0124-2cd2-46ab-b613-2438a97b6ddd,7,1,9.596356539955975,0.8245322240307392
e51b0c42-ca50-4b3a-bf0f-e4b4c5e0192d,2023,2022-12-11,fa0efad2-ee60-463a-a297-fb45c393e624,0ac20cc2-e801-4648-8850-2fde30c2def5,-3,0,0.8654476338687777,0.5508415316805803
e5ee2850-4502-493f-88e3-e71f6379c7af,2023,2022-12-11,81ba36f8-a53b-4696-8877-2e9bb161598a,d20936f6-b751-41b7-a241-c75beb459360,10,1,24.462773510071937,0.9891938990151752
e9c592b4-6af5-4c2e-a5fb-d79dccf4531b,2023,2022-12-11,304b93c1-4157-43db-bc99-6f2b071e4429,0112fa43-c6c9-4c88-be78-7e0818374d56,15,1,9.75583536837241,0.8443191273906709
eb2eeadc-37c6-4ad6-bd14-34733016dedb,2023,2022-12-11,aecccfce-5e00-489e-87e1-2622303b6120,4763d2f0-5ee2-4763-8617-946f08bac925,9,1,11.997119760745075,0.8784785101929464
f0b619f7-a953-456c-8875-61ae1de00401,2023,2022-12-11,c8da4ce4-29a3-4f99-b827-9b55afb4e0d5,f408da5d-dcf7-48d6-b4b4-485c6241d6d4,-15,0,7.829458444896687,0.7376110850659956
fbff54b1-7fc9-45cd-8565-2eb54d187c7f,2023,2022-12-11,60cca73c-a30b-4fec-8cc0-a18b3dde7312,eaaf67e1-30a6-41ca-a400-906b86d42a58,-18,0,-7.10638961401669,0.1876859744707414
ff8d9af4-342f-4bfe-8204-1cf22e1854ac,2023,2022-12-11,f612c81a-f044-496c-871c-5c643a5e8f9d,5211ce8f-cc9b-4218-b190-975f87318dc3,-13,0,10.774623112528007,0.8296540907570292
1ce00f10-a0bf-4582-8310-6cd2ee2ddae4,2023,2022-12-12,66f42ce4-3183-445f-b7db-b673bfb1fe7b,97cd7805-e5a7-4739-97dd-116010ceb9af,3,1,3.0748274440444066,0.7237387580758462
3140a994-e50b-48b8-98b1-c64b69a37739,2023,2022-12-12,39d71fee-a4e0-4399-8698-547fdb4fb256,39668771-063a-4cfd-ba1d-be18a842d5a1,14,1,-0.9158064836435124,0.38370133495722814
6ac45d6b-aa1e-4d76-9e0a-208815cf4756,2023,2022-12-12,63373289-6a60-4345-8e60-c44894f4f8cf,6748ba88-58dc-4e41-b3b3-d8df2c4a3c4e,26,1,4.573153259841074,0.6607304294863712
7bf2edcb-27d2-47b1-9e83-d914a48e0cd1,2023,2022-12-12,41088861-2288-4681-9b1c-b52f63527faf,a15edd2c-08cb-44fc-81cd-ab493e8364d6,21,1,23.835450436718236,0.9896602121076449
a030c26c-8e7d-4376-a9a2-908d17a6ca0c,2023,2022-12-12,8d694562-759b-462a-9766-ac29e999df71,ef80c085-db7d-4b36-8fd0-13ac9be0099c,-3,0,1.4724623789641587,0.5269025647079025
aad5e84f-3362-4141-9d4d-34099b0ba2a4,2023,2022-12-12,c9739eef-f828-47a4-bcc0-548844cff9d5,e0accbcd-bd68-4bc0-a2a3-3c32753815b5,15,1,20.674167063454558,0.9846841249434092
b46a5ac2-0eea-4909-b190-a7d4be448aa1,2023,2022-12-12,05dbf7f3-9fc5-4818-bf47-490e1f7c7186,873aeddf-ece1-4971-83c5-24ff228e2954,34,1,16.201425835883825,0.9380048585637405
c4af7ee5-75f1-4b8e-9cb9-da590294747b,2023,2022-12-12,ec3ac254-d13e-4b51-95ee-389447c70400,14900e69-e972-4137-8f13-5ef152e0075b,6,1,20.360798583534706,0.9691862082747253
cfe4bba0-b5c8-40dc-bcd0-16520896648d,2023,2022-12-12,6c796971-9e91-4507-a6ad-9699cb1ed2b4,7970fe41-5393-4223-935a-46250b8a26dd,-7,0,-10.962266902029043,0.0992573244039522
d035c9ae-09e1-480d-915e-17062e1df1c7,2023,2022-12-12,db22a3b8-fd13-44f3-8968-9aeb04d833e7,c79c0f1c-2685-4621-a2d2-476af53195cb,-12,0,7.764682716877754,0.8237104352326214
d80fd847-d988-4769-a0e2-d915d3d10271,2023,2022-12-12,814a38f7-2f64-498d-b6d6-a9ae4df96850,1f74189d-a265-4a43-9a13-b26dc844746e,7,1,3.573072164413604,0.6127990886392153
e8917b02-0b97-493d-935a-00c82be8a45a,2023,2022-12-12,c238c9de-59e6-4d8d-b9d0-745eb8ec96ab,fe1d1802-ae97-4c4b-8c1a-aef0cb3c5646,-2,0,4.050784073332483,0.664721749169425
f979b6ad-b4a8-4c34-9c59-a9c0489c9c9b,2023,2022-12-12,ec764a7a-bdf2-49ba-9830-7408ea7f453b,297b5678-ce67-4c02-bfc4-2ccec5343d09,-13,0,-9.438896470282375,0.16426373757725252
10f1e8c2-ab9d-4c4b-b248-e685e13084b6,2023,2022-12-13,8e941979-021a-4b68-ab5b-5ee34fe0e06a,4db0dce7-2ca3-42fd-b71e-f5e13debacfe,3,1,9.532436417335338,0.819063926927008
1d89efb3-c134-4582-a986-b55701d775ef,2023,2022-12-13,304b93c1-4157-43db-bc99-6f2b071e4429,d1838999-77de-4a4f-9d66-e6071f5a079f,6,1,-0.17374680463560466,0.498310448926858
2dcf88d2-7e7f-4580-adcf-51bb8fb6011a,2023,2022-12-13,48ff6f70-fd07-4a02-ac71-b973f0ea0451,d20936f6-b751-41b7-a241-c75beb459360,9,1,4.587115114188516,0.680134762811278
59eaf305-b2e7-4569-8237-2ceeed01ca52,2023,2022-12-13,f022d404-14a6-4105-afd2-445afe77bad5,3c06c3f7-a7c4-4179-a9a7-d9b86afaf42c,29,1,9.487950247672737,0.8190534913945522
5ce38132-94b8-4246-a60e-0e3e93e9e341,2023,2022-12-13,57f7bf85-91b0-433d-b843-94485a520954,e62f6be3-07fc-4d39-9d92-158e9218c40a,8,1,3.3640680326060264,0.6490117871351527
6718eb21-4f65-477d-aa57-d90b5c9a0689,2023,2022-12-13,8e864d36-5a07-4d24-bea5-f7b85c3187bd,9ba3b86f-e9ff-4c69-a5a2-865d61dd56ff,21,1,19.535882604845614,0.9857083215669282
6b0073f1-5960-4dee-8f1e-f32919a51cc5,2023,2022-12-13,fda4e988-3514-4913-8f5c-1c8db7f59165,d13063ca-830f-4027-a1e1-7961d39c81fc,-10,0,-15.069796605658594,0.05245332970509522
6cc1c3a7-0eb7-4649-ad11-4e5fa7061d20,2023,2022-12-13,88dfcbfb-3d60-4978-b275-46ae9f682ad8,325c1fce-e70b-481c-bc59-315b7defd4ad,-26,0,-12.327570560841295,0.07265128174095142
70ca6641-fd10-43b7-bb7d-b4e5105467e4,2023,2022-12-13,888089ca-9632-4e33-856f-b210b1d946cb,320ba34b-ed3e-49e5-8563-08246b20d1d1,20,1,24.548542997710545,0.9885627512066201
76e692bf-848b-408d-a3f8-00e5a368f99d,2023,2022-12-13,e198833b-92f3-4fa3-a2cd-82f04ec7e0c3,d92b9143-ae83-4c94-b9c3-d1cbae1b7565,19,1,9.712850884140687,0.836853871449745
7ae1ac40-049f-4def-9cbc-0c6c873f2945,2023,2022-12-13,2dba4db9-bc1f-41f7-b1e5-8d94e117c1e9,99bac3ff-1929-4a83-a593-5c1e123a25e6,17,1,4.66361104323536,0.7187695719574981
7b000853-48f2-484c-ae75-2a8a846a1ff5,2023,2022-12-13,e1e53055-037a-4acb-82e9-552f8abd6635,88471167-5c0d-4477-bf1c-b50a9fa96a10,8,1,7.046258995282407,0.7952621556165944
7fc1a455-523a-400d-b176-094e22466d68,2023,2022-12-13,bdf949ac-7376-4c1c-b4d1-a2b6d1142a71,4a6135ce-718a-497f-924d-23f4797243ee,2,1,-4.5604603276730025,0.2797291171997163
8973a70d-36e3-4cde-861f-d188ce8387c3,2023,2022-12-13,8681e6eb-5cf9-45d5-b215-af3a54ebc784,9c36dca1-e045-4592-9000-60f62b244bf1,23,1,21.624360032069728,0.9906800103192067
9e11acd5-0b10-48ce-9ca4-24d1076cbf91,2023,2022-12-13,a81b1489-4c0f-4a3d-bfe8-a9efcdb13d79,cf67c587-9808-4deb-9419-41a1a58f81f0,10,1,2.8666056817560395,0.732640964741304
9e9b84ca-1418-4d56-baa5-d1c63de35a55,2023,2022-12-13,127a96c4-6d95-4519-ae56-77c271aeea23,410b3365-a1a1-4bca-b3fa-52270a02f75c,33,1,28.43494326781103,0.990047263513364
9f27c53c-cf54-4927-a1ab-2ec714328167,2023,2022-12-13,92c5eea2-cf1c-4902-bae5-39cf63a77442,1b6320e0-71b4-46c2-9fb4-0c801f4c8770,6,1,13.666745146002771,0.9274345696520854
a02fc460-cf46-47ce-84a2-03b1a31b913b,2023,2022-12-13,4fbf8f67-3961-4bf4-90b3-56c201b1283f,105b326b-5a9b-4c89-a5ec-7e020f9e72e9,8,1,11.606095307913408,0.8972198336903745
a5e94716-8554-446e-9a3c-84a7fb307a0e,2023,2022-12-13,c8e7388d-5a50-447b-ade8-addcc758d8dd,1a2c070a-303f-434e-a50d-c98ad9d9f88d,28,1,38.60384213158982,0.9900172503743666
bf0d25c7-8cea-4389-aa40-f6ea3f76b145,2023,2022-12-13,d65c47b7-fea1-4f82-a29b-c2d4f4e48b4a,29115cd5-8aba-4a2e-89c9-20f7d87b7051,21,1,20.230555269150717,0.9698599297505605
c00c6a0a-d556-4026-8c8a-5be91680ae53,2023,2022-12-13,54b6e673-584f-4030-af7d-052c75277798,a61813fd-4a0a-4112-9fe9-2d33fa01a9aa,-6,0,-8.274059187048318,0.2018042953849094
c2a22817-c9f1-4579-bff4-ea40dc81b550,2023,2022-12-13,75ed6a75-4599-4fee-816b-ed729babf81b,9f8c4a3a-10fc-427b-a3b9-f54bcc243010,-1,0,-6.010551170343913,0.27911298145160796
d17310e8-a171-4840-82b2-383bed6372f4,2023,2022-12-13,762cc817-6e37-4650-89d1-6bff265dd1b3,38a65109-33be-44a5-928b-459db9d9dbc7,7,1,10.398019858341861,0.8692254441562155
d33dcd92-2bac-41c2-94f3-22427636b392,2023,2022-12-13,22b7e3ea-2a6b-4f0f-8f10-40ab409da1e7,5efbece3-af1d-4f3e-8930-388ee4604cac,38,1,23.611165044183686,0.9862945374727045
f1b98d4a-92b8-4d96-97c2-803c6ee7f3de,2023,2022-12-13,f62a4b7d-6f85-4607-a748-854c9b8c0c5d,f3eafab2-d52f-4409-b7ab-63598919e46d,12,1,5.8787032100757175,0.7616678286645401
f1d876bd-f94e-442e-a589-9f0a04181daf,2023,2022-12-13,ed26e9f2-0346-429e-8084-a40c091454e8,b462e428-f59b-4465-b793-4cef6f10cf66,3,1,15.380240446865498,0.9385858544771469
01e30db7-9813-4dcc-bd1c-06ab5ed7cb88,2023,2022-12-14,a0454954-f558-44d1-812e-59b90041128d,e823a53e-c3a4-40d9-b40a-4d7eac69e962,-3,0,6.839531641421596,0.7620439899554009
03364424-c7ec-4bb2-ac5d-73834f721d0b,2023,2022-12-14,9d09ebd0-f5e4-4022-b315-aa3719219b6a,77dbd2b6-8c48-42cf-9cfc-6fffa07402bc,1,1,9.30113096832414,0.8421049523523206
034f8e01-4e6b-4e15-b1c4-2293cc30824f,2023,2022-12-14,bea9ec66-e41d-4afe-aa79-8a5b0f020811,7631bceb-b254-43fd-b331-b90b901b5959,3,1,2.2870354742823817,0.6080857621582081
0d5379de-bd81-4ecb-a39a-98b3a6e34b5d,2023,2022-12-14,ef3cd1ae-ef09-458c-a751-658436d5dfbd,560ec925-5357-4f1d-8bef-52cd69464fdc,1,1,8.366457933213345,0.8452359248564874
0e4fa8db-fd65-4315-aaee-0d155db511f0,2023,2022-12-14,d6ec4d5f-7d79-4064-be14-71636bf66d75,65974f84-3069-4f25-8f4b-7ccb79790430,17,1,12.590455886932924,0.8713145057676545
1a4e9503-cc40-460a-a140-fc2b3845451e,2023,2022-12-14,a4574b8e-6d1d-4ed4-a947-b175f74c6387,07fe7a79-3bd1-41c3-99f8-6c7f857756dd,8,1,29.67889297994639,0.9917169195557363
1db80ba5-b3e1-49cd-a7c1-36bb7970e544,2023,2022-12-14,afebdb69-0f48-47d1-ac8e-740bb58c993e,5211ce8f-cc9b-4218-b190-975f87318dc3,13,1,21.761479441687438,0.9851474653178253
1dbdfab4-8b2a-4ada-b06d-9523ec907129,2023,2022-12-14,93759732-e117-45b2-a99f-f09b689de84c,6748ba88-58dc-4e41-b3b3-d8df2c4a3c4e,8,1,12.577050580254998,0.9111198988991456
1ff6292b-69aa-4355-8d1c-5716df4cb1a8,2023,2022-12-14,f4f493b9-00c9-48e9-a9c8-934ed203169e,4d964b45-0956-4e20-9bb3-92d90690ea01,6,1,13.444570609557529,0.9212836174715858
2621964f-4265-40f8-a51f-15231c0383da,2023,2022-12-14,b2a4914d-552d-49ca-818c-4219f9a5baa7,428b85df-3b5f-4b21-a384-f1bd53f95d19,7,1,3.522731060978029,0.639166859251427
2cf33d38-d8a1-470e-a4f5-a71814c56c7f,2023,2022-12-14,526a8e73-78d6-4268-9f89-6f7d90e5dcd3,f9620376-5493-4730-bf10-8b6480bd3e43,11,1,-1.4994103122121567,0.4503737916830008
5b846a70-68b4-4912-b9cf-c7223e9d0cd3,2023,2022-12-14,ca0af9b0-0073-4e1c-baf8-a15069168abc,89023aa7-6034-4d33-96dd-3566c7afc79f,6,1,12.030275772232187,0.896951197887132
700fe508-be46-44ff-a9c9-33cdc1e8b774,2023,2022-12-14,611e61cb-eec0-4487-b0c1-1ea8cdba0762,f7352462-5710-45c3-bd64-969e67428b1f,-11,0,-3.5141992342864845,0.35019211000303396
730e8b4c-dfd7-4383-a446-9511b4f912cf,2023,2022-12-14,f612c81a-f044-496c-871c-5c643a5e8f9d,247817ad-6065-4e8a-80e7-26c838de4153,11,1,10.145732530842167,0.8324199153333052
84167506-b4cd-403d-9fd4-947e4e966f67,2023,2022-12-14,e22f605d-41f6-4e5c-915a-987ad0c44569,eaaf67e1-30a6-41ca-a400-906b86d42a58,-10,0,-15.134148444988382,0.047809953206098245
8ac31efe-e584-44fb-911f-8f13adc475d4,2023,2022-12-14,27a2a3c7-c672-4a2e-8381-bf31d528c0d0,9a68215b-c4da-4c48-8fdd-6f9862b46f80,-27,0,-5.277678702130958,0.2484652993040238
9a84aaa2-d26a-44e4-8067-cfccc44e77d7,2023,2022-12-14,6d0447fe-c13a-4ab3-b46e-cc2a08eb057e,a757dae2-f596-4065-9e29-b365b91af590,34,1,10.608885140537886,0.831011077684111
a65a0c41-b21c-48ef-92d7-3b62155ff92d,2023,2022-12-14,bdb8394a-cc25-448f-a1b9-ef5fe40bb204,3ad98900-f406-42a6-b9c7-7a2d3f0a9867,-26,0,-12.76547838724768,0.06499884652409432
ca4b5742-322e-4c91-9222-863908805bf2,2023,2022-12-14,63b264d5-0679-4b31-b175-0c1d019bb0f4,58fab53e-62a1-4e7b-acbc-71e06102931a,-1,0,4.308283028144205,0.6960137934278988
cbd8ce40-1fc6-466b-a95a-d91f7a5d5503,2023,2022-12-14,d5e2b5fa-8cb9-45b6-a822-4e64c46bc8fd,c3807661-da5f-4ce7-af5a-e086fc56158a,12,1,12.321165439545931,0.9094100252136499
cc669cef-ed95-4c13-9843-98e27a7803ac,2023,2022-12-14,60cca73c-a30b-4fec-8cc0-a18b3dde7312,24b5ca48-c4a7-4e8d-8fff-c02904c11b7d,16,1,8.298949942442755,0.8085056988183839
d1201e56-2671-4a8b-8c5b-bdf48c79d1a0,2023,2022-12-14,e7f10812-f961-4c56-b848-22cb16073f49,1e95b7a8-8a2d-4c93-bd01-79b311a80f40,5,1,13.818116692888895,0.9248218028964024
e6260e3a-ace3-4e1b-aae3-99b749fc9919,2023,2022-12-14,bf2aafb4-bbb6-476f-acfd-8793128f565c,d7828b57-33e4-4922-bfdd-4780151816ed,10,1,17.090253663243917,0.9372710570368618
ef2bcdc4-6383-45eb-99bb-27b422cd1cc1,2023,2022-12-14,40fe605d-085b-468f-aec2-614432798d3f,61c096bd-3b5f-48c1-9f04-b18693a77cc0,-3,0,1.9250139465434133,0.580798385834496
54ab818a-e24c-4821-8c43-0c06e555b291,2023,2022-12-15,4ba5494d-a428-4c7e-92a2-fa5f8a096b3e,814a38f7-2f64-498d-b6d6-a9ae4df96850,3,1,6.537454679586521,0.7945094648387969
660c37ed-f371-403a-a99b-85aed60195b7,2023,2022-12-15,cbab480a-8e87-4eb0-ab35-22228c66f68e,72c1f395-5916-463b-8353-47b99a272098,6,1,0.05104286704958109,0.47156557614402195
67835b0f-a12e-4fa1-bbd8-6e2deb46c65f,2023,2022-12-15,0ac20cc2-e801-4648-8850-2fde30c2def5,48e9401c-d41f-4f19-9358-0f41a8d74ea5,22,1,17.18994650300525,0.9602717676676846
73c16b1d-7cf3-4e5b-82b4-cddd12d05093,2023,2022-12-15,0939b5e1-8421-4924-a8b9-9846ca06f2fb,96babb60-08c6-42a2-becc-a075a465dcc3,-8,0,-15.381498332846762,0.05011520648569165
7a42967f-44cf-435c-95d2-a85374a29521,2023,2022-12-15,14e4e2ac-f90d-419d-9b14-9a9e3ba13b59,f14e71df-6c53-4abe-b789-c0d73a44b276,15,1,1.6892247246866292,0.5527186250110733
9cda9ade-a6f0-4aee-92cb-a827ee14aaf9,2023,2022-12-15,2f8127bf-68b4-4cd4-bb81-d18b7f461cba,3950a3d3-d1b1-4dd9-bf4b-2356ed344246,-9,0,7.138315052952258,0.6902034203123626
c8471d45-8596-4203-82f2-2854eb4f7acb,2023,2022-12-15,6bcb5e3d-9b4c-41f9-86b6-1f44432462b3,bab73e4f-6d77-4aa0-8c6f-347009c2283e,15,1,7.528705927722252,0.7898159787567914
ccbb131a-9d10-4b52-b54c-726a6c21b34e,2023,2022-12-15,f16d5827-0b65-4b48-bd2d-584314873b9d,0d4551fb-d4fc-4659-b14c-fdeba3555569,24,1,19.729819288020956,0.9508817241610515
ffe434f7-7543-4dfa-912b-d7e5f0e7e686,2023,2022-12-15,ed26e9f2-0346-429e-8084-a40c091454e8,63b38daf-556d-4012-93d1-faf2cc5da515,12,1,6.957445000978207,0.802407407501365
0a05bf4c-b068-4f2a-9809-8d63fb822719,2023,2022-12-16,251330f1-c041-4520-b4a3-114f8f6b2ccf,29115cd5-8aba-4a2e-89c9-20f7d87b7051,45,1,28.778229489178656,0.991547644498978
27cf49e4-0be9-4833-9654-10451de23d89,2023,2022-12-16,39d71fee-a4e0-4399-8698-547fdb4fb256,eefb221a-cb2c-47a8-a13d-1f008fc6a8a0,3,1,10.374063392869836,0.8933378403796952
5589d998-34e4-43a4-9460-dca22761b0f3,2023,2022-12-16,ef80c085-db7d-4b36-8fd0-13ac9be0099c,88471167-5c0d-4477-bf1c-b50a9fa96a10,4,1,14.04982857612158,0.9315161730636271
607e1c04-b549-4aea-aa6e-c4ddf812722c,2023,2022-12-16,f51695f1-a8ee-4f8c-b518-879ffe6b0dca,f1d0f01f-d161-44fe-a534-6f4383fe2d0a,8,1,6.765513828438597,0.8200327861810065
810d9494-45c3-4373-a183-1d34dc7014ed,2023,2022-12-16,34002612-3816-4311-b39c-41d24ddcf17f,320ba34b-ed3e-49e5-8563-08246b20d1d1,4,1,11.9785387129809,0.902081320785185
a5794af2-c9e8-45a7-b3c7-1eb4bd572ad9,2023,2022-12-16,c88614c4-bad0-48db-990c-90a3243c3734,888089ca-9632-4e33-856f-b210b1d946cb,-13,0,-13.735414409067806,0.07241248601246424
ad79e5b3-241f-4c71-a14f-d4cb101083c4,2023,2022-12-16,0112fa43-c6c9-4c88-be78-7e0818374d56,29503a81-0fe4-4a0c-8022-d23ac7e092b6,-13,0,2.383446455041091,0.613166098746252
b8beba4b-bc52-4893-9057-60ca70b3ee38,2023,2022-12-16,cb08f172-db74-448e-aaf2-80d96b32bed4,9c36dca1-e045-4592-9000-60f62b244bf1,15,1,6.578295592898098,0.687914029578934
bf35e23a-3f7b-412d-a498-5f06ff9ce741,2023,2022-12-16,218250de-64b1-4e7a-9b64-e426441584e4,92e2201e-4d6b-48b2-b40f-1980a5b48c0e,-11,0,6.030315451974798,0.7081548423763641
cb34710c-c4a4-4b91-9cad-f94a6b4523fb,2023,2022-12-16,d1838999-77de-4a4f-9d66-e6071f5a079f,bb82a5ec-96c1-460b-a414-50e0d2b6b1a4,-7,0,11.73372209383382,0.8743113995436146
dd7ac056-3727-40b6-8e8e-2169c627acba,2023,2022-12-16,1b6320e0-71b4-46c2-9fb4-0c801f4c8770,9c1c5097-7168-4529-8378-8f68f206bd9f,-29,0,-1.4044610669056037,0.5279699567142312
df422719-d0d7-4d53-b563-5f4a0bdb621d,2023,2022-12-16,11b2b228-e668-4561-b527-22cb63540f1a,bc1a0cad-570c-477b-93fb-2050c0e2f9aa,12,1,6.799440909640293,0.6920536701755994
eea7a5ef-7d2d-4884-9f04-fcbe36ca9580,2023,2022-12-16,15d2579a-33fd-4772-9d78-e929a093bd79,c238c9de-59e6-4d8d-b9d0-745eb8ec96ab,11,1,5.048113051156367,0.7265868720039269
0cbf7941-2994-4ce5-ac2e-b67bb1754dde,2023,2022-12-17,611e61cb-eec0-4487-b0c1-1ea8cdba0762,06ef3673-5d7a-4701-aed9-726aa07838e4,8,1,1.5634772776950208,0.5752531510017991
0ec1cb83-aa78-4d5d-bd9a-59c7d983134b,2023,2022-12-17,75ed6a75-4599-4fee-816b-ed729babf81b,54b6e673-584f-4030-af7d-052c75277798,-16,0,-3.8048229522245944,0.30338876191483866
0ef85858-78db-4511-aba2-3f170ec96e81,2023,2022-12-17,d19262e6-6584-4276-9fb9-d5690c3ca053,ef3cd1ae-ef09-458c-a751-658436d5dfbd,8,1,19.9303625447918,0.9694281127326374
1110d6fe-7d43-4605-a762-d6055b4815fa,2023,2022-12-17,ad6b613a-f36b-446f-81a7-6095bcf8a45a,cdc199b7-a710-4c11-a6e7-2384b399c06b,22,1,5.583732962492995,0.7281227542307134
150585aa-f28b-41b0-8cc6-b409da447fb9,2023,2022-12-17,c9739eef-f828-47a4-bcc0-548844cff9d5,7d7d8e50-802f-4f7c-aedf-3116a743e835,15,1,2.624075982094373,0.5916530913053965
1965fe67-2cc8-4d98-88f3-55f58b007d49,2023,2022-12-17,d3246ba0-2060-4e3f-addf-f8704b79380e,b847237b-f1fa-48c8-a618-17553efdc228,5,1,9.106410238938116,0.8240004247780638
1c7ba4ac-ec22-4851-9031-515c8e5d5355,2023,2022-12-17,f612c81a-f044-496c-871c-5c643a5e8f9d,ef9503da-6c3d-4207-ba0f-3cf770627dbe,6,1,3.7111217499837656,0.6548630381694328
20ec5aea-9a57-48ff-8c2b-9a53dd2decbf,2023,2022-12-17,a757dae2-f596-4065-9e29-b365b91af590,1e95b7a8-8a2d-4c93-bd01-79b311a80f40,19,1,4.7630692499271206,0.7298152012184853
2189e833-e008-4678-8152-2434540b5a5b,2023,2022-12-17,bc48226a-5e03-49d2-aa5a-550081373e7c,9a68215b-c4da-4c48-8fdd-6f9862b46f80,-10,0,-8.066520697119298,0.19740432936465807
24fb34e1-559e-40ce-9ef1-fd9e50738e0a,2023,2022-12-17,bab73e4f-6d77-4aa0-8c6f-347009c2283e,edd0d0e3-31f0-49f2-a22c-b47c8e8ba9a6,-6,0,-7.417021936902805,0.2213158275171577
287fbe32-4aa9-431b-8402-a5e2ddd5dbe3,2023,2022-12-17,38a65109-33be-44a5-928b-459db9d9dbc7,a8ab3f0c-a155-4d9d-adf9-5593435a0152,11,1,6.791084231253917,0.7143208052961921
29a4c9bc-776d-401c-b79f-316652b05510,2023,2022-12-17,b034bc0b-a11f-4e43-b372-127640b1d5b0,7b4d1f71-de6c-49c1-a95c-de84c4aa46a5,-4,0,1.3001175970378287,0.48863622473611884
2ac72c33-146e-4152-a1b5-616e7a1d8161,2023,2022-12-17,588cf783-9153-4586-adb0-8eb7fb71d013,34668727-07c8-40ea-adb6-3541d9d7f32c,9,1,3.260035087622544,0.5508639492306463
2f43efc8-d5b3-46d6-a58c-46c3d2992f68,2023,2022-12-17,75608756-6246-483c-8138-59d3749a8d3d,cf67c587-9808-4deb-9419-41a1a58f81f0,2,1,0.2615919859412089,0.5643953277587016
36b650b6-05ec-4229-8e02-fbfadc423b54,2023,2022-12-17,43c4f9a5-d6d5-4dd2-bfac-0bd3adaf79f7,8b7efe80-a558-4a31-90d4-b59ad2ffdcac,-22,0,-13.531804618294071,0.09753744071317826
3733b8e2-e69f-4217-ad80-8195a0226d2e,2023,2022-12-17,b462e428-f59b-4465-b793-4cef6f10cf66,6aa9d05e-84b3-4e72-815b-fe3dd02b1e03,-12,0,-6.245292002813622,0.25094056820397403
38c9a4d1-e847-4a94-b431-84b1f397553d,2023,2022-12-17,ab66209f-04c2-4600-99c8-cc177f001266,c8e7388d-5a50-447b-ade8-addcc758d8dd,-8,0,-3.058725451568715,0.34260925633907136
3c3880b8-34db-4d62-aab5-1c76822f68ce,2023,2022-12-17,4db0dce7-2ca3-42fd-b71e-f5e13debacfe,f7d3e028-cab6-4277-8d9c-799f5bec0712,4,1,6.059466509120011,0.7864546275007535
3fd7750b-c3ac-4905-ae8a-94114b45e452,2023,2022-12-17,e81d4510-e1ee-4dbf-9b00-28fe6eedbfb4,f3eafab2-d52f-4409-b7ab-63598919e46d,26,1,16.933791964915446,0.9700796755565031
41715972-65c9-4211-9437-87da41eb2f2c,2023,2022-12-17,40d1c23d-da10-4e19-8a9f-d69e48e05c30,2ff94ca5-2417-420a-b20f-387ca6793769,1,1,-3.871701131299334,0.30241428636325174
48ff9c17-3fb6-4e19-8ec5-7b363dc3384f,2023,2022-12-17,81ba36f8-a53b-4696-8877-2e9bb161598a,247817ad-6065-4e8a-80e7-26c838de4153,38,1,13.465886041423824,0.9268267144971958
4c3e2f4e-f093-46b9-a691-f2d0bb6df0e0,2023,2022-12-17,a81b1489-4c0f-4a3d-bfe8-a9efcdb13d79,7bf0273c-57aa-4412-be01-e0e08fb7cd81,8,1,10.150603945302212,0.8501859349853436
55309348-993c-4d79-a272-7500dca5ae74,2023,2022-12-17,8e941979-021a-4b68-ab5b-5ee34fe0e06a,41088861-2288-4681-9b1c-b52f63527faf,-10,0,7.386888687225823,0.7179194796677008
59378944-dc05-40d8-9fc8-96f4747103bb,2023,2022-12-17,f4f493b9-00c9-48e9-a9c8-934ed203169e,f0c6c56b-f155-45b4-bed7-e886af6e82f6,22,1,12.134316298132973,0.9016634169464609
5f0a394d-0432-45bc-8ea9-1d5c86025a0b,2023,2022-12-17,71aa15ab-9b94-4d3a-88de-3f0ae5d9a44c,9d09ebd0-f5e4-4022-b315-aa3719219b6a,24,1,8.74487681613903,0.8298990367402245
60b0d6eb-0c39-4017-a2ce-083710205120,2023,2022-12-17,07960f6e-9ad4-45bb-82bd-06f477a011e3,d4ca3878-1113-45b1-abbe-5a9a3c7c5430,-6,0,7.125283462151228,0.7743637391545559
687b597c-7ce8-4b05-bca4-183cb3bf782c,2023,2022-12-17,1a2c070a-303f-434e-a50d-c98ad9d9f88d,1a879f38-8a98-47b8-9c92-7da920f1562f,1,1,-4.339216532272279,0.38839003336036637
689bf7e5-16f0-4b88-bb7a-72767f460404,2023,2022-12-17,fa0efad2-ee60-463a-a297-fb45c393e624,428b85df-3b5f-4b21-a384-f1bd53f95d19,31,1,16.973112057796946,0.959953116895891
689dd1ef-caa6-4997-a9dc-81fef9d4f261,2023,2022-12-17,b0eb9a16-e704-4784-bc96-af277fccf122,eed17656-6fec-4cf5-aacf-f932c5b66084,21,1,21.516811893200877,0.9859438931181344
68d2ae1f-0266-4d3b-860b-f7dff022ab3f,2023,2022-12-17,0e5ca5e6-5ea7-44a7-8587-b4c7834a4c52,8a231892-e40c-466f-9e2a-016a3433fda0,10,1,11.6317857460948,0.8620424794912471
6be7a05d-514c-4dce-b267-a98deef4a452,2023,2022-12-17,23328a3b-6bde-4b61-960d-5c45fab4d16a,f022d404-14a6-4105-afd2-445afe77bad5,28,1,10.656909396827855,0.8697252116028994
703e9b29-1538-4f48-aba7-e9de05762e05,2023,2022-12-17,3d8ed3b6-e3d1-4a7e-b179-fdc92e2640e7,55f602a6-b8f4-4fc5-b30a-9a23ad91a2d8,8,1,0.4890660137638929,0.5463049607603979
75a97e19-22a3-465f-9280-8da320f7c200,2023,2022-12-17,40fe605d-085b-468f-aec2-614432798d3f,d13063ca-830f-4027-a1e1-7961d39c81fc,-1,0,-4.771826738974599,0.2806648529611154
77de59c0-09ac-4be0-b22e-4eeb9f18e1d2,2023,2022-12-17,89023aa7-6034-4d33-96dd-3566c7afc79f,9988778e-cc80-4486-aad5-9ebdf21f2965,-8,0,4.629520276271113,0.6162752577730151
7afee579-9e78-4bd7-bdf2-59b2ca64007a,2023,2022-12-17,d6ec4d5f-7d79-4064-be14-71636bf66d75,05300c53-1c99-44fc-894f-5d062cc9254d,-4,0,1.1813278385073236,0.5556387276660617
7febf343-d982-490f-937c-9ee3fcc54ec9,2023,2022-12-17,ca0af9b0-0073-4e1c-baf8-a15069168abc,88205ce6-ad31-4ffb-998c-fb9164c40dea,12,1,15.075201659471617,0.9567025069215588
8193f948-706b-4234-b7ab-93e67b653b32,2023,2022-12-17,eaaf67e1-30a6-41ca-a400-906b86d42a58,6bcb5e3d-9b4c-41f9-86b6-1f44432462b3,2,1,17.483649979551824,0.9540258239245132
831023c7-8506-4c7d-920d-07708d0ec57f,2023,2022-12-17,c1ddb62d-8103-4ef4-a556-df9238531bdf,e823a53e-c3a4-40d9-b40a-4d7eac69e962,27,1,5.958879961473739,0.7304147654979902
84a7a66b-6a0e-487c-929d-75fa6a946a36,2023,2022-12-17,2dba4db9-bc1f-41f7-b1e5-8d94e117c1e9,1cddcec2-cf89-4c5c-9810-d148c368b08a,-14,0,-8.078222942233728,0.2228591140634106
85acee46-ed2a-454e-bf8b-a21aa286a08d,2023,2022-12-17,c20e9648-8980-4cb8-b139-4343f24b2e91,a155af26-bc09-4c69-9940-efff8f3d15e3,26,1,16.423417142035248,0.9639420817554774
906e8d62-771e-4585-9d2a-0ce97fd9cc93,2023,2022-12-17,f408da5d-dcf7-48d6-b4b4-485c6241d6d4,389dc2a8-706f-48c0-8579-33b1857c38b4,-18,0,-9.14160670182938,0.1005090768882586
92726c3e-7c00-44cc-921e-d50b5b02a0ca,2023,2022-12-17,d20936f6-b751-41b7-a241-c75beb459360,bb0be232-db5b-490f-a3df-709f20bdfb71,-5,0,-5.893113916420302,0.2096638153391022
929b6a42-4838-4a93-849b-cfe78a125b18,2023,2022-12-17,cd2892b0-c423-4723-86bc-3988015a8015,295728d9-e6d3-43a5-a29d-26c403f073cd,8,1,18.75957021966225,0.9551038069094645
987bf951-6b79-440b-8779-7e8f5f309388,2023,2022-12-17,8674cdcf-acde-4035-bcae-1c7c0d7549e5,e39dbea2-e913-4bf0-9407-8ef31b60b82d,6,1,-0.29735459738550296,0.5142970609864939
9e4c57bb-a206-40de-925e-cbd6d840dcc9,2023,2022-12-17,143599fb-b821-43e4-b0ee-2f6e521ddb11,3ad98900-f406-42a6-b9c7-7a2d3f0a9867,-7,0,-9.345509087621462,0.13109255168353895
9e4eb5c1-d740-46a9-944d-eb669682332c,2023,2022-12-17,8681e6eb-5cf9-45d5-b215-af3a54ebc784,e10bd2a0-5b84-4d41-a1ef-08b801a04039,-10,0,-3.3709989839380614,0.32852235958761555
9e5292f4-f905-4bcf-a388-6dec2ab2e892,2023,2022-12-17,e0accbcd-bd68-4bc0-a2a3-3c32753815b5,3bc40b20-71e2-4fa2-9c99-8e0b6cc3460b,-34,0,-16.896386553509736,0.0404885165015495
9f3615ce-682f-4426-a8e9-398397f756a8,2023,2022-12-17,f69cd607-9c59-41dd-9dad-e5a5e9ec4370,97cd7805-e5a7-4739-97dd-116010ceb9af,-2,0,0.5329028905892441,0.6089243910709985
a21b5c4c-0a08-4ffe-bc84-7f95ac38759d,2023,2022-12-17,14900e69-e972-4137-8f13-5ef152e0075b,c324cc75-a904-484d-b520-1f21664c89d7,37,1,5.025683753841141,0.7049209802618847
a3a9fff3-5ed2-46ec-91ad-0f5c60144e9e,2023,2022-12-17,f6d79bbf-f8fa-4aad-8a37-6172d43ea482,e198833b-92f3-4fa3-a2cd-82f04ec7e0c3,-4,0,-1.243867282949627,0.5679156316576806
a5ced38a-b088-47f0-88fe-5e7686603b94,2023,2022-12-17,fccaf1a2-1439-499c-87a3-1615684518bd,957c8e2e-1939-4c65-af04-df116ac4086d,17,1,9.549608294414371,0.8762300240858909
a5f3ebed-4298-4654-b4ac-33f86bc8f466,2023,2022-12-17,526a8e73-78d6-4268-9f89-6f7d90e5dcd3,175f9186-422d-479c-a771-d9f218a1a87b,6,1,17.570397902465057,0.9528947433351038
b0060b96-af2b-48c6-895d-bcf6c1b0b99d,2023,2022-12-17,6ddd1347-422a-42ab-8c8e-fd5c9b4e78f1,1e86acec-a854-405d-a4cc-d096ee03f22c,15,1,6.7383454229708,0.7771777046764203
b50f53b9-c266-4e3e-adc7-a708f2cf2fc6,2023,2022-12-17,a5600159-b71d-473b-92bc-8f7ab08f897b,8e864d36-5a07-4d24-bea5-f7b85c3187bd,9,1,0.7953337998913833,0.588683734768041
b5fecc33-bd63-47c8-940a-687bccf42955,2023,2022-12-17,7631bceb-b254-43fd-b331-b90b901b5959,11018b71-58b8-48c1-aafe-d3f42d4dc4b9,2,1,2.9686980545855364,0.5757916978781241
b652d051-76fa-46b2-b2be-44e1c4637ea9,2023,2022-12-17,170f63c1-c0da-4464-9352-7a33c5e2b3eb,29613880-f1b8-40b8-a09f-a825765c5e40,5,1,1.8123004964253258,0.5389800091379995
b7230644-19c8-438d-bfdb-42bbf7aa2397,2023,2022-12-17,bdb8394a-cc25-448f-a1b9-ef5fe40bb204,88dfcbfb-3d60-4978-b275-46ae9f682ad8,24,1,5.909765962696005,0.7483620513922021
bb5a3707-8991-415f-b742-abe4ecd292c1,2023,2022-12-17,f7352462-5710-45c3-bd64-969e67428b1f,11c41163-ceed-438b-bc9e-333b60a36e6b,-2,0,0.6436330128030605,0.5244988724364938
bd038e0a-f28a-414e-9b5a-9c5dd60eef9d,2023,2022-12-17,7a193c3e-c732-47d4-b893-cc0c575ff431,958592fd-5c16-45ff-90b4-3242687743e9,26,1,12.746166042620741,0.9318637156827625
bed3b202-6351-4151-b640-28193eb8fa99,2023,2022-12-17,92c5eea2-cf1c-4902-bae5-39cf63a77442,11c420a2-9004-49a5-8268-6683a741a32e,35,1,12.022580839938628,0.9088767614958985
c081e359-ab1e-4f04-8209-efd482a074fd,2023,2022-12-17,cdac95d6-25af-43a9-a6c0-1004aaa6a183,b1cd7b83-cc64-42a8-b41b-45343632eee6,-7,0,-1.7515577589143287,0.4290996855385403
c9c6d0a1-a4d3-49a3-bb7c-eadd2fc852f3,2023,2022-12-17,410b3365-a1a1-4bca-b3fa-52270a02f75c,a61813fd-4a0a-4112-9fe9-2d33fa01a9aa,-5,0,-7.835113158116022,0.21821251664288824
cbaa0213-673e-4d0a-9e8b-31eb7b12c20a,2023,2022-12-17,a0454954-f558-44d1-812e-59b90041128d,348c253f-b663-454e-9b7d-051280f46334,1,1,4.605893183562994,0.675529583347866
cff43e63-4786-44fc-9ffb-42539412d5b3,2023,2022-12-17,090a9b59-4e95-410c-b5f9-c4d63d9caea8,718dfd9d-59ef-415b-875a-8c861f6adb33,-11,0,0.50354738344339,0.5058538308177788
d58481c1-edcc-4617-b790-9b1f50de02b1,2023,2022-12-17,173a69ab-4f3c-453a-a1cc-8b83c0ee2b49,c282b887-5bc1-41e5-8a0d-15287474de7d,15,1,27.92030654285418,0.9908612923973928
d6eeace0-2089-4047-a845-5090d40c30df,2023,2022-12-17,fda4e988-3514-4913-8f5c-1c8db7f59165,bb243294-1aa5-46dd-af42-c3676717c61a,1,1,-13.682014076720376,0.058654084204305575
e002699b-7547-4bde-b001-334fd9c9ad62,2023,2022-12-17,45f03492-2831-493f-8176-63dfae6670de,eccdef36-c666-44f9-bd7f-17e4e33e2def,14,1,7.4398616474072865,0.7906933411769282
e90890f6-67c8-4b37-b0ed-37c2d2544add,2023,2022-12-17,e4d1f824-05c1-46d2-a96e-fd3dba7ac334,6c796971-9e91-4507-a6ad-9699cb1ed2b4,21,1,22.122654144404507,0.9866584286681641
eb03d36a-0eda-4cc3-b6d9-215ee6f4a370,2023,2022-12-17,4b5bb58e-38b5-4132-b2e0-876169cd4017,599c2f7f-3472-4f93-9807-39b33c575236,19,1,10.291428308182422,0.8706147390608479
edaa44b6-f2a6-437b-9dc4-140e03a65513,2023,2022-12-17,712e6366-f137-4f9f-a647-831a2797543e,5b25de37-34c7-4ebb-a149-b0ca3c4ffff6,36,1,15.40525839950933,0.953732841750262
ee9248d2-e53c-43fd-9b9e-03143d9b062c,2023,2022-12-17,324a87d8-6e5f-4df1-adea-5c7c07bc3880,39668771-063a-4cfd-ba1d-be18a842d5a1,-20,0,-11.259354084195314,0.13749691753873622
ee93aa36-5bda-463a-a177-c6321d29188c,2023,2022-12-17,e62f6be3-07fc-4d39-9d92-158e9218c40a,9c773261-49b7-48c8-816e-3e3260997d71,15,1,1.4440391022545869,0.511204077436104
f22586cd-387a-4a40-a1a9-cfd83ddbd43f,2023,2022-12-17,b6c50d53-e53e-42aa-8c2e-1297e733737d,6359c55c-0527-4830-8bbf-51141c0ff2a4,-6,0,-2.6139722259366773,0.4129669585124675
f264b4ff-c6a7-4f13-8437-e2fc328c6251,2023,2022-12-17,127a96c4-6d95-4519-ae56-77c271aeea23,9874a1c9-7e78-46e4-8d3e-6fce94e7046c,5,1,0.06087481283982311,0.49179121513574287
f2c4e683-e044-4003-a0ec-4ce367c59906,2023,2022-12-17,22b7e3ea-2a6b-4f0f-8f10-40ab409da1e7,9cc36a7f-4ac0-4523-b7cb-99b33fd2fb4f,5,1,3.4709971349675377,0.6029428706528732
fbd32c54-87bb-415a-a12b-3ffa55efd9e6,2023,2022-12-17,762cc817-6e37-4650-89d1-6bff265dd1b3,e22f605d-41f6-4e5c-915a-987ad0c44569,50,1,19.08167002216984,0.982619791258221
02722208-a1db-4d8c-8e5f-0782fce925d9,2023,2022-12-18,eefb221a-cb2c-47a8-a13d-1f008fc6a8a0,be0c2be1-019f-4c49-9ef1-92f53c9c23b0,21,1,15.517592623518183,0.9407743266110299
0296bbea-b9e2-4c25-89b2-5a232b44c79f,2023,2022-12-18,afebdb69-0f48-47d1-ac8e-740bb58c993e,0621d617-e31d-4e1e-a043-a11af2f706de,-2,0,18.162719385799434,0.9497751678340114
06937c79-30ce-43aa-9162-a7b9098743eb,2023,2022-12-18,1a2c070a-303f-434e-a50d-c98ad9d9f88d,ca0af9b0-0073-4e1c-baf8-a15069168abc,-4,0,-7.3053032151704915,0.13911505441185404
0ccb59cc-9f5d-4d7b-81c8-4728af903c0f,2023,2022-12-18,a35d0124-2cd2-46ab-b613-2438a97b6ddd,71bfb11f-a38d-45a5-914a-5006c7417da4,2,1,-3.596131467520855,0.36040714136246976
0fd7de3a-04b8-4696-9f8d-7a262c1ab82c,2023,2022-12-18,894f397c-9c66-43c1-9223-fd405e35b0f8,d6e9ba69-1ef1-406a-8fd1-17ef1a6980e3,12,1,4.2304302292420894,0.6301220007343679
187f19a8-7df7-46b5-be9c-b351644c9227,2023,2022-12-18,48ff6f70-fd07-4a02-ac71-b973f0ea0451,5a36a71a-5c48-4f55-a80e-17e194f320ac,8,1,3.384677522022228,0.6608000247015537
23f283f9-6732-466f-b6b4-be9b8a102804,2023,2022-12-18,0b94d899-a6a7-4449-b626-07126971cd67,cb921ef9-be3d-4c14-9e83-9926205e601f,14,1,3.4369864183380865,0.6408326343914577
3f17ec40-791d-48e1-b410-9997c12611e9,2023,2022-12-18,fe1d1802-ae97-4c4b-8c1a-aef0cb3c5646,63373289-6a60-4345-8e60-c44894f4f8cf,24,1,12.610544911274294,0.8906819800978696
406021fd-b09f-4346-b364-09a96f20ab16,2023,2022-12-18,814a38f7-2f64-498d-b6d6-a9ae4df96850,0d002e4e-eb5e-4b77-9116-89839d4f537f,7,1,-3.602658407570277,0.27492675241339437
5fe4a83a-d041-4878-ac5e-8182822d6e7d,2023,2022-12-18,9f8c4a3a-10fc-427b-a3b9-f54bcc243010,21bdd018-a21f-44da-982a-98efb6d24ca1,7,1,-7.084176469879847,0.2356711188353388
609778d4-6c86-4328-ad02-179a92f01dfa,2023,2022-12-18,66f42ce4-3183-445f-b7db-b673bfb1fe7b,304b93c1-4157-43db-bc99-6f2b071e4429,8,1,3.205002621376878,0.5681209144503115
67a08e0d-cd95-4e9d-9487-6b55066b20a6,2023,2022-12-18,3950a3d3-d1b1-4dd9-bf4b-2356ed344246,c84adc87-6cd7-4df0-9245-59fa829300e4,-4,0,0.5474955846478771,0.530846775515478
7021d478-2e61-44bf-b0d3-a94f3749cb83,2023,2022-12-18,3fb4c1d4-021b-4e64-a997-b47421257d4c,2cb246a7-863a-4dc7-ab3d-eabccbf12019,-9,0,0.26331861379870086,0.4643485177981378
704afe17-e72c-4ff6-9c92-94bd4b1f4019,2023,2022-12-18,01325ccf-0551-472d-a463-55f692a5e50c,208232bc-9495-4351-b34b-874117e7ab9b,18,1,19.196169729147446,0.9638211762567438
7480dff2-0fc1-4033-b77e-d02973b6b844,2023,2022-12-18,dd027a18-2cb5-45a3-a0ce-f3f9eb7bde2e,a2362a90-be36-417a-ba1f-0cd8ca99ef80,16,1,5.472810465000483,0.7113824939830695
7a49c1b6-ab47-4510-8ce5-855039d849a0,2023,2022-12-18,3c7653b4-ff75-43ce-b3db-0654e938bcd3,c6e998ac-727a-42d2-a2d4-0e7c854dd383,6,1,5.569178573709882,0.6841512473647101
84f835a6-f996-4922-bc7d-e333db6cc29b,2023,2022-12-18,07fe7a79-3bd1-41c3-99f8-6c7f857756dd,bdf949ac-7376-4c1c-b4d1-a2b6d1142a71,9,1,-0.8835400597458143,0.48358123375056206
86790fb8-d66b-4909-b7bc-25515581fe41,2023,2022-12-18,ec3ac254-d13e-4b51-95ee-389447c70400,251330f1-c041-4520-b4a3-114f8f6b2ccf,10,1,6.794022536343685,0.7443879253158093
867934a9-7ee6-414a-a7aa-8babc023ce2b,2023,2022-12-18,f16d5827-0b65-4b48-bd2d-584314873b9d,d739e8c5-4395-4b08-b8ca-445d1a57a451,11,1,14.199096254226557,0.9133307209135576
89062482-0d7f-4af8-83c2-6fe27edb090b,2023,2022-12-18,14e4e2ac-f90d-419d-9b14-9a9e3ba13b59,29115cd5-8aba-4a2e-89c9-20f7d87b7051,9,1,21.145600658845677,0.9833891413956625
8adfe753-ac63-459a-affa-b0f7b1efa1e5,2023,2022-12-18,22641200-31a8-4bc1-9df0-8a3393139dde,e145a47f-597f-46fe-b58d-64dae192efc0,30,1,21.261143696856784,0.9875405585656578
8e7c4b3f-7bf4-4d1e-957c-33661ff77c78,2023,2022-12-18,ed26e9f2-0346-429e-8084-a40c091454e8,b4194217-55eb-45bb-b105-160e06f0b625,9,1,15.40832559805634,0.9402126126048522
9ccbce10-892b-4ca6-8f8e-fe817917ced6,2023,2022-12-18,7e4e4039-a37d-4b42-80aa-0fc18e241eff,07ca1d8d-4805-44f2-90ed-b18eedfd097b,36,1,30.44197415179255,0.9915425034138542
aaf150f8-6b10-4586-bf6a-f118903a4518,2023,2022-12-18,9ba3b86f-e9ff-4c69-a5a2-865d61dd56ff,bc1a0cad-570c-477b-93fb-2050c0e2f9aa,21,1,9.677447948223655,0.8092837660044754
b27a9724-2acf-4fca-b7b1-7545a267d83e,2023,2022-12-18,5fa1ed7d-157b-491b-9384-66ab06dfeefb,66ad8504-16f3-4990-9abd-ff1e776dfb86,9,1,2.640388890074956,0.6277526114272846
b3bd6d0d-0f43-469f-9b4e-b991ee4fcf81,2023,2022-12-18,88205ce6-ad31-4ffb-998c-fb9164c40dea,1a879f38-8a98-47b8-9c92-7da920f1562f,-5,0,-5.531222941819044,0.32447437029168774
ba961c8d-3f4a-42d0-9e95-43e8ab1bba5e,2023,2022-12-18,bf2aafb4-bbb6-476f-acfd-8793128f565c,a4574b8e-6d1d-4ed4-a947-b175f74c6387,3,1,3.569267122177191,0.6889341390953926
c19dd9c9-a201-4a8d-b9c2-320ce6a4d553,2023,2022-12-18,d5e139fa-05e7-4c6e-b083-5261fa76ee6f,9c36dca1-e045-4592-9000-60f62b244bf1,45,1,28.042673644598803,0.991383044250632
c2c6532e-941c-4f62-8c50-bf0711c73ecc,2023,2022-12-18,1c48e10a-5d97-4c46-8f8b-4217683da26a,e5fb9be0-e310-42a1-9744-47b3878c37eb,3,1,13.0334991832838,0.8735793405786985
c4a53959-1bc1-4d9e-9653-8882bbaab9a5,2023,2022-12-18,cbb7e0c8-4326-453b-9357-a01df1076809,320ba34b-ed3e-49e5-8563-08246b20d1d1,26,1,19.824564571387587,0.9870757625557596
c56ecf26-ca1f-43ec-802e-25e88039aac2,2023,2022-12-18,f14e71df-6c53-4abe-b789-c0d73a44b276,8b6e9436-9398-4b24-b6a4-24bba0c8eac3,14,1,13.829184133019334,0.925832621232173
ca39bc22-b8b0-4c1b-962b-9872779ebd97,2023,2022-12-18,325c1fce-e70b-481c-bc59-315b7defd4ad,0939b5e1-8421-4924-a8b9-9846ca06f2fb,19,1,19.35202185901942,0.9885041734394622
ec451372-a481-473d-8d00-137d74ef8aa9,2023,2022-12-18,2a391736-2322-4864-894e-4856c2d517d7,20fdaaba-bd75-4d6e-bf13-299d2f1704ef,6,1,-0.6343109911134236,0.6128494712144523
f8dce9bc-561f-4689-817a-d9ccde398591,2023,2022-12-18,015de200-e75d-4f5c-b26f-60089691f965,d42bc01b-0728-409e-8ce3-c205d30493c1,20,1,24.97710886909539,0.9906673469679758
fa16ffed-a7b3-4025-93f6-f73aad3f17b8,2023,2022-12-18,effe733a-ab00-44c0-ba8a-c389badc7014,9cee8aea-80de-46c5-81a8-499fc49acb57,10,1,11.537347776195336,0.8353381171548977
fc600c15-8230-4864-8730-f7dbaa136304,2023,2022-12-18,1900d158-6fb0-407f-a2df-6e37a1db2dc3,72c1f395-5916-463b-8353-47b99a272098,5,1,8.056811675218295,0.810008456382083
fe3cbc51-cca7-49ba-939c-8e1f8c724547,2023,2022-12-18,4ae8be32-616f-4721-85c4-1e22239e7db8,d1f5a19f-6263-4ac7-9ceb-e1339595db2f,15,1,-0.18292936825731526,0.4722735707700377
1756c2ab-7188-449e-8ddb-639106b69e68,2023,2022-12-19,892bcbe8-a66c-4c57-88ed-c82e0c13706e,218250de-64b1-4e7a-9b64-e426441584e4,-11,0,9.417297292468792,0.8247690983449631
1d64d10f-f05d-433d-98bf-dd0415692f19,2023,2022-12-19,b1119bba-a47a-41ed-adea-9967a72cf21d,fc62dc2f-7404-4a85-b1d6-49d5135283a3,19,1,-1.795244423786316,0.45053372254822216
335d2173-0dfa-44aa-a8e9-38a22a27611a,2023,2022-12-19,ff27601d-133f-4abc-a42e-f55d4f497bb0,bb82a5ec-96c1-460b-a414-50e0d2b6b1a4,-1,0,3.343976753019386,0.6191667973157521
38f6af4e-1fe7-4ec5-8207-cbe7db1f8711,2023,2022-12-19,97cd7805-e5a7-4739-97dd-116010ceb9af,9b92c0ff-02a8-49a0-bb79-32eb70b7681d,-5,0,13.365405694679136,0.9265914701280892
397ff079-bcde-4442-b882-f4fd1aef76a5,2023,2022-12-19,3016ba37-71e2-4de3-bc39-86d07a8a3e44,63b264d5-0679-4b31-b175-0c1d019bb0f4,17,1,5.83355127825269,0.6446174909063755
43e4af18-df46-45eb-8043-ec70bc3bebb8,2023,2022-12-19,474263db-dab8-4b0d-842a-548132e82b33,a1fb658f-49be-4887-a725-48a42276ac48,17,1,1.085837944026605,0.465544629009701
4c6922c6-daac-4e3b-b18b-b434aa80de39,2023,2022-12-19,090a9b59-4e95-410c-b5f9-c4d63d9caea8,61442116-53fe-4490-9f2a-17aad40fb68b,-13,0,-5.403849858243018,0.3320315630058862
53611e27-fac8-44f7-bf03-c416b320f0c0,2023,2022-12-19,ef80c085-db7d-4b36-8fd0-13ac9be0099c,c8da4ce4-29a3-4f99-b827-9b55afb4e0d5,7,1,-2.016779979362341,0.43286730366887705
54749b09-6b3f-4b3c-ba67-c920e49f7195,2023,2022-12-19,16e5ce2f-bdd7-49bd-a906-9aeaef0ffa08,4a3968bb-0d67-41c6-af5f-7ac59ae5cc3d,17,1,9.341945669192459,0.8309391643973265
595250c3-a05d-418d-ac94-27ac4a21f450,2023,2022-12-19,cdac95d6-25af-43a9-a6c0-1004aaa6a183,1f74189d-a265-4a43-9a13-b26dc844746e,18,1,14.350082373223952,0.9355039485034715
686731dc-4716-4def-b76e-3c817ec73bfe,2023,2022-12-19,58fab53e-62a1-4e7b-acbc-71e06102931a,e7f10812-f961-4c56-b848-22cb16073f49,-14,0,-15.48870006627794,0.07340820155121272
6c457d5f-2465-45d5-8bb1-89ce18cbbcd3,2023,2022-12-19,d65c47b7-fea1-4f82-a29b-c2d4f4e48b4a,21051f5e-6142-4894-a3a9-09bada612b47,13,1,3.6130044522110305,0.5668039758424385
85f7b9cc-e961-4fb0-863a-11e320d890f5,2023,2022-12-19,067fed65-5ce6-4ac2-b769-11805417f5ce,0112fa43-c6c9-4c88-be78-7e0818374d56,6,1,3.131868931342767,0.7092562002193313
9161ddb8-d135-4439-b733-b740119d9130,2023,2022-12-19,39668771-063a-4cfd-ba1d-be18a842d5a1,958592fd-5c16-45ff-90b4-3242687743e9,19,1,14.789559800428794,0.9313455143036793
aab3996c-fea5-478f-adbe-42f47e69dbd7,2023,2022-12-19,b2a4914d-552d-49ca-818c-4219f9a5baa7,5b25de37-34c7-4ebb-a149-b0ca3c4ffff6,7,1,10.593111698920923,0.8965412785476004
b9b44db2-fcb5-4323-ba8f-fc0447d7a3ef,2023,2022-12-19,bce5e657-8430-4508-b956-64ed47e82de9,9c1c5097-7168-4529-8378-8f68f206bd9f,-3,0,13.920015554423642,0.8978580307885502
dc55e92a-6b9b-4052-a2ca-14ba2091f28c,2023,2022-12-19,39d71fee-a4e0-4399-8698-547fdb4fb256,7dfad569-05d6-43d5-8f47-defff4a50649,39,1,10.84564248809872,0.885023429496982
e81da72b-df84-4ad3-be08-ffb67b11b965,2023,2022-12-19,eccdef36-c666-44f9-bd7f-17e4e33e2def,35329519-6dde-40e0-b790-2b49aca6673a,14,1,6.8804463807721365,0.7296816994114532
ef6a5f6b-dd06-43fc-881f-c8d3237ea734,2023,2022-12-19,d5e2b5fa-8cb9-45b6-a822-4e64c46bc8fd,fc903652-4ae3-4b36-82b8-fea6345f3b2e,32,1,16.645585727157187,0.9454062821453098
06cf46a7-8919-4aa7-980f-7be14b4a23a6,2023,2022-12-20,9d09ebd0-f5e4-4022-b315-aa3719219b6a,bfd30209-fc33-44e7-a4be-7d2be91b2842,11,1,-2.028069212180443,0.39549588389659635
0d590cf8-1b8e-4597-9fe1-2e54189ced95,2023,2022-12-20,8a231892-e40c-466f-9e2a-016a3433fda0,eed17656-6fec-4cf5-aacf-f932c5b66084,9,1,2.180316661070328,0.5821226465593619
142a1647-771c-4e77-80f5-6040c6ed1202,2023,2022-12-20,a15edd2c-08cb-44fc-81cd-ab493e8364d6,d6e9ba69-1ef1-406a-8fd1-17ef1a6980e3,-5,0,9.423064362952568,0.8192354519543955
1615a9b6-a911-4e17-b1ed-7435be426a4d,2023,2022-12-20,66f42ce4-3183-445f-b7db-b673bfb1fe7b,d20936f6-b751-41b7-a241-c75beb459360,31,1,16.402725094356875,0.953125975734474
1819cd73-d377-46fa-ad43-4aed93c46504,2023,2022-12-20,f4f493b9-00c9-48e9-a9c8-934ed203169e,e383f809-990a-4dd9-85b1-4288d45884e7,-5,0,4.355752502473602,0.7312691364510784
18a3a10a-638a-4d18-9f83-f2c6bebdfcd5,2023,2022-12-20,7d7d8e50-802f-4f7c-aedf-3116a743e835,48e9401c-d41f-4f19-9358-0f41a8d74ea5,32,1,9.87114894734772,0.8544553254117957
329baba2-5861-4b88-882b-317ac6093234,2023,2022-12-20,e10bd2a0-5b84-4d41-a1ef-08b801a04039,5efbece3-af1d-4f3e-8930-388ee4604cac,23,1,20.0950462587643,0.9553600236802615
3a2f0ee8-8fe9-4255-9feb-ebe0189847f4,2023,2022-12-20,06ef3673-5d7a-4701-aed9-726aa07838e4,bfe08930-1826-481a-bc46-217ae918d0c6,-8,0,13.291131121028014,0.9395875758076465
3bfffd0a-4c43-46a9-8292-30d8e7e672b1,2023,2022-12-20,4d964b45-0956-4e20-9bb3-92d90690ea01,63373289-6a60-4345-8e60-c44894f4f8cf,-8,0,6.829940628491247,0.7437037931235633
3d351e4a-1592-4f73-982f-54daee9c92c2,2023,2022-12-20,a61813fd-4a0a-4112-9fe9-2d33fa01a9aa,fda4e988-3514-4913-8f5c-1c8db7f59165,27,1,17.705355485027795,0.9523144574111292
4a472f9a-093d-4d78-b260-0333d8e6270a,2023,2022-12-20,173a69ab-4f3c-453a-a1cc-8b83c0ee2b49,ab66209f-04c2-4600-99c8-cc177f001266,2,1,4.159657856428434,0.6313457844822788
4b2f7769-2296-4d3a-8f7c-3bb060962814,2023,2022-12-20,cdc199b7-a710-4c11-a6e7-2384b399c06b,72c1f395-5916-463b-8353-47b99a272098,24,1,20.76843198953496,0.9856179451104385
56655d8e-29d1-4e86-a687-0875e0ba7969,2023,2022-12-20,8b7efe80-a558-4a31-90d4-b59ad2ffdcac,c88614c4-bad0-48db-990c-90a3243c3734,11,1,28.951560936621913,0.9899929137421815
597cb43d-05f9-497e-9747-b31cf815673b,2023,2022-12-20,2ff94ca5-2417-420a-b20f-387ca6793769,1b6320e0-71b4-46c2-9fb4-0c801f4c8770,22,1,16.863248840012083,0.9516513237224606
5cbb0735-eb44-4f3c-9358-d7e075345363,2023,2022-12-20,16e5ce2f-bdd7-49bd-a906-9aeaef0ffa08,61442116-53fe-4490-9f2a-17aad40fb68b,24,1,10.30990118699303,0.8507065002006264
5dc21182-6bfc-4f56-a150-f3bf3f4adf81,2023,2022-12-20,f7d3e028-cab6-4277-8d9c-799f5bec0712,ba34e76d-5905-4b7b-9c5c-9e014d969c91,-5,0,19.118726438207965,0.9651616778689005
70498807-1317-4477-845e-3c1dbc5ee1de,2023,2022-12-20,526a8e73-78d6-4268-9f89-6f7d90e5dcd3,ef3cd1ae-ef09-458c-a751-658436d5dfbd,-8,0,-2.42920534880053,0.34043381513338844
73ebe9c6-9431-4a39-be57-efc9872dc520,2023,2022-12-20,fccaf1a2-1439-499c-87a3-1615684518bd,8b6e9436-9398-4b24-b6a4-24bba0c8eac3,42,1,23.102554080776383,0.9824037392091746
751fbd3d-99be-437d-a767-ed5aa38912b1,2023,2022-12-20,6d0447fe-c13a-4ab3-b46e-cc2a08eb057e,b0eb9a16-e704-4784-bc96-af277fccf122,-9,0,-0.5562512528322107,0.45770446365271156
7bbba577-92f8-4b28-a319-c981f0d71809,2023,2022-12-20,c9739eef-f828-47a4-bcc0-548844cff9d5,c20e9648-8980-4cb8-b139-4343f24b2e91,-2,0,-6.224584450681369,0.30106678159272415
8164e156-6bed-4935-a70a-319ed2ec461f,2023,2022-12-20,a5600159-b71d-473b-92bc-8f7ab08f897b,d680033e-5d87-4349-8622-dcce2bc0559c,29,1,24.279564069944378,0.986593879906235
844cfd70-db94-4bbb-9aec-10c369c40de9,2023,2022-12-20,bdb8394a-cc25-448f-a1b9-ef5fe40bb204,588cf783-9153-4586-adb0-8eb7fb71d013,-11,0,1.081047457733167,0.5279742703823002
84d273fc-b4cb-48f0-b4bb-d410c248f2e2,2023,2022-12-20,55f602a6-b8f4-4fc5-b30a-9a23ad91a2d8,eaaf67e1-30a6-41ca-a400-906b86d42a58,6,1,1.7828471731066258,0.5716990683396217
8d7aad5f-9dcd-4bc9-873d-2c70e21eb925,2023,2022-12-20,611e61cb-eec0-4487-b0c1-1ea8cdba0762,0d4551fb-d4fc-4659-b14c-fdeba3555569,-1,0,12.788118459240668,0.8729495385645222
8f9967a7-ad3c-46b3-806b-deb1558af525,2023,2022-12-20,05dbf7f3-9fc5-4818-bf47-490e1f7c7186,6748ba88-58dc-4e41-b3b3-d8df2c4a3c4e,16,1,23.774679560231583,0.9863943293018269
8faf4241-9972-41d6-a960-d27c007ffb6d,2023,2022-12-20,d739e8c5-4395-4b08-b8ca-445d1a57a451,0b94d899-a6a7-4449-b626-07126971cd67,-2,0,-0.5375497492397516,0.4403469035725814
945a149e-319e-4f33-ac8d-de46336481f3,2023,2022-12-20,81ba36f8-a53b-4696-8877-2e9bb161598a,48ff6f70-fd07-4a02-ac71-b973f0ea0451,38,1,19.39952201602727,0.9795180469987982
a04b73da-0a97-4aff-9ae8-348dcd6fe4e8,2023,2022-12-20,81937a80-a7e9-4025-9c21-2ed38625cdae,9c773261-49b7-48c8-816e-3e3260997d71,-12,0,2.3540519810710956,0.5343736806058305
a076390f-db44-4783-bad2-6e7e0e1b1d2f,2023,2022-12-20,92e2201e-4d6b-48b2-b40f-1980a5b48c0e,0d002e4e-eb5e-4b77-9116-89839d4f537f,-11,0,-6.241944628414448,0.21457815371744196
be719cc0-c8ec-43f2-a173-39d23ff9387b,2023,2022-12-20,888089ca-9632-4e33-856f-b210b1d946cb,d6ec4d5f-7d79-4064-be14-71636bf66d75,3,1,10.147701146517802,0.8613236566801333
c0194cbe-5357-44b4-82a7-798517b1e350,2023,2022-12-20,b13d1921-03e3-4f47-b962-4e9951de7510,11c420a2-9004-49a5-8268-6683a741a32e,2,1,11.599804150322754,0.9075299965227918
c2303191-40dd-48c2-8c56-fc83cb9459d7,2023,2022-12-20,873aeddf-ece1-4971-83c5-24ff228e2954,99bac3ff-1929-4a83-a593-5c1e123a25e6,9,1,9.507661878456899,0.8311272227943823
cad1f62f-8583-4e12-bb83-017c67d12bb9,2023,2022-12-20,22b7e3ea-2a6b-4f0f-8f10-40ab409da1e7,8782ac7a-e553-475c-b110-c58c7e61ddd4,21,1,16.49009678909263,0.9553727008722303
cb5d5781-88df-40f7-b933-9668702a38c8,2023,2022-12-20,090a9b59-4e95-410c-b5f9-c4d63d9caea8,4a3968bb-0d67-41c6-af5f-7ac59ae5cc3d,10,1,-7.491332889443786,0.22508724433937055
cbcd8338-b935-4cca-b815-e1ee53f4e4c5,2023,2022-12-20,41088861-2288-4681-9b1c-b52f63527faf,bb0be232-db5b-490f-a3df-709f20bdfb71,10,1,21.31550980348168,0.9883946454285405
d302b82a-aaf1-4b8d-ab70-82febe48d424,2023,2022-12-20,f408da5d-dcf7-48d6-b4b4-485c6241d6d4,88471167-5c0d-4477-bf1c-b50a9fa96a10,11,1,12.997781834680653,0.8924649539047765
d8492b71-fd00-4495-9083-b4aea46fb604,2023,2022-12-20,1e86acec-a854-405d-a4cc-d096ee03f22c,61c096bd-3b5f-48c1-9f04-b18693a77cc0,10,1,10.631160949131866,0.8693138692237274
d8b07c5c-8381-4095-bce2-7503e203c933,2023,2022-12-20,3c7653b4-ff75-43ce-b3db-0654e938bcd3,c324cc75-a904-484d-b520-1f21664c89d7,10,1,18.578019748864055,0.9627454432533248
e4ecf882-d9c6-4356-9a67-0a1c4d6d453b,2023,2022-12-20,8e941979-021a-4b68-ab5b-5ee34fe0e06a,e22f605d-41f6-4e5c-915a-987ad0c44569,20,1,36.512114369168934,0.9920064540821983
ebbee898-0f55-47a5-8c5a-68b548fa9972,2023,2022-12-20,88dfcbfb-3d60-4978-b275-46ae9f682ad8,40d1c23d-da10-4e19-8a9f-d69e48e05c30,-9,0,-6.092195313473337,0.28733189682881316
f3834c37-661f-4b25-9091-40f30b075cef,2023,2022-12-20,05300c53-1c99-44fc-894f-5d062cc9254d,15d2579a-33fd-4772-9d78-e929a093bd79,5,1,-1.6705888371373083,0.4376793836024625
f63c6807-d0d2-4d5f-a3fa-b0cb16ad4a0c,2023,2022-12-20,cf67c587-9808-4deb-9419-41a1a58f81f0,410b3365-a1a1-4bca-b3fa-52270a02f75c,7,1,14.38976846558292,0.9268307353767732
fc834030-83df-425d-a97c-4cfe6ad4bd53,2023,2022-12-20,b6c50d53-e53e-42aa-8c2e-1297e733737d,07960f6e-9ad4-45bb-82bd-06f477a011e3,-8,0,-1.6472690272661297,0.44517801675424445
06287c7e-d2a2-4dc3-a6bc-7fb95a50981a,2023,2022-12-21,93759732-e117-45b2-a99f-f09b689de84c,ca0af9b0-0073-4e1c-baf8-a15069168abc,12,1,8.528362637974734,0.7793338039996396
08fb4ccd-548a-4a75-ae06-96864d4d8a1b,2023,2022-12-21,b1cd7b83-cc64-42a8-b41b-45343632eee6,1cddcec2-cf89-4c5c-9810-d148c368b08a,15,1,3.8804849312556855,0.6832666708645707
0b2e748e-f355-45ed-ac0f-a1b1789b0cfd,2023,2022-12-21,4a6135ce-718a-497f-924d-23f4797243ee,e1e53055-037a-4acb-82e9-552f8abd6635,8,1,10.661904918740342,0.8830817105885423
10d654f5-c792-4132-aa7d-abf02b8a0ae9,2023,2022-12-21,7b423c28-572a-4a7a-982f-3d59e0fb25fe,db22a3b8-fd13-44f3-8968-9aeb04d833e7,-25,0,3.1706621102792933,0.6262066764310216
242e9282-0030-4be9-8837-c3d2ea96d23f,2023,2022-12-21,b4194217-55eb-45bb-b105-160e06f0b625,9b92c0ff-02a8-49a0-bb79-32eb70b7681d,22,1,3.0706429811734357,0.6723396854232003
27db3870-df83-4001-99a9-a8c2088b020a,2023,2022-12-21,ec3ac254-d13e-4b51-95ee-389447c70400,96babb60-08c6-42a2-becc-a075a465dcc3,28,1,12.828532762796787,0.8980188253981577
360f6a1e-a497-45ae-9609-3f7517406d08,2023,2022-12-21,9874a1c9-7e78-46e4-8d3e-6fce94e7046c,fc903652-4ae3-4b36-82b8-fea6345f3b2e,34,1,26.452630464125285,0.9870611213851355
3906559b-8908-476c-bded-a5832181869c,2023,2022-12-21,8d694562-759b-462a-9766-ac29e999df71,0112fa43-c6c9-4c88-be78-7e0818374d56,10,1,1.5386333761574125,0.5499037355117146
3b321652-daeb-4836-850a-8ac26216fcf3,2023,2022-12-21,14e4e2ac-f90d-419d-9b14-9a9e3ba13b59,a1fb658f-49be-4887-a725-48a42276ac48,5,1,10.926755087890605,0.879670623246151
3c78f28b-dfca-4614-ae69-d428cf79ef14,2023,2022-12-21,712e6366-f137-4f9f-a647-831a2797543e,23328a3b-6bde-4b61-960d-5c45fab4d16a,-13,0,-7.579308594745604,0.2317597433531247
3cd102f5-bfe3-4a97-b26b-38bbe52a3162,2023,2022-12-21,bab73e4f-6d77-4aa0-8c6f-347009c2283e,320ba34b-ed3e-49e5-8563-08246b20d1d1,18,1,3.176303139091477,0.5936957041551049
3f5f83b0-fd28-43cf-8c0d-14d6daf90600,2023,2022-12-21,fa0efad2-ee60-463a-a297-fb45c393e624,718dfd9d-59ef-415b-875a-8c861f6adb33,-9,0,26.855229164347985,0.9892036079687435
46d633ec-8fa6-46af-9581-3af3fe5a2471,2023,2022-12-21,957c8e2e-1939-4c65-af04-df116ac4086d,afebdb69-0f48-47d1-ac8e-740bb58c993e,-12,0,-15.416307847009417,0.054949471474495054
48c94ec8-5c72-4836-bd83-8a6d3faf3130,2023,2022-12-21,be0c2be1-019f-4c49-9ef1-92f53c9c23b0,34002612-3816-4311-b39c-41d24ddcf17f,-11,0,-8.260859119231768,0.19787946727494157
4dea07c3-daf2-4f28-8d73-87f3d4a44676,2023,2022-12-21,bc48226a-5e03-49d2-aa5a-550081373e7c,175f9186-422d-479c-a771-d9f218a1a87b,20,1,33.80836415276996,0.9922404334534517
4e6c7881-fbda-4506-8398-c2abce17b6ec,2023,2022-12-21,8e864d36-5a07-4d24-bea5-f7b85c3187bd,d5e139fa-05e7-4c6e-b083-5261fa76ee6f,-4,0,2.8066612085815508,0.6634821671266811
58c4705d-bf6b-472f-b99a-b162570f85a0,2023,2022-12-21,92c5eea2-cf1c-4902-bae5-39cf63a77442,a4574b8e-6d1d-4ed4-a947-b175f74c6387,-23,0,-3.611493048756721,0.323396242127371
5b476d34-86e5-41c1-b299-2b082487072f,2023,2022-12-21,f62a4b7d-6f85-4607-a748-854c9b8c0c5d,3fb4c1d4-021b-4e64-a997-b47421257d4c,1,1,8.948760617176674,0.8043048099369595
601e957a-c5f4-4ef9-826a-fdf20638ebe7,2023,2022-12-21,aecccfce-5e00-489e-87e1-2622303b6120,e5fb9be0-e310-42a1-9744-47b3878c37eb,11,1,15.974396027444648,0.9336476864104877
6395b1bb-61f3-4f6b-b6d6-14882ede1e2e,2023,2022-12-21,e81d4510-e1ee-4dbf-9b00-28fe6eedbfb4,bea9ec66-e41d-4afe-aa79-8a5b0f020811,15,1,13.49865024904425,0.9234728535468776
66b41d38-f1d3-4b4c-bbe4-9bcb27d9ee8a,2023,2022-12-21,4b5bb58e-38b5-4132-b2e0-876169cd4017,d13063ca-830f-4027-a1e1-7961d39c81fc,34,1,15.600570668345142,0.9348225345589192
68dd3ee5-07da-4eb9-89b1-ad40eca05b6b,2023,2022-12-21,9226a51e-74e7-48ed-9e95-6890a182148d,d4ca3878-1113-45b1-abbe-5a9a3c7c5430,10,1,8.261334597904051,0.7701928048305162
6cf071ea-22d8-4346-8284-227a0d2c15f9,2023,2022-12-21,2f8127bf-68b4-4cd4-bb81-d18b7f461cba,f51695f1-a8ee-4f8c-b518-879ffe6b0dca,16,1,11.974460000252705,0.8960854687609202
758f05b7-9c9a-4ac2-802b-a0f8f430e44a,2023,2022-12-21,edd0d0e3-31f0-49f2-a22c-b47c8e8ba9a6,c1ddb62d-8103-4ef4-a556-df9238531bdf,-3,0,10.499215525785708,0.8143695847846338
7f58366b-ab7a-47e4-bdde-c7d332cffe43,2023,2022-12-21,bf2aafb4-bbb6-476f-acfd-8793128f565c,0621d617-e31d-4e1e-a043-a11af2f706de,9,1,10.549643208560282,0.8429941348791191
8264c6f3-c2db-46a4-903c-cca9692ec39c,2023,2022-12-21,9cf58c59-1075-457a-b79e-942b453b75d1,7a193c3e-c732-47d4-b893-cc0c575ff431,5,1,-5.18725856311727,0.41401240097537423
8380323e-f87a-4eb3-84cd-01ba8ee58074,2023,2022-12-21,12a96cea-6b94-4165-bfbc-3fbee5bd51ab,5211ce8f-cc9b-4218-b190-975f87318dc3,10,1,8.745694896238893,0.7848539997655329
8badb3d1-946c-40ea-920b-1921588b9fbf,2023,2022-12-21,45f03492-2831-493f-8176-63dfae6670de,a0454954-f558-44d1-812e-59b90041128d,4,1,3.4359382497878275,0.6392461308663827
8fdbe697-66cb-464d-8af3-dd3be43ee088,2023,2022-12-21,4db0dce7-2ca3-42fd-b71e-f5e13debacfe,5b25de37-34c7-4ebb-a149-b0ca3c4ffff6,22,1,32.88962997854825,0.99216052892143
94b7142a-a739-4db9-899d-e424519d6609,2023,2022-12-21,428b85df-3b5f-4b21-a384-f1bd53f95d19,4a1337bf-77da-4acc-8a27-5f6ee2d1db60,-2,0,-2.487224920725932,0.4039559889952536
9fb7f783-0fdc-4a25-aa86-b91b7a79f610,2023,2022-12-21,3d8ed3b6-e3d1-4a7e-b179-fdc92e2640e7,393745fb-1951-4506-ba94-c10dcd66ee50,-2,0,15.969807185264377,0.9339059274429802
a5a97b8f-9aaf-4a97-88d6-dbeec86e431f,2023,2022-12-21,b349d38b-bc08-42d6-bf21-e6c826c45b62,d42bc01b-0728-409e-8ce3-c205d30493c1,13,1,25.90969108080067,0.9903077966637823
a65fd39c-5b8f-4862-9dea-6e453d165630,2023,2022-12-21,4763d2f0-5ee2-4763-8617-946f08bac925,7e4e4039-a37d-4b42-80aa-0fc18e241eff,7,1,-11.742884329664689,0.129729548742669
abe51970-96e2-4007-8145-f770bbf5e627,2023,2022-12-21,2dba4db9-bc1f-41f7-b1e5-8d94e117c1e9,d1f5a19f-6263-4ac7-9ceb-e1339595db2f,1,1,2.4907444529699436,0.5316730504174267
ad8fcd84-1888-4334-ab47-14d95534ce34,2023,2022-12-21,445a7698-bd20-45f7-9c62-e0ca0057e959,b034bc0b-a11f-4e43-b372-127640b1d5b0,12,1,-3.408249223483361,0.3377928352809383
af69528e-67ac-4dc2-99d8-dc8034ed2e4b,2023,2022-12-21,f16d5827-0b65-4b48-bd2d-584314873b9d,d3246ba0-2060-4e3f-addf-f8704b79380e,8,1,10.031313598646571,0.8366539457634711
b27e4270-76c9-435f-bffa-ba0fefeb0f45,2023,2022-12-21,2cb246a7-863a-4dc7-ab3d-eabccbf12019,c282b887-5bc1-41e5-8a0d-15287474de7d,11,1,7.898258484199255,0.7867717171174544
b584c44e-1b37-4559-9425-5251ec514bba,2023,2022-12-21,f7352462-5710-45c3-bd64-969e67428b1f,1e95b7a8-8a2d-4c93-bd01-79b311a80f40,15,1,13.095421040525691,0.9117883164313528
bbd7410f-7316-4182-a348-a0d6001b1dde,2023,2022-12-21,f612c81a-f044-496c-871c-5c643a5e8f9d,7bf0273c-57aa-4412-be01-e0e08fb7cd81,17,1,15.594743944460136,0.9331994487479142
c823ef3a-0ae7-4ac2-b4fb-d8f6c4ae6b33,2023,2022-12-21,9cc36a7f-4ac0-4523-b7cb-99b33fd2fb4f,f1d0f01f-d161-44fe-a534-6f4383fe2d0a,42,1,30.237002862080953,0.9902973971205628
ca4c2f71-55dd-4f17-a43e-441af1ebd336,2023,2022-12-21,762cc817-6e37-4650-89d1-6bff265dd1b3,9cee8aea-80de-46c5-81a8-499fc49acb57,44,1,30.753645023901083,0.990227163152175
cb18d312-7f07-4bed-8f14-e05ab0a50172,2023,2022-12-21,7970fe41-5393-4223-935a-46250b8a26dd,0e5ca5e6-5ea7-44a7-8587-b4c7834a4c52,5,1,11.57795516495612,0.915295152734728
d0b100ac-b9a2-432c-96d8-c0386d28ebd6,2023,2022-12-21,6aa9d05e-84b3-4e72-815b-fe3dd02b1e03,77dbd2b6-8c48-42cf-9cfc-6fffa07402bc,11,1,6.169689378531659,0.7672162373300802
d247e879-0e25-4a77-8f36-82beafa9b8ec,2023,2022-12-21,e39dbea2-e913-4bf0-9407-8ef31b60b82d,9c36dca1-e045-4592-9000-60f62b244bf1,21,1,21.090801367447746,0.9851441237078348
d37930c1-e242-4848-a498-4022f0a74caa,2023,2022-12-21,c84adc87-6cd7-4df0-9245-59fa829300e4,bb243294-1aa5-46dd-af42-c3676717c61a,23,1,4.192849262290154,0.716498962809671
d469a00e-287b-4832-bc8a-bc86935054ba,2023,2022-12-21,a81b1489-4c0f-4a3d-bfe8-a9efcdb13d79,40fe605d-085b-468f-aec2-614432798d3f,4,1,7.99804252531023,0.7976763133272017
d5908707-dbc2-4fd6-80ad-7d1fbcd4c315,2023,2022-12-21,9a68215b-c4da-4c48-8fdd-6f9862b46f80,a8ab3f0c-a155-4d9d-adf9-5593435a0152,27,1,26.08485803739067,0.9890167647176161
d5eaf078-e9be-4543-82c4-ff6b333dbfcb,2023,2022-12-21,127a96c4-6d95-4519-ae56-77c271aeea23,d19262e6-6584-4276-9fb9-d5690c3ca053,4,1,-3.962302454136095,0.29046791356421076
d754f3b5-af95-449e-846a-ae3fef37e24e,2023,2022-12-21,f022d404-14a6-4105-afd2-445afe77bad5,2a391736-2322-4864-894e-4856c2d517d7,10,1,11.839056033589646,0.8990024181342545
dba07dcc-a05a-466f-a331-aac2d64ef893,2023,2022-12-21,c8e7388d-5a50-447b-ade8-addcc758d8dd,0939b5e1-8421-4924-a8b9-9846ca06f2fb,39,1,34.3126138427239,0.9933107613580455
dc0edf25-3a29-4863-813c-ea9cbfc48ad4,2023,2022-12-21,4ae8be32-616f-4721-85c4-1e22239e7db8,3950a3d3-d1b1-4dd9-bf4b-2356ed344246,7,1,-0.7389913354215799,0.47346879523895363
ddc2921f-bc0a-48ae-b06b-b443369f5ca2,2023,2022-12-21,bb82a5ec-96c1-460b-a414-50e0d2b6b1a4,a757dae2-f596-4065-9e29-b365b91af590,-19,0,-3.018346374519008,0.4372704284937254
dff531b5-5f51-4b74-a19d-88cf797a8599,2023,2022-12-21,29503a81-0fe4-4a0c-8022-d23ac7e092b6,e145a47f-597f-46fe-b58d-64dae192efc0,3,1,5.806166810549572,0.6943678313863846
e36a965b-1e8d-492c-9a28-2435980cc41d,2023,2022-12-21,66ad8504-16f3-4990-9abd-ff1e776dfb86,407f6796-76ab-4c28-8f30-cebbfbe534dc,6,1,7.898092248681357,0.8345506593175056
e5a046b2-46de-44d0-ae76-e7eb0563bf55,2023,2022-12-21,170f63c1-c0da-4464-9352-7a33c5e2b3eb,1a2c070a-303f-434e-a50d-c98ad9d9f88d,13,1,12.861108484166767,0.8976625740191839
ec000393-4e56-495a-a801-b27371430fb8,2023,2022-12-21,f3eafab2-d52f-4409-b7ab-63598919e46d,11b2b228-e668-4561-b527-22cb63540f1a,5,1,9.167843110210153,0.8258718423457655
ee98dbce-d3c1-4327-b274-f41e231ce5d2,2023,2022-12-21,97cd7805-e5a7-4739-97dd-116010ceb9af,fe1d1802-ae97-4c4b-8c1a-aef0cb3c5646,37,1,2.126549564000683,0.5344297231155066
f008ab59-24aa-4810-a082-950b09a98526,2023,2022-12-21,80cec103-b3b1-4978-9b4a-f1ad161630fd,8674cdcf-acde-4035-bcae-1c7c0d7549e5,1,1,-0.40271188399007035,0.4873520041378623
f165462e-88b4-4222-9384-81ca4866190b,2023,2022-12-21,6ddd1347-422a-42ab-8c8e-fd5c9b4e78f1,11018b71-58b8-48c1-aafe-d3f42d4dc4b9,8,1,13.182290567187062,0.9185447138506807
f3f522cf-7080-4efa-94a9-897c81214075,2023,2022-12-21,d65c47b7-fea1-4f82-a29b-c2d4f4e48b4a,fc62dc2f-7404-4a85-b1d6-49d5135283a3,10,1,1.4584681463313793,0.5868436646722013
fb1075bc-073a-496b-816d-4d14731c3b9c,2023,2022-12-21,348c253f-b663-454e-9b7d-051280f46334,1c48e10a-5d97-4c46-8f8b-4217683da26a,-8,0,3.242875705446904,0.6164914186118018
ff256dc8-f745-404f-93d8-9eeacbc1ee6b,2023,2022-12-21,295728d9-e6d3-43a5-a29d-26c403f073cd,5a36a71a-5c48-4f55-a80e-17e194f320ac,-3,0,12.60468898796844,0.925711878402883
0a5dbb9c-80bb-4f0d-8b08-9574f014850d,2023,2022-12-22,d6fb85c8-3e1a-4375-a5a6-b293e672533e,63373289-6a60-4345-8e60-c44894f4f8cf,5,1,-3.7487591480238507,0.3301820376380488
272e13e7-99f0-456c-b4eb-5fb58da12d05,2023,2022-12-22,170f63c1-c0da-4464-9352-7a33c5e2b3eb,12a96cea-6b94-4165-bfbc-3fbee5bd51ab,-1,0,-1.3667903863675321,0.5020360543946503
2edcd3d5-db93-4f28-befb-bb31e292d7e1,2023,2022-12-22,ff27601d-133f-4abc-a42e-f55d4f497bb0,892bcbe8-a66c-4c57-88ed-c82e0c13706e,6,1,5.352852705788319,0.6877624955255431
30be1bc6-35aa-4515-a325-770da206eea3,2023,2022-12-22,8681e6eb-5cf9-45d5-b215-af3a54ebc784,1a879f38-8a98-47b8-9c92-7da920f1562f,9,1,16.36593703499647,0.9490171033344317
31978287-1578-49ea-a989-3d7488e425ec,2023,2022-12-22,ef9503da-6c3d-4207-ba0f-3cf770627dbe,a15edd2c-08cb-44fc-81cd-ab493e8364d6,-10,0,9.332172851073697,0.8438857820581331
389aa5f9-7fc5-48dd-8fb6-bee439448788,2023,2022-12-22,251330f1-c041-4520-b4a3-114f8f6b2ccf,894f397c-9c66-43c1-9223-fd405e35b0f8,13,1,11.272436505660252,0.8956230026469651
39fc1c0f-0a4f-4d20-999c-ac4770c83d99,2023,2022-12-22,7631bceb-b254-43fd-b331-b90b901b5959,57f7bf85-91b0-433d-b843-94485a520954,4,1,1.1811598422917642,0.5728440157822543
3b4206fa-6490-4c6d-9c0d-23a38bc02621,2023,2022-12-22,e198833b-92f3-4fa3-a2cd-82f04ec7e0c3,526a8e73-78d6-4268-9f89-6f7d90e5dcd3,12,1,19.924286787380968,0.985509546384375
4157f3c0-751a-48e1-99d5-ad56b3435a2c,2023,2022-12-22,ed26e9f2-0346-429e-8084-a40c091454e8,015de200-e75d-4f5c-b26f-60089691f965,15,1,1.6864320448380208,0.6205059060724578
4226949e-34eb-463e-b13c-8fdd88fe0cdb,2023,2022-12-22,60cca73c-a30b-4fec-8cc0-a18b3dde7312,35329519-6dde-40e0-b790-2b49aca6673a,3,1,8.062309284924343,0.7952323876849446
4a1a3a6d-6b37-4dd4-83ef-a05d99e92284,2023,2022-12-22,bc1a0cad-570c-477b-93fb-2050c0e2f9aa,a155af26-bc09-4c69-9940-efff8f3d15e3,-2,0,-5.64242402389868,0.29107968829457126
4ecd3e9f-950c-4758-8263-803918dfea42,2023,2022-12-22,9ba3b86f-e9ff-4c69-a5a2-865d61dd56ff,389dc2a8-706f-48c0-8579-33b1857c38b4,-24,0,-14.699351804494396,0.06487009111775038
54365fb6-acbf-4b21-ad72-b6b24d46d43b,2023,2022-12-22,1a2c070a-303f-434e-a50d-c98ad9d9f88d,5211ce8f-cc9b-4218-b190-975f87318dc3,-9,0,-7.339107994645835,0.21566430523973643
580f1023-6989-4024-b840-213588751183,2023,2022-12-22,97cd7805-e5a7-4739-97dd-116010ceb9af,75ed6a75-4599-4fee-816b-ed729babf81b,32,1,30.088958149573717,0.9919314194751617
5b0d6e0d-d0be-4e73-bcc0-96472d5c131c,2023,2022-12-22,4d964b45-0956-4e20-9bb3-92d90690ea01,f0c6c56b-f155-45b4-bed7-e886af6e82f6,11,1,3.586645401508016,0.6806105040392225
5c1e584a-9a9a-49da-8fbf-d6cfa3aa7f86,2023,2022-12-22,c238c9de-59e6-4d8d-b9d0-745eb8ec96ab,43c4f9a5-d6d5-4dd2-bfac-0bd3adaf79f7,22,1,15.180085385778813,0.9340245638624961
637a5a67-9d95-40b3-ae51-d166176f6670,2023,2022-12-22,22b7e3ea-2a6b-4f0f-8f10-40ab409da1e7,9a193882-d061-4d9a-b1d1-da7a483f7cf6,25,1,29.280932691918306,0.9887351725377986
7051e0a9-bec7-44ae-ac12-12d70ddcfa0a,2023,2022-12-22,c21e5ab2-08dc-48f9-b923-9526ce89d623,304b93c1-4157-43db-bc99-6f2b071e4429,4,1,-4.377677276472268,0.33764536511105353
70804914-e031-4737-842b-e3fec9e4182e,2023,2022-12-22,aab3630e-9c8d-453f-b0c8-afdfe71a5d3c,7d7d8e50-802f-4f7c-aedf-3116a743e835,-11,0,6.682937614657552,0.7850409587454534
7566a8b4-542c-47bd-ac06-ebb510504148,2023,2022-12-22,a5600159-b71d-473b-92bc-8f7ab08f897b,9c1c5097-7168-4529-8378-8f68f206bd9f,6,1,11.40933180002736,0.8984643245660592
801a5386-53ff-420c-8b2d-2c42337280d9,2023,2022-12-22,01325ccf-0551-472d-a463-55f692a5e50c,814a38f7-2f64-498d-b6d6-a9ae4df96850,11,1,29.97403953431396,0.9905465769534809
823793c0-74b1-4b72-b13a-91744a4a535b,2023,2022-12-22,cdac95d6-25af-43a9-a6c0-1004aaa6a183,92e2201e-4d6b-48b2-b40f-1980a5b48c0e,17,1,17.2063001821213,0.9539586332603535
8ad8b1e5-ed1f-4c14-9d24-8f4e7b0e4396,2023,2022-12-22,599c2f7f-3472-4f93-9807-39b33c575236,d5e2b5fa-8cb9-45b6-a822-4e64c46bc8fd,19,1,3.2988592857769965,0.6591987859209364
8f0a7afc-548e-4aab-91b8-2aa1cba29f1f,2023,2022-12-22,1f74189d-a265-4a43-9a13-b26dc844746e,f4fab986-a169-4f78-8a7b-6be149e86c10,4,1,2.902959887970031,0.6483367288992604
9b81aeef-626b-4a15-9a31-0ef10dd8a2ea,2023,2022-12-22,e14feeb9-739b-4aeb-9533-8dd2dbb772c2,105b326b-5a9b-4c89-a5ec-7e020f9e72e9,3,1,20.07639464219227,0.979444874460917
9d609e3a-173b-48a6-9951-bb49c57b08bb,2023,2022-12-22,22641200-31a8-4bc1-9df0-8a3393139dde,21bdd018-a21f-44da-982a-98efb6d24ca1,9,1,13.998323693129132,0.9327934498353687
ab9e83cb-bf50-4fd3-be9b-f6aec827d006,2023,2022-12-22,11c41163-ceed-438b-bc9e-333b60a36e6b,e4d1f824-05c1-46d2-a96e-fd3dba7ac334,22,1,0.5623141955486335,0.5698122048055436
b7548072-5d20-4241-a6b5-1ac036409b45,2023,2022-12-22,ef80c085-db7d-4b36-8fd0-13ac9be0099c,5fa1ed7d-157b-491b-9384-66ab06dfeefb,19,1,11.612192059634312,0.887951594163093
be555ca1-c066-4030-aca2-c830d3bfce83,2023,2022-12-22,e0accbcd-bd68-4bc0-a2a3-3c32753815b5,297b5678-ce67-4c02-bfc4-2ccec5343d09,-32,0,-23.7860606379455,0.03814059510735393
c3983ca5-1bbe-45ac-9a77-559727f3b40e,2023,2022-12-22,f6d79bbf-f8fa-4aad-8a37-6172d43ea482,6c796971-9e91-4507-a6ad-9699cb1ed2b4,8,1,23.74146892472434,0.9830550746689909
c5d44cf1-86bd-4115-8c91-5312404a405b,2023,2022-12-22,b2a4914d-552d-49ca-818c-4219f9a5baa7,8a231892-e40c-466f-9e2a-016a3433fda0,2,1,8.763705434192177,0.8519459874964227
c9e71c6d-7f6f-4ddc-93e3-1bb11f766a51,2023,2022-12-22,27a2a3c7-c672-4a2e-8381-bf31d528c0d0,9f8c4a3a-10fc-427b-a3b9-f54bcc243010,30,1,28.750419939950262,0.990874516961405
d165a074-2b3b-44d3-878a-8ffeb13b748e,2023,2022-12-22,bce5e657-8430-4508-b956-64ed47e82de9,f14e71df-6c53-4abe-b789-c0d73a44b276,28,1,8.280770890520248,0.7887868760223685
d6e92aab-ef2a-43e5-b927-e9e9afb1b19c,2023,2022-12-22,927f9c80-da40-44b1-834f-ea1d457600d3,d680033e-5d87-4349-8622-dcce2bc0559c,31,1,19.301617034269633,0.9742058321032807
e37b741e-1c82-4b61-8b11-297be64abbff,2023,2022-12-22,3b586230-34c7-417b-bdcb-3245c5a8de8a,b462e428-f59b-4465-b793-4cef6f10cf66,-2,0,11.505530428861025,0.8685627384098337
e3bec076-4a4f-4449-a92d-53807697e62a,2023,2022-12-22,3c06c3f7-a7c4-4179-a9a7-d9b86afaf42c,61c096bd-3b5f-48c1-9f04-b18693a77cc0,-9,0,-2.829198797199041,0.35365055755831554
e9870930-a999-40c0-babe-8e5e7afd4a70,2023,2022-12-22,cbb7e0c8-4326-453b-9357-a01df1076809,3bc40b20-71e2-4fa2-9c99-8e0b6cc3460b,8,1,11.316756829702001,0.8307644862103204
ea51f81f-a864-4015-a241-874142421fab,2023,2022-12-22,75db89bb-f85d-4726-b2c5-e7f61c8115c4,5bd87308-1027-4aba-a8ef-970bf8e9ac0e,6,1,8.580827371863666,0.8228351075517581
ec081c62-abcc-438d-8567-69ad74163265,2023,2022-12-22,4fbf8f67-3961-4bf4-90b3-56c201b1283f,067fed65-5ce6-4ac2-b769-11805417f5ce,-3,0,-1.755009932607838,0.4652207983109114
f399f4f6-a899-49d6-a4aa-4967b698f050,2023,2022-12-22,f69cd607-9c59-41dd-9dad-e5a5e9ec4370,325c1fce-e70b-481c-bc59-315b7defd4ad,11,1,0.7138230167332057,0.5361515856373414
f83c0143-dfb6-4177-825c-12c2f136fd52,2023,2022-12-22,7b4d1f71-de6c-49c1-a95c-de84c4aa46a5,c3807661-da5f-4ce7-af5a-e086fc56158a,-8,0,1.8355681442820067,0.6319489538295312
53c38576-4621-47f7-9761-fff952d4cb2e,2023,2022-12-23,8674cdcf-acde-4035-bcae-1c7c0d7549e5,4763d2f0-5ee2-4763-8617-946f08bac925,38,1,16.42274396013015,0.93108357539909
583b8116-1d94-4a33-b0f9-731af9efa0f5,2023,2022-12-23,71aa15ab-9b94-4d3a-88de-3f0ae5d9a44c,2a391736-2322-4864-894e-4856c2d517d7,35,1,25.528608672138056,0.9869228647093184
89524585-acc0-4261-ac76-e1f61d37888f,2023,2022-12-23,75db89bb-f85d-4726-b2c5-e7f61c8115c4,c6e998ac-727a-42d2-a2d4-0e7c854dd383,11,1,-3.719639129326504,0.36175091929753084
8d9ddccd-ec9d-448d-aad4-8457cedca014,2023,2022-12-23,bce5e657-8430-4508-b956-64ed47e82de9,c21e5ab2-08dc-48f9-b923-9526ce89d623,-3,0,7.046805507568963,0.7353098857976155
b91c5059-f157-40b8-abfd-36499f154e05,2023,2022-12-23,cdc199b7-a710-4c11-a6e7-2384b399c06b,873aeddf-ece1-4971-83c5-24ff228e2954,14,1,5.283624501329692,0.7204868665307196
df5f3892-5460-4804-8f96-b395aa128203,2023,2022-12-23,f14e71df-6c53-4abe-b789-c0d73a44b276,304b93c1-4157-43db-bc99-6f2b071e4429,-11,0,-3.3700647378361612,0.3291232353880114
63ecb903-23d6-4940-b892-04b26ad32557,2023,2022-12-25,75db89bb-f85d-4726-b2c5-e7f61c8115c4,c21e5ab2-08dc-48f9-b923-9526ce89d623,1,1,2.0973959876065496,0.5434025927714758
6dfdc154-593c-4e85-b408-5c6a603316e2,2023,2022-12-25,5bd87308-1027-4aba-a8ef-970bf8e9ac0e,304b93c1-4157-43db-bc99-6f2b071e4429,-10,0,-8.82309710257895,0.15174177241503126
84e35249-1623-4237-ba52-7736da5132d9,2023,2022-12-25,c238c9de-59e6-4d8d-b9d0-745eb8ec96ab,247817ad-6065-4e8a-80e7-26c838de4153,15,1,17.956504399620293,0.9603842996289224
c8596298-9f25-48b9-903f-25b2e9484898,2023,2022-12-25,c6e998ac-727a-42d2-a2d4-0e7c854dd383,bce5e657-8430-4508-b956-64ed47e82de9,-9,0,1.7416151708025494,0.5236226615978773
0b2f074c-71ad-489b-afcf-f00a32f6dc56,2023,2022-12-27,762cc817-6e37-4650-89d1-6bff265dd1b3,fda4e988-3514-4913-8f5c-1c8db7f59165,39,1,29.345097807675856,0.990303161654199
27c885c0-04da-44f1-a33f-916e76c0783f,2023,2022-12-27,ec3ac254-d13e-4b51-95ee-389447c70400,4a3968bb-0d67-41c6-af5f-7ac59ae5cc3d,25,1,24.90427156867631,0.9911382431366266
2eb3843d-9c28-41ff-b9b8-725e1c932ffa,2023,2022-12-27,d1f5a19f-6263-4ac7-9ceb-e1339595db2f,588cf783-9153-4586-adb0-8eb7fb71d013,16,1,11.01765681058518,0.8718318871997445
35ea8ff6-76fb-4505-8816-81a7d474ca8f,2023,2022-12-27,f7d3e028-cab6-4277-8d9c-799f5bec0712,c324cc75-a904-484d-b520-1f21664c89d7,12,1,18.06927522876016,0.9459108034630402
4e57f1ae-5823-4332-b6d6-c6b43aae6cc6,2023,2022-12-27,15d2579a-33fd-4772-9d78-e929a093bd79,d6ec4d5f-7d79-4064-be14-71636bf66d75,14,1,10.047251940040507,0.849192974711154
0095308d-6e7e-467d-a495-9d5c369e92ff,2023,2022-12-28,8d694562-759b-462a-9766-ac29e999df71,eefb221a-cb2c-47a8-a13d-1f008fc6a8a0,-12,0,-2.5783658575409123,0.44415776535186413
0d3b2ce7-0269-41c7-8a36-9689c7ce4eb1,2023,2022-12-28,a4574b8e-6d1d-4ed4-a947-b175f74c6387,6d0447fe-c13a-4ab3-b46e-cc2a08eb057e,3,1,7.286389052015896,0.7669223057530588
1c4955b3-a41a-4c8e-8710-e23359198d81,2023,2022-12-28,c84adc87-6cd7-4df0-9245-59fa829300e4,599c2f7f-3472-4f93-9807-39b33c575236,3,1,-1.025847661228768,0.4521515210823829
2150cc6a-78dd-4ad1-988f-e937afb5bf39,2023,2022-12-28,45f03492-2831-493f-8176-63dfae6670de,35329519-6dde-40e0-b790-2b49aca6673a,7,1,8.927479808735107,0.8210484036743831
22a77aac-96c8-4e96-baf0-613427f4fca3,2023,2022-12-28,2ff94ca5-2417-420a-b20f-387ca6793769,f69cd607-9c59-41dd-9dad-e5a5e9ec4370,3,1,6.407861140106904,0.7422760002242685
2e2d9a32-931e-49d6-98ff-802ee87227aa,2023,2022-12-28,ab66209f-04c2-4600-99c8-cc177f001266,d6e9ba69-1ef1-406a-8fd1-17ef1a6980e3,20,1,25.19864899183224,0.9895519454516204
3d5e3932-d01b-40d5-a7c2-37bade1faa11,2023,2022-12-28,5211ce8f-cc9b-4218-b190-975f87318dc3,d3246ba0-2060-4e3f-addf-f8704b79380e,-4,0,-3.1468211605967658,0.419210050597698
42397e88-16bc-4adb-a026-03782a9742b2,2023,2022-12-28,07960f6e-9ad4-45bb-82bd-06f477a011e3,957c8e2e-1939-4c65-af04-df116ac4086d,5,1,1.1772730000120744,0.5190639622141323
4ab73994-36c0-47af-b95b-401f65aa6e23,2023,2022-12-28,a81b1489-4c0f-4a3d-bfe8-a9efcdb13d79,4b5bb58e-38b5-4132-b2e0-876169cd4017,3,1,-10.577643953735391,0.1324025974338891
4bfb6fd8-17b6-4954-81e7-76047d02581e,2023,2022-12-28,93759732-e117-45b2-a99f-f09b689de84c,015de200-e75d-4f5c-b26f-60089691f965,2,1,-4.244374778054605,0.33765396678304577
62cce632-efdc-490e-996a-5c8ddaa0e3b1,2023,2022-12-28,e0accbcd-bd68-4bc0-a2a3-3c32753815b5,1c48e10a-5d97-4c46-8f8b-4217683da26a,-13,0,-13.90652781903982,0.05068867077816658
67a68086-5b0d-406f-ad69-e6513757a277,2023,2022-12-28,bb243294-1aa5-46dd-af42-c3676717c61a,c1ddb62d-8103-4ef4-a556-df9238531bdf,9,1,8.06618391394893,0.8288814085563161
6c351d4c-81d8-4061-a1da-fe155dc5cb69,2023,2022-12-28,aecccfce-5e00-489e-87e1-2622303b6120,06ef3673-5d7a-4701-aed9-726aa07838e4,-2,0,-1.6354312332979293,0.40351590146294253
74aba91f-8d5f-4ef7-a0ce-0f20a36e753e,2023,2022-12-28,3c7653b4-ff75-43ce-b3db-0654e938bcd3,6bcb5e3d-9b4c-41f9-86b6-1f44432462b3,29,1,22.275008123545323,0.9882325594668097
7e3f93a7-ca16-42c6-b53d-367cae6be23e,2023,2022-12-28,f7352462-5710-45c3-bd64-969e67428b1f,8681e6eb-5cf9-45d5-b215-af3a54ebc784,7,1,11.114490397397272,0.87085739749302
82483fab-a879-4820-b645-f3b7ede00e34,2023,2022-12-28,66f42ce4-3183-445f-b7db-b673bfb1fe7b,0621d617-e31d-4e1e-a043-a11af2f706de,19,1,6.958415697011093,0.7919804459508142
87f99c7b-5d4e-4273-ab93-e7b88c7f3086,2023,2022-12-28,fccaf1a2-1439-499c-87a3-1615684518bd,f612c81a-f044-496c-871c-5c643a5e8f9d,12,1,8.833983240611982,0.8019022704183976
8c736b1a-6f31-4627-a1b6-c60f4d334990,2023,2022-12-28,c79c0f1c-2685-4621-a2d2-476af53195cb,bfe08930-1826-481a-bc46-217ae918d0c6,-7,0,-0.31894618138330644,0.4847953317574468
8d7d43e8-9864-41eb-932f-2fe22ebdf56f,2023,2022-12-28,11c41163-ceed-438b-bc9e-333b60a36e6b,bc48226a-5e03-49d2-aa5a-550081373e7c,14,1,0.3784868674736897,0.4902717045089794
9fbda054-92ef-4540-bee0-275f7bfaf1f5,2023,2022-12-28,05dbf7f3-9fc5-4818-bf47-490e1f7c7186,0b94d899-a6a7-4449-b626-07126971cd67,16,1,17.09744699601435,0.9442040039554218
9fc89b2f-abce-465f-9c37-f3afbc21d3be,2023,2022-12-28,eaaf67e1-30a6-41ca-a400-906b86d42a58,8e941979-021a-4b68-ab5b-5ee34fe0e06a,-11,0,-9.910323703182375,0.13721385581195097
a2b94a6b-2117-4a99-b7e2-323d20286021,2023,2022-12-28,48ff6f70-fd07-4a02-ac71-b973f0ea0451,eccdef36-c666-44f9-bd7f-17e4e33e2def,4,1,2.622001097803392,0.5875060836957869
ab63465e-f749-41d8-9511-f408163f953e,2023,2022-12-28,8b7efe80-a558-4a31-90d4-b59ad2ffdcac,b1cd7b83-cc64-42a8-b41b-45343632eee6,8,1,15.999356401498064,0.9397286259454047
b8fcf161-e50c-4e52-8b72-31c6f3f42ae4,2023,2022-12-28,f022d404-14a6-4105-afd2-445afe77bad5,4763d2f0-5ee2-4763-8617-946f08bac925,18,1,11.570607370325135,0.8960684906981556
ca0746c6-1809-482d-af6c-eafb5958af61,2023,2022-12-28,611e61cb-eec0-4487-b0c1-1ea8cdba0762,9cc36a7f-4ac0-4523-b7cb-99b33fd2fb4f,-4,0,-11.823755428689088,0.11064034508913423
d24d1b45-504f-4e9b-93fb-eb5a64da15df,2023,2022-12-28,4ae8be32-616f-4721-85c4-1e22239e7db8,ff27601d-133f-4abc-a42e-f55d4f497bb0,6,1,5.8352803480618824,0.744214179626184
d4b50684-f574-4329-8b73-5a843f613265,2023,2022-12-28,1cddcec2-cf89-4c5c-9810-d148c368b08a,888089ca-9632-4e33-856f-b210b1d946cb,-5,0,-5.424011716194848,0.29877569088491895
de875afa-3645-417f-b1e0-feb21f8fc25c,2023,2022-12-28,d5e139fa-05e7-4c6e-b083-5261fa76ee6f,eed17656-6fec-4cf5-aacf-f932c5b66084,46,1,22.953575281560493,0.9857004141905815
ea666d5a-a348-4a6d-a7e8-555ab4d926b1,2023,2022-12-28,cb08f172-db74-448e-aaf2-80d96b32bed4,c8e7388d-5a50-447b-ade8-addcc758d8dd,-39,0,-22.83740562910035,0.026000878516248608
011c397c-5d37-474d-b647-298ec4f89731,2023,2022-12-29,410b3365-a1a1-4bca-b3fa-52270a02f75c,3950a3d3-d1b1-4dd9-bf4b-2356ed344246,8,1,-11.432945635578468,0.12389813599666728
061d7730-a069-4d24-95e1-2c994736bb60,2023,2022-12-29,927f9c80-da40-44b1-834f-ea1d457600d3,effe733a-ab00-44c0-ba8a-c389badc7014,15,1,11.595642830361918,0.8925129048590323
0b8217bd-905f-4eb8-8c21-4913687c526f,2023,2022-12-29,a0454954-f558-44d1-812e-59b90041128d,7970fe41-5393-4223-935a-46250b8a26dd,14,1,-1.4873069970915689,0.43255708931095305
0e2c4214-19be-476a-8ace-7140dc9c8a0d,2023,2022-12-29,29613880-f1b8-40b8-a09f-a825765c5e40,9ba3b86f-e9ff-4c69-a5a2-865d61dd56ff,22,1,10.32559595242014,0.8699175050541695
0f854c0d-7128-4657-815d-af4985264b40,2023,2022-12-29,cb921ef9-be3d-4c14-9e83-9926205e601f,9b92c0ff-02a8-49a0-bb79-32eb70b7681d,7,1,8.210334992822604,0.7738232799788856
1b3a64b2-a4cb-480b-af61-4f18da72c040,2023,2022-12-29,d19262e6-6584-4276-9fb9-d5690c3ca053,be0c2be1-019f-4c49-9ef1-92f53c9c23b0,-2,0,28.73392480513324,0.989738688292132
1caa0e73-ab3f-45c8-97cb-faef449ba611,2023,2022-12-29,07ca1d8d-4805-44f2-90ed-b18eedfd097b,4ba5494d-a428-4c7e-92a2-fa5f8a096b3e,-8,0,-10.86273590820409,0.12387097472892146
1e4cec61-45f2-4a94-bbc9-12f70d678fe9,2023,2022-12-29,8a231892-e40c-466f-9e2a-016a3433fda0,9988778e-cc80-4486-aad5-9ebdf21f2965,14,1,-1.169152865599912,0.4289232644241144
1fbf6dae-884b-4497-98ce-a2e6c6e28b69,2023,2022-12-29,40d1c23d-da10-4e19-8a9f-d69e48e05c30,a5600159-b71d-473b-92bc-8f7ab08f897b,-20,0,-7.097660252612444,0.28731606521856295
2026b4ff-167d-42cc-94a2-a530ca0b158f,2023,2022-12-29,e4d1f824-05c1-46d2-a96e-fd3dba7ac334,bc1a0cad-570c-477b-93fb-2050c0e2f9aa,33,1,29.50730892111544,0.9919388159110529
20df3ccf-969d-47aa-82d2-264faedb43f7,2023,2022-12-29,f51695f1-a8ee-4f8c-b518-879ffe6b0dca,4a1337bf-77da-4acc-8a27-5f6ee2d1db60,-6,0,-2.1966905737723605,0.4431014265406899
2198d836-bfb6-4ad4-9166-c1890445864c,2023,2022-12-29,61442116-53fe-4490-9f2a-17aad40fb68b,428b85df-3b5f-4b21-a384-f1bd53f95d19,5,1,-0.39352819709706666,0.4344115688515626
2590af2e-8bbc-4232-a072-aa770b3bbbbf,2023,2022-12-29,fba06d20-1fc1-45f5-b731-d3ad36f309ec,e823a53e-c3a4-40d9-b40a-4d7eac69e962,-8,0,-4.908040569358701,0.3946615594072204
2ce8a438-a9c5-4956-9777-65729e2a1337,2023,2022-12-29,d7828b57-33e4-4922-bfdd-4780151816ed,6748ba88-58dc-4e41-b3b3-d8df2c4a3c4e,-2,0,7.294363938940819,0.8035048270045179
2e77ed45-b3c2-4f83-b1ba-b6c7daed805f,2023,2022-12-29,2cb246a7-863a-4dc7-ab3d-eabccbf12019,16e5ce2f-bdd7-49bd-a906-9aeaef0ffa08,5,1,2.021101285850387,0.5750224922711594
303720af-8335-40fd-80a1-e1f87bf03586,2023,2022-12-29,bb0be232-db5b-490f-a3df-709f20bdfb71,38a65109-33be-44a5-928b-459db9d9dbc7,-7,0,-0.36607708181727855,0.5242312396619836
36de2bc7-f4db-4c0d-adab-77110e6e107e,2023,2022-12-29,1e86acec-a854-405d-a4cc-d096ee03f22c,fa0efad2-ee60-463a-a297-fb45c393e624,16,1,-0.7540031363227544,0.42610920775279854
380676b0-4387-4fb3-8588-203c5b3dc328,2023,2022-12-29,99bac3ff-1929-4a83-a593-5c1e123a25e6,7bf0273c-57aa-4412-be01-e0e08fb7cd81,8,1,5.240317176619329,0.6962798226670696
3d725680-25b9-4710-9c71-5bc477ed3880,2023,2022-12-29,75608756-6246-483c-8138-59d3749a8d3d,34668727-07c8-40ea-adb6-3541d9d7f32c,20,1,8.003305178398028,0.7872849164529279
3eeb3317-6728-43e4-bdd8-fc4090be3b0f,2023,2022-12-29,55f602a6-b8f4-4fc5-b30a-9a23ad91a2d8,1900d158-6fb0-407f-a2df-6e37a1db2dc3,5,1,16.34178427890832,0.9542867679765559
3f7c7f27-e122-4b6c-8ad3-31fbaa60d0bb,2023,2022-12-29,1b6320e0-71b4-46c2-9fb4-0c801f4c8770,d6fb85c8-3e1a-4375-a5a6-b293e672533e,10,1,7.12660960261062,0.7900254695653556
4442ab8b-c5a5-44ff-b75b-a21248ee1723,2023,2022-12-29,a1fb658f-49be-4887-a725-48a42276ac48,3016ba37-71e2-4de3-bc39-86d07a8a3e44,2,1,0.38992923391555595,0.6609302008897093
4905b9cb-8de3-4d06-bc77-587e71b3359b,2023,2022-12-29,f9620376-5493-4730-bf10-8b6480bd3e43,14900e69-e972-4137-8f13-5ef152e0075b,-3,0,4.553112071139301,0.672747467105361
4d39ef63-c463-4641-b1ce-45f1bacec55b,2023,2022-12-29,61c096bd-3b5f-48c1-9f04-b18693a77cc0,f1d0f01f-d161-44fe-a534-6f4383fe2d0a,4,1,9.844230870355469,0.8477900856546886
4d5e21f9-5cf3-4c23-9850-258725057fed,2023,2022-12-29,7d7d8e50-802f-4f7c-aedf-3116a743e835,407f6796-76ab-4c28-8f30-cebbfbe534dc,16,1,15.031538977755636,0.9417882923649076
4e826ffb-fe25-426f-aa41-e75c4650a671,2023,2022-12-29,afebdb69-0f48-47d1-ac8e-740bb58c993e,63373289-6a60-4345-8e60-c44894f4f8cf,27,1,20.97058080330782,0.9816447393735066
4eb9cfc9-a76f-428e-8777-a30fbe9706e8,2023,2022-12-29,c282b887-5bc1-41e5-8a0d-15287474de7d,92e2201e-4d6b-48b2-b40f-1980a5b48c0e,8,1,7.077145118174426,0.6935647562102627
4fa2e58b-13df-4adf-b202-a5e43a448d97,2023,2022-12-29,ef9503da-6c3d-4207-ba0f-3cf770627dbe,445a7698-bd20-45f7-9c62-e0ca0057e959,28,1,20.905096065662576,0.9870008533428509
54806c26-f6db-4027-a8ba-8c4d4e009505,2023,2022-12-29,ed26e9f2-0346-429e-8084-a40c091454e8,97cd7805-e5a7-4739-97dd-116010ceb9af,12,1,7.205767421986598,0.8012959559502709
583dd1fd-dcef-4da5-a2af-81d893cdf0ac,2023,2022-12-29,63b264d5-0679-4b31-b175-0c1d019bb0f4,d65c47b7-fea1-4f82-a29b-c2d4f4e48b4a,8,1,-0.9939133755089813,0.3957504127505728
5c671ec8-c4aa-48ff-af6e-cb34344e7364,2023,2022-12-29,b13d1921-03e3-4f47-b962-4e9951de7510,3b586230-34c7-417b-bdcb-3245c5a8de8a,14,1,6.450502583977816,0.7614068810621909
6173817a-d854-4a64-a82e-daacdbb0cefb,2023,2022-12-29,11c420a2-9004-49a5-8268-6683a741a32e,b847237b-f1fa-48c8-a618-17553efdc228,26,1,-0.10223251425881144,0.5863642757314154
655b348a-f61a-4628-b741-c5ce8cecd120,2023,2022-12-29,9874a1c9-7e78-46e4-8d3e-6fce94e7046c,6c796971-9e91-4507-a6ad-9699cb1ed2b4,31,1,25.385752825914192,0.986390391502703
689dc6bb-4e1e-4da8-a3bd-86ecc95a6907,2023,2022-12-29,043e8015-480a-461d-aae5-6cb149237466,57f7bf85-91b0-433d-b843-94485a520954,-25,0,-6.208113447010445,0.2679961117547167
6c286261-672e-4c69-9d99-f027e7839510,2023,2022-12-29,d13063ca-830f-4027-a1e1-7961d39c81fc,11018b71-58b8-48c1-aafe-d3f42d4dc4b9,4,1,3.664537259580758,0.6437287682593049
7122d340-d0b5-43cb-b535-bf3507e1452f,2023,2022-12-29,9c1c5097-7168-4529-8378-8f68f206bd9f,d739e8c5-4395-4b08-b8ca-445d1a57a451,9,1,5.9562113342149114,0.7351997333839145
751186c2-d58f-43fb-bbba-404948b3b129,2023,2022-12-29,5a36a71a-5c48-4f55-a80e-17e194f320ac,1a2c070a-303f-434e-a50d-c98ad9d9f88d,12,1,7.642392557490028,0.8006391587581789
7a02dfb2-a76f-471f-aed6-9ccc7e4845aa,2023,2022-12-29,ba34e76d-5905-4b7b-9c5c-9e014d969c91,40fe605d-085b-468f-aec2-614432798d3f,-2,0,1.7364236252659697,0.5394968262745187
7bb566b5-5b4a-4e02-b03e-2b60f148f40a,2023,2022-12-29,43c4f9a5-d6d5-4dd2-bfac-0bd3adaf79f7,05300c53-1c99-44fc-894f-5d062cc9254d,-20,0,-2.6533137932234667,0.38528033233480624
7c407af2-893e-4524-bd2b-9173929c8268,2023,2022-12-29,3c06c3f7-a7c4-4179-a9a7-d9b86afaf42c,20fdaaba-bd75-4d6e-bf13-299d2f1704ef,8,1,2.6281095997193447,0.6567423262679328
7d69961b-4c2b-44ee-bed1-2244c049399b,2023,2022-12-29,b4194217-55eb-45bb-b105-160e06f0b625,8e864d36-5a07-4d24-bea5-f7b85c3187bd,-15,0,-12.192182385034124,0.07596595870148559
7e408154-449f-4b3e-889a-4f7ef0defa56,2023,2022-12-29,4db0dce7-2ca3-42fd-b71e-f5e13debacfe,ef80c085-db7d-4b36-8fd0-13ac9be0099c,7,1,15.323736325326193,0.9485323800514274
7ecd1d87-2ecc-4f43-822e-19022032ccb5,2023,2022-12-29,34002612-3816-4311-b39c-41d24ddcf17f,252b92fd-b788-4b9d-9cf4-94b7e591640f,14,1,6.625783376105691,0.6558646082551097
830775ca-336a-4dc2-a851-b218c70e33e5,2023,2022-12-29,247817ad-6065-4e8a-80e7-26c838de4153,c88614c4-bad0-48db-990c-90a3243c3734,7,1,6.48323311618314,0.761524095825523
862872a6-7e13-41db-aac7-3afc95922fce,2023,2022-12-29,b034bc0b-a11f-4e43-b372-127640b1d5b0,39668771-063a-4cfd-ba1d-be18a842d5a1,-17,0,-14.385008786458156,0.07602890711008681
889288bb-bf9a-472f-b001-29bfae2614cf,2023,2022-12-29,389dc2a8-706f-48c0-8579-33b1857c38b4,e81d4510-e1ee-4dbf-9b00-28fe6eedbfb4,-4,0,2.2381433088095766,0.5922020533453185
a18ff906-3f37-44bf-81b0-bd49e243d55e,2023,2022-12-29,d42bc01b-0728-409e-8ce3-c205d30493c1,e44bc5f8-7dc1-4aac-8beb-924a7c5ee465,22,1,-1.7989304795897658,0.4231557409331843
a4062cd4-95e9-4f89-b9c5-e1b4fdb75777,2023,2022-12-29,4d964b45-0956-4e20-9bb3-92d90690ea01,b6c50d53-e53e-42aa-8c2e-1297e733737d,12,1,9.146398491147112,0.8475634432996534
a524c58a-f5c8-4513-a0c8-2007c5c1df96,2023,2022-12-29,251330f1-c041-4520-b4a3-114f8f6b2ccf,f16d5827-0b65-4b48-bd2d-584314873b9d,-3,0,-0.25302266942872137,0.514440433680235
a9c19394-6cc6-4eec-ab30-dc9eb95c27c1,2023,2022-12-29,e383f809-990a-4dd9-85b1-4288d45884e7,3ad98900-f406-42a6-b9c7-7a2d3f0a9867,16,1,4.2978322443088075,0.6577036330240901
abab2e07-135a-496e-94a8-79b17f206227,2023,2022-12-29,07fe7a79-3bd1-41c3-99f8-6c7f857756dd,7e4e4039-a37d-4b42-80aa-0fc18e241eff,-16,0,-10.080563419693952,0.1729191768731253
abb1c294-3877-4fb4-b5f8-5c21eae04679,2023,2022-12-29,81ba36f8-a53b-4696-8877-2e9bb161598a,805b30dd-e009-4031-8968-ef4d8bbf928b,5,1,12.28010799309282,0.917728317161131
b48d167e-6eef-4598-8c35-f72b39e2ece6,2023,2022-12-29,e62f6be3-07fc-4d39-9d92-158e9218c40a,77dbd2b6-8c48-42cf-9cfc-6fffa07402bc,26,1,10.218067303852514,0.8401016278329922
ba55d04e-cc14-4320-8abc-fff8088ab5a0,2023,2022-12-29,325c1fce-e70b-481c-bc59-315b7defd4ad,edd0d0e3-31f0-49f2-a22c-b47c8e8ba9a6,4,1,3.6149546790022096,0.6631489826109263
baa448c1-3545-4331-a546-43e51562b7df,2023,2022-12-29,718dfd9d-59ef-415b-875a-8c861f6adb33,d680033e-5d87-4349-8622-dcce2bc0559c,1,1,4.227099862577618,0.6407449308426363
bc7b8e6c-a742-4184-bbef-198961229fab,2023,2022-12-29,80cec103-b3b1-4978-9b4a-f1ad161630fd,b2a4914d-552d-49ca-818c-4219f9a5baa7,-3,0,11.153115576357983,0.8993102578376924
bf78d973-5112-4490-b775-97b01e9235ab,2023,2022-12-29,a61813fd-4a0a-4112-9fe9-2d33fa01a9aa,e5fb9be0-e310-42a1-9744-47b3878c37eb,14,1,13.168430735273038,0.8946761151422825
c9d89cc9-a9aa-41c9-bc1b-89bc2e10169c,2023,2022-12-29,f62a4b7d-6f85-4607-a748-854c9b8c0c5d,7b423c28-572a-4a7a-982f-3d59e0fb25fe,-4,0,5.460927971951779,0.6963202720192436
cdeb92b2-af8a-4a69-96b4-00aa07b91dca,2023,2022-12-29,58fab53e-62a1-4e7b-acbc-71e06102931a,96babb60-08c6-42a2-becc-a075a465dcc3,1,1,-13.780380792788117,0.09152404421751545
d4ab3508-2097-4e2e-bfd9-cd00c51e0ac0,2023,2022-12-29,27a2a3c7-c672-4a2e-8381-bf31d528c0d0,dd027a18-2cb5-45a3-a0ce-f3f9eb7bde2e,16,1,21.75944040943827,0.9858848928064363
d7ed4d02-7401-4df7-9daa-f013f31c7e41,2023,2022-12-29,cbb7e0c8-4326-453b-9357-a01df1076809,170f63c1-c0da-4464-9352-7a33c5e2b3eb,6,1,14.189064429977455,0.9363914797280867
d85c2f8a-698e-46d0-b457-df9ecab36eb6,2023,2022-12-29,cbab480a-8e87-4eb0-ab35-22228c66f68e,348c253f-b663-454e-9b7d-051280f46334,10,1,-6.702988391829963,0.29184373930421725
d9cc9bb4-0742-486a-a918-254d827856f1,2023,2022-12-29,d92b9143-ae83-4c94-b9c3-d1cbae1b7565,105b326b-5a9b-4c89-a5ec-7e020f9e72e9,23,1,24.23295504075384,0.9901839465519232
da1b9c8b-0dc4-4bf3-aeb8-1eaf1215c762,2023,2022-12-29,bb82a5ec-96c1-460b-a414-50e0d2b6b1a4,c8da4ce4-29a3-4f99-b827-9b55afb4e0d5,-14,0,-7.655061265686521,0.3134621061493447
dace6c48-4e26-4176-b344-71144c90dd77,2023,2022-12-29,3bc40b20-71e2-4fa2-9c99-8e0b6cc3460b,2f8127bf-68b4-4cd4-bb81-d18b7f461cba,15,1,4.829228539372617,0.7059630089472669
ddde23f6-e57f-432f-819b-a2b52e6f9fb7,2023,2022-12-29,474263db-dab8-4b0d-842a-548132e82b33,39d71fee-a4e0-4399-8698-547fdb4fb256,-3,0,-17.44329182141292,0.05475127080308394
e3802c06-2ab0-4245-8e47-a23278e1975d,2023,2022-12-29,71bfb11f-a38d-45a5-914a-5006c7417da4,29115cd5-8aba-4a2e-89c9-20f7d87b7051,17,1,20.786293276611833,0.985085848276395
e3ab9a55-88f0-4d71-b47b-0f5a157180d9,2023,2022-12-29,e7f10812-f961-4c56-b848-22cb16073f49,88205ce6-ad31-4ffb-998c-fb9164c40dea,28,1,26.92105498662406,0.9903185066974804
e74a5b0e-83ad-4a7a-b7a4-b65fafaf0cf3,2023,2022-12-29,7dfad569-05d6-43d5-8f47-defff4a50649,b1119bba-a47a-41ed-adea-9967a72cf21d,7,1,8.051249120513937,0.8200302056457183
eacba075-6034-4a63-a25d-4c9c27d8d447,2023,2022-12-29,75db89bb-f85d-4726-b2c5-e7f61c8115c4,a8ab3f0c-a155-4d9d-adf9-5593435a0152,8,1,6.170351117716686,0.7382092421076706
eaf77072-00c7-4a51-b207-fdc80b7dd863,2023,2022-12-29,9226a51e-74e7-48ed-9e95-6890a182148d,6aa9d05e-84b3-4e72-815b-fe3dd02b1e03,-8,0,3.2577764185254265,0.670030173084145
ee0ace7b-4944-411c-a59d-a254921ad63d,2023,2022-12-29,cd2892b0-c423-4723-86bc-3988015a8015,175f9186-422d-479c-a771-d9f218a1a87b,33,1,38.73207116559503,0.9931420460884871
f58b4f7f-7ad2-4342-94c2-9bfb136a35d5,2023,2022-12-29,bea9ec66-e41d-4afe-aa79-8a5b0f020811,c3807661-da5f-4ce7-af5a-e086fc56158a,14,1,7.8067094296952995,0.8456036524613605
f7506a1c-518b-4948-91ac-336de8ae59fc,2023,2022-12-29,65974f84-3069-4f25-8f4b-7ccb79790430,72c1f395-5916-463b-8353-47b99a272098,12,1,11.97776156304144,0.901248309858345
ffaae72d-7e89-4c2b-8519-61e0942360eb,2023,2022-12-29,143599fb-b821-43e4-b0ee-2f6e521ddb11,bdb8394a-cc25-448f-a1b9-ef5fe40bb204,-4,0,8.294368732342265,0.8316509633670703
00e9668e-7501-41e9-80fe-f8de68dd5737,2023,2022-12-30,e1e53055-037a-4acb-82e9-552f8abd6635,89150efa-06a3-4a88-82d3-26b3797ada35,-17,0,-4.301491298747223,0.29546377769386345
03bc0e03-9024-42f0-b3f3-7975429d252f,2023,2022-12-30,71aa15ab-9b94-4d3a-88de-3f0ae5d9a44c,4763d2f0-5ee2-4763-8617-946f08bac925,33,1,26.406393646373665,0.9849341648861928
198ac340-1078-459c-8b99-b379f960cfc2,2023,2022-12-30,c20e9648-8980-4cb8-b139-4343f24b2e91,127a96c4-6d95-4519-ae56-77c271aeea23,2,1,-0.506370984024086,0.6197991506741143
1b4b1d31-ba75-4ddb-8f78-119eaf20a2bd,2023,2022-12-30,ef3cd1ae-ef09-458c-a751-658436d5dfbd,1e95b7a8-8a2d-4c93-bd01-79b311a80f40,-6,0,1.8407748782109628,0.6323064659002037
28b06100-89d2-4bdf-9418-3467804c15d8,2023,2022-12-30,f6d79bbf-f8fa-4aad-8a37-6172d43ea482,bab73e4f-6d77-4aa0-8c6f-347009c2283e,38,1,21.67107330913815,0.9839738517672728
2d3d67eb-8825-43b9-a0de-0c0e0484f1ac,2023,2022-12-30,0ac20cc2-e801-4648-8850-2fde30c2def5,db9252c1-9697-4f77-b192-93b1badf442b,10,1,23.272266648651232,0.986903572144133
3f80634c-13d9-4a4e-a085-84e4d62bfdda,2023,2022-12-30,ec764a7a-bdf2-49ba-9830-7408ea7f453b,892bcbe8-a66c-4c57-88ed-c82e0c13706e,19,1,2.770605170878962,0.6092016189738391
54d45c19-5112-4dc3-99ee-9ef227c4f67e,2023,2022-12-30,23328a3b-6bde-4b61-960d-5c45fab4d16a,e198833b-92f3-4fa3-a2cd-82f04ec7e0c3,14,1,-0.3399846538650881,0.4672082157890052
69205d0e-42f8-47e4-961d-4d089bff1882,2023,2022-12-30,db22a3b8-fd13-44f3-8968-9aeb04d833e7,4fbf8f67-3961-4bf4-90b3-56c201b1283f,-13,0,6.446314958870728,0.7631865949112572
75a2e1c0-6c5b-440a-b730-c7e7c7494332,2023,2022-12-30,21bdd018-a21f-44da-982a-98efb6d24ca1,067fed65-5ce6-4ac2-b769-11805417f5ce,-7,0,2.5552016366901684,0.5369397654787217
7c646e7a-56b1-4f22-b325-36e95cdc57f2,2023,2022-12-30,92c5eea2-cf1c-4902-bae5-39cf63a77442,bf2aafb4-bbb6-476f-acfd-8793128f565c,-13,0,-4.885266030979832,0.2891329969098398
7ec9f588-4fe2-420b-9638-1d1e3085ddb7,2023,2022-12-30,d1f5a19f-6263-4ac7-9ceb-e1339595db2f,173a69ab-4f3c-453a-a1cc-8b83c0ee2b49,-11,0,-10.047147361079745,0.15848985318075326
7ef9617e-3463-44c7-ba13-95876de8641b,2023,2022-12-30,9f8c4a3a-10fc-427b-a3b9-f54bcc243010,218250de-64b1-4e7a-9b64-e426441584e4,10,1,1.8586659526391707,0.616303390276394
86f9b374-9eb2-4338-a7c4-5e145e2e57ee,2023,2022-12-30,21051f5e-6142-4894-a3a9-09bada612b47,fc62dc2f-7404-4a85-b1d6-49d5135283a3,-22,0,-0.9664513278485463,0.45820362350471483
87d2e34c-d0ba-4992-8555-4f20d177fdcb,2023,2022-12-30,f4fab986-a169-4f78-8a7b-6be149e86c10,2a391736-2322-4864-894e-4856c2d517d7,2,1,2.1842988473009743,0.5684944651627744
b1bb3ed6-7a32-48a3-b851-1ac0b8ef4ce5,2023,2022-12-30,c6e998ac-727a-42d2-a2d4-0e7c854dd383,9a68215b-c4da-4c48-8fdd-6f9862b46f80,-1,0,-8.591519136110428,0.15627261845432142
b24a7fd0-5227-45e3-bf0c-647af6e63229,2023,2022-12-30,0e5ca5e6-5ea7-44a7-8587-b4c7834a4c52,0d4551fb-d4fc-4659-b14c-fdeba3555569,-4,0,6.840303147806846,0.7704878269616466
b51faa7a-e302-4980-b4e8-eae4f15ad895,2023,2022-12-30,0d002e4e-eb5e-4b77-9116-89839d4f537f,48e9401c-d41f-4f19-9358-0f41a8d74ea5,2,1,6.380884707897965,0.7626557671717211
d21be269-6f5c-4818-8f6b-074a00857c93,2023,2022-12-30,75ed6a75-4599-4fee-816b-ed729babf81b,9a193882-d061-4d9a-b1d1-da7a483f7cf6,-7,0,-10.945472236713707,0.10017427294715932
d321befb-134a-487d-9777-cb24c9943afb,2023,2022-12-30,a757dae2-f596-4065-9e29-b365b91af590,35329519-6dde-40e0-b790-2b49aca6673a,17,1,12.207979368338359,0.9078663516798017
f2aebf11-07f8-438e-bd4d-2c55f4981193,2023,2022-12-30,b349d38b-bc08-42d6-bf21-e6c826c45b62,208232bc-9495-4351-b34b-874117e7ab9b,21,1,20.206200674752626,0.9648820964258138
f50a849f-23cc-40a2-8684-ce2b00c48e61,2023,2022-12-30,f7d3e028-cab6-4277-8d9c-799f5bec0712,d20936f6-b751-41b7-a241-c75beb459360,20,1,21.18346928123753,0.984145756521072
0065e0e9-cd2f-467e-a0e9-849ce0ed53cf,2023,2022-12-31,6ddd1347-422a-42ab-8c8e-fd5c9b4e78f1,01325ccf-0551-472d-a463-55f692a5e50c,6,1,-1.239166840237665,0.50924820520814
026306db-9fd5-4e29-bb10-92bd0ccd5dd9,2023,2022-12-31,5211ce8f-cc9b-4218-b190-975f87318dc3,3ad98900-f406-42a6-b9c7-7a2d3f0a9867,-13,0,-6.901372294674429,0.2782707241858567
0405db0e-df85-4b7d-89fd-7439502e91b4,2023,2022-12-31,e5fb9be0-e310-42a1-9744-47b3878c37eb,75608756-6246-483c-8138-59d3749a8d3d,-7,0,-7.529044180230253,0.24396825732062158
077e6b3f-30f7-4540-873c-f7fc222d25e0,2023,2022-12-31,e145a47f-597f-46fe-b58d-64dae192efc0,ff27601d-133f-4abc-a42e-f55d4f497bb0,-2,0,-0.08931730566435696,0.5426790119747361
0950bdd6-d2b5-4eb0-bdae-676b74e7abbd,2023,2022-12-31,11018b71-58b8-48c1-aafe-d3f42d4dc4b9,cbab480a-8e87-4eb0-ab35-22228c66f68e,18,1,14.895903175511611,0.9325413775231468
0aa529a1-aa6e-49a8-acbc-74cc336b322e,2023,2022-12-31,b2a4914d-552d-49ca-818c-4219f9a5baa7,bdb8394a-cc25-448f-a1b9-ef5fe40bb204,-12,0,1.606742436987769,0.578934395495211
0daba7ea-0a05-4d7d-b307-9ec8affc043f,2023,2022-12-31,71bfb11f-a38d-45a5-914a-5006c7417da4,e44bc5f8-7dc1-4aac-8beb-924a7c5ee465,-3,0,4.0072058929775505,0.6615864927974839
13662bdb-118c-40e1-9ff4-4bd7f5ba0681,2023,2022-12-31,f612c81a-f044-496c-871c-5c643a5e8f9d,bdf949ac-7376-4c1c-b4d1-a2b6d1142a71,11,1,10.820444017196628,0.8913085656356876
17bebeda-d171-4795-b3f1-cc872c786bca,2023,2022-12-31,d3246ba0-2060-4e3f-addf-f8704b79380e,effe733a-ab00-44c0-ba8a-c389badc7014,6,1,12.000602246152852,0.8911020716992268
1950d783-586e-4d20-9d03-21a6c7206843,2023,2022-12-31,29503a81-0fe4-4a0c-8022-d23ac7e092b6,588cf783-9153-4586-adb0-8eb7fb71d013,7,1,7.252375046115459,0.7863520775789925
1ae82d05-9922-43d7-be00-3b90a68d171c,2023,2022-12-31,389dc2a8-706f-48c0-8579-33b1857c38b4,f3eafab2-d52f-4409-b7ab-63598919e46d,15,1,17.684894133957307,0.957352982096317
1d4bc37d-bd7f-434b-8941-44ba6e5a90b4,2023,2022-12-31,cbb7e0c8-4326-453b-9357-a01df1076809,9ba3b86f-e9ff-4c69-a5a2-865d61dd56ff,23,1,22.343896317550882,0.9898448878321993
286ef561-45b5-4f26-8e07-37af4519d3a9,2023,2022-12-31,e62f6be3-07fc-4d39-9d92-158e9218c40a,7e4e4039-a37d-4b42-80aa-0fc18e241eff,-6,0,4.967926275325978,0.7021797653056351
2c502320-256d-4004-9a8f-bbdbe6960476,2023,2022-12-31,eccdef36-c666-44f9-bd7f-17e4e33e2def,8d694562-759b-462a-9766-ac29e999df71,-6,0,-2.772284241518025,0.38591476208803327
2d5c0745-130f-4022-962b-0c79c7337023,2023,2022-12-31,428b85df-3b5f-4b21-a384-f1bd53f95d19,393745fb-1951-4506-ba94-c10dcd66ee50,9,1,4.7413065409135795,0.7039330636325192
2d8c05d6-38e0-4df5-b7bc-77c9b48f5ae3,2023,2022-12-31,34668727-07c8-40ea-adb6-3541d9d7f32c,99bac3ff-1929-4a83-a593-5c1e123a25e6,5,1,-1.0128018744017029,0.47436593706319424
2db7e782-6851-4377-8de1-c5c27815227c,2023,2022-12-31,11c420a2-9004-49a5-8268-6683a741a32e,d739e8c5-4395-4b08-b8ca-445d1a57a451,7,1,-0.6182272365531716,0.5001915437762502
33a38157-4edc-4f29-8596-6768d3d5b632,2023,2022-12-31,ed26e9f2-0346-429e-8084-a40c091454e8,afebdb69-0f48-47d1-ac8e-740bb58c993e,-3,0,-5.462812953234904,0.2971274998978837
347c437a-37d6-4bfa-98ea-14d8a6d35db6,2023,2022-12-31,fba06d20-1fc1-45f5-b731-d3ad36f309ec,8a231892-e40c-466f-9e2a-016a3433fda0,25,1,0.9724310338517014,0.5386693068682984
347dd9ad-dad8-4f18-aa67-88d8be07893f,2023,2022-12-31,bc48226a-5e03-49d2-aa5a-550081373e7c,526a8e73-78d6-4268-9f89-6f7d90e5dcd3,23,1,23.34473887066766,0.9873462649555483
34a88996-e1ed-4502-9b9f-692fea91cbbb,2023,2022-12-31,e383f809-990a-4dd9-85b1-4288d45884e7,927f9c80-da40-44b1-834f-ea1d457600d3,11,1,10.176110133212989,0.8311536038526116
3992f9d9-9526-4d0f-ba27-a7127cae5f70,2023,2022-12-31,d6ec4d5f-7d79-4064-be14-71636bf66d75,1cddcec2-cf89-4c5c-9810-d148c368b08a,22,1,7.45275398122168,0.7108666996400488
3ebf5291-cb48-4cfc-ad13-4b3f253b7ac5,2023,2022-12-31,bb82a5ec-96c1-460b-a414-50e0d2b6b1a4,72c1f395-5916-463b-8353-47b99a272098,5,1,8.089850759211677,0.8271010055184529
41c73850-c53e-44a1-a790-6c9895974688,2023,2022-12-31,599c2f7f-3472-4f93-9807-39b33c575236,48ff6f70-fd07-4a02-ac71-b973f0ea0451,34,1,15.5556422879486,0.9320646786892355
4bdc7b52-ccc7-4614-a6f0-f7e2d8642e0c,2023,2022-12-31,65974f84-3069-4f25-8f4b-7ccb79790430,a2362a90-be36-417a-ba1f-0cd8ca99ef80,10,1,9.29879764342828,0.861779429902527
4c2c5494-e3ec-4570-bccf-a138c0bec243,2023,2022-12-31,7631bceb-b254-43fd-b331-b90b901b5959,61c096bd-3b5f-48c1-9f04-b18693a77cc0,5,1,6.784785216893751,0.7777882958321412
4e83c963-683b-418a-9add-e758c89d6f0c,2023,2022-12-31,b0eb9a16-e704-4784-bc96-af277fccf122,ec3ac254-d13e-4b51-95ee-389447c70400,-1,0,-0.6114392089361059,0.42668556267474117
54a84a60-f7d0-411c-94ed-24ce058e1035,2023,2022-12-31,105b326b-5a9b-4c89-a5ec-7e020f9e72e9,40fe605d-085b-468f-aec2-614432798d3f,-14,0,-7.6322130651533735,0.22597101171776615
6415808c-1f4b-4383-9aae-726c424947ae,2023,2022-12-31,9c1c5097-7168-4529-8378-8f68f206bd9f,b847237b-f1fa-48c8-a618-17553efdc228,16,1,1.424059240379196,0.5221589429788378
66b7f719-7638-49f5-af16-b5aa8230f5a5,2023,2022-12-31,9d09ebd0-f5e4-4022-b315-aa3719219b6a,7a193c3e-c732-47d4-b893-cc0c575ff431,2,1,2.9241802540224313,0.6587591860385854
67e89235-0aa2-445f-a54a-4af595ad5996,2023,2022-12-31,d42bc01b-0728-409e-8ce3-c205d30493c1,29115cd5-8aba-4a2e-89c9-20f7d87b7051,16,1,12.850526546802351,0.908383454650965
697f2d6e-708c-4643-95b9-304000738567,2023,2022-12-31,1c48e10a-5d97-4c46-8f8b-4217683da26a,88205ce6-ad31-4ffb-998c-fb9164c40dea,17,1,15.003026641873886,0.9582082132173751
6ad1e695-d36c-4b51-9b1b-88b7f764c4a2,2023,2022-12-31,9988778e-cc80-4486-aad5-9ebdf21f2965,e823a53e-c3a4-40d9-b40a-4d7eac69e962,7,1,-1.7568269900305338,0.4760147639330302
6fe642a0-a308-4fd9-a9c7-5c89ae3be38e,2023,2022-12-31,957c8e2e-1939-4c65-af04-df116ac4086d,66f42ce4-3183-445f-b7db-b673bfb1fe7b,-1,0,-4.648620896700688,0.34287162213276523
71313daf-ded2-42c4-9c61-ae565c25f7e2,2023,2022-12-31,bce5e657-8430-4508-b956-64ed47e82de9,07960f6e-9ad4-45bb-82bd-06f477a011e3,13,1,11.203994912083697,0.8810390842780178
75fb0e65-def7-4e42-bfd7-5a29b9964893,2023,2022-12-31,f4f493b9-00c9-48e9-a9c8-934ed203169e,14e4e2ac-f90d-419d-9b14-9a9e3ba13b59,9,1,13.92546323123756,0.944446610419711
783f189c-905f-46a0-8ef2-31b04d12f905,2023,2022-12-31,92e2201e-4d6b-48b2-b40f-1980a5b48c0e,54b6e673-584f-4030-af7d-052c75277798,22,1,7.120113246741029,0.7206559689656055
7a8944da-6c17-463d-87be-a4170a58a641,2023,2022-12-31,410b3365-a1a1-4bca-b3fa-52270a02f75c,bb243294-1aa5-46dd-af42-c3676717c61a,-12,0,-12.314144506806457,0.11545957560527209
7c10949d-b8f5-4594-aac9-303f22c4ae6e,2023,2022-12-31,8782ac7a-e553-475c-b110-c58c7e61ddd4,38a65109-33be-44a5-928b-459db9d9dbc7,-3,0,2.5737458988035384,0.605401837417402
80bec1ec-3071-49e6-b2e8-a7185595c83c,2023,2022-12-31,474263db-dab8-4b0d-842a-548132e82b33,3016ba37-71e2-4de3-bc39-86d07a8a3e44,-16,0,-1.045433167627804,0.48189222205645815
80fb2298-53f2-41a7-b899-090f1c3bb273,2023,2022-12-31,7dfad569-05d6-43d5-8f47-defff4a50649,d65c47b7-fea1-4f82-a29b-c2d4f4e48b4a,7,1,0.6294127362156025,0.544406722997044
83087720-bdb3-4555-9fcd-227f4b65405c,2023,2022-12-31,07fe7a79-3bd1-41c3-99f8-6c7f857756dd,7970fe41-5393-4223-935a-46250b8a26dd,10,1,-9.836874521316034,0.20137895832127667
84d3f321-f312-41e3-ba6f-9413565014a4,2023,2022-12-31,c1ddb62d-8103-4ef4-a556-df9238531bdf,3950a3d3-d1b1-4dd9-bf4b-2356ed344246,-29,0,-3.5639371825588744,0.3606561169689935
899de1c3-92f1-479b-8fec-88e1a7a83a83,2023,2022-12-31,6359c55c-0527-4830-8bbf-51141c0ff2a4,cb921ef9-be3d-4c14-9e83-9926205e601f,6,1,2.84780391220317,0.5821207232850752
8c1670d5-c33c-47f7-b9c2-e2b2cac85184,2023,2022-12-31,5fa1ed7d-157b-491b-9384-66ab06dfeefb,4a6135ce-718a-497f-924d-23f4797243ee,-3,0,-7.250558586806136,0.22324412950534353
8d438003-526e-400e-9dc1-89bb0f819246,2023,2022-12-31,07ca1d8d-4805-44f2-90ed-b18eedfd097b,1f74189d-a265-4a43-9a13-b26dc844746e,-18,0,-8.95796474826167,0.21881879914964936
91801ba6-6657-4485-8bd2-5757e369120a,2023,2022-12-31,170f63c1-c0da-4464-9352-7a33c5e2b3eb,14900e69-e972-4137-8f13-5ef152e0075b,-5,0,8.284896135194337,0.791942491095786
9664fe4c-64af-4b64-8957-7d8dc362d4e2,2023,2022-12-31,8674cdcf-acde-4035-bcae-1c7c0d7549e5,f022d404-14a6-4105-afd2-445afe77bad5,4,1,6.942328282161002,0.7604834401900665
9983aa76-83b1-4491-9214-5c2b3437b4ad,2023,2022-12-31,c9739eef-f828-47a4-bcc0-548844cff9d5,9cf58c59-1075-457a-b79e-942b453b75d1,14,1,3.296754003820787,0.6775765712965666
9a9b3cd8-71bb-43fa-b3b2-1e9f73b8bf7c,2023,2022-12-31,b4194217-55eb-45bb-b105-160e06f0b625,f16d5827-0b65-4b48-bd2d-584314873b9d,4,1,-12.367509420914622,0.0992468075597551
9ba5c1f7-b8fa-4079-b49d-9744094c9992,2023,2022-12-31,4ba5494d-a428-4c7e-92a2-fa5f8a096b3e,20fdaaba-bd75-4d6e-bf13-299d2f1704ef,-10,0,3.6226757033803927,0.6561556035191501
9f7538fd-caa4-4fa0-9059-d6c7accc8846,2023,2022-12-31,41088861-2288-4681-9b1c-b52f63527faf,5bd87308-1027-4aba-a8ef-970bf8e9ac0e,23,1,20.900459477148516,0.9861232213449361
a44a89be-22fb-4c69-8331-19f26550e7a5,2023,2022-12-31,66ad8504-16f3-4990-9abd-ff1e776dfb86,3fb4c1d4-021b-4e64-a997-b47421257d4c,12,1,3.083490957294886,0.6512350723704372
a9a0d3f8-93f4-47f1-93fa-57aa09d0e199,2023,2022-12-31,f69cd607-9c59-41dd-9dad-e5a5e9ec4370,05dbf7f3-9fc5-4818-bf47-490e1f7c7186,-9,0,-10.263263360100758,0.19749749955234033
ac47d068-4379-4fbe-85c0-4789183ee0ec,2023,2022-12-31,a1fb658f-49be-4887-a725-48a42276ac48,39d71fee-a4e0-4399-8698-547fdb4fb256,-18,0,-12.500125867010341,0.08670067382684546
ace78721-9d8f-473b-80d3-b6a641450ac8,2023,2022-12-31,a5600159-b71d-473b-92bc-8f7ab08f897b,f0c6c56b-f155-45b4-bed7-e886af6e82f6,13,1,9.722337123429535,0.8234589637394029
ace8e6c8-078f-4a12-99c3-53b90075c7ba,2023,2022-12-31,090a9b59-4e95-410c-b5f9-c4d63d9caea8,bea9ec66-e41d-4afe-aa79-8a5b0f020811,-13,0,-12.926788004538208,0.11285514021679058
ae901f4f-4da7-408a-b2c2-58d04efab9d7,2023,2022-12-31,80cec103-b3b1-4978-9b4a-f1ad161630fd,96babb60-08c6-42a2-becc-a075a465dcc3,4,1,-2.484141116332401,0.3664265239179606
b0a9679a-800b-4c3e-84be-94ebeffdd9e1,2023,2022-12-31,cdac95d6-25af-43a9-a6c0-1004aaa6a183,3d8ed3b6-e3d1-4a7e-b179-fdc92e2640e7,-5,0,-2.0339297578456437,0.42447652107264866
b1df18de-0fac-4e55-abbb-ba786d703dc8,2023,2022-12-31,043e8015-480a-461d-aae5-6cb149237466,d92b9143-ae83-4c94-b9c3-d1cbae1b7565,12,1,-8.384538769189708,0.20954238096873817
b4316328-1b15-4c98-94fd-449e6a6d5ff8,2023,2022-12-31,b6c50d53-e53e-42aa-8c2e-1297e733737d,63b38daf-556d-4012-93d1-faf2cc5da515,-4,0,-6.211724723632748,0.26080742178473576
b519c162-627b-4f28-90b2-e0bf6b95e9b3,2023,2022-12-31,bfd30209-fc33-44e7-a4be-7d2be91b2842,2dba4db9-bc1f-41f7-b1e5-8d94e117c1e9,19,1,17.047631655672905,0.9680963978284369
b7d710ab-6c4e-4784-872e-1ccd90972a6c,2023,2022-12-31,348c253f-b663-454e-9b7d-051280f46334,a61813fd-4a0a-4112-9fe9-2d33fa01a9aa,-25,0,2.131577038432022,0.6190178930784042
b810ddd2-5358-4dca-8f80-422d1a2f762d,2023,2022-12-31,ba34e76d-5905-4b7b-9c5c-9e014d969c91,57f7bf85-91b0-433d-b843-94485a520954,-9,0,-5.606037517719543,0.24649997790330966
bcbe02ec-535b-42b8-8d41-b292a7ca2225,2023,2022-12-31,d4ca3878-1113-45b1-abbe-5a9a3c7c5430,b462e428-f59b-4465-b793-4cef6f10cf66,11,1,6.12902638900561,0.7481745044520353
bf9fde73-db61-476d-9f21-38fbefe60b5d,2023,2022-12-31,325c1fce-e70b-481c-bc59-315b7defd4ad,77dbd2b6-8c48-42cf-9cfc-6fffa07402bc,6,1,6.575009316532986,0.8004866072129861
c17f0e32-334e-4bc5-82e1-3f8f7c70b57d,2023,2022-12-31,2cb246a7-863a-4dc7-ab3d-eabccbf12019,252b92fd-b788-4b9d-9cf4-94b7e591640f,-9,0,-1.1028354680007215,0.44584275533015927
c270fd68-b84a-49d8-99d7-6fdcddf056d6,2023,2022-12-31,718dfd9d-59ef-415b-875a-8c861f6adb33,61442116-53fe-4490-9f2a-17aad40fb68b,11,1,-2.4894219525654826,0.3576579682006908
c3a01e47-0e34-427d-b5bf-fbe269a79bfe,2023,2022-12-31,2f8127bf-68b4-4cd4-bb81-d18b7f461cba,f9620376-5493-4730-bf10-8b6480bd3e43,5,1,8.065524541883953,0.8010272105518959
c406db6b-61de-4ca9-b3cb-5a1a7aaea4f6,2023,2022-12-31,d7828b57-33e4-4922-bfdd-4780151816ed,4d964b45-0956-4e20-9bb3-92d90690ea01,-1,0,2.0722825912205796,0.5992899462787521
c4f90bbd-c1ad-411c-aae6-621bddc8deba,2023,2022-12-31,75db89bb-f85d-4726-b2c5-e7f61c8115c4,1b6320e0-71b4-46c2-9fb4-0c801f4c8770,9,1,13.08934557781504,0.9305116840082729
c571c902-2fdd-4798-a1c5-d6e55451d225,2023,2022-12-31,fe1d1802-ae97-4c4b-8c1a-aef0cb3c5646,22b7e3ea-2a6b-4f0f-8f10-40ab409da1e7,-9,0,-5.459977600798159,0.3212524918349924
c6c08c7b-ba63-473b-b21c-744ff31ff57e,2023,2022-12-31,a155af26-bc09-4c69-9940-efff8f3d15e3,f1d0f01f-d161-44fe-a534-6f4383fe2d0a,5,1,8.317778850842988,0.791533072979733
cacbfe82-25ea-4f0d-8766-810de5a7252f,2023,2022-12-31,8681e6eb-5cf9-45d5-b215-af3a54ebc784,aecccfce-5e00-489e-87e1-2622303b6120,-10,0,6.500315699575634,0.7703174901336893
cddfb856-4c2b-42bd-934b-8ff78c1b1198,2023,2022-12-31,888089ca-9632-4e33-856f-b210b1d946cb,8b7efe80-a558-4a31-90d4-b59ad2ffdcac,10,1,-3.0975991688045186,0.33970915569588456
cf9fda11-0b59-4bdd-80f1-aa4d91cfc9b1,2023,2022-12-31,58fab53e-62a1-4e7b-acbc-71e06102931a,a0454954-f558-44d1-812e-59b90041128d,-9,0,-6.054441944145206,0.308334599257468
d044197a-23f9-40fc-b51f-038b56b74931,2023,2022-12-31,c8da4ce4-29a3-4f99-b827-9b55afb4e0d5,1a2c070a-303f-434e-a50d-c98ad9d9f88d,-2,0,20.78957824039643,0.9798312498194905
d24286c8-5510-4c8d-ae15-97e7101b519c,2023,2022-12-31,6aa9d05e-84b3-4e72-815b-fe3dd02b1e03,6748ba88-58dc-4e41-b3b3-d8df2c4a3c4e,21,1,10.823739657990055,0.8955284170884308
d6df5d1e-5f2b-4f62-8378-aeb63bd7a1ec,2023,2022-12-31,97cd7805-e5a7-4739-97dd-116010ceb9af,63373289-6a60-4345-8e60-c44894f4f8cf,-12,0,11.721684251194365,0.8989446787906444
d7acbace-d14a-480b-9d23-9c42747c6ec7,2023,2022-12-31,9226a51e-74e7-48ed-9e95-6890a182148d,d6fb85c8-3e1a-4375-a5a6-b293e672533e,12,1,16.256532116747714,0.9371207104635679
d9e8daaa-50e7-4b2b-a9d1-51e294319a81,2023,2022-12-31,295728d9-e6d3-43a5-a29d-26c403f073cd,fccaf1a2-1439-499c-87a3-1615684518bd,-14,0,-5.918214600569355,0.30884224208608796
dfa9f480-7363-455f-ba78-3a6bf15f9af1,2023,2022-12-31,c8e7388d-5a50-447b-ade8-addcc758d8dd,f7352462-5710-45c3-bd64-969e67428b1f,6,1,12.286959221298394,0.9208119844140746
e1f00e90-e642-4c52-a19d-9c1229bc4144,2023,2022-12-31,712e6366-f137-4f9f-a647-831a2797543e,ab66209f-04c2-4600-99c8-cc177f001266,-18,0,-9.380126942644296,0.17564331607368114
e2d2d559-426b-4213-87f4-9480f3f2020c,2023,2022-12-31,c79c0f1c-2685-4621-a2d2-476af53195cb,297b5678-ce67-4c02-bfc4-2ccec5343d09,2,1,-13.849980989684187,0.07548204324513244
e32f8841-6a34-4f63-ada0-4ba463fcc1d5,2023,2022-12-31,ad6b613a-f36b-446f-81a7-6095bcf8a45a,e10bd2a0-5b84-4d41-a1ef-08b801a04039,2,1,5.659430710308957,0.7288735103607408
e34c379c-ce78-43a6-b1c5-c2f73bb2fe4c,2023,2022-12-31,b1cd7b83-cc64-42a8-b41b-45343632eee6,15d2579a-33fd-4772-9d78-e929a093bd79,-2,0,-5.530629521737596,0.3220040209647763
e3a59a50-05cd-4ccb-9b61-c2ff18ce8a06,2023,2022-12-31,324a87d8-6e5f-4df1-adea-5c7c07bc3880,407f6796-76ab-4c28-8f30-cebbfbe534dc,4,1,7.790448102436005,0.7818476760795569
e43bfb77-7829-4477-bc14-e176541b9a8e,2023,2022-12-31,143599fb-b821-43e4-b0ee-2f6e521ddb11,edd0d0e3-31f0-49f2-a22c-b47c8e8ba9a6,-3,0,-0.5370052718785125,0.47157593325162095
e68aa033-4c4e-4564-a721-3a6189e1881c,2023,2022-12-31,4a3968bb-0d67-41c6-af5f-7ac59ae5cc3d,11b2b228-e668-4561-b527-22cb63540f1a,8,1,5.3100156402685466,0.7522599908812214
e8cb2eab-836b-44c5-9b54-0b03388ad7b8,2023,2022-12-31,0b94d899-a6a7-4449-b626-07126971cd67,93759732-e117-45b2-a99f-f09b689de84c,-6,0,-1.0588096712797075,0.4786754406194896
ec20a08e-7b7d-49a4-894f-4f52c054ae81,2023,2022-12-31,c324cc75-a904-484d-b520-1f21664c89d7,5efbece3-af1d-4f3e-8930-388ee4604cac,-6,0,5.169047440034964,0.7393368052938927
f1b51110-5a55-42f6-a087-c64dcd32984a,2023,2022-12-31,34002612-3816-4311-b39c-41d24ddcf17f,16e5ce2f-bdd7-49bd-a906-9aeaef0ffa08,-5,0,7.560433706362892,0.7916204419277124
f45b7678-df13-4edf-b233-d7673205697d,2023,2022-12-31,f14e71df-6c53-4abe-b789-c0d73a44b276,3b586230-34c7-417b-bdcb-3245c5a8de8a,6,1,2.4210926969826696,0.586571008363267
f620a31e-9bc3-4429-9dc4-e4508e751a6d,2023,2022-12-31,3bc40b20-71e2-4fa2-9c99-8e0b6cc3460b,29613880-f1b8-40b8-a09f-a825765c5e40,2,1,8.130987600926517,0.8226215279325715
f71667c2-f1a9-4ffe-a87c-85993cf0215c,2023,2022-12-31,0112fa43-c6c9-4c88-be78-7e0818374d56,f408da5d-dcf7-48d6-b4b4-485c6241d6d4,19,1,3.2619227388273546,0.6714935957368673
fce9fbea-6d37-479e-a1b0-169e88dde205,2023,2022-12-31,7bf0273c-57aa-4412-be01-e0e08fb7cd81,d13063ca-830f-4027-a1e1-7961d39c81fc,2,1,-5.156940478690663,0.3300203753679892
fd6f55bd-b2dd-4fcc-b774-1f904a00447b,2023,2022-12-31,63b264d5-0679-4b31-b175-0c1d019bb0f4,b1119bba-a47a-41ed-adea-9967a72cf21d,17,1,6.25643739222916,0.7558879316550774
fe74ce6f-d3c5-401b-8a8b-cfa69117d25b,2023,2022-12-31,5a36a71a-5c48-4f55-a80e-17e194f320ac,814a38f7-2f64-498d-b6d6-a9ae4df96850,-4,0,8.673478757703792,0.7986964892753673
fea4c162-a6a7-4d87-aad7-5fc51c1001cb,2023,2022-12-31,0621d617-e31d-4e1e-a043-a11af2f706de,2ff94ca5-2417-420a-b20f-387ca6793769,-8,0,-0.7957183669649823,0.45222247078093
ff7e9c2b-6e26-45fc-8a9d-9142d2810f49,2023,2022-12-31,88dfcbfb-3d60-4978-b275-46ae9f682ad8,0939b5e1-8421-4924-a8b9-9846ca06f2fb,-19,0,4.489306844334393,0.7034106385085116
ffcd4f28-2c97-4848-b3c8-c165b60ee7fe,2023,2022-12-31,873aeddf-ece1-4971-83c5-24ff228e2954,eed17656-6fec-4cf5-aacf-f932c5b66084,16,1,13.352070026580344,0.911720345274455
07393f49-5cc9-4405-b421-6db5da8bcd59,2023,2023-01-01,ec764a7a-bdf2-49ba-9830-7408ea7f453b,067fed65-5ce6-4ac2-b769-11805417f5ce,-9,0,-4.562540882305389,0.30810825174149237
2ee9d349-be54-44c4-aa97-6e9618749cb1,2023,2023-01-01,92c5eea2-cf1c-4902-bae5-39cf63a77442,9a68215b-c4da-4c48-8fdd-6f9862b46f80,-25,0,-13.345978311797587,0.06988898015279102
39cf414e-ab32-4012-8d0c-2bfe874aca89,2023,2023-01-01,218250de-64b1-4e7a-9b64-e426441584e4,21bdd018-a21f-44da-982a-98efb6d24ca1,-19,0,-4.453010504571181,0.3261396469021846
50cb529e-6a3a-46c4-88e7-c98af0c854e3,2023,2023-01-01,4a1337bf-77da-4acc-8a27-5f6ee2d1db60,c84adc87-6cd7-4df0-9245-59fa829300e4,18,1,-0.9140274220882864,0.4812179283388381
58b72b65-d728-4d29-97cc-c4dff0f718ee,2023,2023-01-01,e39dbea2-e913-4bf0-9407-8ef31b60b82d,4db0dce7-2ca3-42fd-b71e-f5e13debacfe,7,1,-8.460593348571916,0.19921303737006973
8dd68077-5d46-4722-8193-a4b0ce6f3e2c,2023,2023-01-01,88471167-5c0d-4477-bf1c-b50a9fa96a10,7d7d8e50-802f-4f7c-aedf-3116a743e835,-11,0,-5.933711787603447,0.3622965935131586
9668f1f1-f254-49e8-bc00-a386a2eb923b,2023,2023-01-01,c6e998ac-727a-42d2-a2d4-0e7c854dd383,bf2aafb4-bbb6-476f-acfd-8793128f565c,10,1,4.247620035436713,0.6064573206531171
9f42c84d-0507-4b00-93e0-014d656ca9cf,2023,2023-01-01,22641200-31a8-4bc1-9df0-8a3393139dde,fa0efad2-ee60-463a-a297-fb45c393e624,4,1,5.688561143971341,0.7616964740782475
abaf07ee-f7f1-4138-b249-77e18359f485,2023,2023-01-01,dd027a18-2cb5-45a3-a0ce-f3f9eb7bde2e,81937a80-a7e9-4025-9c21-2ed38625cdae,-13,0,-9.349012559842059,0.22429732735069702
ae42b9d5-e249-4964-8a13-aeb38e9ca751,2023,2023-01-01,445a7698-bd20-45f7-9c62-e0ca0057e959,f51695f1-a8ee-4f8c-b518-879ffe6b0dca,-17,0,-6.88402420283334,0.26679345003831006
b5a04c78-9e89-47be-82bf-a51589b53ba7,2023,2023-01-01,1900d158-6fb0-407f-a2df-6e37a1db2dc3,ef9503da-6c3d-4207-ba0f-3cf770627dbe,-18,0,-8.878557325379946,0.14756414293832726
b6a1143c-a267-4acb-9c40-a4eef47d1911,2023,2023-01-01,c21e5ab2-08dc-48f9-b923-9526ce89d623,cb08f172-db74-448e-aaf2-80d96b32bed4,25,1,12.695194934063409,0.8942296601225891
b73a362c-fe9b-4600-9063-dc8eb0e5310a,2023,2023-01-01,247817ad-6065-4e8a-80e7-26c838de4153,05300c53-1c99-44fc-894f-5d062cc9254d,-15,0,-5.808978527458303,0.3237290810133488
c405b2c2-1d05-48c1-9c3e-74ce114b9a37,2023,2023-01-01,81ba36f8-a53b-4696-8877-2e9bb161598a,9874a1c9-7e78-46e4-8d3e-6fce94e7046c,-16,0,2.239525295196657,0.6581425214248269
c480b337-5afb-4747-ab8a-17863691c582,2023,2023-01-01,304b93c1-4157-43db-bc99-6f2b071e4429,9f8c4a3a-10fc-427b-a3b9-f54bcc243010,18,1,20.154827155993498,0.9840350601491606
c9fdf53c-23a8-4c03-b333-c26c0d2064de,2023,2023-01-01,d19262e6-6584-4276-9fb9-d5690c3ca053,27a2a3c7-c672-4a2e-8381-bf31d528c0d0,35,1,5.186090947198793,0.7540677031558471
e1f557c9-610a-4a07-8e7e-7edaff1725a6,2023,2023-01-01,c88614c4-bad0-48db-990c-90a3243c3734,43c4f9a5-d6d5-4dd2-bfac-0bd3adaf79f7,-29,0,-4.087151502171172,0.3330809710722352
fe893687-057e-4fac-ae0c-290f54bdf748,2023,2023-01-01,eefb221a-cb2c-47a8-a13d-1f008fc6a8a0,55f602a6-b8f4-4fc5-b30a-9a23ad91a2d8,3,1,-3.7154941923373146,0.3349452221610966
038fefb3-a03a-4ce1-9e78-bf7a16e2074d,2023,2023-01-02,48e9401c-d41f-4f19-9358-0f41a8d74ea5,aab3630e-9c8d-453f-b0c8-afdfe71a5d3c,-16,0,-8.948780593508207,0.2170926162036245
0fc68d3f-0ac0-466f-ab28-79405c2127fc,2023,2023-01-02,db22a3b8-fd13-44f3-8968-9aeb04d833e7,0d002e4e-eb5e-4b77-9116-89839d4f537f,-17,0,1.259510103296509,0.5178638974767176
1252041e-d078-4a85-a348-20071c09cde6,2023,2023-01-02,5b25de37-34c7-4ebb-a149-b0ca3c4ffff6,9c36dca1-e045-4592-9000-60f62b244bf1,9,1,-0.5584716066805397,0.5043058933519435
1c7109da-831a-44f3-9a6b-63e75d4dfc6d,2023,2023-01-02,805b30dd-e009-4031-8968-ef4d8bbf928b,030a591c-8164-4635-bb33-29a4c98e0b5b,-8,0,0.5840502941235588,0.5106372218635604
32d6319c-c229-4f6b-b02f-5d9846af2fcd,2023,2023-01-02,1a879f38-8a98-47b8-9c92-7da920f1562f,320ba34b-ed3e-49e5-8563-08246b20d1d1,-1,0,-1.0418016111268529,0.48429057055005564
3fd17a01-e396-452d-93d2-befe9afd522a,2023,2023-01-02,e145a47f-597f-46fe-b58d-64dae192efc0,3fb4c1d4-021b-4e64-a997-b47421257d4c,-4,0,3.389799055284099,0.6346157123411629
40760bcf-afe1-49bd-83a1-15c649be2905,2023,2023-01-02,1e95b7a8-8a2d-4c93-bd01-79b311a80f40,a155af26-bc09-4c69-9940-efff8f3d15e3,6,1,7.356012202725404,0.7576568444220021
4c76b47e-3f19-4140-a098-3360c72fc2c4,2023,2023-01-02,e10bd2a0-5b84-4d41-a1ef-08b801a04039,01325ccf-0551-472d-a463-55f692a5e50c,7,1,1.1515096767722097,0.5350836389841757
53302bfc-58c7-49eb-af71-6baf0a5a4287,2023,2023-01-02,2a391736-2322-4864-894e-4856c2d517d7,e1e53055-037a-4acb-82e9-552f8abd6635,-8,0,-2.00766466878221,0.40218697127769265
58ee4f05-be86-4f2c-90bd-1b9cade4d6b7,2023,2023-01-02,89150efa-06a3-4a88-82d3-26b3797ada35,f4fab986-a169-4f78-8a7b-6be149e86c10,-11,0,13.82768551877887,0.9373461841329147
640eb14f-ce63-43ee-bcb1-7961ff513f4d,2023,2023-01-02,66ad8504-16f3-4990-9abd-ff1e776dfb86,ff27601d-133f-4abc-a42e-f55d4f497bb0,2,1,-2.884081378222051,0.40799303950388427
7723e5b4-db7e-4cc6-9678-371829595a40,2023,2023-01-02,8b6e9436-9398-4b24-b6a4-24bba0c8eac3,e22f605d-41f6-4e5c-915a-987ad0c44569,-1,0,6.502894512589362,0.7818965515233043
7d100fc9-5675-4152-9d39-252a31e6ff9c,2023,2023-01-02,0d4551fb-d4fc-4659-b14c-fdeba3555569,b034bc0b-a11f-4e43-b372-127640b1d5b0,-4,0,5.267116567334701,0.6944977248603398
7dd6c031-7545-47d4-b614-34e655b04ed5,2023,2023-01-02,d20936f6-b751-41b7-a241-c75beb459360,958592fd-5c16-45ff-90b4-3242687743e9,1,1,-3.560309285500923,0.4192663090478414
88600478-3fe9-4e0d-ae4d-541c688ef8ae,2023,2023-01-02,588cf783-9153-4586-adb0-8eb7fb71d013,0e5ca5e6-5ea7-44a7-8587-b4c7834a4c52,16,1,2.3705431906648187,0.5869957562021842
a3fd462f-c14b-4a4d-9893-d5d933419d88,2023,2023-01-02,eed17656-6fec-4cf5-aacf-f932c5b66084,29503a81-0fe4-4a0c-8022-d23ac7e092b6,-5,0,-2.666338013304089,0.3130655973987104
a8393277-615b-4ebd-ae26-f2334c19e003,2023,2023-01-02,6c796971-9e91-4507-a6ad-9699cb1ed2b4,24b5ca48-c4a7-4e8d-8fff-c02904c11b7d,7,1,0.35417911618494197,0.5840530212776973
b11cebb8-542c-40c7-8f87-bc948fdf95d6,2023,2023-01-02,175f9186-422d-479c-a771-d9f218a1a87b,bc1a0cad-570c-477b-93fb-2050c0e2f9aa,-8,0,-0.8659110850537043,0.4665060127230084
b25547de-d78f-40dc-a9f0-7a6661033599,2023,2023-01-02,090a9b59-4e95-410c-b5f9-c4d63d9caea8,c3807661-da5f-4ce7-af5a-e086fc56158a,-14,0,-12.32778894354188,0.0754417659333286
cc24aead-afce-41ab-bf9e-0ebff86dcf9e,2023,2023-01-02,873aeddf-ece1-4971-83c5-24ff228e2954,7631bceb-b254-43fd-b331-b90b901b5959,4,1,2.969341920181597,0.6412445572335197
d2dd4fc7-a22e-4520-9713-3b6f6b83f1f0,2023,2023-01-02,39668771-063a-4cfd-ba1d-be18a842d5a1,ef3cd1ae-ef09-458c-a751-658436d5dfbd,29,1,15.097130176716453,0.9490968351634154
e569e78c-1ab9-4bbb-96e8-e44ddde5c947,2023,2023-01-02,cd2892b0-c423-4723-86bc-3988015a8015,71aa15ab-9b94-4d3a-88de-3f0ae5d9a44c,-1,0,8.644522641039119,0.8144453745067056
047e1e1c-e746-4934-8fcb-7e3e31021c8d,2023,2023-01-03,ec3ac254-d13e-4b51-95ee-389447c70400,6ddd1347-422a-42ab-8c8e-fd5c9b4e78f1,-13,0,7.0240397587526315,0.7561598918767811
0cefd93d-a83f-49ff-94b7-93eb3176cdf9,2023,2023-01-03,b349d38b-bc08-42d6-bf21-e6c826c45b62,1e86acec-a854-405d-a4cc-d096ee03f22c,18,1,11.121055248631047,0.8670663775398552
17596adc-5367-46bc-bc1c-9ea657059d70,2023,2023-01-03,12a96cea-6b94-4165-bfbc-3fbee5bd51ab,db9252c1-9697-4f77-b192-93b1badf442b,8,1,19.00625684293218,0.9787838858354827
230ba33b-d5f5-45f7-b977-1e0cba60cd05,2023,2023-01-03,1cddcec2-cf89-4c5c-9810-d148c368b08a,15d2579a-33fd-4772-9d78-e929a093bd79,-11,0,-6.0262652330202,0.28364923921570034
2b0bb7b0-c403-4484-8f2b-dddfc944820b,2023,2023-01-03,0b94d899-a6a7-4449-b626-07126971cd67,bce5e657-8430-4508-b956-64ed47e82de9,-12,0,-5.18397351975872,0.3321419859545114
3868e39f-384b-49f7-b204-829296529392,2023,2023-01-03,bc48226a-5e03-49d2-aa5a-550081373e7c,a81b1489-4c0f-4a3d-bfe8-a9efcdb13d79,3,1,16.638025834566395,0.9441483318822067
4023b2ef-438d-4140-b8d8-c86849942ed1,2023,2023-01-03,0ac20cc2-e801-4648-8850-2fde30c2def5,60cca73c-a30b-4fec-8cc0-a18b3dde7312,3,1,12.932712026523205,0.9234880602870077
7ec4831f-79c2-43e0-bdac-1e1c64493079,2023,2023-01-03,9c773261-49b7-48c8-816e-3e3260997d71,45f03492-2831-493f-8176-63dfae6670de,-7,0,9.276472848791098,0.8415390287555922
85f857ae-7df4-49cd-9cd1-f81b10dbf569,2023,2023-01-03,c238c9de-59e6-4d8d-b9d0-745eb8ec96ab,d6ec4d5f-7d79-4064-be14-71636bf66d75,22,1,10.58370136690003,0.8840016633931324
a049bb8b-138b-4df4-944f-b52bb7378344,2023,2023-01-03,015de200-e75d-4f5c-b26f-60089691f965,2ff94ca5-2417-420a-b20f-387ca6793769,3,1,7.011065426333544,0.7496548167031223
a1d887fb-5776-466f-9591-14fdf6777800,2023,2023-01-03,c20e9648-8980-4cb8-b139-4343f24b2e91,ab66209f-04c2-4600-99c8-cc177f001266,3,1,-2.4446826915705873,0.43055542074025616
a75c57a8-8958-48cb-afd2-5a9c4c387c43,2023,2023-01-03,07960f6e-9ad4-45bb-82bd-06f477a011e3,66f42ce4-3183-445f-b7db-b673bfb1fe7b,4,1,-2.6605182401352843,0.37858426849887034
b97f490a-3d2e-4a1d-9a21-d5c33959a163,2023,2023-01-03,526a8e73-78d6-4268-9f89-6f7d90e5dcd3,c9739eef-f828-47a4-bcc0-548844cff9d5,-1,0,-5.616688246413546,0.264515459454565
d57c68b4-b6de-4b09-9781-80df6229efa4,2023,2023-01-03,208232bc-9495-4351-b34b-874117e7ab9b,a757dae2-f596-4065-9e29-b365b91af590,3,1,-3.193656530090974,0.4031568953765067
d944b299-e6c2-4a84-b885-ddcd58efde7d,2023,2023-01-03,762cc817-6e37-4650-89d1-6bff265dd1b3,ad6b613a-f36b-446f-81a7-6095bcf8a45a,-3,0,-4.3336109777597125,0.3129236807302993
ddab9091-9b72-4c28-bb0c-5ed02379e959,2023,2023-01-03,be0c2be1-019f-4c49-9ef1-92f53c9c23b0,7b4d1f71-de6c-49c1-a95c-de84c4aa46a5,12,1,-2.895038070272245,0.4405448014774681
e8240d3a-4d08-4ddb-b4d3-9b93f6d228de,2023,2023-01-03,8e941979-021a-4b68-ab5b-5ee34fe0e06a,611e61cb-eec0-4487-b0c1-1ea8cdba0762,22,1,22.3188327042181,0.984643856474289
ea7709de-9713-43d2-83a7-17001f41ac5e,2023,2023-01-03,9cc36a7f-4ac0-4523-b7cb-99b33fd2fb4f,eaaf67e1-30a6-41ca-a400-906b86d42a58,34,1,10.460489226603606,0.8757113711048541
f23cb999-30dc-481b-bbd4-9ba05966294c,2023,2023-01-03,9cf58c59-1075-457a-b79e-942b453b75d1,d1f5a19f-6263-4ac7-9ceb-e1339595db2f,7,1,4.0403828754742985,0.6778054757523783
fbddea9c-ddc9-4ccb-a162-858e22f0bd59,2023,2023-01-03,a35d0124-2cd2-46ab-b613-2438a97b6ddd,89023aa7-6034-4d33-96dd-3566c7afc79f,-26,0,-0.4681968490718968,0.48439330405608466
fe39ac62-2125-4480-82fb-c7665b124815,2023,2023-01-03,d5e2b5fa-8cb9-45b6-a822-4e64c46bc8fd,a15edd2c-08cb-44fc-81cd-ab493e8364d6,25,1,6.88627715626709,0.7360382302124678
005447c6-5e89-423b-99ca-f7665f24cbb6,2023,2023-01-04,6c796971-9e91-4507-a6ad-9699cb1ed2b4,9c36dca1-e045-4592-9000-60f62b244bf1,7,1,2.7300574272592955,0.5900866431262152
05975a79-ba88-4e4d-a6e3-72ff50054ec1,2023,2023-01-04,bb243294-1aa5-46dd-af42-c3676717c61a,105b326b-5a9b-4c89-a5ec-7e020f9e72e9,9,1,19.707833935554966,0.9627866155432382
06bfee00-08a2-4da8-8404-1cbc0d092cca,2023,2023-01-04,05300c53-1c99-44fc-894f-5d062cc9254d,8b7efe80-a558-4a31-90d4-b59ad2ffdcac,12,1,-8.90661460356547,0.20225711189508358
0a159a40-62bf-4ce2-8af5-da563e922a5f,2023,2023-01-04,c1ddb62d-8103-4ef4-a556-df9238531bdf,ba34e76d-5905-4b7b-9c5c-9e014d969c91,-1,0,1.1794131718410181,0.6171820816890188
15b903ff-7708-42dc-9264-2e2c378371da,2023,2023-01-04,7bf0273c-57aa-4412-be01-e0e08fb7cd81,cbab480a-8e87-4eb0-ab35-22228c66f68e,10,1,8.344932878633134,0.8498782615273505
23f17463-9adc-4365-a764-553705ce572e,2023,2023-01-04,8a231892-e40c-466f-9e2a-016a3433fda0,d680033e-5d87-4349-8622-dcce2bc0559c,-5,0,5.813486569415662,0.7673216689813648
2a3642cd-b99e-453a-8368-7e726c60987e,2023,2023-01-04,40fe605d-085b-468f-aec2-614432798d3f,043e8015-480a-461d-aae5-6cb149237466,-11,0,-0.7707092380436088,0.49461628685455233
2b1bd131-bd42-48de-8d1b-d77472bbb4cb,2023,2023-01-04,7a193c3e-c732-47d4-b893-cc0c575ff431,23328a3b-6bde-4b61-960d-5c45fab4d16a,-3,0,0.5919112101183343,0.509382572179202
36720dfe-ef3e-43c7-bcd5-0212619646cb,2023,2023-01-04,5b25de37-34c7-4ebb-a149-b0ca3c4ffff6,24b5ca48-c4a7-4e8d-8fff-c02904c11b7d,14,1,-2.552572164659255,0.4326343692854605
3f8693df-62d4-4768-b243-98997cecb6db,2023,2023-01-04,ef80c085-db7d-4b36-8fd0-13ac9be0099c,06ef3673-5d7a-4701-aed9-726aa07838e4,-4,0,-0.844199852394344,0.5103395904519009
42d37307-061a-4b9a-8778-f8a4110eefd0,2023,2023-01-04,e39dbea2-e913-4bf0-9407-8ef31b60b82d,cb08f172-db74-448e-aaf2-80d96b32bed4,16,1,11.70221312979999,0.8939155930263378
4baca549-9c57-4f90-837e-92dc75f9a93d,2023,2023-01-04,b0eb9a16-e704-4784-bc96-af277fccf122,f6ffbdfc-4780-4966-b75f-aa6ff30a7928,-3,0,2.7896502275295147,0.7325478925961165
4cefa4e2-85b6-4316-841f-f2ac84675cdf,2023,2023-01-04,34668727-07c8-40ea-adb6-3541d9d7f32c,a61813fd-4a0a-4112-9fe9-2d33fa01a9aa,-5,0,-4.0740036974860585,0.3200814598964314
4de0421f-656c-42dc-830f-9978b00e9edf,2023,2023-01-04,1900d158-6fb0-407f-a2df-6e37a1db2dc3,8d694562-759b-462a-9766-ac29e999df71,-2,0,-1.9684255070811896,0.5040468461609364
50c5b1f0-c731-4fbf-85d6-22f6fe38cae1,2023,2023-01-04,e198833b-92f3-4fa3-a2cd-82f04ec7e0c3,bfd30209-fc33-44e7-a4be-7d2be91b2842,24,1,-3.0778692206790397,0.42887162494958053
51a7dc2c-1fe6-40bd-a87b-77ed64de8baf,2023,2023-01-04,d19262e6-6584-4276-9fb9-d5690c3ca053,22641200-31a8-4bc1-9df0-8a3393139dde,10,1,2.238488200319072,0.5572691913554054
5a0e3ebd-6753-4f95-9bff-d2175e790895,2023,2023-01-04,4b5bb58e-38b5-4132-b2e0-876169cd4017,11c41163-ceed-438b-bc9e-333b60a36e6b,6,1,7.8659196438256505,0.8166750493677085
5f354763-bf69-4c0b-8786-ed143b14bc7e,2023,2023-01-04,fccaf1a2-1439-499c-87a3-1615684518bd,cdac95d6-25af-43a9-a6c0-1004aaa6a183,20,1,11.285719987566877,0.8779982205051353
6135ad3b-e3a9-4363-93dd-a0373914d4ce,2023,2023-01-04,72c1f395-5916-463b-8353-47b99a272098,1c48e10a-5d97-4c46-8f8b-4217683da26a,-15,0,-8.597159980020532,0.23473146975006165
646697e9-286c-465d-82ae-f4dc98be4f4b,2023,2023-01-04,0112fa43-c6c9-4c88-be78-7e0818374d56,8674cdcf-acde-4035-bcae-1c7c0d7549e5,4,1,0.7033054342081081,0.5752188053741127
6aa3a6e0-eaf3-4b8a-a154-653bdc82fd42,2023,2023-01-04,11018b71-58b8-48c1-aafe-d3f42d4dc4b9,99bac3ff-1929-4a83-a593-5c1e123a25e6,-5,0,6.521897899655086,0.7620905775366775
6f46918b-3ef0-4ca7-9698-b3b9aa016f47,2023,2023-01-04,712e6366-f137-4f9f-a647-831a2797543e,173a69ab-4f3c-453a-a1cc-8b83c0ee2b49,6,1,-8.188793783185824,0.22966882601694538
7e4a2c90-e12d-4fcc-a7a6-f02812be012b,2023,2023-01-04,6d0447fe-c13a-4ab3-b46e-cc2a08eb057e,f7d3e028-cab6-4277-8d9c-799f5bec0712,-3,0,-1.5977816821215693,0.40776657974069835
7faaadf0-3fdd-4903-80bd-c7c33eeeb8bc,2023,2023-01-04,e5fb9be0-e310-42a1-9744-47b3878c37eb,d13063ca-830f-4027-a1e1-7961d39c81fc,-4,0,-9.106233122689638,0.21980714860589573
92f7bc1c-4139-4ed1-9b7a-8595574c165a,2023,2023-01-04,127a96c4-6d95-4519-ae56-77c271aeea23,9d09ebd0-f5e4-4022-b315-aa3719219b6a,9,1,5.924490793616583,0.7349601057373685
94f41213-58b9-47f5-8b5a-2b3dadc7caf4,2023,2023-01-04,57f7bf85-91b0-433d-b843-94485a520954,3950a3d3-d1b1-4dd9-bf4b-2356ed344246,12,1,4.290358189334012,0.6871868484177919
9592ebdd-838c-488a-8e5b-502a80779202,2023,2023-01-04,4a1337bf-77da-4acc-8a27-5f6ee2d1db60,55f602a6-b8f4-4fc5-b30a-9a23ad91a2d8,4,1,-5.929439032817361,0.296630062869066
9b20e5b4-9ab7-4bb6-97a7-26ff6ce89cfe,2023,2023-01-04,eccdef36-c666-44f9-bd7f-17e4e33e2def,ef9503da-6c3d-4207-ba0f-3cf770627dbe,-9,0,-8.979635734802518,0.17537481538866465
a64eefbc-a69d-4dc9-9374-d255b6865070,2023,2023-01-04,48ff6f70-fd07-4a02-ac71-b973f0ea0451,c84adc87-6cd7-4df0-9245-59fa829300e4,-6,0,-7.529431770349485,0.22139404104400195
a6f7c4a0-1318-44be-ac6f-64646916b2ee,2023,2023-01-04,f408da5d-dcf7-48d6-b4b4-485c6241d6d4,3d8ed3b6-e3d1-4a7e-b179-fdc92e2640e7,9,1,-4.551749650721798,0.3615729054417159
ab8e194d-09c9-4e57-b5d4-d3b01bbde2ef,2023,2023-01-04,93759732-e117-45b2-a99f-f09b689de84c,0621d617-e31d-4e1e-a043-a11af2f706de,11,1,4.196224323569306,0.6943429099473586
b7ec3d9e-2ee9-4063-902c-a1293e82c3a8,2023,2023-01-04,3c7653b4-ff75-43ce-b3db-0654e938bcd3,d5e139fa-05e7-4c6e-b083-5261fa76ee6f,-1,0,7.635067159109039,0.8131503924198851
bde94f30-aa89-4a61-987d-5c1085033407,2023,2023-01-04,f51695f1-a8ee-4f8c-b518-879ffe6b0dca,599c2f7f-3472-4f93-9807-39b33c575236,9,1,-8.997901231697849,0.2156680487343026
c6012177-4158-4042-8397-d63a1e33fb74,2023,2023-01-04,d92b9143-ae83-4c94-b9c3-d1cbae1b7565,410b3365-a1a1-4bca-b3fa-52270a02f75c,25,1,18.859362932539813,0.9844834413830338
cf7c42d2-cedd-4998-addf-be54d94a1c0c,2023,2023-01-04,c88614c4-bad0-48db-990c-90a3243c3734,b1cd7b83-cc64-42a8-b41b-45343632eee6,-16,0,-9.237612834723699,0.21249782499777217
d5bb465a-1082-449e-b6f1-187c118348b7,2023,2023-01-04,295728d9-e6d3-43a5-a29d-26c403f073cd,894f397c-9c66-43c1-9223-fd405e35b0f8,23,1,9.509664654415927,0.8640972272267045
d75a1e98-4ddb-4de4-b0bf-f16b4a1fc08f,2023,2023-01-04,1a2c070a-303f-434e-a50d-c98ad9d9f88d,e7f10812-f961-4c56-b848-22cb16073f49,-13,0,-17.063744358831375,0.04706193031653246
d9093c7b-7c5a-45c8-a4e5-042802b83990,2023,2023-01-04,eefb221a-cb2c-47a8-a13d-1f008fc6a8a0,445a7698-bd20-45f7-9c62-e0ca0057e959,23,1,18.845921997950423,0.9674095013115367
d9adf412-50d9-47ea-b8aa-4f18af8afa08,2023,2023-01-04,d20936f6-b751-41b7-a241-c75beb459360,320ba34b-ed3e-49e5-8563-08246b20d1d1,-4,0,6.264757812681063,0.7388019712958354
dc43606b-ab15-4131-9054-addd1255c55e,2023,2023-01-04,43c4f9a5-d6d5-4dd2-bfac-0bd3adaf79f7,247817ad-6065-4e8a-80e7-26c838de4153,8,1,7.1808523348422915,0.764030563119465
dd431d01-6a97-42cc-8571-48a435e23a9f,2023,2023-01-04,1a879f38-8a98-47b8-9c92-7da920f1562f,958592fd-5c16-45ff-90b4-3242687743e9,-13,0,-5.361183312265533,0.3135561899550957
e66c443e-5fc6-4a80-99f2-fc5c25d72689,2023,2023-01-04,5efbece3-af1d-4f3e-8930-388ee4604cac,11b2b228-e668-4561-b527-22cb63540f1a,30,1,11.945786979439436,0.8778332128846555
eab96be4-d2f9-4a4a-8547-1106b67d6422,2023,2023-01-04,aecccfce-5e00-489e-87e1-2622303b6120,f7352462-5710-45c3-bd64-969e67428b1f,-3,0,-5.583965711979278,0.35368103374712817
ee8feff6-cd84-4cb7-ab20-a47830081206,2023,2023-01-04,4ae8be32-616f-4721-85c4-1e22239e7db8,a4574b8e-6d1d-4ed4-a947-b175f74c6387,12,1,-9.673819713017654,0.1169985334056275
fc5500c0-342f-49d0-92a6-e499f30ae44c,2023,2023-01-04,348c253f-b663-454e-9b7d-051280f46334,75608756-6246-483c-8138-59d3749a8d3d,5,1,3.282027937858512,0.6133902141356071
fdf65120-2d19-4b7e-85ed-eb719c142114,2023,2023-01-04,81ba36f8-a53b-4696-8877-2e9bb161598a,e4d1f824-05c1-46d2-a96e-fd3dba7ac334,13,1,4.350175720260221,0.7120917728916827
08b2fe92-899f-4c16-aaf6-55fcc89c0e93,2023,2023-01-05,a2362a90-be36-417a-ba1f-0cd8ca99ef80,5a36a71a-5c48-4f55-a80e-17e194f320ac,3,1,3.996603841738857,0.6452088823528214
08b353d9-dbd1-4671-91d1-54f0336967a8,2023,2023-01-05,8e864d36-5a07-4d24-bea5-f7b85c3187bd,14e4e2ac-f90d-419d-9b14-9a9e3ba13b59,19,1,12.055011280578302,0.9146725308985347
0b836186-1172-415e-a034-39cf9ac09060,2023,2023-01-05,bdb8394a-cc25-448f-a1b9-ef5fe40bb204,07fe7a79-3bd1-41c3-99f8-6c7f857756dd,8,1,3.1648559156859792,0.6442817597526611
0d0ba316-e9ad-4ad1-a5e7-e3b8292119b7,2023,2023-01-05,6748ba88-58dc-4e41-b3b3-d8df2c4a3c4e,75db89bb-f85d-4726-b2c5-e7f61c8115c4,-13,0,-5.864264742291754,0.3007662557536918
0dfd9110-ee1c-4e23-b379-d8563d6f910c,2023,2023-01-05,fc62dc2f-7404-4a85-b1d6-49d5135283a3,7dfad569-05d6-43d5-8f47-defff4a50649,6,1,2.7841577494566847,0.6100420583180697
1815ebad-f377-4ef6-81bf-2a8eb8904ac8,2023,2023-01-05,5bd87308-1027-4aba-a8ef-970bf8e9ac0e,ed26e9f2-0346-429e-8084-a40c091454e8,-10,0,-8.784679899291497,0.19219782547544692
1dd544a2-e8fa-4f38-b671-2d25cb784952,2023,2023-01-05,9874a1c9-7e78-46e4-8d3e-6fce94e7046c,cd2892b0-c423-4723-86bc-3988015a8015,-2,0,-5.127212128555911,0.31389591525373056
1e395b28-b7c4-4b99-9e4a-1e87cbfb0ade,2023,2023-01-05,0939b5e1-8421-4924-a8b9-9846ca06f2fb,c324cc75-a904-484d-b520-1f21664c89d7,15,1,-7.513202610088536,0.2536435996126911
1ec24a7f-9c17-46dc-8002-7c16c8566b69,2023,2023-01-05,14900e69-e972-4137-8f13-5ef152e0075b,29613880-f1b8-40b8-a09f-a825765c5e40,-6,0,-0.006781537999559833,0.5131363488032608
2224c887-e151-4fe0-861d-2f310ffc8b1f,2023,2023-01-05,9a68215b-c4da-4c48-8fdd-6f9862b46f80,bf2aafb4-bbb6-476f-acfd-8793128f565c,2,1,11.090765320771842,0.9095164345945327
239eece3-42eb-4dae-b0f3-777c6ea8146f,2023,2023-01-05,7970fe41-5393-4223-935a-46250b8a26dd,b2a4914d-552d-49ca-818c-4219f9a5baa7,18,1,13.432788349052661,0.9297561845557626
29da6e6f-0bc7-4456-b18c-334ea2431ec1,2023,2023-01-05,f9620376-5493-4730-bf10-8b6480bd3e43,389dc2a8-706f-48c0-8579-33b1857c38b4,-4,0,-7.412304602726206,0.1886790260529348
2d7a3db3-78dc-4cce-a692-48be1c27bc59,2023,2023-01-05,dd027a18-2cb5-45a3-a0ce-f3f9eb7bde2e,d6e9ba69-1ef1-406a-8fd1-17ef1a6980e3,9,1,3.9092463574282874,0.6656356340408123
2e6f2f5e-9a6f-4c4a-a8c3-011a6bca2ad3,2023,2023-01-05,92e2201e-4d6b-48b2-b40f-1980a5b48c0e,07ca1d8d-4805-44f2-90ed-b18eedfd097b,19,1,10.78909142463599,0.8767065503688302
353c8e47-c64e-4a0a-b9be-b9e733ceabf7,2023,2023-01-05,bab73e4f-6d77-4aa0-8c6f-347009c2283e,9cee8aea-80de-46c5-81a8-499fc49acb57,12,1,10.518992893024233,0.862279557019397
36e00c84-2552-4977-89a3-cb839bcdfeee,2023,2023-01-05,c8217375-b6d5-43ec-910b-76632babdbbd,88dfcbfb-3d60-4978-b275-46ae9f682ad8,26,1,4.358714730282924,0.7413111463478463
39013b3e-1bf5-4548-9e3f-0727ec300496,2023,2023-01-05,c8e7388d-5a50-447b-ade8-addcc758d8dd,c21e5ab2-08dc-48f9-b923-9526ce89d623,34,1,22.429833327587236,0.9842062493889251
469623f8-e147-4177-99fc-295ecd545620,2023,2023-01-05,4a6135ce-718a-497f-924d-23f4797243ee,fc903652-4ae3-4b36-82b8-fea6345f3b2e,2,1,11.50073526206011,0.9116492269613735
46998a4a-3b1f-4c2e-9566-1ad75078e3ac,2023,2023-01-05,00ba2ccc-f972-4423-adaf-34e87d0f5992,65974f84-3069-4f25-8f4b-7ccb79790430,6,1,8.008424915877535,0.8388313665670201
479866ed-a128-4f77-8818-587539edc10f,2023,2023-01-05,f3eafab2-d52f-4409-b7ab-63598919e46d,3bc40b20-71e2-4fa2-9c99-8e0b6cc3460b,2,1,-3.2129446184855923,0.4205800832958258
4ddd7a54-9cda-4778-a6c0-134d9898b459,2023,2023-01-05,a0454954-f558-44d1-812e-59b90041128d,e62f6be3-07fc-4d39-9d92-158e9218c40a,5,1,-4.554940745561979,0.3306739927534215
51e92b02-8a6c-447f-bb56-09fbe5597562,2023,2023-01-05,9988778e-cc80-4486-aad5-9ebdf21f2965,428b85df-3b5f-4b21-a384-f1bd53f95d19,5,1,-0.6613403412485718,0.48740657879637433
532a424e-098a-4ab2-9361-40b4ae876c92,2023,2023-01-05,16e5ce2f-bdd7-49bd-a906-9aeaef0ffa08,29115cd5-8aba-4a2e-89c9-20f7d87b7051,10,1,18.574056072484066,0.9876509128161648
55702bc2-93a9-4ebf-9dcd-38c2a976545f,2023,2023-01-05,e0accbcd-bd68-4bc0-a2a3-3c32753815b5,814a38f7-2f64-498d-b6d6-a9ae4df96850,-11,0,0.1323743419135685,0.5555388756553847
5a571223-1621-4ef6-b704-ad43deccac0d,2023,2023-01-05,22b7e3ea-2a6b-4f0f-8f10-40ab409da1e7,92c5eea2-cf1c-4902-bae5-39cf63a77442,3,1,14.074806881607094,0.9275626277710562
5ebfb705-e3f5-4dd8-b3bd-c44baf0936d7,2023,2023-01-05,81937a80-a7e9-4025-9c21-2ed38625cdae,324a87d8-6e5f-4df1-adea-5c7c07bc3880,10,1,10.258365394786333,0.8540266185787808
6a509f8a-0f34-4b6c-bc41-94ce863f3447,2023,2023-01-05,b847237b-f1fa-48c8-a618-17553efdc228,bb0be232-db5b-490f-a3df-709f20bdfb71,1,1,1.131812375068989,0.6107425014911592
7076a38c-139e-4576-bc8e-851d1ffd3213,2023,2023-01-05,63373289-6a60-4345-8e60-c44894f4f8cf,40d1c23d-da10-4e19-8a9f-d69e48e05c30,-2,0,-0.3830625116155003,0.46260997200960996
7089f2e2-87c4-4a29-8d27-7199e5263072,2023,2023-01-05,96babb60-08c6-42a2-becc-a075a465dcc3,325c1fce-e70b-481c-bc59-315b7defd4ad,14,1,6.763110637379209,0.7690995873172127
77ef4368-21de-4d42-87b5-4ba7951beaed,2023,2023-01-05,7e4e4039-a37d-4b42-80aa-0fc18e241eff,143599fb-b821-43e4-b0ee-2f6e521ddb11,-1,0,9.499973590433868,0.8553673158004887
7b174a05-1542-4d78-ac95-ce22a11d90f9,2023,2023-01-05,71aa15ab-9b94-4d3a-88de-3f0ae5d9a44c,27a2a3c7-c672-4a2e-8381-bf31d528c0d0,14,1,0.805151280313913,0.48573155096704224
7d400662-3b31-4c78-a37d-17a882d5de1b,2023,2023-01-05,3b586230-34c7-417b-bdcb-3245c5a8de8a,927f9c80-da40-44b1-834f-ea1d457600d3,14,1,2.908340805498022,0.5910554806866258
83850cde-1e71-4da7-8235-d7082f461c51,2023,2023-01-05,38a65109-33be-44a5-928b-459db9d9dbc7,b462e428-f59b-4465-b793-4cef6f10cf66,12,1,15.500485648548056,0.9413926497495766
85ca117e-14fa-485d-8caf-cc17459b845b,2023,2023-01-05,d739e8c5-4395-4b08-b8ca-445d1a57a451,8782ac7a-e553-475c-b110-c58c7e61ddd4,-21,0,-7.328889679905799,0.2034819116560484
888b0676-4506-4e2e-8e0e-0ef7f3bb03d8,2023,2023-01-05,1e95b7a8-8a2d-4c93-bd01-79b311a80f40,588cf783-9153-4586-adb0-8eb7fb71d013,12,1,7.243852610223414,0.8114818945624859
89d2e0d0-0e26-4a66-85a9-edc415d187a7,2023,2023-01-05,88205ce6-ad31-4ffb-998c-fb9164c40dea,c8da4ce4-29a3-4f99-b827-9b55afb4e0d5,-16,0,-15.954453864981632,0.045433756323851125
8f651a38-cf9b-4cc6-9d9a-50ba28dcd46b,2023,2023-01-05,b1119bba-a47a-41ed-adea-9967a72cf21d,474263db-dab8-4b0d-842a-548132e82b33,-4,0,3.7213400509357664,0.6075881916583097
9cd41d32-2f26-4095-bcf3-ec68236bf908,2023,2023-01-05,d65c47b7-fea1-4f82-a29b-c2d4f4e48b4a,a1fb658f-49be-4887-a725-48a42276ac48,10,1,10.611776752294565,0.8538237317675338
a0d24116-1756-4afc-b338-07097260ebf4,2023,2023-01-05,9ba3b86f-e9ff-4c69-a5a2-865d61dd56ff,2f8127bf-68b4-4cd4-bb81-d18b7f461cba,3,1,-8.747017017016503,0.18980015401118566
a1c5ef43-19cc-4d96-8334-72722d499198,2023,2023-01-05,e81d4510-e1ee-4dbf-9b00-28fe6eedbfb4,cbb7e0c8-4326-453b-9357-a01df1076809,2,1,2.276439307347321,0.5472862421764854
a1ebcce8-86cf-494d-ae68-32b6f5b863d1,2023,2023-01-05,eed17656-6fec-4cf5-aacf-f932c5b66084,7631bceb-b254-43fd-b331-b90b901b5959,-2,0,-1.5713238116376833,0.3935647397546729
a2b67f2b-27d3-4d7a-949c-cc8ac4d4545d,2023,2023-01-05,34002612-3816-4311-b39c-41d24ddcf17f,2cb246a7-863a-4dc7-ab3d-eabccbf12019,22,1,8.832386023101801,0.8034563008680479
a4c8be83-f728-4e24-9362-10eb7e6facc0,2023,2023-01-05,effe733a-ab00-44c0-ba8a-c389badc7014,f14e71df-6c53-4abe-b789-c0d73a44b276,-2,0,-6.110608160765095,0.3373165829889115
a50546b8-4824-47fe-b6ec-2947323ae116,2023,2023-01-05,20fdaaba-bd75-4d6e-bf13-299d2f1704ef,1f74189d-a265-4a43-9a13-b26dc844746e,-4,0,4.345020322249315,0.7199160411732402
a9a3e5e0-e600-40c4-bd8b-ba16f98954b8,2023,2023-01-05,a8ab3f0c-a155-4d9d-adf9-5593435a0152,63b38daf-556d-4012-93d1-faf2cc5da515,-5,0,-1.6864960136788243,0.43352135323304003
ab2637f0-42f0-4a68-8d32-e676e2c56426,2023,2023-01-05,54b6e673-584f-4030-af7d-052c75277798,3c06c3f7-a7c4-4179-a9a7-d9b86afaf42c,-19,0,-3.6290224068520462,0.3399607529441183
acdb6140-b35d-4472-8ac7-07dc29690bb3,2023,2023-01-05,aab3630e-9c8d-453f-b0c8-afdfe71a5d3c,89150efa-06a3-4a88-82d3-26b3797ada35,14,1,7.013299882034161,0.8109590686884938
aea20b17-4085-4f6c-b7a5-ba462ac8aeb8,2023,2023-01-05,f1d0f01f-d161-44fe-a534-6f4383fe2d0a,29503a81-0fe4-4a0c-8022-d23ac7e092b6,2,1,-6.498337477757012,0.24495808149917125
b14b361c-bc83-4a70-b17b-d74db68ce8f8,2023,2023-01-05,d6fb85c8-3e1a-4375-a5a6-b293e672533e,d7828b57-33e4-4922-bfdd-4780151816ed,-10,0,-8.372431965741244,0.19610935882173772
b1562fe2-d436-42a6-8024-1bd1163ba48c,2023,2023-01-05,fe1d1802-ae97-4c4b-8c1a-aef0cb3c5646,c6e998ac-727a-42d2-a2d4-0e7c854dd383,6,1,0.9400578403741946,0.5850101222522057
b1ea95f5-51e7-4ac5-b522-b240df1fa275,2023,2023-01-05,fa0efad2-ee60-463a-a297-fb45c393e624,cdc199b7-a710-4c11-a6e7-2384b399c06b,2,1,0.1376729088546061,0.48802658940013016
b2c586e6-bb0c-4372-8048-19ef43b13a35,2023,2023-01-05,edd0d0e3-31f0-49f2-a22c-b47c8e8ba9a6,80cec103-b3b1-4978-9b4a-f1ad161630fd,7,1,2.884818444963996,0.6283440831284584
b3c8c6de-136b-49e3-b737-8f3692e0b9e8,2023,2023-01-05,e823a53e-c3a4-40d9-b40a-4d7eac69e962,61442116-53fe-4490-9f2a-17aad40fb68b,4,1,7.777846232449842,0.7035591246646365
b7af5ed4-9df3-4ff0-b477-ff28bc0dcf34,2023,2023-01-05,252b92fd-b788-4b9d-9cf4-94b7e591640f,e44bc5f8-7dc1-4aac-8beb-924a7c5ee465,-4,0,5.079736716503782,0.7505435712275128
bbe6fd22-2806-40f9-a89a-202b689d732d,2023,2023-01-05,4d964b45-0956-4e20-9bb3-92d90690ea01,9226a51e-74e7-48ed-9e95-6890a182148d,-15,0,-0.061904097722943176,0.516946500781597
bf655f2a-ab59-4581-87c9-3d1ce23ec8d4,2023,2023-01-05,f16d5827-0b65-4b48-bd2d-584314873b9d,f4f493b9-00c9-48e9-a9c8-934ed203169e,27,1,0.08096976619333769,0.5411140074528453
c82c0a3d-969b-4926-9fcb-7417d4b12915,2023,2023-01-05,e1e53055-037a-4acb-82e9-552f8abd6635,db22a3b8-fd13-44f3-8968-9aeb04d833e7,4,1,-0.5488404872157502,0.42551656237504926
d3525bf1-4ec2-4d51-9db5-44f08924e397,2023,2023-01-05,a155af26-bc09-4c69-9940-efff8f3d15e3,873aeddf-ece1-4971-83c5-24ff228e2954,3,1,-3.9241540281222242,0.3504567190723024
d3d8a386-5cf4-44ca-8fe3-be2a9411c67c,2023,2023-01-05,3ad98900-f406-42a6-b9c7-7a2d3f0a9867,b13d1921-03e3-4f47-b962-4e9951de7510,-4,0,6.863252997893137,0.6620491782495374
d6b5333a-5193-4c42-bf4e-ce3be31cd830,2023,2023-01-05,b6c50d53-e53e-42aa-8c2e-1297e733737d,1b6320e0-71b4-46c2-9fb4-0c801f4c8770,10,1,5.731476896925846,0.7713558216083726
d8c57cca-c1a4-434c-a3de-7b12c54aca79,2023,2023-01-05,b034bc0b-a11f-4e43-b372-127640b1d5b0,61c096bd-3b5f-48c1-9f04-b18693a77cc0,-1,0,-1.5450830148854575,0.4792680625186938
e2647505-91ff-41fa-80bf-523073c501c1,2023,2023-01-05,77dbd2b6-8c48-42cf-9cfc-6fffa07402bc,58fab53e-62a1-4e7b-acbc-71e06102931a,1,1,12.700415540962512,0.9014108099649784
e3935327-2d82-497d-9936-110dab4f886d,2023,2023-01-05,4a3968bb-0d67-41c6-af5f-7ac59ae5cc3d,6bcb5e3d-9b4c-41f9-86b6-1f44432462b3,-3,0,2.126640574812168,0.6493155035213721
e3a7a452-ee71-4ca6-a3c7-3ece8a9f6ac1,2023,2023-01-05,39668771-063a-4cfd-ba1d-be18a842d5a1,0e5ca5e6-5ea7-44a7-8587-b4c7834a4c52,34,1,19.201693014437588,0.9871853638379404
e8f676f8-0f9b-4c7a-9158-cbda5115159a,2023,2023-01-05,97cd7805-e5a7-4739-97dd-116010ceb9af,41088861-2288-4681-9b1c-b52f63527faf,-2,0,-8.746785797673548,0.2149435520250687
eec77c44-810b-482b-8a6a-620d3f34a8db,2023,2023-01-05,f4fab986-a169-4f78-8a7b-6be149e86c10,4fbf8f67-3961-4bf4-90b3-56c201b1283f,-5,0,-2.0280065516527537,0.4892332820375897
f1602486-4fe2-4e91-b5b8-2377817c419c,2023,2023-01-05,ef3cd1ae-ef09-458c-a751-658436d5dfbd,0d4551fb-d4fc-4659-b14c-fdeba3555569,24,1,8.46162770677822,0.8366987933723417
f5cdb41a-76f4-4ab5-89ee-a77087e52e63,2023,2023-01-05,9b92c0ff-02a8-49a0-bb79-32eb70b7681d,e383f809-990a-4dd9-85b1-4288d45884e7,-8,0,-10.62047384494553,0.13658351911674307
f63649e7-8922-47ce-880d-82dc5d8c4121,2023,2023-01-05,2a391736-2322-4864-894e-4856c2d517d7,48e9401c-d41f-4f19-9358-0f41a8d74ea5,-8,0,0.45353963914680034,0.519978989288428
fb535c05-a368-4083-81df-a0434a6bb538,2023,2023-01-05,393745fb-1951-4506-ba94-c10dcd66ee50,fba06d20-1fc1-45f5-b731-d3ad36f309ec,9,1,8.870743526487809,0.8475290082917493
fccadfa7-9cb4-42f6-a684-012ccfed3f7a,2023,2023-01-05,21051f5e-6142-4894-a3a9-09bada612b47,63b264d5-0679-4b31-b175-0c1d019bb0f4,-2,0,5.931389814035212,0.7571046886497834
fe5bc014-c2f6-47ca-83f5-3950d3567186,2023,2023-01-05,cb921ef9-be3d-4c14-9e83-9926205e601f,d3246ba0-2060-4e3f-addf-f8704b79380e,3,1,-1.2743123320004246,0.43292538311796125
01c9d2bb-7d99-4ea3-8f8e-7f84e076ee54,2023,2023-01-06,067fed65-5ce6-4ac2-b769-11805417f5ce,9f8c4a3a-10fc-427b-a3b9-f54bcc243010,10,1,12.953902893599768,0.9324210834456607
3458bf59-086d-4440-914d-2db6ba46b234,2023,2023-01-06,297b5678-ce67-4c02-bfc4-2ccec5343d09,88471167-5c0d-4477-bf1c-b50a9fa96a10,-4,0,18.970240977238756,0.987192968339109
4d7394e3-908a-4d12-8940-232c76fc2c42,2023,2023-01-06,7d7d8e50-802f-4f7c-aedf-3116a743e835,030a591c-8164-4635-bb33-29a4c98e0b5b,19,1,0.5317985771704392,0.5077659611620838
66c23c12-ed38-4abb-b016-b5b9482cd9a2,2023,2023-01-06,ff27601d-133f-4abc-a42e-f55d4f497bb0,21bdd018-a21f-44da-982a-98efb6d24ca1,-9,0,0.5086896648279724,0.5546506428877676
78b70a62-0991-4599-90a3-a2ecfa0c1f4c,2023,2023-01-06,b4194217-55eb-45bb-b105-160e06f0b625,251330f1-c041-4520-b4a3-114f8f6b2ccf,22,1,-8.526840262690417,0.1565329251787311
8ef09c1d-adbd-4fc9-b397-543d9caac5e6,2023,2023-01-06,892bcbe8-a66c-4c57-88ed-c82e0c13706e,304b93c1-4157-43db-bc99-6f2b071e4429,-27,0,-7.829761300810345,0.2910400310780851
92c55a73-390d-4bc8-97f5-57b15c1e467b,2023,2023-01-06,bea9ec66-e41d-4afe-aa79-8a5b0f020811,d42bc01b-0728-409e-8ce3-c205d30493c1,-1,0,11.356961295041001,0.8994415252573486
97e919e4-c381-4f58-8b82-ca33f7ca1fd8,2023,2023-01-06,9c773261-49b7-48c8-816e-3e3260997d71,db9252c1-9697-4f77-b192-93b1badf442b,28,1,17.96163099978519,0.982192952742476
9da8fabf-5f5b-417d-b6d4-7066520abf85,2023,2023-01-06,218250de-64b1-4e7a-9b64-e426441584e4,e145a47f-597f-46fe-b58d-64dae192efc0,-7,0,0.7986458728362863,0.5371176102987427
ad1de3a9-8706-47d0-aa07-33233645ce89,2023,2023-01-06,45f03492-2831-493f-8176-63dfae6670de,d5e2b5fa-8cb9-45b6-a822-4e64c46bc8fd,7,1,1.1228555611374869,0.47656112247286037
b11dc1d6-54ac-4189-8f9e-1941a474de1c,2023,2023-01-06,c79c0f1c-2685-4621-a2d2-476af53195cb,d1838999-77de-4a4f-9d66-e6071f5a079f,-19,0,-13.14619908276982,0.0623944819809202
b20ec0eb-3469-43de-a51a-a16e641530a0,2023,2023-01-06,c3807661-da5f-4ce7-af5a-e086fc56158a,71bfb11f-a38d-45a5-914a-5006c7417da4,5,1,0.5475987282575974,0.510347740874452
b3a98e18-c006-4a11-8f34-2d5a78fc1e3b,2023,2023-01-06,92e2201e-4d6b-48b2-b40f-1980a5b48c0e,07ca1d8d-4805-44f2-90ed-b18eedfd097b,19,1,10.927507677847487,0.901760956198487
c86b85b4-3240-45c0-9816-e1871f146878,2023,2023-01-06,ec764a7a-bdf2-49ba-9830-7408ea7f453b,66ad8504-16f3-4990-9abd-ff1e776dfb86,-8,0,4.97592255291007,0.6768920498035774
02f94a3f-8b74-4b5f-9f2e-ae8ed4b2fb53,2023,2023-01-07,20fdaaba-bd75-4d6e-bf13-299d2f1704ef,54b6e673-584f-4030-af7d-052c75277798,12,1,7.833643458941031,0.7983429603787041
03428b59-a122-4e8a-ab5a-62bf4f8d2420,2023,2023-01-07,1a2c070a-303f-434e-a50d-c98ad9d9f88d,1c48e10a-5d97-4c46-8f8b-4217683da26a,-5,0,-8.760760886353458,0.18252244261745115
040dc7e0-209a-484c-a290-ae16559cd799,2023,2023-01-07,16e5ce2f-bdd7-49bd-a906-9aeaef0ffa08,e44bc5f8-7dc1-4aac-8beb-924a7c5ee465,-4,0,2.3846563865511405,0.5842399858916582
056cb0a6-68ca-47a8-909a-77ae76e4cd9e,2023,2023-01-07,e7f10812-f961-4c56-b848-22cb16073f49,bb82a5ec-96c1-460b-a414-50e0d2b6b1a4,11,1,19.06874849572149,0.963507207529103
0ab2502a-0a48-4f04-8783-828859d7f267,2023,2023-01-07,afebdb69-0f48-47d1-ac8e-740bb58c993e,f0c6c56b-f155-45b4-bed7-e886af6e82f6,42,1,19.276510652263074,0.9810525060493519
0ae9b102-c459-48c1-89e0-83c645fb3938,2023,2023-01-07,9c36dca1-e045-4592-9000-60f62b244bf1,d20936f6-b751-41b7-a241-c75beb459360,-7,0,0.33442362205639764,0.5537958926744474
0db11517-a701-44f6-adbb-e9149be2500f,2023,2023-01-07,61c096bd-3b5f-48c1-9f04-b18693a77cc0,873aeddf-ece1-4971-83c5-24ff228e2954,-9,0,-3.0877519692273796,0.40027785744111727
136e3978-74b7-4b36-830c-871d2523d632,2023,2023-01-07,5bd87308-1027-4aba-a8ef-970bf8e9ac0e,40d1c23d-da10-4e19-8a9f-d69e48e05c30,-5,0,1.252531738281314,0.5132994837887336
15b0c77b-f676-466b-98ee-b2842c2cf673,2023,2023-01-07,61442116-53fe-4490-9f2a-17aad40fb68b,393745fb-1951-4506-ba94-c10dcd66ee50,-7,0,0.08479122701041279,0.5245341691007209
172fac84-dd20-403d-8d5f-18d992e46d40,2023,2023-01-07,bab73e4f-6d77-4aa0-8c6f-347009c2283e,88dfcbfb-3d60-4978-b275-46ae9f682ad8,5,1,6.799162536779348,0.8262116354397135
1a00c66b-4972-453b-8c17-17d9bc392d13,2023,2023-01-07,208232bc-9495-4351-b34b-874117e7ab9b,a15edd2c-08cb-44fc-81cd-ab493e8364d6,18,1,0.7880792377251298,0.5054354196836094
207f0c97-25e0-46bd-a07a-1f0e0e934e42,2023,2023-01-07,29503a81-0fe4-4a0c-8022-d23ac7e092b6,a155af26-bc09-4c69-9940-efff8f3d15e3,25,1,7.5190988635135305,0.7805266088174067
26b366e5-f0c8-4652-b20a-5328c0586e6c,2023,2023-01-07,ef9503da-6c3d-4207-ba0f-3cf770627dbe,48ff6f70-fd07-4a02-ac71-b973f0ea0451,20,1,16.429538560579342,0.9488025137129694
27d607ab-e1be-41c2-8d31-8a058a0d9354,2023,2023-01-07,e4d1f824-05c1-46d2-a96e-fd3dba7ac334,0ac20cc2-e801-4648-8850-2fde30c2def5,10,1,4.607274628232093,0.6932151040089551
27fa0adc-f341-4689-8097-798c24415a68,2023,2023-01-07,75608756-6246-483c-8138-59d3749a8d3d,11018b71-58b8-48c1-aafe-d3f42d4dc4b9,-4,0,-1.8412222848565358,0.3557472108525995
28c082df-96ce-43f3-911c-8e31deef17c6,2023,2023-01-07,762cc817-6e37-4650-89d1-6bff265dd1b3,b0eb9a16-e704-4784-bc96-af277fccf122,-5,0,2.1167553341684915,0.5447084878520174
2aaf917c-fbd2-46c9-bc37-f0113d6ab974,2023,2023-01-07,65974f84-3069-4f25-8f4b-7ccb79790430,e0accbcd-bd68-4bc0-a2a3-3c32753815b5,32,1,16.23121178297479,0.9653655583431197
2aca9555-b375-450e-b7a6-09bc293ad50c,2023,2023-01-07,60cca73c-a30b-4fec-8cc0-a18b3dde7312,1e86acec-a854-405d-a4cc-d096ee03f22c,-2,0,-4.7281489822877685,0.29006233320990243
2b796333-b30f-4d3a-b6fc-bc2d39a5e437,2023,2023-01-07,c79c0f1c-2685-4621-a2d2-476af53195cb,030a591c-8164-4635-bb33-29a4c98e0b5b,-29,0,-8.919229296344543,0.22123474008290017
2bd22a25-672a-4224-a60d-f9ec8a33bb91,2023,2023-01-07,526a8e73-78d6-4268-9f89-6f7d90e5dcd3,9d09ebd0-f5e4-4022-b315-aa3719219b6a,-8,0,-12.486757914465556,0.09243583910938127
30af388e-340f-483f-8856-6a1980477289,2023,2023-01-07,7b4d1f71-de6c-49c1-a95c-de84c4aa46a5,12a96cea-6b94-4165-bfbc-3fbee5bd51ab,-3,0,-10.320299143585244,0.13906749052810227
31138890-1181-4844-8280-210b6c21a2e2,2023,2023-01-07,21051f5e-6142-4894-a3a9-09bada612b47,7dfad569-05d6-43d5-8f47-defff4a50649,-1,0,0.130153614812818,0.5444346211807476
31d6b49e-427d-486e-8af9-dedac1a02cbe,2023,2023-01-07,11b2b228-e668-4561-b527-22cb63540f1a,5efbece3-af1d-4f3e-8930-388ee4604cac,-9,0,-7.547955566747326,0.21688383521679155
3435b1a3-0d2a-46c6-b7f4-3f128fec6d6d,2023,2023-01-07,f022d404-14a6-4105-afd2-445afe77bad5,f612c81a-f044-496c-871c-5c643a5e8f9d,2,1,-4.662760692477167,0.32591326384908437
3a9ec60b-b20b-4f9c-a7e5-dc22202530b9,2023,2023-01-07,c324cc75-a904-484d-b520-1f21664c89d7,6bcb5e3d-9b4c-41f9-86b6-1f44432462b3,20,1,7.044507418731515,0.8121197426988129
3ebfaf70-6aa5-439a-b78c-45bf22eb568e,2023,2023-01-07,57f7bf85-91b0-433d-b843-94485a520954,bb243294-1aa5-46dd-af42-c3676717c61a,-2,0,5.74395754060315,0.8087308179937578
402db5d7-214e-451e-9987-bdadab7b31ae,2023,2023-01-07,f16d5827-0b65-4b48-bd2d-584314873b9d,14e4e2ac-f90d-419d-9b14-9a9e3ba13b59,20,1,11.094486593698294,0.8902818416279402
436dbfda-e16a-4189-acb0-f14c6b642ad7,2023,2023-01-07,2dba4db9-bc1f-41f7-b1e5-8d94e117c1e9,712e6366-f137-4f9f-a647-831a2797543e,11,1,1.1517405925245894,0.6489538118645599
44e77d3b-3466-415e-81a5-73147a8b6697,2023,2023-01-07,3d8ed3b6-e3d1-4a7e-b179-fdc92e2640e7,0112fa43-c6c9-4c88-be78-7e0818374d56,23,1,9.6339240751468,0.8423265193710392
471b3c2c-12ec-47dd-b18a-5aa292c4602e,2023,2023-01-07,252b92fd-b788-4b9d-9cf4-94b7e591640f,29115cd5-8aba-4a2e-89c9-20f7d87b7051,5,1,19.37065428600117,0.987472052369119
4788df8b-629b-4e11-a834-c9452ea2f048,2023,2023-01-07,d739e8c5-4395-4b08-b8ca-445d1a57a451,bb0be232-db5b-490f-a3df-709f20bdfb71,-5,0,0.4227720058498713,0.5141973375888116
47f9817e-d527-433e-995b-27e0d8c1182a,2023,2023-01-07,0621d617-e31d-4e1e-a043-a11af2f706de,07960f6e-9ad4-45bb-82bd-06f477a011e3,22,1,3.9258987005138324,0.6505757168973194
497e228d-f0de-47ac-b74b-beb31b2a76e0,2023,2023-01-07,15d2579a-33fd-4772-9d78-e929a093bd79,c88614c4-bad0-48db-990c-90a3243c3734,22,1,19.69598200789983,0.9868902290434809
49fa8170-609d-4395-ba7c-eb52f661d9a8,2023,2023-01-07,9ba3b86f-e9ff-4c69-a5a2-865d61dd56ff,f9620376-5493-4730-bf10-8b6480bd3e43,-10,0,-6.15592688897052,0.2539425845792435
4b00264e-9fbb-4f53-b7e5-aa172100d408,2023,2023-01-07,05300c53-1c99-44fc-894f-5d062cc9254d,1cddcec2-cf89-4c5c-9810-d148c368b08a,3,1,4.012293498220449,0.6223535524406748
4b8530c4-f700-40d3-a741-a266b90f539f,2023,2023-01-07,bdb8394a-cc25-448f-a1b9-ef5fe40bb204,325c1fce-e70b-481c-bc59-315b7defd4ad,-5,0,-10.177830349477373,0.14348486383722417
4eff5f7f-b54e-4416-a71f-48021507dcf5,2023,2023-01-07,e823a53e-c3a4-40d9-b40a-4d7eac69e962,718dfd9d-59ef-415b-875a-8c861f6adb33,10,1,9.532964227901978,0.8118774807615309
4f44533a-5406-4d60-864e-38191c146c6a,2023,2023-01-07,7a193c3e-c732-47d4-b893-cc0c575ff431,e198833b-92f3-4fa3-a2cd-82f04ec7e0c3,-4,0,0.3481164684705748,0.5191555402916639
4fdbb62e-1697-4dce-88a3-babd80f57a69,2023,2023-01-07,d680033e-5d87-4349-8622-dcce2bc0559c,fba06d20-1fc1-45f5-b731-d3ad36f309ec,-3,0,0.8473839026297624,0.5305347091401282
51688baa-960b-458a-95c6-441e687b4083,2023,2023-01-07,ba34e76d-5905-4b7b-9c5c-9e014d969c91,410b3365-a1a1-4bca-b3fa-52270a02f75c,20,1,9.295350854331229,0.8490435331604761
5cc34597-bd1a-4ce7-a28a-326b22af24d7,2023,2023-01-07,015de200-e75d-4f5c-b26f-60089691f965,bce5e657-8430-4508-b956-64ed47e82de9,23,1,6.1365586475701805,0.762350807359752
5d8bf0e0-408b-43bb-8ab6-1ce3e4807be6,2023,2023-01-07,39d71fee-a4e0-4399-8698-547fdb4fb256,3016ba37-71e2-4de3-bc39-86d07a8a3e44,3,1,17.745328002613945,0.9736037971264706
5ea3480f-3bbe-4867-b457-b07384385140,2023,2023-01-07,8674cdcf-acde-4035-bcae-1c7c0d7549e5,894f397c-9c66-43c1-9223-fd405e35b0f8,11,1,9.559767288527118,0.8821979791181587
6364d920-322b-4804-a914-6ac2ba68f1ed,2023,2023-01-07,e10bd2a0-5b84-4d41-a1ef-08b801a04039,ec3ac254-d13e-4b51-95ee-389447c70400,-10,0,-1.4235192434563169,0.4185836166693054
673e208b-6133-4dbc-9f02-c4e9966e9120,2023,2023-01-07,8e864d36-5a07-4d24-bea5-f7b85c3187bd,f4f493b9-00c9-48e9-a9c8-934ed203169e,-10,0,-0.16479028142466068,0.44632053971319513
6c647a8e-ba87-47b9-887e-2a6925d1b3a4,2023,2023-01-07,01325ccf-0551-472d-a463-55f692a5e50c,ad6b613a-f36b-446f-81a7-6095bcf8a45a,-14,0,1.3434155400030512,0.5377737614772955
6e0cf90a-75ad-4c68-8839-fb76ff098784,2023,2023-01-07,c84adc87-6cd7-4df0-9245-59fa829300e4,eefb221a-cb2c-47a8-a13d-1f008fc6a8a0,13,1,5.8952258673637905,0.7133349322768519
6ee645f5-7a79-49f0-bbbb-f339d697e9b3,2023,2023-01-07,c8217375-b6d5-43ec-910b-76632babdbbd,9cee8aea-80de-46c5-81a8-499fc49acb57,23,1,8.913372226389523,0.83674993782988
713a0a92-8c20-4816-8044-51bb4e0adb89,2023,2023-01-07,99bac3ff-1929-4a83-a593-5c1e123a25e6,e5fb9be0-e310-42a1-9744-47b3878c37eb,19,1,9.582752899769083,0.8348934593797204
719b7e87-ce0d-4e56-a2de-eda1c5bb5120,2023,2023-01-07,66f42ce4-3183-445f-b7db-b673bfb1fe7b,f69cd607-9c59-41dd-9dad-e5a5e9ec4370,-7,0,9.790088910758971,0.8555347215879894
75118eb2-82d6-4cff-a450-f3b94147fc0f,2023,2023-01-07,4ba5494d-a428-4c7e-92a2-fa5f8a096b3e,c282b887-5bc1-41e5-8a0d-15287474de7d,-5,0,6.842718655202712,0.7797529777276836
7b3b8f71-f69d-4837-9391-643d64053563,2023,2023-01-07,8b7efe80-a558-4a31-90d4-b59ad2ffdcac,c238c9de-59e6-4d8d-b9d0-745eb8ec96ab,9,1,8.661438962978751,0.8094144144841069
7c1c2b6c-ed67-4237-a3cb-d66907600b10,2023,2023-01-07,4763d2f0-5ee2-4763-8617-946f08bac925,fda4e988-3514-4913-8f5c-1c8db7f59165,12,1,5.795954637810299,0.7044819355276926
7d34d166-517c-4b7d-a620-7b8d8614ac99,2023,2023-01-07,29613880-f1b8-40b8-a09f-a825765c5e40,170f63c1-c0da-4464-9352-7a33c5e2b3eb,2,1,3.104834703642867,0.5971693512627816
7e5e57b0-92c1-40db-a6ce-6e3b8397e9cc,2023,2023-01-07,f3eafab2-d52f-4409-b7ab-63598919e46d,cbb7e0c8-4326-453b-9357-a01df1076809,3,1,-11.883341870260775,0.08899060214492999
80b65655-2abe-499d-b3e3-6f3a217e6fab,2023,2023-01-07,7d7d8e50-802f-4f7c-aedf-3116a743e835,d1838999-77de-4a4f-9d66-e6071f5a079f,-7,0,-2.316681998942997,0.4118605125119638
81bfb5de-a3e5-432b-8d72-4c803f9ec76b,2023,2023-01-07,e62f6be3-07fc-4d39-9d92-158e9218c40a,58fab53e-62a1-4e7b-acbc-71e06102931a,15,1,17.761697269601473,0.9651979056330565
823c6778-0209-4a41-a980-57e0c5b9fd0c,2023,2023-01-07,eaaf67e1-30a6-41ca-a400-906b86d42a58,611e61cb-eec0-4487-b0c1-1ea8cdba0762,10,1,7.959894556530565,0.7987553403771662
827ad54d-343c-4a10-93c6-b6191da55eff,2023,2023-01-07,9b92c0ff-02a8-49a0-bb79-32eb70b7681d,f14e71df-6c53-4abe-b789-c0d73a44b276,-15,0,-5.252667089213812,0.32996643377092066
836b5d73-629d-4df0-906a-c35ab02eac43,2023,2023-01-07,2ff94ca5-2417-420a-b20f-387ca6793769,93759732-e117-45b2-a99f-f09b689de84c,-27,0,4.2347710132004455,0.6696387281582956
85e749d8-1226-4bcd-8feb-172d572fa72c,2023,2023-01-07,f7d3e028-cab6-4277-8d9c-799f5bec0712,a81b1489-4c0f-4a3d-bfe8-a9efcdb13d79,13,1,16.429116706107393,0.950437114391889
867e2795-6f13-4880-b512-9810332359d1,2023,2023-01-07,7970fe41-5393-4223-935a-46250b8a26dd,143599fb-b821-43e4-b0ee-2f6e521ddb11,-6,0,10.658556165161954,0.879908516688344
8a85d735-98cd-473a-ad20-51f783228c39,2023,2023-01-07,06ef3673-5d7a-4701-aed9-726aa07838e4,e39dbea2-e913-4bf0-9407-8ef31b60b82d,-11,0,2.936775564769785,0.6398338264493182
8be74381-4240-45ed-8897-b3adc3cf5c1e,2023,2023-01-07,11c41163-ceed-438b-bc9e-333b60a36e6b,f6d79bbf-f8fa-4aad-8a37-6172d43ea482,3,1,1.3574715416819427,0.5370715242249081
8c7907c1-158e-4dbe-8ee4-369bd2a33f94,2023,2023-01-07,b1cd7b83-cc64-42a8-b41b-45343632eee6,888089ca-9632-4e33-856f-b210b1d946cb,-8,0,-2.318322320749381,0.36930576913160873
8cffcdc0-1966-4adf-9a26-a496611aba7d,2023,2023-01-07,1f74189d-a265-4a43-9a13-b26dc844746e,75ed6a75-4599-4fee-816b-ed729babf81b,7,1,13.64979598259818,0.9240807089243278
93240f1b-a36c-4765-843d-1f56fee872b6,2023,2023-01-07,38a65109-33be-44a5-928b-459db9d9dbc7,d4ca3878-1113-45b1-abbe-5a9a3c7c5430,3,1,9.204469315222626,0.8054188704465929
93db34fe-5b17-44c2-92bf-46c8221e2fe0,2023,2023-01-07,9a193882-d061-4d9a-b1d1-da7a483f7cf6,cf67c587-9808-4deb-9419-41a1a58f81f0,5,1,-5.450878888324996,0.25626553552534226
98d090cc-5371-4959-b57c-26877c693472,2023,2023-01-07,043e8015-480a-461d-aae5-6cb149237466,c1ddb62d-8103-4ef4-a556-df9238531bdf,28,1,2.2491682549785468,0.5708481019501616
9e3e398b-dd6e-4677-9d1d-dc37e399d548,2023,2023-01-07,805b30dd-e009-4031-8968-ef4d8bbf928b,88471167-5c0d-4477-bf1c-b50a9fa96a10,7,1,12.61389723776172,0.9120412500435984
9fc32d78-8556-4a46-acbd-be313914ae3b,2023,2023-01-07,445a7698-bd20-45f7-9c62-e0ca0057e959,eccdef36-c666-44f9-bd7f-17e4e33e2def,-8,0,-2.231069791814826,0.37837023139960513
9fd78f37-29c8-4f9a-8b18-dcd2f3713946,2023,2023-01-07,d65c47b7-fea1-4f82-a29b-c2d4f4e48b4a,474263db-dab8-4b0d-842a-548132e82b33,12,1,10.488253682975504,0.8695151499796161
9fd95e0e-b1b3-4481-a7cd-b0cba821796a,2023,2023-01-07,34002612-3816-4311-b39c-41d24ddcf17f,090a9b59-4e95-410c-b5f9-c4d63d9caea8,31,1,24.098063207095244,0.9916812588226644
a04148df-c332-48fe-9225-3faa80de803d,2023,2023-01-07,320ba34b-ed3e-49e5-8563-08246b20d1d1,175f9186-422d-479c-a771-d9f218a1a87b,18,1,13.93805328358648,0.9161784141491881
a3c2e53c-9ead-4282-a86d-10fc388699bf,2023,2023-01-07,0e5ca5e6-5ea7-44a7-8587-b4c7834a4c52,b034bc0b-a11f-4e43-b372-127640b1d5b0,-13,0,7.462918441680852,0.7789910594554292
a494470b-d5a4-4c7e-92bd-bacf4d54b658,2023,2023-01-07,d6ec4d5f-7d79-4064-be14-71636bf66d75,43c4f9a5-d6d5-4dd2-bfac-0bd3adaf79f7,25,1,9.253502969769627,0.8406366902941584
a61a313f-3ffc-4bbe-9c04-150dba1f7f83,2023,2023-01-07,588cf783-9153-4586-adb0-8eb7fb71d013,ef3cd1ae-ef09-458c-a751-658436d5dfbd,7,1,-1.9476291166333848,0.47313694991127425
a77a9e7e-d81a-4eb4-88e9-75e2426a3792,2023,2023-01-07,55f602a6-b8f4-4fc5-b30a-9a23ad91a2d8,f51695f1-a8ee-4f8c-b518-879ffe6b0dca,18,1,15.152765872682494,0.9386165586613757
a8b81ce2-a801-4631-be83-af6d96c36f5b,2023,2023-01-07,88205ce6-ad31-4ffb-998c-fb9164c40dea,5a36a71a-5c48-4f55-a80e-17e194f320ac,-16,0,-2.1403585717589464,0.41393298689349256
a9ecc89a-9028-4748-a052-4b4de3ba8801,2023,2023-01-07,d5e139fa-05e7-4c6e-b083-5261fa76ee6f,f6ffbdfc-4780-4966-b75f-aa6ff30a7928,-2,0,5.376259279898069,0.6699165069616079
ab2aaec5-4957-4037-8bb6-1b3fb8ed256a,2023,2023-01-07,a61813fd-4a0a-4112-9fe9-2d33fa01a9aa,7bf0273c-57aa-4412-be01-e0e08fb7cd81,14,1,6.809158055571199,0.7486093330592116
b29eb8bd-96c2-4331-9a90-a5203db552e4,2023,2023-01-07,fc62dc2f-7404-4a85-b1d6-49d5135283a3,63b264d5-0679-4b31-b175-0c1d019bb0f4,12,1,7.903311753280216,0.8184077020860665
c1c59eb1-031a-47dd-9b0d-5ab93ca3e6ec,2023,2023-01-07,957c8e2e-1939-4c65-af04-df116ac4086d,05dbf7f3-9fc5-4818-bf47-490e1f7c7186,-5,0,-11.292598943696396,0.12242047679416748
cb2411a1-8b89-4c82-b7b5-bc46e31b373f,2023,2023-01-07,b847237b-f1fa-48c8-a618-17553efdc228,8782ac7a-e553-475c-b110-c58c7e61ddd4,-15,0,-3.165244872527706,0.33779275202079173
cc4fcc09-f006-4fb5-9552-adb4d444f1cf,2023,2023-01-07,40fe605d-085b-468f-aec2-614432798d3f,d92b9143-ae83-4c94-b9c3-d1cbae1b7565,-14,0,-10.045655931760557,0.17761409002661344
cdc82568-7042-4dd5-a2fa-54940cfe740f,2023,2023-01-07,814a38f7-2f64-498d-b6d6-a9ae4df96850,00ba2ccc-f972-4423-adaf-34e87d0f5992,-12,0,-11.243502542811576,0.1178072944853036
d4a9714a-212b-4399-b59a-2d29a59c2118,2023,2023-01-07,a0454954-f558-44d1-812e-59b90041128d,80cec103-b3b1-4978-9b4a-f1ad161630fd,-6,0,0.3532418020385619,0.5169420279669323
d5653360-339f-4c93-81a2-4e9deaee33bb,2023,2023-01-07,96babb60-08c6-42a2-becc-a075a465dcc3,07fe7a79-3bd1-41c3-99f8-6c7f857756dd,8,1,18.40551634343321,0.9835164969465642
d57ceda4-677d-4b0c-ad18-8fe58efc61fd,2023,2023-01-07,4db0dce7-2ca3-42fd-b71e-f5e13debacfe,aecccfce-5e00-489e-87e1-2622303b6120,10,1,14.70982908727378,0.9536273099440112
d95996ef-e4aa-43c5-9470-d3938d8cb333,2023,2023-01-07,b1119bba-a47a-41ed-adea-9967a72cf21d,a1fb658f-49be-4887-a725-48a42276ac48,17,1,2.279860808939621,0.6219992778878928
db343760-75b7-40c1-9b84-cc7dd43e9de0,2023,2023-01-07,9c1c5097-7168-4529-8378-8f68f206bd9f,11c420a2-9004-49a5-8268-6683a741a32e,-10,0,5.6351052213843325,0.7107776085083221
dbb75ac1-5091-4121-86a8-cacb97af83b9,2023,2023-01-07,3950a3d3-d1b1-4dd9-bf4b-2356ed344246,105b326b-5a9b-4c89-a5ec-7e020f9e72e9,7,1,19.116024434335046,0.9716961006877372
dc26af25-fab5-4421-b3f9-7ccfea51ffbd,2023,2023-01-07,b349d38b-bc08-42d6-bf21-e6c826c45b62,d19262e6-6584-4276-9fb9-d5690c3ca053,6,1,0.9145891387534918,0.593032661708405
de199380-7ed3-48e5-a05b-cf6caa349b7a,2023,2023-01-07,c20e9648-8980-4cb8-b139-4343f24b2e91,23328a3b-6bde-4b61-960d-5c45fab4d16a,-1,0,0.50225526257985,0.5660817566528173
de44d5ce-42be-4798-aed4-517d21099b3a,2023,2023-01-07,ab66209f-04c2-4600-99c8-cc177f001266,c9739eef-f828-47a4-bcc0-548844cff9d5,7,1,12.74978651677847,0.9396248436861729
e57d5de5-9a51-4502-874c-d315285ff664,2023,2023-01-07,8d694562-759b-462a-9766-ac29e999df71,4a1337bf-77da-4acc-8a27-5f6ee2d1db60,12,1,0.7201415280033818,0.5113781625413735
e6f8d51c-8c59-4fbc-a037-a1a7054e7cd8,2023,2023-01-07,3c06c3f7-a7c4-4179-a9a7-d9b86afaf42c,07ca1d8d-4805-44f2-90ed-b18eedfd097b,12,1,15.265999471004708,0.9674139481948715
e83e845b-3f94-4584-9898-b6d398dcfaf4,2023,2023-01-07,63b38daf-556d-4012-93d1-faf2cc5da515,d7828b57-33e4-4922-bfdd-4780151816ed,17,1,7.9578823549179125,0.8002312100393264
e861c210-4ad2-49af-8052-ff3381281bdf,2023,2023-01-07,a2362a90-be36-417a-ba1f-0cd8ca99ef80,c8da4ce4-29a3-4f99-b827-9b55afb4e0d5,-13,0,-13.973619680385337,0.08084125205622579
e86af95b-b672-40ca-b519-bb2ddacb781d,2023,2023-01-07,0d4551fb-d4fc-4659-b14c-fdeba3555569,1e95b7a8-8a2d-4c93-bd01-79b311a80f40,-10,0,-2.6740401685800563,0.418472283603211
e9be4496-13f1-4ff1-bf7f-5daf4d7b14c7,2023,2023-01-07,0939b5e1-8421-4924-a8b9-9846ca06f2fb,4a3968bb-0d67-41c6-af5f-7ac59ae5cc3d,-2,0,-0.5418852349045464,0.4293948445252985
ebe05b57-ee20-432c-a134-47e2d02ca949,2023,2023-01-07,127a96c4-6d95-4519-ae56-77c271aeea23,d1f5a19f-6263-4ac7-9ceb-e1339595db2f,17,1,12.038002507342899,0.9191945196425366
f05c117c-65ec-45fc-b89b-95de695c7950,2023,2023-01-07,effe733a-ab00-44c0-ba8a-c389badc7014,e383f809-990a-4dd9-85b1-4288d45884e7,-14,0,-10.726458696110312,0.11707821503827129
f0cbe608-0565-4d8a-83d7-df1bb330327b,2023,2023-01-07,6d0447fe-c13a-4ab3-b46e-cc2a08eb057e,4ae8be32-616f-4721-85c4-1e22239e7db8,7,1,12.517385819640412,0.9058558436808252
f3cb1ef5-8306-4268-ba84-5ed5815603fe,2023,2023-01-07,ed26e9f2-0346-429e-8084-a40c091454e8,41088861-2288-4681-9b1c-b52f63527faf,-5,0,-6.638638162610699,0.24054939552745822
f621bea3-89e6-43b8-b942-9359402e26c9,2023,2023-01-07,3ad98900-f406-42a6-b9c7-7a2d3f0a9867,cb921ef9-be3d-4c14-9e83-9926205e601f,7,1,9.308294761722653,0.8598451350928777
f9819d8d-5353-416e-ab79-c4b853d51807,2023,2023-01-07,7b423c28-572a-4a7a-982f-3d59e0fb25fe,bdf949ac-7376-4c1c-b4d1-a2b6d1142a71,2,1,3.3242869417431726,0.6894781204352634
fab714dc-167d-4b9c-aa38-5a1529c7d41e,2023,2023-01-07,2f8127bf-68b4-4cd4-bb81-d18b7f461cba,389dc2a8-706f-48c0-8579-33b1857c38b4,-5,0,-2.088746104892593,0.3731766963612538
fbbf67e8-e029-475f-b0a6-6fe6e1db1200,2023,2023-01-07,ca0af9b0-0073-4e1c-baf8-a15069168abc,bfe08930-1826-481a-bc46-217ae918d0c6,11,1,9.776938509704038,0.8716799372103546
0a829dcb-b9dc-4854-a64e-ea3726ed2d1e,2023,2023-01-08,ef80c085-db7d-4b36-8fd0-13ac9be0099c,8681e6eb-5cf9-45d5-b215-af3a54ebc784,-4,0,1.2265134388230894,0.521461307545109
0c999a81-2264-4a9c-99fd-d80872b22d02,2023,2023-01-08,22641200-31a8-4bc1-9df0-8a3393139dde,cd2892b0-c423-4723-86bc-3988015a8015,-13,0,-2.390232464208115,0.4506321112301147
1867b8d7-c873-4d35-81ab-f5e15113dff4,2023,2023-01-08,cdc199b7-a710-4c11-a6e7-2384b399c06b,81ba36f8-a53b-4696-8877-2e9bb161598a,-1,0,3.238165256375209,0.6036505158859943
4c58ff44-82ea-4725-b957-d016eadd999d,2023,2023-01-08,218250de-64b1-4e7a-9b64-e426441584e4,66ad8504-16f3-4990-9abd-ff1e776dfb86,5,1,0.5431600326702107,0.494822435250886
4d6850a7-9638-4dfa-a535-576cd04fbbd8,2023,2023-01-08,fe1d1802-ae97-4c4b-8c1a-aef0cb3c5646,92c5eea2-cf1c-4902-bae5-39cf63a77442,8,1,8.038871839537984,0.8011668539113711
506472c5-0412-440b-9580-3cd6c753c6af,2023,2023-01-08,fc903652-4ae3-4b36-82b8-fea6345f3b2e,5fa1ed7d-157b-491b-9384-66ab06dfeefb,-8,0,4.934580816529441,0.6090422517492095
5d03705c-2bef-4def-b3d6-92e2aba8bc87,2023,2023-01-08,d6e9ba69-1ef1-406a-8fd1-17ef1a6980e3,4a6135ce-718a-497f-924d-23f4797243ee,26,1,-8.687547046607678,0.1907413676679692
668d24bd-e7ba-4190-8df8-dca30fb106b6,2023,2023-01-08,71aa15ab-9b94-4d3a-88de-3f0ae5d9a44c,fa0efad2-ee60-463a-a297-fb45c393e624,-11,0,6.027403418842088,0.705455349485823
79215d3d-34fa-41de-8935-6c2e6b8c82b0,2023,2023-01-08,89150efa-06a3-4a88-82d3-26b3797ada35,48e9401c-d41f-4f19-9358-0f41a8d74ea5,-5,0,11.62900575954226,0.9036272393605764
812ff97e-61d1-428d-a23f-7e32a9679c24,2023,2023-01-08,7631bceb-b254-43fd-b331-b90b901b5959,39668771-063a-4cfd-ba1d-be18a842d5a1,3,1,-7.591221395940084,0.26254509835403356
915ed314-8ffd-44da-b40d-ad91b198c73f,2023,2023-01-08,4fbf8f67-3961-4bf4-90b3-56c201b1283f,e1e53055-037a-4acb-82e9-552f8abd6635,2,1,1.839058305472147,0.6296302360642314
9518607b-201c-4e1e-b3fb-0903675be4eb,2023,2023-01-08,bea9ec66-e41d-4afe-aa79-8a5b0f020811,71bfb11f-a38d-45a5-914a-5006c7417da4,2,1,5.736351138630136,0.7378217563178615
9593a3ca-d4f3-4da1-bfd9-bb6a40e98f49,2023,2023-01-08,892bcbe8-a66c-4c57-88ed-c82e0c13706e,3fb4c1d4-021b-4e64-a997-b47421257d4c,7,1,4.389627790863885,0.6462349546377049
9783bbfa-fbfe-456e-ad08-aac4a339391f,2023,2023-01-08,21bdd018-a21f-44da-982a-98efb6d24ca1,304b93c1-4157-43db-bc99-6f2b071e4429,23,1,-1.3209757803583018,0.3706146798922526
ab90e392-4185-4536-8efa-aaaf66237617,2023,2023-01-08,c3807661-da5f-4ce7-af5a-e086fc56158a,d42bc01b-0728-409e-8ce3-c205d30493c1,-2,0,7.350423711719695,0.7884752445432626
b9c61d77-3038-407f-a1f5-a434002a8c0e,2023,2023-01-08,9f8c4a3a-10fc-427b-a3b9-f54bcc243010,e145a47f-597f-46fe-b58d-64dae192efc0,-7,0,1.1135339083117894,0.5299638903828182
d5fe9229-b350-4413-8aaf-9b832d5ee7bb,2023,2023-01-08,f7352462-5710-45c3-bd64-969e67428b1f,c21e5ab2-08dc-48f9-b923-9526ce89d623,32,1,11.459032790560604,0.8893263862638658
d649dda0-4401-4043-b072-dc0361bf74e0,2023,2023-01-08,324a87d8-6e5f-4df1-adea-5c7c07bc3880,dd027a18-2cb5-45a3-a0ce-f3f9eb7bde2e,-8,0,1.267529953255084,0.5195265829125546
d9720d93-3efd-47cb-9db2-ad78a2f89422,2023,2023-01-08,27a2a3c7-c672-4a2e-8381-bf31d528c0d0,9874a1c9-7e78-46e4-8d3e-6fce94e7046c,7,1,7.370557350092533,0.8003791186636378
f0e719ad-6c85-4c9c-a4e8-d20dd294edcb,2023,2023-01-08,db22a3b8-fd13-44f3-8968-9aeb04d833e7,2a391736-2322-4864-894e-4856c2d517d7,7,1,7.675281161506562,0.8232129052593035
fe1799bc-f687-4215-a5d8-f217d2aadb31,2023,2023-01-08,067fed65-5ce6-4ac2-b769-11805417f5ce,ff27601d-133f-4abc-a42e-f55d4f497bb0,5,1,2.9117466724311902,0.6624954966752054
0af1cf9f-5945-45f9-ad4b-622f56a81d86,2023,2023-01-09,e22f605d-41f6-4e5c-915a-987ad0c44569,6c796971-9e91-4507-a6ad-9699cb1ed2b4,8,1,3.8464847917664295,0.7301869923541229
1d23e760-ac96-456d-94e9-28f2cc346fba,2023,2023-01-09,24b5ca48-c4a7-4e8d-8fff-c02904c11b7d,d20936f6-b751-41b7-a241-c75beb459360,8,1,2.7414034460421677,0.6657982434405794
1e2299b9-1647-4617-9780-5dd48c0aff0b,2023,2023-01-09,0d002e4e-eb5e-4b77-9116-89839d4f537f,aab3630e-9c8d-453f-b0c8-afdfe71a5d3c,-2,0,-7.8976107585357385,0.21207199177694264
264bee14-60fd-42ab-b55d-3f52b76b8387,2023,2023-01-09,8b6e9436-9398-4b24-b6a4-24bba0c8eac3,5b25de37-34c7-4ebb-a149-b0ca3c4ffff6,16,1,10.489342802199205,0.8594576168781222
472c6241-e000-4f69-b12f-30cb985f13ec,2023,2023-01-09,958592fd-5c16-45ff-90b4-3242687743e9,175f9186-422d-479c-a771-d9f218a1a87b,5,1,18.898604488775003,0.9877351891828459
5e70840d-5bc2-463c-a6bb-168ac0a54567,2023,2023-01-09,320ba34b-ed3e-49e5-8563-08246b20d1d1,bc1a0cad-570c-477b-93fb-2050c0e2f9aa,27,1,11.602170459629141,0.894320350749551
838524f9-a5ed-44ab-a75e-b75ea1e6b3e6,2023,2023-01-09,2cb246a7-863a-4dc7-ab3d-eabccbf12019,090a9b59-4e95-410c-b5f9-c4d63d9caea8,7,1,19.168220053684454,0.9732270150176177
86ccc9a6-ceb3-4614-9165-f05b43e264a8,2023,2023-01-09,9c36dca1-e045-4592-9000-60f62b244bf1,1a879f38-8a98-47b8-9c92-7da920f1562f,4,1,3.0207015017956476,0.6268724678714583
b0c96847-c7cc-464e-9804-478e17e4204a,2023,2023-01-09,bfe08930-1826-481a-bc46-217ae918d0c6,f62a4b7d-6f85-4607-a748-854c9b8c0c5d,9,1,-3.0042015994117652,0.32764503354926783
e4f7c345-ee65-442c-9be5-a60dadbb8e07,2023,2023-01-09,66f42ce4-3183-445f-b7db-b673bfb1fe7b,39d71fee-a4e0-4399-8698-547fdb4fb256,7,1,4.998070097721891,0.7332113438763175
fc9c82bb-7638-4a38-b6b1-e06e3a70d4e1,2023,2023-01-09,9a193882-d061-4d9a-b1d1-da7a483f7cf6,fda4e988-3514-4913-8f5c-1c8db7f59165,5,1,8.628310197884794,0.8253176936414482
fd7b7a1f-a61a-4282-a757-6042d458b9a6,2023,2023-01-09,4763d2f0-5ee2-4763-8617-946f08bac925,cf67c587-9808-4deb-9419-41a1a58f81f0,-5,0,-9.249983919568916,0.18110234466651
0a1a63e7-0fdc-401d-9b80-10bbb45d7004,2023,2023-01-10,54b6e673-584f-4030-af7d-052c75277798,75ed6a75-4599-4fee-816b-ed729babf81b,5,1,10.864885513076603,0.8742135738716378
0eead98e-2250-4d20-a2f9-8774a8273c82,2023,2023-01-10,0ac20cc2-e801-4648-8850-2fde30c2def5,b349d38b-bc08-42d6-bf21-e6c826c45b62,-4,0,0.0424774951866732,0.49239291401882346
10e83cf1-63cf-483d-b1f6-a10b9e2160d7,2023,2023-01-10,a15edd2c-08cb-44fc-81cd-ab493e8364d6,be0c2be1-019f-4c49-9ef1-92f53c9c23b0,19,1,7.4823300032908815,0.7763087228573039
183c3cbc-b0a9-4b69-8f26-0d58448f9291,2023,2023-01-10,a81b1489-4c0f-4a3d-bfe8-a9efcdb13d79,6d0447fe-c13a-4ab3-b46e-cc2a08eb057e,-11,0,-8.96417177630215,0.1876679472291269
220d0420-bcfc-43cf-a5c6-0107e37b5b9d,2023,2023-01-10,1cddcec2-cf89-4c5c-9810-d148c368b08a,43c4f9a5-d6d5-4dd2-bfac-0bd3adaf79f7,16,1,7.0681353825390945,0.7853673844414416
2519324e-fd3b-41c7-8f26-128b242baeeb,2023,2023-01-10,ad6b613a-f36b-446f-81a7-6095bcf8a45a,b0eb9a16-e704-4784-bc96-af277fccf122,4,1,7.9301566921881586,0.7975536117092871
292ba0a3-6a26-4c65-ac65-bce21f322187,2023,2023-01-10,cb08f172-db74-448e-aaf2-80d96b32bed4,06ef3673-5d7a-4701-aed9-726aa07838e4,-4,0,-8.792589380878836,0.17946798941112707
30df7bfb-42c7-4c8e-bb2b-824f35caf696,2023,2023-01-10,8d694562-759b-462a-9766-ac29e999df71,f51695f1-a8ee-4f8c-b518-879ffe6b0dca,8,1,5.242333842706866,0.679866165603187
335117fe-5f03-4694-91bb-f398ece107e9,2023,2023-01-10,7b4d1f71-de6c-49c1-a95c-de84c4aa46a5,208232bc-9495-4351-b34b-874117e7ab9b,11,1,-0.45891033023071354,0.48693406176643156
365f4fd6-cc1f-4049-93e9-2f1e08e6c41f,2023,2023-01-10,2ff94ca5-2417-420a-b20f-387ca6793769,07960f6e-9ad4-45bb-82bd-06f477a011e3,10,1,6.51520259316213,0.7280761867062255
3e7f76db-e0d5-4663-981d-ab6a20de0080,2023,2023-01-10,12a96cea-6b94-4165-bfbc-3fbee5bd51ab,9c773261-49b7-48c8-816e-3e3260997d71,12,1,3.1214916025610338,0.6621142362307579
473b4864-133c-4942-88c7-658ba6e95e4e,2023,2023-01-10,f6ffbdfc-4780-4966-b75f-aa6ff30a7928,762cc817-6e37-4650-89d1-6bff265dd1b3,34,1,1.036521969520787,0.46979095016150907
4931f838-b558-4639-af80-0218c2743fef,2023,2023-01-10,d1f5a19f-6263-4ac7-9ceb-e1339595db2f,712e6366-f137-4f9f-a647-831a2797543e,1,1,1.1776937205579325,0.602275522470426
4d40affa-df25-45ae-b151-78c0eae2d69f,2023,2023-01-10,bce5e657-8430-4508-b956-64ed47e82de9,957c8e2e-1939-4c65-af04-df116ac4086d,20,1,11.013445399790651,0.8739329921586773
60c2b5c5-5f96-4caf-9a91-32f71e2f1ee9,2023,2023-01-10,9cc36a7f-4ac0-4523-b7cb-99b33fd2fb4f,f6d79bbf-f8fa-4aad-8a37-6172d43ea482,9,1,11.306933584729407,0.8985013140656155
65499f7a-d852-47dd-9976-b0893d769eec,2023,2023-01-10,6ddd1347-422a-42ab-8c8e-fd5c9b4e78f1,e10bd2a0-5b84-4d41-a1ef-08b801a04039,8,1,1.1554321423610079,0.5857545798427733
a2baf662-e73d-4658-9b86-f514e5d2f5e3,2023,2023-01-10,05dbf7f3-9fc5-4818-bf47-490e1f7c7186,93759732-e117-45b2-a99f-f09b689de84c,9,1,13.318236978735433,0.9307135931969486
a2f9b87d-928e-40a2-965e-b14ae94f6f1b,2023,2023-01-10,48ff6f70-fd07-4a02-ac71-b973f0ea0451,55f602a6-b8f4-4fc5-b30a-9a23ad91a2d8,-5,0,-13.31814785771596,0.06763421400859725
a3436fdc-f8dd-4a77-9049-10e58fe50b81,2023,2023-01-10,247817ad-6065-4e8a-80e7-26c838de4153,b1cd7b83-cc64-42a8-b41b-45343632eee6,10,1,-6.278317897824518,0.29480437072963495
b698a524-6449-44b0-a744-f8bcfd0a2804,2023,2023-01-10,1e86acec-a854-405d-a4cc-d096ee03f22c,e4d1f824-05c1-46d2-a96e-fd3dba7ac334,-26,0,-3.8790542563211448,0.3565902677564506
b9700fd4-2e40-4eb3-8691-a6df3c00bff5,2023,2023-01-10,0621d617-e31d-4e1e-a043-a11af2f706de,0b94d899-a6a7-4449-b626-07126971cd67,-11,0,2.679017332965253,0.6347257115418177
bba7927d-29a8-40e8-af8d-dbe7ad75bd94,2023,2023-01-10,a757dae2-f596-4065-9e29-b365b91af590,45f03492-2831-493f-8176-63dfae6670de,5,1,5.988785051312421,0.7619160903613855
c42b714a-a0e3-4233-86b2-39197150837d,2023,2023-01-10,611e61cb-eec0-4487-b0c1-1ea8cdba0762,a4574b8e-6d1d-4ed4-a947-b175f74c6387,-9,0,-8.100372649266037,0.22679755570243906
c5d4a045-4880-4311-adca-436a2befe071,2023,2023-01-10,1900d158-6fb0-407f-a2df-6e37a1db2dc3,c84adc87-6cd7-4df0-9245-59fa829300e4,-15,0,-7.399885253792943,0.26334547565840166
dc80f177-94e9-4075-8461-9b22f571b765,2023,2023-01-10,ab66209f-04c2-4600-99c8-cc177f001266,127a96c4-6d95-4519-ae56-77c271aeea23,7,1,6.234358039262408,0.7241322003051546
e695d8b2-8150-4838-8c4a-1e33274587ba,2023,2023-01-10,c88614c4-bad0-48db-990c-90a3243c3734,d6ec4d5f-7d79-4064-be14-71636bf66d75,-15,0,-9.774770713157809,0.13225969155199666
eaab26d9-357c-45d0-81b2-f08336ce731a,2023,2023-01-10,89023aa7-6034-4d33-96dd-3566c7afc79f,d5e2b5fa-8cb9-45b6-a822-4e64c46bc8fd,-4,0,-8.136048187453788,0.21710380267354484
00cc1509-0b65-43df-a11b-c9c317f22035,2023,2023-01-11,389dc2a8-706f-48c0-8579-33b1857c38b4,29613880-f1b8-40b8-a09f-a825765c5e40,2,1,13.716146229685714,0.9229201551148842
02e1871c-0421-40d9-a6af-ce0e17b69eaf,2023,2023-01-11,295728d9-e6d3-43a5-a29d-26c403f073cd,f022d404-14a6-4105-afd2-445afe77bad5,-4,0,6.813904544334354,0.7774556215888587
077e7e96-a4e8-43e6-b190-8fe917155ca2,2023,2023-01-11,c8da4ce4-29a3-4f99-b827-9b55afb4e0d5,e0accbcd-bd68-4bc0-a2a3-3c32753815b5,20,1,24.061920966652266,0.9899962797059535
0802c860-1d1b-4f11-a4cd-a221fec662dd,2023,2023-01-11,6748ba88-58dc-4e41-b3b3-d8df2c4a3c4e,4d964b45-0956-4e20-9bb3-92d90690ea01,-6,0,-3.4800741954229,0.3758480579603469
0fbd8fa3-7e6e-453d-ac44-e3740fdc21ff,2023,2023-01-11,4a6135ce-718a-497f-924d-23f4797243ee,81937a80-a7e9-4025-9c21-2ed38625cdae,15,1,-0.10502815341773881,0.5294946805988936
1057c280-ee26-42f0-b592-f78e9710c056,2023,2023-01-11,22641200-31a8-4bc1-9df0-8a3393139dde,cdc199b7-a710-4c11-a6e7-2384b399c06b,19,1,5.761168153976121,0.7413341854381433
16ad6fae-df57-4c35-87a1-1b92fc0efa30,2023,2023-01-11,14900e69-e972-4137-8f13-5ef152e0075b,2f8127bf-68b4-4cd4-bb81-d18b7f461cba,-3,0,-3.580793054078777,0.34881393956936946
16e35f9c-dca9-43ec-84d7-7730a73864d5,2023,2023-01-11,c6e998ac-727a-42d2-a2d4-0e7c854dd383,b4194217-55eb-45bb-b105-160e06f0b625,15,1,18.957450066837758,0.969263064037024
19fe0a27-2b3f-4d49-bc1c-61a2cd944357,2023,2023-01-11,a2362a90-be36-417a-ba1f-0cd8ca99ef80,88205ce6-ad31-4ffb-998c-fb9164c40dea,16,1,6.575614740895561,0.7612184367899596
1cbbf6d7-0f0c-4cd5-8bba-4dc35fcc98a0,2023,2023-01-11,cdac95d6-25af-43a9-a6c0-1004aaa6a183,f612c81a-f044-496c-871c-5c643a5e8f9d,-12,0,-0.9672176579662933,0.4902918693258245
2b3e26ab-7b86-44d5-8bf4-55f8f9f66214,2023,2023-01-11,99bac3ff-1929-4a83-a593-5c1e123a25e6,348c253f-b663-454e-9b7d-051280f46334,-15,0,1.153016288147749,0.5524090744845982
2e7a0131-7a56-4132-95a9-73acb433752f,2023,2023-01-11,f3eafab2-d52f-4409-b7ab-63598919e46d,e81d4510-e1ee-4dbf-9b00-28fe6eedbfb4,-4,0,-10.557192909717777,0.11502138366174257
30cb934c-9599-4b30-848f-632db129fa9f,2023,2023-01-11,ec3ac254-d13e-4b51-95ee-389447c70400,d5e139fa-05e7-4c6e-b083-5261fa76ee6f,4,1,5.120350587754308,0.7151930711726813
352c8b9b-2ed8-4172-8697-ede1a25106f1,2023,2023-01-11,f408da5d-dcf7-48d6-b4b4-485c6241d6d4,7b423c28-572a-4a7a-982f-3d59e0fb25fe,-1,0,5.519124341233502,0.7122983097922383
366372ec-134c-4b3f-843f-3ce131326311,2023,2023-01-11,01325ccf-0551-472d-a463-55f692a5e50c,3c7653b4-ff75-43ce-b3db-0654e938bcd3,-5,0,1.5195176052005939,0.5601003173105575
3a76ccba-6cc5-407e-9e20-802bb7d7a861,2023,2023-01-11,0d002e4e-eb5e-4b77-9116-89839d4f537f,4fbf8f67-3961-4bf4-90b3-56c201b1283f,12,1,6.347059855196259,0.665957942564161
3b5b7937-9eb8-4177-a85e-e938f9cd0aad,2023,2023-01-11,cbb7e0c8-4326-453b-9357-a01df1076809,f9620376-5493-4730-bf10-8b6480bd3e43,-2,0,15.123431700567988,0.9313538755506464
40677d3e-82af-4c83-b360-49cf36749b5a,2023,2023-01-11,f69cd607-9c59-41dd-9dad-e5a5e9ec4370,015de200-e75d-4f5c-b26f-60089691f965,-18,0,-5.3950057175271064,0.3000106320971996
419fc3e1-059a-4d6c-83bb-a8d0ae3657f8,2023,2023-01-11,9d09ebd0-f5e4-4022-b315-aa3719219b6a,2dba4db9-bc1f-41f7-b1e5-8d94e117c1e9,15,1,11.586476253613219,0.8621045175674332
43676fef-5fb3-47b0-9797-119cdc4abdb7,2023,2023-01-11,48e9401c-d41f-4f19-9358-0f41a8d74ea5,f4fab986-a169-4f78-8a7b-6be149e86c10,18,1,8.633654796657744,0.8052460764711629
505e22b0-257e-4480-811f-ed92e515b3f6,2023,2023-01-11,410b3365-a1a1-4bca-b3fa-52270a02f75c,40fe605d-085b-468f-aec2-614432798d3f,-22,0,-5.72626753917986,0.2659142356447005
6275917d-3410-46a9-896c-28ba883dc310,2023,2023-01-11,c1ddb62d-8103-4ef4-a556-df9238531bdf,d92b9143-ae83-4c94-b9c3-d1cbae1b7565,-18,0,-5.286920692916378,0.3547624820152038
650d9511-c8fd-482b-9b80-7a818c338f30,2023,2023-01-11,c8e7388d-5a50-447b-ade8-addcc758d8dd,ef80c085-db7d-4b36-8fd0-13ac9be0099c,6,1,19.611587859313243,0.9851262108417671
69504a38-9321-42eb-a9f4-95663e99264b,2023,2023-01-11,7bf0273c-57aa-4412-be01-e0e08fb7cd81,11018b71-58b8-48c1-aafe-d3f42d4dc4b9,-14,0,-5.076063755335234,0.34257979778703523
6b6441de-20e1-4b50-9ab2-48e9e0182a21,2023,2023-01-11,324a87d8-6e5f-4df1-adea-5c7c07bc3880,d6e9ba69-1ef1-406a-8fd1-17ef1a6980e3,17,1,7.121286539205611,0.738807942980188
6be87515-264c-4e20-8a41-c4cae3b86b2c,2023,2023-01-11,34668727-07c8-40ea-adb6-3541d9d7f32c,e5fb9be0-e310-42a1-9744-47b3878c37eb,37,1,7.835047125792105,0.803812115344924
6c424001-0afe-4d2a-987b-0bf961828f69,2023,2023-01-11,d6fb85c8-3e1a-4375-a5a6-b293e672533e,a8ab3f0c-a155-4d9d-adf9-5593435a0152,-8,0,-6.951490878464817,0.196440124851723
70c4ddee-4f4f-40f1-9f51-6485b85463bb,2023,2023-01-11,173a69ab-4f3c-453a-a1cc-8b83c0ee2b49,9cf58c59-1075-457a-b79e-942b453b75d1,16,1,14.661943581660566,0.9488936903892738
7599633b-3eff-41f6-918b-15f2f3d2585d,2023,2023-01-11,cb921ef9-be3d-4c14-9e83-9926205e601f,35329519-6dde-40e0-b790-2b49aca6673a,10,1,10.651607441390286,0.8910464638083878
7687adf3-ef74-45df-ac6a-ce22450d0a28,2023,2023-01-11,bb82a5ec-96c1-460b-a414-50e0d2b6b1a4,00ba2ccc-f972-4423-adaf-34e87d0f5992,13,1,-8.439067559252978,0.21245204371232032
7a19c097-5764-4c9e-9df4-073a3df3a218,2023,2023-01-11,ef9503da-6c3d-4207-ba0f-3cf770627dbe,4a1337bf-77da-4acc-8a27-5f6ee2d1db60,-8,0,10.156297477593672,0.8556773114003854
7ae4c439-0d5b-4fb5-ad7d-f6f4fdd6d3f3,2023,2023-01-11,63b38daf-556d-4012-93d1-faf2cc5da515,9226a51e-74e7-48ed-9e95-6890a182148d,5,1,2.3925205258360034,0.627293390427874
7b44346d-6960-427b-b197-93358c191007,2023,2023-01-11,bfd30209-fc33-44e7-a4be-7d2be91b2842,c20e9648-8980-4cb8-b139-4343f24b2e91,8,1,11.07156317206259,0.8813195901204055
805861ec-4b0d-4235-b1e4-1d70cc4efa6b,2023,2023-01-11,105b326b-5a9b-4c89-a5ec-7e020f9e72e9,57f7bf85-91b0-433d-b843-94485a520954,-15,0,-14.589531569747475,0.07793122288400128
843205d8-6b4b-4b2f-9303-3477b98bb39e,2023,2023-01-11,bdf949ac-7376-4c1c-b4d1-a2b6d1142a71,0112fa43-c6c9-4c88-be78-7e0818374d56,1,1,-0.6805341099440272,0.47685761347891764
8436cff7-445d-470b-9c9f-126bfa5cad89,2023,2023-01-11,170f63c1-c0da-4464-9352-7a33c5e2b3eb,9ba3b86f-e9ff-4c69-a5a2-865d61dd56ff,12,1,10.50771280338193,0.8531647232421001
860f9df3-4a55-451d-ab6f-487fe1d904eb,2023,2023-01-11,3d8ed3b6-e3d1-4a7e-b179-fdc92e2640e7,8674cdcf-acde-4035-bcae-1c7c0d7549e5,1,1,6.630991730702202,0.7732799091871754
90845fb2-974b-4c42-ab61-81fafb9cd19a,2023,2023-01-11,81ba36f8-a53b-4696-8877-2e9bb161598a,71aa15ab-9b94-4d3a-88de-3f0ae5d9a44c,-3,0,1.8945037264080244,0.5780573069594549
92d4c461-3e4c-4aac-bace-cc3941558541,2023,2023-01-11,3950a3d3-d1b1-4dd9-bf4b-2356ed344246,043e8015-480a-461d-aae5-6cb149237466,19,1,10.063607636859038,0.827362700970036
964f6aeb-3386-459f-868c-e53a13fe1b89,2023,2023-01-11,c21e5ab2-08dc-48f9-b923-9526ce89d623,e39dbea2-e913-4bf0-9407-8ef31b60b82d,-9,0,0.8253582186770126,0.5975822141231544
9d5271b6-1b05-44f6-b042-29397055ccae,2023,2023-01-11,f7352462-5710-45c3-bd64-969e67428b1f,4db0dce7-2ca3-42fd-b71e-f5e13debacfe,3,1,-1.0940007712053847,0.4741553683291252
a07cfe70-a9ef-4230-aaa8-3a351803aa7a,2023,2023-01-11,4ae8be32-616f-4721-85c4-1e22239e7db8,eaaf67e1-30a6-41ca-a400-906b86d42a58,8,1,-8.865648829281588,0.19693261681881263
a84bfc92-7cbb-4ed9-bf96-a6894fa3d96b,2023,2023-01-11,599c2f7f-3472-4f93-9807-39b33c575236,445a7698-bd20-45f7-9c62-e0ca0057e959,45,1,23.954659929246272,0.9871221027451555
b4801220-5865-4d20-b2e3-920e79d387de,2023,2023-01-11,bb243294-1aa5-46dd-af42-c3676717c61a,ba34e76d-5905-4b7b-9c5c-9e014d969c91,25,1,10.034410357884306,0.8098125573806758
b4a1e25a-be21-4361-bcc9-ddbd41dd7149,2023,2023-01-11,5fa1ed7d-157b-491b-9384-66ab06dfeefb,407f6796-76ab-4c28-8f30-cebbfbe534dc,-1,0,4.700373303968761,0.707738220945127
b58fc120-6007-44fe-aa65-7204db3ebad1,2023,2023-01-11,4b5bb58e-38b5-4132-b2e0-876169cd4017,8e941979-021a-4b68-ab5b-5ee34fe0e06a,-15,0,-6.4442782689808915,0.26293356400248463
b76d494d-04c4-432d-82d0-4984095b9aa5,2023,2023-01-11,888089ca-9632-4e33-856f-b210b1d946cb,c238c9de-59e6-4d8d-b9d0-745eb8ec96ab,3,1,2.3557958658907707,0.6413332962341611
c8950d6a-bcea-4bf3-bd5a-141ee4966601,2023,2023-01-11,eccdef36-c666-44f9-bd7f-17e4e33e2def,eefb221a-cb2c-47a8-a13d-1f008fc6a8a0,10,1,-5.069159751644611,0.27769426851357676
d12f90d6-a3c7-4b9c-a5e0-67e885f99c6c,2023,2023-01-11,23328a3b-6bde-4b61-960d-5c45fab4d16a,526a8e73-78d6-4268-9f89-6f7d90e5dcd3,13,1,17.010141742931307,0.9640135304483697
d2ad59bf-2700-4750-9884-fcd9f4e956cf,2023,2023-01-11,3b586230-34c7-417b-bdcb-3245c5a8de8a,e383f809-990a-4dd9-85b1-4288d45884e7,-4,0,-4.644036800328638,0.2790869960985115
e6bfbf8a-00e0-4541-80da-9e9432966496,2023,2023-01-11,c9739eef-f828-47a4-bcc0-548844cff9d5,7a193c3e-c732-47d4-b893-cc0c575ff431,10,1,-3.1813570515775993,0.33522601144989983
e7e5c334-a9d9-4950-afa6-f964508b969a,2023,2023-01-11,15d2579a-33fd-4772-9d78-e929a093bd79,8b7efe80-a558-4a31-90d4-b59ad2ffdcac,6,1,-2.767479187416987,0.33255617977766305
eceef5d8-a57e-45c3-a9d6-ae501e791ec5,2023,2023-01-11,1c48e10a-5d97-4c46-8f8b-4217683da26a,e7f10812-f961-4c56-b848-22cb16073f49,-2,0,-8.429482707565663,0.180044081410275
ed561e8c-8eaa-433f-a256-2a92390768f6,2023,2023-01-11,72c1f395-5916-463b-8353-47b99a272098,1a2c070a-303f-434e-a50d-c98ad9d9f88d,-9,0,3.740582509463184,0.7007366194658831
f0810f4a-dc20-43eb-b0fa-2db12be4dc8c,2023,2023-01-11,f7d3e028-cab6-4277-8d9c-799f5bec0712,11c41163-ceed-438b-bc9e-333b60a36e6b,18,1,8.03038233330324,0.8148404530520346
f1d482a4-bfbe-472d-b8d6-a65cfd743d12,2023,2023-01-11,aab3630e-9c8d-453f-b0c8-afdfe71a5d3c,e1e53055-037a-4acb-82e9-552f8abd6635,6,1,14.275410160806414,0.9379915813043158
f27ff7e8-3859-43cc-b957-3faf9a1b22db,2023,2023-01-11,effe733a-ab00-44c0-ba8a-c389badc7014,6359c55c-0527-4830-8bbf-51141c0ff2a4,17,1,-1.0851203371479305,0.4176978749280315
f575eb5d-f987-41f1-b4d2-1ca23994d88a,2023,2023-01-11,b6c50d53-e53e-42aa-8c2e-1297e733737d,6aa9d05e-84b3-4e72-815b-fe3dd02b1e03,-12,0,-8.158397983299263,0.1931338270727306
f5e191ac-fbaf-4aef-ace1-f96027f568dd,2023,2023-01-11,89150efa-06a3-4a88-82d3-26b3797ada35,db22a3b8-fd13-44f3-8968-9aeb04d833e7,-9,0,6.893683124273294,0.7049376876529875
f7238eb5-3faa-4e30-bcd0-675e108fd1f9,2023,2023-01-11,cbab480a-8e87-4eb0-ab35-22228c66f68e,75608756-6246-483c-8138-59d3749a8d3d,-1,0,-6.900056530224105,0.27441116725032255
054e9bde-2e1a-4c26-9f75-540fc23eec21,2023,2023-01-12,c324cc75-a904-484d-b520-1f21664c89d7,0939b5e1-8421-4924-a8b9-9846ca06f2fb,14,1,11.22025433311312,0.9096372258036864
0afa1ac1-1cb0-4f51-aff2-d7e5fd5f8b88,2023,2023-01-12,9874a1c9-7e78-46e4-8d3e-6fce94e7046c,60cca73c-a30b-4fec-8cc0-a18b3dde7312,-3,0,14.990445822924862,0.9610201669211063
20434465-8814-415c-b2d1-7535efa0083e,2023,2023-01-12,63373289-6a60-4345-8e60-c44894f4f8cf,5bd87308-1027-4aba-a8ef-970bf8e9ac0e,3,1,2.6476730523766596,0.5975914624821097
295759b5-c08b-4751-a241-14eb18fca5ed,2023,2023-01-12,bb0be232-db5b-490f-a3df-709f20bdfb71,9c1c5097-7168-4529-8378-8f68f206bd9f,-2,0,3.5329211082670176,0.6290332258239579
2cb89614-25e1-4f8c-a6af-504557504aad,2023,2023-01-12,e62f6be3-07fc-4d39-9d92-158e9218c40a,325c1fce-e70b-481c-bc59-315b7defd4ad,22,1,0.8945648380317647,0.5503729240622766
2cc95bd0-f773-41f9-940c-d3938f38e441,2023,2023-01-12,9a68215b-c4da-4c48-8fdd-6f9862b46f80,8e864d36-5a07-4d24-bea5-f7b85c3187bd,19,1,16.88229492293342,0.9582304169439466
2cd371c4-b12b-4648-a80b-4654d1ac43bc,2023,2023-01-12,bdb8394a-cc25-448f-a1b9-ef5fe40bb204,96babb60-08c6-42a2-becc-a075a465dcc3,-13,0,-10.950525415194454,0.11227457069234434
3262ecc4-5928-43ac-89ca-0b84273845d7,2023,2023-01-12,bf2aafb4-bbb6-476f-acfd-8793128f565c,f16d5827-0b65-4b48-bd2d-584314873b9d,7,1,6.300708847775006,0.7661395637126047
37af9708-22ca-48c9-863d-4a0882929da8,2023,2023-01-12,3016ba37-71e2-4de3-bc39-86d07a8a3e44,d65c47b7-fea1-4f82-a29b-c2d4f4e48b4a,21,1,-2.371860957732206,0.39901750891466703
3812d746-2be4-4a71-8761-ee63e9b5c4fb,2023,2023-01-12,d7828b57-33e4-4922-bfdd-4780151816ed,1b6320e0-71b4-46c2-9fb4-0c801f4c8770,19,1,12.21529984092935,0.9117426414928061
3bd6d339-dbdb-4c63-adbd-8c0d6b4d613d,2023,2023-01-12,61c096bd-3b5f-48c1-9f04-b18693a77cc0,eed17656-6fec-4cf5-aacf-f932c5b66084,-1,0,6.005933350722316,0.7008337912009485
46956439-f4a3-45c8-977b-7fa8624c3939,2023,2023-01-12,d13063ca-830f-4027-a1e1-7961d39c81fc,a61813fd-4a0a-4112-9fe9-2d33fa01a9aa,8,1,5.126200981351912,0.7372684295112619
4c4ba0f4-9854-4cd9-bf4b-494c49f66a74,2023,2023-01-12,b462e428-f59b-4465-b793-4cef6f10cf66,b847237b-f1fa-48c8-a618-17553efdc228,1,1,-0.004576249626008946,0.5761627138604646
6d1dcc95-ecb5-4889-8a36-bd46f33f239b,2023,2023-01-12,f1d0f01f-d161-44fe-a534-6f4383fe2d0a,ef3cd1ae-ef09-458c-a751-658436d5dfbd,-22,0,-7.5470233945400125,0.2545839178245605
6f2db677-a6be-4b05-835c-9d4abca2b53f,2023,2023-01-12,fba06d20-1fc1-45f5-b731-d3ad36f309ec,9988778e-cc80-4486-aad5-9ebdf21f2965,-11,0,-2.1889696765515265,0.46592167575671345
7030301c-08a5-4a83-8471-56b12fac1170,2023,2023-01-12,f14e71df-6c53-4abe-b789-c0d73a44b276,5211ce8f-cc9b-4218-b190-975f87318dc3,3,1,8.651624506026915,0.8039538750970278
72ac6f54-bf82-45e9-b73e-5409e395038c,2023,2023-01-12,fa0efad2-ee60-463a-a297-fb45c393e624,d19262e6-6584-4276-9fb9-d5690c3ca053,9,1,-1.2700922048507544,0.4589891448188299
7304cfae-1c99-41ce-92c2-4a055ed821d9,2023,2023-01-12,11b2b228-e668-4561-b527-22cb63540f1a,c8217375-b6d5-43ec-910b-76632babdbbd,-6,0,1.3062358884408634,0.4967514827060743
73a24d2d-e794-41ae-bee3-ae2b74c87848,2023,2023-01-12,5efbece3-af1d-4f3e-8930-388ee4604cac,bab73e4f-6d77-4aa0-8c6f-347009c2283e,-3,0,6.762387189430209,0.789898735041793
79bf5a2e-8ef2-4730-acbd-64291ce40aaf,2023,2023-01-12,39668771-063a-4cfd-ba1d-be18a842d5a1,0d4551fb-d4fc-4659-b14c-fdeba3555569,18,1,18.894432251685473,0.9847583403186847
7ebf446f-567c-4b1d-8b3f-5ea5fa0e7f2e,2023,2023-01-12,d42bc01b-0728-409e-8ce3-c205d30493c1,2cb246a7-863a-4dc7-ab3d-eabccbf12019,4,1,-3.249763943593183,0.34377958787442386
7fda6d2e-ec3e-4eb6-90da-6e62d8294ae1,2023,2023-01-12,b2a4914d-552d-49ca-818c-4219f9a5baa7,143599fb-b821-43e4-b0ee-2f6e521ddb11,-3,0,-2.349307375681596,0.42869989639690254
894ed60d-9a7f-4f51-ab06-fdc834826a24,2023,2023-01-12,61442116-53fe-4490-9f2a-17aad40fb68b,8a231892-e40c-466f-9e2a-016a3433fda0,7,1,3.2190219214802793,0.6049966136859497
9081a99e-15fe-43a2-93a0-8a9e64581a08,2023,2023-01-12,a1fb658f-49be-4887-a725-48a42276ac48,fc62dc2f-7404-4a85-b1d6-49d5135283a3,-20,0,-0.9465061878658863,0.46944544177585434
a044af28-bc45-44be-8ac0-bc824ca0c1e8,2023,2023-01-12,0e5ca5e6-5ea7-44a7-8587-b4c7834a4c52,a155af26-bc09-4c69-9940-efff8f3d15e3,9,1,2.2717541220702873,0.5658883613680313
a071afaa-5b69-4274-9acb-489e9ec1f606,2023,2023-01-12,88dfcbfb-3d60-4978-b275-46ae9f682ad8,6bcb5e3d-9b4c-41f9-86b6-1f44432462b3,3,1,-4.484755183819283,0.3310077618068322
a0dda3bf-1678-44e4-b82f-b9b6720c2918,2023,2023-01-12,14e4e2ac-f90d-419d-9b14-9a9e3ba13b59,22b7e3ea-2a6b-4f0f-8f10-40ab409da1e7,-12,0,-12.546723192566237,0.07324591441718852
a1b253cd-3cd9-4a19-ae51-7a69f0ce2578,2023,2023-01-12,474263db-dab8-4b0d-842a-548132e82b33,21051f5e-6142-4894-a3a9-09bada612b47,6,1,-1.4664568257741353,0.5075561753810549
a4cf539b-6d73-4dac-b0a6-6e72162f9e70,2023,2023-01-12,e44bc5f8-7dc1-4aac-8beb-924a7c5ee465,bea9ec66-e41d-4afe-aa79-8a5b0f020811,5,1,-3.5013186034789694,0.3529715432291311
a5926789-d8a0-424b-a9e3-ab48e11fcfc2,2023,2023-01-12,29115cd5-8aba-4a2e-89c9-20f7d87b7051,c3807661-da5f-4ce7-af5a-e086fc56158a,-32,0,-14.100716956141962,0.07047079414739991
a5a5ef69-d316-4750-9ff2-02f5230ae0b9,2023,2023-01-12,71bfb11f-a38d-45a5-914a-5006c7417da4,34002612-3816-4311-b39c-41d24ddcf17f,-5,0,-1.5325108916559864,0.41118597640596055
a8fe5a63-9812-4851-ad11-5374c53547e7,2023,2023-01-12,77dbd2b6-8c48-42cf-9cfc-6fffa07402bc,a0454954-f558-44d1-812e-59b90041128d,-2,0,3.6424628392405136,0.6088350148132435
b610e174-9e28-46d8-9fe0-2b74d7cfa4f6,2023,2023-01-12,80cec103-b3b1-4978-9b4a-f1ad161630fd,58fab53e-62a1-4e7b-acbc-71e06102931a,-1,0,13.25022194562757,0.9214083941067942
b879b559-ca0d-4e20-b249-dc28da96ed21,2023,2023-01-12,d3246ba0-2060-4e3f-addf-f8704b79380e,3ad98900-f406-42a6-b9c7-7a2d3f0a9867,12,1,-1.3020053352273757,0.4278845849439499
bbac6835-48ec-450d-8333-65a2ae060233,2023,2023-01-12,f0c6c56b-f155-45b4-bed7-e886af6e82f6,97cd7805-e5a7-4739-97dd-116010ceb9af,5,1,-1.2904374296505223,0.44506678823439144
bc507c60-7bc3-4dd7-957b-1a4d76ea35c6,2023,2023-01-12,7631bceb-b254-43fd-b331-b90b901b5959,29503a81-0fe4-4a0c-8022-d23ac7e092b6,21,1,7.272293037284262,0.7224547282204893
bfedfaf8-2a24-4c1a-bca7-b31992667441,2023,2023-01-12,b13d1921-03e3-4f47-b962-4e9951de7510,9b92c0ff-02a8-49a0-bb79-32eb70b7681d,32,1,10.75837919809501,0.9046216737501155
c29b3f82-39c0-4a5c-9acc-c9c842dea767,2023,2023-01-12,f4f493b9-00c9-48e9-a9c8-934ed203169e,fe1d1802-ae97-4c4b-8c1a-aef0cb3c5646,-17,0,6.866780550933245,0.7789152035863592
c33e7385-114e-4007-b910-2106aae0ccc4,2023,2023-01-12,8782ac7a-e553-475c-b110-c58c7e61ddd4,11c420a2-9004-49a5-8268-6683a741a32e,13,1,11.281557400198059,0.8782837534650753
d7cf2adb-de5e-4516-a02a-2f99a81196e4,2023,2023-01-12,39d71fee-a4e0-4399-8698-547fdb4fb256,b1119bba-a47a-41ed-adea-9967a72cf21d,24,1,19.675787284811086,0.9847103484255321
de7eb606-3fb5-4135-a8bb-90e48ebf1bcd,2023,2023-01-12,718dfd9d-59ef-415b-875a-8c861f6adb33,393745fb-1951-4506-ba94-c10dcd66ee50,-18,0,-5.074609006920866,0.2903315418348465
e4b42799-b43d-4b75-b5b9-80ce654b073f,2023,2023-01-12,428b85df-3b5f-4b21-a384-f1bd53f95d19,d680033e-5d87-4349-8622-dcce2bc0559c,23,1,12.72270981664402,0.8803143449983396
ec5dc109-3235-4237-901b-97168b199cab,2023,2023-01-12,b034bc0b-a11f-4e43-b372-127640b1d5b0,1e95b7a8-8a2d-4c93-bd01-79b311a80f40,-29,0,-5.028473875991936,0.2864517814227459
fd5d9eca-3b38-4a77-8f30-28ee88355608,2023,2023-01-12,7970fe41-5393-4223-935a-46250b8a26dd,7e4e4039-a37d-4b42-80aa-0fc18e241eff,1,1,5.337355965777897,0.7185133106414494
fdd0f7f1-6ebc-4378-9ae2-e9a3d2fde04d,2023,2023-01-12,814a38f7-2f64-498d-b6d6-a9ae4df96850,65974f84-3069-4f25-8f4b-7ccb79790430,1,1,-8.004800277404067,0.2141349140972135
ff27c8dd-b1ea-42af-bf75-f684f86c98ff,2023,2023-01-12,090a9b59-4e95-410c-b5f9-c4d63d9caea8,16e5ce2f-bdd7-49bd-a906-9aeaef0ffa08,-15,0,-13.027661613455079,0.07192756522823683
02cdc6cd-235c-4f3f-8b81-111a0313eb41,2023,2023-01-13,d5e2b5fa-8cb9-45b6-a822-4e64c46bc8fd,a35d0124-2cd2-46ab-b613-2438a97b6ddd,37,1,15.384287306329638,0.9529124082544435
113fc548-c31d-41ca-bd20-a78e4732ab12,2023,2023-01-13,e4d1f824-05c1-46d2-a96e-fd3dba7ac334,b349d38b-bc08-42d6-bf21-e6c826c45b62,9,1,0.8000063356734874,0.4912780906696133
3922eaae-c34a-4168-8fc7-6ecd121f6fc6,2023,2023-01-13,304b93c1-4157-43db-bc99-6f2b071e4429,ec764a7a-bdf2-49ba-9830-7408ea7f453b,6,1,13.289197485758658,0.9236641637526329
6e88a871-976e-46db-856c-46369b22bb70,2023,2023-01-13,7d7d8e50-802f-4f7c-aedf-3116a743e835,297b5678-ce67-4c02-bfc4-2ccec5343d09,12,1,-5.33607453340789,0.2637537126039662
6fa6af5b-135f-4bb8-803f-48409eadc77c,2023,2023-01-13,43c4f9a5-d6d5-4dd2-bfac-0bd3adaf79f7,b1cd7b83-cc64-42a8-b41b-45343632eee6,8,1,-5.845381815437383,0.32014981584610847
772bd1bb-89da-4544-965d-3790104ac596,2023,2023-01-13,e145a47f-597f-46fe-b58d-64dae192efc0,892bcbe8-a66c-4c57-88ed-c82e0c13706e,-18,0,0.7274989985669642,0.571363173222669
848e1b21-cae7-43e1-a6d9-616aac0ea740,2023,2023-01-13,a757dae2-f596-4065-9e29-b365b91af590,12a96cea-6b94-4165-bfbc-3fbee5bd51ab,-5,0,-1.1180690796474309,0.43801129354552526
8dffb44a-6efe-45d0-9bc7-3c29efdf84d5,2023,2023-01-13,66ad8504-16f3-4990-9abd-ff1e776dfb86,067fed65-5ce6-4ac2-b769-11805417f5ce,-6,0,-5.1014333524823225,0.3100298943231808
c25422c8-2237-4381-ad8b-2e72a874f0dd,2023,2023-01-13,cd2892b0-c423-4723-86bc-3988015a8015,1e86acec-a854-405d-a4cc-d096ee03f22c,18,1,19.29708105176778,0.973491320448964
c64f3e2c-0637-4170-a42f-8f1850865d4e,2023,2023-01-13,93759732-e117-45b2-a99f-f09b689de84c,bce5e657-8430-4508-b956-64ed47e82de9,15,1,-3.4643056965955923,0.33689228163003765
efe5339a-811f-4880-a059-a2d963b5b342,2023,2023-01-13,21bdd018-a21f-44da-982a-98efb6d24ca1,9f8c4a3a-10fc-427b-a3b9-f54bcc243010,7,1,9.670492712260286,0.8416307816911666
f9e2486a-a949-4234-8280-fa6a8aafd439,2023,2023-01-13,3fb4c1d4-021b-4e64-a997-b47421257d4c,218250de-64b1-4e7a-9b64-e426441584e4,-5,0,2.905499293953301,0.5926404390991884
06131074-4439-41db-9173-9f6c01af6b6f,2023,2023-01-14,05dbf7f3-9fc5-4818-bf47-490e1f7c7186,66f42ce4-3183-445f-b7db-b673bfb1fe7b,-9,0,8.903884543039617,0.8329510915582276
063fa8da-c2c3-4205-beda-4960ec5b790f,2023,2023-01-14,c8da4ce4-29a3-4f99-b827-9b55afb4e0d5,bb82a5ec-96c1-460b-a414-50e0d2b6b1a4,24,1,15.821358069034098,0.9499145162453558
06447d98-6a05-4323-b601-c0ecb3d2eb61,2023,2023-01-14,92e2201e-4d6b-48b2-b40f-1980a5b48c0e,3c06c3f7-a7c4-4179-a9a7-d9b86afaf42c,-8,0,-2.3935420637429536,0.35776566521645503
07ee9cef-99c1-40d8-bd82-e0390df26c32,2023,2023-01-14,247817ad-6065-4e8a-80e7-26c838de4153,d6ec4d5f-7d79-4064-be14-71636bf66d75,-4,0,-6.13176578494086,0.25297988379961917
0815c8bc-7482-4cac-a62f-708bc7e85579,2023,2023-01-14,be0c2be1-019f-4c49-9ef1-92f53c9c23b0,208232bc-9495-4351-b34b-874117e7ab9b,9,1,-5.163174146480817,0.2990687655124244
096a6e04-a5ce-49b5-a7e2-d4e0172bff95,2023,2023-01-14,75608756-6246-483c-8138-59d3749a8d3d,d13063ca-830f-4027-a1e1-7961d39c81fc,-5,0,-1.6486408310828131,0.4480993280743723
0a46ea86-d1ef-41f3-b2bf-3d8449c3cf5b,2023,2023-01-14,29115cd5-8aba-4a2e-89c9-20f7d87b7051,bea9ec66-e41d-4afe-aa79-8a5b0f020811,-21,0,-13.900834222854602,0.043278270257080184
0c9006b0-d850-4d22-b299-c812a3bd997c,2023,2023-01-14,f51695f1-a8ee-4f8c-b518-879ffe6b0dca,48ff6f70-fd07-4a02-ac71-b973f0ea0451,17,1,3.524599091239248,0.6537125209400726
0e06ffa7-92ed-43cd-89d7-93615fbb43b7,2023,2023-01-14,bb0be232-db5b-490f-a3df-709f20bdfb71,11c420a2-9004-49a5-8268-6683a741a32e,29,1,7.11403089171908,0.803600377377023
0fef3b35-f5f0-4740-84b6-b30a894c2bbb,2023,2023-01-14,927f9c80-da40-44b1-834f-ea1d457600d3,3ad98900-f406-42a6-b9c7-7a2d3f0a9867,-25,0,-3.7415471377332334,0.350350295017735
12d2bda3-6baa-42c6-b7ca-c5fc35243dc0,2023,2023-01-14,e198833b-92f3-4fa3-a2cd-82f04ec7e0c3,173a69ab-4f3c-453a-a1cc-8b83c0ee2b49,2,1,-2.528362654314415,0.3600568878976528
1314b4ff-7a23-4cca-be06-92a4d7f9c7d5,2023,2023-01-14,957c8e2e-1939-4c65-af04-df116ac4086d,015de200-e75d-4f5c-b26f-60089691f965,-17,0,-8.098866372783565,0.18414959775016182
14fa48a0-cbf8-4bd9-bf9f-10e990cab5d5,2023,2023-01-14,97cd7805-e5a7-4739-97dd-116010ceb9af,afebdb69-0f48-47d1-ac8e-740bb58c993e,-17,0,-6.808342027884911,0.21729074882707522
16e5f7ed-6300-47db-b938-7251b34e3565,2023,2023-01-14,5a36a71a-5c48-4f55-a80e-17e194f320ac,65974f84-3069-4f25-8f4b-7ccb79790430,-21,0,-3.7142314083188324,0.3417083591184367
16f9a803-203e-44df-b641-cac338f58de5,2023,2023-01-14,3b586230-34c7-417b-bdcb-3245c5a8de8a,b13d1921-03e3-4f47-b962-4e9951de7510,5,1,1.099743316568272,0.553301113605576
1764c8c1-e163-4b99-9e88-8f99de6d85f2,2023,2023-01-14,61c096bd-3b5f-48c1-9f04-b18693a77cc0,0d4551fb-d4fc-4659-b14c-fdeba3555569,29,1,4.593287852836171,0.6835765803699012
1dde58e2-0087-42dc-a9b5-47b7f5183891,2023,2023-01-14,474263db-dab8-4b0d-842a-548132e82b33,fc62dc2f-7404-4a85-b1d6-49d5135283a3,-13,0,-4.000596615733702,0.35079870386545975
1ec5db0b-70b5-4d5e-ba28-c6122da62ef7,2023,2023-01-14,d5e139fa-05e7-4c6e-b083-5261fa76ee6f,6ddd1347-422a-42ab-8c8e-fd5c9b4e78f1,14,1,4.795881734099968,0.7085749908295639
1ec8b22d-95db-4497-9e5b-a1a871add9fb,2023,2023-01-14,4a1337bf-77da-4acc-8a27-5f6ee2d1db60,eccdef36-c666-44f9-bd7f-17e4e33e2def,12,1,10.253721374027428,0.8798439811074659
21d0a7a3-a598-4a1a-b0f8-4a962993307a,2023,2023-01-14,8e941979-021a-4b68-ab5b-5ee34fe0e06a,a81b1489-4c0f-4a3d-bfe8-a9efcdb13d79,40,1,25.90144253422439,0.9886320696565707
2b7760d3-1341-483c-8a5c-11282086cccc,2023,2023-01-14,f69cd607-9c59-41dd-9dad-e5a5e9ec4370,0621d617-e31d-4e1e-a043-a11af2f706de,-1,0,0.6601002998641056,0.5150912528824902
2b97a802-48af-4423-ad22-88b5e928543f,2023,2023-01-14,1a2c070a-303f-434e-a50d-c98ad9d9f88d,814a38f7-2f64-498d-b6d6-a9ae4df96850,2,1,3.440655827331347,0.6292194877920759
31f1abd3-c753-47b8-a430-1f19bd51b0c9,2023,2023-01-14,f4f493b9-00c9-48e9-a9c8-934ed203169e,22b7e3ea-2a6b-4f0f-8f10-40ab409da1e7,19,1,-1.0865273474005601,0.4542529564600536
35737249-7f9d-4d4d-aebc-29457754b0d0,2023,2023-01-14,cf67c587-9808-4deb-9419-41a1a58f81f0,fda4e988-3514-4913-8f5c-1c8db7f59165,4,1,15.273131423443756,0.9451030973774497
3a8a07c0-b177-4c32-9c84-4208f946092e,2023,2023-01-14,0939b5e1-8421-4924-a8b9-9846ca06f2fb,9cee8aea-80de-46c5-81a8-499fc49acb57,-9,0,4.941552429024412,0.735119712087634
3b86808e-6a6b-466a-8e66-4232399baaec,2023,2023-01-14,39d71fee-a4e0-4399-8698-547fdb4fb256,d65c47b7-fea1-4f82-a29b-c2d4f4e48b4a,12,1,10.451611502646632,0.8865834744749903
3ba3fbcc-1cb0-4996-8fa5-ab58152a4336,2023,2023-01-14,0e5ca5e6-5ea7-44a7-8587-b4c7834a4c52,588cf783-9153-4586-adb0-8eb7fb71d013,-6,0,4.34603479953561,0.6892239950883597
3bc9c9cf-5cec-432f-898d-169bc4cb873a,2023,2023-01-14,a61813fd-4a0a-4112-9fe9-2d33fa01a9aa,99bac3ff-1929-4a83-a593-5c1e123a25e6,7,1,3.2839725484377844,0.6747566671176043
3cff752a-836f-45dd-857a-25d6e3a04232,2023,2023-01-14,c238c9de-59e6-4d8d-b9d0-745eb8ec96ab,05300c53-1c99-44fc-894f-5d062cc9254d,6,1,8.623311856016633,0.8406309536033105
3e161fc7-9d38-40c4-aa23-0740e74dfdd5,2023,2023-01-14,f408da5d-dcf7-48d6-b4b4-485c6241d6d4,bdf949ac-7376-4c1c-b4d1-a2b6d1142a71,10,1,2.8803844222550774,0.6952108829987026
3f1eff86-eaea-468f-93d0-94bcb382c11e,2023,2023-01-14,0112fa43-c6c9-4c88-be78-7e0818374d56,f022d404-14a6-4105-afd2-445afe77bad5,8,1,4.763959082549016,0.6595119829532945
414c1cea-964b-412c-a1ec-75c0b220a16f,2023,2023-01-14,a4574b8e-6d1d-4ed4-a947-b175f74c6387,eaaf67e1-30a6-41ca-a400-906b86d42a58,6,1,6.825718213142044,0.7532738585284945
427fa98d-2750-4701-b4c0-6be9717e1bf4,2023,2023-01-14,55f602a6-b8f4-4fc5-b30a-9a23ad91a2d8,599c2f7f-3472-4f93-9807-39b33c575236,25,1,6.460640691721131,0.7716414794234073
42dd9c73-8ff3-45fe-8edb-a245d227fd4e,2023,2023-01-14,29613880-f1b8-40b8-a09f-a825765c5e40,cbb7e0c8-4326-453b-9357-a01df1076809,-7,0,-4.845132762682055,0.2910761749447052
4bdf982d-6678-4b26-978e-bceecb373656,2023,2023-01-14,f9620376-5493-4730-bf10-8b6480bd3e43,f3eafab2-d52f-4409-b7ab-63598919e46d,11,1,4.7722541264287335,0.62814583940917
4c3589d8-8810-4cdf-9ccc-06d3c8da33d5,2023,2023-01-14,e1e53055-037a-4acb-82e9-552f8abd6635,0d002e4e-eb5e-4b77-9116-89839d4f537f,-9,0,-0.8500256462821463,0.4525004809697261
4e2114b8-fbde-4720-ac7d-71659738dcf1,2023,2023-01-14,348c253f-b663-454e-9b7d-051280f46334,7bf0273c-57aa-4412-be01-e0e08fb7cd81,-4,0,0.5222580760893708,0.518530863969455
50f41313-1433-4a56-a0ed-dc05569a2075,2023,2023-01-14,873aeddf-ece1-4971-83c5-24ff228e2954,a155af26-bc09-4c69-9940-efff8f3d15e3,14,1,10.648830517401874,0.876194113045754
5660ff5b-6053-42dc-a6cd-2ce52182fd35,2023,2023-01-14,bdb8394a-cc25-448f-a1b9-ef5fe40bb204,143599fb-b821-43e4-b0ee-2f6e521ddb11,3,1,-3.77233174290512,0.35049584426227504
56effc12-ec1f-42a9-9a81-ca11dbed133f,2023,2023-01-14,b462e428-f59b-4465-b793-4cef6f10cf66,d739e8c5-4395-4b08-b8ca-445d1a57a451,-2,0,-0.29833727308386204,0.5123820730948818
570ae34c-4f5d-4dab-b59c-721dd0018688,2023,2023-01-14,9a68215b-c4da-4c48-8fdd-6f9862b46f80,f16d5827-0b65-4b48-bd2d-584314873b9d,14,1,14.27720924276198,0.9428342216613567
584cb3de-18ee-4b7a-b3ca-22fa03e2ac89,2023,2023-01-14,393745fb-1951-4506-ba94-c10dcd66ee50,d680033e-5d87-4349-8622-dcce2bc0559c,10,1,10.824295392532441,0.8770068192427001
587c9083-7c25-445b-b470-80f9e978e032,2023,2023-01-14,aab3630e-9c8d-453f-b0c8-afdfe71a5d3c,2a391736-2322-4864-894e-4856c2d517d7,6,1,15.58180317273376,0.9622690672139921
589dc3d2-0c7b-4fce-93ef-6a09f261d3a2,2023,2023-01-14,712e6366-f137-4f9f-a647-831a2797543e,c20e9648-8980-4cb8-b139-4343f24b2e91,-11,0,-4.529905470593802,0.33770710554368466
5b3c9582-bb3b-43b2-b9c5-f074d7ad6315,2023,2023-01-14,db22a3b8-fd13-44f3-8968-9aeb04d833e7,f4fab986-a169-4f78-8a7b-6be149e86c10,14,1,8.51453423384422,0.8130566799958983
5f6677da-79a0-4df1-916d-e692a9d315ad,2023,2023-01-14,a8ab3f0c-a155-4d9d-adf9-5593435a0152,9226a51e-74e7-48ed-9e95-6890a182148d,4,1,-0.21588155030895256,0.5081956981912089
6020b65c-5a31-4db6-b905-f4ad2073015e,2023,2023-01-14,77dbd2b6-8c48-42cf-9cfc-6fffa07402bc,edd0d0e3-31f0-49f2-a22c-b47c8e8ba9a6,13,1,1.6405199956051904,0.5710797159555318
6325cf21-cfda-4d44-8c12-ce2be8566826,2023,2023-01-14,e81d4510-e1ee-4dbf-9b00-28fe6eedbfb4,389dc2a8-706f-48c0-8579-33b1857c38b4,4,1,2.9400309697228826,0.5771795621611963
63d7134f-f32b-49cf-9d03-c3fefefb25ba,2023,2023-01-14,526a8e73-78d6-4268-9f89-6f7d90e5dcd3,127a96c4-6d95-4519-ae56-77c271aeea23,-21,0,-13.526626481635477,0.07674878503909886
64add978-913f-44be-95a4-42229c725ee6,2023,2023-01-14,e62f6be3-07fc-4d39-9d92-158e9218c40a,80cec103-b3b1-4978-9b4a-f1ad161630fd,8,1,3.1786324095612324,0.681127113703963
679f8008-c931-478f-881b-c7e2d6001b50,2023,2023-01-14,a1fb658f-49be-4887-a725-48a42276ac48,21051f5e-6142-4894-a3a9-09bada612b47,7,1,1.0101772008270309,0.47248209059756513
6a2d4a1d-cfc8-4ffd-9997-7babb2500cfc,2023,2023-01-14,3016ba37-71e2-4de3-bc39-86d07a8a3e44,b1119bba-a47a-41ed-adea-9967a72cf21d,-8,0,3.928922424243564,0.6519027934703392
6a5c1bb1-ac68-4761-9b25-c45bd3bf0b45,2023,2023-01-14,9cf58c59-1075-457a-b79e-942b453b75d1,9d09ebd0-f5e4-4022-b315-aa3719219b6a,-22,0,-5.123564242702561,0.3292130031427134
6aba515b-7aab-41eb-94e5-d562e585444c,2023,2023-01-14,54b6e673-584f-4030-af7d-052c75277798,1f74189d-a265-4a43-9a13-b26dc844746e,3,1,1.00285771293748,0.5542971514352124
6c768a77-5e68-40ac-9bfe-3fa96176580c,2023,2023-01-14,e5fb9be0-e310-42a1-9744-47b3878c37eb,cbab480a-8e87-4eb0-ab35-22228c66f68e,8,1,1.8447275735795048,0.5572725583593205
6c8faf8d-3f02-44ef-a744-660f8b24ddee,2023,2023-01-14,d4ca3878-1113-45b1-abbe-5a9a3c7c5430,b847237b-f1fa-48c8-a618-17553efdc228,3,1,2.0350118368005434,0.5674600543520084
6e3a844b-c0fd-4bf7-a37a-f56644178868,2023,2023-01-14,6bcb5e3d-9b4c-41f9-86b6-1f44432462b3,c324cc75-a904-484d-b520-1f21664c89d7,14,1,0.24528115574356696,0.5022188316616649
6f651fd8-4700-4069-a0df-970e3a468e25,2023,2023-01-14,ad6b613a-f36b-446f-81a7-6095bcf8a45a,f6ffbdfc-4780-4966-b75f-aa6ff30a7928,2,1,10.047646014698532,0.8488799510384402
721c4eb5-ce41-4b23-a7bd-348463fe632f,2023,2023-01-14,40d1c23d-da10-4e19-8a9f-d69e48e05c30,ed26e9f2-0346-429e-8084-a40c091454e8,-11,0,-2.2765703548061618,0.46468401063754583
72297f13-bf7e-4a2e-bf77-bb9bbc7085c9,2023,2023-01-14,805b30dd-e009-4031-8968-ef4d8bbf928b,d1838999-77de-4a4f-9d66-e6071f5a079f,2,1,-2.613573092724578,0.35570248903855284
7232e401-e51d-453f-9263-78262f9bf816,2023,2023-01-14,61442116-53fe-4490-9f2a-17aad40fb68b,9988778e-cc80-4486-aad5-9ebdf21f2965,14,1,4.401122744220442,0.7134187702194463
74bf49e5-e850-41cc-9862-ba52e12970ca,2023,2023-01-14,e39dbea2-e913-4bf0-9407-8ef31b60b82d,f7352462-5710-45c3-bd64-969e67428b1f,8,1,-3.6704877005559493,0.31716633741997413
77993da5-48e4-480a-8601-fa67e7dbd8c9,2023,2023-01-14,407f6796-76ab-4c28-8f30-cebbfbe534dc,4a6135ce-718a-497f-924d-23f4797243ee,1,1,-9.778367812918757,0.15994810124689088
7a7cefae-c0e6-4d7a-9afc-4eb5fcd8141a,2023,2023-01-14,48e9401c-d41f-4f19-9358-0f41a8d74ea5,4fbf8f67-3961-4bf4-90b3-56c201b1283f,16,1,3.491783166009864,0.655702124696579
7d050293-308f-4bfc-8651-bed6a6f6dcb2,2023,2023-01-14,d20936f6-b751-41b7-a241-c75beb459360,e22f605d-41f6-4e5c-915a-987ad0c44569,9,1,4.260155258495885,0.6875176832062855
7d20fe4f-5d5a-448b-94bf-5330fd454e92,2023,2023-01-14,9cc36a7f-4ac0-4523-b7cb-99b33fd2fb4f,bc48226a-5e03-49d2-aa5a-550081373e7c,-7,0,5.908228325626516,0.7202009766662826
7ec2428a-6d72-47af-93a4-6c844b884e04,2023,2023-01-14,b0eb9a16-e704-4784-bc96-af277fccf122,01325ccf-0551-472d-a463-55f692a5e50c,1,1,-2.3798814456909594,0.39453935830317766
7edd79fa-c6a5-46b5-98f7-2044d6512dbb,2023,2023-01-14,6d0447fe-c13a-4ab3-b46e-cc2a08eb057e,11c41163-ceed-438b-bc9e-333b60a36e6b,9,1,3.690451247963401,0.7116261337274471
83484a8e-3d6a-45b1-a926-608adc337453,2023,2023-01-14,d92b9143-ae83-4c94-b9c3-d1cbae1b7565,57f7bf85-91b0-433d-b843-94485a520954,-8,0,4.948280280549767,0.6547360933915313
8471dce6-063d-4207-a4c3-b760c30f9137,2023,2023-01-14,db9252c1-9697-4f77-b192-93b1badf442b,89023aa7-6034-4d33-96dd-3566c7afc79f,16,1,-1.4119131838794028,0.5207362013334642
8e0b4b16-fd1e-4b33-8b0f-924533da1968,2023,2023-01-14,c9739eef-f828-47a4-bcc0-548844cff9d5,d1f5a19f-6263-4ac7-9ceb-e1339595db2f,5,1,4.171348120902786,0.6766928212852885
9338c975-4674-4470-a26d-131619c785df,2023,2023-01-14,a15edd2c-08cb-44fc-81cd-ab493e8364d6,9c773261-49b7-48c8-816e-3e3260997d71,-17,0,-7.896827107878398,0.20715753689314478
94268cd3-0506-4916-a826-dc812373409a,2023,2023-01-14,ba34e76d-5905-4b7b-9c5c-9e014d969c91,105b326b-5a9b-4c89-a5ec-7e020f9e72e9,19,1,12.569278669399136,0.9000498433879429
974cf372-d455-410f-8362-4dc213693cd1,2023,2023-01-14,e823a53e-c3a4-40d9-b40a-4d7eac69e962,428b85df-3b5f-4b21-a384-f1bd53f95d19,-5,0,3.5429807360813426,0.6317552962128922
9b793060-a8e4-416f-aa87-bf458a1a26c4,2023,2023-01-14,effe733a-ab00-44c0-ba8a-c389badc7014,35329519-6dde-40e0-b790-2b49aca6673a,3,1,6.143177954045559,0.648103112682837
9c0a97e6-2a05-4f49-a521-1a1140017ed1,2023,2023-01-14,14900e69-e972-4137-8f13-5ef152e0075b,170f63c1-c0da-4464-9352-7a33c5e2b3eb,1,1,-0.6972453702939382,0.5036334638728308
9c86ff3a-0b2f-4b92-a8dc-72c6472bed74,2023,2023-01-14,71bfb11f-a38d-45a5-914a-5006c7417da4,2cb246a7-863a-4dc7-ab3d-eabccbf12019,12,1,2.814324426285832,0.6357550566025046
9efa4833-a8b4-47e6-9388-8dd5221469d1,2023,2023-01-14,3c7653b4-ff75-43ce-b3db-0654e938bcd3,e10bd2a0-5b84-4d41-a1ef-08b801a04039,16,1,6.844621887544133,0.6996594741287204
a52ea5f5-2ce7-4bda-8012-8ad8b9781382,2023,2023-01-14,14e4e2ac-f90d-419d-9b14-9a9e3ba13b59,fe1d1802-ae97-4c4b-8c1a-aef0cb3c5646,-5,0,-7.522834488151028,0.26503020471299943
a60d9ea4-15b7-48a7-9777-bcaa6e8887a6,2023,2023-01-14,40fe605d-085b-468f-aec2-614432798d3f,c1ddb62d-8103-4ef4-a556-df9238531bdf,-13,0,-0.14462567498755433,0.5340937284166953
b20708f1-3949-4105-b26d-86ae99a01ec9,2023,2023-01-14,c282b887-5bc1-41e5-8a0d-15287474de7d,07ca1d8d-4805-44f2-90ed-b18eedfd097b,19,1,16.88805721443635,0.9654948088593228
b4690e10-0e24-44cf-bfe1-66917e4cbe4f,2023,2023-01-14,11018b71-58b8-48c1-aafe-d3f42d4dc4b9,34668727-07c8-40ea-adb6-3541d9d7f32c,5,1,6.063594183038521,0.7591173371507826
b60429ab-7fcd-41f6-965d-dbfdfa2d8487,2023,2023-01-14,e44bc5f8-7dc1-4aac-8beb-924a7c5ee465,c3807661-da5f-4ce7-af5a-e086fc56158a,-4,0,1.537010866435786,0.5787488640845164
b711abe3-160c-4254-9114-6a22175443b6,2023,2023-01-14,00ba2ccc-f972-4423-adaf-34e87d0f5992,e0accbcd-bd68-4bc0-a2a3-3c32753815b5,20,1,18.596029940404055,0.9834864192955353
b7bdb5a6-96cb-48dc-a35d-87074312e5cb,2023,2023-01-14,bb243294-1aa5-46dd-af42-c3676717c61a,3950a3d3-d1b1-4dd9-bf4b-2356ed344246,1,1,1.6799430717242967,0.4980850469950183
b8586ff1-0ea8-45b6-8425-1356a215d43e,2023,2023-01-14,718dfd9d-59ef-415b-875a-8c861f6adb33,8a231892-e40c-466f-9e2a-016a3433fda0,7,1,1.7670890973696096,0.5160621079096819
bfd20ed9-8f83-4da6-a54d-0198f76836cc,2023,2023-01-14,e383f809-990a-4dd9-85b1-4288d45884e7,f14e71df-6c53-4abe-b789-c0d73a44b276,-5,0,9.163824152366763,0.8081527710145721
c082e136-5cdd-495c-931c-043db1c221f3,2023,2023-01-14,8681e6eb-5cf9-45d5-b215-af3a54ebc784,cb08f172-db74-448e-aaf2-80d96b32bed4,4,1,14.815875972119304,0.9458162670625524
c506a8de-7958-43b7-886b-ad2b8c2e47b0,2023,2023-01-14,1c48e10a-5d97-4c46-8f8b-4217683da26a,a2362a90-be36-417a-ba1f-0cd8ca99ef80,-2,0,11.152001932263886,0.9092946716182871
c98c26b0-29bb-4df9-a503-db8579c1e5f1,2023,2023-01-14,320ba34b-ed3e-49e5-8563-08246b20d1d1,958592fd-5c16-45ff-90b4-3242687743e9,8,1,-3.56431819284475,0.3841584967488769
cae5720e-4468-48fc-a244-b661edf66dc1,2023,2023-01-14,63b264d5-0679-4b31-b175-0c1d019bb0f4,7dfad569-05d6-43d5-8f47-defff4a50649,-18,0,-1.2391246794092428,0.4233820685531693
d02fd7d3-b72c-4175-acd9-4cd0f1883ca4,2023,2023-01-14,4a3968bb-0d67-41c6-af5f-7ac59ae5cc3d,88dfcbfb-3d60-4978-b275-46ae9f682ad8,15,1,2.60322954681893,0.6822018640493391
d33154ec-38bf-45cc-a35c-018fb01eb4df,2023,2023-01-14,11b2b228-e668-4561-b527-22cb63540f1a,bab73e4f-6d77-4aa0-8c6f-347009c2283e,-4,0,-4.09817355276586,0.32840455575794625
d49f0b47-0d04-4c74-914b-6978cd3f6a1a,2023,2023-01-14,6aa9d05e-84b3-4e72-815b-fe3dd02b1e03,4d964b45-0956-4e20-9bb3-92d90690ea01,-1,0,4.136154499358959,0.6977131520513608
d9bca41e-76c2-4d12-ad81-297b739d8060,2023,2023-01-14,5211ce8f-cc9b-4218-b190-975f87318dc3,9b92c0ff-02a8-49a0-bb79-32eb70b7681d,-11,0,1.8334682439658634,0.5849961267472881
d9eadae3-1bd4-45df-bed3-933923b72a4f,2023,2023-01-14,7970fe41-5393-4223-935a-46250b8a26dd,96babb60-08c6-42a2-becc-a075a465dcc3,-3,0,-0.18943655329496872,0.46177699488032736
da3d2411-b1d4-4eb6-a8ef-9c6a8eab68bd,2023,2023-01-14,39668771-063a-4cfd-ba1d-be18a842d5a1,eed17656-6fec-4cf5-aacf-f932c5b66084,20,1,20.652545471271818,0.9880470495280144
da828513-001b-48c5-9099-f897a33e0ec5,2023,2023-01-14,5efbece3-af1d-4f3e-8930-388ee4604cac,c8217375-b6d5-43ec-910b-76632babdbbd,18,1,10.868982265164973,0.8617628175558999
dd54e6f8-9020-4288-ae6e-1ac677ab1588,2023,2023-01-14,3bc40b20-71e2-4fa2-9c99-8e0b6cc3460b,9ba3b86f-e9ff-4c69-a5a2-865d61dd56ff,18,1,15.883734661351129,0.9499454126645733
de1ca187-3a4d-47ba-aed0-691441dc30e6,2023,2023-01-14,cdac95d6-25af-43a9-a6c0-1004aaa6a183,894f397c-9c66-43c1-9223-fd405e35b0f8,31,1,8.315792652130298,0.8401015739817201
df3bedb3-a75f-4a59-896a-8140ff6aaac3,2023,2023-01-14,41088861-2288-4681-9b1c-b52f63527faf,f0c6c56b-f155-45b4-bed7-e886af6e82f6,40,1,18.42411578273389,0.9798536961256321
e4f6fef0-ad68-4263-be42-931a0405192f,2023,2023-01-14,88471167-5c0d-4477-bf1c-b50a9fa96a10,030a591c-8164-4635-bb33-29a4c98e0b5b,4,1,-8.15374734095284,0.2088054835019384
e5d72256-87d6-49d1-a909-c5a2d1efa279,2023,2023-01-14,ca0af9b0-0073-4e1c-baf8-a15069168abc,f62a4b7d-6f85-4607-a748-854c9b8c0c5d,-2,0,2.8740328645509328,0.6227271270977638
e6aec584-9939-4667-8d14-9edd13f0073a,2023,2023-01-14,b6c50d53-e53e-42aa-8c2e-1297e733737d,6748ba88-58dc-4e41-b3b3-d8df2c4a3c4e,4,1,-0.3700801143531488,0.5028258985695355
ebf10d9f-98b9-493e-8d03-812b291c85b5,2023,2023-01-14,8674cdcf-acde-4035-bcae-1c7c0d7549e5,295728d9-e6d3-43a5-a29d-26c403f073cd,2,1,2.3950767479962405,0.626748195956642
eceb9429-7f15-44d3-866d-040cba0e62eb,2023,2023-01-14,5fa1ed7d-157b-491b-9384-66ab06dfeefb,d6e9ba69-1ef1-406a-8fd1-17ef1a6980e3,7,1,1.2972302659952577,0.5437087644940077
ecf815b9-7495-46d7-aa4d-cd055a64fd69,2023,2023-01-14,cdc199b7-a710-4c11-a6e7-2384b399c06b,0ac20cc2-e801-4648-8850-2fde30c2def5,18,1,4.049556389571046,0.6125737762809972
ed6e1adc-3662-4149-858c-e1ab959e23e6,2023,2023-01-14,4763d2f0-5ee2-4763-8617-946f08bac925,9a193882-d061-4d9a-b1d1-da7a483f7cf6,-17,0,0.16295151711832695,0.5277943143913019
f0ba3934-040a-4bf5-a496-d2ed5ef23f69,2023,2023-01-14,45f03492-2831-493f-8176-63dfae6670de,7b4d1f71-de6c-49c1-a95c-de84c4aa46a5,14,1,8.421353015181358,0.828784977405906
f2d8cff4-f043-45a6-9ece-d3c7a7c57722,2023,2023-01-14,d6fb85c8-3e1a-4375-a5a6-b293e672533e,63b38daf-556d-4012-93d1-faf2cc5da515,-14,0,-9.920548153501418,0.1951271465944655
f7d4f5b0-d204-4265-95ac-86761310582f,2023,2023-01-14,07960f6e-9ad4-45bb-82bd-06f477a011e3,0b94d899-a6a7-4449-b626-07126971cd67,-3,0,-0.6308483217674443,0.4456024672791868
fb188330-c845-4f2f-9331-e7b85242a492,2023,2023-01-14,d42bc01b-0728-409e-8ce3-c205d30493c1,34002612-3816-4311-b39c-41d24ddcf17f,-16,0,-7.3119154556818895,0.18262307846183107
fb370609-fdf9-4b89-af59-c11f15f433c6,2023,2023-01-14,8782ac7a-e553-475c-b110-c58c7e61ddd4,9c1c5097-7168-4529-8378-8f68f206bd9f,15,1,7.47217119424335,0.82236999085847
fed72809-fcfd-4d0d-8de0-fa6897168343,2023,2023-01-14,dd027a18-2cb5-45a3-a0ce-f3f9eb7bde2e,fc903652-4ae3-4b36-82b8-fea6345f3b2e,8,1,5.135710672231928,0.7479239491892952
ffe950ae-1ffa-4e5d-b159-8eef24691efc,2023,2023-01-14,ef3cd1ae-ef09-458c-a751-658436d5dfbd,f1d0f01f-d161-44fe-a534-6f4383fe2d0a,14,1,11.858146963238639,0.863751219466635
4c947069-7b20-42f1-b1b5-3914751ccb37,2023,2023-01-15,d19262e6-6584-4276-9fb9-d5690c3ca053,81ba36f8-a53b-4696-8877-2e9bb161598a,7,1,5.958360627389558,0.7468054556872876
668f8126-e199-417d-b31a-28094b29ae64,2023,2023-01-15,fa0efad2-ee60-463a-a297-fb45c393e624,27a2a3c7-c672-4a2e-8381-bf31d528c0d0,14,1,-1.353434207311873,0.42398178170358375
6a427cc8-cb1e-4574-9d04-f618e1dbf7f3,2023,2023-01-15,06ef3673-5d7a-4701-aed9-726aa07838e4,4db0dce7-2ca3-42fd-b71e-f5e13debacfe,-2,0,-7.38127740814305,0.22918828536520913
6a939c87-df61-496a-ac2e-37479065d8bb,2023,2023-01-15,aecccfce-5e00-489e-87e1-2622303b6120,ef80c085-db7d-4b36-8fd0-13ac9be0099c,-11,0,0.015207806137605064,0.4900764051558994
7d5d5c55-b27a-4013-b2bf-ea865096619f,2023,2023-01-15,888089ca-9632-4e33-856f-b210b1d946cb,15d2579a-33fd-4772-9d78-e929a093bd79,4,1,1.7990940023592032,0.5816255473159619
978c3a8f-f8db-4201-983d-753b63bd7bda,2023,2023-01-15,9f8c4a3a-10fc-427b-a3b9-f54bcc243010,ec764a7a-bdf2-49ba-9830-7408ea7f453b,-4,0,0.6020567204745425,0.47887492168420087
9f7765b0-e3e5-40bb-b080-a3e9949a2303,2023,2023-01-15,304b93c1-4157-43db-bc99-6f2b071e4429,ff27601d-133f-4abc-a42e-f55d4f497bb0,-3,0,12.754806856099984,0.9171299942389458
a3877e4a-798e-4645-8cc0-c53ceee268b0,2023,2023-01-15,3fb4c1d4-021b-4e64-a997-b47421257d4c,21bdd018-a21f-44da-982a-98efb6d24ca1,-7,0,-3.0218483213365106,0.3571587645755119
a71eb863-62c2-47b5-bd4a-a34532b20b50,2023,2023-01-15,71aa15ab-9b94-4d3a-88de-3f0ae5d9a44c,9874a1c9-7e78-46e4-8d3e-6fce94e7046c,4,1,6.7593964974679,0.7731086909421881
b82c895e-cab3-4172-9ba9-9bd688b43176,2023,2023-01-15,e145a47f-597f-46fe-b58d-64dae192efc0,067fed65-5ce6-4ac2-b769-11805417f5ce,4,1,-5.409501768225737,0.3537117050991156
b9c3350c-5f5b-497e-b5bb-a952d2696932,2023,2023-01-15,eefb221a-cb2c-47a8-a13d-1f008fc6a8a0,ef9503da-6c3d-4207-ba0f-3cf770627dbe,2,1,-1.401817890642147,0.46320079539842374
da9fe51d-b527-4a18-9da2-06f4da12e8e3,2023,2023-01-15,66ad8504-16f3-4990-9abd-ff1e776dfb86,892bcbe8-a66c-4c57-88ed-c82e0c13706e,-2,0,0.27873114183070125,0.504529124029919
ebe043d1-7d6e-4173-b33c-434cfef6dd43,2023,2023-01-15,8b7efe80-a558-4a31-90d4-b59ad2ffdcac,1cddcec2-cf89-4c5c-9810-d148c368b08a,-11,0,17.702504000935757,0.9622626707491979
1070b9ed-517c-47d1-a6b7-16c1fbac8010,2023,2023-01-16,60cca73c-a30b-4fec-8cc0-a18b3dde7312,e4d1f824-05c1-46d2-a96e-fd3dba7ac334,-18,0,-12.339975188613613,0.10886541691866884
1300c9f6-1318-4aa2-b036-3db96fa4d980,2023,2023-01-16,bc1a0cad-570c-477b-93fb-2050c0e2f9aa,24b5ca48-c4a7-4e8d-8fff-c02904c11b7d,-6,0,-6.607966449038165,0.29196793537231214
200a3c76-1820-48f8-a1db-ae01af3be642,2023,2023-01-16,88205ce6-ad31-4ffb-998c-fb9164c40dea,1a2c070a-303f-434e-a50d-c98ad9d9f88d,-12,0,1.3746587853157528,0.5701730071293813
303a7b1a-1d62-497a-80ab-c15232748c0a,2023,2023-01-16,16e5ce2f-bdd7-49bd-a906-9aeaef0ffa08,252b92fd-b788-4b9d-9cf4-94b7e591640f,-12,0,0.2560204874378926,0.5049140907352785
3dc2374b-795d-40a5-ab1f-f17105cb7ba5,2023,2023-01-16,6748ba88-58dc-4e41-b3b3-d8df2c4a3c4e,a8ab3f0c-a155-4d9d-adf9-5593435a0152,-8,0,-3.0456676664886926,0.31761204311474145
536f6187-b11f-4590-9b59-e3fcb5aff6b9,2023,2023-01-16,3bc40b20-71e2-4fa2-9c99-8e0b6cc3460b,170f63c1-c0da-4464-9352-7a33c5e2b3eb,-2,0,9.063030737592973,0.8365058739340466
55bb15c0-4e6c-4f7e-9044-854e071e1b66,2023,2023-01-16,6c796971-9e91-4507-a6ad-9699cb1ed2b4,5b25de37-34c7-4ebb-a149-b0ca3c4ffff6,-8,0,6.015372622685497,0.6790531309751981
5ca55b05-5ff0-4533-a556-da9ed1275538,2023,2023-01-16,1c48e10a-5d97-4c46-8f8b-4217683da26a,72c1f395-5916-463b-8353-47b99a272098,8,1,10.026394912384514,0.8641204871386015
6128ee65-2adb-4677-b640-d7da20327a85,2023,2023-01-16,b349d38b-bc08-42d6-bf21-e6c826c45b62,cd2892b0-c423-4723-86bc-3988015a8015,-1,0,-1.2473687463814236,0.472368368693408
6287c88e-4674-4b60-8b5d-03998090ea4d,2023,2023-01-16,20fdaaba-bd75-4d6e-bf13-299d2f1704ef,4ba5494d-a428-4c7e-92a2-fa5f8a096b3e,-5,0,1.2862369856822795,0.5083365785452741
62e03e81-891b-4785-9052-ca28d5ffca1b,2023,2023-01-16,4d964b45-0956-4e20-9bb3-92d90690ea01,1b6320e0-71b4-46c2-9fb4-0c801f4c8770,5,1,9.86407846320729,0.8845802454301018
64ce6967-13ea-43df-8af0-d5f13091beca,2023,2023-01-16,d20936f6-b751-41b7-a241-c75beb459360,8b6e9436-9398-4b24-b6a4-24bba0c8eac3,-9,0,-1.1720449147939462,0.4812761289156051
6cdc173e-15bb-4c7a-b6ac-f6bc76e9c534,2023,2023-01-16,1a879f38-8a98-47b8-9c92-7da920f1562f,e22f605d-41f6-4e5c-915a-987ad0c44569,2,1,4.117592781087629,0.6813561202960985
780228ee-74a4-42d3-84e3-034f4c863d66,2023,2023-01-16,5a36a71a-5c48-4f55-a80e-17e194f320ac,bb82a5ec-96c1-460b-a414-50e0d2b6b1a4,1,1,3.378453648531032,0.6242792345793456
79b58562-6926-4071-8f3c-1ac4f9e232d1,2023,2023-01-16,f9620376-5493-4730-bf10-8b6480bd3e43,e81d4510-e1ee-4dbf-9b00-28fe6eedbfb4,-14,0,-9.40991835373466,0.12930329669525883
7bc04b1d-3b1a-419f-830e-e568847972db,2023,2023-01-16,9ba3b86f-e9ff-4c69-a5a2-865d61dd56ff,14900e69-e972-4137-8f13-5ef152e0075b,-7,0,-3.5042855848752503,0.46091512492866255
7c6e4df7-540e-4c71-80fc-cd2fcd8c4696,2023,2023-01-16,00ba2ccc-f972-4423-adaf-34e87d0f5992,c8da4ce4-29a3-4f99-b827-9b55afb4e0d5,21,1,-2.4495044820397034,0.42041929998729616
7f2edd15-e2b8-4415-a98d-37b743cd08f6,2023,2023-01-16,b1cd7b83-cc64-42a8-b41b-45343632eee6,c88614c4-bad0-48db-990c-90a3243c3734,4,1,14.30742923533509,0.9300239417847582
82e534f9-6056-463a-afcb-44c598f4b12e,2023,2023-01-16,9226a51e-74e7-48ed-9e95-6890a182148d,b6c50d53-e53e-42aa-8c2e-1297e733737d,30,1,15.331179483746338,0.938090846402198
86b3c4fa-a052-43e7-a260-f214fdff6d55,2023,2023-01-16,1f74189d-a265-4a43-9a13-b26dc844746e,c282b887-5bc1-41e5-8a0d-15287474de7d,3,1,0.4439914572896034,0.5370757243701716
91eb59a8-d9a4-4166-84c8-31f083f316a8,2023,2023-01-16,2f8127bf-68b4-4cd4-bb81-d18b7f461cba,cbb7e0c8-4326-453b-9357-a01df1076809,1,1,0.8907882028580697,0.5173747105458625
9f13e517-1dd2-4ed5-b530-fcbc24152321,2023,2023-01-16,f3eafab2-d52f-4409-b7ab-63598919e46d,389dc2a8-706f-48c0-8579-33b1857c38b4,-7,0,-11.538885593268619,0.11619720252249366
ae9c5aac-1b50-44e9-a396-9e1cd9f3e0ba,2023,2023-01-16,297b5678-ce67-4c02-bfc4-2ccec5343d09,805b30dd-e009-4031-8968-ef4d8bbf928b,3,1,10.875881646025265,0.850500619878488
b03a90b7-fad3-41a3-9d23-41fcaee29da1,2023,2023-01-16,75db89bb-f85d-4726-b2c5-e7f61c8115c4,d6fb85c8-3e1a-4375-a5a6-b293e672533e,7,1,15.403455226150875,0.9492644685217185
b45101dc-78ba-408b-8060-7f4a532f2d9a,2023,2023-01-16,7b423c28-572a-4a7a-982f-3d59e0fb25fe,cdac95d6-25af-43a9-a6c0-1004aaa6a183,-12,0,-0.43468700784844694,0.45593202865296717
c305501c-d78c-4587-b772-fc80ec9338d6,2023,2023-01-16,030a591c-8164-4635-bb33-29a4c98e0b5b,d1838999-77de-4a4f-9d66-e6071f5a079f,-12,0,0.6233464203520143,0.5868683660583631
c4b0f92f-44a8-4e81-bf5e-a558e6da0e62,2023,2023-01-16,c79c0f1c-2685-4621-a2d2-476af53195cb,7d7d8e50-802f-4f7c-aedf-3116a743e835,-17,0,-6.689462535146059,0.3452088681321717
cb64da88-0e6d-4f34-8e35-5cf3998b97de,2023,2023-01-16,38a65109-33be-44a5-928b-459db9d9dbc7,bb0be232-db5b-490f-a3df-709f20bdfb71,7,1,4.117170001239646,0.6173914411715267
cebc67c7-7c6d-431a-a6f1-0566065179e1,2023,2023-01-16,63b38daf-556d-4012-93d1-faf2cc5da515,6aa9d05e-84b3-4e72-815b-fe3dd02b1e03,-8,0,3.7767426762938827,0.6864590987662378
e1f658cd-c20a-4172-b6eb-03437e191152,2023,2023-01-16,175f9186-422d-479c-a771-d9f218a1a87b,9c36dca1-e045-4592-9000-60f62b244bf1,1,1,-3.7057216179080337,0.41609037506625535
e2032cda-fdd3-447f-b366-4951d100fd04,2023,2023-01-16,173a69ab-4f3c-453a-a1cc-8b83c0ee2b49,c9739eef-f828-47a4-bcc0-548844cff9d5,4,1,14.158968700877885,0.9310777408077705
e391f0fb-66c1-4196-b037-b26ffb9ddf36,2023,2023-01-16,07ca1d8d-4805-44f2-90ed-b18eedfd097b,54b6e673-584f-4030-af7d-052c75277798,-7,0,-5.924478789279489,0.2849200386724946
036160fa-cf16-4111-af6e-d54189588086,2023,2023-01-17,f6d79bbf-f8fa-4aad-8a37-6172d43ea482,8e941979-021a-4b68-ab5b-5ee34fe0e06a,-12,0,-13.962745359857644,0.060984232963033735
06a70d42-84b1-4bc0-b10e-4475c76df492,2023,2023-01-17,d1f5a19f-6263-4ac7-9ceb-e1339595db2f,2dba4db9-bc1f-41f7-b1e5-8d94e117c1e9,-13,0,3.681213222895398,0.5521092754976294
07b0f83a-29b9-4aac-adaf-191d0e36932f,2023,2023-01-17,66f42ce4-3183-445f-b7db-b673bfb1fe7b,2ff94ca5-2417-420a-b20f-387ca6793769,20,1,4.490693853686378,0.6085661734446682
08478aec-c52d-40f0-b649-dbf349c69544,2023,2023-01-17,be0c2be1-019f-4c49-9ef1-92f53c9c23b0,d5e2b5fa-8cb9-45b6-a822-4e64c46bc8fd,-18,0,-11.13583497538912,0.09545794555109514
0f8ae604-e367-4abf-aea8-821c10675934,2023,2023-01-17,f6ffbdfc-4780-4966-b75f-aa6ff30a7928,ec3ac254-d13e-4b51-95ee-389447c70400,11,1,-3.455201795697962,0.34492163431940115
244d9984-9c37-474f-9a3b-2208589c367a,2023,2023-01-17,0b94d899-a6a7-4449-b626-07126971cd67,957c8e2e-1939-4c65-af04-df116ac4086d,8,1,7.875461449351832,0.8031090578858143
24c9c1ec-991f-4fba-824f-a4362e5049f7,2023,2023-01-17,45f03492-2831-493f-8176-63dfae6670de,db9252c1-9697-4f77-b192-93b1badf442b,1,1,11.954831348592984,0.9114470855391713
32dd44e3-608d-4419-8b86-95f3867f6eb7,2023,2023-01-17,43c4f9a5-d6d5-4dd2-bfac-0bd3adaf79f7,c238c9de-59e6-4d8d-b9d0-745eb8ec96ab,-21,0,-12.094279633473848,0.10574136444925726
37e08f58-4d44-498f-9b62-c5cf3b187034,2023,2023-01-17,c84adc87-6cd7-4df0-9245-59fa829300e4,f51695f1-a8ee-4f8c-b518-879ffe6b0dca,15,1,12.578810357151397,0.8547852179992008
3e15f728-47f8-4d7f-ac68-356946fa617a,2023,2023-01-17,1900d158-6fb0-407f-a2df-6e37a1db2dc3,48ff6f70-fd07-4a02-ac71-b973f0ea0451,10,1,2.5532450668444118,0.6304430946346918
4dac8f18-4666-4109-b4a2-93be1d9c4d35,2023,2023-01-17,208232bc-9495-4351-b34b-874117e7ab9b,89023aa7-6034-4d33-96dd-3566c7afc79f,29,1,5.571919686878847,0.7549153615438844
4dbc0305-9d30-4d09-a67d-a6e01d8d943d,2023,2023-01-17,a35d0124-2cd2-46ab-b613-2438a97b6ddd,12a96cea-6b94-4165-bfbc-3fbee5bd51ab,-14,0,-13.349424771621411,0.06793089630117888
4eee232e-ba04-44a2-a5aa-23bad0c8127e,2023,2023-01-17,6ddd1347-422a-42ab-8c8e-fd5c9b4e78f1,ad6b613a-f36b-446f-81a7-6095bcf8a45a,1,1,-5.280114468468781,0.35026580100446164
636b7086-6196-4f74-9d55-fef63e77be0f,2023,2023-01-17,f022d404-14a6-4105-afd2-445afe77bad5,bdf949ac-7376-4c1c-b4d1-a2b6d1142a71,7,1,4.733519581674913,0.607637994878518
6456e8cd-e8ba-4749-917c-d5e177e9ad02,2023,2023-01-17,712e6366-f137-4f9f-a647-831a2797543e,e198833b-92f3-4fa3-a2cd-82f04ec7e0c3,-12,0,-5.6547851738951636,0.3561844108054848
66a433f0-5e1c-45b0-b5e6-de056d61046f,2023,2023-01-17,127a96c4-6d95-4519-ae56-77c271aeea23,9cf58c59-1075-457a-b79e-942b453b75d1,8,1,12.108965891887546,0.9240535509329049
6b41cb05-a0a9-4fb4-a485-5fcaeff3b646,2023,2023-01-17,eaaf67e1-30a6-41ca-a400-906b86d42a58,9cc36a7f-4ac0-4523-b7cb-99b33fd2fb4f,-11,0,-8.046359883484751,0.30473952255679915
6c69ac07-b770-4779-a934-a54d38b83dbd,2023,2023-01-17,4a1337bf-77da-4acc-8a27-5f6ee2d1db60,445a7698-bd20-45f7-9c62-e0ca0057e959,7,1,17.351661897232173,0.9696566123106451
74345d71-b435-4acc-9ab1-97c82d0c2433,2023,2023-01-17,7b4d1f71-de6c-49c1-a95c-de84c4aa46a5,a15edd2c-08cb-44fc-81cd-ab493e8364d6,-4,0,1.3850191413719675,0.5666511117407989
82ca5555-23d3-459f-9821-06695812878d,2023,2023-01-17,bce5e657-8430-4508-b956-64ed47e82de9,f69cd607-9c59-41dd-9dad-e5a5e9ec4370,4,1,12.476917483426801,0.9304009005865428
85f73361-0ae0-4c65-a2b7-233fd1ec83e0,2023,2023-01-17,015de200-e75d-4f5c-b26f-60089691f965,93759732-e117-45b2-a99f-f09b689de84c,15,1,9.907086221973797,0.8354940918144566
8800a5c9-f6b2-4102-b726-ab5985eda579,2023,2023-01-17,762cc817-6e37-4650-89d1-6bff265dd1b3,3c7653b4-ff75-43ce-b3db-0654e938bcd3,-7,0,-0.8950373081173895,0.4387594563335721
9e3f9db4-eec7-4473-a077-7e281aa48cfb,2023,2023-01-17,bc48226a-5e03-49d2-aa5a-550081373e7c,4ae8be32-616f-4721-85c4-1e22239e7db8,14,1,17.107055661747875,0.9555674098602652
a0d170f1-3a1c-4dda-8a2a-4b8b38d50525,2023,2023-01-17,9d09ebd0-f5e4-4022-b315-aa3719219b6a,23328a3b-6bde-4b61-960d-5c45fab4d16a,10,1,0.5997501624617584,0.4987334962866576
b9e2f17e-27d2-458f-9751-c09dc0eb303f,2023,2023-01-17,fccaf1a2-1439-499c-87a3-1615684518bd,295728d9-e6d3-43a5-a29d-26c403f073cd,7,1,8.350643860252019,0.7359544721978717
bfea6299-7b8a-4124-a1cf-bfdd78f61dd2,2023,2023-01-17,e39dbea2-e913-4bf0-9407-8ef31b60b82d,c8e7388d-5a50-447b-ade8-addcc758d8dd,-20,0,-14.253158606043925,0.06432942643951736
cdd493c9-a65f-43be-98b0-85828959c1cc,2023,2023-01-17,9c773261-49b7-48c8-816e-3e3260997d71,a757dae2-f596-4065-9e29-b365b91af590,15,1,6.803575374510059,0.7320004252224528
f484616a-df12-4e5f-b32d-e6206af3bb8f,2023,2023-01-17,0ac20cc2-e801-4648-8850-2fde30c2def5,22641200-31a8-4bc1-9df0-8a3393139dde,3,1,-0.877939115980632,0.43454757316855547
05824ad8-c924-40f3-9b5a-03d49cf0de6e,2023,2023-01-18,40fe605d-085b-468f-aec2-614432798d3f,bb243294-1aa5-46dd-af42-c3676717c61a,-10,0,-5.88627875222924,0.3204870571109867
1997ac41-1369-481f-9427-41078f1931d8,2023,2023-01-18,9a193882-d061-4d9a-b1d1-da7a483f7cf6,75ed6a75-4599-4fee-816b-ed729babf81b,8,1,17.62158726969193,0.9816619869194889
22ab8eef-a80d-4b0f-ba92-689527da1db0,2023,2023-01-18,e383f809-990a-4dd9-85b1-4288d45884e7,6359c55c-0527-4830-8bbf-51141c0ff2a4,30,1,11.962286538730574,0.906593443490251
27a6ce72-80b7-4a1d-b52f-55d158f574cb,2023,2023-01-18,34668727-07c8-40ea-adb6-3541d9d7f32c,d13063ca-830f-4027-a1e1-7961d39c81fc,-10,0,-6.274578237429817,0.3533060684008234
2a3a3d0d-c64f-4d8d-89b4-b373507a02a8,2023,2023-01-18,d6ec4d5f-7d79-4064-be14-71636bf66d75,8b7efe80-a558-4a31-90d4-b59ad2ffdcac,1,1,-7.210991400562235,0.2102901165013398
2c026c8a-c8eb-4ad5-b331-a3a33a00d9b8,2023,2023-01-18,01325ccf-0551-472d-a463-55f692a5e50c,d5e139fa-05e7-4c6e-b083-5261fa76ee6f,9,1,7.632905516443987,0.7491598640930603
2dacfd64-33ba-4cfa-8934-ad323f4a79e4,2023,2023-01-18,ef9503da-6c3d-4207-ba0f-3cf770627dbe,599c2f7f-3472-4f93-9807-39b33c575236,-11,0,2.498342453558233,0.6066852974821914
30906db6-5f85-47d5-a794-6b36b64a447c,2023,2023-01-18,b13d1921-03e3-4f47-b962-4e9951de7510,927f9c80-da40-44b1-834f-ea1d457600d3,4,1,5.372420338455937,0.7128470066345525
3c8bce27-293b-4ae4-8714-7616de75c536,2023,2023-01-18,8d694562-759b-462a-9766-ac29e999df71,eccdef36-c666-44f9-bd7f-17e4e33e2def,2,1,6.065951477257368,0.7657230601740947
43715ef8-5aee-4701-ab04-a7fc1cd199b1,2023,2023-01-18,e5fb9be0-e310-42a1-9744-47b3878c37eb,7bf0273c-57aa-4412-be01-e0e08fb7cd81,5,1,-2.9465541900509367,0.3668385472926445
479b92f0-88b3-48f8-9474-0e8a13f100cc,2023,2023-01-18,894f397c-9c66-43c1-9223-fd405e35b0f8,3d8ed3b6-e3d1-4a7e-b179-fdc92e2640e7,-17,0,-7.81384258846355,0.23152354531408917
53319898-0397-4d06-a1ff-5a81861386bf,2023,2023-01-18,b4194217-55eb-45bb-b105-160e06f0b625,f4f493b9-00c9-48e9-a9c8-934ed203169e,-29,0,-15.663960176304444,0.056878956436690956
55a3a023-96f6-4f61-baac-71ee6dda9e90,2023,2023-01-18,043e8015-480a-461d-aae5-6cb149237466,ba34e76d-5905-4b7b-9c5c-9e014d969c91,5,1,4.084874094880936,0.648634514123592
5e969183-48a4-4dc5-a211-295b4d4fd989,2023,2023-01-18,247817ad-6065-4e8a-80e7-26c838de4153,888089ca-9632-4e33-856f-b210b1d946cb,1,1,-10.877739547069629,0.1658752384328471
63608185-84ae-4847-a4bb-f2e36803c72a,2023,2023-01-18,1e86acec-a854-405d-a4cc-d096ee03f22c,9874a1c9-7e78-46e4-8d3e-6fce94e7046c,3,1,-3.3508464013406414,0.38707759547280307
6d61b767-59a9-4f8a-ac94-0f869c4df8fd,2023,2023-01-18,f4fab986-a169-4f78-8a7b-6be149e86c10,aab3630e-9c8d-453f-b0c8-afdfe71a5d3c,-6,0,-12.22236839732433,0.0983262067921707
71d90921-e22b-433f-a213-dc05aa7fb7e3,2023,2023-01-18,0621d617-e31d-4e1e-a043-a11af2f706de,05dbf7f3-9fc5-4818-bf47-490e1f7c7186,-6,0,-9.280945071800929,0.16553069732451783
87e278b4-b7b4-4b6d-a858-76386570bf5c,2023,2023-01-18,a81b1489-4c0f-4a3d-bfe8-a9efcdb13d79,a4574b8e-6d1d-4ed4-a947-b175f74c6387,-18,0,-9.373981723843624,0.18621193635294464
8841fc0f-374d-49d7-9780-64ec18a74e72,2023,2023-01-18,eed17656-6fec-4cf5-aacf-f932c5b66084,0d4551fb-d4fc-4659-b14c-fdeba3555569,-5,0,0.4288004514347982,0.49902528744179575
974aa77b-b08a-45b4-bcd6-4bc950d6b26e,2023,2023-01-18,4a6135ce-718a-497f-924d-23f4797243ee,dd027a18-2cb5-45a3-a0ce-f3f9eb7bde2e,6,1,7.896647279024105,0.8137730347870076
98755e85-f388-40b8-a0a0-e2803c25acb1,2023,2023-01-18,89150efa-06a3-4a88-82d3-26b3797ada35,e1e53055-037a-4acb-82e9-552f8abd6635,18,1,10.002638194567613,0.845599301939085
a339e995-46e1-48ac-9634-9dca445f9003,2023,2023-01-18,348c253f-b663-454e-9b7d-051280f46334,11018b71-58b8-48c1-aafe-d3f42d4dc4b9,-8,0,0.9182696721158256,0.5097930825208207
a6757762-c52e-4ebe-a1fc-ef2e293935cf,2023,2023-01-18,15d2579a-33fd-4772-9d78-e929a093bd79,05300c53-1c99-44fc-894f-5d062cc9254d,8,1,7.890121277203826,0.8190653143284969
b361e1ad-ec8f-459e-9bab-0915c4a8dcc1,2023,2023-01-18,99bac3ff-1929-4a83-a593-5c1e123a25e6,cbab480a-8e87-4eb0-ab35-22228c66f68e,1,1,11.465462339132111,0.8816057259235284
b69677e8-a878-4507-bcc7-917fcd066c15,2023,2023-01-18,3950a3d3-d1b1-4dd9-bf4b-2356ed344246,d92b9143-ae83-4c94-b9c3-d1cbae1b7565,-8,0,-2.7646710542110506,0.4118203268772681
bffa66ea-2bd3-44e9-ad4a-d735f0139e70,2023,2023-01-18,06ef3673-5d7a-4701-aed9-726aa07838e4,aecccfce-5e00-489e-87e1-2622303b6120,15,1,7.527494658650095,0.8194387457089527
c32d1ed1-439e-4f1c-a821-ac79afa935ab,2023,2023-01-18,4fbf8f67-3961-4bf4-90b3-56c201b1283f,db22a3b8-fd13-44f3-8968-9aeb04d833e7,-11,0,-0.16233425728837295,0.5441663724446328
c939c4e6-db96-48e7-8667-b2c11b3d7474,2023,2023-01-18,a61813fd-4a0a-4112-9fe9-2d33fa01a9aa,75608756-6246-483c-8138-59d3749a8d3d,5,1,3.4706784995615476,0.6441481478978405
d151c235-e1b7-4e69-9b67-116dff0dbe84,2023,2023-01-18,0112fa43-c6c9-4c88-be78-7e0818374d56,f612c81a-f044-496c-871c-5c643a5e8f9d,9,1,-1.823887202364628,0.4307131852368957
d1b42050-93bc-4c31-a7fb-5f15886e138a,2023,2023-01-18,55f602a6-b8f4-4fc5-b30a-9a23ad91a2d8,eefb221a-cb2c-47a8-a13d-1f008fc6a8a0,-3,0,9.200746091618019,0.8134499872297875
ee68fde4-ca19-4d30-b929-a8552b636964,2023,2023-01-18,526a8e73-78d6-4268-9f89-6f7d90e5dcd3,c20e9648-8980-4cb8-b139-4343f24b2e91,-21,0,-12.668692788549214,0.06309450964111743
fec9a0ef-cc23-428f-97df-f607ee37538c,2023,2023-01-18,cb08f172-db74-448e-aaf2-80d96b32bed4,c21e5ab2-08dc-48f9-b923-9526ce89d623,-3,0,-6.173898734289647,0.2438651680300568
01c57b9c-c1b7-4df0-9ffe-3dfd382ec713,2023,2023-01-19,29613880-f1b8-40b8-a09f-a825765c5e40,f9620376-5493-4730-bf10-8b6480bd3e43,11,1,3.3086602370754923,0.6369523758088363
0ad94498-37b8-4316-949a-56a8e56b2b07,2023,2023-01-19,e0accbcd-bd68-4bc0-a2a3-3c32753815b5,e7f10812-f961-4c56-b848-22cb16073f49,-14,0,-23.50937206426306,0.03509270013502147
0adc8360-8a0c-4c28-9c71-a399366dbace,2023,2023-01-19,7dfad569-05d6-43d5-8f47-defff4a50649,474263db-dab8-4b0d-842a-548132e82b33,23,1,10.711373534369052,0.8814861975521276
0df9275d-4d95-4403-a2c0-ee412416d827,2023,2023-01-19,d6e9ba69-1ef1-406a-8fd1-17ef1a6980e3,407f6796-76ab-4c28-8f30-cebbfbe534dc,-11,0,0.6291260690410968,0.5387831853456403
0e008709-a80d-4100-9508-49066bce0d66,2023,2023-01-19,1a2c070a-303f-434e-a50d-c98ad9d9f88d,00ba2ccc-f972-4423-adaf-34e87d0f5992,-12,0,-9.12163633466681,0.16084801780852914
15cad953-fffc-4aa9-8816-133b8691ecaf,2023,2023-01-19,ed26e9f2-0346-429e-8084-a40c091454e8,a5600159-b71d-473b-92bc-8f7ab08f897b,7,1,2.9866610916951597,0.6777430167815355
16882a66-0123-4375-a614-49380b84638e,2023,2023-01-19,fba06d20-1fc1-45f5-b731-d3ad36f309ec,718dfd9d-59ef-415b-875a-8c861f6adb33,4,1,3.355057996903509,0.6347168949028366
1d8d0cd0-756f-4aaf-99eb-7e130d9233b1,2023,2023-01-19,fe1d1802-ae97-4c4b-8c1a-aef0cb3c5646,9a68215b-c4da-4c48-8fdd-6f9862b46f80,-12,0,-8.766258966219983,0.17315530857253514
1d932abc-00b5-4819-90aa-c78789beb0eb,2023,2023-01-19,29115cd5-8aba-4a2e-89c9-20f7d87b7051,34002612-3816-4311-b39c-41d24ddcf17f,-16,0,-16.733207016444887,0.05270241007193792
1dcafb9c-f112-4aa1-90f1-3a1baaf9ca45,2023,2023-01-19,81937a80-a7e9-4025-9c21-2ed38625cdae,fc903652-4ae3-4b36-82b8-fea6345f3b2e,21,1,15.639846861488175,0.9474668644246255
225504e0-bda6-48c3-8d53-cb38cb677b0f,2023,2023-01-19,325c1fce-e70b-481c-bc59-315b7defd4ad,7970fe41-5393-4223-935a-46250b8a26dd,4,1,1.6907996951735766,0.5440187576896683
267e8185-9b24-4044-a3d7-f51224a150b4,2023,2023-01-19,bea9ec66-e41d-4afe-aa79-8a5b0f020811,252b92fd-b788-4b9d-9cf4-94b7e591640f,1,1,3.9155532313535515,0.7248464355011663
292e610c-2116-4cef-87fc-7955fc73360f,2023,2023-01-19,bab73e4f-6d77-4aa0-8c6f-347009c2283e,c324cc75-a904-484d-b520-1f21664c89d7,-10,0,-2.418398545121634,0.4316188337706895
2bbc7d0a-92c7-4e15-95f2-7f8cd43316b1,2023,2023-01-19,f16d5827-0b65-4b48-bd2d-584314873b9d,92c5eea2-cf1c-4902-bae5-39cf63a77442,-3,0,7.353576882465739,0.7862540358026704
2be99436-3eda-47b2-8669-d10abfcd4e86,2023,2023-01-19,9cee8aea-80de-46c5-81a8-499fc49acb57,11b2b228-e668-4561-b527-22cb63540f1a,-11,0,-0.33543876498027836,0.4686886168759457
2cadf481-7e75-4423-8b03-474650304f19,2023,2023-01-19,588cf783-9153-4586-adb0-8eb7fb71d013,39668771-063a-4cfd-ba1d-be18a842d5a1,-14,0,-11.777445163582314,0.11780052422158326
2e572ef8-6fce-40f8-a212-5169e500fd46,2023,2023-01-19,b2a4914d-552d-49ca-818c-4219f9a5baa7,96babb60-08c6-42a2-becc-a075a465dcc3,-9,0,-11.15318132515108,0.12888366612123806
33ce8e39-40ce-4733-bf26-8fd6f696459b,2023,2023-01-19,d3246ba0-2060-4e3f-addf-f8704b79380e,5211ce8f-cc9b-4218-b190-975f87318dc3,35,1,7.3709642914974145,0.7436933818927594
3449e5e4-a48d-49d8-a234-ce96a78f6c97,2023,2023-01-19,57f7bf85-91b0-433d-b843-94485a520954,410b3365-a1a1-4bca-b3fa-52270a02f75c,10,1,16.00109942036231,0.9604401386978018
34cfd19a-5457-4173-8b4e-2c86b64a7d15,2023,2023-01-19,9c1c5097-7168-4529-8378-8f68f206bd9f,b462e428-f59b-4465-b793-4cef6f10cf66,16,1,5.113497069015695,0.6813610665495156
381577a0-ace2-41a7-b90a-85da45584e29,2023,2023-01-19,143599fb-b821-43e4-b0ee-2f6e521ddb11,e62f6be3-07fc-4d39-9d92-158e9218c40a,-8,0,-2.739460166109208,0.46278224066319723
39217a97-195e-4ceb-aeb0-4efc011c2aab,2023,2023-01-19,324a87d8-6e5f-4df1-adea-5c7c07bc3880,5fa1ed7d-157b-491b-9384-66ab06dfeefb,12,1,7.9785215486397405,0.7858653060310484
3a13cdc9-6509-4cb1-99cd-d4d18eadd80d,2023,2023-01-19,65974f84-3069-4f25-8f4b-7ccb79790430,88205ce6-ad31-4ffb-998c-fb9164c40dea,6,1,14.323299255205685,0.9390358295839608
3a27ce3e-c6ae-48fa-8f38-22d61e7cda63,2023,2023-01-19,e44bc5f8-7dc1-4aac-8beb-924a7c5ee465,2cb246a7-863a-4dc7-ab3d-eabccbf12019,8,1,1.415212673927247,0.5542195903415077
3eb06109-bcbc-4f34-85c3-3d4e3e54b7d8,2023,2023-01-19,edd0d0e3-31f0-49f2-a22c-b47c8e8ba9a6,7e4e4039-a37d-4b42-80aa-0fc18e241eff,-2,0,2.844117773271429,0.6232858177333124
401636b1-b16d-4625-8368-743f82efc601,2023,2023-01-19,63b264d5-0679-4b31-b175-0c1d019bb0f4,a1fb658f-49be-4887-a725-48a42276ac48,-15,0,3.1362470783125014,0.6738080578989959
40c720a2-e15f-4112-b50e-49738a339932,2023,2023-01-19,1e95b7a8-8a2d-4c93-bd01-79b311a80f40,873aeddf-ece1-4971-83c5-24ff228e2954,-1,0,-1.247808048781048,0.49154484586173924
43581aa5-7f27-467d-bedf-535d47b0570a,2023,2023-01-19,c3807661-da5f-4ce7-af5a-e086fc56158a,16e5ce2f-bdd7-49bd-a906-9aeaef0ffa08,-8,0,1.7244777120403338,0.6093095264394347
4851f70b-ef92-43d8-8373-e1ebad8296d4,2023,2023-01-19,21051f5e-6142-4894-a3a9-09bada612b47,3016ba37-71e2-4de3-bc39-86d07a8a3e44,17,1,4.791234044452981,0.7116709548166869
53f81718-fe27-4be4-8dc1-48627a1d968a,2023,2023-01-19,6bcb5e3d-9b4c-41f9-86b6-1f44432462b3,0939b5e1-8421-4924-a8b9-9846ca06f2fb,9,1,8.451818688695003,0.8167928824909397
57330002-37c7-41c9-b5d2-a554da697714,2023,2023-01-19,4db0dce7-2ca3-42fd-b71e-f5e13debacfe,8681e6eb-5cf9-45d5-b215-af3a54ebc784,10,1,10.957870097275384,0.8637275858827573
605dd89a-9f0b-41b0-b008-5a9d14f67fd3,2023,2023-01-19,090a9b59-4e95-410c-b5f9-c4d63d9caea8,d42bc01b-0728-409e-8ce3-c205d30493c1,-6,0,-6.784395298723872,0.3273189530353729
631cd7fc-e268-4b4f-9f77-3f28abcb5b44,2023,2023-01-19,fc62dc2f-7404-4a85-b1d6-49d5135283a3,39d71fee-a4e0-4399-8698-547fdb4fb256,-23,0,-9.418489005469587,0.12278802640281862
644a7a60-0a31-4e16-aa71-5de060571452,2023,2023-01-19,88dfcbfb-3d60-4978-b275-46ae9f682ad8,5efbece3-af1d-4f3e-8930-388ee4604cac,2,1,-7.400652781963569,0.18862606144264113
6721f218-77b4-4d4b-b59c-e4570567562e,2023,2023-01-19,251330f1-c041-4520-b4a3-114f8f6b2ccf,14e4e2ac-f90d-419d-9b14-9a9e3ba13b59,21,1,10.346460467503073,0.899889185689491
68a11f3e-2145-4515-a7ac-da6d0e662e14,2023,2023-01-19,22b7e3ea-2a6b-4f0f-8f10-40ab409da1e7,bf2aafb4-bbb6-476f-acfd-8793128f565c,15,1,6.49244286404835,0.7674639505506555
74bf92e2-4f0d-42e3-8d13-97528b9954a6,2023,2023-01-19,170f63c1-c0da-4464-9352-7a33c5e2b3eb,f3eafab2-d52f-4409-b7ab-63598919e46d,20,1,2.494864587720982,0.5594099936503705
7b91b558-a391-4922-8766-12f7809d1714,2023,2023-01-19,a155af26-bc09-4c69-9940-efff8f3d15e3,61c096bd-3b5f-48c1-9f04-b18693a77cc0,5,1,0.6896310029610048,0.5445375093288926
86131947-dc60-477e-b917-59d42ed84d2f,2023,2023-01-19,58fab53e-62a1-4e7b-acbc-71e06102931a,77dbd2b6-8c48-42cf-9cfc-6fffa07402bc,9,1,-8.245333105778787,0.2074269421349963
8ed63d98-96d7-4fc3-a439-6c81fb3b769a,2023,2023-01-19,f0c6c56b-f155-45b4-bed7-e886af6e82f6,63373289-6a60-4345-8e60-c44894f4f8cf,5,1,6.208998229841017,0.718958679672067
8f89766b-983e-4815-9fbf-69972d1248d5,2023,2023-01-19,105b326b-5a9b-4c89-a5ec-7e020f9e72e9,c1ddb62d-8103-4ef4-a556-df9238531bdf,-8,0,-8.958815049529758,0.13785170382134215
9175fd19-6d07-4bab-8fc0-cef06d9bac88,2023,2023-01-19,a0454954-f558-44d1-812e-59b90041128d,bdb8394a-cc25-448f-a1b9-ef5fe40bb204,-13,0,8.746657631213576,0.8154072131917224
992c088a-3daa-43fe-bf95-bed3cc819704,2023,2023-01-19,bb82a5ec-96c1-460b-a414-50e0d2b6b1a4,a2362a90-be36-417a-ba1f-0cd8ca99ef80,27,1,6.984382874666219,0.7969138731448419
99bfe487-1db5-41c2-a5f9-2a444ed0533c,2023,2023-01-19,c8217375-b6d5-43ec-910b-76632babdbbd,4a3968bb-0d67-41c6-af5f-7ac59ae5cc3d,-5,0,3.7631570235749052,0.7077707258509425
9ab9bc2b-3e52-4f46-98ac-3e3470b1b7d2,2023,2023-01-19,60cca73c-a30b-4fec-8cc0-a18b3dde7312,cd2892b0-c423-4723-86bc-3988015a8015,-22,0,-17.16503123475295,0.050366743678648664
9cc4df70-b11d-4f97-916c-c94f6880d910,2023,2023-01-19,428b85df-3b5f-4b21-a384-f1bd53f95d19,9988778e-cc80-4486-aad5-9ebdf21f2965,-20,0,3.758645432824558,0.6986778932242391
9fb8716a-fed8-414f-a235-e03115bf7fc7,2023,2023-01-19,63b38daf-556d-4012-93d1-faf2cc5da515,75db89bb-f85d-4726-b2c5-e7f61c8115c4,8,1,3.47564334531872,0.716071235816598
a06da503-15c2-4dac-9b0e-584cdef8b767,2023,2023-01-19,c8da4ce4-29a3-4f99-b827-9b55afb4e0d5,1c48e10a-5d97-4c46-8f8b-4217683da26a,24,1,11.184098333219954,0.8881384684252408
a377925b-05a4-4d7a-97bf-b6a0b155e8c8,2023,2023-01-19,d739e8c5-4395-4b08-b8ca-445d1a57a451,38a65109-33be-44a5-928b-459db9d9dbc7,-8,0,-3.6667893471831463,0.36697979421245575
ad898238-d096-4328-8e48-aa0ee801870b,2023,2023-01-19,5bd87308-1027-4aba-a8ef-970bf8e9ac0e,afebdb69-0f48-47d1-ac8e-740bb58c993e,-29,0,-14.361639846314567,0.06814761128779785
ae2eb279-021a-44f2-8236-5becf0c18ed5,2023,2023-01-19,ef3cd1ae-ef09-458c-a751-658436d5dfbd,7631bceb-b254-43fd-b331-b90b901b5959,13,1,0.32562584438952225,0.48813262179812744
b12c9080-1b44-4ae9-a201-3746acd65729,2023,2023-01-19,27a2a3c7-c672-4a2e-8381-bf31d528c0d0,d19262e6-6584-4276-9fb9-d5690c3ca053,6,1,2.8878368089342357,0.6118494939682092
b9017dae-8e13-4844-bcf8-c37bb5713d8e,2023,2023-01-19,d680033e-5d87-4349-8622-dcce2bc0559c,61442116-53fe-4490-9f2a-17aad40fb68b,-16,0,-2.509229842087702,0.39854498937026495
bc13d1f5-b3a6-41a9-9d76-37c398d8350f,2023,2023-01-19,97cd7805-e5a7-4739-97dd-116010ceb9af,40d1c23d-da10-4e19-8a9f-d69e48e05c30,21,1,9.439905779750644,0.8616401723568643
c3ba40f9-5b86-431e-974b-ba3158b2d6e0,2023,2023-01-19,6aa9d05e-84b3-4e72-815b-fe3dd02b1e03,d6fb85c8-3e1a-4375-a5a6-b293e672533e,20,1,12.420887486978945,0.9233934232069804
c8946759-a3ea-4668-9a72-756d3695a45f,2023,2023-01-19,9b92c0ff-02a8-49a0-bb79-32eb70b7681d,effe733a-ab00-44c0-ba8a-c389badc7014,12,1,5.989865602307729,0.7035927775927624
c92c9940-fbd8-492b-bf28-0181ae6bcf6a,2023,2023-01-19,393745fb-1951-4506-ba94-c10dcd66ee50,e823a53e-c3a4-40d9-b40a-4d7eac69e962,-9,0,1.215623164660031,0.5994344007881033
ca13bca4-bdc8-4b9e-ad6e-7cc04ac90be5,2023,2023-01-19,9ba3b86f-e9ff-4c69-a5a2-865d61dd56ff,e81d4510-e1ee-4dbf-9b00-28fe6eedbfb4,-19,0,-23.235262534764768,0.03576575668848848
cb2a79d8-0f3d-4c3e-b9de-6f09c8b83cd0,2023,2023-01-19,2f8127bf-68b4-4cd4-bb81-d18b7f461cba,3bc40b20-71e2-4fa2-9c99-8e0b6cc3460b,4,1,3.180179692384318,0.5970047411136719
d3c2a6ef-d8e1-442e-bd0b-b7ce4f42ef4d,2023,2023-01-19,11c420a2-9004-49a5-8268-6683a741a32e,d4ca3878-1113-45b1-abbe-5a9a3c7c5430,4,1,1.582028127982507,0.6118087267199487
d7550917-ba87-4e6e-b20c-f53c6ae041ce,2023,2023-01-19,a8ab3f0c-a155-4d9d-adf9-5593435a0152,4d964b45-0956-4e20-9bb3-92d90690ea01,-2,0,1.4650762075330301,0.5217736623473404
d7befdcc-aa33-4830-9edc-7b3fa67f177c,2023,2023-01-19,f14e71df-6c53-4abe-b789-c0d73a44b276,cb921ef9-be3d-4c14-9e83-9926205e601f,20,1,3.7683351397855547,0.6723883939293657
d7f88f8e-fffe-4ac9-95cb-175381f90fa8,2023,2023-01-19,d7828b57-33e4-4922-bfdd-4780151816ed,9226a51e-74e7-48ed-9e95-6890a182148d,5,1,1.757442918973959,0.5917419585646069
def18923-e352-4648-b71c-25b170cf772f,2023,2023-01-19,29503a81-0fe4-4a0c-8022-d23ac7e092b6,0e5ca5e6-5ea7-44a7-8587-b4c7834a4c52,4,1,5.828918510117387,0.7824935745927902
e1728f30-fbca-46d6-9fac-7e170ab26985,2023,2023-01-19,b349d38b-bc08-42d6-bf21-e6c826c45b62,71aa15ab-9b94-4d3a-88de-3f0ae5d9a44c,13,1,3.8766114540580756,0.6980671804416305
ee0ab772-e266-4722-b230-36dd128fae57,2023,2023-01-19,8e864d36-5a07-4d24-bea5-f7b85c3187bd,c6e998ac-727a-42d2-a2d4-0e7c854dd383,14,1,2.5524296820121046,0.5688128342896737
ee661e7e-dbe7-4646-afd9-96e2c97f70ce,2023,2023-01-19,1b6320e0-71b4-46c2-9fb4-0c801f4c8770,6748ba88-58dc-4e41-b3b3-d8df2c4a3c4e,-7,0,-0.9864767689254614,0.4616222599707321
f0e58f21-c986-45b1-9c28-bdadde8e6561,2023,2023-01-19,f1d0f01f-d161-44fe-a534-6f4383fe2d0a,b034bc0b-a11f-4e43-b372-127640b1d5b0,-11,0,-1.1967174255417452,0.4572474368886978
f1de8cc9-2bf1-4c18-ace1-e4ecee2975f9,2023,2023-01-19,814a38f7-2f64-498d-b6d6-a9ae4df96850,5a36a71a-5c48-4f55-a80e-17e194f320ac,-13,0,-0.13361222446413318,0.4391202904865848
f6a7a616-0e03-4872-a194-cc261efcd29f,2023,2023-01-19,389dc2a8-706f-48c0-8579-33b1857c38b4,14900e69-e972-4137-8f13-5ef152e0075b,-12,0,16.806267798853163,0.9441614687931603
fb0c32ab-2b60-46e4-9706-104d97585541,2023,2023-01-19,e4d1f824-05c1-46d2-a96e-fd3dba7ac334,cdc199b7-a710-4c11-a6e7-2384b399c06b,-15,0,2.165121243436041,0.5445996501944433
175d5663-7153-49d3-833f-62cf8e1bd4d6,2023,2023-01-20,3c06c3f7-a7c4-4179-a9a7-d9b86afaf42c,1f74189d-a265-4a43-9a13-b26dc844746e,-7,0,5.383642524625673,0.6986814251978732
1b350157-b22c-4647-bb3d-46a1236a3ee3,2023,2023-01-20,208232bc-9495-4351-b34b-874117e7ab9b,9c773261-49b7-48c8-816e-3e3260997d71,-9,0,-4.611117735296281,0.32997215814992964
24b21f66-5558-479b-a612-5ef64f5c7c57,2023,2023-01-20,892bcbe8-a66c-4c57-88ed-c82e0c13706e,9f8c4a3a-10fc-427b-a3b9-f54bcc243010,-4,0,4.90735659135317,0.7303922609080321
24d8d02d-55c2-496b-bfbe-b9cab1e8596e,2023,2023-01-20,66f42ce4-3183-445f-b7db-b673bfb1fe7b,015de200-e75d-4f5c-b26f-60089691f965,2,1,0.08028252246579941,0.49202256551870444
3fbbcca3-d12b-4473-bae6-4455c9d2a4f5,2023,2023-01-20,067fed65-5ce6-4ac2-b769-11805417f5ce,3fb4c1d4-021b-4e64-a997-b47421257d4c,15,1,10.839690603177026,0.8824182069684813
65838928-ad80-4483-8b9a-3586c2be773d,2023,2023-01-20,12a96cea-6b94-4165-bfbc-3fbee5bd51ab,45f03492-2831-493f-8176-63dfae6670de,21,1,9.846295979828533,0.8252158783068643
769567ec-ee99-41ca-bf45-c0f6aa783484,2023,2023-01-20,ec764a7a-bdf2-49ba-9830-7408ea7f453b,e145a47f-597f-46fe-b58d-64dae192efc0,9,1,3.3485818131331793,0.6296549515294411
a293365f-a4c7-46ae-b622-d7528f2675e4,2023,2023-01-20,1cddcec2-cf89-4c5c-9810-d148c368b08a,b1cd7b83-cc64-42a8-b41b-45343632eee6,-8,0,-1.5220036512297752,0.44810600801265055
a50befd2-1e91-48ae-bc4b-3cee30d9dd1f,2023,2023-01-20,c282b887-5bc1-41e5-8a0d-15287474de7d,54b6e673-584f-4030-af7d-052c75277798,26,1,6.5328059148858,0.7257819933385264
c271c5fe-a2c9-4969-a1c9-a97d6f76190c,2023,2023-01-20,4ba5494d-a428-4c7e-92a2-fa5f8a096b3e,92e2201e-4d6b-48b2-b40f-1980a5b48c0e,22,1,8.028981054541378,0.7850260406630175
c56517e1-b095-4285-8b57-117c6e112130,2023,2023-01-20,218250de-64b1-4e7a-9b64-e426441584e4,304b93c1-4157-43db-bc99-6f2b071e4429,-8,0,-13.231870618822718,0.06232282757075911
da56138d-443c-4bbe-b6f0-47702cc98312,2023,2023-01-20,ff27601d-133f-4abc-a42e-f55d4f497bb0,66ad8504-16f3-4990-9abd-ff1e776dfb86,3,1,8.624077604240448,0.8143430765138504
00af4ad0-9362-4c8e-a38d-424e73e741ce,2023,2023-01-21,7bf0273c-57aa-4412-be01-e0e08fb7cd81,75608756-6246-483c-8138-59d3749a8d3d,-2,0,-1.1913156345438596,0.45140864250712737
01bb52e2-9cdc-4a2b-8838-e75eed1932ac,2023,2023-01-21,bdf949ac-7376-4c1c-b4d1-a2b6d1142a71,8674cdcf-acde-4035-bcae-1c7c0d7549e5,-7,0,-4.0245815815632655,0.38897707874529797
01da021f-65af-40fc-825c-13f9e5804428,2023,2023-01-21,b1119bba-a47a-41ed-adea-9967a72cf21d,d65c47b7-fea1-4f82-a29b-c2d4f4e48b4a,4,1,-6.657244954046841,0.2778723514010138
022e3a0f-7c3b-4684-ba82-466ad3cb34ce,2023,2023-01-21,29503a81-0fe4-4a0c-8022-d23ac7e092b6,873aeddf-ece1-4971-83c5-24ff228e2954,-2,0,-2.5301213766189683,0.4221790180515461
0332cdcb-23fe-4ee4-8e63-5aa717e285a1,2023,2023-01-21,9ba3b86f-e9ff-4c69-a5a2-865d61dd56ff,f3eafab2-d52f-4409-b7ab-63598919e46d,-5,0,-4.895864558557721,0.3145324379343688
0332f1d8-ab4a-47b9-8f96-d3ea31eb6e51,2023,2023-01-21,a155af26-bc09-4c69-9940-efff8f3d15e3,39668771-063a-4cfd-ba1d-be18a842d5a1,-11,0,-14.421127765955951,0.08119440438821032
0562858f-0205-47b0-8003-b64baeb53782,2023,2023-01-21,11c41163-ceed-438b-bc9e-333b60a36e6b,8e941979-021a-4b68-ab5b-5ee34fe0e06a,-21,0,-12.638598106316907,0.09555264531527914
06a7bac8-b05d-4e7f-bffb-8cfe8ac016a2,2023,2023-01-21,bc48226a-5e03-49d2-aa5a-550081373e7c,f7d3e028-cab6-4277-8d9c-799f5bec0712,9,1,2.2075966762102013,0.584871239471557
06acea1c-924b-4f71-9317-bbfb682fc49a,2023,2023-01-21,fda4e988-3514-4913-8f5c-1c8db7f59165,bfe08930-1826-481a-bc46-217ae918d0c6,-6,0,-2.8091088692756903,0.3857203322075206
0b6d3d8c-4f34-42a8-9189-1ecd7a9fc7c4,2023,2023-01-21,8e864d36-5a07-4d24-bea5-f7b85c3187bd,92c5eea2-cf1c-4902-bae5-39cf63a77442,25,1,8.02924344815332,0.8198568953494623
10500500-6a73-4905-9e5d-6b5d24b77da3,2023,2023-01-21,cb08f172-db74-448e-aaf2-80d96b32bed4,e39dbea2-e913-4bf0-9407-8ef31b60b82d,2,1,-6.779662300073754,0.3157247937382441
131121be-82b6-4a6d-92ff-1ce2c8913d2f,2023,2023-01-21,4b5bb58e-38b5-4132-b2e0-876169cd4017,611e61cb-eec0-4487-b0c1-1ea8cdba0762,12,1,8.644782254286318,0.7953616423593394
137857a4-3a02-45e8-a36b-59bbeb47b592,2023,2023-01-21,22b7e3ea-2a6b-4f0f-8f10-40ab409da1e7,9a68215b-c4da-4c48-8fdd-6f9862b46f80,6,1,-1.5785847424823138,0.422656631753033
14b0c7a4-0fa7-42b5-892b-f7b099bd071a,2023,2023-01-21,07960f6e-9ad4-45bb-82bd-06f477a011e3,f69cd607-9c59-41dd-9dad-e5a5e9ec4370,13,1,0.3930553878156877,0.4804733991185896
17877b1f-d9fb-4c73-9b86-602f294367d2,2023,2023-01-21,bb243294-1aa5-46dd-af42-c3676717c61a,043e8015-480a-461d-aae5-6cb149237466,9,1,8.087932664238037,0.796273168912555
17ae7f76-ae85-41e6-a7eb-0ff2d30792a8,2023,2023-01-21,a35d0124-2cd2-46ab-b613-2438a97b6ddd,a15edd2c-08cb-44fc-81cd-ab493e8364d6,-21,0,-1.8082687178601156,0.49589217238047
18099938-9227-48ed-97a9-5b6ab41e1165,2023,2023-01-21,bab73e4f-6d77-4aa0-8c6f-347009c2283e,4a3968bb-0d67-41c6-af5f-7ac59ae5cc3d,6,1,7.470859847112816,0.7337627088790668
1897b909-5d6f-4ca7-afef-c0a838e1d282,2023,2023-01-21,b847237b-f1fa-48c8-a618-17553efdc228,38a65109-33be-44a5-928b-459db9d9dbc7,-3,0,-2.6327981272042376,0.37201752348948786
26bc459c-d05c-4fab-b58f-a4fbf4a37e60,2023,2023-01-21,eefb221a-cb2c-47a8-a13d-1f008fc6a8a0,4a1337bf-77da-4acc-8a27-5f6ee2d1db60,-4,0,4.68779899196229,0.6910536773103824
27cefcd6-ff6e-43ab-8f57-4761df9c04fd,2023,2023-01-21,bce5e657-8430-4508-b956-64ed47e82de9,2ff94ca5-2417-420a-b20f-387ca6793769,1,1,5.235931361607463,0.6786578915479504
2a20eebc-370a-4a28-b618-9e38c80bbf79,2023,2023-01-21,db9252c1-9697-4f77-b192-93b1badf442b,d5e2b5fa-8cb9-45b6-a822-4e64c46bc8fd,-8,0,-13.13729632173693,0.08562860188145564
32e84cf3-1c1a-4cab-a3f3-896c82854d39,2023,2023-01-21,fe1d1802-ae97-4c4b-8c1a-aef0cb3c5646,bf2aafb4-bbb6-476f-acfd-8793128f565c,-8,0,-0.33482981076937635,0.5115846567864597
337350ba-3326-445a-9ee7-85a992949b87,2023,2023-01-21,143599fb-b821-43e4-b0ee-2f6e521ddb11,96babb60-08c6-42a2-becc-a075a465dcc3,-9,0,-6.41754167436744,0.32107016718832293
348cf7f7-22ea-4f8c-a1cc-13dae0e2829c,2023,2023-01-21,6aa9d05e-84b3-4e72-815b-fe3dd02b1e03,b6c50d53-e53e-42aa-8c2e-1297e733737d,18,1,14.172922033077628,0.9366593017907773
36e0f135-fa7a-401a-a44b-abb55efec681,2023,2023-01-21,65974f84-3069-4f25-8f4b-7ccb79790430,bb82a5ec-96c1-460b-a414-50e0d2b6b1a4,3,1,3.150897020405428,0.6344304453498295
376c8799-6683-4253-821e-e29c81570f3d,2023,2023-01-21,d680033e-5d87-4349-8622-dcce2bc0559c,e823a53e-c3a4-40d9-b40a-4d7eac69e962,-9,0,-8.629341497191591,0.20045823142790845
3b03cc67-892a-4385-baa0-9b9a364be0cd,2023,2023-01-21,a2362a90-be36-417a-ba1f-0cd8ca99ef80,1a2c070a-303f-434e-a50d-c98ad9d9f88d,-4,0,5.511449293448936,0.7397137424970788
3ce5580e-16ce-4f22-91d6-d0d57da7575f,2023,2023-01-21,0d002e4e-eb5e-4b77-9116-89839d4f537f,89150efa-06a3-4a88-82d3-26b3797ada35,-6,0,-2.1365976225248677,0.3699323516991393
3fa1c4d5-2c50-4425-bbc7-924108f1c988,2023,2023-01-21,9d09ebd0-f5e4-4022-b315-aa3719219b6a,ab66209f-04c2-4600-99c8-cc177f001266,-9,0,-1.8437757568397348,0.41458467628816553
44d6eebc-2197-46e9-a06d-3c74d45280fb,2023,2023-01-21,05300c53-1c99-44fc-894f-5d062cc9254d,247817ad-6065-4e8a-80e7-26c838de4153,11,1,10.550031856914682,0.8679343127831294
45a1bc57-54a7-4802-9a94-f1b4a4414df1,2023,2023-01-21,a81b1489-4c0f-4a3d-bfe8-a9efcdb13d79,9cc36a7f-4ac0-4523-b7cb-99b33fd2fb4f,-21,0,-13.31854378668584,0.06613431187188598
460c1f58-a83f-4ae9-85e4-01400499b090,2023,2023-01-21,0939b5e1-8421-4924-a8b9-9846ca06f2fb,6bcb5e3d-9b4c-41f9-86b6-1f44432462b3,-3,0,-4.180516488912834,0.33086693555446894
46b61aa2-93cf-428d-8170-800f553d209a,2023,2023-01-21,aab3630e-9c8d-453f-b0c8-afdfe71a5d3c,4fbf8f67-3961-4bf4-90b3-56c201b1283f,1,1,13.906769418192908,0.9300071282835166
4aeeb6d7-70ef-4931-928e-9202a3c8788a,2023,2023-01-21,2a391736-2322-4864-894e-4856c2d517d7,f4fab986-a169-4f78-8a7b-6be149e86c10,-7,0,5.169377231489347,0.6947396639482315
4b0ab43c-9e4f-46b4-b61f-5cdca6e4d86c,2023,2023-01-21,4ae8be32-616f-4721-85c4-1e22239e7db8,f6d79bbf-f8fa-4aad-8a37-6172d43ea482,-3,0,-2.9043984217247854,0.3557524270049098
4c4bf5a5-145b-4615-adae-b6dbbfe1f1b7,2023,2023-01-21,0d4551fb-d4fc-4659-b14c-fdeba3555569,eed17656-6fec-4cf5-aacf-f932c5b66084,16,1,9.888903061092098,0.8283148446470344
4dc378bb-310b-4abf-95a7-a3c99c627f0e,2023,2023-01-21,6c796971-9e91-4507-a6ad-9699cb1ed2b4,1a879f38-8a98-47b8-9c92-7da920f1562f,-11,0,0.041649906123019186,0.4858204617061322
4fa0b165-d0ee-469b-bd86-bef90cd9fff6,2023,2023-01-21,edd0d0e3-31f0-49f2-a22c-b47c8e8ba9a6,bdb8394a-cc25-448f-a1b9-ef5fe40bb204,24,1,12.677862434210196,0.9225779519438034
51fb2fa5-a8de-4088-adbd-88b64565ef1d,2023,2023-01-21,9cee8aea-80de-46c5-81a8-499fc49acb57,5efbece3-af1d-4f3e-8930-388ee4604cac,12,1,-11.467908201605646,0.11294969428471138
5284b1ae-598e-4392-9464-bb9fdbc0e093,2023,2023-01-21,3d8ed3b6-e3d1-4a7e-b179-fdc92e2640e7,7b423c28-572a-4a7a-982f-3d59e0fb25fe,13,1,10.676215321367689,0.8785071017391697
53f97a31-c8f5-4663-915f-90960ff0415f,2023,2023-01-21,21051f5e-6142-4894-a3a9-09bada612b47,39d71fee-a4e0-4399-8698-547fdb4fb256,-12,0,-13.184508855455078,0.08398772944790694
54ba9ac6-8948-4a6a-b3f3-2151d38367be,2023,2023-01-21,3b586230-34c7-417b-bdcb-3245c5a8de8a,cb921ef9-be3d-4c14-9e83-9926205e601f,29,1,3.6416673124336696,0.6963250966365345
55a38c12-89f5-4ac6-bf92-ba4ae3571ca7,2023,2023-01-21,e44bc5f8-7dc1-4aac-8beb-924a7c5ee465,34002612-3816-4311-b39c-41d24ddcf17f,13,1,-2.000295126859078,0.408529072543236
59232b5b-2732-4e8e-ac90-910d141e760b,2023,2023-01-21,251330f1-c041-4520-b4a3-114f8f6b2ccf,f4f493b9-00c9-48e9-a9c8-934ed203169e,7,1,-2.1701124228586948,0.32767490064774646
5bc246d7-60ac-4f8b-a9aa-4ecf8a28aa13,2023,2023-01-21,105b326b-5a9b-4c89-a5ec-7e020f9e72e9,410b3365-a1a1-4bca-b3fa-52270a02f75c,-8,0,-0.4357071624395941,0.45673264317206
5e76a29e-f4c2-41ac-89b1-febfd5cdf103,2023,2023-01-21,24b5ca48-c4a7-4e8d-8fff-c02904c11b7d,320ba34b-ed3e-49e5-8563-08246b20d1d1,7,1,2.601389361068614,0.589162172198328
6b2605f9-ad18-46f1-bb87-5106643899ef,2023,2023-01-21,0b94d899-a6a7-4449-b626-07126971cd67,05dbf7f3-9fc5-4818-bf47-490e1f7c7186,-10,0,-11.184248061632932,0.1117826056907469
6f667a63-0f15-4309-8ad5-e2f5af987790,2023,2023-01-21,e0accbcd-bd68-4bc0-a2a3-3c32753815b5,88205ce6-ad31-4ffb-998c-fb9164c40dea,-17,0,2.8960552576901284,0.6358763694200557
72321796-da2c-4a15-a6da-eb58a3a7a205,2023,2023-01-21,ad6b613a-f36b-446f-81a7-6095bcf8a45a,d5e139fa-05e7-4c6e-b083-5261fa76ee6f,-23,0,6.000665093842981,0.7893091019448942
760472bf-a5d1-431c-8758-d45c90418c5f,2023,2023-01-21,5b25de37-34c7-4ebb-a149-b0ca3c4ffff6,d20936f6-b751-41b7-a241-c75beb459360,1,1,-1.7222649795604257,0.4931396914805571
7812ca3a-27cd-462b-9868-bc9d23717c94,2023,2023-01-21,805b30dd-e009-4031-8968-ef4d8bbf928b,c79c0f1c-2685-4621-a2d2-476af53195cb,12,1,11.024873717465882,0.9083562700218387
786b2275-9c53-4933-bfac-b7d3965f5047,2023,2023-01-21,97cd7805-e5a7-4739-97dd-116010ceb9af,a5600159-b71d-473b-92bc-8f7ab08f897b,8,1,0.7725873123129053,0.587025528623782
7a2a813b-2808-4758-961e-01416c49d250,2023,2023-01-21,23328a3b-6bde-4b61-960d-5c45fab4d16a,7a193c3e-c732-47d4-b893-cc0c575ff431,1,1,4.37493854952242,0.7005594125253465
7c2d2a04-4318-4c23-904f-5f49a2509b21,2023,2023-01-21,d1838999-77de-4a4f-9d66-e6071f5a079f,88471167-5c0d-4477-bf1c-b50a9fa96a10,3,1,18.286196532420806,0.9830818925956618
7cd0d067-0ff4-4f99-95a1-0832f7498b92,2023,2023-01-21,894f397c-9c66-43c1-9223-fd405e35b0f8,0112fa43-c6c9-4c88-be78-7e0818374d56,12,1,-1.040680399129457,0.4280384369078944
851dff9b-c3ce-415b-8e83-7564b878a18a,2023,2023-01-21,11c420a2-9004-49a5-8268-6683a741a32e,b462e428-f59b-4465-b793-4cef6f10cf66,-7,0,2.376176338339759,0.5863376901883851
8622b3f1-bff9-47f3-8f86-0ab2bc638a94,2023,2023-01-21,d6ec4d5f-7d79-4064-be14-71636bf66d75,15d2579a-33fd-4772-9d78-e929a093bd79,-21,0,-3.8859936686552308,0.316068457449817
86a0fc97-3f62-4faa-9d70-6bc535d0835c,2023,2023-01-21,170f63c1-c0da-4464-9352-7a33c5e2b3eb,e81d4510-e1ee-4dbf-9b00-28fe6eedbfb4,-8,0,-10.296660209378457,0.1012105090712615
8aeda92b-a684-4429-bd86-f2fe120f78a0,2023,2023-01-21,1e95b7a8-8a2d-4c93-bd01-79b311a80f40,0e5ca5e6-5ea7-44a7-8587-b4c7834a4c52,6,1,6.554913633820663,0.8024175980969995
8c0ffc6d-e597-4aba-8dca-6ea8ab8fe4db,2023,2023-01-21,f62a4b7d-6f85-4607-a748-854c9b8c0c5d,9a193882-d061-4d9a-b1d1-da7a483f7cf6,32,1,8.384954697308151,0.8230288703651958
8cf39d8e-8dcb-4708-a6d3-85c470bc259f,2023,2023-01-21,fc62dc2f-7404-4a85-b1d6-49d5135283a3,3016ba37-71e2-4de3-bc39-86d07a8a3e44,-2,0,7.434320235137132,0.8059588025411862
8eb7d138-9c34-4777-9c0c-7fd92a441056,2023,2023-01-21,11018b71-58b8-48c1-aafe-d3f42d4dc4b9,e5fb9be0-e310-42a1-9744-47b3878c37eb,15,1,12.19000864371332,0.8951928055288054
91aaa223-c0d2-4920-803a-02ebc3602af5,2023,2023-01-21,957c8e2e-1939-4c65-af04-df116ac4086d,0621d617-e31d-4e1e-a043-a11af2f706de,1,1,0.9329512611114354,0.5559264492868837
91b9e30d-5bb3-4d85-98d7-16fd3207e302,2023,2023-01-21,eaaf67e1-30a6-41ca-a400-906b86d42a58,6d0447fe-c13a-4ab3-b46e-cc2a08eb057e,-2,0,4.59141015563337,0.6485034815015246
93155d1a-e9d3-49ef-9821-3453677af0a2,2023,2023-01-21,22641200-31a8-4bc1-9df0-8a3393139dde,1e86acec-a854-405d-a4cc-d096ee03f22c,11,1,12.656908108451569,0.9162962308301166
961e5d33-bd68-4ca2-9985-5833d5f04c64,2023,2023-01-21,888089ca-9632-4e33-856f-b210b1d946cb,c88614c4-bad0-48db-990c-90a3243c3734,13,1,18.674487669800946,0.9791854479399864
96289607-9da0-4226-ab7f-74fc5377eabd,2023,2023-01-21,80cec103-b3b1-4978-9b4a-f1ad161630fd,77dbd2b6-8c48-42cf-9cfc-6fffa07402bc,-14,0,3.292110513151116,0.7009256274334306
98e324f8-a450-46b0-8e6f-9ec0b33effd4,2023,2023-01-21,d6fb85c8-3e1a-4375-a5a6-b293e672533e,9226a51e-74e7-48ed-9e95-6890a182148d,3,1,-6.656069972418951,0.28609079883023913
9a883d8d-9acf-442d-bd47-588660e27932,2023,2023-01-21,4763d2f0-5ee2-4763-8617-946f08bac925,ca0af9b0-0073-4e1c-baf8-a15069168abc,-31,0,-8.42980077512329,0.1853684668949804
9c04d0fa-6b88-4e3c-b839-5cb41588a999,2023,2023-01-21,cbb7e0c8-4326-453b-9357-a01df1076809,389dc2a8-706f-48c0-8579-33b1857c38b4,-11,0,-0.5947766868971442,0.456214462054504
9c3ffc5f-9c7e-44cf-81fd-9171aeb56bdc,2023,2023-01-21,8b6e9436-9398-4b24-b6a4-24bba0c8eac3,175f9186-422d-479c-a771-d9f218a1a87b,10,1,11.881866547492582,0.9093491321889211
9f34d6aa-563f-4509-99f5-3de826ddea93,2023,2023-01-21,e22f605d-41f6-4e5c-915a-987ad0c44569,bc1a0cad-570c-477b-93fb-2050c0e2f9aa,4,1,8.544904112240937,0.8400791504198537
a4725530-ef9b-4bea-832d-1ce0e68106b4,2023,2023-01-21,090a9b59-4e95-410c-b5f9-c4d63d9caea8,71bfb11f-a38d-45a5-914a-5006c7417da4,-12,0,-10.451638285253503,0.14820146241094487
a4884627-f1fc-4833-a6e5-e5928c876662,2023,2023-01-21,9874a1c9-7e78-46e4-8d3e-6fce94e7046c,fa0efad2-ee60-463a-a297-fb45c393e624,16,1,4.033659548410142,0.6841020035148553
a4e2dcd2-59ee-4538-9f4f-e4a3e1f0cade,2023,2023-01-21,ef80c085-db7d-4b36-8fd0-13ac9be0099c,f7352462-5710-45c3-bd64-969e67428b1f,13,1,-7.108223159580436,0.2326792618478238
a5057fad-4407-40de-a79a-8078e647946b,2023,2023-01-21,e10bd2a0-5b84-4d41-a1ef-08b801a04039,f6ffbdfc-4780-4966-b75f-aa6ff30a7928,2,1,5.262867529619392,0.737015513837355
ac1a8bdb-1491-4839-a0dc-0475d7261a1c,2023,2023-01-21,3950a3d3-d1b1-4dd9-bf4b-2356ed344246,40fe605d-085b-468f-aec2-614432798d3f,-16,0,2.0799114109052437,0.6339470668710404
ae665bac-11fe-4c9f-9b41-e95b9df8330f,2023,2023-01-21,ef3cd1ae-ef09-458c-a751-658436d5dfbd,b034bc0b-a11f-4e43-b372-127640b1d5b0,20,1,9.90391448281041,0.8177757704430181
ae874d5a-c13f-4345-930b-9138ff3068a6,2023,2023-01-21,3ad98900-f406-42a6-b9c7-7a2d3f0a9867,effe733a-ab00-44c0-ba8a-c389badc7014,19,1,18.192145171548905,0.9595780158423318
b18e7ed3-a117-4f19-a21c-7a88c13e4aba,2023,2023-01-21,6ddd1347-422a-42ab-8c8e-fd5c9b4e78f1,762cc817-6e37-4650-89d1-6bff265dd1b3,10,1,1.2889547907737855,0.5946094813892898
b74f20ec-cf5e-43db-bd45-a9a04f4c37af,2023,2023-01-21,f14e71df-6c53-4abe-b789-c0d73a44b276,d3246ba0-2060-4e3f-addf-f8704b79380e,21,1,0.8164541536971704,0.5111443478719908
ba50a559-3988-421b-85b4-87a5999f7411,2023,2023-01-21,bfd30209-fc33-44e7-a4be-7d2be91b2842,173a69ab-4f3c-453a-a1cc-8b83c0ee2b49,2,1,3.6962741165197324,0.6528543887370466
bccc12e9-971e-4346-955a-b278d39679ec,2023,2023-01-21,b0eb9a16-e704-4784-bc96-af277fccf122,3c7653b4-ff75-43ce-b3db-0654e938bcd3,-2,0,-2.306689462362781,0.3757568700561256
bfffc0a0-611d-4ab2-bd5f-22ba9d710663,2023,2023-01-21,599c2f7f-3472-4f93-9807-39b33c575236,c84adc87-6cd7-4df0-9245-59fa829300e4,-2,0,6.9459197220916025,0.7698981830768167
c2f582ce-5064-4dd2-8392-c1c71f652194,2023,2023-01-21,d1f5a19f-6263-4ac7-9ceb-e1339595db2f,9cf58c59-1075-457a-b79e-942b453b75d1,-12,0,1.2749057033748372,0.4876898132989541
c4e3ac96-3427-4a52-b531-22d60d6400a5,2023,2023-01-21,393745fb-1951-4506-ba94-c10dcd66ee50,61442116-53fe-4490-9f2a-17aad40fb68b,-10,0,5.352369662797176,0.7923700063734658
c5e7545a-5670-44aa-b347-1cb391431a4c,2023,2023-01-21,9988778e-cc80-4486-aad5-9ebdf21f2965,718dfd9d-59ef-415b-875a-8c861f6adb33,13,1,6.93648726330974,0.7831269442326481
ceec1c2f-0edb-43dc-8299-93adeb954cbc,2023,2023-01-21,01325ccf-0551-472d-a463-55f692a5e50c,ec3ac254-d13e-4b51-95ee-389447c70400,-8,0,2.8660236232073557,0.611413755456812
d07998a8-0156-4904-8ebf-9e0e419c6966,2023,2023-01-21,6748ba88-58dc-4e41-b3b3-d8df2c4a3c4e,d7828b57-33e4-4922-bfdd-4780151816ed,-2,0,-0.25883768696107184,0.5644352108966776
d70bd4d9-af5a-487e-89b3-0e00c5cc0b24,2023,2023-01-21,588cf783-9153-4586-adb0-8eb7fb71d013,61c096bd-3b5f-48c1-9f04-b18693a77cc0,7,1,0.7445534326704861,0.4428717721298812
d7b24037-6a40-4b5b-a4c3-26e744ef58b5,2023,2023-01-21,f0c6c56b-f155-45b4-bed7-e886af6e82f6,5bd87308-1027-4aba-a8ef-970bf8e9ac0e,15,1,7.283730602855507,0.7581301991822016
d9138e3f-f871-4df6-87f0-11e31fe58ba5,2023,2023-01-21,29613880-f1b8-40b8-a09f-a825765c5e40,2f8127bf-68b4-4cd4-bb81-d18b7f461cba,-17,0,-1.8141064758040522,0.47915139725014116
daea1bac-e51f-4ba6-b0d6-29c37129b469,2023,2023-01-21,712e6366-f137-4f9f-a647-831a2797543e,c9739eef-f828-47a4-bcc0-548844cff9d5,-17,0,4.468260175211944,0.682318444226423
dbde2a97-6cc0-452f-abfa-841884fae646,2023,2023-01-21,325c1fce-e70b-481c-bc59-315b7defd4ad,7e4e4039-a37d-4b42-80aa-0fc18e241eff,13,1,6.256537159215972,0.7411070228863266
e04887d7-109f-4981-9664-8551a7e018c6,2023,2023-01-21,9c1c5097-7168-4529-8378-8f68f206bd9f,d4ca3878-1113-45b1-abbe-5a9a3c7c5430,2,1,6.45377920201913,0.7263070614849757
e279428f-8244-4ae2-99bc-c51352740876,2023,2023-01-21,8a231892-e40c-466f-9e2a-016a3433fda0,fba06d20-1fc1-45f5-b731-d3ad36f309ec,12,1,5.924540607426767,0.6945070519308957
e6e33fcf-f578-4897-a824-f7b980678333,2023,2023-01-21,34668727-07c8-40ea-adb6-3541d9d7f32c,348c253f-b663-454e-9b7d-051280f46334,-2,0,-1.5988743019714262,0.5143657216697862
e906606b-54b4-4921-a544-23930c745818,2023,2023-01-21,127a96c4-6d95-4519-ae56-77c271aeea23,e198833b-92f3-4fa3-a2cd-82f04ec7e0c3,11,1,3.3376379004316785,0.6476546441195726
ea418d93-7566-45cb-b5b6-28943d804f3e,2023,2023-01-21,89023aa7-6034-4d33-96dd-3566c7afc79f,7b4d1f71-de6c-49c1-a95c-de84c4aa46a5,10,1,5.1693917376788034,0.7096050202559969
ee6f6c69-be9b-48e5-bc8c-20e1dfa964e8,2023,2023-01-21,814a38f7-2f64-498d-b6d6-a9ae4df96850,1c48e10a-5d97-4c46-8f8b-4217683da26a,-11,0,-8.119195673855419,0.21268138463795536
f160f394-2559-4fea-96e3-a2a6cb80f4f1,2023,2023-01-21,7dfad569-05d6-43d5-8f47-defff4a50649,a1fb658f-49be-4887-a725-48a42276ac48,15,1,8.658971444982596,0.830164926233318
f3127934-fe93-4170-9b89-f8929a45bf28,2023,2023-01-21,bea9ec66-e41d-4afe-aa79-8a5b0f020811,16e5ce2f-bdd7-49bd-a906-9aeaef0ffa08,20,1,5.84220565124219,0.736035859010246
fb28ca7b-239b-4ee8-a478-3b95ec845fc1,2023,2023-01-21,40d1c23d-da10-4e19-8a9f-d69e48e05c30,41088861-2288-4681-9b1c-b52f63527faf,-9,0,-13.42795088051889,0.10635623398699011
feb0873a-0f49-46bc-8fbf-7da4e374cb3f,2023,2023-01-21,afebdb69-0f48-47d1-ac8e-740bb58c993e,ed26e9f2-0346-429e-8084-a40c091454e8,19,1,10.359447440085312,0.8888469721833782
0183b98e-fc46-450a-b983-0fdcaf0d7fa6,2023,2023-01-22,067fed65-5ce6-4ac2-b769-11805417f5ce,ec764a7a-bdf2-49ba-9830-7408ea7f453b,-10,0,6.928389660652866,0.7950867111653455
15c972aa-5df0-4e3b-a4eb-eb1790f5bdea,2023,2023-01-22,ff27601d-133f-4abc-a42e-f55d4f497bb0,218250de-64b1-4e7a-9b64-e426441584e4,2,1,9.326340968306834,0.8494681553633836
15f71704-fdec-4957-ac08-427990e19254,2023,2023-01-22,81937a80-a7e9-4025-9c21-2ed38625cdae,5fa1ed7d-157b-491b-9384-66ab06dfeefb,16,1,14.904132749213016,0.9088198693799051
1f93dc14-dcc6-435d-a93a-598bd99bc27e,2023,2023-01-22,c21e5ab2-08dc-48f9-b923-9526ce89d623,8681e6eb-5cf9-45d5-b215-af3a54ebc784,-2,0,-0.4339110941209989,0.4631156937677818
3421c812-8197-493e-8978-ca37886c62de,2023,2023-01-22,8b7efe80-a558-4a31-90d4-b59ad2ffdcac,43c4f9a5-d6d5-4dd2-bfac-0bd3adaf79f7,30,1,22.746133286063756,0.9885265478951235
3beb8b8c-8151-4874-82e2-1eb02a171058,2023,2023-01-22,ba34e76d-5905-4b7b-9c5c-9e014d969c91,d92b9143-ae83-4c94-b9c3-d1cbae1b7565,-14,0,-7.592405204952031,0.30562126103775905
4eba462a-1ef8-4864-9550-41040930cd2f,2023,2023-01-22,4a6135ce-718a-497f-924d-23f4797243ee,324a87d8-6e5f-4df1-adea-5c7c07bc3880,19,1,8.756108199988748,0.8184349899620085
52cbb050-2b87-4f93-9e6e-570f6f80caeb,2023,2023-01-22,b4194217-55eb-45bb-b105-160e06f0b625,14e4e2ac-f90d-419d-9b14-9a9e3ba13b59,-20,0,-1.4538062307941941,0.49854549112380947
6a4b9887-1e32-47de-89d5-557b141aaffc,2023,2023-01-22,21bdd018-a21f-44da-982a-98efb6d24ca1,e145a47f-597f-46fe-b58d-64dae192efc0,5,1,7.177145733321845,0.7895167157011324
79da7099-7afa-4e4a-8798-a2ec34bf6a80,2023,2023-01-22,3fb4c1d4-021b-4e64-a997-b47421257d4c,892bcbe8-a66c-4c57-88ed-c82e0c13706e,4,1,0.25556733945956245,0.520419052900006
9330d273-c0f5-475b-8a74-e82f5066ef27,2023,2023-01-22,54b6e673-584f-4030-af7d-052c75277798,20fdaaba-bd75-4d6e-bf13-299d2f1704ef,-8,0,-5.210575818316844,0.3328329839215277
9f0b3263-837a-4c40-a9ca-83a6fc7a5b9e,2023,2023-01-22,9f8c4a3a-10fc-427b-a3b9-f54bcc243010,66ad8504-16f3-4990-9abd-ff1e776dfb86,-2,0,1.6911623534462945,0.5650892968591131
af5034f9-e1b3-44a9-aa2c-5b89b6b467e6,2023,2023-01-22,cd2892b0-c423-4723-86bc-3988015a8015,27a2a3c7-c672-4a2e-8381-bf31d528c0d0,3,1,6.591297866624854,0.7607105726629014
b433885f-8ace-490b-8903-dea5a7252482,2023,2023-01-22,fc903652-4ae3-4b36-82b8-fea6345f3b2e,407f6796-76ab-4c28-8f30-cebbfbe534dc,21,1,5.256417779478354,0.7430505175568773
b7567db8-f6ff-447c-bf93-8a114e190ad0,2023,2023-01-22,c8e7388d-5a50-447b-ade8-addcc758d8dd,06ef3673-5d7a-4701-aed9-726aa07838e4,-1,0,18.475717708151702,0.9620577230508323
cc8d2081-742a-4163-90c4-41c0f8fd155f,2023,2023-01-22,cdc199b7-a710-4c11-a6e7-2384b399c06b,b349d38b-bc08-42d6-bf21-e6c826c45b62,13,1,0.47087051081243386,0.539373973145118
d025baec-ae96-4e9d-be88-a8dbf390e924,2023,2023-01-22,d19262e6-6584-4276-9fb9-d5690c3ca053,60cca73c-a30b-4fec-8cc0-a18b3dde7312,4,1,17.427754218689454,0.9609669616198162
ded7cc91-3b61-44e4-a4c7-72a89ef6633c,2023,2023-01-22,07ca1d8d-4805-44f2-90ed-b18eedfd097b,92e2201e-4d6b-48b2-b40f-1980a5b48c0e,-16,0,-6.583596199172643,0.2219419476133389
f14fc44d-55dc-42ce-81f0-5fdf7807cd8a,2023,2023-01-22,f16d5827-0b65-4b48-bd2d-584314873b9d,c6e998ac-727a-42d2-a2d4-0e7c854dd383,3,1,-0.5761365786312381,0.49219640165057404
fc12ba7a-30a2-4154-a163-0efc94b415ac,2023,2023-01-22,4ba5494d-a428-4c7e-92a2-fa5f8a096b3e,1f74189d-a265-4a43-9a13-b26dc844746e,10,1,5.203680172595335,0.6605567538253609
1536d3b8-1592-4c93-8fb2-472b540aa965,2023,2023-01-23,5b25de37-34c7-4ebb-a149-b0ca3c4ffff6,1a879f38-8a98-47b8-9c92-7da920f1562f,-6,0,-3.7342759446245264,0.30230269438029667
3d19c3ea-b0d9-4672-b6ca-a94981880496,2023,2023-01-23,81ba36f8-a53b-4696-8877-2e9bb161598a,0ac20cc2-e801-4648-8850-2fde30c2def5,3,1,3.094967709629148,0.6457105930503051
4d76c329-21cd-4486-9ec9-4e16d17deaa5,2023,2023-01-23,8b6e9436-9398-4b24-b6a4-24bba0c8eac3,bc1a0cad-570c-477b-93fb-2050c0e2f9aa,8,1,11.696105871047276,0.9108724490058187
58f550e8-bc21-49fa-8e57-835f53a7fabe,2023,2023-01-23,cf67c587-9808-4deb-9419-41a1a58f81f0,bfe08930-1826-481a-bc46-217ae918d0c6,-1,0,11.096167738080943,0.8721465904769462
692af273-88a9-439b-819a-73cdc407c687,2023,2023-01-23,58fab53e-62a1-4e7b-acbc-71e06102931a,35329519-6dde-40e0-b790-2b49aca6673a,-4,0,2.4923785126970137,0.6012724200833477
786032f5-0b4c-4115-a62b-b72c286b9040,2023,2023-01-23,71bfb11f-a38d-45a5-914a-5006c7417da4,d42bc01b-0728-409e-8ce3-c205d30493c1,-9,0,7.815309084028086,0.8029084876799731
84c2784e-6f5d-4865-ad2d-7764791ed2b7,2023,2023-01-23,3c7653b4-ff75-43ce-b3db-0654e938bcd3,ad6b613a-f36b-446f-81a7-6095bcf8a45a,6,1,0.8297194600077957,0.5339666739585105
a00cf715-5f28-46d7-a0cd-56eadb678252,2023,2023-01-23,9c36dca1-e045-4592-9000-60f62b244bf1,320ba34b-ed3e-49e5-8563-08246b20d1d1,-14,0,1.0337320833904555,0.57275955938408
a07866d7-c576-4287-b101-9114cddeec66,2023,2023-01-23,7a193c3e-c732-47d4-b893-cc0c575ff431,bfd30209-fc33-44e7-a4be-7d2be91b2842,3,1,-4.864394913836314,0.33739785057244714
a6c08b21-c5af-4a1f-ba51-1a493fb0de6a,2023,2023-01-23,93759732-e117-45b2-a99f-f09b689de84c,66f42ce4-3183-445f-b7db-b673bfb1fe7b,3,1,-2.57833462045307,0.40303124415746383
adac6a0f-8119-4f64-a133-81dcfab5df10,2023,2023-01-23,e1e53055-037a-4acb-82e9-552f8abd6635,aab3630e-9c8d-453f-b0c8-afdfe71a5d3c,-13,0,-7.665838222432171,0.2716559193227157
b6435689-308a-4374-8a24-07189b29c3aa,2023,2023-01-23,9a193882-d061-4d9a-b1d1-da7a483f7cf6,ca0af9b0-0073-4e1c-baf8-a15069168abc,6,1,-6.596145742701166,0.29769956431104616
babebb56-dc85-4405-b394-98d708de3f35,2023,2023-01-23,6c796971-9e91-4507-a6ad-9699cb1ed2b4,d20936f6-b751-41b7-a241-c75beb459360,8,1,1.134698440970825,0.5905159030121124
c8d54fb2-2451-4ebe-bcfa-3ddccc1ea51d,2023,2023-01-23,24b5ca48-c4a7-4e8d-8fff-c02904c11b7d,958592fd-5c16-45ff-90b4-3242687743e9,-7,0,-2.564689384853408,0.35922609486540963
cb53142f-b39e-4732-b520-9ccb1f8d13dd,2023,2023-01-23,e22f605d-41f6-4e5c-915a-987ad0c44569,175f9186-422d-479c-a771-d9f218a1a87b,1,1,7.710117482614081,0.8080379079460109
df8d3200-fdde-4c80-b296-7bcc73d1de6d,2023,2023-01-23,75ed6a75-4599-4fee-816b-ed729babf81b,030a591c-8164-4635-bb33-29a4c98e0b5b,-24,0,-22.226815717565582,0.048412481839650995
ebb2dd63-8b7f-4074-a903-a3ffd73d3f12,2023,2023-01-23,b1119bba-a47a-41ed-adea-9967a72cf21d,21051f5e-6142-4894-a3a9-09bada612b47,12,1,-0.7271066771379321,0.467421435883945
ece677ff-36de-4a55-99cf-7f62b31ef9f3,2023,2023-01-23,f62a4b7d-6f85-4607-a748-854c9b8c0c5d,4763d2f0-5ee2-4763-8617-946f08bac925,14,1,10.297401219085623,0.8356265574045256
1a6fdf92-7a6e-4ea7-a04d-d6a7c529a2ec,2023,2023-01-24,2ff94ca5-2417-420a-b20f-387ca6793769,0b94d899-a6a7-4449-b626-07126971cd67,30,1,9.04602349962384,0.8073608448974994
260c5ff1-5bcb-4796-a20e-8e6484bcc46c,2023,2023-01-24,c9739eef-f828-47a4-bcc0-548844cff9d5,127a96c4-6d95-4519-ae56-77c271aeea23,-4,0,-6.649771963969069,0.23466182788959844
3f5b3cf3-1bea-4490-b484-80bba0da4677,2023,2023-01-24,4b5bb58e-38b5-4132-b2e0-876169cd4017,a81b1489-4c0f-4a3d-bfe8-a9efcdb13d79,20,1,13.050943041986502,0.928313275450786
52f2673b-8965-4046-a9f7-d5e59de9a5a8,2023,2023-01-24,015de200-e75d-4f5c-b26f-60089691f965,07960f6e-9ad4-45bb-82bd-06f477a011e3,10,1,12.730665639677317,0.8959388944194263
5345b4f0-7aef-4e0e-985c-84ce22592800,2023,2023-01-24,d5e139fa-05e7-4c6e-b083-5261fa76ee6f,b0eb9a16-e704-4784-bc96-af277fccf122,27,1,4.590720621100879,0.6903754370992343
55330472-482d-4e91-9b80-2ece094160d1,2023,2023-01-24,ec3ac254-d13e-4b51-95ee-389447c70400,e10bd2a0-5b84-4d41-a1ef-08b801a04039,14,1,6.676157827062045,0.7406117929392493
6732583f-ad2c-494b-b14a-214ae55c5126,2023,2023-01-24,9c773261-49b7-48c8-816e-3e3260997d71,a35d0124-2cd2-46ab-b613-2438a97b6ddd,5,1,17.151385981125163,0.9696749550956106
6d41974b-8872-492c-b6b4-430f3c5ea9a3,2023,2023-01-24,aecccfce-5e00-489e-87e1-2622303b6120,cb08f172-db74-448e-aaf2-80d96b32bed4,10,1,8.986482062043123,0.7943958505889521
7e2a6a87-8813-4646-ae54-7c5c4b57be75,2023,2023-01-24,611e61cb-eec0-4487-b0c1-1ea8cdba0762,11c41163-ceed-438b-bc9e-333b60a36e6b,-12,0,-2.918235268734705,0.43057918862224864
964994dd-93fa-4aaa-aff1-6c4b98ab87ab,2023,2023-01-24,f6d79bbf-f8fa-4aad-8a37-6172d43ea482,bc48226a-5e03-49d2-aa5a-550081373e7c,-16,0,-6.672654551244612,0.29983726033973596
9f4fa568-1580-4e0e-ac41-2a8c809cfe25,2023,2023-01-24,a757dae2-f596-4065-9e29-b365b91af590,db9252c1-9697-4f77-b192-93b1badf442b,12,1,16.342554380886508,0.9615574305922251
a4fd3d78-9d1a-46c5-8742-230e6614a045,2023,2023-01-24,c88614c4-bad0-48db-990c-90a3243c3734,247817ad-6065-4e8a-80e7-26c838de4153,5,1,-0.8846673431466485,0.5009623714144946
bdce4c9b-29da-4a87-b808-af35ce9ad0d3,2023,2023-01-24,be0c2be1-019f-4c49-9ef1-92f53c9c23b0,89023aa7-6034-4d33-96dd-3566c7afc79f,-22,0,-2.1845538285522075,0.4055457425543319
c177718f-7afb-4140-9b12-2a7f2b3cacee,2023,2023-01-24,e198833b-92f3-4fa3-a2cd-82f04ec7e0c3,d1f5a19f-6263-4ac7-9ceb-e1339595db2f,3,1,8.938405599258788,0.8021460279422444
c2e455ea-329b-4dc0-a10f-43578b0a2936,2023,2023-01-24,e4d1f824-05c1-46d2-a96e-fd3dba7ac334,9874a1c9-7e78-46e4-8d3e-6fce94e7046c,9,1,4.18835240204029,0.6707105027114489
ccfaf2b6-d6c6-476b-82f2-05454939a8f0,2023,2023-01-24,45f03492-2831-493f-8176-63dfae6670de,208232bc-9495-4351-b34b-874117e7ab9b,-26,0,4.430952714259404,0.6476387284072355
dfcf88c3-143f-4116-a948-c31ba0dd2dfb,2023,2023-01-24,23328a3b-6bde-4b61-960d-5c45fab4d16a,712e6366-f137-4f9f-a647-831a2797543e,21,1,9.079897992433045,0.828252309084081
f8d1fcce-d359-442d-b1c6-5b7b009563dd,2023,2023-01-24,4a1337bf-77da-4acc-8a27-5f6ee2d1db60,f51695f1-a8ee-4f8c-b518-879ffe6b0dca,4,1,7.492491589387114,0.7789664939359984
0423b9e7-0408-4c94-82f8-6dd2167d850a,2023,2023-01-25,5fa1ed7d-157b-491b-9384-66ab06dfeefb,dd027a18-2cb5-45a3-a0ce-f3f9eb7bde2e,4,1,-1.6524635248555353,0.43388734524991524
11833b42-df40-43e8-8e91-004c6407300e,2023,2023-01-25,f4fab986-a169-4f78-8a7b-6be149e86c10,48e9401c-d41f-4f19-9358-0f41a8d74ea5,-6,0,-0.976874524881473,0.4567911330549271
24189967-812b-4a00-b636-03d7a8633f20,2023,2023-01-25,16e5ce2f-bdd7-49bd-a906-9aeaef0ffa08,090a9b59-4e95-410c-b5f9-c4d63d9caea8,6,1,16.760272974959452,0.9589570129656263
24344832-0ca9-4edf-9212-c10d809213f3,2023,2023-01-25,c20e9648-8980-4cb8-b139-4343f24b2e91,9d09ebd0-f5e4-4022-b315-aa3719219b6a,2,1,3.5845842445173246,0.6637126711672735
354f34fb-be10-4a40-bf3e-e083bfb206fa,2023,2023-01-25,d92b9143-ae83-4c94-b9c3-d1cbae1b7565,bb243294-1aa5-46dd-af42-c3676717c61a,7,1,7.587135373924851,0.7947072783500365
389f2a8a-162f-49a4-9c71-93839651502b,2023,2023-01-25,f408da5d-dcf7-48d6-b4b4-485c6241d6d4,f022d404-14a6-4105-afd2-445afe77bad5,9,1,1.8423572501590746,0.6683366999768924
4261cf26-f870-4c3b-a9c3-9451118a89cd,2023,2023-01-25,75608756-6246-483c-8138-59d3749a8d3d,99bac3ff-1929-4a83-a593-5c1e123a25e6,12,1,4.368265183422906,0.6387801640662012
42765e31-f96b-4f3f-881b-a6bc31fd38c0,2023,2023-01-25,d13063ca-830f-4027-a1e1-7961d39c81fc,cbab480a-8e87-4eb0-ab35-22228c66f68e,8,1,14.27777795730304,0.927982120416156
439d9897-afbc-4778-8175-4602793d66a5,2023,2023-01-25,2a391736-2322-4864-894e-4856c2d517d7,89150efa-06a3-4a88-82d3-26b3797ada35,-17,0,-8.067293852689103,0.22778300933976386
4ba04132-5335-4a7f-9df1-8517ef54e0ec,2023,2023-01-25,043e8015-480a-461d-aae5-6cb149237466,410b3365-a1a1-4bca-b3fa-52270a02f75c,-11,0,7.451372161548438,0.7904517433086337
4f389344-ae31-4cff-beae-90e637ea4537,2023,2023-01-25,f612c81a-f044-496c-871c-5c643a5e8f9d,894f397c-9c66-43c1-9223-fd405e35b0f8,14,1,11.395929777544023,0.8784701089805619
5193a853-75d3-498f-8df3-9dbc8f19cce8,2023,2023-01-25,e5fb9be0-e310-42a1-9744-47b3878c37eb,348c253f-b663-454e-9b7d-051280f46334,-8,0,-5.0462313195430815,0.34351276308205664
653b17ed-b457-4857-b48f-21cef9cde2e7,2023,2023-01-25,9b92c0ff-02a8-49a0-bb79-32eb70b7681d,3b586230-34c7-417b-bdcb-3245c5a8de8a,-8,0,0.9453292337742409,0.5614984412908126
69df3e82-c35a-4066-9b65-03fb08e2506c,2023,2023-01-25,8b7efe80-a558-4a31-90d4-b59ad2ffdcac,888089ca-9632-4e33-856f-b210b1d946cb,-3,0,8.52058209842419,0.8344390962468607
6d1857be-4cd7-42f8-b753-5ade242e76d6,2023,2023-01-25,c238c9de-59e6-4d8d-b9d0-745eb8ec96ab,1cddcec2-cf89-4c5c-9810-d148c368b08a,28,1,11.81474864849104,0.8925139327367326
778c3b2a-2dae-40f6-a8bf-49ab9427071f,2023,2023-01-25,251330f1-c041-4520-b4a3-114f8f6b2ccf,35329519-6dde-40e0-b790-2b49aca6673a,7,1,17.685457348539888,0.9603939569463028
788e26f6-dde3-4248-91af-2b08c5c5b79e,2023,2023-01-25,05300c53-1c99-44fc-894f-5d062cc9254d,43c4f9a5-d6d5-4dd2-bfac-0bd3adaf79f7,21,1,8.624509823885806,0.7968659341056953
789b264a-3dfc-447e-aa0e-ecceb80abe06,2023,2023-01-25,407f6796-76ab-4c28-8f30-cebbfbe534dc,81937a80-a7e9-4025-9c21-2ed38625cdae,-25,0,-12.601392637925288,0.09784903493302366
7f59c0ff-f65f-4482-a2fc-69a927827322,2023,2023-01-25,445a7698-bd20-45f7-9c62-e0ca0057e959,c84adc87-6cd7-4df0-9245-59fa829300e4,-9,0,-11.435025346553141,0.06691308054735183
85a994eb-2cfb-41ca-81d0-45cf63a73306,2023,2023-01-25,60cca73c-a30b-4fec-8cc0-a18b3dde7312,cdc199b7-a710-4c11-a6e7-2384b399c06b,-4,0,-16.70672211932543,0.051979600001015064
8f26a4aa-6385-49e6-8caa-455eaff9dd5c,2023,2023-01-25,8d694562-759b-462a-9766-ac29e999df71,1900d158-6fb0-407f-a2df-6e37a1db2dc3,11,1,4.910622699008954,0.7275234020023027
a4cc99c6-5b5a-4389-8a72-af018fb5bcb2,2023,2023-01-25,fc903652-4ae3-4b36-82b8-fea6345f3b2e,4a6135ce-718a-497f-924d-23f4797243ee,5,1,-7.502685694141765,0.25377539465818355
a6b8e10a-9094-4be1-998c-cb1dfd509b8a,2023,2023-01-25,3950a3d3-d1b1-4dd9-bf4b-2356ed344246,ba34e76d-5905-4b7b-9c5c-9e014d969c91,-5,0,0.4497365984159801,0.5281811146704078
ab3b5d81-3489-411a-aede-54db3d97c150,2023,2023-01-25,06ef3673-5d7a-4701-aed9-726aa07838e4,ef80c085-db7d-4b36-8fd0-13ac9be0099c,3,1,6.08636571125936,0.7894392420542337
afdaa4cf-2784-4101-8d84-c557b56e2b2f,2023,2023-01-25,27a2a3c7-c672-4a2e-8381-bf31d528c0d0,0ac20cc2-e801-4648-8850-2fde30c2def5,18,1,6.884258574957845,0.6977497176252846
aff69e39-288d-49ef-96e1-0d1ff645e9b4,2023,2023-01-25,f7352462-5710-45c3-bd64-969e67428b1f,c8e7388d-5a50-447b-ade8-addcc758d8dd,-11,0,-7.0877885875560995,0.22583289535198847
b10c8582-23ce-4595-917e-7c1380de8580,2023,2023-01-25,9cc36a7f-4ac0-4523-b7cb-99b33fd2fb4f,4ae8be32-616f-4721-85c4-1e22239e7db8,29,1,22.109262914427266,0.9875624534607127
b27ed5f3-0618-4178-9f0e-fb76a120ae36,2023,2023-01-25,c1ddb62d-8103-4ef4-a556-df9238531bdf,40fe605d-085b-468f-aec2-614432798d3f,4,1,8.084179750388202,0.8135899254353616
ba5c36b7-574c-4261-8bc8-40da55622182,2023,2023-01-25,7bf0273c-57aa-4412-be01-e0e08fb7cd81,34668727-07c8-40ea-adb6-3541d9d7f32c,12,1,6.090021502212792,0.7618246833300522
cbafbbe9-ea07-424f-a6a2-3a2ea84cb7f3,2023,2023-01-25,57f7bf85-91b0-433d-b843-94485a520954,105b326b-5a9b-4c89-a5ec-7e020f9e72e9,12,1,21.137024003362924,0.983935691100552
cc791997-8043-42f0-9217-7483cb9a10ab,2023,2023-01-25,8e941979-021a-4b68-ab5b-5ee34fe0e06a,eaaf67e1-30a6-41ca-a400-906b86d42a58,3,1,14.82457416724976,0.9278824397930738
ccf1dbc5-896d-4765-b2de-3c740e026e82,2023,2023-01-25,9cf58c59-1075-457a-b79e-942b453b75d1,526a8e73-78d6-4268-9f89-6f7d90e5dcd3,10,1,8.934634645561525,0.8051497364894281
d1e0bbc0-6f41-4449-8f35-13fe18ddea26,2023,2023-01-25,4fbf8f67-3961-4bf4-90b3-56c201b1283f,0d002e4e-eb5e-4b77-9116-89839d4f537f,2,1,0.16156314980102937,0.4948675766786455
d542b4e2-0949-4b6e-bac5-13dd34aaa1de,2023,2023-01-25,8681e6eb-5cf9-45d5-b215-af3a54ebc784,e39dbea2-e913-4bf0-9407-8ef31b60b82d,-5,0,5.330145796995231,0.7004428260463439
dbbf0316-8ae4-4b78-8d06-25a94d61ed07,2023,2023-01-25,762cc817-6e37-4650-89d1-6bff265dd1b3,01325ccf-0551-472d-a463-55f692a5e50c,-15,0,-1.8310526877598168,0.4628960395446949
dc87b264-c40a-4eb6-8fc4-3a4ff72f0074,2023,2023-01-25,a4574b8e-6d1d-4ed4-a947-b175f74c6387,f7d3e028-cab6-4277-8d9c-799f5bec0712,-16,0,3.6639929585233384,0.6527731129236976
e3a4af64-1711-44c5-9a6a-d0856adacecf,2023,2023-01-25,05dbf7f3-9fc5-4818-bf47-490e1f7c7186,bce5e657-8430-4508-b956-64ed47e82de9,10,1,9.627010842498938,0.8452727320014621
e5d9484b-9bab-4150-b087-7b4a9efca7c9,2023,2023-01-25,bdf949ac-7376-4c1c-b4d1-a2b6d1142a71,fccaf1a2-1439-499c-87a3-1615684518bd,5,1,-10.437455769261542,0.14509124326059034
edceea38-404f-45b9-8a41-6b74df81b94b,2023,2023-01-25,599c2f7f-3472-4f93-9807-39b33c575236,eccdef36-c666-44f9-bd7f-17e4e33e2def,4,1,15.183833001311253,0.9374610767316871
edf0dfb6-7c7c-411e-b46a-936f59f9e9de,2023,2023-01-25,1e86acec-a854-405d-a4cc-d096ee03f22c,81ba36f8-a53b-4696-8877-2e9bb161598a,-15,0,-4.321448876019403,0.3629276629139193
05c2e81c-60dc-4f4b-8ec8-3dde30adb696,2023,2023-01-26,cbb7e0c8-4326-453b-9357-a01df1076809,29613880-f1b8-40b8-a09f-a825765c5e40,6,1,10.952393038129387,0.851032330116168
070bf11c-85ba-4e3c-be1c-410543375671,2023,2023-01-26,143599fb-b821-43e4-b0ee-2f6e521ddb11,a0454954-f558-44d1-812e-59b90041128d,3,1,-0.9133095539697578,0.45637656040512325
079435bb-a92a-4509-ade3-c85fd51ac18a,2023,2023-01-26,77dbd2b6-8c48-42cf-9cfc-6fffa07402bc,07fe7a79-3bd1-41c3-99f8-6c7f857756dd,12,1,12.745666899381364,0.8732992586450223
0bd413ba-89c0-40bb-9c40-2e2dfe69bb42,2023,2023-01-26,00ba2ccc-f972-4423-adaf-34e87d0f5992,5a36a71a-5c48-4f55-a80e-17e194f320ac,9,1,12.466500479081304,0.9321932287808307
0be5c41b-2129-41e2-83f0-b9307d80b08c,2023,2023-01-26,39d71fee-a4e0-4399-8698-547fdb4fb256,a1fb658f-49be-4887-a725-48a42276ac48,41,1,19.387270345317543,0.9852492222597966
0eb278ee-7740-4e03-9407-af8cf138b67d,2023,2023-01-26,3016ba37-71e2-4de3-bc39-86d07a8a3e44,474263db-dab8-4b0d-842a-548132e82b33,3,1,6.571781014785897,0.7777324226488146
1d36fbb3-ee75-4ff2-9d8d-aa0eaee55076,2023,2023-01-26,38a65109-33be-44a5-928b-459db9d9dbc7,11c420a2-9004-49a5-8268-6683a741a32e,13,1,7.709488425936934,0.8168893018807356
2904bcfe-beed-415b-a54b-09382513d7b5,2023,2023-01-26,c3807661-da5f-4ce7-af5a-e086fc56158a,e44bc5f8-7dc1-4aac-8beb-924a7c5ee465,7,1,3.9407040493076453,0.6910714689500138
29e69e46-84bb-4ce9-b127-80be5b4c214a,2023,2023-01-26,88205ce6-ad31-4ffb-998c-fb9164c40dea,bb82a5ec-96c1-460b-a414-50e0d2b6b1a4,1,1,-7.7009448250737575,0.28251313467809336
38ec1d73-46e7-461e-a652-26f34c4b4cb5,2023,2023-01-26,f3eafab2-d52f-4409-b7ab-63598919e46d,f9620376-5493-4730-bf10-8b6480bd3e43,9,1,2.9294898576534028,0.6757998463226537
3fd0a0dc-9e37-48f7-a711-03bf46ef4a54,2023,2023-01-26,eed17656-6fec-4cf5-aacf-f932c5b66084,a155af26-bc09-4c69-9940-efff8f3d15e3,3,1,-1.3164563853377087,0.4591172160343169
46e1ee0c-a1be-4a88-aab5-7b758b2bf8cb,2023,2023-01-26,325c1fce-e70b-481c-bc59-315b7defd4ad,b2a4914d-552d-49ca-818c-4219f9a5baa7,16,1,15.509544915655301,0.9554051345035931
483bbe58-12b8-4d53-869a-22a687c493a0,2023,2023-01-26,bea9ec66-e41d-4afe-aa79-8a5b0f020811,29115cd5-8aba-4a2e-89c9-20f7d87b7051,18,1,21.638358187431766,0.9874516441335837
5a6a96bd-5928-4d6a-9cb4-eeaed851c902,2023,2023-01-26,7e4e4039-a37d-4b42-80aa-0fc18e241eff,58fab53e-62a1-4e7b-acbc-71e06102931a,6,1,15.146762366725206,0.9428488134958317
5c4d196e-bd2e-4051-bf4a-97c243e5c306,2023,2023-01-26,61c096bd-3b5f-48c1-9f04-b18693a77cc0,29503a81-0fe4-4a0c-8022-d23ac7e092b6,2,1,2.690061703415661,0.6190658749811278
5c80ee8f-9fd0-4841-8b20-d6bc3558fb24,2023,2023-01-26,e81d4510-e1ee-4dbf-9b00-28fe6eedbfb4,2f8127bf-68b4-4cd4-bb81-d18b7f461cba,18,1,12.137788738090975,0.8946113225581156
631b87c9-a54d-4698-9d4a-6fea4470c629,2023,2023-01-26,96babb60-08c6-42a2-becc-a075a465dcc3,edd0d0e3-31f0-49f2-a22c-b47c8e8ba9a6,15,1,5.152830513658741,0.6651451540967908
6398e430-0fb0-468f-b506-568cd908fef2,2023,2023-01-26,92c5eea2-cf1c-4902-bae5-39cf63a77442,fe1d1802-ae97-4c4b-8c1a-aef0cb3c5646,3,1,-2.1417761131426802,0.41482520210925816
6b3a8fe7-5487-4c96-847c-1b0122ea4650,2023,2023-01-26,b349d38b-bc08-42d6-bf21-e6c826c45b62,fa0efad2-ee60-463a-a297-fb45c393e624,2,1,6.844513333930604,0.7971466970946084
7211014c-dc9c-4b32-92c8-a6ce1bbadb06,2023,2023-01-26,4ba5494d-a428-4c7e-92a2-fa5f8a096b3e,54b6e673-584f-4030-af7d-052c75277798,-9,0,10.044150699227858,0.8712078652434817
7889596c-e532-4014-8d46-dc8f320db0ae,2023,2023-01-26,1c48e10a-5d97-4c46-8f8b-4217683da26a,e0accbcd-bd68-4bc0-a2a3-3c32753815b5,3,1,15.96388738435394,0.9655725617322015
7b79f156-c1e6-4e4e-8209-e86412c29f08,2023,2023-01-26,5bd87308-1027-4aba-a8ef-970bf8e9ac0e,63373289-6a60-4345-8e60-c44894f4f8cf,-9,0,3.2421040433766146,0.6899400389199659
802e1950-39b0-4a77-abef-95f013164ee9,2023,2023-01-26,a2362a90-be36-417a-ba1f-0cd8ca99ef80,814a38f7-2f64-498d-b6d6-a9ae4df96850,3,1,7.196037781813474,0.7531699614006403
839cc831-bdf1-4c53-b699-142cd245dd3d,2023,2023-01-26,d6fb85c8-3e1a-4375-a5a6-b293e672533e,6748ba88-58dc-4e41-b3b3-d8df2c4a3c4e,-8,0,-0.20220678276793844,0.4896788255865592
85e340fa-8d63-41cd-940d-92a08320ddea,2023,2023-01-26,4db0dce7-2ca3-42fd-b71e-f5e13debacfe,c21e5ab2-08dc-48f9-b923-9526ce89d623,15,1,11.91584844404035,0.9132745736454881
93f627fd-4973-45af-a1ac-bd41c790e25f,2023,2023-01-26,428b85df-3b5f-4b21-a384-f1bd53f95d19,fba06d20-1fc1-45f5-b731-d3ad36f309ec,17,1,6.24668530689015,0.7702222870779272
9473d6d2-be00-4864-8c88-4a6fb4461e33,2023,2023-01-26,5efbece3-af1d-4f3e-8930-388ee4604cac,6bcb5e3d-9b4c-41f9-86b6-1f44432462b3,10,1,8.025619464791053,0.7629243415737467
966265b9-fbc7-47ce-92c0-6d7447189a24,2023,2023-01-26,bf2aafb4-bbb6-476f-acfd-8793128f565c,9a68215b-c4da-4c48-8fdd-6f9862b46f80,13,1,-7.809653443591415,0.19386338191979208
9b908ce4-1b19-4b6f-a40e-3ad20bc07dd2,2023,2023-01-26,c324cc75-a904-484d-b520-1f21664c89d7,9cee8aea-80de-46c5-81a8-499fc49acb57,19,1,14.815010937525548,0.9487675122454924
a1549adc-fb72-4c85-b154-c3355cf898cc,2023,2023-01-26,11b2b228-e668-4561-b527-22cb63540f1a,0939b5e1-8421-4924-a8b9-9846ca06f2fb,5,1,2.303519300304891,0.5929544349722741
a3c54092-51b6-4c12-acdd-114f73cc9c39,2023,2023-01-26,9988778e-cc80-4486-aad5-9ebdf21f2965,d680033e-5d87-4349-8622-dcce2bc0559c,7,1,8.910020975288663,0.8199973556270611
ad886235-31ee-450f-99fb-a2f48774c041,2023,2023-01-26,9226a51e-74e7-48ed-9e95-6890a182148d,63b38daf-556d-4012-93d1-faf2cc5da515,1,1,2.749045824260885,0.5938322571944227
af6a0145-549e-49c8-8440-e71ec928af62,2023,2023-01-26,e62f6be3-07fc-4d39-9d92-158e9218c40a,bdb8394a-cc25-448f-a1b9-ef5fe40bb204,-4,0,16.25996825557659,0.9601939153003269
b141441c-b57c-49ca-9d7d-04d970a663dc,2023,2023-01-26,c6e998ac-727a-42d2-a2d4-0e7c854dd383,22b7e3ea-2a6b-4f0f-8f10-40ab409da1e7,-5,0,-3.1825354941265442,0.30418654709566334
b175a7f4-140e-463c-a520-2d6e3c955e86,2023,2023-01-26,e823a53e-c3a4-40d9-b40a-4d7eac69e962,8a231892-e40c-466f-9e2a-016a3433fda0,4,1,9.08248666634457,0.8344556629269256
b31bfeea-e2bb-4881-b463-37e81c9feb29,2023,2023-01-26,3ad98900-f406-42a6-b9c7-7a2d3f0a9867,f14e71df-6c53-4abe-b789-c0d73a44b276,15,1,10.211376411684432,0.8346391713443465
b55b09ee-6666-4bc4-959b-ee75a2904bc0,2023,2023-01-26,0d4551fb-d4fc-4659-b14c-fdeba3555569,588cf783-9153-4586-adb0-8eb7fb71d013,18,1,2.341612652644815,0.5754880618743856
bb5b7038-4ef9-4085-a3d7-28162bb8bcbd,2023,2023-01-26,39668771-063a-4cfd-ba1d-be18a842d5a1,1e95b7a8-8a2d-4c93-bd01-79b311a80f40,29,1,14.029005593601559,0.9400217490170447
bf0d6f53-6f0a-46d9-bb0d-b62996c26b65,2023,2023-01-26,0e5ca5e6-5ea7-44a7-8587-b4c7834a4c52,ef3cd1ae-ef09-458c-a751-658436d5dfbd,5,1,2.8031125752335657,0.6371023991999533
bf918153-7a18-490b-92c6-840d0ea632ff,2023,2023-01-26,d4ca3878-1113-45b1-abbe-5a9a3c7c5430,bb0be232-db5b-490f-a3df-709f20bdfb71,19,1,-2.631671764884999,0.427839153518676
ca9a49f6-f45a-4236-8b7e-74212b4d5e1f,2023,2023-01-26,3c06c3f7-a7c4-4179-a9a7-d9b86afaf42c,c282b887-5bc1-41e5-8a0d-15287474de7d,5,1,7.772669193445568,0.8027292570788739
cc129ac9-2c85-4d2d-a134-3e683e4d69cf,2023,2023-01-26,b1119bba-a47a-41ed-adea-9967a72cf21d,63b264d5-0679-4b31-b175-0c1d019bb0f4,3,1,0.6142229504408009,0.5468369233771577
cd7d09d5-e322-4a0a-8063-06ca1d59ee9a,2023,2023-01-26,1a2c070a-303f-434e-a50d-c98ad9d9f88d,65974f84-3069-4f25-8f4b-7ccb79790430,13,1,-6.137277062418587,0.2569051971511036
d6467708-6503-48f2-96d5-959b48cc1c0d,2023,2023-01-26,92e2201e-4d6b-48b2-b40f-1980a5b48c0e,20fdaaba-bd75-4d6e-bf13-299d2f1704ef,-3,0,-2.2980051701367823,0.45601456270763197
d66f2f2d-584c-4fb3-903f-e028764ef3cc,2023,2023-01-26,d65c47b7-fea1-4f82-a29b-c2d4f4e48b4a,7dfad569-05d6-43d5-8f47-defff4a50649,6,1,4.02508462003046,0.6838294322355917
d6dc4665-333a-44fd-add5-df54c17f26b2,2023,2023-01-26,b034bc0b-a11f-4e43-b372-127640b1d5b0,7631bceb-b254-43fd-b331-b90b901b5959,1,1,-4.7893812254691115,0.23739209275607834
dc83b345-e42e-454f-acad-11babeb84511,2023,2023-01-26,389dc2a8-706f-48c0-8579-33b1857c38b4,9ba3b86f-e9ff-4c69-a5a2-865d61dd56ff,4,1,23.43257577156713,0.9885404737492046
dfefd1fb-2dae-4119-bb87-d19684bf28e3,2023,2023-01-26,1f74189d-a265-4a43-9a13-b26dc844746e,07ca1d8d-4805-44f2-90ed-b18eedfd097b,-4,0,15.256377570303565,0.9604774941253162
e462a9c5-3b66-4e35-994c-9573a42e98eb,2023,2023-01-26,b6c50d53-e53e-42aa-8c2e-1297e733737d,a8ab3f0c-a155-4d9d-adf9-5593435a0152,-21,0,-6.6742307463190365,0.255270545386215
f45278cf-6cdf-444f-807e-0af10d95c691,2023,2023-01-26,14e4e2ac-f90d-419d-9b14-9a9e3ba13b59,8e864d36-5a07-4d24-bea5-f7b85c3187bd,-19,0,-8.446527474419918,0.2008565009764497
1d1cb370-f9d5-4314-b67a-e0a7969d3514,2023,2023-01-27,12a96cea-6b94-4165-bfbc-3fbee5bd51ab,208232bc-9495-4351-b34b-874117e7ab9b,6,1,11.815664004740828,0.9193775547665275
265586b6-ec8d-4383-b0d8-bb006cad865f,2023,2023-01-27,34002612-3816-4311-b39c-41d24ddcf17f,d42bc01b-0728-409e-8ce3-c205d30493c1,4,1,11.53606422277646,0.9054341301512067
3b3e5557-11ca-4528-bd4a-8f70057e7945,2023,2023-01-27,295728d9-e6d3-43a5-a29d-26c403f073cd,3d8ed3b6-e3d1-4a7e-b179-fdc92e2640e7,-4,0,0.47885602830803364,0.5041292436564855
46053524-7957-423e-8e28-2a7d88afda07,2023,2023-01-27,fc62dc2f-7404-4a85-b1d6-49d5135283a3,21051f5e-6142-4894-a3a9-09bada612b47,16,1,2.6960252354286864,0.6162296924915962
67d0cd71-3fd1-4dba-b080-c8da3a2ac8f1,2023,2023-01-27,067fed65-5ce6-4ac2-b769-11805417f5ce,304b93c1-4157-43db-bc99-6f2b071e4429,17,1,-7.185396212528238,0.2274469630667088
8c921135-ab97-4c38-a614-44435c90e679,2023,2023-01-27,892bcbe8-a66c-4c57-88ed-c82e0c13706e,ff27601d-133f-4abc-a42e-f55d4f497bb0,-16,0,-1.6588184459292854,0.4445775165394782
8f67cc01-6897-4077-9d0a-6d6fc140df6d,2023,2023-01-27,2cb246a7-863a-4dc7-ab3d-eabccbf12019,71bfb11f-a38d-45a5-914a-5006c7417da4,8,1,3.979508285560771,0.6277518322080874
a03f2d1f-52c6-49c0-ac2e-22ac7bdf3bfe,2023,2023-01-27,66ad8504-16f3-4990-9abd-ff1e776dfb86,218250de-64b1-4e7a-9b64-e426441584e4,6,1,3.7335445881675966,0.6619790427952871
af0c901d-14ca-4e41-915b-12782ca52405,2023,2023-01-27,252b92fd-b788-4b9d-9cf4-94b7e591640f,16e5ce2f-bdd7-49bd-a906-9aeaef0ffa08,5,1,3.2951469032499157,0.6885036217143748
e8cdaff0-dac4-4d68-9357-5415ba429a2a,2023,2023-01-27,66f42ce4-3183-445f-b7db-b673bfb1fe7b,0b94d899-a6a7-4449-b626-07126971cd67,8,1,10.123816847315327,0.8711495917515786
000f269b-dc20-4390-a1b1-a906078f3dc8,2023,2023-01-28,ef9503da-6c3d-4207-ba0f-3cf770627dbe,8d694562-759b-462a-9766-ac29e999df71,8,1,10.892389559986867,0.8407564687434721
001482a1-bf79-4c3d-936a-dc2deb867b9f,2023,2023-01-28,bc48226a-5e03-49d2-aa5a-550081373e7c,ad6b613a-f36b-446f-81a7-6095bcf8a45a,-9,0,1.4508179837740043,0.5122088267533117
003b33e0-9c3e-42ff-8ab2-71b033e82188,2023,2023-01-28,a81b1489-4c0f-4a3d-bfe8-a9efcdb13d79,762cc817-6e37-4650-89d1-6bff265dd1b3,-8,0,-8.244873684394015,0.23352391386038077
003d1e20-42ce-43da-a2c6-6f40b41f6ebc,2023,2023-01-28,b462e428-f59b-4465-b793-4cef6f10cf66,bb0be232-db5b-490f-a3df-709f20bdfb71,-6,0,-1.3124952684982714,0.49643683304677266
04101794-6fb7-463b-9378-5ea761760604,2023,2023-01-28,e81d4510-e1ee-4dbf-9b00-28fe6eedbfb4,f9620376-5493-4730-bf10-8b6480bd3e43,7,1,15.858068428507677,0.9498858082486555
09e63dd0-2a24-4d02-a7ac-2727cd720e82,2023,2023-01-28,e62f6be3-07fc-4d39-9d92-158e9218c40a,07fe7a79-3bd1-41c3-99f8-6c7f857756dd,38,1,16.43982361670199,0.9551421851692451
0b2c150c-f88c-413f-b2a8-861c61ee45a6,2023,2023-01-28,11b2b228-e668-4561-b527-22cb63540f1a,6bcb5e3d-9b4c-41f9-86b6-1f44432462b3,2,1,-6.806187815166146,0.2998467276542127
0de31356-57cc-46a1-9884-a52a20d4766c,2023,2023-01-28,f51695f1-a8ee-4f8c-b518-879ffe6b0dca,eefb221a-cb2c-47a8-a13d-1f008fc6a8a0,3,1,-5.926279723333847,0.22621259775696495
0df11071-44d9-4c49-8d9e-7dfb538c30b1,2023,2023-01-28,348c253f-b663-454e-9b7d-051280f46334,d13063ca-830f-4027-a1e1-7961d39c81fc,-13,0,-2.250879095848874,0.39356569783418394
12a94da7-1313-458e-a8ab-e3d9af36e85e,2023,2023-01-28,58fab53e-62a1-4e7b-acbc-71e06102931a,80cec103-b3b1-4978-9b4a-f1ad161630fd,-1,0,-5.96142315568507,0.26207645639276167
17eadb85-d0e6-47f9-aa12-6df688d4eaa4,2023,2023-01-28,c324cc75-a904-484d-b520-1f21664c89d7,88dfcbfb-3d60-4978-b275-46ae9f682ad8,15,1,11.158216252612355,0.901598227343802
19938847-8f35-478f-8c63-242c2c865bd4,2023,2023-01-28,77dbd2b6-8c48-42cf-9cfc-6fffa07402bc,b2a4914d-552d-49ca-818c-4219f9a5baa7,12,1,9.603425834931567,0.858926510781299
1aa8dfb2-193b-4355-bd32-402b076e2ba1,2023,2023-01-28,b0eb9a16-e704-4784-bc96-af277fccf122,8e941979-021a-4b68-ab5b-5ee34fe0e06a,24,1,-7.72233382514079,0.21769233339527327
1b057c78-b75a-409f-8520-a8d9fb469424,2023,2023-01-28,e7f10812-f961-4c56-b848-22cb16073f49,c8da4ce4-29a3-4f99-b827-9b55afb4e0d5,-4,0,6.231187730178814,0.7585558342156273
1cb8c6f2-d761-454e-bc60-264fca042e57,2023,2023-01-28,7631bceb-b254-43fd-b331-b90b901b5959,b034bc0b-a11f-4e43-b372-127640b1d5b0,10,1,10.652026658929419,0.8685369774075026
1e4b2476-c213-48e8-b579-aa0def656966,2023,2023-01-28,5efbece3-af1d-4f3e-8930-388ee4604cac,0939b5e1-8421-4924-a8b9-9846ca06f2fb,11,1,12.598583349309395,0.9310946696808575
20819952-3c12-4cd3-89b1-a0e773cca62e,2023,2023-01-28,f3eafab2-d52f-4409-b7ab-63598919e46d,2f8127bf-68b4-4cd4-bb81-d18b7f461cba,8,1,-4.091636033483996,0.2940717836707266
237b2508-5b8e-4543-b732-d55b1ab1063e,2023,2023-01-28,88205ce6-ad31-4ffb-998c-fb9164c40dea,814a38f7-2f64-498d-b6d6-a9ae4df96850,-5,0,2.0442361675245597,0.592267541891781
2598b1ac-ab15-4542-b450-e9b4489549d9,2023,2023-01-28,c8217375-b6d5-43ec-910b-76632babdbbd,bab73e4f-6d77-4aa0-8c6f-347009c2283e,-16,0,-3.462264101448789,0.43712554825106104
268d1107-7653-4938-84ae-6ec65c88e88d,2023,2023-01-28,bea9ec66-e41d-4afe-aa79-8a5b0f020811,e44bc5f8-7dc1-4aac-8beb-924a7c5ee465,-1,0,8.944324862489411,0.8181736968419969
270c54aa-a754-4bf4-ab0d-e9a54b72c30f,2023,2023-01-28,bb82a5ec-96c1-460b-a414-50e0d2b6b1a4,5a36a71a-5c48-4f55-a80e-17e194f320ac,3,1,8.73656974815515,0.8558352111837513
28fd84ce-929f-48b5-b4ed-4579b055c8d2,2023,2023-01-28,e383f809-990a-4dd9-85b1-4288d45884e7,5211ce8f-cc9b-4218-b190-975f87318dc3,5,1,11.832945861601559,0.9185039004279483
317ee033-3abd-4488-ae3d-6ef97febe84d,2023,2023-01-28,92e2201e-4d6b-48b2-b40f-1980a5b48c0e,c282b887-5bc1-41e5-8a0d-15287474de7d,14,1,1.0871283138283132,0.5315017873324628
323c9b4b-a75e-4d3e-81bd-4ac6fd34123f,2023,2023-01-28,015de200-e75d-4f5c-b26f-60089691f965,0621d617-e31d-4e1e-a043-a11af2f706de,21,1,9.157852833509983,0.8831038895527762
333fe20d-2116-4c3a-a32a-4abd860aecf1,2023,2023-01-28,c6e998ac-727a-42d2-a2d4-0e7c854dd383,fe1d1802-ae97-4c4b-8c1a-aef0cb3c5646,17,1,3.9060633682296064,0.6337064041956072
33f7b255-ccb7-4e71-bd86-660ee70991ac,2023,2023-01-28,24b5ca48-c4a7-4e8d-8fff-c02904c11b7d,9c36dca1-e045-4592-9000-60f62b244bf1,16,1,0.6371815359897837,0.5417852371208945
34557af7-9f74-4f6b-8f3c-4db65cefb3aa,2023,2023-01-28,d1f5a19f-6263-4ac7-9ceb-e1339595db2f,526a8e73-78d6-4268-9f89-6f7d90e5dcd3,14,1,8.587772211955484,0.7916741308636014
3b866778-2f13-4595-9fcc-47d96e2788e7,2023,2023-01-28,a5600159-b71d-473b-92bc-8f7ab08f897b,afebdb69-0f48-47d1-ac8e-740bb58c993e,-1,0,-3.650134157901186,0.3827435954376671
3c472390-7991-4439-ab95-2dfb294b58cb,2023,2023-01-28,05dbf7f3-9fc5-4818-bf47-490e1f7c7186,2ff94ca5-2417-420a-b20f-387ca6793769,21,1,11.687795076472524,0.9062374121585645
3d7ced2b-8de2-4db6-9e35-43544265a4ad,2023,2023-01-28,bc1a0cad-570c-477b-93fb-2050c0e2f9aa,5b25de37-34c7-4ebb-a149-b0ca3c4ffff6,2,1,-0.7168280322536179,0.47500498838773214
40f56e75-9eeb-4607-ae5b-c330dd8e84cb,2023,2023-01-28,96babb60-08c6-42a2-becc-a075a465dcc3,a0454954-f558-44d1-812e-59b90041128d,7,1,11.332174651362985,0.8476142530943394
41d9c6e9-8b69-4f58-9e5d-92d3b2d80363,2023,2023-01-28,958592fd-5c16-45ff-90b4-3242687743e9,e22f605d-41f6-4e5c-915a-987ad0c44569,12,1,10.273762512904842,0.8689795655593677
4340cf0b-702d-44d7-a488-b3a743e139a7,2023,2023-01-28,61c096bd-3b5f-48c1-9f04-b18693a77cc0,1e95b7a8-8a2d-4c93-bd01-79b311a80f40,6,1,-0.8709847998953467,0.468366198392615
448c6863-fc66-45de-b228-2d7e30cd7cf2,2023,2023-01-28,d5e2b5fa-8cb9-45b6-a822-4e64c46bc8fd,a757dae2-f596-4065-9e29-b365b91af590,6,1,2.4687544660025,0.6061851610064907
456e6e6c-4044-44cc-b752-992a66acd3be,2023,2023-01-28,9d09ebd0-f5e4-4022-b315-aa3719219b6a,e198833b-92f3-4fa3-a2cd-82f04ec7e0c3,-2,0,2.1760508397045872,0.6184780366484457
46cfcac0-d6dd-406a-b576-980b9a6474f7,2023,2023-01-28,1900d158-6fb0-407f-a2df-6e37a1db2dc3,445a7698-bd20-45f7-9c62-e0ca0057e959,12,1,9.566136263898557,0.8539097113001202
4979b444-085e-42ef-abdd-d641fc1e6466,2023,2023-01-28,f62a4b7d-6f85-4607-a748-854c9b8c0c5d,cf67c587-9808-4deb-9419-41a1a58f81f0,4,1,1.4431512194190577,0.5760904081573609
49c5c125-3f7b-47e9-a84b-6b794308b7e7,2023,2023-01-28,11c41163-ceed-438b-bc9e-333b60a36e6b,f6ffbdfc-4780-4966-b75f-aa6ff30a7928,17,1,2.6665712634499967,0.6404726476933162
4a610b01-fc74-48d2-aab8-99780b355477,2023,2023-01-28,873aeddf-ece1-4971-83c5-24ff228e2954,ef3cd1ae-ef09-458c-a751-658436d5dfbd,13,1,7.476122507371278,0.8102935688504362
4b9c84b2-0283-4537-9d39-30d9f4ea8f87,2023,2023-01-28,effe733a-ab00-44c0-ba8a-c389badc7014,3b586230-34c7-417b-bdcb-3245c5a8de8a,6,1,-2.909584785857049,0.37819866462077595
4b9fcfaa-f271-4db1-844d-7e0413ee2bd4,2023,2023-01-28,20fdaaba-bd75-4d6e-bf13-299d2f1704ef,3c06c3f7-a7c4-4179-a9a7-d9b86afaf42c,-7,0,2.495533853672785,0.6058363480134706
4c2f5d2c-c5d8-4bf9-a12c-d28eb08aaa31,2023,2023-01-28,c3807661-da5f-4ce7-af5a-e086fc56158a,29115cd5-8aba-4a2e-89c9-20f7d87b7051,31,1,17.249586038348244,0.967011610546222
4d6f13d1-842f-40c8-a4f6-7a70b9678ed0,2023,2023-01-28,6359c55c-0527-4830-8bbf-51141c0ff2a4,927f9c80-da40-44b1-834f-ea1d457600d3,5,1,-2.986899456021277,0.40711419502164675
4d702705-1701-4449-aea2-963113e568f2,2023,2023-01-28,e823a53e-c3a4-40d9-b40a-4d7eac69e962,393745fb-1951-4506-ba94-c10dcd66ee50,5,1,3.94459297465783,0.6971808571425118
4f3050e5-f310-4b1e-a26e-4b37656610a5,2023,2023-01-28,c20e9648-8980-4cb8-b139-4343f24b2e91,173a69ab-4f3c-453a-a1cc-8b83c0ee2b49,3,1,-3.5228042110982245,0.38352731162627035
51764e0a-1249-4a75-8ecd-46317bc5b3cf,2023,2023-01-28,0d4551fb-d4fc-4659-b14c-fdeba3555569,a155af26-bc09-4c69-9940-efff8f3d15e3,13,1,0.7011048279985822,0.5023784400949063
531b46e0-66fa-4049-9d87-a35358b5b141,2023,2023-01-28,d4ca3878-1113-45b1-abbe-5a9a3c7c5430,8782ac7a-e553-475c-b110-c58c7e61ddd4,-7,0,-7.402284678254187,0.22319363066046397
56123fff-4b6f-4f13-8a76-ef93cb326dd9,2023,2023-01-28,7970fe41-5393-4223-935a-46250b8a26dd,edd0d0e3-31f0-49f2-a22c-b47c8e8ba9a6,17,1,7.078865373335001,0.7903633039041912
5705ba4f-67b0-4175-ae05-4a67dc454ca3,2023,2023-01-28,7b4d1f71-de6c-49c1-a95c-de84c4aa46a5,a35d0124-2cd2-46ab-b613-2438a97b6ddd,-5,0,4.311660884282542,0.6631544111638763
57a05953-324c-4991-acdc-318180fb244a,2023,2023-01-28,39d71fee-a4e0-4399-8698-547fdb4fb256,474263db-dab8-4b0d-842a-548132e82b33,9,1,20.157355609394003,0.9869767787064887
5880866b-f40e-4bc8-803a-db47e12f79cc,2023,2023-01-28,7e4e4039-a37d-4b42-80aa-0fc18e241eff,bdb8394a-cc25-448f-a1b9-ef5fe40bb204,13,1,12.849323160921836,0.9415944746788071
58aaa327-341f-45b7-a664-16b4a9dd0c33,2023,2023-01-28,389dc2a8-706f-48c0-8579-33b1857c38b4,170f63c1-c0da-4464-9352-7a33c5e2b3eb,10,1,16.130975909727574,0.9384419771271325
58f4a1d9-8fd0-42f4-8999-445f376d81f6,2023,2023-01-28,f4f493b9-00c9-48e9-a9c8-934ed203169e,8e864d36-5a07-4d24-bea5-f7b85c3187bd,12,1,4.194756366306657,0.7019057926325125
5dcbd642-1c5f-436f-aee7-2c29f560f21c,2023,2023-01-28,325c1fce-e70b-481c-bc59-315b7defd4ad,143599fb-b821-43e4-b0ee-2f6e521ddb11,9,1,9.671346133104166,0.8471380488071565
5fbe2a37-90c9-4285-9a96-e614d6dfd526,2023,2023-01-28,75608756-6246-483c-8138-59d3749a8d3d,e5fb9be0-e310-42a1-9744-47b3878c37eb,28,1,10.74256137719081,0.8817120436144099
631f57ca-a22c-494c-82cd-7ce91b93e540,2023,2023-01-28,eed17656-6fec-4cf5-aacf-f932c5b66084,588cf783-9153-4586-adb0-8eb7fb71d013,-10,0,-0.8152949540998908,0.4374639535352775
657415d7-fcb7-4345-b759-2482ad8e81fc,2023,2023-01-28,407f6796-76ab-4c28-8f30-cebbfbe534dc,324a87d8-6e5f-4df1-adea-5c7c07bc3880,17,1,-4.279732699063455,0.36293031837464007
665179e9-5e71-4140-ae2a-0d0b47c7c881,2023,2023-01-28,14e4e2ac-f90d-419d-9b14-9a9e3ba13b59,f16d5827-0b65-4b48-bd2d-584314873b9d,8,1,-8.207908017667707,0.20983050858423508
66efb57f-4c7a-45d7-bf4a-56708c7ba427,2023,2023-01-28,b1119bba-a47a-41ed-adea-9967a72cf21d,7dfad569-05d6-43d5-8f47-defff4a50649,8,1,-4.124665193742917,0.3279483966543174
6afd3eb4-a3cf-48d0-a34a-6dabdde55611,2023,2023-01-28,320ba34b-ed3e-49e5-8563-08246b20d1d1,8b6e9436-9398-4b24-b6a4-24bba0c8eac3,12,1,-1.2196803793010638,0.46087853501902065
6cbc2c7b-acf3-4381-a1b6-f66449e96ee0,2023,2023-01-28,a61813fd-4a0a-4112-9fe9-2d33fa01a9aa,34668727-07c8-40ea-adb6-3541d9d7f32c,-12,0,9.640482605825222,0.8156305281790343
6fa49256-9cc3-451e-bb85-e55c0c692561,2023,2023-01-28,be0c2be1-019f-4c49-9ef1-92f53c9c23b0,db9252c1-9697-4f77-b192-93b1badf442b,1,1,6.387410842978058,0.7687831103389774
72f5307b-c4bb-4289-b0bc-fb6f266438dc,2023,2023-01-28,9cc36a7f-4ac0-4523-b7cb-99b33fd2fb4f,ec3ac254-d13e-4b51-95ee-389447c70400,11,1,7.350233784790382,0.7812673301828776
73de5479-bf76-43ab-9452-870e94ee6a9f,2023,2023-01-28,f7352462-5710-45c3-bd64-969e67428b1f,06ef3673-5d7a-4701-aed9-726aa07838e4,-7,0,7.991720865048801,0.8253361303328972
73fe8824-390b-4823-b135-7ea006995085,2023,2023-01-28,bfe08930-1826-481a-bc46-217ae918d0c6,4763d2f0-5ee2-4763-8617-946f08bac925,19,1,7.2284669252627145,0.7052551568970744
74f9e2b7-5c78-43f9-b9db-4bd99bd3f82e,2023,2023-01-28,ab66209f-04c2-4600-99c8-cc177f001266,9cf58c59-1075-457a-b79e-942b453b75d1,19,1,15.708791011931291,0.9547535509689609
7f2973d0-51aa-45bf-af82-453507a4db81,2023,2023-01-28,43c4f9a5-d6d5-4dd2-bfac-0bd3adaf79f7,d6ec4d5f-7d79-4064-be14-71636bf66d75,-21,0,-2.293600516763543,0.44454096005109545
878eb55f-268f-438c-8953-3f29d6a562a2,2023,2023-01-28,f408da5d-dcf7-48d6-b4b4-485c6241d6d4,f612c81a-f044-496c-871c-5c643a5e8f9d,8,1,-6.4699400228874975,0.2662432135814729
884c21e5-b1d4-4771-bf19-af5aa3a7db38,2023,2023-01-28,63373289-6a60-4345-8e60-c44894f4f8cf,97cd7805-e5a7-4739-97dd-116010ceb9af,-13,0,-6.218189941056029,0.2549064667724732
8a04ca05-bf39-4304-a643-3b848ce96bbd,2023,2023-01-28,a15edd2c-08cb-44fc-81cd-ab493e8364d6,45f03492-2831-493f-8176-63dfae6670de,-18,0,-3.583638644073806,0.32451959327210517
8d350395-5de2-470d-be79-6dafc30c9d00,2023,2023-01-28,fba06d20-1fc1-45f5-b731-d3ad36f309ec,d680033e-5d87-4349-8622-dcce2bc0559c,17,1,4.856529428338008,0.6635138335291475
8f1f9e56-7ccc-4943-89e7-19b2dfb9ec79,2023,2023-01-28,40fe605d-085b-468f-aec2-614432798d3f,3950a3d3-d1b1-4dd9-bf4b-2356ed344246,-9,0,1.0498894738395284,0.5058633258045557
9463a041-b589-468e-b0a8-ebea973ea2c8,2023,2023-01-28,410b3365-a1a1-4bca-b3fa-52270a02f75c,c1ddb62d-8103-4ef4-a556-df9238531bdf,-9,0,-4.698580048454425,0.3139461902788539
9509de69-9d7b-412c-a53d-b4c1080cc8f7,2023,2023-01-28,0ac20cc2-e801-4648-8850-2fde30c2def5,e4d1f824-05c1-46d2-a96e-fd3dba7ac334,-10,0,2.194498697955681,0.5814084782546862
9e1714c1-7b32-4e13-982b-bc7c739afc31,2023,2023-01-28,1a2c070a-303f-434e-a50d-c98ad9d9f88d,e0accbcd-bd68-4bc0-a2a3-3c32753815b5,-15,0,4.9502718645859,0.6724474507313264
9ec848c8-bd73-4196-bf20-7dd78c9c9006,2023,2023-01-28,105b326b-5a9b-4c89-a5ec-7e020f9e72e9,043e8015-480a-461d-aae5-6cb149237466,-6,0,-9.175571350644262,0.2016837838941505
9ecce00a-43ff-43f3-991f-fd0720b55bb8,2023,2023-01-28,9c773261-49b7-48c8-816e-3e3260997d71,89023aa7-6034-4d33-96dd-3566c7afc79f,14,1,13.910436507575463,0.9339826764457297
9fcf8dae-dd08-47d5-bca5-d5ae6ece0d69,2023,2023-01-28,1b6320e0-71b4-46c2-9fb4-0c801f4c8770,9226a51e-74e7-48ed-9e95-6890a182148d,-29,0,-7.515633007351944,0.19729561121094077
a0237caf-b61a-4f77-ab08-3ccc0c4eb675,2023,2023-01-28,ed26e9f2-0346-429e-8084-a40c091454e8,40d1c23d-da10-4e19-8a9f-d69e48e05c30,-6,0,11.84976823321376,0.8985429754984194
a4f76360-4df3-433b-ab25-2f8f92913333,2023,2023-01-28,175f9186-422d-479c-a771-d9f218a1a87b,6c796971-9e91-4507-a6ad-9699cb1ed2b4,-5,0,-3.677150624217255,0.32988238462097036
a5b1402a-20b9-4021-a9a9-cecd3a7276bf,2023,2023-01-28,d65c47b7-fea1-4f82-a29b-c2d4f4e48b4a,63b264d5-0679-4b31-b175-0c1d019bb0f4,-14,0,8.905436974219466,0.8232876616780794
a74433d7-1ed3-4dd8-a615-832d72cb1826,2023,2023-01-28,9988778e-cc80-4486-aad5-9ebdf21f2965,61442116-53fe-4490-9f2a-17aad40fb68b,3,1,1.8328640817615998,0.5769219007633624
aa332646-3004-49aa-9b05-37a5b340abcd,2023,2023-01-28,aab3630e-9c8d-453f-b0c8-afdfe71a5d3c,db22a3b8-fd13-44f3-8968-9aeb04d833e7,12,1,11.246094402355297,0.9067721300788784
aab9c64e-d6df-4209-bba3-df7f0ca0c2b2,2023,2023-01-28,297b5678-ce67-4c02-bfc4-2ccec5343d09,d1838999-77de-4a4f-9d66-e6071f5a079f,22,1,4.885874430685421,0.6885814510669449
ae6af9d5-174d-45c9-8bb2-0dba2e843b49,2023,2023-01-28,712e6366-f137-4f9f-a647-831a2797543e,bfd30209-fc33-44e7-a4be-7d2be91b2842,-43,0,-10.15405221836041,0.14380340473707734
ae7f03e9-b4c3-45f0-8cfb-25861225adec,2023,2023-01-28,88471167-5c0d-4477-bf1c-b50a9fa96a10,c79c0f1c-2685-4621-a2d2-476af53195cb,10,1,-0.5823453233623126,0.4577479908499937
af1b3b12-5bc5-408c-85c9-f7ffa19c930f,2023,2023-01-28,14900e69-e972-4137-8f13-5ef152e0075b,cbb7e0c8-4326-453b-9357-a01df1076809,-18,0,-9.363525449651902,0.18630120981549347
b134b080-ac97-4353-8433-39ec53c08f1f,2023,2023-01-28,89150efa-06a3-4a88-82d3-26b3797ada35,4fbf8f67-3961-4bf4-90b3-56c201b1283f,-4,0,9.725618890337278,0.8313758880104533
b2389c7c-7f2a-48cc-954d-3d5f00ba0940,2023,2023-01-28,d7828b57-33e4-4922-bfdd-4780151816ed,a8ab3f0c-a155-4d9d-adf9-5593435a0152,3,1,0.5632745739244721,0.5550464698631646
b611746f-2714-4121-aa89-08b7000ed144,2023,2023-01-28,f7d3e028-cab6-4277-8d9c-799f5bec0712,f6d79bbf-f8fa-4aad-8a37-6172d43ea482,6,1,10.090032132792425,0.8269362257976577
b70748d1-20cb-4f38-b2a8-5772b02b2887,2023,2023-01-28,27a2a3c7-c672-4a2e-8381-bf31d528c0d0,1e86acec-a854-405d-a4cc-d096ee03f22c,19,1,11.25627668315354,0.9097574016856151
b96bf2c5-2aa8-4805-81b5-6abb1271cdfd,2023,2023-01-28,81ba36f8-a53b-4696-8877-2e9bb161598a,60cca73c-a30b-4fec-8cc0-a18b3dde7312,20,1,18.05010388586933,0.982375953654383
b974bc26-8616-4d19-9548-48794c652967,2023,2023-01-28,07960f6e-9ad4-45bb-82bd-06f477a011e3,bce5e657-8430-4508-b956-64ed47e82de9,-17,0,-5.982691204545436,0.26653948930635585
c288fb2d-14bf-448e-ad61-cebca8fb879f,2023,2023-01-28,72c1f395-5916-463b-8353-47b99a272098,65974f84-3069-4f25-8f4b-7ccb79790430,14,1,-3.7686579642706475,0.390378123347491
c5674072-9fe4-4dd0-930d-a3c25ed6112d,2023,2023-01-28,99bac3ff-1929-4a83-a593-5c1e123a25e6,11018b71-58b8-48c1-aafe-d3f42d4dc4b9,-3,0,0.47552911421280225,0.5273131984300693
c9b71b09-1843-4949-bb0f-56dec0d2369e,2023,2023-01-28,718dfd9d-59ef-415b-875a-8c861f6adb33,428b85df-3b5f-4b21-a384-f1bd53f95d19,-11,0,-6.081771805158598,0.289632168920929
cfaacfec-a98d-4399-a82c-9cf1b68acba4,2023,2023-01-28,2dba4db9-bc1f-41f7-b1e5-8d94e117c1e9,23328a3b-6bde-4b61-960d-5c45fab4d16a,-1,0,-8.331719311161963,0.19129509917578727
cfd56b38-1d62-458d-96a0-1c977dea7134,2023,2023-01-28,7d7d8e50-802f-4f7c-aedf-3116a743e835,805b30dd-e009-4031-8968-ef4d8bbf928b,7,1,2.394667870119279,0.6409646443722828
d489ca23-02ae-4127-afb7-4fee963137a0,2023,2023-01-28,cdc199b7-a710-4c11-a6e7-2384b399c06b,9874a1c9-7e78-46e4-8d3e-6fce94e7046c,16,1,4.187348332631364,0.6895294019913055
d5cabde7-3016-4b84-bedf-c8f72a310b27,2023,2023-01-28,0e5ca5e6-5ea7-44a7-8587-b4c7834a4c52,f1d0f01f-d161-44fe-a534-6f4383fe2d0a,17,1,11.814083668427742,0.8208119738766506
d69d434b-ddd1-49a6-9d1f-0ae79d42f5a7,2023,2023-01-28,bdf949ac-7376-4c1c-b4d1-a2b6d1142a71,7b423c28-572a-4a7a-982f-3d59e0fb25fe,2,1,1.2823870159607955,0.537648545657283
d92151be-6e63-493b-bab3-dfd77d7ce46e,2023,2023-01-28,247817ad-6065-4e8a-80e7-26c838de4153,15d2579a-33fd-4772-9d78-e929a093bd79,-20,0,-12.024974247985991,0.11682916321442115
ddd80fe6-848f-4790-9261-3f38cff074b6,2023,2023-01-28,ca0af9b0-0073-4e1c-baf8-a15069168abc,fda4e988-3514-4913-8f5c-1c8db7f59165,14,1,12.781780781228033,0.9133364096815582
dec0a465-64cd-47a1-a11c-20cb06c1222d,2023,2023-01-28,d6e9ba69-1ef1-406a-8fd1-17ef1a6980e3,fc903652-4ae3-4b36-82b8-fea6345f3b2e,-4,0,-1.5759945947595366,0.48587777515031483
e06d5310-e5ec-4c20-ab4d-ff987c6b637a,2023,2023-01-28,3fb4c1d4-021b-4e64-a997-b47421257d4c,9f8c4a3a-10fc-427b-a3b9-f54bcc243010,-11,0,4.329000665095088,0.6513168490463003
e1ba2c3c-28ff-4e52-9ccf-8f12101a006c,2023,2023-01-28,1a879f38-8a98-47b8-9c92-7da920f1562f,d20936f6-b751-41b7-a241-c75beb459360,-15,0,6.035570706654766,0.6758010957300398
e294eb3c-c20b-40b6-88e4-6d4d2e0bb93c,2023,2023-01-28,92c5eea2-cf1c-4902-bae5-39cf63a77442,22b7e3ea-2a6b-4f0f-8f10-40ab409da1e7,-23,0,-9.695048213542973,0.12879525281762527
e2fb05eb-1950-43f7-8b79-d0081be3819c,2023,2023-01-28,f0c6c56b-f155-45b4-bed7-e886af6e82f6,41088861-2288-4681-9b1c-b52f63527faf,-15,0,-12.540897809485806,0.07450030597910107
e5e0aef6-970f-422c-bed1-d384f8a54871,2023,2023-01-28,01325ccf-0551-472d-a463-55f692a5e50c,a4574b8e-6d1d-4ed4-a947-b175f74c6387,3,1,2.1655590824316517,0.5660550282045574
e7593edf-d254-4d75-8d27-1d3e84269020,2023,2023-01-28,81937a80-a7e9-4025-9c21-2ed38625cdae,dd027a18-2cb5-45a3-a0ce-f3f9eb7bde2e,6,1,12.91115693491487,0.905282191246299
e833bc71-f499-41e3-be00-144d1b716f6a,2023,2023-01-28,75db89bb-f85d-4726-b2c5-e7f61c8115c4,b6c50d53-e53e-42aa-8c2e-1297e733737d,3,1,14.16746272341099,0.9389541767804651
f0c94d1b-51a5-462c-8b86-60f2513b4cc1,2023,2023-01-28,38a65109-33be-44a5-928b-459db9d9dbc7,9c1c5097-7168-4529-8378-8f68f206bd9f,4,1,4.410420280831867,0.69295531834956
f6b09224-b0e5-4efb-ac85-9932d0be8c3a,2023,2023-01-28,7a193c3e-c732-47d4-b893-cc0c575ff431,c9739eef-f828-47a4-bcc0-548844cff9d5,15,1,11.01778805257427,0.8860930661915609
f7723a01-7f3b-440d-89f2-82925138bc20,2023,2023-01-28,6ddd1347-422a-42ab-8c8e-fd5c9b4e78f1,6d0447fe-c13a-4ab3-b46e-cc2a08eb057e,14,1,1.5652374285476718,0.6407095361623018
f9da8015-b086-49cf-819b-ff3c034330e4,2023,2023-01-28,cbab480a-8e87-4eb0-ab35-22228c66f68e,7bf0273c-57aa-4412-be01-e0e08fb7cd81,-18,0,-3.0263287402572843,0.4103882792904452
fac5d07a-df8d-492e-a271-887351476558,2023,2023-01-28,4d964b45-0956-4e20-9bb3-92d90690ea01,6748ba88-58dc-4e41-b3b3-d8df2c4a3c4e,7,1,10.352670031186413,0.8535578318857465
fae6b859-4cab-4996-a2d2-eded5f5ba2a7,2023,2023-01-28,c238c9de-59e6-4d8d-b9d0-745eb8ec96ab,888089ca-9632-4e33-856f-b210b1d946cb,17,1,3.8913950771231303,0.6543030606117415
fc62df80-4bfd-49d9-9679-3e29b9a3c2c0,2023,2023-01-28,3c7653b4-ff75-43ce-b3db-0654e938bcd3,4b5bb58e-38b5-4132-b2e0-876169cd4017,3,1,4.951508246581841,0.7521993548917197
fd730012-fc57-489b-80d7-bd15376322f2,2023,2023-01-28,fccaf1a2-1439-499c-87a3-1615684518bd,f022d404-14a6-4105-afd2-445afe77bad5,26,1,10.482437705243271,0.8763866402247894
fe436d4e-4e59-46f5-82fb-fa69a3884227,2023,2023-01-28,cb921ef9-be3d-4c14-9e83-9926205e601f,b13d1921-03e3-4f47-b962-4e9951de7510,19,1,0.6898420104113653,0.5248881022329049
fe4e10de-3d29-4897-aed8-dbe056df66f3,2023,2023-01-28,39668771-063a-4cfd-ba1d-be18a842d5a1,29503a81-0fe4-4a0c-8022-d23ac7e092b6,17,1,15.52288144202978,0.9482388779063576
07432ff6-c556-4376-bf1d-c8550b16757b,2023,2023-01-29,cd2892b0-c423-4723-86bc-3988015a8015,b349d38b-bc08-42d6-bf21-e6c826c45b62,16,1,7.566713605257312,0.7751630850685299
07bfdd7a-cfe1-4440-8d83-0311251b276c,2023,2023-01-29,ec764a7a-bdf2-49ba-9830-7408ea7f453b,ff27601d-133f-4abc-a42e-f55d4f497bb0,-9,0,-1.5653392195470666,0.4295286387992862
122c7689-f0c5-40cf-a85e-4c3ec35db221,2023,2023-01-29,aecccfce-5e00-489e-87e1-2622303b6120,8681e6eb-5cf9-45d5-b215-af3a54ebc784,-13,0,-5.11401647953361,0.27753790486200264
1b0cdd1a-5013-400d-a239-8f215a95b51e,2023,2023-01-29,b1cd7b83-cc64-42a8-b41b-45343632eee6,05300c53-1c99-44fc-894f-5d062cc9254d,-5,0,2.4369620848897173,0.6296960708117287
2b70b415-e58f-44b9-b83c-a44b37fd8c20,2023,2023-01-29,fa0efad2-ee60-463a-a297-fb45c393e624,71aa15ab-9b94-4d3a-88de-3f0ae5d9a44c,11,1,0.3873985161211273,0.5380172589003555
4f6974c9-6e71-4570-9671-823ee5512c6b,2023,2023-01-29,8674cdcf-acde-4035-bcae-1c7c0d7549e5,cdac95d6-25af-43a9-a6c0-1004aaa6a183,-3,0,3.7802740685429823,0.6439627458900594
5953daf5-aae6-4bbf-89fb-285ee9e2d1a0,2023,2023-01-29,cb08f172-db74-448e-aaf2-80d96b32bed4,4db0dce7-2ca3-42fd-b71e-f5e13debacfe,-12,0,-13.995085220494802,0.05601222854329568
5e3ec389-3732-4103-b4a6-cc9accfa49d2,2023,2023-01-29,2cb246a7-863a-4dc7-ab3d-eabccbf12019,d42bc01b-0728-409e-8ce3-c205d30493c1,5,1,7.836339510225606,0.8207792871500633
74f1b8d1-874e-4efe-9e66-f14c76a992f8,2023,2023-01-29,34002612-3816-4311-b39c-41d24ddcf17f,71bfb11f-a38d-45a5-914a-5006c7417da4,10,1,6.798297273158023,0.7046755131954239
7dbfffbb-3611-41c8-9e9f-54e1a3e74083,2023,2023-01-29,892bcbe8-a66c-4c57-88ed-c82e0c13706e,067fed65-5ce6-4ac2-b769-11805417f5ce,-15,0,0.8132694205606734,0.518227178364823
80fe51e2-9cf9-490d-ae94-eac3e208a919,2023,2023-01-29,c84adc87-6cd7-4df0-9245-59fa829300e4,55f602a6-b8f4-4fc5-b30a-9a23ad91a2d8,-18,0,0.22075114696843312,0.600892430812193
b59a0207-16b1-4651-ac4a-7be9df0daeb8,2023,2023-01-29,48ff6f70-fd07-4a02-ac71-b973f0ea0451,599c2f7f-3472-4f93-9807-39b33c575236,-7,0,-11.053484196382387,0.13612617853691764
b76b0b69-0ba6-43a4-af3c-deb639f5b928,2023,2023-01-29,1cddcec2-cf89-4c5c-9810-d148c368b08a,c88614c4-bad0-48db-990c-90a3243c3734,2,1,9.837796399143995,0.8449790964879165
e1c0e675-7f61-4dfa-bea1-7d78e2c79f57,2023,2023-01-29,c21e5ab2-08dc-48f9-b923-9526ce89d623,ef80c085-db7d-4b36-8fd0-13ac9be0099c,2,1,2.7707046213292617,0.656149284651874
e4080eac-1a5f-415a-adb9-fa88cf266cf9,2023,2023-01-29,304b93c1-4157-43db-bc99-6f2b071e4429,21bdd018-a21f-44da-982a-98efb6d24ca1,6,1,11.733710680312178,0.8874102669978305
e8645081-6ed5-411b-bcc4-38f85e573f3b,2023,2023-01-29,e145a47f-597f-46fe-b58d-64dae192efc0,218250de-64b1-4e7a-9b64-e426441584e4,-7,0,5.496469544006875,0.7143399369407862
f9ac73c1-577a-4a1c-a971-7d552fa678d4,2023,2023-01-29,48e9401c-d41f-4f19-9358-0f41a8d74ea5,e1e53055-037a-4acb-82e9-552f8abd6635,11,1,1.4363576313359459,0.5556536970876529
fbc99a5c-1102-469e-bd9a-a00af39f0eb2,2023,2023-01-29,57f7bf85-91b0-433d-b843-94485a520954,d92b9143-ae83-4c94-b9c3-d1cbae1b7565,-12,0,-0.42533392386697494,0.5230546909196937
021516ba-8878-4700-b2ca-12a6fd272dfe,2023,2023-01-30,320ba34b-ed3e-49e5-8563-08246b20d1d1,e22f605d-41f6-4e5c-915a-987ad0c44569,11,1,2.481618547388723,0.6150488133984731
05581a9f-a33c-4115-a027-939ff8d2c08e,2023,2023-01-30,c9739eef-f828-47a4-bcc0-548844cff9d5,ab66209f-04c2-4600-99c8-cc177f001266,-5,0,-8.553494944904878,0.19658915838271596
08d78d8e-3536-4995-ac2e-4ed553fe0269,2023,2023-01-30,762cc817-6e37-4650-89d1-6bff265dd1b3,f6ffbdfc-4780-4966-b75f-aa6ff30a7928,3,1,5.136104340364395,0.7129239307050191
18e4382b-1dbf-45a2-b204-cf4077899eb1,2023,2023-01-30,958592fd-5c16-45ff-90b4-3242687743e9,8b6e9436-9398-4b24-b6a4-24bba0c8eac3,-3,0,4.695566301831065,0.6914863446824294
33117ee3-4685-4e14-91de-adfd33a185cd,2023,2023-01-30,175f9186-422d-479c-a771-d9f218a1a87b,5b25de37-34c7-4ebb-a149-b0ca3c4ffff6,11,1,0.1472256282524447,0.5175840504681993
36b98a58-b549-4b6d-b5fd-9764c194e417,2023,2023-01-30,410b3365-a1a1-4bca-b3fa-52270a02f75c,35329519-6dde-40e0-b790-2b49aca6673a,-1,0,0.401533923769817,0.5542851461401377
69971267-06fc-4153-ae13-9c4995d22b31,2023,2023-01-30,ca0af9b0-0073-4e1c-baf8-a15069168abc,cf67c587-9808-4deb-9419-41a1a58f81f0,6,1,0.31078946283292486,0.5262001947900761
78313a2b-06b5-4d2e-8e57-4efbfede4224,2023,2023-01-30,f62a4b7d-6f85-4607-a748-854c9b8c0c5d,fda4e988-3514-4913-8f5c-1c8db7f59165,26,1,12.524417149323176,0.9069978260766146
babaa262-3ec7-4203-a52f-2b89bb0f35c5,2023,2023-01-30,3016ba37-71e2-4de3-bc39-86d07a8a3e44,7dfad569-05d6-43d5-8f47-defff4a50649,-1,0,-0.8439694588300773,0.45268430741526416
bf4f6dbd-4715-44eb-be59-dd8f49343c23,2023,2023-01-30,39d71fee-a4e0-4399-8698-547fdb4fb256,63b264d5-0679-4b31-b175-0c1d019bb0f4,50,1,19.42641548211384,0.9827994043871805
cd07f59b-e684-4e5b-8254-1381b1b60676,2023,2023-01-30,ec3ac254-d13e-4b51-95ee-389447c70400,3c7653b4-ff75-43ce-b3db-0654e938bcd3,5,1,2.217599683326853,0.5730661458555304
dcf9c369-f879-41fd-9434-0210f9311330,2023,2023-01-30,bc1a0cad-570c-477b-93fb-2050c0e2f9aa,6c796971-9e91-4507-a6ad-9699cb1ed2b4,11,1,-5.063222475171525,0.2843677538250022
fe2a9f2e-799a-4e2d-b595-49aec285b2ce,2023,2023-01-30,9a193882-d061-4d9a-b1d1-da7a483f7cf6,bfe08930-1826-481a-bc46-217ae918d0c6,-14,0,-2.0084022082643678,0.4568687887794014
0b69b6a8-df38-468b-9fb0-d047851d310d,2023,2023-01-31,247817ad-6065-4e8a-80e7-26c838de4153,8b7efe80-a558-4a31-90d4-b59ad2ffdcac,-14,0,-14.914057421475725,0.060072265031709544
13a59fdb-1a0e-4d00-b98f-87f6497edc4a,2023,2023-01-31,27a2a3c7-c672-4a2e-8381-bf31d528c0d0,cdc199b7-a710-4c11-a6e7-2384b399c06b,11,1,4.96714716368238,0.6882326653941058
1740f8b3-73ce-4f42-9e02-f7da72042206,2023,2023-01-31,0b94d899-a6a7-4449-b626-07126971cd67,015de200-e75d-4f5c-b26f-60089691f965,-7,0,-8.968017059846254,0.26800863367242944
19a93815-6a2f-4dcf-811c-2745d581a45d,2023,2023-01-31,bfd30209-fc33-44e7-a4be-7d2be91b2842,9d09ebd0-f5e4-4022-b315-aa3719219b6a,2,1,8.700578589030545,0.836734032790804
20f59889-54ca-4e49-8696-bcd48b259644,2023,2023-01-31,173a69ab-4f3c-453a-a1cc-8b83c0ee2b49,7a193c3e-c732-47d4-b893-cc0c575ff431,9,1,6.865915564720615,0.7772109919959229
2f222f82-53ca-4c44-a4fa-1b63f626587c,2023,2023-01-31,a35d0124-2cd2-46ab-b613-2438a97b6ddd,a757dae2-f596-4065-9e29-b365b91af590,11,1,-11.06721532102352,0.16071773094575245
418aea2d-9f4d-4dfb-9e23-1166533e94f1,2023,2023-01-31,957c8e2e-1939-4c65-af04-df116ac4086d,07960f6e-9ad4-45bb-82bd-06f477a011e3,23,1,2.2396869874732133,0.5747249749450081
659b55bf-c945-4696-bc97-0cfbe6d982ef,2023,2023-01-31,db9252c1-9697-4f77-b192-93b1badf442b,a15edd2c-08cb-44fc-81cd-ab493e8364d6,-14,0,-6.0073369974200155,0.30844323457400863
68b5eb22-22c3-445c-a63c-10eab4a2a561,2023,2023-01-31,e4d1f824-05c1-46d2-a96e-fd3dba7ac334,1e86acec-a854-405d-a4cc-d096ee03f22c,16,1,9.659699446237209,0.8550162652084564
89f6c0a5-7130-4ef7-b5b5-0e75c7743058,2023,2023-01-31,4b5bb58e-38b5-4132-b2e0-876169cd4017,f7d3e028-cab6-4277-8d9c-799f5bec0712,11,1,2.0262265529757832,0.6474916740613812
9664cdbf-782b-4920-bc01-566b2d51ee69,2023,2023-01-31,fccaf1a2-1439-499c-87a3-1615684518bd,894f397c-9c66-43c1-9223-fd405e35b0f8,4,1,16.53627008676775,0.9533551853939186
b0204931-76e7-467b-98c5-0ce6d8d93e7a,2023,2023-01-31,ad6b613a-f36b-446f-81a7-6095bcf8a45a,6ddd1347-422a-42ab-8c8e-fd5c9b4e78f1,12,1,8.941304909880927,0.8402095423129403
b0727b30-a393-44f0-b6cf-fc25354ef714,2023,2023-01-31,89023aa7-6034-4d33-96dd-3566c7afc79f,45f03492-2831-493f-8176-63dfae6670de,-9,0,-3.961065478164868,0.3223923273200617
b562a77c-5427-4fe8-bff8-fba475605218,2023,2023-01-31,fa0efad2-ee60-463a-a297-fb45c393e624,81ba36f8-a53b-4696-8877-2e9bb161598a,16,1,2.2140640284358515,0.5239960080403335
ba94bd29-e207-4fea-96f7-90a0bf8bbc37,2023,2023-01-31,8e941979-021a-4b68-ab5b-5ee34fe0e06a,f6d79bbf-f8fa-4aad-8a37-6172d43ea482,57,1,15.962982856908615,0.9578128824557905
bb919b6c-82fc-4b56-ac80-26490b9bca08,2023,2023-01-31,d5e139fa-05e7-4c6e-b083-5261fa76ee6f,01325ccf-0551-472d-a463-55f692a5e50c,4,1,-2.5913124075541214,0.39112906509503803
d5c530c1-2f67-4e1c-9568-344a6738f35f,2023,2023-01-31,93759732-e117-45b2-a99f-f09b689de84c,05dbf7f3-9fc5-4818-bf47-490e1f7c7186,9,1,-9.70561958046285,0.20085990531414538
da572665-466e-4a15-aad0-1680b61a74a7,2023,2023-01-31,12a96cea-6b94-4165-bfbc-3fbee5bd51ab,be0c2be1-019f-4c49-9ef1-92f53c9c23b0,12,1,19.27322155627573,0.983272681775351
e2471d76-2630-483e-8230-3056cb52bb52,2023,2023-01-31,208232bc-9495-4351-b34b-874117e7ab9b,d5e2b5fa-8cb9-45b6-a822-4e64c46bc8fd,-17,0,-1.5616802422455598,0.48195271022862174
e570aa9c-9314-4a14-8512-50207c6c0daf,2023,2023-01-31,21bdd018-a21f-44da-982a-98efb6d24ca1,892bcbe8-a66c-4c57-88ed-c82e0c13706e,6,1,7.707863064997453,0.7845154575959645
ee462e88-45a1-4573-8a6b-cceee0a55476,2023,2023-01-31,7b4d1f71-de6c-49c1-a95c-de84c4aa46a5,9c773261-49b7-48c8-816e-3e3260997d71,-3,0,-9.274573873628398,0.20569847373864267
f5395bff-5e9e-4c82-bc2b-3b6ab0d9dee4,2023,2023-01-31,9cf58c59-1075-457a-b79e-942b453b75d1,23328a3b-6bde-4b61-960d-5c45fab4d16a,8,1,-7.165884019496025,0.2826828451921017
fb097a6e-4adc-4b3f-b247-2bc307929248,2023,2023-01-31,611e61cb-eec0-4487-b0c1-1ea8cdba0762,bc48226a-5e03-49d2-aa5a-550081373e7c,-9,0,-3.293182127680992,0.3903605549421293
04d3a6be-51f3-4394-8cb4-b799b15eda99,2023,2023-02-01,effe733a-ab00-44c0-ba8a-c389badc7014,3ad98900-f406-42a6-b9c7-7a2d3f0a9867,-2,0,-11.84229422217285,0.11540904309659519
08e6ac7d-07df-419c-b664-638dc2484727,2023,2023-02-01,324a87d8-6e5f-4df1-adea-5c7c07bc3880,fc903652-4ae3-4b36-82b8-fea6345f3b2e,18,1,8.247627366931336,0.7312886266241357
0d295492-940f-4a2f-b2ca-81c73d2a5af7,2023,2023-02-01,dd027a18-2cb5-45a3-a0ce-f3f9eb7bde2e,407f6796-76ab-4c28-8f30-cebbfbe534dc,14,1,8.875511515589759,0.8673314142996031
1359e97f-654b-49cf-b849-4af5bfbd98e0,2023,2023-02-01,3b586230-34c7-417b-bdcb-3245c5a8de8a,d3246ba0-2060-4e3f-addf-f8704b79380e,-1,0,1.1275588808100048,0.5580155160663013
1608ed4b-38fb-485c-83bf-b02318a7d9fd,2023,2023-02-01,cd2892b0-c423-4723-86bc-3988015a8015,22641200-31a8-4bc1-9df0-8a3393139dde,20,1,7.908524094673167,0.7552806111733601
26e463ca-7af7-4b84-a360-8616dcd855a3,2023,2023-02-01,4fbf8f67-3961-4bf4-90b3-56c201b1283f,2a391736-2322-4864-894e-4856c2d517d7,-7,0,3.784994961748876,0.7126379724755868
2f35eb68-5611-49e6-a81d-077668db5e4b,2023,2023-02-01,bce5e657-8430-4508-b956-64ed47e82de9,66f42ce4-3183-445f-b7db-b673bfb1fe7b,11,1,2.902349408512111,0.6416613351237055
3644500b-f5b7-444c-bb57-55174a9f06b3,2023,2023-02-01,55f602a6-b8f4-4fc5-b30a-9a23ad91a2d8,8d694562-759b-462a-9766-ac29e999df71,7,1,13.554106704610467,0.9204287135976191
3bc14e2a-112f-45cc-a3a5-87cf3ecdb426,2023,2023-02-01,34668727-07c8-40ea-adb6-3541d9d7f32c,75608756-6246-483c-8138-59d3749a8d3d,-8,0,-6.579304526244565,0.23478370919716687
3fb39b5b-018a-43eb-9b06-24bd7c5ac5bd,2023,2023-02-01,1cddcec2-cf89-4c5c-9810-d148c368b08a,d6ec4d5f-7d79-4064-be14-71636bf66d75,-12,0,0.31362041266085683,0.47129917849451874
3ff31c1e-9820-4b7a-9239-4fee173445c3,2023,2023-02-01,15d2579a-33fd-4772-9d78-e929a093bd79,b1cd7b83-cc64-42a8-b41b-45343632eee6,9,1,9.003405632631997,0.826674478319965
420a8483-f84b-4c3e-9d2c-30110dd15fa6,2023,2023-02-01,599c2f7f-3472-4f93-9807-39b33c575236,4a1337bf-77da-4acc-8a27-5f6ee2d1db60,10,1,9.648726834763014,0.8273108267968685
4586f08d-d33d-4c11-b6d2-e10a5faf2a09,2023,2023-02-01,eccdef36-c666-44f9-bd7f-17e4e33e2def,48ff6f70-fd07-4a02-ac71-b973f0ea0451,6,1,2.223071990205466,0.6301155090744163
45fd79a7-5fde-48bf-9e52-f92fa2a56e89,2023,2023-02-01,71aa15ab-9b94-4d3a-88de-3f0ae5d9a44c,60cca73c-a30b-4fec-8cc0-a18b3dde7312,35,1,18.957568163884627,0.9775280107512894
49596dba-3fbb-46af-97ab-9e521e66334f,2023,2023-02-01,e198833b-92f3-4fa3-a2cd-82f04ec7e0c3,2dba4db9-bc1f-41f7-b1e5-8d94e117c1e9,28,1,11.796626125216271,0.9155749024867167
4a8a2efc-9e81-46da-b7dd-7afffe5d5cab,2023,2023-02-01,cbab480a-8e87-4eb0-ab35-22228c66f68e,11018b71-58b8-48c1-aafe-d3f42d4dc4b9,-8,0,-7.862557494910157,0.20410472961809006
5388a089-d798-477d-961b-6f36a09fdf39,2023,2023-02-01,48e9401c-d41f-4f19-9358-0f41a8d74ea5,0d002e4e-eb5e-4b77-9116-89839d4f537f,-2,0,-0.850999341699474,0.43931695302447776
578bcb60-343f-4c36-bfd4-7ab5ab46a0d9,2023,2023-02-01,c88614c4-bad0-48db-990c-90a3243c3734,c238c9de-59e6-4d8d-b9d0-745eb8ec96ab,-10,0,-15.122362905364119,0.044121511876284956
586235f7-4acf-41d4-b9ae-7631b3095042,2023,2023-02-01,cdac95d6-25af-43a9-a6c0-1004aaa6a183,bdf949ac-7376-4c1c-b4d1-a2b6d1142a71,14,1,7.533923176406119,0.7936388510265975
5a70b8ae-7006-4a76-9612-128f60513c34,2023,2023-02-01,e39dbea2-e913-4bf0-9407-8ef31b60b82d,c21e5ab2-08dc-48f9-b923-9526ce89d623,22,1,5.4413867693962805,0.6682782943745279
63267f90-8e5f-4cb5-9667-317e6598b15b,2023,2023-02-01,e1e53055-037a-4acb-82e9-552f8abd6635,f4fab986-a169-4f78-8a7b-6be149e86c10,-12,0,9.453155480620184,0.8480743676609299
6cff8f7d-085e-484d-bfc5-94777f4598a5,2023,2023-02-01,a4574b8e-6d1d-4ed4-a947-b175f74c6387,4ae8be32-616f-4721-85c4-1e22239e7db8,21,1,17.22774763451313,0.9636142315816476
6d37e50a-e8a0-4a48-af5d-8420dad74465,2023,2023-02-01,043e8015-480a-461d-aae5-6cb149237466,bb243294-1aa5-46dd-af42-c3676717c61a,-8,0,-2.569916504512005,0.5027689178784402
6df99c90-833b-474e-8191-4aa33fa65f10,2023,2023-02-01,7bf0273c-57aa-4412-be01-e0e08fb7cd81,a61813fd-4a0a-4112-9fe9-2d33fa01a9aa,2,1,-0.6551788489441988,0.5610106865116379
6e1e8456-3ac0-48ad-81df-853cde003cb7,2023,2023-02-01,888089ca-9632-4e33-856f-b210b1d946cb,05300c53-1c99-44fc-894f-5d062cc9254d,2,1,7.213929720160559,0.8082714277258303
70c78c5c-92a9-45f2-a704-68428aec51e3,2023,2023-02-01,b0eb9a16-e704-4784-bc96-af277fccf122,e10bd2a0-5b84-4d41-a1ef-08b801a04039,-10,0,-0.2628555519645206,0.5092932119280754
7950a49f-2cbc-4eac-8d99-085d8c6b7a0f,2023,2023-02-01,ef80c085-db7d-4b36-8fd0-13ac9be0099c,aecccfce-5e00-489e-87e1-2622303b6120,8,1,4.612475245307737,0.7168020923027961
86232560-d503-40ca-bbe3-f59959da0f77,2023,2023-02-01,4a6135ce-718a-497f-924d-23f4797243ee,d6e9ba69-1ef1-406a-8fd1-17ef1a6980e3,16,1,14.15607443925949,0.9384134689932729
910ebd1b-9a2f-4702-8ce0-4a16850459e2,2023,2023-02-01,db22a3b8-fd13-44f3-8968-9aeb04d833e7,89150efa-06a3-4a88-82d3-26b3797ada35,-19,0,-3.1362056615164624,0.3681445417259731
af20707e-0ce1-4fd8-b261-1d2a0640f832,2023,2023-02-01,f51695f1-a8ee-4f8c-b518-879ffe6b0dca,c84adc87-6cd7-4df0-9245-59fa829300e4,1,1,-5.685754319846852,0.2858810916581504
b86a05f4-9021-48bb-88e3-0d8bf78c6175,2023,2023-02-01,11c41163-ceed-438b-bc9e-333b60a36e6b,a81b1489-4c0f-4a3d-bfe8-a9efcdb13d79,10,1,11.56596114165493,0.9105497812109259
c56051a6-ffcc-45c7-854e-7a2194b7837f,2023,2023-02-01,eefb221a-cb2c-47a8-a13d-1f008fc6a8a0,1900d158-6fb0-407f-a2df-6e37a1db2dc3,9,1,10.48234732451483,0.8943834924462335
d3eb044f-b74c-49ff-9a59-aeb9a7587cd7,2023,2023-02-01,d92b9143-ae83-4c94-b9c3-d1cbae1b7565,3950a3d3-d1b1-4dd9-bf4b-2356ed344246,21,1,11.768783518059273,0.8682236577904837
d5f175b9-904e-4e2b-b35f-bb7edf061952,2023,2023-02-01,6d0447fe-c13a-4ab3-b46e-cc2a08eb057e,9cc36a7f-4ac0-4523-b7cb-99b33fd2fb4f,13,1,-5.297181923942964,0.36510119846251904
e587e61d-caf1-42a6-9f1b-38ddf786a441,2023,2023-02-01,127a96c4-6d95-4519-ae56-77c271aeea23,c20e9648-8980-4cb8-b139-4343f24b2e91,-1,0,4.833553011907281,0.6562633338732854
e91a5b1f-1872-400f-93fa-8a906101a31e,2023,2023-02-01,348c253f-b663-454e-9b7d-051280f46334,99bac3ff-1929-4a83-a593-5c1e123a25e6,12,1,2.4561441421809964,0.6564646771185886
ee9fa222-ccae-47aa-b874-224747947352,2023,2023-02-01,8674cdcf-acde-4035-bcae-1c7c0d7549e5,f408da5d-dcf7-48d6-b4b4-485c6241d6d4,11,1,9.865856156711823,0.8204357756059809
f25f4019-c9a6-446f-8b71-f4c3d800590a,2023,2023-02-01,f022d404-14a6-4105-afd2-445afe77bad5,0112fa43-c6c9-4c88-be78-7e0818374d56,-4,0,2.8059139063143688,0.6500202034798805
f2b0c46e-1dd7-47e0-9b05-3abbf8b919cd,2023,2023-02-01,445a7698-bd20-45f7-9c62-e0ca0057e959,ef9503da-6c3d-4207-ba0f-3cf770627dbe,-18,0,-16.013978120933142,0.0631898448802005
f35f0f9c-1748-4a88-be4b-e3c7fbad1e5f,2023,2023-02-01,526a8e73-78d6-4268-9f89-6f7d90e5dcd3,712e6366-f137-4f9f-a647-831a2797543e,10,1,-4.74357298524066,0.36303080572267127
fa985fc5-6b2e-4e49-8db0-c54106d0f390,2023,2023-02-01,f14e71df-6c53-4abe-b789-c0d73a44b276,6359c55c-0527-4830-8bbf-51141c0ff2a4,-15,0,7.937136123022486,0.7962254943651547
fb04fc98-a3d3-4234-9af0-cdeab0c4ef09,2023,2023-02-01,40fe605d-085b-468f-aec2-614432798d3f,ba34e76d-5905-4b7b-9c5c-9e014d969c91,25,1,0.10336230610268603,0.5046302328036036
038065bb-8ab0-468c-873c-f8ccde16cbcb,2023,2023-02-02,63373289-6a60-4345-8e60-c44894f4f8cf,f0c6c56b-f155-45b4-bed7-e886af6e82f6,-19,0,0.5686148142959849,0.5168353561539168
05e3eb4f-e396-42c5-833f-4f62b63c2013,2023,2023-02-02,71bfb11f-a38d-45a5-914a-5006c7417da4,252b92fd-b788-4b9d-9cf4-94b7e591640f,18,1,2.6994464644417446,0.610229397351275
09308ef8-78a0-40c9-b1ac-a63ca892d1d7,2023,2023-02-02,9874a1c9-7e78-46e4-8d3e-6fce94e7046c,0ac20cc2-e801-4648-8850-2fde30c2def5,-5,0,2.0682290496876137,0.5647049110224115
0a24be6e-479c-4b81-ab27-c565684b1bcf,2023,2023-02-02,8782ac7a-e553-475c-b110-c58c7e61ddd4,b847237b-f1fa-48c8-a618-17553efdc228,1,1,7.997495580560938,0.8633353940631834
0c9cbf6a-1916-479c-a1bc-963d2f5a796d,2023,2023-02-02,8e864d36-5a07-4d24-bea5-f7b85c3187bd,251330f1-c041-4520-b4a3-114f8f6b2ccf,-6,0,5.819425053272347,0.7600440664398003
0fdff92d-c79d-4093-b549-8eb6161d5ecb,2023,2023-02-02,090a9b59-4e95-410c-b5f9-c4d63d9caea8,e44bc5f8-7dc1-4aac-8beb-924a7c5ee465,-3,0,-9.622042203596502,0.11756410635271922
1352ec26-ab93-470e-824f-f56aaee81fc4,2023,2023-02-02,474263db-dab8-4b0d-842a-548132e82b33,d65c47b7-fea1-4f82-a29b-c2d4f4e48b4a,-6,0,-6.073298636776334,0.2984799262787935
1428874c-d64e-467b-a94b-09f2623d0411,2023,2023-02-02,8681e6eb-5cf9-45d5-b215-af3a54ebc784,c8e7388d-5a50-447b-ade8-addcc758d8dd,-9,0,-10.590472371274075,0.09561833561043911
18666f8d-66a1-45f9-bc80-22dfa35d72b7,2023,2023-02-02,d4ca3878-1113-45b1-abbe-5a9a3c7c5430,38a65109-33be-44a5-928b-459db9d9dbc7,-19,0,-4.165497748449384,0.32432648247960694
195f6d17-e0e0-4ccc-bb55-0e80a7f5c732,2023,2023-02-02,588cf783-9153-4586-adb0-8eb7fb71d013,a155af26-bc09-4c69-9940-efff8f3d15e3,-13,0,1.2021108024550997,0.5347040114706897
1eeb9886-be7f-41b5-8910-9869013258e0,2023,2023-02-02,20fdaaba-bd75-4d6e-bf13-299d2f1704ef,07ca1d8d-4805-44f2-90ed-b18eedfd097b,17,1,15.465603081404652,0.9485415089554321
215460d3-cc10-46d4-b479-76a7f115b10b,2023,2023-02-02,c1ddb62d-8103-4ef4-a556-df9238531bdf,57f7bf85-91b0-433d-b843-94485a520954,-20,0,-4.404708124042362,0.39141344184713994
21e75da1-c439-491f-bac3-a58b0f7f2f14,2023,2023-02-02,81ba36f8-a53b-4696-8877-2e9bb161598a,d19262e6-6584-4276-9fb9-d5690c3ca053,-17,0,0.5357579530035695,0.48795661937838436
24200a66-26ed-45b5-8dde-0d0833ad96a1,2023,2023-02-02,29613880-f1b8-40b8-a09f-a825765c5e40,14900e69-e972-4137-8f13-5ef152e0075b,8,1,8.072716957219546,0.8276276685784051
25da37dc-6f15-4d18-b214-e3dfbd37218d,2023,2023-02-02,2cb246a7-863a-4dc7-ab3d-eabccbf12019,bea9ec66-e41d-4afe-aa79-8a5b0f020811,-13,0,-0.5903088253383524,0.4709257173543125
31066d6a-041f-4d8f-a05f-e38c77631bde,2023,2023-02-02,bab73e4f-6d77-4aa0-8c6f-347009c2283e,11b2b228-e668-4561-b527-22cb63540f1a,10,1,8.633581822355122,0.8275116679565263
34eb9978-326d-4abe-a5d8-5da949a9f6f5,2023,2023-02-02,96babb60-08c6-42a2-becc-a075a465dcc3,143599fb-b821-43e4-b0ee-2f6e521ddb11,19,1,10.100654357121464,0.8167772930350432
3722852b-d67d-407e-be2f-6509cf111a60,2023,2023-02-02,ef3cd1ae-ef09-458c-a751-658436d5dfbd,61c096bd-3b5f-48c1-9f04-b18693a77cc0,6,1,4.545106905177913,0.7007059024668665
412ba0d0-20c3-4800-b188-80b28edb9e90,2023,2023-02-02,f1d0f01f-d161-44fe-a534-6f4383fe2d0a,39668771-063a-4cfd-ba1d-be18a842d5a1,-12,0,-18.580950375601585,0.061038019827721675
41414a13-d472-4945-a97d-bb5041607754,2023,2023-02-02,d13063ca-830f-4027-a1e1-7961d39c81fc,e5fb9be0-e310-42a1-9744-47b3878c37eb,26,1,13.438665255084825,0.9266605416472934
49a0cd7e-e88f-419c-9a9c-776df5b39cd9,2023,2023-02-02,f16d5827-0b65-4b48-bd2d-584314873b9d,b4194217-55eb-45bb-b105-160e06f0b625,13,1,17.58253357173182,0.9633442633087955
49ffb31e-2202-451c-9cbc-2bce93f0531a,2023,2023-02-02,80cec103-b3b1-4978-9b4a-f1ad161630fd,7e4e4039-a37d-4b42-80aa-0fc18e241eff,-5,0,-0.8499377332273151,0.4019560325642168
59d3e78d-fbb4-4c26-9b36-8d74cd492eaf,2023,2023-02-02,7631bceb-b254-43fd-b331-b90b901b5959,0e5ca5e6-5ea7-44a7-8587-b4c7834a4c52,2,1,7.022563405241027,0.7121506885686162
62d767bd-f208-4762-811d-9070484a7aa7,2023,2023-02-02,b034bc0b-a11f-4e43-b372-127640b1d5b0,873aeddf-ece1-4971-83c5-24ff228e2954,-6,0,-8.240297423881008,0.2516356833081042
63903a50-f1e9-4621-893c-a21a2e8286e7,2023,2023-02-02,22b7e3ea-2a6b-4f0f-8f10-40ab409da1e7,f4f493b9-00c9-48e9-a9c8-934ed203169e,15,1,7.026128284604737,0.7591166755255877
64d7b90a-1c53-4312-bd7f-d3c800880fc2,2023,2023-02-02,63b264d5-0679-4b31-b175-0c1d019bb0f4,fc62dc2f-7404-4a85-b1d6-49d5135283a3,9,1,-1.1512439843954947,0.3847166923444122
67fd77f1-9e14-4ae3-aecc-5df282c90ad7,2023,2023-02-02,f9620376-5493-4730-bf10-8b6480bd3e43,9ba3b86f-e9ff-4c69-a5a2-865d61dd56ff,7,1,8.435369289688355,0.8516267811854128
75c390d6-43dd-4b18-85e1-6b2518ffd09e,2023,2023-02-02,9226a51e-74e7-48ed-9e95-6890a182148d,d7828b57-33e4-4922-bfdd-4780151816ed,-3,0,6.116635176224736,0.7749910613882341
774fd954-0653-49e4-8b9e-4cff929c473d,2023,2023-02-02,7dfad569-05d6-43d5-8f47-defff4a50649,21051f5e-6142-4894-a3a9-09bada612b47,23,1,6.902850663846735,0.7960030920690757
78890da5-5887-4367-a070-a48ac1a880bb,2023,2023-02-02,bb0be232-db5b-490f-a3df-709f20bdfb71,d739e8c5-4395-4b08-b8ca-445d1a57a451,2,1,6.901951081581303,0.7707040496083056
7be85cd0-d687-4e5b-aa8b-b35c0a478f2e,2023,2023-02-02,d680033e-5d87-4349-8622-dcce2bc0559c,718dfd9d-59ef-415b-875a-8c861f6adb33,13,1,1.5104523944835249,0.6163005573469512
7e7e338a-1e97-4725-845a-2d2642cf1bbb,2023,2023-02-02,77dbd2b6-8c48-42cf-9cfc-6fffa07402bc,e62f6be3-07fc-4d39-9d92-158e9218c40a,-8,0,0.11898001527404509,0.48360845245174505
84283556-e96b-4dc5-b23b-9955bfe2a551,2023,2023-02-02,bf2aafb4-bbb6-476f-acfd-8793128f565c,c6e998ac-727a-42d2-a2d4-0e7c854dd383,10,1,5.035133623430059,0.718805119343227
857381d8-9777-41a2-a2bb-47c5a3f7a268,2023,2023-02-02,2f8127bf-68b4-4cd4-bb81-d18b7f461cba,170f63c1-c0da-4464-9352-7a33c5e2b3eb,12,1,7.50349975368266,0.7730002777515573
867b7e13-a744-47e7-86c0-80d51cb087bb,2023,2023-02-02,e0accbcd-bd68-4bc0-a2a3-3c32753815b5,bb82a5ec-96c1-460b-a414-50e0d2b6b1a4,8,1,-5.352945827672974,0.3344848365357161
88f131bf-7c0d-4e76-9bd1-17816c91cd96,2023,2023-02-02,814a38f7-2f64-498d-b6d6-a9ae4df96850,72c1f395-5916-463b-8353-47b99a272098,-14,0,-1.3151270191047957,0.4335123830438737
8a4e7e6f-45fc-45ea-b206-2559a96c8c85,2023,2023-02-02,41088861-2288-4681-9b1c-b52f63527faf,ed26e9f2-0346-429e-8084-a40c091454e8,18,1,11.023846385220399,0.8689521204563186
8ba964d1-ebf2-4d67-be9d-15cfa5c2b092,2023,2023-02-02,65974f84-3069-4f25-8f4b-7ccb79790430,e7f10812-f961-4c56-b848-22cb16073f49,1,1,-9.585676051015069,0.17529753739951742
98836313-d314-43e9-a3d3-5621b997a7cb,2023,2023-02-02,1e95b7a8-8a2d-4c93-bd01-79b311a80f40,0d4551fb-d4fc-4659-b14c-fdeba3555569,22,1,8.603126260753351,0.8180222861705291
99ef0b69-069d-4990-8a4f-a41a1ef5a817,2023,2023-02-02,34002612-3816-4311-b39c-41d24ddcf17f,c3807661-da5f-4ce7-af5a-e086fc56158a,2,1,7.877843083939632,0.8386640203205623
9a00ceca-7341-4065-980d-82acc9c008ea,2023,2023-02-02,afebdb69-0f48-47d1-ac8e-740bb58c993e,97cd7805-e5a7-4739-97dd-116010ceb9af,9,1,11.469224982174357,0.9168397915255461
9d9bd8eb-6ce2-454c-9df0-75de014e0654,2023,2023-02-02,88205ce6-ad31-4ffb-998c-fb9164c40dea,a2362a90-be36-417a-ba1f-0cd8ca99ef80,5,1,-1.0169360194861998,0.46183976002287663
9ecd741c-4d28-454f-9f13-e58bd9d976e8,2023,2023-02-02,410b3365-a1a1-4bca-b3fa-52270a02f75c,105b326b-5a9b-4c89-a5ec-7e020f9e72e9,-6,0,8.02923684345447,0.8357266057428895
a08687e2-66bf-46e6-83e2-d904a391a377,2023,2023-02-02,61442116-53fe-4490-9f2a-17aad40fb68b,fba06d20-1fc1-45f5-b731-d3ad36f309ec,-4,0,5.012579925787816,0.6944361387192766
a0d0971e-5075-46ca-ab37-b78fde4a6aa8,2023,2023-02-02,29503a81-0fe4-4a0c-8022-d23ac7e092b6,eed17656-6fec-4cf5-aacf-f932c5b66084,-4,0,10.57525202231874,0.8371215611452122
a6c9e97d-45f6-4eb3-a20e-13eb55633a29,2023,2023-02-02,9a68215b-c4da-4c48-8fdd-6f9862b46f80,92c5eea2-cf1c-4902-bae5-39cf63a77442,9,1,21.151432303742595,0.9843261031306283
ae3a3e2a-bd9b-4fef-8d27-2720b2b14438,2023,2023-02-02,edd0d0e3-31f0-49f2-a22c-b47c8e8ba9a6,325c1fce-e70b-481c-bc59-315b7defd4ad,-9,0,1.2985590265335802,0.5534981340180093
b8c3b7fd-0baa-4e04-8ff0-054d80c12ebd,2023,2023-02-02,bdb8394a-cc25-448f-a1b9-ef5fe40bb204,58fab53e-62a1-4e7b-acbc-71e06102931a,13,1,3.2407950732972535,0.6350628559493348
bec05a3a-3761-4cb9-8859-0ebc824279e7,2023,2023-02-02,54b6e673-584f-4030-af7d-052c75277798,92e2201e-4d6b-48b2-b40f-1980a5b48c0e,5,1,0.9712263058006946,0.5415682097555652
c1d15ab1-b21a-4b39-8f04-9c88ea1a3144,2023,2023-02-02,d42bc01b-0728-409e-8ce3-c205d30493c1,16e5ce2f-bdd7-49bd-a906-9aeaef0ffa08,-9,0,-4.754054098211256,0.3668247214426064
c3be5a36-f7a6-4aa3-bf2c-0d2f970315de,2023,2023-02-02,9cee8aea-80de-46c5-81a8-499fc49acb57,c324cc75-a904-484d-b520-1f21664c89d7,-18,0,-10.999138947249975,0.09449857407987473
c3c0d01b-e840-4398-ae91-8d9d9f186d4c,2023,2023-02-02,393745fb-1951-4506-ba94-c10dcd66ee50,9988778e-cc80-4486-aad5-9ebdf21f2965,14,1,6.251087492867919,0.7447736881920726
c49bd01f-8799-4e66-ab75-5afff315af98,2023,2023-02-02,6aa9d05e-84b3-4e72-815b-fe3dd02b1e03,1b6320e0-71b4-46c2-9fb4-0c801f4c8770,6,1,11.296284197586203,0.9070534543742832
ca39d0aa-3e0f-4846-b53b-c488460f28f9,2023,2023-02-02,927f9c80-da40-44b1-834f-ea1d457600d3,e383f809-990a-4dd9-85b1-4288d45884e7,-7,0,-1.6350764508107702,0.41546396148332665
cd2ca8b8-b6ed-432a-be3f-66d36fce98f4,2023,2023-02-02,cbb7e0c8-4326-453b-9357-a01df1076809,e81d4510-e1ee-4dbf-9b00-28fe6eedbfb4,9,1,3.933563138513843,0.6637928027586198
cef38762-cb3e-42ba-b5ff-4977ccb0dc5c,2023,2023-02-02,428b85df-3b5f-4b21-a384-f1bd53f95d19,8a231892-e40c-466f-9e2a-016a3433fda0,1,1,6.159179693000379,0.7433787345210979
d136e7bf-15e7-4681-bda8-7d121e5baeee,2023,2023-02-02,c8da4ce4-29a3-4f99-b827-9b55afb4e0d5,00ba2ccc-f972-4423-adaf-34e87d0f5992,4,1,7.190013505885587,0.7898620457859296
d174fefa-e4c8-47fc-9e89-86b32e3a77ce,2023,2023-02-02,40d1c23d-da10-4e19-8a9f-d69e48e05c30,5bd87308-1027-4aba-a8ef-970bf8e9ac0e,8,1,5.193098566808824,0.73688570397065
d4ada943-4f1f-498e-a002-2c2f11a6e8b7,2023,2023-02-02,a1fb658f-49be-4887-a725-48a42276ac48,b1119bba-a47a-41ed-adea-9967a72cf21d,30,1,3.437148711861883,0.6554473992843639
d68b0841-363f-467a-8a82-b91d46624e47,2023,2023-02-02,1f74189d-a265-4a43-9a13-b26dc844746e,4ba5494d-a428-4c7e-92a2-fa5f8a096b3e,9,1,-0.7585920234598141,0.47698859448323544
d8fe0d51-66eb-4351-87da-48ccdc743e4c,2023,2023-02-02,b6c50d53-e53e-42aa-8c2e-1297e733737d,4d964b45-0956-4e20-9bb3-92d90690ea01,6,1,-4.417981360653333,0.326330511302868
deb037df-2a74-4e89-a03f-f9385037652c,2023,2023-02-02,0939b5e1-8421-4924-a8b9-9846ca06f2fb,88dfcbfb-3d60-4978-b275-46ae9f682ad8,-7,0,1.036592783464679,0.5850799926548843
e0659168-2e08-4df9-895d-2ac2371d2ae2,2023,2023-02-02,6748ba88-58dc-4e41-b3b3-d8df2c4a3c4e,63b38daf-556d-4012-93d1-faf2cc5da515,-16,0,-8.181618035649004,0.22663775231475436
e50c6576-09e0-4ad6-924e-af4ab9061c7a,2023,2023-02-02,07fe7a79-3bd1-41c3-99f8-6c7f857756dd,a0454954-f558-44d1-812e-59b90041128d,4,1,-4.843071218268358,0.2995369031313043
eda29cc2-e66e-497e-bd42-8a0452bd4284,2023,2023-02-02,b2a4914d-552d-49ca-818c-4219f9a5baa7,7970fe41-5393-4223-935a-46250b8a26dd,-20,0,-9.04655411269429,0.20402579855056907
2b35fc2d-d8fa-4a0b-89f0-b3ba7ac51c91,2023,2023-02-03,ff27601d-133f-4abc-a42e-f55d4f497bb0,9f8c4a3a-10fc-427b-a3b9-f54bcc243010,21,1,9.788230357583453,0.8859231516037795
2deb9d0b-805a-4710-bc9d-7144215eb94b,2023,2023-02-03,45f03492-2831-493f-8176-63dfae6670de,a35d0124-2cd2-46ab-b613-2438a97b6ddd,1,1,10.167172552223334,0.8670897112122675
3464a41a-7033-4e2e-94df-c1c274950fff,2023,2023-02-03,d1838999-77de-4a4f-9d66-e6071f5a079f,7d7d8e50-802f-4f7c-aedf-3116a743e835,7,1,8.788946779028663,0.8384665217485406
34ac8cc9-5815-4ef2-a96f-17b7b0231e41,2023,2023-02-03,66ad8504-16f3-4990-9abd-ff1e776dfb86,e145a47f-597f-46fe-b58d-64dae192efc0,3,1,0.4292649662462351,0.5118006456615666
3bcde57b-6e40-47fa-aac1-bba3ad7e9b6d,2023,2023-02-03,218250de-64b1-4e7a-9b64-e426441584e4,067fed65-5ce6-4ac2-b769-11805417f5ce,5,1,-4.495995983779807,0.2859140056534664
83b9f87c-7f17-40be-931f-356a539725fa,2023,2023-02-03,21bdd018-a21f-44da-982a-98efb6d24ca1,ec764a7a-bdf2-49ba-9830-7408ea7f453b,15,1,5.822853241465972,0.7449066425361563
ae7b407b-7831-4797-8f9f-d06f88945c6b,2023,2023-02-03,93759732-e117-45b2-a99f-f09b689de84c,0b94d899-a6a7-4449-b626-07126971cd67,20,1,6.0130733336441455,0.7052840818377857
aef1a398-d8c5-4c17-bcc1-24923faf4871,2023,2023-02-03,05dbf7f3-9fc5-4818-bf47-490e1f7c7186,015de200-e75d-4f5c-b26f-60089691f965,20,1,9.380930297149503,0.8294563155039577
af3a811d-1d19-4da7-bc59-bc5a795325f1,2023,2023-02-03,304b93c1-4157-43db-bc99-6f2b071e4429,3fb4c1d4-021b-4e64-a997-b47421257d4c,30,1,16.65310614136304,0.9450105128961799
cf4def26-d0b8-4655-8b0e-d810e2b450bb,2023,2023-02-03,88471167-5c0d-4477-bf1c-b50a9fa96a10,805b30dd-e009-4031-8968-ef4d8bbf928b,-12,0,-7.463951899210699,0.22156972932071223
e7fed18c-2e07-47ec-b688-58503fd0c677,2023,2023-02-03,d5e2b5fa-8cb9-45b6-a822-4e64c46bc8fd,12a96cea-6b94-4165-bfbc-3fbee5bd51ab,12,1,0.5987586988450607,0.519676788561749
f703b2f0-28a4-4e97-819c-1d6464065163,2023,2023-02-03,030a591c-8164-4635-bb33-29a4c98e0b5b,c79c0f1c-2685-4621-a2d2-476af53195cb,9,1,12.738336145427128,0.9343817543773019
02f3d682-570c-42ce-9e90-88fc21acef72,2023,2023-02-04,01325ccf-0551-472d-a463-55f692a5e50c,b0eb9a16-e704-4784-bc96-af277fccf122,32,1,8.19526516154951,0.7733894500901966
061fc7dc-2112-4ca2-82b4-3dd405ec480d,2023,2023-02-04,88205ce6-ad31-4ffb-998c-fb9164c40dea,ca0af9b0-0073-4e1c-baf8-a15069168abc,-12,0,-11.972219720707285,0.09023229414183442
0672fe04-b029-416e-ab0b-f79be803beaa,2023,2023-02-04,e0accbcd-bd68-4bc0-a2a3-3c32753815b5,65974f84-3069-4f25-8f4b-7ccb79790430,2,1,-8.05602605780298,0.22110597816679478
0b310745-31bc-4ffc-89d7-1a32a6b7ec5d,2023,2023-02-04,c88614c4-bad0-48db-990c-90a3243c3734,8b7efe80-a558-4a31-90d4-b59ad2ffdcac,-6,0,-23.31186269088864,0.03402572084415867
0f5b5fb0-6afa-4d36-9fda-74a12583c593,2023,2023-02-04,99bac3ff-1929-4a83-a593-5c1e123a25e6,d13063ca-830f-4027-a1e1-7961d39c81fc,6,1,-0.11382802425979555,0.4805509546073655
14853da0-7e3a-4ff6-be36-bb0dd64d7536,2023,2023-02-04,526a8e73-78d6-4268-9f89-6f7d90e5dcd3,2dba4db9-bc1f-41f7-b1e5-8d94e117c1e9,-3,0,-2.0042333358170397,0.4276758982412226
14b91e1e-ecd6-4479-8813-a90debb0607b,2023,2023-02-04,f7d3e028-cab6-4277-8d9c-799f5bec0712,4ae8be32-616f-4721-85c4-1e22239e7db8,25,1,16.468311799081288,0.9611143074088485
14cdff5f-ba81-44a8-b096-d25fe862aaf3,2023,2023-02-04,bfd30209-fc33-44e7-a4be-7d2be91b2842,127a96c4-6d95-4519-ae56-77c271aeea23,6,1,6.934017968460749,0.7677249548890278
14e5d900-c5c2-488c-bf1a-771d322c01ce,2023,2023-02-04,e198833b-92f3-4fa3-a2cd-82f04ec7e0c3,712e6366-f137-4f9f-a647-831a2797543e,8,1,7.337478489823068,0.786459045322626
158618ab-7277-4ab8-a03d-77cf5f46c0b2,2023,2023-02-04,ef3cd1ae-ef09-458c-a751-658436d5dfbd,39668771-063a-4cfd-ba1d-be18a842d5a1,5,1,-9.10039050426957,0.1703540882682048
1e12e9ee-5bd7-4c97-a386-feb56f070801,2023,2023-02-04,c1ddb62d-8103-4ef4-a556-df9238531bdf,105b326b-5a9b-4c89-a5ec-7e020f9e72e9,26,1,15.391106195950918,0.9462661814879298
24e5dfb6-88ac-4d68-a6d7-743ce62423ba,2023,2023-02-04,a2362a90-be36-417a-ba1f-0cd8ca99ef80,1c48e10a-5d97-4c46-8f8b-4217683da26a,-7,0,-6.121779335481181,0.26065598190936173
251b366c-91b9-46d9-a875-f59177c65d1b,2023,2023-02-04,eaaf67e1-30a6-41ca-a400-906b86d42a58,11c41163-ceed-438b-bc9e-333b60a36e6b,11,1,2.868982536682413,0.6633011462884449
2646776b-d1cd-400f-a5d7-84864026afc2,2023,2023-02-04,1900d158-6fb0-407f-a2df-6e37a1db2dc3,55f602a6-b8f4-4fc5-b30a-9a23ad91a2d8,-3,0,-13.243005516709989,0.08034029732230233
278120cd-cf9d-45ea-a647-05576f61d9fd,2023,2023-02-04,2f8127bf-68b4-4cd4-bb81-d18b7f461cba,9ba3b86f-e9ff-4c69-a5a2-865d61dd56ff,24,1,12.362562961927,0.9271970379080612
28227882-7dc0-4a75-9a48-301210e8926e,2023,2023-02-04,07fe7a79-3bd1-41c3-99f8-6c7f857756dd,325c1fce-e70b-481c-bc59-315b7defd4ad,-8,0,-8.858525758119372,0.24753943731436176
2985bf56-9aa8-485b-b0d9-e1959ab83932,2023,2023-02-04,cb921ef9-be3d-4c14-9e83-9926205e601f,effe733a-ab00-44c0-ba8a-c389badc7014,-3,0,9.308180538790834,0.8228221712290186
29b75bb6-387b-4a8a-a274-44b2769257ad,2023,2023-02-04,3c06c3f7-a7c4-4179-a9a7-d9b86afaf42c,4ba5494d-a428-4c7e-92a2-fa5f8a096b3e,-4,0,2.0507257483515504,0.6116934060731609
2ac99b97-497a-49ea-86d9-b538a64ea31e,2023,2023-02-04,f9620376-5493-4730-bf10-8b6480bd3e43,170f63c1-c0da-4464-9352-7a33c5e2b3eb,5,1,1.8713754486111576,0.5767303904622703
2d2a58e4-110c-4613-a1c2-084101f72bdb,2023,2023-02-04,d1838999-77de-4a4f-9d66-e6071f5a079f,c79c0f1c-2685-4621-a2d2-476af53195cb,22,1,17.149620022838448,0.9551894978960265
2f022c06-4767-46fe-9b20-ba1077bb322d,2023,2023-02-04,9a68215b-c4da-4c48-8fdd-6f9862b46f80,c6e998ac-727a-42d2-a2d4-0e7c854dd383,24,1,14.1372163136931,0.9298811829489616
2ffc9c21-d124-44b3-8656-4d774da9259c,2023,2023-02-04,bc48226a-5e03-49d2-aa5a-550081373e7c,6d0447fe-c13a-4ab3-b46e-cc2a08eb057e,5,1,5.267738047184206,0.7113911721268156
3381a5c5-f44c-4e87-bc98-9049a52f2c3b,2023,2023-02-04,71aa15ab-9b94-4d3a-88de-3f0ae5d9a44c,b349d38b-bc08-42d6-bf21-e6c826c45b62,6,1,2.1392051669861614,0.5443721746780068
3512cb6a-b390-4667-9460-3a829b6a4dc9,2023,2023-02-04,3c7653b4-ff75-43ce-b3db-0654e938bcd3,762cc817-6e37-4650-89d1-6bff265dd1b3,27,1,6.361789790024643,0.758951189991027
3c41c93c-4875-40d5-a9c5-c5ae32cebfc2,2023,2023-02-04,63b264d5-0679-4b31-b175-0c1d019bb0f4,21051f5e-6142-4894-a3a9-09bada612b47,-14,0,-1.1289216398953743,0.444034170770148
3da1d44d-6c88-4fdb-a514-1a6d28e5596a,2023,2023-02-04,60cca73c-a30b-4fec-8cc0-a18b3dde7312,27a2a3c7-c672-4a2e-8381-bf31d528c0d0,-35,0,-15.168216199086137,0.060698509722018464
403050e6-1fb5-4aec-8fad-64f3fb6f2d3a,2023,2023-02-04,b034bc0b-a11f-4e43-b372-127640b1d5b0,0e5ca5e6-5ea7-44a7-8587-b4c7834a4c52,7,1,-1.6556584649021377,0.4544000125751251
435f20fd-89a4-491e-8486-3e9632b92e98,2023,2023-02-04,d20936f6-b751-41b7-a241-c75beb459360,bc1a0cad-570c-477b-93fb-2050c0e2f9aa,-2,0,9.433861659040824,0.864408201943047
4ac1b5ba-8926-430c-a4e4-686b9ad3df90,2023,2023-02-04,7dfad569-05d6-43d5-8f47-defff4a50649,fc62dc2f-7404-4a85-b1d6-49d5135283a3,5,1,5.4972441006806125,0.7795348776995427
4cb41fdf-70b4-48bb-b04e-f89ce7a7897d,2023,2023-02-04,c238c9de-59e6-4d8d-b9d0-745eb8ec96ab,b1cd7b83-cc64-42a8-b41b-45343632eee6,5,1,7.932518647473141,0.8487746623487239
55281abd-0fd7-47ee-a907-aa02a3467db5,2023,2023-02-04,e5fb9be0-e310-42a1-9744-47b3878c37eb,34668727-07c8-40ea-adb6-3541d9d7f32c,8,1,1.3216944194989935,0.5624250519157982
55407d71-6bac-4365-9a7c-07143fb61a88,2023,2023-02-04,9c773261-49b7-48c8-816e-3e3260997d71,be0c2be1-019f-4c49-9ef1-92f53c9c23b0,25,1,18.982920233764826,0.9796747246465686
55b6f78e-77d9-4050-b3ef-cc5b75d72101,2023,2023-02-04,34002612-3816-4311-b39c-41d24ddcf17f,bea9ec66-e41d-4afe-aa79-8a5b0f020811,18,1,3.374813076367253,0.5894595281246646
56a167b5-dd7b-4e6f-bb7f-718d3d2504d4,2023,2023-02-04,3016ba37-71e2-4de3-bc39-86d07a8a3e44,39d71fee-a4e0-4399-8698-547fdb4fb256,-28,0,-10.38966440636175,0.10407729752115766
5791c0a1-b9e6-40ae-b27c-88507fb63111,2023,2023-02-04,043e8015-480a-461d-aae5-6cb149237466,3950a3d3-d1b1-4dd9-bf4b-2356ed344246,15,1,5.946173813939992,0.7284315711825395
5f00f231-5578-4482-9a49-8a3a63f09093,2023,2023-02-04,a757dae2-f596-4065-9e29-b365b91af590,7b4d1f71-de6c-49c1-a95c-de84c4aa46a5,10,1,11.374477003104353,0.8958964789756421
5f024596-15e5-4936-abb3-4b425ead0c6e,2023,2023-02-04,fa0efad2-ee60-463a-a297-fb45c393e624,e4d1f824-05c1-46d2-a96e-fd3dba7ac334,2,1,0.9950884494186355,0.565772254623812
615c7316-9f4c-42e4-9265-cefa620b5113,2023,2023-02-04,11018b71-58b8-48c1-aafe-d3f42d4dc4b9,7bf0273c-57aa-4412-be01-e0e08fb7cd81,3,1,8.2880518260445,0.771491351507578
6b3da3af-8e5e-4634-8376-09181e2b32f6,2023,2023-02-04,f6ffbdfc-4780-4966-b75f-aa6ff30a7928,ad6b613a-f36b-446f-81a7-6095bcf8a45a,15,1,-2.5446304920814518,0.3900279444361949
6dc222e4-dfbb-457e-b7dd-d8bb4a4ae21a,2023,2023-02-04,bab73e4f-6d77-4aa0-8c6f-347009c2283e,5efbece3-af1d-4f3e-8930-388ee4604cac,-11,0,-2.3572337952627285,0.418865048971873
700e2ba8-75c5-4237-b0be-68bdb831b810,2023,2023-02-04,090a9b59-4e95-410c-b5f9-c4d63d9caea8,29115cd5-8aba-4a2e-89c9-20f7d87b7051,15,1,6.052027269800931,0.7173843568166656
70566fad-4be3-476f-b7d8-0c8dfcf887d2,2023,2023-02-04,bdb8394a-cc25-448f-a1b9-ef5fe40bb204,7970fe41-5393-4223-935a-46250b8a26dd,-8,0,-8.54336614222764,0.17302726083891878
764316d7-eea5-4fb9-a7be-41a8178462de,2023,2023-02-04,fc903652-4ae3-4b36-82b8-fea6345f3b2e,dd027a18-2cb5-45a3-a0ce-f3f9eb7bde2e,35,1,0.33232412713000603,0.4170248166482485
76e4c08b-6a25-4811-b2b5-3727a64b8dc4,2023,2023-02-04,e22f605d-41f6-4e5c-915a-987ad0c44569,9c36dca1-e045-4592-9000-60f62b244bf1,-4,0,0.5317303112150762,0.5563874689514821
7a133e90-7e0d-41a1-b4ac-88a54daf8436,2023,2023-02-04,a61813fd-4a0a-4112-9fe9-2d33fa01a9aa,348c253f-b663-454e-9b7d-051280f46334,24,1,4.597764283865988,0.6644975676191325
7cfd79a8-3c1e-4afe-8835-b5197cf37ff2,2023,2023-02-04,cbb7e0c8-4326-453b-9357-a01df1076809,f3eafab2-d52f-4409-b7ab-63598919e46d,4,1,16.75946849258707,0.948659603385987
7d42e44c-94f9-4653-9432-28c295027bd7,2023,2023-02-04,1b6320e0-71b4-46c2-9fb4-0c801f4c8770,75db89bb-f85d-4726-b2c5-e7f61c8115c4,-13,0,-7.423657365922621,0.28428911620057584
7fdab1a3-5632-4a24-8102-0973738e9e22,2023,2023-02-04,927f9c80-da40-44b1-834f-ea1d457600d3,d3246ba0-2060-4e3f-addf-f8704b79380e,7,1,2.7506993621429396,0.63977146268359
805c9d9e-382b-431d-86db-2ee048f1d7f1,2023,2023-02-04,5a36a71a-5c48-4f55-a80e-17e194f320ac,72c1f395-5916-463b-8353-47b99a272098,-1,0,4.038823658275697,0.6121461110949827
806a4be7-ce52-424b-91f2-b08d1b9d7edc,2023,2023-02-04,7631bceb-b254-43fd-b331-b90b901b5959,873aeddf-ece1-4971-83c5-24ff228e2954,3,1,1.1146689625087778,0.5402579917149055
84068a8e-4aa6-4f3f-b985-832265544cfe,2023,2023-02-04,71bfb11f-a38d-45a5-914a-5006c7417da4,16e5ce2f-bdd7-49bd-a906-9aeaef0ffa08,33,1,0.8891131268230956,0.6131159948393784
8a7aa2e2-e941-4e9a-a5c4-f80aac4f722f,2023,2023-02-04,0112fa43-c6c9-4c88-be78-7e0818374d56,fccaf1a2-1439-499c-87a3-1615684518bd,9,1,-7.703153632232907,0.22585035031857334
8d333dda-3914-463e-a522-529d286667ce,2023,2023-02-04,20fdaaba-bd75-4d6e-bf13-299d2f1704ef,c282b887-5bc1-41e5-8a0d-15287474de7d,4,1,7.615377057629871,0.7743112531377184
8f947322-81b3-4d52-8239-0c601d3698b0,2023,2023-02-04,29503a81-0fe4-4a0c-8022-d23ac7e092b6,0d4551fb-d4fc-4659-b14c-fdeba3555569,-2,0,6.605198905468549,0.8061504223377397
95b7af9f-5c5a-4f07-8014-6514e3e85a5e,2023,2023-02-04,2cb246a7-863a-4dc7-ab3d-eabccbf12019,c3807661-da5f-4ce7-af5a-e086fc56158a,-15,0,3.8261837603189557,0.6917573140632463
967885fe-286f-4065-a5f2-692c245753fc,2023,2023-02-04,c8da4ce4-29a3-4f99-b827-9b55afb4e0d5,814a38f7-2f64-498d-b6d6-a9ae4df96850,21,1,19.327256049730227,0.9798160436568565
9cdfbdbe-dfd9-4bd9-94e9-6f1ad9e104b1,2023,2023-02-04,11c420a2-9004-49a5-8268-6683a741a32e,9c1c5097-7168-4529-8378-8f68f206bd9f,-1,0,-1.1392310896381963,0.44011368312178895
9de3a12b-7975-4d09-9821-99c252986ea6,2023,2023-02-04,e10bd2a0-5b84-4d41-a1ef-08b801a04039,d5e139fa-05e7-4c6e-b083-5261fa76ee6f,6,1,5.558476868321795,0.7380255371195361
9fa033ca-a0a5-4a9f-b4c7-9382123da393,2023,2023-02-04,a155af26-bc09-4c69-9940-efff8f3d15e3,588cf783-9153-4586-adb0-8eb7fb71d013,7,1,2.2683657955480867,0.6244040569649761
9fab38a0-25c5-4c65-8fe6-7886c44dc220,2023,2023-02-04,030a591c-8164-4635-bb33-29a4c98e0b5b,7d7d8e50-802f-4f7c-aedf-3116a743e835,6,1,6.959172148804757,0.7889962406952092
a0558ddd-8f22-4ce1-8176-3892e9685973,2023,2023-02-04,410b3365-a1a1-4bca-b3fa-52270a02f75c,57f7bf85-91b0-433d-b843-94485a520954,-20,0,-12.58680852483888,0.09787916312905456
a1f39612-977c-4ac6-ba69-5be4c6e7831e,2023,2023-02-04,d42bc01b-0728-409e-8ce3-c205d30493c1,252b92fd-b788-4b9d-9cf4-94b7e591640f,3,1,-4.754384771000684,0.27309960766991637
a6d5a17a-e561-40de-9f7d-d0a51ec40b53,2023,2023-02-04,4a3968bb-0d67-41c6-af5f-7ac59ae5cc3d,0939b5e1-8421-4924-a8b9-9846ca06f2fb,2,1,1.456752036669419,0.5686958818488392
a7f720a6-1a8a-4746-ad02-fc6b31bfd3df,2023,2023-02-04,894f397c-9c66-43c1-9223-fd405e35b0f8,8674cdcf-acde-4035-bcae-1c7c0d7549e5,8,1,-3.3259540517846204,0.3597171975454809
a9f47a2e-a940-4543-ab9f-ad6334f7b092,2023,2023-02-04,edd0d0e3-31f0-49f2-a22c-b47c8e8ba9a6,143599fb-b821-43e4-b0ee-2f6e521ddb11,4,1,4.485639275898786,0.6360090885830384
aa203fea-c8f6-4306-963a-17b12eb0e8f8,2023,2023-02-04,c8217375-b6d5-43ec-910b-76632babdbbd,11b2b228-e668-4561-b527-22cb63540f1a,-8,0,-0.6623626310382712,0.5267884604094812
ac80fcef-1723-4b4b-b2ee-7efa9d3e5285,2023,2023-02-04,15d2579a-33fd-4772-9d78-e929a093bd79,43c4f9a5-d6d5-4dd2-bfac-0bd3adaf79f7,8,1,13.103232466773827,0.936608381846807
afacc18c-544b-46f2-9c6d-b4f3e76fe06b,2023,2023-02-04,75ed6a75-4599-4fee-816b-ed729babf81b,35329519-6dde-40e0-b790-2b49aca6673a,-13,0,-8.43343695663497,0.1674884584482665
b2402679-5162-48ea-8ffa-b29fc856dced,2023,2023-02-04,bf2aafb4-bbb6-476f-acfd-8793128f565c,92c5eea2-cf1c-4902-bae5-39cf63a77442,6,1,12.858454944903052,0.9202893596404547
b3bd7847-31af-4fbb-8c51-88e79e821fab,2023,2023-02-04,6748ba88-58dc-4e41-b3b3-d8df2c4a3c4e,b6c50d53-e53e-42aa-8c2e-1297e733737d,-6,0,6.691906363314358,0.7546080195117578
b4b8c0fd-c0bc-4aa1-954f-55b759df1571,2023,2023-02-04,cdc199b7-a710-4c11-a6e7-2384b399c06b,cd2892b0-c423-4723-86bc-3988015a8015,5,1,-3.69747196139552,0.3854167103337249
b7f0f5ab-ee1c-4b2e-ac7c-c86eb4891cbf,2023,2023-02-04,d7828b57-33e4-4922-bfdd-4780151816ed,63b38daf-556d-4012-93d1-faf2cc5da515,5,1,-1.4085969012540753,0.40316753744204925
b9a7c5a9-627e-4245-acf2-aff457a1eb85,2023,2023-02-04,a81b1489-4c0f-4a3d-bfe8-a9efcdb13d79,8e941979-021a-4b68-ab5b-5ee34fe0e06a,-10,0,-20.549722126092714,0.03680504688282797
baa63865-942c-4c1e-a7f1-112a1f763944,2023,2023-02-04,61442116-53fe-4490-9f2a-17aad40fb68b,e823a53e-c3a4-40d9-b40a-4d7eac69e962,-5,0,-1.7524800704102736,0.4245361132228752
c4251911-51ca-4504-9b4d-673695edcf95,2023,2023-02-04,9cf58c59-1075-457a-b79e-942b453b75d1,c9739eef-f828-47a4-bcc0-548844cff9d5,-9,0,1.214671061994268,0.5535678776155155
cc453537-02b3-460f-be16-9df1a08f656b,2023,2023-02-04,d92b9143-ae83-4c94-b9c3-d1cbae1b7565,ba34e76d-5905-4b7b-9c5c-9e014d969c91,13,1,12.75647439004781,0.912103664373848
ccd617c4-ca85-440f-a0c7-fe0ea9b17447,2023,2023-02-04,1e95b7a8-8a2d-4c93-bd01-79b311a80f40,eed17656-6fec-4cf5-aacf-f932c5b66084,19,1,11.198159456862907,0.8870389258751044
cd3381d7-b9b9-42f1-9bc1-fd6d86ee5429,2023,2023-02-04,23328a3b-6bde-4b61-960d-5c45fab4d16a,173a69ab-4f3c-453a-a1cc-8b83c0ee2b49,-4,0,-3.576914233391236,0.3302812089676232
d0f29f92-7f0f-47f5-a544-3b4f54ad6cc5,2023,2023-02-04,9cee8aea-80de-46c5-81a8-499fc49acb57,6bcb5e3d-9b4c-41f9-86b6-1f44432462b3,-1,0,-7.5346430746424,0.1673824577971952
d562fab5-8d79-4301-99c6-275c55df0418,2023,2023-02-04,88471167-5c0d-4477-bf1c-b50a9fa96a10,297b5678-ce67-4c02-bfc4-2ccec5343d09,-19,0,-14.716093315274705,0.05815090074319397
d676a5e6-fdf9-4af0-b79d-3d8e472b9437,2023,2023-02-04,8782ac7a-e553-475c-b110-c58c7e61ddd4,d739e8c5-4395-4b08-b8ca-445d1a57a451,13,1,9.04773182461502,0.873895695693736
d70a13bd-618e-42d6-a4bc-fdcbdf68abca,2023,2023-02-04,c84adc87-6cd7-4df0-9245-59fa829300e4,eccdef36-c666-44f9-bd7f-17e4e33e2def,15,1,12.809979661839243,0.9262683487197714
d8b69527-f678-4636-bb71-29e37cd3139c,2023,2023-02-04,bb82a5ec-96c1-460b-a414-50e0d2b6b1a4,e7f10812-f961-4c56-b848-22cb16073f49,-17,0,-10.543598216164566,0.1712909064694715
e1380bc6-1bdd-4338-b7b3-bb5cd8af6c36,2023,2023-02-04,d680033e-5d87-4349-8622-dcce2bc0559c,9988778e-cc80-4486-aad5-9ebdf21f2965,5,1,-3.844446951822476,0.3328852575840375
e259d476-904f-4172-bdb3-e4672c45aaee,2023,2023-02-04,96babb60-08c6-42a2-becc-a075a465dcc3,e62f6be3-07fc-4d39-9d92-158e9218c40a,10,1,4.6339231208663,0.7005077447147753
e2bf2fa4-8adc-4021-8628-d6aebbe9dd32,2023,2023-02-04,474263db-dab8-4b0d-842a-548132e82b33,b1119bba-a47a-41ed-adea-9967a72cf21d,-3,0,2.4302035548713943,0.6307370194194385
e5ad2476-da7e-4d87-9395-bada9fbc6e0f,2023,2023-02-04,80cec103-b3b1-4978-9b4a-f1ad161630fd,a0454954-f558-44d1-812e-59b90041128d,6,1,2.431447040463859,0.6541368518245356
e74b9e05-a519-4c1d-861f-4f22a3659a85,2023,2023-02-04,afebdb69-0f48-47d1-ac8e-740bb58c993e,41088861-2288-4681-9b1c-b52f63527faf,8,1,2.2233906236749523,0.5942707196548817
e75b35e2-38da-475d-ae0e-2e36ca2579ea,2023,2023-02-04,ef9503da-6c3d-4207-ba0f-3cf770627dbe,f51695f1-a8ee-4f8c-b518-879ffe6b0dca,43,1,12.264071401229753,0.8935956099610889
e9a64784-be43-4081-8c44-64cfe13ef8c7,2023,2023-02-04,f1d0f01f-d161-44fe-a534-6f4383fe2d0a,61c096bd-3b5f-48c1-9f04-b18693a77cc0,-1,0,-5.866040283902726,0.3162472001351147
eb3752ec-258d-46e3-adef-19f1988fa145,2023,2023-02-04,f4fab986-a169-4f78-8a7b-6be149e86c10,89150efa-06a3-4a88-82d3-26b3797ada35,-18,0,-9.256003332274414,0.1773230796339671
eb9c3873-d409-4ef0-a0f3-0ff029a1d2be,2023,2023-02-04,f408da5d-dcf7-48d6-b4b4-485c6241d6d4,295728d9-e6d3-43a5-a29d-26c403f073cd,-15,0,-2.112601979528478,0.39197435992449997
eccef53a-5d33-44f4-a1cb-641a3ac1468e,2023,2023-02-04,1f74189d-a265-4a43-9a13-b26dc844746e,92e2201e-4d6b-48b2-b40f-1980a5b48c0e,13,1,4.2704409298004276,0.6481831184066255
f35867f1-7ba1-446f-a102-df7218c5a155,2023,2023-02-04,db9252c1-9697-4f77-b192-93b1badf442b,208232bc-9495-4351-b34b-874117e7ab9b,-9,0,-7.212922855910664,0.2370527633234745
f50de276-a971-4aa1-9c5c-62ff82807fec,2023,2023-02-04,8d694562-759b-462a-9766-ac29e999df71,599c2f7f-3472-4f93-9807-39b33c575236,-8,0,-8.107173668961247,0.22862990041748676
f54a9493-d696-4e72-82ce-e318a9b0cb39,2023,2023-02-04,718dfd9d-59ef-415b-875a-8c861f6adb33,fba06d20-1fc1-45f5-b731-d3ad36f309ec,-4,0,-3.5730349919311495,0.4208838361330797
f81c571f-b73b-4e58-a266-01d0df6c6a70,2023,2023-02-04,0621d617-e31d-4e1e-a043-a11af2f706de,bce5e657-8430-4508-b956-64ed47e82de9,-9,0,-1.8280338675593442,0.3548570051646415
fb139a3b-f4b0-47e8-ad4f-5146575b5047,2023,2023-02-04,4db0dce7-2ca3-42fd-b71e-f5e13debacfe,e39dbea2-e913-4bf0-9407-8ef31b60b82d,-1,0,10.89257953246828,0.8801511532173105
feb18668-e5e2-47a9-b988-653cb13e2538,2023,2023-02-04,7a193c3e-c732-47d4-b893-cc0c575ff431,ab66209f-04c2-4600-99c8-cc177f001266,6,1,3.265235743879935,0.590106086101644
ff8b5fb7-358a-4b6b-bfd7-9421265f6caa,2023,2023-02-04,a1fb658f-49be-4887-a725-48a42276ac48,d65c47b7-fea1-4f82-a29b-c2d4f4e48b4a,-11,0,-4.427933083936623,0.2740340100950805
0f3a5fae-c706-4244-aa60-7efbdaac77be,2023,2023-02-05,067fed65-5ce6-4ac2-b769-11805417f5ce,66ad8504-16f3-4990-9abd-ff1e776dfb86,-2,0,4.805156196306364,0.7263785249270236
2843d17e-8012-41d7-94fc-8ac83d4e359e,2023,2023-02-05,cdac95d6-25af-43a9-a6c0-1004aaa6a183,7b423c28-572a-4a7a-982f-3d59e0fb25fe,-8,0,4.030038022562592,0.6501123611894961
44c88e0f-f498-47f9-b3b0-81dd536f0a45,2023,2023-02-05,218250de-64b1-4e7a-9b64-e426441584e4,ff27601d-133f-4abc-a42e-f55d4f497bb0,-11,0,-2.7851940791495524,0.3877310773328924
4b59c28b-9d22-499f-9dc4-59275ffeef42,2023,2023-02-05,d19262e6-6584-4276-9fb9-d5690c3ca053,9874a1c9-7e78-46e4-8d3e-6fce94e7046c,8,1,5.211379320794269,0.7094550398254025
4dbd2237-0cc3-4005-a364-6ee65a602e9f,2023,2023-02-05,4a1337bf-77da-4acc-8a27-5f6ee2d1db60,eefb221a-cb2c-47a8-a13d-1f008fc6a8a0,20,1,0.5871716064253958,0.5948173346352107
61c927bf-6c61-417a-ab25-8a95d6071371,2023,2023-02-05,21bdd018-a21f-44da-982a-98efb6d24ca1,3fb4c1d4-021b-4e64-a997-b47421257d4c,-4,0,6.623414029537407,0.7618366093208656
6adf1919-3f34-4c6c-acfa-39185be2b7bb,2023,2023-02-05,06ef3673-5d7a-4701-aed9-726aa07838e4,c8e7388d-5a50-447b-ade8-addcc758d8dd,-16,0,-12.191396244969969,0.06458267586032648
6b41edff-971e-41e7-99a3-5a00015da826,2023,2023-02-05,0ac20cc2-e801-4648-8850-2fde30c2def5,81ba36f8-a53b-4696-8877-2e9bb161598a,-2,0,1.4327788007373332,0.5675497155285822
7d53d7f7-5443-4060-8043-c0c532212d18,2023,2023-02-05,1e86acec-a854-405d-a4cc-d096ee03f22c,22641200-31a8-4bc1-9df0-8a3393139dde,9,1,-6.639715025043342,0.2587944098911681
8a9bbf11-b32c-411f-8c49-f304cbc7e141,2023,2023-02-05,ec764a7a-bdf2-49ba-9830-7408ea7f453b,304b93c1-4157-43db-bc99-6f2b071e4429,-9,0,-10.834879524993337,0.10123095234059673
a3ab6649-d52c-4bd2-a52d-228fc2832d77,2023,2023-02-05,cb08f172-db74-448e-aaf2-80d96b32bed4,8681e6eb-5cf9-45d5-b215-af3a54ebc784,-11,0,-8.466019268357607,0.1920213564434469
aee4255f-3c22-407b-b07b-df8a6a4608cc,2023,2023-02-05,f16d5827-0b65-4b48-bd2d-584314873b9d,251330f1-c041-4520-b4a3-114f8f6b2ccf,22,1,4.553044797977352,0.6915570324790247
dc89571b-3786-4ea7-b6bb-ea2dd7c40894,2023,2023-02-05,8e864d36-5a07-4d24-bea5-f7b85c3187bd,b4194217-55eb-45bb-b105-160e06f0b625,15,1,18.22514622532969,0.9858046451143982
dd00cf6e-fc1f-4b6d-a1d4-b775e2429502,2023,2023-02-05,892bcbe8-a66c-4c57-88ed-c82e0c13706e,e145a47f-597f-46fe-b58d-64dae192efc0,8,1,2.5218249031890427,0.6402061200517525
e1e79f34-4d18-4bdc-9c31-f3281b940b24,2023,2023-02-05,d6ec4d5f-7d79-4064-be14-71636bf66d75,247817ad-6065-4e8a-80e7-26c838de4153,5,1,9.17581476592396,0.846271483908115
1332e6b3-83a7-4784-987b-3e20f4f58c44,2023,2023-02-06,9b92c0ff-02a8-49a0-bb79-32eb70b7681d,cb921ef9-be3d-4c14-9e83-9926205e601f,-5,0,-0.011208258870184843,0.5044092860615307
3739cb3e-fe17-4781-bd5d-193562a10fec,2023,2023-02-06,8b6e9436-9398-4b24-b6a4-24bba0c8eac3,9c36dca1-e045-4592-9000-60f62b244bf1,11,1,4.449243830390886,0.6575716820544487
46643b65-47b2-411a-a9ae-86915c52bb4a,2023,2023-02-06,ad6b613a-f36b-446f-81a7-6095bcf8a45a,ec3ac254-d13e-4b51-95ee-389447c70400,8,1,6.194949803803899,0.7503087886649566
514bb2aa-07d5-4d36-b7a4-7dc078fce5a5,2023,2023-02-06,e22f605d-41f6-4e5c-915a-987ad0c44569,24b5ca48-c4a7-4e8d-8fff-c02904c11b7d,4,1,0.317640926764236,0.5902680676139964
8647b501-0ebd-4cf4-9966-a5ed351e3114,2023,2023-02-06,d739e8c5-4395-4b08-b8ca-445d1a57a451,9c1c5097-7168-4529-8378-8f68f206bd9f,34,1,2.454508754213381,0.5902833394804671
895883cb-9fd4-4179-8c28-d6d00effc390,2023,2023-02-06,e44bc5f8-7dc1-4aac-8beb-924a7c5ee465,29115cd5-8aba-4a2e-89c9-20f7d87b7051,-1,0,18.727875678462997,0.9843585036796916
a5142222-c2bc-4a8d-a7ef-782dd715ee3c,2023,2023-02-06,75ed6a75-4599-4fee-816b-ed729babf81b,4a6135ce-718a-497f-924d-23f4797243ee,-22,0,-22.23639207030547,0.05174980329499616
cbe48ba9-9358-445f-85b6-d10cf1905921,2023,2023-02-06,6c796971-9e91-4507-a6ad-9699cb1ed2b4,958592fd-5c16-45ff-90b4-3242687743e9,-6,0,-6.9933521925469675,0.23972486412847202
e0852c49-b70a-45ed-84df-6d4c62cb418c,2023,2023-02-06,d20936f6-b751-41b7-a241-c75beb459360,175f9186-422d-479c-a771-d9f218a1a87b,30,1,9.544342269051054,0.8563044810901339
e573f34c-91b2-4389-8294-ec30b5d737e5,2023,2023-02-06,f4fab986-a169-4f78-8a7b-6be149e86c10,db22a3b8-fd13-44f3-8968-9aeb04d833e7,-14,0,-2.9215058407308208,0.3695187168480704
ec933697-9b4d-4fd8-b3ee-000a13c6af60,2023,2023-02-06,1a879f38-8a98-47b8-9c92-7da920f1562f,bc1a0cad-570c-477b-93fb-2050c0e2f9aa,7,1,12.178088457050618,0.8928771513214339
f7479a76-e692-4c78-bafe-7494aab877ef,2023,2023-02-06,b847237b-f1fa-48c8-a618-17553efdc228,11c420a2-9004-49a5-8268-6683a741a32e,-5,0,3.8357405953825063,0.6564933481885088
f7b771bf-3ce1-4c29-8fc1-6c76996b4854,2023,2023-02-06,173a69ab-4f3c-453a-a1cc-8b83c0ee2b49,bfd30209-fc33-44e7-a4be-7d2be91b2842,22,1,1.8868194666143376,0.5252204667170901
0383a419-a83c-4c71-9e70-ae528311b55b,2023,2023-02-07,66f42ce4-3183-445f-b7db-b673bfb1fe7b,93759732-e117-45b2-a99f-f09b689de84c,-1,0,5.787910225975886,0.6986959645196175
05d71695-cbdd-46bb-a34c-4be0e46332ef,2023,2023-02-07,f51695f1-a8ee-4f8c-b518-879ffe6b0dca,55f602a6-b8f4-4fc5-b30a-9a23ad91a2d8,-24,0,-9.36612507868153,0.13774044154076812
0a80cc3e-f0af-4d53-9f21-926b1d60c130,2023,2023-02-07,43c4f9a5-d6d5-4dd2-bfac-0bd3adaf79f7,1cddcec2-cf89-4c5c-9810-d148c368b08a,2,1,1.2454144080000076,0.5691682595827269
0ee96b7a-c68c-4ae4-9412-26162cb11144,2023,2023-02-07,ab66209f-04c2-4600-99c8-cc177f001266,e198833b-92f3-4fa3-a2cd-82f04ec7e0c3,13,1,6.058820798200317,0.7614679135541839
2996f11e-3543-4bdd-9833-69023d80a9b2,2023,2023-02-07,bc48226a-5e03-49d2-aa5a-550081373e7c,4b5bb58e-38b5-4132-b2e0-876169cd4017,-15,0,3.7587390219697054,0.6651990084313312
439d5b39-cb84-4ac0-88be-d8dab34d389c,2023,2023-02-07,b349d38b-bc08-42d6-bf21-e6c826c45b62,27a2a3c7-c672-4a2e-8381-bf31d528c0d0,5,1,3.4986557208332725,0.6672585367513628
4fd13498-7465-4bc0-9862-e13668733e3d,2023,2023-02-07,0b94d899-a6a7-4449-b626-07126971cd67,0621d617-e31d-4e1e-a043-a11af2f706de,-16,0,-1.1953261291305803,0.47342967021591364
5404402a-8885-49ed-ab3a-c86a69b2cd01,2023,2023-02-07,3d8ed3b6-e3d1-4a7e-b179-fdc92e2640e7,bdf949ac-7376-4c1c-b4d1-a2b6d1142a71,5,1,12.03376113076421,0.9118141506353943
5f856746-baf1-47a3-8bf5-8c2d725c9db2,2023,2023-02-07,57f7bf85-91b0-433d-b843-94485a520954,40fe605d-085b-468f-aec2-614432798d3f,26,1,12.868756494355125,0.9199905048585401
757b28a9-697c-42ce-8346-ea4d8962c682,2023,2023-02-07,cdc199b7-a710-4c11-a6e7-2384b399c06b,71aa15ab-9b94-4d3a-88de-3f0ae5d9a44c,6,1,2.230493809777242,0.6510792587365096
92a0e545-282a-4432-bd8d-9fe8e1a4f9f8,2023,2023-02-07,07960f6e-9ad4-45bb-82bd-06f477a011e3,2ff94ca5-2417-420a-b20f-387ca6793769,8,1,-2.361478482678557,0.4573009529329657
93d3ace4-8170-4925-8063-cfaa154cd503,2023,2023-02-07,c20e9648-8980-4cb8-b139-4343f24b2e91,526a8e73-78d6-4268-9f89-6f7d90e5dcd3,34,1,16.047083956133832,0.9635983005829807
a9e20121-dbee-4641-b295-0bff1d92bb52,2023,2023-02-07,8b7efe80-a558-4a31-90d4-b59ad2ffdcac,15d2579a-33fd-4772-9d78-e929a093bd79,15,1,10.633329949747482,0.8456080976086902
b88b2d6b-a53e-4830-8f81-a9711ec0748d,2023,2023-02-07,12a96cea-6b94-4165-bfbc-3fbee5bd51ab,89023aa7-6034-4d33-96dd-3566c7afc79f,23,1,15.608585878511684,0.9305252923290903
d9de6ed0-7f2d-4dbd-aefa-129db989b206,2023,2023-02-07,9d09ebd0-f5e4-4022-b315-aa3719219b6a,127a96c4-6d95-4519-ae56-77c271aeea23,7,1,-0.022504641332212333,0.5125698528647715
e1e4d285-4b0d-4e4e-8523-15c07f4a3766,2023,2023-02-07,f7d3e028-cab6-4277-8d9c-799f5bec0712,a4574b8e-6d1d-4ed4-a947-b175f74c6387,5,1,2.0863981532892564,0.5916746740404403
e8ba17fd-c82e-431d-bd3e-f87f4a22888f,2023,2023-02-07,a15edd2c-08cb-44fc-81cd-ab493e8364d6,a757dae2-f596-4065-9e29-b365b91af590,-6,0,-7.679850463806176,0.21166944409134406
ec75cede-40ad-4acd-a9ef-62bf944a7c50,2023,2023-02-07,be0c2be1-019f-4c49-9ef1-92f53c9c23b0,45f03492-2831-493f-8176-63dfae6670de,-14,0,-10.681414292707771,0.10997651459012954
f187d25e-3017-49a1-aa5f-a3b407583eaf,2023,2023-02-07,6ddd1347-422a-42ab-8c8e-fd5c9b4e78f1,d5e139fa-05e7-4c6e-b083-5261fa76ee6f,21,1,2.561890265103498,0.6864800553150899
f28cf91a-c2a9-4db6-bcdb-0fc06a2ce20b,2023,2023-02-07,d5e2b5fa-8cb9-45b6-a822-4e64c46bc8fd,9c773261-49b7-48c8-816e-3e3260997d71,-10,0,1.2727835820687077,0.5635443124683691
f439e630-fdb5-4205-9b70-3db2fa8e41f8,2023,2023-02-07,4ae8be32-616f-4721-85c4-1e22239e7db8,611e61cb-eec0-4487-b0c1-1ea8cdba0762,-4,0,-1.8108028375730263,0.4107823474930795
ff2c25b8-0bda-4f9b-a71f-138f9a621a47,2023,2023-02-07,208232bc-9495-4351-b34b-874117e7ab9b,a35d0124-2cd2-46ab-b613-2438a97b6ddd,5,1,8.007434764303218,0.8372210622622428
ffe08938-9c63-4e1c-aae3-4a38a9f7df50,2023,2023-02-07,7b4d1f71-de6c-49c1-a95c-de84c4aa46a5,db9252c1-9697-4f77-b192-93b1badf442b,7,1,7.082111538010894,0.7586661916861086
098e214e-07c7-4827-9e42-e66b9e795983,2023,2023-02-08,e10bd2a0-5b84-4d41-a1ef-08b801a04039,762cc817-6e37-4650-89d1-6bff265dd1b3,3,1,2.4847005029149054,0.6219501079277926
13d06846-376c-4fb9-ade1-21a0e81e33ce,2023,2023-02-08,ef9503da-6c3d-4207-ba0f-3cf770627dbe,1900d158-6fb0-407f-a2df-6e37a1db2dc3,22,1,15.195986875554183,0.942666163073655
20225964-a2b7-4b89-a24a-e1d6d50513a0,2023,2023-02-08,3c7653b4-ff75-43ce-b3db-0654e938bcd3,b0eb9a16-e704-4784-bc96-af277fccf122,10,1,8.194147784729823,0.8474020903263075
20a81dfb-e73c-4303-934e-3f9e31e923a7,2023,2023-02-08,eccdef36-c666-44f9-bd7f-17e4e33e2def,599c2f7f-3472-4f93-9807-39b33c575236,-18,0,-11.98005379661447,0.1118826660693109
231405ec-5172-4500-8fb9-d8fde2385bce,2023,2023-02-08,814a38f7-2f64-498d-b6d6-a9ae4df96850,e0accbcd-bd68-4bc0-a2a3-3c32753815b5,-7,0,1.9320584065832938,0.6057491288148846
2991e274-4b2c-4f89-811b-265a08b86a48,2023,2023-02-08,d6ec4d5f-7d79-4064-be14-71636bf66d75,c238c9de-59e6-4d8d-b9d0-745eb8ec96ab,-13,0,-5.456316090229435,0.3207132094723278
2a0f230d-c243-44d5-a65e-ad2cd528a625,2023,2023-02-08,d13063ca-830f-4027-a1e1-7961d39c81fc,7bf0273c-57aa-4412-be01-e0e08fb7cd81,7,1,8.270920767845322,0.818750596143624
2a2ee1e3-f0f8-4970-927a-85eddecfce6c,2023,2023-02-08,7a193c3e-c732-47d4-b893-cc0c575ff431,9cf58c59-1075-457a-b79e-942b453b75d1,-6,0,10.396226608794892,0.9106285998355217
2e57402f-d2ce-4669-b21c-ced04bcd569c,2023,2023-02-08,348c253f-b663-454e-9b7d-051280f46334,e5fb9be0-e310-42a1-9744-47b3878c37eb,16,1,9.576874736621692,0.8540730142865683
39b4d092-489f-41bd-b4b2-88c87a75201f,2023,2023-02-08,5a36a71a-5c48-4f55-a80e-17e194f320ac,c8da4ce4-29a3-4f99-b827-9b55afb4e0d5,-19,0,-10.226803265737944,0.09959543694795729
3e459c46-835b-4b61-b519-dec77a140ef0,2023,2023-02-08,c1ddb62d-8103-4ef4-a556-df9238531bdf,bb243294-1aa5-46dd-af42-c3676717c61a,-1,0,-3.0494804607812958,0.33550497767163956
3f48e42e-5bdd-4452-99c7-27cb8a7320f2,2023,2023-02-08,e1e53055-037a-4acb-82e9-552f8abd6635,4fbf8f67-3961-4bf4-90b3-56c201b1283f,6,1,2.223522010854434,0.5529845389090858
40ecf2a1-dcaf-4550-a5f4-a54d08fe2ebf,2023,2023-02-08,eaaf67e1-30a6-41ca-a400-906b86d42a58,a81b1489-4c0f-4a3d-bfe8-a9efcdb13d79,11,1,10.67073819346834,0.9064448606128475
43970577-97af-425d-8072-852e3f2649a8,2023,2023-02-08,f14e71df-6c53-4abe-b789-c0d73a44b276,927f9c80-da40-44b1-834f-ea1d457600d3,4,1,1.54752896486094,0.5365398681331581
440a6f57-55a8-4e6d-b2db-9fde0be47f19,2023,2023-02-08,c8e7388d-5a50-447b-ade8-addcc758d8dd,cb08f172-db74-448e-aaf2-80d96b32bed4,38,1,28.24081435627762,0.9901212357492131
497e4913-0369-47c9-91e7-390c23343677,2023,2023-02-08,aab3630e-9c8d-453f-b0c8-afdfe71a5d3c,48e9401c-d41f-4f19-9358-0f41a8d74ea5,28,1,14.917134441214017,0.9584894777694377
4f2e999d-4dd9-476a-a320-b0290f14f1e4,2023,2023-02-08,b13d1921-03e3-4f47-b962-4e9951de7510,5211ce8f-cc9b-4218-b190-975f87318dc3,11,1,6.127532360651697,0.8009025791050866
5119723c-0168-4b4b-8f62-c85c2b798424,2023,2023-02-08,3950a3d3-d1b1-4dd9-bf4b-2356ed344246,410b3365-a1a1-4bca-b3fa-52270a02f75c,19,1,8.09408216317051,0.7750153984350591
53a6a588-c991-49d5-a7bf-ff099f64f4c4,2023,2023-02-08,c21e5ab2-08dc-48f9-b923-9526ce89d623,06ef3673-5d7a-4701-aed9-726aa07838e4,1,1,0.7349237413158168,0.5215404165908417
542b2f14-82ae-420d-a780-481bbc9fa49b,2023,2023-02-08,c3807661-da5f-4ce7-af5a-e086fc56158a,090a9b59-4e95-410c-b5f9-c4d63d9caea8,32,1,16.681553613788964,0.9609521977254952
55e5d3a5-4468-424f-ad2c-56b35a790278,2023,2023-02-08,d6e9ba69-1ef1-406a-8fd1-17ef1a6980e3,324a87d8-6e5f-4df1-adea-5c7c07bc3880,-25,0,-6.50022240303261,0.2587587619425502
56309678-6a00-4bec-a8fe-ce84024d936f,2023,2023-02-08,22641200-31a8-4bc1-9df0-8a3393139dde,0ac20cc2-e801-4648-8850-2fde30c2def5,-5,0,6.194238140565046,0.7168935224998442
56d4b762-5f47-429a-9895-73d2271490a9,2023,2023-02-08,01325ccf-0551-472d-a463-55f692a5e50c,f6ffbdfc-4780-4966-b75f-aa6ff30a7928,5,1,7.6672167391392225,0.7769747089379637
5926481b-e74b-4cf4-8198-a51792456b57,2023,2023-02-08,2dba4db9-bc1f-41f7-b1e5-8d94e117c1e9,c9739eef-f828-47a4-bcc0-548844cff9d5,-9,0,-0.3495417461931545,0.5036962635743042
5a5c9fa9-cf66-47e5-b848-7ca444f29b7f,2023,2023-02-08,8e941979-021a-4b68-ab5b-5ee34fe0e06a,6d0447fe-c13a-4ab3-b46e-cc2a08eb057e,28,1,12.850451002045778,0.9101936750819263
660c0e57-1b45-454f-a10c-1ee33c97f20b,2023,2023-02-08,d19262e6-6584-4276-9fb9-d5690c3ca053,1e86acec-a854-405d-a4cc-d096ee03f22c,21,1,11.012294223809846,0.8608717530527611
71f40822-66bb-4771-b267-9bb472128fde,2023,2023-02-08,4a1337bf-77da-4acc-8a27-5f6ee2d1db60,48ff6f70-fd07-4a02-ac71-b973f0ea0451,2,1,8.183468208019082,0.7848337742141897
75fb141c-ed5d-4697-b4f5-8ebf6a3dff71,2023,2023-02-08,eefb221a-cb2c-47a8-a13d-1f008fc6a8a0,c84adc87-6cd7-4df0-9245-59fa829300e4,2,1,0.5661785289560606,0.5348045534890963
87e056f0-9fe8-441b-b036-4912c1886ca8,2023,2023-02-08,ba34e76d-5905-4b7b-9c5c-9e014d969c91,043e8015-480a-461d-aae5-6cb149237466,-4,0,5.6608459128146915,0.7486755229887303
90e75c1d-06a4-4bf0-bd09-5f5b0c45bd2f,2023,2023-02-08,fc903652-4ae3-4b36-82b8-fea6345f3b2e,81937a80-a7e9-4025-9c21-2ed38625cdae,-9,0,-12.189645221759257,0.1144456939248146
977b1151-936b-44ae-84fc-57fce09c99d0,2023,2023-02-08,99bac3ff-1929-4a83-a593-5c1e123a25e6,34668727-07c8-40ea-adb6-3541d9d7f32c,17,1,7.141060835898866,0.785078173297985
a3144fef-16f7-405f-9270-1e38aa37fbda,2023,2023-02-08,dd027a18-2cb5-45a3-a0ce-f3f9eb7bde2e,5fa1ed7d-157b-491b-9384-66ab06dfeefb,9,1,5.987047178869537,0.6867654035792068
ae5bbafb-75cb-4e97-8ba1-11ae6ea938ad,2023,2023-02-08,712e6366-f137-4f9f-a647-831a2797543e,d1f5a19f-6263-4ac7-9ceb-e1339595db2f,2,1,6.4489627102950795,0.759742513831804
bdef7535-7b41-49d6-8d99-54deb0f405d6,2023,2023-02-08,e7f10812-f961-4c56-b848-22cb16073f49,1c48e10a-5d97-4c46-8f8b-4217683da26a,32,1,13.937498090634303,0.9282959167362038
be0a898b-6654-44dc-8901-f1d629ddf828,2023,2023-02-08,105b326b-5a9b-4c89-a5ec-7e020f9e72e9,d92b9143-ae83-4c94-b9c3-d1cbae1b7565,-31,0,-16.226897299088055,0.051913312150531084
be2370b4-f64e-419c-9001-29526d181fb2,2023,2023-02-08,894f397c-9c66-43c1-9223-fd405e35b0f8,cdac95d6-25af-43a9-a6c0-1004aaa6a183,-12,0,-1.9744799137652134,0.4812762782476066
c9bfee99-39e0-4823-bb02-0350c4f41319,2023,2023-02-08,0112fa43-c6c9-4c88-be78-7e0818374d56,7b423c28-572a-4a7a-982f-3d59e0fb25fe,-6,0,3.802486369722526,0.6527748146742549
ca85fd18-efd8-44b1-8480-06228351d0d9,2023,2023-02-08,89150efa-06a3-4a88-82d3-26b3797ada35,2a391736-2322-4864-894e-4856c2d517d7,6,1,10.38584267574562,0.9026537025834901
cd0bb5cc-7118-4c63-9210-d40c9641bc8f,2023,2023-02-08,445a7698-bd20-45f7-9c62-e0ca0057e959,8d694562-759b-462a-9766-ac29e999df71,12,1,-8.497860417794362,0.22119985599673483
d89ee54a-dd87-4d41-befb-62fa011f5719,2023,2023-02-08,ef80c085-db7d-4b36-8fd0-13ac9be0099c,4db0dce7-2ca3-42fd-b71e-f5e13debacfe,-18,0,-8.031782269737825,0.21396303545794607
d8ca8c82-7a5f-4ef5-9b9b-5a70fbd3a8e5,2023,2023-02-08,8681e6eb-5cf9-45d5-b215-af3a54ebc784,f7352462-5710-45c3-bd64-969e67428b1f,-5,0,-3.0936005668429343,0.3849862684279191
daad3394-6aaa-4fa3-b1ad-118b652b85a4,2023,2023-02-08,e383f809-990a-4dd9-85b1-4288d45884e7,3b586230-34c7-417b-bdcb-3245c5a8de8a,16,1,8.802907862320838,0.8177006250720618
e402c476-8a4a-4bfb-a22b-095b8bb98311,2023,2023-02-08,00ba2ccc-f972-4423-adaf-34e87d0f5992,88205ce6-ad31-4ffb-998c-fb9164c40dea,14,1,15.983963951739005,0.9678612733212303
ebf615db-fc8d-43de-8fe2-9d670ecf0b80,2023,2023-02-08,1a2c070a-303f-434e-a50d-c98ad9d9f88d,72c1f395-5916-463b-8353-47b99a272098,5,1,1.7051006938514393,0.5243377685255598
eea4808c-6b68-4f11-b5f2-f9ac598827a8,2023,2023-02-08,f612c81a-f044-496c-871c-5c643a5e8f9d,8674cdcf-acde-4035-bcae-1c7c0d7549e5,23,1,6.710669765722521,0.7249353573276333
fb29ec73-e659-4dda-8fdc-0e73da29c5c9,2023,2023-02-08,75ed6a75-4599-4fee-816b-ed729babf81b,92e2201e-4d6b-48b2-b40f-1980a5b48c0e,-9,0,-7.386639757709868,0.2371943686382233
004d7ca0-4299-471e-81ca-08ca01ba6a8d,2023,2023-02-09,54b6e673-584f-4030-af7d-052c75277798,4ba5494d-a428-4c7e-92a2-fa5f8a096b3e,2,1,-7.728812342637279,0.24437534876810985
03a5d8fe-fc43-4a07-8305-8fd92e0d8bd8,2023,2023-02-09,eed17656-6fec-4cf5-aacf-f932c5b66084,ef3cd1ae-ef09-458c-a751-658436d5dfbd,-12,0,-4.1330682739233975,0.3474793036352842
1154388c-2b39-4247-bd23-a4ae30b40a32,2023,2023-02-09,b6c50d53-e53e-42aa-8c2e-1297e733737d,d6fb85c8-3e1a-4375-a5a6-b293e672533e,15,1,3.009908094254253,0.6481022011077207
135f88cc-c731-43d9-8617-6e3c9879364b,2023,2023-02-09,b847237b-f1fa-48c8-a618-17553efdc228,d4ca3878-1113-45b1-abbe-5a9a3c7c5430,22,1,4.888820304825016,0.7161047351767564
141265a6-5698-4afe-9a47-2f595f2536a4,2023,2023-02-09,21051f5e-6142-4894-a3a9-09bada612b47,a1fb658f-49be-4887-a725-48a42276ac48,23,1,5.820076004770796,0.753939707542503
14912b2d-6ff5-4a97-b06d-8db35515c528,2023,2023-02-09,11b2b228-e668-4561-b527-22cb63540f1a,88dfcbfb-3d60-4978-b275-46ae9f682ad8,-9,0,-1.2119328650822558,0.41903891038324914
17de6cf9-3fc4-449f-bf75-cd6655176793,2023,2023-02-09,0939b5e1-8421-4924-a8b9-9846ca06f2fb,bab73e4f-6d77-4aa0-8c6f-347009c2283e,3,1,-1.1188383758263496,0.4590702789996361
1cb27550-6bcc-46ee-861e-d4cdbab0d89e,2023,2023-02-09,effe733a-ab00-44c0-ba8a-c389badc7014,9b92c0ff-02a8-49a0-bb79-32eb70b7681d,-6,0,2.1655395511468174,0.5001836387895147
1d8fcd98-5c07-42fd-9670-cd89e8858f9c,2023,2023-02-09,58fab53e-62a1-4e7b-acbc-71e06102931a,e62f6be3-07fc-4d39-9d92-158e9218c40a,-18,0,-10.737401305679292,0.11133575460663833
20ff0187-4308-48ce-9e2b-eedcb700b0db,2023,2023-02-09,588cf783-9153-4586-adb0-8eb7fb71d013,1e95b7a8-8a2d-4c93-bd01-79b311a80f40,-3,0,-2.025709746957449,0.4462067820265783
39b177bb-4d60-40e4-b3fc-dbe50de6d97c,2023,2023-02-09,c282b887-5bc1-41e5-8a0d-15287474de7d,1f74189d-a265-4a43-9a13-b26dc844746e,2,1,3.158181630600475,0.6208238510888314
442fe5da-c375-42e6-b3b7-f7259d1e64e1,2023,2023-02-09,718dfd9d-59ef-415b-875a-8c861f6adb33,9988778e-cc80-4486-aad5-9ebdf21f2965,2,1,-0.09914249980756451,0.5670429649092468
4f457df5-7153-4be5-9643-fc810ef1c3a9,2023,2023-02-09,edd0d0e3-31f0-49f2-a22c-b47c8e8ba9a6,7970fe41-5393-4223-935a-46250b8a26dd,4,1,-0.4733156176353476,0.5209998357185877
543877cf-5de8-4c93-bcc7-755c5634db67,2023,2023-02-09,d7828b57-33e4-4922-bfdd-4780151816ed,6aa9d05e-84b3-4e72-815b-fe3dd02b1e03,-3,0,-0.37205864766672864,0.509775819338622
57f5a56e-48c1-4ed9-8f17-4a958ddaec34,2023,2023-02-09,a155af26-bc09-4c69-9940-efff8f3d15e3,29503a81-0fe4-4a0c-8022-d23ac7e092b6,-2,0,-0.023565032338745462,0.5047540820842236
6166112a-bbea-47ae-9660-220d27bcf05a,2023,2023-02-09,f4f493b9-00c9-48e9-a9c8-934ed203169e,bf2aafb4-bbb6-476f-acfd-8793128f565c,18,1,1.1118030819456577,0.563869841823649
62c81dea-b6fa-491e-b560-2c08e12797e0,2023,2023-02-09,cd2892b0-c423-4723-86bc-3988015a8015,fa0efad2-ee60-463a-a297-fb45c393e624,14,1,9.938684651492444,0.8179262367726947
6898483f-1461-4039-b93f-6e176157d71b,2023,2023-02-09,fc62dc2f-7404-4a85-b1d6-49d5135283a3,474263db-dab8-4b0d-842a-548132e82b33,26,1,9.417215268058428,0.8458149853486567
77fb6a32-9a3a-4583-866a-d5743d064d3b,2023,2023-02-09,07fe7a79-3bd1-41c3-99f8-6c7f857756dd,80cec103-b3b1-4978-9b4a-f1ad161630fd,-3,0,-5.752432661619078,0.3020926866108897
780d56c6-c714-4a13-8b6e-53dc33bd51b1,2023,2023-02-09,e44bc5f8-7dc1-4aac-8beb-924a7c5ee465,71bfb11f-a38d-45a5-914a-5006c7417da4,5,1,3.1243213545698696,0.6503067209785677
79d06e9f-8051-4836-8ad6-89306710e7de,2023,2023-02-09,0e5ca5e6-5ea7-44a7-8587-b4c7834a4c52,873aeddf-ece1-4971-83c5-24ff228e2954,-2,0,-2.2397650263122753,0.4253947931969471
7ae6b7ae-b65b-449b-b110-5f910efd02d2,2023,2023-02-09,9874a1c9-7e78-46e4-8d3e-6fce94e7046c,81ba36f8-a53b-4696-8877-2e9bb161598a,-6,0,2.3548260739792113,0.6518822228647859
7ff0fb48-c1e3-4d74-9193-238a1c47246b,2023,2023-02-09,e81d4510-e1ee-4dbf-9b00-28fe6eedbfb4,14900e69-e972-4137-8f13-5ef152e0075b,9,1,17.57598134419171,0.9591981249192957
81e480f6-393b-4f93-8f59-f262c6696203,2023,2023-02-09,9c1c5097-7168-4529-8378-8f68f206bd9f,8782ac7a-e553-475c-b110-c58c7e61ddd4,10,1,-1.0849853144221797,0.4715746750115146
83b3f91f-9277-4b28-8263-9bb93df87f44,2023,2023-02-09,170f63c1-c0da-4464-9352-7a33c5e2b3eb,3bc40b20-71e2-4fa2-9c99-8e0b6cc3460b,-9,0,0.12075473452319391,0.4713487459883632
88cfe12f-c2aa-4c83-ab9c-65713a790b76,2023,2023-02-09,07ca1d8d-4805-44f2-90ed-b18eedfd097b,3c06c3f7-a7c4-4179-a9a7-d9b86afaf42c,-1,0,-9.583263768379553,0.11971239545001335
90d8e1fb-c2a3-4319-ad1e-5ea096267762,2023,2023-02-09,d739e8c5-4395-4b08-b8ca-445d1a57a451,b462e428-f59b-4465-b793-4cef6f10cf66,9,1,6.503155972134495,0.7666023637865418
941d21b2-514f-42af-a7a6-2d01a0604034,2023,2023-02-09,0d4551fb-d4fc-4659-b14c-fdeba3555569,f1d0f01f-d161-44fe-a534-6f4383fe2d0a,13,1,6.152042373236752,0.7525048131739772
967c98fa-2990-4d7e-9bba-8a342a152fee,2023,2023-02-09,4d964b45-0956-4e20-9bb3-92d90690ea01,a8ab3f0c-a155-4d9d-adf9-5593435a0152,7,1,4.362838780643831,0.6893087158820413
9930d584-a705-4f2d-b416-b459665238ed,2023,2023-02-09,11c420a2-9004-49a5-8268-6683a741a32e,bb0be232-db5b-490f-a3df-709f20bdfb71,-8,0,-2.656815489023799,0.44601187951287236
a863593c-3f87-46cb-b4ca-5c4b5106d1ae,2023,2023-02-09,b1119bba-a47a-41ed-adea-9967a72cf21d,3016ba37-71e2-4de3-bc39-86d07a8a3e44,-12,0,-0.6412573286065751,0.4683507177429708
aef69881-6bc4-48e9-bbaa-a1916f6765fe,2023,2023-02-09,75db89bb-f85d-4726-b2c5-e7f61c8115c4,6748ba88-58dc-4e41-b3b3-d8df2c4a3c4e,7,1,11.053787792972024,0.9093489896429573
b1a8e7ea-2240-4f78-984c-0cb6f2e91ba1,2023,2023-02-09,f3eafab2-d52f-4409-b7ab-63598919e46d,29613880-f1b8-40b8-a09f-a825765c5e40,4,1,0.06198866989192628,0.488570568784984
b547ff4b-c320-441b-8ad6-edf5b1760bf8,2023,2023-02-09,d65c47b7-fea1-4f82-a29b-c2d4f4e48b4a,39d71fee-a4e0-4399-8698-547fdb4fb256,-7,0,-7.450820822038787,0.259143081320385
ba82b98d-2931-4c8c-a5f1-9099958cb08b,2023,2023-02-09,11018b71-58b8-48c1-aafe-d3f42d4dc4b9,75608756-6246-483c-8138-59d3749a8d3d,-13,0,2.6781825668956105,0.6617209075081614
be133c3e-2f45-4da4-a68f-a49d05dbbcbd,2023,2023-02-09,14e4e2ac-f90d-419d-9b14-9a9e3ba13b59,9a68215b-c4da-4c48-8fdd-6f9862b46f80,-15,0,-23.510263130392634,0.04810540510800622
bea301f5-b3fe-4d08-9a6a-386e2b922b74,2023,2023-02-09,325c1fce-e70b-481c-bc59-315b7defd4ad,96babb60-08c6-42a2-becc-a075a465dcc3,11,1,2.163103478652411,0.5487541918078307
c9e64643-31dc-4e74-b2bf-e953ad81665b,2023,2023-02-09,389dc2a8-706f-48c0-8579-33b1857c38b4,cbb7e0c8-4326-453b-9357-a01df1076809,3,1,0.4992962682421946,0.5116828908267507
d375fa91-92bd-4de1-aaf9-8b9cafb2f9bb,2023,2023-02-09,5bd87308-1027-4aba-a8ef-970bf8e9ac0e,a5600159-b71d-473b-92bc-8f7ab08f897b,12,1,-8.192682104551187,0.24382624205929224
d439bafc-166d-40ac-9d44-98cc482a229a,2023,2023-02-09,f0c6c56b-f155-45b4-bed7-e886af6e82f6,40d1c23d-da10-4e19-8a9f-d69e48e05c30,8,1,3.9301670709586523,0.6914540330430023
de84ca45-3c6a-4e4a-a95f-dfe6fa4cd06d,2023,2023-02-09,d3246ba0-2060-4e3f-addf-f8704b79380e,cb921ef9-be3d-4c14-9e83-9926205e601f,10,1,6.306262040944776,0.7284624425945656
e07f2013-778e-4ef3-9d20-c823e66a3197,2023,2023-02-09,39668771-063a-4cfd-ba1d-be18a842d5a1,b034bc0b-a11f-4e43-b372-127640b1d5b0,20,1,19.77841170662406,0.9837523952433119
e3b1e51a-2eb6-4c0f-baf9-c649b779b7c6,2023,2023-02-09,8a231892-e40c-466f-9e2a-016a3433fda0,e823a53e-c3a4-40d9-b40a-4d7eac69e962,4,1,-5.226016951544819,0.2762332205266723
e7a0f35d-373e-4a7c-98ce-653953eab7a8,2023,2023-02-09,5efbece3-af1d-4f3e-8930-388ee4604cac,9cee8aea-80de-46c5-81a8-499fc49acb57,23,1,15.51710965755727,0.9490178686035337
e950bfef-0145-4c4c-a910-95256a555297,2023,2023-02-09,143599fb-b821-43e4-b0ee-2f6e521ddb11,b2a4914d-552d-49ca-818c-4219f9a5baa7,4,1,8.187145807120778,0.8177230973598869
eb7864f7-3c7b-4f86-ad58-323f4aa798ca,2023,2023-02-09,d680033e-5d87-4349-8622-dcce2bc0559c,393745fb-1951-4506-ba94-c10dcd66ee50,-5,0,-6.620984102308539,0.2431349124145804
ed4b717e-3696-4146-8841-9d4dca082e74,2023,2023-02-09,61c096bd-3b5f-48c1-9f04-b18693a77cc0,7631bceb-b254-43fd-b331-b90b901b5959,-4,0,-0.45142841376441073,0.4754990144117086
f0f1ac38-d422-4d78-8e29-6ebe66aab417,2023,2023-02-09,29115cd5-8aba-4a2e-89c9-20f7d87b7051,d42bc01b-0728-409e-8ce3-c205d30493c1,-12,0,-10.418715119196397,0.11285736502871296
fc7758a9-6000-4e54-ba24-55170af8294b,2023,2023-02-09,63b38daf-556d-4012-93d1-faf2cc5da515,1b6320e0-71b4-46c2-9fb4-0c801f4c8770,1,1,14.012224262074772,0.9305236356654251
fef7dc29-d762-4ca5-87ac-d14825454e91,2023,2023-02-09,4a3968bb-0d67-41c6-af5f-7ac59ae5cc3d,c324cc75-a904-484d-b520-1f21664c89d7,-6,0,-7.591376133045761,0.2592511054801871
01dd6364-8095-4a7b-8378-95f64bdef640,2023,2023-02-10,3fb4c1d4-021b-4e64-a997-b47421257d4c,067fed65-5ce6-4ac2-b769-11805417f5ce,-7,0,-0.3497363167774818,0.4081471975835104
18e4b12e-990f-470c-8c9d-1d81e10d0dd9,2023,2023-02-10,e145a47f-597f-46fe-b58d-64dae192efc0,304b93c1-4157-43db-bc99-6f2b071e4429,-21,0,-10.042045366663029,0.14861541158900607
1dc92cc1-a549-4941-9b3a-7a5f93a6be7a,2023,2023-02-10,43c4f9a5-d6d5-4dd2-bfac-0bd3adaf79f7,888089ca-9632-4e33-856f-b210b1d946cb,2,1,-6.5404325800496625,0.26739025833062274
2e30d61f-25d6-4be1-9b1e-c90c1e76e9ec,2023,2023-02-10,93759732-e117-45b2-a99f-f09b689de84c,07960f6e-9ad4-45bb-82bd-06f477a011e3,11,1,7.127259151734242,0.7826622517786036
5ff7f2c4-efdd-4de5-9db2-7740c7f7544a,2023,2023-02-10,66ad8504-16f3-4990-9abd-ff1e776dfb86,21bdd018-a21f-44da-982a-98efb6d24ca1,6,1,-3.9969470916954717,0.3786873975912172
920d754f-fb01-4832-86a7-c41305ef84f4,2023,2023-02-10,c3807661-da5f-4ce7-af5a-e086fc56158a,bea9ec66-e41d-4afe-aa79-8a5b0f020811,18,1,-0.17437734749487846,0.4076387882795304
a1e98599-61af-4a69-b9e4-188ca9ee2b4e,2023,2023-02-10,208232bc-9495-4351-b34b-874117e7ab9b,12a96cea-6b94-4165-bfbc-3fbee5bd51ab,-7,0,-7.860298916926587,0.20709401500622227
a4db5ec8-7b8e-4a1c-831a-b5bb42835655,2023,2023-02-10,252b92fd-b788-4b9d-9cf4-94b7e591640f,2cb246a7-863a-4dc7-ab3d-eabccbf12019,2,1,4.146406774442958,0.7301958468547721
aa155c27-29f3-4001-9c2c-d2c0b3516e40,2023,2023-02-10,fccaf1a2-1439-499c-87a3-1615684518bd,3d8ed3b6-e3d1-4a7e-b179-fdc92e2640e7,14,1,6.651733871630837,0.7976029302430918
bc340bf4-c3ee-4a2a-b860-b5a73ca0e26a,2023,2023-02-10,a757dae2-f596-4065-9e29-b365b91af590,d5e2b5fa-8cb9-45b6-a822-4e64c46bc8fd,9,1,2.5704380132976015,0.6319107048714254
ca5d7dc0-d5ee-4447-bc6e-9c4ebb438089,2023,2023-02-10,16e5ce2f-bdd7-49bd-a906-9aeaef0ffa08,34002612-3816-4311-b39c-41d24ddcf17f,-9,0,0.38020640041738263,0.4736409213355461
d69b8da8-fba0-4606-b2be-7baaf6196cea,2023,2023-02-10,9f8c4a3a-10fc-427b-a3b9-f54bcc243010,892bcbe8-a66c-4c57-88ed-c82e0c13706e,11,1,0.36994232513963254,0.47492362998936694
d7bcfe94-9d3e-431a-a6f5-f06af029ec46,2023,2023-02-10,0b94d899-a6a7-4449-b626-07126971cd67,66f42ce4-3183-445f-b7db-b673bfb1fe7b,12,1,0.8236334294351731,0.5650555875648796
e62a2168-cf2d-447f-92f6-0b7dce6d9cbb,2023,2023-02-10,ff27601d-133f-4abc-a42e-f55d4f497bb0,ec764a7a-bdf2-49ba-9830-7408ea7f453b,1,1,3.652071475769173,0.6663233131339608
f71be522-837f-490b-8078-ebfb92407d46,2023,2023-02-10,40fe605d-085b-468f-aec2-614432798d3f,105b326b-5a9b-4c89-a5ec-7e020f9e72e9,4,1,10.521215387060224,0.8886586056155915
026c5a86-0b7a-48d7-b4ea-9c7a2aa3b3c2,2023,2023-02-11,63b38daf-556d-4012-93d1-faf2cc5da515,4d964b45-0956-4e20-9bb3-92d90690ea01,19,1,7.131035691422669,0.7678766210302533
05aa9d89-408e-4ab1-8596-5c7f78dfe841,2023,2023-02-11,f022d404-14a6-4105-afd2-445afe77bad5,894f397c-9c66-43c1-9223-fd405e35b0f8,3,1,6.675192287781115,0.7834114860672411
0788f14a-3adf-4855-aea1-425f63e6a088,2023,2023-02-11,f7352462-5710-45c3-bd64-969e67428b1f,cb08f172-db74-448e-aaf2-80d96b32bed4,44,1,18.517743599251634,0.980728540606017
07eec115-f6e1-4f70-976d-bbdade2184f5,2023,2023-02-11,1900d158-6fb0-407f-a2df-6e37a1db2dc3,eccdef36-c666-44f9-bd7f-17e4e33e2def,5,1,1.1090780438212755,0.5707937587080439
07faa29d-bbdb-4b95-93ca-610d022860a5,2023,2023-02-11,428b85df-3b5f-4b21-a384-f1bd53f95d19,e823a53e-c3a4-40d9-b40a-4d7eac69e962,-6,0,1.207829116545888,0.586163127307368
086c4cb7-aeab-4bcb-8bf3-83490dcd1505,2023,2023-02-11,9d09ebd0-f5e4-4022-b315-aa3719219b6a,712e6366-f137-4f9f-a647-831a2797543e,1,1,8.091681164508236,0.7873109422782217
0a41f87d-c617-4fd3-b484-b24e06cff638,2023,2023-02-11,27a2a3c7-c672-4a2e-8381-bf31d528c0d0,22641200-31a8-4bc1-9df0-8a3393139dde,6,1,2.6340229805548034,0.5356131011032489
0bdd623e-a37f-4708-b497-309ef9bf252f,2023,2023-02-11,a81b1489-4c0f-4a3d-bfe8-a9efcdb13d79,f7d3e028-cab6-4277-8d9c-799f5bec0712,-12,0,-11.302112857360957,0.13074856729762474
0ca30530-d069-486b-af02-88608cac99cd,2023,2023-02-11,c238c9de-59e6-4d8d-b9d0-745eb8ec96ab,8b7efe80-a558-4a31-90d4-b59ad2ffdcac,3,1,-0.5935229758865502,0.47426627697299356
130ddcf5-5aaa-49ec-b578-c501d81f886c,2023,2023-02-11,5efbece3-af1d-4f3e-8930-388ee4604cac,88dfcbfb-3d60-4978-b275-46ae9f682ad8,9,1,13.766577124421536,0.9111340872923348
15a429af-80d7-44af-8562-a2162e35f68a,2023,2023-02-11,d5e139fa-05e7-4c6e-b083-5261fa76ee6f,3c7653b4-ff75-43ce-b3db-0654e938bcd3,-4,0,-2.0757529757571587,0.41010405933632393
1978e720-a2bb-4328-b452-b21740091246,2023,2023-02-11,21051f5e-6142-4894-a3a9-09bada612b47,474263db-dab8-4b0d-842a-548132e82b33,3,1,5.293021009331606,0.7185021383841366
23fe010c-15bc-496f-be8f-a0071a3ea040,2023,2023-02-11,b847237b-f1fa-48c8-a618-17553efdc228,b462e428-f59b-4465-b793-4cef6f10cf66,-1,0,3.3455653345122762,0.6684418612733917
288e7ab0-e63a-44fe-b4d2-d8e15582a738,2023,2023-02-11,173a69ab-4f3c-453a-a1cc-8b83c0ee2b49,526a8e73-78d6-4268-9f89-6f7d90e5dcd3,8,1,22.20046291706981,0.9899453857317065
320bc27f-141f-4cd6-8dea-1214ca0f4930,2023,2023-02-11,dd027a18-2cb5-45a3-a0ce-f3f9eb7bde2e,324a87d8-6e5f-4df1-adea-5c7c07bc3880,3,1,2.840526729732714,0.6478875317198317
32fef679-fc00-464c-b55f-4ecc56c360a2,2023,2023-02-11,fda4e988-3514-4913-8f5c-1c8db7f59165,4763d2f0-5ee2-4763-8617-946f08bac925,10,1,3.475814654201969,0.6289290361125442
34311388-d10b-43ba-9d1f-b028785f6bb0,2023,2023-02-11,e81d4510-e1ee-4dbf-9b00-28fe6eedbfb4,29613880-f1b8-40b8-a09f-a825765c5e40,5,1,15.680011362863198,0.942800729205193
3a21eea7-f249-40a2-895e-9315e26d6938,2023,2023-02-11,c324cc75-a904-484d-b520-1f21664c89d7,4a3968bb-0d67-41c6-af5f-7ac59ae5cc3d,8,1,11.619603291615093,0.9256082851638715
41150943-378e-472a-8159-26e290624b6b,2023,2023-02-11,a4574b8e-6d1d-4ed4-a947-b175f74c6387,8e941979-021a-4b68-ab5b-5ee34fe0e06a,-8,0,-4.203815470675162,0.2674022767845572
445bd524-3f03-4038-bddd-88e77326638d,2023,2023-02-11,8e864d36-5a07-4d24-bea5-f7b85c3187bd,f16d5827-0b65-4b48-bd2d-584314873b9d,11,1,4.082421778422787,0.6463857327992784
463a24de-f562-4d0e-b788-204a07252f47,2023,2023-02-11,3c06c3f7-a7c4-4179-a9a7-d9b86afaf42c,92e2201e-4d6b-48b2-b40f-1980a5b48c0e,-4,0,8.501831544301618,0.8533553003325715
46866e55-39eb-43bc-95bf-7d874d783bdc,2023,2023-02-11,b6c50d53-e53e-42aa-8c2e-1297e733737d,d7828b57-33e4-4922-bfdd-4780151816ed,-10,0,-5.617389312822852,0.2774645141593632
47bfb8ed-58b6-49db-b65c-3b4fba87e09b,2023,2023-02-11,9c36dca1-e045-4592-9000-60f62b244bf1,6c796971-9e91-4507-a6ad-9699cb1ed2b4,-2,0,0.17021364292518446,0.44359475514182845
4934ae98-cb97-4b76-9174-8e3d2c703907,2023,2023-02-11,7dfad569-05d6-43d5-8f47-defff4a50649,63b264d5-0679-4b31-b175-0c1d019bb0f4,5,1,10.235060469941525,0.8591681692990983
49543f5d-107f-40c5-aabe-7561af4b4883,2023,2023-02-11,11b2b228-e668-4561-b527-22cb63540f1a,9cee8aea-80de-46c5-81a8-499fc49acb57,-6,0,1.7922689540610937,0.5860725653194043
4dbd30f7-9e39-4842-ae3d-0cabfe9de5cd,2023,2023-02-11,e383f809-990a-4dd9-85b1-4288d45884e7,d3246ba0-2060-4e3f-addf-f8704b79380e,7,1,8.62711015867678,0.8307711344754101
4e4cf711-16c4-4e21-bfa6-d923e09cb62c,2023,2023-02-11,c282b887-5bc1-41e5-8a0d-15287474de7d,20fdaaba-bd75-4d6e-bf13-299d2f1704ef,-7,0,-0.3176446350273214,0.4320902722912712
4fbdc701-5797-4ddf-bda3-b94d64509d41,2023,2023-02-11,393745fb-1951-4506-ba94-c10dcd66ee50,718dfd9d-59ef-415b-875a-8c861f6adb33,-11,0,9.256373047065903,0.8312222545669584
50671cc7-6494-4f84-80a8-a7651ea8ce87,2023,2023-02-11,61442116-53fe-4490-9f2a-17aad40fb68b,d680033e-5d87-4349-8622-dcce2bc0559c,10,1,8.053556904632988,0.7995573694188416
52b31c81-4773-411e-94d4-418b93e63069,2023,2023-02-11,75608756-6246-483c-8138-59d3749a8d3d,348c253f-b663-454e-9b7d-051280f46334,4,1,1.439091032215544,0.49706385085649385
53c930e5-a57e-4813-bd8b-55c9eeb7d597,2023,2023-02-11,958592fd-5c16-45ff-90b4-3242687743e9,1a879f38-8a98-47b8-9c92-7da920f1562f,19,1,6.470801078428119,0.7690040964261622
56d8ffd4-c29d-46bd-9018-30e9a124ea27,2023,2023-02-11,4b5bb58e-38b5-4132-b2e0-876169cd4017,eaaf67e1-30a6-41ca-a400-906b86d42a58,-6,0,6.107057424000988,0.72986551588541
5d051495-9368-42d7-a1a6-3d9a9fbc7e42,2023,2023-02-11,7b423c28-572a-4a7a-982f-3d59e0fb25fe,f408da5d-dcf7-48d6-b4b4-485c6241d6d4,14,1,1.8297107297075532,0.600033134821142
614e2f5a-eb22-4b62-a3ff-d9e1f4893473,2023,2023-02-11,edd0d0e3-31f0-49f2-a22c-b47c8e8ba9a6,96babb60-08c6-42a2-becc-a075a465dcc3,15,1,-1.2976368773997327,0.4294047751199821
649d5857-5311-4064-8f9b-a3c7f6ea2be2,2023,2023-02-11,f4f493b9-00c9-48e9-a9c8-934ed203169e,9a68215b-c4da-4c48-8fdd-6f9862b46f80,-7,0,-6.728981946503843,0.2763524211835948
64f882f7-e897-4b5e-ab52-d4dc3ebae45d,2023,2023-02-11,4ae8be32-616f-4721-85c4-1e22239e7db8,bc48226a-5e03-49d2-aa5a-550081373e7c,7,1,-12.638435636222967,0.07295886421483543
67c95892-b63e-45ca-a2dc-f3b898ad50f9,2023,2023-02-11,75db89bb-f85d-4726-b2c5-e7f61c8115c4,9226a51e-74e7-48ed-9e95-6890a182148d,-1,0,1.75814166923799,0.5736508303273478
6c3f5d68-327b-4745-b19f-81331e7099e1,2023,2023-02-11,f3eafab2-d52f-4409-b7ab-63598919e46d,14900e69-e972-4137-8f13-5ef152e0075b,-7,0,3.260220766513826,0.6308808337486714
709091da-409d-422e-9fc9-9c8ff43ae010,2023,2023-02-11,143599fb-b821-43e4-b0ee-2f6e521ddb11,80cec103-b3b1-4978-9b4a-f1ad161630fd,-2,0,4.57808992322268,0.6873700589398719
7143a586-aea3-4462-888c-d687e5aac482,2023,2023-02-11,d65c47b7-fea1-4f82-a29b-c2d4f4e48b4a,3016ba37-71e2-4de3-bc39-86d07a8a3e44,30,1,8.375363582606255,0.7820891743818338
7199a4dc-ba4c-4b27-8baf-80e19616bdd3,2023,2023-02-11,b1119bba-a47a-41ed-adea-9967a72cf21d,39d71fee-a4e0-4399-8698-547fdb4fb256,-9,0,-11.840051532401521,0.11136344261472048
7264d4f4-d266-4d8e-a1de-af47f89c9e06,2023,2023-02-11,8674cdcf-acde-4035-bcae-1c7c0d7549e5,bdf949ac-7376-4c1c-b4d1-a2b6d1142a71,8,1,8.540099901212097,0.8140230229489511
768ff14a-a8dd-4b75-93af-1199534f9ba1,2023,2023-02-11,f14e71df-6c53-4abe-b789-c0d73a44b276,b13d1921-03e3-4f47-b962-4e9951de7510,5,1,0.9964342120303993,0.5096553736766433
76c7f0e3-0d7f-469c-9149-2f14a213bb16,2023,2023-02-11,81937a80-a7e9-4025-9c21-2ed38625cdae,4a6135ce-718a-497f-924d-23f4797243ee,12,1,7.575144866598073,0.8145073605920506
783a8690-a829-4fc9-b892-432f579027cd,2023,2023-02-11,14e4e2ac-f90d-419d-9b14-9a9e3ba13b59,bf2aafb4-bbb6-476f-acfd-8793128f565c,3,1,-11.860981746182464,0.09396939302711083
81856eff-13cc-4ffb-b966-c2f4769be782,2023,2023-02-11,88205ce6-ad31-4ffb-998c-fb9164c40dea,e7f10812-f961-4c56-b848-22cb16073f49,-13,0,-23.63415101298763,0.04160633259380648
844df4f2-5a17-46b7-8269-9e7af1287d68,2023,2023-02-11,2dba4db9-bc1f-41f7-b1e5-8d94e117c1e9,c20e9648-8980-4cb8-b139-4343f24b2e91,-8,0,-7.044790330116859,0.24401329543950592
85d7064b-6d99-41c3-ad97-8ef471a63492,2023,2023-02-11,29115cd5-8aba-4a2e-89c9-20f7d87b7051,71bfb11f-a38d-45a5-914a-5006c7417da4,-5,0,-11.20215729440088,0.09407754585941418
88f1a471-877e-48a8-845b-d0f423f3309c,2023,2023-02-11,11c420a2-9004-49a5-8268-6683a741a32e,8782ac7a-e553-475c-b110-c58c7e61ddd4,-6,0,-6.739026211286713,0.2713780707968219
8a1b2ba2-26f7-482e-a9cd-1769f89ad5f1,2023,2023-02-11,a0454954-f558-44d1-812e-59b90041128d,b2a4914d-552d-49ca-818c-4219f9a5baa7,15,1,8.672114535878562,0.8491492570088606
8b0700e7-993e-4846-a923-df2bae6e47a0,2023,2023-02-11,34668727-07c8-40ea-adb6-3541d9d7f32c,11018b71-58b8-48c1-aafe-d3f42d4dc4b9,-19,0,-6.778733897163535,0.28128724135164884
8b22daf8-403c-48c0-8784-5898f99b6bef,2023,2023-02-11,e0accbcd-bd68-4bc0-a2a3-3c32753815b5,c8da4ce4-29a3-4f99-b827-9b55afb4e0d5,-29,0,-19.538658496742357,0.04454090681061286
8c4efa2c-6772-4630-8615-31eb6856bc8e,2023,2023-02-11,127a96c4-6d95-4519-ae56-77c271aeea23,23328a3b-6bde-4b61-960d-5c45fab4d16a,20,1,4.566307392368441,0.6980061676164667
90f0de1e-4e99-4a1e-a961-8a8c260285e6,2023,2023-02-11,07fe7a79-3bd1-41c3-99f8-6c7f857756dd,e62f6be3-07fc-4d39-9d92-158e9218c40a,-11,0,-7.32874742084833,0.25768024471539264
94461a69-2c59-417d-855b-e2c228042ae2,2023,2023-02-11,2a391736-2322-4864-894e-4856c2d517d7,aab3630e-9c8d-453f-b0c8-afdfe71a5d3c,-20,0,-10.442706682366545,0.1395443468452157
9683e52b-28df-4109-9f31-37ae4c26988e,2023,2023-02-11,3950a3d3-d1b1-4dd9-bf4b-2356ed344246,c1ddb62d-8103-4ef4-a556-df9238531bdf,17,1,-0.1634677958639784,0.4921946128825825
973648a5-1409-4ce3-af36-c39701d5bdce,2023,2023-02-11,e5fb9be0-e310-42a1-9744-47b3878c37eb,a61813fd-4a0a-4112-9fe9-2d33fa01a9aa,-3,0,-8.02732181836731,0.22749396438474773
985f5808-49d9-418a-aea4-9d46e229e60e,2023,2023-02-11,cf67c587-9808-4deb-9419-41a1a58f81f0,9a193882-d061-4d9a-b1d1-da7a483f7cf6,20,1,11.152972365935433,0.8625864876601063
9aa39009-bd2f-4532-a413-19e252a4c145,2023,2023-02-11,e44bc5f8-7dc1-4aac-8beb-924a7c5ee465,d42bc01b-0728-409e-8ce3-c205d30493c1,3,1,6.391856400364294,0.7759130192682854
9e3c028a-b605-4d87-acde-147fe8720dc7,2023,2023-02-11,407f6796-76ab-4c28-8f30-cebbfbe534dc,d6e9ba69-1ef1-406a-8fd1-17ef1a6980e3,14,1,2.85483467934906,0.600892958903271
a3111c5a-082c-487a-a1e4-fc8d7762ed4d,2023,2023-02-11,fc62dc2f-7404-4a85-b1d6-49d5135283a3,a1fb658f-49be-4887-a725-48a42276ac48,8,1,8.25230995234452,0.8085513293432327
a45644f4-b580-4f1e-ae51-96d930a3a9e2,2023,2023-02-11,9ba3b86f-e9ff-4c69-a5a2-865d61dd56ff,170f63c1-c0da-4464-9352-7a33c5e2b3eb,-11,0,-2.153418668611315,0.3749973800300508
a4dc1fd2-b794-4c27-88d4-b773fbfb491c,2023,2023-02-11,5fa1ed7d-157b-491b-9384-66ab06dfeefb,fc903652-4ae3-4b36-82b8-fea6345f3b2e,15,1,1.6687783824190197,0.6182255465118036
a77a1716-676c-4f21-a76d-2bf88b62a952,2023,2023-02-11,927f9c80-da40-44b1-834f-ea1d457600d3,cb921ef9-be3d-4c14-9e83-9926205e601f,-4,0,4.476000909352187,0.6734409200891415
a852b55f-0abc-4679-b748-228a04168f14,2023,2023-02-11,6aa9d05e-84b3-4e72-815b-fe3dd02b1e03,a8ab3f0c-a155-4d9d-adf9-5593435a0152,10,1,3.375750210207245,0.6368061023750157
a87c2879-ba3f-412a-ba31-6635baf6f97b,2023,2023-02-11,b0eb9a16-e704-4784-bc96-af277fccf122,ad6b613a-f36b-446f-81a7-6095bcf8a45a,-23,0,-5.469841334276925,0.32317221626564724
a9daed52-052c-4528-8593-d358096d3dfb,2023,2023-02-11,d92b9143-ae83-4c94-b9c3-d1cbae1b7565,043e8015-480a-461d-aae5-6cb149237466,34,1,10.500392785291188,0.8657265331426842
ab7391cc-b608-4626-aa3d-0bde68408b17,2023,2023-02-11,39668771-063a-4cfd-ba1d-be18a842d5a1,7631bceb-b254-43fd-b331-b90b901b5959,10,1,12.767650614403072,0.9169780705384775
b1b3c04c-6328-47e4-99bd-848e7c7df2c2,2023,2023-02-11,b1cd7b83-cc64-42a8-b41b-45343632eee6,d6ec4d5f-7d79-4064-be14-71636bf66d75,4,1,1.932337816887783,0.5548500438189926
b1fa2f15-355e-4a02-bc5b-08cf3109ad7a,2023,2023-02-11,d19262e6-6584-4276-9fb9-d5690c3ca053,cdc199b7-a710-4c11-a6e7-2384b399c06b,-1,0,3.6003629763200884,0.6599291763900635
bbe2144b-c847-43bd-9951-8512af8110f1,2023,2023-02-11,ec3ac254-d13e-4b51-95ee-389447c70400,01325ccf-0551-472d-a463-55f692a5e50c,34,1,2.1267359662954113,0.5850930130881666
be49a1da-109b-4200-8a6d-4cda82ebd6ee,2023,2023-02-11,bb243294-1aa5-46dd-af42-c3676717c61a,410b3365-a1a1-4bca-b3fa-52270a02f75c,6,1,14.749851981080896,0.938082104727436
bf34b732-7722-442d-b472-9a0e8686c090,2023,2023-02-11,7bf0273c-57aa-4412-be01-e0e08fb7cd81,99bac3ff-1929-4a83-a593-5c1e123a25e6,-9,0,1.2273961523346035,0.584381558130602
c038e8de-8fe6-4546-b47d-be5907fb8604,2023,2023-02-11,7b4d1f71-de6c-49c1-a95c-de84c4aa46a5,be0c2be1-019f-4c49-9ef1-92f53c9c23b0,-6,0,9.963790532053105,0.847381729961747
c2e15d16-cd5f-411a-b473-6d72f02049bf,2023,2023-02-11,297b5678-ce67-4c02-bfc4-2ccec5343d09,c79c0f1c-2685-4621-a2d2-476af53195cb,31,1,18.25767434730654,0.9843208478776487
c42a07d9-6564-447e-897e-7cb45ff7ca54,2023,2023-02-11,bab73e4f-6d77-4aa0-8c6f-347009c2283e,6bcb5e3d-9b4c-41f9-86b6-1f44432462b3,-11,0,1.9922502893372012,0.6254084144722185
c6ade78d-cde2-418e-8f7a-f6ce1678d8e3,2023,2023-02-11,88471167-5c0d-4477-bf1c-b50a9fa96a10,d1838999-77de-4a4f-9d66-e6071f5a079f,7,1,-12.344772117518824,0.08303262320019104
c8cc2a84-d1cc-4fe4-a841-7e6464ceff30,2023,2023-02-11,d6fb85c8-3e1a-4375-a5a6-b293e672533e,1b6320e0-71b4-46c2-9fb4-0c801f4c8770,11,1,0.6129683627084275,0.5217438738302277
ce8baaaf-f0f1-4781-b4d6-ada96757abef,2023,2023-02-11,1c48e10a-5d97-4c46-8f8b-4217683da26a,5a36a71a-5c48-4f55-a80e-17e194f320ac,12,1,8.361854987969584,0.7885410814168403
cec02228-5690-46cf-9b6e-c4b6abdf6ddd,2023,2023-02-11,8d694562-759b-462a-9766-ac29e999df71,ef9503da-6c3d-4207-ba0f-3cf770627dbe,-18,0,-5.862884385890556,0.2698787973116517
cf1d1716-d810-4ef9-9f5e-dd464d740ab1,2023,2023-02-11,9cf58c59-1075-457a-b79e-942b453b75d1,e198833b-92f3-4fa3-a2cd-82f04ec7e0c3,-30,0,-5.276968079037422,0.39080341513225453
d0a77dd5-f8ad-4cee-b31b-cd5825b6582c,2023,2023-02-11,bfe08930-1826-481a-bc46-217ae918d0c6,ca0af9b0-0073-4e1c-baf8-a15069168abc,-3,0,-3.396919486772306,0.36174765816775073
d7859df8-c2a4-44e4-bedf-b1304acf2371,2023,2023-02-11,72c1f395-5916-463b-8353-47b99a272098,a2362a90-be36-417a-ba1f-0cd8ca99ef80,11,1,5.2516116146303045,0.7378303408067982
d7ca86df-f23e-4d55-9446-71de2d42d8df,2023,2023-02-11,c88614c4-bad0-48db-990c-90a3243c3734,15d2579a-33fd-4772-9d78-e929a093bd79,-14,0,-14.32075649322417,0.05020706843023635
d7fb74b7-a11c-4c44-a794-48af55793f67,2023,2023-02-11,db22a3b8-fd13-44f3-8968-9aeb04d833e7,e1e53055-037a-4acb-82e9-552f8abd6635,4,1,4.4225587200638055,0.7242004397011789
dae07220-0bb9-43dc-a021-e681650083f3,2023,2023-02-11,588cf783-9153-4586-adb0-8eb7fb71d013,29503a81-0fe4-4a0c-8022-d23ac7e092b6,-11,0,-0.4455566989763204,0.4162216103203488
db3a3382-91b5-44b3-953a-5a5d91b2c0da,2023,2023-02-11,c84adc87-6cd7-4df0-9245-59fa829300e4,48ff6f70-fd07-4a02-ac71-b973f0ea0451,27,1,16.587028397600115,0.9577180575257489
de1279e3-ba01-4726-a1ef-600172a3ecbd,2023,2023-02-11,805b30dd-e009-4031-8968-ef4d8bbf928b,7d7d8e50-802f-4f7c-aedf-3116a743e835,14,1,1.651606790267471,0.5875384427526019
e1931561-a902-4187-8069-4224e2fe0342,2023,2023-02-11,599c2f7f-3472-4f93-9807-39b33c575236,f51695f1-a8ee-4f8c-b518-879ffe6b0dca,35,1,12.477324612776963,0.9112855090508184
ed188994-072c-4e93-ba55-39941de7e5bc,2023,2023-02-11,f6ffbdfc-4780-4966-b75f-aa6ff30a7928,e10bd2a0-5b84-4d41-a1ef-08b801a04039,-8,0,1.3427620863539154,0.583818550400871
ee7675b2-a95e-4a6a-93fb-bbf16fa128f1,2023,2023-02-11,61c096bd-3b5f-48c1-9f04-b18693a77cc0,b034bc0b-a11f-4e43-b372-127640b1d5b0,-4,0,6.6854102116073335,0.7584661082362935
f02c712b-4a0a-4bd7-9874-09aa4639adfc,2023,2023-02-11,389dc2a8-706f-48c0-8579-33b1857c38b4,3bc40b20-71e2-4fa2-9c99-8e0b6cc3460b,24,1,10.414463458124743,0.8602217497293648
f94c1c23-52b5-4a6a-b310-f6e169fca60a,2023,2023-02-11,325c1fce-e70b-481c-bc59-315b7defd4ad,bdb8394a-cc25-448f-a1b9-ef5fe40bb204,9,1,15.462426513165045,0.9493055432585604
fa815e82-941d-47a1-bb36-3855e2c256d3,2023,2023-02-11,9c1c5097-7168-4529-8378-8f68f206bd9f,bb0be232-db5b-490f-a3df-709f20bdfb71,-5,0,2.1746360418690123,0.6419047658001931
fcc69d8b-66aa-4fa6-82cd-5c2805d7336b,2023,2023-02-11,9988778e-cc80-4486-aad5-9ebdf21f2965,8a231892-e40c-466f-9e2a-016a3433fda0,23,1,5.296721548149253,0.7159472587209333
fd14d923-b643-4092-806a-ff2880ea3182,2023,2023-02-11,58fab53e-62a1-4e7b-acbc-71e06102931a,7e4e4039-a37d-4b42-80aa-0fc18e241eff,-7,0,-11.095370052373047,0.1022867170749787
fd194a3a-e61c-4a30-a7b7-62bc1d5af856,2023,2023-02-11,814a38f7-2f64-498d-b6d6-a9ae4df96850,1a2c070a-303f-434e-a50d-c98ad9d9f88d,10,1,0.7717503494957976,0.4861521695640574
fe6b8d1f-030a-4cf4-9140-6230e47ca6a6,2023,2023-02-11,a35d0124-2cd2-46ab-b613-2438a97b6ddd,9c773261-49b7-48c8-816e-3e3260997d71,-7,0,-12.347472795478485,0.08973682977207915
332e9fac-745d-48d3-aa9a-64d8c617dce8,2023,2023-02-12,8681e6eb-5cf9-45d5-b215-af3a54ebc784,c21e5ab2-08dc-48f9-b923-9526ce89d623,2,1,6.993887765545109,0.7676477549202324
352cc30e-0d65-4851-9d39-af87abdbb3ab,2023,2023-02-12,9874a1c9-7e78-46e4-8d3e-6fce94e7046c,b349d38b-bc08-42d6-bf21-e6c826c45b62,-21,0,0.5950135782254296,0.563084216466653
36bf2bee-b2c3-4360-bb35-5531b8e3d390,2023,2023-02-12,81ba36f8-a53b-4696-8877-2e9bb161598a,cd2892b0-c423-4723-86bc-3988015a8015,6,1,-2.257357568213409,0.3380370047566605
4dcfe6a6-cfa7-4ee6-a780-7764ccd8fb26,2023,2023-02-12,bea9ec66-e41d-4afe-aa79-8a5b0f020811,090a9b59-4e95-410c-b5f9-c4d63d9caea8,39,1,19.946030804374,0.9836146266597033
529a0b72-67c3-46e2-ae88-6a66879bb9ed,2023,2023-02-12,60cca73c-a30b-4fec-8cc0-a18b3dde7312,fa0efad2-ee60-463a-a297-fb45c393e624,-12,0,-11.756332698782844,0.09901175791435252
65bfe9e0-e227-41f3-8104-5b0c049c1168,2023,2023-02-12,218250de-64b1-4e7a-9b64-e426441584e4,9f8c4a3a-10fc-427b-a3b9-f54bcc243010,16,1,2.2808000681930305,0.6028892091319707
78c977ea-1406-46a1-9f2e-63385dc8a553,2023,2023-02-12,ec764a7a-bdf2-49ba-9830-7408ea7f453b,3fb4c1d4-021b-4e64-a997-b47421257d4c,4,1,2.6621614492952195,0.5832225032836803
7ec199aa-499e-4311-985a-da39c80c9b4f,2023,2023-02-12,66ad8504-16f3-4990-9abd-ff1e776dfb86,304b93c1-4157-43db-bc99-6f2b071e4429,-17,0,-11.460810899764175,0.09743759061680234
947bcf72-4e09-4940-9613-a7f9736f5b6f,2023,2023-02-12,4db0dce7-2ca3-42fd-b71e-f5e13debacfe,06ef3673-5d7a-4701-aed9-726aa07838e4,9,1,10.005604598631603,0.8333907254416679
98d0c645-c987-425f-a43f-48d0579681bc,2023,2023-02-12,445a7698-bd20-45f7-9c62-e0ca0057e959,eefb221a-cb2c-47a8-a13d-1f008fc6a8a0,-6,0,-13.05956134482678,0.061754616587829
a50c6af7-2592-46ed-bf78-9bb57a7321ba,2023,2023-02-12,16e5ce2f-bdd7-49bd-a906-9aeaef0ffa08,2cb246a7-863a-4dc7-ab3d-eabccbf12019,-7,0,4.520088097643354,0.6490460820686103
c5212d54-d0e3-4a0f-97c0-283cd185deb6,2023,2023-02-12,57f7bf85-91b0-433d-b843-94485a520954,ba34e76d-5905-4b7b-9c5c-9e014d969c91,8,1,8.657481738100381,0.8570968536863749
cb00d285-b842-4891-9ec0-2f1c10f4c0ee,2023,2023-02-12,067fed65-5ce6-4ac2-b769-11805417f5ce,892bcbe8-a66c-4c57-88ed-c82e0c13706e,8,1,5.810582230587239,0.7479195571592493
f2b18b1c-b8b9-4202-880e-ea1045be254b,2023,2023-02-12,e145a47f-597f-46fe-b58d-64dae192efc0,21bdd018-a21f-44da-982a-98efb6d24ca1,20,1,1.4256479699136437,0.5782170581304592
f36e5990-5817-40c9-9920-f9a16ba1e1c5,2023,2023-02-12,252b92fd-b788-4b9d-9cf4-94b7e591640f,34002612-3816-4311-b39c-41d24ddcf17f,3,1,0.6638093513610018,0.5181481124732261
0f669312-bc9e-4d4a-97a2-2ea3784a7892,2023,2023-02-13,fda4e988-3514-4913-8f5c-1c8db7f59165,9a193882-d061-4d9a-b1d1-da7a483f7cf6,12,1,0.46706430406961635,0.5344345029426727
136604be-87ad-4642-9219-45ff871c412e,2023,2023-02-13,320ba34b-ed3e-49e5-8563-08246b20d1d1,1a879f38-8a98-47b8-9c92-7da920f1562f,-11,0,-0.35327173499552866,0.48816681699842845
19593f7c-6ab2-4674-a5b0-3cd78d67a0a3,2023,2023-02-13,bb82a5ec-96c1-460b-a414-50e0d2b6b1a4,814a38f7-2f64-498d-b6d6-a9ae4df96850,11,1,11.49106470873881,0.9022188398456263
52353e53-8aef-46a2-a251-3711dc1204cd,2023,2023-02-13,a2362a90-be36-417a-ba1f-0cd8ca99ef80,00ba2ccc-f972-4423-adaf-34e87d0f5992,2,1,-10.43524154949595,0.16272558129285022
530cd89f-4a51-4a7b-87b1-ad56e83429f9,2023,2023-02-13,cf67c587-9808-4deb-9419-41a1a58f81f0,4763d2f0-5ee2-4763-8617-946f08bac925,33,1,10.349762276897412,0.8583225544283228
7484d3e6-4bf0-484a-a82d-f279a0160fb3,2023,2023-02-13,e0accbcd-bd68-4bc0-a2a3-3c32753815b5,1a2c070a-303f-434e-a50d-c98ad9d9f88d,14,1,1.262116541051083,0.6165219164309886
8ab27152-a8d9-40e6-996c-cb52c358b7c1,2023,2023-02-13,127a96c4-6d95-4519-ae56-77c271aeea23,173a69ab-4f3c-453a-a1cc-8b83c0ee2b49,-8,0,-1.0085201488719924,0.4290062504204355
aa2d5ae1-5560-4eb5-b91f-39b73bc693fa,2023,2023-02-13,72c1f395-5916-463b-8353-47b99a272098,88205ce6-ad31-4ffb-998c-fb9164c40dea,2,1,7.417016131640566,0.7835175256521304
cebd24b9-88d3-4d03-9f31-ff878dd6a09f,2023,2023-02-13,bc1a0cad-570c-477b-93fb-2050c0e2f9aa,e22f605d-41f6-4e5c-915a-987ad0c44569,-27,0,-4.591394981090368,0.35314341773379476
d72b0564-0a43-47bd-aa8b-fe616e54e458,2023,2023-02-13,958592fd-5c16-45ff-90b4-3242687743e9,d20936f6-b751-41b7-a241-c75beb459360,4,1,8.948894085546744,0.8436285019573501
dd0a11a5-d6cb-4e62-8daf-75fb5eee4523,2023,2023-02-13,3c7653b4-ff75-43ce-b3db-0654e938bcd3,01325ccf-0551-472d-a463-55f692a5e50c,12,1,1.2228579035176772,0.6051071126000369
df5c1d3e-f10f-4c34-9964-e873b0fd2ecd,2023,2023-02-13,24b5ca48-c4a7-4e8d-8fff-c02904c11b7d,6c796971-9e91-4507-a6ad-9699cb1ed2b4,-3,0,0.052092074659074866,0.5772389349815121
00ef64e4-96ff-4431-bd66-4a98a95d7492,2023,2023-02-14,bce5e657-8430-4508-b956-64ed47e82de9,0b94d899-a6a7-4449-b626-07126971cd67,15,1,10.01760230493483,0.8645748843750295
02d6426d-5da1-4ed3-b768-84942de77850,2023,2023-02-14,a757dae2-f596-4065-9e29-b365b91af590,208232bc-9495-4351-b34b-874117e7ab9b,24,1,10.315694442795923,0.8288943167200451
3ef76ed5-07ee-45a6-9919-308caeb216b5,2023,2023-02-14,9c773261-49b7-48c8-816e-3e3260997d71,7b4d1f71-de6c-49c1-a95c-de84c4aa46a5,18,1,14.445390154654143,0.9301129343440595
418ae0d2-d1dd-4301-9e91-a390a1c2ae38,2023,2023-02-14,bfd30209-fc33-44e7-a4be-7d2be91b2842,d1f5a19f-6263-4ac7-9ceb-e1339595db2f,4,1,15.711888479627,0.9497150891130379
42da9c0e-fca8-45f8-a9c9-0d65ec4429ce,2023,2023-02-14,66f42ce4-3183-445f-b7db-b673bfb1fe7b,957c8e2e-1939-4c65-af04-df116ac4086d,-14,0,2.7493408278646543,0.6599477977036392
52038585-8597-4ea0-97d4-b367e371baae,2023,2023-02-14,c20e9648-8980-4cb8-b139-4343f24b2e91,9cf58c59-1075-457a-b79e-942b453b75d1,19,1,9.73554053041463,0.862092498200138
58dcab8d-f6cc-4acc-9e10-38d833bceaf7,2023,2023-02-14,a4574b8e-6d1d-4ed4-a947-b175f74c6387,11c41163-ceed-438b-bc9e-333b60a36e6b,33,1,5.734186617632219,0.7521178425732412
5916dc1c-5638-4bfe-9ec0-cd75c93fae48,2023,2023-02-14,d6ec4d5f-7d79-4064-be14-71636bf66d75,c88614c4-bad0-48db-990c-90a3243c3734,8,1,12.630935146512872,0.9198671386503104
67f34c68-2069-484c-8cbc-3f7bc62e0780,2023,2023-02-14,e10bd2a0-5b84-4d41-a1ef-08b801a04039,ad6b613a-f36b-446f-81a7-6095bcf8a45a,-11,0,-1.4644561446051696,0.429399482179934
6bf7574c-8b05-49a8-a319-b5735fed75c7,2023,2023-02-14,05300c53-1c99-44fc-894f-5d062cc9254d,c238c9de-59e6-4d8d-b9d0-745eb8ec96ab,8,1,-5.747587899979071,0.2842024183624282
7734510d-8e89-4ced-8544-c15bb95ece52,2023,2023-02-14,89023aa7-6034-4d33-96dd-3566c7afc79f,be0c2be1-019f-4c49-9ef1-92f53c9c23b0,-3,0,10.440107187179402,0.879543800899737
791951a0-11e0-4047-b860-ffa495906a9d,2023,2023-02-14,1900d158-6fb0-407f-a2df-6e37a1db2dc3,4a1337bf-77da-4acc-8a27-5f6ee2d1db60,-4,0,-5.044758596922422,0.3196720462914617
80604f0e-39f0-4c4a-a77a-c864c27af84a,2023,2023-02-14,a35d0124-2cd2-46ab-b613-2438a97b6ddd,d5e2b5fa-8cb9-45b6-a822-4e64c46bc8fd,-27,0,-11.971022442573226,0.1183952540757859
8c0104b1-dc4b-469e-b69f-60c186ef6f0a,2023,2023-02-14,71aa15ab-9b94-4d3a-88de-3f0ae5d9a44c,1e86acec-a854-405d-a4cc-d096ee03f22c,-10,0,9.877784773863567,0.8670491333992226
8c25d61c-22bb-4003-b7d1-6b35072e763e,2023,2023-02-14,4ae8be32-616f-4721-85c4-1e22239e7db8,a81b1489-4c0f-4a3d-bfe8-a9efcdb13d79,2,1,0.9557406296688657,0.5518929218261542
8fd11ccc-49d0-4418-a7cc-0c1863c2c426,2023,2023-02-14,45f03492-2831-493f-8176-63dfae6670de,a15edd2c-08cb-44fc-81cd-ab493e8364d6,10,1,9.246798120302644,0.848673896179979
96e509bc-e96f-4221-a60f-d731a8e84ff7,2023,2023-02-14,22641200-31a8-4bc1-9df0-8a3393139dde,e4d1f824-05c1-46d2-a96e-fd3dba7ac334,12,1,6.095303011839007,0.7454008200124549
9807bf4c-5147-4879-9bd8-33f2a8ca8e58,2023,2023-02-14,0ac20cc2-e801-4648-8850-2fde30c2def5,d19262e6-6584-4276-9fb9-d5690c3ca053,5,1,-2.0013547554611066,0.3802235850348739
ad8cd5f1-17e4-4ebf-b484-92beb30b364a,2023,2023-02-14,c9739eef-f828-47a4-bcc0-548844cff9d5,e198833b-92f3-4fa3-a2cd-82f04ec7e0c3,3,1,-5.210568821730341,0.2783997111075728
cf6e0ee7-a9e7-47a2-8364-a354571de492,2023,2023-02-14,db9252c1-9697-4f77-b192-93b1badf442b,12a96cea-6b94-4165-bfbc-3fbee5bd51ab,-24,0,-14.31959195189259,0.05842609397428219
da1fde91-6d7a-499e-b359-85336bc2ec1c,2023,2023-02-14,247817ad-6065-4e8a-80e7-26c838de4153,1cddcec2-cf89-4c5c-9810-d148c368b08a,-9,0,-1.6832770054937205,0.46218171665067986
e2368334-55fe-411b-91ed-30479ba4dc04,2023,2023-02-14,f408da5d-dcf7-48d6-b4b4-485c6241d6d4,894f397c-9c66-43c1-9223-fd405e35b0f8,-2,0,7.879503878127436,0.7680843469121347
f07f2221-8285-472b-8b1f-d03f083a3c89,2023,2023-02-14,b1cd7b83-cc64-42a8-b41b-45343632eee6,43c4f9a5-d6d5-4dd2-bfac-0bd3adaf79f7,12,1,5.707776471739635,0.6920795690286318
f089993d-5e74-427d-82cb-9b386b7d3458,2023,2023-02-14,b0eb9a16-e704-4784-bc96-af277fccf122,6ddd1347-422a-42ab-8c8e-fd5c9b4e78f1,14,1,4.336368992545265,0.7085878133933443
04faae04-0d77-4a6c-afbe-77c3833db418,2023,2023-02-15,cb08f172-db74-448e-aaf2-80d96b32bed4,ef80c085-db7d-4b36-8fd0-13ac9be0099c,-27,0,-4.590380929224772,0.3787923475864842
0d2a4c36-08fa-4f44-9f68-2513e8b797d7,2023,2023-02-15,1b6320e0-71b4-46c2-9fb4-0c801f4c8770,b6c50d53-e53e-42aa-8c2e-1297e733737d,-8,0,5.211577671397486,0.7287963094237822
0eee1980-482d-4d66-b9d3-cd45e4eb29cc,2023,2023-02-15,cbab480a-8e87-4eb0-ab35-22228c66f68e,e5fb9be0-e310-42a1-9744-47b3878c37eb,-2,0,1.087545738720496,0.5494052981860463
11a401e4-2358-48a0-b75e-2b9f4ce0fb2e,2023,2023-02-15,92c5eea2-cf1c-4902-bae5-39cf63a77442,f4f493b9-00c9-48e9-a9c8-934ed203169e,1,1,-5.02932157040757,0.3040309264934652
13d513f9-4291-421e-9254-32e3eaa2a46d,2023,2023-02-15,6d0447fe-c13a-4ab3-b46e-cc2a08eb057e,611e61cb-eec0-4487-b0c1-1ea8cdba0762,15,1,9.218663111601973,0.8523578944075566
21913291-5deb-49de-9de0-defbbd941a84,2023,2023-02-15,3d8ed3b6-e3d1-4a7e-b179-fdc92e2640e7,295728d9-e6d3-43a5-a29d-26c403f073cd,13,1,4.225942613242425,0.7246860830066414
236bf427-30e3-4b30-95fc-841f87d886e3,2023,2023-02-15,bb243294-1aa5-46dd-af42-c3676717c61a,57f7bf85-91b0-433d-b843-94485a520954,12,1,2.348245006937671,0.5772105010115857
2389afd3-5c90-49c5-9b39-7f8886c03bb1,2023,2023-02-15,f612c81a-f044-496c-871c-5c643a5e8f9d,cdac95d6-25af-43a9-a6c0-1004aaa6a183,14,1,8.190127719524737,0.7750412740765272
2eb8452d-c402-4378-a662-11a1d8048986,2023,2023-02-15,6aa9d05e-84b3-4e72-815b-fe3dd02b1e03,63b38daf-556d-4012-93d1-faf2cc5da515,-11,0,2.267280101138845,0.6334691076183155
31fea59a-970c-485a-8e17-3f9f42e996a1,2023,2023-02-15,07960f6e-9ad4-45bb-82bd-06f477a011e3,05dbf7f3-9fc5-4818-bf47-490e1f7c7186,-2,0,-14.136375623773322,0.06518604684000627
385714e3-b511-41e5-885b-803f1a4d4c23,2023,2023-02-15,0621d617-e31d-4e1e-a043-a11af2f706de,015de200-e75d-4f5c-b26f-60089691f965,-2,0,-3.3975783094212284,0.39429241998848324
3cdc04c8-ef4c-4c2e-bb0a-b3b303c6a18e,2023,2023-02-15,9cc36a7f-4ac0-4523-b7cb-99b33fd2fb4f,8e941979-021a-4b68-ab5b-5ee34fe0e06a,9,1,0.4166435377376152,0.431021545351579
41042a8d-7b07-406f-8c5b-ee1b1e7ad42a,2023,2023-02-15,410b3365-a1a1-4bca-b3fa-52270a02f75c,d92b9143-ae83-4c94-b9c3-d1cbae1b7565,4,1,-13.863994120936136,0.06576638449349909
44194f43-e9d6-42c1-99f2-2ee996cbd3ee,2023,2023-02-15,48ff6f70-fd07-4a02-ac71-b973f0ea0451,ef9503da-6c3d-4207-ba0f-3cf770627dbe,-19,0,-12.702226760858178,0.0862010660412592
4abade27-8754-4f98-98d0-6930b1fc0782,2023,2023-02-15,407f6796-76ab-4c28-8f30-cebbfbe534dc,5fa1ed7d-157b-491b-9384-66ab06dfeefb,19,1,4.308455806783077,0.6411739854299607
53143312-df34-419f-b751-937f335d1e6f,2023,2023-02-15,7b423c28-572a-4a7a-982f-3d59e0fb25fe,f022d404-14a6-4105-afd2-445afe77bad5,6,1,-2.3284094244053213,0.4474768298574404
5e98e0f0-9938-4153-b75c-e0d56249e733,2023,2023-02-15,c84adc87-6cd7-4df0-9245-59fa829300e4,445a7698-bd20-45f7-9c62-e0ca0057e959,32,1,19.093257017993043,0.9836215521398706
654d5921-5156-436d-9745-af640393b8c1,2023,2023-02-15,043e8015-480a-461d-aae5-6cb149237466,40fe605d-085b-468f-aec2-614432798d3f,2,1,4.340135878293027,0.6150354842040865
77b2924b-d5da-4d2e-8e94-dc8d399bc93c,2023,2023-02-15,712e6366-f137-4f9f-a647-831a2797543e,7a193c3e-c732-47d4-b893-cc0c575ff431,7,1,-4.443005111828042,0.32066809731820095
785d2759-2008-41f0-918c-560841ea9be9,2023,2023-02-15,15d2579a-33fd-4772-9d78-e929a093bd79,888089ca-9632-4e33-856f-b210b1d946cb,1,1,-0.03373960147425857,0.4971551855148861
7b43369a-7970-4f57-9e89-67de517c8999,2023,2023-02-15,a8ab3f0c-a155-4d9d-adf9-5593435a0152,d6fb85c8-3e1a-4375-a5a6-b293e672533e,11,1,12.713371123097463,0.9312679930966901
7c2edf8c-0787-4c78-bac4-a48142c387a5,2023,2023-02-15,4d964b45-0956-4e20-9bb3-92d90690ea01,d7828b57-33e4-4922-bfdd-4780151816ed,12,1,5.278180242365613,0.7580883720135635
814b1dd3-f08a-4acf-9cdc-d0ef014d38c8,2023,2023-02-15,f7d3e028-cab6-4277-8d9c-799f5bec0712,4b5bb58e-38b5-4132-b2e0-876169cd4017,6,1,4.5018439855495265,0.661811763720107
820e502c-dd91-4476-9138-13f7fee5a132,2023,2023-02-15,99bac3ff-1929-4a83-a593-5c1e123a25e6,a61813fd-4a0a-4112-9fe9-2d33fa01a9aa,5,1,0.04660059967235168,0.4881119988157529
825cc068-f21b-4fdc-b458-bfd854712582,2023,2023-02-15,d42bc01b-0728-409e-8ce3-c205d30493c1,090a9b59-4e95-410c-b5f9-c4d63d9caea8,4,1,12.83756056816594,0.9179684454926841
88d8d9f7-37d0-41e6-aee0-0edfc57ccd02,2023,2023-02-15,ba34e76d-5905-4b7b-9c5c-9e014d969c91,c1ddb62d-8103-4ef4-a556-df9238531bdf,3,1,3.862085902945305,0.6332395161017442
9d900695-f806-4f96-8e33-06912ffb3b6e,2023,2023-02-15,6748ba88-58dc-4e41-b3b3-d8df2c4a3c4e,9226a51e-74e7-48ed-9e95-6890a182148d,-3,0,-5.238665955938047,0.3612020596856462
a19f24b7-0fcb-4b5e-a36d-b986136fbe07,2023,2023-02-15,1e95b7a8-8a2d-4c93-bd01-79b311a80f40,29503a81-0fe4-4a0c-8022-d23ac7e092b6,3,1,5.387624403612084,0.6662031919718687
a67bb235-4dbb-4396-83f7-d66831a60d92,2023,2023-02-15,f6ffbdfc-4780-4966-b75f-aa6ff30a7928,d5e139fa-05e7-4c6e-b083-5261fa76ee6f,11,1,2.4505623465283795,0.5544333026492061
ac11edb6-5e96-43c6-8907-ff74ebd1b200,2023,2023-02-15,23328a3b-6bde-4b61-960d-5c45fab4d16a,2dba4db9-bc1f-41f7-b1e5-8d94e117c1e9,40,1,11.700840527155751,0.8894900696823939
be82b2cf-b02c-449a-a32b-3d711265fcf1,2023,2023-02-15,8d694562-759b-462a-9766-ac29e999df71,55f602a6-b8f4-4fc5-b30a-9a23ad91a2d8,-8,0,-9.075678978067172,0.18277925956418842
c819e785-564d-411d-80f7-8242091a86a0,2023,2023-02-15,3ad98900-f406-42a6-b9c7-7a2d3f0a9867,9b92c0ff-02a8-49a0-bb79-32eb70b7681d,10,1,13.083667978293605,0.9321220085603482
c8345ee8-15e7-4af5-ae67-3184769e400b,2023,2023-02-15,75608756-6246-483c-8138-59d3749a8d3d,7bf0273c-57aa-4412-be01-e0e08fb7cd81,-8,0,5.449294091555296,0.7391804959631204
cf6fff07-699f-4e31-a159-fa17bed1987e,2023,2023-02-15,599c2f7f-3472-4f93-9807-39b33c575236,eefb221a-cb2c-47a8-a13d-1f008fc6a8a0,10,1,6.342262694650671,0.7298946551927227
dda53577-d5d5-41ad-b42e-426006d64b47,2023,2023-02-15,d6e9ba69-1ef1-406a-8fd1-17ef1a6980e3,dd027a18-2cb5-45a3-a0ce-f3f9eb7bde2e,7,1,-3.4399824279119837,0.34128514731649784
de0e57fd-c119-405a-ad6d-60d5b0cae071,2023,2023-02-15,f4fab986-a169-4f78-8a7b-6be149e86c10,e1e53055-037a-4acb-82e9-552f8abd6635,2,1,-3.330824558007499,0.40692062172658533
e16c111f-ac7b-40db-b74f-c33132ffbc3d,2023,2023-02-15,81ba36f8-a53b-4696-8877-2e9bb161598a,cdc199b7-a710-4c11-a6e7-2384b399c06b,2,1,1.5094006242919682,0.5169652326355697
e541e686-9687-4f7c-bdda-4059c2d0eda7,2023,2023-02-15,105b326b-5a9b-4c89-a5ec-7e020f9e72e9,3950a3d3-d1b1-4dd9-bf4b-2356ed344246,-20,0,-8.463223672575825,0.22616908528894128
eb575db3-900a-498e-9f9c-7abb87d94be4,2023,2023-02-15,348c253f-b663-454e-9b7d-051280f46334,34668727-07c8-40ea-adb6-3541d9d7f32c,16,1,13.468309966813452,0.9189617119891774
eb5c05d1-b6f6-4b9f-a977-34eaafcda3e1,2023,2023-02-15,b13d1921-03e3-4f47-b962-4e9951de7510,effe733a-ab00-44c0-ba8a-c389badc7014,-1,0,10.533028883486566,0.9127109737257711
eccf9f16-fc43-4964-90a7-c8549057db48,2023,2023-02-15,3b586230-34c7-417b-bdcb-3245c5a8de8a,f14e71df-6c53-4abe-b789-c0d73a44b276,21,1,0.8234013236851028,0.5395501436287754
ef6d09b6-826d-484a-b6b6-6739c558944c,2023,2023-02-15,eccdef36-c666-44f9-bd7f-17e4e33e2def,f51695f1-a8ee-4f8c-b518-879ffe6b0dca,-1,0,-0.20478318627845063,0.4723086464476119
f708d8f3-741d-423f-9b4f-e4de7c86f1ff,2023,2023-02-15,eaaf67e1-30a6-41ca-a400-906b86d42a58,bc48226a-5e03-49d2-aa5a-550081373e7c,-3,0,-4.168069967913564,0.37329694073367414
f80ed339-de6b-490c-a63c-db5581169b76,2023,2023-02-15,48e9401c-d41f-4f19-9358-0f41a8d74ea5,89150efa-06a3-4a88-82d3-26b3797ada35,-11,0,-6.699264934754626,0.2561188157604627
f896999c-52b0-42c4-8406-65ee33651e41,2023,2023-02-15,aab3630e-9c8d-453f-b0c8-afdfe71a5d3c,0d002e4e-eb5e-4b77-9116-89839d4f537f,7,1,11.30594063911066,0.8996384780966633
fc8235c5-8069-4e1e-aaa7-d006a16882b1,2023,2023-02-15,324a87d8-6e5f-4df1-adea-5c7c07bc3880,4a6135ce-718a-497f-924d-23f4797243ee,-14,0,-3.002424820204139,0.40072982150730985
febd90e5-bc75-4cc7-a06f-ee79ec3dbf68,2023,2023-02-15,526a8e73-78d6-4268-9f89-6f7d90e5dcd3,ab66209f-04c2-4600-99c8-cc177f001266,-3,0,-15.857391855897855,0.03246368264763669
04b79d32-7213-47ed-9ef8-2c2f87bf9dfa,2023,2023-02-16,474263db-dab8-4b0d-842a-548132e82b33,63b264d5-0679-4b31-b175-0c1d019bb0f4,8,1,1.3186996290930286,0.5598038358862997
04bb61b7-ecb5-4d6d-8232-0a34c87a5711,2023,2023-02-16,92e2201e-4d6b-48b2-b40f-1980a5b48c0e,4ba5494d-a428-4c7e-92a2-fa5f8a096b3e,1,1,-2.342119370515976,0.4376120252612146
06ae687c-101c-4bc6-9ba2-9119bf22b8f1,2023,2023-02-16,54b6e673-584f-4030-af7d-052c75277798,c282b887-5bc1-41e5-8a0d-15287474de7d,-8,0,0.2778652818926778,0.4711975111418891
09db2e9e-e855-476a-bdf0-65ce974bfccc,2023,2023-02-16,d4ca3878-1113-45b1-abbe-5a9a3c7c5430,9c1c5097-7168-4529-8378-8f68f206bd9f,-3,0,-2.606683087224134,0.4061125383069601
0cc185f3-151b-4fff-afd8-60981edf7522,2023,2023-02-16,e62f6be3-07fc-4d39-9d92-158e9218c40a,a0454954-f558-44d1-812e-59b90041128d,1,1,6.382587881511849,0.7824214910539138
0ccae513-3ba1-44b9-a8a8-213fedf40853,2023,2023-02-16,5a36a71a-5c48-4f55-a80e-17e194f320ac,e0accbcd-bd68-4bc0-a2a3-3c32753815b5,15,1,8.71330706333774,0.7931091587800391
0ce7bc12-288d-44dc-835c-0e1368acd01a,2023,2023-02-16,40d1c23d-da10-4e19-8a9f-d69e48e05c30,97cd7805-e5a7-4739-97dd-116010ceb9af,-8,0,-5.231886440082978,0.34695374854674743
119b7f30-7fe2-4c73-83c3-86066439e208,2023,2023-02-16,9a68215b-c4da-4c48-8fdd-6f9862b46f80,251330f1-c041-4520-b4a3-114f8f6b2ccf,9,1,15.947710719519229,0.9602731986301083
13d1b383-2bb0-4a6f-be3c-a650b845c45b,2023,2023-02-16,fa0efad2-ee60-463a-a297-fb45c393e624,9874a1c9-7e78-46e4-8d3e-6fce94e7046c,17,1,3.4788397503780013,0.6508040411344974
17e01ea6-cd4f-4c9d-af5e-086c44b7e816,2023,2023-02-16,428b85df-3b5f-4b21-a384-f1bd53f95d19,718dfd9d-59ef-415b-875a-8c861f6adb33,14,1,9.278110726303447,0.8338076528038858
1b60069a-3261-4f8e-a0fb-e69ca03ed75b,2023,2023-02-16,77dbd2b6-8c48-42cf-9cfc-6fffa07402bc,143599fb-b821-43e4-b0ee-2f6e521ddb11,7,1,2.4894368881388815,0.5403743583682975
1e461c46-4eff-4072-93e8-3c71897bfe44,2023,2023-02-16,88dfcbfb-3d60-4978-b275-46ae9f682ad8,9cee8aea-80de-46c5-81a8-499fc49acb57,16,1,7.314490049541573,0.7712342481898524
233659dd-30f5-4b0d-ab03-72a5e8b84763,2023,2023-02-16,a1fb658f-49be-4887-a725-48a42276ac48,7dfad569-05d6-43d5-8f47-defff4a50649,-5,0,-5.154079408847567,0.25470860734562395
23bab843-2da9-4adc-b9c1-dc575999b608,2023,2023-02-16,9988778e-cc80-4486-aad5-9ebdf21f2965,393745fb-1951-4506-ba94-c10dcd66ee50,6,1,0.5032912101772676,0.45281246878801124
262263d1-1475-4321-9b6b-63db6864ce8c,2023,2023-02-16,170f63c1-c0da-4464-9352-7a33c5e2b3eb,cbb7e0c8-4326-453b-9357-a01df1076809,-13,0,-7.023223926106977,0.189212928491538
2d4c9406-5c52-49eb-a29a-abbc8d07c8e9,2023,2023-02-16,2f8127bf-68b4-4cd4-bb81-d18b7f461cba,e81d4510-e1ee-4dbf-9b00-28fe6eedbfb4,4,1,-4.024425586493722,0.28264495254473204
3919b5e3-8bc4-433b-9a23-49046891e710,2023,2023-02-16,f1d0f01f-d161-44fe-a534-6f4383fe2d0a,588cf783-9153-4586-adb0-8eb7fb71d013,-4,0,-4.162475728965052,0.32150365970905825
3a36639f-e99e-472d-901b-d7f5a5ad98ab,2023,2023-02-16,63373289-6a60-4345-8e60-c44894f4f8cf,afebdb69-0f48-47d1-ac8e-740bb58c993e,-3,0,-15.632799723012141,0.04013176467113784
40dcac1a-2e61-4a54-b61d-5802cce27161,2023,2023-02-16,4db0dce7-2ca3-42fd-b71e-f5e13debacfe,f7352462-5710-45c3-bd64-969e67428b1f,1,1,4.79947665539764,0.686787675413521
448a9284-cba1-4fab-b74b-5d48586399c5,2023,2023-02-16,39d71fee-a4e0-4399-8698-547fdb4fb256,21051f5e-6142-4894-a3a9-09bada612b47,3,1,16.125725311717872,0.9642390101558733
55170f17-ae40-449b-91c0-d10564a2aa04,2023,2023-02-16,b2a4914d-552d-49ca-818c-4219f9a5baa7,edd0d0e3-31f0-49f2-a22c-b47c8e8ba9a6,-5,0,-5.882968066996463,0.2774949262645845
5c61b398-142e-4d13-b8b9-c8fe9cf7673f,2023,2023-02-16,a5600159-b71d-473b-92bc-8f7ab08f897b,ed26e9f2-0346-429e-8084-a40c091454e8,-7,0,2.077927274252271,0.6207528582606456
60e08ed6-1439-4e69-a987-f77f177d8a65,2023,2023-02-16,6bcb5e3d-9b4c-41f9-86b6-1f44432462b3,5efbece3-af1d-4f3e-8930-388ee4604cac,-4,0,-2.3646599921823044,0.44443943843440387
6728c583-f548-408c-be07-66dc7986f370,2023,2023-02-16,c21e5ab2-08dc-48f9-b923-9526ce89d623,c8e7388d-5a50-447b-ade8-addcc758d8dd,-15,0,-15.456762610405407,0.03843604349802666
74d84ab4-c8c4-4f82-a1bd-47da18c9fda8,2023,2023-02-16,c8da4ce4-29a3-4f99-b827-9b55afb4e0d5,88205ce6-ad31-4ffb-998c-fb9164c40dea,30,1,22.61754496066162,0.9869381703795305
785bdaf2-67b8-442b-b578-6144269c95ab,2023,2023-02-16,0939b5e1-8421-4924-a8b9-9846ca06f2fb,11b2b228-e668-4561-b527-22cb63540f1a,2,1,5.958441577393722,0.7261623429182013
83b2a6e9-f5b1-4fbc-a0f6-8d0155f09e99,2023,2023-02-16,72c1f395-5916-463b-8353-47b99a272098,e7f10812-f961-4c56-b848-22cb16073f49,-22,0,-15.196692682164667,0.0423273314499093
844bef1b-cb02-4cf3-8c95-d0d8323f0cbe,2023,2023-02-16,873aeddf-ece1-4971-83c5-24ff228e2954,39668771-063a-4cfd-ba1d-be18a842d5a1,7,1,-5.073063033169077,0.26726336186471156
8992b5a6-58c7-4090-9c69-3cae325257ec,2023,2023-02-16,7970fe41-5393-4223-935a-46250b8a26dd,325c1fce-e70b-481c-bc59-315b7defd4ad,31,1,3.944191436395433,0.6796245504211673
8c7c2cc5-6117-45b6-9851-095dd4493855,2023,2023-02-16,96babb60-08c6-42a2-becc-a075a465dcc3,bdb8394a-cc25-448f-a1b9-ef5fe40bb204,17,1,15.9306069592305,0.9561624376468416
8f312faf-986c-4191-8109-edf31d8dcfb5,2023,2023-02-16,7e4e4039-a37d-4b42-80aa-0fc18e241eff,80cec103-b3b1-4978-9b4a-f1ad161630fd,9,1,5.864065176861353,0.7054165570208136
924f3a2b-c289-48ed-bc0c-584db9fef1ae,2023,2023-02-16,ef3cd1ae-ef09-458c-a751-658436d5dfbd,a155af26-bc09-4c69-9940-efff8f3d15e3,-3,0,4.796456684671502,0.6487168926664589
937f673c-c5e7-4342-9637-1d0d95985be5,2023,2023-02-16,bf2aafb4-bbb6-476f-acfd-8793128f565c,b4194217-55eb-45bb-b105-160e06f0b625,37,1,21.71856987521068,0.9760518113812714
9864a865-bc34-46ac-bc91-f8e39d076284,2023,2023-02-16,2cb246a7-863a-4dc7-ab3d-eabccbf12019,29115cd5-8aba-4a2e-89c9-20f7d87b7051,15,1,17.55009444871217,0.9680991206992167
a650ebfc-b61d-45fc-abe8-a05dcd25a665,2023,2023-02-16,7631bceb-b254-43fd-b331-b90b901b5959,eed17656-6fec-4cf5-aacf-f932c5b66084,16,1,10.430421727469941,0.8466880108206954
aa7d30a6-f19a-46b8-9cb9-25d230ca1cac,2023,2023-02-16,34002612-3816-4311-b39c-41d24ddcf17f,e44bc5f8-7dc1-4aac-8beb-924a7c5ee465,29,1,6.69841686555972,0.7523781104133219
ae33926a-93a2-4c97-8b4a-2b16f342b0a9,2023,2023-02-16,814a38f7-2f64-498d-b6d6-a9ae4df96850,a2362a90-be36-417a-ba1f-0cd8ca99ef80,5,1,2.1834716864680144,0.5601487073587339
b21ffb3b-2056-42f0-b24c-55b957c78c0d,2023,2023-02-16,3bc40b20-71e2-4fa2-9c99-8e0b6cc3460b,f9620376-5493-4730-bf10-8b6480bd3e43,4,1,8.544567876296986,0.7786258535314996
b6feb473-63c2-4e31-9838-7893fe4d9847,2023,2023-02-16,27a2a3c7-c672-4a2e-8381-bf31d528c0d0,cd2892b0-c423-4723-86bc-3988015a8015,14,1,-0.9755516822548796,0.45248081686150476
c34c9163-30a5-4bbe-8870-9b5652968165,2023,2023-02-16,b034bc0b-a11f-4e43-b372-127640b1d5b0,0d4551fb-d4fc-4659-b14c-fdeba3555569,-13,0,3.1041373261642953,0.6500007002452397
ca8215cc-9120-4728-b7db-091e9761d1b3,2023,2023-02-16,c6e998ac-727a-42d2-a2d4-0e7c854dd383,14e4e2ac-f90d-419d-9b14-9a9e3ba13b59,18,1,12.8657301498723,0.9257319747177222
cb3cc587-54ad-4987-9b62-9f853a8c5157,2023,2023-02-16,38a65109-33be-44a5-928b-459db9d9dbc7,b847237b-f1fa-48c8-a618-17553efdc228,17,1,7.446715195538641,0.7808176199771564
d0070920-8fab-4acf-8962-4cffdaea6f82,2023,2023-02-16,06ef3673-5d7a-4701-aed9-726aa07838e4,8681e6eb-5cf9-45d5-b215-af3a54ebc784,-14,0,0.0010791654463824622,0.5185999533656441
d8cd7a60-7100-4b3a-be23-9f1d74dd4897,2023,2023-02-16,1f74189d-a265-4a43-9a13-b26dc844746e,3c06c3f7-a7c4-4179-a9a7-d9b86afaf42c,8,1,-2.5075819625597244,0.41334493614769163
de3c84ff-ba86-46e4-b30d-31274aa43ab3,2023,2023-02-16,0e5ca5e6-5ea7-44a7-8587-b4c7834a4c52,61c096bd-3b5f-48c1-9f04-b18693a77cc0,7,1,1.6746511979985121,0.5693298150341832
de75cd73-b83f-4dab-8f43-b3f424fc2775,2023,2023-02-16,58fab53e-62a1-4e7b-acbc-71e06102931a,07fe7a79-3bd1-41c3-99f8-6c7f857756dd,9,1,-0.2044992607135075,0.509033005720729
e0a8ead7-7f7f-4667-a566-3387166d7b13,2023,2023-02-16,65974f84-3069-4f25-8f4b-7ccb79790430,1c48e10a-5d97-4c46-8f8b-4217683da26a,-1,0,6.921801585959011,0.7689613224237013
e8ef3a76-52c9-4d12-8a3e-5759608adfac,2023,2023-02-16,14900e69-e972-4137-8f13-5ef152e0075b,9ba3b86f-e9ff-4c69-a5a2-865d61dd56ff,-5,0,5.395868552516217,0.7019595127100778
f011cd37-86a5-450e-97bd-ff2d07b95529,2023,2023-02-16,b462e428-f59b-4465-b793-4cef6f10cf66,11c420a2-9004-49a5-8268-6683a741a32e,9,1,2.7078714016442618,0.5809956039087325
f5e84e60-91e9-45a5-a745-c8170690d77c,2023,2023-02-16,11018b71-58b8-48c1-aafe-d3f42d4dc4b9,d13063ca-830f-4027-a1e1-7961d39c81fc,-9,0,3.0542884791434823,0.6384004002954297
f632c176-f116-4c3e-84a1-d96cd6c1585b,2023,2023-02-16,8a231892-e40c-466f-9e2a-016a3433fda0,61442116-53fe-4490-9f2a-17aad40fb68b,-1,0,1.4368356058570106,0.5541923988716714
f75f5639-484f-4c69-a04e-0eede5db6cd0,2023,2023-02-16,75ed6a75-4599-4fee-816b-ed729babf81b,20fdaaba-bd75-4d6e-bf13-299d2f1704ef,-8,0,-9.355031560960809,0.14875191392783563
fb417ca6-3d25-48f2-b0de-6cdd5d44197f,2023,2023-02-16,3016ba37-71e2-4de3-bc39-86d07a8a3e44,fc62dc2f-7404-4a85-b1d6-49d5135283a3,-11,0,-0.013534263509359889,0.513163036537382
068b188a-f7a3-4d8e-9cf9-969204f0a9f5,2023,2023-02-17,12a96cea-6b94-4165-bfbc-3fbee5bd51ab,a35d0124-2cd2-46ab-b613-2438a97b6ddd,27,1,18.704193672174217,0.9788233732284107
1e9108b2-042d-409e-8f8a-da573b1cd860,2023,2023-02-17,894f397c-9c66-43c1-9223-fd405e35b0f8,fccaf1a2-1439-499c-87a3-1615684518bd,-16,0,-13.251379608273352,0.08420249415496645
20af1d6c-8336-40a3-b25e-4397b1be9109,2023,2023-02-17,252b92fd-b788-4b9d-9cf4-94b7e591640f,c3807661-da5f-4ce7-af5a-e086fc56158a,17,1,5.150059763980515,0.6974292772586782
2251e03f-4771-425d-a0d0-6881e1a0a01e,2023,2023-02-17,d1838999-77de-4a4f-9d66-e6071f5a079f,805b30dd-e009-4031-8968-ef4d8bbf928b,11,1,8.215172394825478,0.738169479964043
2ec7e9eb-eb96-492d-b72d-823eeb7d0c7f,2023,2023-02-17,16e5ce2f-bdd7-49bd-a906-9aeaef0ffa08,bea9ec66-e41d-4afe-aa79-8a5b0f020811,-13,0,0.9790622594238619,0.5760264879626015
38a425be-39a9-4f86-8d51-02a99029da2e,2023,2023-02-17,7d7d8e50-802f-4f7c-aedf-3116a743e835,88471167-5c0d-4477-bf1c-b50a9fa96a10,12,1,13.068550534677868,0.9299153880487101
3ced8165-92d6-4758-998b-ea0045b7ad6b,2023,2023-02-17,d3246ba0-2060-4e3f-addf-f8704b79380e,927f9c80-da40-44b1-834f-ea1d457600d3,10,1,2.0538113281413297,0.6037911739015125
6fe8dfd5-11c7-4858-99df-55ceb3fc375d,2023,2023-02-17,892bcbe8-a66c-4c57-88ed-c82e0c13706e,ec764a7a-bdf2-49ba-9830-7408ea7f453b,-9,0,3.193059216519326,0.6520067320012836
88bfacc2-c347-4848-a778-14aef2e672e5,2023,2023-02-17,030a591c-8164-4635-bb33-29a4c98e0b5b,297b5678-ce67-4c02-bfc4-2ccec5343d09,2,1,0.2329242250115025,0.5048326163391252
9100e56e-6400-46f1-913b-faaf38c44e59,2023,2023-02-17,3fb4c1d4-021b-4e64-a997-b47421257d4c,66ad8504-16f3-4990-9abd-ff1e776dfb86,4,1,4.067656792504209,0.6374366587277666
9532aa11-c86a-40d9-be91-3e1d59fc0521,2023,2023-02-17,ff27601d-133f-4abc-a42e-f55d4f497bb0,e145a47f-597f-46fe-b58d-64dae192efc0,-3,0,2.703309507227852,0.6218289218761066
9dce77b6-f1a4-4ab4-b61f-c9c7fdc9cc7d,2023,2023-02-17,d42bc01b-0728-409e-8ce3-c205d30493c1,71bfb11f-a38d-45a5-914a-5006c7417da4,-22,0,-0.2857886085532026,0.4703048733362524
a89d3c25-176a-4aff-ba01-7c06cf8bacf4,2023,2023-02-17,067fed65-5ce6-4ac2-b769-11805417f5ce,21bdd018-a21f-44da-982a-98efb6d24ca1,-3,0,1.1422984803000797,0.5793252331758078
b23d449a-d6c1-4e95-88c7-b7ec9bcbe69c,2023,2023-02-17,957c8e2e-1939-4c65-af04-df116ac4086d,0b94d899-a6a7-4449-b626-07126971cd67,-6,0,3.5020335546189623,0.7074923708474095
d13ae169-bb23-421c-b272-2c2453cf1906,2023,2023-02-17,b13d1921-03e3-4f47-b962-4e9951de7510,6359c55c-0527-4830-8bbf-51141c0ff2a4,10,1,8.191055169013097,0.843876254770926
e13ce85c-97ad-48ca-9368-968c1f1057b1,2023,2023-02-17,2ff94ca5-2417-420a-b20f-387ca6793769,66f42ce4-3183-445f-b7db-b673bfb1fe7b,-28,0,0.7437877520377874,0.6351928824205249
eb49817d-3a30-4087-b184-5c59bd4c6aaf,2023,2023-02-17,304b93c1-4157-43db-bc99-6f2b071e4429,218250de-64b1-4e7a-9b64-e426441584e4,11,1,20.87589971006687,0.9832381007626074
02920cc7-5931-4b69-b855-1ee8200f2b27,2023,2023-02-18,5bd87308-1027-4aba-a8ef-970bf8e9ac0e,41088861-2288-4681-9b1c-b52f63527faf,-9,0,-14.597634183239476,0.0739777410648273
064994df-ed7c-4490-a9bb-ac68ddc0898d,2023,2023-02-18,e5fb9be0-e310-42a1-9744-47b3878c37eb,99bac3ff-1929-4a83-a593-5c1e123a25e6,15,1,-3.2531471666695433,0.3874626851989244
09972fea-bed8-467e-8b7d-7471acac10b6,2023,2023-02-18,fc903652-4ae3-4b36-82b8-fea6345f3b2e,d6e9ba69-1ef1-406a-8fd1-17ef1a6980e3,2,1,3.1582749558895937,0.6392311815133798
0bb1651b-1284-4fd2-814d-a60a161e19af,2023,2023-02-18,9ba3b86f-e9ff-4c69-a5a2-865d61dd56ff,cbb7e0c8-4326-453b-9357-a01df1076809,-5,0,-13.030507935684163,0.07871308508433209
0c7336cf-ccff-4c09-bd0f-f5cc8b23649f,2023,2023-02-18,9cee8aea-80de-46c5-81a8-499fc49acb57,88dfcbfb-3d60-4978-b275-46ae9f682ad8,19,1,-0.27144927957340603,0.4391916526855002
0e4a33bf-da85-47be-b05b-929fd307807f,2023,2023-02-18,7631bceb-b254-43fd-b331-b90b901b5959,0d4551fb-d4fc-4659-b14c-fdeba3555569,-5,0,10.649841612313825,0.863970247515381
0f716906-4282-4609-af57-c37683ddb627,2023,2023-02-18,14900e69-e972-4137-8f13-5ef152e0075b,f9620376-5493-4730-bf10-8b6480bd3e43,6,1,-0.30157697304115955,0.4477999791434966
106d8ba9-072c-45cd-800d-5a2855ebac12,2023,2023-02-18,e823a53e-c3a4-40d9-b40a-4d7eac69e962,d680033e-5d87-4349-8622-dcce2bc0559c,13,1,11.471853226569312,0.8883888863836176
1121d544-c9ff-4463-aceb-378a768d46f3,2023,2023-02-18,be0c2be1-019f-4c49-9ef1-92f53c9c23b0,a757dae2-f596-4065-9e29-b365b91af590,-17,0,-11.647521448001863,0.09694159005568649
13d20f8f-a3b3-4f9c-b852-eb442fa751d1,2023,2023-02-18,474263db-dab8-4b0d-842a-548132e82b33,7dfad569-05d6-43d5-8f47-defff4a50649,-21,0,-6.496354687579147,0.36334899537642074
16de1eb4-e289-4703-800f-47a977697e6d,2023,2023-02-18,f6d79bbf-f8fa-4aad-8a37-6172d43ea482,a4574b8e-6d1d-4ed4-a947-b175f74c6387,2,1,-2.1992605104979512,0.3807657334428368
17f4486e-7fc6-4bd1-9ec7-2f67bd4055ff,2023,2023-02-18,348c253f-b663-454e-9b7d-051280f46334,cbab480a-8e87-4eb0-ab35-22228c66f68e,17,1,11.117337782039215,0.8724371422379837
18fa7119-8e80-49e8-a86b-e7d1208e05c2,2023,2023-02-18,d5e139fa-05e7-4c6e-b083-5261fa76ee6f,e10bd2a0-5b84-4d41-a1ef-08b801a04039,25,1,1.6726375736325474,0.6431616930273049
1a39e612-595d-4e42-bfc7-ec0055240241,2023,2023-02-18,1cddcec2-cf89-4c5c-9810-d148c368b08a,c238c9de-59e6-4d8d-b9d0-745eb8ec96ab,-10,0,-6.483279919888343,0.21802414568266412
1f5f6753-f446-4bf8-b6f5-dec4240fa6de,2023,2023-02-18,173a69ab-4f3c-453a-a1cc-8b83c0ee2b49,9d09ebd0-f5e4-4022-b315-aa3719219b6a,9,1,7.952114900674132,0.7967907091901918
237c95cc-e1dd-4f70-9419-45489531dcb0,2023,2023-02-18,8e941979-021a-4b68-ab5b-5ee34fe0e06a,4ae8be32-616f-4721-85c4-1e22239e7db8,49,1,23.614810368009945,0.9912778146100544
23a62ece-89c9-4605-a340-e0ba21c7d441,2023,2023-02-18,34668727-07c8-40ea-adb6-3541d9d7f32c,7bf0273c-57aa-4412-be01-e0e08fb7cd81,-8,0,2.808473653236289,0.5782036640762267
25784bec-f961-4692-9f15-cdb9a772f346,2023,2023-02-18,07960f6e-9ad4-45bb-82bd-06f477a011e3,0621d617-e31d-4e1e-a043-a11af2f706de,-3,0,-0.6552812402753604,0.434841793616714
28b85467-57f5-489c-834c-f1e1f6ac4eb2,2023,2023-02-18,01325ccf-0551-472d-a463-55f692a5e50c,762cc817-6e37-4650-89d1-6bff265dd1b3,-6,0,7.987639246083743,0.8149516412282197
2a7052c0-bdd1-4180-a2ee-837ba931bb6a,2023,2023-02-18,0d002e4e-eb5e-4b77-9116-89839d4f537f,db22a3b8-fd13-44f3-8968-9aeb04d833e7,10,1,2.4876266248213104,0.5034010567935779
313121a1-787c-4fbd-b14d-61d73719a876,2023,2023-02-18,f51695f1-a8ee-4f8c-b518-879ffe6b0dca,445a7698-bd20-45f7-9c62-e0ca0057e959,16,1,11.913010714042333,0.9008484411520284
3190a13e-efef-44ac-8abb-6eb9ed049956,2023,2023-02-18,1f74189d-a265-4a43-9a13-b26dc844746e,20fdaaba-bd75-4d6e-bf13-299d2f1704ef,-12,0,-0.10404751568536165,0.4732463678400191
33209011-33a7-4008-b512-e1cac7b5a5d4,2023,2023-02-18,39d71fee-a4e0-4399-8698-547fdb4fb256,fc62dc2f-7404-4a85-b1d6-49d5135283a3,8,1,14.609838994245074,0.9331186689450247
3f6f4d5f-8af1-477a-8caa-b4f5eefca818,2023,2023-02-18,77dbd2b6-8c48-42cf-9cfc-6fffa07402bc,80cec103-b3b1-4978-9b4a-f1ad161630fd,-11,0,0.038751297541359794,0.51513868871303
40a00bfa-da23-4695-9298-d18434548439,2023,2023-02-18,92c5eea2-cf1c-4902-bae5-39cf63a77442,14e4e2ac-f90d-419d-9b14-9a9e3ba13b59,14,1,8.074946099844206,0.8414283812423455
4629b4af-8bc1-4914-a8c0-50fd5c10f9fb,2023,2023-02-18,4b5bb58e-38b5-4132-b2e0-876169cd4017,6d0447fe-c13a-4ab3-b46e-cc2a08eb057e,19,1,8.94173483517133,0.8276804729046151
48a3b95b-98f8-4742-b1fb-383b31e4aaa1,2023,2023-02-18,428b85df-3b5f-4b21-a384-f1bd53f95d19,61442116-53fe-4490-9f2a-17aad40fb68b,5,1,3.6439804445369446,0.6178391620149888
4b42de38-10c8-4860-a483-9aa9172cf51a,2023,2023-02-18,c1ddb62d-8103-4ef4-a556-df9238531bdf,043e8015-480a-461d-aae5-6cb149237466,-3,0,3.648222183362356,0.6733669322225437
4b6b903d-66c3-4476-bce7-cd3c16453723,2023,2023-02-18,00ba2ccc-f972-4423-adaf-34e87d0f5992,1a2c070a-303f-434e-a50d-c98ad9d9f88d,12,1,12.720110419898,0.9086613736500054
4f9138cd-fd6c-45e7-83d5-3ed032b1d3dd,2023,2023-02-18,611e61cb-eec0-4487-b0c1-1ea8cdba0762,eaaf67e1-30a6-41ca-a400-906b86d42a58,-8,0,-0.7063694351136234,0.44156608396962305
4ff985e1-6eea-4ec0-bd27-ad87dec545dc,2023,2023-02-18,38a65109-33be-44a5-928b-459db9d9dbc7,d739e8c5-4395-4b08-b8ca-445d1a57a451,12,1,7.269634052680417,0.8114298920495527
5153a852-ff12-4135-9955-1e064c852093,2023,2023-02-18,6748ba88-58dc-4e41-b3b3-d8df2c4a3c4e,d6fb85c8-3e1a-4375-a5a6-b293e672533e,13,1,5.148129955423783,0.7510739190400145
53b7c44d-04f9-4f25-98bb-cb11b1676f64,2023,2023-02-18,d20936f6-b751-41b7-a241-c75beb459360,24b5ca48-c4a7-4e8d-8fff-c02904c11b7d,11,1,2.4607238375106095,0.6368366972321001
54e78efe-f187-408f-8709-b3867a319a0d,2023,2023-02-18,4a6135ce-718a-497f-924d-23f4797243ee,407f6796-76ab-4c28-8f30-cebbfbe534dc,14,1,10.99467473273519,0.8894243440009167
585cdf84-f53d-48c2-8b95-0a8ca2c7ba27,2023,2023-02-18,f14e71df-6c53-4abe-b789-c0d73a44b276,e383f809-990a-4dd9-85b1-4288d45884e7,-9,0,-4.737597627868895,0.33787733954491916
59580737-289e-4bac-9034-72fc5caa0082,2023,2023-02-18,e22f605d-41f6-4e5c-915a-987ad0c44569,8b6e9436-9398-4b24-b6a4-24bba0c8eac3,-15,0,0.26046916808822124,0.5151884462836648
5d14ca3a-62da-4a32-99bb-2ebff6ed4d3c,2023,2023-02-18,6ddd1347-422a-42ab-8c8e-fd5c9b4e78f1,f6ffbdfc-4780-4966-b75f-aa6ff30a7928,6,1,3.44405518464239,0.6450585618290273
636837d2-9214-4567-9460-4df50b005cf7,2023,2023-02-18,d13063ca-830f-4027-a1e1-7961d39c81fc,75608756-6246-483c-8138-59d3749a8d3d,12,1,5.418755290805115,0.7548077831052785
64b42dee-8446-4dd3-9bfb-81743ec74bb8,2023,2023-02-18,3950a3d3-d1b1-4dd9-bf4b-2356ed344246,57f7bf85-91b0-433d-b843-94485a520954,-17,0,-7.26225128311386,0.20847861384631897
6b1b5354-ea36-48ee-aba9-7146f52ce16c,2023,2023-02-18,2dba4db9-bc1f-41f7-b1e5-8d94e117c1e9,9cf58c59-1075-457a-b79e-942b453b75d1,-6,0,0.35300680443972493,0.5272080902259385
6dc9eca7-1443-469b-8942-8302bcc378b6,2023,2023-02-18,b462e428-f59b-4465-b793-4cef6f10cf66,9c1c5097-7168-4529-8378-8f68f206bd9f,-8,0,-2.106760970051382,0.40230668907636097
72f97379-2251-4038-b871-f83f50361eb6,2023,2023-02-18,ef3cd1ae-ef09-458c-a751-658436d5dfbd,588cf783-9153-4586-adb0-8eb7fb71d013,3,1,4.471774803419303,0.6556446704429243
7348c211-e32c-4edd-806d-7aab7df8acf8,2023,2023-02-18,6bcb5e3d-9b4c-41f9-86b6-1f44432462b3,11b2b228-e668-4561-b527-22cb63540f1a,10,1,8.363072577660208,0.7552313412314251
73563032-ae77-4ddf-8247-8e7674dab3d8,2023,2023-02-18,58fab53e-62a1-4e7b-acbc-71e06102931a,143599fb-b821-43e4-b0ee-2f6e521ddb11,-3,0,-7.777946161493212,0.20091766187441498
76f58ca8-4bab-4b2f-b3a5-bffd7c8c9321,2023,2023-02-18,295728d9-e6d3-43a5-a29d-26c403f073cd,cdac95d6-25af-43a9-a6c0-1004aaa6a183,1,1,4.816768534963006,0.7132005591962596
78d68c5a-86f3-4acb-9fd3-7713adc12e74,2023,2023-02-18,325c1fce-e70b-481c-bc59-315b7defd4ad,a0454954-f558-44d1-812e-59b90041128d,11,1,8.145021338328073,0.8329904507381601
85b86c5a-6082-4a03-bca4-2a0344b9026e,2023,2023-02-18,ef80c085-db7d-4b36-8fd0-13ac9be0099c,e39dbea2-e913-4bf0-9407-8ef31b60b82d,-18,0,1.0957225003978361,0.5923259094634472
86dc661b-4c27-472a-b868-d29f9e526eeb,2023,2023-02-18,e0accbcd-bd68-4bc0-a2a3-3c32753815b5,72c1f395-5916-463b-8353-47b99a272098,-7,0,-0.4991584694230248,0.5042740982350404
8afc87db-65a7-4746-be13-7e1d6d781a7e,2023,2023-02-18,8674cdcf-acde-4035-bcae-1c7c0d7549e5,7b423c28-572a-4a7a-982f-3d59e0fb25fe,4,1,6.838812920273581,0.7505535906690022
8f0a360e-5c39-4050-a55c-47af04fc836c,2023,2023-02-18,cb921ef9-be3d-4c14-9e83-9926205e601f,3ad98900-f406-42a6-b9c7-7a2d3f0a9867,-5,0,-2.5189114117751523,0.4390382157888406
9336766a-4ae9-45cf-9022-159a19d5e913,2023,2023-02-18,958592fd-5c16-45ff-90b4-3242687743e9,320ba34b-ed3e-49e5-8563-08246b20d1d1,5,1,6.878882501251042,0.7862735111037188
952c9874-8810-470f-a116-c7a7642f6325,2023,2023-02-18,d4ca3878-1113-45b1-abbe-5a9a3c7c5430,11c420a2-9004-49a5-8268-6683a741a32e,5,1,4.541342744710405,0.664005655128071
96ebbeda-d970-4122-a21e-b45fa1082292,2023,2023-02-18,5fa1ed7d-157b-491b-9384-66ab06dfeefb,81937a80-a7e9-4025-9c21-2ed38625cdae,-2,0,-14.855767385076982,0.08242465157406582
9ea05b8f-e6c6-46e2-b113-a1aac207b7de,2023,2023-02-18,8a231892-e40c-466f-9e2a-016a3433fda0,718dfd9d-59ef-415b-875a-8c861f6adb33,4,1,3.6001220682237487,0.6159737192370067
a172d722-610c-42be-9fc4-11eed227a33a,2023,2023-02-18,ca0af9b0-0073-4e1c-baf8-a15069168abc,9a193882-d061-4d9a-b1d1-da7a483f7cf6,22,1,11.807868879704996,0.8632573208523379
a32a7734-a4d8-4e36-a71b-db4415b15266,2023,2023-02-18,8b7efe80-a558-4a31-90d4-b59ad2ffdcac,d6ec4d5f-7d79-4064-be14-71636bf66d75,9,1,15.563289392382021,0.9527254452346383
a3f2a500-b73f-4e5d-b002-83859a0382e7,2023,2023-02-18,29503a81-0fe4-4a0c-8022-d23ac7e092b6,1e95b7a8-8a2d-4c93-bd01-79b311a80f40,-4,0,-0.34902944487759013,0.482770394246587
a79ad55e-99b5-4b79-9874-a507f6dda71a,2023,2023-02-18,bdf949ac-7376-4c1c-b4d1-a2b6d1142a71,f408da5d-dcf7-48d6-b4b4-485c6241d6d4,-24,0,2.4127751607704666,0.5723327054480192
a85f1ed4-1fb8-46fd-a723-6145c96ac37b,2023,2023-02-18,88205ce6-ad31-4ffb-998c-fb9164c40dea,65974f84-3069-4f25-8f4b-7ccb79790430,3,1,-11.73560545848814,0.1699980637185511
a88a6fac-36d8-444f-b701-27d670180f2a,2023,2023-02-18,eefb221a-cb2c-47a8-a13d-1f008fc6a8a0,8d694562-759b-462a-9766-ac29e999df71,-3,0,8.287374798064352,0.8247199115489152
a9458e05-9eba-449e-a359-1a77a93725f1,2023,2023-02-18,410b3365-a1a1-4bca-b3fa-52270a02f75c,ba34e76d-5905-4b7b-9c5c-9e014d969c91,-4,0,-5.099695867942952,0.28441885666381456
aea10053-46c1-4935-9175-ff5c56b85282,2023,2023-02-18,4a3968bb-0d67-41c6-af5f-7ac59ae5cc3d,bab73e4f-6d77-4aa0-8c6f-347009c2283e,-2,0,-2.8044641077414716,0.3661419048203072
af63edd4-7234-4e3e-b522-83fdcab49e1e,2023,2023-02-18,d19262e6-6584-4276-9fb9-d5690c3ca053,b349d38b-bc08-42d6-bf21-e6c826c45b62,12,1,3.6667575818612703,0.6720611983278542
b0917db5-b06e-4a5f-905e-b9778972270c,2023,2023-02-18,60cca73c-a30b-4fec-8cc0-a18b3dde7312,22641200-31a8-4bc1-9df0-8a3393139dde,-7,0,-13.519115549640842,0.05565466212263513
b0cf6889-86a7-48eb-b4d8-7848d4cf3c65,2023,2023-02-18,4ba5494d-a428-4c7e-92a2-fa5f8a096b3e,3c06c3f7-a7c4-4179-a9a7-d9b86afaf42c,-18,0,1.5123848622831348,0.5818130702477238
b516de3e-9847-4217-9de4-510845108b7d,2023,2023-02-18,873aeddf-ece1-4971-83c5-24ff228e2954,61c096bd-3b5f-48c1-9f04-b18693a77cc0,-7,0,8.245982875448512,0.7997856541880614
b5f495cf-76ed-45a4-ae98-8085dad4066d,2023,2023-02-18,170f63c1-c0da-4464-9352-7a33c5e2b3eb,389dc2a8-706f-48c0-8579-33b1857c38b4,-8,0,-8.439828683142494,0.16188797805362998
b6674485-75b1-4eea-937e-1e0e0a67e79d,2023,2023-02-18,c9739eef-f828-47a4-bcc0-548844cff9d5,bfd30209-fc33-44e7-a4be-7d2be91b2842,-22,0,-9.478649998687336,0.1588837961607714
b90ad1f2-51f2-4dcb-9195-ea2ecb5502d5,2023,2023-02-18,07ca1d8d-4805-44f2-90ed-b18eedfd097b,c282b887-5bc1-41e5-8a0d-15287474de7d,-11,0,-8.762097081077725,0.19425801116757976
bd92b603-902c-4402-b955-2a0b1dc34019,2023,2023-02-18,bc48226a-5e03-49d2-aa5a-550081373e7c,9cc36a7f-4ac0-4523-b7cb-99b33fd2fb4f,12,1,0.45083689423764267,0.5230663083535072
bf5adf41-06e6-4ccd-9506-fa0075965170,2023,2023-02-18,a1fb658f-49be-4887-a725-48a42276ac48,63b264d5-0679-4b31-b175-0c1d019bb0f4,18,1,1.4884762497388175,0.5195696176405721
bf784dff-853d-405d-ae18-6d260adeb964,2023,2023-02-18,2f8127bf-68b4-4cd4-bb81-d18b7f461cba,f3eafab2-d52f-4409-b7ab-63598919e46d,11,1,10.353459198371732,0.8417202915587911
bfbe8899-1be4-41f4-a11f-9e4fe83ac626,2023,2023-02-18,63b38daf-556d-4012-93d1-faf2cc5da515,a8ab3f0c-a155-4d9d-adf9-5593435a0152,2,1,5.718841483856587,0.6896537206815235
c1b23952-630d-41f9-affb-3440e5947b25,2023,2023-02-18,9a68215b-c4da-4c48-8fdd-6f9862b46f80,b4194217-55eb-45bb-b105-160e06f0b625,35,1,32.177114686970064,0.989334301442289
c48432a0-6ab2-4a51-9eb6-ed0f2a0d8635,2023,2023-02-18,b2a4914d-552d-49ca-818c-4219f9a5baa7,07fe7a79-3bd1-41c3-99f8-6c7f857756dd,5,1,4.1051686447042,0.6651170506819185
c543d507-121a-433b-b6a9-77c68ec6e346,2023,2023-02-18,34002612-3816-4311-b39c-41d24ddcf17f,29115cd5-8aba-4a2e-89c9-20f7d87b7051,30,1,22.426640532997308,0.9882821569644774
c59f6ab5-8ce5-42ee-93ac-9fd5e19fbd42,2023,2023-02-18,7a193c3e-c732-47d4-b893-cc0c575ff431,c20e9648-8980-4cb8-b139-4343f24b2e91,7,1,7.6843359136601315,0.7994090323154835
c5a9421b-7956-4db2-a12f-1caac226ea5e,2023,2023-02-18,bce5e657-8430-4508-b956-64ed47e82de9,93759732-e117-45b2-a99f-f09b689de84c,9,1,8.655916057313958,0.82156549626281
c5efb16d-8b12-4733-a546-01b03e21fc4b,2023,2023-02-18,105b326b-5a9b-4c89-a5ec-7e020f9e72e9,bb243294-1aa5-46dd-af42-c3676717c61a,-35,0,-15.367188170662672,0.04509942876291278
c8e9e8f1-8fd1-4ba6-a1b3-c5166c9c4b93,2023,2023-02-18,7970fe41-5393-4223-935a-46250b8a26dd,bdb8394a-cc25-448f-a1b9-ef5fe40bb204,36,1,15.602185617422208,0.953740896060318
c95b1668-a96d-4ca5-ae36-d16c0dc2c1f5,2023,2023-02-18,0ac20cc2-e801-4648-8850-2fde30c2def5,71aa15ab-9b94-4d3a-88de-3f0ae5d9a44c,-1,0,1.6542861720804083,0.5677163969357801
cc46dabc-2345-48b9-be50-439af3abf4f2,2023,2023-02-18,ec3ac254-d13e-4b51-95ee-389447c70400,b0eb9a16-e704-4784-bc96-af277fccf122,2,1,6.712473175970607,0.7790354013130242
ce2c4fd5-72d6-4b56-a9cb-b7acbc332a6f,2023,2023-02-18,4763d2f0-5ee2-4763-8617-946f08bac925,f62a4b7d-6f85-4607-a748-854c9b8c0c5d,-10,0,-4.827772090659787,0.329399963046385
d52cc3c3-d1e4-4efa-b104-dc4613938180,2023,2023-02-18,ad6b613a-f36b-446f-81a7-6095bcf8a45a,3c7653b4-ff75-43ce-b3db-0654e938bcd3,16,1,5.8073671589713225,0.7491293414376563
d55371f4-143a-4a15-a737-bdb00829949b,2023,2023-02-18,4d964b45-0956-4e20-9bb3-92d90690ea01,6aa9d05e-84b3-4e72-815b-fe3dd02b1e03,11,1,0.008014310762266302,0.5069877487333604
d70a4ba3-5848-4a74-87eb-c35e15eb32a2,2023,2023-02-18,3016ba37-71e2-4de3-bc39-86d07a8a3e44,21051f5e-6142-4894-a3a9-09bada612b47,-8,0,2.13883879353969,0.5987991695728696
d806accf-ad1d-4155-9a59-3a26ca63e2ad,2023,2023-02-18,fe1d1802-ae97-4c4b-8c1a-aef0cb3c5646,8e864d36-5a07-4d24-bea5-f7b85c3187bd,8,1,3.1958156196624556,0.660788922626893
db80a2c8-5eeb-4caf-8ff0-51c74953b940,2023,2023-02-18,526a8e73-78d6-4268-9f89-6f7d90e5dcd3,23328a3b-6bde-4b61-960d-5c45fab4d16a,10,1,-13.239096099376743,0.062321654594112035
dba9ceb6-8d23-4e33-a009-c0cdedec7298,2023,2023-02-18,4fbf8f67-3961-4bf4-90b3-56c201b1283f,48e9401c-d41f-4f19-9358-0f41a8d74ea5,-3,0,1.273857258703304,0.5592403466804218
e344301f-282a-474a-bd06-2715c69e865f,2023,2023-02-18,9226a51e-74e7-48ed-9e95-6890a182148d,1b6320e0-71b4-46c2-9fb4-0c801f4c8770,21,1,11.00858788277975,0.9176184331793497
e6de9c7d-734f-4ad6-896a-7cf45756c8b0,2023,2023-02-18,d65c47b7-fea1-4f82-a29b-c2d4f4e48b4a,b1119bba-a47a-41ed-adea-9967a72cf21d,13,1,9.600439237081456,0.8399060301471971
e74f84dc-ff45-43f8-92ac-8b29422132b8,2023,2023-02-18,c79c0f1c-2685-4621-a2d2-476af53195cb,88471167-5c0d-4477-bf1c-b50a9fa96a10,6,1,4.510742681351602,0.6878283773098596
eb67ad7e-93e8-4b02-845a-c35d27cd6a55,2023,2023-02-18,e62f6be3-07fc-4d39-9d92-158e9218c40a,edd0d0e3-31f0-49f2-a22c-b47c8e8ba9a6,10,1,4.985106734949083,0.6737789432617685
edef2473-ae02-4cda-a0b5-082678fefa53,2023,2023-02-18,5a36a71a-5c48-4f55-a80e-17e194f320ac,a2362a90-be36-417a-ba1f-0cd8ca99ef80,12,1,5.627143898960077,0.6710844240891245
ef84630d-c765-44e3-827b-b9b148e0108c,2023,2023-02-18,814a38f7-2f64-498d-b6d6-a9ae4df96850,c8da4ce4-29a3-4f99-b827-9b55afb4e0d5,-3,0,-14.758774491235927,0.054934310113218685
f4e897ef-53b9-4d8e-83ef-aa48a97fb7bc,2023,2023-02-18,f1d0f01f-d161-44fe-a534-6f4383fe2d0a,a155af26-bc09-4c69-9940-efff8f3d15e3,2,1,-4.225968198123635,0.3371280307131465
fadd9c6d-a0c5-45fe-aa0d-133802bbb57b,2023,2023-02-18,f0c6c56b-f155-45b4-bed7-e886af6e82f6,ed26e9f2-0346-429e-8084-a40c091454e8,-19,0,-5.172998804630539,0.3356102351203033
fc7e8ccf-ad95-4c7c-8e05-c9789d9f9ae4,2023,2023-02-18,030a591c-8164-4635-bb33-29a4c98e0b5b,805b30dd-e009-4031-8968-ef4d8bbf928b,21,1,4.599460971736055,0.730453564332592
ff28bc5a-62f8-4b5c-8999-619707e8294f,2023,2023-02-18,0939b5e1-8421-4924-a8b9-9846ca06f2fb,5efbece3-af1d-4f3e-8930-388ee4604cac,-23,0,-7.4957629437211155,0.2363268623158639
06232771-55e7-41cf-9332-ecf55df0d3af,2023,2023-02-19,ec764a7a-bdf2-49ba-9830-7408ea7f453b,218250de-64b1-4e7a-9b64-e426441584e4,-1,0,5.50956213844943,0.7573910295975873
123de816-4d03-41ff-b65e-f67f685758be,2023,2023-02-19,c21e5ab2-08dc-48f9-b923-9526ce89d623,aecccfce-5e00-489e-87e1-2622303b6120,16,1,6.320280108513471,0.7681598715591385
2b70fefc-cc75-45c8-9bd7-1197fffa2426,2023,2023-02-19,892bcbe8-a66c-4c57-88ed-c82e0c13706e,66ad8504-16f3-4990-9abd-ff1e776dfb86,9,1,3.4886975120140558,0.6695697743566306
39ad9f9a-fabc-4342-a21c-8e96e66d4789,2023,2023-02-19,71bfb11f-a38d-45a5-914a-5006c7417da4,090a9b59-4e95-410c-b5f9-c4d63d9caea8,13,1,17.559802612111113,0.9643498473933133
3c7bc164-d76d-4910-a721-307f874a7c1d,2023,2023-02-19,43c4f9a5-d6d5-4dd2-bfac-0bd3adaf79f7,c88614c4-bad0-48db-990c-90a3243c3734,-6,0,6.680179531005773,0.7443874962191783
4ef92862-7e2c-458c-b3cd-7d64a49ec7b1,2023,2023-02-19,06ef3673-5d7a-4701-aed9-726aa07838e4,cb08f172-db74-448e-aaf2-80d96b32bed4,23,1,9.771515474935095,0.8693940037592598
4f5d6879-eedc-4519-9d35-e88d1de3dd5f,2023,2023-02-19,48ff6f70-fd07-4a02-ac71-b973f0ea0451,1900d158-6fb0-407f-a2df-6e37a1db2dc3,1,1,7.627201759101095,0.7486614797547403
584c32f7-7f25-4648-9c8a-f4cebc0b20dd,2023,2023-02-19,9f8c4a3a-10fc-427b-a3b9-f54bcc243010,304b93c1-4157-43db-bc99-6f2b071e4429,-20,0,-12.467514894891274,0.06888861927262815
5e40a874-f656-40f7-8673-a8339cafa122,2023,2023-02-19,35329519-6dde-40e0-b790-2b49aca6673a,75ed6a75-4599-4fee-816b-ed729babf81b,22,1,13.534493932662405,0.9242151871917554
5e636702-796d-4830-b1d1-56604c5b2254,2023,2023-02-19,16e5ce2f-bdd7-49bd-a906-9aeaef0ffa08,c3807661-da5f-4ce7-af5a-e086fc56158a,2,1,4.057847329473378,0.6924761934520488
62027c99-4c39-48d2-bfef-3ff8a0067791,2023,2023-02-19,4a1337bf-77da-4acc-8a27-5f6ee2d1db60,599c2f7f-3472-4f93-9807-39b33c575236,-2,0,-4.409994080389783,0.33951323873081557
712d0650-9945-4a03-9bc3-b56e894b9c44,2023,2023-02-19,252b92fd-b788-4b9d-9cf4-94b7e591640f,bea9ec66-e41d-4afe-aa79-8a5b0f020811,1,1,0.2855473481573983,0.5633935885405709
7682dde0-e735-415f-ad17-988ae94694d3,2023,2023-02-19,81ba36f8-a53b-4696-8877-2e9bb161598a,fa0efad2-ee60-463a-a297-fb45c393e624,20,1,5.08366938684544,0.7540039072930805
768a750b-61ae-43e6-9fb7-4626143bf462,2023,2023-02-19,cd2892b0-c423-4723-86bc-3988015a8015,9874a1c9-7e78-46e4-8d3e-6fce94e7046c,27,1,9.90396293599957,0.8795875629650064
7be56a12-56c6-45bf-ad23-953a1b1f6040,2023,2023-02-19,21bdd018-a21f-44da-982a-98efb6d24ca1,ff27601d-133f-4abc-a42e-f55d4f497bb0,2,1,4.712426664943201,0.7108041353186916
866283e6-b9e0-4568-8207-ba9ebfde1cdd,2023,2023-02-19,3fb4c1d4-021b-4e64-a997-b47421257d4c,e145a47f-597f-46fe-b58d-64dae192efc0,1,1,1.2197816779266102,0.5513907281311454
921deaf4-5638-4f56-a5da-1f48979aa9cc,2023,2023-02-19,1e86acec-a854-405d-a4cc-d096ee03f22c,27a2a3c7-c672-4a2e-8381-bf31d528c0d0,4,1,-6.13679983453523,0.2660678353527608
977e42f9-18d8-4ed3-bcb4-683eb4ef2e6b,2023,2023-02-19,e198833b-92f3-4fa3-a2cd-82f04ec7e0c3,127a96c4-6d95-4519-ae56-77c271aeea23,8,1,0.8494070730578251,0.6193470955035957
9d5666f1-2c3c-42b5-8f20-9b5ff5ea0c2b,2023,2023-02-19,d92b9143-ae83-4c94-b9c3-d1cbae1b7565,40fe605d-085b-468f-aec2-614432798d3f,4,1,10.86673620856393,0.8867882560840905
a39a0989-7f41-4454-bd8a-82ef8180126f,2023,2023-02-19,c6e998ac-727a-42d2-a2d4-0e7c854dd383,f4f493b9-00c9-48e9-a9c8-934ed203169e,3,1,1.6533783781592586,0.5904910455350296
b8788b05-5d47-4746-9a47-8b10b26358fb,2023,2023-02-19,c8e7388d-5a50-447b-ade8-addcc758d8dd,4db0dce7-2ca3-42fd-b71e-f5e13debacfe,8,1,9.461212458553277,0.893911310782674
ce47786f-5273-4caa-a14f-6f4ea71a4cee,2023,2023-02-19,b034bc0b-a11f-4e43-b372-127640b1d5b0,eed17656-6fec-4cf5-aacf-f932c5b66084,1,1,3.7591189917665213,0.6252571015230414
f3d69ef5-636f-408b-a20f-d908e15f7766,2023,2023-02-19,55f602a6-b8f4-4fc5-b30a-9a23ad91a2d8,c84adc87-6cd7-4df0-9245-59fa829300e4,14,1,9.256788773403969,0.8031918946429181
01873221-0cb9-40e9-8630-b9b882214c43,2023,2023-02-20,bfd30209-fc33-44e7-a4be-7d2be91b2842,526a8e73-78d6-4268-9f89-6f7d90e5dcd3,17,1,24.513591203884676,0.9906909579299722
1c4f240a-463c-4c3e-9f0b-434fe58cf20f,2023,2023-02-20,b6c50d53-e53e-42aa-8c2e-1297e733737d,75db89bb-f85d-4726-b2c5-e7f61c8115c4,-11,0,-9.603065586384433,0.15610012855246036
349fe4d1-e7de-4793-a44c-73b82d6d5b54,2023,2023-02-20,9a193882-d061-4d9a-b1d1-da7a483f7cf6,f62a4b7d-6f85-4607-a748-854c9b8c0c5d,13,1,-5.5318670183603205,0.33827611365945054
385df13f-c969-43ce-b686-8fee2b8365cc,2023,2023-02-20,a8ab3f0c-a155-4d9d-adf9-5593435a0152,6748ba88-58dc-4e41-b3b3-d8df2c4a3c4e,10,1,9.242367615449677,0.8658898534444108
47c93b81-a036-4e54-94fa-9c4e3fc164eb,2023,2023-02-20,1a879f38-8a98-47b8-9c92-7da920f1562f,24b5ca48-c4a7-4e8d-8fff-c02904c11b7d,5,1,5.312623187687041,0.7228456050337227
6bfaa617-8871-46f5-924f-e181cd9eebf8,2023,2023-02-20,e4d1f824-05c1-46d2-a96e-fd3dba7ac334,60cca73c-a30b-4fec-8cc0-a18b3dde7312,9,1,15.488841858227644,0.9422889827029421
840b5939-d6be-41d9-acf4-8866f615f99b,2023,2023-02-20,d5e139fa-05e7-4c6e-b083-5261fa76ee6f,ad6b613a-f36b-446f-81a7-6095bcf8a45a,-5,0,-1.814647905096528,0.46762555078443074
abda8f16-7d27-4460-9596-8273f6e4995c,2023,2023-02-20,1b6320e0-71b4-46c2-9fb4-0c801f4c8770,63b38daf-556d-4012-93d1-faf2cc5da515,-3,0,-8.023104835035863,0.17926568029620552
b0f07784-06ad-4a2c-b69d-410c8df73cde,2023,2023-02-20,6bcb5e3d-9b4c-41f9-86b6-1f44432462b3,4a3968bb-0d67-41c6-af5f-7ac59ae5cc3d,-1,0,8.806379224680336,0.799614359803393
c0245689-5593-49c5-91c1-6ce7f836bab0,2023,2023-02-20,6aa9d05e-84b3-4e72-815b-fe3dd02b1e03,9226a51e-74e7-48ed-9e95-6890a182148d,-14,0,2.954741388817398,0.6350680436048053
c0277b02-9047-497c-9f64-949b10e25034,2023,2023-02-20,ca0af9b0-0073-4e1c-baf8-a15069168abc,4763d2f0-5ee2-4763-8617-946f08bac925,-7,0,8.315302911538959,0.8097758078270118
caa54bb8-b98c-413d-a4f0-029b277e5105,2023,2023-02-20,bfe08930-1826-481a-bc46-217ae918d0c6,cf67c587-9808-4deb-9419-41a1a58f81f0,-5,0,-3.4507891318854687,0.314987012700839
d42bf604-9faa-49c4-99ac-042a3c5b1b4f,2023,2023-02-20,01325ccf-0551-472d-a463-55f692a5e50c,e10bd2a0-5b84-4d41-a1ef-08b801a04039,18,1,4.972255522339726,0.7218700764252747
e3e52844-1db5-4cec-aa74-0b7f53835e18,2023,2023-02-20,6c796971-9e91-4507-a6ad-9699cb1ed2b4,175f9186-422d-479c-a771-d9f218a1a87b,-6,0,10.01813485897348,0.85175736446269
ffde93b5-d17a-4f02-a83a-2260d4e22f91,2023,2023-02-20,d6fb85c8-3e1a-4375-a5a6-b293e672533e,4d964b45-0956-4e20-9bb3-92d90690ea01,-20,0,-8.411722571050733,0.1997482216181635
282bec0d-3c27-42f0-beb5-6aeee49c38e5,2023,2023-02-21,2cb246a7-863a-4dc7-ab3d-eabccbf12019,34002612-3816-4311-b39c-41d24ddcf17f,19,1,-1.2180804610555234,0.4101170380567857
29def88f-e949-4947-8f6e-a5623abdd56e,2023,2023-02-21,9c773261-49b7-48c8-816e-3e3260997d71,d5e2b5fa-8cb9-45b6-a822-4e64c46bc8fd,21,1,4.602800163055894,0.672145563137105
3842fbd7-d080-45ea-8b5e-adf8a64804e1,2023,2023-02-21,a757dae2-f596-4065-9e29-b365b91af590,a15edd2c-08cb-44fc-81cd-ab493e8364d6,9,1,12.064375084127482,0.9125709538204032
387995cd-0d03-4e2b-bf6e-0569b02212c5,2023,2023-02-21,c238c9de-59e6-4d8d-b9d0-745eb8ec96ab,15d2579a-33fd-4772-9d78-e929a093bd79,-2,0,3.9300157591281137,0.6461057517150575
451b46d4-f45a-4bca-a6c1-9ee768e11785,2023,2023-02-21,b349d38b-bc08-42d6-bf21-e6c826c45b62,cdc199b7-a710-4c11-a6e7-2384b399c06b,15,1,3.066675127163252,0.6244744977118047
4906d5df-1aa2-4571-bd0a-17c045051ac8,2023,2023-02-21,b0eb9a16-e704-4784-bc96-af277fccf122,762cc817-6e37-4650-89d1-6bff265dd1b3,-11,0,2.377017644037027,0.630555775321863
505dd167-bbd3-40dc-aea8-18742601f0fc,2023,2023-02-21,888089ca-9632-4e33-856f-b210b1d946cb,b1cd7b83-cc64-42a8-b41b-45343632eee6,-1,0,8.82773390392938,0.8418744895945552
59371748-39e6-4e52-8622-3ef0f2372f2a,2023,2023-02-21,208232bc-9495-4351-b34b-874117e7ab9b,be0c2be1-019f-4c49-9ef1-92f53c9c23b0,28,1,10.671042859612706,0.8369259780947561
6942dc45-1318-4203-af48-4ec8f794363b,2023,2023-02-21,7b4d1f71-de6c-49c1-a95c-de84c4aa46a5,89023aa7-6034-4d33-96dd-3566c7afc79f,9,1,1.6502269493779707,0.5930108803527533
6f52b297-8c61-4d11-9ee8-f68d9341f296,2023,2023-02-21,f7d3e028-cab6-4277-8d9c-799f5bec0712,9cc36a7f-4ac0-4523-b7cb-99b33fd2fb4f,5,1,-2.742787971125557,0.33292469571100536
7427e2f1-addc-4326-a4f6-a60a47b05d8c,2023,2023-02-21,c20e9648-8980-4cb8-b139-4343f24b2e91,712e6366-f137-4f9f-a647-831a2797543e,8,1,9.17630019510645,0.8749579262952241
8d22c52e-d951-4749-91b1-3d586d46e083,2023,2023-02-21,7a193c3e-c732-47d4-b893-cc0c575ff431,173a69ab-4f3c-453a-a1cc-8b83c0ee2b49,-6,0,-0.2044587251747488,0.4704779015095041
95560a1e-d7ef-4f3b-9cf3-9cff2e970635,2023,2023-02-21,0b94d899-a6a7-4449-b626-07126971cd67,07960f6e-9ad4-45bb-82bd-06f477a011e3,-5,0,4.021878309275126,0.6570186386881542
a2d4cdb6-3918-4f44-90fe-8ba018f8a0e4,2023,2023-02-21,6ddd1347-422a-42ab-8c8e-fd5c9b4e78f1,3c7653b4-ff75-43ce-b3db-0654e938bcd3,10,1,-2.093399984406528,0.39934693071302685
b0b84f4b-a185-4bb6-b3eb-41dd50c6a00a,2023,2023-02-21,11c41163-ceed-438b-bc9e-333b60a36e6b,eaaf67e1-30a6-41ca-a400-906b86d42a58,2,1,3.5298166903746675,0.59610324394583
b4f9f933-87d2-4628-bc84-d23d989b8a82,2023,2023-02-21,f022d404-14a6-4105-afd2-445afe77bad5,3d8ed3b6-e3d1-4a7e-b179-fdc92e2640e7,3,1,-2.154062032704599,0.39582420911377986
baab65fc-58f5-4fea-993e-ed6f8b92127a,2023,2023-02-21,05dbf7f3-9fc5-4818-bf47-490e1f7c7186,0621d617-e31d-4e1e-a043-a11af2f706de,19,1,13.551737274048898,0.9272410471102899
be9fa844-149b-48f7-9b33-b9057f284c76,2023,2023-02-21,957c8e2e-1939-4c65-af04-df116ac4086d,bce5e657-8430-4508-b956-64ed47e82de9,-10,0,-4.246202783853178,0.3140992542298699
c723d35e-25a2-45c1-9e3f-088269de5732,2023,2023-02-21,a35d0124-2cd2-46ab-b613-2438a97b6ddd,db9252c1-9697-4f77-b192-93b1badf442b,7,1,3.808816893859504,0.6509322270140274
d84e2834-3302-4e45-964a-771f475408c0,2023,2023-02-21,eefb221a-cb2c-47a8-a13d-1f008fc6a8a0,f51695f1-a8ee-4f8c-b518-879ffe6b0dca,15,1,8.695432349528346,0.8250950252863036
dd4cbda9-0371-4789-ba00-69392c7f675d,2023,2023-02-21,ec3ac254-d13e-4b51-95ee-389447c70400,f6ffbdfc-4780-4966-b75f-aa6ff30a7928,18,1,5.996536510968618,0.7224753029014066
e5955ecc-ad8f-4392-b311-b7fb488b5edb,2023,2023-02-21,45f03492-2831-493f-8176-63dfae6670de,12a96cea-6b94-4165-bfbc-3fbee5bd51ab,12,1,-4.363012035707286,0.3321676722435873
e8aa0d0c-8d4d-440c-b866-31a86d190df7,2023,2023-02-21,4b5bb58e-38b5-4132-b2e0-876169cd4017,4ae8be32-616f-4721-85c4-1e22239e7db8,32,1,15.689178605131724,0.9602704383889071
ea830f3e-ea2a-4b92-99ad-614fe286aeac,2023,2023-02-21,cb08f172-db74-448e-aaf2-80d96b32bed4,aecccfce-5e00-489e-87e1-2622303b6120,-2,0,-3.4263665146720665,0.3309437616893883
ef388966-ed83-4669-9305-8e6eb2e8e7ea,2023,2023-02-21,93759732-e117-45b2-a99f-f09b689de84c,2ff94ca5-2417-420a-b20f-387ca6793769,15,1,0.36581068860690485,0.4729384634478662
01920135-7cc1-4eda-9f3c-6f012f8c16b3,2023,2023-02-22,295728d9-e6d3-43a5-a29d-26c403f073cd,0112fa43-c6c9-4c88-be78-7e0818374d56,13,1,5.261242386408975,0.7387756381263274
02b0c537-2ec8-4211-b796-d45776eb78b3,2023,2023-02-22,61c096bd-3b5f-48c1-9f04-b18693a77cc0,39668771-063a-4cfd-ba1d-be18a842d5a1,-8,0,-11.619408605368319,0.14500223626695438
092be74c-a35e-418d-a7e9-5abb65729701,2023,2023-02-22,9cf58c59-1075-457a-b79e-942b453b75d1,ab66209f-04c2-4600-99c8-cc177f001266,15,1,-10.46891521320119,0.1408705046956041
0d31d3fd-98d4-42d3-8539-53a7ec7f79a8,2023,2023-02-22,3950a3d3-d1b1-4dd9-bf4b-2356ed344246,bb243294-1aa5-46dd-af42-c3676717c61a,-5,0,-4.286645457390067,0.35456787814504415
1165f8f0-1619-457e-8b0d-e9a47ff45098,2023,2023-02-22,cbab480a-8e87-4eb0-ab35-22228c66f68e,99bac3ff-1929-4a83-a593-5c1e123a25e6,-2,0,-4.531142738417613,0.3845181149273724
1458794b-4d71-4848-9eba-a077f2a834e1,2023,2023-02-22,d1f5a19f-6263-4ac7-9ceb-e1339595db2f,127a96c4-6d95-4519-ae56-77c271aeea23,-4,0,-9.172817526771047,0.1842702868937829
18ce22cf-016e-4b52-bd67-e20046184935,2023,2023-02-22,40fe605d-085b-468f-aec2-614432798d3f,410b3365-a1a1-4bca-b3fa-52270a02f75c,8,1,9.782797642102071,0.8510336876410617
2c94b45e-87b5-42b8-ade9-e5acb12cb388,2023,2023-02-22,c84adc87-6cd7-4df0-9245-59fa829300e4,ef9503da-6c3d-4207-ba0f-3cf770627dbe,1,1,1.2857990371848838,0.6106353866671337
2db5d970-addc-43fc-baae-cfec4c05fee5,2023,2023-02-22,55f602a6-b8f4-4fc5-b30a-9a23ad91a2d8,eccdef36-c666-44f9-bd7f-17e4e33e2def,31,1,15.120432529787594,0.954853371247286
322d0245-4777-4ce9-969b-c32ac50dad6b,2023,2023-02-22,a81b1489-4c0f-4a3d-bfe8-a9efcdb13d79,f6d79bbf-f8fa-4aad-8a37-6172d43ea482,7,1,-4.966338388065536,0.3055163653634381
337b72ad-d837-469b-97e9-36e5789ad5f2,2023,2023-02-22,a0454954-f558-44d1-812e-59b90041128d,58fab53e-62a1-4e7b-acbc-71e06102931a,8,1,12.416416319976108,0.9043320825297773
3d6f56a6-23f7-45e9-9b97-14b226c08c21,2023,2023-02-22,105b326b-5a9b-4c89-a5ec-7e020f9e72e9,ba34e76d-5905-4b7b-9c5c-9e014d969c91,4,1,-10.99145411968123,0.11977152631958157
426c040f-cac7-4c59-8e0d-6320f668bde4,2023,2023-02-22,8b7efe80-a558-4a31-90d4-b59ad2ffdcac,05300c53-1c99-44fc-894f-5d062cc9254d,18,1,14.20500729524925,0.9231201181499674
47a3936c-6c9a-4aee-9d79-9600a9f90ef2,2023,2023-02-22,f7352462-5710-45c3-bd64-969e67428b1f,ef80c085-db7d-4b36-8fd0-13ac9be0099c,-7,0,11.014798759128206,0.886140990711801
5060c8c0-ce64-47c6-b6de-5e31c5b2a605,2023,2023-02-22,eed17656-6fec-4cf5-aacf-f932c5b66084,0e5ca5e6-5ea7-44a7-8587-b4c7834a4c52,-30,0,-0.9186774968006005,0.43251986050726765
54313f1f-e5de-43e7-bafa-8785ba5b4fa6,2023,2023-02-22,80cec103-b3b1-4978-9b4a-f1ad161630fd,325c1fce-e70b-481c-bc59-315b7defd4ad,5,1,-0.874083412396084,0.4653272047282672
585ff9f8-21bb-4ba6-bfc3-16effd270b44,2023,2023-02-22,d92b9143-ae83-4c94-b9c3-d1cbae1b7565,c1ddb62d-8103-4ef4-a556-df9238531bdf,3,1,11.56422368664289,0.8888706159508335
5f6a96b6-3994-4405-a506-9a33021bc63a,2023,2023-02-22,db22a3b8-fd13-44f3-8968-9aeb04d833e7,aab3630e-9c8d-453f-b0c8-afdfe71a5d3c,-4,0,-7.934091623214354,0.223088866288341
5fbfba30-771f-4613-959e-50024cebe758,2023,2023-02-22,0ac20cc2-e801-4648-8850-2fde30c2def5,fa0efad2-ee60-463a-a297-fb45c393e624,12,1,3.0222646556726622,0.5918013872586605
76144a42-50bc-45ff-bc92-2ee9af89cee0,2023,2023-02-22,29503a81-0fe4-4a0c-8022-d23ac7e092b6,ef3cd1ae-ef09-458c-a751-658436d5dfbd,-9,0,1.338288418145884,0.5924005747062101
79ec80de-48a1-46f0-a6ae-03e02ccb9467,2023,2023-02-22,1900d158-6fb0-407f-a2df-6e37a1db2dc3,599c2f7f-3472-4f93-9807-39b33c575236,-10,0,-12.656385726358208,0.10874868404038263
79fff5d6-a568-4ba7-a31b-3bde1816f91c,2023,2023-02-22,27a2a3c7-c672-4a2e-8381-bf31d528c0d0,60cca73c-a30b-4fec-8cc0-a18b3dde7312,18,1,18.341536536411212,0.9853899158843276
7edd8083-9b57-4f93-bd06-5fa6b7e34ff9,2023,2023-02-22,a4574b8e-6d1d-4ed4-a947-b175f74c6387,611e61cb-eec0-4487-b0c1-1ea8cdba0762,4,1,12.415547422899019,0.9192933541361127
819912b8-4301-46d3-865a-515b6ff46a60,2023,2023-02-22,e5fb9be0-e310-42a1-9744-47b3878c37eb,11018b71-58b8-48c1-aafe-d3f42d4dc4b9,5,1,-4.512439746382541,0.3467127244867945
83cd0549-1e97-4e5e-9c2b-0c66f93ea827,2023,2023-02-22,7bf0273c-57aa-4412-be01-e0e08fb7cd81,348c253f-b663-454e-9b7d-051280f46334,2,1,-0.40374227342732233,0.5142083609748945
83e9ebd9-920f-4263-a923-7200feb9280e,2023,2023-02-22,e198833b-92f3-4fa3-a2cd-82f04ec7e0c3,9d09ebd0-f5e4-4022-b315-aa3719219b6a,16,1,4.578306767672678,0.6895089246988659
947ee1be-1a77-4dda-a75b-49231fdb1380,2023,2023-02-22,23328a3b-6bde-4b61-960d-5c45fab4d16a,c9739eef-f828-47a4-bcc0-548844cff9d5,18,1,10.516820472065604,0.8391552342461303
9b79c335-023f-4c6e-b69e-c448e6c83941,2023,2023-02-22,7b423c28-572a-4a7a-982f-3d59e0fb25fe,f612c81a-f044-496c-871c-5c643a5e8f9d,-17,0,-3.3375869022452753,0.41036586138124836
9cb7b07e-3f7c-48f9-af64-8a04edba83e3,2023,2023-02-22,445a7698-bd20-45f7-9c62-e0ca0057e959,48ff6f70-fd07-4a02-ac71-b973f0ea0451,-6,0,-8.192313626281718,0.1818755993671796
9d405538-fc4c-4913-aaf1-75285edba46c,2023,2023-02-22,48e9401c-d41f-4f19-9358-0f41a8d74ea5,2a391736-2322-4864-894e-4856c2d517d7,16,1,5.339954008609668,0.7217664485386174
a01dd3a9-bca8-4d09-8a02-421121a0ee0f,2023,2023-02-22,d13063ca-830f-4027-a1e1-7961d39c81fc,34668727-07c8-40ea-adb6-3541d9d7f32c,18,1,9.113944318769244,0.8207590937872346
a4f6d252-3142-41f8-88eb-0615bd86b5e5,2023,2023-02-22,4fbf8f67-3961-4bf4-90b3-56c201b1283f,89150efa-06a3-4a88-82d3-26b3797ada35,-16,0,-4.777865463981796,0.2586198556964776
a8df2a4b-44be-47a9-b440-73ab46adb10f,2023,2023-02-22,588cf783-9153-4586-adb0-8eb7fb71d013,b034bc0b-a11f-4e43-b372-127640b1d5b0,-2,0,5.850282811820746,0.7603391020905442
a95d5a24-c5ba-4710-9d8d-7013395cfa4a,2023,2023-02-22,0d002e4e-eb5e-4b77-9116-89839d4f537f,e1e53055-037a-4acb-82e9-552f8abd6635,-6,0,4.1502125366119405,0.5879247896152283
b360b1ca-2e4a-43ef-b0f4-d53a4501e797,2023,2023-02-22,015de200-e75d-4f5c-b26f-60089691f965,66f42ce4-3183-445f-b7db-b673bfb1fe7b,5,1,5.937864013795481,0.7239814301656446
b38a848c-7a44-42c3-b839-4d41b668d949,2023,2023-02-22,718dfd9d-59ef-415b-875a-8c861f6adb33,e823a53e-c3a4-40d9-b40a-4d7eac69e962,-6,0,-5.234848492728722,0.26906029813616583
b6b41adc-55d1-4def-9826-3b7932728c2c,2023,2023-02-22,143599fb-b821-43e4-b0ee-2f6e521ddb11,7970fe41-5393-4223-935a-46250b8a26dd,-9,0,-4.060785144627258,0.33988304251622553
ba476411-fb93-45ff-acb8-83d69621eb57,2023,2023-02-22,0d4551fb-d4fc-4659-b14c-fdeba3555569,873aeddf-ece1-4971-83c5-24ff228e2954,-13,0,-7.3187601261071595,0.25186804476322483
c3fc41af-cb8e-49b5-983c-fa07ee7cbc78,2023,2023-02-22,bdb8394a-cc25-448f-a1b9-ef5fe40bb204,edd0d0e3-31f0-49f2-a22c-b47c8e8ba9a6,-4,0,-7.00995407671497,0.22343749977422006
cca00814-d048-49b6-907c-bfd7c3d37de3,2023,2023-02-22,5fa1ed7d-157b-491b-9384-66ab06dfeefb,324a87d8-6e5f-4df1-adea-5c7c07bc3880,-1,0,-6.116517713297706,0.27230922387364986
d380969e-8c3f-4bb6-a2ac-9a78400cd474,2023,2023-02-22,96babb60-08c6-42a2-becc-a075a465dcc3,b2a4914d-552d-49ca-818c-4219f9a5baa7,11,1,13.870897436024977,0.9372209922012802
d9d8eb08-06b4-4d95-b2eb-09e76a8cf0dd,2023,2023-02-22,c8e7388d-5a50-447b-ade8-addcc758d8dd,e39dbea2-e913-4bf0-9407-8ef31b60b82d,30,1,17.009107203379777,0.9355370566445205
e33b7f95-e30f-4014-b69e-086b7a70f558,2023,2023-02-22,57f7bf85-91b0-433d-b843-94485a520954,043e8015-480a-461d-aae5-6cb149237466,19,1,10.812634397358488,0.8930501376984417
e8ce3826-a644-4171-b418-6bcfb3bbac51,2023,2023-02-22,247817ad-6065-4e8a-80e7-26c838de4153,43c4f9a5-d6d5-4dd2-bfac-0bd3adaf79f7,-1,0,2.6065498178447215,0.6149267676570707
eafbf926-b8a9-4d2c-80db-21b8d25a90b3,2023,2023-02-22,1e95b7a8-8a2d-4c93-bd01-79b311a80f40,f1d0f01f-d161-44fe-a534-6f4383fe2d0a,25,1,10.472161248711922,0.9152510705291502
f9b6e600-953a-475b-b12a-9c99a149bff3,2023,2023-02-22,a155af26-bc09-4c69-9940-efff8f3d15e3,7631bceb-b254-43fd-b331-b90b901b5959,13,1,-3.1950705345846777,0.40410330968620933
fb9428c7-a5c6-43da-b037-24b5c5de64c2,2023,2023-02-22,81937a80-a7e9-4025-9c21-2ed38625cdae,407f6796-76ab-4c28-8f30-cebbfbe534dc,11,1,16.919334252350616,0.9470687767382958
0957be14-8d17-4b74-aefd-b59088bc6962,2023,2023-02-23,cbb7e0c8-4326-453b-9357-a01df1076809,14900e69-e972-4137-8f13-5ef152e0075b,28,1,16.14931615941289,0.9370145635405764
14f12e10-cf9b-4579-8351-1a7956952557,2023,2023-02-23,1a2c070a-303f-434e-a50d-c98ad9d9f88d,bb82a5ec-96c1-460b-a414-50e0d2b6b1a4,-2,0,-3.3741172208563386,0.3107398948319901
1a71a2b6-f6ae-46aa-a34c-d50ba6f3a017,2023,2023-02-23,d42bc01b-0728-409e-8ce3-c205d30493c1,c3807661-da5f-4ce7-af5a-e086fc56158a,7,1,-1.8175672822744087,0.5219103286261072
287e01aa-1ed5-4c80-b2d2-f37092741d00,2023,2023-02-23,1f74189d-a265-4a43-9a13-b26dc844746e,54b6e673-584f-4030-af7d-052c75277798,-7,0,5.487770022520446,0.7325260433410633
28d64189-3a9a-4532-9c5e-5435cca6f510,2023,2023-02-23,97cd7805-e5a7-4739-97dd-116010ceb9af,f0c6c56b-f155-45b4-bed7-e886af6e82f6,3,1,8.851799953298263,0.7965994046006961
2cc91e9c-8fee-4619-863a-86e7ee19b0ef,2023,2023-02-23,9cee8aea-80de-46c5-81a8-499fc49acb57,0939b5e1-8421-4924-a8b9-9846ca06f2fb,5,1,0.5611502129819215,0.5018521231843645
2f018b08-097a-4389-9e7f-a6912862e161,2023,2023-02-23,75608756-6246-483c-8138-59d3749a8d3d,a61813fd-4a0a-4112-9fe9-2d33fa01a9aa,-12,0,-0.12226602057827934,0.4848133985786365
39f3b567-5e61-4f94-954d-fe0650859514,2023,2023-02-23,8782ac7a-e553-475c-b110-c58c7e61ddd4,d4ca3878-1113-45b1-abbe-5a9a3c7c5430,4,1,10.291452973215081,0.8812150872535048
46410d0a-ee73-4d87-aeac-75d378d52bcc,2023,2023-02-23,e4d1f824-05c1-46d2-a96e-fd3dba7ac334,81ba36f8-a53b-4696-8877-2e9bb161598a,4,1,2.16239661337954,0.589641166027257
47ddc9b9-6b58-4e66-a4e7-692f720634b5,2023,2023-02-23,9c1c5097-7168-4529-8378-8f68f206bd9f,38a65109-33be-44a5-928b-459db9d9dbc7,-7,0,1.7389335736702165,0.605882586606279
4916a0be-d98e-490f-979e-b27e2ef0eb6c,2023,2023-02-23,75db89bb-f85d-4726-b2c5-e7f61c8115c4,4d964b45-0956-4e20-9bb3-92d90690ea01,-2,0,4.923231364868426,0.7487076388889788
4b741c39-6aa4-48e0-969d-f5eed7fae178,2023,2023-02-23,1c48e10a-5d97-4c46-8f8b-4217683da26a,814a38f7-2f64-498d-b6d6-a9ae4df96850,7,1,15.102778794737716,0.9392970212238102
4bc0957c-c926-4e97-8529-dc670bba5179,2023,2023-02-23,a2362a90-be36-417a-ba1f-0cd8ca99ef80,72c1f395-5916-463b-8353-47b99a272098,13,1,0.2948490766810622,0.535166376494522
529bf163-98a2-49e2-be80-8daaca434328,2023,2023-02-23,7dfad569-05d6-43d5-8f47-defff4a50649,3016ba37-71e2-4de3-bc39-86d07a8a3e44,23,1,11.917577222018773,0.9041421497656389
687abff1-4fa1-4688-a794-7b534515fd8b,2023,2023-02-23,c282b887-5bc1-41e5-8a0d-15287474de7d,3c06c3f7-a7c4-4179-a9a7-d9b86afaf42c,10,1,-2.7668881196405803,0.46343086382939974
6a2bb335-8e1a-44c7-9929-db2198a82396,2023,2023-02-23,d680033e-5d87-4349-8622-dcce2bc0559c,428b85df-3b5f-4b21-a384-f1bd53f95d19,3,1,-3.2464155753312154,0.37852452849748786
6c11cac3-dd98-4f8c-a535-f182c1671f5f,2023,2023-02-23,9874a1c9-7e78-46e4-8d3e-6fce94e7046c,22641200-31a8-4bc1-9df0-8a3393139dde,-4,0,-2.2885890031751392,0.44306465016694013
6d5ad1fd-ef3d-467e-bb27-789cd5e4afe0,2023,2023-02-23,3bc40b20-71e2-4fa2-9c99-8e0b6cc3460b,389dc2a8-706f-48c0-8579-33b1857c38b4,6,1,-4.591599477508254,0.281502218889004
736f8761-9560-487c-997b-f0d56454c98a,2023,2023-02-23,11b2b228-e668-4561-b527-22cb63540f1a,c324cc75-a904-484d-b520-1f21664c89d7,-5,0,-7.361162337205878,0.23812669190810942
761ca450-87fa-4773-ad6a-1dad142a0209,2023,2023-02-23,ed26e9f2-0346-429e-8084-a40c091454e8,5bd87308-1027-4aba-a8ef-970bf8e9ac0e,9,1,13.833927111945613,0.9316488010597075
7c658326-fb34-4056-a1ee-a5eddf889603,2023,2023-02-23,cb921ef9-be3d-4c14-9e83-9926205e601f,e383f809-990a-4dd9-85b1-4288d45884e7,19,1,-2.6961946610792107,0.36572846381311186
7e7b7ecb-23dc-4782-bc84-4e4c30ac35d1,2023,2023-02-23,afebdb69-0f48-47d1-ac8e-740bb58c993e,40d1c23d-da10-4e19-8a9f-d69e48e05c30,31,1,19.724272008476248,0.980663868521782
80bf3fa0-4361-4762-8fb9-b632f7cfc300,2023,2023-02-23,b4194217-55eb-45bb-b105-160e06f0b625,92c5eea2-cf1c-4902-bae5-39cf63a77442,-9,0,-9.503237079145126,0.16975132230206896
813720e7-be3a-49f0-b609-1fbacc0470e0,2023,2023-02-23,f16d5827-0b65-4b48-bd2d-584314873b9d,bf2aafb4-bbb6-476f-acfd-8793128f565c,-19,0,-1.5860472109464343,0.46297718623863127
814baf59-2208-422b-9e75-6106f0ba3d3f,2023,2023-02-23,e81d4510-e1ee-4dbf-9b00-28fe6eedbfb4,9ba3b86f-e9ff-4c69-a5a2-865d61dd56ff,40,1,24.2586463090636,0.9906815372684123
8af7dff1-c920-40fc-84e7-790b96e4434c,2023,2023-02-23,3ad98900-f406-42a6-b9c7-7a2d3f0a9867,3b586230-34c7-417b-bdcb-3245c5a8de8a,11,1,10.44572276935628,0.8377705012233893
8ca43a74-b5b5-4a4f-b339-7abe1bc62178,2023,2023-02-23,6aa9d05e-84b3-4e72-815b-fe3dd02b1e03,d7828b57-33e4-4922-bfdd-4780151816ed,5,1,8.617349426850124,0.8753359227439484
8f8283c5-7d56-4d9b-a1d9-847148f92cb8,2023,2023-02-23,9b92c0ff-02a8-49a0-bb79-32eb70b7681d,d3246ba0-2060-4e3f-addf-f8704b79380e,-10,0,-6.258454184670731,0.24332616602261936
8fb45346-934e-4140-b4d4-fbe8497e8979,2023,2023-02-23,e44bc5f8-7dc1-4aac-8beb-924a7c5ee465,16e5ce2f-bdd7-49bd-a906-9aeaef0ffa08,2,1,0.6851799231346347,0.5917799704133244
912801dc-6364-4a98-b8dd-cb4da1a2f123,2023,2023-02-23,41088861-2288-4681-9b1c-b52f63527faf,63373289-6a60-4345-8e60-c44894f4f8cf,25,1,21.924993682177647,0.9871678075891077
a086c947-251b-4470-a6c1-c4e47bad8938,2023,2023-02-23,65974f84-3069-4f25-8f4b-7ccb79790430,5a36a71a-5c48-4f55-a80e-17e194f320ac,27,1,14.246551064593824,0.945280476372207
a9e4d6c8-1056-45a9-be4d-b972ab650b20,2023,2023-02-23,71aa15ab-9b94-4d3a-88de-3f0ae5d9a44c,d19262e6-6584-4276-9fb9-d5690c3ca053,-13,0,2.8768921062584925,0.5758345311055111
af88461f-4f68-4b71-bdb4-8f06d2a128f7,2023,2023-02-23,29115cd5-8aba-4a2e-89c9-20f7d87b7051,252b92fd-b788-4b9d-9cf4-94b7e591640f,-11,0,-14.229851575923158,0.04684711843477137
b08ec47b-f7d0-4c04-b0cf-adc9021b47e7,2023,2023-02-23,f9620376-5493-4730-bf10-8b6480bd3e43,29613880-f1b8-40b8-a09f-a825765c5e40,10,1,6.363892485506987,0.7341899587812368
b2322b22-1e8c-4b3e-94ce-70c61288137a,2023,2023-02-23,effe733a-ab00-44c0-ba8a-c389badc7014,927f9c80-da40-44b1-834f-ea1d457600d3,-7,0,-9.49974272698797,0.18876744184864078
bc3fa8ab-38be-4887-a0d5-edea8f880e90,2023,2023-02-23,5efbece3-af1d-4f3e-8930-388ee4604cac,4a3968bb-0d67-41c6-af5f-7ac59ae5cc3d,-4,0,15.24255904888008,0.9290249628347397
bdf38c89-ba3b-4429-89ef-ca79f2d7553c,2023,2023-02-23,88dfcbfb-3d60-4978-b275-46ae9f682ad8,bab73e4f-6d77-4aa0-8c6f-347009c2283e,-23,0,-1.8625724219691067,0.49916584751972687
d3d12c8d-bad7-48df-b20a-b707ec965670,2023,2023-02-23,251330f1-c041-4520-b4a3-114f8f6b2ccf,c6e998ac-727a-42d2-a2d4-0e7c854dd383,-4,0,-1.1640772473623708,0.4821986132604565
d7f02c8a-4cbc-4f81-8935-3384cedae175,2023,2023-02-23,8e864d36-5a07-4d24-bea5-f7b85c3187bd,9a68215b-c4da-4c48-8fdd-6f9862b46f80,-7,0,-8.12850744180339,0.1984567217884509
de3ca604-5b35-44ca-8fca-d4b45fee510e,2023,2023-02-23,f3eafab2-d52f-4409-b7ab-63598919e46d,170f63c1-c0da-4464-9352-7a33c5e2b3eb,-5,0,-2.7401265596173245,0.38610040783756977
df35b226-1fdb-4111-808e-d23bfd098776,2023,2023-02-23,21051f5e-6142-4894-a3a9-09bada612b47,b1119bba-a47a-41ed-adea-9967a72cf21d,-11,0,4.040672715547599,0.7286193802920425
e05f0df6-800c-4a93-a44c-de281325ed91,2023,2023-02-23,090a9b59-4e95-410c-b5f9-c4d63d9caea8,2cb246a7-863a-4dc7-ab3d-eabccbf12019,6,1,-10.185988405743107,0.12188275888300067
e2753cc0-85fe-423e-84f7-e5379726f30f,2023,2023-02-23,393745fb-1951-4506-ba94-c10dcd66ee50,8a231892-e40c-466f-9e2a-016a3433fda0,-5,0,6.801043837393812,0.8201734247882259
eb82b14c-69de-49db-ba2b-1d249e88365f,2023,2023-02-23,fc62dc2f-7404-4a85-b1d6-49d5135283a3,d65c47b7-fea1-4f82-a29b-c2d4f4e48b4a,9,1,-0.8504286441416301,0.4422545957654122
edd38e38-4b99-4fd0-b9ed-36c763aac4a2,2023,2023-02-23,88205ce6-ad31-4ffb-998c-fb9164c40dea,e0accbcd-bd68-4bc0-a2a3-3c32753815b5,5,1,1.6427436807939362,0.5548449713398383
f42b559b-2fd5-4a16-b9dc-d7e5838942a8,2023,2023-02-23,63b264d5-0679-4b31-b175-0c1d019bb0f4,39d71fee-a4e0-4399-8698-547fdb4fb256,-12,0,-13.705515647644006,0.07927199851963869
09f2283b-5547-41ae-8b68-177c1c25e9ea,2023,2023-02-24,bdb8394a-cc25-448f-a1b9-ef5fe40bb204,b2a4914d-552d-49ca-818c-4219f9a5baa7,-3,0,0.9204419295125323,0.533516500301902
0acf508f-5a16-40a6-8666-7c51882df382,2023,2023-02-24,e145a47f-597f-46fe-b58d-64dae192efc0,9f8c4a3a-10fc-427b-a3b9-f54bcc243010,13,1,4.593262037892177,0.7200681938221282
0f41e15c-e267-4d1f-92b5-48f29084fb68,2023,2023-02-24,a155af26-bc09-4c69-9940-efff8f3d15e3,b034bc0b-a11f-4e43-b372-127640b1d5b0,12,1,5.63247723067102,0.7528137283880202
2ca7a33e-057a-4d88-8fe6-d148c3fa2cec,2023,2023-02-24,07960f6e-9ad4-45bb-82bd-06f477a011e3,93759732-e117-45b2-a99f-f09b689de84c,-4,0,-2.987581729938286,0.43456865972102027
35ea4d03-8c44-4561-abfc-a9b1df90d269,2023,2023-02-24,39668771-063a-4cfd-ba1d-be18a842d5a1,61c096bd-3b5f-48c1-9f04-b18693a77cc0,20,1,15.359866843314533,0.9486617426368332
37f9d44f-3e66-4531-ab4c-64753033b45a,2023,2023-02-24,143599fb-b821-43e4-b0ee-2f6e521ddb11,325c1fce-e70b-481c-bc59-315b7defd4ad,-10,0,-3.3401468648262234,0.4472734662153883
41f69e38-8285-4b5e-a034-bc216e5f1dae,2023,2023-02-24,7e4e4039-a37d-4b42-80aa-0fc18e241eff,07fe7a79-3bd1-41c3-99f8-6c7f857756dd,21,1,12.62611517623552,0.9271054283554897
766728dd-5652-4c18-927d-441a919bfcfe,2023,2023-02-24,3fb4c1d4-021b-4e64-a997-b47421257d4c,304b93c1-4157-43db-bc99-6f2b071e4429,-12,0,-11.446703371798403,0.08554982098095357
77d5967c-9bbe-40c2-8d36-ed070affa902,2023,2023-02-24,1e95b7a8-8a2d-4c93-bd01-79b311a80f40,ef3cd1ae-ef09-458c-a751-658436d5dfbd,-7,0,1.921838585791198,0.6253143010904247
785b89e6-c1cd-4047-a9ac-eac48a283d64,2023,2023-02-24,0621d617-e31d-4e1e-a043-a11af2f706de,957c8e2e-1939-4c65-af04-df116ac4086d,13,1,4.1115870453912535,0.7148067468607583
a0f8093a-97bc-40a7-be2b-0ae216036420,2023,2023-02-24,b13d1921-03e3-4f47-b962-4e9951de7510,f14e71df-6c53-4abe-b789-c0d73a44b276,-11,0,2.9380992934868937,0.6618778210051562
ace13d7d-4531-4a7f-92ef-daece06817e1,2023,2023-02-24,eed17656-6fec-4cf5-aacf-f932c5b66084,873aeddf-ece1-4971-83c5-24ff228e2954,-16,0,-8.811919404551668,0.25017348365278186
b8e6987a-bddb-43b7-90a3-cae8554f3a8d,2023,2023-02-24,29503a81-0fe4-4a0c-8022-d23ac7e092b6,f1d0f01f-d161-44fe-a534-6f4383fe2d0a,18,1,12.752423725530324,0.9181712572407437
bf026f50-489c-4269-9a01-1c55890a1467,2023,2023-02-24,ff27601d-133f-4abc-a42e-f55d4f497bb0,067fed65-5ce6-4ac2-b769-11805417f5ce,3,1,2.2001995470318474,0.6057817907069958
c7b01853-d243-44da-9696-07833c8a3455,2023,2023-02-24,218250de-64b1-4e7a-9b64-e426441584e4,892bcbe8-a66c-4c57-88ed-c82e0c13706e,-23,0,0.20935116380016325,0.5299387606340783
cb572aae-f498-4285-b7f5-488a9c9a121a,2023,2023-02-24,d6ec4d5f-7d79-4064-be14-71636bf66d75,888089ca-9632-4e33-856f-b210b1d946cb,-22,0,-4.00566283269937,0.3614512369140902
d32924c5-027c-4e26-a462-3f0de3ac8b28,2023,2023-02-24,66ad8504-16f3-4990-9abd-ff1e776dfb86,ec764a7a-bdf2-49ba-9830-7408ea7f453b,8,1,3.0688966121663315,0.6328711945585885
e2395b0a-5b06-44c1-a7f0-f1ade8ac1136,2023,2023-02-24,edd0d0e3-31f0-49f2-a22c-b47c8e8ba9a6,58fab53e-62a1-4e7b-acbc-71e06102931a,21,1,13.028068807719857,0.9238846164121045
e5413fce-392c-49d2-8a4c-cd390b8da368,2023,2023-02-24,96babb60-08c6-42a2-becc-a075a465dcc3,7970fe41-5393-4223-935a-46250b8a26dd,10,1,3.703577398486911,0.6039399327840789
ee8f2525-41bb-4098-a4a6-f6dfc19217e3,2023,2023-02-24,a0454954-f558-44d1-812e-59b90041128d,77dbd2b6-8c48-42cf-9cfc-6fffa07402bc,9,1,2.8117242114998557,0.5949627090449775
f1d6c404-2ebe-43d5-92a5-2b1f55e816a6,2023,2023-02-24,588cf783-9153-4586-adb0-8eb7fb71d013,7631bceb-b254-43fd-b331-b90b901b5959,-4,0,-2.763549265378139,0.3612173391319778
f2acf32e-de4d-471a-935d-16abd1537155,2023,2023-02-24,0d4551fb-d4fc-4659-b14c-fdeba3555569,0e5ca5e6-5ea7-44a7-8587-b4c7834a4c52,-9,0,-0.8169765030781707,0.4553152358196424
f41237fd-7fc4-4cde-a596-a40bd3bf6596,2023,2023-02-24,80cec103-b3b1-4978-9b4a-f1ad161630fd,e62f6be3-07fc-4d39-9d92-158e9218c40a,4,1,-2.3546604381005687,0.4007759761167794
01447f78-4d4e-4564-ba46-ce6e7207d3d4,2023,2023-02-25,1c48e10a-5d97-4c46-8f8b-4217683da26a,00ba2ccc-f972-4423-adaf-34e87d0f5992,-4,0,0.6251366309140209,0.5178867997511419
026fa034-6451-45ba-a5c4-fcc83a419ccc,2023,2023-02-25,9b92c0ff-02a8-49a0-bb79-32eb70b7681d,927f9c80-da40-44b1-834f-ea1d457600d3,2,1,-5.185113043094765,0.32432991233296726
04d17aa5-d1a7-457d-a23c-f9b93df6729c,2023,2023-02-25,11b2b228-e668-4561-b527-22cb63540f1a,4a3968bb-0d67-41c6-af5f-7ac59ae5cc3d,4,1,1.0955775736985622,0.5579096786485956
04f5407f-948f-41a2-8220-25a0e93eaf7e,2023,2023-02-25,3bc40b20-71e2-4fa2-9c99-8e0b6cc3460b,14900e69-e972-4137-8f13-5ef152e0075b,16,1,11.737497473628485,0.8988315075113883
084fe2f8-7f69-46d9-aaf1-f39a83a0bda4,2023,2023-02-25,9c36dca1-e045-4592-9000-60f62b244bf1,24b5ca48-c4a7-4e8d-8fff-c02904c11b7d,4,1,2.4982066805225362,0.6395296860256137
09285aaf-d499-4f9d-bc9c-9576cdfa61f0,2023,2023-02-25,3d8ed3b6-e3d1-4a7e-b179-fdc92e2640e7,894f397c-9c66-43c1-9223-fd405e35b0f8,19,1,12.38545252254164,0.924500991772033
0aadeba8-ce53-4cf6-94e9-e5910a75797f,2023,2023-02-25,72c1f395-5916-463b-8353-47b99a272098,bb82a5ec-96c1-460b-a414-50e0d2b6b1a4,-16,0,-2.0081073822552358,0.4195309336056751
0dd698ac-98ca-433e-be56-ac1414b07b46,2023,2023-02-25,e44bc5f8-7dc1-4aac-8beb-924a7c5ee465,252b92fd-b788-4b9d-9cf4-94b7e591640f,9,1,1.5962831647683655,0.5265161912260986
139b6a26-b400-4fee-b1b7-288a5389f6d2,2023,2023-02-25,07ca1d8d-4805-44f2-90ed-b18eedfd097b,20fdaaba-bd75-4d6e-bf13-299d2f1704ef,-21,0,-13.47704192527938,0.08229694463298924
15eb2c6b-406a-4b08-9255-91b6096e9da0,2023,2023-02-25,f3eafab2-d52f-4409-b7ab-63598919e46d,9ba3b86f-e9ff-4c69-a5a2-865d61dd56ff,-4,0,6.972919371119652,0.7655682997424343
18047675-4d25-479f-b208-75ef3516c224,2023,2023-02-25,bc1a0cad-570c-477b-93fb-2050c0e2f9aa,320ba34b-ed3e-49e5-8563-08246b20d1d1,7,1,-4.928367669233386,0.3707847121367927
19279120-d716-4382-b906-9c9b7882c6c7,2023,2023-02-25,4ae8be32-616f-4721-85c4-1e22239e7db8,11c41163-ceed-438b-bc9e-333b60a36e6b,-22,0,-5.616763818953111,0.29566730186290896
198f703c-5462-4fcd-9225-d4f891952d68,2023,2023-02-25,11c420a2-9004-49a5-8268-6683a741a32e,38a65109-33be-44a5-928b-459db9d9dbc7,8,1,-5.984491440004545,0.3528103035115511
211d6749-e67e-44d2-afe9-6dc722012aa6,2023,2023-02-25,8e864d36-5a07-4d24-bea5-f7b85c3187bd,bf2aafb4-bbb6-476f-acfd-8793128f565c,-13,0,-0.061550446418049846,0.45817492127541426
214b8951-6448-40c5-9424-8746b9ace9c6,2023,2023-02-25,c282b887-5bc1-41e5-8a0d-15287474de7d,4ba5494d-a428-4c7e-92a2-fa5f8a096b3e,-10,0,-1.8460403473344942,0.4487522489043212
227c314f-1dea-41ab-8db4-2912ea22b3ee,2023,2023-02-25,762cc817-6e37-4650-89d1-6bff265dd1b3,d5e139fa-05e7-4c6e-b083-5261fa76ee6f,-1,0,1.2843723203228863,0.5913221855355878
2280dd01-b6a5-4a8e-9007-e1becf87f4c5,2023,2023-02-25,fc62dc2f-7404-4a85-b1d6-49d5135283a3,b1119bba-a47a-41ed-adea-9967a72cf21d,2,1,5.0895612387998765,0.7122833115420814
25b732d7-99e2-479d-804f-fc9bd6372c84,2023,2023-02-25,4763d2f0-5ee2-4763-8617-946f08bac925,bfe08930-1826-481a-bc46-217ae918d0c6,-21,0,0.020310921679307103,0.40038669755945694
26da56ae-9675-4bd8-a796-3d952425aafa,2023,2023-02-25,1cddcec2-cf89-4c5c-9810-d148c368b08a,8b7efe80-a558-4a31-90d4-b59ad2ffdcac,-9,0,-12.741266749679266,0.062320616419274666
277220ce-6db5-46c0-85bb-291e5c033bdf,2023,2023-02-25,41088861-2288-4681-9b1c-b52f63527faf,afebdb69-0f48-47d1-ac8e-740bb58c993e,9,1,4.433866483544707,0.6581259717582345
2b0c85da-f4c1-4a6f-8c2a-1a166846ccab,2023,2023-02-25,e22f605d-41f6-4e5c-915a-987ad0c44569,1a879f38-8a98-47b8-9c92-7da920f1562f,2,1,0.5683772934682612,0.505734616860854
2cfb718f-4609-4588-a4cf-b8dc8e81575a,2023,2023-02-25,a5600159-b71d-473b-92bc-8f7ab08f897b,97cd7805-e5a7-4739-97dd-116010ceb9af,26,1,5.321494389074071,0.7251429167078105
307f3727-ae23-45d5-8fad-1f0e6ba2c7cd,2023,2023-02-25,63b264d5-0679-4b31-b175-0c1d019bb0f4,3016ba37-71e2-4de3-bc39-86d07a8a3e44,34,1,6.15115164772016,0.7716569248623469
323723f5-2bb7-48d0-a3ab-e2b1aa381deb,2023,2023-02-25,f4fab986-a169-4f78-8a7b-6be149e86c10,0d002e4e-eb5e-4b77-9116-89839d4f537f,-15,0,-4.125072378790034,0.34619959757967567
326b560f-80f0-409e-9329-f0e29e25535b,2023,2023-02-25,63373289-6a60-4345-8e60-c44894f4f8cf,ed26e9f2-0346-429e-8084-a40c091454e8,-18,0,-9.920011107325648,0.15768734518692964
3d267a7e-b349-4543-9eb1-8123e0eb88ad,2023,2023-02-25,ad6b613a-f36b-446f-81a7-6095bcf8a45a,01325ccf-0551-472d-a463-55f692a5e50c,2,1,3.702759714607175,0.6962134567769526
4255414b-55fd-428c-802b-28675c3d4a91,2023,2023-02-25,be0c2be1-019f-4c49-9ef1-92f53c9c23b0,a15edd2c-08cb-44fc-81cd-ab493e8364d6,-4,0,-1.7177762230555502,0.44633725214815434
457e8b12-ca68-45df-8d90-1cdacd732474,2023,2023-02-25,71bfb11f-a38d-45a5-914a-5006c7417da4,c3807661-da5f-4ce7-af5a-e086fc56158a,-11,0,3.6618479197147997,0.6839314444650807
48f28b6c-df63-4588-bea5-9ae149e0a250,2023,2023-02-25,611e61cb-eec0-4487-b0c1-1ea8cdba0762,a81b1489-4c0f-4a3d-bfe8-a9efcdb13d79,13,1,4.396366225297673,0.7025414087673011
4cc509c8-457d-49bd-922c-d68837e5357c,2023,2023-02-25,bb0be232-db5b-490f-a3df-709f20bdfb71,d4ca3878-1113-45b1-abbe-5a9a3c7c5430,2,1,6.681806906153108,0.8106598006244486
4f342990-43db-4364-a526-66b6aa458dcf,2023,2023-02-25,e10bd2a0-5b84-4d41-a1ef-08b801a04039,6ddd1347-422a-42ab-8c8e-fd5c9b4e78f1,-5,0,4.332676836495322,0.7251947546663826
523b9a84-3fac-47ed-954e-72d5c6fbfde9,2023,2023-02-25,173a69ab-4f3c-453a-a1cc-8b83c0ee2b49,2dba4db9-bc1f-41f7-b1e5-8d94e117c1e9,-1,0,18.61632084967566,0.9845226921837121
52bb0fcf-6f81-48dd-ac22-a40ffac8da48,2023,2023-02-25,d6e9ba69-1ef1-406a-8fd1-17ef1a6980e3,5fa1ed7d-157b-491b-9384-66ab06dfeefb,14,1,4.343818127934721,0.6762970686095006
531c5556-dc30-482b-b2ef-f6a680841ec9,2023,2023-02-25,29115cd5-8aba-4a2e-89c9-20f7d87b7051,16e5ce2f-bdd7-49bd-a906-9aeaef0ffa08,-17,0,-13.185563818276597,0.05108844551886793
57e12cc2-7a28-432a-a359-477475c24895,2023,2023-02-25,7bf0273c-57aa-4412-be01-e0e08fb7cd81,e5fb9be0-e310-42a1-9744-47b3878c37eb,6,1,7.298280079525632,0.8102047229398701
5b227dcf-b035-4736-8d91-4066b5d24d99,2023,2023-02-25,c79c0f1c-2685-4621-a2d2-476af53195cb,805b30dd-e009-4031-8968-ef4d8bbf928b,-11,0,-8.632192893661982,0.20347892753560595
5e685363-932d-4fd1-b1a6-10c905863555,2023,2023-02-25,6bcb5e3d-9b4c-41f9-86b6-1f44432462b3,9cee8aea-80de-46c5-81a8-499fc49acb57,4,1,8.846803499742027,0.8624546548457496
5fd5cb2b-8593-4f98-8317-f23482ada3b0,2023,2023-02-25,8e941979-021a-4b68-ab5b-5ee34fe0e06a,4b5bb58e-38b5-4132-b2e0-876169cd4017,3,1,10.316752418947738,0.8414346064148286
62faab09-3238-4a05-b716-2ca0d861d162,2023,2023-02-25,6748ba88-58dc-4e41-b3b3-d8df2c4a3c4e,6aa9d05e-84b3-4e72-815b-fe3dd02b1e03,-16,0,-8.429693071256569,0.1850286745244523
657cef8b-98db-42c9-bb8d-0bdca74fc14f,2023,2023-02-25,bab73e4f-6d77-4aa0-8c6f-347009c2283e,0939b5e1-8421-4924-a8b9-9846ca06f2fb,3,1,6.426581379349645,0.7213392234141027
693c7978-3aa1-42a8-859b-85e04a6c0f5c,2023,2023-02-25,21051f5e-6142-4894-a3a9-09bada612b47,d65c47b7-fea1-4f82-a29b-c2d4f4e48b4a,8,1,-2.4594161293135453,0.37884229208393827
6a1bd591-ce09-42b9-b55a-a21b682127b8,2023,2023-02-25,89023aa7-6034-4d33-96dd-3566c7afc79f,12a96cea-6b94-4165-bfbc-3fbee5bd51ab,-10,0,-10.449073266681575,0.11895709986438673
722946b2-6253-4d2d-b6b1-1f18a6deb626,2023,2023-02-25,e81d4510-e1ee-4dbf-9b00-28fe6eedbfb4,170f63c1-c0da-4464-9352-7a33c5e2b3eb,26,1,14.797247693725058,0.9551952485182872
7266de6d-4788-47c7-9013-4c06194f8e6b,2023,2023-02-25,a35d0124-2cd2-46ab-b613-2438a97b6ddd,45f03492-2831-493f-8176-63dfae6670de,7,1,-7.587672826036909,0.2521438579176111
760200dd-bd96-4334-b6ca-ad8d7e504abb,2023,2023-02-25,f9620376-5493-4730-bf10-8b6480bd3e43,cbb7e0c8-4326-453b-9357-a01df1076809,-12,0,-9.401758118262121,0.1403963693365128
7abc8d91-0a72-4bd8-b3ed-ecaf1c2f4c14,2023,2023-02-25,f6ffbdfc-4780-4966-b75f-aa6ff30a7928,b0eb9a16-e704-4784-bc96-af277fccf122,-11,0,1.538601521978303,0.5405782716046393
7ce3d25d-4086-47b4-9bd6-dda8d8c8ac28,2023,2023-02-25,9c773261-49b7-48c8-816e-3e3260997d71,208232bc-9495-4351-b34b-874117e7ab9b,30,1,11.15955177141422,0.8828200787102746
7d6af29d-df55-4792-8d7f-e932edcf91f3,2023,2023-02-25,99bac3ff-1929-4a83-a593-5c1e123a25e6,75608756-6246-483c-8138-59d3749a8d3d,6,1,2.2927360359519064,0.6202014884841376
7fa0a586-9610-4a07-a8cd-d943bb8af840,2023,2023-02-25,8782ac7a-e553-475c-b110-c58c7e61ddd4,b462e428-f59b-4465-b793-4cef6f10cf66,13,1,11.390688442602926,0.9109179386076791
8024dedb-210b-4af3-833f-f89c5d4723d2,2023,2023-02-25,e1e53055-037a-4acb-82e9-552f8abd6635,48e9401c-d41f-4f19-9358-0f41a8d74ea5,3,1,2.675163294430766,0.6258431128627477
81b0f9ac-7d2d-4d81-8563-b59428c49394,2023,2023-02-25,ef80c085-db7d-4b36-8fd0-13ac9be0099c,c21e5ab2-08dc-48f9-b923-9526ce89d623,4,1,1.3559685132228565,0.5621517702207471
81db1c84-c250-4ef1-a25f-31656bba2fb8,2023,2023-02-25,127a96c4-6d95-4519-ae56-77c271aeea23,ab66209f-04c2-4600-99c8-cc177f001266,8,1,0.7480128656502163,0.5207420068838908
81e46d5f-7efc-4f18-b8b5-7236439304b5,2023,2023-02-25,e823a53e-c3a4-40d9-b40a-4d7eac69e962,9988778e-cc80-4486-aad5-9ebdf21f2965,14,1,7.185403496996382,0.770423950535083
84636f0d-b7ed-4b6a-a682-a62556130d6c,2023,2023-02-25,712e6366-f137-4f9f-a647-831a2797543e,526a8e73-78d6-4268-9f89-6f7d90e5dcd3,16,1,10.17628442637423,0.8584300019074929
84c804f6-8b92-4c3b-9554-c6d8f63a8165,2023,2023-02-25,fa0efad2-ee60-463a-a297-fb45c393e624,b349d38b-bc08-42d6-bf21-e6c826c45b62,6,1,0.6503708086366238,0.4979519776526565
8ab87bd9-9782-4cc4-a2e3-3225ccaee770,2023,2023-02-25,15d2579a-33fd-4772-9d78-e929a093bd79,247817ad-6065-4e8a-80e7-26c838de4153,6,1,15.953407005826874,0.9665496990483559
95018610-ccb1-446d-8c56-62c7284b5628,2023,2023-02-25,3c06c3f7-a7c4-4179-a9a7-d9b86afaf42c,54b6e673-584f-4030-af7d-052c75277798,17,1,10.706224839354912,0.8787133727687583
95fcc6bd-2221-4468-b907-da52afcfbebe,2023,2023-02-25,14e4e2ac-f90d-419d-9b14-9a9e3ba13b59,f4f493b9-00c9-48e9-a9c8-934ed203169e,-2,0,-11.260462416527659,0.096496009918977
99172ae7-f6ed-4a99-9a4c-aa855ca9d50c,2023,2023-02-25,7dfad569-05d6-43d5-8f47-defff4a50649,39d71fee-a4e0-4399-8698-547fdb4fb256,-4,0,-4.5087769474672585,0.32348587986273586
9e9e44ee-ebb6-4b68-92c1-37b380ee0025,2023,2023-02-25,cd2892b0-c423-4723-86bc-3988015a8015,cdc199b7-a710-4c11-a6e7-2384b399c06b,-8,0,7.121907042935425,0.7952059970746109
a3a4ad78-5e34-405a-ab80-56fd15ab5bf1,2023,2023-02-25,40d1c23d-da10-4e19-8a9f-d69e48e05c30,f0c6c56b-f155-45b4-bed7-e886af6e82f6,4,1,0.1969667582147397,0.46141468910899197
a807da40-fa79-4691-a45f-14ac57949f48,2023,2023-02-25,11018b71-58b8-48c1-aafe-d3f42d4dc4b9,348c253f-b663-454e-9b7d-051280f46334,2,1,1.9566829365412182,0.6096016309505862
ac4c92ec-579a-4ac7-b1b7-1950074c7466,2023,2023-02-25,3ad98900-f406-42a6-b9c7-7a2d3f0a9867,d3246ba0-2060-4e3f-addf-f8704b79380e,7,1,8.353597896372388,0.7796229488490196
af8fe3a5-b3b0-45ba-81de-9f65c1f7ce70,2023,2023-02-25,bc48226a-5e03-49d2-aa5a-550081373e7c,a4574b8e-6d1d-4ed4-a947-b175f74c6387,32,1,2.22038882377175,0.6111008397667321
afa26af0-ca1b-4f3c-bc89-cd65fc9b2e5a,2023,2023-02-25,c1ddb62d-8103-4ef4-a556-df9238531bdf,410b3365-a1a1-4bca-b3fa-52270a02f75c,22,1,13.34801822311111,0.9079499214021978
b68b911a-4729-43d5-b855-be3788082e27,2023,2023-02-25,324a87d8-6e5f-4df1-adea-5c7c07bc3880,81937a80-a7e9-4025-9c21-2ed38625cdae,-4,0,-7.172304171187183,0.255709414906269
b702aee0-6c22-4c52-913b-479bd0d07f0d,2023,2023-02-25,3c7653b4-ff75-43ce-b3db-0654e938bcd3,ec3ac254-d13e-4b51-95ee-389447c70400,9,1,3.83071724789832,0.6732406107864743
b74afd8b-88c8-4478-a319-add01835a1e7,2023,2023-02-25,40fe605d-085b-468f-aec2-614432798d3f,57f7bf85-91b0-433d-b843-94485a520954,1,1,-3.280011670879158,0.3540587531797285
bc3896a3-92cc-412e-8840-5cef64a0ae9d,2023,2023-02-25,c8da4ce4-29a3-4f99-b827-9b55afb4e0d5,5a36a71a-5c48-4f55-a80e-17e194f320ac,32,1,16.667137958088443,0.9493531570983106
c1c35b83-fee8-4590-bedd-9c6d8b9e2670,2023,2023-02-25,1b6320e0-71b4-46c2-9fb4-0c801f4c8770,a8ab3f0c-a155-4d9d-adf9-5593435a0152,-6,0,-5.865892035762867,0.3035325053645779
c2a065af-526a-4e55-a36d-70246a45214b,2023,2023-02-25,75db89bb-f85d-4726-b2c5-e7f61c8115c4,63b38daf-556d-4012-93d1-faf2cc5da515,5,1,1.1249497897233514,0.5581647399803752
c2be448a-9c06-41e0-8690-37b971b86500,2023,2023-02-25,393745fb-1951-4506-ba94-c10dcd66ee50,428b85df-3b5f-4b21-a384-f1bd53f95d19,15,1,2.654690531676718,0.6127061062875873
cf380ccb-0fbc-471c-967c-736a3eab1e72,2023,2023-02-25,effe733a-ab00-44c0-ba8a-c389badc7014,cb921ef9-be3d-4c14-9e83-9926205e601f,4,1,-5.190630816974662,0.31501370177158355
d500540e-1ad9-4441-aced-efc89ababbb3,2023,2023-02-25,9d09ebd0-f5e4-4022-b315-aa3719219b6a,d1f5a19f-6263-4ac7-9ceb-e1339595db2f,8,1,4.1507747977950045,0.7178150478722006
dc65b9db-e376-4c3c-80c9-6b2888d38aa3,2023,2023-02-25,297b5678-ce67-4c02-bfc4-2ccec5343d09,7d7d8e50-802f-4f7c-aedf-3116a743e835,18,1,9.990985714899333,0.8432662903202948
df99d480-ecbf-4c06-964c-cff5604fa61e,2023,2023-02-25,f6d79bbf-f8fa-4aad-8a37-6172d43ea482,6d0447fe-c13a-4ab3-b46e-cc2a08eb057e,16,1,8.033748185789156,0.829872340330132
e6e81f3e-107e-4eb7-af1e-c77e4664e710,2023,2023-02-25,a61813fd-4a0a-4112-9fe9-2d33fa01a9aa,d13063ca-830f-4027-a1e1-7961d39c81fc,-10,0,2.8825590910406014,0.615107076549853
ec1c6257-05e0-494a-a333-c0d05756c322,2023,2023-02-25,2ff94ca5-2417-420a-b20f-387ca6793769,015de200-e75d-4f5c-b26f-60089691f965,6,1,-1.791761847025537,0.4107633718184862
ed0ecf1c-b9e8-4f12-b086-96018cabc43f,2023,2023-02-25,ba34e76d-5905-4b7b-9c5c-9e014d969c91,3950a3d3-d1b1-4dd9-bf4b-2356ed344246,12,1,7.17547381126845,0.7774918088430863
ed78a010-1c84-44fb-9c4f-062ec22b7d15,2023,2023-02-25,d680033e-5d87-4349-8622-dcce2bc0559c,8a231892-e40c-466f-9e2a-016a3433fda0,1,1,-0.19729072118535979,0.4894044138178732
ed91e471-ba41-4133-9c92-b040d16cf1db,2023,2023-02-25,2a391736-2322-4864-894e-4856c2d517d7,db22a3b8-fd13-44f3-8968-9aeb04d833e7,10,1,4.325485841048062,0.6596854120231144
ee83556e-46a7-4ad4-a52b-e7c3e0cd582b,2023,2023-02-25,a2362a90-be36-417a-ba1f-0cd8ca99ef80,e0accbcd-bd68-4bc0-a2a3-3c32753815b5,12,1,2.320825323461883,0.5615151388289326
f039493c-3d54-49f7-8a71-eb7d3cf60a8b,2023,2023-02-25,fda4e988-3514-4913-8f5c-1c8db7f59165,ca0af9b0-0073-4e1c-baf8-a15069168abc,-12,0,-11.026288733935203,0.1216027821747491
f276b932-c977-469b-a27f-523b1c3373e3,2023,2023-02-25,a1fb658f-49be-4887-a725-48a42276ac48,474263db-dab8-4b0d-842a-548132e82b33,11,1,2.1644510179800425,0.6393980389357229
f4fd3a15-6d55-41e0-9e52-0fc36362db41,2023,2023-02-25,7b4d1f71-de6c-49c1-a95c-de84c4aa46a5,a757dae2-f596-4065-9e29-b365b91af590,17,1,-7.219361363185216,0.2066972427692255
f9f2c1c6-e54a-4cdf-b12c-8a186661b382,2023,2023-02-25,407f6796-76ab-4c28-8f30-cebbfbe534dc,fc903652-4ae3-4b36-82b8-fea6345f3b2e,-4,0,1.694487898423125,0.5953140156407222
fe6bb247-50c3-4cc6-a233-381651a7f1b0,2023,2023-02-25,b6c50d53-e53e-42aa-8c2e-1297e733737d,9226a51e-74e7-48ed-9e95-6890a182148d,-4,0,-7.666283062290736,0.19892024841295608
106de5f6-82a4-4e11-ad27-e56e42d2d198,2023,2023-02-26,304b93c1-4157-43db-bc99-6f2b071e4429,067fed65-5ce6-4ac2-b769-11805417f5ce,33,1,12.416679539092923,0.8789949106198252
10955b6c-d60e-4f02-bdde-b1d0606670c7,2023,2023-02-26,ef9503da-6c3d-4207-ba0f-3cf770627dbe,eefb221a-cb2c-47a8-a13d-1f008fc6a8a0,-4,0,5.137230196881534,0.6735928004363178
2cc0ccf2-045f-4ab7-9393-8c48da004903,2023,2023-02-26,d19262e6-6584-4276-9fb9-d5690c3ca053,0ac20cc2-e801-4648-8850-2fde30c2def5,8,1,4.794247827873877,0.6454955607368835
31205cca-f2eb-43f7-b885-a6380dad6520,2023,2023-02-26,f51695f1-a8ee-4f8c-b518-879ffe6b0dca,1900d158-6fb0-407f-a2df-6e37a1db2dc3,1,1,7.346950858917714,0.8073931690355959
37e05b0a-001f-49ae-9c95-30bcf19b04d3,2023,2023-02-26,27a2a3c7-c672-4a2e-8381-bf31d528c0d0,81ba36f8-a53b-4696-8877-2e9bb161598a,16,1,5.307263247643781,0.682842554649099
39934a0f-7293-4af5-9fa2-a6779b47fe4e,2023,2023-02-26,e39dbea2-e913-4bf0-9407-8ef31b60b82d,8681e6eb-5cf9-45d5-b215-af3a54ebc784,-7,0,-0.502545716454917,0.48984629476146574
4c9e60d7-a19f-4f63-b30d-05af6d960a3c,2023,2023-02-26,251330f1-c041-4520-b4a3-114f8f6b2ccf,92c5eea2-cf1c-4902-bae5-39cf63a77442,12,1,4.445192619141452,0.7111320347098389
5ffb01ed-e24c-4eff-ab3f-5aed1bde111d,2023,2023-02-26,c88614c4-bad0-48db-990c-90a3243c3734,05300c53-1c99-44fc-894f-5d062cc9254d,-20,0,-10.898866158348449,0.15634234000876096
71c2721e-551e-40ec-8ada-4d4ce9dbc72d,2023,2023-02-26,e145a47f-597f-46fe-b58d-64dae192efc0,ec764a7a-bdf2-49ba-9830-7408ea7f453b,13,1,5.522873972225615,0.7361179164250141
7636428f-1229-4385-aec9-502c342aa206,2023,2023-02-26,eccdef36-c666-44f9-bd7f-17e4e33e2def,445a7698-bd20-45f7-9c62-e0ca0057e959,19,1,11.543584466576661,0.8845702536630835
78df0bfd-8b89-4ea1-842f-e0eec997cc63,2023,2023-02-26,22641200-31a8-4bc1-9df0-8a3393139dde,71aa15ab-9b94-4d3a-88de-3f0ae5d9a44c,-3,0,3.467558296991718,0.6678490591309669
823687fb-a5e2-493d-a197-0e8d23626ab8,2023,2023-02-26,599c2f7f-3472-4f93-9807-39b33c575236,55f602a6-b8f4-4fc5-b30a-9a23ad91a2d8,12,1,1.0371313498749883,0.5332467870641244
8bed0752-f5e9-4726-90e1-811dc39ffb9b,2023,2023-02-26,cb08f172-db74-448e-aaf2-80d96b32bed4,f7352462-5710-45c3-bd64-969e67428b1f,-19,0,-13.793045633783837,0.06260489339559022
8f18518f-965f-457b-83af-28a77a16b7f4,2023,2023-02-26,9874a1c9-7e78-46e4-8d3e-6fce94e7046c,e4d1f824-05c1-46d2-a96e-fd3dba7ac334,12,1,1.5068454909582318,0.6010034134672485
9e4f3aea-1332-41c5-b9dd-f2c2006beab2,2023,2023-02-26,21bdd018-a21f-44da-982a-98efb6d24ca1,218250de-64b1-4e7a-9b64-e426441584e4,-2,0,9.016411304333234,0.84007710190915
a90a3acd-a1a5-4058-8456-b194a86724a3,2023,2023-02-26,ff27601d-133f-4abc-a42e-f55d4f497bb0,3fb4c1d4-021b-4e64-a997-b47421257d4c,-5,0,4.425375438202379,0.7108580595201689
ac8cb894-e807-494c-92a8-b5ed75e0b12e,2023,2023-02-26,48ff6f70-fd07-4a02-ac71-b973f0ea0451,4a1337bf-77da-4acc-8a27-5f6ee2d1db60,-3,0,-2.0022073041433095,0.4417122119771195
acb68678-d335-49f9-b1b2-17c16041e48f,2023,2023-02-26,66ad8504-16f3-4990-9abd-ff1e776dfb86,9f8c4a3a-10fc-427b-a3b9-f54bcc243010,-1,0,3.824210138698727,0.6550481877105128
b748abef-d562-4058-9473-c3a6d2db47a6,2023,2023-02-26,0112fa43-c6c9-4c88-be78-7e0818374d56,cdac95d6-25af-43a9-a6c0-1004aaa6a183,13,1,1.184110132385392,0.532971901608464
c0023e77-7eb5-48b8-bf76-07d44704095b,2023,2023-02-26,f16d5827-0b65-4b48-bd2d-584314873b9d,9a68215b-c4da-4c48-8fdd-6f9862b46f80,-4,0,-11.25058112818324,0.12142112172778119
c5f29165-285d-4aa5-bb9c-60786b3f3edb,2023,2023-02-26,f612c81a-f044-496c-871c-5c643a5e8f9d,295728d9-e6d3-43a5-a29d-26c403f073cd,-4,0,3.1235085597091596,0.6463393305143215
ddb78d74-c455-40b3-9221-f2da41ddbe55,2023,2023-02-26,8d694562-759b-462a-9766-ac29e999df71,c84adc87-6cd7-4df0-9245-59fa829300e4,-8,0,-2.489969832760634,0.35631036000579663
0e919b0d-ce3c-472c-8786-abf63a3a1952,2023,2023-02-27,e10bd2a0-5b84-4d41-a1ef-08b801a04039,3c7653b4-ff75-43ce-b3db-0654e938bcd3,-6,0,-0.5742711723073417,0.4535836062585269
2397ac06-1bba-4d1d-9487-6ba4f222e71f,2023,2023-02-27,bc1a0cad-570c-477b-93fb-2050c0e2f9aa,958592fd-5c16-45ff-90b4-3242687743e9,-12,0,-14.347567785099384,0.06571603210203213
2de4cde5-b737-49c3-a3a7-67234646b399,2023,2023-02-27,f6ffbdfc-4780-4966-b75f-aa6ff30a7928,01325ccf-0551-472d-a463-55f692a5e50c,-3,0,-0.994010010753432,0.4248127372837383
6ce0133b-4933-4fdf-aaec-66ffd86bc112,2023,2023-02-27,fda4e988-3514-4913-8f5c-1c8db7f59165,f62a4b7d-6f85-4607-a748-854c9b8c0c5d,-4,0,-8.352513157173782,0.21708951228353546
6e4e2143-9949-43ef-b5e7-0ae234ee8d10,2023,2023-02-27,38a65109-33be-44a5-928b-459db9d9dbc7,8782ac7a-e553-475c-b110-c58c7e61ddd4,-5,0,-1.0375834751231834,0.4890841532853296
90468b84-7739-4c3a-becd-b032674cb745,2023,2023-02-27,b847237b-f1fa-48c8-a618-17553efdc228,9c1c5097-7168-4529-8378-8f68f206bd9f,-1,0,-1.0608540987925101,0.41395815033193656
96c01ada-6bca-4931-9ba9-a6e2c9f2f743,2023,2023-02-27,b462e428-f59b-4465-b793-4cef6f10cf66,d4ca3878-1113-45b1-abbe-5a9a3c7c5430,-2,0,1.926541783570959,0.5770897487718878
b95839de-deca-45e9-bdf1-c378d46b034d,2023,2023-02-27,2dba4db9-bc1f-41f7-b1e5-8d94e117c1e9,127a96c4-6d95-4519-ae56-77c271aeea23,-11,0,-11.614391338402719,0.13855158342123325
d2f4d586-4d73-4c26-9a67-71f216309438,2023,2023-02-27,61c096bd-3b5f-48c1-9f04-b18693a77cc0,29503a81-0fe4-4a0c-8022-d23ac7e092b6,6,1,-0.8232117347900522,0.40538640495872197
d3cc3e49-aa70-4f34-b6e0-14fc18f12267,2023,2023-02-27,cf67c587-9808-4deb-9419-41a1a58f81f0,ca0af9b0-0073-4e1c-baf8-a15069168abc,1,1,7.295760509163888,0.7820981319710032
e134cc8e-7640-4816-983c-289b0f8ce2ec,2023,2023-02-27,bfe08930-1826-481a-bc46-217ae918d0c6,9a193882-d061-4d9a-b1d1-da7a483f7cf6,-7,0,8.552647767478467,0.7913043183205473
e3895383-f284-4859-923a-449dd6568f24,2023,2023-02-27,175f9186-422d-479c-a771-d9f218a1a87b,320ba34b-ed3e-49e5-8563-08246b20d1d1,-2,0,-6.880975234861865,0.2826687227941272
e72e9ca1-5c1a-440a-a167-816484d95566,2023,2023-02-27,957c8e2e-1939-4c65-af04-df116ac4086d,93759732-e117-45b2-a99f-f09b689de84c,9,1,-0.40090642851714803,0.5147929342921205
f863758b-7feb-48e3-9a08-db47a3c1ba39,2023,2023-02-27,a155af26-bc09-4c69-9940-efff8f3d15e3,b034bc0b-a11f-4e43-b372-127640b1d5b0,-2,0,3.5970388333401933,0.672544699380884
035e070a-627e-4aee-a7c9-95a5da9a4f5e,2023,2023-02-28,c3807661-da5f-4ce7-af5a-e086fc56158a,29115cd5-8aba-4a2e-89c9-20f7d87b7051,20,1,19.043020323758203,0.986205631623582
0c842d1d-6174-4a08-8d39-cf542649d38f,2023,2023-02-28,015de200-e75d-4f5c-b26f-60089691f965,05dbf7f3-9fc5-4818-bf47-490e1f7c7186,6,1,-1.902796547153564,0.40789909152184334
137bdce9-d552-42b4-8011-25241b613870,2023,2023-02-28,1e95b7a8-8a2d-4c93-bd01-79b311a80f40,ef3cd1ae-ef09-458c-a751-658436d5dfbd,-13,0,4.294388203605303,0.6938280341829102
14fff749-2287-4e81-99a8-ad7d6f3b1f91,2023,2023-02-28,be0c2be1-019f-4c49-9ef1-92f53c9c23b0,9c773261-49b7-48c8-816e-3e3260997d71,-34,0,-11.422119897845727,0.0887858493932833
190bf035-9126-4e05-8cf6-7eac2caf396e,2023,2023-02-28,143599fb-b821-43e4-b0ee-2f6e521ddb11,07fe7a79-3bd1-41c3-99f8-6c7f857756dd,5,1,6.050224087486086,0.7540159728982809
1937de19-f4ec-4944-acdc-85c8b363e2f8,2023,2023-02-28,cdc199b7-a710-4c11-a6e7-2384b399c06b,fa0efad2-ee60-463a-a297-fb45c393e624,-22,0,5.228505563427991,0.6569564260899402
252c2756-ec46-48ae-9d3a-0cb1fc7d45ae,2023,2023-02-28,ad6b613a-f36b-446f-81a7-6095bcf8a45a,762cc817-6e37-4650-89d1-6bff265dd1b3,4,1,8.350795797589328,0.831491413440173
32fc2ae6-5584-46c6-bac9-748f5b92d0fc,2023,2023-02-28,873aeddf-ece1-4971-83c5-24ff228e2954,61c096bd-3b5f-48c1-9f04-b18693a77cc0,1,1,7.395837942430893,0.7933859598502654
364d81ab-005f-40c5-a2b1-7d5c3a46b53a,2023,2023-02-28,58fab53e-62a1-4e7b-acbc-71e06102931a,b2a4914d-552d-49ca-818c-4219f9a5baa7,-17,0,-2.81130992042001,0.38071587716475586
3ae53407-e39c-4cc8-81e3-6fe7b3504656,2023,2023-02-28,7631bceb-b254-43fd-b331-b90b901b5959,0d4551fb-d4fc-4659-b14c-fdeba3555569,25,1,10.569577988202095,0.8697831609848372
3b5e7871-3c3d-444f-8624-92e8e0ddad5c,2023,2023-02-28,526a8e73-78d6-4268-9f89-6f7d90e5dcd3,7a193c3e-c732-47d4-b893-cc0c575ff431,-17,0,-13.89421745982336,0.05534739247017749
437b71cb-b14c-46fc-9bda-88e0773229fa,2023,2023-02-28,39668771-063a-4cfd-ba1d-be18a842d5a1,b034bc0b-a11f-4e43-b372-127640b1d5b0,20,1,19.37458140458123,0.9839795616561221
4c7d9168-beb2-465e-ab18-bd34b838b4b4,2023,2023-02-28,4fbf8f67-3961-4bf4-90b3-56c201b1283f,2a391736-2322-4864-894e-4856c2d517d7,5,1,3.158749641908497,0.649182163544658
517d7ce4-8920-4a13-a363-88b955b0256a,2023,2023-02-28,db9252c1-9697-4f77-b192-93b1badf442b,7b4d1f71-de6c-49c1-a95c-de84c4aa46a5,-15,0,-0.6141956485602048,0.4735097945744916
590ea834-855d-42dc-8ec2-7a4d7fd72a07,2023,2023-02-28,66f42ce4-3183-445f-b7db-b673bfb1fe7b,07960f6e-9ad4-45bb-82bd-06f477a011e3,14,1,10.730112858091978,0.8778100106769348
61b9083a-c68a-4fbe-9de1-38ebb572dff3,2023,2023-02-28,a15edd2c-08cb-44fc-81cd-ab493e8364d6,208232bc-9495-4351-b34b-874117e7ab9b,-10,0,-1.4461289728940876,0.4832288240524981
66ac38c4-1ae9-4e34-92f7-10bd760b80d8,2023,2023-02-28,fccaf1a2-1439-499c-87a3-1615684518bd,7b423c28-572a-4a7a-982f-3d59e0fb25fe,24,1,14.332937455784478,0.9471761443049151
6803f0fa-587f-4bfa-a407-2eee5237233a,2023,2023-02-28,81937a80-a7e9-4025-9c21-2ed38625cdae,d6e9ba69-1ef1-406a-8fd1-17ef1a6980e3,18,1,16.576255405141616,0.9606503210687934
69d53ddf-e890-4523-b093-cb994b0ba2ce,2023,2023-02-28,71bfb11f-a38d-45a5-914a-5006c7417da4,16e5ce2f-bdd7-49bd-a906-9aeaef0ffa08,13,1,2.862374211414962,0.6726851954817635
731f9b9c-b34c-473c-91fc-a99f2e23978b,2023,2023-02-28,611e61cb-eec0-4487-b0c1-1ea8cdba0762,f7d3e028-cab6-4277-8d9c-799f5bec0712,-8,0,-5.723744061506362,0.264222100086185
79743822-6279-42f8-9ce3-b640d6356cba,2023,2023-02-28,12a96cea-6b94-4165-bfbc-3fbee5bd51ab,a757dae2-f596-4065-9e29-b365b91af590,7,1,4.749092490778042,0.712440413647016
7987701b-b419-4876-8978-6ee2eac33d48,2023,2023-02-28,bfd30209-fc33-44e7-a4be-7d2be91b2842,e198833b-92f3-4fa3-a2cd-82f04ec7e0c3,4,1,8.91028756456637,0.8466872974311225
911bc36a-9020-4996-b08b-a04e55f62b04,2023,2023-02-28,2cb246a7-863a-4dc7-ab3d-eabccbf12019,090a9b59-4e95-410c-b5f9-c4d63d9caea8,3,1,12.408245382176666,0.9240908947702029
9cdbd2e5-c207-408d-b5bc-9134f892454d,2023,2023-02-28,1e86acec-a854-405d-a4cc-d096ee03f22c,b349d38b-bc08-42d6-bf21-e6c826c45b62,-13,0,-3.5675151221313057,0.3317527019551654
a96493e8-ebf2-4c7d-8ee0-ee9d8bb03cd5,2023,2023-02-28,c9739eef-f828-47a4-bcc0-548844cff9d5,712e6366-f137-4f9f-a647-831a2797543e,-20,0,3.831465533977568,0.7192993186940461
ae051f29-24ec-4737-ae6b-8aa64d569dcb,2023,2023-02-28,9cc36a7f-4ac0-4523-b7cb-99b33fd2fb4f,4b5bb58e-38b5-4132-b2e0-876169cd4017,18,1,10.913141014679859,0.8727750007020337
b72686f1-04fe-42bf-acf4-35648094b025,2023,2023-02-28,4fd6900f-43f0-49de-b565-11ab2d0dc985,3d8ed3b6-e3d1-4a7e-b179-fdc92e2640e7,12,1,6.902106225670763,0.733871971358917
bccf9583-2582-445b-972d-23c2532ee537,2023,2023-02-28,2ff94ca5-2417-420a-b20f-387ca6793769,0621d617-e31d-4e1e-a043-a11af2f706de,17,1,6.475321779313547,0.7690667007965113
bcea9de9-1952-48e0-93c3-6e86df517f7f,2023,2023-02-28,9d09ebd0-f5e4-4022-b315-aa3719219b6a,9cf58c59-1075-457a-b79e-942b453b75d1,-2,0,7.2958535825750985,0.8076584334824591
c940cfb6-af3f-451b-a6cb-49402c3dd034,2023,2023-02-28,4ae8be32-616f-4721-85c4-1e22239e7db8,6d0447fe-c13a-4ab3-b46e-cc2a08eb057e,-10,0,-1.7091126628235362,0.4283530462855974
ca387736-c3e6-43a0-8ae6-03ad71b147ea,2023,2023-02-28,43c4f9a5-d6d5-4dd2-bfac-0bd3adaf79f7,15d2579a-33fd-4772-9d78-e929a093bd79,-16,0,-7.063158598877621,0.2288255390768012
d0207393-d061-4645-8321-2846bef1b23a,2023,2023-02-28,89023aa7-6034-4d33-96dd-3566c7afc79f,a35d0124-2cd2-46ab-b613-2438a97b6ddd,20,1,6.884917245369519,0.7550459695879038
d9cf7fe8-aad0-4504-a088-53ed15a8d35f,2023,2023-02-28,407f6796-76ab-4c28-8f30-cebbfbe534dc,dd027a18-2cb5-45a3-a0ce-f3f9eb7bde2e,-3,0,-0.33567598182157654,0.4564140566654153
da1f4667-0b00-4f99-a4f8-087bf980125b,2023,2023-02-28,ab66209f-04c2-4600-99c8-cc177f001266,23328a3b-6bde-4b61-960d-5c45fab4d16a,7,1,4.84191209360086,0.7472367653366856
dc13b2e8-6eb6-4fe1-bf71-d7f1f4cb4ec1,2023,2023-02-28,fc903652-4ae3-4b36-82b8-fea6345f3b2e,324a87d8-6e5f-4df1-adea-5c7c07bc3880,2,1,-1.8087844307423404,0.41076322829762996
ea7d6071-1633-450b-bb29-5afb59b0c5d8,2023,2023-02-28,d6ec4d5f-7d79-4064-be14-71636bf66d75,b1cd7b83-cc64-42a8-b41b-45343632eee6,-4,0,0.2163732483056015,0.536147307022462
f993e4b3-9233-4c00-bc15-bd144b5d77f2,2023,2023-02-28,d5e2b5fa-8cb9-45b6-a822-4e64c46bc8fd,45f03492-2831-493f-8176-63dfae6670de,4,1,8.356061749851426,0.7908595703850898
0c498c26-560d-40a9-b184-cc8485b3fba5,2023,2023-03-01,d5e139fa-05e7-4c6e-b083-5261fa76ee6f,ec3ac254-d13e-4b51-95ee-389447c70400,2,1,-0.6817036476318478,0.5007095159028837
276b912e-c9b3-49f0-9ee9-cc79ce18f453,2023,2023-03-01,348c253f-b663-454e-9b7d-051280f46334,cbab480a-8e87-4eb0-ab35-22228c66f68e,5,1,8.398843460001196,0.6885220641891633
4bd07ad9-a67c-4cf6-8b8e-999f0ef4cc2a,2023,2023-03-01,d1f5a19f-6263-4ac7-9ceb-e1339595db2f,c20e9648-8980-4cb8-b139-4343f24b2e91,7,1,-1.5202335354931948,0.43156433585652376
51f5baba-a26c-462a-a9a7-719e79e30a08,2023,2023-03-01,1f74189d-a265-4a43-9a13-b26dc844746e,4ba5494d-a428-4c7e-92a2-fa5f8a096b3e,12,1,-1.1775437734708196,0.43909789977277935
5603ac54-4e7e-4eba-8a62-620f682d7af8,2023,2023-03-01,6ddd1347-422a-42ab-8c8e-fd5c9b4e78f1,b0eb9a16-e704-4784-bc96-af277fccf122,16,1,1.4161852094471332,0.5329053250729482
56715d69-1c77-439a-8b2a-f0c9bd3fc7c7,2023,2023-03-01,cdac95d6-25af-43a9-a6c0-1004aaa6a183,f022d404-14a6-4105-afd2-445afe77bad5,16,1,2.2561197995702633,0.6108999769972765
5a7ffa41-9880-4b46-b136-67574b6657cf,2023,2023-03-01,9874a1c9-7e78-46e4-8d3e-6fce94e7046c,27a2a3c7-c672-4a2e-8381-bf31d528c0d0,11,1,-0.3029674364935125,0.5080450706870063
6181b929-b81e-4fdf-a61f-490aa106e347,2023,2023-03-01,81ba36f8-a53b-4696-8877-2e9bb161598a,22641200-31a8-4bc1-9df0-8a3393139dde,-3,0,-0.011821035492288561,0.530572041497223
672e991e-2bb4-48f0-a967-3b07d6a18ce6,2023,2023-03-01,428b85df-3b5f-4b21-a384-f1bd53f95d19,d680033e-5d87-4349-8622-dcce2bc0559c,19,1,7.060262103012106,0.722204415573354
6a30e34b-c12c-4abf-8cdf-2462fed0471d,2023,2023-03-01,e383f809-990a-4dd9-85b1-4288d45884e7,9b92c0ff-02a8-49a0-bb79-32eb70b7681d,19,1,15.16612453836192,0.938104833992216
6ac64efb-4e8c-4916-9c85-ff32c83c620a,2023,2023-03-01,c324cc75-a904-484d-b520-1f21664c89d7,11b2b228-e668-4561-b527-22cb63540f1a,17,1,11.451200474363988,0.8921276289121589
7a52d9f4-bc4a-41d3-91f3-44dbe3b5969a,2023,2023-03-01,c282b887-5bc1-41e5-8a0d-15287474de7d,92e2201e-4d6b-48b2-b40f-1980a5b48c0e,14,1,5.418189001716626,0.672730508467676
82ead76e-175b-4b1e-9c81-d436c6806d3a,2023,2023-03-01,bc48226a-5e03-49d2-aa5a-550081373e7c,f6d79bbf-f8fa-4aad-8a37-6172d43ea482,-2,0,7.7946165520689705,0.7941880611301166
892005fe-f3df-4fbe-aa87-22c46c3022e3,2023,2023-03-01,a81b1489-4c0f-4a3d-bfe8-a9efcdb13d79,11c41163-ceed-438b-bc9e-333b60a36e6b,-5,0,-4.2021840938781105,0.3517928533401527
8c6c4cce-c5d6-4022-9257-215751d075f9,2023,2023-03-01,9cee8aea-80de-46c5-81a8-499fc49acb57,bab73e4f-6d77-4aa0-8c6f-347009c2283e,-16,0,-7.66397220838521,0.22135168317702303
96fafcce-0d67-46bd-b6e8-555839edf6a7,2023,2023-03-01,e5fb9be0-e310-42a1-9744-47b3878c37eb,34668727-07c8-40ea-adb6-3541d9d7f32c,-2,0,-4.11093024193449,0.34737719173714043
a73ab6b3-3e7b-48e2-9d61-11090bc7c0d3,2023,2023-03-01,ef80c085-db7d-4b36-8fd0-13ac9be0099c,cb08f172-db74-448e-aaf2-80d96b32bed4,16,1,9.067045182706906,0.829664065134036
ad08cc5a-181f-4756-96ca-8ce935ec4f5e,2023,2023-03-01,6bcb5e3d-9b4c-41f9-86b6-1f44432462b3,88dfcbfb-3d60-4978-b275-46ae9f682ad8,4,1,8.097059948877238,0.7759576539522157
afe3994f-f897-46a5-8f63-9b9ef7bd0bbe,2023,2023-03-01,d3246ba0-2060-4e3f-addf-f8704b79380e,b13d1921-03e3-4f47-b962-4e9951de7510,-5,0,0.29979966085990933,0.5291084963376417
c412c63d-f9ca-4873-be09-e48737481707,2023,2023-03-01,05300c53-1c99-44fc-894f-5d062cc9254d,888089ca-9632-4e33-856f-b210b1d946cb,-5,0,-2.7596523251898635,0.3798483084712806
c4591c6e-61bc-4b99-ab9f-1fc29c19e760,2023,2023-03-01,3c06c3f7-a7c4-4179-a9a7-d9b86afaf42c,54b6e673-584f-4030-af7d-052c75277798,8,1,11.55896664635577,0.8938524893054458
c4bac3bd-820c-454d-9daf-50151d42c6d7,2023,2023-03-01,20fdaaba-bd75-4d6e-bf13-299d2f1704ef,07ca1d8d-4805-44f2-90ed-b18eedfd097b,15,1,17.268469755528777,0.978125134561149
cf9830e4-88b4-4081-9f60-ee918bd5ddcf,2023,2023-03-01,4a3968bb-0d67-41c6-af5f-7ac59ae5cc3d,5efbece3-af1d-4f3e-8930-388ee4604cac,-5,0,-7.567184750274639,0.18867068962879913
d1a3e894-a7c1-4092-812a-86dd89ba0eb8,2023,2023-03-01,894f397c-9c66-43c1-9223-fd405e35b0f8,bdf949ac-7376-4c1c-b4d1-a2b6d1142a71,-2,0,1.1600070970953835,0.5958033050119591
e940badc-175d-481e-95d9-19e4122d0458,2023,2023-03-01,927f9c80-da40-44b1-834f-ea1d457600d3,f14e71df-6c53-4abe-b789-c0d73a44b276,37,1,4.531903834860023,0.6530756014802296
fbea3ec0-fcea-4d55-b3ff-67df441a5e1f,2023,2023-03-01,393745fb-1951-4506-ba94-c10dcd66ee50,61442116-53fe-4490-9f2a-17aad40fb68b,14,1,1.6066250493319147,0.6057317343423854
02ee948a-7035-402a-b567-6531917cad13,2023,2023-03-02,7970fe41-5393-4223-935a-46250b8a26dd,77dbd2b6-8c48-42cf-9cfc-6fffa07402bc,7,1,4.587991581199653,0.7246961657897619
111b8ebc-7d1a-421e-8d50-b7759d50f432,2023,2023-03-02,9c36dca1-e045-4592-9000-60f62b244bf1,8b6e9436-9398-4b24-b6a4-24bba0c8eac3,-10,0,-0.8570653278099611,0.41108825397733617
164c7dfa-0fcf-42c3-acce-4a0c07d724f4,2023,2023-03-02,389dc2a8-706f-48c0-8579-33b1857c38b4,2f8127bf-68b4-4cd4-bb81-d18b7f461cba,14,1,11.413570165610295,0.9060766724499643
1bba0b31-4f60-4c4b-9ca7-99e4fe18090f,2023,2023-03-02,d6fb85c8-3e1a-4375-a5a6-b293e672533e,75db89bb-f85d-4726-b2c5-e7f61c8115c4,-26,0,-8.368164681895275,0.1847068643044714
359f7981-f470-4660-b20c-d38544fe3c9e,2023,2023-03-02,e4d1f824-05c1-46d2-a96e-fd3dba7ac334,d19262e6-6584-4276-9fb9-d5690c3ca053,4,1,3.3672698554579616,0.6625240219350416
35ab47c0-c843-49db-96cd-04278bb9f27f,2023,2023-03-02,9f8c4a3a-10fc-427b-a3b9-f54bcc243010,ff27601d-133f-4abc-a42e-f55d4f497bb0,-13,0,-0.455531140234817,0.4888474229806728
362471a5-a1d2-4009-95d1-6a24f9246f91,2023,2023-03-02,40d1c23d-da10-4e19-8a9f-d69e48e05c30,5bd87308-1027-4aba-a8ef-970bf8e9ac0e,13,1,1.1088901789479155,0.5243280021700265
3708981f-7ed5-4bff-8572-a8d527981818,2023,2023-03-02,f0c6c56b-f155-45b4-bed7-e886af6e82f6,63373289-6a60-4345-8e60-c44894f4f8cf,18,1,3.310865798253038,0.678052581424043
3c26947d-127f-476e-b216-ab713bb039af,2023,2023-03-02,a0454954-f558-44d1-812e-59b90041128d,bdb8394a-cc25-448f-a1b9-ef5fe40bb204,9,1,2.7426897188028962,0.5974735630070971
3c87b27f-4dc8-4beb-8b39-e8b7f890cfa1,2023,2023-03-02,bea9ec66-e41d-4afe-aa79-8a5b0f020811,d42bc01b-0728-409e-8ce3-c205d30493c1,7,1,9.939080687239128,0.8610870980143412
3dfd7de7-d94b-4876-aca1-79f59f3c6aab,2023,2023-03-02,170f63c1-c0da-4464-9352-7a33c5e2b3eb,f9620376-5493-4730-bf10-8b6480bd3e43,-5,0,4.839159038480385,0.6288835286405584
3e9d6ba2-9527-4478-9691-1418f5a09fea,2023,2023-03-02,39668771-063a-4cfd-ba1d-be18a842d5a1,7631bceb-b254-43fd-b331-b90b901b5959,6,1,11.657426627148672,0.9219505789000156
425c24d6-a7ce-44ca-b7ca-69842780a6d3,2023,2023-03-02,14900e69-e972-4137-8f13-5ef152e0075b,e81d4510-e1ee-4dbf-9b00-28fe6eedbfb4,-29,0,-14.19047442560399,0.06600915462488671
44f9d52c-c6ee-4b0b-8bf0-ea3f754e3139,2023,2023-03-02,80cec103-b3b1-4978-9b4a-f1ad161630fd,143599fb-b821-43e4-b0ee-2f6e521ddb11,-29,0,-0.9831334889364012,0.4901378025669307
45dcb6c7-f1a8-44ae-bea8-691b40e07c1a,2023,2023-03-02,9988778e-cc80-4486-aad5-9ebdf21f2965,393745fb-1951-4506-ba94-c10dcd66ee50,6,1,-1.1856258882007589,0.33965828951075844
489aef1c-7550-406f-9229-fe16a30c196b,2023,2023-03-02,067fed65-5ce6-4ac2-b769-11805417f5ce,218250de-64b1-4e7a-9b64-e426441584e4,-1,0,8.043680222186325,0.8209220054674456
54d0c933-f71d-414d-8c08-2b72b2c5b8b0,2023,2023-03-02,8d694562-759b-462a-9766-ac29e999df71,eccdef36-c666-44f9-bd7f-17e4e33e2def,13,1,3.8897208549370474,0.5969401482822561
59228190-be4d-40e8-93c8-eaa07db35200,2023,2023-03-02,29613880-f1b8-40b8-a09f-a825765c5e40,f3eafab2-d52f-4409-b7ab-63598919e46d,1,1,1.834135057129415,0.6029512000676117
5aa7a211-8bd0-4117-9ab7-9dc7cc437e98,2023,2023-03-02,252b92fd-b788-4b9d-9cf4-94b7e591640f,2cb246a7-863a-4dc7-ab3d-eabccbf12019,5,1,3.8262473351581314,0.7442119162074973
5bcd1307-6193-4bac-a215-8427cfe5cd52,2023,2023-03-02,873aeddf-ece1-4971-83c5-24ff228e2954,ef3cd1ae-ef09-458c-a751-658436d5dfbd,9,1,7.688513889417003,0.7852233702240088
6ee4e282-ba89-492c-a8a3-9f8d3f5262d7,2023,2023-03-02,c8e7388d-5a50-447b-ade8-addcc758d8dd,8681e6eb-5cf9-45d5-b215-af3a54ebc784,17,1,15.863433819386424,0.9628493717934062
7075f4d5-3cb5-489a-a82d-3859c86b50c2,2023,2023-03-02,89150efa-06a3-4a88-82d3-26b3797ada35,4fbf8f67-3961-4bf4-90b3-56c201b1283f,-1,0,6.84526282571711,0.7324595727024579
73e530e5-e2fe-428b-995a-0580f370c9fe,2023,2023-03-02,f62a4b7d-6f85-4607-a748-854c9b8c0c5d,ca0af9b0-0073-4e1c-baf8-a15069168abc,20,1,3.728820956235894,0.6480018121025283
746c3831-5ec1-4d7c-a1cc-c9bec32c1b32,2023,2023-03-02,24b5ca48-c4a7-4e8d-8fff-c02904c11b7d,e22f605d-41f6-4e5c-915a-987ad0c44569,-4,0,4.0151946020327385,0.6761034912319327
78cb2b65-9317-4322-88d5-3612f398c1a4,2023,2023-03-02,c21e5ab2-08dc-48f9-b923-9526ce89d623,4db0dce7-2ca3-42fd-b71e-f5e13debacfe,-19,0,-8.94804602689314,0.18001051668373697
81a11f3b-dcbe-4cea-81f2-f91547134bdd,2023,2023-03-02,ef9503da-6c3d-4207-ba0f-3cf770627dbe,445a7698-bd20-45f7-9c62-e0ca0057e959,39,1,20.29530063651244,0.9825602424536614
841f4800-c8fa-4767-b078-9c73ed53e9e4,2023,2023-03-02,0d002e4e-eb5e-4b77-9116-89839d4f537f,e1e53055-037a-4acb-82e9-552f8abd6635,2,1,4.6457501176606035,0.6200101196306013
8a52b4c3-698e-4eaa-858d-119c139226ab,2023,2023-03-02,9a193882-d061-4d9a-b1d1-da7a483f7cf6,4763d2f0-5ee2-4763-8617-946f08bac925,-12,0,-0.12024008012863387,0.4949532089221631
8bb15062-c1bf-44e9-9980-fe14bf0ae83e,2023,2023-03-02,f4f493b9-00c9-48e9-a9c8-934ed203169e,b4194217-55eb-45bb-b105-160e06f0b625,33,1,20.151740076520696,0.9845130344012781
9314c016-16b0-4584-9ec2-b374b6c77a04,2023,2023-03-02,9a68215b-c4da-4c48-8fdd-6f9862b46f80,fe1d1802-ae97-4c4b-8c1a-aef0cb3c5646,18,1,12.863437586301208,0.9196195633741191
9c02196a-ef3b-4a10-bdda-d0abb6db8ae5,2023,2023-03-02,14e4e2ac-f90d-419d-9b14-9a9e3ba13b59,251330f1-c041-4520-b4a3-114f8f6b2ccf,-23,0,-5.40632907922892,0.2534642446143188
a812ff0a-d8d3-43f4-8115-6f1af2bc573f,2023,2023-03-02,a8ab3f0c-a155-4d9d-adf9-5593435a0152,6aa9d05e-84b3-4e72-815b-fe3dd02b1e03,-3,0,-1.2714672735586428,0.4843395951022497
ab1c7625-10f1-435d-8144-a4a5dad65ee7,2023,2023-03-02,f51695f1-a8ee-4f8c-b518-879ffe6b0dca,1900d158-6fb0-407f-a2df-6e37a1db2dc3,28,1,4.251049896463541,0.7366938914962541
bf84e3da-1ade-49c4-8d4d-3a88b25c7a43,2023,2023-03-02,34002612-3816-4311-b39c-41d24ddcf17f,71bfb11f-a38d-45a5-914a-5006c7417da4,5,1,2.9125283584017416,0.6095635532219514
c22454eb-d02e-40e7-9a46-447f240a9360,2023,2023-03-02,e44bc5f8-7dc1-4aac-8beb-924a7c5ee465,c3807661-da5f-4ce7-af5a-e086fc56158a,17,1,1.8315319213931034,0.6497056399818586
cdebfa1e-ea7b-4d84-8e1d-10d1607b85a9,2023,2023-03-02,48e9401c-d41f-4f19-9358-0f41a8d74ea5,db22a3b8-fd13-44f3-8968-9aeb04d833e7,-7,0,-0.06045170512730836,0.45530390248489516
e86d3235-d96e-445c-8e2a-d2393e884482,2023,2023-03-02,958592fd-5c16-45ff-90b4-3242687743e9,6c796971-9e91-4507-a6ad-9699cb1ed2b4,12,1,8.772307277444256,0.8318208385918567
eac4ad3d-94df-422e-a694-64018571a39e,2023,2023-03-02,4d964b45-0956-4e20-9bb3-92d90690ea01,63b38daf-556d-4012-93d1-faf2cc5da515,-10,0,-1.4549998123706536,0.4267536513667241
eba43684-292c-4001-bfae-59bc697c1ed6,2023,2023-03-02,fda4e988-3514-4913-8f5c-1c8db7f59165,cf67c587-9808-4deb-9419-41a1a58f81f0,-7,0,-10.543189271140065,0.09217666247404933
f0b69365-7d35-45f5-a737-9c6aa99ca0b8,2023,2023-03-02,304b93c1-4157-43db-bc99-6f2b071e4429,892bcbe8-a66c-4c57-88ed-c82e0c13706e,19,1,17.55366486591819,0.962816276261608
f13e31ec-098c-440b-96b4-b7dad9621f40,2023,2023-03-02,eefb221a-cb2c-47a8-a13d-1f008fc6a8a0,48ff6f70-fd07-4a02-ac71-b973f0ea0451,17,1,9.163652930443671,0.7407679747931138
032acb36-6829-45d6-9742-bcae8ed64c85,2023,2023-03-03,45f03492-2831-493f-8176-63dfae6670de,9c773261-49b7-48c8-816e-3e3260997d71,-6,0,-2.758967877928002,0.36154347035487727
0a861a6e-075e-4a79-a551-7756a74f314d,2023,2023-03-03,a5600159-b71d-473b-92bc-8f7ab08f897b,f0c6c56b-f155-45b4-bed7-e886af6e82f6,11,1,8.806370940179491,0.8302599111133511
0e37431b-6208-47bb-ba82-c72389fcd690,2023,2023-03-03,a61813fd-4a0a-4112-9fe9-2d33fa01a9aa,348c253f-b663-454e-9b7d-051280f46334,-13,0,3.779942308142616,0.6326194606958769
1a27b9df-f433-4b31-8ea9-362f2319bf03,2023,2023-03-03,97cd7805-e5a7-4739-97dd-116010ceb9af,40d1c23d-da10-4e19-8a9f-d69e48e05c30,17,1,8.550177391186732,0.7383464131833671
1a5802a0-08e5-4cba-87d3-d1819a1fcc04,2023,2023-03-03,3950a3d3-d1b1-4dd9-bf4b-2356ed344246,105b326b-5a9b-4c89-a5ec-7e020f9e72e9,20,1,14.93933776724871,0.9440329919982627
32747ebf-0e02-4ebd-bad8-9e7607c0a12c,2023,2023-03-03,88205ce6-ad31-4ffb-998c-fb9164c40dea,e0accbcd-bd68-4bc0-a2a3-3c32753815b5,-36,0,-2.39782666533689,0.32110317421622564
3dba6909-4894-4b19-8a4f-f2b7db0b40bb,2023,2023-03-03,e39dbea2-e913-4bf0-9407-8ef31b60b82d,aecccfce-5e00-489e-87e1-2622303b6120,3,1,6.792986914420874,0.7891833233257551
468efd10-56f0-4ff0-946b-6f64f7cdaedc,2023,2023-03-03,db9252c1-9697-4f77-b192-93b1badf442b,be0c2be1-019f-4c49-9ef1-92f53c9c23b0,16,1,4.511678836910518,0.6722523508413067
57293e00-3704-40a1-a458-7636e6c77d2f,2023,2023-03-03,a15edd2c-08cb-44fc-81cd-ab493e8364d6,a35d0124-2cd2-46ab-b613-2438a97b6ddd,19,1,4.3219213509801735,0.6168042009119428
5f12b28f-fd84-4568-9ca3-e29e7f537fb7,2023,2023-03-03,3016ba37-71e2-4de3-bc39-86d07a8a3e44,474263db-dab8-4b0d-842a-548132e82b33,-12,0,-5.5454417358242525,0.36214618251002323
655cd82f-d102-4ba2-ae09-92476a12eeb0,2023,2023-03-03,3d8ed3b6-e3d1-4a7e-b179-fdc92e2640e7,fccaf1a2-1439-499c-87a3-1615684518bd,4,1,-0.5693658985584211,0.50293758994202
69bb2750-9e28-4f0f-8208-8583b88930c6,2023,2023-03-03,208232bc-9495-4351-b34b-874117e7ab9b,7b4d1f71-de6c-49c1-a95c-de84c4aa46a5,5,1,3.1832619072100936,0.6797490036163245
6ab9a678-15bf-4ed9-b715-38809351ca30,2023,2023-03-03,927f9c80-da40-44b1-834f-ea1d457600d3,b13d1921-03e3-4f47-b962-4e9951de7510,-10,0,2.0528546618479284,0.5551497313590643
76ac26a0-7690-48e6-beb3-12d4631554e3,2023,2023-03-03,4a1337bf-77da-4acc-8a27-5f6ee2d1db60,eefb221a-cb2c-47a8-a13d-1f008fc6a8a0,3,1,-2.9534110317218323,0.31618605033813685
88d922e2-2131-477e-8afc-d1f28abb233e,2023,2023-03-03,11018b71-58b8-48c1-aafe-d3f42d4dc4b9,7bf0273c-57aa-4412-be01-e0e08fb7cd81,9,1,6.6831693435877835,0.7468814057084315
916e2211-0f14-45c4-932f-8ad9cb0be5fc,2023,2023-03-03,99bac3ff-1929-4a83-a593-5c1e123a25e6,75608756-6246-483c-8138-59d3749a8d3d,1,1,-1.3466933990089962,0.43482269062593737
96053371-b261-4ba0-8fb2-197db5f8e26d,2023,2023-03-03,c84adc87-6cd7-4df0-9245-59fa829300e4,ef9503da-6c3d-4207-ba0f-3cf770627dbe,-3,0,-5.177284511167814,0.35142417180264546
9a428b7c-2d74-49d7-8b3b-2504e4d47fe6,2023,2023-03-03,0621d617-e31d-4e1e-a043-a11af2f706de,66f42ce4-3183-445f-b7db-b673bfb1fe7b,8,1,0.08776191394341754,0.521746346706661
a6dcef91-9a51-496d-bab9-33ce89baca4b,2023,2023-03-03,d13063ca-830f-4027-a1e1-7961d39c81fc,34668727-07c8-40ea-adb6-3541d9d7f32c,9,1,7.624221946048438,0.7262206143897996
b18e597d-f49b-44b7-a827-abf9874e1195,2023,2023-03-03,e823a53e-c3a4-40d9-b40a-4d7eac69e962,428b85df-3b5f-4b21-a384-f1bd53f95d19,-7,0,3.753664395459457,0.6337308964310705
bcc6a2c6-fc2d-452f-b85b-31d14dc27f3e,2023,2023-03-03,c1ddb62d-8103-4ef4-a556-df9238531bdf,410b3365-a1a1-4bca-b3fa-52270a02f75c,25,1,11.415313375315847,0.87234766489713
c11724c2-d219-48aa-aacf-5b01cf0d5e2f,2023,2023-03-03,12a96cea-6b94-4165-bfbc-3fbee5bd51ab,d5e2b5fa-8cb9-45b6-a822-4e64c46bc8fd,5,1,4.486778351570497,0.6792172053286278
c97cd256-6f20-4f3c-a30e-584dc48f532e,2023,2023-03-03,e383f809-990a-4dd9-85b1-4288d45884e7,53ee55d0-23e8-4eac-8ed1-12721a3dce65,44,1,10.297620594755038,0.8645239773858262
cc1368ef-726a-4a90-b4c1-d3b2d3ee2763,2023,2023-03-03,a757dae2-f596-4065-9e29-b365b91af590,89023aa7-6034-4d33-96dd-3566c7afc79f,34,1,10.97619570126602,0.8896247467396603
d1978cc7-5116-4624-bdbc-473dea371437,2023,2023-03-03,a1fb658f-49be-4887-a725-48a42276ac48,21051f5e-6142-4894-a3a9-09bada612b47,-15,0,-2.7515735117558906,0.3132817979085332
d4aca232-8f41-4313-890c-5c80196e2da3,2023,2023-03-03,d3246ba0-2060-4e3f-addf-f8704b79380e,3b586230-34c7-417b-bdcb-3245c5a8de8a,10,1,4.188384241067936,0.6675397242086646
d7654177-1c9a-448b-9aa6-a80197c951ed,2023,2023-03-03,55f602a6-b8f4-4fc5-b30a-9a23ad91a2d8,f51695f1-a8ee-4f8c-b518-879ffe6b0dca,12,1,13.345682981111516,0.9106112338334705
d8032574-d47c-497b-a2dc-8ff8445a5815,2023,2023-03-03,f14e71df-6c53-4abe-b789-c0d73a44b276,9b92c0ff-02a8-49a0-bb79-32eb70b7681d,24,1,8.6969371389529,0.8081024343872806
e71ab29f-0cf5-4f83-a775-cb89627b3a25,2023,2023-03-03,599c2f7f-3472-4f93-9807-39b33c575236,8d694562-759b-462a-9766-ac29e999df71,6,1,10.291778550248528,0.8592504294061183
f046f3ae-c074-4224-a86c-1af14dc3a805,2023,2023-03-03,3ad98900-f406-42a6-b9c7-7a2d3f0a9867,6359c55c-0527-4830-8bbf-51141c0ff2a4,18,1,9.192551133824345,0.8866407044394607
01e4595a-bec1-4618-8f51-9d7190b8c189,2023,2023-03-04,bb82a5ec-96c1-460b-a414-50e0d2b6b1a4,5a36a71a-5c48-4f55-a80e-17e194f320ac,3,1,2.970684062765121,0.6967775493853317
040eeb39-bddf-424b-aaec-6da5e63c9745,2023,2023-03-04,15d2579a-33fd-4772-9d78-e929a093bd79,1cddcec2-cf89-4c5c-9810-d148c368b08a,2,1,10.099820285785551,0.8833679028742326
0669e0e5-7b77-4aff-b06f-00dde75af3b0,2023,2023-03-04,3c06c3f7-a7c4-4179-a9a7-d9b86afaf42c,c282b887-5bc1-41e5-8a0d-15287474de7d,20,1,7.32431323535263,0.765976270909232
0786a3ad-7744-4045-986b-9a554a280670,2023,2023-03-04,f7d3e028-cab6-4277-8d9c-799f5bec0712,8e941979-021a-4b68-ab5b-5ee34fe0e06a,6,1,-5.320123721677386,0.24473209155957457
08946765-d6dd-4e39-820b-1d4d629c9259,2023,2023-03-04,7e4e4039-a37d-4b42-80aa-0fc18e241eff,edd0d0e3-31f0-49f2-a22c-b47c8e8ba9a6,3,1,2.175290237488603,0.5702066960565414
0b992a25-1f13-4eb9-8d5d-eaa677988618,2023,2023-03-04,bce5e657-8430-4508-b956-64ed47e82de9,015de200-e75d-4f5c-b26f-60089691f965,13,1,0.8882613766563087,0.5412381324614857
0dfeea37-f38b-4faa-a997-79a71d7f47e8,2023,2023-03-04,14900e69-e972-4137-8f13-5ef152e0075b,f3eafab2-d52f-4409-b7ab-63598919e46d,-7,0,2.596858804058805,0.556020434644679
0faef171-9289-4ca4-9530-d8a7dab9fff4,2023,2023-03-04,d13063ca-830f-4027-a1e1-7961d39c81fc,99bac3ff-1929-4a83-a593-5c1e123a25e6,4,1,3.3395610137262755,0.6506292850648324
10e65d86-b4ab-4138-ac7c-17c5a22aca00,2023,2023-03-04,b0eb9a16-e704-4784-bc96-af277fccf122,d5e139fa-05e7-4c6e-b083-5261fa76ee6f,14,1,2.7372129745317224,0.5985538254509998
1230e34f-a377-4ba0-b196-699d2af4a470,2023,2023-03-04,a2362a90-be36-417a-ba1f-0cd8ca99ef80,72c1f395-5916-463b-8353-47b99a272098,22,1,-4.055919443162626,0.43152943238401914
238729fe-9651-45a1-b2d7-d85ce14de1a3,2023,2023-03-04,f4f493b9-00c9-48e9-a9c8-934ed203169e,251330f1-c041-4520-b4a3-114f8f6b2ccf,5,1,8.781661513052233,0.834321903227381
2d269037-a03f-40b1-a374-8b0d910f2280,2023,2023-03-04,ed26e9f2-0346-429e-8084-a40c091454e8,97cd7805-e5a7-4739-97dd-116010ceb9af,-6,0,4.1197024942233105,0.6997219272328705
2dc49fff-0548-4ca1-a521-cca07208b396,2023,2023-03-04,9c36dca1-e045-4592-9000-60f62b244bf1,e22f605d-41f6-4e5c-915a-987ad0c44569,-8,0,3.1563052334300847,0.6067199809748666
34af223e-ec81-4ee1-bebb-dd289e3feacb,2023,2023-03-04,b349d38b-bc08-42d6-bf21-e6c826c45b62,9874a1c9-7e78-46e4-8d3e-6fce94e7046c,6,1,4.797682597831038,0.7351809757346569
358d0fa2-20fb-41c6-a2bb-a5315372ab16,2023,2023-03-04,173a69ab-4f3c-453a-a1cc-8b83c0ee2b49,c20e9648-8980-4cb8-b139-4343f24b2e91,2,1,8.69591952063839,0.8227402268226405
361a3910-c356-40b2-a4a3-b80e28e97fa8,2023,2023-03-04,24b5ca48-c4a7-4e8d-8fff-c02904c11b7d,8b6e9436-9398-4b24-b6a4-24bba0c8eac3,-5,0,0.751827819026085,0.5141468569384794
387fadcf-24aa-4ea1-8b4c-931b70cd4cbc,2023,2023-03-04,29613880-f1b8-40b8-a09f-a825765c5e40,e81d4510-e1ee-4dbf-9b00-28fe6eedbfb4,-4,0,-11.447241126225396,0.11321286161454536
39497472-8895-46c8-a85d-ca6e3ec8d9f6,2023,2023-03-04,170f63c1-c0da-4464-9352-7a33c5e2b3eb,2f8127bf-68b4-4cd4-bb81-d18b7f461cba,12,1,0.7099404931923482,0.476814896943249
3d93beb9-d635-4e81-9491-7d1885904d08,2023,2023-03-04,c9739eef-f828-47a4-bcc0-548844cff9d5,9d09ebd0-f5e4-4022-b315-aa3719219b6a,9,1,-1.2660634857141202,0.40243459476293675
41a4c850-b380-4ea6-bb6d-6c6891e48af4,2023,2023-03-04,247817ad-6065-4e8a-80e7-26c838de4153,c238c9de-59e6-4d8d-b9d0-745eb8ec96ab,-14,0,-11.900093701391016,0.10916313461712243
42b5ddbf-cf98-4030-a376-c7d348465902,2023,2023-03-04,043e8015-480a-461d-aae5-6cb149237466,40fe605d-085b-468f-aec2-614432798d3f,12,1,2.5130147402612204,0.5470469657468932
45caa06d-8287-4bc0-8e7e-f12a45273d5b,2023,2023-03-04,7d7d8e50-802f-4f7c-aedf-3116a743e835,c79c0f1c-2685-4621-a2d2-476af53195cb,14,1,15.464298281435408,0.960976316372984
46be9c14-3f38-42be-9fbd-6f8444fac633,2023,2023-03-04,23328a3b-6bde-4b61-960d-5c45fab4d16a,d1f5a19f-6263-4ac7-9ceb-e1339595db2f,23,1,8.879468909850269,0.8501189288243735
4c8190b0-5342-49ab-9aec-fe4aab35f07d,2023,2023-03-04,3c7653b4-ff75-43ce-b3db-0654e938bcd3,f6ffbdfc-4780-4966-b75f-aa6ff30a7928,-15,0,6.936635451227929,0.7917584013859831
4d66d74f-de54-4012-b38a-3c8f7e5ad06d,2023,2023-03-04,1a2c070a-303f-434e-a50d-c98ad9d9f88d,814a38f7-2f64-498d-b6d6-a9ae4df96850,-15,0,3.0466191987198084,0.5983385196540368
4ea6a38c-5cc2-41e8-99f7-5b6d4a76582f,2023,2023-03-04,e62f6be3-07fc-4d39-9d92-158e9218c40a,143599fb-b821-43e4-b0ee-2f6e521ddb11,-3,0,6.561278198572148,0.7512696729247073
51523b1b-393c-48cc-9fc8-070bb6c618c0,2023,2023-03-04,20fdaaba-bd75-4d6e-bf13-299d2f1704ef,1f74189d-a265-4a43-9a13-b26dc844746e,11,1,5.746496791286807,0.7057895707646679
5179da97-ed65-450a-9a32-f4c991f31579,2023,2023-03-04,b462e428-f59b-4465-b793-4cef6f10cf66,d739e8c5-4395-4b08-b8ca-445d1a57a451,-4,0,-0.7868029541391127,0.4487074362553896
562acd21-b867-4a93-86aa-70a3b38c3c70,2023,2023-03-04,14e4e2ac-f90d-419d-9b14-9a9e3ba13b59,b4194217-55eb-45bb-b105-160e06f0b625,3,1,7.855991495427342,0.7983657685491423
5ae36ddf-5e44-4da9-b834-bec036d0a032,2023,2023-03-04,ff27601d-133f-4abc-a42e-f55d4f497bb0,304b93c1-4157-43db-bc99-6f2b071e4429,-2,0,-9.612432530358005,0.16789956768476194
66c96041-7b78-46c3-96e1-df2898205234,2023,2023-03-04,762cc817-6e37-4650-89d1-6bff265dd1b3,e10bd2a0-5b84-4d41-a1ef-08b801a04039,-3,0,0.8392880748579645,0.5928519163987319
6bae2952-8932-4c0e-9705-fdfc5cabccbb,2023,2023-03-04,7a193c3e-c732-47d4-b893-cc0c575ff431,2dba4db9-bc1f-41f7-b1e5-8d94e117c1e9,22,1,15.498546571734385,0.9430947789821623
7e25541e-de89-47d1-94da-2e51f1dc4d9e,2023,2023-03-04,4b5bb58e-38b5-4132-b2e0-876169cd4017,bc48226a-5e03-49d2-aa5a-550081373e7c,-9,0,4.288191515714894,0.7088122142259362
8534344b-dcb3-4831-9234-d21e37e62ad4,2023,2023-03-04,325c1fce-e70b-481c-bc59-315b7defd4ad,7970fe41-5393-4223-935a-46250b8a26dd,-17,0,2.143961820498152,0.5592116537686567
85d7bbb4-975a-4d1e-a2c3-26332e92d2f1,2023,2023-03-04,e145a47f-597f-46fe-b58d-64dae192efc0,66ad8504-16f3-4990-9abd-ff1e776dfb86,13,1,4.213644492538373,0.7043994875905093
89713502-d418-4711-8b9f-d9025d54b3d1,2023,2023-03-04,bc1a0cad-570c-477b-93fb-2050c0e2f9aa,175f9186-422d-479c-a771-d9f218a1a87b,21,1,5.414357885286776,0.7212381233683979
8edb0fa5-7cae-4927-8b70-510ac44deb4f,2023,2023-03-04,218250de-64b1-4e7a-9b64-e426441584e4,3fb4c1d4-021b-4e64-a997-b47421257d4c,-5,0,0.7595020657454533,0.6049933500553429
94a7f7e0-4d1d-4943-9c6d-9f0792c554f0,2023,2023-03-04,96babb60-08c6-42a2-becc-a075a465dcc3,a0454954-f558-44d1-812e-59b90041128d,18,1,7.694890589218485,0.7462177506728083
98ac1b32-bf34-4457-921e-3cdcaf368217,2023,2023-03-04,57f7bf85-91b0-433d-b843-94485a520954,ba34e76d-5905-4b7b-9c5c-9e014d969c91,-1,0,7.250207240059796,0.8155342933328693
a57662dd-f7f7-4a5f-8ef7-fbe01ce4ea11,2023,2023-03-04,ab66209f-04c2-4600-99c8-cc177f001266,526a8e73-78d6-4268-9f89-6f7d90e5dcd3,15,1,19.560734650673574,0.9883683630531085
ada2fa77-77fa-4545-a2af-df8c89a3355f,2023,2023-03-04,7b423c28-572a-4a7a-982f-3d59e0fb25fe,894f397c-9c66-43c1-9223-fd405e35b0f8,-3,0,6.427404590550015,0.7177782587776609
aebb97e2-65bd-40ae-8f7a-e3ef22a0dcbb,2023,2023-03-04,bf2aafb4-bbb6-476f-acfd-8793128f565c,fe1d1802-ae97-4c4b-8c1a-aef0cb3c5646,3,1,3.3440270475687472,0.6665958345057783
b1373b59-eff3-4e98-ba48-03f869c68b9f,2023,2023-03-04,3bc40b20-71e2-4fa2-9c99-8e0b6cc3460b,cbb7e0c8-4326-453b-9357-a01df1076809,-2,0,-5.585901105797265,0.3046297295245003
b4de97cd-5a61-4f8c-a7f8-c929513a2823,2023,2023-03-04,05300c53-1c99-44fc-894f-5d062cc9254d,d6ec4d5f-7d79-4064-be14-71636bf66d75,-24,0,2.458781947538708,0.5795663198473121
b669b662-7f8e-4744-8826-280decad397c,2023,2023-03-04,a4574b8e-6d1d-4ed4-a947-b175f74c6387,9cc36a7f-4ac0-4523-b7cb-99b33fd2fb4f,9,1,-1.0498660383270741,0.4972792703990889
b6a2fe20-ea68-4dfc-91b7-9587c9cecbc4,2023,2023-03-04,dd027a18-2cb5-45a3-a0ce-f3f9eb7bde2e,407f6796-76ab-4c28-8f30-cebbfbe534dc,-2,0,5.757912713499819,0.7521581552368749
b7e963f9-602e-44a3-804b-dcd53e43e4a6,2023,2023-03-04,320ba34b-ed3e-49e5-8563-08246b20d1d1,6c796971-9e91-4507-a6ad-9699cb1ed2b4,-3,0,5.540853503215192,0.7066694779236745
b855bec7-9d38-4627-b92f-4104e0cefac3,2023,2023-03-04,7dfad569-05d6-43d5-8f47-defff4a50649,474263db-dab8-4b0d-842a-548132e82b33,8,1,6.071640226202692,0.5845882997861779
c178ebbe-5e43-4f78-9a18-16ab66b6225b,2023,2023-03-04,07960f6e-9ad4-45bb-82bd-06f477a011e3,35329519-6dde-40e0-b790-2b49aca6673a,36,1,11.909993739644948,0.897156990498466
c4621a1b-47a1-4e78-a876-a3699e0de581,2023,2023-03-04,892bcbe8-a66c-4c57-88ed-c82e0c13706e,21bdd018-a21f-44da-982a-98efb6d24ca1,-12,0,-1.8641517740920224,0.4201191851419819
c9605429-e5b1-4b3a-a0b8-5d8ca4a25e7e,2023,2023-03-04,4a6135ce-718a-497f-924d-23f4797243ee,fc903652-4ae3-4b36-82b8-fea6345f3b2e,31,1,12.069842024818325,0.9155719795432269
c9bc6784-ec9f-45d1-a31d-933b29322105,2023,2023-03-04,888089ca-9632-4e33-856f-b210b1d946cb,43c4f9a5-d6d5-4dd2-bfac-0bd3adaf79f7,12,1,11.939024432534312,0.9253603692784145
ce0fb6a9-af4f-4e6e-9be3-e65b6e2970cc,2023,2023-03-04,127a96c4-6d95-4519-ae56-77c271aeea23,bfd30209-fc33-44e7-a4be-7d2be91b2842,-5,0,-1.9484562682964912,0.4115737541929346
d3604218-9559-421e-a158-2312bc47ae97,2023,2023-03-04,9f8c4a3a-10fc-427b-a3b9-f54bcc243010,067fed65-5ce6-4ac2-b769-11805417f5ce,1,1,-5.500877298946238,0.3131373035028084
d5f7a0c8-30b4-4426-9dcb-505c5dd02a06,2023,2023-03-04,d92b9143-ae83-4c94-b9c3-d1cbae1b7565,c1ddb62d-8103-4ef4-a556-df9238531bdf,15,1,10.514114259013658,0.8697523482543322
d690d092-a432-4861-b492-25d4381467cd,2023,2023-03-04,599c2f7f-3472-4f93-9807-39b33c575236,ef9503da-6c3d-4207-ba0f-3cf770627dbe,1,1,-1.247739622101696,0.41386155289972876
dd3058a1-759c-4e17-a469-1adf13a3fb01,2023,2023-03-04,d1838999-77de-4a4f-9d66-e6071f5a079f,030a591c-8164-4635-bb33-29a4c98e0b5b,8,1,4.593894870047723,0.631957172929954
de92ccf7-9b61-420e-9fdf-b995842857cf,2023,2023-03-04,a8ab3f0c-a155-4d9d-adf9-5593435a0152,d7828b57-33e4-4922-bfdd-4780151816ed,1,1,4.86827078729822,0.7279697653547388
e09547bf-6813-4d41-b43d-15d56f512607,2023,2023-03-04,b1cd7b83-cc64-42a8-b41b-45343632eee6,8b7efe80-a558-4a31-90d4-b59ad2ffdcac,-12,0,-10.390393941273167,0.14973108534631763
eb12b2fc-3347-44db-9a75-ced087ad1e0f,2023,2023-03-04,bb243294-1aa5-46dd-af42-c3676717c61a,3950a3d3-d1b1-4dd9-bf4b-2356ed344246,-3,0,2.839153005319881,0.5852230359988398
ee16cbcf-3447-41e6-b5a0-446c326d8416,2023,2023-03-04,bdf949ac-7376-4c1c-b4d1-a2b6d1142a71,295728d9-e6d3-43a5-a29d-26c403f073cd,-14,0,-3.900429939719012,0.3776944804122424
f1205468-3697-4b92-a42a-2533ed3c50aa,2023,2023-03-04,389dc2a8-706f-48c0-8579-33b1857c38b4,f9620376-5493-4730-bf10-8b6480bd3e43,34,1,16.65774221752199,0.9532769468029508
f452269d-ee43-4378-b795-249749786b73,2023,2023-03-04,9cf58c59-1075-457a-b79e-942b453b75d1,712e6366-f137-4f9f-a647-831a2797543e,-8,0,3.927003581260553,0.6522756606135027
f96767fe-435c-449f-aac0-400232e5bd26,2023,2023-03-04,1b6320e0-71b4-46c2-9fb4-0c801f4c8770,4d964b45-0956-4e20-9bb3-92d90690ea01,-1,0,-4.100394473822663,0.35216732286261515
ff71ddf8-a2a0-400a-818d-fd630f538fcb,2023,2023-03-04,6d0447fe-c13a-4ab3-b46e-cc2a08eb057e,a81b1489-4c0f-4a3d-bfe8-a9efcdb13d79,12,1,4.172336645225458,0.6450481370720832
ffccdae2-82fb-47b3-a478-050fd5eb6a19,2023,2023-03-04,805b30dd-e009-4031-8968-ef4d8bbf928b,297b5678-ce67-4c02-bfc4-2ccec5343d09,-9,0,-2.7858698463208387,0.27783601618388076
0c71d736-c2d9-413b-81bd-6a6b5adf511e,2023,2023-03-05,f7352462-5710-45c3-bd64-969e67428b1f,aecccfce-5e00-489e-87e1-2622303b6120,26,1,13.328251765242676,0.9222407392987283
11f44d50-a1db-4348-8eaa-8589ab9aa080,2023,2023-03-05,599c2f7f-3472-4f93-9807-39b33c575236,55f602a6-b8f4-4fc5-b30a-9a23ad91a2d8,-26,0,-1.3112157840280807,0.44919859984610205
26404eaf-0942-43cb-9f13-0ca551451ced,2023,2023-03-05,7e4e4039-a37d-4b42-80aa-0fc18e241eff,7970fe41-5393-4223-935a-46250b8a26dd,-9,0,-0.06733512442426844,0.4621164102475094
38a255e9-7280-4409-ac0f-0387cc687668,2023,2023-03-05,cd2892b0-c423-4723-86bc-3988015a8015,e4d1f824-05c1-46d2-a96e-fd3dba7ac334,5,1,7.475623103953114,0.7447340010402737
461d4a85-99bd-4b6f-97dc-c29801862a24,2023,2023-03-05,d13063ca-830f-4027-a1e1-7961d39c81fc,348c253f-b663-454e-9b7d-051280f46334,4,1,3.0367197373709014,0.5577882123599451
4bf69084-4a05-4c39-9030-ddfcc3960fe5,2023,2023-03-05,873aeddf-ece1-4971-83c5-24ff228e2954,39668771-063a-4cfd-ba1d-be18a842d5a1,1,1,-5.169706451320947,0.27279943651385186
52630a0b-5787-4e40-8ce6-3c0d93279140,2023,2023-03-05,96babb60-08c6-42a2-becc-a075a465dcc3,143599fb-b821-43e4-b0ee-2f6e521ddb11,6,1,7.234190649434434,0.7280413401058472
536f69df-ae05-43be-b6db-1165c8f8e293,2023,2023-03-05,ba34e76d-5905-4b7b-9c5c-9e014d969c91,3950a3d3-d1b1-4dd9-bf4b-2356ed344246,-12,0,-3.850203435633868,0.3967000498535633
5948b9c1-dc6e-4fbf-a6c3-ea42c04611de,2023,2023-03-05,db22a3b8-fd13-44f3-8968-9aeb04d833e7,4fbf8f67-3961-4bf4-90b3-56c201b1283f,8,1,-0.6080712181362932,0.43624737461244667
6266e1f9-3410-4fbf-b696-6562b0136041,2023,2023-03-05,22641200-31a8-4bc1-9df0-8a3393139dde,27a2a3c7-c672-4a2e-8381-bf31d528c0d0,1,1,5.236023718997119,0.7252946009673645
66b0fbf9-71b4-4360-822a-384021caca8c,2023,2023-03-05,38a65109-33be-44a5-928b-459db9d9dbc7,b847237b-f1fa-48c8-a618-17553efdc228,-1,0,6.958707580428329,0.7110997304874853
69dd6ef9-d160-4327-be68-a419840bef1a,2023,2023-03-05,e39dbea2-e913-4bf0-9407-8ef31b60b82d,06ef3673-5d7a-4701-aed9-726aa07838e4,1,1,3.735649271305371,0.5674527902369506
6c72123d-7e00-4cfa-be9c-34582f855f1f,2023,2023-03-05,4a3968bb-0d67-41c6-af5f-7ac59ae5cc3d,0939b5e1-8421-4924-a8b9-9846ca06f2fb,-1,0,1.6381204344875329,0.6444133936233857
743ec1b6-f762-4580-a9a5-f2f9da7b3147,2023,2023-03-05,e7f10812-f961-4c56-b848-22cb16073f49,814a38f7-2f64-498d-b6d6-a9ae4df96850,22,1,25.05389737246327,0.9897046767266378
7dd379b9-39c5-492b-aa2b-2904189dfed3,2023,2023-03-05,b1119bba-a47a-41ed-adea-9967a72cf21d,d65c47b7-fea1-4f82-a29b-c2d4f4e48b4a,-7,0,-5.886175520798394,0.33415249989660756
7e8154fd-0f0b-42c7-a625-27cdc67ff9bd,2023,2023-03-05,8681e6eb-5cf9-45d5-b215-af3a54ebc784,ef80c085-db7d-4b36-8fd0-13ac9be0099c,20,1,6.400933970811991,0.7991242141703835
8a0263a5-f869-4bd9-b4e6-2cde632f1531,2023,2023-03-05,fc62dc2f-7404-4a85-b1d6-49d5135283a3,63b264d5-0679-4b31-b175-0c1d019bb0f4,2,1,4.53901694705815,0.6786553249917675
8a5f8f7f-55e0-4d67-8988-1a48d13db295,2023,2023-03-05,cdc199b7-a710-4c11-a6e7-2384b399c06b,d19262e6-6584-4276-9fb9-d5690c3ca053,2,1,2.3578642912581427,0.6249338934865727
9a83e5e0-fd2c-4779-840f-1af5145a889a,2023,2023-03-05,00ba2ccc-f972-4423-adaf-34e87d0f5992,bb82a5ec-96c1-460b-a414-50e0d2b6b1a4,26,1,5.569536919781919,0.717994941798197
a08eb8df-601b-4b69-84cf-4c437a7018e1,2023,2023-03-05,aab3630e-9c8d-453f-b0c8-afdfe71a5d3c,0d002e4e-eb5e-4b77-9116-89839d4f537f,17,1,13.28015686205522,0.9303706954654615
a74f9fc1-d778-43af-8b39-851f680ebb98,2023,2023-03-05,8782ac7a-e553-475c-b110-c58c7e61ddd4,d739e8c5-4395-4b08-b8ca-445d1a57a451,11,1,8.636326447192411,0.8776102292863928
b02795c9-8e4a-4436-a3c1-9ed698751b3c,2023,2023-03-05,fa0efad2-ee60-463a-a297-fb45c393e624,1e86acec-a854-405d-a4cc-d096ee03f22c,-4,0,9.115850247749432,0.85123397472172
d7d9fa1f-fc7e-4106-9ce5-2a103f8cdcb4,2023,2023-03-05,71aa15ab-9b94-4d3a-88de-3f0ae5d9a44c,81ba36f8-a53b-4696-8877-2e9bb161598a,-12,0,5.011244747891794,0.6749802402580687
db0f622b-5f97-4673-918a-0506e6c68f7b,2023,2023-03-05,4db0dce7-2ca3-42fd-b71e-f5e13debacfe,c8e7388d-5a50-447b-ade8-addcc758d8dd,-2,0,-0.9727280270324858,0.4259435610173154
ec40a9b5-c1e7-4959-bace-5604fa338875,2023,2023-03-05,d92b9143-ae83-4c94-b9c3-d1cbae1b7565,043e8015-480a-461d-aae5-6cb149237466,3,1,9.480822819658142,0.7900039027273159
f2f15df4-c18f-4675-bc26-a6e9c376a2f1,2023,2023-03-05,c8da4ce4-29a3-4f99-b827-9b55afb4e0d5,a2362a90-be36-417a-ba1f-0cd8ca99ef80,48,1,18.512497289012856,0.9774584180083935
f9a8fdba-c4bc-4834-982c-f8e11ee9f6c8,2023,2023-03-05,60cca73c-a30b-4fec-8cc0-a18b3dde7312,0ac20cc2-e801-4648-8850-2fde30c2def5,-4,0,-10.560976434400693,0.13792868798344654
fa3c581e-bf3f-4df2-8eb7-5deb1bda6f7a,2023,2023-03-05,1c48e10a-5d97-4c46-8f8b-4217683da26a,65974f84-3069-4f25-8f4b-7ccb79790430,5,1,1.742408593297985,0.6223691740974778
041da40d-2f43-4f1c-893a-4c8db613b678,2023,2023-03-06,7dfad569-05d6-43d5-8f47-defff4a50649,fc62dc2f-7404-4a85-b1d6-49d5135283a3,-10,0,5.27033897272427,0.7424263326440328
04a1c895-11cb-4e38-b286-defbd09fb164,2023,2023-03-06,d92b9143-ae83-4c94-b9c3-d1cbae1b7565,3950a3d3-d1b1-4dd9-bf4b-2356ed344246,9,1,6.042916897720791,0.7744654326475876
1df69765-c056-4132-9638-33f2f4cd2674,2023,2023-03-06,6bcb5e3d-9b4c-41f9-86b6-1f44432462b3,0939b5e1-8421-4924-a8b9-9846ca06f2fb,-6,0,7.348687180668612,0.7616327202064997
1f29dd7f-9bbd-4766-b9b8-ff27509065f3,2023,2023-03-06,41088861-2288-4681-9b1c-b52f63527faf,97cd7805-e5a7-4739-97dd-116010ceb9af,11,1,10.44156798993661,0.8841229235127179
6710e8bb-1cfc-43f0-b17b-f00c71945e57,2023,2023-03-06,c8da4ce4-29a3-4f99-b827-9b55afb4e0d5,1c48e10a-5d97-4c46-8f8b-4217683da26a,-6,0,5.865087750076308,0.7016533548330088
6e07f235-6981-4d9f-b2fe-f711ae3f4622,2023,2023-03-06,afebdb69-0f48-47d1-ac8e-740bb58c993e,a5600159-b71d-473b-92bc-8f7ab08f897b,7,1,9.663814051104303,0.8474143350685174
8b6be2d1-ea31-401f-a8ed-9ec53ae809df,2023,2023-03-06,bb0be232-db5b-490f-a3df-709f20bdfb71,11c420a2-9004-49a5-8268-6683a741a32e,9,1,4.919721862928703,0.7723647754353589
9b4039ed-d26e-4fc1-a91e-34123739bb25,2023,2023-03-06,34002612-3816-4311-b39c-41d24ddcf17f,bea9ec66-e41d-4afe-aa79-8a5b0f020811,-12,0,0.6702845819509935,0.466794172965556
9e78a3b0-576f-4535-969d-d2adc8633d19,2023,2023-03-06,39d71fee-a4e0-4399-8698-547fdb4fb256,d65c47b7-fea1-4f82-a29b-c2d4f4e48b4a,5,1,10.228882756373926,0.8717012564514776
9fec7cd9-0c8a-458e-a7b5-843b740fb372,2023,2023-03-06,96babb60-08c6-42a2-becc-a075a465dcc3,7970fe41-5393-4223-935a-46250b8a26dd,5,1,0.4739327073606944,0.47423068467632334
0072b1bd-fcbd-4be5-8dc9-563d964ec48a,2023,2023-03-07,cdac95d6-25af-43a9-a6c0-1004aaa6a183,894f397c-9c66-43c1-9223-fd405e35b0f8,5,1,5.288232369409178,0.7637289870802241
0595dd01-702d-484b-8e86-bb47cf4935b3,2023,2023-03-07,252b92fd-b788-4b9d-9cf4-94b7e591640f,bea9ec66-e41d-4afe-aa79-8a5b0f020811,-2,0,-0.8230390778946322,0.49095624694139517
068350bc-56c4-4d12-a52c-abeb974920c5,2023,2023-03-07,218250de-64b1-4e7a-9b64-e426441584e4,892bcbe8-a66c-4c57-88ed-c82e0c13706e,-11,0,-1.8060928372708414,0.4273717891041704
09bd213b-a6bf-49c9-a35d-a43a4fcb00f8,2023,2023-03-07,e7f10812-f961-4c56-b848-22cb16073f49,1c48e10a-5d97-4c46-8f8b-4217683da26a,5,1,11.05049145512863,0.8468851791774974
13c55028-f807-4333-8909-e5d84762d35b,2023,2023-03-07,53ee55d0-23e8-4eac-8ed1-12721a3dce65,927f9c80-da40-44b1-834f-ea1d457600d3,-4,0,-1.8709714709518306,0.415330893621678
2878aaf0-e43f-4034-8539-f62059a873f4,2023,2023-03-07,39d71fee-a4e0-4399-8698-547fdb4fb256,fc62dc2f-7404-4a85-b1d6-49d5135283a3,34,1,12.539744835694856,0.9170103669106785
2e591a93-4ca7-4bef-a43a-beab6bd447e2,2023,2023-03-07,20fdaaba-bd75-4d6e-bf13-299d2f1704ef,3c06c3f7-a7c4-4179-a9a7-d9b86afaf42c,1,1,0.5154114609338488,0.5583195578696042
38290a4d-92be-4c26-85fd-88fbf7797778,2023,2023-03-07,9cf58c59-1075-457a-b79e-942b453b75d1,526a8e73-78d6-4268-9f89-6f7d90e5dcd3,18,1,6.327493634686481,0.7111149795644224
641f97c3-aeed-4ebc-9fff-545d2e2a13fe,2023,2023-03-07,d7828b57-33e4-4922-bfdd-4780151816ed,1b6320e0-71b4-46c2-9fb4-0c801f4c8770,-20,0,6.738852467991026,0.7080535686979416
6cef9c3c-84f8-4e81-92f2-4f3c999aa84c,2023,2023-03-07,2dba4db9-bc1f-41f7-b1e5-8d94e117c1e9,712e6366-f137-4f9f-a647-831a2797543e,-1,0,-2.5149952104867404,0.5200141653171709
6e943a77-bf37-40bc-8950-38e530c181ff,2023,2023-03-07,cb921ef9-be3d-4c14-9e83-9926205e601f,effe733a-ab00-44c0-ba8a-c389badc7014,4,1,11.78014020852776,0.8623472209215622
74501b07-a64c-47ec-89a2-677950fa74a3,2023,2023-03-07,5efbece3-af1d-4f3e-8930-388ee4604cac,0939b5e1-8421-4924-a8b9-9846ca06f2fb,17,1,12.124363186169326,0.9306859473074802
795c4d2d-e289-4a99-8713-2741d68ebefc,2023,2023-03-07,8782ac7a-e553-475c-b110-c58c7e61ddd4,9c1c5097-7168-4529-8378-8f68f206bd9f,2,1,4.836957031534324,0.6995246977619413
83a0c8dc-7cc6-4c72-8315-d7f29dc8cba9,2023,2023-03-07,3b586230-34c7-417b-bdcb-3245c5a8de8a,6359c55c-0527-4830-8bbf-51141c0ff2a4,7,1,2.9476128270629696,0.6240496388347849
97d3379d-bb41-4cf0-93c1-b38254b4dcf2,2023,2023-03-07,afebdb69-0f48-47d1-ac8e-740bb58c993e,41088861-2288-4681-9b1c-b52f63527faf,-26,0,-0.5198806060693841,0.4187771596290008
a137d301-a2a6-4d71-8341-19014a46f66e,2023,2023-03-07,bb0be232-db5b-490f-a3df-709f20bdfb71,b847237b-f1fa-48c8-a618-17553efdc228,-12,0,4.060937619321878,0.7091654627451095
ad598d5d-c095-4a86-b210-61893dd2a09e,2023,2023-03-07,b13d1921-03e3-4f47-b962-4e9951de7510,9b92c0ff-02a8-49a0-bb79-32eb70b7681d,5,1,7.969769151882824,0.8310282647954318
c6b2dce1-cbcf-478e-8677-96434b272711,2023,2023-03-07,3fb4c1d4-021b-4e64-a997-b47421257d4c,e145a47f-597f-46fe-b58d-64dae192efc0,1,1,-2.3929587416607867,0.4423089121989275
d12c49ea-fe8d-40cd-9c5d-b102434b4326,2023,2023-03-07,7b423c28-572a-4a7a-982f-3d59e0fb25fe,bdf949ac-7376-4c1c-b4d1-a2b6d1142a71,17,1,3.8233627957658145,0.6373318873798566
d6121c78-d94e-4cef-84cb-1b5be67bbc8e,2023,2023-03-07,ec764a7a-bdf2-49ba-9830-7408ea7f453b,9f8c4a3a-10fc-427b-a3b9-f54bcc243010,-18,0,3.223830013870428,0.6390448953760054
df76c569-909e-4314-8033-843137fb9775,2023,2023-03-07,7a193c3e-c732-47d4-b893-cc0c575ff431,d1f5a19f-6263-4ac7-9ceb-e1339595db2f,3,1,7.831165542468374,0.7925139864693855
e22c142d-0192-4244-bd2d-af61e246a5f4,2023,2023-03-07,81937a80-a7e9-4025-9c21-2ed38625cdae,407f6796-76ab-4c28-8f30-cebbfbe534dc,22,1,14.986808091473323,0.9411661852429288
e72325ed-5cc7-44d1-829c-8809d1620393,2023,2023-03-07,f022d404-14a6-4105-afd2-445afe77bad5,f408da5d-dcf7-48d6-b4b4-485c6241d6d4,33,1,3.3125049964740025,0.6176216169808696
1be9ac3b-342b-4223-92d1-a1455119e2d1,2023,2023-03-08,5efbece3-af1d-4f3e-8930-388ee4604cac,c324cc75-a904-484d-b520-1f21664c89d7,4,1,3.777501930615811,0.6136638621241263
7b74fe33-71b7-4c56-9b16-889e87b3623c,2023,2023-03-08,8782ac7a-e553-475c-b110-c58c7e61ddd4,b847237b-f1fa-48c8-a618-17553efdc228,7,1,7.756841663556896,0.7893178493127817
87809cc7-004c-4663-ac41-2aa421265f27,2023,2023-03-08,127a96c4-6d95-4519-ae56-77c271aeea23,9cf58c59-1075-457a-b79e-942b453b75d1,24,1,13.525990891985188,0.9242724849958192
a0468a48-6220-47f8-83c2-9bcc39f7bc12,2023,2023-03-08,4ae8be32-616f-4721-85c4-1e22239e7db8,a81b1489-4c0f-4a3d-bfe8-a9efcdb13d79,-5,0,-0.8931926345947272,0.46546173053507356
d660ea33-abc8-444f-9576-8546e55b1346,2023,2023-03-08,c20e9648-8980-4cb8-b139-4343f24b2e91,712e6366-f137-4f9f-a647-831a2797543e,8,1,8.778206890160714,0.7434281494945779
0a95666f-9d92-49d1-800b-6c5682d12f6d,2023,2023-03-09,bf2aafb4-bbb6-476f-acfd-8793128f565c,fe1d1802-ae97-4c4b-8c1a-aef0cb3c5646,-5,0,-0.0989288923155275,0.5528923272661478
17e6d1b4-267f-4552-aff4-c5b8e86e1658,2023,2023-03-09,bfd30209-fc33-44e7-a4be-7d2be91b2842,c20e9648-8980-4cb8-b139-4343f24b2e91,27,1,8.394155415019252,0.7938201833048981
1ab190bd-13c4-4f24-b9ec-94e861a87f91,2023,2023-03-09,22b7e3ea-2a6b-4f0f-8f10-40ab409da1e7,251330f1-c041-4520-b4a3-114f8f6b2ccf,11,1,10.08224301073854,0.8770438297478489
1b5000a9-9105-45c2-ba9f-7c1135a58be5,2023,2023-03-09,f14e71df-6c53-4abe-b789-c0d73a44b276,b13d1921-03e3-4f47-b962-4e9951de7510,-5,0,-2.517936906236717,0.3257367937020957
2349cff1-8ad6-4c0a-bd0f-5528c63df1fe,2023,2023-03-09,23328a3b-6bde-4b61-960d-5c45fab4d16a,e198833b-92f3-4fa3-a2cd-82f04ec7e0c3,26,1,-0.5498492217294243,0.45914826424158417
305a24dd-0334-4dd0-aa0a-33678b3cfe61,2023,2023-03-09,173a69ab-4f3c-453a-a1cc-8b83c0ee2b49,9d09ebd0-f5e4-4022-b315-aa3719219b6a,2,1,9.835261064052672,0.8444518428738912
47137af8-2fe4-44dd-8294-cd1b090583f9,2023,2023-03-09,fa0efad2-ee60-463a-a297-fb45c393e624,9874a1c9-7e78-46e4-8d3e-6fce94e7046c,-4,0,3.0878319182654557,0.6066940952505546
4bfa4bf9-c11e-4ec4-a3d0-a0119e707ca0,2023,2023-03-09,ef80c085-db7d-4b36-8fd0-13ac9be0099c,aecccfce-5e00-489e-87e1-2622303b6120,-15,0,2.623694258674731,0.6228745015587503
50eea29d-71d8-4c39-9022-9b7f7153c3ba,2023,2023-03-09,c238c9de-59e6-4d8d-b9d0-745eb8ec96ab,b1cd7b83-cc64-42a8-b41b-45343632eee6,13,1,7.971256838739875,0.8351480489997787
7ef7b508-7ba9-41fc-a20b-d8da3cdeea1f,2023,2023-03-09,e81d4510-e1ee-4dbf-9b00-28fe6eedbfb4,f9620376-5493-4730-bf10-8b6480bd3e43,24,1,14.736986611532126,0.931610983408533
84290edd-273c-47d2-b88b-9c2ff19b765a,2023,2023-03-09,6ddd1347-422a-42ab-8c8e-fd5c9b4e78f1,d5e139fa-05e7-4c6e-b083-5261fa76ee6f,-13,0,-2.542527447737763,0.4373206943137664
948d3841-2979-40ab-a9bf-4eb930438d13,2023,2023-03-09,45f03492-2831-493f-8176-63dfae6670de,a757dae2-f596-4065-9e29-b365b91af590,-20,0,-5.142114709552428,0.34596051174699394
9efd8afc-ff6e-4bce-8039-f70ebe87b49a,2023,2023-03-09,9a68215b-c4da-4c48-8fdd-6f9862b46f80,f16d5827-0b65-4b48-bd2d-584314873b9d,11,1,13.891333574324413,0.953657093588945
abf30017-bbd5-4131-9c7e-706167eb3e1a,2023,2023-03-09,05dbf7f3-9fc5-4818-bf47-490e1f7c7186,0621d617-e31d-4e1e-a043-a11af2f706de,3,1,12.09232247313485,0.9075729331733117
d0133db1-0486-46ac-8640-a888be624081,2023,2023-03-09,4d964b45-0956-4e20-9bb3-92d90690ea01,a8ab3f0c-a155-4d9d-adf9-5593435a0152,16,1,0.25124068306253544,0.5304027302021036
d9572931-9e14-4c35-8b1a-d5eeeea7a868,2023,2023-03-09,ab66209f-04c2-4600-99c8-cc177f001266,127a96c4-6d95-4519-ae56-77c271aeea23,9,1,0.5887723634361667,0.5442556730973299
e0a749e8-ca10-4337-a301-4301c6691077,2023,2023-03-09,6aa9d05e-84b3-4e72-815b-fe3dd02b1e03,1b6320e0-71b4-46c2-9fb4-0c801f4c8770,10,1,12.617961426917017,0.92225479727448
e6fbb8ea-c25d-4aa2-9bce-da6c86861997,2023,2023-03-09,4fd6900f-43f0-49de-b565-11ab2d0dc985,295728d9-e6d3-43a5-a29d-26c403f073cd,18,1,7.255177555366199,0.8011659824911608
07126501-0653-4be4-91c6-c1abff4236bc,2023,2023-03-10,e81d4510-e1ee-4dbf-9b00-28fe6eedbfb4,2f8127bf-68b4-4cd4-bb81-d18b7f461cba,3,1,9.766249377782117,0.8798344488207763
105fed65-aa7e-4f0d-85f9-55ce1c529094,2023,2023-03-10,ad6b613a-f36b-446f-81a7-6095bcf8a45a,f6ffbdfc-4780-4966-b75f-aa6ff30a7928,13,1,8.088044870970602,0.7816402747488284
15b68301-f3b3-4060-b6ec-a2884cb71759,2023,2023-03-10,ab66209f-04c2-4600-99c8-cc177f001266,23328a3b-6bde-4b61-960d-5c45fab4d16a,20,1,4.583500380975755,0.7633600837110469
16e17c3e-a686-4795-8fc3-165adfed8432,2023,2023-03-10,22b7e3ea-2a6b-4f0f-8f10-40ab409da1e7,fe1d1802-ae97-4c4b-8c1a-aef0cb3c5646,19,1,6.384851395724891,0.7423020003545414
1c7e8aad-eab3-4108-8e44-9ef2c85e5b8d,2023,2023-03-10,3ad98900-f406-42a6-b9c7-7a2d3f0a9867,b13d1921-03e3-4f47-b962-4e9951de7510,-3,0,4.60906055052497,0.645835770411043
1e8ce536-0c29-4692-9e91-1b9732604ba5,2023,2023-03-10,05dbf7f3-9fc5-4818-bf47-490e1f7c7186,2ff94ca5-2417-420a-b20f-387ca6793769,15,1,10.688413409406754,0.8403116347959076
20950a79-5189-4a9b-be92-acd71a204f5f,2023,2023-03-10,304b93c1-4157-43db-bc99-6f2b071e4429,66ad8504-16f3-4990-9abd-ff1e776dfb86,12,1,14.530555510275686,0.9063822723553125
3419ce9b-bca4-4687-8ff0-2ee115ec37e2,2023,2023-03-10,6aa9d05e-84b3-4e72-815b-fe3dd02b1e03,4d964b45-0956-4e20-9bb3-92d90690ea01,5,1,4.104598483847805,0.6550067129299345
36dee6fe-f2a1-4dd9-a0e5-0bc86359a89f,2023,2023-03-10,c8e7388d-5a50-447b-ade8-addcc758d8dd,aecccfce-5e00-489e-87e1-2622303b6120,14,1,19.689167656001562,0.9847220428639946
61c1f0c4-9c4a-483b-aaa9-902773296a26,2023,2023-03-10,81ba36f8-a53b-4696-8877-2e9bb161598a,22641200-31a8-4bc1-9df0-8a3393139dde,-2,0,-3.832568599471836,0.3827670071410024
6533142e-983e-4a06-8a94-badff4490588,2023,2023-03-10,15d2579a-33fd-4772-9d78-e929a093bd79,8b7efe80-a558-4a31-90d4-b59ad2ffdcac,2,1,-5.679657630457792,0.26253926091448854
6c3c32a6-58c6-4c1a-97f4-02179c67b22f,2023,2023-03-10,173a69ab-4f3c-453a-a1cc-8b83c0ee2b49,bfd30209-fc33-44e7-a4be-7d2be91b2842,-7,0,-0.130195494226589,0.4395610016612309
76f4e9de-f3bf-4b6e-b643-d6ac06135d63,2023,2023-03-10,11c41163-ceed-438b-bc9e-333b60a36e6b,9cc36a7f-4ac0-4523-b7cb-99b33fd2fb4f,8,1,-7.161343281167411,0.19772726672335553
7783d521-3197-4c60-b470-485e2ade24ff,2023,2023-03-10,9a68215b-c4da-4c48-8fdd-6f9862b46f80,f4f493b9-00c9-48e9-a9c8-934ed203169e,19,1,6.601610674842056,0.7347717571550493
9089d8ac-021d-4715-a49d-51e23b874d00,2023,2023-03-10,bc48226a-5e03-49d2-aa5a-550081373e7c,f6d79bbf-f8fa-4aad-8a37-6172d43ea482,-7,0,8.636707360701546,0.8670311486350426
9f9712e3-4eb6-4a5c-a6e1-854f3ac0288a,2023,2023-03-10,63b38daf-556d-4012-93d1-faf2cc5da515,9226a51e-74e7-48ed-9e95-6890a182148d,-3,0,3.2661543998999703,0.5868348730203032
a257b6d3-3f88-4099-817d-4f2e868e49e8,2023,2023-03-10,cd2892b0-c423-4723-86bc-3988015a8015,71aa15ab-9b94-4d3a-88de-3f0ae5d9a44c,5,1,5.832615155780053,0.7131519448809528
c936b8d1-a3b6-4bd2-b0e6-6175ca1f82a3,2023,2023-03-10,888089ca-9632-4e33-856f-b210b1d946cb,c238c9de-59e6-4d8d-b9d0-745eb8ec96ab,22,1,-0.0397924873710668,0.47715340007558765
cb9414df-56bf-4b65-a4b8-4ef9cc751447,2023,2023-03-10,015de200-e75d-4f5c-b26f-60089691f965,bce5e657-8430-4508-b956-64ed47e82de9,-10,0,2.867564922260001,0.6114023780759752
d71ab939-ef2e-4118-ba37-e9a6369bb6a0,2023,2023-03-10,8e941979-021a-4b68-ab5b-5ee34fe0e06a,eaaf67e1-30a6-41ca-a400-906b86d42a58,23,1,12.754724421855194,0.8643996675926439
de253661-2b5e-480d-911d-5983da417e71,2023,2023-03-10,6c796971-9e91-4507-a6ad-9699cb1ed2b4,1a879f38-8a98-47b8-9c92-7da920f1562f,-13,0,-2.5542413070507455,0.3809118531795434
e4b4a1d7-0524-4b2f-a9de-04d181e21a96,2023,2023-03-10,ec3ac254-d13e-4b51-95ee-389447c70400,d5e139fa-05e7-4c6e-b083-5261fa76ee6f,6,1,2.14875752197118,0.493995625500422
efa5e5f1-179c-493b-9726-d4cc6f742c08,2023,2023-03-10,f7d3e028-cab6-4277-8d9c-799f5bec0712,4b5bb58e-38b5-4132-b2e0-876169cd4017,6,1,0.4412927146140704,0.4845873443162264
f4899820-c7ed-45e0-a853-7c88e99c0eee,2023,2023-03-10,e39dbea2-e913-4bf0-9407-8ef31b60b82d,8681e6eb-5cf9-45d5-b215-af3a54ebc784,6,1,-0.9019202829294684,0.41055127087625
fb094696-67d9-4c84-a72d-a0ec0fabcedc,2023,2023-03-10,9c773261-49b7-48c8-816e-3e3260997d71,a757dae2-f596-4065-9e29-b365b91af590,7,1,2.6507996991273335,0.5544423080094214
171e3bbb-fc67-4a4e-a9d4-325a36a26724,2023,2023-03-11,4fd6900f-43f0-49de-b565-11ab2d0dc985,3d8ed3b6-e3d1-4a7e-b179-fdc92e2640e7,12,1,3.803078594742045,0.6441886172690656
1b61f195-424f-4a7c-a824-4a332e8ba463,2023,2023-03-11,8e941979-021a-4b68-ab5b-5ee34fe0e06a,11c41163-ceed-438b-bc9e-333b60a36e6b,11,1,11.184133425908707,0.9177254537924083
23c05813-ceea-4e45-a5ad-69269ac35de3,2023,2023-03-11,958592fd-5c16-45ff-90b4-3242687743e9,1a879f38-8a98-47b8-9c92-7da920f1562f,-3,0,3.7747031936759656,0.6053582015023471
44b035a0-b8b2-4129-918a-3c3b0f339b58,2023,2023-03-11,f7d3e028-cab6-4277-8d9c-799f5bec0712,f6d79bbf-f8fa-4aad-8a37-6172d43ea482,12,1,9.570681388115117,0.7530333357307307
46e39651-b05c-4c09-90b4-0a473ee62578,2023,2023-03-11,81937a80-a7e9-4025-9c21-2ed38625cdae,4a6135ce-718a-497f-924d-23f4797243ee,13,1,7.916059549133997,0.7694445787229061
4753fcfd-cd5b-42ca-9632-fb4dc9aed0bf,2023,2023-03-11,9c773261-49b7-48c8-816e-3e3260997d71,12a96cea-6b94-4165-bfbc-3fbee5bd51ab,-15,0,-4.012657432059918,0.2608468605744399
53453f6f-666b-41a9-b643-e7dc6439477e,2023,2023-03-11,ad6b613a-f36b-446f-81a7-6095bcf8a45a,ec3ac254-d13e-4b51-95ee-389447c70400,-20,0,2.380195724334949,0.669421933969508
5b64ee29-b1ff-40d4-94fa-37b0a903f611,2023,2023-03-11,9a68215b-c4da-4c48-8fdd-6f9862b46f80,22b7e3ea-2a6b-4f0f-8f10-40ab409da1e7,-2,0,3.5258446317406227,0.6600489791108892
62f391db-6b03-437c-bb4a-564cfafd6b53,2023,2023-03-11,d3246ba0-2060-4e3f-addf-f8704b79380e,b13d1921-03e3-4f47-b962-4e9951de7510,-18,0,-0.6042753157042338,0.48477199193471493
644033b8-a83a-4248-85ac-de26ca19e3d6,2023,2023-03-11,304b93c1-4157-43db-bc99-6f2b071e4429,892bcbe8-a66c-4c57-88ed-c82e0c13706e,21,1,17.252360100217498,0.9321430795616636
76ebe9f1-b44f-4fd9-a484-29631a7256a2,2023,2023-03-11,4db0dce7-2ca3-42fd-b71e-f5e13debacfe,e39dbea2-e913-4bf0-9407-8ef31b60b82d,40,1,9.885492515098488,0.8240735515552835
9625f7d4-4909-49e0-8583-cc5ac84c09ab,2023,2023-03-11,15d2579a-33fd-4772-9d78-e929a093bd79,888089ca-9632-4e33-856f-b210b1d946cb,14,1,-0.3883231160134854,0.5408019817820557
9e0767eb-9961-4bb6-939c-b044dcfb4cdb,2023,2023-03-11,ab66209f-04c2-4600-99c8-cc177f001266,bfd30209-fc33-44e7-a4be-7d2be91b2842,-10,0,-1.407674159356765,0.4690354707147636
a436bb55-8149-49e6-ad24-ae66fe5a7761,2023,2023-03-11,cd2892b0-c423-4723-86bc-3988015a8015,9874a1c9-7e78-46e4-8d3e-6fce94e7046c,14,1,9.083338289755895,0.8433083645642234
c538fe03-abf6-49f8-9ece-2008f552ae04,2023,2023-03-11,cdc199b7-a710-4c11-a6e7-2384b399c06b,22641200-31a8-4bc1-9df0-8a3393139dde,-4,0,-2.208475730951591,0.3965041236688688
ce3ded7c-952c-4fe7-8a01-08b45f4a7967,2023,2023-03-11,297b5678-ce67-4c02-bfc4-2ccec5343d09,7d7d8e50-802f-4f7c-aedf-3116a743e835,20,1,8.857817545172182,0.809794696221949
d98a4483-c6c6-4063-b7c2-b3ef510dc551,2023,2023-03-11,05dbf7f3-9fc5-4818-bf47-490e1f7c7186,bce5e657-8430-4508-b956-64ed47e82de9,5,1,8.249640633979027,0.7843715932759189
dac36def-2810-4151-8cdd-ef6de2a7711d,2023,2023-03-11,6aa9d05e-84b3-4e72-815b-fe3dd02b1e03,9226a51e-74e7-48ed-9e95-6890a182148d,10,1,2.5351279333855614,0.6300703246893217
f10c2d7d-5c91-4bea-928a-3a04f1281ae5,2023,2023-03-11,f62a4b7d-6f85-4607-a748-854c9b8c0c5d,ca0af9b0-0073-4e1c-baf8-a15069168abc,1,1,0.2058595406799494,0.4937861765169999
f237aaf3-e107-45c1-b232-f0c95908da41,2023,2023-03-11,d1838999-77de-4a4f-9d66-e6071f5a079f,030a591c-8164-4635-bb33-29a4c98e0b5b,7,1,6.122585484563372,0.6926528601271521
fd1ac3ab-8e67-4414-9a80-aef5cdeb16ec,2023,2023-03-11,e81d4510-e1ee-4dbf-9b00-28fe6eedbfb4,cbb7e0c8-4326-453b-9357-a01df1076809,22,1,1.1631671414009221,0.4718311878298138
1d4d4d39-efcc-4286-9df2-559482a0ec56,2023,2023-03-12,8e941979-021a-4b68-ab5b-5ee34fe0e06a,f7d3e028-cab6-4277-8d9c-799f5bec0712,19,1,9.05026876456442,0.8405650208233689
35d7badf-14d7-45c0-9cf1-3b33828ecf5b,2023,2023-03-12,c8e7388d-5a50-447b-ade8-addcc758d8dd,4db0dce7-2ca3-42fd-b71e-f5e13debacfe,-10,0,3.8111276378249923,0.5682301887946591
38afa461-ca91-41c4-a22d-78ba29185eb4,2023,2023-03-12,297b5678-ce67-4c02-bfc4-2ccec5343d09,d1838999-77de-4a4f-9d66-e6071f5a079f,-9,0,5.493093856861709,0.7022872186379517
618e20e0-7b6c-4ffa-a16e-c7012764b99a,2023,2023-03-12,cd2892b0-c423-4723-86bc-3988015a8015,22641200-31a8-4bc1-9df0-8a3393139dde,2,1,5.926915962071236,0.6651450483194619
fc3395a9-6e33-4178-a4ec-4cf15cbb7db2,2023,2023-03-12,4fd6900f-43f0-49de-b565-11ab2d0dc985,fccaf1a2-1439-499c-87a3-1615684518bd,12,1,-2.9864521725757025,0.5040905658169546
2a648d4a-2da8-4952-97e9-73e763ec5749,2023,2023-03-14,f16d5827-0b65-4b48-bd2d-584314873b9d,d6ec4d5f-7d79-4064-be14-71636bf66d75,1,1,0.9306663451812084,0.5373134344328072
2b02b4aa-947a-4783-acb8-7b8de8cc490a,2023,2023-03-14,cbb7e0c8-4326-453b-9357-a01df1076809,325c1fce-e70b-481c-bc59-315b7defd4ad,28,1,9.84903345569553,0.7691790376258212
55dc2173-2363-4770-92a9-5af13b3ec947,2023,2023-03-14,d19262e6-6584-4276-9fb9-d5690c3ca053,9c773261-49b7-48c8-816e-3e3260997d71,10,1,10.418509323502695,0.8657586849313063
6febe7b5-7695-4f03-9496-c688e56bf889,2023,2023-03-14,c6e998ac-727a-42d2-a2d4-0e7c854dd383,38a65109-33be-44a5-928b-459db9d9dbc7,-7,0,8.584045563597478,0.8178823283168092
7ef5c84f-e7c2-48a5-a29d-09852f78a436,2023,2023-03-14,71aa15ab-9b94-4d3a-88de-3f0ae5d9a44c,c8da4ce4-29a3-4f99-b827-9b55afb4e0d5,-2,0,10.121858148422108,0.8461257446504294
7f46fa64-5276-4626-b84a-e4ccf11bc6a2,2023,2023-03-14,eaaf67e1-30a6-41ca-a400-906b86d42a58,c20e9648-8980-4cb8-b139-4343f24b2e91,-1,0,3.9293463227698897,0.6768508235730606
88d54cda-3408-4c8e-8b4c-4f2f75f040e6,2023,2023-03-14,5efbece3-af1d-4f3e-8930-388ee4604cac,428b85df-3b5f-4b21-a384-f1bd53f95d19,4,1,3.9566992209234675,0.5747261376601146
8a532d88-825f-4539-8837-b65d5fa0bc33,2023,2023-03-14,0ac20cc2-e801-4648-8850-2fde30c2def5,599c2f7f-3472-4f93-9807-39b33c575236,19,1,5.530051642795976,0.7427668643212639
ab9f361a-6310-4a5e-bab2-85a4254daef7,2023,2023-03-14,f6d79bbf-f8fa-4aad-8a37-6172d43ea482,297b5678-ce67-4c02-bfc4-2ccec5343d09,9,1,0.8292174239546964,0.5270574341965688
c107c163-d3a5-4bc1-b148-ea1acd1c4dc1,2023,2023-03-14,39668771-063a-4cfd-ba1d-be18a842d5a1,b1cd7b83-cc64-42a8-b41b-45343632eee6,5,1,6.972405655380881,0.7861086131544386
0be619ea-c87e-4261-a2b4-fd7fd8db2ee5,2023,2023-03-15,fe1d1802-ae97-4c4b-8c1a-aef0cb3c5646,93759732-e117-45b2-a99f-f09b689de84c,25,1,7.9958962445585255,0.7874970651396439
2025da36-e75f-4011-9886-c3b95aa9a854,2023,2023-03-15,34002612-3816-4311-b39c-41d24ddcf17f,e10bd2a0-5b84-4d41-a1ef-08b801a04039,-5,0,-6.615643634587772,0.20602413410020423
3600e09e-a6e4-4a72-9afa-52f6a3adc15f,2023,2023-03-15,23328a3b-6bde-4b61-960d-5c45fab4d16a,e823a53e-c3a4-40d9-b40a-4d7eac69e962,-4,0,15.512771254101597,0.9451985992083103
4872c4c4-bdc4-4c47-bd3a-d7bc76f70a13,2023,2023-03-15,ed26e9f2-0346-429e-8084-a40c091454e8,3ad98900-f406-42a6-b9c7-7a2d3f0a9867,-2,0,6.869249441309563,0.7188250965491165
551fd898-e637-4562-9f51-2b240f83d0ff,2023,2023-03-15,6d0447fe-c13a-4ab3-b46e-cc2a08eb057e,f7352462-5710-45c3-bd64-969e67428b1f,-18,0,-1.6618377499029837,0.39295878400718925
eb3b0a54-99be-4364-a0b9-00e0880d0349,2023,2023-03-15,66f42ce4-3183-445f-b7db-b673bfb1fe7b,e383f809-990a-4dd9-85b1-4288d45884e7,-14,0,2.2789460570735076,0.5748315753380011
01d39181-0e9c-49e7-9534-f5effe47a3b6,2023,2023-03-16,ec3ac254-d13e-4b51-95ee-389447c70400,aab3630e-9c8d-453f-b0c8-afdfe71a5d3c,20,1,10.195129812363009,0.7197962636015547
132232fe-6ad1-4876-94e0-c7ea1c03c51e,2023,2023-03-16,ad6b613a-f36b-446f-81a7-6095bcf8a45a,f62a4b7d-6f85-4607-a748-854c9b8c0c5d,28,1,18.69220595521784,0.9841394157534642
15b5fb88-7db4-467b-9397-2b15960910a5,2023,2023-03-16,8e941979-021a-4b68-ab5b-5ee34fe0e06a,5efbece3-af1d-4f3e-8930-388ee4604cac,21,1,27.798702657807517,0.9889533637894037
41bbe07e-0630-4f56-8018-75470e19a5d4,2023,2023-03-16,ab66209f-04c2-4600-99c8-cc177f001266,d92b9143-ae83-4c94-b9c3-d1cbae1b7565,-1,0,8.526326669732645,0.8004680804724403
4d309f0f-e084-4722-884a-660d8abb5a64,2023,2023-03-16,9a68215b-c4da-4c48-8fdd-6f9862b46f80,d13063ca-830f-4027-a1e1-7961d39c81fc,33,1,23.080321006714676,0.9806019873802858
690e5de9-9fac-4500-b26b-9908114e6c78,2023,2023-03-16,05dbf7f3-9fc5-4818-bf47-490e1f7c7186,e7f10812-f961-4c56-b848-22cb16073f49,6,1,4.894762271378186,0.6779020172905496
91d3bb95-d5fc-4b36-a373-fe156bdd1495,2023,2023-03-16,bfd30209-fc33-44e7-a4be-7d2be91b2842,39d71fee-a4e0-4399-8698-547fdb4fb256,23,1,7.499668974387494,0.7457020121788631
93447a0b-0710-4543-b10f-9d7561542234,2023,2023-03-16,c8e7388d-5a50-447b-ade8-addcc758d8dd,bea9ec66-e41d-4afe-aa79-8a5b0f020811,11,1,21.71662927324396,0.9860386431337423
a53786a1-a189-4c67-9dfe-672afec67ec7,2023,2023-03-16,f7d3e028-cab6-4277-8d9c-799f5bec0712,22641200-31a8-4bc1-9df0-8a3393139dde,-17,0,-0.2760634556747547,0.4456904724281301
acc8a9c0-8c19-45c6-a688-35a6c499c151,2023,2023-03-16,22b7e3ea-2a6b-4f0f-8f10-40ab409da1e7,d1838999-77de-4a4f-9d66-e6071f5a079f,-4,0,10.596139704768353,0.9069440123532052
c7a1d6f6-dbc1-47a3-944f-42358528969f,2023,2023-03-16,fa0efad2-ee60-463a-a297-fb45c393e624,a4574b8e-6d1d-4ed4-a947-b175f74c6387,-8,0,-2.7434000856048626,0.3971874976993959
d11d15c6-10e6-46ad-b17c-1d3de22f0701,2023,2023-03-16,4b5bb58e-38b5-4132-b2e0-876169cd4017,e4d1f824-05c1-46d2-a96e-fd3dba7ac334,10,1,1.0442541897520723,0.576971259364133
d216c718-59b2-4428-a4f1-8ce667685a7f,2023,2023-03-16,9cc36a7f-4ac0-4523-b7cb-99b33fd2fb4f,96babb60-08c6-42a2-becc-a075a465dcc3,3,1,12.681196926688344,0.9214228172208283
d5bf95aa-5606-4cf1-b6c4-4fbd72bc6079,2023,2023-03-16,11c41163-ceed-438b-bc9e-333b60a36e6b,bce5e657-8430-4508-b956-64ed47e82de9,11,1,3.2173985012407207,0.647918015511345
dca1571e-4537-42bb-ad50-693ffc08a0a4,2023,2023-03-16,81ba36f8-a53b-4696-8877-2e9bb161598a,015de200-e75d-4f5c-b26f-60089691f965,8,1,0.06296315269442443,0.5295393070747466
e01996dd-f4f2-4463-b58f-55ed513ef2d2,2023,2023-03-16,27a2a3c7-c672-4a2e-8381-bf31d528c0d0,01325ccf-0551-472d-a463-55f692a5e50c,2,1,0.0052135159832870145,0.4705225668970297
19f9ecb4-8ee9-4324-9344-7822f1128edd,2023,2023-03-17,15d2579a-33fd-4772-9d78-e929a093bd79,81937a80-a7e9-4025-9c21-2ed38625cdae,17,1,10.903494793091845,0.9049223381515129
20c64f8c-fca0-43fd-a981-dd1737c6af9b,2023,2023-03-17,b349d38b-bc08-42d6-bf21-e6c826c45b62,bf2aafb4-bbb6-476f-acfd-8793128f565c,10,1,0.9768876086435074,0.5913767897256295
28af0d4c-c324-49f7-b524-6ed8bce24595,2023,2023-03-17,cd2892b0-c423-4723-86bc-3988015a8015,3c06c3f7-a7c4-4179-a9a7-d9b86afaf42c,-5,0,30.763042126006127,0.9886230191921551
398294a6-22ee-4f9d-aa28-9df7c19e73bc,2023,2023-03-17,41088861-2288-4681-9b1c-b52f63527faf,b13d1921-03e3-4f47-b962-4e9951de7510,12,1,14.874276424363924,0.9473511473517507
48afb1c6-4bd8-47a1-a099-7d3c8f735b73,2023,2023-03-17,3c7653b4-ff75-43ce-b3db-0654e938bcd3,6aa9d05e-84b3-4e72-815b-fe3dd02b1e03,18,1,11.758512494000636,0.8163537815777031
56668755-9e00-4b97-95d5-47b2388306b5,2023,2023-03-17,8b7efe80-a558-4a31-90d4-b59ad2ffdcac,304b93c1-4157-43db-bc99-6f2b071e4429,24,1,16.104897252383438,0.9247950118385853
6017fe32-420a-4659-8af8-b310b261f5d7,2023,2023-03-17,cdc199b7-a710-4c11-a6e7-2384b399c06b,12a96cea-6b94-4165-bfbc-3fbee5bd51ab,11,1,5.479245411903406,0.6758547445433173
628563c7-3fe0-4ff4-b41a-2289b8486e0a,2023,2023-03-17,f6ffbdfc-4780-4966-b75f-aa6ff30a7928,c20e9648-8980-4cb8-b139-4343f24b2e91,-18,0,0.3374140463896455,0.46623415077004315
9df46f06-76e4-4882-a351-a5fbf554b552,2023,2023-03-17,4db0dce7-2ca3-42fd-b71e-f5e13debacfe,e81d4510-e1ee-4dbf-9b00-28fe6eedbfb4,-1,0,0.7304463238745819,0.5825086998005817
b989a09f-88b9-4ae7-9173-1d4ed524f52b,2023,2023-03-17,888089ca-9632-4e33-856f-b210b1d946cb,873aeddf-ece1-4971-83c5-24ff228e2954,5,1,11.41484699085242,0.9242293841297823
bbc3d2c3-d706-415c-b5e2-f41c168bf2ad,2023,2023-03-17,bc48226a-5e03-49d2-aa5a-550081373e7c,05300c53-1c99-44fc-894f-5d062cc9254d,8,1,4.650059007351635,0.7082762327911404
bd41464e-9ee9-424c-91c8-5b113b7c8f24,2023,2023-03-17,c238c9de-59e6-4d8d-b9d0-745eb8ec96ab,e198833b-92f3-4fa3-a2cd-82f04ec7e0c3,9,1,5.70996182666981,0.7391005269151422
bded6956-b1a3-4d8a-be5b-aa45f890f6cc,2023,2023-03-17,afebdb69-0f48-47d1-ac8e-740bb58c993e,4fd6900f-43f0-49de-b565-11ab2d0dc985,12,1,8.923924265876703,0.7879598503653964
c5b9eb7f-dbb1-4a49-98d7-dd794830910e,2023,2023-03-17,d5e139fa-05e7-4c6e-b083-5261fa76ee6f,fe1d1802-ae97-4c4b-8c1a-aef0cb3c5646,2,1,-0.22263949726267393,0.5308796737486289
cd4c6349-e238-4461-8fd0-055efd8559d2,2023,2023-03-17,173a69ab-4f3c-453a-a1cc-8b83c0ee2b49,55f602a6-b8f4-4fc5-b30a-9a23ad91a2d8,7,1,6.500184114546527,0.8229696818993877
fd796a1f-97d4-4579-9086-9805ac0a7f5a,2023,2023-03-17,6ddd1347-422a-42ab-8c8e-fd5c9b4e78f1,8782ac7a-e553-475c-b110-c58c7e61ddd4,12,1,6.221356049899652,0.770267065953937
16566a30-42d5-461a-981f-e14c0444f97c,2023,2023-03-18,11c41163-ceed-438b-bc9e-333b60a36e6b,d1838999-77de-4a4f-9d66-e6071f5a079f,-15,0,5.75232476263341,0.7632298738402941
21c22eef-dc3b-4231-b477-a35365c7b555,2023,2023-03-18,043e8015-480a-461d-aae5-6cb149237466,3bc40b20-71e2-4fa2-9c99-8e0b6cc3460b,-9,0,-8.938106421010989,0.16563751323849846
5debd504-27d2-4a37-85ce-baee6cf521b5,2023,2023-03-18,8e941979-021a-4b68-ab5b-5ee34fe0e06a,27a2a3c7-c672-4a2e-8381-bf31d528c0d0,22,1,7.321968348261536,0.7482055162152017
7990a1ac-9528-4003-bec9-3d3ad2d21d37,2023,2023-03-18,9cc36a7f-4ac0-4523-b7cb-99b33fd2fb4f,bfd30209-fc33-44e7-a4be-7d2be91b2842,13,1,3.441548355076046,0.5881251647182019
a320c4c6-6f95-4cfc-b7d6-797626892045,2023,2023-03-18,0d4551fb-d4fc-4659-b14c-fdeba3555569,d3246ba0-2060-4e3f-addf-f8704b79380e,-22,0,-8.894812291723257,0.19718701107522696
ae8b9ad0-40b4-4690-9d6a-6542f78f9427,2023,2023-03-18,ad6b613a-f36b-446f-81a7-6095bcf8a45a,4b5bb58e-38b5-4132-b2e0-876169cd4017,-1,0,3.6785955555764573,0.6871051596918476
ce5316e8-359b-489c-88a3-7f1c94bc67b9,2023,2023-03-18,9a68215b-c4da-4c48-8fdd-6f9862b46f80,81ba36f8-a53b-4696-8877-2e9bb161598a,5,1,6.362174960846784,0.7184697040550458
cead58ad-8925-4deb-9b0b-1b92664b114f,2023,2023-03-18,61442116-53fe-4490-9f2a-17aad40fb68b,2ff94ca5-2417-420a-b20f-387ca6793769,-25,0,-12.158448972289943,0.1568656577407332
e0da3f46-46c0-4e2f-8132-f1d45aca1158,2023,2023-03-18,c8e7388d-5a50-447b-ade8-addcc758d8dd,a4574b8e-6d1d-4ed4-a947-b175f74c6387,17,1,4.374353124869415,0.6761143192361189
1aafab13-f843-4b34-8137-15f43011fa64,2023,2023-03-19,11018b71-58b8-48c1-aafe-d3f42d4dc4b9,cb921ef9-be3d-4c14-9e83-9926205e601f,2,1,-2.5633572982774457,0.3783713550534954
2b54c752-ad91-42e0-85e0-35431c67a2af,2023,2023-03-19,888089ca-9632-4e33-856f-b210b1d946cb,c20e9648-8980-4cb8-b139-4343f24b2e91,11,1,7.300324035354627,0.7977835049981535
32b79247-9d77-42aa-8982-d7869f258d91,2023,2023-03-19,41088861-2288-4681-9b1c-b52f63527faf,d5e139fa-05e7-4c6e-b083-5261fa76ee6f,3,1,5.756572789183078,0.6321164226650374
45e52a20-cd91-458f-8c61-416419c9a59d,2023,2023-03-19,e81d4510-e1ee-4dbf-9b00-28fe6eedbfb4,3c06c3f7-a7c4-4179-a9a7-d9b86afaf42c,8,1,19.869671640716195,0.9838094579900185
4986f2b3-025e-4a95-8c00-20eeed556ce7,2023,2023-03-19,3c7653b4-ff75-43ce-b3db-0654e938bcd3,c238c9de-59e6-4d8d-b9d0-745eb8ec96ab,-9,0,-0.6043158418761796,0.43670812420628663
5b4b98bf-55c7-4f55-b0e3-8a5022a69d44,2023,2023-03-19,0ac20cc2-e801-4648-8850-2fde30c2def5,39668771-063a-4cfd-ba1d-be18a842d5a1,4,1,0.49607519384106263,0.49824024320910454
7a31b4af-bfd2-461e-a557-077e3af1fe65,2023,2023-03-19,f16d5827-0b65-4b48-bd2d-584314873b9d,e383f809-990a-4dd9-85b1-4288d45884e7,-12,0,1.734581704200249,0.6032635701346242
7c4b9a81-3c6e-458e-bd2c-79b5e9a9f833,2023,2023-03-19,7631bceb-b254-43fd-b331-b90b901b5959,252b92fd-b788-4b9d-9cf4-94b7e591640f,16,1,1.6912274263248774,0.5041089152315453
82f925ae-eec7-4bd9-9117-1fa30613c12c,2023,2023-03-19,14900e69-e972-4137-8f13-5ef152e0075b,f612c81a-f044-496c-871c-5c643a5e8f9d,6,1,-5.108530479977239,0.3316460789976099
8fee740d-e5bd-47d4-a121-51b4ac869ee8,2023,2023-03-19,389dc2a8-706f-48c0-8579-33b1857c38b4,3ad98900-f406-42a6-b9c7-7a2d3f0a9867,20,1,8.008392034099296,0.803404602149024
91661a8f-a415-4639-a9b3-78ac1276d459,2023,2023-03-19,8b7efe80-a558-4a31-90d4-b59ad2ffdcac,afebdb69-0f48-47d1-ac8e-740bb58c993e,15,1,7.2316183901368705,0.7078163437625714
95a4c521-ec3d-4def-94e5-6b285e20fada,2023,2023-03-19,cbb7e0c8-4326-453b-9357-a01df1076809,e823a53e-c3a4-40d9-b40a-4d7eac69e962,18,1,18.48012172916493,0.9497602979759658
a5aa34e7-dccc-40ab-9ad6-1f647e52fa89,2023,2023-03-19,e44bc5f8-7dc1-4aac-8beb-924a7c5ee465,1e95b7a8-8a2d-4c93-bd01-79b311a80f40,4,1,-4.770299857345587,0.24978025402249057
aee561e1-9c4c-4c26-abda-3e82709d3c21,2023,2023-03-19,e10bd2a0-5b84-4d41-a1ef-08b801a04039,38a65109-33be-44a5-928b-459db9d9dbc7,11,1,12.164833059816573,0.8892952943905306
b296d0d5-f13a-4514-9b89-d52da4dd78b4,2023,2023-03-19,cdc199b7-a710-4c11-a6e7-2384b399c06b,173a69ab-4f3c-453a-a1cc-8b83c0ee2b49,-16,0,-1.1795065627861123,0.3522685232398063
b8bed7ac-c115-4b2a-b55d-8ef71ebf117d,2023,2023-03-19,15d2579a-33fd-4772-9d78-e929a093bd79,b349d38b-bc08-42d6-bf21-e6c826c45b62,-9,0,0.7707382804949694,0.5261455314194184
bfe47188-23f7-421e-97af-c383a996887c,2023,2023-03-19,f4f493b9-00c9-48e9-a9c8-934ed203169e,f7352462-5710-45c3-bd64-969e67428b1f,14,1,4.528904339705535,0.7005827957279479
e366ec44-b74f-4b0d-8da1-9f9c503283ec,2023,2023-03-19,6ddd1347-422a-42ab-8c8e-fd5c9b4e78f1,bc48226a-5e03-49d2-aa5a-550081373e7c,6,1,-3.709084968745114,0.37164979926348923
2a2fe92c-1678-4e97-af21-77905ba48fa5,2023,2023-03-20,7631bceb-b254-43fd-b331-b90b901b5959,ef9503da-6c3d-4207-ba0f-3cf770627dbe,1,1,-4.1409612608565665,0.3170651252097662
9ac3beef-e800-4b6c-9756-10bc95c21c12,2023,2023-03-20,e44bc5f8-7dc1-4aac-8beb-924a7c5ee465,3bc40b20-71e2-4fa2-9c99-8e0b6cc3460b,-11,0,-7.011715124151375,0.29994784220329984
a3ff4e67-9501-4b29-8cc2-14ad541fa15a,2023,2023-03-20,14900e69-e972-4137-8f13-5ef152e0075b,d3246ba0-2060-4e3f-addf-f8704b79380e,-2,0,-5.758386752119493,0.24063295421257916
c806b5df-dc23-413a-a225-a2414461ac9c,2023,2023-03-20,11018b71-58b8-48c1-aafe-d3f42d4dc4b9,2ff94ca5-2417-420a-b20f-387ca6793769,10,1,-6.131394281802921,0.2802159891106764
1903f4b4-568d-4949-93ec-066a40333c34,2023,2023-03-21,11018b71-58b8-48c1-aafe-d3f42d4dc4b9,3bc40b20-71e2-4fa2-9c99-8e0b6cc3460b,-7,0,-5.27079845190014,0.2918189689983588
32cd8186-ea05-4582-934c-0f62d9be1a7e,2023,2023-03-21,e10bd2a0-5b84-4d41-a1ef-08b801a04039,389dc2a8-706f-48c0-8579-33b1857c38b4,-6,0,3.1643460922016935,0.6262324574141589
3d9a3115-756a-4d25-8e5e-439f2a5dcb1e,2023,2023-03-21,7631bceb-b254-43fd-b331-b90b901b5959,d3246ba0-2060-4e3f-addf-f8704b79380e,2,1,-2.4461844980645178,0.3773541201116757
8e1d4e04-72cc-49a0-8c7b-b2d2b1c4aaa2,2023,2023-03-21,f4f493b9-00c9-48e9-a9c8-934ed203169e,0ac20cc2-e801-4648-8850-2fde30c2def5,-3,0,2.7043951391267265,0.61307014159007
22b06831-d675-4239-8030-9f98844e028b,2023,2023-03-22,7631bceb-b254-43fd-b331-b90b901b5959,3bc40b20-71e2-4fa2-9c99-8e0b6cc3460b,-3,0,-3.3844667986633885,0.4316418489285236
7e2134b4-0b6d-441b-8059-262a2d0ff9fd,2023,2023-03-22,f6d79bbf-f8fa-4aad-8a37-6172d43ea482,cbb7e0c8-4326-453b-9357-a01df1076809,-8,0,-2.011689490503527,0.3826361279376834
3a803c64-4c1b-4dd3-8cc4-4d707fde7473,2023,2023-03-23,9a68215b-c4da-4c48-8fdd-6f9862b46f80,41088861-2288-4681-9b1c-b52f63527faf,-3,0,1.992417773595897,0.555133763095476
64ef84d6-46b1-45d8-aeb7-0c9954d5f272,2023,2023-03-23,8b7efe80-a558-4a31-90d4-b59ad2ffdcac,4b5bb58e-38b5-4132-b2e0-876169cd4017,23,1,11.249869617490502,0.8396447707085203
771e3d58-2c1a-4194-82f7-369cad0aa023,2023,2023-03-23,6ddd1347-422a-42ab-8c8e-fd5c9b4e78f1,b349d38b-bc08-42d6-bf21-e6c826c45b62,5,1,-4.30409516167635,0.36541537735543683
ebfb8975-567b-42ce-8d13-d75b13006535,2023,2023-03-23,9cc36a7f-4ac0-4523-b7cb-99b33fd2fb4f,e81d4510-e1ee-4dbf-9b00-28fe6eedbfb4,-7,0,5.570899294400146,0.7471386978917035
a5b249ff-ec01-4990-9470-5e04aeae4ae4,2023,2023-03-24,8e941979-021a-4b68-ab5b-5ee34fe0e06a,05dbf7f3-9fc5-4818-bf47-490e1f7c7186,-7,0,6.10583771150483,0.7573597956869517
bd43f663-c7c3-4acd-a132-df55e94bec25,2023,2023-03-24,c238c9de-59e6-4d8d-b9d0-745eb8ec96ab,d1838999-77de-4a4f-9d66-e6071f5a079f,11,1,11.962912523736374,0.9123979329065696
c681b202-6558-4c78-afb7-e854545882eb,2023,2023-03-24,c8e7388d-5a50-447b-ade8-addcc758d8dd,173a69ab-4f3c-453a-a1cc-8b83c0ee2b49,-14,0,5.709843902761903,0.729283660597526
f33f19a2-7e2e-47ec-b4f8-8ad713ff56c4,2023,2023-03-24,ec3ac254-d13e-4b51-95ee-389447c70400,888089ca-9632-4e33-856f-b210b1d946cb,12,1,-1.2914434369618264,0.44040900376916015
a3622572-341b-48ec-9c99-b11e2c94c3d3,2023,2023-03-25,6ddd1347-422a-42ab-8c8e-fd5c9b4e78f1,e81d4510-e1ee-4dbf-9b00-28fe6eedbfb4,-3,0,-3.748471167662319,0.48992143405234273
f7ac1e7c-2285-4bd7-972d-dd690222272c,2023,2023-03-25,41088861-2288-4681-9b1c-b52f63527faf,8b7efe80-a558-4a31-90d4-b59ad2ffdcac,-28,0,-4.563804228646052,0.4111086258075384
2d9521e1-4df7-48e8-b7cd-eefa7577c692,2023,2023-03-26,05dbf7f3-9fc5-4818-bf47-490e1f7c7186,c238c9de-59e6-4d8d-b9d0-745eb8ec96ab,1,1,-1.4571658504447311,0.47831596057748216
c497a85d-67ec-4cb2-a2fa-424f30d3a142,2023,2023-03-26,ec3ac254-d13e-4b51-95ee-389447c70400,173a69ab-4f3c-453a-a1cc-8b83c0ee2b49,-7,0,-1.2693073820635696,0.3633244471570388
4443e3fd-86c1-4b6a-b9a8-2c547878422d,2023,2023-03-28,389dc2a8-706f-48c0-8579-33b1857c38b4,0ac20cc2-e801-4648-8850-2fde30c2def5,2,1,1.0532361407726922,0.5500880720631158
6ca7f649-1403-4516-a9fd-741e2d9a8a5f,2023,2023-03-28,cbb7e0c8-4326-453b-9357-a01df1076809,e383f809-990a-4dd9-85b1-4288d45884e7,2,1,6.052881814157805,0.7471151900616988
86117458-d548-4f29-aab4-bdd0391d02c5,2023,2023-03-30,389dc2a8-706f-48c0-8579-33b1857c38b4,cbb7e0c8-4326-453b-9357-a01df1076809,7,1,-1.8090578840948084,0.3466661375934365
0cbd3507-8f14-4f2d-97a2-7261678b356b,2023,2023-04-01,05dbf7f3-9fc5-4818-bf47-490e1f7c7186,e81d4510-e1ee-4dbf-9b00-28fe6eedbfb4,1,1,1.7439941401131789,0.5508577894531221
d98552b9-9e11-4deb-ac1f-c64597194616,2023,2023-04-01,8b7efe80-a558-4a31-90d4-b59ad2ffdcac,173a69ab-4f3c-453a-a1cc-8b83c0ee2b49,13,1,8.804227738649207,0.7879729507624268
459a6be5-7c8b-469a-aea4-05a972addfbc,2023,2023-04-03,8b7efe80-a558-4a31-90d4-b59ad2ffdcac,05dbf7f3-9fc5-4818-bf47-490e1f7c7186,17,1,8.91340427401451,0.8211093568632003
