game_id,season,game_date,home_team_id,away_team_id,actual_margin,actual_home_win,pred_margin,pred_home_win_prob
524bfec6-05d9-426b-952a-c2291c7f4e55,2025,2024-11-17,d2d39132-b6f8-4e0d-96d2-4e89419550fa,af997d63-624d-40db-bffd-18de780e2f59,15,1,4.671681130232038,0.7051153501662193
dd7807c3-2ee2-4aa5-8bb1-67449f7a9a34,2025,2024-11-17,000d55e3-3608-43be-aebb-6926cbe6b7b5,e6431705-05f1-4df2-9721-8369a3a493dd,2,1,15.057860662178957,0.9270198048315037
3ca73a93-2b28-42b6-8af3-7c72aaa52377,2025,2024-11-20,8a391aff-89a4-4586-9d57-71299178703c,2389c341-a290-43f4-b0e8-08ee6a15c14c,4,1,14.848342121115133,0.9300420342186559
55a379ac-63ec-4a00-a9b5-fc3fdff38033,2025,2024-11-20,24cced85-1369-4dbe-8abf-92fb8d456618,5858896e-5e67-463c-a38c-c7431f157945,-4,0,-2.8005832820400993,0.3118886305911997
e88a9017-e047-49ce-b18e-cdd2b77e49e9,2025,2024-11-20,69293aea-705f-44e4-81db-36e52bcb1813,2e0b49d9-a257-42a3-955c-b0b0af5a12db,38,1,33.51565486315613,0.9843102280037068
4bed3ca2-8216-41fa-aeaa-c5d6fa9142eb,2025,2024-11-21,60adcfeb-0ca6-456b-b51b-d8d3a324c55d,714115a3-e87c-4c38-be62-cfe9dada315e,17,1,19.569214714395226,0.9739687495548206
f6e565e7-1f5d-4e04-8c76-36ed87923d92,2025,2024-11-21,031d384c-ac9d-469a-985f-3214f2b9972b,6a154b5a-b7dc-4299-86a1-c9ecd354b8c2,18,1,-1.9351171245375478,0.3761473199703114
007dcb9e-6909-49ec-b848-84355ae667d5,2025,2024-11-22,e51388ec-8e0a-4c32-a70c-4890e3e61d3a,58d76bcb-6251-4be3-9fce-6e748e521d87,-8,0,11.384657201513974,0.8624118554858407
081bc6b3-7da8-4214-adef-1e78f4ad5acf,2025,2024-11-22,3aedc020-716e-4a2c-a7f8-ab1abaf53d87,d8940484-2c3e-4ae3-b77c-e5e00f048ec7,9,1,1.0900041490003196,0.5698167289169206
29ab0bcc-09d6-4c78-9d18-85cf02ffd74b,2025,2024-11-22,31a5142f-21b1-4d3a-87fa-d39f7746b7a8,705e808f-a589-4af4-8baa-45ce5b2e969e,33,1,37.83921318065735,0.9921103748427401
29ffaf94-a35e-468f-b79a-cab32df04cc9,2025,2024-11-22,aecf6cf2-725b-4450-9b49-8491e6a4ee0f,a7fd1d4d-445e-4899-9731-00f7bff74284,-7,0,-9.9603278687013,0.11963203466235285
2a7c6713-dede-495b-bc79-5fbbe3cb07f9,2025,2024-11-22,c91670da-50fe-4e29-9e0d-e0a2d01897cf,ba87013c-8cb8-41eb-95fb-16991c536506,-15,0,-5.82435775563664,0.33612244118883805
2b53d5fd-9d22-43c7-98df-3209fe1fea97,2025,2024-11-22,1799ef2d-85d7-4ba9-8048-33b1956ab3db,40960630-05f9-471c-b4a6-0eea2cb6345d,-9,0,-3.614510605938339,0.3610113441737632
45acfea7-623c-4f8f-a8cb-b81007482abc,2025,2024-11-22,6a154b5a-b7dc-4299-86a1-c9ecd354b8c2,741b4fec-9ede-4efa-a807-8c1679e962a6,-3,0,4.055430955913477,0.5722281343271377
4ea6eefa-2e58-4382-a80b-bc1468ae0dae,2025,2024-11-22,c87682db-2ff7-4c63-9820-df6c8409d5b3,5858896e-5e67-463c-a38c-c7431f157945,9,1,-7.490791546278927,0.22751712432210044
5b41ccc3-e5df-4b89-81da-ecbdcfaa8ca4,2025,2024-11-22,81ce1538-893e-4f62-9812-5468866f484e,325d11bf-595b-429a-8342-97fe68b1a3cc,-2,0,10.88084902724193,0.8472222165234968
6317e8aa-be3f-45f6-b01e-3d0eb8c1fe88,2025,2024-11-22,a00214a0-9c1b-4018-a085-500dbd55fb17,a2a4c8c1-e611-4717-92f2-fccc9217a883,3,1,-5.353541234349844,0.3293241621989014
6f07ad11-d325-418b-8b02-8dbc167bac3e,2025,2024-11-22,7732f0ad-152b-481b-be13-de99facad3ed,37d0bfe1-4a78-4810-9371-3268e54026d2,6,1,14.723049536893727,0.9542894375615578
7d747a63-062c-4109-bfd4-e13dcd531bb8,2025,2024-11-22,d52e191f-c4a5-43a8-b16a-1d87ecf7ce9d,66244ae3-7fd6-49a7-9304-4ae41bea9ab3,13,1,1.8150454922944246,0.4707047029080365
8c7dffae-54ad-4c06-a50b-5c2ce675afe9,2025,2024-11-22,7cf9cb31-3bfd-486a-90fa-8fa6f3bb44a1,8860a6b6-e60d-437e-afc3-b42e8cab8d79,-12,0,-10.576243724753125,0.21469155074693622
8fec3e82-dd3e-4bbc-8d99-46cb4be91bfd,2025,2024-11-22,a2f3412c-1391-45d6-9516-eeef28f38cff,375d7498-7795-4ff1-bcf0-e13cdaccd9e5,-12,0,-9.425443242771506,0.14003804055600386
939304b2-b3b0-4f16-be4c-78c9774143f7,2025,2024-11-22,561ee565-69fc-4571-95fe-32ac563e53f0,7532f347-4701-4460-abfa-98034c2ce687,17,1,7.167450418458535,0.7197689871298916
a4159482-fbdf-49a7-bf53-2722fab32ec6,2025,2024-11-22,a6332591-4e2b-4b84-82bb-debc57b8b614,9c04a238-121e-47ea-a3bb-436957b78a8b,5,1,2.830745081272217,0.650446552216799
b770babc-6746-449d-8a60-8897e0ddf8a5,2025,2024-11-22,d75e1814-b8c9-4246-b06c-afe60d661528,308dd2dd-d731-4927-9bf5-e8aad5900158,-2,0,-0.431928458276187,0.419644119345786
c974d423-2739-41e4-9856-ad30f6cd96da,2025,2024-11-22,9c2f288e-9523-4b69-ae64-ab0876fec6a4,48f318bf-54e1-4e42-b6e9-47c3bdaf4fb8,12,1,-9.938574402370817,0.15713572390680822
cbe58050-fd11-43d2-94a8-9b33460ea744,2025,2024-11-22,4b6cd009-754d-44ee-9433-124bad801b02,483b9ce0-4c9d-43d0-979d-831c7298213f,-6,0,14.641122924061897,0.9230791515258833
cfcac039-e55b-4ad8-b66c-88d5e99515a4,2025,2024-11-22,6ba99b19-8a61-49da-9325-3e04939d3d5f,9007c268-37e0-4ab1-ac60-f9cdcb3a7a8f,-7,0,-11.153048451932122,0.1037142341464291
d37946a5-ca85-4882-bc90-9db7a15abc02,2025,2024-11-22,d8e2daca-6b8a-4f31-93d4-8cf6dd93fda7,bfd9aeef-b698-4868-8a44-436dd23e4ae1,4,1,2.852668623746521,0.5449273561579494
dd949945-3f4a-4b62-9bed-70ba9091d7ef,2025,2024-11-22,031d384c-ac9d-469a-985f-3214f2b9972b,700f42bb-65b8-4e08-bfdf-8dba2e0bd260,-3,0,-9.29959255480831,0.18233803438596735
ddad6c16-ae1b-4d03-bb55-bb0b45e192d9,2025,2024-11-22,6b776d4e-7c15-4c08-b195-ddf7052c762c,f8ed9667-67c8-4fc7-a946-d81c4cbe8fed,16,1,15.987585274348323,0.9747500771821298
042b1887-f194-44cd-a8e9-68dceeb28903,2025,2024-11-23,14b85f13-07f7-4bd1-8f5f-32720dbe1c9e,7d5a75d9-3168-47d2-92b5-e680e056b479,36,1,10.885211262910257,0.8925032488355849
0d278d06-6a48-4b6a-8a1e-0a888281fc01,2025,2024-11-23,2866b25a-1e5a-42be-8763-ad87278ec1d9,58fdb1cf-11b4-437d-a338-e497be161811,-21,0,-0.18743837987854978,0.4398798424308668
11680fb6-0b73-4883-9665-bd67828b88d5,2025,2024-11-23,7732f0ad-152b-481b-be13-de99facad3ed,325d11bf-595b-429a-8342-97fe68b1a3cc,35,1,17.934651296259428,0.96659628287696
11d5aa33-9624-4341-ac8b-a6838d37af51,2025,2024-11-23,f22ee0eb-5079-4c19-b46d-7d40e14d7636,abb24ec9-06c7-4ac8-a0a7-299760b256d3,-7,0,-14.265618450695953,0.057397397604753445
1b3efde6-1c24-4dac-9ac9-609d4fb6b8ee,2025,2024-11-23,aecf6cf2-725b-4450-9b49-8491e6a4ee0f,66244ae3-7fd6-49a7-9304-4ae41bea9ab3,-15,0,-8.264577424170483,0.18827485992496898
1def17d0-4b2b-49e3-8631-01f6fb0a43ff,2025,2024-11-23,bfd9aeef-b698-4868-8a44-436dd23e4ae1,85708ae1-7d66-437a-9d70-bcb680bdfa86,-2,0,4.592830393288231,0.6886041691548056
21961219-f0ab-4847-8a28-5e913dedf493,2025,2024-11-23,77bcefa1-a18f-4280-a5c9-2d1573b78e0a,88ae8bb6-fbd8-444d-8d22-f485d82d2e67,24,1,12.840623268578625,0.852491954690292
23d21618-c43a-4e0a-a9e3-0cedd73c10d7,2025,2024-11-23,d52e191f-c4a5-43a8-b16a-1d87ecf7ce9d,a7fd1d4d-445e-4899-9731-00f7bff74284,-17,0,-0.8382123209324285,0.4524940807578859
2787dd0c-20f8-4536-88d2-d627053d0023,2025,2024-11-23,c878fb5c-c2e2-4f40-a5a0-f297cc0e51b8,821de2da-b464-49f2-aeb1-293e7aedd6de,12,1,-6.937262518292427,0.23298471957458913
2893705e-632d-4914-8256-2a14e8500eb6,2025,2024-11-23,a6332591-4e2b-4b84-82bb-debc57b8b614,02073ad7-1bb6-47dd-a1fb-fae5e0bc2ed7,7,1,-1.3800708171793814,0.3776258323512843
2baa9420-d757-4664-b16b-c31e77dbc897,2025,2024-11-23,9ba0c75f-bad2-428f-9038-d695c2385098,2c1fdbd4-c0c7-4750-b829-f7a6b7bc5710,-3,0,0.04113484037704568,0.43814243827497296
33398364-0d8a-4530-a39e-edb2dbb60bdc,2025,2024-11-23,83384eea-0854-4284-a875-f47d9b0c31d8,b67edcbb-77d5-4a29-aa67-e1733b9a001a,-4,0,1.8322812251221383,0.511826632304942
37f87679-23ee-4885-89a9-f69624b1ed77,2025,2024-11-23,f1e9470d-a3c7-4ef1-8583-6bb917490ac3,6f9a1a81-2dbf-490a-ba3c-8f8fadddd9d4,15,1,1.8154182881358847,0.6323737928083755
3d85aa6d-a78e-452e-a475-408ae9890dc4,2025,2024-11-23,64975048-1db2-4ded-ad28-05b8d8aa9c66,2389c341-a290-43f4-b0e8-08ee6a15c14c,14,1,25.51846410496931,0.9787935361565363
41d1824c-565e-4401-ac04-91c91b5adc64,2025,2024-11-23,6482154d-967c-4e24-af4e-6cdb9ef80e00,3e287cd2-e8fe-4612-a996-d02de5cd9fb2,12,1,17.571731550405694,0.9775643166596035
4dade9a9-40e9-4fec-ae65-a846245dbf63,2025,2024-11-23,8fdfa7ed-88da-45ac-9520-9a9e9fbe2586,e6a72d83-0126-42a5-b202-cd710e233fef,10,1,20.576582376130904,0.9739050567308976
50960945-ae9a-41a8-9a3a-bcf4378a3af4,2025,2024-11-23,61ce5009-1768-42aa-b377-fd95cefd07af,a1c48553-79dc-47b7-8672-3b204100c8ec,10,1,3.242395434316802,0.625756617561638
54baec86-52ce-4d98-898a-972b4d5393ab,2025,2024-11-23,9c04a238-121e-47ea-a3bb-436957b78a8b,3bc11d41-6e7a-4932-b0d5-e15a8f310406,-10,0,-7.22140398885483,0.3088176944917115
5a757402-c90a-4302-96de-78636832a164,2025,2024-11-23,be9af39b-8a19-4b9d-89a3-bc6dd35defa3,9f7dac5e-38e1-4e63-9e50-e6b0d822fddf,16,1,25.6382873598097,0.984563939216018
5d3c730b-c383-4e8b-9b0a-b35416a28544,2025,2024-11-23,60adcfeb-0ca6-456b-b51b-d8d3a324c55d,6cd07c06-66e5-421d-a8d3-84cd9833bce3,-4,0,10.16096371086942,0.8185464349919431
68e02d71-15d7-46f6-a232-a0d2bca37291,2025,2024-11-23,af997d63-624d-40db-bffd-18de780e2f59,ad21cf61-9161-4409-af92-468be5a0142f,10,1,10.841417511649876,0.8989402509496282
6ec63dea-db59-423b-8440-52c5c8b8387c,2025,2024-11-23,ff2fa864-282d-4503-9a88-8c10619b0e3d,68a583e2-b11a-4a35-b102-095903fabdd8,9,1,10.4361367416794,0.9123426865843637
79ac0abc-7fb0-44c2-b308-550f923f9472,2025,2024-11-23,b9840fe4-f776-405a-8b8d-3c388de0792b,2fe58a98-ca14-421d-83f6-aac80bab3780,10,1,12.195664792040981,0.8420948156821585
86f6a659-f0e3-4bf0-914e-f64317ede39a,2025,2024-11-23,5d005d94-2060-493e-af42-31885c78962f,e51388ec-8e0a-4c32-a70c-4890e3e61d3a,1,1,-3.0962731892006294,0.35875337265389073
8eaee176-972c-4539-87fa-08d3ce7207f5,2025,2024-11-23,8dae6732-0634-481a-90ac-d73bf6a19566,ad9fa352-0a34-41df-8ad8-38855ef63d91,-4,0,6.1397207627450685,0.7200486796287829
a6c62bf5-9110-4294-af9a-8eb72956affc,2025,2024-11-23,51ff831a-13fe-411d-a486-ed3c7ea2fb5e,51d48e8a-41da-4087-b00f-c65fc8fc1ce7,19,1,8.557281743969844,0.9032834277267009
aa78f039-d920-48d6-97aa-477b91937e54,2025,2024-11-23,9123b907-3559-421d-be7d-7e238eb0c266,c333af2f-2819-4e30-8541-dbb64eb01cbd,8,1,-3.2936167237561915,0.3103236436518768
ac2c6094-dbcc-4eda-a44d-e0d25fd69f24,2025,2024-11-23,7cf9cb31-3bfd-486a-90fa-8fa6f3bb44a1,b31c989d-1667-4be6-8a91-193cda486b3f,7,1,0.9210473266909326,0.38658554391567673
b155bfc2-494b-4243-ae45-0551bc52f074,2025,2024-11-23,81ce1538-893e-4f62-9812-5468866f484e,37d0bfe1-4a78-4810-9371-3268e54026d2,-6,0,2.735462039715286,0.6868148662641704
c0b8df5c-54f0-4785-8798-101f6d134270,2025,2024-11-23,db5b4ba8-4030-4125-845c-337b3ed300b4,c6cabd85-4834-4f62-94ab-57143286b512,11,1,4.260850591657658,0.6808859234793873
c32625ef-503a-46d9-9a23-1494ccb151d7,2025,2024-11-23,b0e26736-fae2-4d59-85cd-4b5243f23c8e,9c2f288e-9523-4b69-ae64-ab0876fec6a4,21,1,21.826056417090175,0.9830086841365309
dd179a3c-ebf5-4a40-ac18-635eb67edd74,2025,2024-11-23,9b729374-1ae8-46e9-bfe6-2348cf00056a,8860a6b6-e60d-437e-afc3-b42e8cab8d79,-10,0,-7.660776416454696,0.2240503523163558
fb511bc6-8798-46f4-91a1-75030eebdd4e,2025,2024-11-23,bc9cb402-a9b1-4644-acdd-ae7e0571be90,fb109583-87bb-40c1-a02d-7d40bcd7c52a,25,1,28.520241926931195,0.9884676579389814
fd4cf2c4-c8d6-4d12-a9eb-73611a612b0b,2025,2024-11-23,73493513-0a1c-4fec-9e40-429225bb809f,7e838ebf-74ed-42de-9f2e-d8057aa77de5,2,1,2.620690885194561,0.601517146723209
0ada3c14-b53d-4412-bc60-94f597fae211,2025,2024-11-24,031d384c-ac9d-469a-985f-3214f2b9972b,6ba99b19-8a61-49da-9325-3e04939d3d5f,-1,0,-0.3224003612438589,0.48845913969727406
19153533-ff55-4ba3-a1f3-8fabc3422a54,2025,2024-11-24,8dae6732-0634-481a-90ac-d73bf6a19566,2c1fdbd4-c0c7-4750-b829-f7a6b7bc5710,1,1,5.723931238140967,0.7103039486658032
1a42c215-379b-4729-8f92-c96ec5f64458,2025,2024-11-24,a2a4c8c1-e611-4717-92f2-fccc9217a883,69642ef6-85e9-4dfe-ab65-4cca6a1688d4,7,1,9.83717060322,0.928466388032338
1a4b48ba-4ba2-48d8-a44a-08457c807ecc,2025,2024-11-24,e1c5e9f4-197f-4a7b-b871-bdf72ca0cf3a,861b8733-b443-47d5-9c5e-f56373a8fb9c,25,1,10.855094381689705,0.8413019872182028
24c8b72c-6431-408a-9837-fc07b11eb3b0,2025,2024-11-24,561ee565-69fc-4571-95fe-32ac563e53f0,c921ba85-0782-4ce6-80e2-44f0c43d4f16,13,1,0.2758113404318319,0.4880456296539333
26d56c75-c6fe-40ab-927c-9db9cbf3d73a,2025,2024-11-24,f5ed0adc-4078-47c4-aba0-3dd2de221774,7e838ebf-74ed-42de-9f2e-d8057aa77de5,5,1,-4.041229114520932,0.29060334360583806
288a0e2f-4089-4385-93a5-435414ee279e,2025,2024-11-24,17dd690c-8f33-4c2e-94ef-326bf0628517,c333af2f-2819-4e30-8541-dbb64eb01cbd,-6,0,-1.6747530499607552,0.3554229727439907
2c562ef0-b406-4ac8-8de2-167c92e21236,2025,2024-11-24,85708ae1-7d66-437a-9d70-bcb680bdfa86,d8e2daca-6b8a-4f31-93d4-8cf6dd93fda7,-4,0,-7.3921308012289675,0.2877332848850178
37fc3dc5-1da8-4227-a500-69c9c87488a1,2025,2024-11-24,fb109583-87bb-40c1-a02d-7d40bcd7c52a,b704622d-2904-4237-b9a0-a9865096fefd,1,1,-9.581018357116516,0.18199795761349669
43f3ea29-f930-47be-a09b-84c74691c680,2025,2024-11-24,02ee8976-6844-4a27-9f72-aca9acf8f5d0,58d76bcb-6251-4be3-9fce-6e748e521d87,15,1,15.41532834464351,0.9692085519466447
4d22499a-b336-4fcf-b94b-689a415c1efc,2025,2024-11-24,ad9fa352-0a34-41df-8ad8-38855ef63d91,9ba0c75f-bad2-428f-9038-d695c2385098,-8,0,3.437417374556482,0.7077314555866329
51914209-6c9f-4a18-8dcb-bc992350774e,2025,2024-11-24,829dbc21-e757-475c-ab7a-2a3172ec0683,b58599cb-bbcd-41e0-9746-6ce1ed5597d3,8,1,15.13277291833337,0.9410664218974679
563f0476-2b31-43c2-b727-0a3992baec9b,2025,2024-11-24,a870c009-c0ca-48e9-a456-1ea2b2b779ef,bc9cb402-a9b1-4644-acdd-ae7e0571be90,6,1,-8.34649696631594,0.12071914625004104
57de92a0-4827-4dfb-b78a-f1f69062828c,2025,2024-11-24,6b776d4e-7c15-4c08-b195-ddf7052c762c,3dd34e3a-6cf5-419c-8042-503af5d36e7e,-11,0,6.753026380141329,0.6566701598847053
59cdcc2c-436a-48db-bdc5-3256e9e706f8,2025,2024-11-24,935d92c1-aca9-4b21-9e0d-b6c396fb067c,14a1f904-5f97-4e98-885e-5d6c4f102ea6,15,1,11.770869636776556,0.8744785366750164
5e01eff2-d086-45f3-b97f-0a4c511fe633,2025,2024-11-24,d8940484-2c3e-4ae3-b77c-e5e00f048ec7,12ae7230-4fab-42c4-a7d7-88e118290c3e,-4,0,-12.01002702667251,0.1302655262783306
5e239efd-59a7-460d-ba90-d2074b6d2a8f,2025,2024-11-24,ab5be1d8-ac8b-4c5c-8e26-320585a8bdef,f829b41d-4185-4fb9-98e0-bd7bd9b6bd7d,-6,0,-8.376096413976871,0.17879939255447028
699f297d-617f-41f4-b99b-690d48530b0f,2025,2024-11-24,d915e7c4-a333-4d6f-9c21-5904d58e75bd,62d54283-52d6-4daf-901e-b6ae1bdf29c0,-33,0,-6.335732566606472,0.23556758623308377
6bd0ab86-c1c8-4bb9-98cb-77fb7d1e8c4c,2025,2024-11-24,641dc594-03c5-4ae6-8564-0ccb3c8edc77,f0929311-9f5c-421d-8573-4b4bee0c314f,49,1,39.57504406264726,0.9935938005843978
7d25c9c6-c883-438c-b3a4-69a556b27682,2025,2024-11-24,73493513-0a1c-4fec-9e40-429225bb809f,75dd9179-8700-4b34-aeaf-2cf608aec25a,4,1,-1.1029004337228012,0.49738760066234067
84e1722c-f6a6-4836-a53d-597d06b89f73,2025,2024-11-24,05005d1e-02c0-46c0-8b4d-19dc825698c0,41ff62eb-8cb9-4e63-9c2f-50989d3e65c1,-7,0,-1.1742267036385874,0.500697455621941
8a7c01c3-d1d5-484d-91ca-a1fdfc852a0b,2025,2024-11-24,6a154b5a-b7dc-4299-86a1-c9ecd354b8c2,a2f3412c-1391-45d6-9516-eeef28f38cff,27,1,5.513530996143425,0.769379970534088
8b0a0610-37ed-433e-a837-38fc18e3f1ba,2025,2024-11-24,7a78a9a6-0d5b-4fae-8fb4-98bc816ed903,5d66e35c-66aa-44ac-b72b-33066edb3e20,34,1,6.710211453134663,0.7501059307350411
8d038c71-6314-4fa3-a511-f807643db9a7,2025,2024-11-24,241f50fd-2121-4b74-abd9-2ddb98d74a2e,6482154d-967c-4e24-af4e-6cdb9ef80e00,13,1,-1.2132715507142933,0.37516221287917145
96e46302-5c36-40fb-9987-159913bcacac,2025,2024-11-24,741b4fec-9ede-4efa-a807-8c1679e962a6,375d7498-7795-4ff1-bcf0-e13cdaccd9e5,9,1,-6.869069856686245,0.2678295744537286
a2a0de97-61c6-49e1-a3cb-050655f2b71d,2025,2024-11-24,9123b907-3559-421d-be7d-7e238eb0c266,dbd1798b-2cf1-49c5-9f33-caefec39594e,19,1,10.171828596381829,0.8536314895908212
abdbdc99-54ae-4eb6-8bf3-f1ec9dbab15f,2025,2024-11-24,185c12ee-a2a7-4588-84f2-4b4b270a75a6,cb8412bc-37cc-43bd-b58b-a5e5956df339,10,1,9.574903901918061,0.8394775103981954
b2e9004a-b30c-40d4-9618-8abe6eb4ceef,2025,2024-11-24,6628afb6-e6fd-4d7f-be94-a19527da56fa,17eb5319-07ae-4f0e-b1d2-8e828b07ed79,24,1,16.397571525209756,0.9586756781627684
ba67785c-f42b-44bf-ab84-7c9d1c1e47ad,2025,2024-11-24,f0489380-9e3d-4613-ab85-fc32d9368997,77bcefa1-a18f-4280-a5c9-2d1573b78e0a,15,1,5.906728768315031,0.8371363069133737
bf9531a2-a2ec-4587-b95c-62d95de241e6,2025,2024-11-24,700f42bb-65b8-4e08-bfdf-8dba2e0bd260,9007c268-37e0-4ab1-ac60-f9cdcb3a7a8f,11,1,5.093062640162155,0.7114924852786041
c874bfd7-b7dd-4fd1-955c-bc1f6d116008,2025,2024-11-24,b24e3987-105a-4e03-8184-b15b2947a98c,b67edcbb-77d5-4a29-aa67-e1733b9a001a,-7,0,-4.778000306246069,0.3772598113838422
cb0aaa2c-76c3-4298-8e7b-d2135f73c5f7,2025,2024-11-24,a00214a0-9c1b-4018-a085-500dbd55fb17,c75216c6-4563-402a-b8d6-b8434793ea38,12,1,4.829287093686634,0.7616735748090476
ce474dcf-0228-48a9-88aa-d2b7b8387ea3,2025,2024-11-24,a67d2a73-fb71-42b8-97b7-9b72a49efc06,195318b0-fa80-45e8-96b2-e83346e70a64,-2,0,0.981853554126985,0.4495131556915266
d75b5463-c816-4e10-bf5b-03b638104914,2025,2024-11-24,f8ed9667-67c8-4fc7-a946-d81c4cbe8fed,5c6768d4-83c5-4e23-aafc-55ac70126454,2,1,-3.664838531543347,0.4257155098997089
ef8387c9-8edc-4607-a419-ac7567f1be33,2025,2024-11-24,c6cabd85-4834-4f62-94ab-57143286b512,cc4cdd9c-0563-41d0-bbb7-29b825db8e55,3,1,-7.5808624671048515,0.31045112537102926
f311f11c-bf06-4a69-a6a7-b3128c574899,2025,2024-11-24,c9942b49-0bf7-4dda-bc78-bf2e3b174055,79c6b473-0e11-4c2b-aa4c-8523cc9afa48,17,1,12.534782782390106,0.9175671115468723
f581d496-03be-4ec2-8fc4-9787c62df355,2025,2024-11-24,f63b8169-081a-49c5-8b53-2f7b3e524fb8,c4972de1-bfaa-4820-893c-10adf1095f0a,31,1,21.836012315799795,0.9785336494786248
04ecc731-85c5-4b29-b09f-7d9a67104445,2025,2024-11-25,f9a35e93-6a9b-427a-8901-d74cf3f23676,7532f347-4701-4460-abfa-98034c2ce687,33,1,26.350354157928177,0.989857386237394
1f247106-4f87-4208-9ddd-2f447bd19aff,2025,2024-11-25,9fb181a8-2807-4e27-9442-8e09de6c9575,bd53017b-0998-4291-a0d1-1c9f45306402,-6,0,-12.70906480919381,0.10222679469456021
2877a6e6-93c1-4856-96b4-3807eec1cfea,2025,2024-11-25,5320a4de-9279-4990-9ee8-6638339220e0,308dd2dd-d731-4927-9bf5-e8aad5900158,6,1,0.5097010262770528,0.6340391130843653
2ea31ce8-d95e-4c4e-be64-2430ae339cdd,2025,2024-11-25,8daceea0-e7c6-443f-9452-f56f9faa56de,46a5f9e6-fe34-4ea4-867d-ba4e31297465,2,1,0.946971257195049,0.5520872102346533
5181b59a-7e37-481c-952c-8d89b80e63b8,2025,2024-11-25,185c12ee-a2a7-4588-84f2-4b4b270a75a6,307416ce-030c-4156-8d62-1e2632e9e26c,3,1,10.167136565519248,0.8966114786108033
578ebd4a-d9ce-4308-85ed-aafc3a90c9dd,2025,2024-11-25,8bdfa757-6fe1-4ee1-a1c5-279e7f35fa1e,b8772a3e-c4fb-4396-8eb8-b30c8a36abb7,2,1,5.972317550426767,0.6989201445693266
57dec2ec-6be3-46d9-9a98-097c2df2a4ec,2025,2024-11-25,7cf9cb31-3bfd-486a-90fa-8fa6f3bb44a1,9b729374-1ae8-46e9-bfe6-2348cf00056a,-5,0,1.796384228692606,0.522158537335953
5fc39edb-37ca-4b09-bc79-0adc97d6560b,2025,2024-11-25,3aedc020-716e-4a2c-a7f8-ab1abaf53d87,5c7c373d-1822-4c63-aa7f-64745cc99c52,1,1,3.855403628799964,0.6213268196479315
63ec387c-406f-462b-9aa0-d5ebbea094ba,2025,2024-11-25,61ce5009-1768-42aa-b377-fd95cefd07af,52aab06d-922e-4906-9dc7-3c0fe7d3e2c2,7,1,-2.752258992021659,0.3000896118664845
6829be9f-2641-4a4c-a339-cab1038e36ef,2025,2024-11-25,68a583e2-b11a-4a35-b102-095903fabdd8,e51388ec-8e0a-4c32-a70c-4890e3e61d3a,-12,0,-11.255417047829763,0.15891069807102653
6e03c8f1-c4d2-4dbd-af1c-4617f2fbc261,2025,2024-11-25,4edc5314-8f1f-46cf-90fe-fc3094be42cf,a79a95b3-2101-4649-8f36-782b24edba79,-8,0,-2.0124032671461354,0.39337391097078955
7a9f7d0e-1eaf-4bab-bcb4-f2baa8ec2ed6,2025,2024-11-25,78d97761-b499-435e-9097-b9d553f3ee67,78926156-3797-4ad3-aa39-fff13a311d02,-15,0,-5.225694442336494,0.3453252348921202
8a71ed91-a571-46a9-9f3c-403aeccf8a38,2025,2024-11-25,000d55e3-3608-43be-aebb-6926cbe6b7b5,c59d7c9d-7fd0-4a58-bdba-7904baeb0abd,22,1,16.16283086643963,0.9312465023531179
947a150c-6018-4a22-a641-d97ac3e5b69b,2025,2024-11-25,6bc97d46-dcb6-4437-a79f-2d351169817d,0f2c89e1-1c22-4add-af3e-a7d9982de167,21,1,11.299227501493093,0.8579723931451266
948234cd-74d5-4724-ba02-bf48060794b6,2025,2024-11-25,5896c71f-aaee-4983-9da1-2e953c561786,fa9fae48-c4f0-419f-97d7-5e2ba9d47858,-16,0,-2.9655033956243106,0.35221471124002407
95c1063f-b9e6-4b2a-a13f-84998ab3cc75,2025,2024-11-25,b6c7c93e-bdd7-4df7-b73a-c1fbe953199d,41e19184-6f6d-4838-b789-d8553db45753,58,1,25.90929786466947,0.9879119682180618
a99c5a4f-ae60-4c31-9d1a-d7b846bc816f,2025,2024-11-25,fe967dc0-fdb0-46b0-9629-0fd108949abe,3ed32cdb-d2a0-473e-9db0-fd63aaf9013b,-1,0,7.567945112253446,0.8142262371179995
b0746f5e-7d16-483c-aebd-5c83eb1f1be9,2025,2024-11-25,f02fe504-2b2e-4ed7-b9c5-4c7e6e224682,cb8412bc-37cc-43bd-b58b-a5e5956df339,29,1,11.271678691660016,0.9222848485571729
bb819657-be9f-464c-a93b-ad348a1e1fc5,2025,2024-11-25,a67d2a73-fb71-42b8-97b7-9b72a49efc06,58d76bcb-6251-4be3-9fce-6e748e521d87,16,1,13.328871299979316,0.9151812376069989
c30c9b39-4207-43a9-92b0-232d4ef9a260,2025,2024-11-25,195318b0-fa80-45e8-96b2-e83346e70a64,02ee8976-6844-4a27-9f72-aca9acf8f5d0,4,1,-0.606441138863207,0.5487988744863778
cb007e7e-7f20-4da4-ba13-18447112dd48,2025,2024-11-25,83384eea-0854-4284-a875-f47d9b0c31d8,b24e3987-105a-4e03-8184-b15b2947a98c,18,1,5.110255837465755,0.7136511780948117
d0a85e51-1046-4ab3-a486-39ac28a7de25,2025,2024-11-25,c87682db-2ff7-4c63-9820-df6c8409d5b3,026ac097-d80f-48f3-80e4-e6ae2b9ee383,10,1,-3.735244880848421,0.30806754695862837
d61562f0-faf3-4374-bd96-2e1159f59ffd,2025,2024-11-25,5c86ee1e-ee35-4d51-bc08-bbca68bc90f1,88e83e71-3235-4c21-85a8-da368f34e5fd,-1,0,8.033856882333442,0.8302339108847698
dedf75b7-462e-4702-a9d2-53936cd24ddf,2025,2024-11-25,51ff831a-13fe-411d-a486-ed3c7ea2fb5e,1b9c388c-a2e4-42dd-9e21-4841ed46cf4d,26,1,14.320166887979276,0.9558745002805964
dfcadcf5-5df4-4568-aa5d-7ee29ca93c67,2025,2024-11-25,416d2dd1-15bd-48e9-82e6-9277c0ab829c,12d2dbd5-0799-448a-a49a-671c218c8bbd,7,1,7.492869802871682,0.7022896890899863
e3adc44e-7630-4705-9bcb-6abe623a729b,2025,2024-11-25,06f12e7c-35a4-46e1-a2ed-0cacb16f9b68,52414cfe-b45b-4eab-a88b-e509aa446dfb,-5,0,7.723269069778117,0.7698326340409563
eb45ca2e-7912-4d0d-951d-50d05b4d8e03,2025,2024-11-25,44242fcd-cd9f-43aa-afc2-5a12ea89394c,7e01ae0c-d2c7-4d9c-beea-2da953b4c037,-1,0,-6.015214559322482,0.3774889934551722
ef7a6cb7-2fe4-4d38-b1b3-2fbcfd80752d,2025,2024-11-25,8bbfa6f2-6178-4c2b-bf17-66fba7623c4e,46671d80-ebfc-4f9a-8eae-19249794115f,-15,0,-15.139354711780928,0.09274540473816362
fbb00b7c-d047-43cf-a51a-d9d2e7120c46,2025,2024-11-25,ff2fa864-282d-4503-9a88-8c10619b0e3d,5d005d94-2060-493e-af42-31885c78962f,8,1,-2.239519279716421,0.43590684344236225
006e6c8e-ad82-45a9-8013-5533d30ac17f,2025,2024-11-26,4a976ca8-f51c-487c-ba87-dae41ddaee24,7c82650d-eccf-476a-b85d-69a73b6b7f8b,11,1,12.525500231850081,0.9271943009155391
094595c3-6d50-47e3-b7ef-c231ec52cf10,2025,2024-11-26,35163246-626a-4e63-899d-7a3798e88277,705e808f-a589-4af4-8baa-45ce5b2e969e,-9,0,12.640431112729567,0.8863696025394538
0d114538-a7f4-41a0-b0a9-c4345ab359a5,2025,2024-11-26,8bbfa6f2-6178-4c2b-bf17-66fba7623c4e,308dd2dd-d731-4927-9bf5-e8aad5900158,-12,0,-13.403444611477953,0.10825570089524555
161d8ae5-ccc1-4bcf-bbb0-e566e15e7240,2025,2024-11-26,a46fdb60-30d0-4807-a2b1-e29d8d7c22b2,7bc45016-4549-4672-9453-69c2a81aa576,-2,0,2.15096877137647,0.5036030024954952
1d068405-7a07-4970-a74a-4015f462bc84,2025,2024-11-26,6bc97d46-dcb6-4437-a79f-2d351169817d,9ba3c8fb-1162-47a1-873e-6cf11475a094,-1,0,20.181668292130542,0.9828829145170264
1f6d65b4-5e9a-46a8-9645-0372d46d94a4,2025,2024-11-26,6f7ff858-33b4-4d3b-b960-8a750dbe33a1,c514a4b8-22c2-44f6-a118-250ae80751b0,5,1,1.2174803693977987,0.6020483111436372
211723b2-418b-4ada-be82-df0ebf9d1651,2025,2024-11-26,7f0a740b-2a56-4bec-87c8-7bf2baf05d58,f3afec86-2594-4158-97d1-aaac68833b8c,19,1,19.78614230355599,0.9567968133426022
234fc1fb-d36a-433a-9b4a-b144acfc524d,2025,2024-11-26,48dab38d-2a0b-4201-94d9-c6ffaf736974,3027d417-64d5-4892-a6c3-c77edfaff436,-3,0,15.197859382716294,0.9485045336130247
2af0bff2-72a7-46ac-85e8-6409c1c91c13,2025,2024-11-26,5717b8ad-bb6c-432d-b223-01a330a59686,17ba9bad-9d46-41c6-9781-6a1e204da7b0,12,1,-4.674357290091965,0.35018873843469417
2ec10cf1-da6c-4940-a6d5-b27fea81c651,2025,2024-11-26,d75e1814-b8c9-4246-b06c-afe60d661528,78d97761-b499-435e-9097-b9d553f3ee67,-21,0,-15.843942819113378,0.05529849559921099
34260a7f-c7a9-4396-895f-aa5d2bd8c64e,2025,2024-11-26,1799ef2d-85d7-4ba9-8048-33b1956ab3db,2e0b49d9-a257-42a3-955c-b0b0af5a12db,29,1,28.05348013613937,0.9911780067378869
40fab874-b127-43a9-85a4-cfe64808e24f,2025,2024-11-26,4b7b8cc0-eb4b-40bd-a9b7-958fbe20894d,f89aec4b-36dc-4a40-a634-a744d4d646a2,5,1,3.385409147005313,0.607495211465828
41e45278-2d70-4a02-9fcc-d19679b801a2,2025,2024-11-26,2389c341-a290-43f4-b0e8-08ee6a15c14c,4319d016-ec3c-434b-9398-c88b1bfab01e,3,1,14.233761069064236,0.9396559763235145
4565d7b6-1539-437d-804f-a4f8878112c8,2025,2024-11-26,12d2dbd5-0799-448a-a49a-671c218c8bbd,14a1f904-5f97-4e98-885e-5d6c4f102ea6,-12,0,-4.224515552716531,0.40807273067172867
4796ce59-192f-4c1a-b618-4ca8423fd726,2025,2024-11-26,628efcd7-4ae6-4bba-9542-11e108d22d8d,4f9d3323-4211-41f2-8211-76b7efd6246f,-3,0,-6.225942869801472,0.2728213410453895
514901c2-f077-415b-8e26-02a5365ab1ff,2025,2024-11-26,e20e16ce-0f28-40e0-afe1-5492395d5e53,78926156-3797-4ad3-aa39-fff13a311d02,-8,0,-5.275928840718678,0.33897201258267157
56027c8f-b226-48e8-9c4c-9848bc0928ff,2025,2024-11-26,4b6cd009-754d-44ee-9433-124bad801b02,5ea1ef3c-5f24-4989-854e-a24a9e31ac74,-1,0,0.8347520423094368,0.5919132920215758
5eb3eeb3-d3c5-47b8-b327-4d707e183553,2025,2024-11-26,bd53017b-0998-4291-a0d1-1c9f45306402,52414cfe-b45b-4eab-a88b-e509aa446dfb,3,1,11.9518150972025,0.9135663254808191
659df0d1-6121-4ab7-9833-9056d0780e4a,2025,2024-11-26,5320a4de-9279-4990-9ee8-6638339220e0,46671d80-ebfc-4f9a-8eae-19249794115f,-13,0,0.3932594598084868,0.5612516161224578
665bb087-eb29-46e4-b01e-e385313faa43,2025,2024-11-26,cc0e2cc0-da4b-4021-8739-c0e7e235467b,5c86ee1e-ee35-4d51-bc08-bbca68bc90f1,-11,0,-5.3948567019421185,0.33817215872061995
682c04ed-5127-4e29-9eb1-e1e4696546ae,2025,2024-11-26,9fb181a8-2807-4e27-9442-8e09de6c9575,06f12e7c-35a4-46e1-a2ed-0cacb16f9b68,-13,0,-10.972720867143634,0.19719937257232165
6b39907e-cd92-4958-bc0e-5921aee2a47d,2025,2024-11-26,ba18e6aa-cbe6-493b-b91d-b0c8d4e8b0fa,9a0196e9-6b45-40b9-b0d0-df6bb1c90dc7,10,1,-1.751529365956434,0.37103120663497025
793520b3-c1ba-48f5-a03b-c1cfdf4f92da,2025,2024-11-26,27bf19a7-be0b-4fa0-8dac-8d9b7df5f363,88ae8bb6-fbd8-444d-8d22-f485d82d2e67,33,1,28.620070723312406,0.9868524392190492
7a1792e7-8280-461d-aaf8-14ac225f926a,2025,2024-11-26,0f0ea376-1ea4-4b1f-9a4f-e7301a0318a4,5b376c94-fc8d-4e0b-9977-1748d898ff24,46,1,39.38894704151752,0.9951854546742054
81c2c63c-7ae5-443e-9281-f8c2caf4c0e1,2025,2024-11-26,bbd86984-093a-4854-845d-01d65716f8fa,a79a95b3-2101-4649-8f36-782b24edba79,26,1,4.120920035991318,0.6054727184193796
86a2ea83-04e5-4fb2-a6ab-4cd0aa25ec5c,2025,2024-11-26,307416ce-030c-4156-8d62-1e2632e9e26c,cb8412bc-37cc-43bd-b58b-a5e5956df339,14,1,-5.580815105822586,0.31621797063810725
a61c55bc-6cf5-49b9-af8d-0370fd396bca,2025,2024-11-26,19313cd7-ad44-47d9-a9ef-b9e0c7238466,d756733f-2d8f-4ed6-8b7f-dc7804a270af,7,1,-0.7389047136905899,0.4262503629371994
aad3ede5-8bc6-4a07-937d-8931e974d1a7,2025,2024-11-26,a1594c03-e784-493e-8435-66f585997595,de0352b5-4ae9-49af-a027-b0dc86a005da,-8,0,13.456733828251005,0.9023158281278223
b743a08c-fb60-4bfc-aa0a-b7d155123fd3,2025,2024-11-26,31a5142f-21b1-4d3a-87fa-d39f7746b7a8,f1e9470d-a3c7-4ef1-8583-6bb917490ac3,45,1,30.313690862783933,0.9876903063979121
ba494dbd-a469-4605-8299-f82d1db46e05,2025,2024-11-26,d6a348c1-3237-43da-8690-d309d586a66e,a0bfc386-3dd9-4417-be3e-42f45cee6c22,26,1,13.732270559997108,0.92411874397033
c703514c-a002-4144-813b-c8ad406d7de3,2025,2024-11-26,52f17f8e-1af3-4d55-8323-0292fdf33297,714115a3-e87c-4c38-be62-cfe9dada315e,3,1,18.06822918030675,0.9657751060483487
d0410e3e-7837-4212-b2e1-a0e22ab3c42c,2025,2024-11-26,17e47b02-02b2-4bbb-a838-a4695fbc099b,0562b0a8-dbba-404d-9aa5-930ebe50c9b3,10,1,-1.4910190186022085,0.5361321958679289
d213fa06-1598-42c4-bf85-0f4fd2dbceff,2025,2024-11-26,8bdfa757-6fe1-4ee1-a1c5-279e7f35fa1e,7e01ae0c-d2c7-4d9c-beea-2da953b4c037,2,1,-11.781153339831388,0.09085008729079205
d68a1188-3ed5-4336-b979-258283c178df,2025,2024-11-26,8226bdf0-6c2b-4e2b-841d-e2a01a5e5145,d894373b-dca9-4d1f-a9c9-a123f8c1b600,13,1,9.241181532117427,0.8636196206558069
da981134-ce39-47fa-ac98-fb4ab6d6309a,2025,2024-11-26,e6a72d83-0126-42a5-b202-cd710e233fef,7d5a75d9-3168-47d2-92b5-e680e056b479,-19,0,-3.0341875582069253,0.34210992586036126
db0adeef-bd0f-43ae-a154-a7a100f7d547,2025,2024-11-26,6578af6a-edd4-4185-82fc-cdb933362d97,58fdb1cf-11b4-437d-a338-e497be161811,-5,0,-0.06990937576876455,0.4438170080215377
e0304e99-2e0c-4341-8ebf-727850ade673,2025,2024-11-26,33efd80d-8446-4d83-97fc-e864b132a0c8,43624e99-f362-48c4-b203-9af174b24be3,1,1,1.6843885419439455,0.6358659052729537
e0e1ae8d-55f4-478a-9388-260766f8dbe4,2025,2024-11-26,e4054827-709d-47e3-8f27-86b76b8f17d6,3ed32cdb-d2a0-473e-9db0-fd63aaf9013b,-4,0,-1.462524056150457,0.38461130721392095
e59e4d07-11f3-4db5-9dd4-1db60b68f3c2,2025,2024-11-26,ddb253d9-6526-4c32-a7a2-4462d6abe45c,f9261c55-02c0-49db-9993-f5d64a97b21e,1,1,-6.1140949478403295,0.16498202850565588
e6d9b3b0-e1be-4d39-8137-1f806edfc1cb,2025,2024-11-26,b8772a3e-c4fb-4396-8eb8-b30c8a36abb7,44242fcd-cd9f-43aa-afc2-5a12ea89394c,-20,0,-11.95020882048666,0.17264466621443011
ea549a32-c6b2-4371-bcf2-e0b103a39b55,2025,2024-11-26,de50cb63-b08e-4760-ad25-62eceb6c4120,01f45e3a-e22b-4c25-b1e8-0d5ac80e6a5e,16,1,14.43688081383487,0.9579555159161705
f12db711-3d4e-4145-bb60-7bd101cc4b1f,2025,2024-11-26,eb7098ac-5154-42da-b703-d3b3958b198c,351b4e0d-ecfa-4f26-963a-5d1e8b281052,-13,0,-10.421202581992674,0.1365418724126368
f4501f4d-5d13-42bc-9acf-970a7dd62dac,2025,2024-11-26,ed973a10-a469-4337-9742-eed664c61168,9e98a2ca-2d40-440b-b4d9-906cd168c9d7,-5,0,1.602475467999438,0.5601115330369634
fec80c69-9420-4eb0-8825-5423b1b38c73,2025,2024-11-26,88e83e71-3235-4c21-85a8-da368f34e5fd,1835c2ee-1e17-4d18-9ab8-a1bb3678b947,-3,0,-10.237738375884678,0.12853900172265018
07d8b96f-ff4a-4b5e-aa35-cc932ce052e4,2025,2024-11-27,17900399-e4eb-42bb-81ed-06f5be1309b7,d915e7c4-a333-4d6f-9c21-5904d58e75bd,-8,0,-0.7205037991196285,0.3768117874323114
0fde3a07-6b90-4fe8-9861-7f6cf2300874,2025,2024-11-27,cb86bdfe-2665-485f-9a44-846b23bdb2c3,593820ae-e46e-43a0-a5b3-904904eb9cef,3,1,2.8401044915955587,0.6598274369465656
10cd5ab1-b9f7-45f1-a813-470a3ae94851,2025,2024-11-27,17ba9bad-9d46-41c6-9781-6a1e204da7b0,7d5a75d9-3168-47d2-92b5-e680e056b479,3,1,-3.1622370539336724,0.45712790528917113
18f07724-1f6e-425c-8dbb-b7d16f01da48,2025,2024-11-27,83384eea-0854-4284-a875-f47d9b0c31d8,d8940484-2c3e-4ae3-b77c-e5e00f048ec7,23,1,5.571598024988436,0.7505873292802042
1cd5e63d-4cae-406b-805c-ccb9afc1cd61,2025,2024-11-27,6e056aa7-1906-4546-b6db-5910356fee72,c7345766-a5fd-40e1-9757-26d62af0b9af,25,1,7.095484327021839,0.650941113343691
1e260975-2b8c-4cc2-9511-25f15eb23141,2025,2024-11-27,4f9d3323-4211-41f2-8211-76b7efd6246f,9e98a2ca-2d40-440b-b4d9-906cd168c9d7,9,1,5.392742002920847,0.7345152196583068
1e523115-b3b7-489d-8603-6bd1d5462b55,2025,2024-11-27,f89aec4b-36dc-4a40-a634-a744d4d646a2,ad21cf61-9161-4409-af92-468be5a0142f,12,1,13.15432098334398,0.9333020291507029
2287e9af-f44f-449d-a312-a74c2640f1f6,2025,2024-11-27,144de2cb-963b-480b-84b4-10b39d4562ef,fa9fae48-c4f0-419f-97d7-5e2ba9d47858,10,1,4.663686319678527,0.6939351567477485
23a93aba-5487-4331-9e7e-cf6f9be86f0d,2025,2024-11-27,ab7c4477-bd9f-4098-989f-243e41356323,714115a3-e87c-4c38-be62-cfe9dada315e,-9,0,0.8064932524921564,0.5776749560519887
29e76940-b928-4c0a-ba7f-a8ec61f7a391,2025,2024-11-27,9ba3c8fb-1162-47a1-873e-6cf11475a094,0f2c89e1-1c22-4add-af3e-a7d9982de167,-11,0,-9.061658194992791,0.15411413642280347
2ad31f50-0e9c-4811-9de7-654e6d2dc494,2025,2024-11-27,cd6bef67-d192-4740-b7be-731c52686c54,f9261c55-02c0-49db-9993-f5d64a97b21e,18,1,-7.008003412060443,0.25195722336912224
349d2baa-3166-447a-bc36-b65be2222d83,2025,2024-11-27,70746950-a861-447f-a9ba-f53e329c27c1,f0929311-9f5c-421d-8573-4b4bee0c314f,12,1,19.43420500347059,0.9891313535838895
367f042b-9e5b-4480-892f-de6bbcba6062,2025,2024-11-27,eb7098ac-5154-42da-b703-d3b3958b198c,a1594c03-e784-493e-8435-66f585997595,-3,0,-4.986711630027619,0.3492962693160691
38ac2e44-75df-4b2d-bd3e-97aa8092bdb6,2025,2024-11-27,c7e47abb-629e-4b69-8d41-c87333fbe6b4,4b6cd009-754d-44ee-9433-124bad801b02,23,1,6.7613087494821515,0.6804719140422537
45a3c114-7fa7-47cc-9305-19194ed1ecf2,2025,2024-11-27,4a976ca8-f51c-487c-ba87-dae41ddaee24,c9bad532-d6c4-4187-8958-37ef239495a4,-17,0,-3.3603389312885987,0.4140433092490349
484d595d-83ad-4c70-b0bc-79941b7a87e8,2025,2024-11-27,c91670da-50fe-4e29-9e0d-e0a2d01897cf,483b9ce0-4c9d-43d0-979d-831c7298213f,31,1,32.40370376748744,0.9925403092176138
4a21ce0d-08c4-495b-8d0b-67aae30534c4,2025,2024-11-27,ba87013c-8cb8-41eb-95fb-16991c536506,48f318bf-54e1-4e42-b6e9-47c3bdaf4fb8,43,1,31.898911728586867,0.9938923314518423
5216a27d-43ec-4d0a-8fb5-4a412a338a19,2025,2024-11-27,7c82650d-eccf-476a-b85d-69a73b6b7f8b,8e9b7d4d-1baa-4d3d-bb10-8950f4133b30,-5,0,-6.45639809186242,0.2339901541280422
53b60e88-5f8f-46ff-b353-43d073d75d42,2025,2024-11-27,43624e99-f362-48c4-b203-9af174b24be3,6dcee41c-8ef7-4afd-aa5e-6e7fa77886e0,-11,0,-22.369927632766768,0.0351454677860439
62281c37-5aed-4217-bb53-d3215fe1cc95,2025,2024-11-27,05005d1e-02c0-46c0-8b4d-19dc825698c0,73493513-0a1c-4fec-9e40-429225bb809f,8,1,9.00797875347646,0.875632693112595
63e6c061-aaf7-4001-a76b-92980a755a5f,2025,2024-11-27,a7689181-61c1-492f-83e6-a64bca6e04f9,904ecc4d-857b-4150-b986-50e605d84b61,5,1,16.05550691011631,0.9201777353539721
66d774b4-144c-4ea1-bab9-25440ec3286e,2025,2024-11-27,0562b0a8-dbba-404d-9aa5-930ebe50c9b3,75d1bc49-ce2b-4e7f-82f2-26e690f29375,4,1,0.006480281983914579,0.6288221272195754
687a5ca5-ad6c-47e7-ba49-d6e2d8031ce1,2025,2024-11-27,4b7b8cc0-eb4b-40bd-a9b7-958fbe20894d,c90512ea-4ed0-469e-a936-7935ade0caf0,8,1,6.071174792373217,0.6808462956353984
6b64a4b5-a5f8-41d7-9c5c-2d7bbeeddb5a,2025,2024-11-27,c514a4b8-22c2-44f6-a118-250ae80751b0,d6a348c1-3237-43da-8690-d309d586a66e,-6,0,1.304641906969907,0.47424141007324383
75fd1542-72ce-4ccc-8a8c-b1031d7edee4,2025,2024-11-27,185c12ee-a2a7-4588-84f2-4b4b270a75a6,f02fe504-2b2e-4ed7-b9c5-4c7e6e224682,8,1,2.6007242009357077,0.6043098522644381
769c0112-78bc-4367-aa3c-435e8c48378d,2025,2024-11-27,5717b8ad-bb6c-432d-b223-01a330a59686,d894373b-dca9-4d1f-a9c9-a123f8c1b600,-10,0,-5.06421490911141,0.2660477251014388
773374f1-67c0-4242-836b-4b48a2f65d79,2025,2024-11-27,02073ad7-1bb6-47dd-a1fb-fae5e0bc2ed7,24cced85-1369-4dbe-8abf-92fb8d456618,-11,0,12.919022100197221,0.9073115291634019
80fddc7e-9deb-490b-a96e-87a48dd349c9,2025,2024-11-27,41e19184-6f6d-4838-b789-d8553db45753,ba48df8b-809b-401f-a758-25c39aa2d50b,19,1,19.817343558625588,0.9820579345573455
8218b63a-4fb7-4cfe-83e0-cf6fe2af4a09,2025,2024-11-27,07b4923a-16cd-4490-8ae5-d61599212ab1,6cd07c06-66e5-421d-a8d3-84cd9833bce3,24,1,21.860979372022335,0.9888390850230596
837b49d8-7283-4200-9ea4-31e14f0fb2ba,2025,2024-11-27,ce88cc81-96d4-48c0-ad06-ee0c2d3d7663,5858896e-5e67-463c-a38c-c7431f157945,17,1,20.05943401934652,0.9457800715372336
845e42a5-13ba-45aa-ba9f-652d3fba85a1,2025,2024-11-27,cf3707e3-2f2a-44dc-8d7a-4d16b2fe78ee,5ea1ef3c-5f24-4989-854e-a24a9e31ac74,3,1,0.7556874696487074,0.5694059786381214
857880ef-79ad-485c-9b25-e44f77a9ff2e,2025,2024-11-27,ae911605-551a-46eb-aef9-06f9a60479c9,223e59ef-679d-450c-a409-d6ff2a5b5cc5,-15,0,-0.3349751649394093,0.5170335122469718
87b9e6ad-bc41-4aa9-9346-e95258cf82cc,2025,2024-11-27,33efd80d-8446-4d83-97fc-e864b132a0c8,397b5601-d70b-43a8-b259-1a752c68bb1f,-5,0,-15.80024494192098,0.051284131255141654
895ae409-820f-4ba6-b060-60d67ab837b9,2025,2024-11-27,7a78a9a6-0d5b-4fae-8fb4-98bc816ed903,d0c9e56a-ea87-4a77-8ea1-93b43e2aa99f,-2,0,12.106079882534026,0.8953063572004908
8acad097-c909-4dac-9298-0f7112847123,2025,2024-11-27,b0ebd027-95a6-4e7b-abfd-c26d14470857,3bc11d41-6e7a-4932-b0d5-e15a8f310406,15,1,1.0302889683208722,0.5411526883330979
993763a1-2f5a-4579-8cce-385edc3bbc54,2025,2024-11-27,d1dca835-9ba3-4f00-89e0-533fcfd2b27f,f0489380-9e3d-4613-ab85-fc32d9368997,-20,0,1.0920358104722483,0.5384815110416368
9b6c0086-17d3-410a-9fa6-3d49eeea3413,2025,2024-11-27,db5b4ba8-4030-4125-845c-337b3ed300b4,8daceea0-e7c6-443f-9452-f56f9faa56de,35,1,29.15900570256957,0.9926107596256988
9e1b3594-fcd3-4995-a987-9f45d09338de,2025,2024-11-27,f2fcffd8-915c-4fdb-a632-8b5b621bc999,ddb253d9-6526-4c32-a7a2-4462d6abe45c,28,1,14.465844624578745,0.952110079010329
a1383442-c938-4ca3-8903-ca710c93a267,2025,2024-11-27,33652259-8f29-48e9-b213-0eabac8d926f,8860a6b6-e60d-437e-afc3-b42e8cab8d79,29,1,6.202278998346513,0.7722912941011657
a5573697-5f21-4a1d-834f-682f72de462d,2025,2024-11-27,8d515064-54c5-4eeb-a095-ad7ac6839d0c,60adcfeb-0ca6-456b-b51b-d8d3a324c55d,24,1,21.554242718520143,0.9876329578171289
a7d684d0-1640-490b-b998-7d0fbbd4f798,2025,2024-11-27,a0bfc386-3dd9-4417-be3e-42f45cee6c22,6f7ff858-33b4-4d3b-b960-8a750dbe33a1,-16,0,-12.154579925286141,0.13929909034888
b6a3d9f7-631b-413b-bff1-dabb28a38575,2025,2024-11-27,3c9cd500-c6f0-4eca-b722-405eefd74003,61ce5009-1768-42aa-b377-fd95cefd07af,3,1,6.631960622182562,0.7147722611036239
bb25662a-e2c9-41f0-b164-375d511b0c04,2025,2024-11-27,cabaff64-a388-4861-9374-977555d19efb,5d66e35c-66aa-44ac-b72b-33066edb3e20,26,1,25.136981551551106,0.9773152946054564
cd0e51b4-3e53-4d07-a07e-4450fa2cca87,2025,2024-11-27,2fa161f0-e26c-49a0-8eb0-b2810c4d4845,03e9598c-4271-4840-ae88-7c7c36f2b10e,-10,0,-7.158523436177095,0.1987020104626148
ce07f905-f4a9-4d4d-a142-b61d50518fc3,2025,2024-11-27,416d2dd1-15bd-48e9-82e6-9277c0ab829c,14a1f904-5f97-4e98-885e-5d6c4f102ea6,8,1,3.2897791172073365,0.6355492088902465
d70d9581-52e3-4e1e-9d99-aa0e7a8e6b99,2025,2024-11-27,641dc594-03c5-4ae6-8564-0ccb3c8edc77,ccaa9380-5136-4fd2-b639-f5f54936ac7d,20,1,32.18840388697225,0.9885761694182144
d737a27a-f777-45f8-b809-b04b0d182411,2025,2024-11-27,351b4e0d-ecfa-4f26-963a-5d1e8b281052,de0352b5-4ae9-49af-a027-b0dc86a005da,14,1,20.153412057894865,0.9641829210721604
ddd2816f-3f19-424f-af59-4176614b67da,2025,2024-11-27,fe967dc0-fdb0-46b0-9629-0fd108949abe,e4054827-709d-47e3-8f27-86b76b8f17d6,-3,0,6.42219592530521,0.7906472731379467
e9c81212-e01f-46bf-b625-7c078f1eda20,2025,2024-11-27,07c201cc-5a34-4a3b-9fc9-bae4c20b7c9f,88c5646c-b1a9-42f6-999b-56d8198e37ea,15,1,7.496262438792346,0.8600188593914576
edb89c96-ae01-4607-b635-bc8335781b4d,2025,2024-11-27,fa6de946-411a-41ad-8bfa-6526c949108c,f22ee0eb-5079-4c19-b46d-7d40e14d7636,8,1,25.547618354789236,0.9847210947662812
ef3d699c-57e0-427a-a691-bb84268b7793,2025,2024-11-27,abb24ec9-06c7-4ac8-a0a7-299760b256d3,51d48e8a-41da-4087-b00f-c65fc8fc1ce7,23,1,10.990344894624494,0.9158624534859325
f62ee52a-a75d-4416-9ec8-b5cf52b95f03,2025,2024-11-27,628efcd7-4ae6-4bba-9542-11e108d22d8d,c504f52c-c325-424d-ae65-da37bf8e5820,13,1,2.8797710646434584,0.629568351863949
2224fe4a-bf82-4fee-9a19-aa1ade459bb3,2025,2024-11-28,f4598131-de83-4e8d-b7cf-dc008ccca8aa,8deb21ba-48b8-491c-89ab-0b360062d211,17,1,6.875942610101265,0.7222200563071859
506fa052-dca3-49b3-9581-24df65ed0dd2,2025,2024-11-28,eb0507e2-4c2c-4860-ba0c-7a0a815425fe,0f0aab5c-26db-447a-b6b5-a264da5b140a,20,1,2.4167351350246307,0.6236900904760782
52f84374-271f-46c8-ade4-b0caf62a2f1c,2025,2024-11-28,2a57c531-b461-42be-bbd4-b080f188a160,dd8a7533-5e77-4aee-99d0-4c56a7ff74a7,-16,0,-9.296034770460613,0.1668562973418075
7151d940-d552-4ca9-bf7b-1cf3235b7a75,2025,2024-11-28,31a68979-4cbf-4e59-be9e-82043f581ff6,fa3cb393-e306-4365-b4c3-b3f62a5027d3,-17,0,-6.423483588101601,0.2938761341933862
7d66bd38-70ee-4ce4-9536-f09175dbc303,2025,2024-11-28,12ae7230-4fab-42c4-a7d7-88e118290c3e,bf7cd127-c979-4181-8f7b-356415e2c15a,-11,0,0.2259262271232078,0.5065956927233998
81443173-a0b7-49c7-b134-9f4569ee9b42,2025,2024-11-28,2de57d84-8b9d-4def-9a66-315270ea5d18,f239ac13-f7a1-4acf-90a5-3cf4c6fd3355,5,1,-9.169556107468617,0.17442799239853987
9723b430-ef87-48dd-bcab-cce395cb7ac4,2025,2024-11-28,1f8df44b-d154-4a8f-8c48-32b36db0cd06,d894373b-dca9-4d1f-a9c9-a123f8c1b600,5,1,8.424174245580707,0.7827333553555024
a5030f80-a27c-46df-a30f-a000451a1390,2025,2024-11-28,f63b8169-081a-49c5-8b53-2f7b3e524fb8,8a391aff-89a4-4586-9d57-71299178703c,-3,0,5.316179538596015,0.726041174838961
a6a0cd71-253a-4ece-8abb-e7191460ee25,2025,2024-11-28,ba8ae2ef-827b-47e0-bcec-bf76fe44e37b,d9fdf72a-562e-4e19-ba2f-faa3de20ace5,9,1,-1.2068597533623364,0.44793719603071136
c9af3ab5-44eb-4e1a-8af4-1153f43dde3a,2025,2024-11-28,f89aec4b-36dc-4a40-a634-a744d4d646a2,c90512ea-4ed0-469e-a936-7935ade0caf0,20,1,0.4970652553323892,0.4235606826343976
d46ea5f7-8d6d-46fa-bc11-9c16cabf93ea,2025,2024-11-28,935d92c1-aca9-4b21-9e0d-b6c396fb067c,0420bfac-8b45-41ad-b228-89893a037d4a,-5,0,-3.11782906989943,0.21818755677044546
da89cf0a-88b1-43f7-a8d4-1beba6ea4f94,2025,2024-11-28,c4101885-e600-4596-80ff-bc637c56221d,050cf087-6e1b-42ef-84fe-368ac1929774,-6,0,9.221365270219167,0.7982494707477126
e10afb5b-b273-4839-8e78-392f78949411,2025,2024-11-28,8fdfa7ed-88da-45ac-9520-9a9e9fbe2586,5a320db8-a83e-4f46-9418-25176d12a65f,-17,0,-13.391726337632333,0.05449271114524433
02f7536f-f61d-47e2-9ee8-b8ca21e8fb34,2025,2024-11-29,b58599cb-bbcd-41e0-9746-6ce1ed5597d3,c62c317e-e0ab-4b1b-a6b9-878965985154,-3,0,-5.564303998369279,0.3654055785098322
06a20ff4-40f4-4ffb-b256-6447a1d1a57a,2025,2024-11-29,e66c14f4-c6eb-48be-8caf-0deb5a03ec15,daea7f8b-7386-4fa6-8921-870a3e848b4a,-8,0,2.14133675957453,0.627365035994286
09e76c85-be5a-4a3b-8bd4-f464b413195f,2025,2024-11-29,4b7b8cc0-eb4b-40bd-a9b7-958fbe20894d,ad21cf61-9161-4409-af92-468be5a0142f,21,1,21.214977775992317,0.9909871407853276
0b694018-d78d-4c3a-a989-277b465f17de,2025,2024-11-29,f9a35e93-6a9b-427a-8901-d74cf3f23676,ab5be1d8-ac8b-4c5c-8e26-320585a8bdef,-1,0,8.103195919616612,0.7794555366053173
11277f73-d470-4069-bb25-375c00f20a59,2025,2024-11-29,48dab38d-2a0b-4201-94d9-c6ffaf736974,6578af6a-edd4-4185-82fc-cdb933362d97,22,1,34.31154271612054,0.9927797003797144
1a1f2964-9b53-4c4b-b4cb-975946f079b3,2025,2024-11-29,fd64c7b0-4a53-4590-bed6-59bbcddb0f63,42a1b5ec-9263-4e7a-8f55-df64f85505e6,5,1,-4.353408613295876,0.3470776120598396
1a231e3a-d34b-44ef-95c9-42c1af6c9ec3,2025,2024-11-29,41ff62eb-8cb9-4e63-9c2f-50989d3e65c1,241f50fd-2121-4b74-abd9-2ddb98d74a2e,24,1,15.56843448208232,0.9325082589369487
1db61847-580a-47da-90af-e5696b9b49f4,2025,2024-11-29,a564f5c9-0e8d-44c8-a75d-b3b355370dbf,593820ae-e46e-43a0-a5b3-904904eb9cef,9,1,14.750517065209797,0.9076142899302315
253d26f7-1c2b-4537-86da-f19d80430e23,2025,2024-11-29,c4101885-e600-4596-80ff-bc637c56221d,31a68979-4cbf-4e59-be9e-82043f581ff6,4,1,8.980001751987045,0.8478043211253946
2612d435-8aa4-461d-ad6f-d509ae2a793f,2025,2024-11-29,ba8ae2ef-827b-47e0-bcec-bf76fe44e37b,2de57d84-8b9d-4def-9a66-315270ea5d18,-5,0,7.718991080601128,0.7999968150448448
27182717-825c-43fb-ac5f-ca74137ccb42,2025,2024-11-29,6fd295ef-9c37-4478-af91-536cbf316358,821de2da-b464-49f2-aeb1-293e7aedd6de,3,1,-1.07824037519388,0.599646023791337
2da1c954-0178-4fff-ba09-1042e0bd3fca,2025,2024-11-29,a5ebc512-a148-4140-b60c-147132b3097c,50ac73d5-f2f3-4160-add7-d0993eec32cf,5,1,6.893223531164098,0.7522375605461527
2e2f43a9-9503-4418-854a-b0c53e12e166,2025,2024-11-29,0f0aab5c-26db-447a-b6b5-a264da5b140a,935d92c1-aca9-4b21-9e0d-b6c396fb067c,-12,0,2.0390039342526296,0.704745090835387
2e894500-0618-4464-8fd9-14a8834e1743,2025,2024-11-29,f63b8169-081a-49c5-8b53-2f7b3e524fb8,be595032-d4ed-4bea-95de-22a18feb02c7,10,1,2.910858549679315,0.5635449570208124
38c8176c-0ee3-413f-b87f-69a3debba2d8,2025,2024-11-29,63da3cbd-f74e-4ba0-8273-8bca25a54f73,861b8733-b443-47d5-9c5e-f56373a8fb9c,26,1,17.785741263115984,0.9253636750651465
38fe71f3-d918-475d-a79a-3c631efb3f5b,2025,2024-11-29,02361e70-3d89-4b56-8d25-73ea2ee389ef,be9af39b-8a19-4b9d-89a3-bc6dd35defa3,25,1,18.45176116722438,0.9805169713184678
3bbb0110-90de-45ba-a6e7-1506d309d048,2025,2024-11-29,52355b41-c560-4fd9-b83e-3bec2763822d,904ecc4d-857b-4150-b986-50e605d84b61,13,1,6.9184669712157145,0.7781160888553975
3c8df859-b0e0-43c6-9293-1817ec2e093c,2025,2024-11-29,37d0bfe1-4a78-4810-9371-3268e54026d2,69293aea-705f-44e4-81db-36e52bcb1813,-5,0,-3.228623776819435,0.25489537778065724
45c602a4-f13c-4a4d-80f2-7e3506691abd,2025,2024-11-29,75628733-1eec-40f9-a6cf-07501979c4b3,e1c5e9f4-197f-4a7b-b871-bdf72ca0cf3a,-13,0,-2.709814222064997,0.46962218150000345
4fcc4577-6189-4ba5-90e0-408bbe7b74ce,2025,2024-11-29,76eb53c2-0367-4d59-b619-799a7aea658b,0eb90dc3-2a1e-43d8-80ac-bab6d917f78a,-10,0,4.78750975179696,0.6936977218112663
5153447c-cb0b-42da-859f-72442e660257,2025,2024-11-29,5896c71f-aaee-4983-9da1-2e953c561786,d65f3ef9-cd07-4472-b901-9b3ba2b35764,11,1,11.562897319960333,0.939150598777199
517d88bc-bcfd-4d20-a506-676c0b4577f9,2025,2024-11-29,de50cb63-b08e-4760-ad25-62eceb6c4120,5b376c94-fc8d-4e0b-9977-1748d898ff24,33,1,42.2749789788123,0.996435616534689
541e6b0c-6a3f-419d-b7df-e3d5aaeff029,2025,2024-11-29,52f17f8e-1af3-4d55-8323-0292fdf33297,ab7c4477-bd9f-4098-989f-243e41356323,-2,0,17.296433594652253,0.9494637026362088
62c44602-d7f8-43ec-8fac-4be4bbd20b39,2025,2024-11-29,8a391aff-89a4-4586-9d57-71299178703c,64975048-1db2-4ded-ad28-05b8d8aa9c66,4,1,-8.371708855396015,0.16469147199813783
6ff1a983-0bf9-4881-a838-3d0ea52a0927,2025,2024-11-29,5a320db8-a83e-4f46-9418-25176d12a65f,571d2904-70d9-4de6-abfb-1d716ba43f0b,37,1,26.892376415524726,0.982979406316207
7068d19c-a9fb-40a7-9d2a-6f597c9ea38e,2025,2024-11-29,42833efc-4047-4751-b5dd-8f5c6d05e355,d26d7563-983a-4b9f-bf04-fa2777e0beb0,11,1,16.788096284561917,0.96995387387315
77c77e67-175b-4ec4-a20a-a6c45d4a5fa2,2025,2024-11-29,2a57c531-b461-42be-bbd4-b080f188a160,62c787d1-5e5d-4e44-b6e8-1c208f874eba,16,1,10.992795778936252,0.903584146668066
7b2e5f45-8b76-4cff-bfef-eb41f7a38df9,2025,2024-11-29,67503cd7-a244-4820-afaa-485db8ea877a,026ac097-d80f-48f3-80e4-e6ae2b9ee383,5,1,8.47561357919527,0.8223071060933803
869fe7fd-cb29-463d-9c82-27792b8cfc2b,2025,2024-11-29,19b01b27-3931-468b-a50c-6636aef39c7e,f3885a3b-f43d-45ee-96e1-f650af90dc9c,-5,0,8.230610371163158,0.7917122628788635
8740b7bd-5d28-4053-b8ad-e83eae376266,2025,2024-11-29,7f0a740b-2a56-4bec-87c8-7bf2baf05d58,17ba9bad-9d46-41c6-9781-6a1e204da7b0,29,1,24.906204747072085,0.9924821235830698
88716f99-46b0-4127-9e9d-e3cdbdf1d5c7,2025,2024-11-29,fcb7d38a-6efc-47b3-b7af-3dd5ea07e8e5,35163246-626a-4e63-899d-7a3798e88277,-12,0,4.136150246008,0.6845184565811334
8ee8fe04-de75-47c0-8e74-3dee80ee110e,2025,2024-11-29,469778d6-39b3-4cd1-8bf4-f40903d78c5d,52aab06d-922e-4906-9dc7-3c0fe7d3e2c2,-4,0,11.94468729943721,0.879389472314187
90ae432c-c241-449c-b86e-c7e2c15e5dd0,2025,2024-11-29,ad36d475-e577-4c2f-b8db-b2d47d1fab15,9c2f288e-9523-4b69-ae64-ab0876fec6a4,-4,0,13.105169038799172,0.9044092466238828
91b0a344-61c3-4443-aab6-5051bc440056,2025,2024-11-29,40960630-05f9-471c-b4a6-0eea2cb6345d,2fe58a98-ca14-421d-83f6-aac80bab3780,22,1,27.531510769112558,0.9922152296557215
96ec969f-fa58-4125-adaa-1234352da80c,2025,2024-11-29,6bc97d46-dcb6-4437-a79f-2d351169817d,79c6b473-0e11-4c2b-aa4c-8523cc9afa48,9,1,16.860750346720312,0.9610173505694103
9f0e8e1b-dd72-4477-96dc-6625cd2759aa,2025,2024-11-29,bf7cd127-c979-4181-8f7b-356415e2c15a,f4598131-de83-4e8d-b7cf-dc008ccca8aa,-12,0,-5.364077951277908,0.37193377763495283
a583ddc3-ae2c-4fb8-ab88-2f72e23f39a6,2025,2024-11-29,a7fd1d4d-445e-4899-9731-00f7bff74284,5c7c373d-1822-4c63-aa7f-64745cc99c52,24,1,15.884157211262242,0.9126429774609157
acce1fb8-0d27-46bd-acec-29a08cc5b74a,2025,2024-11-29,8bdfa757-6fe1-4ee1-a1c5-279e7f35fa1e,91e8763b-21ee-4929-ab39-6a46d1d62e33,-5,0,4.733535247409053,0.6476141705379961
b1554f32-a7b0-491e-8bb6-4a64aadbe4dc,2025,2024-11-29,6b776d4e-7c15-4c08-b195-ddf7052c762c,b0ebd027-95a6-4e7b-abfd-c26d14470857,31,1,23.17490815118494,0.9859344645235444
b3461f7b-caee-46fa-80c2-31dbd558cc5e,2025,2024-11-29,d9fdf72a-562e-4e19-ba2f-faa3de20ace5,f239ac13-f7a1-4acf-90a5-3cf4c6fd3355,7,1,-6.113997450289582,0.275129452253492
ba537b7a-60c3-4c85-b37c-1516049c77de,2025,2024-11-29,c7e47abb-629e-4b69-8d41-c87333fbe6b4,223e59ef-679d-450c-a409-d6ff2a5b5cc5,9,1,14.62944057527786,0.9403892387498434
ba95997f-5e67-4359-8c64-6cb81dac5494,2025,2024-11-29,9df3af06-d207-48e8-a010-41797b070072,0b297e0e-e039-449d-b07f-f8e1ae96e3db,2,1,3.022273751768687,0.5908919682075546
c3ffa2f8-ec90-4e95-af3f-75d96001264a,2025,2024-11-29,cb86bdfe-2665-485f-9a44-846b23bdb2c3,231d7720-fba0-4331-b1da-8412227395f7,22,1,11.175121301939924,0.797732818655145
db827c9d-9a2b-4985-9764-231059577f32,2025,2024-11-29,8fdfa7ed-88da-45ac-9520-9a9e9fbe2586,ac42cc2e-26ce-4ace-8d1f-28d21a1c77b2,6,1,0.8202415050237691,0.5620590036931191
e313bd28-b829-4298-8731-5421dc61c5b6,2025,2024-11-29,dd8a7533-5e77-4aee-99d0-4c56a7ff74a7,47b99bcc-2f9a-41d7-8d7c-3f9e93809210,25,1,24.044807763521607,0.9787930026348708
ebf11fcb-512c-4ecc-bec8-bbaccbbb6457,2025,2024-11-29,78926156-3797-4ad3-aa39-fff13a311d02,dc7ff97c-c617-4dcd-89fe-5e702fd03890,28,1,33.0873740981203,0.9911052699185973
ed8568a7-865e-4a7d-9483-fe07da27b28f,2025,2024-11-29,3e287cd2-e8fe-4612-a996-d02de5cd9fb2,a6332591-4e2b-4b84-82bb-debc57b8b614,-8,0,-4.727580591678514,0.28741452848215393
edfdd905-eac9-4add-9d92-7ff438f07691,2025,2024-11-29,8deb21ba-48b8-491c-89ab-0b360062d211,12ae7230-4fab-42c4-a7d7-88e118290c3e,4,1,1.758428797593025,0.5574354767834452
f2ba7d9a-667c-418c-b65f-fc38dff10d2d,2025,2024-11-29,eb0507e2-4c2c-4860-ba0c-7a0a815425fe,0420bfac-8b45-41ad-b228-89893a037d4a,-4,0,-4.383506102865651,0.31568276319199085
f4b0c9a6-bf37-4f27-b581-b3125a9ad85d,2025,2024-11-29,0a4ebb69-d8f5-4c7e-a7bf-b7ce3968f57a,c59d7c9d-7fd0-4a58-bdba-7904baeb0abd,19,1,2.3881115571539864,0.6005698920468253
fc32044e-eded-4e88-8354-b997c75a993c,2025,2024-11-29,050cf087-6e1b-42ef-84fe-368ac1929774,fa3cb393-e306-4365-b4c3-b3f62a5027d3,7,1,-4.938775585337366,0.28460042268978203
049a4c5f-5a8a-49ef-b816-8df2eee820c6,2025,2024-11-30,593820ae-e46e-43a0-a5b3-904904eb9cef,231d7720-fba0-4331-b1da-8412227395f7,4,1,2.5387737404661848,0.6718050740289747
08582ede-bb41-4315-af2b-c29fe9c2aa1f,2025,2024-11-30,9a0196e9-6b45-40b9-b0d0-df6bb1c90dc7,e383167f-2c53-465a-b2fe-0d6bd7c69b27,5,1,6.05290794698965,0.705530322331674
0d5e3209-c865-43a8-b90a-3d2d7c737baa,2025,2024-11-30,60adcfeb-0ca6-456b-b51b-d8d3a324c55d,cc0e2cc0-da4b-4021-8739-c0e7e235467b,-13,0,0.4728041440607391,0.5736190904355882
0e345b57-9a0f-4d6b-a5c0-72e59a7793bd,2025,2024-11-30,d756733f-2d8f-4ed6-8b7f-dc7804a270af,2389c341-a290-43f4-b0e8-08ee6a15c14c,-7,0,9.515868292383269,0.8632982786210338
13a43237-d5b9-4dbd-8768-5ef5efb46b22,2025,2024-11-30,c59d7c9d-7fd0-4a58-bdba-7904baeb0abd,b58599cb-bbcd-41e0-9746-6ce1ed5597d3,-5,0,-0.6015265584256034,0.5123380212277465
1d481b4b-62b6-48e4-98dd-b449b5753d18,2025,2024-11-30,d65f3ef9-cd07-4472-b901-9b3ba2b35764,fd64c7b0-4a53-4590-bed6-59bbcddb0f63,2,1,-5.847625762996581,0.20442367607637682
20c2638f-a8dc-4d72-9020-a801fc3b2213,2025,2024-11-30,3a2cf934-5d3b-4406-a458-0c76b7b9d65a,bb02a3be-6beb-4745-b200-3a49f5224f0e,33,1,15.352691436315526,0.9515256539462751
20d0b022-9336-4b67-aa3f-4eab87b3c485,2025,2024-11-30,69642ef6-85e9-4dfe-ab65-4cca6a1688d4,2866b25a-1e5a-42be-8763-ad87278ec1d9,-4,0,10.36263869197155,0.8025759856644903
260089db-0ec9-4a70-8bcf-6e26cb158fde,2025,2024-11-30,f0489380-9e3d-4613-ab85-fc32d9368997,5717b8ad-bb6c-432d-b223-01a330a59686,22,1,17.540563222977735,0.9660273966465786
28d8efc6-8523-43e5-a9a9-cee758477483,2025,2024-11-30,b24e3987-105a-4e03-8184-b15b2947a98c,b9840fe4-f776-405a-8b8d-3c388de0792b,-4,0,-0.6488658895743161,0.477614238126055
2c28d1ec-20da-4930-b56b-09060069cc42,2025,2024-11-30,f8ed9667-67c8-4fc7-a946-d81c4cbe8fed,9c04a238-121e-47ea-a3bb-436957b78a8b,-12,0,9.811438846258335,0.8225689846271786
33d01584-226f-45cf-be61-d39399e46b41,2025,2024-11-30,cc4cdd9c-0563-41d0-bbb7-29b825db8e55,17900399-e4eb-42bb-81ed-06f5be1309b7,13,1,29.18167466778196,0.9810141012349619
361dafe1-3fc1-406b-baf7-538ca95fefa2,2025,2024-11-30,bbd86984-093a-4854-845d-01d65716f8fa,f02fe504-2b2e-4ed7-b9c5-4c7e6e224682,-3,0,0.39159480898651344,0.48700201486316125
36e47b7a-3903-4aa7-9d58-9ae0ac011784,2025,2024-11-30,7cf9cb31-3bfd-486a-90fa-8fa6f3bb44a1,6628afb6-e6fd-4d7f-be94-a19527da56fa,-38,0,-19.886855389950274,0.04378519082289534
3cf4c295-ef5e-413d-85dd-7537165d634d,2025,2024-11-30,026ac097-d80f-48f3-80e4-e6ae2b9ee383,5896c71f-aaee-4983-9da1-2e953c561786,3,1,-4.343597926043306,0.31163686532726326
417b2555-9a87-47cb-ab95-1ece20064d69,2025,2024-11-30,0a4ebb69-d8f5-4c7e-a7bf-b7ce3968f57a,c62c317e-e0ab-4b1b-a6b9-878965985154,12,1,0.01304524465655766,0.4526694908718216
422c2f88-0730-4169-b59c-091254ff798b,2025,2024-11-30,821de2da-b464-49f2-aeb1-293e7aedd6de,fcb7d38a-6efc-47b3-b7af-3dd5ea07e8e5,1,1,-8.421068842101153,0.15889314108439478
48079dd9-51a1-4dc0-9306-a70f9464ab12,2025,2024-11-30,325d11bf-595b-429a-8342-97fe68b1a3cc,8848c09f-0c71-4cbf-9d0a-84da72f6b649,-33,0,3.5310753802703316,0.6008708553797522
4a44845d-f5fb-4908-8ba6-a177ae6a69aa,2025,2024-11-30,42a1b5ec-9263-4e7a-8f55-df64f85505e6,67503cd7-a244-4820-afaa-485db8ea877a,8,1,-6.283036497444159,0.27515182132038996
4a9d6433-d6a9-4cce-88a7-9cefb7ec7f25,2025,2024-11-30,f829b41d-4185-4fb9-98e0-bd7bd9b6bd7d,8bbfa6f2-6178-4c2b-bf17-66fba7623c4e,21,1,38.950420274470765,0.9946430144336632
4ee9c6f1-6d18-476a-94d1-73f1dacca8f5,2025,2024-11-30,35163246-626a-4e63-899d-7a3798e88277,6fd295ef-9c37-4478-af91-536cbf316358,-15,0,6.073723031209421,0.7726530482592983
54cb1eed-cdcd-44fa-917c-285b6095be4c,2025,2024-11-30,b0e26736-fae2-4d59-85cd-4b5243f23c8e,9f7dac5e-38e1-4e63-9e50-e6b0d822fddf,35,1,18.513965754405273,0.9644312133661764
58f81a3d-0adb-456e-b804-4a2b83dafa83,2025,2024-11-30,3dd34e3a-6cf5-419c-8042-503af5d36e7e,af997d63-624d-40db-bffd-18de780e2f59,14,1,22.828662108781906,0.9862610382444901
5c1040fd-a07c-4e3c-aaf0-6d3fc2eeb025,2025,2024-11-30,5c6768d4-83c5-4e23-aafc-55ac70126454,8dae6732-0634-481a-90ac-d73bf6a19566,-2,0,8.932397451231804,0.8229569214273703
64bd40d8-db96-4ab7-a57b-cc1c32894ce1,2025,2024-11-30,a564f5c9-0e8d-44c8-a75d-b3b355370dbf,cb86bdfe-2665-485f-9a44-846b23bdb2c3,15,1,10.040506890746562,0.8059789904098946
6ebdb920-c3af-44ab-8b37-9e20f91120f8,2025,2024-11-30,68a583e2-b11a-4a35-b102-095903fabdd8,326d518f-eb6a-47aa-9739-13bc340a9a3c,-1,0,-4.436617214862361,0.2959051032843683
6f9fe484-4767-4df6-bea9-b2e73f0d9588,2025,2024-11-30,983c0982-0fb8-45e4-829e-306cf787ba2e,fe967dc0-fdb0-46b0-9629-0fd108949abe,7,1,5.439181046710951,0.7795435503396112
73700a83-68e5-4ea0-a19d-0032aae6fd5c,2025,2024-11-30,7532f347-4701-4460-abfa-98034c2ce687,c921ba85-0782-4ce6-80e2-44f0c43d4f16,-6,0,-2.8075008921797604,0.5582560203243673
74a2dd8a-b655-42c1-a7a7-757001fa5467,2025,2024-11-30,75628733-1eec-40f9-a6cf-07501979c4b3,daea7f8b-7386-4fa6-8921-870a3e848b4a,6,1,4.429330074840979,0.606819115486575
752cf958-160f-4f5f-a456-5e73463a53b5,2025,2024-11-30,c333af2f-2819-4e30-8541-dbb64eb01cbd,a79a95b3-2101-4649-8f36-782b24edba79,-16,0,5.704229197208201,0.7367162528389747
759c18a8-e99c-4409-94bc-a82fb468e5b5,2025,2024-11-30,46a5f9e6-fe34-4ea4-867d-ba4e31297465,5320a4de-9279-4990-9ee8-6638339220e0,-20,0,-9.233606182225808,0.31585112035236595
7b89aa0a-427b-4af5-b585-f7d330df75e9,2025,2024-11-30,4f9d3323-4211-41f2-8211-76b7efd6246f,a6dd499a-eb6b-4f8e-9094-d8eb96b3547a,-3,0,6.168991111871454,0.8212725313801347
7ce2f485-5356-43f6-b567-633502d0ca73,2025,2024-11-30,33efd80d-8446-4d83-97fc-e864b132a0c8,0562b0a8-dbba-404d-9aa5-930ebe50c9b3,-4,0,-7.758083122307812,0.1730791838306939
7db53737-ba08-4b8a-8fea-d06ef6c68075,2025,2024-11-30,d0c9e56a-ea87-4a77-8ea1-93b43e2aa99f,5d66e35c-66aa-44ac-b72b-33066edb3e20,-6,0,0.13649774958993846,0.4597012038081936
825d49ac-1758-408a-aa95-4371d0de925a,2025,2024-11-30,3027d417-64d5-4892-a6c3-c77edfaff436,58fdb1cf-11b4-437d-a338-e497be161811,35,1,17.06915459316113,0.9633357869951267
8cded801-8f7c-4b1a-8061-524fab6eea09,2025,2024-11-30,6cd07c06-66e5-421d-a8d3-84cd9833bce3,a870c009-c0ca-48e9-a456-1ea2b2b779ef,-6,0,-8.2526974475426,0.21916176987277078
9025cf9a-07e8-49b2-9bad-c2e61cb2d6fb,2025,2024-11-30,8deb21ba-48b8-491c-89ab-0b360062d211,bf7cd127-c979-4181-8f7b-356415e2c15a,-7,0,-0.4620443714642533,0.4903673503103446
904d8a44-55e7-4cfc-96ec-bab618ed3b73,2025,2024-11-30,6dcee41c-8ef7-4afd-aa5e-6e7fa77886e0,46f85354-63b8-4744-8b13-341ea0a30c2a,-3,0,24.181693748893288,0.983479991294041
92c546c7-0f3f-44bf-9d59-d726369845cb,2025,2024-11-30,f1e9470d-a3c7-4ef1-8583-6bb917490ac3,9ba0c75f-bad2-428f-9038-d695c2385098,10,1,5.768276696548739,0.6948595750147064
9957a5ca-0a2f-4e4b-912a-6264e1ff4245,2025,2024-11-30,12ae7230-4fab-42c4-a7d7-88e118290c3e,f4598131-de83-4e8d-b7cf-dc008ccca8aa,-7,0,-6.436449842163655,0.2948864732952012
a071148c-b8f2-4397-9895-30261dbd5194,2025,2024-11-30,b31c989d-1667-4be6-8a91-193cda486b3f,88ae8bb6-fbd8-444d-8d22-f485d82d2e67,22,1,2.9764101400446457,0.5674422557526059
a1924d01-023f-46e7-a306-2a833c846a72,2025,2024-11-30,b704622d-2904-4237-b9a0-a9865096fefd,ad9fa352-0a34-41df-8ad8-38855ef63d91,4,1,5.0002280379612,0.737871606625692
a36a1245-a155-469d-9970-448786d46a7f,2025,2024-11-30,3ed32cdb-d2a0-473e-9db0-fd63aaf9013b,e6a72d83-0126-42a5-b202-cd710e233fef,-9,0,2.386641069559575,0.6280031411725684
ae78c841-4d96-4581-b47b-1a87557d7340,2025,2024-11-30,88c5646c-b1a9-42f6-999b-56d8198e37ea,c878fb5c-c2e2-4f40-a5a0-f297cc0e51b8,16,1,16.90604777436572,0.9609444268860649
af78e277-513a-4934-b087-d64ef04d44bc,2025,2024-11-30,43624e99-f362-48c4-b203-9af174b24be3,75d1bc49-ce2b-4e7f-82f2-26e690f29375,-4,0,-5.9323535354798285,0.22455514427620218
b1f05d92-3d24-44a4-821c-b682ca233600,2025,2024-11-30,031d384c-ac9d-469a-985f-3214f2b9972b,7a78a9a6-0d5b-4fae-8fb4-98bc816ed903,13,1,7.598086753397341,0.7703169850979787
bdbbc958-5037-40ed-919c-f5b12841e44d,2025,2024-11-30,397b5601-d70b-43a8-b259-1a752c68bb1f,17e47b02-02b2-4bbb-a838-a4695fbc099b,-2,0,6.643861854640893,0.7344574354760173
c7d47516-0f51-49f5-a022-c446f80cdca7,2025,2024-11-30,f9261c55-02c0-49db-9993-f5d64a97b21e,ba48df8b-809b-401f-a758-25c39aa2d50b,54,1,35.63606720252392,0.9908037920923637
ce10474a-c01a-4f64-97f1-f0a57adf3c8f,2025,2024-11-30,c6cabd85-4834-4f62-94ab-57143286b512,5c86ee1e-ee35-4d51-bc08-bbca68bc90f1,46,1,18.137239668716006,0.9597134812128919
d5014554-de3d-43e4-a0e2-77bca27698c7,2025,2024-11-30,4edc5314-8f1f-46cf-90fe-fc3094be42cf,73493513-0a1c-4fec-9e40-429225bb809f,1,1,-4.448977444177786,0.32527592081227663
e806fe7e-62f1-4cac-ad53-2e81df8ebd63,2025,2024-11-30,6d128962-ec20-462b-bbdf-1e785b40d288,bfd9aeef-b698-4868-8a44-436dd23e4ae1,21,1,4.347395608032633,0.5756131744974798
e89a57cc-1cff-4fb8-9512-e566f017005b,2025,2024-11-30,f3afec86-2594-4158-97d1-aaac68833b8c,33652259-8f29-48e9-b213-0eabac8d926f,8,1,8.180073388292335,0.821940487832823
edac12e5-2737-45aa-b594-216bd6ee6fe9,2025,2024-11-30,f5ed0adc-4078-47c4-aba0-3dd2de221774,307416ce-030c-4156-8d62-1e2632e9e26c,3,1,3.767409084670232,0.7795045822190915
f254c708-f87b-4b8f-9e7e-59d745b45b47,2025,2024-11-30,e66c14f4-c6eb-48be-8caf-0deb5a03ec15,e1c5e9f4-197f-4a7b-b871-bdf72ca0cf3a,13,1,-1.220530940599688,0.5411690665548992
f3ceb178-8523-4782-81bf-79409d3c4962,2025,2024-11-30,66244ae3-7fd6-49a7-9304-4ae41bea9ab3,3be5fa30-2fd3-4af3-bfc0-39db2dcb523e,8,1,-2.0570306101999276,0.3650814010095039
f558d870-31b0-4e80-af3f-94776499f128,2025,2024-11-30,70746950-a861-447f-a9ba-f53e329c27c1,705e808f-a589-4af4-8baa-45ce5b2e969e,9,1,9.065278064238285,0.7661352601700598
f6a38f63-9bdf-40fa-8d2d-829ec422de2a,2025,2024-11-30,db5b4ba8-4030-4125-845c-337b3ed300b4,4926f0f3-ac12-4ca0-9cbf-eb99f9aafb78,32,1,30.718523946654415,0.9935875192754925
f7f17fcb-bf14-4afe-8c86-262f6459709b,2025,2024-11-30,375d7498-7795-4ff1-bcf0-e13cdaccd9e5,fa6de946-411a-41ad-8bfa-6526c949108c,16,1,3.9244856359259157,0.6304559647714894
f8f14e8b-6161-4f42-a460-b464516d1f4d,2025,2024-11-30,0f0ea376-1ea4-4b1f-9a4f-e7301a0318a4,01f45e3a-e22b-4c25-b1e8-0d5ac80e6a5e,8,1,23.561517170217687,0.9903606522387475
fdd56b28-e0f0-4210-9e55-02647d4f52bb,2025,2024-11-30,6f9a1a81-2dbf-490a-ba3c-8f8fadddd9d4,c9942b49-0bf7-4dda-bc78-bf2e3b174055,12,1,-0.518575407092705,0.46703028230970184
0351ef53-474f-4aec-bf33-da53808ac508,2025,2024-12-01,829dbc21-e757-475c-ab7a-2a3172ec0683,61ce5009-1768-42aa-b377-fd95cefd07af,2,1,10.36496129037933,0.8278481557901622
05365cd8-7a8a-4760-9f32-e92cad73a693,2025,2024-12-01,a67d2a73-fb71-42b8-97b7-9b72a49efc06,f0929311-9f5c-421d-8573-4b4bee0c314f,47,1,35.16714809585485,0.9937109364007569
07fda29a-ebef-486a-a121-c1ddd60779a5,2025,2024-12-01,5896c71f-aaee-4983-9da1-2e953c561786,42a1b5ec-9263-4e7a-8f55-df64f85505e6,-4,0,-0.15816980164656258,0.5278873550756711
095b36a9-1b76-4eae-b81d-ddf2902ad048,2025,2024-12-01,c7345766-a5fd-40e1-9757-26d62af0b9af,8860a6b6-e60d-437e-afc3-b42e8cab8d79,3,1,15.976844494319083,0.9458534700263195
0a7c20ee-e9c4-4284-89b2-7e0508edcf49,2025,2024-12-01,0a4ebb69-d8f5-4c7e-a7bf-b7ce3968f57a,b58599cb-bbcd-41e0-9746-6ce1ed5597d3,-1,0,-1.6818543279275717,0.4214990428076948
102d8e22-dc46-4077-8366-03dc9230bdde,2025,2024-12-01,026ac097-d80f-48f3-80e4-e6ae2b9ee383,d65f3ef9-cd07-4472-b901-9b3ba2b35764,16,1,4.379073724705624,0.7988725649811788
15f20084-03ab-4d69-9ea1-ac97a662110b,2025,2024-12-01,fd64c7b0-4a53-4590-bed6-59bbcddb0f63,67503cd7-a244-4820-afaa-485db8ea877a,2,1,-4.808598203099756,0.24282910116129816
23f544ac-ea1f-429c-b81f-f0602c6350f4,2025,2024-12-01,e66c14f4-c6eb-48be-8caf-0deb5a03ec15,75628733-1eec-40f9-a6cf-07501979c4b3,-15,0,-3.5027068976371343,0.3195617745757551
26c61978-f879-49b3-8f8a-6e67aef075bc,2025,2024-12-01,fb109583-87bb-40c1-a02d-7d40bcd7c52a,a46fdb60-30d0-4807-a2b1-e29d8d7c22b2,4,1,-2.3488203122983746,0.43859963901436194
2c66da50-e6f9-465c-9097-3a5311bdbbed,2025,2024-12-01,469778d6-39b3-4cd1-8bf4-f40903d78c5d,9e98a2ca-2d40-440b-b4d9-906cd168c9d7,10,1,12.755892098099228,0.9121559304463552
2cd68e01-a3ea-43bc-97ae-5799c1d7833f,2025,2024-12-01,ce88cc81-96d4-48c0-ad06-ee0c2d3d7663,f3885a3b-f43d-45ee-96e1-f650af90dc9c,31,1,22.197426157327087,0.969404908561552
31cbfc50-784c-4bec-ae7a-d791d2225622,2025,2024-12-01,05005d1e-02c0-46c0-8b4d-19dc825698c0,8e9b7d4d-1baa-4d3d-bb10-8950f4133b30,15,1,9.313849908654438,0.8513979611007276
47e25784-974a-4370-b0ba-6df8ce395440,2025,2024-12-01,78d97761-b499-435e-9097-b9d553f3ee67,5d66e35c-66aa-44ac-b72b-33066edb3e20,28,1,28.558475264279092,0.9880242561738302
59223aa9-ec9a-4a3e-acb3-78cdda1833d8,2025,2024-12-01,7e838ebf-74ed-42de-9f2e-d8057aa77de5,6482154d-967c-4e24-af4e-6cdb9ef80e00,20,1,1.9918872336549154,0.6170398380055139
5cd7b282-72b5-4c64-b78b-0e08216aea3c,2025,2024-12-01,d75e1814-b8c9-4246-b06c-afe60d661528,1b9c388c-a2e4-42dd-9e21-4841ed46cf4d,22,1,16.236999418074113,0.9486246993059165
65492295-0b05-41dc-ab99-5bebaaf5e5e3,2025,2024-12-01,e20e16ce-0f28-40e0-afe1-5492395d5e53,3aedc020-716e-4a2c-a7f8-ab1abaf53d87,23,1,32.871695120233646,0.9866040309920822
6a2b5eb6-6413-4efa-a85e-bdfb589fc4be,2025,2024-12-01,e51388ec-8e0a-4c32-a70c-4890e3e61d3a,9007c268-37e0-4ab1-ac60-f9cdcb3a7a8f,-7,0,8.896938120464563,0.8163221157765613
71a2df8b-a6f5-460d-8017-1c2236dfce2e,2025,2024-12-01,c62c317e-e0ab-4b1b-a6b9-878965985154,c59d7c9d-7fd0-4a58-bdba-7904baeb0abd,8,1,4.3273324467516066,0.6300792718523232
733843d6-f141-4767-808e-372586ff1633,2025,2024-12-01,ba18e6aa-cbe6-493b-b91d-b0c8d4e8b0fa,46671d80-ebfc-4f9a-8eae-19249794115f,-9,0,-8.663376739733602,0.19651102969659853
74bd76d9-e8e4-4ead-8593-591254ef447d,2025,2024-12-01,c4972de1-bfaa-4820-893c-10adf1095f0a,741b4fec-9ede-4efa-a807-8c1679e962a6,-13,0,-0.8823852112841698,0.46411677819667213
9fb197cd-2c23-4559-933a-fa9245435722,2025,2024-12-01,8d515064-54c5-4eeb-a095-ad7ac6839d0c,79c6b473-0e11-4c2b-aa4c-8523cc9afa48,38,1,37.35021558779531,0.9943692480278535
bfb6c0d7-35f8-4176-8668-99ea15476151,2025,2024-12-01,ac42cc2e-26ce-4ace-8d1f-28d21a1c77b2,ae911605-551a-46eb-aef9-06f9a60479c9,17,1,16.237379917093975,0.9541609689439816
c9d6b240-986d-4e6a-b307-e2ba8f06d844,2025,2024-12-01,8daceea0-e7c6-443f-9452-f56f9faa56de,a1c48553-79dc-47b7-8672-3b204100c8ec,14,1,-3.792624335672331,0.31149252107970776
d63377ff-8ad5-4aee-b9b4-0af95c84549a,2025,2024-12-01,b67edcbb-77d5-4a29-aa67-e1733b9a001a,b04e184a-6805-475b-95bd-7e19d2fe95c9,-8,0,1.5084588926162037,0.6094379448101889
db779be5-b211-446f-8620-51b4721206e1,2025,2024-12-01,0485ce67-c9b0-4725-be73-d3185a14e575,b8772a3e-c4fb-4396-8eb8-b30c8a36abb7,-5,0,-2.8709864302106602,0.31693018150721514
e1ed4bc5-cea7-42fd-b139-7faf82cc0f35,2025,2024-12-01,12d2dbd5-0799-448a-a49a-671c218c8bbd,391f303d-08c5-44cc-83c6-60595fc71068,-18,0,0.4170013082598423,0.47402182085902894
e8affe72-05a4-42f1-8a30-421470443d93,2025,2024-12-01,a2f3412c-1391-45d6-9516-eeef28f38cff,cb8412bc-37cc-43bd-b58b-a5e5956df339,11,1,2.542456945736547,0.6463085071165605
ec150cc9-7a18-4af9-91c3-e31c6dd5bdd3,2025,2024-12-01,d915e7c4-a333-4d6f-9c21-5904d58e75bd,714115a3-e87c-4c38-be62-cfe9dada315e,12,1,15.401105853027572,0.9320323023810076
ef7612d3-a4a3-4d7b-8baf-1f872134c28f,2025,2024-12-01,daea7f8b-7386-4fa6-8921-870a3e848b4a,e1c5e9f4-197f-4a7b-b871-bdf72ca0cf3a,-5,0,-3.56985809354172,0.4304173302567075
33c6818b-f962-4db1-9d66-026291885a92,2025,2024-12-02,308dd2dd-d731-4927-9bf5-e8aad5900158,14a1f904-5f97-4e98-885e-5d6c4f102ea6,-5,0,4.046302317749319,0.6283417747493625
42378dae-49ec-4a90-8b1b-ee66847091cc,2025,2024-12-02,a00214a0-9c1b-4018-a085-500dbd55fb17,4a976ca8-f51c-487c-ba87-dae41ddaee24,-11,0,5.637107225638293,0.7052190901733387
4e381fa2-225e-49ac-ada3-01ebd3e0d980,2025,2024-12-02,75dd9179-8700-4b34-aeaf-2cf608aec25a,8bbfa6f2-6178-4c2b-bf17-66fba7623c4e,22,1,22.313938544825678,0.9868768703733778
5063fab1-7402-42fd-9cb2-d4808ebefc6c,2025,2024-12-02,3e287cd2-e8fe-4612-a996-d02de5cd9fb2,d894373b-dca9-4d1f-a9c9-a123f8c1b600,-14,0,-3.3027615118512794,0.35827865925642083
59746c7e-8999-4180-94df-da2fbf505fe5,2025,2024-12-02,3c9cd500-c6f0-4eca-b722-405eefd74003,17eb5319-07ae-4f0e-b1d2-8e828b07ed79,8,1,4.358593266029623,0.7796443131888238
7b6f9cd9-390b-4407-b453-a78dda1332fe,2025,2024-12-02,ddb253d9-6526-4c32-a7a2-4462d6abe45c,70746950-a861-447f-a9ba-f53e329c27c1,9,1,18.312786419611673,0.9565679067664136
7f4ba20b-7108-4148-a5ae-bba60f6cd12e,2025,2024-12-02,9fb181a8-2807-4e27-9442-8e09de6c9575,d2d39132-b6f8-4e0d-96d2-4e89419550fa,5,1,-0.0358395968759298,0.5289814848169511
7f56cb9b-f6e1-464b-8497-c7304ea7d647,2025,2024-12-02,1835c2ee-1e17-4d18-9ab8-a1bb3678b947,7a78a9a6-0d5b-4fae-8fb4-98bc816ed903,13,1,14.135388993135658,0.9481952812597997
846d46a6-db45-4e35-b3bc-b1a20709e789,2025,2024-12-02,1f8df44b-d154-4a8f-8c48-32b36db0cd06,bc9cb402-a9b1-4644-acdd-ae7e0571be90,6,1,-5.980134500119177,0.22220223995146351
9b76a331-2d70-471d-97f9-b61f6c58a095,2025,2024-12-02,2e0b49d9-a257-42a3-955c-b0b0af5a12db,36b120f2-51ac-4dec-94ea-549d266507b5,-11,0,-6.143372161131082,0.23614721610802586
0c54fbe3-134a-4dfc-849f-b9603362f13a,2025,2024-12-03,07b4923a-16cd-4490-8ae5-d61599212ab1,08e7a657-2b9a-4055-beee-621379cea4b7,8,1,6.386062658514799,0.7522496821049178
0cd23f0b-5e5b-414f-9352-97dd89f23063,2025,2024-12-03,64975048-1db2-4ded-ad28-05b8d8aa9c66,983c0982-0fb8-45e4-829e-306cf787ba2e,8,1,23.57534130023996,0.9817967306712084
0d65e30c-c987-4572-885e-6ffe1f2244c9,2025,2024-12-03,62c787d1-5e5d-4e44-b6e8-1c208f874eba,42833efc-4047-4751-b5dd-8f5c6d05e355,19,1,-10.010813340518824,0.10472479464695589
188f22a6-52ee-44b1-9851-0323141f5a4b,2025,2024-12-03,14b85f13-07f7-4bd1-8f5f-32720dbe1c9e,3ed32cdb-d2a0-473e-9db0-fd63aaf9013b,22,1,16.44500949794209,0.9369209654203031
223423e1-5eb2-4162-91da-d7c0b87d77a3,2025,2024-12-03,8226bdf0-6c2b-4e2b-841d-e2a01a5e5145,561ee565-69fc-4571-95fe-32ac563e53f0,2,1,8.399098695377065,0.7900382614654762
241b3a6e-a786-460b-9cff-b151fabc633b,2025,2024-12-03,416d2dd1-15bd-48e9-82e6-9277c0ab829c,6628afb6-e6fd-4d7f-be94-a19527da56fa,-18,0,-2.0358868235530005,0.41966328202358777
2458bda1-565e-426e-b86b-832daf05d756,2025,2024-12-03,02ee8976-6844-4a27-9f72-aca9acf8f5d0,fa3cb393-e306-4365-b4c3-b3f62a5027d3,-7,0,-0.3820815363446637,0.5325186571619126
2de30bf6-709e-4951-a86b-70dde77b9b3f,2025,2024-12-03,c6cabd85-4834-4f62-94ab-57143286b512,43624e99-f362-48c4-b203-9af174b24be3,21,1,13.401253195361932,0.9000380834260335
31d44ecc-a063-40f7-9886-1fcbc5005d66,2025,2024-12-03,a7fd1d4d-445e-4899-9731-00f7bff74284,a564f5c9-0e8d-44c8-a75d-b3b355370dbf,-14,0,-5.26328976976336,0.3323381952405472
3472959e-3127-4291-893b-7e7a2cdf92eb,2025,2024-12-03,77bcefa1-a18f-4280-a5c9-2d1573b78e0a,000d55e3-3608-43be-aebb-6926cbe6b7b5,-8,0,-0.06235358283933308,0.44787046718845197
3984217a-32a4-4cb0-a16d-530cc54a4e42,2025,2024-12-03,69293aea-705f-44e4-81db-36e52bcb1813,391f303d-08c5-44cc-83c6-60595fc71068,22,1,11.96883634057718,0.8713084510936091
449ccc9d-780e-46ff-b008-0c859cfc0787,2025,2024-12-03,ba8ae2ef-827b-47e0-bcec-bf76fe44e37b,0b297e0e-e039-449d-b07f-f8e1ae96e3db,-23,0,0.06195327049820811,0.5308451846688355
4910acad-ca2f-47ea-9b87-e78f3935c0f3,2025,2024-12-03,dc7ff97c-c617-4dcd-89fe-5e702fd03890,3bc11d41-6e7a-4932-b0d5-e15a8f310406,3,1,-0.3324286539242121,0.4278047609506003
4a93f7f0-01f3-472a-987c-6234564a0330,2025,2024-12-03,ad9fa352-0a34-41df-8ad8-38855ef63d91,66244ae3-7fd6-49a7-9304-4ae41bea9ab3,14,1,2.676270016101074,0.6415840480807834
5796a94d-7e89-4af4-b963-24fa1872caba,2025,2024-12-03,f829b41d-4185-4fb9-98e0-bd7bd9b6bd7d,6e056aa7-1906-4546-b6db-5910356fee72,-3,0,7.3149929220993535,0.8629017374604454
5e3c7d5b-e9bf-47d0-ab10-dedad4337595,2025,2024-12-03,1b9c388c-a2e4-42dd-9e21-4841ed46cf4d,91e8763b-21ee-4929-ab39-6a46d1d62e33,-4,0,-12.36288713197677,0.10771970497213242
62f45fc9-c63f-4a8f-a31d-31b56729b829,2025,2024-12-03,9c2f288e-9523-4b69-ae64-ab0876fec6a4,bf32f747-5e9d-417d-890c-89407933c4c6,-3,0,-1.5865264371666798,0.36501879277809735
63f4d6dc-ebdc-4521-a9a7-0683907099e3,2025,2024-12-03,31a5142f-21b1-4d3a-87fa-d39f7746b7a8,050cf087-6e1b-42ef-84fe-368ac1929774,11,1,16.523971066644215,0.9140579958760411
6bf21f50-9c59-47f4-9a33-35353ecc4eac,2025,2024-12-03,c514a4b8-22c2-44f6-a118-250ae80751b0,bd53017b-0998-4291-a0d1-1c9f45306402,4,1,-6.918492433014252,0.24847227429247923
6d157301-cb7f-48a0-9c35-1d7d1cd4b931,2025,2024-12-03,8bdfa757-6fe1-4ee1-a1c5-279e7f35fa1e,03e9598c-4271-4840-ae88-7c7c36f2b10e,-22,0,-6.0455512426948825,0.23676001451962522
6f5827a9-c37d-4780-97f8-a797804e6568,2025,2024-12-03,41ff62eb-8cb9-4e63-9c2f-50989d3e65c1,62d54283-52d6-4daf-901e-b6ae1bdf29c0,10,1,8.12979943289368,0.7670070664559507
75dbb30a-58a3-4bee-b68a-b1484a678c31,2025,2024-12-03,d756733f-2d8f-4ed6-8b7f-dc7804a270af,c90512ea-4ed0-469e-a936-7935ade0caf0,14,1,8.24399579994767,0.8010381850527039
7ed3e4f0-c4b9-4893-92e5-096a13572b61,2025,2024-12-03,2a57c531-b461-42be-bbd4-b080f188a160,593820ae-e46e-43a0-a5b3-904904eb9cef,26,1,20.069923168196432,0.984096556737222
7ff7d646-ee42-416f-b3af-2478e49b0beb,2025,2024-12-03,7e01ae0c-d2c7-4d9c-beea-2da953b4c037,307416ce-030c-4156-8d62-1e2632e9e26c,23,1,29.022356014832397,0.9932884750265617
84b18c57-ecbe-409c-adaa-79c94c82bdd1,2025,2024-12-03,2866b25a-1e5a-42be-8763-ad87278ec1d9,48f318bf-54e1-4e42-b6e9-47c3bdaf4fb8,15,1,1.3208245275760513,0.5716497757653344
9d8473a6-f792-4af4-8708-ff8ffa1a5ca9,2025,2024-12-03,ed973a10-a469-4337-9742-eed664c61168,700f42bb-65b8-4e08-bfdf-8dba2e0bd260,-23,0,-5.896438825826719,0.33062030288419914
a5932fd3-af47-4e77-8461-fc182fd7f14e,2025,2024-12-03,0eb90dc3-2a1e-43d8-80ac-bab6d917f78a,52355b41-c560-4fd9-b83e-3bec2763822d,15,1,25.479744222247703,0.9784248570805434
a5c34a2b-232d-474d-a694-f241d74e6ae7,2025,2024-12-03,37d0bfe1-4a78-4810-9371-3268e54026d2,f0489380-9e3d-4613-ab85-fc32d9368997,10,1,4.721162129965702,0.7267192852312409
a993a3e8-225a-4aa0-8d1c-a79b555c9dca,2025,2024-12-03,78926156-3797-4ad3-aa39-fff13a311d02,7f0a740b-2a56-4bec-87c8-7bf2baf05d58,4,1,0.5706887867024257,0.4912643637735867
ac4ac81c-62c8-474d-b22d-7e46f36b2b56,2025,2024-12-03,a870c009-c0ca-48e9-a456-1ea2b2b779ef,2fe58a98-ca14-421d-83f6-aac80bab3780,13,1,10.747138838671356,0.8836265014613045
b1c3d63c-be1a-4a8a-b12e-7f1a2ac52382,2025,2024-12-03,06f12e7c-35a4-46e1-a2ed-0cacb16f9b68,7bc45016-4549-4672-9453-69c2a81aa576,-3,0,14.941827905212648,0.9106711067047742
bd3e13a1-4313-494e-9a99-ea0143cdff16,2025,2024-12-03,cd6bef67-d192-4740-b7be-731c52686c54,24cced85-1369-4dbe-8abf-92fb8d456618,8,1,17.519662986844647,0.9828414327773759
ca59dae3-e713-48b6-8cbd-6005da3532ee,2025,2024-12-03,9123b907-3559-421d-be7d-7e238eb0c266,88c5646c-b1a9-42f6-999b-56d8198e37ea,13,1,6.7115902714151146,0.7111606129967565
cdc6aa08-2321-429d-9a82-bcca6621774f,2025,2024-12-03,52414cfe-b45b-4eab-a88b-e509aa446dfb,5c7c373d-1822-4c63-aa7f-64745cc99c52,11,1,13.167704093455812,0.9219186552460941
ce31df5b-532c-4b6d-bbda-545fbe138dd5,2025,2024-12-03,27bf19a7-be0b-4fa0-8dac-8d9b7df5f363,a5ebc512-a148-4140-b60c-147132b3097c,1,1,2.5739189400949773,0.5573905030533673
d0447100-a1d0-4b40-b34b-0819199c68ee,2025,2024-12-03,641dc594-03c5-4ae6-8564-0ccb3c8edc77,cabaff64-a388-4861-9374-977555d19efb,5,1,13.721217370948096,0.9287942324914849
db315cf0-f570-469f-a440-3ce3521b43bb,2025,2024-12-03,1799ef2d-85d7-4ba9-8048-33b1956ab3db,6a154b5a-b7dc-4299-86a1-c9ecd354b8c2,-8,0,12.728397612015346,0.9037394782289255
db89562c-7cab-4ecc-87ce-1a9d61ff7cda,2025,2024-12-03,0562b0a8-dbba-404d-9aa5-930ebe50c9b3,8fdfa7ed-88da-45ac-9520-9a9e9fbe2586,13,1,13.13742539737405,0.9237189590510834
e123f858-b9bd-4964-ad4e-70884a272043,2025,2024-12-03,b704622d-2904-4237-b9a0-a9865096fefd,abb24ec9-06c7-4ac8-a0a7-299760b256d3,-7,0,4.593065821842013,0.6553296188824689
f0cb7a21-3f0a-47c0-93ad-d662918cf1f3,2025,2024-12-03,ba87013c-8cb8-41eb-95fb-16991c536506,144de2cb-963b-480b-84b4-10b39d4562ef,26,1,23.342206339360903,0.9858412193614503
f119bf53-696a-44b9-b355-7f3b3d754811,2025,2024-12-03,6ba99b19-8a61-49da-9325-3e04939d3d5f,aecf6cf2-725b-4450-9b49-8491e6a4ee0f,2,1,11.806995259258947,0.9152461032801079
063b842b-c86a-4e5e-b592-35185f8b0061,2025,2024-12-04,33652259-8f29-48e9-b213-0eabac8d926f,ab7c4477-bd9f-4098-989f-243e41356323,3,1,16.70654069296461,0.9243664816444072
074abdd9-ee51-4682-bb2e-acee5def5595,2025,2024-12-04,88e83e71-3235-4c21-85a8-da368f34e5fd,ad21cf61-9161-4409-af92-468be5a0142f,14,1,8.63697783531717,0.8094935586496884
0b08b5a4-88dd-45c7-9760-9f6413625527,2025,2024-12-04,6482154d-967c-4e24-af4e-6cdb9ef80e00,b0ebd027-95a6-4e7b-abfd-c26d14470857,23,1,15.738145968151848,0.9529898821841548
1313e4c3-bd49-434f-97c0-68747220e0a6,2025,2024-12-04,7c82650d-eccf-476a-b85d-69a73b6b7f8b,46f85354-63b8-4744-8b13-341ea0a30c2a,-22,0,-14.457110989396924,0.06737174244803248
1940f904-374f-4e42-9414-f05760f99b01,2025,2024-12-04,7e838ebf-74ed-42de-9f2e-d8057aa77de5,223e59ef-679d-450c-a409-d6ff2a5b5cc5,24,1,11.205094302210204,0.9083233190058565
1cdc137e-1df0-4972-bc54-b159dd460291,2025,2024-12-04,f9261c55-02c0-49db-9993-f5d64a97b21e,c91670da-50fe-4e29-9e0d-e0a2d01897cf,4,1,3.832784862667653,0.6339478612050898
26db5cfe-3133-4420-8b7d-df6dad581bd5,2025,2024-12-04,a2a4c8c1-e611-4717-92f2-fccc9217a883,af997d63-624d-40db-bffd-18de780e2f59,35,1,23.83929998297268,0.989863116709362
375ba018-f40b-4018-8e7a-a7a86eafd4a1,2025,2024-12-04,6578af6a-edd4-4185-82fc-cdb933362d97,f5ed0adc-4078-47c4-aba0-3dd2de221774,17,1,4.593943202003201,0.6548554366298285
3b1dcd98-11e7-4154-8d0c-902af73a9b94,2025,2024-12-04,5a320db8-a83e-4f46-9418-25176d12a65f,63da3cbd-f74e-4ba0-8273-8bca25a54f73,18,1,25.623814587279856,0.9875847389399688
3eee0b3a-b04b-4f51-90a8-c71ac102471f,2025,2024-12-04,7d5a75d9-3168-47d2-92b5-e680e056b479,c75216c6-4563-402a-b8d6-b8434793ea38,-21,0,-6.349255299729801,0.28452269120578005
4096564c-6885-4aed-8cbc-79b544f7aee6,2025,2024-12-04,f63b8169-081a-49c5-8b53-2f7b3e524fb8,6f7ff858-33b4-4d3b-b960-8a750dbe33a1,6,1,20.380800772512462,0.9524878462569457
41e15aba-7532-4798-b5fa-9f2383e598ff,2025,2024-12-04,be9af39b-8a19-4b9d-89a3-bc6dd35defa3,75dd9179-8700-4b34-aeaf-2cf608aec25a,-12,0,2.5628137709593672,0.5798505922753222
4b35df28-2d70-48bb-a053-ea7a985c2844,2025,2024-12-04,01f45e3a-e22b-4c25-b1e8-0d5ac80e6a5e,871751b8-eb3a-4919-bc58-ab82887e29c6,6,1,2.9671720451048365,0.5221452065887496
4d9009d9-ce01-4e8d-9b3f-bb39c865f20c,2025,2024-12-04,d915e7c4-a333-4d6f-9c21-5904d58e75bd,829dbc21-e757-475c-ab7a-2a3172ec0683,-4,0,2.718338669572812,0.5590151520133556
4f957c5c-8a17-4b42-ae6a-2ff2e05fa9e4,2025,2024-12-04,c333af2f-2819-4e30-8541-dbb64eb01cbd,bbd86984-093a-4854-845d-01d65716f8fa,-11,0,6.673102756759724,0.7374094240484412
51a8d3cc-ce64-45c3-9ce3-8fde98c6a5a2,2025,2024-12-04,bfd9aeef-b698-4868-8a44-436dd23e4ae1,6f9a1a81-2dbf-490a-ba3c-8f8fadddd9d4,-5,0,5.73040661707989,0.7834259429082524
53380a61-3244-4b37-af8b-7f68db374c71,2025,2024-12-04,f8ed9667-67c8-4fc7-a946-d81c4cbe8fed,714115a3-e87c-4c38-be62-cfe9dada315e,11,1,21.7593886451148,0.953072794502726
5416bea2-6e48-4b6e-892d-aef6bf121257,2025,2024-12-04,9b729374-1ae8-46e9-bfe6-2348cf00056a,7532f347-4701-4460-abfa-98034c2ce687,9,1,-1.6557661940160926,0.3361772965372846
5e3efde1-b90b-45b3-bc6b-f228db94fe02,2025,2024-12-04,41e19184-6f6d-4838-b789-d8553db45753,ff488f80-9f05-43ba-b8dc-d7693b84c0ea,6,1,11.154450544472457,0.8839668909247692
5ed46de7-688d-4479-b5ea-a2df80b09cbf,2025,2024-12-04,cb8412bc-37cc-43bd-b58b-a5e5956df339,d0c9e56a-ea87-4a77-8ea1-93b43e2aa99f,21,1,11.876684375577481,0.8773101264710432
5edf6411-4350-4bfb-ae17-12c181bf5aa3,2025,2024-12-04,5858896e-5e67-463c-a38c-c7431f157945,22865798-3256-425e-8eb5-60e1edf9403f,14,1,3.230239296394519,0.6041626411868863
61dfe258-c303-4467-ba2c-eb31268a4e9c,2025,2024-12-04,8d515064-54c5-4eeb-a095-ad7ac6839d0c,f9a35e93-6a9b-427a-8901-d74cf3f23676,24,1,8.408097359796647,0.7642037158458223
69d1b9c2-803d-4c36-9b85-6bcd3729f049,2025,2024-12-04,c7e47abb-629e-4b69-8d41-c87333fbe6b4,5d005d94-2060-493e-af42-31885c78962f,2,1,2.2662730171112515,0.5586330165617628
6ae2d3c5-dc8d-4a6c-a522-65f33fa753a1,2025,2024-12-04,0420bfac-8b45-41ad-b228-89893a037d4a,5ea1ef3c-5f24-4989-854e-a24a9e31ac74,3,1,15.04454600181461,0.962479565639034
6e95feb2-b8ab-4370-971d-0759fc3c46db,2025,2024-12-04,231d7720-fba0-4331-b1da-8412227395f7,fa9fae48-c4f0-419f-97d7-5e2ba9d47858,-27,0,-8.776645018170539,0.2242685484663449
728bd883-08f1-4109-a652-08aefcb93329,2025,2024-12-04,fb109583-87bb-40c1-a02d-7d40bcd7c52a,6cd07c06-66e5-421d-a8d3-84cd9833bce3,3,1,0.2798089530231552,0.433627840611476
7cf0a27c-545e-448c-8761-d88aaf1297ca,2025,2024-12-04,fa6de946-411a-41ad-8bfa-6526c949108c,02073ad7-1bb6-47dd-a1fb-fae5e0bc2ed7,-14,0,8.970095697591582,0.7615082843704594
7e0b36db-6488-4342-b908-c0e66787233f,2025,2024-12-04,c4101885-e600-4596-80ff-bc637c56221d,cf3707e3-2f2a-44dc-8d7a-4d16b2fe78ee,29,1,17.383933692518692,0.957724124045347
8dc53969-a76a-4a8e-9245-ace29321e420,2025,2024-12-04,76eb53c2-0367-4d59-b619-799a7aea658b,ab5be1d8-ac8b-4c5c-8e26-320585a8bdef,33,1,9.342730278290706,0.8472985364136226
9081c89f-d4a1-4322-9404-301d8639a811,2025,2024-12-04,8dae6732-0634-481a-90ac-d73bf6a19566,58fdb1cf-11b4-437d-a338-e497be161811,-3,0,-0.7650265070875165,0.4806117612222861
95c65b7c-b85d-440a-97ce-0abab6a9aa96,2025,2024-12-04,de0352b5-4ae9-49af-a027-b0dc86a005da,4f9d3323-4211-41f2-8211-76b7efd6246f,10,1,7.826645173237686,0.8111018592505557
97d4c07d-da1a-4358-b323-3870e182b255,2025,2024-12-04,2fa161f0-e26c-49a0-8eb0-b2810c4d4845,6b776d4e-7c15-4c08-b195-ddf7052c762c,-16,0,-10.505373351318301,0.1171819647992815
98290064-9358-4f15-9785-7ab37cd81332,2025,2024-12-04,48dab38d-2a0b-4201-94d9-c6ffaf736974,351b4e0d-ecfa-4f26-963a-5d1e8b281052,6,1,7.651174876799509,0.765873621731166
9cf54882-632b-4014-93a8-4c72eb243499,2025,2024-12-04,0485ce67-c9b0-4725-be73-d3185a14e575,e4054827-709d-47e3-8f27-86b76b8f17d6,7,1,-1.025591274999334,0.5429270852595681
a83c09bf-cceb-41bc-b4a6-7f99c0a2739e,2025,2024-12-04,be595032-d4ed-4bea-95de-22a18feb02c7,17e47b02-02b2-4bbb-a838-a4695fbc099b,-8,0,-0.6152284141169215,0.443985295211553
b13f0b99-6be4-4b4f-90d2-581eb70e036e,2025,2024-12-04,eb7098ac-5154-42da-b703-d3b3958b198c,397b5601-d70b-43a8-b259-1a752c68bb1f,-15,0,-3.9221151312068336,0.3259347549425603
b26b1153-44fb-41f1-9a31-c761a7f4f089,2025,2024-12-04,d8e2daca-6b8a-4f31-93d4-8cf6dd93fda7,ff2fa864-282d-4503-9a88-8c10619b0e3d,10,1,-1.5903866724860314,0.4313965039482561
b33f9a2f-4345-44e1-9117-2ecf0399b409,2025,2024-12-04,6fd295ef-9c37-4478-af91-536cbf316358,f89aec4b-36dc-4a40-a634-a744d4d646a2,-4,0,-7.1047097872940705,0.22812735677216048
b9e4a222-6ad0-4732-8be0-93ee482adc5a,2025,2024-12-04,185c12ee-a2a7-4588-84f2-4b4b270a75a6,44242fcd-cd9f-43aa-afc2-5a12ea89394c,4,1,6.918433078076192,0.7718951632368993
bab6932d-a4b0-43c2-9d8e-1a0e265f04c7,2025,2024-12-04,75d1bc49-ce2b-4e7f-82f2-26e690f29375,3027d417-64d5-4892-a6c3-c77edfaff436,13,1,0.3910044601076749,0.5486115630632189
bb32c42f-d197-47b0-a238-5dcd81d55288,2025,2024-12-04,9a0196e9-6b45-40b9-b0d0-df6bb1c90dc7,9c04a238-121e-47ea-a3bb-436957b78a8b,27,1,3.584017969186382,0.6281855121711113
c25741a7-0096-4206-b956-426917121e6a,2025,2024-12-04,85708ae1-7d66-437a-9d70-bcb680bdfa86,51ff831a-13fe-411d-a486-ed3c7ea2fb5e,15,1,5.614079508770091,0.712314196820971
ca4faa50-12bb-4642-abbd-553111fbd0fc,2025,2024-12-04,ac42cc2e-26ce-4ace-8d1f-28d21a1c77b2,a1594c03-e784-493e-8435-66f585997595,-18,0,-9.685067026858388,0.1755568561049966
cc79e120-3e31-41bf-8dc9-59f45ac14ab9,2025,2024-12-04,60adcfeb-0ca6-456b-b51b-d8d3a324c55d,935d92c1-aca9-4b21-9e0d-b6c396fb067c,-17,0,-4.502458646999328,0.2854533539051177
d8c9ed4b-fb62-4977-b0bb-669c11469ee4,2025,2024-12-04,fcb7d38a-6efc-47b3-b7af-3dd5ea07e8e5,a79a95b3-2101-4649-8f36-782b24edba79,-8,0,9.763135734057846,0.8072503335760907
dc797933-42dd-4eaf-a487-c1dc89b55fd4,2025,2024-12-04,f2fcffd8-915c-4fdb-a632-8b5b621bc999,db5b4ba8-4030-4125-845c-337b3ed300b4,11,1,9.326292557832094,0.834535369471068
dd1c2f74-9de4-4e63-9114-e231c276c637,2025,2024-12-04,861b8733-b443-47d5-9c5e-f56373a8fb9c,17900399-e4eb-42bb-81ed-06f5be1309b7,1,1,-1.2270123627015612,0.41859532125060356
e7416123-6390-4fb1-96fb-d0fdff03b4b6,2025,2024-12-04,2c1fdbd4-c0c7-4750-b829-f7a6b7bc5710,5c6768d4-83c5-4e23-aafc-55ac70126454,-11,0,-5.1771309077301435,0.33769071139638196
e7dc2caa-5f52-4a08-b9ef-5433b377a5ab,2025,2024-12-04,571d2904-70d9-4de6-abfb-1d716ba43f0b,79c6b473-0e11-4c2b-aa4c-8523cc9afa48,24,1,11.761028118260176,0.9055435764394981
e8be4d30-8293-4d09-89bf-b8450b78bf74,2025,2024-12-04,d26d7563-983a-4b9f-bf04-fa2777e0beb0,40960630-05f9-471c-b4a6-0eea2cb6345d,-4,0,-8.609762503509053,0.22736964066996304
f0af1cc0-c631-45c4-b206-ca7c0344e149,2025,2024-12-04,c921ba85-0782-4ce6-80e2-44f0c43d4f16,b31c989d-1667-4be6-8a91-193cda486b3f,-1,0,11.862008105791917,0.8663251152501775
f2556dce-c2ff-4ddf-bc79-7ac6dacbb7d7,2025,2024-12-04,08b7e4ad-da8b-487e-a809-741854d1008c,2e0b49d9-a257-42a3-955c-b0b0af5a12db,13,1,6.091384929828542,0.5954921161914415
f8c08321-3f18-475c-b8a8-9e55c0a8a2de,2025,2024-12-04,d75e1814-b8c9-4246-b06c-afe60d661528,a46fdb60-30d0-4807-a2b1-e29d8d7c22b2,9,1,6.964006006607755,0.743204120929027
ff5376f3-ae9c-4560-acba-79510502f4ba,2025,2024-12-04,d52e191f-c4a5-43a8-b16a-1d87ecf7ce9d,0f0aab5c-26db-447a-b6b5-a264da5b140a,-27,0,-4.745486970052714,0.27663189738390537
fff3961f-1bb6-4687-8f4a-bced30789ab7,2025,2024-12-04,4926f0f3-ac12-4ca0-9cbf-eb99f9aafb78,c878fb5c-c2e2-4f40-a5a0-f297cc0e51b8,12,1,9.247259176153033,0.8330150882575721
0ad232a8-e210-46b7-915c-b439b1af9ee1,2025,2024-12-05,67503cd7-a244-4820-afaa-485db8ea877a,17eb5319-07ae-4f0e-b1d2-8e828b07ed79,2,1,9.891373826100736,0.8691358771093638
115b4ccd-0cdb-4ad0-bb26-595a24b28f8c,2025,2024-12-05,0f2c89e1-1c22-4add-af3e-a7d9982de167,241f50fd-2121-4b74-abd9-2ddb98d74a2e,-2,0,6.025358747704251,0.76946496375797
2fac36dd-40c6-469c-80bb-ef04cf145a4b,2025,2024-12-05,4edc5314-8f1f-46cf-90fe-fc3094be42cf,dbd1798b-2cf1-49c5-9f33-caefec39594e,17,1,3.4501951697729,0.6497925946605371
3cfeb8a1-2405-4054-8bae-aa250609f69b,2025,2024-12-05,705e808f-a589-4af4-8baa-45ce5b2e969e,a0bfc386-3dd9-4417-be3e-42f45cee6c22,-17,0,3.0577224839439197,0.561977701740747
3eb21cab-0ca8-4496-abda-e46a90f43f39,2025,2024-12-05,58d76bcb-6251-4be3-9fce-6e748e521d87,ba48df8b-809b-401f-a758-25c39aa2d50b,4,1,19.150094899914365,0.9661000527085245
4a78bc66-3d33-4493-9474-d07bc6d269ed,2025,2024-12-05,e6a72d83-0126-42a5-b202-cd710e233fef,5320a4de-9279-4990-9ee8-6638339220e0,1,1,-8.51065566547926,0.23368816704880535
51237f0d-700e-4fee-9dc5-eddd8c57a780,2025,2024-12-05,73493513-0a1c-4fec-9e40-429225bb809f,52f17f8e-1af3-4d55-8323-0292fdf33297,12,1,0.16687883982665921,0.4876140316009809
614ae1af-a00a-4367-ac87-7f036864f6c9,2025,2024-12-05,e6431705-05f1-4df2-9721-8369a3a493dd,46671d80-ebfc-4f9a-8eae-19249794115f,-3,0,-6.356479703109038,0.24328847694631522
63601288-0e7e-4814-8359-063e4c4a82d8,2025,2024-12-05,e20e16ce-0f28-40e0-afe1-5492395d5e53,9df3af06-d207-48e8-a010-41797b070072,11,1,-2.167548117058891,0.32767843571888333
8346dc2a-62c3-44b2-9bb0-f227553ec239,2025,2024-12-05,f02fe504-2b2e-4ed7-b9c5-4c7e6e224682,c9942b49-0bf7-4dda-bc78-bf2e3b174055,-4,0,4.04912833391617,0.6603116186104627
87cb0411-aa42-4127-ab08-6065eb564042,2025,2024-12-05,8848c09f-0c71-4cbf-9d0a-84da72f6b649,031d384c-ac9d-469a-985f-3214f2b9972b,2,1,4.961377100886509,0.735185084825389
aae244e1-da53-4519-876f-d883378a8579,2025,2024-12-05,8860a6b6-e60d-437e-afc3-b42e8cab8d79,4b7b8cc0-eb4b-40bd-a9b7-958fbe20894d,-7,0,-2.4053522435663455,0.3984739242024733
b80c74a7-fae8-42d3-9eb3-0a58ad1822dd,2025,2024-12-05,fe967dc0-fdb0-46b0-9629-0fd108949abe,46a5f9e6-fe34-4ea4-867d-ba4e31297465,4,1,6.4388183381606705,0.7344304271399938
baa410d6-a84f-4a8b-9548-2a20c909e11a,2025,2024-12-05,f4598131-de83-4e8d-b7cf-dc008ccca8aa,9ba0c75f-bad2-428f-9038-d695c2385098,16,1,18.17482095083552,0.9770268982517614
c915fbf0-d609-4009-bdae-ce358ac17d62,2025,2024-12-05,78d97761-b499-435e-9097-b9d553f3ee67,3c9cd500-c6f0-4eca-b722-405eefd74003,17,1,15.195920501529251,0.9163018468301061
cc9ab445-cfaf-415b-86d9-d9cf44e75e3e,2025,2024-12-05,de50cb63-b08e-4760-ad25-62eceb6c4120,7732f0ad-152b-481b-be13-de99facad3ed,-8,0,-5.626870503064336,0.33556915827303724
cd4df101-2824-4971-bb25-7a0f0e41cff0,2025,2024-12-05,b0e26736-fae2-4d59-85cd-4b5243f23c8e,17dd690c-8f33-4c2e-94ef-326bf0628517,-4,0,1.4996015562993763,0.5725902084904838
cdcfca5e-3908-4557-8dbd-10a807d0b6b1,2025,2024-12-05,31a68979-4cbf-4e59-be9e-82043f581ff6,c7345766-a5fd-40e1-9757-26d62af0b9af,4,1,1.5133820962206765,0.5441763106388946
ee7795ed-ae55-495f-a1d5-8955c42e542a,2025,2024-12-05,bb02a3be-6beb-4745-b200-3a49f5224f0e,2389c341-a290-43f4-b0e8-08ee6a15c14c,11,1,0.37489647176233903,0.42416439369716213
fbdf4d2f-23c9-4a54-bcfc-6c01909347e9,2025,2024-12-05,a7689181-61c1-492f-83e6-a64bca6e04f9,3dd34e3a-6cf5-419c-8042-503af5d36e7e,-6,0,-9.350287763176556,0.22236206744229595
102a6a2e-647c-4ead-b8bf-90f90ecacd14,2025,2024-12-06,47b99bcc-2f9a-41d7-8d7c-3f9e93809210,2866b25a-1e5a-42be-8763-ad87278ec1d9,1,1,9.511288009380342,0.8703398076517362
13c2e8dc-92d8-420f-bfd5-a5440ac0a249,2025,2024-12-06,7bc45016-4549-4672-9453-69c2a81aa576,ad36d475-e577-4c2f-b8db-b2d47d1fab15,-3,0,-0.26922587054438085,0.44522738929025085
143601f2-00e7-47da-ad01-d08045aa5027,2025,2024-12-06,bd53017b-0998-4291-a0d1-1c9f45306402,eb0507e2-4c2c-4860-ba0c-7a0a815425fe,5,1,5.9514924679128445,0.6850747225801465
2dde88aa-06c6-4819-8cd0-2664759aea05,2025,2024-12-06,c62c317e-e0ab-4b1b-a6b9-878965985154,cc0e2cc0-da4b-4021-8739-c0e7e235467b,1,1,-0.9455864023681061,0.4144925912835616
3b7b6453-ffed-411e-adb2-febfbe00bcfd,2025,2024-12-06,bf7cd127-c979-4181-8f7b-356415e2c15a,a2f3412c-1391-45d6-9516-eeef28f38cff,19,1,10.428235197297864,0.8919172539264667
4222a430-04f7-47c3-b7c3-acdee0bcf7ac,2025,2024-12-06,06f12e7c-35a4-46e1-a2ed-0cacb16f9b68,a870c009-c0ca-48e9-a456-1ea2b2b779ef,14,1,8.971686422599578,0.8306510869940621
5831d76c-ad54-498b-a6e0-cadcc5e0e6a8,2025,2024-12-06,e51388ec-8e0a-4c32-a70c-4890e3e61d3a,9f7dac5e-38e1-4e63-9e50-e6b0d822fddf,29,1,23.263659625966906,0.9857875945610293
5cb4cf23-2483-4876-bf86-ba2d56fa8fcc,2025,2024-12-06,b04e184a-6805-475b-95bd-7e19d2fe95c9,5896c71f-aaee-4983-9da1-2e953c561786,24,1,-1.0151146187541162,0.35601442553067264
712d2fe2-66f0-4412-967a-2349b850b386,2025,2024-12-06,14a1f904-5f97-4e98-885e-5d6c4f102ea6,abb24ec9-06c7-4ac8-a0a7-299760b256d3,-1,0,7.426923844161078,0.8153161584246446
794d1b91-d7b0-4777-b05d-6b25c9586779,2025,2024-12-06,e383167f-2c53-465a-b2fe-0d6bd7c69b27,b9840fe4-f776-405a-8b8d-3c388de0792b,3,1,1.332547135033228,0.5839087558739249
83db255c-3736-4e52-8ec9-7c2a9ead6424,2025,2024-12-06,6cd07c06-66e5-421d-a8d3-84cd9833bce3,a1c48553-79dc-47b7-8672-3b204100c8ec,-5,0,-5.0731167175194,0.3292297090262594
d1d57927-2bec-4b66-87e5-0407e20e8623,2025,2024-12-06,f22ee0eb-5079-4c19-b46d-7d40e14d7636,52aab06d-922e-4906-9dc7-3c0fe7d3e2c2,-8,0,-12.260300082272781,0.08489999226822285
eacbcb13-c47b-4d0f-a140-7bfb913caced,2025,2024-12-06,17ba9bad-9d46-41c6-9781-6a1e204da7b0,8deb21ba-48b8-491c-89ab-0b360062d211,-4,0,-4.93595204128099,0.3598932730991526
ef93409e-ebe9-4f25-b887-7603d88850e7,2025,2024-12-06,2a57c531-b461-42be-bbd4-b080f188a160,1835c2ee-1e17-4d18-9ab8-a1bb3678b947,19,1,9.932670745181426,0.859085334835275
fdf85a80-9430-4a37-bc95-a2a39c089e9f,2025,2024-12-06,a5ebc512-a148-4140-b60c-147132b3097c,b6c7c93e-bdd7-4df7-b73a-c1fbe953199d,4,1,-3.3508795110494107,0.292864972073608
00eb33b6-98f2-4673-850a-268a99129722,2025,2024-12-07,e4054827-709d-47e3-8f27-86b76b8f17d6,5858896e-5e67-463c-a38c-c7431f157945,13,1,1.6509286371845306,0.6019637156834007
02cc1025-6b58-4840-a9c9-a9e920926804,2025,2024-12-07,593820ae-e46e-43a0-a5b3-904904eb9cef,c4972de1-bfaa-4820-893c-10adf1095f0a,16,1,4.48729031045355,0.6342968075960456
031f541e-1b83-42e4-b819-3e1c6bb23adf,2025,2024-12-07,a0bfc386-3dd9-4417-be3e-42f45cee6c22,82d0fc94-2404-4659-9764-1b8186e037b7,8,1,1.7946968618582209,0.5446888378894085
07a95ada-8e9b-43ba-8cdd-c142a850c4b0,2025,2024-12-07,58fdb1cf-11b4-437d-a338-e497be161811,6a154b5a-b7dc-4299-86a1-c9ecd354b8c2,6,1,6.141875861105494,0.7805106826916802
07e4f926-fb7f-4d97-93d5-8b94241b0bd3,2025,2024-12-07,db5b4ba8-4030-4125-845c-337b3ed300b4,f829b41d-4185-4fb9-98e0-bd7bd9b6bd7d,14,1,-0.854214691688875,0.4919575540547016
0960f7c5-b7f8-4590-bc5e-2f389bdfba1c,2025,2024-12-07,6dcee41c-8ef7-4afd-aa5e-6e7fa77886e0,0eb90dc3-2a1e-43d8-80ac-bab6d917f78a,28,1,25.18676678229733,0.9836195420485406
0a3ab9e1-0895-448e-9477-f0fae982a2f4,2025,2024-12-07,46f85354-63b8-4744-8b13-341ea0a30c2a,e732f6ff-8488-4df9-8756-f1cbcec88e33,17,1,17.754799917806984,0.9363331133585002
0bfe7429-8480-4906-afdf-ef672405710c,2025,2024-12-07,a1594c03-e784-493e-8435-66f585997595,ce88cc81-96d4-48c0-ad06-ee0c2d3d7663,37,1,13.17070567410456,0.8972876892187924
0d63065b-a65a-4be1-be3d-56e3ccaad39c,2025,2024-12-07,cf3707e3-2f2a-44dc-8d7a-4d16b2fe78ee,a00214a0-9c1b-4018-a085-500dbd55fb17,4,1,-2.0668074449764404,0.3829445263432166
0dac2a14-7716-4de5-9017-eb455baf6606,2025,2024-12-07,0f2c89e1-1c22-4add-af3e-a7d9982de167,46a5f9e6-fe34-4ea4-867d-ba4e31297465,12,1,9.721957580109015,0.9346638948958014
12937e3b-5710-4547-990c-ae5ccaf612db,2025,2024-12-07,e6a72d83-0126-42a5-b202-cd710e233fef,031d384c-ac9d-469a-985f-3214f2b9972b,-8,0,0.5292756575100197,0.5326828202414542
15c3373a-2906-40ee-87e2-4fc183894850,2025,2024-12-07,fa3cb393-e306-4365-b4c3-b3f62a5027d3,7c82650d-eccf-476a-b85d-69a73b6b7f8b,15,1,23.423852243987003,0.9821709703425817
1608fd88-4c17-468b-92aa-fe6f6a9a34de,2025,2024-12-07,9b729374-1ae8-46e9-bfe6-2348cf00056a,88c5646c-b1a9-42f6-999b-56d8198e37ea,-2,0,-8.228339323713044,0.1872603267679767
1741c1a1-0523-44af-808c-14e1b298b2ca,2025,2024-12-07,f89aec4b-36dc-4a40-a634-a744d4d646a2,be9af39b-8a19-4b9d-89a3-bc6dd35defa3,12,1,5.606333093408639,0.7673324609408431
18f4e101-bae8-4c2c-9ebe-5dfb19152a1a,2025,2024-12-07,75dd9179-8700-4b34-aeaf-2cf608aec25a,185c12ee-a2a7-4588-84f2-4b4b270a75a6,7,1,6.217048630615464,0.7418942432892355
1f01d6fd-cf2d-4311-9dc2-a9b5000042cc,2025,2024-12-07,9c2f288e-9523-4b69-ae64-ab0876fec6a4,b58599cb-bbcd-41e0-9746-6ce1ed5597d3,-10,0,-2.894055787054863,0.34561682297772667
201eb035-9659-4d83-bf1a-5d9f207b1565,2025,2024-12-07,4926f0f3-ac12-4ca0-9cbf-eb99f9aafb78,88ae8bb6-fbd8-444d-8d22-f485d82d2e67,-6,0,5.197271779618872,0.7163075275778631
23097e4a-7562-472e-b2f5-7a315c9aa2d3,2025,2024-12-07,2389c341-a290-43f4-b0e8-08ee6a15c14c,f02fe504-2b2e-4ed7-b9c5-4c7e6e224682,-11,0,-1.9484952993619646,0.42252566487409005
276e0f3a-dc50-4ef9-8b2c-444524cc8ef2,2025,2024-12-07,f0929311-9f5c-421d-8573-4b4bee0c314f,ff488f80-9f05-43ba-b8dc-d7693b84c0ea,6,1,-8.72234959660834,0.14959791160059194
2cc579e9-fe54-486e-867c-f2d0d3977fb4,2025,2024-12-07,0b297e0e-e039-449d-b07f-f8e1ae96e3db,ccaa9380-5136-4fd2-b639-f5f54936ac7d,33,1,26.94066835935309,0.9845922042561477
328d2862-36a8-4a89-ae7d-a2a4a7ed4145,2025,2024-12-07,2de57d84-8b9d-4def-9a66-315270ea5d18,79c6b473-0e11-4c2b-aa4c-8523cc9afa48,16,1,26.767602127947352,0.9922037240324637
33bd8af3-b471-49ef-beed-5b6a6b803707,2025,2024-12-07,0420bfac-8b45-41ad-b228-89893a037d4a,307416ce-030c-4156-8d62-1e2632e9e26c,30,1,25.55735563988317,0.9908397285047844
341f380e-2c02-49fa-ac57-501cdb133f55,2025,2024-12-07,1f8df44b-d154-4a8f-8c48-32b36db0cd06,62c787d1-5e5d-4e44-b6e8-1c208f874eba,6,1,0.8104623319015279,0.49209473320484615
3476e602-b3d7-46f2-91ca-38fbdcbaa34e,2025,2024-12-07,7d5a75d9-3168-47d2-92b5-e680e056b479,a6dd499a-eb6b-4f8e-9094-d8eb96b3547a,-4,0,-0.8607307049188945,0.5556439194640478
36101fbc-a3de-46ed-b368-707b58fe52d1,2025,2024-12-07,7a78a9a6-0d5b-4fae-8fb4-98bc816ed903,51d48e8a-41da-4087-b00f-c65fc8fc1ce7,8,1,3.9075066321249627,0.7723074279598934
3d1d846e-c3eb-4e03-b198-9530aa747bc8,2025,2024-12-07,9fb181a8-2807-4e27-9442-8e09de6c9575,ff2fa864-282d-4503-9a88-8c10619b0e3d,-8,0,-3.602354439229782,0.47358805128595194
3f50d6db-86d4-4a6d-8acd-1c74fc31a14d,2025,2024-12-07,ad21cf61-9161-4409-af92-468be5a0142f,b0ebd027-95a6-4e7b-abfd-c26d14470857,5,1,2.1905539038869,0.45099257979584173
429bfbd4-26b8-4435-8164-ec1a919dadff,2025,2024-12-07,935d92c1-aca9-4b21-9e0d-b6c396fb067c,3aedc020-716e-4a2c-a7f8-ab1abaf53d87,10,1,22.931194686210947,0.9895780082226726
45c07736-07c5-4a9d-b7e1-7adf8a545012,2025,2024-12-07,66244ae3-7fd6-49a7-9304-4ae41bea9ab3,1799ef2d-85d7-4ba9-8048-33b1956ab3db,-14,0,-13.423927846686448,0.1003022930362463
516dc638-7a80-4575-bdd3-48a8d2ea4488,2025,2024-12-07,861b8733-b443-47d5-9c5e-f56373a8fb9c,829dbc21-e757-475c-ab7a-2a3172ec0683,-13,0,-6.4346430096654545,0.24707014212944056
539daf2d-91b8-4cee-a3a8-7670701112e3,2025,2024-12-07,69293aea-705f-44e4-81db-36e52bcb1813,4b6cd009-754d-44ee-9433-124bad801b02,12,1,8.36501673922339,0.8131495397714695
559a8329-00c2-490d-af99-1ccacead9bc4,2025,2024-12-07,308dd2dd-d731-4927-9bf5-e8aad5900158,e66c14f4-c6eb-48be-8caf-0deb5a03ec15,13,1,7.610164771830734,0.7473134907001726
55ba4924-6812-43c3-95e1-be64aafe0416,2025,2024-12-07,14b85f13-07f7-4bd1-8f5f-32720dbe1c9e,6ba99b19-8a61-49da-9325-3e04939d3d5f,2,1,9.724765853889647,0.8776483382647641
57aaaad7-5c57-4238-b07e-0b2b4b358650,2025,2024-12-07,44242fcd-cd9f-43aa-afc2-5a12ea89394c,01f45e3a-e22b-4c25-b1e8-0d5ac80e6a5e,21,1,14.837864893530265,0.9091368094394428
57b8ca20-9f4d-4de8-b007-7d238106ffc0,2025,2024-12-07,b8772a3e-c4fb-4396-8eb8-b30c8a36abb7,026ac097-d80f-48f3-80e4-e6ae2b9ee383,-3,0,2.110283963327672,0.5292050776032149
598651b8-b1dd-4298-bbee-80cc465b5b12,2025,2024-12-07,5c7c373d-1822-4c63-aa7f-64745cc99c52,c514a4b8-22c2-44f6-a118-250ae80751b0,-12,0,-7.6892599306373,0.22369717240082576
59d58d4b-b87e-4ff1-82c3-ab354e8561b7,2025,2024-12-07,bbd86984-093a-4854-845d-01d65716f8fa,bfd9aeef-b698-4868-8a44-436dd23e4ae1,12,1,7.145014617383589,0.8147767318731879
5e71ebea-9e93-4c4e-ab5f-32f8817a015c,2025,2024-12-07,571d2904-70d9-4de6-abfb-1d716ba43f0b,f0489380-9e3d-4613-ab85-fc32d9368997,9,1,3.1759120386224318,0.6219595917140963
602d7b0d-4a05-47f7-80ca-eb5b0eb5eee6,2025,2024-12-07,561ee565-69fc-4571-95fe-32ac563e53f0,f3afec86-2594-4158-97d1-aaac68833b8c,-14,0,-7.088390940532716,0.27367242633171496
6209faff-eb29-493d-8f64-9c34792d84be,2025,2024-12-07,43624e99-f362-48c4-b203-9af174b24be3,144de2cb-963b-480b-84b4-10b39d4562ef,5,1,-1.777633361117296,0.4569974432001462
6290657a-4d98-4476-8830-298e07122043,2025,2024-12-07,000d55e3-3608-43be-aebb-6926cbe6b7b5,b31c989d-1667-4be6-8a91-193cda486b3f,7,1,17.094322956258125,0.9479025562290561
6c9960e0-e8b9-4bca-8440-5a0ecb653e08,2025,2024-12-07,dd8a7533-5e77-4aee-99d0-4c56a7ff74a7,7f0a740b-2a56-4bec-87c8-7bf2baf05d58,-1,0,1.3071921653213041,0.48850907740361876
6d96f137-1d08-4038-a7db-9852518b022b,2025,2024-12-07,375d7498-7795-4ff1-bcf0-e13cdaccd9e5,ab7c4477-bd9f-4098-989f-243e41356323,12,1,17.906634951702596,0.9477739542875459
6e1e3aa1-9fe3-4f8e-a16a-4c5833d95da7,2025,2024-12-07,8fdfa7ed-88da-45ac-9520-9a9e9fbe2586,8bdfa757-6fe1-4ee1-a1c5-279e7f35fa1e,6,1,12.344447717530839,0.8972158893693585
6e57534f-9530-4aa6-839e-5df0672f389a,2025,2024-12-07,bc9cb402-a9b1-4644-acdd-ae7e0571be90,b704622d-2904-4237-b9a0-a9865096fefd,15,1,19.230715593135486,0.9714686864364559
6f411bb2-0ec4-4f1e-9b08-4b8c8ae75613,2025,2024-12-07,3be5fa30-2fd3-4af3-bfc0-39db2dcb523e,07b4923a-16cd-4490-8ae5-d61599212ab1,-29,0,-9.166324992635412,0.12931404627422155
6f56ce01-8b03-4771-9ec4-17ab29f56717,2025,2024-12-07,f239ac13-f7a1-4acf-90a5-3cf4c6fd3355,f1e9470d-a3c7-4ef1-8583-6bb917490ac3,36,1,30.843411763303248,0.9876490551704703
74a7774e-993b-43dc-b40e-855f0ab0e8ec,2025,2024-12-07,d0c9e56a-ea87-4a77-8ea1-93b43e2aa99f,c333af2f-2819-4e30-8541-dbb64eb01cbd,-10,0,-11.496995976112386,0.13373623020521633
750463a9-9d56-4529-89ea-dcddd5383c74,2025,2024-12-07,b67edcbb-77d5-4a29-aa67-e1733b9a001a,85708ae1-7d66-437a-9d70-bcb680bdfa86,6,1,1.6631277595718843,0.5818299254294474
79e4d648-b13a-4b7c-93e0-7598b8531dd6,2025,2024-12-07,7532f347-4701-4460-abfa-98034c2ce687,52f17f8e-1af3-4d55-8323-0292fdf33297,-22,0,-12.429616305819506,0.08725643268778409
7f454485-95b7-442b-aab3-a0dc13357eab,2025,2024-12-07,c7e47abb-629e-4b69-8d41-c87333fbe6b4,9007c268-37e0-4ab1-ac60-f9cdcb3a7a8f,3,1,5.629937971394837,0.7187227910807693
81da9b35-c732-4aaa-97ed-e32bd903de09,2025,2024-12-07,35163246-626a-4e63-899d-7a3798e88277,4319d016-ec3c-434b-9398-c88b1bfab01e,28,1,13.370537650986106,0.9082364006012004
862b874f-3b62-4479-82d8-69671c09265e,2025,2024-12-07,871751b8-eb3a-4919-bc58-ab82887e29c6,6fd295ef-9c37-4478-af91-536cbf316358,5,1,4.471798267897096,0.669386557980453
86eaaf1e-a6c4-458d-a2a9-4498d118fd93,2025,2024-12-07,f5ed0adc-4078-47c4-aba0-3dd2de221774,cb8412bc-37cc-43bd-b58b-a5e5956df339,-1,0,7.922466313416577,0.8408527588520947
8aa1b224-6072-4dd3-ad56-1204e22d6e57,2025,2024-12-07,f63b8169-081a-49c5-8b53-2f7b3e524fb8,fcb7d38a-6efc-47b3-b7af-3dd5ea07e8e5,-6,0,14.983234774533951,0.9475591908688163
8c6c8b45-2f93-4b69-84f1-d49b1d1ff44b,2025,2024-12-07,7e01ae0c-d2c7-4d9c-beea-2da953b4c037,4a976ca8-f51c-487c-ba87-dae41ddaee24,-5,0,8.253113519431551,0.7325681759477957
8d1d4469-08bf-4b74-bb78-41d4f5d15f58,2025,2024-12-07,5d005d94-2060-493e-af42-31885c78962f,70746950-a861-447f-a9ba-f53e329c27c1,11,1,13.74274278194871,0.9005019880766785
8f9328d2-76af-4e3f-accf-88a5b4a87398,2025,2024-12-07,b0e26736-fae2-4d59-85cd-4b5243f23c8e,a6332591-4e2b-4b84-82bb-debc57b8b614,19,1,12.919025974220189,0.9066469155372396
93deab9f-5ea7-4db5-ba1f-fc4c19ebd295,2025,2024-12-07,69642ef6-85e9-4dfe-ab65-4cca6a1688d4,78926156-3797-4ad3-aa39-fff13a311d02,-10,0,-11.737628872763068,0.10052528036885043
961d9c3b-4025-4ca6-b374-b24bbc4adc2a,2025,2024-12-07,ddb253d9-6526-4c32-a7a2-4462d6abe45c,c4101885-e600-4596-80ff-bc637c56221d,17,1,-3.2675021335792565,0.33542416527453517
97369237-7aa2-470c-a799-fc67351b92ef,2025,2024-12-07,714115a3-e87c-4c38-be62-cfe9dada315e,daea7f8b-7386-4fa6-8921-870a3e848b4a,5,1,-6.615212776750431,0.21489562804318113
9b1d24df-45c7-4b17-97b2-abafb7058175,2025,2024-12-07,2fa161f0-e26c-49a0-8eb0-b2810c4d4845,ab5be1d8-ac8b-4c5c-8e26-320585a8bdef,-5,0,-5.020935532117532,0.3437026851386874
9ba27dfa-cfc2-44f0-a88d-8f23139ce574,2025,2024-12-07,050cf087-6e1b-42ef-84fe-368ac1929774,be595032-d4ed-4bea-95de-22a18feb02c7,-24,0,-3.762669710990145,0.36048806557269447
9d69039e-bef6-4c60-9585-b628f1621d2f,2025,2024-12-07,c9942b49-0bf7-4dda-bc78-bf2e3b174055,705e808f-a589-4af4-8baa-45ce5b2e969e,7,1,12.60673812200541,0.9112057485069802
9ed2ad43-7521-4416-a4ff-15f339038cce,2025,2024-12-07,eb7098ac-5154-42da-b703-d3b3958b198c,b21fc872-90f0-43b9-a07f-97e7531c8898,3,1,14.137530769468707,0.933357015943291
ac8e9103-3c3c-493b-8911-360ba3fee9d3,2025,2024-12-07,d6a348c1-3237-43da-8690-d309d586a66e,6578af6a-edd4-4185-82fc-cdb933362d97,16,1,3.667248923394753,0.6064962159472009
b3d3c24a-458e-4759-8ecf-793970f35729,2025,2024-12-07,cd6bef67-d192-4740-b7be-731c52686c54,9a0196e9-6b45-40b9-b0d0-df6bb1c90dc7,24,1,17.94348545705036,0.9750429720791508
b4e7a3fa-990d-40f6-89a7-8398e3849157,2025,2024-12-07,bb02a3be-6beb-4745-b200-3a49f5224f0e,de50cb63-b08e-4760-ad25-62eceb6c4120,11,1,-6.372778656443519,0.28575883520388506
b544dabe-99e9-46ce-91aa-4b3a2181d4d6,2025,2024-12-07,fe967dc0-fdb0-46b0-9629-0fd108949abe,241f50fd-2121-4b74-abd9-2ddb98d74a2e,-7,0,1.6578835925398483,0.5193227578249343
b5a5bc77-786c-4873-8390-33563e65e880,2025,2024-12-07,af997d63-624d-40db-bffd-18de780e2f59,f3885a3b-f43d-45ee-96e1-f650af90dc9c,2,1,4.085288824821411,0.6081073911626379
b6ebf2b8-0ae3-4050-bda1-210e1fc66c8f,2025,2024-12-07,cc4cdd9c-0563-41d0-bbb7-29b825db8e55,a67d2a73-fb71-42b8-97b7-9b72a49efc06,17,1,13.376768394832508,0.9226211692486014
b9dcd791-8b40-4ba1-862a-70bbf778f2ec,2025,2024-12-07,0f0aab5c-26db-447a-b6b5-a264da5b140a,904ecc4d-857b-4150-b986-50e605d84b61,44,1,22.534579464261824,0.9816762638309267
be50c0a6-48cb-4720-bc8d-45afc4fd98a3,2025,2024-12-07,6e056aa7-1906-4546-b6db-5910356fee72,27bf19a7-be0b-4fa0-8dac-8d9b7df5f363,2,1,9.263804112632544,0.8308853331175389
bfb12da7-6e0a-4150-908a-81ec517651dd,2025,2024-12-07,22865798-3256-425e-8eb5-60e1edf9403f,0485ce67-c9b0-4725-be73-d3185a14e575,16,1,11.455909948953977,0.8832125197316462
c17443c7-1847-4681-9aab-d79d85b6fd18,2025,2024-12-07,0f0ea376-1ea4-4b1f-9a4f-e7301a0318a4,64975048-1db2-4ded-ad28-05b8d8aa9c66,-9,0,-3.4268815940356863,0.34633958334978093
c31d1ba9-9be8-4318-bea5-ba34445e71e8,2025,2024-12-07,3a2cf934-5d3b-4406-a458-0c76b7b9d65a,6f9a1a81-2dbf-490a-ba3c-8f8fadddd9d4,16,1,14.226904425171472,0.9393060091820822
c80bdc84-d36e-4204-9b16-990e5cc09f93,2025,2024-12-07,37d0bfe1-4a78-4810-9371-3268e54026d2,c90512ea-4ed0-469e-a936-7935ade0caf0,17,1,-1.8338785306141816,0.38604480067471386
c9867649-0f23-4d6b-b6dc-ce4135127fcc,2025,2024-12-07,02073ad7-1bb6-47dd-a1fb-fae5e0bc2ed7,8848c09f-0c71-4cbf-9d0a-84da72f6b649,16,1,3.240667101457948,0.631858880967277
cba00cfa-e931-4584-b9e2-41da7088d305,2025,2024-12-07,75d1bc49-ce2b-4e7f-82f2-26e690f29375,50ac73d5-f2f3-4160-add7-d0993eec32cf,18,1,13.120113608739718,0.9004292993764236
cf5ae513-491c-492a-82a9-465fc386d898,2025,2024-12-07,195318b0-fa80-45e8-96b2-e83346e70a64,5b376c94-fc8d-4e0b-9977-1748d898ff24,37,1,39.486614180886995,0.9960981346811784
cf926113-9679-4126-ba0c-e8c2e6b38d05,2025,2024-12-07,12ae7230-4fab-42c4-a7d7-88e118290c3e,83384eea-0854-4284-a875-f47d9b0c31d8,-13,0,12.00329809570635,0.8459747659408511
da4c3e42-9df2-4aa6-b0eb-3087716179d0,2025,2024-12-07,821de2da-b464-49f2-aeb1-293e7aedd6de,d8940484-2c3e-4ae3-b77c-e5e00f048ec7,21,1,7.198778018027846,0.8360173374630118
dc162bf5-2b17-4165-9c9b-4ac70d805074,2025,2024-12-07,ed973a10-a469-4337-9742-eed664c61168,c87682db-2ff7-4c63-9820-df6c8409d5b3,3,1,11.397810057028698,0.8585095121814587
e2039899-936e-4def-b3fb-1afbe3cc08a8,2025,2024-12-07,f9a35e93-6a9b-427a-8901-d74cf3f23676,33efd80d-8446-4d83-97fc-e864b132a0c8,14,1,7.611758165053439,0.7618789812347718
e49396be-02bd-4c5b-b464-08a0ebd55be4,2025,2024-12-07,c9bad532-d6c4-4187-8958-37ef239495a4,63da3cbd-f74e-4ba0-8273-8bca25a54f73,12,1,5.170464950284733,0.6600152709791062
e4cce7fd-6ee7-48bb-b229-3ab820b0c338,2025,2024-12-07,d26d7563-983a-4b9f-bf04-fa2777e0beb0,62d54283-52d6-4daf-901e-b6ae1bdf29c0,10,1,-0.019844260428581395,0.4829994954023218
e829c724-6df6-48f3-b9cc-5f3549dceacf,2025,2024-12-07,03e9598c-4271-4840-ae88-7c7c36f2b10e,a7fd1d4d-445e-4899-9731-00f7bff74284,7,1,11.657471505837842,0.8608963156241247
e8428afc-83c9-462e-b1c6-9dd203c466b2,2025,2024-12-07,7732f0ad-152b-481b-be13-de99facad3ed,9ba0c75f-bad2-428f-9038-d695c2385098,21,1,22.7973480103506,0.9903489961704844
e88a89d8-c303-45a3-8617-f3b9ee6ae3d0,2025,2024-12-07,223e59ef-679d-450c-a409-d6ff2a5b5cc5,e6431705-05f1-4df2-9721-8369a3a493dd,-1,0,7.007271865312797,0.7764147481932295
e9d5d68b-c3e0-41ca-9567-6689edb486f9,2025,2024-12-07,75628733-1eec-40f9-a6cf-07501979c4b3,7e838ebf-74ed-42de-9f2e-d8057aa77de5,23,1,1.1899739055325347,0.5108311172908642
e9d8db00-bde9-4b21-9303-51970a7e9beb,2025,2024-12-07,cabaff64-a388-4861-9374-977555d19efb,d756733f-2d8f-4ed6-8b7f-dc7804a270af,-8,0,-1.031031713244384,0.48989567121573574
ef4c68a3-aa36-420f-93d7-550b0caf90ea,2025,2024-12-07,d915e7c4-a333-4d6f-9c21-5904d58e75bd,61ce5009-1768-42aa-b377-fd95cefd07af,-13,0,8.662278824933571,0.822036021860513
f6c9bb72-803b-4db4-95ff-909275961e4b,2025,2024-12-07,5d66e35c-66aa-44ac-b72b-33066edb3e20,0a4ebb69-d8f5-4c7e-a7bf-b7ce3968f57a,-4,0,3.28101007733014,0.6625710868458136
f910188b-f589-4b28-90cc-c7a3f23c35f3,2025,2024-12-07,326d518f-eb6a-47aa-9739-13bc340a9a3c,483b9ce0-4c9d-43d0-979d-831c7298213f,3,1,12.48260990398479,0.9211457236852562
fdc143ba-df56-4ca4-8b3b-a9f7a57172b7,2025,2024-12-07,2fe58a98-ca14-421d-83f6-aac80bab3780,36b120f2-51ac-4dec-94ea-549d266507b5,3,1,3.9865576817264774,0.7385270398148234
041d5da0-800f-4f2b-8d66-1919907fd401,2025,2024-12-08,aecf6cf2-725b-4450-9b49-8491e6a4ee0f,88e83e71-3235-4c21-85a8-da368f34e5fd,-6,0,-2.9105830838576314,0.3247680405891715
1906474b-1a67-4d27-8732-488a73896aeb,2025,2024-12-08,9df3af06-d207-48e8-a010-41797b070072,8d515064-54c5-4eeb-a095-ad7ac6839d0c,5,1,4.748196136353208,0.7291843288720388
1b6e05cd-88ea-432e-9403-58276031d0c7,2025,2024-12-08,f2fcffd8-915c-4fdb-a632-8b5b621bc999,17eb5319-07ae-4f0e-b1d2-8e828b07ed79,42,1,41.02822886266201,0.9938644842820512
233c24ca-c3c9-4fd1-80aa-74eed29bcb7f,2025,2024-12-08,f8ed9667-67c8-4fc7-a946-d81c4cbe8fed,c75216c6-4563-402a-b8d6-b8434793ea38,-9,0,-2.1910162343867374,0.37903679168453314
236f1fe1-e547-4905-9f24-ee9ff845b309,2025,2024-12-08,17e47b02-02b2-4bbb-a838-a4695fbc099b,31a5142f-21b1-4d3a-87fa-d39f7746b7a8,-2,0,0.17775129498802208,0.6065641058591591
2a17725a-2596-4ed6-853f-7f185a20f7db,2025,2024-12-08,1b9c388c-a2e4-42dd-9e21-4841ed46cf4d,17900399-e4eb-42bb-81ed-06f5be1309b7,-10,0,-8.98009862134974,0.18129519703575572
38fa50fb-b85e-4057-9435-0f3ec7e111ea,2025,2024-12-08,68a583e2-b11a-4a35-b102-095903fabdd8,4f9d3323-4211-41f2-8211-76b7efd6246f,-11,0,-5.534832299353794,0.25601865149987185
440e6db0-c4d1-48d1-8de7-778af7540dfd,2025,2024-12-08,ad9fa352-0a34-41df-8ad8-38855ef63d91,231d7720-fba0-4331-b1da-8412227395f7,3,1,6.8500947950043605,0.7375303316771771
49e49810-417e-4dfc-b158-dcb18c628fca,2025,2024-12-08,41ff62eb-8cb9-4e63-9c2f-50989d3e65c1,8dae6732-0634-481a-90ac-d73bf6a19566,9,1,11.756483545492266,0.8219230312335423
4a03279b-06fb-48f5-85bd-225bb7a704aa,2025,2024-12-08,d52e191f-c4a5-43a8-b16a-1d87ecf7ce9d,91e8763b-21ee-4929-ab39-6a46d1d62e33,1,1,2.7963340708849516,0.7175968217019792
4b2c8716-2cfc-47ab-80ae-8ec34f93c095,2025,2024-12-08,02361e70-3d89-4b56-8d25-73ea2ee389ef,0562b0a8-dbba-404d-9aa5-930ebe50c9b3,-5,0,-0.26414823516129493,0.4589873484560536
4d56fb30-0439-4c72-a8a4-91440e2d3392,2025,2024-12-08,3c9cd500-c6f0-4eca-b722-405eefd74003,8bbfa6f2-6178-4c2b-bf17-66fba7623c4e,23,1,20.185878432374103,0.9843914585327223
5f99f18e-471d-46d4-b333-cd0c158aaf6d,2025,2024-12-08,de0352b5-4ae9-49af-a027-b0dc86a005da,67503cd7-a244-4820-afaa-485db8ea877a,-13,0,4.639499907594907,0.7438538237129936
62c79cb2-a0bf-4667-ad1c-f1ffffb507f2,2025,2024-12-08,5896c71f-aaee-4983-9da1-2e953c561786,7bc45016-4549-4672-9453-69c2a81aa576,9,1,5.338434864741681,0.6538042627887435
73c8bf51-6e37-43a9-849f-8787ead276de,2025,2024-12-08,76eb53c2-0367-4d59-b619-799a7aea658b,9f7dac5e-38e1-4e63-9e50-e6b0d822fddf,7,1,34.485281719233214,0.9922254210549383
7db6c648-9d7b-491e-bf0e-679ed0baec11,2025,2024-12-08,05005d1e-02c0-46c0-8b4d-19dc825698c0,d65f3ef9-cd07-4472-b901-9b3ba2b35764,15,1,22.159625312723833,0.9780193807355329
91dc13c6-635d-464c-b984-4e9482ef7c53,2025,2024-12-08,641dc594-03c5-4ae6-8564-0ccb3c8edc77,3027d417-64d5-4892-a6c3-c77edfaff436,9,1,4.861789748321725,0.6402458376367732
94e75102-b2e8-4f58-ab80-54f95567e502,2025,2024-12-08,4b7b8cc0-eb4b-40bd-a9b7-958fbe20894d,5717b8ad-bb6c-432d-b223-01a330a59686,25,1,19.633346527081255,0.9655279050706159
9518c715-cf9c-48f1-b194-27cbdc9e72c4,2025,2024-12-08,5320a4de-9279-4990-9ee8-6638339220e0,fa6de946-411a-41ad-8bfa-6526c949108c,5,1,0.6512322888206569,0.5802085734264264
9815bca0-f1f9-4e64-aca3-c819117d7535,2025,2024-12-08,f22ee0eb-5079-4c19-b46d-7d40e14d7636,cc0e2cc0-da4b-4021-8739-c0e7e235467b,-13,0,-9.040324472822133,0.18087045215691486
9cb297e2-b4a5-46ed-b0f8-64246320342a,2025,2024-12-08,40960630-05f9-471c-b4a6-0eea2cb6345d,f9261c55-02c0-49db-9993-f5d64a97b21e,-11,0,2.250684240327839,0.599752061523271
a3aad29a-f6d5-4235-b60a-816cf1a6b9c8,2025,2024-12-08,bf32f747-5e9d-417d-890c-89407933c4c6,fa9fae48-c4f0-419f-97d7-5e2ba9d47858,-19,0,-7.039413149885023,0.20450970040065652
a49f51d9-693c-42e9-876c-1a67624fe1ff,2025,2024-12-08,6bc97d46-dcb6-4437-a79f-2d351169817d,81ce1538-893e-4f62-9812-5468866f484e,2,1,4.144357975646666,0.6739373825225078
b0fc2ed2-b0fd-44f6-9035-38aeaa50a4a3,2025,2024-12-08,ba8ae2ef-827b-47e0-bcec-bf76fe44e37b,48dab38d-2a0b-4201-94d9-c6ffaf736974,-11,0,-11.398541615115438,0.11800095533991281
b6c018bb-1931-48b1-8e32-45a93c35a5c4,2025,2024-12-08,08e7a657-2b9a-4055-beee-621379cea4b7,b24e3987-105a-4e03-8184-b15b2947a98c,17,1,21.07188700175723,0.9868726927229213
bdf71226-69b9-4d2d-9b2e-5a6c69ba1fa7,2025,2024-12-08,19b01b27-3931-468b-a50c-6636aef39c7e,c504f52c-c325-424d-ae65-da37bf8e5820,13,1,8.20576504055133,0.8060342329973923
c494c0ea-7ab9-4092-bd3e-f7c4c637b2f8,2025,2024-12-08,ba48df8b-809b-401f-a758-25c39aa2d50b,08b7e4ad-da8b-487e-a809-741854d1008c,-2,0,-0.07063018944178372,0.5209495979505474
cde07871-cec4-49b0-91f2-992b69e0cb2f,2025,2024-12-08,741b4fec-9ede-4efa-a807-8c1679e962a6,42a1b5ec-9263-4e7a-8f55-df64f85505e6,9,1,3.177808620557185,0.6253317943533858
d36c3aff-7951-4887-b05b-e92dd71d516c,2025,2024-12-08,c62c317e-e0ab-4b1b-a6b9-878965985154,52aab06d-922e-4906-9dc7-3c0fe7d3e2c2,-18,0,-4.269792653479862,0.2145855397698939
da173a24-4bc0-48a1-b144-3863b6422242,2025,2024-12-08,46671d80-ebfc-4f9a-8eae-19249794115f,60adcfeb-0ca6-456b-b51b-d8d3a324c55d,4,1,3.6406305739492972,0.6879668078487517
dc949b08-f6f0-48f3-a410-2cb517e805e0,2025,2024-12-08,31a68979-4cbf-4e59-be9e-82043f581ff6,6b776d4e-7c15-4c08-b195-ddf7052c762c,-9,0,-2.556415698325723,0.35863959707944837
df75b2fb-dd87-4d0b-b679-b1068261bbcc,2025,2024-12-08,351b4e0d-ecfa-4f26-963a-5d1e8b281052,628efcd7-4ae6-4bba-9542-11e108d22d8d,44,1,34.84973745794237,0.9931225833421085
e0a16ddf-eb17-4a4c-9ba0-fa10f3a29004,2025,2024-12-08,d75e1814-b8c9-4246-b06c-afe60d661528,e1c5e9f4-197f-4a7b-b871-bdf72ca0cf3a,15,1,4.1798715704645275,0.670360716465706
e549a905-88e5-44e5-b6a0-d6aa225d1ea2,2025,2024-12-08,a1c48553-79dc-47b7-8672-3b204100c8ec,b04e184a-6805-475b-95bd-7e19d2fe95c9,10,1,4.965315097920254,0.6352561695021349
f8ff233b-2504-4714-93db-69b098872102,2025,2024-12-08,b9840fe4-f776-405a-8b8d-3c388de0792b,fb109583-87bb-40c1-a02d-7d40bcd7c52a,7,1,12.472012560920522,0.8656590528442403
094fa8ce-34f4-4e1c-8fe0-e55eab872098,2025,2024-12-09,c91670da-50fe-4e29-9e0d-e0a2d01897cf,a79a95b3-2101-4649-8f36-782b24edba79,31,1,25.738378632267978,0.9780517597147396
23ce78cd-d583-41e8-b5fb-aa6bd416e285,2025,2024-12-09,2a57c531-b461-42be-bbd4-b080f188a160,ac42cc2e-26ce-4ace-8d1f-28d21a1c77b2,15,1,5.347147055072915,0.7273539739383278
392946a7-d1ef-4826-9177-e891e9125169,2025,2024-12-09,8860a6b6-e60d-437e-afc3-b42e8cab8d79,2866b25a-1e5a-42be-8763-ad87278ec1d9,19,1,11.616836144157652,0.888993351769103
4fe487ea-1af3-4268-a7b9-dd40bd1ed719,2025,2024-12-09,a2a4c8c1-e611-4717-92f2-fccc9217a883,e66c14f4-c6eb-48be-8caf-0deb5a03ec15,19,1,25.960979729556595,0.976496193168389
006b8180-d5ee-4804-ba1b-59949439dd85,2025,2024-12-10,d26d7563-983a-4b9f-bf04-fa2777e0beb0,2e0b49d9-a257-42a3-955c-b0b0af5a12db,10,1,24.356154449059478,0.9893518826340915
061db874-5bb4-4ca3-a5e7-86c1cde3a8c2,2025,2024-12-10,33efd80d-8446-4d83-97fc-e864b132a0c8,e20e16ce-0f28-40e0-afe1-5492395d5e53,4,1,-0.42885363600545373,0.5022988114164664
0ce06576-4fcc-4568-b6ed-cbcab82cd469,2025,2024-12-10,d9fdf72a-562e-4e19-ba2f-faa3de20ace5,e6431705-05f1-4df2-9721-8369a3a493dd,34,1,25.777230827044843,0.9900387396440722
16dd9a7a-9d12-4f74-9ca6-50856b50f92c,2025,2024-12-10,f3afec86-2594-4158-97d1-aaac68833b8c,12d2dbd5-0799-448a-a49a-671c218c8bbd,24,1,15.196357101652037,0.9479901051591608
17f7e3fe-df67-49ca-ab40-b7ec94a841f2,2025,2024-12-10,5c6768d4-83c5-4e23-aafc-55ac70126454,5c86ee1e-ee35-4d51-bc08-bbca68bc90f1,22,1,6.40472302491392,0.6954127048559576
23954ecc-8de5-41f5-b1a8-97e0d76dcc65,2025,2024-12-10,e732f6ff-8488-4df9-8756-f1cbcec88e33,a0bfc386-3dd9-4417-be3e-42f45cee6c22,-6,0,8.82984726611988,0.7899841783088113
44cab991-e60a-49f3-babf-ce938c5979e9,2025,2024-12-10,144de2cb-963b-480b-84b4-10b39d4562ef,85708ae1-7d66-437a-9d70-bcb680bdfa86,17,1,15.660016452648811,0.9228709519313046
59eb40e2-d53e-497f-b5b4-84f565764cf4,2025,2024-12-10,0eb90dc3-2a1e-43d8-80ac-bab6d917f78a,f89aec4b-36dc-4a40-a634-a744d4d646a2,-3,0,10.510233151004648,0.8532406555607523
61c13afe-09b4-46bf-be8d-bf75bbc8da7e,2025,2024-12-10,48dab38d-2a0b-4201-94d9-c6ffaf736974,0f2c89e1-1c22-4add-af3e-a7d9982de167,26,1,32.67056883380812,0.9863539306578194
778fab85-5330-4880-b6ca-b1dbb9303619,2025,2024-12-10,c7345766-a5fd-40e1-9757-26d62af0b9af,d8940484-2c3e-4ae3-b77c-e5e00f048ec7,61,1,28.945558165767547,0.9922787690430496
81c4da06-bc6d-4e32-8f74-a17f136b2125,2025,2024-12-10,cabaff64-a388-4861-9374-977555d19efb,fa9fae48-c4f0-419f-97d7-5e2ba9d47858,-8,0,3.972189225619166,0.6771869271517039
837671e1-302a-43be-8683-d16db1ccbaaf,2025,2024-12-10,1799ef2d-85d7-4ba9-8048-33b1956ab3db,07c201cc-5a34-4a3b-9fc9-bae4c20b7c9f,-3,0,9.154340665590183,0.8540220161383015
8ce622c8-564c-4f2f-a9f1-2a307fab6aa3,2025,2024-12-10,4b6cd009-754d-44ee-9433-124bad801b02,4edc5314-8f1f-46cf-90fe-fc3094be42cf,28,1,13.906582819709174,0.8954111107043339
8d847801-5a07-48ec-bc19-f5cecc1931b0,2025,2024-12-10,050cf087-6e1b-42ef-84fe-368ac1929774,01f45e3a-e22b-4c25-b1e8-0d5ac80e6a5e,18,1,13.390052769019302,0.9142238282770224
9b5dc7c2-ee2f-4fa5-9f2b-214a6052aac1,2025,2024-12-10,47b99bcc-2f9a-41d7-8d7c-3f9e93809210,d1dca835-9ba3-4f00-89e0-533fcfd2b27f,4,1,8.849865098869888,0.8429390401484484
a093e71c-a94f-49ba-8e84-336dd86d694e,2025,2024-12-10,b6c7c93e-bdd7-4df7-b73a-c1fbe953199d,f829b41d-4185-4fb9-98e0-bd7bd9b6bd7d,6,1,1.2812536998375523,0.5560759867827028
a24fcab5-bf59-4870-a5be-99ac88d666f9,2025,2024-12-10,abb24ec9-06c7-4ac8-a0a7-299760b256d3,1f8df44b-d154-4a8f-8c48-32b36db0cd06,4,1,0.0009871275629472773,0.5258888431105992
a5c2310c-b9a3-4a5a-b81f-cca1f751e1cf,2025,2024-12-10,5858896e-5e67-463c-a38c-c7431f157945,5ea1ef3c-5f24-4989-854e-a24a9e31ac74,1,1,1.164397442422229,0.4464512246645516
af65044d-6707-4bd1-8c4e-721772bf3095,2025,2024-12-10,851d8a88-2edc-45bf-b180-7b6c1744f5fe,62c787d1-5e5d-4e44-b6e8-1c208f874eba,-7,0,2.384140864366729,0.6341675070443705
bf92697b-9b93-4470-b81f-b19b85a6d8a9,2025,2024-12-10,6a154b5a-b7dc-4299-86a1-c9ecd354b8c2,9c04a238-121e-47ea-a3bb-436957b78a8b,4,1,6.286498222579306,0.691439412443373
dff53201-48aa-4018-aaac-7fbacbb900c7,2025,2024-12-10,6dcee41c-8ef7-4afd-aa5e-6e7fa77886e0,469778d6-39b3-4cd1-8bf4-f40903d78c5d,20,1,25.164898446164045,0.9834896421904933
e6f40a60-71f2-4bd6-b8dc-2f599a0f75e8,2025,2024-12-10,ba87013c-8cb8-41eb-95fb-16991c536506,69642ef6-85e9-4dfe-ab65-4cca6a1688d4,13,1,23.038007489721412,0.9802592735643969
ee6ef59c-8a21-4c5b-bc56-eba3679cd29e,2025,2024-12-10,a2f3412c-1391-45d6-9516-eeef28f38cff,bfd9aeef-b698-4868-8a44-436dd23e4ae1,-5,0,-2.525091241558628,0.3814244661374041
11ef207e-1754-4b43-9e1d-fa50cb6fc306,2025,2024-12-11,7f0a740b-2a56-4bec-87c8-7bf2baf05d58,231d7720-fba0-4331-b1da-8412227395f7,11,1,32.717658832194,0.9830863762763659
240a8cfd-7a67-4e40-b0c9-35228cd68d2e,2025,2024-12-11,c90512ea-4ed0-469e-a936-7935ade0caf0,871751b8-eb3a-4919-bc58-ab82887e29c6,23,1,10.97178812183251,0.8946881392844361
29b44361-151d-473e-9544-e47521801225,2025,2024-12-11,42833efc-4047-4751-b5dd-8f5c6d05e355,7c82650d-eccf-476a-b85d-69a73b6b7f8b,28,1,31.36006916377662,0.9882569047285128
33a25bbb-3e6a-4803-ae06-ab749b0d33b5,2025,2024-12-11,06f12e7c-35a4-46e1-a2ed-0cacb16f9b68,e1c5e9f4-197f-4a7b-b871-bdf72ca0cf3a,-5,0,10.201679757332057,0.8056351410516344
518e0a0d-3d39-47a7-aaf2-e1b1478931fa,2025,2024-12-11,dbd1798b-2cf1-49c5-9f33-caefec39594e,48f318bf-54e1-4e42-b6e9-47c3bdaf4fb8,10,1,4.50514125224012,0.652208776153004
6c355c05-7a2e-4a1e-b3a1-e8d5b6aa2d27,2025,2024-12-11,07b4923a-16cd-4490-8ae5-d61599212ab1,a46fdb60-30d0-4807-a2b1-e29d8d7c22b2,14,1,20.791007598895234,0.9842427469146833
6d7d20c5-6ffa-482a-8858-95f712a26695,2025,2024-12-11,cc4cdd9c-0563-41d0-bbb7-29b825db8e55,14a1f904-5f97-4e98-885e-5d6c4f102ea6,22,1,25.950529529957976,0.9887527652459984
7cf4d542-ff61-42a6-bfcb-a3139a392264,2025,2024-12-11,a00214a0-9c1b-4018-a085-500dbd55fb17,44242fcd-cd9f-43aa-afc2-5a12ea89394c,14,1,7.962607947775348,0.8679845377470431
9848e71a-c1f9-4676-83df-47db52d74176,2025,2024-12-11,2fe58a98-ca14-421d-83f6-aac80bab3780,714115a3-e87c-4c38-be62-cfe9dada315e,12,1,5.460961513879171,0.7290571492372628
9ceee212-95dd-40e1-b40d-b5ed93464c3a,2025,2024-12-11,46f85354-63b8-4744-8b13-341ea0a30c2a,8e9b7d4d-1baa-4d3d-bb10-8950f4133b30,6,1,11.653649535629054,0.9371194969958705
a81e94b5-50de-4c91-a5be-199508616820,2025,2024-12-11,ba8ae2ef-827b-47e0-bcec-bf76fe44e37b,d6a348c1-3237-43da-8690-d309d586a66e,3,1,22.599446932563623,0.9619285797417909
b7f72265-aa64-4059-8e22-2db935cb676f,2025,2024-12-11,a7fd1d4d-445e-4899-9731-00f7bff74284,6482154d-967c-4e24-af4e-6cdb9ef80e00,-7,0,-1.259198430516132,0.40433276637116555
bcce7b33-2018-4742-99c1-7636418f7b11,2025,2024-12-11,5320a4de-9279-4990-9ee8-6638339220e0,9b729374-1ae8-46e9-bfe6-2348cf00056a,2,1,17.53197419878991,0.957090460787671
be046d03-5d22-432e-9d75-85327f84c108,2025,2024-12-11,7532f347-4701-4460-abfa-98034c2ce687,73493513-0a1c-4fec-9e40-429225bb809f,-21,0,-5.6884876935364,0.2960751005721303
c72389bf-7f5b-44bd-af33-154cbc5f6194,2025,2024-12-11,43624e99-f362-48c4-b203-9af174b24be3,91e8763b-21ee-4929-ab39-6a46d1d62e33,12,1,6.211553156855241,0.7443709660516123
d109058f-34a2-49fc-89cf-14b0069150e1,2025,2024-12-11,3e287cd2-e8fe-4612-a996-d02de5cd9fb2,f0929311-9f5c-421d-8573-4b4bee0c314f,16,1,14.231978775966446,0.9468678173424687
dbf3a0fe-0ce7-45ab-b5bc-ce73ced8e174,2025,2024-12-11,61ce5009-1768-42aa-b377-fd95cefd07af,c59d7c9d-7fd0-4a58-bdba-7904baeb0abd,7,1,7.055447919696125,0.7169896597896672
dec85e9a-e1a8-4f15-ba56-13d05c6d17f2,2025,2024-12-11,ab5be1d8-ac8b-4c5c-8e26-320585a8bdef,9e98a2ca-2d40-440b-b4d9-906cd168c9d7,40,1,15.72601666234798,0.9288947470326837
02aa4096-ca0a-4100-8bf6-17d97642836b,2025,2024-12-12,561ee565-69fc-4571-95fe-32ac563e53f0,416d2dd1-15bd-48e9-82e6-9277c0ab829c,-8,0,-4.359594693119609,0.38178597046046403
24db6951-e4df-4d69-9b9f-8ddfe87c3252,2025,2024-12-12,67503cd7-a244-4820-afaa-485db8ea877a,d894373b-dca9-4d1f-a9c9-a123f8c1b600,4,1,14.349701894645762,0.9258581267519793
65d5b5a6-94eb-4424-b535-d23fda6c7b4b,2025,2024-12-12,40960630-05f9-471c-b4a6-0eea2cb6345d,fcb7d38a-6efc-47b3-b7af-3dd5ea07e8e5,24,1,13.445799021898484,0.9431910162677594
6c31097e-065f-4bc8-a04f-d22c6405bb07,2025,2024-12-12,27bf19a7-be0b-4fa0-8dac-8d9b7df5f363,f2fcffd8-915c-4fdb-a632-8b5b621bc999,-9,0,-4.783370917534366,0.23146774718680294
7c204c06-9cce-4ebc-ac74-aee72043d315,2025,2024-12-12,3d3b199e-7c4f-4c53-b683-a77a8d8e697a,c921ba85-0782-4ce6-80e2-44f0c43d4f16,-28,0,-12.655375726975224,0.1666999673112151
87e60d50-29f2-47ee-8fd1-7eb4e0c25319,2025,2024-12-12,2fa161f0-e26c-49a0-8eb0-b2810c4d4845,5c7c373d-1822-4c63-aa7f-64745cc99c52,28,1,14.608386335775139,0.9136038061138413
bb6e75b9-7006-4359-93a0-5159ac5cd8f6,2025,2024-12-12,63da3cbd-f74e-4ba0-8273-8bca25a54f73,ae911605-551a-46eb-aef9-06f9a60479c9,18,1,13.630529748344129,0.9093800386655341
1a7ea37e-e4f3-4b5f-b5f4-b6989c1999ac,2025,2024-12-13,ce88cc81-96d4-48c0-ad06-ee0c2d3d7663,2a57c531-b461-42be-bbd4-b080f188a160,17,1,2.5673224351192796,0.6593224242992497
3a0e06ff-9066-4c2a-9b43-ef06858f31a0,2025,2024-12-13,983c0982-0fb8-45e4-829e-306cf787ba2e,871751b8-eb3a-4919-bc58-ab82887e29c6,4,1,5.191493000707096,0.7305828305696815
459c8ad5-5d94-47df-abd1-a43732c3a1cc,2025,2024-12-13,307416ce-030c-4156-8d62-1e2632e9e26c,6fd295ef-9c37-4478-af91-536cbf316358,-2,0,-1.4660869278321023,0.46042241598946226
6733b98e-ef81-4793-8edb-80e529da08c5,2025,2024-12-13,52aab06d-922e-4906-9dc7-3c0fe7d3e2c2,b67edcbb-77d5-4a29-aa67-e1733b9a001a,3,1,8.767029111349947,0.8255951547828503
8ec7774f-9f18-4952-b454-3830a7c16c32,2025,2024-12-13,ff2fa864-282d-4503-9a88-8c10619b0e3d,bf32f747-5e9d-417d-890c-89407933c4c6,15,1,13.980168301796288,0.8634983271433497
9ad0201b-84ea-4163-880b-f2061573c5af,2025,2024-12-13,ddb253d9-6526-4c32-a7a2-4462d6abe45c,44242fcd-cd9f-43aa-afc2-5a12ea89394c,11,1,6.999036845770085,0.8044921049713099
9c5a1abc-4143-4dcb-802d-ed2f7c47bd7c,2025,2024-12-13,4f9d3323-4211-41f2-8211-76b7efd6246f,af997d63-624d-40db-bffd-18de780e2f59,14,1,15.522808903066796,0.9410918300098907
b6e536a9-f737-4bd4-96c5-87fb23871648,2025,2024-12-13,0f0aab5c-26db-447a-b6b5-a264da5b140a,c333af2f-2819-4e30-8541-dbb64eb01cbd,20,1,7.215600382847791,0.8011352459917264
f93bab4d-e80a-48f7-85e0-0138baa841a2,2025,2024-12-13,75dd9179-8700-4b34-aeaf-2cf608aec25a,24cced85-1369-4dbe-8abf-92fb8d456618,6,1,16.587356786030018,0.9624948154253221
033c994e-ffc7-4659-a505-24c890710fc9,2025,2024-12-14,851d8a88-2edc-45bf-b180-7b6c1744f5fe,571d2904-70d9-4de6-abfb-1d716ba43f0b,19,1,5.051768579681157,0.6931560504202563
049ec9f7-bfa5-4c9e-906a-fc6fdd38e1a3,2025,2024-12-14,a00214a0-9c1b-4018-a085-500dbd55fb17,c4972de1-bfaa-4820-893c-10adf1095f0a,32,1,19.139860334793116,0.9810985813495587
1004b046-9d8a-4380-b762-50c4dd695965,2025,2024-12-14,391f303d-08c5-44cc-83c6-60595fc71068,4926f0f3-ac12-4ca0-9cbf-eb99f9aafb78,17,1,10.469139829935296,0.8697990820360904
11c5dcff-72c0-46f2-81ce-84de663d0f39,2025,2024-12-14,05005d1e-02c0-46c0-8b4d-19dc825698c0,7d5a75d9-3168-47d2-92b5-e680e056b479,13,1,12.259346383519922,0.9311244912421296
11ec9039-d917-458f-96a3-15cfc479d4a5,2025,2024-12-14,50ac73d5-f2f3-4160-add7-d0993eec32cf,70746950-a861-447f-a9ba-f53e329c27c1,7,1,12.241709887151185,0.911659522063572
1815942f-1e93-4165-9208-3bc70b1f1b67,2025,2024-12-14,195318b0-fa80-45e8-96b2-e83346e70a64,5c7c373d-1822-4c63-aa7f-64745cc99c52,9,1,27.986048947042143,0.9915782176982405
184f6ca2-27ce-4a53-8ce7-16e83cac5514,2025,2024-12-14,f22ee0eb-5079-4c19-b46d-7d40e14d7636,e1c5e9f4-197f-4a7b-b871-bdf72ca0cf3a,-5,0,-11.266100561464619,0.11655777250014704
1b4e5d87-8b5e-4213-aafe-b80bd5129ea1,2025,2024-12-14,76eb53c2-0367-4d59-b619-799a7aea658b,02ee8976-6844-4a27-9f72-aca9acf8f5d0,3,1,2.657950670273998,0.6007949355165333
1eda177c-286a-452c-b4b7-b87a2c374871,2025,2024-12-14,61ce5009-1768-42aa-b377-fd95cefd07af,91e8763b-21ee-4929-ab39-6a46d1d62e33,9,1,-0.19743262885011983,0.44765989629365116
25fe9a0c-75b7-4b0c-a95d-1cb0d7a556f9,2025,2024-12-14,c6cabd85-4834-4f62-94ab-57143286b512,19313cd7-ad44-47d9-a9ef-b9e0c7238466,5,1,9.609016632255557,0.7985996721488269
2cdc5cb6-b2f0-41aa-a215-fd6ad05b1520,2025,2024-12-14,b9840fe4-f776-405a-8b8d-3c388de0792b,36b120f2-51ac-4dec-94ea-549d266507b5,-8,0,5.892868681555021,0.756694917000179
2e39e2e0-238a-4966-b72d-d6e3f044b067,2025,2024-12-14,628efcd7-4ae6-4bba-9542-11e108d22d8d,c7e47abb-629e-4b69-8d41-c87333fbe6b4,-7,0,-3.3508725898943266,0.3505563428430106
30bbd755-4343-4c8d-bbce-e31eb2fab49b,2025,2024-12-14,0420bfac-8b45-41ad-b228-89893a037d4a,6ba99b19-8a61-49da-9325-3e04939d3d5f,21,1,19.54910753056714,0.982783250187812
36dd6662-fbb5-423d-979d-af65aef087b5,2025,2024-12-14,f3afec86-2594-4158-97d1-aaac68833b8c,8226bdf0-6c2b-4e2b-841d-e2a01a5e5145,5,1,8.159021894691508,0.776752207635058
37ee45af-afe7-4caf-9c3f-2f284687b932,2025,2024-12-14,e20e16ce-0f28-40e0-afe1-5492395d5e53,2e0b49d9-a257-42a3-955c-b0b0af5a12db,48,1,37.45859124416598,0.9933213563045412
3b0ae6b1-3920-49dc-9905-db6d6f867e7e,2025,2024-12-14,144de2cb-963b-480b-84b4-10b39d4562ef,5f1bdada-9e34-442e-b575-0b6a9114f1ae,-4,0,2.5829267896861126,0.6860036555304361
3bc370d1-fe6c-4a08-a763-a1556d10f321,2025,2024-12-14,f239ac13-f7a1-4acf-90a5-3cf4c6fd3355,31a5142f-21b1-4d3a-87fa-d39f7746b7a8,-3,0,4.748684900344761,0.6811138428769251
3dc86067-ca09-4173-ba65-4088573bb76b,2025,2024-12-14,c62c317e-e0ab-4b1b-a6b9-878965985154,ba18e6aa-cbe6-493b-b91d-b0c8d4e8b0fa,3,1,7.817486691324428,0.7431414028657104
3e5df09c-908b-4cf1-a7d2-eceb92003ba3,2025,2024-12-14,d0c9e56a-ea87-4a77-8ea1-93b43e2aa99f,bb02a3be-6beb-4745-b200-3a49f5224f0e,-7,0,-6.030205762539342,0.2982372718758307
41faa6fa-4386-41f9-ba32-20a82600e43b,2025,2024-12-14,68a583e2-b11a-4a35-b102-095903fabdd8,17dd690c-8f33-4c2e-94ef-326bf0628517,-29,0,-6.622766111757796,0.20997288774599643
44980c1a-3eb9-4246-879f-a339b253bf22,2025,2024-12-14,81ce1538-893e-4f62-9812-5468866f484e,c90512ea-4ed0-469e-a936-7935ade0caf0,4,1,1.3461474979634744,0.5589561226374697
47d8b489-e72e-44e6-b936-f2455142244b,2025,2024-12-14,714115a3-e87c-4c38-be62-cfe9dada315e,08b7e4ad-da8b-487e-a809-741854d1008c,-7,0,3.903765745356289,0.6231083499474138
4a364ef8-9e59-4dd6-b93f-22daeb36ed7c,2025,2024-12-14,b6c7c93e-bdd7-4df7-b73a-c1fbe953199d,ba87013c-8cb8-41eb-95fb-16991c536506,-2,0,-0.8098430816538288,0.43583886914123865
4f15dce1-4b9f-432c-944a-84ad608aecc2,2025,2024-12-14,2de57d84-8b9d-4def-9a66-315270ea5d18,c75216c6-4563-402a-b8d6-b8434793ea38,15,1,7.4916014131693265,0.7970259951213502
507d4f24-d495-4d91-8e1b-d1d36f494b7a,2025,2024-12-14,47b99bcc-2f9a-41d7-8d7c-3f9e93809210,e6a72d83-0126-42a5-b202-cd710e233fef,35,1,10.407440165920962,0.8686748955292546
510312cb-5e2f-4b5e-8157-4d2aed4b74ba,2025,2024-12-14,9e98a2ca-2d40-440b-b4d9-906cd168c9d7,52355b41-c560-4fd9-b83e-3bec2763822d,15,1,11.589808215360094,0.893758526529305
51f0711d-8229-4ced-92c3-ba32989cbc82,2025,2024-12-14,62d54283-52d6-4daf-901e-b6ae1bdf29c0,4b6cd009-754d-44ee-9433-124bad801b02,13,1,7.7467466127976214,0.8250352695552764
530202a9-1cc0-49b6-bba7-3a2f22d73011,2025,2024-12-14,5c6768d4-83c5-4e23-aafc-55ac70126454,741b4fec-9ede-4efa-a807-8c1679e962a6,9,1,6.8805639082310215,0.7459391469049118
54a30e5e-0db8-42e3-becf-3a68f09e48dd,2025,2024-12-14,4a976ca8-f51c-487c-ba87-dae41ddaee24,b8772a3e-c4fb-4396-8eb8-b30c8a36abb7,13,1,10.829258588251218,0.9037550013266077
668d87d6-86c1-4e14-a6e4-98cd707f7103,2025,2024-12-14,85708ae1-7d66-437a-9d70-bcb680bdfa86,308dd2dd-d731-4927-9bf5-e8aad5900158,-7,0,-1.2402932661806834,0.36529463745168617
66b8c7f8-fa03-4e91-9663-8ac29b394894,2025,2024-12-14,d9fdf72a-562e-4e19-ba2f-faa3de20ace5,ae911605-551a-46eb-aef9-06f9a60479c9,23,1,20.647787344452784,0.9871060780221417
66b94633-1e23-4604-90a3-410b83a483bb,2025,2024-12-14,5a320db8-a83e-4f46-9418-25176d12a65f,8a391aff-89a4-4586-9d57-71299178703c,17,1,20.374300586503892,0.9720136296860472
6735221f-40aa-49f3-a044-534778a1f98d,2025,2024-12-14,ccaa9380-5136-4fd2-b639-f5f54936ac7d,9b729374-1ae8-46e9-bfe6-2348cf00056a,18,1,4.33787859076323,0.6782783181467947
69a0bc9a-3141-42ea-9151-ba7cef0fbc1d,2025,2024-12-14,58fdb1cf-11b4-437d-a338-e497be161811,8860a6b6-e60d-437e-afc3-b42e8cab8d79,4,1,5.438887519247315,0.685057243290632
6a2294ad-e319-403e-85d0-54bb8ab1e375,2025,2024-12-14,62c787d1-5e5d-4e44-b6e8-1c208f874eba,935d92c1-aca9-4b21-9e0d-b6c396fb067c,-4,0,-1.9574517909538993,0.40919985362463335
6a5efa6c-9382-48f1-9946-bbb19123233b,2025,2024-12-14,0b297e0e-e039-449d-b07f-f8e1ae96e3db,4edc5314-8f1f-46cf-90fe-fc3094be42cf,31,1,22.11959009799835,0.9892034966526764
6d0d41a7-9312-48b6-8661-dfe8fd1a5ff0,2025,2024-12-14,14a1f904-5f97-4e98-885e-5d6c4f102ea6,d75e1814-b8c9-4246-b06c-afe60d661528,-2,0,6.395547893444974,0.7342592223617643
6ef895dc-efe9-4788-a2cf-a168e84826eb,2025,2024-12-14,de50cb63-b08e-4760-ad25-62eceb6c4120,7532f347-4701-4460-abfa-98034c2ce687,17,1,11.325078167890537,0.8459821793761675
737b0037-cbe7-4296-b135-207c4d2ac1e9,2025,2024-12-14,bfd9aeef-b698-4868-8a44-436dd23e4ae1,821de2da-b464-49f2-aeb1-293e7aedd6de,8,1,6.386625813522702,0.7699240347359412
7c58d384-83dc-4809-9aaa-97aa5e43b8db,2025,2024-12-14,223e59ef-679d-450c-a409-d6ff2a5b5cc5,77bcefa1-a18f-4280-a5c9-2d1573b78e0a,-2,0,-1.6858126896454233,0.46244410916360584
7c7c2799-b238-45b9-87af-8f204021707c,2025,2024-12-14,aecf6cf2-725b-4450-9b49-8491e6a4ee0f,2c1fdbd4-c0c7-4750-b829-f7a6b7bc5710,-9,0,-7.930313182402025,0.1770790159366743
7ceb4eba-6c0a-4f9b-b8d2-360a699cbf77,2025,2024-12-14,08e7a657-2b9a-4055-beee-621379cea4b7,c7345766-a5fd-40e1-9757-26d62af0b9af,3,1,-3.1648320965850822,0.371929413561544
7ed223ac-7df7-4881-8e29-cdb89fbd1c3a,2025,2024-12-14,c4101885-e600-4596-80ff-bc637c56221d,a2a4c8c1-e611-4717-92f2-fccc9217a883,-8,0,1.821129616484815,0.5458318633626675
80e60966-77c1-42b6-ac06-aff165b139ff,2025,2024-12-14,3a2cf934-5d3b-4406-a458-0c76b7b9d65a,f4598131-de83-4e8d-b7cf-dc008ccca8aa,12,1,0.8923582780950329,0.4789146815939293
80e7d94e-0424-4bb8-8982-a9a21a30c57b,2025,2024-12-14,0f0ea376-1ea4-4b1f-9a4f-e7301a0318a4,46671d80-ebfc-4f9a-8eae-19249794115f,18,1,10.292093219232834,0.8776897055145495
83003af1-9c17-4a5c-b1cc-d618d59996dc,2025,2024-12-14,397b5601-d70b-43a8-b259-1a752c68bb1f,75d1bc49-ce2b-4e7f-82f2-26e690f29375,8,1,11.948678946207025,0.9146297143999057
8483c393-67ae-44d2-be0f-617042710461,2025,2024-12-14,7c82650d-eccf-476a-b85d-69a73b6b7f8b,e732f6ff-8488-4df9-8756-f1cbcec88e33,8,1,2.4820657225953493,0.6306674551172914
860bb5e9-35c1-4009-a2af-c89e4e9e7a1b,2025,2024-12-14,03e9598c-4271-4840-ae88-7c7c36f2b10e,88ae8bb6-fbd8-444d-8d22-f485d82d2e67,20,1,26.842786921735193,0.9892824651424823
8f765966-ed98-4d8e-a41c-c8b6205ebb64,2025,2024-12-14,d894373b-dca9-4d1f-a9c9-a123f8c1b600,3e287cd2-e8fe-4612-a996-d02de5cd9fb2,9,1,11.978603583073683,0.890272259787159
92c70887-6c93-479a-a055-170098d8f67c,2025,2024-12-14,eb7098ac-5154-42da-b703-d3b3958b198c,66244ae3-7fd6-49a7-9304-4ae41bea9ab3,26,1,20.788952042593554,0.9830578004308621
955f0b0b-ea19-4f3e-b7e8-494ba9944e55,2025,2024-12-14,c878fb5c-c2e2-4f40-a5a0-f297cc0e51b8,c504f52c-c325-424d-ae65-da37bf8e5820,-4,0,-7.859467828700733,0.203264302221606
97acc772-cd90-46c2-9461-ed742a7568db,2025,2024-12-14,7f0a740b-2a56-4bec-87c8-7bf2baf05d58,ba8ae2ef-827b-47e0-bcec-bf76fe44e37b,8,1,6.364980348462062,0.6923238427754599
990b7ed9-63e4-4b6a-a17f-f8b6744ea6ef,2025,2024-12-14,58d76bcb-6251-4be3-9fce-6e748e521d87,e6431705-05f1-4df2-9721-8369a3a493dd,-7,0,11.685460916711452,0.8965368911105677
9acca8ed-250e-4e3a-84e3-69c6056fef49,2025,2024-12-14,641dc594-03c5-4ae6-8564-0ccb3c8edc77,c59d7c9d-7fd0-4a58-bdba-7904baeb0abd,27,1,34.21840367938099,0.9902286045467277
9ccf5528-4daf-4ef5-a50f-fedf36251aed,2025,2024-12-14,9df3af06-d207-48e8-a010-41797b070072,0562b0a8-dbba-404d-9aa5-930ebe50c9b3,-4,0,2.872954804789392,0.6224099765715018
a2cab3ec-de0c-461d-ba52-f31fd9729c62,2025,2024-12-14,17ba9bad-9d46-41c6-9781-6a1e204da7b0,d1dca835-9ba3-4f00-89e0-533fcfd2b27f,-14,0,2.535160242568471,0.5744697629293101
a527e516-e281-4bfc-a62d-fb98043b6370,2025,2024-12-14,b24e3987-105a-4e03-8184-b15b2947a98c,a564f5c9-0e8d-44c8-a75d-b3b355370dbf,5,1,-12.630343172016302,0.10868362861385292
a9142a7a-5f64-4f1e-b2af-2cc983159418,2025,2024-12-14,3027d417-64d5-4892-a6c3-c77edfaff436,d26d7563-983a-4b9f-bf04-fa2777e0beb0,15,1,16.483317266648694,0.9504527249127842
ac7f6dda-8257-4c64-97af-ccb355616f61,2025,2024-12-14,cd6bef67-d192-4740-b7be-731c52686c54,db5b4ba8-4030-4125-845c-337b3ed300b4,8,1,-3.084168835380344,0.3451754545149227
b15b2820-8863-40e7-a055-c3d8313ded87,2025,2024-12-14,351b4e0d-ecfa-4f26-963a-5d1e8b281052,f9a35e93-6a9b-427a-8901-d74cf3f23676,38,1,13.054474447140155,0.9194076649679616
b627287c-782f-4578-af03-6c0c3c58cbdd,2025,2024-12-14,82d0fc94-2404-4659-9764-1b8186e037b7,b0e26736-fae2-4d59-85cd-4b5243f23c8e,9,1,-2.9890586783947675,0.3974714469497691
c18f9fe2-ed60-4781-9c3e-28c7962c9953,2025,2024-12-14,c9bad532-d6c4-4187-8958-37ef239495a4,41ff62eb-8cb9-4e63-9c2f-50989d3e65c1,10,1,-1.548284875874637,0.5322563087935529
c29532d2-bbb0-4f71-a2b8-34b2da04dbb7,2025,2024-12-14,6f7ff858-33b4-4d3b-b960-8a750dbe33a1,2389c341-a290-43f4-b0e8-08ee6a15c14c,7,1,4.771139555917026,0.6761713772123296
c38705f2-ac85-4e4d-8e34-7d31a12576c1,2025,2024-12-14,fa3cb393-e306-4365-b4c3-b3f62a5027d3,700f42bb-65b8-4e08-bfdf-8dba2e0bd260,10,1,9.181371368181885,0.8418006889262512
cd25d508-c587-45af-89ed-c01f802d3ee1,2025,2024-12-14,f9261c55-02c0-49db-9993-f5d64a97b21e,dd8a7533-5e77-4aee-99d0-4c56a7ff74a7,6,1,-7.046870863552809,0.2494674880953115
d0da7b77-3311-434f-b48d-b78d3feee522,2025,2024-12-14,78926156-3797-4ad3-aa39-fff13a311d02,de0352b5-4ae9-49af-a027-b0dc86a005da,-5,0,12.643874191788742,0.8846681854432598
d1f3cce0-29d0-45df-af49-1b4aa5798cd3,2025,2024-12-14,06f12e7c-35a4-46e1-a2ed-0cacb16f9b68,12ae7230-4fab-42c4-a7d7-88e118290c3e,18,1,3.726682849008802,0.6985119985033372
d48a15b8-0ec2-4da6-95ad-b6009eb4b97f,2025,2024-12-14,bd53017b-0998-4291-a0d1-1c9f45306402,cb86bdfe-2665-485f-9a44-846b23bdb2c3,6,1,8.932451883759587,0.8757074186986842
d6572086-f0e2-42e9-b283-39a816c9e244,2025,2024-12-14,33efd80d-8446-4d83-97fc-e864b132a0c8,f8ed9667-67c8-4fc7-a946-d81c4cbe8fed,3,1,13.767402396414905,0.8778554715441588
d9bbbdb2-c622-4cc0-8a9b-3cee0bfa0fe2,2025,2024-12-14,42833efc-4047-4751-b5dd-8f5c6d05e355,5ea1ef3c-5f24-4989-854e-a24a9e31ac74,19,1,19.243985959348805,0.9842237437664493
dec6c3e3-5a9a-4e5a-8e62-5f4acc63ea2e,2025,2024-12-14,35163246-626a-4e63-899d-7a3798e88277,e4054827-709d-47e3-8f27-86b76b8f17d6,10,1,5.12685221836069,0.7350524046907341
e20bd2c2-c057-4d65-bb50-b2245bc7e76d,2025,2024-12-14,f3885a3b-f43d-45ee-96e1-f650af90dc9c,c514a4b8-22c2-44f6-a118-250ae80751b0,12,1,-3.742100317537593,0.2726791438248957
e50b726f-b0a4-4843-b698-adbde4b891f0,2025,2024-12-14,5717b8ad-bb6c-432d-b223-01a330a59686,ed973a10-a469-4337-9742-eed664c61168,-5,0,-4.223759380174255,0.36434598734211054
e819fb2b-97e8-498b-aa96-ad780ee2e985,2025,2024-12-14,cabaff64-a388-4861-9374-977555d19efb,241f50fd-2121-4b74-abd9-2ddb98d74a2e,18,1,10.109368301055097,0.8965904404236249
e993a47b-8e42-4312-b3b4-9dab42441b8d,2025,2024-12-14,6cd07c06-66e5-421d-a8d3-84cd9833bce3,51d48e8a-41da-4087-b00f-c65fc8fc1ce7,-17,0,3.0302952936808647,0.6484413482359419
eb211ba4-551c-49db-aa7e-312c2b43c992,2025,2024-12-14,7e01ae0c-d2c7-4d9c-beea-2da953b4c037,64975048-1db2-4ded-ad28-05b8d8aa9c66,2,1,-4.504195378794481,0.28837874947020414
ed5391df-25fa-470d-985b-700bda3f254a,2025,2024-12-14,02073ad7-1bb6-47dd-a1fb-fae5e0bc2ed7,325d11bf-595b-429a-8342-97fe68b1a3cc,6,1,7.380576880483727,0.7716922993677319
ef2f92c4-d0b5-492a-a17b-8a4bca77493e,2025,2024-12-14,5c86ee1e-ee35-4d51-bc08-bbca68bc90f1,f0489380-9e3d-4613-ab85-fc32d9368997,8,1,3.767512768859778,0.6302466713582442
f0accd84-f46a-4738-8502-4152529ebbf3,2025,2024-12-14,cf3707e3-2f2a-44dc-8d7a-4d16b2fe78ee,9f7dac5e-38e1-4e63-9e50-e6b0d822fddf,1,1,16.43145658370972,0.9717841297164642
f10eb964-25c0-448a-8265-210705e7cfd7,2025,2024-12-14,0eb90dc3-2a1e-43d8-80ac-bab6d917f78a,f829b41d-4185-4fb9-98e0-bd7bd9b6bd7d,-9,0,-11.284021069755125,0.11310213275937644
f1c0d62c-7906-4f3d-87df-6afe826d9aa8,2025,2024-12-14,5858896e-5e67-463c-a38c-c7431f157945,9ba3c8fb-1162-47a1-873e-6cf11475a094,23,1,14.422007389666337,0.9208631444510327
fbb93f38-b3ff-46c5-b6bf-c7e9d27cc580,2025,2024-12-14,a7689181-61c1-492f-83e6-a64bca6e04f9,ad46d3d3-a8b8-45c5-a46d-913240ae2832,16,1,6.151815836741904,0.774413554934913
00946558-6eb5-4f38-81cf-69255a68a66e,2025,2024-12-15,6f9a1a81-2dbf-490a-ba3c-8f8fadddd9d4,7732f0ad-152b-481b-be13-de99facad3ed,-24,0,-11.695784885637563,0.11054256292101534
04c69521-206e-4991-8d38-315276454581,2025,2024-12-15,d8940484-2c3e-4ae3-b77c-e5e00f048ec7,c921ba85-0782-4ce6-80e2-44f0c43d4f16,10,1,-5.3399705206845995,0.26062775408292754
06e6b7e8-66af-4313-8217-6c2746de25a4,2025,2024-12-15,8bdfa757-6fe1-4ee1-a1c5-279e7f35fa1e,8daceea0-e7c6-443f-9452-f56f9faa56de,4,1,13.163123093740566,0.8941133600292581
11f7914b-576f-46f4-8d86-14df013f186e,2025,2024-12-15,46a5f9e6-fe34-4ea4-867d-ba4e31297465,6bc97d46-dcb6-4437-a79f-2d351169817d,-9,0,-8.736215320271668,0.16404927185902163
162175cf-21e7-4e1e-98fd-4e8aaddec44b,2025,2024-12-15,69642ef6-85e9-4dfe-ab65-4cca6a1688d4,3bc11d41-6e7a-4932-b0d5-e15a8f310406,19,1,5.845947143278068,0.6872314559280271
2003d4c2-d717-45cc-bf4c-bdbf5b2c8d2f,2025,2024-12-15,be595032-d4ed-4bea-95de-22a18feb02c7,bbd86984-093a-4854-845d-01d65716f8fa,26,1,14.461819163182795,0.9423928626356949
28bed898-2e3d-4d0c-9f2b-97bf32940453,2025,2024-12-15,bf7cd127-c979-4181-8f7b-356415e2c15a,5d66e35c-66aa-44ac-b72b-33066edb3e20,25,1,19.65926895050051,0.983218317750099
31d1c903-bb33-4530-8af3-9b6d23a701a5,2025,2024-12-15,231d7720-fba0-4331-b1da-8412227395f7,b704622d-2904-4237-b9a0-a9865096fefd,5,1,-0.335374675697774,0.4657233430395464
32c3654f-313a-4a90-8fce-9f444b03defc,2025,2024-12-15,14b85f13-07f7-4bd1-8f5f-32720dbe1c9e,78d97761-b499-435e-9097-b9d553f3ee67,-10,0,-6.051096936019601,0.3023089302205429
3600436d-a50b-452d-be53-f936d76a6c85,2025,2024-12-15,f89aec4b-36dc-4a40-a634-a744d4d646a2,24cced85-1369-4dbe-8abf-92fb8d456618,36,1,14.327072925149697,0.9372667989141078
392bfbd3-645d-4d47-9873-8826735c7b8a,2025,2024-12-15,2fa161f0-e26c-49a0-8eb0-b2810c4d4845,daea7f8b-7386-4fa6-8921-870a3e848b4a,8,1,7.676419730674582,0.7925041707483751
515fc7c1-fdf1-4f04-a72c-81c579576b98,2025,2024-12-15,40960630-05f9-471c-b4a6-0eea2cb6345d,f0929311-9f5c-421d-8573-4b4bee0c314f,64,1,35.3453631894245,0.9949675786392638
57bdeeb2-189c-4076-bd11-8a1ff94de78f,2025,2024-12-15,e51388ec-8e0a-4c32-a70c-4890e3e61d3a,67503cd7-a244-4820-afaa-485db8ea877a,-9,0,4.867111105553054,0.6732106426639316
58e57919-e6a2-4286-9b23-0dee2a6c66f1,2025,2024-12-15,27bf19a7-be0b-4fa0-8dac-8d9b7df5f363,483b9ce0-4c9d-43d0-979d-831c7298213f,47,1,26.329618620150445,0.9889900177719414
6105c7ad-ebd6-4664-aabd-0158ae576a03,2025,2024-12-15,416d2dd1-15bd-48e9-82e6-9277c0ab829c,7cf9cb31-3bfd-486a-90fa-8fa6f3bb44a1,22,1,20.665702161579524,0.9771018275240649
6aa2b8f8-2b11-481e-99d9-026d1eac7a99,2025,2024-12-15,41e19184-6f6d-4838-b789-d8553db45753,d52e191f-c4a5-43a8-b16a-1d87ecf7ce9d,-8,0,1.536968261272027,0.5762731386327932
74db33df-2634-41fa-88d2-4a8c020df6f8,2025,2024-12-15,9fb181a8-2807-4e27-9442-8e09de6c9575,ad9fa352-0a34-41df-8ad8-38855ef63d91,-4,0,-2.1531465496092106,0.46472669115977144
824b267f-4253-45de-99ca-20e9bd9cbe72,2025,2024-12-15,871751b8-eb3a-4919-bc58-ab82887e29c6,983c0982-0fb8-45e4-829e-306cf787ba2e,-10,0,-0.8560031340969466,0.43454744908675424
837ff7d4-009c-4fae-ab05-f84bd185c1af,2025,2024-12-15,5d005d94-2060-493e-af42-31885c78962f,3c9cd500-c6f0-4eca-b722-405eefd74003,4,1,3.554867810356123,0.6634825731417645
88d08fb1-42c4-420c-80df-ea12a90be9cc,2025,2024-12-15,17e47b02-02b2-4bbb-a838-a4695fbc099b,a6332591-4e2b-4b84-82bb-debc57b8b614,18,1,22.959230528977155,0.9847695161692024
93148b83-f318-4b2e-9176-a16187e8c43e,2025,2024-12-15,73493513-0a1c-4fec-9e40-429225bb809f,9123b907-3559-421d-be7d-7e238eb0c266,19,1,2.423870996464958,0.6329293514856918
9ca3acbe-44e7-4658-ba43-8c9662986a20,2025,2024-12-15,a5ebc512-a148-4140-b60c-147132b3097c,b21fc872-90f0-43b9-a07f-97e7531c8898,11,1,8.93195781876292,0.872455431895231
9f1b1a47-7859-4814-8cd7-9e32976faccd,2025,2024-12-15,1f8df44b-d154-4a8f-8c48-32b36db0cd06,829dbc21-e757-475c-ab7a-2a3172ec0683,8,1,2.2327309085606366,0.4381912276160721
c01d4698-d071-404f-a241-2f14b9c08d88,2025,2024-12-15,705e808f-a589-4af4-8baa-45ce5b2e969e,cb8412bc-37cc-43bd-b58b-a5e5956df339,15,1,-3.07102707113389,0.36495429169970256
d39eac6c-7ccf-42d6-a959-f7cdc0be4204,2025,2024-12-15,3ed32cdb-d2a0-473e-9db0-fd63aaf9013b,5320a4de-9279-4990-9ee8-6638339220e0,-27,0,-4.521356801729682,0.2918256346150158
e05dbd8b-9663-4663-bdd5-d8fc832ca562,2025,2024-12-15,88e83e71-3235-4c21-85a8-da368f34e5fd,8bbfa6f2-6178-4c2b-bf17-66fba7623c4e,12,1,8.127991743889185,0.7935927135400889
fc716141-1b75-47f7-97c7-e771ab2b3489,2025,2024-12-15,f2fcffd8-915c-4fdb-a632-8b5b621bc999,c333af2f-2819-4e30-8541-dbb64eb01cbd,32,1,23.63774622294646,0.9863280627761838
13e3bc06-f04d-48e6-bdd1-d4c012442621,2025,2024-12-16,4f9d3323-4211-41f2-8211-76b7efd6246f,19313cd7-ad44-47d9-a9ef-b9e0c7238466,8,1,-0.2205131892183943,0.4881028909757369
187f9f0f-74fc-4af2-8501-4319d3398a3d,2025,2024-12-16,9007c268-37e0-4ab1-ac60-f9cdcb3a7a8f,8e9b7d4d-1baa-4d3d-bb10-8950f4133b30,11,1,4.580697262191018,0.7456901826911918
5b19bbd1-bf07-4459-9e5b-a4be1c77d9fc,2025,2024-12-16,42a1b5ec-9263-4e7a-8f55-df64f85505e6,79c6b473-0e11-4c2b-aa4c-8523cc9afa48,2,1,11.208353974121222,0.9080790720107241
75329aa2-cd27-40b1-b1fd-1e9feff8317b,2025,2024-12-16,fcb7d38a-6efc-47b3-b7af-3dd5ea07e8e5,f1e9470d-a3c7-4ef1-8583-6bb917490ac3,3,1,11.745211415067415,0.8858595152196552
7fca36a6-ce80-416b-9129-82a2a22471ed,2025,2024-12-16,31a68979-4cbf-4e59-be9e-82043f581ff6,6bc97d46-dcb6-4437-a79f-2d351169817d,9,1,8.796632233922262,0.7790481935568403
833fba5a-2913-4c25-b03c-8230c38e4458,2025,2024-12-16,07c201cc-5a34-4a3b-9fc9-bae4c20b7c9f,7e838ebf-74ed-42de-9f2e-d8057aa77de5,10,1,3.6198258197798165,0.6741103585990924
9db3ddf4-612f-42af-83c9-2fe4809d4a42,2025,2024-12-16,0f0aab5c-26db-447a-b6b5-a264da5b140a,185c12ee-a2a7-4588-84f2-4b4b270a75a6,28,1,8.610291549510798,0.8163731244193123
a3d6eba7-9482-4e44-8e0b-124aa087bcbf,2025,2024-12-16,be9af39b-8a19-4b9d-89a3-bc6dd35defa3,7a78a9a6-0d5b-4fae-8fb4-98bc816ed903,5,1,12.61033885221471,0.9187609466795137
b49e5b2b-9871-4f44-b50d-2b5425936f20,2025,2024-12-16,ff488f80-9f05-43ba-b8dc-d7693b84c0ea,3d3b199e-7c4f-4c53-b683-a77a8d8e697a,2,1,8.556871640929822,0.8268994752852861
d7189c94-a057-49c5-99aa-ceb97a834ab6,2025,2024-12-16,02361e70-3d89-4b56-8d25-73ea2ee389ef,0485ce67-c9b0-4725-be73-d3185a14e575,36,1,32.34876103164268,0.9915406661284424
fc15fe5e-f0ae-419b-8ec4-52fee5f18832,2025,2024-12-16,d6a348c1-3237-43da-8690-d309d586a66e,d65f3ef9-cd07-4472-b901-9b3ba2b35764,5,1,13.262182685466888,0.9495252228592916
0ac19e83-ca5b-473f-ac0c-3f5d6be73c17,2025,2024-12-17,03e9598c-4271-4840-ae88-7c7c36f2b10e,78926156-3797-4ad3-aa39-fff13a311d02,3,1,-6.6066121710083054,0.22247013138748936
0bd88309-59b2-428b-9790-12cf569e2592,2025,2024-12-17,351b4e0d-ecfa-4f26-963a-5d1e8b281052,17ba9bad-9d46-41c6-9781-6a1e204da7b0,41,1,36.148063422941085,0.990545786834002
0bfbc9b8-7637-4dcb-b3f8-93f52fe9849b,2025,2024-12-17,4edc5314-8f1f-46cf-90fe-fc3094be42cf,17dd690c-8f33-4c2e-94ef-326bf0628517,-4,0,-4.945052635989047,0.26138384973960677
0ed1e1e5-93e0-48ce-80c9-dcb2534388f6,2025,2024-12-17,eb7098ac-5154-42da-b703-d3b3958b198c,5a320db8-a83e-4f46-9418-25176d12a65f,-6,0,-9.864601517867246,0.15044137534318183
184cf0c1-598b-4992-baf8-e8cbfb78eba1,2025,2024-12-17,571d2904-70d9-4de6-abfb-1d716ba43f0b,bfd9aeef-b698-4868-8a44-436dd23e4ae1,-10,0,7.15075285858461,0.8352642740365621
18f3b1d1-c27d-4840-b721-4e6ba4b3cee5,2025,2024-12-17,07b4923a-16cd-4490-8ae5-d61599212ab1,f8ed9667-67c8-4fc7-a946-d81c4cbe8fed,12,1,11.6284959686367,0.9520180219151735
193f6c73-08a4-450b-9c50-480d87ad5744,2025,2024-12-17,cc4cdd9c-0563-41d0-bbb7-29b825db8e55,851d8a88-2edc-45bf-b180-7b6c1744f5fe,28,1,23.09070888802326,0.9863551579262959
19ade925-e2ae-4eb8-a727-d455f86b6e84,2025,2024-12-17,af997d63-624d-40db-bffd-18de780e2f59,223e59ef-679d-450c-a409-d6ff2a5b5cc5,5,1,5.994974400567857,0.693185145332903
25bb3281-14c2-4d2a-9ed8-c27a8bcadd54,2025,2024-12-17,0b297e0e-e039-449d-b07f-f8e1ae96e3db,a6dd499a-eb6b-4f8e-9094-d8eb96b3547a,13,1,18.297382295140018,0.9860185940897931
25c764e5-fd28-4baa-afa1-342d7b5587a2,2025,2024-12-17,a67d2a73-fb71-42b8-97b7-9b72a49efc06,3dd34e3a-6cf5-419c-8042-503af5d36e7e,-3,0,7.011433074842569,0.7649805330333624
29fb9e31-2b9b-4794-a55e-176939f03366,2025,2024-12-17,cc0e2cc0-da4b-4021-8739-c0e7e235467b,935d92c1-aca9-4b21-9e0d-b6c396fb067c,-17,0,-9.425033982960787,0.22979600085075966
2a6ab3f0-d5cf-4ee0-9265-018f268b3b79,2025,2024-12-17,51d48e8a-41da-4087-b00f-c65fc8fc1ce7,e383167f-2c53-465a-b2fe-0d6bd7c69b27,-2,0,-3.7083603750672975,0.3923505289943033
327f0cb4-7b53-49ba-bdde-5a584e3884ff,2025,2024-12-17,62d54283-52d6-4daf-901e-b6ae1bdf29c0,000d55e3-3608-43be-aebb-6926cbe6b7b5,18,1,8.348206176913394,0.8358556916151755
3d9741ac-f278-46cb-8d90-ccdb88481f90,2025,2024-12-17,f9a35e93-6a9b-427a-8901-d74cf3f23676,a7689181-61c1-492f-83e6-a64bca6e04f9,22,1,21.042510776061114,0.9813066779756076
4a2150ee-9e22-4eed-b1c5-cc3d87775f69,2025,2024-12-17,cd6bef67-d192-4740-b7be-731c52686c54,50ac73d5-f2f3-4160-add7-d0993eec32cf,1,1,5.413191068438007,0.7324002354881511
516b57a2-2e5a-41e6-8461-a14564a22406,2025,2024-12-17,3a2cf934-5d3b-4406-a458-0c76b7b9d65a,d0c9e56a-ea87-4a77-8ea1-93b43e2aa99f,37,1,27.35029742352678,0.9877316487824903
5d2ccfec-5bf0-4cb1-bca9-0471d49ee5fb,2025,2024-12-17,d756733f-2d8f-4ed6-8b7f-dc7804a270af,52aab06d-922e-4906-9dc7-3c0fe7d3e2c2,6,1,13.641976357127218,0.923968190922791
659521bd-f171-44b8-82a4-b6839e7055bb,2025,2024-12-17,3e287cd2-e8fe-4612-a996-d02de5cd9fb2,fe967dc0-fdb0-46b0-9629-0fd108949abe,-6,0,-6.842505222254959,0.22853302819704008
6705e6e2-03aa-4a13-b7b7-92d9fbaf4169,2025,2024-12-17,c4101885-e600-4596-80ff-bc637c56221d,46671d80-ebfc-4f9a-8eae-19249794115f,10,1,17.490949735147478,0.9457831976236034
72011a81-3a9d-4275-b13d-3763860072e4,2025,2024-12-17,31a5142f-21b1-4d3a-87fa-d39f7746b7a8,9f7dac5e-38e1-4e63-9e50-e6b0d822fddf,36,1,37.06854532211549,0.9908011433157332
7b45801a-f3fb-4b9d-9a0b-8593183e1b56,2025,2024-12-17,8848c09f-0c71-4cbf-9d0a-84da72f6b649,a1594c03-e784-493e-8435-66f585997595,-19,0,-20.947901870908392,0.020435247097082426
7faa2087-07ab-476f-8d8f-b06cb5d2db82,2025,2024-12-17,9ba3c8fb-1162-47a1-873e-6cf11475a094,b0ebd027-95a6-4e7b-abfd-c26d14470857,3,1,-1.2445200021514722,0.49926503469237754
89da7b25-dc02-4377-b23a-12e5974eef8c,2025,2024-12-17,76eb53c2-0367-4d59-b619-799a7aea658b,ad46d3d3-a8b8-45c5-a46d-913240ae2832,24,1,19.996345824349408,0.9859435577404009
9ea25da8-5a40-41a9-94b1-7397aed769c6,2025,2024-12-17,41ff62eb-8cb9-4e63-9c2f-50989d3e65c1,aecf6cf2-725b-4450-9b49-8491e6a4ee0f,46,1,23.051002063395018,0.9898065272093013
a5bb098d-6d53-417c-ab78-0983490aade5,2025,2024-12-17,f3afec86-2594-4158-97d1-aaac68833b8c,6578af6a-edd4-4185-82fc-cdb933362d97,13,1,6.1075253291660685,0.7109868903006865
a8876758-80fd-45d1-b466-98f96910b6f7,2025,2024-12-17,5c7c373d-1822-4c63-aa7f-64745cc99c52,b31c989d-1667-4be6-8a91-193cda486b3f,-5,0,3.6553435988713385,0.6149412463975998
c0b02e2b-01ba-421c-a85f-4374bd7e2625,2025,2024-12-17,391f303d-08c5-44cc-83c6-60595fc71068,f3885a3b-f43d-45ee-96e1-f650af90dc9c,14,1,5.471157733671858,0.7101465953566567
c0c1188e-e6f6-457d-a3bf-1597ed8e4fa5,2025,2024-12-17,8fdfa7ed-88da-45ac-9520-9a9e9fbe2586,37d0bfe1-4a78-4810-9371-3268e54026d2,17,1,10.062866875830995,0.8673867026427324
c2c71221-6466-4031-82a4-abe9dd1a7d47,2025,2024-12-17,a7fd1d4d-445e-4899-9731-00f7bff74284,2c1fdbd4-c0c7-4750-b829-f7a6b7bc5710,11,1,5.339747549558287,0.7692596415777243
c3c5e98b-0146-4b65-a795-37c5335cf687,2025,2024-12-17,641dc594-03c5-4ae6-8564-0ccb3c8edc77,81ce1538-893e-4f62-9812-5468866f484e,11,1,21.375089963085607,0.9485748214569281
c59819b9-b839-4a59-b70e-83b6a7c9128e,2025,2024-12-17,d1dca835-9ba3-4f00-89e0-533fcfd2b27f,ad21cf61-9161-4409-af92-468be5a0142f,5,1,9.37913254093076,0.8973735343576285
d1adee8c-9ef9-4295-b011-071132ca7048,2025,2024-12-17,ba87013c-8cb8-41eb-95fb-16991c536506,4926f0f3-ac12-4ca0-9cbf-eb99f9aafb78,48,1,36.15457521786409,0.9932111310824975
d81bb20e-a0cc-4bbd-8657-2a84e3be08b7,2025,2024-12-17,7e01ae0c-d2c7-4d9c-beea-2da953b4c037,c4972de1-bfaa-4820-893c-10adf1095f0a,31,1,23.180918880870657,0.9857730995537235
e122b9e9-1609-4628-add0-0bee106aa931,2025,2024-12-17,b24e3987-105a-4e03-8184-b15b2947a98c,308dd2dd-d731-4927-9bf5-e8aad5900158,-3,0,-8.07014587798668,0.24320182247444047
e59218dd-f5ec-4eec-96ff-ea8bd8bed489,2025,2024-12-17,0f0ea376-1ea4-4b1f-9a4f-e7301a0318a4,dc7ff97c-c617-4dcd-89fe-5e702fd03890,30,1,26.467058096141955,0.9913407234285567
e9411c97-ac77-4f44-8911-afe14f296a7e,2025,2024-12-17,0420bfac-8b45-41ad-b228-89893a037d4a,7732f0ad-152b-481b-be13-de99facad3ed,-2,0,1.1608309956084655,0.4333086403109822
f0c487d7-a4be-4185-8449-1996b3d0a9a9,2025,2024-12-17,8d515064-54c5-4eeb-a095-ad7ac6839d0c,ba18e6aa-cbe6-493b-b91d-b0c8d4e8b0fa,54,1,31.565617952839638,0.9860655126516569
f379da80-d48e-48c6-9898-7f989ccef018,2025,2024-12-17,2389c341-a290-43f4-b0e8-08ee6a15c14c,cb8412bc-37cc-43bd-b58b-a5e5956df339,1,1,10.525833046490604,0.8982615486429396
f597d16b-4b83-458c-a4d5-30be7b578085,2025,2024-12-17,fa6de946-411a-41ad-8bfa-6526c949108c,12ae7230-4fab-42c4-a7d7-88e118290c3e,1,1,3.1717102650791276,0.6168523609523623
ffeffee8-c480-4b8c-ae70-5258e21679a4,2025,2024-12-17,48dab38d-2a0b-4201-94d9-c6ffaf736974,69293aea-705f-44e4-81db-36e52bcb1813,21,1,26.491232735122814,0.9869716770127964
0bdb68e7-f586-4fad-8546-966aac6f6fa3,2025,2024-12-18,050cf087-6e1b-42ef-84fe-368ac1929774,4a976ca8-f51c-487c-ba87-dae41ddaee24,16,1,4.064089714175381,0.5858178179488349
183f752b-27d6-4391-8c07-2a6bce330095,2025,2024-12-18,d2d39132-b6f8-4e0d-96d2-4e89419550fa,628efcd7-4ae6-4bba-9542-11e108d22d8d,6,1,4.940130659553511,0.7224665082120019
18e6a978-672c-46b5-8a34-57912434f9ee,2025,2024-12-18,46a5f9e6-fe34-4ea4-867d-ba4e31297465,a79a95b3-2101-4649-8f36-782b24edba79,1,1,-2.3890230188117267,0.26371221557053887
1c22e49c-524e-46ab-971f-a23ec3873135,2025,2024-12-18,3be5fa30-2fd3-4af3-bfc0-39db2dcb523e,47b99bcc-2f9a-41d7-8d7c-3f9e93809210,1,1,2.4651212590303286,0.588638634159663
1e9ff998-4740-4964-ac3f-431c485006f7,2025,2024-12-18,3c9cd500-c6f0-4eca-b722-405eefd74003,7e838ebf-74ed-42de-9f2e-d8057aa77de5,-3,0,6.358613597300075,0.7308748556928212
24f115c9-130e-45ac-9a7c-f8c0d2603928,2025,2024-12-18,d894373b-dca9-4d1f-a9c9-a123f8c1b600,561ee565-69fc-4571-95fe-32ac563e53f0,26,1,0.30425343200486854,0.522003595234087
2969ffb1-fcf5-45a0-b9c1-aee2fce9d023,2025,2024-12-18,cf3707e3-2f2a-44dc-8d7a-4d16b2fe78ee,de50cb63-b08e-4760-ad25-62eceb6c4120,2,1,0.7096505301608123,0.5072062685172681
2e4a7ee7-6da3-4f3b-95d5-339a3bed289b,2025,2024-12-18,fb109583-87bb-40c1-a02d-7d40bcd7c52a,829dbc21-e757-475c-ab7a-2a3172ec0683,-1,0,-9.21494850915193,0.18527402829402276
307228e6-8b64-46a0-b474-aefc6121fff2,2025,2024-12-18,026ac097-d80f-48f3-80e4-e6ae2b9ee383,8226bdf0-6c2b-4e2b-841d-e2a01a5e5145,10,1,0.9011657540957531,0.4408552845962474
3a81f949-3394-47a4-a6a3-5ea5ea3a445f,2025,2024-12-18,f239ac13-f7a1-4acf-90a5-3cf4c6fd3355,4b7b8cc0-eb4b-40bd-a9b7-958fbe20894d,32,1,21.391710842533367,0.962618832903367
431f8e53-115a-49eb-b464-9e9845ada7a7,2025,2024-12-18,871751b8-eb3a-4919-bc58-ab82887e29c6,397b5601-d70b-43a8-b259-1a752c68bb1f,-7,0,-24.659475634915978,0.026117897583775623
47c17fe2-f988-409d-af8c-1889b32bd771,2025,2024-12-18,ff2fa864-282d-4503-9a88-8c10619b0e3d,0a4ebb69-d8f5-4c7e-a7bf-b7ce3968f57a,20,1,11.942763748980475,0.9149697879057737
4818a59a-567a-437f-8451-e5d285d2dc88,2025,2024-12-18,5d005d94-2060-493e-af42-31885c78962f,904ecc4d-857b-4150-b986-50e605d84b61,21,1,21.761789463346286,0.9823389390654165
4aaf08ec-ddc3-4386-84e4-b74f495ad4e1,2025,2024-12-18,77bcefa1-a18f-4280-a5c9-2d1573b78e0a,88e83e71-3235-4c21-85a8-da368f34e5fd,7,1,9.71053745712121,0.8324895967429402
4ba6150f-201a-47bc-8e5d-ab912c48852d,2025,2024-12-18,a2f3412c-1391-45d6-9516-eeef28f38cff,9ba0c75f-bad2-428f-9038-d695c2385098,-17,0,5.329312999719489,0.6028673676523457
50e39323-4c3e-4a21-996d-a3dbf00e1a66,2025,2024-12-18,b04e184a-6805-475b-95bd-7e19d2fe95c9,85708ae1-7d66-437a-9d70-bcb680bdfa86,-8,0,2.5432337061962693,0.6225141608284217
5278a542-ebf8-4b56-9015-a29bfae27e3c,2025,2024-12-18,bb02a3be-6beb-4745-b200-3a49f5224f0e,6f9a1a81-2dbf-490a-ba3c-8f8fadddd9d4,8,1,2.59646904178758,0.6025714650094239
5354dc02-d93f-47f2-a1e0-2a6dbde5d37d,2025,2024-12-18,db5b4ba8-4030-4125-845c-337b3ed300b4,0eb90dc3-2a1e-43d8-80ac-bab6d917f78a,10,1,11.666300235518422,0.888310784982543
54304352-405e-43d4-96ad-dac6a62e0240,2025,2024-12-18,c59d7c9d-7fd0-4a58-bdba-7904baeb0abd,b9840fe4-f776-405a-8b8d-3c388de0792b,-8,0,-5.782482324240751,0.31652097903680904
55a210a2-a2c4-4af2-83e9-2a8a9229b7a6,2025,2024-12-18,1799ef2d-85d7-4ba9-8048-33b1956ab3db,d8e2daca-6b8a-4f31-93d4-8cf6dd93fda7,27,1,12.390995050396846,0.9085546839172314
588c5603-38ef-49b4-b4f8-786995772d00,2025,2024-12-18,be595032-d4ed-4bea-95de-22a18feb02c7,f02fe504-2b2e-4ed7-b9c5-4c7e6e224682,21,1,12.740972799935907,0.9053736755129859
5c8f8be3-c213-41cb-bf98-c179e88a2126,2025,2024-12-18,88c5646c-b1a9-42f6-999b-56d8198e37ea,e6a72d83-0126-42a5-b202-cd710e233fef,13,1,5.8840794365166,0.7755693770653157
66d74d91-29b0-46af-9f55-6df2393e385d,2025,2024-12-18,63da3cbd-f74e-4ba0-8273-8bca25a54f73,de0352b5-4ae9-49af-a027-b0dc86a005da,-2,0,-0.7968563966410743,0.4010870537542747
6a0d9799-caad-461e-b9b1-222ef089ca28,2025,2024-12-18,af50adaf-e9ac-42bd-a6a9-7ae8e4dc4a8b,f1e9470d-a3c7-4ef1-8583-6bb917490ac3,5,1,2.427824771993483,0.6336358704172587
6a5eaf70-c81a-48d6-8d40-d3cc00beada9,2025,2024-12-18,6ba99b19-8a61-49da-9325-3e04939d3d5f,ae911605-551a-46eb-aef9-06f9a60479c9,-8,0,4.814350722913506,0.679663155110115
6b3f6aeb-7612-4f4d-91cc-579d199476ce,2025,2024-12-18,66244ae3-7fd6-49a7-9304-4ae41bea9ab3,a46fdb60-30d0-4807-a2b1-e29d8d7c22b2,5,1,8.987698484145923,0.7911503265447463
70de5539-df63-4111-bb88-5b7503f7f2df,2025,2024-12-18,68a583e2-b11a-4a35-b102-095903fabdd8,cb86bdfe-2665-485f-9a44-846b23bdb2c3,6,1,-5.8022981320481835,0.3150169284389144
716a75db-ffc0-4444-8f35-b2e0c076029c,2025,2024-12-18,2de57d84-8b9d-4def-9a66-315270ea5d18,6e056aa7-1906-4546-b6db-5910356fee72,1,1,-7.070688048797439,0.2675108199735973
7890775a-50cf-421e-a1cb-619c679c7911,2025,2024-12-18,61ce5009-1768-42aa-b377-fd95cefd07af,8daceea0-e7c6-443f-9452-f56f9faa56de,11,1,7.893519668378045,0.794399023891652
790b118e-81d9-42c5-b4e9-af46079f0353,2025,2024-12-18,700f42bb-65b8-4e08-bfdf-8dba2e0bd260,78d97761-b499-435e-9097-b9d553f3ee67,2,1,-2.883937178750559,0.4032901502389831
86e7a177-f385-4df2-acd3-64bd6d314af0,2025,2024-12-18,dd8a7533-5e77-4aee-99d0-4c56a7ff74a7,326d518f-eb6a-47aa-9739-13bc340a9a3c,30,1,26.14522360654088,0.9875438964577572
8c7ba7da-bbfe-416a-bc75-9ac2d25b104d,2025,2024-12-18,b704622d-2904-4237-b9a0-a9865096fefd,1835c2ee-1e17-4d18-9ab8-a1bb3678b947,8,1,-3.250598838517823,0.3277988927583864
91a74203-e075-49e6-ac32-188891f371b9,2025,2024-12-18,91e8763b-21ee-4929-ab39-6a46d1d62e33,9c2f288e-9523-4b69-ae64-ab0876fec6a4,-4,0,20.478497712665895,0.9791663311049975
9a98928e-8f34-45fe-8afa-6a6190659a5f,2025,2024-12-18,f0489380-9e3d-4613-ab85-fc32d9368997,75628733-1eec-40f9-a6cf-07501979c4b3,26,1,6.937727329613831,0.7363845221473494
9b57bd90-5093-4b91-99a6-b51213d038e9,2025,2024-12-18,031d384c-ac9d-469a-985f-3214f2b9972b,02073ad7-1bb6-47dd-a1fb-fae5e0bc2ed7,-10,0,0.7404928494851002,0.5067208605461627
a0409559-b973-44e0-aa90-6ff54d1471c7,2025,2024-12-18,f63b8169-081a-49c5-8b53-2f7b3e524fb8,a2a4c8c1-e611-4717-92f2-fccc9217a883,7,1,3.0978091005544997,0.6318412929286996
a9e0177c-39f4-4d14-9bde-f411ff996088,2025,2024-12-18,b58599cb-bbcd-41e0-9746-6ce1ed5597d3,5d66e35c-66aa-44ac-b72b-33066edb3e20,2,1,5.3370645852544225,0.6143440403335405
ae70297a-9855-47d6-a6a4-3f7413657df1,2025,2024-12-18,375d7498-7795-4ff1-bcf0-e13cdaccd9e5,5717b8ad-bb6c-432d-b223-01a330a59686,20,1,11.91511963897589,0.9096495313465256
aeb7582b-c73f-4d54-bc06-3c7f30008be4,2025,2024-12-18,a564f5c9-0e8d-44c8-a75d-b3b355370dbf,8dae6732-0634-481a-90ac-d73bf6a19566,13,1,10.888483028402183,0.7967306703400804
b0680d02-45ef-4683-be3c-32b1d4e86144,2025,2024-12-18,70746950-a861-447f-a9ba-f53e329c27c1,f5ed0adc-4078-47c4-aba0-3dd2de221774,-6,0,-4.879304135321146,0.3653811533216967
b3557900-4c22-4410-85ce-678ae67c6449,2025,2024-12-18,c9942b49-0bf7-4dda-bc78-bf2e3b174055,bbd86984-093a-4854-845d-01d65716f8fa,3,1,5.877172349038421,0.7678407636094374
c122a1f7-780c-47f0-b444-2e385ace8ec9,2025,2024-12-18,5f1bdada-9e34-442e-b575-0b6a9114f1ae,75d1bc49-ce2b-4e7f-82f2-26e690f29375,24,1,0.1938595503861779,0.5422292141681492
c7655460-53f2-414f-80fc-28a8b849623d,2025,2024-12-18,fa3cb393-e306-4365-b4c3-b3f62a5027d3,8deb21ba-48b8-491c-89ab-0b360062d211,20,1,13.575711145353225,0.9213038370161017
ce246940-94c2-43e0-9d87-111e661e68ad,2025,2024-12-18,d915e7c4-a333-4d6f-9c21-5904d58e75bd,ad9fa352-0a34-41df-8ad8-38855ef63d91,5,1,4.81520266349607,0.7271054516344609
d3e9fa4c-019f-4b01-b508-de0f71ff8ddd,2025,2024-12-18,6b776d4e-7c15-4c08-b195-ddf7052c762c,3d3b199e-7c4f-4c53-b683-a77a8d8e697a,52,1,34.48622145765657,0.9914231595622844
d5793819-55e9-4b6d-bc5d-78d230b0e3ba,2025,2024-12-18,88ae8bb6-fbd8-444d-8d22-f485d82d2e67,8860a6b6-e60d-437e-afc3-b42e8cab8d79,-15,0,-10.464446161625562,0.159419544464895
da941307-39f7-4c00-b8f1-8045f23d2660,2025,2024-12-18,b21fc872-90f0-43b9-a07f-97e7531c8898,83384eea-0854-4284-a875-f47d9b0c31d8,9,1,16.872239991669385,0.9473402581793609
e03edbd0-282a-47c3-b97f-a146041cf4ab,2025,2024-12-18,e51388ec-8e0a-4c32-a70c-4890e3e61d3a,7cf9cb31-3bfd-486a-90fa-8fa6f3bb44a1,29,1,28.682817769644213,0.9897310235227971
e1ed3e83-41a4-4547-ae4d-b7157072613d,2025,2024-12-18,c75216c6-4563-402a-b8d6-b8434793ea38,d65f3ef9-cd07-4472-b901-9b3ba2b35764,5,1,21.40950984146284,0.9683818779258155
e5fdbc5f-c758-4e5a-a58c-bfaebdece0a7,2025,2024-12-18,c921ba85-0782-4ce6-80e2-44f0c43d4f16,58d76bcb-6251-4be3-9fce-6e748e521d87,-22,0,3.568893830349931,0.581714961115699
e74e012b-b70b-4b1c-a7d7-05063f6d65fb,2025,2024-12-18,14b85f13-07f7-4bd1-8f5f-32720dbe1c9e,f22ee0eb-5079-4c19-b46d-7d40e14d7636,12,1,25.45866721728902,0.9831423138274453
ecf23b3e-df6a-4d58-88e8-cbfeec8f72bf,2025,2024-12-18,22865798-3256-425e-8eb5-60e1edf9403f,c90512ea-4ed0-469e-a936-7935ade0caf0,-14,0,-8.967308100121537,0.176674803176479
f5828b1b-1113-4784-ab95-8bfb522f912a,2025,2024-12-18,f9261c55-02c0-49db-9993-f5d64a97b21e,c7345766-a5fd-40e1-9757-26d62af0b9af,5,1,3.3308300541115914,0.5772278284092706
fb723f50-430b-4eb0-badc-f8259a2417bc,2025,2024-12-18,08b7e4ad-da8b-487e-a809-741854d1008c,ad36d475-e577-4c2f-b8db-b2d47d1fab15,-14,0,-4.891551269095454,0.33511953331570654
fd785ca3-0ab1-4d73-aab1-159a43c88ba6,2025,2024-12-18,6dcee41c-8ef7-4afd-aa5e-6e7fa77886e0,325d11bf-595b-429a-8342-97fe68b1a3cc,29,1,32.60255396227418,0.9838908289921797
ff333790-e3bf-4f3b-a38a-f12d0c3cfaa5,2025,2024-12-18,eb0507e2-4c2c-4860-ba0c-7a0a815425fe,5b376c94-fc8d-4e0b-9977-1748d898ff24,41,1,35.3880799652845,0.9944287450327929
1636ccf7-135c-451a-8835-d38c89c4472f,2025,2024-12-19,19313cd7-ad44-47d9-a9ef-b9e0c7238466,8bbfa6f2-6178-4c2b-bf17-66fba7623c4e,23,1,24.61038403379716,0.9909442196990401
1836faae-7490-49ce-a0da-2c95bb188bb0,2025,2024-12-19,307416ce-030c-4156-8d62-1e2632e9e26c,5858896e-5e67-463c-a38c-c7431f157945,5,1,-1.5888104755617911,0.4298631552104714
1c6e06c0-a86d-44ac-8737-89e70948bcb9,2025,2024-12-19,40960630-05f9-471c-b4a6-0eea2cb6345d,483b9ce0-4c9d-43d0-979d-831c7298213f,36,1,32.52624155230431,0.9915913351624958
415c5951-3ec6-4334-a421-31bba28fedeb,2025,2024-12-19,64975048-1db2-4ded-ad28-05b8d8aa9c66,52aab06d-922e-4906-9dc7-3c0fe7d3e2c2,5,1,25.65145715156458,0.9804211898154359
597c7e39-86e9-47dd-93a2-fa4cf52658cd,2025,2024-12-19,c87682db-2ff7-4c63-9820-df6c8409d5b3,12d2dbd5-0799-448a-a49a-671c218c8bbd,2,1,-5.514364367575768,0.2980468289718517
5af73d15-5c66-4502-9367-4c3d3fbd9952,2025,2024-12-19,41e19184-6f6d-4838-b789-d8553db45753,19b01b27-3931-468b-a50c-6636aef39c7e,4,1,-0.40993588074342974,0.41430628356835986
5dc2acb3-a760-4e39-a562-62208fed49d2,2025,2024-12-19,ccaa9380-5136-4fd2-b639-f5f54936ac7d,b0ebd027-95a6-4e7b-abfd-c26d14470857,-6,0,-2.8999896016196716,0.39606014004912926
68547b3f-182f-4fb4-a14a-eaa90a4417ea,2025,2024-12-19,ab7c4477-bd9f-4098-989f-243e41356323,48f318bf-54e1-4e42-b6e9-47c3bdaf4fb8,1,1,-2.985706360238687,0.3770784350081431
72196780-7af4-4875-97b1-89fb92f83aca,2025,2024-12-19,2fe58a98-ca14-421d-83f6-aac80bab3780,4319d016-ec3c-434b-9398-c88b1bfab01e,13,1,-2.2307546429889866,0.5375360391494026
787b027e-cb9d-46ad-9669-64920f111d0f,2025,2024-12-19,52f17f8e-1af3-4d55-8323-0292fdf33297,8848c09f-0c71-4cbf-9d0a-84da72f6b649,17,1,5.2111247669041045,0.732717681817606
a2848e32-d3e7-455f-80f2-52a4ebc53808,2025,2024-12-19,5ea1ef3c-5f24-4989-854e-a24a9e31ac74,c878fb5c-c2e2-4f40-a5a0-f297cc0e51b8,37,1,19.22511143295853,0.9718265718667289
bc7bae31-c8d8-4592-904e-82ab95c15af7,2025,2024-12-19,6482154d-967c-4e24-af4e-6cdb9ef80e00,2866b25a-1e5a-42be-8763-ad87278ec1d9,17,1,12.1631305074529,0.9240491770224208
c7813de9-821c-442c-a474-a75556718d1f,2025,2024-12-19,c7e47abb-629e-4b69-8d41-c87333fbe6b4,f4598131-de83-4e8d-b7cf-dc008ccca8aa,-8,0,-3.9473035984720686,0.27821809487276494
ce21328b-7f49-4e99-99ba-5375623b05d3,2025,2024-12-19,c6cabd85-4834-4f62-94ab-57143286b512,3aedc020-716e-4a2c-a7f8-ab1abaf53d87,51,1,30.34600344314002,0.9881383286721732
d198700a-36ee-4f46-8c13-b82075f620ab,2025,2024-12-19,9007c268-37e0-4ab1-ac60-f9cdcb3a7a8f,6628afb6-e6fd-4d7f-be94-a19527da56fa,2,1,-1.6117036540733363,0.42319496687733765
e963cd30-f145-4eed-9f67-a61659e0eab3,2025,2024-12-19,35163246-626a-4e63-899d-7a3798e88277,a0bfc386-3dd9-4417-be3e-42f45cee6c22,-3,0,9.643443566789825,0.86071104002575
1c1d6b90-a78f-4ae1-99f0-55d0814cf41c,2025,2024-12-20,dbd1798b-2cf1-49c5-9f33-caefec39594e,2fe58a98-ca14-421d-83f6-aac80bab3780,-3,0,5.711441944153846,0.7263939948813718
28aef012-9895-4654-89eb-fe9467eba248,2025,2024-12-20,42833efc-4047-4751-b5dd-8f5c6d05e355,dc7ff97c-c617-4dcd-89fe-5e702fd03890,46,1,29.442650368744392,0.9903308922197032
3c0670d5-e9dd-41bb-a305-7604812c5a07,2025,2024-12-20,cd6bef67-d192-4740-b7be-731c52686c54,08e7a657-2b9a-4055-beee-621379cea4b7,-7,0,0.6382072034134847,0.6623236013597671
5291c17d-fdd7-49b7-a80b-9afb9694b397,2025,2024-12-20,6578af6a-edd4-4185-82fc-cdb933362d97,d52e191f-c4a5-43a8-b16a-1d87ecf7ce9d,-11,0,5.470388971711318,0.6722522212928782
5d16413a-8865-47c4-bddd-2c60cb80aaaf,2025,2024-12-20,62c787d1-5e5d-4e44-b6e8-1c208f874eba,cc4cdd9c-0563-41d0-bbb7-29b825db8e55,-2,0,-13.351691015937138,0.10007882922968614
60e0349d-aed9-40a9-8f91-bfd15efab693,2025,2024-12-20,0562b0a8-dbba-404d-9aa5-930ebe50c9b3,fe967dc0-fdb0-46b0-9629-0fd108949abe,32,1,24.68419494057855,0.9868343971805096
95503b72-c69f-4db1-a1c3-0cd3f2cdcccd,2025,2024-12-20,bc9cb402-a9b1-4644-acdd-ae7e0571be90,9123b907-3559-421d-be7d-7e238eb0c266,16,1,11.883755477757312,0.9268357452577809
9d49fb0e-93b1-4265-acc2-43c10e6bc800,2025,2024-12-20,d6a348c1-3237-43da-8690-d309d586a66e,17eb5319-07ae-4f0e-b1d2-8e828b07ed79,6,1,8.473853796507523,0.7809862467048372
9e9e2fd2-fd95-46e0-b249-3fd6d02c242d,2025,2024-12-20,e66c14f4-c6eb-48be-8caf-0deb5a03ec15,6cd07c06-66e5-421d-a8d3-84cd9833bce3,13,1,6.689152989571826,0.7850337427294123
a12fa0d7-f2b4-49b6-bb9a-848090c7e6d2,2025,2024-12-20,eb0507e2-4c2c-4860-ba0c-7a0a815425fe,cb86bdfe-2665-485f-9a44-846b23bdb2c3,4,1,14.566802549782379,0.9158674108535922
b24e6f5b-3e57-48cb-922d-4c1ab37d39ae,2025,2024-12-20,cc0e2cc0-da4b-4021-8739-c0e7e235467b,861b8733-b443-47d5-9c5e-f56373a8fb9c,-8,0,8.404913173679311,0.8006633854290236
be6685d1-634a-41fc-89fb-ca03ba0d74f0,2025,2024-12-20,e6431705-05f1-4df2-9721-8369a3a493dd,58d76bcb-6251-4be3-9fce-6e748e521d87,-15,0,-4.246444267548604,0.3446657428163563
d0ad5992-e7ad-4575-9bf1-be5f881a5a0a,2025,2024-12-20,cf3707e3-2f2a-44dc-8d7a-4d16b2fe78ee,a6dd499a-eb6b-4f8e-9094-d8eb96b3547a,16,1,5.220896928481648,0.7440276431625015
e5b22b80-f71d-448e-bd83-e293beef45c0,2025,2024-12-20,24cced85-1369-4dbe-8abf-92fb8d456618,a7689181-61c1-492f-83e6-a64bca6e04f9,-3,0,-3.322977597320698,0.3666712886277429
f63169ef-8102-43c8-9678-276dedc0d245,2025,2024-12-20,7bc45016-4549-4672-9453-69c2a81aa576,a870c009-c0ca-48e9-a456-1ea2b2b779ef,8,1,0.5132391330361948,0.48209680429232554
0791465a-88b7-4220-89ef-d3572de7f3ce,2025,2024-12-21,c59d7c9d-7fd0-4a58-bdba-7904baeb0abd,9a0196e9-6b45-40b9-b0d0-df6bb1c90dc7,-1,0,3.314437947093387,0.5758399235906334
1937bf4a-9578-45c9-9720-9b9632f6bd0b,2025,2024-12-21,0b297e0e-e039-449d-b07f-f8e1ae96e3db,77bcefa1-a18f-4280-a5c9-2d1573b78e0a,18,1,22.13524408612124,0.9861603992954879
19c16b0a-c34c-448f-a5ab-0f013c16cb49,2025,2024-12-21,17eb5319-07ae-4f0e-b1d2-8e828b07ed79,9123b907-3559-421d-be7d-7e238eb0c266,-18,0,-3.9518156541092035,0.2913818747804888
1a4e051e-0764-4d1b-98a2-d0ba0c8771ff,2025,2024-12-21,e383167f-2c53-465a-b2fe-0d6bd7c69b27,83384eea-0854-4284-a875-f47d9b0c31d8,3,1,7.710996103207558,0.7941181846282177
1aa21b04-af35-4e84-bd1d-794102eb44b5,2025,2024-12-21,b21fc872-90f0-43b9-a07f-97e7531c8898,48dab38d-2a0b-4201-94d9-c6ffaf736974,-26,0,-18.662682594816133,0.04897349066312518
1bfffd58-96a0-4d6e-ab81-2cd2b4178428,2025,2024-12-21,3e287cd2-e8fe-4612-a996-d02de5cd9fb2,9fb181a8-2807-4e27-9442-8e09de6c9575,-5,0,-3.2016937815151327,0.3242815220284984
1c1d71c2-492d-43fd-926d-3f22a2598c49,2025,2024-12-21,ac42cc2e-26ce-4ace-8d1f-28d21a1c77b2,a46fdb60-30d0-4807-a2b1-e29d8d7c22b2,14,1,17.037652009190317,0.9677682297771373
1c539c35-85ab-470b-9403-866ec3c12b41,2025,2024-12-21,741b4fec-9ede-4efa-a807-8c1679e962a6,af997d63-624d-40db-bffd-18de780e2f59,22,1,5.876115577240126,0.8197045325891082
1d4764b0-29cd-42e8-91a9-b7a7029c5484,2025,2024-12-21,78d97761-b499-435e-9097-b9d553f3ee67,185c12ee-a2a7-4588-84f2-4b4b270a75a6,4,1,11.990348709250668,0.9051605405373652
1fe58b95-1e59-497c-a9e6-871299cb9fb7,2025,2024-12-21,a564f5c9-0e8d-44c8-a75d-b3b355370dbf,391f303d-08c5-44cc-83c6-60595fc71068,11,1,12.977134499556698,0.8926544485342554
242429cb-994f-4416-939d-b9e31c567200,2025,2024-12-21,cb8412bc-37cc-43bd-b58b-a5e5956df339,be9af39b-8a19-4b9d-89a3-bc6dd35defa3,-7,0,-8.323607802156701,0.19607174862973556
246a3cc0-4eeb-4b50-9353-cd38208d494c,2025,2024-12-21,ab5be1d8-ac8b-4c5c-8e26-320585a8bdef,593820ae-e46e-43a0-a5b3-904904eb9cef,32,1,13.217303236622772,0.9454771542013198
26307a34-ccb4-423b-9454-acf6a19efdb5,2025,2024-12-21,88c5646c-b1a9-42f6-999b-56d8198e37ea,8860a6b6-e60d-437e-afc3-b42e8cab8d79,11,1,-0.33460025200413696,0.4104875213807947
28629646-7721-41de-b475-386bc71cc02f,2025,2024-12-21,f1e9470d-a3c7-4ef1-8583-6bb917490ac3,e4054827-709d-47e3-8f27-86b76b8f17d6,-8,0,3.16515309691515,0.576974863351702
2969dda6-c743-4ef2-a56b-4cbd7df8ecd6,2025,2024-12-21,195318b0-fa80-45e8-96b2-e83346e70a64,d894373b-dca9-4d1f-a9c9-a123f8c1b600,23,1,18.906431765699075,0.9711455435974752
31d38b6a-f687-4b62-b12b-6cc64ae83bb8,2025,2024-12-21,67503cd7-a244-4820-afaa-485db8ea877a,b31c989d-1667-4be6-8a91-193cda486b3f,30,1,22.535535511651503,0.9808879813961108
329ade41-be0d-4af6-8220-87f5d82870b2,2025,2024-12-21,6dcee41c-8ef7-4afd-aa5e-6e7fa77886e0,b0e26736-fae2-4d59-85cd-4b5243f23c8e,36,1,27.84602832965533,0.9902863437863821
32c40acc-edca-4b62-b86b-4cc06049e573,2025,2024-12-21,9ba0c75f-bad2-428f-9038-d695c2385098,f5ed0adc-4078-47c4-aba0-3dd2de221774,-1,0,-5.010220918116286,0.31955776165302335
37ee8e4d-6cb4-44cf-a4dc-3d9e7f773e0a,2025,2024-12-21,a79a95b3-2101-4649-8f36-782b24edba79,c4972de1-bfaa-4820-893c-10adf1095f0a,4,1,2.769733884294234,0.6019370011277445
39e0251b-bf5d-4c33-8b43-ffc7ea87c16d,2025,2024-12-21,6ba99b19-8a61-49da-9325-3e04939d3d5f,46a5f9e6-fe34-4ea4-867d-ba4e31297465,26,1,5.68525128666745,0.7064202139553574
3a3f173a-1f39-464b-81d5-148bf8f8b025,2025,2024-12-21,d915e7c4-a333-4d6f-9c21-5904d58e75bd,8a391aff-89a4-4586-9d57-71299178703c,-16,0,-11.588726821178218,0.13495367681055903
3bbb4eb2-5558-451b-8283-e5e826d6fd06,2025,2024-12-21,351b4e0d-ecfa-4f26-963a-5d1e8b281052,9df3af06-d207-48e8-a010-41797b070072,18,1,3.4110962022393885,0.6525686038365203
3c23f929-0cb2-45f0-8a2a-5c5779b90cde,2025,2024-12-21,6bc97d46-dcb6-4437-a79f-2d351169817d,37d0bfe1-4a78-4810-9371-3268e54026d2,28,1,7.2549793852800954,0.7757758338913214
3d62bfa8-f673-4df4-9aed-c64a77eacb40,2025,2024-12-21,ccaa9380-5136-4fd2-b639-f5f54936ac7d,9ba3c8fb-1162-47a1-873e-6cf11475a094,6,1,2.0972584610666707,0.5838476348792361
3ee91f65-fd33-49f4-a23d-eaacabfc6821,2025,2024-12-21,d75e1814-b8c9-4246-b06c-afe60d661528,85708ae1-7d66-437a-9d70-bcb680bdfa86,4,1,4.288792075690501,0.6625135253751044
3f708f23-c553-41f7-870d-9355c977d5b8,2025,2024-12-21,88ae8bb6-fbd8-444d-8d22-f485d82d2e67,02073ad7-1bb6-47dd-a1fb-fae5e0bc2ed7,-8,0,-10.547820871301223,0.18853356292680007
430f1ef0-a382-44ff-89e9-d8fe29fd86d5,2025,2024-12-21,0eb90dc3-2a1e-43d8-80ac-bab6d917f78a,f9261c55-02c0-49db-9993-f5d64a97b21e,-4,0,-5.689183561995333,0.28617463598312015
436b95cd-d1b2-4497-baa7-d5dece641ec3,2025,2024-12-21,a1594c03-e784-493e-8435-66f585997595,5c6768d4-83c5-4e23-aafc-55ac70126454,17,1,19.58827118749577,0.9707083821082407
4588ff2b-aeda-412f-b995-5bb9b2a1396e,2025,2024-12-21,ab7c4477-bd9f-4098-989f-243e41356323,12d2dbd5-0799-448a-a49a-671c218c8bbd,6,1,-5.572751867012588,0.24975345714076216
4a6000e2-9ab1-4f7e-9e40-bc6c8587d384,2025,2024-12-21,51d48e8a-41da-4087-b00f-c65fc8fc1ce7,e1c5e9f4-197f-4a7b-b871-bdf72ca0cf3a,2,1,-4.636739920727919,0.30624467591218524
4bdcb2f8-4db0-42ea-926a-9c5ce50c7d70,2025,2024-12-21,27bf19a7-be0b-4fa0-8dac-8d9b7df5f363,0f0ea376-1ea4-4b1f-9a4f-e7301a0318a4,7,1,4.788740876018077,0.726980870836034
4c6cc099-468c-43f9-a542-de3ab700506a,2025,2024-12-21,1799ef2d-85d7-4ba9-8048-33b1956ab3db,2fa161f0-e26c-49a0-8eb0-b2810c4d4845,20,1,9.833389766421716,0.8447073826391258
4ca50b18-382d-4f2b-aeb5-9f81779b166b,2025,2024-12-21,a5ebc512-a148-4140-b60c-147132b3097c,851d8a88-2edc-45bf-b180-7b6c1744f5fe,20,1,15.055149595524044,0.9196291343494633
525e5bc2-e134-40a4-844d-2705f70c0452,2025,2024-12-21,33efd80d-8446-4d83-97fc-e864b132a0c8,6a154b5a-b7dc-4299-86a1-c9ecd354b8c2,-1,0,11.258102561579802,0.8907981524855704
538caa97-b8c2-4d39-9c9e-29218f769d28,2025,2024-12-21,3dd34e3a-6cf5-419c-8042-503af5d36e7e,7532f347-4701-4460-abfa-98034c2ce687,10,1,29.232940800268064,0.9922400815623086
562863df-a9cd-4bd4-ad0b-b76dcfbd7b9d,2025,2024-12-21,3bc11d41-6e7a-4932-b0d5-e15a8f310406,ad36d475-e577-4c2f-b8db-b2d47d1fab15,-5,0,2.6041674213504336,0.6638078068983606
58fb1cb9-b624-4134-b431-c23129647335,2025,2024-12-21,61ce5009-1768-42aa-b377-fd95cefd07af,b67edcbb-77d5-4a29-aa67-e1733b9a001a,12,1,3.1725620918985107,0.6151737053852481
5a081849-8590-4930-bb13-313fa4218c12,2025,2024-12-21,75628733-1eec-40f9-a6cf-07501979c4b3,c514a4b8-22c2-44f6-a118-250ae80751b0,4,1,-0.9800410646492868,0.4561990975083578
5cb0ac00-8c43-4c4d-8c9d-4c616fd30e60,2025,2024-12-21,35163246-626a-4e63-899d-7a3798e88277,bb02a3be-6beb-4745-b200-3a49f5224f0e,39,1,8.191327850441569,0.7557281076456356
657ee3ef-1ae0-443c-8ca1-dc72aa196f26,2025,2024-12-21,bfd9aeef-b698-4868-8a44-436dd23e4ae1,f0489380-9e3d-4613-ab85-fc32d9368997,7,1,-0.4822127291770211,0.4314332131246946
6a9256a5-5a8f-464d-aee0-669996c0ff8f,2025,2024-12-21,e732f6ff-8488-4df9-8756-f1cbcec88e33,7732f0ad-152b-481b-be13-de99facad3ed,-6,0,-14.698721632986734,0.07116268172118106
6d23f8cd-271a-4d6f-a055-7a39228155a1,2025,2024-12-21,2c1fdbd4-c0c7-4750-b829-f7a6b7bc5710,9b729374-1ae8-46e9-bfe6-2348cf00056a,6,1,8.70919305643547,0.9000980508615556
6d79890f-9ab0-4e07-8a08-e24bc0f23c9a,2025,2024-12-21,fa6de946-411a-41ad-8bfa-6526c949108c,ba18e6aa-cbe6-493b-b91d-b0c8d4e8b0fa,13,1,15.195545735374958,0.9211828439467354
6e31aef2-d55e-4e08-9811-a22d12d16735,2025,2024-12-21,2a57c531-b461-42be-bbd4-b080f188a160,416d2dd1-15bd-48e9-82e6-9277c0ab829c,9,1,11.788384529018739,0.909455323945305
70446975-8cf6-4342-b7ff-a2a6b28374a5,2025,2024-12-21,c333af2f-2819-4e30-8541-dbb64eb01cbd,2389c341-a290-43f4-b0e8-08ee6a15c14c,4,1,3.2642249179784026,0.693132039246605
72c5395b-724f-47a7-ad7c-01c6b5768261,2025,2024-12-21,8bdfa757-6fe1-4ee1-a1c5-279e7f35fa1e,c9bad532-d6c4-4187-8958-37ef239495a4,-26,0,-4.998329334270627,0.28337068392556203
74c4decd-c692-42a1-81f6-09fa31b06222,2025,2024-12-21,62d54283-52d6-4daf-901e-b6ae1bdf29c0,ba8ae2ef-827b-47e0-bcec-bf76fe44e37b,-14,0,-6.667602840257677,0.22308891282305776
75894bc6-631a-4251-8daf-cf146151f392,2025,2024-12-21,308dd2dd-d731-4927-9bf5-e8aad5900158,e20e16ce-0f28-40e0-afe1-5492395d5e53,-11,0,-6.523107610892149,0.18979815048773346
76e4893b-36cd-4bdc-b221-4f75dbbc56e8,2025,2024-12-21,f9a35e93-6a9b-427a-8901-d74cf3f23676,7f0a740b-2a56-4bec-87c8-7bf2baf05d58,20,1,-5.023851821957308,0.2859438792877246
78a59a68-55dc-4c14-9b59-4bad2d638fa7,2025,2024-12-21,6fd295ef-9c37-4478-af91-536cbf316358,c90512ea-4ed0-469e-a936-7935ade0caf0,-2,0,-8.161901236383216,0.18912256846757897
7d550bfd-a579-463c-ab0d-025317970b76,2025,2024-12-21,dd8a7533-5e77-4aee-99d0-4c56a7ff74a7,60adcfeb-0ca6-456b-b51b-d8d3a324c55d,21,1,26.466210569522417,0.9876271656854249
852c6f15-77a6-4b53-91cd-976e388383a0,2025,2024-12-21,000d55e3-3608-43be-aebb-6926cbe6b7b5,88e83e71-3235-4c21-85a8-da368f34e5fd,5,1,13.651302011782589,0.8999730526608897
87997c76-1703-447e-bf06-d425049faf29,2025,2024-12-21,7e01ae0c-d2c7-4d9c-beea-2da953b4c037,7a78a9a6-0d5b-4fae-8fb4-98bc816ed903,18,1,25.48375505373883,0.9844784829396938
8fec2a75-059c-4828-a125-0b8de29c6475,2025,2024-12-21,06f12e7c-35a4-46e1-a2ed-0cacb16f9b68,f4598131-de83-4e8d-b7cf-dc008ccca8aa,16,1,-4.367248814596775,0.2643600821907226
90d70b1f-4eef-49bf-9810-a3cb2f762ed6,2025,2024-12-21,6b776d4e-7c15-4c08-b195-ddf7052c762c,5717b8ad-bb6c-432d-b223-01a330a59686,30,1,26.51790084470786,0.9899041043782525
939630ca-d0e5-4914-b330-31684f9a59fc,2025,2024-12-21,2e0b49d9-a257-42a3-955c-b0b0af5a12db,daea7f8b-7386-4fa6-8921-870a3e848b4a,8,1,-7.176529844646197,0.23225563334084817
96fb92f6-77e0-4b9c-a9cd-1d08748aeac5,2025,2024-12-21,91e8763b-21ee-4929-ab39-6a46d1d62e33,b704622d-2904-4237-b9a0-a9865096fefd,30,1,6.709230308818397,0.8237749556541575
98337f11-61b9-44bc-a8cd-23b1c03f0448,2025,2024-12-21,9e98a2ca-2d40-440b-b4d9-906cd168c9d7,81ce1538-893e-4f62-9812-5468866f484e,-11,0,-1.8113431612222417,0.42924967427345356
9a6067be-33ca-4190-b96d-9a5cc3dda9f6,2025,2024-12-21,0f0aab5c-26db-447a-b6b5-a264da5b140a,4a976ca8-f51c-487c-ba87-dae41ddaee24,-8,0,3.8171444311185736,0.6471252314660968
9c5723fa-8f08-4cad-bb25-bba43daede2c,2025,2024-12-21,75d1bc49-ce2b-4e7f-82f2-26e690f29375,07b4923a-16cd-4490-8ae5-d61599212ab1,7,1,6.115857056468726,0.7379200002870827
9e27c124-a117-46d1-af34-24efe740c273,2025,2024-12-21,31a5142f-21b1-4d3a-87fa-d39f7746b7a8,eb7098ac-5154-42da-b703-d3b3958b198c,-2,0,1.0935691692628098,0.5579297162235692
a1a8bda6-cb54-493a-9a50-495818323b72,2025,2024-12-21,5a320db8-a83e-4f46-9418-25176d12a65f,f3885a3b-f43d-45ee-96e1-f650af90dc9c,54,1,32.46354004577807,0.990305276355191
a29c3df8-2ba0-4427-804f-3829acbca8d7,2025,2024-12-21,3ed32cdb-d2a0-473e-9db0-fd63aaf9013b,031d384c-ac9d-469a-985f-3214f2b9972b,4,1,1.8153005965594593,0.6190045816533158
a31b1400-5a0c-44bc-9fa1-3417a6bd6c99,2025,2024-12-21,821de2da-b464-49f2-aeb1-293e7aedd6de,75dd9179-8700-4b34-aeaf-2cf608aec25a,-25,0,-9.06363694544683,0.21375852497064854
a91d1573-67b5-41e2-80c2-940eaf116b0f,2025,2024-12-21,05005d1e-02c0-46c0-8b4d-19dc825698c0,5c86ee1e-ee35-4d51-bc08-bbca68bc90f1,20,1,11.776494408024783,0.9425371793609837
aaf372f2-b764-43fe-b9b0-f1f005ab04ba,2025,2024-12-21,cabaff64-a388-4861-9374-977555d19efb,46f85354-63b8-4744-8b13-341ea0a30c2a,-21,0,-7.001865651484176,0.21775420683949095
acdb29a1-bc14-4f88-8858-942854c5bf15,2025,2024-12-21,a2f3412c-1391-45d6-9516-eeef28f38cff,0a4ebb69-d8f5-4c7e-a7bf-b7ce3968f57a,10,1,5.255519223682222,0.7220247743065717
b212ab29-f339-44f8-8d43-f2de51431225,2025,2024-12-21,d6a348c1-3237-43da-8690-d309d586a66e,bc9cb402-a9b1-4644-acdd-ae7e0571be90,1,1,-6.541856333995977,0.26755935471105335
b6cf2195-fb18-47c5-8c52-938f3b8dfb94,2025,2024-12-21,c87682db-2ff7-4c63-9820-df6c8409d5b3,48f318bf-54e1-4e42-b6e9-47c3bdaf4fb8,-31,0,-4.961566574503245,0.3641659230525194
b9e3ab28-a310-4eee-b1d9-38fa0dc21223,2025,2024-12-21,469778d6-39b3-4cd1-8bf4-f40903d78c5d,17ba9bad-9d46-41c6-9781-6a1e204da7b0,20,1,14.871090183686592,0.9107232514054739
ba55c60c-6bc7-455d-bd77-c23aabc90bbc,2025,2024-12-21,50ac73d5-f2f3-4160-add7-d0993eec32cf,c9942b49-0bf7-4dda-bc78-bf2e3b174055,13,1,7.3456104903695385,0.7923971828270804
bc79ba10-6190-4e28-bcd9-319269828b43,2025,2024-12-21,571d2904-70d9-4de6-abfb-1d716ba43f0b,a67d2a73-fb71-42b8-97b7-9b72a49efc06,19,1,-7.067357316114044,0.2195780861130464
bd380b8b-0c85-494f-9399-d9a729e9468b,2025,2024-12-21,c7345766-a5fd-40e1-9757-26d62af0b9af,db5b4ba8-4030-4125-845c-337b3ed300b4,-2,0,-2.272191453007208,0.39505597322050606
c1ee6690-71e4-465f-9a5b-2d2131afe862,2025,2024-12-21,7d5a75d9-3168-47d2-92b5-e680e056b479,5b376c94-fc8d-4e0b-9977-1748d898ff24,45,1,33.08930819378071,0.9942325882218315
c8eefaa1-b661-45a7-92c4-1bee2dce548a,2025,2024-12-21,f239ac13-f7a1-4acf-90a5-3cf4c6fd3355,ad46d3d3-a8b8-45c5-a46d-913240ae2832,53,1,29.784951449044385,0.9883776125612685
ca428596-e5ce-4821-bce1-57e3c8145efd,2025,2024-12-21,17900399-e4eb-42bb-81ed-06f5be1309b7,58fdb1cf-11b4-437d-a338-e497be161811,-14,0,-3.1710069609055314,0.2918397376433739
cebe8804-a6ae-478a-ab9c-cb87cd13891d,2025,2024-12-21,7cf9cb31-3bfd-486a-90fa-8fa6f3bb44a1,4b7b8cc0-eb4b-40bd-a9b7-958fbe20894d,-7,0,-16.13976060945753,0.06261340766190232
d08ddf26-d28c-4549-8a03-9b56b3c14858,2025,2024-12-21,1f8df44b-d154-4a8f-8c48-32b36db0cd06,3be5fa30-2fd3-4af3-bfc0-39db2dcb523e,6,1,-2.7327359382710092,0.39603971099250784
d3918290-c267-409e-a74e-d03d4fa21aac,2025,2024-12-21,70746950-a861-447f-a9ba-f53e329c27c1,6f9a1a81-2dbf-490a-ba3c-8f8fadddd9d4,-23,0,0.7962773027094545,0.5320560928013472
d40e7e09-8f55-419c-9adb-bc36e23d0e90,2025,2024-12-21,c504f52c-c325-424d-ae65-da37bf8e5820,561ee565-69fc-4571-95fe-32ac563e53f0,37,1,1.174898842956,0.5489696766713531
d43c4196-0566-49d2-8334-bf949c0e2b0d,2025,2024-12-21,de0352b5-4ae9-49af-a027-b0dc86a005da,76eb53c2-0367-4d59-b619-799a7aea658b,-13,0,-1.563508735808929,0.4936105368212763
d4d61d20-a42b-4873-852c-5a8fdc97b654,2025,2024-12-21,8d515064-54c5-4eeb-a095-ad7ac6839d0c,144de2cb-963b-480b-84b4-10b39d4562ef,27,1,14.101900883963935,0.937354531903926
d54ab4c3-78a3-4945-9bf2-c7ef6ad7dbb1,2025,2024-12-21,628efcd7-4ae6-4bba-9542-11e108d22d8d,2dbbcf87-baa5-4154-8071-c62e522990c6,7,1,10.213863882785642,0.913611537966692
dbb0924c-7d8c-4aa9-bdcf-0bbc66096a81,2025,2024-12-21,f02fe504-2b2e-4ed7-b9c5-4c7e6e224682,8bbfa6f2-6178-4c2b-bf17-66fba7623c4e,24,1,21.47968720819049,0.9854918834066596
dbf495a6-be68-43a4-b2c5-d7ded3058b28,2025,2024-12-21,6f7ff858-33b4-4d3b-b960-8a750dbe33a1,8deb21ba-48b8-491c-89ab-0b360062d211,24,1,1.9117312791938808,0.6827233962957578
dbfc81db-c7d2-4d9f-8b38-b48c596c79b3,2025,2024-12-21,a7fd1d4d-445e-4899-9731-00f7bff74284,223e59ef-679d-450c-a409-d6ff2a5b5cc5,-5,0,9.167955808349877,0.8715880600979663
df31d770-f89c-4d4d-8b83-02821a038d2f,2025,2024-12-21,fa3cb393-e306-4365-b4c3-b3f62a5027d3,5858896e-5e67-463c-a38c-c7431f157945,17,1,23.57073775861668,0.9838433422617741
e0d4172a-2f72-41f0-a21e-f645abf71ff5,2025,2024-12-21,78926156-3797-4ad3-aa39-fff13a311d02,8fdfa7ed-88da-45ac-9520-9a9e9fbe2586,11,1,11.886525596765372,0.8866491422645658
e0f10980-a481-425b-92a1-791b27c93638,2025,2024-12-21,a00214a0-9c1b-4018-a085-500dbd55fb17,c4101885-e600-4596-80ff-bc637c56221d,-2,0,-4.648803819835108,0.3081955862485518
ea8ee57f-6086-4ea7-9f45-ca4ab62c6ca9,2025,2024-12-21,9c04a238-121e-47ea-a3bb-436957b78a8b,fb109583-87bb-40c1-a02d-7d40bcd7c52a,14,1,9.402736139421942,0.8118058688334779
eedc9d01-99fa-4b5e-9646-aa781a348593,2025,2024-12-21,47b99bcc-2f9a-41d7-8d7c-3f9e93809210,ae911605-551a-46eb-aef9-06f9a60479c9,13,1,10.793103314869951,0.8744865623607133
f0314503-3ef2-4b00-8c62-eb5425f68588,2025,2024-12-21,d756733f-2d8f-4ed6-8b7f-dc7804a270af,17e47b02-02b2-4bbb-a838-a4695fbc099b,-15,0,-7.273059902665358,0.2534193289897878
f2b6318a-ab3f-4f5c-b893-006bc697ee19,2025,2024-12-21,69642ef6-85e9-4dfe-ab65-4cca6a1688d4,b9840fe4-f776-405a-8b8d-3c388de0792b,-4,0,4.406837908633617,0.6390927849577264
f2cccc68-a0e4-4fea-97f8-b31fca550e4b,2025,2024-12-21,7c82650d-eccf-476a-b85d-69a73b6b7f8b,8e9b7d4d-1baa-4d3d-bb10-8950f4133b30,-17,0,-5.994840260815111,0.3435854426526481
f5458944-122a-4ca5-b5c2-0366e7d0d423,2025,2024-12-21,ed973a10-a469-4337-9742-eed664c61168,bd53017b-0998-4291-a0d1-1c9f45306402,-13,0,-6.901038022101172,0.23127432336034962
fa802529-5354-4bc3-9879-affb4a8c121a,2025,2024-12-21,02361e70-3d89-4b56-8d25-73ea2ee389ef,17dd690c-8f33-4c2e-94ef-326bf0628517,44,1,19.627986058658276,0.9850427226251468
fc3039a3-0b64-4c3a-b788-dc778008cae1,2025,2024-12-21,36b120f2-51ac-4dec-94ea-549d266507b5,52414cfe-b45b-4eab-a88b-e509aa446dfb,-8,0,-2.871213767257525,0.4003569923874286
fc615511-a979-4500-985f-85d0652f7040,2025,2024-12-21,700f42bb-65b8-4e08-bfdf-8dba2e0bd260,f22ee0eb-5079-4c19-b46d-7d40e14d7636,33,1,29.56048705661349,0.9899799576208879
fe28f1a6-39f1-449f-bf38-de4a4b570c66,2025,2024-12-21,935d92c1-aca9-4b21-9e0d-b6c396fb067c,c62c317e-e0ab-4b1b-a6b9-878965985154,19,1,17.98514993369893,0.9717300211080605
ffaa1be0-1c40-403f-96c2-1e77063d4b22,2025,2024-12-21,ddb253d9-6526-4c32-a7a2-4462d6abe45c,c878fb5c-c2e2-4f40-a5a0-f297cc0e51b8,24,1,29.050796653234226,0.9873830162735208
0614a565-ba31-417f-ae60-d6df8dd8d1b8,2025,2024-12-22,e51388ec-8e0a-4c32-a70c-4890e3e61d3a,79c6b473-0e11-4c2b-aa4c-8523cc9afa48,17,1,21.6861800729421,0.981405290066424
0737c619-a766-4fab-8de4-46b6d52b2c77,2025,2024-12-22,231d7720-fba0-4331-b1da-8412227395f7,5896c71f-aaee-4983-9da1-2e953c561786,-6,0,-2.6318621350961413,0.31801040224017996
0b924239-7252-4d9a-baee-77cceea099ec,2025,2024-12-22,3027d417-64d5-4892-a6c3-c77edfaff436,abb24ec9-06c7-4ac8-a0a7-299760b256d3,34,1,22.260146625794423,0.9804980376341362
1995fccd-83d5-4c3e-baa0-f966428e32f0,2025,2024-12-22,42a1b5ec-9263-4e7a-8f55-df64f85505e6,9f7dac5e-38e1-4e63-9e50-e6b0d822fddf,18,1,19.596698392379334,0.9486472560351354
2339d282-4a70-4bfe-b813-8e44fa18e144,2025,2024-12-22,d9fdf72a-562e-4e19-ba2f-faa3de20ace5,5d66e35c-66aa-44ac-b72b-33066edb3e20,21,1,27.626410485649497,0.988810576744159
23bf28aa-e5d5-4275-87cf-59af4630b7f1,2025,2024-12-22,705e808f-a589-4af4-8baa-45ce5b2e969e,5ea1ef3c-5f24-4989-854e-a24a9e31ac74,-4,0,-5.182518170386022,0.25146613563178793
2829d569-9004-4b5a-9672-e88b7a04f541,2025,2024-12-22,82d0fc94-2404-4659-9764-1b8186e037b7,d1dca835-9ba3-4f00-89e0-533fcfd2b27f,17,1,1.8593889891187854,0.4877953595931891
2ec4ee20-44b1-4f18-b755-0da6d595fc7c,2025,2024-12-22,eb0507e2-4c2c-4860-ba0c-7a0a815425fe,fe967dc0-fdb0-46b0-9629-0fd108949abe,16,1,18.845711799175696,0.9398874058831491
2f8339dc-e2fc-42fc-963f-9f7762d598a9,2025,2024-12-22,19313cd7-ad44-47d9-a9ef-b9e0c7238466,3c9cd500-c6f0-4eca-b722-405eefd74003,1,1,5.19666704303412,0.663981526749795
30838683-8bfc-40c3-a6e5-fcddf57fc700,2025,2024-12-22,fa9fae48-c4f0-419f-97d7-5e2ba9d47858,5d005d94-2060-493e-af42-31885c78962f,-3,0,4.317524694340594,0.7039466388527377
3a1c1140-0af4-47c5-bda5-4b6dc4addc29,2025,2024-12-22,f829b41d-4185-4fb9-98e0-bd7bd9b6bd7d,e6a72d83-0126-42a5-b202-cd710e233fef,23,1,28.22247145124015,0.9862061766846258
49267fe3-da87-4529-a52c-b4f5590a9c97,2025,2024-12-22,07c201cc-5a34-4a3b-9fc9-bae4c20b7c9f,3a2cf934-5d3b-4406-a458-0c76b7b9d65a,-9,0,-5.405177799872673,0.2709670021983963
4d7a16f8-a0f5-48c5-ac0b-f0eea548b105,2025,2024-12-22,c6cabd85-4834-4f62-94ab-57143286b512,2866b25a-1e5a-42be-8763-ad87278ec1d9,16,1,27.168928925397893,0.9902833643204804
5152b8ea-c07d-4d59-8685-86b99e8daba6,2025,2024-12-22,63da3cbd-f74e-4ba0-8273-8bca25a54f73,d8e2daca-6b8a-4f31-93d4-8cf6dd93fda7,5,1,8.38651529402937,0.8548603303891141
55091c1d-c987-434b-a5d8-c780ddb0a3e8,2025,2024-12-22,08e7a657-2b9a-4055-beee-621379cea4b7,4319d016-ec3c-434b-9398-c88b1bfab01e,35,1,23.844287416206626,0.9895000312963289
59f35ad5-68b8-42ea-86a7-e7e7838afb15,2025,2024-12-22,8226bdf0-6c2b-4e2b-841d-e2a01a5e5145,ce88cc81-96d4-48c0-ad06-ee0c2d3d7663,-17,0,-10.776178415927319,0.14413731148569017
5aa15b1a-f48d-4e2f-8af1-9376598f632d,2025,2024-12-22,641dc594-03c5-4ae6-8564-0ccb3c8edc77,b6c7c93e-bdd7-4df7-b73a-c1fbe953199d,-3,0,-1.337522176626854,0.5681778402732427
5b2e7eed-ff39-421b-af26-0a3efc9b1127,2025,2024-12-22,6e056aa7-1906-4546-b6db-5910356fee72,5320a4de-9279-4990-9ee8-6638339220e0,31,1,18.601818671042462,0.9458386140097055
64b65089-410c-4a73-8ec4-8d69417ed33e,2025,2024-12-22,68a583e2-b11a-4a35-b102-095903fabdd8,02ee8976-6844-4a27-9f72-aca9acf8f5d0,-8,0,-13.358702853434199,0.06366412503962635
67ece146-c199-45ce-8727-cd8201244a7d,2025,2024-12-22,d26d7563-983a-4b9f-bf04-fa2777e0beb0,6cd07c06-66e5-421d-a8d3-84cd9833bce3,26,1,15.999295030943788,0.9328768931152477
686fc3b4-5a5c-4ea5-bf6e-2917d9738d38,2025,2024-12-22,bf32f747-5e9d-417d-890c-89407933c4c6,b58599cb-bbcd-41e0-9746-6ce1ed5597d3,-10,0,5.697707915552966,0.7209356889374807
6b69945d-3e51-4462-a662-8b4d2e6dccab,2025,2024-12-22,2de57d84-8b9d-4def-9a66-315270ea5d18,ff488f80-9f05-43ba-b8dc-d7693b84c0ea,23,1,25.674464978051784,0.9929183119143458
7b791f48-3e4d-403b-9076-96a8849c9111,2025,2024-12-22,a2a4c8c1-e611-4717-92f2-fccc9217a883,d2d39132-b6f8-4e0d-96d2-4e89419550fa,20,1,21.784068719816172,0.9824792741070449
83d7ed7f-053d-4e2e-bdb8-afad34a503b0,2025,2024-12-22,cf3707e3-2f2a-44dc-8d7a-4d16b2fe78ee,6482154d-967c-4e24-af4e-6cdb9ef80e00,16,1,1.0489103236177422,0.4815357983806519
9d7d4565-f935-4fe0-a6f9-27c83a68757a,2025,2024-12-22,41ff62eb-8cb9-4e63-9c2f-50989d3e65c1,483b9ce0-4c9d-43d0-979d-831c7298213f,16,1,28.69215288949955,0.9906689321176517
a0b63cf4-5922-4e51-97ae-eed0446358d6,2025,2024-12-22,03e9598c-4271-4840-ae88-7c7c36f2b10e,46671d80-ebfc-4f9a-8eae-19249794115f,26,1,11.388843334237377,0.8954143507966317
ae0c0238-22f8-43d6-aa81-a4afba021dc0,2025,2024-12-22,64975048-1db2-4ded-ad28-05b8d8aa9c66,0420bfac-8b45-41ad-b228-89893a037d4a,-7,0,9.980518294217163,0.8416639020380955
b254e6fa-8e86-450b-9a5a-f8b182bc87f8,2025,2024-12-22,397b5601-d70b-43a8-b259-1a752c68bb1f,bf7cd127-c979-4181-8f7b-356415e2c15a,27,1,22.10936738690263,0.9862197051321439
b80c635b-f30f-40f2-8064-91e118d0d282,2025,2024-12-22,b8772a3e-c4fb-4396-8eb8-b30c8a36abb7,de50cb63-b08e-4760-ad25-62eceb6c4120,12,1,-0.7237901603764203,0.47587960301588383
c2b18552-b114-43b7-9416-609c891c4878,2025,2024-12-22,c75216c6-4563-402a-b8d6-b8434793ea38,0485ce67-c9b0-4725-be73-d3185a14e575,12,1,18.126084263835605,0.9623721207393205
c40e933b-36ba-4a7a-b126-216aa1426e42,2025,2024-12-22,1835c2ee-1e17-4d18-9ab8-a1bb3678b947,b04e184a-6805-475b-95bd-7e19d2fe95c9,18,1,12.340148650169466,0.91614106862275
c4471eb3-3bac-4523-aacd-99132cc192c8,2025,2024-12-22,be595032-d4ed-4bea-95de-22a18feb02c7,a6dd499a-eb6b-4f8e-9094-d8eb96b3547a,31,1,16.022496451238265,0.962697136545254
cbeb0ebe-4b7c-4280-8661-89e7791782d2,2025,2024-12-22,8848c09f-0c71-4cbf-9d0a-84da72f6b649,14b85f13-07f7-4bd1-8f5f-32720dbe1c9e,1,1,-6.887072332009619,0.2020605079457824
cc324d8c-0ba6-4dc9-93fa-2376d47630b6,2025,2024-12-22,12ae7230-4fab-42c4-a7d7-88e118290c3e,14a1f904-5f97-4e98-885e-5d6c4f102ea6,5,1,4.669724277489285,0.6788469497174079
cddd13cc-697b-4872-8c3d-1752d30fa0d2,2025,2024-12-22,69293aea-705f-44e4-81db-36e52bcb1813,e66c14f4-c6eb-48be-8caf-0deb5a03ec15,32,1,14.651021836958654,0.9582699589581536
d9cac20c-1e54-4f65-bc55-0a9dfaaf27f3,2025,2024-12-22,31a68979-4cbf-4e59-be9e-82043f581ff6,bbd86984-093a-4854-845d-01d65716f8fa,34,1,13.94336640060781,0.933903492733635
ddf5e000-3c30-417c-9111-3314cbc8ccf8,2025,2024-12-22,8daceea0-e7c6-443f-9452-f56f9faa56de,1b9c388c-a2e4-42dd-9e21-4841ed46cf4d,7,1,7.218988621743896,0.7976032316586738
e0c6b796-386a-4037-bd68-b0eec7721428,2025,2024-12-22,f8ed9667-67c8-4fc7-a946-d81c4cbe8fed,5f1bdada-9e34-442e-b575-0b6a9114f1ae,-1,0,-5.560433014892813,0.2613956279416192
f3585979-bde1-4bc7-928d-ea8f9b3c6655,2025,2024-12-22,43624e99-f362-48c4-b203-9af174b24be3,9c2f288e-9523-4b69-ae64-ab0876fec6a4,29,1,26.105968124111083,0.990528826997262
f813d7b7-5cdb-4a62-8413-fc7059126a48,2025,2024-12-22,f2fcffd8-915c-4fdb-a632-8b5b621bc999,d8940484-2c3e-4ae3-b77c-e5e00f048ec7,27,1,32.444834954671165,0.9917604367662314
2ac07138-0b79-4fa7-9bd5-250d73561b50,2025,2024-12-23,8848c09f-0c71-4cbf-9d0a-84da72f6b649,3a2cf934-5d3b-4406-a458-0c76b7b9d65a,-6,0,-7.193722842807459,0.17780187000064906
4db7350b-8f64-4022-b03e-ccab50b1b3e6,2025,2024-12-23,050cf087-6e1b-42ef-84fe-368ac1929774,6578af6a-edd4-4185-82fc-cdb933362d97,-9,0,5.201854170284519,0.7609602105344413
4f92d792-484e-45ce-bc4e-6d05a628c6b8,2025,2024-12-23,82d0fc94-2404-4659-9764-1b8186e037b7,ce88cc81-96d4-48c0-ad06-ee0c2d3d7663,-14,0,-9.454366077964051,0.13762984628251354
9e857356-73f0-464f-b7f3-f49bb9f17005,2025,2024-12-23,14b85f13-07f7-4bd1-8f5f-32720dbe1c9e,07c201cc-5a34-4a3b-9fc9-bae4c20b7c9f,-9,0,6.846886504629805,0.7454123671245311
9f13bf76-2ae4-48a5-ad57-3caa617707fb,2025,2024-12-23,ba87013c-8cb8-41eb-95fb-16991c536506,9007c268-37e0-4ab1-ac60-f9cdcb3a7a8f,18,1,23.993489555985203,0.9900651401465168
9f30d6b3-9452-40e2-80a4-c5fdeb7e231f,2025,2024-12-23,f89aec4b-36dc-4a40-a634-a744d4d646a2,9ba0c75f-bad2-428f-9038-d695c2385098,34,1,14.295445991237456,0.9045553459464631
d232b4ee-c714-482d-9878-87a63e117bc6,2025,2024-12-23,d1dca835-9ba3-4f00-89e0-533fcfd2b27f,8226bdf0-6c2b-4e2b-841d-e2a01a5e5145,4,1,-6.990005986124868,0.26196428749397027
3f96e495-cec0-44bb-aed1-ca35bb4244db,2025,2024-12-25,ce88cc81-96d4-48c0-ad06-ee0c2d3d7663,3a2cf934-5d3b-4406-a458-0c76b7b9d65a,12,1,6.6504841098948075,0.7857290668722776
70252504-1bfb-42ca-a234-296e24bbeff5,2025,2024-12-25,82d0fc94-2404-4659-9764-1b8186e037b7,8848c09f-0c71-4cbf-9d0a-84da72f6b649,3,1,-1.0629546479700462,0.264838091632324
7047da8e-0055-48fd-8175-0fc2c46e7a95,2025,2024-12-25,d1dca835-9ba3-4f00-89e0-533fcfd2b27f,07c201cc-5a34-4a3b-9fc9-bae4c20b7c9f,-3,0,-7.791366016254122,0.2394836976666053
9481b423-fd21-4fa3-98be-f3d181614534,2025,2024-12-25,8226bdf0-6c2b-4e2b-841d-e2a01a5e5145,14b85f13-07f7-4bd1-8f5f-32720dbe1c9e,3,1,-6.175227411473198,0.33699891198658743
07bde954-7152-4ded-a711-1c0c64ba0ca9,2025,2024-12-28,64975048-1db2-4ded-ad28-05b8d8aa9c66,70746950-a861-447f-a9ba-f53e329c27c1,10,1,28.21135551814102,0.9875886797427685
16e9bbb3-82ff-4352-a296-4c8311386322,2025,2024-12-28,5f1bdada-9e34-442e-b575-0b6a9114f1ae,2e0b49d9-a257-42a3-955c-b0b0af5a12db,30,1,31.312002154615925,0.9921662988054953
2442418b-d0de-4450-a1d3-78dde47c6061,2025,2024-12-28,02ee8976-6844-4a27-9f72-aca9acf8f5d0,483b9ce0-4c9d-43d0-979d-831c7298213f,25,1,25.343775247303803,0.991181178832599
2a31ceec-704f-4638-a71f-10838e4906c1,2025,2024-12-28,fa3cb393-e306-4365-b4c3-b3f62a5027d3,35163246-626a-4e63-899d-7a3798e88277,11,1,14.659442250813273,0.9361856265891624
2b4b828b-a6bb-4eb1-920d-70fdc7a3c7cc,2025,2024-12-28,851d8a88-2edc-45bf-b180-7b6c1744f5fe,36b120f2-51ac-4dec-94ea-549d266507b5,19,1,12.39581288453723,0.8981984112570818
2f5a1c90-98a8-4bd9-a292-53f189f87910,2025,2024-12-28,5c7c373d-1822-4c63-aa7f-64745cc99c52,e6431705-05f1-4df2-9721-8369a3a493dd,13,1,1.9101681056867132,0.5757419715804235
35066ff4-b893-40a3-a7d7-ad262a272169,2025,2024-12-28,1799ef2d-85d7-4ba9-8048-33b1956ab3db,2fe58a98-ca14-421d-83f6-aac80bab3780,18,1,19.845678552842685,0.9845715220581982
4f2b9e0e-b4da-48db-9292-80d827d57536,2025,2024-12-28,cc4cdd9c-0563-41d0-bbb7-29b825db8e55,a870c009-c0ca-48e9-a456-1ea2b2b779ef,21,1,27.486540359156773,0.9822589097425437
59c9a320-2710-4b23-95ba-98b5ee52ab4a,2025,2024-12-28,46f85354-63b8-4744-8b13-341ea0a30c2a,0420bfac-8b45-41ad-b228-89893a037d4a,-1,0,3.670637786206246,0.6265967101416975
5b9cecdf-e965-4c26-9d1a-0d923880922c,2025,2024-12-28,8bdfa757-6fe1-4ee1-a1c5-279e7f35fa1e,a46fdb60-30d0-4807-a2b1-e29d8d7c22b2,8,1,11.965635330297545,0.8891383998155524
5c810360-31fe-48dd-b521-95fcc2744ce5,2025,2024-12-28,0562b0a8-dbba-404d-9aa5-930ebe50c9b3,a79a95b3-2101-4649-8f36-782b24edba79,38,1,23.022579242974317,0.9877532676309746
6ca10dcc-b346-4f56-a998-4efdef28c44e,2025,2024-12-28,78d97761-b499-435e-9097-b9d553f3ee67,cf3707e3-2f2a-44dc-8d7a-4d16b2fe78ee,15,1,12.323847571075639,0.9073008496059495
7357d9c6-5e66-458c-9bf6-3f41f4463491,2025,2024-12-28,628efcd7-4ae6-4bba-9542-11e108d22d8d,8dae6732-0634-481a-90ac-d73bf6a19566,-18,0,2.7115822746705995,0.5131611652497738
7e300045-446c-40a3-a5bd-6c017ca2d96e,2025,2024-12-28,a2f3412c-1391-45d6-9516-eeef28f38cff,4a976ca8-f51c-487c-ba87-dae41ddaee24,-16,0,-5.741122219169919,0.22092962003396208
7ed68af8-0e2d-4ac8-90c5-290706b2ee57,2025,2024-12-28,8e9b7d4d-1baa-4d3d-bb10-8950f4133b30,17eb5319-07ae-4f0e-b1d2-8e828b07ed79,6,1,5.717906431334693,0.6975041459792791
862d55c1-e455-40db-8976-c55457c3c6cf,2025,2024-12-28,b21fc872-90f0-43b9-a07f-97e7531c8898,7cf9cb31-3bfd-486a-90fa-8fa6f3bb44a1,43,1,25.031369423749496,0.9906253180417272
93fa1b9b-e622-4053-bd6d-ea8a4266d2aa,2025,2024-12-28,e732f6ff-8488-4df9-8756-f1cbcec88e33,19313cd7-ad44-47d9-a9ef-b9e0c7238466,-13,0,-10.421729743337456,0.15747055657584025
96892e60-1137-4445-8928-005274c05866,2025,2024-12-28,47b99bcc-2f9a-41d7-8d7c-3f9e93809210,3ed32cdb-d2a0-473e-9db0-fd63aaf9013b,22,1,10.3658247459221,0.8018695874820724
9be51b34-9edf-433c-a407-40f011139f23,2025,2024-12-28,50ac73d5-f2f3-4160-add7-d0993eec32cf,7c82650d-eccf-476a-b85d-69a73b6b7f8b,10,1,13.308227926001079,0.9389006072069408
a3a99b6f-71ed-404d-a57f-5049d8f81358,2025,2024-12-28,5ea1ef3c-5f24-4989-854e-a24a9e31ac74,a00214a0-9c1b-4018-a085-500dbd55fb17,3,1,-7.321838870389616,0.22984528917048563
a9f0bfb8-56be-4696-810e-dce3002fbe6a,2025,2024-12-28,6f7ff858-33b4-4d3b-b960-8a750dbe33a1,7e01ae0c-d2c7-4d9c-beea-2da953b4c037,-2,0,-13.087772422246934,0.12589808483840384
afa64bf0-aeca-4f54-a733-76bbeb590c00,2025,2024-12-28,52414cfe-b45b-4eab-a88b-e509aa446dfb,b24e3987-105a-4e03-8184-b15b2947a98c,16,1,11.430124626948556,0.8525787113155334
b6a2c0bb-b354-4947-947a-7dfcba80436a,2025,2024-12-28,de0352b5-4ae9-49af-a027-b0dc86a005da,0b297e0e-e039-449d-b07f-f8e1ae96e3db,17,1,-2.7822033790312717,0.3778104077554085
c4504956-f628-4945-b36a-b78baa6958d3,2025,2024-12-28,17ba9bad-9d46-41c6-9781-6a1e204da7b0,88e83e71-3235-4c21-85a8-da368f34e5fd,-3,0,4.961854157520453,0.5767007299598859
c73a8dae-2934-4ebf-9c99-84dcfb9b7b70,2025,2024-12-28,31a5142f-21b1-4d3a-87fa-d39f7746b7a8,dd8a7533-5e77-4aee-99d0-4c56a7ff74a7,3,1,-4.297658241832312,0.23259579221257248
d2e0ea7e-2bcf-4372-93f7-a5119e3999ba,2025,2024-12-28,51ff831a-13fe-411d-a486-ed3c7ea2fb5e,fb109583-87bb-40c1-a02d-7d40bcd7c52a,13,1,8.573435141355029,0.8269181247278408
d5664219-9f33-4482-8633-8d51b430a5be,2025,2024-12-28,8d515064-54c5-4eeb-a095-ad7ac6839d0c,ba48df8b-809b-401f-a758-25c39aa2d50b,15,1,34.26925747290272,0.9913532865544458
d6607f00-72f9-4a8b-9f25-36d934e8a4e5,2025,2024-12-28,75628733-1eec-40f9-a6cf-07501979c4b3,33652259-8f29-48e9-b213-0eabac8d926f,14,1,-2.8236878303480024,0.38586318199894826
da870b10-986e-4572-a1f8-804d7f0ffe1f,2025,2024-12-28,c4101885-e600-4596-80ff-bc637c56221d,f63b8169-081a-49c5-8b53-2f7b3e524fb8,-8,0,3.4485125810990924,0.6451510476855727
e789d95a-a8ea-4ed3-ae5e-1e5478daed0f,2025,2024-12-28,144de2cb-963b-480b-84b4-10b39d4562ef,60adcfeb-0ca6-456b-b51b-d8d3a324c55d,12,1,11.653466244510998,0.8787266833515217
ef27c70d-581d-472a-a162-d3d083a0a3f2,2025,2024-12-28,ba8ae2ef-827b-47e0-bcec-bf76fe44e37b,9e98a2ca-2d40-440b-b4d9-906cd168c9d7,2,1,23.58523939185029,0.9826026703664877
fd2810ca-dd57-467b-8c41-300d1ef11319,2025,2024-12-28,69293aea-705f-44e4-81db-36e52bcb1813,b9840fe4-f776-405a-8b8d-3c388de0792b,8,1,13.440925853732308,0.8959067459888409
00551d67-b45b-4cb2-a341-6b97b145ecc9,2025,2024-12-29,52f17f8e-1af3-4d55-8323-0292fdf33297,031d384c-ac9d-469a-985f-3214f2b9972b,14,1,9.2368440039117,0.8327746236470736
07d4b1ac-ee4b-4c1c-99a3-f2c17ec8ab89,2025,2024-12-29,a5ebc512-a148-4140-b60c-147132b3097c,ad9fa352-0a34-41df-8ad8-38855ef63d91,25,1,17.98044210011533,0.9505873711745354
12cbdce7-4f11-43ac-915b-7b32c89ec8eb,2025,2024-12-29,0f0aab5c-26db-447a-b6b5-a264da5b140a,ed973a10-a469-4337-9742-eed664c61168,11,1,12.256237162434433,0.9145751176315322
17fe6c8b-1018-41e6-866f-669b960b1bf4,2025,2024-12-29,e20e16ce-0f28-40e0-afe1-5492395d5e53,e66c14f4-c6eb-48be-8caf-0deb5a03ec15,20,1,31.13991256370563,0.9875685128442784
20838a4f-aec5-4271-9e48-de47426713a6,2025,2024-12-29,7532f347-4701-4460-abfa-98034c2ce687,5320a4de-9279-4990-9ee8-6638339220e0,-16,0,-11.297016242730185,0.11545815430265409
23ae6beb-1236-4d34-8234-820199792c61,2025,2024-12-29,d2d39132-b6f8-4e0d-96d2-4e89419550fa,daea7f8b-7386-4fa6-8921-870a3e848b4a,6,1,6.924988725614067,0.7196509901116899
24e78ddf-bad4-4b14-871c-7c31195b7d5f,2025,2024-12-29,e1c5e9f4-197f-4a7b-b871-bdf72ca0cf3a,b67edcbb-77d5-4a29-aa67-e1733b9a001a,-3,0,8.517556002841706,0.8178792870112074
260e3501-0310-44b8-badd-51e6b4b6bde8,2025,2024-12-29,41ff62eb-8cb9-4e63-9c2f-50989d3e65c1,5b376c94-fc8d-4e0b-9977-1748d898ff24,65,1,41.55442627085926,0.9955317170269744
33187af7-e4ad-4d8e-82ed-cf105edfb225,2025,2024-12-29,6e056aa7-1906-4546-b6db-5910356fee72,f3afec86-2594-4158-97d1-aaac68833b8c,48,1,23.814627419045525,0.9782947809657574
3cb138b3-0e1c-4a52-90f2-da9e6c863d4b,2025,2024-12-29,17e47b02-02b2-4bbb-a838-a4695fbc099b,6fd295ef-9c37-4478-af91-536cbf316358,40,1,25.983323982672772,0.991752254098925
46f712ec-0fd8-46bb-9775-dda3ab45888f,2025,2024-12-29,700f42bb-65b8-4e08-bfdf-8dba2e0bd260,a7689181-61c1-492f-83e6-a64bca6e04f9,6,1,10.587914236803863,0.8858874251390945
4b6440a3-a0bd-4c81-a88a-09b94b218d2c,2025,2024-12-29,eb7098ac-5154-42da-b703-d3b3958b198c,c921ba85-0782-4ce6-80e2-44f0c43d4f16,16,1,20.461393086302277,0.9800932660526617
5abc6cb8-ee75-482c-850f-10004dd2d758,2025,2024-12-29,f9a35e93-6a9b-427a-8901-d74cf3f23676,026ac097-d80f-48f3-80e4-e6ae2b9ee383,20,1,22.102796286893923,0.9810389559737642
5f93102b-7b68-40ca-bea1-8ef36b9244a6,2025,2024-12-29,02073ad7-1bb6-47dd-a1fb-fae5e0bc2ed7,e6a72d83-0126-42a5-b202-cd710e233fef,9,1,5.815861427920032,0.7782206593437695
6a9c78b3-c83d-414f-9060-05285f1a4a61,2025,2024-12-29,741b4fec-9ede-4efa-a807-8c1679e962a6,d894373b-dca9-4d1f-a9c9-a123f8c1b600,-8,0,6.2518894104209,0.7633194030118599
6df8c9e0-657a-4079-a148-80d6bfcdc61a,2025,2024-12-29,fa6de946-411a-41ad-8bfa-6526c949108c,88c5646c-b1a9-42f6-999b-56d8198e37ea,4,1,9.374027814893106,0.7848725779103731
6f46a86f-bcdb-45d8-aeb9-b1f3f66b3f95,2025,2024-12-29,b6c7c93e-bdd7-4df7-b73a-c1fbe953199d,8bbfa6f2-6178-4c2b-bf17-66fba7623c4e,53,1,40.34681604705141,0.994067176985443
716cf8aa-ba2d-4682-ac29-4cdf68e8cbe3,2025,2024-12-29,9df3af06-d207-48e8-a010-41797b070072,325d11bf-595b-429a-8342-97fe68b1a3cc,19,1,27.50937002272867,0.9900562849949384
7e1b973a-1242-469c-bf35-55b2fb68d0f8,2025,2024-12-29,73493513-0a1c-4fec-9e40-429225bb809f,9b729374-1ae8-46e9-bfe6-2348cf00056a,7,1,14.33897469150875,0.9343708505586521
7f6ee7c4-4df9-43a9-9b0a-337937844162,2025,2024-12-29,c9bad532-d6c4-4187-8958-37ef239495a4,58d76bcb-6251-4be3-9fce-6e748e521d87,16,1,11.601368417927151,0.913267073052656
8345b943-879c-4786-9499-25a6325bfc6c,2025,2024-12-29,c6cabd85-4834-4f62-94ab-57143286b512,8860a6b6-e60d-437e-afc3-b42e8cab8d79,7,1,18.546195633992376,0.947858823588546
844af3e6-7a0d-4a8a-bb07-e7cd3e187dc2,2025,2024-12-29,5896c71f-aaee-4983-9da1-2e953c561786,17900399-e4eb-42bb-81ed-06f5be1309b7,-6,0,6.441943113579348,0.7146081551241876
861c1f12-6bfb-45d2-b750-657aa582da31,2025,2024-12-29,0a4ebb69-d8f5-4c7e-a7bf-b7ce3968f57a,8daceea0-e7c6-443f-9452-f56f9faa56de,-5,0,5.6986824771730005,0.6642943314540405
87e4030d-cdbf-406d-a858-92da499d1a46,2025,2024-12-29,d8e2daca-6b8a-4f31-93d4-8cf6dd93fda7,83384eea-0854-4284-a875-f47d9b0c31d8,-3,0,10.396228048210146,0.837474324130703
aaa6940f-a4c3-4318-bfde-188cc486b8a1,2025,2024-12-29,85708ae1-7d66-437a-9d70-bcb680bdfa86,51d48e8a-41da-4087-b00f-c65fc8fc1ce7,7,1,7.1173219349461565,0.743530657243788
aef26a20-fa97-4dce-a8dd-2855cb2db736,2025,2024-12-29,5a320db8-a83e-4f46-9418-25176d12a65f,aecf6cf2-725b-4450-9b49-8491e6a4ee0f,40,1,34.997098355399345,0.9927610118991782
b8be97b7-2ef5-4c8b-b6d2-09644344e692,2025,2024-12-29,2a57c531-b461-42be-bbd4-b080f188a160,000d55e3-3608-43be-aebb-6926cbe6b7b5,9,1,11.31430719052858,0.8477227940321465
c93e6ca5-d603-41a4-bad4-00eff4822572,2025,2024-12-29,c62c317e-e0ab-4b1b-a6b9-878965985154,9c2f288e-9523-4b69-ae64-ab0876fec6a4,19,1,9.903018060835912,0.7952445863502606
cad81652-e8f2-49d1-b5fe-61817079262f,2025,2024-12-29,050cf087-6e1b-42ef-84fe-368ac1929774,714115a3-e87c-4c38-be62-cfe9dada315e,37,1,21.29336740499266,0.9862359720123783
caf3f087-133a-4d1c-ac4a-26d37c50e58d,2025,2024-12-29,2de57d84-8b9d-4def-9a66-315270ea5d18,9f7dac5e-38e1-4e63-9e50-e6b0d822fddf,22,1,30.6209872462466,0.9925697075341311
d784f468-89b1-4bbc-9b12-ac3df6241649,2025,2024-12-29,bf32f747-5e9d-417d-890c-89407933c4c6,983c0982-0fb8-45e4-829e-306cf787ba2e,3,1,-1.35811244790038,0.3083073678340871
da72eed3-57ce-43cb-a184-c1159b4e7007,2025,2024-12-29,5d005d94-2060-493e-af42-31885c78962f,d52e191f-c4a5-43a8-b16a-1d87ecf7ce9d,-6,0,6.19504452070372,0.7052168237440379
db1e2a53-5ab2-4e77-972d-310d39a05cb4,2025,2024-12-29,397b5601-d70b-43a8-b259-1a752c68bb1f,44242fcd-cd9f-43aa-afc2-5a12ea89394c,23,1,21.41671809617508,0.9831735873586577
e8272fc6-a266-403c-87b6-e0acd3018178,2025,2024-12-29,c9942b49-0bf7-4dda-bc78-bf2e3b174055,75dd9179-8700-4b34-aeaf-2cf608aec25a,2,1,-1.0469375853700305,0.43695439938208575
eafc21a7-7182-4974-8307-1270dc0f3cb5,2025,2024-12-29,561ee565-69fc-4571-95fe-32ac563e53f0,b8772a3e-c4fb-4396-8eb8-b30c8a36abb7,17,1,3.1470627640440365,0.6239578012442383
efac3b15-be06-4056-85c1-21e330919935,2025,2024-12-29,e383167f-2c53-465a-b2fe-0d6bd7c69b27,b58599cb-bbcd-41e0-9746-6ce1ed5597d3,18,1,9.916210025565057,0.8626695615840404
f1bd594a-03c9-41e2-984d-df36de338e9f,2025,2024-12-29,d65f3ef9-cd07-4472-b901-9b3ba2b35764,dc7ff97c-c617-4dcd-89fe-5e702fd03890,10,1,3.9425942924204342,0.5739401453103227
f95611a7-acac-4d8d-ba02-4eabe521a87c,2025,2024-12-29,3dd34e3a-6cf5-419c-8042-503af5d36e7e,c7e47abb-629e-4b69-8d41-c87333fbe6b4,19,1,8.781727272795584,0.8593989258778191
fb9a8db2-b2a6-48d7-98af-17aface01e18,2025,2024-12-29,3be5fa30-2fd3-4af3-bfc0-39db2dcb523e,3aedc020-716e-4a2c-a7f8-ab1abaf53d87,20,1,16.158382728960124,0.9562706262915525
fdd0aacf-78f4-4d72-b708-4452ff7849c6,2025,2024-12-29,40960630-05f9-471c-b4a6-0eea2cb6345d,241f50fd-2121-4b74-abd9-2ddb98d74a2e,24,1,21.241819905753974,0.9762597660957454
03d576a7-d833-4659-a04a-a6e90fb6054a,2025,2024-12-30,3a2cf934-5d3b-4406-a458-0c76b7b9d65a,a2f3412c-1391-45d6-9516-eeef28f38cff,10,1,14.88169464564442,0.9409939644566687
38fe803f-6800-47fd-b92d-695a7cc12c6b,2025,2024-12-30,33efd80d-8446-4d83-97fc-e864b132a0c8,51ff831a-13fe-411d-a486-ed3c7ea2fb5e,27,1,16.91044599921576,0.9484898060493102
4c9ce172-ffbf-4fc4-9433-beb2919c3759,2025,2024-12-30,ddb253d9-6526-4c32-a7a2-4462d6abe45c,f2fcffd8-915c-4fdb-a632-8b5b621bc999,-10,0,-10.023186262404094,0.15343729455551766
4dbfbb39-e0f3-4dab-b7ab-720849fe5b96,2025,2024-12-30,a1594c03-e784-493e-8435-66f585997595,24cced85-1369-4dbe-8abf-92fb8d456618,18,1,27.27121705622385,0.9861190067166068
4dcc355e-b8c4-4fe3-873c-2d7b17b10101,2025,2024-12-30,35163246-626a-4e63-899d-7a3798e88277,dd8a7533-5e77-4aee-99d0-4c56a7ff74a7,-7,0,-20.56899044467197,0.040746073817664125
5588c175-d43a-4a12-b5c6-4b1c20bb9b77,2025,2024-12-30,351b4e0d-ecfa-4f26-963a-5d1e8b281052,9c04a238-121e-47ea-a3bb-436957b78a8b,29,1,38.02494915591777,0.9927481751379238
58a450ae-7b64-46b7-8421-d087f8f0b71c,2025,2024-12-30,f239ac13-f7a1-4acf-90a5-3cf4c6fd3355,31a68979-4cbf-4e59-be9e-82043f581ff6,9,1,12.27098016180072,0.9313201783015785
70e7dc07-4fcd-4b62-90ab-f97bd7dc7fa0,2025,2024-12-30,76eb53c2-0367-4d59-b619-799a7aea658b,ae911605-551a-46eb-aef9-06f9a60479c9,14,1,26.267478645229257,0.9914835165652557
7504091f-4fee-46cc-ae9a-a4b90019eaa2,2025,2024-12-30,2c1fdbd4-c0c7-4750-b829-f7a6b7bc5710,307416ce-030c-4156-8d62-1e2632e9e26c,14,1,6.180984775450859,0.7610226530095752
77b7c9de-26f0-4637-8e41-712d3a531325,2025,2024-12-30,4a976ca8-f51c-487c-ba87-dae41ddaee24,cf3707e3-2f2a-44dc-8d7a-4d16b2fe78ee,14,1,1.1883176333777774,0.5338795824506777
7c3521d6-12f9-4e49-803f-e6f9c4f9a4b0,2025,2024-12-30,e732f6ff-8488-4df9-8756-f1cbcec88e33,70746950-a861-447f-a9ba-f53e329c27c1,10,1,5.638060366087756,0.6897863706990192
81366fef-7866-4892-8bef-040de5f56305,2025,2024-12-30,6578af6a-edd4-4185-82fc-cdb933362d97,326d518f-eb6a-47aa-9739-13bc340a9a3c,-2,0,3.929024083055674,0.674470957483968
948e5129-68c4-440a-acc5-b1d5e06061fd,2025,2024-12-30,19313cd7-ad44-47d9-a9ef-b9e0c7238466,14a1f904-5f97-4e98-885e-5d6c4f102ea6,46,1,7.441323819810385,0.8185339193190954
99de1c15-c280-47a7-a2ca-7f20a6249897,2025,2024-12-30,a67d2a73-fb71-42b8-97b7-9b72a49efc06,08e7a657-2b9a-4055-beee-621379cea4b7,3,1,6.481889203837327,0.7324580566967234
9fbcb314-30ca-4637-8bfa-2c3e0b0548d4,2025,2024-12-30,78d97761-b499-435e-9097-b9d553f3ee67,fa3cb393-e306-4365-b4c3-b3f62a5027d3,3,1,-1.2381179224224943,0.4246370130535134
9fcb1d2c-5c37-41ed-b18d-947d588b7b36,2025,2024-12-30,ce88cc81-96d4-48c0-ad06-ee0c2d3d7663,a6dd499a-eb6b-4f8e-9094-d8eb96b3547a,34,1,17.082028125433336,0.9480046642778388
b33d71b2-32a3-44e1-b45f-02749b002c4e,2025,2024-12-30,27bf19a7-be0b-4fa0-8dac-8d9b7df5f363,1b9c388c-a2e4-42dd-9e21-4841ed46cf4d,42,1,29.272342770280765,0.9882135485706842
b3d7f91a-0b45-4ce6-b902-10b96beffee3,2025,2024-12-30,6a154b5a-b7dc-4299-86a1-c9ecd354b8c2,9123b907-3559-421d-be7d-7e238eb0c266,1,1,-0.2758328334212444,0.4574611669431186
b3fe5a3c-dd45-4533-bf00-07dcfc0a082f,2025,2024-12-30,6b776d4e-7c15-4c08-b195-ddf7052c762c,483b9ce0-4c9d-43d0-979d-831c7298213f,44,1,32.17330915119442,0.9939284367781595
ba603d57-29b5-4f71-b11b-a83101d5ba47,2025,2024-12-30,8e9b7d4d-1baa-4d3d-bb10-8950f4133b30,f4598131-de83-4e8d-b7cf-dc008ccca8aa,-8,0,-7.106106275820759,0.2901106860879358
bbcff982-de40-4b94-a44f-0febc30835bc,2025,2024-12-30,03e9598c-4271-4840-ae88-7c7c36f2b10e,3bc11d41-6e7a-4932-b0d5-e15a8f310406,10,1,19.900637656754988,0.9271434596648052
d40312d6-de76-4c7d-8b33-bb4776a9177a,2025,2024-12-30,641dc594-03c5-4ae6-8564-0ccb3c8edc77,dbd1798b-2cf1-49c5-9f33-caefec39594e,17,1,32.88258143637932,0.9855676861316344
df868da3-aa4d-41d2-af1a-3a1f88f2afa6,2025,2024-12-30,c75216c6-4563-402a-b8d6-b8434793ea38,6dcee41c-8ef7-4afd-aa5e-6e7fa77886e0,-13,0,-21.779203021849423,0.03156276499915027
f5161bdf-ce05-4cee-8270-f1192e4afe87,2025,2024-12-30,fa9fae48-c4f0-419f-97d7-5e2ba9d47858,cc0e2cc0-da4b-4021-8739-c0e7e235467b,-6,0,8.362770267294087,0.8821813664154838
02e37207-d689-48a8-81c2-ea2b8e9bffea,2025,2024-12-31,c7345766-a5fd-40e1-9757-26d62af0b9af,f8ed9667-67c8-4fc7-a946-d81c4cbe8fed,22,1,12.655165014963362,0.8868656700088591
02fd2bf6-6795-4491-9b94-76ff2dff78e5,2025,2024-12-31,48dab38d-2a0b-4201-94d9-c6ffaf736974,2fa161f0-e26c-49a0-8eb0-b2810c4d4845,23,1,31.34818178505111,0.9911102228010484
0abc610d-d839-4821-8f09-e10926246089,2025,2024-12-31,d1dca835-9ba3-4f00-89e0-533fcfd2b27f,4b6cd009-754d-44ee-9433-124bad801b02,-15,0,-3.331232376279804,0.3198778053631595
13d5afa9-f856-4cef-b1d7-22c180fcd9d5,2025,2024-12-31,6ba99b19-8a61-49da-9325-3e04939d3d5f,a7fd1d4d-445e-4899-9731-00f7bff74284,6,1,-1.5757890385011715,0.45263942360298354
1990e15d-a440-4591-8a08-666beb7e25c5,2025,2024-12-31,42833efc-4047-4751-b5dd-8f5c6d05e355,8a391aff-89a4-4586-9d57-71299178703c,20,1,13.071882847486869,0.9160777918119203
2217ec2c-ac75-4b0f-a3f3-aa57b3d11494,2025,2024-12-31,1799ef2d-85d7-4ba9-8048-33b1956ab3db,d915e7c4-a333-4d6f-9c21-5904d58e75bd,9,1,10.856064715826381,0.9038840799474084
2de284d1-36f7-406c-87c4-6715fe7ca07f,2025,2024-12-31,b21fc872-90f0-43b9-a07f-97e7531c8898,43624e99-f362-48c4-b203-9af174b24be3,11,1,6.73141474913684,0.7766851023829218
2e5e9185-d352-4bcd-b858-41fcdc64fa53,2025,2024-12-31,c87682db-2ff7-4c63-9820-df6c8409d5b3,ab7c4477-bd9f-4098-989f-243e41356323,-2,0,1.1995140530628168,0.5474268222922045
2eb26b57-e4e6-460f-a84e-b10bd0b03c15,2025,2024-12-31,7c82650d-eccf-476a-b85d-69a73b6b7f8b,f63b8169-081a-49c5-8b53-2f7b3e524fb8,-14,0,-18.388321897505534,0.03553577913966969
35304f0a-1307-49a7-9701-1e0892ff0c91,2025,2024-12-31,5ea1ef3c-5f24-4989-854e-a24a9e31ac74,7e01ae0c-d2c7-4d9c-beea-2da953b4c037,-9,0,-10.228808308275323,0.1422989935245719
35387b3f-17b8-4fb3-b39a-2b3a7f964fca,2025,2024-12-31,935d92c1-aca9-4b21-9e0d-b6c396fb067c,a2a4c8c1-e611-4717-92f2-fccc9217a883,2,1,-5.951241337984022,0.2853421883797995
448db5e8-b2aa-427e-b2a0-9d7cabeb8ffc,2025,2024-12-31,a79a95b3-2101-4649-8f36-782b24edba79,a6332591-4e2b-4b84-82bb-debc57b8b614,-5,0,5.399715680851961,0.788561360488886
45ecce08-b7be-489d-ac1d-b01978466938,2025,2024-12-31,7a78a9a6-0d5b-4fae-8fb4-98bc816ed903,50ac73d5-f2f3-4160-add7-d0993eec32cf,-19,0,-11.876936791713467,0.1427847666613884
487d31ee-c6c0-4324-9f03-cb0f478c3f26,2025,2024-12-31,02361e70-3d89-4b56-8d25-73ea2ee389ef,05005d1e-02c0-46c0-8b4d-19dc825698c0,-4,0,14.467651906637899,0.9267795584314297
52b1caff-446d-4244-9313-1f9e443e4bfb,2025,2024-12-31,cd6bef67-d192-4740-b7be-731c52686c54,66244ae3-7fd6-49a7-9304-4ae41bea9ab3,14,1,14.493887536311844,0.9422641072414255
5b8bc7be-d75c-4ce6-8a3c-6a8da71c5c24,2025,2024-12-31,6f7ff858-33b4-4d3b-b960-8a750dbe33a1,c4101885-e600-4596-80ff-bc637c56221d,-22,0,-10.846170367119209,0.15743634085584593
6879ed82-ae50-4419-9692-d7c362783853,2025,2024-12-31,d75e1814-b8c9-4246-b06c-afe60d661528,3c9cd500-c6f0-4eca-b722-405eefd74003,-25,0,-5.83767050084568,0.32923366661723064
76158fb7-396d-4bb4-94c1-4e5d1321df94,2025,2024-12-31,c91670da-50fe-4e29-9e0d-e0a2d01897cf,0f0ea376-1ea4-4b1f-9a4f-e7301a0318a4,25,1,8.511786540984064,0.7699242674313007
80b2a190-2953-4da2-94af-4f16ed515e88,2025,2024-12-31,628efcd7-4ae6-4bba-9542-11e108d22d8d,ff2fa864-282d-4503-9a88-8c10619b0e3d,5,1,0.5267000035236066,0.5843461042162398
91e90366-fa09-4418-b790-17a18a9846ea,2025,2024-12-31,144de2cb-963b-480b-84b4-10b39d4562ef,8fdfa7ed-88da-45ac-9520-9a9e9fbe2586,-10,0,2.1535720457571785,0.5564039290243904
abdc9bdc-03da-4804-9f49-835d733d3677,2025,2024-12-31,62c787d1-5e5d-4e44-b6e8-1c208f874eba,db5b4ba8-4030-4125-845c-337b3ed300b4,-28,0,-8.764824951880785,0.17961106486833484
b5be30b7-b98d-4cfa-a8c7-c1fdeafa56c5,2025,2024-12-31,63da3cbd-f74e-4ba0-8273-8bca25a54f73,d26d7563-983a-4b9f-bf04-fa2777e0beb0,3,1,4.037643081061022,0.6685531457090963
bf9f996b-79a7-4e56-81a2-cad3b210641c,2025,2024-12-31,3027d417-64d5-4892-a6c3-c77edfaff436,d9fdf72a-562e-4e19-ba2f-faa3de20ace5,-1,0,8.656294948710219,0.7925993218941442
c1b50817-c707-4e40-b599-4cd72ff14389,2025,2024-12-31,7f0a740b-2a56-4bec-87c8-7bf2baf05d58,abb24ec9-06c7-4ac8-a0a7-299760b256d3,34,1,23.20948067854478,0.9841681592407999
c332860e-7a8c-4a93-961c-e37705ae6209,2025,2024-12-31,06f12e7c-35a4-46e1-a2ed-0cacb16f9b68,1f8df44b-d154-4a8f-8c48-32b36db0cd06,12,1,5.87613749850595,0.7022243090812569
d07952b0-1b51-4df2-821a-8aa2cc4b6222,2025,2024-12-31,69293aea-705f-44e4-81db-36e52bcb1813,47b99bcc-2f9a-41d7-8d7c-3f9e93809210,12,1,10.365256892899625,0.853194747473091
d3c3304c-aedf-47e6-af15-727ee1a2e958,2025,2024-12-31,eb0507e2-4c2c-4860-ba0c-7a0a815425fe,e51388ec-8e0a-4c32-a70c-4890e3e61d3a,3,1,3.8456890813521927,0.7075656076820629
e54a2978-b40e-440b-9b90-0c840c21079b,2025,2024-12-31,a00214a0-9c1b-4018-a085-500dbd55fb17,0420bfac-8b45-41ad-b228-89893a037d4a,-5,0,-1.2806265377584403,0.47578542089496706
f8929d39-24b3-4509-80ec-68073193203a,2025,2024-12-31,75d1bc49-ce2b-4e7f-82f2-26e690f29375,cc4cdd9c-0563-41d0-bbb7-29b825db8e55,1,1,-1.5622651557150535,0.4869795224175564
11e74763-886e-4151-84a1-43ea12ebf554,2025,2025-01-01,ba8ae2ef-827b-47e0-bcec-bf76fe44e37b,eb7098ac-5154-42da-b703-d3b3958b198c,13,1,5.635568041241734,0.6538335308227509
2491b420-5409-467a-9b1a-a1de7991683e,2025,2025-01-01,7d5a75d9-3168-47d2-92b5-e680e056b479,42a1b5ec-9263-4e7a-8f55-df64f85505e6,-6,0,0.6701978610290746,0.45134639501422114
287de69b-ff01-4bf9-98dd-8f3acf895f07,2025,2025-01-01,0f0aab5c-26db-447a-b6b5-a264da5b140a,c7e47abb-629e-4b69-8d41-c87333fbe6b4,6,1,5.634809758363833,0.6666939843505333
38ff2b42-709d-47c6-927a-08e7498beb95,2025,2025-01-01,88e83e71-3235-4c21-85a8-da368f34e5fd,416d2dd1-15bd-48e9-82e6-9277c0ab829c,5,1,-5.608195650497426,0.340418627356112
40e96826-a380-457a-a37c-8f9be9f6db7c,2025,2025-01-01,ed973a10-a469-4337-9742-eed664c61168,561ee565-69fc-4571-95fe-32ac563e53f0,-15,0,3.340521060872456,0.7216923529316386
46162f67-e8ea-401d-baa3-e65ea605ed76,2025,2025-01-01,b8772a3e-c4fb-4396-8eb8-b30c8a36abb7,a7689181-61c1-492f-83e6-a64bca6e04f9,-1,0,0.21315096579409623,0.5336769492926702
4edc88c4-38f5-4abd-920d-ae979819196a,2025,2025-01-01,bc9cb402-a9b1-4644-acdd-ae7e0571be90,b24e3987-105a-4e03-8184-b15b2947a98c,28,1,22.522672639311267,0.9832098802100128
60253faa-43bd-406b-8f88-21bc1108b8d4,2025,2025-01-01,9b729374-1ae8-46e9-bfe6-2348cf00056a,02073ad7-1bb6-47dd-a1fb-fae5e0bc2ed7,-16,0,-5.386932511352255,0.260509994983742
61b465cf-1a85-4e7e-a2e7-357b9d0476fc,2025,2025-01-01,0eb90dc3-2a1e-43d8-80ac-bab6d917f78a,07b4923a-16cd-4490-8ae5-d61599212ab1,-8,0,-2.421425198424664,0.3624950441224098
706b6b3b-e9b3-430a-8bb4-8f418025cd91,2025,2025-01-01,4b7b8cc0-eb4b-40bd-a9b7-958fbe20894d,3d3b199e-7c4f-4c53-b683-a77a8d8e697a,30,1,24.7065422064412,0.9875347975925045
7732b186-76bf-4c16-9488-b9630d165fb6,2025,2025-01-01,8bdfa757-6fe1-4ee1-a1c5-279e7f35fa1e,69642ef6-85e9-4dfe-ab65-4cca6a1688d4,10,1,3.456075073411641,0.6610672633835188
8ff9012a-bbe1-4e7f-9d1e-7d75440d6bd9,2025,2025-01-01,78926156-3797-4ad3-aa39-fff13a311d02,d756733f-2d8f-4ed6-8b7f-dc7804a270af,14,1,12.534528615414171,0.8839521193284524
983898b2-4d6e-4a46-a5e5-ce1a410acf74,2025,2025-01-01,4926f0f3-ac12-4ca0-9cbf-eb99f9aafb78,58fdb1cf-11b4-437d-a338-e497be161811,-29,0,-3.087428097360551,0.376202343519619
a6070a7b-1cf7-4bc5-830c-05491f61b25c,2025,2025-01-01,851d8a88-2edc-45bf-b180-7b6c1744f5fe,f9261c55-02c0-49db-9993-f5d64a97b21e,-13,0,-11.075233165919212,0.13180024252851724
b1bdfffa-de32-4115-8eb7-e798c88dc6a5,2025,2025-01-01,d52e191f-c4a5-43a8-b16a-1d87ecf7ce9d,3dd34e3a-6cf5-419c-8042-503af5d36e7e,4,1,-7.232222662463638,0.2592591558005622
b66c41a0-6054-45c3-bb53-64c6d258245c,2025,2025-01-01,ab5be1d8-ac8b-4c5c-8e26-320585a8bdef,cabaff64-a388-4861-9374-977555d19efb,12,1,3.8765377383401867,0.6771277244987798
b85a53d0-b5e8-432e-a122-acdde630fa21,2025,2025-01-01,f0489380-9e3d-4613-ab85-fc32d9368997,2dbbcf87-baa5-4154-8071-c62e522990c6,15,1,19.5259469872759,0.965283349151095
cfe0b017-fff1-4722-a428-16d20757c44f,2025,2025-01-01,026ac097-d80f-48f3-80e4-e6ae2b9ee383,700f42bb-65b8-4e08-bfdf-8dba2e0bd260,-1,0,-6.300098718443466,0.22804365221714126
d16ff1f0-c2df-4d57-8fbd-fcbc99be8401,2025,2025-01-01,7e838ebf-74ed-42de-9f2e-d8057aa77de5,c514a4b8-22c2-44f6-a118-250ae80751b0,-2,0,6.644806668208723,0.8053223220855364
ec8da834-c6af-4988-a6fc-aeb66b5b1f9e,2025,2025-01-01,88c5646c-b1a9-42f6-999b-56d8198e37ea,5320a4de-9279-4990-9ee8-6638339220e0,1,1,-1.3968837374343677,0.4782915238728711
00fe6f27-3ebe-4be8-8b48-56ac07275c49,2025,2025-01-02,2a57c531-b461-42be-bbd4-b080f188a160,33efd80d-8446-4d83-97fc-e864b132a0c8,10,1,7.552688775538777,0.8139285050929992
04652b56-9841-4b8c-ae4c-df252dcd1b0d,2025,2025-01-02,9a0196e9-6b45-40b9-b0d0-df6bb1c90dc7,60adcfeb-0ca6-456b-b51b-d8d3a324c55d,2,1,-0.11932294953327624,0.40826284788875083
0ce4b174-0dbc-4841-9cfe-b1342d30382c,2025,2025-01-02,07c201cc-5a34-4a3b-9fc9-bae4c20b7c9f,52414cfe-b45b-4eab-a88b-e509aa446dfb,27,1,5.675418752860397,0.7634803718964068
1563827f-f2d4-45f0-8c2e-b52eee2d7a4d,2025,2025-01-02,e4054827-709d-47e3-8f27-86b76b8f17d6,22865798-3256-425e-8eb5-60e1edf9403f,-5,0,3.1900929215069382,0.6371777659115585
306d9df1-dc2d-42cd-8c32-0638647332a7,2025,2025-01-02,861b8733-b443-47d5-9c5e-f56373a8fb9c,36b120f2-51ac-4dec-94ea-549d266507b5,2,1,2.176610609157948,0.6263105753121769
310988e1-a696-4d62-91d3-7bd3bc120b01,2025,2025-01-02,e20e16ce-0f28-40e0-afe1-5492395d5e53,a5ebc512-a148-4140-b60c-147132b3097c,4,1,5.0103060770794405,0.6214392110219553
35946cbd-c791-4d60-8108-162ba192e043,2025,2025-01-02,031d384c-ac9d-469a-985f-3214f2b9972b,7532f347-4701-4460-abfa-98034c2ce687,23,1,10.769216998260353,0.8363785844266158
38a51a73-1cd2-40a5-8ff3-11f898c355de,2025,2025-01-02,d6a348c1-3237-43da-8690-d309d586a66e,4f9d3323-4211-41f2-8211-76b7efd6246f,10,1,2.7330400043631857,0.5911187168647887
392705f8-f5bf-47bc-83b5-c6294e48ca3f,2025,2025-01-02,b31c989d-1667-4be6-8a91-193cda486b3f,68a583e2-b11a-4a35-b102-095903fabdd8,-3,0,-1.501005253993848,0.36363304336316576
3c0d1f4f-a45e-4a8e-a9b2-adbb5892475b,2025,2025-01-02,70746950-a861-447f-a9ba-f53e329c27c1,78d97761-b499-435e-9097-b9d553f3ee67,-8,0,-13.465355330053134,0.06598311441910835
3cd8748a-9e41-4f7b-b2d0-d05191419349,2025,2025-01-02,0a4ebb69-d8f5-4c7e-a7bf-b7ce3968f57a,b67edcbb-77d5-4a29-aa67-e1733b9a001a,14,1,5.107088492132596,0.6978833836986092
402c6aaa-1130-41b2-b3cf-daf00f771afc,2025,2025-01-02,a564f5c9-0e8d-44c8-a75d-b3b355370dbf,12ae7230-4fab-42c4-a7d7-88e118290c3e,-4,0,5.553799317063489,0.7528351826161669
442b6a51-d309-4b25-bc37-c852cc00403b,2025,2025-01-02,77bcefa1-a18f-4280-a5c9-2d1573b78e0a,aecf6cf2-725b-4450-9b49-8491e6a4ee0f,9,1,13.48382793342363,0.8953546313647623
47d6059a-9863-4c97-a02d-cd23c0a30d0b,2025,2025-01-02,871751b8-eb3a-4919-bc58-ab82887e29c6,c333af2f-2819-4e30-8541-dbb64eb01cbd,-10,0,-5.181372540229709,0.30821062330848054
482be505-c4bf-4e2c-917e-58e239c8b144,2025,2025-01-02,17ba9bad-9d46-41c6-9781-6a1e204da7b0,6bc97d46-dcb6-4437-a79f-2d351169817d,-26,0,-3.3767878910437674,0.3462350111040502
48e30cab-adaf-49f8-a628-aba648d76650,2025,2025-01-02,e6a72d83-0126-42a5-b202-cd710e233fef,fa6de946-411a-41ad-8bfa-6526c949108c,2,1,-8.968210852164022,0.17873527961148328
4b7c3815-baf7-442d-b726-47ca81cc0c1f,2025,2025-01-02,be9af39b-8a19-4b9d-89a3-bc6dd35defa3,6fd295ef-9c37-4478-af91-536cbf316358,17,1,13.96388202280848,0.9148115994099963
4ba63214-1f9a-460f-b3df-8289bb2ba471,2025,2025-01-02,2389c341-a290-43f4-b0e8-08ee6a15c14c,f4598131-de83-4e8d-b7cf-dc008ccca8aa,-9,0,-3.501960021115273,0.272462117034047
4ec9cd28-7b33-4037-b813-510d1ee165d5,2025,2025-01-02,5c86ee1e-ee35-4d51-bc08-bbca68bc90f1,6628afb6-e6fd-4d7f-be94-a19527da56fa,-5,0,-3.6039894640976304,0.361657218965173
4f35a0ea-c6b3-472e-bf79-c4f28530dc35,2025,2025-01-02,ad9fa352-0a34-41df-8ad8-38855ef63d91,a870c009-c0ca-48e9-a456-1ea2b2b779ef,3,1,1.9337519696753847,0.5713788346953679
5071e4e2-461d-461b-85ce-254ee27d5a3d,2025,2025-01-02,5c7c373d-1822-4c63-aa7f-64745cc99c52,75628733-1eec-40f9-a6cf-07501979c4b3,-8,0,-5.086136775990193,0.3005429722811751
51ef5388-b48f-4fb2-b493-65e8dee99e23,2025,2025-01-02,37d0bfe1-4a78-4810-9371-3268e54026d2,4edc5314-8f1f-46cf-90fe-fc3094be42cf,11,1,8.886246764771384,0.7723180662229386
5729a44c-1cef-4896-a83c-ef18fbcb40bb,2025,2025-01-02,48f318bf-54e1-4e42-b6e9-47c3bdaf4fb8,41e19184-6f6d-4838-b789-d8553db45753,-1,0,4.750101778077779,0.6095584334136158
5e413ced-7dcd-4567-835f-38ea8e340ef1,2025,2025-01-02,000d55e3-3608-43be-aebb-6926cbe6b7b5,88ae8bb6-fbd8-444d-8d22-f485d82d2e67,19,1,14.531653223455827,0.9449874121795792
65552f30-9e3a-41ef-817e-d6cf54b247b3,2025,2025-01-02,3bc11d41-6e7a-4932-b0d5-e15a8f310406,58d76bcb-6251-4be3-9fce-6e748e521d87,8,1,2.415880140260931,0.5985631434142683
660cccd4-16ba-4ec7-a3cb-6a43ab939e97,2025,2025-01-02,01f45e3a-e22b-4c25-b1e8-0d5ac80e6a5e,185c12ee-a2a7-4588-84f2-4b4b270a75a6,-11,0,-4.359349693340828,0.3350340470324053
667acd71-409e-41a4-b01e-f5fdc2b6d4d2,2025,2025-01-02,705e808f-a589-4af4-8baa-45ce5b2e969e,f02fe504-2b2e-4ed7-b9c5-4c7e6e224682,-30,0,-8.984169875890844,0.13776358729962587
679e0939-a219-4d7f-9a5e-b021ca7bbbf7,2025,2025-01-02,82d0fc94-2404-4659-9764-1b8186e037b7,de50cb63-b08e-4760-ad25-62eceb6c4120,-3,0,-5.38855446238313,0.3555613287521921
67b8d858-009e-4b01-b9cb-eee90c59bb7f,2025,2025-01-02,9fb181a8-2807-4e27-9442-8e09de6c9575,67503cd7-a244-4820-afaa-485db8ea877a,-19,0,-12.187686001161051,0.12844410287829172
698ecbe9-dc27-4927-af83-2402f0f3f1b9,2025,2025-01-02,6f9a1a81-2dbf-490a-ba3c-8f8fadddd9d4,bbd86984-093a-4854-845d-01d65716f8fa,5,1,-2.754203126249815,0.42460678040206246
6b6fc27b-e705-4217-b04b-f6930769acc7,2025,2025-01-02,af997d63-624d-40db-bffd-18de780e2f59,3e287cd2-e8fe-4612-a996-d02de5cd9fb2,8,1,10.70693911329251,0.8871865715209254
6d5e4b38-1d13-482f-8714-2a1aea65a114,2025,2025-01-02,bd53017b-0998-4291-a0d1-1c9f45306402,46671d80-ebfc-4f9a-8eae-19249794115f,18,1,12.686047887877384,0.9113934099128873
77347d6d-1e2f-43d7-a489-25848e25d1f4,2025,2025-01-02,dd8a7533-5e77-4aee-99d0-4c56a7ff74a7,a2f3412c-1391-45d6-9516-eeef28f38cff,31,1,33.022525401456214,0.9911150132996368
7a802e2c-93e2-4199-8ace-d1a0f941fa24,2025,2025-01-02,5c6768d4-83c5-4e23-aafc-55ac70126454,de0352b5-4ae9-49af-a027-b0dc86a005da,-28,0,-1.3632559508088453,0.3701350735069178
82deab75-32d4-42ee-a32b-1b37d785f977,2025,2025-01-02,8848c09f-0c71-4cbf-9d0a-84da72f6b649,73493513-0a1c-4fec-9e40-429225bb809f,16,1,1.5247811472526323,0.4768480214517098
84a2d5ff-30ce-4fa2-a638-687dfd32d745,2025,2025-01-02,cf3707e3-2f2a-44dc-8d7a-4d16b2fe78ee,3a2cf934-5d3b-4406-a458-0c76b7b9d65a,21,1,-2.1034667989343308,0.35743912347191104
8f981efa-d32b-4933-82c1-012b835dce5b,2025,2025-01-02,ff488f80-9f05-43ba-b8dc-d7693b84c0ea,9e98a2ca-2d40-440b-b4d9-906cd168c9d7,-6,0,-7.155697840210175,0.20313201069467335
95f5af54-2127-4faa-8a7b-3d8607bbdc2c,2025,2025-01-02,12d2dbd5-0799-448a-a49a-671c218c8bbd,6d128962-ec20-462b-bbdf-1e785b40d288,-2,0,3.9991373570004756,0.6509630686394731
9aa91a59-a454-43f7-9ae9-eb056d5d7702,2025,2025-01-02,ad21cf61-9161-4409-af92-468be5a0142f,8dae6732-0634-481a-90ac-d73bf6a19566,-11,0,-9.157570565071175,0.14787709258617207
9e0580fc-8a04-4618-894a-5b8046cdad1c,2025,2025-01-02,195318b0-fa80-45e8-96b2-e83346e70a64,f3afec86-2594-4158-97d1-aaac68833b8c,-1,0,10.0709437572679,0.8952712788867706
9e9c6479-a8c7-417d-bf3f-96e9cc6230a8,2025,2025-01-02,2c1fdbd4-c0c7-4750-b829-f7a6b7bc5710,9007c268-37e0-4ab1-ac60-f9cdcb3a7a8f,-4,0,-7.018231198841247,0.24551989669209323
a863eabf-0cb3-4374-8a36-501bf68a2adb,2025,2025-01-02,9ba0c75f-bad2-428f-9038-d695c2385098,bb02a3be-6beb-4745-b200-3a49f5224f0e,11,1,4.886821823168525,0.7067096580893323
af313d18-33e3-4806-9493-1544229abeff,2025,2025-01-02,2866b25a-1e5a-42be-8763-ad87278ec1d9,223e59ef-679d-450c-a409-d6ff2a5b5cc5,9,1,3.7565002194730304,0.6612314624153165
b0bfe16e-47ab-4c04-adc9-87efa3645d74,2025,2025-01-02,b0ebd027-95a6-4e7b-abfd-c26d14470857,c87682db-2ff7-4c63-9820-df6c8409d5b3,4,1,4.158266986819405,0.7017021058467586
b354af69-fc1b-4927-ab47-6cc51c1dfaf9,2025,2025-01-02,17e47b02-02b2-4bbb-a838-a4695fbc099b,b6c7c93e-bdd7-4df7-b73a-c1fbe953199d,-32,0,0.2764955961824641,0.5933734395776552
b8780bc0-d660-4989-ba24-04d8a646c029,2025,2025-01-02,9c04a238-121e-47ea-a3bb-436957b78a8b,51d48e8a-41da-4087-b00f-c65fc8fc1ce7,22,1,8.943239950032526,0.8439686840864946
bb4c0bda-ee38-49db-8f2e-6d25de3c97cf,2025,2025-01-02,cb86bdfe-2665-485f-9a44-846b23bdb2c3,469778d6-39b3-4cd1-8bf4-f40903d78c5d,-8,0,-6.141500535924216,0.2806457534009768
bbe347fe-16c6-40bf-97b2-79da9a1ba447,2025,2025-01-02,050cf087-6e1b-42ef-84fe-368ac1929774,8d515064-54c5-4eeb-a095-ad7ac6839d0c,6,1,-13.244626714528284,0.07205054935259281
be966743-ac6e-4e6a-9d76-f1810057edb6,2025,2025-01-02,fcb7d38a-6efc-47b3-b7af-3dd5ea07e8e5,593820ae-e46e-43a0-a5b3-904904eb9cef,4,1,9.30111527815228,0.8075204739359317
c00ae11b-4d76-4174-a712-ac910d2d9112,2025,2025-01-02,fd64c7b0-4a53-4590-bed6-59bbcddb0f63,d2d39132-b6f8-4e0d-96d2-4e89419550fa,-18,0,1.9885724401858826,0.550961967611769
c8a72b78-9953-4d02-9706-d688c40dc49b,2025,2025-01-02,33652259-8f29-48e9-b213-0eabac8d926f,741b4fec-9ede-4efa-a807-8c1679e962a6,6,1,5.772940966548932,0.7003884426184539
c8c3f59f-9cd8-4ebf-8f0c-a570dc07d3fb,2025,2025-01-02,e732f6ff-8488-4df9-8756-f1cbcec88e33,fa3cb393-e306-4365-b4c3-b3f62a5027d3,-1,0,-12.115984326714155,0.1063570423576548
c962afb1-a2df-4c04-8205-d88de8306c59,2025,2025-01-02,8226bdf0-6c2b-4e2b-841d-e2a01a5e5145,5d005d94-2060-493e-af42-31885c78962f,-6,0,2.1346581466091794,0.5214386637658965
d1202240-8aa4-4c3c-8a4a-b768e1c72529,2025,2025-01-02,c921ba85-0782-4ce6-80e2-44f0c43d4f16,308dd2dd-d731-4927-9bf5-e8aad5900158,3,1,3.176114155596283,0.6961143348172668
dc9f020f-2ece-49a5-bdfb-1f4034db2643,2025,2025-01-02,6482154d-967c-4e24-af4e-6cdb9ef80e00,c878fb5c-c2e2-4f40-a5a0-f297cc0e51b8,16,1,19.864324292942175,0.9892903364560544
deca680a-313a-470c-bc90-4847fc798a5e,2025,2025-01-02,f89aec4b-36dc-4a40-a634-a744d4d646a2,75dd9179-8700-4b34-aeaf-2cf608aec25a,-4,0,1.8057651935692336,0.5896225332430839
df640cd1-b17f-4983-adc1-44a86efd6788,2025,2025-01-02,64975048-1db2-4ded-ad28-05b8d8aa9c66,35163246-626a-4e63-899d-7a3798e88277,30,1,22.06972264391703,0.9813527774191979
df9015d5-e9df-47b6-b354-6550a0f1a3ff,2025,2025-01-02,daea7f8b-7386-4fa6-8921-870a3e848b4a,d8e2daca-6b8a-4f31-93d4-8cf6dd93fda7,23,1,-2.5942486358688863,0.4581755787006125
e6d729e7-d4b4-4aea-87b7-dbf2a97c1324,2025,2025-01-02,52355b41-c560-4fd9-b83e-3bec2763822d,ccaa9380-5136-4fd2-b639-f5f54936ac7d,4,1,2.6874300534590145,0.6146112284152441
e72a29fe-f796-4b13-b0d0-e60f18f92f4d,2025,2025-01-02,19b01b27-3931-468b-a50c-6636aef39c7e,9ba3c8fb-1162-47a1-873e-6cf11475a094,11,1,12.695317188669543,0.9270733279869122
e8a121a7-03bf-44b3-b19c-a247bd113c11,2025,2025-01-02,a0bfc386-3dd9-4417-be3e-42f45cee6c22,c9942b49-0bf7-4dda-bc78-bf2e3b174055,-16,0,-8.685505866253552,0.20163582840082864
e901013b-cb80-4007-9778-7d0a2d6ddd18,2025,2025-01-02,bfd9aeef-b698-4868-8a44-436dd23e4ae1,5858896e-5e67-463c-a38c-c7431f157945,14,1,1.0349274536286117,0.5196164165632409
f01c063b-5ed7-494e-acb5-069c9317a636,2025,2025-01-02,231d7720-fba0-4331-b1da-8412227395f7,bf32f747-5e9d-417d-890c-89407933c4c6,12,1,6.651801806621139,0.8030930148363371
f16176c9-b849-4c9f-96f8-4ea5fab7f375,2025,2025-01-02,44242fcd-cd9f-43aa-afc2-5a12ea89394c,cb8412bc-37cc-43bd-b58b-a5e5956df339,21,1,12.557200097558844,0.9235348454820643
f6224408-dbbb-4f2c-a63e-47ae742bdbeb,2025,2025-01-02,f3885a3b-f43d-45ee-96e1-f650af90dc9c,5717b8ad-bb6c-432d-b223-01a330a59686,-8,0,3.951180618158591,0.6401035517934187
fc4193c9-8969-470c-b128-45faefda62f3,2025,2025-01-02,ac42cc2e-26ce-4ace-8d1f-28d21a1c77b2,9df3af06-d207-48e8-a010-41797b070072,-20,0,-7.63169911158206,0.13530706926193833
05aa44fc-623e-4d5d-b85b-867a22571448,2025,2025-01-03,f63b8169-081a-49c5-8b53-2f7b3e524fb8,a00214a0-9c1b-4018-a085-500dbd55fb17,1,1,7.798324980892002,0.8269486826536465
15be8be9-58dc-4e0a-9d99-8aa340bb36b4,2025,2025-01-03,c59d7c9d-7fd0-4a58-bdba-7904baeb0abd,9c2f288e-9523-4b69-ae64-ab0876fec6a4,16,1,9.394258971068744,0.8368909943879137
1699930e-1203-4fbb-8c2d-a9e8b6eb0eba,2025,2025-01-03,3c9cd500-c6f0-4eca-b722-405eefd74003,1799ef2d-85d7-4ba9-8048-33b1956ab3db,16,1,0.8379575440288122,0.5540183438242914
19a6bc13-1ec5-4c34-9181-5d7d9f5fe312,2025,2025-01-03,ba18e6aa-cbe6-493b-b91d-b0c8d4e8b0fa,829dbc21-e757-475c-ab7a-2a3172ec0683,-15,0,-6.697266753947263,0.29588124151401857
1e22b0da-8ebc-4512-a98a-b893f9adfff2,2025,2025-01-03,f829b41d-4185-4fb9-98e0-bd7bd9b6bd7d,27bf19a7-be0b-4fa0-8dac-8d9b7df5f363,31,1,12.814377388872966,0.9035517998051166
2413bad9-a08b-4cd4-bc16-701fb7e604c0,2025,2025-01-03,08b7e4ad-da8b-487e-a809-741854d1008c,8bbfa6f2-6178-4c2b-bf17-66fba7623c4e,-12,0,0.8360173804668256,0.565690378824284
3876cc01-aab0-4b01-b749-5c4a8b1ed9e2,2025,2025-01-03,52aab06d-922e-4906-9dc7-3c0fe7d3e2c2,fb109583-87bb-40c1-a02d-7d40bcd7c52a,13,1,12.672588360168794,0.9308685008461953
44539589-56cf-40db-83a4-6a71313d7e37,2025,2025-01-03,5f1bdada-9e34-442e-b575-0b6a9114f1ae,c7345766-a5fd-40e1-9757-26d62af0b9af,6,1,-1.2549571879505725,0.4899652805851968
4a24c5fc-7ce3-4df1-aed8-3f8cab4c9235,2025,2025-01-03,cc0e2cc0-da4b-4021-8739-c0e7e235467b,ad36d475-e577-4c2f-b8db-b2d47d1fab15,8,1,4.851809621736358,0.6648831663304731
4e13a508-f76c-4960-84a0-a72cd0084386,2025,2025-01-03,db5b4ba8-4030-4125-845c-337b3ed300b4,75d1bc49-ce2b-4e7f-82f2-26e690f29375,8,1,0.7427131253004494,0.5670777985181884
5f58c76c-e82c-45a7-a9a8-cbd707a56605,2025,2025-01-03,f9a35e93-6a9b-427a-8901-d74cf3f23676,a1594c03-e784-493e-8435-66f585997595,-7,0,-2.9487353131035263,0.3812953913736618
a1df9348-021f-4746-a09f-50a9045c7b7d,2025,2025-01-03,5896c71f-aaee-4983-9da1-2e953c561786,e383167f-2c53-465a-b2fe-0d6bd7c69b27,-5,0,7.073763733954954,0.77506686451901
a41a6670-dae3-488f-8347-b723babc76cd,2025,2025-01-03,821de2da-b464-49f2-aeb1-293e7aedd6de,9123b907-3559-421d-be7d-7e238eb0c266,-3,0,-3.8955028693964087,0.35205010202648873
d090dfbe-5a56-4276-8b4f-f9b325dfef4c,2025,2025-01-03,3be5fa30-2fd3-4af3-bfc0-39db2dcb523e,571d2904-70d9-4de6-abfb-1d716ba43f0b,6,1,3.6097155373775327,0.6477957742489748
e4cb145e-e9d2-4a4c-9aca-4c922a504fe3,2025,2025-01-03,5d66e35c-66aa-44ac-b72b-33066edb3e20,8daceea0-e7c6-443f-9452-f56f9faa56de,7,1,2.618373621327639,0.6551305213145522
057a208c-9029-4849-aa9d-33e56b3054f3,2025,2025-01-04,6f9a1a81-2dbf-490a-ba3c-8f8fadddd9d4,185c12ee-a2a7-4588-84f2-4b4b270a75a6,-2,0,-3.16877822774411,0.28356289759922765
06bddb55-2f55-4df5-8d95-703aada990a1,2025,2025-01-04,a870c009-c0ca-48e9-a456-1ea2b2b779ef,9c04a238-121e-47ea-a3bb-436957b78a8b,20,1,6.104450526501494,0.8112024495069657
0bca70c7-f90f-403f-97ff-de425e0e104d,2025,2025-01-04,ce88cc81-96d4-48c0-ad06-ee0c2d3d7663,31a5142f-21b1-4d3a-87fa-d39f7746b7a8,8,1,-2.7154242723145643,0.3772788690613306
0d8929fb-413f-4f16-bf90-576c9137f840,2025,2025-01-04,77bcefa1-a18f-4280-a5c9-2d1573b78e0a,8dae6732-0634-481a-90ac-d73bf6a19566,9,1,2.829616735332724,0.5815832410535825
0e4b9e86-bb8a-4df0-acf5-3be8779448b3,2025,2025-01-04,dbd1798b-2cf1-49c5-9f33-caefec39594e,5b376c94-fc8d-4e0b-9977-1748d898ff24,29,1,29.014321117800268,0.9944620666426686
11da8804-af57-4eca-bf3a-f98fa547a110,2025,2025-01-04,2c1fdbd4-c0c7-4750-b829-f7a6b7bc5710,f3afec86-2594-4158-97d1-aaac68833b8c,19,1,-1.904904734756612,0.42520932068273903
121f8911-5696-4970-97b7-36c608feb3da,2025,2025-01-04,07c201cc-5a34-4a3b-9fc9-bae4c20b7c9f,12ae7230-4fab-42c4-a7d7-88e118290c3e,8,1,1.4337761666502207,0.6492755656558861
14307064-1d22-428f-bb7f-5b8bbffcf404,2025,2025-01-04,397b5601-d70b-43a8-b259-1a752c68bb1f,2de57d84-8b9d-4def-9a66-315270ea5d18,28,1,14.194379563460224,0.9130641369922443
174b41f2-c357-4c44-8a20-9752b982f55a,2025,2025-01-04,8fdfa7ed-88da-45ac-9520-9a9e9fbe2586,d26d7563-983a-4b9f-bf04-fa2777e0beb0,18,1,8.390979264357322,0.8350977053407509
1792242b-ee71-4389-b007-f2db8ebb08c0,2025,2025-01-04,37d0bfe1-4a78-4810-9371-3268e54026d2,67503cd7-a244-4820-afaa-485db8ea877a,5,1,-1.0461553497896556,0.44495506618797304
17f3987c-a1c4-4e03-af76-43d1fb10472c,2025,2025-01-04,561ee565-69fc-4571-95fe-32ac563e53f0,026ac097-d80f-48f3-80e4-e6ae2b9ee383,-4,0,2.6880232822324195,0.5089155195659503
195e4a07-c2ec-49db-9dfd-1945e8533eaf,2025,2025-01-04,6482154d-967c-4e24-af4e-6cdb9ef80e00,9e98a2ca-2d40-440b-b4d9-906cd168c9d7,21,1,7.0856771754601935,0.7879995942963943
1aef9e7f-fe88-4c08-b39b-48b07e626953,2025,2025-01-04,7e01ae0c-d2c7-4d9c-beea-2da953b4c037,46f85354-63b8-4744-8b13-341ea0a30c2a,-8,0,6.776642381848951,0.7702985134089209
1b75fc3f-4042-4ba6-935d-0ece0cc8a2d7,2025,2025-01-04,3d3b199e-7c4f-4c53-b683-a77a8d8e697a,416d2dd1-15bd-48e9-82e6-9277c0ab829c,-13,0,-14.216616934588854,0.09465425869045918
1bb3305f-7b8f-4a62-80eb-b744c5ad598b,2025,2025-01-04,e4054827-709d-47e3-8f27-86b76b8f17d6,6fd295ef-9c37-4478-af91-536cbf316358,3,1,5.962763562724032,0.757979655888969
1d562205-55d0-4122-b947-c33c52011f9b,2025,2025-01-04,ad46d3d3-a8b8-45c5-a46d-913240ae2832,375d7498-7795-4ff1-bcf0-e13cdaccd9e5,-2,0,-1.7580990828368959,0.4052282970394512
1e100fd5-e20d-43d8-b028-9691f8933396,2025,2025-01-04,7a78a9a6-0d5b-4fae-8fb4-98bc816ed903,5ea1ef3c-5f24-4989-854e-a24a9e31ac74,-5,0,0.051396098074905285,0.5261929301228401
1ef4c85f-09ba-4749-936a-a7d2686659e9,2025,2025-01-04,e6a72d83-0126-42a5-b202-cd710e233fef,73493513-0a1c-4fec-9e40-429225bb809f,-8,0,-8.9925421584326,0.21006150961980033
21e623fd-40a0-4e96-acd9-cff6c8e7d0e8,2025,2025-01-04,a6332591-4e2b-4b84-82bb-debc57b8b614,0f2c89e1-1c22-4add-af3e-a7d9982de167,-6,0,-0.24613606162165308,0.48012014219647076
2489ef22-3543-4aef-831a-e2ab1f899da3,2025,2025-01-04,d9fdf72a-562e-4e19-ba2f-faa3de20ace5,c75216c6-4563-402a-b8d6-b8434793ea38,19,1,9.927464363850191,0.8627142337266875
2497b9db-6e51-4aac-bd61-2e536a3cb39e,2025,2025-01-04,351b4e0d-ecfa-4f26-963a-5d1e8b281052,641dc594-03c5-4ae6-8564-0ccb3c8edc77,16,1,10.470158573125136,0.8131869149837508
24f13d0c-746e-487a-aa1a-c5a3ef59354d,2025,2025-01-04,b0ebd027-95a6-4e7b-abfd-c26d14470857,ab7c4477-bd9f-4098-989f-243e41356323,19,1,3.921533233480611,0.7504695326722634
26f58b45-53f6-4068-a442-d2ad6f09e04a,2025,2025-01-04,b21fc872-90f0-43b9-a07f-97e7531c8898,8bdfa757-6fe1-4ee1-a1c5-279e7f35fa1e,21,1,9.244037031735434,0.8249474530922023
2980862c-2805-413a-a3f3-089480e081cd,2025,2025-01-04,8848c09f-0c71-4cbf-9d0a-84da72f6b649,fa6de946-411a-41ad-8bfa-6526c949108c,-8,0,-1.8079216680869925,0.39790337894647404
2ab6157f-f4d2-4be4-8609-a5718d5098ca,2025,2025-01-04,0b297e0e-e039-449d-b07f-f8e1ae96e3db,c6cabd85-4834-4f62-94ab-57143286b512,12,1,8.08781833259311,0.7731832043276444
2bebfa94-624e-411f-8ef9-6d05f0afe6e5,2025,2025-01-04,33652259-8f29-48e9-b213-0eabac8d926f,469778d6-39b3-4cd1-8bf4-f40903d78c5d,-1,0,-1.0391632726282254,0.4527470283135969
2ce42bea-037b-4f3c-a957-95202dcacab8,2025,2025-01-04,52f17f8e-1af3-4d55-8323-0292fdf33297,9b729374-1ae8-46e9-bfe6-2348cf00056a,6,1,13.719919390542263,0.9186716234776022
355fdabc-51a5-444c-a379-10f69da2d5af,2025,2025-01-04,0562b0a8-dbba-404d-9aa5-930ebe50c9b3,40960630-05f9-471c-b4a6-0eea2cb6345d,20,1,7.1831179958159534,0.7223567183947284
3a357379-3df9-4aca-8f4e-ffd7f0e750e5,2025,2025-01-04,195318b0-fa80-45e8-96b2-e83346e70a64,9007c268-37e0-4ab1-ac60-f9cdcb3a7a8f,10,1,8.380519877978287,0.8761307012092897
3a4f3cb3-0416-452b-a5cd-98c86943025f,2025,2025-01-04,31a68979-4cbf-4e59-be9e-82043f581ff6,a67d2a73-fb71-42b8-97b7-9b72a49efc06,1,1,1.2113853837863053,0.49404889476536484
3f7c5b7c-d755-4c8c-9b4e-66eef1df5bc1,2025,2025-01-04,391f303d-08c5-44cc-83c6-60595fc71068,bd53017b-0998-4291-a0d1-1c9f45306402,4,1,-7.851339633935324,0.22069119491727748
3f8c249c-e8dc-4c55-b7b6-6c7c6a08aeaf,2025,2025-01-04,19b01b27-3931-468b-a50c-6636aef39c7e,ccaa9380-5136-4fd2-b639-f5f54936ac7d,11,1,14.001257570460488,0.9372674582018092
43530198-8b8e-4983-a2c5-0ed02d374d7f,2025,2025-01-04,41ff62eb-8cb9-4e63-9c2f-50989d3e65c1,6b776d4e-7c15-4c08-b195-ddf7052c762c,-8,0,-3.3012212534351066,0.3666509667409195
4376ff59-c8e7-434e-9d24-4e021235e73a,2025,2025-01-04,fcb7d38a-6efc-47b3-b7af-3dd5ea07e8e5,4f9d3323-4211-41f2-8211-76b7efd6246f,30,1,3.635934673196896,0.661453685485943
44b10063-8a3b-49f1-92a3-b824cf7dc98e,2025,2025-01-04,3a2cf934-5d3b-4406-a458-0c76b7b9d65a,e732f6ff-8488-4df9-8756-f1cbcec88e33,27,1,15.259763006768429,0.9546635932061787
469e6f14-2a69-4c3c-af5a-e627bbe6cd34,2025,2025-01-04,52355b41-c560-4fd9-b83e-3bec2763822d,9ba3c8fb-1162-47a1-873e-6cf11475a094,-8,0,7.9609809894465275,0.7809752568372983
470145a6-d56f-4ca4-9839-1a4401596d7e,2025,2025-01-04,08e7a657-2b9a-4055-beee-621379cea4b7,f239ac13-f7a1-4acf-90a5-3cf4c6fd3355,-5,0,-5.684815020345736,0.30571958449190795
47e56e4f-2249-4af2-970f-e80e5e1eb923,2025,2025-01-04,19313cd7-ad44-47d9-a9ef-b9e0c7238466,f1e9470d-a3c7-4ef1-8583-6bb917490ac3,11,1,16.412912755903644,0.9400876785222751
4b1ece8b-c6ae-4695-98eb-fd6daee9e2b9,2025,2025-01-04,f02fe504-2b2e-4ed7-b9c5-4c7e6e224682,bb02a3be-6beb-4745-b200-3a49f5224f0e,12,1,11.15845925084687,0.9005077655179289
4b210c72-e26a-4162-bcba-1f9659bf89d3,2025,2025-01-04,14a1f904-5f97-4e98-885e-5d6c4f102ea6,e1c5e9f4-197f-4a7b-b871-bdf72ca0cf3a,26,1,6.191176197790411,0.7348162592943706
4bc7c7ac-d922-4c02-8800-ac8a000ca956,2025,2025-01-04,ab5be1d8-ac8b-4c5c-8e26-320585a8bdef,d756733f-2d8f-4ed6-8b7f-dc7804a270af,15,1,0.9015669166402517,0.6082988339653396
4fd3126c-43aa-40e5-aae1-7392b3b577f4,2025,2025-01-04,46671d80-ebfc-4f9a-8eae-19249794115f,000d55e3-3608-43be-aebb-6926cbe6b7b5,20,1,3.0397295235085955,0.6017199965359498
50b91839-ee40-4ee1-8d18-07d4a6acfec9,2025,2025-01-04,cb86bdfe-2665-485f-9a44-846b23bdb2c3,741b4fec-9ede-4efa-a807-8c1679e962a6,11,1,6.253588045320496,0.7058176697407119
5189fba1-436b-482c-891a-6dd956c4a362,2025,2025-01-04,cc4cdd9c-0563-41d0-bbb7-29b825db8e55,0eb90dc3-2a1e-43d8-80ac-bab6d917f78a,8,1,15.758172806805776,0.9374820837566878
51b58d6c-8547-468b-b514-0f3ee2a3d426,2025,2025-01-04,ad21cf61-9161-4409-af92-468be5a0142f,aecf6cf2-725b-4450-9b49-8491e6a4ee0f,-16,0,-1.2498825987637985,0.4662089528625609
52932602-98b8-4eb5-8197-871b5e110059,2025,2025-01-04,9f7dac5e-38e1-4e63-9e50-e6b0d822fddf,4319d016-ec3c-434b-9398-c88b1bfab01e,18,1,-4.134397002656807,0.30387584691481906
54f3de9e-a200-427d-abbf-f0b5cb6e2fb1,2025,2025-01-04,50ac73d5-f2f3-4160-add7-d0993eec32cf,6f7ff858-33b4-4d3b-b960-8a750dbe33a1,6,1,5.955052479467144,0.7890080177734892
5b45d3d6-0604-4242-a91f-8db2b884b73d,2025,2025-01-04,bf7cd127-c979-4181-8f7b-356415e2c15a,c504f52c-c325-424d-ae65-da37bf8e5820,-8,0,11.770775448064834,0.9062693518322246
5cb7c44f-408c-4ed2-9ab3-f635bdad0c4b,2025,2025-01-04,c7e47abb-629e-4b69-8d41-c87333fbe6b4,d52e191f-c4a5-43a8-b16a-1d87ecf7ce9d,5,1,7.911760564927849,0.8292588586208791
640a97a0-0980-4271-a95e-be28967a479c,2025,2025-01-04,a2f3412c-1391-45d6-9516-eeef28f38cff,64975048-1db2-4ded-ad28-05b8d8aa9c66,-23,0,-21.626071819460666,0.03199260161394992
6838b5ed-8033-40f8-a0a8-6d8aaebdcf87,2025,2025-01-04,8deb21ba-48b8-491c-89ab-0b360062d211,81ce1538-893e-4f62-9812-5468866f484e,12,1,2.231907720183232,0.5402715592903743
70c4d13e-c6b9-4820-bc57-2dabf069b82b,2025,2025-01-04,c4972de1-bfaa-4820-893c-10adf1095f0a,a6dd499a-eb6b-4f8e-9094-d8eb96b3547a,-9,0,-2.6586170030176834,0.4135479418645179
735b8a0f-7be1-4cae-9bc8-bd18a1ec75fc,2025,2025-01-04,5c86ee1e-ee35-4d51-bc08-bbca68bc90f1,5717b8ad-bb6c-432d-b223-01a330a59686,24,1,12.451792219538751,0.8935140164616788
75b685a6-4dee-4af1-98e8-a91dfad6a328,2025,2025-01-04,f4598131-de83-4e8d-b7cf-dc008ccca8aa,c9942b49-0bf7-4dda-bc78-bf2e3b174055,24,1,9.79547954781376,0.9097556361778042
786c8111-714f-46d6-b549-91fa694c2290,2025,2025-01-04,c514a4b8-22c2-44f6-a118-250ae80751b0,58fdb1cf-11b4-437d-a338-e497be161811,17,1,3.9886607172171735,0.6122476613513852
789b96f4-ff7c-4482-a5c7-f7f893df5970,2025,2025-01-04,51d48e8a-41da-4087-b00f-c65fc8fc1ce7,d2d39132-b6f8-4e0d-96d2-4e89419550fa,-7,0,-8.16917354332717,0.2160005137677727
7984941d-c045-4602-bcc5-45e4f00da4ef,2025,2025-01-04,4a976ca8-f51c-487c-ba87-dae41ddaee24,78d97761-b499-435e-9097-b9d553f3ee67,9,1,-7.171156031525128,0.3430197505809389
7a618303-8675-44f0-9da6-2157f698b891,2025,2025-01-04,0f0ea376-1ea4-4b1f-9a4f-e7301a0318a4,02361e70-3d89-4b56-8d25-73ea2ee389ef,-28,0,-8.616782804310224,0.22802855284904697
7e9a58b9-bba4-4c3c-bbbc-abc1f23df3f3,2025,2025-01-04,1835c2ee-1e17-4d18-9ab8-a1bb3678b947,3aedc020-716e-4a2c-a7f8-ab1abaf53d87,14,1,19.042772799825652,0.9678006362859047
7f0b8882-4cf8-411a-a5cd-009ca75654f6,2025,2025-01-04,241f50fd-2121-4b74-abd9-2ddb98d74a2e,326d518f-eb6a-47aa-9739-13bc340a9a3c,2,1,-0.2268341079882928,0.4376895974289268
839086ee-954d-4896-aa45-9c09e32586cb,2025,2025-01-04,14b85f13-07f7-4bd1-8f5f-32720dbe1c9e,a2a4c8c1-e611-4717-92f2-fccc9217a883,-19,0,-5.318926996447432,0.2580228947985184
84bbad77-1906-472c-8282-8cfacbf69d2d,2025,2025-01-04,58d76bcb-6251-4be3-9fce-6e748e521d87,2866b25a-1e5a-42be-8763-ad87278ec1d9,5,1,6.509825431590765,0.8293784277805516
853ec519-498c-4386-b072-c9ad7dc1e2db,2025,2025-01-04,f3885a3b-f43d-45ee-96e1-f650af90dc9c,6628afb6-e6fd-4d7f-be94-a19527da56fa,-32,0,-10.343158561578207,0.09750370367134875
864851eb-1758-491a-8bd5-0f39689ae050,2025,2025-01-04,88c5646c-b1a9-42f6-999b-56d8198e37ea,7532f347-4701-4460-abfa-98034c2ce687,18,1,12.802572815079756,0.9359161208437543
876a743a-0047-44aa-ba7e-4983c2332758,2025,2025-01-04,700f42bb-65b8-4e08-bfdf-8dba2e0bd260,b8772a3e-c4fb-4396-8eb8-b30c8a36abb7,9,1,11.61643959195121,0.9005023671584756
8771b631-c6d7-4e20-a211-6d01020cbe6b,2025,2025-01-04,48f318bf-54e1-4e42-b6e9-47c3bdaf4fb8,6d128962-ec20-462b-bbdf-1e785b40d288,3,1,-1.0964628079381555,0.5161468674311319
8a2a8998-d676-4329-b084-218e2a347a36,2025,2025-01-04,b58599cb-bbcd-41e0-9746-6ce1ed5597d3,83384eea-0854-4284-a875-f47d9b0c31d8,5,1,5.876477763915697,0.6816700809074364
8beefc41-1b52-419e-81de-39a886fc072a,2025,2025-01-04,7cf9cb31-3bfd-486a-90fa-8fa6f3bb44a1,f0929311-9f5c-421d-8573-4b4bee0c314f,10,1,12.179769547266257,0.9133632748789091
8e0f63ad-b520-4433-8dc1-ce7593298e25,2025,2025-01-04,f2fcffd8-915c-4fdb-a632-8b5b621bc999,c91670da-50fe-4e29-9e0d-e0a2d01897cf,19,1,5.942694636214807,0.7660899787438775
90957a4d-d541-4754-a8e7-c914b69ec625,2025,2025-01-04,01f45e3a-e22b-4c25-b1e8-0d5ac80e6a5e,bbd86984-093a-4854-845d-01d65716f8fa,5,1,-3.090679514143349,0.3934091393626091
92b7402e-85e2-4cc2-a142-c1dfdd0c8b63,2025,2025-01-04,d6a348c1-3237-43da-8690-d309d586a66e,593820ae-e46e-43a0-a5b3-904904eb9cef,9,1,4.54694896097569,0.7161078207814663
93649e29-adb1-4f4d-8d67-a66316203411,2025,2025-01-04,f0489380-9e3d-4613-ab85-fc32d9368997,7e838ebf-74ed-42de-9f2e-d8057aa77de5,-3,0,0.47545138943428705,0.5631601191402351
958b5ef6-9310-4ea9-827c-75441173d8fe,2025,2025-01-04,1f8df44b-d154-4a8f-8c48-32b36db0cd06,69293aea-705f-44e4-81db-36e52bcb1813,3,1,-6.188254197194418,0.28303986395185615
9b2e7d95-844c-4268-af0a-ef91de2410eb,2025,2025-01-04,b24e3987-105a-4e03-8184-b15b2947a98c,2fe58a98-ca14-421d-83f6-aac80bab3780,6,1,6.258519897132485,0.6747197657325701
9c0fb063-489a-4888-acde-60022093bf1a,2025,2025-01-04,be595032-d4ed-4bea-95de-22a18feb02c7,6e056aa7-1906-4546-b6db-5910356fee72,-11,0,-2.848387825312054,0.4626045830774985
9d112d36-79c6-49d7-bafd-a0556991bda3,2025,2025-01-04,47b99bcc-2f9a-41d7-8d7c-3f9e93809210,06f12e7c-35a4-46e1-a2ed-0cacb16f9b68,6,1,1.6656557175494104,0.47743768066290326
a060abd4-15e8-4805-a7c8-38cc87a58005,2025,2025-01-04,223e59ef-679d-450c-a409-d6ff2a5b5cc5,3bc11d41-6e7a-4932-b0d5-e15a8f310406,2,1,-0.7717861570569159,0.546806022921266
a2984d20-0ae8-40c6-a653-52199962c2e2,2025,2025-01-04,63da3cbd-f74e-4ba0-8273-8bca25a54f73,ba8ae2ef-827b-47e0-bcec-bf76fe44e37b,-20,0,-9.417059933942037,0.19153587143209735
a2fdb37f-0331-416a-af24-91a293aff46c,2025,2025-01-04,cf3707e3-2f2a-44dc-8d7a-4d16b2fe78ee,dd8a7533-5e77-4aee-99d0-4c56a7ff74a7,-28,0,-19.20175925261201,0.04944544588957016
a3aad379-33ae-4785-9748-0f6576b1b8ee,2025,2025-01-04,9fb181a8-2807-4e27-9442-8e09de6c9575,4edc5314-8f1f-46cf-90fe-fc3094be42cf,3,1,4.118430437502527,0.6485142565033909
a491ec99-f3a1-41f6-adb7-4e705dd12e7a,2025,2025-01-04,c9bad532-d6c4-4187-8958-37ef239495a4,48dab38d-2a0b-4201-94d9-c6ffaf736974,-27,0,-19.492401208619313,0.03610952733528544
a6c6cc8f-14c4-4497-9c56-bfc8b961bc79,2025,2025-01-04,b31c989d-1667-4be6-8a91-193cda486b3f,3e287cd2-e8fe-4612-a996-d02de5cd9fb2,19,1,3.745876148901514,0.6839575571842856
a838f05f-4bdf-4591-beb4-0a2aa497de45,2025,2025-01-04,483b9ce0-4c9d-43d0-979d-831c7298213f,af50adaf-e9ac-42bd-a6a9-7ae8e4dc4a8b,-12,0,-6.277000013154089,0.2865054733226639
ac999e77-b7a4-4e53-8d84-822353c7fd23,2025,2025-01-04,8a391aff-89a4-4586-9d57-71299178703c,ddb253d9-6526-4c32-a7a2-4462d6abe45c,20,1,7.884405362001809,0.8094304737450484
adc1b03f-2bb7-4f05-9289-9008ce1b59df,2025,2025-01-04,c90512ea-4ed0-469e-a936-7935ade0caf0,a79a95b3-2101-4649-8f36-782b24edba79,11,1,7.659906427006761,0.7486216887402742
ade4cea5-2b24-4d25-8d8e-2ebd83823724,2025,2025-01-04,5c7c373d-1822-4c63-aa7f-64745cc99c52,308dd2dd-d731-4927-9bf5-e8aad5900158,-9,0,-9.820144840439957,0.1893952647659231
af0e457c-cd51-4e31-a5b4-4f24614e0465,2025,2025-01-04,ff488f80-9f05-43ba-b8dc-d7693b84c0ea,c878fb5c-c2e2-4f40-a5a0-f297cc0e51b8,6,1,5.612543351424829,0.7496438659520478
af5b10d3-7db6-4410-81b3-f5fb19c2cc42,2025,2025-01-04,76eb53c2-0367-4d59-b619-799a7aea658b,03e9598c-4271-4840-ae88-7c7c36f2b10e,35,1,9.531295829035688,0.8717421447344439
afb8e9b8-190f-4936-8892-1112771a586e,2025,2025-01-04,42a1b5ec-9263-4e7a-8f55-df64f85505e6,d1dca835-9ba3-4f00-89e0-533fcfd2b27f,13,1,7.709561064679336,0.8054265672567608
b6f73f24-9e5e-42bc-aee0-250b9105b156,2025,2025-01-04,e51388ec-8e0a-4c32-a70c-4890e3e61d3a,7d5a75d9-3168-47d2-92b5-e680e056b479,32,1,11.468666869564837,0.865948516747178
b9858847-29f8-4eed-8b8b-2e06a211244b,2025,2025-01-04,d65f3ef9-cd07-4472-b901-9b3ba2b35764,d894373b-dca9-4d1f-a9c9-a123f8c1b600,3,1,-0.6262882057172253,0.49180385920440395
b9d16655-224e-4856-a854-86ef35439525,2025,2025-01-04,17ba9bad-9d46-41c6-9781-6a1e204da7b0,68a583e2-b11a-4a35-b102-095903fabdd8,24,1,4.372125822934286,0.6448645596832975
bb30ec1e-e6e0-471c-b3a7-2a74fcec4d09,2025,2025-01-04,3ed32cdb-d2a0-473e-9db0-fd63aaf9013b,904ecc4d-857b-4150-b986-50e605d84b61,4,1,9.756672117932965,0.8715276659553997
bb813ef4-7db4-4c72-a9f8-82fb7deb3355,2025,2025-01-04,be9af39b-8a19-4b9d-89a3-bc6dd35defa3,22865798-3256-425e-8eb5-60e1edf9403f,1,1,12.16224332685111,0.9080216275186466
bba80f63-3f68-4871-a3cd-2b25e23868d9,2025,2025-01-04,12d2dbd5-0799-448a-a49a-671c218c8bbd,41e19184-6f6d-4838-b789-d8553db45753,9,1,9.022290243871366,0.7794275229225787
bc2640d4-edb6-43e6-b775-9b6cbf198743,2025,2025-01-04,5858896e-5e67-463c-a38c-c7431f157945,cb8412bc-37cc-43bd-b58b-a5e5956df339,7,1,5.435873829967826,0.6758472978444943
bebbb5c4-9687-4c3b-8a44-48e23c45f585,2025,2025-01-04,62d54283-52d6-4daf-901e-b6ae1bdf29c0,144de2cb-963b-480b-84b4-10b39d4562ef,16,1,0.8130319326480359,0.5951077972361309
bf1202d4-552e-4458-977d-0a9d506afd16,2025,2025-01-04,a7689181-61c1-492f-83e6-a64bca6e04f9,0f0aab5c-26db-447a-b6b5-a264da5b140a,7,1,-6.926193421145207,0.2565323545467451
bfdf733f-3340-4adf-8ab3-43d5a34b1d83,2025,2025-01-04,85708ae1-7d66-437a-9d70-bcb680bdfa86,61ce5009-1768-42aa-b377-fd95cefd07af,-4,0,3.4685165041803887,0.6112446301285303
c0135c2b-074e-4a2a-bb86-da65c8143601,2025,2025-01-04,d75e1814-b8c9-4246-b06c-afe60d661528,935d92c1-aca9-4b21-9e0d-b6c396fb067c,-20,0,-3.7655930067490235,0.38413648911760806
c0fe02a1-91fa-4723-b6b2-86d07d383629,2025,2025-01-04,5320a4de-9279-4990-9ee8-6638339220e0,02073ad7-1bb6-47dd-a1fb-fae5e0bc2ed7,9,1,4.558246882632113,0.7580220924791676
c471f8f5-8c4f-4b98-a43a-fe0ed9a4a884,2025,2025-01-04,75628733-1eec-40f9-a6cf-07501979c4b3,52414cfe-b45b-4eab-a88b-e509aa446dfb,8,1,1.6962222381526304,0.48367953779527567
c5a952c8-5666-4b32-b4f6-d74c75b5b4bb,2025,2025-01-04,46a5f9e6-fe34-4ea4-867d-ba4e31297465,02ee8976-6844-4a27-9f72-aca9acf8f5d0,-19,0,-20.471348271086384,0.0408793442141969
c5feb47f-8e62-46ea-b6f5-c3cd286fdf5c,2025,2025-01-04,07b4923a-16cd-4490-8ae5-d61599212ab1,851d8a88-2edc-45bf-b180-7b6c1744f5fe,44,1,11.991594825052347,0.8992764853534837
cd0456b8-3d8a-4576-abb8-1b4f89549c12,2025,2025-01-04,17dd690c-8f33-4c2e-94ef-326bf0628517,fe967dc0-fdb0-46b0-9629-0fd108949abe,2,1,7.837110922467858,0.8683301458635528
cf852107-7129-41ca-8883-6f32f2233687,2025,2025-01-04,bfd9aeef-b698-4868-8a44-436dd23e4ae1,0485ce67-c9b0-4725-be73-d3185a14e575,23,1,8.397811615397046,0.8377516313949906
d04dfe4b-6885-4265-9d74-08949fa855df,2025,2025-01-04,70746950-a861-447f-a9ba-f53e329c27c1,35163246-626a-4e63-899d-7a3798e88277,-17,0,-1.1360687523881217,0.4715715774195442
d2c58167-7960-42b7-94ee-b3d514039a34,2025,2025-01-04,d0c9e56a-ea87-4a77-8ea1-93b43e2aa99f,f5ed0adc-4078-47c4-aba0-3dd2de221774,3,1,-10.969353875699447,0.09680851088780455
d362f3d8-c8b3-4963-886b-b638ad9b4cb1,2025,2025-01-04,2dbbcf87-baa5-4154-8071-c62e522990c6,88e83e71-3235-4c21-85a8-da368f34e5fd,-3,0,-3.3789841978881783,0.3489076284715415
d6f40ddb-fd3a-4b73-adb3-7a11411165e4,2025,2025-01-04,6dcee41c-8ef7-4afd-aa5e-6e7fa77886e0,42833efc-4047-4751-b5dd-8f5c6d05e355,31,1,9.247685262709316,0.8790171995293539
d8166411-6bb1-40cc-b52c-630c866bcff9,2025,2025-01-04,78926156-3797-4ad3-aa39-fff13a311d02,cabaff64-a388-4861-9374-977555d19efb,12,1,15.320693581628863,0.9447387681554339
db0c1de4-f7a6-4071-b8d2-e562e3dc96be,2025,2025-01-04,82d0fc94-2404-4659-9764-1b8186e037b7,2389c341-a290-43f4-b0e8-08ee6a15c14c,13,1,-1.6049513376497393,0.44563883739139676
dc54133c-d13b-4fd1-9b0f-79389d51ffc4,2025,2025-01-04,f89aec4b-36dc-4a40-a634-a744d4d646a2,c333af2f-2819-4e30-8541-dbb64eb01cbd,-5,0,2.0737551290334597,0.6705981479241023
dff4f1b6-0166-4115-8390-2e5ee3b7a3fb,2025,2025-01-04,4b6cd009-754d-44ee-9433-124bad801b02,983c0982-0fb8-45e4-829e-306cf787ba2e,29,1,3.2275026362583827,0.6755329327789201
e1efe38e-bd44-443d-9203-21c91684d862,2025,2025-01-04,43624e99-f362-48c4-b203-9af174b24be3,eb7098ac-5154-42da-b703-d3b3958b198c,-1,0,-8.25669547471479,0.25285524329507164
e224f24d-cf7c-4470-aceb-a5bf0736a0fb,2025,2025-01-04,a564f5c9-0e8d-44c8-a75d-b3b355370dbf,c921ba85-0782-4ce6-80e2-44f0c43d4f16,8,1,9.387834685801828,0.8319862467130997
e3109494-48e3-4a9c-883c-4fe2bc2176c6,2025,2025-01-04,79c6b473-0e11-4c2b-aa4c-8523cc9afa48,17eb5319-07ae-4f0e-b1d2-8e828b07ed79,-3,0,-0.9574734617474673,0.46125913086866743
e64f3cd7-fc32-44a9-bed1-d913c059f292,2025,2025-01-04,8e9b7d4d-1baa-4d3d-bb10-8950f4133b30,6578af6a-edd4-4185-82fc-cdb933362d97,2,1,2.232869361199263,0.5536078934364229
e8381f6c-d19e-4930-8d72-6b7ea056eb9c,2025,2025-01-04,24cced85-1369-4dbe-8abf-92fb8d456618,325d11bf-595b-429a-8342-97fe68b1a3cc,-6,0,-0.2671520687082523,0.4270775627710386
eb6a0e87-b6ea-439b-bcbc-a680f9060183,2025,2025-01-04,4926f0f3-ac12-4ca0-9cbf-eb99f9aafb78,4b7b8cc0-eb4b-40bd-a9b7-958fbe20894d,-19,0,-5.779599907845705,0.22518570348736835
ee6df9bb-429e-4ab8-a5a0-a6b1f7529f03,2025,2025-01-04,9ba0c75f-bad2-428f-9038-d695c2385098,a0bfc386-3dd9-4417-be3e-42f45cee6c22,15,1,9.10072571759098,0.7913946384839261
f02f246d-fa01-4b75-b825-65ca34ed2c09,2025,2025-01-04,705e808f-a589-4af4-8baa-45ce5b2e969e,7732f0ad-152b-481b-be13-de99facad3ed,-39,0,-19.092616041700026,0.03366582877492074
f0e193b7-4c54-427b-ac23-07333d6e41d2,2025,2025-01-04,d915e7c4-a333-4d6f-9c21-5904d58e75bd,628efcd7-4ae6-4bba-9542-11e108d22d8d,-8,0,4.449368394289814,0.7043868015121875
f4316493-21eb-42ca-b07f-8ccaca272dd0,2025,2025-01-04,7f0a740b-2a56-4bec-87c8-7bf2baf05d58,5a320db8-a83e-4f46-9418-25176d12a65f,6,1,-1.4317569602370326,0.4576424679638603
f46b257e-aecf-43a0-93a1-fca4850c2f7e,2025,2025-01-04,1b9c388c-a2e4-42dd-9e21-4841ed46cf4d,b704622d-2904-4237-b9a0-a9865096fefd,-20,0,-13.427064893975471,0.11041003736412931
f5a8b227-0429-4ead-8dfe-7f5b78f5a4be,2025,2025-01-04,af997d63-624d-40db-bffd-18de780e2f59,6bc97d46-dcb6-4437-a79f-2d351169817d,-29,0,-5.281532759973019,0.2316909320407604
f692b00a-ea16-4f91-9fd3-dc015077f27c,2025,2025-01-04,ad9fa352-0a34-41df-8ad8-38855ef63d91,fd64c7b0-4a53-4590-bed6-59bbcddb0f63,-18,0,4.797162410933226,0.668169672294587
f77e3a95-a598-4cb8-a1ca-20db62a3f475,2025,2025-01-04,dc7ff97c-c617-4dcd-89fe-5e702fd03890,ae911605-551a-46eb-aef9-06f9a60479c9,-7,0,2.8811016486075203,0.5975706595289729
f8bdcf20-ee5b-48b6-8bba-bdaf1f31b24b,2025,2025-01-04,871751b8-eb3a-4919-bc58-ab82887e29c6,75dd9179-8700-4b34-aeaf-2cf608aec25a,-8,0,-3.940393015214414,0.4076418889475909
f8c88815-80a4-4939-9210-dfe9be2e4f37,2025,2025-01-04,2fa161f0-e26c-49a0-8eb0-b2810c4d4845,69642ef6-85e9-4dfe-ab65-4cca6a1688d4,1,1,1.0155704808940684,0.5902374067731294
f8e44283-d632-4fde-b5c7-18bbfedf5f56,2025,2025-01-04,2e0b49d9-a257-42a3-955c-b0b0af5a12db,e6431705-05f1-4df2-9721-8369a3a493dd,2,1,-4.307469093440519,0.31697956731301324
fe94fc29-8e31-4793-aff7-2a575eddfcad,2025,2025-01-04,ff2fa864-282d-4503-9a88-8c10619b0e3d,cd6bef67-d192-4740-b7be-731c52686c54,20,1,-3.304605778306176,0.4133290564923458
fec94cfb-aa27-4948-bfc7-ce2c310febe4,2025,2025-01-04,0420bfac-8b45-41ad-b228-89893a037d4a,7c82650d-eccf-476a-b85d-69a73b6b7f8b,6,1,20.927426348112235,0.9899548928836157
0015d118-d5a0-4a04-9f71-7c2c5407c190,2025,2025-01-05,05005d1e-02c0-46c0-8b4d-19dc825698c0,3027d417-64d5-4892-a6c3-c77edfaff436,-51,0,-7.291176831056712,0.24685362296080995
0f0e240e-17d3-4207-9abd-bbbd6748199e,2025,2025-01-05,b04e184a-6805-475b-95bd-7e19d2fe95c9,f22ee0eb-5079-4c19-b46d-7d40e14d7636,17,1,13.754430622202653,0.9158944307875365
14959905-dc38-4040-9259-e55a4d88c4eb,2025,2025-01-05,cc0e2cc0-da4b-4021-8739-c0e7e235467b,5896c71f-aaee-4983-9da1-2e953c561786,-1,0,-3.2333400897933213,0.3347450092521247
392b9234-7a44-4317-afbe-e4c13cd637f6,2025,2025-01-05,f9261c55-02c0-49db-9993-f5d64a97b21e,62c787d1-5e5d-4e44-b6e8-1c208f874eba,3,1,13.56196284994125,0.9270646200942941
3be832d9-0b5a-4e29-81c2-46e06b4bf3b6,2025,2025-01-05,5d005d94-2060-493e-af42-31885c78962f,ed973a10-a469-4337-9742-eed664c61168,31,1,9.77164534644621,0.8383902440725309
3d363aae-d930-430c-b388-29eb8ae409a0,2025,2025-01-05,60adcfeb-0ca6-456b-b51b-d8d3a324c55d,231d7720-fba0-4331-b1da-8412227395f7,6,1,6.235590190266899,0.7842861755346946
42d1fea8-6aee-4a2d-9da6-6d9225323455,2025,2025-01-05,d8e2daca-6b8a-4f31-93d4-8cf6dd93fda7,861b8733-b443-47d5-9c5e-f56373a8fb9c,11,1,12.360043711631764,0.8473439763854215
43ab3e3c-9322-4154-91f7-8eb087da633c,2025,2025-01-05,a7fd1d4d-445e-4899-9731-00f7bff74284,5c6768d4-83c5-4e23-aafc-55ac70126454,-2,0,-1.3694889626758695,0.4608820487728472
45430cba-e96e-4995-a456-6b288a35d74f,2025,2025-01-05,c59d7c9d-7fd0-4a58-bdba-7904baeb0abd,8bbfa6f2-6178-4c2b-bf17-66fba7623c4e,14,1,7.560021563749073,0.8419262185298202
462d5641-9303-4583-bb40-5afc599225a3,2025,2025-01-05,b67edcbb-77d5-4a29-aa67-e1733b9a001a,bf32f747-5e9d-417d-890c-89407933c4c6,8,1,2.3428774089153435,0.6747862310507167
486c59dc-ce81-45b9-8226-9c231c53facd,2025,2025-01-05,b9840fe4-f776-405a-8b8d-3c388de0792b,c62c317e-e0ab-4b1b-a6b9-878965985154,6,1,5.198259681469741,0.7736675130208646
6c84df83-a1f5-4b55-aa8a-c031122b4b26,2025,2025-01-05,5d66e35c-66aa-44ac-b72b-33066edb3e20,829dbc21-e757-475c-ab7a-2a3172ec0683,-12,0,-8.916734581676653,0.15403251880692456
6cca83e6-84fc-42cd-aa9e-33c426a5b9bc,2025,2025-01-05,050cf087-6e1b-42ef-84fe-368ac1929774,b6c7c93e-bdd7-4df7-b73a-c1fbe953199d,-4,0,-11.67131146184201,0.09170158003149263
6f620510-65ec-4e78-a158-97a7fe150ecd,2025,2025-01-05,17e47b02-02b2-4bbb-a838-a4695fbc099b,8d515064-54c5-4eeb-a095-ad7ac6839d0c,4,1,-2.044229415376541,0.5114105994437178
81feb040-dd7d-4c73-9da3-e963594ec8f8,2025,2025-01-05,3dd34e3a-6cf5-419c-8042-503af5d36e7e,8226bdf0-6c2b-4e2b-841d-e2a01a5e5145,-7,0,12.455884781441792,0.8948077514766152
b2d78795-96ca-41d8-8dca-e211ded7835b,2025,2025-01-05,6cd07c06-66e5-421d-a8d3-84cd9833bce3,ad36d475-e577-4c2f-b8db-b2d47d1fab15,-1,0,-4.311465119092445,0.31073654360175096
be87599e-a241-4f3c-90b7-2e7d569e27f8,2025,2025-01-05,08b7e4ad-da8b-487e-a809-741854d1008c,a46fdb60-30d0-4807-a2b1-e29d8d7c22b2,-12,0,-2.022820905511643,0.39325576639818705
c9bc5698-0160-4fd7-b6fa-6d6022a23798,2025,2025-01-05,9df3af06-d207-48e8-a010-41797b070072,a5ebc512-a148-4140-b60c-147132b3097c,18,1,9.89109639218112,0.805626758410754
e5102877-d38a-4c5a-88bb-bbdbffa3c5a4,2025,2025-01-05,daea7f8b-7386-4fa6-8921-870a3e848b4a,0a4ebb69-d8f5-4c7e-a7bf-b7ce3968f57a,1,1,3.0830330619051134,0.5611389034691313
e5f56fc6-f1f8-45f7-86e0-f86dcd2e3684,2025,2025-01-05,e20e16ce-0f28-40e0-afe1-5492395d5e53,2a57c531-b461-42be-bbd4-b080f188a160,-6,0,7.6265498961964715,0.8161899742481723
ec9ee149-de93-411a-915a-b61861588e5f,2025,2025-01-05,36b120f2-51ac-4dec-94ea-549d266507b5,9a0196e9-6b45-40b9-b0d0-df6bb1c90dc7,6,1,2.0580349998584975,0.6231746382382082
ed91ca53-ea2c-46a6-ae4a-5354df01f6bc,2025,2025-01-05,de0352b5-4ae9-49af-a027-b0dc86a005da,eb0507e2-4c2c-4860-ba0c-7a0a815425fe,4,1,2.3547034849732373,0.6316926080741574
ffc7aa1e-6954-485c-b1bd-f3bf189f8731,2025,2025-01-05,ba18e6aa-cbe6-493b-b91d-b0c8d4e8b0fa,8daceea0-e7c6-443f-9452-f56f9faa56de,-4,0,3.328252191921922,0.6613916360575404
1364493e-9c1b-47e2-b493-2887b66cf911,2025,2025-01-06,9f7dac5e-38e1-4e63-9e50-e6b0d822fddf,a6dd499a-eb6b-4f8e-9094-d8eb96b3547a,-4,0,-11.759347774508338,0.13090563926800333
17512c09-6903-4191-8c6a-0bc17302cb58,2025,2025-01-06,571d2904-70d9-4de6-abfb-1d716ba43f0b,6ba99b19-8a61-49da-9325-3e04939d3d5f,-19,0,8.026047191547844,0.8052938197340599
6e0b32e6-2e8e-4956-bb92-168ce7289964,2025,2025-01-06,6dcee41c-8ef7-4afd-aa5e-6e7fa77886e0,31a68979-4cbf-4e59-be9e-82043f581ff6,19,1,19.261928070606757,0.9814537534417396
7bf38930-9e8f-4869-a712-142bb6def5d6,2025,2025-01-06,17dd690c-8f33-4c2e-94ef-326bf0628517,0f2c89e1-1c22-4add-af3e-a7d9982de167,14,1,6.965072284740127,0.8122803523839062
88f52512-d2e8-442c-aaa3-19f51216a507,2025,2025-01-06,c4972de1-bfaa-4820-893c-10adf1095f0a,4319d016-ec3c-434b-9398-c88b1bfab01e,5,1,9.195862503332839,0.7563446074755098
a2ad1cb7-4faf-4bd8-be18-25bafa33b2c2,2025,2025-01-06,a6332591-4e2b-4b84-82bb-debc57b8b614,fe967dc0-fdb0-46b0-9629-0fd108949abe,-10,0,4.2535632503778125,0.7212157284039352
a37b6355-9287-47c4-be40-11f7d36d1adb,2025,2025-01-06,7cf9cb31-3bfd-486a-90fa-8fa6f3bb44a1,5b376c94-fc8d-4e0b-9977-1748d898ff24,12,1,21.510772059896496,0.9816420900313259
afb51ffb-2531-4a66-9eda-a17413496272,2025,2025-01-06,2e0b49d9-a257-42a3-955c-b0b0af5a12db,8860a6b6-e60d-437e-afc3-b42e8cab8d79,-8,0,-12.450566456045,0.0633642672720605
be54ca93-1e8b-42e2-a1a5-8a14449277ee,2025,2025-01-06,241f50fd-2121-4b74-abd9-2ddb98d74a2e,02ee8976-6844-4a27-9f72-aca9acf8f5d0,-23,0,-10.12501657159191,0.12424831421586295
c05585a0-dc5f-40fd-831f-5c692bed7c16,2025,2025-01-06,46a5f9e6-fe34-4ea4-867d-ba4e31297465,326d518f-eb6a-47aa-9739-13bc340a9a3c,-22,0,-3.822804650967983,0.3010179223422586
cbee360f-2d90-4505-a430-e59ae11a84aa,2025,2025-01-06,dbd1798b-2cf1-49c5-9f33-caefec39594e,f0929311-9f5c-421d-8573-4b4bee0c314f,2,1,23.000539971120887,0.9890691020189133
d82199ef-65c0-4b32-b6a3-11b8180ea5eb,2025,2025-01-06,483b9ce0-4c9d-43d0-979d-831c7298213f,b0e26736-fae2-4d59-85cd-4b5243f23c8e,-14,0,-9.522606755139979,0.1621513774611622
e1664d11-5305-4a8b-93c0-16c441a2d3f7,2025,2025-01-06,33efd80d-8446-4d83-97fc-e864b132a0c8,f829b41d-4185-4fb9-98e0-bd7bd9b6bd7d,-12,0,-8.65739885643926,0.1589868668330915
f9b44278-b518-4904-9f17-68daa499c8dc,2025,2025-01-06,ac42cc2e-26ce-4ace-8d1f-28d21a1c77b2,f9a35e93-6a9b-427a-8901-d74cf3f23676,-1,0,-4.260459342954544,0.3183008990071196
04eb3359-3b9d-4ff7-ba69-c5ad61da6fe0,2025,2025-01-07,48dab38d-2a0b-4201-94d9-c6ffaf736974,ab5be1d8-ac8b-4c5c-8e26-320585a8bdef,29,1,24.936794887050162,0.9858259870909808
0fa76bc4-cc6b-4b5a-b6f8-265625392c86,2025,2025-01-07,64975048-1db2-4ded-ad28-05b8d8aa9c66,cf3707e3-2f2a-44dc-8d7a-4d16b2fe78ee,25,1,20.7213620570276,0.9805373949657714
13d983e6-60cb-4a9b-a593-b6d70bf3dfba,2025,2025-01-07,eb7098ac-5154-42da-b703-d3b3958b198c,c9bad532-d6c4-4187-8958-37ef239495a4,15,1,10.791028112211475,0.8783125058409273
18767d66-6f16-4a03-9dd8-138ba11c3fc8,2025,2025-01-07,27bf19a7-be0b-4fa0-8dac-8d9b7df5f363,ce88cc81-96d4-48c0-ad06-ee0c2d3d7663,10,1,4.0237202053278605,0.6480429108337173
1a4c4924-9269-40f0-b3eb-157c885175e8,2025,2025-01-07,6b776d4e-7c15-4c08-b195-ddf7052c762c,76eb53c2-0367-4d59-b619-799a7aea658b,-12,0,2.3080582222305503,0.5573410381968209
1f1efdf2-c654-4f69-b332-ce76d5250662,2025,2025-01-07,5a320db8-a83e-4f46-9418-25176d12a65f,ba87013c-8cb8-41eb-95fb-16991c536506,30,1,7.382949117645862,0.7694369363168804
32792fd8-7ce7-48ab-bece-c542a935837a,2025,2025-01-07,144de2cb-963b-480b-84b4-10b39d4562ef,b21fc872-90f0-43b9-a07f-97e7531c8898,7,1,3.227754101194982,0.6217239420624967
337cec1a-dceb-4712-ae54-5c966364c79a,2025,2025-01-07,3aedc020-716e-4a2c-a7f8-ab1abaf53d87,375d7498-7795-4ff1-bcf0-e13cdaccd9e5,-9,0,-10.38695067121572,0.09715982297261372
34d673a3-ea7e-435a-aafc-e3fa0f065a90,2025,2025-01-07,24cced85-1369-4dbe-8abf-92fb8d456618,821de2da-b464-49f2-aeb1-293e7aedd6de,-4,0,2.067419530623646,0.6492106038058759
374fe6ee-6416-42c7-b78b-d393e0ed3a54,2025,2025-01-07,5ea1ef3c-5f24-4989-854e-a24a9e31ac74,f63b8169-081a-49c5-8b53-2f7b3e524fb8,-8,0,-13.016040953642324,0.10210088201778891
3add3305-8194-48af-bc27-0f54250a32ab,2025,2025-01-07,c504f52c-c325-424d-ae65-da37bf8e5820,1835c2ee-1e17-4d18-9ab8-a1bb3678b947,-8,0,-5.539655286141381,0.24710823055829934
3aee6ede-4450-4aeb-b13b-aa976ab9225c,2025,2025-01-07,7e01ae0c-d2c7-4d9c-beea-2da953b4c037,50ac73d5-f2f3-4160-add7-d0993eec32cf,22,1,9.511932766232942,0.8607782313832165
4f085360-743a-4120-969e-90615524c72c,2025,2025-01-07,c6cabd85-4834-4f62-94ab-57143286b512,7f0a740b-2a56-4bec-87c8-7bf2baf05d58,13,1,-4.738467580176687,0.2613692314867014
5ac6f81b-2bc7-4f06-a830-379ad8d45890,2025,2025-01-07,9123b907-3559-421d-be7d-7e238eb0c266,ad46d3d3-a8b8-45c5-a46d-913240ae2832,16,1,7.783122664510313,0.753436205986708
719d94f6-e3bc-475b-8edd-72b46f642c1f,2025,2025-01-07,b8772a3e-c4fb-4396-8eb8-b30c8a36abb7,d52e191f-c4a5-43a8-b16a-1d87ecf7ce9d,-17,0,2.977132725642716,0.6656338862999881
7a069da5-f992-478e-b0d7-407b0d039c0f,2025,2025-01-07,42833efc-4047-4751-b5dd-8f5c6d05e355,02361e70-3d89-4b56-8d25-73ea2ee389ef,-5,0,3.179371528723891,0.6340156799322595
877c541e-2512-49f3-8db5-b1a3fa8ca30d,2025,2025-01-07,c75216c6-4563-402a-b8d6-b8434793ea38,a67d2a73-fb71-42b8-97b7-9b72a49efc06,13,1,0.7351634549960451,0.4598208710207016
97a7d85b-fefa-427b-8327-1daadc2cb621,2025,2025-01-07,d9fdf72a-562e-4e19-ba2f-faa3de20ace5,f239ac13-f7a1-4acf-90a5-3cf4c6fd3355,-19,0,-3.418086823731377,0.3706204430467522
99388872-33f4-4f67-b01a-e52cfecb0b23,2025,2025-01-07,db5b4ba8-4030-4125-845c-337b3ed300b4,5f1bdada-9e34-442e-b575-0b6a9114f1ae,8,1,8.096160332147925,0.8247752560041886
a23ee5ee-d30d-4027-97b6-040ba98197e6,2025,2025-01-07,c7345766-a5fd-40e1-9757-26d62af0b9af,cc4cdd9c-0563-41d0-bbb7-29b825db8e55,-10,0,-5.77000810802619,0.25796551493018516
b04b17bf-f62f-40cf-841e-5d2ec4c1d6d5,2025,2025-01-07,325d11bf-595b-429a-8342-97fe68b1a3cc,3ed32cdb-d2a0-473e-9db0-fd63aaf9013b,3,1,0.18096448919369362,0.4455442129122526
b33fc081-1950-4cb3-9fb4-c14d017a5f8a,2025,2025-01-07,c4101885-e600-4596-80ff-bc637c56221d,7c82650d-eccf-476a-b85d-69a73b6b7f8b,27,1,22.54698616127445,0.9849400559529267
ba0d7bd6-db96-4a83-9ba9-25691bc3a978,2025,2025-01-07,f2fcffd8-915c-4fdb-a632-8b5b621bc999,0f0ea376-1ea4-4b1f-9a4f-e7301a0318a4,23,1,11.80309128166006,0.9204939984787793
c1c91924-b678-4a4f-a9df-8b42cbd77ca3,2025,2025-01-07,641dc594-03c5-4ae6-8564-0ccb3c8edc77,41ff62eb-8cb9-4e63-9c2f-50989d3e65c1,16,1,15.383799666486071,0.9252762597544676
c20b43a4-340d-4818-9338-e5395cdb74cf,2025,2025-01-07,c91670da-50fe-4e29-9e0d-e0a2d01897cf,08e7a657-2b9a-4055-beee-621379cea4b7,20,1,10.360198707067713,0.8618499127075768
c7245d0f-a65c-4e81-8287-5f121ec4d15d,2025,2025-01-07,31a5142f-21b1-4d3a-87fa-d39f7746b7a8,6e056aa7-1906-4546-b6db-5910356fee72,-19,0,-0.26319027915591087,0.5343841992531634
d2564197-56c4-4091-880c-38e440ba0fef,2025,2025-01-07,904ecc4d-857b-4150-b986-50e605d84b61,bf7cd127-c979-4181-8f7b-356415e2c15a,-18,0,-12.603791888436897,0.07579383747816838
d45d23ce-d243-4b01-bb78-0a48ee138377,2025,2025-01-07,6f7ff858-33b4-4d3b-b960-8a750dbe33a1,0420bfac-8b45-41ad-b228-89893a037d4a,-7,0,-7.792289544296125,0.16872698990521182
da38fef5-92f1-43ae-b0a5-3cdd34df4a99,2025,2025-01-07,40960630-05f9-471c-b4a6-0eea2cb6345d,351b4e0d-ecfa-4f26-963a-5d1e8b281052,-5,0,-10.242512131281384,0.13451176837550732
dbf10c06-ef58-4024-9cd8-74c3c4df9110,2025,2025-01-07,52355b41-c560-4fd9-b83e-3bec2763822d,19b01b27-3931-468b-a50c-6636aef39c7e,-3,0,-4.485329807202938,0.3474153661854364
ef0362b3-9565-45a4-94e0-e69ac566e153,2025,2025-01-07,ba8ae2ef-827b-47e0-bcec-bf76fe44e37b,78926156-3797-4ad3-aa39-fff13a311d02,10,1,1.6241453178990062,0.6027881791003606
f0bc6445-da18-416b-81cf-224a064259b0,2025,2025-01-07,983c0982-0fb8-45e4-829e-306cf787ba2e,7d5a75d9-3168-47d2-92b5-e680e056b479,-5,0,7.343305178626449,0.8371316465356935
f619398b-70bc-499f-b3d0-aa3f0d87e8d2,2025,2025-01-07,e51388ec-8e0a-4c32-a70c-4890e3e61d3a,4b6cd009-754d-44ee-9433-124bad801b02,12,1,6.9057680321070665,0.7212254803547556
002c9f93-cd17-40c4-b4b9-a73f8141568b,2025,2025-01-08,5320a4de-9279-4990-9ee8-6638339220e0,73493513-0a1c-4fec-9e40-429225bb809f,5,1,3.6715224880549635,0.669699774365345
00d36866-17de-4ff8-9957-e9dc61cbeb19,2025,2025-01-08,c7e47abb-629e-4b69-8d41-c87333fbe6b4,ed973a10-a469-4337-9742-eed664c61168,4,1,5.982970680040589,0.736739938689892
01263024-fcfe-4a79-ae90-78a5f540f2cc,2025,2025-01-08,69642ef6-85e9-4dfe-ab65-4cca6a1688d4,62d54283-52d6-4daf-901e-b6ae1bdf29c0,-15,0,-4.484849317465033,0.26394067134682153
024ea8bc-e2cf-4456-abc1-b555e61a8b8e,2025,2025-01-08,700f42bb-65b8-4e08-bfdf-8dba2e0bd260,3dd34e3a-6cf5-419c-8042-503af5d36e7e,-7,0,-2.3079171332085426,0.3347448249160625
04bc53b6-9086-4ea5-8a7d-3a3007b5caf7,2025,2025-01-08,cb86bdfe-2665-485f-9a44-846b23bdb2c3,b31c989d-1667-4be6-8a91-193cda486b3f,23,1,14.682322833634418,0.9147842571333893
09604045-4c0a-4596-b11c-d250d1915d7a,2025,2025-01-08,231d7720-fba0-4331-b1da-8412227395f7,9a0196e9-6b45-40b9-b0d0-df6bb1c90dc7,5,1,5.215714330672295,0.7348562561473787
1352fcea-fed3-47fd-a0d9-326f0889e327,2025,2025-01-08,561ee565-69fc-4571-95fe-32ac563e53f0,5d005d94-2060-493e-af42-31885c78962f,18,1,-2.4215983995540333,0.35031838262569265
1c5e2f39-fa4b-4ede-b144-d9bb06eac893,2025,2025-01-08,fa6de946-411a-41ad-8bfa-6526c949108c,52f17f8e-1af3-4d55-8323-0292fdf33297,-11,0,4.633835505976886,0.6565924114706879
1f106543-478a-4104-9767-5f1429cfca2b,2025,2025-01-08,861b8733-b443-47d5-9c5e-f56373a8fb9c,daea7f8b-7386-4fa6-8921-870a3e848b4a,11,1,2.0622428332263256,0.5835654312837965
2225ee7e-a83c-4b8c-8af4-b15643646f32,2025,2025-01-08,0f0aab5c-26db-447a-b6b5-a264da5b140a,8226bdf0-6c2b-4e2b-841d-e2a01a5e5145,-3,0,8.263478465071783,0.7934514030859976
37829abe-0452-45b4-b986-43b743e8f15a,2025,2025-01-08,60adcfeb-0ca6-456b-b51b-d8d3a324c55d,0a4ebb69-d8f5-4c7e-a7bf-b7ce3968f57a,3,1,6.285204700030061,0.8175220294101676
47b02946-d832-435d-b811-8f2c6443577b,2025,2025-01-08,cabaff64-a388-4861-9374-977555d19efb,63da3cbd-f74e-4ba0-8273-8bca25a54f73,14,1,4.8303816125298775,0.6386060291671407
48c3af6c-e56f-4d01-9711-ccc2f791f2d7,2025,2025-01-08,b6c7c93e-bdd7-4df7-b73a-c1fbe953199d,e20e16ce-0f28-40e0-afe1-5492395d5e53,39,1,8.943852148186327,0.8104301696691233
4941a376-5032-488e-b7c3-b8cdb7654997,2025,2025-01-08,66244ae3-7fd6-49a7-9304-4ae41bea9ab3,14b85f13-07f7-4bd1-8f5f-32720dbe1c9e,-11,0,-8.272313526079289,0.19601752075995973
4b8b26d4-f5b2-4cde-a701-16bbac153a2d,2025,2025-01-08,223e59ef-679d-450c-a409-d6ff2a5b5cc5,000d55e3-3608-43be-aebb-6926cbe6b7b5,6,1,-6.530024078397316,0.25036614261284407
4bbadd89-3092-417d-b4b2-0a80005c3314,2025,2025-01-08,3d3b199e-7c4f-4c53-b683-a77a8d8e697a,58fdb1cf-11b4-437d-a338-e497be161811,-4,0,-16.281881387521025,0.05101394457048857
4bec2f8b-4263-4a5a-b9b4-a667979d21b8,2025,2025-01-08,2866b25a-1e5a-42be-8763-ad87278ec1d9,bd53017b-0998-4291-a0d1-1c9f45306402,-14,0,-11.241196528586103,0.11360513134362071
50b6cb6e-d6b4-4409-88c9-87a5733d8c29,2025,2025-01-08,62c787d1-5e5d-4e44-b6e8-1c208f874eba,0eb90dc3-2a1e-43d8-80ac-bab6d917f78a,19,1,-1.7399652627671434,0.4491892338029314
5e05c87a-31b9-4e86-9106-47b01ff3b715,2025,2025-01-08,a2a4c8c1-e611-4717-92f2-fccc9217a883,d75e1814-b8c9-4246-b06c-afe60d661528,12,1,21.088916951104444,0.9873061385355076
6138378a-32c1-489a-a391-755f832dd461,2025,2025-01-08,06f12e7c-35a4-46e1-a2ed-0cacb16f9b68,1799ef2d-85d7-4ba9-8048-33b1956ab3db,4,1,-1.3053265289348601,0.459978524484462
65a19c7b-fce3-4830-b766-72fa5305a750,2025,2025-01-08,d915e7c4-a333-4d6f-9c21-5904d58e75bd,cd6bef67-d192-4740-b7be-731c52686c54,4,1,-5.415273773222893,0.33469875540668875
6bf76ef4-8ec6-4ce2-ab42-eafec668082b,2025,2025-01-08,88e83e71-3235-4c21-85a8-da368f34e5fd,f0489380-9e3d-4613-ab85-fc32d9368997,-2,0,-6.550019307076738,0.2970906570268631
6dc8e06f-024e-4dd0-9d54-c5af6ea7702d,2025,2025-01-08,a7689181-61c1-492f-83e6-a64bca6e04f9,026ac097-d80f-48f3-80e4-e6ae2b9ee383,3,1,1.7096548738851265,0.5630637067166204
70e0c584-d815-4c88-bec9-6c28b9daef1b,2025,2025-01-08,17ba9bad-9d46-41c6-9781-6a1e204da7b0,af997d63-624d-40db-bffd-18de780e2f59,4,1,1.8604654468680537,0.5713340666180433
71ec563c-0999-4ac1-a02a-25457c64027b,2025,2025-01-08,a7fd1d4d-445e-4899-9731-00f7bff74284,3be5fa30-2fd3-4af3-bfc0-39db2dcb523e,1,1,3.938097903657369,0.6756355487338559
74ae90e8-f8f8-42b8-9f23-bb9be9396c2b,2025,2025-01-08,eb0507e2-4c2c-4860-ba0c-7a0a815425fe,42a1b5ec-9263-4e7a-8f55-df64f85505e6,22,1,11.215961031417603,0.887597277721928
7b9bcfe4-9efa-4fcb-b3dc-02f68b3f0619,2025,2025-01-08,03e9598c-4271-4840-ae88-7c7c36f2b10e,397b5601-d70b-43a8-b259-1a752c68bb1f,-20,0,-10.751752401690503,0.1497857085042523
7bfbd181-37e4-4751-b1f2-ca2ef3936ab4,2025,2025-01-08,d1dca835-9ba3-4f00-89e0-533fcfd2b27f,5c6768d4-83c5-4e23-aafc-55ac70126454,-11,0,-5.750889536034997,0.27686363715647977
7c656b3c-6b45-4483-bed8-b20a8ad47224,2025,2025-01-08,1f8df44b-d154-4a8f-8c48-32b36db0cd06,ff2fa864-282d-4503-9a88-8c10619b0e3d,-8,0,-3.657595044413972,0.4151169747230898
7e891723-5408-41ea-9979-25e306e700ab,2025,2025-01-08,58d76bcb-6251-4be3-9fce-6e748e521d87,391f303d-08c5-44cc-83c6-60595fc71068,9,1,7.393535519256002,0.7610186137826562
82ffdc7b-17e7-4efe-b619-fbae558d36ec,2025,2025-01-08,f8ed9667-67c8-4fc7-a946-d81c4cbe8fed,851d8a88-2edc-45bf-b180-7b6c1744f5fe,5,1,0.21242887685664857,0.5636891275697473
8464bd8c-bcf6-4093-b2f7-a7b51b13a211,2025,2025-01-08,c333af2f-2819-4e30-8541-dbb64eb01cbd,bfd9aeef-b698-4868-8a44-436dd23e4ae1,19,1,11.235932784322761,0.8746271485861964
891678bb-5857-4329-b8db-07c13d852943,2025,2025-01-08,bf32f747-5e9d-417d-890c-89407933c4c6,36b120f2-51ac-4dec-94ea-549d266507b5,2,1,4.568429526456414,0.6973533170287716
8a63f809-b627-4b7a-880e-3c9a6efc1b30,2025,2025-01-08,46f85354-63b8-4744-8b13-341ea0a30c2a,7a78a9a6-0d5b-4fae-8fb4-98bc816ed903,29,1,22.210147182440714,0.980640354074714
8b70cf8d-26bd-4f08-a2b4-11233fc845e9,2025,2025-01-08,75dd9179-8700-4b34-aeaf-2cf608aec25a,44242fcd-cd9f-43aa-afc2-5a12ea89394c,1,1,4.128654246274341,0.7243641288004815
8d53a77a-1d10-4daa-8c63-f7a3c6f342ce,2025,2025-01-08,dd8a7533-5e77-4aee-99d0-4c56a7ff74a7,e732f6ff-8488-4df9-8756-f1cbcec88e33,13,1,35.027350483470364,0.9934667482348232
99ada479-233c-4776-acce-05787fb2980d,2025,2025-01-08,3027d417-64d5-4892-a6c3-c77edfaff436,8a391aff-89a4-4586-9d57-71299178703c,19,1,9.224313907025586,0.8419107902318196
a9968ee3-c377-422c-93fb-379efcdaa60d,2025,2025-01-08,b67edcbb-77d5-4a29-aa67-e1733b9a001a,d8e2daca-6b8a-4f31-93d4-8cf6dd93fda7,6,1,-2.220537880645741,0.3692324863456924
abe9f016-2119-4e1a-85d2-411552d15c45,2025,2025-01-08,2de57d84-8b9d-4def-9a66-315270ea5d18,0562b0a8-dbba-404d-9aa5-930ebe50c9b3,-2,0,-0.5508593368842518,0.5238824273433695
b729f631-3d88-44cd-a1d2-4ec60ded458b,2025,2025-01-08,69293aea-705f-44e4-81db-36e52bcb1813,628efcd7-4ae6-4bba-9542-11e108d22d8d,6,1,12.783466879370495,0.9171674217534109
c35372ee-b30a-45f6-9f04-9d08971e927b,2025,2025-01-08,02073ad7-1bb6-47dd-a1fb-fae5e0bc2ed7,88c5646c-b1a9-42f6-999b-56d8198e37ea,11,1,3.3531233310726485,0.6112287885221208
c5658652-8ff6-4ae1-b372-ab36a6c7442a,2025,2025-01-08,d26d7563-983a-4b9f-bf04-fa2777e0beb0,43624e99-f362-48c4-b203-9af174b24be3,1,1,0.10713722959770372,0.4615644380898235
d5f056be-2ac2-4ea8-878c-3938528d7545,2025,2025-01-08,05005d1e-02c0-46c0-8b4d-19dc825698c0,ddb253d9-6526-4c32-a7a2-4462d6abe45c,1,1,2.65956456712297,0.6372279485553786
d6a9e180-9b8f-4d59-8ff5-36534aa9f5f1,2025,2025-01-08,d756733f-2d8f-4ed6-8b7f-dc7804a270af,2fa161f0-e26c-49a0-8eb0-b2810c4d4845,11,1,11.331358347626745,0.9142850605946512
d77c3b37-7c03-4159-af13-cd3d723e02e7,2025,2025-01-08,07b4923a-16cd-4490-8ae5-d61599212ab1,f9261c55-02c0-49db-9993-f5d64a97b21e,2,1,-3.7304010419504805,0.3239423475177472
de7186a0-3d0d-4bdb-941f-df9f54c54b70,2025,2025-01-08,88ae8bb6-fbd8-444d-8d22-f485d82d2e67,3bc11d41-6e7a-4932-b0d5-e15a8f310406,10,1,-2.426938532778203,0.4349115629509289
eda618c6-27f7-4ef0-b50b-2525c7e90312,2025,2025-01-08,7e838ebf-74ed-42de-9f2e-d8057aa77de5,4926f0f3-ac12-4ca0-9cbf-eb99f9aafb78,8,1,9.450941166235165,0.8281255599224407
f45714a8-efbb-4785-8f08-395c53efc93d,2025,2025-01-08,3c9cd500-c6f0-4eca-b722-405eefd74003,935d92c1-aca9-4b21-9e0d-b6c396fb067c,5,1,1.8331670678814982,0.6283724852722631
fdaef79e-9e68-4985-9a8a-7221c0381b63,2025,2025-01-08,2a57c531-b461-42be-bbd4-b080f188a160,be595032-d4ed-4bea-95de-22a18feb02c7,13,1,0.4834668117790735,0.47228983439920574
04eaa38d-115b-4c4c-9d99-96f192e13a3d,2025,2025-01-09,68a583e2-b11a-4a35-b102-095903fabdd8,9fb181a8-2807-4e27-9442-8e09de6c9575,-11,0,3.468217070611485,0.6979638431550643
061fd5b6-af62-4e1f-bdbc-bdc4dc29870a,2025,2025-01-09,593820ae-e46e-43a0-a5b3-904904eb9cef,195318b0-fa80-45e8-96b2-e83346e70a64,-8,0,-9.271262167680362,0.21757198410354353
0937bbd1-c027-4511-b933-1d8ca95377e7,2025,2025-01-09,9e98a2ca-2d40-440b-b4d9-906cd168c9d7,f3885a3b-f43d-45ee-96e1-f650af90dc9c,5,1,9.204097129817125,0.8440962797690498
138de5aa-15ad-45c4-9d6f-b097408d8946,2025,2025-01-09,9007c268-37e0-4ab1-ac60-f9cdcb3a7a8f,8deb21ba-48b8-491c-89ab-0b360062d211,5,1,2.969872257582286,0.6689202760402955
17af843f-f602-4359-8778-c0df8c117af0,2025,2025-01-09,c878fb5c-c2e2-4f40-a5a0-f297cc0e51b8,5c86ee1e-ee35-4d51-bc08-bbca68bc90f1,-15,0,-11.00669753821679,0.16091550259012108
17fa3591-97af-4dc2-9ab4-2435682623af,2025,2025-01-09,4f9d3323-4211-41f2-8211-76b7efd6246f,2c1fdbd4-c0c7-4750-b829-f7a6b7bc5710,17,1,10.80955282637348,0.8401465054893092
2773065f-4e20-43d9-8f4b-a02eec47316b,2025,2025-01-09,f9a35e93-6a9b-427a-8901-d74cf3f23676,17e47b02-02b2-4bbb-a838-a4695fbc099b,-2,0,3.3140581908577675,0.6985147437337977
27846c1c-9a73-4224-b632-d30f9337e5bd,2025,2025-01-09,78d97761-b499-435e-9097-b9d553f3ee67,a2f3412c-1391-45d6-9516-eeef28f38cff,9,1,16.349671439787567,0.9847196433750735
2b0cf153-896e-4797-8ece-59ad2fa3624c,2025,2025-01-09,6bc97d46-dcb6-4437-a79f-2d351169817d,67503cd7-a244-4820-afaa-485db8ea877a,14,1,-0.7685960459642623,0.3775725545995246
3705579c-ac98-4183-a2b8-f3cce750d85c,2025,2025-01-09,0485ce67-c9b0-4725-be73-d3185a14e575,f89aec4b-36dc-4a40-a634-a744d4d646a2,-14,0,-9.548559278211446,0.16931377831916036
3a658763-a125-44b4-90ac-57ac2a9639c4,2025,2025-01-09,61ce5009-1768-42aa-b377-fd95cefd07af,b704622d-2904-4237-b9a0-a9865096fefd,-4,0,-1.534980736965543,0.4003356875592302
3b93a715-dc56-4215-a7b9-a1d42dc18398,2025,2025-01-09,33efd80d-8446-4d83-97fc-e864b132a0c8,9df3af06-d207-48e8-a010-41797b070072,-18,0,-9.39106632906623,0.14420623437792965
42f9a084-1aa3-41e8-a0d8-60a76e68a7c3,2025,2025-01-09,f1e9470d-a3c7-4ef1-8583-6bb917490ac3,d65f3ef9-cd07-4472-b901-9b3ba2b35764,-8,0,1.4573544501111486,0.5402872854993704
489c837b-b876-48ff-9959-f5b3f5eef484,2025,2025-01-09,307416ce-030c-4156-8d62-1e2632e9e26c,d894373b-dca9-4d1f-a9c9-a123f8c1b600,12,1,1.2557448635314088,0.5490973558880095
4ce888b8-c61d-448d-8df1-2c40f657ed59,2025,2025-01-09,d0c9e56a-ea87-4a77-8ea1-93b43e2aa99f,6f9a1a81-2dbf-490a-ba3c-8f8fadddd9d4,-13,0,-5.436130059912135,0.28675718420551244
5077851e-1de8-422a-b35f-26ca4148e078,2025,2025-01-09,bbd86984-093a-4854-845d-01d65716f8fa,be9af39b-8a19-4b9d-89a3-bc6dd35defa3,-1,0,-2.0986707863672955,0.4064352214038816
5654c39b-6aa3-4ffb-afaa-4b6013a2b283,2025,2025-01-09,51d48e8a-41da-4087-b00f-c65fc8fc1ce7,308dd2dd-d731-4927-9bf5-e8aad5900158,-16,0,-7.555129404702675,0.1674555609485512
63a789f3-ecdf-4285-af83-5e48cb7b37ff,2025,2025-01-09,7732f0ad-152b-481b-be13-de99facad3ed,2389c341-a290-43f4-b0e8-08ee6a15c14c,27,1,14.540231016291896,0.9411184430153025
6431bbbd-7693-44d8-a33b-3c7d227ddbb8,2025,2025-01-09,41e19184-6f6d-4838-b789-d8553db45753,ab7c4477-bd9f-4098-989f-243e41356323,-6,0,4.875529679561281,0.7927184265458415
654d9bdc-a055-4111-a618-9f1be4978fab,2025,2025-01-09,5c7c373d-1822-4c63-aa7f-64745cc99c52,a870c009-c0ca-48e9-a456-1ea2b2b779ef,-10,0,-7.414421017943318,0.2515409013156576
668a4e56-4d0b-4ac9-93a6-1e0a05978ebf,2025,2025-01-09,031d384c-ac9d-469a-985f-3214f2b9972b,8848c09f-0c71-4cbf-9d0a-84da72f6b649,4,1,-0.15465914965797686,0.4146864801585512
70ba1844-ab8a-4ce7-997d-5ade7eb8059a,2025,2025-01-09,a1594c03-e784-493e-8435-66f585997595,050cf087-6e1b-42ef-84fe-368ac1929774,34,1,19.340089821061166,0.9311690673347415
78f67b49-ab23-47ae-80da-1dc5c6f522ab,2025,2025-01-09,4a976ca8-f51c-487c-ba87-dae41ddaee24,70746950-a861-447f-a9ba-f53e329c27c1,-1,0,15.52563257576117,0.9223649034527712
7be1ba2d-7dee-4b4e-9e23-b58c1fd8780c,2025,2025-01-09,8dae6732-0634-481a-90ac-d73bf6a19566,6482154d-967c-4e24-af4e-6cdb9ef80e00,5,1,-1.3379119456482655,0.4497226903772624
7f62fdf0-e93b-485f-9417-c9fa47fc9dac,2025,2025-01-09,52355b41-c560-4fd9-b83e-3bec2763822d,b0ebd027-95a6-4e7b-abfd-c26d14470857,-5,0,4.149570904582709,0.7202854817266355
82edeae3-2853-4f36-a3f0-cf9c869bd104,2025,2025-01-09,9ba3c8fb-1162-47a1-873e-6cf11475a094,48f318bf-54e1-4e42-b6e9-47c3bdaf4fb8,-2,0,-3.2483896721172565,0.433544183639424
8759e653-f9f4-44b7-922f-24d5dbd0323a,2025,2025-01-09,6d128962-ec20-462b-bbdf-1e785b40d288,c87682db-2ff7-4c63-9820-df6c8409d5b3,11,1,11.47598469695206,0.9060290613633587
8d75a5eb-3537-4ffd-aaaf-3f53172db4e1,2025,2025-01-09,e1c5e9f4-197f-4a7b-b871-bdf72ca0cf3a,b58599cb-bbcd-41e0-9746-6ce1ed5597d3,11,1,9.813079037416163,0.8489552543904032
8f1e6cdb-8c1f-4ec9-84a0-174e718b059a,2025,2025-01-09,469778d6-39b3-4cd1-8bf4-f40903d78c5d,741b4fec-9ede-4efa-a807-8c1679e962a6,-1,0,10.81902943884017,0.8456167736879481
95d8d35e-5711-4045-89a3-d5fda882aff8,2025,2025-01-09,cb8412bc-37cc-43bd-b58b-a5e5956df339,871751b8-eb3a-4919-bc58-ab82887e29c6,-25,0,-2.9286833187107955,0.35423658713081824
9837f0a4-49ee-4882-89f9-3a414d860a11,2025,2025-01-09,4b7b8cc0-eb4b-40bd-a9b7-958fbe20894d,2dbbcf87-baa5-4154-8071-c62e522990c6,13,1,17.926486978776868,0.9543872497060165
9b736421-e048-4dcf-9e4e-398f170469b7,2025,2025-01-09,f02fe504-2b2e-4ed7-b9c5-4c7e6e224682,f4598131-de83-4e8d-b7cf-dc008ccca8aa,-10,0,-4.444292011807639,0.33291537438334134
9c8c6b88-25d9-4d22-962f-93b307aef3ea,2025,2025-01-09,4edc5314-8f1f-46cf-90fe-fc3094be42cf,3e287cd2-e8fe-4612-a996-d02de5cd9fb2,17,1,7.700242747417428,0.8194884849958819
9d27d4d8-a86e-4ac9-b39e-72429340d85e,2025,2025-01-09,de50cb63-b08e-4760-ad25-62eceb6c4120,9ba0c75f-bad2-428f-9038-d695c2385098,12,1,11.38561249510975,0.902847817897267
a6457053-ee4f-495a-9bd4-eb052e235863,2025,2025-01-09,416d2dd1-15bd-48e9-82e6-9277c0ab829c,c514a4b8-22c2-44f6-a118-250ae80751b0,-3,0,7.5782967893551785,0.7739508055372638
abc97952-2e37-42cd-a53f-80d83b045e3a,2025,2025-01-09,aecf6cf2-725b-4450-9b49-8491e6a4ee0f,ff488f80-9f05-43ba-b8dc-d7693b84c0ea,10,1,3.3036244990136026,0.6068216845336781
aedab549-9b2a-4af7-b5d2-d4ff5f13dc69,2025,2025-01-09,1b9c388c-a2e4-42dd-9e21-4841ed46cf4d,85708ae1-7d66-437a-9d70-bcb680bdfa86,-4,0,-8.175256360612758,0.19150005499585365
afd4a52e-91b3-4ed5-a442-e17c8acfbb0f,2025,2025-01-09,c9942b49-0bf7-4dda-bc78-bf2e3b174055,82d0fc94-2404-4659-9764-1b8186e037b7,-7,0,8.661494356285365,0.8306462985395262
b71af256-d65d-4d9b-9a25-679106edaa35,2025,2025-01-09,d2d39132-b6f8-4e0d-96d2-4e89419550fa,75628733-1eec-40f9-a6cf-07501979c4b3,13,1,4.248730637988641,0.6865397812521329
b7669638-c747-482c-8ee4-33d4a7666411,2025,2025-01-09,52414cfe-b45b-4eab-a88b-e509aa446dfb,c921ba85-0782-4ce6-80e2-44f0c43d4f16,-11,0,0.9589409336490493,0.5318333361210097
b8ace514-33ce-4020-8db2-c79d47603ab1,2025,2025-01-09,6628afb6-e6fd-4d7f-be94-a19527da56fa,77bcefa1-a18f-4280-a5c9-2d1573b78e0a,-2,0,12.650488940839539,0.9303929604639232
bbfcad6d-9783-4b66-aae9-04a513cff2eb,2025,2025-01-09,714115a3-e87c-4c38-be62-cfe9dada315e,83384eea-0854-4284-a875-f47d9b0c31d8,-23,0,-0.373513944260994,0.37676927739678856
be1ad144-ba47-4bcc-b51f-97a7d185a9f6,2025,2025-01-09,bb02a3be-6beb-4745-b200-3a49f5224f0e,705e808f-a589-4af4-8baa-45ce5b2e969e,10,1,9.797005418521287,0.852808665745619
be770e54-65df-475c-9914-5c68069e3d20,2025,2025-01-09,5717b8ad-bb6c-432d-b223-01a330a59686,ad21cf61-9161-4409-af92-468be5a0142f,-4,0,5.5899944521762714,0.7554753544755957
c66c9d13-ae57-4ed0-94d6-e0ced74d1181,2025,2025-01-09,9c04a238-121e-47ea-a3bb-436957b78a8b,a564f5c9-0e8d-44c8-a75d-b3b355370dbf,-9,0,-7.118640676669159,0.18340012514273155
ca592c2d-34a1-431a-b4cc-445169f9eb8f,2025,2025-01-09,12ae7230-4fab-42c4-a7d7-88e118290c3e,ad9fa352-0a34-41df-8ad8-38855ef63d91,7,1,8.37425955349031,0.8448622044222975
cc50bc6b-12ab-4059-b18a-053b316f8e28,2025,2025-01-09,ccaa9380-5136-4fd2-b639-f5f54936ac7d,12d2dbd5-0799-448a-a49a-671c218c8bbd,10,1,-6.15378046702183,0.23835029840260114
ccc952af-4956-46a0-883b-5d514f76a392,2025,2025-01-09,c90512ea-4ed0-469e-a936-7935ade0caf0,19313cd7-ad44-47d9-a9ef-b9e0c7238466,8,1,-1.1624927491669441,0.40045442319365
cf820dbf-456d-4d81-9c09-f0ca69fa61d7,2025,2025-01-09,f5ed0adc-4078-47c4-aba0-3dd2de221774,01f45e3a-e22b-4c25-b1e8-0d5ac80e6a5e,5,1,10.19413276545516,0.8527850946041349
cfdc6f65-87e8-4cf2-89b7-e78995cbe08a,2025,2025-01-09,fd64c7b0-4a53-4590-bed6-59bbcddb0f63,07c201cc-5a34-4a3b-9fc9-bae4c20b7c9f,-6,0,-0.8177611143703692,0.4081329019284534
d5be8b9a-ad99-402b-9d5e-5a89d85fadee,2025,2025-01-09,9b729374-1ae8-46e9-bfe6-2348cf00056a,e6a72d83-0126-42a5-b202-cd710e233fef,34,1,-2.532182244698391,0.32130045219518716
f04bfb5f-b2fc-4146-80c5-ac884ad23fa9,2025,2025-01-09,f3afec86-2594-4158-97d1-aaac68833b8c,81ce1538-893e-4f62-9812-5468866f484e,-6,0,-0.6124080729361663,0.5417597970137668
f585abb2-7a2c-4142-958b-e6dcbfd6249f,2025,2025-01-09,185c12ee-a2a7-4588-84f2-4b4b270a75a6,e4054827-709d-47e3-8f27-86b76b8f17d6,5,1,10.071599053494403,0.8650051790147533
f61d77ec-7c36-4474-8ab0-a8bfaadf2009,2025,2025-01-09,fa3cb393-e306-4365-b4c3-b3f62a5027d3,3a2cf934-5d3b-4406-a458-0c76b7b9d65a,1,1,11.11376771337811,0.8762362716843509
070897d9-b54a-4f94-a63f-fd40817af343,2025,2025-01-10,3aedc020-716e-4a2c-a7f8-ab1abaf53d87,bf7cd127-c979-4181-8f7b-356415e2c15a,-19,0,-16.673105092733465,0.047808493954047605
16120950-aeb1-424b-ba7c-c492dffba028,2025,2025-01-10,9c2f288e-9523-4b69-ae64-ab0876fec6a4,a46fdb60-30d0-4807-a2b1-e29d8d7c22b2,-5,0,-4.6606668917570655,0.31092124130002313
334eecef-6039-4b02-b2ab-661e3879fdcc,2025,2025-01-10,8daceea0-e7c6-443f-9452-f56f9faa56de,c59d7c9d-7fd0-4a58-bdba-7904baeb0abd,-10,0,-0.9304825107715239,0.4126843990464037
37892789-1e5c-4f2e-b6e7-aab3532ec9d8,2025,2025-01-10,fb109583-87bb-40c1-a02d-7d40bcd7c52a,5896c71f-aaee-4983-9da1-2e953c561786,4,1,-5.860377062547759,0.3460915060781157
3ce111cf-d755-4b76-ab74-eaa0920489e0,2025,2025-01-10,b04e184a-6805-475b-95bd-7e19d2fe95c9,52aab06d-922e-4906-9dc7-3c0fe7d3e2c2,-1,0,3.948024842588335,0.66145572054576
4ee9dc2f-1268-4907-9319-11b9c8c4d979,2025,2025-01-10,325d11bf-595b-429a-8342-97fe68b1a3cc,ad46d3d3-a8b8-45c5-a46d-913240ae2832,2,1,0.08566192314478802,0.5321944197102635
6907ead7-d417-4bc6-aa8d-b5221be5abf2,2025,2025-01-10,ad36d475-e577-4c2f-b8db-b2d47d1fab15,b9840fe4-f776-405a-8b8d-3c388de0792b,-9,0,1.3595423845566816,0.5269782848043425
6f079732-60b7-4a52-ba54-a0abbd4816e9,2025,2025-01-10,829dbc21-e757-475c-ab7a-2a3172ec0683,08b7e4ad-da8b-487e-a809-741854d1008c,-5,0,11.288046194269517,0.9071903201333532
b5d68af0-a478-45c2-8874-850431482d15,2025,2025-01-10,8d515064-54c5-4eeb-a095-ad7ac6839d0c,31a5142f-21b1-4d3a-87fa-d39f7746b7a8,18,1,5.780418987072073,0.6927002110845791
d8fb61c2-15ea-46f8-ac5a-12ab605e071e,2025,2025-01-10,c62c317e-e0ab-4b1b-a6b9-878965985154,7bc45016-4549-4672-9453-69c2a81aa576,10,1,1.9196842865623354,0.533876203186845
dbe74324-41d6-4472-841f-5a5398316b08,2025,2025-01-10,f829b41d-4185-4fb9-98e0-bd7bd9b6bd7d,ac42cc2e-26ce-4ace-8d1f-28d21a1c77b2,21,1,19.236139322719275,0.9855244011179048
f80abd0a-ffd0-4d7e-ab04-e2a531d02b2b,2025,2025-01-10,ba18e6aa-cbe6-493b-b91d-b0c8d4e8b0fa,5d66e35c-66aa-44ac-b72b-33066edb3e20,14,1,6.180181086469103,0.7242904329900677
fef8d033-7610-4da7-bff2-c8c93253ab96,2025,2025-01-10,f22ee0eb-5079-4c19-b46d-7d40e14d7636,6cd07c06-66e5-421d-a8d3-84cd9833bce3,18,1,-3.053430219449985,0.2920533931472478
00f34f49-82e4-457c-9b39-9122a121dbe0,2025,2025-01-11,78926156-3797-4ad3-aa39-fff13a311d02,62d54283-52d6-4daf-901e-b6ae1bdf29c0,20,1,13.91805138000993,0.9259389340645747
018734da-aad6-41d6-8b0e-00a9bbbd6482,2025,2025-01-11,469778d6-39b3-4cd1-8bf4-f40903d78c5d,67503cd7-a244-4820-afaa-485db8ea877a,-6,0,2.585945104630691,0.5683055064162476
036a2579-c430-4423-84e7-60486d0265c0,2025,2025-01-11,d8e2daca-6b8a-4f31-93d4-8cf6dd93fda7,60adcfeb-0ca6-456b-b51b-d8d3a324c55d,10,1,2.7043326206591662,0.6445613411343343
0acd5fb8-ac7d-4d21-be52-583ed1eea6c7,2025,2025-01-11,bc9cb402-a9b1-4644-acdd-ae7e0571be90,abb24ec9-06c7-4ac8-a0a7-299760b256d3,21,1,16.593601298308975,0.9578117787924216
0c2c8ebf-aafd-40c5-8824-640987273e64,2025,2025-01-11,d756733f-2d8f-4ed6-8b7f-dc7804a270af,63da3cbd-f74e-4ba0-8273-8bca25a54f73,23,1,4.952798683708156,0.7261732322124829
0e708fe1-4e6b-48f7-8e6a-d54c92612fed,2025,2025-01-11,fe967dc0-fdb0-46b0-9629-0fd108949abe,0f2c89e1-1c22-4add-af3e-a7d9982de167,5,1,0.38701451132620274,0.4639951904942362
14976b71-a19c-4a4f-9280-f6b729902092,2025,2025-01-11,c878fb5c-c2e2-4f40-a5a0-f297cc0e51b8,f3885a3b-f43d-45ee-96e1-f650af90dc9c,-15,0,-3.33508632175701,0.32899423910091075
165b30e1-3910-4f55-b9de-01097c03b4fe,2025,2025-01-11,47b99bcc-2f9a-41d7-8d7c-3f9e93809210,d75e1814-b8c9-4246-b06c-afe60d661528,10,1,5.2040607766547415,0.7032458886982891
170d9412-08a6-4f77-b771-6349cbaaf466,2025,2025-01-11,17eb5319-07ae-4f0e-b1d2-8e828b07ed79,dbd1798b-2cf1-49c5-9f33-caefec39594e,7,1,4.105260073043348,0.6950221988481395
22545ae0-6f9f-4f55-8cda-8838af750915,2025,2025-01-11,307416ce-030c-4156-8d62-1e2632e9e26c,d65f3ef9-cd07-4472-b901-9b3ba2b35764,4,1,2.4533182702359837,0.563839315325803
229d161d-fcd5-4d21-84e1-b27cc94e3f1b,2025,2025-01-11,c4101885-e600-4596-80ff-bc637c56221d,50ac73d5-f2f3-4160-add7-d0993eec32cf,22,1,13.101428588269263,0.9124557677070874
230061a8-0845-413d-a8c7-a2012cfc9fea,2025,2025-01-11,4319d016-ec3c-434b-9398-c88b1bfab01e,ae911605-551a-46eb-aef9-06f9a60479c9,-6,0,1.7832940431551871,0.5347914821337908
2859fabb-aa0e-44c9-8454-24eff62c4138,2025,2025-01-11,4b7b8cc0-eb4b-40bd-a9b7-958fbe20894d,c514a4b8-22c2-44f6-a118-250ae80751b0,7,1,5.509133323515108,0.7290661282362826
2c0483d3-ee2f-4908-8e3b-b3b032ea7254,2025,2025-01-11,0eb90dc3-2a1e-43d8-80ac-bab6d917f78a,75d1bc49-ce2b-4e7f-82f2-26e690f29375,-4,0,-6.777618407155318,0.21098041249549032
2c196894-1091-460f-b9fe-61385aac97c9,2025,2025-01-11,02073ad7-1bb6-47dd-a1fb-fae5e0bc2ed7,52f17f8e-1af3-4d55-8323-0292fdf33297,-8,0,-1.6601010612883913,0.48307920251157416
2e1de1e5-4ddb-4bbe-ae81-650a1c5aeade,2025,2025-01-11,27bf19a7-be0b-4fa0-8dac-8d9b7df5f363,2a57c531-b461-42be-bbd4-b080f188a160,25,1,4.645417508746557,0.6321143669266092
310f09c9-63a3-4157-aa83-2d1407d07bdf,2025,2025-01-11,02ee8976-6844-4a27-9f72-aca9acf8f5d0,326d518f-eb6a-47aa-9739-13bc340a9a3c,9,1,13.984132966795123,0.9224391151040595
3ad1def7-d443-41f6-bc81-af8bbe773ebc,2025,2025-01-11,40960630-05f9-471c-b4a6-0eea2cb6345d,ba87013c-8cb8-41eb-95fb-16991c536506,-4,0,-6.423104538367845,0.253600424557908
3bacae24-a09a-4f9d-924f-748ea3fc3f8c,2025,2025-01-11,9e98a2ca-2d40-440b-b4d9-906cd168c9d7,5c86ee1e-ee35-4d51-bc08-bbca68bc90f1,-7,0,3.5861234078290156,0.6541285630371667
3d9f1ff4-8b62-4ca3-938e-4093ce82da2d,2025,2025-01-11,0b297e0e-e039-449d-b07f-f8e1ae96e3db,41ff62eb-8cb9-4e63-9c2f-50989d3e65c1,12,1,12.897064377152763,0.9208209508793435
3da8744a-3674-4fad-b85d-34c847919297,2025,2025-01-11,bbd86984-093a-4854-845d-01d65716f8fa,e4054827-709d-47e3-8f27-86b76b8f17d6,5,1,9.033094218065862,0.8456541920529236
3f4c0b1a-c63b-41ea-a64c-48c0d930366c,2025,2025-01-11,5b376c94-fc8d-4e0b-9977-1748d898ff24,9f7dac5e-38e1-4e63-9e50-e6b0d822fddf,-9,0,-11.868295417487797,0.07224087166520678
3fb54333-bd09-4bc0-96fa-b97dd526a521,2025,2025-01-11,4b6cd009-754d-44ee-9433-124bad801b02,6ba99b19-8a61-49da-9325-3e04939d3d5f,3,1,8.790353359702047,0.776782139923257
4199b5fa-d4db-4807-bd4c-a24ab5bb6b33,2025,2025-01-11,02361e70-3d89-4b56-8d25-73ea2ee389ef,f2fcffd8-915c-4fdb-a632-8b5b621bc999,-1,0,4.20184559568172,0.7123155993619543
424ab35d-0fae-461a-b240-975a1f017d37,2025,2025-01-11,3bc11d41-6e7a-4932-b0d5-e15a8f310406,391f303d-08c5-44cc-83c6-60595fc71068,-9,0,3.381901745027577,0.5779645718992361
43fe446d-b40d-4987-ac03-f0be80021d66,2025,2025-01-11,73493513-0a1c-4fec-9e40-429225bb809f,7532f347-4701-4460-abfa-98034c2ce687,11,1,17.850574081685842,0.9696803124763353
455f5267-adac-4818-852a-4001bbc3ac5e,2025,2025-01-11,3ed32cdb-d2a0-473e-9db0-fd63aaf9013b,9123b907-3559-421d-be7d-7e238eb0c266,-24,0,-2.5151522826926787,0.4618297232318267
46b53061-4880-49b7-92a3-887f8c24137b,2025,2025-01-11,9ba0c75f-bad2-428f-9038-d695c2385098,f02fe504-2b2e-4ed7-b9c5-4c7e6e224682,4,1,-3.5039914572944815,0.42231379547704706
489a9555-05b3-4c11-a70d-6733ee0c1a23,2025,2025-01-11,1799ef2d-85d7-4ba9-8048-33b1956ab3db,14b85f13-07f7-4bd1-8f5f-32720dbe1c9e,36,1,2.6723319653937407,0.6784322237915252
4af5846f-0635-447b-a5d6-bec488c89e8f,2025,2025-01-11,61ce5009-1768-42aa-b377-fd95cefd07af,714115a3-e87c-4c38-be62-cfe9dada315e,8,1,10.39073472671448,0.9226027983662706
4b677181-a7f8-4cde-9bdc-062f9ce3a63a,2025,2025-01-11,14a1f904-5f97-4e98-885e-5d6c4f102ea6,b704622d-2904-4237-b9a0-a9865096fefd,20,1,5.984544518894704,0.7323355533710082
4d4d7d1c-7914-4e07-955b-2b1abc0dd284,2025,2025-01-11,51ff831a-13fe-411d-a486-ed3c7ea2fb5e,fa9fae48-c4f0-419f-97d7-5e2ba9d47858,-11,0,-10.524482138531503,0.15703013070900534
501c013f-b1c4-48f5-849b-ea9fa2cd7273,2025,2025-01-11,4edc5314-8f1f-46cf-90fe-fc3094be42cf,741b4fec-9ede-4efa-a807-8c1679e962a6,4,1,-6.318693099346373,0.23062469450921888
52853320-57f0-4541-a6ca-2430c5b6b3d0,2025,2025-01-11,705e808f-a589-4af4-8baa-45ce5b2e969e,82d0fc94-2404-4659-9764-1b8186e037b7,-9,0,-4.829615328909134,0.29958914631219274
57ad540c-741a-4c76-a615-91ffc7bd4419,2025,2025-01-11,8860a6b6-e60d-437e-afc3-b42e8cab8d79,2fe58a98-ca14-421d-83f6-aac80bab3780,-1,0,13.019515712508845,0.896957593274501
59735cd4-34cf-4811-86fb-42336da48097,2025,2025-01-11,cb86bdfe-2665-485f-9a44-846b23bdb2c3,37d0bfe1-4a78-4810-9371-3268e54026d2,20,1,0.7414361101928311,0.5696393870837351
59f2d177-9c33-41d9-a039-15621d8e75de,2025,2025-01-11,c9bad532-d6c4-4187-8958-37ef239495a4,b21fc872-90f0-43b9-a07f-97e7531c8898,22,1,3.4146433797592692,0.6257878731733397
5a7598d4-5f78-45dd-90b1-55681315106e,2025,2025-01-11,e1c5e9f4-197f-4a7b-b871-bdf72ca0cf3a,85708ae1-7d66-437a-9d70-bcb680bdfa86,21,1,6.047321298620336,0.7604116466249946
5eba0836-c8bd-4374-b894-a86679517d55,2025,2025-01-11,8bdfa757-6fe1-4ee1-a1c5-279e7f35fa1e,144de2cb-963b-480b-84b4-10b39d4562ef,-8,0,-2.2172891296604793,0.4563172597761782
60179b90-6efc-4a81-82fe-2c52d5f56683,2025,2025-01-11,f5ed0adc-4078-47c4-aba0-3dd2de221774,6f9a1a81-2dbf-490a-ba3c-8f8fadddd9d4,12,1,8.832392989807476,0.8350216798372799
605394c4-b068-4106-9060-e6202026ddea,2025,2025-01-11,36b120f2-51ac-4dec-94ea-549d266507b5,daea7f8b-7386-4fa6-8921-870a3e848b4a,1,1,1.3012443572235868,0.5682907470231263
62c0fc28-6ab6-4830-b912-626b9742584e,2025,2025-01-11,08e7a657-2b9a-4055-beee-621379cea4b7,3027d417-64d5-4892-a6c3-c77edfaff436,-14,0,-0.28255671002273747,0.43359480392679495
6e06647b-72eb-4be9-b2c2-7be6986c2b55,2025,2025-01-11,51d48e8a-41da-4087-b00f-c65fc8fc1ce7,ad9fa352-0a34-41df-8ad8-38855ef63d91,-4,0,-9.568218325902723,0.17094897246029608
6e0eb073-899f-4e22-a1ea-3c48fd116fc9,2025,2025-01-11,bb02a3be-6beb-4745-b200-3a49f5224f0e,a0bfc386-3dd9-4417-be3e-42f45cee6c22,-11,0,6.077022273885524,0.7527268063183676
6f460ee1-2971-4b8d-8564-3d31fa2c160f,2025,2025-01-11,cabaff64-a388-4861-9374-977555d19efb,2fa161f0-e26c-49a0-8eb0-b2810c4d4845,-3,0,8.469716627310666,0.8333942594381317
6f70a610-e672-4ac8-8da2-8be2fa563c6e,2025,2025-01-11,b6c7c93e-bdd7-4df7-b73a-c1fbe953199d,be595032-d4ed-4bea-95de-22a18feb02c7,-10,0,8.58183516611563,0.8991169527334019
73bca135-3c03-45df-97df-87825f050315,2025,2025-01-11,75dd9179-8700-4b34-aeaf-2cf608aec25a,5858896e-5e67-463c-a38c-c7431f157945,15,1,9.639846526659728,0.8156861784051506
77e227e1-6f86-453e-a3f2-faa8e30e1b81,2025,2025-01-11,cc4cdd9c-0563-41d0-bbb7-29b825db8e55,07b4923a-16cd-4490-8ae5-d61599212ab1,12,1,15.23873279529125,0.9216612833916072
7e3204de-7aef-4e4d-81f6-85d94bec737d,2025,2025-01-11,8a391aff-89a4-4586-9d57-71299178703c,c91670da-50fe-4e29-9e0d-e0a2d01897cf,-6,0,-3.0017538554627397,0.3404101522006397
7e95bf59-f5b8-40fc-91ff-9916fd292d91,2025,2025-01-11,ed973a10-a469-4337-9742-eed664c61168,b8772a3e-c4fb-4396-8eb8-b30c8a36abb7,10,1,3.0179759814531106,0.6382441667950691
7ec86cb1-124d-464d-a983-a94685318ccf,2025,2025-01-11,935d92c1-aca9-4b21-9e0d-b6c396fb067c,66244ae3-7fd6-49a7-9304-4ae41bea9ab3,-1,0,9.83959849933282,0.8697220663049736
7f876757-bb3d-4b35-9088-9547b74a8fcc,2025,2025-01-11,983c0982-0fb8-45e4-829e-306cf787ba2e,571d2904-70d9-4de6-abfb-1d716ba43f0b,13,1,3.514110771391746,0.640968318055154
806bfaf7-93e2-440f-bf90-002d1eaa49c9,2025,2025-01-11,70746950-a861-447f-a9ba-f53e329c27c1,3a2cf934-5d3b-4406-a458-0c76b7b9d65a,-36,0,-11.282934032901087,0.10499142714488921
83217d3c-2da8-404b-ab85-c0853ccd4365,2025,2025-01-11,8226bdf0-6c2b-4e2b-841d-e2a01a5e5145,a7689181-61c1-492f-83e6-a64bca6e04f9,11,1,4.634619398956036,0.7324502879602386
836017f5-c0f2-41f1-b39f-92f625f889c0,2025,2025-01-11,79c6b473-0e11-4c2b-aa4c-8523cc9afa48,7cf9cb31-3bfd-486a-90fa-8fa6f3bb44a1,10,1,9.057654195286952,0.7404895460174798
8761f4c7-2872-421b-a712-011f0adf7d3a,2025,2025-01-11,0420bfac-8b45-41ad-b228-89893a037d4a,7e01ae0c-d2c7-4d9c-beea-2da953b4c037,2,1,1.8757652259828967,0.5467070662680034
88d7f21d-7d1d-44cf-8674-040866361749,2025,2025-01-11,5f1bdada-9e34-442e-b575-0b6a9114f1ae,f9261c55-02c0-49db-9993-f5d64a97b21e,-8,0,-5.2934494727204955,0.23367315627613477
89a893f1-a292-421c-9a9f-10ba49539b1e,2025,2025-01-11,31a68979-4cbf-4e59-be9e-82043f581ff6,42833efc-4047-4751-b5dd-8f5c6d05e355,4,1,-8.509694873589778,0.2630597199293617
8bf57d23-7242-4347-8063-a47af86936ac,2025,2025-01-11,4f9d3323-4211-41f2-8211-76b7efd6246f,195318b0-fa80-45e8-96b2-e83346e70a64,5,1,-3.0357903352590654,0.34844122923748727
8e4f5181-09c1-4484-9626-81231d4a3709,2025,2025-01-11,9007c268-37e0-4ab1-ac60-f9cdcb3a7a8f,81ce1538-893e-4f62-9812-5468866f484e,17,1,2.4040510927123453,0.5845475081573247
8e8c2b66-a33e-48a5-afd9-958f00c05734,2025,2025-01-11,d2d39132-b6f8-4e0d-96d2-4e89419550fa,5c7c373d-1822-4c63-aa7f-64745cc99c52,3,1,14.436959327979547,0.905378214622923
95847ae0-98f4-4143-be9f-08901a5f9beb,2025,2025-01-11,000d55e3-3608-43be-aebb-6926cbe6b7b5,58d76bcb-6251-4be3-9fce-6e748e521d87,19,1,5.722037552542667,0.7155599572560464
95b818ea-d3be-4d1d-87fa-065e13885cb5,2025,2025-01-11,593820ae-e46e-43a0-a5b3-904904eb9cef,2c1fdbd4-c0c7-4750-b829-f7a6b7bc5710,7,1,6.36446759573825,0.6926533302914692
9fd214a4-b7d5-4498-803b-6561f3b610dd,2025,2025-01-11,9c04a238-121e-47ea-a3bb-436957b78a8b,07c201cc-5a34-4a3b-9fc9-bae4c20b7c9f,11,1,-3.867402250350535,0.32928291586181496
a59e502b-d6ff-4854-bc02-335078355ff5,2025,2025-01-11,0485ce67-c9b0-4725-be73-d3185a14e575,871751b8-eb3a-4919-bc58-ab82887e29c6,4,1,-4.5683840438679875,0.36335033743939305
a9db66d0-cf8d-481d-a947-7e0d23ae630a,2025,2025-01-11,88c5646c-b1a9-42f6-999b-56d8198e37ea,8848c09f-0c71-4cbf-9d0a-84da72f6b649,-15,0,-1.376382595748008,0.39415518020750384
ab66126b-45b9-4fe9-bd3e-b050d7d48c24,2025,2025-01-11,5717b8ad-bb6c-432d-b223-01a330a59686,77bcefa1-a18f-4280-a5c9-2d1573b78e0a,-7,0,-4.659009687182399,0.2918050393595202
abf83025-88d5-4834-8598-10865e596f21,2025,2025-01-11,d52e191f-c4a5-43a8-b16a-1d87ecf7ce9d,700f42bb-65b8-4e08-bfdf-8dba2e0bd260,-1,0,-5.560397660826148,0.29369326759153563
ac39cf40-2a4b-4ef8-9768-50d8668a7d97,2025,2025-01-11,241f50fd-2121-4b74-abd9-2ddb98d74a2e,46a5f9e6-fe34-4ea4-867d-ba4e31297465,8,1,2.7738301805577517,0.6240790838746327
ac846fe1-3795-4036-9494-c0c04b0d5b15,2025,2025-01-11,d6a348c1-3237-43da-8690-d309d586a66e,fcb7d38a-6efc-47b3-b7af-3dd5ea07e8e5,-28,0,-1.472061552975861,0.45052844475428316
b055dcad-f38d-4e53-b377-1988ac2622c8,2025,2025-01-11,628efcd7-4ae6-4bba-9542-11e108d22d8d,1f8df44b-d154-4a8f-8c48-32b36db0cd06,-3,0,1.1952235957784143,0.5319823942996458
b140d47b-1218-4cdc-bf29-e33f32996b89,2025,2025-01-11,ccaa9380-5136-4fd2-b639-f5f54936ac7d,48f318bf-54e1-4e42-b6e9-47c3bdaf4fb8,1,1,-3.960223906374255,0.3596419635546549
b18e94a5-3b11-486f-84dd-0365afb43c0e,2025,2025-01-11,e732f6ff-8488-4df9-8756-f1cbcec88e33,64975048-1db2-4ded-ad28-05b8d8aa9c66,-47,0,-19.26196802060418,0.033876406664217686
b744d7e1-b6b6-4167-825f-d4ea27d0dc99,2025,2025-01-11,a6dd499a-eb6b-4f8e-9094-d8eb96b3547a,dc7ff97c-c617-4dcd-89fe-5e702fd03890,34,1,8.38421054258058,0.8022577579542618
bafa6f09-537b-41cd-a509-c1034cbb8ff2,2025,2025-01-11,a67d2a73-fb71-42b8-97b7-9b72a49efc06,6dcee41c-8ef7-4afd-aa5e-6e7fa77886e0,-30,0,-14.076241518254736,0.07882539728116492
bc08a9e1-8183-42c7-a284-8060e7945d31,2025,2025-01-11,2389c341-a290-43f4-b0e8-08ee6a15c14c,de50cb63-b08e-4760-ad25-62eceb6c4120,-3,0,2.2457212638983117,0.6234591264060424
bd7a785a-1ce6-4f2e-a5c6-cb27319ab95f,2025,2025-01-11,76eb53c2-0367-4d59-b619-799a7aea658b,7f0a740b-2a56-4bec-87c8-7bf2baf05d58,-5,0,-4.395711537249417,0.30153835483167507
c0bf60d4-4949-4c2f-a062-78f1c3dd5c03,2025,2025-01-11,d26d7563-983a-4b9f-bf04-fa2777e0beb0,eb7098ac-5154-42da-b703-d3b3958b198c,-2,0,-9.174238066242806,0.19881937835869273
c3edefe8-8242-4988-918b-ea6dc7d01e08,2025,2025-01-11,7c82650d-eccf-476a-b85d-69a73b6b7f8b,a00214a0-9c1b-4018-a085-500dbd55fb17,-11,0,-12.548803923755376,0.07004959660935377
c486fcf8-5088-484a-8ddb-b2c7294a7767,2025,2025-01-11,0562b0a8-dbba-404d-9aa5-930ebe50c9b3,397b5601-d70b-43a8-b259-1a752c68bb1f,-6,0,-3.6677945353375794,0.3414859300246692
c8592a80-9299-45f0-84e3-ee7458957e51,2025,2025-01-11,fa3cb393-e306-4365-b4c3-b3f62a5027d3,78d97761-b499-435e-9097-b9d553f3ee67,23,1,7.055186447086803,0.7916729881205774
c8d36077-db42-4784-b174-59fe3d7ef50d,2025,2025-01-11,f63b8169-081a-49c5-8b53-2f7b3e524fb8,46f85354-63b8-4744-8b13-341ea0a30c2a,14,1,7.991597338462537,0.8271624763562092
c9b5b6ac-814b-4a42-9e0a-4314fcb58dec,2025,2025-01-11,03e9598c-4271-4840-ae88-7c7c36f2b10e,351b4e0d-ecfa-4f26-963a-5d1e8b281052,-3,0,-10.476035116061734,0.12582402738189855
cc417739-06e9-4713-8d81-023c8bc61416,2025,2025-01-11,1b9c388c-a2e4-42dd-9e21-4841ed46cf4d,b58599cb-bbcd-41e0-9746-6ce1ed5597d3,7,1,-4.288167841235256,0.35773502148601233
cd269974-c9b0-42b0-8ea2-46282e13d80d,2025,2025-01-11,62c787d1-5e5d-4e44-b6e8-1c208f874eba,f8ed9667-67c8-4fc7-a946-d81c4cbe8fed,6,1,7.571497761358462,0.7340402374437922
cd9215f7-acbc-445e-a4ee-0ecaca5332da,2025,2025-01-11,9ba3c8fb-1162-47a1-873e-6cf11475a094,12d2dbd5-0799-448a-a49a-671c218c8bbd,-20,0,-4.579067888305788,0.3217020467323661
d0b71d3a-e347-4960-bae6-d21cb796bb25,2025,2025-01-11,7a78a9a6-0d5b-4fae-8fb4-98bc816ed903,6f7ff858-33b4-4d3b-b960-8a750dbe33a1,-7,0,-8.073261745826722,0.18353644654297666
d213b8a6-8fe4-4736-8ce7-e807f69252fd,2025,2025-01-11,69642ef6-85e9-4dfe-ab65-4cca6a1688d4,8fdfa7ed-88da-45ac-9520-9a9e9fbe2586,-10,0,-4.3357958042645475,0.21918566181412036
d4cd03cb-4e89-491b-87ea-e7e13fb9751b,2025,2025-01-11,9a0196e9-6b45-40b9-b0d0-df6bb1c90dc7,bf32f747-5e9d-417d-890c-89407933c4c6,-5,0,0.304548924329724,0.5359819761050988
d74f6fdb-8b80-45ee-a288-988228407e28,2025,2025-01-11,88ae8bb6-fbd8-444d-8d22-f485d82d2e67,46671d80-ebfc-4f9a-8eae-19249794115f,-13,0,-9.29330900717717,0.17372238281521432
dbc712b9-fecb-417b-a7e9-178aa6c20599,2025,2025-01-11,3dd34e3a-6cf5-419c-8042-503af5d36e7e,561ee565-69fc-4571-95fe-32ac563e53f0,23,1,19.219058715295393,0.9736442862790602
e3ab5a35-8934-441d-b2a6-62ddfc6c692a,2025,2025-01-11,851d8a88-2edc-45bf-b180-7b6c1744f5fe,c7345766-a5fd-40e1-9757-26d62af0b9af,-14,0,-6.618394907182849,0.2700876382770714
e47e8b0a-e711-44a1-ad88-1e4cf9b9ba74,2025,2025-01-11,c504f52c-c325-424d-ae65-da37bf8e5820,821de2da-b464-49f2-aeb1-293e7aedd6de,22,1,3.4484374170535146,0.6146352577764094
e5e448e8-a33b-47ca-8fff-b3e1f481a7ad,2025,2025-01-11,19b01b27-3931-468b-a50c-6636aef39c7e,b0ebd027-95a6-4e7b-abfd-c26d14470857,8,1,8.678251481383036,0.8598573559735629
e60c6c90-50d1-45c0-bbec-3c36ef95963d,2025,2025-01-11,68a583e2-b11a-4a35-b102-095903fabdd8,3e287cd2-e8fe-4612-a996-d02de5cd9fb2,3,1,8.065164577500717,0.8378597818702409
e7969b91-32b6-4bb7-8c85-d653bffdda00,2025,2025-01-11,91e8763b-21ee-4929-ab39-6a46d1d62e33,e66c14f4-c6eb-48be-8caf-0deb5a03ec15,3,1,10.733663434378808,0.884462641300873
eb4bd598-1a40-4198-bb2a-206aed578d81,2025,2025-01-11,52414cfe-b45b-4eab-a88b-e509aa446dfb,a870c009-c0ca-48e9-a456-1ea2b2b779ef,6,1,2.0661900918422433,0.6867636456410584
ed1fd6db-e4bd-4973-8caa-b99cc7c6bda9,2025,2025-01-11,17900399-e4eb-42bb-81ed-06f5be1309b7,6a154b5a-b7dc-4299-86a1-c9ecd354b8c2,-4,0,2.6306487821588704,0.6053753896145082
ef839277-3f23-4ab0-8538-76a920259b75,2025,2025-01-11,17dd690c-8f33-4c2e-94ef-326bf0628517,a6332591-4e2b-4b84-82bb-debc57b8b614,-9,0,7.860567890950003,0.8182562886946689
efe184c6-703d-47f4-9c2e-c2028c60dd23,2025,2025-01-11,e6431705-05f1-4df2-9721-8369a3a493dd,ba48df8b-809b-401f-a758-25c39aa2d50b,19,1,9.206962217019134,0.8658094275431059
f1319fd7-2bbc-400b-985e-2870f9b4cc55,2025,2025-01-11,c90512ea-4ed0-469e-a936-7935ade0caf0,8e9b7d4d-1baa-4d3d-bb10-8950f4133b30,6,1,4.903156981860578,0.7156491138206444
f24dbf97-41fd-47f0-b362-c63bd4910de3,2025,2025-01-11,de0352b5-4ae9-49af-a027-b0dc86a005da,a7fd1d4d-445e-4899-9731-00f7bff74284,4,1,8.29952946613824,0.8714626981612082
f4221da4-f33b-45dc-80bb-0526a81ce2d9,2025,2025-01-11,69293aea-705f-44e4-81db-36e52bcb1813,d915e7c4-a333-4d6f-9c21-5904d58e75bd,7,1,10.1056605967819,0.8776343663615852
f70d8f69-4bbc-4eec-bae3-6ab7762c7afc,2025,2025-01-11,f0489380-9e3d-4613-ab85-fc32d9368997,3d3b199e-7c4f-4c53-b683-a77a8d8e697a,18,1,22.624251156510876,0.987018674950371
fbed6038-ebc4-4752-8057-d1a14b99f4bb,2025,2025-01-11,f1e9470d-a3c7-4ef1-8583-6bb917490ac3,d894373b-dca9-4d1f-a9c9-a123f8c1b600,5,1,1.4811704000302623,0.5337034573964389
fd8d4e3e-20be-4053-88f3-17e48a462d0c,2025,2025-01-11,c333af2f-2819-4e30-8541-dbb64eb01cbd,44242fcd-cd9f-43aa-afc2-5a12ea89394c,7,1,2.1627261346252635,0.6247267362748863
ff24e9bc-a5f3-4eb0-af97-c2c4c43d928a,2025,2025-01-11,308dd2dd-d731-4927-9bf5-e8aad5900158,12ae7230-4fab-42c4-a7d7-88e118290c3e,-11,0,0.47542202522098437,0.47967008910003633
0097be93-5cf7-4016-9228-33a8b43f15e2,2025,2025-01-12,6e056aa7-1906-4546-b6db-5910356fee72,050cf087-6e1b-42ef-84fe-368ac1929774,16,1,15.403069889416495,0.9411629890651358
079c9d04-14bf-435c-adac-1a0152ce2e85,2025,2025-01-12,ddb253d9-6526-4c32-a7a2-4462d6abe45c,d9fdf72a-562e-4e19-ba2f-faa3de20ace5,-8,0,-1.841933691228328,0.3989433595769721
1c6722e9-44e7-499d-9256-a01307297f92,2025,2025-01-12,52aab06d-922e-4906-9dc7-3c0fe7d3e2c2,ad36d475-e577-4c2f-b8db-b2d47d1fab15,7,1,8.250699043681465,0.802709663187227
6af2d339-54d7-4ccb-bad2-42817bda7025,2025,2025-01-12,f22ee0eb-5079-4c19-b46d-7d40e14d7636,7bc45016-4549-4672-9453-69c2a81aa576,-13,0,-7.759606724017943,0.16634141471968006
6fe555f7-be0d-44bc-bab7-1f6eea8b87f1,2025,2025-01-12,829dbc21-e757-475c-ab7a-2a3172ec0683,c59d7c9d-7fd0-4a58-bdba-7904baeb0abd,-2,0,9.882907544394683,0.8489726454486007
76c192de-a0e3-4868-a807-494985af4995,2025,2025-01-12,9df3af06-d207-48e8-a010-41797b070072,ce88cc81-96d4-48c0-ad06-ee0c2d3d7663,36,1,12.228634164455654,0.8899383828897853
7b845c1f-344f-41fb-b3bd-379a7f2258ae,2025,2025-01-12,e20e16ce-0f28-40e0-afe1-5492395d5e53,17e47b02-02b2-4bbb-a838-a4695fbc099b,-1,0,-1.7826042857880795,0.3456145488199648
8f218032-6ed2-47ff-9692-1df1b6232c40,2025,2025-01-12,b9840fe4-f776-405a-8b8d-3c388de0792b,b04e184a-6805-475b-95bd-7e19d2fe95c9,2,1,4.598508437065036,0.7162284124301435
97e5067b-ee6e-41e1-abf7-f3cc4a04cb58,2025,2025-01-12,8bbfa6f2-6178-4c2b-bf17-66fba7623c4e,8daceea0-e7c6-443f-9452-f56f9faa56de,-16,0,0.48346750461134386,0.5564794052904183
9bc4df3c-4a76-4431-ba5a-1e087d2d7509,2025,2025-01-12,e383167f-2c53-465a-b2fe-0d6bd7c69b27,fb109583-87bb-40c1-a02d-7d40bcd7c52a,10,1,10.590884430110995,0.9109318971420441
ad2ec71d-6837-4990-b358-3397d4bb764a,2025,2025-01-12,a46fdb60-30d0-4807-a2b1-e29d8d7c22b2,ba18e6aa-cbe6-493b-b91d-b0c8d4e8b0fa,-4,0,5.02219654348728,0.6752586664386995
ae16295f-b959-428f-bf97-78296df984b5,2025,2025-01-12,4926f0f3-ac12-4ca0-9cbf-eb99f9aafb78,88e83e71-3235-4c21-85a8-da368f34e5fd,3,1,4.236953783065136,0.6936928515567369
b40c9f68-5cd6-4a33-85fc-e9274e9c47ad,2025,2025-01-12,c62c317e-e0ab-4b1b-a6b9-878965985154,6cd07c06-66e5-421d-a8d3-84cd9833bce3,-3,0,1.898474700434154,0.6256350319982174
dbb16b22-7cc4-4e44-a7ab-b87717ce337f,2025,2025-01-12,5c6768d4-83c5-4e23-aafc-55ac70126454,e51388ec-8e0a-4c32-a70c-4890e3e61d3a,-5,0,0.7472921069248366,0.5904930561353735
df6316bf-082a-4e4a-9708-becd6209eb75,2025,2025-01-12,fa6de946-411a-41ad-8bfa-6526c949108c,031d384c-ac9d-469a-985f-3214f2b9972b,3,1,10.10773162994344,0.8264899828416733
e1122425-7f1d-435a-97c1-c9a3f750bcdd,2025,2025-01-12,9c2f288e-9523-4b69-ae64-ab0876fec6a4,5d66e35c-66aa-44ac-b72b-33066edb3e20,16,1,-3.5479005923084084,0.30135686856421584
e4ea4557-8c28-4d37-9cdd-5ecbca691a1a,2025,2025-01-12,41e19184-6f6d-4838-b789-d8553db45753,c87682db-2ff7-4c63-9820-df6c8409d5b3,20,1,8.909705799366428,0.8407661701468023
ec15949f-509c-4da9-9dfb-fa70927342db,2025,2025-01-12,a5ebc512-a148-4140-b60c-147132b3097c,a1594c03-e784-493e-8435-66f585997595,-10,0,-0.2371111688390733,0.4762150354714185
ed250875-b2e0-48d6-b1d2-90301d25a13f,2025,2025-01-12,416d2dd1-15bd-48e9-82e6-9277c0ab829c,2dbbcf87-baa5-4154-8071-c62e522990c6,25,1,17.449652614356282,0.9570233511229902
f0caf3ec-8d39-4df7-a72b-3c49aaaae79f,2025,2025-01-12,7d5a75d9-3168-47d2-92b5-e680e056b479,d1dca835-9ba3-4f00-89e0-533fcfd2b27f,6,1,1.8246462511863812,0.5143136962473381
0f4b761a-83d8-462d-bd17-6b40207ea43c,2025,2025-01-13,75628733-1eec-40f9-a6cf-07501979c4b3,c921ba85-0782-4ce6-80e2-44f0c43d4f16,13,1,2.587427338721192,0.5807746187698353
373dfe89-0c0e-4804-9ff2-fcf52d20a0c3,2025,2025-01-13,b0e26736-fae2-4d59-85cd-4b5243f23c8e,241f50fd-2121-4b74-abd9-2ddb98d74a2e,9,1,7.544547646574325,0.7520240885937295
42d48b18-3ecb-4edc-b7e6-3f7f1020f665,2025,2025-01-13,58fdb1cf-11b4-437d-a338-e497be161811,7e838ebf-74ed-42de-9f2e-d8057aa77de5,-19,0,1.187294723204823,0.581425730874904
4e2a33d7-adea-4e42-9350-1a2041bade7b,2025,2025-01-13,af50adaf-e9ac-42bd-a6a9-7ae8e4dc4a8b,46a5f9e6-fe34-4ea4-867d-ba4e31297465,2,1,3.4251536774477707,0.6820028706826592
76e4a0e9-ccdf-4047-99d4-6a67fff4a9a9,2025,2025-01-13,e6431705-05f1-4df2-9721-8369a3a493dd,2fe58a98-ca14-421d-83f6-aac80bab3780,3,1,1.1131796851100315,0.6113142470147699
9b4124e5-6f20-4937-94c2-820de807e656,2025,2025-01-13,a6dd499a-eb6b-4f8e-9094-d8eb96b3547a,ae911605-551a-46eb-aef9-06f9a60479c9,16,1,9.770725425176341,0.8380151979039523
9d625534-2d33-4049-8b2e-3a11ece7ec6d,2025,2025-01-13,36b120f2-51ac-4dec-94ea-549d266507b5,d8e2daca-6b8a-4f31-93d4-8cf6dd93fda7,-19,0,-5.151453506954168,0.2947891432323984
9f925780-42aa-43e5-9388-1239f813d9fa,2025,2025-01-13,fe967dc0-fdb0-46b0-9629-0fd108949abe,02ee8976-6844-4a27-9f72-aca9acf8f5d0,-16,0,-10.489632256982354,0.09500196298126422
b1167cd9-6ba5-491f-a51f-f69775e4c8b1,2025,2025-01-13,8d515064-54c5-4eeb-a095-ad7ac6839d0c,ac42cc2e-26ce-4ace-8d1f-28d21a1c77b2,6,1,12.406546978718584,0.9203697908146243
b6bb910d-8fbb-4d50-a990-dcba543dbb56,2025,2025-01-13,17eb5319-07ae-4f0e-b1d2-8e828b07ed79,7cf9cb31-3bfd-486a-90fa-8fa6f3bb44a1,10,1,11.188515899057347,0.9161129078893663
bd46e648-b4ae-4124-9f1c-6d99236f7c8f,2025,2025-01-13,5b376c94-fc8d-4e0b-9977-1748d898ff24,c4972de1-bfaa-4820-893c-10adf1095f0a,-29,0,-23.950050259771476,0.02760863188008203
c8baab79-5795-4d96-af4b-ab1568cf79e3,2025,2025-01-13,33efd80d-8446-4d83-97fc-e864b132a0c8,31a5142f-21b1-4d3a-87fa-d39f7746b7a8,7,1,-2.8950594408174894,0.40926344381555235
d6a76734-b0df-46b0-bf8c-8407f52c463c,2025,2025-01-13,0f2c89e1-1c22-4add-af3e-a7d9982de167,326d518f-eb6a-47aa-9739-13bc340a9a3c,-6,0,4.727659885081941,0.6795019291001153
d6c439f4-4e63-4063-9d99-41b3001f0150,2025,2025-01-13,f0929311-9f5c-421d-8573-4b4bee0c314f,9f7dac5e-38e1-4e63-9e50-e6b0d822fddf,-11,0,-4.148385222629834,0.28640000815757205
eeb2158b-3785-4530-af9a-5a6c14a6ce3b,2025,2025-01-13,43624e99-f362-48c4-b203-9af174b24be3,8bdfa757-6fe1-4ee1-a1c5-279e7f35fa1e,18,1,8.913834543691486,0.7752695542431768
f455bd95-2e9d-4f32-a610-e3a7d00e9421,2025,2025-01-13,79c6b473-0e11-4c2b-aa4c-8523cc9afa48,dbd1798b-2cf1-49c5-9f33-caefec39594e,2,1,-0.6379595727445957,0.414657008813368
02877bd2-6ad2-4e50-b869-1a983a914cb2,2025,2025-01-14,144de2cb-963b-480b-84b4-10b39d4562ef,ba8ae2ef-827b-47e0-bcec-bf76fe44e37b,-24,0,-11.31392094411723,0.1469404955821297
03902878-d940-4cf5-8f63-e60d60090d2d,2025,2025-01-14,ad46d3d3-a8b8-45c5-a46d-913240ae2832,3ed32cdb-d2a0-473e-9db0-fd63aaf9013b,19,1,2.510576669049861,0.594206754122744
08044d2b-a918-4b5e-9983-c3345f0e27a3,2025,2025-01-14,cc4cdd9c-0563-41d0-bbb7-29b825db8e55,5f1bdada-9e34-442e-b575-0b6a9114f1ae,5,1,13.071407005672793,0.918432486958587
094d01f6-6cdb-4d47-b07b-04d7bf153dca,2025,2025-01-14,f829b41d-4185-4fb9-98e0-bd7bd9b6bd7d,f9a35e93-6a9b-427a-8901-d74cf3f23676,2,1,8.203367093622468,0.7881403087912086
126edb96-c330-465b-b365-44f208edd808,2025,2025-01-14,6f7ff858-33b4-4d3b-b960-8a750dbe33a1,f63b8169-081a-49c5-8b53-2f7b3e524fb8,1,1,-11.014048786919789,0.15138332865617282
21d47371-2f25-476e-b23c-49c98bfd0133,2025,2025-01-14,be595032-d4ed-4bea-95de-22a18feb02c7,27bf19a7-be0b-4fa0-8dac-8d9b7df5f363,10,1,2.2310782185839337,0.5038404628762501
306280aa-5e35-40ca-bcf9-34b6d938e17b,2025,2025-01-14,46f85354-63b8-4744-8b13-341ea0a30c2a,c4101885-e600-4596-80ff-bc637c56221d,15,1,-1.1092907411155775,0.4359593407785189
360a0785-e9d2-433f-8825-0650c170ca31,2025,2025-01-14,bf7cd127-c979-4181-8f7b-356415e2c15a,24cced85-1369-4dbe-8abf-92fb8d456618,-11,0,10.84859724704996,0.9161608616624152
50d51f95-0e97-4018-b92e-fc3bc21b8b66,2025,2025-01-14,8a391aff-89a4-4586-9d57-71299178703c,05005d1e-02c0-46c0-8b4d-19dc825698c0,-6,0,5.945205544099668,0.7164442725066681
51b916c6-606f-43af-9501-117705826ea6,2025,2025-01-14,a7fd1d4d-445e-4899-9731-00f7bff74284,eb0507e2-4c2c-4860-ba0c-7a0a815425fe,-9,0,-5.156324161858494,0.31014347976143436
58025e8e-76be-430b-aaec-269fb0fd1173,2025,2025-01-14,42833efc-4047-4751-b5dd-8f5c6d05e355,c75216c6-4563-402a-b8d6-b8434793ea38,16,1,15.626555311355432,0.9669279367774938
6313a59d-46e0-46f1-b6a9-ca8875d5bbbf,2025,2025-01-14,821de2da-b464-49f2-aeb1-293e7aedd6de,3aedc020-716e-4a2c-a7f8-ab1abaf53d87,18,1,9.503198090319737,0.8510793358567621
6470c7de-ac8f-46c1-91bb-3887dffede43,2025,2025-01-14,2a57c531-b461-42be-bbd4-b080f188a160,b6c7c93e-bdd7-4df7-b73a-c1fbe953199d,-25,0,-5.890387435351607,0.2199757569488872
679f6739-bca0-4576-b8d7-6b0448f6b808,2025,2025-01-14,0f0aab5c-26db-447a-b6b5-a264da5b140a,561ee565-69fc-4571-95fe-32ac563e53f0,17,1,13.7004536504549,0.9339934052970263
696a4f94-857c-4753-b38f-69279f24102b,2025,2025-01-14,7e01ae0c-d2c7-4d9c-beea-2da953b4c037,5ea1ef3c-5f24-4989-854e-a24a9e31ac74,41,1,17.859455653598147,0.9493314697789775
88f407e9-0124-479c-9e21-b5797dab0925,2025,2025-01-14,b21fc872-90f0-43b9-a07f-97e7531c8898,78926156-3797-4ad3-aa39-fff13a311d02,-11,0,-7.3617322240814955,0.1984698354024323
8c531dca-9b4e-4761-af86-0844a8abc062,2025,2025-01-14,397b5601-d70b-43a8-b259-1a752c68bb1f,0b297e0e-e039-449d-b07f-f8e1ae96e3db,-10,0,10.202681041008521,0.8036796129016986
92f97bd7-349f-403e-b642-22c52d0fa151,2025,2025-01-14,375d7498-7795-4ff1-bcf0-e13cdaccd9e5,c504f52c-c325-424d-ae65-da37bf8e5820,15,1,9.091434147357386,0.8250706708981312
9b996748-ceb0-40e4-9557-3229b6ac1d5a,2025,2025-01-14,5a320db8-a83e-4f46-9418-25176d12a65f,641dc594-03c5-4ae6-8564-0ccb3c8edc77,-1,0,8.865345249500757,0.808827912638696
a705fd2e-d560-47db-808b-d9c40f2e2472,2025,2025-01-14,c7e47abb-629e-4b69-8d41-c87333fbe6b4,a7689181-61c1-492f-83e6-a64bca6e04f9,7,1,8.107408612141425,0.8569522648176942
aea7fc69-4463-43c6-9031-478994583ee2,2025,2025-01-14,7f0a740b-2a56-4bec-87c8-7bf2baf05d58,0562b0a8-dbba-404d-9aa5-930ebe50c9b3,12,1,8.275451381017534,0.7982707395284669
b0b37f1d-ca6c-4e27-8db2-8028010f31b3,2025,2025-01-14,a00214a0-9c1b-4018-a085-500dbd55fb17,7a78a9a6-0d5b-4fae-8fb4-98bc816ed903,6,1,19.514863281997314,0.9846182792136604
c80ba817-d968-4a58-86e4-905ce254e80b,2025,2025-01-14,571d2904-70d9-4de6-abfb-1d716ba43f0b,d1dca835-9ba3-4f00-89e0-533fcfd2b27f,9,1,6.589861293475361,0.7822203180879218
d1a120de-5bb4-49d8-ae3a-776b3edceb70,2025,2025-01-14,42a1b5ec-9263-4e7a-8f55-df64f85505e6,983c0982-0fb8-45e4-829e-306cf787ba2e,-6,0,4.005017804556347,0.4939156122556107
d23c1806-a0e7-443d-b151-df8a261cec03,2025,2025-01-14,904ecc4d-857b-4150-b986-50e605d84b61,1835c2ee-1e17-4d18-9ab8-a1bb3678b947,-15,0,-9.557627215468928,0.19196151998089123
d5b6fbc5-d4a9-41cd-a189-c553470b5b63,2025,2025-01-14,a67d2a73-fb71-42b8-97b7-9b72a49efc06,02361e70-3d89-4b56-8d25-73ea2ee389ef,-4,0,-4.112075625265176,0.3580590562473567
e1991273-3ef8-4d52-910b-8959442db94c,2025,2025-01-14,851d8a88-2edc-45bf-b180-7b6c1744f5fe,db5b4ba8-4030-4125-845c-337b3ed300b4,-2,0,-10.365032143086186,0.12290317837163628
e363e7a3-2b31-4b6d-87fc-59bf744e2d8b,2025,2025-01-14,351b4e0d-ecfa-4f26-963a-5d1e8b281052,76eb53c2-0367-4d59-b619-799a7aea658b,22,1,12.119753838999939,0.8479486757773187
e65b560a-ac5c-4725-aab2-df393beaa6c3,2025,2025-01-14,75d1bc49-ce2b-4e7f-82f2-26e690f29375,62c787d1-5e5d-4e44-b6e8-1c208f874eba,20,1,14.80456678294668,0.9414313741414587
ec4f3974-b8d6-4e65-88b5-c78aa769fec8,2025,2025-01-14,f239ac13-f7a1-4acf-90a5-3cf4c6fd3355,c91670da-50fe-4e29-9e0d-e0a2d01897cf,11,1,6.453060319242226,0.7367321605160141
eec491d1-150e-471c-8a3b-653ff4c0980c,2025,2025-01-14,48dab38d-2a0b-4201-94d9-c6ffaf736974,69642ef6-85e9-4dfe-ab65-4cca6a1688d4,35,1,28.80028886684859,0.9925665036974437
f2f31289-95d3-4683-80b6-2e4b92ffdcdd,2025,2025-01-14,9123b907-3559-421d-be7d-7e238eb0c266,325d11bf-595b-429a-8342-97fe68b1a3cc,7,1,9.277647726990587,0.7694153539100888
f43fc66d-9409-4df0-8bf3-6dd710e3de81,2025,2025-01-14,c7345766-a5fd-40e1-9757-26d62af0b9af,07b4923a-16cd-4490-8ae5-d61599212ab1,6,1,5.305684278913081,0.6847880341943677
ff247323-0907-4d32-a5d1-ddd54e4b11fb,2025,2025-01-14,a2a4c8c1-e611-4717-92f2-fccc9217a883,3c9cd500-c6f0-4eca-b722-405eefd74003,16,1,14.922184662567327,0.9278145011930433
0065fae2-af5a-460f-bda9-e563cd8e0dab,2025,2025-01-15,6bc97d46-dcb6-4437-a79f-2d351169817d,4edc5314-8f1f-46cf-90fe-fc3094be42cf,13,1,11.200589475600141,0.9099745337366004
126d6a7f-668d-495e-b635-90a7c0c06975,2025,2025-01-15,700f42bb-65b8-4e08-bfdf-8dba2e0bd260,026ac097-d80f-48f3-80e4-e6ae2b9ee383,53,1,10.308061916674193,0.8983587419163815
1bb3380e-87ec-4972-b550-bcd99ebbdfd0,2025,2025-01-15,cd6bef67-d192-4740-b7be-731c52686c54,69293aea-705f-44e4-81db-36e52bcb1813,-8,0,3.857410355599523,0.6651506870427307
28d42f66-767d-4dc7-9ce4-0fd3cea9b06f,2025,2025-01-15,daea7f8b-7386-4fa6-8921-870a3e848b4a,231d7720-fba0-4331-b1da-8412227395f7,-7,0,2.849459975902024,0.626284626710894
2b1cb123-a40d-49ab-ab5c-be1ec3eee574,2025,2025-01-15,b8772a3e-c4fb-4396-8eb8-b30c8a36abb7,ed973a10-a469-4337-9742-eed664c61168,-22,0,0.6067263558259584,0.5309927775205265
2fe47869-4e81-4fd3-adfc-03c5fdb64a70,2025,2025-01-15,2dbbcf87-baa5-4154-8071-c62e522990c6,4926f0f3-ac12-4ca0-9cbf-eb99f9aafb78,16,1,1.2861007772187991,0.6141797347171379
3170ba65-6999-4ffe-b891-b2f78d7d049e,2025,2025-01-15,416d2dd1-15bd-48e9-82e6-9277c0ab829c,7e838ebf-74ed-42de-9f2e-d8057aa77de5,2,1,4.797791569918147,0.7314664485008748
31af56f9-0da1-4d93-8989-7d94d1512425,2025,2025-01-15,d75e1814-b8c9-4246-b06c-afe60d661528,d915e7c4-a333-4d6f-9c21-5904d58e75bd,-2,0,0.9839328072161897,0.5448312872882005
34bc475b-f590-4e5b-a02a-caf161b3a3fc,2025,2025-01-15,62d54283-52d6-4daf-901e-b6ae1bdf29c0,ab5be1d8-ac8b-4c5c-8e26-320585a8bdef,12,1,1.4498607619054047,0.5459643745359001
36172b34-9ce2-449f-a76c-b040d86034a5,2025,2025-01-15,a1594c03-e784-493e-8435-66f585997595,e20e16ce-0f28-40e0-afe1-5492395d5e53,5,1,9.111460623893327,0.8170364175953154
3c75a4df-d7f2-43c8-8cdc-dbc71c2675ed,2025,2025-01-15,6dcee41c-8ef7-4afd-aa5e-6e7fa77886e0,d9fdf72a-562e-4e19-ba2f-faa3de20ace5,16,1,21.410155209471295,0.9854115015175149
3d73ba20-bb3d-4c7a-818c-90bded974704,2025,2025-01-15,52f17f8e-1af3-4d55-8323-0292fdf33297,88c5646c-b1a9-42f6-999b-56d8198e37ea,18,1,6.082140872981497,0.768707440261239
3ff84cf2-3783-4871-ac60-b2dc42a5be57,2025,2025-01-15,3e287cd2-e8fe-4612-a996-d02de5cd9fb2,469778d6-39b3-4cd1-8bf4-f40903d78c5d,-19,0,-15.944484474761921,0.040362766695158106
48633836-e712-498b-be95-c814507dbda2,2025,2025-01-15,eb7098ac-5154-42da-b703-d3b3958b198c,cabaff64-a388-4861-9374-977555d19efb,26,1,10.984206185817571,0.8952970937694332
526350c5-b61a-4857-97e1-8c7a09d0c291,2025,2025-01-15,6b776d4e-7c15-4c08-b195-ddf7052c762c,03e9598c-4271-4840-ae88-7c7c36f2b10e,3,1,7.41180735301495,0.795200824762615
539eabdb-442a-47f0-8c77-0e1c2267a19d,2025,2025-01-15,f2fcffd8-915c-4fdb-a632-8b5b621bc999,3027d417-64d5-4892-a6c3-c77edfaff436,17,1,6.568836261709619,0.8051705124009942
59d98979-ef6c-4ecb-a7d6-1efed3b5b31b,2025,2025-01-15,d52e191f-c4a5-43a8-b16a-1d87ecf7ce9d,8226bdf0-6c2b-4e2b-841d-e2a01a5e5145,4,1,0.00299229138676313,0.5727411571122178
5a2ef07d-e108-4832-80da-1354f4449385,2025,2025-01-15,8fdfa7ed-88da-45ac-9520-9a9e9fbe2586,d756733f-2d8f-4ed6-8b7f-dc7804a270af,13,1,2.588417333056011,0.607309981612997
63ce4d9a-c1ef-4233-8030-f80aac9bbece,2025,2025-01-15,050cf087-6e1b-42ef-84fe-368ac1929774,9df3af06-d207-48e8-a010-41797b070072,-11,0,-11.108356377261451,0.09430945560653087
6651d940-9d5c-4e74-8e3f-b511b11ba048,2025,2025-01-15,935d92c1-aca9-4b21-9e0d-b6c396fb067c,628efcd7-4ae6-4bba-9542-11e108d22d8d,14,1,14.520542135805842,0.9399046360122804
67003c87-a9ec-4489-8f71-054af8c2a784,2025,2025-01-15,000d55e3-3608-43be-aebb-6926cbe6b7b5,2866b25a-1e5a-42be-8763-ad87278ec1d9,5,1,9.79665086562109,0.9159190937739335
673d4bbc-49ca-4f84-9fc6-b1e0fe6a3a0f,2025,2025-01-15,50ac73d5-f2f3-4160-add7-d0993eec32cf,0420bfac-8b45-41ad-b228-89893a037d4a,3,1,-3.6377379077466294,0.37440781323849126
87fe26a5-021b-4fed-aa6a-48fc89a5ed86,2025,2025-01-15,0eb90dc3-2a1e-43d8-80ac-bab6d917f78a,f8ed9667-67c8-4fc7-a946-d81c4cbe8fed,5,1,10.354169111047076,0.9248003305350987
886429e5-c5f2-4f45-b348-065452f1b667,2025,2025-01-15,88e83e71-3235-4c21-85a8-da368f34e5fd,4b7b8cc0-eb4b-40bd-a9b7-958fbe20894d,-1,0,-7.175448924419134,0.25769545027147195
89f0c3b0-5a22-4fcf-9b73-0abf5d7c6ae7,2025,2025-01-15,031d384c-ac9d-469a-985f-3214f2b9972b,5320a4de-9279-4990-9ee8-6638339220e0,-7,0,-3.283765847088026,0.4017215180203583
90ae3cb6-8d97-4f44-a2a9-5c5085b07720,2025,2025-01-15,31a68979-4cbf-4e59-be9e-82043f581ff6,0f0ea376-1ea4-4b1f-9a4f-e7301a0318a4,-8,0,3.611944271556902,0.7008993189256965
93b95491-2f3d-4c0e-95aa-97c19100d2b1,2025,2025-01-15,63da3cbd-f74e-4ba0-8273-8bca25a54f73,c9bad532-d6c4-4187-8958-37ef239495a4,-2,0,-0.22367641975456298,0.4771252367446411
96ba685b-5b9d-4887-87b5-ee4abf897bbd,2025,2025-01-15,8848c09f-0c71-4cbf-9d0a-84da72f6b649,9b729374-1ae8-46e9-bfe6-2348cf00056a,13,1,12.84055668134425,0.922396385001022
96eb00ec-984f-41ed-88cd-67f9af3c8e0f,2025,2025-01-15,46671d80-ebfc-4f9a-8eae-19249794115f,223e59ef-679d-450c-a409-d6ff2a5b5cc5,4,1,6.309633512686822,0.7667391417638392
9829dfcf-8554-483e-95c4-6a191603b19d,2025,2025-01-15,ba87013c-8cb8-41eb-95fb-16991c536506,c6cabd85-4834-4f62-94ab-57143286b512,18,1,11.421886801610038,0.8836283244374517
9dc166b9-4bbb-45b2-804b-04de1beb14db,2025,2025-01-15,ff2fa864-282d-4503-9a88-8c10619b0e3d,06f12e7c-35a4-46e1-a2ed-0cacb16f9b68,-8,0,2.459696529746473,0.6629927882659188
a1f011ae-834a-4227-af6c-5b4c6b917f82,2025,2025-01-15,66244ae3-7fd6-49a7-9304-4ae41bea9ab3,47b99bcc-2f9a-41d7-8d7c-3f9e93809210,3,1,-1.700096261527645,0.4039303046910122
ab9074db-27d1-49b7-92f3-6f9bea1131a5,2025,2025-01-15,58fdb1cf-11b4-437d-a338-e497be161811,f0489380-9e3d-4613-ab85-fc32d9368997,3,1,2.9439614474265965,0.6347615444568967
b397c9f2-a8a7-45b0-a1ca-86d45742f945,2025,2025-01-15,14b85f13-07f7-4bd1-8f5f-32720dbe1c9e,1f8df44b-d154-4a8f-8c48-32b36db0cd06,4,1,10.689008451354697,0.8849201993536746
b8649645-84f5-4919-834d-8f02d550c87f,2025,2025-01-15,ddb253d9-6526-4c32-a7a2-4462d6abe45c,08e7a657-2b9a-4055-beee-621379cea4b7,-6,0,-1.2660032290038514,0.4477865870654419
bc858213-48e1-4dff-aa76-96489867acf6,2025,2025-01-15,2de57d84-8b9d-4def-9a66-315270ea5d18,40960630-05f9-471c-b4a6-0eea2cb6345d,-4,0,2.2993680981771507,0.6069544143594771
c2ab01e1-537d-4ec0-9cf9-43cdd5c61452,2025,2025-01-15,6ba99b19-8a61-49da-9325-3e04939d3d5f,e51388ec-8e0a-4c32-a70c-4890e3e61d3a,-9,0,-6.878837048747063,0.2832393716908513
cebf97f4-9171-4be8-b0ac-7694510edd0f,2025,2025-01-15,cb8412bc-37cc-43bd-b58b-a5e5956df339,c333af2f-2819-4e30-8541-dbb64eb01cbd,-18,0,-7.876169764458392,0.2028270672700709
d156d540-70aa-4913-bd6f-ba058df35407,2025,2025-01-15,3dd34e3a-6cf5-419c-8042-503af5d36e7e,5d005d94-2060-493e-af42-31885c78962f,4,1,11.975819591746252,0.9094875665052955
d349ace0-9aa4-45d4-8b3d-2270773fda34,2025,2025-01-15,4b6cd009-754d-44ee-9433-124bad801b02,5c6768d4-83c5-4e23-aafc-55ac70126454,15,1,1.8341973115813852,0.5740267348335111
dadbd0ef-33c2-48a1-9649-511ae906894e,2025,2025-01-15,bf32f747-5e9d-417d-890c-89407933c4c6,0a4ebb69-d8f5-4c7e-a7bf-b7ce3968f57a,2,1,2.266722273714918,0.5650124259386275
df97fbe0-e260-435f-9e6e-4c90c24a6f52,2025,2025-01-15,391f303d-08c5-44cc-83c6-60595fc71068,88ae8bb6-fbd8-444d-8d22-f485d82d2e67,1,1,10.304876308008568,0.8639701917285467
e4608421-913e-4299-a04f-52622af88897,2025,2025-01-15,b67edcbb-77d5-4a29-aa67-e1733b9a001a,9a0196e9-6b45-40b9-b0d0-df6bb1c90dc7,5,1,4.328625885117108,0.6573828203995958
f2097378-b643-4bc0-95e9-2c86681cfeae,2025,2025-01-15,2fa161f0-e26c-49a0-8eb0-b2810c4d4845,d26d7563-983a-4b9f-bf04-fa2777e0beb0,3,1,-0.7286410249606853,0.4116872782948197
f5a25d25-141d-43e2-8c25-24fe877e99f0,2025,2025-01-15,c514a4b8-22c2-44f6-a118-250ae80751b0,3d3b199e-7c4f-4c53-b683-a77a8d8e697a,13,1,15.184881527840778,0.9360063341973665
f6195cc8-25a7-42b7-8ca0-b4a4f2ceef60,2025,2025-01-15,60adcfeb-0ca6-456b-b51b-d8d3a324c55d,861b8733-b443-47d5-9c5e-f56373a8fb9c,4,1,8.933846592922148,0.8316133339746881
fa464c3b-e5c4-465b-a464-b806570dc4d1,2025,2025-01-15,741b4fec-9ede-4efa-a807-8c1679e962a6,17ba9bad-9d46-41c6-9781-6a1e204da7b0,14,1,7.387504272898209,0.8192405469606879
0616cb84-1a3a-4253-b34f-a44b1ab94539,2025,2025-01-16,5717b8ad-bb6c-432d-b223-01a330a59686,9e98a2ca-2d40-440b-b4d9-906cd168c9d7,7,1,-5.928281731060421,0.25293691263369367
0667ced2-e562-4806-adc3-3d0335ca5755,2025,2025-01-16,83384eea-0854-4284-a875-f47d9b0c31d8,1b9c388c-a2e4-42dd-9e21-4841ed46cf4d,-3,0,6.686048820236148,0.8299312515708155
130380e9-2ef9-47c6-bac1-303c4ff45e75,2025,2025-01-16,d894373b-dca9-4d1f-a9c9-a123f8c1b600,c90512ea-4ed0-469e-a936-7935ade0caf0,-2,0,-6.913140555240505,0.26119079505726445
285e0a67-0bb3-443c-b308-788f976211e0,2025,2025-01-16,35163246-626a-4e63-899d-7a3798e88277,78d97761-b499-435e-9097-b9d553f3ee67,-17,0,-10.95230038471602,0.11574167381144217
3282e57c-c788-46cd-a395-e14cce5fcf1e,2025,2025-01-16,2c1fdbd4-c0c7-4750-b829-f7a6b7bc5710,fcb7d38a-6efc-47b3-b7af-3dd5ea07e8e5,-7,0,-5.664441187752456,0.2644522644354162
32cb51dd-70b3-45b9-ad33-f4c60da09f6e,2025,2025-01-16,82d0fc94-2404-4659-9764-1b8186e037b7,f02fe504-2b2e-4ed7-b9c5-4c7e6e224682,-23,0,-4.479312302713024,0.26093341897311556
351a3ff8-25fd-4770-b984-cff652a1572f,2025,2025-01-16,f4598131-de83-4e8d-b7cf-dc008ccca8aa,705e808f-a589-4af4-8baa-45ce5b2e969e,20,1,24.65730940292467,0.9887266645809437
370441e8-e7a4-4fbe-bf69-45c85713d68e,2025,2025-01-16,a870c009-c0ca-48e9-a456-1ea2b2b779ef,51d48e8a-41da-4087-b00f-c65fc8fc1ce7,10,1,11.108410831294504,0.891657318738611
39d11789-d6bb-4f36-a151-af623da0266b,2025,2025-01-16,308dd2dd-d731-4927-9bf5-e8aad5900158,75628733-1eec-40f9-a6cf-07501979c4b3,-11,0,6.353165419073975,0.7037973420849799
3cc9d830-c699-4a60-a123-b7b756c3c6cf,2025,2025-01-16,48f318bf-54e1-4e42-b6e9-47c3bdaf4fb8,52355b41-c560-4fd9-b83e-3bec2763822d,5,1,-1.2806074213361796,0.4847534584986993
40ae1b39-45c5-4413-86cd-d14fe7116f3c,2025,2025-01-16,ac42cc2e-26ce-4ace-8d1f-28d21a1c77b2,6e056aa7-1906-4546-b6db-5910356fee72,3,1,-5.019221788896338,0.282044362869613
4426abec-aa7a-4038-ac14-22adf03452b7,2025,2025-01-16,a0bfc386-3dd9-4417-be3e-42f45cee6c22,7732f0ad-152b-481b-be13-de99facad3ed,-26,0,-17.06930594083955,0.04229042164587338
44a4ac02-b929-4404-85cf-0ae53e7864df,2025,2025-01-16,a2f3412c-1391-45d6-9516-eeef28f38cff,70746950-a861-447f-a9ba-f53e329c27c1,3,1,3.7955161346043225,0.6256284342403678
4658501f-9307-46a7-8db5-2e2d91a7b923,2025,2025-01-16,f3885a3b-f43d-45ee-96e1-f650af90dc9c,ff488f80-9f05-43ba-b8dc-d7693b84c0ea,12,1,7.102462798781426,0.7818655366393437
48cbfaae-cb99-4e2f-986b-c5db5444b91d,2025,2025-01-16,de50cb63-b08e-4760-ad25-62eceb6c4120,c9942b49-0bf7-4dda-bc78-bf2e3b174055,3,1,7.001123403633155,0.8020196308111028
51f86885-25b5-47a5-8fe1-1a875bd366b7,2025,2025-01-16,c87682db-2ff7-4c63-9820-df6c8409d5b3,ccaa9380-5136-4fd2-b639-f5f54936ac7d,7,1,3.199804803127155,0.6430699355666742
5901b161-c203-4fd2-b3ed-2657372a80dd,2025,2025-01-16,58d76bcb-6251-4be3-9fce-6e748e521d87,bd53017b-0998-4291-a0d1-1c9f45306402,2,1,-5.994398810515375,0.3077190537786739
5a519d52-2e59-4f0b-8210-0dcafa55b2db,2025,2025-01-16,52414cfe-b45b-4eab-a88b-e509aa446dfb,d2d39132-b6f8-4e0d-96d2-4e89419550fa,-3,0,2.478838040917167,0.5549095140094862
5a63f3db-95da-4010-b8fb-2859f9ea45d1,2025,2025-01-16,ab7c4477-bd9f-4098-989f-243e41356323,9ba3c8fb-1162-47a1-873e-6cf11475a094,4,1,3.994663250725143,0.7425405991107059
65e93ec2-ee15-4a14-b561-6d2dba7fc3d3,2025,2025-01-16,22865798-3256-425e-8eb5-60e1edf9403f,bbd86984-093a-4854-845d-01d65716f8fa,3,1,-0.830906025571541,0.510521261737022
665e7194-eabb-41e8-a108-252568c07bdf,2025,2025-01-16,a564f5c9-0e8d-44c8-a75d-b3b355370dbf,ad9fa352-0a34-41df-8ad8-38855ef63d91,8,1,7.684464380120833,0.836833871982719
6d3dcf7a-63c0-4cfc-bc36-df8da0e8f9d8,2025,2025-01-16,6cd07c06-66e5-421d-a8d3-84cd9833bce3,b9840fe4-f776-405a-8b8d-3c388de0792b,6,1,-3.9377283738467073,0.33042745001877677
7c38d05e-cfca-4e63-9a3e-9540114663b9,2025,2025-01-16,2389c341-a290-43f4-b0e8-08ee6a15c14c,bb02a3be-6beb-4745-b200-3a49f5224f0e,-11,0,12.799768743575628,0.8664843253124431
8226f9a2-72e7-4fb6-a895-08bfdba02352,2025,2025-01-16,67503cd7-a244-4820-afaa-485db8ea877a,68a583e2-b11a-4a35-b102-095903fabdd8,20,1,14.85774799418071,0.9190024670344786
881a2844-7c04-4278-91e1-137dce3581b8,2025,2025-01-16,be9af39b-8a19-4b9d-89a3-bc6dd35defa3,f5ed0adc-4078-47c4-aba0-3dd2de221774,3,1,10.103862657482336,0.8536112853035209
88c6422b-a884-45a2-8111-587c95b80322,2025,2025-01-16,a5ebc512-a148-4140-b60c-147132b3097c,8d515064-54c5-4eeb-a095-ad7ac6839d0c,2,1,-2.633280828424378,0.42022785714614375
8f4e319b-2445-4fe7-96ad-b4b614e5b71b,2025,2025-01-16,cc0e2cc0-da4b-4021-8739-c0e7e235467b,b04e184a-6805-475b-95bd-7e19d2fe95c9,18,1,1.963932108248813,0.6371811209407111
8fb95660-41f0-4380-a067-5884360a1ce1,2025,2025-01-16,12ae7230-4fab-42c4-a7d7-88e118290c3e,fd64c7b0-4a53-4590-bed6-59bbcddb0f63,5,1,8.161529560473214,0.8038182504646262
92e5dffc-35c1-447f-bdcf-fb31da8db864,2025,2025-01-16,12d2dbd5-0799-448a-a49a-671c218c8bbd,19b01b27-3931-468b-a50c-6636aef39c7e,-7,0,6.766444125726894,0.7251968568376711
943665b0-6c49-4519-982d-69e2bf6bebc2,2025,2025-01-16,6578af6a-edd4-4185-82fc-cdb933362d97,307416ce-030c-4156-8d62-1e2632e9e26c,20,1,13.585212353272416,0.9123555583842239
982327c4-877b-430f-ab3d-11c5d26581ac,2025,2025-01-16,6fd295ef-9c37-4478-af91-536cbf316358,185c12ee-a2a7-4588-84f2-4b4b270a75a6,-4,0,-9.402528369908714,0.1699257046907512
98982edd-418e-462a-aa4c-94df6a3fc214,2025,2025-01-16,f89aec4b-36dc-4a40-a634-a744d4d646a2,bfd9aeef-b698-4868-8a44-436dd23e4ae1,7,1,11.495868955991783,0.9016516138061236
9de50aa2-e63b-4b5b-aa7d-34e9000a61bc,2025,2025-01-16,aecf6cf2-725b-4450-9b49-8491e6a4ee0f,77bcefa1-a18f-4280-a5c9-2d1573b78e0a,-35,0,-7.531551228714799,0.28340179026669865
a747eb8a-8ee6-4661-9a43-839cc6cf8f88,2025,2025-01-16,19313cd7-ad44-47d9-a9ef-b9e0c7238466,a79a95b3-2101-4649-8f36-782b24edba79,30,1,11.234220988706475,0.9137826708500685
adea7e67-c346-4bbf-8bf3-1648acde370a,2025,2025-01-16,b704622d-2904-4237-b9a0-a9865096fefd,b58599cb-bbcd-41e0-9746-6ce1ed5597d3,8,1,6.257237310985891,0.7514028078167196
bc104f27-4f13-4bce-8623-20180d9b1fa4,2025,2025-01-16,ce88cc81-96d4-48c0-ad06-ee0c2d3d7663,33efd80d-8446-4d83-97fc-e864b132a0c8,-3,0,2.9086310460492073,0.6285312651365281
c464ab3e-fdf5-4abb-9e05-eab27f035c3c,2025,2025-01-16,cf3707e3-2f2a-44dc-8d7a-4d16b2fe78ee,fa3cb393-e306-4365-b4c3-b3f62a5027d3,3,1,-8.848934839707452,0.18246740283163546
c6418c30-29e0-42d7-a79a-ea8d65b9b3cb,2025,2025-01-16,d65f3ef9-cd07-4472-b901-9b3ba2b35764,8e9b7d4d-1baa-4d3d-bb10-8950f4133b30,10,1,-5.409562755207055,0.21167185429792196
c767df2e-d2a8-4ca6-92b1-054551353296,2025,2025-01-16,b31c989d-1667-4be6-8a91-193cda486b3f,af997d63-624d-40db-bffd-18de780e2f59,-1,0,-5.128432318298605,0.20697742122581253
cbd74277-e890-4332-bcd6-3f85f710ab3c,2025,2025-01-16,5c86ee1e-ee35-4d51-bc08-bbca68bc90f1,6482154d-967c-4e24-af4e-6cdb9ef80e00,4,1,-1.7632144476130056,0.4225456057395617
cf568abb-d9da-4f5a-9eb5-187939c1c9b0,2025,2025-01-16,e4054827-709d-47e3-8f27-86b76b8f17d6,d0c9e56a-ea87-4a77-8ea1-93b43e2aa99f,24,1,8.53282163425391,0.7866333897698606
d7b123d5-cf3d-48a1-b6d0-25091a661ae4,2025,2025-01-16,9fb181a8-2807-4e27-9442-8e09de6c9575,cb86bdfe-2665-485f-9a44-846b23bdb2c3,-19,0,-3.757153076733853,0.3755467885871399
dc7327d3-5e39-44b6-a23c-8bd0ae71677d,2025,2025-01-16,8dae6732-0634-481a-90ac-d73bf6a19566,ad21cf61-9161-4409-af92-468be5a0142f,22,1,14.83244953741975,0.9276768547351988
e9c4fcbc-eef4-4922-a121-87deaa4d4593,2025,2025-01-16,c921ba85-0782-4ce6-80e2-44f0c43d4f16,07c201cc-5a34-4a3b-9fc9-bae4c20b7c9f,-6,0,-0.5250781396937427,0.49722452790698374
ebd29f0c-87f3-4382-8455-39ce883e6c8e,2025,2025-01-16,fb109583-87bb-40c1-a02d-7d40bcd7c52a,c62c317e-e0ab-4b1b-a6b9-878965985154,4,1,1.8806828516677385,0.5759242992793003
ecec4177-76e1-4aca-aaea-946f3a093467,2025,2025-01-16,7bc45016-4549-4672-9453-69c2a81aa576,e383167f-2c53-465a-b2fe-0d6bd7c69b27,-5,0,2.7485237449958473,0.5825080997958891
ef964ae3-705e-4d56-b7fb-a291897a79c3,2025,2025-01-16,3a2cf934-5d3b-4406-a458-0c76b7b9d65a,dd8a7533-5e77-4aee-99d0-4c56a7ff74a7,8,1,-13.915676206638981,0.11132762310128332
f251e981-f924-4eaa-9e60-a0387ca52f5e,2025,2025-01-16,5896c71f-aaee-4983-9da1-2e953c561786,f22ee0eb-5079-4c19-b46d-7d40e14d7636,21,1,16.515198766994693,0.9539355268154577
fd4e938b-c4a1-4c50-9c9f-ce3d0ee4e721,2025,2025-01-16,195318b0-fa80-45e8-96b2-e83346e70a64,d6a348c1-3237-43da-8690-d309d586a66e,-2,0,11.343488257287015,0.8945483911058126
050ccb57-25a4-4e5f-bbed-71bbfab4872d,2025,2025-01-17,f63b8169-081a-49c5-8b53-2f7b3e524fb8,7e01ae0c-d2c7-4d9c-beea-2da953b4c037,19,1,7.028879097739857,0.7333932392431814
10c8f9fb-af87-4dcc-a829-026aacbb99b3,2025,2025-01-17,f9a35e93-6a9b-427a-8901-d74cf3f23676,2a57c531-b461-42be-bbd4-b080f188a160,-1,0,6.449573466532546,0.7793270494439768
1f171ca9-450c-4fae-a3fa-8eca8b454f8a,2025,2025-01-17,5f1bdada-9e34-442e-b575-0b6a9114f1ae,851d8a88-2edc-45bf-b180-7b6c1744f5fe,-5,0,6.3426164376502046,0.8213184532070499
2678e13e-fd8a-4642-a046-207646cfc1d6,2025,2025-01-17,7c82650d-eccf-476a-b85d-69a73b6b7f8b,7a78a9a6-0d5b-4fae-8fb4-98bc816ed903,9,1,7.1893811977683,0.7869059928101222
27e971fa-6812-4686-8abb-04f6755f1f9f,2025,2025-01-17,07b4923a-16cd-4490-8ae5-d61599212ab1,62c787d1-5e5d-4e44-b6e8-1c208f874eba,2,1,8.786511874261176,0.8407680788780185
2f4d717d-d3c9-4eb2-beaf-8efad3f992af,2025,2025-01-17,31a5142f-21b1-4d3a-87fa-d39f7746b7a8,27bf19a7-be0b-4fa0-8dac-8d9b7df5f363,24,1,6.272695911709398,0.8007818548258716
2f9ca8a1-b417-4d48-ae56-8243f9d1adce,2025,2025-01-17,7532f347-4701-4460-abfa-98034c2ce687,fa6de946-411a-41ad-8bfa-6526c949108c,-22,0,-12.343036829038486,0.08162477612590975
403f4d89-84e8-4bd0-b908-bdd46ad3f10f,2025,2025-01-17,73493513-0a1c-4fec-9e40-429225bb809f,02073ad7-1bb6-47dd-a1fb-fae5e0bc2ed7,15,1,8.223277948328468,0.7916585224885578
ae912914-9754-4511-a25b-98d7fb99fbd6,2025,2025-01-17,9123b907-3559-421d-be7d-7e238eb0c266,375d7498-7795-4ff1-bcf0-e13cdaccd9e5,12,1,-0.28914400048330297,0.4619258540012511
cca5ab3d-bf5c-4585-ba59-cb99021889ac,2025,2025-01-17,1799ef2d-85d7-4ba9-8048-33b1956ab3db,a2a4c8c1-e611-4717-92f2-fccc9217a883,-9,0,-5.195320379808731,0.3046245671645278
03971cdf-cdbe-4821-b959-e9a292cc28b7,2025,2025-01-18,3e287cd2-e8fe-4612-a996-d02de5cd9fb2,68a583e2-b11a-4a35-b102-095903fabdd8,-5,0,-3.556564863992281,0.31835958586433283
05b1001b-8f57-4e26-a502-cca61113aafa,2025,2025-01-18,0a4ebb69-d8f5-4c7e-a7bf-b7ce3968f57a,231d7720-fba0-4331-b1da-8412227395f7,-23,0,1.7665542706986364,0.5307773147581887
083c512f-3d22-4061-a9ab-c9df993d6ae9,2025,2025-01-18,ba8ae2ef-827b-47e0-bcec-bf76fe44e37b,63da3cbd-f74e-4ba0-8273-8bca25a54f73,14,1,17.507662667348555,0.9686433047790916
0d74f183-e82a-4748-b9e0-33ee9e7d504a,2025,2025-01-18,58fdb1cf-11b4-437d-a338-e497be161811,416d2dd1-15bd-48e9-82e6-9277c0ab829c,-4,0,1.1382344344594044,0.5326804433108779
0e1510be-c36a-41e7-8442-7b0546e70452,2025,2025-01-18,a79a95b3-2101-4649-8f36-782b24edba79,8e9b7d4d-1baa-4d3d-bb10-8950f4133b30,-6,0,1.8626270348001244,0.5442673269447539
0e6b7a6d-530d-4b8c-b38a-9ad0650beb3c,2025,2025-01-18,08e7a657-2b9a-4055-beee-621379cea4b7,8a391aff-89a4-4586-9d57-71299178703c,7,1,3.4186202991049597,0.5636565995264124
0eaa0c46-10ff-4f7c-9b5d-2bf455199ce4,2025,2025-01-18,88c5646c-b1a9-42f6-999b-56d8198e37ea,031d384c-ac9d-469a-985f-3214f2b9972b,-8,0,2.6768111535201395,0.6349170899789348
0fa88e86-ec6a-4139-bee3-987116534982,2025,2025-01-18,24cced85-1369-4dbe-8abf-92fb8d456618,3aedc020-716e-4a2c-a7f8-ab1abaf53d87,-9,0,9.905386363025634,0.8112719355227744
105c566f-8420-49d3-928f-366460992a84,2025,2025-01-18,46f85354-63b8-4744-8b13-341ea0a30c2a,50ac73d5-f2f3-4160-add7-d0993eec32cf,-8,0,7.683455392177715,0.8430050031642364
110f4bc2-fcfa-4fbe-a11f-56bdd1737290,2025,2025-01-18,75dd9179-8700-4b34-aeaf-2cf608aec25a,cb8412bc-37cc-43bd-b58b-a5e5956df339,12,1,12.804112934771156,0.9252812049501263
167653d7-a598-41d4-ae7c-72d67ccfb522,2025,2025-01-18,fb109583-87bb-40c1-a02d-7d40bcd7c52a,f22ee0eb-5079-4c19-b46d-7d40e14d7636,-11,0,8.213275934040304,0.7793643385176335
17780e5d-23a0-48cf-9222-2a9c72db76e6,2025,2025-01-18,f8ed9667-67c8-4fc7-a946-d81c4cbe8fed,cc4cdd9c-0563-41d0-bbb7-29b825db8e55,-28,0,-18.32951183278444,0.0378789771588089
1803a067-dd0e-409d-a221-9be9b6095c35,2025,2025-01-18,b58599cb-bbcd-41e0-9746-6ce1ed5597d3,85708ae1-7d66-437a-9d70-bcb680bdfa86,-5,0,2.483376562235429,0.5443628693103859
188c7fdc-46af-4797-b6b9-22f9e697f4cf,2025,2025-01-18,a46fdb60-30d0-4807-a2b1-e29d8d7c22b2,829dbc21-e757-475c-ab7a-2a3172ec0683,-11,0,-6.301551922354697,0.24908673443136475
1b009182-bd0c-474e-b8ee-9811ac68f6bb,2025,2025-01-18,17e47b02-02b2-4bbb-a838-a4695fbc099b,9df3af06-d207-48e8-a010-41797b070072,-7,0,-0.3900147002078023,0.4320676116806988
1e875879-216c-4701-86fe-3dafef5cbcc1,2025,2025-01-18,7e838ebf-74ed-42de-9f2e-d8057aa77de5,88e83e71-3235-4c21-85a8-da368f34e5fd,20,1,12.11927927417392,0.9061796458804916
1ee11f59-a17b-48d8-ad05-e39f9f6ff44a,2025,2025-01-18,6b776d4e-7c15-4c08-b195-ddf7052c762c,ba87013c-8cb8-41eb-95fb-16991c536506,1,1,-6.235912683411808,0.2372796202437177
204b23a3-a1b1-4cdf-857b-2398b442ec4f,2025,2025-01-18,5858896e-5e67-463c-a38c-c7431f157945,f89aec4b-36dc-4a40-a634-a744d4d646a2,-26,0,-0.7737911081428013,0.4912346876258692
26941dfa-2b8d-4e44-a652-1bb14e3637f4,2025,2025-01-18,4926f0f3-ac12-4ca0-9cbf-eb99f9aafb78,c514a4b8-22c2-44f6-a118-250ae80751b0,-28,0,-2.2196189406967677,0.35366337481845667
27aae55b-b7d6-480d-bd40-6665625e6b1d,2025,2025-01-18,05005d1e-02c0-46c0-8b4d-19dc825698c0,6dcee41c-8ef7-4afd-aa5e-6e7fa77886e0,-1,0,-18.30214349312769,0.04463166594246181
2f3387da-62f7-44e2-850e-fd96ff7ae9f6,2025,2025-01-18,bd53017b-0998-4291-a0d1-1c9f45306402,3bc11d41-6e7a-4932-b0d5-e15a8f310406,11,1,15.88315150942845,0.9512679138206791
360eb5e0-f954-4b28-bc8a-b77ec124ad17,2025,2025-01-18,dc7ff97c-c617-4dcd-89fe-5e702fd03890,f0929311-9f5c-421d-8573-4b4bee0c314f,10,1,18.060310951398503,0.9439537537793716
3d777475-1be3-490a-9624-1bb8de801c54,2025,2025-01-18,d9fdf72a-562e-4e19-ba2f-faa3de20ace5,f2fcffd8-915c-4fdb-a632-8b5b621bc999,7,1,-7.488363222410804,0.25464396691772645
3ecddd1c-37b4-4788-a7c4-2e2a3f5c3b76,2025,2025-01-18,ae911605-551a-46eb-aef9-06f9a60479c9,5b376c94-fc8d-4e0b-9977-1748d898ff24,25,1,24.25966674278811,0.9849154367228019
40fcd892-765b-4823-8c36-c933c9252446,2025,2025-01-18,c75216c6-4563-402a-b8d6-b8434793ea38,ddb253d9-6526-4c32-a7a2-4462d6abe45c,10,1,1.2218301255943942,0.5047358691487537
41da25e6-836d-4c9c-9387-8f9d758fc8b4,2025,2025-01-18,81ce1538-893e-4f62-9812-5468866f484e,593820ae-e46e-43a0-a5b3-904904eb9cef,8,1,7.620913488181084,0.8003517397509983
44ff846d-d2cb-4644-8823-a4f039516bba,2025,2025-01-18,a7689181-61c1-492f-83e6-a64bca6e04f9,d52e191f-c4a5-43a8-b16a-1d87ecf7ce9d,-7,0,3.8144582613790305,0.6566609440092719
47158827-4416-4efa-8822-0adf69669e71,2025,2025-01-18,195318b0-fa80-45e8-96b2-e83346e70a64,fcb7d38a-6efc-47b3-b7af-3dd5ea07e8e5,8,1,7.815703089283099,0.7522665237628655
47a1bcff-d66e-4201-879a-e091b464b5e3,2025,2025-01-18,6bc97d46-dcb6-4437-a79f-2d351169817d,469778d6-39b3-4cd1-8bf4-f40903d78c5d,1,1,-1.3369238937210814,0.5434685659474086
49ef5261-9760-4b6c-b25d-f60de9b2fa96,2025,2025-01-18,628efcd7-4ae6-4bba-9542-11e108d22d8d,3c9cd500-c6f0-4eca-b722-405eefd74003,-4,0,-4.90177111864583,0.26451662633790457
49fe9dfb-4b86-4be6-a70e-defaa52d9911,2025,2025-01-18,b04e184a-6805-475b-95bd-7e19d2fe95c9,7bc45016-4549-4672-9453-69c2a81aa576,-5,0,6.7918758904751995,0.7115716058739345
4eabf3ff-73f7-4073-b3f8-7bc0eac8b14a,2025,2025-01-18,c4972de1-bfaa-4820-893c-10adf1095f0a,79c6b473-0e11-4c2b-aa4c-8523cc9afa48,9,1,1.46884149847471,0.6676212912875071
4fed8b46-b55d-4332-97f9-9331a623a776,2025,2025-01-18,5a320db8-a83e-4f46-9418-25176d12a65f,40960630-05f9-471c-b4a6-0eea2cb6345d,24,1,14.170389452976982,0.909126481040376
55b03ed7-37c8-4de1-a52c-9398579240f8,2025,2025-01-18,861b8733-b443-47d5-9c5e-f56373a8fb9c,d8e2daca-6b8a-4f31-93d4-8cf6dd93fda7,-9,0,-4.8745473490326745,0.3157326322119635
5a0242cb-f62c-42bf-a2cc-090f3b0fb29e,2025,2025-01-18,69293aea-705f-44e4-81db-36e52bcb1813,ff2fa864-282d-4503-9a88-8c10619b0e3d,3,1,8.48417994119297,0.8151672831369244
5d518a51-cdd4-4bb3-9b56-7a4a8aca0108,2025,2025-01-18,223e59ef-679d-450c-a409-d6ff2a5b5cc5,88ae8bb6-fbd8-444d-8d22-f485d82d2e67,29,1,6.7414698867820295,0.7770993445435556
5f9a4243-f7f4-4d25-815e-6022d836452b,2025,2025-01-18,52aab06d-922e-4906-9dc7-3c0fe7d3e2c2,cc0e2cc0-da4b-4021-8739-c0e7e235467b,6,1,6.284020717434117,0.7707441568084815
60890df2-bb18-4eb5-92a7-411e6fbc3402,2025,2025-01-18,ad36d475-e577-4c2f-b8db-b2d47d1fab15,c62c317e-e0ab-4b1b-a6b9-878965985154,7,1,6.205332088290774,0.7104320911524485
72a28722-2f78-4690-b60d-93267f7b5c1d,2025,2025-01-18,c504f52c-c325-424d-ae65-da37bf8e5820,325d11bf-595b-429a-8342-97fe68b1a3cc,-18,0,4.122941743596528,0.6410518816046717
74a68c5d-99f3-4b38-bbfe-6885a3eec097,2025,2025-01-18,bf7cd127-c979-4181-8f7b-356415e2c15a,1835c2ee-1e17-4d18-9ab8-a1bb3678b947,-9,0,3.428457767345189,0.6724581190027821
74af74dd-0e0a-4edf-a06a-3bdad7c9109f,2025,2025-01-18,91e8763b-21ee-4929-ab39-6a46d1d62e33,6a154b5a-b7dc-4299-86a1-c9ecd354b8c2,-1,0,8.037297590800948,0.7884720474608172
75b481f7-591e-4df0-b96e-300391fa472d,2025,2025-01-18,06f12e7c-35a4-46e1-a2ed-0cacb16f9b68,935d92c1-aca9-4b21-9e0d-b6c396fb067c,18,1,1.0573754922030165,0.6249353206364122
773ffdef-664b-44db-9b9a-6c722d02a5dc,2025,2025-01-18,abb24ec9-06c7-4ac8-a0a7-299760b256d3,17900399-e4eb-42bb-81ed-06f5be1309b7,-13,0,1.756705163462241,0.6287470298925925
7b73eb98-57ff-4aa8-9f27-bca5dc8d9fbb,2025,2025-01-18,eb7098ac-5154-42da-b703-d3b3958b198c,d756733f-2d8f-4ed6-8b7f-dc7804a270af,-1,0,10.581459542261477,0.8478820517515304
7c34f944-1763-4141-97d0-a300b2db418f,2025,2025-01-18,a0bfc386-3dd9-4417-be3e-42f45cee6c22,705e808f-a589-4af4-8baa-45ce5b2e969e,-16,0,5.1320834839132345,0.7698395376697831
7cff49e9-5c99-420c-b280-648fe40fe72a,2025,2025-01-18,14a1f904-5f97-4e98-885e-5d6c4f102ea6,61ce5009-1768-42aa-b377-fd95cefd07af,23,1,9.738016141590341,0.8489420818817932
7dc05ec5-189c-4a42-9d0e-3524fb02b37c,2025,2025-01-18,db5b4ba8-4030-4125-845c-337b3ed300b4,c7345766-a5fd-40e1-9757-26d62af0b9af,-2,0,5.939508318150002,0.7058511447484811
84c34788-3071-4416-88f2-92d4aa3c41d6,2025,2025-01-18,08b7e4ad-da8b-487e-a809-741854d1008c,5d66e35c-66aa-44ac-b72b-33066edb3e20,-4,0,1.4964525106034265,0.526679243683616
8ade7c6d-c13e-4f7f-b961-7e6dfe387f33,2025,2025-01-18,2c1fdbd4-c0c7-4750-b829-f7a6b7bc5710,d6a348c1-3237-43da-8690-d309d586a66e,-8,0,-1.3839187018936658,0.39351902472445294
8f0847a6-b00b-42f8-b7ac-d488335007e2,2025,2025-01-18,be9af39b-8a19-4b9d-89a3-bc6dd35defa3,d0c9e56a-ea87-4a77-8ea1-93b43e2aa99f,4,1,16.965469439514475,0.9727052867449996
8f1cd29d-47fe-46f0-b8ce-498498faa670,2025,2025-01-18,144de2cb-963b-480b-84b4-10b39d4562ef,43624e99-f362-48c4-b203-9af174b24be3,8,1,1.3119514639079548,0.5824592167382652
94889157-cdd5-4667-a32a-fd4022fcd0e1,2025,2025-01-18,871751b8-eb3a-4919-bc58-ab82887e29c6,bfd9aeef-b698-4868-8a44-436dd23e4ae1,4,1,1.4336547915192532,0.5222466025769575
98f1c32f-2f10-4b49-bfcf-fedb094fb86d,2025,2025-01-18,6ba99b19-8a61-49da-9325-3e04939d3d5f,7d5a75d9-3168-47d2-92b5-e680e056b479,7,1,5.45026799114937,0.7261808412787807
993adf6d-eeed-4f76-a4bc-10ae9b2eb6fd,2025,2025-01-18,4a976ca8-f51c-487c-ba87-dae41ddaee24,a2f3412c-1391-45d6-9516-eeef28f38cff,22,1,10.05079517198116,0.8979833181134511
9a3d381b-723d-4843-b9cd-8b7ccd7b6669,2025,2025-01-18,5d005d94-2060-493e-af42-31885c78962f,b8772a3e-c4fb-4396-8eb8-b30c8a36abb7,6,1,7.566860737537886,0.7588244426086652
9c198086-746f-4bd6-8da4-1e9f463fc1ea,2025,2025-01-18,f4598131-de83-4e8d-b7cf-dc008ccca8aa,2389c341-a290-43f4-b0e8-08ee6a15c14c,30,1,10.185539698194956,0.8976745589561204
a16cbd9c-9660-4275-ac4c-6898c60566d0,2025,2025-01-18,07c201cc-5a34-4a3b-9fc9-bae4c20b7c9f,ad9fa352-0a34-41df-8ad8-38855ef63d91,2,1,6.13505800893618,0.7436284911403677
a23e4ca9-2300-4041-b498-a30188315ce5,2025,2025-01-18,561ee565-69fc-4571-95fe-32ac563e53f0,c7e47abb-629e-4b69-8d41-c87333fbe6b4,-3,0,-4.139474136284341,0.3322053683612305
a301d9e3-2278-4205-ba10-0b9d889ae169,2025,2025-01-18,2de57d84-8b9d-4def-9a66-315270ea5d18,03e9598c-4271-4840-ae88-7c7c36f2b10e,20,1,4.323179565767945,0.6967930273554759
a790cf14-4968-498c-a781-945a5d62e005,2025,2025-01-18,ed973a10-a469-4337-9742-eed664c61168,0f0aab5c-26db-447a-b6b5-a264da5b140a,24,1,-8.549925891690187,0.22454371525704592
a8fe2f74-aa11-44ad-944c-a4d2b52a40e0,2025,2025-01-18,9e98a2ca-2d40-440b-b4d9-906cd168c9d7,c878fb5c-c2e2-4f40-a5a0-f297cc0e51b8,3,1,13.33277035885511,0.8892987740050058
aa65aded-cca2-466a-95a0-5fb9f4764dcc,2025,2025-01-18,9007c268-37e0-4ab1-ac60-f9cdcb3a7a8f,f3afec86-2594-4158-97d1-aaac68833b8c,14,1,4.329419979221975,0.7171320309653574
ac05e16e-5e08-46df-8c10-0169b170f475,2025,2025-01-18,78d97761-b499-435e-9097-b9d553f3ee67,3a2cf934-5d3b-4406-a458-0c76b7b9d65a,11,1,7.618669630331935,0.7922768923517588
b088ccc3-e911-4340-89bd-e332c46bb16b,2025,2025-01-18,83384eea-0854-4284-a875-f47d9b0c31d8,e1c5e9f4-197f-4a7b-b871-bdf72ca0cf3a,-25,0,-3.8174085127654,0.31656529016669277
b15225e9-7dd1-489c-9f0d-e5a3be01fb0c,2025,2025-01-18,8bdfa757-6fe1-4ee1-a1c5-279e7f35fa1e,48dab38d-2a0b-4201-94d9-c6ffaf736974,-25,0,-20.927542819460122,0.03870290369464827
bacd8e09-5b63-4c6e-a9d5-89deff7150ec,2025,2025-01-18,d26d7563-983a-4b9f-bf04-fa2777e0beb0,cabaff64-a388-4861-9374-977555d19efb,-3,0,1.1207948751713903,0.54911005530109
bafa42b8-3622-4ba7-92ca-7bfa0eea4e8f,2025,2025-01-18,714115a3-e87c-4c38-be62-cfe9dada315e,1b9c388c-a2e4-42dd-9e21-4841ed46cf4d,5,1,7.579470361745502,0.7824035404752664
bc078bac-c1be-4192-a201-80453e16eac3,2025,2025-01-18,1f8df44b-d154-4a8f-8c48-32b36db0cd06,47b99bcc-2f9a-41d7-8d7c-3f9e93809210,2,1,2.745407037396601,0.591276665128236
bcf372c4-e46a-492a-942f-c5f91ccf0ee6,2025,2025-01-18,4b7b8cc0-eb4b-40bd-a9b7-958fbe20894d,f0489380-9e3d-4613-ab85-fc32d9368997,-5,0,3.1175600312840803,0.5981446983176094
c5bbf0f0-ded1-4ac8-9b4b-96d60a5c0307,2025,2025-01-18,46a5f9e6-fe34-4ea4-867d-ba4e31297465,483b9ce0-4c9d-43d0-979d-831c7298213f,-9,0,7.365110501609475,0.7693316733616293
c7777f2c-4fbc-4bc1-84c8-f367ca19375b,2025,2025-01-18,cd6bef67-d192-4740-b7be-731c52686c54,14b85f13-07f7-4bd1-8f5f-32720dbe1c9e,2,1,3.5759517269226055,0.6911545271094768
c936c154-11fe-4e9d-ba49-49ca0c8d6314,2025,2025-01-18,02ee8976-6844-4a27-9f72-aca9acf8f5d0,17dd690c-8f33-4c2e-94ef-326bf0628517,11,1,12.518187785319414,0.9463518444845873
ce47c6af-5546-4391-8937-940da968cb12,2025,2025-01-18,5ea1ef3c-5f24-4989-854e-a24a9e31ac74,c4101885-e600-4596-80ff-bc637c56221d,-16,0,-12.193797370533792,0.12625046364309836
cf337eee-c762-43c7-804f-4485131fa13b,2025,2025-01-18,12ae7230-4fab-42c4-a7d7-88e118290c3e,51d48e8a-41da-4087-b00f-c65fc8fc1ce7,4,1,12.219773771643059,0.9289179704324116
d37fc492-d575-4bdb-aa3f-b0b1f194cbe2,2025,2025-01-18,9fb181a8-2807-4e27-9442-8e09de6c9575,af997d63-624d-40db-bffd-18de780e2f59,-4,0,0.22733570405964224,0.5397843178454175
d6cf087b-8f1d-4db6-9542-9b221b186a57,2025,2025-01-18,62d54283-52d6-4daf-901e-b6ae1bdf29c0,b21fc872-90f0-43b9-a07f-97e7531c8898,13,1,0.8741389728406243,0.6038834213400119
da8b32b7-9629-442b-a409-2938a8fb7d4b,2025,2025-01-18,0f0ea376-1ea4-4b1f-9a4f-e7301a0318a4,42833efc-4047-4751-b5dd-8f5c6d05e355,1,1,-7.097209471142486,0.26389614814785844
daabaa0a-3d53-4cc1-9e5a-955180f6c487,2025,2025-01-18,aecf6cf2-725b-4450-9b49-8491e6a4ee0f,ad21cf61-9161-4409-af92-468be5a0142f,4,1,3.370504498303796,0.6409327783485146
dc5ff106-0d73-4e18-aed8-8a15b98f46f5,2025,2025-01-18,c6cabd85-4834-4f62-94ab-57143286b512,351b4e0d-ecfa-4f26-963a-5d1e8b281052,-2,0,-7.4555966472823485,0.21596295748170757
ddd911d3-0951-4e99-851d-5029ed1170c6,2025,2025-01-18,5c86ee1e-ee35-4d51-bc08-bbca68bc90f1,ff488f80-9f05-43ba-b8dc-d7693b84c0ea,10,1,11.613929648867863,0.9106608484129293
df3c8548-97da-4135-9ec5-95736f626954,2025,2025-01-18,391f303d-08c5-44cc-83c6-60595fc71068,000d55e3-3608-43be-aebb-6926cbe6b7b5,9,1,-2.204321316433526,0.4923825936031507
df5191ce-573b-4659-88f8-3051d837e7b6,2025,2025-01-18,6578af6a-edd4-4185-82fc-cdb933362d97,f1e9470d-a3c7-4ef1-8583-6bb917490ac3,23,1,9.303876392725547,0.8165932492327114
e2070599-076f-4cb2-9bef-ceac4c4017ce,2025,2025-01-18,c87682db-2ff7-4c63-9820-df6c8409d5b3,9ba3c8fb-1162-47a1-873e-6cf11475a094,12,1,3.783325040320084,0.6539678657028534
e2283897-4cb6-4e6f-816e-dfe1692b5e0a,2025,2025-01-18,dd8a7533-5e77-4aee-99d0-4c56a7ff74a7,fa3cb393-e306-4365-b4c3-b3f62a5027d3,-4,0,12.109762782733364,0.8970019663394053
e2ca0e25-f4f8-4e1a-a7c0-ed4cfea9b81b,2025,2025-01-18,741b4fec-9ede-4efa-a807-8c1679e962a6,4edc5314-8f1f-46cf-90fe-fc3094be42cf,3,1,8.624942105307511,0.8330790782753494
e47145ae-c1e4-4390-9809-2c710aeeabe4,2025,2025-01-18,c921ba85-0782-4ce6-80e2-44f0c43d4f16,9c04a238-121e-47ea-a3bb-436957b78a8b,23,1,3.982994074726582,0.6852653018014501
e56029cb-bb17-4131-bc47-11ffc6f48a92,2025,2025-01-18,571d2904-70d9-4de6-abfb-1d716ba43f0b,a7fd1d4d-445e-4899-9731-00f7bff74284,-3,0,3.893398494356551,0.6400193790917844
e58bdf5c-b9b2-41d2-a563-4f6f1efd5a22,2025,2025-01-18,e383167f-2c53-465a-b2fe-0d6bd7c69b27,6cd07c06-66e5-421d-a8d3-84cd9833bce3,-7,0,7.685176026012719,0.8489910560851057
e5ceea2f-1bd7-44fd-82a3-a7bfd2c43521,2025,2025-01-18,69642ef6-85e9-4dfe-ab65-4cca6a1688d4,c9bad532-d6c4-4187-8958-37ef239495a4,-43,0,-4.650841549917082,0.29311457421132814
e9329b59-69cf-4462-b21a-ae93bba01b83,2025,2025-01-18,9a0196e9-6b45-40b9-b0d0-df6bb1c90dc7,36b120f2-51ac-4dec-94ea-549d266507b5,-16,0,0.9601024033052407,0.5471149635665498
ea33cdea-5058-4d0e-a9fa-4e8d85a15d8b,2025,2025-01-18,c90512ea-4ed0-469e-a936-7935ade0caf0,307416ce-030c-4156-8d62-1e2632e9e26c,16,1,12.845279390997266,0.9042110422678116
ebad21a4-d210-4bbf-811f-af1deeaadc68,2025,2025-01-18,b31c989d-1667-4be6-8a91-193cda486b3f,33652259-8f29-48e9-b213-0eabac8d926f,-13,0,-8.999503094099829,0.16354175481664895
eeb55692-79c5-4ba9-b5a1-06728002245a,2025,2025-01-18,2fa161f0-e26c-49a0-8eb0-b2810c4d4845,8fdfa7ed-88da-45ac-9520-9a9e9fbe2586,-9,0,-3.9421817122301746,0.33148421554325797
eefdef93-0049-4af9-9951-609ae8e07734,2025,2025-01-18,0562b0a8-dbba-404d-9aa5-930ebe50c9b3,41ff62eb-8cb9-4e63-9c2f-50989d3e65c1,11,1,12.585187908009669,0.9015957215539845
ef6f4152-da6b-4a82-9e25-9c92f255d8e7,2025,2025-01-18,026ac097-d80f-48f3-80e4-e6ae2b9ee383,3dd34e3a-6cf5-419c-8042-503af5d36e7e,-18,0,-9.005694691554613,0.12543337683896438
f1f11e0a-8635-4f8d-b356-da85d022b906,2025,2025-01-18,8deb21ba-48b8-491c-89ab-0b360062d211,4f9d3323-4211-41f2-8211-76b7efd6246f,2,1,4.283616944441203,0.6452366192628813
fc0ee82a-a747-4f81-8668-0eedbc3e01df,2025,2025-01-18,fe967dc0-fdb0-46b0-9629-0fd108949abe,af50adaf-e9ac-42bd-a6a9-7ae8e4dc4a8b,9,1,2.8921528383554804,0.6388425858767672
2a8eba5d-9f3b-4959-a5c5-ee746c11b032,2025,2025-01-19,c91670da-50fe-4e29-9e0d-e0a2d01897cf,31a68979-4cbf-4e59-be9e-82043f581ff6,-3,0,9.964959716317262,0.8802351468603024
2b5d5fc1-b913-4d29-8178-78a89b4afcc9,2025,2025-01-19,a1594c03-e784-493e-8435-66f585997595,b6c7c93e-bdd7-4df7-b73a-c1fbe953199d,2,1,4.599108310939599,0.7266225723378272
6020957a-fa11-45be-8a4c-3fda7d6dd30b,2025,2025-01-19,6e056aa7-1906-4546-b6db-5910356fee72,a5ebc512-a148-4140-b60c-147132b3097c,4,1,2.7046696877659313,0.6866721813106097
8450ebfe-6454-4fba-8017-6d28cbf227a7,2025,2025-01-19,9b729374-1ae8-46e9-bfe6-2348cf00056a,52f17f8e-1af3-4d55-8323-0292fdf33297,-11,0,-11.631218111893151,0.1678672005821531
8cf4d2e4-77be-4d10-8cc6-1e0e2f9b2c55,2025,2025-01-19,d1dca835-9ba3-4f00-89e0-533fcfd2b27f,de0352b5-4ae9-49af-a027-b0dc86a005da,-9,0,-9.31227277292551,0.1824914056336179
9ccfc7b1-6258-402c-92fd-d46d722eaf7a,2025,2025-01-19,73493513-0a1c-4fec-9e40-429225bb809f,fa6de946-411a-41ad-8bfa-6526c949108c,-2,0,-0.9755768652476476,0.5340498822004416
b9e9f72c-c02c-4242-bbe5-a8cbe2858326,2025,2025-01-19,5c6768d4-83c5-4e23-aafc-55ac70126454,42a1b5ec-9263-4e7a-8f55-df64f85505e6,2,1,7.085429257914369,0.7979694695488487
c4d06db8-2f79-46b8-9aef-6ac478431fd1,2025,2025-01-19,7532f347-4701-4460-abfa-98034c2ce687,02073ad7-1bb6-47dd-a1fb-fae5e0bc2ed7,-4,0,-8.931062281895377,0.1854129704269932
e1ea372a-d33e-41a2-bc48-efc4b74141a9,2025,2025-01-19,8d515064-54c5-4eeb-a095-ad7ac6839d0c,ce88cc81-96d4-48c0-ad06-ee0c2d3d7663,3,1,12.048145390835362,0.9038069033962991
f56591c3-db27-40f7-b2d2-37021e0a5c29,2025,2025-01-19,d915e7c4-a333-4d6f-9c21-5904d58e75bd,66244ae3-7fd6-49a7-9304-4ae41bea9ab3,22,1,5.235586711548536,0.6995619374718506
00e72e53-5c15-4b21-9a01-a9a5f3ec7fcf,2025,2025-01-20,c4972de1-bfaa-4820-893c-10adf1095f0a,17eb5319-07ae-4f0e-b1d2-8e828b07ed79,8,1,0.5360476476969489,0.5129842625273767
0774639d-61f9-4612-8036-d170a604acb7,2025,2025-01-20,9c2f288e-9523-4b69-ae64-ab0876fec6a4,8daceea0-e7c6-443f-9452-f56f9faa56de,1,1,-2.4349057384865143,0.4083268780682127
0ea1495a-68c8-453a-a562-514c9c766326,2025,2025-01-20,07b4923a-16cd-4490-8ae5-d61599212ab1,5f1bdada-9e34-442e-b575-0b6a9114f1ae,-1,0,4.509775649627195,0.7265790351004663
12619b09-0907-4c7b-b8a5-c85e3b851c9a,2025,2025-01-20,6a154b5a-b7dc-4299-86a1-c9ecd354b8c2,51ff831a-13fe-411d-a486-ed3c7ea2fb5e,4,1,9.121728410789554,0.8137894233644578
206e3886-5e88-4e88-886b-2a4d870a156b,2025,2025-01-20,fe967dc0-fdb0-46b0-9629-0fd108949abe,b0e26736-fae2-4d59-85cd-4b5243f23c8e,4,1,-5.757702512555851,0.25514602051116103
2092fea8-9f15-4cc1-8b21-e879dfec47a2,2025,2025-01-20,17900399-e4eb-42bb-81ed-06f5be1309b7,e66c14f4-c6eb-48be-8caf-0deb5a03ec15,-15,0,4.815421505932277,0.7006075703534227
2d952a8e-6995-4ca1-a422-69730dd46434,2025,2025-01-20,ae911605-551a-46eb-aef9-06f9a60479c9,f0929311-9f5c-421d-8573-4b4bee0c314f,9,1,16.163347805004104,0.9597680062253169
36f8ea28-02c3-4de7-b29b-7d86a1959b19,2025,2025-01-20,5c7c373d-1822-4c63-aa7f-64745cc99c52,52414cfe-b45b-4eab-a88b-e509aa446dfb,-1,0,-7.730769343290633,0.16971401580944523
4932a735-01d0-4281-908f-96f9cb4012c3,2025,2025-01-20,a564f5c9-0e8d-44c8-a75d-b3b355370dbf,d2d39132-b6f8-4e0d-96d2-4e89419550fa,11,1,10.976247098642808,0.8561296649433641
501e637a-3200-4744-b6b1-02bdb3bab67f,2025,2025-01-20,185c12ee-a2a7-4588-84f2-4b4b270a75a6,6f9a1a81-2dbf-490a-ba3c-8f8fadddd9d4,5,1,11.237934482537304,0.8546312543828479
632fac46-f4fd-4420-8a76-4d61ce261a22,2025,2025-01-20,8bbfa6f2-6178-4c2b-bf17-66fba7623c4e,a46fdb60-30d0-4807-a2b1-e29d8d7c22b2,-10,0,-2.879355006131132,0.39214155448122034
6acf08d8-2d02-4afc-8dac-a9986df5b31a,2025,2025-01-20,fa9fae48-c4f0-419f-97d7-5e2ba9d47858,abb24ec9-06c7-4ac8-a0a7-299760b256d3,-1,0,9.483639601823715,0.9037312117585745
6bef403a-d02c-4394-8fd7-57a94e853ac0,2025,2025-01-20,02ee8976-6844-4a27-9f72-aca9acf8f5d0,a6332591-4e2b-4b84-82bb-debc57b8b614,20,1,14.151496484221575,0.9601829123157056
6cbdb7b9-c6a2-4b8c-a932-ac9d5e89339a,2025,2025-01-20,241f50fd-2121-4b74-abd9-2ddb98d74a2e,483b9ce0-4c9d-43d0-979d-831c7298213f,12,1,8.055982490967374,0.8194363126535951
74bcb59d-5b36-436a-b699-14efa7ea36f5,2025,2025-01-20,9f7dac5e-38e1-4e63-9e50-e6b0d822fddf,79c6b473-0e11-4c2b-aa4c-8523cc9afa48,-8,0,-6.4565201852592065,0.3243703770057386
7ba7f256-dcde-4f68-9280-6ebbe0c2fc2b,2025,2025-01-20,c59d7c9d-7fd0-4a58-bdba-7904baeb0abd,5d66e35c-66aa-44ac-b72b-33066edb3e20,9,1,5.053648116351291,0.7634436214000829
7f03d6be-be00-48fb-86f5-ae4c5b1f0bfb,2025,2025-01-20,308dd2dd-d731-4927-9bf5-e8aad5900158,fd64c7b0-4a53-4590-bed6-59bbcddb0f63,5,1,8.027239799724047,0.7716871086009209
8143a6df-2e74-4074-b959-5f1095ebc1ca,2025,2025-01-20,e20e16ce-0f28-40e0-afe1-5492395d5e53,33efd80d-8446-4d83-97fc-e864b132a0c8,8,1,6.052011775946721,0.7780291757480697
9e9e2ef0-71bf-4e6b-9d7a-f2fd6c09a357,2025,2025-01-20,dc7ff97c-c617-4dcd-89fe-5e702fd03890,5b376c94-fc8d-4e0b-9977-1748d898ff24,30,1,26.022656940327174,0.9912961294397727
9ef82f9b-d720-4a2c-88ae-3cfe0e32b1d3,2025,2025-01-20,bc9cb402-a9b1-4644-acdd-ae7e0571be90,91e8763b-21ee-4929-ab39-6a46d1d62e33,16,1,14.585971883783493,0.9367815450740277
aa18d4be-ea3e-420c-91e4-1754dc7e2c98,2025,2025-01-20,bbd86984-093a-4854-845d-01d65716f8fa,01f45e3a-e22b-4c25-b1e8-0d5ac80e6a5e,10,1,8.80157579286141,0.8278370162847981
c653dab2-e68f-4112-aa8c-2b067a98fcb3,2025,2025-01-20,08b7e4ad-da8b-487e-a809-741854d1008c,ba18e6aa-cbe6-493b-b91d-b0c8d4e8b0fa,2,1,-1.6508150674136977,0.426511856662216
de29db3b-65cc-4507-baec-0058bcf2f8c0,2025,2025-01-20,0f2c89e1-1c22-4add-af3e-a7d9982de167,af50adaf-e9ac-42bd-a6a9-7ae8e4dc4a8b,-7,0,6.152085499190265,0.7099249188931109
e9084e10-f1e8-4222-98ad-b832d1042ca0,2025,2025-01-20,231d7720-fba0-4331-b1da-8412227395f7,60adcfeb-0ca6-456b-b51b-d8d3a324c55d,7,1,-2.0600226216369135,0.36156427777289996
f626e596-0f13-4120-96cc-620e436e477d,2025,2025-01-20,f63b8169-081a-49c5-8b53-2f7b3e524fb8,7c82650d-eccf-476a-b85d-69a73b6b7f8b,28,1,21.17940469892771,0.9888161003271729
ff3feea6-08d4-4ab4-9367-50b9b713a9f3,2025,2025-01-20,326d518f-eb6a-47aa-9739-13bc340a9a3c,17dd690c-8f33-4c2e-94ef-326bf0628517,-4,0,0.25514699109412237,0.5451052588802566
08258ff4-6227-42a6-8815-a18518dcdc18,2025,2025-01-21,ad46d3d3-a8b8-45c5-a46d-913240ae2832,c504f52c-c325-424d-ae65-da37bf8e5820,-2,0,2.9458994714957236,0.5848326389086694
0fd459db-86c6-41dd-a91b-af35a8e7a666,2025,2025-01-21,c75216c6-4563-402a-b8d6-b8434793ea38,f239ac13-f7a1-4acf-90a5-3cf4c6fd3355,-14,0,-8.589246840813331,0.17103329389823937
1c4aa149-b007-474a-9cb9-938fb94b3669,2025,2025-01-21,06f12e7c-35a4-46e1-a2ed-0cacb16f9b68,cd6bef67-d192-4740-b7be-731c52686c54,-20,0,-3.6676105944379116,0.3358574193292258
29dc9d09-2d3d-4e36-876f-1be1dec1b9c2,2025,2025-01-21,27bf19a7-be0b-4fa0-8dac-8d9b7df5f363,ac42cc2e-26ce-4ace-8d1f-28d21a1c77b2,-5,0,5.650769619137673,0.766708599296591
2f969c93-6db4-4392-9f36-e79a6e01403e,2025,2025-01-21,c7e47abb-629e-4b69-8d41-c87333fbe6b4,700f42bb-65b8-4e08-bfdf-8dba2e0bd260,-12,0,2.1871519498793437,0.6034799884121875
2f994302-29fa-4079-9efc-3f161327955d,2025,2025-01-21,325d11bf-595b-429a-8342-97fe68b1a3cc,bf7cd127-c979-4181-8f7b-356415e2c15a,-19,0,-5.285833380530359,0.28600479240226034
3e195446-d827-4bce-bf58-dec39516cd55,2025,2025-01-21,f8ed9667-67c8-4fc7-a946-d81c4cbe8fed,db5b4ba8-4030-4125-845c-337b3ed300b4,-17,0,-12.91497162588437,0.05624134767041876
4d6264d2-197c-4650-9918-17fe31ca85c2,2025,2025-01-21,9df3af06-d207-48e8-a010-41797b070072,f9a35e93-6a9b-427a-8901-d74cf3f23676,-3,0,9.860436674702436,0.8459726618713158
515e9082-5934-4d46-b87c-577a0f56b04e,2025,2025-01-21,3ed32cdb-d2a0-473e-9db0-fd63aaf9013b,375d7498-7795-4ff1-bcf0-e13cdaccd9e5,7,1,-4.208757844831436,0.3508590067028229
54399cc8-ce9b-43b0-95c0-09e6c98e170a,2025,2025-01-21,e51388ec-8e0a-4c32-a70c-4890e3e61d3a,983c0982-0fb8-45e4-829e-306cf787ba2e,3,1,9.360279317506105,0.7363098975612635
56b94491-a956-4a0c-a00e-f8aa1008d944,2025,2025-01-21,1835c2ee-1e17-4d18-9ab8-a1bb3678b947,821de2da-b464-49f2-aeb1-293e7aedd6de,8,1,9.27420013045,0.8597135574418455
5bcac94a-65a6-4a5b-af1b-fc5957ae6f98,2025,2025-01-21,12d2dbd5-0799-448a-a49a-671c218c8bbd,48f318bf-54e1-4e42-b6e9-47c3bdaf4fb8,1,1,8.760075433484495,0.8184152728653739
6cd42e78-2ea1-4d2d-9dfd-2c08222ba3f4,2025,2025-01-21,47b99bcc-2f9a-41d7-8d7c-3f9e93809210,1799ef2d-85d7-4ba9-8048-33b1956ab3db,-17,0,-3.9883272151437867,0.3288582345987918
6dd4c849-7c98-4533-9017-1e4f88cd2eee,2025,2025-01-21,397b5601-d70b-43a8-b259-1a752c68bb1f,6b776d4e-7c15-4c08-b195-ddf7052c762c,16,1,12.35175473151307,0.9049620538157539
71a3fe20-0831-42c0-834c-c4986b769425,2025,2025-01-21,17e47b02-02b2-4bbb-a838-a4695fbc099b,050cf087-6e1b-42ef-84fe-368ac1929774,11,1,15.372248216923074,0.9322697787349639
77cb4029-ba05-4b71-9ffb-53576863e499,2025,2025-01-21,31a5142f-21b1-4d3a-87fa-d39f7746b7a8,f829b41d-4185-4fb9-98e0-bd7bd9b6bd7d,2,1,-0.28892612944767604,0.4750051181435598
7daa5455-3408-41f7-bd95-dcb9a6d6eba5,2025,2025-01-21,935d92c1-aca9-4b21-9e0d-b6c396fb067c,69293aea-705f-44e4-81db-36e52bcb1813,-13,0,2.892759759790497,0.5707910072294003
7e077da4-5561-46a7-9782-0d74f057d258,2025,2025-01-21,3aedc020-716e-4a2c-a7f8-ab1abaf53d87,9123b907-3559-421d-be7d-7e238eb0c266,-32,0,-11.190474842638146,0.1406946661432749
7e30bc63-68e6-4d44-88cf-2c0716fcb005,2025,2025-01-21,ba87013c-8cb8-41eb-95fb-16991c536506,76eb53c2-0367-4d59-b619-799a7aea658b,12,1,12.595123056218004,0.9028536401348737
8340408a-c342-4328-bf7e-07764b48cc4e,2025,2025-01-21,63da3cbd-f74e-4ba0-8273-8bca25a54f73,8bdfa757-6fe1-4ee1-a1c5-279e7f35fa1e,18,1,7.143345169300378,0.7949451715621358
8be89c02-2d95-4f50-af7b-5750f6c98ed9,2025,2025-01-21,851d8a88-2edc-45bf-b180-7b6c1744f5fe,75d1bc49-ce2b-4e7f-82f2-26e690f29375,-24,0,-10.516697513390124,0.15697812065451688
8c060a65-e29a-4fc4-bf7e-195df4d7507f,2025,2025-01-21,c9bad532-d6c4-4187-8958-37ef239495a4,ba8ae2ef-827b-47e0-bcec-bf76fe44e37b,-25,0,-5.707730611645878,0.21884562618909142
90f03c2f-1f1a-4438-b339-8f24ca07f4e0,2025,2025-01-21,8fdfa7ed-88da-45ac-9520-9a9e9fbe2586,eb7098ac-5154-42da-b703-d3b3958b198c,1,1,-5.97626430089995,0.34474172092606176
9806ad6a-3694-4d33-a308-f388eb9eba88,2025,2025-01-21,d9fdf72a-562e-4e19-ba2f-faa3de20ace5,8a391aff-89a4-4586-9d57-71299178703c,-8,0,2.2111972307823216,0.5575135368233121
9871934d-54ab-4f76-8173-f9c9096c250a,2025,2025-01-21,5d005d94-2060-493e-af42-31885c78962f,026ac097-d80f-48f3-80e4-e6ae2b9ee383,4,1,5.557556541462088,0.7452799846336395
a3377610-d20d-4d96-8ce6-1f2d8f27049a,2025,2025-01-21,0f0aab5c-26db-447a-b6b5-a264da5b140a,b8772a3e-c4fb-4396-8eb8-b30c8a36abb7,11,1,12.850258397451363,0.9140374512685681
bb72559d-6951-42ba-8a54-fe5bdecb1234,2025,2025-01-21,24cced85-1369-4dbe-8abf-92fb8d456618,904ecc4d-857b-4150-b986-50e605d84b61,2,1,6.33259222556527,0.7333818723326953
bdf6518b-297c-4083-bc1d-e24093ff4296,2025,2025-01-21,1f8df44b-d154-4a8f-8c48-32b36db0cd06,a2a4c8c1-e611-4717-92f2-fccc9217a883,-24,0,-12.929856323400314,0.09815275450090927
c174e550-d54e-456d-a17d-7feeb856b308,2025,2025-01-21,f2fcffd8-915c-4fdb-a632-8b5b621bc999,05005d1e-02c0-46c0-8b4d-19dc825698c0,25,1,15.258619047660735,0.9358862733563378
d20a00e5-4f6f-4533-91da-e40df1495161,2025,2025-01-21,f9261c55-02c0-49db-9993-f5d64a97b21e,0eb90dc3-2a1e-43d8-80ac-bab6d917f78a,2,1,9.999700884955296,0.7624123969942098
d49cca15-9f36-4f11-803c-bf76ebaaf449,2025,2025-01-21,ddb253d9-6526-4c32-a7a2-4462d6abe45c,42833efc-4047-4751-b5dd-8f5c6d05e355,-16,0,-7.836849388985586,0.22621958140772236
f36d163b-5cf8-465f-a9fd-ccbbc0c338f7,2025,2025-01-21,50ac73d5-f2f3-4160-add7-d0993eec32cf,5ea1ef3c-5f24-4989-854e-a24a9e31ac74,-2,0,9.201951087258085,0.8452229014675213
f4fcda98-1445-4306-b10f-90afce0792b1,2025,2025-01-21,40960630-05f9-471c-b4a6-0eea2cb6345d,641dc594-03c5-4ae6-8564-0ccb3c8edc77,8,1,-3.819540670219563,0.44786456846880396
f9e06079-3c89-4822-99b6-8ff62f71361b,2025,2025-01-21,7d5a75d9-3168-47d2-92b5-e680e056b479,a7fd1d4d-445e-4899-9731-00f7bff74284,-9,0,-4.546680801343983,0.30272878875816106
ff8f67ed-f4a7-4d5c-be37-e42846811b6d,2025,2025-01-21,08e7a657-2b9a-4055-beee-621379cea4b7,02361e70-3d89-4b56-8d25-73ea2ee389ef,-10,0,-6.491809141855798,0.32730293453811127
022c6bc0-5bfa-4930-b64d-fb6e4342fdb5,2025,2025-01-22,b21fc872-90f0-43b9-a07f-97e7531c8898,2fa161f0-e26c-49a0-8eb0-b2810c4d4845,7,1,13.64532136622653,0.8846285290491148
30f72ed3-9a7d-47cf-9230-4696a9bdd580,2025,2025-01-22,c91670da-50fe-4e29-9e0d-e0a2d01897cf,a67d2a73-fb71-42b8-97b7-9b72a49efc06,8,1,11.08598528802012,0.8818495360522022
3793689d-1eb3-4204-a724-fb70cf9a951e,2025,2025-01-22,78926156-3797-4ad3-aa39-fff13a311d02,144de2cb-963b-480b-84b4-10b39d4562ef,14,1,13.95182899638282,0.9483508839799406
3cf2b176-585a-4143-bcef-d7d9f31c5f37,2025,2025-01-22,14b85f13-07f7-4bd1-8f5f-32720dbe1c9e,d75e1814-b8c9-4246-b06c-afe60d661528,4,1,12.215406009929689,0.895883708310994
426fc4ff-a957-4c33-8568-012119b4e5da,2025,2025-01-22,7e838ebf-74ed-42de-9f2e-d8057aa77de5,3d3b199e-7c4f-4c53-b683-a77a8d8e697a,11,1,19.816720090202605,0.9855951248320004
45c24309-6a7d-4022-b363-2e8df5fe80b5,2025,2025-01-22,223e59ef-679d-450c-a409-d6ff2a5b5cc5,391f303d-08c5-44cc-83c6-60595fc71068,-8,0,-0.6585923422066552,0.45990344340242056
481be207-51ab-444c-a027-6ff5334887b5,2025,2025-01-22,daea7f8b-7386-4fa6-8921-870a3e848b4a,b67edcbb-77d5-4a29-aa67-e1733b9a001a,15,1,4.157706874755623,0.7069046660467956
54622cd6-b84e-47a1-923a-8ab973cefb83,2025,2025-01-22,8848c09f-0c71-4cbf-9d0a-84da72f6b649,5320a4de-9279-4990-9ee8-6638339220e0,4,1,1.9670348166838887,0.5720522660359099
55aeba85-4359-4bdc-92c9-acc921cc7c00,2025,2025-01-22,ce88cc81-96d4-48c0-ad06-ee0c2d3d7663,be595032-d4ed-4bea-95de-22a18feb02c7,-5,0,3.3146866030900775,0.6486660243918708
61f7b656-25a1-42e0-9550-37c48cffd2d2,2025,2025-01-22,d1dca835-9ba3-4f00-89e0-533fcfd2b27f,6ba99b19-8a61-49da-9325-3e04939d3d5f,8,1,1.4476370100696456,0.6481018041588703
8bd72c9a-29cb-4a73-9acb-ba688cba506f,2025,2025-01-22,31a68979-4cbf-4e59-be9e-82043f581ff6,3027d417-64d5-4892-a6c3-c77edfaff436,-13,0,-3.241619902033231,0.35075982259592975
9041007f-e7cf-450c-9520-f955e971f81a,2025,2025-01-22,cabaff64-a388-4861-9374-977555d19efb,62d54283-52d6-4daf-901e-b6ae1bdf29c0,9,1,-1.918615914322356,0.3898943167581521
91bae425-6f7e-4ebf-80ac-d612fa07a4d6,2025,2025-01-22,9fb181a8-2807-4e27-9442-8e09de6c9575,37d0bfe1-4a78-4810-9371-3268e54026d2,-14,0,-3.5174800864602918,0.3832960541372693
97041957-dca5-41db-90c6-1ca8275c1249,2025,2025-01-22,3c9cd500-c6f0-4eca-b722-405eefd74003,66244ae3-7fd6-49a7-9304-4ae41bea9ab3,12,1,10.61298275804164,0.8887374381569457
a3d358cf-5215-4717-97a7-bfa0cc606d00,2025,2025-01-22,861b8733-b443-47d5-9c5e-f56373a8fb9c,bf32f747-5e9d-417d-890c-89407933c4c6,-5,0,2.7488223761095893,0.6237688973176736
aa2e0022-ca61-44c8-a233-150fbbaa267a,2025,2025-01-22,7a78a9a6-0d5b-4fae-8fb4-98bc816ed903,46f85354-63b8-4744-8b13-341ea0a30c2a,-1,0,-16.956967885369256,0.035307420630735435
ab3e27e9-2809-4f10-882b-d79d581bb05e,2025,2025-01-22,6dcee41c-8ef7-4afd-aa5e-6e7fa77886e0,0f0ea376-1ea4-4b1f-9a4f-e7301a0318a4,34,1,20.632489608178858,0.9820115057116571
ae10dbe5-c93e-4293-8637-e457cac36fe1,2025,2025-01-22,3bc11d41-6e7a-4932-b0d5-e15a8f310406,2866b25a-1e5a-42be-8763-ad87278ec1d9,10,1,5.628828327784255,0.7226078947184346
ae5ca300-5701-4da1-b0e8-590a3d66b1b7,2025,2025-01-22,d8e2daca-6b8a-4f31-93d4-8cf6dd93fda7,9a0196e9-6b45-40b9-b0d0-df6bb1c90dc7,1,1,8.605066964466701,0.8342610980303095
b2c3fed2-0313-4778-9bbc-a82f4bc38abb,2025,2025-01-22,c4101885-e600-4596-80ff-bc637c56221d,7e01ae0c-d2c7-4d9c-beea-2da953b4c037,3,1,6.534245530197499,0.7757699238641415
b4db51fa-4b1d-4955-8ba3-f703d7bfa6f4,2025,2025-01-22,52f17f8e-1af3-4d55-8323-0292fdf33297,e6a72d83-0126-42a5-b202-cd710e233fef,15,1,10.17432534812276,0.8926979985310202
cac729dd-2759-4ff3-8966-fd61298faf76,2025,2025-01-22,2dbbcf87-baa5-4154-8071-c62e522990c6,58fdb1cf-11b4-437d-a338-e497be161811,9,1,-6.2605587744399305,0.26355093630863224
cfe2d481-46f2-4489-b787-ebc5a2072765,2025,2025-01-22,03e9598c-4271-4840-ae88-7c7c36f2b10e,5a320db8-a83e-4f46-9418-25176d12a65f,-1,0,-8.683392469188135,0.13773607844972224
dfc47a0e-c69b-40f5-a94e-d888fd795da1,2025,2025-01-22,7532f347-4701-4460-abfa-98034c2ce687,9b729374-1ae8-46e9-bfe6-2348cf00056a,-9,0,0.5689974256743561,0.4891795914498004
e0afc86b-5a6c-4f32-89d5-564896881ed8,2025,2025-01-22,d756733f-2d8f-4ed6-8b7f-dc7804a270af,69642ef6-85e9-4dfe-ab65-4cca6a1688d4,37,1,10.314824051687848,0.9156985531138241
e7a0ab94-7885-4c26-a373-89acd4f91f18,2025,2025-01-22,cc4cdd9c-0563-41d0-bbb7-29b825db8e55,c7345766-a5fd-40e1-9757-26d62af0b9af,8,1,11.033223334876213,0.8979653554216531
e99f5e9a-dbab-48ae-aa2c-8f8e25708a8b,2025,2025-01-22,36b120f2-51ac-4dec-94ea-549d266507b5,0a4ebb69-d8f5-4c7e-a7bf-b7ce3968f57a,-21,0,-0.08490292369108322,0.5315264379238437
eb8d85c5-5c67-4a3d-9678-6b7409a01000,2025,2025-01-22,ed973a10-a469-4337-9742-eed664c61168,8226bdf0-6c2b-4e2b-841d-e2a01a5e5145,-10,0,0.7503656606993385,0.5428534640722414
edb12e00-be1e-499e-ada3-0934d3993257,2025,2025-01-22,f0489380-9e3d-4613-ab85-fc32d9368997,4926f0f3-ac12-4ca0-9cbf-eb99f9aafb78,27,1,8.385958951342605,0.8270741967144931
03347326-fc22-4d60-b8c5-cb742bb4dabc,2025,2025-01-23,12d2dbd5-0799-448a-a49a-671c218c8bbd,b0ebd027-95a6-4e7b-abfd-c26d14470857,12,1,8.691759459086159,0.7769940329839541
0e9df7b4-cd44-47d7-88b3-2415dc29e6a1,2025,2025-01-23,6482154d-967c-4e24-af4e-6cdb9ef80e00,6628afb6-e6fd-4d7f-be94-a19527da56fa,10,1,1.2370374526683847,0.53479139355328
0f5310de-c7c5-4ebc-9a7a-b448f8bef5c5,2025,2025-01-23,ad9fa352-0a34-41df-8ad8-38855ef63d91,308dd2dd-d731-4927-9bf5-e8aad5900158,9,1,2.0367321334311694,0.6050730104112357
11fe8fad-15f0-4150-a097-ed74c7b09b47,2025,2025-01-23,c62c317e-e0ab-4b1b-a6b9-878965985154,e383167f-2c53-465a-b2fe-0d6bd7c69b27,-2,0,3.199283554979021,0.6490773612642894
128bdc7b-9027-403a-b379-b0b942197344,2025,2025-01-23,12ae7230-4fab-42c4-a7d7-88e118290c3e,5c7c373d-1822-4c63-aa7f-64745cc99c52,16,1,17.906649903463716,0.9457858641394568
17e3b7ea-5823-49d5-afac-1f62612dbbc7,2025,2025-01-23,c333af2f-2819-4e30-8541-dbb64eb01cbd,75dd9179-8700-4b34-aeaf-2cf608aec25a,11,1,1.1712647280833868,0.5589672563317502
182986f7-3b22-41ff-ba30-84767d9d9799,2025,2025-01-23,52355b41-c560-4fd9-b83e-3bec2763822d,ab7c4477-bd9f-4098-989f-243e41356323,-7,0,8.773373681840019,0.8215879836026555
26179869-183a-42e3-8c3f-27db388c1549,2025,2025-01-23,61ce5009-1768-42aa-b377-fd95cefd07af,e1c5e9f4-197f-4a7b-b871-bdf72ca0cf3a,-1,0,0.08174467275928288,0.5085469523354433
284a2b70-c773-4d63-bce4-9383d0661d9b,2025,2025-01-23,fa3cb393-e306-4365-b4c3-b3f62a5027d3,4a976ca8-f51c-487c-ba87-dae41ddaee24,28,1,13.629954515020128,0.9110710560570209
2918a499-4910-4f4c-b9f9-0f949691ddb6,2025,2025-01-23,64975048-1db2-4ded-ad28-05b8d8aa9c66,78d97761-b499-435e-9097-b9d553f3ee67,20,1,10.83620789547878,0.8505165976244006
2ead17da-f41f-4e71-93bd-b02d131bc1f7,2025,2025-01-23,77bcefa1-a18f-4280-a5c9-2d1573b78e0a,f3885a3b-f43d-45ee-96e1-f650af90dc9c,-9,0,5.825812301062562,0.7565213014779517
2fd5545e-99e9-4d10-9c13-627228eee727,2025,2025-01-23,593820ae-e46e-43a0-a5b3-904904eb9cef,9007c268-37e0-4ab1-ac60-f9cdcb3a7a8f,-2,0,1.3112735451142021,0.5498069971037842
30bb1297-b28b-466e-96c0-12e4b8e1eaf3,2025,2025-01-23,de0352b5-4ae9-49af-a027-b0dc86a005da,571d2904-70d9-4de6-abfb-1d716ba43f0b,8,1,8.545733458421955,0.8488330363508595
3257b702-b17a-4b56-944c-f3025bc18cff,2025,2025-01-23,d894373b-dca9-4d1f-a9c9-a123f8c1b600,6578af6a-edd4-4185-82fc-cdb933362d97,9,1,-2.878310037084689,0.3768476996250819
33d76dee-01fb-4e50-bc76-4f19111dcef1,2025,2025-01-23,cc0e2cc0-da4b-4021-8739-c0e7e235467b,b9840fe4-f776-405a-8b8d-3c388de0792b,14,1,3.7107623299610086,0.6071295011557116
372a2faa-c41c-4b33-a0d0-9f3b0d6c2cdb,2025,2025-01-23,d6a348c1-3237-43da-8690-d309d586a66e,81ce1538-893e-4f62-9812-5468866f484e,-7,0,0.18152072322150908,0.4642157597930599
3a3ae7ce-1d4b-4b05-ae8b-8c54a4e9b5cc,2025,2025-01-23,fcb7d38a-6efc-47b3-b7af-3dd5ea07e8e5,8deb21ba-48b8-491c-89ab-0b360062d211,-13,0,5.245625563751462,0.697376136254312
4237aa2b-73a4-4d03-9ee4-8c603a02fe44,2025,2025-01-23,d0c9e56a-ea87-4a77-8ea1-93b43e2aa99f,22865798-3256-425e-8eb5-60e1edf9403f,4,1,-5.699109420484496,0.30920387407888034
50c687ae-634a-4345-8eda-48605cdeb4a8,2025,2025-01-23,6cd07c06-66e5-421d-a8d3-84cd9833bce3,5896c71f-aaee-4983-9da1-2e953c561786,-6,0,-4.219068088196487,0.24276728631254377
5435223c-da0b-4aa8-8003-dd1cac4ca37e,2025,2025-01-23,3a2cf934-5d3b-4406-a458-0c76b7b9d65a,35163246-626a-4e63-899d-7a3798e88277,20,1,11.634411813371909,0.9240747658317255
5575879f-5428-41d5-b368-b9fe893245e4,2025,2025-01-23,f5ed0adc-4078-47c4-aba0-3dd2de221774,6fd295ef-9c37-4478-af91-536cbf316358,18,1,8.132024689206704,0.8604954001242073
5ba19ca2-8c4a-43ac-9e64-cff462ce98e4,2025,2025-01-23,8e9b7d4d-1baa-4d3d-bb10-8950f4133b30,c90512ea-4ed0-469e-a936-7935ade0caf0,-5,0,-0.8523455448399287,0.47951778391769145
63856be4-da06-4c17-bf3a-b6f506ba62d6,2025,2025-01-23,a79a95b3-2101-4649-8f36-782b24edba79,d65f3ef9-cd07-4472-b901-9b3ba2b35764,11,1,8.770157843500503,0.8114425225689522
63c7ce86-819e-4f92-bb86-2936886ee0ac,2025,2025-01-23,67503cd7-a244-4820-afaa-485db8ea877a,cb86bdfe-2665-485f-9a44-846b23bdb2c3,10,1,11.644213831379922,0.8762725600587568
69387383-e881-419f-a076-17cf28f9f940,2025,2025-01-23,416d2dd1-15bd-48e9-82e6-9277c0ab829c,4b7b8cc0-eb4b-40bd-a9b7-958fbe20894d,-4,0,5.744142336673361,0.7208117402197972
864d9a0c-55fb-4f60-999e-a01bb0892560,2025,2025-01-23,75628733-1eec-40f9-a6cf-07501979c4b3,9c04a238-121e-47ea-a3bb-436957b78a8b,12,1,3.982411251078602,0.6784171150769704
8cbdbd5b-5d26-4d2c-8f99-6e583963d96a,2025,2025-01-23,7bc45016-4549-4672-9453-69c2a81aa576,52aab06d-922e-4906-9dc7-3c0fe7d3e2c2,-11,0,-1.958861751168347,0.34902513725436973
8f0da20d-9d5a-45ad-8a6e-57bbeeddd2ca,2025,2025-01-23,51d48e8a-41da-4087-b00f-c65fc8fc1ce7,c921ba85-0782-4ce6-80e2-44f0c43d4f16,-25,0,-6.733241107147139,0.23810445933755547
93f75a15-1c60-4c71-be73-778ffe872657,2025,2025-01-23,af997d63-624d-40db-bffd-18de780e2f59,b31c989d-1667-4be6-8a91-193cda486b3f,27,1,9.776148538763929,0.8264670019608205
9d008577-73b7-4ec3-8296-f1c92b40dffd,2025,2025-01-23,01f45e3a-e22b-4c25-b1e8-0d5ac80e6a5e,e4054827-709d-47e3-8f27-86b76b8f17d6,-9,0,4.046142141738108,0.6943706313156236
a5988873-6ed6-44b8-a4d8-2e7e76ce23c1,2025,2025-01-23,70746950-a861-447f-a9ba-f53e329c27c1,cf3707e3-2f2a-44dc-8d7a-4d16b2fe78ee,-5,0,-4.567617809463,0.3108924315848549
a6b112d5-c4b7-45e1-bdfa-02fb58125d95,2025,2025-01-23,9e98a2ca-2d40-440b-b4d9-906cd168c9d7,aecf6cf2-725b-4450-9b49-8491e6a4ee0f,-1,0,13.509208754091452,0.9243289183987564
ae70a48d-22ff-4fe2-a8da-e99562e7b4f7,2025,2025-01-23,19b01b27-3931-468b-a50c-6636aef39c7e,c87682db-2ff7-4c63-9820-df6c8409d5b3,6,1,11.126824942917512,0.8890266680700631
b530e09b-63d6-4865-beca-697f40b28dd0,2025,2025-01-23,c9942b49-0bf7-4dda-bc78-bf2e3b174055,f4598131-de83-4e8d-b7cf-dc008ccca8aa,4,1,-3.5087484869779204,0.3452932506085829
b6cef0b4-6446-4e3b-82c2-128bc0bbcb26,2025,2025-01-23,85708ae1-7d66-437a-9d70-bcb680bdfa86,83384eea-0854-4284-a875-f47d9b0c31d8,-5,0,6.1344458665157635,0.7852549897114488
c2bb36c0-70f6-42c8-a083-8b1f64a40917,2025,2025-01-23,b704622d-2904-4237-b9a0-a9865096fefd,714115a3-e87c-4c38-be62-cfe9dada315e,4,1,11.027291765745536,0.915888231087162
c374bd58-d09a-4ad8-8f3b-8bb185de518f,2025,2025-01-23,d2d39132-b6f8-4e0d-96d2-4e89419550fa,52414cfe-b45b-4eab-a88b-e509aa446dfb,11,1,0.20206225692230714,0.46383409750676635
cc749e85-30ce-464a-97be-07d86ec54814,2025,2025-01-23,07c201cc-5a34-4a3b-9fc9-bae4c20b7c9f,a564f5c9-0e8d-44c8-a75d-b3b355370dbf,-2,0,-0.4290773445372234,0.43701936987120893
ced99e1f-c2b1-40cf-9f4a-8c2c9e87f43a,2025,2025-01-23,4f9d3323-4211-41f2-8211-76b7efd6246f,f3afec86-2594-4158-97d1-aaac68833b8c,10,1,3.761855442074644,0.6524666203145513
d2f63405-b3e5-4f2e-8efd-64e8bc7212e9,2025,2025-01-23,1b9c388c-a2e4-42dd-9e21-4841ed46cf4d,14a1f904-5f97-4e98-885e-5d6c4f102ea6,-19,0,-14.253675944720666,0.060917616274829084
d44fe726-860d-4c05-8300-c4300e6f0106,2025,2025-01-23,705e808f-a589-4af4-8baa-45ce5b2e969e,9ba0c75f-bad2-428f-9038-d695c2385098,-3,0,-5.228992263409017,0.27057046502706317
d5b403e3-20a0-488b-9d27-af86a42a11f8,2025,2025-01-23,6f9a1a81-2dbf-490a-ba3c-8f8fadddd9d4,be9af39b-8a19-4b9d-89a3-bc6dd35defa3,1,1,-7.84534714217913,0.2367763021954441
d88039bc-1ab1-4ccc-97c4-03dd58d6be51,2025,2025-01-23,ad21cf61-9161-4409-af92-468be5a0142f,5c86ee1e-ee35-4d51-bc08-bbca68bc90f1,-17,0,-8.607138473047488,0.14669421753844114
dac85c49-0647-4832-9b27-e7a142193f28,2025,2025-01-23,7732f0ad-152b-481b-be13-de99facad3ed,de50cb63-b08e-4760-ad25-62eceb6c4120,14,1,12.14768310374843,0.929447981933027
dc07bbd0-4b9a-4adc-b0e5-a77afde38107,2025,2025-01-23,ff488f80-9f05-43ba-b8dc-d7693b84c0ea,5717b8ad-bb6c-432d-b223-01a330a59686,-2,0,0.763725523819495,0.5461775966979298
dd6928cb-7d10-46b3-aa2f-7b102e3905f7,2025,2025-01-23,b6c7c93e-bdd7-4df7-b73a-c1fbe953199d,8d515064-54c5-4eeb-a095-ad7ac6839d0c,-21,0,-1.7383107053374072,0.40708284284452084
e06622d0-02fe-4d27-ace8-b8558623b2b4,2025,2025-01-23,68a583e2-b11a-4a35-b102-095903fabdd8,741b4fec-9ede-4efa-a807-8c1679e962a6,-15,0,-2.6937502054494717,0.34990865267286797
e2b6f768-e363-423d-8b1e-86ba29178744,2025,2025-01-23,ad36d475-e577-4c2f-b8db-b2d47d1fab15,fb109583-87bb-40c1-a02d-7d40bcd7c52a,-3,0,3.778578242811239,0.6832307963751324
e56cecf1-b8f2-45f8-9b4c-9919e3f44e38,2025,2025-01-23,871751b8-eb3a-4919-bc58-ab82887e29c6,5858896e-5e67-463c-a38c-c7431f157945,-9,0,1.9417940636624536,0.5207737284049068
e717218a-9a65-4796-bcfe-bc4677c565dd,2025,2025-01-23,9ba3c8fb-1162-47a1-873e-6cf11475a094,41e19184-6f6d-4838-b789-d8553db45753,-11,0,-5.91095186812189,0.19585272762921296
e7b2d0e6-b71d-4161-98bb-88af986f3c17,2025,2025-01-23,f1e9470d-a3c7-4ef1-8583-6bb917490ac3,19313cd7-ad44-47d9-a9ef-b9e0c7238466,-15,0,-9.603047847103673,0.1702792073965708
ec8d7f8a-b392-4be2-9efe-4435a0654961,2025,2025-01-23,0485ce67-c9b0-4725-be73-d3185a14e575,cb8412bc-37cc-43bd-b58b-a5e5956df339,-2,0,0.13541865938377232,0.5493186830500547
ed92f56f-df12-43d9-a249-1cfc5577fb88,2025,2025-01-23,bb02a3be-6beb-4745-b200-3a49f5224f0e,82d0fc94-2404-4659-9764-1b8186e037b7,2,1,3.0906832755931712,0.5350771113298775
f1f92f62-94d9-4806-a111-db4ddfb960c2,2025,2025-01-23,a2f3412c-1391-45d6-9516-eeef28f38cff,e732f6ff-8488-4df9-8756-f1cbcec88e33,10,1,0.9634289446046269,0.6338491099149965
f3e770c3-e867-42a7-84b3-7ee000dee554,2025,2025-01-23,fd64c7b0-4a53-4590-bed6-59bbcddb0f63,a870c009-c0ca-48e9-a456-1ea2b2b779ef,25,1,3.2524069307517167,0.6453525427744734
f90e6442-e6a1-4b05-b371-662e22440208,2025,2025-01-23,c878fb5c-c2e2-4f40-a5a0-f297cc0e51b8,8dae6732-0634-481a-90ac-d73bf6a19566,-16,0,-4.519657400203594,0.3176164987984968
f9d315d6-e76d-4a01-9416-1342b0c30759,2025,2025-01-23,f22ee0eb-5079-4c19-b46d-7d40e14d7636,b04e184a-6805-475b-95bd-7e19d2fe95c9,-9,0,-7.579973759089961,0.22311216965631833
fb7209fe-517a-438d-af69-818dd6c5ae5f,2025,2025-01-23,bfd9aeef-b698-4868-8a44-436dd23e4ae1,44242fcd-cd9f-43aa-afc2-5a12ea89394c,-1,0,-3.9881102114663523,0.34705633229142
ff01c3c0-e11c-4bd0-a382-a67b12f02fea,2025,2025-01-23,f02fe504-2b2e-4ed7-b9c5-4c7e6e224682,a0bfc386-3dd9-4417-be3e-42f45cee6c22,10,1,15.35378627037583,0.9341311416130905
1009f386-9475-4a71-83d9-af0b85f7b74a,2025,2025-01-24,821de2da-b464-49f2-aeb1-293e7aedd6de,325d11bf-595b-429a-8342-97fe68b1a3cc,-13,0,4.134878173395146,0.6451558788549275
2d779ca3-9c41-437f-94f9-9e788d5bd177,2025,2025-01-24,375d7498-7795-4ff1-bcf0-e13cdaccd9e5,bf7cd127-c979-4181-8f7b-356415e2c15a,2,1,-2.7544217756951537,0.3980601608441561
446e83a7-6864-479f-9a1f-a308321f7a6e,2025,2025-01-24,9df3af06-d207-48e8-a010-41797b070072,6e056aa7-1906-4546-b6db-5910356fee72,27,1,6.542924390843747,0.7184019494555182
6c25b1ac-f8e0-48ad-acb9-4e24b5eb5d8f,2025,2025-01-24,cd6bef67-d192-4740-b7be-731c52686c54,1799ef2d-85d7-4ba9-8048-33b1956ab3db,5,1,4.456037425334214,0.665984594637527
7d6af422-af51-44a6-b286-826cca70af4d,2025,2025-01-24,050cf087-6e1b-42ef-84fe-368ac1929774,31a5142f-21b1-4d3a-87fa-d39f7746b7a8,-5,0,-11.68530998072388,0.14192112296246373
84ae7ce5-6da1-4e04-88a0-6971fa900ff2,2025,2025-01-24,a2a4c8c1-e611-4717-92f2-fccc9217a883,935d92c1-aca9-4b21-9e0d-b6c396fb067c,14,1,15.070517305192359,0.9113947748855614
84cbc725-bde8-402c-975b-5597d280fa0a,2025,2025-01-24,ba18e6aa-cbe6-493b-b91d-b0c8d4e8b0fa,c59d7c9d-7fd0-4a58-bdba-7904baeb0abd,10,1,1.9947096096207595,0.5503119570327646
8aee9a2b-5862-4d0a-b0bb-573d58c09bba,2025,2025-01-24,8daceea0-e7c6-443f-9452-f56f9faa56de,8bbfa6f2-6178-4c2b-bf17-66fba7623c4e,2,1,-0.14190513898515794,0.5482233662641962
ab3be943-be99-4f17-9734-3184f7d0df88,2025,2025-01-24,5d66e35c-66aa-44ac-b72b-33066edb3e20,08b7e4ad-da8b-487e-a809-741854d1008c,5,1,5.267265198755158,0.7570824749086708
ae463569-8a0a-4a92-9da5-f3135dab5a2f,2025,2025-01-24,27bf19a7-be0b-4fa0-8dac-8d9b7df5f363,e20e16ce-0f28-40e0-afe1-5492395d5e53,1,1,1.7491749310138007,0.5039568354179508
afe61565-3309-4c9f-97bf-176ad56d1532,2025,2025-01-24,db5b4ba8-4030-4125-845c-337b3ed300b4,07b4923a-16cd-4490-8ae5-d61599212ab1,13,1,7.893317630125135,0.814950275735157
e2f339cc-092b-40c4-8f5a-8ec158347788,2025,2025-01-24,9c2f288e-9523-4b69-ae64-ab0876fec6a4,829dbc21-e757-475c-ab7a-2a3172ec0683,-23,0,-14.72515507309013,0.0670089732042364
0246a9b1-70ac-4df8-b72e-cd916cf71cfa,2025,2025-01-25,7732f0ad-152b-481b-be13-de99facad3ed,f02fe504-2b2e-4ed7-b9c5-4c7e6e224682,25,1,12.294447740597738,0.9171238213370269
04dd1821-f26d-4cb6-b5eb-498c01f04348,2025,2025-01-25,03e9598c-4271-4840-ae88-7c7c36f2b10e,76eb53c2-0367-4d59-b619-799a7aea658b,-5,0,1.5793286945906984,0.5187403078440248
085d5193-537d-48d0-8192-9a67ddfa9233,2025,2025-01-25,9b729374-1ae8-46e9-bfe6-2348cf00056a,5320a4de-9279-4990-9ee8-6638339220e0,-11,0,-8.578626714954625,0.1864920140305867
0c4eae2f-f204-4d04-9706-53c68f94a64c,2025,2025-01-25,ff488f80-9f05-43ba-b8dc-d7693b84c0ea,6628afb6-e6fd-4d7f-be94-a19527da56fa,-13,0,-18.23822761911668,0.0429299500417063
10923f45-081a-47b1-8f60-5b2685f6528c,2025,2025-01-25,5896c71f-aaee-4983-9da1-2e953c561786,cc0e2cc0-da4b-4021-8739-c0e7e235467b,4,1,6.126459823786607,0.7431264722846678
10dbe7e2-78b3-4286-8696-a42e1e3001de,2025,2025-01-25,b704622d-2904-4237-b9a0-a9865096fefd,83384eea-0854-4284-a875-f47d9b0c31d8,-17,0,11.30292723384254,0.8321964315780405
12b27d2d-627c-4e51-8cc5-57b5921c3521,2025,2025-01-25,8226bdf0-6c2b-4e2b-841d-e2a01a5e5145,c7e47abb-629e-4b69-8d41-c87333fbe6b4,-18,0,-0.5910351327998138,0.459447876885936
15116053-16c3-4146-9318-86c3220589e2,2025,2025-01-25,a00214a0-9c1b-4018-a085-500dbd55fb17,46f85354-63b8-4744-8b13-341ea0a30c2a,-19,0,1.8150272737108362,0.5233147474360457
1618f33b-3329-4c82-8b36-fed366ade974,2025,2025-01-25,6f9a1a81-2dbf-490a-ba3c-8f8fadddd9d4,e4054827-709d-47e3-8f27-86b76b8f17d6,-8,0,3.4333510943470418,0.7467366404424554
17d86e30-2054-4e2a-a0b9-54231c2fb596,2025,2025-01-25,a6332591-4e2b-4b84-82bb-debc57b8b614,241f50fd-2121-4b74-abd9-2ddb98d74a2e,-3,0,1.1979232217441294,0.5384330934411775
1a2f2c9c-9ab7-421f-8869-6bdc3251f535,2025,2025-01-25,bc9cb402-a9b1-4644-acdd-ae7e0571be90,17900399-e4eb-42bb-81ed-06f5be1309b7,29,1,15.80597435718048,0.9527520207550281
1c27b642-2069-4e3a-b245-b27f76c6c744,2025,2025-01-25,f0489380-9e3d-4613-ab85-fc32d9368997,416d2dd1-15bd-48e9-82e6-9277c0ab829c,-8,0,-0.8608856083598296,0.49194415630459515
1c835ab8-302e-4ff2-afd2-b2b158a4fc33,2025,2025-01-25,b67edcbb-77d5-4a29-aa67-e1733b9a001a,60adcfeb-0ca6-456b-b51b-d8d3a324c55d,3,1,-3.1890473239206467,0.35701615908066014
1cb015d1-e885-4651-8bbe-d02cdd9078a5,2025,2025-01-25,7c82650d-eccf-476a-b85d-69a73b6b7f8b,c4101885-e600-4596-80ff-bc637c56221d,-5,0,-16.350492373822316,0.05740209586504878
2163c144-d499-4578-ae42-122d67aba25c,2025,2025-01-25,c62c317e-e0ab-4b1b-a6b9-878965985154,b04e184a-6805-475b-95bd-7e19d2fe95c9,-9,0,-2.675046781632691,0.4061335503859457
21d8331b-63ef-40a7-bebf-d9373b064575,2025,2025-01-25,fb109583-87bb-40c1-a02d-7d40bcd7c52a,52aab06d-922e-4906-9dc7-3c0fe7d3e2c2,-21,0,-3.20929840489454,0.3710093674562163
22b94448-920f-49ec-9229-5f12956c40f9,2025,2025-01-25,9a0196e9-6b45-40b9-b0d0-df6bb1c90dc7,0a4ebb69-d8f5-4c7e-a7bf-b7ce3968f57a,39,1,0.5229447654844975,0.5235470704388869
23b2cf9e-8506-40ba-bbdc-25a973b2b920,2025,2025-01-25,d756733f-2d8f-4ed6-8b7f-dc7804a270af,62d54283-52d6-4daf-901e-b6ae1bdf29c0,7,1,3.4025520439556316,0.6567205169472898
23f05a55-b4a7-4901-942b-90696ade3d97,2025,2025-01-25,88e83e71-3235-4c21-85a8-da368f34e5fd,58fdb1cf-11b4-437d-a338-e497be161811,-5,0,-4.148903561192255,0.39246572448395867
25525f64-1e1b-42f5-b7d2-5a1457d95faa,2025,2025-01-25,35163246-626a-4e63-899d-7a3798e88277,70746950-a861-447f-a9ba-f53e329c27c1,16,1,6.574389050567227,0.795371703182977
282c2194-4f36-41fa-be71-024bd350f6de,2025,2025-01-25,b8772a3e-c4fb-4396-8eb8-b30c8a36abb7,3dd34e3a-6cf5-419c-8042-503af5d36e7e,-7,0,-10.757433479188503,0.15341735360652453
28608090-3115-4d7f-a083-ceabb0af7bda,2025,2025-01-25,5b376c94-fc8d-4e0b-9977-1748d898ff24,4319d016-ec3c-434b-9398-c88b1bfab01e,-11,0,-23.611113229692005,0.02515202740530024
2d92a5bb-0fe5-47ca-8d5a-ad9cb7e8e4f2,2025,2025-01-25,33efd80d-8446-4d83-97fc-e864b132a0c8,a1594c03-e784-493e-8435-66f585997595,-7,0,-7.800136958584182,0.2546433595030822
2ecd3aec-2008-415b-af8f-a696f61040ba,2025,2025-01-25,3e287cd2-e8fe-4612-a996-d02de5cd9fb2,cb86bdfe-2665-485f-9a44-846b23bdb2c3,-8,0,-9.902772622357546,0.15990951683706137
30758ee0-5389-4e5b-ab44-a980c28ea45d,2025,2025-01-25,ad46d3d3-a8b8-45c5-a46d-913240ae2832,24cced85-1369-4dbe-8abf-92fb8d456618,21,1,3.8981475245105224,0.7712829740839454
33cc6c21-4751-4c3f-994b-cf1ccffc6410,2025,2025-01-25,79c6b473-0e11-4c2b-aa4c-8523cc9afa48,dc7ff97c-c617-4dcd-89fe-5e702fd03890,-1,0,2.0476614867791847,0.5480319707926984
38ee8c59-0b43-4ba8-94ba-402719ddb01c,2025,2025-01-25,3ed32cdb-d2a0-473e-9db0-fd63aaf9013b,3aedc020-716e-4a2c-a7f8-ab1abaf53d87,13,1,11.962034823272,0.8888256370386634
3d042bef-740b-41b7-b22d-0a48a68ce4f8,2025,2025-01-25,78d97761-b499-435e-9097-b9d553f3ee67,e732f6ff-8488-4df9-8756-f1cbcec88e33,12,1,19.960434084000216,0.9858502287568461
3df0a482-18b9-44d6-8ce9-f95a3405ad55,2025,2025-01-25,fa6de946-411a-41ad-8bfa-6526c949108c,8848c09f-0c71-4cbf-9d0a-84da72f6b649,2,1,6.021089899816156,0.7245672268031613
404c9672-9f6c-48f0-9409-05b5054aabcb,2025,2025-01-25,6b776d4e-7c15-4c08-b195-ddf7052c762c,7f0a740b-2a56-4bec-87c8-7bf2baf05d58,5,1,-4.23342942332752,0.38645132000243365
42e33069-f7df-4f1b-9e18-99ff6a037549,2025,2025-01-25,026ac097-d80f-48f3-80e4-e6ae2b9ee383,0f0aab5c-26db-447a-b6b5-a264da5b140a,-18,0,-6.90990967197473,0.27421374328093834
464c4315-15d7-40f9-a984-14cb8408b179,2025,2025-01-25,3027d417-64d5-4892-a6c3-c77edfaff436,6dcee41c-8ef7-4afd-aa5e-6e7fa77886e0,-6,0,-8.789559671572475,0.18335049246446913
4c421e2d-457a-4782-94d5-57161c92537e,2025,2025-01-25,c878fb5c-c2e2-4f40-a5a0-f297cc0e51b8,aecf6cf2-725b-4450-9b49-8491e6a4ee0f,-5,0,5.3165720910676795,0.7362913403100364
55cf8b84-f6d9-4ddc-9f14-fb37f5247f06,2025,2025-01-25,a564f5c9-0e8d-44c8-a75d-b3b355370dbf,52414cfe-b45b-4eab-a88b-e509aa446dfb,21,1,9.44343479736619,0.8802943894352601
561dc77e-3367-483e-b4fe-37cc1d80206e,2025,2025-01-25,ccaa9380-5136-4fd2-b639-f5f54936ac7d,41e19184-6f6d-4838-b789-d8553db45753,-32,0,-3.3803926250296836,0.34533822367840183
585fb4b3-ac0b-4fcd-b30f-be88d2425555,2025,2025-01-25,b0e26736-fae2-4d59-85cd-4b5243f23c8e,326d518f-eb6a-47aa-9739-13bc340a9a3c,4,1,3.4655295046487975,0.6592699867587287
5a308eb3-e770-49a0-9d63-68e16b6f92e6,2025,2025-01-25,52355b41-c560-4fd9-b83e-3bec2763822d,c87682db-2ff7-4c63-9820-df6c8409d5b3,-4,0,9.170745577748916,0.8415663463152426
5c2f52a0-1b8b-4786-a85e-8354d51e4202,2025,2025-01-25,9e98a2ca-2d40-440b-b4d9-906cd168c9d7,8dae6732-0634-481a-90ac-d73bf6a19566,4,1,5.611037196771312,0.7431371409418798
5cfa9d2a-7c22-4a2c-99f1-de9f6bbbd485,2025,2025-01-25,17ba9bad-9d46-41c6-9781-6a1e204da7b0,37d0bfe1-4a78-4810-9371-3268e54026d2,-7,0,-1.2660432232519823,0.5285945789885227
5dcda65b-c2aa-4a1d-b0b9-71a5334d8492,2025,2025-01-25,bfd9aeef-b698-4868-8a44-436dd23e4ae1,75dd9179-8700-4b34-aeaf-2cf608aec25a,-3,0,-5.10157485993003,0.29085454077283607
60922dc5-8a0f-403b-b272-213462a9f367,2025,2025-01-25,2c1fdbd4-c0c7-4750-b829-f7a6b7bc5710,195318b0-fa80-45e8-96b2-e83346e70a64,-23,0,-9.643712556012185,0.108117655223348
6187df49-d804-47bb-8808-f5d105667ee5,2025,2025-01-25,904ecc4d-857b-4150-b986-50e605d84b61,c504f52c-c325-424d-ae65-da37bf8e5820,10,1,-1.8969063072056098,0.38753766033251025
62fe38b0-eafd-4a30-a653-97d4f99c9f97,2025,2025-01-25,b9840fe4-f776-405a-8b8d-3c388de0792b,ad36d475-e577-4c2f-b8db-b2d47d1fab15,-10,0,4.829717060858454,0.7342451965824338
642d166f-5cd7-438e-88e1-63600c8159ed,2025,2025-01-25,77bcefa1-a18f-4280-a5c9-2d1573b78e0a,5c86ee1e-ee35-4d51-bc08-bbca68bc90f1,-10,0,0.8882107577806231,0.5367501389947733
6534241b-3acc-4606-a6bb-7bcd2fa3be87,2025,2025-01-25,a67d2a73-fb71-42b8-97b7-9b72a49efc06,d9fdf72a-562e-4e19-ba2f-faa3de20ace5,13,1,1.9873108849380956,0.593719277498533
65de9168-9b6a-425f-aadc-93785ad5b31c,2025,2025-01-25,2389c341-a290-43f4-b0e8-08ee6a15c14c,a0bfc386-3dd9-4417-be3e-42f45cee6c22,9,1,15.80189434685446,0.9221555859934937
6793b641-efde-40a2-a6d2-8e7d562d9ff0,2025,2025-01-25,7cf9cb31-3bfd-486a-90fa-8fa6f3bb44a1,c4972de1-bfaa-4820-893c-10adf1095f0a,-4,0,-2.86591496772204,0.35527508935829155
68a14800-c240-440d-ad78-b7204f4a0842,2025,2025-01-25,4a976ca8-f51c-487c-ba87-dae41ddaee24,64975048-1db2-4ded-ad28-05b8d8aa9c66,-5,0,-13.557062880805471,0.10249398462524607
68ed84fd-eb69-453c-b5c6-55ae399db34e,2025,2025-01-25,f0929311-9f5c-421d-8573-4b4bee0c314f,a6dd499a-eb6b-4f8e-9094-d8eb96b3547a,-16,0,-15.926757555607349,0.057406365240526426
69caebbc-9737-47a2-93bd-7748a7623a16,2025,2025-01-25,3a2cf934-5d3b-4406-a458-0c76b7b9d65a,fa3cb393-e306-4365-b4c3-b3f62a5027d3,14,1,-3.4831504582203507,0.3730148669164429
6c177c1b-cdd9-46c4-aea4-0b12c84c20ff,2025,2025-01-25,c7345766-a5fd-40e1-9757-26d62af0b9af,f9261c55-02c0-49db-9993-f5d64a97b21e,4,1,-0.001357533395017727,0.4464582964553757
6c8a8c2c-d42e-456e-b75f-1a18ea3b33e3,2025,2025-01-25,ff2fa864-282d-4503-9a88-8c10619b0e3d,3c9cd500-c6f0-4eca-b722-405eefd74003,6,1,2.0679641712305648,0.619495030792439
6c901c09-3ddd-4fc8-b173-246ef9fdadd5,2025,2025-01-25,8fdfa7ed-88da-45ac-9520-9a9e9fbe2586,48dab38d-2a0b-4201-94d9-c6ffaf736974,-7,0,-18.06991581408114,0.053411837938212955
6cc99b3e-b4c7-4896-bb74-8c3254358347,2025,2025-01-25,dbd1798b-2cf1-49c5-9f33-caefec39594e,9f7dac5e-38e1-4e63-9e50-e6b0d822fddf,3,1,17.32526775048016,0.8921375507776664
6d399af9-f3fd-4160-bbb7-dcb65ad45c79,2025,2025-01-25,6578af6a-edd4-4185-82fc-cdb933362d97,c90512ea-4ed0-469e-a936-7935ade0caf0,-4,0,1.2363412889992385,0.5624197989752288
6e0afd48-ec3b-4312-935d-e57b26a966de,2025,2025-01-25,f239ac13-f7a1-4acf-90a5-3cf4c6fd3355,ddb253d9-6526-4c32-a7a2-4462d6abe45c,15,1,14.251995204790697,0.9550014467209268
70368cfa-5cd3-4b81-bb06-2cda9b745d54,2025,2025-01-25,17eb5319-07ae-4f0e-b1d2-8e828b07ed79,ae911605-551a-46eb-aef9-06f9a60479c9,5,1,11.54307699550061,0.8470511050307111
70697e27-a5ff-4bdd-bfda-f8d3859d4a11,2025,2025-01-25,52f17f8e-1af3-4d55-8323-0292fdf33297,7532f347-4701-4460-abfa-98034c2ce687,15,1,17.642144030541367,0.9624465202584385
7295120f-0b9d-45f3-b75e-b52688634447,2025,2025-01-25,abb24ec9-06c7-4ac8-a0a7-299760b256d3,91e8763b-21ee-4929-ab39-6a46d1d62e33,-1,0,-2.2432777112273623,0.4671216272744866
75199005-0bdd-414f-8548-ccddc7b36172,2025,2025-01-25,af50adaf-e9ac-42bd-a6a9-7ae8e4dc4a8b,02ee8976-6844-4a27-9f72-aca9acf8f5d0,-30,0,-13.176121897072623,0.07450978570373595
7743b7df-994d-4dbb-ac2a-244792fd822f,2025,2025-01-25,d8e2daca-6b8a-4f31-93d4-8cf6dd93fda7,231d7720-fba0-4331-b1da-8412227395f7,4,1,5.441684388740632,0.7029581352904468
77d8a854-4d41-456e-bf40-64fa03be8bcc,2025,2025-01-25,af997d63-624d-40db-bffd-18de780e2f59,33652259-8f29-48e9-b213-0eabac8d926f,-4,0,-4.85710444823636,0.35958601734656415
78a7e1c3-58ba-4918-8c29-7b21d1fc8842,2025,2025-01-25,2fa161f0-e26c-49a0-8eb0-b2810c4d4845,78926156-3797-4ad3-aa39-fff13a311d02,-15,0,-12.775145927392101,0.07894876094572945
791bd8dd-f466-473e-94b8-98ae024f96d5,2025,2025-01-25,8a391aff-89a4-4586-9d57-71299178703c,f2fcffd8-915c-4fdb-a632-8b5b621bc999,-15,0,-5.608328691975789,0.2327231146661635
79d522ff-d8b8-468a-8436-3ce6fb161fce,2025,2025-01-25,ac42cc2e-26ce-4ace-8d1f-28d21a1c77b2,17e47b02-02b2-4bbb-a838-a4695fbc099b,8,1,-4.157542890981197,0.3253144009616301
7c5f1875-52ff-4b12-9406-196469ab02af,2025,2025-01-25,bd53017b-0998-4291-a0d1-1c9f45306402,000d55e3-3608-43be-aebb-6926cbe6b7b5,22,1,12.191615570885848,0.8800235021227829
7efe974f-a90c-4da8-bcdd-52816e0790c1,2025,2025-01-25,6f7ff858-33b4-4d3b-b960-8a750dbe33a1,5ea1ef3c-5f24-4989-854e-a24a9e31ac74,9,1,5.069691753161718,0.7213995380505501
8015275a-4a23-480e-a756-358115d0e875,2025,2025-01-25,66244ae3-7fd6-49a7-9304-4ae41bea9ab3,1f8df44b-d154-4a8f-8c48-32b36db0cd06,6,1,0.4122711828598768,0.4813241410661991
81d2323e-6d45-4a90-a9e2-1babcb847578,2025,2025-01-25,19b01b27-3931-468b-a50c-6636aef39c7e,ab7c4477-bd9f-4098-989f-243e41356323,11,1,10.164974718244016,0.8856196927646692
854b63f2-c33b-41e3-9aa5-fc50f2bb67e4,2025,2025-01-25,641dc594-03c5-4ae6-8564-0ccb3c8edc77,0b297e0e-e039-449d-b07f-f8e1ae96e3db,8,1,8.080908336681196,0.7498040400684589
8577f0a7-d335-407a-b564-b7a21d8758e3,2025,2025-01-25,ba48df8b-809b-401f-a758-25c39aa2d50b,2fe58a98-ca14-421d-83f6-aac80bab3780,-7,0,-5.907744197014691,0.2540373868338946
85a5efcd-986c-466a-b8a8-d890850bee11,2025,2025-01-25,61ce5009-1768-42aa-b377-fd95cefd07af,1b9c388c-a2e4-42dd-9e21-4841ed46cf4d,17,1,13.714998110010416,0.9099486946120087
85e61d80-0b7c-4096-9f6f-c7ea23f941ad,2025,2025-01-25,75d1bc49-ce2b-4e7f-82f2-26e690f29375,f8ed9667-67c8-4fc7-a946-d81c4cbe8fed,25,1,20.953743246484986,0.9765222542555166
85eb3081-65cf-4780-9dfd-ca7a942290ab,2025,2025-01-25,e66c14f4-c6eb-48be-8caf-0deb5a03ec15,51ff831a-13fe-411d-a486-ed3c7ea2fb5e,15,1,0.5051920659028587,0.5843070525950047
8912bce3-424f-43ab-834b-31866e93f3c3,2025,2025-01-25,eb7098ac-5154-42da-b703-d3b3958b198c,8bdfa757-6fe1-4ee1-a1c5-279e7f35fa1e,6,1,15.829475471749507,0.9651240414956509
89556dbb-65c3-48f3-a203-33d5017810c9,2025,2025-01-25,0f0ea376-1ea4-4b1f-9a4f-e7301a0318a4,c91670da-50fe-4e29-9e0d-e0a2d01897cf,-15,0,-6.246084792538396,0.33670738365867703
8a9af619-3270-4a55-91dd-a6fa34b5c6e1,2025,2025-01-25,f22ee0eb-5079-4c19-b46d-7d40e14d7636,e383167f-2c53-465a-b2fe-0d6bd7c69b27,-23,0,-9.439034701629728,0.17572680622896286
8c0a1b61-da9c-4980-9643-0b94ddd2a37e,2025,2025-01-25,705e808f-a589-4af4-8baa-45ce5b2e969e,de50cb63-b08e-4760-ad25-62eceb6c4120,-8,0,-12.659867795534314,0.06910128133940789
8f5a79ad-bbb5-46c6-999b-4e92794f9d6d,2025,2025-01-25,17dd690c-8f33-4c2e-94ef-326bf0628517,46a5f9e6-fe34-4ea4-867d-ba4e31297465,3,1,8.667859772915639,0.8191465271856467
90c37636-28f6-4f67-bdb8-c42512e268a2,2025,2025-01-25,351b4e0d-ecfa-4f26-963a-5d1e8b281052,ba87013c-8cb8-41eb-95fb-16991c536506,2,1,6.6172986530602165,0.7387562857543891
943aa3fb-8731-4751-9cd3-75f7c6ddeb3e,2025,2025-01-25,67503cd7-a244-4820-afaa-485db8ea877a,741b4fec-9ede-4efa-a807-8c1679e962a6,15,1,10.757956485498962,0.878916393181108
9810f48c-3911-43a8-aa32-78fe69726913,2025,2025-01-25,62c787d1-5e5d-4e44-b6e8-1c208f874eba,5f1bdada-9e34-442e-b575-0b6a9114f1ae,10,1,-1.9718373846211996,0.5260067987060105
9c1665a7-f440-4535-8956-94d91b843920,2025,2025-01-25,f5ed0adc-4078-47c4-aba0-3dd2de221774,22865798-3256-425e-8eb5-60e1edf9403f,17,1,5.046078111552735,0.7323287937072848
9e8ab30c-fbae-4a56-9cd5-37b578d954eb,2025,2025-01-25,7a78a9a6-0d5b-4fae-8fb4-98bc816ed903,0420bfac-8b45-41ad-b228-89893a037d4a,-29,0,-17.868527695782557,0.04874869262779355
a0a42ae3-cee8-433a-ae47-782bb877023d,2025,2025-01-25,5a320db8-a83e-4f46-9418-25176d12a65f,c6cabd85-4834-4f62-94ab-57143286b512,30,1,14.566238521473938,0.9169043677296345
a1317284-8fd7-433b-8f4a-1e065ce7d7f3,2025,2025-01-25,308dd2dd-d731-4927-9bf5-e8aad5900158,a870c009-c0ca-48e9-a456-1ea2b2b779ef,13,1,7.693157028774951,0.7884327673687601
a2ba1c22-911d-4fef-854e-289b57a91222,2025,2025-01-25,a7689181-61c1-492f-83e6-a64bca6e04f9,561ee565-69fc-4571-95fe-32ac563e53f0,-10,0,5.39946809037695,0.7081820670528359
a3141b13-570c-4444-a44e-6c537c5cd2c0,2025,2025-01-25,d52e191f-c4a5-43a8-b16a-1d87ecf7ce9d,ed973a10-a469-4337-9742-eed664c61168,-4,0,1.390866138252036,0.5973325009113999
a42ef489-08ef-45db-b417-bcfc3da35b7c,2025,2025-01-25,a79a95b3-2101-4649-8f36-782b24edba79,d894373b-dca9-4d1f-a9c9-a123f8c1b600,-3,0,7.2334001316018135,0.7606695674284208
aa195333-9b7c-4337-b74e-42eaf1a7fe2e,2025,2025-01-25,469778d6-39b3-4cd1-8bf4-f40903d78c5d,6bc97d46-dcb6-4437-a79f-2d351169817d,10,1,6.482241439698537,0.7634818343172527
ac445836-a618-4db9-b617-269b0186e45c,2025,2025-01-25,3d3b199e-7c4f-4c53-b683-a77a8d8e697a,4926f0f3-ac12-4ca0-9cbf-eb99f9aafb78,-2,0,-9.611513157887403,0.2009116801695285
adfbbd68-e39e-464d-944e-45e5cdf9b28a,2025,2025-01-25,2dbbcf87-baa5-4154-8071-c62e522990c6,c514a4b8-22c2-44f6-a118-250ae80751b0,-3,0,-5.343349848662506,0.31394101924534196
ae81c5cc-d1e1-450b-a889-66146cea2852,2025,2025-01-25,85708ae1-7d66-437a-9d70-bcb680bdfa86,714115a3-e87c-4c38-be62-cfe9dada315e,6,1,8.755421352709421,0.8585830359328865
b1eebd6b-4527-4369-be81-cc8267b72f0a,2025,2025-01-25,6a154b5a-b7dc-4299-86a1-c9ecd354b8c2,fa9fae48-c4f0-419f-97d7-5e2ba9d47858,-9,0,-4.904980162356938,0.3364085210578819
b3b1f5d5-e498-4dfb-ae32-59468bcda4c0,2025,2025-01-25,50ac73d5-f2f3-4160-add7-d0993eec32cf,f63b8169-081a-49c5-8b53-2f7b3e524fb8,-2,0,-5.754383603514136,0.2244080060837686
b5ffa9f3-4696-44ef-93c5-3d7e17eaf0a7,2025,2025-01-25,a7fd1d4d-445e-4899-9731-00f7bff74284,6ba99b19-8a61-49da-9325-3e04939d3d5f,9,1,6.492436438478476,0.6935694138664491
b9a41819-84be-45dd-89a2-393d6069f2f5,2025,2025-01-25,0eb90dc3-2a1e-43d8-80ac-bab6d917f78a,851d8a88-2edc-45bf-b180-7b6c1744f5fe,17,1,9.686364377581613,0.8635280497053729
bbd0656c-cc37-4a55-a1e6-30f0eefe919b,2025,2025-01-25,40960630-05f9-471c-b4a6-0eea2cb6345d,0562b0a8-dbba-404d-9aa5-930ebe50c9b3,1,1,-1.5236738426452265,0.38402847983537625
bcabda73-fd4c-439c-b03b-36709091fcc1,2025,2025-01-25,3bc11d41-6e7a-4932-b0d5-e15a8f310406,46671d80-ebfc-4f9a-8eae-19249794115f,-13,0,-4.343191821846831,0.3625806557360869
bf8dd9a3-5590-4d2e-b688-1d39d7d9a56a,2025,2025-01-25,42a1b5ec-9263-4e7a-8f55-df64f85505e6,4b6cd009-754d-44ee-9433-124bad801b02,-11,0,0.47367349265776126,0.584410900638446
c5f3d15b-9e49-4365-8a2f-2388d2fca802,2025,2025-01-25,d2d39132-b6f8-4e0d-96d2-4e89419550fa,9c04a238-121e-47ea-a3bb-436957b78a8b,5,1,2.6911175840969594,0.6271559188929676
c60c70a9-922b-42cc-acaf-6d312b1e237a,2025,2025-01-25,f89aec4b-36dc-4a40-a634-a744d4d646a2,871751b8-eb3a-4919-bc58-ab82887e29c6,5,1,9.082604549566094,0.8304063022136225
c6c8b64b-909e-4b00-83d5-efd3fb1bc889,2025,2025-01-25,f1e9470d-a3c7-4ef1-8583-6bb917490ac3,8e9b7d4d-1baa-4d3d-bb10-8950f4133b30,-16,0,-7.107464305085694,0.21758721562879096
cb7791c6-af5e-4080-af61-45fe7ee4c5d4,2025,2025-01-25,4f9d3323-4211-41f2-8211-76b7efd6246f,9007c268-37e0-4ab1-ac60-f9cdcb3a7a8f,6,1,2.9167678489402835,0.6266311354502774
cdbb5b3d-9956-4f6c-aa11-e9deab86b604,2025,2025-01-25,628efcd7-4ae6-4bba-9542-11e108d22d8d,47b99bcc-2f9a-41d7-8d7c-3f9e93809210,-6,0,-3.502313892875294,0.36323521987561574
ce48ec61-e4c6-479b-9f64-01d9dc07d49c,2025,2025-01-25,593820ae-e46e-43a0-a5b3-904904eb9cef,f3afec86-2594-4158-97d1-aaac68833b8c,-9,0,2.42596534366408,0.545346108409676
d5be59bb-c8c8-4229-b03e-678af2a6aa85,2025,2025-01-25,a2f3412c-1391-45d6-9516-eeef28f38cff,dd8a7533-5e77-4aee-99d0-4c56a7ff74a7,-43,0,-23.465854030019294,0.026075131004827518
d6336fd7-731a-4e47-b26b-fc9868065d5a,2025,2025-01-25,031d384c-ac9d-469a-985f-3214f2b9972b,e6a72d83-0126-42a5-b202-cd710e233fef,17,1,4.793985976240693,0.7024208448239841
d878d8b9-defb-4ecf-8825-d88362bd7d20,2025,2025-01-25,48f318bf-54e1-4e42-b6e9-47c3bdaf4fb8,b0ebd027-95a6-4e7b-abfd-c26d14470857,-4,0,3.2506373522040737,0.6384072937662992
dad2ed05-d064-467a-b117-7cf7b4ba0dc8,2025,2025-01-25,fd64c7b0-4a53-4590-bed6-59bbcddb0f63,c921ba85-0782-4ce6-80e2-44f0c43d4f16,-2,0,1.1916789231905411,0.5009348979407835
dce5370c-de12-4f94-b837-8eaf1c0f927c,2025,2025-01-25,0485ce67-c9b0-4725-be73-d3185a14e575,c333af2f-2819-4e30-8541-dbb64eb01cbd,-8,0,-7.73351163864871,0.17938207862137245
ddf0c1aa-dc27-4453-a2b0-334a73fd58e4,2025,2025-01-25,d26d7563-983a-4b9f-bf04-fa2777e0beb0,c9bad532-d6c4-4187-8958-37ef239495a4,-6,0,-2.0012309382228772,0.3922802028660119
e0fc6d76-8310-48f6-8e93-a72f9ea7b470,2025,2025-01-25,fcb7d38a-6efc-47b3-b7af-3dd5ea07e8e5,81ce1538-893e-4f62-9812-5468866f484e,-6,0,5.1366766889971105,0.714220413788239
e4b3c710-d6ff-4178-9bfc-ae1697515f18,2025,2025-01-25,397b5601-d70b-43a8-b259-1a752c68bb1f,41ff62eb-8cb9-4e63-9c2f-50989d3e65c1,7,1,18.90924289407005,0.9676111247018728
e934dbc7-a118-400a-afe7-7c47abd64a4c,2025,2025-01-25,01f45e3a-e22b-4c25-b1e8-0d5ac80e6a5e,be9af39b-8a19-4b9d-89a3-bc6dd35defa3,-5,0,-8.412379108155873,0.23198916863513203
ed91e5cf-36b5-4146-8d18-62cb13659e13,2025,2025-01-25,4b7b8cc0-eb4b-40bd-a9b7-958fbe20894d,7e838ebf-74ed-42de-9f2e-d8057aa77de5,16,1,2.7469634674800685,0.5343364112884977
ee69a970-123b-48dd-9344-56faf1bfaca0,2025,2025-01-25,e6431705-05f1-4df2-9721-8369a3a493dd,8860a6b6-e60d-437e-afc3-b42e8cab8d79,5,1,-8.28974602077671,0.24626375288926947
ee79f3cf-23e4-4f58-b875-c05f9cff8e46,2025,2025-01-25,483b9ce0-4c9d-43d0-979d-831c7298213f,fe967dc0-fdb0-46b0-9629-0fd108949abe,-10,0,-6.750080187085257,0.28381376466109176
efaa3978-b852-4376-9dd9-3e01dd84d85e,2025,2025-01-25,700f42bb-65b8-4e08-bfdf-8dba2e0bd260,5d005d94-2060-493e-af42-31885c78962f,4,1,5.709290658685486,0.7402556054187492
f1d563d0-8046-4860-9790-f110a82afc05,2025,2025-01-25,144de2cb-963b-480b-84b4-10b39d4562ef,ab5be1d8-ac8b-4c5c-8e26-320585a8bdef,-4,0,-1.9128313202703373,0.5019104806423089
f389b63b-09ab-4d0e-95d5-c5e5570d3d43,2025,2025-01-25,f4598131-de83-4e8d-b7cf-dc008ccca8aa,82d0fc94-2404-4659-9764-1b8186e037b7,16,1,11.512674760713463,0.9476522294939159
f8c6cbed-83cd-4f27-bf68-63658f834b12,2025,2025-01-25,2866b25a-1e5a-42be-8763-ad87278ec1d9,391f303d-08c5-44cc-83c6-60595fc71068,-8,0,-3.2015238390326224,0.29963422910215376
f983706e-f3f3-496c-ad52-2a26f0436131,2025,2025-01-25,14a1f904-5f97-4e98-885e-5d6c4f102ea6,b58599cb-bbcd-41e0-9746-6ce1ed5597d3,14,1,13.214287347584905,0.8916200145851516
fa85fefa-ca84-4595-8a7e-26ef3c080100,2025,2025-01-25,9123b907-3559-421d-be7d-7e238eb0c266,1835c2ee-1e17-4d18-9ab8-a1bb3678b947,27,1,0.26527354922540497,0.5118239257222731
faf6d156-f84d-43de-9f34-d4e50b911733,2025,2025-01-25,75628733-1eec-40f9-a6cf-07501979c4b3,07c201cc-5a34-4a3b-9fc9-bae4c20b7c9f,-14,0,-3.07103184638432,0.33588313394387737
fce7a2c5-5f10-423e-adec-7bc857a5167a,2025,2025-01-25,6482154d-967c-4e24-af4e-6cdb9ef80e00,5717b8ad-bb6c-432d-b223-01a330a59686,4,1,15.781577302637514,0.945776341665949
0b522248-97be-4947-99ba-2fc7d45f62a7,2025,2025-01-26,eb0507e2-4c2c-4860-ba0c-7a0a815425fe,5c6768d4-83c5-4e23-aafc-55ac70126454,13,1,6.79296718312399,0.7877281315051533
574d4d4d-68fe-44c1-9717-799381313d4a,2025,2025-01-26,8daceea0-e7c6-443f-9452-f56f9faa56de,a46fdb60-30d0-4807-a2b1-e29d8d7c22b2,-11,0,-1.0058390940244193,0.4258203866634242
60e361ab-721e-44e2-ad4f-868df2a58730,2025,2025-01-26,5d66e35c-66aa-44ac-b72b-33066edb3e20,c59d7c9d-7fd0-4a58-bdba-7904baeb0abd,5,1,-0.1102702211617553,0.4868719789965187
71bb5b51-0fa2-404e-bf9f-0f94782435eb,2025,2025-01-26,d75e1814-b8c9-4246-b06c-afe60d661528,06f12e7c-35a4-46e1-a2ed-0cacb16f9b68,2,1,-2.7145911341039213,0.38886512155461306
8050d91e-d51f-4da8-8b09-f2d2fea27ef8,2025,2025-01-26,02361e70-3d89-4b56-8d25-73ea2ee389ef,c75216c6-4563-402a-b8d6-b8434793ea38,10,1,18.016317293763468,0.9830040589467869
905669fa-675e-4a14-a64a-fafa6544531b,2025,2025-01-26,2a57c531-b461-42be-bbd4-b080f188a160,8d515064-54c5-4eeb-a095-ad7ac6839d0c,-1,0,-5.786946007594611,0.2845692471410868
96ce7406-98ac-4875-b4eb-e682c956a04d,2025,2025-01-26,829dbc21-e757-475c-ab7a-2a3172ec0683,8bbfa6f2-6178-4c2b-bf17-66fba7623c4e,17,1,14.774841065719935,0.9543309514744448
bad8c8a4-43aa-462b-bb32-3b518b338004,2025,2025-01-26,bf32f747-5e9d-417d-890c-89407933c4c6,daea7f8b-7386-4fa6-8921-870a3e848b4a,-13,0,0.7297737203953246,0.5191614052878941
c263a7fd-7344-47c4-9faa-473c26a29b65,2025,2025-01-26,de0352b5-4ae9-49af-a027-b0dc86a005da,e51388ec-8e0a-4c32-a70c-4890e3e61d3a,23,1,4.28641021441064,0.7995476151455748
dc11d0ed-30c1-4d83-a72c-f5475aff603f,2025,2025-01-26,b6c7c93e-bdd7-4df7-b73a-c1fbe953199d,a5ebc512-a148-4140-b60c-147132b3097c,9,1,4.925231442156624,0.58456874624687
e3bae35e-2d08-4691-9261-52975855e264,2025,2025-01-26,7d5a75d9-3168-47d2-92b5-e680e056b479,571d2904-70d9-4de6-abfb-1d716ba43f0b,7,1,-5.149370368425349,0.29900227324024864
edb3be78-40ec-47b1-8d3d-ed6d0c2e46a9,2025,2025-01-26,ba18e6aa-cbe6-493b-b91d-b0c8d4e8b0fa,08b7e4ad-da8b-487e-a809-741854d1008c,-2,0,5.37922893647634,0.7068280378790978
faac4f84-1f7c-4afc-909b-679e3619d26a,2025,2025-01-26,f829b41d-4185-4fb9-98e0-bd7bd9b6bd7d,ce88cc81-96d4-48c0-ad06-ee0c2d3d7663,28,1,13.035020873569778,0.9203526129348536
037a2774-bcf9-45ce-bba2-785be6183a22,2025,2025-01-27,17dd690c-8f33-4c2e-94ef-326bf0628517,241f50fd-2121-4b74-abd9-2ddb98d74a2e,10,1,7.7425279692495685,0.8117822954998517
12b3f2fe-2d5c-4676-8f58-01ec9ebc510b,2025,2025-01-27,79c6b473-0e11-4c2b-aa4c-8523cc9afa48,ae911605-551a-46eb-aef9-06f9a60479c9,9,1,3.6923769351682165,0.689863635057783
156ae863-f5f5-4abf-ae20-5321ff56b601,2025,2025-01-27,17eb5319-07ae-4f0e-b1d2-8e828b07ed79,dc7ff97c-c617-4dcd-89fe-5e702fd03890,-10,0,7.121961393599848,0.7710449744149246
1634062b-81cb-4b0b-aa69-7a081178e5df,2025,2025-01-27,3e287cd2-e8fe-4612-a996-d02de5cd9fb2,6bc97d46-dcb6-4437-a79f-2d351169817d,11,1,-12.499099038069309,0.10395230348861473
27e2640c-102f-476f-8f5e-9cc0efeb5c8e,2025,2025-01-27,b67edcbb-77d5-4a29-aa67-e1733b9a001a,861b8733-b443-47d5-9c5e-f56373a8fb9c,10,1,5.577799331952733,0.742039067481936
3c655015-c99b-473d-962c-b486d630bc9d,2025,2025-01-27,5b376c94-fc8d-4e0b-9977-1748d898ff24,a6dd499a-eb6b-4f8e-9094-d8eb96b3547a,-21,0,-22.41362754123563,0.02283929125541867
532bc63c-fd5c-4661-95cf-5fe081a631a1,2025,2025-01-27,be595032-d4ed-4bea-95de-22a18feb02c7,31a5142f-21b1-4d3a-87fa-d39f7746b7a8,-6,0,-3.9618016299815504,0.35712251750489726
578ca19f-bf30-4a7a-a858-d2ddb8a3e8c9,2025,2025-01-27,41e19184-6f6d-4838-b789-d8553db45753,52355b41-c560-4fd9-b83e-3bec2763822d,-2,0,-0.2408157553027564,0.43224202316553395
597237de-c426-440c-83cd-c033cb8d4cd5,2025,2025-01-27,af50adaf-e9ac-42bd-a6a9-7ae8e4dc4a8b,326d518f-eb6a-47aa-9739-13bc340a9a3c,-7,0,-1.4985953980133095,0.388307634665974
59e79179-e4fe-40d8-b86d-121869ef819b,2025,2025-01-27,f239ac13-f7a1-4acf-90a5-3cf4c6fd3355,f2fcffd8-915c-4fdb-a632-8b5b621bc999,11,1,1.5217194207169429,0.5836657137296183
5d493f5f-08be-495f-90c8-9972d08e4cb0,2025,2025-01-27,dbd1798b-2cf1-49c5-9f33-caefec39594e,c4972de1-bfaa-4820-893c-10adf1095f0a,-11,0,2.8518867862200046,0.6073338595307429
79588dda-0390-4d93-b5ef-3939ef8989d1,2025,2025-01-27,483b9ce0-4c9d-43d0-979d-831c7298213f,0f2c89e1-1c22-4add-af3e-a7d9982de167,-16,0,-11.503387526610068,0.1430949621245834
897baacd-cb74-4322-8d33-47798083efaa,2025,2025-01-27,a6332591-4e2b-4b84-82bb-debc57b8b614,46a5f9e6-fe34-4ea4-867d-ba4e31297465,7,1,4.2903335337681625,0.670078582132589
9a741f68-e359-454f-b4c1-2197a635e508,2025,2025-01-27,f9a35e93-6a9b-427a-8901-d74cf3f23676,27bf19a7-be0b-4fa0-8dac-8d9b7df5f363,17,1,5.579829293665962,0.7179880202920254
9aa1ef49-5512-42ec-9a8f-e25c49f794c1,2025,2025-01-27,469778d6-39b3-4cd1-8bf4-f40903d78c5d,4edc5314-8f1f-46cf-90fe-fc3094be42cf,9,1,17.14973839159698,0.9460493323409819
9bab9290-a4dd-48aa-b67d-2f43c4263988,2025,2025-01-27,48dab38d-2a0b-4201-94d9-c6ffaf736974,d26d7563-983a-4b9f-bf04-fa2777e0beb0,10,1,27.077246474765335,0.9909220906396426
b07d6f1b-600f-4ab5-a44e-9ef593808112,2025,2025-01-27,6e056aa7-1906-4546-b6db-5910356fee72,e20e16ce-0f28-40e0-afe1-5492395d5e53,4,1,8.417326918840253,0.7825120973160703
ce523636-fb8f-4478-95c7-e730431cf901,2025,2025-01-27,7cf9cb31-3bfd-486a-90fa-8fa6f3bb44a1,9f7dac5e-38e1-4e63-9e50-e6b0d822fddf,16,1,5.457290709766184,0.6422945927076712
ceaa66cd-551e-4bf4-bf9c-5b11226c8ae6,2025,2025-01-27,b0e26736-fae2-4d59-85cd-4b5243f23c8e,02ee8976-6844-4a27-9f72-aca9acf8f5d0,-1,0,-6.047898265429854,0.2741901361810248
ed94aa79-264c-4649-b26a-8990df6130b3,2025,2025-01-27,f0929311-9f5c-421d-8573-4b4bee0c314f,4319d016-ec3c-434b-9398-c88b1bfab01e,-4,0,-11.531145227881357,0.1312404756690038
fec8d9ae-b249-4fbb-b9bf-4a2e0c1938dc,2025,2025-01-27,ad9fa352-0a34-41df-8ad8-38855ef63d91,12ae7230-4fab-42c4-a7d7-88e118290c3e,-10,0,-0.6662429017163761,0.4572072548411132
0872a4a4-5f33-4ee6-9c3a-632916845518,2025,2025-01-28,3027d417-64d5-4892-a6c3-c77edfaff436,05005d1e-02c0-46c0-8b4d-19dc825698c0,4,1,10.315826050753625,0.829767639479913
0957d67d-bffa-4a4a-9472-66a9f5999ebd,2025,2025-01-28,a1594c03-e784-493e-8435-66f585997595,ac42cc2e-26ce-4ace-8d1f-28d21a1c77b2,22,1,13.883930106734521,0.9182785476589
1d402552-3882-416d-911c-017937d88012,2025,2025-01-28,c4101885-e600-4596-80ff-bc637c56221d,7a78a9a6-0d5b-4fae-8fb4-98bc816ed903,21,1,24.106982935306075,0.9809462414246989
2603461d-4b7d-4e59-aa7c-9ab2dd746d64,2025,2025-01-28,f8ed9667-67c8-4fc7-a946-d81c4cbe8fed,62c787d1-5e5d-4e44-b6e8-1c208f874eba,-2,0,-1.90463445722606,0.45068724909057223
388b7195-c56a-47d2-8131-e1affb515db6,2025,2025-01-28,0f0ea376-1ea4-4b1f-9a4f-e7301a0318a4,08e7a657-2b9a-4055-beee-621379cea4b7,3,1,-0.3770998388762901,0.48616586089649083
443d7193-6941-4932-8f4f-5ed4818420ef,2025,2025-01-28,c6cabd85-4834-4f62-94ab-57143286b512,03e9598c-4271-4840-ae88-7c7c36f2b10e,11,1,6.3541674491602835,0.7887412705326371
46dd31d2-9c22-4551-8a5d-8307cbf9a083,2025,2025-01-28,ddb253d9-6526-4c32-a7a2-4462d6abe45c,8a391aff-89a4-4586-9d57-71299178703c,-2,0,4.063677471967368,0.6758687583532176
502575c9-9674-4cbc-a84d-0ee939667178,2025,2025-01-28,c504f52c-c325-424d-ae65-da37bf8e5820,24cced85-1369-4dbe-8abf-92fb8d456618,-3,0,4.240092182190083,0.6696117553566415
507d4f01-5a85-4033-8b0f-6ec790fd03ef,2025,2025-01-28,1835c2ee-1e17-4d18-9ab8-a1bb3678b947,3ed32cdb-d2a0-473e-9db0-fd63aaf9013b,9,1,7.128289563999146,0.8245922010316035
51745d48-0bcd-400c-ac65-c0685aa3bf15,2025,2025-01-28,0562b0a8-dbba-404d-9aa5-930ebe50c9b3,2de57d84-8b9d-4def-9a66-315270ea5d18,7,1,8.626523204095937,0.8042968104526764
5219199e-3044-446f-8375-7bcba1f9dec0,2025,2025-01-28,ba8ae2ef-827b-47e0-bcec-bf76fe44e37b,8fdfa7ed-88da-45ac-9520-9a9e9fbe2586,13,1,14.574735613505863,0.929710476985273
5674080e-b0f8-43c2-81e6-7d07a5822de4,2025,2025-01-28,ba87013c-8cb8-41eb-95fb-16991c536506,7f0a740b-2a56-4bec-87c8-7bf2baf05d58,-5,0,2.8790077284305573,0.7048910987936375
64df3e78-5da3-448d-b344-04fe56e66c71,2025,2025-01-28,5f1bdada-9e34-442e-b575-0b6a9114f1ae,cc4cdd9c-0563-41d0-bbb7-29b825db8e55,-25,0,-10.867055281173956,0.14023439054766262
685e0e3a-1748-4164-9ec3-3842e1744744,2025,2025-01-28,a7689181-61c1-492f-83e6-a64bca6e04f9,ed973a10-a469-4337-9742-eed664c61168,-4,0,2.8782827433782088,0.659089907367305
8c5c4b29-a7cc-4505-95d0-f37506718695,2025,2025-01-28,375d7498-7795-4ff1-bcf0-e13cdaccd9e5,325d11bf-595b-429a-8342-97fe68b1a3cc,-3,0,5.398165259483169,0.7126898957808586
90d53a9f-6e24-4367-844a-549b6059d45b,2025,2025-01-28,bf7cd127-c979-4181-8f7b-356415e2c15a,821de2da-b464-49f2-aeb1-293e7aedd6de,18,1,11.020999977293283,0.8815601223343345
b2b1f3ca-208c-4d91-8f0c-b59e2f8f970a,2025,2025-01-28,6ba99b19-8a61-49da-9325-3e04939d3d5f,42a1b5ec-9263-4e7a-8f55-df64f85505e6,5,1,-0.6532856789214615,0.45621576800765257
b42ca168-04f9-451e-aebd-9b66172e5c9f,2025,2025-01-28,904ecc4d-857b-4150-b986-50e605d84b61,9123b907-3559-421d-be7d-7e238eb0c266,-10,0,-9.79672036093105,0.21081788792490622
cd9d2d0b-bd96-48dd-aaa1-884c56938da6,2025,2025-01-28,3aedc020-716e-4a2c-a7f8-ab1abaf53d87,ad46d3d3-a8b8-45c5-a46d-913240ae2832,6,1,-4.598702369357124,0.2624777801073037
d7b4d994-056c-4a1a-bd3d-e5529cef1332,2025,2025-01-28,46f85354-63b8-4744-8b13-341ea0a30c2a,6f7ff858-33b4-4d3b-b960-8a750dbe33a1,3,1,12.48382931804717,0.9207276284245132
e4a60c80-5b16-4a89-9940-5f338b0275e4,2025,2025-01-28,43624e99-f362-48c4-b203-9af174b24be3,b21fc872-90f0-43b9-a07f-97e7531c8898,3,1,0.16819120499458548,0.500429536862296
f3e675c7-ec6c-4fb1-b93b-6c229d9e11ca,2025,2025-01-28,5ea1ef3c-5f24-4989-854e-a24a9e31ac74,7c82650d-eccf-476a-b85d-69a73b6b7f8b,11,1,5.641020121040906,0.788909403749836
f564c607-de82-4718-aadd-825cb8313c02,2025,2025-01-28,ab7c4477-bd9f-4098-989f-243e41356323,c87682db-2ff7-4c63-9820-df6c8409d5b3,1,1,3.563461550784247,0.5851263581102201
03e2f092-5ee2-4d1e-b843-ec5825cc207f,2025,2025-01-29,4edc5314-8f1f-46cf-90fe-fc3094be42cf,67503cd7-a244-4820-afaa-485db8ea877a,-13,0,-10.463628083816683,0.10743540234319016
07adbb26-4eaf-49a5-aea6-eae06c15ad37,2025,2025-01-29,571d2904-70d9-4de6-abfb-1d716ba43f0b,eb0507e2-4c2c-4860-ba0c-7a0a815425fe,-4,0,-3.663453234786135,0.29925962923042754
09863872-8aab-40ff-a81b-aa1756297473,2025,2025-01-29,0420bfac-8b45-41ad-b228-89893a037d4a,50ac73d5-f2f3-4160-add7-d0993eec32cf,5,1,7.761456323019212,0.8279261849465589
0ca4f3eb-be93-4154-bc38-05a48f865da3,2025,2025-01-29,02361e70-3d89-4b56-8d25-73ea2ee389ef,31a68979-4cbf-4e59-be9e-82043f581ff6,14,1,12.520179377249143,0.9166923766240364
0d724501-36e3-4eb2-85a6-c779b711759c,2025,2025-01-29,d756733f-2d8f-4ed6-8b7f-dc7804a270af,144de2cb-963b-480b-84b4-10b39d4562ef,9,1,6.669565265835249,0.800650308255184
0ec1311d-2759-4859-bf13-1c819fa4cb8a,2025,2025-01-29,391f303d-08c5-44cc-83c6-60595fc71068,46671d80-ebfc-4f9a-8eae-19249794115f,7,1,-0.43618827143630384,0.4325796485399084
10fdad4a-ccb8-4510-b56b-121dc84f4ab8,2025,2025-01-29,0a4ebb69-d8f5-4c7e-a7bf-b7ce3968f57a,d8e2daca-6b8a-4f31-93d4-8cf6dd93fda7,-7,0,0.684004107905861,0.5200664122824264
14caca89-58c2-4cb8-a084-6cf7bef792e6,2025,2025-01-29,1f8df44b-d154-4a8f-8c48-32b36db0cd06,d915e7c4-a333-4d6f-9c21-5904d58e75bd,6,1,4.753033534284988,0.56536306220302
1b359bb2-1952-4d6d-adf7-506833918e75,2025,2025-01-29,8d515064-54c5-4eeb-a095-ad7ac6839d0c,f829b41d-4185-4fb9-98e0-bd7bd9b6bd7d,8,1,2.426572962415492,0.6251091434729252
258c0fa6-fc82-47dd-a674-82bded9b64d0,2025,2025-01-29,88ae8bb6-fbd8-444d-8d22-f485d82d2e67,2866b25a-1e5a-42be-8763-ad87278ec1d9,-7,0,0.9753910545990847,0.5162932291019843
3499bace-f4ec-4151-9d99-033bb33d91e8,2025,2025-01-29,5858896e-5e67-463c-a38c-c7431f157945,c333af2f-2819-4e30-8541-dbb64eb01cbd,4,1,-0.6608535892275975,0.42535916374709415
39364dc5-0ffc-4832-9bb7-19e846f4e7ab,2025,2025-01-29,7e01ae0c-d2c7-4d9c-beea-2da953b4c037,a00214a0-9c1b-4018-a085-500dbd55fb17,10,1,7.164915364621824,0.7947685545064237
3a25749b-1317-42bc-adb9-9e24016a9843,2025,2025-01-29,58fdb1cf-11b4-437d-a338-e497be161811,4b7b8cc0-eb4b-40bd-a9b7-958fbe20894d,2,1,1.4146507613423487,0.5434193676058225
3cdaeca3-e9b0-4a34-a17d-ff14cfb0b77e,2025,2025-01-29,1799ef2d-85d7-4ba9-8048-33b1956ab3db,06f12e7c-35a4-46e1-a2ed-0cacb16f9b68,4,1,8.599227155388188,0.7859415190765595
3df0f751-3af8-4af4-a2a8-3752a5520e2f,2025,2025-01-29,a67d2a73-fb71-42b8-97b7-9b72a49efc06,c75216c6-4563-402a-b8d6-b8434793ea38,28,1,7.120061411111963,0.829943999130663
4169183b-2f60-45bd-97dd-46942b8a1cde,2025,2025-01-29,69293aea-705f-44e4-81db-36e52bcb1813,14b85f13-07f7-4bd1-8f5f-32720dbe1c9e,5,1,4.1444946757673975,0.6639444676067192
41a0ec4c-170a-47c6-8677-b92e95f0e040,2025,2025-01-29,5c6768d4-83c5-4e23-aafc-55ac70126454,983c0982-0fb8-45e4-829e-306cf787ba2e,20,1,6.196209643388155,0.7293903870746634
46deeb49-a106-4679-9471-bd4ae0ee676b,2025,2025-01-29,026ac097-d80f-48f3-80e4-e6ae2b9ee383,b8772a3e-c4fb-4396-8eb8-b30c8a36abb7,5,1,1.6880410344056938,0.5334041620082174
4d1b3a97-d564-4713-9feb-8c60c80f4f2e,2025,2025-01-29,5c86ee1e-ee35-4d51-bc08-bbca68bc90f1,8dae6732-0634-481a-90ac-d73bf6a19566,-4,0,1.6205269326103406,0.5083331404683537
517e2575-b80f-4eca-8669-0a30ddb5523b,2025,2025-01-29,9a0196e9-6b45-40b9-b0d0-df6bb1c90dc7,daea7f8b-7386-4fa6-8921-870a3e848b4a,-25,0,-0.0817207741392285,0.4898753542131126
55907a10-b2cf-4d1c-bcf6-6b7d133383be,2025,2025-01-29,a5ebc512-a148-4140-b60c-147132b3097c,33efd80d-8446-4d83-97fc-e864b132a0c8,-7,0,12.05645188843328,0.8913769108574356
57d06f9d-9ed8-441b-8c5e-0792c385fd13,2025,2025-01-29,76eb53c2-0367-4d59-b619-799a7aea658b,397b5601-d70b-43a8-b259-1a752c68bb1f,-4,0,-6.761562835065363,0.2289153680462457
5cae88e1-a519-441e-81db-2fd484fecd6f,2025,2025-01-29,66244ae3-7fd6-49a7-9304-4ae41bea9ab3,d75e1814-b8c9-4246-b06c-afe60d661528,-16,0,1.1787078412309155,0.5433027227869122
611f8b5d-3b48-4920-89c3-f991ff6e9846,2025,2025-01-29,75d1bc49-ce2b-4e7f-82f2-26e690f29375,c7345766-a5fd-40e1-9757-26d62af0b9af,9,1,1.6796761572442542,0.6263244458595874
66d10f16-2bc0-4d35-9029-226f83eb169b,2025,2025-01-29,561ee565-69fc-4571-95fe-32ac563e53f0,8226bdf0-6c2b-4e2b-841d-e2a01a5e5145,4,1,-5.150615258221831,0.32470542152356024
66d47a7d-8507-4866-adf0-5d605469fbe2,2025,2025-01-29,c514a4b8-22c2-44f6-a118-250ae80751b0,f0489380-9e3d-4613-ab85-fc32d9368997,5,1,2.6420587076672915,0.5846337791296694
6a2b986f-3c8b-477a-8b12-5290bdc378f7,2025,2025-01-29,000d55e3-3608-43be-aebb-6926cbe6b7b5,3bc11d41-6e7a-4932-b0d5-e15a8f310406,9,1,7.22041884764018,0.7549260212067441
7070a720-3bf5-4752-9918-02265229a798,2025,2025-01-29,77bcefa1-a18f-4280-a5c9-2d1573b78e0a,6482154d-967c-4e24-af4e-6cdb9ef80e00,8,1,-5.3053347696241335,0.3441853104307826
75d17df2-1ab6-404b-a303-3e2b56dd4241,2025,2025-01-29,7d5a75d9-3168-47d2-92b5-e680e056b479,e51388ec-8e0a-4c32-a70c-4890e3e61d3a,-10,0,-8.321593529347318,0.20952919361676828
88cbc69d-79a6-4ec9-8b70-74467e83a771,2025,2025-01-29,3dd34e3a-6cf5-419c-8042-503af5d36e7e,0f0aab5c-26db-447a-b6b5-a264da5b140a,14,1,6.068365652626552,0.7844405047925548
9907d15c-f944-4af1-9086-ac8ef6e852c2,2025,2025-01-29,700f42bb-65b8-4e08-bfdf-8dba2e0bd260,d52e191f-c4a5-43a8-b16a-1d87ecf7ce9d,-23,0,9.720311681371074,0.8978160750484893
9bac4298-d09f-4f99-acbf-9be601c290ef,2025,2025-01-29,88e83e71-3235-4c21-85a8-da368f34e5fd,3d3b199e-7c4f-4c53-b683-a77a8d8e697a,34,1,14.133963867847234,0.9222423277581548
9fad6f96-661b-49ee-b0b3-224363c6c304,2025,2025-01-29,f3885a3b-f43d-45ee-96e1-f650af90dc9c,aecf6cf2-725b-4450-9b49-8491e6a4ee0f,1,1,7.465393045043956,0.8281391999923267
a530b21c-b0c3-4134-a590-05506741e477,2025,2025-01-29,ff488f80-9f05-43ba-b8dc-d7693b84c0ea,ad21cf61-9161-4409-af92-468be5a0142f,5,1,0.7882683153184015,0.5374063138718456
a98d1bb4-fd88-4e3b-bd6a-8ef6f1959af2,2025,2025-01-29,c9bad532-d6c4-4187-8958-37ef239495a4,cabaff64-a388-4861-9374-977555d19efb,11,1,8.196974958815245,0.9030972048916965
aeffe611-c7d0-48fe-af3f-3e268e0e5ff8,2025,2025-01-29,223e59ef-679d-450c-a409-d6ff2a5b5cc5,58d76bcb-6251-4be3-9fce-6e748e521d87,5,1,-3.201837271274318,0.37976207398880957
b5107840-eef6-4450-8f0d-95bddacdd28d,2025,2025-01-29,41ff62eb-8cb9-4e63-9c2f-50989d3e65c1,351b4e0d-ecfa-4f26-963a-5d1e8b281052,-13,0,-15.278004826957778,0.06770285413566984
bb92aef8-5e37-4774-af68-18d41d458db8,2025,2025-01-29,5d005d94-2060-493e-af42-31885c78962f,c7e47abb-629e-4b69-8d41-c87333fbe6b4,3,1,1.7693820340675723,0.5643482465105975
c46f0360-9f32-400c-a731-c714e9a21375,2025,2025-01-29,62d54283-52d6-4daf-901e-b6ae1bdf29c0,2fa161f0-e26c-49a0-8eb0-b2810c4d4845,-10,0,9.672203961705986,0.8765549185534842
c583219b-5d88-46c0-ab5b-694fe357955c,2025,2025-01-29,75dd9179-8700-4b34-aeaf-2cf608aec25a,0485ce67-c9b0-4725-be73-d3185a14e575,15,1,15.019380853100072,0.9574396410108951
c9b642eb-1fe1-40cd-8981-e966d3b7632d,2025,2025-01-29,d9fdf72a-562e-4e19-ba2f-faa3de20ace5,6dcee41c-8ef7-4afd-aa5e-6e7fa77886e0,-14,0,-14.540052963973867,0.07525829439525253
d372c630-8d52-4348-a92e-27b477e186c4,2025,2025-01-29,bf32f747-5e9d-417d-890c-89407933c4c6,231d7720-fba0-4331-b1da-8412227395f7,12,1,-1.0660137348167504,0.44340591906300414
d53f1ee9-24fd-407b-9816-bf9d33e9969c,2025,2025-01-29,4926f0f3-ac12-4ca0-9cbf-eb99f9aafb78,416d2dd1-15bd-48e9-82e6-9277c0ab829c,-24,0,-5.981264630896388,0.3535691998820417
d5e8863c-9ee3-4585-800a-f1a64e8baee4,2025,2025-01-29,69642ef6-85e9-4dfe-ab65-4cca6a1688d4,63da3cbd-f74e-4ba0-8273-8bca25a54f73,-11,0,-0.7519687630454562,0.42162963526804864
d8d01839-f0a4-421e-8c3d-bda5f4d43bb6,2025,2025-01-29,fa3cb393-e306-4365-b4c3-b3f62a5027d3,64975048-1db2-4ded-ad28-05b8d8aa9c66,-13,0,0.9140518833713878,0.5380810033928203
d99bc491-61fa-43d4-ad25-040a53586d32,2025,2025-01-29,ff2fa864-282d-4503-9a88-8c10619b0e3d,628efcd7-4ae6-4bba-9542-11e108d22d8d,9,1,10.027859837102161,0.8591037793694047
e48fc62f-ae6e-495f-ba81-87edc2d142c5,2025,2025-01-29,60adcfeb-0ca6-456b-b51b-d8d3a324c55d,36b120f2-51ac-4dec-94ea-549d266507b5,12,1,8.061671881128548,0.847567386499081
f4a0dfff-64b6-4077-8178-972b12656bde,2025,2025-01-29,7e838ebf-74ed-42de-9f2e-d8057aa77de5,2dbbcf87-baa5-4154-8071-c62e522990c6,-7,0,11.867217423501257,0.8951117858652067
f68ec3ba-52f7-4eef-b472-767b62311cba,2025,2025-01-29,cb86bdfe-2665-485f-9a44-846b23bdb2c3,9fb181a8-2807-4e27-9442-8e09de6c9575,-1,0,10.985400077004053,0.8502215755359657
f7f41e12-d397-4d02-8335-470903a00300,2025,2025-01-29,0b297e0e-e039-449d-b07f-f8e1ae96e3db,40960630-05f9-471c-b4a6-0eea2cb6345d,3,1,6.770483935614506,0.7827509678308208
f90757ef-66f8-483d-a393-56f75c7a199a,2025,2025-01-29,f9261c55-02c0-49db-9993-f5d64a97b21e,851d8a88-2edc-45bf-b180-7b6c1744f5fe,11,1,17.767052121383248,0.9640243053479828
0754c429-30e9-41cf-b904-4c12a4a4d9ff,2025,2025-01-30,cf3707e3-2f2a-44dc-8d7a-4d16b2fe78ee,a2f3412c-1391-45d6-9516-eeef28f38cff,25,1,9.603532129353017,0.9089382496285484
0f27ef75-b0a1-4e08-8449-62e42e1a154b,2025,2025-01-30,d65f3ef9-cd07-4472-b901-9b3ba2b35764,307416ce-030c-4156-8d62-1e2632e9e26c,7,1,1.009113908925607,0.5527133883829694
101c425d-a8b3-4f8d-9491-805bc37bc866,2025,2025-01-30,e732f6ff-8488-4df9-8756-f1cbcec88e33,35163246-626a-4e63-899d-7a3798e88277,-8,0,-2.305521432138068,0.4283828789043333
1180e965-5e16-472e-b6d6-9c65f25d0155,2025,2025-01-30,19313cd7-ad44-47d9-a9ef-b9e0c7238466,6578af6a-edd4-4185-82fc-cdb933362d97,9,1,8.47218023151455,0.7834239992977186
12898cce-99d9-49b9-b757-27ef88a923b2,2025,2025-01-30,07c201cc-5a34-4a3b-9fc9-bae4c20b7c9f,51d48e8a-41da-4087-b00f-c65fc8fc1ce7,7,1,16.09181749568143,0.9607556975778426
169423f0-a91a-420e-a725-843119c4414e,2025,2025-01-30,469778d6-39b3-4cd1-8bf4-f40903d78c5d,af997d63-624d-40db-bffd-18de780e2f59,7,1,15.205096396948857,0.935662646720288
1f5481af-0585-4f52-86d1-08865f2413c6,2025,2025-01-30,5c7c373d-1822-4c63-aa7f-64745cc99c52,a564f5c9-0e8d-44c8-a75d-b3b355370dbf,-24,0,-14.935045445308202,0.049712918508560494
21f6c6fe-5933-4212-891b-6c62cba21064,2025,2025-01-30,a0bfc386-3dd9-4417-be3e-42f45cee6c22,f4598131-de83-4e8d-b7cf-dc008ccca8aa,-5,0,-14.712084308165377,0.07777608286477143
21fa19d8-158b-44ee-929b-47a7cbbb1147,2025,2025-01-30,cb8412bc-37cc-43bd-b58b-a5e5956df339,bfd9aeef-b698-4868-8a44-436dd23e4ae1,1,1,-0.4303114814337825,0.45959241845015025
23f05479-6bdd-4efa-92db-02524438ecd8,2025,2025-01-30,e20e16ce-0f28-40e0-afe1-5492395d5e53,f9a35e93-6a9b-427a-8901-d74cf3f23676,-19,0,1.6573416413452027,0.5730736565067025
30b902ac-ce22-4fdd-8d8d-38374eb717c1,2025,2025-01-30,6bc97d46-dcb6-4437-a79f-2d351169817d,3e287cd2-e8fe-4612-a996-d02de5cd9fb2,-4,0,16.867837643057474,0.9691913055445596
38b16439-f6c2-4417-b9dc-ecbc6d04cf2d,2025,2025-01-30,70746950-a861-447f-a9ba-f53e329c27c1,4a976ca8-f51c-487c-ba87-dae41ddaee24,2,1,-6.2321405865877795,0.3003625466046485
4052fa32-07cf-4f83-af7a-538f4ce9fc5c,2025,2025-01-30,02073ad7-1bb6-47dd-a1fb-fae5e0bc2ed7,031d384c-ac9d-469a-985f-3214f2b9972b,2,1,3.576538455049132,0.646118502508415
426cfae7-d746-4ffe-9f47-0f2b00cf4502,2025,2025-01-30,81ce1538-893e-4f62-9812-5468866f484e,2c1fdbd4-c0c7-4750-b829-f7a6b7bc5710,4,1,10.286445466881414,0.8318832356343372
48f3defc-1f54-4ed8-bf3b-595a8b1d8082,2025,2025-01-30,5d66e35c-66aa-44ac-b72b-33066edb3e20,ba18e6aa-cbe6-493b-b91d-b0c8d4e8b0fa,4,1,-0.05840052246828604,0.6366031120648011
49a0af2d-2866-433d-ab68-2be10c93532e,2025,2025-01-30,9ba0c75f-bad2-428f-9038-d695c2385098,2389c341-a290-43f4-b0e8-08ee6a15c14c,-9,0,-4.396658680097506,0.24210057643259664
57ebd419-cc49-40f9-9cf5-de10ffad333f,2025,2025-01-30,8daceea0-e7c6-443f-9452-f56f9faa56de,08b7e4ad-da8b-487e-a809-741854d1008c,12,1,4.56495295745777,0.6581159052978159
62de4d25-21be-45d6-bd82-52c7da8cb4d0,2025,2025-01-30,d894373b-dca9-4d1f-a9c9-a123f8c1b600,f1e9470d-a3c7-4ef1-8583-6bb917490ac3,2,1,6.368993923964018,0.7269734884130906
6ae2e2ea-518c-444b-b600-caba8b9bc1ef,2025,2025-01-30,9c04a238-121e-47ea-a3bb-436957b78a8b,308dd2dd-d731-4927-9bf5-e8aad5900158,7,1,-0.3556088747141112,0.49824685980209604
6eb653c7-b936-43aa-8c78-27277582824e,2025,2025-01-30,75628733-1eec-40f9-a6cf-07501979c4b3,fd64c7b0-4a53-4590-bed6-59bbcddb0f63,-11,0,5.815687009490872,0.634850820231628
71ac3839-5c57-4385-95cb-431061d8a78f,2025,2025-01-30,31a5142f-21b1-4d3a-87fa-d39f7746b7a8,17e47b02-02b2-4bbb-a838-a4695fbc099b,26,1,6.805246992717517,0.7468230205209109
72d540ad-f638-4fbb-b8ea-0f9c8550ea43,2025,2025-01-30,6fd295ef-9c37-4478-af91-536cbf316358,6f9a1a81-2dbf-490a-ba3c-8f8fadddd9d4,-8,0,3.1566627232472224,0.6428085314147274
7f1e9851-b8ab-4416-8984-9e212040668a,2025,2025-01-30,4b6cd009-754d-44ee-9433-124bad801b02,de0352b5-4ae9-49af-a027-b0dc86a005da,-12,0,-3.686757625669001,0.32311374865274656
812df191-a769-4741-a002-7e3051b8c1e6,2025,2025-01-30,9007c268-37e0-4ab1-ac60-f9cdcb3a7a8f,fcb7d38a-6efc-47b3-b7af-3dd5ea07e8e5,-4,0,-3.6290096167714556,0.3900942048465765
86f70c95-7651-40fa-80fb-e63dd6e7a90e,2025,2025-01-30,fa6de946-411a-41ad-8bfa-6526c949108c,9b729374-1ae8-46e9-bfe6-2348cf00056a,53,1,16.591432364384712,0.9601460522401799
8d94e653-3f01-444c-b963-cfa88a1b93d7,2025,2025-01-30,5717b8ad-bb6c-432d-b223-01a330a59686,c878fb5c-c2e2-4f40-a5a0-f297cc0e51b8,9,1,3.23614456864908,0.5885818945456254
9714471f-10c3-4751-b49d-729640bb9c38,2025,2025-01-30,185c12ee-a2a7-4588-84f2-4b4b270a75a6,f5ed0adc-4078-47c4-aba0-3dd2de221774,14,1,5.848207053716443,0.7265866739607381
9afde7eb-6012-45dc-a8eb-7a6c5a19e6d0,2025,2025-01-30,c921ba85-0782-4ce6-80e2-44f0c43d4f16,d2d39132-b6f8-4e0d-96d2-4e89419550fa,41,1,6.972163676131573,0.7611766537413018
9b023db0-c6a3-4a24-baab-0cd7c1c29cd1,2025,2025-01-30,5320a4de-9279-4990-9ee8-6638339220e0,52f17f8e-1af3-4d55-8323-0292fdf33297,-10,0,4.810585948991127,0.6384895022240155
9eb35503-fdf9-438d-ac3d-bc81c044fe68,2025,2025-01-30,ce88cc81-96d4-48c0-ad06-ee0c2d3d7663,b6c7c93e-bdd7-4df7-b73a-c1fbe953199d,6,1,-1.4730112737165908,0.4242235806513917
a9f02d4c-e6d8-453a-8545-ca7be238eeb9,2025,2025-01-30,f3afec86-2594-4158-97d1-aaac68833b8c,d6a348c1-3237-43da-8690-d309d586a66e,4,1,-0.25502248816167905,0.548992695327919
ab0aef6c-cd3d-4cda-b20c-9b2a924b1e17,2025,2025-01-30,c9942b49-0bf7-4dda-bc78-bf2e3b174055,bb02a3be-6beb-4745-b200-3a49f5224f0e,2,1,10.24607574028252,0.7553762796241367
abd60d99-c9d7-47bd-9049-934f68e08316,2025,2025-01-30,741b4fec-9ede-4efa-a807-8c1679e962a6,68a583e2-b11a-4a35-b102-095903fabdd8,-9,0,6.054567975326114,0.6874971910264086
af84b1f6-7eda-4c40-8bdd-ec373dff383b,2025,2025-01-30,82d0fc94-2404-4659-9764-1b8186e037b7,7732f0ad-152b-481b-be13-de99facad3ed,-11,0,-8.262060703259818,0.17923146561121228
b51ce514-9dd8-4780-bc9e-0e655b94cbad,2025,2025-01-30,22865798-3256-425e-8eb5-60e1edf9403f,01f45e3a-e22b-4c25-b1e8-0d5ac80e6a5e,8,1,8.269663760112044,0.7712208943661635
b8b4deef-69df-4d93-9a67-112f2ab363c0,2025,2025-01-30,37d0bfe1-4a78-4810-9371-3268e54026d2,b31c989d-1667-4be6-8a91-193cda486b3f,9,1,12.261100515097665,0.9207491455449169
be485090-a557-45b2-b07a-cf79c5773353,2025,2025-01-30,b58599cb-bbcd-41e0-9746-6ce1ed5597d3,b704622d-2904-4237-b9a0-a9865096fefd,3,1,-3.599894251058126,0.4221488685249979
c158f9aa-d728-417a-a96c-cc2cbc1923e3,2025,2025-01-30,bbd86984-093a-4854-845d-01d65716f8fa,d0c9e56a-ea87-4a77-8ea1-93b43e2aa99f,12,1,13.297339979145338,0.8803194036348153
cee5c68b-c352-433a-ac86-55a27ce97201,2025,2025-01-30,a870c009-c0ca-48e9-a456-1ea2b2b779ef,12ae7230-4fab-42c4-a7d7-88e118290c3e,-10,0,-2.31038619695039,0.36423545790146405
d0691126-4552-478b-b3f4-a634daae2412,2025,2025-01-30,e6a72d83-0126-42a5-b202-cd710e233fef,88c5646c-b1a9-42f6-999b-56d8198e37ea,11,1,-1.7322624778114994,0.4645157083382154
d7223813-7b44-4773-9241-c528e8cb7821,2025,2025-01-30,83384eea-0854-4284-a875-f47d9b0c31d8,14a1f904-5f97-4e98-885e-5d6c4f102ea6,-6,0,-9.017177609652464,0.2136947743794474
da1caff0-3b28-4b52-b05c-777763aaad7c,2025,2025-01-30,41e19184-6f6d-4838-b789-d8553db45753,12d2dbd5-0799-448a-a49a-671c218c8bbd,-2,0,0.6336243665519139,0.5582272725468058
defa1b73-b0df-4bc1-83ea-a5d8d6ed71da,2025,2025-01-30,de50cb63-b08e-4760-ad25-62eceb6c4120,f02fe504-2b2e-4ed7-b9c5-4c7e6e224682,-7,0,3.586432393533416,0.6418540379604823
ecb0deca-18df-4b39-ba23-ce346ffa7991,2025,2025-01-30,e1c5e9f4-197f-4a7b-b871-bdf72ca0cf3a,1b9c388c-a2e4-42dd-9e21-4841ed46cf4d,25,1,16.101781067641223,0.9544544461114803
f0e6c0dc-ece0-4d03-878f-3c0fbb7e1af5,2025,2025-01-30,a46fdb60-30d0-4807-a2b1-e29d8d7c22b2,9c2f288e-9523-4b69-ae64-ab0876fec6a4,4,1,10.311537038399447,0.8656337589103115
f98144b5-516d-47d6-830f-ea469f32e37a,2025,2025-01-30,c59d7c9d-7fd0-4a58-bdba-7904baeb0abd,829dbc21-e757-475c-ab7a-2a3172ec0683,-13,0,-4.039445637742652,0.33778188625448186
fd999fae-2c47-4089-b6bc-b209a011a8d6,2025,2025-01-30,8e9b7d4d-1baa-4d3d-bb10-8950f4133b30,a79a95b3-2101-4649-8f36-782b24edba79,23,1,4.595475611157934,0.6958559115525391
02db660b-c825-4678-a858-73d2331796c0,2025,2025-01-31,f22ee0eb-5079-4c19-b46d-7d40e14d7636,c62c317e-e0ab-4b1b-a6b9-878965985154,-1,0,-1.5448454772154778,0.4867226221205288
090444f6-6949-4bc9-aaf3-3a442f49109d,2025,2025-01-31,fa9fae48-c4f0-419f-97d7-5e2ba9d47858,91e8763b-21ee-4929-ab39-6a46d1d62e33,12,1,6.063996534159268,0.7533304244613258
2915c757-911f-452c-93b2-2ab379226efd,2025,2025-01-31,52aab06d-922e-4906-9dc7-3c0fe7d3e2c2,b9840fe4-f776-405a-8b8d-3c388de0792b,-8,0,6.346032253978707,0.7811813705070195
30ee1784-9030-4a28-a538-03d79baa172e,2025,2025-01-31,6a154b5a-b7dc-4299-86a1-c9ecd354b8c2,bc9cb402-a9b1-4644-acdd-ae7e0571be90,-7,0,-8.26992522848662,0.19025146604574927
428b8af9-aaa2-428d-af08-14f90ded815c,2025,2025-01-31,51ff831a-13fe-411d-a486-ed3c7ea2fb5e,17900399-e4eb-42bb-81ed-06f5be1309b7,-8,0,-4.098491954676718,0.33479915418344325
53bc7e2d-2c25-4a51-b373-252fa1929e25,2025,2025-01-31,e383167f-2c53-465a-b2fe-0d6bd7c69b27,cc0e2cc0-da4b-4021-8739-c0e7e235467b,5,1,2.0153032138141,0.5583962213473208
75806aea-e7c5-4400-8192-b5705059111f,2025,2025-01-31,9df3af06-d207-48e8-a010-41797b070072,2a57c531-b461-42be-bbd4-b080f188a160,5,1,8.747911065619295,0.8553665529061198
b5915dde-ddb8-4230-a63b-ad53f0de4817,2025,2025-01-31,bf7cd127-c979-4181-8f7b-356415e2c15a,9123b907-3559-421d-be7d-7e238eb0c266,-14,0,7.088083316168264,0.7373793646080197
ba06d54f-2f66-4125-ad9e-abc3f8b61b5d,2025,2025-01-31,3c9cd500-c6f0-4eca-b722-405eefd74003,cd6bef67-d192-4740-b7be-731c52686c54,-8,0,-2.907527700510521,0.36995898686940515
d92568c5-9296-40d4-b6a3-4e85ca6b5ddc,2025,2025-01-31,5f1bdada-9e34-442e-b575-0b6a9114f1ae,0eb90dc3-2a1e-43d8-80ac-bab6d917f78a,3,1,4.611175695998415,0.6676499551480087
db10e264-efe6-4185-9918-d150bd9109f5,2025,2025-01-31,ad36d475-e577-4c2f-b8db-b2d47d1fab15,5896c71f-aaee-4983-9da1-2e953c561786,21,1,-0.01981630740293016,0.4949113736938506
e0c3f7eb-e349-4090-a8a6-7d8ce93838e3,2025,2025-01-31,6cd07c06-66e5-421d-a8d3-84cd9833bce3,7bc45016-4549-4672-9453-69c2a81aa576,3,1,-0.45748306763013336,0.47742749794565403
fc1c6102-87ce-4072-9cfc-70117c5055d2,2025,2025-01-31,e66c14f4-c6eb-48be-8caf-0deb5a03ec15,abb24ec9-06c7-4ac8-a0a7-299760b256d3,-9,0,-1.9683020353969467,0.3775480767705052
002c3af1-1444-4113-afd7-ce9d674e2ef6,2025,2025-02-01,fa9fae48-c4f0-419f-97d7-5e2ba9d47858,17900399-e4eb-42bb-81ed-06f5be1309b7,15,1,9.222558372626938,0.8992979986226843
02448766-7005-46c0-99c7-60765eee2238,2025,2025-02-01,a46fdb60-30d0-4807-a2b1-e29d8d7c22b2,5d66e35c-66aa-44ac-b72b-33066edb3e20,-7,0,3.6625212490486687,0.6675151299657721
0380a47e-480b-4663-ad38-7cf36f70f8ad,2025,2025-02-01,ac42cc2e-26ce-4ace-8d1f-28d21a1c77b2,050cf087-6e1b-42ef-84fe-368ac1929774,-3,0,7.60327784793189,0.7685661099130179
05fa9cf8-c07e-4178-b8db-4c7ecf0a2dd7,2025,2025-02-01,416d2dd1-15bd-48e9-82e6-9277c0ab829c,88e83e71-3235-4c21-85a8-da368f34e5fd,9,1,12.848191011529781,0.9319815812714564
05fbfa3a-df92-45e4-aed5-c6d53328e460,2025,2025-02-01,4926f0f3-ac12-4ca0-9cbf-eb99f9aafb78,2dbbcf87-baa5-4154-8071-c62e522990c6,-4,0,4.8974480411174905,0.6741996190115962
06bba387-b719-4009-b3bd-0c1d25a4e57f,2025,2025-02-01,b704622d-2904-4237-b9a0-a9865096fefd,e1c5e9f4-197f-4a7b-b871-bdf72ca0cf3a,6,1,3.635760819423293,0.623380855070544
07559f7e-4cea-4427-98a3-3a614671c5d9,2025,2025-02-01,d52e191f-c4a5-43a8-b16a-1d87ecf7ce9d,026ac097-d80f-48f3-80e4-e6ae2b9ee383,-5,0,1.0665969899384795,0.5616763316805181
0c02566e-b24e-4514-a7ed-8785f4f47b49,2025,2025-02-01,24cced85-1369-4dbe-8abf-92fb8d456618,3ed32cdb-d2a0-473e-9db0-fd63aaf9013b,7,1,-1.4241683082201082,0.4452191039843697
132f5159-3022-42a1-aceb-50a9901e537c,2025,2025-02-01,66244ae3-7fd6-49a7-9304-4ae41bea9ab3,ff2fa864-282d-4503-9a88-8c10619b0e3d,6,1,-3.014872018739977,0.3600498818188165
17fe7ba4-2654-48fd-96a1-8d5703290c63,2025,2025-02-01,ed973a10-a469-4337-9742-eed664c61168,3dd34e3a-6cf5-419c-8042-503af5d36e7e,-10,0,-9.422335677324698,0.18610774055656468
198e68ce-eb11-4348-993c-87614225065a,2025,2025-02-01,8dae6732-0634-481a-90ac-d73bf6a19566,aecf6cf2-725b-4450-9b49-8491e6a4ee0f,26,1,14.099437566033027,0.924029085464601
1e24b583-d3e4-411f-8afa-a3210ffae65e,2025,2025-02-01,8bbfa6f2-6178-4c2b-bf17-66fba7623c4e,c59d7c9d-7fd0-4a58-bdba-7904baeb0abd,6,1,-3.07214067616498,0.32821157657694516
225f9da6-9ffc-4ad5-8000-5546d3425024,2025,2025-02-01,8a391aff-89a4-4586-9d57-71299178703c,f239ac13-f7a1-4acf-90a5-3cf4c6fd3355,-9,0,-6.921801949495842,0.24326079397503353
2287420e-09ea-4515-b091-200fddd554bf,2025,2025-02-01,d894373b-dca9-4d1f-a9c9-a123f8c1b600,307416ce-030c-4156-8d62-1e2632e9e26c,2,1,5.9141212849913884,0.713182466992572
24ae5ef9-6a26-42ca-95f2-91702d1aaf28,2025,2025-02-01,9007c268-37e0-4ab1-ac60-f9cdcb3a7a8f,d6a348c1-3237-43da-8690-d309d586a66e,3,1,2.6207872225133135,0.6370157239809336
257ac345-62ca-49fe-8502-7832e7924fd8,2025,2025-02-01,77bcefa1-a18f-4280-a5c9-2d1573b78e0a,ad21cf61-9161-4409-af92-468be5a0142f,19,1,11.665518965101846,0.9226904728064185
269b6267-baae-45da-be4a-2984f21834b1,2025,2025-02-01,9ba3c8fb-1162-47a1-873e-6cf11475a094,19b01b27-3931-468b-a50c-6636aef39c7e,-4,0,-7.066375842274801,0.3024853361677558
29f003ee-b159-46b5-a283-acf771ce606f,2025,2025-02-01,46a5f9e6-fe34-4ea4-867d-ba4e31297465,241f50fd-2121-4b74-abd9-2ddb98d74a2e,22,1,-0.6792766307431019,0.4412115324704036
2b3f20b6-23f5-4cb6-9120-df50c7042d9b,2025,2025-02-01,6f7ff858-33b4-4d3b-b960-8a750dbe33a1,7a78a9a6-0d5b-4fae-8fb4-98bc816ed903,11,1,9.963928548740686,0.9032511432858231
2f39fdd6-d7e6-4bf3-83ff-ac8a053d70c7,2025,2025-02-01,c9bad532-d6c4-4187-8958-37ef239495a4,d756733f-2d8f-4ed6-8b7f-dc7804a270af,24,1,4.6518321745796625,0.7055240265971218
2f523f57-4913-40be-af22-7633ee4136ef,2025,2025-02-01,c91670da-50fe-4e29-9e0d-e0a2d01897cf,3027d417-64d5-4892-a6c3-c77edfaff436,11,1,5.185289477070728,0.7275063123336263
35a079ad-367a-468f-82cb-b2b8af1303dc,2025,2025-02-01,2de57d84-8b9d-4def-9a66-315270ea5d18,6b776d4e-7c15-4c08-b195-ddf7052c762c,30,1,0.19896160952165448,0.5064651436863981
37f8a2b7-2145-4648-9eb2-abb4fe25935b,2025,2025-02-01,48dab38d-2a0b-4201-94d9-c6ffaf736974,eb7098ac-5154-42da-b703-d3b3958b198c,17,1,16.00673276015665,0.9563202665267423
39fc3465-e671-432f-a933-59361a9e5882,2025,2025-02-01,be595032-d4ed-4bea-95de-22a18feb02c7,a1594c03-e784-493e-8435-66f585997595,6,1,-5.923618091770907,0.3771357734185242
3c2cd6ce-786e-4201-b756-dd7061f7ffb7,2025,2025-02-01,5d005d94-2060-493e-af42-31885c78962f,a7689181-61c1-492f-83e6-a64bca6e04f9,8,1,7.896754685981112,0.7843359348076766
3dcc1bc1-11aa-4a4f-85c7-2618355819b0,2025,2025-02-01,a5ebc512-a148-4140-b60c-147132b3097c,f829b41d-4185-4fb9-98e0-bd7bd9b6bd7d,-6,0,-7.486702689670303,0.22720623773971807
4226c48d-b62f-4bde-b1d1-e6c9ed48c618,2025,2025-02-01,4319d016-ec3c-434b-9398-c88b1bfab01e,17eb5319-07ae-4f0e-b1d2-8e828b07ed79,-15,0,-1.524188518915946,0.4558818058222341
4615e1d0-5812-46cd-9b5a-79d50edb5423,2025,2025-02-01,bbd86984-093a-4854-845d-01d65716f8fa,f5ed0adc-4078-47c4-aba0-3dd2de221774,1,1,3.508705089671106,0.6276364921629991
47ce3492-8e8c-42f2-a4c1-73d553144633,2025,2025-02-01,33efd80d-8446-4d83-97fc-e864b132a0c8,6e056aa7-1906-4546-b6db-5910356fee72,-3,0,-11.060056227465903,0.1543100697810884
48e24f40-da2f-4f41-b14a-4087c69b392b,2025,2025-02-01,cb86bdfe-2665-485f-9a44-846b23bdb2c3,17ba9bad-9d46-41c6-9781-6a1e204da7b0,4,1,5.375772871082669,0.6768840481478959
4a5f2345-2e64-47b7-9bf8-9b081035755d,2025,2025-02-01,000d55e3-3608-43be-aebb-6926cbe6b7b5,223e59ef-679d-450c-a409-d6ff2a5b5cc5,3,1,7.205243910208572,0.764263106837106
4a8314cb-5073-4c29-b3ec-d853d3e03acd,2025,2025-02-01,6628afb6-e6fd-4d7f-be94-a19527da56fa,c878fb5c-c2e2-4f40-a5a0-f297cc0e51b8,7,1,18.96241137005906,0.9911877760230229
514e45e9-7071-4c3b-8e62-8f754ba6fb0a,2025,2025-02-01,f3afec86-2594-4158-97d1-aaac68833b8c,fcb7d38a-6efc-47b3-b7af-3dd5ea07e8e5,32,1,-1.9810347368882646,0.45274651722070985
57fc627f-b68f-4c11-86cd-2a3298a13d36,2025,2025-02-01,76eb53c2-0367-4d59-b619-799a7aea658b,641dc594-03c5-4ae6-8564-0ccb3c8edc77,-27,0,-3.4625574642719927,0.38936074918732705
59f71ca2-a7bf-4ac4-bc60-ae54a25ccd16,2025,2025-02-01,a6332591-4e2b-4b84-82bb-debc57b8b614,17dd690c-8f33-4c2e-94ef-326bf0628517,-5,0,-2.532879287123731,0.4037318265304147
5b1d18d9-8da1-4442-b310-da4519cb1387,2025,2025-02-01,08b7e4ad-da8b-487e-a809-741854d1008c,9c2f288e-9523-4b69-ae64-ab0876fec6a4,12,1,6.945236996532096,0.7612092989674535
5b3fed8d-2504-4391-886b-77d503db408a,2025,2025-02-01,d65f3ef9-cd07-4472-b901-9b3ba2b35764,f1e9470d-a3c7-4ef1-8583-6bb917490ac3,17,1,3.2437702060707685,0.6623691885530029
5bac0755-de0e-4e61-8696-8d6644f077fc,2025,2025-02-01,3d3b199e-7c4f-4c53-b683-a77a8d8e697a,4b7b8cc0-eb4b-40bd-a9b7-958fbe20894d,-25,0,-15.310858848044868,0.05333325833829223
5c2f0ff7-ae75-4194-b287-735b3f0056e1,2025,2025-02-01,4f9d3323-4211-41f2-8211-76b7efd6246f,593820ae-e46e-43a0-a5b3-904904eb9cef,5,1,5.035211592576179,0.7713493844996396
5c69b117-eee2-479f-a57e-907825700622,2025,2025-02-01,0b297e0e-e039-449d-b07f-f8e1ae96e3db,351b4e0d-ecfa-4f26-963a-5d1e8b281052,-10,0,-9.479003994501989,0.14754448570482429
5edefde5-25ad-412f-b990-a2f0e4b66b33,2025,2025-02-01,78d97761-b499-435e-9097-b9d553f3ee67,4a976ca8-f51c-487c-ba87-dae41ddaee24,24,1,6.528592004319536,0.7626937364000316
60b99366-5a58-4ecb-9d53-195db8810056,2025,2025-02-01,7e01ae0c-d2c7-4d9c-beea-2da953b4c037,7c82650d-eccf-476a-b85d-69a73b6b7f8b,22,1,22.321480629790823,0.9875741402607414
62c39f74-76bc-435c-a462-00811ff41cea,2025,2025-02-01,a00214a0-9c1b-4018-a085-500dbd55fb17,50ac73d5-f2f3-4160-add7-d0993eec32cf,6,1,6.1813592322295845,0.7448625425563289
657563a8-882a-4e13-a38c-d67b934312e1,2025,2025-02-01,397b5601-d70b-43a8-b259-1a752c68bb1f,c6cabd85-4834-4f62-94ab-57143286b512,21,1,12.187764100745362,0.8992616325775982
671817a9-0f9d-454f-902e-d7250a6a1cec,2025,2025-02-01,a2a4c8c1-e611-4717-92f2-fccc9217a883,628efcd7-4ae6-4bba-9542-11e108d22d8d,41,1,23.692196431573738,0.9893652226187042
6a94be0d-5794-4053-96e4-83304064734e,2025,2025-02-01,f2fcffd8-915c-4fdb-a632-8b5b621bc999,a67d2a73-fb71-42b8-97b7-9b72a49efc06,-19,0,13.433120283943621,0.9320261380228682
6b91ad2a-31a0-4b3e-bce5-c3a6ed7b6c57,2025,2025-02-01,8fdfa7ed-88da-45ac-9520-9a9e9fbe2586,ab5be1d8-ac8b-4c5c-8e26-320585a8bdef,2,1,2.802172768917136,0.6549590928533527
6ba7becb-7222-485f-ae58-8a9a4b83214b,2025,2025-02-01,85708ae1-7d66-437a-9d70-bcb680bdfa86,b58599cb-bbcd-41e0-9746-6ce1ed5597d3,-4,0,5.311976101213198,0.7017820026919181
6c6041ba-6c3d-451a-b19b-3cdf6f193d46,2025,2025-02-01,e6a72d83-0126-42a5-b202-cd710e233fef,7532f347-4701-4460-abfa-98034c2ce687,10,1,7.982971672503168,0.8556355421967599
6d9da3b4-a87a-499e-9b33-6985521df63c,2025,2025-02-01,de50cb63-b08e-4760-ad25-62eceb6c4120,a0bfc386-3dd9-4417-be3e-42f45cee6c22,31,1,16.628584655213718,0.9323426100680136
6f2c6670-5b1f-4d8b-9d36-de9afc92c771,2025,2025-02-01,5c86ee1e-ee35-4d51-bc08-bbca68bc90f1,f3885a3b-f43d-45ee-96e1-f650af90dc9c,-3,0,8.801249421620582,0.7795427829486398
7246d8d7-4b9d-4d9a-82fd-5876c9fefa94,2025,2025-02-01,c4972de1-bfaa-4820-893c-10adf1095f0a,9f7dac5e-38e1-4e63-9e50-e6b0d822fddf,16,1,10.758266051737793,0.887103002298493
75c01de4-7ca3-404b-9052-20894f92d2c9,2025,2025-02-01,68a583e2-b11a-4a35-b102-095903fabdd8,6bc97d46-dcb6-4437-a79f-2d351169817d,-4,0,-6.749978781142329,0.23528664631044008
7802fce6-d2cd-4a11-a88a-4e32396bd802,2025,2025-02-01,871751b8-eb3a-4919-bc58-ab82887e29c6,44242fcd-cd9f-43aa-afc2-5a12ea89394c,5,1,-4.943861874851639,0.28926270596892606
78ca8e98-5bf7-4cf9-8ba7-3ea0fd66a081,2025,2025-02-01,02073ad7-1bb6-47dd-a1fb-fae5e0bc2ed7,9b729374-1ae8-46e9-bfe6-2348cf00056a,-5,0,10.533833927578403,0.8656946708985066
7be1df4f-f9f0-4baa-a318-ff3a82e89053,2025,2025-02-01,6dcee41c-8ef7-4afd-aa5e-6e7fa77886e0,02361e70-3d89-4b56-8d25-73ea2ee389ef,-1,0,7.624335685897637,0.8046627855336773
7c47d446-3380-43ec-a380-937d02acba09,2025,2025-02-01,b8772a3e-c4fb-4396-8eb8-b30c8a36abb7,8226bdf0-6c2b-4e2b-841d-e2a01a5e5145,21,1,0.3184493724881272,0.559874758460157
7e66e10e-54c1-4a2e-8b6e-c8341d5b9eb8,2025,2025-02-01,c87682db-2ff7-4c63-9820-df6c8409d5b3,b0ebd027-95a6-4e7b-abfd-c26d14470857,-13,0,-2.027012078445546,0.44573444200020673
825422d7-b7c6-4783-932c-86dc758342ed,2025,2025-02-01,f4598131-de83-4e8d-b7cf-dc008ccca8aa,bb02a3be-6beb-4745-b200-3a49f5224f0e,7,1,15.019769476289905,0.9467832052079683
838fdf5d-04db-4068-9b16-f9bfceaa0e1d,2025,2025-02-01,6a154b5a-b7dc-4299-86a1-c9ecd354b8c2,abb24ec9-06c7-4ac8-a0a7-299760b256d3,20,1,3.159003661124156,0.6285817656072263
83c9d6b7-74df-4d86-a29e-3df9a58b61e2,2025,2025-02-01,ae911605-551a-46eb-aef9-06f9a60479c9,dbd1798b-2cf1-49c5-9f33-caefec39594e,3,1,1.0445488640158618,0.518125125017357
853469c1-654b-4873-827b-8a46a42dd2ba,2025,2025-02-01,935d92c1-aca9-4b21-9e0d-b6c396fb067c,d75e1814-b8c9-4246-b06c-afe60d661528,2,1,11.444353632746664,0.9345952535814838
85581eb3-f226-4027-9f96-6b0883c36c02,2025,2025-02-01,46671d80-ebfc-4f9a-8eae-19249794115f,88ae8bb6-fbd8-444d-8d22-f485d82d2e67,10,1,15.39487399497361,0.9469707760669871
85d24ea7-8a97-4ff8-9535-c45712b7b4f6,2025,2025-02-01,14b85f13-07f7-4bd1-8f5f-32720dbe1c9e,1799ef2d-85d7-4ba9-8048-33b1956ab3db,3,1,2.480217625864817,0.6870964995157128
8e46769e-a8fd-46eb-b8db-388ab9d4ae67,2025,2025-02-01,a6dd499a-eb6b-4f8e-9094-d8eb96b3547a,79c6b473-0e11-4c2b-aa4c-8523cc9afa48,5,1,6.916938319929519,0.8172405613464322
8e5ff47b-f1c5-4563-be9e-4f763d92cc2c,2025,2025-02-01,be9af39b-8a19-4b9d-89a3-bc6dd35defa3,e4054827-709d-47e3-8f27-86b76b8f17d6,18,1,12.804192828033065,0.8945530173817762
90164a92-684f-4c34-b486-33ff64bfdf31,2025,2025-02-01,8daceea0-e7c6-443f-9452-f56f9faa56de,829dbc21-e757-475c-ab7a-2a3172ec0683,-8,0,-6.4950845530654675,0.3120798900655716
954eeac0-6b47-40c7-8cf2-70213ecbeaa5,2025,2025-02-01,e51388ec-8e0a-4c32-a70c-4890e3e61d3a,d1dca835-9ba3-4f00-89e0-533fcfd2b27f,18,1,11.435838386069621,0.8937507504882886
955c779b-72d7-4c04-bc03-5a0fca5ffe24,2025,2025-02-01,dc7ff97c-c617-4dcd-89fe-5e702fd03890,7cf9cb31-3bfd-486a-90fa-8fa6f3bb44a1,16,1,7.0143590804617215,0.7847722803502785
96509db9-ac33-4a53-bda5-c9f43ff391ac,2025,2025-02-01,4edc5314-8f1f-46cf-90fe-fc3094be42cf,af997d63-624d-40db-bffd-18de780e2f59,4,1,-2.066114123919763,0.38189562088602097
971cc987-de46-4406-880b-ee243c77c6f5,2025,2025-02-01,db5b4ba8-4030-4125-845c-337b3ed300b4,f9261c55-02c0-49db-9993-f5d64a97b21e,-8,0,2.882685238596262,0.5301916490137376
97f351e5-f542-495e-bff4-3fed3089ab7b,2025,2025-02-01,2866b25a-1e5a-42be-8763-ad87278ec1d9,58d76bcb-6251-4be3-9fce-6e748e521d87,4,1,-6.371723831049663,0.29536024181942233
9bc7c5c4-6cb6-456d-a68b-4b88122f781c,2025,2025-02-01,52414cfe-b45b-4eab-a88b-e509aa446dfb,b24e3987-105a-4e03-8184-b15b2947a98c,1,1,11.162344231500814,0.9016620247626967
9ca5b0ec-6c76-4c37-9533-e4a38aba4d8b,2025,2025-02-01,07b4923a-16cd-4490-8ae5-d61599212ab1,75d1bc49-ce2b-4e7f-82f2-26e690f29375,-2,0,-2.5897232881978622,0.47501714810302365
9d173885-850c-490f-b572-a38d0c9880a7,2025,2025-02-01,22865798-3256-425e-8eb5-60e1edf9403f,6f9a1a81-2dbf-490a-ba3c-8f8fadddd9d4,16,1,7.158409336617719,0.7789879174676079
9d3cb094-439a-4dd8-adfc-72d20dfbde96,2025,2025-02-01,3bc11d41-6e7a-4932-b0d5-e15a8f310406,bd53017b-0998-4291-a0d1-1c9f45306402,-12,0,-11.001248519938402,0.15663351362537523
9d43292e-f400-4ac2-8109-45b5ea3953d3,2025,2025-02-01,714115a3-e87c-4c38-be62-cfe9dada315e,14a1f904-5f97-4e98-885e-5d6c4f102ea6,-22,0,-10.442454378268476,0.21401635565752258
a07b94dd-5bae-4979-a01f-29957074f58a,2025,2025-02-01,41e19184-6f6d-4838-b789-d8553db45753,48f318bf-54e1-4e42-b6e9-47c3bdaf4fb8,18,1,4.7473616934163765,0.7746313638941617
a13c5f65-6240-40a9-ae69-a6f458f517c2,2025,2025-02-01,ba87013c-8cb8-41eb-95fb-16991c536506,5a320db8-a83e-4f46-9418-25176d12a65f,20,1,-4.061405522770546,0.35637754304594116
a382e35b-b820-428a-898b-9e13cb9bcf9e,2025,2025-02-01,51ff831a-13fe-411d-a486-ed3c7ea2fb5e,91e8763b-21ee-4929-ab39-6a46d1d62e33,-6,0,-5.768385237653524,0.23129816483148874
a49975f4-08e1-4626-ae8e-059f49ba4382,2025,2025-02-01,c9942b49-0bf7-4dda-bc78-bf2e3b174055,2389c341-a290-43f4-b0e8-08ee6a15c14c,18,1,-0.03642608481783115,0.502929765414114
a4b39409-48ba-4178-804b-41bf1d864d6c,2025,2025-02-01,c514a4b8-22c2-44f6-a118-250ae80751b0,7e838ebf-74ed-42de-9f2e-d8057aa77de5,-12,0,0.7415296462150578,0.5762921088080721
a704bfda-943f-4581-be49-607262d464b8,2025,2025-02-01,6482154d-967c-4e24-af4e-6cdb9ef80e00,ff488f80-9f05-43ba-b8dc-d7693b84c0ea,29,1,18.550294080165305,0.9814570660687707
a8283a39-1929-4a23-974d-49b0a6e1817e,2025,2025-02-01,1835c2ee-1e17-4d18-9ab8-a1bb3678b947,375d7498-7795-4ff1-bcf0-e13cdaccd9e5,4,1,8.526004665229008,0.7830068821968988
a8d0f4df-a945-4d04-9f27-31921afff9d0,2025,2025-02-01,37d0bfe1-4a78-4810-9371-3268e54026d2,9fb181a8-2807-4e27-9442-8e09de6c9575,14,1,8.182785935752833,0.768262267069013
adab4cd7-8b53-4bb0-9153-f9154fb99b8d,2025,2025-02-01,83384eea-0854-4284-a875-f47d9b0c31d8,61ce5009-1768-42aa-b377-fd95cefd07af,-16,0,-1.0441925842841875,0.5234106356419459
ade8de07-3c5f-448f-9247-e5f4ac09be5e,2025,2025-02-01,cc4cdd9c-0563-41d0-bbb7-29b825db8e55,62c787d1-5e5d-4e44-b6e8-1c208f874eba,2,1,19.769769478794828,0.9774062953901813
b062a952-991e-4b3d-9f27-553c68d9a6dd,2025,2025-02-01,0f2c89e1-1c22-4add-af3e-a7d9982de167,fe967dc0-fdb0-46b0-9629-0fd108949abe,10,1,7.221559373112668,0.7933646622683073
b1db35e0-e6e6-4bbc-8558-c1aafa246d7a,2025,2025-02-01,d8e2daca-6b8a-4f31-93d4-8cf6dd93fda7,bf32f747-5e9d-417d-890c-89407933c4c6,3,1,7.479743525140095,0.8013491835894978
b28bd129-78c5-436c-9ee1-1c0e8f355eb1,2025,2025-02-01,fa3cb393-e306-4365-b4c3-b3f62a5027d3,70746950-a861-447f-a9ba-f53e329c27c1,34,1,23.22092230253265,0.9861592865230644
b29dc77b-9dee-4ca4-a699-89ee001ea623,2025,2025-02-01,469778d6-39b3-4cd1-8bf4-f40903d78c5d,3e287cd2-e8fe-4612-a996-d02de5cd9fb2,37,1,22.87918466110373,0.9878481773736911
b2ea2ba2-0565-4493-9461-0ec17c199d58,2025,2025-02-01,d26d7563-983a-4b9f-bf04-fa2777e0beb0,78926156-3797-4ad3-aa39-fff13a311d02,-10,0,-10.531252221979722,0.18318633830915507
b4a36d36-b61d-4f7b-a3f2-02eb69ceba18,2025,2025-02-01,e732f6ff-8488-4df9-8756-f1cbcec88e33,cf3707e3-2f2a-44dc-8d7a-4d16b2fe78ee,-16,0,-2.0821122754633827,0.47802111211338083
b7032186-281a-47ae-818f-35209b0109b6,2025,2025-02-01,b21fc872-90f0-43b9-a07f-97e7531c8898,ba8ae2ef-827b-47e0-bcec-bf76fe44e37b,7,1,-8.594336085045484,0.21414127525482665
b7be0b9d-8bdc-4638-be85-5e2db7c5f097,2025,2025-02-01,6fd295ef-9c37-4478-af91-536cbf316358,01f45e3a-e22b-4c25-b1e8-0d5ac80e6a5e,-23,0,3.571394091639517,0.6406235661542902
b855fc3b-d680-4f48-a6fa-e9ecd5b36be4,2025,2025-02-01,05005d1e-02c0-46c0-8b4d-19dc825698c0,42833efc-4047-4751-b5dd-8f5c6d05e355,-6,0,-8.835442962600164,0.1982108163026879
bbb25942-a75e-46b4-9aec-e3eba2a4ae9e,2025,2025-02-01,64975048-1db2-4ded-ad28-05b8d8aa9c66,dd8a7533-5e77-4aee-99d0-4c56a7ff74a7,4,1,-3.727599236969148,0.34430806307719103
c13b2cf0-5ef0-4283-acac-c02229728960,2025,2025-02-01,82d0fc94-2404-4659-9764-1b8186e037b7,705e808f-a589-4af4-8baa-45ce5b2e969e,25,1,13.392848004343923,0.9349525598311312
c2120608-c65d-49d7-9a79-32e271c8710a,2025,2025-02-01,47b99bcc-2f9a-41d7-8d7c-3f9e93809210,69293aea-705f-44e4-81db-36e52bcb1813,-4,0,-5.031458610114541,0.2622253002683082
c381df5d-8ad9-4e4f-b2c3-7e4101baa58b,2025,2025-02-01,daea7f8b-7386-4fa6-8921-870a3e848b4a,60adcfeb-0ca6-456b-b51b-d8d3a324c55d,-10,0,-4.07313043539291,0.3440516112914906
c4aacf30-c5e3-42a4-8a9a-dcf0e1777356,2025,2025-02-01,06f12e7c-35a4-46e1-a2ed-0cacb16f9b68,d915e7c4-a333-4d6f-9c21-5904d58e75bd,-9,0,6.416778344305717,0.7461685313575753
c957c817-8c99-4e4a-9528-76fb40cd76b0,2025,2025-02-01,c75216c6-4563-402a-b8d6-b8434793ea38,0f0ea376-1ea4-4b1f-9a4f-e7301a0318a4,9,1,1.6092706808722905,0.6220970501443855
cbd2c383-ba3f-4c2e-ade5-0a7501fca00c,2025,2025-02-01,185c12ee-a2a7-4588-84f2-4b4b270a75a6,d0c9e56a-ea87-4a77-8ea1-93b43e2aa99f,28,1,14.785767838017838,0.9141888431657899
e0c54ca2-fc20-4db0-8b93-2c0431f92f1c,2025,2025-02-01,12ae7230-4fab-42c4-a7d7-88e118290c3e,308dd2dd-d731-4927-9bf5-e8aad5900158,1,1,4.201453891397744,0.6707073357395842
e0f7f4f4-83f5-43b1-be09-0703a1fcde22,2025,2025-02-01,c921ba85-0782-4ce6-80e2-44f0c43d4f16,fd64c7b0-4a53-4590-bed6-59bbcddb0f63,23,1,5.382078202103684,0.7368734654453905
e536000f-5489-4556-8d58-090308ee9f93,2025,2025-02-01,326d518f-eb6a-47aa-9739-13bc340a9a3c,02ee8976-6844-4a27-9f72-aca9acf8f5d0,8,1,-7.939206157073324,0.17523803718909617
e7bb07f6-47f7-4a8e-9450-9be1c10e9365,2025,2025-02-01,9c04a238-121e-47ea-a3bb-436957b78a8b,a870c009-c0ca-48e9-a456-1ea2b2b779ef,9,1,2.8437654216212986,0.6117155372716551
f148f86c-6794-4797-8b2d-85a346ccd037,2025,2025-02-01,325d11bf-595b-429a-8342-97fe68b1a3cc,904ecc4d-857b-4150-b986-50e605d84b61,4,1,10.884096782860668,0.843763460547781
f28871b1-993b-49d9-b090-bea2c329aae2,2025,2025-02-01,63da3cbd-f74e-4ba0-8273-8bca25a54f73,2fa161f0-e26c-49a0-8eb0-b2810c4d4845,-1,0,9.866001140415014,0.8299446910692504
f2ebdd1b-026e-47cb-afd7-dbe07ffbc681,2025,2025-02-01,03e9598c-4271-4840-ae88-7c7c36f2b10e,0562b0a8-dbba-404d-9aa5-930ebe50c9b3,-4,0,-2.153932943523327,0.4001305421003081
f5188171-b65c-4be4-b232-0462538dbd57,2025,2025-02-01,f02fe504-2b2e-4ed7-b9c5-4c7e6e224682,9ba0c75f-bad2-428f-9038-d695c2385098,26,1,11.16104157659781,0.907682611504121
f65ff0fa-186f-40a9-857a-c39a681b74dd,2025,2025-02-01,8bdfa757-6fe1-4ee1-a1c5-279e7f35fa1e,62d54283-52d6-4daf-901e-b6ae1bdf29c0,1,1,-1.6924480378640183,0.3717602367658706
f90f1dd1-3552-4e06-afd9-146ec7e93f4c,2025,2025-02-01,19313cd7-ad44-47d9-a9ef-b9e0c7238466,c90512ea-4ed0-469e-a936-7935ade0caf0,18,1,3.565142580025436,0.7229470705759353
f9b5679f-71c4-461f-9240-190d622eb1e8,2025,2025-02-01,36b120f2-51ac-4dec-94ea-549d266507b5,b67edcbb-77d5-4a29-aa67-e1733b9a001a,2,1,4.167328042866354,0.6875171596340894
fa6b785c-056c-4c28-ad44-0d03570c8916,2025,2025-02-01,f0929311-9f5c-421d-8573-4b4bee0c314f,5b376c94-fc8d-4e0b-9977-1748d898ff24,-3,0,15.026608456216444,0.8966240454883224
fd9e1d6b-320a-4956-8ffb-6ae55c568b66,2025,2025-02-01,46f85354-63b8-4744-8b13-341ea0a30c2a,5ea1ef3c-5f24-4989-854e-a24a9e31ac74,2,1,14.214316616257076,0.9401356931979794
0edaf6aa-45c1-42f7-86a3-3979f3b28547,2025,2025-02-02,42a1b5ec-9263-4e7a-8f55-df64f85505e6,de0352b5-4ae9-49af-a027-b0dc86a005da,-3,0,-4.764325781463835,0.33605196625809836
0f5f3380-967c-4ba7-a5a4-1d85ead30b69,2025,2025-02-02,5c6768d4-83c5-4e23-aafc-55ac70126454,6ba99b19-8a61-49da-9325-3e04939d3d5f,22,1,11.218283131864792,0.8906853508477239
2862ab3c-f2c5-4daf-a1ae-baba16aeb86b,2025,2025-02-02,031d384c-ac9d-469a-985f-3214f2b9972b,fa6de946-411a-41ad-8bfa-6526c949108c,2,1,-2.6811545271392188,0.3785667799868369
330f01e6-fc2f-4780-abb8-bd4a2333c0a3,2025,2025-02-02,0f0aab5c-26db-447a-b6b5-a264da5b140a,700f42bb-65b8-4e08-bfdf-8dba2e0bd260,14,1,5.02912330495111,0.7539428294968173
5136d4dd-ac06-47ac-856a-22dbe3fd41b4,2025,2025-02-02,851d8a88-2edc-45bf-b180-7b6c1744f5fe,f8ed9667-67c8-4fc7-a946-d81c4cbe8fed,17,1,5.293859299820735,0.7262762957491138
691658f8-2c0b-43ca-9920-07fa106c042f,2025,2025-02-02,17e47b02-02b2-4bbb-a838-a4695fbc099b,ce88cc81-96d4-48c0-ad06-ee0c2d3d7663,-6,0,8.478395645487728,0.8643579620096028
8ae50413-2eec-4712-9e5d-6f391925fc07,2025,2025-02-02,08e7a657-2b9a-4055-beee-621379cea4b7,d9fdf72a-562e-4e19-ba2f-faa3de20ace5,-13,0,3.4519653820374563,0.5885253121237342
91f5c823-1798-4923-bc91-c20e022cd7c9,2025,2025-02-02,31a68979-4cbf-4e59-be9e-82043f581ff6,ddb253d9-6526-4c32-a7a2-4462d6abe45c,11,1,3.7798372005232297,0.5763081926142359
9f687f76-272e-4ae7-a01f-db6b5e46919c,2025,2025-02-02,c7e47abb-629e-4b69-8d41-c87333fbe6b4,561ee565-69fc-4571-95fe-32ac563e53f0,-5,0,10.845847965312203,0.886529142278355
c7e86065-90bb-49c7-bec4-68911ac3b761,2025,2025-02-02,b04e184a-6805-475b-95bd-7e19d2fe95c9,ad36d475-e577-4c2f-b8db-b2d47d1fab15,2,1,5.246293547606621,0.6978785062348971
d81ec005-5b38-490e-b2f8-b11ad6fab8cb,2025,2025-02-02,f0489380-9e3d-4613-ab85-fc32d9368997,58fdb1cf-11b4-437d-a338-e497be161811,3,1,2.2918224239833833,0.6029255327724723
d999db2d-5898-49f6-8f67-d1475538174b,2025,2025-02-02,4b6cd009-754d-44ee-9433-124bad801b02,7d5a75d9-3168-47d2-92b5-e680e056b479,3,1,6.87700816241852,0.832343664113026
dd026196-b205-4392-9153-22e304b93131,2025,2025-02-02,5896c71f-aaee-4983-9da1-2e953c561786,fb109583-87bb-40c1-a02d-7d40bcd7c52a,23,1,10.799437303255933,0.8572050975897839
f44af347-1b60-4a15-a0da-7f8ae72dc5e2,2025,2025-02-02,73493513-0a1c-4fec-9e40-429225bb809f,5320a4de-9279-4990-9ee8-6638339220e0,-2,0,2.8414096731224467,0.5760451562255736
ffc86154-5b5c-44d4-aa86-8e24523ad076,2025,2025-02-02,75dd9179-8700-4b34-aeaf-2cf608aec25a,f89aec4b-36dc-4a40-a634-a744d4d646a2,17,1,3.5152132841161516,0.6466793797174413
17d62b32-efcd-439f-9039-12d0a8bb5866,2025,2025-02-03,dc7ff97c-c617-4dcd-89fe-5e702fd03890,dbd1798b-2cf1-49c5-9f33-caefec39594e,-1,0,-3.736959319386729,0.2976154288423267
1bb1b891-3296-4a9b-bea9-eae7929ecfd9,2025,2025-02-03,ba48df8b-809b-401f-a758-25c39aa2d50b,2e0b49d9-a257-42a3-955c-b0b0af5a12db,-5,0,3.2477061387759014,0.5856846953925618
286e12f7-5718-4452-9212-a2c90fe4c824,2025,2025-02-03,ab5be1d8-ac8b-4c5c-8e26-320585a8bdef,63da3cbd-f74e-4ba0-8273-8bca25a54f73,-16,0,3.3632119588155764,0.6328023689739385
3b40a2c8-d584-4f6f-b406-ddcb35d7bf91,2025,2025-02-03,326d518f-eb6a-47aa-9739-13bc340a9a3c,fe967dc0-fdb0-46b0-9629-0fd108949abe,8,1,8.22554514799516,0.7552120240340274
431236ac-b4f2-432f-803c-c5e8e4a299d1,2025,2025-02-03,483b9ce0-4c9d-43d0-979d-831c7298213f,a6332591-4e2b-4b84-82bb-debc57b8b614,-3,0,-8.954659596590185,0.13453408244469203
4a56deb4-3e11-4e76-9c96-25595b0abfd7,2025,2025-02-03,46a5f9e6-fe34-4ea4-867d-ba4e31297465,b0e26736-fae2-4d59-85cd-4b5243f23c8e,-12,0,-8.343278059605693,0.17668076893660864
4c32a887-0ae6-428c-8e7f-f891d7a4a72e,2025,2025-02-03,4319d016-ec3c-434b-9398-c88b1bfab01e,79c6b473-0e11-4c2b-aa4c-8523cc9afa48,-7,0,2.1791032566255577,0.6176530642587541
502b7592-ea8f-4667-b7a4-84ca124fc7e3,2025,2025-02-03,ae911605-551a-46eb-aef9-06f9a60479c9,7cf9cb31-3bfd-486a-90fa-8fa6f3bb44a1,14,1,9.867951535330608,0.8595223182899838
5067b2a6-5481-4039-939e-070d8318ac5f,2025,2025-02-03,3027d417-64d5-4892-a6c3-c77edfaff436,f2fcffd8-915c-4fdb-a632-8b5b621bc999,17,1,-1.6468415114669614,0.4904160239386076
5fe01f69-9fc4-47cf-ac6b-f7bfc5aea1af,2025,2025-02-03,241f50fd-2121-4b74-abd9-2ddb98d74a2e,af50adaf-e9ac-42bd-a6a9-7ae8e4dc4a8b,16,1,8.172739541852868,0.7795712883361408
6117569b-029f-44c9-91bb-ef7dace2e0b3,2025,2025-02-03,a6dd499a-eb6b-4f8e-9094-d8eb96b3547a,17eb5319-07ae-4f0e-b1d2-8e828b07ed79,2,1,5.123530770469152,0.7359200537544077
776c72c2-e234-4c02-a71c-6f767b861cb3,2025,2025-02-03,d2d39132-b6f8-4e0d-96d2-4e89419550fa,07c201cc-5a34-4a3b-9fc9-bae4c20b7c9f,15,1,-2.8881589729376294,0.34977367655936653
86d55433-c1ff-4fd3-bcc1-57aac5137e12,2025,2025-02-03,9a0196e9-6b45-40b9-b0d0-df6bb1c90dc7,231d7720-fba0-4331-b1da-8412227395f7,26,1,-2.3909402404954325,0.3890117502360186
a3684ab0-70b8-4732-97a6-990a1414348a,2025,2025-02-03,6fd295ef-9c37-4478-af91-536cbf316358,e4054827-709d-47e3-8f27-86b76b8f17d6,4,1,2.723885239801668,0.6661382704942674
b3361d0c-bf5c-4033-85ed-1ceeee8da292,2025,2025-02-03,22865798-3256-425e-8eb5-60e1edf9403f,be9af39b-8a19-4b9d-89a3-bc6dd35defa3,-14,0,-4.417492501141161,0.30458612627362314
bbb08026-d81e-44e6-99b3-0711f00438a0,2025,2025-02-03,02ee8976-6844-4a27-9f72-aca9acf8f5d0,0f2c89e1-1c22-4add-af3e-a7d9982de167,2,1,13.974533805182064,0.9124666883103241
d93692a5-5497-47cf-9cbc-59180aa7805d,2025,2025-02-03,e51388ec-8e0a-4c32-a70c-4890e3e61d3a,eb0507e2-4c2c-4860-ba0c-7a0a815425fe,3,1,0.11732621104991652,0.5540973493141108
edbbfb84-3a6f-4dd0-a525-d448f5efe659,2025,2025-02-03,b24e3987-105a-4e03-8184-b15b2947a98c,8860a6b6-e60d-437e-afc3-b42e8cab8d79,-23,0,-5.822074137049209,0.29709970165024874
082d73ae-aa90-4043-9198-f352619319b0,2025,2025-02-04,821de2da-b464-49f2-aeb1-293e7aedd6de,904ecc4d-857b-4150-b986-50e605d84b61,7,1,10.774468518807263,0.9080764827780987
0b661e08-ed57-4ba1-9e66-c30bdc715bb6,2025,2025-02-04,7a78a9a6-0d5b-4fae-8fb4-98bc816ed903,a00214a0-9c1b-4018-a085-500dbd55fb17,-14,0,-13.534628514260591,0.06964821712837002
202500a8-0f2d-440b-8f25-02bb454d43e4,2025,2025-02-04,31a5142f-21b1-4d3a-87fa-d39f7746b7a8,a1594c03-e784-493e-8435-66f585997595,2,1,2.113113812278695,0.6000233275525431
2f04a25f-a9ec-41a1-9bb0-9c0c083cd92b,2025,2025-02-04,c7345766-a5fd-40e1-9757-26d62af0b9af,5f1bdada-9e34-442e-b575-0b6a9114f1ae,5,1,8.038313363288662,0.7696403339193959
3d03ad9f-cd2b-4ca3-be30-5a618e39962c,2025,2025-02-04,e20e16ce-0f28-40e0-afe1-5492395d5e53,ac42cc2e-26ce-4ace-8d1f-28d21a1c77b2,-8,0,5.993062568026179,0.7418955471152444
3e2e0e8d-d945-46f3-9d37-3e48c529c5ae,2025,2025-02-04,9123b907-3559-421d-be7d-7e238eb0c266,c504f52c-c325-424d-ae65-da37bf8e5820,8,1,7.399946890125935,0.8160267979365465
43632446-f3eb-4c77-8d20-6f371857fdbe,2025,2025-02-04,78926156-3797-4ad3-aa39-fff13a311d02,b21fc872-90f0-43b9-a07f-97e7531c8898,-3,0,12.27171461243106,0.917405922442406
47b479b4-bc1a-47e5-9512-516bc023cc57,2025,2025-02-04,50ac73d5-f2f3-4160-add7-d0993eec32cf,7e01ae0c-d2c7-4d9c-beea-2da953b4c037,-9,0,-6.320377318821707,0.2902485218287326
485ce068-bd3c-4d2f-a6a2-9dc51da53d2a,2025,2025-02-04,a2a4c8c1-e611-4717-92f2-fccc9217a883,66244ae3-7fd6-49a7-9304-4ae41bea9ab3,30,1,19.668954974845946,0.9831883445949982
486e5710-77f7-4817-9f38-0fed1256b7a1,2025,2025-02-04,02361e70-3d89-4b56-8d25-73ea2ee389ef,c91670da-50fe-4e29-9e0d-e0a2d01897cf,14,1,12.941778613549962,0.8760117788919918
55d3844d-76b5-4812-bc90-6e6c5045681c,2025,2025-02-04,42833efc-4047-4751-b5dd-8f5c6d05e355,f239ac13-f7a1-4acf-90a5-3cf4c6fd3355,-11,0,4.343637559569782,0.6568190848486751
5bd52882-4635-40db-a2cc-96c7122774d7,2025,2025-02-04,7c82650d-eccf-476a-b85d-69a73b6b7f8b,6f7ff858-33b4-4d3b-b960-8a750dbe33a1,-3,0,-3.459569787270818,0.35185265769853197
654fa021-6265-46a4-ba6b-2394b92ec34c,2025,2025-02-04,14b85f13-07f7-4bd1-8f5f-32720dbe1c9e,935d92c1-aca9-4b21-9e0d-b6c396fb067c,24,1,4.772503796588059,0.6810087294790256
65ab19d0-74f7-4387-8d77-2116a2b8c7be,2025,2025-02-04,8226bdf0-6c2b-4e2b-841d-e2a01a5e5145,3dd34e3a-6cf5-419c-8042-503af5d36e7e,-10,0,-8.001138219851574,0.25200051028576126
689140c7-edee-494d-9e0d-15326d2ec21a,2025,2025-02-04,5a320db8-a83e-4f46-9418-25176d12a65f,6b776d4e-7c15-4c08-b195-ddf7052c762c,11,1,13.846077072338634,0.8976899706555787
6af9291d-b4e6-467a-9da0-7a8029501880,2025,2025-02-04,0b297e0e-e039-449d-b07f-f8e1ae96e3db,7f0a740b-2a56-4bec-87c8-7bf2baf05d58,14,1,-1.4699474815647047,0.4238159257744027
71a274c9-aacd-4cd9-92ca-17c95304c3fc,2025,2025-02-04,cd6bef67-d192-4740-b7be-731c52686c54,47b99bcc-2f9a-41d7-8d7c-3f9e93809210,6,1,8.807341645448254,0.8008317054621834
720dbeaf-6135-43ce-8e6b-78d7d8d5103e,2025,2025-02-04,ad46d3d3-a8b8-45c5-a46d-913240ae2832,1835c2ee-1e17-4d18-9ab8-a1bb3678b947,-6,0,-6.723351376851795,0.29039514716545006
74894a10-a7da-4999-bc15-eab93cf2f3e9,2025,2025-02-04,3ed32cdb-d2a0-473e-9db0-fd63aaf9013b,bf7cd127-c979-4181-8f7b-356415e2c15a,-21,0,-7.1447554139377,0.22397975176781165
78bc45b1-fb76-4d8a-ad33-deace70ee6a9,2025,2025-02-04,cc4cdd9c-0563-41d0-bbb7-29b825db8e55,db5b4ba8-4030-4125-845c-337b3ed300b4,6,1,6.749999976855024,0.7514685711613789
7e8f5599-0046-4dec-88f5-3531da288724,2025,2025-02-04,a5ebc512-a148-4140-b60c-147132b3097c,be595032-d4ed-4bea-95de-22a18feb02c7,2,1,2.105726526765205,0.5590495104386861
8a7f03ed-1962-4b4b-bc16-8047ad3bb705,2025,2025-02-04,5ea1ef3c-5f24-4989-854e-a24a9e31ac74,0420bfac-8b45-41ad-b228-89893a037d4a,-4,0,-9.659819888950004,0.13422165899152236
94266319-0652-40da-a15c-dce8158b18b3,2025,2025-02-04,f0929311-9f5c-421d-8573-4b4bee0c314f,c4972de1-bfaa-4820-893c-10adf1095f0a,1,1,-13.428575753779562,0.11627396322804907
9aed51e2-1375-4f68-81ca-53c51992590a,2025,2025-02-04,f829b41d-4185-4fb9-98e0-bd7bd9b6bd7d,2a57c531-b461-42be-bbd4-b080f188a160,12,1,10.411245539864014,0.8502002886266601
aa069539-8341-4708-86c2-6b529f240823,2025,2025-02-04,27bf19a7-be0b-4fa0-8dac-8d9b7df5f363,9df3af06-d207-48e8-a010-41797b070072,-9,0,-4.357577652911384,0.2699436868121061
adb6bd2e-be45-40b3-a9db-527eca0bd88f,2025,2025-02-04,375d7498-7795-4ff1-bcf0-e13cdaccd9e5,24cced85-1369-4dbe-8abf-92fb8d456618,25,1,8.440287222651714,0.8331125088866653
aebbee12-f018-47a1-927b-9dff99026c22,2025,2025-02-04,62d54283-52d6-4daf-901e-b6ae1bdf29c0,43624e99-f362-48c4-b203-9af174b24be3,7,1,5.956516496457284,0.8148618953355737
baa17298-0e28-4389-b29d-d6fa1cd60ace,2025,2025-02-04,6dcee41c-8ef7-4afd-aa5e-6e7fa77886e0,c75216c6-4563-402a-b8d6-b8434793ea38,9,1,24.261483127424974,0.9880799440315767
bd4a68b4-bf82-40e4-bcee-6f7bac437934,2025,2025-02-04,325d11bf-595b-429a-8342-97fe68b1a3cc,3aedc020-716e-4a2c-a7f8-ab1abaf53d87,13,1,10.475507927848946,0.8701857840619901
c51b2574-fb01-40ad-81fb-d63e8fe8da14,2025,2025-02-04,19b01b27-3931-468b-a50c-6636aef39c7e,52355b41-c560-4fd9-b83e-3bec2763822d,25,1,1.9844744245481538,0.6517823828541776
c5ea2684-7f25-4347-95a7-427ead00a83a,2025,2025-02-04,d1dca835-9ba3-4f00-89e0-533fcfd2b27f,571d2904-70d9-4de6-abfb-1d716ba43f0b,-8,0,-5.032482385056612,0.28149550997520284
cec57cd2-aa61-4274-8bfe-fd687f103b5c,2025,2025-02-04,351b4e0d-ecfa-4f26-963a-5d1e8b281052,2de57d84-8b9d-4def-9a66-315270ea5d18,28,1,17.29611450561255,0.9648081630753083
d46512c9-399f-4eca-a3aa-843b97348e26,2025,2025-02-04,d915e7c4-a333-4d6f-9c21-5904d58e75bd,3c9cd500-c6f0-4eca-b722-405eefd74003,-2,0,-3.5721839734525815,0.32532031374726067
dd6bd02d-cd02-4ef3-be96-d2852d4d403d,2025,2025-02-04,8a391aff-89a4-4586-9d57-71299178703c,a67d2a73-fb71-42b8-97b7-9b72a49efc06,-1,0,1.7973154789738006,0.5578045149211837
00fc3d2c-bcc2-4949-9717-15443e214b3f,2025,2025-02-05,31a68979-4cbf-4e59-be9e-82043f581ff6,d9fdf72a-562e-4e19-ba2f-faa3de20ace5,5,1,0.4221150956542948,0.46600204165784886
018f018c-e452-405c-b5a3-baf309c2a017,2025,2025-02-05,9b729374-1ae8-46e9-bfe6-2348cf00056a,73493513-0a1c-4fec-9e40-429225bb809f,-4,0,-10.756375274366915,0.14388188810306382
030d07ef-8181-436b-a9d0-c387bd35dc59,2025,2025-02-05,cabaff64-a388-4861-9374-977555d19efb,d26d7563-983a-4b9f-bf04-fa2777e0beb0,12,1,4.680479804693153,0.6984395304807051
06785e21-7ff6-4f5d-8d70-d8577b1d312a,2025,2025-02-05,46671d80-ebfc-4f9a-8eae-19249794115f,bd53017b-0998-4291-a0d1-1c9f45306402,-3,0,-4.846898800753283,0.3140382199560287
0cb4c985-7608-4717-9fd9-e93ab0fdb8f8,2025,2025-02-05,7e838ebf-74ed-42de-9f2e-d8057aa77de5,416d2dd1-15bd-48e9-82e6-9277c0ab829c,-9,0,-0.6091849377567107,0.4450159219616356
14466968-7bc3-46e4-bf22-6a60e705910e,2025,2025-02-05,b8772a3e-c4fb-4396-8eb8-b30c8a36abb7,0f0aab5c-26db-447a-b6b5-a264da5b140a,-5,0,-8.214794557045066,0.19389287249280113
1e1e6947-1612-4f25-8941-e9bf37db3487,2025,2025-02-05,ff2fa864-282d-4503-9a88-8c10619b0e3d,69293aea-705f-44e4-81db-36e52bcb1813,-3,0,-2.7299824208304324,0.4815423019599317
28d785bc-1cc5-4c93-9e23-7ae7398c5a7a,2025,2025-02-05,ff488f80-9f05-43ba-b8dc-d7693b84c0ea,77bcefa1-a18f-4280-a5c9-2d1573b78e0a,-16,0,-8.246694859515703,0.14498654759852425
39830b57-9843-453a-919d-7351319bc201,2025,2025-02-05,0f0ea376-1ea4-4b1f-9a4f-e7301a0318a4,ddb253d9-6526-4c32-a7a2-4462d6abe45c,13,1,4.746772112051463,0.706147770975099
42c28ffa-e9cf-487f-9da5-35f275e67278,2025,2025-02-05,c6cabd85-4834-4f62-94ab-57143286b512,41ff62eb-8cb9-4e63-9c2f-50989d3e65c1,19,1,9.70624750807414,0.819979784734633
48d1d5b3-0ecc-45d3-adc8-29038dc0070c,2025,2025-02-05,58fdb1cf-11b4-437d-a338-e497be161811,4926f0f3-ac12-4ca0-9cbf-eb99f9aafb78,9,1,9.215730799546302,0.8735255537818589
4a1f891a-ff5f-4ba1-97a8-f984bff4c959,2025,2025-02-05,5717b8ad-bb6c-432d-b223-01a330a59686,6482154d-967c-4e24-af4e-6cdb9ef80e00,-10,0,-10.40159650471933,0.1181112917404825
4d0519ad-30cc-44ee-9db9-30a52f36667e,2025,2025-02-05,de0352b5-4ae9-49af-a027-b0dc86a005da,7d5a75d9-3168-47d2-92b5-e680e056b479,12,1,15.904165746222674,0.9608185054898548
573ade73-7ee7-442d-af59-3e65b65a01d4,2025,2025-02-05,b67edcbb-77d5-4a29-aa67-e1733b9a001a,daea7f8b-7386-4fa6-8921-870a3e848b4a,22,1,-0.4126358537651764,0.49066065719318464
58c4d7e7-d737-486c-9b17-6aacb1d14caa,2025,2025-02-05,5320a4de-9279-4990-9ee8-6638339220e0,031d384c-ac9d-469a-985f-3214f2b9972b,23,1,7.060532594545629,0.8053740052349139
5c099167-a530-4d6e-b0f3-a2d8570a43e3,2025,2025-02-05,ad21cf61-9161-4409-af92-468be5a0142f,6628afb6-e6fd-4d7f-be94-a19527da56fa,-9,0,-17.281198591526966,0.047861118674192966
5c37b45e-9305-4ca6-8787-49eaf29b7282,2025,2025-02-05,b31c989d-1667-4be6-8a91-193cda486b3f,6bc97d46-dcb6-4437-a79f-2d351169817d,-25,0,-9.865693024960306,0.15648043654196925
5c63270b-f13f-44b0-bb1e-2ee3ca6074b4,2025,2025-02-05,6e056aa7-1906-4546-b6db-5910356fee72,17e47b02-02b2-4bbb-a838-a4695fbc099b,4,1,3.640530050586625,0.6629064571309022
62c116fe-bbf1-46af-aa50-35c424eff110,2025,2025-02-05,700f42bb-65b8-4e08-bfdf-8dba2e0bd260,c7e47abb-629e-4b69-8d41-c87333fbe6b4,-3,0,7.290896087794825,0.7905112033026848
62c7abfe-2c00-4af8-a917-73c808abeede,2025,2025-02-05,d756733f-2d8f-4ed6-8b7f-dc7804a270af,8fdfa7ed-88da-45ac-9520-9a9e9fbe2586,-6,0,1.8269167353725126,0.5247590483366659
67176127-61a9-4b1f-9d90-8e15ee4c7879,2025,2025-02-05,17ba9bad-9d46-41c6-9781-6a1e204da7b0,3e287cd2-e8fe-4612-a996-d02de5cd9fb2,33,1,12.270110265179989,0.9027741969363621
713f11bf-3b10-450a-b971-5a1fa31ab43a,2025,2025-02-05,4b7b8cc0-eb4b-40bd-a9b7-958fbe20894d,88e83e71-3235-4c21-85a8-da368f34e5fd,21,1,12.20968926354995,0.9239167898887694
72a5c0e6-7df9-430b-8e07-59151e991d88,2025,2025-02-05,60adcfeb-0ca6-456b-b51b-d8d3a324c55d,d8e2daca-6b8a-4f31-93d4-8cf6dd93fda7,22,1,3.4199709069675817,0.6952212899451043
740958cb-133c-4f4f-a984-50550dceb0bd,2025,2025-02-05,ba87013c-8cb8-41eb-95fb-16991c536506,641dc594-03c5-4ae6-8564-0ccb3c8edc77,4,1,6.826461315616311,0.7803856649836771
77b329cb-9384-4461-a0ae-7705de46607e,2025,2025-02-05,0a4ebb69-d8f5-4c7e-a7bf-b7ce3968f57a,36b120f2-51ac-4dec-94ea-549d266507b5,-13,0,3.836207717288303,0.5791953778526112
79a22774-01ca-4104-a8e7-ba07bb8ec35b,2025,2025-02-05,37d0bfe1-4a78-4810-9371-3268e54026d2,469778d6-39b3-4cd1-8bf4-f40903d78c5d,3,1,-2.6550720869783238,0.45531724577255456
7d8b0095-e54b-49f4-a5f5-2ef94db5f6e4,2025,2025-02-05,bf32f747-5e9d-417d-890c-89407933c4c6,861b8733-b443-47d5-9c5e-f56373a8fb9c,3,1,6.129111857269261,0.7282777017616265
81086b07-301e-4520-b87d-e16e4a0fa2db,2025,2025-02-05,cb86bdfe-2665-485f-9a44-846b23bdb2c3,4edc5314-8f1f-46cf-90fe-fc3094be42cf,2,1,9.765707691871112,0.8253101118892132
86a3fa61-b873-4db4-83c0-779cf11c1216,2025,2025-02-05,561ee565-69fc-4571-95fe-32ac563e53f0,ed973a10-a469-4337-9742-eed664c61168,-9,0,-0.4349758036024938,0.45252895374807994
872fa8e6-89a5-4cf0-9ba4-45a2b345af78,2025,2025-02-05,a7fd1d4d-445e-4899-9731-00f7bff74284,42a1b5ec-9263-4e7a-8f55-df64f85505e6,-13,0,2.9247853927251346,0.7018641674938617
8d547f82-1704-4ae0-b0fc-d0cddf878d38,2025,2025-02-05,851d8a88-2edc-45bf-b180-7b6c1744f5fe,07b4923a-16cd-4490-8ae5-d61599212ab1,-10,0,-6.240652389462191,0.25493938132240546
9514547b-46f2-4254-b58e-45ada0fcebdc,2025,2025-02-05,983c0982-0fb8-45e4-829e-306cf787ba2e,4b6cd009-754d-44ee-9433-124bad801b02,-1,0,4.641140590487854,0.6828189754671213
95f4009e-2d88-4099-9af9-ed9d8ae6b275,2025,2025-02-05,3d3b199e-7c4f-4c53-b683-a77a8d8e697a,c514a4b8-22c2-44f6-a118-250ae80751b0,-15,0,-15.63275837654289,0.054316788241627716
a7c5dabf-a635-4379-911d-d69c1ebfc319,2025,2025-02-05,8bdfa757-6fe1-4ee1-a1c5-279e7f35fa1e,ba8ae2ef-827b-47e0-bcec-bf76fe44e37b,-26,0,-12.40846608066049,0.08637773276660185
afb08080-95b2-40d0-a747-107795812335,2025,2025-02-05,33efd80d-8446-4d83-97fc-e864b132a0c8,b6c7c93e-bdd7-4df7-b73a-c1fbe953199d,9,1,-7.2049661189266505,0.19748993496166836
c49567a9-30f8-446f-b07e-9c9c3e71ae0c,2025,2025-02-05,05005d1e-02c0-46c0-8b4d-19dc825698c0,08e7a657-2b9a-4055-beee-621379cea4b7,-10,0,0.5775627954443163,0.5350976649482247
c4b6dbeb-0f06-4982-b942-e88ac688abc6,2025,2025-02-05,d75e1814-b8c9-4246-b06c-afe60d661528,1f8df44b-d154-4a8f-8c48-32b36db0cd06,1,1,0.4429263857568852,0.54204913674486
c8ff3493-226b-47b0-b783-b1215ba91db3,2025,2025-02-05,3bc11d41-6e7a-4932-b0d5-e15a8f310406,88ae8bb6-fbd8-444d-8d22-f485d82d2e67,11,1,10.658048928107078,0.8582414447138768
d305026b-6590-4a86-9641-e2a558e83df9,2025,2025-02-05,144de2cb-963b-480b-84b4-10b39d4562ef,48dab38d-2a0b-4201-94d9-c6ffaf736974,-29,0,-23.38022274100649,0.030904089053454768
d5c79db5-8c7a-4199-bf33-c8d2e6856014,2025,2025-02-05,d52e191f-c4a5-43a8-b16a-1d87ecf7ce9d,5d005d94-2060-493e-af42-31885c78962f,-2,0,-1.8137470982295423,0.4457316561842135
e3db3d56-fe53-4f41-a460-e515f9c3bffe,2025,2025-02-05,2fa161f0-e26c-49a0-8eb0-b2810c4d4845,c9bad532-d6c4-4187-8958-37ef239495a4,-6,0,-4.91915589638235,0.30977605874939906
e9843a68-53b1-4bee-908b-7ae2a5465458,2025,2025-02-05,628efcd7-4ae6-4bba-9542-11e108d22d8d,06f12e7c-35a4-46e1-a2ed-0cacb16f9b68,5,1,-3.408187147419034,0.28398297391732963
fbcc3177-dc8b-484a-b0f6-0c7f91d8665d,2025,2025-02-05,fa6de946-411a-41ad-8bfa-6526c949108c,e6a72d83-0126-42a5-b202-cd710e233fef,15,1,13.062783676917341,0.9390569015805114
05d608c0-9d95-46ce-acef-6d6216208b2e,2025,2025-02-06,f02fe504-2b2e-4ed7-b9c5-4c7e6e224682,705e808f-a589-4af4-8baa-45ce5b2e969e,19,1,25.652605615705987,0.985866754444205
0daf34bb-c343-4503-983d-71e6b6738604,2025,2025-02-06,be9af39b-8a19-4b9d-89a3-bc6dd35defa3,185c12ee-a2a7-4588-84f2-4b4b270a75a6,-8,0,6.8007036720038405,0.788021808910779
0f62ae53-093d-4b81-8342-3d0c9843592c,2025,2025-02-06,c87682db-2ff7-4c63-9820-df6c8409d5b3,41e19184-6f6d-4838-b789-d8553db45753,-18,0,-4.88066111686665,0.30648079512725424
1010cf78-d3f3-4ad5-bd79-9681e07fe8bf,2025,2025-02-06,307416ce-030c-4156-8d62-1e2632e9e26c,a79a95b3-2101-4649-8f36-782b24edba79,-14,0,-4.989004852410307,0.4037460927987396
14337c7b-aa80-479e-9476-9f6834e808f2,2025,2025-02-06,78d97761-b499-435e-9097-b9d553f3ee67,64975048-1db2-4ded-ad28-05b8d8aa9c66,1,1,-4.010470638762023,0.3090781120739975
1796d1aa-d14a-4dd1-9c50-36869399b913,2025,2025-02-06,a870c009-c0ca-48e9-a456-1ea2b2b779ef,a564f5c9-0e8d-44c8-a75d-b3b355370dbf,-10,0,-4.519492382631586,0.3385211403864274
1fb075c6-c77c-4072-90c8-98407fb3bfcd,2025,2025-02-06,b9840fe4-f776-405a-8b8d-3c388de0792b,5896c71f-aaee-4983-9da1-2e953c561786,-3,0,-1.708340884069141,0.33437673793218814
20f40e0f-a8fb-42d5-b7d7-d199c73e9193,2025,2025-02-06,01f45e3a-e22b-4c25-b1e8-0d5ac80e6a5e,d0c9e56a-ea87-4a77-8ea1-93b43e2aa99f,3,1,8.699896207443908,0.7961848229182266
22c7569a-e9b8-45a3-947b-71ada3006a8a,2025,2025-02-06,8bbfa6f2-6178-4c2b-bf17-66fba7623c4e,5d66e35c-66aa-44ac-b72b-33066edb3e20,7,1,2.4239047018661504,0.54661073416455
29bfe089-8d3b-47f8-a34d-fbfde7b54ccc,2025,2025-02-06,12d2dbd5-0799-448a-a49a-671c218c8bbd,9ba3c8fb-1162-47a1-873e-6cf11475a094,18,1,13.695259870394445,0.9131912435064774
2d7972ef-1e71-4531-89c7-d0f6b56ff3aa,2025,2025-02-06,2389c341-a290-43f4-b0e8-08ee6a15c14c,82d0fc94-2404-4659-9764-1b8186e037b7,16,1,12.3925913601006,0.8824780143045039
2fda0668-eb41-45aa-8c78-2ad247082c94,2025,2025-02-06,a0bfc386-3dd9-4417-be3e-42f45cee6c22,bb02a3be-6beb-4745-b200-3a49f5224f0e,-8,0,-3.246411356933251,0.4186515136091919
3173ac6e-2ce4-4cfe-82b0-0b7b815ffd07,2025,2025-02-06,6578af6a-edd4-4185-82fc-cdb933362d97,d65f3ef9-cd07-4472-b901-9b3ba2b35764,37,1,12.245755484705922,0.921250619032806
3738555e-83af-40d0-8f76-74487e437d52,2025,2025-02-06,f3885a3b-f43d-45ee-96e1-f650af90dc9c,c878fb5c-c2e2-4f40-a5a0-f297cc0e51b8,7,1,5.446111051994743,0.6715231042404708
3a1c7a67-ba79-42b3-8082-77f64e73bcff,2025,2025-02-06,e1c5e9f4-197f-4a7b-b871-bdf72ca0cf3a,714115a3-e87c-4c38-be62-cfe9dada315e,4,1,10.959901216819524,0.9253324029919161
3f0aaa49-89df-4102-a572-aedbcd602f43,2025,2025-02-06,b04e184a-6805-475b-95bd-7e19d2fe95c9,6cd07c06-66e5-421d-a8d3-84cd9833bce3,12,1,6.014707052915468,0.7128068879931425
41a7a6ab-d8e8-482e-b9f5-3727dc718725,2025,2025-02-06,52aab06d-922e-4906-9dc7-3c0fe7d3e2c2,c62c317e-e0ab-4b1b-a6b9-878965985154,5,1,9.810570650780221,0.9075879977325928
42518f77-d23d-4a49-9e20-c4ea0bb62e08,2025,2025-02-06,1b9c388c-a2e4-42dd-9e21-4841ed46cf4d,83384eea-0854-4284-a875-f47d9b0c31d8,1,1,-3.379692147594628,0.3759629956095485
427d5be0-011e-4d0d-8b7c-cba60536e303,2025,2025-02-06,6f9a1a81-2dbf-490a-ba3c-8f8fadddd9d4,f5ed0adc-4078-47c4-aba0-3dd2de221774,-7,0,-2.7115453884012677,0.4090380637032364
4938e087-58ea-4869-82c7-e4f8ce4a302f,2025,2025-02-06,08b7e4ad-da8b-487e-a809-741854d1008c,c59d7c9d-7fd0-4a58-bdba-7904baeb0abd,-13,0,-2.119014465520834,0.37742606203522705
4af6850b-d1ef-4e09-8e2a-c38d2c0df340,2025,2025-02-06,8dae6732-0634-481a-90ac-d73bf6a19566,9e98a2ca-2d40-440b-b4d9-906cd168c9d7,-18,0,2.636298730540216,0.6183749914684937
57d86448-4ff6-4f3d-a512-c9cfb8bbb94a,2025,2025-02-06,a2f3412c-1391-45d6-9516-eeef28f38cff,fa3cb393-e306-4365-b4c3-b3f62a5027d3,-47,0,-18.41594960491086,0.043406122090388806
5a1996c7-5a0f-4238-8a77-31576b997d87,2025,2025-02-06,6ba99b19-8a61-49da-9325-3e04939d3d5f,3be5fa30-2fd3-4af3-bfc0-39db2dcb523e,9,1,-0.7535744447057587,0.515413090099583
60d76d4a-c42d-4b34-830a-a8cf2418a330,2025,2025-02-06,8deb21ba-48b8-491c-89ab-0b360062d211,f3afec86-2594-4158-97d1-aaac68833b8c,7,1,7.313115408902995,0.795545958639654
620c33ef-7ef8-47e4-a5f2-66e6baba98e2,2025,2025-02-06,c921ba85-0782-4ce6-80e2-44f0c43d4f16,75628733-1eec-40f9-a6cf-07501979c4b3,18,1,4.611302340359824,0.6728153149340687
624ce4bc-9857-4b29-ae69-a6008aafec4c,2025,2025-02-06,cb8412bc-37cc-43bd-b58b-a5e5956df339,5858896e-5e67-463c-a38c-c7431f157945,-7,0,-1.746406023761499,0.37295534398070695
645a7d00-7082-4e76-9008-f987189ba553,2025,2025-02-06,e4054827-709d-47e3-8f27-86b76b8f17d6,bbd86984-093a-4854-845d-01d65716f8fa,5,1,1.0724694921130717,0.4977812701517068
6ec8e102-c63a-4058-b254-829e63776d87,2025,2025-02-06,8848c09f-0c71-4cbf-9d0a-84da72f6b649,02073ad7-1bb6-47dd-a1fb-fae5e0bc2ed7,-9,0,4.953546365997716,0.6843248405603307
6eeb8077-9cf2-4db1-8815-e3498fd351c2,2025,2025-02-06,44242fcd-cd9f-43aa-afc2-5a12ea89394c,75dd9179-8700-4b34-aeaf-2cf608aec25a,16,1,2.9857824609285544,0.5589259834512271
6fc7e495-5b59-4611-bde6-1e2c19daa3de,2025,2025-02-06,195318b0-fa80-45e8-96b2-e83346e70a64,4f9d3323-4211-41f2-8211-76b7efd6246f,24,1,10.846489956107686,0.8358828470594557
70b17838-5a3f-461d-81ae-d7504533f7e4,2025,2025-02-06,81ce1538-893e-4f62-9812-5468866f484e,9007c268-37e0-4ab1-ac60-f9cdcb3a7a8f,14,1,3.431838152042911,0.6285057512269817
713abcac-dbb1-4db5-ac9e-a224848a6fac,2025,2025-02-06,829dbc21-e757-475c-ab7a-2a3172ec0683,a46fdb60-30d0-4807-a2b1-e29d8d7c22b2,21,1,11.425411175683394,0.8972356672314703
72e3e105-ef86-4463-968b-8247e604298e,2025,2025-02-06,9ba0c75f-bad2-428f-9038-d695c2385098,de50cb63-b08e-4760-ad25-62eceb6c4120,-6,0,-4.443270825166179,0.26946882158233565
76dbee1d-e4a2-427c-adbc-1f3b04187e87,2025,2025-02-06,3a2cf934-5d3b-4406-a458-0c76b7b9d65a,4a976ca8-f51c-487c-ba87-dae41ddaee24,8,1,5.9494784511277015,0.7363709982896433
7c31b8d1-e8f3-4add-bb5b-1e5b44d5b5e8,2025,2025-02-06,f9a35e93-6a9b-427a-8901-d74cf3f23676,8d515064-54c5-4eeb-a095-ad7ac6839d0c,3,1,-3.50784106775396,0.3083695759011486
7e126ad7-bd2e-4d8b-8513-f89eda7ac4ab,2025,2025-02-06,48f318bf-54e1-4e42-b6e9-47c3bdaf4fb8,ccaa9380-5136-4fd2-b639-f5f54936ac7d,-1,0,3.3684033551388644,0.6716233174310723
80e39cdc-b8a4-4005-90e7-b0393efde33e,2025,2025-02-06,51d48e8a-41da-4087-b00f-c65fc8fc1ce7,12ae7230-4fab-42c4-a7d7-88e118290c3e,-7,0,-10.708878419064717,0.1718328270389059
9be3f89a-591b-4005-8b09-4e7bd0e20215,2025,2025-02-06,b58599cb-bbcd-41e0-9746-6ce1ed5597d3,61ce5009-1768-42aa-b377-fd95cefd07af,12,1,-0.36411190237922497,0.4858522092330427
9d71141f-d7c0-47cf-aa9f-a14b2e240865,2025,2025-02-06,fb109583-87bb-40c1-a02d-7d40bcd7c52a,e383167f-2c53-465a-b2fe-0d6bd7c69b27,3,1,0.2322849502945609,0.5483714119418113
a3357778-041e-44a7-9630-63f2be001f9f,2025,2025-02-06,fd64c7b0-4a53-4590-bed6-59bbcddb0f63,ad9fa352-0a34-41df-8ad8-38855ef63d91,-9,0,0.6920521243287475,0.47384711694915094
a6a9a3a7-fa92-400f-9ec7-8129a096bb94,2025,2025-02-06,7732f0ad-152b-481b-be13-de99facad3ed,c9942b49-0bf7-4dda-bc78-bf2e3b174055,20,1,15.190583892329043,0.9462240160919397
a774a804-4875-4847-a466-62287c208075,2025,2025-02-06,391f303d-08c5-44cc-83c6-60595fc71068,223e59ef-679d-450c-a409-d6ff2a5b5cc5,8,1,3.744004952737806,0.7407583728671163
baf39692-5ccf-4966-b61b-86cd5e1568aa,2025,2025-02-06,07c201cc-5a34-4a3b-9fc9-bae4c20b7c9f,5c7c373d-1822-4c63-aa7f-64745cc99c52,3,1,18.76869160493889,0.9837596127894765
c10bfa41-1c01-4f60-b625-9c09a332ee87,2025,2025-02-06,ba18e6aa-cbe6-493b-b91d-b0c8d4e8b0fa,9c2f288e-9523-4b69-ae64-ab0876fec6a4,8,1,11.387559964119465,0.8822404965962682
c263afb4-c0e6-41f0-b824-4c67605fb117,2025,2025-02-06,2c1fdbd4-c0c7-4750-b829-f7a6b7bc5710,593820ae-e46e-43a0-a5b3-904904eb9cef,3,1,0.4536860223463611,0.4622843531659179
c2bafacd-9934-4049-ad33-588601815401,2025,2025-02-06,9c04a238-121e-47ea-a3bb-436957b78a8b,52414cfe-b45b-4eab-a88b-e509aa446dfb,5,1,-2.3230417604834104,0.480740916673075
c84f2450-dc6b-4892-9547-095f2a0b01ca,2025,2025-02-06,b0ebd027-95a6-4e7b-abfd-c26d14470857,19b01b27-3931-468b-a50c-6636aef39c7e,-17,0,-1.6974967721479195,0.4669399433837384
c96f44a5-9e4d-4a08-9fda-108b820d34eb,2025,2025-02-06,308dd2dd-d731-4927-9bf5-e8aad5900158,d2d39132-b6f8-4e0d-96d2-4e89419550fa,20,1,7.48425659011316,0.7303036059633606
d86b8702-74c3-44a7-b313-56f78b63f831,2025,2025-02-06,70746950-a861-447f-a9ba-f53e329c27c1,e732f6ff-8488-4df9-8756-f1cbcec88e33,2,1,3.2572504229890282,0.6259221456030225
de10fa85-a5b5-4ae4-9b10-83fa0f66938d,2025,2025-02-06,dd8a7533-5e77-4aee-99d0-4c56a7ff74a7,cf3707e3-2f2a-44dc-8d7a-4d16b2fe78ee,20,1,26.76587565318362,0.9851162224281693
e34d59ba-b5e5-490c-a1c8-8babb745f13c,2025,2025-02-06,cc0e2cc0-da4b-4021-8739-c0e7e235467b,7bc45016-4549-4672-9453-69c2a81aa576,14,1,5.230939722678088,0.6833599247843957
e4da6213-8915-49a5-b8fb-388119fb408f,2025,2025-02-06,aecf6cf2-725b-4450-9b49-8491e6a4ee0f,5c86ee1e-ee35-4d51-bc08-bbca68bc90f1,-9,0,-11.391322734685218,0.23825234767774306
e63481d8-e13a-42d3-97ba-2e073927c960,2025,2025-02-06,8e9b7d4d-1baa-4d3d-bb10-8950f4133b30,f1e9470d-a3c7-4ef1-8583-6bb917490ac3,-3,0,14.381684445072432,0.9074557756714313
f0f9d41b-62b8-4855-bafa-7424d61026d9,2025,2025-02-06,bfd9aeef-b698-4868-8a44-436dd23e4ae1,f89aec4b-36dc-4a40-a634-a744d4d646a2,-6,0,-3.936598499467251,0.3351726971621178
f1d86be6-56a0-4427-80ce-41bce8ff6645,2025,2025-02-06,c333af2f-2819-4e30-8541-dbb64eb01cbd,871751b8-eb3a-4919-bc58-ab82887e29c6,3,1,10.472825896358104,0.847367144147608
f3a6e3eb-b17b-4192-b0c5-4ebcd7bb43dd,2025,2025-02-06,14a1f904-5f97-4e98-885e-5d6c4f102ea6,85708ae1-7d66-437a-9d70-bcb680bdfa86,-5,0,10.749224725849446,0.8380247845951914
f6b733cd-aaf6-4dc9-881f-651756cc124d,2025,2025-02-06,c90512ea-4ed0-469e-a936-7935ade0caf0,d894373b-dca9-4d1f-a9c9-a123f8c1b600,21,1,14.160059073327542,0.8970132475880661
0b736d2b-ac9d-4120-8cd9-6b8926545f39,2025,2025-02-07,e66c14f4-c6eb-48be-8caf-0deb5a03ec15,6a154b5a-b7dc-4299-86a1-c9ecd354b8c2,-2,0,-6.615671658840711,0.2690202728400269
5b658842-4e57-41f6-a9ce-97533a8b1802,2025,2025-02-07,7c82650d-eccf-476a-b85d-69a73b6b7f8b,0420bfac-8b45-41ad-b228-89893a037d4a,-8,0,-14.650860857807473,0.07261088153837061
6f35a647-00ee-41a0-ba39-060f617ada75,2025,2025-02-07,f9261c55-02c0-49db-9993-f5d64a97b21e,cc4cdd9c-0563-41d0-bbb7-29b825db8e55,-6,0,-2.6889241443432765,0.37630649286617374
7dc89085-15eb-4078-a33d-c3e0ba41d0f2,2025,2025-02-07,1799ef2d-85d7-4ba9-8048-33b1956ab3db,3c9cd500-c6f0-4eca-b722-405eefd74003,13,1,6.582978055832199,0.7359839553544781
8e92e607-80e4-4141-94f9-1bf86303bef7,2025,2025-02-07,829dbc21-e757-475c-ab7a-2a3172ec0683,a46fdb60-30d0-4807-a2b1-e29d8d7c22b2,21,1,10.257193654691047,0.8964631525827956
90ac0e7b-06fe-41f5-bbdc-6d19cb8dff57,2025,2025-02-07,cd6bef67-d192-4740-b7be-731c52686c54,a2a4c8c1-e611-4717-92f2-fccc9217a883,-5,0,-2.1504469303604905,0.49745402420162443
ab261652-493a-488f-b7e5-240ca31757d6,2025,2025-02-07,7e01ae0c-d2c7-4d9c-beea-2da953b4c037,6f7ff858-33b4-4d3b-b960-8a750dbe33a1,27,1,14.117113628453826,0.9297326074671908
b5040fc6-c7cf-4e5a-902d-8c353db33eb1,2025,2025-02-07,9df3af06-d207-48e8-a010-41797b070072,be595032-d4ed-4bea-95de-22a18feb02c7,18,1,6.59438523974126,0.8425590784237847
016972bd-7462-4289-a64e-bf23cca07279,2025,2025-02-08,fd64c7b0-4a53-4590-bed6-59bbcddb0f63,51d48e8a-41da-4087-b00f-c65fc8fc1ce7,-5,0,12.167098387921815,0.9529303831264314
03510862-cee9-4b4f-8851-b9aec92b51a7,2025,2025-02-08,d1dca835-9ba3-4f00-89e0-533fcfd2b27f,42a1b5ec-9263-4e7a-8f55-df64f85505e6,3,1,-0.5473956217054662,0.4528048270956359
03c2d547-4eb6-4b30-85ce-c89cb0171942,2025,2025-02-08,e383167f-2c53-465a-b2fe-0d6bd7c69b27,5896c71f-aaee-4983-9da1-2e953c561786,-4,0,-0.5810349789273185,0.549680516394134
05a1ea13-67d7-4c33-a64b-04a6c9291b18,2025,2025-02-08,27bf19a7-be0b-4fa0-8dac-8d9b7df5f363,f829b41d-4185-4fb9-98e0-bd7bd9b6bd7d,-11,0,-6.716845254251026,0.2305803919473578
06aa190d-d386-45d3-802a-64fb9aa46d40,2025,2025-02-08,d756733f-2d8f-4ed6-8b7f-dc7804a270af,d26d7563-983a-4b9f-bf04-fa2777e0beb0,1,1,5.201075961803339,0.7636287080842654
06f84b03-7aaf-4b06-ade4-f58ea3d36b8d,2025,2025-02-08,77bcefa1-a18f-4280-a5c9-2d1573b78e0a,6628afb6-e6fd-4d7f-be94-a19527da56fa,-13,0,-5.961148586613524,0.2749915219040657
095c780c-c505-4c26-bfc5-9a59d943032d,2025,2025-02-08,07c201cc-5a34-4a3b-9fc9-bae4c20b7c9f,75628733-1eec-40f9-a6cf-07501979c4b3,5,1,6.967270852854353,0.8063795140769918
0976ba01-8cbe-40d3-a9a4-0f851f346713,2025,2025-02-08,9123b907-3559-421d-be7d-7e238eb0c266,6bc97d46-dcb6-4437-a79f-2d351169817d,13,1,-2.034430144458212,0.3771363512123578
0aaf3765-2dc2-4741-ba6f-a98e0968d168,2025,2025-02-08,7f0a740b-2a56-4bec-87c8-7bf2baf05d58,03e9598c-4271-4840-ae88-7c7c36f2b10e,23,1,15.345223646434686,0.9459587120930987
0b6d71f6-c1f3-41c4-ac62-99cee77a911b,2025,2025-02-08,a67d2a73-fb71-42b8-97b7-9b72a49efc06,3027d417-64d5-4892-a6c3-c77edfaff436,8,1,-2.183755943384444,0.35129768274852236
0e16297a-634d-41c7-8f45-05585912c782,2025,2025-02-08,d9fdf72a-562e-4e19-ba2f-faa3de20ace5,0f0ea376-1ea4-4b1f-9a4f-e7301a0318a4,11,1,5.510737082661942,0.7365876331144984
107d429a-d3ec-4c0e-a9f7-d1e964bd16ae,2025,2025-02-08,861b8733-b443-47d5-9c5e-f56373a8fb9c,b67edcbb-77d5-4a29-aa67-e1733b9a001a,20,1,1.9077667956058144,0.6391351776570513
12cc5a3c-7fea-4b0d-b750-3db059a05f43,2025,2025-02-08,aecf6cf2-725b-4450-9b49-8491e6a4ee0f,9e98a2ca-2d40-440b-b4d9-906cd168c9d7,-25,0,-8.807466024718723,0.1637027993221261
169646a3-d7cb-4538-98c4-26920e34111c,2025,2025-02-08,06f12e7c-35a4-46e1-a2ed-0cacb16f9b68,14b85f13-07f7-4bd1-8f5f-32720dbe1c9e,13,1,-3.5648448434218913,0.36177996065280893
17e02b9e-e051-4111-971d-a90dae77fd36,2025,2025-02-08,a7689181-61c1-492f-83e6-a64bca6e04f9,8226bdf0-6c2b-4e2b-841d-e2a01a5e5145,-18,0,0.3375852645633171,0.5267137141972285
1800e7a8-f592-469f-a63f-b71263cf1276,2025,2025-02-08,f239ac13-f7a1-4acf-90a5-3cf4c6fd3355,02361e70-3d89-4b56-8d25-73ea2ee389ef,9,1,3.605557457830945,0.5949713117054534
1823a66e-baf1-4617-974e-04589c55a9b2,2025,2025-02-08,416d2dd1-15bd-48e9-82e6-9277c0ab829c,58fdb1cf-11b4-437d-a338-e497be161811,13,1,8.708444918979426,0.8155396829751552
1a14914d-aaf2-43f0-97d3-bb1e7455b929,2025,2025-02-08,24cced85-1369-4dbe-8abf-92fb8d456618,af997d63-624d-40db-bffd-18de780e2f59,-26,0,1.3132434953970105,0.5317399035531489
1a364cd5-0450-4035-8e57-a468080f18ed,2025,2025-02-08,325d11bf-595b-429a-8342-97fe68b1a3cc,37d0bfe1-4a78-4810-9371-3268e54026d2,3,1,-2.6566712904139536,0.37591717126536095
1d1f024c-ecf4-4338-990f-6d9f47d4e820,2025,2025-02-08,7cf9cb31-3bfd-486a-90fa-8fa6f3bb44a1,a6dd499a-eb6b-4f8e-9094-d8eb96b3547a,-13,0,-9.208686185887588,0.1880135376822366
21783015-92e4-4276-acdf-67100b911798,2025,2025-02-08,a1594c03-e784-493e-8435-66f585997595,17e47b02-02b2-4bbb-a838-a4695fbc099b,12,1,7.268205522046969,0.748120254139418
25578912-62db-41dd-bc03-6e56897908bc,2025,2025-02-08,e6a72d83-0126-42a5-b202-cd710e233fef,02073ad7-1bb6-47dd-a1fb-fae5e0bc2ed7,-15,0,-1.7870357145216567,0.4549371747934838
25d545c1-7927-4e5b-bb9f-4124992bea44,2025,2025-02-08,c7e47abb-629e-4b69-8d41-c87333fbe6b4,b8772a3e-c4fb-4396-8eb8-b30c8a36abb7,17,1,6.923669189588133,0.7356922539521293
266ffb25-db74-4db4-b21d-7a78f7cf3873,2025,2025-02-08,17dd690c-8f33-4c2e-94ef-326bf0628517,af50adaf-e9ac-42bd-a6a9-7ae8e4dc4a8b,2,1,7.734527094685641,0.8328078240611753
2837da25-9812-47b1-85c3-139a89593732,2025,2025-02-08,41ff62eb-8cb9-4e63-9c2f-50989d3e65c1,0b297e0e-e039-449d-b07f-f8e1ae96e3db,-2,0,-7.756480100290923,0.2086505442131203
2f9cc014-ab63-432e-9751-89746e4e2655,2025,2025-02-08,f1e9470d-a3c7-4ef1-8583-6bb917490ac3,a79a95b3-2101-4649-8f36-782b24edba79,-14,0,-3.7124590352551072,0.3919127336897633
339be31c-4f69-4dcb-a5a0-e46b0af0b9e8,2025,2025-02-08,821de2da-b464-49f2-aeb1-293e7aedd6de,b31c989d-1667-4be6-8a91-193cda486b3f,14,1,8.760108977451893,0.8072929631960375
374a53a5-486c-43db-b221-634a0e539c13,2025,2025-02-08,031d384c-ac9d-469a-985f-3214f2b9972b,9b729374-1ae8-46e9-bfe6-2348cf00056a,18,1,10.898889369588119,0.8268394064922224
3899c5d4-cb10-43b7-98bc-8b3443c22c0b,2025,2025-02-08,f4598131-de83-4e8d-b7cf-dc008ccca8aa,7732f0ad-152b-481b-be13-de99facad3ed,-18,0,-2.0571870206291196,0.49331140637175147
3acdf8c3-75d7-48bd-8865-bb5ba2c92529,2025,2025-02-08,12d2dbd5-0799-448a-a49a-671c218c8bbd,ccaa9380-5136-4fd2-b639-f5f54936ac7d,8,1,8.229021699386534,0.7824067649403997
3b9bcbcf-3473-49dc-b04a-e0ae7476ee3c,2025,2025-02-08,641dc594-03c5-4ae6-8564-0ccb3c8edc77,0562b0a8-dbba-404d-9aa5-930ebe50c9b3,-3,0,4.432090832496512,0.7022295809483722
3c1520a0-4c97-4145-a4b4-81fe0f1c6ef2,2025,2025-02-08,6fd295ef-9c37-4478-af91-536cbf316358,22865798-3256-425e-8eb5-60e1edf9403f,-5,0,1.1331496759688304,0.5390402154518356
42273735-2291-4b87-ad41-72eb6a07d45d,2025,2025-02-08,ad9fa352-0a34-41df-8ad8-38855ef63d91,52414cfe-b45b-4eab-a88b-e509aa446dfb,-9,0,0.615365100743288,0.5548682164855205
44b21dec-5ae7-4214-9c5c-a58453f8585a,2025,2025-02-08,1835c2ee-1e17-4d18-9ab8-a1bb3678b947,469778d6-39b3-4cd1-8bf4-f40903d78c5d,7,1,0.42023297424525086,0.44688084573080583
464825ec-504f-478a-8882-345d2146f0ea,2025,2025-02-08,f3885a3b-f43d-45ee-96e1-f650af90dc9c,8dae6732-0634-481a-90ac-d73bf6a19566,-14,0,-3.422582508930532,0.3287716422554355
4863aafd-3017-4821-ba80-dfdb7a65bc09,2025,2025-02-08,c4972de1-bfaa-4820-893c-10adf1095f0a,dc7ff97c-c617-4dcd-89fe-5e702fd03890,-2,0,6.790261133595108,0.6958665373236818
48bfda1f-e44e-492d-99e4-b8c8a0db6370,2025,2025-02-08,5ea1ef3c-5f24-4989-854e-a24a9e31ac74,50ac73d5-f2f3-4160-add7-d0993eec32cf,-11,0,-4.476661361013573,0.30673579931861056
49780fb3-b1fd-4469-8b1b-c17e9169301c,2025,2025-02-08,5f1bdada-9e34-442e-b575-0b6a9114f1ae,f8ed9667-67c8-4fc7-a946-d81c4cbe8fed,14,1,13.235676796681062,0.9277121398404042
4c78be7c-963e-4b4b-8885-f05262eb71cf,2025,2025-02-08,cf3707e3-2f2a-44dc-8d7a-4d16b2fe78ee,78d97761-b499-435e-9097-b9d553f3ee67,-6,0,-5.911265347640366,0.27834335162734575
4f20ad7c-1be9-474a-b7db-371bbf34f89c,2025,2025-02-08,02ee8976-6844-4a27-9f72-aca9acf8f5d0,241f50fd-2121-4b74-abd9-2ddb98d74a2e,15,1,12.718403002723479,0.9422948899328152
52b58f86-2d05-441a-aec8-4b68c872c6d8,2025,2025-02-08,c4101885-e600-4596-80ff-bc637c56221d,46f85354-63b8-4744-8b13-341ea0a30c2a,5,1,6.6708782638777375,0.7125837669399939
52e0856d-ed6a-4212-aedc-3ddda75c1a30,2025,2025-02-08,2de57d84-8b9d-4def-9a66-315270ea5d18,ba87013c-8cb8-41eb-95fb-16991c536506,-18,0,-8.96911647467186,0.178379139783554
55b72ad0-7e3d-45ce-903e-da5565ca1d28,2025,2025-02-08,8e9b7d4d-1baa-4d3d-bb10-8950f4133b30,19313cd7-ad44-47d9-a9ef-b9e0c7238466,14,1,-1.2800496990152896,0.45883104098334887
57158cc3-cf83-4d13-841b-c711cf3a5438,2025,2025-02-08,3ed32cdb-d2a0-473e-9db0-fd63aaf9013b,9fb181a8-2807-4e27-9442-8e09de6c9575,6,1,3.3736750686484345,0.6474587101796303
590cb294-2816-4984-92e2-a20ea532c6c2,2025,2025-02-08,326d518f-eb6a-47aa-9739-13bc340a9a3c,46a5f9e6-fe34-4ea4-867d-ba4e31297465,16,1,9.311884881219836,0.8795743887272072
59393374-3c55-45de-8d86-6648024f577a,2025,2025-02-08,0f0aab5c-26db-447a-b6b5-a264da5b140a,5d005d94-2060-493e-af42-31885c78962f,3,1,8.389712419374993,0.7950496503005944
5cfc243a-93a8-4697-8530-dc1832440bb7,2025,2025-02-08,cb8412bc-37cc-43bd-b58b-a5e5956df339,75dd9179-8700-4b34-aeaf-2cf608aec25a,-3,0,-6.689119254868336,0.289577037091727
5e7f1d54-01e7-4ba8-bf33-405464462671,2025,2025-02-08,c504f52c-c325-424d-ae65-da37bf8e5820,4edc5314-8f1f-46cf-90fe-fc3094be42cf,1,1,4.0133009698943924,0.6399056178695813
5f8308fa-0f7f-48a8-9792-98ad69b32b9a,2025,2025-02-08,2a57c531-b461-42be-bbd4-b080f188a160,6e056aa7-1906-4546-b6db-5910356fee72,-3,0,-1.7067751618879745,0.40590586743587104
635b3256-80c1-457a-9b80-fff7aeb1a12b,2025,2025-02-08,91e8763b-21ee-4929-ab39-6a46d1d62e33,17900399-e4eb-42bb-81ed-06f5be1309b7,20,1,7.122548354662549,0.7588714600710212
64972768-6a22-429d-8f72-77ca9c67c3bc,2025,2025-02-08,de50cb63-b08e-4760-ad25-62eceb6c4120,82d0fc94-2404-4659-9764-1b8186e037b7,4,1,9.979710543486922,0.8891675815259965
659b994a-4fa3-4b6c-8bd6-325d7d98a17d,2025,2025-02-08,e4054827-709d-47e3-8f27-86b76b8f17d6,185c12ee-a2a7-4588-84f2-4b4b270a75a6,-3,0,-0.8950733200202307,0.4730186642519977
68c09c36-6bff-443a-a9c1-9b87b5fde9e4,2025,2025-02-08,c91670da-50fe-4e29-9e0d-e0a2d01897cf,05005d1e-02c0-46c0-8b4d-19dc825698c0,15,1,8.443614296830894,0.8235684073194688
68ccdfbf-8921-456a-a749-a0b3d14c0e42,2025,2025-02-08,904ecc4d-857b-4150-b986-50e605d84b61,68a583e2-b11a-4a35-b102-095903fabdd8,-2,0,-1.8980181211724538,0.37241622571075644
6cf9f883-cbf6-450f-96cf-4113a8889824,2025,2025-02-08,a6332591-4e2b-4b84-82bb-debc57b8b614,b0e26736-fae2-4d59-85cd-4b5243f23c8e,14,1,-4.122850998775584,0.38019034673344904
6eb3b339-04fb-492e-a36d-851a53fc4939,2025,2025-02-08,8deb21ba-48b8-491c-89ab-0b360062d211,9007c268-37e0-4ab1-ac60-f9cdcb3a7a8f,-1,0,1.6798922137588326,0.5739509778066786
6f653574-bfe8-4efc-a4de-faf2626a2b7c,2025,2025-02-08,050cf087-6e1b-42ef-84fe-368ac1929774,a5ebc512-a148-4140-b60c-147132b3097c,5,1,-3.9234620060393772,0.29598363007892736
73a339e0-e150-414e-bede-9cd35ef16d98,2025,2025-02-08,c514a4b8-22c2-44f6-a118-250ae80751b0,4926f0f3-ac12-4ca0-9cbf-eb99f9aafb78,4,1,6.70616205288659,0.7560680023153413
74dcacc5-5a84-414d-a6ec-7ecefbcc07dd,2025,2025-02-08,c9942b49-0bf7-4dda-bc78-bf2e3b174055,9ba0c75f-bad2-428f-9038-d695c2385098,5,1,7.074582906639977,0.748679736518715
7b389d9a-639a-4faf-90cf-18282e5b70cc,2025,2025-02-08,0485ce67-c9b0-4725-be73-d3185a14e575,5858896e-5e67-463c-a38c-c7431f157945,-1,0,-5.24730907547082,0.2997061322892876
7cae6f31-ff9b-43ad-a060-65d4ade81cc6,2025,2025-02-08,a0bfc386-3dd9-4417-be3e-42f45cee6c22,f02fe504-2b2e-4ed7-b9c5-4c7e6e224682,-1,0,-10.201490190100447,0.157176052297176
800c477b-a7a8-406a-baea-23c6add2f4a7,2025,2025-02-08,c333af2f-2819-4e30-8541-dbb64eb01cbd,f89aec4b-36dc-4a40-a634-a744d4d646a2,11,1,2.6156424320144547,0.5803130385757446
81b7de0a-aab1-4696-9d06-ce3d43ad90af,2025,2025-02-08,01f45e3a-e22b-4c25-b1e8-0d5ac80e6a5e,f5ed0adc-4078-47c4-aba0-3dd2de221774,5,1,-2.330816211460818,0.42294731260057755
81f0bf3b-d639-464e-82d9-b43730ee1707,2025,2025-02-08,b24e3987-105a-4e03-8184-b15b2947a98c,e6431705-05f1-4df2-9721-8369a3a493dd,4,1,7.246881834133319,0.7880301237808498
82644bf6-896d-4c41-9354-4d6ce059777b,2025,2025-02-08,be9af39b-8a19-4b9d-89a3-bc6dd35defa3,bbd86984-093a-4854-845d-01d65716f8fa,7,1,7.829060268066359,0.8079911762067657
83c9835d-3abe-47f5-b83a-a8aca25139b4,2025,2025-02-08,85708ae1-7d66-437a-9d70-bcb680bdfa86,b704622d-2904-4237-b9a0-a9865096fefd,-6,0,-0.4325000278014196,0.5249536384616501
8a7b0002-b311-4aa5-8487-a6c06d02c8d9,2025,2025-02-08,7a78a9a6-0d5b-4fae-8fb4-98bc816ed903,f63b8169-081a-49c5-8b53-2f7b3e524fb8,-35,0,-21.822548079603234,0.023865322229681993
8a85544c-ef48-42f8-aa86-c89f1894af3f,2025,2025-02-08,fa3cb393-e306-4365-b4c3-b3f62a5027d3,e732f6ff-8488-4df9-8756-f1cbcec88e33,23,1,21.36892719604183,0.9903706937763326
8b5110c1-952a-41fa-b16e-7c6817c4e05e,2025,2025-02-08,88ae8bb6-fbd8-444d-8d22-f485d82d2e67,000d55e3-3608-43be-aebb-6926cbe6b7b5,-10,0,-8.867916413212253,0.1372385315221076
8cd93977-af77-40d8-b3cb-331276ccd9f2,2025,2025-02-08,983c0982-0fb8-45e4-829e-306cf787ba2e,a7fd1d4d-445e-4899-9731-00f7bff74284,-1,0,3.2884105993734307,0.6429334397387164
90abd2f1-8259-4cc6-88c2-dd6facf8846f,2025,2025-02-08,231d7720-fba0-4331-b1da-8412227395f7,36b120f2-51ac-4dec-94ea-549d266507b5,14,1,8.075824992613423,0.8016078019051436
96fe83c2-ab11-4028-af1f-04b4a46e74d5,2025,2025-02-08,f0489380-9e3d-4613-ab85-fc32d9368997,4b7b8cc0-eb4b-40bd-a9b7-958fbe20894d,7,1,2.168418973300136,0.5767783628627294
9816da90-98dc-4aec-9ffb-af44859bbfbe,2025,2025-02-08,69293aea-705f-44e4-81db-36e52bcb1813,1f8df44b-d154-4a8f-8c48-32b36db0cd06,15,1,12.50945166538843,0.8734794990651544
98cfa79c-ff92-45a6-9049-65b306be5e7d,2025,2025-02-08,6cd07c06-66e5-421d-a8d3-84cd9833bce3,cc0e2cc0-da4b-4021-8739-c0e7e235467b,2,1,-2.5692547312842198,0.3305358886476885
9e204d90-a32a-4d2f-ba2c-6cf7a9506a1a,2025,2025-02-08,308dd2dd-d731-4927-9bf5-e8aad5900158,a564f5c9-0e8d-44c8-a75d-b3b355370dbf,-2,0,-2.7222646367330947,0.3627983103604637
9ee73f6f-f348-490c-8aa3-72aabe247661,2025,2025-02-08,0a4ebb69-d8f5-4c7e-a7bf-b7ce3968f57a,daea7f8b-7386-4fa6-8921-870a3e848b4a,10,1,4.863103722204787,0.7036299114121285
a39bc72e-b6f5-4422-a46d-1b93042812bb,2025,2025-02-08,48f318bf-54e1-4e42-b6e9-47c3bdaf4fb8,9ba3c8fb-1162-47a1-873e-6cf11475a094,11,1,8.117803409133911,0.7850640657923428
a62fd59f-e86a-476b-8c10-42c7d9567780,2025,2025-02-08,78926156-3797-4ad3-aa39-fff13a311d02,48dab38d-2a0b-4201-94d9-c6ffaf736974,6,1,-10.650413021245242,0.1203672030185128
a6b69976-748a-4d4d-a826-06f287fa5ba2,2025,2025-02-08,705e808f-a589-4af4-8baa-45ce5b2e969e,bb02a3be-6beb-4745-b200-3a49f5224f0e,-16,0,-7.3770595370030465,0.1881333514203835
a8efc669-ec6f-47a2-ab10-bb7ca40825bb,2025,2025-02-08,b58599cb-bbcd-41e0-9746-6ce1ed5597d3,14a1f904-5f97-4e98-885e-5d6c4f102ea6,-7,0,-6.186507697488321,0.25530803053106577
aa446341-95ed-4f1d-a5f7-228a782c0a47,2025,2025-02-08,fe967dc0-fdb0-46b0-9629-0fd108949abe,483b9ce0-4c9d-43d0-979d-831c7298213f,13,1,18.912757031886564,0.9809963092138323
acc6802f-425c-4425-932e-f267b8a1074d,2025,2025-02-08,144de2cb-963b-480b-84b4-10b39d4562ef,8bdfa757-6fe1-4ee1-a1c5-279e7f35fa1e,9,1,6.777036467913806,0.7646867516181741
adc74c0c-e2d3-4894-abb9-9fec31718012,2025,2025-02-08,3dd34e3a-6cf5-419c-8042-503af5d36e7e,026ac097-d80f-48f3-80e4-e6ae2b9ee383,4,1,16.67761754680419,0.9663280130232839
b00b5a08-5209-4fbc-9f9b-07130949b205,2025,2025-02-08,8bbfa6f2-6178-4c2b-bf17-66fba7623c4e,ba18e6aa-cbe6-493b-b91d-b0c8d4e8b0fa,-12,0,-4.536772458810364,0.2912226427119552
b46ce7c3-cce0-4e77-8958-0b81f5d14e3c,2025,2025-02-08,70746950-a861-447f-a9ba-f53e329c27c1,dd8a7533-5e77-4aee-99d0-4c56a7ff74a7,-17,0,-22.912309892217294,0.03488498063522006
b665cd75-574c-4e25-a6f1-de305e74a4f4,2025,2025-02-08,bf32f747-5e9d-417d-890c-89407933c4c6,60adcfeb-0ca6-456b-b51b-d8d3a324c55d,6,1,-2.4647603698069904,0.37094235048813523
b6719896-46bb-41c8-b164-860033a3dd05,2025,2025-02-08,58d76bcb-6251-4be3-9fce-6e748e521d87,46671d80-ebfc-4f9a-8eae-19249794115f,-2,0,-2.4630244809173676,0.41202329723429315
b78f9dc9-e72a-4b51-b0c9-5fe53e64a05f,2025,2025-02-08,31a5142f-21b1-4d3a-87fa-d39f7746b7a8,e20e16ce-0f28-40e0-afe1-5492395d5e53,24,1,11.522785669976017,0.8654524536024703
bb370258-a541-4f6f-aead-a3f98f5bf4ea,2025,2025-02-08,cabaff64-a388-4861-9374-977555d19efb,8fdfa7ed-88da-45ac-9520-9a9e9fbe2586,-10,0,-2.3154636687266845,0.5057649679519938
bb3f0096-77b0-42de-905b-46d904d60dc2,2025,2025-02-08,195318b0-fa80-45e8-96b2-e83346e70a64,593820ae-e46e-43a0-a5b3-904904eb9cef,3,1,11.680640379582906,0.9488301098808654
c4adb676-e0c7-4d0c-a4bd-62327a26bace,2025,2025-02-08,88e83e71-3235-4c21-85a8-da368f34e5fd,7e838ebf-74ed-42de-9f2e-d8057aa77de5,-11,0,-6.259554616006272,0.27457882820216983
c98d6069-35cb-4592-b240-e84ee61c64b3,2025,2025-02-08,ac42cc2e-26ce-4ace-8d1f-28d21a1c77b2,b6c7c93e-bdd7-4df7-b73a-c1fbe953199d,-21,0,-8.44998371501047,0.1935936386500249
cbc0e588-d07c-4454-b324-c8ca6ff00b90,2025,2025-02-08,ab7c4477-bd9f-4098-989f-243e41356323,41e19184-6f6d-4838-b789-d8553db45753,-14,0,-1.8104684851046104,0.3660907136526194
cf9b13a6-939c-42b5-8c35-5792656206ec,2025,2025-02-08,375d7498-7795-4ff1-bcf0-e13cdaccd9e5,cb86bdfe-2665-485f-9a44-846b23bdb2c3,-13,0,2.245097312914037,0.5591241464381506
d00a80cd-0dd8-4165-88d3-10488691053e,2025,2025-02-08,47b99bcc-2f9a-41d7-8d7c-3f9e93809210,628efcd7-4ae6-4bba-9542-11e108d22d8d,11,1,11.592560260829634,0.8609846676852343
d362b4e9-b887-49f8-961c-57ae9da8ecc2,2025,2025-02-08,63da3cbd-f74e-4ba0-8273-8bca25a54f73,b21fc872-90f0-43b9-a07f-97e7531c8898,14,1,3.271603496656438,0.6327304412211723
d645e455-03d4-41a7-9bd2-2bbb20ebfa93,2025,2025-02-08,bfd9aeef-b698-4868-8a44-436dd23e4ae1,871751b8-eb3a-4919-bc58-ab82887e29c6,11,1,3.6323273091495256,0.6773791262028277
d8d3cea9-1ebd-4823-a2be-316b68ee57b5,2025,2025-02-08,ed973a10-a469-4337-9742-eed664c61168,d52e191f-c4a5-43a8-b16a-1d87ecf7ce9d,12,1,4.112982041843162,0.6698000198372919
dbb7c0dd-0113-495f-8e24-959433705cbb,2025,2025-02-08,f2fcffd8-915c-4fdb-a632-8b5b621bc999,31a68979-4cbf-4e59-be9e-82043f581ff6,30,1,13.195951564300362,0.9228815254053563
dbe1b648-0237-412e-ab2a-81bf6f366aa4,2025,2025-02-08,dbd1798b-2cf1-49c5-9f33-caefec39594e,4319d016-ec3c-434b-9398-c88b1bfab01e,-10,0,4.545207467701729,0.6666315043163363
df70dbb4-f95b-4aad-8bee-6ca803c2061e,2025,2025-02-08,ad36d475-e577-4c2f-b8db-b2d47d1fab15,7bc45016-4549-4672-9453-69c2a81aa576,1,1,1.5275781210331139,0.5987017800853933
e0edc2ac-48eb-4307-8f09-c2459d4c0b4a,2025,2025-02-08,c90512ea-4ed0-469e-a936-7935ade0caf0,d65f3ef9-cd07-4472-b901-9b3ba2b35764,25,1,18.89988899595529,0.9625021250652456
e535045a-4c92-45f0-bce7-026053f56f5a,2025,2025-02-08,88c5646c-b1a9-42f6-999b-56d8198e37ea,fa6de946-411a-41ad-8bfa-6526c949108c,-5,0,-4.654500095959248,0.33618153283895724
e9fbc284-5b7c-4353-9ade-a3eb7b712735,2025,2025-02-08,2c1fdbd4-c0c7-4750-b829-f7a6b7bc5710,4f9d3323-4211-41f2-8211-76b7efd6246f,-11,0,-4.52396323309649,0.35304081716218483
edd91a31-6722-4f10-8e3b-6ffe4333ca69,2025,2025-02-08,ddb253d9-6526-4c32-a7a2-4462d6abe45c,6dcee41c-8ef7-4afd-aa5e-6e7fa77886e0,-10,0,-17.44193622802385,0.031468654122401386
ee51f76d-8e75-4aa1-805d-651002a76386,2025,2025-02-08,223e59ef-679d-450c-a409-d6ff2a5b5cc5,2866b25a-1e5a-42be-8763-ad87278ec1d9,-7,0,6.815230674875699,0.7076853378642434
eff2b22f-4ca1-424b-9229-08eff154c6fb,2025,2025-02-08,9f7dac5e-38e1-4e63-9e50-e6b0d822fddf,ae911605-551a-46eb-aef9-06f9a60479c9,-3,0,-6.589969933523789,0.22604683659186153
f372f12c-0060-48a5-bc6a-963a8d2b3e36,2025,2025-02-08,eb0507e2-4c2c-4860-ba0c-7a0a815425fe,4b6cd009-754d-44ee-9433-124bad801b02,10,1,6.429087983621113,0.8064755687398962
f52a1c9e-0530-4437-a096-7ea27d94b053,2025,2025-02-08,b0ebd027-95a6-4e7b-abfd-c26d14470857,52355b41-c560-4fd9-b83e-3bec2763822d,5,1,2.187275026894144,0.5930839777964455
f555e8a9-d606-41f5-aee0-e56fcbdc7726,2025,2025-02-08,a870c009-c0ca-48e9-a456-1ea2b2b779ef,d2d39132-b6f8-4e0d-96d2-4e89419550fa,10,1,4.007718282419254,0.6427933939271527
f937f93b-fe39-4f0b-bb06-f6a946deb05f,2025,2025-02-08,bd53017b-0998-4291-a0d1-1c9f45306402,391f303d-08c5-44cc-83c6-60595fc71068,4,1,15.68495818322043,0.9327526321745393
f9b32622-13e0-4d56-b053-eaea0e420999,2025,2025-02-08,c6cabd85-4834-4f62-94ab-57143286b512,76eb53c2-0367-4d59-b619-799a7aea658b,-1,0,2.243037533000851,0.5651909942977613
fbeb42f0-6b92-42d1-8fe4-102996c3f92d,2025,2025-02-08,4a976ca8-f51c-487c-ba87-dae41ddaee24,35163246-626a-4e63-899d-7a3798e88277,1,1,7.743099642709959,0.7914456974088937
fc114dd0-b5ef-4310-9c93-c8d9609c1f58,2025,2025-02-08,6f9a1a81-2dbf-490a-ba3c-8f8fadddd9d4,d0c9e56a-ea87-4a77-8ea1-93b43e2aa99f,2,1,7.676076284097256,0.7698691481946608
157fe6e4-3449-44c7-a066-f181fd658783,2025,2025-02-09,c75216c6-4563-402a-b8d6-b8434793ea38,8a391aff-89a4-4586-9d57-71299178703c,13,1,0.8223929948435774,0.5548197296399947
1da643f2-425c-4a4d-afde-d5a4b74a6b8c,2025,2025-02-09,07b4923a-16cd-4490-8ae5-d61599212ab1,c7345766-a5fd-40e1-9757-26d62af0b9af,12,1,0.1112624205221562,0.5109843289583867
2716f146-046f-42d4-814d-cbc4ab3fa9da,2025,2025-02-09,8d515064-54c5-4eeb-a095-ad7ac6839d0c,33efd80d-8446-4d83-97fc-e864b132a0c8,9,1,14.36578516885015,0.9289182831750307
3e691a81-67d7-45ab-b96f-b75cb0f440bb,2025,2025-02-09,935d92c1-aca9-4b21-9e0d-b6c396fb067c,ff2fa864-282d-4503-9a88-8c10619b0e3d,-10,0,5.773292251380537,0.7928963794353826
49baade9-3d0d-445e-8fd0-6316129cfd12,2025,2025-02-09,66244ae3-7fd6-49a7-9304-4ae41bea9ab3,d915e7c4-a333-4d6f-9c21-5904d58e75bd,-23,0,-1.5472076495523466,0.43842752812754315
84c0d7e5-4f3b-40d2-b731-5a41361ce5de,2025,2025-02-09,de0352b5-4ae9-49af-a027-b0dc86a005da,3be5fa30-2fd3-4af3-bfc0-39db2dcb523e,8,1,9.774200883328199,0.8734879755483139
cbd78861-c54d-462b-80b2-c64a90bad571,2025,2025-02-09,6ba99b19-8a61-49da-9325-3e04939d3d5f,571d2904-70d9-4de6-abfb-1d716ba43f0b,-5,0,-6.699078276322746,0.2829599420329496
fd6f391e-77e2-418a-bd0c-18523fb4cdb2,2025,2025-02-09,ce88cc81-96d4-48c0-ad06-ee0c2d3d7663,f9a35e93-6a9b-427a-8901-d74cf3f23676,8,1,0.3250005214613929,0.518337382172518
152087fe-9e89-4c6d-93bd-61c7e4ab39a4,2025,2025-02-10,79c6b473-0e11-4c2b-aa4c-8523cc9afa48,5b376c94-fc8d-4e0b-9977-1748d898ff24,47,1,26.937853942127415,0.9882177173729761
2c8c1992-bf1d-4868-8057-a43996844900,2025,2025-02-10,c921ba85-0782-4ce6-80e2-44f0c43d4f16,5c7c373d-1822-4c63-aa7f-64745cc99c52,4,1,8.859515778297233,0.8794871297732606
3925bd9a-499e-4d3c-92a3-668a9b58cd54,2025,2025-02-10,d8e2daca-6b8a-4f31-93d4-8cf6dd93fda7,0a4ebb69-d8f5-4c7e-a7bf-b7ce3968f57a,2,1,3.9530404319416816,0.7552162877993668
3b9e77b6-da80-4e0d-ac78-5bc5b8b2ebfd,2025,2025-02-10,5c6768d4-83c5-4e23-aafc-55ac70126454,d1dca835-9ba3-4f00-89e0-533fcfd2b27f,12,1,9.010766533476076,0.8349265729406329
3c021ab8-bd44-46ed-a988-cb1dc3fb8349,2025,2025-02-10,a00214a0-9c1b-4018-a085-500dbd55fb17,7c82650d-eccf-476a-b85d-69a73b6b7f8b,25,1,18.326853005093437,0.9613157412439689
46d8c648-5f3c-45b2-b23b-bcb7a6c54083,2025,2025-02-10,dbd1798b-2cf1-49c5-9f33-caefec39594e,a6dd499a-eb6b-4f8e-9094-d8eb96b3547a,1,1,-0.09856433546774551,0.5572729202771041
57878160-d9f1-48d6-a128-320c069de52b,2025,2025-02-10,17eb5319-07ae-4f0e-b1d2-8e828b07ed79,f0929311-9f5c-421d-8573-4b4bee0c314f,16,1,18.453581998577228,0.963396035115373
86868b80-5a3a-4a72-96f1-e8b39529eb4e,2025,2025-02-10,ba48df8b-809b-401f-a758-25c39aa2d50b,b24e3987-105a-4e03-8184-b15b2947a98c,-20,0,-4.453048957657528,0.27113745014184215
8ebec3b9-8039-4179-ab1b-8a3b0959e931,2025,2025-02-10,a6332591-4e2b-4b84-82bb-debc57b8b614,af50adaf-e9ac-42bd-a6a9-7ae8e4dc4a8b,10,1,4.342261629142635,0.6545560105053428
9136f8c3-0447-4116-b5b0-1c4b49b75235,2025,2025-02-10,7cf9cb31-3bfd-486a-90fa-8fa6f3bb44a1,4319d016-ec3c-434b-9398-c88b1bfab01e,-11,0,-3.497343344295067,0.3888261211230558
9271e3db-6c32-4b76-a891-9a706984fd7a,2025,2025-02-10,02ee8976-6844-4a27-9f72-aca9acf8f5d0,46a5f9e6-fe34-4ea4-867d-ba4e31297465,16,1,17.946260210641046,0.9837093965868895
a76b6c1f-d73e-485e-807e-1e573ce37c77,2025,2025-02-10,17dd690c-8f33-4c2e-94ef-326bf0628517,b0e26736-fae2-4d59-85cd-4b5243f23c8e,11,1,2.4114372441675664,0.5916021922692579
b4023412-5e57-4e45-b225-63dff993de7b,2025,2025-02-10,9f7dac5e-38e1-4e63-9e50-e6b0d822fddf,dc7ff97c-c617-4dcd-89fe-5e702fd03890,-11,0,-0.7457546401991304,0.44667424799145317
c35750c7-6508-44ae-8012-396bcecd9592,2025,2025-02-10,326d518f-eb6a-47aa-9739-13bc340a9a3c,241f50fd-2121-4b74-abd9-2ddb98d74a2e,-12,0,4.205513787554999,0.6785488645118006
d1305548-25ec-4737-a48f-847f9256372f,2025,2025-02-10,c4972de1-bfaa-4820-893c-10adf1095f0a,ae911605-551a-46eb-aef9-06f9a60479c9,-3,0,1.9960187014059296,0.6172072448141689
d5e6a47b-f020-4d8d-8b25-c83027ea0863,2025,2025-02-10,0f2c89e1-1c22-4add-af3e-a7d9982de167,483b9ce0-4c9d-43d0-979d-831c7298213f,10,1,20.38058261066338,0.9823707992676358
d6a640e7-c8a0-447d-a92f-370616b27e4a,2025,2025-02-10,6dcee41c-8ef7-4afd-aa5e-6e7fa77886e0,c91670da-50fe-4e29-9e0d-e0a2d01897cf,11,1,15.979820167544764,0.9497250769728449
dc371622-1929-40ad-b578-11847b98c69b,2025,2025-02-10,78926156-3797-4ad3-aa39-fff13a311d02,eb7098ac-5154-42da-b703-d3b3958b198c,20,1,4.037491830599016,0.6521656590111572
076ae94e-983b-4a2f-928e-005356e78416,2025,2025-02-11,7f0a740b-2a56-4bec-87c8-7bf2baf05d58,ba87013c-8cb8-41eb-95fb-16991c536506,11,1,4.376679593185419,0.6499686467468141
08a023a5-467c-4eee-8c74-31d71f8e39f2,2025,2025-02-11,05005d1e-02c0-46c0-8b4d-19dc825698c0,f2fcffd8-915c-4fdb-a632-8b5b621bc999,-12,0,-7.3931072304111956,0.18665048275723545
1437dcf2-598c-44b8-9bfd-340a6e5a927a,2025,2025-02-11,a1594c03-e784-493e-8435-66f585997595,2a57c531-b461-42be-bbd4-b080f188a160,-4,0,7.6400897871469216,0.8150933061016187
16c1c29d-1070-459c-ba3b-66afa18049c2,2025,2025-02-11,76eb53c2-0367-4d59-b619-799a7aea658b,5a320db8-a83e-4f46-9418-25176d12a65f,-13,0,-6.001359345107667,0.22534994706429307
17003438-02ee-4ba0-8431-4e3dfe11ef27,2025,2025-02-11,69642ef6-85e9-4dfe-ab65-4cca6a1688d4,144de2cb-963b-480b-84b4-10b39d4562ef,7,1,-0.37576813649416274,0.5076101269841552
1741d61d-07d3-4940-9d10-494a1351f4d6,2025,2025-02-11,1835c2ee-1e17-4d18-9ab8-a1bb3678b947,325d11bf-595b-429a-8342-97fe68b1a3cc,12,1,10.507327154364932,0.8062426375419014
286617ad-ecec-4546-9fbe-cfd57cdef2c3,2025,2025-02-11,b6c7c93e-bdd7-4df7-b73a-c1fbe953199d,31a5142f-21b1-4d3a-87fa-d39f7746b7a8,5,1,1.7851898722518427,0.5521397220712697
33b48726-7388-4724-a232-777fd09946ef,2025,2025-02-11,628efcd7-4ae6-4bba-9542-11e108d22d8d,14b85f13-07f7-4bd1-8f5f-32720dbe1c9e,-7,0,-7.6305215245324565,0.20070040003112316
364d9a8d-aa48-4261-af84-c62cf869be31,2025,2025-02-11,35163246-626a-4e63-899d-7a3798e88277,cf3707e3-2f2a-44dc-8d7a-4d16b2fe78ee,-9,0,1.7679547862643237,0.5380392570516259
3a059703-9564-4990-83f8-514b90d985bd,2025,2025-02-11,6b776d4e-7c15-4c08-b195-ddf7052c762c,351b4e0d-ecfa-4f26-963a-5d1e8b281052,-12,0,-10.051649445257338,0.10390741274827602
3e80fc3f-4bb6-47c8-b883-631b0b78cc7c,2025,2025-02-11,6f7ff858-33b4-4d3b-b960-8a750dbe33a1,46f85354-63b8-4744-8b13-341ea0a30c2a,-3,0,-9.654212817050691,0.16605713203699982
41bc85f1-d20d-4434-bfd0-b3b8fd0885d2,2025,2025-02-11,3c9cd500-c6f0-4eca-b722-405eefd74003,69293aea-705f-44e4-81db-36e52bcb1813,-2,0,-0.7116840003821288,0.46195400914645096
474eb238-a2d5-4cda-95a0-cf80c68d9c15,2025,2025-02-11,3027d417-64d5-4892-a6c3-c77edfaff436,ddb253d9-6526-4c32-a7a2-4462d6abe45c,12,1,10.619877619319592,0.8650027508978941
487bb799-3c93-4133-a3e5-81963da1a38b,2025,2025-02-11,be595032-d4ed-4bea-95de-22a18feb02c7,e20e16ce-0f28-40e0-afe1-5492395d5e53,25,1,1.0285707530632229,0.6120267626237534
5cbdf571-ba46-4777-ad6b-b4168a86546f,2025,2025-02-11,75d1bc49-ce2b-4e7f-82f2-26e690f29375,f9261c55-02c0-49db-9993-f5d64a97b21e,-4,0,3.140819009044919,0.563751811383234
5df35ddc-3fcc-4d30-ba26-31eaad19854c,2025,2025-02-11,bf7cd127-c979-4181-8f7b-356415e2c15a,ad46d3d3-a8b8-45c5-a46d-913240ae2832,8,1,10.758673915853008,0.8940345071975994
67a0ff82-3995-435f-b50f-c8465c7223c5,2025,2025-02-11,8226bdf0-6c2b-4e2b-841d-e2a01a5e5145,d52e191f-c4a5-43a8-b16a-1d87ecf7ce9d,10,1,7.240655774011834,0.7707322801226268
6ad34151-9885-4fb2-be8f-7c913d37acaf,2025,2025-02-11,08e7a657-2b9a-4055-beee-621379cea4b7,0f0ea376-1ea4-4b1f-9a4f-e7301a0318a4,10,1,6.073365236178363,0.6884644327352472
6aece45e-b54f-4895-98f6-1bf2685db2e1,2025,2025-02-11,0f0aab5c-26db-447a-b6b5-a264da5b140a,026ac097-d80f-48f3-80e4-e6ae2b9ee383,15,1,11.4852063760155,0.9020121833044725
71ca6b98-dfc1-4816-95c5-8ef3b9aade25,2025,2025-02-11,64975048-1db2-4ded-ad28-05b8d8aa9c66,fa3cb393-e306-4365-b4c3-b3f62a5027d3,9,1,4.950625823253092,0.7087901731854593
81f1d3d2-33d0-4436-aac6-e9b4ef47efea,2025,2025-02-11,821de2da-b464-49f2-aeb1-293e7aedd6de,375d7498-7795-4ff1-bcf0-e13cdaccd9e5,-5,0,-2.992090809599023,0.4083035798299391
8b29326d-1700-49ea-bf07-fe199ce04ccc,2025,2025-02-11,42a1b5ec-9263-4e7a-8f55-df64f85505e6,eb0507e2-4c2c-4860-ba0c-7a0a815425fe,-6,0,-7.324227869750176,0.2622929959707492
9199cc16-95f8-4077-bbe4-4d5bd4ef471c,2025,2025-02-11,17e47b02-02b2-4bbb-a838-a4695fbc099b,a5ebc512-a148-4140-b60c-147132b3097c,6,1,9.039622620439678,0.8417525589582553
96249649-23bf-4600-86f0-7b01110f8a33,2025,2025-02-11,db5b4ba8-4030-4125-845c-337b3ed300b4,851d8a88-2edc-45bf-b180-7b6c1744f5fe,10,1,16.826606178601896,0.9560784507106935
96b17928-ed65-4218-8a03-1d850fb76747,2025,2025-02-11,a67d2a73-fb71-42b8-97b7-9b72a49efc06,f239ac13-f7a1-4acf-90a5-3cf4c6fd3355,3,1,-7.336507874967093,0.22301523343142307
9b94f8d0-b4aa-489e-b879-8f04d7fbf7d7,2025,2025-02-11,0420bfac-8b45-41ad-b228-89893a037d4a,c4101885-e600-4596-80ff-bc637c56221d,8,1,0.3158020188618763,0.5516406163168938
9d1f00b1-e74c-4ebc-8551-3c33b9a54153,2025,2025-02-11,0562b0a8-dbba-404d-9aa5-930ebe50c9b3,c6cabd85-4834-4f62-94ab-57143286b512,16,1,5.058162048945532,0.6666335281810405
bee099b6-03aa-43a6-8b32-a0d4f022460d,2025,2025-02-11,9123b907-3559-421d-be7d-7e238eb0c266,24cced85-1369-4dbe-8abf-92fb8d456618,13,1,6.114266547929205,0.7674116213865599
bf936aab-b03f-43bb-85f8-30b8e0a8ab65,2025,2025-02-11,d9fdf72a-562e-4e19-ba2f-faa3de20ace5,42833efc-4047-4751-b5dd-8f5c6d05e355,-4,0,-3.742880673763715,0.3156559165782255
c578fe81-b896-4fb0-86df-1087b80f1ee9,2025,2025-02-11,a7fd1d4d-445e-4899-9731-00f7bff74284,e51388ec-8e0a-4c32-a70c-4890e3e61d3a,7,1,-3.6705050968341593,0.3628488273027515
ce98ba88-edf0-4e1e-a37e-174860e2f258,2025,2025-02-11,50ac73d5-f2f3-4160-add7-d0993eec32cf,7a78a9a6-0d5b-4fae-8fb4-98bc816ed903,25,1,15.121201530957354,0.9479761103936833
d6330d50-f295-4ab0-9de4-3bdf62d25a51,2025,2025-02-11,904ecc4d-857b-4150-b986-50e605d84b61,3aedc020-716e-4a2c-a7f8-ab1abaf53d87,-6,0,2.7067151980189457,0.631818712942376
e536e267-5bc8-4e71-bac4-0dec0e1dc87e,2025,2025-02-11,40960630-05f9-471c-b4a6-0eea2cb6345d,397b5601-d70b-43a8-b259-1a752c68bb1f,-23,0,-8.263807849067183,0.16511566839290368
e9cce068-65b6-4182-8c85-db617e3f8932,2025,2025-02-11,c504f52c-c325-424d-ae65-da37bf8e5820,3ed32cdb-d2a0-473e-9db0-fd63aaf9013b,2,1,0.7290296884418843,0.5261555660722286
eb8b1987-d4da-4cb2-8e10-9f9f84ad4eb8,2025,2025-02-11,6e056aa7-1906-4546-b6db-5910356fee72,9df3af06-d207-48e8-a010-41797b070072,2,1,0.7519969103766078,0.4391237181681026
f3b7d62a-a53e-4169-97ee-e4f577146760,2025,2025-02-11,c9bad532-d6c4-4187-8958-37ef239495a4,ab5be1d8-ac8b-4c5c-8e26-320585a8bdef,20,1,3.6655042525127013,0.6861501526981556
05fe06a3-d3d6-4b3d-8e44-08ba57207be8,2025,2025-02-12,48dab38d-2a0b-4201-94d9-c6ffaf736974,cabaff64-a388-4861-9374-977555d19efb,21,1,27.391865300786534,0.9927606384205762
185d310e-aec9-4802-a60f-7421ca25c9a8,2025,2025-02-12,03e9598c-4271-4840-ae88-7c7c36f2b10e,0b297e0e-e039-449d-b07f-f8e1ae96e3db,-4,0,-3.7382667453237644,0.35318655045162506
19cc26b8-a8b2-4ba9-8ec3-57c048e5d52f,2025,2025-02-12,f9a35e93-6a9b-427a-8901-d74cf3f23676,050cf087-6e1b-42ef-84fe-368ac1929774,24,1,13.628519628024634,0.9081886814209892
1c449ae6-89bb-4dc6-b64d-af3cc7b54c86,2025,2025-02-12,68a583e2-b11a-4a35-b102-095903fabdd8,469778d6-39b3-4cd1-8bf4-f40903d78c5d,-18,0,-12.834228861468626,0.10937035373470634
1ec1f00a-82de-49f6-bf94-b0281acc0668,2025,2025-02-12,33efd80d-8446-4d83-97fc-e864b132a0c8,27bf19a7-be0b-4fa0-8dac-8d9b7df5f363,-11,0,1.6620082837233539,0.5798560902009654
204f4f52-66a7-4df9-9a8e-6bc68303b90a,2025,2025-02-12,02361e70-3d89-4b56-8d25-73ea2ee389ef,8a391aff-89a4-4586-9d57-71299178703c,5,1,16.52587351718892,0.9423863728418674
2120bf80-f9f3-42d6-9304-01ac041ac458,2025,2025-02-12,58fdb1cf-11b4-437d-a338-e497be161811,88e83e71-3235-4c21-85a8-da368f34e5fd,24,1,8.713310897180067,0.8308386583704425
27df3a25-4143-48c9-930d-d9b04a8d05e6,2025,2025-02-12,3be5fa30-2fd3-4af3-bfc0-39db2dcb523e,7d5a75d9-3168-47d2-92b5-e680e056b479,-6,0,5.358663612631423,0.7668492945442769
27ea622d-1f43-4d66-970c-4a240d4182ac,2025,2025-02-12,31a68979-4cbf-4e59-be9e-82043f581ff6,c75216c6-4563-402a-b8d6-b8434793ea38,1,1,6.307994817610296,0.7646720262918985
2dc251e3-7d43-4abe-82af-759b3d78abda,2025,2025-02-12,daea7f8b-7386-4fa6-8921-870a3e848b4a,9a0196e9-6b45-40b9-b0d0-df6bb1c90dc7,3,1,6.65844141267988,0.7136096344663648
351c78e2-4fcc-4a16-87c3-2f6bb8b88ac8,2025,2025-02-12,07b4923a-16cd-4490-8ae5-d61599212ab1,cc4cdd9c-0563-41d0-bbb7-29b825db8e55,2,1,-6.448816297828219,0.2107303107802101
3a41d5df-38ea-4646-bdff-2594472e8721,2025,2025-02-12,60adcfeb-0ca6-456b-b51b-d8d3a324c55d,b67edcbb-77d5-4a29-aa67-e1733b9a001a,16,1,7.6526798723557645,0.8330216191781928
3f9ad267-c3b2-48ba-b179-7c0f84e27602,2025,2025-02-12,4926f0f3-ac12-4ca0-9cbf-eb99f9aafb78,f0489380-9e3d-4613-ab85-fc32d9368997,9,1,-3.900119258451193,0.355632235476858
4933a0dd-cfd1-4f25-b565-5ed0398601cf,2025,2025-02-12,b21fc872-90f0-43b9-a07f-97e7531c8898,d756733f-2d8f-4ed6-8b7f-dc7804a270af,8,1,-0.2679594802500916,0.46682957247498025
56e8b098-2f7d-475a-a74d-87bff436e6c0,2025,2025-02-12,3d3b199e-7c4f-4c53-b683-a77a8d8e697a,7e838ebf-74ed-42de-9f2e-d8057aa77de5,-3,0,-14.310293711870399,0.08862343745756188
595e7134-344d-4c02-af43-b66fddc4864a,2025,2025-02-12,8fdfa7ed-88da-45ac-9520-9a9e9fbe2586,62d54283-52d6-4daf-901e-b6ae1bdf29c0,-2,0,3.5948008909171123,0.6418459175037593
59e122bd-145b-4388-a65e-f50d173ddf0b,2025,2025-02-12,4b7b8cc0-eb4b-40bd-a9b7-958fbe20894d,416d2dd1-15bd-48e9-82e6-9277c0ab829c,-14,0,-0.3480619654674114,0.494270190923354
6550ea6c-5a76-4f7d-a931-edf3bcae51ab,2025,2025-02-12,02073ad7-1bb6-47dd-a1fb-fae5e0bc2ed7,5320a4de-9279-4990-9ee8-6638339220e0,22,1,-0.37302780428197413,0.3817755620811261
6e713cac-4858-4bd2-bcd8-08e4abea1266,2025,2025-02-12,88ae8bb6-fbd8-444d-8d22-f485d82d2e67,391f303d-08c5-44cc-83c6-60595fc71068,-7,0,-6.217303384596274,0.2560719935376124
736f7805-7950-426c-b55b-03ac0b55c9f3,2025,2025-02-12,a7689181-61c1-492f-83e6-a64bca6e04f9,c7e47abb-629e-4b69-8d41-c87333fbe6b4,15,1,-1.4869927946897026,0.4284409898113059
76ee4b08-f1f1-47a7-8376-a21b108c4c26,2025,2025-02-12,b8772a3e-c4fb-4396-8eb8-b30c8a36abb7,561ee565-69fc-4571-95fe-32ac563e53f0,17,1,5.694932542770082,0.6791665929937346
8746b33b-0ba0-4a6e-9bba-47f556d0b247,2025,2025-02-12,62c787d1-5e5d-4e44-b6e8-1c208f874eba,c7345766-a5fd-40e1-9757-26d62af0b9af,-9,0,-8.937706059485253,0.21541761174930518
8800bee2-c6d3-4c40-a33c-9890272b0ff0,2025,2025-02-12,f63b8169-081a-49c5-8b53-2f7b3e524fb8,5ea1ef3c-5f24-4989-854e-a24a9e31ac74,4,1,16.968418423129894,0.9612101232220326
8fac5f35-a73a-4750-ba20-770f6a9209bc,2025,2025-02-12,67503cd7-a244-4820-afaa-485db8ea877a,4edc5314-8f1f-46cf-90fe-fc3094be42cf,34,1,15.017915573857106,0.9279409570859974
924ccd9d-6a11-4fa1-a43b-14d6513cf9f2,2025,2025-02-12,8bdfa757-6fe1-4ee1-a1c5-279e7f35fa1e,43624e99-f362-48c4-b203-9af174b24be3,-3,0,-0.4458688432041331,0.4820908601787364
928bb8a5-e4e1-4cd4-be6a-c5db874944d5,2025,2025-02-12,52f17f8e-1af3-4d55-8323-0292fdf33297,fa6de946-411a-41ad-8bfa-6526c949108c,-9,0,-1.731435350704413,0.4434809888181365
93f7a8fd-fe78-4866-9301-36e30b870a9d,2025,2025-02-12,d915e7c4-a333-4d6f-9c21-5904d58e75bd,47b99bcc-2f9a-41d7-8d7c-3f9e93809210,-9,0,-2.581629880904051,0.34453057564161915
a0dc8f10-a618-44b6-b5a0-6bff0c9e7c25,2025,2025-02-12,36b120f2-51ac-4dec-94ea-549d266507b5,bf32f747-5e9d-417d-890c-89407933c4c6,-4,0,0.6645137346481129,0.5739291520762643
a8c1612a-353f-43e9-b7b9-d9ea085c13dd,2025,2025-02-12,5d005d94-2060-493e-af42-31885c78962f,3dd34e3a-6cf5-419c-8042-503af5d36e7e,-7,0,-5.276905900843733,0.220252421344297
a90acfe8-b91d-4e56-86d5-1edcd7a74685,2025,2025-02-12,2866b25a-1e5a-42be-8763-ad87278ec1d9,3bc11d41-6e7a-4932-b0d5-e15a8f310406,1,1,-0.8672874405761267,0.4864158310780148
a9671194-737f-4af1-abbe-3b8fe481b938,2025,2025-02-12,1f8df44b-d154-4a8f-8c48-32b36db0cd06,935d92c1-aca9-4b21-9e0d-b6c396fb067c,4,1,-2.204974698860301,0.4088519302233321
aa8f9adc-b860-4152-88a2-77359d14ade4,2025,2025-02-12,700f42bb-65b8-4e08-bfdf-8dba2e0bd260,ed973a10-a469-4337-9742-eed664c61168,14,1,11.910539096847899,0.8918361264734673
b2e9e5d2-9387-4064-9bba-7304d06b59f6,2025,2025-02-12,571d2904-70d9-4de6-abfb-1d716ba43f0b,983c0982-0fb8-45e4-829e-306cf787ba2e,5,1,6.413210260612559,0.7512730563974023
b4787979-5b75-4299-a23a-61d85832fe47,2025,2025-02-12,d75e1814-b8c9-4246-b06c-afe60d661528,cd6bef67-d192-4740-b7be-731c52686c54,-17,0,-9.043274420850478,0.1411241580262096
ba8af586-5c9f-43cd-a172-6f79724e6016,2025,2025-02-12,000d55e3-3608-43be-aebb-6926cbe6b7b5,46671d80-ebfc-4f9a-8eae-19249794115f,4,1,1.5351700527680878,0.5910261876125432
c824a49a-535c-45b4-ba80-0dd8ba173a48,2025,2025-02-12,861b8733-b443-47d5-9c5e-f56373a8fb9c,231d7720-fba0-4331-b1da-8412227395f7,-22,0,-3.994327447537572,0.36132146274456245
ced7bba9-4d34-48ad-ad19-b37da5c18610,2025,2025-02-12,9b729374-1ae8-46e9-bfe6-2348cf00056a,8848c09f-0c71-4cbf-9d0a-84da72f6b649,-15,0,-7.757178547888816,0.1549345579720207
d1d19cf1-6431-4b71-8daa-ee32ff327df4,2025,2025-02-12,ff2fa864-282d-4503-9a88-8c10619b0e3d,a2a4c8c1-e611-4717-92f2-fccc9217a883,-8,0,-9.144356131358613,0.18523460635902494
da3522b6-8fb9-4dbc-84b5-bea15264d6fc,2025,2025-02-12,c514a4b8-22c2-44f6-a118-250ae80751b0,2dbbcf87-baa5-4154-8071-c62e522990c6,26,1,11.99270823119051,0.9049356790545805
dd17199f-1b25-4d37-b9e7-9694f2dd1fb2,2025,2025-02-12,c62c317e-e0ab-4b1b-a6b9-878965985154,f22ee0eb-5079-4c19-b46d-7d40e14d7636,11,1,8.543927451024778,0.7686461571058807
eab56b29-05aa-44a1-ba2f-dd6f8ff076e6,2025,2025-02-12,d26d7563-983a-4b9f-bf04-fa2777e0beb0,ba8ae2ef-827b-47e0-bcec-bf76fe44e37b,-25,0,-9.110297269119812,0.21673678071874164
f7c5e319-d668-4b43-89ce-f1e4d23ff59b,2025,2025-02-12,1799ef2d-85d7-4ba9-8048-33b1956ab3db,66244ae3-7fd6-49a7-9304-4ae41bea9ab3,12,1,12.889090528115254,0.9047972081745868
0e6980f2-327b-4c24-b8de-b07fb6644d94,2025,2025-02-13,9e98a2ca-2d40-440b-b4d9-906cd168c9d7,ad21cf61-9161-4409-af92-468be5a0142f,22,1,11.375592742306939,0.8916853810183876
0f804650-b798-4927-8466-2ff11fffb848,2025,2025-02-13,d0c9e56a-ea87-4a77-8ea1-93b43e2aa99f,be9af39b-8a19-4b9d-89a3-bc6dd35defa3,-16,0,-12.738961226313185,0.09495527154610711
17e4b6d1-3e2d-441d-912e-06f25d3c8725,2025,2025-02-13,a564f5c9-0e8d-44c8-a75d-b3b355370dbf,07c201cc-5a34-4a3b-9fc9-bae4c20b7c9f,20,1,5.817923482608528,0.7136363873313233
19873f00-f6ac-4e08-bb33-3c11f7d8ea68,2025,2025-02-13,f5ed0adc-4078-47c4-aba0-3dd2de221774,e4054827-709d-47e3-8f27-86b76b8f17d6,12,1,4.883707255829943,0.6516674753377865
1f2909a4-4fd3-42df-94af-04bd73c2e9a4,2025,2025-02-13,b704622d-2904-4237-b9a0-a9865096fefd,1b9c388c-a2e4-42dd-9e21-4841ed46cf4d,20,1,14.11660118855996,0.9120955558774564
20878dcc-020d-440c-8dca-54a28d98c8f7,2025,2025-02-13,ce88cc81-96d4-48c0-ad06-ee0c2d3d7663,8d515064-54c5-4eeb-a095-ad7ac6839d0c,-8,0,-8.476032417058875,0.20669549960091196
20c58775-65ee-4be9-9d7f-e793187ac9f6,2025,2025-02-13,d894373b-dca9-4d1f-a9c9-a123f8c1b600,8e9b7d4d-1baa-4d3d-bb10-8950f4133b30,3,1,-3.5973708845403434,0.3453060037127362
2bb57c99-4c9b-4acf-87bf-c9c20071fee8,2025,2025-02-13,14a1f904-5f97-4e98-885e-5d6c4f102ea6,714115a3-e87c-4c38-be62-cfe9dada315e,22,1,15.106714371122795,0.9475715694222641
31d47dab-5386-4b8e-bfe8-b1e844703f43,2025,2025-02-13,ff488f80-9f05-43ba-b8dc-d7693b84c0ea,5c86ee1e-ee35-4d51-bc08-bbca68bc90f1,-15,0,-11.413739093498457,0.1323487938197151
35f72ac7-5054-415f-9b38-fa32eff08097,2025,2025-02-13,5858896e-5e67-463c-a38c-c7431f157945,bfd9aeef-b698-4868-8a44-436dd23e4ae1,7,1,4.553825463926117,0.6962195659077328
3909ee04-7add-4fcb-a187-1ff4529a12a3,2025,2025-02-13,17ba9bad-9d46-41c6-9781-6a1e204da7b0,9fb181a8-2807-4e27-9442-8e09de6c9575,22,1,4.389143612251157,0.6583283218300282
3f126066-57cf-4e95-849c-1f3668ec6a63,2025,2025-02-13,bbd86984-093a-4854-845d-01d65716f8fa,6fd295ef-9c37-4478-af91-536cbf316358,8,1,7.433026732660061,0.7626951642143912
43770a7c-72df-4c1d-81ac-3bcb319ec3ca,2025,2025-02-13,185c12ee-a2a7-4588-84f2-4b4b270a75a6,22865798-3256-425e-8eb5-60e1edf9403f,13,1,4.489365994632553,0.72521765711746
4a0d90d0-dafd-40c0-b5c2-ea6683b1c043,2025,2025-02-13,b31c989d-1667-4be6-8a91-193cda486b3f,cb86bdfe-2665-485f-9a44-846b23bdb2c3,-18,0,-7.740844110060118,0.2276315153599938
4ad15284-6d25-4d60-a25f-cf69535948d1,2025,2025-02-13,8daceea0-e7c6-443f-9452-f56f9faa56de,ba18e6aa-cbe6-493b-b91d-b0c8d4e8b0fa,5,1,1.5341896055725517,0.5645481679116162
4c30398c-db06-4e39-aa8b-1267a46921de,2025,2025-02-13,6628afb6-e6fd-4d7f-be94-a19527da56fa,aecf6cf2-725b-4450-9b49-8491e6a4ee0f,33,1,22.203603031242537,0.9865436325387309
5052e59d-cad0-42d9-8f64-ebda52c7b9dc,2025,2025-02-13,fcb7d38a-6efc-47b3-b7af-3dd5ea07e8e5,195318b0-fa80-45e8-96b2-e83346e70a64,-10,0,-3.146302439925895,0.39340917092114497
657de79e-84c7-4c9b-854f-078c2143edb3,2025,2025-02-13,9c2f288e-9523-4b69-ae64-ab0876fec6a4,08b7e4ad-da8b-487e-a809-741854d1008c,4,1,0.23748063729813615,0.5675027942645794
6a8e94d2-1c82-48e3-9a59-cda00921bf03,2025,2025-02-13,593820ae-e46e-43a0-a5b3-904904eb9cef,81ce1538-893e-4f62-9812-5468866f484e,5,1,4.109924698456684,0.582352359812731
6dbfd109-7638-4b0c-8379-ae9ffd3f8fb8,2025,2025-02-13,52355b41-c560-4fd9-b83e-3bec2763822d,12d2dbd5-0799-448a-a49a-671c218c8bbd,-17,0,1.7813874227476592,0.5759930084394417
6f77e957-182d-40ea-8d79-f35b539c9004,2025,2025-02-13,dd8a7533-5e77-4aee-99d0-4c56a7ff74a7,78d97761-b499-435e-9097-b9d553f3ee67,11,1,14.837197266846006,0.9271580600319764
731f564c-7254-48ac-aacf-d2a10723f1c5,2025,2025-02-13,82d0fc94-2404-4659-9764-1b8186e037b7,a0bfc386-3dd9-4417-be3e-42f45cee6c22,2,1,8.092220937513547,0.7800911635161848
802483a3-72e7-424b-9ecf-c5f19ff9dc34,2025,2025-02-13,9ba0c75f-bad2-428f-9038-d695c2385098,7732f0ad-152b-481b-be13-de99facad3ed,-19,0,-14.035662704184977,0.08858730575023725
8441a6a5-ad80-477f-a20e-b26e50d64392,2025,2025-02-13,9ba3c8fb-1162-47a1-873e-6cf11475a094,c87682db-2ff7-4c63-9820-df6c8409d5b3,25,1,0.12300721792747239,0.4932885026990008
92d4c849-4ff3-411d-a9fc-5c4f076e2510,2025,2025-02-13,d65f3ef9-cd07-4472-b901-9b3ba2b35764,19313cd7-ad44-47d9-a9ef-b9e0c7238466,-4,0,-11.186637600438125,0.08344313987374037
9c3354d4-f899-48c0-9560-45936669ac42,2025,2025-02-13,75628733-1eec-40f9-a6cf-07501979c4b3,5c7c373d-1822-4c63-aa7f-64745cc99c52,-1,0,10.96014194426104,0.9262496623012797
9f89f881-4924-47bc-bf46-d35e2387cc99,2025,2025-02-13,44242fcd-cd9f-43aa-afc2-5a12ea89394c,c333af2f-2819-4e30-8541-dbb64eb01cbd,13,1,3.232400673806146,0.5918609082804949
a0a8f5c6-5a44-488d-a2f9-b277bd77bd64,2025,2025-02-13,4f9d3323-4211-41f2-8211-76b7efd6246f,8deb21ba-48b8-491c-89ab-0b360062d211,-22,0,3.691740523619385,0.7346528673221463
a0ef04ab-05f4-4703-9738-585ca2d25382,2025,2025-02-13,f1e9470d-a3c7-4ef1-8583-6bb917490ac3,307416ce-030c-4156-8d62-1e2632e9e26c,2,1,4.118333529772159,0.641460490599968
a664550a-d14e-43cd-971f-81659740adb0,2025,2025-02-13,52414cfe-b45b-4eab-a88b-e509aa446dfb,308dd2dd-d731-4927-9bf5-e8aad5900158,5,1,3.110200017969048,0.6550137653232071
b3fb3c2a-eca1-4627-b5d0-9eef7a722015,2025,2025-02-13,41e19184-6f6d-4838-b789-d8553db45753,b0ebd027-95a6-4e7b-abfd-c26d14470857,4,1,5.746056702623902,0.7373644084036401
b4f95091-de8d-4b2e-9c04-034cd852d581,2025,2025-02-13,bd53017b-0998-4291-a0d1-1c9f45306402,58d76bcb-6251-4be3-9fce-6e748e521d87,11,1,15.162070833840783,0.9279803243945244
bf0a3875-03a6-436d-bbcd-045ece436a32,2025,2025-02-13,83384eea-0854-4284-a875-f47d9b0c31d8,b58599cb-bbcd-41e0-9746-6ce1ed5597d3,4,1,0.9323322932553516,0.5414305856649536
c25c97e9-1d1a-436e-a0b5-c28d894fec56,2025,2025-02-13,c878fb5c-c2e2-4f40-a5a0-f297cc0e51b8,77bcefa1-a18f-4280-a5c9-2d1573b78e0a,-5,0,-3.6700534946938004,0.3125153315085889
c45a5dec-49bf-45c1-b3f8-50a7adfe1538,2025,2025-02-13,6ba99b19-8a61-49da-9325-3e04939d3d5f,de0352b5-4ae9-49af-a027-b0dc86a005da,-15,0,-7.206830446573621,0.2703287053209619
c59363bd-9a0e-4100-8365-0a1a895fc79f,2025,2025-02-13,19b01b27-3931-468b-a50c-6636aef39c7e,48f318bf-54e1-4e42-b6e9-47c3bdaf4fb8,-5,0,6.034426742598104,0.715770454081637
c676fca2-6af5-43e6-9845-0e543c18e989,2025,2025-02-13,a46fdb60-30d0-4807-a2b1-e29d8d7c22b2,8bbfa6f2-6178-4c2b-bf17-66fba7623c4e,42,1,10.282712382536094,0.8043409394777045
c72ee6ff-335c-42ed-8c04-5ad8cb708e74,2025,2025-02-13,12ae7230-4fab-42c4-a7d7-88e118290c3e,a870c009-c0ca-48e9-a456-1ea2b2b779ef,5,1,6.575539278238091,0.7117053424229546
cbc48602-b5f2-48b1-ac70-c72514509d70,2025,2025-02-13,51d48e8a-41da-4087-b00f-c65fc8fc1ce7,9c04a238-121e-47ea-a3bb-436957b78a8b,-10,0,-3.860731172750834,0.32401620429042005
ce009af3-2ec4-4529-b1a9-006a54d12832,2025,2025-02-13,61ce5009-1768-42aa-b377-fd95cefd07af,85708ae1-7d66-437a-9d70-bcb680bdfa86,-2,0,1.1363665569118702,0.5548385844211512
d86c28ea-396e-4ad8-bfce-95612a3edc10,2025,2025-02-13,35163246-626a-4e63-899d-7a3798e88277,e732f6ff-8488-4df9-8756-f1cbcec88e33,7,1,6.455798723748598,0.751106113580863
db653711-1a8a-4e5c-a46c-e32a80995a79,2025,2025-02-13,ad9fa352-0a34-41df-8ad8-38855ef63d91,c921ba85-0782-4ce6-80e2-44f0c43d4f16,9,1,4.6783180305497245,0.6527292155068122
df7ddc77-470b-49a0-99b2-ac431d0ffdc0,2025,2025-02-13,f4598131-de83-4e8d-b7cf-dc008ccca8aa,de50cb63-b08e-4760-ad25-62eceb6c4120,2,1,8.085595531820168,0.811890413697466
e16c9153-d522-4f2d-bd76-23c537857d68,2025,2025-02-13,3e287cd2-e8fe-4612-a996-d02de5cd9fb2,741b4fec-9ede-4efa-a807-8c1679e962a6,-12,0,-8.711469789700288,0.179538876994134
e33775e2-ff4d-47da-8055-55a31d7d8163,2025,2025-02-13,a2f3412c-1391-45d6-9516-eeef28f38cff,3a2cf934-5d3b-4406-a458-0c76b7b9d65a,12,1,-8.651587796487409,0.11330063238868515
e35a034a-aceb-45a2-bc8c-35deda810ad5,2025,2025-02-13,d2d39132-b6f8-4e0d-96d2-4e89419550fa,fd64c7b0-4a53-4590-bed6-59bbcddb0f63,1,1,2.2977329620976223,0.5884550307509387
e48b77b7-a5c4-4cfd-aa49-066ee381e062,2025,2025-02-13,cf3707e3-2f2a-44dc-8d7a-4d16b2fe78ee,70746950-a861-447f-a9ba-f53e329c27c1,-25,0,9.672594103495458,0.8536602995845768
e5185abd-c043-48e2-88f3-06b42af5d054,2025,2025-02-13,f89aec4b-36dc-4a40-a634-a744d4d646a2,0485ce67-c9b0-4725-be73-d3185a14e575,6,1,17.436904533967063,0.9538486831178301
e92c7d1a-7810-4053-9321-362e8b3655fd,2025,2025-02-13,6482154d-967c-4e24-af4e-6cdb9ef80e00,f3885a3b-f43d-45ee-96e1-f650af90dc9c,13,1,12.717906987895129,0.9254576227004407
eaa3b929-c26f-4124-9747-f23b2a981d93,2025,2025-02-13,5717b8ad-bb6c-432d-b223-01a330a59686,8dae6732-0634-481a-90ac-d73bf6a19566,13,1,-7.354902077894092,0.2543244006398704
ee3b7175-4909-4e08-9a6f-67e5e83bacf4,2025,2025-02-13,d6a348c1-3237-43da-8690-d309d586a66e,2c1fdbd4-c0c7-4750-b829-f7a6b7bc5710,14,1,7.8782101525369,0.8393596237214499
efd2ca40-1070-404c-bc74-167822e73879,2025,2025-02-13,bb02a3be-6beb-4745-b200-3a49f5224f0e,c9942b49-0bf7-4dda-bc78-bf2e3b174055,1,1,-3.142672108122474,0.33716614918649196
f53379e0-ae26-4743-a9ed-02cfbe08174e,2025,2025-02-13,829dbc21-e757-475c-ab7a-2a3172ec0683,5d66e35c-66aa-44ac-b72b-33066edb3e20,10,1,11.728596612656814,0.9419646409277925
f5842cf9-3d7c-4a01-b223-fed2b75843da,2025,2025-02-13,a79a95b3-2101-4649-8f36-782b24edba79,6578af6a-edd4-4185-82fc-cdb933362d97,16,1,-0.4316155231670756,0.48725034018429675
f64a32d3-e4b9-4a98-8630-1131476dd104,2025,2025-02-13,af997d63-624d-40db-bffd-18de780e2f59,37d0bfe1-4a78-4810-9371-3268e54026d2,-5,0,-3.7107043570870153,0.35088863976793805
f733d489-2f18-445f-a604-d9865dc3e19a,2025,2025-02-13,ccaa9380-5136-4fd2-b639-f5f54936ac7d,ab7c4477-bd9f-4098-989f-243e41356323,13,1,1.8596860818012984,0.46352112187839134
02739c33-a2ee-48c2-b5d1-fa8f518ce309,2025,2025-02-14,829dbc21-e757-475c-ab7a-2a3172ec0683,5d66e35c-66aa-44ac-b72b-33066edb3e20,10,1,11.234439165425947,0.939819313966866
19518b20-1e56-4894-be3a-d7fcf562abf6,2025,2025-02-14,abb24ec9-06c7-4ac8-a0a7-299760b256d3,6a154b5a-b7dc-4299-86a1-c9ecd354b8c2,14,1,2.89234457765316,0.6630898333090659
2813d274-0d42-4551-8c45-216192868fff,2025,2025-02-14,2a57c531-b461-42be-bbd4-b080f188a160,31a5142f-21b1-4d3a-87fa-d39f7746b7a8,-4,0,-5.200586868391945,0.305812032698186
34bcaaa2-2b47-4d94-9b0c-81396fbc0b58,2025,2025-02-14,14b85f13-07f7-4bd1-8f5f-32720dbe1c9e,3c9cd500-c6f0-4eca-b722-405eefd74003,9,1,4.848727343794394,0.7565299416595416
3c1b5c49-cd17-467b-a469-b3e5ed5add02,2025,2025-02-14,ad36d475-e577-4c2f-b8db-b2d47d1fab15,52aab06d-922e-4906-9dc7-3c0fe7d3e2c2,4,1,-2.226010688457168,0.3985377549714071
3eaf547e-9a5e-4bf1-9516-b9371e674600,2025,2025-02-14,17900399-e4eb-42bb-81ed-06f5be1309b7,fa9fae48-c4f0-419f-97d7-5e2ba9d47858,2,1,-5.832694286699445,0.27588307277807933
44d34665-a1d1-42d8-afed-04d0d2c26a37,2025,2025-02-14,c62c317e-e0ab-4b1b-a6b9-878965985154,b9840fe4-f776-405a-8b8d-3c388de0792b,-1,0,-4.982447455072127,0.40043985893777745
5949b8b6-582a-404d-9567-a4462c1fc8f4,2025,2025-02-14,bf7cd127-c979-4181-8f7b-356415e2c15a,375d7498-7795-4ff1-bcf0-e13cdaccd9e5,1,1,7.010617313170316,0.7770081122075781
964b603f-10a6-40cf-aabc-f234ae81ce0a,2025,2025-02-14,5896c71f-aaee-4983-9da1-2e953c561786,6cd07c06-66e5-421d-a8d3-84cd9833bce3,-3,0,8.02333782080093,0.7601074324238599
9ca46a15-b321-4ced-8f3b-4fbb136a2df7,2025,2025-02-14,73493513-0a1c-4fec-9e40-429225bb809f,031d384c-ac9d-469a-985f-3214f2b9972b,8,1,9.127745333220437,0.8159397260868272
9eac28bf-7d02-49f2-ac3e-b32c56e71985,2025,2025-02-14,7bc45016-4549-4672-9453-69c2a81aa576,fb109583-87bb-40c1-a02d-7d40bcd7c52a,13,1,5.353362963703362,0.7812624724724486
b73dd661-9ba4-4347-97c9-3e6b803d8694,2025,2025-02-14,91e8763b-21ee-4929-ab39-6a46d1d62e33,51ff831a-13fe-411d-a486-ed3c7ea2fb5e,22,1,14.054380669064644,0.9269076659744085
c63a262c-5ca4-4300-8d29-fccc6e4b03d3,2025,2025-02-14,cc0e2cc0-da4b-4021-8739-c0e7e235467b,e383167f-2c53-465a-b2fe-0d6bd7c69b27,-1,0,5.547343963592353,0.646196569387173
c943b658-6e83-4fea-936c-bef132256fb7,2025,2025-02-14,bc9cb402-a9b1-4644-acdd-ae7e0571be90,e66c14f4-c6eb-48be-8caf-0deb5a03ec15,1,1,20.710230440902443,0.9840576274339724
d974f37d-1fbc-43fc-837b-4124bb42a066,2025,2025-02-14,6f7ff858-33b4-4d3b-b960-8a750dbe33a1,a00214a0-9c1b-4018-a085-500dbd55fb17,-15,0,-7.274538068536356,0.19413606979836043
f08189d5-9bd3-4118-9da3-22ed14f95422,2025,2025-02-14,7532f347-4701-4460-abfa-98034c2ce687,88c5646c-b1a9-42f6-999b-56d8198e37ea,-13,0,-8.533650691039014,0.19698006054425232
001b1ed9-b632-4c87-bc0c-a1ff955abcf8,2025,2025-02-15,c504f52c-c325-424d-ae65-da37bf8e5820,904ecc4d-857b-4150-b986-50e605d84b61,6,1,9.760998550601474,0.8433489025559927
045d393f-2678-430a-9cde-f075d4d4f6e2,2025,2025-02-15,3a2cf934-5d3b-4406-a458-0c76b7b9d65a,70746950-a861-447f-a9ba-f53e329c27c1,14,1,16.592004409539037,0.9631429479356671
05c45ea2-ee94-4d8f-b277-4b0fb596f94d,2025,2025-02-15,9ba3c8fb-1162-47a1-873e-6cf11475a094,ab7c4477-bd9f-4098-989f-243e41356323,5,1,-0.052455041845718114,0.43380778350114596
05f71e6f-70fb-48fd-9751-4c2ad6012d34,2025,2025-02-15,5717b8ad-bb6c-432d-b223-01a330a59686,aecf6cf2-725b-4450-9b49-8491e6a4ee0f,13,1,4.044828428796568,0.6284373700902108
08954d16-d9ba-4614-83ed-b894aa299bf6,2025,2025-02-15,9e98a2ca-2d40-440b-b4d9-906cd168c9d7,77bcefa1-a18f-4280-a5c9-2d1573b78e0a,6,1,4.324859177826416,0.6122902582653473
094d0667-4306-438b-beed-b5f61f93fe38,2025,2025-02-15,be595032-d4ed-4bea-95de-22a18feb02c7,ac42cc2e-26ce-4ace-8d1f-28d21a1c77b2,-3,0,3.2383655230551636,0.6641694345566732
0a1116bb-6eef-4420-98b1-345796919dc1,2025,2025-02-15,7e838ebf-74ed-42de-9f2e-d8057aa77de5,4b7b8cc0-eb4b-40bd-a9b7-958fbe20894d,-8,0,3.603974609981155,0.6025516925070673
0a834be4-41ab-44e2-84ae-11afff4a8361,2025,2025-02-15,4f9d3323-4211-41f2-8211-76b7efd6246f,81ce1538-893e-4f62-9812-5468866f484e,-2,0,6.0041850055190995,0.7587900465054572
0ae505e2-19bc-4cac-b55b-aa45b1389e1a,2025,2025-02-15,5a320db8-a83e-4f46-9418-25176d12a65f,03e9598c-4271-4840-ae88-7c7c36f2b10e,21,1,19.043770589592253,0.9878081210322953
0ba0b8dc-9b09-45e4-8c86-9957ea2cb7cc,2025,2025-02-15,f3afec86-2594-4158-97d1-aaac68833b8c,9007c268-37e0-4ab1-ac60-f9cdcb3a7a8f,-10,0,-0.8729211393725135,0.4597280123245092
0f38a2b5-031a-414d-a188-3da44f42e993,2025,2025-02-15,c878fb5c-c2e2-4f40-a5a0-f297cc0e51b8,ad21cf61-9161-4409-af92-468be5a0142f,-5,0,2.7319880520202258,0.6480811840179209
0f9dc287-88fd-4b35-8df9-60ce766f7e24,2025,2025-02-15,c7345766-a5fd-40e1-9757-26d62af0b9af,851d8a88-2edc-45bf-b180-7b6c1744f5fe,17,1,13.398897412943075,0.9192890210571232
12d48a73-1a96-4f61-945b-be7747265d26,2025,2025-02-15,40960630-05f9-471c-b4a6-0eea2cb6345d,7f0a740b-2a56-4bec-87c8-7bf2baf05d58,4,1,-8.770276664106984,0.18048984763095377
196c4f18-a214-40b6-8cf7-24e9e8077faa,2025,2025-02-15,0a4ebb69-d8f5-4c7e-a7bf-b7ce3968f57a,60adcfeb-0ca6-456b-b51b-d8d3a324c55d,-6,0,0.21894042064324512,0.44649212182576903
1a497cd1-5d45-48a8-b170-41d50b1bcf58,2025,2025-02-15,628efcd7-4ae6-4bba-9542-11e108d22d8d,d75e1814-b8c9-4246-b06c-afe60d661528,4,1,0.34123747306151647,0.4832279577353364
1abefdc8-d95d-4aaa-927a-0a197d21cfe3,2025,2025-02-15,69293aea-705f-44e4-81db-36e52bcb1813,1799ef2d-85d7-4ba9-8048-33b1956ab3db,1,1,2.222194213281708,0.6375763726506684
1c71e195-61a7-4580-a73b-166547e9e36c,2025,2025-02-15,62c787d1-5e5d-4e44-b6e8-1c208f874eba,07b4923a-16cd-4490-8ae5-d61599212ab1,13,1,-5.373823155427922,0.307126427760112
1f3d0f8b-f625-48e2-bcc3-9d46ab1da345,2025,2025-02-15,47b99bcc-2f9a-41d7-8d7c-3f9e93809210,ff2fa864-282d-4503-9a88-8c10619b0e3d,-7,0,1.2690769391165675,0.6059238389823299
21a65d16-c008-4d88-956b-95ef10187208,2025,2025-02-15,88ae8bb6-fbd8-444d-8d22-f485d82d2e67,223e59ef-679d-450c-a409-d6ff2a5b5cc5,-9,0,-3.4537759085347126,0.3526819559664628
22c37003-8610-4bf6-86f8-bca7163e7f95,2025,2025-02-15,f89aec4b-36dc-4a40-a634-a744d4d646a2,cb8412bc-37cc-43bd-b58b-a5e5956df339,5,1,12.38264088246085,0.9270679815682553
2b39d493-8128-45b0-a22e-06051f165e79,2025,2025-02-15,483b9ce0-4c9d-43d0-979d-831c7298213f,02ee8976-6844-4a27-9f72-aca9acf8f5d0,-14,0,-21.84832340373606,0.028798259855181522
2fe45dbb-e83a-456f-b225-8df2ef5461a9,2025,2025-02-15,4926f0f3-ac12-4ca0-9cbf-eb99f9aafb78,3d3b199e-7c4f-4c53-b683-a77a8d8e697a,3,1,12.484703740772408,0.9022991652018274
3208a0a6-d078-4253-9ccc-7cb56436c7b7,2025,2025-02-15,ff488f80-9f05-43ba-b8dc-d7693b84c0ea,f3885a3b-f43d-45ee-96e1-f650af90dc9c,1,1,-6.736766379963097,0.29067424360036886
336e47df-85e1-49fa-867e-46196a44130d,2025,2025-02-15,75dd9179-8700-4b34-aeaf-2cf608aec25a,c333af2f-2819-4e30-8541-dbb64eb01cbd,11,1,2.9175916681415353,0.6722907684742262
3714d3e5-52c8-4c1d-a5d4-1b2a7123ca28,2025,2025-02-15,5b376c94-fc8d-4e0b-9977-1748d898ff24,7cf9cb31-3bfd-486a-90fa-8fa6f3bb44a1,-12,0,-12.476011113315407,0.07127270263344929
38b39e47-ec6a-4351-a8d4-07de0af316ec,2025,2025-02-15,b0e26736-fae2-4d59-85cd-4b5243f23c8e,0f2c89e1-1c22-4add-af3e-a7d9982de167,14,1,6.776609431291475,0.7824250759767898
3b984948-efa5-4ed4-942b-e309ca4a1f78,2025,2025-02-15,0eb90dc3-2a1e-43d8-80ac-bab6d917f78a,5f1bdada-9e34-442e-b575-0b6a9114f1ae,11,1,3.1794412607659717,0.5795225784527288
4120cba6-2743-406e-97c9-01c83950b2c3,2025,2025-02-15,14a1f904-5f97-4e98-885e-5d6c4f102ea6,83384eea-0854-4284-a875-f47d9b0c31d8,2,1,12.033854989425134,0.8975347144008831
4addce82-942d-4dd2-a9c8-02380344898c,2025,2025-02-15,58d76bcb-6251-4be3-9fce-6e748e521d87,3bc11d41-6e7a-4932-b0d5-e15a8f310406,-9,0,4.411139407548525,0.7560164849972704
4fd3b71e-68b8-4a5b-b5fb-7598d4e4ce19,2025,2025-02-15,e1c5e9f4-197f-4a7b-b871-bdf72ca0cf3a,b704622d-2904-4237-b9a0-a9865096fefd,-4,0,1.4012735941616787,0.5783065468253513
5607eacb-b2c6-4948-afa5-24dd159fd6ce,2025,2025-02-15,52355b41-c560-4fd9-b83e-3bec2763822d,48f318bf-54e1-4e42-b6e9-47c3bdaf4fb8,-4,0,2.6746707541450307,0.603911460075515
5e3b9215-ebc9-4e7f-871a-43980fbc47e5,2025,2025-02-15,e20e16ce-0f28-40e0-afe1-5492395d5e53,050cf087-6e1b-42ef-84fe-368ac1929774,-2,0,11.626568798117221,0.8524209752151375
5f8da473-d717-4ae0-bc74-8d4146815ab6,2025,2025-02-15,b67edcbb-77d5-4a29-aa67-e1733b9a001a,231d7720-fba0-4331-b1da-8412227395f7,2,1,-1.5303295912405157,0.4496064666216505
60441aad-1665-4b82-aa94-8a9d55490e3c,2025,2025-02-15,ed973a10-a469-4337-9742-eed664c61168,c7e47abb-629e-4b69-8d41-c87333fbe6b4,-5,0,-1.3679898025173145,0.44237087124815727
66e146f6-2377-448f-ab5a-2e9f2e8cc76a,2025,2025-02-15,d1dca835-9ba3-4f00-89e0-533fcfd2b27f,a7fd1d4d-445e-4899-9731-00f7bff74284,-16,0,-1.4749350281404492,0.4128658321083931
6925a90a-fd53-4a03-9745-ce79770a6dec,2025,2025-02-15,cd6bef67-d192-4740-b7be-731c52686c54,06f12e7c-35a4-46e1-a2ed-0cacb16f9b68,1,1,10.8097502692198,0.8815818855731541
6a657b88-00f5-430b-82f0-b3c9b8ba24c2,2025,2025-02-15,46f85354-63b8-4744-8b13-341ea0a30c2a,7e01ae0c-d2c7-4d9c-beea-2da953b4c037,17,1,1.5346380038131429,0.5524448963824081
6d23c8a9-2f4e-4df4-bc72-4582d5fd9367,2025,2025-02-15,d2d39132-b6f8-4e0d-96d2-4e89419550fa,308dd2dd-d731-4927-9bf5-e8aad5900158,13,1,0.9344898471190012,0.4743701424624304
6d2eab5b-f7b6-48fb-9d27-872f5c6d5ff6,2025,2025-02-15,67503cd7-a244-4820-afaa-485db8ea877a,469778d6-39b3-4cd1-8bf4-f40903d78c5d,-1,0,3.5126593451822536,0.5730092659007957
70d8498b-aa04-4f4a-a9e9-6ef34956774d,2025,2025-02-15,1b9c388c-a2e4-42dd-9e21-4841ed46cf4d,61ce5009-1768-42aa-b377-fd95cefd07af,1,1,-8.677495611967117,0.17911506950693082
715fafdd-78fe-48f8-8e2a-a9f3f2fb00a7,2025,2025-02-15,d915e7c4-a333-4d6f-9c21-5904d58e75bd,935d92c1-aca9-4b21-9e0d-b6c396fb067c,-14,0,-6.494054065475642,0.2625035919311652
71ae820c-c886-4300-a521-19fc5fcac4a1,2025,2025-02-15,6bc97d46-dcb6-4437-a79f-2d351169817d,741b4fec-9ede-4efa-a807-8c1679e962a6,5,1,5.663094526530931,0.7262746918636707
7276f799-cbf2-45ed-bdb4-8daa51aabb27,2025,2025-02-15,f02fe504-2b2e-4ed7-b9c5-4c7e6e224682,2389c341-a290-43f4-b0e8-08ee6a15c14c,4,1,3.453958214992526,0.6841438817769026
73535bb6-bc53-427c-9428-7b2142694cf4,2025,2025-02-15,9c2f288e-9523-4b69-ae64-ab0876fec6a4,8bbfa6f2-6178-4c2b-bf17-66fba7623c4e,5,1,2.380153597932138,0.5886045739142354
785fdfd5-849a-40ed-970d-308884ec34b9,2025,2025-02-15,416d2dd1-15bd-48e9-82e6-9277c0ab829c,f0489380-9e3d-4613-ab85-fc32d9368997,7,1,7.47883625936596,0.8083581289888365
7b80efda-a8a3-4e45-af74-4a29dfb870ea,2025,2025-02-15,bbd86984-093a-4854-845d-01d65716f8fa,22865798-3256-425e-8eb5-60e1edf9403f,5,1,6.234907908014448,0.7197663842786052
8108d5c5-060d-4e36-9f33-e89aa24112cc,2025,2025-02-15,9ba0c75f-bad2-428f-9038-d695c2385098,705e808f-a589-4af4-8baa-45ce5b2e969e,37,1,14.941313723552202,0.9518085029729573
814453bb-f696-4ddb-a5a4-71fb3d9e1289,2025,2025-02-15,4b6cd009-754d-44ee-9433-124bad801b02,42a1b5ec-9263-4e7a-8f55-df64f85505e6,3,1,5.939751738145298,0.7304828660003688
81fbf714-d298-460e-8ab2-6733084d5984,2025,2025-02-15,391f303d-08c5-44cc-83c6-60595fc71068,2866b25a-1e5a-42be-8763-ad87278ec1d9,3,1,4.281786505545469,0.6966241703448471
84986627-43d7-4957-a25e-aaa60a1ca735,2025,2025-02-15,5c7c373d-1822-4c63-aa7f-64745cc99c52,07c201cc-5a34-4a3b-9fc9-bae4c20b7c9f,-10,0,-11.508922130622627,0.12753246911064028
8cbd3af9-c86b-47bc-ae02-24bd01addc3b,2025,2025-02-15,abb24ec9-06c7-4ac8-a0a7-299760b256d3,e66c14f4-c6eb-48be-8caf-0deb5a03ec15,10,1,11.151827908811653,0.860555081834008
8cfd2e41-4eb1-41fb-8881-27350cdc9ea5,2025,2025-02-15,000d55e3-3608-43be-aebb-6926cbe6b7b5,bd53017b-0998-4291-a0d1-1c9f45306402,-22,0,-4.613243629070906,0.2885480263474363
8e5f17e6-4f39-401f-9ef2-ec6643a48c26,2025,2025-02-15,fa6de946-411a-41ad-8bfa-6526c949108c,5320a4de-9279-4990-9ee8-6638339220e0,7,1,4.8791470699826665,0.6836248110211522
8eb6def3-3851-4e83-a18e-7bde9c48c9d9,2025,2025-02-15,42833efc-4047-4751-b5dd-8f5c6d05e355,a67d2a73-fb71-42b8-97b7-9b72a49efc06,15,1,14.675393655173195,0.8668084386240505
8f25a2ea-f1f4-45a0-bd49-fcf0ce1983aa,2025,2025-02-15,3aedc020-716e-4a2c-a7f8-ab1abaf53d87,821de2da-b464-49f2-aeb1-293e7aedd6de,-4,0,-4.623168866288168,0.3194845688226187
9259160d-194b-4512-9adf-940603ba16bb,2025,2025-02-15,62d54283-52d6-4daf-901e-b6ae1bdf29c0,78926156-3797-4ad3-aa39-fff13a311d02,-26,0,-8.723095741596604,0.19644275679172865
936c9ddf-c41b-45cc-bd5c-807bdb2b2b4e,2025,2025-02-15,3e287cd2-e8fe-4612-a996-d02de5cd9fb2,4edc5314-8f1f-46cf-90fe-fc3094be42cf,7,1,-3.7076329577581544,0.29965623648180856
98607500-5eb3-47f4-ba0a-aa48e322f5ae,2025,2025-02-15,144de2cb-963b-480b-84b4-10b39d4562ef,eb7098ac-5154-42da-b703-d3b3958b198c,-6,0,-7.519673257756119,0.16751027152537348
9868e910-5c69-475c-b307-6adb661d0ce6,2025,2025-02-15,52414cfe-b45b-4eab-a88b-e509aa446dfb,fd64c7b0-4a53-4590-bed6-59bbcddb0f63,18,1,5.673307502824704,0.7012033227443688
a263bf7b-317c-4842-acbd-41a2068fa14e,2025,2025-02-15,ab5be1d8-ac8b-4c5c-8e26-320585a8bdef,69642ef6-85e9-4dfe-ab65-4cca6a1688d4,9,1,9.912811371645583,0.8478276651450535
a35bee14-bfd8-4a55-92f1-27a34d7a5ccc,2025,2025-02-15,6482154d-967c-4e24-af4e-6cdb9ef80e00,5c86ee1e-ee35-4d51-bc08-bbca68bc90f1,13,1,10.699993372946684,0.8292568178273879
a383a811-042f-4e08-9033-71c5704c9459,2025,2025-02-15,1f8df44b-d154-4a8f-8c48-32b36db0cd06,66244ae3-7fd6-49a7-9304-4ae41bea9ab3,15,1,4.68615151923068,0.7275466580829167
a63ee495-872d-4ff1-aba9-db0952fc4f4d,2025,2025-02-15,91e8763b-21ee-4929-ab39-6a46d1d62e33,fa9fae48-c4f0-419f-97d7-5e2ba9d47858,39,1,-1.151742899579662,0.4899659529759051
a7a4c83a-8091-4827-94d7-074af20db4d4,2025,2025-02-15,f1e9470d-a3c7-4ef1-8583-6bb917490ac3,c90512ea-4ed0-469e-a936-7935ade0caf0,-2,0,-9.555512740394784,0.1509220043819827
ade02f04-e3a2-40bf-a73b-c0c634b0a3db,2025,2025-02-15,24cced85-1369-4dbe-8abf-92fb8d456618,1835c2ee-1e17-4d18-9ab8-a1bb3678b947,8,1,-7.005445980640829,0.2331644950605155
b0aedc45-aa60-4051-815d-717e1364e241,2025,2025-02-15,c75216c6-4563-402a-b8d6-b8434793ea38,02361e70-3d89-4b56-8d25-73ea2ee389ef,-38,0,-10.958243502118286,0.09316571028752524
b35dfb8e-77c2-4b8f-9897-80d2bfe3b984,2025,2025-02-15,a2f3412c-1391-45d6-9516-eeef28f38cff,cf3707e3-2f2a-44dc-8d7a-4d16b2fe78ee,11,1,-4.5662825891827366,0.36576030638202434
b3a923bb-4c2a-489c-9609-c710fd55acaa,2025,2025-02-15,82d0fc94-2404-4659-9764-1b8186e037b7,f4598131-de83-4e8d-b7cf-dc008ccca8aa,-17,0,-5.792702049841434,0.35251066798564706
b5d6116d-da0b-4616-9875-40f211ea4efd,2025,2025-02-15,8a391aff-89a4-4586-9d57-71299178703c,31a68979-4cbf-4e59-be9e-82043f581ff6,-4,0,0.9502761003223806,0.5067226805490765
ba9db385-3f1b-4e73-a5e2-d903f4f62932,2025,2025-02-15,46a5f9e6-fe34-4ea4-867d-ba4e31297465,17dd690c-8f33-4c2e-94ef-326bf0628517,-10,0,-5.341373688763775,0.24602113456340385
bba8dba1-dc6d-4dbf-b7c0-7b0b8354d897,2025,2025-02-15,0f0ea376-1ea4-4b1f-9a4f-e7301a0318a4,3027d417-64d5-4892-a6c3-c77edfaff436,7,1,-3.5667541511152003,0.33164345837073245
bbe12b04-128b-4511-bb41-24c03450b7c0,2025,2025-02-15,c6cabd85-4834-4f62-94ab-57143286b512,641dc594-03c5-4ae6-8564-0ccb3c8edc77,-13,0,-2.2712271696815307,0.39981343626159854
bff10b04-aff6-4026-a515-addddec505aa,2025,2025-02-15,f8ed9667-67c8-4fc7-a946-d81c4cbe8fed,f9261c55-02c0-49db-9993-f5d64a97b21e,1,1,-12.88257069967076,0.0882465687835429
c1c6dd39-f5c6-4f95-8a5a-91f3423b71d1,2025,2025-02-15,714115a3-e87c-4c38-be62-cfe9dada315e,b58599cb-bbcd-41e0-9746-6ce1ed5597d3,-4,0,-3.1888412187084065,0.3929234028889209
c1e5f447-5099-42f0-9b30-42baac55a28b,2025,2025-02-15,64975048-1db2-4ded-ad28-05b8d8aa9c66,4a976ca8-f51c-487c-ba87-dae41ddaee24,21,1,17.23314882274404,0.9164428254798056
c7b0472f-9ae6-4a01-8fa5-da81cdb513b5,2025,2025-02-15,b21fc872-90f0-43b9-a07f-97e7531c8898,cabaff64-a388-4861-9374-977555d19efb,2,1,1.7773838339352395,0.6637251297353579
c853edb6-9674-4a10-a156-8564a1e6a94d,2025,2025-02-15,daea7f8b-7386-4fa6-8921-870a3e848b4a,bf32f747-5e9d-417d-890c-89407933c4c6,7,1,4.658305770601609,0.7113041219963768
cf50706b-6892-4383-bfad-25ba93abe9ac,2025,2025-02-15,a6dd499a-eb6b-4f8e-9094-d8eb96b3547a,9f7dac5e-38e1-4e63-9e50-e6b0d822fddf,12,1,13.415515866360684,0.9366256757180399
d1ae7731-6725-4ff8-9a0b-30ef34196772,2025,2025-02-15,17ba9bad-9d46-41c6-9781-6a1e204da7b0,cb86bdfe-2665-485f-9a44-846b23bdb2c3,5,1,0.5540175431620017,0.39426202684961537
d1eab68c-b5ab-48bb-8805-ab0d08358f31,2025,2025-02-15,7732f0ad-152b-481b-be13-de99facad3ed,bb02a3be-6beb-4745-b200-3a49f5224f0e,25,1,19.704383863786923,0.9826217898816811
d2a5819f-4e6c-413e-8258-d8d1376c90c9,2025,2025-02-15,e6431705-05f1-4df2-9721-8369a3a493dd,2e0b49d9-a257-42a3-955c-b0b0af5a12db,12,1,10.513272671255761,0.7019302521439461
d6eb8be3-c344-4156-8dd7-81eb5181a8d0,2025,2025-02-15,ccaa9380-5136-4fd2-b639-f5f54936ac7d,c87682db-2ff7-4c63-9820-df6c8409d5b3,3,1,2.1980255365958796,0.6272834745540218
d73ef209-93bb-4e98-bab4-3f20677a21b7,2025,2025-02-15,ad9fa352-0a34-41df-8ad8-38855ef63d91,51d48e8a-41da-4087-b00f-c65fc8fc1ce7,11,1,13.709163426674245,0.9079484154410046
db9131d2-e1db-449e-97e2-d08c8818b80c,2025,2025-02-15,19b01b27-3931-468b-a50c-6636aef39c7e,12d2dbd5-0799-448a-a49a-671c218c8bbd,12,1,6.023298616213872,0.7029979937908232
dcd1ce2f-d170-4307-a478-51cb01ed26a1,2025,2025-02-15,d6a348c1-3237-43da-8690-d309d586a66e,195318b0-fa80-45e8-96b2-e83346e70a64,-7,0,-4.55423818739708,0.3135576845869343
de9dd3ea-4cb7-4695-ab3f-e43d3b0b0d45,2025,2025-02-15,8daceea0-e7c6-443f-9452-f56f9faa56de,5d66e35c-66aa-44ac-b72b-33066edb3e20,12,1,0.46987445811337825,0.5394046121107348
e00e16f0-47ff-450c-ac02-8186ff9bfe8e,2025,2025-02-15,2fe58a98-ca14-421d-83f6-aac80bab3780,b24e3987-105a-4e03-8184-b15b2947a98c,21,1,1.0539742785554658,0.5409777546675175
e3f7b27a-cbbd-4c63-8928-407c31c9ddf1,2025,2025-02-15,b31c989d-1667-4be6-8a91-193cda486b3f,37d0bfe1-4a78-4810-9371-3268e54026d2,-1,0,-7.966727944952017,0.2310370103793864
e6449c5a-3c3c-46b0-b2b1-b552b0f50928,2025,2025-02-15,7d5a75d9-3168-47d2-92b5-e680e056b479,983c0982-0fb8-45e4-829e-306cf787ba2e,4,1,-0.7136548353863411,0.4800321750752183
eab70321-2c6d-4bc8-bacf-37ef08173b5a,2025,2025-02-15,2fa161f0-e26c-49a0-8eb0-b2810c4d4845,63da3cbd-f74e-4ba0-8273-8bca25a54f73,-3,0,-1.657216077001596,0.43958519971424054
ebf0ddbb-11df-4c8b-85e9-e489be95bf6d,2025,2025-02-15,dc7ff97c-c617-4dcd-89fe-5e702fd03890,17eb5319-07ae-4f0e-b1d2-8e828b07ed79,5,1,-1.3735863508937247,0.48723810411916135
ed39f6de-523e-4abf-bf15-8218dfdae18a,2025,2025-02-15,593820ae-e46e-43a0-a5b3-904904eb9cef,8deb21ba-48b8-491c-89ab-0b360062d211,2,1,5.321110184337902,0.6403406802172189
ed8ffe2f-7a05-40f1-b423-8700473a03fa,2025,2025-02-15,d894373b-dca9-4d1f-a9c9-a123f8c1b600,19313cd7-ad44-47d9-a9ef-b9e0c7238466,-7,0,-9.439458934947746,0.15595219761637427
f16f3eee-b471-4fec-81da-9cccf774f099,2025,2025-02-15,871751b8-eb3a-4919-bc58-ab82887e29c6,0485ce67-c9b0-4725-be73-d3185a14e575,11,1,8.99560921412796,0.8417715640312945
f4f238ed-25e9-4565-980a-c1d9906a0e65,2025,2025-02-15,3ed32cdb-d2a0-473e-9db0-fd63aaf9013b,325d11bf-595b-429a-8342-97fe68b1a3cc,7,1,4.4983050788520345,0.6384548421251285
fa10de38-7456-4408-b635-9f653902e40c,2025,2025-02-15,ae911605-551a-46eb-aef9-06f9a60479c9,79c6b473-0e11-4c2b-aa4c-8523cc9afa48,-4,0,5.500421089183038,0.6858840081515146
fcdd637d-0ae9-41da-9a39-12fadd983208,2025,2025-02-15,17900399-e4eb-42bb-81ed-06f5be1309b7,51ff831a-13fe-411d-a486-ed3c7ea2fb5e,12,1,9.942167500639993,0.864489174336634
fef44c21-f237-48dd-bc8c-6afae2a19e20,2025,2025-02-15,bc9cb402-a9b1-4644-acdd-ae7e0571be90,6a154b5a-b7dc-4299-86a1-c9ecd354b8c2,27,1,14.447143923826475,0.9381109320980845
ffc45145-af54-4ecd-bf98-eb792c54360a,2025,2025-02-15,f0929311-9f5c-421d-8573-4b4bee0c314f,dbd1798b-2cf1-49c5-9f33-caefec39594e,-12,0,-12.178215291408678,0.0919203984488019
07843d62-3184-472a-9f77-e1a3ee07a8ea,2025,2025-02-16,d52e191f-c4a5-43a8-b16a-1d87ecf7ce9d,b8772a3e-c4fb-4396-8eb8-b30c8a36abb7,5,1,1.479053876266741,0.6338904063225878
0e64076e-9359-4855-8b11-ef0e5dc775f0,2025,2025-02-16,3be5fa30-2fd3-4af3-bfc0-39db2dcb523e,5c6768d4-83c5-4e23-aafc-55ac70126454,-2,0,-2.304496520326656,0.41739439297207165
0efdd29d-f600-4420-b973-505d11722062,2025,2025-02-16,fb109583-87bb-40c1-a02d-7d40bcd7c52a,ad36d475-e577-4c2f-b8db-b2d47d1fab15,-13,0,-0.6267336703898092,0.5450293355273197
3ed1d82d-35a4-4461-9cb4-1ad0538017d8,2025,2025-02-16,f22ee0eb-5079-4c19-b46d-7d40e14d7636,b9840fe4-f776-405a-8b8d-3c388de0792b,-7,0,-9.282829165196977,0.19662227301003254
4565ac5a-e315-4dd3-9d18-49e1a99d2e2d,2025,2025-02-16,7532f347-4701-4460-abfa-98034c2ce687,031d384c-ac9d-469a-985f-3214f2b9972b,11,1,-6.37461380712069,0.25180652482430305
472b3b69-4ef8-4b53-87df-d62769f83b7d,2025,2025-02-16,8848c09f-0c71-4cbf-9d0a-84da72f6b649,e6a72d83-0126-42a5-b202-cd710e233fef,10,1,9.987781501247817,0.8407824660569825
5ecf3f94-1f5b-4728-876a-6d2f58c3bc78,2025,2025-02-16,3dd34e3a-6cf5-419c-8042-503af5d36e7e,700f42bb-65b8-4e08-bfdf-8dba2e0bd260,-2,0,8.719676626294158,0.8158836593814905
72186639-0238-4e26-908a-af50db9e08a4,2025,2025-02-16,8d515064-54c5-4eeb-a095-ad7ac6839d0c,27bf19a7-be0b-4fa0-8dac-8d9b7df5f363,26,1,13.29453889518816,0.9467573925598074
89781b18-ce74-48ac-804c-3cfa2b073cae,2025,2025-02-16,43624e99-f362-48c4-b203-9af174b24be3,ba8ae2ef-827b-47e0-bcec-bf76fe44e37b,-15,0,-9.797333499224834,0.16838172528940257
942ee96e-088f-4b66-a49f-e8a04f29262d,2025,2025-02-16,5858896e-5e67-463c-a38c-c7431f157945,44242fcd-cd9f-43aa-afc2-5a12ea89394c,-3,0,-5.337608114073498,0.31395512213086874
97e6837a-4671-426e-9760-68eb00512e37,2025,2025-02-16,b04e184a-6805-475b-95bd-7e19d2fe95c9,cc0e2cc0-da4b-4021-8739-c0e7e235467b,-7,0,2.0251218793706482,0.6284361682184809
a2dd4ad0-2bb9-4510-8ebe-5bd6b5fa1db2,2025,2025-02-16,571d2904-70d9-4de6-abfb-1d716ba43f0b,de0352b5-4ae9-49af-a027-b0dc86a005da,5,1,-1.7454016967333468,0.4642971829986231
a6f6397a-4c84-4fff-9ed1-291a96413d0e,2025,2025-02-16,561ee565-69fc-4571-95fe-32ac563e53f0,a7689181-61c1-492f-83e6-a64bca6e04f9,10,1,-2.8538807587375565,0.43932754874468993
a7993ed7-dd00-4a31-b7bc-763cf897bcd8,2025,2025-02-16,52f17f8e-1af3-4d55-8323-0292fdf33297,02073ad7-1bb6-47dd-a1fb-fae5e0bc2ed7,-8,0,6.394369400523841,0.7151902271790721
b31d14ac-c6fb-45ce-82e9-4bf7963b36e7,2025,2025-02-16,52aab06d-922e-4906-9dc7-3c0fe7d3e2c2,e383167f-2c53-465a-b2fe-0d6bd7c69b27,-1,0,6.153633819961539,0.7446522155409997
b781671d-4d68-49bb-8385-ce877f40b86c,2025,2025-02-16,cc4cdd9c-0563-41d0-bbb7-29b825db8e55,75d1bc49-ce2b-4e7f-82f2-26e690f29375,6,1,7.987223775596887,0.7832297356916651
d432ec88-ae96-4b58-8a4a-e85055ef2be8,2025,2025-02-16,e51388ec-8e0a-4c32-a70c-4890e3e61d3a,6ba99b19-8a61-49da-9325-3e04939d3d5f,7,1,13.428765269029345,0.9074806213245732
d96ff30c-ebdf-4898-9bab-b3d66e450ead,2025,2025-02-16,a5ebc512-a148-4140-b60c-147132b3097c,ce88cc81-96d4-48c0-ad06-ee0c2d3d7663,-4,0,2.906411989529612,0.5384033014614319
e77418de-f006-41f2-a973-641ccef3cde3,2025,2025-02-16,17e47b02-02b2-4bbb-a838-a4695fbc099b,33efd80d-8446-4d83-97fc-e864b132a0c8,18,1,9.992149445714919,0.8469275619027392
f518fb16-53b6-4322-a6d4-5b6918eecd73,2025,2025-02-16,73493513-0a1c-4fec-9e40-429225bb809f,88c5646c-b1a9-42f6-999b-56d8198e37ea,22,1,6.189368919534975,0.7828511780103572
f57352f5-7209-458c-a31c-9f1e6fd6e4f9,2025,2025-02-16,7bc45016-4549-4672-9453-69c2a81aa576,6cd07c06-66e5-421d-a8d3-84cd9833bce3,1,1,3.7151756516489636,0.6476086459313266
f7ab1f7d-50ec-4b90-84d5-c1ed5b60d770,2025,2025-02-16,f9a35e93-6a9b-427a-8901-d74cf3f23676,6e056aa7-1906-4546-b6db-5910356fee72,-3,0,-0.6932108448907834,0.48667273842655856
fa118e88-b031-4347-b731-63deedd2822d,2025,2025-02-16,f63b8169-081a-49c5-8b53-2f7b3e524fb8,0420bfac-8b45-41ad-b228-89893a037d4a,3,1,7.5363768187147055,0.80661755216106
158fcf4f-f015-43b5-a3dc-4797a9b71b8b,2025,2025-02-17,60adcfeb-0ca6-456b-b51b-d8d3a324c55d,9a0196e9-6b45-40b9-b0d0-df6bb1c90dc7,17,1,8.907026535538856,0.8231007985237316
2015080f-b03f-4b2f-9ed5-4066a4c37535,2025,2025-02-17,ae911605-551a-46eb-aef9-06f9a60479c9,17eb5319-07ae-4f0e-b1d2-8e828b07ed79,-13,0,-2.889667205375259,0.3522245658944615
263efd84-98f7-4994-9496-4c712a8b9a08,2025,2025-02-17,8860a6b6-e60d-437e-afc3-b42e8cab8d79,2e0b49d9-a257-42a3-955c-b0b0af5a12db,30,1,20.854433920672335,0.985174806287192
70db7dd7-fed8-47db-b963-ecb46954439b,2025,2025-02-17,b24e3987-105a-4e03-8184-b15b2947a98c,ba48df8b-809b-401f-a758-25c39aa2d50b,24,1,11.04077551572996,0.8892048209473284
7bf22ab3-43f6-4dd7-af02-b4d9aa35576a,2025,2025-02-17,0f0ea376-1ea4-4b1f-9a4f-e7301a0318a4,a67d2a73-fb71-42b8-97b7-9b72a49efc06,5,1,1.0630276090217445,0.6003006773389543
7dcbbfba-aa79-4d22-97e0-dd6ecd42e5ee,2025,2025-02-17,63da3cbd-f74e-4ba0-8273-8bca25a54f73,48dab38d-2a0b-4201-94d9-c6ffaf736974,-18,0,-22.99182733988988,0.03026489425165149
8ffca4b0-a06e-45cc-a8c8-6c03cc3a4ce1,2025,2025-02-17,a6dd499a-eb6b-4f8e-9094-d8eb96b3547a,c4972de1-bfaa-4820-893c-10adf1095f0a,9,1,5.015582913264222,0.7229899896329897
9ee57cb2-6961-4f8e-a847-2ee2fef72b42,2025,2025-02-17,5b376c94-fc8d-4e0b-9977-1748d898ff24,dbd1798b-2cf1-49c5-9f33-caefec39594e,-23,0,-24.155667789962227,0.02509804779135671
b6cfd96b-4b6a-4219-b21b-c77d504e8076,2025,2025-02-17,483b9ce0-4c9d-43d0-979d-831c7298213f,326d518f-eb6a-47aa-9739-13bc340a9a3c,-16,0,-11.131604881440715,0.09346650046791216
d19f1d54-8891-4335-a2c7-fce0ba0f45d5,2025,2025-02-17,b0e26736-fae2-4d59-85cd-4b5243f23c8e,fe967dc0-fdb0-46b0-9629-0fd108949abe,6,1,8.979090489405062,0.8697739060084627
e7d075cd-a0c0-485b-b79e-1d42bc3a33bd,2025,2025-02-17,c91670da-50fe-4e29-9e0d-e0a2d01897cf,f239ac13-f7a1-4acf-90a5-3cf4c6fd3355,-7,0,-0.19877768252558914,0.4071010167453193
ea049716-e152-4a88-ab5b-a0aa21f58073,2025,2025-02-17,f0929311-9f5c-421d-8573-4b4bee0c314f,7cf9cb31-3bfd-486a-90fa-8fa6f3bb44a1,-14,0,-2.645290896024648,0.46383030652544727
ef7da120-fda5-4c88-b256-e3b914e9d7e2,2025,2025-02-17,4319d016-ec3c-434b-9398-c88b1bfab01e,9f7dac5e-38e1-4e63-9e50-e6b0d822fddf,22,1,13.174853837634878,0.915202908319806
fed9d647-05e8-4021-a4a7-57ed4e8bc217,2025,2025-02-17,dc7ff97c-c617-4dcd-89fe-5e702fd03890,79c6b473-0e11-4c2b-aa4c-8523cc9afa48,9,1,4.179907346351597,0.6731966670991568
08ce3e4a-588f-4da2-988a-75730608b6b5,2025,2025-02-18,f9261c55-02c0-49db-9993-f5d64a97b21e,07b4923a-16cd-4490-8ae5-d61599212ab1,7,1,8.848825348777135,0.8098813540528272
0ea89f70-f41a-467d-9c1b-8133e337b53d,2025,2025-02-18,aecf6cf2-725b-4450-9b49-8491e6a4ee0f,f3885a3b-f43d-45ee-96e1-f650af90dc9c,-8,0,-2.118643944613015,0.41246703559621567
1c47f7f6-f600-4811-9ba4-55c5e0b1473f,2025,2025-02-18,821de2da-b464-49f2-aeb1-293e7aedd6de,bf7cd127-c979-4181-8f7b-356415e2c15a,-7,0,-6.707340775099658,0.25367321786816377
1c67cfba-5b8c-4366-ab74-1da15294de11,2025,2025-02-18,76eb53c2-0367-4d59-b619-799a7aea658b,0562b0a8-dbba-404d-9aa5-930ebe50c9b3,16,1,0.7534809630108568,0.5185150194818507
2d06141e-ce76-4660-b638-13e5384e8dd0,2025,2025-02-18,3ed32cdb-d2a0-473e-9db0-fd63aaf9013b,1835c2ee-1e17-4d18-9ab8-a1bb3678b947,10,1,-5.840174613569633,0.3353648451250672
2f7008a4-e88a-47f3-8c0d-65ea869266bb,2025,2025-02-18,db5b4ba8-4030-4125-845c-337b3ed300b4,f8ed9667-67c8-4fc7-a946-d81c4cbe8fed,24,1,20.850141786597433,0.9834345935817952
3728bd29-6295-4d47-a6dc-1c173b30c6e4,2025,2025-02-18,375d7498-7795-4ff1-bcf0-e13cdaccd9e5,ad46d3d3-a8b8-45c5-a46d-913240ae2832,2,1,7.443078000563847,0.763969498443278
372f602f-9186-40be-bcdf-9c85dcf63acd,2025,2025-02-18,a1594c03-e784-493e-8435-66f585997595,9df3af06-d207-48e8-a010-41797b070072,9,1,3.7779378665060657,0.658102542136956
3f9de8e2-e75f-4911-a656-97a0ed85189e,2025,2025-02-18,c4101885-e600-4596-80ff-bc637c56221d,a00214a0-9c1b-4018-a085-500dbd55fb17,8,1,8.666070715099922,0.8299744597698514
44a02353-2cf4-4748-b459-6f6ae8c16150,2025,2025-02-18,31a5142f-21b1-4d3a-87fa-d39f7746b7a8,ac42cc2e-26ce-4ace-8d1f-28d21a1c77b2,-3,0,13.33718220846647,0.8783859571469984
4c9b4b87-2358-4f72-845c-00f3a16028c5,2025,2025-02-18,c878fb5c-c2e2-4f40-a5a0-f297cc0e51b8,5717b8ad-bb6c-432d-b223-01a330a59686,26,1,0.36299896387138714,0.4680356520227391
5481ca9f-08fd-46a5-92a4-cae81bfd40ad,2025,2025-02-18,46f85354-63b8-4744-8b13-341ea0a30c2a,7c82650d-eccf-476a-b85d-69a73b6b7f8b,23,1,20.151731750930708,0.9739820000983435
58116443-fd8d-4330-adf4-bff82fa91666,2025,2025-02-18,47b99bcc-2f9a-41d7-8d7c-3f9e93809210,14b85f13-07f7-4bd1-8f5f-32720dbe1c9e,-8,0,-2.023161320691012,0.38116308756138434
6f85c8f6-31b5-41d2-8f49-4a57e0167c3d,2025,2025-02-18,5a320db8-a83e-4f46-9418-25176d12a65f,2de57d84-8b9d-4def-9a66-315270ea5d18,22,1,15.621236586119318,0.9445987574471872
7250f6c1-1f5a-4882-b33e-e3670c0c8bfa,2025,2025-02-18,325d11bf-595b-429a-8342-97fe68b1a3cc,c504f52c-c325-424d-ae65-da37bf8e5820,1,1,2.8593001836648244,0.6592637258861049
7e09c47f-c677-43ed-a5c8-97930b0bcf67,2025,2025-02-18,ab5be1d8-ac8b-4c5c-8e26-320585a8bdef,144de2cb-963b-480b-84b4-10b39d4562ef,11,1,4.69453767652238,0.7902389123493456
89b0a2fe-a3c7-4b1b-ab44-1f97c3bbe5c5,2025,2025-02-18,77bcefa1-a18f-4280-a5c9-2d1573b78e0a,ff488f80-9f05-43ba-b8dc-d7693b84c0ea,17,1,15.269094607388416,0.9478176766739751
8c7615c6-5c66-40b1-a7eb-c46c6e903b99,2025,2025-02-18,f829b41d-4185-4fb9-98e0-bd7bd9b6bd7d,b6c7c93e-bdd7-4df7-b73a-c1fbe953199d,21,1,5.590275108213556,0.7372587312033736
911a5a7f-51df-4909-96a7-cb6d68cb4a11,2025,2025-02-18,6482154d-967c-4e24-af4e-6cdb9ef80e00,ad21cf61-9161-4409-af92-468be5a0142f,18,1,19.706754234872854,0.9828849607380831
9909edea-12af-4b63-92b7-df8d17a127d1,2025,2025-02-18,9e98a2ca-2d40-440b-b4d9-906cd168c9d7,6628afb6-e6fd-4d7f-be94-a19527da56fa,9,1,-5.746449761890259,0.32199802582162723
993c821f-f084-491d-bb1a-a090f9f65d0e,2025,2025-02-18,41ff62eb-8cb9-4e63-9c2f-50989d3e65c1,03e9598c-4271-4840-ae88-7c7c36f2b10e,14,1,-0.05225044818095134,0.5187616890256961
9c5cd22c-c3e9-4387-8f3b-f5abbcaec5a7,2025,2025-02-18,8bdfa757-6fe1-4ee1-a1c5-279e7f35fa1e,2fa161f0-e26c-49a0-8eb0-b2810c4d4845,18,1,4.781711198234497,0.6947392313355052
a640258d-0326-4508-ac8f-f01a1721f66f,2025,2025-02-18,3aedc020-716e-4a2c-a7f8-ab1abaf53d87,24cced85-1369-4dbe-8abf-92fb8d456618,-33,0,-6.626126652695345,0.3195825132118401
ab9d2299-35e7-49e3-aff5-7569f08f17b1,2025,2025-02-18,48f318bf-54e1-4e42-b6e9-47c3bdaf4fb8,12d2dbd5-0799-448a-a49a-671c218c8bbd,-11,0,1.6701454920926462,0.5915323380296289
bbfbf3e1-8b41-4aea-bcc0-9e3bc9c7c95d,2025,2025-02-18,c7345766-a5fd-40e1-9757-26d62af0b9af,0eb90dc3-2a1e-43d8-80ac-bab6d917f78a,13,1,9.399467722178223,0.8468433788908383
c0fa77f6-ba87-4194-8678-2fe9dcdce44e,2025,2025-02-18,5ea1ef3c-5f24-4989-854e-a24a9e31ac74,7a78a9a6-0d5b-4fae-8fb4-98bc816ed903,7,1,8.572575568770386,0.8379480718547935
c30b2978-d85e-4b56-a25c-556302d79799,2025,2025-02-18,31a68979-4cbf-4e59-be9e-82043f581ff6,02361e70-3d89-4b56-8d25-73ea2ee389ef,3,1,-8.074406056600187,0.20691272930796545
cb5556d6-281b-4668-b6cd-423d616d108b,2025,2025-02-18,9123b907-3559-421d-be7d-7e238eb0c266,904ecc4d-857b-4150-b986-50e605d84b61,10,1,18.114690753951535,0.9519911322621193
de02e92e-2022-4f81-8499-6f2578ebb6fd,2025,2025-02-18,8a391aff-89a4-4586-9d57-71299178703c,6dcee41c-8ef7-4afd-aa5e-6e7fa77886e0,-15,0,-19.266493916966148,0.03073778504873122
ead525f1-b9ea-4d3b-96a5-3657f1881efa,2025,2025-02-18,f2fcffd8-915c-4fdb-a632-8b5b621bc999,ddb253d9-6526-4c32-a7a2-4462d6abe45c,14,1,13.939159511339717,0.9508284226875453
ed2c2c45-c768-4e4a-9234-179b88f605ac,2025,2025-02-18,8dae6732-0634-481a-90ac-d73bf6a19566,5c86ee1e-ee35-4d51-bc08-bbca68bc90f1,16,1,5.918050180574217,0.7852284436303122
f7593862-e6da-449b-967b-616d79511790,2025,2025-02-18,42833efc-4047-4751-b5dd-8f5c6d05e355,3027d417-64d5-4892-a6c3-c77edfaff436,34,1,5.740830847114981,0.7469677335746595
03f22830-7a34-408f-ba4f-26b477d9bb6a,2025,2025-02-19,ff2fa864-282d-4503-9a88-8c10619b0e3d,1799ef2d-85d7-4ba9-8048-33b1956ab3db,-11,0,-3.2185854086202803,0.3860505388521857
0794becb-56e4-43e4-8033-e4a329b557d9,2025,2025-02-19,3bc11d41-6e7a-4932-b0d5-e15a8f310406,000d55e3-3608-43be-aebb-6926cbe6b7b5,-4,0,-3.6021679805175317,0.3870338439537058
07e9f870-1e95-4e54-b3f1-2a5a00fdbd09,2025,2025-02-19,851d8a88-2edc-45bf-b180-7b6c1744f5fe,cc4cdd9c-0563-41d0-bbb7-29b825db8e55,-24,0,-12.687721804239553,0.10338976689592112
0b3d23b2-fb1c-45a5-80cd-5c7f10d28934,2025,2025-02-19,3dd34e3a-6cf5-419c-8042-503af5d36e7e,d52e191f-c4a5-43a8-b16a-1d87ecf7ce9d,17,1,14.479384509399761,0.9390416267540898
0d5c7d0f-a81f-4a3c-82a5-a00802ced453,2025,2025-02-19,c7e47abb-629e-4b69-8d41-c87333fbe6b4,0f0aab5c-26db-447a-b6b5-a264da5b140a,-7,0,-0.47640669738480357,0.45059816140857406
0e6172c9-9839-4b85-8a1f-e0c7e11f9eb8,2025,2025-02-19,eb0507e2-4c2c-4860-ba0c-7a0a815425fe,7d5a75d9-3168-47d2-92b5-e680e056b479,19,1,13.271185430405486,0.9232977446989575
1b2e1dbf-d617-4e06-be50-b4087dac3c3a,2025,2025-02-19,7e01ae0c-d2c7-4d9c-beea-2da953b4c037,f63b8169-081a-49c5-8b53-2f7b3e524fb8,8,1,0.67837378131994,0.5457090840530127
206d1a97-9b5e-46cb-b236-d62f6489430a,2025,2025-02-19,64975048-1db2-4ded-ad28-05b8d8aa9c66,a2f3412c-1391-45d6-9516-eeef28f38cff,13,1,25.17031092120385,0.9850512350805997
233fdb3c-a348-4398-a223-d95446d0cb62,2025,2025-02-19,44242fcd-cd9f-43aa-afc2-5a12ea89394c,f89aec4b-36dc-4a40-a634-a744d4d646a2,-9,0,3.5902749371005704,0.6382733366109806
2eaf807a-fcbb-42a1-997d-7bbbb546ba52,2025,2025-02-19,67503cd7-a244-4820-afaa-485db8ea877a,6bc97d46-dcb6-4437-a79f-2d351169817d,-4,0,7.964038151489024,0.7802159602398885
31896c2a-5ea1-4cd8-890f-868e632b234d,2025,2025-02-19,cb8412bc-37cc-43bd-b58b-a5e5956df339,0485ce67-c9b0-4725-be73-d3185a14e575,11,1,5.88980492546921,0.7138347783613848
33a1c22b-9be2-47d8-b0d6-c5362ae7e3fc,2025,2025-02-19,3d3b199e-7c4f-4c53-b683-a77a8d8e697a,88e83e71-3235-4c21-85a8-da368f34e5fd,-10,0,-6.911300834428138,0.19722170379614667
38250a59-ff1e-4bed-b7b3-ec04fcd637bf,2025,2025-02-19,66244ae3-7fd6-49a7-9304-4ae41bea9ab3,628efcd7-4ae6-4bba-9542-11e108d22d8d,-5,0,7.960907900044355,0.8198468722104518
3e6f212e-c7ee-402e-ba98-cb169866b4cc,2025,2025-02-19,741b4fec-9ede-4efa-a807-8c1679e962a6,3e287cd2-e8fe-4612-a996-d02de5cd9fb2,17,1,15.910552241117706,0.9517943624854898
40edab8f-b2d1-490b-8caf-98d8c1c081ee,2025,2025-02-19,bf32f747-5e9d-417d-890c-89407933c4c6,d8e2daca-6b8a-4f31-93d4-8cf6dd93fda7,7,1,-3.362164103625513,0.35305955663025934
46e0bf1e-a954-45cb-930a-a3857ac9e5b7,2025,2025-02-19,026ac097-d80f-48f3-80e4-e6ae2b9ee383,561ee565-69fc-4571-95fe-32ac563e53f0,-5,0,9.994694273160746,0.8357950570854827
46fb48ba-209e-4a88-9b2a-bcb111f2c9ea,2025,2025-02-19,e6a72d83-0126-42a5-b202-cd710e233fef,9b729374-1ae8-46e9-bfe6-2348cf00056a,-9,0,5.538698438087527,0.7825202988619955
53c6d19e-79ff-4262-893f-3c87bed14ff5,2025,2025-02-19,c75216c6-4563-402a-b8d6-b8434793ea38,05005d1e-02c0-46c0-8b4d-19dc825698c0,9,1,2.980047533916852,0.5759428937342809
5aaf7ef9-77d8-4dba-ae4d-3c106e4e846b,2025,2025-02-19,06f12e7c-35a4-46e1-a2ed-0cacb16f9b68,d75e1814-b8c9-4246-b06c-afe60d661528,9,1,6.894713959619703,0.7805512650281838
5d429d06-e913-4b14-a05f-198376bb9390,2025,2025-02-19,d9fdf72a-562e-4e19-ba2f-faa3de20ace5,08e7a657-2b9a-4055-beee-621379cea4b7,3,1,1.5872294275031706,0.5798141393889781
67b8e911-8491-4b3c-9487-118f00442dbc,2025,2025-02-19,5f1bdada-9e34-442e-b575-0b6a9114f1ae,62c787d1-5e5d-4e44-b6e8-1c208f874eba,21,1,4.356036896238149,0.6799383989751928
6afdfd72-6ece-4785-97a5-0bac68c98082,2025,2025-02-19,a2a4c8c1-e611-4717-92f2-fccc9217a883,d915e7c4-a333-4d6f-9c21-5904d58e75bd,29,1,19.411373262137978,0.9863754990140711
70fa1234-5cb5-47d6-becf-4bb6f52d7588,2025,2025-02-19,0420bfac-8b45-41ad-b228-89893a037d4a,6f7ff858-33b4-4d3b-b960-8a750dbe33a1,48,1,15.433933855628156,0.9533309965737119
778908f7-00a1-405b-81f1-0184696cdfa9,2025,2025-02-19,4b7b8cc0-eb4b-40bd-a9b7-958fbe20894d,58fdb1cf-11b4-437d-a338-e497be161811,-8,0,3.7042175628700567,0.6604670918677928
7adcf39e-f314-4671-91a8-7dc0c9731e6f,2025,2025-02-19,4a976ca8-f51c-487c-ba87-dae41ddaee24,dd8a7533-5e77-4aee-99d0-4c56a7ff74a7,-21,0,-17.226869937159815,0.05078862524619425
946c2d90-9ded-455f-8a0d-b8c24bc3ab56,2025,2025-02-19,eb7098ac-5154-42da-b703-d3b3958b198c,d26d7563-983a-4b9f-bf04-fa2777e0beb0,24,1,13.340175353207778,0.9159419453622354
96caf124-04f3-4c96-b602-8492777402ed,2025,2025-02-19,a7689181-61c1-492f-83e6-a64bca6e04f9,b8772a3e-c4fb-4396-8eb8-b30c8a36abb7,2,1,1.7316511179078231,0.5665556967119989
980fb863-b5bb-4edc-979e-3607317aa0a9,2025,2025-02-19,5858896e-5e67-463c-a38c-c7431f157945,75dd9179-8700-4b34-aeaf-2cf608aec25a,5,1,-5.007910870467375,0.30489236031704
9b2e9dc5-5f7a-48df-bcc6-937dcc2f2363,2025,2025-02-19,050cf087-6e1b-42ef-84fe-368ac1929774,33efd80d-8446-4d83-97fc-e864b132a0c8,-4,0,-2.699175540123027,0.382799967987531
a0db8f0e-1867-4651-958a-bb9b2630e297,2025,2025-02-19,bfd9aeef-b698-4868-8a44-436dd23e4ae1,c333af2f-2819-4e30-8541-dbb64eb01cbd,-12,0,-3.9232967854693825,0.3304514592534939
a6d26088-77c6-4e9d-ba4a-82e04cbef384,2025,2025-02-19,ed973a10-a469-4337-9742-eed664c61168,8226bdf0-6c2b-4e2b-841d-e2a01a5e5145,-2,0,-1.2843842214675452,0.4635299505124256
a7ba1a9a-7456-4c82-be8c-3fba0aec9596,2025,2025-02-19,b67edcbb-77d5-4a29-aa67-e1733b9a001a,36b120f2-51ac-4dec-94ea-549d266507b5,2,1,2.1140249387974706,0.5550356352679678
a96f9584-75b3-49b6-ba15-5d40b39d4c9e,2025,2025-02-19,58d76bcb-6251-4be3-9fce-6e748e521d87,223e59ef-679d-450c-a409-d6ff2a5b5cc5,13,1,5.563745989825654,0.7500471521107628
ab873937-590c-4341-8ee2-bedcc2215e3a,2025,2025-02-19,416d2dd1-15bd-48e9-82e6-9277c0ab829c,4926f0f3-ac12-4ca0-9cbf-eb99f9aafb78,5,1,12.276551742182289,0.9371897310134426
ac8412e8-a3f5-4bfd-9f15-29e9406920b8,2025,2025-02-19,27bf19a7-be0b-4fa0-8dac-8d9b7df5f363,17e47b02-02b2-4bbb-a838-a4695fbc099b,-2,0,-2.904484809742942,0.3544134974734424
ad84abd9-55ae-45fe-996d-b873f8587408,2025,2025-02-19,4b6cd009-754d-44ee-9433-124bad801b02,a7fd1d4d-445e-4899-9731-00f7bff74284,5,1,5.9391245750391874,0.7323064421833334
afbea1fb-1e22-47cf-aa87-78870e3d49aa,2025,2025-02-19,bd53017b-0998-4291-a0d1-1c9f45306402,2866b25a-1e5a-42be-8763-ad87278ec1d9,23,1,19.038704150366716,0.9826511254985408
c85c3089-907f-4b7a-95e9-a09d8c959cbe,2025,2025-02-19,231d7720-fba0-4331-b1da-8412227395f7,daea7f8b-7386-4fa6-8921-870a3e848b4a,4,1,4.526699257083672,0.6803540068360354
c88375aa-52cd-4917-a90c-8b3bec22467c,2025,2025-02-19,e20e16ce-0f28-40e0-afe1-5492395d5e53,ce88cc81-96d4-48c0-ad06-ee0c2d3d7663,17,1,5.638165105074184,0.7455832625473446
ca8fa44b-69f9-4d37-8436-3256a8c81984,2025,2025-02-19,861b8733-b443-47d5-9c5e-f56373a8fb9c,0a4ebb69-d8f5-4c7e-a7bf-b7ce3968f57a,5,1,-1.578100969321445,0.5020875771557095
ccb0bc3f-4e18-40b1-a334-52a81d4aaf55,2025,2025-02-19,d1dca835-9ba3-4f00-89e0-533fcfd2b27f,3be5fa30-2fd3-4af3-bfc0-39db2dcb523e,6,1,-4.0115700073869025,0.3722408522185711
ce515614-9cd8-4eaf-8ad3-c4678cd48e4e,2025,2025-02-19,641dc594-03c5-4ae6-8564-0ccb3c8edc77,397b5601-d70b-43a8-b259-1a752c68bb1f,12,1,-1.49223861278864,0.5438496919941522
d0f43984-9f9d-4ebc-a0d5-59f2692b7403,2025,2025-02-19,62d54283-52d6-4daf-901e-b6ae1bdf29c0,69642ef6-85e9-4dfe-ab65-4cca6a1688d4,8,1,9.312635975696923,0.9081608560167383
d2192173-acfb-4e85-9d84-e67412e801b2,2025,2025-02-19,5d005d94-2060-493e-af42-31885c78962f,700f42bb-65b8-4e08-bfdf-8dba2e0bd260,11,1,0.3336593619594373,0.46310427883235394
d9b8efe6-cafe-474e-9622-9110c25d3bc5,2025,2025-02-19,2dbbcf87-baa5-4154-8071-c62e522990c6,7e838ebf-74ed-42de-9f2e-d8057aa77de5,-39,0,-7.6887541131256265,0.2673590277959274
dba2196b-e765-4fd5-92f4-d6d043025d18,2025,2025-02-19,42a1b5ec-9263-4e7a-8f55-df64f85505e6,e51388ec-8e0a-4c32-a70c-4890e3e61d3a,-1,0,-1.9765947652645657,0.3685948380860768
ed53d3eb-ee3c-4aef-af9e-2f3d96d8a893,2025,2025-02-19,f0489380-9e3d-4613-ab85-fc32d9368997,c514a4b8-22c2-44f6-a118-250ae80751b0,16,1,3.4674785855714783,0.6432955448323634
eecd1ae1-e24f-458e-bac7-1a751013ee86,2025,2025-02-19,983c0982-0fb8-45e4-829e-306cf787ba2e,6ba99b19-8a61-49da-9325-3e04939d3d5f,-5,0,7.059135631292488,0.7485093832031937
f496472f-096f-49a3-ab91-3c77d41a6798,2025,2025-02-19,7f0a740b-2a56-4bec-87c8-7bf2baf05d58,6b776d4e-7c15-4c08-b195-ddf7052c762c,21,1,12.911983928807663,0.8664024157396198
0bb40181-5552-420e-a4ab-5bf397be6884,2025,2025-02-20,8d515064-54c5-4eeb-a095-ad7ac6839d0c,be595032-d4ed-4bea-95de-22a18feb02c7,17,1,11.446176707530272,0.9122226738742727
183e3926-c159-4bf6-a981-52cab7e4d3b6,2025,2025-02-20,bb02a3be-6beb-4745-b200-3a49f5224f0e,9ba0c75f-bad2-428f-9038-d695c2385098,-5,0,0.44173698963670405,0.5587841931393931
1f92f1e0-984a-4212-ac19-60fad5715cd3,2025,2025-02-20,6fd295ef-9c37-4478-af91-536cbf316358,d0c9e56a-ea87-4a77-8ea1-93b43e2aa99f,-3,0,11.722624713405136,0.8574095169613217
260a52d1-b40c-4c4f-9f08-13f8c37ababb,2025,2025-02-20,8bbfa6f2-6178-4c2b-bf17-66fba7623c4e,829dbc21-e757-475c-ab7a-2a3172ec0683,-6,0,-11.320223840606786,0.09488980072162641
26e0ea60-704d-4640-93b9-32165f6f1650,2025,2025-02-20,b704622d-2904-4237-b9a0-a9865096fefd,14a1f904-5f97-4e98-885e-5d6c4f102ea6,4,1,-1.701420581413635,0.4654690032708763
3470424c-37ee-4df9-b65e-599348c0c452,2025,2025-02-20,8deb21ba-48b8-491c-89ab-0b360062d211,d6a348c1-3237-43da-8690-d309d586a66e,10,1,2.2907612284251813,0.5901931306776206
34a2f86f-cab8-43f8-95e9-2dfed94c6db6,2025,2025-02-20,75628733-1eec-40f9-a6cf-07501979c4b3,12ae7230-4fab-42c4-a7d7-88e118290c3e,6,1,-1.1317518011245138,0.46344191921423117
4443e916-b27c-4682-96c9-f7ce6fea1f9b,2025,2025-02-20,fa3cb393-e306-4365-b4c3-b3f62a5027d3,cf3707e3-2f2a-44dc-8d7a-4d16b2fe78ee,15,1,18.093401887536174,0.9457085116832108
4bc90a25-6f13-4257-b896-0e5fcf2549e4,2025,2025-02-20,08b7e4ad-da8b-487e-a809-741854d1008c,8daceea0-e7c6-443f-9452-f56f9faa56de,6,1,1.156069990757118,0.43258537287674925
5ca4974b-c770-4349-8557-94c0ad935d0a,2025,2025-02-20,f9a35e93-6a9b-427a-8901-d74cf3f23676,a5ebc512-a148-4140-b60c-147132b3097c,-21,0,6.029602059948764,0.710876734778507
5de20c50-f8ae-4f6c-abf6-6cbdfa456e4e,2025,2025-02-20,4edc5314-8f1f-46cf-90fe-fc3094be42cf,b31c989d-1667-4be6-8a91-193cda486b3f,-9,0,6.809291837313679,0.7774249679598211
5f51f7e4-2649-4bb1-afd5-8c37dc426fd1,2025,2025-02-20,6628afb6-e6fd-4d7f-be94-a19527da56fa,6482154d-967c-4e24-af4e-6cdb9ef80e00,12,1,5.879319380565992,0.7295102558656889
5faabead-ae05-42d0-907d-c073fe9ece48,2025,2025-02-20,f3885a3b-f43d-45ee-96e1-f650af90dc9c,5c86ee1e-ee35-4d51-bc08-bbca68bc90f1,4,1,-2.3490667226910125,0.382186007658537
6606f17a-dd80-4cc5-a87e-78cb4916af85,2025,2025-02-20,aecf6cf2-725b-4450-9b49-8491e6a4ee0f,8dae6732-0634-481a-90ac-d73bf6a19566,-3,0,-11.039457717531516,0.11746856198962603
670a8935-c000-4d74-80df-66f05f480cf1,2025,2025-02-20,5c7c373d-1822-4c63-aa7f-64745cc99c52,c921ba85-0782-4ce6-80e2-44f0c43d4f16,3,1,-8.146815228975742,0.19843362924122127
6a2c06ff-9f33-468a-bb6e-5d4813e6dfcd,2025,2025-02-20,9007c268-37e0-4ab1-ac60-f9cdcb3a7a8f,4f9d3323-4211-41f2-8211-76b7efd6246f,-11,0,2.9495118474733046,0.6245057287756021
6b710c79-d528-43d8-aae8-737c9937f94b,2025,2025-02-20,22865798-3256-425e-8eb5-60e1edf9403f,f5ed0adc-4078-47c4-aba0-3dd2de221774,8,1,1.834305978826106,0.6018577489275959
6f15c11f-b080-4ca4-99cd-6a84b7902698,2025,2025-02-20,85708ae1-7d66-437a-9d70-bcb680bdfa86,e1c5e9f4-197f-4a7b-b871-bdf72ca0cf3a,11,1,0.7699109374428322,0.4506648087507698
6f60ffe2-849e-4905-a59f-2e8703c6528c,2025,2025-02-20,5c6768d4-83c5-4e23-aafc-55ac70126454,571d2904-70d9-4de6-abfb-1d716ba43f0b,-7,0,4.8557964058341865,0.7324455548627774
6fc5de6e-d9e8-46f8-bd33-33524e260173,2025,2025-02-20,c878fb5c-c2e2-4f40-a5a0-f297cc0e51b8,9e98a2ca-2d40-440b-b4d9-906cd168c9d7,6,1,-5.223540681351738,0.3017232855729338
728c770d-75e1-48e1-8749-3b46b45bf59c,2025,2025-02-20,37d0bfe1-4a78-4810-9371-3268e54026d2,17ba9bad-9d46-41c6-9781-6a1e204da7b0,20,1,7.005391749011985,0.7507174583547375
7b836f8e-eb26-40a5-afa4-0f03f72eb4a8,2025,2025-02-20,de50cb63-b08e-4760-ad25-62eceb6c4120,705e808f-a589-4af4-8baa-45ce5b2e969e,30,1,22.84248886727971,0.9879520237143684
83533131-2553-482c-902d-0644ebd5086e,2025,2025-02-20,f4598131-de83-4e8d-b7cf-dc008ccca8aa,f02fe504-2b2e-4ed7-b9c5-4c7e6e224682,-12,0,7.928793221283285,0.7552883333922775
9311dd63-95a4-428b-a817-f168f417df01,2025,2025-02-20,b0ebd027-95a6-4e7b-abfd-c26d14470857,48f318bf-54e1-4e42-b6e9-47c3bdaf4fb8,5,1,1.2485674887752711,0.5678393522119611
a54d74f9-325d-4b8d-859f-be6df6fee352,2025,2025-02-20,c87682db-2ff7-4c63-9820-df6c8409d5b3,52355b41-c560-4fd9-b83e-3bec2763822d,-9,0,-2.8017553730650215,0.35900376467779227
ac0d381b-2f7a-4b75-874b-a656ff3067ba,2025,2025-02-20,5d66e35c-66aa-44ac-b72b-33066edb3e20,a46fdb60-30d0-4807-a2b1-e29d8d7c22b2,5,1,2.3819779781320314,0.6300981540039676
ac811078-95be-4694-bca7-7099cacd5375,2025,2025-02-20,2389c341-a290-43f4-b0e8-08ee6a15c14c,7732f0ad-152b-481b-be13-de99facad3ed,-14,0,-8.7584213083373,0.20695185207232922
b03dbe36-0215-4048-94b2-003f22d076ec,2025,2025-02-20,35163246-626a-4e63-899d-7a3798e88277,3a2cf934-5d3b-4406-a458-0c76b7b9d65a,-6,0,-6.065458495185261,0.22289128460878077
b14aebe2-c3d5-4b18-ab08-fd659d01b958,2025,2025-02-20,ab7c4477-bd9f-4098-989f-243e41356323,19b01b27-3931-468b-a50c-6636aef39c7e,-18,0,1.6258084712451926,0.49511287253094
b1591596-d80a-4520-89dd-541f3618db5d,2025,2025-02-20,c9942b49-0bf7-4dda-bc78-bf2e3b174055,a0bfc386-3dd9-4417-be3e-42f45cee6c22,21,1,12.163344104132511,0.9061803938019156
b1af3880-b8bf-4f48-a796-e8dedeb04378,2025,2025-02-20,b58599cb-bbcd-41e0-9746-6ce1ed5597d3,1b9c388c-a2e4-42dd-9e21-4841ed46cf4d,19,1,8.47435618169854,0.7668391672233176
b55a22b0-e7a4-477a-b60a-15ae2b569435,2025,2025-02-20,81ce1538-893e-4f62-9812-5468866f484e,fcb7d38a-6efc-47b3-b7af-3dd5ea07e8e5,-9,0,0.5856644174055414,0.5530810615583318
b5954af8-32dd-486b-84db-25a183e43448,2025,2025-02-20,77bcefa1-a18f-4280-a5c9-2d1573b78e0a,5717b8ad-bb6c-432d-b223-01a330a59686,-14,0,2.599842002953819,0.6419646201585878
b9c44e02-6320-4c39-a633-3fe3bfdb804a,2025,2025-02-20,ad21cf61-9161-4409-af92-468be5a0142f,ff488f80-9f05-43ba-b8dc-d7693b84c0ea,-11,0,4.218106302933168,0.7059875375395466
bef61ef8-18fc-4052-8ed6-a18c7c1910d0,2025,2025-02-20,78d97761-b499-435e-9097-b9d553f3ee67,70746950-a861-447f-a9ba-f53e329c27c1,13,1,18.705769545419365,0.9779280522861171
c2039643-1b0a-4e15-93b7-1d33e68b5085,2025,2025-02-20,469778d6-39b3-4cd1-8bf4-f40903d78c5d,68a583e2-b11a-4a35-b102-095903fabdd8,-3,0,18.424459373682318,0.9503484418500422
c37fa4a9-b566-45db-9106-5fe7ced7dff5,2025,2025-02-20,307416ce-030c-4156-8d62-1e2632e9e26c,c90512ea-4ed0-469e-a936-7935ade0caf0,-2,0,-10.24666781895459,0.13953931448751877
dc2ad625-8ce8-493d-a392-82a7cb058d05,2025,2025-02-20,ad9fa352-0a34-41df-8ad8-38855ef63d91,07c201cc-5a34-4a3b-9fc9-bae4c20b7c9f,-11,0,-1.2246998323940055,0.41386644370693165
df2b629c-cf39-43b4-bde2-f92303cbccad,2025,2025-02-20,e4054827-709d-47e3-8f27-86b76b8f17d6,6f9a1a81-2dbf-490a-ba3c-8f8fadddd9d4,-5,0,6.133143799329485,0.749787970577732
e048f154-d31f-4328-898e-608507bc0357,2025,2025-02-20,46671d80-ebfc-4f9a-8eae-19249794115f,391f303d-08c5-44cc-83c6-60595fc71068,24,1,9.772366066579721,0.8060217933908344
e3ecebdc-00d1-484c-89dd-2d0d083dc04e,2025,2025-02-20,fd64c7b0-4a53-4590-bed6-59bbcddb0f63,9c04a238-121e-47ea-a3bb-436957b78a8b,-6,0,2.8731356599714806,0.6428675669616404
e5da2009-b1dd-4182-8ff9-e816a014f4b7,2025,2025-02-20,cb86bdfe-2665-485f-9a44-846b23bdb2c3,af997d63-624d-40db-bffd-18de780e2f59,5,1,5.572240728382699,0.6796877135313895
f9216ebc-3613-4d0d-9003-43be9238b91f,2025,2025-02-20,a79a95b3-2101-4649-8f36-782b24edba79,f1e9470d-a3c7-4ef1-8583-6bb917490ac3,16,1,9.289242027647736,0.8000844372068968
fc998a65-2528-42ae-a3b4-deb91d6aacd3,2025,2025-02-20,61ce5009-1768-42aa-b377-fd95cefd07af,83384eea-0854-4284-a875-f47d9b0c31d8,19,1,4.269980744925793,0.6353219968301465
0d41c035-b74c-4e7e-b8ca-f599e535ac9c,2025,2025-02-21,52aab06d-922e-4906-9dc7-3c0fe7d3e2c2,b04e184a-6805-475b-95bd-7e19d2fe95c9,-1,0,6.521866632632052,0.7993764823594097
1cde6d69-7442-42bc-9cd8-1c88429f97f9,2025,2025-02-21,e66c14f4-c6eb-48be-8caf-0deb5a03ec15,91e8763b-21ee-4929-ab39-6a46d1d62e33,13,1,-6.601911032973152,0.19367568684528422
27c09913-87fa-47fc-ba34-3263c9a652e9,2025,2025-02-21,6cd07c06-66e5-421d-a8d3-84cd9833bce3,fb109583-87bb-40c1-a02d-7d40bcd7c52a,-20,0,1.7298947150257018,0.5884084564706213
2875715b-04a3-4fbf-968e-f27b66027250,2025,2025-02-21,07b4923a-16cd-4490-8ae5-d61599212ab1,db5b4ba8-4030-4125-845c-337b3ed300b4,15,1,-0.5782935904976356,0.3708120353109424
38ea24e2-2b34-4eb0-8d1f-f42da9a6f958,2025,2025-02-21,5896c71f-aaee-4983-9da1-2e953c561786,ad36d475-e577-4c2f-b8db-b2d47d1fab15,5,1,7.97968861994124,0.8212506882037702
3e001605-5153-4807-8fe5-a9b46a9d875a,2025,2025-02-21,e383167f-2c53-465a-b2fe-0d6bd7c69b27,f22ee0eb-5079-4c19-b46d-7d40e14d7636,8,1,13.239539512090175,0.9579729539290701
4fbc89f5-d096-4427-a145-5a7b7e7a2f52,2025,2025-02-21,031d384c-ac9d-469a-985f-3214f2b9972b,88c5646c-b1a9-42f6-999b-56d8198e37ea,-4,0,1.0648909273227376,0.5218565769359861
615679f6-0320-4af0-9c37-b3a447dc0a5b,2025,2025-02-21,325d11bf-595b-429a-8342-97fe68b1a3cc,821de2da-b464-49f2-aeb1-293e7aedd6de,-1,0,2.1071462070666955,0.5244059248333895
6b7b05b2-9b74-4b5b-945a-745d5128c0c8,2025,2025-02-21,fa6de946-411a-41ad-8bfa-6526c949108c,7532f347-4701-4460-abfa-98034c2ce687,9,1,17.282491010949883,0.9744231576601093
7d053a89-334b-44fc-95c4-920a0d3d13ec,2025,2025-02-21,5320a4de-9279-4990-9ee8-6638339220e0,8848c09f-0c71-4cbf-9d0a-84da72f6b649,14,1,5.37258748357622,0.7589724769875862
7e3313ce-0bef-448a-918c-0bc57761654e,2025,2025-02-21,6a154b5a-b7dc-4299-86a1-c9ecd354b8c2,17900399-e4eb-42bb-81ed-06f5be1309b7,5,1,3.816438890247248,0.6481401935760316
811476b7-b310-47f0-a781-d7dfdf1fa20c,2025,2025-02-21,bc9cb402-a9b1-4644-acdd-ae7e0571be90,fa9fae48-c4f0-419f-97d7-5e2ba9d47858,4,1,8.005530325308928,0.8075931311547683
8b01eb56-f612-49ec-ab60-55c9e161c67a,2025,2025-02-21,cc0e2cc0-da4b-4021-8739-c0e7e235467b,c62c317e-e0ab-4b1b-a6b9-878965985154,34,1,8.044488687052876,0.8319930173745995
93cfb872-1e50-4f28-8356-6e4b2dc9861d,2025,2025-02-21,b9840fe4-f776-405a-8b8d-3c388de0792b,7bc45016-4549-4672-9453-69c2a81aa576,11,1,4.5994575890015925,0.6826040548621974
9815292c-4960-4766-ad16-958df96cc9cc,2025,2025-02-21,abb24ec9-06c7-4ac8-a0a7-299760b256d3,51ff831a-13fe-411d-a486-ed3c7ea2fb5e,25,1,10.780186957586471,0.8775992474650444
a1fd6d12-1ec2-4fba-9bff-10ef1a932de5,2025,2025-02-21,1835c2ee-1e17-4d18-9ab8-a1bb3678b947,bf7cd127-c979-4181-8f7b-356415e2c15a,4,1,3.9347872567320503,0.6283471907174887
dbf835ee-32ea-4a5a-8c0c-1ed6d5b84e5c,2025,2025-02-21,e6a72d83-0126-42a5-b202-cd710e233fef,52f17f8e-1af3-4d55-8323-0292fdf33297,-8,0,-5.126646203711705,0.24232480440719115
dc1a3b64-0b8a-4ce4-a942-463388cef938,2025,2025-02-21,14b85f13-07f7-4bd1-8f5f-32720dbe1c9e,cd6bef67-d192-4740-b7be-731c52686c54,4,1,0.28242516830427944,0.4811410893510052
ed7fcd1c-0e43-4587-8677-eb1525ec6c2a,2025,2025-02-21,02073ad7-1bb6-47dd-a1fb-fae5e0bc2ed7,73493513-0a1c-4fec-9e40-429225bb809f,-10,0,-1.877228010259985,0.45350820847747414
f2ec29ae-ffb2-475f-953d-5025b4124e50,2025,2025-02-21,6e056aa7-1906-4546-b6db-5910356fee72,a1594c03-e784-493e-8435-66f585997595,-13,0,-1.0835100456526752,0.476159682759366
051adf7a-71af-4070-9954-25b77b185c60,2025,2025-02-22,0420bfac-8b45-41ad-b228-89893a037d4a,46f85354-63b8-4744-8b13-341ea0a30c2a,8,1,4.5696947394258975,0.6826180982063306
08857141-19d3-4fd5-bde4-28b971e4ca5a,2025,2025-02-22,d8e2daca-6b8a-4f31-93d4-8cf6dd93fda7,b67edcbb-77d5-4a29-aa67-e1733b9a001a,4,1,8.319594824145716,0.8267575379754566
111f7506-2f5d-43e4-9b6e-5852f52ad905,2025,2025-02-22,6dcee41c-8ef7-4afd-aa5e-6e7fa77886e0,f2fcffd8-915c-4fdb-a632-8b5b621bc999,9,1,10.063843213975645,0.8644130698463407
1a392a96-95cd-40b3-8815-3d4bdfcd7f1b,2025,2025-02-22,0a4ebb69-d8f5-4c7e-a7bf-b7ce3968f57a,9a0196e9-6b45-40b9-b0d0-df6bb1c90dc7,8,1,9.795728720246714,0.7756774821940902
1b1b69b4-79bc-4adb-aaf6-b0e0ffee761c,2025,2025-02-22,a79a95b3-2101-4649-8f36-782b24edba79,307416ce-030c-4156-8d62-1e2632e9e26c,9,1,8.604098819006873,0.8288221587478758
1e8e0ebc-f732-46eb-8f23-950a0ae8f822,2025,2025-02-22,483b9ce0-4c9d-43d0-979d-831c7298213f,241f50fd-2121-4b74-abd9-2ddb98d74a2e,-7,0,-10.271929982081854,0.1462906771704439
20b36f3f-0529-4d5c-b126-eea9b026fcf8,2025,2025-02-22,2389c341-a290-43f4-b0e8-08ee6a15c14c,c9942b49-0bf7-4dda-bc78-bf2e3b174055,12,1,6.096235252364509,0.7541877827373116
27fcaefa-3e94-47b1-a603-6712dbe85890,2025,2025-02-22,d75e1814-b8c9-4246-b06c-afe60d661528,47b99bcc-2f9a-41d7-8d7c-3f9e93809210,-11,0,-2.232744528805752,0.3697868043082854
2efb3909-5b54-4bd1-bcb4-387b86b96cdc,2025,2025-02-22,17eb5319-07ae-4f0e-b1d2-8e828b07ed79,79c6b473-0e11-4c2b-aa4c-8523cc9afa48,8,1,9.89476847094418,0.8536843293163514
2f4a7ab1-e734-4560-99f1-4cbe56dce9f9,2025,2025-02-22,8deb21ba-48b8-491c-89ab-0b360062d211,fcb7d38a-6efc-47b3-b7af-3dd5ea07e8e5,-11,0,-1.6984094420000682,0.548396021904575
34e4405c-bf80-4fe9-9aa0-37a52e7021bb,2025,2025-02-22,c87682db-2ff7-4c63-9820-df6c8409d5b3,19b01b27-3931-468b-a50c-6636aef39c7e,14,1,-5.731337149067066,0.36498093125810915
35ab1fc8-8198-4c75-aef2-d1cecfe1fdfe,2025,2025-02-22,3027d417-64d5-4892-a6c3-c77edfaff436,c75216c6-4563-402a-b8d6-b8434793ea38,32,1,15.15444132398703,0.9429193935700502
363f1658-4220-42ee-869e-4ba762987603,2025,2025-02-22,a0bfc386-3dd9-4417-be3e-42f45cee6c22,de50cb63-b08e-4760-ad25-62eceb6c4120,-2,0,-10.15212985566713,0.16637515152363558
377228ca-8620-429c-8243-b0c718dabd38,2025,2025-02-22,02ee8976-6844-4a27-9f72-aca9acf8f5d0,b0e26736-fae2-4d59-85cd-4b5243f23c8e,16,1,10.41769217477925,0.902900620732531
38977fa7-8e9a-4e5f-b0a4-16e4c88bb6b3,2025,2025-02-22,4b7b8cc0-eb4b-40bd-a9b7-958fbe20894d,4926f0f3-ac12-4ca0-9cbf-eb99f9aafb78,21,1,13.594845300689666,0.9353545703435577
38c78a56-0e10-4cd8-94f3-1d7f94e7b915,2025,2025-02-22,41e19184-6f6d-4838-b789-d8553db45753,9ba3c8fb-1162-47a1-873e-6cf11475a094,14,1,10.362813680765502,0.8437841981787885
3caa8d58-eca2-4420-817f-95f02cd04bea,2025,2025-02-22,ed973a10-a469-4337-9742-eed664c61168,a7689181-61c1-492f-83e6-a64bca6e04f9,-4,0,1.2536308861366734,0.49439808312410044
45ba3ac9-856f-4db9-9b5a-fdfb9375d7f7,2025,2025-02-22,ff2fa864-282d-4503-9a88-8c10619b0e3d,d915e7c4-a333-4d6f-9c21-5904d58e75bd,22,1,8.119620882923872,0.8241283360783825
46158488-8590-4f15-9474-ab7ee3c2fa05,2025,2025-02-22,ba18e6aa-cbe6-493b-b91d-b0c8d4e8b0fa,a46fdb60-30d0-4807-a2b1-e29d8d7c22b2,5,1,2.0888447110480555,0.5577644904139197
474ecfb5-cf37-4d07-ab6e-8d3eac0931cb,2025,2025-02-22,f3afec86-2594-4158-97d1-aaac68833b8c,4f9d3323-4211-41f2-8211-76b7efd6246f,1,1,-2.027231519885023,0.4474483026631351
4b79b18b-2d70-4afb-92f0-95db7ef9b4b9,2025,2025-02-22,e4054827-709d-47e3-8f27-86b76b8f17d6,01f45e3a-e22b-4c25-b1e8-0d5ac80e6a5e,20,1,4.402555314185567,0.5950918960453297
4ffc8966-5760-4722-b965-0a593b06e74d,2025,2025-02-22,9007c268-37e0-4ab1-ac60-f9cdcb3a7a8f,593820ae-e46e-43a0-a5b3-904904eb9cef,4,1,4.65352754453829,0.7045629589369584
538415bf-78f3-4b83-a8fa-65cf381221a8,2025,2025-02-22,6b776d4e-7c15-4c08-b195-ddf7052c762c,0b297e0e-e039-449d-b07f-f8e1ae96e3db,5,1,2.409414893492172,0.5640041925700139
53e4651b-bc6e-40a4-b586-4ec8e880142d,2025,2025-02-22,46671d80-ebfc-4f9a-8eae-19249794115f,3bc11d41-6e7a-4932-b0d5-e15a8f310406,-7,0,8.819335076062428,0.8547769549776458
54de8df4-1e9f-4c61-91fb-5a7c04c58b37,2025,2025-02-22,c921ba85-0782-4ce6-80e2-44f0c43d4f16,12ae7230-4fab-42c4-a7d7-88e118290c3e,-9,0,-3.7343272736484003,0.35415877737062346
5732c234-1d74-4546-acb3-58d006119b1b,2025,2025-02-22,48dab38d-2a0b-4201-94d9-c6ffaf736974,b6c7c93e-bdd7-4df7-b73a-c1fbe953199d,43,1,10.909109223979891,0.9143411520255942
5dfe6d18-b8a0-435b-8876-fbcc8b69801f,2025,2025-02-22,abb24ec9-06c7-4ac8-a0a7-299760b256d3,fa9fae48-c4f0-419f-97d7-5e2ba9d47858,-4,0,-3.8883320038428177,0.3403014365023976
5f20f5eb-431d-4691-b97e-d3c02f0c3428,2025,2025-02-22,0485ce67-c9b0-4725-be73-d3185a14e575,75dd9179-8700-4b34-aeaf-2cf608aec25a,5,1,-8.506143818518272,0.19266967584690806
6149b7d6-d478-46fa-bbf8-c42490572639,2025,2025-02-22,24cced85-1369-4dbe-8abf-92fb8d456618,ad46d3d3-a8b8-45c5-a46d-913240ae2832,-29,0,1.905892441245673,0.5821518192160442
627f9e6a-bddf-4c0c-8bc5-c01028aaf2de,2025,2025-02-22,b58599cb-bbcd-41e0-9746-6ce1ed5597d3,e1c5e9f4-197f-4a7b-b871-bdf72ca0cf3a,2,1,-2.0546053769175288,0.4455060011101062
639bc654-c0a6-4371-b4f6-661ebcac9e26,2025,2025-02-22,d26d7563-983a-4b9f-bf04-fa2777e0beb0,8fdfa7ed-88da-45ac-9520-9a9e9fbe2586,12,1,1.989396886067306,0.5171621395199193
64729a5f-3fe2-4d95-8b4f-cf0aff329d6c,2025,2025-02-22,a00214a0-9c1b-4018-a085-500dbd55fb17,7e01ae0c-d2c7-4d9c-beea-2da953b4c037,-1,0,-1.8415491093678584,0.52696542373355
6c3c676c-eb46-4b44-9423-9dee545a3081,2025,2025-02-22,700f42bb-65b8-4e08-bfdf-8dba2e0bd260,8226bdf0-6c2b-4e2b-841d-e2a01a5e5145,2,1,7.491200522975558,0.7749003508709571
6ef1b4b9-7d48-43e2-8afd-531002da71b8,2025,2025-02-22,5ea1ef3c-5f24-4989-854e-a24a9e31ac74,6f7ff858-33b4-4d3b-b960-8a750dbe33a1,-9,0,3.1562110665059193,0.5584100692770746
72f1361a-0380-4831-9a4c-de06fda6cb70,2025,2025-02-22,397b5601-d70b-43a8-b259-1a752c68bb1f,7f0a740b-2a56-4bec-87c8-7bf2baf05d58,13,1,4.462980766071375,0.7889210422246772
75a7c612-829d-4a41-bead-bf922bd2a874,2025,2025-02-22,27bf19a7-be0b-4fa0-8dac-8d9b7df5f363,050cf087-6e1b-42ef-84fe-368ac1929774,6,1,7.752453372926699,0.8027879852666083
77116929-0d03-4907-af33-01b56d6dbab4,2025,2025-02-22,b704622d-2904-4237-b9a0-a9865096fefd,61ce5009-1768-42aa-b377-fd95cefd07af,24,1,6.007234062056811,0.7542697308505925
7b8180c0-edf6-4405-b12d-3cafcfaca76c,2025,2025-02-22,829dbc21-e757-475c-ab7a-2a3172ec0683,8daceea0-e7c6-443f-9452-f56f9faa56de,26,1,13.052515202143342,0.8944135518035042
7cd83a4e-b1d9-44c7-9283-4d0c4d77d606,2025,2025-02-22,83384eea-0854-4284-a875-f47d9b0c31d8,714115a3-e87c-4c38-be62-cfe9dada315e,4,1,5.203049445088105,0.7377491721439269
7da2a6c9-2bcb-417d-8d89-928bc4675321,2025,2025-02-22,1799ef2d-85d7-4ba9-8048-33b1956ab3db,628efcd7-4ae6-4bba-9542-11e108d22d8d,16,1,15.319074187559453,0.946331815029321
7efb9031-4958-45f3-9779-ee24d3a616b6,2025,2025-02-22,469778d6-39b3-4cd1-8bf4-f40903d78c5d,b31c989d-1667-4be6-8a91-193cda486b3f,17,1,23.68803729058839,0.9892349680181823
807b9be2-dae4-4e2c-abeb-59111dc2378e,2025,2025-02-22,ab7c4477-bd9f-4098-989f-243e41356323,52355b41-c560-4fd9-b83e-3bec2763822d,-5,0,1.1071380113111855,0.5218518484672408
8375add6-4144-4059-910a-e8620ba6c898,2025,2025-02-22,7cf9cb31-3bfd-486a-90fa-8fa6f3bb44a1,ae911605-551a-46eb-aef9-06f9a60479c9,-4,0,-1.3926736213113144,0.3463988728694575
8477eb44-4e26-4bd8-8173-d39c981a99da,2025,2025-02-22,52414cfe-b45b-4eab-a88b-e509aa446dfb,a564f5c9-0e8d-44c8-a75d-b3b355370dbf,13,1,-2.7687402815723536,0.4130918531241764
85211f1c-2e3a-4bae-8b0a-c627f7f16548,2025,2025-02-22,326d518f-eb6a-47aa-9739-13bc340a9a3c,af50adaf-e9ac-42bd-a6a9-7ae8e4dc4a8b,9,1,7.397068043691664,0.7761010518499023
86433cd6-0b8a-4ce5-9c60-06c178010deb,2025,2025-02-22,416d2dd1-15bd-48e9-82e6-9277c0ab829c,3d3b199e-7c4f-4c53-b683-a77a8d8e697a,1,1,23.18432518741842,0.9866160503898339
87ea8907-d67e-4675-a356-f64dd543065e,2025,2025-02-22,bb02a3be-6beb-4745-b200-3a49f5224f0e,f02fe504-2b2e-4ed7-b9c5-4c7e6e224682,-3,0,-7.283993410136287,0.2104802215677747
8bc88e64-fa7f-4c3e-a6b1-61a8aeb67a78,2025,2025-02-22,50ac73d5-f2f3-4160-add7-d0993eec32cf,c4101885-e600-4596-80ff-bc637c56221d,-8,0,-5.753560691299573,0.32863330207895475
911f2dd9-932e-4921-91a9-72456f4649c5,2025,2025-02-22,22865798-3256-425e-8eb5-60e1edf9403f,d0c9e56a-ea87-4a77-8ea1-93b43e2aa99f,17,1,14.045217279884335,0.9307632658329883
94be393d-07c0-4937-884b-5af7ac8acbde,2025,2025-02-22,03e9598c-4271-4840-ae88-7c7c36f2b10e,40960630-05f9-471c-b4a6-0eea2cb6345d,15,1,1.8226233422419271,0.5606166149687487
95c0571b-67f4-46ec-ac07-6186c9f7fe90,2025,2025-02-22,195318b0-fa80-45e8-96b2-e83346e70a64,2c1fdbd4-c0c7-4750-b829-f7a6b7bc5710,13,1,18.130401281456543,0.9765926731234107
9881f77b-beea-4476-9dd2-ee10b5486c52,2025,2025-02-22,41ff62eb-8cb9-4e63-9c2f-50989d3e65c1,5a320db8-a83e-4f46-9418-25176d12a65f,-14,0,-12.750198772853064,0.08174277312797125
9d02681f-45dd-42e8-86c6-eb12af9773b6,2025,2025-02-22,f239ac13-f7a1-4acf-90a5-3cf4c6fd3355,42833efc-4047-4751-b5dd-8f5c6d05e355,-1,0,2.0371640606037746,0.6116712195284302
9e90004a-f5c6-4359-8042-15d69f65659f,2025,2025-02-22,3c9cd500-c6f0-4eca-b722-405eefd74003,1f8df44b-d154-4a8f-8c48-32b36db0cd06,15,1,7.526077542727623,0.7982927895450554
9ebed65c-f2c0-46b9-a13f-e0cea57f52e9,2025,2025-02-22,c333af2f-2819-4e30-8541-dbb64eb01cbd,5858896e-5e67-463c-a38c-c7431f157945,8,1,8.241724292423664,0.8263837070115526
9f8a0537-43a7-45e9-8f43-984fbe3a6a49,2025,2025-02-22,a870c009-c0ca-48e9-a456-1ea2b2b779ef,fd64c7b0-4a53-4590-bed6-59bbcddb0f63,-13,0,-1.272047111440703,0.368793480041349
a1f95f7c-537f-4014-bc52-8a7e35ab0847,2025,2025-02-22,6a154b5a-b7dc-4299-86a1-c9ecd354b8c2,91e8763b-21ee-4929-ab39-6a46d1d62e33,-15,0,2.307776498341875,0.6186433899688202
a49ef936-b524-4ee0-b76e-cb537f03bb5d,2025,2025-02-22,e66c14f4-c6eb-48be-8caf-0deb5a03ec15,17900399-e4eb-42bb-81ed-06f5be1309b7,-1,0,-2.990457451779031,0.3738440778995915
a61a6d9b-7661-40ab-a091-c354ff296764,2025,2025-02-22,9f7dac5e-38e1-4e63-9e50-e6b0d822fddf,f0929311-9f5c-421d-8573-4b4bee0c314f,-11,0,3.6808546133618276,0.685470877196589
a7e5c094-5abe-4689-ad77-44b5aee4ada3,2025,2025-02-22,19313cd7-ad44-47d9-a9ef-b9e0c7238466,8e9b7d4d-1baa-4d3d-bb10-8950f4133b30,2,1,5.042982193781882,0.7868714237755225
ac26ffcd-dd48-4d9a-b055-34433eef4884,2025,2025-02-22,4edc5314-8f1f-46cf-90fe-fc3094be42cf,68a583e2-b11a-4a35-b102-095903fabdd8,-2,0,3.5303375978423106,0.5317133404856123
aca2a74a-bb47-4273-9340-c583f541851f,2025,2025-02-22,8bdfa757-6fe1-4ee1-a1c5-279e7f35fa1e,b21fc872-90f0-43b9-a07f-97e7531c8898,15,1,-1.8514845508147946,0.3944741815139228
b05f3827-f4e0-41c0-975e-71d0413af300,2025,2025-02-22,ba8ae2ef-827b-47e0-bcec-bf76fe44e37b,62d54283-52d6-4daf-901e-b6ae1bdf29c0,8,1,12.642967177571954,0.9191346565280933
b2c93491-20e7-443f-88f4-5416633b1fa7,2025,2025-02-22,c7e47abb-629e-4b69-8d41-c87333fbe6b4,026ac097-d80f-48f3-80e4-e6ae2b9ee383,2,1,7.60084824895971,0.806993288609046
b4c2231a-95b5-4c05-ae46-f43dba0863fa,2025,2025-02-22,bbd86984-093a-4854-845d-01d65716f8fa,185c12ee-a2a7-4588-84f2-4b4b270a75a6,-4,0,2.2024223855533034,0.6007464075356108
b7d4343d-545c-448a-8a2f-0206dff863c8,2025,2025-02-22,d756733f-2d8f-4ed6-8b7f-dc7804a270af,cabaff64-a388-4861-9374-977555d19efb,5,1,6.671831482444132,0.7934893153710432
b7dc72e9-0af2-4819-b1e4-423beb31eadc,2025,2025-02-22,9c2f288e-9523-4b69-ae64-ab0876fec6a4,c59d7c9d-7fd0-4a58-bdba-7904baeb0abd,-15,0,-3.170767337774189,0.2824686303552518
b7ebcd38-8e61-452e-b2e5-f3179a0d03d8,2025,2025-02-22,8bbfa6f2-6178-4c2b-bf17-66fba7623c4e,08b7e4ad-da8b-487e-a809-741854d1008c,-12,0,-0.466368474508536,0.4774623821806805
ba7aeb05-1807-420a-bf36-31caaabfa285,2025,2025-02-22,2fe58a98-ca14-421d-83f6-aac80bab3780,8860a6b6-e60d-437e-afc3-b42e8cab8d79,-6,0,-2.589664989592269,0.3668937586572437
bd767e1c-3376-4b83-86f3-3f970d2d8a71,2025,2025-02-22,c90512ea-4ed0-469e-a936-7935ade0caf0,6578af6a-edd4-4185-82fc-cdb933362d97,6,1,6.4387053710973365,0.7480770298399951
c7c5f1c0-7515-4f23-af47-ac26e585cc71,2025,2025-02-22,85708ae1-7d66-437a-9d70-bcb680bdfa86,1b9c388c-a2e4-42dd-9e21-4841ed46cf4d,-11,0,11.577021457301257,0.9361410851470178
d32f24ae-0d20-4c23-a549-e28de5c58ae2,2025,2025-02-22,c4972de1-bfaa-4820-893c-10adf1095f0a,5b376c94-fc8d-4e0b-9977-1748d898ff24,41,1,28.37772796720201,0.98533601007397
d64cb232-6317-4fec-aaa1-82774ff61d0a,2025,2025-02-22,e732f6ff-8488-4df9-8756-f1cbcec88e33,3a2cf934-5d3b-4406-a458-0c76b7b9d65a,-10,0,-11.273077477840385,0.12587857083800905
d6fa396b-a01d-46a0-86b1-52e998961c92,2025,2025-02-22,0f2c89e1-1c22-4add-af3e-a7d9982de167,a6332591-4e2b-4b84-82bb-debc57b8b614,2,1,6.8833125721153925,0.7401353764432397
d7428ceb-25eb-4200-a600-d576bb553695,2025,2025-02-22,08e7a657-2b9a-4055-beee-621379cea4b7,31a68979-4cbf-4e59-be9e-82043f581ff6,12,1,6.256676317215294,0.7532655396811603
d8a63258-869e-4fe8-86bd-b1e13ea47984,2025,2025-02-22,851d8a88-2edc-45bf-b180-7b6c1744f5fe,0eb90dc3-2a1e-43d8-80ac-bab6d917f78a,-12,0,-0.7567573461307922,0.4579458774430677
d933c2d2-3c92-4be0-bde8-bc4108c8a883,2025,2025-02-22,58fdb1cf-11b4-437d-a338-e497be161811,2dbbcf87-baa5-4154-8071-c62e522990c6,4,1,11.845998898880405,0.9024449881864567
de104023-a447-492a-baf5-f2f2a129df3e,2025,2025-02-22,dbd1798b-2cf1-49c5-9f33-caefec39594e,dc7ff97c-c617-4dcd-89fe-5e702fd03890,1,1,7.938979396906286,0.7624409529432199
e1e33ca0-1a9c-4aa5-a20c-8e64735081aa,2025,2025-02-22,b0ebd027-95a6-4e7b-abfd-c26d14470857,12d2dbd5-0799-448a-a49a-671c218c8bbd,3,1,1.124800387093752,0.5115489561573979
e2e2a5be-55b6-41ce-b1c4-d19694c3790e,2025,2025-02-22,eb7098ac-5154-42da-b703-d3b3958b198c,63da3cbd-f74e-4ba0-8273-8bca25a54f73,15,1,13.301685599777398,0.9221472262691262
e4483191-6bf6-4ae9-9003-05a6ea3ed870,2025,2025-02-22,b8772a3e-c4fb-4396-8eb8-b30c8a36abb7,5d005d94-2060-493e-af42-31885c78962f,-2,0,-1.9177715632371626,0.43021750209075216
e5d37bee-21e6-4b93-b189-69180ddc38b5,2025,2025-02-22,7732f0ad-152b-481b-be13-de99facad3ed,82d0fc94-2404-4659-9764-1b8186e037b7,39,1,18.075420647601327,0.9787941689933422
e625d921-0ea9-456d-92b3-2ad77db7809c,2025,2025-02-22,904ecc4d-857b-4150-b986-50e605d84b61,3ed32cdb-d2a0-473e-9db0-fd63aaf9013b,-3,0,-6.398927934730179,0.2739179631757179
e7459b41-a978-4706-a1ca-2805c16379d1,2025,2025-02-22,7a78a9a6-0d5b-4fae-8fb4-98bc816ed903,7c82650d-eccf-476a-b85d-69a73b6b7f8b,3,1,1.7619885132228357,0.5954856953137165
e7c38b0f-5730-461b-9509-61b7ee57de26,2025,2025-02-22,9ba0c75f-bad2-428f-9038-d695c2385098,f4598131-de83-4e8d-b7cf-dc008ccca8aa,-9,0,-8.351039789829864,0.15222893434779694
e9d4be5f-3fc2-4cf4-9bd3-04859dbd763c,2025,2025-02-22,fe967dc0-fdb0-46b0-9629-0fd108949abe,17dd690c-8f33-4c2e-94ef-326bf0628517,-8,0,-3.9597352690157948,0.37964187227300805
ea840355-1179-42a5-a039-a848b2b7b8f8,2025,2025-02-22,223e59ef-679d-450c-a409-d6ff2a5b5cc5,bd53017b-0998-4291-a0d1-1c9f45306402,-23,0,-10.511929499764172,0.1395562452422606
eb3301b2-8590-4695-be30-30001041d920,2025,2025-02-22,37d0bfe1-4a78-4810-9371-3268e54026d2,af997d63-624d-40db-bffd-18de780e2f59,5,1,5.379669585260584,0.68749623294995
ee9a8b2c-f514-4f22-ade9-e3a387ba74c5,2025,2025-02-22,02361e70-3d89-4b56-8d25-73ea2ee389ef,d9fdf72a-562e-4e19-ba2f-faa3de20ace5,22,1,12.347990331796597,0.8821520566632615
f17dc7a4-a038-4f6a-8484-c3ced71f788e,2025,2025-02-22,81ce1538-893e-4f62-9812-5468866f484e,d6a348c1-3237-43da-8690-d309d586a66e,8,1,4.856491765386722,0.607580446618843
f17de8b8-0e86-4e6c-a962-aedaba14bd1b,2025,2025-02-22,ac42cc2e-26ce-4ace-8d1f-28d21a1c77b2,e20e16ce-0f28-40e0-afe1-5492395d5e53,-9,0,-1.496720137675726,0.44701147744671443
f437a74a-e873-4335-848f-3f514ecf17eb,2025,2025-02-22,935d92c1-aca9-4b21-9e0d-b6c396fb067c,06f12e7c-35a4-46e1-a2ed-0cacb16f9b68,7,1,6.15259906477934,0.7360875270910184
f627815c-9f14-43b5-8ae8-4d4fea0636fa,2025,2025-02-22,6fd295ef-9c37-4478-af91-536cbf316358,f5ed0adc-4078-47c4-aba0-3dd2de221774,2,1,0.7315323233597919,0.4958244985495522
f7dea400-8dec-4ae3-beec-5b2b3bfd85c6,2025,2025-02-22,42a1b5ec-9263-4e7a-8f55-df64f85505e6,7d5a75d9-3168-47d2-92b5-e680e056b479,21,1,6.4654466637381915,0.794154116570899
fa730ff5-20b9-4ba0-9cc7-1223662701e3,2025,2025-02-22,75628733-1eec-40f9-a6cf-07501979c4b3,d2d39132-b6f8-4e0d-96d2-4e89419550fa,-9,0,2.2165776950453835,0.5195970246578409
fc351da5-001c-4900-ac66-ec67e8b966dd,2025,2025-02-22,67503cd7-a244-4820-afaa-485db8ea877a,3e287cd2-e8fe-4612-a996-d02de5cd9fb2,25,1,21.793225757612767,0.9870297350894593
fc9c05be-01c7-470a-ac4c-899ef83fefd9,2025,2025-02-22,f829b41d-4185-4fb9-98e0-bd7bd9b6bd7d,17e47b02-02b2-4bbb-a838-a4695fbc099b,-4,0,5.454369303619523,0.7548745635424176
ff3c1120-35b3-4649-81ce-f9c528e6bd0e,2025,2025-02-22,a2a4c8c1-e611-4717-92f2-fccc9217a883,69293aea-705f-44e4-81db-36e52bcb1813,16,1,10.179934551230259,0.8412826414544103
0033c13a-7d50-4609-86a5-916f6ceffe3f,2025,2025-02-23,fa6de946-411a-41ad-8bfa-6526c949108c,73493513-0a1c-4fec-9e40-429225bb809f,13,1,5.766697860390133,0.7891631665941053
019f2f3a-2f24-4974-a5f3-d1d6026b8d39,2025,2025-02-23,36b120f2-51ac-4dec-94ea-549d266507b5,231d7720-fba0-4331-b1da-8412227395f7,19,1,-0.43783415376566787,0.5031995828767255
11d1da79-907b-4c52-9269-84c9bfa2b8af,2025,2025-02-23,daea7f8b-7386-4fa6-8921-870a3e848b4a,861b8733-b443-47d5-9c5e-f56373a8fb9c,6,1,7.9418382095304585,0.7925127525168314
173b2682-3ac1-49a3-8ce4-11781033cc8a,2025,2025-02-23,cc0e2cc0-da4b-4021-8739-c0e7e235467b,f22ee0eb-5079-4c19-b46d-7d40e14d7636,-5,0,12.294688820236413,0.9007230441572358
25e6acc3-e781-467a-a976-f0b54b56c07f,2025,2025-02-23,cc4cdd9c-0563-41d0-bbb7-29b825db8e55,f9261c55-02c0-49db-9993-f5d64a97b21e,14,1,8.556148765643698,0.8325103061251082
26b084cf-f551-4279-a69f-153f1ec6df84,2025,2025-02-23,571d2904-70d9-4de6-abfb-1d716ba43f0b,4b6cd009-754d-44ee-9433-124bad801b02,11,1,3.9642510036854333,0.6167227486338794
2926f4c3-7703-4331-96ea-c8f6cb77d226,2025,2025-02-23,e383167f-2c53-465a-b2fe-0d6bd7c69b27,c62c317e-e0ab-4b1b-a6b9-878965985154,3,1,8.258563593089418,0.8538688932690731
2f568d1c-f3f8-4af9-90fb-b682ffb23cfe,2025,2025-02-23,33efd80d-8446-4d83-97fc-e864b132a0c8,be595032-d4ed-4bea-95de-22a18feb02c7,10,1,1.7834248519643285,0.6159614459634378
31ef64aa-ba72-44f7-a428-4a3153569992,2025,2025-02-23,b9840fe4-f776-405a-8b8d-3c388de0792b,6cd07c06-66e5-421d-a8d3-84cd9833bce3,7,1,6.083458015450891,0.82201924800325
406ad3e8-1663-4ab2-b80a-b8ec3c494c48,2025,2025-02-23,7bc45016-4549-4672-9453-69c2a81aa576,b04e184a-6805-475b-95bd-7e19d2fe95c9,6,1,1.1092979955393854,0.5660769959512632
4a18924d-cb84-4432-b135-ae30753a2330,2025,2025-02-23,05005d1e-02c0-46c0-8b4d-19dc825698c0,0f0ea376-1ea4-4b1f-9a4f-e7301a0318a4,4,1,3.209629415557926,0.6721809205361523
4a5b3347-d68f-4945-996f-7934fab78b74,2025,2025-02-23,44242fcd-cd9f-43aa-afc2-5a12ea89394c,bfd9aeef-b698-4868-8a44-436dd23e4ae1,5,1,10.590882729882718,0.8715667277138017
5c733ead-aaf6-4365-9a81-41f741217c51,2025,2025-02-23,8848c09f-0c71-4cbf-9d0a-84da72f6b649,52f17f8e-1af3-4d55-8323-0292fdf33297,5,1,3.8123611233226042,0.6841829134036919
60414cc1-54d7-4195-a099-90f052582b05,2025,2025-02-23,de0352b5-4ae9-49af-a027-b0dc86a005da,5c6768d4-83c5-4e23-aafc-55ac70126454,19,1,8.352470761593255,0.7935902681800221
7213b6e6-0102-4c12-b0d6-583893c079ac,2025,2025-02-23,6ba99b19-8a61-49da-9325-3e04939d3d5f,eb0507e2-4c2c-4860-ba0c-7a0a815425fe,-7,0,-7.818362285024108,0.1955202617591206
7fab7fe5-a8aa-4043-914e-816369fbfbda,2025,2025-02-23,31a5142f-21b1-4d3a-87fa-d39f7746b7a8,f9a35e93-6a9b-427a-8901-d74cf3f23676,8,1,6.506207717232382,0.7258146523186312
81f7fcf9-f5d5-45f9-9080-5fa2fe44934f,2025,2025-02-23,0f0aab5c-26db-447a-b6b5-a264da5b140a,3dd34e3a-6cf5-419c-8042-503af5d36e7e,-6,0,-0.9768909731238582,0.4929754991092918
84dd3337-4ade-4fd3-8aef-ee42a8c70188,2025,2025-02-23,88c5646c-b1a9-42f6-999b-56d8198e37ea,9b729374-1ae8-46e9-bfe6-2348cf00056a,4,1,11.791093547046279,0.8949689239800328
8c1c7c6f-586c-4537-a1fe-067441bcebab,2025,2025-02-23,2a57c531-b461-42be-bbd4-b080f188a160,9df3af06-d207-48e8-a010-41797b070072,15,1,-2.4416767466392075,0.3807901071580923
946a0cf6-8b70-4115-9fb8-7aad161cb637,2025,2025-02-23,a67d2a73-fb71-42b8-97b7-9b72a49efc06,8a391aff-89a4-4586-9d57-71299178703c,-12,0,1.8742065129130463,0.5884209132301561
9b38f40b-60fa-4c73-837d-00f8f6a881eb,2025,2025-02-23,5896c71f-aaee-4983-9da1-2e953c561786,52aab06d-922e-4906-9dc7-3c0fe7d3e2c2,-7,0,3.3094738026195616,0.632513629460886
a9e03b8a-9770-46bc-b2e2-c64e869eea2a,2025,2025-02-23,a7fd1d4d-445e-4899-9731-00f7bff74284,983c0982-0fb8-45e4-829e-306cf787ba2e,7,1,1.9376209095747288,0.5341264863785564
e5110598-7890-49d5-9a37-5980aecaf3a6,2025,2025-02-23,02073ad7-1bb6-47dd-a1fb-fae5e0bc2ed7,7532f347-4701-4460-abfa-98034c2ce687,4,1,11.210177090721752,0.8965026922151059
f87a7c60-6b87-4312-9d21-d518c854c975,2025,2025-02-23,e51388ec-8e0a-4c32-a70c-4890e3e61d3a,3be5fa30-2fd3-4af3-bfc0-39db2dcb523e,16,1,7.273693203156206,0.7917856692817121
1174256a-93cd-4389-ae29-1e0a740b62d4,2025,2025-02-24,02361e70-3d89-4b56-8d25-73ea2ee389ef,6dcee41c-8ef7-4afd-aa5e-6e7fa77886e0,-8,0,-8.835891192504139,0.18082046955266792
2990247e-848a-4617-b25c-88d97700a342,2025,2025-02-24,62d54283-52d6-4daf-901e-b6ae1bdf29c0,eb7098ac-5154-42da-b703-d3b3958b198c,-11,0,-5.289026796382734,0.2943887468661859
2ba5c1f8-00d9-497c-bbcf-7e16279cc76d,2025,2025-02-24,9c04a238-121e-47ea-a3bb-436957b78a8b,ad9fa352-0a34-41df-8ad8-38855ef63d91,5,1,-1.9045673694700767,0.4258480893000495
33897666-27a8-433e-b9ef-cfadfb73bc7f,2025,2025-02-24,ff488f80-9f05-43ba-b8dc-d7693b84c0ea,6482154d-967c-4e24-af4e-6cdb9ef80e00,-23,0,-14.820324707466831,0.05363297764815092
3a730c1d-81fd-436c-97fe-3b286cedabe4,2025,2025-02-24,483b9ce0-4c9d-43d0-979d-831c7298213f,46a5f9e6-fe34-4ea4-867d-ba4e31297465,-2,0,-9.0761979733648,0.16643505256337499
57009ded-a353-4827-b77f-11ac16267008,2025,2025-02-24,d2d39132-b6f8-4e0d-96d2-4e89419550fa,a564f5c9-0e8d-44c8-a75d-b3b355370dbf,-9,0,-5.953395334357112,0.3103966479695932
606a9c4f-d791-4e3f-8221-d0403c4b44c5,2025,2025-02-24,02ee8976-6844-4a27-9f72-aca9acf8f5d0,af50adaf-e9ac-42bd-a6a9-7ae8e4dc4a8b,35,1,16.63134009371103,0.9674098324343429
730a2e61-68d1-4442-bb5e-3b85bab79d80,2025,2025-02-24,9f7dac5e-38e1-4e63-9e50-e6b0d822fddf,5b376c94-fc8d-4e0b-9977-1748d898ff24,8,1,18.702274931652045,0.9704899273614832
7abd03b6-e841-47a7-b53f-f2b2510dc10a,2025,2025-02-24,0f2c89e1-1c22-4add-af3e-a7d9982de167,17dd690c-8f33-4c2e-94ef-326bf0628517,12,1,2.837193072462984,0.5621419271612438
7deac241-7f91-47c6-afc2-69408723fe6b,2025,2025-02-24,52414cfe-b45b-4eab-a88b-e509aa446dfb,51d48e8a-41da-4087-b00f-c65fc8fc1ce7,32,1,11.585916040819178,0.8837847297418215
917a2064-e933-4624-a783-81d111b60d8d,2025,2025-02-24,2fe58a98-ca14-421d-83f6-aac80bab3780,e6431705-05f1-4df2-9721-8369a3a493dd,2,1,6.443058492222175,0.725496858374814
9aa17072-2896-4e87-91ed-d66efab0a010,2025,2025-02-24,326d518f-eb6a-47aa-9739-13bc340a9a3c,b0e26736-fae2-4d59-85cd-4b5243f23c8e,2,1,-0.3502582391047287,0.4700945576733484
a75ca0b3-d04f-41ae-aa19-aae760b053d2,2025,2025-02-24,8dae6732-0634-481a-90ac-d73bf6a19566,f3885a3b-f43d-45ee-96e1-f650af90dc9c,4,1,9.880032022333367,0.8498071624767474
a97fd1de-47c0-49c3-9447-38675229cfdf,2025,2025-02-24,5c86ee1e-ee35-4d51-bc08-bbca68bc90f1,9e98a2ca-2d40-440b-b4d9-906cd168c9d7,4,1,4.4258585329014615,0.6324230933964546
aae54b50-7b2b-4557-809f-6806c76d7c01,2025,2025-02-24,fe967dc0-fdb0-46b0-9629-0fd108949abe,a6332591-4e2b-4b84-82bb-debc57b8b614,16,1,1.2867755627395845,0.6182630840490501
b51536bc-a74c-43d9-a5ea-e084ad6ac792,2025,2025-02-24,ce88cc81-96d4-48c0-ad06-ee0c2d3d7663,6e056aa7-1906-4546-b6db-5910356fee72,-3,0,-7.688649605492922,0.28477547029107264
ba4bf3d4-4487-43a7-bed8-efa0bc8f1da3,2025,2025-02-24,2e0b49d9-a257-42a3-955c-b0b0af5a12db,b24e3987-105a-4e03-8184-b15b2947a98c,11,1,-9.008854659343326,0.26635200929631064
c1001c00-5a69-41e3-abb5-516eb85256c7,2025,2025-02-24,ba48df8b-809b-401f-a758-25c39aa2d50b,8860a6b6-e60d-437e-afc3-b42e8cab8d79,-13,0,-12.171760709878004,0.07786039947084399
c6f60899-afe3-4906-9c29-80fd7152d9b3,2025,2025-02-24,5717b8ad-bb6c-432d-b223-01a330a59686,6628afb6-e6fd-4d7f-be94-a19527da56fa,-17,0,-9.281958906119186,0.190955185549496
d108f8a5-f1b7-4004-8f50-b08affc2610b,2025,2025-02-24,dbd1798b-2cf1-49c5-9f33-caefec39594e,ae911605-551a-46eb-aef9-06f9a60479c9,-2,0,6.392042386586963,0.6811470808190594
d7a0d858-c7db-465b-92c6-c251e27f6f70,2025,2025-02-24,ad21cf61-9161-4409-af92-468be5a0142f,77bcefa1-a18f-4280-a5c9-2d1573b78e0a,-15,0,-7.9223775757782,0.27617498745132646
e7ef07c6-26a3-479e-8d15-abe9e9be6e35,2025,2025-02-24,7cf9cb31-3bfd-486a-90fa-8fa6f3bb44a1,dc7ff97c-c617-4dcd-89fe-5e702fd03890,11,1,-0.12895829761004116,0.5063086308356994
edf131d1-1138-468c-bfc6-d4cd38554b2c,2025,2025-02-24,ddb253d9-6526-4c32-a7a2-4462d6abe45c,3027d417-64d5-4892-a6c3-c77edfaff436,-7,0,-5.3207348163051345,0.2868579980607577
f550fc84-fd71-425c-8022-56e82ffe54eb,2025,2025-02-24,c4972de1-bfaa-4820-893c-10adf1095f0a,f0929311-9f5c-421d-8573-4b4bee0c314f,25,1,18.885691426769135,0.9834932640305836
f5f65747-c7ef-4499-a10d-7117ff0115a4,2025,2025-02-24,aecf6cf2-725b-4450-9b49-8491e6a4ee0f,c878fb5c-c2e2-4f40-a5a0-f297cc0e51b8,2,1,0.1188505886951593,0.5293158173819809
04351220-8e95-4830-8639-3e6ef2d472fe,2025,2025-02-25,c75216c6-4563-402a-b8d6-b8434793ea38,f2fcffd8-915c-4fdb-a632-8b5b621bc999,6,1,-11.164244369328825,0.08094329185408468
1f2f284a-0189-401a-8b35-9ffec5afd05d,2025,2025-02-25,7a78a9a6-0d5b-4fae-8fb4-98bc816ed903,c4101885-e600-4596-80ff-bc637c56221d,-22,0,-18.303326269317893,0.04640533259410271
35149d88-64bf-401a-ab31-b8255d06f2fd,2025,2025-02-25,1835c2ee-1e17-4d18-9ab8-a1bb3678b947,904ecc4d-857b-4150-b986-50e605d84b61,29,1,19.502121145356078,0.9754214576029845
36e52ed7-4c63-43a6-bc52-d75b7346cdc2,2025,2025-02-25,9ba3c8fb-1162-47a1-873e-6cf11475a094,ccaa9380-5136-4fd2-b639-f5f54936ac7d,5,1,-0.11643075301165971,0.5129236991421224
3de138b9-2955-45e5-a0fd-657854e676f2,2025,2025-02-25,8226bdf0-6c2b-4e2b-841d-e2a01a5e5145,026ac097-d80f-48f3-80e4-e6ae2b9ee383,10,1,4.420777053464094,0.6748482650292525
4ba6df04-e2a8-45f2-9fb0-d811fd112ad9,2025,2025-02-25,ab5be1d8-ac8b-4c5c-8e26-320585a8bdef,b21fc872-90f0-43b9-a07f-97e7531c8898,-6,0,5.593867725958905,0.7876099421384204
4cb602d6-f1aa-44f9-947b-19b64b1dda48,2025,2025-02-25,ac42cc2e-26ce-4ace-8d1f-28d21a1c77b2,a5ebc512-a148-4140-b60c-147132b3097c,-12,0,0.5519868095904371,0.48203561299033176
5056f7b2-a1ef-4cfe-805f-afc1999a0904,2025,2025-02-25,69642ef6-85e9-4dfe-ab65-4cca6a1688d4,48dab38d-2a0b-4201-94d9-c6ffaf736974,-37,0,-22.848867292798705,0.04447046569025425
5145ae34-13e4-4145-959f-df8cd29eb862,2025,2025-02-25,fa3cb393-e306-4365-b4c3-b3f62a5027d3,dd8a7533-5e77-4aee-99d0-4c56a7ff74a7,-19,0,-6.512036406947061,0.21190013785996598
516eda04-0b62-4499-9dbb-8c6f85185ba2,2025,2025-02-25,3ed32cdb-d2a0-473e-9db0-fd63aaf9013b,821de2da-b464-49f2-aeb1-293e7aedd6de,-5,0,2.774630746372973,0.6827966114156826
51a9e689-c18d-4e19-8d01-50ad3fa13c1b,2025,2025-02-25,a00214a0-9c1b-4018-a085-500dbd55fb17,5ea1ef3c-5f24-4989-854e-a24a9e31ac74,23,1,11.042971591401258,0.923113628023947
5df3ee3f-398d-42ef-b1de-9ced33de7fb9,2025,2025-02-25,b6c7c93e-bdd7-4df7-b73a-c1fbe953199d,27bf19a7-be0b-4fa0-8dac-8d9b7df5f363,20,1,10.712837461541874,0.8969898267383929
60fb9b8a-366d-4984-8b14-a92a2aaf3087,2025,2025-02-25,397b5601-d70b-43a8-b259-1a752c68bb1f,76eb53c2-0367-4d59-b619-799a7aea658b,38,1,11.670936451820117,0.8960289916731711
6d63eeef-6feb-4559-afae-f72713cf266b,2025,2025-02-25,24cced85-1369-4dbe-8abf-92fb8d456618,375d7498-7795-4ff1-bcf0-e13cdaccd9e5,9,1,-3.8272562938517796,0.3765705703626399
7611c3b2-85ab-4bb3-967f-22c0468ec25a,2025,2025-02-25,47b99bcc-2f9a-41d7-8d7c-3f9e93809210,3c9cd500-c6f0-4eca-b722-405eefd74003,-1,0,0.7492075241450454,0.6028454243505895
812e3d8b-cbf0-4163-829e-442cc6170cba,2025,2025-02-25,741b4fec-9ede-4efa-a807-8c1679e962a6,469778d6-39b3-4cd1-8bf4-f40903d78c5d,-5,0,-5.543507059748865,0.4319661057545468
89958735-0626-4d62-bad8-acaca0afdbbd,2025,2025-02-25,0a4ebb69-d8f5-4c7e-a7bf-b7ce3968f57a,bf32f747-5e9d-417d-890c-89407933c4c6,16,1,7.7328525988220695,0.7832511078094258
917cd687-148f-4ba7-aaae-97662b117958,2025,2025-02-25,08e7a657-2b9a-4055-beee-621379cea4b7,c91670da-50fe-4e29-9e0d-e0a2d01897cf,2,1,2.925737333515353,0.598695182854314
9cff1b4c-9b83-4a2c-ab5e-c26395bc7646,2025,2025-02-25,bf7cd127-c979-4181-8f7b-356415e2c15a,325d11bf-595b-429a-8342-97fe68b1a3cc,40,1,11.966503155372962,0.9070082666891015
9ff5783d-418d-4639-a563-91f6374995c7,2025,2025-02-25,c6cabd85-4834-4f62-94ab-57143286b512,5a320db8-a83e-4f46-9418-25176d12a65f,5,1,-7.0926241344098555,0.22707488232393525
a85ec1fe-8453-4352-8121-5e52a0f25110,2025,2025-02-25,d9fdf72a-562e-4e19-ba2f-faa3de20ace5,31a68979-4cbf-4e59-be9e-82043f581ff6,18,1,4.4341034007236635,0.7397911993218145
aae08125-288c-4189-914d-e22fb70842cd,2025,2025-02-25,ad46d3d3-a8b8-45c5-a46d-913240ae2832,3aedc020-716e-4a2c-a7f8-ab1abaf53d87,4,1,10.526958852027512,0.8744484758669763
acfb8e3a-e8f3-4807-8bfb-fd2ebb5d1bd3,2025,2025-02-25,41ff62eb-8cb9-4e63-9c2f-50989d3e65c1,ba87013c-8cb8-41eb-95fb-16991c536506,-6,0,-12.156177999531378,0.12410472527260455
b0b4f481-232a-4792-bc44-be0c16183a2c,2025,2025-02-25,641dc594-03c5-4ae6-8564-0ccb3c8edc77,03e9598c-4271-4840-ae88-7c7c36f2b10e,30,1,12.110843955709463,0.9390277150255227
b55834ff-2dd0-4eef-91b3-e27aa90f284a,2025,2025-02-25,628efcd7-4ae6-4bba-9542-11e108d22d8d,a2a4c8c1-e611-4717-92f2-fccc9217a883,-18,0,-20.03876712782522,0.03562380262025234
b55c4940-d418-401c-89d6-cb38e24a5958,2025,2025-02-25,af997d63-624d-40db-bffd-18de780e2f59,cb86bdfe-2665-485f-9a44-846b23bdb2c3,2,1,1.5199308503264282,0.5894120713033723
c4e3ffa1-6e4a-4cc6-a975-7918974db1f5,2025,2025-02-25,46f85354-63b8-4744-8b13-341ea0a30c2a,f63b8169-081a-49c5-8b53-2f7b3e524fb8,8,1,-1.1688595534982027,0.5088870977491786
ca865f2b-7782-42a2-b3b5-b90dbd852424,2025,2025-02-25,db5b4ba8-4030-4125-845c-337b3ed300b4,62c787d1-5e5d-4e44-b6e8-1c208f874eba,30,1,14.819528977615915,0.9356367138402096
d5d58357-b887-4765-9e51-43b4f91412ea,2025,2025-02-25,f829b41d-4185-4fb9-98e0-bd7bd9b6bd7d,050cf087-6e1b-42ef-84fe-368ac1929774,26,1,18.762896414888846,0.9726818929003355
f07bfc43-faa1-40b5-8aea-7500568913bd,2025,2025-02-25,3e287cd2-e8fe-4612-a996-d02de5cd9fb2,37d0bfe1-4a78-4810-9371-3268e54026d2,-6,0,-11.078563705645793,0.14261171730396735
f14446d8-ab81-477b-89eb-daabe29fe972,2025,2025-02-25,ed973a10-a469-4337-9742-eed664c61168,5d005d94-2060-493e-af42-31885c78962f,9,1,-2.0144798410512585,0.4045392698010667
fa815028-8f53-44cf-b50e-0adb8ae95c19,2025,2025-02-25,6f7ff858-33b4-4d3b-b960-8a750dbe33a1,50ac73d5-f2f3-4160-add7-d0993eec32cf,-6,0,-5.437817953071379,0.32316591313979415
fb7dbb7c-d6e1-4c2e-b54f-e906231e1f05,2025,2025-02-25,c504f52c-c325-424d-ae65-da37bf8e5820,9123b907-3559-421d-be7d-7e238eb0c266,-5,0,-2.884129162879249,0.40940534826598335
1435ad00-9f0b-4c73-9adf-cbabd4977e23,2025,2025-02-26,8dae6732-0634-481a-90ac-d73bf6a19566,c878fb5c-c2e2-4f40-a5a0-f297cc0e51b8,19,1,14.822563480516353,0.9499643381939827
19099f6e-170b-46e5-8485-87c0ab25f8dc,2025,2025-02-26,b31c989d-1667-4be6-8a91-193cda486b3f,17ba9bad-9d46-41c6-9781-6a1e204da7b0,6,1,-2.753006675766342,0.4695498242962647
1f056cc1-998d-4d66-9006-42a2323e6744,2025,2025-02-26,f9261c55-02c0-49db-9993-f5d64a97b21e,5f1bdada-9e34-442e-b575-0b6a9114f1ae,14,1,14.854057918866305,0.9415348457350614
21184860-f023-4fc3-ba61-59f07fb72ff7,2025,2025-02-26,144de2cb-963b-480b-84b4-10b39d4562ef,d26d7563-983a-4b9f-bf04-fa2777e0beb0,14,1,4.854481020530776,0.7140548235661971
2449a1d4-f08b-445e-a75f-dcded5150f2a,2025,2025-02-26,f0489380-9e3d-4613-ab85-fc32d9368997,88e83e71-3235-4c21-85a8-da368f34e5fd,1,1,9.677187691286207,0.8691790948513999
25100347-5367-4cb0-aa43-8ded32ffbead,2025,2025-02-26,bd53017b-0998-4291-a0d1-1c9f45306402,88ae8bb6-fbd8-444d-8d22-f485d82d2e67,22,1,23.22958859897756,0.9892340222561582
2dd73762-b6d5-4b46-ab8e-0858c6c5af4a,2025,2025-02-26,8a391aff-89a4-4586-9d57-71299178703c,42833efc-4047-4751-b5dd-8f5c6d05e355,-10,0,-9.002779952266845,0.2109049271436932
2ddc2bd1-9707-4257-8cd0-91732daac8ff,2025,2025-02-26,2de57d84-8b9d-4def-9a66-315270ea5d18,7f0a740b-2a56-4bec-87c8-7bf2baf05d58,-1,0,-7.091406210557056,0.22404714490883149
2eb91acf-5608-4297-b953-e1e8eae7d5fc,2025,2025-02-26,ad21cf61-9161-4409-af92-468be5a0142f,5717b8ad-bb6c-432d-b223-01a330a59686,3,1,-4.645866563344094,0.34257549589217945
33bd8373-88a7-47cb-958a-17ba5916bca7,2025,2025-02-26,4edc5314-8f1f-46cf-90fe-fc3094be42cf,6bc97d46-dcb6-4437-a79f-2d351169817d,-6,0,-8.754830324703672,0.21323281205819464
3c5a47fe-d3a7-4565-ab4a-892ac6303f55,2025,2025-02-26,0f0aab5c-26db-447a-b6b5-a264da5b140a,d52e191f-c4a5-43a8-b16a-1d87ecf7ce9d,22,1,11.507708166885259,0.8976794504989443
450f7f33-fe98-498e-af61-78a889282008,2025,2025-02-26,de0352b5-4ae9-49af-a027-b0dc86a005da,42a1b5ec-9263-4e7a-8f55-df64f85505e6,12,1,10.550277177576907,0.9094440646161714
55edc35c-efac-43b8-8f57-d61fc8c84080,2025,2025-02-26,7e01ae0c-d2c7-4d9c-beea-2da953b4c037,0420bfac-8b45-41ad-b228-89893a037d4a,17,1,5.005163693161524,0.7060881908198015
5879d6b1-3efa-4094-8f94-9890b57d3445,2025,2025-02-26,14b85f13-07f7-4bd1-8f5f-32720dbe1c9e,ff2fa864-282d-4503-9a88-8c10619b0e3d,20,1,7.968617194721419,0.8132338240041577
59fd3577-d6ec-4de3-bd40-d4b955ea5c1b,2025,2025-02-26,3be5fa30-2fd3-4af3-bfc0-39db2dcb523e,6ba99b19-8a61-49da-9325-3e04939d3d5f,2,1,2.9072610452445264,0.6167751551185426
691ea97d-1eb2-4e46-9110-ffea5061e9af,2025,2025-02-26,68a583e2-b11a-4a35-b102-095903fabdd8,67503cd7-a244-4820-afaa-485db8ea877a,-19,0,-12.046999199574866,0.08234085384193898
7b1532ec-53d7-4844-990b-c6c7030a67be,2025,2025-02-26,8d515064-54c5-4eeb-a095-ad7ac6839d0c,a1594c03-e784-493e-8435-66f585997595,-3,0,7.325064695081225,0.6724632160340038
870a2b6e-8590-4a42-81bb-abe21bcf48bc,2025,2025-02-26,be595032-d4ed-4bea-95de-22a18feb02c7,f9a35e93-6a9b-427a-8901-d74cf3f23676,-5,0,-0.7969293002046117,0.4397346741061602
8acf43b0-57fd-4c61-8e8e-d10496451ade,2025,2025-02-26,4b6cd009-754d-44ee-9433-124bad801b02,d1dca835-9ba3-4f00-89e0-533fcfd2b27f,14,1,10.061802712916725,0.8698899515343989
8d851c18-401f-4a3b-98c7-a69a367cdacf,2025,2025-02-26,6628afb6-e6fd-4d7f-be94-a19527da56fa,ff488f80-9f05-43ba-b8dc-d7693b84c0ea,18,1,22.667550065270017,0.9840171449736983
961f99ca-5b2e-4615-948d-e2f703569585,2025,2025-02-26,f239ac13-f7a1-4acf-90a5-3cf4c6fd3355,0f0ea376-1ea4-4b1f-9a4f-e7301a0318a4,17,1,12.063020439341958,0.9073462553650905
97fd4e0b-0124-4ccb-bd6c-c6ce8d727d2c,2025,2025-02-26,6482154d-967c-4e24-af4e-6cdb9ef80e00,77bcefa1-a18f-4280-a5c9-2d1573b78e0a,5,1,10.347650067667436,0.8533489863749308
9d68fbcb-7859-4b07-8297-e5e00ce844ed,2025,2025-02-26,231d7720-fba0-4331-b1da-8412227395f7,861b8733-b443-47d5-9c5e-f56373a8fb9c,8,1,11.617119948852096,0.8873505596668734
a150a929-1e4b-4220-a0ea-1b09f4c998ad,2025,2025-02-26,69293aea-705f-44e4-81db-36e52bcb1813,d75e1814-b8c9-4246-b06c-afe60d661528,10,1,12.073679888909554,0.9516424824853982
a7f10d3e-731f-4e75-88d4-1be7dd6ddbb6,2025,2025-02-26,5c86ee1e-ee35-4d51-bc08-bbca68bc90f1,aecf6cf2-725b-4450-9b49-8491e6a4ee0f,7,1,13.163353119368113,0.9372548840154679
a9d2b5db-c59f-4cee-9fc8-2bc704a6a2de,2025,2025-02-26,f89aec4b-36dc-4a40-a634-a744d4d646a2,5858896e-5e67-463c-a38c-c7431f157945,4,1,7.734621428860845,0.7688331821891051
aab47b77-6326-4ce5-8193-4bd0c3f5d8aa,2025,2025-02-26,391f303d-08c5-44cc-83c6-60595fc71068,3bc11d41-6e7a-4932-b0d5-e15a8f310406,-5,0,2.1702810294667176,0.6982320111679798
ac448267-f37e-41c5-8613-30f6e9dd3b1f,2025,2025-02-26,d756733f-2d8f-4ed6-8b7f-dc7804a270af,8bdfa757-6fe1-4ee1-a1c5-279e7f35fa1e,18,1,9.875027027225418,0.8719621480641793
af8e6881-aa4a-4821-bc13-4c83b703d7de,2025,2025-02-26,223e59ef-679d-450c-a409-d6ff2a5b5cc5,46671d80-ebfc-4f9a-8eae-19249794115f,-7,0,-4.282578592293381,0.38278109606345023
b24d7e04-3e29-4cd5-a5f5-a31fdcbe1f76,2025,2025-02-26,58fdb1cf-11b4-437d-a338-e497be161811,3d3b199e-7c4f-4c53-b683-a77a8d8e697a,43,1,22.724291164718107,0.9852577799250568
b5816e2f-3bb7-48a2-a21b-7473cac69bc5,2025,2025-02-26,3a2cf934-5d3b-4406-a458-0c76b7b9d65a,78d97761-b499-435e-9097-b9d553f3ee67,-2,0,-0.25130722665749,0.48727524424404595
b7c1dd2b-4379-4473-92ad-4a403ed398a7,2025,2025-02-26,1f8df44b-d154-4a8f-8c48-32b36db0cd06,cd6bef67-d192-4740-b7be-731c52686c54,-8,0,-6.62952143608782,0.2819528352410524
b9e46081-2bf3-49a4-8de8-f1ab7d530c61,2025,2025-02-26,4926f0f3-ac12-4ca0-9cbf-eb99f9aafb78,7e838ebf-74ed-42de-9f2e-d8057aa77de5,-23,0,-7.535243438303055,0.2752920644478892
bd2511b5-5e1f-4242-8544-f06680637415,2025,2025-02-26,05005d1e-02c0-46c0-8b4d-19dc825698c0,a67d2a73-fb71-42b8-97b7-9b72a49efc06,4,1,4.158494913729797,0.679583932373046
c04a2bbc-4549-4efd-a87b-6f8d7918f14c,2025,2025-02-26,351b4e0d-ecfa-4f26-963a-5d1e8b281052,0b297e0e-e039-449d-b07f-f8e1ae96e3db,30,1,12.907889226349143,0.8925716712640362
dd257149-dfba-4558-8f4b-14d38596961a,2025,2025-02-26,36b120f2-51ac-4dec-94ea-549d266507b5,60adcfeb-0ca6-456b-b51b-d8d3a324c55d,-3,0,-4.336639029046084,0.26212596868349314
de533dd1-af14-4c8f-9dc7-f4745a280d59,2025,2025-02-26,a7689181-61c1-492f-83e6-a64bca6e04f9,700f42bb-65b8-4e08-bfdf-8dba2e0bd260,-11,0,-5.326245352424905,0.27505934881255545
e75bb702-2a38-4b5e-900a-fc8636c420d0,2025,2025-02-26,f3885a3b-f43d-45ee-96e1-f650af90dc9c,9e98a2ca-2d40-440b-b4d9-906cd168c9d7,-5,0,-0.017159199196721077,0.4947298778254081
f11ca7cc-acb3-4936-8cd6-969d32c228d8,2025,2025-02-26,9a0196e9-6b45-40b9-b0d0-df6bb1c90dc7,b67edcbb-77d5-4a29-aa67-e1733b9a001a,-11,0,0.8350767516887927,0.5538944155449735
f9b553b4-9cbd-49de-bcb5-3b145f039c1c,2025,2025-02-26,66244ae3-7fd6-49a7-9304-4ae41bea9ab3,06f12e7c-35a4-46e1-a2ed-0cacb16f9b68,-5,0,-2.0604108883101353,0.3750410474935901
ff067bda-245d-42c3-b22a-16935e7a5fd2,2025,2025-02-26,0562b0a8-dbba-404d-9aa5-930ebe50c9b3,6b776d4e-7c15-4c08-b195-ddf7052c762c,-2,0,6.322552770864517,0.7181872800711291
ff9332eb-18b8-425b-8297-f5fff3bd49e6,2025,2025-02-26,d8e2daca-6b8a-4f31-93d4-8cf6dd93fda7,daea7f8b-7386-4fa6-8921-870a3e848b4a,-8,0,5.474542039091911,0.7675559189262838
0710d363-e8c6-4881-87e5-b31f86a995cc,2025,2025-02-27,705e808f-a589-4af4-8baa-45ce5b2e969e,f4598131-de83-4e8d-b7cf-dc008ccca8aa,-25,0,-22.369675316275003,0.04018478205049146
083d7ae0-2fbe-4a5d-a306-78006b99d05b,2025,2025-02-27,01f45e3a-e22b-4c25-b1e8-0d5ac80e6a5e,6fd295ef-9c37-4478-af91-536cbf316358,-2,0,0.29729817159256045,0.49242498073665786
089e5224-0a9a-4ed9-960f-bdfd8135cafa,2025,2025-02-27,12d2dbd5-0799-448a-a49a-671c218c8bbd,ab7c4477-bd9f-4098-989f-243e41356323,9,1,7.934626363256592,0.8612177680415368
0c79418e-5c80-437a-b884-4cdba667f8ec,2025,2025-02-27,0485ce67-c9b0-4725-be73-d3185a14e575,44242fcd-cd9f-43aa-afc2-5a12ea89394c,-8,0,-11.056808320391827,0.14758560616917799
0e7a8747-e333-490d-a639-c54a7e5c5ba1,2025,2025-02-27,c514a4b8-22c2-44f6-a118-250ae80751b0,416d2dd1-15bd-48e9-82e6-9277c0ab829c,-12,0,-0.6809043710879055,0.4624045580479883
1413ad38-3362-4924-8d5c-44a1bc4a09d4,2025,2025-02-27,fcb7d38a-6efc-47b3-b7af-3dd5ea07e8e5,9007c268-37e0-4ab1-ac60-f9cdcb3a7a8f,-5,0,2.8731421583306322,0.5576172949078467
16eaa7a4-3187-4df9-9ed0-fbf6d9f6a677,2025,2025-02-27,48f318bf-54e1-4e42-b6e9-47c3bdaf4fb8,c87682db-2ff7-4c63-9820-df6c8409d5b3,16,1,14.590801579316237,0.8740643297027642
23f78af2-ffa6-46f5-bbfb-38cad512274b,2025,2025-02-27,5d66e35c-66aa-44ac-b72b-33066edb3e20,8bbfa6f2-6178-4c2b-bf17-66fba7623c4e,22,1,5.127596699256466,0.6984534147096073
26b37419-1b4d-4d28-8e97-b328b60c8bad,2025,2025-02-27,a46fdb60-30d0-4807-a2b1-e29d8d7c22b2,8daceea0-e7c6-443f-9452-f56f9faa56de,13,1,4.308007016537173,0.6687001017558692
2898196e-b993-4182-b726-457f0b34349d,2025,2025-02-27,9b729374-1ae8-46e9-bfe6-2348cf00056a,fa6de946-411a-41ad-8bfa-6526c949108c,-14,0,-12.828631711083174,0.09284146479366634
2c8251ed-e237-4fda-9816-b028c89f5680,2025,2025-02-27,58d76bcb-6251-4be3-9fce-6e748e521d87,000d55e3-3608-43be-aebb-6926cbe6b7b5,-26,0,-0.19425812675948073,0.5004549638953346
2eef1b0a-bbe3-403c-8e1a-db0f9e3ca3b8,2025,2025-02-27,12ae7230-4fab-42c4-a7d7-88e118290c3e,d2d39132-b6f8-4e0d-96d2-4e89419550fa,15,1,7.938793695349284,0.7982323697443011
398414d1-7d8b-401c-b290-b64c97d65517,2025,2025-02-27,571d2904-70d9-4de6-abfb-1d716ba43f0b,e51388ec-8e0a-4c32-a70c-4890e3e61d3a,-8,0,-1.6319073933482533,0.4216202309272591
3a717767-4a67-4379-93a8-79cda36248ee,2025,2025-02-27,5320a4de-9279-4990-9ee8-6638339220e0,88c5646c-b1a9-42f6-999b-56d8198e37ea,-5,0,5.3720595047691235,0.7006537215525066
3b6c2ec2-6259-411a-899c-ea300f574314,2025,2025-02-27,ad9fa352-0a34-41df-8ad8-38855ef63d91,5c7c373d-1822-4c63-aa7f-64745cc99c52,14,1,13.6704388654579,0.9391532040418961
3dc160ee-32d4-47d0-9894-727f6a9c0fe7,2025,2025-02-27,6578af6a-edd4-4185-82fc-cdb933362d97,8e9b7d4d-1baa-4d3d-bb10-8950f4133b30,24,1,3.1621185985413534,0.7138615009839023
40a49f3e-b211-45b0-8bdf-e1e2427c1f8e,2025,2025-02-27,73493513-0a1c-4fec-9e40-429225bb809f,8848c09f-0c71-4cbf-9d0a-84da72f6b649,5,1,4.2266309820175785,0.684076129517492
4dc5f5ad-ec29-4ed2-b414-71ef8d6921e4,2025,2025-02-27,d65f3ef9-cd07-4472-b901-9b3ba2b35764,a79a95b3-2101-4649-8f36-782b24edba79,15,1,-1.7669687742438012,0.38346089297584246
4f0dae85-eef5-4068-8c9e-501c3b3ed395,2025,2025-02-27,307416ce-030c-4156-8d62-1e2632e9e26c,f1e9470d-a3c7-4ef1-8583-6bb917490ac3,-7,0,3.728012167615292,0.6501374142408377
4f4261ab-84b1-45ca-a296-b6aad252b1a9,2025,2025-02-27,c59d7c9d-7fd0-4a58-bdba-7904baeb0abd,08b7e4ad-da8b-487e-a809-741854d1008c,13,1,6.537112188848446,0.8148755289782834
55fcfe13-51c9-43d1-ba2d-319c4c2a842e,2025,2025-02-27,6e056aa7-1906-4546-b6db-5910356fee72,33efd80d-8446-4d83-97fc-e864b132a0c8,2,1,10.999871464168237,0.9129987073976802
56407aa7-12f7-4d5a-8608-8cd103427359,2025,2025-02-27,19313cd7-ad44-47d9-a9ef-b9e0c7238466,d894373b-dca9-4d1f-a9c9-a123f8c1b600,14,1,11.559984540993058,0.8912572147936331
633400e6-b2c3-469e-92a0-53660dac8cff,2025,2025-02-27,d6a348c1-3237-43da-8690-d309d586a66e,f3afec86-2594-4158-97d1-aaac68833b8c,-7,0,5.472164862316932,0.7330945940158089
68245a05-66dc-4128-a7f1-b99acf2b118e,2025,2025-02-27,d0c9e56a-ea87-4a77-8ea1-93b43e2aa99f,185c12ee-a2a7-4588-84f2-4b4b270a75a6,-6,0,-8.741969002361042,0.17870908748085193
6aad913f-ac8f-4714-8118-b4f00e466719,2025,2025-02-27,52355b41-c560-4fd9-b83e-3bec2763822d,41e19184-6f6d-4838-b789-d8553db45753,11,1,1.5915056653921325,0.5660701200779156
6b2e04d6-fb21-42ab-a7a2-f6db487d75ff,2025,2025-02-27,714115a3-e87c-4c38-be62-cfe9dada315e,b704622d-2904-4237-b9a0-a9865096fefd,-10,0,-7.620634206400536,0.2822526215440175
6d9714f9-ea1f-4cb3-98c6-c75dcf65fdbe,2025,2025-02-27,de50cb63-b08e-4760-ad25-62eceb6c4120,2389c341-a290-43f4-b0e8-08ee6a15c14c,19,1,2.7620473649537094,0.7154004499445956
72ef6efc-e646-4bf7-977f-740250bb00c4,2025,2025-02-27,308dd2dd-d731-4927-9bf5-e8aad5900158,52414cfe-b45b-4eab-a88b-e509aa446dfb,1,1,4.629711155515462,0.7257949912706837
7483ed38-477a-46dc-a0fe-733c2f60566c,2025,2025-02-27,51d48e8a-41da-4087-b00f-c65fc8fc1ce7,fd64c7b0-4a53-4590-bed6-59bbcddb0f63,3,1,-7.233310123394158,0.22401357513009926
88c3bd18-4ee4-43a6-9cfb-0f9b54d82744,2025,2025-02-27,f02fe504-2b2e-4ed7-b9c5-4c7e6e224682,7732f0ad-152b-481b-be13-de99facad3ed,-6,0,-6.176960352130014,0.2640638093258602
8db14903-7000-43ac-a025-ee1fc134cb2a,2025,2025-02-27,61ce5009-1768-42aa-b377-fd95cefd07af,14a1f904-5f97-4e98-885e-5d6c4f102ea6,-1,0,-6.044578891871619,0.2951690142363918
91b21c33-7ed3-42b2-b9fb-bc62533a76aa,2025,2025-02-27,c921ba85-0782-4ce6-80e2-44f0c43d4f16,a564f5c9-0e8d-44c8-a75d-b3b355370dbf,-19,0,-6.459221485506155,0.2696839764913538
97255e1b-2367-40ed-88ca-f75b02818cad,2025,2025-02-27,6f9a1a81-2dbf-490a-ba3c-8f8fadddd9d4,22865798-3256-425e-8eb5-60e1edf9403f,-4,0,1.5635554246050967,0.6220600173189085
9a1d8ed1-b716-4fce-835f-f013e1f0f6d7,2025,2025-02-27,82d0fc94-2404-4659-9764-1b8186e037b7,c9942b49-0bf7-4dda-bc78-bf2e3b174055,-6,0,0.7459420838655876,0.5074020696090418
9f6476d9-a342-47c8-8fbd-166c57c7ee60,2025,2025-02-27,83384eea-0854-4284-a875-f47d9b0c31d8,85708ae1-7d66-437a-9d70-bcb680bdfa86,-4,0,-1.5436110419759925,0.41296053256302984
a372df22-959c-46e3-b390-7ee98b335827,2025,2025-02-27,2c1fdbd4-c0c7-4750-b829-f7a6b7bc5710,8deb21ba-48b8-491c-89ab-0b360062d211,15,1,-2.8726832080097617,0.3749231166381084
aab800cf-d6fd-4f0f-b597-935a2088950d,2025,2025-02-27,a2f3412c-1391-45d6-9516-eeef28f38cff,35163246-626a-4e63-899d-7a3798e88277,20,1,2.3874481654203406,0.6094651757460089
ac31a094-91a7-4a25-bd61-61d58c979820,2025,2025-02-27,195318b0-fa80-45e8-96b2-e83346e70a64,81ce1538-893e-4f62-9812-5468866f484e,4,1,10.104939262271651,0.8637131045321019
ae9a99c3-505e-43bc-a011-6e6dd134e032,2025,2025-02-27,4a976ca8-f51c-487c-ba87-dae41ddaee24,e732f6ff-8488-4df9-8756-f1cbcec88e33,7,1,11.895421042637716,0.9197889828801655
b1490f1e-c13e-41b8-8f03-837d063b84ec,2025,2025-02-27,cf3707e3-2f2a-44dc-8d7a-4d16b2fe78ee,64975048-1db2-4ded-ad28-05b8d8aa9c66,-3,0,-13.091412026490689,0.07287643984781082
b8813afe-4b2a-48ab-8eeb-45c76a744135,2025,2025-02-27,07c201cc-5a34-4a3b-9fc9-bae4c20b7c9f,a870c009-c0ca-48e9-a456-1ea2b2b779ef,10,1,7.86080601694511,0.8464563035813412
b9aea168-4fdc-41c7-8a0f-5908e9af2543,2025,2025-02-27,b0ebd027-95a6-4e7b-abfd-c26d14470857,9ba3c8fb-1162-47a1-873e-6cf11475a094,-13,0,10.849484973297354,0.8892239605595894
bcf86856-1c6b-4616-b114-c91de0e3483b,2025,2025-02-27,031d384c-ac9d-469a-985f-3214f2b9972b,52f17f8e-1af3-4d55-8323-0292fdf33297,6,1,-0.08362898532778866,0.45971418818460347
c2ecb5bc-8c3b-459d-be1a-0aad2ac906ee,2025,2025-02-27,2dbbcf87-baa5-4154-8071-c62e522990c6,4b7b8cc0-eb4b-40bd-a9b7-958fbe20894d,-12,0,-7.186108471574373,0.2514615084103069
c55eaa1c-9b5c-4ff7-96cf-8eb63eba3a0f,2025,2025-02-27,75dd9179-8700-4b34-aeaf-2cf608aec25a,871751b8-eb3a-4919-bc58-ab82887e29c6,15,1,9.74607289562673,0.8555222152269621
d9044010-69ce-4fca-bbbf-57dabde41559,2025,2025-02-27,a0bfc386-3dd9-4417-be3e-42f45cee6c22,9ba0c75f-bad2-428f-9038-d695c2385098,-1,0,-2.878683217051846,0.42979381437191827
e0b18488-9e3e-4f14-bd02-c820240a1f20,2025,2025-02-27,f5ed0adc-4078-47c4-aba0-3dd2de221774,bbd86984-093a-4854-845d-01d65716f8fa,17,1,3.116384564948326,0.6261343340540622
e4e7e6dd-8c74-4940-bcb7-7de612735bc2,2025,2025-02-27,bfd9aeef-b698-4868-8a44-436dd23e4ae1,cb8412bc-37cc-43bd-b58b-a5e5956df339,8,1,5.577945347472105,0.6860408188265844
e697a77a-2f47-4f06-9b4c-b43869f1ebb6,2025,2025-02-27,7532f347-4701-4460-abfa-98034c2ce687,e6a72d83-0126-42a5-b202-cd710e233fef,5,1,-2.900584806523736,0.42466976427026143
f184f31a-d8d8-4537-9c8f-55aff0030365,2025,2025-02-27,829dbc21-e757-475c-ab7a-2a3172ec0683,9c2f288e-9523-4b69-ae64-ab0876fec6a4,9,1,16.235488150710193,0.966313496850034
f6e641c9-991a-4313-9655-652a79b17e98,2025,2025-02-27,1b9c388c-a2e4-42dd-9e21-4841ed46cf4d,e1c5e9f4-197f-4a7b-b871-bdf72ca0cf3a,-7,0,-9.893321955121552,0.21167458532335673
fad86dd7-d453-4c55-9177-91bbf5008b17,2025,2025-02-27,5c6768d4-83c5-4e23-aafc-55ac70126454,eb0507e2-4c2c-4860-ba0c-7a0a815425fe,-10,0,1.707999599399669,0.5781290201616375
fe74f924-8f65-4405-b21e-bc859bc3b703,2025,2025-02-27,9c04a238-121e-47ea-a3bb-436957b78a8b,75628733-1eec-40f9-a6cf-07501979c4b3,3,1,3.9452477968023425,0.6467864272954365
034db937-6ed6-4fb9-a08a-7bfd938a5567,2025,2025-02-28,51ff831a-13fe-411d-a486-ed3c7ea2fb5e,6a154b5a-b7dc-4299-86a1-c9ecd354b8c2,-5,0,-5.718515612544534,0.32089839771992285
0dbade07-169c-4166-b2b3-cf59aec03ace,2025,2025-02-28,3e287cd2-e8fe-4612-a996-d02de5cd9fb2,67503cd7-a244-4820-afaa-485db8ea877a,-27,0,-17.426671319751172,0.03538385415674808
121f5b7f-a0d6-4ae2-b79a-55e764632a7b,2025,2025-02-28,a2a4c8c1-e611-4717-92f2-fccc9217a883,47b99bcc-2f9a-41d7-8d7c-3f9e93809210,24,1,14.0559975018697,0.9249639799545817
21cf3bfb-e4c8-4be3-bae6-7c37f8671579,2025,2025-02-28,91e8763b-21ee-4929-ab39-6a46d1d62e33,bc9cb402-a9b1-4644-acdd-ae7e0571be90,-5,0,-6.521100939842856,0.23303414593874502
27530794-5cf0-4b65-a252-928aa594c9cd,2025,2025-02-28,c62c317e-e0ab-4b1b-a6b9-878965985154,5896c71f-aaee-4983-9da1-2e953c561786,-2,0,-5.736671650517842,0.22103424371301933
762f3f73-721e-4311-9f58-9ec2bbfcb86b,2025,2025-02-28,fa9fae48-c4f0-419f-97d7-5e2ba9d47858,e66c14f4-c6eb-48be-8caf-0deb5a03ec15,28,1,13.306163158598265,0.9206538419388085
7bdbf1bc-adde-434c-a8e2-251073ea77e6,2025,2025-02-28,52aab06d-922e-4906-9dc7-3c0fe7d3e2c2,6cd07c06-66e5-421d-a8d3-84cd9833bce3,-5,0,10.463717855266253,0.8851375801809175
9fa80d44-38f4-4513-9011-9ad5e3152856,2025,2025-02-28,f22ee0eb-5079-4c19-b46d-7d40e14d7636,ad36d475-e577-4c2f-b8db-b2d47d1fab15,-5,0,-5.295147810083008,0.35574798952665343
a1e93418-8203-4857-b265-3062d9cabc6c,2025,2025-02-28,6bc97d46-dcb6-4437-a79f-2d351169817d,68a583e2-b11a-4a35-b102-095903fabdd8,23,1,13.58412243057766,0.9190278985337169
a533461f-f05c-4218-b691-97ee146e6c35,2025,2025-02-28,3ed32cdb-d2a0-473e-9db0-fd63aaf9013b,ad46d3d3-a8b8-45c5-a46d-913240ae2832,11,1,3.867462293836862,0.6591203706057871
a72ccaa0-9d93-4cc5-abde-4524b9bd96da,2025,2025-02-28,b04e184a-6805-475b-95bd-7e19d2fe95c9,e383167f-2c53-465a-b2fe-0d6bd7c69b27,13,1,2.690498308034711,0.5707785038391779
bc87cee3-9454-4aa7-8fa1-c58c412e50bf,2025,2025-02-28,9df3af06-d207-48e8-a010-41797b070072,31a5142f-21b1-4d3a-87fa-d39f7746b7a8,10,1,2.6129728887188257,0.6180340884260953
d40f79fc-ced7-4d39-a497-3f212da89bc8,2025,2025-02-28,50ac73d5-f2f3-4160-add7-d0993eec32cf,a00214a0-9c1b-4018-a085-500dbd55fb17,13,1,1.2682761012441184,0.5118406755662465
d712671f-35f4-4c02-b83e-6eb2691a11b8,2025,2025-02-28,17900399-e4eb-42bb-81ed-06f5be1309b7,abb24ec9-06c7-4ac8-a0a7-299760b256d3,-7,0,1.4233009198707376,0.5789178514537782
dbfa9597-a737-4cca-90b4-6dd23121fda9,2025,2025-02-28,a5ebc512-a148-4140-b60c-147132b3097c,27bf19a7-be0b-4fa0-8dac-8d9b7df5f363,11,1,0.7363188162603176,0.5556138199819356
e1ed3428-6e38-47ef-878b-900f6b07e134,2025,2025-02-28,829dbc21-e757-475c-ab7a-2a3172ec0683,9c2f288e-9523-4b69-ae64-ab0876fec6a4,9,1,16.16038155173772,0.968295876155571
f61d499d-ea68-4c7e-b05a-5bde4e13e1af,2025,2025-02-28,b31c989d-1667-4be6-8a91-193cda486b3f,9fb181a8-2807-4e27-9442-8e09de6c9575,-2,0,-2.0733565048534173,0.39908677418521726
f6fbab86-cc49-4425-93fe-cb588b80e8e1,2025,2025-02-28,fb109583-87bb-40c1-a02d-7d40bcd7c52a,b9840fe4-f776-405a-8b8d-3c388de0792b,7,1,-8.416866205266423,0.2057936390181658
00c0b8d3-c31a-40ef-8f00-386f85a20185,2025,2025-03-01,08b7e4ad-da8b-487e-a809-741854d1008c,829dbc21-e757-475c-ab7a-2a3172ec0683,-7,0,-8.794308308484501,0.19805363154058164
00fa425c-c4a3-452d-aaa0-443c8eeb5d37,2025,2025-03-01,3c9cd500-c6f0-4eca-b722-405eefd74003,14b85f13-07f7-4bd1-8f5f-32720dbe1c9e,31,1,-0.46405669632257296,0.4813994647277735
0257fc8d-2153-4e29-94e3-7cc1d508abe2,2025,2025-03-01,cd6bef67-d192-4740-b7be-731c52686c54,628efcd7-4ae6-4bba-9542-11e108d22d8d,10,1,17.011301773003716,0.9631421728228817
02a1e2ca-b4a0-4b71-883b-d8a83b394b27,2025,2025-03-01,fcb7d38a-6efc-47b3-b7af-3dd5ea07e8e5,f3afec86-2594-4158-97d1-aaac68833b8c,18,1,10.361971607871125,0.8203034734310013
0347440e-7ebc-4ce0-9c23-5877a4fcd400,2025,2025-03-01,c4101885-e600-4596-80ff-bc637c56221d,0420bfac-8b45-41ad-b228-89893a037d4a,27,1,6.338416616316067,0.703428312103003
03b01c6a-40d8-498b-83b8-6399b019612d,2025,2025-03-01,8fdfa7ed-88da-45ac-9520-9a9e9fbe2586,43624e99-f362-48c4-b203-9af174b24be3,3,1,4.3742501288482805,0.7899338962389022
0996545b-e748-41ea-81a7-7eb3f0422005,2025,2025-03-01,12d2dbd5-0799-448a-a49a-671c218c8bbd,c87682db-2ff7-4c63-9820-df6c8409d5b3,5,1,8.230309423202902,0.8118160696588561
0a5b63bf-9150-4430-8985-b4735dcbda4f,2025,2025-03-01,9b729374-1ae8-46e9-bfe6-2348cf00056a,031d384c-ac9d-469a-985f-3214f2b9972b,7,1,-5.6410059247481446,0.3037356868057531
0af46892-11eb-4606-b9dc-56cc90283f09,2025,2025-03-01,c91670da-50fe-4e29-9e0d-e0a2d01897cf,c75216c6-4563-402a-b8d6-b8434793ea38,10,1,9.702935225204813,0.8734375078090084
139e93ed-fe00-4133-afdb-19cdb1249251,2025,2025-03-01,e1c5e9f4-197f-4a7b-b871-bdf72ca0cf3a,14a1f904-5f97-4e98-885e-5d6c4f102ea6,-8,0,-1.2535688126119413,0.4646793059843677
17c17900-f647-46aa-ba52-d0cb020f45f9,2025,2025-03-01,70746950-a861-447f-a9ba-f53e329c27c1,fa3cb393-e306-4365-b4c3-b3f62a5027d3,-31,0,-16.42421059078895,0.055193118565010794
1892c147-b003-4f8f-a4a2-0ec3cec0ef22,2025,2025-03-01,593820ae-e46e-43a0-a5b3-904904eb9cef,4f9d3323-4211-41f2-8211-76b7efd6246f,-24,0,2.199034194286772,0.5832685909983533
18d70434-9e1d-4af5-a4fe-d1229569b346,2025,2025-03-01,06f12e7c-35a4-46e1-a2ed-0cacb16f9b68,69293aea-705f-44e4-81db-36e52bcb1813,17,1,-3.1400643135835873,0.350699494334134
1936ca98-e5fb-4778-9f8b-5ed2512a4e3d,2025,2025-03-01,c514a4b8-22c2-44f6-a118-250ae80751b0,4b7b8cc0-eb4b-40bd-a9b7-958fbe20894d,8,1,0.3184763535323657,0.4590804240711053
1dfae3b7-ddef-452f-8049-ab33c0461309,2025,2025-03-01,d2d39132-b6f8-4e0d-96d2-4e89419550fa,ad9fa352-0a34-41df-8ad8-38855ef63d91,-2,0,1.6256010842409738,0.6515713209711231
1f761e21-4263-4f27-99f0-dbd1004ac27c,2025,2025-03-01,a46fdb60-30d0-4807-a2b1-e29d8d7c22b2,c59d7c9d-7fd0-4a58-bdba-7904baeb0abd,-19,0,1.9319630817855973,0.5392472773112734
21c5c0d3-2662-4f59-83c6-1361cd8f08ac,2025,2025-03-01,f63b8169-081a-49c5-8b53-2f7b3e524fb8,7a78a9a6-0d5b-4fae-8fb4-98bc816ed903,21,1,23.780104146912215,0.9868473087384696
22908ed0-ad1d-49bf-8a6c-d59b686f2192,2025,2025-03-01,e20e16ce-0f28-40e0-afe1-5492395d5e53,8d515064-54c5-4eeb-a095-ad7ac6839d0c,-4,0,-2.9641781714814077,0.31450724592772633
2397152c-23d7-46d7-8d0f-ca51b18abb6f,2025,2025-03-01,f5ed0adc-4078-47c4-aba0-3dd2de221774,185c12ee-a2a7-4588-84f2-4b4b270a75a6,3,1,3.687010516410546,0.6502663832972903
2d487b36-d8ea-4ccf-9308-0a2962660e34,2025,2025-03-01,17dd690c-8f33-4c2e-94ef-326bf0628517,02ee8976-6844-4a27-9f72-aca9acf8f5d0,-2,0,-8.50956290305528,0.24888814603869167
2e309671-aa00-4bf0-bb41-c415fca86da8,2025,2025-03-01,35163246-626a-4e63-899d-7a3798e88277,4a976ca8-f51c-487c-ba87-dae41ddaee24,-7,0,-2.5510812764323716,0.32531128462835135
3a9d4ebd-42e4-482a-8ba2-95e479f25c73,2025,2025-03-01,7e838ebf-74ed-42de-9f2e-d8057aa77de5,58fdb1cf-11b4-437d-a338-e497be161811,-3,0,3.7123843117060242,0.6972768352671689
3b0074aa-83ba-46b0-bd51-77810fd64119,2025,2025-03-01,d894373b-dca9-4d1f-a9c9-a123f8c1b600,a79a95b3-2101-4649-8f36-782b24edba79,-11,0,1.5320052619061248,0.5251346938877364
3da67c88-6736-4041-b3ce-4728f76eb1d9,2025,2025-03-01,b21fc872-90f0-43b9-a07f-97e7531c8898,d26d7563-983a-4b9f-bf04-fa2777e0beb0,25,1,2.368006460681003,0.6584994204792299
42017472-3582-407a-980a-a5ebc3f4dacb,2025,2025-03-01,7d5a75d9-3168-47d2-92b5-e680e056b479,4b6cd009-754d-44ee-9433-124bad801b02,-2,0,-4.3865278791898445,0.31953715132624777
423cf8eb-ae35-4bfe-b257-c9b1145e2db4,2025,2025-03-01,050cf087-6e1b-42ef-84fe-368ac1929774,2a57c531-b461-42be-bbd4-b080f188a160,-16,0,-5.178440554871509,0.2633258830783661
44596b4b-479f-4481-bcdb-981d46aa6ad2,2025,2025-03-01,d915e7c4-a333-4d6f-9c21-5904d58e75bd,1f8df44b-d154-4a8f-8c48-32b36db0cd06,3,1,-1.968834519652376,0.45571089142857796
4908819d-4731-4ec9-b62f-8fe7f3e2acc0,2025,2025-03-01,31a68979-4cbf-4e59-be9e-82043f581ff6,05005d1e-02c0-46c0-8b4d-19dc825698c0,11,1,1.9612969553220383,0.6290407171617863
525d59d1-f372-41dc-b736-d7f03fffe057,2025,2025-03-01,5f1bdada-9e34-442e-b575-0b6a9114f1ae,db5b4ba8-4030-4125-845c-337b3ed300b4,-15,0,-8.050405306557813,0.1857284787855237
5304c281-734f-4355-8f85-9d402352c6ed,2025,2025-03-01,3027d417-64d5-4892-a6c3-c77edfaff436,02361e70-3d89-4b56-8d25-73ea2ee389ef,-5,0,-0.5600485754297193,0.4571745682507603
564cad92-3261-4661-82a1-9cbabc90bdf4,2025,2025-03-01,000d55e3-3608-43be-aebb-6926cbe6b7b5,391f303d-08c5-44cc-83c6-60595fc71068,13,1,9.7666406086198,0.8197251973079276
5a6a3881-67cc-4685-bd74-4b70571eab2d,2025,2025-03-01,cc4cdd9c-0563-41d0-bbb7-29b825db8e55,f8ed9667-67c8-4fc7-a946-d81c4cbe8fed,10,1,25.36333150510671,0.9823823171256447
5fc80fd0-ce96-4d15-8291-08f06ad5eab3,2025,2025-03-01,d75e1814-b8c9-4246-b06c-afe60d661528,1799ef2d-85d7-4ba9-8048-33b1956ab3db,-14,0,-8.171812750611823,0.20512943929638872
61fcd35b-ef8e-401e-80c3-77b769d86025,2025,2025-03-01,82d0fc94-2404-4659-9764-1b8186e037b7,bb02a3be-6beb-4745-b200-3a49f5224f0e,8,1,8.817791525810183,0.8070878678264086
6437bda7-cb53-4c06-ae93-713f76c4e3bc,2025,2025-03-01,51ff831a-13fe-411d-a486-ed3c7ea2fb5e,e66c14f4-c6eb-48be-8caf-0deb5a03ec15,-5,0,2.050428317576212,0.647325151271964
657c1d49-0a3f-48e7-af44-82a87c2a0ffb,2025,2025-03-01,51d48e8a-41da-4087-b00f-c65fc8fc1ce7,75628733-1eec-40f9-a6cf-07501979c4b3,5,1,-3.886474082732691,0.36108838204151084
678d3245-6f6c-4d22-9bbc-d9df0f3ca122,2025,2025-03-01,46671d80-ebfc-4f9a-8eae-19249794115f,2866b25a-1e5a-42be-8763-ad87278ec1d9,16,1,11.753651387653887,0.9014515505617022
67f051cf-1552-498f-bba3-59928c2198f2,2025,2025-03-01,19b01b27-3931-468b-a50c-6636aef39c7e,41e19184-6f6d-4838-b789-d8553db45753,8,1,3.360130153310902,0.648061400947891
6c8434b8-dc80-47d1-bf82-c8b8da11a46c,2025,2025-03-01,42833efc-4047-4751-b5dd-8f5c6d05e355,d9fdf72a-562e-4e19-ba2f-faa3de20ace5,21,1,11.218672927970673,0.8598924559159123
6f550ecd-58f5-44cd-8be9-4f185bee5771,2025,2025-03-01,241f50fd-2121-4b74-abd9-2ddb98d74a2e,fe967dc0-fdb0-46b0-9629-0fd108949abe,5,1,5.560436022336616,0.7473947128280417
6f7a0c1d-b1ce-4ed3-ac42-dda8efc61088,2025,2025-03-01,75dd9179-8700-4b34-aeaf-2cf608aec25a,bfd9aeef-b698-4868-8a44-436dd23e4ae1,6,1,10.11909033058703,0.8626000067043776
726cf389-42d3-40ee-ac74-f8dd4607dbee,2025,2025-03-01,17e47b02-02b2-4bbb-a838-a4695fbc099b,be595032-d4ed-4bea-95de-22a18feb02c7,21,1,7.437980629510455,0.8076311994630943
74c00944-f86c-40b4-a05c-e688c8501425,2025,2025-03-01,5a320db8-a83e-4f46-9418-25176d12a65f,0562b0a8-dbba-404d-9aa5-930ebe50c9b3,19,1,11.541157161516193,0.9048491241307127
7515bfa2-eb9f-4c20-ba9b-72b09a464a23,2025,2025-03-01,76eb53c2-0367-4d59-b619-799a7aea658b,41ff62eb-8cb9-4e63-9c2f-50989d3e65c1,12,1,11.106315585448293,0.8926767722444864
75ead97e-2b53-49c1-88b1-7e165a29319f,2025,2025-03-01,f02fe504-2b2e-4ed7-b9c5-4c7e6e224682,de50cb63-b08e-4760-ad25-62eceb6c4120,26,1,1.1156158426015093,0.6329250159677416
7b79f919-7b97-4ebf-9a61-5266589471b8,2025,2025-03-01,e4054827-709d-47e3-8f27-86b76b8f17d6,be9af39b-8a19-4b9d-89a3-bc6dd35defa3,-10,0,-6.87402325849493,0.2809282620076549
7ea19570-3a4e-44ce-949c-f24d9c8a13b2,2025,2025-03-01,07c201cc-5a34-4a3b-9fc9-bae4c20b7c9f,c921ba85-0782-4ce6-80e2-44f0c43d4f16,22,1,8.008674296253707,0.8120717952201045
7fdd6420-8f7f-4e0e-9582-25fd15e9d9ed,2025,2025-03-01,2c1fdbd4-c0c7-4750-b829-f7a6b7bc5710,81ce1538-893e-4f62-9812-5468866f484e,-5,0,-4.907585054063954,0.30819612376488836
83f551a0-537d-48b6-8237-0539ee58b60d,2025,2025-03-01,821de2da-b464-49f2-aeb1-293e7aedd6de,c504f52c-c325-424d-ae65-da37bf8e5820,9,1,6.010703617358057,0.7682902481459669
840baa0f-c6fb-4d29-81df-627bb6a63f00,2025,2025-03-01,f4598131-de83-4e8d-b7cf-dc008ccca8aa,a0bfc386-3dd9-4417-be3e-42f45cee6c22,10,1,21.377224162701985,0.9896582070472781
8494e986-1e57-4410-a8aa-a6c8e2b89786,2025,2025-03-01,5858896e-5e67-463c-a38c-c7431f157945,871751b8-eb3a-4919-bc58-ab82887e29c6,13,1,2.2792502467517166,0.6061455697367919
8b054143-290b-411b-b035-e4c56cbcc266,2025,2025-03-01,a564f5c9-0e8d-44c8-a75d-b3b355370dbf,a870c009-c0ca-48e9-a456-1ea2b2b779ef,30,1,9.393880830530689,0.8715104577832171
8bfaa9ce-81f3-4e8b-a64c-1d7204176bff,2025,2025-03-01,dc7ff97c-c617-4dcd-89fe-5e702fd03890,4319d016-ec3c-434b-9398-c88b1bfab01e,5,1,1.9554757896352521,0.5483190596668073
8c40b8f9-d710-4a81-b388-2f267aab7ef7,2025,2025-03-01,3bc11d41-6e7a-4932-b0d5-e15a8f310406,223e59ef-679d-450c-a409-d6ff2a5b5cc5,11,1,2.245360827954547,0.6274440863948093
8e18b9b3-bdcc-496d-99b7-230e11848df0,2025,2025-03-01,f2fcffd8-915c-4fdb-a632-8b5b621bc999,f239ac13-f7a1-4acf-90a5-3cf4c6fd3355,17,1,4.0080588994293675,0.6832790302970796
8f444a48-1318-4b5e-a1f4-25f28e123920,2025,2025-03-01,ae911605-551a-46eb-aef9-06f9a60479c9,a6dd499a-eb6b-4f8e-9094-d8eb96b3547a,1,1,-3.749952833845791,0.3600695105798547
91c6e306-74dc-4f89-ae34-1c91bb8969e1,2025,2025-03-01,6dcee41c-8ef7-4afd-aa5e-6e7fa77886e0,08e7a657-2b9a-4055-beee-621379cea4b7,9,1,16.75924433759462,0.9645045045363734
97f80493-7e69-48d9-9a6a-3fde056b1a06,2025,2025-03-01,c333af2f-2819-4e30-8541-dbb64eb01cbd,0485ce67-c9b0-4725-be73-d3185a14e575,23,1,14.132299305174355,0.9470127919904628
99e0f294-37c2-4984-b8be-bb994d7ea0a0,2025,2025-03-01,91e8763b-21ee-4929-ab39-6a46d1d62e33,abb24ec9-06c7-4ac8-a0a7-299760b256d3,20,1,5.2565346129448765,0.7026480489645995
9a403217-b4b1-4789-b586-e40fb6d41834,2025,2025-03-01,73493513-0a1c-4fec-9e40-429225bb809f,e6a72d83-0126-42a5-b202-cd710e233fef,22,1,9.788797464280504,0.8807489239971446
9ccce5dd-8773-478e-9956-66e64141944e,2025,2025-03-01,79c6b473-0e11-4c2b-aa4c-8523cc9afa48,9f7dac5e-38e1-4e63-9e50-e6b0d822fddf,16,1,9.407320249601893,0.8265228689260303
9f45a69b-cb55-4f30-a0ae-de279a33413a,2025,2025-03-01,2fa161f0-e26c-49a0-8eb0-b2810c4d4845,144de2cb-963b-480b-84b4-10b39d4562ef,6,1,-1.9572520713377495,0.475959055745226
a08070f0-0b8d-42e8-bb61-b9cc95c98aa0,2025,2025-03-01,48dab38d-2a0b-4201-94d9-c6ffaf736974,62d54283-52d6-4daf-901e-b6ae1bdf29c0,35,1,25.78738900462126,0.9856860754480072
a8040cab-dc38-419a-a84a-5973f8127770,2025,2025-03-01,2fe58a98-ca14-421d-83f6-aac80bab3780,2e0b49d9-a257-42a3-955c-b0b0af5a12db,4,1,7.216892965365209,0.8773257221817501
acf56087-aeec-4f56-9619-0a905e54f05d,2025,2025-03-01,307416ce-030c-4156-8d62-1e2632e9e26c,8e9b7d4d-1baa-4d3d-bb10-8950f4133b30,-4,0,-9.339907978871176,0.2246260506934918
b007cdf9-3827-4c27-878d-077df7c1f12a,2025,2025-03-01,5b376c94-fc8d-4e0b-9977-1748d898ff24,f0929311-9f5c-421d-8573-4b4bee0c314f,-25,0,-8.552971936350023,0.15828455613421089
b0175d3f-004c-41ce-a3d9-e2c3ea9fc357,2025,2025-03-01,2389c341-a290-43f4-b0e8-08ee6a15c14c,9ba0c75f-bad2-428f-9038-d695c2385098,26,1,10.557896869685672,0.845688193969577
b2a1cb6f-5b09-457f-8564-1f360eebf17f,2025,2025-03-01,64975048-1db2-4ded-ad28-05b8d8aa9c66,3a2cf934-5d3b-4406-a458-0c76b7b9d65a,10,1,13.580965277194233,0.9027998744875494
b32c9d0d-5ebc-4f5e-9ef5-7aaed6a4db1e,2025,2025-03-01,ce88cc81-96d4-48c0-ad06-ee0c2d3d7663,ac42cc2e-26ce-4ace-8d1f-28d21a1c77b2,-2,0,5.698248038148045,0.7153152842735568
b3c96762-9524-4ab8-888b-8cd981b7304e,2025,2025-03-01,fd64c7b0-4a53-4590-bed6-59bbcddb0f63,5c7c373d-1822-4c63-aa7f-64745cc99c52,21,1,16.449832083151936,0.9360687128323734
b50ff137-91d2-43ed-ba48-4301b4aadda8,2025,2025-03-01,3aedc020-716e-4a2c-a7f8-ab1abaf53d87,325d11bf-595b-429a-8342-97fe68b1a3cc,13,1,-3.544016508480057,0.32016534531748936
b7af7e99-614b-47e9-8bde-2a11f61902b2,2025,2025-03-01,62c787d1-5e5d-4e44-b6e8-1c208f874eba,f9261c55-02c0-49db-9993-f5d64a97b21e,-12,0,-10.13875079104139,0.15365633689344718
c7fc4e62-1572-4e9a-923d-14fbda076e10,2025,2025-03-01,d0c9e56a-ea87-4a77-8ea1-93b43e2aa99f,bbd86984-093a-4854-845d-01d65716f8fa,-27,0,-9.087111839833574,0.18995745355774202
ca2578a4-04de-4233-8428-34b8101251a4,2025,2025-03-01,7f0a740b-2a56-4bec-87c8-7bf2baf05d58,351b4e0d-ecfa-4f26-963a-5d1e8b281052,-16,0,-1.5993649988290108,0.37604444713718216
cb24b9db-a745-4fe0-a66f-4b7118530fc7,2025,2025-03-01,7532f347-4701-4460-abfa-98034c2ce687,8848c09f-0c71-4cbf-9d0a-84da72f6b649,-3,0,-12.45397082077718,0.1178128765530561
ce7781a4-9ea6-4621-90d2-e0f0202996d1,2025,2025-03-01,bf32f747-5e9d-417d-890c-89407933c4c6,9a0196e9-6b45-40b9-b0d0-df6bb1c90dc7,-22,0,4.483269288563166,0.6906106601693641
cef234e1-83bb-478d-a6b4-f7444c01fbcd,2025,2025-03-01,63da3cbd-f74e-4ba0-8273-8bca25a54f73,78926156-3797-4ad3-aa39-fff13a311d02,-13,0,-9.429073086070995,0.17576126342122425
d4d18ab0-d5a4-4362-9e95-bcfae222bed0,2025,2025-03-01,5ea1ef3c-5f24-4989-854e-a24a9e31ac74,46f85354-63b8-4744-8b13-341ea0a30c2a,-3,0,-8.850118846931462,0.16311545504291294
d8afa658-2b03-4034-b0c6-843b7293a7bd,2025,2025-03-01,eb7098ac-5154-42da-b703-d3b3958b198c,69642ef6-85e9-4dfe-ab65-4cca6a1688d4,19,1,20.243128059501405,0.9858696219616918
de5a46b6-8fa7-4078-adce-f1235fe8f0d5,2025,2025-03-01,a6332591-4e2b-4b84-82bb-debc57b8b614,326d518f-eb6a-47aa-9739-13bc340a9a3c,-24,0,-4.0733590675777345,0.31061397294231585
e10f910f-1ed1-4151-9c8a-3ef96e6d5323,2025,2025-03-01,231d7720-fba0-4331-b1da-8412227395f7,d8e2daca-6b8a-4f31-93d4-8cf6dd93fda7,-8,0,1.5246024480321183,0.5178631228399811
e16dd8ef-a4b0-4f52-b788-701b0066f79a,2025,2025-03-01,48f318bf-54e1-4e42-b6e9-47c3bdaf4fb8,ab7c4477-bd9f-4098-989f-243e41356323,-12,0,5.458321183115358,0.6763012730433056
e3fba440-41af-4daf-b2e2-48624e0d0fcb,2025,2025-03-01,c90512ea-4ed0-469e-a936-7935ade0caf0,f1e9470d-a3c7-4ef1-8583-6bb917490ac3,41,1,16.539828021801924,0.945083805839034
e4050586-bf8d-4538-9dc5-90f3fa808c71,2025,2025-03-01,88ae8bb6-fbd8-444d-8d22-f485d82d2e67,58d76bcb-6251-4be3-9fce-6e748e521d87,-17,0,-6.506711883830408,0.2007918331195842
e583e2b3-a858-4a2e-b0e8-2f9ae59d019c,2025,2025-03-01,61ce5009-1768-42aa-b377-fd95cefd07af,b58599cb-bbcd-41e0-9746-6ce1ed5597d3,26,1,6.589556754291596,0.807778597187506
e72a50de-e371-4d27-a9b9-7fd81195dc19,2025,2025-03-01,78d97761-b499-435e-9097-b9d553f3ee67,dd8a7533-5e77-4aee-99d0-4c56a7ff74a7,-20,0,-10.251955080237316,0.1828869608816682
e79fe717-abe4-4002-8ca2-f7eab4c69042,2025,2025-03-01,375d7498-7795-4ff1-bcf0-e13cdaccd9e5,1835c2ee-1e17-4d18-9ab8-a1bb3678b947,9,1,-0.5755873890475468,0.47474139518368236
e863e461-54f2-44d3-ba98-1bf7d18003f0,2025,2025-03-01,d6a348c1-3237-43da-8690-d309d586a66e,9007c268-37e0-4ab1-ac60-f9cdcb3a7a8f,-1,0,1.8709478952172176,0.5857200474753502
e8da7c5a-9c8b-4950-b71b-1dedca382eb8,2025,2025-03-01,12ae7230-4fab-42c4-a7d7-88e118290c3e,52414cfe-b45b-4eab-a88b-e509aa446dfb,3,1,6.477261681728381,0.7664412717885152
ea83563b-3787-47a3-b21a-532b904c6c1c,2025,2025-03-01,88c5646c-b1a9-42f6-999b-56d8198e37ea,02073ad7-1bb6-47dd-a1fb-fae5e0bc2ed7,9,1,3.7306891937512927,0.6663903043494672
ee078a62-1293-42b0-8b20-ebc7212b925c,2025,2025-03-01,7c82650d-eccf-476a-b85d-69a73b6b7f8b,7e01ae0c-d2c7-4d9c-beea-2da953b4c037,-5,0,-15.571746908183405,0.06669836452569071
ee26c2a2-2184-41a6-a030-0db8f1bc5421,2025,2025-03-01,daea7f8b-7386-4fa6-8921-870a3e848b4a,36b120f2-51ac-4dec-94ea-549d266507b5,13,1,6.986390347164157,0.7574807105831076
f23c898f-c795-4621-8838-77608d4b8134,2025,2025-03-01,88e83e71-3235-4c21-85a8-da368f34e5fd,4926f0f3-ac12-4ca0-9cbf-eb99f9aafb78,12,1,3.2556771769446056,0.6940007428068488
f648332e-23aa-4672-94d6-39ee4a7ca626,2025,2025-03-01,0b297e0e-e039-449d-b07f-f8e1ae96e3db,2de57d84-8b9d-4def-9a66-315270ea5d18,3,1,9.159360925248233,0.85133460790639
f65b6bf0-4670-469f-aec5-4de9e73fee3c,2025,2025-03-01,6578af6a-edd4-4185-82fc-cdb933362d97,19313cd7-ad44-47d9-a9ef-b9e0c7238466,-3,0,0.32721357250679506,0.5011965436602918
f6fa7f99-cf01-46ad-b433-b9a928608e27,2025,2025-03-01,7732f0ad-152b-481b-be13-de99facad3ed,705e808f-a589-4af4-8baa-45ce5b2e969e,45,1,34.32705002988857,0.9936609269496207
f854474e-120d-40d6-96d4-b6e77908bbca,2025,2025-03-01,cabaff64-a388-4861-9374-977555d19efb,8bdfa757-6fe1-4ee1-a1c5-279e7f35fa1e,11,1,7.41584783710479,0.8135976589959818
fb4ef4b7-ec43-483d-a216-ca5002f0b8d6,2025,2025-03-01,46a5f9e6-fe34-4ea4-867d-ba4e31297465,0f2c89e1-1c22-4add-af3e-a7d9982de167,-7,0,-6.303255067494718,0.3840458398896031
1664cd17-30b3-4ee5-aa0b-e346af774b69,2025,2025-03-02,d52e191f-c4a5-43a8-b16a-1d87ecf7ce9d,a7689181-61c1-492f-83e6-a64bca6e04f9,4,1,1.8237743395520702,0.6443020381977085
1f273bab-d328-4ebc-b8da-4f0a0b757140,2025,2025-03-02,b9840fe4-f776-405a-8b8d-3c388de0792b,cc0e2cc0-da4b-4021-8739-c0e7e235467b,6,1,-0.1299537858768982,0.47973062768584246
202d9971-f4ab-469f-b7ea-2e7838de53ee,2025,2025-03-02,e383167f-2c53-465a-b2fe-0d6bd7c69b27,7bc45016-4549-4672-9453-69c2a81aa576,-5,0,3.6016855286461964,0.692202921576347
29280be1-2d81-4fd5-a3f1-544b832d04ce,2025,2025-03-02,5d005d94-2060-493e-af42-31885c78962f,561ee565-69fc-4571-95fe-32ac563e53f0,9,1,12.734071624397853,0.9193317883651122
2fe4e2fc-2ce8-4916-bfb5-5a75efd8f906,2025,2025-03-02,3dd34e3a-6cf5-419c-8042-503af5d36e7e,b8772a3e-c4fb-4396-8eb8-b30c8a36abb7,8,1,17.49463978630262,0.9627918273997992
396b6fb1-b824-4fb5-ab34-b757d6938e61,2025,2025-03-02,c62c317e-e0ab-4b1b-a6b9-878965985154,ad36d475-e577-4c2f-b8db-b2d47d1fab15,-15,0,-1.8962022669868794,0.45221348665323524
3c0d1813-e1a8-4470-bb90-e7d1cc22f82c,2025,2025-03-02,a7fd1d4d-445e-4899-9731-00f7bff74284,d1dca835-9ba3-4f00-89e0-533fcfd2b27f,2,1,5.536971953400432,0.782963404839968
424d0774-2b5f-49ca-adc4-73e39757f655,2025,2025-03-02,b04e184a-6805-475b-95bd-7e19d2fe95c9,fb109583-87bb-40c1-a02d-7d40bcd7c52a,21,1,5.039003759704266,0.6807335316270565
53a850dc-c83e-4533-b5db-cc61c62a43f1,2025,2025-03-02,a67d2a73-fb71-42b8-97b7-9b72a49efc06,ddb253d9-6526-4c32-a7a2-4462d6abe45c,9,1,2.8143329986202916,0.6813732031266461
6e90ab14-c346-4d16-b49a-d0b23fb19976,2025,2025-03-02,aecf6cf2-725b-4450-9b49-8491e6a4ee0f,ff488f80-9f05-43ba-b8dc-d7693b84c0ea,-5,0,2.18998333609999,0.6246213688605514
7d94b3be-128e-4ead-826b-f5abfba456cb,2025,2025-03-02,fa9fae48-c4f0-419f-97d7-5e2ba9d47858,6a154b5a-b7dc-4299-86a1-c9ecd354b8c2,32,1,8.369308844440225,0.7901924499179701
84d45701-4ad4-4081-aa55-4f53a476461e,2025,2025-03-02,195318b0-fa80-45e8-96b2-e83346e70a64,8deb21ba-48b8-491c-89ab-0b360062d211,-5,0,11.987112029106951,0.8712726772327951
85b241b4-b885-4fda-8ee1-d38adfe9fa66,2025,2025-03-02,5717b8ad-bb6c-432d-b223-01a330a59686,f3885a3b-f43d-45ee-96e1-f650af90dc9c,21,1,-1.752103314929298,0.3704801961010223
8cc6089d-df00-401f-9c1c-d128be0f9afd,2025,2025-03-02,700f42bb-65b8-4e08-bfdf-8dba2e0bd260,0f0aab5c-26db-447a-b6b5-a264da5b140a,17,1,1.4106429933305549,0.6082886084794857
a510e0f0-dfe3-41e0-8df3-18d9df852d00,2025,2025-03-02,c7e47abb-629e-4b69-8d41-c87333fbe6b4,8226bdf0-6c2b-4e2b-841d-e2a01a5e5145,10,1,6.539932649423152,0.7667061857081388
ab83f019-17a9-4b34-9b5f-627f11984432,2025,2025-03-02,a1594c03-e784-493e-8435-66f585997595,f829b41d-4185-4fb9-98e0-bd7bd9b6bd7d,9,1,0.38110290527185264,0.5531638714382683
aeda43b0-b611-4f9a-b9b2-9cdd48d9a8b2,2025,2025-03-02,026ac097-d80f-48f3-80e4-e6ae2b9ee383,ed973a10-a469-4337-9742-eed664c61168,18,1,4.362871442793752,0.6454325655617615
c2b87d0c-d7ea-477e-a02d-9a963993a1a4,2025,2025-03-02,e51388ec-8e0a-4c32-a70c-4890e3e61d3a,de0352b5-4ae9-49af-a027-b0dc86a005da,-7,0,0.7007626775677873,0.47788920453284905
d1247344-f0ef-491f-8696-0c41c0aeffdb,2025,2025-03-02,983c0982-0fb8-45e4-829e-306cf787ba2e,42a1b5ec-9263-4e7a-8f55-df64f85505e6,28,1,4.042736205286777,0.6167095604682019
dd7d21cc-1635-414e-9469-87c5ba56a1d3,2025,2025-03-02,f22ee0eb-5079-4c19-b46d-7d40e14d7636,5896c71f-aaee-4983-9da1-2e953c561786,-30,0,-11.643360734523476,0.17736826461254726
e739f472-0687-473c-a3b4-00c1094ed758,2025,2025-03-02,6e056aa7-1906-4546-b6db-5910356fee72,b6c7c93e-bdd7-4df7-b73a-c1fbe953199d,-20,0,1.160073129191678,0.5313568208797941
ffd5e88e-8ec0-43a9-a06f-c8b0f8977639,2025,2025-03-02,6ba99b19-8a61-49da-9325-3e04939d3d5f,5c6768d4-83c5-4e23-aafc-55ac70126454,-6,0,-5.8903146014291226,0.2613709660478013
0ce4f1c3-8893-4d55-956e-4279cabee18f,2025,2025-03-03,eb0507e2-4c2c-4860-ba0c-7a0a815425fe,571d2904-70d9-4de6-abfb-1d716ba43f0b,2,1,8.92237438095017,0.8511721621993014
114eee04-17b3-4064-8c48-f5713a1f9c42,2025,2025-03-03,b0e26736-fae2-4d59-85cd-4b5243f23c8e,483b9ce0-4c9d-43d0-979d-831c7298213f,33,1,21.280893847885245,0.9862725693535469
2c5c670e-e977-4fd0-b95f-39a58f5f8e56,2025,2025-03-03,8860a6b6-e60d-437e-afc3-b42e8cab8d79,b24e3987-105a-4e03-8184-b15b2947a98c,10,1,9.062608681247626,0.8786389036964518
32439682-57c0-4dc2-b545-6cd3c03eae30,2025,2025-03-03,79c6b473-0e11-4c2b-aa4c-8523cc9afa48,c4972de1-bfaa-4820-893c-10adf1095f0a,-16,0,-1.3533502180200927,0.4348549610041754
37e5b190-ae49-4400-b939-935196ab6154,2025,2025-03-03,6fd295ef-9c37-4478-af91-536cbf316358,be9af39b-8a19-4b9d-89a3-bc6dd35defa3,-5,0,-9.281938426903544,0.19147447368341894
4812d90b-55c4-4092-ab27-ba8b0e2623ef,2025,2025-03-03,48dab38d-2a0b-4201-94d9-c6ffaf736974,8fdfa7ed-88da-45ac-9520-9a9e9fbe2586,33,1,26.74573760349778,0.9887155534605276
4bbb1c74-a550-4d6f-8a2d-ce83cd707c30,2025,2025-03-03,6dcee41c-8ef7-4afd-aa5e-6e7fa77886e0,3027d417-64d5-4892-a6c3-c77edfaff436,6,1,12.696655840735028,0.9427317297630451
54a5d222-6d78-4251-9821-153f574beee9,2025,2025-03-03,22865798-3256-425e-8eb5-60e1edf9403f,e4054827-709d-47e3-8f27-86b76b8f17d6,-3,0,2.588961730475496,0.7040495501109247
56d79116-6b3c-4f4e-9273-421fb7f5e944,2025,2025-03-03,2e0b49d9-a257-42a3-955c-b0b0af5a12db,ba48df8b-809b-401f-a758-25c39aa2d50b,-13,0,4.1904721479367355,0.677236033768695
64ca0e64-a83a-40a3-9fcc-42080023faf7,2025,2025-03-03,bbd86984-093a-4854-845d-01d65716f8fa,6f9a1a81-2dbf-490a-ba3c-8f8fadddd9d4,15,1,7.5668043829511715,0.7804064447324038
86686bf3-5e3d-4576-aed7-e1c174c1dedc,2025,2025-03-03,dc7ff97c-c617-4dcd-89fe-5e702fd03890,a6dd499a-eb6b-4f8e-9094-d8eb96b3547a,-3,0,-5.61551023899582,0.26487737035656184
8c327b08-64a8-4e0f-a648-834693a54693,2025,2025-03-03,46a5f9e6-fe34-4ea4-867d-ba4e31297465,fe967dc0-fdb0-46b0-9629-0fd108949abe,4,1,1.143091748439995,0.6272486708378137
8e4e431c-1a5e-4fcb-98ee-4d7cc3838653,2025,2025-03-03,6628afb6-e6fd-4d7f-be94-a19527da56fa,ff488f80-9f05-43ba-b8dc-d7693b84c0ea,18,1,23.025873278192634,0.9851881861702227
9b4786ea-05de-45e4-8271-4eb98093adaa,2025,2025-03-03,ae911605-551a-46eb-aef9-06f9a60479c9,4319d016-ec3c-434b-9398-c88b1bfab01e,7,1,1.1020551646879573,0.6125685681850772
a3da3851-4083-42d4-addd-3e3483f12b3c,2025,2025-03-03,17eb5319-07ae-4f0e-b1d2-8e828b07ed79,9f7dac5e-38e1-4e63-9e50-e6b0d822fddf,14,1,13.63734142910607,0.9326901716028848
a56d9d15-7eb1-41c9-b9ed-2c5863dbc7ad,2025,2025-03-03,185c12ee-a2a7-4588-84f2-4b4b270a75a6,01f45e3a-e22b-4c25-b1e8-0d5ac80e6a5e,11,1,8.512497820906422,0.8236833205252316
b589dda4-1cb8-4398-81bb-44df3324b22a,2025,2025-03-03,17dd690c-8f33-4c2e-94ef-326bf0628517,326d518f-eb6a-47aa-9739-13bc340a9a3c,12,1,3.9562523763242603,0.5547466848774942
b8911970-fbad-4f54-8800-b64b8252d77f,2025,2025-03-03,5c86ee1e-ee35-4d51-bc08-bbca68bc90f1,9e98a2ca-2d40-440b-b4d9-906cd168c9d7,11,1,5.399418023649497,0.7128927792662966
bc7db68e-e56b-4159-9531-6b7422d88fdd,2025,2025-03-03,a6332591-4e2b-4b84-82bb-debc57b8b614,02ee8976-6844-4a27-9f72-aca9acf8f5d0,-31,0,-11.457979167773216,0.0948414612419755
c796e0ca-9791-4738-92cf-3d8c3a8634cc,2025,2025-03-03,241f50fd-2121-4b74-abd9-2ddb98d74a2e,0f2c89e1-1c22-4add-af3e-a7d9982de167,16,1,-1.068424025375221,0.506493796356113
ce4892f5-8fbf-43e2-8581-6212dbb4ebb5,2025,2025-03-03,8dae6732-0634-481a-90ac-d73bf6a19566,77bcefa1-a18f-4280-a5c9-2d1573b78e0a,-6,0,7.050064242659285,0.7838494366203153
edcc0eea-df3d-48b8-ac90-d81b87d084b2,2025,2025-03-03,a5ebc512-a148-4140-b60c-147132b3097c,31a5142f-21b1-4d3a-87fa-d39f7746b7a8,-4,0,-5.849410349213291,0.2434102217050396
f16a18a2-e0af-4330-b2b1-44a5fc7f0a84,2025,2025-03-03,f5ed0adc-4078-47c4-aba0-3dd2de221774,d0c9e56a-ea87-4a77-8ea1-93b43e2aa99f,3,1,15.179651070620515,0.9492435732464278
f6801b03-c020-4a58-b138-9a73923f2e5d,2025,2025-03-03,6482154d-967c-4e24-af4e-6cdb9ef80e00,5717b8ad-bb6c-432d-b223-01a330a59686,26,1,10.995813727221465,0.9338358452388784
02859559-234c-4c52-b477-be7f0831dd3d,2025,2025-03-04,5f1bdada-9e34-442e-b575-0b6a9114f1ae,07b4923a-16cd-4490-8ae5-d61599212ab1,2,1,-4.612646858534722,0.30018652222943265
08015f78-7b85-46f7-a184-f46fdfc238b7,2025,2025-03-04,a00214a0-9c1b-4018-a085-500dbd55fb17,f63b8169-081a-49c5-8b53-2f7b3e524fb8,-4,0,-4.634943805596389,0.367891005233659
18ae11d3-927f-4f0d-a6b0-cbe3d8820ec8,2025,2025-03-04,7c82650d-eccf-476a-b85d-69a73b6b7f8b,5ea1ef3c-5f24-4989-854e-a24a9e31ac74,4,1,-0.2314131574713722,0.5871877356270464
1cb09274-12e9-4e16-adf5-e826b105f746,2025,2025-03-04,4edc5314-8f1f-46cf-90fe-fc3094be42cf,b31c989d-1667-4be6-8a91-193cda486b3f,3,1,4.566966306644408,0.7284512461169351
22878528-537d-466c-be41-dfe8f4bcc086,2025,2025-03-04,24cced85-1369-4dbe-8abf-92fb8d456618,bf7cd127-c979-4181-8f7b-356415e2c15a,-1,0,-8.720689999888435,0.21450771556220438
2b3a9cd1-144a-43d1-9598-e0052d08756c,2025,2025-03-04,904ecc4d-857b-4150-b986-50e605d84b61,821de2da-b464-49f2-aeb1-293e7aedd6de,-13,0,-4.877787848976853,0.301834668093297
32ddafda-ffbb-430f-b717-3a7c59f0f8b4,2025,2025-03-04,b21fc872-90f0-43b9-a07f-97e7531c8898,69642ef6-85e9-4dfe-ab65-4cca6a1688d4,15,1,7.947462103472078,0.8375295996181217
44403caf-5cb6-4267-af4b-5f47bdb638e5,2025,2025-03-04,983c0982-0fb8-45e4-829e-306cf787ba2e,de0352b5-4ae9-49af-a027-b0dc86a005da,-5,0,-8.650688180374003,0.2009984717907772
45af5a26-abbf-4533-be24-57fcb3c49d7b,2025,2025-03-04,c4101885-e600-4596-80ff-bc637c56221d,6f7ff858-33b4-4d3b-b960-8a750dbe33a1,27,1,19.954348159891158,0.9511651083269294
4667c8f4-fd62-4373-942f-db62695358c6,2025,2025-03-04,0f0ea376-1ea4-4b1f-9a4f-e7301a0318a4,d9fdf72a-562e-4e19-ba2f-faa3de20ace5,-2,0,2.4383649590024254,0.6223794228270174
474f4b21-fc8a-4d50-969e-a87ef3079ac4,2025,2025-03-04,0562b0a8-dbba-404d-9aa5-930ebe50c9b3,351b4e0d-ecfa-4f26-963a-5d1e8b281052,11,1,-7.295049515033097,0.2586723073179233
480e1d6a-01ad-424c-92c4-f328e2fa31c0,2025,2025-03-04,f9a35e93-6a9b-427a-8901-d74cf3f23676,ce88cc81-96d4-48c0-ad06-ee0c2d3d7663,2,1,5.201857421617308,0.7190498869689178
495370bb-2c23-47be-bbd7-62e09648c6c7,2025,2025-03-04,325d11bf-595b-429a-8342-97fe68b1a3cc,9123b907-3559-421d-be7d-7e238eb0c266,-9,0,-0.4575887617108027,0.4747521557121782
5aea8e07-00c5-4437-a26c-192d6290e1b5,2025,2025-03-04,f239ac13-f7a1-4acf-90a5-3cf4c6fd3355,8a391aff-89a4-4586-9d57-71299178703c,13,1,17.065023344167678,0.9482074907083033
5d8eb1ab-18c0-4aec-9cfc-0a4e9385b65c,2025,2025-03-04,c504f52c-c325-424d-ae65-da37bf8e5820,ad46d3d3-a8b8-45c5-a46d-913240ae2832,-2,0,2.276926027690844,0.5948486820667023
65034519-0783-43d9-88c0-da363a7a810a,2025,2025-03-04,03e9598c-4271-4840-ae88-7c7c36f2b10e,c6cabd85-4834-4f62-94ab-57143286b512,-9,0,-0.29380735037411376,0.48080960505494186
676910e8-ab7b-483c-8c40-224436747d07,2025,2025-03-04,f8ed9667-67c8-4fc7-a946-d81c4cbe8fed,75d1bc49-ce2b-4e7f-82f2-26e690f29375,-18,0,-12.195984307056829,0.09826634321518793
6af6d953-33fe-4e79-b8a6-86ee0e9dd0ea,2025,2025-03-04,2fa161f0-e26c-49a0-8eb0-b2810c4d4845,eb7098ac-5154-42da-b703-d3b3958b198c,-32,0,-12.76925957357246,0.0901871097579156
85bbdaf9-a9a7-463a-9563-72e8016af844,2025,2025-03-04,17e47b02-02b2-4bbb-a838-a4695fbc099b,2a57c531-b461-42be-bbd4-b080f188a160,9,1,5.867587252625127,0.7776794384634464
893da92e-779d-48c1-99a3-5a7c16e92dc1,2025,2025-03-04,63da3cbd-f74e-4ba0-8273-8bca25a54f73,62d54283-52d6-4daf-901e-b6ae1bdf29c0,3,1,2.701828135278847,0.658486261490734
8a36f1c5-fa6b-402c-8134-019cabfacab0,2025,2025-03-04,9df3af06-d207-48e8-a010-41797b070072,33efd80d-8446-4d83-97fc-e864b132a0c8,29,1,12.405002022232988,0.9331960260904482
91f097b7-6511-486a-8854-c7e182d72cee,2025,2025-03-04,8848c09f-0c71-4cbf-9d0a-84da72f6b649,7532f347-4701-4460-abfa-98034c2ce687,24,1,18.155714028333993,0.944933693377766
92508b3f-938f-47af-996f-6fd0161393c6,2025,2025-03-04,0a4ebb69-d8f5-4c7e-a7bf-b7ce3968f57a,861b8733-b443-47d5-9c5e-f56373a8fb9c,1,1,8.478014852665893,0.8123036403628091
93286d9f-13ef-447a-a5c7-e4d28063c241,2025,2025-03-04,3aedc020-716e-4a2c-a7f8-ab1abaf53d87,1835c2ee-1e17-4d18-9ab8-a1bb3678b947,-15,0,-12.504708118208326,0.08836415203972901
96a71f9f-75b0-4324-bb98-4200ea011f8e,2025,2025-03-04,88c5646c-b1a9-42f6-999b-56d8198e37ea,e6a72d83-0126-42a5-b202-cd710e233fef,24,1,6.868494848312494,0.7714016232751131
9b24fd8d-2fa8-46c1-ae9e-73773646cb36,2025,2025-03-04,e1c5e9f4-197f-4a7b-b871-bdf72ca0cf3a,61ce5009-1768-42aa-b377-fd95cefd07af,1,1,7.028521019458899,0.7699076427719859
a00f003b-b771-4222-8eae-03a2a24440b2,2025,2025-03-04,f2fcffd8-915c-4fdb-a632-8b5b621bc999,42833efc-4047-4751-b5dd-8f5c6d05e355,-3,0,4.125479650660295,0.7083713593092233
a1ffc508-d18d-4bf4-a0e9-89e6e44b70d2,2025,2025-03-04,375d7498-7795-4ff1-bcf0-e13cdaccd9e5,3ed32cdb-d2a0-473e-9db0-fd63aaf9013b,-4,0,3.545594451793434,0.7215758652866938
aa2503c8-f689-4e21-813f-2a56ac76a45a,2025,2025-03-04,b704622d-2904-4237-b9a0-a9865096fefd,85708ae1-7d66-437a-9d70-bcb680bdfa86,8,1,4.558861968869558,0.6919362083955769
bf1ed139-b8b2-4023-b0d5-41ac7e0c8404,2025,2025-03-04,31a68979-4cbf-4e59-be9e-82043f581ff6,c91670da-50fe-4e29-9e0d-e0a2d01897cf,-3,0,-2.752526515754098,0.3487734196592371
c07fff85-b483-4093-b83d-db98421745ab,2025,2025-03-04,14a1f904-5f97-4e98-885e-5d6c4f102ea6,1b9c388c-a2e4-42dd-9e21-4841ed46cf4d,34,1,19.31000520673377,0.9663730249516063
cbcc600e-744a-4475-ae18-fe8386c4c375,2025,2025-03-04,50ac73d5-f2f3-4160-add7-d0993eec32cf,46f85354-63b8-4744-8b13-341ea0a30c2a,7,1,0.3906686434109951,0.4570367510779207
d2852d21-7f1b-40e9-9917-f8d719832343,2025,2025-03-04,031d384c-ac9d-469a-985f-3214f2b9972b,9b729374-1ae8-46e9-bfe6-2348cf00056a,13,1,11.23329040765007,0.8395426671805978
d69aefe3-825d-4e04-96f6-be9eb7e1ea5f,2025,2025-03-04,cd6bef67-d192-4740-b7be-731c52686c54,3c9cd500-c6f0-4eca-b722-405eefd74003,8,1,7.83920147431655,0.8052007164546492
da172770-e934-430d-91cf-9c5b9f1a99c1,2025,2025-03-04,7f0a740b-2a56-4bec-87c8-7bf2baf05d58,41ff62eb-8cb9-4e63-9c2f-50989d3e65c1,31,1,16.134785470183342,0.964445542181877
db8e2d5a-3284-4f5c-90d6-97693ebb2edb,2025,2025-03-04,b58599cb-bbcd-41e0-9746-6ce1ed5597d3,714115a3-e87c-4c38-be62-cfe9dada315e,-3,0,1.453448591950437,0.5263614910722688
debe90e4-e5d3-4b5f-adb8-fb60ee2cff2c,2025,2025-03-04,36b120f2-51ac-4dec-94ea-549d266507b5,9a0196e9-6b45-40b9-b0d0-df6bb1c90dc7,4,1,4.516765800728863,0.6648181176211794
df7a7513-34f3-44ed-9df9-9acb08c479da,2025,2025-03-04,06f12e7c-35a4-46e1-a2ed-0cacb16f9b68,a2a4c8c1-e611-4717-92f2-fccc9217a883,-9,0,-9.833590320085033,0.1526485717080751
e0edc9d9-4024-41b5-9a5a-1a8bb466872f,2025,2025-03-04,7a78a9a6-0d5b-4fae-8fb4-98bc816ed903,7e01ae0c-d2c7-4d9c-beea-2da953b4c037,-23,0,-20.03388216066769,0.03563236499900402
e3e4ab94-0fc8-41b3-9820-5bdb7e1c978f,2025,2025-03-04,68a583e2-b11a-4a35-b102-095903fabdd8,3e287cd2-e8fe-4612-a996-d02de5cd9fb2,4,1,6.502031374639124,0.7779719718559952
fb70f157-b913-46cb-81e3-35ecf9e9ffcc,2025,2025-03-04,76eb53c2-0367-4d59-b619-799a7aea658b,40960630-05f9-471c-b4a6-0eea2cb6345d,-5,0,3.101014804947174,0.6840380511631082
fdea8f23-3608-4d05-a375-c7dfd555c94a,2025,2025-03-04,7d5a75d9-3168-47d2-92b5-e680e056b479,3be5fa30-2fd3-4af3-bfc0-39db2dcb523e,-4,0,-2.3449386339871214,0.32089171170780806
047aafe5-7320-42b0-a538-d07e710af589,2025,2025-03-05,935d92c1-aca9-4b21-9e0d-b6c396fb067c,d915e7c4-a333-4d6f-9c21-5904d58e75bd,1,1,11.445431958074145,0.8854928689625277
04cc4c2c-3c17-4efe-aee5-43fca3de3cae,2025,2025-03-05,08e7a657-2b9a-4055-beee-621379cea4b7,a67d2a73-fb71-42b8-97b7-9b72a49efc06,-5,0,4.856143642668783,0.6929332545801041
0fd65bfb-555b-4905-b38e-913c4c116d7e,2025,2025-03-05,43624e99-f362-48c4-b203-9af174b24be3,d756733f-2d8f-4ed6-8b7f-dc7804a270af,2,1,0.45192821894721474,0.4952342277017758
13cea75d-449e-48ce-ab89-21143fec0161,2025,2025-03-05,d75e1814-b8c9-4246-b06c-afe60d661528,ff2fa864-282d-4503-9a88-8c10619b0e3d,-23,0,-3.383596728264774,0.3685315763737036
1653cddb-acfd-49de-8159-03ae1fd8b186,2025,2025-03-05,bfd9aeef-b698-4868-8a44-436dd23e4ae1,0485ce67-c9b0-4725-be73-d3185a14e575,17,1,5.983171438460402,0.7560063080964737
198b1921-10bc-432a-a156-53b61dea1a81,2025,2025-03-05,b0ebd027-95a6-4e7b-abfd-c26d14470857,48f318bf-54e1-4e42-b6e9-47c3bdaf4fb8,-3,0,-1.4342922152830795,0.469013668642761
2afb603f-f556-45cf-b494-35eb11ebf87f,2025,2025-03-05,af997d63-624d-40db-bffd-18de780e2f59,4edc5314-8f1f-46cf-90fe-fc3094be42cf,14,1,6.118923941128759,0.7125852432578311
32607e1b-0e62-4482-bfb4-3c8eb83f00fb,2025,2025-03-05,0b297e0e-e039-449d-b07f-f8e1ae96e3db,ba87013c-8cb8-41eb-95fb-16991c536506,2,1,-1.82509583263687,0.41140645247231633
390579db-5452-4a31-b927-0e5c94f61837,2025,2025-03-05,223e59ef-679d-450c-a409-d6ff2a5b5cc5,88ae8bb6-fbd8-444d-8d22-f485d82d2e67,20,1,8.637049291548756,0.7972709195400647
3c51f54a-7786-4368-a4d1-6256ce24fd7c,2025,2025-03-05,05005d1e-02c0-46c0-8b4d-19dc825698c0,c75216c6-4563-402a-b8d6-b8434793ea38,13,1,4.802450475575561,0.6714854473334381
4379b739-2c73-448c-9bbc-dba5a17f409b,2025,2025-03-05,c59d7c9d-7fd0-4a58-bdba-7904baeb0abd,8bbfa6f2-6178-4c2b-bf17-66fba7623c4e,11,1,8.046077712289309,0.8712150481243178
45971f91-5e7c-424e-a19b-f9c97301f6f4,2025,2025-03-05,ac42cc2e-26ce-4ace-8d1f-28d21a1c77b2,f829b41d-4185-4fb9-98e0-bd7bd9b6bd7d,-7,0,-11.750944440359365,0.09857823546349155
53e18db3-7602-4d2f-a42c-23779229ad90,2025,2025-03-05,6e056aa7-1906-4546-b6db-5910356fee72,8d515064-54c5-4eeb-a095-ad7ac6839d0c,-6,0,-2.1842480815744,0.37186054477639363
576459d6-c018-4645-ab1d-a68faa58f132,2025,2025-03-05,f9261c55-02c0-49db-9993-f5d64a97b21e,db5b4ba8-4030-4125-845c-337b3ed300b4,6,1,1.7191085506486912,0.5576341487069851
590a4fed-6486-47ae-8c81-d3e326b7dcf1,2025,2025-03-05,829dbc21-e757-475c-ab7a-2a3172ec0683,9c2f288e-9523-4b69-ae64-ab0876fec6a4,19,1,16.571225614490533,0.9624616858095024
5d62f941-cb5c-44bc-919b-868a756e2cb0,2025,2025-03-05,d26d7563-983a-4b9f-bf04-fa2777e0beb0,ab5be1d8-ac8b-4c5c-8e26-320585a8bdef,8,1,-0.8154493487054164,0.49662023431704994
6c650e9a-baff-4e31-95ab-fc466e4c726e,2025,2025-03-05,ba18e6aa-cbe6-493b-b91d-b0c8d4e8b0fa,08b7e4ad-da8b-487e-a809-741854d1008c,3,1,6.600523153307069,0.7701376288081083
72e4fc1d-164e-4afe-a7ee-742bf7bd7077,2025,2025-03-05,9fb181a8-2807-4e27-9442-8e09de6c9575,68a583e2-b11a-4a35-b102-095903fabdd8,18,1,5.536409374029854,0.6872937175894512
73e3f4db-1200-4809-a8c9-f7d94f912564,2025,2025-03-05,2de57d84-8b9d-4def-9a66-315270ea5d18,641dc594-03c5-4ae6-8564-0ccb3c8edc77,12,1,-5.514134932360195,0.3017324111443356
86855b78-1394-4f39-930b-d5972b598a16,2025,2025-03-05,ba8ae2ef-827b-47e0-bcec-bf76fe44e37b,cabaff64-a388-4861-9374-977555d19efb,17,1,14.038694516139099,0.943281431971882
8f41322b-c556-4f26-9ba0-17775da13010,2025,2025-03-05,a46fdb60-30d0-4807-a2b1-e29d8d7c22b2,8daceea0-e7c6-443f-9452-f56f9faa56de,15,1,3.82729182597912,0.63403895055833
91f0f44a-ffba-4aa9-bb5a-6c01c0ea8f37,2025,2025-03-05,62c787d1-5e5d-4e44-b6e8-1c208f874eba,851d8a88-2edc-45bf-b180-7b6c1744f5fe,-3,0,1.7030783495000523,0.7004770411498331
922152eb-ca5e-46f5-8fbb-d4f18bd3e521,2025,2025-03-05,0eb90dc3-2a1e-43d8-80ac-bab6d917f78a,c7345766-a5fd-40e1-9757-26d62af0b9af,-13,0,-3.64396255600055,0.3700005913098654
aba190e3-1a66-4887-bdc4-5197d6e7a8c4,2025,2025-03-05,ccaa9380-5136-4fd2-b639-f5f54936ac7d,ab7c4477-bd9f-4098-989f-243e41356323,8,1,-1.6340502047545504,0.4766455860100591
bf30130f-e678-409e-bebc-5c9746cf9313,2025,2025-03-05,02361e70-3d89-4b56-8d25-73ea2ee389ef,ddb253d9-6526-4c32-a7a2-4462d6abe45c,16,1,14.11344759140027,0.9633918770986957
c7c6b2fc-e66b-42f6-afdc-814677d0af78,2025,2025-03-05,397b5601-d70b-43a8-b259-1a752c68bb1f,5a320db8-a83e-4f46-9418-25176d12a65f,-5,0,-2.5534735815881855,0.4235814975621115
cf6ca87f-aad5-4805-a8ee-dbdbb2870ad6,2025,2025-03-05,8bdfa757-6fe1-4ee1-a1c5-279e7f35fa1e,78926156-3797-4ad3-aa39-fff13a311d02,-9,0,-13.848510444456407,0.07173640095103999
d4354df3-a1ec-48be-b938-d3498f763ab6,2025,2025-03-05,be595032-d4ed-4bea-95de-22a18feb02c7,050cf087-6e1b-42ef-84fe-368ac1929774,31,1,8.877229953696146,0.8235041268863841
d6dc8a2f-b562-4788-8ae8-bc593dcec2d9,2025,2025-03-05,69293aea-705f-44e4-81db-36e52bcb1813,66244ae3-7fd6-49a7-9304-4ae41bea9ab3,7,1,11.963041776460775,0.9112851479997139
e2611bf5-26d4-4375-822f-c1716fc7e29b,2025,2025-03-05,1799ef2d-85d7-4ba9-8048-33b1956ab3db,1f8df44b-d154-4a8f-8c48-32b36db0cd06,17,1,10.103133250158937,0.8660120524956061
fe3d104a-5f57-4c0c-b0b4-3eabde365ef5,2025,2025-03-05,14b85f13-07f7-4bd1-8f5f-32720dbe1c9e,47b99bcc-2f9a-41d7-8d7c-3f9e93809210,10,1,7.4661752486458495,0.7773724566266761
0a32da36-f03e-4c06-af3a-5ea33e66549f,2025,2025-03-06,a79a95b3-2101-4649-8f36-782b24edba79,c90512ea-4ed0-469e-a936-7935ade0caf0,-13,0,-2.3993031663405233,0.44515933600721747
117efd89-3d82-4c0f-8d69-215046cd6075,2025,2025-03-06,231d7720-fba0-4331-b1da-8412227395f7,bf32f747-5e9d-417d-890c-89407933c4c6,29,1,7.122639191077205,0.7352660391611895
1603eeff-03c6-4041-b8d0-e7fbfe967a60,2025,2025-03-06,8226bdf0-6c2b-4e2b-841d-e2a01a5e5145,561ee565-69fc-4571-95fe-32ac563e53f0,21,1,8.402688877506487,0.8074460653794697
18918e3f-8271-4cb2-8647-10d3c479ae1f,2025,2025-03-06,ed973a10-a469-4337-9742-eed664c61168,026ac097-d80f-48f3-80e4-e6ae2b9ee383,1,1,-2.062206458037048,0.3888168123786573
1a972f0d-1cb3-47f4-bcb2-2abed21d9992,2025,2025-03-06,e383167f-2c53-465a-b2fe-0d6bd7c69b27,52aab06d-922e-4906-9dc7-3c0fe7d3e2c2,-22,0,0.7476986651210915,0.4762563470050339
2205d722-2273-4982-ba86-7fd79b51b14b,2025,2025-03-06,f0929311-9f5c-421d-8573-4b4bee0c314f,17eb5319-07ae-4f0e-b1d2-8e828b07ed79,-7,0,-15.065674538075879,0.08147583194069856
2cb88d01-9a54-4517-ad5a-94d2be4c9c8c,2025,2025-03-06,02073ad7-1bb6-47dd-a1fb-fae5e0bc2ed7,5320a4de-9279-4990-9ee8-6638339220e0,5,1,-1.3859434538699642,0.42597618421628747
2ee5d146-a5e9-4df3-9142-6069ebef0102,2025,2025-03-06,75dd9179-8700-4b34-aeaf-2cf608aec25a,cb8412bc-37cc-43bd-b58b-a5e5956df339,18,1,10.087009552261248,0.9077408461643361
3dca0a07-e08e-48ea-94f5-b20ff4af77dc,2025,2025-03-06,17ba9bad-9d46-41c6-9781-6a1e204da7b0,af997d63-624d-40db-bffd-18de780e2f59,9,1,-1.3139494499937663,0.45518287130580276
6cd3f830-f48f-446d-a3d2-c4836a2d6734,2025,2025-03-06,f1e9470d-a3c7-4ef1-8583-6bb917490ac3,6578af6a-edd4-4185-82fc-cdb933362d97,-23,0,-6.759246887746639,0.23590652758148115
6dba96c2-ed65-4862-a6d4-9a19f70acbcf,2025,2025-03-06,741b4fec-9ede-4efa-a807-8c1679e962a6,9fb181a8-2807-4e27-9442-8e09de6c9575,-3,0,7.891102003133619,0.8152387586150902
6dfce5e2-3dbd-4284-9268-507ba4a20d0b,2025,2025-03-06,eb0507e2-4c2c-4860-ba0c-7a0a815425fe,d1dca835-9ba3-4f00-89e0-533fcfd2b27f,11,1,11.008839784535123,0.9067349111062745
71987157-58b6-4e92-84f9-4fae0b879eab,2025,2025-03-06,f3afec86-2594-4158-97d1-aaac68833b8c,2c1fdbd4-c0c7-4750-b829-f7a6b7bc5710,9,1,5.463201935865188,0.7502012390458108
793a18fd-d3b7-41af-b906-a4a2f7741bc0,2025,2025-03-06,4f9d3323-4211-41f2-8211-76b7efd6246f,fcb7d38a-6efc-47b3-b7af-3dd5ea07e8e5,-12,0,2.6038549367967017,0.6131393477587307
8033f135-e527-44df-8ab2-6bfe1d7e7a68,2025,2025-03-06,ad36d475-e577-4c2f-b8db-b2d47d1fab15,b04e184a-6805-475b-95bd-7e19d2fe95c9,16,1,4.452214218493357,0.6662214441191736
82a7da21-0a5a-48f5-a0a4-fe2ae7368c7e,2025,2025-03-06,cc0e2cc0-da4b-4021-8739-c0e7e235467b,fb109583-87bb-40c1-a02d-7d40bcd7c52a,4,1,7.405299899916639,0.8253751303350858
8697f904-e26e-4ca1-8b7d-e8ca77a1464d,2025,2025-03-06,d8e2daca-6b8a-4f31-93d4-8cf6dd93fda7,0a4ebb69-d8f5-4c7e-a7bf-b7ce3968f57a,2,1,3.9800922835905777,0.6854778095238303
8b8d96fd-1871-4b08-996b-b8ba1dcdb095,2025,2025-03-06,e51388ec-8e0a-4c32-a70c-4890e3e61d3a,5c6768d4-83c5-4e23-aafc-55ac70126454,9,1,5.048002141817212,0.6574468794847248
9321fa5e-829c-48c1-88e4-8764062b0215,2025,2025-03-06,7732f0ad-152b-481b-be13-de99facad3ed,a0bfc386-3dd9-4417-be3e-42f45cee6c22,7,1,25.233521293938022,0.9859020280754214
98c25e22-3fc1-4a8a-8d64-abd2f2a47eff,2025,2025-03-06,8860a6b6-e60d-437e-afc3-b42e8cab8d79,e6431705-05f1-4df2-9721-8369a3a493dd,16,1,12.594678432548143,0.9124501154221677
a56b692c-62d1-49c6-9e67-e816ada20768,2025,2025-03-06,9ba0c75f-bad2-428f-9038-d695c2385098,82d0fc94-2404-4659-9764-1b8186e037b7,12,1,1.76152149774141,0.6030555129870626
a8f389fb-c723-4a85-9f29-e910be154ab0,2025,2025-03-06,42a1b5ec-9263-4e7a-8f55-df64f85505e6,571d2904-70d9-4de6-abfb-1d716ba43f0b,-4,0,1.7392592760271197,0.565511930525572
af2069e7-7b34-465e-8717-f7e93f462151,2025,2025-03-06,4319d016-ec3c-434b-9398-c88b1bfab01e,7cf9cb31-3bfd-486a-90fa-8fa6f3bb44a1,16,1,9.347642922252096,0.8298635567318273
b4c9e6bd-332c-4ad4-8d6e-23a7d80fb129,2025,2025-03-06,5b376c94-fc8d-4e0b-9977-1748d898ff24,79c6b473-0e11-4c2b-aa4c-8523cc9afa48,-8,0,-21.68365550399262,0.030434818426849274
b63a3a28-eae0-4299-8f8e-60d10ae4eb23,2025,2025-03-06,27bf19a7-be0b-4fa0-8dac-8d9b7df5f363,a1594c03-e784-493e-8435-66f585997595,-7,0,-6.10794179198922,0.23097785498951065
c20c07dc-e6a8-4b5d-952c-333242aaa5db,2025,2025-03-06,19313cd7-ad44-47d9-a9ef-b9e0c7238466,307416ce-030c-4156-8d62-1e2632e9e26c,22,1,14.20999099927077,0.9510597593643262
c4ca8d66-09fc-40cf-a6ec-a6d050460e1c,2025,2025-03-06,a7fd1d4d-445e-4899-9731-00f7bff74284,4b6cd009-754d-44ee-9433-124bad801b02,9,1,2.0419682739936116,0.6148209333952483
d23adf3e-d256-4a55-b100-858493f55902,2025,2025-03-06,c333af2f-2819-4e30-8541-dbb64eb01cbd,bfd9aeef-b698-4868-8a44-436dd23e4ae1,9,1,7.883582698910551,0.8280542096844852
d8c9ed5f-7a30-46ff-a304-4ef06a8157b8,2025,2025-03-06,a6dd499a-eb6b-4f8e-9094-d8eb96b3547a,dbd1798b-2cf1-49c5-9f33-caefec39594e,-1,0,4.740655022630339,0.7362592046797617
df4b5e59-f8e6-4093-8655-ffa74f031380,2025,2025-03-06,d52e191f-c4a5-43a8-b16a-1d87ecf7ce9d,a7689181-61c1-492f-83e6-a64bca6e04f9,-17,0,-1.0061488248157688,0.5061107654550379
e4fb136b-d3b5-4176-9922-93c89dab8675,2025,2025-03-06,12d2dbd5-0799-448a-a49a-671c218c8bbd,ccaa9380-5136-4fd2-b639-f5f54936ac7d,14,1,5.542305338301871,0.7209332869864342
ef69dc6a-ab91-4039-bae5-373911d04e25,2025,2025-03-06,bb02a3be-6beb-4745-b200-3a49f5224f0e,f4598131-de83-4e8d-b7cf-dc008ccca8aa,-29,0,-12.70228574924144,0.09364887352258484
f5928f30-d96e-46f6-ac46-adab015143ee,2025,2025-03-06,593820ae-e46e-43a0-a5b3-904904eb9cef,d6a348c1-3237-43da-8690-d309d586a66e,2,1,4.389087570989018,0.6091117473295299
03b75e5d-e9b0-4a1f-884f-ff27a66f9735,2025,2025-03-07,ad46d3d3-a8b8-45c5-a46d-913240ae2832,904ecc4d-857b-4150-b986-50e605d84b61,-2,0,9.112446137443847,0.8641372569167424
09397806-d6c5-44af-add1-312a43e4f895,2025,2025-03-07,391f303d-08c5-44cc-83c6-60595fc71068,2866b25a-1e5a-42be-8763-ad87278ec1d9,20,1,5.716599287439535,0.6851527512491881
0b3664f5-d034-42c8-8ede-0376854427a5,2025,2025-03-07,bf7cd127-c979-4181-8f7b-356415e2c15a,3ed32cdb-d2a0-473e-9db0-fd63aaf9013b,6,1,9.631584125677003,0.882421969274601
13f1c013-c6b1-4176-9080-a55c65809e72,2025,2025-03-07,7e01ae0c-d2c7-4d9c-beea-2da953b4c037,c4101885-e600-4596-80ff-bc637c56221d,-10,0,2.6878206516737855,0.6203335913625482
2d56b8bd-245b-4fb7-8718-950471b2b72e,2025,2025-03-07,325d11bf-595b-429a-8342-97fe68b1a3cc,375d7498-7795-4ff1-bcf0-e13cdaccd9e5,14,1,2.1764144810138624,0.6222497997353652
2e4c13a4-d992-4c7e-9b3b-bce171c21a47,2025,2025-03-07,bd53017b-0998-4291-a0d1-1c9f45306402,223e59ef-679d-450c-a409-d6ff2a5b5cc5,21,1,13.561132427708134,0.9440545840152332
2efd058d-ba7d-4514-a4b3-ec28054847db,2025,2025-03-07,a2a4c8c1-e611-4717-92f2-fccc9217a883,cd6bef67-d192-4740-b7be-731c52686c54,-3,0,9.737398110657203,0.8659981652687061
38a854df-37ce-4506-916c-0a1810bfa69f,2025,2025-03-07,821de2da-b464-49f2-aeb1-293e7aedd6de,24cced85-1369-4dbe-8abf-92fb8d456618,-1,0,4.876277361608272,0.6777009289600715
444c74bf-b6af-4031-ab00-049e1a7e7b15,2025,2025-03-07,f89aec4b-36dc-4a40-a634-a744d4d646a2,5858896e-5e67-463c-a38c-c7431f157945,-1,0,3.4546991163872884,0.522891838599613
483863b4-c461-4145-ac10-e2d8f0e33913,2025,2025-03-07,a2f3412c-1391-45d6-9516-eeef28f38cff,35163246-626a-4e63-899d-7a3798e88277,-13,0,-2.4155576191972132,0.4089389030927817
49f5f6b6-aae0-4056-b0db-3c7a57ee807b,2025,2025-03-07,88e83e71-3235-4c21-85a8-da368f34e5fd,4926f0f3-ac12-4ca0-9cbf-eb99f9aafb78,1,1,-0.27609809477948877,0.5270343325032477
53900b62-cd18-45ae-aa78-0c8d48078407,2025,2025-03-07,f63b8169-081a-49c5-8b53-2f7b3e524fb8,50ac73d5-f2f3-4160-add7-d0993eec32cf,14,1,10.09084247176245,0.9046903524435111
5eb688de-48e3-4312-8f01-4af33323d4bb,2025,2025-03-07,1835c2ee-1e17-4d18-9ab8-a1bb3678b947,c504f52c-c325-424d-ae65-da37bf8e5820,13,1,11.314329644840939,0.8728691834154547
6827f517-d939-4ab9-8c7f-3a9515034b0e,2025,2025-03-07,a870c009-c0ca-48e9-a456-1ea2b2b779ef,51d48e8a-41da-4087-b00f-c65fc8fc1ce7,4,1,10.055242715411476,0.9014415379872166
693694a2-ac4d-445f-94f5-f625624fd778,2025,2025-03-07,de0352b5-4ae9-49af-a027-b0dc86a005da,6ba99b19-8a61-49da-9325-3e04939d3d5f,16,1,13.963025728354902,0.9339444826567378
6ecd1bfc-c21e-4407-b8b4-fb52928f32a1,2025,2025-03-07,cb86bdfe-2665-485f-9a44-846b23bdb2c3,9fb181a8-2807-4e27-9442-8e09de6c9575,-5,0,8.158649286023126,0.7524718212951301
88970b60-88f2-47fd-9de1-771c0bd74c7d,2025,2025-03-07,b6c7c93e-bdd7-4df7-b73a-c1fbe953199d,9df3af06-d207-48e8-a010-41797b070072,8,1,0.6940940995420313,0.5705837552759698
935c2fb9-4ac8-4e7b-905c-91da82e9a963,2025,2025-03-07,2dbbcf87-baa5-4154-8071-c62e522990c6,3d3b199e-7c4f-4c53-b683-a77a8d8e697a,11,1,12.049121869162711,0.9012582225814756
b01e6004-1251-4555-94b0-43f3e3100f1e,2025,2025-03-07,cf3707e3-2f2a-44dc-8d7a-4d16b2fe78ee,e732f6ff-8488-4df9-8756-f1cbcec88e33,26,1,7.783318660606182,0.7878443559394191
c7f795c6-fde5-442a-b058-7b8f75c9e405,2025,2025-03-07,700f42bb-65b8-4e08-bfdf-8dba2e0bd260,8226bdf0-6c2b-4e2b-841d-e2a01a5e5145,8,1,5.8508089708046125,0.6989858475050214
c988c5a2-abd7-4243-aabb-6d3df43989ef,2025,2025-03-07,fd64c7b0-4a53-4590-bed6-59bbcddb0f63,5c7c373d-1822-4c63-aa7f-64745cc99c52,22,1,12.242453981568714,0.8673022896752095
cafe6b0d-222d-4143-a7ee-7ac6b75ff2ae,2025,2025-03-07,19b01b27-3931-468b-a50c-6636aef39c7e,12d2dbd5-0799-448a-a49a-671c218c8bbd,2,1,5.22753318748289,0.6555427363099268
cc25dfb0-169e-4c0d-9124-15dabb40a4a6,2025,2025-03-07,000d55e3-3608-43be-aebb-6926cbe6b7b5,58d76bcb-6251-4be3-9fce-6e748e521d87,9,1,4.183816001960866,0.6827948636049405
d2ef2cae-276c-43d1-b9dc-7d748bb6926d,2025,2025-03-07,0f0aab5c-26db-447a-b6b5-a264da5b140a,a7689181-61c1-492f-83e6-a64bca6e04f9,-1,0,9.656602488316986,0.842421131362867
e0ea3da8-9361-4d9f-8901-25b4962bedc3,2025,2025-03-07,3dd34e3a-6cf5-419c-8042-503af5d36e7e,ed973a10-a469-4337-9742-eed664c61168,17,1,12.499134486423076,0.840825945419833
e12cc343-1374-4dd2-9afd-a171f2cdbf55,2025,2025-03-07,44242fcd-cd9f-43aa-afc2-5a12ea89394c,871751b8-eb3a-4919-bc58-ab82887e29c6,-16,0,8.27103276756839,0.8172558103658739
f199889a-4466-4fe2-a8d8-75c37b4e281b,2025,2025-03-07,9123b907-3559-421d-be7d-7e238eb0c266,3aedc020-716e-4a2c-a7f8-ab1abaf53d87,18,1,14.505589050964238,0.9255697709715808
f28f8616-2de4-4ad0-9a7f-1bcb8f41bc4b,2025,2025-03-07,c7e47abb-629e-4b69-8d41-c87333fbe6b4,5d005d94-2060-493e-af42-31885c78962f,13,1,2.2127357291063046,0.6261508035321991
f5d03908-7b5e-44f6-b7a9-a9105afd700d,2025,2025-03-07,46671d80-ebfc-4f9a-8eae-19249794115f,3bc11d41-6e7a-4932-b0d5-e15a8f310406,5,1,7.983994052921294,0.7848388773580832
01c2157c-a963-4e17-92ee-79e85dafcfa1,2025,2025-03-08,5b376c94-fc8d-4e0b-9977-1748d898ff24,17eb5319-07ae-4f0e-b1d2-8e828b07ed79,-4,0,-25.47484846869118,0.02346562306346891
020f876a-4feb-4b2f-8d16-8316bcd192e2,2025,2025-03-08,c6cabd85-4834-4f62-94ab-57143286b512,6b776d4e-7c15-4c08-b195-ddf7052c762c,11,1,2.97113045218123,0.5650867846410281
0303a88c-9a69-445b-a71f-b74ed2b657dd,2025,2025-03-08,3a2cf934-5d3b-4406-a458-0c76b7b9d65a,35163246-626a-4e63-899d-7a3798e88277,-4,0,7.9841343913762834,0.8420243239739758
0d5d3121-3a5f-4ede-a28a-eeef1fc45d20,2025,2025-03-08,705e808f-a589-4af4-8baa-45ce5b2e969e,c9942b49-0bf7-4dda-bc78-bf2e3b174055,-5,0,-18.043514714835723,0.04826909748764205
0e00f53e-1f9c-4028-88db-11833047b416,2025,2025-03-08,c7345766-a5fd-40e1-9757-26d62af0b9af,62c787d1-5e5d-4e44-b6e8-1c208f874eba,8,1,11.789403763915189,0.9096218668474016
107f9d4b-716d-458f-b2b8-944f204fa4c7,2025,2025-03-08,f3afec86-2594-4158-97d1-aaac68833b8c,195318b0-fa80-45e8-96b2-e83346e70a64,-29,0,-8.108237353127075,0.18181446949343755
1854af91-8e1b-4d9f-87ee-1399ef09b616,2025,2025-03-08,78926156-3797-4ad3-aa39-fff13a311d02,2fa161f0-e26c-49a0-8eb0-b2810c4d4845,18,1,19.183391331208696,0.9808836991745347
186cec43-2304-44ea-b6b2-b378d79f67f1,2025,2025-03-08,41ff62eb-8cb9-4e63-9c2f-50989d3e65c1,0562b0a8-dbba-404d-9aa5-930ebe50c9b3,-14,0,-7.762969005733456,0.17848406190473431
221b98c8-2cba-48d2-bfd0-6874deb54c71,2025,2025-03-08,6f7ff858-33b4-4d3b-b960-8a750dbe33a1,7c82650d-eccf-476a-b85d-69a73b6b7f8b,24,1,5.228734337429863,0.7102492251251552
221d66f6-52ca-4b74-bd28-46fd8667b074,2025,2025-03-08,75dd9179-8700-4b34-aeaf-2cf608aec25a,871751b8-eb3a-4919-bc58-ab82887e29c6,16,1,8.451086100750517,0.8321766568870147
24341309-399d-4d69-81c4-96afa5e34902,2025,2025-03-08,d915e7c4-a333-4d6f-9c21-5904d58e75bd,14b85f13-07f7-4bd1-8f5f-32720dbe1c9e,-23,0,-9.503011922858134,0.18608227044605968
258b9c4e-41f8-4792-8bfd-ec10c964ed72,2025,2025-03-08,ddb253d9-6526-4c32-a7a2-4462d6abe45c,31a68979-4cbf-4e59-be9e-82043f581ff6,20,1,4.039976948798303,0.6689223297597964
25922375-aabd-4396-908d-2302f1f1bf0e,2025,2025-03-08,3dd34e3a-6cf5-419c-8042-503af5d36e7e,c7e47abb-629e-4b69-8d41-c87333fbe6b4,7,1,10.499547478107386,0.8978087760027597
2d61da41-69fc-4c13-99ee-864858b5a1d3,2025,2025-03-08,46f85354-63b8-4744-8b13-341ea0a30c2a,a00214a0-9c1b-4018-a085-500dbd55fb17,19,1,4.821130302206126,0.7250419955092378
30b1e66d-a263-4233-b904-11af7fa9118c,2025,2025-03-08,81ce1538-893e-4f62-9812-5468866f484e,8deb21ba-48b8-491c-89ab-0b360062d211,-4,0,3.6494328855027334,0.6690707751712182
330e933c-e4e8-472d-8845-f04da9442c3a,2025,2025-03-08,f02fe504-2b2e-4ed7-b9c5-4c7e6e224682,82d0fc94-2404-4659-9764-1b8186e037b7,9,1,7.393251568414205,0.7915267953787015
34a0e82b-9f3a-4303-bc89-1f78fffc0fc6,2025,2025-03-08,fb109583-87bb-40c1-a02d-7d40bcd7c52a,a1c48553-79dc-47b7-8672-3b204100c8ec,9,1,1.4948602889939935,0.5616357139589914
3997a11c-e757-47dd-8a70-c4c99fcdf913,2025,2025-03-08,14a1f904-5f97-4e98-885e-5d6c4f102ea6,83384eea-0854-4284-a875-f47d9b0c31d8,11,1,15.254091762591935,0.9281067624849921
41eff965-43b4-4b09-940f-6d7e2a87d7e5,2025,2025-03-08,851d8a88-2edc-45bf-b180-7b6c1744f5fe,5f1bdada-9e34-442e-b575-0b6a9114f1ae,6,1,2.804979787451501,0.5895786377476552
45e1a27b-1325-4855-a200-93303a432591,2025,2025-03-08,5896c71f-aaee-4983-9da1-2e953c561786,b04e184a-6805-475b-95bd-7e19d2fe95c9,2,1,3.6614406485157014,0.6822636881487594
49f17a34-0a21-4ba3-bcea-15adbe6435a9,2025,2025-03-08,9c04a238-121e-47ea-a3bb-436957b78a8b,fd64c7b0-4a53-4590-bed6-59bbcddb0f63,5,1,-3.2619672182614923,0.36334675969041647
4ab87cad-1211-44bc-a3e9-e3295302623f,2025,2025-03-08,c514a4b8-22c2-44f6-a118-250ae80751b0,2dbbcf87-baa5-4154-8071-c62e522990c6,-7,0,10.198814722001018,0.8776368161383682
4c31400f-f3f4-4d3a-937b-d3015f71b341,2025,2025-03-08,b704622d-2904-4237-b9a0-a9865096fefd,1b9c388c-a2e4-42dd-9e21-4841ed46cf4d,7,1,12.950423935995563,0.9075822900760947
513825c0-5adc-44f6-acba-8b1c5920613c,2025,2025-03-08,1f8df44b-d154-4a8f-8c48-32b36db0cd06,d75e1814-b8c9-4246-b06c-afe60d661528,19,1,5.946213411849584,0.7843314025631476
5169ad45-d149-4da4-bb8d-fa63fe412975,2025,2025-03-08,307416ce-030c-4156-8d62-1e2632e9e26c,6578af6a-edd4-4185-82fc-cdb933362d97,-5,0,-7.874871268713851,0.18456793620017362
52babbc7-b763-4a80-84c9-e6e760e1ab17,2025,2025-03-08,e1c5e9f4-197f-4a7b-b871-bdf72ca0cf3a,61ce5009-1768-42aa-b377-fd95cefd07af,8,1,8.053488131847734,0.7778924543317051
53fc4b26-5b7d-48a0-9886-871b6fe01474,2025,2025-03-08,4b7b8cc0-eb4b-40bd-a9b7-958fbe20894d,58fdb1cf-11b4-437d-a338-e497be161811,-17,0,2.3023286285593714,0.6408909078173944
555936ac-ad02-4057-ba2e-6ff8e1eeca11,2025,2025-03-08,700f42bb-65b8-4e08-bfdf-8dba2e0bd260,a7689181-61c1-492f-83e6-a64bca6e04f9,5,1,8.146943093162436,0.7586518830097319
591f76a9-894a-4c32-bd87-c95145d9728e,2025,2025-03-08,d65f3ef9-cd07-4472-b901-9b3ba2b35764,c90512ea-4ed0-469e-a936-7935ade0caf0,-5,0,-6.843597040671625,0.22301084384335332
5c680af8-9793-4289-a256-be0e776579fa,2025,2025-03-08,4319d016-ec3c-434b-9398-c88b1bfab01e,dbd1798b-2cf1-49c5-9f33-caefec39594e,-12,0,-2.8430024670294185,0.4060141899297552
5fde478c-ebc9-43d8-ad30-cdbabab55a82,2025,2025-03-08,4a976ca8-f51c-487c-ba87-dae41ddaee24,cf3707e3-2f2a-44dc-8d7a-4d16b2fe78ee,17,1,2.707238333573179,0.6087314044522061
69998513-a843-4013-91dd-b30d97b4cc4a,2025,2025-03-08,0420bfac-8b45-41ad-b228-89893a037d4a,7a78a9a6-0d5b-4fae-8fb4-98bc816ed903,40,1,22.212981333196147,0.9897856067499871
6fb50dd0-8aa1-4f93-87e8-9b8edd3adfe3,2025,2025-03-08,f829b41d-4185-4fb9-98e0-bd7bd9b6bd7d,e20e16ce-0f28-40e0-afe1-5492395d5e53,-11,0,11.757885196254497,0.8908466180577841
7aa30f39-14c4-47d5-91f0-f761c0dc42e0,2025,2025-03-08,c59d7c9d-7fd0-4a58-bdba-7904baeb0abd,ba18e6aa-cbe6-493b-b91d-b0c8d4e8b0fa,-3,0,4.128929205805903,0.7340618479761705
7c1e8f4f-79d2-4d14-91dc-a60aeb11508a,2025,2025-03-08,829dbc21-e757-475c-ab7a-2a3172ec0683,a46fdb60-30d0-4807-a2b1-e29d8d7c22b2,4,1,9.50254135886438,0.8642300904783505
7ecd9205-29fb-477b-8024-7e080b10b4d7,2025,2025-03-08,f0489380-9e3d-4613-ab85-fc32d9368997,7e838ebf-74ed-42de-9f2e-d8057aa77de5,-12,0,-3.998440131636589,0.413394605480202
7f5ba4e8-9c0a-4dd8-9396-1bc74d98a758,2025,2025-03-08,e4054827-709d-47e3-8f27-86b76b8f17d6,01f45e3a-e22b-4c25-b1e8-0d5ac80e6a5e,13,1,3.9192265795590666,0.6084436998799623
82e35a1f-6c93-464c-9481-2cad96e0836c,2025,2025-03-08,308dd2dd-d731-4927-9bf5-e8aad5900158,75628733-1eec-40f9-a6cf-07501979c4b3,17,1,4.703385563020981,0.7252949737519924
82f91176-c609-4c67-903b-6d3e5a09c6df,2025,2025-03-08,641dc594-03c5-4ae6-8564-0ccb3c8edc77,7f0a740b-2a56-4bec-87c8-7bf2baf05d58,-8,0,0.8041388832245698,0.6263667210637319
8528a148-8bb0-4765-a7a9-e41685264294,2025,2025-03-08,ad36d475-e577-4c2f-b8db-b2d47d1fab15,cc0e2cc0-da4b-4021-8739-c0e7e235467b,12,1,0.581628726962027,0.5309128201963961
982fe561-31c6-4a69-8865-8796d94903bb,2025,2025-03-08,17900399-e4eb-42bb-81ed-06f5be1309b7,91e8763b-21ee-4929-ab39-6a46d1d62e33,8,1,0.638407360129313,0.5831853164794861
9acee932-fe66-4d1c-a16d-96b8dd52b6bf,2025,2025-03-08,f9261c55-02c0-49db-9993-f5d64a97b21e,f8ed9667-67c8-4fc7-a946-d81c4cbe8fed,31,1,18.48325377227725,0.9795195852729854
9c7c93ea-2f95-4d1c-8898-2b97e919f3c4,2025,2025-03-08,69642ef6-85e9-4dfe-ab65-4cca6a1688d4,d26d7563-983a-4b9f-bf04-fa2777e0beb0,2,1,-1.8897936782214244,0.4330631426088844
a60aff3a-690d-4f68-968f-54f82dcd5677,2025,2025-03-08,6cd07c06-66e5-421d-a8d3-84cd9833bce3,c62c317e-e0ab-4b1b-a6b9-878965985154,1,1,2.547857473947818,0.589657115527213
a812cf12-0840-4ef9-9825-ac9bbe5730c4,2025,2025-03-08,3027d417-64d5-4892-a6c3-c77edfaff436,f239ac13-f7a1-4acf-90a5-3cf4c6fd3355,7,1,1.0846350961699387,0.5325249863204562
acf62669-5956-42bf-9b5a-fb5cf7db5c4b,2025,2025-03-08,469778d6-39b3-4cd1-8bf4-f40903d78c5d,9fb181a8-2807-4e27-9442-8e09de6c9575,16,1,15.567156383498315,0.9310532249314665
b407c30c-ff73-45cf-b452-9008bac03eab,2025,2025-03-08,bd53017b-0998-4291-a0d1-1c9f45306402,46671d80-ebfc-4f9a-8eae-19249794115f,3,1,8.678024658799218,0.8003469848216997
b8c05edd-1b35-43b2-b844-f0a7ba7693f0,2025,2025-03-08,8fdfa7ed-88da-45ac-9520-9a9e9fbe2586,b21fc872-90f0-43b9-a07f-97e7531c8898,26,1,4.907622333783983,0.7634097324234964
bd25dd54-a9a0-4bfd-8e5e-83f84a8777b9,2025,2025-03-08,abb24ec9-06c7-4ac8-a0a7-299760b256d3,bc9cb402-a9b1-4644-acdd-ae7e0571be90,-9,0,-8.262282563085021,0.24484996828804337
bf252f1f-95c2-4677-bada-7930b4922289,2025,2025-03-08,7bc45016-4549-4672-9453-69c2a81aa576,f22ee0eb-5079-4c19-b46d-7d40e14d7636,8,1,11.790572999403942,0.8652462814359169
c0c6609b-0928-487e-a629-185d476847e9,2025,2025-03-08,ab5be1d8-ac8b-4c5c-8e26-320585a8bdef,8bdfa757-6fe1-4ee1-a1c5-279e7f35fa1e,26,1,9.969543764497512,0.8596658975382802
c144890d-c672-4de6-94b1-317dc025aa31,2025,2025-03-08,4f9d3323-4211-41f2-8211-76b7efd6246f,d6a348c1-3237-43da-8690-d309d586a66e,18,1,4.583367303624446,0.7121078788337053
ca406f91-5580-449c-848e-24a3495af587,2025,2025-03-08,9f7dac5e-38e1-4e63-9e50-e6b0d822fddf,c4972de1-bfaa-4820-893c-10adf1095f0a,-12,0,-5.208266724124703,0.26155327161968667
cc628a0b-012a-4405-854f-70ca52f9d7ad,2025,2025-03-08,8a391aff-89a4-4586-9d57-71299178703c,02361e70-3d89-4b56-8d25-73ea2ee389ef,-28,0,-12.194941509293376,0.07253560324294551
ce29cdfc-0599-4f45-9cfd-3ee0a49b9510,2025,2025-03-08,6fd295ef-9c37-4478-af91-536cbf316358,d0c9e56a-ea87-4a77-8ea1-93b43e2aa99f,13,1,9.853198465460594,0.8380597553344027
d299c320-b0e3-4872-bb0d-6deb353af8b8,2025,2025-03-08,351b4e0d-ecfa-4f26-963a-5d1e8b281052,397b5601-d70b-43a8-b259-1a752c68bb1f,-2,0,4.977459321025613,0.7489640872136188
d2f9c4c4-b302-47c9-bc43-9195dd3e78ee,2025,2025-03-08,a6dd499a-eb6b-4f8e-9094-d8eb96b3547a,7cf9cb31-3bfd-486a-90fa-8fa6f3bb44a1,14,1,12.215193998225216,0.8896623786573783
d64e8bf0-e51b-4e59-b837-138550cf4e86,2025,2025-03-08,2a57c531-b461-42be-bbd4-b080f188a160,f9a35e93-6a9b-427a-8901-d74cf3f23676,6,1,2.4994440433045795,0.5696622443165199
d7732066-6ac7-4d25-926c-4bbd629258bc,2025,2025-03-08,391f303d-08c5-44cc-83c6-60595fc71068,000d55e3-3608-43be-aebb-6926cbe6b7b5,-19,0,-4.427135750140099,0.4247721552815281
d946a3c1-f37b-4591-ba26-403801052a0d,2025,2025-03-08,ad9fa352-0a34-41df-8ad8-38855ef63d91,52414cfe-b45b-4eab-a88b-e509aa446dfb,-5,0,-1.0795920634427074,0.5190304621031926
d961213f-160c-4834-8064-2180d5444723,2025,2025-03-08,ae911605-551a-46eb-aef9-06f9a60479c9,dc7ff97c-c617-4dcd-89fe-5e702fd03890,1,1,2.9788276135542766,0.6062165256618794
dc8f1587-15e2-4fad-83af-6831c664fb55,2025,2025-03-08,c921ba85-0782-4ce6-80e2-44f0c43d4f16,a870c009-c0ca-48e9-a456-1ea2b2b779ef,-17,0,-2.3494287951234,0.4343931146023158
e18fef46-4da8-4257-b776-366b7fd8d5c8,2025,2025-03-08,85708ae1-7d66-437a-9d70-bcb680bdfa86,b58599cb-bbcd-41e0-9746-6ce1ed5597d3,3,1,6.580040682878739,0.7566420883100065
e1e77763-45ea-44c0-89d6-545c9627ac36,2025,2025-03-08,ba87013c-8cb8-41eb-95fb-16991c536506,03e9598c-4271-4840-ae88-7c7c36f2b10e,10,1,11.860149516882304,0.932465313021946
e86a9d9a-1114-47c9-92f3-faa6ef386c6b,2025,2025-03-08,de50cb63-b08e-4760-ad25-62eceb6c4120,f4598131-de83-4e8d-b7cf-dc008ccca8aa,-9,0,-1.5543950410122467,0.4450047286673202
e8d869d3-844e-4520-9fbc-fcc379a6633e,2025,2025-03-08,d9fdf72a-562e-4e19-ba2f-faa3de20ace5,05005d1e-02c0-46c0-8b4d-19dc825698c0,7,1,5.137407354169939,0.6932435187335572
ec258bda-c212-494e-8d5c-ffba7eff1a95,2025,2025-03-08,c333af2f-2819-4e30-8541-dbb64eb01cbd,5858896e-5e67-463c-a38c-c7431f157945,25,1,6.359649988245132,0.8051101553830816
eebffa55-9717-40dc-8bde-7c0712ce85e1,2025,2025-03-08,a67d2a73-fb71-42b8-97b7-9b72a49efc06,f2fcffd8-915c-4fdb-a632-8b5b621bc999,-16,0,-6.915790461100571,0.20954217744188203
f29556de-5e25-454b-9ca0-ea31b4d025fc,2025,2025-03-08,5a320db8-a83e-4f46-9418-25176d12a65f,0b297e0e-e039-449d-b07f-f8e1ae96e3db,19,1,11.818422599124629,0.9114254564036124
f3cf0cf8-4271-4627-bbe7-a913136d724d,2025,2025-03-08,db5b4ba8-4030-4125-845c-337b3ed300b4,cc4cdd9c-0563-41d0-bbb7-29b825db8e55,-2,0,-1.1636885502130982,0.5138617812135412
f4571549-51a5-43ca-a5a0-b76e1777969e,2025,2025-03-08,416d2dd1-15bd-48e9-82e6-9277c0ab829c,88e83e71-3235-4c21-85a8-da368f34e5fd,15,1,8.042416732954194,0.849355085138221
f665fc0a-afa2-46f9-8088-527d1ee470dc,2025,2025-03-08,42833efc-4047-4751-b5dd-8f5c6d05e355,0f0ea376-1ea4-4b1f-9a4f-e7301a0318a4,11,1,11.041070210437537,0.9138255778199537
fc0ba503-0282-4ffd-83ea-a8df5b9aa4f8,2025,2025-03-08,ba8ae2ef-827b-47e0-bcec-bf76fe44e37b,d756733f-2d8f-4ed6-8b7f-dc7804a270af,20,1,11.092075669683307,0.8877620232994794
fcde3fda-3afa-4201-b44e-ef51c231c0f0,2025,2025-03-08,593820ae-e46e-43a0-a5b3-904904eb9cef,fcb7d38a-6efc-47b3-b7af-3dd5ea07e8e5,7,1,1.0023074297619257,0.4686254248397675
0a0ae8e4-14d7-453f-a6d4-7b82fc6db032,2025,2025-03-09,6628afb6-e6fd-4d7f-be94-a19527da56fa,6482154d-967c-4e24-af4e-6cdb9ef80e00,11,1,5.805766388648636,0.7187132719657727
13f93fc8-81bb-42b7-b0b0-52345a6e2d4b,2025,2025-03-09,78d97761-b499-435e-9097-b9d553f3ee67,4a976ca8-f51c-487c-ba87-dae41ddaee24,11,1,1.2398769202358333,0.6062343802144916
1bd6d75c-ab56-4df6-9c01-8e195b4f986e,2025,2025-03-09,d1dca835-9ba3-4f00-89e0-533fcfd2b27f,983c0982-0fb8-45e4-829e-306cf787ba2e,-3,0,2.1354443338929805,0.5436417932710748
1d860116-cc00-4b86-a633-8e9c2c0ecea5,2025,2025-03-09,be9af39b-8a19-4b9d-89a3-bc6dd35defa3,6fd295ef-9c37-4478-af91-536cbf316358,24,1,10.241366624788025,0.8847042106722421
28753b27-06c5-4edd-8978-2901cf90fe5c,2025,2025-03-09,416d2dd1-15bd-48e9-82e6-9277c0ab829c,58fdb1cf-11b4-437d-a338-e497be161811,-3,0,0.0315689135377785,0.590902760864691
2aea57d5-6598-47aa-9f52-f8ae872d3838,2025,2025-03-09,c333af2f-2819-4e30-8541-dbb64eb01cbd,75dd9179-8700-4b34-aeaf-2cf608aec25a,10,1,-2.0871707911480355,0.4516969852991401
2be10d4d-6486-4aad-ab56-d51e4d57da70,2025,2025-03-09,33efd80d-8446-4d83-97fc-e864b132a0c8,ac42cc2e-26ce-4ace-8d1f-28d21a1c77b2,8,1,6.037469371571609,0.6825831039592026
30368f80-c99c-430e-a5c7-ff1cdb8f6283,2025,2025-03-09,37d0bfe1-4a78-4810-9371-3268e54026d2,469778d6-39b3-4cd1-8bf4-f40903d78c5d,-19,0,-4.582236358071089,0.38490637465020006
3d835425-0957-4a3b-9be6-d30b715944fb,2025,2025-03-09,4b6cd009-754d-44ee-9433-124bad801b02,e51388ec-8e0a-4c32-a70c-4890e3e61d3a,17,1,-1.8029637421756832,0.3750283850812749
4360ee2e-54d9-448c-82ab-0f13b4f9c99d,2025,2025-03-09,571d2904-70d9-4de6-abfb-1d716ba43f0b,7d5a75d9-3168-47d2-92b5-e680e056b479,-10,0,7.4733113201081975,0.814455477388187
5f073f6e-27f4-4d7e-86a7-87c21c5a9b9d,2025,2025-03-09,a1594c03-e784-493e-8435-66f585997595,6e056aa7-1906-4546-b6db-5910356fee72,17,1,5.882542957670161,0.6975794073585154
5fefdd9e-9aab-4249-b465-d01989b4812f,2025,2025-03-09,60adcfeb-0ca6-456b-b51b-d8d3a324c55d,daea7f8b-7386-4fa6-8921-870a3e848b4a,-6,0,6.779045015120066,0.7980643245322754
73a5fc59-7adf-4f0e-b524-36854897b249,2025,2025-03-09,d8e2daca-6b8a-4f31-93d4-8cf6dd93fda7,231d7720-fba0-4331-b1da-8412227395f7,10,1,3.1871020337623515,0.7119226132951613
768cc3a9-9339-485c-a96d-839b710c8c27,2025,2025-03-09,3dd34e3a-6cf5-419c-8042-503af5d36e7e,700f42bb-65b8-4e08-bfdf-8dba2e0bd260,15,1,6.730990110611841,0.7811347487643435
7a33722a-789d-462c-9672-1053386ff850,2025,2025-03-09,d2d39132-b6f8-4e0d-96d2-4e89419550fa,a870c009-c0ca-48e9-a456-1ea2b2b779ef,-22,0,-2.04960335045359,0.4800689472902112
8d737bbd-4f91-4100-ba68-7dd718892692,2025,2025-03-09,ce88cc81-96d4-48c0-ad06-ee0c2d3d7663,27bf19a7-be0b-4fa0-8dac-8d9b7df5f363,-15,0,3.090905599164712,0.6997097233658325
95df0770-96c7-4d47-b481-d9abe09420e0,2025,2025-03-09,a564f5c9-0e8d-44c8-a75d-b3b355370dbf,52414cfe-b45b-4eab-a88b-e509aa446dfb,14,1,6.706381660423552,0.797144708434482
9c8c34f8-ac72-4a31-9cd6-32116db9faec,2025,2025-03-09,b0e26736-fae2-4d59-85cd-4b5243f23c8e,fe967dc0-fdb0-46b0-9629-0fd108949abe,14,1,7.701596914605911,0.7740345180440814
9ecc1b46-78d4-4d59-8d86-9710b25e5c40,2025,2025-03-09,bd53017b-0998-4291-a0d1-1c9f45306402,000d55e3-3608-43be-aebb-6926cbe6b7b5,12,1,10.011835999751714,0.8124275542869878
a8cf3736-705f-427c-876a-81268828603e,2025,2025-03-09,07c201cc-5a34-4a3b-9fc9-bae4c20b7c9f,9c04a238-121e-47ea-a3bb-436957b78a8b,1,1,4.605990695866461,0.6564727765529298
abca11f3-4662-415f-b6b2-8f0858aac655,2025,2025-03-09,12ae7230-4fab-42c4-a7d7-88e118290c3e,308dd2dd-d731-4927-9bf5-e8aad5900158,6,1,-1.13959691025474,0.5330508613760118
b635c6df-745d-438a-a993-50087615cef6,2025,2025-03-09,7e838ebf-74ed-42de-9f2e-d8057aa77de5,2dbbcf87-baa5-4154-8071-c62e522990c6,20,1,11.649468753385086,0.9022447180366614
b68635c3-f7a4-426e-a850-508bd8898814,2025,2025-03-09,185c12ee-a2a7-4588-84f2-4b4b270a75a6,e4054827-709d-47e3-8f27-86b76b8f17d6,9,1,4.974157118939882,0.6356196859954745
c3972515-9520-4891-b81d-a5312f9b7286,2025,2025-03-09,3be5fa30-2fd3-4af3-bfc0-39db2dcb523e,eb0507e2-4c2c-4860-ba0c-7a0a815425fe,5,1,-5.23558939747399,0.2832490782411398
d363b4bd-5af5-4d6c-98ba-692dbebcf08f,2025,2025-03-09,5c6768d4-83c5-4e23-aafc-55ac70126454,a7fd1d4d-445e-4899-9731-00f7bff74284,28,1,8.68564213856472,0.82061868074873
db122236-c773-45ad-8e0f-eba138ebc53c,2025,2025-03-09,fa3cb393-e306-4365-b4c3-b3f62a5027d3,35163246-626a-4e63-899d-7a3798e88277,-2,0,15.204309164194553,0.9428115562335837
e0de378b-6c75-4cf3-88b9-c73bbe8a76da,2025,2025-03-09,050cf087-6e1b-42ef-84fe-368ac1929774,17e47b02-02b2-4bbb-a838-a4695fbc099b,-7,0,-7.704092917480566,0.2280592734706039
e78dae2a-d90f-4fe0-9518-c9d9193ede58,2025,2025-03-09,6bc97d46-dcb6-4437-a79f-2d351169817d,67503cd7-a244-4820-afaa-485db8ea877a,-3,0,-4.021566698549177,0.3012487630126881
235144c7-1402-4a12-b517-d77e6f5fffc5,2025,2025-03-10,a564f5c9-0e8d-44c8-a75d-b3b355370dbf,07c201cc-5a34-4a3b-9fc9-bae4c20b7c9f,1,1,4.1928712682134375,0.6483273123217818
262cfd2a-13e4-4390-af90-3471fff6251b,2025,2025-03-10,64975048-1db2-4ded-ad28-05b8d8aa9c66,35163246-626a-4e63-899d-7a3798e88277,15,1,22.637573407076733,0.9790035329124434
3a0b0cef-754c-42bf-88bc-f5067349c55a,2025,2025-03-10,469778d6-39b3-4cd1-8bf4-f40903d78c5d,67503cd7-a244-4820-afaa-485db8ea877a,13,1,-0.7837624530084641,0.46716347113181766
4200a89b-d3fa-4ff1-a9b9-c7c59a546254,2025,2025-03-10,dd8a7533-5e77-4aee-99d0-4c56a7ff74a7,78d97761-b499-435e-9097-b9d553f3ee67,9,1,17.36514962112657,0.9725137971318347
6b424663-e71f-4ee7-9d05-18a3d7236f40,2025,2025-03-10,fa6de946-411a-41ad-8bfa-6526c949108c,8848c09f-0c71-4cbf-9d0a-84da72f6b649,3,1,2.8884887216068855,0.7097136611498316
727c772e-a9b6-45ab-a370-c4827aac67a1,2025,2025-03-10,22865798-3256-425e-8eb5-60e1edf9403f,bbd86984-093a-4854-845d-01d65716f8fa,-20,0,0.09107783861981122,0.5155017451933764
7b45e4c5-d132-4056-8efe-95c5618df000,2025,2025-03-10,52f17f8e-1af3-4d55-8323-0292fdf33297,02073ad7-1bb6-47dd-a1fb-fae5e0bc2ed7,-2,0,4.194417501328814,0.6492083600467483
a44417ae-6966-474c-9187-29176a4d389e,2025,2025-03-10,58fdb1cf-11b4-437d-a338-e497be161811,7e838ebf-74ed-42de-9f2e-d8057aa77de5,-7,0,-0.9150802733552923,0.4160516729127412
a591cf34-ab26-49c1-9f99-b991363b1435,2025,2025-03-10,12ae7230-4fab-42c4-a7d7-88e118290c3e,a870c009-c0ca-48e9-a456-1ea2b2b779ef,-10,0,4.060671960363049,0.639669856221779
d4adc214-bf9c-43bd-b992-ce7b75f004f5,2025,2025-03-10,241f50fd-2121-4b74-abd9-2ddb98d74a2e,b0e26736-fae2-4d59-85cd-4b5243f23c8e,3,1,-3.915600465107367,0.3115478826024037
e2151dc4-1b57-431c-96f8-7219540a3cac,2025,2025-03-10,f5ed0adc-4078-47c4-aba0-3dd2de221774,6f9a1a81-2dbf-490a-ba3c-8f8fadddd9d4,-10,0,2.7522000951424404,0.6521579218598368
f09b65ad-8da3-41af-b762-95e2258c1e9c,2025,2025-03-10,326d518f-eb6a-47aa-9739-13bc340a9a3c,0f2c89e1-1c22-4add-af3e-a7d9982de167,4,1,0.2782117891719114,0.467935337552094
0b26e180-567c-42bc-ae6f-84c8c2f9086b,2025,2025-03-11,14a1f904-5f97-4e98-885e-5d6c4f102ea6,85708ae1-7d66-437a-9d70-bcb680bdfa86,13,1,10.594645815573845,0.841961358032704
11c74485-0ba5-4011-ab63-87acd7b2365a,2025,2025-03-11,f3afec86-2594-4158-97d1-aaac68833b8c,2c1fdbd4-c0c7-4750-b829-f7a6b7bc5710,-3,0,3.476950753397133,0.6829999102645492
11fd9539-916f-43d4-aa5d-ae1b0f0d2793,2025,2025-03-11,d6a348c1-3237-43da-8690-d309d586a66e,593820ae-e46e-43a0-a5b3-904904eb9cef,14,1,-0.2910408142188274,0.49039475284010103
246671ab-07a9-4f9e-a73f-a66a5dfe8c13,2025,2025-03-11,17dd690c-8f33-4c2e-94ef-326bf0628517,326d518f-eb6a-47aa-9739-13bc340a9a3c,3,1,4.364222330821518,0.6819560634119958
26d03b43-310b-402c-9c2e-f3216dd67bb8,2025,2025-03-11,02ee8976-6844-4a27-9f72-aca9acf8f5d0,241f50fd-2121-4b74-abd9-2ddb98d74a2e,19,1,11.864404702979277,0.93297974638166
4a4d45f9-14cc-4728-b5fa-43e2966d1498,2025,2025-03-11,43624e99-f362-48c4-b203-9af174b24be3,ab5be1d8-ac8b-4c5c-8e26-320585a8bdef,1,1,-2.6911267206226643,0.37887498340720277
4a4fe3d1-4cf1-4c40-a6b9-0acc0fe1092b,2025,2025-03-11,f1e9470d-a3c7-4ef1-8583-6bb917490ac3,307416ce-030c-4156-8d62-1e2632e9e26c,-7,0,-1.8309616930383592,0.39742642638433934
4c4b11a4-374e-4e47-ac00-644d83e8c2b7,2025,2025-03-11,b04e184a-6805-475b-95bd-7e19d2fe95c9,fb109583-87bb-40c1-a02d-7d40bcd7c52a,13,1,6.509385762136023,0.7548128956436683
583c1c67-9839-4dbc-b9dc-c0a114203e1f,2025,2025-03-11,be9af39b-8a19-4b9d-89a3-bc6dd35defa3,bbd86984-093a-4854-845d-01d65716f8fa,27,1,7.6270846591040105,0.8323866367344199
5d56bd8b-d348-48f2-83e3-bec77f66ccee,2025,2025-03-11,185c12ee-a2a7-4588-84f2-4b4b270a75a6,6f9a1a81-2dbf-490a-ba3c-8f8fadddd9d4,23,1,5.420300612407773,0.6487436352358439
669155c1-1d1c-4db9-92b2-eda75b2c3797,2025,2025-03-11,62d54283-52d6-4daf-901e-b6ae1bdf29c0,144de2cb-963b-480b-84b4-10b39d4562ef,-4,0,2.733897655916541,0.6460787401846856
804f8883-4ad8-4904-87fa-858b1905068e,2025,2025-03-11,b704622d-2904-4237-b9a0-a9865096fefd,e1c5e9f4-197f-4a7b-b871-bdf72ca0cf3a,-15,0,0.9110982656740972,0.5087073011900984
81562867-b5f8-48a9-b4a1-8865adb45a02,2025,2025-03-11,a67d2a73-fb71-42b8-97b7-9b72a49efc06,8a391aff-89a4-4586-9d57-71299178703c,5,1,6.271609688267758,0.7452515771198824
84c96880-7e68-4f72-abc6-4007b87d1dd9,2025,2025-03-11,829dbc21-e757-475c-ab7a-2a3172ec0683,ba18e6aa-cbe6-493b-b91d-b0c8d4e8b0fa,-3,0,10.222244026013136,0.8987093226757905
8723046b-8f68-4f58-9f7e-fdb40af24ebf,2025,2025-03-11,2fa161f0-e26c-49a0-8eb0-b2810c4d4845,cabaff64-a388-4861-9374-977555d19efb,-9,0,-4.5301039175879,0.3509170224867282
94b5da8f-4788-44d7-82bf-6a8d659e667b,2025,2025-03-11,fa6de946-411a-41ad-8bfa-6526c949108c,02073ad7-1bb6-47dd-a1fb-fae5e0bc2ed7,11,1,6.71272186991519,0.7785879478548042
96d8e1d4-ca49-4a5d-b0e6-27b1ec3886ed,2025,2025-03-11,4319d016-ec3c-434b-9398-c88b1bfab01e,7cf9cb31-3bfd-486a-90fa-8fa6f3bb44a1,17,1,6.982658685744884,0.7791523315276081
a5d96867-634a-4f8f-9fb9-dbc8c5951ee6,2025,2025-03-11,dc7ff97c-c617-4dcd-89fe-5e702fd03890,9f7dac5e-38e1-4e63-9e50-e6b0d822fddf,9,1,4.844516577126778,0.651287835370528
aafe789a-659f-4039-b194-63821f23f108,2025,2025-03-11,c75216c6-4563-402a-b8d6-b8434793ea38,08e7a657-2b9a-4055-beee-621379cea4b7,-19,0,-7.032271244097707,0.21103818715422556
b58fda8e-c29e-4073-8b76-5f8f9f9a70ed,2025,2025-03-11,0f0ea376-1ea4-4b1f-9a4f-e7301a0318a4,05005d1e-02c0-46c0-8b4d-19dc825698c0,-15,0,2.2517917846000297,0.5668014558627922
bfd6ed7c-ea6e-4e08-b5aa-02329383e5a3,2025,2025-03-11,a564f5c9-0e8d-44c8-a75d-b3b355370dbf,a870c009-c0ca-48e9-a456-1ea2b2b779ef,4,1,7.822995543439853,0.8049399155788686
cba86e73-fe6f-4d84-b528-c819b216a01c,2025,2025-03-11,6cd07c06-66e5-421d-a8d3-84cd9833bce3,cc0e2cc0-da4b-4021-8739-c0e7e235467b,2,1,-2.9501491013583783,0.41409319603109573
d196d5ac-be1b-4ddb-a637-d71dcfc2f2be,2025,2025-03-11,31a68979-4cbf-4e59-be9e-82043f581ff6,ddb253d9-6526-4c32-a7a2-4462d6abe45c,-2,0,0.11711622442784483,0.5334096640607235
e99df548-3c66-4774-b2b4-a39f2f15ac06,2025,2025-03-11,64975048-1db2-4ded-ad28-05b8d8aa9c66,dd8a7533-5e77-4aee-99d0-4c56a7ff74a7,-7,0,-6.072095952749751,0.23342452834096944
01f74400-5807-442a-acbd-91ba57dc64eb,2025,2025-03-12,19313cd7-ad44-47d9-a9ef-b9e0c7238466,d894373b-dca9-4d1f-a9c9-a123f8c1b600,23,1,11.340643490333314,0.8868383899365869
08500b28-0ae6-4d8b-97ba-e3296b7ee471,2025,2025-03-12,33efd80d-8446-4d83-97fc-e864b132a0c8,be595032-d4ed-4bea-95de-22a18feb02c7,-8,0,-0.34425569268382666,0.5085443837563212
0d058247-c79a-4c7f-81f8-c1b5b0f1c6b0,2025,2025-03-12,a6dd499a-eb6b-4f8e-9094-d8eb96b3547a,4319d016-ec3c-434b-9398-c88b1bfab01e,-3,0,7.400905038418973,0.6993022724333086
108a4e43-cc94-434a-a317-278d5afdcfc6,2025,2025-03-12,a00214a0-9c1b-4018-a085-500dbd55fb17,7c82650d-eccf-476a-b85d-69a73b6b7f8b,15,1,15.37923344820756,0.959440361810584
181f9d0f-ad63-4d2a-bd4f-2c2a95792c38,2025,2025-03-12,6b776d4e-7c15-4c08-b195-ddf7052c762c,40960630-05f9-471c-b4a6-0eea2cb6345d,-7,0,3.122503923601901,0.6542109727538353
2885adb7-68a3-4504-987d-fbaea44fc2dd,2025,2025-03-12,81ce1538-893e-4f62-9812-5468866f484e,2c1fdbd4-c0c7-4750-b829-f7a6b7bc5710,9,1,8.614247815613428,0.7608598291845134
2b6f7d0a-0541-4777-bfe2-ef3ca63b112d,2025,2025-03-12,be9af39b-8a19-4b9d-89a3-bc6dd35defa3,185c12ee-a2a7-4588-84f2-4b4b270a75a6,-8,0,6.016892265799504,0.7051600681063954
4469733b-a884-4a0b-9dda-e07112260b7d,2025,2025-03-12,8860a6b6-e60d-437e-afc3-b42e8cab8d79,2e0b49d9-a257-42a3-955c-b0b0af5a12db,5,1,18.346613120051973,0.9850986591700062
47e21f76-ee8c-4dfa-a068-2b7ea73d42f4,2025,2025-03-12,ac42cc2e-26ce-4ace-8d1f-28d21a1c77b2,a5ebc512-a148-4140-b60c-147132b3097c,-8,0,-1.9644488646524099,0.3797864887467719
52c66896-f606-44c5-a7a6-f44e90f7c410,2025,2025-03-12,c91670da-50fe-4e29-9e0d-e0a2d01897cf,a67d2a73-fb71-42b8-97b7-9b72a49efc06,14,1,4.8918495777527164,0.7029891173459396
5310017d-2c27-40c5-807c-e44e2f205142,2025,2025-03-12,d756733f-2d8f-4ed6-8b7f-dc7804a270af,cabaff64-a388-4861-9374-977555d19efb,5,1,4.99882782057373,0.7208322661665266
58a0b00b-32ca-4d3b-874b-46245b75dd3c,2025,2025-03-12,52aab06d-922e-4906-9dc7-3c0fe7d3e2c2,b04e184a-6805-475b-95bd-7e19d2fe95c9,4,1,3.6254643629378207,0.728173607817043
5dbe9991-f626-4e4f-8e82-2918b0632224,2025,2025-03-12,5f1bdada-9e34-442e-b575-0b6a9114f1ae,851d8a88-2edc-45bf-b180-7b6c1744f5fe,-4,0,3.7243929706490744,0.6663744625760373
60f9ae41-1a0d-4345-9f7c-251ccb1d0ff5,2025,2025-03-12,eb7098ac-5154-42da-b703-d3b3958b198c,43624e99-f362-48c4-b203-9af174b24be3,20,1,9.72099817822365,0.834458545446421
631d95fb-7fc0-480a-b502-9d4d6cb44986,2025,2025-03-12,bb02a3be-6beb-4745-b200-3a49f5224f0e,2389c341-a290-43f4-b0e8-08ee6a15c14c,-10,0,-7.32957593667488,0.23349764431339806
67f2d4dc-b4ad-4dfe-a484-51b15d158646,2025,2025-03-12,6f7ff858-33b4-4d3b-b960-8a750dbe33a1,5ea1ef3c-5f24-4989-854e-a24a9e31ac74,5,1,0.9225310470363699,0.4776360507975892
71d64996-7886-4a84-a20c-59e6535d5271,2025,2025-03-12,07b4923a-16cd-4490-8ae5-d61599212ab1,f8ed9667-67c8-4fc7-a946-d81c4cbe8fed,12,1,12.516665223769897,0.9751546974213603
7d2dd4d7-f485-4e7f-9426-7b8b10b19a07,2025,2025-03-12,3027d417-64d5-4892-a6c3-c77edfaff436,05005d1e-02c0-46c0-8b4d-19dc825698c0,4,1,10.748360607524148,0.8377659533158753
8fa94cd2-c758-49f5-be3e-4beb32699c59,2025,2025-03-12,d9fdf72a-562e-4e19-ba2f-faa3de20ace5,ddb253d9-6526-4c32-a7a2-4462d6abe45c,-7,0,3.8430871002896954,0.7417304404960661
97310865-ba9d-4cf1-8431-0889a01343a0,2025,2025-03-12,f2fcffd8-915c-4fdb-a632-8b5b621bc999,08e7a657-2b9a-4055-beee-621379cea4b7,20,1,7.871113221470859,0.815867032276415
9bcd5731-20da-4809-b636-d882adaa5c8d,2025,2025-03-12,d8e2daca-6b8a-4f31-93d4-8cf6dd93fda7,daea7f8b-7386-4fa6-8921-870a3e848b4a,22,1,6.3892564229826565,0.7412880633266081
a3a6ae07-6595-4f2c-ae06-ce17e875542f,2025,2025-03-12,50ac73d5-f2f3-4160-add7-d0993eec32cf,7a78a9a6-0d5b-4fae-8fb4-98bc816ed903,9,1,7.021683166696626,0.8768122275892323
a653351e-8c27-426a-b563-0afe34aa236e,2025,2025-03-12,62c787d1-5e5d-4e44-b6e8-1c208f874eba,0eb90dc3-2a1e-43d8-80ac-bab6d917f78a,-6,0,-2.832703345390234,0.38652479573034465
b5040f66-3438-437d-af13-9f62b6d2929e,2025,2025-03-12,c6cabd85-4834-4f62-94ab-57143286b512,2de57d84-8b9d-4def-9a66-315270ea5d18,-6,0,3.840239893971481,0.7246574801377976
c1544af2-018b-4097-a371-1784e37e2e89,2025,2025-03-12,17eb5319-07ae-4f0e-b1d2-8e828b07ed79,dc7ff97c-c617-4dcd-89fe-5e702fd03890,15,1,8.215525650883658,0.8393441844187376
c5f90945-84ff-4b43-aec0-7c3d3e4e3d4b,2025,2025-03-12,f9a35e93-6a9b-427a-8901-d74cf3f23676,27bf19a7-be0b-4fa0-8dac-8d9b7df5f363,-7,0,5.066277276223238,0.681119714708201
c92421df-4f8d-4f22-bbd4-b7c929025fd9,2025,2025-03-12,195318b0-fa80-45e8-96b2-e83346e70a64,d6a348c1-3237-43da-8690-d309d586a66e,21,1,9.229674090469814,0.8695733838880894
cf7a8dfd-fe31-43ac-9442-2fb47f48ca31,2025,2025-03-12,de50cb63-b08e-4760-ad25-62eceb6c4120,9ba0c75f-bad2-428f-9038-d695c2385098,5,1,9.186649600640685,0.874058863164955
d182f788-ef59-49fb-bdac-7d3aaf45ac57,2025,2025-03-12,b21fc872-90f0-43b9-a07f-97e7531c8898,63da3cbd-f74e-4ba0-8273-8bca25a54f73,6,1,-0.8316232733035822,0.4864495097251172
db57f0ab-8908-4946-b54b-1ebe3239f165,2025,2025-03-12,c90512ea-4ed0-469e-a936-7935ade0caf0,307416ce-030c-4156-8d62-1e2632e9e26c,17,1,11.925268762578877,0.9285939289863997
e02dbfaf-856a-4b63-9dd1-1605a3fc93de,2025,2025-03-12,47b99bcc-2f9a-41d7-8d7c-3f9e93809210,628efcd7-4ae6-4bba-9542-11e108d22d8d,4,1,8.639159083466444,0.8015989144082135
e9e64e4d-8cc1-4e29-a9e3-72298ba856e1,2025,2025-03-12,d915e7c4-a333-4d6f-9c21-5904d58e75bd,66244ae3-7fd6-49a7-9304-4ae41bea9ab3,-7,0,1.690975885893955,0.6129843427660918
ee917745-432b-4e06-b483-8e4b9dac5c5e,2025,2025-03-12,02ee8976-6844-4a27-9f72-aca9acf8f5d0,17dd690c-8f33-4c2e-94ef-326bf0628517,9,1,11.545020669034448,0.9048000333986008
eec190e4-e17d-4297-b3df-6936022a647f,2025,2025-03-12,42a1b5ec-9263-4e7a-8f55-df64f85505e6,d1dca835-9ba3-4f00-89e0-533fcfd2b27f,-3,0,5.863158620165634,0.7445165945450064
f456f334-a8d7-4430-99e6-7ce58c825797,2025,2025-03-12,1f8df44b-d154-4a8f-8c48-32b36db0cd06,d75e1814-b8c9-4246-b06c-afe60d661528,-17,0,4.2583452800884585,0.6536822525895598
f9e7a9b8-c2cc-41b4-a0be-a1884697e011,2025,2025-03-12,76eb53c2-0367-4d59-b619-799a7aea658b,41ff62eb-8cb9-4e63-9c2f-50989d3e65c1,29,1,9.746746429437739,0.8719241261081048
01cb72d5-1ed1-4907-a15a-4418e721d299,2025,2025-03-13,a7fd1d4d-445e-4899-9731-00f7bff74284,983c0982-0fb8-45e4-829e-306cf787ba2e,5,1,3.2378537774068215,0.6207988148031185
08af22d4-037a-4d9a-a5f8-f932bef2a1aa,2025,2025-03-13,c4972de1-bfaa-4820-893c-10adf1095f0a,dbd1798b-2cf1-49c5-9f33-caefec39594e,-5,0,-2.010841528931668,0.5271846260693533
090a13a2-8d35-448a-b8cc-ecc123bb69d8,2025,2025-03-13,9123b907-3559-421d-be7d-7e238eb0c266,821de2da-b464-49f2-aeb1-293e7aedd6de,29,1,4.923291732994345,0.68615005840941
0a8ba65c-c311-4394-bf9b-83c168878d9e,2025,2025-03-13,ff2fa864-282d-4503-9a88-8c10619b0e3d,d75e1814-b8c9-4246-b06c-afe60d661528,7,1,7.190044151566537,0.8219577873553174
0be22ab1-3c65-4140-95d1-6ddcbfb6dce9,2025,2025-03-13,7f0a740b-2a56-4bec-87c8-7bf2baf05d58,2de57d84-8b9d-4def-9a66-315270ea5d18,1,1,9.944362723634727,0.8528232660634683
0e3a1de7-9de5-44fe-aec6-b60857c2bf98,2025,2025-03-13,bf7cd127-c979-4181-8f7b-356415e2c15a,24cced85-1369-4dbe-8abf-92fb8d456618,7,1,8.828701488089504,0.8844968758506536
0fe8312e-8cbc-47c4-b8fa-552b7aa920e6,2025,2025-03-13,1799ef2d-85d7-4ba9-8048-33b1956ab3db,66244ae3-7fd6-49a7-9304-4ae41bea9ab3,5,1,9.805998690939877,0.903890223920021
10bf85d8-7dbf-45fb-b0f0-eebc41433032,2025,2025-03-13,5c6768d4-83c5-4e23-aafc-55ac70126454,d1dca835-9ba3-4f00-89e0-533fcfd2b27f,5,1,7.725008231600169,0.7888042381994114
110abb71-5453-4c86-b952-f7a7675b5d1b,2025,2025-03-13,6dcee41c-8ef7-4afd-aa5e-6e7fa77886e0,ddb253d9-6526-4c32-a7a2-4462d6abe45c,9,1,21.422072332592666,0.9871392210523672
1c658791-7984-4ac1-a769-05ad12fa3beb,2025,2025-03-13,f9261c55-02c0-49db-9993-f5d64a97b21e,07b4923a-16cd-4490-8ae5-d61599212ab1,17,1,4.929686541113499,0.730271738207682
240f5ba3-da4e-46cb-977a-0cb92e82962d,2025,2025-03-13,cc4cdd9c-0563-41d0-bbb7-29b825db8e55,0eb90dc3-2a1e-43d8-80ac-bab6d917f78a,21,1,15.136494690798063,0.9465400807581515
407a6e91-8a86-49a4-832b-63f6afb59a93,2025,2025-03-13,c9942b49-0bf7-4dda-bc78-bf2e3b174055,2389c341-a290-43f4-b0e8-08ee6a15c14c,-13,0,-6.078733751270551,0.31288732113899215
416850f2-f4c2-499a-8b4a-5bc68c23691d,2025,2025-03-13,8e9b7d4d-1baa-4d3d-bb10-8950f4133b30,d65f3ef9-cd07-4472-b901-9b3ba2b35764,4,1,9.63321527523265,0.9048628017060628
4e9234a8-f4a0-4414-b9ef-fa72749f6623,2025,2025-03-13,3be5fa30-2fd3-4af3-bfc0-39db2dcb523e,7d5a75d9-3168-47d2-92b5-e680e056b479,-4,0,5.091317234008638,0.7620708246395471
4eb271a8-d29c-4d67-a241-a7ff39d3a651,2025,2025-03-13,c7345766-a5fd-40e1-9757-26d62af0b9af,db5b4ba8-4030-4125-845c-337b3ed300b4,-2,0,-2.980013277452612,0.35651487664276416
529bfabc-3bb2-4b3a-9600-6fc49fa49951,2025,2025-03-13,8fdfa7ed-88da-45ac-9520-9a9e9fbe2586,eb7098ac-5154-42da-b703-d3b3958b198c,-9,0,-8.116516801564421,0.179357088093424
551ea9c7-20d1-411a-8aa4-49862ec06e3e,2025,2025-03-13,2fe58a98-ca14-421d-83f6-aac80bab3780,e6431705-05f1-4df2-9721-8369a3a493dd,-2,0,-0.4462343330465658,0.5390246180037548
56865a28-d971-41b5-abbb-1d90c7e251fa,2025,2025-03-13,46f85354-63b8-4744-8b13-341ea0a30c2a,7e01ae0c-d2c7-4d9c-beea-2da953b4c037,-10,0,-5.955095363033054,0.25926038891978115
6ecfabfa-b906-4f77-9607-f397f86c7f43,2025,2025-03-13,1835c2ee-1e17-4d18-9ab8-a1bb3678b947,3ed32cdb-d2a0-473e-9db0-fd63aaf9013b,6,1,7.07547774485931,0.7889342988947514
70beaba2-8db8-4629-a9cb-e8d949e48e1a,2025,2025-03-13,325d11bf-595b-429a-8342-97fe68b1a3cc,375d7498-7795-4ff1-bcf0-e13cdaccd9e5,5,1,-3.467404834747713,0.3471106857801676
71d7ccf3-9c9f-415e-85cb-4898f50d7498,2025,2025-03-13,48dab38d-2a0b-4201-94d9-c6ffaf736974,b21fc872-90f0-43b9-a07f-97e7531c8898,8,1,24.20853613268121,0.9885908782172329
782c825f-4b4f-4995-bb59-81aa87bc7f69,2025,2025-03-13,ba8ae2ef-827b-47e0-bcec-bf76fe44e37b,d756733f-2d8f-4ed6-8b7f-dc7804a270af,2,1,8.826028278204394,0.7854570598827295
7ea3a8ea-7a6e-4a00-b1c0-0ddef5d3dd4f,2025,2025-03-13,b6c7c93e-bdd7-4df7-b73a-c1fbe953199d,27bf19a7-be0b-4fa0-8dac-8d9b7df5f363,12,1,9.803495310214798,0.888890230572409
848e7472-0a41-4ec3-aa47-793f7f34d304,2025,2025-03-13,75d1bc49-ce2b-4e7f-82f2-26e690f29375,851d8a88-2edc-45bf-b180-7b6c1744f5fe,4,1,12.358880794052773,0.9245182413926025
877f68d1-696f-47ca-97d0-7a902981208f,2025,2025-03-13,a79a95b3-2101-4649-8f36-782b24edba79,6578af6a-edd4-4185-82fc-cdb933362d97,-6,0,-5.979249538454127,0.38960484005811513
88a787c9-50c8-43a1-b493-8cc7af078a55,2025,2025-03-13,935d92c1-aca9-4b21-9e0d-b6c396fb067c,06f12e7c-35a4-46e1-a2ed-0cacb16f9b68,5,1,5.570554746157932,0.7051565353789618
8c291dd9-9ced-43c1-ae2d-ea0e6c64aa46,2025,2025-03-13,9007c268-37e0-4ab1-ac60-f9cdcb3a7a8f,4f9d3323-4211-41f2-8211-76b7efd6246f,2,1,-0.7957925776659213,0.4324468226829535
915e60dc-ce45-447f-bb7d-07338d02ac3f,2025,2025-03-13,f829b41d-4185-4fb9-98e0-bd7bd9b6bd7d,a5ebc512-a148-4140-b60c-147132b3097c,7,1,12.081150928937639,0.8943039105754272
95a6ea15-4ffc-4846-a6db-11c452c32139,2025,2025-03-13,9df3af06-d207-48e8-a010-41797b070072,be595032-d4ed-4bea-95de-22a18feb02c7,5,1,9.853643183446716,0.84702836907353
9e0ae340-6c19-49ac-b3ed-f99e149269e1,2025,2025-03-13,f239ac13-f7a1-4acf-90a5-3cf4c6fd3355,3027d417-64d5-4892-a6c3-c77edfaff436,11,1,3.007516541153727,0.6534317359446328
9e683c3b-0112-4bf4-bee9-e22b05e05790,2025,2025-03-13,17e47b02-02b2-4bbb-a838-a4695fbc099b,2a57c531-b461-42be-bbd4-b080f188a160,13,1,4.584539235758475,0.7601268457870637
a8e6bf7e-1b9f-4c34-b038-8f5ddac37541,2025,2025-03-13,0562b0a8-dbba-404d-9aa5-930ebe50c9b3,40960630-05f9-471c-b4a6-0eea2cb6345d,-5,0,5.730586069455391,0.7527299414456615
ac1e181e-d148-49b4-ba89-e8a7e196a465,2025,2025-03-13,42833efc-4047-4751-b5dd-8f5c6d05e355,f2fcffd8-915c-4fdb-a632-8b5b621bc999,4,1,-4.371730303030746,0.3954255602346076
b04d05cd-ae6f-421a-a72d-0d96f2a6a3e2,2025,2025-03-13,f63b8169-081a-49c5-8b53-2f7b3e524fb8,6f7ff858-33b4-4d3b-b960-8a750dbe33a1,11,1,14.234569900200986,0.937084161205802
b06e8d7a-0cdd-4953-83bc-2449aa062e90,2025,2025-03-13,0420bfac-8b45-41ad-b228-89893a037d4a,50ac73d5-f2f3-4160-add7-d0993eec32cf,12,1,9.343870254536455,0.9000100337353633
cbb16ef7-947a-4acc-be2a-5f430c5d837b,2025,2025-03-13,e383167f-2c53-465a-b2fe-0d6bd7c69b27,b9840fe4-f776-405a-8b8d-3c388de0792b,-4,0,5.8509288728381845,0.6591851363171697
cdb54a67-ec1f-4e09-8f19-ce18d4618c70,2025,2025-03-13,3c9cd500-c6f0-4eca-b722-405eefd74003,47b99bcc-2f9a-41d7-8d7c-3f9e93809210,8,1,1.4689390966960563,0.6165649094824461
d2427e19-cd07-4e91-bdf7-6b0f67904063,2025,2025-03-13,641dc594-03c5-4ae6-8564-0ccb3c8edc77,76eb53c2-0367-4d59-b619-799a7aea658b,12,1,7.477989293605263,0.7420200399378715
d88a2469-cef5-4bf6-9dbe-154bc072b9a1,2025,2025-03-13,8deb21ba-48b8-491c-89ab-0b360062d211,fcb7d38a-6efc-47b3-b7af-3dd5ea07e8e5,3,1,-5.382796540038015,0.3435670534519914
deb84c74-65c9-4759-9035-9ab578e9e820,2025,2025-03-13,f02fe504-2b2e-4ed7-b9c5-4c7e6e224682,de50cb63-b08e-4760-ad25-62eceb6c4120,-6,0,-3.308161237404397,0.41425767802978797
e486734f-813f-451e-8997-4e55386f36ec,2025,2025-03-13,571d2904-70d9-4de6-abfb-1d716ba43f0b,6ba99b19-8a61-49da-9325-3e04939d3d5f,5,1,5.426923878904447,0.6995449249296533
ec8dbfd4-6e31-4027-9f35-fea32019e635,2025,2025-03-13,c4101885-e600-4596-80ff-bc637c56221d,a00214a0-9c1b-4018-a085-500dbd55fb17,8,1,7.157155960367892,0.8013308845633529
ed32b717-ef1d-49c2-9795-d5398725efd7,2025,2025-03-13,02361e70-3d89-4b56-8d25-73ea2ee389ef,c91670da-50fe-4e29-9e0d-e0a2d01897cf,2,1,6.566338791129609,0.7633740610519647
fd48a1af-b324-4f15-af2c-5cee2fa2e3f8,2025,2025-03-13,5896c71f-aaee-4983-9da1-2e953c561786,ad36d475-e577-4c2f-b8db-b2d47d1fab15,12,1,4.87870490994736,0.7175949126603901
fdd356fd-a0e2-45eb-aaeb-dcb909fe331f,2025,2025-03-13,ae911605-551a-46eb-aef9-06f9a60479c9,79c6b473-0e11-4c2b-aa4c-8523cc9afa48,9,1,4.072338301730875,0.6704361482998387
0cdbab40-0037-4cb0-bd4a-645fab0f5154,2025,2025-03-14,17eb5319-07ae-4f0e-b1d2-8e828b07ed79,ae911605-551a-46eb-aef9-06f9a60479c9,21,1,1.3697122504239243,0.5784723160964153
1476a305-3ecd-4ab3-b7e1-76849cef9a96,2025,2025-03-14,19313cd7-ad44-47d9-a9ef-b9e0c7238466,8e9b7d4d-1baa-4d3d-bb10-8950f4133b30,9,1,4.19710073798124,0.6354444990703917
18d562df-2942-464c-9109-f2f854192744,2025,2025-03-14,69293aea-705f-44e4-81db-36e52bcb1813,ff2fa864-282d-4503-9a88-8c10619b0e3d,15,1,5.994819814621825,0.7603397236052203
1efafe8a-74d0-4a9e-ade9-3961004815a6,2025,2025-03-14,7732f0ad-152b-481b-be13-de99facad3ed,de50cb63-b08e-4760-ad25-62eceb6c4120,18,1,9.623007759318766,0.8710826409540077
2387a803-2415-484f-a0a3-2da07f2c1c1a,2025,2025-03-14,a2a4c8c1-e611-4717-92f2-fccc9217a883,935d92c1-aca9-4b21-9e0d-b6c396fb067c,17,1,11.749364427381495,0.8877075498605149
272e0244-20ff-42a4-b37a-23223db4aa50,2025,2025-03-14,dbd1798b-2cf1-49c5-9f33-caefec39594e,4319d016-ec3c-434b-9398-c88b1bfab01e,2,1,4.4831015154552905,0.6558532241928047
36b0302e-0b0a-431b-9cc4-1c301d673dea,2025,2025-03-14,f63b8169-081a-49c5-8b53-2f7b3e524fb8,7e01ae0c-d2c7-4d9c-beea-2da953b4c037,-3,0,0.04547859278567435,0.5096952153701212
36cc4021-326a-4811-a755-a6ce9baf5323,2025,2025-03-14,ba8ae2ef-827b-47e0-bcec-bf76fe44e37b,78926156-3797-4ad3-aa39-fff13a311d02,3,1,-3.748711182302805,0.3997265158488211
3713425b-a585-438e-8adb-00f7e19ed07a,2025,2025-03-14,81ce1538-893e-4f62-9812-5468866f484e,9007c268-37e0-4ab1-ac60-f9cdcb3a7a8f,2,1,-1.0228939106464452,0.43104596770171505
39a4e78d-ad0e-4f03-b882-1b10ce2b7066,2025,2025-03-14,1835c2ee-1e17-4d18-9ab8-a1bb3678b947,bf7cd127-c979-4181-8f7b-356415e2c15a,8,1,-3.1588210168779707,0.37132258102100374
429420af-5b3b-4a31-9cbc-447ed3537b94,2025,2025-03-14,5a320db8-a83e-4f46-9418-25176d12a65f,641dc594-03c5-4ae6-8564-0ccb3c8edc77,14,1,7.317258320770206,0.7865745860521723
4cefae4a-977a-4e4c-8485-2a2d81490ffd,2025,2025-03-14,eb0507e2-4c2c-4860-ba0c-7a0a815425fe,7d5a75d9-3168-47d2-92b5-e680e056b479,18,1,10.706074532501603,0.9144864556717393
4f9c63d6-6883-482c-ac6d-c81c90400cba,2025,2025-03-14,9123b907-3559-421d-be7d-7e238eb0c266,325d11bf-595b-429a-8342-97fe68b1a3cc,10,1,4.4908800420766894,0.6310253371235125
5ad1dde5-75f8-4531-a0b1-dd29f83740dc,2025,2025-03-14,48dab38d-2a0b-4201-94d9-c6ffaf736974,eb7098ac-5154-42da-b703-d3b3958b198c,3,1,7.687951104886518,0.8280302502953966
5b31b6c7-f16c-4ff4-9997-02284be56202,2025,2025-03-14,4b6cd009-754d-44ee-9433-124bad801b02,5c6768d4-83c5-4e23-aafc-55ac70126454,7,1,-1.5163850754634196,0.44306324626757865
656b1f4d-85d6-47e4-8e64-bac0c486a5a9,2025,2025-03-14,351b4e0d-ecfa-4f26-963a-5d1e8b281052,0b297e0e-e039-449d-b07f-f8e1ae96e3db,5,1,9.641512671345627,0.7793937716805722
68328b55-1b6f-4489-bd76-ed205cd09ae2,2025,2025-03-14,cd6bef67-d192-4740-b7be-731c52686c54,1799ef2d-85d7-4ba9-8048-33b1956ab3db,-5,0,-0.21273245008941874,0.5507807207041494
85bb835c-fccd-4540-8012-3b3bc1f6d722,2025,2025-03-14,6dcee41c-8ef7-4afd-aa5e-6e7fa77886e0,42833efc-4047-4751-b5dd-8f5c6d05e355,20,1,10.08269484616324,0.9193095582852944
8a7f836d-2721-4c15-9b9c-a391fabf1a4c,2025,2025-03-14,02361e70-3d89-4b56-8d25-73ea2ee389ef,f239ac13-f7a1-4acf-90a5-3cf4c6fd3355,-6,0,-3.497469187841732,0.4448631380886088
8a945678-bda8-480a-b962-8178d938be0a,2025,2025-03-14,c4101885-e600-4596-80ff-bc637c56221d,0420bfac-8b45-41ad-b228-89893a037d4a,11,1,2.589592734729675,0.5931271221248349
8dcd4b75-fbff-473e-a976-6b9cf30848b3,2025,2025-03-14,397b5601-d70b-43a8-b259-1a752c68bb1f,7f0a740b-2a56-4bec-87c8-7bf2baf05d58,29,1,-0.9570434026664014,0.6355154878218379
970d4502-03a5-4edf-8db7-97ad3c971bc4,2025,2025-03-14,8860a6b6-e60d-437e-afc3-b42e8cab8d79,e6431705-05f1-4df2-9721-8369a3a493dd,21,1,11.277671551649686,0.9051522658894782
998bc6d8-35b0-45e2-983f-88a93723d1ba,2025,2025-03-14,f4598131-de83-4e8d-b7cf-dc008ccca8aa,2389c341-a290-43f4-b0e8-08ee6a15c14c,18,1,7.336939517408503,0.8307355027063134
9b8ae74b-a59c-49e5-a9c3-db1d62a6cf69,2025,2025-03-14,8d515064-54c5-4eeb-a095-ad7ac6839d0c,b6c7c93e-bdd7-4df7-b73a-c1fbe953199d,23,1,3.200314764372457,0.6569765679242343
a0e85233-eed8-49f7-aa4d-c04980f6c118,2025,2025-03-14,e51388ec-8e0a-4c32-a70c-4890e3e61d3a,a7fd1d4d-445e-4899-9731-00f7bff74284,17,1,6.8345499555508615,0.752432975330775
a70c63dd-9d4c-4736-a362-4af54869b59d,2025,2025-03-14,31a5142f-21b1-4d3a-87fa-d39f7746b7a8,f829b41d-4185-4fb9-98e0-bd7bd9b6bd7d,-16,0,-1.499769728863973,0.4202095950046186
abebf237-c0bc-4d0b-bf4e-4774db55313e,2025,2025-03-14,c90512ea-4ed0-469e-a936-7935ade0caf0,6578af6a-edd4-4185-82fc-cdb933362d97,13,1,1.8992878836795066,0.5513337277241505
ae7c4559-1623-458e-ab3f-56f00e3059d3,2025,2025-03-14,de0352b5-4ae9-49af-a027-b0dc86a005da,571d2904-70d9-4de6-abfb-1d716ba43f0b,3,1,6.915779639935708,0.8142990226458792
b70239af-28c2-4da3-8a24-9f30fa8549eb,2025,2025-03-14,52aab06d-922e-4906-9dc7-3c0fe7d3e2c2,b9840fe4-f776-405a-8b8d-3c388de0792b,-2,0,7.496585326501139,0.8137724142949095
be388a62-6dc5-4872-82db-5a95e22232b5,2025,2025-03-14,14b85f13-07f7-4bd1-8f5f-32720dbe1c9e,3c9cd500-c6f0-4eca-b722-405eefd74003,8,1,2.3286282819914073,0.7012806812012027
c1fe7de6-3edd-4352-8dee-e9b7f233dd3b,2025,2025-03-14,6e056aa7-1906-4546-b6db-5910356fee72,9df3af06-d207-48e8-a010-41797b070072,18,1,-0.9079644612338688,0.480306153125158
defe21f0-b703-45fd-98a1-33a2f7b8f96a,2025,2025-03-14,a1594c03-e784-493e-8435-66f585997595,17e47b02-02b2-4bbb-a838-a4695fbc099b,10,1,4.602018577818976,0.6579737874885397
e42332c8-94bf-4e25-81c7-39250f8df665,2025,2025-03-14,cc4cdd9c-0563-41d0-bbb7-29b825db8e55,db5b4ba8-4030-4125-845c-337b3ed300b4,16,1,5.156097401768305,0.7254119674732654
eccb464b-f91c-47a8-b036-bee05f6c33bf,2025,2025-03-14,195318b0-fa80-45e8-96b2-e83346e70a64,8deb21ba-48b8-491c-89ab-0b360062d211,2,1,10.717216818592732,0.86126975940881
edaa0718-50a0-4549-8f7e-12f277490153,2025,2025-03-14,ba87013c-8cb8-41eb-95fb-16991c536506,40960630-05f9-471c-b4a6-0eea2cb6345d,11,1,9.783755837725943,0.8840526971520026
fd7f255d-6c93-41e9-b59f-f3f4b997bab2,2025,2025-03-14,75d1bc49-ce2b-4e7f-82f2-26e690f29375,f9261c55-02c0-49db-9993-f5d64a97b21e,9,1,0.19177391246365505,0.468967076232666
0fbe463e-94f4-40fd-8b06-a76f91474c11,2025,2025-03-15,69293aea-705f-44e4-81db-36e52bcb1813,1799ef2d-85d7-4ba9-8048-33b1956ab3db,10,1,0.485495649516367,0.5582302562900817
3e5c17de-8890-4fed-8037-a2e98c721033,2025,2025-03-15,17eb5319-07ae-4f0e-b1d2-8e828b07ed79,dbd1798b-2cf1-49c5-9f33-caefec39594e,-4,0,1.4920402038062608,0.6430179588115666
4296f594-c48e-4dbc-b69d-9eb28f89a32c,2025,2025-03-15,8d515064-54c5-4eeb-a095-ad7ac6839d0c,6e056aa7-1906-4546-b6db-5910356fee72,-1,0,5.124734582467926,0.7115836476160623
70f6a801-bc9b-4c56-b239-15ca29c63b98,2025,2025-03-15,5896c71f-aaee-4983-9da1-2e953c561786,b9840fe4-f776-405a-8b8d-3c388de0792b,-14,0,7.424656479179119,0.7830253820607469
7315f3b0-3c67-4ceb-b55d-e1c704f197c1,2025,2025-03-15,de0352b5-4ae9-49af-a027-b0dc86a005da,4b6cd009-754d-44ee-9433-124bad801b02,1,1,7.032105105619241,0.7350927659199957
8889e626-49d4-4dc8-b8ee-8a1ae36f8d47,2025,2025-03-15,351b4e0d-ecfa-4f26-963a-5d1e8b281052,ba87013c-8cb8-41eb-95fb-16991c536506,-5,0,5.153822627961336,0.6736739304942423
a5e5688f-8b99-448a-8e99-17757894b17e,2025,2025-03-15,c4101885-e600-4596-80ff-bc637c56221d,7e01ae0c-d2c7-4d9c-beea-2da953b4c037,13,1,-1.3494833604804497,0.431105235801033
b119484b-87a3-424a-9f54-35042f241a2c,2025,2025-03-15,a1594c03-e784-493e-8435-66f585997595,f829b41d-4185-4fb9-98e0-bd7bd9b6bd7d,-3,0,-0.9414819702748363,0.5400044781216217
b164e375-a0f9-4879-8cdb-1865bb1b4021,2025,2025-03-15,eb0507e2-4c2c-4860-ba0c-7a0a815425fe,e51388ec-8e0a-4c32-a70c-4890e3e61d3a,-10,0,3.146869631426622,0.6203895222371653
c57535c5-fbe4-4b59-b597-0ebd535339e7,2025,2025-03-15,195318b0-fa80-45e8-96b2-e83346e70a64,81ce1538-893e-4f62-9812-5468866f484e,12,1,8.909026959057291,0.8406541940636937
c744b213-d6b9-4b32-9925-8d6be19c13bf,2025,2025-03-15,c90512ea-4ed0-469e-a936-7935ade0caf0,19313cd7-ad44-47d9-a9ef-b9e0c7238466,-7,0,-3.039325312371098,0.3431145375716195
caf570cc-67ac-4fab-baab-50319785d281,2025,2025-03-15,7732f0ad-152b-481b-be13-de99facad3ed,f4598131-de83-4e8d-b7cf-dc008ccca8aa,14,1,0.7907676573105427,0.5105286023290757
cceed699-afa3-4c8b-a07d-07f0a32e8697,2025,2025-03-15,6dcee41c-8ef7-4afd-aa5e-6e7fa77886e0,f239ac13-f7a1-4acf-90a5-3cf4c6fd3355,8,1,11.539252209618837,0.8893177572677666
d010bdaa-752f-49d4-bc1a-b0ec566f8bf0,2025,2025-03-15,bc9cb402-a9b1-4644-acdd-ae7e0571be90,6a154b5a-b7dc-4299-86a1-c9ecd354b8c2,2,1,10.843993952191337,0.831684108428265
d2eaf6f7-aa9b-4557-af61-9f6f39e3cfc4,2025,2025-03-15,a2a4c8c1-e611-4717-92f2-fccc9217a883,14b85f13-07f7-4bd1-8f5f-32720dbe1c9e,7,1,9.814746154974845,0.8844196956389571
db3ad73d-3e4e-409f-ba62-23ced882052c,2025,2025-03-15,14a1f904-5f97-4e98-885e-5d6c4f102ea6,e1c5e9f4-197f-4a7b-b871-bdf72ca0cf3a,20,1,5.287890066354722,0.6688111962167779
dc3fc540-9d76-4de6-b5e0-b221d22e5a11,2025,2025-03-15,48dab38d-2a0b-4201-94d9-c6ffaf736974,ba8ae2ef-827b-47e0-bcec-bf76fe44e37b,11,1,9.48425045269297,0.8091857442562578
e9a8e730-c71d-4028-9ea7-363235d3bf9e,2025,2025-03-15,fa9fae48-c4f0-419f-97d7-5e2ba9d47858,91e8763b-21ee-4929-ab39-6a46d1d62e33,16,1,4.094790412735084,0.6887204426495972
f905e30b-375b-448f-8058-9b6ff1416bfb,2025,2025-03-15,5a320db8-a83e-4f46-9418-25176d12a65f,397b5601-d70b-43a8-b259-1a752c68bb1f,22,1,6.264107426592093,0.7777234333352633
fada6a26-afa2-4d24-8272-028f89c263c4,2025,2025-03-15,9123b907-3559-421d-be7d-7e238eb0c266,1835c2ee-1e17-4d18-9ab8-a1bb3678b947,2,1,-4.8486396409204335,0.3549322265314498
fc97c8e3-326e-4336-b5c6-643937cf3bdf,2025,2025-03-15,cc4cdd9c-0563-41d0-bbb7-29b825db8e55,75d1bc49-ce2b-4e7f-82f2-26e690f29375,16,1,7.6101999288387745,0.7692570618793035
2ebaabab-c573-4563-8c86-7737a9d5f7cd,2025,2025-03-16,de0352b5-4ae9-49af-a027-b0dc86a005da,e51388ec-8e0a-4c32-a70c-4890e3e61d3a,12,1,2.1751475972262853,0.6804003322492554
9cb35193-30a4-4386-bfba-4ce2b53452b8,2025,2025-03-16,5a320db8-a83e-4f46-9418-25176d12a65f,ba87013c-8cb8-41eb-95fb-16991c536506,9,1,6.793504717163983,0.7226737923155984
a19d680a-9694-4907-b9ad-b21c2dbe0a81,2025,2025-03-16,a2a4c8c1-e611-4717-92f2-fccc9217a883,69293aea-705f-44e4-81db-36e52bcb1813,5,1,8.740831473353538,0.8050571019914954
e2eb0379-91b0-4392-842e-d7f952269a31,2025,2025-03-16,6e056aa7-1906-4546-b6db-5910356fee72,f829b41d-4185-4fb9-98e0-bd7bd9b6bd7d,6,1,-4.054578036907418,0.4292106098020355
f8b4492b-fc44-4528-be3e-e94d1b7836de,2025,2025-03-16,bc9cb402-a9b1-4644-acdd-ae7e0571be90,fa9fae48-c4f0-419f-97d7-5e2ba9d47858,6,1,5.8964862543625856,0.7931031360072853
21fe19ed-cbc6-41a7-b03a-262368883407,2025,2025-03-18,dbd1798b-2cf1-49c5-9f33-caefec39594e,ba18e6aa-cbe6-493b-b91d-b0c8d4e8b0fa,2,1,3.632638827765089,0.6408313279174659
53cf8db6-8255-4405-9faf-1353b84f3e72,2025,2025-03-18,c75216c6-4563-402a-b8d6-b8434793ea38,571d2904-70d9-4de6-abfb-1d716ba43f0b,10,1,5.4849992581312925,0.7706026543893608
59eae207-9dca-424a-a7ae-e5273b1c86ac,2025,2025-03-18,9007c268-37e0-4ab1-ac60-f9cdcb3a7a8f,416d2dd1-15bd-48e9-82e6-9277c0ab829c,-6,0,3.414728420448643,0.6097310165816289
7b644a9c-f831-4f3f-8d28-e3850bf94470,2025,2025-03-18,67503cd7-a244-4820-afaa-485db8ea877a,3c9cd500-c6f0-4eca-b722-405eefd74003,25,1,7.220812888219784,0.7215853993654462
b5435ef2-af36-4f87-81ed-3659ed34ee6f,2025,2025-03-18,935d92c1-aca9-4b21-9e0d-b6c396fb067c,bf7cd127-c979-4181-8f7b-356415e2c15a,-19,0,3.188600819038414,0.70024176910132
b97e1b26-78e5-4490-971b-f260779da2ee,2025,2025-03-18,46f85354-63b8-4744-8b13-341ea0a30c2a,eb7098ac-5154-42da-b703-d3b3958b198c,-27,0,-6.006136159211294,0.2818794161219067
cb50fece-8e69-4395-816b-de1a8a4ad394,2025,2025-03-18,b21fc872-90f0-43b9-a07f-97e7531c8898,81ce1538-893e-4f62-9812-5468866f484e,-17,0,4.687322856292251,0.7079372989621882
d9504e9d-174d-4942-bcd3-5967cdb7e4bf,2025,2025-03-18,fa3cb393-e306-4365-b4c3-b3f62a5027d3,c9942b49-0bf7-4dda-bc78-bf2e3b174055,39,1,16.927788667981503,0.9366472950326376
da3e53a3-1512-4f66-a9b4-bb3e83a4a81f,2025,2025-03-18,d756733f-2d8f-4ed6-8b7f-dc7804a270af,f02fe504-2b2e-4ed7-b9c5-4c7e6e224682,17,1,10.719807444156842,0.8565120354156673
0176a7fb-f549-47ca-9722-b3ac9b759dcb,2025,2025-03-19,700f42bb-65b8-4e08-bfdf-8dba2e0bd260,6482154d-967c-4e24-af4e-6cdb9ef80e00,9,1,6.193870919358502,0.7492559393852396
0e14d156-94a0-415f-8cc4-ff4bc67102f9,2025,2025-03-19,78d97761-b499-435e-9097-b9d553f3ee67,c90512ea-4ed0-469e-a936-7935ade0caf0,9,1,2.673532911502985,0.715282088157359
2d5e3d01-4690-47e3-8ee2-5f3d72ba892c,2025,2025-03-19,f4598131-de83-4e8d-b7cf-dc008ccca8aa,be9af39b-8a19-4b9d-89a3-bc6dd35defa3,10,1,7.959600756725958,0.8041038287217371
35d2920b-6a18-4df0-8333-d18a8ae348ea,2025,2025-03-19,40960630-05f9-471c-b4a6-0eea2cb6345d,c7345766-a5fd-40e1-9757-26d62af0b9af,-6,0,-2.404133973892607,0.46444228373544677
4929abf1-f10d-4d14-acb5-15468d9dd764,2025,2025-03-19,eb0507e2-4c2c-4860-ba0c-7a0a815425fe,58fdb1cf-11b4-437d-a338-e497be161811,11,1,10.736664335204448,0.8665808011936605
71e76346-d325-44d5-9958-3222824f66a7,2025,2025-03-19,d8e2daca-6b8a-4f31-93d4-8cf6dd93fda7,b9840fe4-f776-405a-8b8d-3c388de0792b,-11,0,6.592437877247365,0.7677428205856908
b0d47cb7-55ba-45bd-a453-e2209b64172d,2025,2025-03-19,6f7ff858-33b4-4d3b-b960-8a750dbe33a1,14b85f13-07f7-4bd1-8f5f-32720dbe1c9e,-3,0,-4.196227046776575,0.30789443329771327
d39a5850-d080-4950-991c-c5e610dbfcbb,2025,2025-03-19,1799ef2d-85d7-4ba9-8048-33b1956ab3db,e51388ec-8e0a-4c32-a70c-4890e3e61d3a,-4,0,4.832913055286971,0.7376949335322049
da7f3033-6b72-4657-bfaf-0947cf1a0b39,2025,2025-03-19,5c6768d4-83c5-4e23-aafc-55ac70126454,cd6bef67-d192-4740-b7be-731c52686c54,-7,0,0.15985669934053326,0.44769145809880906
e6e9b5b0-262c-4948-a329-87f3e8d1a6a1,2025,2025-03-19,69293aea-705f-44e4-81db-36e52bcb1813,4b7b8cc0-eb4b-40bd-a9b7-958fbe20894d,17,1,8.277350553030931,0.8279378729502431
26fd6fcd-de12-4333-9440-8143dc673896,2025,2025-03-20,9df3af06-d207-48e8-a010-41797b070072,bd53017b-0998-4291-a0d1-1c9f45306402,12,1,11.950013959680435,0.9238260966160118
4c22d48d-b405-4e55-ac98-b6e2b9d90efd,2025,2025-03-20,31a5142f-21b1-4d3a-87fa-d39f7746b7a8,0420bfac-8b45-41ad-b228-89893a037d4a,25,1,6.809320750060535,0.747734009573135
4eebd9e4-9a70-4f22-bdb3-d3ef320265c4,2025,2025-03-20,78926156-3797-4ad3-aa39-fff13a311d02,02ee8976-6844-4a27-9f72-aca9acf8f5d0,-2,0,4.941364895483855,0.7148608310362962
61ca1953-a668-4575-8cb5-e127e9610b25,2025,2025-03-20,6dcee41c-8ef7-4afd-aa5e-6e7fa77886e0,19b01b27-3931-468b-a50c-6636aef39c7e,38,1,30.918010176699596,0.9870305175597665
6389720c-e0f9-4056-8062-83188c37e849,2025,2025-03-20,641dc594-03c5-4ae6-8564-0ccb3c8edc77,3dd34e3a-6cf5-419c-8042-503af5d36e7e,-10,0,8.229953205816921,0.8127834337475592
77c89915-3295-4206-85cc-1ba85b72eb74,2025,2025-03-20,ba8ae2ef-827b-47e0-bcec-bf76fe44e37b,75d1bc49-ce2b-4e7f-82f2-26e690f29375,-14,0,-1.2235206202721398,0.426138155234563
9159f818-ca53-432e-bdf4-e4e97ebc8785,2025,2025-03-20,351b4e0d-ecfa-4f26-963a-5d1e8b281052,dbd1798b-2cf1-49c5-9f33-caefec39594e,20,1,34.93915251951018,0.9899629632936949
a5b63b95-7669-48a8-a6a7-4cc0be0eb8cd,2025,2025-03-20,02361e70-3d89-4b56-8d25-73ea2ee389ef,a564f5c9-0e8d-44c8-a75d-b3b355370dbf,10,1,16.373789061611014,0.9698525753537747
ab63b99e-f1ad-46de-9531-bdc5a0e212d9,2025,2025-03-20,42833efc-4047-4751-b5dd-8f5c6d05e355,a2a4c8c1-e611-4717-92f2-fccc9217a883,9,1,4.741467486690734,0.6587666483142722
bb59b8c8-78e0-4218-b763-46b7f52de010,2025,2025-03-20,ba87013c-8cb8-41eb-95fb-16991c536506,7e838ebf-74ed-42de-9f2e-d8057aa77de5,15,1,21.617693514725424,0.9848997803463823
c7a958f0-374c-4633-976c-4051de3d4ed0,2025,2025-03-20,f829b41d-4185-4fb9-98e0-bd7bd9b6bd7d,185c12ee-a2a7-4588-84f2-4b4b270a75a6,19,1,20.88925710992718,0.9750234618812306
d7adef7e-f4a7-4769-8154-e9f9240b3ada,2025,2025-03-20,cc4cdd9c-0563-41d0-bbb7-29b825db8e55,c333af2f-2819-4e30-8541-dbb64eb01cbd,30,1,19.384328735697235,0.9866118822235543
ec5a20c0-0afa-4fc3-800c-40513abb2b7f,2025,2025-03-20,6e056aa7-1906-4546-b6db-5910356fee72,7732f0ad-152b-481b-be13-de99facad3ed,3,1,4.546973988433577,0.7213490145670879
f37702df-d21e-4fde-9890-d692874a6737,2025,2025-03-20,dd8a7533-5e77-4aee-99d0-4c56a7ff74a7,c6cabd85-4834-4f62-94ab-57143286b512,21,1,9.317415035809496,0.8813613608357309
fe5a113d-98b8-41e8-a639-51ebb1f1d9d7,2025,2025-03-20,0562b0a8-dbba-404d-9aa5-930ebe50c9b3,bc9cb402-a9b1-4644-acdd-ae7e0571be90,9,1,8.731010427022822,0.7720689551449904
146c8a09-98d3-433c-886b-0e995eadac62,2025,2025-03-21,48dab38d-2a0b-4201-94d9-c6ffaf736974,b9840fe4-f776-405a-8b8d-3c388de0792b,44,1,34.51426567259506,0.9871155006172317
1aa82fad-bbbf-42b0-b285-52954ae01ab6,2025,2025-03-21,b6c7c93e-bdd7-4df7-b73a-c1fbe953199d,c7345766-a5fd-40e1-9757-26d62af0b9af,13,1,5.806896653241028,0.6804944356337685
3a5f63ff-1530-491a-a02c-1570d5ce2c30,2025,2025-03-21,7f0a740b-2a56-4bec-87c8-7bf2baf05d58,469778d6-39b3-4cd1-8bf4-f40903d78c5d,19,1,16.139308112637536,0.9608162111635783
5608927b-81d0-406a-b6db-e7da9f5000e3,2025,2025-03-21,f2fcffd8-915c-4fdb-a632-8b5b621bc999,6628afb6-e6fd-4d7f-be94-a19527da56fa,27,1,14.954435309228066,0.9501428786541892
61fb9222-a792-4459-93b6-f208f1aadb27,2025,2025-03-21,f239ac13-f7a1-4acf-90a5-3cf4c6fd3355,9123b907-3559-421d-be7d-7e238eb0c266,28,1,19.847199493737243,0.9735425702449579
6824574d-bb4e-4316-9695-39b4313ba40a,2025,2025-03-21,0b297e0e-e039-449d-b07f-f8e1ae96e3db,eb7098ac-5154-42da-b703-d3b3958b198c,7,1,3.5000748972342786,0.655842858289699
6ef27c9b-f3b3-41fb-9eca-524dd77f2a3d,2025,2025-03-21,76eb53c2-0367-4d59-b619-799a7aea658b,c91670da-50fe-4e29-9e0d-e0a2d01897cf,-3,0,-1.8562892003449025,0.4729089917933203
91003c0e-0a4a-4fec-b102-be0a155e24af,2025,2025-03-21,a1594c03-e784-493e-8435-66f585997595,14a1f904-5f97-4e98-885e-5d6c4f102ea6,25,1,20.124029590390233,0.9807860243631034
99ca6d10-953c-4b1f-adcb-4af64b86e4f6,2025,2025-03-21,8d515064-54c5-4eeb-a095-ad7ac6839d0c,19313cd7-ad44-47d9-a9ef-b9e0c7238466,32,1,15.99707974448086,0.935386333840898
a08b3851-dffb-4806-a442-79113f423c1e,2025,2025-03-21,f9261c55-02c0-49db-9993-f5d64a97b21e,2de57d84-8b9d-4def-9a66-315270ea5d18,8,1,4.82226799146611,0.7120040241428992
bd09cbd1-e170-41aa-a10e-a0f301910805,2025,2025-03-21,17e47b02-02b2-4bbb-a838-a4695fbc099b,195318b0-fa80-45e8-96b2-e83346e70a64,29,1,6.444638030091598,0.7226360782614084
cbacdf4e-e281-4cbd-9f27-cd9448c661bc,2025,2025-03-21,db5b4ba8-4030-4125-845c-337b3ed300b4,f63b8169-081a-49c5-8b53-2f7b3e524fb8,-9,0,3.8617403941343915,0.6526895402735505
cc1704ef-52bb-4545-986b-f092f0280ba0,2025,2025-03-21,64975048-1db2-4ded-ad28-05b8d8aa9c66,6b776d4e-7c15-4c08-b195-ddf7052c762c,3,1,6.6216785722130584,0.7575073893902097
fa1c0f2c-6e92-421a-926d-234036617761,2025,2025-03-21,de0352b5-4ae9-49af-a027-b0dc86a005da,c4101885-e600-4596-80ff-bc637c56221d,-8,0,-7.130897140133777,0.3581044261539113
fd5e8f46-341f-4d8a-b377-872842768897,2025,2025-03-21,397b5601-d70b-43a8-b259-1a752c68bb1f,fa6de946-411a-41ad-8bfa-6526c949108c,9,1,21.09679219520374,0.9867396253159988
429c7a9d-f1d5-4392-83d3-fa8b119d6c3a,2025,2025-03-22,6dcee41c-8ef7-4afd-aa5e-6e7fa77886e0,dd8a7533-5e77-4aee-99d0-4c56a7ff74a7,5,1,7.6739837279231775,0.8196569768618263
50428a2d-e96a-4221-8d22-d93cc1099723,2025,2025-03-22,ba87013c-8cb8-41eb-95fb-16991c536506,31a5142f-21b1-4d3a-87fa-d39f7746b7a8,9,1,3.6624416839660174,0.7393467392439469
6671a1c7-ceab-4429-b4d3-3a0ce3f91fce,2025,2025-03-22,f829b41d-4185-4fb9-98e0-bd7bd9b6bd7d,42833efc-4047-4751-b5dd-8f5c6d05e355,-2,0,0.1593083128456228,0.600793940198636
74556e88-3658-4368-9e56-929206615f5a,2025,2025-03-22,0562b0a8-dbba-404d-9aa5-930ebe50c9b3,6e056aa7-1906-4546-b6db-5910356fee72,-12,0,-1.0094258811283123,0.48435768509135707
80546ae9-46e2-4771-8358-97bc54d5d120,2025,2025-03-22,69293aea-705f-44e4-81db-36e52bcb1813,700f42bb-65b8-4e08-bfdf-8dba2e0bd260,-8,0,1.1437176847680313,0.5434816727502896
a06a38e3-b4bf-40be-9908-70b8644da275,2025,2025-03-22,416d2dd1-15bd-48e9-82e6-9277c0ab829c,cd6bef67-d192-4740-b7be-731c52686c54,15,1,-2.8140602736642077,0.3178508817021985
be12b302-f04d-46b2-b3ed-042f5d6c9925,2025,2025-03-22,351b4e0d-ecfa-4f26-963a-5d1e8b281052,75d1bc49-ce2b-4e7f-82f2-26e690f29375,12,1,11.049340236868252,0.8980100852826088
c96727af-8c24-4a7b-ad0a-19d317080126,2025,2025-03-22,9df3af06-d207-48e8-a010-41797b070072,02ee8976-6844-4a27-9f72-aca9acf8f5d0,14,1,9.53298183930539,0.8423905829068752
d725ee79-97f7-4238-a1df-a5d72977559a,2025,2025-03-22,02361e70-3d89-4b56-8d25-73ea2ee389ef,3dd34e3a-6cf5-419c-8042-503af5d36e7e,13,1,10.148741189466747,0.8705707179148556
0f006290-dee6-44a0-afc5-06de6791e446,2025,2025-03-23,f239ac13-f7a1-4acf-90a5-3cf4c6fd3355,17e47b02-02b2-4bbb-a838-a4695fbc099b,4,1,3.6779652080970573,0.7054085626979681
4587d30a-6bba-4c3a-a2b8-877873995b8a,2025,2025-03-23,e4054827-709d-47e3-8f27-86b76b8f17d6,77bcefa1-a18f-4280-a5c9-2d1573b78e0a,-7,0,1.2798099014975908,0.613752885758801
4ce7cb02-4245-4944-92a0-ccaabae6dfdb,2025,2025-03-23,7f0a740b-2a56-4bec-87c8-7bf2baf05d58,b6c7c93e-bdd7-4df7-b73a-c1fbe953199d,9,1,3.462799857668997,0.6468205660412689
5b079b2e-d409-4c8b-870f-8a62dc02edff,2025,2025-03-23,fa3cb393-e306-4365-b4c3-b3f62a5027d3,e51388ec-8e0a-4c32-a70c-4890e3e61d3a,-4,0,12.369274593279119,0.8998865863199212
71080c16-7563-4cf4-aa6b-6aa901f9ecfd,2025,2025-03-23,397b5601-d70b-43a8-b259-1a752c68bb1f,64975048-1db2-4ded-ad28-05b8d8aa9c66,14,1,5.277590577023002,0.6603726120907751
76c30d4f-50ab-451d-ad6c-b0153ce114c3,2025,2025-03-23,f4598131-de83-4e8d-b7cf-dc008ccca8aa,81ce1538-893e-4f62-9812-5468866f484e,5,1,6.8997150822715785,0.8663181521086163
7a149d87-0cc2-480f-be76-4cdf59bd3ac0,2025,2025-03-23,d756733f-2d8f-4ed6-8b7f-dc7804a270af,bf7cd127-c979-4181-8f7b-356415e2c15a,-2,0,6.264683967633677,0.7220500087288103
82ac455e-dde7-4f31-971b-1d7685310467,2025,2025-03-23,bf32f747-5e9d-417d-890c-89407933c4c6,75628733-1eec-40f9-a6cf-07501979c4b3,5,1,-4.722562564972241,0.3476314996258447
8c5e0520-9e48-4b23-9a5e-442fd8183aa2,2025,2025-03-23,a1594c03-e784-493e-8435-66f585997595,f63b8169-081a-49c5-8b53-2f7b3e524fb8,8,1,8.928329317596237,0.7734717692532651
9f04449a-867b-4091-ad24-b627c3a329d6,2025,2025-03-23,eb0507e2-4c2c-4860-ba0c-7a0a815425fe,67503cd7-a244-4820-afaa-485db8ea877a,2,1,2.980798225959596,0.651767598387936
b3c6c080-3042-46fb-8cd4-b08e1bdcd6af,2025,2025-03-23,48dab38d-2a0b-4201-94d9-c6ffaf736974,c91670da-50fe-4e29-9e0d-e0a2d01897cf,23,1,15.39593715890139,0.9189992835553188
b58dc1d5-eddb-4da5-8db2-f5abe5cbaeac,2025,2025-03-23,5a320db8-a83e-4f46-9418-25176d12a65f,f9261c55-02c0-49db-9993-f5d64a97b21e,2,1,11.50140293206561,0.911941944732775
daba09e2-e26d-4afe-a494-e88dfe1af95b,2025,2025-03-23,78d97761-b499-435e-9097-b9d553f3ee67,14b85f13-07f7-4bd1-8f5f-32720dbe1c9e,-1,0,-0.6619732348373922,0.45320555264400114
e61f7d07-04a4-47fe-b06c-ddb7033cb956,2025,2025-03-23,0f2c89e1-1c22-4add-af3e-a7d9982de167,ad36d475-e577-4c2f-b8db-b2d47d1fab15,7,1,4.723721550206555,0.7642064547601213
fa4a29f9-4734-4208-bc3e-7852bd62553a,2025,2025-03-23,3bc11d41-6e7a-4932-b0d5-e15a8f310406,5d005d94-2060-493e-af42-31885c78962f,-8,0,-8.319050855917359,0.1789592148054131
fd963e60-3b9e-4526-b02f-d967e85a8cd6,2025,2025-03-23,8d515064-54c5-4eeb-a095-ad7ac6839d0c,c4101885-e600-4596-80ff-bc637c56221d,1,1,9.221441861350083,0.8634243169359841
ff8ad2d0-8450-466b-b192-28642cb4ec7d,2025,2025-03-23,f2fcffd8-915c-4fdb-a632-8b5b621bc999,0b297e0e-e039-449d-b07f-f8e1ae96e3db,-13,0,4.610778375519058,0.6382268305930917
01f3b109-9777-40ba-a4a9-3f1d8ca8c128,2025,2025-03-24,8dae6732-0634-481a-90ac-d73bf6a19566,bf32f747-5e9d-417d-890c-89407933c4c6,3,1,4.857711565850215,0.672167664835274
51f14a94-4f4c-4783-8cb4-1a18c51da96f,2025,2025-03-24,52f17f8e-1af3-4d55-8323-0292fdf33297,77bcefa1-a18f-4280-a5c9-2d1573b78e0a,15,1,4.302637181038018,0.7103777429642485
67117549-4461-466f-b371-09eb05aa3572,2025,2025-03-24,5c86ee1e-ee35-4d51-bc08-bbca68bc90f1,0f2c89e1-1c22-4add-af3e-a7d9982de167,-16,0,-3.7128932380285162,0.379524157493128
099c9769-5a1c-4da9-a48f-0d3d3edcc002,2025,2025-03-25,c75216c6-4563-402a-b8d6-b8434793ea38,eb0507e2-4c2c-4860-ba0c-7a0a815425fe,-2,0,0.32960715186718326,0.5276112471643551
0a8aca08-9764-421f-ad81-747b1e693ab3,2025,2025-03-25,700f42bb-65b8-4e08-bfdf-8dba2e0bd260,416d2dd1-15bd-48e9-82e6-9277c0ab829c,-2,0,7.356014464623736,0.7880608367959558
4e9e02e1-9c07-46b4-9782-86c82640eced,2025,2025-03-25,52f17f8e-1af3-4d55-8323-0292fdf33297,8dae6732-0634-481a-90ac-d73bf6a19566,7,1,8.3743929845751,0.7830279517691471
7f04d7c9-92c1-4945-9031-c45b1a56ad33,2025,2025-03-25,0f2c89e1-1c22-4add-af3e-a7d9982de167,5d005d94-2060-493e-af42-31885c78962f,-5,0,-5.224435536796498,0.41272839344185136
3d69decb-361f-4464-be5c-006cfbdb4bc4,2025,2025-03-26,f4598131-de83-4e8d-b7cf-dc008ccca8aa,e51388ec-8e0a-4c32-a70c-4890e3e61d3a,4,1,2.8053620599247635,0.7706072644378776
682d91a4-d9de-4bc1-8e2b-ac1739347609,2025,2025-03-26,52f17f8e-1af3-4d55-8323-0292fdf33297,5d005d94-2060-493e-af42-31885c78962f,-11,0,-4.011882672904974,0.398884988950774
835066ac-0526-4f30-8171-d79b3ba662f9,2025,2025-03-26,14b85f13-07f7-4bd1-8f5f-32720dbe1c9e,bf7cd127-c979-4181-8f7b-356415e2c15a,10,1,4.598478880712695,0.7391937363630706
5c3c3557-1989-40e3-b8e1-1e5470b610ac,2025,2025-03-27,5a320db8-a83e-4f46-9418-25176d12a65f,8d515064-54c5-4eeb-a095-ad7ac6839d0c,16,1,4.7995132840005015,0.6762627997199216
97ac4d8a-d20a-4222-9d14-a3173240ea69,2025,2025-03-27,397b5601-d70b-43a8-b259-1a752c68bb1f,42833efc-4047-4751-b5dd-8f5c6d05e355,25,1,3.0004316782582476,0.6730169798181536
d41c4be7-c482-4a72-9503-037873e24e71,2025,2025-03-27,48dab38d-2a0b-4201-94d9-c6ffaf736974,f239ac13-f7a1-4acf-90a5-3cf4c6fd3355,7,1,9.632403543712467,0.8567919829106067
48a932fe-59e2-48ed-8bcb-c2ca9c608aba,2025,2025-03-28,6dcee41c-8ef7-4afd-aa5e-6e7fa77886e0,9df3af06-d207-48e8-a010-41797b070072,2,1,10.004730148032953,0.9025164323767497
6d14c4cd-0c34-4c91-9be1-b144122b7f21,2025,2025-03-28,ba87013c-8cb8-41eb-95fb-16991c536506,7f0a740b-2a56-4bec-87c8-7bf2baf05d58,13,1,-1.1840560306519754,0.5115762988278997
8ffd0170-85c8-455b-9df1-5f9edfe5339b,2025,2025-03-28,351b4e0d-ecfa-4f26-963a-5d1e8b281052,6e056aa7-1906-4546-b6db-5910356fee72,13,1,9.880717183547784,0.873650289977656
e8163fc0-e2e8-4fbf-9036-bad639ba6149,2025,2025-03-28,a1594c03-e784-493e-8435-66f585997595,0b297e0e-e039-449d-b07f-f8e1ae96e3db,3,1,6.011936912413644,0.7154657955361045
34ee70d0-1e13-4897-bf25-8454ec2e54ee,2025,2025-03-29,5a320db8-a83e-4f46-9418-25176d12a65f,02361e70-3d89-4b56-8d25-73ea2ee389ef,5,1,4.0602750186684915,0.7038196800793372
b35fff9f-8a75-43ff-89e1-87b2a227a8c9,2025,2025-03-29,48dab38d-2a0b-4201-94d9-c6ffaf736974,397b5601-d70b-43a8-b259-1a752c68bb1f,20,1,7.82080162197394,0.8235032926692216
a070d253-cf66-4809-bb42-319b5987b882,2025,2025-03-30,6dcee41c-8ef7-4afd-aa5e-6e7fa77886e0,ba87013c-8cb8-41eb-95fb-16991c536506,19,1,10.03070549452099,0.8335226530697352
e244cfad-1869-479c-bc04-67da45547fb7,2025,2025-03-30,351b4e0d-ecfa-4f26-963a-5d1e8b281052,a1594c03-e784-493e-8435-66f585997595,6,1,7.489182281834328,0.8498953424480226
0fd0dd76-8af8-4e4c-8007-c285a37b20f2,2025,2025-03-31,4a976ca8-f51c-487c-ba87-dae41ddaee24,5f1bdada-9e34-442e-b575-0b6a9114f1ae,-3,0,2.36889877657768,0.5639805708728922
206fdb84-7228-49cd-a72a-e73fdb8a8372,2025,2025-03-31,0eb90dc3-2a1e-43d8-80ac-bab6d917f78a,0f0ea376-1ea4-4b1f-9a4f-e7301a0318a4,2,1,-5.124153599520472,0.3169612536988068
940c4a16-f35d-482b-83d9-e6ff41fbf4a0,2025,2025-03-31,8a391aff-89a4-4586-9d57-71299178703c,ce88cc81-96d4-48c0-ad06-ee0c2d3d7663,-8,0,-5.8813968869352875,0.33081810688636165
ce67d324-145c-4a50-a843-58c21e0c7773,2025,2025-03-31,7e01ae0c-d2c7-4d9c-beea-2da953b4c037,ff2fa864-282d-4503-9a88-8c10619b0e3d,30,1,11.958395699391787,0.9053213034184167
4037c7c3-7394-4c0a-bee5-2e26c4f32ee1,2025,2025-04-01,14b85f13-07f7-4bd1-8f5f-32720dbe1c9e,416d2dd1-15bd-48e9-82e6-9277c0ab829c,-7,0,4.367492434747717,0.5770201726455455
403ef698-f48d-4a00-bc13-5986f7c20903,2025,2025-04-01,08e7a657-2b9a-4055-beee-621379cea4b7,851d8a88-2edc-45bf-b180-7b6c1744f5fe,22,1,12.643438756706146,0.908277019850088
5d25a771-581a-4fb8-964c-7c76a76f50db,2025,2025-04-01,f4598131-de83-4e8d-b7cf-dc008ccca8aa,eb0507e2-4c2c-4860-ba0c-7a0a815425fe,2,1,1.2222586555986017,0.5809509865249473
66dc0a61-8b4d-4706-b4f7-8fa6d128ac67,2025,2025-04-01,05005d1e-02c0-46c0-8b4d-19dc825698c0,3a2cf934-5d3b-4406-a458-0c76b7b9d65a,1,1,8.252233458896638,0.8317668055306768
a8722808-89e5-4cf2-9423-08c472bfc9b6,2025,2025-04-01,07b4923a-16cd-4490-8ae5-d61599212ab1,ddb253d9-6526-4c32-a7a2-4462d6abe45c,21,1,2.867148464271412,0.7034908142271038
c27e3997-b8ab-4ea8-96e3-f1db27311df5,2025,2025-04-01,be595032-d4ed-4bea-95de-22a18feb02c7,4b6cd009-754d-44ee-9433-124bad801b02,29,1,10.355459493241899,0.8755127880093244
1f2ac5a1-1f66-43e0-867b-cea2c861e247,2025,2025-04-02,5f1bdada-9e34-442e-b575-0b6a9114f1ae,ce88cc81-96d4-48c0-ad06-ee0c2d3d7663,-12,0,-9.062161403221117,0.1950594859690053
31f9b309-3d2e-422a-9d9d-7c526d87145d,2025,2025-04-02,7e01ae0c-d2c7-4d9c-beea-2da953b4c037,0eb90dc3-2a1e-43d8-80ac-bab6d917f78a,7,1,8.545660918185888,0.8639095101803399
8bbe039d-5e95-4222-88a4-e5a9e0527ce5,2025,2025-04-03,05005d1e-02c0-46c0-8b4d-19dc825698c0,08e7a657-2b9a-4055-beee-621379cea4b7,8,1,-2.444168543888262,0.45741406836046966
955f9fd9-c4ce-4d1f-aa62-c55af344fa78,2025,2025-04-03,f4598131-de83-4e8d-b7cf-dc008ccca8aa,416d2dd1-15bd-48e9-82e6-9277c0ab829c,-1,0,7.602757753958872,0.7850388180828716
9d355df3-9016-4213-8b23-54c2189bff87,2025,2025-04-03,be595032-d4ed-4bea-95de-22a18feb02c7,07b4923a-16cd-4490-8ae5-d61599212ab1,-1,0,-1.4715590929840312,0.4107488210137522
298ae6d3-b719-4713-8abb-45ee0834c276,2025,2025-04-05,351b4e0d-ecfa-4f26-963a-5d1e8b281052,5a320db8-a83e-4f46-9418-25176d12a65f,-6,0,-0.5359346101965754,0.5339364876192637
668c3af9-4fec-45b0-9243-bb190677f714,2025,2025-04-05,ce88cc81-96d4-48c0-ad06-ee0c2d3d7663,7e01ae0c-d2c7-4d9c-beea-2da953b4c037,10,1,-3.388296339157736,0.4510191796040063
7e9a01f7-c1b0-4c36-8a02-4488b34b10e4,2025,2025-04-05,48dab38d-2a0b-4201-94d9-c6ffaf736974,6dcee41c-8ef7-4afd-aa5e-6e7fa77886e0,-3,0,-1.6356703523760525,0.43145384350226923
e7a48817-d9ac-45ae-810b-a91df97ada52,2025,2025-04-05,07b4923a-16cd-4490-8ae5-d61599212ab1,05005d1e-02c0-46c0-8b4d-19dc825698c0,-6,0,2.580254531533205,0.5377341650789471
a146a262-6aab-4903-a878-eb92f220cf5c,2025,2025-04-06,05005d1e-02c0-46c0-8b4d-19dc825698c0,ce88cc81-96d4-48c0-ad06-ee0c2d3d7663,-11,0,-2.702858331202618,0.42330582294146774
31ca3c2f-530f-4e2d-9e7b-daac99fced38,2025,2025-04-07,6dcee41c-8ef7-4afd-aa5e-6e7fa77886e0,5a320db8-a83e-4f46-9418-25176d12a65f,-2,0,4.9709095236638134,0.68900399054503
