game_id,season,game_date,home_team_id,away_team_id,actual_margin,actual_home_win,pred_margin,pred_home_win_prob
563363d7-79a6-4f1f-8a57-aee37b335abd,2026,2025-11-18,63c7d34f-6b58-4a80-ae86-320a182ddcc5,6bc5ca07-a958-41a3-8a95-eb5988cd48d6,12,1,11.105081564027174,0.8530933073158592
a27297c8-bfb4-4433-9d67-388115f7853e,2026,2025-11-19,2a864769-3bff-4022-a96e-3092caef4c93,be3dc89e-c7d8-42a5-878d-a2f181f0914b,-4,0,4.143351964955439,0.685823367970963
28fd2d50-876b-4f96-9371-2875c3ae1977,2026,2025-11-20,1902edf0-3770-4094-9f92-722731ac4c93,d9908b15-814a-4283-8513-0d0ebd2430f8,-16,0,-2.0068647980659384,0.43020663993392927
65bbd5e3-4f9f-4680-a855-225d33928ded,2026,2025-11-20,8da08445-76e5-4e98-be98-4f101d670980,aa657c8b-9c3a-4727-9d4c-559205be3150,10,1,9.480471066597993,0.7494456708244588
f46b6608-7c28-422d-aa30-80a9f2609e71,2026,2025-11-20,fff30549-83b5-4c44-9f3d-444f65ede45f,96e82d65-67c2-4e96-a2fb-d7ca3dfe1353,34,1,21.672778883588762,0.9840672194105691
2a254382-7bb0-442a-aed7-9ab72b48dfb7,2026,2025-11-21,364c8255-118d-4dcd-aa72-a62621e3aeb6,0270a5a5-82db-4c54-901d-c9c8dfe3741a,40,1,31.363908573758863,0.9864467051075396
2bb7d58c-c577-4da3-a380-6886b910b3a0,2026,2025-11-21,2a5848e9-342f-42cb-84e8-90f6f573bc8a,2a864769-3bff-4022-a96e-3092caef4c93,8,1,4.9253787341204935,0.6088683546959143
365bca40-7dbb-46bc-b697-99666d46356d,2026,2025-11-21,86dd8d64-758b-4592-8af6-2536cef92fc1,866586a7-cbbf-44c7-87fe-e9343fef12c8,32,1,13.762676350621268,0.9009771755537825
4181a24d-7974-4532-a391-5b0dbca8b406,2026,2025-11-21,53e97ae2-3cae-46c5-8353-41eadbb17d61,fb1c029c-934e-4345-bb7e-0d199b1172bb,9,1,6.9205796893000455,0.690991446229368
4187cd6a-7214-4451-9c91-12f36cd75981,2026,2025-11-21,32d092aa-6752-439b-89e2-6538ab8523cd,0ec33aa5-020d-49e7-ac6a-2ee825d15102,4,1,-0.4322400064252599,0.5084443646039573
42623a69-eeb7-479b-8616-cdac1ba481b3,2026,2025-11-21,3d8fedb9-0847-4666-82df-5f520b704ff4,71e0195c-db7a-4df0-b519-17d796d8957c,41,1,26.54800112362162,0.9818012302315944
57ff8e8f-ee09-47ca-a466-2cc2d20b2cf3,2026,2025-11-21,28c5e9b8-df2e-4fea-8442-2a3c31753cef,cea24043-374e-4a53-bfc3-4532caf44ea6,8,1,5.651536525426972,0.723804592123694
59ed5de8-7f03-4cf7-b2ee-0bc9c544f6f5,2026,2025-11-21,c155c6af-1897-464f-ad91-10b605e5eb7c,b81dac67-4cc4-4d68-b327-0ecd77fe056e,3,1,5.7605078003353745,0.7141239948021365
5b537ed8-442c-45dc-98f8-d2533ebc8b5e,2026,2025-11-21,cee4e9fb-16d1-4b9a-bbeb-6f26c9d5c340,caae45ce-7d6f-4f0e-a536-6d05e2ae5086,42,1,28.574723302083783,0.9840603917502594
6285758d-4278-485b-b008-97ee3bbd8239,2026,2025-11-21,968fdb79-e800-43ac-b93d-53a22dee3a03,26fd3855-d3a6-4b79-a7b0-559b447f5e6c,-3,0,-9.114291238966356,0.15554629115070764
63763535-1cd3-4fec-9673-3d207807fab7,2026,2025-11-21,57d94665-96b0-49e9-ab6b-a7cd6a1492d0,94a323fa-c3d4-4718-a4bf-f6dd1c93c5c9,-1,0,-6.211520891236204,0.3138902987108977
71a16808-494a-4b78-a0a5-a5c612e9ff9a,2026,2025-11-21,30dcebf9-dcff-4743-a05a-d994a902866a,a9a08ada-6bbe-466a-b4ef-e2fe68dce231,47,1,11.805860614380094,0.865166822621014
71d0235e-ea5d-403a-b5b5-e0d8cc14085b,2026,2025-11-21,2772ac36-c719-4bcf-8a21-30eba79d1c61,31e4ae86-a8cc-4aee-986f-71aa76fea354,2,1,-0.8048911300898375,0.4822295774798335
768502ed-4c60-480a-90cc-d51fe42d37d2,2026,2025-11-21,8a720b96-af6b-4ada-bf15-b7b80a091274,2c2e9f9c-9d33-474b-860c-f9230f147fcd,-17,0,9.400557312600707,0.8043141096562695
77a9afcc-b770-4a15-802f-096b951045cd,2026,2025-11-21,e08292aa-f0dc-4c1f-ac0c-138ec5d15372,9c60e9b3-29b6-431d-92e1-307e1c2f1c15,24,1,21.846999001578403,0.9850106693433474
79df0ac2-7d6d-4199-aa12-ebc22c782d05,2026,2025-11-21,a544a5d0-4cd1-4756-b079-30a9a7905cd0,edb2bfd0-017f-4df2-b9c6-d8dcacb7e929,30,1,12.69445240573271,0.8827485049587921
86f5032e-a4f8-41a8-b110-0b748b874fe6,2026,2025-11-21,6d9c7f06-e309-4b30-a7a3-37783b2b3f26,5ffd8dae-eb73-4ad2-be80-a6ca8f4e5884,-6,0,-3.046214077675504,0.36338506684009286
8fe20aa9-e71c-4c8e-bed7-69762d19d0f8,2026,2025-11-21,2d467e3e-e5d9-499c-a1ed-225d0c3ae91a,34176634-892e-43b1-917d-cc003f8b9c03,37,1,27.243301173146655,0.986136043506319
a5cbae78-0fc1-4270-a1e1-2e29c0c2d4a4,2026,2025-11-21,8c9b2481-8a04-4d21-baaf-cd9add16d15c,6bc5ca07-a958-41a3-8a95-eb5988cd48d6,21,1,-4.131275135326003,0.3440561719062052
b8dc9350-8f9f-4072-bc9f-2b03de363124,2026,2025-11-21,c64c255f-43f5-4a08-99f3-222dd9aa0731,6a5388a0-3d9f-4fa4-b592-775b2c31e741,14,1,-2.9595595367226823,0.39036877088165994
1817679f-845c-4c05-aa9a-87d3f817850a,2026,2025-11-22,6899ea71-b4b1-45de-a54e-8eaefcc5e6f4,3203894c-786c-4e1f-ada5-c785afe033a5,14,1,7.29210290799524,0.7706371054188058
27305b18-cf8e-43ea-ad37-d474e14b288b,2026,2025-11-22,ec7aba22-2b7a-41dd-801d-063cca9a4c1f,0ec33aa5-020d-49e7-ac6a-2ee825d15102,-1,0,1.9326614345735376,0.6075608138997252
38fb258b-e952-4e84-a3f7-7525e8004bba,2026,2025-11-22,567fb73b-73a0-4437-a1ed-314d40d93e6f,3ce97af9-70d7-4dc9-b13b-4f4221b9e09a,-12,0,6.811666889541631,0.7626746547317207
41ab51b2-6ae3-49ef-a470-f81256b90598,2026,2025-11-22,e41ccbd3-d51f-43e5-b037-4cb81b41b713,81e6f1a5-d8cd-43bb-ac87-6c20719f72f3,-7,0,3.0524431076145118,0.6231140922671804
4b4c68b4-e865-45ca-bda0-1bc8b971a2d8,2026,2025-11-22,124dd15c-311b-4d83-becb-7150d849218d,13fa8aab-518b-46ed-be28-b5c24acfa430,1,1,-10.648885201524127,0.15852683885513635
67b913bf-f58c-4bab-b32a-25ffc17d3e49,2026,2025-11-22,3fe51e56-cced-4ebd-bc3f-5269a8690fff,1cff0c34-63d9-4a64-a258-a50e61fee7cf,19,1,12.91537322342301,0.8839115922134637
70a9266a-1643-4ac8-a395-aa3b6dd76a6c,2026,2025-11-22,14372359-5589-40fd-8dcc-6a04bbe7338b,e672d935-837a-44a6-9e69-a25859488a24,19,1,29.704484021433593,0.9846443554944448
7102145b-f092-4b00-b7ff-c0c28700437d,2026,2025-11-22,8921f536-d6f1-4d5a-b369-5dfb136e1717,976a062a-415a-4be9-870e-c2b6aa726c28,11,1,20.42247980384033,0.9767527065151571
797d1bdf-b887-4f4b-99ff-4609229752b8,2026,2025-11-22,5a925022-39f0-422e-a9c8-efba8cab8218,1c701a00-1852-4c4a-8179-2273b474748c,10,1,13.246526982335537,0.9166322183898674
95805327-5a1d-4517-9675-7af4e2bb5eda,2026,2025-11-22,2c2ff68e-eb76-44f0-b27d-9426785932d8,0b613bb0-e3c8-412a-8845-b9807552ba60,8,1,-5.526230983537342,0.3521530713154209
96a5ed66-3353-4e37-937a-0ed0578a7a56,2026,2025-11-22,acbf5eb9-3a63-471d-8199-6067f912deaa,d7af5a06-c331-48d5-a768-4a3627420b0d,21,1,3.9864595894384345,0.6913053409236838
9e119c84-609f-40fd-804b-b437dd6e56c4,2026,2025-11-22,5cf39234-dfea-4208-be18-092f71c2f05c,b81dac67-4cc4-4d68-b327-0ecd77fe056e,-11,0,-5.935228237138082,0.34493917132581836
a4cef2a0-e665-4c19-9162-071f098094ee,2026,2025-11-22,62093611-a202-4f7e-8d13-ed4c5498a9c1,5556385d-827a-48ff-a603-cddd42d7d7f3,-4,0,9.915561443401364,0.8293227959816281
ab5543c1-2492-486d-8314-b620393c3c19,2026,2025-11-22,e694b3cb-eeef-43f4-bada-32dba89664a3,a76e8585-9bd8-4efd-ad05-93baa5c91a75,-17,0,-0.4772190659496307,0.5291668875507327
b049dd26-adff-4f4c-9efb-e4c9641ce0bd,2026,2025-11-22,5e1572de-c2e7-4a5b-a605-c095da467409,1b50e98c-801a-4835-9b4e-b0d563152b2b,14,1,15.736003145611617,0.945113431344647
b2d1f4a3-ab2c-4321-aba9-3d131a7c1604,2026,2025-11-22,160d00cd-1792-45ab-a465-c2d2dcdcab1b,d297d4f3-0edc-4461-aa7c-7be49fc9aad9,16,1,13.628571141480187,0.9212209312562959
c053cddf-0e0e-40b8-8b2a-4daa922eecc3,2026,2025-11-22,94d66457-cf10-4bc2-b52f-faf466454856,073c7f97-1dbe-4c9d-b1ec-44e92177a53b,-3,0,-8.576513343289552,0.17644131056183707
d15fac63-e69b-46b9-99b6-efd4637f47a6,2026,2025-11-22,ed6e30f8-d1f2-451b-9a26-5c7f21af0125,4b705336-0b7a-4525-a3cc-151a9657a218,11,1,17.600937609880795,0.9610247568573193
d8142b14-c4cf-4ac7-8e94-62168abd24c8,2026,2025-11-22,0cc7096d-eb8d-4e4f-9906-93bf951805c5,43edca99-9154-45c5-908b-5e79c98e3147,20,1,13.13862284412344,0.9048266527482357
e4db35bd-fb1c-4b36-a103-7a020d0cfdad,2026,2025-11-22,60185dec-e78c-4750-a32a-2162e22a166a,6f01f32e-67fa-44c7-8440-24a263829a82,-7,0,8.479335827271742,0.8154121293943641
f9718159-32a6-4f9e-a872-072a3537acd6,2026,2025-11-22,ba959da0-313c-4413-aad3-124a5c216494,47c889b3-c1a2-4035-ab56-edaeee3a3c86,16,1,22.314972709216693,0.9812143871645962
fcba6d69-1128-40ea-8b8d-92bec477d3b2,2026,2025-11-22,90df5863-ccc6-4ffe-b441-dee520cc7fed,68f210a8-33bd-4d79-a5b0-222aabe727e7,-12,0,-7.856407983876465,0.25910158735807703
00c094e4-959b-49c2-92f3-65f0f2bfdd20,2026,2025-11-23,f598c6c5-97cc-41a4-83b2-84f08d3397f9,2772ac36-c719-4bcf-8a21-30eba79d1c61,8,1,19.236185982742136,0.9678070831656864
16bac550-797b-471f-a872-da63cce69e13,2026,2025-11-23,d414d5fc-8653-43b8-ac66-ec8f63c74c82,5a925022-39f0-422e-a9c8-efba8cab8218,37,1,33.5851614337996,0.9886480778734013
1a86a26c-3e7d-456f-bb15-d95b606d3c08,2026,2025-11-23,2ad39bf7-6b52-4185-b83e-15dfc5686cf0,0fbb2a6f-3944-46a9-9fa8-51376e18b3d9,-38,0,-17.218135557088587,0.06321011179349684
1a99f564-ba76-422d-a1ce-da04e93954f4,2026,2025-11-23,3dfeaa6f-de19-4029-bdaa-0f2bd8ea04c1,083c67a8-1a0e-42e4-b3e0-c3872a10d8c2,23,1,37.91005339210627,0.9875026942160207
282bf05a-1141-4af3-8ccd-466750f97a3d,2026,2025-11-23,b468e5c1-fd80-4c61-8545-54a03c959ff1,2b7eed3d-9921-482b-a193-759486c9b225,-3,0,2.098905437198817,0.5562436298877155
2b27ccb5-bcae-401d-b5f3-938826e8c1c6,2026,2025-11-23,aa657c8b-9c3a-4727-9d4c-559205be3150,cb2346de-1887-4050-8b6f-5480779486c2,-8,0,11.775568046782668,0.8703529079682766
38fb4f2a-7117-410b-90f0-2729f4755512,2026,2025-11-23,788df145-b514-4ea4-9ff0-bf2399dc7898,2c2ff68e-eb76-44f0-b27d-9426785932d8,4,1,1.0523856912471985,0.5278136421253438
3c6b0424-fbae-4726-bf70-baefa8520e38,2026,2025-11-23,517665d2-60c6-44a7-a80b-78212cfb2db3,7dc3e262-ccd4-4c87-8617-0ca6e819757f,-18,0,-14.754249351840842,0.06828412567646443
44b867e0-35d3-4fd4-ac90-eb4a923de8ad,2026,2025-11-23,023d3704-bd8d-4c41-a3dc-e747ba7ed642,66d6cb28-25f0-41bc-9fb1-d15a6dfca6ac,23,1,4.639338759435633,0.5967645140262979
4bef2f6c-e636-4137-b551-d95b134fb574,2026,2025-11-23,a40a35e7-bb78-4848-a0a4-11059f3caa39,86dd8d64-758b-4592-8af6-2536cef92fc1,4,1,2.9318993683303494,0.6421713732222414
52333de6-b889-4975-9d7c-d78b18fa466f,2026,2025-11-23,af95ca9e-8a2a-4b22-9bb2-584162eb57f0,e694b3cb-eeef-43f4-bada-32dba89664a3,-9,0,-7.835824431721263,0.2039119251615039
5dd9f049-8f8e-4398-a4e6-0ea00ddb7062,2026,2025-11-23,cda5f197-ae6f-4f38-a523-d1e70b218821,5e9a1e57-759c-40bb-aac1-6bdb058fafbf,27,1,6.9746749434882975,0.772101813617911
60b5d290-1de1-4741-a47c-23719ce7e4f1,2026,2025-11-23,cdda7902-04cd-4834-972b-072f59dd1474,a4e52f2f-5193-40ce-a997-0e0be093d86a,10,1,-3.284984259703918,0.4105640070410681
652fb8c4-be55-4918-a737-0dca8c8f83a4,2026,2025-11-23,8edd905e-18d4-4618-ba73-09af639ca94e,b678d94f-1147-4cd8-b221-3155893eb1a9,-2,0,-3.145740528284779,0.4280347415031497
665cddc3-29d8-44c6-9d21-7993815e0700,2026,2025-11-23,d1841f3d-03f4-419e-bedf-c218d150aa9f,2a5848e9-342f-42cb-84e8-90f6f573bc8a,16,1,9.697017831363178,0.8866709527718559
77b246c4-bc7b-4da1-b7a3-d87514b5af6d,2026,2025-11-23,b9984408-0526-4a1b-9cb3-d6450264dcd5,94d66457-cf10-4bc2-b52f-faf466454856,42,1,22.23481966704923,0.983272802953869
7aa03450-c5ba-41d7-bcf5-4a7436f3761e,2026,2025-11-23,07f2978d-85d4-4892-8267-e6903cc20f93,aa6e74ec-70a8-4e02-9b58-0e0e886cace2,19,1,28.117788297909865,0.9871720307395536
961cff74-4534-4dfb-904e-f8a0e52a6d11,2026,2025-11-23,3ce22877-c834-4b53-aae8-5129d36175b1,bb509184-c255-4aa4-9cdb-057dd36f7a04,10,1,4.86562197914569,0.6807332654491263
9637ddd5-c3a7-4afd-8f90-d15d58dae9d8,2026,2025-11-23,f8a7f441-6bad-4648-bfac-a202788a07f8,eb5b8376-53ac-42b0-a932-bfc4994faa1e,-3,0,2.8787527235758756,0.544123200516424
991ed583-2d64-4061-8267-071fd77b91a9,2026,2025-11-23,f945abf6-7dca-4e3a-b475-bceddc534fb9,2a453d52-4fcb-44e2-84c8-d2c1f91eccf1,-7,0,10.294128918316392,0.8443159992111934
9d3c8e0e-4909-495b-bc38-d5bec95ff6a8,2026,2025-11-23,6a5388a0-3d9f-4fa4-b592-775b2c31e741,8c9b2481-8a04-4d21-baaf-cd9add16d15c,15,1,6.226372997770653,0.7513583021724363
a6e4bfa8-6de8-48d0-883d-10c5f09d9203,2026,2025-11-23,72daa240-1119-4159-899a-d81875c1c916,37789002-2f1a-4a5c-95f5-a4f487f719ac,11,1,8.13328607973122,0.7501545079136083
b3d76d51-a452-4480-b47f-0dfc87c645c0,2026,2025-11-23,afbd548e-958e-452b-ac58-5b58b416aeb3,a76e8585-9bd8-4efd-ad05-93baa5c91a75,52,1,11.4287188014278,0.8656727716692443
b63245b6-4ac5-43eb-b991-7d26501b0851,2026,2025-11-23,6833b588-1856-4519-a296-afd069ebabfa,aa9a338c-8749-42c2-8655-1caa89068a61,-34,0,-9.758592988703574,0.16673234354888047
c67d5610-4902-4739-a2aa-ef6f9b6f06d9,2026,2025-11-23,d1c3793d-80d2-4adb-98a1-ac3c584bb64b,163cfcfa-5213-4025-8eb1-dd67b17587f8,56,1,32.39653556251604,0.9865808840187138
cac92b5e-a7a2-4674-a106-e493324b6803,2026,2025-11-23,96e82d65-67c2-4e96-a2fb-d7ca3dfe1353,cf602be1-6a27-49fd-9b3d-ab9e31f55454,1,1,17.19493164090508,0.9279119533426196
cb8ff1ef-279c-4f87-a9e2-d786b0ebee41,2026,2025-11-23,9111a425-068f-425e-9467-f3ac4b2781f0,955bd58f-0ae1-4b55-af26-b19062a2c04c,25,1,8.795804661625883,0.7801460856522711
d2410a14-457e-4aeb-9c44-73b304572fb6,2026,2025-11-23,c155c6af-1897-464f-ad91-10b605e5eb7c,5cf39234-dfea-4208-be18-092f71c2f05c,9,1,9.20264095933446,0.8285859872163841
d52b5b8c-befb-4c7c-89ea-48263ddcb0e4,2026,2025-11-23,29343f0d-eec4-44e0-923a-b7c6360ad1cf,e020519a-e90e-4b63-bb2c-f17dc31b5a56,9,1,6.4168362586915775,0.7145015308084167
db5f0971-4673-4f27-b64e-b045f9ebef41,2026,2025-11-23,c64c255f-43f5-4a08-99f3-222dd9aa0731,6bc5ca07-a958-41a3-8a95-eb5988cd48d6,13,1,2.059696567787525,0.5719972778116948
e07a76fd-e41b-42ea-89cb-53f347109c57,2026,2025-11-23,508005ba-15a8-426a-997c-b0e36e4e6b58,9c03bc0e-03a6-4b67-a95d-bb653d5afc1a,-3,0,-6.347258575875526,0.34606912396219247
e1da4ac4-c792-46b9-8262-1bf8e2a6f4d2,2026,2025-11-23,2ffb1e88-0784-478a-b74b-a0a0832b4e30,e23a2171-157b-49cb-bf14-34996402c465,6,1,-2.1674687167142523,0.4465356555271934
e638028c-3bad-4bcf-b2e2-1cfd197bc965,2026,2025-11-23,0cc86d2a-a1ab-4ebb-a968-3d4011c8d356,0b613bb0-e3c8-412a-8845-b9807552ba60,-10,0,-1.6882070559163393,0.39820464979072534
0462dee3-a710-4882-98c3-f27d9f5be748,2026,2025-11-24,69288ce9-31e9-4d18-9e18-89226b85a2cf,87d79a84-23f3-4e7a-adbf-e627ade400ed,-5,0,-2.102699679913554,0.39628439243095936
0adebfdc-6ad6-4967-ba03-cd533f1db244,2026,2025-11-24,e41ccbd3-d51f-43e5-b037-4cb81b41b713,62093611-a202-4f7e-8d13-ed4c5498a9c1,-8,0,-3.7135184498469958,0.4011697437451106
19a2ab0d-0745-47af-a1a7-40bcb05cb9db,2026,2025-11-24,31ce23c8-e471-4fad-b117-36f72628b875,98674fec-442f-4d8e-bff0-fca634b9ceb1,11,1,10.319496616082905,0.8031419099379516
234e4f25-e965-4891-9ad7-ed6731dad562,2026,2025-11-24,4f107cef-d28a-41e5-b9c9-9f537c5a92e2,47c889b3-c1a2-4035-ab56-edaeee3a3c86,24,1,28.13631055841659,0.9853790523819564
29165524-70c5-4475-af7c-7ec6d2749cfe,2026,2025-11-24,81e6f1a5-d8cd-43bb-ac87-6c20719f72f3,5556385d-827a-48ff-a603-cddd42d7d7f3,-5,0,2.1100734748143717,0.5941339050331295
2b540465-0ca5-4436-b831-721d40a0df5c,2026,2025-11-24,e77246ad-855c-468d-8b07-828f76134191,47407d60-8e46-4d83-bf47-4b7ef8576ebc,-4,0,-10.319797741820398,0.12207518947701458
34eddb9a-a43b-42a5-8a72-b30960c4400e,2026,2025-11-24,d1177041-d515-453f-9b73-e9891b41324d,64d8d377-0ced-439d-a3a6-bbf2100037d9,3,1,14.988145140758904,0.9049073624009185
36b71ee8-1dd9-43f3-bdb8-158a6ae37ff4,2026,2025-11-24,71835168-f6e1-4523-997c-3851fc41f646,b9d6eada-8645-4be8-9331-81fb5ab905f8,-35,0,4.367960999211139,0.728130183898451
3ff429db-632a-41bb-85ab-dc98186a1a5a,2026,2025-11-24,2ad39bf7-6b52-4185-b83e-15dfc5686cf0,60686ba3-d38f-468b-ac14-3d7c8518e868,-19,0,-1.798430815472883,0.5401520788173528
4b4a0496-8270-4798-ab30-a3290d111b93,2026,2025-11-24,84769f97-e86d-402a-9eb2-d31118f663ca,113c0c3d-54d6-4c64-b168-7ea3f3c20e76,5,1,7.554208965741507,0.8014221055406584
4c41caea-59f6-49b7-8973-7a584c40f035,2026,2025-11-24,69001211-8ae2-4829-9746-40b6a0858890,fc1af6b7-242a-42bf-bbe3-325108828697,-1,0,7.5013827876144585,0.7212459500180913
57815fc1-b1bb-4037-8fd6-782c8c52ae0a,2026,2025-11-24,bf002b1c-e14e-48a8-9c75-d70de0b2a31d,61080933-9c42-4844-9cd9-7cfbcb9cf94a,-14,0,2.419927643165522,0.5979437306431472
5deb239e-e659-4859-9324-835030351441,2026,2025-11-24,0fbb2a6f-3944-46a9-9fa8-51376e18b3d9,ea802991-74ac-4210-b3cf-e4a4c4006e76,-3,0,-0.8009550952121652,0.45746588307164054
669a08d2-6b9e-4e83-8b6f-b13e85262350,2026,2025-11-24,1cff0c34-63d9-4a64-a258-a50e61fee7cf,fff2e22f-8e66-494d-a434-8838f329f8a0,-8,0,-12.87456436620313,0.07007868268715817
68d972b8-5bf7-4c30-baa9-83f4c92fef32,2026,2025-11-24,12fb3719-3067-4770-ab8a-b11eeb73faae,34176634-892e-43b1-917d-cc003f8b9c03,21,1,6.091681230539695,0.7465558302928255
79a5f33c-1a8e-41cc-9fba-968673c305ba,2026,2025-11-24,1ed24078-84ea-4147-b356-c8543c93aa1d,33a13edc-a688-48dc-a4f0-c3624bb05c07,5,1,13.20267569442267,0.9217329353783238
7c20119e-68c0-4be4-8f46-82176bd3731e,2026,2025-11-24,15e4f40d-8279-4f7a-8095-613e3a6ded31,8a24da63-2163-47de-aeff-97b77094e860,28,1,10.861668738912563,0.8496690461077887
7c5f3e9d-79f0-402a-96f6-d5f90414079e,2026,2025-11-24,8423734f-7076-4655-b3ef-3528aa9176ff,4cc6318d-53ba-46a4-90a2-0714f3d5dc14,-5,0,7.899969725574775,0.7761177820295295
88196eaf-844a-4b61-b967-05ec86ea37d5,2026,2025-11-24,8af24be9-3bcf-49dd-8a7a-9a412402712a,28c5e9b8-df2e-4fea-8442-2a3c31753cef,-8,0,-0.7408198158153593,0.4015814610654975
8fda63b9-7082-4992-8121-31457b5402d1,2026,2025-11-24,69307d4c-6e7f-4329-b6c2-1f3902362083,557c7aed-66c7-4dde-aef2-6dc573ec91e7,11,1,9.361702067264476,0.8469812444228638
9087116f-5fca-453f-b86c-9baf3b96868c,2026,2025-11-24,6038b249-00da-461c-9074-cfb1ed11d9ab,18b86bee-6b10-4c86-95ef-959dd2d80cd5,-7,0,-3.0356858960889586,0.3979079560673434
9d40a500-ed63-4658-a8c7-a3f7311237ff,2026,2025-11-24,179abcd1-98d5-4dc8-8532-3f8ffee320c5,e088b1fe-16ee-4cf1-baaf-6ce4139f13df,30,1,35.63575023054769,0.986052146455818
adfc7ca7-eaaa-443d-9011-1afdf3ecf496,2026,2025-11-24,e23a2171-157b-49cb-bf14-34996402c465,0dc6096e-6097-4da2-a279-a7e256c526e3,6,1,4.357507718344475,0.7149533452772754
b4fced6c-927e-4a53-b7c2-ade12f184a87,2026,2025-11-24,f8fb3b2e-223b-4478-a029-9c1209865bdd,26a9b9da-a6e0-4e12-a95c-e1e51e72fcb0,-13,0,-7.584574606494412,0.22962011399729695
bdddfa4c-d464-42f3-bcdf-989d5b8b7ac0,2026,2025-11-24,c4fed5b1-14eb-4033-8832-59e6c0004cf0,f77c8c1a-5fb3-48ef-8210-484010dd5e32,24,1,9.359777595837901,0.8907295299599765
c343df0e-2fec-454d-9452-32232293ade8,2026,2025-11-24,03914b2c-1603-4f8d-95ae-9f80025284f2,85b4dcda-76c3-41e3-ba40-71e093a8dcd5,-11,0,-0.8560301308285276,0.4052079711538711
d5b4463b-4712-4e19-8802-a3f19164d737,2026,2025-11-24,9f15591e-786d-4c01-a688-1272fa1c111b,e3ccd256-a37a-40d8-b059-aca05f884ee1,10,1,8.399149617647282,0.8219060858993328
d7eac5bf-c96d-4775-a0e4-b09eeb102a66,2026,2025-11-24,e30dcda9-70a8-4f5e-a91a-5eb2cf1e2c36,31ca13c7-e30a-4d9d-a3a8-5197d5e4342a,7,1,-5.132957232969493,0.30094590507864505
e6349b1f-579a-4995-b037-d5bba42f80e9,2026,2025-11-24,82ae3098-41a3-4c5a-92a0-aa7a592b5f7b,2979c251-171b-4f39-b156-d19f2d179eeb,-13,0,-7.50828094834172,0.2131119350405414
e87cea99-0bbf-4a08-91ee-b7c33a46a9ad,2026,2025-11-24,69c2db2b-a8d1-48d3-89d0-ef9669af0b7d,5c4db420-ac2a-4491-9f2f-f15fdf65d283,13,1,7.6112625759773795,0.8099603386410443
ea99427c-9da2-409d-b28c-90867e9623cc,2026,2025-11-24,7da471c0-9955-4f80-b861-d7753ac5a7eb,ed251b78-3a68-4e91-b25d-08ef8bc8face,-11,0,-4.341631251956557,0.2718949546636087
edc03a29-9311-4af0-97d2-fbf6d45e5b18,2026,2025-11-24,bd78de3d-6129-4bfa-8203-6ad7e79b5e54,fb351878-91c8-4144-83c1-92f166d447f9,14,1,28.98283089876929,0.9848358847911707
f237ae02-a53e-4b6a-b6a3-b200b338ae81,2026,2025-11-24,428ae1bc-1e48-41c7-b7f1-da980b8a18b8,694c9825-86e3-466b-9eed-01db85397149,9,1,1.7039228380014095,0.5794679420838763
f6b972aa-a2e4-4441-94e5-56968bbd2221,2026,2025-11-24,512bdb5c-66bc-40fa-a392-cffe3e058403,62c7a397-21d6-4b22-9b24-ba5a29ee8771,-12,0,-0.7071430692572193,0.5643173162434255
fbb31b8e-8606-4d94-9e00-ff8caeaff75c,2026,2025-11-24,3e01dbfe-c709-4674-98f7-dc2f25d068ba,8b53b385-4f61-4998-bac6-527e69c1fd6d,2,1,4.8105348395382475,0.5876811677553798
fdbba4bf-8918-45a5-b987-af9bf22be2c4,2026,2025-11-24,eaa03f66-f667-48c2-9f30-ccce38d89e56,d5485362-65cf-40d8-bd4e-d8c6c4613f82,41,1,24.16457368702728,0.9844221634423457
05c1f0d5-d3d6-44ca-948d-7fc7e2810675,2026,2025-11-25,85b4dcda-76c3-41e3-ba40-71e093a8dcd5,9293675b-8878-4a32-bee5-496b4818dbde,-9,0,-2.6868517297307264,0.43283856767991286
09cd71fd-4eae-40f0-a16c-d2e3ddbb0798,2026,2025-11-25,2a864769-3bff-4022-a96e-3092caef4c93,e672d935-837a-44a6-9e69-a25859488a24,15,1,12.167782014869957,0.82488255808311
0b940f2f-a93c-4689-bb2b-ab59c1b4e160,2026,2025-11-25,e08292aa-f0dc-4c1f-ac0c-138ec5d15372,364c8255-118d-4dcd-aa72-a62621e3aeb6,8,1,-2.6356361067652183,0.469287508952233
0c9bfd2b-7902-47c8-b3f5-e47c4a64aee4,2026,2025-11-25,fff30549-83b5-4c44-9f3d-444f65ede45f,cf602be1-6a27-49fd-9b3d-ab9e31f55454,32,1,32.67640013390325,0.98800421580539
0d69f920-cc35-4c96-b6bd-343d7b7550de,2026,2025-11-25,41a1e4ad-a290-41a2-8940-662b1fc85e89,2c2e9f9c-9d33-474b-860c-f9230f147fcd,18,1,12.267843949467196,0.917143892411059
106977f8-a7e6-44e3-96b1-2d6073abb596,2026,2025-11-25,032eda63-2e4d-4c72-8c92-51b97442dea9,b5111a29-5c09-4364-809c-3686a2b45d1f,-30,0,-10.650354226266186,0.17669964647167086
159ddea7-96df-48b2-88a6-687d159a0992,2026,2025-11-25,30dcebf9-dcff-4743-a05a-d994a902866a,cb1b95af-f118-4a94-a324-d05b88869a43,-23,0,-8.797586482214424,0.22520526384272782
1869df80-63ba-4e23-b15e-6662da5df222,2026,2025-11-25,a9a08ada-6bbe-466a-b4ef-e2fe68dce231,8315c904-1e6e-43c1-a538-e2bbf8bc9ca0,-15,0,-8.628139393132013,0.17970318972501273
1a306c14-9196-48b6-a00e-c421220d82ac,2026,2025-11-25,d9469ea9-44c5-4803-8d5a-39cf4028ea3a,c68084a8-36ec-4f0e-963b-561f5ea2c46e,30,1,19.620021250046356,0.9770210520650078
1deb6fdd-8d15-4bf2-a703-d2502c3739fd,2026,2025-11-25,19bed18e-691d-4e79-aeaa-771b745bf2a1,160d00cd-1792-45ab-a465-c2d2dcdcab1b,30,1,19.0775359638073,0.9807161207923791
33c66ed5-c730-469e-a2b1-d2e66bffc7a7,2026,2025-11-25,90df5863-ccc6-4ffe-b441-dee520cc7fed,124dd15c-311b-4d83-becb-7150d849218d,9,1,9.419212481141464,0.7955068625343183
3698a37c-286c-4863-acb0-3fd16282262f,2026,2025-11-25,38f31497-065b-465d-ab24-3fa581de1831,cc517ba4-b26c-41e0-bc91-66f5ceb16558,18,1,8.857131639088694,0.8830149080798871
3867ff87-9030-4f8a-9f76-434eae765bae,2026,2025-11-25,f77c8c1a-5fb3-48ef-8210-484010dd5e32,b979de70-af07-4320-9f20-2b9606ce8cd6,-4,0,-6.686391059066005,0.24261608599909015
387014da-97a0-4c5b-8d8d-a8e264cf6622,2026,2025-11-25,26a9b9da-a6e0-4e12-a95c-e1e51e72fcb0,82ae3098-41a3-4c5a-92a0-aa7a592b5f7b,10,1,8.684552400520605,0.8344041451725535
3ba9adb3-0e35-40ad-a985-b737ac80bd2b,2026,2025-11-25,113c0c3d-54d6-4c64-b168-7ea3f3c20e76,3b0fb0e0-1625-4a53-8ad2-e353ec84cb0f,8,1,-7.122810698400549,0.19095715319653114
3fab3515-4879-44f6-bb22-3bc6bc539b78,2026,2025-11-25,03914b2c-1603-4f8d-95ae-9f80025284f2,082024ec-29ae-4a22-8851-c5373988f9bd,12,1,5.909948436334022,0.6926334076893652
4315167b-664c-4e4e-b988-19c3a4e532fa,2026,2025-11-25,5c7b85b4-380b-4ce3-bbc7-e0b1ac767c3d,2ffb1e88-0784-478a-b74b-a0a0832b4e30,13,1,-4.8703867756208155,0.3725580909219426
4c217017-e55d-46a0-8245-635df97d2fb9,2026,2025-11-25,28c5e9b8-df2e-4fea-8442-2a3c31753cef,7da471c0-9955-4f80-b861-d7753ac5a7eb,16,1,8.208361565440827,0.9096591834642547
4f459da6-ef92-4c9b-a000-4181d611793f,2026,2025-11-25,8cc8f38e-384d-42b4-906f-97ff66fee7d7,31ca13c7-e30a-4d9d-a3a8-5197d5e4342a,-15,0,-7.135237776680925,0.28413514957013114
54d44a23-3837-4693-a7ba-a9fad7e3297f,2026,2025-11-25,89146125-2618-4b85-9bb2-a7d785fc8c0c,7cc2bc8e-b314-42a5-81cd-bd21acdd42b2,-11,0,-2.8344791803633376,0.3738646653463515
5b3fd7da-0cd6-4ae4-b029-bf68d94e41fb,2026,2025-11-25,cda5f197-ae6f-4f38-a523-d1e70b218821,131339ab-8b21-40bd-af91-c2dd728a68dd,21,1,19.6272115801562,0.975401020488317
5b8911c8-5551-4729-9558-5880f247253a,2026,2025-11-25,c4fed5b1-14eb-4033-8832-59e6c0004cf0,e9570bbf-fc5b-474e-b98e-151eee207d8c,-10,0,4.716231009891453,0.6804627373971428
5cf39b79-ae01-49da-8157-403517b0b431,2026,2025-11-25,9f15591e-786d-4c01-a688-1272fa1c111b,fdfebc81-138f-45de-ad5a-cdb4c98c5dc1,11,1,7.78514072234983,0.745270602844503
61401eb1-4020-4cf7-ab59-ce485c6084d5,2026,2025-11-25,3fe51e56-cced-4ebd-bc3f-5269a8690fff,fe6d6aa2-4515-4014-88ef-eb2bd91e54fa,-17,0,-7.8667822184255884,0.21388883398996175
6176e562-9a4f-4e4d-ae99-d525712de921,2026,2025-11-25,fc1af6b7-242a-42bf-bbe3-325108828697,0792fde4-bca8-4a47-9b76-8d8191a2ac93,6,1,6.387524983098001,0.7669278704153184
671054ef-22cd-4afc-938e-bbaa1d501521,2026,2025-11-25,8da08445-76e5-4e98-be98-4f101d670980,cb2346de-1887-4050-8b6f-5480779486c2,11,1,16.43372295077139,0.9548734765470289
69028291-a3fa-4fa4-95ca-ca4886e357df,2026,2025-11-25,3d8fedb9-0847-4666-82df-5f520b704ff4,d297d4f3-0edc-4461-aa7c-7be49fc9aad9,36,1,35.003928350680965,0.9883553645483298
6eb3cdda-2f7d-4397-b96b-bd480945079e,2026,2025-11-25,023093fa-50bc-4974-a6da-14f0e4b070fe,e4afe8a2-8546-4df5-b5e9-cd85edc8fc62,-3,0,4.7664159091314815,0.7131015933634941
6fbfba39-f7b3-4d4c-941b-288c920cfe16,2026,2025-11-25,87526af4-8053-4a04-978d-c8209eb24368,4cc6318d-53ba-46a4-90a2-0714f3d5dc14,-17,0,-2.576750329004718,0.4009039904790276
746f7053-b84e-4cc7-ae76-899417cba5d5,2026,2025-11-25,8c2a4a9c-1ede-4db2-aecd-cfe02e686b8e,a712dee9-a06a-4809-9e11-8e4b4233face,-2,0,-2.7310374928754286,0.3113498833430845
771f7417-17a0-4e13-a1e9-99612155630b,2026,2025-11-25,0b81f60f-d170-4ec1-9003-5fc16e4afa3d,897f9506-86e7-4d3e-8eea-2b85ea85fa8e,-5,0,0.4303536774848719,0.4949780916001001
80147256-08be-46be-86ae-776c5021a274,2026,2025-11-25,b9e807be-99ad-41c2-94bc-6049272e3254,3f9ea222-2b0c-4f93-a0e2-601346d6030a,39,1,15.784673725072164,0.9539749077530773
89d2cf0a-a184-431f-8619-54b10f4dce1e,2026,2025-11-25,e80d2384-bdc2-4f58-b09a-284a659a4d81,86dd8d64-758b-4592-8af6-2536cef92fc1,14,1,19.982113592970773,0.9786743581228067
91f697ad-287e-4171-823c-9303369fd5fe,2026,2025-11-25,33b3ee1a-8578-4f30-9145-044433be9e46,ef533bc7-18e1-474d-96db-96668fe59c22,13,1,14.177019806997116,0.9229209330264502
9234bdca-ae09-444f-a88c-5fc12bc23fd1,2026,2025-11-25,64d22a8e-0b18-48ea-a6a3-5619cb8be43e,32d092aa-6752-439b-89e2-6538ab8523cd,48,1,13.002081431910382,0.8947196138567364
9a952d61-b46e-4bf8-80e6-ca13034fb328,2026,2025-11-25,ed251b78-3a68-4e91-b25d-08ef8bc8face,69307d4c-6e7f-4329-b6c2-1f3902362083,34,1,6.757626998698901,0.7459348263812413
a1761e04-fcbc-402b-aed9-5114c423430f,2026,2025-11-25,67bb6cc2-0917-4bf3-ba89-bc624925b956,39c61fcf-89b3-4523-aa61-7e031fae7e9c,11,1,7.1976796228196065,0.751165331538772
a4802339-adde-406b-a461-b768127bfe4b,2026,2025-11-25,d783c621-0bb0-477b-8bad-8785e9451e21,3710f3f1-b8c6-4f75-85b7-66deba7d916a,-3,0,9.414877669420932,0.8003164796794623
af31febb-fcf8-4a93-b37c-4fa8878a9f0e,2026,2025-11-25,7a2ae4f1-b509-40e8-b553-cbea5aabc4be,e3ccd256-a37a-40d8-b059-aca05f884ee1,-5,0,-5.171171543523479,0.36041297858651367
b40c5d16-1c1e-41c1-a172-b1dc0466472c,2026,2025-11-25,29ca4fda-da79-4d21-b2a3-a87a25d02733,57d94665-96b0-49e9-ab6b-a7cd6a1492d0,17,1,10.028055691618068,0.8457639438242552
bb8b5b24-9275-4dd6-b45e-3d1d186a127a,2026,2025-11-25,2232e72f-0d57-499b-a956-680031e1de18,68f6ce17-8443-4257-ae33-1f240c722bfe,23,1,8.175253895532574,0.8580550025088639
bc09cebf-22fa-4ceb-b34f-471bbe032882,2026,2025-11-25,2780a057-59e9-4719-9190-6a16ecffbaba,5a3e7af6-53d5-4398-8c0d-97e0d9ac977e,-33,0,-23.91916657774781,0.039117901314169735
c0f9877e-ffbb-49f8-99b4-adaa56589699,2026,2025-11-25,94a323fa-c3d4-4718-a4bf-f6dd1c93c5c9,7dc3e262-ccd4-4c87-8617-0ca6e819757f,7,1,18.104124187190322,0.9695265179657765
c57b3520-15b7-4ffa-987e-5e83c1c832ac,2026,2025-11-25,0fcf988c-9b3d-4eeb-bc11-4b461290749a,1b43514e-2b4f-414f-9f54-b04994ba33ac,-16,0,0.275350674859862,0.5295943393035301
c8af1713-dc8d-4985-9a53-1970825444ae,2026,2025-11-25,84769f97-e86d-402a-9eb2-d31118f663ca,1902edf0-3770-4094-9f92-722731ac4c93,15,1,0.4639765190175283,0.5315876438843419
cbc8e3ba-fa50-489c-8bbc-1ef9033b0034,2026,2025-11-25,2979c251-171b-4f39-b156-d19f2d179eeb,f8fb3b2e-223b-4478-a029-9c1209865bdd,-1,0,4.140043427952122,0.7385963557239007
cd7804f9-477f-4d27-8441-c375d9047780,2026,2025-11-25,87d79a84-23f3-4e7a-adbf-e627ade400ed,15e4f40d-8279-4f7a-8095-613e3a6ded31,-15,0,-9.381062764006773,0.18001085923277413
cd794d3c-f857-41e6-91bb-41efa201ef4e,2026,2025-11-25,8a720b96-af6b-4ada-bf15-b7b80a091274,d6a99784-3b3d-4ae0-a5c1-6689f04c9255,-21,0,-12.380280593619972,0.08518128902080815
d22502f4-6da3-40fc-86c1-15d9cc744e2a,2026,2025-11-25,9eea7343-e29b-42cd-8ec7-ccda00c95536,dedb794d-6852-4b7b-904a-15cd66966a0a,39,1,21.354317161918274,0.9813790953561101
d353a28b-9def-42c8-bdfd-1714bdbaca45,2026,2025-11-25,592b259a-709d-44c7-b547-07d6529132b5,e30dcda9-70a8-4f5e-a91a-5eb2cf1e2c36,-3,0,3.4058885914032886,0.6015780018200362
d8cba18f-ea63-47cc-9671-9b06f2b0196e,2026,2025-11-25,528a1feb-658f-4522-a7ce-decc11b8b925,5e9a1e57-759c-40bb-aac1-6bdb058fafbf,8,1,9.244533245993248,0.7452605233057653
e870988c-23d6-4bea-884a-61d22fa8a9a3,2026,2025-11-25,f31b656e-13ba-4eb7-bd53-66b20405c905,ad6d1a77-a3c3-4d10-9a5d-52b851597e67,2,1,3.6107562647430598,0.5504844525229821
e90ffe1c-0047-4282-bd1f-4fb779d8449f,2026,2025-11-25,732365b9-1faf-46df-9c75-4571516450f0,beb97225-0e05-4be0-acb0-2fdc74f6dab4,-8,0,2.0461489771451338,0.617917963025077
ea872364-25b6-4944-98d5-2b1eb97f4a20,2026,2025-11-25,557c7aed-66c7-4dde-aef2-6dc573ec91e7,0dc6096e-6097-4da2-a279-a7e256c526e3,13,1,-8.65745462555734,0.19185402525155673
f151479f-7ff4-49bc-8487-706cfddd07a9,2026,2025-11-25,b81dac67-4cc4-4d68-b327-0ecd77fe056e,31e4ae86-a8cc-4aee-986f-71aa76fea354,-6,0,-3.695290997151438,0.3526613909345689
fba9841a-02ac-4e00-88e1-94ab11b461d1,2026,2025-11-25,69288ce9-31e9-4d18-9e18-89226b85a2cf,8a24da63-2163-47de-aeff-97b77094e860,-7,0,-4.873234474027859,0.3424514768341812
fc9785b6-9629-4f1a-8f19-2b2a6ba524c6,2026,2025-11-25,866586a7-cbbf-44c7-87fe-e9343fef12c8,a40a35e7-bb78-4848-a0a4-11059f3caa39,-5,0,-7.318625941373988,0.19469616291973674
042d3a13-b5c0-47f8-aae3-04aeeafddf99,2026,2025-11-26,8121c98d-816f-4d3a-bb3c-4e9f3fbf65e3,fc19569f-90e8-4af1-8b2c-981d4b9b0e7d,-3,0,-8.4999049296289,0.21469439290943937
0c42ad6c-2b70-418e-bd16-95b3c16c77e2,2026,2025-11-26,38f31497-065b-465d-ab24-3fa581de1831,fdfebc81-138f-45de-ad5a-cdb4c98c5dc1,31,1,10.482954780599826,0.8996024540127208
11d71fd6-c592-44fd-a6a8-074ca399ebe7,2026,2025-11-26,b979de70-af07-4320-9f20-2b9606ce8cd6,31ca13c7-e30a-4d9d-a3a8-5197d5e4342a,-15,0,1.347744559369948,0.5842514260730185
13e2d737-f019-4f85-9bfa-87fd0fba8432,2026,2025-11-26,edb2bfd0-017f-4df2-b9c6-d8dcacb7e929,64d8d377-0ced-439d-a3a6-bbf2100037d9,32,1,26.503997298441472,0.9831492037280926
210ecf83-b850-45c8-aa0b-010f98095388,2026,2025-11-26,a01ea865-0b00-4f54-90fd-8674ed23cf26,4b705336-0b7a-4525-a3cc-151a9657a218,-8,0,13.885763221348187,0.9164244290003044
27fdc5e5-38df-4715-99a0-eb0ef5e7e8f5,2026,2025-11-26,0cc86d2a-a1ab-4ebb-a968-3d4011c8d356,6d9c7f06-e309-4b30-a7a3-37783b2b3f26,20,1,5.86611874610039,0.7207346281137423
2af8610f-6f47-45c7-be2d-e33d9faf07fb,2026,2025-11-26,33fe6f07-54b9-4b44-a9f3-e273b8b240b8,8c9b2481-8a04-4d21-baaf-cd9add16d15c,6,1,24.80307306547267,0.9840380914800311
2b5cb5f4-5e97-4763-946e-8d2c183a8750,2026,2025-11-26,1902edf0-3770-4094-9f92-722731ac4c93,113c0c3d-54d6-4c64-b168-7ea3f3c20e76,19,1,8.144778174359583,0.7707967473884735
2c00f3b9-00f6-4eb2-afd7-f8977ce9bbaa,2026,2025-11-26,4f107cef-d28a-41e5-b9c9-9f537c5a92e2,d5485362-65cf-40d8-bd4e-d8c6c4613f82,-8,0,11.882212064708531,0.8902030558187223
2f13f989-b9c9-4228-babf-86230d015768,2026,2025-11-26,a8ebd184-6249-4e7c-8e39-0d8d8249fe41,f37e86a7-66bd-40dc-b008-7a9017dd8f59,12,1,-2.977347057737646,0.38804051397572586
451f42c4-ad4e-4b60-bbd7-b2cee519343c,2026,2025-11-26,fc1af6b7-242a-42bf-bbe3-325108828697,f31b656e-13ba-4eb7-bd53-66b20405c905,-13,0,-3.9266576324546465,0.4849656995334797
463e80d8-27d3-4b07-904b-ebf13c8f9985,2026,2025-11-26,cb1b95af-f118-4a94-a324-d05b88869a43,8315c904-1e6e-43c1-a538-e2bbf8bc9ca0,44,1,9.009200024029631,0.7383010272354537
4f47ecd0-5722-470d-950b-10571a5d2c25,2026,2025-11-26,8a720b96-af6b-4ada-bf15-b7b80a091274,032eda63-2e4d-4c72-8c92-51b97442dea9,-12,0,-3.573674179914805,0.41392758308016386
500df239-ca93-4dc3-ae4d-0c6a22d6fa24,2026,2025-11-26,c68084a8-36ec-4f0e-963b-561f5ea2c46e,d88ac8c9-9fc8-4e76-9426-cf44fe70db47,11,1,-6.410182166688831,0.39747411977334646
508cf239-814a-4a29-a68f-78fbbe78dee5,2026,2025-11-26,3710f3f1-b8c6-4f75-85b7-66deba7d916a,9f15591e-786d-4c01-a688-1272fa1c111b,-5,0,4.6926586785622675,0.7223636913292466
52c3c77d-7c67-4835-be74-b417db9a390b,2026,2025-11-26,f77c8c1a-5fb3-48ef-8210-484010dd5e32,8cc8f38e-384d-42b4-906f-97ff66fee7d7,-5,0,5.5546966405779905,0.7060059079393565
53e05688-995e-4f03-b5d5-8a1f1c86d0f6,2026,2025-11-26,29343f0d-eec4-44e0-923a-b7c6360ad1cf,acbf5eb9-3a63-471d-8199-6067f912deaa,-23,0,5.0966324243488454,0.7335307820117315
542f360f-081d-476a-8cad-a591161ec052,2026,2025-11-26,d783c621-0bb0-477b-8bad-8785e9451e21,e3ccd256-a37a-40d8-b059-aca05f884ee1,10,1,18.981919121784543,0.9798443149745953
58d04966-16d9-45f6-94c6-32ff26f58b0e,2026,2025-11-26,c64c255f-43f5-4a08-99f3-222dd9aa0731,788df145-b514-4ea4-9ff0-bf2399dc7898,-18,0,-9.714712947530186,0.17101122837976607
5b087cef-8566-4f4e-bc8e-79c457dba9a6,2026,2025-11-26,512bdb5c-66bc-40fa-a392-cffe3e058403,20bb1fdb-2581-4660-92f8-ad08c3a60acb,-7,0,-4.616785856792922,0.321898908200956
60ed4deb-4f1b-4c00-99f4-b570488a76cc,2026,2025-11-26,eaa03f66-f667-48c2-9f30-ccce38d89e56,47c889b3-c1a2-4035-ab56-edaeee3a3c86,57,1,36.45038424566021,0.9885753771465936
63d366ad-b736-4671-9456-71c8550e293b,2026,2025-11-26,1cff0c34-63d9-4a64-a258-a50e61fee7cf,1ed24078-84ea-4147-b356-c8543c93aa1d,-33,0,-16.54536249432896,0.04766652981706663
69e8eb2b-b37c-4190-bf6f-18c3f4af3987,2026,2025-11-26,0792fde4-bca8-4a47-9b76-8d8191a2ac93,ad6d1a77-a3c3-4d10-9a5d-52b851597e67,-14,0,-6.301224922766406,0.25112926308654565
70ea2152-64cc-42cb-b47a-cb84e4deb877,2026,2025-11-26,cee4e9fb-16d1-4b9a-bbeb-6f26c9d5c340,be3dc89e-c7d8-42a5-878d-a2f181f0914b,50,1,27.630668072606504,0.9853142037413813
71629185-f9e1-4031-8cfc-ca5b32bcb571,2026,2025-11-26,ed01ba53-c6ff-488f-903e-9b348a195c03,39c61fcf-89b3-4523-aa61-7e031fae7e9c,13,1,7.43205017877625,0.791333491864236
71adf5eb-4675-4f20-ba9c-1e6d4d6d44b7,2026,2025-11-26,ba959da0-313c-4413-aad3-124a5c216494,6231ae3d-0d12-480c-83ed-e282959cb8c8,33,1,18.191439621620614,0.9817108747042865
73cfb9d8-72d2-46ed-8cf6-c5fd18dbc5a9,2026,2025-11-26,a8b565bf-c152-4fc8-86ac-49c71bf2fc1d,ea75002f-0c50-4cca-8d60-8926c2f2c077,-11,0,0.9149221239231993,0.5450799560086692
75794461-7af1-4f8a-bb2b-b26463508cc0,2026,2025-11-26,f8a7f441-6bad-4648-bfac-a202788a07f8,13fa8aab-518b-46ed-be28-b5c24acfa430,13,1,-0.5271480974494711,0.4457473678920553
7bfc52f8-7246-4ad5-b3dd-e8b988d03cf6,2026,2025-11-26,f598c6c5-97cc-41a4-83b2-84f08d3397f9,e088b1fe-16ee-4cf1-baaf-6ce4139f13df,42,1,15.104394372410777,0.9278119288342487
8225cde4-87f0-4838-9e27-6e9288c2a62f,2026,2025-11-26,8ccf579a-f19c-4639-b260-5fa8dc2c90f0,71835168-f6e1-4523-997c-3851fc41f646,8,1,1.0070745020162892,0.5265422570836008
8412744f-5185-4f19-97d3-ff1de1ab1e47,2026,2025-11-26,c8280280-8b91-475c-9d30-faed3dc9ec3e,9111a425-068f-425e-9467-f3ac4b2781f0,-29,0,0.5180856415225219,0.5307959818065802
84b8c47b-281e-4e95-bdda-90e269ceae71,2026,2025-11-26,1999688e-7015-4a04-8450-734eddcbcfe4,30dcebf9-dcff-4743-a05a-d994a902866a,12,1,5.790565750633968,0.7010271801055227
8bfcf75c-7588-42d2-9e71-f9ac386de5d7,2026,2025-11-26,b9e807be-99ad-41c2-94bc-6049272e3254,dedb794d-6852-4b7b-904a-15cd66966a0a,33,1,18.812157706956437,0.966405365259719
8c9a59dd-f326-4686-a2ae-dbcf268136e5,2026,2025-11-26,c4fed5b1-14eb-4033-8832-59e6c0004cf0,592b259a-709d-44c7-b547-07d6529132b5,10,1,-2.362951324376078,0.3966501744861849
97f31e07-b7fd-430e-86df-406b7b360373,2026,2025-11-26,e9570bbf-fc5b-474e-b98e-151eee207d8c,e30dcda9-70a8-4f5e-a91a-5eb2cf1e2c36,14,1,0.7328213752842554,0.6197982760078532
9c11d415-509f-4e95-8e48-a37ae89d20b6,2026,2025-11-26,d9469ea9-44c5-4803-8d5a-39cf4028ea3a,9eea7343-e29b-42cd-8ec7-ccda00c95536,40,1,8.92074171212172,0.7840426395540316
9ee06c32-a7b5-4d63-bf3e-c2781cbdd990,2026,2025-11-26,8423734f-7076-4655-b3ef-3528aa9176ff,87526af4-8053-4a04-978d-c8209eb24368,-8,0,4.345600936387473,0.6538235399157167
a3fa289c-3d50-425d-8215-f2522103829b,2026,2025-11-26,95ff4642-ef5c-46e3-982e-adab9cdca4e5,8af24be9-3bcf-49dd-8a7a-9a412402712a,16,1,6.980591102887869,0.792621136941854
a4442cae-5deb-4b31-9a07-2bf022ca14f0,2026,2025-11-26,31ce23c8-e471-4fad-b117-36f72628b875,6cbdd7e0-da8a-4b62-98fa-35c1f62f4afd,10,1,8.66783119693828,0.7923422079504792
a9c3b0b4-0eb5-42ee-aa1e-83ab560c1352,2026,2025-11-26,71e0195c-db7a-4df0-b519-17d796d8957c,5a788fca-07ce-452c-901e-2d9250aa8f8f,-2,0,0.5841763476282621,0.44207315048539597
b368a2e4-c3d3-4ecd-b30c-802e3cc7b1ea,2026,2025-11-26,69001211-8ae2-4829-9746-40b6a0858890,7cc2bc8e-b314-42a5-81cd-bd21acdd42b2,5,1,1.2923069359426753,0.5597176092150619
ba64b805-9d17-4b48-b3be-d89aae682c23,2026,2025-11-26,b5111a29-5c09-4364-809c-3686a2b45d1f,d6a99784-3b3d-4ae0-a5c1-6689f04c9255,3,1,1.2150290187658357,0.4668039333678684
bfa21bca-6dce-4299-853f-b2c138a278b1,2026,2025-11-26,2f197fca-5329-4606-8c7d-9bf31ea65732,2390b5f2-24b9-453a-b023-e7b36da375b6,-13,0,-6.8249615692905,0.31035241789410944
c7a07c62-fc1f-41dc-a2b3-88c3bfec156d,2026,2025-11-26,33a13edc-a688-48dc-a4f0-c3624bb05c07,fff2e22f-8e66-494d-a434-8838f329f8a0,-2,0,-7.140838303539518,0.24250111198384305
cbcd6786-3023-45f6-8ba3-5a65f72c42a0,2026,2025-11-26,be625a9e-aede-4fb2-98ad-3c0baa02528c,f497a267-e78e-43dd-9ab3-4299cf11c08e,-10,0,-7.933342299588016,0.22382501413060502
ce69ac5e-2f98-4d04-8636-b02efb08757b,2026,2025-11-26,b7591c8b-00fa-47a2-8280-adf031b24a4f,7a5b9a33-aeac-4742-af69-49a1be24d3cb,-12,0,-2.0729665545317535,0.3439988334897104
d87673ab-19dd-4875-8ec3-ca2d4e4a8c62,2026,2025-11-26,93de5342-985b-431e-9c3e-515381b67402,b86cac40-e643-41b0-ba96-76ef03712c8c,-1,0,6.314529339600759,0.7757903071973212
dec42e29-71c6-4093-8775-c2584448791f,2026,2025-11-26,474c10f3-c223-42d9-b9e9-48c37898ace8,a9a08ada-6bbe-466a-b4ef-e2fe68dce231,19,1,14.685333558537073,0.9257327288358466
e6bedefc-196a-4741-b637-cd68e7907699,2026,2025-11-26,6eed5456-f1b2-4e4b-966f-71949e9d90ed,b58418f4-b3ae-444a-8ada-74ff43e88ea9,13,1,9.614291184744593,0.8747870457333464
e704149e-0696-437b-9c32-8cb1bdb0bab9,2026,2025-11-26,84769f97-e86d-402a-9eb2-d31118f663ca,3b0fb0e0-1625-4a53-8ad2-e353ec84cb0f,-2,0,-2.2291709373533255,0.4268086140097994
eb6f7d02-4eba-4443-a57d-f61b9467ddd7,2026,2025-11-26,ed91598e-8b89-4385-bc40-49721b8aedd0,9a2c2dfd-070d-4aff-bdc8-ea71e1ff510f,-14,0,0.927942917969336,0.5357542695347617
ebf8bc9f-feb1-42d2-b7ea-1511700b9d45,2026,2025-11-26,1ba8fbd8-4401-4226-b1cc-82e937c56657,700ebcb7-55a3-4967-b5ef-89731a047790,-2,0,0.3941696061816359,0.48601165073402147
ee0245fe-3ff8-4438-abeb-ce15a4f30871,2026,2025-11-26,18b86bee-6b10-4c86-95ef-959dd2d80cd5,9b933a83-ef6d-49c0-ade8-facfdeda3183,-15,0,-3.312953495277294,0.40230826918942675
ee38868f-9055-49d3-ae6b-2b9814e59e62,2026,2025-11-26,8fc903e0-95d5-42fe-8972-bae53e4456a2,95adaebe-3c7d-4cf9-9380-e96c95761e6a,13,1,10.659900298640425,0.931945045091089
f2a359a1-0b1e-45e3-9c57-c3daf651f0a8,2026,2025-11-26,2ffb1e88-0784-478a-b74b-a0a0832b4e30,711ff92d-65bd-49a4-abc4-7aacd8c11f9e,-11,0,-9.781609672598897,0.1399033485676247
fa19bfb2-30a8-4f14-a7e9-c5f080198ef0,2026,2025-11-26,96649453-7ab9-4024-b242-590c57b62ab6,1b43514e-2b4f-414f-9f54-b04994ba33ac,7,1,-7.65409431813429,0.2091347759755493
fb151385-5a8f-4b67-a938-94d249f3fae4,2026,2025-11-26,6038b249-00da-461c-9074-cfb1ed11d9ab,0cd88aa1-5ccf-4454-9b08-d57795a231b7,10,1,17.411549073332473,0.9777968192062293
fe367100-0821-4d6d-81ac-e8a2cc6ee1fa,2026,2025-11-26,b655e208-570d-40cb-a275-91f219da9058,ed6e30f8-d1f2-451b-9a26-5c7f21af0125,14,1,4.472385796603791,0.7052610251835552
2acdd260-8ec8-4d17-8d74-6ea59e5fff2a,2026,2025-11-27,e6f966c6-5104-484f-a3a8-a7450aa491ae,68f210a8-33bd-4d79-a5b0-222aabe727e7,21,1,10.20039951851451,0.8375733011321084
2e4f9bb1-4aeb-4da4-9a99-5b3a37f1886a,2026,2025-11-27,cc517ba4-b26c-41e0-bc91-66f5ceb16558,fbbdc24a-ba43-42e2-afcc-a328f0d9938a,10,1,1.8748897675458505,0.6123346676400434
46013bb9-c069-4042-804d-e2b1fe89522a,2026,2025-11-27,c836e6fa-56f7-4920-86c0-a3d112f21365,0423c35a-c25a-42a0-a0da-e1918c78cd5f,17,1,-1.43418274977833,0.42539984404210496
4aa1adc3-3cec-4290-afe4-e3abf2d41dec,2026,2025-11-27,51b50cb5-097f-453e-99eb-4175d27ed1bd,5a3e7af6-53d5-4398-8c0d-97e0d9ac977e,-16,0,-7.432146628523627,0.2829998085186373
4d0aa01c-2491-469c-82fe-67e06720669d,2026,2025-11-27,bcadcb9e-4b19-49d8-a836-b1224d88a96c,a8ebd184-6249-4e7c-8e39-0d8d8249fe41,15,1,9.087809938767242,0.8854622546885288
64a5b028-bc6a-4253-a7ed-8ca75b69c348,2026,2025-11-27,1ba8fbd8-4401-4226-b1cc-82e937c56657,4ac9a4d0-e97a-403f-b290-b7bf3c0e8308,6,1,0.03652591192607858,0.5102003468363072
6c6fa127-eaa2-4b2e-9a47-f142154db416,2026,2025-11-27,7a2ae4f1-b509-40e8-b553-cbea5aabc4be,3f9ea222-2b0c-4f93-a0e2-601346d6030a,15,1,-1.3629536820649386,0.44587439618727753
7a2eff80-1d98-4ee5-9ff1-53c542fe71c2,2026,2025-11-27,2780a057-59e9-4719-9190-6a16ecffbaba,4e0916c0-6045-4d71-8568-b5e486ff2f92,-9,0,-7.553108791871993,0.23392036182758083
80390d36-64a5-481c-9ffd-a75ebbc07545,2026,2025-11-27,3b612ea1-b264-4279-9f72-b45216bfea4b,f37e86a7-66bd-40dc-b008-7a9017dd8f59,-6,0,-7.509038313146293,0.23876094449190755
8a671c6a-7b30-4684-a40b-a6cbbab9bf18,2026,2025-11-27,d1c3793d-80d2-4adb-98a1-ac3c584bb64b,ec98d839-43bb-427e-83c8-d832063ad70d,-10,0,-7.562816148727484,0.2883696408425796
a7a694df-e4db-4b49-9a07-04c24444ca84,2026,2025-11-27,14372359-5589-40fd-8dcc-6a04bbe7338b,d1623d0a-64d7-43e3-9f9b-36356767823e,5,1,0.6358573967349797,0.5843288448082464
ca502859-4465-4371-b3a3-533dc8dff47c,2026,2025-11-27,700ebcb7-55a3-4967-b5ef-89731a047790,d3445fe1-27cc-4d88-b2df-6ce2afe13156,-11,0,-5.411268776226459,0.37611344662905316
d22d5bfc-660d-4447-8eb8-480bfde9eb4d,2026,2025-11-27,977af06b-e276-4d26-9f4d-4b3c41c67885,d414d5fc-8653-43b8-ac66-ec8f63c74c82,-9,0,-8.26797717418386,0.25857779962054395
fa59c95f-2179-4c3d-bdc7-5b0401bec1ea,2026,2025-11-27,afbd548e-958e-452b-ac58-5b58b416aeb3,ab2292aa-bfd3-4e49-a17a-cf970962e75d,10,1,7.605146238285943,0.7597373239164043
07b58385-5043-4832-9f31-fb3525be1b49,2026,2025-11-28,ed91598e-8b89-4385-bc40-49721b8aedd0,8121c98d-816f-4d3a-bb3c-4e9f3fbf65e3,-32,0,7.124876462483018,0.7919581723404513
0ce63813-4f60-40ae-a8b3-8f5d5fcc7cca,2026,2025-11-28,ab2292aa-bfd3-4e49-a17a-cf970962e75d,195e638a-72ed-4f19-a47f-232630307034,-5,0,-1.1318205737897877,0.5290867086561203
12d956de-3db4-427f-b68b-204fc0cef12f,2026,2025-11-28,a8ebd184-6249-4e7c-8e39-0d8d8249fe41,700ebcb7-55a3-4967-b5ef-89731a047790,18,1,1.3317146034594318,0.5185273338593862
14c88f00-923c-447b-b01d-325f4b65c47f,2026,2025-11-28,fff30549-83b5-4c44-9f3d-444f65ede45f,43edca99-9154-45c5-908b-5e79c98e3147,27,1,23.291072098211675,0.9798086230579924
330e395b-06be-40b0-ab16-40bf6aeee884,2026,2025-11-28,d5485362-65cf-40d8-bd4e-d8c6c4613f82,47c889b3-c1a2-4035-ab56-edaeee3a3c86,18,1,11.173325586437798,0.9069990495080985
33a21286-dea9-40ed-8878-af489d10403e,2026,2025-11-28,2a453d52-4fcb-44e2-84c8-d2c1f91eccf1,fe6d6aa2-4515-4014-88ef-eb2bd91e54fa,25,1,8.84168060759247,0.8020424208986257
3e3a7524-2588-446e-958c-6cf1190d295b,2026,2025-11-28,175fb86f-dfa5-4661-89d1-221410e04eec,aa07fd1e-a03e-4554-9286-31e09a343db0,-5,0,-6.256906561588172,0.2868530859768272
411f0216-9e64-4215-b0fc-ab71bb5efd1d,2026,2025-11-28,79116858-d6a1-42d4-bb91-450b44d1e6b4,aaa0be6c-4ab2-4cc9-be12-f8658ecddc9f,13,1,8.554149680460656,0.8391147655017875
42cec987-ffc5-4db7-8983-83f9e7b0419b,2026,2025-11-28,f945abf6-7dca-4e3a-b475-bceddc534fb9,37789002-2f1a-4a5c-95f5-a4f487f719ac,25,1,21.655648577099065,0.9811753159867441
4ece9bd8-8d7d-4e6c-ab34-2c3104d6d4e9,2026,2025-11-28,d1623d0a-64d7-43e3-9f9b-36356767823e,d1c3793d-80d2-4adb-98a1-ac3c584bb64b,-13,0,-5.207403750830717,0.3612790310076122
5b4b0257-d313-4fe3-8413-9f843edcefae,2026,2025-11-28,e23a2171-157b-49cb-bf14-34996402c465,ef533bc7-18e1-474d-96db-96668fe59c22,23,1,17.743338287122835,0.9680776981348409
5c5b6041-168a-4e00-8c1c-db041e81439e,2026,2025-11-28,72aa3e8c-3c62-454a-8f40-09b46ae0cae6,be57d339-192b-4f8a-80f9-e4dafde63035,7,1,1.0696750618484894,0.6284789059139818
5c721c3a-47c2-4b38-acc7-7ab6b807dddb,2026,2025-11-28,1ac6eb65-663f-4f4e-b7cd-bcc9ec53efe0,d5861555-455e-464c-919c-9e6b99ce4495,12,1,3.9463780170389615,0.683579089140261
6928c754-010d-4541-b8e1-1d21511fb5a8,2026,2025-11-28,47407d60-8e46-4d83-bf47-4b7ef8576ebc,955bd58f-0ae1-4b55-af26-b19062a2c04c,7,1,7.881353546382805,0.7860446474562032
6ba6caca-be91-42b7-b15f-7d36122e8a07,2026,2025-11-28,5e1572de-c2e7-4a5b-a605-c095da467409,07f2978d-85d4-4892-8267-e6903cc20f93,-1,0,-3.604465639256434,0.34218119046275025
6beba89b-4b9a-4309-8ac4-d3bfaaef7d9c,2026,2025-11-28,3dfeaa6f-de19-4029-bdaa-0f2bd8ea04c1,bd78de3d-6129-4bfa-8203-6ad7e79b5e54,13,1,-6.7562891070368085,0.2788378243563087
6e257731-38c9-4d56-a6ae-7a2726ad30da,2026,2025-11-28,cdda7902-04cd-4834-972b-072f59dd1474,1aa7f46f-1a21-46c8-a8b8-ee19ee4b1e6e,21,1,12.48261070641241,0.8985896057961792
712f6053-61a1-4278-99ac-dff5421d6e89,2026,2025-11-28,19bed18e-691d-4e79-aeaa-771b745bf2a1,3d8fedb9-0847-4666-82df-5f520b704ff4,-36,0,-5.475054712717696,0.3367492680973838
74f69bf7-2178-4f5e-bcd0-fa6169480754,2026,2025-11-28,65cd560f-8b8d-4b8f-8a2c-2738484621b8,68f210a8-33bd-4d79-a5b0-222aabe727e7,12,1,18.350327555206672,0.9594192756597466
7afeaa33-17bd-4759-807d-7a22454d1e60,2026,2025-11-28,9c37b6c6-f9dc-49e2-a128-2681c0df2bf8,53e97ae2-3cae-46c5-8353-41eadbb17d61,14,1,7.44779335716127,0.7484893552441122
7ef15d19-14be-40e6-8f3f-ec5d7bfce36a,2026,2025-11-28,c5d35bbc-89d4-412c-8778-037158252c91,c836e6fa-56f7-4920-86c0-a3d112f21365,13,1,0.701750147890759,0.5259592715065834
8242ac73-506d-456d-a4a5-8399ea202df5,2026,2025-11-28,68f6ce17-8443-4257-ae33-1f240c722bfe,a296aea1-d070-4a8b-8dc4-62323ca3f942,-2,0,-7.897155240584449,0.1846796590438693
8457aa98-f3a7-445b-9058-b50c57a443ef,2026,2025-11-28,b7431929-7ebc-42a6-bef8-d0c5715e2c86,28cde209-3ae8-4939-9d83-2a6d645d427d,-1,0,9.010218188167201,0.7480248642585401
8e3ce82f-a8f0-4d68-af0e-af8bea321c81,2026,2025-11-28,afbd548e-958e-452b-ac58-5b58b416aeb3,72daa240-1119-4159-899a-d81875c1c916,7,1,3.990777364918688,0.7202468663269567
8f3bc7b9-88a4-44f8-b576-3372444e79b6,2026,2025-11-28,f37e86a7-66bd-40dc-b008-7a9017dd8f59,1ba8fbd8-4401-4226-b1cc-82e937c56657,-15,0,5.811305966007214,0.7298879014653973
907eacce-ffdf-4ff7-b08f-c4a95f20a971,2026,2025-11-28,8edd905e-18d4-4618-ba73-09af639ca94e,63c7d34f-6b58-4a80-ae86-320a182ddcc5,12,1,12.60985617153854,0.8984527837937739
9b9d399c-ef64-4603-879a-998808d616fa,2026,2025-11-28,ad070c37-e224-4aea-bff9-4bb770ef38de,e694b3cb-eeef-43f4-bada-32dba89664a3,37,1,16.663960987947238,0.943099412882123
a5ac1a34-2cb2-4ed7-8156-265563970fef,2026,2025-11-28,a2fd0527-f20a-4add-9101-ff8babf6ceaf,b28075f3-bd4a-486f-b563-0081500049b0,-2,0,-6.931998410097949,0.3447137880052367
a6816563-5f34-4535-8be9-6fa06bb4ab9c,2026,2025-11-28,64d22a8e-0b18-48ea-a6a3-5619cb8be43e,6f01f32e-67fa-44c7-8440-24a263829a82,13,1,18.878216349721956,0.9769215722199098
a69dc94f-c6f7-4fe4-91c7-573197c97cf0,2026,2025-11-28,567fb73b-73a0-4437-a1ed-314d40d93e6f,2d467e3e-e5d9-499c-a1ed-225d0c3ae91a,-11,0,-3.7550468653754687,0.41337809064602477
ab0def15-7e31-4dd0-98ed-ac6b69480b6b,2026,2025-11-28,3ce97af9-70d7-4dc9-b13b-4f4221b9e09a,0423c35a-c25a-42a0-a0da-e1918c78cd5f,-16,0,-4.211131177611143,0.34699670951498307
abbf24f3-f101-48ae-a87d-ed005f28c24e,2026,2025-11-28,eb5b8376-53ac-42b0-a932-bfc4994faa1e,853ab0d1-c982-4e7d-8187-8600084662c2,10,1,10.604022921031776,0.8145379462016245
bef65ed5-30d4-43ea-83cf-b430434d5853,2026,2025-11-28,b655e208-570d-40cb-a275-91f219da9058,6c5e0081-14ff-4e1b-829d-a107919bc58e,7,1,10.734272518840946,0.8839901330952347
c76cf332-bd69-4b5e-a058-20e4a77467af,2026,2025-11-28,bcadcb9e-4b19-49d8-a836-b1224d88a96c,d3445fe1-27cc-4d88-b2df-6ce2afe13156,25,1,6.608930560314189,0.7485255126082868
cb09d3d9-2d3d-44e6-b13b-588c66895117,2026,2025-11-28,8fc903e0-95d5-42fe-8972-bae53e4456a2,ba959da0-313c-4413-aad3-124a5c216494,30,1,5.07713643652429,0.6783588914219879
cea9fed0-1d86-4376-8e6d-81d6640a1d2f,2026,2025-11-28,a544a5d0-4cd1-4756-b079-30a9a7905cd0,131339ab-8b21-40bd-af91-c2dd728a68dd,47,1,35.549636541340284,0.985796522250838
d00e72e5-de71-4272-a97c-a94914420aa7,2026,2025-11-28,6231ae3d-0d12-480c-83ed-e282959cb8c8,95adaebe-3c7d-4cf9-9380-e96c95761e6a,-8,0,-9.785587971426288,0.16173829013167262
d09ce234-4560-42fc-b87d-5b23ecced105,2026,2025-11-28,9a2c2dfd-070d-4aff-bdc8-ea71e1ff510f,fc19569f-90e8-4af1-8b2c-981d4b9b0e7d,-26,0,-3.431314484269145,0.31173000080285507
d3364e46-177a-4027-87c9-67fd919662d5,2026,2025-11-28,1caae9e8-45a5-4b50-88a3-e3d388c52d33,aa6e74ec-70a8-4e02-9b58-0e0e886cace2,-7,0,10.610278997106802,0.9086513804716645
deb8ef70-1699-4e43-92dd-671f8dc4c414,2026,2025-11-28,34176634-892e-43b1-917d-cc003f8b9c03,517665d2-60c6-44a7-a80b-78212cfb2db3,-6,0,10.46027163543545,0.8439487635765656
e587f285-3a30-415b-b337-70145797c707,2026,2025-11-28,3b612ea1-b264-4279-9f72-b45216bfea4b,4ac9a4d0-e97a-403f-b290-b7bf3c0e8308,5,1,-1.5997834956777062,0.47783714867494964
f1d0bb5e-9f88-4e6f-aaf1-83e9fc72fd15,2026,2025-11-28,3b63b27c-8c94-4fb9-919f-62cd7944deb1,2390b5f2-24b9-453a-b023-e7b36da375b6,5,1,2.265082734294856,0.6071485109926642
f2ddb719-b508-4d14-ba8d-2c6041bb5a9e,2026,2025-11-28,e6f966c6-5104-484f-a3a8-a7450aa491ae,813f7a1c-6264-4e11-88e2-21dcd0072c0a,-11,0,7.436840747891697,0.7600888369755887
f643de1b-fc1f-4628-b273-bb52be700826,2026,2025-11-28,03914b2c-1603-4f8d-95ae-9f80025284f2,8a24da63-2163-47de-aeff-97b77094e860,-3,0,9.444340104639476,0.8314246336063539
05f2ff32-01a8-47bd-a5d8-339daae8bb28,2026,2025-11-29,9293675b-8878-4a32-bee5-496b4818dbde,67bb6cc2-0917-4bf3-ba89-bc624925b956,16,1,10.968002314756346,0.9036201641594482
08688fa8-d687-4760-a19f-d8d77ade1672,2026,2025-11-29,aa07fd1e-a03e-4554-9286-31e09a343db0,d5861555-455e-464c-919c-9e6b99ce4495,20,1,5.494300129355523,0.6689381956182445
094c28b0-5637-45ee-9919-957928f9e58d,2026,2025-11-29,955bd58f-0ae1-4b55-af26-b19062a2c04c,aaa0be6c-4ab2-4cc9-be12-f8658ecddc9f,4,1,7.098079347661717,0.8125046343775094
0a41f471-0c1b-4c26-b99b-27f8855f0bd9,2026,2025-11-29,e41ccbd3-d51f-43e5-b037-4cb81b41b713,b2c3c0ff-6592-4132-b527-e3784532b0a7,-6,0,-2.938349294976567,0.3554051678193735
0b5acdd6-0c2d-4761-a6fc-277940962628,2026,2025-11-29,90df5863-ccc6-4ffe-b441-dee520cc7fed,8b53b385-4f61-4998-bac6-527e69c1fd6d,31,1,16.14059546893326,0.9498930673093688
0c8743be-da21-4677-8eac-8995823374b9,2026,2025-11-29,a01ea865-0b00-4f54-90fd-8674ed23cf26,023d3704-bd8d-4c41-a3dc-e747ba7ed642,29,1,9.159291689835586,0.800086261887334
1454450b-b723-4915-85f5-b7ef897c20af,2026,2025-11-29,51ad29ad-74f3-4879-a2f7-b09ed6f1c3e4,be57d339-192b-4f8a-80f9-e4dafde63035,18,1,1.0030802663809104,0.5269575273460729
14cab62a-68f8-440e-95c0-4f2ffe21be50,2026,2025-11-29,b9984408-0526-4a1b-9cb3-d6450264dcd5,cda5f197-ae6f-4f38-a523-d1e70b218821,23,1,0.5924348826758344,0.49482785070596286
15461858-c7e5-4726-8909-fb32de08b66a,2026,2025-11-29,2c2ff68e-eb76-44f0-b27d-9426785932d8,968fdb79-e800-43ac-b93d-53a22dee3a03,14,1,9.065290144659516,0.7780970626435111
17806df2-e5f9-430a-902d-04894e636e4d,2026,2025-11-29,ba89a28b-4588-48cf-be7d-683d7eaf21d0,a2fd0527-f20a-4add-9101-ff8babf6ceaf,20,1,10.789925348165244,0.8984779980861293
1a9b803b-7f43-482c-9cf6-95549c7a6777,2026,2025-11-29,b9d6eada-8645-4be8-9331-81fb5ab905f8,8ccf579a-f19c-4639-b260-5fa8dc2c90f0,-7,0,2.232698697520809,0.5672957209800756
1aef6066-3fc6-4211-a886-7e6a43366b5b,2026,2025-11-29,31ce23c8-e471-4fad-b117-36f72628b875,124dd15c-311b-4d83-becb-7150d849218d,9,1,8.415876039262093,0.8311237295811545
1b1acb25-d1c3-4662-a918-d5b09651098d,2026,2025-11-29,0fbb2a6f-3944-46a9-9fa8-51376e18b3d9,8d2fde4f-31a7-4491-9fcc-f04ced66e74f,24,1,16.366985774005013,0.960022651229317
28c045ce-620b-41f8-8b9a-6f0ab040d648,2026,2025-11-29,8da08445-76e5-4e98-be98-4f101d670980,1cff0c34-63d9-4a64-a258-a50e61fee7cf,25,1,32.69680073652674,0.9869694204160167
2c619873-7fb3-4043-a5e3-2c3c527ffc9c,2026,2025-11-29,0ec33aa5-020d-49e7-ac6a-2ee825d15102,26fd3855-d3a6-4b79-a7b0-559b447f5e6c,5,1,-6.120479350828064,0.2640558837296093
2c9ec1c0-7f1f-469e-a317-568018f7eac6,2026,2025-11-29,3fe51e56-cced-4ebd-bc3f-5269a8690fff,6c5e0081-14ff-4e1b-829d-a107919bc58e,-2,0,-3.1849936065522124,0.3805060484503695
351cf7b9-c6d6-4bca-9a79-95b363055164,2026,2025-11-29,15e4f40d-8279-4f7a-8095-613e3a6ded31,9c60e9b3-29b6-431d-92e1-307e1c2f1c15,14,1,12.811150109730358,0.8951433778357917
3d218de0-845d-40da-bf63-fa5bd2a0f0fd,2026,2025-11-29,a296aea1-d070-4a8b-8dc4-62323ca3f942,9c37b6c6-f9dc-49e2-a128-2681c0df2bf8,3,1,-1.5880241639778927,0.4085917998363636
4123df0f-a062-41fd-9a1d-380a2c8d1995,2026,2025-11-29,8fc903e0-95d5-42fe-8972-bae53e4456a2,6231ae3d-0d12-480c-83ed-e282959cb8c8,26,1,25.294926262974784,0.9886891754336562
457ad345-dfc9-46fa-b7c9-ce01de3f295e,2026,2025-11-29,0dc6096e-6097-4da2-a279-a7e256c526e3,20bb1fdb-2581-4660-92f8-ad08c3a60acb,18,1,8.316493658195359,0.8001571178802703
4652fbae-0711-4546-8180-ea185ce5211f,2026,2025-11-29,7dc3e262-ccd4-4c87-8617-0ca6e819757f,cf602be1-6a27-49fd-9b3d-ab9e31f55454,22,1,22.015001544731895,0.9840391818638461
4702ab1d-ec7a-4a55-8209-59dcaa5106ef,2026,2025-11-29,79116858-d6a1-42d4-bb91-450b44d1e6b4,47407d60-8e46-4d83-bf47-4b7ef8576ebc,-4,0,-3.7882480669247736,0.34661521130217327
486de15c-c3bb-46ba-a4ed-2dd4acf560a6,2026,2025-11-29,aa9a338c-8749-42c2-8655-1caa89068a61,5ffd8dae-eb73-4ad2-be80-a6ca8f4e5884,3,1,16.553725494113408,0.9481328305525396
4ab8bb47-0936-4dea-9c2d-dbd21e18403b,2026,2025-11-29,ba959da0-313c-4413-aad3-124a5c216494,95adaebe-3c7d-4cf9-9380-e96c95761e6a,-4,0,9.015007480791496,0.883117765714042
4b4c7a6c-b0b3-4a5c-b026-198825327031,2026,2025-11-29,8921f536-d6f1-4d5a-b369-5dfb136e1717,d7af5a06-c331-48d5-a768-4a3627420b0d,20,1,18.107905511795728,0.9637120617311681
50a183be-13ba-4ce7-81fa-b26f647b793c,2026,2025-11-29,ec7aba22-2b7a-41dd-801d-063cca9a4c1f,5c4db420-ac2a-4491-9f2f-f15fdf65d283,21,1,13.844922807409171,0.9289563423846114
58deab16-2641-47c9-9f72-40cc1206a482,2026,2025-11-29,8af24be9-3bcf-49dd-8a7a-9a412402712a,fb1c029c-934e-4345-bb7e-0d199b1172bb,9,1,14.645937196189308,0.9059702676084661
5973da1c-b6c7-4a16-afe7-6a8c075c1277,2026,2025-11-29,1ac6eb65-663f-4f4e-b7cd-bcc9ec53efe0,175fb86f-dfa5-4661-89d1-221410e04eec,2,1,6.931345710581911,0.6780925300102367
5aad6135-e3ba-44ff-8b55-0e0a1a7eadfa,2026,2025-11-29,94a323fa-c3d4-4718-a4bf-f6dd1c93c5c9,2a864769-3bff-4022-a96e-3092caef4c93,9,1,33.143585509646186,0.9864660152810004
5e0d9cdd-f8c7-49a2-b7cf-19f89f046c13,2026,2025-11-29,66d6cb28-25f0-41bc-9fb1-d15a6dfca6ac,5a925022-39f0-422e-a9c8-efba8cab8218,4,1,0.17078708762433997,0.5075941547554073
6001c4dd-180a-41af-9d02-f54161076b9f,2026,2025-11-29,c155c6af-1897-464f-ad91-10b605e5eb7c,fff2e22f-8e66-494d-a434-8838f329f8a0,-18,0,-5.25033508547042,0.33132183159862655
6314b3ee-616b-4941-b3b3-e2c06474f456,2026,2025-11-29,cec32a63-a501-4a6c-b2c3-dba31694d2b2,d1841f3d-03f4-419e-bedf-c218d150aa9f,10,1,-1.5298750784532793,0.4769258684138116
63e788da-5357-4ceb-962b-0d61a60c2182,2026,2025-11-29,87526af4-8053-4a04-978d-c8209eb24368,71e0195c-db7a-4df0-b519-17d796d8957c,3,1,3.2962756169707577,0.5914105717408137
709e3e51-0fa0-4862-8496-0fcc6a131f07,2026,2025-11-29,bff1b03d-2382-45fa-a062-45884591e89a,0c280802-395e-44d4-8c2a-fb539233410b,-2,0,2.7316534678069995,0.6202226896443963
7a4c8ad0-fdbb-469b-a643-3ae22c7904b7,2026,2025-11-29,6bc5ca07-a958-41a3-8a95-eb5988cd48d6,073c7f97-1dbe-4c9d-b1ec-44e92177a53b,5,1,5.121583322019851,0.7125974466915516
8c68c47d-3315-4d1a-82a4-a64688a14230,2026,2025-11-29,0b81f60f-d170-4ec1-9003-5fc16e4afa3d,428ae1bc-1e48-41c7-b7f1-da980b8a18b8,8,1,8.440205478231025,0.7623551547656915
94e3399c-af07-4ac0-8efe-cfdb600e4582,2026,2025-11-29,96e82d65-67c2-4e96-a2fb-d7ca3dfe1353,c64c255f-43f5-4a08-99f3-222dd9aa0731,17,1,7.355915980416519,0.74603403758217
9a755b64-1a78-4c7a-bad3-293908aa8e32,2026,2025-11-29,b468e5c1-fd80-4c61-8545-54a03c959ff1,be3dc89e-c7d8-42a5-878d-a2f181f0914b,42,1,30.71359280789715,0.9875166879635863
9b1eecd7-4d24-4f92-8517-eb8518f7825e,2026,2025-11-29,29ca4fda-da79-4d21-b2a3-a87a25d02733,69288ce9-31e9-4d18-9e18-89226b85a2cf,44,1,28.464218743834724,0.9854560815324643
9e3e50fc-ff21-47f3-afce-c3a1a8f26912,2026,2025-11-29,94d2459f-8edb-4281-8038-8b2dda825fac,9aef881d-7fe2-4fb3-a80d-0b567f388490,33,1,5.344430497668359,0.6451532767503596
a9b183a3-a181-49a9-a904-a963d865294f,2026,2025-11-29,1b43514e-2b4f-414f-9f54-b04994ba33ac,acbf5eb9-3a63-471d-8199-6067f912deaa,-11,0,4.778180320809422,0.7192707038636897
bd6a9bb8-e3bf-4693-b11c-7bb6e85f6b18,2026,2025-11-29,6b34a383-3696-47ff-99bf-1b690f616a28,aa6e74ec-70a8-4e02-9b58-0e0e886cace2,25,1,13.052572465859688,0.9210758669986185
c4d8355f-396e-4c00-bfbc-4c519d57204d,2026,2025-11-29,13fa8aab-518b-46ed-be28-b5c24acfa430,083c67a8-1a0e-42e4-b3e0-c3872a10d8c2,3,1,17.69772648030355,0.9806534687807567
cf5e6947-b967-408f-9ee4-3812e0c3fa85,2026,2025-11-29,1c701a00-1852-4c4a-8179-2273b474748c,4d6c2d4d-b59a-44c3-826e-03e969153794,-4,0,-8.611228703902796,0.21002552606193836
cfd909c7-c933-4d26-b272-cd310a031d28,2026,2025-11-29,179abcd1-98d5-4dc8-8532-3f8ffee320c5,2772ac36-c719-4bcf-8a21-30eba79d1c61,37,1,35.279010992493156,0.9883707933976871
d70cf2bd-9fce-4bd1-a22a-879e228285f3,2026,2025-11-29,e2d3ca81-2525-473b-8700-136b6939d5b4,163cfcfa-5213-4025-8eb1-dd67b17587f8,14,1,22.50270212360513,0.9824469079337195
d75e4907-a998-4d87-b857-072ba103bad1,2026,2025-11-29,98674fec-442f-4d8e-bff0-fca634b9ceb1,6cbdd7e0-da8a-4b62-98fa-35c1f62f4afd,-6,0,4.264261289230878,0.6611107186780544
f2d11488-9c42-4322-be62-f259e0fa15a5,2026,2025-11-29,53e97ae2-3cae-46c5-8353-41eadbb17d61,68f6ce17-8443-4257-ae33-1f240c722bfe,-4,0,4.5977247024550945,0.704423121123794
01cd8d4a-5a2b-49de-938c-0a554a216d27,2026,2025-11-30,c8280280-8b91-475c-9d30-faed3dc9ec3e,b7591c8b-00fa-47a2-8280-adf031b24a4f,4,1,14.10230161663643,0.9367685934901601
1280e8cd-5628-435e-b1f6-183e099940cb,2026,2025-11-30,a4e52f2f-5193-40ce-a997-0e0be093d86a,e020519a-e90e-4b63-bb2c-f17dc31b5a56,32,1,15.900952677020767,0.9415573726483447
21f337c1-aba5-47f3-98ad-14f3243b2b49,2026,2025-11-30,b655e208-570d-40cb-a275-91f219da9058,3fe51e56-cced-4ebd-bc3f-5269a8690fff,18,1,10.983302423739168,0.904443635981065
24b9226f-fbca-4784-8090-1fae1c4dd2be,2026,2025-11-30,6d9c7f06-e309-4b30-a7a3-37783b2b3f26,81d0a946-6d46-4a7d-88bb-29e19e5f5599,4,1,2.977026690896433,0.618923599031208
2d604058-a354-49ce-9820-cffdf26cb5c6,2026,2025-11-30,f1d6ac08-ce96-4b53-aaea-ae291068cf23,f77c8c1a-5fb3-48ef-8210-484010dd5e32,2,1,10.310567475858,0.8435273195296578
3cabd791-89cb-4ae4-97ce-ed01659c817f,2026,2025-11-30,51ad29ad-74f3-4879-a2f7-b09ed6f1c3e4,72aa3e8c-3c62-454a-8f40-09b46ae0cae6,-14,0,-2.228900495014888,0.36266939181133945
445b0377-18a8-4660-8c53-2221b9c55fcd,2026,2025-11-30,caae45ce-7d6f-4f0e-a536-6d05e2ae5086,e4afe8a2-8546-4df5-b5e9-cd85edc8fc62,11,1,12.142129548875257,0.9140939455376442
673ea7b7-b84e-4a82-be07-96ad80539689,2026,2025-11-30,b28075f3-bd4a-486f-b563-0081500049b0,ba89a28b-4588-48cf-be7d-683d7eaf21d0,10,1,-4.88862783931723,0.42217063635936714
742c3c2e-e631-4877-b765-0b66c4fc90e5,2026,2025-11-30,1ac6eb65-663f-4f4e-b7cd-bcc9ec53efe0,aa07fd1e-a03e-4554-9286-31e09a343db0,-17,0,-2.2066961388420068,0.4085810880409111
755462b1-4100-4921-b9e4-e8ae58a577e2,2026,2025-11-30,79116858-d6a1-42d4-bb91-450b44d1e6b4,955bd58f-0ae1-4b55-af26-b19062a2c04c,26,1,1.8364545436372244,0.5800059484894481
8389c420-e19c-4fcf-8307-caf3c154e8e1,2026,2025-11-30,076baa43-c839-437c-8a6b-5074277599df,160d00cd-1792-45ab-a465-c2d2dcdcab1b,-5,0,16.619680582946224,0.9595554100651883
84f4554e-dcdb-4577-b200-47ad296dc2f7,2026,2025-11-30,60686ba3-d38f-468b-ac14-3d7c8518e868,9b933a83-ef6d-49c0-ade8-facfdeda3183,-23,0,-5.218994908303166,0.28467230683624684
891497e6-229f-4700-bb60-31875009e2ce,2026,2025-11-30,8cc8f38e-384d-42b4-906f-97ff66fee7d7,ea802991-74ac-4210-b3cf-e4a4c4006e76,-3,0,-7.791509330356053,0.23158770993250763
89f0b4ef-fb89-40b3-a28d-9d15426aff4a,2026,2025-11-30,175fb86f-dfa5-4661-89d1-221410e04eec,d5861555-455e-464c-919c-9e6b99ce4495,-6,0,-3.4757555865557577,0.3410596919567512
9917653e-ae0b-43ac-aae7-b714a3e3b1ce,2026,2025-11-30,6899ea71-b4b1-45de-a54e-8eaefcc5e6f4,a712dee9-a06a-4809-9e11-8e4b4233face,-6,0,-0.2605380185900591,0.4397002371345895
9f0f0297-55be-4621-ba22-24c5fa7dac6a,2026,2025-11-30,aaa0be6c-4ab2-4cc9-be12-f8658ecddc9f,47407d60-8e46-4d83-bf47-4b7ef8576ebc,-4,0,-9.940116762478825,0.13366753820918706
a58cfdf8-a935-477a-9a80-968a114501d5,2026,2025-11-30,8c2a4a9c-1ede-4db2-aecd-cfe02e686b8e,71835168-f6e1-4523-997c-3851fc41f646,12,1,-1.9274746991706615,0.4103026180750018
aa644cfe-e949-4c64-96db-08529008ada0,2026,2025-11-30,edb2bfd0-017f-4df2-b9c6-d8dcacb7e929,f598c6c5-97cc-41a4-83b2-84f08d3397f9,4,1,17.33524543215139,0.965667861971747
b7d0b445-2cd1-46b8-ab8c-246d29dba1cc,2026,2025-11-30,cb2346de-1887-4050-8b6f-5480779486c2,a8b565bf-c152-4fc8-86ac-49c71bf2fc1d,14,1,13.786628652940221,0.9351481966937366
c0be48f0-e39c-4e51-bdf7-67fd02a98719,2026,2025-11-30,557c7aed-66c7-4dde-aef2-6dc573ec91e7,cea24043-374e-4a53-bfc3-4532caf44ea6,-24,0,-10.954867845228238,0.1519394449806639
c7f66db4-6079-41fb-89f9-80e198ac6074,2026,2025-11-30,85b4dcda-76c3-41e3-ba40-71e093a8dcd5,4e0916c0-6045-4d71-8568-b5e486ff2f92,-5,0,3.8033189661744053,0.683231964172311
d959ef9a-1fdf-4a9c-a40a-ef88202f6d20,2026,2025-11-30,528a1feb-658f-4522-a7ce-decc11b8b925,9c03bc0e-03a6-4b67-a95d-bb653d5afc1a,3,1,18.284750762820035,0.9422042778826915
dbd306a3-ccd1-4f5d-ad38-d20f85d18bec,2026,2025-11-30,33a13edc-a688-48dc-a4f0-c3624bb05c07,4aa5d0a9-3420-4d4f-a466-17c82d88c482,-29,0,-1.7077987737566087,0.41930867296507884
e14f00cb-13d3-40d2-be62-1fc098e70693,2026,2025-11-30,0270a5a5-82db-4c54-901d-c9c8dfe3741a,512bdb5c-66bc-40fa-a392-cffe3e058403,28,1,8.562585766417662,0.8334234447744018
ecbafad1-f158-48df-8093-fae0f6250682,2026,2025-11-30,a76e8585-9bd8-4efd-ad05-93baa5c91a75,07e79f5e-ccc8-487d-ac1c-fbd82b43bb75,7,1,7.953873075244663,0.7602262149533986
edd65fd3-4f16-4edc-baf2-7f5c9f1b469f,2026,2025-11-30,032eda63-2e4d-4c72-8c92-51b97442dea9,1999688e-7015-4a04-8450-734eddcbcfe4,-9,0,-0.7652100021499811,0.4569198663393355
efe2d25a-3785-41cf-93c6-9293d4669142,2026,2025-11-30,ed251b78-3a68-4e91-b25d-08ef8bc8face,86dd8d64-758b-4592-8af6-2536cef92fc1,13,1,5.371369188737235,0.7013747729333464
04a09a0d-6f58-42c5-9bb0-bd2e849a813b,2026,2025-12-01,6038b249-00da-461c-9074-cfb1ed11d9ab,2a5848e9-342f-42cb-84e8-90f6f573bc8a,-4,0,11.834495061700085,0.9108469275032084
45733887-16c0-4a15-83fc-9ef99eb30bfa,2026,2025-12-01,e80d2384-bdc2-4f58-b09a-284a659a4d81,b979de70-af07-4320-9f20-2b9606ce8cd6,18,1,12.221391251581565,0.887207729256976
65328d65-6cd1-4385-9a02-b23c20e52525,2026,2025-12-01,28cde209-3ae8-4939-9d83-2a6d645d427d,0cc86d2a-a1ab-4ebb-a968-3d4011c8d356,22,1,12.065859071603729,0.9218383896987101
6aa3d7b7-5b5c-4b52-8422-e580983aee58,2026,2025-12-01,4f107cef-d28a-41e5-b9c9-9f537c5a92e2,d9908b15-814a-4283-8513-0d0ebd2430f8,18,1,23.424484214872198,0.983183348679541
6c009ac0-046e-459a-b68f-6a4c4a1f7dce,2026,2025-12-01,c5d35bbc-89d4-412c-8778-037158252c91,b2c3c0ff-6592-4132-b527-e3784532b0a7,8,1,5.872019830857487,0.7201598543735606
77c6b0f2-b284-423c-a428-cbc4a437f0dd,2026,2025-12-01,57d94665-96b0-49e9-ab6b-a7cd6a1492d0,1ed24078-84ea-4147-b356-c8543c93aa1d,-16,0,7.870070719388604,0.7595728078144517
8bebd281-3bf7-4cdc-860a-c233d58283be,2026,2025-12-01,2f197fca-5329-4606-8c7d-9bf31ea65732,3203894c-786c-4e1f-ada5-c785afe033a5,-7,0,11.715919075355568,0.8624728057018721
93bae54b-62ad-47a2-8471-9307cf76b94b,2026,2025-12-01,976a062a-415a-4be9-870e-c2b6aa726c28,26a9b9da-a6e0-4e12-a95c-e1e51e72fcb0,4,1,-10.484816089130675,0.15252028075996577
bc4196c2-db8e-4d0c-8f16-8e96a1d199ae,2026,2025-12-01,82ae3098-41a3-4c5a-92a0-aa7a592b5f7b,28c5e9b8-df2e-4fea-8442-2a3c31753cef,15,1,0.41328136501548823,0.5642116636260317
c99a78b7-f7ae-4f63-8413-358387fe2e4c,2026,2025-12-01,cdda7902-04cd-4834-972b-072f59dd1474,0cd88aa1-5ccf-4454-9b08-d57795a231b7,22,1,22.625116609707646,0.9830674723256311
e6c6a1c5-1ac5-4cb6-ba38-9dc09835e033,2026,2025-12-01,5c7b85b4-380b-4ce3-bbc7-e0b1ac767c3d,81e6f1a5-d8cd-43bb-ac87-6c20719f72f3,-23,0,-6.250347979774595,0.3091076851363838
04db6d60-b981-42f3-ab03-a8c450ba79d4,2026,2025-12-02,cee4e9fb-16d1-4b9a-bbeb-6f26c9d5c340,51b50cb5-097f-453e-99eb-4175d27ed1bd,-3,0,-0.5054049123403686,0.46547795531310676
08eca0e1-6b4c-47b3-9056-97c423fc077c,2026,2025-12-02,e08292aa-f0dc-4c1f-ac0c-138ec5d15372,b86cac40-e643-41b0-ba96-76ef03712c8c,7,1,9.821396268723516,0.882326764815093
0b83d364-7799-4ed8-bcd1-1208dce8ce36,2026,2025-12-02,dedb794d-6852-4b7b-904a-15cd66966a0a,5a788fca-07ce-452c-901e-2d9250aa8f8f,26,1,16.744903250096694,0.9443768685517885
0ba67481-e9fd-471e-92ed-2a23be21e760,2026,2025-12-02,e3ccd256-a37a-40d8-b059-aca05f884ee1,fff30549-83b5-4c44-9f3d-444f65ede45f,5,1,3.692165124126473,0.6350910111791462
12e0f20a-37b6-411a-a560-57db044278c3,2026,2025-12-02,d414d5fc-8653-43b8-ac66-ec8f63c74c82,65cd560f-8b8d-4b8f-8a2c-2738484621b8,1,1,1.658755232711246,0.6453424990929257
15be28c2-a3ca-4e53-93f6-7e711afcff63,2026,2025-12-02,2a453d52-4fcb-44e2-84c8-d2c1f91eccf1,d5485362-65cf-40d8-bd4e-d8c6c4613f82,16,1,12.1411612483207,0.9197943016264065
19468595-acd1-4601-b9a8-969b37898971,2026,2025-12-02,fbbdc24a-ba43-42e2-afcc-a328f0d9938a,f31b656e-13ba-4eb7-bd53-66b20405c905,-5,0,-1.4222984797278835,0.4397651573938822
2186edc0-877f-40bb-91d3-0394575bc454,2026,2025-12-02,9f15591e-786d-4c01-a688-1272fa1c111b,3dfeaa6f-de19-4029-bdaa-0f2bd8ea04c1,-5,0,0.3136795262790488,0.5038683496444094
21cb098e-ade8-41a9-935d-8b5024f2b538,2026,2025-12-02,60185dec-e78c-4750-a32a-2162e22a166a,ed251b78-3a68-4e91-b25d-08ef8bc8face,-4,0,7.5780023628196025,0.7420134972030052
24f38e1f-ab25-4070-b81d-645bac7ac669,2026,2025-12-02,93de5342-985b-431e-9c3e-515381b67402,d1c3793d-80d2-4adb-98a1-ac3c584bb64b,-9,0,0.13019300145547572,0.4936887876293221
27dbddce-6ad9-4372-8fba-f5ec1ff829c7,2026,2025-12-02,8c2a4a9c-1ede-4db2-aecd-cfe02e686b8e,2ffb1e88-0784-478a-b74b-a0a0832b4e30,5,1,-0.5622060805534864,0.5526625497706851
2ac6a1a0-045b-4fc4-8a1a-7c32a77176dc,2026,2025-12-02,083c67a8-1a0e-42e4-b3e0-c3872a10d8c2,a8b565bf-c152-4fc8-86ac-49c71bf2fc1d,12,1,5.897615674983258,0.7196075021105386
2b8cd855-f1ab-4d83-ab7f-cb69f036daa5,2026,2025-12-02,9293675b-8878-4a32-bee5-496b4818dbde,4aa5d0a9-3420-4d4f-a466-17c82d88c482,18,1,13.885829492554528,0.9200951770696981
3a781549-c0d2-446d-8822-2da723633fe2,2026,2025-12-02,19bed18e-691d-4e79-aeaa-771b745bf2a1,b468e5c1-fd80-4c61-8545-54a03c959ff1,-34,0,-1.4321648731700551,0.44219729170567146
3c6cae2a-8ebf-4efe-801d-f933cfb4f4a3,2026,2025-12-02,aa657c8b-9c3a-4727-9d4c-559205be3150,3d8fedb9-0847-4666-82df-5f520b704ff4,-8,0,-5.74105007279153,0.2944938923795581
3d3bcc7b-8956-4cf7-b935-2b93bb09e061,2026,2025-12-02,0423c35a-c25a-42a0-a0da-e1918c78cd5f,e9570bbf-fc5b-474e-b98e-151eee207d8c,6,1,9.779885794866006,0.8069131758173574
43618ee0-9234-481f-a2f5-dde5354927c0,2026,2025-12-02,2780a057-59e9-4719-9190-6a16ecffbaba,b81dac67-4cc4-4d68-b327-0ecd77fe056e,12,1,10.381561385958156,0.8701427884508423
43fcce28-522f-45e1-a1f4-0a3040d2f726,2026,2025-12-02,b58418f4-b3ae-444a-8ada-74ff43e88ea9,3fe51e56-cced-4ebd-bc3f-5269a8690fff,22,1,22.28724046426292,0.9798453438017333
46918018-1e5f-4ecd-b219-04c25bbf60c4,2026,2025-12-02,3b63b27c-8c94-4fb9-919f-62cd7944deb1,0ec33aa5-020d-49e7-ac6a-2ee825d15102,20,1,4.890354751052098,0.6843391473652538
4786f327-253c-4e8e-9aa8-9fe39c81f7a4,2026,2025-12-02,528a1feb-658f-4522-a7ce-decc11b8b925,20bb1fdb-2581-4660-92f8-ad08c3a60acb,2,1,19.49264198266547,0.9437691849178317
4d3b39c2-426f-41c0-85bd-8c6ec4258231,2026,2025-12-02,5cf39234-dfea-4208-be18-092f71c2f05c,68f6ce17-8443-4257-ae33-1f240c722bfe,9,1,-6.022115210537477,0.2973728839405019
4e9a14d8-c31b-4464-8b55-d98e8b43e126,2026,2025-12-02,cea24043-374e-4a53-bfc3-4532caf44ea6,474c10f3-c223-42d9-b9e9-48c37898ace8,2,1,0.03640561494619843,0.5412457958776995
51e551c6-1ec9-4fbd-a110-de587372f9a7,2026,2025-12-02,7a2ae4f1-b509-40e8-b553-cbea5aabc4be,a544a5d0-4cd1-4756-b079-30a9a7905cd0,-16,0,-15.528791916397614,0.05734343863650078
525e2355-0b35-4c8d-87c0-822fcc95928b,2026,2025-12-02,5a3e7af6-53d5-4398-8c0d-97e0d9ac977e,6eed5456-f1b2-4e4b-966f-71949e9d90ed,19,1,8.140080058455379,0.8199869743594465
5389b38c-1223-4e26-88a2-870e8c234224,2026,2025-12-02,f8fb3b2e-223b-4478-a029-9c1209865bdd,073c7f97-1dbe-4c9d-b1ec-44e92177a53b,32,1,12.799474641659295,0.923120035190205
54dc44aa-e592-43cb-8596-367f12db4134,2026,2025-12-02,68f210a8-33bd-4d79-a5b0-222aabe727e7,8423734f-7076-4655-b3ef-3528aa9176ff,30,1,22.59794783496262,0.9840265571980842
6020c03b-41e8-473a-ac0e-c18c6673f775,2026,2025-12-02,508005ba-15a8-426a-997c-b0e36e4e6b58,6a5388a0-3d9f-4fa4-b592-775b2c31e741,-9,0,-2.3364696253580584,0.3999594209194425
60f30d1e-1918-48a4-91d0-f8e996d00f63,2026,2025-12-02,90df5863-ccc6-4ffe-b441-dee520cc7fed,32d092aa-6752-439b-89e2-6538ab8523cd,11,1,3.591380768844831,0.685841074076414
6cf0ef16-3620-4390-a53a-b44bc34d554b,2026,2025-12-02,8ccf579a-f19c-4639-b260-5fa8dc2c90f0,a9a08ada-6bbe-466a-b4ef-e2fe68dce231,11,1,11.66756479223913,0.9050719942828757
6f4c0165-1606-4e7d-8ad1-632c98c0e984,2026,2025-12-02,bb509184-c255-4aa4-9cdb-057dd36f7a04,63c7d34f-6b58-4a80-ae86-320a182ddcc5,17,1,2.3113383018763516,0.6539576890573956
7a292aa0-0601-4846-b3c4-4bf572638251,2026,2025-12-02,c4fed5b1-14eb-4033-8832-59e6c0004cf0,0792fde4-bca8-4a47-9b76-8d8191a2ac93,4,1,2.2225122955588335,0.6960520340091231
89325cd6-c300-4ee4-899f-70b4e73334d8,2026,2025-12-02,87526af4-8053-4a04-978d-c8209eb24368,2979c251-171b-4f39-b156-d19f2d179eeb,-14,0,-14.888039575888993,0.05808598110870144
8d0efd2d-ce46-4516-8553-dcac2254443e,2026,2025-12-02,968fdb79-e800-43ac-b93d-53a22dee3a03,69307d4c-6e7f-4329-b6c2-1f3902362083,-8,0,3.5536245250816316,0.6418235459257405
92e40289-e03c-4eb2-8176-a9a111466c70,2026,2025-12-02,8a720b96-af6b-4ada-bf15-b7b80a091274,1b50e98c-801a-4835-9b4e-b0d563152b2b,11,1,3.1435652887287153,0.6983681795180222
9452077b-cfe5-4a03-92b3-4a3ac16ec4ea,2026,2025-12-02,2c2e9f9c-9d33-474b-860c-f9230f147fcd,69c2db2b-a8d1-48d3-89d0-ef9669af0b7d,-35,0,-0.9021666460870037,0.40356829041863146
9b989519-10dc-45a5-9a06-44d8b714dd20,2026,2025-12-02,f497a267-e78e-43dd-9ab3-4299cf11c08e,9c60e9b3-29b6-431d-92e1-307e1c2f1c15,22,1,23.15568423384017,0.9827343388823633
9f6f6c82-ade0-4c5c-a1fe-472df02670d6,2026,2025-12-02,03914b2c-1603-4f8d-95ae-9f80025284f2,b7431929-7ebc-42a6-bef8-d0c5715e2c86,-21,0,-9.252725509962433,0.16687726928350302
a583442c-a63a-4a34-b1dd-bcae8c22b79b,2026,2025-12-02,8edd905e-18d4-4618-ba73-09af639ca94e,700ebcb7-55a3-4967-b5ef-89731a047790,-3,0,-1.688795479528001,0.41146682052527
b2288def-a790-4ee0-832e-b100d7cd4e0f,2026,2025-12-02,cc517ba4-b26c-41e0-bc91-66f5ceb16558,853ab0d1-c982-4e7d-8187-8600084662c2,20,1,22.879283172930766,0.9756759129730647
b46d8ad7-7cbb-4727-b219-ca39a2db9fab,2026,2025-12-02,ab2292aa-bfd3-4e49-a17a-cf970962e75d,de4b950e-313f-4eed-9fbe-0a05201376d1,17,1,12.515891962768977,0.8971747602508514
b569ae50-df1d-4611-9725-ecb38ae822a3,2026,2025-12-02,14372359-5589-40fd-8dcc-6a04bbe7338b,b9984408-0526-4a1b-9cb3-d6450264dcd5,17,1,12.692191226007358,0.913124498114613
b5ae05d7-f983-44e6-b14b-e178131cf0c4,2026,2025-12-02,eb5b8376-53ac-42b0-a932-bfc4994faa1e,694c9825-86e3-466b-9eed-01db85397149,2,1,8.22887141117477,0.7720558551504092
b9daaefa-b1bf-4e43-a786-50869cfed8db,2026,2025-12-02,3b0fb0e0-1625-4a53-8ad2-e353ec84cb0f,517665d2-60c6-44a7-a80b-78212cfb2db3,15,1,22.244977074300497,0.9706544529538649
bc607730-7f17-40a3-b1f6-be3546b20212,2026,2025-12-02,61080933-9c42-4844-9cd9-7cfbcb9cf94a,7dc3e262-ccd4-4c87-8617-0ca6e819757f,-2,0,-1.2502304601359941,0.4150344776412549
bf2764aa-b68a-4070-842f-a449d0d181ad,2026,2025-12-02,64d22a8e-0b18-48ea-a6a3-5619cb8be43e,07f2978d-85d4-4892-8267-e6903cc20f93,-18,0,1.1918063079910164,0.5665356647384274
cf7b1cb8-75da-42f0-92d0-6f1008fa2339,2026,2025-12-02,31ca13c7-e30a-4d9d-a3a8-5197d5e4342a,7a5b9a33-aeac-4742-af69-49a1be24d3cb,10,1,15.786865735700506,0.9542492962873887
f2040f82-e376-4060-b408-58e9caa05b17,2026,2025-12-02,b7139fdd-2b24-42b2-80d8-3cc79042b563,fc19569f-90e8-4af1-8b2c-981d4b9b0e7d,10,1,6.675836505350348,0.7886870731884374
f55c61fe-c3ab-42ad-83e3-c667130116a4,2026,2025-12-02,cec32a63-a501-4a6c-b2c3-dba31694d2b2,af95ca9e-8a2a-4b22-9bb2-584162eb57f0,51,1,23.607356827882235,0.9842805258971811
f7164cff-dd51-49d1-a625-c8b1dfcf7ab5,2026,2025-12-02,5e1572de-c2e7-4a5b-a605-c095da467409,a01ea865-0b00-4f54-90fd-8674ed23cf26,3,1,12.002030095517592,0.901185072117376
004c4875-cf82-42b8-8ab1-49f3fecddfe2,2026,2025-12-03,e088b1fe-16ee-4cf1-baaf-6ce4139f13df,5e9a1e57-759c-40bb-aac1-6bdb058fafbf,4,1,-2.3144372355822638,0.45205980901491877
0649a215-787d-4ad4-bbb0-9d823e6d74d8,2026,2025-12-03,37789002-2f1a-4a5c-95f5-a4f487f719ac,6231ae3d-0d12-480c-83ed-e282959cb8c8,33,1,20.505205612303147,0.9836076575457274
0dc77b07-a5ef-4f2a-85ba-05fd32b8a603,2026,2025-12-03,e41ccbd3-d51f-43e5-b037-4cb81b41b713,8cc8f38e-384d-42b4-906f-97ff66fee7d7,22,1,7.944386804146442,0.8100896432980493
118ce7f7-fa9c-481a-9797-e4d6b1852abe,2026,2025-12-03,ec7aba22-2b7a-41dd-801d-063cca9a4c1f,113c0c3d-54d6-4c64-b168-7ea3f3c20e76,26,1,8.931579484054682,0.8192501628352021
144e5f8d-f3df-4341-9461-153d63ce19c0,2026,2025-12-03,2d467e3e-e5d9-499c-a1ed-225d0c3ae91a,0b81f60f-d170-4ec1-9003-5fc16e4afa3d,10,1,17.165510020876248,0.9516821807747922
15b95197-2631-41dc-b947-7f15e9d01fd2,2026,2025-12-03,c836e6fa-56f7-4920-86c0-a3d112f21365,364c8255-118d-4dcd-aa72-a62621e3aeb6,-2,0,-6.279285667325338,0.31705558353832286
16913664-53d1-48de-9ce4-aa275146f5cd,2026,2025-12-03,95ff4642-ef5c-46e3-982e-adab9cdca4e5,64d8d377-0ced-439d-a3a6-bbf2100037d9,16,1,11.08471611319557,0.8642444712453282
17195f73-749b-4f08-a220-b5b0d8c85462,2026,2025-12-03,39c61fcf-89b3-4523-aa61-7e031fae7e9c,788df145-b514-4ea4-9ff0-bf2399dc7898,-5,0,-7.474742424347574,0.22650585366470669
174d35ec-d6f1-4085-bba5-8a65819bde26,2026,2025-12-03,5c4db420-ac2a-4491-9f2f-f15fdf65d283,8121c98d-816f-4d3a-bb3c-4e9f3fbf65e3,-9,0,-1.5582530154658316,0.43218442238238713
18a58f76-9a35-4816-b908-0a24d14a114c,2026,2025-12-03,31ce23c8-e471-4fad-b117-36f72628b875,43edca99-9154-45c5-908b-5e79c98e3147,15,1,12.368524745449825,0.9102992702395206
1a8ce249-9296-4ccc-8947-014a86b7b2e8,2026,2025-12-03,0cc7096d-eb8d-4e4f-9906-93bf951805c5,41a1e4ad-a290-41a2-8940-662b1fc85e89,12,1,5.424621879332701,0.7269156509172455
1aa375f9-3396-474a-ba46-e490412f7ff7,2026,2025-12-03,ec98d839-43bb-427e-83c8-d832063ad70d,b2c3c0ff-6592-4132-b527-e3784532b0a7,22,1,12.826149260982882,0.9290225744828613
20a9a722-7ef3-451f-9806-aaf2201fe7e5,2026,2025-12-03,66d6cb28-25f0-41bc-9fb1-d15a6dfca6ac,8b53b385-4f61-4998-bac6-527e69c1fd6d,-7,0,8.518439633544828,0.8033448122904702
27d4e261-691f-44a0-b4db-0306b25474ca,2026,2025-12-03,a4e52f2f-5193-40ce-a997-0e0be093d86a,e4afe8a2-8546-4df5-b5e9-cd85edc8fc62,42,1,33.32047016515953,0.9871372898514315
30456d97-f549-4fa0-aac8-fe7d2f375578,2026,2025-12-03,96e82d65-67c2-4e96-a2fb-d7ca3dfe1353,897f9506-86e7-4d3e-8eea-2b85ea85fa8e,-6,0,-5.912568914524693,0.32200178549222086
30d552d1-83b5-498e-9007-985ab55aa9c6,2026,2025-12-03,ad6d1a77-a3c3-4d10-9a5d-52b851597e67,3e01dbfe-c709-4674-98f7-dc2f25d068ba,16,1,24.330275677044746,0.9814076340427401
395b5a75-c14d-40e4-a658-4f3190091980,2026,2025-12-03,2a864769-3bff-4022-a96e-3092caef4c93,a76e8585-9bd8-4efd-ad05-93baa5c91a75,7,1,-1.380852643204453,0.45338275355696833
3dd32580-0fe5-4931-bec0-439b942e6032,2026,2025-12-03,e23a2171-157b-49cb-bf14-34996402c465,fe6d6aa2-4515-4014-88ef-eb2bd91e54fa,1,1,-1.1313137024461801,0.44355597578986306
3e82093b-0bc0-41e2-af78-983a1d8fc8d4,2026,2025-12-03,1902edf0-3770-4094-9f92-722731ac4c93,53e97ae2-3cae-46c5-8353-41eadbb17d61,5,1,5.851064096388484,0.7073051813509079
3f83a96f-03a8-41e1-b2ab-6d46ce84c423,2026,2025-12-03,ed01ba53-c6ff-488f-903e-9b348a195c03,84769f97-e86d-402a-9eb2-d31118f663ca,6,1,7.551479246673349,0.7702506714137994
49d04dbf-5eda-4561-85d0-78e3769d20b1,2026,2025-12-03,afbd548e-958e-452b-ac58-5b58b416aeb3,98674fec-442f-4d8e-bff0-fca634b9ceb1,11,1,12.867263995765844,0.9337690052539729
4e1c9a83-f0b1-4e5d-8e10-442caba07cf2,2026,2025-12-03,b9e807be-99ad-41c2-94bc-6049272e3254,2b7eed3d-9921-482b-a193-759486c9b225,6,1,9.198036746999975,0.8302984115193939
57d750a1-0e6d-4371-be70-15a90ed53819,2026,2025-12-03,c68084a8-36ec-4f0e-963b-561f5ea2c46e,7cc2bc8e-b314-42a5-81cd-bd21acdd42b2,10,1,6.042113975513737,0.7555305212417451
5cb32be0-52f6-489b-b444-d48d82d92851,2026,2025-12-03,62093611-a202-4f7e-8d13-ed4c5498a9c1,13fa8aab-518b-46ed-be28-b5c24acfa430,7,1,1.4925306203122444,0.5496618113587207
5e08206d-9392-4b5c-aa6f-1e2bd22b80af,2026,2025-12-03,65457ba7-a038-4a4b-bb9c-249804bf4db4,34176634-892e-43b1-917d-cc003f8b9c03,10,1,2.273624483851738,0.5553897807600939
5f5da963-fa90-471f-b538-40859a1cea80,2026,2025-12-03,79116858-d6a1-42d4-bb91-450b44d1e6b4,a40a35e7-bb78-4848-a0a4-11059f3caa39,2,1,-0.16039586308097722,0.5265839584725838
66e1e9ed-0864-4269-bdf4-2f92a5e08979,2026,2025-12-03,07e79f5e-ccc8-487d-ac1c-fbd82b43bb75,a712dee9-a06a-4809-9e11-8e4b4233face,27,1,-0.9939925064510357,0.40408982661293597
6a225c70-c3b2-4bca-8f60-351ecab3835e,2026,2025-12-03,523dd055-c2af-425b-b849-f05ced2ae52b,b7591c8b-00fa-47a2-8280-adf031b24a4f,1,1,14.337352165920388,0.9444164545747344
6cfe2fa8-2388-4925-b9a6-e2245e8da316,2026,2025-12-03,2ad39bf7-6b52-4185-b83e-15dfc5686cf0,be57d339-192b-4f8a-80f9-e4dafde63035,12,1,2.008164352637161,0.6004039397390609
715410c2-4c02-4ef8-bcf1-3db211fe5bd9,2026,2025-12-03,26fd3855-d3a6-4b79-a7b0-559b447f5e6c,fb351878-91c8-4144-83c1-92f166d447f9,13,1,10.490399919383593,0.8599812462536944
75fa88b4-8dda-4635-be5c-96b09bfe0bd3,2026,2025-12-03,9111a425-068f-425e-9467-f3ac4b2781f0,aa07fd1e-a03e-4554-9286-31e09a343db0,2,1,-3.3026030647649005,0.34548002727336025
7dc59886-081d-4831-8454-6c4cc8d7eb84,2026,2025-12-03,0dc6096e-6097-4da2-a279-a7e256c526e3,6b34a383-3696-47ff-99bf-1b690f616a28,8,1,0.0008165845858954697,0.456183353055536
7e7e594c-eee8-451a-85e4-ca8c4cde22d0,2026,2025-12-03,4d6c2d4d-b59a-44c3-826e-03e969153794,6bc5ca07-a958-41a3-8a95-eb5988cd48d6,14,1,9.670747736737832,0.8195196293523817
80ed9512-2273-4c5b-9c4a-299295f29bde,2026,2025-12-03,0fbb2a6f-3944-46a9-9fa8-51376e18b3d9,33a13edc-a688-48dc-a4f0-c3624bb05c07,20,1,25.980651531555463,0.9850446682603515
8b163af2-d543-4871-a3c1-4e7247acb364,2026,2025-12-03,e77246ad-855c-468d-8b07-828f76134191,6f01f32e-67fa-44c7-8440-24a263829a82,17,1,1.013538575116919,0.5321679149366922
8db416e1-eed7-467d-baf4-f1f0114362cc,2026,2025-12-03,72aa3e8c-3c62-454a-8f40-09b46ae0cae6,f77c8c1a-5fb3-48ef-8210-484010dd5e32,5,1,2.0487433443996212,0.6028107080868793
96a96316-8ff7-48cd-8fd1-0b287a36701f,2026,2025-12-03,d1623d0a-64d7-43e3-9f9b-36356767823e,e2d3ca81-2525-473b-8700-136b6939d5b4,9,1,12.080422844327378,0.8985644604998224
97e6ef74-3016-4de0-aef2-bef2376d7a92,2026,2025-12-03,67bb6cc2-0917-4bf3-ba89-bc624925b956,e672d935-837a-44a6-9e69-a25859488a24,5,1,15.855371130787017,0.9501018044927885
983794ad-3bd5-4bc8-907c-272ce1546b6c,2026,2025-12-03,5ffd8dae-eb73-4ad2-be80-a6ca8f4e5884,0b613bb0-e3c8-412a-8845-b9807552ba60,8,1,0.9918320545439075,0.5545790305439527
987ae04e-83d2-49c4-bfe4-ed1dee05a6e3,2026,2025-12-03,f8a7f441-6bad-4648-bfac-a202788a07f8,94d2459f-8edb-4281-8038-8b2dda825fac,-9,0,-4.6332325365342975,0.29848140275744833
9a58f169-fdc4-4804-a74a-5d0548cdd889,2026,2025-12-03,732365b9-1faf-46df-9c75-4571516450f0,2390b5f2-24b9-453a-b023-e7b36da375b6,-9,0,2.0295590614122774,0.6067557771638622
9c87988a-e71b-46a8-b58f-33137086e536,2026,2025-12-03,b9d6eada-8645-4be8-9331-81fb5ab905f8,72daa240-1119-4159-899a-d81875c1c916,-9,0,-3.431366129484706,0.42294266088642696
9d450368-6d00-4db2-bd3e-a9ab8cca5036,2026,2025-12-03,082024ec-29ae-4a22-8851-c5373988f9bd,aaa0be6c-4ab2-4cc9-be12-f8658ecddc9f,22,1,15.786263202876171,0.9468087558659881
a06779f3-fb27-43f2-afae-959bc8be650d,2026,2025-12-03,38f31497-065b-465d-ab24-3fa581de1831,aa6e74ec-70a8-4e02-9b58-0e0e886cace2,64,1,36.352490866600554,0.9893437103381061
a70fb3e3-1040-4902-a1a3-ec7431f10bc2,2026,2025-12-03,567fb73b-73a0-4437-a1ed-314d40d93e6f,29ca4fda-da79-4d21-b2a3-a87a25d02733,9,1,-3.209235751709147,0.3899807600851547
ad42055b-f962-47f3-9841-b69c9b2b7f88,2026,2025-12-03,bcadcb9e-4b19-49d8-a836-b1224d88a96c,7b637d45-2602-47f9-bf37-40d1043643b7,19,1,9.83900437582389,0.8332944567003547
b12c1599-7944-4fd9-88d1-9b752ddabce3,2026,2025-12-03,96649453-7ab9-4024-b242-590c57b62ab6,30dcebf9-dcff-4743-a05a-d994a902866a,-13,0,-6.210330274951579,0.26707445290983367
b18b12d6-ecea-44a1-be9e-d135868c8e44,2026,2025-12-03,94d66457-cf10-4bc2-b52f-faf466454856,d297d4f3-0edc-4461-aa7c-7be49fc9aad9,14,1,3.9275670631511574,0.6387657932329563
b296d201-3fd2-4495-a26e-c2f8fc396c6b,2026,2025-12-03,31e4ae86-a8cc-4aee-986f-71aa76fea354,caae45ce-7d6f-4f0e-a536-6d05e2ae5086,22,1,5.543353950106366,0.7177273915928845
bf2a2796-97b8-4323-b286-ac5e937a0c28,2026,2025-12-03,6cbdd7e0-da8a-4b62-98fa-35c1f62f4afd,0270a5a5-82db-4c54-901d-c9c8dfe3741a,7,1,4.437920122671255,0.7040079609481898
c0f88b4b-91f5-4628-8ae4-16603316b51a,2026,2025-12-03,977af06b-e276-4d26-9f4d-4b3c41c67885,eaa03f66-f667-48c2-9f30-ccce38d89e56,9,1,4.696983520967659,0.6949765607586474
c2fc966d-fda1-4a45-8d59-fe8f8f2e5703,2026,2025-12-03,8921f536-d6f1-4d5a-b369-5dfb136e1717,8af24be9-3bcf-49dd-8a7a-9a412402712a,-2,0,9.189180386405905,0.911297668566716
c6c7017a-db3a-46d5-889c-50f2c0004164,2026,2025-12-03,3ce97af9-70d7-4dc9-b13b-4f4221b9e09a,3203894c-786c-4e1f-ada5-c785afe033a5,-2,0,17.484011947574018,0.9488221715188622
c6eeaeb7-30d5-4945-acc9-eb34b10fd234,2026,2025-12-03,ed6e30f8-d1f2-451b-9a26-5c7f21af0125,466a855f-207e-4dbe-bedb-07f2150174f3,-1,0,15.048571713556946,0.9068419673836147
c99fdc75-94e7-43ae-8839-ec625fa30f1a,2026,2025-12-03,d1841f3d-03f4-419e-bedf-c218d150aa9f,d1177041-d515-453f-9b73-e9891b41324d,-12,0,-3.0598597668574983,0.3921287525912598
cd302090-ad4d-42a6-b9bc-dc19ba370736,2026,2025-12-03,c64c255f-43f5-4a08-99f3-222dd9aa0731,15e4f40d-8279-4f7a-8095-613e3a6ded31,-15,0,-11.401095189676953,0.13709562076201692
d180df8f-2d61-4d58-92da-3cafca82dd94,2026,2025-12-03,e30dcda9-70a8-4f5e-a91a-5eb2cf1e2c36,4aa5d0a9-3420-4d4f-a466-17c82d88c482,13,1,8.63833526777395,0.8393499175215228
d92b16d1-323f-4e38-ac43-2f8c3ce91fe3,2026,2025-12-03,8fc903e0-95d5-42fe-8972-bae53e4456a2,29343f0d-eec4-44e0-923a-b7c6360ad1cf,1,1,7.57364900953929,0.8177518921217476
dcc0aab4-3f33-4cc9-81ee-5e1cec433f50,2026,2025-12-03,9a2c2dfd-070d-4aff-bdc8-ea71e1ff510f,e694b3cb-eeef-43f4-bada-32dba89664a3,32,1,10.459980009240878,0.8821832002781962
de65934c-bdf1-4e2b-a2e6-6344f31fb1a2,2026,2025-12-03,cfae9c2f-9713-46de-9159-5064cc63dd64,3ce22877-c834-4b53-aae8-5129d36175b1,-7,0,-4.125680051640634,0.3475211578798018
e4f3ccbb-82c6-445b-babc-4ba9108570c7,2026,2025-12-03,acbf5eb9-3a63-471d-8199-6067f912deaa,be3dc89e-c7d8-42a5-878d-a2f181f0914b,3,1,10.97584126416613,0.8771071295658824
eaf31e8d-1429-4a8e-a625-ab9bd9b3c244,2026,2025-12-03,be625a9e-aede-4fb2-98ad-3c0baa02528c,cb1b95af-f118-4a94-a324-d05b88869a43,11,1,5.112481232126544,0.6978098235250387
ef37beed-a7db-4c7f-9a53-e61be110d5a9,2026,2025-12-03,beb97225-0e05-4be0-acb0-2fdc74f6dab4,33b3ee1a-8578-4f30-9145-044433be9e46,9,1,10.089768771161667,0.8535825679507771
f4bd04bc-d503-4ae2-8b5c-08a23d595890,2026,2025-12-03,69001211-8ae2-4829-9746-40b6a0858890,f945abf6-7dca-4e3a-b475-bceddc534fb9,-19,0,-1.4699681631365722,0.4137433952512075
f8ecaf23-5a6a-4160-8583-99263dbe4ff0,2026,2025-12-03,e6f966c6-5104-484f-a3a8-a7450aa491ae,b678d94f-1147-4cd8-b221-3155893eb1a9,12,1,11.36107751553626,0.8671769867857599
f94cea8f-1c34-4a1e-bee0-4c40c0042182,2026,2025-12-03,9b933a83-ef6d-49c0-ade8-facfdeda3183,195e638a-72ed-4f19-a47f-232630307034,-8,0,9.348200601302025,0.8321557828379391
fae23b9c-2331-432b-8f29-e39f3469dd2f,2026,2025-12-03,cda5f197-ae6f-4f38-a523-d1e70b218821,fb1c029c-934e-4345-bb7e-0d199b1172bb,38,1,17.787911505593495,0.9562003237568718
fe3595a1-7613-4a11-b0fc-d6ecf0faca41,2026,2025-12-03,163cfcfa-5213-4025-8eb1-dd67b17587f8,ba959da0-313c-4413-aad3-124a5c216494,-7,0,-19.14244393985207,0.059567503351231205
074a9a88-eb96-43ad-a8bd-f855aa27cf1d,2026,2025-12-04,ad070c37-e224-4aea-bff9-4bb770ef38de,12fb3719-3067-4770-ab8a-b11eeb73faae,6,1,9.48869421635591,0.8203572805660612
26d803b8-3a5a-44a7-be09-2013b46d7fab,2026,2025-12-04,6833b588-1856-4519-a296-afd069ebabfa,512bdb5c-66bc-40fa-a392-cffe3e058403,16,1,22.535888099762364,0.9817404870420273
6123f3fc-0337-487f-8511-c8a34afe758d,2026,2025-12-04,d5861555-455e-464c-919c-9e6b99ce4495,023093fa-50bc-4974-a6da-14f0e4b070fe,2,1,19.67183020501172,0.9755977017670006
7d926237-e59a-474c-8521-1e4fe65d3465,2026,2025-12-04,1999688e-7015-4a04-8450-734eddcbcfe4,428ae1bc-1e48-41c7-b7f1-da980b8a18b8,13,1,13.291001257872175,0.8830744089610864
8b5edef8-27e2-4d50-a790-1fb20c7a9ccd,2026,2025-12-04,a296aea1-d070-4a8b-8dc4-62323ca3f942,6d9c7f06-e309-4b30-a7a3-37783b2b3f26,7,1,7.232504175629123,0.8218177719713176
9f5df61a-dd2c-4787-a6d9-6a2f21ce8fdb,2026,2025-12-04,5556385d-827a-48ff-a603-cddd42d7d7f3,b655e208-570d-40cb-a275-91f219da9058,-2,0,-1.1233366549485937,0.38241775040630027
a62c5501-83ef-4844-91a4-2e2db17f6e3c,2026,2025-12-04,ed91598e-8b89-4385-bc40-49721b8aedd0,160d00cd-1792-45ab-a465-c2d2dcdcab1b,21,1,12.142866589918865,0.8968138154388666
d9c1a276-f7c5-43af-9573-23ac63fbf26d,2026,2025-12-04,f37e86a7-66bd-40dc-b008-7a9017dd8f59,aa9a338c-8749-42c2-8655-1caa89068a61,13,1,-0.2291596183896483,0.5322103419550618
ea38eb16-386f-4a9f-be5e-c871e61c30e8,2026,2025-12-04,2c2ff68e-eb76-44f0-b27d-9426785932d8,0fcf988c-9b3d-4eeb-bc11-4b461290749a,-3,0,6.298472102665447,0.7617237221464774
298c89d0-0608-45e6-905d-57900850371e,2026,2025-12-05,cee4e9fb-16d1-4b9a-bbeb-6f26c9d5c340,9eea7343-e29b-42cd-8ec7-ccda00c95536,-35,0,-6.739594467745024,0.24826236437644034
2ce95cb0-6bf8-47a3-a235-dfc44cb2eed5,2026,2025-12-05,2232e72f-0d57-499b-a956-680031e1de18,66d6cb28-25f0-41bc-9fb1-d15a6dfca6ac,8,1,6.937182695251246,0.770563210248419
40f7dc5e-d24f-4caa-aff9-53954eedc62f,2026,2025-12-05,cec32a63-a501-4a6c-b2c3-dba31694d2b2,28c5e9b8-df2e-4fea-8442-2a3c31753cef,-5,0,-1.9454716300405643,0.39755715528720065
47d03eea-655b-478d-85d1-cecad2c4aff0,2026,2025-12-05,032eda63-2e4d-4c72-8c92-51b97442dea9,81d0a946-6d46-4a7d-88bb-29e19e5f5599,17,1,7.063961531110754,0.7160833757517272
56125b5c-59c8-4c18-87fe-39d768286b50,2026,2025-12-05,51ad29ad-74f3-4879-a2f7-b09ed6f1c3e4,e020519a-e90e-4b63-bb2c-f17dc31b5a56,8,1,-0.8721557614354922,0.47272996405144674
626ceb94-2e8d-4124-9364-3369c9a3039d,2026,2025-12-05,813f7a1c-6264-4e11-88e2-21dcd0072c0a,e3ccd256-a37a-40d8-b059-aca05f884ee1,-2,0,7.70612756111319,0.7897105557303299
6ff9479f-c144-4511-ae91-8971de425ad7,2026,2025-12-05,a8ebd184-6249-4e7c-8e39-0d8d8249fe41,8315c904-1e6e-43c1-a538-e2bbf8bc9ca0,26,1,12.963698862076587,0.9186992042964299
83235a6d-2b82-4f1b-ae2a-5df812d7ed21,2026,2025-12-05,c369d8ef-4098-4425-a977-6cf0605ab931,c155c6af-1897-464f-ad91-10b605e5eb7c,12,1,9.280992477866638,0.8215553115081481
8ad007c1-6879-4d58-be64-c537482ea64a,2026,2025-12-05,69288ce9-31e9-4d18-9e18-89226b85a2cf,cf602be1-6a27-49fd-9b3d-ab9e31f55454,21,1,10.151141221114083,0.8395096353355713
a1e8f47f-d4d8-4cf8-9b05-6ad558640835,2026,2025-12-05,b9984408-0526-4a1b-9cb3-d6450264dcd5,cea24043-374e-4a53-bfc3-4532caf44ea6,26,1,3.2175758839505577,0.5695299075369056
a668fc4e-8c8d-4d07-8487-af62019cef8b,2026,2025-12-05,71e0195c-db7a-4df0-b519-17d796d8957c,c8280280-8b91-475c-9d30-faed3dc9ec3e,4,1,-6.712481851144259,0.23123434397380577
b45cced9-2467-4266-b0c0-cafe59283bb5,2026,2025-12-05,cdda7902-04cd-4834-972b-072f59dd1474,4f107cef-d28a-41e5-b9c9-9f537c5a92e2,5,1,-3.5600504858296884,0.32716804536337174
b9591eca-ab7d-4b90-9e52-797924d3d1b8,2026,2025-12-05,8921f536-d6f1-4d5a-b369-5dfb136e1717,47c889b3-c1a2-4035-ab56-edaeee3a3c86,17,1,26.858072694732137,0.9839915602702834
ba0be434-ab8d-4c37-a329-6fc04f495dc6,2026,2025-12-05,3dfeaa6f-de19-4029-bdaa-0f2bd8ea04c1,4cc6318d-53ba-46a4-90a2-0714f3d5dc14,24,1,33.2068590071419,0.9843448210138825
d96ae217-c25d-4a16-bd0a-936ef8dda45b,2026,2025-12-05,26a9b9da-a6e0-4e12-a95c-e1e51e72fcb0,bff1b03d-2382-45fa-a062-45884591e89a,38,1,22.126252753610647,0.9845064794252746
e9c34286-82e2-4843-8e0b-45bf970e8c4b,2026,2025-12-05,7a5b9a33-aeac-4742-af69-49a1be24d3cb,083c67a8-1a0e-42e4-b3e0-c3872a10d8c2,19,1,6.330037297014733,0.7521872000229934
eeeaba16-1abd-4e88-b34d-ad8772b8e7ee,2026,2025-12-05,47407d60-8e46-4d83-bf47-4b7ef8576ebc,1c701a00-1852-4c4a-8179-2273b474748c,29,1,18.500798513761215,0.9689324604248121
f36ad1f4-fa8d-4893-aadb-b1d1e5aeea91,2026,2025-12-05,81e6f1a5-d8cd-43bb-ac87-6c20719f72f3,cb2346de-1887-4050-8b6f-5480779486c2,-21,0,1.527908066892142,0.6009549389383015
01a0716a-d4ac-4dbb-a862-6a4e8f6cb0f9,2026,2025-12-06,a4e52f2f-5193-40ce-a997-0e0be093d86a,64d22a8e-0b18-48ea-a6a3-5619cb8be43e,-9,0,-0.42081763210647344,0.47138068072835715
0455e981-bf3e-4fbb-8d27-d2e650c49437,2026,2025-12-06,8edd905e-18d4-4618-ba73-09af639ca94e,3fe51e56-cced-4ebd-bc3f-5269a8690fff,31,1,18.99374952446452,0.9694052423030792
061ec867-8fe9-4d60-b3ba-0ef9fe2fc805,2026,2025-12-06,5a3e7af6-53d5-4398-8c0d-97e0d9ac977e,d414d5fc-8653-43b8-ac66-ec8f63c74c82,-6,0,-3.1103728097149848,0.3810470552804985
0ae52548-df07-4fa4-829a-1f3b408eb23a,2026,2025-12-06,2390b5f2-24b9-453a-b023-e7b36da375b6,96649453-7ab9-4024-b242-590c57b62ab6,1,1,16.734015793024188,0.9619948419462363
0b70aec3-a04b-4ad7-b42d-764a17b3c15c,2026,2025-12-06,57d94665-96b0-49e9-ab6b-a7cd6a1492d0,ad6d1a77-a3c3-4d10-9a5d-52b851597e67,-11,0,1.9756595449453658,0.5542522723348418
0d2fe234-c912-4cf1-8e6e-2ff0a61ef33b,2026,2025-12-06,72daa240-1119-4159-899a-d81875c1c916,13fa8aab-518b-46ed-be28-b5c24acfa430,10,1,0.8843850565569422,0.5110773107743893
1069c4e7-2011-46e3-840d-ff05aed8890e,2026,2025-12-06,33b3ee1a-8578-4f30-9145-044433be9e46,31ce23c8-e471-4fad-b117-36f72628b875,2,1,-1.1170651456696004,0.44223627522215553
152a63ea-91fb-4079-9e90-a0cb197fa20b,2026,2025-12-06,179abcd1-98d5-4dc8-8532-3f8ffee320c5,c68084a8-36ec-4f0e-963b-561f5ea2c46e,29,1,15.180699308491583,0.9410586329251134
15e01359-1700-4ad1-9cb1-d2e7f9b241a6,2026,2025-12-06,79116858-d6a1-42d4-bb91-450b44d1e6b4,b81dac67-4cc4-4d68-b327-0ecd77fe056e,18,1,12.79581470533845,0.9128899622620895
16e830db-31f2-4d6d-b422-40c215aaca6b,2026,2025-12-06,592b259a-709d-44c7-b547-07d6529132b5,e4afe8a2-8546-4df5-b5e9-cd85edc8fc62,42,1,37.110075868207986,0.9865181467224772
17b289ae-ad74-41b2-90fc-3f52f78d129f,2026,2025-12-06,eb5b8376-53ac-42b0-a932-bfc4994faa1e,0fbb2a6f-3944-46a9-9fa8-51376e18b3d9,-17,0,-7.047181172874532,0.19202480646174566
1b6faf77-7c2e-4dbb-9e89-800abcb41b3f,2026,2025-12-06,195e638a-72ed-4f19-a47f-232630307034,86dd8d64-758b-4592-8af6-2536cef92fc1,9,1,6.280531345713937,0.7569322253674273
1b85d792-840b-4952-ad9b-8ffe544bc316,2026,2025-12-06,fb1c029c-934e-4345-bb7e-0d199b1172bb,3b63b27c-8c94-4fb9-919f-62cd7944deb1,-12,0,-8.512302199659525,0.1796434090561626
1f3b2c90-cb92-4773-a3d8-e473bd09bdc7,2026,2025-12-06,d783c621-0bb0-477b-8bad-8785e9451e21,19bed18e-691d-4e79-aeaa-771b745bf2a1,15,1,20.190409951844007,0.9636749501222401
2bc077a1-a96a-4498-ab4d-e46df0dea2d6,2026,2025-12-06,60185dec-e78c-4750-a32a-2162e22a166a,8a24da63-2163-47de-aeff-97b77094e860,9,1,10.400371887986687,0.8494307884979951
2d68b3a5-977f-4d2b-85e5-2a02643a0e5a,2026,2025-12-06,9aef881d-7fe2-4fb3-a80d-0b567f388490,466a855f-207e-4dbe-bedb-07f2150174f3,4,1,17.74893178570893,0.9420483179746909
2e0b1e71-a13e-404f-968c-4c3d38e9b8d3,2026,2025-12-06,082024ec-29ae-4a22-8851-c5373988f9bd,29343f0d-eec4-44e0-923a-b7c6360ad1cf,7,1,3.8955967493646413,0.6474812902422854
33853eef-0fff-4e2e-9faa-a7d230004977,2026,2025-12-06,977af06b-e276-4d26-9f4d-4b3c41c67885,076baa43-c839-437c-8a6b-5074277599df,24,1,16.59389670305038,0.9535691171174349
3526c2db-2dc7-47c8-9283-870e3b64a5fb,2026,2025-12-06,e694b3cb-eeef-43f4-bada-32dba89664a3,732365b9-1faf-46df-9c75-4571516450f0,-4,0,-3.0421898887766408,0.31246362747151757
361d7f56-fbd6-469c-ac37-5c706f48ef49,2026,2025-12-06,54da433c-23a6-4200-94c2-fba0e56376df,fc19569f-90e8-4af1-8b2c-981d4b9b0e7d,-12,0,-5.111735361391084,0.2564565731052948
37d11c71-c712-45cb-b1e6-5917b22d9a98,2026,2025-12-06,6eed5456-f1b2-4e4b-966f-71949e9d90ed,dedb794d-6852-4b7b-904a-15cd66966a0a,19,1,14.627097693709832,0.9435216003886508
38e6fb06-3ed8-4c19-a141-11fed591d794,2026,2025-12-06,f598c6c5-97cc-41a4-83b2-84f08d3397f9,523dd055-c2af-425b-b849-f05ced2ae52b,13,1,14.329051923275651,0.916199920621523
3afa710c-bcbc-4b32-92f9-9e0f6954341d,2026,2025-12-06,8d2fde4f-31a7-4491-9fcc-f04ced66e74f,b655e208-570d-40cb-a275-91f219da9058,2,1,-1.6475737761521014,0.39810936685467085
3d0a2a95-4492-41c7-92e1-1dac05e287e6,2026,2025-12-06,b979de70-af07-4320-9f20-2b9606ce8cd6,f1d6ac08-ce96-4b53-aaea-ae291068cf23,-1,0,-2.668413746165471,0.4743070181627808
410b526f-8c18-4c91-bdc4-9a83f860d668,2026,2025-12-06,68f210a8-33bd-4d79-a5b0-222aabe727e7,31ca13c7-e30a-4d9d-a3a8-5197d5e4342a,19,1,8.54615452314163,0.8062438545691354
4138e5af-b7de-4a98-99ce-7e03efa1b188,2026,2025-12-06,113c0c3d-54d6-4c64-b168-7ea3f3c20e76,5ffd8dae-eb73-4ad2-be80-a6ca8f4e5884,4,1,-9.437735819948795,0.16235078039777773
446ff362-1986-4d28-9dd2-a86ee5f5481b,2026,2025-12-06,7cc2bc8e-b314-42a5-81cd-bd21acdd42b2,8c2a4a9c-1ede-4db2-aecd-cfe02e686b8e,12,1,18.32081946738308,0.9565825405173803
45e21828-5680-4488-8d8c-b4fa70800f45,2026,2025-12-06,3710f3f1-b8c6-4f75-85b7-66deba7d916a,bd78de3d-6129-4bfa-8203-6ad7e79b5e54,-13,0,-6.914924692890766,0.29047697537304806
49fad2cc-d297-4b65-a43b-0bcaea168867,2026,2025-12-06,700ebcb7-55a3-4967-b5ef-89731a047790,9293675b-8878-4a32-bee5-496b4818dbde,11,1,8.258205155063534,0.8260958262570531
4c442739-831a-454e-8cd1-6fdb812a5447,2026,2025-12-06,ad070c37-e224-4aea-bff9-4bb770ef38de,2c2ff68e-eb76-44f0-b27d-9426785932d8,10,1,8.748590542218073,0.8300705690315924
4c483ecc-e426-4c31-90dd-2e01485451a0,2026,2025-12-06,f945abf6-7dca-4e3a-b475-bceddc534fb9,14372359-5589-40fd-8dcc-6a04bbe7338b,13,1,9.700946074982383,0.8076576132318071
518b64e7-ad59-412b-8eae-7e6b4da6d3ff,2026,2025-12-06,62093611-a202-4f7e-8d13-ed4c5498a9c1,ea75002f-0c50-4cca-8d60-8926c2f2c077,20,1,17.666569134095862,0.9669487456190868
55140163-ec18-4f2f-aa8b-d3ff27d7f1da,2026,2025-12-06,1ba8fbd8-4401-4226-b1cc-82e937c56657,c5d35bbc-89d4-412c-8778-037158252c91,5,1,4.516962332563848,0.6487242035442026
58cc9a98-9018-43a0-9a96-92b30503090c,2026,2025-12-06,b5111a29-5c09-4364-809c-3686a2b45d1f,bf002b1c-e14e-48a8-9c75-d70de0b2a31d,24,1,18.265530693502743,0.9427159464083248
5abc8d9d-2246-4184-b9cf-84bff48fa8f0,2026,2025-12-06,9111a425-068f-425e-9467-f3ac4b2781f0,a2fd0527-f20a-4add-9101-ff8babf6ceaf,28,1,12.478138874010272,0.9226530272001917
5da2b4e4-fe41-4fa4-bbe7-6cb120c4dd65,2026,2025-12-06,69307d4c-6e7f-4329-b6c2-1f3902362083,474c10f3-c223-42d9-b9e9-48c37898ace8,8,1,-2.300004585022957,0.4355729655986399
61295727-f7d5-4420-b623-8f82b86bf644,2026,2025-12-06,e41ccbd3-d51f-43e5-b037-4cb81b41b713,6c5e0081-14ff-4e1b-829d-a107919bc58e,11,1,7.609620416307517,0.8293153732711064
6567a494-88d4-4e33-be3d-1d88aa8ede0f,2026,2025-12-06,2a453d52-4fcb-44e2-84c8-d2c1f91eccf1,89146125-2618-4b85-9bb2-a7d785fc8c0c,-9,0,0.9753242073058219,0.5100458766522694
6694b734-bc70-4bc8-8817-0fce5b5456de,2026,2025-12-06,0fcf988c-9b3d-4eeb-bc11-4b461290749a,428ae1bc-1e48-41c7-b7f1-da980b8a18b8,-4,0,5.189490835423788,0.6720710010346724
680dfc48-9de4-43ad-b3ae-dc07bac9c9b4,2026,2025-12-06,711ff92d-65bd-49a4-abc4-7aacd8c11f9e,aaa0be6c-4ab2-4cc9-be12-f8658ecddc9f,32,1,22.092249231774627,0.9842843684673181
68390c91-576d-415c-9465-be6d281f2f82,2026,2025-12-06,b58418f4-b3ae-444a-8ada-74ff43e88ea9,b7139fdd-2b24-42b2-80d8-3cc79042b563,-6,0,4.300161720090395,0.6272597508032698
6d45ccec-d791-4c50-8e25-6bba9b971fc3,2026,2025-12-06,131339ab-8b21-40bd-af91-c2dd728a68dd,69c2db2b-a8d1-48d3-89d0-ef9669af0b7d,-8,0,0.8838195996078273,0.5304456287907389
706087ed-21ba-4977-8e12-337a6e39bfd6,2026,2025-12-06,2979c251-171b-4f39-b156-d19f2d179eeb,ed251b78-3a68-4e91-b25d-08ef8bc8face,13,1,10.142624649385287,0.8498081469567876
71b8deee-c0d3-481a-9214-a09194a9b975,2026,2025-12-06,6cbdd7e0-da8a-4b62-98fa-35c1f62f4afd,b9d6eada-8645-4be8-9331-81fb5ab905f8,-21,0,0.4137676874688959,0.5606616357208726
77c3f550-e12a-4cca-ac30-32b5f3913a04,2026,2025-12-06,95ff4642-ef5c-46e3-982e-adab9cdca4e5,f497a267-e78e-43dd-9ab3-4299cf11c08e,7,1,-5.818874318363873,0.3018213598109982
7a4261a4-4c97-4c37-b629-4ef73f86577b,2026,2025-12-06,6d9c7f06-e309-4b30-a7a3-37783b2b3f26,e9570bbf-fc5b-474e-b98e-151eee207d8c,-6,0,0.2680455752865515,0.42656260407006474
81310362-cf10-4c80-bf8c-7ee0957b859c,2026,2025-12-06,364c8255-118d-4dcd-aa72-a62621e3aeb6,fbbdc24a-ba43-42e2-afcc-a328f0d9938a,11,1,11.20142040162231,0.8612300787356172
835fe898-7244-487b-80b3-8e057da7e43f,2026,2025-12-06,f31b656e-13ba-4eb7-bd53-66b20405c905,c836e6fa-56f7-4920-86c0-a3d112f21365,-8,0,3.195779165794919,0.6670609965665354
85920132-da09-4f92-96b0-74c549498c6e,2026,2025-12-06,a544a5d0-4cd1-4756-b079-30a9a7905cd0,38f31497-065b-465d-ab24-3fa581de1831,-23,0,7.687017042773586,0.7080766834798428
8cdcfa02-5b90-460a-bb08-4bb311e836c5,2026,2025-12-06,30dcebf9-dcff-4743-a05a-d994a902866a,9a2c2dfd-070d-4aff-bdc8-ea71e1ff510f,-3,0,-2.4592817357089025,0.39866914258848474
8e1e4845-f1a2-4e18-9e2b-f970d3da5ac5,2026,2025-12-06,6a5388a0-3d9f-4fa4-b592-775b2c31e741,023d3704-bd8d-4c41-a3dc-e747ba7ed642,-10,0,0.20160981412071666,0.5506211660839059
90435781-de1b-4f5b-a52b-7068ea3e85cf,2026,2025-12-06,b7591c8b-00fa-47a2-8280-adf031b24a4f,124dd15c-311b-4d83-becb-7150d849218d,6,1,-4.929240359236208,0.3320751491004948
910823c6-b315-4b19-b52d-8136d0d04421,2026,2025-12-06,3b612ea1-b264-4279-9f72-b45216bfea4b,2ad39bf7-6b52-4185-b83e-15dfc5686cf0,1,1,16.00372615345144,0.9600810769707172
92889cb1-7608-4092-999f-122654814b6f,2026,2025-12-06,34176634-892e-43b1-917d-cc003f8b9c03,8fc903e0-95d5-42fe-8972-bae53e4456a2,-7,0,-6.958493763521435,0.2600507770607105
949e8687-1cf0-4e86-a3bf-91cfcbec4171,2026,2025-12-06,175fb86f-dfa5-4661-89d1-221410e04eec,a40a35e7-bb78-4848-a0a4-11059f3caa39,5,1,5.346802573613389,0.6765080436373887
9644aa19-2d4e-4ecc-a093-db5280337e45,2026,2025-12-06,866586a7-cbbf-44c7-87fe-e9343fef12c8,955bd58f-0ae1-4b55-af26-b19062a2c04c,-4,0,-5.176912881752215,0.31057303871486563
96ba0b9d-9033-4732-9b43-cf6ea5abade8,2026,2025-12-06,eaa03f66-f667-48c2-9f30-ccce38d89e56,29ca4fda-da79-4d21-b2a3-a87a25d02733,9,1,6.069493647273662,0.7076646900361325
976dccac-9a69-4006-ae0d-3afe1da4179b,2026,2025-12-06,43edca99-9154-45c5-908b-5e79c98e3147,4d6c2d4d-b59a-44c3-826e-03e969153794,-12,0,-3.1631674774125416,0.3778313879211647
99a628d4-754c-4545-aa5c-6cfc3b8e4d43,2026,2025-12-06,d1841f3d-03f4-419e-bedf-c218d150aa9f,72aa3e8c-3c62-454a-8f40-09b46ae0cae6,12,1,6.09894424270052,0.7507999756829756
9e65664d-41cf-47d2-bb34-14af1176612d,2026,2025-12-06,e08292aa-f0dc-4c1f-ac0c-138ec5d15372,15e4f40d-8279-4f7a-8095-613e3a6ded31,6,1,9.74596545648115,0.8526140152240695
9e7d0b7c-08ef-4deb-bb6e-522dd1db2700,2026,2025-12-06,2780a057-59e9-4719-9190-6a16ecffbaba,2ffb1e88-0784-478a-b74b-a0a0832b4e30,-4,0,1.5560829129194313,0.5820983059351107
9f63817c-f294-46b1-8e5a-ee6316c28660,2026,2025-12-06,788df145-b514-4ea4-9ff0-bf2399dc7898,96e82d65-67c2-4e96-a2fb-d7ca3dfe1353,2,1,8.258147227777409,0.8331325807692997
9fbfaaa4-5195-49a7-939b-715a876e2ce2,2026,2025-12-06,afbd548e-958e-452b-ac58-5b58b416aeb3,ef533bc7-18e1-474d-96db-96668fe59c22,42,1,28.441114518721548,0.9844548959754396
a2616ffa-903f-4853-95c1-9c6c88015112,2026,2025-12-06,e672d935-837a-44a6-9e69-a25859488a24,de4b950e-313f-4eed-9fbe-0a05201376d1,-15,0,-5.820794880224965,0.3031706132464405
a2c25430-78db-4b9e-812d-ceb072ba5a46,2026,2025-12-06,b86cac40-e643-41b0-ba96-76ef03712c8c,b2c3c0ff-6592-4132-b527-e3784532b0a7,6,1,0.24113846479173334,0.4754497455863232
a5d7d15e-8f82-407d-8bf8-b3626ffbd5cb,2026,2025-12-06,d1c3793d-80d2-4adb-98a1-ac3c584bb64b,3ce22877-c834-4b53-aae8-5129d36175b1,24,1,16.54022585427115,0.937998587358115
a687b285-b3f0-4992-b255-866a59024dc0,2026,2025-12-06,1999688e-7015-4a04-8450-734eddcbcfe4,ed91598e-8b89-4385-bc40-49721b8aedd0,14,1,7.919275164089667,0.7728370470237631
a7643e30-20cd-48bf-a472-127bb329094b,2026,2025-12-06,68f6ce17-8443-4257-ae33-1f240c722bfe,61080933-9c42-4844-9cd9-7cfbcb9cf94a,-5,0,-3.6629238506778483,0.3345181411793794
a8e904c1-b10d-4740-a8f4-7628d467b938,2026,2025-12-06,2a864769-3bff-4022-a96e-3092caef4c93,d7af5a06-c331-48d5-a768-4a3627420b0d,11,1,-4.084999826681454,0.39449026709805746
a94104d0-d853-411d-a37e-842fccef8fa9,2026,2025-12-06,ed01ba53-c6ff-488f-903e-9b348a195c03,87d79a84-23f3-4e7a-adbf-e627ade400ed,23,1,11.782970501653379,0.8730697943248816
ac60dd96-2b3c-433b-829c-70e978b70f29,2026,2025-12-06,b678d94f-1147-4cd8-b221-3155893eb1a9,6265a954-0017-44e5-bec7-cdb2fcc8f527,-4,0,-2.9273507301013884,0.4117231081849702
ad4f0ee8-9501-4e7e-8803-6f92cf4bd406,2026,2025-12-06,f8fb3b2e-223b-4478-a029-9c1209865bdd,62c7a397-21d6-4b22-9b24-ba5a29ee8771,13,1,16.18211300709842,0.9333899357507602
b17330ca-f1d6-40ed-890f-2b8dc1f92700,2026,2025-12-06,1ed24078-84ea-4147-b356-c8543c93aa1d,cb1b95af-f118-4a94-a324-d05b88869a43,-11,0,-5.347661567004541,0.27918770524062053
b18903ee-d7a4-4bf0-989a-4672ad1654d1,2026,2025-12-06,3b0fb0e0-1625-4a53-8ad2-e353ec84cb0f,a9a08ada-6bbe-466a-b4ef-e2fe68dce231,23,1,14.929679459628707,0.9489544941422291
b36169e8-6bd4-49ee-88b6-ef3202304b52,2026,2025-12-06,fc1af6b7-242a-42bf-bbe3-325108828697,07f2978d-85d4-4892-8267-e6903cc20f93,16,1,-2.204164499615766,0.4345372208351137
b4b5757f-9900-4502-bb53-715d3a9c5334,2026,2025-12-06,d88ac8c9-9fc8-4e76-9426-cf44fe70db47,93de5342-985b-431e-9c3e-515381b67402,5,1,13.404873996633807,0.9222629428748779
b51ad2f1-ebb0-4cf9-af1d-cbe34cb53a4b,2026,2025-12-06,6231ae3d-0d12-480c-83ed-e282959cb8c8,0dc6096e-6097-4da2-a279-a7e256c526e3,-4,0,-12.082935196944641,0.08317213444946228
bcd161f3-e051-4da4-a6b5-6719cc75f0dc,2026,2025-12-06,beb97225-0e05-4be0-acb0-2fdc74f6dab4,18b86bee-6b10-4c86-95ef-959dd2d80cd5,1,1,0.13168847878703047,0.5110844832030139
bd8d2c6f-2ce0-460e-a95b-f2e40069583c,2026,2025-12-06,fff2e22f-8e66-494d-a434-8838f329f8a0,4e0916c0-6045-4d71-8568-b5e486ff2f92,-8,0,0.8200911915197288,0.6181563388772086
be025b70-b60a-4c64-9965-68b6beb73779,2026,2025-12-06,6899ea71-b4b1-45de-a54e-8eaefcc5e6f4,1b43514e-2b4f-414f-9f54-b04994ba33ac,-4,0,0.6740138678324342,0.5485489344447798
be7b9efe-4bd2-41e3-bde5-9ed74cb852c6,2026,2025-12-06,0270a5a5-82db-4c54-901d-c9c8dfe3741a,073c7f97-1dbe-4c9d-b1ec-44e92177a53b,8,1,4.139222614225912,0.6128606299931149
c04b4525-6206-4e2f-9916-62991bc98ada,2026,2025-12-06,e80d2384-bdc2-4f58-b09a-284a659a4d81,1ac6eb65-663f-4f4e-b7cd-bcc9ec53efe0,27,1,9.879437831206028,0.8727492374866574
c0fb96c7-0f6a-4a14-a1b5-8aab61594399,2026,2025-12-06,ba89a28b-4588-48cf-be7d-683d7eaf21d0,e77246ad-855c-468d-8b07-828f76134191,-1,0,13.848216492081754,0.9187329544042462
c73592c5-33b8-4c2c-8f26-9702a623e713,2026,2025-12-06,e6f966c6-5104-484f-a3a8-a7450aa491ae,5e1572de-c2e7-4a5b-a605-c095da467409,20,1,12.17025303457517,0.925162299875568
c931fa68-a06b-4f45-a772-aaae38783311,2026,2025-12-06,7dc3e262-ccd4-4c87-8617-0ca6e819757f,a76e8585-9bd8-4efd-ad05-93baa5c91a75,-4,0,9.81974663406361,0.8753676468420418
ca39065e-6a6b-4fde-a532-5fce6a4453bf,2026,2025-12-06,f8a7f441-6bad-4648-bfac-a202788a07f8,534c782f-f9f8-4d61-845a-76e90b321da3,4,1,15.584502532694673,0.9529014008148011
cbe20643-1b1a-4d14-a9e6-0a055354e548,2026,2025-12-06,65457ba7-a038-4a4b-bb9c-249804bf4db4,1aa7f46f-1a21-46c8-a8b8-ee19ee4b1e6e,-8,0,-1.6363858898809418,0.4361499745188843
cd268912-5fdc-409b-bb7e-9ceb1a97910e,2026,2025-12-06,2a5848e9-342f-42cb-84e8-90f6f573bc8a,be3dc89e-c7d8-42a5-878d-a2f181f0914b,-28,0,5.263489516477453,0.6660130813513723
cd4c3059-d992-48c3-987d-ff67320b1ad1,2026,2025-12-06,897f9506-86e7-4d3e-8eea-2b85ea85fa8e,39c61fcf-89b3-4523-aa61-7e031fae7e9c,-5,0,14.531769719723481,0.9316741205776043
d34cb933-db93-4edb-80bd-ca1deb13bf16,2026,2025-12-06,d9469ea9-44c5-4803-8d5a-39cf4028ea3a,7a2ae4f1-b509-40e8-b553-cbea5aabc4be,41,1,28.438685763318947,0.9878608792754372
d44ac082-ed57-4966-ba58-7ae4ecd31748,2026,2025-12-06,33a13edc-a688-48dc-a4f0-c3624bb05c07,e2d3ca81-2525-473b-8700-136b6939d5b4,-7,0,-9.422520319461876,0.22105542257534752
dabc4fd5-3141-4704-9536-ee15f13aaa7d,2026,2025-12-06,33fe6f07-54b9-4b44-a9f3-e273b8b240b8,2d467e3e-e5d9-499c-a1ed-225d0c3ae91a,27,1,2.2232282789695716,0.5741026749189381
dbfab436-6c23-4242-a054-5b7423408318,2026,2025-12-06,a296aea1-d070-4a8b-8dc4-62323ca3f942,160d00cd-1792-45ab-a465-c2d2dcdcab1b,25,1,12.007195235939903,0.9298576271019591
de605934-7eb6-48e1-984f-7517256c5820,2026,2025-12-06,67bb6cc2-0917-4bf3-ba89-bc624925b956,2772ac36-c719-4bcf-8a21-30eba79d1c61,1,1,12.225486087974051,0.8860061308003008
e0971238-0af1-4fa6-bde5-58d7dc18ea4b,2026,2025-12-06,8a720b96-af6b-4ada-bf15-b7b80a091274,f77c8c1a-5fb3-48ef-8210-484010dd5e32,5,1,0.5148189334503669,0.5618292698481161
ec2cd4d0-8a14-44e7-9619-161aaca484cb,2026,2025-12-06,968fdb79-e800-43ac-b93d-53a22dee3a03,8cc8f38e-384d-42b4-906f-97ff66fee7d7,-9,0,-0.48407678669960036,0.45712578017418304
f05de9e6-4a5c-45c2-8cb2-24d50a78e5f5,2026,2025-12-06,163cfcfa-5213-4025-8eb1-dd67b17587f8,5c7b85b4-380b-4ce3-bbc7-e0b1ac767c3d,3,1,-7.41940896758952,0.29261058047827254
f3ee4388-951c-4f71-8ada-96912720d80b,2026,2025-12-06,d6a99784-3b3d-4ae0-a5c1-6689f04c9255,4ac9a4d0-e97a-403f-b290-b7bf3c0e8308,-5,0,3.7773266109535855,0.6462205418119504
f5912a67-a33f-47db-91e1-a6d0f1cdc785,2026,2025-12-06,8121c98d-816f-4d3a-bb3c-4e9f3fbf65e3,e088b1fe-16ee-4cf1-baaf-6ce4139f13df,14,1,2.7913060021755474,0.5638903457789964
f67a19d3-a96b-4e96-a1cb-022138f65e5d,2026,2025-12-06,64d8d377-0ced-439d-a3a6-bbf2100037d9,20bb1fdb-2581-4660-92f8-ad08c3a60acb,-9,0,7.812999481605996,0.8109176872553174
f7222217-11b4-4342-8cd1-e59f49fcb7e4,2026,2025-12-06,853ab0d1-c982-4e7d-8187-8600084662c2,976a062a-415a-4be9-870e-c2b6aa726c28,7,1,-0.7332343693547114,0.5174834188944972
fc2dd55f-49a6-43e1-bb8f-c7f669f1a694,2026,2025-12-06,5e9a1e57-759c-40bb-aac1-6bdb058fafbf,5c4db420-ac2a-4491-9f2f-f15fdf65d283,24,1,17.560088340182496,0.95763396618396
fc868bf3-ca7f-4549-9ab7-aafa5bd6a088,2026,2025-12-06,6bc5ca07-a958-41a3-8a95-eb5988cd48d6,e23a2171-157b-49cb-bf14-34996402c465,-23,0,-5.300738060238797,0.31654554148667463
fccf0170-9e3d-4722-aea5-b083c51be09b,2026,2025-12-06,c4fed5b1-14eb-4033-8832-59e6c0004cf0,2c2e9f9c-9d33-474b-860c-f9230f147fcd,29,1,18.406779966457837,0.9637715341595334
00d40bbd-d8d4-4db3-97e4-021d00e1d4cd,2026,2025-12-07,8315c904-1e6e-43c1-a538-e2bbf8bc9ca0,4aa5d0a9-3420-4d4f-a466-17c82d88c482,3,1,5.315835577937099,0.700216715722036
0608b154-deb9-4a50-b987-43f052386fd6,2026,2025-12-07,9eea7343-e29b-42cd-8ec7-ccda00c95536,508005ba-15a8-426a-997c-b0e36e4e6b58,51,1,31.436201795666854,0.985008419494015
109abdc2-5a75-44f0-b62a-00e38bf00a3c,2026,2025-12-07,cfae9c2f-9713-46de-9159-5064cc63dd64,0cd88aa1-5ccf-4454-9b08-d57795a231b7,33,1,10.712952904029196,0.9042829348481581
1508c8f8-fbd3-4aca-9254-5c90756506c1,2026,2025-12-07,94a323fa-c3d4-4718-a4bf-f6dd1c93c5c9,cc517ba4-b26c-41e0-bc91-66f5ceb16558,21,1,12.441697576679497,0.9215671081294774
1684a9b4-fa62-4413-aed9-0b8a9db96818,2026,2025-12-07,aa657c8b-9c3a-4727-9d4c-559205be3150,aa07fd1e-a03e-4554-9286-31e09a343db0,-7,0,2.2992723614891615,0.5808247163269592
1688b546-f7b8-4907-ac0f-34822086e245,2026,2025-12-07,bb509184-c255-4aa4-9cdb-057dd36f7a04,8c9b2481-8a04-4d21-baaf-cd9add16d15c,10,1,9.08510701701682,0.853053227913213
18b291cc-56d7-4b1d-a6f1-33e7a4518288,2026,2025-12-07,8da08445-76e5-4e98-be98-4f101d670980,e30dcda9-70a8-4f5e-a91a-5eb2cf1e2c36,25,1,13.371139038165376,0.9343760288107781
19441622-ba86-494b-9f91-51583ce389d2,2026,2025-12-07,ab2292aa-bfd3-4e49-a17a-cf970962e75d,aa9a338c-8749-42c2-8655-1caa89068a61,-26,0,-11.614858012578189,0.10918674788380812
21146287-fb01-4c3d-b86f-7eed7f0ce3cf,2026,2025-12-07,47407d60-8e46-4d83-bf47-4b7ef8576ebc,c155c6af-1897-464f-ad91-10b605e5eb7c,22,1,15.725258638186991,0.948613068329012
21c77b71-5928-4d65-b320-92fb6ccf3308,2026,2025-12-07,c369d8ef-4098-4425-a977-6cf0605ab931,1c701a00-1852-4c4a-8179-2273b474748c,28,1,9.6120709237545,0.8622405466993956
2cfaff0e-8456-4165-bee5-e47c45760c5e,2026,2025-12-07,95adaebe-3c7d-4cf9-9380-e96c95761e6a,bff1b03d-2382-45fa-a062-45884591e89a,-8,0,6.015903937664838,0.7338138828168331
2e8515f3-003c-40a7-b9cc-f74e94b66e61,2026,2025-12-07,ba959da0-313c-4413-aad3-124a5c216494,c64c255f-43f5-4a08-99f3-222dd9aa0731,5,1,15.660222455519813,0.939080837765242
2f9cdea7-b8e2-40e5-a131-008744681a1f,2026,2025-12-07,528a1feb-658f-4522-a7ce-decc11b8b925,813f7a1c-6264-4e11-88e2-21dcd0072c0a,-10,0,-3.9573861307227234,0.29929918779801973
46dcec9d-f6df-4461-ae14-23644d551080,2026,2025-12-07,ea802991-74ac-4210-b3cf-e4a4c4006e76,ed6e30f8-d1f2-451b-9a26-5c7f21af0125,14,1,7.008757895410707,0.739747956800987
4fa0ea4b-1523-4252-ad77-6eb38a165426,2026,2025-12-07,b7431929-7ebc-42a6-bef8-d0c5715e2c86,1b50e98c-801a-4835-9b4e-b0d563152b2b,42,1,27.247668833786168,0.9872419288025097
524f522b-ae44-4413-969d-5116871bc156,2026,2025-12-07,6833b588-1856-4519-a296-afd069ebabfa,d3445fe1-27cc-4d88-b2df-6ce2afe13156,-9,0,-5.56540364719025,0.2584095252310557
53adbe7c-3ae7-44f0-86ba-9cc84bec0b2b,2026,2025-12-07,6f01f32e-67fa-44c7-8440-24a263829a82,3e01dbfe-c709-4674-98f7-dc2f25d068ba,17,1,3.629349908979272,0.6168016356888797
615cf8d0-2f46-4bfc-a4dc-13e46e07459d,2026,2025-12-07,82ae3098-41a3-4c5a-92a0-aa7a592b5f7b,9b933a83-ef6d-49c0-ade8-facfdeda3183,-21,0,-3.605716446342012,0.34255709153411196
6209a541-0958-4607-9bb8-f157d5f8f34c,2026,2025-12-07,edb2bfd0-017f-4df2-b9c6-d8dcacb7e929,94d2459f-8edb-4281-8038-8b2dda825fac,24,1,9.180325269133494,0.7931147562993869
67cbc54e-ab57-4502-8e04-b4266d616041,2026,2025-12-07,d5861555-455e-464c-919c-9e6b99ce4495,c8280280-8b91-475c-9d30-faed3dc9ec3e,11,1,7.145987755513133,0.7980832576927913
688d8270-26aa-49af-a091-a3299abc3de1,2026,2025-12-07,fb351878-91c8-4144-83c1-92f166d447f9,41a1e4ad-a290-41a2-8940-662b1fc85e89,13,1,4.994690034003394,0.6912008591382773
6a0792d3-3db0-48df-b1e6-7b5dc9ab9f44,2026,2025-12-07,26fd3855-d3a6-4b79-a7b0-559b447f5e6c,94d66457-cf10-4bc2-b52f-faf466454856,20,1,27.76656404695523,0.9859896749253411
6c1b3321-e9ba-40a2-92fa-76cb67e80df1,2026,2025-12-07,9f15591e-786d-4c01-a688-1272fa1c111b,fff30549-83b5-4c44-9f3d-444f65ede45f,20,1,8.693693787525271,0.8092184488994512
6e22eb30-78af-4e56-8606-573e330cc488,2026,2025-12-07,2232e72f-0d57-499b-a956-680031e1de18,71e0195c-db7a-4df0-b519-17d796d8957c,12,1,14.934648189274732,0.9282937349205777
739c6000-5dd5-4280-a267-095ae47ae984,2026,2025-12-07,51b50cb5-097f-453e-99eb-4175d27ed1bd,d1623d0a-64d7-43e3-9f9b-36356767823e,20,1,10.286476246126359,0.8253276290366379
7cd3822a-887f-469c-ab2d-beb1b939c616,2026,2025-12-07,28cde209-3ae8-4939-9d83-2a6d645d427d,3f9ea222-2b0c-4f93-a0e2-601346d6030a,-1,0,5.6784790913538,0.6782365770589687
80e6ddfd-fe72-4cbf-9d5e-84de84c65eda,2026,2025-12-07,84769f97-e86d-402a-9eb2-d31118f663ca,85b4dcda-76c3-41e3-ba40-71e093a8dcd5,-5,0,-5.252610920378264,0.32948294391942057
83591124-63dc-4d0a-8ac4-778f48b16f3d,2026,2025-12-07,8b53b385-4f61-4998-bac6-527e69c1fd6d,81e6f1a5-d8cd-43bb-ac87-6c20719f72f3,-12,0,-1.5310605937713604,0.4264011403488753
873cccb0-d74c-4013-b1de-b65e11b61fda,2026,2025-12-07,cb2346de-1887-4050-8b6f-5480779486c2,023093fa-50bc-4974-a6da-14f0e4b070fe,14,1,13.4926682819069,0.9363449709850733
8d4391ca-99f0-4806-b48d-460ec2a59f8d,2026,2025-12-07,0792fde4-bca8-4a47-9b76-8d8191a2ac93,0423c35a-c25a-42a0-a0da-e1918c78cd5f,-14,0,1.8794346845083119,0.49430325838563616
ac6c33b0-8a75-4f93-bdd0-1a7f7878708b,2026,2025-12-07,d1177041-d515-453f-9b73-e9891b41324d,3ce97af9-70d7-4dc9-b13b-4f4221b9e09a,-3,0,5.230899785603699,0.6672341496593027
b253d3f0-f829-4c2f-bbb0-00a5f83ea4ef,2026,2025-12-07,0b613bb0-e3c8-412a-8845-b9807552ba60,ec7aba22-2b7a-41dd-801d-063cca9a4c1f,23,1,10.649859445418143,0.8493273153221931
c5bde12c-b697-4f94-ae5f-4df5f6d9e24c,2026,2025-12-07,7b637d45-2602-47f9-bf37-40d1043643b7,3d8fedb9-0847-4666-82df-5f520b704ff4,13,1,1.8544531416836727,0.5402614708499188
e388d831-1f5c-4bef-816b-1b73940a8c33,2026,2025-12-07,4cc6318d-53ba-46a4-90a2-0714f3d5dc14,cda5f197-ae6f-4f38-a523-d1e70b218821,7,1,-9.208836091219208,0.11878601309250839
e8d38eb0-bc5a-4f74-9e42-02f0ccb6f09a,2026,2025-12-07,acbf5eb9-3a63-471d-8199-6067f912deaa,07e79f5e-ccc8-487d-ac1c-fbd82b43bb75,34,1,9.436665268114737,0.7651353509604493
efe7e2a0-17ca-430d-90e1-3426767fb595,2026,2025-12-07,b9e807be-99ad-41c2-94bc-6049272e3254,557c7aed-66c7-4dde-aef2-6dc573ec91e7,42,1,35.8049834948442,0.9880173050251456
f25bc7be-8a74-47cc-bdbe-6d1d18fbe914,2026,2025-12-07,fe6d6aa2-4515-4014-88ef-eb2bd91e54fa,5556385d-827a-48ff-a603-cddd42d7d7f3,28,1,8.702114437994476,0.8183629743691062
f3b3f056-ddde-49a9-8df9-586c7f66cdbf,2026,2025-12-07,9c37b6c6-f9dc-49e2-a128-2681c0df2bf8,7da471c0-9955-4f80-b861-d7753ac5a7eb,7,1,13.198512113845279,0.9065929568472716
f6e09652-4879-4817-8cd7-af77fe25b546,2026,2025-12-07,1caae9e8-45a5-4b50-88a3-e3d388c52d33,4b705336-0b7a-4525-a3cc-151a9657a218,22,1,13.183726146175417,0.9070102343815799
06cd3385-5a18-4a20-ba83-91235e6e7c2f,2026,2025-12-08,64d8d377-0ced-439d-a3a6-bbf2100037d9,976a062a-415a-4be9-870e-c2b6aa726c28,1,1,6.0839606413877725,0.7288577256096511
1d83ddf9-1996-464a-ba20-a0481e3a7163,2026,2025-12-08,1ac6eb65-663f-4f4e-b7cd-bcc9ec53efe0,51ad29ad-74f3-4879-a2f7-b09ed6f1c3e4,2,1,15.190110220740838,0.9428103793356482
2b7121dd-0aa5-4516-b058-bef29779f4b6,2026,2025-12-08,57d94665-96b0-49e9-ab6b-a7cd6a1492d0,d297d4f3-0edc-4461-aa7c-7be49fc9aad9,59,1,32.53087177576481,0.9880562859010238
44ad04d0-6b90-4c82-9511-d7fac70da636,2026,2025-12-08,3ce22877-c834-4b53-aae8-5129d36175b1,694c9825-86e3-466b-9eed-01db85397149,8,1,11.08488174392197,0.907112111651134
47f2d939-253e-429b-b1f2-44f35a06b0d4,2026,2025-12-08,69001211-8ae2-4829-9746-40b6a0858890,0c280802-395e-44d4-8c2a-fb539233410b,26,1,26.317997207728475,0.9843041154433074
8e0c60b3-349d-4bbd-a5e9-1a4251e5eed8,2026,2025-12-08,63c7d34f-6b58-4a80-ae86-320a182ddcc5,cf602be1-6a27-49fd-9b3d-ab9e31f55454,40,1,17.390506619229964,0.9442723134164624
099f959a-5e82-49aa-ad44-70e8f2223906,2026,2025-12-09,e2d3ca81-2525-473b-8700-136b6939d5b4,fff2e22f-8e66-494d-a434-8838f329f8a0,-4,0,5.116196202267201,0.6637316922535357
0b64651a-1e19-4afc-a9a4-779b5d6e4403,2026,2025-12-09,6265a954-0017-44e5-bec7-cdb2fcc8f527,bd78de3d-6129-4bfa-8203-6ad7e79b5e54,-8,0,-5.468045775521954,0.2899675957473009
476f17a9-c8ee-4502-8c22-f421c284d172,2026,2025-12-09,5a925022-39f0-422e-a9c8-efba8cab8218,de4b950e-313f-4eed-9fbe-0a05201376d1,4,1,7.8755222998534835,0.8351809844371318
47d199ec-dfec-4317-a23b-2bec7015f7f8,2026,2025-12-09,fc1af6b7-242a-42bf-bbe3-325108828697,96649453-7ab9-4024-b242-590c57b62ab6,25,1,23.055509965785134,0.9804118581189817
5767d35b-5e27-44fe-9151-999f9f728ee3,2026,2025-12-09,023093fa-50bc-4974-a6da-14f0e4b070fe,33a13edc-a688-48dc-a4f0-c3624bb05c07,-13,0,-1.6659594715491297,0.37560876942876825
613f83c0-4bb6-4500-8f8c-fab9ab7304e4,2026,2025-12-09,d9469ea9-44c5-4803-8d5a-39cf4028ea3a,e80d2384-bdc2-4f58-b09a-284a659a4d81,28,1,19.522534844350794,0.9691894491763996
688e9b9a-fafc-4c32-a7c0-d94d9fc50374,2026,2025-12-09,be57d339-192b-4f8a-80f9-e4dafde63035,30dcebf9-dcff-4743-a05a-d994a902866a,-4,0,0.2435593050609619,0.5150666277328463
82ff47be-c5bf-47cf-a6e5-96990be91ed9,2026,2025-12-09,81d0a946-6d46-4a7d-88bb-29e19e5f5599,f31b656e-13ba-4eb7-bd53-66b20405c905,-13,0,-11.251040946236161,0.12027164821217018
87b22246-72bf-4b18-a226-2dff9625c5db,2026,2025-12-09,68f210a8-33bd-4d79-a5b0-222aabe727e7,7a5b9a33-aeac-4742-af69-49a1be24d3cb,7,1,19.529716935396806,0.9742525164891221
919362f0-491e-426b-b8ac-e37d72e51937,2026,2025-12-09,31ca13c7-e30a-4d9d-a3a8-5197d5e4342a,26a9b9da-a6e0-4e12-a95c-e1e51e72fcb0,-2,0,-1.5686037010089777,0.46549851577458823
972d14da-d1d8-45ac-be63-46edc1a013e6,2026,2025-12-09,29ca4fda-da79-4d21-b2a3-a87a25d02733,90df5863-ccc6-4ffe-b441-dee520cc7fed,41,1,16.14900414088145,0.9574680219271829
a1cba7b6-7a61-4a6e-ad19-528026015313,2026,2025-12-09,1cff0c34-63d9-4a64-a258-a50e61fee7cf,caae45ce-7d6f-4f0e-a536-6d05e2ae5086,16,1,-5.293646409929808,0.29678897001484644
ada4d561-4fd8-4da8-b798-9efb6a1f20d8,2026,2025-12-09,1ba8fbd8-4401-4226-b1cc-82e937c56657,523dd055-c2af-425b-b849-f05ced2ae52b,21,1,18.445188796959556,0.9559993542117267
ae21ad47-e02e-4573-8435-24054714c4d7,2026,2025-12-09,f1d6ac08-ce96-4b53-aaea-ae291068cf23,e4afe8a2-8546-4df5-b5e9-cd85edc8fc62,22,1,28.746890585346115,0.9868372918272192
b37e5a59-a0ee-4263-a7bd-a3a7099ee73b,2026,2025-12-09,f945abf6-7dca-4e3a-b475-bceddc534fb9,b81dac67-4cc4-4d68-b327-0ecd77fe056e,24,1,34.922812792136355,0.9886254021848625
b47b50bb-28d3-4a0b-ac61-71b090229acc,2026,2025-12-09,ec98d839-43bb-427e-83c8-d832063ad70d,2b7eed3d-9921-482b-a193-759486c9b225,3,1,7.133566908517402,0.8306249834268232
c095ef70-1438-4907-b3d9-e9caa4a46e34,2026,2025-12-09,9aef881d-7fe2-4fb3-a80d-0b567f388490,866586a7-cbbf-44c7-87fe-e9343fef12c8,43,1,21.18062544709723,0.9827575557534154
c3ea7c4d-5994-4614-89dc-434120d53fdf,2026,2025-12-09,3dfeaa6f-de19-4029-bdaa-0f2bd8ea04c1,65cd560f-8b8d-4b8f-8a2c-2738484621b8,4,1,-6.573805642146536,0.28218106709567614
d9ab02f9-a987-4988-95de-dce0f21df266,2026,2025-12-09,032eda63-2e4d-4c72-8c92-51b97442dea9,6d9c7f06-e309-4b30-a7a3-37783b2b3f26,6,1,2.030422830617171,0.6183063282842338
f712c725-4130-40db-b1b2-d1ed01aee0bf,2026,2025-12-09,cee4e9fb-16d1-4b9a-bbeb-6f26c9d5c340,e672d935-837a-44a6-9e69-a25859488a24,36,1,35.662078017510424,0.9875797398089763
f89adba4-d411-469a-bbff-ec973bc9dc85,2026,2025-12-09,8a24da63-2163-47de-aeff-97b77094e860,9111a425-068f-425e-9467-f3ac4b2781f0,4,1,-1.4357730800889856,0.4719087483657449
fb663ba9-8dd3-4c15-909e-c99aa31abf94,2026,2025-12-09,a4e52f2f-5193-40ce-a997-0e0be093d86a,fb1c029c-934e-4345-bb7e-0d199b1172bb,32,1,25.753895886317128,0.9814270179258482
febc4205-2071-430e-8226-b6612391486c,2026,2025-12-09,f598c6c5-97cc-41a4-83b2-84f08d3397f9,96e82d65-67c2-4e96-a2fb-d7ca3dfe1353,27,1,14.25175346814549,0.9376424908884623
007ab482-92a3-40b1-ba25-45e03cbfa53b,2026,2025-12-10,33b3ee1a-8578-4f30-9145-044433be9e46,d5485362-65cf-40d8-bd4e-d8c6c4613f82,15,1,-1.3089452456871227,0.42749987566861924
00a74683-658a-4043-8f99-50ffe0a6bec3,2026,2025-12-10,f497a267-e78e-43dd-9ab3-4299cf11c08e,2772ac36-c719-4bcf-8a21-30eba79d1c61,30,1,26.91844574310341,0.9843724985497889
01103f89-f948-4c9f-ba33-f2ac9245aa3d,2026,2025-12-10,ba89a28b-4588-48cf-be7d-683d7eaf21d0,8423734f-7076-4655-b3ef-3528aa9176ff,21,1,16.018217795259382,0.9586798558733138
0fc33d0d-95ba-47d2-8d21-d071da1f44e8,2026,2025-12-10,81e6f1a5-d8cd-43bb-ac87-6c20719f72f3,083c67a8-1a0e-42e4-b3e0-c3872a10d8c2,6,1,9.801401456099153,0.8425108166008127
107d21e2-819e-4c6d-b1f3-4576884f459b,2026,2025-12-10,e3ccd256-a37a-40d8-b059-aca05f884ee1,9a2c2dfd-070d-4aff-bdc8-ea71e1ff510f,15,1,5.8208973445595475,0.7292982181068445
17d18d6a-e59e-4ef9-9cd2-65d5f66af51c,2026,2025-12-10,a8ebd184-6249-4e7c-8e39-0d8d8249fe41,33fe6f07-54b9-4b44-a9f3-e273b8b240b8,-3,0,3.7735817344779075,0.6714869360226772
18ce861c-f40c-4269-8192-ad3fad90d84b,2026,2025-12-10,cb1b95af-f118-4a94-a324-d05b88869a43,8121c98d-816f-4d3a-bb3c-4e9f3fbf65e3,4,1,16.854064024556763,0.9537235067665659
1c6b5cbf-9f81-4b86-b30f-879b4d6239bf,2026,2025-12-10,ed91598e-8b89-4385-bc40-49721b8aedd0,076baa43-c839-437c-8a6b-5074277599df,2,1,-0.3800978295056451,0.5330588338161236
1dd77130-639e-4e03-b76a-c1221845ae24,2026,2025-12-10,89146125-2618-4b85-9bb2-a7d785fc8c0c,60185dec-e78c-4750-a32a-2162e22a166a,22,1,11.794334227033193,0.8532675850592911
1f330f0f-83ef-4763-8b1c-fba1020c8762,2026,2025-12-10,a544a5d0-4cd1-4756-b079-30a9a7905cd0,567fb73b-73a0-4437-a1ed-314d40d93e6f,28,1,17.129613693632415,0.9544995824738763
212cdcde-558b-4ede-93f0-d6c16398c9ce,2026,2025-12-10,47c889b3-c1a2-4035-ab56-edaeee3a3c86,534c782f-f9f8-4d61-845a-76e90b321da3,6,1,3.7361107984328203,0.6038492636937806
2df7c189-b708-475d-ac6a-cc2a1ee974cc,2026,2025-12-10,53e97ae2-3cae-46c5-8353-41eadbb17d61,0c280802-395e-44d4-8c2a-fb539233410b,3,1,9.266682906637548,0.8540286010490231
3444be98-ecd7-410c-82d3-63cce11b81ba,2026,2025-12-10,124dd15c-311b-4d83-becb-7150d849218d,aaa0be6c-4ab2-4cc9-be12-f8658ecddc9f,-10,0,9.76242670099115,0.893113390447029
3fb49dec-3156-4840-8b18-494c93c05967,2026,2025-12-10,131339ab-8b21-40bd-af91-c2dd728a68dd,98674fec-442f-4d8e-bff0-fca634b9ceb1,-9,0,-1.6736349140490732,0.40904344051923247
4b0aec35-7edf-473a-986f-61851fe1c672,2026,2025-12-10,94a323fa-c3d4-4718-a4bf-f6dd1c93c5c9,e6f966c6-5104-484f-a3a8-a7450aa491ae,30,1,4.618377405891975,0.7106770068242487
4d3bdc57-b893-4826-b2b2-a27dd572874b,2026,2025-12-10,f77c8c1a-5fb3-48ef-8210-484010dd5e32,d5861555-455e-464c-919c-9e6b99ce4495,-3,0,-1.6662614604581527,0.4019085148727818
60a839cb-3ed2-426c-a34e-5c7e11bb1f05,2026,2025-12-10,5c4db420-ac2a-4491-9f2f-f15fdf65d283,ec7aba22-2b7a-41dd-801d-063cca9a4c1f,-4,0,-6.347091662835444,0.3272848843545382
626cfc60-ba44-44c9-9e37-a3190b4e31c6,2026,2025-12-10,b5111a29-5c09-4364-809c-3686a2b45d1f,466a855f-207e-4dbe-bedb-07f2150174f3,33,1,25.240069462844037,0.9852596776905042
6e9d0b08-8500-4e1a-ae0c-f5ad58c1df5b,2026,2025-12-10,7cc2bc8e-b314-42a5-81cd-bd21acdd42b2,592b259a-709d-44c7-b547-07d6529132b5,40,1,9.748514547281985,0.7889490834964145
78674a3c-4022-4b68-9d2e-bc701eec27a4,2026,2025-12-10,8c2a4a9c-1ede-4db2-aecd-cfe02e686b8e,711ff92d-65bd-49a4-abc4-7aacd8c11f9e,-3,0,-10.100337306969887,0.14764312760525247
7ae03d41-2aac-4d1a-9a09-c7c6a89b08bc,2026,2025-12-10,ea802991-74ac-4210-b3cf-e4a4c4006e76,a2fd0527-f20a-4add-9101-ff8babf6ceaf,11,1,21.688443873267317,0.9799519898551725
7cb84856-02a1-4fa5-ad80-eab76b03d276,2026,2025-12-10,d783c621-0bb0-477b-8bad-8785e9451e21,517665d2-60c6-44a7-a80b-78212cfb2db3,42,1,35.95030288750461,0.9875754799657305
83b8a62a-641e-429e-b049-83811ce12307,2026,2025-12-10,62093611-a202-4f7e-8d13-ed4c5498a9c1,f8a7f441-6bad-4648-bfac-a202788a07f8,2,1,1.403234741827275,0.5367869662053507
a5e0db4f-ce32-4ab9-9fc1-1c2d786c8ce4,2026,2025-12-10,29343f0d-eec4-44e0-923a-b7c6360ad1cf,3b612ea1-b264-4279-9f72-b45216bfea4b,16,1,-4.522291223492919,0.33438661204593145
b238bfec-6fa9-4845-9cce-5c95aeeb2869,2026,2025-12-10,4e0916c0-6045-4d71-8568-b5e486ff2f92,b28075f3-bd4a-486f-b563-0081500049b0,8,1,7.914102534088204,0.8151371376817601
d65afdbc-d37e-4a8e-bc82-e2424cbc3bc9,2026,2025-12-10,2979c251-171b-4f39-b156-d19f2d179eeb,5c7b85b4-380b-4ce3-bbc7-e0b1ac767c3d,-12,0,18.149745941161786,0.9356698929664715
dd78d22a-1e4e-4ee7-a031-98fcbbc869dd,2026,2025-12-10,be625a9e-aede-4fb2-98ad-3c0baa02528c,65457ba7-a038-4a4b-bb9c-249804bf4db4,18,1,21.27186289773589,0.9626282797835437
efd760f6-c580-491e-81a3-77e60ecf2dee,2026,2025-12-10,f37e86a7-66bd-40dc-b008-7a9017dd8f59,60686ba3-d38f-468b-ac14-3d7c8518e868,6,1,19.160414373924333,0.9658308462341344
f5628efa-65cd-4ac0-b320-e2f6c5ba3fcb,2026,2025-12-10,8af24be9-3bcf-49dd-8a7a-9a412402712a,bb509184-c255-4aa4-9cdb-057dd36f7a04,29,1,9.67129980037347,0.8258561012862723
19493fec-0fd3-4211-a833-8993e66b970d,2026,2025-12-11,38f31497-065b-465d-ab24-3fa581de1831,6eed5456-f1b2-4e4b-966f-71949e9d90ed,4,1,6.577032437071693,0.7630648236176597
29332f58-9df5-41c8-b952-50a317df76b1,2026,2025-12-11,fdfebc81-138f-45de-ad5a-cdb4c98c5dc1,f1d6ac08-ce96-4b53-aaea-ae291068cf23,8,1,5.583903568300793,0.7250729814654838
2b053429-a0fc-4035-9f14-707db89402d0,2026,2025-12-11,6bc5ca07-a958-41a3-8a95-eb5988cd48d6,5556385d-827a-48ff-a603-cddd42d7d7f3,-10,0,-3.1444503393475043,0.447301505214899
723a9a8d-b552-4c18-8182-743cc58fc614,2026,2025-12-11,160d00cd-1792-45ab-a465-c2d2dcdcab1b,2390b5f2-24b9-453a-b023-e7b36da375b6,-11,0,-9.65769561959027,0.11490614775364828
862a94c5-5903-4cc0-bd0a-aaa8230fef4c,2026,2025-12-11,2780a057-59e9-4719-9190-6a16ecffbaba,71835168-f6e1-4523-997c-3851fc41f646,-13,0,-0.6599166948214866,0.446287982917221
c917d511-ef02-40ed-86b4-75aa94d120d9,2026,2025-12-11,fb351878-91c8-4144-83c1-92f166d447f9,0ec33aa5-020d-49e7-ac6a-2ee825d15102,-8,0,4.24254816580652,0.6518947794531353
e99c51b6-4cf0-4133-8916-2bc4c30721ae,2026,2025-12-11,fff30549-83b5-4c44-9f3d-444f65ede45f,8c9b2481-8a04-4d21-baaf-cd9add16d15c,8,1,19.726665556282665,0.9813981704957535
e9f65364-3f38-48e2-a43d-22fb0e115924,2026,2025-12-11,700ebcb7-55a3-4967-b5ef-89731a047790,d7af5a06-c331-48d5-a768-4a3627420b0d,22,1,15.311178345687761,0.9603467191454579
3d297a30-3e18-42e7-8b03-0aa88c5bd6ef,2026,2025-12-12,41a1e4ad-a290-41a2-8940-662b1fc85e89,b9984408-0526-4a1b-9cb3-d6450264dcd5,1,1,4.459230414044554,0.7097099350334658
67f8ffbb-105a-48c7-9d36-74da08d3a66a,2026,2025-12-12,cdda7902-04cd-4834-972b-072f59dd1474,bf002b1c-e14e-48a8-9c75-d70de0b2a31d,18,1,10.917465680370439,0.9003630805952356
87e0d41e-c74b-45a6-a734-60b1bc8d0a47,2026,2025-12-12,37789002-2f1a-4a5c-95f5-a4f487f719ac,cf602be1-6a27-49fd-9b3d-ab9e31f55454,24,1,16.14254796760378,0.949702882420983
88347903-3af5-4ba6-88c3-a3f75ff8b620,2026,2025-12-12,e2d3ca81-2525-473b-8700-136b6939d5b4,87526af4-8053-4a04-978d-c8209eb24368,-3,0,14.483023603130707,0.9296953577591766
9a6a9e6a-edc9-49cc-ad9f-667cc0364c2e,2026,2025-12-12,3dfeaa6f-de19-4029-bdaa-0f2bd8ea04c1,69001211-8ae2-4829-9746-40b6a0858890,8,1,9.356115484318972,0.8155607304674646
c3072afb-598f-47b4-ac0b-9b8b27016fe4,2026,2025-12-12,de4b950e-313f-4eed-9fbe-0a05201376d1,b81dac67-4cc4-4d68-b327-0ecd77fe056e,3,1,10.298760969770289,0.8614409363654616
d5d5f597-f533-4a9e-a567-4f843992da38,2026,2025-12-12,5e9a1e57-759c-40bb-aac1-6bdb058fafbf,b2c3c0ff-6592-4132-b527-e3784532b0a7,-5,0,-4.200408927186081,0.34820122700296124
da83aea8-4b8b-43ee-9ba6-c57a67be0e44,2026,2025-12-12,26a9b9da-a6e0-4e12-a95c-e1e51e72fcb0,4cc6318d-53ba-46a4-90a2-0714f3d5dc14,36,1,21.368386857866067,0.9823469211238415
007f6349-601a-4365-bded-e972ce21faba,2026,2025-12-13,b7139fdd-2b24-42b2-80d8-3cc79042b563,07f2978d-85d4-4892-8267-e6903cc20f93,-9,0,-6.935107546464108,0.32506978509761797
009b353f-39c1-45c3-811f-c5ed7d7667b6,2026,2025-12-13,fbbdc24a-ba43-42e2-afcc-a328f0d9938a,12fb3719-3067-4770-ab8a-b11eeb73faae,42,1,13.949805385166552,0.9377853878007453
00b983ff-0ed9-440d-8a40-afe866b85443,2026,2025-12-13,cb1b95af-f118-4a94-a324-d05b88869a43,a296aea1-d070-4a8b-8dc4-62323ca3f942,15,1,9.97122335832892,0.8706990954868766
04f045f2-7b2e-45c3-b008-d6456f599008,2026,2025-12-13,eaa03f66-f667-48c2-9f30-ccce38d89e56,95ff4642-ef5c-46e3-982e-adab9cdca4e5,26,1,20.017239221876256,0.9843764935601205
052710ab-9819-46d1-825a-8cd129859056,2026,2025-12-13,0fbb2a6f-3944-46a9-9fa8-51376e18b3d9,f8fb3b2e-223b-4478-a029-9c1209865bdd,-15,0,9.989007512742313,0.8737184814024731
06ac335b-6fc6-4fc1-b3e3-cb25edeee197,2026,2025-12-13,96e82d65-67c2-4e96-a2fb-d7ca3dfe1353,9c03bc0e-03a6-4b67-a95d-bb653d5afc1a,12,1,8.355280177733896,0.7578998175938189
07a45a6c-08ce-4d5f-891e-6620e45a5a7c,2026,2025-12-13,d1c3793d-80d2-4adb-98a1-ac3c584bb64b,94d66457-cf10-4bc2-b52f-faf466454856,25,1,31.327296187595095,0.9878836982991454
0f7f3ef9-0053-4b23-b0d8-e71ae2657d8e,2026,2025-12-13,61080933-9c42-4844-9cd9-7cfbcb9cf94a,175fb86f-dfa5-4661-89d1-221410e04eec,10,1,1.9979962115017724,0.6121296630509363
1a3dd2d8-5339-4cf9-8677-cbc1300bb8c1,2026,2025-12-13,866586a7-cbbf-44c7-87fe-e9343fef12c8,1c701a00-1852-4c4a-8179-2273b474748c,8,1,-0.705662606694712,0.5146470514132234
1d6be511-85af-4694-be72-7a4e7c2b2712,2026,2025-12-13,6833b588-1856-4519-a296-afd069ebabfa,e020519a-e90e-4b63-bb2c-f17dc31b5a56,33,1,13.502178272301917,0.9117461710847994
1e4c0317-a980-45ab-84ae-462637db50ba,2026,2025-12-13,a544a5d0-4cd1-4756-b079-30a9a7905cd0,5e1572de-c2e7-4a5b-a605-c095da467409,20,1,20.106929299164424,0.9705426064301641
2119796c-69f4-46dc-81ad-570fe0b92ee4,2026,2025-12-13,b468e5c1-fd80-4c61-8545-54a03c959ff1,4f107cef-d28a-41e5-b9c9-9f537c5a92e2,19,1,1.7883533942004075,0.5247345273032934
231d00f2-70c7-4230-b114-3fb432cc09c5,2026,2025-12-13,d783c621-0bb0-477b-8bad-8785e9451e21,64d8d377-0ced-439d-a3a6-bbf2100037d9,42,1,29.72877697907337,0.9862841383286473
240ef8bd-4e1f-43e1-a000-71c9dece56c6,2026,2025-12-13,5c7b85b4-380b-4ce3-bbc7-e0b1ac767c3d,ed91598e-8b89-4385-bc40-49721b8aedd0,-22,0,-2.856407838389015,0.3619214003724098
27874dcb-aab0-4dce-8d73-ad0329593ba6,2026,2025-12-13,98674fec-442f-4d8e-bff0-fca634b9ceb1,711ff92d-65bd-49a4-abc4-7aacd8c11f9e,-10,0,-10.988109178098027,0.12437239150278176
29139742-efa0-4bbc-932a-bf1a48d606d3,2026,2025-12-13,5a925022-39f0-422e-a9c8-efba8cab8218,31e4ae86-a8cc-4aee-986f-71aa76fea354,4,1,8.149503852653218,0.8177254073205347
299de52e-4367-4192-8c02-e8b5cd7fee3d,2026,2025-12-13,29343f0d-eec4-44e0-923a-b7c6360ad1cf,fe6d6aa2-4515-4014-88ef-eb2bd91e54fa,2,1,-0.2275706032056397,0.5073215042500305
29ab0f59-93fe-488c-9212-055a52fb4290,2026,2025-12-13,65cd560f-8b8d-4b8f-8a2c-2738484621b8,2979c251-171b-4f39-b156-d19f2d179eeb,10,1,20.700451738090116,0.9792024010363004
2b0a7d4a-6c3d-4d8c-8b3d-1adae4189f21,2026,2025-12-13,b678d94f-1147-4cd8-b221-3155893eb1a9,517665d2-60c6-44a7-a80b-78212cfb2db3,40,1,33.20878146067404,0.9896089552646662
2c508008-c9c5-41e7-8235-cee4634296b7,2026,2025-12-13,cb2346de-1887-4050-8b6f-5480779486c2,ea75002f-0c50-4cca-8d60-8926c2f2c077,4,1,11.74589368282991,0.9221905030043452
2ca91073-c254-47f4-9b4e-21fc9f2eb8c7,2026,2025-12-13,caae45ce-7d6f-4f0e-a536-6d05e2ae5086,66d6cb28-25f0-41bc-9fb1-d15a6dfca6ac,-8,0,-2.136596748346231,0.40954929892468467
2e5680cc-b8b4-4f09-a829-2c09a65082da,2026,2025-12-13,c5d35bbc-89d4-412c-8778-037158252c91,557c7aed-66c7-4dde-aef2-6dc573ec91e7,24,1,29.9805950799292,0.9873528790003641
3293be1b-0f2f-408b-930c-ec1fbcdd7733,2026,2025-12-13,d88ac8c9-9fc8-4e76-9426-cf44fe70db47,81e6f1a5-d8cd-43bb-ac87-6c20719f72f3,27,1,29.64850360860217,0.9861131302323312
355f013e-cea8-4938-b626-69e72f9fa2d2,2026,2025-12-13,e9570bbf-fc5b-474e-b98e-151eee207d8c,eb5b8376-53ac-42b0-a932-bfc4994faa1e,26,1,2.721312275491824,0.688769154598282
3b5833e1-f33d-4e47-90c7-c7fc79ace679,2026,2025-12-13,62c7a397-21d6-4b22-9b24-ba5a29ee8771,31ce23c8-e471-4fad-b117-36f72628b875,-4,0,-8.189173298261396,0.1763118379839462
482216e9-e239-453a-8601-5b242c0e0cd6,2026,2025-12-13,955bd58f-0ae1-4b55-af26-b19062a2c04c,163cfcfa-5213-4025-8eb1-dd67b17587f8,-5,0,16.444447894762508,0.943159372844444
495535d5-be17-45ea-a6fd-5b0b70fae3fc,2026,2025-12-13,e41ccbd3-d51f-43e5-b037-4cb81b41b713,5ffd8dae-eb73-4ad2-be80-a6ca8f4e5884,10,1,1.2033790015986718,0.5453417082388174
4b7860b7-54a1-4c9e-b426-6f8aca70d69f,2026,2025-12-13,a9a08ada-6bbe-466a-b4ef-e2fe68dce231,2f197fca-5329-4606-8c7d-9bf31ea65732,4,1,-2.930222694969589,0.3636427758123541
4c303c52-ca2b-42cf-a5e0-1674f32a3d45,2026,2025-12-13,ec98d839-43bb-427e-83c8-d832063ad70d,428ae1bc-1e48-41c7-b7f1-da980b8a18b8,47,1,27.18610692096537,0.9855012737585279
4de96f66-ab88-4e94-b37d-e6342e6f95d0,2026,2025-12-13,a01ea865-0b00-4f54-90fd-8674ed23cf26,8fc903e0-95d5-42fe-8972-bae53e4456a2,-3,0,-2.415613761887897,0.3390262434054346
504c5a9d-6f9c-4f98-98e3-6eb1566e9ccd,2026,2025-12-13,b5111a29-5c09-4364-809c-3686a2b45d1f,474c10f3-c223-42d9-b9e9-48c37898ace8,13,1,12.266312660643594,0.9069337504616725
51bf0ca4-5fa3-43af-84db-408eee3ac961,2026,2025-12-13,b655e208-570d-40cb-a275-91f219da9058,18b86bee-6b10-4c86-95ef-959dd2d80cd5,5,1,2.8410837196247902,0.5723234533383308
55ca1722-a34b-41b0-a253-478a6ed566be,2026,2025-12-13,b7431929-7ebc-42a6-bef8-d0c5715e2c86,3ce97af9-70d7-4dc9-b13b-4f4221b9e09a,10,1,15.677463625040518,0.9354659706147128
565c0970-1c90-42ea-b2c9-74cc07eb5919,2026,2025-12-13,195e638a-72ed-4f19-a47f-232630307034,8af24be9-3bcf-49dd-8a7a-9a412402712a,9,1,1.1969918773340662,0.6200796815332916
59168425-059b-40d2-a4fa-31f1f23e19c1,2026,2025-12-13,c836e6fa-56f7-4920-86c0-a3d112f21365,6c5e0081-14ff-4e1b-829d-a107919bc58e,36,1,21.581198311829503,0.9812718338462171
59216090-e401-4019-b8df-be8afb5d6452,2026,2025-12-13,083c67a8-1a0e-42e4-b3e0-c3872a10d8c2,2232e72f-0d57-499b-a956-680031e1de18,-8,0,-6.082019597023649,0.20070965249722253
596014a0-351c-405e-86ad-9614f90903c8,2026,2025-12-13,cec32a63-a501-4a6c-b2c3-dba31694d2b2,2390b5f2-24b9-453a-b023-e7b36da375b6,-5,0,-4.1943728182735605,0.34930892922542756
5bd989fc-bc79-4e7d-9bd6-d05d493ac528,2026,2025-12-13,977af06b-e276-4d26-9f4d-4b3c41c67885,edb2bfd0-017f-4df2-b9c6-d8dcacb7e929,7,1,-1.8918913115273153,0.4591414513447593
5d37b700-8698-4270-9546-552944986b17,2026,2025-12-13,b9d6eada-8645-4be8-9331-81fb5ab905f8,2c2e9f9c-9d33-474b-860c-f9230f147fcd,6,1,10.508613792030063,0.8371990539415803
602c9d26-3618-45f6-bdf8-231a3d6517c2,2026,2025-12-13,2a5848e9-342f-42cb-84e8-90f6f573bc8a,0dc6096e-6097-4da2-a279-a7e256c526e3,-6,0,0.023424255644073345,0.4569627473631109
61321f91-641e-46e4-9f50-a84e01256447,2026,2025-12-13,e088b1fe-16ee-4cf1-baaf-6ce4139f13df,2c2ff68e-eb76-44f0-b27d-9426785932d8,-19,0,0.9268829539247303,0.5337460650779517
678c3895-b3d3-48a8-87c7-16af8b737200,2026,2025-12-13,ba89a28b-4588-48cf-be7d-683d7eaf21d0,71e0195c-db7a-4df0-b519-17d796d8957c,29,1,16.10154630771755,0.9567278211667405
6a037597-2815-480d-8395-18bd029014a0,2026,2025-12-13,ad6d1a77-a3c3-4d10-9a5d-52b851597e67,7a2ae4f1-b509-40e8-b553-cbea5aabc4be,22,1,8.453419773864416,0.8097854892887789
6be30a5b-1551-408c-a10e-86e691d74a36,2026,2025-12-13,1902edf0-3770-4094-9f92-722731ac4c93,3b63b27c-8c94-4fb9-919f-62cd7944deb1,1,1,0.6552527488190321,0.524263535472425
6e920659-767f-45db-afd5-da9d8bf3a578,2026,2025-12-13,bcadcb9e-4b19-49d8-a836-b1224d88a96c,cda5f197-ae6f-4f38-a523-d1e70b218821,11,1,23.871601557448013,0.9867192761553585
7370c063-8b66-4da5-b29f-f25416689245,2026,2025-12-13,90df5863-ccc6-4ffe-b441-dee520cc7fed,5a3e7af6-53d5-4398-8c0d-97e0d9ac977e,-4,0,-17.588194329391907,0.06163391603004107
759fe90b-f085-4acd-914b-5a66320b3803,2026,2025-12-13,8edd905e-18d4-4618-ba73-09af639ca94e,512bdb5c-66bc-40fa-a392-cffe3e058403,16,1,25.923165154890828,0.9845008409601506
7bdb37a3-6441-4ed3-b35e-8a5283a18924,2026,2025-12-13,b9e807be-99ad-41c2-94bc-6049272e3254,179abcd1-98d5-4dc8-8532-3f8ffee320c5,-21,0,-6.156398864684357,0.36697885037923206
800c1f6e-c5ec-4f3a-bc88-992ed373fef4,2026,2025-12-13,aa9a338c-8749-42c2-8655-1caa89068a61,afbd548e-958e-452b-ac58-5b58b416aeb3,5,1,13.047614017292455,0.9177748311033253
811a6310-3ba3-4d1a-948a-9309f3e85ec0,2026,2025-12-13,4ac9a4d0-e97a-403f-b290-b7bf3c0e8308,9aef881d-7fe2-4fb3-a80d-0b567f388490,-3,0,4.089574047707119,0.6753293476288855
82d0a709-7470-4ab1-a65b-ceba6b578607,2026,2025-12-13,2a453d52-4fcb-44e2-84c8-d2c1f91eccf1,68f210a8-33bd-4d79-a5b0-222aabe727e7,3,1,0.5556303306920877,0.4709656766985172
85734e09-8ae5-433f-b8b9-6f2e3986334d,2026,2025-12-13,160d00cd-1792-45ab-a465-c2d2dcdcab1b,968fdb79-e800-43ac-b93d-53a22dee3a03,-8,0,-0.5403045810158161,0.43348820669154847
880e088c-0ce2-4e15-9c4a-15ee92c33a35,2026,2025-12-13,47c889b3-c1a2-4035-ab56-edaeee3a3c86,8b53b385-4f61-4998-bac6-527e69c1fd6d,-16,0,1.068004192796289,0.47273292630178665
89ce6b04-b580-4e64-b3ed-88e4ace5bcbd,2026,2025-12-13,cc517ba4-b26c-41e0-bc91-66f5ceb16558,57d94665-96b0-49e9-ab6b-a7cd6a1492d0,-7,0,7.482515850578393,0.728933270042215
8e836c2c-7e02-446d-afe9-7fe9aa140c4b,2026,2025-12-13,20bb1fdb-2581-4660-92f8-ad08c3a60acb,95adaebe-3c7d-4cf9-9380-e96c95761e6a,-3,0,0.7822200156661419,0.4939881435773996
8f08104b-7904-4c92-941d-5bba6324d260,2026,2025-12-13,dedb794d-6852-4b7b-904a-15cd66966a0a,d9469ea9-44c5-4803-8d5a-39cf4028ea3a,-18,0,-20.487495096466454,0.03799293625510505
948c6715-0e18-41de-82cc-7d78722c89f9,2026,2025-12-13,6265a954-0017-44e5-bec7-cdb2fcc8f527,a4e52f2f-5193-40ce-a997-0e0be093d86a,1,1,5.664356727157499,0.7890179180312827
9523a87e-a177-43ce-b46a-1683a8d83918,2026,2025-12-13,8a24da63-2163-47de-aeff-97b77094e860,1b50e98c-801a-4835-9b4e-b0d563152b2b,23,1,1.814425917347837,0.6137985114039992
9619fe5d-2891-47db-8af6-bd543a38996e,2026,2025-12-13,e80d2384-bdc2-4f58-b09a-284a659a4d81,aa657c8b-9c3a-4727-9d4c-559205be3150,18,1,9.167389143742094,0.8351189118917621
962fab5a-773a-4cc3-b773-916e806c20ba,2026,2025-12-13,523dd055-c2af-425b-b849-f05ced2ae52b,124dd15c-311b-4d83-becb-7150d849218d,13,1,3.484998854689744,0.6144974371827883
96f4a971-71a0-4398-ae70-bba3f92fd599,2026,2025-12-13,2d467e3e-e5d9-499c-a1ed-225d0c3ae91a,fc1af6b7-242a-42bf-bbe3-325108828697,-3,0,6.676695147490286,0.7015359251118564
96f60bb8-e818-43ec-b389-66561810062a,2026,2025-12-13,d1623d0a-64d7-43e3-9f9b-36356767823e,c369d8ef-4098-4425-a977-6cf0605ab931,8,1,17.189826492708875,0.9513777699734798
9e74e62b-a1ce-429d-8642-d9ecc5f44fd1,2026,2025-12-13,94d2459f-8edb-4281-8038-8b2dda825fac,7b637d45-2602-47f9-bf37-40d1043643b7,12,1,-2.545093808472143,0.4273201346908578
9e8881ce-ee5f-43a1-943f-cf401ae59b7d,2026,2025-12-13,85b4dcda-76c3-41e3-ba40-71e093a8dcd5,a2fd0527-f20a-4add-9101-ff8babf6ceaf,26,1,19.654283203082773,0.9658164504952736
9fe8dd37-ba38-45c1-a9df-ee7161c4bbcc,2026,2025-12-13,2b7eed3d-9921-482b-a193-759486c9b225,8ccf579a-f19c-4639-b260-5fa8dc2c90f0,7,1,19.033279081624404,0.950461696487861
a0ac4860-67f6-419b-b627-130de9e3dd6c,2026,2025-12-13,032eda63-2e4d-4c72-8c92-51b97442dea9,28cde209-3ae8-4939-9d83-2a6d645d427d,-4,0,-0.9628981236181293,0.4317710105277687
a0ad671f-7475-4412-ae7c-d9d91f2a6a07,2026,2025-12-13,c68084a8-36ec-4f0e-963b-561f5ea2c46e,6899ea71-b4b1-45de-a54e-8eaefcc5e6f4,14,1,23.794655737624545,0.9822695861732279
a2db7420-4b0c-4337-a7d4-fe1d007beab4,2026,2025-12-13,e08292aa-f0dc-4c1f-ac0c-138ec5d15372,bff1b03d-2382-45fa-a062-45884591e89a,9,1,21.216882669432387,0.9845560041681249
a7e36b84-a5e0-49d8-a4a1-3535cd199790,2026,2025-12-13,e694b3cb-eeef-43f4-bada-32dba89664a3,af95ca9e-8a2a-4b22-9bb2-584162eb57f0,-3,0,16.398519806171404,0.9423218101935241
a817ac91-fb67-4fc2-9daf-6e208564e643,2026,2025-12-13,51b50cb5-097f-453e-99eb-4175d27ed1bd,2a864769-3bff-4022-a96e-3092caef4c93,18,1,27.14386083918572,0.9865404077711324
a8af0f5c-83ad-47b1-98e9-89c331992418,2026,2025-12-13,b86cac40-e643-41b0-ba96-76ef03712c8c,d1177041-d515-453f-9b73-e9891b41324d,-8,0,-2.9953694327484115,0.4408382189482893
b1521293-6359-4944-846c-bd962fb73761,2026,2025-12-13,5cf39234-dfea-4208-be18-092f71c2f05c,3e01dbfe-c709-4674-98f7-dc2f25d068ba,-17,0,-5.925764477092799,0.25807539336909324
b24fed14-0d67-430d-a880-9ed1b51311dc,2026,2025-12-13,14372359-5589-40fd-8dcc-6a04bbe7338b,508005ba-15a8-426a-997c-b0e36e4e6b58,23,1,26.511935471786806,0.9791234361973554
b42ea858-b672-4afb-a21a-381a0fa9a039,2026,2025-12-13,cee4e9fb-16d1-4b9a-bbeb-6f26c9d5c340,29ca4fda-da79-4d21-b2a3-a87a25d02733,12,1,3.2256501026360986,0.6283970368351516
c0239243-ad0d-4302-848d-3005fe06b9ff,2026,2025-12-13,d6a99784-3b3d-4ae0-a5c1-6689f04c9255,beb97225-0e05-4be0-acb0-2fdc74f6dab4,12,1,12.526440019919525,0.9284720107275404
c0516491-fe86-4865-aca7-8e6643b017a4,2026,2025-12-13,9293675b-8878-4a32-bee5-496b4818dbde,86dd8d64-758b-4592-8af6-2536cef92fc1,12,1,11.294894705743896,0.8992428950920288
c1a7c9d4-3b7e-4ec2-90fc-c41ae51af899,2026,2025-12-13,e3ccd256-a37a-40d8-b059-aca05f884ee1,2ad39bf7-6b52-4185-b83e-15dfc5686cf0,24,1,16.385440497596683,0.9511315956621527
c9d1af66-3de2-4d9b-8ff7-c362223ed425,2026,2025-12-13,ad070c37-e224-4aea-bff9-4bb770ef38de,7da471c0-9955-4f80-b861-d7753ac5a7eb,5,1,13.370914138651825,0.9106096624718555
c9d4e7a1-cced-4bdf-8c42-15251fe7bab7,2026,2025-12-13,0423c35a-c25a-42a0-a0da-e1918c78cd5f,60185dec-e78c-4750-a32a-2162e22a166a,3,1,4.494763982047599,0.6608398799598869
cce97c84-9abf-409e-8a04-b2e87c5fbf17,2026,2025-12-13,19bed18e-691d-4e79-aeaa-771b745bf2a1,62093611-a202-4f7e-8d13-ed4c5498a9c1,-8,0,7.112478601142406,0.8023901782093279
cd233ff3-22c7-4398-bfb9-1b7664400ef6,2026,2025-12-13,8c2a4a9c-1ede-4db2-aecd-cfe02e686b8e,0b613bb0-e3c8-412a-8845-b9807552ba60,-21,0,-7.051690675151362,0.249427836156973
cde7249f-3b66-4070-88d2-bd6469dd7c68,2026,2025-12-13,6b34a383-3696-47ff-99bf-1b690f616a28,34176634-892e-43b1-917d-cc003f8b9c03,21,1,6.803751273729912,0.8226374862477133
d1d9d2de-0d96-48cf-a70a-5280aeb90ab6,2026,2025-12-13,b58418f4-b3ae-444a-8ada-74ff43e88ea9,a76e8585-9bd8-4efd-ad05-93baa5c91a75,21,1,18.058659315346652,0.951741558440638
d5cad19f-eaf6-4048-b839-9cdedbda01b9,2026,2025-12-13,9b933a83-ef6d-49c0-ade8-facfdeda3183,ed6e30f8-d1f2-451b-9a26-5c7f21af0125,3,1,8.43774358302055,0.859040910198651
d8178a5e-0de5-4daa-bb00-09744d87ab55,2026,2025-12-13,93de5342-985b-431e-9c3e-515381b67402,3ce22877-c834-4b53-aae8-5129d36175b1,4,1,8.024186039564464,0.7938991499565743
e69e7cb8-e491-42fe-9768-3f2e5bf249b0,2026,2025-12-13,81d0a946-6d46-4a7d-88bb-29e19e5f5599,96649453-7ab9-4024-b242-590c57b62ab6,9,1,12.625870199287302,0.8731701299201367
e6a7f6ab-1923-4463-ab3a-9d45fb7c955b,2026,2025-12-13,7cc2bc8e-b314-42a5-81cd-bd21acdd42b2,9f15591e-786d-4c01-a688-1272fa1c111b,-1,0,0.689780595072617,0.5656719749655027
e6feb032-f1fe-44f4-aa09-0578cc7d5bab,2026,2025-12-13,9eea7343-e29b-42cd-8ec7-ccda00c95536,364c8255-118d-4dcd-aa72-a62621e3aeb6,10,1,3.2952426764655827,0.6915037858108615
ea97aefa-c759-4b3b-beba-0168a97420e8,2026,2025-12-13,fdfebc81-138f-45de-ad5a-cdb4c98c5dc1,aa07fd1e-a03e-4554-9286-31e09a343db0,-1,0,3.18757714107778,0.678525846828602
eb9b29b9-2aa9-4094-a683-ee92b67e178c,2026,2025-12-13,082024ec-29ae-4a22-8851-c5373988f9bd,4e0916c0-6045-4d71-8568-b5e486ff2f92,5,1,-4.502240697600482,0.34887908783064503
f0e15e17-4442-4fc2-a802-a6ba579e97af,2026,2025-12-13,aaa0be6c-4ab2-4cc9-be12-f8658ecddc9f,c155c6af-1897-464f-ad91-10b605e5eb7c,-27,0,0.7793015938311837,0.5206216833387619
fb3a8f4a-04ce-4681-baa3-183451380518,2026,2025-12-13,bd78de3d-6129-4bfa-8203-6ad7e79b5e54,94a323fa-c3d4-4718-a4bf-f6dd1c93c5c9,-3,0,7.910088097435447,0.8225273316545713
fbf746e7-e5fa-4ae2-b9ed-c3e405e0380c,2026,2025-12-13,3f9ea222-2b0c-4f93-a0e2-601346d6030a,a712dee9-a06a-4809-9e11-8e4b4233face,-3,0,10.834390003062737,0.8789845425310241
0694cbff-5d89-4ce9-ae75-1dc4c9e611ef,2026,2025-12-14,8a720b96-af6b-4ada-bf15-b7b80a091274,ef533bc7-18e1-474d-96db-96668fe59c22,-9,0,13.954648580325324,0.9165911105754457
06b0e529-2c23-4200-b3c8-8cfb6989fa31,2026,2025-12-14,38f31497-065b-465d-ab24-3fa581de1831,131339ab-8b21-40bd-af91-c2dd728a68dd,25,1,36.64228440951035,0.9876965020103178
1818da8b-1633-43bd-a2c9-58afd9a77da5,2026,2025-12-14,2780a057-59e9-4719-9190-6a16ecffbaba,fff2e22f-8e66-494d-a434-8838f329f8a0,3,1,0.20973170878829164,0.40993850775580065
3b7dcf85-0b72-4818-a252-c24c20c77297,2026,2025-12-14,cea24043-374e-4a53-bfc3-4532caf44ea6,528a1feb-658f-4522-a7ce-decc11b8b925,-1,0,-4.309544954907847,0.37687200634670237
3f40397d-3daf-4d6b-a4bb-1f948f840c65,2026,2025-12-14,32d092aa-6752-439b-89e2-6538ab8523cd,be57d339-192b-4f8a-80f9-e4dafde63035,5,1,9.226644699459532,0.8572231562298037
5916a3a9-4578-4287-abbd-d57405ede65e,2026,2025-12-14,64d22a8e-0b18-48ea-a6a3-5619cb8be43e,37789002-2f1a-4a5c-95f5-a4f487f719ac,38,1,12.543232713197785,0.906391358725368
65cb07af-e20e-42e4-9632-1c8aed05c755,2026,2025-12-14,0cc86d2a-a1ab-4ebb-a968-3d4011c8d356,0cc7096d-eb8d-4e4f-9906-93bf951805c5,10,1,-0.38748125628209235,0.48543522814092266
72225974-e1c1-49b4-af13-4543a985360a,2026,2025-12-14,567fb73b-73a0-4437-a1ed-314d40d93e6f,54da433c-23a6-4200-94c2-fba0e56376df,36,1,18.601024077275465,0.9706040668849186
8f2532c1-c602-4abc-a358-f57f96bbcdc1,2026,2025-12-14,60686ba3-d38f-468b-ac14-3d7c8518e868,ab2292aa-bfd3-4e49-a17a-cf970962e75d,7,1,2.6192266056227904,0.5547395159873587
8f3eecbb-6d92-4c08-82a3-a2e9c2b2160b,2026,2025-12-14,c8280280-8b91-475c-9d30-faed3dc9ec3e,72aa3e8c-3c62-454a-8f40-09b46ae0cae6,8,1,6.248584628054945,0.697515129400681
9e168626-b714-448a-acaa-3cbb93cb6f3d,2026,2025-12-14,8d2fde4f-31a7-4491-9fcc-f04ced66e74f,1caae9e8-45a5-4b50-88a3-e3d388c52d33,-2,0,-0.3454760978277864,0.4801132690246888
9f89ab7f-f9cf-4bde-bb0d-954bf0262816,2026,2025-12-14,33b3ee1a-8578-4f30-9145-044433be9e46,4d6c2d4d-b59a-44c3-826e-03e969153794,4,1,-0.6423867511477637,0.4379248024744453
9fb7afa0-465e-40d5-9077-9697c1dae6a2,2026,2025-12-14,f31b656e-13ba-4eb7-bd53-66b20405c905,0792fde4-bca8-4a47-9b76-8d8191a2ac93,7,1,11.211357541010223,0.8948186505384635
a3c0daa5-9bf2-437b-aef0-413cff2f818c,2026,2025-12-14,71835168-f6e1-4523-997c-3851fc41f646,8921f536-d6f1-4d5a-b369-5dfb136e1717,8,1,-8.594800455788922,0.14773738160262562
b03fcbfb-6d1c-40f7-a2f9-e4097c3b4c99,2026,2025-12-14,33fe6f07-54b9-4b44-a9f3-e273b8b240b8,84769f97-e86d-402a-9eb2-d31118f663ca,16,1,16.318418547174897,0.9575921600305477
b1378776-2f07-43e6-83e0-f65c39c192f1,2026,2025-12-14,cfae9c2f-9713-46de-9159-5064cc63dd64,e4afe8a2-8546-4df5-b5e9-cd85edc8fc62,30,1,17.806797775655138,0.960812914128981
c5f0f845-926a-411e-9e3d-e94bff07ca50,2026,2025-12-14,6eed5456-f1b2-4e4b-966f-71949e9d90ed,023d3704-bd8d-4c41-a3dc-e747ba7ed642,40,1,28.01110354985933,0.9850934108305269
c84e875e-27e5-4799-ad9d-412c58a05454,2026,2025-12-14,8cc8f38e-384d-42b4-906f-97ff66fee7d7,d5861555-455e-464c-919c-9e6b99ce4495,7,1,0.26150645674918843,0.5057083155410298
cbf94b74-344b-4109-8e1c-0f6062cc47d9,2026,2025-12-14,fff30549-83b5-4c44-9f3d-444f65ede45f,69288ce9-31e9-4d18-9e18-89226b85a2cf,22,1,18.05968993525132,0.9560040271064526
d3fddc3d-192e-4ab4-9011-1e20f88c32cc,2026,2025-12-14,28c5e9b8-df2e-4fea-8442-2a3c31753cef,6038b249-00da-461c-9074-cfb1ed11d9ab,-1,0,3.310942420429371,0.6000620548052258
e48153cb-19d1-4d57-8ff8-f486977fffbd,2026,2025-12-14,700ebcb7-55a3-4967-b5ef-89731a047790,b81dac67-4cc4-4d68-b327-0ecd77fe056e,29,1,30.32245690879596,0.9876377820540855
e6070008-fa08-4463-afa9-90c6a69fe3a5,2026,2025-12-14,89146125-2618-4b85-9bb2-a7d785fc8c0c,d3445fe1-27cc-4d88-b2df-6ce2afe13156,1,1,-4.626555450263969,0.3361021339492238
ed26c18a-af60-43f6-bc4a-730a4c0b178e,2026,2025-12-14,3d8fedb9-0847-4666-82df-5f520b704ff4,87d79a84-23f3-4e7a-adbf-e627ade400ed,37,1,23.37663571014927,0.9805030488405189
f6149b97-7da0-4185-96fb-02f7417f831f,2026,2025-12-14,b979de70-af07-4320-9f20-2b9606ce8cd6,0cd88aa1-5ccf-4454-9b08-d57795a231b7,28,1,23.21353454327151,0.9799931860226936
5afe4354-a040-4074-950b-46807994e636,2026,2025-12-15,a8ebd184-6249-4e7c-8e39-0d8d8249fe41,1c701a00-1852-4c4a-8179-2273b474748c,26,1,31.16246617530557,0.9868750990783611
5b29d1ee-e703-4e3b-8d96-4f5575c909c8,2026,2025-12-15,6231ae3d-0d12-480c-83ed-e282959cb8c8,6cbdd7e0-da8a-4b62-98fa-35c1f62f4afd,-26,0,-9.71882335596208,0.12089243823513487
81011dcd-38b4-4297-80e7-b7d5feb7c276,2026,2025-12-15,30dcebf9-dcff-4743-a05a-d994a902866a,f598c6c5-97cc-41a4-83b2-84f08d3397f9,-15,0,-7.3878718818843465,0.21443788669612035
b541af76-118a-42e7-8e58-30f88c0c4bf8,2026,2025-12-15,813f7a1c-6264-4e11-88e2-21dcd0072c0a,976a062a-415a-4be9-870e-c2b6aa726c28,4,1,20.47745053704532,0.9665466636920065
cd8e79e0-9b4a-46c2-8533-885daebdbdb7,2026,2025-12-15,07e79f5e-ccc8-487d-ac1c-fbd82b43bb75,3203894c-786c-4e1f-ada5-c785afe033a5,8,1,7.194284630436827,0.7919062175860507
e787e1ba-5fdd-4530-81ab-94721af4e672,2026,2025-12-15,20bb1fdb-2581-4660-92f8-ad08c3a60acb,26a9b9da-a6e0-4e12-a95c-e1e51e72fcb0,-10,0,-14.048597817451888,0.05853816223180249
e853646e-8545-4064-bc27-c4cef874f239,2026,2025-12-15,95adaebe-3c7d-4cf9-9380-e96c95761e6a,4cc6318d-53ba-46a4-90a2-0714f3d5dc14,-1,0,8.295524569372956,0.7858048549621448
166fc270-b763-4d33-b843-64cea77ea37f,2026,2025-12-16,d297d4f3-0edc-4461-aa7c-7be49fc9aad9,d9908b15-814a-4283-8513-0d0ebd2430f8,-24,0,-16.910967337075938,0.057478674600819374
1f76f36e-d3e4-42a6-bdf4-f9f8e0a88c88,2026,2025-12-16,b678d94f-1147-4cd8-b221-3155893eb1a9,a01ea865-0b00-4f54-90fd-8674ed23cf26,16,1,17.14267090733697,0.9600235052740294
2b3fda45-19b2-437a-b821-e93dd5289d2f,2026,2025-12-16,3710f3f1-b8c6-4f75-85b7-66deba7d916a,eaa03f66-f667-48c2-9f30-ccce38d89e56,21,1,4.2954021860358,0.6712737822279521
2fc49e33-f638-41ac-82f6-08ff3553fa23,2026,2025-12-16,03914b2c-1603-4f8d-95ae-9f80025284f2,e9570bbf-fc5b-474e-b98e-151eee207d8c,-10,0,3.458148869002794,0.6576630209691766
33dd9647-7b91-4985-9b49-2c446fed510e,2026,2025-12-16,d88ac8c9-9fc8-4e76-9426-cf44fe70db47,9aef881d-7fe2-4fb3-a80d-0b567f388490,13,1,17.42979546001531,0.9643599680946141
34f09f6d-4dfa-4412-8e00-74ecc3178d6d,2026,2025-12-16,179abcd1-98d5-4dc8-8532-3f8ffee320c5,69307d4c-6e7f-4329-b6c2-1f3902362083,34,1,35.85069992694537,0.9875314051460292
3a02421b-b7e8-4f25-9bcb-d48c07b0e789,2026,2025-12-16,edb2bfd0-017f-4df2-b9c6-d8dcacb7e929,788df145-b514-4ea4-9ff0-bf2399dc7898,11,1,25.96506624655696,0.980870422357234
3fc47ead-296e-404d-abdf-11886eaf6036,2026,2025-12-16,ea75002f-0c50-4cca-8d60-8926c2f2c077,8b53b385-4f61-4998-bac6-527e69c1fd6d,5,1,0.3855458470587345,0.465650931266264
41d9a5ef-a7cb-4103-895b-f48d2072fc3e,2026,2025-12-16,cf602be1-6a27-49fd-9b3d-ab9e31f55454,2a864769-3bff-4022-a96e-3092caef4c93,-6,0,-1.7445445545290268,0.4043315652056722
422111ee-a1d6-4035-b0f2-7bca34de9ba7,2026,2025-12-16,1ed24078-84ea-4147-b356-c8543c93aa1d,ef533bc7-18e1-474d-96db-96668fe59c22,21,1,21.709934736650276,0.9838925001293527
49eaad54-cd4b-4bc2-8308-2646993b9b3c,2026,2025-12-16,bf002b1c-e14e-48a8-9c75-d70de0b2a31d,113c0c3d-54d6-4c64-b168-7ea3f3c20e76,1,1,9.280475153494185,0.8298567044105164
538d225e-9afd-4203-a641-b9842415b0d8,2026,2025-12-16,fe6d6aa2-4515-4014-88ef-eb2bd91e54fa,711ff92d-65bd-49a4-abc4-7aacd8c11f9e,-7,0,-2.996951707211899,0.3955492647903859
5625ccf2-7770-40af-88cd-9174ccadc218,2026,2025-12-16,2b7eed3d-9921-482b-a193-759486c9b225,8edd905e-18d4-4618-ba73-09af639ca94e,7,1,7.731107235998354,0.7943444931749042
62f31318-daec-4199-86ee-018a37fcce63,2026,2025-12-16,2ffb1e88-0784-478a-b74b-a0a0832b4e30,de4b950e-313f-4eed-9fbe-0a05201376d1,-6,0,6.902131962087959,0.7291856509302463
63d20083-8c28-46f9-b08c-59544f98315c,2026,2025-12-16,d1c3793d-80d2-4adb-98a1-ac3c584bb64b,ed01ba53-c6ff-488f-903e-9b348a195c03,17,1,17.61819835191189,0.9554540983664179
64d57957-8bf6-4ac2-9a94-f5631b8c091e,2026,2025-12-16,e77246ad-855c-468d-8b07-828f76134191,523dd055-c2af-425b-b849-f05ced2ae52b,-25,0,-3.679210763921364,0.3317119711601039
7a934b70-c578-4ceb-b188-6f06bbdc5f17,2026,2025-12-16,0fcf988c-9b3d-4eeb-bc11-4b461290749a,5ffd8dae-eb73-4ad2-be80-a6ca8f4e5884,-3,0,-3.061715607658469,0.37985209910839807
80bdfc60-6dae-4b6d-932e-a7b75f50cf86,2026,2025-12-16,65457ba7-a038-4a4b-bb9c-249804bf4db4,fb351878-91c8-4144-83c1-92f166d447f9,-11,0,-2.1819713115056802,0.43435446613418305
86935d92-1a44-41ee-ab7a-1e33e0196cca,2026,2025-12-16,5a3e7af6-53d5-4398-8c0d-97e0d9ac977e,18b86bee-6b10-4c86-95ef-959dd2d80cd5,23,1,25.951351767794172,0.9813433248401142
878e137d-8843-4dbe-855b-cdf4dab8ec37,2026,2025-12-16,ec98d839-43bb-427e-83c8-d832063ad70d,15e4f40d-8279-4f7a-8095-613e3a6ded31,36,1,18.968793386937673,0.9729802585217617
87f4de83-8a10-4289-bf3b-41539160f71e,2026,2025-12-16,9f15591e-786d-4c01-a688-1272fa1c111b,e30dcda9-70a8-4f5e-a91a-5eb2cf1e2c36,24,1,18.95313178564813,0.95850686284096
9654c2f3-0f9d-48a1-a9fe-b08d656d1ea4,2026,2025-12-16,073c7f97-1dbe-4c9d-b1ec-44e92177a53b,fb1c029c-934e-4345-bb7e-0d199b1172bb,14,1,1.2022070180514022,0.5623611721455545
96b3c9f1-c91a-44cf-ab0b-1c5a4ff9216c,2026,2025-12-16,b2c3c0ff-6592-4132-b527-e3784532b0a7,0c280802-395e-44d4-8c2a-fb539233410b,8,1,14.849901604570256,0.9423874755605088
97b3d006-5134-4a95-9c77-0865651b5ad5,2026,2025-12-16,07f2978d-85d4-4892-8267-e6903cc20f93,5c4db420-ac2a-4491-9f2f-f15fdf65d283,22,1,29.796794740655173,0.9856913214109903
a13f8983-ab01-4ac6-b770-e0a0ec348736,2026,2025-12-16,3dfeaa6f-de19-4029-bdaa-0f2bd8ea04c1,2a453d52-4fcb-44e2-84c8-d2c1f91eccf1,19,1,13.078879268766435,0.9300510247527243
a9469341-1094-4a2e-ae9e-999dd83c5a52,2026,2025-12-16,d414d5fc-8653-43b8-ac66-ec8f63c74c82,acbf5eb9-3a63-471d-8199-6067f912deaa,24,1,31.904499391244943,0.9879372590153919
ad0b8578-e245-4ddd-b80d-8bcedfe6d50d,2026,2025-12-16,2ad39bf7-6b52-4185-b83e-15dfc5686cf0,9b933a83-ef6d-49c0-ade8-facfdeda3183,-5,0,-15.529615204865603,0.0655719913345893
b3ab3c81-8237-4497-b2ef-ecb753a7380c,2026,2025-12-16,51b50cb5-097f-453e-99eb-4175d27ed1bd,b9984408-0526-4a1b-9cb3-d6450264dcd5,19,1,20.934584879055407,0.9806554341097363
bc15aced-3a7c-4018-8555-faef7a129e25,2026,2025-12-16,d1177041-d515-453f-9b73-e9891b41324d,61080933-9c42-4844-9cd9-7cfbcb9cf94a,4,1,10.996567104370968,0.84030307177035
c8aac968-954b-4171-89f4-e3de4621afa9,2026,2025-12-16,a40a35e7-bb78-4848-a0a4-11059f3caa39,5a925022-39f0-422e-a9c8-efba8cab8218,-8,0,2.0504038213616034,0.6123013948624701
ce9236b5-1c4f-49f3-a520-15cca5babd37,2026,2025-12-16,977af06b-e276-4d26-9f4d-4b3c41c67885,37789002-2f1a-4a5c-95f5-a4f487f719ac,28,1,24.086195953046598,0.9837185943122965
ec4ff699-6c29-4af7-bcd1-bd167fef7598,2026,2025-12-16,d1841f3d-03f4-419e-bedf-c218d150aa9f,2232e72f-0d57-499b-a956-680031e1de18,11,1,2.6658310092492856,0.6070252387692049
ec8ce8d1-cc60-4138-b9ab-674300563467,2026,2025-12-16,5c7b85b4-380b-4ce3-bbc7-e0b1ac767c3d,023093fa-50bc-4974-a6da-14f0e4b070fe,8,1,12.653284937256581,0.9294011146457586
f2302856-a57f-488a-8993-485bfdc6a294,2026,2025-12-16,31ca13c7-e30a-4d9d-a3a8-5197d5e4342a,c155c6af-1897-464f-ad91-10b605e5eb7c,17,1,20.933694831160317,0.9814594267837121
f58e6a5d-8f62-44d4-ab8a-af5dba9404b3,2026,2025-12-16,14372359-5589-40fd-8dcc-6a04bbe7338b,19bed18e-691d-4e79-aeaa-771b745bf2a1,28,1,1.7501901405826703,0.5932817050342585
03f2c852-4305-4dfa-8790-ba0f21362b7c,2026,2025-12-17,8da08445-76e5-4e98-be98-4f101d670980,8ccf579a-f19c-4639-b260-5fa8dc2c90f0,18,1,16.914941968056077,0.9374182950602813
06259a68-0069-4053-8da4-4d56441f0aea,2026,2025-12-17,26fd3855-d3a6-4b79-a7b0-559b447f5e6c,1aa7f46f-1a21-46c8-a8b8-ee19ee4b1e6e,9,1,11.183263797262772,0.8983109889929686
067b237d-3f99-439d-b223-5f0eb46b03d3,2026,2025-12-17,b7591c8b-00fa-47a2-8280-adf031b24a4f,a8b565bf-c152-4fc8-86ac-49c71bf2fc1d,1,1,1.4088219299324796,0.5433148605851843
0b19adf1-8ad5-4d24-92b5-229b643bef8d,2026,2025-12-17,5e9a1e57-759c-40bb-aac1-6bdb058fafbf,0792fde4-bca8-4a47-9b76-8d8191a2ac93,-15,0,-2.114027416497993,0.524583773457895
0d487820-0c55-4513-981b-b5f4c8d071fc,2026,2025-12-17,5e1572de-c2e7-4a5b-a605-c095da467409,d1623d0a-64d7-43e3-9f9b-36356767823e,-9,0,1.9978419056136059,0.5682036143334905
1bf07d23-1b10-40a5-b790-0011d4de5105,2026,2025-12-17,b655e208-570d-40cb-a275-91f219da9058,e23a2171-157b-49cb-bf14-34996402c465,3,1,5.851324876753007,0.7471019197872049
1fa4f7ca-2aa3-4c2f-a673-1856b1f3c0c1,2026,2025-12-17,fdfebc81-138f-45de-ad5a-cdb4c98c5dc1,e020519a-e90e-4b63-bb2c-f17dc31b5a56,14,1,14.673536090320164,0.9390067672136644
21f77626-0b81-4dd5-a773-c0954d7b2890,2026,2025-12-17,4f107cef-d28a-41e5-b9c9-9f537c5a92e2,8c9b2481-8a04-4d21-baaf-cd9add16d15c,37,1,25.3373849533846,0.9831917471497201
229eb77d-44a2-4252-af18-177791b322f3,2026,2025-12-17,2f197fca-5329-4606-8c7d-9bf31ea65732,98674fec-442f-4d8e-bff0-fca634b9ceb1,-3,0,9.295891903943712,0.8332087447534844
27867332-71e9-47e5-987d-105bad80c3b6,2026,2025-12-17,94d66457-cf10-4bc2-b52f-faf466454856,cea24043-374e-4a53-bfc3-4532caf44ea6,-4,0,-8.275496675135319,0.19074786035553332
29513651-b22b-4587-b5a1-a60d4667a7e3,2026,2025-12-17,31ce23c8-e471-4fad-b117-36f72628b875,beb97225-0e05-4be0-acb0-2fdc74f6dab4,-5,0,1.2370353590129126,0.5587136763666022
2ec44a46-0fcb-452c-b6cf-3defaae1dd8d,2026,2025-12-17,fbbdc24a-ba43-42e2-afcc-a328f0d9938a,0cc86d2a-a1ab-4ebb-a968-3d4011c8d356,25,1,13.325196954628872,0.9283851714257498
3e0f9eb8-918d-4478-a3a9-54af9789251c,2026,2025-12-17,b9e807be-99ad-41c2-94bc-6049272e3254,f37e86a7-66bd-40dc-b008-7a9017dd8f59,11,1,11.47141824960788,0.8702196973457996
419efd1e-f191-4046-843b-2b9090d08305,2026,2025-12-17,c5d35bbc-89d4-412c-8778-037158252c91,897f9506-86e7-4d3e-8eea-2b85ea85fa8e,11,1,8.926443279738576,0.7385807479749312
486f5771-886e-405b-aa7e-8a42905d577f,2026,2025-12-17,28c5e9b8-df2e-4fea-8442-2a3c31753cef,43edca99-9154-45c5-908b-5e79c98e3147,24,1,16.111395224708055,0.941209708938611
511847bb-bc23-4135-82bd-96ce3596d403,2026,2025-12-17,28cde209-3ae8-4939-9d83-2a6d645d427d,0ec33aa5-020d-49e7-ac6a-2ee825d15102,16,1,5.8671671267974315,0.7058942924837505
52ea9fb3-441d-4486-a7b8-903d3046e2da,2026,2025-12-17,5f39cc2c-9779-411f-87e9-7702676c6ea8,87d79a84-23f3-4e7a-adbf-e627ade400ed,7,1,1.32690353321858,0.5654069235290362
5aaa00f4-1db8-49ba-9a81-ac8613a49f5a,2026,2025-12-17,cdda7902-04cd-4834-972b-072f59dd1474,cc517ba4-b26c-41e0-bc91-66f5ceb16558,-41,0,-1.9008866648777616,0.44184588704576677
5d8353fc-e985-451c-b31a-188a24842603,2026,2025-12-17,2780a057-59e9-4719-9190-6a16ecffbaba,0270a5a5-82db-4c54-901d-c9c8dfe3741a,21,1,4.984799153336499,0.7155703613083155
6f44a1c7-e288-4b5e-b0ef-4524b0e028c9,2026,2025-12-17,8cc8f38e-384d-42b4-906f-97ff66fee7d7,47407d60-8e46-4d83-bf47-4b7ef8576ebc,14,1,-2.805980736333393,0.4751482241394809
70f42416-a962-49d7-8661-76e8abffbf54,2026,2025-12-17,eb5b8376-53ac-42b0-a932-bfc4994faa1e,6b34a383-3696-47ff-99bf-1b690f616a28,8,1,3.3975600420381666,0.6327158117025683
72372f2d-13bc-4d87-817b-d1238c7d0163,2026,2025-12-17,364c8255-118d-4dcd-aa72-a62621e3aeb6,fc1af6b7-242a-42bf-bbe3-325108828697,13,1,10.480935488441858,0.8277310509981518
745bdd2d-fba0-437c-9e0c-e49b42a88bd2,2026,2025-12-17,12fb3719-3067-4770-ab8a-b11eeb73faae,9c37b6c6-f9dc-49e2-a128-2681c0df2bf8,-1,0,-0.6640988507573469,0.4751555501612855
79710d79-5c51-474c-9e5e-5de1fb141035,2026,2025-12-17,528a1feb-658f-4522-a7ce-decc11b8b925,2d467e3e-e5d9-499c-a1ed-225d0c3ae91a,-3,0,-7.611527620310657,0.19558429596275684
816e5435-0d3d-4dc9-929b-489c1b45471e,2026,2025-12-17,853ab0d1-c982-4e7d-8187-8600084662c2,20bb1fdb-2581-4660-92f8-ad08c3a60acb,15,1,7.813855099468714,0.7990519306223941
839240d8-75d8-4eed-b9c4-24d29bd318a0,2026,2025-12-17,95ff4642-ef5c-46e3-982e-adab9cdca4e5,bcadcb9e-4b19-49d8-a836-b1224d88a96c,-7,0,-13.979151051704745,0.06513398394113178
86945167-0e36-41a8-9185-e092a8560beb,2026,2025-12-17,cb1b95af-f118-4a94-a324-d05b88869a43,ec7aba22-2b7a-41dd-801d-063cca9a4c1f,16,1,12.974843264282487,0.917513015083453
97556310-e519-4d3d-b7c7-cbf2111890b6,2026,2025-12-17,aa657c8b-9c3a-4727-9d4c-559205be3150,5cf39234-dfea-4208-be18-092f71c2f05c,40,1,23.059007002565192,0.9810118198748904
9fcec3b3-01d8-4fa3-9a46-6db0554f6b2f,2026,2025-12-17,82ae3098-41a3-4c5a-92a0-aa7a592b5f7b,3b0fb0e0-1625-4a53-8ad2-e353ec84cb0f,1,1,2.33010475536522,0.6290936562548235
a2b14853-83cd-4f7f-ae33-cce7265e32ea,2026,2025-12-17,53e97ae2-3cae-46c5-8353-41eadbb17d61,3b63b27c-8c94-4fb9-919f-62cd7944deb1,-19,0,-0.7918363071881274,0.41512559748788497
a5ea2950-e621-41c8-9500-9b3bd82d8069,2026,2025-12-17,62c7a397-21d6-4b22-9b24-ba5a29ee8771,6899ea71-b4b1-45de-a54e-8eaefcc5e6f4,15,1,-1.010106006035281,0.5323430336154954
aa02c0c7-defd-4217-9310-e7935dcbefaf,2026,2025-12-17,3ce97af9-70d7-4dc9-b13b-4f4221b9e09a,8a720b96-af6b-4ada-bf15-b7b80a091274,14,1,9.603159710565759,0.876601601573594
ae62b0bf-cb5c-4839-af98-7037803e097f,2026,2025-12-17,b7431929-7ebc-42a6-bef8-d0c5715e2c86,69288ce9-31e9-4d18-9e18-89226b85a2cf,59,1,25.145828360794283,0.9857051356878872
b5210afe-d49f-4b88-8ed8-22297f47affe,2026,2025-12-17,60686ba3-d38f-468b-ac14-3d7c8518e868,512bdb5c-66bc-40fa-a392-cffe3e058403,4,1,16.604592127451504,0.9450882721043897
b5b0826b-2cbd-4de7-89f9-b0701e6d32aa,2026,2025-12-17,8a24da63-2163-47de-aeff-97b77094e860,a2fd0527-f20a-4add-9101-ff8babf6ceaf,-16,0,7.1109355792547415,0.7922524053394732
b99bc16b-d893-4d71-b4ef-46f82160c2b6,2026,2025-12-17,5a788fca-07ce-452c-901e-2d9250aa8f8f,b81dac67-4cc4-4d68-b327-0ecd77fe056e,14,1,8.809675857387154,0.8579225768342074
bef10c1f-9cb9-48d6-b96c-4316e067e80f,2026,2025-12-17,93de5342-985b-431e-9c3e-515381b67402,07e79f5e-ccc8-487d-ac1c-fbd82b43bb75,14,1,21.241495708218714,0.9793601033093429
cb985e6a-1a0d-42ed-ae27-b5de439ae6d0,2026,2025-12-17,65cd560f-8b8d-4b8f-8a2c-2738484621b8,0cd88aa1-5ccf-4454-9b08-d57795a231b7,41,1,35.87002952061479,0.9869606966102876
cd74aa27-855f-4d71-94e8-dde2484e22a6,2026,2025-12-17,9eea7343-e29b-42cd-8ec7-ccda00c95536,32d092aa-6752-439b-89e2-6538ab8523cd,28,1,28.496989503635998,0.9833862855374513
d0246b5a-8893-452a-8355-6d6f5972c786,2026,2025-12-17,5556385d-827a-48ff-a603-cddd42d7d7f3,a296aea1-d070-4a8b-8dc4-62323ca3f942,3,1,1.1563557770701847,0.5778393417040011
d4310ac6-0f13-4b46-93ab-040e9119c51d,2026,2025-12-17,7cc2bc8e-b314-42a5-81cd-bd21acdd42b2,54da433c-23a6-4200-94c2-fba0e56376df,36,1,22.507932386601073,0.9846815694830581
d4423579-1e5b-43df-bbe4-3ed9f527e776,2026,2025-12-17,b9d6eada-8645-4be8-9331-81fb5ab905f8,195e638a-72ed-4f19-a47f-232630307034,3,1,-1.4599940149195518,0.45149601322361754
d6ea3eeb-a5be-42a5-a57a-7e359192d5dd,2026,2025-12-17,e41ccbd3-d51f-43e5-b037-4cb81b41b713,fc19569f-90e8-4af1-8b2c-981d4b9b0e7d,-10,0,1.5504908061558893,0.5867797119375122
d7847d92-5ca7-4f0f-9fa3-e8f77fc4a3f4,2026,2025-12-17,64d22a8e-0b18-48ea-a6a3-5619cb8be43e,955bd58f-0ae1-4b55-af26-b19062a2c04c,3,1,18.595540605165414,0.9717216907219941
d7e92a3e-6fc2-49d5-80c1-d8ccf82235ff,2026,2025-12-17,4ac9a4d0-e97a-403f-b290-b7bf3c0e8308,6cbdd7e0-da8a-4b62-98fa-35c1f62f4afd,11,1,14.549349317867765,0.9267158807759747
d864891a-c5f1-4155-acc3-ed58aa21d28e,2026,2025-12-17,72aa3e8c-3c62-454a-8f40-09b46ae0cae6,cb2346de-1887-4050-8b6f-5480779486c2,-10,0,0.1741529429566527,0.5111174895605167
d884a3b6-7e6d-4325-b736-9262206f1e98,2026,2025-12-17,86dd8d64-758b-4592-8af6-2536cef92fc1,67bb6cc2-0917-4bf3-ba89-bc624925b956,9,1,1.6759984218408368,0.5945645871822558
f5e5defa-f217-49ba-bb00-0f41734f5d1d,2026,2025-12-17,f31b656e-13ba-4eb7-bd53-66b20405c905,557c7aed-66c7-4dde-aef2-6dc573ec91e7,27,1,29.14587745987714,0.9850024499394336
fb98e9b6-134c-4d94-ab1d-c740e58e136e,2026,2025-12-17,be625a9e-aede-4fb2-98ad-3c0baa02528c,c64c255f-43f5-4a08-99f3-222dd9aa0731,23,1,27.569151643586594,0.9802276385881251
fdc90ca7-9ea2-460f-b96c-69deb10174dd,2026,2025-12-17,ed6e30f8-d1f2-451b-9a26-5c7f21af0125,d6a99784-3b3d-4ae0-a5c1-6689f04c9255,-6,0,-4.621796514735897,0.4075546627169859
006dd07a-9fe9-4fa7-9ce4-fecb12b3b9b4,2026,2025-12-18,a8ebd184-6249-4e7c-8e39-0d8d8249fe41,79116858-d6a1-42d4-bb91-450b44d1e6b4,22,1,22.902713636652184,0.9676818425623629
040c6f7a-3973-4e74-bd06-0f0b49a182fd,2026,2025-12-18,3ce22877-c834-4b53-aae8-5129d36175b1,34176634-892e-43b1-917d-cc003f8b9c03,8,1,11.481961918231082,0.9078278025907396
075e106a-fed6-4449-bc78-55b9cd56a9cd,2026,2025-12-18,6d9c7f06-e309-4b30-a7a3-37783b2b3f26,968fdb79-e800-43ac-b93d-53a22dee3a03,3,1,8.592542903494637,0.7847986549144039
15535a27-3800-4b38-b72d-7a1c7baade03,2026,2025-12-18,96649453-7ab9-4024-b242-590c57b62ab6,6c5e0081-14ff-4e1b-829d-a107919bc58e,8,1,-2.8166769655980937,0.39499469336542387
1da88373-c85a-443e-a1bb-bed0ae1e8f63,2026,2025-12-18,694c9825-86e3-466b-9eed-01db85397149,2772ac36-c719-4bcf-8a21-30eba79d1c61,12,1,6.891976529457273,0.7390502227672215
25a857eb-3b73-4378-8dab-2079b99a1157,2026,2025-12-18,63c7d34f-6b58-4a80-ae86-320a182ddcc5,508005ba-15a8-426a-997c-b0e36e4e6b58,23,1,13.634383105231679,0.9139623774563735
29eb75cf-a8a2-4cc8-89ed-6cb75ecae276,2026,2025-12-18,71835168-f6e1-4523-997c-3851fc41f646,a76e8585-9bd8-4efd-ad05-93baa5c91a75,18,1,4.484390162133024,0.6981049448162159
309074d1-5f43-4fef-9950-f9e20b0e118f,2026,2025-12-18,3e01dbfe-c709-4674-98f7-dc2f25d068ba,c8280280-8b91-475c-9d30-faed3dc9ec3e,-14,0,-5.571579005046405,0.3268972818051592
357c7920-c4b6-473e-a689-c0a5625644b1,2026,2025-12-18,4b705336-0b7a-4525-a3cc-151a9657a218,fb1c029c-934e-4345-bb7e-0d199b1172bb,-15,0,-2.4489766870753225,0.39529754698766
3b477a70-1955-4869-9bcb-ea60030a48a0,2026,2025-12-18,0dc6096e-6097-4da2-a279-a7e256c526e3,a9a08ada-6bbe-466a-b4ef-e2fe68dce231,23,1,7.064630974732213,0.7927439648680331
4450b1d2-7b5a-46a5-8f99-8dc9a11f8dd6,2026,2025-12-18,71e0195c-db7a-4df0-b519-17d796d8957c,72daa240-1119-4159-899a-d81875c1c916,-7,0,-11.693281278966587,0.19272501560474717
5f14c222-0607-4be9-9da8-dcd7812fd9fc,2026,2025-12-18,517665d2-60c6-44a7-a80b-78212cfb2db3,31e4ae86-a8cc-4aee-986f-71aa76fea354,-7,0,-5.987891362524794,0.25569275519098883
6148f0c3-bba0-4b3e-858a-198d040c01f9,2026,2025-12-18,b468e5c1-fd80-4c61-8545-54a03c959ff1,d7af5a06-c331-48d5-a768-4a3627420b0d,30,1,23.292223434733526,0.9815718097354779
64355315-c833-4d0b-a6f0-aa66661eff8c,2026,2025-12-18,a712dee9-a06a-4809-9e11-8e4b4233face,bb509184-c255-4aa4-9cdb-057dd36f7a04,7,1,3.525967118737447,0.5918120586595461
6e84b9e8-f5f7-4b32-a716-b38c1af177f4,2026,2025-12-18,b7139fdd-2b24-42b2-80d8-3cc79042b563,5c4db420-ac2a-4491-9f2f-f15fdf65d283,12,1,22.307317805657622,0.9853852426469819
7d49ff6c-b40c-40f0-be87-17d60af00f01,2026,2025-12-18,8af24be9-3bcf-49dd-8a7a-9a412402712a,afbd548e-958e-452b-ac58-5b58b416aeb3,-7,0,2.7899031857992966,0.6372055903737222
7dba7868-e0d4-4d2a-a32f-43fa5593cf80,2026,2025-12-18,be3dc89e-c7d8-42a5-878d-a2f181f0914b,1b43514e-2b4f-414f-9f54-b04994ba33ac,11,1,-5.384400414735233,0.31012691155399996
a9a8ed74-610f-41ed-8b0d-24cadc483663,2026,2025-12-18,ed251b78-3a68-4e91-b25d-08ef8bc8face,cfae9c2f-9713-46de-9159-5064cc63dd64,13,1,8.119292750771073,0.813902815551443
b6525934-7b04-40ef-8f49-e4c688517d6c,2026,2025-12-18,131339ab-8b21-40bd-af91-c2dd728a68dd,6a5388a0-3d9f-4fa4-b592-775b2c31e741,4,1,-2.391681349612424,0.3971889478710424
b7fa6dc1-ca0d-43b6-b104-8cf69f5898e9,2026,2025-12-18,f1d6ac08-ce96-4b53-aaea-ae291068cf23,163cfcfa-5213-4025-8eb1-dd67b17587f8,16,1,28.97851700428452,0.9845413991780076
c563653b-b2bb-44a8-b458-157b8093e8f9,2026,2025-12-18,f8fb3b2e-223b-4478-a029-9c1209865bdd,cec32a63-a501-4a6c-b2c3-dba31694d2b2,9,1,5.322285869293102,0.7102815188589219
c5d5a0dd-db28-4d52-95c4-8ab359206730,2026,2025-12-18,ab2292aa-bfd3-4e49-a17a-cf970962e75d,51ad29ad-74f3-4879-a2f7-b09ed6f1c3e4,14,1,15.45016536066581,0.917727510421128
c63461af-9e72-40b1-baa6-34b7f2726bcf,2026,2025-12-18,6833b588-1856-4519-a296-afd069ebabfa,b979de70-af07-4320-9f20-2b9606ce8cd6,-5,0,7.319823320432467,0.7703772009270641
cf3f256c-1776-4664-8e7f-47a60267e691,2026,2025-12-18,813f7a1c-6264-4e11-88e2-21dcd0072c0a,113c0c3d-54d6-4c64-b168-7ea3f3c20e76,19,1,24.307732738302967,0.9842034078276528
db91668a-4734-4051-966a-ea3d2cdd6840,2026,2025-12-18,69c2db2b-a8d1-48d3-89d0-ef9669af0b7d,af95ca9e-8a2a-4b22-9bb2-584162eb57f0,16,1,17.245125260199565,0.9382746897738254
e3351ee4-8751-4fbf-b9bc-f334acf28702,2026,2025-12-18,e694b3cb-eeef-43f4-bada-32dba89664a3,7dc3e262-ccd4-4c87-8617-0ca6e819757f,2,1,-4.598928696423556,0.32726952632320644
e3f7b4fb-2c0d-4a73-9789-f494adc6789e,2026,2025-12-18,1caae9e8-45a5-4b50-88a3-e3d388c52d33,c4fed5b1-14eb-4033-8832-59e6c0004cf0,-9,0,-1.7046823547116157,0.440201030509624
07495f0a-f192-48d2-8bf9-a508a5fbdf5a,2026,2025-12-19,94d2459f-8edb-4281-8038-8b2dda825fac,95adaebe-3c7d-4cf9-9380-e96c95761e6a,13,1,22.106695398232997,0.9839692117467781
0b2ea413-7dde-462e-ba2f-289d2ccfeba3,2026,2025-12-19,8d2fde4f-31a7-4491-9fcc-f04ced66e74f,30dcebf9-dcff-4743-a05a-d994a902866a,1,1,-1.8859136665200105,0.4691695257065223
20258982-6094-4e57-8fee-14d2b4eca428,2026,2025-12-19,e6f966c6-5104-484f-a3a8-a7450aa491ae,e80d2384-bdc2-4f58-b09a-284a659a4d81,-10,0,8.962044032448585,0.8184077967815833
26416863-f7b3-4d16-83af-062f7c3ffb0d,2026,2025-12-19,31e4ae86-a8cc-4aee-986f-71aa76fea354,694c9825-86e3-466b-9eed-01db85397149,-9,0,-2.9239546501223908,0.4193107509964901
39d1fd94-484f-42e9-b286-407cc47c0de3,2026,2025-12-19,03914b2c-1603-4f8d-95ae-9f80025284f2,3203894c-786c-4e1f-ada5-c785afe033a5,34,1,16.73281908035808,0.9450525198189469
502c2a38-158a-4733-b6c9-f4c95fbcffae,2026,2025-12-19,9c37b6c6-f9dc-49e2-a128-2681c0df2bf8,c836e6fa-56f7-4920-86c0-a3d112f21365,4,1,-3.030448430816508,0.3360684270569162
53673d7b-541c-42b5-82d2-543f653a6f4a,2026,2025-12-19,d9908b15-814a-4283-8513-0d0ebd2430f8,5f39cc2c-9779-411f-87e9-7702676c6ea8,24,1,10.286651411609219,0.8805851474390982
54745c79-b577-4cdf-9b3a-9a5b446f522d,2026,2025-12-19,8921f536-d6f1-4d5a-b369-5dfb136e1717,175fb86f-dfa5-4661-89d1-221410e04eec,12,1,15.02624197750593,0.9619743883131485
690250b4-7a46-42fd-bbe9-024902b8d3f5,2026,2025-12-19,68f210a8-33bd-4d79-a5b0-222aabe727e7,ad6d1a77-a3c3-4d10-9a5d-52b851597e67,-5,0,4.672710126000965,0.6819840826264814
7bbf5908-b271-438f-aeaa-fd29ea5e6dd8,2026,2025-12-19,e08292aa-f0dc-4c1f-ac0c-138ec5d15372,866586a7-cbbf-44c7-87fe-e9343fef12c8,47,1,27.22848160157569,0.9871927792541492
8d94be9a-ca35-4aa0-bf4c-09cb1420f822,2026,2025-12-19,364c8255-118d-4dcd-aa72-a62621e3aeb6,0fcf988c-9b3d-4eeb-bc11-4b461290749a,21,1,22.207784702482464,0.9781644992448676
8f04be33-5cf7-42b8-8bf9-7ce6c5aaf16b,2026,2025-12-19,f497a267-e78e-43dd-9ab3-4299cf11c08e,aa6e74ec-70a8-4e02-9b58-0e0e886cace2,57,1,30.98436373103907,0.986056964059875
9ad2d88d-d03c-48ff-95e6-4076484edad9,2026,2025-12-19,3b612ea1-b264-4279-9f72-b45216bfea4b,b5111a29-5c09-4364-809c-3686a2b45d1f,-1,0,-4.901469919033532,0.3242012828041397
a1c09077-01c0-4ef2-9290-c446a93037aa,2026,2025-12-19,d3445fe1-27cc-4d88-b2df-6ce2afe13156,85b4dcda-76c3-41e3-ba40-71e093a8dcd5,13,1,13.88114713154682,0.9329232061383933
c10a79fd-6947-4883-9059-6cbc56c14793,2026,2025-12-19,e9570bbf-fc5b-474e-b98e-151eee207d8c,81d0a946-6d46-4a7d-88bb-29e19e5f5599,-2,0,6.275438933552697,0.6763066443395741
ca65d03f-08d3-4826-b9cf-6fee60c2e7fc,2026,2025-12-19,19bed18e-691d-4e79-aeaa-771b745bf2a1,d297d4f3-0edc-4461-aa7c-7be49fc9aad9,47,1,34.58844999256243,0.9870042779340168
d0ef3a0d-6604-4b7c-b32d-6d1d5ea8798b,2026,2025-12-19,517665d2-60c6-44a7-a80b-78212cfb2db3,2772ac36-c719-4bcf-8a21-30eba79d1c61,-10,0,-2.668361304776128,0.4315624133770289
d33a34f1-03cc-4709-80e8-cc3e888c8de7,2026,2025-12-19,8b53b385-4f61-4998-bac6-527e69c1fd6d,523dd055-c2af-425b-b849-f05ced2ae52b,22,1,-0.2715043329123161,0.45164198020270213
d5825813-e6ac-4014-977f-62ed48ce6479,2026,2025-12-19,ec98d839-43bb-427e-83c8-d832063ad70d,69307d4c-6e7f-4329-b6c2-1f3902362083,18,1,25.751468401687507,0.9813968493470119
dd4874f9-b67d-4819-928d-788e2c59d4d4,2026,2025-12-19,ba959da0-313c-4413-aad3-124a5c216494,e4afe8a2-8546-4df5-b5e9-cd85edc8fc62,33,1,25.57146982115515,0.9871949554858225
e7e18f40-55d3-46c6-b807-596cdd66d341,2026,2025-12-19,a40a35e7-bb78-4848-a0a4-11059f3caa39,66d6cb28-25f0-41bc-9fb1-d15a6dfca6ac,8,1,5.794943146849323,0.6974915905717928
f6a5038e-c9fa-4a62-b0a8-53d7c875048e,2026,2025-12-19,1999688e-7015-4a04-8450-734eddcbcfe4,9b933a83-ef6d-49c0-ade8-facfdeda3183,-26,0,-1.9171240929777988,0.4352245828025716
008165c7-5a6c-4336-9673-1766c8a87061,2026,2025-12-20,14372359-5589-40fd-8dcc-6a04bbe7338b,592b259a-709d-44c7-b547-07d6529132b5,-3,0,7.462560825689734,0.759383902402764
00c81102-7e25-4c72-b368-2321a902466c,2026,2025-12-20,8fc903e0-95d5-42fe-8972-bae53e4456a2,5a925022-39f0-422e-a9c8-efba8cab8218,-1,0,8.76119880903618,0.8037201456956425
0a2380f5-0445-4bbd-907d-7e54fa3f6624,2026,2025-12-20,968fdb79-e800-43ac-b93d-53a22dee3a03,1902edf0-3770-4094-9f92-722731ac4c93,22,1,-0.3838174683402594,0.48905485952830857
11b756c7-2e57-4a2c-9240-47202f986bfb,2026,2025-12-20,ed01ba53-c6ff-488f-903e-9b348a195c03,61080933-9c42-4844-9cd9-7cfbcb9cf94a,7,1,4.435322449605671,0.6660718863170336
1782ffae-be09-44a7-bf59-73a4c292cf24,2026,2025-12-20,c5d35bbc-89d4-412c-8778-037158252c91,28cde209-3ae8-4939-9d83-2a6d645d427d,-9,0,0.27079721270726764,0.43204236857375555
17c12acf-391c-4404-b5ba-73d8bcd5ab0d,2026,2025-12-20,7a2ae4f1-b509-40e8-b553-cbea5aabc4be,1ac6eb65-663f-4f4e-b7cd-bcc9ec53efe0,1,1,3.1374021855901586,0.6721050342433647
1a02e633-9fec-4e87-a390-029b4685f205,2026,2025-12-20,e672d935-837a-44a6-9e69-a25859488a24,955bd58f-0ae1-4b55-af26-b19062a2c04c,-2,0,-5.591199219637165,0.3250622791703136
1b758ab7-30d8-47e2-9615-051360af7108,2026,2025-12-20,977af06b-e276-4d26-9f4d-4b3c41c67885,d783c621-0bb0-477b-8bad-8785e9451e21,-9,0,-8.173564795796722,0.24884589575559302
21a3569c-9adc-4e81-a526-fa21fb7c3622,2026,2025-12-20,57d94665-96b0-49e9-ab6b-a7cd6a1492d0,96e82d65-67c2-4e96-a2fb-d7ca3dfe1353,30,1,12.651861571579335,0.9321242655402058
224e4f5c-519d-4b7b-a42f-28944171d7c9,2026,2025-12-20,2c2e9f9c-9d33-474b-860c-f9230f147fcd,1b50e98c-801a-4835-9b4e-b0d563152b2b,1,1,-3.300078282994343,0.38123470627479167
2df3c57c-273c-4167-a1e4-c2dee157ce66,2026,2025-12-20,a544a5d0-4cd1-4756-b079-30a9a7905cd0,c68084a8-36ec-4f0e-963b-561f5ea2c46e,28,1,11.349440695298041,0.8788892660873889
2e9576db-6875-4117-88d8-e65fab6f2d2c,2026,2025-12-20,e23a2171-157b-49cb-bf14-34996402c465,2a864769-3bff-4022-a96e-3092caef4c93,9,1,11.263261944610257,0.8351042766051546
312fcabd-3092-466f-9420-be795d705f91,2026,2025-12-20,195e638a-72ed-4f19-a47f-232630307034,512bdb5c-66bc-40fa-a392-cffe3e058403,24,1,20.48387207956255,0.9797910575340023
3b588ef8-ec94-4f5e-b409-484d48c5e4bc,2026,2025-12-20,ec7aba22-2b7a-41dd-801d-063cca9a4c1f,0b81f60f-d170-4ec1-9003-5fc16e4afa3d,-2,0,1.9698751379181192,0.5805262589071105
3dd35a31-7a94-49aa-b735-09f64458f5a0,2026,2025-12-20,be57d339-192b-4f8a-80f9-e4dafde63035,711ff92d-65bd-49a4-abc4-7aacd8c11f9e,-9,0,-10.179409476657217,0.10774380116241937
3e35ac14-a15e-431d-b0b1-6e11c322f637,2026,2025-12-20,788df145-b514-4ea4-9ff0-bf2399dc7898,e088b1fe-16ee-4cf1-baaf-6ce4139f13df,-7,0,4.575841067276638,0.6628352760545312
4097594a-d9f2-4614-b8f5-889036460675,2026,2025-12-20,f945abf6-7dca-4e3a-b475-bceddc534fb9,dedb794d-6852-4b7b-904a-15cd66966a0a,8,1,17.646548041519118,0.9416166498053282
40f00fd2-fa22-44a8-ae93-59993f27e7ed,2026,2025-12-20,53e97ae2-3cae-46c5-8353-41eadbb17d61,cea24043-374e-4a53-bfc3-4532caf44ea6,2,1,0.5008413420643998,0.5361344414414224
48890b1c-ab28-47c1-8f7e-15a25fb19e55,2026,2025-12-20,0dc6096e-6097-4da2-a279-a7e256c526e3,67bb6cc2-0917-4bf3-ba89-bc624925b956,4,1,1.2883508646866508,0.504384014913696
4a0e780c-53e3-4f68-9ad6-0abc02473823,2026,2025-12-20,0b613bb0-e3c8-412a-8845-b9807552ba60,428ae1bc-1e48-41c7-b7f1-da980b8a18b8,14,1,12.830479210752573,0.9196713908061989
4f115a58-ee41-497b-b68b-decf7eab4ce3,2026,2025-12-20,2d467e3e-e5d9-499c-a1ed-225d0c3ae91a,8a720b96-af6b-4ada-bf15-b7b80a091274,-2,0,21.943120259555844,0.9802531387699668
59a71765-85dc-4acc-870a-67d0c44dfe3d,2026,2025-12-20,cee4e9fb-16d1-4b9a-bbeb-6f26c9d5c340,d88ac8c9-9fc8-4e76-9426-cf44fe70db47,12,1,-5.885023178236551,0.3125391952684479
5c1e9ccb-2452-458d-9ced-d0ffbe81ee91,2026,2025-12-20,3ce22877-c834-4b53-aae8-5129d36175b1,3b63b27c-8c94-4fb9-919f-62cd7944deb1,-7,0,1.2401227980957126,0.5665026214267492
5e167028-35fe-4206-90e0-64e3852ed49f,2026,2025-12-20,f598c6c5-97cc-41a4-83b2-84f08d3397f9,b58418f4-b3ae-444a-8ada-74ff43e88ea9,-12,0,-1.6924650700239967,0.4437377785092193
60351ea3-1ff8-4362-8114-faf4822106ca,2026,2025-12-20,62093611-a202-4f7e-8d13-ed4c5498a9c1,0cc7096d-eb8d-4e4f-9906-93bf951805c5,-10,0,4.559238390919515,0.7156957426225211
604db69d-a237-4e25-bf6b-495d6a2cd41f,2026,2025-12-20,0cd88aa1-5ccf-4454-9b08-d57795a231b7,b655e208-570d-40cb-a275-91f219da9058,-9,0,-15.501265125583148,0.05665527683248812
63a3fade-d237-46d9-9197-540dfd0bdb16,2026,2025-12-20,5a3e7af6-53d5-4398-8c0d-97e0d9ac977e,beb97225-0e05-4be0-acb0-2fdc74f6dab4,9,1,23.562741472745373,0.9777053417835061
6dab49a3-ff7c-4580-9581-bb5565fc7ced,2026,2025-12-20,65457ba7-a038-4a4b-bb9c-249804bf4db4,39c61fcf-89b3-4523-aa61-7e031fae7e9c,-3,0,12.595932554022468,0.8599028058736783
7052fb8a-5dc4-416d-a998-a070e5e9cdc0,2026,2025-12-20,eaa03f66-f667-48c2-9f30-ccce38d89e56,732365b9-1faf-46df-9c75-4571516450f0,40,1,22.596081717561617,0.9839445518611917
77c316f8-01af-4acb-8024-44a3fe606a64,2026,2025-12-20,71835168-f6e1-4523-997c-3851fc41f646,a9a08ada-6bbe-466a-b4ef-e2fe68dce231,-7,0,8.368454679499408,0.7721918674800403
7b96f330-6a86-416d-8b1e-84e31461f229,2026,2025-12-20,4b705336-0b7a-4525-a3cc-151a9657a218,073c7f97-1dbe-4c9d-b1ec-44e92177a53b,-4,0,-1.7180053350273363,0.4458150974139377
7b9fc7a9-4cdc-46f3-a5a8-ffbeff5bd613,2026,2025-12-20,6038b249-00da-461c-9074-cfb1ed11d9ab,29343f0d-eec4-44e0-923a-b7c6360ad1cf,7,1,6.0938150736984715,0.7244731036606242
7e118ef5-8a26-4e69-80b2-ac2b426aa5ff,2026,2025-12-20,29ca4fda-da79-4d21-b2a3-a87a25d02733,ef533bc7-18e1-474d-96db-96668fe59c22,20,1,36.57751537554827,0.9890677387300524
7f4c1d8a-43f6-4505-8d15-31c5d82b266c,2026,2025-12-20,b9984408-0526-4a1b-9cb3-d6450264dcd5,2f197fca-5329-4606-8c7d-9bf31ea65732,-6,0,3.5553671373741884,0.6464104895802392
7f998b24-b507-493f-af0c-61e08b09048f,2026,2025-12-20,082024ec-29ae-4a22-8851-c5373988f9bd,1ed24078-84ea-4147-b356-c8543c93aa1d,-10,0,-1.1937905718752297,0.49886933145979717
80e883e6-69a3-45ce-bc89-61ea3c3a9939,2026,2025-12-20,8da08445-76e5-4e98-be98-4f101d670980,84769f97-e86d-402a-9eb2-d31118f663ca,22,1,17.32423139710947,0.9590633053821637
8188aeaf-81e9-4c2a-a8b0-384e43a5b56d,2026,2025-12-20,e020519a-e90e-4b63-bb2c-f17dc31b5a56,5cf39234-dfea-4208-be18-092f71c2f05c,21,1,16.556258898067973,0.9330158229711428
82a9e34f-b091-453c-b44e-49a69fef1562,2026,2025-12-20,6265a954-0017-44e5-bec7-cdb2fcc8f527,51b50cb5-097f-453e-99eb-4175d27ed1bd,-1,0,0.5169751432159623,0.5707586419685643
840faf08-65bf-4e1f-9ed7-1bfb691fd1ec,2026,2025-12-20,3f9ea222-2b0c-4f93-a0e2-601346d6030a,076baa43-c839-437c-8a6b-5074277599df,12,1,3.7713873327901197,0.6053231134589844
9c28ad8b-a1db-46f7-bbb9-074c738f5c1c,2026,2025-12-20,fdfebc81-138f-45de-ad5a-cdb4c98c5dc1,6f01f32e-67fa-44c7-8440-24a263829a82,8,1,18.192209224325474,0.9610893583545352
9ef1790e-2604-44e9-8f74-090936a014c2,2026,2025-12-20,d1623d0a-64d7-43e3-9f9b-36356767823e,cdda7902-04cd-4834-972b-072f59dd1474,-3,0,6.818249069015354,0.7681609146583452
a250865b-8125-41fd-bbf3-d1296a384050,2026,2025-12-20,b86cac40-e643-41b0-ba96-76ef03712c8c,5e9a1e57-759c-40bb-aac1-6bdb058fafbf,24,1,4.886247762358131,0.756278210671446
a498322c-b1b9-4517-ba8b-44ec68beb33e,2026,2025-12-20,a712dee9-a06a-4809-9e11-8e4b4233face,1b43514e-2b4f-414f-9f54-b04994ba33ac,-9,0,3.857286445579221,0.664491159615473
aefd2776-59dd-4330-98bf-64484898942e,2026,2025-12-20,33fe6f07-54b9-4b44-a9f3-e273b8b240b8,032eda63-2e4d-4c72-8c92-51b97442dea9,23,1,12.674463598936478,0.9137110506119697
bb39fe23-904f-43da-b44f-76167d282401,2026,2025-12-20,13fa8aab-518b-46ed-be28-b5c24acfa430,e77246ad-855c-468d-8b07-828f76134191,28,1,15.442955592972734,0.94270654640463
bdea7946-c647-4200-954a-98663f22539a,2026,2025-12-20,be3dc89e-c7d8-42a5-878d-a2f181f0914b,bb509184-c255-4aa4-9cdb-057dd36f7a04,-24,0,-5.938118174010195,0.3471832822205088
c64d46f9-f206-4357-af48-d23e51ebb38d,2026,2025-12-20,86dd8d64-758b-4592-8af6-2536cef92fc1,a76e8585-9bd8-4efd-ad05-93baa5c91a75,-2,0,4.429056678137359,0.684658017534513
c7fa2413-a32e-48de-b5bc-30b479c9797e,2026,2025-12-20,2a453d52-4fcb-44e2-84c8-d2c1f91eccf1,b678d94f-1147-4cd8-b221-3155893eb1a9,3,1,-2.416405239413052,0.40187336160357534
cb359b2c-3a92-4a53-b79f-e610bf55bf26,2026,2025-12-20,0792fde4-bca8-4a47-9b76-8d8191a2ac93,8ccf579a-f19c-4639-b260-5fa8dc2c90f0,6,1,10.055076257344085,0.8091878283537285
ccfd432c-e8e0-4fa7-9f54-b5b34de7852e,2026,2025-12-20,d414d5fc-8653-43b8-ac66-ec8f63c74c82,edb2bfd0-017f-4df2-b9c6-d8dcacb7e929,-1,0,8.912507287879691,0.7395747987898269
cd20b28d-5fae-48d9-8921-c35ff7c0d927,2026,2025-12-20,b2c3c0ff-6592-4132-b527-e3784532b0a7,9c60e9b3-29b6-431d-92e1-307e1c2f1c15,7,1,22.4964330744329,0.9772372071125608
cd2e2f5f-3194-47e5-a8b4-22d8186e3864,2026,2025-12-20,8cc8f38e-384d-42b4-906f-97ff66fee7d7,81e6f1a5-d8cd-43bb-ac87-6c20719f72f3,-5,0,3.5978831247527827,0.7003049355291138
d3669381-3895-479d-beef-bfffd2435496,2026,2025-12-20,0423c35a-c25a-42a0-a0da-e1918c78cd5f,89146125-2618-4b85-9bb2-a7d785fc8c0c,15,1,-1.963938151420767,0.43774348396531537
dbf71666-5ff8-4939-acce-a38f09c62e5a,2026,2025-12-20,cc517ba4-b26c-41e0-bc91-66f5ceb16558,5e1572de-c2e7-4a5b-a605-c095da467409,21,1,2.638574209353189,0.5845599066175238
e02e4648-1274-44c5-b2a2-7128525cf4ac,2026,2025-12-20,700ebcb7-55a3-4967-b5ef-89731a047790,b9d6eada-8645-4be8-9331-81fb5ab905f8,1,1,19.64230885362971,0.9807274362546616
ea3d7f52-449c-4b57-97c5-d3973fd2f419,2026,2025-12-20,eb5b8376-53ac-42b0-a932-bfc4994faa1e,897f9506-86e7-4d3e-8eea-2b85ea85fa8e,2,1,1.3415893344703922,0.5613035145320057
ec27af43-461e-4b32-aa4a-3294620ed0c6,2026,2025-12-20,d1177041-d515-453f-9b73-e9891b41324d,95ff4642-ef5c-46e3-982e-adab9cdca4e5,5,1,3.9745707811531847,0.6571301964758323
eeeca5be-9b9b-49ba-84c7-336f1d911c4f,2026,2025-12-20,d1841f3d-03f4-419e-bedf-c218d150aa9f,51ad29ad-74f3-4879-a2f7-b09ed6f1c3e4,14,1,12.077201011028503,0.9074876218879492
f0081522-33f5-4bf4-86eb-3b0ac18dabfe,2026,2025-12-20,aa9a338c-8749-42c2-8655-1caa89068a61,1ba8fbd8-4401-4226-b1cc-82e937c56657,42,1,13.169369903388958,0.8839596729908537
f85f1bcd-1b01-4a9e-b3d9-ff282d3c444e,2026,2025-12-20,94d66457-cf10-4bc2-b52f-faf466454856,34176634-892e-43b1-917d-cc003f8b9c03,-14,0,-5.276431083863409,0.2666916139537131
f9aa4f61-8e9f-4e7b-9fd1-ffc0582ec2dd,2026,2025-12-20,6eed5456-f1b2-4e4b-966f-71949e9d90ed,33a13edc-a688-48dc-a4f0-c3624bb05c07,55,1,30.454822556068066,0.9857718357555835
fa7bec0c-a97f-4770-a664-feb214a02b28,2026,2025-12-20,023d3704-bd8d-4c41-a3dc-e747ba7ed642,fff2e22f-8e66-494d-a434-8838f329f8a0,-17,0,1.084972382019399,0.5499069311833598
fc8b417a-881d-4fd0-8d2b-e7de7ff20926,2026,2025-12-20,179abcd1-98d5-4dc8-8532-3f8ffee320c5,be625a9e-aede-4fb2-98ad-3c0baa02528c,23,1,14.983178848210931,0.9589345066973369
0052a5fe-a654-4bb8-a727-269f6e5ed624,2026,2025-12-21,28c5e9b8-df2e-4fea-8442-2a3c31753cef,8c2a4a9c-1ede-4db2-aecd-cfe02e686b8e,25,1,12.926431040879322,0.8808633384151893
06392fb1-b01d-4537-9e18-90141d533926,2026,2025-12-21,474c10f3-c223-42d9-b9e9-48c37898ace8,fc19569f-90e8-4af1-8b2c-981d4b9b0e7d,9,1,-0.6401797452579564,0.4864587230199573
0c3500f5-4b1b-4b32-b552-03ceed8867b9,2026,2025-12-21,ab2292aa-bfd3-4e49-a17a-cf970962e75d,ed6e30f8-d1f2-451b-9a26-5c7f21af0125,12,1,-0.7121157193447095,0.45484237451911425
0df38666-f5f9-497d-b67d-a35dad0609f4,2026,2025-12-21,a01ea865-0b00-4f54-90fd-8674ed23cf26,f8fb3b2e-223b-4478-a029-9c1209865bdd,-6,0,-0.14041252701363507,0.4349399089989869
0ef7b1f2-db90-4d57-8e22-cd547301db9f,2026,2025-12-21,9aef881d-7fe2-4fb3-a80d-0b567f388490,3dfeaa6f-de19-4029-bdaa-0f2bd8ea04c1,-18,0,-12.514961636882385,0.07935100043824098
0f32e731-3ffd-40b0-a98f-e6df86d78f98,2026,2025-12-21,8121c98d-816f-4d3a-bb3c-4e9f3fbf65e3,12fb3719-3067-4770-ab8a-b11eeb73faae,-10,0,-4.452342744902799,0.3255968157017653
16a083c6-6640-4216-a5d4-a3b6a8e17952,2026,2025-12-21,fc1af6b7-242a-42bf-bbe3-325108828697,e41ccbd3-d51f-43e5-b037-4cb81b41b713,-3,0,9.184457654043891,0.8456437302184573
235c52a2-e4c1-4ed4-9a8f-aef053e01ff1,2026,2025-12-21,7b637d45-2602-47f9-bf37-40d1043643b7,cda5f197-ae6f-4f38-a523-d1e70b218821,17,1,15.038625606431445,0.9440290732629405
28638740-f7c0-4590-b66a-45a1fe113aef,2026,2025-12-21,07e79f5e-ccc8-487d-ac1c-fbd82b43bb75,6899ea71-b4b1-45de-a54e-8eaefcc5e6f4,-7,0,2.002039740708338,0.5859800960451385
2f79efe1-c8af-477f-8db3-1d6737cd98f9,2026,2025-12-21,b7431929-7ebc-42a6-bef8-d0c5715e2c86,b7591c8b-00fa-47a2-8280-adf031b24a4f,14,1,35.44337973569717,0.9878170097483996
3feae03e-f763-4e61-8ce0-537f981f6fb5,2026,2025-12-21,cfae9c2f-9713-46de-9159-5064cc63dd64,1cff0c34-63d9-4a64-a258-a50e61fee7cf,7,1,11.105046306481041,0.8688409589871561
4031fb21-2484-4db9-9bfa-fec1d5039d39,2026,2025-12-21,fbbdc24a-ba43-42e2-afcc-a328f0d9938a,9eea7343-e29b-42cd-8ec7-ccda00c95536,-9,0,-12.421629680962004,0.12381206269780326
4966921a-2afb-48b0-8ec0-f2e944fba512,2026,2025-12-21,3d8fedb9-0847-4666-82df-5f520b704ff4,4cc6318d-53ba-46a4-90a2-0714f3d5dc14,41,1,25.19884212737899,0.9826915567787589
50fabd31-ed28-4805-918f-8adf2ed0f567,2026,2025-12-21,1999688e-7015-4a04-8450-734eddcbcfe4,2390b5f2-24b9-453a-b023-e7b36da375b6,1,1,3.2404207668461753,0.6228042399723468
54413797-2582-4bb8-95f0-9f4dd4948097,2026,2025-12-21,71e0195c-db7a-4df0-b519-17d796d8957c,0270a5a5-82db-4c54-901d-c9c8dfe3741a,6,1,-0.30826955657431837,0.4653088549523173
57bf125e-7114-4bcc-9916-32743493bf50,2026,2025-12-21,d1c3793d-80d2-4adb-98a1-ac3c584bb64b,508005ba-15a8-426a-997c-b0e36e4e6b58,38,1,29.891789018872718,0.9875652997463454
57e57156-7afc-4da4-8773-371d1c9a051f,2026,2025-12-21,a40a35e7-bb78-4848-a0a4-11059f3caa39,aaa0be6c-4ab2-4cc9-be12-f8658ecddc9f,18,1,12.98750722672876,0.9198073515489641
58f5db49-aea8-4b48-add1-04b23b4bdf1b,2026,2025-12-21,567fb73b-73a0-4437-a1ed-314d40d93e6f,32d092aa-6752-439b-89e2-6538ab8523cd,28,1,11.70169586204,0.8961768470615582
5cb1bde6-6269-4de2-b297-9c93758e17b6,2026,2025-12-21,c4fed5b1-14eb-4033-8832-59e6c0004cf0,8af24be9-3bcf-49dd-8a7a-9a412402712a,4,1,0.606523161618385,0.5137185220010414
68421f06-8286-4322-a2c7-74ec5a8da96a,2026,2025-12-21,7da471c0-9955-4f80-b861-d7753ac5a7eb,2772ac36-c719-4bcf-8a21-30eba79d1c61,-1,0,8.975674523738945,0.830642435921657
6eabc9f8-a946-4f2d-92b0-e502f5b38c62,2026,2025-12-21,e3ccd256-a37a-40d8-b059-aca05f884ee1,33b3ee1a-8578-4f30-9145-044433be9e46,-3,0,14.120662380508312,0.9256046349051307
7418547e-65ab-481b-89f3-7b5019ab90d0,2026,2025-12-21,72aa3e8c-3c62-454a-8f40-09b46ae0cae6,68f6ce17-8443-4257-ae33-1f240c722bfe,14,1,5.753717881322737,0.7291734675326662
7445fb7c-d9ba-4aba-976b-814273ad6d01,2026,2025-12-21,aa07fd1e-a03e-4554-9286-31e09a343db0,cb2346de-1887-4050-8b6f-5480779486c2,8,1,10.995826658978192,0.8871686615008286
758e7d6d-5b2b-4afc-892f-3b63d26ee402,2026,2025-12-21,3ce97af9-70d7-4dc9-b13b-4f4221b9e09a,866586a7-cbbf-44c7-87fe-e9343fef12c8,30,1,22.899625048718082,0.98116898790816
79301d3d-0117-42fa-b93a-56df4affc60e,2026,2025-12-21,65cd560f-8b8d-4b8f-8a2c-2738484621b8,b28075f3-bd4a-486f-b563-0081500049b0,30,1,34.149955540202626,0.9858615731998176
84f773fe-5a2a-4ffd-b79a-b421493b5389,2026,2025-12-21,b9e807be-99ad-41c2-94bc-6049272e3254,3b0fb0e0-1625-4a53-8ad2-e353ec84cb0f,11,1,20.836415068264984,0.9822890043155947
853596bf-0105-450d-985b-a0d7ac3de75c,2026,2025-12-21,976a062a-415a-4be9-870e-c2b6aa726c28,96649453-7ab9-4024-b242-590c57b62ab6,24,1,10.186442987271862,0.8415919031382618
8cf935e0-12c1-497e-86a4-10b78a7bbca9,2026,2025-12-21,124dd15c-311b-4d83-becb-7150d849218d,ea75002f-0c50-4cca-8d60-8926c2f2c077,12,1,11.189178122024966,0.8739630722379301
99deb114-135f-4a65-b39f-d6de0103c335,2026,2025-12-21,64d22a8e-0b18-48ea-a6a3-5619cb8be43e,bcadcb9e-4b19-49d8-a836-b1224d88a96c,-31,0,-10.272686486302094,0.12521666478348326
a79f5fbd-d2a7-4656-993f-147fca16b871,2026,2025-12-21,31ce23c8-e471-4fad-b117-36f72628b875,60686ba3-d38f-468b-ac14-3d7c8518e868,-11,0,2.783632561042439,0.6168813920286825
ac7fa426-6aed-455d-9c81-034dd31172d8,2026,2025-12-21,4ac9a4d0-e97a-403f-b290-b7bf3c0e8308,98674fec-442f-4d8e-bff0-fca634b9ceb1,31,1,18.208711546836412,0.9547278824119807
ad5714d1-01ab-4828-8c2d-b3e31f489f30,2026,2025-12-21,9293675b-8878-4a32-bee5-496b4818dbde,caae45ce-7d6f-4f0e-a536-6d05e2ae5086,7,1,20.08904524995949,0.9665638838669798
ba94c213-a39f-4a6c-b57f-7d0cbbbd351d,2026,2025-12-21,72daa240-1119-4159-899a-d81875c1c916,63c7d34f-6b58-4a80-ae86-320a182ddcc5,8,1,3.6569621526409977,0.6984035029685611
bf03b392-4aab-4de7-8fb0-9dd2699f90e4,2026,2025-12-21,94a323fa-c3d4-4718-a4bf-f6dd1c93c5c9,e694b3cb-eeef-43f4-bada-32dba89664a3,23,1,31.46910217981426,0.9854676430679212
cb92a8f8-2172-4dcc-8d8d-811df752eb46,2026,2025-12-21,afbd548e-958e-452b-ac58-5b58b416aeb3,1caae9e8-45a5-4b50-88a3-e3d388c52d33,20,1,10.188871007676742,0.8686147894095704
ce3d1fb4-54f5-4f07-a2f0-e052ceaa0616,2026,2025-12-21,43edca99-9154-45c5-908b-5e79c98e3147,8d2fde4f-31a7-4491-9fcc-f04ced66e74f,-10,0,0.10178177736691482,0.4933827513160998
d07c503c-2e22-4530-83ef-5b89742cd668,2026,2025-12-21,2232e72f-0d57-499b-a956-680031e1de18,8a24da63-2163-47de-aeff-97b77094e860,19,1,9.68683822860007,0.8520055997037985
d4f17a97-1ee1-4670-a4f2-f7af2aed2515,2026,2025-12-21,a2fd0527-f20a-4add-9101-ff8babf6ceaf,4aa5d0a9-3420-4d4f-a466-17c82d88c482,-8,0,-7.106928291339154,0.26473414411568413
d5f1080d-2d97-45fe-bc3d-4f0d85733eae,2026,2025-12-21,e08292aa-f0dc-4c1f-ac0c-138ec5d15372,9111a425-068f-425e-9467-f3ac4b2781f0,18,1,11.817602244837499,0.8954329873307805
d765e90a-d73e-4493-8aff-9dc9f99eaf0c,2026,2025-12-21,38f31497-065b-465d-ab24-3fa581de1831,6d9c7f06-e309-4b30-a7a3-37783b2b3f26,31,1,30.576574525703183,0.9878823048488745
e0f68348-fb6f-46a7-af45-398955c36b24,2026,2025-12-21,2ad39bf7-6b52-4185-b83e-15dfc5686cf0,cec32a63-a501-4a6c-b2c3-dba31694d2b2,-1,0,-4.574450809301196,0.40429299336545893
e27c372c-833f-4909-a4b0-0ae05d00b6d6,2026,2025-12-21,7cc2bc8e-b314-42a5-81cd-bd21acdd42b2,93de5342-985b-431e-9c3e-515381b67402,14,1,1.7655525027303844,0.5679221256023256
e3f61d66-8381-4f64-a2b2-a2f06d2d36c8,2026,2025-12-21,f497a267-e78e-43dd-9ab3-4299cf11c08e,0c280802-395e-44d4-8c2a-fb539233410b,44,1,21.406118034451953,0.9816040572705811
e526f1e9-711d-4438-b756-11d2543a5ed9,2026,2025-12-21,d9469ea9-44c5-4803-8d5a-39cf4028ea3a,175fb86f-dfa5-4661-89d1-221410e04eec,52,1,36.49472170673257,0.9867431733237109
e8e578ff-c11b-4e28-97f0-48197de15676,2026,2025-12-21,b7139fdd-2b24-42b2-80d8-3cc79042b563,2c2ff68e-eb76-44f0-b27d-9426785932d8,5,1,13.173908032958604,0.9131625285999944
eb65320c-0a8a-400a-90f3-20d65f1dc578,2026,2025-12-21,15e4f40d-8279-4f7a-8095-613e3a6ded31,853ab0d1-c982-4e7d-8187-8600084662c2,13,1,11.022924932490328,0.8867714443962276
f0b52009-6660-4d33-a7a1-39a64ae64180,2026,2025-12-21,2b7eed3d-9921-482b-a193-759486c9b225,4f107cef-d28a-41e5-b9c9-9f537c5a92e2,3,1,0.45694038198862635,0.47442420845258904
f146d71a-c64e-4f0a-8005-cac1b11cb493,2026,2025-12-21,0fcf988c-9b3d-4eeb-bc11-4b461290749a,9a2c2dfd-070d-4aff-bdc8-ea71e1ff510f,-3,0,-1.1392885747931705,0.42474398376506056
f3cff900-efad-47dd-bc98-8f6ff9c499b7,2026,2025-12-21,f37e86a7-66bd-40dc-b008-7a9017dd8f59,e2d3ca81-2525-473b-8700-136b6939d5b4,25,1,16.942954935146396,0.9521421647650888
f4de12cc-ce7b-47fa-a6a8-033dc9aed4cc,2026,2025-12-21,813f7a1c-6264-4e11-88e2-21dcd0072c0a,5f39cc2c-9779-411f-87e9-7702676c6ea8,24,1,25.51240991423601,0.9879497251418793
fa05cc8a-6e7e-419b-8f61-07361ec11976,2026,2025-12-21,3710f3f1-b8c6-4f75-85b7-66deba7d916a,6231ae3d-0d12-480c-83ed-e282959cb8c8,42,1,33.21267507260915,0.9878595139181678
fcd81176-f591-4571-83f7-caf1b858807e,2026,2025-12-21,90df5863-ccc6-4ffe-b441-dee520cc7fed,aa657c8b-9c3a-4727-9d4c-559205be3150,-34,0,-4.140908699029979,0.47882823516322204
058ff564-67d4-4746-97ce-8de7663eeb34,2026,2025-12-22,b58418f4-b3ae-444a-8ada-74ff43e88ea9,6bc5ca07-a958-41a3-8a95-eb5988cd48d6,13,1,25.87262282654442,0.9795410300041496
0b95c7f2-581d-4b36-8e04-30f229a8a642,2026,2025-12-22,e6f966c6-5104-484f-a3a8-a7450aa491ae,1b50e98c-801a-4835-9b4e-b0d563152b2b,27,1,28.377054792395505,0.9847304055258422
15b209b2-7a90-411b-bba9-c10cdd4ddd95,2026,2025-12-22,cc517ba4-b26c-41e0-bc91-66f5ceb16558,0b81f60f-d170-4ec1-9003-5fc16e4afa3d,23,1,15.126049270303334,0.9199851030873267
19bc9c63-7b72-4a40-af0d-a0969946e23a,2026,2025-12-22,a296aea1-d070-4a8b-8dc4-62323ca3f942,0cc86d2a-a1ab-4ebb-a968-3d4011c8d356,18,1,7.358746574514734,0.7658990990673205
1ddbbbd0-fe0f-4576-978e-9e8e238c91c2,2026,2025-12-22,ec98d839-43bb-427e-83c8-d832063ad70d,5e9a1e57-759c-40bb-aac1-6bdb058fafbf,28,1,21.385661219035956,0.9839041391536535
21b4386f-13dc-49f8-b428-90b5d86305e2,2026,2025-12-22,f8a7f441-6bad-4648-bfac-a202788a07f8,8423734f-7076-4655-b3ef-3528aa9176ff,11,1,17.727016807784786,0.9518862505847203
234064ba-bea0-4ad8-b3a0-02a9a32c22ce,2026,2025-12-22,19bed18e-691d-4e79-aeaa-771b745bf2a1,87d79a84-23f3-4e7a-adbf-e627ade400ed,24,1,19.097366656690227,0.9611935561311428
28c37e55-0b75-427c-b30d-ab19838df358,2026,2025-12-22,a4e52f2f-5193-40ce-a997-0e0be093d86a,d297d4f3-0edc-4461-aa7c-7be49fc9aad9,35,1,35.81779213380463,0.9886288532272824
35f79a6c-0ecf-4b9b-9430-142a1ec232ec,2026,2025-12-22,179abcd1-98d5-4dc8-8532-3f8ffee320c5,69288ce9-31e9-4d18-9e18-89226b85a2cf,36,1,33.38377941303899,0.9872721907710578
362ba66a-c550-498b-be05-1fa1308d4de5,2026,2025-12-22,c836e6fa-56f7-4920-86c0-a3d112f21365,81d0a946-6d46-4a7d-88bb-29e19e5f5599,30,1,15.619047855799117,0.9604081796598394
370b39eb-b78d-4d9d-b151-324984730c42,2026,2025-12-22,07f2978d-85d4-4892-8267-e6903cc20f93,3fe51e56-cced-4ebd-bc3f-5269a8690fff,53,1,25.563261134617317,0.9864941817622328
3e735f50-d76d-45db-9705-fec42fbab3fb,2026,2025-12-22,b979de70-af07-4320-9f20-2b9606ce8cd6,f77c8c1a-5fb3-48ef-8210-484010dd5e32,4,1,8.904556728072144,0.7717690760049913
4027ebf3-1155-4c37-92c1-629eaac1a0b4,2026,2025-12-22,a8ebd184-6249-4e7c-8e39-0d8d8249fe41,023093fa-50bc-4974-a6da-14f0e4b070fe,21,1,34.062907160998584,0.9876562319188934
4314c580-9800-4399-a119-262220c1e46b,2026,2025-12-22,8edd905e-18d4-4618-ba73-09af639ca94e,cf602be1-6a27-49fd-9b3d-ab9e31f55454,25,1,25.231209028907447,0.9868465543601082
464645e5-8580-41ee-99d4-5c6debf121e9,2026,2025-12-22,95ff4642-ef5c-46e3-982e-adab9cdca4e5,8c9b2481-8a04-4d21-baaf-cd9add16d15c,21,1,18.75818213297855,0.9441766164678742
4edca5e4-c338-40d3-bd11-997892603635,2026,2025-12-22,54da433c-23a6-4200-94c2-fba0e56376df,69307d4c-6e7f-4329-b6c2-1f3902362083,-7,0,2.337246842226684,0.6134331679715089
5321d4ed-315b-4720-8fac-cf684cb6cc5c,2026,2025-12-22,2772ac36-c719-4bcf-8a21-30eba79d1c61,1999688e-7015-4a04-8450-734eddcbcfe4,-19,0,-13.946556334593824,0.07178403023427153
5b253ccc-d004-4226-b542-b32132c9ddb2,2026,2025-12-22,e30dcda9-70a8-4f5e-a91a-5eb2cf1e2c36,8b53b385-4f61-4998-bac6-527e69c1fd6d,25,1,13.301963307379795,0.9137893439336439
5d19b0d0-65a2-4e0e-8f7e-18de76b88dd2,2026,2025-12-22,b5111a29-5c09-4364-809c-3686a2b45d1f,e088b1fe-16ee-4cf1-baaf-6ce4139f13df,5,1,18.19837027150137,0.9598707552473937
5db69c72-80dd-4ad7-a646-8413da481d54,2026,2025-12-22,d1623d0a-64d7-43e3-9f9b-36356767823e,e4afe8a2-8546-4df5-b5e9-cd85edc8fc62,30,1,33.20912936779243,0.9886922280922774
5f8cd2b1-634c-4be5-acfc-ae51c0c45b84,2026,2025-12-22,f945abf6-7dca-4e3a-b475-bceddc534fb9,79116858-d6a1-42d4-bb91-450b44d1e6b4,44,1,25.792858882515986,0.9849948323888872
719ae894-8d4c-48d0-8847-c368cc97aaad,2026,2025-12-22,31ca13c7-e30a-4d9d-a3a8-5197d5e4342a,6f01f32e-67fa-44c7-8440-24a263829a82,8,1,12.884062153976526,0.918261129557347
7a87d2a6-d7a9-452c-ada1-7662c9d6b929,2026,2025-12-22,f1d6ac08-ce96-4b53-aaea-ae291068cf23,a76e8585-9bd8-4efd-ad05-93baa5c91a75,-6,0,14.015840482401659,0.9120630200760036
7ad709a5-9f09-4e51-aae8-b9f5e50b61fd,2026,2025-12-22,af95ca9e-8a2a-4b22-9bb2-584162eb57f0,6a5388a0-3d9f-4fa4-b592-775b2c31e741,-5,0,-11.9681264822243,0.09501635803225501
848e0536-dac4-4502-af80-a77f312833ec,2026,2025-12-22,b468e5c1-fd80-4c61-8545-54a03c959ff1,2a5848e9-342f-42cb-84e8-90f6f573bc8a,29,1,28.197858411106687,0.9853206771541935
86c5b934-d79f-47c7-8333-4a25cf2c4056,2026,2025-12-22,94d2459f-8edb-4281-8038-8b2dda825fac,9c03bc0e-03a6-4b67-a95d-bb653d5afc1a,14,1,30.192689289264774,0.9839648279219573
8f957ff1-62f4-4713-b872-7b3718f10af5,2026,2025-12-22,8921f536-d6f1-4d5a-b369-5dfb136e1717,083c67a8-1a0e-42e4-b3e0-c3872a10d8c2,46,1,26.61067310169885,0.9870945295799206
91c1dd99-c2d3-402c-8aa9-d20fb591f971,2026,2025-12-22,7da471c0-9955-4f80-b861-d7753ac5a7eb,2390b5f2-24b9-453a-b023-e7b36da375b6,10,1,-8.301806065060854,0.2309823922335819
a77b0220-9a97-440b-a407-612a6e446aa9,2026,2025-12-22,d3445fe1-27cc-4d88-b2df-6ce2afe13156,d6a99784-3b3d-4ae0-a5c1-6689f04c9255,5,1,7.21532729451024,0.7704843121733774
c9733bf1-a350-483a-86f2-4ad6725ea034,2026,2025-12-22,ed91598e-8b89-4385-bc40-49721b8aedd0,9c60e9b3-29b6-431d-92e1-307e1c2f1c15,12,1,11.596088791828999,0.8459424642391792
ce968d37-7859-4445-89df-f5da0a6a21b0,2026,2025-12-22,113c0c3d-54d6-4c64-b168-7ea3f3c20e76,0ec33aa5-020d-49e7-ac6a-2ee825d15102,-12,0,-5.204103919240967,0.33194521014901673
cf0d138e-cdc4-428c-84db-fdb4611bdf1d,2026,2025-12-22,ba89a28b-4588-48cf-be7d-683d7eaf21d0,534c782f-f9f8-4d61-845a-76e90b321da3,18,1,17.434935647160568,0.965591790932105
d18d1e09-29be-45ee-bd58-c374e6fa9f87,2026,2025-12-22,bd78de3d-6129-4bfa-8203-6ad7e79b5e54,fff30549-83b5-4c44-9f3d-444f65ede45f,43,1,22.215825613886604,0.9786949795350735
d627f48e-f74b-415f-a42b-b4f2f2bca7ac,2026,2025-12-22,fdfebc81-138f-45de-ad5a-cdb4c98c5dc1,a8b565bf-c152-4fc8-86ac-49c71bf2fc1d,29,1,24.778999772600766,0.9843724851833097
d963ede1-da58-45a7-baea-899fba1002a1,2026,2025-12-22,9f15591e-786d-4c01-a688-1272fa1c111b,6833b588-1856-4519-a296-afd069ebabfa,29,1,11.59176595690211,0.9025691336891278
db22fd60-8694-49f8-9e6b-b5d1add0f93c,2026,2025-12-22,51b50cb5-097f-453e-99eb-4175d27ed1bd,2780a057-59e9-4719-9190-6a16ecffbaba,48,1,23.097066398667845,0.9840090382986535
de260784-a169-448a-b461-4fee2d419954,2026,2025-12-22,69001211-8ae2-4829-9746-40b6a0858890,b81dac67-4cc4-4d68-b327-0ecd77fe056e,23,1,30.82079554718611,0.9862777314710192
e8e47a9d-c057-48e1-addd-cf2778e0cb85,2026,2025-12-22,29ca4fda-da79-4d21-b2a3-a87a25d02733,47407d60-8e46-4d83-bf47-4b7ef8576ebc,21,1,18.23371695115173,0.9641990460103802
ee83082a-a756-499b-8899-8d402b7405e6,2026,2025-12-22,60185dec-e78c-4750-a32a-2162e22a166a,c155c6af-1897-464f-ad91-10b605e5eb7c,44,1,17.51829094502715,0.9603596729995157
f0684c54-ccce-4124-88f6-5a3a668d2d95,2026,2025-12-22,2a453d52-4fcb-44e2-84c8-d2c1f91eccf1,47c889b3-c1a2-4035-ab56-edaeee3a3c86,49,1,23.96659852286358,0.9836002798616351
fb92e98d-eaab-4696-8278-7f9f04b9540e,2026,2025-12-22,fe6d6aa2-4515-4014-88ef-eb2bd91e54fa,d5485362-65cf-40d8-bd4e-d8c6c4613f82,6,1,6.133472266119441,0.7208834369341549
fe24b069-28a4-4ca4-a506-b1f9d40020ab,2026,2025-12-22,557c7aed-66c7-4dde-aef2-6dc573ec91e7,9c37b6c6-f9dc-49e2-a128-2681c0df2bf8,-3,0,-14.262347800571137,0.07917969859086829
2cff2061-aed6-4c59-8d2c-35bbdab37f18,2026,2025-12-23,03914b2c-1603-4f8d-95ae-9f80025284f2,866586a7-cbbf-44c7-87fe-e9343fef12c8,27,1,18.69356158716621,0.9699409750224464
33a1131a-337d-4470-9095-58e5411c4cf0,2026,2025-12-23,364c8255-118d-4dcd-aa72-a62621e3aeb6,428ae1bc-1e48-41c7-b7f1-da980b8a18b8,32,1,25.77879495472859,0.9822055691377001
4c4a0d9f-b512-45a9-b786-68c44167452c,2026,2025-12-23,d88ac8c9-9fc8-4e76-9426-cf44fe70db47,13fa8aab-518b-46ed-be28-b5c24acfa430,26,1,24.723221012268514,0.9797509319493959
61da62ab-063f-4fc1-9dd5-270530b0be3a,2026,2025-12-23,32d092aa-6752-439b-89e2-6538ab8523cd,5556385d-827a-48ff-a603-cddd42d7d7f3,23,1,6.088905067109891,0.7241913850837889
6b8958eb-1907-42ca-beb3-3c2c1367ad06,2026,2025-12-23,bf002b1c-e14e-48a8-9c75-d70de0b2a31d,69c2db2b-a8d1-48d3-89d0-ef9669af0b7d,5,1,9.996281911802853,0.8277484106542953
934bc7f8-5e56-4996-be5a-2e78961c8d81,2026,2025-12-23,cee4e9fb-16d1-4b9a-bbeb-6f26c9d5c340,62c7a397-21d6-4b22-9b24-ba5a29ee8771,14,1,31.744779858552782,0.9817137333974704
9f5c00ef-a853-4989-920f-c6df7aabd269,2026,2025-12-23,6265a954-0017-44e5-bec7-cdb2fcc8f527,694c9825-86e3-466b-9eed-01db85397149,26,1,26.85429165449072,0.9796132998756598
a4cbd291-e833-4ece-b925-a3ccb03b2ff4,2026,2025-12-23,160d00cd-1792-45ab-a465-c2d2dcdcab1b,9a2c2dfd-070d-4aff-bdc8-ea71e1ff510f,1,1,-8.518052563462025,0.17415503172873328
ad6bb7c4-32f3-4162-99aa-2fbf5dfe528b,2026,2025-12-23,87526af4-8053-4a04-978d-c8209eb24368,5cf39234-dfea-4208-be18-092f71c2f05c,10,1,7.900785433469493,0.8066404079942836
c1275756-5993-4423-8fc8-5d654fd1c7dd,2026,2025-12-23,8da08445-76e5-4e98-be98-4f101d670980,85b4dcda-76c3-41e3-ba40-71e093a8dcd5,5,1,9.93400064816231,0.8286988566842254
e421e249-96b8-4ca0-b850-9660c73741dd,2026,2025-12-23,ad6d1a77-a3c3-4d10-9a5d-52b851597e67,e80d2384-bdc2-4f58-b09a-284a659a4d81,-8,0,-1.950588343775949,0.38774158026393524
6422dc87-8a77-420e-bc4a-2e919932ef03,2026,2025-12-27,28cde209-3ae8-4939-9d83-2a6d645d427d,ed91598e-8b89-4385-bc40-49721b8aedd0,8,1,10.966560218394292,0.8835217893959946
09825980-481e-4a95-9441-17485d2c45be,2026,2025-12-28,9c37b6c6-f9dc-49e2-a128-2681c0df2bf8,3ce97af9-70d7-4dc9-b13b-4f4221b9e09a,-8,0,2.435182858971633,0.6221681723783066
3cda53c7-729d-473f-acf6-f7f22f6a4c79,2026,2025-12-28,81d0a946-6d46-4a7d-88bb-29e19e5f5599,15e4f40d-8279-4f7a-8095-613e3a6ded31,12,1,-0.8516875163789177,0.44445921057936905
59ed8fed-70c5-4772-a842-08d9cc0bdc43,2026,2025-12-28,03914b2c-1603-4f8d-95ae-9f80025284f2,d3445fe1-27cc-4d88-b2df-6ce2afe13156,-5,0,-12.337525417458645,0.12044161283201694
7fc4c7f5-ad84-4a91-9ed5-b1ade4d88ebc,2026,2025-12-28,57d94665-96b0-49e9-ab6b-a7cd6a1492d0,94d66457-cf10-4bc2-b52f-faf466454856,9,1,24.708331218575108,0.9847160968929153
8de6f7fc-c7a3-41e2-9a84-52f70a8b65ad,2026,2025-12-28,508005ba-15a8-426a-997c-b0e36e4e6b58,9111a425-068f-425e-9467-f3ac4b2781f0,-8,0,-8.635485465849124,0.1524938209087249
9185eba4-725c-4aa2-bd07-f1e8f9083ca6,2026,2025-12-28,e41ccbd3-d51f-43e5-b037-4cb81b41b713,2d467e3e-e5d9-499c-a1ed-225d0c3ae91a,-38,0,-8.443503299960632,0.15026639186053165
9d1fc6ca-0fb8-4b10-b760-ea11609abaf5,2026,2025-12-28,0cc86d2a-a1ab-4ebb-a968-3d4011c8d356,0792fde4-bca8-4a47-9b76-8d8191a2ac93,-5,0,-1.8909135465017763,0.48601503562939474
abd01a4c-bcec-47dd-90a2-ccd01758ad76,2026,2025-12-28,ed01ba53-c6ff-488f-903e-9b348a195c03,592b259a-709d-44c7-b547-07d6529132b5,-3,0,-2.3771898978061934,0.4263513584758182
b8e680b5-65ae-4d2c-840b-cf617e4747e5,2026,2025-12-28,dedb794d-6852-4b7b-904a-15cd66966a0a,86dd8d64-758b-4592-8af6-2536cef92fc1,15,1,8.905999938892712,0.8520809095673191
cc294eda-e978-4672-b11e-6bbbd3c31010,2026,2025-12-28,c5d35bbc-89d4-412c-8778-037158252c91,788df145-b514-4ea4-9ff0-bf2399dc7898,-5,0,11.777288437844764,0.9050524980934072
cdc316e6-cbc9-4a5a-bb35-fe513beb17f3,2026,2025-12-28,b28075f3-bd4a-486f-b563-0081500049b0,13fa8aab-518b-46ed-be28-b5c24acfa430,-9,0,-2.816269750539224,0.4118539179455393
d881124b-46b3-492e-9821-fe044c4029c1,2026,2025-12-28,968fdb79-e800-43ac-b93d-53a22dee3a03,9eea7343-e29b-42cd-8ec7-ccda00c95536,-40,0,-22.29696205063315,0.03739772078694116
e44707f2-c5ca-4371-835a-311125fec180,2026,2025-12-28,fbbdc24a-ba43-42e2-afcc-a328f0d9938a,39c61fcf-89b3-4523-aa61-7e031fae7e9c,23,1,22.48528698410036,0.9800049888632886
e586a482-bf9c-4bea-b5fe-6db53247b5da,2026,2025-12-28,edb2bfd0-017f-4df2-b9c6-d8dcacb7e929,7dc3e262-ccd4-4c87-8617-0ca6e819757f,30,1,20.748251326434275,0.9814394800826642
f2cd34a2-a922-4f88-baa9-1a7ebd03637e,2026,2025-12-28,9293675b-8878-4a32-bee5-496b4818dbde,1ac6eb65-663f-4f4e-b7cd-bcc9ec53efe0,4,1,4.089259031189888,0.7117051086143289
fa20e616-5a0a-4bd8-a205-767cd9db086b,2026,2025-12-28,195e638a-72ed-4f19-a47f-232630307034,63c7d34f-6b58-4a80-ae86-320a182ddcc5,-5,0,7.3306942923164735,0.7917416441090688
fe4b1635-f351-48c2-a317-ae95e35362ad,2026,2025-12-28,7b637d45-2602-47f9-bf37-40d1043643b7,2c2ff68e-eb76-44f0-b27d-9426785932d8,47,1,18.777009251388932,0.9740657760328948
fe50c711-4325-4f4a-b181-5cab70273768,2026,2025-12-28,d1841f3d-03f4-419e-bedf-c218d150aa9f,5f39cc2c-9779-411f-87e9-7702676c6ea8,24,1,14.807432732200443,0.9434956961207925
fe5e1d5b-34db-4d13-880f-56747fe3445f,2026,2025-12-28,34176634-892e-43b1-917d-cc003f8b9c03,2772ac36-c719-4bcf-8a21-30eba79d1c61,9,1,6.681527390108565,0.7642791866594243
0265d7a2-5357-4c4a-a3fc-3e1aba007c08,2026,2025-12-29,66d6cb28-25f0-41bc-9fb1-d15a6dfca6ac,81e6f1a5-d8cd-43bb-ac87-6c20719f72f3,7,1,2.5108032938264886,0.5647970056083316
0dfb74ed-3e28-4f1c-919d-44f1e9fddae0,2026,2025-12-29,c836e6fa-56f7-4920-86c0-a3d112f21365,b86cac40-e643-41b0-ba96-76ef03712c8c,9,1,12.246197285016446,0.8979596842119787
0f450106-3269-45c8-ab09-b188b9a2e602,2026,2025-12-29,65cd560f-8b8d-4b8f-8a2c-2738484621b8,523dd055-c2af-425b-b849-f05ced2ae52b,22,1,34.54428490092599,0.9870438533511541
1059b950-9f1b-4f3e-9440-61698180bab3,2026,2025-12-29,e23a2171-157b-49cb-bf14-34996402c465,4d6c2d4d-b59a-44c3-826e-03e969153794,-5,0,1.943324348647084,0.5823195229121049
11be8edb-a762-4a86-a5db-a79f665961b0,2026,2025-12-29,e4afe8a2-8546-4df5-b5e9-cd85edc8fc62,e2d3ca81-2525-473b-8700-136b6939d5b4,-34,0,-17.774142154303657,0.045978583844155096
15328136-1fe3-47c7-9932-eef2798aec41,2026,2025-12-29,567fb73b-73a0-4437-a1ed-314d40d93e6f,8423734f-7076-4655-b3ef-3528aa9176ff,17,1,23.656308664445067,0.9807660347979391
1c2fd429-02a2-436a-a21e-5233d9512d16,2026,2025-12-29,bff1b03d-2382-45fa-a062-45884591e89a,65457ba7-a038-4a4b-bb9c-249804bf4db4,-15,0,-1.9428431268067614,0.3528804855073263
1c994a20-7100-4e1c-8e81-7f0702829f9d,2026,2025-12-29,d783c621-0bb0-477b-8bad-8785e9451e21,82ae3098-41a3-4c5a-92a0-aa7a592b5f7b,9,1,27.08719508772277,0.9840927114154471
21429ab6-cda4-49a8-9fb0-cc1eac8329d5,2026,2025-12-29,f8fb3b2e-223b-4478-a029-9c1209865bdd,8af24be9-3bcf-49dd-8a7a-9a412402712a,3,1,0.7211780078559277,0.4684572550543921
29bc88ee-f1ba-44c6-929b-9e77c1b2bf22,2026,2025-12-29,aa07fd1e-a03e-4554-9286-31e09a343db0,32d092aa-6752-439b-89e2-6538ab8523cd,14,1,9.141025829736726,0.8552119628120753
2a036196-9f72-41ad-ab14-8e952c8daeb1,2026,2025-12-29,023093fa-50bc-4974-a6da-14f0e4b070fe,71e0195c-db7a-4df0-b519-17d796d8957c,-3,0,0.21821175740723553,0.5585160657475989
412344df-bc6f-4a74-9c76-e758716bcd49,2026,2025-12-29,fe6d6aa2-4515-4014-88ef-eb2bd91e54fa,beb97225-0e05-4be0-acb0-2fdc74f6dab4,15,1,2.475586412954425,0.651949299367359
4613ac90-7bda-4ab8-82c6-2adec05fc658,2026,2025-12-29,c4fed5b1-14eb-4033-8832-59e6c0004cf0,2ad39bf7-6b52-4185-b83e-15dfc5686cf0,8,1,13.936647031909345,0.9395665492966996
48e6e8ac-a1e7-4c95-91be-e266f9114b68,2026,2025-12-29,d6a99784-3b3d-4ae0-a5c1-6689f04c9255,a01ea865-0b00-4f54-90fd-8674ed23cf26,10,1,12.206175899825313,0.9342689873838381
48fc358a-dfb4-4b53-ad03-4285bd941b4b,2026,2025-12-29,b9d6eada-8645-4be8-9331-81fb5ab905f8,6f01f32e-67fa-44c7-8440-24a263829a82,12,1,3.5999498588678573,0.6198074437566025
49aef5fe-0cf1-40d4-8b76-e3b2638a96db,2026,2025-12-29,1caae9e8-45a5-4b50-88a3-e3d388c52d33,9b933a83-ef6d-49c0-ade8-facfdeda3183,1,1,-4.849303958981942,0.37576122799224926
4aa5a813-0c87-44d0-9a36-1789ce596217,2026,2025-12-29,977af06b-e276-4d26-9f4d-4b3c41c67885,67bb6cc2-0917-4bf3-ba89-bc624925b956,29,1,24.28822896244182,0.9852849570967305
4c606135-dc04-4380-86fa-b401248a01ba,2026,2025-12-29,4f107cef-d28a-41e5-b9c9-9f537c5a92e2,acbf5eb9-3a63-471d-8199-6067f912deaa,27,1,19.972095470042188,0.978261819717359
5a1ddd40-c9e8-487c-bfd4-8c68cf67a020,2026,2025-12-29,5a3e7af6-53d5-4398-8c0d-97e0d9ac977e,4aa5d0a9-3420-4d4f-a466-17c82d88c482,17,1,26.614022972743953,0.9807918355570941
601490ef-052f-4ea0-ac27-a59e11befead,2026,2025-12-29,0ec33aa5-020d-49e7-ac6a-2ee825d15102,d9908b15-814a-4283-8513-0d0ebd2430f8,-6,0,3.7870083312642775,0.6560218475004909
6106a844-97bd-4977-b886-7040544d83d9,2026,2025-12-29,b7139fdd-2b24-42b2-80d8-3cc79042b563,69288ce9-31e9-4d18-9e18-89226b85a2cf,26,1,14.492105403464052,0.9483085179183272
61736152-2e67-460f-a433-7bb7b5f0bc77,2026,2025-12-29,6b34a383-3696-47ff-99bf-1b690f616a28,7da471c0-9955-4f80-b861-d7753ac5a7eb,12,1,7.612708101595967,0.8335214340868171
6a4a9f4d-d6be-4ed4-98d7-193b70e88f04,2026,2025-12-29,d9469ea9-44c5-4803-8d5a-39cf4028ea3a,26a9b9da-a6e0-4e12-a95c-e1e51e72fcb0,41,1,27.544709784922375,0.9835734547841369
6b86eb5b-8716-427a-a77c-fd414a61ebd5,2026,2025-12-29,a544a5d0-4cd1-4756-b079-30a9a7905cd0,0cc7096d-eb8d-4e4f-9906-93bf951805c5,41,1,24.947588712384245,0.9829772162382635
6d115c46-00eb-451f-8e00-d15ac8a946ea,2026,2025-12-29,b655e208-570d-40cb-a275-91f219da9058,31ce23c8-e471-4fad-b117-36f72628b875,-2,0,5.113659961811423,0.7157062857660917
6d851ec4-06aa-475c-b48f-d0ec94370214,2026,2025-12-29,b9e807be-99ad-41c2-94bc-6049272e3254,ea802991-74ac-4210-b3cf-e4a4c4006e76,24,1,14.02509598846383,0.9110594438821844
6fee79f3-63f5-49ce-b763-53d1080b9584,2026,2025-12-29,8b53b385-4f61-4998-bac6-527e69c1fd6d,d5861555-455e-464c-919c-9e6b99ce4495,-8,0,-8.144594612161669,0.1922306561710007
725d0d45-4ce5-4662-8c05-93d5240a3e05,2026,2025-12-29,2f197fca-5329-4606-8c7d-9bf31ea65732,3b612ea1-b264-4279-9f72-b45216bfea4b,11,1,-2.2228320460596303,0.48598988703928553
76d6be53-782d-4513-bad6-aef41bbfdef4,2026,2025-12-29,3d8fedb9-0847-4666-82df-5f520b704ff4,9c03bc0e-03a6-4b67-a95d-bb653d5afc1a,29,1,29.76251519696259,0.9846392489451117
7c1f6088-dd3a-4fea-af87-1dcdcbf7fea2,2026,2025-12-29,c68084a8-36ec-4f0e-963b-561f5ea2c46e,37789002-2f1a-4a5c-95f5-a4f487f719ac,41,1,17.54608167508802,0.9708647805530125
7cb194df-41d3-4f2c-a06e-c7b2a198d1c4,2026,2025-12-29,cb2346de-1887-4050-8b6f-5480779486c2,2232e72f-0d57-499b-a956-680031e1de18,6,1,4.344020926958119,0.6724542393900178
82737c58-0858-4817-8ce0-c17b7fa3ed90,2026,2025-12-29,bd78de3d-6129-4bfa-8203-6ad7e79b5e54,0c280802-395e-44d4-8c2a-fb539233410b,35,1,37.4795751473006,0.9874435472720079
86d4c35f-a46e-47a2-9e50-f1ade98c6e32,2026,2025-12-29,31e4ae86-a8cc-4aee-986f-71aa76fea354,8a24da63-2163-47de-aeff-97b77094e860,3,1,2.2687767859194232,0.5535474400398785
8d26838a-aff2-41e1-a409-fecbe8a56f9a,2026,2025-12-29,7a2ae4f1-b509-40e8-b553-cbea5aabc4be,163cfcfa-5213-4025-8eb1-dd67b17587f8,15,1,25.270818294268786,0.9831918562662912
8f8adbba-054e-4570-a88c-815f75a5a77e,2026,2025-12-29,fb351878-91c8-4144-83c1-92f166d447f9,64d8d377-0ced-439d-a3a6-bbf2100037d9,-16,0,6.6977195758726396,0.7321325382328174
913a1e05-38e8-42f4-b758-e3b077c3d224,2026,2025-12-29,bcadcb9e-4b19-49d8-a836-b1224d88a96c,534c782f-f9f8-4d61-845a-76e90b321da3,43,1,35.50102147690388,0.9859732090112258
918a18b2-f5b6-4fe1-97ce-802057874227,2026,2025-12-29,94d2459f-8edb-4281-8038-8b2dda825fac,3ce22877-c834-4b53-aae8-5129d36175b1,28,1,15.557497269828037,0.9498126253002298
9a2bd6e4-9243-4552-8d7a-5795b254c203,2026,2025-12-29,813f7a1c-6264-4e11-88e2-21dcd0072c0a,517665d2-60c6-44a7-a80b-78212cfb2db3,51,1,30.641549188410828,0.9878673879184596
9f926b2e-7be9-42ed-85a2-84b5cae19faf,2026,2025-12-29,07f2978d-85d4-4892-8267-e6903cc20f93,d297d4f3-0edc-4461-aa7c-7be49fc9aad9,24,1,36.78110797130576,0.9876873055125828
b37fd017-1ea6-488f-b05e-9cf8341493f7,2026,2025-12-29,179abcd1-98d5-4dc8-8532-3f8ffee320c5,30dcebf9-dcff-4743-a05a-d994a902866a,28,1,32.96428878552112,0.987546107777134
b45e5430-b7c4-4974-80e5-21fb4775d7f3,2026,2025-12-29,60686ba3-d38f-468b-ac14-3d7c8518e868,a40a35e7-bb78-4848-a0a4-11059f3caa39,9,1,6.158765143336663,0.7233404750462774
b4d6f4ce-53b6-4ba0-88d0-0b93c230e152,2026,2025-12-29,0b81f60f-d170-4ec1-9003-5fc16e4afa3d,6c5e0081-14ff-4e1b-829d-a107919bc58e,14,1,7.977239729869921,0.7980644697294191
b4d93921-4e35-4a9e-b174-ea4ad9d73241,2026,2025-12-29,8d2fde4f-31a7-4491-9fcc-f04ced66e74f,33b3ee1a-8578-4f30-9145-044433be9e46,22,1,1.5394980110216434,0.6047400485552887
ba140c69-580a-423e-a9c9-b63ca80610d7,2026,2025-12-29,38f31497-065b-465d-ab24-3fa581de1831,20bb1fdb-2581-4660-92f8-ad08c3a60acb,28,1,32.4558485011724,0.9882290371899262
bc8b77a7-7b5a-4d33-8640-9097027afbe0,2026,2025-12-29,43edca99-9154-45c5-908b-5e79c98e3147,6bc5ca07-a958-41a3-8a95-eb5988cd48d6,13,1,3.5058734508829517,0.5334871557185676
c2acad1c-532c-41c7-8fd3-6e60a4fb0734,2026,2025-12-29,cec32a63-a501-4a6c-b2c3-dba31694d2b2,afbd548e-958e-452b-ac58-5b58b416aeb3,-17,0,-5.4583905991996176,0.293083846941314
ce281d5a-0911-4749-bd09-4dcce3e2e294,2026,2025-12-29,de4b950e-313f-4eed-9fbe-0a05201376d1,8fc903e0-95d5-42fe-8972-bae53e4456a2,-9,0,-11.155423470755332,0.11871203012763992
cf09cbaf-512c-4b57-8d5b-0504153200cb,2026,2025-12-29,b468e5c1-fd80-4c61-8545-54a03c959ff1,61080933-9c42-4844-9cd9-7cfbcb9cf94a,15,1,20.155016632797267,0.9717306846145023
d6f694a6-9ae3-4d20-a205-2bda4e51981a,2026,2025-12-29,cb1b95af-f118-4a94-a324-d05b88869a43,b2c3c0ff-6592-4132-b527-e3784532b0a7,7,1,1.8954852134650804,0.5841615264471441
d753af54-b646-4fb5-833e-bfbe285e5cf5,2026,2025-12-29,93de5342-985b-431e-9c3e-515381b67402,aa6e74ec-70a8-4e02-9b58-0e0e886cace2,36,1,30.565925670555423,0.9862748018481662
e1e1550c-dda1-4d5f-af99-040db4df53c9,2026,2025-12-29,1aa7f46f-1a21-46c8-a8b8-ee19ee4b1e6e,853ab0d1-c982-4e7d-8187-8600084662c2,-5,0,6.644657188351566,0.7438786134149623
ea80842d-cae7-4814-8ad3-4f5acecfbbc4,2026,2025-12-29,4cc6318d-53ba-46a4-90a2-0714f3d5dc14,26fd3855-d3a6-4b79-a7b0-559b447f5e6c,-27,0,-16.22419462314682,0.05975678242315357
ec437dd3-0138-49a4-81e9-82a174a9f214,2026,2025-12-29,90df5863-ccc6-4ffe-b441-dee520cc7fed,e672d935-837a-44a6-9e69-a25859488a24,23,1,17.88497927972651,0.9586881807794972
ec56afc4-3315-47cb-8521-09b0fa4b5170,2026,2025-12-29,6eed5456-f1b2-4e4b-966f-71949e9d90ed,ea75002f-0c50-4cca-8d60-8926c2f2c077,28,1,32.6389989091518,0.9873181746791565
f28cf1cc-ee8b-463a-8d2d-502814d20970,2026,2025-12-29,5c7b85b4-380b-4ce3-bbc7-e0b1ac767c3d,bf002b1c-e14e-48a8-9c75-d70de0b2a31d,-18,0,-1.3317956602141936,0.48309549113137223
f7620dd1-bffd-4849-b7b0-2a17b2729823,2026,2025-12-29,ed251b78-3a68-4e91-b25d-08ef8bc8face,e30dcda9-70a8-4f5e-a91a-5eb2cf1e2c36,14,1,3.1925253008167864,0.5849872008259419
f94510c8-d5d0-4488-83bc-26609bbf1e15,2026,2025-12-29,c8280280-8b91-475c-9d30-faed3dc9ec3e,c369d8ef-4098-4425-a977-6cf0605ab931,-4,0,5.731162491638471,0.674514338018854
059ae8c7-7067-4d59-b9c6-912e1ffb61b0,2026,2025-12-30,e08292aa-f0dc-4c1f-ac0c-138ec5d15372,eaa03f66-f667-48c2-9f30-ccce38d89e56,-20,0,-8.869017548632144,0.205815444089982
05f79bb2-82c8-4890-8c69-c4a2d6be4a8d,2026,2025-12-30,94a323fa-c3d4-4718-a4bf-f6dd1c93c5c9,b7591c8b-00fa-47a2-8280-adf031b24a4f,31,1,34.39895190608279,0.9887742545940841
09958c40-365b-463c-9d63-762c91a5f94d,2026,2025-12-30,51b50cb5-097f-453e-99eb-4175d27ed1bd,19bed18e-691d-4e79-aeaa-771b745bf2a1,13,1,9.496490059919845,0.8418848281760961
1629d87e-26ee-44b9-a7ed-0d25c43888cc,2026,2025-12-30,81d0a946-6d46-4a7d-88bb-29e19e5f5599,9eea7343-e29b-42cd-8ec7-ccda00c95536,-6,0,-22.84874255200662,0.03752965214231167
19afe0c5-cf35-4c9f-9b5b-9d6d8d4ddf3f,2026,2025-12-30,c64c255f-43f5-4a08-99f3-222dd9aa0731,f598c6c5-97cc-41a4-83b2-84f08d3397f9,-12,0,-11.990508644828116,0.09625186456218594
1b7834d3-d84b-4d4d-87e2-1fd892dc9a98,2026,2025-12-30,ab2292aa-bfd3-4e49-a17a-cf970962e75d,b979de70-af07-4320-9f20-2b9606ce8cd6,-3,0,3.7941913493554087,0.6407143783327697
1dda88f3-d766-4aff-9bc4-5c36280b40fd,2026,2025-12-30,032eda63-2e4d-4c72-8c92-51b97442dea9,be625a9e-aede-4fb2-98ad-3c0baa02528c,-13,0,-7.178861137953177,0.2355612717248607
3b48274e-d660-47f3-9a28-098e6a1c8a03,2026,2025-12-30,5e1572de-c2e7-4a5b-a605-c095da467409,ad6d1a77-a3c3-4d10-9a5d-52b851597e67,-6,0,4.362221801451877,0.6638842537372287
489ec80d-5f4b-4c84-97c1-dbb3d312f108,2026,2025-12-30,d5485362-65cf-40d8-bd4e-d8c6c4613f82,62093611-a202-4f7e-8d13-ed4c5498a9c1,6,1,-0.020462122802422024,0.5022061020591386
4ba541cb-4c4d-4c48-a0b4-88f5c9447d24,2026,2025-12-30,976a062a-415a-4be9-870e-c2b6aa726c28,95adaebe-3c7d-4cf9-9380-e96c95761e6a,9,1,2.4423364516236803,0.6187824829242402
4fabcfeb-bfff-4e9e-a6a8-91f90ed3ad33,2026,2025-12-30,b678d94f-1147-4cd8-b221-3155893eb1a9,5a925022-39f0-422e-a9c8-efba8cab8218,20,1,12.86056639177039,0.9122122720355108
673f2e94-2777-41e9-b720-543cc9ec9e1c,2026,2025-12-30,28cde209-3ae8-4939-9d83-2a6d645d427d,e3ccd256-a37a-40d8-b059-aca05f884ee1,-7,0,9.294839267588378,0.8248837086801016
6ce8e9c0-250f-479f-bf66-5dac1a937b52,2026,2025-12-30,cc517ba4-b26c-41e0-bc91-66f5ceb16558,2a453d52-4fcb-44e2-84c8-d2c1f91eccf1,4,1,4.015679871454232,0.6638995775792889
86891b21-2d16-41e0-8313-04c4643d2cc3,2026,2025-12-30,8edd905e-18d4-4618-ba73-09af639ca94e,a2fd0527-f20a-4add-9101-ff8babf6ceaf,29,1,24.850757293566044,0.9820404923265502
94e76f28-b41b-4e59-8572-f93f3424acfb,2026,2025-12-30,076baa43-c839-437c-8a6b-5074277599df,aa9a338c-8749-42c2-8655-1caa89068a61,-9,0,-7.015472029727344,0.2260964888082266
9be90df7-2a52-4e44-b6eb-04443c6c0298,2026,2025-12-30,1ed24078-84ea-4147-b356-c8543c93aa1d,711ff92d-65bd-49a4-abc4-7aacd8c11f9e,-10,0,-1.2354543031777572,0.4269357234744005
a4b536e3-356c-4ca3-82b4-8df1232d5775,2026,2025-12-30,9c37b6c6-f9dc-49e2-a128-2681c0df2bf8,0792fde4-bca8-4a47-9b76-8d8191a2ac93,14,1,3.1933698223517037,0.7343628329440026
a63386c9-f478-4e1c-bd29-2b81d58487fe,2026,2025-12-30,18b86bee-6b10-4c86-95ef-959dd2d80cd5,023d3704-bd8d-4c41-a3dc-e747ba7ed642,5,1,12.148580225105274,0.8950405400825536
a86c305a-3355-435a-b67a-fd345dc57909,2026,2025-12-30,1b50e98c-801a-4835-9b4e-b0d563152b2b,082024ec-29ae-4a22-8851-c5373988f9bd,-16,0,2.252334140999818,0.6336785573755781
ac1fcfa0-c5ba-4bb8-972a-797d8a18ec63,2026,2025-12-30,1ba8fbd8-4401-4226-b1cc-82e937c56657,0423c35a-c25a-42a0-a0da-e1918c78cd5f,-13,0,2.995743624530872,0.5796664692254777
ac8a4e29-4f63-4c78-8802-26a6c6c94476,2026,2025-12-30,0cc86d2a-a1ab-4ebb-a968-3d4011c8d356,2d467e3e-e5d9-499c-a1ed-225d0c3ae91a,-7,0,-12.689258055746672,0.08016915760769228
afaaeb34-4501-4502-9ee1-f4be33c5d63e,2026,2025-12-30,3710f3f1-b8c6-4f75-85b7-66deba7d916a,cf602be1-6a27-49fd-9b3d-ab9e31f55454,51,1,38.04292489366123,0.9887593180776935
b239c115-6fb7-4e37-bf35-a02f8c46945d,2026,2025-12-30,d1c3793d-80d2-4adb-98a1-ac3c584bb64b,aa657c8b-9c3a-4727-9d4c-559205be3150,7,1,12.081993305583737,0.893457116096447
b4ffbb49-6c80-46a0-b79b-b275da90eacc,2026,2025-12-30,89146125-2618-4b85-9bb2-a7d785fc8c0c,33fe6f07-54b9-4b44-a9f3-e273b8b240b8,9,1,2.2402838355587518,0.570145525472844
c24c6d52-102a-4d85-ab91-43dedc4d9240,2026,2025-12-30,968fdb79-e800-43ac-b93d-53a22dee3a03,d3445fe1-27cc-4d88-b2df-6ce2afe13156,-27,0,-20.683670658025985,0.03875447064279594
c7cb4cb3-6201-4f0b-b5fa-4c7189d3c135,2026,2025-12-30,512bdb5c-66bc-40fa-a392-cffe3e058403,b9984408-0526-4a1b-9cb3-d6450264dcd5,-25,0,-11.84594844982568,0.08940718700392206
d82f0e09-aa9c-485c-94a8-83c00375908f,2026,2025-12-30,e41ccbd3-d51f-43e5-b037-4cb81b41b713,3ce97af9-70d7-4dc9-b13b-4f4221b9e09a,8,1,1.9896757351383856,0.6089148885561225
dd260a90-adf6-4aac-af77-da43b337062d,2026,2025-12-30,be3dc89e-c7d8-42a5-878d-a2f181f0914b,a712dee9-a06a-4809-9e11-8e4b4233face,-12,0,-4.406391896611792,0.24182744095082964
e7fef627-bf6e-473e-81e7-6a222bd3566f,2026,2025-12-30,03914b2c-1603-4f8d-95ae-9f80025284f2,15e4f40d-8279-4f7a-8095-613e3a6ded31,9,1,-0.580795965618503,0.5038385574845708
e9cdb3f3-98bd-4e0d-a022-c663a48949a7,2026,2025-12-30,f77c8c1a-5fb3-48ef-8210-484010dd5e32,8cc8f38e-384d-42b4-906f-97ff66fee7d7,6,1,4.540332289445774,0.6951011173883658
f2103942-8081-40ea-93c4-7ab0120055b6,2026,2025-12-30,e6f966c6-5104-484f-a3a8-a7450aa491ae,8d2fde4f-31a7-4491-9fcc-f04ced66e74f,20,1,24.93796926262747,0.9823356675655615
fa0fc369-787a-4278-884a-4ff2687a2ed6,2026,2025-12-30,6833b588-1856-4519-a296-afd069ebabfa,60185dec-e78c-4750-a32a-2162e22a166a,-6,0,4.332241143652166,0.6942025482381265
0223a543-aafb-4670-bf05-fb88dd0b8a6d,2026,2025-12-31,72aa3e8c-3c62-454a-8f40-09b46ae0cae6,32d092aa-6752-439b-89e2-6538ab8523cd,-3,0,1.7265183120333367,0.6008425729431102
0274b39b-de65-4515-a697-ff3f9d9fe48c,2026,2025-12-31,a8ebd184-6249-4e7c-8e39-0d8d8249fe41,4e0916c0-6045-4d71-8568-b5e486ff2f92,7,1,13.476308087612198,0.9041197021086231
0a9c44b2-332c-4ff2-bdce-264599741455,2026,2025-12-31,bff1b03d-2382-45fa-a062-45884591e89a,26fd3855-d3a6-4b79-a7b0-559b447f5e6c,-10,0,-13.884900054391343,0.06521774316996985
0e9b3ff5-d82e-49d0-a2a2-c9df234b610a,2026,2025-12-31,7cc2bc8e-b314-42a5-81cd-bd21acdd42b2,64d22a8e-0b18-48ea-a6a3-5619cb8be43e,13,1,2.6766046443002556,0.6148100092201976
194dcc19-b125-4eef-851e-407c063e2466,2026,2025-12-31,e77246ad-855c-468d-8b07-828f76134191,33a13edc-a688-48dc-a4f0-c3624bb05c07,7,1,3.3188217056748117,0.6206883440228486
1a219176-62c0-483b-b436-959836f95917,2026,2025-12-31,4cc6318d-53ba-46a4-90a2-0714f3d5dc14,65457ba7-a038-4a4b-bb9c-249804bf4db4,-7,0,-1.6348967754384878,0.42481642401156694
1cea556a-13f4-4cb0-9e48-79138ff1e59a,2026,2025-12-31,8fc903e0-95d5-42fe-8972-bae53e4456a2,a40a35e7-bb78-4848-a0a4-11059f3caa39,12,1,8.815852050691916,0.8385224227068359
1e437e3d-86e3-467b-993e-fbf89242951c,2026,2025-12-31,d1623d0a-64d7-43e3-9f9b-36356767823e,d88ac8c9-9fc8-4e76-9426-cf44fe70db47,-12,0,-10.451772654997617,0.14918002423001267
1ffca743-01fb-4278-b067-311d1378f28e,2026,2025-12-31,79116858-d6a1-42d4-bb91-450b44d1e6b4,caae45ce-7d6f-4f0e-a536-6d05e2ae5086,15,1,6.56972302349042,0.7664135592720579
241e62f3-dc73-45a5-bcc8-b6007387fc11,2026,2025-12-31,700ebcb7-55a3-4967-b5ef-89731a047790,f945abf6-7dca-4e3a-b475-bceddc534fb9,10,1,-3.5431933988006072,0.37649684075845613
2722ef9d-9c72-4dab-aa78-fdce94a6fa08,2026,2025-12-31,31ca13c7-e30a-4d9d-a3a8-5197d5e4342a,8a720b96-af6b-4ada-bf15-b7b80a091274,-4,0,9.967794041683238,0.8739037735968075
2b91c702-7e32-438e-8766-f812f87745c0,2026,2025-12-31,175fb86f-dfa5-4661-89d1-221410e04eec,9293675b-8878-4a32-bee5-496b4818dbde,-5,0,-3.8011192203637685,0.28526637485400463
2c7c627b-10fd-44f1-b76f-420aa316f125,2026,2025-12-31,ed251b78-3a68-4e91-b25d-08ef8bc8face,8a24da63-2163-47de-aeff-97b77094e860,19,1,8.512168558768252,0.8360830858390131
2f083c2c-38f0-49e2-ad2d-47530b865723,2026,2025-12-31,51ad29ad-74f3-4879-a2f7-b09ed6f1c3e4,b28075f3-bd4a-486f-b563-0081500049b0,-8,0,-3.547114402960224,0.36614899681968244
2ff58dec-40fb-4bc8-93e9-d21fac84fac4,2026,2025-12-31,68f6ce17-8443-4257-ae33-1f240c722bfe,87526af4-8053-4a04-978d-c8209eb24368,-7,0,10.7908145828709,0.8398381757919742
363db026-2cec-46fe-83ab-e2a514cdaf57,2026,2025-12-31,fb351878-91c8-4144-83c1-92f166d447f9,853ab0d1-c982-4e7d-8187-8600084662c2,-2,0,9.755709561301861,0.8569463821523838
42723274-a7c1-4876-a0d7-1a996a9cb694,2026,2025-12-31,1aa7f46f-1a21-46c8-a8b8-ee19ee4b1e6e,64d8d377-0ced-439d-a3a6-bbf2100037d9,14,1,5.465725500332138,0.711564322253138
43ca9462-bd94-4691-979f-a05d0f201862,2026,2025-12-31,cdda7902-04cd-4834-972b-072f59dd1474,3dfeaa6f-de19-4029-bdaa-0f2bd8ea04c1,-23,0,-13.361786360114602,0.07847209893542702
4ddeba7f-887a-40a5-9dda-00d9db7ec518,2026,2025-12-31,86dd8d64-758b-4592-8af6-2536cef92fc1,71835168-f6e1-4523-997c-3851fc41f646,-8,0,1.03048399391031,0.5869187478986948
5c490fc6-0848-4710-ad05-028033e7e034,2026,2025-12-31,2c2e9f9c-9d33-474b-860c-f9230f147fcd,fff2e22f-8e66-494d-a434-8838f329f8a0,-14,0,-5.253680796787524,0.3169026161862059
68d623c1-b5ce-4a71-b4c3-5146eac7206d,2026,2025-12-31,14372359-5589-40fd-8dcc-6a04bbe7338b,ba89a28b-4588-48cf-be7d-683d7eaf21d0,7,1,13.223783237453125,0.891310163931799
6d971227-2428-44f3-addc-0b1aeaa89c0a,2026,2025-12-31,95ff4642-ef5c-46e3-982e-adab9cdca4e5,528a1feb-658f-4522-a7ce-decc11b8b925,9,1,3.3711114655233856,0.6479133203680285
7ae88cb4-0261-4140-9bfd-711eb52317ef,2026,2025-12-31,ba959da0-313c-4413-aad3-124a5c216494,124dd15c-311b-4d83-becb-7150d849218d,5,1,9.60129347767826,0.8796308542554534
86b7f7e1-d0aa-443f-bd01-4c49e486d9c2,2026,2025-12-31,85b4dcda-76c3-41e3-ba40-71e093a8dcd5,557c7aed-66c7-4dde-aef2-6dc573ec91e7,40,1,21.041719336253326,0.9772429984164479
90263bbc-9e2c-4599-87ef-19f79d96dfa7,2026,2025-12-31,e80d2384-bdc2-4f58-b09a-284a659a4d81,9aef881d-7fe2-4fb3-a80d-0b567f388490,5,1,10.174189054390396,0.8403167922949485
93e8e3a9-61d9-464c-a221-c8541cb4e112,2026,2025-12-31,8c2a4a9c-1ede-4db2-aecd-cfe02e686b8e,8921f536-d6f1-4d5a-b369-5dfb136e1717,-18,0,-10.832312240577165,0.08025235370068241
952739b3-8e51-4c4e-a21a-9765bf558f86,2026,2025-12-31,de4b950e-313f-4eed-9fbe-0a05201376d1,6f01f32e-67fa-44c7-8440-24a263829a82,-11,0,1.3385063354162874,0.5797613955264201
958a18c2-4bf2-46a7-b41e-825fbfbf7715,2026,2025-12-31,28c5e9b8-df2e-4fea-8442-2a3c31753cef,4ac9a4d0-e97a-403f-b290-b7bf3c0e8308,-5,0,-3.4881504818578977,0.3994559757276622
98f1d20a-f33a-4440-b51d-93aa8f16d517,2026,2025-12-31,195e638a-72ed-4f19-a47f-232630307034,2979c251-171b-4f39-b156-d19f2d179eeb,-14,0,-3.9186266901027067,0.30191411599262746
9c9e25a0-731f-4304-a283-f666e09292fe,2026,2025-12-31,2a864769-3bff-4022-a96e-3092caef4c93,cfae9c2f-9713-46de-9159-5064cc63dd64,-7,0,-1.704897008355372,0.42701694792675404
a4497efe-6658-4f8c-afb3-8109db271415,2026,2025-12-31,1ac6eb65-663f-4f4e-b7cd-bcc9ec53efe0,47c889b3-c1a2-4035-ab56-edaeee3a3c86,19,1,16.717564585075568,0.9531683929888058
b2294e47-20e3-472c-8881-8c82c491d6ef,2026,2025-12-31,b7431929-7ebc-42a6-bef8-d0c5715e2c86,f1d6ac08-ce96-4b53-aaea-ae291068cf23,23,1,14.812078944129361,0.9422554249265318
b28521a2-a421-473a-97fd-3beb40e0a5c3,2026,2025-12-31,72daa240-1119-4159-899a-d81875c1c916,8ccf579a-f19c-4639-b260-5fa8dc2c90f0,2,1,1.51863210598448,0.5201988439761265
bb76903a-f84b-4a05-8d47-497234d77e28,2026,2025-12-31,b5111a29-5c09-4364-809c-3686a2b45d1f,1902edf0-3770-4094-9f92-722731ac4c93,49,1,15.829804685741182,0.9549091181259548
c771c000-6beb-4520-a362-cfa6f41bc347,2026,2025-12-31,d414d5fc-8653-43b8-ac66-ec8f63c74c82,d1841f3d-03f4-419e-bedf-c218d150aa9f,6,1,29.58040115410893,0.9869210249589446
c7a896a7-fb1f-42cd-bcc5-28cfe3a5f4a3,2026,2025-12-31,d7af5a06-c331-48d5-a768-4a3627420b0d,6cbdd7e0-da8a-4b62-98fa-35c1f62f4afd,-5,0,5.077609350955298,0.6719568400064463
c8a652c8-025b-40d1-b6ea-e896780b2b77,2026,2025-12-31,e088b1fe-16ee-4cf1-baaf-6ce4139f13df,5c4db420-ac2a-4491-9f2f-f15fdf65d283,13,1,10.667087986172158,0.9174029136725883
d08a4b51-9a22-46bd-913e-f3de7a058775,2026,2025-12-31,6038b249-00da-461c-9074-cfb1ed11d9ab,53e97ae2-3cae-46c5-8353-41eadbb17d61,20,1,6.535752577530768,0.7500298265661486
e15d8a3e-61cc-44a6-b81f-8519f693a788,2026,2025-12-31,34176634-892e-43b1-917d-cc003f8b9c03,cea24043-374e-4a53-bfc3-4532caf44ea6,-5,0,-1.8140793882683057,0.405633673410318
e206649d-a945-4584-9fd5-23f9323767a5,2026,2025-12-31,2780a057-59e9-4719-9190-6a16ecffbaba,eb5b8376-53ac-42b0-a932-bfc4994faa1e,-9,0,-0.5662247287282718,0.44933643222303965
e87ec319-c79f-4e3f-90f2-c41146fa29f2,2026,2025-12-31,2390b5f2-24b9-453a-b023-e7b36da375b6,96e82d65-67c2-4e96-a2fb-d7ca3dfe1353,23,1,11.2960346206815,0.866832117096624
eb7b2d74-c822-4de8-aa7e-f037f6140aa8,2026,2025-12-31,fdfebc81-138f-45de-ad5a-cdb4c98c5dc1,2b7eed3d-9921-482b-a193-759486c9b225,-3,0,-3.987481117014903,0.3248903141333903
ed2a1ebb-75c2-4083-bfe0-97a21cf5d2f4,2026,2025-12-31,b9d6eada-8645-4be8-9331-81fb5ab905f8,60686ba3-d38f-468b-ac14-3d7c8518e868,-4,0,-0.8825164928122807,0.44156001655787386
f31c4487-467c-4e2a-b3f4-3c0835530314,2026,2025-12-31,955bd58f-0ae1-4b55-af26-b19062a2c04c,7dc3e262-ccd4-4c87-8617-0ca6e819757f,12,1,-3.4276849502376674,0.3701372063061604
f31e83c5-207a-42a1-ae5d-259787cadf72,2026,2025-12-31,6231ae3d-0d12-480c-83ed-e282959cb8c8,63c7d34f-6b58-4a80-ae86-320a182ddcc5,-10,0,-11.195411362749404,0.10143256509038319
f9292b58-3fbf-4613-942a-cfded698f408,2026,2025-12-31,31e4ae86-a8cc-4aee-986f-71aa76fea354,e30dcda9-70a8-4f5e-a91a-5eb2cf1e2c36,1,1,-7.1203393013563705,0.24070644807933675
fa128039-811d-40eb-84de-bd455e5ac5d3,2026,2025-12-31,29343f0d-eec4-44e0-923a-b7c6360ad1cf,a9a08ada-6bbe-466a-b4ef-e2fe68dce231,4,1,10.090475184048866,0.8370370406971394
036ea569-5945-44f5-8340-d037fbfc3d44,2026,2026-01-01,9b933a83-ef6d-49c0-ade8-facfdeda3183,c4fed5b1-14eb-4033-8832-59e6c0004cf0,10,1,5.630383659364093,0.742675653244971
09b71a4a-7458-463c-a07c-b13e6d4ea646,2026,2026-01-01,d6a99784-3b3d-4ae0-a5c1-6689f04c9255,1caae9e8-45a5-4b50-88a3-e3d388c52d33,9,1,12.35515952954539,0.9131372743396337
2afc3e70-b06b-4ed1-9645-69693b2a1adb,2026,2026-01-01,a76e8585-9bd8-4efd-ad05-93baa5c91a75,0dc6096e-6097-4da2-a279-a7e256c526e3,-1,0,2.5126614653868184,0.5529722639440633
2bddfb9a-c248-4c25-a7ae-859c21a94e02,2026,2026-01-01,6a5388a0-3d9f-4fa4-b592-775b2c31e741,4b705336-0b7a-4525-a3cc-151a9657a218,4,1,10.457264366668593,0.8567028026513468
2e94a9e6-7d94-40f7-a1e3-7e42d9b284aa,2026,2026-01-01,41a1e4ad-a290-41a2-8940-662b1fc85e89,508005ba-15a8-426a-997c-b0e36e4e6b58,19,1,16.7589029157028,0.9601204630528971
33a1f7c2-f5b6-461a-9c6e-bf01756bb118,2026,2026-01-01,fb1c029c-934e-4345-bb7e-0d199b1172bb,be3dc89e-c7d8-42a5-878d-a2f181f0914b,19,1,4.606966308198322,0.6919802049335313
422ca682-70e2-4bc5-bc0e-b8dc59c3f84f,2026,2026-01-01,31ce23c8-e471-4fad-b117-36f72628b875,6bc5ca07-a958-41a3-8a95-eb5988cd48d6,9,1,9.009945179933899,0.864110220392851
445a704d-a245-4e5c-aa3f-561d885acf72,2026,2026-01-01,37789002-2f1a-4a5c-95f5-a4f487f719ac,98674fec-442f-4d8e-bff0-fca634b9ceb1,2,1,7.902073402410567,0.79223083305933
44c23968-32a1-4d70-bf85-b849fe7250d0,2026,2026-01-01,d9908b15-814a-4283-8513-0d0ebd2430f8,cb1b95af-f118-4a94-a324-d05b88869a43,-6,0,-6.084674692891398,0.2754082608868708
46f8cd9c-a80e-44b9-a3a4-0214fa3da409,2026,2026-01-01,2a5848e9-342f-42cb-84e8-90f6f573bc8a,62c7a397-21d6-4b22-9b24-ba5a29ee8771,2,1,6.114227259686437,0.6035712556573597
4767a4cb-80c1-4d90-9225-5a982ec9dd44,2026,2026-01-01,cda5f197-ae6f-4f38-a523-d1e70b218821,84769f97-e86d-402a-9eb2-d31118f663ca,2,1,8.43476143460526,0.8060046462215826
5021867f-632c-4c51-be43-b596d9c0a02e,2026,2026-01-01,5ffd8dae-eb73-4ad2-be80-a6ca8f4e5884,788df145-b514-4ea4-9ff0-bf2399dc7898,14,1,8.031105462874455,0.779479336192232
52baf615-6ee3-4703-a851-2dedba6eed56,2026,2026-01-01,1b43514e-2b4f-414f-9f54-b04994ba33ac,131339ab-8b21-40bd-af91-c2dd728a68dd,9,1,8.98711869515397,0.8064946768574754
5c267a4a-0a81-4851-b984-85b8cba875e7,2026,2026-01-01,0fcf988c-9b3d-4eeb-bc11-4b461290749a,e9570bbf-fc5b-474e-b98e-151eee207d8c,2,1,-3.191553105434892,0.42569491124926695
64b876e1-8b1b-4621-9d95-6b243da3a2ba,2026,2026-01-01,94d66457-cf10-4bc2-b52f-faf466454856,3ce22877-c834-4b53-aae8-5129d36175b1,-14,0,-9.345631221788478,0.1449682835038928
977cf778-4e7f-4462-8fab-df24f7f44c2f,2026,2026-01-01,8121c98d-816f-4d3a-bb3c-4e9f3fbf65e3,9c60e9b3-29b6-431d-92e1-307e1c2f1c15,13,1,3.7697306011408735,0.6258856084204489
9da04955-d843-47cf-964d-55fb6fc013b3,2026,2026-01-01,2ffb1e88-0784-478a-b74b-a0a0832b4e30,6899ea71-b4b1-45de-a54e-8eaefcc5e6f4,5,1,5.085996728468813,0.6800196138454837
a1b46d19-ed48-4096-aec2-c0caeb68ded7,2026,2026-01-01,e23a2171-157b-49cb-bf14-34996402c465,beb97225-0e05-4be0-acb0-2fdc74f6dab4,-2,0,2.199772672346011,0.6056012848361731
a2246868-298f-4c71-8166-e48bedda417f,2026,2026-01-01,160d00cd-1792-45ab-a465-c2d2dcdcab1b,1999688e-7015-4a04-8450-734eddcbcfe4,-4,0,-13.729794833592573,0.0823169308111927
a4c32282-21f2-4b90-9ce8-9512b0620eb4,2026,2026-01-01,3203894c-786c-4e1f-ada5-c785afe033a5,3fe51e56-cced-4ebd-bc3f-5269a8690fff,-3,0,-2.1725695982965734,0.3571298302249164
a8d5c1d4-255c-4cb8-b939-24f8fa707ca5,2026,2026-01-01,33b3ee1a-8578-4f30-9145-044433be9e46,5556385d-827a-48ff-a603-cddd42d7d7f3,-18,0,-1.6809671045823782,0.44130405227351105
ab91bb3c-0192-419e-b433-d7d5c3862991,2026,2026-01-01,428ae1bc-1e48-41c7-b7f1-da980b8a18b8,ad070c37-e224-4aea-bff9-4bb770ef38de,-43,0,-10.262223279660356,0.1727871629639203
b36ec679-4024-4ef5-94b2-194b2ac68057,2026,2026-01-01,0ec33aa5-020d-49e7-ac6a-2ee825d15102,b2c3c0ff-6592-4132-b527-e3784532b0a7,12,1,-4.020665790952516,0.35126882837385687
b4595d3b-3fdb-4151-ac32-855380471e8f,2026,2026-01-01,2c2ff68e-eb76-44f0-b27d-9426785932d8,a296aea1-d070-4a8b-8dc4-62323ca3f942,11,1,0.5891730647564198,0.5035845369105393
b92f2ec7-c962-4aef-81f8-f1c5bc9ae4b4,2026,2026-01-01,afbd548e-958e-452b-ac58-5b58b416aeb3,2ad39bf7-6b52-4185-b83e-15dfc5686cf0,26,1,16.13690059699739,0.9639188281376365
c644b33a-092f-4df3-9b4f-915e3ac8e3ba,2026,2026-01-01,732365b9-1faf-46df-9c75-4571516450f0,96649453-7ab9-4024-b242-590c57b62ab6,14,1,11.98400536370809,0.9198241923416557
c794f65c-d9f4-4a8a-97c9-39fa6f70a7fc,2026,2026-01-01,ec7aba22-2b7a-41dd-801d-063cca9a4c1f,897f9506-86e7-4d3e-8eea-2b85ea85fa8e,-5,0,-1.1393622729845387,0.43822643189483634
cac37465-4673-4a14-b4e8-a0ae0117a93a,2026,2026-01-01,1cff0c34-63d9-4a64-a258-a50e61fee7cf,8315c904-1e6e-43c1-a538-e2bbf8bc9ca0,-20,0,-11.297126884933405,0.12810517660049223
ce66937c-c199-4194-9515-8f1f2a5406c3,2026,2026-01-01,69307d4c-6e7f-4329-b6c2-1f3902362083,0b81f60f-d170-4ec1-9003-5fc16e4afa3d,-15,0,0.4609283770441773,0.5131185183131075
ce8ee72a-32ce-4f2a-9eed-863975e65e43,2026,2026-01-01,30dcebf9-dcff-4743-a05a-d994a902866a,39c61fcf-89b3-4523-aa61-7e031fae7e9c,15,1,8.785125140328038,0.8141040315530074
cff36fff-3d22-4b2f-a02c-9082b66ac44d,2026,2026-01-01,bb509184-c255-4aa4-9cdb-057dd36f7a04,af95ca9e-8a2a-4b22-9bb2-584162eb57f0,7,1,19.0822507772857,0.9788879196704422
d4936796-b62e-4719-8377-a88a06df568d,2026,2026-01-01,ed6e30f8-d1f2-451b-9a26-5c7f21af0125,f8fb3b2e-223b-4478-a029-9c1209865bdd,-4,0,4.376243456048096,0.6657089663642085
d69d95f5-0516-4940-b5b3-1fda1d5a0e06,2026,2026-01-01,e694b3cb-eeef-43f4-bada-32dba89664a3,113c0c3d-54d6-4c64-b168-7ea3f3c20e76,11,1,4.36859487441634,0.662119375099881
d9ae6b4f-861b-4fb5-b78a-1571d6a2f422,2026,2026-01-01,acbf5eb9-3a63-471d-8199-6067f912deaa,87d79a84-23f3-4e7a-adbf-e627ade400ed,19,1,4.887204245040573,0.7361605328001087
de2a0621-bb8b-495b-b73c-b8e29505ba0f,2026,2026-01-01,12fb3719-3067-4770-ab8a-b11eeb73faae,ed91598e-8b89-4385-bc40-49721b8aedd0,9,1,1.8053838408915024,0.5688802702927658
e740501a-ee90-4974-8072-af4b507a7d9c,2026,2026-01-01,69c2db2b-a8d1-48d3-89d0-ef9669af0b7d,073c7f97-1dbe-4c9d-b1ec-44e92177a53b,13,1,2.4463295405875147,0.5680571335997312
eb4ee11b-a08e-4caf-b658-95abfeb30fc5,2026,2026-01-01,8af24be9-3bcf-49dd-8a7a-9a412402712a,a01ea865-0b00-4f54-90fd-8674ed23cf26,5,1,6.3116245239257935,0.7368378664476953
fd32d5cd-2d7c-411b-847a-a1643ab1875e,2026,2026-01-01,fe6d6aa2-4515-4014-88ef-eb2bd91e54fa,8d2fde4f-31a7-4491-9fcc-f04ced66e74f,6,1,10.066961322269108,0.8340773124534899
00fb22eb-c088-4f4a-9009-4425aded98b2,2026,2026-01-02,94a323fa-c3d4-4718-a4bf-f6dd1c93c5c9,5a3e7af6-53d5-4398-8c0d-97e0d9ac977e,2,1,0.014978290600088831,0.5078239468193777
01cc5ddf-c38e-493b-92c3-4296591f8820,2026,2026-01-02,7a2ae4f1-b509-40e8-b553-cbea5aabc4be,6265a954-0017-44e5-bec7-cdb2fcc8f527,-7,0,-11.193455520419569,0.11954071382971124
11c03ae0-d3bc-424a-901b-d33e9c2ace2d,2026,2026-01-02,0792fde4-bca8-4a47-9b76-8d8191a2ac93,03914b2c-1603-4f8d-95ae-9f80025284f2,2,1,6.447693179844397,0.7111864461182791
1a5ac6a3-c64d-49ed-8f68-4e549a58e5d5,2026,2026-01-02,bf002b1c-e14e-48a8-9c75-d70de0b2a31d,7da471c0-9955-4f80-b861-d7753ac5a7eb,24,1,8.021869654227542,0.7888627758583427
1dd287e7-d077-418f-b82e-ad62a00b46e8,2026,2026-01-02,81e6f1a5-d8cd-43bb-ac87-6c20719f72f3,47407d60-8e46-4d83-bf47-4b7ef8576ebc,3,1,-0.5931056166755819,0.456968295234445
1e7d5ce2-57ab-4cf1-b628-61c1c34c61ee,2026,2026-01-02,9eea7343-e29b-42cd-8ec7-ccda00c95536,9c37b6c6-f9dc-49e2-a128-2681c0df2bf8,8,1,19.846101425446154,0.9752126569796744
209c4f89-7b64-44e6-9e48-458c357e9d75,2026,2026-01-02,4d6c2d4d-b59a-44c3-826e-03e969153794,b655e208-570d-40cb-a275-91f219da9058,-8,0,-3.1469941916557764,0.4059646873214905
30998afd-53be-41f0-965d-0dfe8824e31c,2026,2026-01-02,e020519a-e90e-4b63-bb2c-f17dc31b5a56,8423734f-7076-4655-b3ef-3528aa9176ff,-7,0,9.43594927101758,0.8398961532381798
31605f4a-5d4f-4561-a30b-63245e416ecd,2026,2026-01-02,d9469ea9-44c5-4803-8d5a-39cf4028ea3a,f31b656e-13ba-4eb7-bd53-66b20405c905,30,1,21.362888231229174,0.9819378564852916
3177e279-46c4-499b-afb7-d3147aa56284,2026,2026-01-02,c369d8ef-4098-4425-a977-6cf0605ab931,2232e72f-0d57-499b-a956-680031e1de18,10,1,0.6381267724914558,0.48639000389912534
50f78acc-eee1-4f77-aa7f-06e0b27354cc,2026,2026-01-02,26a9b9da-a6e0-4e12-a95c-e1e51e72fcb0,65457ba7-a038-4a4b-bb9c-249804bf4db4,12,1,11.690602187834395,0.9023255718696375
5163e28d-5b35-432a-9110-289c230b82a0,2026,2026-01-02,ed01ba53-c6ff-488f-903e-9b348a195c03,474c10f3-c223-42d9-b9e9-48c37898ace8,15,1,5.554876841986767,0.6732914463336034
56cca9f7-acad-4b4a-9a14-f59e0314512f,2026,2026-01-02,5c7b85b4-380b-4ce3-bbc7-e0b1ac767c3d,2f197fca-5329-4606-8c7d-9bf31ea65732,-3,0,-1.431725806460409,0.39949260332574194
6499a2f4-98f5-49c8-b344-de522e5b5b59,2026,2026-01-02,ef533bc7-18e1-474d-96db-96668fe59c22,5a788fca-07ce-452c-901e-2d9250aa8f8f,-7,0,-3.972424500462185,0.3040077563516765
6a32d96b-80ee-4d96-b49b-5e65f6b35c50,2026,2026-01-02,dedb794d-6852-4b7b-904a-15cd66966a0a,fbbdc24a-ba43-42e2-afcc-a328f0d9938a,-10,0,-3.22690981399709,0.361840794251411
7d3390c3-4ffb-4cb4-89af-9fd9298a925d,2026,2026-01-02,d3445fe1-27cc-4d88-b2df-6ce2afe13156,0cc86d2a-a1ab-4ebb-a968-3d4011c8d356,21,1,20.948872460011938,0.9827699552103117
9050a038-8dac-4842-8f89-43cacab6e224,2026,2026-01-02,2d467e3e-e5d9-499c-a1ed-225d0c3ae91a,968fdb79-e800-43ac-b93d-53a22dee3a03,19,1,22.108737742512886,0.9830133201851908
941c53ca-baf2-40af-911e-4ab03ddd101e,2026,2026-01-02,38f31497-065b-465d-ab24-3fa581de1831,a4e52f2f-5193-40ce-a997-0e0be093d86a,21,1,19.265048449022338,0.9796908062227851
98dad953-08f9-42ce-a23b-3ec496b7c0c5,2026,2026-01-02,15e4f40d-8279-4f7a-8095-613e3a6ded31,e41ccbd3-d51f-43e5-b037-4cb81b41b713,31,1,5.742852839999658,0.7240079199897326
9e8754cd-0f02-4d79-ab58-32b306bc4180,2026,2026-01-02,a8b565bf-c152-4fc8-86ac-49c71bf2fc1d,534c782f-f9f8-4d61-845a-76e90b321da3,-15,0,2.8412187224474876,0.5429459513369718
a06d54a2-86d5-44d9-825f-180b6bbd4e52,2026,2026-01-02,28cde209-3ae8-4939-9d83-2a6d645d427d,eaa03f66-f667-48c2-9f30-ccce38d89e56,4,1,-7.605195761323449,0.21350045741436177
ae5fc451-512b-42ef-8b7a-47b481416fdb,2026,2026-01-02,71e0195c-db7a-4df0-b519-17d796d8957c,cb2346de-1887-4050-8b6f-5480779486c2,1,1,-10.307702924452924,0.15218884850549633
c53b8dd3-bf36-4891-ae3f-667a514dc933,2026,2026-01-02,3b612ea1-b264-4279-9f72-b45216bfea4b,fc19569f-90e8-4af1-8b2c-981d4b9b0e7d,11,1,4.864058433425802,0.6895309196663708
d502ce8b-513c-41d0-9b70-de0735b43687,2026,2026-01-02,61080933-9c42-4844-9cd9-7cfbcb9cf94a,3e01dbfe-c709-4674-98f7-dc2f25d068ba,6,1,7.8621833301442,0.8240374282262869
d976e245-37fe-49bf-ad63-d7ed4e2b8284,2026,2026-01-02,e08292aa-f0dc-4c1f-ac0c-138ec5d15372,e3ccd256-a37a-40d8-b059-aca05f884ee1,1,1,7.300626028548738,0.8113720369371943
e6959c8b-f53d-4a29-918f-a2c44f1c801a,2026,2026-01-02,592b259a-709d-44c7-b547-07d6529132b5,3b0fb0e0-1625-4a53-8ad2-e353ec84cb0f,8,1,7.435184802974794,0.7741498389142952
e8a26aff-307c-40be-9a6f-25406f33941c,2026,2026-01-02,d5861555-455e-464c-919c-9e6b99ce4495,66d6cb28-25f0-41bc-9fb1-d15a6dfca6ac,10,1,9.776076078297715,0.8667566865758748
e8da0f96-5cee-41e8-8835-86d3f9ed86d3,2026,2026-01-02,82ae3098-41a3-4c5a-92a0-aa7a592b5f7b,6b34a383-3696-47ff-99bf-1b690f616a28,37,1,2.9048539003844915,0.6379654616169924
ecc56bcb-9b29-40dd-b56e-26737f79c616,2026,2026-01-02,1c701a00-1852-4c4a-8179-2273b474748c,8b53b385-4f61-4998-bac6-527e69c1fd6d,3,1,2.733855638621435,0.590510526899255
fc45f69b-b865-44ff-b47e-7ac7475ef67f,2026,2026-01-02,3ce97af9-70d7-4dc9-b13b-4f4221b9e09a,81d0a946-6d46-4a7d-88bb-29e19e5f5599,10,1,7.049274172171026,0.7994594451681565
fe045ddb-87bf-4893-a09e-a0370aa3c8a2,2026,2026-01-02,c155c6af-1897-464f-ad91-10b605e5eb7c,c8280280-8b91-475c-9d30-faed3dc9ec3e,4,1,-3.346005635874019,0.3108417859114108
0662b020-afa9-46b4-ab91-823fde00ecd7,2026,2026-01-03,3d8fedb9-0847-4666-82df-5f520b704ff4,94d2459f-8edb-4281-8038-8b2dda825fac,3,1,9.504217819228097,0.7973085166718458
06987ff6-1989-42ff-9780-fc6fe595d153,2026,2026-01-03,1b43514e-2b4f-414f-9f54-b04994ba33ac,af95ca9e-8a2a-4b22-9bb2-584162eb57f0,23,1,17.42998477001763,0.9613085243603439
0f5643f0-e266-4ecb-9783-a39b39c5759f,2026,2026-01-03,2a453d52-4fcb-44e2-84c8-d2c1f91eccf1,e80d2384-bdc2-4f58-b09a-284a659a4d81,-18,0,-2.667990792880583,0.36734055220198053
10419603-7903-40e3-86a2-8dd54852f58f,2026,2026-01-03,ec7aba22-2b7a-41dd-801d-063cca9a4c1f,9c60e9b3-29b6-431d-92e1-307e1c2f1c15,13,1,6.55707048802505,0.7770744317893211
10b2ff60-1706-4334-b83f-951778899bbf,2026,2026-01-03,711ff92d-65bd-49a4-abc4-7aacd8c11f9e,0fbb2a6f-3944-46a9-9fa8-51376e18b3d9,3,1,-2.2964335104560507,0.412684815193137
13a2c182-7d78-4a72-a94d-b37030e470bd,2026,2026-01-03,9293675b-8878-4a32-bee5-496b4818dbde,31ca13c7-e30a-4d9d-a3a8-5197d5e4342a,11,1,3.9648257498556077,0.6172287310533932
13e7a622-c316-46e5-824a-bdbafbf53f10,2026,2026-01-03,34176634-892e-43b1-917d-cc003f8b9c03,3ce22877-c834-4b53-aae8-5129d36175b1,-7,0,-3.4879879274196477,0.31941818639869124
15bc209b-f744-4bff-b2be-23eb1f046c63,2026,2026-01-03,8edd905e-18d4-4618-ba73-09af639ca94e,bcadcb9e-4b19-49d8-a836-b1224d88a96c,-12,0,-7.560421863657568,0.19788326038216444
16fc1973-9af0-4d1f-85e5-a866551b798e,2026,2026-01-03,517665d2-60c6-44a7-a80b-78212cfb2db3,aa6e74ec-70a8-4e02-9b58-0e0e886cace2,3,1,6.258663891893554,0.7839073225563097
1a58590b-d91a-497c-be2e-7148d904c68f,2026,2026-01-03,cda5f197-ae6f-4f38-a523-d1e70b218821,3fe51e56-cced-4ebd-bc3f-5269a8690fff,20,1,12.769479745532344,0.9158494166533775
1e9f74c1-b22c-4676-ad55-01aacfc7a0a9,2026,2026-01-03,5cf39234-dfea-4208-be18-092f71c2f05c,47c889b3-c1a2-4035-ab56-edaeee3a3c86,-8,0,-3.7167108990082505,0.32918674186218144
1f4c287d-8cb5-4204-9145-90c8a6738d5c,2026,2026-01-03,2390b5f2-24b9-453a-b023-e7b36da375b6,113c0c3d-54d6-4c64-b168-7ea3f3c20e76,2,1,12.791286343405636,0.9303925114323809
207d8e74-efde-4f58-8263-a078bb96b222,2026,2026-01-03,bff1b03d-2382-45fa-a062-45884591e89a,64d8d377-0ced-439d-a3a6-bbf2100037d9,6,1,-2.925481072174201,0.3653665587963871
20f2c036-e26f-4167-b941-d5d5500a0773,2026,2026-01-03,87526af4-8053-4a04-978d-c8209eb24368,b28075f3-bd4a-486f-b563-0081500049b0,-7,0,0.179913016708817,0.510990426061027
22b5b723-81c4-404c-b547-f3ba95e23855,2026,2026-01-03,ea75002f-0c50-4cca-8d60-8926c2f2c077,a2fd0527-f20a-4add-9101-ff8babf6ceaf,12,1,3.889071025303645,0.6637384616755194
24294522-d81a-4d13-86e5-0241962e3f89,2026,2026-01-03,e6f966c6-5104-484f-a3a8-a7450aa491ae,a544a5d0-4cd1-4756-b079-30a9a7905cd0,-16,0,-1.022898732920222,0.4987709864933948
253a3432-0eca-4202-8a79-c65f9251c333,2026,2026-01-03,edb2bfd0-017f-4df2-b9c6-d8dcacb7e929,b7139fdd-2b24-42b2-80d8-3cc79042b563,22,1,12.40205871085441,0.9120242025492777
257fd218-e6d2-4a47-a247-d3441331ddde,2026,2026-01-03,33a13edc-a688-48dc-a4f0-c3624bb05c07,68f6ce17-8443-4257-ae33-1f240c722bfe,7,1,0.05131431929504328,0.4644149545656807
27f1bbae-9100-46a4-b6c4-559d79b61abf,2026,2026-01-03,732365b9-1faf-46df-9c75-4571516450f0,788df145-b514-4ea4-9ff0-bf2399dc7898,9,1,3.3546639578495725,0.5936025883513092
2c516020-ad4d-451d-bba2-32fa3f51e577,2026,2026-01-03,1902edf0-3770-4094-9f92-722731ac4c93,95ff4642-ef5c-46e3-982e-adab9cdca4e5,-6,0,-3.918599666598078,0.289310213938852
2e14877d-e2cb-430d-b1e4-f9188866ff70,2026,2026-01-03,6038b249-00da-461c-9074-cfb1ed11d9ab,cea24043-374e-4a53-bfc3-4532caf44ea6,10,1,6.12951822013897,0.7525377462460417
302290ca-e0be-4600-b12b-f24fc7035e99,2026,2026-01-03,b979de70-af07-4320-9f20-2b9606ce8cd6,557c7aed-66c7-4dde-aef2-6dc573ec91e7,19,1,18.630763686976415,0.9651169237053955
36a1db15-ca68-407e-aabf-18494df1c6ee,2026,2026-01-03,b58418f4-b3ae-444a-8ada-74ff43e88ea9,1ba8fbd8-4401-4226-b1cc-82e937c56657,-10,0,7.94037589158633,0.7985049135748534
375ebde4-7f1b-4e02-86ad-59b0be08ab83,2026,2026-01-03,aa657c8b-9c3a-4727-9d4c-559205be3150,2b7eed3d-9921-482b-a193-759486c9b225,-5,0,-7.077785803356774,0.24204632715953356
37b2178d-8b8e-4243-8f4e-3c684be40258,2026,2026-01-03,7b637d45-2602-47f9-bf37-40d1043643b7,51b50cb5-097f-453e-99eb-4175d27ed1bd,14,1,0.3688391882090861,0.4594979237130808
3959d69c-5a75-4142-9d01-3ed0249fea3a,2026,2026-01-03,b7591c8b-00fa-47a2-8280-adf031b24a4f,8cc8f38e-384d-42b4-906f-97ff66fee7d7,-19,0,-7.7589859182546315,0.21074012021591698
39c008f8-1e6d-4314-abfe-77859ce09252,2026,2026-01-03,7cc2bc8e-b314-42a5-81cd-bd21acdd42b2,f945abf6-7dca-4e3a-b475-bceddc534fb9,-15,0,-2.347453966753148,0.39923296274039516
3ba81d18-656c-40ff-9143-b0ea300f99b5,2026,2026-01-03,cf602be1-6a27-49fd-9b3d-ab9e31f55454,5a925022-39f0-422e-a9c8-efba8cab8218,1,1,-9.305515655154721,0.20183312655316737
3c73b5dc-59e5-4622-94f4-6a0bfef13932,2026,2026-01-03,aaa0be6c-4ab2-4cc9-be12-f8658ecddc9f,083c67a8-1a0e-42e4-b3e0-c3872a10d8c2,-5,0,-0.5200680593325129,0.39977476261453143
3c85596c-932a-45af-a054-487706729fd7,2026,2026-01-03,124dd15c-311b-4d83-becb-7150d849218d,79116858-d6a1-42d4-bb91-450b44d1e6b4,-2,0,4.617581645846654,0.6336658335127411
413470a6-dc0f-48d2-8ee0-20a7c5b4a273,2026,2026-01-03,69001211-8ae2-4829-9746-40b6a0858890,d1177041-d515-453f-9b73-e9891b41324d,-3,0,11.805785755861441,0.885516316911462
444c425b-b542-4878-b4b3-48e1f9daa03f,2026,2026-01-03,acbf5eb9-3a63-471d-8199-6067f912deaa,508005ba-15a8-426a-997c-b0e36e4e6b58,8,1,10.599553891491423,0.8971614741086325
482bf487-5912-4f12-8e02-c878933ecc87,2026,2026-01-03,3203894c-786c-4e1f-ada5-c785afe033a5,84769f97-e86d-402a-9eb2-d31118f663ca,-17,0,-7.335415273349916,0.21158835469821013
49ed32dd-bc0a-416b-99e3-44eaa58d9690,2026,2026-01-03,aa9a338c-8749-42c2-8655-1caa89068a61,032eda63-2e4d-4c72-8c92-51b97442dea9,18,1,21.902253944386377,0.981030582485622
4db3b20f-465d-4153-a25f-ab30979539b4,2026,2026-01-03,0270a5a5-82db-4c54-901d-c9c8dfe3741a,2a864769-3bff-4022-a96e-3092caef4c93,9,1,6.583145353856978,0.7308271735121762
57ae6e80-c195-491a-bb5a-ca4bd4bf8fb2,2026,2026-01-03,f1d6ac08-ce96-4b53-aaea-ae291068cf23,6833b588-1856-4519-a296-afd069ebabfa,-6,0,3.0997387750569367,0.6240203129646876
5ad9f1f2-594f-4c31-9559-91e768bbdf66,2026,2026-01-03,9a2c2dfd-070d-4aff-bdc8-ea71e1ff510f,5e9a1e57-759c-40bb-aac1-6bdb058fafbf,3,1,1.69660547647562,0.5928483952224315
5c530db4-5133-4ed3-881b-47b3637e764d,2026,2026-01-03,3b63b27c-8c94-4fb9-919f-62cd7944deb1,67bb6cc2-0917-4bf3-ba89-bc624925b956,-4,0,2.2390764984369707,0.5940584927437228
602893e4-516d-4be1-9e64-288af7a3fd81,2026,2026-01-03,b678d94f-1147-4cd8-b221-3155893eb1a9,567fb73b-73a0-4437-a1ed-314d40d93e6f,-6,0,5.050386607435962,0.7020668024878807
685655a4-381c-4fe4-a494-96fbc8708145,2026,2026-01-03,37789002-2f1a-4a5c-95f5-a4f487f719ac,62c7a397-21d6-4b22-9b24-ba5a29ee8771,22,1,12.710315492433127,0.8741264222975267
6a86b445-9518-45cc-b60a-f21353f32903,2026,2026-01-03,1b50e98c-801a-4835-9b4e-b0d563152b2b,18b86bee-6b10-4c86-95ef-959dd2d80cd5,-3,0,-3.7410470567284317,0.29919066556562957
6b87037e-ba24-49db-abec-5b59efb2b876,2026,2026-01-03,ab2292aa-bfd3-4e49-a17a-cf970962e75d,4ac9a4d0-e97a-403f-b290-b7bf3c0e8308,4,1,-3.565138084001772,0.3104012537376977
6c197cf9-bc33-4280-b674-2648e2240f99,2026,2026-01-03,976a062a-415a-4be9-870e-c2b6aa726c28,20bb1fdb-2581-4660-92f8-ad08c3a60acb,17,1,5.7248021156491475,0.691843614523734
757a827f-c75e-41c1-9ac2-6fe6da838321,2026,2026-01-03,b468e5c1-fd80-4c61-8545-54a03c959ff1,c68084a8-36ec-4f0e-963b-561f5ea2c46e,4,1,2.9080374305045944,0.6532881354922094
7588538b-9f91-46e6-b36f-c1ce69856bf6,2026,2026-01-03,512bdb5c-66bc-40fa-a392-cffe3e058403,6cbdd7e0-da8a-4b62-98fa-35c1f62f4afd,-9,0,-5.528272507583001,0.27878576217971796
773ee341-d4f0-41d6-b9a9-b68395144e32,2026,2026-01-03,57d94665-96b0-49e9-ab6b-a7cd6a1492d0,ec98d839-43bb-427e-83c8-d832063ad70d,-10,0,-7.833032927908442,0.2305253287133661
775506b5-1b64-4774-a4d6-ce5786cc081f,2026,2026-01-03,62093611-a202-4f7e-8d13-ed4c5498a9c1,1ed24078-84ea-4147-b356-c8543c93aa1d,-1,0,2.8208663078757454,0.5980106400767121
7a8624a1-1bb7-471d-aed8-e99fca97e341,2026,2026-01-03,6eed5456-f1b2-4e4b-966f-71949e9d90ed,364c8255-118d-4dcd-aa72-a62621e3aeb6,13,1,3.0836438951510368,0.6957277184966277
7b6fed06-ff66-4bf7-ae07-d299d11208c2,2026,2026-01-03,6a5388a0-3d9f-4fa4-b592-775b2c31e741,073c7f97-1dbe-4c9d-b1ec-44e92177a53b,-1,0,4.762135613748739,0.6762064839079176
7d094ad5-4928-43d9-80fe-5d1d8dad74bc,2026,2026-01-03,d88ac8c9-9fc8-4e76-9426-cf44fe70db47,68f210a8-33bd-4d79-a5b0-222aabe727e7,-6,0,12.691336743081013,0.9221320891016694
7dffc28e-72b6-4579-926f-63412d2b7352,2026,2026-01-03,6c5e0081-14ff-4e1b-829d-a107919bc58e,0ec33aa5-020d-49e7-ac6a-2ee825d15102,-9,0,-3.20340664009265,0.32228540909227876
804ce9a3-1cd7-4887-9bda-c138bdbd9539,2026,2026-01-03,e77246ad-855c-468d-8b07-828f76134191,ba959da0-313c-4413-aad3-124a5c216494,-7,0,-10.021198055460042,0.14845579636999354
8594ebeb-0b9f-4f3a-b0a9-e6783671bb2a,2026,2026-01-03,e30dcda9-70a8-4f5e-a91a-5eb2cf1e2c36,72aa3e8c-3c62-454a-8f40-09b46ae0cae6,-14,0,7.1934469263523955,0.7799565859769361
85dd24ba-1c90-47a9-9d5c-e2c5f3996033,2026,2026-01-03,0c280802-395e-44d4-8c2a-fb539233410b,54da433c-23a6-4200-94c2-fba0e56376df,11,1,3.7408898213379063,0.7070773842023557
8686accc-e5d1-4635-b0d7-a6e023a1c478,2026,2026-01-03,90df5863-ccc6-4ffe-b441-dee520cc7fed,bd78de3d-6129-4bfa-8203-6ad7e79b5e54,-8,0,-23.670913356706333,0.043667356476611206
89d05a5b-1c1b-431a-803e-eecc5b657fd9,2026,2026-01-03,853ab0d1-c982-4e7d-8187-8600084662c2,4cc6318d-53ba-46a4-90a2-0714f3d5dc14,22,1,8.125348562653313,0.8226006170802447
8ee1d97d-2fa6-4908-9ab3-f40c6689a752,2026,2026-01-03,8a720b96-af6b-4ada-bf15-b7b80a091274,14372359-5589-40fd-8dcc-6a04bbe7338b,-2,0,-8.65674888078458,0.14875564796635024
8fbd7522-6840-4270-bb0e-732dba2babae,2026,2026-01-03,9aef881d-7fe2-4fb3-a80d-0b567f388490,cdda7902-04cd-4834-972b-072f59dd1474,9,1,3.709506771466083,0.6418891592192741
918dd686-e468-4920-a926-6d9b96a2934e,2026,2026-01-03,32d092aa-6752-439b-89e2-6538ab8523cd,6f01f32e-67fa-44c7-8440-24a263829a82,15,1,8.610431775047843,0.8114608978212368
91b5890e-0085-42a9-b67e-4a2206d12181,2026,2026-01-03,72daa240-1119-4159-899a-d81875c1c916,d7af5a06-c331-48d5-a768-4a3627420b0d,-3,0,2.3789372772759823,0.6299594168205804
956f0511-d29e-430e-a38f-6026a777353b,2026,2026-01-03,5ffd8dae-eb73-4ad2-be80-a6ca8f4e5884,96649453-7ab9-4024-b242-590c57b62ab6,9,1,17.552016991571985,0.9559959873714421
95dbd650-3bd9-41c7-9510-74d97fd6feb8,2026,2026-01-03,2ffb1e88-0784-478a-b74b-a0a0832b4e30,8315c904-1e6e-43c1-a538-e2bbf8bc9ca0,7,1,-3.721833106860837,0.37995451136804786
992a3fa7-c3ee-4963-bbd4-5a9e3e9646c7,2026,2026-01-03,a40a35e7-bb78-4848-a0a4-11059f3caa39,aa07fd1e-a03e-4554-9286-31e09a343db0,-3,0,-4.182141367942945,0.40750479067669076
a02db9d7-fa78-40d3-893e-0000904db96b,2026,2026-01-03,bb509184-c255-4aa4-9cdb-057dd36f7a04,131339ab-8b21-40bd-af91-c2dd728a68dd,4,1,12.289131673579869,0.9021407256303162
aa0158e1-8103-44e9-989d-9265bb3d6d59,2026,2026-01-03,64d22a8e-0b18-48ea-a6a3-5619cb8be43e,700ebcb7-55a3-4967-b5ef-89731a047790,3,1,3.067429917248441,0.6462938246915125
b9d2cd54-6274-4242-a52b-0075c25829ff,2026,2026-01-03,caae45ce-7d6f-4f0e-a536-6d05e2ae5086,51ad29ad-74f3-4879-a2f7-b09ed6f1c3e4,-15,0,3.967087915712432,0.6945957115477136
c3c42a71-f749-4c41-a0b9-26040720d4ac,2026,2026-01-03,fc1af6b7-242a-42bf-bbe3-325108828697,c5d35bbc-89d4-412c-8778-037158252c91,-6,0,2.550092925543201,0.5783082906183161
c5356a88-11f2-4069-8366-cf83e1db6ea9,2026,2026-01-03,fb351878-91c8-4144-83c1-92f166d447f9,1aa7f46f-1a21-46c8-a8b8-ee19ee4b1e6e,-4,0,6.068110436944706,0.7543667417315758
c62b77e0-2af1-427c-8eae-fd79f1f92e43,2026,2026-01-03,69307d4c-6e7f-4329-b6c2-1f3902362083,cb1b95af-f118-4a94-a324-d05b88869a43,17,1,-8.054632049197302,0.19945168702282554
c8667a4b-8515-451e-8eba-919e0f5a51c4,2026,2026-01-03,39c61fcf-89b3-4523-aa61-7e031fae7e9c,5c4db420-ac2a-4491-9f2f-f15fdf65d283,-7,0,7.7397683769072,0.8163040072640234
cbf5cdbe-4c99-4fe4-a7d0-df40a9c78c2c,2026,2026-01-03,ed91598e-8b89-4385-bc40-49721b8aedd0,a296aea1-d070-4a8b-8dc4-62323ca3f942,9,1,0.06902990249060052,0.5507452562004235
cc5aac64-e4f4-4571-8d21-7415d186f0db,2026,2026-01-03,2a5848e9-342f-42cb-84e8-90f6f573bc8a,98674fec-442f-4d8e-bff0-fca634b9ceb1,12,1,3.996854134223979,0.6198085202545225
cc5c78e6-04e2-458c-9862-807daddea389,2026,2026-01-03,19bed18e-691d-4e79-aeaa-771b745bf2a1,d414d5fc-8653-43b8-ac66-ec8f63c74c82,-4,0,-14.471463794058264,0.06849529393326798
ccd9b4d1-d998-4ded-a94f-ad404eb8a696,2026,2026-01-03,076baa43-c839-437c-8a6b-5074277599df,0423c35a-c25a-42a0-a0da-e1918c78cd5f,-1,0,-1.2929708205774575,0.467102288218121
cf465cf5-eea1-497b-b89b-b59ecb84535c,2026,2026-01-03,1cff0c34-63d9-4a64-a258-a50e61fee7cf,6899ea71-b4b1-45de-a54e-8eaefcc5e6f4,8,1,-6.6633709954488864,0.29761578333540467
d2f35e39-f8d4-4f6f-9f4a-c3fe22a6f31c,2026,2026-01-03,b9984408-0526-4a1b-9cb3-d6450264dcd5,8ccf579a-f19c-4639-b260-5fa8dc2c90f0,6,1,2.547645647658958,0.6296899990397917
d719da09-30c0-44a8-9305-8c04aa8a488a,2026,2026-01-03,33fe6f07-54b9-4b44-a9f3-e273b8b240b8,f598c6c5-97cc-41a4-83b2-84f08d3397f9,20,1,8.471616486402871,0.8132802857809069
d7b3f59c-fb18-416a-bbdf-35bb492687be,2026,2026-01-03,be625a9e-aede-4fb2-98ad-3c0baa02528c,89146125-2618-4b85-9bb2-a7d785fc8c0c,3,1,3.9693457422494465,0.6816624754773991
d84ab4d5-8aa7-4835-b87e-77bccfe52679,2026,2026-01-03,d1841f3d-03f4-419e-bedf-c218d150aa9f,f8a7f441-6bad-4648-bfac-a202788a07f8,12,1,1.536945868736389,0.5806720530900631
d90903d0-0aa6-47e7-8f9b-98946ea23136,2026,2026-01-03,fff30549-83b5-4c44-9f3d-444f65ede45f,65cd560f-8b8d-4b8f-8a2c-2738484621b8,2,1,-14.828421976636518,0.07801738877772373
dc154021-cf90-4fc5-b8c8-81374a898c3f,2026,2026-01-03,0cc7096d-eb8d-4e4f-9906-93bf951805c5,2c2e9f9c-9d33-474b-860c-f9230f147fcd,4,1,16.277858632298926,0.9448553803793077
dd264a83-42fb-4f23-81b5-6d3cb0a33516,2026,2026-01-03,86dd8d64-758b-4592-8af6-2536cef92fc1,0dc6096e-6097-4da2-a279-a7e256c526e3,-7,0,3.5053514916481108,0.59820778147675
e325b16e-668c-40b4-a97a-f4c2799cb14a,2026,2026-01-03,4f107cef-d28a-41e5-b9c9-9f537c5a92e2,d783c621-0bb0-477b-8bad-8785e9451e21,-7,0,-7.098302091585518,0.2125751435205866
e3d3bfbc-8193-4eb3-b42f-da432d7dc44b,2026,2026-01-03,94d66457-cf10-4bc2-b52f-faf466454856,53e97ae2-3cae-46c5-8353-41eadbb17d61,-5,0,-4.8360633909226,0.3297475141501975
e581835f-c249-4fe7-894d-42159e37bf38,2026,2026-01-03,b86cac40-e643-41b0-ba96-76ef03712c8c,179abcd1-98d5-4dc8-8532-3f8ffee320c5,-19,0,-21.597368631126418,0.043822889783013394
e6391145-9ef2-4807-bb6d-30b8ce0b0383,2026,2026-01-03,8da08445-76e5-4e98-be98-4f101d670980,9f15591e-786d-4c01-a688-1272fa1c111b,6,1,0.2573247512111335,0.5637025258228318
e6856345-2f42-4cb8-8a79-30d792e47e49,2026,2026-01-03,7dc3e262-ccd4-4c87-8617-0ca6e819757f,6231ae3d-0d12-480c-83ed-e282959cb8c8,11,1,23.87901472196042,0.9858136413683848
e6acd3c8-c682-4b13-9ecc-6010e1cfb76a,2026,2026-01-03,813f7a1c-6264-4e11-88e2-21dcd0072c0a,f497a267-e78e-43dd-9ab3-4299cf11c08e,6,1,5.254383398230112,0.7025617622596162
e8b59bb4-38ab-40e9-b804-16e5bae53bf5,2026,2026-01-03,a76e8585-9bd8-4efd-ad05-93baa5c91a75,a9a08ada-6bbe-466a-b4ef-e2fe68dce231,-18,0,3.5479318309849535,0.6916459685047373
ea0ea97d-cbee-4786-b5ce-9f1145d3a777,2026,2026-01-03,95adaebe-3c7d-4cf9-9380-e96c95761e6a,26fd3855-d3a6-4b79-a7b0-559b447f5e6c,-10,0,-9.951705393449693,0.07892315473281299
ed1a4c00-6716-42f2-896c-15dae955f83c,2026,2026-01-03,694c9825-86e3-466b-9eed-01db85397149,9c03bc0e-03a6-4b67-a95d-bb653d5afc1a,4,1,5.823207507461071,0.7298526795288562
ee42c178-cb31-423f-9e3f-20521ce44369,2026,2026-01-03,e694b3cb-eeef-43f4-bada-32dba89664a3,30dcebf9-dcff-4743-a05a-d994a902866a,3,1,0.7244844900283487,0.5142514312100444
f1e16483-fe1b-4014-b51a-a8263e962d17,2026,2026-01-03,3f9ea222-2b0c-4f93-a0e2-601346d6030a,c64c255f-43f5-4a08-99f3-222dd9aa0731,28,1,20.94590326650402,0.9830723033774253
f2a5f75d-6f4c-49d0-9b40-f698b4ee9e07,2026,2026-01-03,2979c251-171b-4f39-b156-d19f2d179eeb,175fb86f-dfa5-4661-89d1-221410e04eec,22,1,11.474086243161114,0.9086549127007056
f5d5ea89-3f31-4592-98b8-13d2262a4873,2026,2026-01-03,63c7d34f-6b58-4a80-ae86-320a182ddcc5,8c2a4a9c-1ede-4db2-aecd-cfe02e686b8e,3,1,6.0232802641942955,0.7207299586938649
f858be8f-4f09-405e-84c2-a6f5837e58ce,2026,2026-01-03,60185dec-e78c-4750-a32a-2162e22a166a,a8ebd184-6249-4e7c-8e39-0d8d8249fe41,-13,0,-5.386045550849458,0.30981477799931906
fa41142b-0b75-4ea9-95f9-3faf01e35532,2026,2026-01-03,977af06b-e276-4d26-9f4d-4b3c41c67885,3710f3f1-b8c6-4f75-85b7-66deba7d916a,11,1,2.3244866587067086,0.5830030809742022
0ab3d6f0-f92d-48e2-b32a-123dc8c37e6d,2026,2026-01-04,9eea7343-e29b-42cd-8ec7-ccda00c95536,03914b2c-1603-4f8d-95ae-9f80025284f2,35,1,22.147321596298656,0.9826007653192541
17b9ac61-017f-4941-97c4-da504d68e084,2026,2026-01-04,ed01ba53-c6ff-488f-903e-9b348a195c03,7da471c0-9955-4f80-b861-d7753ac5a7eb,12,1,8.262161721561327,0.8163571744693708
1bd2aece-508c-450b-871a-5d9b0cb4c3ba,2026,2026-01-04,beb97225-0e05-4be0-acb0-2fdc74f6dab4,b655e208-570d-40cb-a275-91f219da9058,23,1,0.12724621887903528,0.5351023939697147
2116a6c1-22d4-4005-8d4d-17f3f962ab95,2026,2026-01-04,ad6d1a77-a3c3-4d10-9a5d-52b851597e67,cc517ba4-b26c-41e0-bc91-66f5ceb16558,2,1,3.5261786888976308,0.637647171024835
230f9df6-57b3-4d25-a855-a82474110632,2026,2026-01-04,d5861555-455e-464c-919c-9e6b99ce4495,71e0195c-db7a-4df0-b519-17d796d8957c,7,1,15.152206026393124,0.9415351288080704
28ebb4d9-7807-4fba-a847-a5271bcfd6b8,2026,2026-01-04,3dfeaa6f-de19-4029-bdaa-0f2bd8ea04c1,5e1572de-c2e7-4a5b-a605-c095da467409,16,1,13.884981252804872,0.9381837922164173
3fcf73c9-eede-47ed-82c1-6576db3a5213,2026,2026-01-04,eb5b8376-53ac-42b0-a932-bfc4994faa1e,85b4dcda-76c3-41e3-ba40-71e093a8dcd5,3,1,-1.8837763626155442,0.3154128033591499
41c97c55-a59c-4bc7-8ed4-5b16aabdf2d6,2026,2026-01-04,82ae3098-41a3-4c5a-92a0-aa7a592b5f7b,fc19569f-90e8-4af1-8b2c-981d4b9b0e7d,1,1,0.0007320249615354046,0.5046105955189528
43ac6994-b7c5-4111-8ccb-c8d7c48f64f0,2026,2026-01-04,a01ea865-0b00-4f54-90fd-8674ed23cf26,ed6e30f8-d1f2-451b-9a26-5c7f21af0125,7,1,-1.211333595404653,0.4502972849153626
4b5655c2-36fb-4f7e-a69c-87e1f908d09a,2026,2026-01-04,0792fde4-bca8-4a47-9b76-8d8191a2ac93,e41ccbd3-d51f-43e5-b037-4cb81b41b713,14,1,2.181492896128693,0.5942307398922019
5336f4de-a67f-4fb0-a0a2-1eb3f2b6897a,2026,2026-01-04,33b3ee1a-8578-4f30-9145-044433be9e46,43edca99-9154-45c5-908b-5e79c98e3147,3,1,5.78738768166676,0.7068102936935242
54df5408-74be-4010-8543-adbdf9b58347,2026,2026-01-04,f8fb3b2e-223b-4478-a029-9c1209865bdd,c4fed5b1-14eb-4033-8832-59e6c0004cf0,20,1,1.0821720153231427,0.567607800929311
56dc4bf0-8f61-4905-9da1-afa54a73e5e7,2026,2026-01-04,5a788fca-07ce-452c-901e-2d9250aa8f8f,a8b565bf-c152-4fc8-86ac-49c71bf2fc1d,-9,0,4.3623495931184975,0.7760908675145337
650398ab-d169-4096-a300-c7643a662076,2026,2026-01-04,29ca4fda-da79-4d21-b2a3-a87a25d02733,c836e6fa-56f7-4920-86c0-a3d112f21365,10,1,2.193760432427325,0.6268904391933495
68e4c2db-2a66-409b-a150-d39782e11b8b,2026,2026-01-04,5c7b85b4-380b-4ce3-bbc7-e0b1ac767c3d,3b0fb0e0-1625-4a53-8ad2-e353ec84cb0f,15,1,-4.525624263412152,0.30217475030215085
6dce7a2e-4e80-4b52-952f-36293ff467fc,2026,2026-01-04,6bc5ca07-a958-41a3-8a95-eb5988cd48d6,fe6d6aa2-4515-4014-88ef-eb2bd91e54fa,-4,0,-7.689647462882307,0.18899782233135273
7105772c-ba20-47eb-9cee-1868875ca143,2026,2026-01-04,ba89a28b-4588-48cf-be7d-683d7eaf21d0,195e638a-72ed-4f19-a47f-232630307034,-8,0,0.7270079270834311,0.5147177127788709
730746b8-10b2-4852-aca3-c74aeda93b46,2026,2026-01-04,ef533bc7-18e1-474d-96db-96668fe59c22,61080933-9c42-4844-9cd9-7cfbcb9cf94a,-19,0,-7.861336518402483,0.2622876794795627
78ee5a69-47bd-41dc-af6c-1c0a7c1820fa,2026,2026-01-04,1c701a00-1852-4c4a-8179-2273b474748c,c8280280-8b91-475c-9d30-faed3dc9ec3e,-8,0,-6.593634617048411,0.2620304605385893
85b3da4a-5ec3-4b44-a51d-756452f8a99f,2026,2026-01-04,0b613bb0-e3c8-412a-8845-b9807552ba60,e088b1fe-16ee-4cf1-baaf-6ce4139f13df,4,1,12.333110186248428,0.9194392976925444
87059b4d-968b-4e36-8869-030aeac5b4e9,2026,2026-01-04,528a1feb-658f-4522-a7ce-decc11b8b925,b5111a29-5c09-4364-809c-3686a2b45d1f,5,1,-2.6832670928530344,0.3682653570683726
885c2608-c857-4835-aa98-be91fa95f531,2026,2026-01-04,f37e86a7-66bd-40dc-b008-7a9017dd8f59,28c5e9b8-df2e-4fea-8442-2a3c31753cef,-3,0,12.850626839294668,0.9107706888209328
8ae9c0ee-c0b1-40a9-a66e-003bd3842daf,2026,2026-01-04,9b933a83-ef6d-49c0-ade8-facfdeda3183,8af24be9-3bcf-49dd-8a7a-9a412402712a,-1,0,8.988622581478705,0.8584750910058645
95de1fd9-16ac-436b-b7cd-ef81a145aa3f,2026,2026-01-04,bf002b1c-e14e-48a8-9c75-d70de0b2a31d,474c10f3-c223-42d9-b9e9-48c37898ace8,7,1,4.605655779487838,0.6913348023070724
96b7d2c3-e39f-482e-af0c-79418bf541b8,2026,2026-01-04,2232e72f-0d57-499b-a956-680031e1de18,81e6f1a5-d8cd-43bb-ac87-6c20719f72f3,45,1,6.849891986413637,0.753472304954552
97b91907-6077-44bc-9581-6ee9e15245d5,2026,2026-01-04,3ce97af9-70d7-4dc9-b13b-4f4221b9e09a,0cc86d2a-a1ab-4ebb-a968-3d4011c8d356,5,1,6.631803727796907,0.7711317667003713
9a9846ed-7b92-4598-983e-70fb1c37d0a2,2026,2026-01-04,2d467e3e-e5d9-499c-a1ed-225d0c3ae91a,81d0a946-6d46-4a7d-88bb-29e19e5f5599,28,1,18.805239810244874,0.9671159770665122
9c0d463f-a87e-477c-bf3f-089fda7a3c90,2026,2026-01-04,023093fa-50bc-4974-a6da-14f0e4b070fe,47407d60-8e46-4d83-bf47-4b7ef8576ebc,-9,0,-11.334711837594615,0.11957862455165776
a97a506a-d14f-4282-8349-49e832f731eb,2026,2026-01-04,2ad39bf7-6b52-4185-b83e-15dfc5686cf0,d6a99784-3b3d-4ae0-a5c1-6689f04c9255,-14,0,-13.474886688901853,0.07110614949104758
ced275ad-4c6d-4b19-813c-9894dc9b4fdc,2026,2026-01-04,592b259a-709d-44c7-b547-07d6529132b5,2f197fca-5329-4606-8c7d-9bf31ea65732,9,1,11.626322869770606,0.9032630600000416
d0635978-9c52-4eac-887e-691151bd2ed8,2026,2026-01-04,0cd88aa1-5ccf-4454-9b08-d57795a231b7,8423734f-7076-4655-b3ef-3528aa9176ff,3,1,-1.3773850439905433,0.4310358961008037
d1c2dd5b-3815-4085-abc3-f49f0d0001e7,2026,2026-01-04,c155c6af-1897-464f-ad91-10b605e5eb7c,8b53b385-4f61-4998-bac6-527e69c1fd6d,4,1,2.7214021240127724,0.5972318667623928
d4798902-684f-47a6-8f8e-f338aa7abc02,2026,2026-01-04,15e4f40d-8279-4f7a-8095-613e3a6ded31,968fdb79-e800-43ac-b93d-53a22dee3a03,5,1,11.05370268917329,0.8925110679156152
dd8471b4-cb0d-4440-97a9-e7a0625d0a0d,2026,2026-01-04,3b612ea1-b264-4279-9f72-b45216bfea4b,6b34a383-3696-47ff-99bf-1b690f616a28,5,1,6.686359355221542,0.7468699966537279
ded11563-7959-422c-8f96-456d3e66213a,2026,2026-01-04,d3445fe1-27cc-4d88-b2df-6ce2afe13156,9c37b6c6-f9dc-49e2-a128-2681c0df2bf8,17,1,13.856547749643534,0.9213803725459431
e1e1ccef-87c8-4acc-b47e-c32724747825,2026,2026-01-04,cec32a63-a501-4a6c-b2c3-dba31694d2b2,1caae9e8-45a5-4b50-88a3-e3d388c52d33,2,1,0.11314764890049274,0.5209246186692293
e6375746-6330-4426-afd2-c71ad464bd2f,2026,2026-01-04,cb2346de-1887-4050-8b6f-5480779486c2,66d6cb28-25f0-41bc-9fb1-d15a6dfca6ac,11,1,5.634489005483149,0.7491911596150718
efd1c3fc-664e-4452-9cbe-993bfede8a33,2026,2026-01-04,3e01dbfe-c709-4674-98f7-dc2f25d068ba,534c782f-f9f8-4d61-845a-76e90b321da3,11,1,6.57161672230447,0.7817187373503056
0a58abac-9472-448c-b1fe-034bad7d9be2,2026,2026-01-05,20bb1fdb-2581-4660-92f8-ad08c3a60acb,1aa7f46f-1a21-46c8-a8b8-ee19ee4b1e6e,-16,0,-5.073509856816398,0.29126925785223384
0cc9a9fb-99a8-4fce-9e52-2815fc50ec52,2026,2026-01-05,6265a954-0017-44e5-bec7-cdb2fcc8f527,94a323fa-c3d4-4718-a4bf-f6dd1c93c5c9,-3,0,-0.00024094186746303342,0.4112088719801006
1417d1af-849b-41b7-a8e3-a77086f63ea1,2026,2026-01-05,0c280802-395e-44d4-8c2a-fb539233410b,9c03bc0e-03a6-4b67-a95d-bb653d5afc1a,-4,0,6.208244238497359,0.7354092823214765
2f2376fb-bfc5-4e31-9d53-44646bdaac2b,2026,2026-01-05,5556385d-827a-48ff-a603-cddd42d7d7f3,8d2fde4f-31a7-4491-9fcc-f04ced66e74f,3,1,7.360355873466815,0.7469511244171141
32d4e639-ca11-4128-9b0d-68229e028531,2026,2026-01-05,26a9b9da-a6e0-4e12-a95c-e1e51e72fcb0,26fd3855-d3a6-4b79-a7b0-559b447f5e6c,2,1,3.333639629487633,0.6648763901628759
4f4d14c5-ae96-4244-b55c-53cdd4610b88,2026,2026-01-05,fb351878-91c8-4144-83c1-92f166d447f9,976a062a-415a-4be9-870e-c2b6aa726c28,13,1,12.803823753004622,0.88039999541178
6ab41ee5-0150-4df7-965a-cc0c97db7cb7,2026,2026-01-05,7a2ae4f1-b509-40e8-b553-cbea5aabc4be,fbbdc24a-ba43-42e2-afcc-a328f0d9938a,3,1,0.18891377869697734,0.4903183080868144
8e3320a5-928e-40c6-923e-421dd68f00d6,2026,2026-01-05,64d8d377-0ced-439d-a3a6-bbf2100037d9,4cc6318d-53ba-46a4-90a2-0714f3d5dc14,10,1,11.014297725978125,0.8906967971389893
98ccccc6-67eb-418c-bb1b-d40db73a8e6c,2026,2026-01-05,694c9825-86e3-466b-9eed-01db85397149,54da433c-23a6-4200-94c2-fba0e56376df,17,1,2.5790973681328433,0.726043140263999
a3479a24-c9d0-42ce-918d-59ce1b84083b,2026,2026-01-05,5a3e7af6-53d5-4398-8c0d-97e0d9ac977e,f31b656e-13ba-4eb7-bd53-66b20405c905,29,1,14.375187308812901,0.9289149988402443
b55caee8-e341-41c7-bd59-7f4a3e9820d6,2026,2026-01-05,f77c8c1a-5fb3-48ef-8210-484010dd5e32,1ac6eb65-663f-4f4e-b7cd-bcc9ec53efe0,2,1,-4.895019734547059,0.29888268213667124
c7bb51f8-6589-4c7e-908d-f522302c76fa,2026,2026-01-05,60686ba3-d38f-468b-ac14-3d7c8518e868,ed251b78-3a68-4e91-b25d-08ef8bc8face,9,1,4.319727821303647,0.6502416278985339
d958b3d8-39ee-4a92-a993-81622a6299c6,2026,2026-01-05,853ab0d1-c982-4e7d-8187-8600084662c2,bff1b03d-2382-45fa-a062-45884591e89a,2,1,5.56343667401354,0.7740137303284662
f7c2691d-71e9-4e86-a3ca-f379df40afc3,2026,2026-01-05,95adaebe-3c7d-4cf9-9380-e96c95761e6a,65457ba7-a038-4a4b-bb9c-249804bf4db4,8,1,0.39036705613378914,0.5488570258074761
02274320-363f-4ccd-a25e-55f6f3e88225,2026,2026-01-06,d783c621-0bb0-477b-8bad-8785e9451e21,edb2bfd0-017f-4df2-b9c6-d8dcacb7e929,4,1,8.887121985362759,0.8160567999512206
0793a9b3-72f3-4c21-8f39-d6759140dec1,2026,2026-01-06,eaa03f66-f667-48c2-9f30-ccce38d89e56,d414d5fc-8653-43b8-ac66-ec8f63c74c82,-11,0,-5.906663530268127,0.2532406537298196
0c74743d-b366-4cc4-8b8f-e0f1283d4b11,2026,2026-01-06,d1841f3d-03f4-419e-bedf-c218d150aa9f,fdfebc81-138f-45de-ad5a-cdb4c98c5dc1,-10,0,-4.9971862047983375,0.30416730875633147
0f3d6aad-188a-47d6-aa22-bfcef3725503,2026,2026-01-06,0cc7096d-eb8d-4e4f-9906-93bf951805c5,1ed24078-84ea-4147-b356-c8543c93aa1d,3,1,2.2191080598813326,0.5642006919026334
260688c4-6c03-4008-8277-f0a718daca2d,2026,2026-01-06,14372359-5589-40fd-8dcc-6a04bbe7338b,2979c251-171b-4f39-b156-d19f2d179eeb,7,1,3.096846399410733,0.6931228794481721
29461811-c987-4fbc-bf2e-63b6bd4a1476,2026,2026-01-06,6a5388a0-3d9f-4fa4-b592-775b2c31e741,69c2db2b-a8d1-48d3-89d0-ef9669af0b7d,4,1,2.8101956682503886,0.6290167200976806
3272b27b-800a-41e0-85e1-4bfe8f2aeb55,2026,2026-01-06,c68084a8-36ec-4f0e-963b-561f5ea2c46e,3d8fedb9-0847-4666-82df-5f520b704ff4,-2,0,2.033022987789357,0.5698932558361908
373e83b6-a391-423c-9945-4a32daa238fd,2026,2026-01-06,90df5863-ccc6-4ffe-b441-dee520cc7fed,d9469ea9-44c5-4803-8d5a-39cf4028ea3a,-2,0,-22.55955467495386,0.04134046618834788
506186f4-a648-4dd2-adce-941c9e71203a,2026,2026-01-06,567fb73b-73a0-4437-a1ed-314d40d93e6f,6eed5456-f1b2-4e4b-966f-71949e9d90ed,3,1,-6.159038556029614,0.269817563734308
50f1d3d2-9c45-416e-846c-33a940d7d2a1,2026,2026-01-06,a4e52f2f-5193-40ce-a997-0e0be093d86a,4f107cef-d28a-41e5-b9c9-9f537c5a92e2,2,1,-1.1655147644976471,0.41481221453285416
74b97bfc-099c-4ddc-ae89-4b6c04834896,2026,2026-01-06,711ff92d-65bd-49a4-abc4-7aacd8c11f9e,023d3704-bd8d-4c41-a3dc-e747ba7ed642,11,1,13.900378392579922,0.9323599326629313
74ca2a56-d597-4f81-ab25-62b946875004,2026,2026-01-06,2a453d52-4fcb-44e2-84c8-d2c1f91eccf1,d88ac8c9-9fc8-4e76-9426-cf44fe70db47,-14,0,-9.273888714373774,0.15378022022944324
80e43b6e-12fc-4739-b9b8-5ecacdf7737e,2026,2026-01-06,c64c255f-43f5-4a08-99f3-222dd9aa0731,aa9a338c-8749-42c2-8655-1caa89068a61,-37,0,-20.79663567654615,0.04111507909296303
8196daec-d5ef-4bd4-a2db-42144dd6696d,2026,2026-01-06,082024ec-29ae-4a22-8851-c5373988f9bd,62093611-a202-4f7e-8d13-ed4c5498a9c1,3,1,-2.763093139164113,0.3959639345101566
831c1b1d-6c36-4495-af37-2ee9563aeba5,2026,2026-01-06,b7139fdd-2b24-42b2-80d8-3cc79042b563,8da08445-76e5-4e98-be98-4f101d670980,11,1,1.666312594642907,0.5727690085958217
9792359e-5220-48cc-b247-1bf6d085e03a,2026,2026-01-06,3710f3f1-b8c6-4f75-85b7-66deba7d916a,69001211-8ae2-4829-9746-40b6a0858890,14,1,8.735869636201743,0.856178783957458
a853adf7-b474-4d1c-95c2-49f9628a955c,2026,2026-01-06,94d2459f-8edb-4281-8038-8b2dda825fac,8edd905e-18d4-4618-ba73-09af639ca94e,-10,0,3.6111224393882764,0.6454823200654635
af78b227-6cf7-43f8-adcd-83179508c936,2026,2026-01-06,0fbb2a6f-3944-46a9-9fa8-51376e18b3d9,1b50e98c-801a-4835-9b4e-b0d563152b2b,13,1,19.61418067755569,0.9810887020831455
b3a2535c-7e6e-4279-a1cd-8f9d38d658bc,2026,2026-01-06,032eda63-2e4d-4c72-8c92-51b97442dea9,076baa43-c839-437c-8a6b-5074277599df,-15,0,-1.7200104306586916,0.34967068745792007
b8461cb5-7f3f-4407-bad9-ec00679ff0fe,2026,2026-01-06,9f15591e-786d-4c01-a688-1272fa1c111b,813f7a1c-6264-4e11-88e2-21dcd0072c0a,4,1,5.391900371604719,0.7097550966615415
bad3205c-b831-4b63-9621-c6e109840c4d,2026,2026-01-06,65cd560f-8b8d-4b8f-8a2c-2738484621b8,b468e5c1-fd80-4c61-8545-54a03c959ff1,15,1,13.62094348374329,0.9360907819790204
c44d9a54-2acf-46f1-93cc-818b856c2fe5,2026,2026-01-06,f598c6c5-97cc-41a4-83b2-84f08d3397f9,3f9ea222-2b0c-4f93-a0e2-601346d6030a,32,1,3.2640110177396493,0.6602904951153895
ca673d9a-254a-4474-8704-692ba131ce44,2026,2026-01-06,2c2e9f9c-9d33-474b-860c-f9230f147fcd,18b86bee-6b10-4c86-95ef-959dd2d80cd5,-14,0,-9.024704553970944,0.14976683834600843
ce7d7c3a-ea15-4828-9e16-eaf5d36ec63d,2026,2026-01-06,e6f966c6-5104-484f-a3a8-a7450aa491ae,364c8255-118d-4dcd-aa72-a62621e3aeb6,8,1,7.241282318788627,0.7600278000865829
de97c9ca-ad54-47c9-942e-3283c86964cf,2026,2026-01-06,0423c35a-c25a-42a0-a0da-e1918c78cd5f,be625a9e-aede-4fb2-98ad-3c0baa02528c,-5,0,-2.2966593091778558,0.3905630236094436
e34d90c8-517a-40ae-ac37-f4e9514eb5b9,2026,2026-01-06,1ba8fbd8-4401-4226-b1cc-82e937c56657,33fe6f07-54b9-4b44-a9f3-e273b8b240b8,-10,0,-1.4326562401534277,0.3905343873163274
e6ee0b48-3047-42ce-97e4-b2e58de38f87,2026,2026-01-06,be57d339-192b-4f8a-80f9-e4dafde63035,d5485362-65cf-40d8-bd4e-d8c6c4613f82,-22,0,-1.9612391839159153,0.45766245889511653
ee9c86ed-1de9-4d8a-a130-71fb363bd1d0,2026,2026-01-06,f8a7f441-6bad-4648-bfac-a202788a07f8,7cc2bc8e-b314-42a5-81cd-bd21acdd42b2,-8,0,-7.14939142506594,0.23948894200489243
efc2589b-3520-40fa-b736-c64de35df07b,2026,2026-01-06,9aef881d-7fe2-4fb3-a80d-0b567f388490,d1623d0a-64d7-43e3-9f9b-36356767823e,6,1,1.488144657199785,0.5567430180788983
05be8f47-1b71-49bd-8d32-1133e6802f60,2026,2026-01-07,4e0916c0-6045-4d71-8568-b5e486ff2f92,195e638a-72ed-4f19-a47f-232630307034,-9,0,3.778154174675371,0.6395437597664319
077e2683-3cf8-4685-b7d3-86033beb40e9,2026,2026-01-07,68f210a8-33bd-4d79-a5b0-222aabe727e7,3dfeaa6f-de19-4029-bdaa-0f2bd8ea04c1,-5,0,-8.646606658461817,0.18141012398053372
0e14104b-e87a-4da6-abc3-3ea7a5711d4c,2026,2026-01-07,31ca13c7-e30a-4d9d-a3a8-5197d5e4342a,175fb86f-dfa5-4661-89d1-221410e04eec,-7,0,6.240049696434852,0.778123383741059
19f26fcb-2ec0-4ad5-83ed-8dc12b9006ee,2026,2026-01-07,6cbdd7e0-da8a-4b62-98fa-35c1f62f4afd,2ffb1e88-0784-478a-b74b-a0a0832b4e30,12,1,2.837153349120665,0.6716420400993167
1a29ea4c-ad46-4b52-bb7e-07b8db452111,2026,2026-01-07,4ac9a4d0-e97a-403f-b290-b7bf3c0e8308,1902edf0-3770-4094-9f92-722731ac4c93,-2,0,12.658812877725845,0.9254255563805206
1c335460-23cf-42f8-99c2-0c1696b7c81b,2026,2026-01-07,28c5e9b8-df2e-4fea-8442-2a3c31753cef,85b4dcda-76c3-41e3-ba40-71e093a8dcd5,-5,0,1.8421866174503925,0.5671294020759631
1cc8b9a9-d57c-4069-8713-ea5e60569c94,2026,2026-01-07,8a720b96-af6b-4ada-bf15-b7b80a091274,6833b588-1856-4519-a296-afd069ebabfa,-15,0,-3.723147471860294,0.2966408031283952
1df801ef-efda-405c-8593-0816a7bd81b4,2026,2026-01-07,2f197fca-5329-4606-8c7d-9bf31ea65732,ed01ba53-c6ff-488f-903e-9b348a195c03,7,1,1.3635277432958053,0.5349647768228126
1f67ac50-e227-4362-af67-7b4e811142bd,2026,2026-01-07,a01ea865-0b00-4f54-90fd-8674ed23cf26,afbd548e-958e-452b-ac58-5b58b416aeb3,6,1,-3.241696342126445,0.328426409680998
214ca804-b075-49e6-8d33-233c7b28b3a7,2026,2026-01-07,f945abf6-7dca-4e3a-b475-bceddc534fb9,e08292aa-f0dc-4c1f-ac0c-138ec5d15372,24,1,9.888161235659652,0.8422747306174087
23d30944-f747-49ea-ae42-5b8196685b55,2026,2026-01-07,ed6e30f8-d1f2-451b-9a26-5c7f21af0125,8af24be9-3bcf-49dd-8a7a-9a412402712a,13,1,3.183428497687289,0.6346801724359897
2451d3af-bd34-4e55-a1df-3ef8867cc73c,2026,2026-01-07,67bb6cc2-0917-4bf3-ba89-bc624925b956,29343f0d-eec4-44e0-923a-b7c6360ad1cf,-2,0,4.702750745553256,0.6740108483776364
2580e258-b8d1-4c8e-91d9-4476e9152a0e,2026,2026-01-07,3b0fb0e0-1625-4a53-8ad2-e353ec84cb0f,bf002b1c-e14e-48a8-9c75-d70de0b2a31d,10,1,9.408243279907827,0.8007236288556956
342117ba-bcd4-4ead-89d8-75bd70c4cc9a,2026,2026-01-07,8ccf579a-f19c-4639-b260-5fa8dc2c90f0,512bdb5c-66bc-40fa-a392-cffe3e058403,38,1,15.249043144880575,0.9441058878298153
3504c201-51aa-4bc2-881e-fbd27f04d149,2026,2026-01-07,68f6ce17-8443-4257-ae33-1f240c722bfe,e77246ad-855c-468d-8b07-828f76134191,8,1,8.681901236489995,0.8169820277789601
3eb0813e-aa86-4d60-abb0-bfa7f9c27e2b,2026,2026-01-07,7dc3e262-ccd4-4c87-8617-0ca6e819757f,63c7d34f-6b58-4a80-ae86-320a182ddcc5,4,1,8.517839045675897,0.8233287168128607
4e2b9a3c-be90-40cb-9abd-31c4fe83e1f1,2026,2026-01-07,e23a2171-157b-49cb-bf14-34996402c465,33b3ee1a-8578-4f30-9145-044433be9e46,-2,0,7.280166935760037,0.7981427674824484
5972faf9-e68b-4b9f-a5cc-e62d549ea70a,2026,2026-01-07,a544a5d0-4cd1-4756-b079-30a9a7905cd0,c836e6fa-56f7-4920-86c0-a3d112f21365,8,1,13.25809994282143,0.917688235227427
5dcbe0f3-d0b3-473e-9c97-a2b6be7eca06,2026,2026-01-07,5e1572de-c2e7-4a5b-a605-c095da467409,cdda7902-04cd-4834-972b-072f59dd1474,1,1,8.072514979581815,0.7935903789339939
6b0496f6-3c36-4466-bd84-2c60fe239913,2026,2026-01-07,6899ea71-b4b1-45de-a54e-8eaefcc5e6f4,72daa240-1119-4159-899a-d81875c1c916,-11,0,-1.95157973637003,0.4493632261662692
78cb3eac-38a2-46b2-a94a-b52ca1873474,2026,2026-01-07,8c2a4a9c-1ede-4db2-aecd-cfe02e686b8e,955bd58f-0ae1-4b55-af26-b19062a2c04c,11,1,4.680153228182251,0.7116898588307194
7a9700c3-7ec8-44a1-85ee-dad3c72a20cf,2026,2026-01-07,cee4e9fb-16d1-4b9a-bbeb-6f26c9d5c340,fff30549-83b5-4c44-9f3d-444f65ede45f,-5,0,8.906035855352789,0.8151439931258174
7c18d018-f573-4149-a319-9db5e3eab3cb,2026,2026-01-07,700ebcb7-55a3-4967-b5ef-89731a047790,28cde209-3ae8-4939-9d83-2a6d645d427d,-1,0,6.948919204513764,0.7977752683877574
7e14fa66-7f22-44ab-9624-c7c1781b482a,2026,2026-01-07,cfae9c2f-9713-46de-9159-5064cc63dd64,0270a5a5-82db-4c54-901d-c9c8dfe3741a,19,1,4.77271778981071,0.7457249928753326
7ead6f71-b438-410d-b8af-600acf15c7eb,2026,2026-01-07,0b613bb0-e3c8-412a-8845-b9807552ba60,96e82d65-67c2-4e96-a2fb-d7ca3dfe1353,13,1,11.790148437120008,0.9063203753710617
85cf588a-6e5e-40cf-ba13-588fd351455c,2026,2026-01-07,c4fed5b1-14eb-4033-8832-59e6c0004cf0,cec32a63-a501-4a6c-b2c3-dba31694d2b2,27,1,8.758777620179588,0.8325554235927299
87ee018a-babf-4366-a936-6f36d816c113,2026,2026-01-07,51ad29ad-74f3-4879-a2f7-b09ed6f1c3e4,124dd15c-311b-4d83-becb-7150d849218d,-16,0,-3.4117979296672987,0.3373633346759955
8c821b06-1a0e-477a-9617-d31c825c2577,2026,2026-01-07,b28075f3-bd4a-486f-b563-0081500049b0,79116858-d6a1-42d4-bb91-450b44d1e6b4,2,1,3.1443244561969586,0.5841436593547259
9375aea9-0765-4c66-9e0f-7d9a114415cc,2026,2026-01-07,f1d6ac08-ce96-4b53-aaea-ae291068cf23,60185dec-e78c-4750-a32a-2162e22a166a,7,1,4.087129540974394,0.6145068437246727
95e5416b-8313-454d-9667-4dadf9688574,2026,2026-01-07,c5d35bbc-89d4-412c-8778-037158252c91,b86cac40-e643-41b0-ba96-76ef03712c8c,12,1,6.203718098403099,0.7485029226881244
9f985b47-90bc-4428-a224-d85f50373b7d,2026,2026-01-07,2ad39bf7-6b52-4185-b83e-15dfc5686cf0,f8fb3b2e-223b-4478-a029-9c1209865bdd,-10,0,-7.783381173808722,0.20450391968080323
a44afb2c-22f5-429c-97bd-11957f824812,2026,2026-01-07,ba959da0-313c-4413-aad3-124a5c216494,33a13edc-a688-48dc-a4f0-c3624bb05c07,21,1,14.134995240190282,0.9450293370031295
a87188a9-e438-4aa0-a83c-08140e770501,2026,2026-01-07,a8ebd184-6249-4e7c-8e39-0d8d8249fe41,b7431929-7ebc-42a6-bef8-d0c5715e2c86,-9,0,0.43709053717316393,0.49853818218029833
ab0a143d-131d-4c4a-8715-1a5a81d6fdde,2026,2026-01-07,93de5342-985b-431e-9c3e-515381b67402,977af06b-e276-4d26-9f4d-4b3c41c67885,-7,0,-5.456124209735556,0.28530235952359234
ac7045c6-244c-43b9-9bd9-8c40554149da,2026,2026-01-07,87526af4-8053-4a04-978d-c8209eb24368,caae45ce-7d6f-4f0e-a536-6d05e2ae5086,-8,0,-2.0886100220977197,0.41434738829660134
ae0c1145-d705-4b6b-bd61-ce6aece6dc5c,2026,2026-01-07,dedb794d-6852-4b7b-904a-15cd66966a0a,29ca4fda-da79-4d21-b2a3-a87a25d02733,-18,0,-9.016205318838912,0.16663463089767647
b0560aa7-cafd-4b17-b221-16dfdf60a004,2026,2026-01-07,557c7aed-66c7-4dde-aef2-6dc573ec91e7,ab2292aa-bfd3-4e49-a17a-cf970962e75d,-16,0,-12.241878162401783,0.12543602617660873
b345c114-247a-450d-8f0b-9aa7052f4a12,2026,2026-01-07,89146125-2618-4b85-9bb2-a7d785fc8c0c,b58418f4-b3ae-444a-8ada-74ff43e88ea9,-17,0,2.2052565115544587,0.6437790316460541
b4e302af-39b7-460e-b487-5b5b5699e89f,2026,2026-01-07,f497a267-e78e-43dd-9ab3-4299cf11c08e,38f31497-065b-465d-ab24-3fa581de1831,-10,0,-9.00059344798373,0.1831945102327463
ba99373a-8cec-44ea-912b-cc38cf3828bd,2026,2026-01-07,b979de70-af07-4320-9f20-2b9606ce8cd6,2780a057-59e9-4719-9190-6a16ecffbaba,8,1,9.797493002745219,0.8740834880951291
c214657e-9793-4db4-8550-9d8136323737,2026,2026-01-07,bcadcb9e-4b19-49d8-a836-b1224d88a96c,b9e807be-99ad-41c2-94bc-6049272e3254,6,1,4.242590405586614,0.6826973301812357
d5d81608-7ba6-4e99-9f79-9d7d4d3742a8,2026,2026-01-07,64d22a8e-0b18-48ea-a6a3-5619cb8be43e,d1c3793d-80d2-4adb-98a1-ac3c584bb64b,-4,0,-3.5687472423877087,0.3929739455456322
da8f3b44-fc6e-41df-9b54-4c7f352501d7,2026,2026-01-07,528a1feb-658f-4522-a7ce-decc11b8b925,f37e86a7-66bd-40dc-b008-7a9017dd8f59,-4,0,-6.465084685977605,0.2731724619987585
e1060960-a9a6-4028-a7b5-d7402e802510,2026,2026-01-07,8315c904-1e6e-43c1-a538-e2bbf8bc9ca0,d7af5a06-c331-48d5-a768-4a3627420b0d,5,1,3.945303405930724,0.6550325574333478
e6fd7bf3-c534-4031-af59-ace0fd86ae36,2026,2026-01-07,179abcd1-98d5-4dc8-8532-3f8ffee320c5,57d94665-96b0-49e9-ab6b-a7cd6a1492d0,25,1,21.1857714444354,0.9822585732139884
f4e8c0c5-d415-43f3-8dc3-389c8c50ac97,2026,2026-01-07,8921f536-d6f1-4d5a-b369-5dfb136e1717,6231ae3d-0d12-480c-83ed-e282959cb8c8,55,1,33.56667086757811,0.9906038040582053
f9caf19a-47de-4457-beb6-98805e503a7d,2026,2026-01-07,ba89a28b-4588-48cf-be7d-683d7eaf21d0,9293675b-8878-4a32-bee5-496b4818dbde,-9,0,-2.1929407370809906,0.407328185132836
fb5d97aa-200f-486e-a5f9-9a42a59f2a86,2026,2026-01-07,2b7eed3d-9921-482b-a193-759486c9b225,7b637d45-2602-47f9-bf37-40d1043643b7,4,1,3.7511161085984432,0.6997755937619022
fbfcdeb2-abdc-47d5-bdb2-fa6b4239de55,2026,2026-01-07,d6a99784-3b3d-4ae0-a5c1-6689f04c9255,9b933a83-ef6d-49c0-ade8-facfdeda3183,-13,0,1.6485170550542314,0.5709137681844633
fc14722b-c8f7-44e4-9b01-11c8a01178d0,2026,2026-01-07,3b63b27c-8c94-4fb9-919f-62cd7944deb1,6038b249-00da-461c-9074-cfb1ed11d9ab,12,1,2.298834388296572,0.6255387847964061
fcef7250-05a3-43e6-99e8-580d6678bbcd,2026,2026-01-07,e80d2384-bdc2-4f58-b09a-284a659a4d81,cc517ba4-b26c-41e0-bc91-66f5ceb16558,-4,0,7.037712891152722,0.7975870610089293
ff3dd6e4-cebc-4f47-b227-69d30bd83a82,2026,2026-01-07,ec98d839-43bb-427e-83c8-d832063ad70d,fc1af6b7-242a-42bf-bbe3-325108828697,28,1,8.165059817528407,0.811438988094187
ff97a9d9-7693-431c-ac09-8401c71c7b9d,2026,2026-01-07,b9984408-0526-4a1b-9cb3-d6450264dcd5,1cff0c34-63d9-4a64-a258-a50e61fee7cf,14,1,18.84991739609713,0.9672926425329594
0685335b-9710-4ba2-9c2b-da60de271b03,2026,2026-01-08,a9a08ada-6bbe-466a-b4ef-e2fe68dce231,71835168-f6e1-4523-997c-3851fc41f646,-2,0,-6.148245497417981,0.28686442052855166
0e8dfada-08ba-4a12-bc6f-5e872d82ae2e,2026,2026-01-08,72aa3e8c-3c62-454a-8f40-09b46ae0cae6,ed251b78-3a68-4e91-b25d-08ef8bc8face,11,1,-0.47857256066417647,0.4891109844823555
15af2b65-77f8-4208-8694-6856d5b9d621,2026,2026-01-08,160d00cd-1792-45ab-a465-c2d2dcdcab1b,428ae1bc-1e48-41c7-b7f1-da980b8a18b8,1,1,-5.008457814077602,0.3118453806687134
194070db-a63c-47ad-9587-1d07bfe81a9b,2026,2026-01-08,84769f97-e86d-402a-9eb2-d31118f663ca,41a1e4ad-a290-41a2-8940-662b1fc85e89,-11,0,-0.6866684300641099,0.5011976854155814
1da828a6-286b-4dc3-8db8-081918098e24,2026,2026-01-08,47c889b3-c1a2-4035-ab56-edaeee3a3c86,b7591c8b-00fa-47a2-8280-adf031b24a4f,4,1,8.144868328496676,0.7869771865612952
2033b16f-f346-40c2-9f1a-dfffd05e83ac,2026,2026-01-08,5a3e7af6-53d5-4398-8c0d-97e0d9ac977e,b678d94f-1147-4cd8-b221-3155893eb1a9,10,1,13.59200108042189,0.9145822618327816
204db214-37be-4921-9648-b56567cbf200,2026,2026-01-08,6f01f32e-67fa-44c7-8440-24a263829a82,8fc903e0-95d5-42fe-8972-bae53e4456a2,-9,0,-6.725700704738888,0.22106226925003714
21f807e7-a418-4edd-a872-228d8cf0273e,2026,2026-01-08,508005ba-15a8-426a-997c-b0e36e4e6b58,2a5848e9-342f-42cb-84e8-90f6f573bc8a,-12,0,1.3147128138940867,0.5225266800525697
28f70422-0883-4dc0-b11b-db0f37c1e943,2026,2026-01-08,6b34a383-3696-47ff-99bf-1b690f616a28,592b259a-709d-44c7-b547-07d6529132b5,-16,0,-2.385739691549113,0.425482700353567
2a320a9a-2ef6-4801-bd79-96d7a3ef371c,2026,2026-01-08,e41ccbd3-d51f-43e5-b037-4cb81b41b713,9c37b6c6-f9dc-49e2-a128-2681c0df2bf8,13,1,1.4788381172379006,0.5518692838427925
38a807a1-7098-487d-b27e-5fdaca136cfc,2026,2026-01-08,e2d3ca81-2525-473b-8700-136b6939d5b4,aaa0be6c-4ab2-4cc9-be12-f8658ecddc9f,7,1,17.266463989032154,0.9528131824826594
3a5ce106-d060-45d7-8ea4-f00e18148f8e,2026,2026-01-08,131339ab-8b21-40bd-af91-c2dd728a68dd,be3dc89e-c7d8-42a5-878d-a2f181f0914b,10,1,1.8328277524736862,0.5755849092635237
4036932b-3b18-4b94-8fb0-1bc900fe9792,2026,2026-01-08,34176634-892e-43b1-917d-cc003f8b9c03,94d66457-cf10-4bc2-b52f-faf466454856,6,1,8.968700188943318,0.7894013891171919
44b751e5-5b95-4c19-aa33-a2505744882b,2026,2026-01-08,b2c3c0ff-6592-4132-b527-e3784532b0a7,0b81f60f-d170-4ec1-9003-5fc16e4afa3d,12,1,10.962404263185151,0.8369056737693511
49f62781-1951-4df1-bb12-0660cd807fc6,2026,2026-01-08,3e01dbfe-c709-4674-98f7-dc2f25d068ba,a8b565bf-c152-4fc8-86ac-49c71bf2fc1d,7,1,6.710017729089449,0.7847797852888676
4a24c731-7e8d-42ef-af8c-3623bd674343,2026,2026-01-08,98674fec-442f-4d8e-bff0-fca634b9ceb1,3203894c-786c-4e1f-ada5-c785afe033a5,8,1,10.095509991651014,0.828318301041022
548059ac-1776-4500-a1c8-8bc0a950aa8f,2026,2026-01-08,083c67a8-1a0e-42e4-b3e0-c3872a10d8c2,ea75002f-0c50-4cca-8d60-8926c2f2c077,-14,0,2.8429488840317854,0.614635228331915
54c80f46-a51f-49b6-a0f8-90038a879f67,2026,2026-01-08,3ce22877-c834-4b53-aae8-5129d36175b1,53e97ae2-3cae-46c5-8353-41eadbb17d61,10,1,3.47706971551541,0.7035167177235716
5f439086-c994-4f20-abe7-24d9ba6880d6,2026,2026-01-08,bd78de3d-6129-4bfa-8203-6ad7e79b5e54,7a2ae4f1-b509-40e8-b553-cbea5aabc4be,26,1,26.686957809034585,0.9857303255619325
635e8e9d-88e4-49b8-a840-21a343e5a5f2,2026,2026-01-08,8cc8f38e-384d-42b4-906f-97ff66fee7d7,5cf39234-dfea-4208-be18-092f71c2f05c,1,1,15.32314467193828,0.941368343986597
641c10f0-c7ec-4126-910b-d82147bcbd38,2026,2026-01-08,96649453-7ab9-4024-b242-590c57b62ab6,ec7aba22-2b7a-41dd-801d-063cca9a4c1f,-13,0,-8.185008378719893,0.18072010063300586
6a849bef-e5ca-4684-94cd-1b99a0d82bde,2026,2026-01-08,a76e8585-9bd8-4efd-ad05-93baa5c91a75,86dd8d64-758b-4592-8af6-2536cef92fc1,-4,0,1.7063719276518654,0.5655062231076715
6d938f41-3967-4a6d-8b5e-a99a18954efa,2026,2026-01-08,39c61fcf-89b3-4523-aa61-7e031fae7e9c,e694b3cb-eeef-43f4-bada-32dba89664a3,11,1,-0.20606701391211985,0.5153134367173202
6fd04406-b003-41d6-a336-ceb4515a26fd,2026,2026-01-08,a296aea1-d070-4a8b-8dc4-62323ca3f942,12fb3719-3067-4770-ab8a-b11eeb73faae,-7,0,4.963870596428819,0.7188822287192494
78e2e355-4a28-4da6-9351-93c7d273d049,2026,2026-01-08,62c7a397-21d6-4b22-9b24-ba5a29ee8771,cda5f197-ae6f-4f38-a523-d1e70b218821,6,1,-9.24752353955941,0.19477765320221133
78eaa558-4dde-477d-ad3e-b7771c0faec1,2026,2026-01-08,d9908b15-814a-4283-8513-0d0ebd2430f8,69307d4c-6e7f-4329-b6c2-1f3902362083,-4,0,6.096013637353443,0.7238470906858095
7e4d2b45-fe27-4e88-ba0b-f970410df79f,2026,2026-01-08,e30dcda9-70a8-4f5e-a91a-5eb2cf1e2c36,aa07fd1e-a03e-4554-9286-31e09a343db0,-11,0,-5.448750188944629,0.3297316126210181
806b432c-0f31-4611-a306-e92434bce68e,2026,2026-01-08,474c10f3-c223-42d9-b9e9-48c37898ace8,3b612ea1-b264-4279-9f72-b45216bfea4b,16,1,-2.234723412848264,0.3930433531320975
8500e9c3-9513-429c-9511-f18625eee52e,2026,2026-01-08,1999688e-7015-4a04-8450-734eddcbcfe4,6d9c7f06-e309-4b30-a7a3-37783b2b3f26,10,1,9.507514858977018,0.8971216872926648
9143b412-497d-4142-be67-5c8f278026d2,2026,2026-01-08,61080933-9c42-4844-9cd9-7cfbcb9cf94a,e020519a-e90e-4b63-bb2c-f17dc31b5a56,2,1,4.641439870658949,0.6921555627076641
99973db5-3804-4747-b141-06b2a694b8a2,2026,2026-01-08,7da471c0-9955-4f80-b861-d7753ac5a7eb,82ae3098-41a3-4c5a-92a0-aa7a592b5f7b,3,1,-1.275910154533496,0.4502342661403717
9ea1b550-df7c-4517-bde7-e0000ee495ee,2026,2026-01-08,fbbdc24a-ba43-42e2-afcc-a328f0d9938a,6265a954-0017-44e5-bec7-cdb2fcc8f527,-10,0,-6.156417043340047,0.30438644939151344
a1b5b706-c1d2-491d-bc8b-e7bd7419dd6f,2026,2026-01-08,a40a35e7-bb78-4848-a0a4-11059f3caa39,8a24da63-2163-47de-aeff-97b77094e860,19,1,5.435472509255165,0.7729808745422996
a710e1dd-b02d-4ee9-b4f1-eee6b6f5d598,2026,2026-01-08,788df145-b514-4ea4-9ff0-bf2399dc7898,8121c98d-816f-4d3a-bb3c-4e9f3fbf65e3,13,1,8.811637199078254,0.8033418618235556
a8393ce9-82b9-4ff5-84a2-14a855fc7132,2026,2026-01-08,87d79a84-23f3-4e7a-adbf-e627ade400ed,37789002-2f1a-4a5c-95f5-a4f487f719ac,-26,0,-3.181883344322148,0.3212372965211499
ac505da9-5384-4186-987f-0718d57459b4,2026,2026-01-08,9eea7343-e29b-42cd-8ec7-ccda00c95536,2d467e3e-e5d9-499c-a1ed-225d0c3ae91a,12,1,10.336209250590128,0.8913457032367146
ad2f1736-50f2-4237-8142-d9703e1c0ff9,2026,2026-01-08,3fe51e56-cced-4ebd-bc3f-5269a8690fff,acbf5eb9-3a63-471d-8199-6067f912deaa,8,1,1.4655596421064465,0.5398685885323167
b15c71cd-ceeb-4451-ad4a-09f95065bdb3,2026,2026-01-08,073c7f97-1dbe-4c9d-b1ec-44e92177a53b,bb509184-c255-4aa4-9cdb-057dd36f7a04,-8,0,-3.583243206179026,0.4247179091840165
b7a4c59d-477a-4dbc-a726-0d391b1474d6,2026,2026-01-08,fc19569f-90e8-4af1-8b2c-981d4b9b0e7d,5c7b85b4-380b-4ce3-bbc7-e0b1ac767c3d,12,1,12.28274423594747,0.9090710190040941
bf125727-bb06-42d7-abc3-8a38f4d7633a,2026,2026-01-08,ed91598e-8b89-4385-bc40-49721b8aedd0,0fcf988c-9b3d-4eeb-bc11-4b461290749a,5,1,5.585448323422662,0.7412050695085859
c66d254b-e9e8-4f96-917b-2f74da40efcc,2026,2026-01-08,4b705336-0b7a-4525-a3cc-151a9657a218,1b43514e-2b4f-414f-9f54-b04994ba33ac,-8,0,-6.035177918865728,0.2460955356419462
ccb2b391-6bb6-4466-a14d-c64a5c8325bc,2026,2026-01-08,e9570bbf-fc5b-474e-b98e-151eee207d8c,2c2ff68e-eb76-44f0-b27d-9426785932d8,-17,0,4.122734536864686,0.6348319292146142
d6da9fa0-3eaa-49c2-adc1-b19fd7423190,2026,2026-01-08,8423734f-7076-4655-b3ef-3528aa9176ff,ef533bc7-18e1-474d-96db-96668fe59c22,7,1,2.1780290017973516,0.5808888758175407
df6ed238-fee1-4f2f-b634-96d79ac471f8,2026,2026-01-08,30dcebf9-dcff-4743-a05a-d994a902866a,e088b1fe-16ee-4cf1-baaf-6ce4139f13df,8,1,5.067893351644474,0.7277755179155473
e7f9e88c-0322-4a19-bea3-abbb4eeb58ca,2026,2026-01-08,6a5388a0-3d9f-4fa4-b592-775b2c31e741,fb1c029c-934e-4345-bb7e-0d199b1172bb,-3,0,6.423805422949798,0.7610264263183301
f7fe784e-4406-4412-9e20-d1acfcc4057b,2026,2026-01-08,af95ca9e-8a2a-4b22-9bb2-584162eb57f0,a712dee9-a06a-4809-9e11-8e4b4233face,-22,0,-12.72852933542884,0.06922977342750626
f898a0a6-9cff-47aa-bc0b-ddf681760b47,2026,2026-01-08,de4b950e-313f-4eed-9fbe-0a05201376d1,b9d6eada-8645-4be8-9331-81fb5ab905f8,-5,0,-3.3899951406645967,0.3184517360403366
fe0dac70-4e6e-4e7c-a2cc-92b1b99ce378,2026,2026-01-08,5a788fca-07ce-452c-901e-2d9250aa8f8f,0cd88aa1-5ccf-4454-9b08-d57795a231b7,-2,0,10.238900928285751,0.8995699799730841
ffd1ad64-8fc1-462c-b0d6-f8e879ad2e72,2026,2026-01-08,32d092aa-6752-439b-89e2-6538ab8523cd,31e4ae86-a8cc-4aee-986f-71aa76fea354,14,1,5.917608602566741,0.7792514379493576
26367e91-b8e8-4545-acea-caa439802b1a,2026,2026-01-09,66d6cb28-25f0-41bc-9fb1-d15a6dfca6ac,c369d8ef-4098-4425-a977-6cf0605ab931,5,1,4.265480526923228,0.5702724575106355
2786297d-bf0c-4ab2-a628-bf91322c9b61,2026,2026-01-09,1ed24078-84ea-4147-b356-c8543c93aa1d,0fbb2a6f-3944-46a9-9fa8-51376e18b3d9,-10,0,-5.728838097646754,0.27433654986179434
27c065b6-a8b2-4249-9c86-91bff8833748,2026,2026-01-09,4d6c2d4d-b59a-44c3-826e-03e969153794,fe6d6aa2-4515-4014-88ef-eb2bd91e54fa,-2,0,-2.2512077931252397,0.3965447086134584
3e6c6a53-7828-4d05-b59d-2ad23b792e8a,2026,2026-01-09,beb97225-0e05-4be0-acb0-2fdc74f6dab4,43edca99-9154-45c5-908b-5e79c98e3147,23,1,12.240877103997526,0.8934918497979332
57356fed-f4a3-4f37-a001-f69daa714b10,2026,2026-01-09,567fb73b-73a0-4437-a1ed-314d40d93e6f,f31b656e-13ba-4eb7-bd53-66b20405c905,-1,0,1.2708690662164055,0.548521099036703
58774b24-4921-4392-87f0-59e4ff34b79e,2026,2026-01-09,47407d60-8e46-4d83-bf47-4b7ef8576ebc,d5861555-455e-464c-919c-9e6b99ce4495,-4,0,1.4267922775990989,0.5233519815305891
5a01c76a-b643-412c-b9db-7e2b1c84ff48,2026,2026-01-09,81e6f1a5-d8cd-43bb-ac87-6c20719f72f3,1c701a00-1852-4c4a-8179-2273b474748c,18,1,13.385550287803154,0.9217394470625941
6d6de4b3-0e28-4932-9478-bdc2af82e35e,2026,2026-01-09,c8280280-8b91-475c-9d30-faed3dc9ec3e,023093fa-50bc-4974-a6da-14f0e4b070fe,6,1,17.031541410837978,0.9802520524068
715421b1-a647-4973-9dd8-7880dfe8cd46,2026,2026-01-09,8b53b385-4f61-4998-bac6-527e69c1fd6d,2232e72f-0d57-499b-a956-680031e1de18,-4,0,-4.978859194392845,0.2832615879533962
94c35d10-27e4-470a-9738-44e8a4f0e3c9,2026,2026-01-09,5556385d-827a-48ff-a603-cddd42d7d7f3,6bc5ca07-a958-41a3-8a95-eb5988cd48d6,16,1,9.250551283224048,0.7876024374616833
a18aab9d-8bbc-465b-ace8-460b6ecec82d,2026,2026-01-09,71e0195c-db7a-4df0-b519-17d796d8957c,c155c6af-1897-464f-ad91-10b605e5eb7c,-6,0,0.4149011860398325,0.5044610506749697
b9ccf418-7f2a-404e-9e36-b938284c9f30,2026,2026-01-09,18b86bee-6b10-4c86-95ef-959dd2d80cd5,711ff92d-65bd-49a4-abc4-7aacd8c11f9e,-14,0,-0.3988002618315856,0.4318483425255824
ee190e7a-4fbe-4ece-9a02-3d2a472c4401,2026,2026-01-09,1ba8fbd8-4401-4226-b1cc-82e937c56657,3f9ea222-2b0c-4f93-a0e2-601346d6030a,8,1,3.298979755965703,0.6264753999487614
f4affde4-5577-4057-9565-d59c1e5231ee,2026,2026-01-09,8d2fde4f-31a7-4491-9fcc-f04ced66e74f,31ce23c8-e471-4fad-b117-36f72628b875,-18,0,-3.56811642033281,0.33869707763831164
04dccd0c-8bcb-4775-a65a-05b361e8673b,2026,2026-01-10,4e0916c0-6045-4d71-8568-b5e486ff2f92,ba89a28b-4588-48cf-be7d-683d7eaf21d0,-4,0,3.0026542260030027,0.635656849254084
0522711e-0569-4504-b25d-e5c52282a5d9,2026,2026-01-10,96e82d65-67c2-4e96-a2fb-d7ca3dfe1353,e088b1fe-16ee-4cf1-baaf-6ce4139f13df,10,1,3.651953350136154,0.6377464398280814
08f68132-2f96-4f7e-8641-f6e39b011bc7,2026,2026-01-10,a76e8585-9bd8-4efd-ad05-93baa5c91a75,71835168-f6e1-4523-997c-3851fc41f646,5,1,-1.139556601623697,0.44981264398628806
0a06a98f-1a48-408d-9190-bfc1c177e04f,2026,2026-01-10,b28075f3-bd4a-486f-b563-0081500049b0,68f6ce17-8443-4257-ae33-1f240c722bfe,-1,0,2.602648749765818,0.5677923201372601
0aaf483c-7e0e-4646-b5a7-6edebdaf842b,2026,2026-01-10,51b50cb5-097f-453e-99eb-4175d27ed1bd,64d22a8e-0b18-48ea-a6a3-5619cb8be43e,3,1,9.52393286908924,0.8283067912795845
13503dca-cb74-482b-9d03-ece28479c26a,2026,2026-01-10,19bed18e-691d-4e79-aeaa-771b745bf2a1,7cc2bc8e-b314-42a5-81cd-bd21acdd42b2,-44,0,0.9497720184140062,0.5090681563408752
15f74f38-c7b3-4973-a9af-0bd109b94e78,2026,2026-01-10,cec32a63-a501-4a6c-b2c3-dba31694d2b2,9b933a83-ef6d-49c0-ade8-facfdeda3183,-2,0,-7.404907388654693,0.2175331093788084
17785958-bf41-4b82-bac5-1a7a8dcc5177,2026,2026-01-10,813f7a1c-6264-4e11-88e2-21dcd0072c0a,179abcd1-98d5-4dc8-8532-3f8ffee320c5,-13,0,-10.416692404208842,0.1319247127883804
1a5b83bb-d31e-4f94-89ac-76deb8ebbc78,2026,2026-01-10,47c889b3-c1a2-4035-ab56-edaeee3a3c86,aaa0be6c-4ab2-4cc9-be12-f8658ecddc9f,-4,0,7.705178375168067,0.7934081533995326
1b5df362-7dd0-487d-acab-234b25444788,2026,2026-01-10,4aa5d0a9-3420-4d4f-a466-17c82d88c482,523dd055-c2af-425b-b849-f05ced2ae52b,-11,0,7.749505157274067,0.7658290303899826
1bdc0056-4873-49ce-a3d9-5d73fbbf1c16,2026,2026-01-10,79116858-d6a1-42d4-bb91-450b44d1e6b4,e77246ad-855c-468d-8b07-828f76134191,-11,0,8.151632933209273,0.8171688279112576
1f06f210-416a-4f2a-8251-c95eb2424987,2026,2026-01-10,6833b588-1856-4519-a296-afd069ebabfa,31ca13c7-e30a-4d9d-a3a8-5197d5e4342a,-25,0,5.229728634664983,0.6883389682636305
1f2879bc-d173-495a-8a43-e7935dc2fab1,2026,2026-01-10,bcadcb9e-4b19-49d8-a836-b1224d88a96c,94d2459f-8edb-4281-8038-8b2dda825fac,11,1,13.426476538689371,0.9325150766721386
260bc12e-f058-4ef3-80a3-9e8e630863fd,2026,2026-01-10,98674fec-442f-4d8e-bff0-fca634b9ceb1,cda5f197-ae6f-4f38-a523-d1e70b218821,4,1,-6.806066432808944,0.2489866949870712
265a9634-cf33-4c2c-bf31-8e1b897ae2b4,2026,2026-01-10,023d3704-bd8d-4c41-a3dc-e747ba7ed642,d5485362-65cf-40d8-bd4e-d8c6c4613f82,17,1,0.6738917323459477,0.5640975301331052
2ac4e65f-55c7-4117-b97d-5c442a58f4ca,2026,2026-01-10,33a13edc-a688-48dc-a4f0-c3624bb05c07,caae45ce-7d6f-4f0e-a536-6d05e2ae5086,3,1,0.3915580834931753,0.5277377757071131
2cb5442a-f3d1-442b-a280-213843318bf6,2026,2026-01-10,428ae1bc-1e48-41c7-b7f1-da980b8a18b8,e9570bbf-fc5b-474e-b98e-151eee207d8c,-3,0,-6.23934223333451,0.23069855491935268
2e80b600-9c0e-467c-bce0-7038af7e4082,2026,2026-01-10,700ebcb7-55a3-4967-b5ef-89731a047790,e08292aa-f0dc-4c1f-ac0c-138ec5d15372,3,1,6.390553494644747,0.7436707800044429
3945a199-043a-460e-8e7b-cfeac754c6bd,2026,2026-01-10,67bb6cc2-0917-4bf3-ba89-bc624925b956,86dd8d64-758b-4592-8af6-2536cef92fc1,1,1,5.355661558031352,0.719715675606642
3a758991-af14-4d3c-9507-10970935ed47,2026,2026-01-10,5cf39234-dfea-4208-be18-092f71c2f05c,ea75002f-0c50-4cca-8d60-8926c2f2c077,-5,0,-5.6316932679559875,0.28888218149988537
407291bf-b50d-4e23-b6bb-40397a9c8985,2026,2026-01-10,63c7d34f-6b58-4a80-ae86-320a182ddcc5,8921f536-d6f1-4d5a-b369-5dfb136e1717,-2,0,-7.92163656930598,0.19896956259817353
4629bed3-d5b3-42c0-9f34-a6accf27d18c,2026,2026-01-10,39c61fcf-89b3-4523-aa61-7e031fae7e9c,2390b5f2-24b9-453a-b023-e7b36da375b6,-2,0,-8.21332426539216,0.23349949224121364
46e670f5-c8f4-4124-83b3-475ff39f0b9a,2026,2026-01-10,8c9b2481-8a04-4d21-baaf-cd9add16d15c,517665d2-60c6-44a7-a80b-78212cfb2db3,-11,0,1.87545139126668,0.5778977963758741
479861ac-ff8c-4c1a-bd8d-2800a26c560f,2026,2026-01-10,cdda7902-04cd-4834-972b-072f59dd1474,68f210a8-33bd-4d79-a5b0-222aabe727e7,13,1,-0.16792707021374215,0.5330683298832936
483b3b31-a552-4a4b-b2cb-923dfab7db6b,2026,2026-01-10,1ac6eb65-663f-4f4e-b7cd-bcc9ec53efe0,7a5b9a33-aeac-4742-af69-49a1be24d3cb,8,1,13.357786107860592,0.9128361905542646
487dee4e-7278-40af-a5ba-47c64b112158,2026,2026-01-10,d3445fe1-27cc-4d88-b2df-6ce2afe13156,0792fde4-bca8-4a47-9b76-8d8191a2ac93,6,1,16.095777152897117,0.9555491075803039
4fa9a3dd-f3c8-4a82-aa70-947b8f2f4852,2026,2026-01-10,61080933-9c42-4844-9cd9-7cfbcb9cf94a,0cd88aa1-5ccf-4454-9b08-d57795a231b7,4,1,16.989797167502665,0.9656126761730662
55964941-d8fe-46c4-929e-d882546e5159,2026,2026-01-10,f8fb3b2e-223b-4478-a029-9c1209865bdd,a01ea865-0b00-4f54-90fd-8674ed23cf26,13,1,5.545569791793371,0.741207286329418
5667690d-60a1-4d78-944d-346b916ee72c,2026,2026-01-10,a40a35e7-bb78-4848-a0a4-11059f3caa39,ed251b78-3a68-4e91-b25d-08ef8bc8face,6,1,1.0787228216621294,0.48965488717085687
588af4c1-7bda-40d0-837a-45fe339f32f9,2026,2026-01-10,3ce22877-c834-4b53-aae8-5129d36175b1,94d66457-cf10-4bc2-b52f-faf466454856,10,1,15.11753885835289,0.9493251471189487
59319055-00e7-4838-b193-20c54a57a9fa,2026,2026-01-10,113c0c3d-54d6-4c64-b168-7ea3f3c20e76,0b613bb0-e3c8-412a-8845-b9807552ba60,-11,0,-11.440356785125033,0.13644494911133692
5b5a32c4-e2fd-4e55-b437-8059493763b6,2026,2026-01-10,aa07fd1e-a03e-4554-9286-31e09a343db0,72aa3e8c-3c62-454a-8f40-09b46ae0cae6,3,1,12.979610862968354,0.9097320684682911
607a7c38-b420-49c0-a64a-4e375f17f957,2026,2026-01-10,64d8d377-0ced-439d-a3a6-bbf2100037d9,853ab0d1-c982-4e7d-8187-8600084662c2,-13,0,6.760870058386127,0.7529239070878402
61ab1480-5f0a-4b8c-a98f-3231065a662a,2026,2026-01-10,b9e807be-99ad-41c2-94bc-6049272e3254,69001211-8ae2-4829-9746-40b6a0858890,-4,0,9.165413049591537,0.8207272901551114
66e25055-5f5d-4390-8c6a-ca57889a726c,2026,2026-01-10,9293675b-8878-4a32-bee5-496b4818dbde,a8ebd184-6249-4e7c-8e39-0d8d8249fe41,6,1,-4.025803542703965,0.33997892596560997
66f53295-cb4f-4d20-aa47-b44b15808661,2026,2026-01-10,512bdb5c-66bc-40fa-a392-cffe3e058403,d7af5a06-c331-48d5-a768-4a3627420b0d,2,1,-7.9180407865838385,0.18654201538632093
67504306-de28-4fdd-91f4-c8340abaeadb,2026,2026-01-10,e3ccd256-a37a-40d8-b059-aca05f884ee1,2b7eed3d-9921-482b-a193-759486c9b225,-15,0,-8.729916683543317,0.21515696297541026
6d01ccb6-6161-438c-b06d-0ba6515e83fc,2026,2026-01-10,5f39cc2c-9779-411f-87e9-7702676c6ea8,0c280802-395e-44d4-8c2a-fb539233410b,8,1,-2.8326301370440543,0.3358668493737446
6d246a52-9944-4f3c-b926-2b3e253a1149,2026,2026-01-10,e4afe8a2-8546-4df5-b5e9-cd85edc8fc62,e672d935-837a-44a6-9e69-a25859488a24,-11,0,-4.160272883899605,0.3908345057864876
6ecc568d-9d8d-467d-8c8c-b1854c20726e,2026,2026-01-10,cee4e9fb-16d1-4b9a-bbeb-6f26c9d5c340,d1177041-d515-453f-9b73-e9891b41324d,24,1,12.202770773181578,0.8990682193037013
6f09b531-717a-48f7-a74d-04b7f0a83fa9,2026,2026-01-10,69288ce9-31e9-4d18-9e18-89226b85a2cf,694c9825-86e3-466b-9eed-01db85397149,9,1,4.5315110295352214,0.7076426386234923
70815d5b-ac15-4f2e-84df-a54fde3313e7,2026,2026-01-10,131339ab-8b21-40bd-af91-c2dd728a68dd,a712dee9-a06a-4809-9e11-8e4b4233face,4,1,-6.3646792953658515,0.23979644038003806
70c33cad-48d2-4159-b5b9-8b4b0a7aacca,2026,2026-01-10,26fd3855-d3a6-4b79-a7b0-559b447f5e6c,20bb1fdb-2581-4660-92f8-ad08c3a60acb,18,1,18.395467841769374,0.9777671054085149
739f89db-5df2-4dff-9756-e5b1532f83e7,2026,2026-01-10,84769f97-e86d-402a-9eb2-d31118f663ca,acbf5eb9-3a63-471d-8199-6067f912deaa,-7,0,3.6853808217842676,0.6848689185412081
7c4e653f-6da8-4bd6-bd52-3963d2118bc2,2026,2026-01-10,2a864769-3bff-4022-a96e-3092caef4c93,7dc3e262-ccd4-4c87-8617-0ca6e819757f,-21,0,-8.081416494306051,0.22852730742087604
7ce512e9-a9e9-43b6-999c-6b185c4085a3,2026,2026-01-10,69c2db2b-a8d1-48d3-89d0-ef9669af0b7d,fb1c029c-934e-4345-bb7e-0d199b1172bb,-8,0,1.6778783022804582,0.591385909325171
7e7f04f9-d649-425f-97c6-6ba32c08e38d,2026,2026-01-10,fc19569f-90e8-4af1-8b2c-981d4b9b0e7d,592b259a-709d-44c7-b547-07d6529132b5,-8,0,1.172328796376381,0.5676791894910945
7f147382-bb39-4b33-8bf0-5d0fb218356e,2026,2026-01-10,163cfcfa-5213-4025-8eb1-dd67b17587f8,2772ac36-c719-4bcf-8a21-30eba79d1c61,-2,0,-3.9107808038297986,0.3598820515206674
7ff25ee0-2e0b-49d6-a56e-fbb11e5d963e,2026,2026-01-10,e2d3ca81-2525-473b-8700-136b6939d5b4,b7591c8b-00fa-47a2-8280-adf031b24a4f,1,1,17.849382735338235,0.9602311271909185
82c2b8a1-bc80-49b9-ab01-81a88a050aaf,2026,2026-01-10,a4e52f2f-5193-40ce-a997-0e0be093d86a,9f15591e-786d-4c01-a688-1272fa1c111b,11,1,-2.141414965917281,0.4751795419883785
84b17bb8-4e5b-4d22-a01a-92ef5edc906c,2026,2026-01-10,d1c3793d-80d2-4adb-98a1-ac3c584bb64b,d1841f3d-03f4-419e-bedf-c218d150aa9f,10,1,16.414689389789377,0.9473113380196859
85135663-27eb-44d2-aef3-478f3847cbfa,2026,2026-01-10,534c782f-f9f8-4d61-845a-76e90b321da3,8423734f-7076-4655-b3ef-3528aa9176ff,10,1,3.0982663908961023,0.6076164280145144
87b54d92-7719-4f8d-8971-2bfa67fd3979,2026,2026-01-10,073c7f97-1dbe-4c9d-b1ec-44e92177a53b,1b43514e-2b4f-414f-9f54-b04994ba33ac,2,1,-1.1356573832112309,0.4011798392459432
893309b7-2029-4cbd-90db-98fe681ab63e,2026,2026-01-10,f497a267-e78e-43dd-9ab3-4299cf11c08e,d783c621-0bb0-477b-8bad-8785e9451e21,-22,0,-9.93284513573606,0.1777086138526897
89f7a682-8cf6-48c0-862d-abfd77a8363b,2026,2026-01-10,5e1572de-c2e7-4a5b-a605-c095da467409,e80d2384-bdc2-4f58-b09a-284a659a4d81,-3,0,0.7553898891721453,0.5579511934334772
8b7de867-d7b2-46d9-a793-e33436347d7d,2026,2026-01-10,eaa03f66-f667-48c2-9f30-ccce38d89e56,f8a7f441-6bad-4648-bfac-a202788a07f8,13,1,21.035221558576453,0.9810719949945161
8b7fc5ec-f7bf-430e-9c63-51a55d4be0fd,2026,2026-01-10,d9469ea9-44c5-4803-8d5a-39cf4028ea3a,e6f966c6-5104-484f-a3a8-a7450aa491ae,-3,0,13.925698151489666,0.9051364958869771
8b9a93de-bfa0-424a-9e26-5c5583864e65,2026,2026-01-10,fc1af6b7-242a-42bf-bbe3-325108828697,57d94665-96b0-49e9-ab6b-a7cd6a1492d0,3,1,6.583961828697823,0.770814803172194
8bb8903a-2b62-46f1-afdc-82d0e672800d,2026,2026-01-10,34176634-892e-43b1-917d-cc003f8b9c03,6038b249-00da-461c-9074-cfb1ed11d9ab,-20,0,-4.836883632116192,0.28305989344053245
8bec7c6a-17a8-4f29-9d49-a396ace844f7,2026,2026-01-10,ad070c37-e224-4aea-bff9-4bb770ef38de,1999688e-7015-4a04-8450-734eddcbcfe4,1,1,1.6143475550625928,0.5232804350941249
8d7f1238-f944-458d-a6e8-683f5c10afcf,2026,2026-01-10,1caae9e8-45a5-4b50-88a3-e3d388c52d33,2ad39bf7-6b52-4185-b83e-15dfc5686cf0,-3,0,10.617620417170011,0.8807236332479652
8d89df14-9cc2-4416-8017-5c29464c478d,2026,2026-01-10,0423c35a-c25a-42a0-a0da-e1918c78cd5f,f598c6c5-97cc-41a4-83b2-84f08d3397f9,9,1,4.303964202187286,0.6686333285939647
8f592047-4b3b-4dc3-b31b-29fa191b92a6,2026,2026-01-10,7da471c0-9955-4f80-b861-d7753ac5a7eb,3b612ea1-b264-4279-9f72-b45216bfea4b,-12,0,-4.398513942082872,0.3295063799346781
90994a9e-0893-44c5-a4c6-16b34d2da2ee,2026,2026-01-10,65457ba7-a038-4a4b-bb9c-249804bf4db4,976a062a-415a-4be9-870e-c2b6aa726c28,12,1,5.983505758282697,0.7789759612675579
9363671c-08e5-47e8-bbd2-fde59fa5bce2,2026,2026-01-10,38f31497-065b-465d-ab24-3fa581de1831,b7139fdd-2b24-42b2-80d8-3cc79042b563,12,1,17.876155963955476,0.9594759694337163
957f64a4-067a-4730-ab23-ee2c090f2a76,2026,2026-01-10,a2fd0527-f20a-4add-9101-ff8babf6ceaf,083c67a8-1a0e-42e4-b3e0-c3872a10d8c2,25,1,4.697105183393207,0.6335738982260471
98291a79-f349-403f-8f87-afd1daac50b2,2026,2026-01-10,3d8fedb9-0847-4666-82df-5f520b704ff4,07f2978d-85d4-4892-8267-e6903cc20f93,7,1,5.995841721472297,0.7043305315140244
991e2958-0754-4aad-bbc7-c244463320fa,2026,2026-01-10,9111a425-068f-425e-9467-f3ac4b2781f0,13fa8aab-518b-46ed-be28-b5c24acfa430,-25,0,-1.5836249572913363,0.4870508971003901
a02200de-4bba-4636-afba-6b34598fe470,2026,2026-01-10,cea24043-374e-4a53-bfc3-4532caf44ea6,0dc6096e-6097-4da2-a279-a7e256c526e3,16,1,6.754375188695966,0.7863844178093535
a2ea16a9-c2d2-4672-94e8-db65556ca70e,2026,2026-01-10,557c7aed-66c7-4dde-aef2-6dc573ec91e7,eb5b8376-53ac-42b0-a932-bfc4994faa1e,-33,0,-10.70401689479305,0.17611183218282994
a40dcd38-7d4c-4071-abe7-d6f7b15f03f9,2026,2026-01-10,5a788fca-07ce-452c-901e-2d9250aa8f8f,e020519a-e90e-4b63-bb2c-f17dc31b5a56,-1,0,-0.9348443780987399,0.43480716091736893
a759bc8e-4136-4ff2-a624-5b87b59e5702,2026,2026-01-10,3b63b27c-8c94-4fb9-919f-62cd7944deb1,53e97ae2-3cae-46c5-8353-41eadbb17d61,1,1,6.74395896366233,0.7520990693671592
a92cb2fd-7214-4726-b1ea-a14221b87e25,2026,2026-01-10,26a9b9da-a6e0-4e12-a95c-e1e51e72fcb0,95adaebe-3c7d-4cf9-9380-e96c95761e6a,12,1,17.01652617368581,0.955375851144875
afbbdee8-119e-4292-a386-7556868eac36,2026,2026-01-10,0ec33aa5-020d-49e7-ac6a-2ee825d15102,69307d4c-6e7f-4329-b6c2-1f3902362083,10,1,8.833587457255636,0.8339706203932584
b601c81d-8d08-4d36-b385-f19bbaea99f3,2026,2026-01-10,955bd58f-0ae1-4b55-af26-b19062a2c04c,0270a5a5-82db-4c54-901d-c9c8dfe3741a,7,1,6.559675359043497,0.7127849613299143
b6594c29-1ba4-4f9b-a328-a5aad8318417,2026,2026-01-10,bf002b1c-e14e-48a8-9c75-d70de0b2a31d,ed01ba53-c6ff-488f-903e-9b348a195c03,8,1,2.137938875518368,0.5888232122462835
b733b47b-23e2-4db1-b992-054eb9fb7db5,2026,2026-01-10,a544a5d0-4cd1-4756-b079-30a9a7905cd0,90df5863-ccc6-4ffe-b441-dee520cc7fed,8,1,24.944464763803158,0.9863624433159145
b7696945-4295-4fcc-aa0d-a76ddf3436a5,2026,2026-01-10,29ca4fda-da79-4d21-b2a3-a87a25d02733,94a323fa-c3d4-4718-a4bf-f6dd1c93c5c9,-6,0,-2.759641139745103,0.36951510974165125
b9816d93-133d-4db1-bebc-4ce73ac62550,2026,2026-01-10,93de5342-985b-431e-9c3e-515381b67402,fff30549-83b5-4c44-9f3d-444f65ede45f,7,1,1.6097368082815615,0.6206421409937879
ba1d68ff-140e-4b19-911f-bcf2aa3dedd8,2026,2026-01-10,b9984408-0526-4a1b-9cb3-d6450264dcd5,2ffb1e88-0784-478a-b74b-a0a0832b4e30,26,1,9.698556107775625,0.8241382672881963
bb95f6f6-63ef-40d2-88f5-32688b8051a3,2026,2026-01-10,07e79f5e-ccc8-487d-ac1c-fbd82b43bb75,aa6e74ec-70a8-4e02-9b58-0e0e886cace2,-2,0,5.763883462224446,0.7347404288222137
bbed929f-49e2-4d40-9a57-0a19b34ca3a1,2026,2026-01-10,364c8255-118d-4dcd-aa72-a62621e3aeb6,dedb794d-6852-4b7b-904a-15cd66966a0a,12,1,15.284324450429283,0.9660668246630053
bf6bd0c0-f8ef-4e10-ac57-de3995c5ca3b,2026,2026-01-10,cb1b95af-f118-4a94-a324-d05b88869a43,0b81f60f-d170-4ec1-9003-5fc16e4afa3d,16,1,12.351253695618274,0.8741500735465776
bf753c85-e38e-4541-975f-8a077a15b527,2026,2026-01-10,508005ba-15a8-426a-997c-b0e36e4e6b58,37789002-2f1a-4a5c-95f5-a4f487f719ac,-7,0,-8.9665037544319,0.19387664827260823
c64bc2bc-4de5-4112-9b5e-09bc6764141e,2026,2026-01-10,897f9506-86e7-4d3e-8eea-2b85ea85fa8e,9c60e9b3-29b6-431d-92e1-307e1c2f1c15,27,1,10.043133443260281,0.9019276352588355
c9338f96-e8ef-47ad-b24a-ecd5fe707513,2026,2026-01-10,a9a08ada-6bbe-466a-b4ef-e2fe68dce231,29343f0d-eec4-44e0-923a-b7c6360ad1cf,8,1,-3.033855048782548,0.37883665849388753
c9b8ca8a-fe3b-4f5a-aa1c-b720a42cfed7,2026,2026-01-10,6d9c7f06-e309-4b30-a7a3-37783b2b3f26,160d00cd-1792-45ab-a465-c2d2dcdcab1b,6,1,10.354650394732367,0.8606425537058647
c9fbb302-d0b9-487d-91e8-d3242a03facf,2026,2026-01-10,72daa240-1119-4159-899a-d81875c1c916,1cff0c34-63d9-4a64-a258-a50e61fee7cf,21,1,14.891606047762014,0.9479948377487174
ca7f9a38-4203-4b80-a20e-4dbf019e84a6,2026,2026-01-10,4b705336-0b7a-4525-a3cc-151a9657a218,bb509184-c255-4aa4-9cdb-057dd36f7a04,-17,0,-7.131826637041807,0.30958243276674235
caa27fed-73f3-4752-90b2-a70082876f67,2026,2026-01-10,60686ba3-d38f-468b-ac14-3d7c8518e868,31e4ae86-a8cc-4aee-986f-71aa76fea354,4,1,8.233851062440051,0.7971446424203369
cab09c8c-4711-4bfe-9654-94fda4506b19,2026,2026-01-10,1b50e98c-801a-4835-9b4e-b0d563152b2b,0cc7096d-eb8d-4e4f-9906-93bf951805c5,2,1,-3.0118742628965585,0.4015567596924955
ce717cb0-8d4b-4516-8da6-b504f5585ef5,2026,2026-01-10,89146125-2618-4b85-9bb2-a7d785fc8c0c,aa9a338c-8749-42c2-8655-1caa89068a61,-25,0,-2.4058790027176777,0.5148699822875316
d0481632-6754-435e-a1fa-e84fedda2060,2026,2026-01-10,0fcf988c-9b3d-4eeb-bc11-4b461290749a,12fb3719-3067-4770-ab8a-b11eeb73faae,6,1,3.3262476754109143,0.6018176648950396
d09fd713-e264-4eff-bbf6-0b6d47c3d65f,2026,2026-01-10,3dfeaa6f-de19-4029-bdaa-0f2bd8ea04c1,9aef881d-7fe2-4fb3-a80d-0b567f388490,12,1,17.47217706419311,0.9606186153896715
d21fbc9b-96f8-4d83-bd65-db4f03339f92,2026,2026-01-10,175fb86f-dfa5-4661-89d1-221410e04eec,b7431929-7ebc-42a6-bef8-d0c5715e2c86,-12,0,-17.065203014762933,0.055047558505752374
dc1c2ed3-fc35-479a-9b32-e44d67e947ec,2026,2026-01-10,6b34a383-3696-47ff-99bf-1b690f616a28,5c7b85b4-380b-4ce3-bbc7-e0b1ac767c3d,2,1,11.013257693648839,0.8103405986710953
dde00593-4c5a-44cd-b7b0-317d2cc246ba,2026,2026-01-10,c4fed5b1-14eb-4033-8832-59e6c0004cf0,d6a99784-3b3d-4ae0-a5c1-6689f04c9255,6,1,0.3244062509384298,0.4839555249170409
e3149fd0-12ff-4ed2-b0d0-0fa2d2d7b117,2026,2026-01-10,f945abf6-7dca-4e3a-b475-bceddc534fb9,28cde209-3ae8-4939-9d83-2a6d645d427d,15,1,9.258424334494508,0.8305111843628581
e5aaa24d-d868-455d-94f8-bad862b80d97,2026,2026-01-10,2979c251-171b-4f39-b156-d19f2d179eeb,8a720b96-af6b-4ada-bf15-b7b80a091274,35,1,17.497460769374857,0.9478712494525349
e7fbf4ac-8029-409a-bdd5-90a5c0abadbe,2026,2026-01-10,aa657c8b-9c3a-4727-9d4c-559205be3150,fdfebc81-138f-45de-ad5a-cdb4c98c5dc1,-11,0,-0.49658557811739423,0.5135372240217536
e86fce58-2fa3-4377-a52d-99ef7fd88c59,2026,2026-01-10,be625a9e-aede-4fb2-98ad-3c0baa02528c,076baa43-c839-437c-8a6b-5074277599df,19,1,12.568560882912605,0.8643462387395455
e8bcdff7-2cad-43d2-bb92-db35c5cc0d0c,2026,2026-01-10,c64c255f-43f5-4a08-99f3-222dd9aa0731,33fe6f07-54b9-4b44-a9f3-e273b8b240b8,-42,0,-21.889431816501816,0.04256747246799491
f3796393-40f6-4530-89ad-ad21a16dce4f,2026,2026-01-10,cfae9c2f-9713-46de-9159-5064cc63dd64,8c2a4a9c-1ede-4db2-aecd-cfe02e686b8e,-19,0,-0.33438170996000244,0.523157548853015
f3cec695-1551-4114-b11c-4349162d62fb,2026,2026-01-10,d414d5fc-8653-43b8-ac66-ec8f63c74c82,7b637d45-2602-47f9-bf37-40d1043643b7,7,1,18.6555676356699,0.9523910720418197
f51e2ffa-07c3-4a2c-8f0c-bd5a3c209cc6,2026,2026-01-10,5c4db420-ac2a-4491-9f2f-f15fdf65d283,e694b3cb-eeef-43f4-bada-32dba89664a3,-2,0,-5.23189283859705,0.2642365720808946
f6480f97-6521-430d-9b5d-d39de875035c,2026,2026-01-10,afbd548e-958e-452b-ac58-5b58b416aeb3,ed6e30f8-d1f2-451b-9a26-5c7f21af0125,-4,0,3.960918575800387,0.6849034269824296
fd897608-2fd0-4b8e-95bd-d43a67c3e88d,2026,2026-01-10,8ccf579a-f19c-4639-b260-5fa8dc2c90f0,6cbdd7e0-da8a-4b62-98fa-35c1f62f4afd,12,1,4.447925280159448,0.6664900921043808
fe93b157-1cd6-41e5-8301-56d982a9f8a3,2026,2026-01-10,ba959da0-313c-4413-aad3-124a5c216494,51ad29ad-74f3-4879-a2f7-b09ed6f1c3e4,26,1,12.181755688076507,0.9274994338354944
0553ef77-c4f9-4b1b-8ec7-4bf976f9f659,2026,2026-01-11,4d6c2d4d-b59a-44c3-826e-03e969153794,43edca99-9154-45c5-908b-5e79c98e3147,10,1,8.573037248392787,0.820714909543445
0849d581-b299-499e-ab36-22be335868d7,2026,2026-01-11,8b53b385-4f61-4998-bac6-527e69c1fd6d,cb2346de-1887-4050-8b6f-5480779486c2,-10,0,-4.671976905933934,0.2989533857399985
0a286adf-bd1d-492e-b59e-70bb46390c6a,2026,2026-01-11,4ac9a4d0-e97a-403f-b290-b7bf3c0e8308,528a1feb-658f-4522-a7ce-decc11b8b925,11,1,6.563978187349756,0.7336271029407015
122d98f5-d3ca-42a6-89ad-b00bd3cf1e75,2026,2026-01-11,c369d8ef-4098-4425-a977-6cf0605ab931,d5861555-455e-464c-919c-9e6b99ce4495,13,1,-3.0025035243522837,0.33148229079312436
22efdaae-4118-45ae-b448-6111e7090f6a,2026,2026-01-11,195e638a-72ed-4f19-a47f-232630307034,f1d6ac08-ce96-4b53-aaea-ae291068cf23,-2,0,-1.4899669572466372,0.4681587883178365
270ef074-b0ae-4c6f-8a25-d19b7062752a,2026,2026-01-11,beb97225-0e05-4be0-acb0-2fdc74f6dab4,fe6d6aa2-4515-4014-88ef-eb2bd91e54fa,-10,0,0.23181620465073496,0.47975701110428903
358038bc-c0aa-4555-bba9-af6e5b4cc8e5,2026,2026-01-11,2780a057-59e9-4719-9190-6a16ecffbaba,28c5e9b8-df2e-4fea-8442-2a3c31753cef,-2,0,-5.513552789543817,0.2710941910055839
428ec501-6df0-406c-a387-60f7788e9216,2026,2026-01-11,8d2fde4f-31a7-4491-9fcc-f04ced66e74f,6bc5ca07-a958-41a3-8a95-eb5988cd48d6,12,1,1.4302287529272146,0.5928113329833847
473b84f2-b405-4296-b3d0-1b8caef09712,2026,2026-01-11,81e6f1a5-d8cd-43bb-ac87-6c20719f72f3,c155c6af-1897-464f-ad91-10b605e5eb7c,26,1,13.398356014969899,0.892390075334
7b090987-ebb9-46da-82c8-1699a8516211,2026,2026-01-11,6eed5456-f1b2-4e4b-966f-71949e9d90ed,bd78de3d-6129-4bfa-8203-6ad7e79b5e54,-6,0,-4.9059565976472115,0.3081629257560516
93d96dbe-dff0-473e-bef0-e0c144313f94,2026,2026-01-11,b655e208-570d-40cb-a275-91f219da9058,33b3ee1a-8578-4f30-9145-044433be9e46,-5,0,10.431759614600741,0.8256924260843576
97678912-76f1-4edf-8f48-5ee6afd38485,2026,2026-01-11,1902edf0-3770-4094-9f92-722731ac4c93,ab2292aa-bfd3-4e49-a17a-cf970962e75d,-1,0,-0.6743419783371131,0.4511560762518818
a41af142-9f4d-484c-8f3c-2a1dae6e5676,2026,2026-01-11,c836e6fa-56f7-4920-86c0-a3d112f21365,6265a954-0017-44e5-bec7-cdb2fcc8f527,7,1,-1.8290297035385095,0.47755296299614125
af5f1ee1-ef76-4eef-98dc-926746800e59,2026,2026-01-11,5556385d-827a-48ff-a603-cddd42d7d7f3,31ce23c8-e471-4fad-b117-36f72628b875,2,1,2.321408580155823,0.5614449893686986
b2153d92-d491-49ca-93ee-b2908ebfae10,2026,2026-01-11,023093fa-50bc-4974-a6da-14f0e4b070fe,2232e72f-0d57-499b-a956-680031e1de18,-22,0,-12.232770469790093,0.11274852236827725
b49652b3-8157-4a7b-a07c-031a5a5c1e75,2026,2026-01-11,71e0195c-db7a-4df0-b519-17d796d8957c,1c701a00-1852-4c4a-8179-2273b474748c,9,1,0.535100337925727,0.4869100257852094
d2482d61-33a4-4bd9-8e93-6e9bb458c6c8,2026,2026-01-11,7a2ae4f1-b509-40e8-b553-cbea5aabc4be,b678d94f-1147-4cd8-b221-3155893eb1a9,2,1,-4.771263120273411,0.3706961924371699
d5c3222a-83b8-4d5c-a558-952d1bf58079,2026,2026-01-11,85b4dcda-76c3-41e3-ba40-71e093a8dcd5,95ff4642-ef5c-46e3-982e-adab9cdca4e5,11,1,3.1505025877096733,0.6167107896375231
e015e146-9ae1-4e32-a755-03cd9825bc46,2026,2026-01-11,8da08445-76e5-4e98-be98-4f101d670980,4f107cef-d28a-41e5-b9c9-9f537c5a92e2,1,1,-0.5315790273154393,0.49939818466341807
ea9fff31-7b74-4d9b-b6d3-7d20abf94704,2026,2026-01-11,66d6cb28-25f0-41bc-9fb1-d15a6dfca6ac,47407d60-8e46-4d83-bf47-4b7ef8576ebc,-17,0,-0.4946885229014582,0.503257308116395
01357451-149e-42be-84d2-14ed151f8409,2026,2026-01-12,65457ba7-a038-4a4b-bb9c-249804bf4db4,20bb1fdb-2581-4660-92f8-ad08c3a60acb,8,1,8.027011266117228,0.8231199336805223
17406c95-f2e6-4094-9f6e-3d4304054bd3,2026,2026-01-12,79116858-d6a1-42d4-bb91-450b44d1e6b4,ba959da0-313c-4413-aad3-124a5c216494,14,1,-2.8677986294246214,0.36265768728698267
17abde69-36fd-4bf4-88e8-af326a9e5419,2026,2026-01-12,5f39cc2c-9779-411f-87e9-7702676c6ea8,694c9825-86e3-466b-9eed-01db85397149,7,1,1.5042304863486073,0.5803645636516451
1846b45f-ef7b-40ae-8c3a-33c31bab05d9,2026,2026-01-12,5a925022-39f0-422e-a9c8-efba8cab8218,163cfcfa-5213-4025-8eb1-dd67b17587f8,26,1,20.45540801649051,0.9808769459758364
19564694-4275-41f1-99be-84df025e7de8,2026,2026-01-12,9c03bc0e-03a6-4b67-a95d-bb653d5afc1a,466a855f-207e-4dbe-bedb-07f2150174f3,12,1,5.5946943375727445,0.7235810253742065
3341bd4f-4201-4c5f-98e0-655270bab0b8,2026,2026-01-12,07e79f5e-ccc8-487d-ac1c-fbd82b43bb75,517665d2-60c6-44a7-a80b-78212cfb2db3,9,1,3.41698240685191,0.6143820415027823
36d6e8df-e879-4b13-bde5-bfaf29f57117,2026,2026-01-12,95adaebe-3c7d-4cf9-9380-e96c95761e6a,64d8d377-0ced-439d-a3a6-bbf2100037d9,-3,0,-1.7487074781105807,0.4287167795332782
860b31a0-5a6e-48ad-a920-d1427bc37e98,2026,2026-01-12,4cc6318d-53ba-46a4-90a2-0714f3d5dc14,1aa7f46f-1a21-46c8-a8b8-ee19ee4b1e6e,-11,0,-4.019181174895584,0.32502622397918907
882dbf39-1c39-4355-9622-c587d43be9dc,2026,2026-01-12,26a9b9da-a6e0-4e12-a95c-e1e51e72fcb0,853ab0d1-c982-4e7d-8187-8600084662c2,26,1,16.123864876439953,0.9535855479753071
99e8c6d7-eb4b-4e70-9247-8f35d55233e8,2026,2026-01-12,69288ce9-31e9-4d18-9e18-89226b85a2cf,0c280802-395e-44d4-8c2a-fb539233410b,-4,0,0.963075433961585,0.5550439546192799
a3b81c50-14a8-4573-afca-c1020b48ac5b,2026,2026-01-12,2772ac36-c719-4bcf-8a21-30eba79d1c61,b81dac67-4cc4-4d68-b327-0ecd77fe056e,-4,0,4.629896332501684,0.6295000055935325
a41a8e04-4923-4b79-932e-e8891eed6046,2026,2026-01-12,866586a7-cbbf-44c7-87fe-e9343fef12c8,e672d935-837a-44a6-9e69-a25859488a24,-11,0,4.302553740457879,0.5699788242924175
c1e91997-e06b-4089-810f-8184ec78e812,2026,2026-01-12,bff1b03d-2382-45fa-a062-45884591e89a,fb351878-91c8-4144-83c1-92f166d447f9,1,1,-5.8379910641195725,0.21335084215772224
c2e85bac-f469-4203-93b0-f957f62ab177,2026,2026-01-12,e4afe8a2-8546-4df5-b5e9-cd85edc8fc62,cf602be1-6a27-49fd-9b3d-ab9e31f55454,-2,0,0.6163048153284687,0.511824251735889
d72e2829-c6c0-4259-9b5d-29b4444537e8,2026,2026-01-12,54da433c-23a6-4200-94c2-fba0e56376df,d297d4f3-0edc-4461-aa7c-7be49fc9aad9,33,1,25.547115841722732,0.9825596075007154
f6585802-9e40-4461-9bb9-e7be5ccd7be1,2026,2026-01-12,26fd3855-d3a6-4b79-a7b0-559b447f5e6c,976a062a-415a-4be9-870e-c2b6aa726c28,10,1,14.127500888762608,0.9445269005769925
ffbfc206-54c8-4110-998b-833768ca0a23,2026,2026-01-12,8c9b2481-8a04-4d21-baaf-cd9add16d15c,aa6e74ec-70a8-4e02-9b58-0e0e886cace2,15,1,5.367590737464849,0.7456418761245722
004ddeb0-537e-4e40-8b3b-a7a0f9b3532d,2026,2026-01-13,94a323fa-c3d4-4718-a4bf-f6dd1c93c5c9,fbbdc24a-ba43-42e2-afcc-a328f0d9938a,35,1,13.783023447762274,0.9334356374224592
05b5d8ea-3d7b-472a-a728-c6c434ca4bed,2026,2026-01-13,711ff92d-65bd-49a4-abc4-7aacd8c11f9e,1b50e98c-801a-4835-9b4e-b0d563152b2b,39,1,13.240343765996172,0.94497543967718
16e5b4c0-465d-4793-9fe1-4e12edc675cf,2026,2026-01-13,8a720b96-af6b-4ada-bf15-b7b80a091274,9293675b-8878-4a32-bee5-496b4818dbde,-8,0,-5.0188717162540994,0.31652210306742584
1742c509-9043-4670-a636-af61a7f9e3b7,2026,2026-01-13,2ad39bf7-6b52-4185-b83e-15dfc5686cf0,c4fed5b1-14eb-4033-8832-59e6c0004cf0,-4,0,-9.843414914429221,0.14266128542939857
1a909674-6607-4bba-a176-da54092c962c,2026,2026-01-13,d6a99784-3b3d-4ae0-a5c1-6689f04c9255,ed6e30f8-d1f2-451b-9a26-5c7f21af0125,-8,0,7.518927328216949,0.7940884289352154
1f21a82d-f0c0-4e67-b570-dbbcae1bceff,2026,2026-01-13,fff2e22f-8e66-494d-a434-8838f329f8a0,0cc7096d-eb8d-4e4f-9906-93bf951805c5,-6,0,-2.056030453957929,0.5230650035635812
25f7774d-4be9-48b7-910f-8f00945df271,2026,2026-01-13,ad6d1a77-a3c3-4d10-9a5d-52b851597e67,3dfeaa6f-de19-4029-bdaa-0f2bd8ea04c1,-5,0,-7.950343572262386,0.21618637665571244
2b62ba1c-ea2a-42de-addf-534a0be67e47,2026,2026-01-13,07f2978d-85d4-4892-8267-e6903cc20f93,65cd560f-8b8d-4b8f-8a2c-2738484621b8,-17,0,-11.240957487012565,0.1086904467383073
3e5511af-691a-4d9b-b5ce-e20e76a11968,2026,2026-01-13,d783c621-0bb0-477b-8bad-8785e9451e21,a4e52f2f-5193-40ce-a997-0e0be093d86a,29,1,15.950817967683532,0.951548134308554
45280cd5-a392-433c-bfde-8913422a6d5e,2026,2026-01-13,e3ccd256-a37a-40d8-b059-aca05f884ee1,d1c3793d-80d2-4adb-98a1-ac3c584bb64b,-12,0,-6.462230309176501,0.2623955497187616
46988365-c678-406e-97d6-378058e96f60,2026,2026-01-13,9b933a83-ef6d-49c0-ade8-facfdeda3183,a01ea865-0b00-4f54-90fd-8674ed23cf26,4,1,11.327909300993637,0.8825054934352085
4982917b-d516-473b-b10e-a71c6e7daea4,2026,2026-01-13,d5485362-65cf-40d8-bd4e-d8c6c4613f82,2c2e9f9c-9d33-474b-860c-f9230f147fcd,18,1,12.408757462294984,0.902723803834283
5419999f-bb07-4a85-b661-8174a2b38b58,2026,2026-01-13,b7139fdd-2b24-42b2-80d8-3cc79042b563,f497a267-e78e-43dd-9ab3-4299cf11c08e,-15,0,-0.08141018762762914,0.525098183742737
56eab5f8-9238-44d7-94fd-23da821cb4b5,2026,2026-01-13,f31b656e-13ba-4eb7-bd53-66b20405c905,dedb794d-6852-4b7b-904a-15cd66966a0a,17,1,9.442227958965153,0.8143216986303511
5ac4e637-b139-4854-a88a-cffaa578a802,2026,2026-01-13,567fb73b-73a0-4437-a1ed-314d40d93e6f,e6f966c6-5104-484f-a3a8-a7450aa491ae,-3,0,-8.077876481665292,0.2359599708268769
5c87cea9-87fd-4d91-9c2c-8e78882585e5,2026,2026-01-13,3ce97af9-70d7-4dc9-b13b-4f4221b9e09a,d3445fe1-27cc-4d88-b2df-6ce2afe13156,-14,0,-11.052008442509688,0.12247077725624793
603d0710-232c-46e8-aa5c-73f35b604a20,2026,2026-01-13,3f9ea222-2b0c-4f93-a0e2-601346d6030a,89146125-2618-4b85-9bb2-a7d785fc8c0c,4,1,0.091947669126193,0.5772883569054583
6079fea2-fa82-405b-bc40-f5a2ae350181,2026,2026-01-13,d88ac8c9-9fc8-4e76-9426-cf44fe70db47,5e1572de-c2e7-4a5b-a605-c095da467409,24,1,12.10036783967811,0.9042266710827422
62abb317-588c-49b3-8791-12edd8291eef,2026,2026-01-13,2b7eed3d-9921-482b-a193-759486c9b225,f8a7f441-6bad-4648-bfac-a202788a07f8,24,1,15.846610754955524,0.96018763396752
748544f8-95fe-428f-998f-a7870220b34b,2026,2026-01-13,18b86bee-6b10-4c86-95ef-959dd2d80cd5,082024ec-29ae-4a22-8851-c5373988f9bd,16,1,10.746609664562886,0.8340696310064951
7a3581e7-1c87-49c8-84a0-12e7e697e730,2026,2026-01-13,3710f3f1-b8c6-4f75-85b7-66deba7d916a,3d8fedb9-0847-4666-82df-5f520b704ff4,5,1,9.335956983713812,0.8275883679202218
7ae07814-6244-4d8a-9d85-8ff007f02aeb,2026,2026-01-13,fdfebc81-138f-45de-ad5a-cdb4c98c5dc1,19bed18e-691d-4e79-aeaa-771b745bf2a1,8,1,-2.0248766616378724,0.41081689748821776
897d0137-1058-432d-b78a-795c989e60df,2026,2026-01-13,076baa43-c839-437c-8a6b-5074277599df,1ba8fbd8-4401-4226-b1cc-82e937c56657,10,1,2.401124341444838,0.5290396550031269
923f8843-c232-4044-8c32-5dc30edace14,2026,2026-01-13,33fe6f07-54b9-4b44-a9f3-e273b8b240b8,b58418f4-b3ae-444a-8ada-74ff43e88ea9,23,1,1.7816438181087129,0.5633291389931295
9613078d-14d9-487a-90d3-ccc2e563d240,2026,2026-01-13,131339ab-8b21-40bd-af91-c2dd728a68dd,af95ca9e-8a2a-4b22-9bb2-584162eb57f0,2,1,11.287506866266197,0.8905250922146646
97514ea9-9fd0-4aef-8b79-f3aa880e0c57,2026,2026-01-13,023d3704-bd8d-4c41-a3dc-e747ba7ed642,62093611-a202-4f7e-8d13-ed4c5498a9c1,-3,0,-4.676610463493692,0.3298586926591454
aaa5d733-6d80-465b-b4b0-2c7bb68470e8,2026,2026-01-13,d1177041-d515-453f-9b73-e9891b41324d,b9e807be-99ad-41c2-94bc-6049272e3254,-15,0,-12.752457399060285,0.09846577035699822
b20659c8-353c-4a47-be55-2d3b2f5d0a1e,2026,2026-01-13,eaa03f66-f667-48c2-9f30-ccce38d89e56,f945abf6-7dca-4e3a-b475-bceddc534fb9,-9,0,6.337216808072159,0.7584227910009342
b4ba6293-aa1b-40cb-bb3d-084039516c6d,2026,2026-01-13,cc517ba4-b26c-41e0-bc91-66f5ceb16558,d1623d0a-64d7-43e3-9f9b-36356767823e,3,1,1.053872847392498,0.5394101607194736
b53559d7-f4b4-4409-b118-934e3385eb6b,2026,2026-01-13,9f15591e-786d-4c01-a688-1272fa1c111b,38f31497-065b-465d-ab24-3fa581de1831,21,1,-1.8123590319360323,0.3953523639057114
b8ad3d68-bcf0-4bd1-9f6b-120b41ed20cf,2026,2026-01-13,60185dec-e78c-4750-a32a-2162e22a166a,14372359-5589-40fd-8dcc-6a04bbe7338b,-6,0,-2.4078780942711617,0.4521831881514873
c254d38c-7af0-485d-963b-34a126bbc26d,2026,2026-01-13,032eda63-2e4d-4c72-8c92-51b97442dea9,c64c255f-43f5-4a08-99f3-222dd9aa0731,8,1,9.156208477685743,0.806486944166407
d22bd75b-d80a-463f-9bb0-2fb9765ca231,2026,2026-01-13,68f210a8-33bd-4d79-a5b0-222aabe727e7,e80d2384-bdc2-4f58-b09a-284a659a4d81,-6,0,0.03577045034661744,0.5078755805898412
d774127c-e664-44e1-a43a-687851f0adbe,2026,2026-01-13,0fbb2a6f-3944-46a9-9fa8-51376e18b3d9,be57d339-192b-4f8a-80f9-e4dafde63035,10,1,19.55393028595964,0.9771622140774282
eaf9a0c8-f266-49c7-a7b1-b1a590edad83,2026,2026-01-13,5a3e7af6-53d5-4398-8c0d-97e0d9ac977e,29ca4fda-da79-4d21-b2a3-a87a25d02733,21,1,10.182136813297666,0.8522086799718716
02383743-0983-45bc-a3e2-63b8819e424f,2026,2026-01-14,023093fa-50bc-4974-a6da-14f0e4b070fe,81e6f1a5-d8cd-43bb-ac87-6c20719f72f3,4,1,-11.594527073234326,0.10677768203071808
032983fc-ac08-470a-82f0-9f90c9557dd8,2026,2026-01-14,3b612ea1-b264-4279-9f72-b45216bfea4b,bf002b1c-e14e-48a8-9c75-d70de0b2a31d,15,1,8.609133357960452,0.7935439854036633
0da7afc6-f970-4475-9cee-b8b91fa2f9f1,2026,2026-01-14,31ca13c7-e30a-4d9d-a3a8-5197d5e4342a,a8ebd184-6249-4e7c-8e39-0d8d8249fe41,-9,0,-6.379510757644886,0.2525398930434576
0e2ca37f-3b94-416d-b67d-0e17f2440855,2026,2026-01-14,29343f0d-eec4-44e0-923a-b7c6360ad1cf,a76e8585-9bd8-4efd-ad05-93baa5c91a75,-2,0,2.784518826991277,0.6014641429686409
0ef5e36a-d0aa-426b-aace-20fcc9e9be27,2026,2026-01-14,c8280280-8b91-475c-9d30-faed3dc9ec3e,71e0195c-db7a-4df0-b519-17d796d8957c,36,1,12.938043198379306,0.9139344891409418
1da78245-d8ef-406a-9b01-326676cde494,2026,2026-01-14,a544a5d0-4cd1-4756-b079-30a9a7905cd0,6eed5456-f1b2-4e4b-966f-71949e9d90ed,7,1,7.241815735252711,0.7652633890693163
1fe5b7d8-07d9-4a4a-a9ac-657c015475ab,2026,2026-01-14,f1d6ac08-ce96-4b53-aaea-ae291068cf23,4e0916c0-6045-4d71-8568-b5e486ff2f92,4,1,8.158586854533485,0.805806317003671
32e54939-4b16-4435-b9e9-cfaacd6e53ab,2026,2026-01-14,6b34a383-3696-47ff-99bf-1b690f616a28,82ae3098-41a3-4c5a-92a0-aa7a592b5f7b,1,1,3.591871984193927,0.6361303088378509
3940f3cd-33b6-45f3-8623-2e02d9d5dfc4,2026,2026-01-14,c836e6fa-56f7-4920-86c0-a3d112f21365,d9469ea9-44c5-4803-8d5a-39cf4028ea3a,-10,0,-14.197223487866301,0.07740822783933292
479af1e6-25d3-463d-b780-2b4f43a1abf1,2026,2026-01-14,95ff4642-ef5c-46e3-982e-adab9cdca4e5,b979de70-af07-4320-9f20-2b9606ce8cd6,2,1,2.622751688300268,0.5989558096746278
4a4a9ec1-9218-4596-90bc-5ebd04034ddc,2026,2026-01-14,7b637d45-2602-47f9-bf37-40d1043643b7,700ebcb7-55a3-4967-b5ef-89731a047790,1,1,5.970369780822073,0.7482583716279742
4a99621c-cd4f-40ee-a4ba-01eaea5b216f,2026,2026-01-14,47407d60-8e46-4d83-bf47-4b7ef8576ebc,8b53b385-4f61-4998-bac6-527e69c1fd6d,-6,0,9.990456205030018,0.9089078887356785
55f8d794-2e64-4141-b147-8e9ff3a68dc0,2026,2026-01-14,2f197fca-5329-4606-8c7d-9bf31ea65732,fc19569f-90e8-4af1-8b2c-981d4b9b0e7d,-15,0,-1.4301226895353412,0.4037705041876311
56fa60d0-c74a-49db-bce8-f66ef8636b45,2026,2026-01-14,d1841f3d-03f4-419e-bedf-c218d150aa9f,aa657c8b-9c3a-4727-9d4c-559205be3150,-23,0,-2.741199320537216,0.4694581712753837
73d16258-c2bb-4d65-9b3e-fcf77c19e89d,2026,2026-01-14,7dc3e262-ccd4-4c87-8617-0ca6e819757f,8921f536-d6f1-4d5a-b369-5dfb136e1717,17,1,-3.268884210337676,0.37610391996131326
80e92a11-4299-4c2f-bd4b-c1d133f9a1da,2026,2026-01-14,b7431929-7ebc-42a6-bef8-d0c5715e2c86,ba89a28b-4588-48cf-be7d-683d7eaf21d0,22,1,17.857254627134388,0.9720605788873957
8fed6322-dc19-4bdb-98a5-d050a2343de5,2026,2026-01-14,e088b1fe-16ee-4cf1-baaf-6ce4139f13df,113c0c3d-54d6-4c64-b168-7ea3f3c20e76,11,1,4.32475100764696,0.5690146998735197
95980843-206a-4872-9aa9-2ff14580d9b7,2026,2026-01-14,2979c251-171b-4f39-b156-d19f2d179eeb,6833b588-1856-4519-a296-afd069ebabfa,-5,0,0.997440567875096,0.502095452136114
99791199-bf96-4396-b689-7dc24c8aa479,2026,2026-01-14,ec98d839-43bb-427e-83c8-d832063ad70d,813f7a1c-6264-4e11-88e2-21dcd0072c0a,6,1,5.538753576833009,0.7392892889738817
9bd60116-8bda-4246-9e28-145e49bbd2b7,2026,2026-01-14,90df5863-ccc6-4ffe-b441-dee520cc7fed,364c8255-118d-4dcd-aa72-a62621e3aeb6,-11,0,-12.513725745194563,0.08719921510917655
9d191052-5aeb-4a78-bca0-e8b2c614a805,2026,2026-01-14,195e638a-72ed-4f19-a47f-232630307034,175fb86f-dfa5-4661-89d1-221410e04eec,21,1,4.602849499521801,0.6261418870190443
9d3226b4-393a-496f-88c6-779fd25e530f,2026,2026-01-14,2390b5f2-24b9-453a-b023-e7b36da375b6,30dcebf9-dcff-4743-a05a-d994a902866a,11,1,11.929962911720125,0.8627844370983357
9eae39ee-db06-42e8-9d22-88ca42327dda,2026,2026-01-14,4f107cef-d28a-41e5-b9c9-9f537c5a92e2,c5d35bbc-89d4-412c-8778-037158252c91,9,1,9.790856798855936,0.8436916472989191
a857fe50-515a-4a96-a142-db971220b454,2026,2026-01-14,e77246ad-855c-468d-8b07-828f76134191,87526af4-8053-4a04-978d-c8209eb24368,7,1,6.006493794199711,0.7393904835427605
b1537e58-3637-4e3c-972a-c80a3ba6dd66,2026,2026-01-14,53e97ae2-3cae-46c5-8353-41eadbb17d61,34176634-892e-43b1-917d-cc003f8b9c03,5,1,6.815982598648175,0.7571828596199325
b82a223b-6c70-41f0-a42b-d717813ca216,2026,2026-01-14,0270a5a5-82db-4c54-901d-c9c8dfe3741a,8c2a4a9c-1ede-4db2-aecd-cfe02e686b8e,1,1,-0.3998895771916754,0.4452093157440211
be3ecdd7-82a9-4367-b603-dab5f14c3158,2026,2026-01-14,8315c904-1e6e-43c1-a538-e2bbf8bc9ca0,72daa240-1119-4159-899a-d81875c1c916,-4,0,9.209223821291644,0.8038757860178322
c59e0072-e2cc-4268-aba4-25fa2076fc56,2026,2026-01-14,e08292aa-f0dc-4c1f-ac0c-138ec5d15372,d414d5fc-8653-43b8-ac66-ec8f63c74c82,-15,0,-15.217477416934514,0.05860544551583503
c6ba5f62-0eb0-4d24-809e-c0c19a52ff47,2026,2026-01-14,6cbdd7e0-da8a-4b62-98fa-35c1f62f4afd,6899ea71-b4b1-45de-a54e-8eaefcc5e6f4,-9,0,4.031261192038758,0.7382258908987491
c6dba7cb-bf9e-4f28-9edf-754e1db299ad,2026,2026-01-14,28cde209-3ae8-4939-9d83-2a6d645d427d,51b50cb5-097f-453e-99eb-4175d27ed1bd,5,1,-2.8981109639595433,0.3258068838674423
c80b004b-af26-4727-a499-f9a3367d7003,2026,2026-01-14,8af24be9-3bcf-49dd-8a7a-9a412402712a,cec32a63-a501-4a6c-b2c3-dba31694d2b2,-3,0,8.608570285819651,0.8332935196678669
c96f4f4b-89e4-4ca1-9cf4-fe2df0bf6ec7,2026,2026-01-14,ab2292aa-bfd3-4e49-a17a-cf970962e75d,b5111a29-5c09-4364-809c-3686a2b45d1f,-12,0,-6.488049325946419,0.22898183221879467
cc718e97-faa6-4c14-997d-6dedeb1f200f,2026,2026-01-14,c155c6af-1897-464f-ad91-10b605e5eb7c,1c701a00-1852-4c4a-8179-2273b474748c,-5,0,2.1039720438626786,0.6201590446579558
d28838c5-3827-456b-abe6-7a6b414e0991,2026,2026-01-14,57d94665-96b0-49e9-ab6b-a7cd6a1492d0,8da08445-76e5-4e98-be98-4f101d670980,-9,0,-1.5785047182725436,0.4192087749493884
d3309b48-41ca-43ac-baef-de559c2e1725,2026,2026-01-14,cdda7902-04cd-4834-972b-072f59dd1474,2a453d52-4fcb-44e2-84c8-d2c1f91eccf1,14,1,1.9134613213429508,0.5894516454545723
d342b7a4-ad88-41dc-bde5-1a20c65983dc,2026,2026-01-14,6038b249-00da-461c-9074-cfb1ed11d9ab,3ce22877-c834-4b53-aae8-5129d36175b1,26,1,5.444578468994994,0.7636880016693921
d723ada6-6efc-426d-aa8e-e9d6e792ea00,2026,2026-01-14,33a13edc-a688-48dc-a4f0-c3624bb05c07,51ad29ad-74f3-4879-a2f7-b09ed6f1c3e4,7,1,-0.20432306677325293,0.4718327228513184
d98652bc-7874-4b33-b804-db207785a1a7,2026,2026-01-14,124dd15c-311b-4d83-becb-7150d849218d,68f6ce17-8443-4257-ae33-1f240c722bfe,-2,0,6.838292097652538,0.6731666827442515
d9badd6d-badd-44b8-b573-a90195170b3d,2026,2026-01-14,caae45ce-7d6f-4f0e-a536-6d05e2ae5086,b28075f3-bd4a-486f-b563-0081500049b0,-6,0,-0.6597448432781605,0.4944175972963143
e6be7246-6e4b-4fef-8eb3-205c0db32dcb,2026,2026-01-14,edb2bfd0-017f-4df2-b9c6-d8dcacb7e929,b86cac40-e643-41b0-ba96-76ef03712c8c,14,1,18.7269664338272,0.975167570829194
e9f1ed90-8801-401c-b747-6e9d7dfad465,2026,2026-01-14,f37e86a7-66bd-40dc-b008-7a9017dd8f59,2780a057-59e9-4719-9190-6a16ecffbaba,11,1,21.08930431036464,0.9805129297247263
ea49a41c-8c65-44d9-821d-273c355bc9e7,2026,2026-01-14,179abcd1-98d5-4dc8-8532-3f8ffee320c5,fc1af6b7-242a-42bf-bbe3-325108828697,7,1,19.35254146975349,0.9803774965753954
ee423ad5-6704-4abe-9477-9fc5fd40165c,2026,2026-01-14,557c7aed-66c7-4dde-aef2-6dc573ec91e7,1902edf0-3770-4094-9f92-722731ac4c93,-16,0,-11.971904289458665,0.14774640661037877
eea32f91-3da3-426b-83ff-6b65b8db39e1,2026,2026-01-14,d7af5a06-c331-48d5-a768-4a3627420b0d,b9984408-0526-4a1b-9cb3-d6450264dcd5,4,1,0.4332143170009998,0.5126748200900679
eea814ad-ad71-4506-812f-b4773d96a4f4,2026,2026-01-14,3b0fb0e0-1625-4a53-8ad2-e353ec84cb0f,ed01ba53-c6ff-488f-903e-9b348a195c03,3,1,6.631220374404916,0.7399054056137837
f16408a6-ec57-4827-9078-9025ff8b4ebb,2026,2026-01-14,6231ae3d-0d12-480c-83ed-e282959cb8c8,cfae9c2f-9713-46de-9159-5064cc63dd64,-9,0,-13.128840633671617,0.07984778904893956
f37a6f1e-72ed-4a90-916b-6224ac71417f,2026,2026-01-14,eb5b8376-53ac-42b0-a932-bfc4994faa1e,28c5e9b8-df2e-4fea-8442-2a3c31753cef,-13,0,-2.0286407465440974,0.4446579210260343
fde8f3d7-4f0a-4328-acee-e2b285af505d,2026,2026-01-14,cb2346de-1887-4050-8b6f-5480779486c2,c369d8ef-4098-4425-a977-6cf0605ab931,-4,0,2.9144935965304097,0.6917546432846227
039a5457-8399-4adb-a15e-5357d5b8ec17,2026,2026-01-15,6f01f32e-67fa-44c7-8440-24a263829a82,b9d6eada-8645-4be8-9331-81fb5ab905f8,7,1,0.8272297390620443,0.5422114969856213
03dc15dc-2b75-40c9-863d-6a52768c26a3,2026,2026-01-15,1cff0c34-63d9-4a64-a258-a50e61fee7cf,8ccf579a-f19c-4639-b260-5fa8dc2c90f0,-10,0,-10.740596108249504,0.1296885315186055
094013d6-9628-45dc-9ab7-5fa275e991bc,2026,2026-01-15,71835168-f6e1-4523-997c-3851fc41f646,67bb6cc2-0917-4bf3-ba89-bc624925b956,15,1,-1.0941700711862823,0.44126347621303463
0f840fc0-adeb-4b8f-8981-2ab4b9e71d37,2026,2026-01-15,acbf5eb9-3a63-471d-8199-6067f912deaa,62c7a397-21d6-4b22-9b24-ba5a29ee8771,10,1,8.351260696695853,0.8293124619491072
1c421adb-68ee-40d8-8cfe-58fd549e50d7,2026,2026-01-15,84769f97-e86d-402a-9eb2-d31118f663ca,37789002-2f1a-4a5c-95f5-a4f487f719ac,-11,0,0.3868839038561257,0.49105359797515286
2410a543-03a2-4fbf-b4ec-886521c1373f,2026,2026-01-15,a712dee9-a06a-4809-9e11-8e4b4233face,073c7f97-1dbe-4c9d-b1ec-44e92177a53b,5,1,8.131301667943905,0.8040369951182457
241f45da-f8f0-4da4-bbbb-d1a82d3681c3,2026,2026-01-15,0b81f60f-d170-4ec1-9003-5fc16e4afa3d,0ec33aa5-020d-49e7-ac6a-2ee825d15102,-4,0,3.4221733671121854,0.6574708745219148
2bbf1731-d9b3-4259-9d16-aac44f029492,2026,2026-01-15,cea24043-374e-4a53-bfc3-4532caf44ea6,3b63b27c-8c94-4fb9-919f-62cd7944deb1,4,1,1.229363180623518,0.5127211465482817
2cabfc39-7290-4967-b8f2-4dc2a11341bb,2026,2026-01-15,fb1c029c-934e-4345-bb7e-0d199b1172bb,131339ab-8b21-40bd-af91-c2dd728a68dd,11,1,4.813378256398184,0.703330565655318
2cf43f26-60ea-434a-b404-bae43fff0693,2026,2026-01-15,8d2fde4f-31a7-4491-9fcc-f04ced66e74f,beb97225-0e05-4be0-acb0-2fdc74f6dab4,-13,0,-5.280115556409686,0.3872267984069436
2d84ea43-9321-44d1-9c78-285e3834210f,2026,2026-01-15,a2fd0527-f20a-4add-9101-ff8babf6ceaf,5cf39234-dfea-4208-be18-092f71c2f05c,16,1,12.827033168930022,0.907403447397477
31aae626-1279-4227-881d-b88374690c21,2026,2026-01-15,cda5f197-ae6f-4f38-a523-d1e70b218821,87d79a84-23f3-4e7a-adbf-e627ade400ed,2,1,11.794971648322116,0.8949895099385157
32d07d49-3067-4936-9ca2-af27ff216c15,2026,2026-01-15,8121c98d-816f-4d3a-bb3c-4e9f3fbf65e3,9a2c2dfd-070d-4aff-bdc8-ea71e1ff510f,8,1,-3.1527314317245883,0.365732789977738
41068761-b0be-47a9-a13d-3589093b72a5,2026,2026-01-15,9c60e9b3-29b6-431d-92e1-307e1c2f1c15,96649453-7ab9-4024-b242-590c57b62ab6,14,1,9.24714923847871,0.8136943434209626
42dd8721-08da-48b2-a86f-337aba846480,2026,2026-01-15,41a1e4ad-a290-41a2-8940-662b1fc85e89,98674fec-442f-4d8e-bff0-fca634b9ceb1,2,1,10.809170516110099,0.9005678420115291
4a21b17b-2957-4152-94d3-7a1d635b1eed,2026,2026-01-15,0fcf988c-9b3d-4eeb-bc11-4b461290749a,ad070c37-e224-4aea-bff9-4bb770ef38de,-20,0,-6.597339400739585,0.30084255260279635
4a712b4b-af8c-4733-8fc8-ae16dcc25413,2026,2026-01-15,ec7aba22-2b7a-41dd-801d-063cca9a4c1f,5e9a1e57-759c-40bb-aac1-6bdb058fafbf,11,1,-0.46251884638223145,0.49683677668837417
4b5bdcd9-c94d-4c55-b6c4-78e1cf7eab71,2026,2026-01-15,31ce23c8-e471-4fad-b117-36f72628b875,4d6c2d4d-b59a-44c3-826e-03e969153794,25,1,5.075419472527544,0.7405319761305582
4cf5e80a-7ba9-47e4-9a96-d74a1bf64b47,2026,2026-01-15,083c67a8-1a0e-42e4-b3e0-c3872a10d8c2,e2d3ca81-2525-473b-8700-136b6939d5b4,5,1,-8.132409375776444,0.17029963088749708
502e784c-396d-4967-87df-0ef409a187b2,2026,2026-01-15,fe6d6aa2-4515-4014-88ef-eb2bd91e54fa,e23a2171-157b-49cb-bf14-34996402c465,10,1,4.355065240177451,0.7145816562634602
52df11bd-6a2d-4867-8b61-ad5512cbe54c,2026,2026-01-15,8cc8f38e-384d-42b4-906f-97ff66fee7d7,aaa0be6c-4ab2-4cc9-be12-f8658ecddc9f,5,1,11.304068036830097,0.9029616177275883
53cd27b5-709c-4676-87c9-8f7cb735da5e,2026,2026-01-15,e30dcda9-70a8-4f5e-a91a-5eb2cf1e2c36,60686ba3-d38f-468b-ac14-3d7c8518e868,9,1,3.3416304412268207,0.6071627530654441
5b41aaa7-ad29-4b76-a289-1280407a2140,2026,2026-01-15,9c37b6c6-f9dc-49e2-a128-2681c0df2bf8,81d0a946-6d46-4a7d-88bb-29e19e5f5599,11,1,9.341518597157558,0.8713692448421272
5faa6a8b-2e0e-4a79-b747-ab57823018dc,2026,2026-01-15,72aa3e8c-3c62-454a-8f40-09b46ae0cae6,a40a35e7-bb78-4848-a0a4-11059f3caa39,-22,0,1.078110244090635,0.526651705172596
6eb448ea-a55e-4a91-9f7b-eb531a38648c,2026,2026-01-15,897f9506-86e7-4d3e-8eea-2b85ea85fa8e,788df145-b514-4ea4-9ff0-bf2399dc7898,3,1,4.545367279956958,0.6777787865124757
7cd585a4-183b-4638-b6a2-1ccc609a2714,2026,2026-01-15,43edca99-9154-45c5-908b-5e79c98e3147,5556385d-827a-48ff-a603-cddd42d7d7f3,-15,0,-5.183558541104824,0.27208968451892124
80eca1b9-268d-4bcf-a06e-0c18010e5186,2026,2026-01-15,6bc5ca07-a958-41a3-8a95-eb5988cd48d6,b655e208-570d-40cb-a275-91f219da9058,3,1,-7.509964439879484,0.25404535571729936
825847fc-ac90-4017-8447-b7cdb899a50e,2026,2026-01-15,be3dc89e-c7d8-42a5-878d-a2f181f0914b,4b705336-0b7a-4525-a3cc-151a9657a218,-17,0,5.532391456949411,0.6768398498688195
8646a085-cd62-4bf3-a102-513850e70538,2026,2026-01-15,8a24da63-2163-47de-aeff-97b77094e860,aa07fd1e-a03e-4554-9286-31e09a343db0,5,1,-8.722487342131926,0.21558208646882138
887fc08a-c5ed-4ecb-85d2-5baa672fda97,2026,2026-01-15,12fb3719-3067-4770-ab8a-b11eeb73faae,2c2ff68e-eb76-44f0-b27d-9426785932d8,5,1,5.935819871765365,0.7407265034015983
8bc96988-f0a6-4865-bc2a-f7873940cb0f,2026,2026-01-15,e694b3cb-eeef-43f4-bada-32dba89664a3,0b613bb0-e3c8-412a-8845-b9807552ba60,-11,0,-7.952019231284671,0.29119163429399747
9b1869fc-0772-4629-93a9-06eba204b804,2026,2026-01-15,6c5e0081-14ff-4e1b-829d-a107919bc58e,d9908b15-814a-4283-8513-0d0ebd2430f8,1,1,0.15049187479625178,0.49008295980811295
a2ec3a41-b1c9-4ab6-9860-53b77a47c6b2,2026,2026-01-15,69307d4c-6e7f-4329-b6c2-1f3902362083,b2c3c0ff-6592-4132-b527-e3784532b0a7,-16,0,-9.562536441280638,0.18493678219381351
a4165073-2eb8-48c3-a495-f0cddc2e615c,2026,2026-01-15,5c7b85b4-380b-4ce3-bbc7-e0b1ac767c3d,7da471c0-9955-4f80-b861-d7753ac5a7eb,-1,0,-0.6996758737689224,0.4876130060478252
a5e9cecd-a81f-4908-bcc4-27dc55147b8d,2026,2026-01-15,3203894c-786c-4e1f-ada5-c785afe033a5,508005ba-15a8-426a-997c-b0e36e4e6b58,-14,0,3.1521194614940846,0.6027694479040173
af5512ea-60dd-46b0-b480-d5041b1ff4ba,2026,2026-01-15,160d00cd-1792-45ab-a465-c2d2dcdcab1b,a296aea1-d070-4a8b-8dc4-62323ca3f942,-6,0,-11.18265524357739,0.12985697034848775
be7da748-b5e1-4aa2-a00f-a6a05ffb1476,2026,2026-01-15,ea75002f-0c50-4cca-8d60-8926c2f2c077,47c889b3-c1a2-4035-ab56-edaeee3a3c86,-9,0,1.43269110308051,0.564803100346377
beb45afc-2708-4ee0-acac-3a037f16e2e5,2026,2026-01-15,bb509184-c255-4aa4-9cdb-057dd36f7a04,6a5388a0-3d9f-4fa4-b592-775b2c31e741,6,1,2.577530222721296,0.6442828598645141
c4c77ffa-1bcb-434c-9c98-ef972f2b7bbb,2026,2026-01-15,3fe51e56-cced-4ebd-bc3f-5269a8690fff,2a5848e9-342f-42cb-84e8-90f6f573bc8a,9,1,4.347463716889815,0.7148239946500271
c5998768-20da-4046-b8cd-c6c9bd5eb003,2026,2026-01-15,ed251b78-3a68-4e91-b25d-08ef8bc8face,de4b950e-313f-4eed-9fbe-0a05201376d1,8,1,10.126036063912656,0.86162452562122
cbed2989-8c30-410f-a5b6-61921797ec47,2026,2026-01-15,2ffb1e88-0784-478a-b74b-a0a0832b4e30,512bdb5c-66bc-40fa-a392-cffe3e058403,3,1,9.332873532116036,0.8303143010607789
d657c2f0-38eb-4fd4-8e07-c12b9a63d5ec,2026,2026-01-15,96e82d65-67c2-4e96-a2fb-d7ca3dfe1353,5c4db420-ac2a-4491-9f2f-f15fdf65d283,16,1,12.252803012500996,0.9027265113754721
ddab2efd-55b7-4aea-9042-0415d6e248cd,2026,2026-01-15,0792fde4-bca8-4a47-9b76-8d8191a2ac93,9eea7343-e29b-42cd-8ec7-ccda00c95536,-21,0,-15.749263917112335,0.05574855571522156
e2610da8-9875-43b3-8094-597570ddf70f,2026,2026-01-15,1b43514e-2b4f-414f-9f54-b04994ba33ac,69c2db2b-a8d1-48d3-89d0-ef9669af0b7d,-12,0,6.986803460210167,0.7798934760768715
e47dbfa6-7b41-4f3c-923c-fac84db2a60a,2026,2026-01-15,6d9c7f06-e309-4b30-a7a3-37783b2b3f26,428ae1bc-1e48-41c7-b7f1-da980b8a18b8,15,1,6.442977651286118,0.7113148439382946
e63114bb-2bfc-40a8-8ba0-a74098673baa,2026,2026-01-15,592b259a-709d-44c7-b547-07d6529132b5,474c10f3-c223-42d9-b9e9-48c37898ace8,2,1,9.989719094323528,0.8565291000652601
efd96e25-3e7f-40e6-8a3a-58029e8c7d80,2026,2026-01-15,e9570bbf-fc5b-474e-b98e-151eee207d8c,ed91598e-8b89-4385-bc40-49721b8aedd0,-5,0,4.786988587206415,0.6859152802010323
f84a7c2e-f42c-40ce-b9f2-d6efd829bd26,2026,2026-01-15,85b4dcda-76c3-41e3-ba40-71e093a8dcd5,4ac9a4d0-e97a-403f-b290-b7bf3c0e8308,18,1,-1.4302088558342592,0.4293432622749343
fb566df5-bdf4-44ea-9ff0-b58b6924d162,2026,2026-01-15,0dc6096e-6097-4da2-a279-a7e256c526e3,86dd8d64-758b-4592-8af6-2536cef92fc1,3,1,1.3743835766582349,0.6343091867554752
3fdb0113-a751-49e0-919a-298af84eddcf,2026,2026-01-16,9aef881d-7fe2-4fb3-a80d-0b567f388490,5e1572de-c2e7-4a5b-a605-c095da467409,5,1,-0.729345100226171,0.4839004856135619
60a84620-7f02-41a2-ac42-f5a81d6da4b5,2026,2026-01-16,be57d339-192b-4f8a-80f9-e4dafde63035,082024ec-29ae-4a22-8851-c5373988f9bd,5,1,0.6836539059696579,0.5043170075671314
8ab9ea75-c155-417d-ba5c-8a9823f254c6,2026,2026-01-16,68f210a8-33bd-4d79-a5b0-222aabe727e7,cc517ba4-b26c-41e0-bc91-66f5ceb16558,5,1,5.326198047656986,0.7554414911594911
cde4e209-1681-4882-838c-8ec6d31db39c,2026,2026-01-16,0cc7096d-eb8d-4e4f-9906-93bf951805c5,18b86bee-6b10-4c86-95ef-959dd2d80cd5,3,1,0.03814985688909489,0.498165072931945
d8e69928-3f17-44ae-a9db-2014865d77f7,2026,2026-01-16,9f15591e-786d-4c01-a688-1272fa1c111b,f497a267-e78e-43dd-9ab3-4299cf11c08e,18,1,8.381760627698903,0.7809797541712393
ee792ac9-6a99-49a8-b219-d56b282fcca5,2026,2026-01-16,14372359-5589-40fd-8dcc-6a04bbe7338b,8a720b96-af6b-4ada-bf15-b7b80a091274,27,1,16.54317933767171,0.9523174455840603
f1224328-8be7-43b5-b8c2-22171d0d42aa,2026,2026-01-16,89146125-2618-4b85-9bb2-a7d785fc8c0c,1ba8fbd8-4401-4226-b1cc-82e937c56657,6,1,5.439898744327608,0.7162360663304003
024c90f7-1e30-4b63-8501-21fe5126c42d,2026,2026-01-17,84769f97-e86d-402a-9eb2-d31118f663ca,2a5848e9-342f-42cb-84e8-90f6f573bc8a,18,1,3.6769685341241884,0.7365844201301867
02e932dd-dee1-4954-be69-d4e6bc2a6e92,2026,2026-01-17,076baa43-c839-437c-8a6b-5074277599df,f598c6c5-97cc-41a4-83b2-84f08d3397f9,3,1,2.5429100925546004,0.5691022219786079
04849121-5714-48fb-8598-0d8f576b1c3a,2026,2026-01-17,51ad29ad-74f3-4879-a2f7-b09ed6f1c3e4,e77246ad-855c-468d-8b07-828f76134191,19,1,3.133648510370704,0.6224810256087295
05c1f428-5f21-4fbc-8d63-eeaf7bbdf6b9,2026,2026-01-17,694c9825-86e3-466b-9eed-01db85397149,0c280802-395e-44d4-8c2a-fb539233410b,-18,0,-2.22644138837717,0.4071012077579178
07870676-0e93-4fa8-9e08-e2c99fc761ce,2026,2026-01-17,bd78de3d-6129-4bfa-8203-6ad7e79b5e54,567fb73b-73a0-4437-a1ed-314d40d93e6f,10,1,21.33844276171885,0.9787185279382472
09535b63-7e3c-4215-a647-8e64e1e95079,2026,2026-01-17,68f6ce17-8443-4257-ae33-1f240c722bfe,ba959da0-313c-4413-aad3-124a5c216494,-3,0,-4.114348188423416,0.33232582594837856
0bb2d4ef-1b41-4992-8170-1df87b19dfa7,2026,2026-01-17,20bb1fdb-2581-4660-92f8-ad08c3a60acb,4cc6318d-53ba-46a4-90a2-0714f3d5dc14,11,1,5.672219677362804,0.6940230593261347
0c4bd2c2-8209-48ba-8003-688fdd983a8a,2026,2026-01-17,29ca4fda-da79-4d21-b2a3-a87a25d02733,6eed5456-f1b2-4e4b-966f-71949e9d90ed,-17,0,-0.226171422636386,0.5158752067305734
13d5d055-1149-4a5f-901b-b786adbc066b,2026,2026-01-17,cfae9c2f-9713-46de-9159-5064cc63dd64,955bd58f-0ae1-4b55-af26-b19062a2c04c,2,1,1.237855356679142,0.5870884199175473
14bf2af8-d3ff-4861-9d5f-23ecbd8c0137,2026,2026-01-17,b86cac40-e643-41b0-ba96-76ef03712c8c,813f7a1c-6264-4e11-88e2-21dcd0072c0a,3,1,-4.939483599805223,0.28492894365709315
159d2b07-97d8-4438-8bd9-28b950f86688,2026,2026-01-17,f31b656e-13ba-4eb7-bd53-66b20405c905,a544a5d0-4cd1-4756-b079-30a9a7905cd0,-5,0,-8.676077632423135,0.2378300486570044
18f1583f-e5c4-4e6e-b2b0-434401427ca8,2026,2026-01-17,8423734f-7076-4655-b3ef-3528aa9176ff,61080933-9c42-4844-9cd9-7cfbcb9cf94a,-7,0,-4.0727906824310445,0.3106587524245204
1955935a-2ead-4ede-b310-d45ae0aec83f,2026,2026-01-17,19bed18e-691d-4e79-aeaa-771b745bf2a1,64d22a8e-0b18-48ea-a6a3-5619cb8be43e,-1,0,4.077029629159922,0.6508703624027798
19d02f57-c336-4841-8e48-d90d8b00004f,2026,2026-01-17,edb2bfd0-017f-4df2-b9c6-d8dcacb7e929,ec98d839-43bb-427e-83c8-d832063ad70d,13,1,4.493956187222121,0.6909860216915427
1b49f447-4bef-4e3e-8e31-b3a468a92164,2026,2026-01-17,0dc6096e-6097-4da2-a279-a7e256c526e3,a76e8585-9bd8-4efd-ad05-93baa5c91a75,-4,0,3.2705530340854985,0.6276589588489392
1b8eb849-d3d5-45ce-b29e-4cbe96a882a8,2026,2026-01-17,523dd055-c2af-425b-b849-f05ced2ae52b,1ac6eb65-663f-4f4e-b7cd-bcc9ec53efe0,-10,0,-7.43215023999931,0.24097109931260277
1d5eac50-3e5c-4724-8857-39052bdafa52,2026,2026-01-17,b678d94f-1147-4cd8-b221-3155893eb1a9,94a323fa-c3d4-4718-a4bf-f6dd1c93c5c9,-19,0,-6.336338408847362,0.2169645776516374
1ed8a07c-bb3e-4603-90f8-ef4c8e940f1e,2026,2026-01-17,e6f966c6-5104-484f-a3a8-a7450aa491ae,7a2ae4f1-b509-40e8-b553-cbea5aabc4be,9,1,17.489000880109366,0.9624404165705518
21fcaf4a-6b2e-4cf3-ac32-5560bd18c469,2026,2026-01-17,b7139fdd-2b24-42b2-80d8-3cc79042b563,57d94665-96b0-49e9-ab6b-a7cd6a1492d0,1,1,5.406980457640962,0.7428656060944141
22287d35-1a3b-49e8-8707-ebf07b77d63e,2026,2026-01-17,cea24043-374e-4a53-bfc3-4532caf44ea6,34176634-892e-43b1-917d-cc003f8b9c03,-3,0,7.952000802019555,0.7776582272839502
22338914-0a58-4b59-9372-29257614d793,2026,2026-01-17,98674fec-442f-4d8e-bff0-fca634b9ceb1,62c7a397-21d6-4b22-9b24-ba5a29ee8771,20,1,5.211044150348342,0.6973192165411524
2881fb57-2791-4473-a8ff-c2c08e032182,2026,2026-01-17,3710f3f1-b8c6-4f75-85b7-66deba7d916a,cee4e9fb-16d1-4b9a-bbeb-6f26c9d5c340,-2,0,7.618411990859153,0.8343961050568831
2c2f92fe-c667-4294-ae24-d2bcfc5493c4,2026,2026-01-17,175fb86f-dfa5-4661-89d1-221410e04eec,4e0916c0-6045-4d71-8568-b5e486ff2f92,4,1,-0.105408268404176,0.5614374167501495
2d3b8e38-d285-4056-829a-b5d022b3b201,2026,2026-01-17,b7431929-7ebc-42a6-bef8-d0c5715e2c86,195e638a-72ed-4f19-a47f-232630307034,25,1,15.786771326142697,0.9533036699567369
2e2077a7-8420-4a05-b7f9-a79ba9a8b0bb,2026,2026-01-17,976a062a-415a-4be9-870e-c2b6aa726c28,bff1b03d-2382-45fa-a062-45884591e89a,2,1,6.0196814132990335,0.7653378851580217
2e685493-9db3-4e5c-811e-53d7e9b6415a,2026,2026-01-17,cf602be1-6a27-49fd-9b3d-ab9e31f55454,2772ac36-c719-4bcf-8a21-30eba79d1c61,-7,0,-0.27935165443753673,0.5437853754972523
30d197cd-48b7-4c33-885f-854f1d4fbc63,2026,2026-01-17,72daa240-1119-4159-899a-d81875c1c916,6cbdd7e0-da8a-4b62-98fa-35c1f62f4afd,-4,0,1.0806613569902384,0.5218968242591882
337a7c38-db3b-4225-9248-a3f101ce945e,2026,2026-01-17,853ab0d1-c982-4e7d-8187-8600084662c2,65457ba7-a038-4a4b-bb9c-249804bf4db4,-10,0,-0.19939275632070227,0.5479391866692255
3385b595-5226-4d51-82ab-844033b7d107,2026,2026-01-17,6038b249-00da-461c-9074-cfb1ed11d9ab,3b63b27c-8c94-4fb9-919f-62cd7944deb1,25,1,3.0292746764034555,0.6854023304074526
371b187c-1b60-49c2-bc68-7e4680182ea2,2026,2026-01-17,2232e72f-0d57-499b-a956-680031e1de18,c8280280-8b91-475c-9d30-faed3dc9ec3e,15,1,4.204020998062533,0.7240953663835787
3757e3fb-c506-4d87-80f2-a019ab935380,2026,2026-01-17,b58418f4-b3ae-444a-8ada-74ff43e88ea9,aa9a338c-8749-42c2-8655-1caa89068a61,10,1,-0.7946064724213225,0.43710292497144043
376ec967-d8ed-4b4b-af62-23533d7b3ff9,2026,2026-01-17,9c60e9b3-29b6-431d-92e1-307e1c2f1c15,788df145-b514-4ea4-9ff0-bf2399dc7898,4,1,-3.9509259577993427,0.37968044580829585
3a557a6a-a6e0-4b2f-aa02-cc40f91f88c8,2026,2026-01-17,8315c904-1e6e-43c1-a538-e2bbf8bc9ca0,b9984408-0526-4a1b-9cb3-d6450264dcd5,-1,0,4.059616449750646,0.6723302227956204
3bbbd628-452a-48f7-9502-0ae68c133c8b,2026,2026-01-17,5c7b85b4-380b-4ce3-bbc7-e0b1ac767c3d,474c10f3-c223-42d9-b9e9-48c37898ace8,-29,0,-1.9026935949287596,0.3704117386476772
3e769a07-8ec6-4df3-810e-98cf6d220dd5,2026,2026-01-17,6231ae3d-0d12-480c-83ed-e282959cb8c8,0270a5a5-82db-4c54-901d-c9c8dfe3741a,-37,0,-10.278295105744952,0.14600697721119202
410573fa-a6b7-4adf-bbce-fcb0219aad14,2026,2026-01-17,d1623d0a-64d7-43e3-9f9b-36356767823e,3dfeaa6f-de19-4029-bdaa-0f2bd8ea04c1,-2,0,-10.197190696953864,0.15359105231434358
45f8dd5e-1a41-4c08-be68-19e5937f6951,2026,2026-01-17,592b259a-709d-44c7-b547-07d6529132b5,7da471c0-9955-4f80-b861-d7753ac5a7eb,11,1,12.097034229839453,0.9294803704551476
4687294d-b794-4d89-83d5-f3d94e3136ee,2026,2026-01-17,ec7aba22-2b7a-41dd-801d-063cca9a4c1f,9a2c2dfd-070d-4aff-bdc8-ea71e1ff510f,-8,0,-0.42167652203769335,0.514131385291284
48eb01b0-1c7f-4d26-a6f5-af60a3574bc1,2026,2026-01-17,aa657c8b-9c3a-4727-9d4c-559205be3150,eaa03f66-f667-48c2-9f30-ccce38d89e56,-41,0,-11.588984325702613,0.09259873469345692
4e33cb1c-6670-43f3-897d-f825c1f3466b,2026,2026-01-17,a4e52f2f-5193-40ce-a997-0e0be093d86a,c5d35bbc-89d4-412c-8778-037158252c91,11,1,7.274760853283207,0.7585137939158307
4fb1b51a-bf77-4078-a839-0219fce940ff,2026,2026-01-17,700ebcb7-55a3-4967-b5ef-89731a047790,e3ccd256-a37a-40d8-b059-aca05f884ee1,13,1,8.947436498306573,0.8371700266137604
564d4cb3-d0c0-401d-8b93-176965ce5144,2026,2026-01-17,fb1c029c-934e-4345-bb7e-0d199b1172bb,af95ca9e-8a2a-4b22-9bb2-584162eb57f0,7,1,10.864692934165213,0.9010807299002733
5a3e5f70-40c2-4ae0-8aa1-b77cfcf19530,2026,2026-01-17,03914b2c-1603-4f8d-95ae-9f80025284f2,0cc86d2a-a1ab-4ebb-a968-3d4011c8d356,-13,0,5.650378239803461,0.8128771490294998
5d8047e6-bdd7-49e6-8db3-bade05fdd58a,2026,2026-01-17,c369d8ef-4098-4425-a977-6cf0605ab931,023093fa-50bc-4974-a6da-14f0e4b070fe,11,1,15.728902471378891,0.9223936287066248
602ba5e3-4c9a-4c2f-8029-599df814a0ba,2026,2026-01-17,cda5f197-ae6f-4f38-a523-d1e70b218821,508005ba-15a8-426a-997c-b0e36e4e6b58,29,1,16.754737403987562,0.9620645076001986
60a9ae97-9392-4ed7-a160-d311736d157e,2026,2026-01-17,e80d2384-bdc2-4f58-b09a-284a659a4d81,d88ac8c9-9fc8-4e76-9426-cf44fe70db47,-7,0,-5.666170686110763,0.27060529831473185
617eb1a7-0aaa-4a9e-958f-be0afccfdefe,2026,2026-01-17,71835168-f6e1-4523-997c-3851fc41f646,86dd8d64-758b-4592-8af6-2536cef92fc1,-2,0,3.498950307544961,0.6936916555234777
64a278cb-00b4-4fae-9b03-77b6452a72d9,2026,2026-01-17,8921f536-d6f1-4d5a-b369-5dfb136e1717,2a864769-3bff-4022-a96e-3092caef4c93,20,1,18.488278847945523,0.9832212832267201
6ab5278a-039d-48cd-b63e-56b258a795a7,2026,2026-01-17,6c5e0081-14ff-4e1b-829d-a107919bc58e,69307d4c-6e7f-4329-b6c2-1f3902362083,22,1,4.506968203641955,0.5999703103667945
714ebb75-1e05-474e-b805-e951364cec82,2026,2026-01-17,82ae3098-41a3-4c5a-92a0-aa7a592b5f7b,bf002b1c-e14e-48a8-9c75-d70de0b2a31d,3,1,2.8596159309186717,0.6463252349818158
75511635-62e0-4333-81b3-04c6248d24f2,2026,2026-01-17,2ffb1e88-0784-478a-b74b-a0a0832b4e30,8ccf579a-f19c-4639-b260-5fa8dc2c90f0,-10,0,1.0668225284985695,0.5045467693811637
79605a35-d8f0-461d-aff9-83d6e9bbe4cd,2026,2026-01-17,afbd548e-958e-452b-ac58-5b58b416aeb3,c4fed5b1-14eb-4033-8832-59e6c0004cf0,26,1,4.844941738180667,0.682116677256511
79818d84-8767-4412-9038-6879bc6aadd1,2026,2026-01-17,517665d2-60c6-44a7-a80b-78212cfb2db3,9c03bc0e-03a6-4b67-a95d-bb653d5afc1a,4,1,0.4218953061241726,0.5228372806348786
7ac9307a-0baf-453f-94c0-e5a799d3700c,2026,2026-01-17,a712dee9-a06a-4809-9e11-8e4b4233face,4b705336-0b7a-4525-a3cc-151a9657a218,6,1,11.541545358815936,0.9031930623751542
7c5be088-3497-4325-8dc1-746c5bdd27a6,2026,2026-01-17,c68084a8-36ec-4f0e-963b-561f5ea2c46e,8edd905e-18d4-4618-ba73-09af639ca94e,4,1,9.657296903950025,0.8708513517892303
7fec1071-6b04-4929-a490-8c096e7d8262,2026,2026-01-17,94d2459f-8edb-4281-8038-8b2dda825fac,fff30549-83b5-4c44-9f3d-444f65ede45f,8,1,2.275710875522471,0.5699466808407511
818cae49-cf38-4bd7-bb25-2f9ae5a6bf39,2026,2026-01-17,aa6e74ec-70a8-4e02-9b58-0e0e886cace2,54da433c-23a6-4200-94c2-fba0e56376df,-1,0,-1.9084187662074175,0.3969963201335702
84e67d12-63f7-4c8e-85f2-4b2756252e8f,2026,2026-01-17,ed01ba53-c6ff-488f-903e-9b348a195c03,fc19569f-90e8-4af1-8b2c-981d4b9b0e7d,-13,0,-0.18475189138189604,0.4947243042927818
881e284a-5cc9-4269-91ee-fb0fa1d1e66b,2026,2026-01-17,f8a7f441-6bad-4648-bfac-a202788a07f8,fdfebc81-138f-45de-ad5a-cdb4c98c5dc1,8,1,-3.2818527506711,0.3693698022686053
89297a8f-af98-4dee-b6b5-89c6d7fe5a4e,2026,2026-01-17,897f9506-86e7-4d3e-8eea-2b85ea85fa8e,96649453-7ab9-4024-b242-590c57b62ab6,11,1,17.44857878040103,0.9779790973339444
8b403664-8c8c-4ae6-b815-90723ece18d1,2026,2026-01-17,acbf5eb9-3a63-471d-8199-6067f912deaa,41a1e4ad-a290-41a2-8940-662b1fc85e89,4,1,-1.7478869751634474,0.48102825057873133
91331321-a58c-481c-9c76-45e8a758bde2,2026,2026-01-17,12fb3719-3067-4770-ab8a-b11eeb73faae,1999688e-7015-4a04-8450-734eddcbcfe4,3,1,-1.2905441732819984,0.4026108242235885
91480848-114d-49fe-a8c9-e26370a65585,2026,2026-01-17,31ce23c8-e471-4fad-b117-36f72628b875,b655e208-570d-40cb-a275-91f219da9058,-3,0,1.7253635173220583,0.5791875797433806
918d8c8f-6789-478b-aba7-223fc6d3ab7c,2026,2026-01-17,7cc2bc8e-b314-42a5-81cd-bd21acdd42b2,d1841f3d-03f4-419e-bedf-c218d150aa9f,-4,0,12.644196882947751,0.9273918967644155
91d9f378-ffbb-4885-9300-12c7f9ba7f20,2026,2026-01-17,3fe51e56-cced-4ebd-bc3f-5269a8690fff,37789002-2f1a-4a5c-95f5-a4f487f719ac,-6,0,-3.813939912248811,0.34996324026922093
91ee075b-5a45-44cf-89ad-85b5bd283b8b,2026,2026-01-17,bcadcb9e-4b19-49d8-a836-b1224d88a96c,65cd560f-8b8d-4b8f-8a2c-2738484621b8,-4,0,-3.5790709538258154,0.3802580485758125
9389a687-6fd3-48d4-a08e-450d04a3b37d,2026,2026-01-17,30dcebf9-dcff-4743-a05a-d994a902866a,5c4db420-ac2a-4491-9f2f-f15fdf65d283,28,1,13.151211847812103,0.9134679505747895
9542a165-9ab8-4de0-a168-d88429f87a3e,2026,2026-01-17,be3dc89e-c7d8-42a5-878d-a2f181f0914b,073c7f97-1dbe-4c9d-b1ec-44e92177a53b,-6,0,-0.30677017292924763,0.5030641173627565
958124dc-33d3-4f41-a3e7-e07c35682903,2026,2026-01-17,94d66457-cf10-4bc2-b52f-faf466454856,a9a08ada-6bbe-466a-b4ef-e2fe68dce231,-20,0,-2.669697045298918,0.3737980964045393
983fc19e-1f6d-4caa-8b05-5523203c8b2e,2026,2026-01-17,9c37b6c6-f9dc-49e2-a128-2681c0df2bf8,9eea7343-e29b-42cd-8ec7-ccda00c95536,-21,0,-10.458784422917711,0.14008289599623416
9a897638-745a-4ec8-8d8b-dcdccfc67c4a,2026,2026-01-17,2d467e3e-e5d9-499c-a1ed-225d0c3ae91a,d3445fe1-27cc-4d88-b2df-6ce2afe13156,8,1,-0.10383095332270272,0.46776959724266726
9aa0c669-a2d3-4204-a74d-41e614b9530b,2026,2026-01-17,f8fb3b2e-223b-4478-a029-9c1209865bdd,1caae9e8-45a5-4b50-88a3-e3d388c52d33,4,1,6.000396903106503,0.7338026871331838
9d5acacb-8210-445e-b44f-d992cc85905f,2026,2026-01-17,e08292aa-f0dc-4c1f-ac0c-138ec5d15372,51b50cb5-097f-453e-99eb-4175d27ed1bd,6,1,-6.771460755563622,0.25714310683122243
a0b124d0-d6e9-48e3-823c-d3c517e6c593,2026,2026-01-17,53e97ae2-3cae-46c5-8353-41eadbb17d61,3ce22877-c834-4b53-aae8-5129d36175b1,7,1,1.857106723246602,0.5835732230987306
a0e8a670-ae26-4c6b-a868-72dd81c98f9f,2026,2026-01-17,e020519a-e90e-4b63-bb2c-f17dc31b5a56,a8b565bf-c152-4fc8-86ac-49c71bf2fc1d,-5,0,10.106905992205132,0.884262222267813
a368503e-a544-41ce-902d-a11163930df5,2026,2026-01-17,3b612ea1-b264-4279-9f72-b45216bfea4b,3b0fb0e0-1625-4a53-8ad2-e353ec84cb0f,-16,0,6.571927209918454,0.7156795683689353
ad319a66-6543-4b16-aba6-3ff937e6d773,2026,2026-01-17,1b43514e-2b4f-414f-9f54-b04994ba33ac,6a5388a0-3d9f-4fa4-b592-775b2c31e741,-13,0,3.6718487915755817,0.634363692903873
ada1057c-520d-4c26-910e-0bac6ffe0cf3,2026,2026-01-17,71e0195c-db7a-4df0-b519-17d796d8957c,47407d60-8e46-4d83-bf47-4b7ef8576ebc,-15,0,-8.44994444518711,0.14796877126029975
afaca87f-1dcc-4bd2-9f92-a3b7df297d68,2026,2026-01-17,6265a954-0017-44e5-bec7-cdb2fcc8f527,364c8255-118d-4dcd-aa72-a62621e3aeb6,12,1,5.104388500268415,0.7190308931005978
afef29ce-9411-4210-ad1b-5aae249b022d,2026,2026-01-17,2c2e9f9c-9d33-474b-860c-f9230f147fcd,62093611-a202-4f7e-8d13-ed4c5498a9c1,2,1,-10.610959262434223,0.10741810016677066
b9ca00e7-cd3e-4485-9651-e3e6c5a1b150,2026,2026-01-17,caae45ce-7d6f-4f0e-a536-6d05e2ae5086,124dd15c-311b-4d83-becb-7150d849218d,17,1,-4.559236368623564,0.3394899378260712
be6b8814-af0e-4277-8a2e-30214e3a0b1f,2026,2026-01-17,d7af5a06-c331-48d5-a768-4a3627420b0d,6899ea71-b4b1-45de-a54e-8eaefcc5e6f4,-8,0,8.438367524506372,0.7812246509925819
bea65d9a-361e-4375-9e74-837872e1bdc5,2026,2026-01-17,7b637d45-2602-47f9-bf37-40d1043643b7,f945abf6-7dca-4e3a-b475-bceddc534fb9,-4,0,2.4674111276171637,0.6135291008670951
c36fd9a5-7ae8-4631-a35c-833d6a785103,2026,2026-01-17,29343f0d-eec4-44e0-923a-b7c6360ad1cf,67bb6cc2-0917-4bf3-ba89-bc624925b956,5,1,-1.4789409290359479,0.4463394610157087
c8b232a6-bb46-4bb2-b8f9-964e61626640,2026,2026-01-17,28cde209-3ae8-4939-9d83-2a6d645d427d,d414d5fc-8653-43b8-ac66-ec8f63c74c82,-30,0,-14.204155718130812,0.0922489306705736
c8c4cfa5-0944-4016-bac6-868d41492daf,2026,2026-01-17,c836e6fa-56f7-4920-86c0-a3d112f21365,5a3e7af6-53d5-4398-8c0d-97e0d9ac977e,-17,0,-5.731761285989047,0.27318437106937676
c9518f50-d2c8-4540-b58f-8232dde5e37b,2026,2026-01-17,5ffd8dae-eb73-4ad2-be80-a6ca8f4e5884,732365b9-1faf-46df-9c75-4571516450f0,9,1,5.671380663503717,0.7278418154616698
cb478491-eddd-4895-abbf-f09f154c5d0e,2026,2026-01-17,be625a9e-aede-4fb2-98ad-3c0baa02528c,33fe6f07-54b9-4b44-a9f3-e273b8b240b8,4,1,3.682655556570784,0.6228571372488398
cde0a12a-4464-4b9b-b333-dc072d7142e4,2026,2026-01-17,2b7eed3d-9921-482b-a193-759486c9b225,d1c3793d-80d2-4adb-98a1-ac3c584bb64b,10,1,2.9487530608990014,0.6281315546759078
cfa98546-975b-4fec-9677-b47ed48013de,2026,2026-01-17,fbbdc24a-ba43-42e2-afcc-a328f0d9938a,d9469ea9-44c5-4803-8d5a-39cf4028ea3a,-10,0,-22.962776715718835,0.041572364716333056
d0092f13-4e1e-4850-a739-7dc6d0e4d24a,2026,2026-01-17,2390b5f2-24b9-453a-b023-e7b36da375b6,0b613bb0-e3c8-412a-8845-b9807552ba60,3,1,2.8957162466786115,0.6229058388133915
d02d0c8a-cd48-46d6-b5df-31c3d39a482c,2026,2026-01-17,032eda63-2e4d-4c72-8c92-51b97442dea9,3f9ea222-2b0c-4f93-a0e2-601346d6030a,-14,0,-8.53852174841315,0.1187485283927883
d21e6675-ea20-45d7-8146-5b462b9c8d84,2026,2026-01-17,ed6e30f8-d1f2-451b-9a26-5c7f21af0125,cec32a63-a501-4a6c-b2c3-dba31694d2b2,7,1,10.705323827505563,0.8320585107963553
d2a3ef6b-611a-4f2b-8211-e433049e701f,2026,2026-01-17,0b81f60f-d170-4ec1-9003-5fc16e4afa3d,d9908b15-814a-4283-8513-0d0ebd2430f8,4,1,3.01168904634632,0.5836097913087929
d57b6506-b847-41e8-bd74-0f2e6379b5e6,2026,2026-01-17,43edca99-9154-45c5-908b-5e79c98e3147,e23a2171-157b-49cb-bf14-34996402c465,2,1,-5.532316100290142,0.2691430332897335
d71e3136-8042-4012-935e-1ba251883d1d,2026,2026-01-17,4f107cef-d28a-41e5-b9c9-9f537c5a92e2,38f31497-065b-465d-ab24-3fa581de1831,9,1,-5.239560788931303,0.2920430146765708
daf068ba-3089-42d5-be4b-6e411f6f547a,2026,2026-01-17,1cff0c34-63d9-4a64-a258-a50e61fee7cf,512bdb5c-66bc-40fa-a392-cffe3e058403,-14,0,1.4944402032241189,0.559403880779087
dc0c6cbb-5459-4d9f-851f-422185f52e52,2026,2026-01-17,c64c255f-43f5-4a08-99f3-222dd9aa0731,0423c35a-c25a-42a0-a0da-e1918c78cd5f,-15,0,-17.972327127748073,0.04279771978963639
e2f2058f-f294-4b6d-911b-af60c1e1827c,2026,2026-01-17,8c2a4a9c-1ede-4db2-aecd-cfe02e686b8e,7dc3e262-ccd4-4c87-8617-0ca6e819757f,-2,0,-5.402875902976782,0.30208688229728237
e598dc64-f56a-4a1c-8fa3-ed0742df73c2,2026,2026-01-17,69001211-8ae2-4829-9746-40b6a0858890,3d8fedb9-0847-4666-82df-5f520b704ff4,-4,0,1.782661381175453,0.5663400741784861
e7787b8f-a7f4-42fd-926e-ea7fe41287dc,2026,2026-01-17,1ed24078-84ea-4147-b356-c8543c93aa1d,d5485362-65cf-40d8-bd4e-d8c6c4613f82,6,1,8.638443271822531,0.833133722112744
e9833b06-d20a-4ce4-a3b8-923c0a4f0ee8,2026,2026-01-17,1aa7f46f-1a21-46c8-a8b8-ee19ee4b1e6e,95adaebe-3c7d-4cf9-9380-e96c95761e6a,12,1,6.932133133042494,0.7565273606916494
ea302602-7bb5-4833-8002-ad3a8747b8ea,2026,2026-01-17,e694b3cb-eeef-43f4-bada-32dba89664a3,96e82d65-67c2-4e96-a2fb-d7ca3dfe1353,16,1,3.2328629614475037,0.6355717845593977
ea6f7441-3b42-47e6-a313-e14487076e27,2026,2026-01-17,fb351878-91c8-4144-83c1-92f166d447f9,26a9b9da-a6e0-4e12-a95c-e1e51e72fcb0,3,1,-2.560838943180495,0.38381090795485856
eef08a9a-9f1c-4ced-b573-78a6da69f566,2026,2026-01-17,a01ea865-0b00-4f54-90fd-8674ed23cf26,d6a99784-3b3d-4ae0-a5c1-6689f04c9255,10,1,-4.647349605415725,0.2728891471545415
f43acf34-26a3-4006-9e19-8ea96b83f051,2026,2026-01-17,113c0c3d-54d6-4c64-b168-7ea3f3c20e76,39c61fcf-89b3-4523-aa61-7e031fae7e9c,-11,0,3.152815672840234,0.60773940187861
f610206e-c593-49e4-abf4-a99367c47323,2026,2026-01-17,b468e5c1-fd80-4c61-8545-54a03c959ff1,977af06b-e276-4d26-9f4d-4b3c41c67885,14,1,-0.9359891143290219,0.42192716306808475
f837e2a9-32db-4611-a547-a8c92139a0ec,2026,2026-01-17,2f197fca-5329-4606-8c7d-9bf31ea65732,6b34a383-3696-47ff-99bf-1b690f616a28,4,1,2.5693892781914545,0.6245104494896961
f8d2140f-2137-4595-9fc6-9a00e0ad1374,2026,2026-01-17,8da08445-76e5-4e98-be98-4f101d670980,179abcd1-98d5-4dc8-8532-3f8ffee320c5,-7,0,-11.261562241625132,0.1278356188777454
fb215484-4399-43ff-bf73-b536e528c5e1,2026,2026-01-17,e41ccbd3-d51f-43e5-b037-4cb81b41b713,15e4f40d-8279-4f7a-8095-613e3a6ded31,-17,0,2.4476058316556495,0.6319381075006244
fc17d79f-ac9d-405c-819d-16a85e1e77bd,2026,2026-01-17,ba89a28b-4588-48cf-be7d-683d7eaf21d0,60185dec-e78c-4750-a32a-2162e22a166a,-11,0,-0.7920532765832977,0.4142794451135797
fcaefc6e-b449-4ed4-ad1f-c2f6de549754,2026,2026-01-17,a296aea1-d070-4a8b-8dc4-62323ca3f942,ad070c37-e224-4aea-bff9-4bb770ef38de,15,1,2.144689351505567,0.5601327771758413
fe18271b-eebc-4114-a8d5-42bf4b26fedc,2026,2026-01-17,b28075f3-bd4a-486f-b563-0081500049b0,33a13edc-a688-48dc-a4f0-c3624bb05c07,19,1,9.247772672418655,0.8148340528090049
fed85391-735e-494f-a1ed-d0b52d59a4df,2026,2026-01-17,aa07fd1e-a03e-4554-9286-31e09a343db0,b9d6eada-8645-4be8-9331-81fb5ab905f8,-4,0,12.58094745903923,0.9132763796459926
3b2ae176-eb2f-4966-93c9-f90616ece411,2026,2026-01-18,3ce97af9-70d7-4dc9-b13b-4f4221b9e09a,0792fde4-bca8-4a47-9b76-8d8191a2ac93,5,1,4.952915747586137,0.6671102252538061
4fa2bdbd-4d53-4f26-97f2-4d55cfd0176f,2026,2026-01-18,b979de70-af07-4320-9f20-2b9606ce8cd6,85b4dcda-76c3-41e3-ba40-71e093a8dcd5,-6,0,1.4003607494637005,0.5992254194728726
538fdaa9-ccb6-4f26-b46b-a4e3db9cbbd5,2026,2026-01-18,87526af4-8053-4a04-978d-c8209eb24368,79116858-d6a1-42d4-bb91-450b44d1e6b4,-11,0,-4.137835649644516,0.30829536963636245
5bfb4338-fc3a-4114-a6fd-4ee597cfd6b1,2026,2026-01-18,dedb794d-6852-4b7b-904a-15cd66966a0a,90df5863-ccc6-4ffe-b441-dee520cc7fed,23,1,4.0944384567111145,0.6734795084859422
6c364937-a394-40fa-9912-ebed634cb622,2026,2026-01-18,5556385d-827a-48ff-a603-cddd42d7d7f3,beb97225-0e05-4be0-acb0-2fdc74f6dab4,-25,0,2.2867904840330566,0.5602312597504273
8204cd33-62fd-48b0-9079-fe5d46d8f61e,2026,2026-01-18,2780a057-59e9-4719-9190-6a16ecffbaba,ab2292aa-bfd3-4e49-a17a-cf970962e75d,-3,0,-2.1327465354200164,0.3841902244841668
b278a885-3e62-4413-9d89-76cd243d6983,2026,2026-01-18,95ff4642-ef5c-46e3-982e-adab9cdca4e5,557c7aed-66c7-4dde-aef2-6dc573ec91e7,26,1,23.604613327487314,0.9851582061374292
b313330f-0f01-40d0-b6c1-cbc4ec8f05db,2026,2026-01-18,d783c621-0bb0-477b-8bad-8785e9451e21,fc1af6b7-242a-42bf-bbe3-325108828697,30,1,18.28349328544692,0.9636625098613627
b451fbad-6e21-4a7b-ad2e-88b314e5d888,2026,2026-01-18,eb5b8376-53ac-42b0-a932-bfc4994faa1e,528a1feb-658f-4522-a7ce-decc11b8b925,-8,0,-2.833276454759113,0.3597897885508061
c5e63d1f-7cf4-4409-8f87-a0857270f8c0,2026,2026-01-18,28c5e9b8-df2e-4fea-8442-2a3c31753cef,b5111a29-5c09-4364-809c-3686a2b45d1f,-22,0,-4.700892268255171,0.34045411160515165
ce8af3e9-050f-4e39-9930-035b875a3126,2026,2026-01-18,f37e86a7-66bd-40dc-b008-7a9017dd8f59,4ac9a4d0-e97a-403f-b290-b7bf3c0e8308,-1,0,7.580490383299484,0.8048774816744505
d9d7d529-4c1a-43a9-803f-a7885197f8ca,2026,2026-01-18,33b3ee1a-8578-4f30-9145-044433be9e46,8d2fde4f-31a7-4491-9fcc-f04ced66e74f,18,1,5.491801386059681,0.7038054358400886
0192c34e-919d-4554-9a28-7bd7b31fbaa7,2026,2026-01-19,466a855f-207e-4dbe-bedb-07f2150174f3,69288ce9-31e9-4d18-9e18-89226b85a2cf,-5,0,-0.774857658353372,0.4294706380256572
09a0ec78-6a21-4349-b2d9-3cacc94b681e,2026,2026-01-19,788df145-b514-4ea4-9ff0-bf2399dc7898,5ffd8dae-eb73-4ad2-be80-a6ca8f4e5884,-5,0,1.4248510038338509,0.5727936515195321
12fe08e1-bd1e-48eb-887f-90be7b73e07f,2026,2026-01-19,64d8d377-0ced-439d-a3a6-bbf2100037d9,65457ba7-a038-4a4b-bb9c-249804bf4db4,13,1,3.4938191145119997,0.6701967407044818
1718b5e6-93e6-4a7d-b38f-7689ce5d9e1d,2026,2026-01-19,47407d60-8e46-4d83-bf47-4b7ef8576ebc,c8280280-8b91-475c-9d30-faed3dc9ec3e,8,1,4.559317798700816,0.7534815288123333
1c282ee6-3bb8-4ab6-83cf-8575d723db76,2026,2026-01-19,0cd88aa1-5ccf-4454-9b08-d57795a231b7,a8b565bf-c152-4fc8-86ac-49c71bf2fc1d,2,1,0.6432409878409494,0.5529460607545692
248cf5fb-bc55-4d65-abef-375eec075d8f,2026,2026-01-19,2232e72f-0d57-499b-a956-680031e1de18,d5861555-455e-464c-919c-9e6b99ce4495,-13,0,1.4320574190124893,0.5117426950685745
33ab7db5-b354-4147-859f-2ddbdbeae660,2026,2026-01-19,8c9b2481-8a04-4d21-baaf-cd9add16d15c,07e79f5e-ccc8-487d-ac1c-fbd82b43bb75,-4,0,1.7795025209335733,0.6001495900773735
418c6827-5ae2-4010-87b0-07f5121bf7be,2026,2026-01-19,853ab0d1-c982-4e7d-8187-8600084662c2,26fd3855-d3a6-4b79-a7b0-559b447f5e6c,-17,0,-10.189638545256694,0.11533716199546463
42d53930-d61f-4530-bff7-1db7b0c51cce,2026,2026-01-19,fb351878-91c8-4144-83c1-92f166d447f9,95adaebe-3c7d-4cf9-9380-e96c95761e6a,3,1,11.27686779448118,0.8848858551308875
47506841-6f31-407e-b97a-b6567d4155f0,2026,2026-01-19,d297d4f3-0edc-4461-aa7c-7be49fc9aad9,5f39cc2c-9779-411f-87e9-7702676c6ea8,-14,0,-6.461677635893392,0.22359528015321672
4949e2e5-0e9b-429a-808b-b95ea3e01ebe,2026,2026-01-19,72aa3e8c-3c62-454a-8f40-09b46ae0cae6,6f01f32e-67fa-44c7-8440-24a263829a82,13,1,6.420430988009412,0.7782879610375542
4b1b4f87-10e0-4509-9ab7-12bef90214e5,2026,2026-01-19,5cf39234-dfea-4208-be18-092f71c2f05c,e2d3ca81-2525-473b-8700-136b6939d5b4,-18,0,-16.066166897778487,0.07890982541612657
54391e2f-dcae-400d-b0b3-b9c7792f56b5,2026,2026-01-19,ea802991-74ac-4210-b3cf-e4a4c4006e76,9111a425-068f-425e-9467-f3ac4b2781f0,17,1,9.682663915447439,0.8909977139894755
5f3c0d2a-cc36-4922-bb75-a11c459a531a,2026,2026-01-19,7a5b9a33-aeac-4742-af69-49a1be24d3cb,4aa5d0a9-3420-4d4f-a466-17c82d88c482,-22,0,-3.0710707037764107,0.443424823085655
626a3079-090f-4382-9236-bc994107b910,2026,2026-01-19,1c701a00-1852-4c4a-8179-2273b474748c,66d6cb28-25f0-41bc-9fb1-d15a6dfca6ac,-10,0,-4.78817647733574,0.24704115993469028
65713405-e24c-417f-9373-2b8fbd3c6c21,2026,2026-01-19,20bb1fdb-2581-4660-92f8-ad08c3a60acb,bff1b03d-2382-45fa-a062-45884591e89a,2,1,2.7443111498558825,0.6519614593445282
6912cad8-b0c7-4e46-8e07-c3c937b541a0,2026,2026-01-19,523dd055-c2af-425b-b849-f05ced2ae52b,f77c8c1a-5fb3-48ef-8210-484010dd5e32,2,1,-1.2248947931763754,0.4565942781221559
6ba5d98d-7f64-406b-b01b-2131bf88c256,2026,2026-01-19,c369d8ef-4098-4425-a977-6cf0605ab931,81e6f1a5-d8cd-43bb-ac87-6c20719f72f3,14,1,1.5528679537902053,0.5722686694978544
6e46867d-06e5-4717-9e52-64701f78b7a5,2026,2026-01-19,13fa8aab-518b-46ed-be28-b5c24acfa430,1ac6eb65-663f-4f4e-b7cd-bcc9ec53efe0,1,1,4.960486961327307,0.6916434388392831
754cac93-8850-4c7a-bbf6-7f90bf976a5d,2026,2026-01-19,aaa0be6c-4ab2-4cc9-be12-f8658ecddc9f,b7591c8b-00fa-47a2-8280-adf031b24a4f,-17,0,3.5606624546828716,0.6752424619327476
8798b66f-2614-41eb-ace5-b2bcff504a0a,2026,2026-01-19,8423734f-7076-4655-b3ef-3528aa9176ff,5a788fca-07ce-452c-901e-2d9250aa8f8f,7,1,-2.9347697705846714,0.3220683186357786
9e081778-e3cc-4db1-81c0-73614f3167ce,2026,2026-01-19,5e1572de-c2e7-4a5b-a605-c095da467409,68f210a8-33bd-4d79-a5b0-222aabe727e7,1,1,3.78835681411102,0.5697815920283991
a124bc15-babb-4749-83e1-9fba9551175d,2026,2026-01-19,a8ebd184-6249-4e7c-8e39-0d8d8249fe41,f1d6ac08-ce96-4b53-aaea-ae291068cf23,7,1,11.81322518285135,0.8761134062379707
a3602b76-01d7-4244-b885-5feccbd34d4e,2026,2026-01-19,976a062a-415a-4be9-870e-c2b6aa726c28,4cc6318d-53ba-46a4-90a2-0714f3d5dc14,-22,0,5.345192846286563,0.6685839277575383
a44c2d13-80df-48d1-a7a8-15141128b041,2026,2026-01-19,ef533bc7-18e1-474d-96db-96668fe59c22,534c782f-f9f8-4d61-845a-76e90b321da3,-6,0,-0.9006722553752551,0.46405241020442106
aa34218f-a759-4e09-9b94-65a097d81c52,2026,2026-01-19,a2fd0527-f20a-4add-9101-ff8babf6ceaf,8cc8f38e-384d-42b4-906f-97ff66fee7d7,7,1,-1.403401510342865,0.4482318991370059
ac68062f-89ec-45b1-873d-061f725f598c,2026,2026-01-19,68f6ce17-8443-4257-ae33-1f240c722bfe,caae45ce-7d6f-4f0e-a536-6d05e2ae5086,7,1,9.044212993181814,0.83428592910671
b5c8f514-523e-4cfb-875f-8a01c727f648,2026,2026-01-19,517665d2-60c6-44a7-a80b-78212cfb2db3,54da433c-23a6-4200-94c2-fba0e56376df,5,1,-2.1242819864161717,0.40948780026721826
bba210ea-894d-4e13-be2b-801fad22f67d,2026,2026-01-19,31e4ae86-a8cc-4aee-986f-71aa76fea354,de4b950e-313f-4eed-9fbe-0a05201376d1,21,1,10.14621533363383,0.8297618338649072
c155be88-bfb5-44bf-8e15-b2a33199b904,2026,2026-01-19,aa6e74ec-70a8-4e02-9b58-0e0e886cace2,9c03bc0e-03a6-4b67-a95d-bb653d5afc1a,1,1,-0.7213220079016479,0.41534333666530815
cddfcf32-8e2b-4934-b548-e4fbecda0f74,2026,2026-01-19,cb2346de-1887-4050-8b6f-5480779486c2,71e0195c-db7a-4df0-b519-17d796d8957c,6,1,10.875751299858473,0.9095913460412872
ce60e131-627e-4e6e-96d0-b897b3f5516c,2026,2026-01-19,e30dcda9-70a8-4f5e-a91a-5eb2cf1e2c36,a40a35e7-bb78-4848-a0a4-11059f3caa39,1,1,6.059022561032232,0.7320612994746283
dfc69c92-d35d-419d-8246-d2586cdf3961,2026,2026-01-19,1aa7f46f-1a21-46c8-a8b8-ee19ee4b1e6e,26a9b9da-a6e0-4e12-a95c-e1e51e72fcb0,-16,0,-8.555457658529598,0.16914503133766756
e78af6e1-ea6b-4ac6-a8d7-ffdc3a47cbe5,2026,2026-01-19,023093fa-50bc-4974-a6da-14f0e4b070fe,8b53b385-4f61-4998-bac6-527e69c1fd6d,-20,0,-7.974869782438435,0.21378085601199054
ee6f9867-565f-442a-82a2-a9231aec66e6,2026,2026-01-19,9293675b-8878-4a32-bee5-496b4818dbde,2979c251-171b-4f39-b156-d19f2d179eeb,5,1,-2.422188678662181,0.3757361840066673
f63937d0-dcb6-4b70-89ce-7d1deaf78766,2026,2026-01-19,47c889b3-c1a2-4035-ab56-edaeee3a3c86,083c67a8-1a0e-42e4-b3e0-c3872a10d8c2,24,1,3.8046579280938637,0.6227632166541681
fb01673e-b0bd-4182-9acb-0d337624e733,2026,2026-01-19,96649453-7ab9-4024-b242-590c57b62ab6,732365b9-1faf-46df-9c75-4571516450f0,-26,0,-9.749007405574112,0.15812455751014273
08e2b183-7776-496e-84e4-74c59f4013ad,2026,2026-01-20,c5d35bbc-89d4-412c-8778-037158252c91,9f15591e-786d-4c01-a688-1272fa1c111b,-6,0,-6.047318223985428,0.22475680460033093
0acdb427-051a-484d-961f-605466a47cc2,2026,2026-01-20,023d3704-bd8d-4c41-a3dc-e747ba7ed642,1ed24078-84ea-4147-b356-c8543c93aa1d,-18,0,-5.229460107002006,0.29449266132786206
10f0f56a-bb3a-4e8f-ac0e-e3f68b624392,2026,2026-01-20,2a453d52-4fcb-44e2-84c8-d2c1f91eccf1,9aef881d-7fe2-4fb3-a80d-0b567f388490,7,1,4.270797344252009,0.6055849035380357
17124ecc-c2a5-418a-954d-ca14503cc960,2026,2026-01-20,364c8255-118d-4dcd-aa72-a62621e3aeb6,a544a5d0-4cd1-4756-b079-30a9a7905cd0,2,1,-3.524895633795135,0.38042320584370326
1c4b9238-bc28-4eed-8a8d-6a9349b961ab,2026,2026-01-20,ed6e30f8-d1f2-451b-9a26-5c7f21af0125,2ad39bf7-6b52-4185-b83e-15dfc5686cf0,27,1,16.028138848664344,0.9440209942283654
1d00bca0-ea15-4903-8332-745601a57590,2026,2026-01-20,aa9a338c-8749-42c2-8655-1caa89068a61,3f9ea222-2b0c-4f93-a0e2-601346d6030a,-10,0,11.885384533159355,0.905862268088771
2a371a20-9cad-4eae-8e75-53da4a3d4805,2026,2026-01-20,57d94665-96b0-49e9-ab6b-a7cd6a1492d0,b86cac40-e643-41b0-ba96-76ef03712c8c,3,1,2.1703916327453947,0.5660185588530294
397f1b6e-be69-4514-8705-010e4859109a,2026,2026-01-20,0cc7096d-eb8d-4e4f-9906-93bf951805c5,711ff92d-65bd-49a4-abc4-7aacd8c11f9e,-6,0,-0.30712861611801345,0.5070050832963182
3bd8a8ad-4f39-41f1-ad03-ad5f4150106e,2026,2026-01-20,977af06b-e276-4d26-9f4d-4b3c41c67885,bcadcb9e-4b19-49d8-a836-b1224d88a96c,25,1,1.0145364227410214,0.5791335062972429
3e928c7a-c6ba-4ce4-8a7e-29baad2b0556,2026,2026-01-20,fbbdc24a-ba43-42e2-afcc-a328f0d9938a,5a3e7af6-53d5-4398-8c0d-97e0d9ac977e,-16,0,-12.569772723608628,0.11393340512826196
4f86bf32-720b-4930-bde3-5750cbcd6c65,2026,2026-01-20,62093611-a202-4f7e-8d13-ed4c5498a9c1,18b86bee-6b10-4c86-95ef-959dd2d80cd5,2,1,1.980787340346712,0.5886117856680194
513eb7b5-c640-4b5d-bb15-c9a716d07358,2026,2026-01-20,f497a267-e78e-43dd-9ab3-4299cf11c08e,edb2bfd0-017f-4df2-b9c6-d8dcacb7e929,-19,0,-3.8330883724499683,0.344565931230244
5b14fd7f-1201-4735-be76-f9f9951ed13a,2026,2026-01-20,64d22a8e-0b18-48ea-a6a3-5619cb8be43e,7b637d45-2602-47f9-bf37-40d1043643b7,-12,0,-2.8777691038068625,0.3972725717604245
5f70c943-1599-4df9-b967-a67aa0bd3edc,2026,2026-01-20,fff30549-83b5-4c44-9f3d-444f65ede45f,b468e5c1-fd80-4c61-8545-54a03c959ff1,-2,0,-0.2965554775300574,0.49413722609278393
62c1216a-409f-453a-814c-9bf946409bbf,2026,2026-01-20,60185dec-e78c-4750-a32a-2162e22a166a,b7431929-7ebc-42a6-bef8-d0c5715e2c86,-4,0,-9.19703724460937,0.20294026176339858
6f118569-51e8-44b6-bc47-e2b3debec1c8,2026,2026-01-20,082024ec-29ae-4a22-8851-c5373988f9bd,2c2e9f9c-9d33-474b-860c-f9230f147fcd,3,1,9.002190915466862,0.819426035505042
7b456220-2f86-4a6c-a5de-40a8fd689d94,2026,2026-01-20,65cd560f-8b8d-4b8f-8a2c-2738484621b8,94d2459f-8edb-4281-8038-8b2dda825fac,18,1,17.581119245560863,0.9651799345462819
7f1bba89-6b90-4aff-bd02-c9d7979ffe9e,2026,2026-01-20,d88ac8c9-9fc8-4e76-9426-cf44fe70db47,ad6d1a77-a3c3-4d10-9a5d-52b851597e67,5,1,13.078418433760474,0.9154132461340826
808bf2fa-56cd-49d0-8d4c-351b33e73245,2026,2026-01-20,6265a954-0017-44e5-bec7-cdb2fcc8f527,567fb73b-73a0-4437-a1ed-314d40d93e6f,8,1,12.468283701084838,0.9100188415698681
85817fdc-5ac4-4602-9980-771c56734e25,2026,2026-01-20,38f31497-065b-465d-ab24-3fa581de1831,8da08445-76e5-4e98-be98-4f101d670980,30,1,18.58062169494108,0.9715189612005253
93462657-d24b-4c53-9261-4bb39c978763,2026,2026-01-20,6eed5456-f1b2-4e4b-966f-71949e9d90ed,7a2ae4f1-b509-40e8-b553-cbea5aabc4be,6,1,17.59342181938944,0.9714387614691548
a2d9a231-6d79-43af-ae3c-76b421fe2c6b,2026,2026-01-20,0423c35a-c25a-42a0-a0da-e1918c78cd5f,032eda63-2e4d-4c72-8c92-51b97442dea9,33,1,18.179488087244607,0.9830926526459476
a552642d-3309-4f94-9b5d-a74b54a3c260,2026,2026-01-20,1b43514e-2b4f-414f-9f54-b04994ba33ac,bb509184-c255-4aa4-9cdb-057dd36f7a04,16,1,2.625144296679405,0.6634780504748964
a891eee2-e79a-4178-ba9a-2d46c94630dd,2026,2026-01-20,d1c3793d-80d2-4adb-98a1-ac3c584bb64b,19bed18e-691d-4e79-aeaa-771b745bf2a1,-2,0,6.23199102880692,0.7726657154169968
ae23ae3e-aa5a-4bf7-94aa-5630e6fc2c56,2026,2026-01-20,d9469ea9-44c5-4803-8d5a-39cf4028ea3a,29ca4fda-da79-4d21-b2a3-a87a25d02733,14,1,16.746774735170078,0.942267749330997
b7c71f39-5a50-4406-bc61-1d6985b031bd,2026,2026-01-20,1b50e98c-801a-4835-9b4e-b0d563152b2b,be57d339-192b-4f8a-80f9-e4dafde63035,-1,0,4.715052768090136,0.6618691134349465
bd64b959-c650-4912-a6a0-47fa43b0b569,2026,2026-01-20,fff2e22f-8e66-494d-a434-8838f329f8a0,0fbb2a6f-3944-46a9-9fa8-51376e18b3d9,-19,0,-11.147495679979048,0.0958826193336072
c56e3031-e4d8-458b-b198-46e051bb42d3,2026,2026-01-20,1ba8fbd8-4401-4226-b1cc-82e937c56657,c64c255f-43f5-4a08-99f3-222dd9aa0731,29,1,25.7780935926311,0.9840321903184908
c93e9fe3-ee7d-4e2d-8c05-01de4997db6d,2026,2026-01-20,813f7a1c-6264-4e11-88e2-21dcd0072c0a,b7139fdd-2b24-42b2-80d8-3cc79042b563,3,1,5.215343690819292,0.7085442093805897
d46110b8-5380-4ec6-81c1-fc48c8d4faaf,2026,2026-01-20,4e0916c0-6045-4d71-8568-b5e486ff2f92,8a720b96-af6b-4ada-bf15-b7b80a091274,14,1,8.083155409374577,0.8514288841344203
e00ca468-b7bd-4c4a-9a74-47187b0cc360,2026,2026-01-20,2b7eed3d-9921-482b-a193-759486c9b225,7cc2bc8e-b314-42a5-81cd-bd21acdd42b2,-4,0,5.877930432141249,0.7652988423701446
eb89b5e2-0c9a-4b1f-bcd9-e77aa43803bf,2026,2026-01-20,8edd905e-18d4-4618-ba73-09af639ca94e,07f2978d-85d4-4892-8267-e6903cc20f93,9,1,-2.8115788746325627,0.3742878822268198
fedb808a-d16c-4b5b-a62f-1052dc59ba24,2026,2026-01-20,f598c6c5-97cc-41a4-83b2-84f08d3397f9,89146125-2618-4b85-9bb2-a7d785fc8c0c,-16,0,-2.314044327488527,0.41071210046702417
041cec00-f77a-4eb6-9a21-cc62d5eb2269,2026,2026-01-21,fe6d6aa2-4515-4014-88ef-eb2bd91e54fa,43edca99-9154-45c5-908b-5e79c98e3147,-6,0,9.811264856753537,0.8802666737119713
05e1055a-c0c0-4e5b-ab91-845a6feaba93,2026,2026-01-21,6cbdd7e0-da8a-4b62-98fa-35c1f62f4afd,8315c904-1e6e-43c1-a538-e2bbf8bc9ca0,10,1,-1.6314762081178038,0.4727382459082653
07e3204d-4c89-4853-ad5b-329803742573,2026,2026-01-21,86dd8d64-758b-4592-8af6-2536cef92fc1,6038b249-00da-461c-9074-cfb1ed11d9ab,-6,0,-1.7437289956412874,0.39737548013882096
0a810d39-fabb-4dc2-bd63-3fdadb557f79,2026,2026-01-21,fdfebc81-138f-45de-ad5a-cdb4c98c5dc1,700ebcb7-55a3-4967-b5ef-89731a047790,-2,0,-0.330783961452378,0.4484295846332471
0da53c99-84b0-4f64-a6ed-89e33c4f46ce,2026,2026-01-21,cec32a63-a501-4a6c-b2c3-dba31694d2b2,f8fb3b2e-223b-4478-a029-9c1209865bdd,11,1,-1.7604975063438284,0.4526086253667286
0da7449a-7954-40aa-be0f-0e15f6221db1,2026,2026-01-21,0270a5a5-82db-4c54-901d-c9c8dfe3741a,63c7d34f-6b58-4a80-ae86-320a182ddcc5,4,1,0.19851160228266762,0.5047278387190637
0ffe5b68-88c8-4289-9289-7e021db669ef,2026,2026-01-21,afbd548e-958e-452b-ac58-5b58b416aeb3,d6a99784-3b3d-4ae0-a5c1-6689f04c9255,5,1,1.3948836936995255,0.5911947833307911
11543480-f10d-43b0-9b84-069dd45700e3,2026,2026-01-21,39c61fcf-89b3-4523-aa61-7e031fae7e9c,96e82d65-67c2-4e96-a2fb-d7ca3dfe1353,-4,0,0.025193357570214018,0.5393701850376802
1c24f453-3fba-4abe-a822-620b1012d71b,2026,2026-01-21,6899ea71-b4b1-45de-a54e-8eaefcc5e6f4,b9984408-0526-4a1b-9cb3-d6450264dcd5,-1,0,-3.2279478184731762,0.39319764910586374
2251e119-4556-41c0-930b-74d5aed4a73e,2026,2026-01-21,4d6c2d4d-b59a-44c3-826e-03e969153794,33b3ee1a-8578-4f30-9145-044433be9e46,-7,0,7.575332508798659,0.7709816960598349
23f251d6-65fd-4592-8236-843f30831c80,2026,2026-01-21,c4fed5b1-14eb-4033-8832-59e6c0004cf0,1caae9e8-45a5-4b50-88a3-e3d388c52d33,7,1,7.077866597222111,0.7662057906701765
25798be7-3672-4b54-81c5-62a74db7e48a,2026,2026-01-21,81d0a946-6d46-4a7d-88bb-29e19e5f5599,0792fde4-bca8-4a47-9b76-8d8191a2ac93,4,1,-2.3564587508919708,0.457831082397281
29619793-40d7-4f60-b8de-df32b3b45940,2026,2026-01-21,9eea7343-e29b-42cd-8ec7-ccda00c95536,968fdb79-e800-43ac-b93d-53a22dee3a03,24,1,27.369305191849254,0.9819712233360596
2dec7f7e-51b6-493c-a40b-8fdac0faaef7,2026,2026-01-21,3d8fedb9-0847-4666-82df-5f520b704ff4,d1177041-d515-453f-9b73-e9891b41324d,20,1,12.341111096228659,0.8776597402139128
320251af-d969-4b07-8e34-e7ca39b38cd2,2026,2026-01-21,7dc3e262-ccd4-4c87-8617-0ca6e819757f,cfae9c2f-9713-46de-9159-5064cc63dd64,1,1,10.951165426798527,0.8813361661796731
3a110d02-6cb1-46f4-bd24-a432b5943f8a,2026,2026-01-21,a01ea865-0b00-4f54-90fd-8674ed23cf26,8af24be9-3bcf-49dd-8a7a-9a412402712a,6,1,-1.06561076130992,0.4198737154041141
4368a1bf-874d-4ef0-bbb5-3dc06706fbb8,2026,2026-01-21,b2c3c0ff-6592-4132-b527-e3784532b0a7,0b81f60f-d170-4ec1-9003-5fc16e4afa3d,9,1,11.878845804215466,0.8397007745096393
4b532f88-d918-4d55-87ca-7a19490a818e,2026,2026-01-21,fc1af6b7-242a-42bf-bbe3-325108828697,a4e52f2f-5193-40ce-a997-0e0be093d86a,-12,0,1.6307545766676224,0.5307169552026254
599ac5f6-e968-4f53-ba2f-1dec09b50f33,2026,2026-01-21,6833b588-1856-4519-a296-afd069ebabfa,ba89a28b-4588-48cf-be7d-683d7eaf21d0,5,1,9.109011982134218,0.7894276594572979
5a9d6156-827d-41a5-8a64-b87c7739015c,2026,2026-01-21,b5111a29-5c09-4364-809c-3686a2b45d1f,95ff4642-ef5c-46e3-982e-adab9cdca4e5,17,1,10.229694282479198,0.8775374716971683
5b2035b1-bb56-46db-a513-0a08f4afedc3,2026,2026-01-21,f8a7f441-6bad-4648-bfac-a202788a07f8,aa657c8b-9c3a-4727-9d4c-559205be3150,3,1,-1.8693785006090504,0.4413714299534864
5bb6081f-63f4-4742-9457-9bf0567b1506,2026,2026-01-21,cc517ba4-b26c-41e0-bc91-66f5ceb16558,cdda7902-04cd-4834-972b-072f59dd1474,1,1,1.8844915005747422,0.6419799000142958
5c97c7ec-64f8-45be-8394-e1fed57ed535,2026,2026-01-21,0ec33aa5-020d-49e7-ac6a-2ee825d15102,d9908b15-814a-4283-8513-0d0ebd2430f8,7,1,3.510702626161339,0.6360336499394713
64b67a52-f089-4d5f-984e-78d6155dfc89,2026,2026-01-21,ba959da0-313c-4413-aad3-124a5c216494,e77246ad-855c-468d-8b07-828f76134191,17,1,13.35711127882661,0.939485667265407
6e1a2e81-d456-49fb-80a0-2457ff40efb9,2026,2026-01-21,512bdb5c-66bc-40fa-a392-cffe3e058403,72daa240-1119-4159-899a-d81875c1c916,2,1,-6.222605391003864,0.2905996988696824
7c3e89b9-d552-43f2-bfc8-285331bfef6b,2026,2026-01-21,d3445fe1-27cc-4d88-b2df-6ce2afe13156,e41ccbd3-d51f-43e5-b037-4cb81b41b713,30,1,16.235354555257654,0.9490473893208481
84a194ae-d2d2-457e-b228-27fa1216e98b,2026,2026-01-21,175fb86f-dfa5-4661-89d1-221410e04eec,14372359-5589-40fd-8dcc-6a04bbe7338b,3,1,-8.882586242513762,0.2100439923529267
8cc606a5-3f47-4fde-a7a6-1495f9eae2d6,2026,2026-01-21,8ccf579a-f19c-4639-b260-5fa8dc2c90f0,d7af5a06-c331-48d5-a768-4a3627420b0d,12,1,2.395260352928957,0.6051734610096438
8ea99822-c5f1-4287-ab04-c22b3d0b3eb9,2026,2026-01-21,fc19569f-90e8-4af1-8b2c-981d4b9b0e7d,3b0fb0e0-1625-4a53-8ad2-e353ec84cb0f,6,1,6.466426494561041,0.781696982353012
93ab65f6-1744-4208-91a2-55c0bda3f8ec,2026,2026-01-21,94a323fa-c3d4-4718-a4bf-f6dd1c93c5c9,c836e6fa-56f7-4920-86c0-a3d112f21365,10,1,8.079653217961052,0.8218116920963677
9861ae81-dc2e-469a-9997-9613331a51d7,2026,2026-01-21,85b4dcda-76c3-41e3-ba40-71e093a8dcd5,eb5b8376-53ac-42b0-a932-bfc4994faa1e,5,1,6.817552851498611,0.7685951946751307
9c13fe9f-6f15-4d00-be96-1d8e605603c5,2026,2026-01-21,124dd15c-311b-4d83-becb-7150d849218d,51ad29ad-74f3-4879-a2f7-b09ed6f1c3e4,4,1,6.674117966821577,0.7899312941363894
9f6d646b-834e-4f01-a5d9-dcb6cc8d50a0,2026,2026-01-21,bd78de3d-6129-4bfa-8203-6ad7e79b5e54,dedb794d-6852-4b7b-904a-15cd66966a0a,19,1,26.844456961642017,0.9844315480670557
9f84a88b-9423-4b27-866a-466b18532056,2026,2026-01-21,4ac9a4d0-e97a-403f-b290-b7bf3c0e8308,2780a057-59e9-4719-9190-6a16ecffbaba,17,1,15.924415976658304,0.9549365639727005
9f8eefb2-79ab-46a5-9e72-8daaa7143326,2026,2026-01-21,51b50cb5-097f-453e-99eb-4175d27ed1bd,e3ccd256-a37a-40d8-b059-aca05f884ee1,22,1,15.31569561458019,0.9370165712884442
9fccb531-fa6d-41a1-9b61-98761d746284,2026,2026-01-21,179abcd1-98d5-4dc8-8532-3f8ffee320c5,4f107cef-d28a-41e5-b9c9-9f537c5a92e2,26,1,13.794484160331347,0.9443426932669455
a0f85aef-13fe-4483-86a9-053a823269e4,2026,2026-01-21,37789002-2f1a-4a5c-95f5-a4f487f719ac,3203894c-786c-4e1f-ada5-c785afe033a5,25,1,13.23663656046837,0.9052215142771058
ac0a2dc4-b5c0-40b9-b657-fbc70152b717,2026,2026-01-21,528a1feb-658f-4522-a7ce-decc11b8b925,557c7aed-66c7-4dde-aef2-6dc573ec91e7,19,1,21.772404779941816,0.9797271841749714
ac71880d-d5c5-4bc3-af08-6dbd921dcc53,2026,2026-01-21,e80d2384-bdc2-4f58-b09a-284a659a4d81,d1623d0a-64d7-43e3-9f9b-36356767823e,15,1,5.794582596856461,0.7325474725222122
ad05a07b-04af-416d-8c4a-4af09574a777,2026,2026-01-21,195e638a-72ed-4f19-a47f-232630307034,31ca13c7-e30a-4d9d-a3a8-5197d5e4342a,-1,0,0.35276270857590064,0.478217043524296
b4712fb7-026b-4ea7-b627-7568c90dfc73,2026,2026-01-21,1902edf0-3770-4094-9f92-722731ac4c93,b979de70-af07-4320-9f20-2b9606ce8cd6,-4,0,-1.1136828943156143,0.4987690803376143
badccb16-903e-4ed8-a23e-81128f728a70,2026,2026-01-21,b58418f4-b3ae-444a-8ada-74ff43e88ea9,be625a9e-aede-4fb2-98ad-3c0baa02528c,1,1,4.121133427215112,0.6251432251161708
bd752f77-4113-494f-b9ea-ebb46722548e,2026,2026-01-21,6c5e0081-14ff-4e1b-829d-a107919bc58e,cb1b95af-f118-4a94-a324-d05b88869a43,14,1,-10.710130171899078,0.1946934770395463
c53be2c2-9c28-4dfb-bce7-d3f86247c1c5,2026,2026-01-21,79116858-d6a1-42d4-bb91-450b44d1e6b4,b28075f3-bd4a-486f-b563-0081500049b0,4,1,1.2954882103437102,0.5537322703932827
ca187fcf-1d44-49ff-90b9-343440841c16,2026,2026-01-21,f31b656e-13ba-4eb7-bd53-66b20405c905,b678d94f-1147-4cd8-b221-3155893eb1a9,-6,0,1.1924706638613811,0.5415413367089509
cc980b81-4882-424a-a55c-36599f04288d,2026,2026-01-21,33fe6f07-54b9-4b44-a9f3-e273b8b240b8,076baa43-c839-437c-8a6b-5074277599df,9,1,8.857227972893472,0.8252798143168182
cf39a4a5-b154-4d71-8fed-44a6ae6c6afe,2026,2026-01-21,955bd58f-0ae1-4b55-af26-b19062a2c04c,6231ae3d-0d12-480c-83ed-e282959cb8c8,35,1,16.936830583713075,0.9693907586692989
cfb5a5cf-9e07-4d2a-97a8-d4030b208ffc,2026,2026-01-21,beb97225-0e05-4be0-acb0-2fdc74f6dab4,6bc5ca07-a958-41a3-8a95-eb5988cd48d6,-18,0,9.011965242968637,0.8202451841346157
d29261b4-5c30-4f47-8d1e-f8d08c2b9f98,2026,2026-01-21,1cff0c34-63d9-4a64-a258-a50e61fee7cf,2ffb1e88-0784-478a-b74b-a0a0832b4e30,-7,0,-8.536156316125497,0.21128142256842214
d54fce84-d46f-41f4-a603-b65ce74c537e,2026,2026-01-21,33a13edc-a688-48dc-a4f0-c3624bb05c07,87526af4-8053-4a04-978d-c8209eb24368,-3,0,2.527931636196181,0.5346815112807793
d70a6def-86be-42ab-9823-b7cef3b0171b,2026,2026-01-21,3b612ea1-b264-4279-9f72-b45216bfea4b,592b259a-709d-44c7-b547-07d6529132b5,-7,0,2.157372561445408,0.5889407184748445
eaea1621-990b-4d96-9357-39a0cfc3a035,2026,2026-01-21,2a864769-3bff-4022-a96e-3092caef4c93,8c2a4a9c-1ede-4db2-aecd-cfe02e686b8e,-14,0,-1.4520842850909952,0.47671312427967955
f4645929-00a7-449e-b2a1-de98b0e99c25,2026,2026-01-21,cee4e9fb-16d1-4b9a-bbeb-6f26c9d5c340,69001211-8ae2-4829-9746-40b6a0858890,5,1,3.126175143583888,0.6636063987607078
fe270c57-fcd1-4491-a54f-3a9c16d60777,2026,2026-01-21,9c37b6c6-f9dc-49e2-a128-2681c0df2bf8,03914b2c-1603-4f8d-95ae-9f80025284f2,10,1,7.5394745819165365,0.7999416781397837
0936023e-a5d7-4854-b139-af3a7cdd9b9f,2026,2026-01-22,6f01f32e-67fa-44c7-8440-24a263829a82,8a24da63-2163-47de-aeff-97b77094e860,-15,0,0.48103067797715415,0.5687313114054469
0c2d9e29-b9bd-4636-abb7-05bdce67c302,2026,2026-01-22,aaa0be6c-4ab2-4cc9-be12-f8658ecddc9f,a2fd0527-f20a-4add-9101-ff8babf6ceaf,3,1,-2.625434763655772,0.36307120283680705
11c8e67c-cd78-49b4-90bd-291f7c77c086,2026,2026-01-22,acbf5eb9-3a63-471d-8199-6067f912deaa,3fe51e56-cced-4ebd-bc3f-5269a8690fff,5,1,2.9067786825581705,0.7165125086347154
11cc2cb8-7134-46a9-9088-5f266b21014c,2026,2026-01-22,e23a2171-157b-49cb-bf14-34996402c465,5556385d-827a-48ff-a603-cddd42d7d7f3,7,1,3.195363619880771,0.5492997734712427
15c12464-7dbc-4844-b1cd-1768c4d3bd70,2026,2026-01-22,4b705336-0b7a-4525-a3cc-151a9657a218,131339ab-8b21-40bd-af91-c2dd728a68dd,-8,0,3.7483347431317924,0.6378264171411233
17529eda-90e7-4579-95b9-c82474ec5d08,2026,2026-01-22,66d6cb28-25f0-41bc-9fb1-d15a6dfca6ac,cb2346de-1887-4050-8b6f-5480779486c2,-15,0,1.425531403916629,0.49466007916441906
19a21158-f7a5-4488-9016-aa09e8a032e0,2026,2026-01-22,7da471c0-9955-4f80-b861-d7753ac5a7eb,ed01ba53-c6ff-488f-903e-9b348a195c03,6,1,-1.1767183417025795,0.4429637723230504
1bdedeb1-c148-4d1a-8866-540491617745,2026,2026-01-22,8b53b385-4f61-4998-bac6-527e69c1fd6d,c155c6af-1897-464f-ad91-10b605e5eb7c,3,1,6.551167083312501,0.7575363175303884
20f5ef97-a7c3-4c82-b58f-3d44f1e12bc0,2026,2026-01-22,ed251b78-3a68-4e91-b25d-08ef8bc8face,8fc903e0-95d5-42fe-8972-bae53e4456a2,7,1,-0.5286073516443605,0.44518982577794086
24b1c8b0-97d2-483a-9dd7-2da61ff169d8,2026,2026-01-22,b9d6eada-8645-4be8-9331-81fb5ab905f8,e30dcda9-70a8-4f5e-a91a-5eb2cf1e2c36,-13,0,-2.8162982349345222,0.3991507504656934
4db4104f-a06e-4038-b9a8-9d17ed91fb15,2026,2026-01-22,073c7f97-1dbe-4c9d-b1ec-44e92177a53b,af95ca9e-8a2a-4b22-9bb2-584162eb57f0,5,1,14.364878006433994,0.9237957135864054
4ddd9a4b-808b-4064-a2ed-76a1198788c9,2026,2026-01-22,71835168-f6e1-4523-997c-3851fc41f646,34176634-892e-43b1-917d-cc003f8b9c03,14,1,8.063286490972182,0.7935276613372629
5a117a8e-bbbe-488a-a0cb-8a08fe05075b,2026,2026-01-22,6a5388a0-3d9f-4fa4-b592-775b2c31e741,a712dee9-a06a-4809-9e11-8e4b4233face,8,1,0.9699055463059794,0.5197311986502683
6b492a3b-fc88-455d-8433-56bfd4092c16,2026,2026-01-22,ad070c37-e224-4aea-bff9-4bb770ef38de,160d00cd-1792-45ab-a465-c2d2dcdcab1b,27,1,24.6012521718126,0.9844105965377626
733ff2e0-c956-462d-9ab9-2883835b67fc,2026,2026-01-22,81e6f1a5-d8cd-43bb-ac87-6c20719f72f3,d5861555-455e-464c-919c-9e6b99ce4495,1,1,-0.5881834610118595,0.41012358163085705
79da0195-84f1-40dd-b139-0d4965586c72,2026,2026-01-22,87d79a84-23f3-4e7a-adbf-e627ade400ed,62c7a397-21d6-4b22-9b24-ba5a29ee8771,-7,0,5.950393220370634,0.6967898760433328
7c3a229f-40d5-435b-8ea1-1dec30f04eca,2026,2026-01-22,5ffd8dae-eb73-4ad2-be80-a6ca8f4e5884,8121c98d-816f-4d3a-bb3c-4e9f3fbf65e3,12,1,12.02647578340151,0.8847812540915807
800b4d8a-dc65-4eb1-b1e0-e946bcc0c450,2026,2026-01-22,de4b950e-313f-4eed-9fbe-0a05201376d1,aa07fd1e-a03e-4554-9286-31e09a343db0,1,1,-10.282263990197825,0.13772911796311746
8068a121-0626-4464-9953-8664f2848e80,2026,2026-01-22,113c0c3d-54d6-4c64-b168-7ea3f3c20e76,e694b3cb-eeef-43f4-bada-32dba89664a3,-17,0,0.5530087961984853,0.515188426033189
877b02e2-b23a-4244-863e-090cebf9c620,2026,2026-01-22,12fb3719-3067-4770-ab8a-b11eeb73faae,e9570bbf-fc5b-474e-b98e-151eee207d8c,-6,0,0.6546672716019486,0.5696487395891178
8d99bc01-6025-407a-b4e7-4832fb9cfe55,2026,2026-01-22,29343f0d-eec4-44e0-923a-b7c6360ad1cf,94d66457-cf10-4bc2-b52f-faf466454856,55,1,13.370234210222229,0.9333291436456652
9479fdf2-bcdf-475d-8a86-f867469c91f0,2026,2026-01-22,28c5e9b8-df2e-4fea-8442-2a3c31753cef,f37e86a7-66bd-40dc-b008-7a9017dd8f59,-13,0,-7.517343008815199,0.2050359519172822
9d9a9ed9-9388-4af9-93ea-4d651fb3621e,2026,2026-01-22,31e4ae86-a8cc-4aee-986f-71aa76fea354,72aa3e8c-3c62-454a-8f40-09b46ae0cae6,2,1,5.078397635295649,0.6718301140694233
9e2b55dc-d988-4d48-aaf2-c0334dd14a44,2026,2026-01-22,5e9a1e57-759c-40bb-aac1-6bdb058fafbf,897f9506-86e7-4d3e-8eea-2b85ea85fa8e,-4,0,5.272590076768107,0.6804716112374467
a47eed9b-3dac-4653-a648-ede36fb33b70,2026,2026-01-22,47407d60-8e46-4d83-bf47-4b7ef8576ebc,2232e72f-0d57-499b-a956-680031e1de18,19,1,5.685524763806091,0.6950291384849602
b44c8443-6b4f-4b21-94e7-f8bd078d513d,2026,2026-01-22,474c10f3-c223-42d9-b9e9-48c37898ace8,bf002b1c-e14e-48a8-9c75-d70de0b2a31d,-9,0,3.1212291090504776,0.6543526735089069
b4cdd5bd-4547-4704-9295-6fc23029e101,2026,2026-01-22,508005ba-15a8-426a-997c-b0e36e4e6b58,98674fec-442f-4d8e-bff0-fca634b9ceb1,2,1,-1.109791140127857,0.4506179689747813
b7e1a07a-57a6-4e72-bea3-258598aede56,2026,2026-01-22,a76e8585-9bd8-4efd-ad05-93baa5c91a75,53e97ae2-3cae-46c5-8353-41eadbb17d61,2,1,2.9325786464411716,0.6130608772415799
ba1bb014-9b83-425a-b8e9-45e9e520cf59,2026,2026-01-22,67bb6cc2-0917-4bf3-ba89-bc624925b956,cea24043-374e-4a53-bfc3-4532caf44ea6,-7,0,5.835243392895451,0.7225453220533624
bf33dedd-6e45-4dd4-8e33-fcb23f35ad3c,2026,2026-01-22,41a1e4ad-a290-41a2-8940-662b1fc85e89,84769f97-e86d-402a-9eb2-d31118f663ca,21,1,9.158099849142792,0.8747997288643447
c30a7eda-a2c4-4d53-871c-dd32a090afe9,2026,2026-01-22,1b43514e-2b4f-414f-9f54-b04994ba33ac,fb1c029c-934e-4345-bb7e-0d199b1172bb,5,1,9.480514229654535,0.8220795095532265
d20b18c9-0221-4f8f-8a4d-55dd5496404e,2026,2026-01-22,732365b9-1faf-46df-9c75-4571516450f0,ec7aba22-2b7a-41dd-801d-063cca9a4c1f,16,1,4.000930988402055,0.6213088595936127
dcabaf50-e794-4f40-ba2e-81d99ff0240c,2026,2026-01-22,69c2db2b-a8d1-48d3-89d0-ef9669af0b7d,be3dc89e-c7d8-42a5-878d-a2f181f0914b,21,1,5.924269085914916,0.7182326701164466
e95f8f29-52a9-4543-8b23-e2f97fe8845c,2026,2026-01-22,9a2c2dfd-070d-4aff-bdc8-ea71e1ff510f,9c60e9b3-29b6-431d-92e1-307e1c2f1c15,10,1,9.384078523967709,0.8410947986333468
ec34a703-10c6-4dc3-a76e-21070668755f,2026,2026-01-22,2c2ff68e-eb76-44f0-b27d-9426785932d8,6d9c7f06-e309-4b30-a7a3-37783b2b3f26,10,1,2.598355841748758,0.6186416703547724
f4dbe17b-cd7c-4fc2-bd01-261b8a9d18b3,2026,2026-01-22,90df5863-ccc6-4ffe-b441-dee520cc7fed,e6f966c6-5104-484f-a3a8-a7450aa491ae,-27,0,-12.997894131202171,0.07618244932208248
f900b8d9-f61c-41d2-9d16-44a5b6b66215,2026,2026-01-22,2a5848e9-342f-42cb-84e8-90f6f573bc8a,cda5f197-ae6f-4f38-a523-d1e70b218821,-21,0,-7.440134479389755,0.24808524556294323
086fba1b-34c4-4968-8c95-64af039e0ac1,2026,2026-01-23,0cd88aa1-5ccf-4454-9b08-d57795a231b7,ef533bc7-18e1-474d-96db-96668fe59c22,21,1,-0.36933786200043184,0.5181107781084144
09f1e786-e82b-46f9-822a-0fcb06a5a317,2026,2026-01-23,fff2e22f-8e66-494d-a434-8838f329f8a0,62093611-a202-4f7e-8d13-ed4c5498a9c1,-1,0,-1.2960412432233226,0.43684798740805636
194de2bc-724e-4a39-af03-6360194e7688,2026,2026-01-23,cfae9c2f-9713-46de-9159-5064cc63dd64,8921f536-d6f1-4d5a-b369-5dfb136e1717,-10,0,-12.44093604473129,0.08475680145540514
1f6eb51b-6862-4487-b271-52b23fb2ffc2,2026,2026-01-23,6b34a383-3696-47ff-99bf-1b690f616a28,3b0fb0e0-1625-4a53-8ad2-e353ec84cb0f,6,1,0.6732712969194378,0.5907272453453325
2ae4c0e3-7d7f-4d82-b61f-e61d89eb095e,2026,2026-01-23,41a1e4ad-a290-41a2-8940-662b1fc85e89,3fe51e56-cced-4ebd-bc3f-5269a8690fff,8,1,11.55239027106325,0.9158392721517395
4208c0f5-76b9-4057-9a45-3a75d36bb31d,2026,2026-01-23,b9984408-0526-4a1b-9cb3-d6450264dcd5,512bdb5c-66bc-40fa-a392-cffe3e058403,29,1,16.191222819516884,0.9672502746757861
59318988-39cc-4dfc-97dd-c27f980d5432,2026,2026-01-23,7a2ae4f1-b509-40e8-b553-cbea5aabc4be,29ca4fda-da79-4d21-b2a3-a87a25d02733,-23,0,-8.415936691741917,0.177202056545566
5feb1bd8-b028-4171-adc0-349391bacdff,2026,2026-01-23,1ba8fbd8-4401-4226-b1cc-82e937c56657,aa9a338c-8749-42c2-8655-1caa89068a61,-4,0,-4.088584911273237,0.3538620633883638
6c6672ec-5078-4e4b-8cda-0f32bde7801b,2026,2026-01-23,4b705336-0b7a-4525-a3cc-151a9657a218,af95ca9e-8a2a-4b22-9bb2-584162eb57f0,32,1,12.024515774517953,0.8845276148736363
6f4fc78a-0621-49b6-90b0-164e2759559d,2026,2026-01-23,d9469ea9-44c5-4803-8d5a-39cf4028ea3a,6265a954-0017-44e5-bec7-cdb2fcc8f527,12,1,13.82828743005267,0.9082055106138058
7b7be476-c71a-48d2-8c2d-482e2dd50796,2026,2026-01-23,a8b565bf-c152-4fc8-86ac-49c71bf2fc1d,61080933-9c42-4844-9cd9-7cfbcb9cf94a,-3,0,-6.152079657618173,0.3100223854065181
929b1dfc-ed9f-4d30-a4ea-7c1ce23f3a90,2026,2026-01-23,534c782f-f9f8-4d61-845a-76e90b321da3,e020519a-e90e-4b63-bb2c-f17dc31b5a56,-4,0,-3.1959440015337583,0.3888485857587859
b059fcd3-f55e-4005-ab52-6ca1f6e67a67,2026,2026-01-23,955bd58f-0ae1-4b55-af26-b19062a2c04c,63c7d34f-6b58-4a80-ae86-320a182ddcc5,2,1,1.0234902784398408,0.5399877346899181
c0363341-2c1e-4b99-8468-840305e7d1b8,2026,2026-01-23,2a453d52-4fcb-44e2-84c8-d2c1f91eccf1,5e1572de-c2e7-4a5b-a605-c095da467409,11,1,0.6481250789491376,0.5261403382697418
c11fe4cf-b664-4689-8f9a-6b976c96059b,2026,2026-01-23,ab2292aa-bfd3-4e49-a17a-cf970962e75d,eb5b8376-53ac-42b0-a932-bfc4994faa1e,3,1,7.324558155625161,0.7779514251199268
ccffc912-98de-4292-9830-e5c1c17df802,2026,2026-01-23,082024ec-29ae-4a22-8851-c5373988f9bd,0fbb2a6f-3944-46a9-9fa8-51376e18b3d9,-21,0,-11.338262772529944,0.12751468027853127
cd53a1f9-8d93-443e-8cdd-3254f82d6bc2,2026,2026-01-23,4e0916c0-6045-4d71-8568-b5e486ff2f92,b7431929-7ebc-42a6-bef8-d0c5715e2c86,-35,0,-10.761230999559757,0.15797784894191783
d0f34e80-2703-43dc-bc04-62ee81f9cf2e,2026,2026-01-23,acbf5eb9-3a63-471d-8199-6067f912deaa,84769f97-e86d-402a-9eb2-d31118f663ca,15,1,4.69313295691754,0.6543209285050978
d1a99a87-d5ac-4eaf-96d0-cf30ddc2135f,2026,2026-01-23,71835168-f6e1-4523-997c-3851fc41f646,94d66457-cf10-4bc2-b52f-faf466454856,16,1,17.995223671255776,0.9579740200064024
e720992e-66c2-4949-ac47-d482d00ffa87,2026,2026-01-23,528a1feb-658f-4522-a7ce-decc11b8b925,2780a057-59e9-4719-9190-6a16ecffbaba,-4,0,11.312680132668143,0.9032278644006075
ec3f21c1-5bbd-4016-8980-a0f76624b7be,2026,2026-01-23,6231ae3d-0d12-480c-83ed-e282959cb8c8,2a864769-3bff-4022-a96e-3092caef4c93,2,1,-8.539435998008607,0.1919584041907433
f2619614-24af-4473-8597-8f12568b0ff4,2026,2026-01-23,2f197fca-5329-4606-8c7d-9bf31ea65732,82ae3098-41a3-4c5a-92a0-aa7a592b5f7b,17,1,1.6333214144408341,0.5750565748305909
f359eec6-7021-49cd-9f5d-a30954041728,2026,2026-01-23,2ffb1e88-0784-478a-b74b-a0a0832b4e30,72daa240-1119-4159-899a-d81875c1c916,-23,0,2.5563770190474644,0.5981163060020828
08303530-54af-41b6-96c7-9aa34fddd32b,2026,2026-01-24,66d6cb28-25f0-41bc-9fb1-d15a6dfca6ac,023093fa-50bc-4974-a6da-14f0e4b070fe,10,1,13.046614114928254,0.9080356374590817
0897dd0f-85ed-49f1-bd78-52fff032d248,2026,2026-01-24,ed251b78-3a68-4e91-b25d-08ef8bc8face,aa07fd1e-a03e-4554-9286-31e09a343db0,7,1,-4.9671567919465165,0.3334591276442738
0967e17e-c508-4f34-9f0a-dbcb410d60bf,2026,2026-01-24,d414d5fc-8653-43b8-ac66-ec8f63c74c82,64d22a8e-0b18-48ea-a6a3-5619cb8be43e,21,1,21.185537768453262,0.9839251675967121
0a7c8ad9-d405-47d2-a910-194b06677bbe,2026,2026-01-24,e088b1fe-16ee-4cf1-baaf-6ce4139f13df,e694b3cb-eeef-43f4-bada-32dba89664a3,-7,0,2.138349081365121,0.5696750019480986
0b96f52c-b0b6-4680-8e8f-48dcfa3a3211,2026,2026-01-24,b655e208-570d-40cb-a275-91f219da9058,5556385d-827a-48ff-a603-cddd42d7d7f3,-4,0,6.4230433762761345,0.7380247151331565
0d97275d-6ec9-47aa-a8a8-1d2fff77da61,2026,2026-01-24,54da433c-23a6-4200-94c2-fba0e56376df,07e79f5e-ccc8-487d-ac1c-fbd82b43bb75,15,1,5.553923857526642,0.7035698514846669
10f6ef8d-bb51-4da4-90fd-5bbf2bea8c70,2026,2026-01-24,28cde209-3ae8-4939-9d83-2a6d645d427d,e08292aa-f0dc-4c1f-ac0c-138ec5d15372,-12,0,3.7317700719993647,0.7007645244360031
11888193-d7a5-48de-b81f-78549db23252,2026,2026-01-24,96649453-7ab9-4024-b242-590c57b62ab6,788df145-b514-4ea4-9ff0-bf2399dc7898,4,1,-9.761846134559413,0.1621349295093108
120b9036-26fe-4b97-939b-5434ecc4b8fc,2026,2026-01-24,89146125-2618-4b85-9bb2-a7d785fc8c0c,c64c255f-43f5-4a08-99f3-222dd9aa0731,42,1,27.50782178189612,0.9842173782264829
12ec8818-bc08-4df4-b311-fc1e70355c8c,2026,2026-01-24,2979c251-171b-4f39-b156-d19f2d179eeb,195e638a-72ed-4f19-a47f-232630307034,16,1,8.469731435826255,0.8170160229449512
132d626c-9b7d-48df-b872-45551505298d,2026,2026-01-24,cdda7902-04cd-4834-972b-072f59dd1474,d88ac8c9-9fc8-4e76-9426-cf44fe70db47,-5,0,-11.26801168670466,0.10526815642291143
15228be1-165c-4df2-a367-c3c924ec5c27,2026,2026-01-24,de4b950e-313f-4eed-9fbe-0a05201376d1,e30dcda9-70a8-4f5e-a91a-5eb2cf1e2c36,7,1,-4.87479124336446,0.25445682647207357
15dba035-f0d5-49ac-be87-b28e3905cf5b,2026,2026-01-24,a40a35e7-bb78-4848-a0a4-11059f3caa39,6f01f32e-67fa-44c7-8440-24a263829a82,5,1,7.77850761296205,0.8094461348582767
179185fe-7abf-4025-9ca2-7dd30389e3ee,2026,2026-01-24,81d0a946-6d46-4a7d-88bb-29e19e5f5599,2d467e3e-e5d9-499c-a1ed-225d0c3ae91a,-12,0,-12.49744937612147,0.08473884951723351
1a829cb1-c2bc-4c50-8031-2b7614f3f2d5,2026,2026-01-24,b28075f3-bd4a-486f-b563-0081500049b0,124dd15c-311b-4d83-becb-7150d849218d,1,1,2.115551518211568,0.6142363778803371
1bc48a80-eee3-493b-93b3-d2df2f52860a,2026,2026-01-24,e9570bbf-fc5b-474e-b98e-151eee207d8c,1999688e-7015-4a04-8450-734eddcbcfe4,-2,0,-0.0958717224472562,0.4956943746189383
1cec1f70-90c9-47a1-993b-04b4cf1c1026,2026,2026-01-24,68f210a8-33bd-4d79-a5b0-222aabe727e7,d1623d0a-64d7-43e3-9f9b-36356767823e,-3,0,3.292477905145111,0.578446504607513
1e226e36-1a0a-4eb4-9f49-2bc7097d6cad,2026,2026-01-24,3d8fedb9-0847-4666-82df-5f520b704ff4,8edd905e-18d4-4618-ba73-09af639ca94e,23,1,11.098533076164255,0.8374274203253232
2262a815-8767-4709-9727-1d38d0b00458,2026,2026-01-24,d5485362-65cf-40d8-bd4e-d8c6c4613f82,0cc7096d-eb8d-4e4f-9906-93bf951805c5,-1,0,-1.647267484625771,0.3793120036006654
243c04f3-af97-4d69-82e6-e74be490ecc0,2026,2026-01-24,9eea7343-e29b-42cd-8ec7-ccda00c95536,3ce97af9-70d7-4dc9-b13b-4f4221b9e09a,2,1,16.68562840432861,0.9429240557342432
24423aa1-42eb-49a1-a4ed-c69b8af27d4c,2026,2026-01-24,9aef881d-7fe2-4fb3-a80d-0b567f388490,ad6d1a77-a3c3-4d10-9a5d-52b851597e67,7,1,-0.4088526943750074,0.4248033604531444
260960fb-8bb7-4425-8ced-3501eea11e64,2026,2026-01-24,0b81f60f-d170-4ec1-9003-5fc16e4afa3d,6c5e0081-14ff-4e1b-829d-a107919bc58e,11,1,6.189782343589892,0.8068936353415251
27b0e6ac-44f4-4811-a855-34a9ffb0574a,2026,2026-01-24,69001211-8ae2-4829-9746-40b6a0858890,b468e5c1-fd80-4c61-8545-54a03c959ff1,20,1,4.210300562626017,0.6509714078199739
2f4e60ee-1f32-480f-9da0-3c33adfb2b07,2026,2026-01-24,6833b588-1856-4519-a296-afd069ebabfa,a8ebd184-6249-4e7c-8e39-0d8d8249fe41,-6,0,-4.384004465501969,0.3350375986034301
2fc21500-2dd8-474e-aab5-c8bbb1f13402,2026,2026-01-24,fe6d6aa2-4515-4014-88ef-eb2bd91e54fa,31ce23c8-e471-4fad-b117-36f72628b875,8,1,4.039196501549293,0.7251830435667406
3048d4bd-61c6-491e-ad75-d094adb4495a,2026,2026-01-24,567fb73b-73a0-4437-a1ed-314d40d93e6f,94a323fa-c3d4-4718-a4bf-f6dd1c93c5c9,-19,0,-9.32632510796552,0.14656248939295927
310a51e6-e3b2-449b-8128-6bc93e443c3d,2026,2026-01-24,e3ccd256-a37a-40d8-b059-aca05f884ee1,f8a7f441-6bad-4648-bfac-a202788a07f8,4,1,4.639311468849597,0.7354491985842029
348c7083-9343-4cf2-ad31-32a202c7cc44,2026,2026-01-24,3dfeaa6f-de19-4029-bdaa-0f2bd8ea04c1,e80d2384-bdc2-4f58-b09a-284a659a4d81,8,1,12.274750310328535,0.8912425630922008
35157d55-4e67-45c4-9940-3cf4209cfec1,2026,2026-01-24,e77246ad-855c-468d-8b07-828f76134191,79116858-d6a1-42d4-bb91-450b44d1e6b4,-9,0,-0.638900922258424,0.4672891725545572
35b22b27-7d4d-47d8-833c-3678168ea0a9,2026,2026-01-24,508005ba-15a8-426a-997c-b0e36e4e6b58,62c7a397-21d6-4b22-9b24-ba5a29ee8771,3,1,-1.2570844324801413,0.4245068056294771
3c4ebb73-24e3-4056-9c4d-b85bc166f2c2,2026,2026-01-24,69288ce9-31e9-4d18-9e18-89226b85a2cf,517665d2-60c6-44a7-a80b-78212cfb2db3,37,1,9.784688250555252,0.8356225129041539
3cc834cd-339c-47d3-b5ab-49156340f390,2026,2026-01-24,179abcd1-98d5-4dc8-8532-3f8ffee320c5,a4e52f2f-5193-40ce-a997-0e0be093d86a,35,1,19.843322212213018,0.9781154060245747
3cd7327f-c405-49b5-a754-b36b67977454,2026,2026-01-24,32d092aa-6752-439b-89e2-6538ab8523cd,72aa3e8c-3c62-454a-8f40-09b46ae0cae6,-15,0,5.1720630335581435,0.7430969169787354
40730637-ec6c-47ef-8474-3d5f02c0f09c,2026,2026-01-24,6cbdd7e0-da8a-4b62-98fa-35c1f62f4afd,8ccf579a-f19c-4639-b260-5fa8dc2c90f0,3,1,0.4708910802131123,0.4812672514790109
41941cdc-9d30-4802-9a97-2096a139a0c6,2026,2026-01-24,60686ba3-d38f-468b-ac14-3d7c8518e868,b9d6eada-8645-4be8-9331-81fb5ab905f8,10,1,9.714246633324397,0.8510720899479767
464d9990-2839-4002-80f4-4cd8a5452ff8,2026,2026-01-24,8b53b385-4f61-4998-bac6-527e69c1fd6d,1c701a00-1852-4c4a-8179-2273b474748c,1,1,8.195354931558914,0.8333680428960945
4877899a-e85c-4074-9933-f8e39a9eb920,2026,2026-01-24,f497a267-e78e-43dd-9ab3-4299cf11c08e,813f7a1c-6264-4e11-88e2-21dcd0072c0a,-7,0,4.469136984274282,0.6486345715614698
4b445033-ed28-40da-9f8c-ee03644fbf39,2026,2026-01-24,073c7f97-1dbe-4c9d-b1ec-44e92177a53b,131339ab-8b21-40bd-af91-c2dd728a68dd,5,1,8.469928940714412,0.80830238229586
4c7130f0-752f-4e4e-8646-5b8bec342b43,2026,2026-01-24,a544a5d0-4cd1-4756-b079-30a9a7905cd0,bd78de3d-6129-4bfa-8203-6ad7e79b5e54,-6,0,-0.4348040531538915,0.5219877840569872
4f567576-520b-4e9a-9f00-fb3af592f954,2026,2026-01-24,67bb6cc2-0917-4bf3-ba89-bc624925b956,53e97ae2-3cae-46c5-8353-41eadbb17d61,25,1,7.75939449406143,0.7675383350071991
5033390a-3eee-4d40-b0b4-8fdde0b927d2,2026,2026-01-24,c5d35bbc-89d4-412c-8778-037158252c91,8da08445-76e5-4e98-be98-4f101d670980,-9,0,-1.0261937337197529,0.4653972102226657
5340b54b-6abd-4618-aa7d-eec4bf8f03ab,2026,2026-01-24,1caae9e8-45a5-4b50-88a3-e3d388c52d33,cec32a63-a501-4a6c-b2c3-dba31694d2b2,-14,0,5.346988929082417,0.724472797874939
540293b0-c6e0-4cdc-82cf-814220f5f242,2026,2026-01-24,c4fed5b1-14eb-4033-8832-59e6c0004cf0,ed6e30f8-d1f2-451b-9a26-5c7f21af0125,-15,0,2.1673934999531945,0.6209205109922158
5523bcf8-35d2-4955-abbd-1f84ccd7b0e6,2026,2026-01-24,0c280802-395e-44d4-8c2a-fb539233410b,466a855f-207e-4dbe-bedb-07f2150174f3,-1,0,6.468902388794721,0.821170503382427
58797315-0c70-42f2-b690-c325b20ee947,2026,2026-01-24,be57d339-192b-4f8a-80f9-e4dafde63035,2c2e9f9c-9d33-474b-860c-f9230f147fcd,5,1,9.64966827681783,0.7905214558295954
5acb4aca-f3b4-46af-9186-b0d976ab6a28,2026,2026-01-24,977af06b-e276-4d26-9f4d-4b3c41c67885,94d2459f-8edb-4281-8038-8b2dda825fac,4,1,10.077412511736783,0.852132479980304
5b0ebaa5-8494-4697-83b3-f4a42c3352aa,2026,2026-01-24,2232e72f-0d57-499b-a956-680031e1de18,cb2346de-1887-4050-8b6f-5480779486c2,7,1,6.181634261187543,0.6965049664789706
5bb445b5-f4e4-447e-bb04-7f645e251e9d,2026,2026-01-24,65cd560f-8b8d-4b8f-8a2c-2738484621b8,c68084a8-36ec-4f0e-963b-561f5ea2c46e,-9,0,13.942671938702388,0.9111951887393186
5d45feb7-8a55-40aa-985f-e6fe9f3a0ef0,2026,2026-01-24,523dd055-c2af-425b-b849-f05ced2ae52b,9111a425-068f-425e-9467-f3ac4b2781f0,-10,0,-3.331752327852302,0.3688219419526356
5d560b47-b4a1-4f34-9606-327a75ec87bc,2026,2026-01-24,4d6c2d4d-b59a-44c3-826e-03e969153794,beb97225-0e05-4be0-acb0-2fdc74f6dab4,-8,0,0.986965886487062,0.543217853385014
602a09ad-5d06-4c6b-8953-1177ecee5695,2026,2026-01-24,b7139fdd-2b24-42b2-80d8-3cc79042b563,38f31497-065b-465d-ab24-3fa581de1831,-13,0,-12.890293226231003,0.08199968778842581
62ed38df-7b23-441c-9957-8689da094752,2026,2026-01-24,12fb3719-3067-4770-ab8a-b11eeb73faae,428ae1bc-1e48-41c7-b7f1-da980b8a18b8,8,1,7.55859380184475,0.8035799127577197
65f1574c-4480-419e-a8c7-2330a4e043b8,2026,2026-01-24,113c0c3d-54d6-4c64-b168-7ea3f3c20e76,2390b5f2-24b9-453a-b023-e7b36da375b6,-28,0,-8.15399683741871,0.21294324332495299
68245a92-293b-4f57-9b1e-6444a7f697cf,2026,2026-01-24,96e82d65-67c2-4e96-a2fb-d7ca3dfe1353,0b613bb0-e3c8-412a-8845-b9807552ba60,-12,0,-5.820614479406726,0.297759723395001
6b1fc766-598e-4e0e-ac55-e3633470d95b,2026,2026-01-24,9a2c2dfd-070d-4aff-bdc8-ea71e1ff510f,897f9506-86e7-4d3e-8eea-2b85ea85fa8e,-3,0,3.473638353448191,0.6989273872166052
6e5d4d09-24c4-4658-9b5b-7c56e8bce440,2026,2026-01-24,fff30549-83b5-4c44-9f3d-444f65ede45f,07f2978d-85d4-4892-8267-e6903cc20f93,1,1,-0.6901177366426826,0.4800533604010372
6ed0e7ec-645e-43b3-8145-92dd5a184b5f,2026,2026-01-24,f77c8c1a-5fb3-48ef-8210-484010dd5e32,7a5b9a33-aeac-4742-af69-49a1be24d3cb,10,1,8.126348058656696,0.797127749594401
7223bd05-5de8-4492-a1e1-cefc5e037218,2026,2026-01-24,e23a2171-157b-49cb-bf14-34996402c465,8d2fde4f-31a7-4491-9fcc-f04ced66e74f,-1,0,10.614638592925859,0.804312682575192
78de39d1-17f6-49fd-bccb-9a5b7dfdfa24,2026,2026-01-24,15e4f40d-8279-4f7a-8095-613e3a6ded31,9c37b6c6-f9dc-49e2-a128-2681c0df2bf8,2,1,0.9912419027930103,0.526762165254645
7be54683-e1ad-4d40-955a-36692dca1e67,2026,2026-01-24,d5861555-455e-464c-919c-9e6b99ce4495,c369d8ef-4098-4425-a977-6cf0605ab931,8,1,9.690350057583876,0.8337261084519073
7d67689e-3ca6-47ea-9bae-c480ef90c8ac,2026,2026-01-24,57d94665-96b0-49e9-ab6b-a7cd6a1492d0,9f15591e-786d-4c01-a688-1272fa1c111b,-24,0,-8.260099604927673,0.2124960724810509
7ee41200-1058-40f8-b6a6-787f166cd9a7,2026,2026-01-24,ec98d839-43bb-427e-83c8-d832063ad70d,b86cac40-e643-41b0-ba96-76ef03712c8c,13,1,15.457314181241136,0.944379520261003
805e9058-b617-43be-bc91-bd69109049b2,2026,2026-01-24,31ca13c7-e30a-4d9d-a3a8-5197d5e4342a,9293675b-8878-4a32-bee5-496b4818dbde,9,1,1.725958316774421,0.5726300066023255
83338442-7f54-4fa9-ae55-55ac9b0a88e3,2026,2026-01-24,26a9b9da-a6e0-4e12-a95c-e1e51e72fcb0,64d8d377-0ced-439d-a3a6-bbf2100037d9,19,1,13.942257348998888,0.9291617998157357
83506c6c-aba4-4400-a290-fae3beaecc42,2026,2026-01-24,33fe6f07-54b9-4b44-a9f3-e273b8b240b8,0423c35a-c25a-42a0-a0da-e1918c78cd5f,7,1,6.708547294843637,0.7590241304211246
85367420-0b33-4785-8328-39a9c86c29f5,2026,2026-01-24,d1177041-d515-453f-9b73-e9891b41324d,bcadcb9e-4b19-49d8-a836-b1224d88a96c,-32,0,-11.840308864972659,0.10527351256942438
8562b89f-d9cd-4520-9fb1-4a17cfbacdf9,2026,2026-01-24,0270a5a5-82db-4c54-901d-c9c8dfe3741a,7dc3e262-ccd4-4c87-8617-0ca6e819757f,-10,0,-5.559186252828658,0.30075521537779976
8919bdfe-6174-43af-b4dd-7e137b2af91e,2026,2026-01-24,aaa0be6c-4ab2-4cc9-be12-f8658ecddc9f,5cf39234-dfea-4208-be18-092f71c2f05c,16,1,7.830133484862829,0.8133509211876645
8d2df927-dfbc-4814-917a-6a0cd92f549f,2026,2026-01-24,fc19569f-90e8-4af1-8b2c-981d4b9b0e7d,3b612ea1-b264-4279-9f72-b45216bfea4b,15,1,6.604811237685898,0.7744223001376325
930b059d-9c28-4271-905e-836fbc0ea4af,2026,2026-01-24,0792fde4-bca8-4a47-9b76-8d8191a2ac93,968fdb79-e800-43ac-b93d-53a22dee3a03,16,1,10.08750789440654,0.8529061300633902
97d0aabe-6c1b-4a69-9d87-b673ae8e2b53,2026,2026-01-24,364c8255-118d-4dcd-aa72-a62621e3aeb6,b678d94f-1147-4cd8-b221-3155893eb1a9,7,1,6.885251227837083,0.7890291119383626
9816b759-1f9a-4e07-aee3-5e7aefdd07eb,2026,2026-01-24,f1d6ac08-ce96-4b53-aaea-ae291068cf23,14372359-5589-40fd-8dcc-6a04bbe7338b,7,1,-0.11850323508191186,0.5080184324140993
9d782f70-629e-4e97-87dc-833e020098fe,2026,2026-01-24,68f6ce17-8443-4257-ae33-1f240c722bfe,51ad29ad-74f3-4879-a2f7-b09ed6f1c3e4,5,1,8.275481777053285,0.8249102084504927
9ff9d8c3-09e4-4e63-be83-2adf083247b8,2026,2026-01-24,592b259a-709d-44c7-b547-07d6529132b5,5c7b85b4-380b-4ce3-bbc7-e0b1ac767c3d,16,1,12.67074017789253,0.9398221349317559
a477fb6a-73b5-4f86-be24-6b37a8c53694,2026,2026-01-24,edb2bfd0-017f-4df2-b9c6-d8dcacb7e929,d783c621-0bb0-477b-8bad-8785e9451e21,4,1,-0.032433783288662116,0.46043697648359183
a53728f0-2b27-4807-bddf-67deb2105fc1,2026,2026-01-24,8315c904-1e6e-43c1-a538-e2bbf8bc9ca0,6899ea71-b4b1-45de-a54e-8eaefcc5e6f4,11,1,12.124852411341145,0.9103191820366653
a5e4ce5f-9712-4d1e-a8f6-0300db91ae45,2026,2026-01-24,5ffd8dae-eb73-4ad2-be80-a6ca8f4e5884,ec7aba22-2b7a-41dd-801d-063cca9a4c1f,3,1,4.643147556865408,0.6631335392053838
a6367fb8-2d8b-41b5-a572-6401d84211af,2026,2026-01-24,1902edf0-3770-4094-9f92-722731ac4c93,b5111a29-5c09-4364-809c-3686a2b45d1f,-6,0,-10.779545250450555,0.11591253935364901
a8af65c9-db1e-4c48-9a70-b1bdff0e144f,2026,2026-01-24,2a5848e9-342f-42cb-84e8-90f6f573bc8a,37789002-2f1a-4a5c-95f5-a4f487f719ac,8,1,-4.236241071491342,0.36341988040107126
a8bbceba-5c2a-43b6-b7bc-501c57580100,2026,2026-01-24,6a5388a0-3d9f-4fa4-b592-775b2c31e741,be3dc89e-c7d8-42a5-878d-a2f181f0914b,4,1,6.475939952473725,0.7270859141134131
a8c188f3-9c1a-42c1-9667-ff3058bf1cac,2026,2026-01-24,083c67a8-1a0e-42e4-b3e0-c3872a10d8c2,8cc8f38e-384d-42b4-906f-97ff66fee7d7,-10,0,-4.7668574328126825,0.2525305539427985
af5b8e2d-583b-4c2f-9205-8646cd1190e0,2026,2026-01-24,f945abf6-7dca-4e3a-b475-bceddc534fb9,51b50cb5-097f-453e-99eb-4175d27ed1bd,-5,0,1.0667960363548028,0.5874073098773651
b12465a6-82f4-47a3-a214-0fef91913b88,2026,2026-01-24,7da471c0-9955-4f80-b861-d7753ac5a7eb,bf002b1c-e14e-48a8-9c75-d70de0b2a31d,-5,0,0.6952158329661688,0.5635796242485096
b28a2c46-e50b-4f4e-b20b-c423704b4321,2026,2026-01-24,557c7aed-66c7-4dde-aef2-6dc573ec91e7,b979de70-af07-4320-9f20-2b9606ce8cd6,-6,0,-11.607991023273211,0.08775203833765548
b8c06e30-d8bd-4c43-98fd-99b322f97f90,2026,2026-01-24,7b637d45-2602-47f9-bf37-40d1043643b7,19bed18e-691d-4e79-aeaa-771b745bf2a1,3,1,4.663795896640907,0.6905041191003441
b9493c51-9319-4438-8fb3-b22ad1f50d21,2026,2026-01-24,b7591c8b-00fa-47a2-8280-adf031b24a4f,a2fd0527-f20a-4add-9101-ff8babf6ceaf,8,1,-0.5569764571309884,0.4430337048220159
bc705709-98ca-485b-875a-1338ff4e2ef4,2026,2026-01-24,95adaebe-3c7d-4cf9-9380-e96c95761e6a,853ab0d1-c982-4e7d-8187-8600084662c2,6,1,2.851248209121383,0.5902692167612612
bdb5ec8f-328d-44d7-b56b-d01333e3dcd4,2026,2026-01-24,4ac9a4d0-e97a-403f-b290-b7bf3c0e8308,95ff4642-ef5c-46e3-982e-adab9cdca4e5,15,1,8.421419241629845,0.8160985712235715
c05f278b-b837-4b9d-8c78-83e2ef3e65ae,2026,2026-01-24,cee4e9fb-16d1-4b9a-bbeb-6f26c9d5c340,93de5342-985b-431e-9c3e-515381b67402,9,1,7.247380557829256,0.7938034668181656
c0c59356-9894-44fc-9a23-b2cd05162b7e,2026,2026-01-24,3f9ea222-2b0c-4f93-a0e2-601346d6030a,be625a9e-aede-4fb2-98ad-3c0baa02528c,-11,0,-2.847696040825573,0.36567429843109844
c763eb8c-2859-4c90-b9d0-224a3980a50b,2026,2026-01-24,9b933a83-ef6d-49c0-ade8-facfdeda3183,afbd548e-958e-452b-ac58-5b58b416aeb3,11,1,4.832794897012727,0.7080968961640831
c9fe4ee4-f37e-4b6d-a66a-ca73d08fc09f,2026,2026-01-24,20bb1fdb-2581-4660-92f8-ad08c3a60acb,fb351878-91c8-4144-83c1-92f166d447f9,-17,0,-7.556944343601395,0.24176049891388907
caf65dc8-4f12-4efa-a658-30dcb721cb7b,2026,2026-01-24,ba959da0-313c-4413-aad3-124a5c216494,87526af4-8053-4a04-978d-c8209eb24368,28,1,16.140390610136006,0.9545391110845418
cc7622a3-44a1-4006-a191-b70ac1c9debe,2026,2026-01-24,eaa03f66-f667-48c2-9f30-ccce38d89e56,700ebcb7-55a3-4967-b5ef-89731a047790,14,1,11.827832387914585,0.8793510739744349
ccb14edc-2ded-4aa1-b0d2-cca55b7d2918,2026,2026-01-24,ad070c37-e224-4aea-bff9-4bb770ef38de,ed91598e-8b89-4385-bc40-49721b8aedd0,21,1,8.735855865924512,0.8132360357224888
cd67b085-9ab8-4e92-8797-7aff1d276334,2026,2026-01-24,f598c6c5-97cc-41a4-83b2-84f08d3397f9,032eda63-2e4d-4c72-8c92-51b97442dea9,4,1,10.987570158320676,0.8939772800090158
d3c99b7b-0894-4a62-8598-002814de04cc,2026,2026-01-24,a9a08ada-6bbe-466a-b4ef-e2fe68dce231,3b63b27c-8c94-4fb9-919f-62cd7944deb1,1,1,-6.632189001276151,0.24738652010968804
d5de047a-ed55-4c4d-9269-b7f2c35d5999,2026,2026-01-24,c8280280-8b91-475c-9d30-faed3dc9ec3e,c155c6af-1897-464f-ad91-10b605e5eb7c,6,1,10.564592373320368,0.8744106115881044
d625e204-db57-4e76-8a73-45c7a656e118,2026,2026-01-24,0dc6096e-6097-4da2-a279-a7e256c526e3,6038b249-00da-461c-9074-cfb1ed11d9ab,-5,0,-2.1989754436096987,0.37192212293820104
d925c30d-6290-4aed-8bba-ea8ae13089c4,2026,2026-01-24,65457ba7-a038-4a4b-bb9c-249804bf4db4,26fd3855-d3a6-4b79-a7b0-559b447f5e6c,-7,0,-6.279521505694432,0.24157116951471572
db00d55b-04cb-4c7e-9261-4eaedfc5a491,2026,2026-01-24,caae45ce-7d6f-4f0e-a536-6d05e2ae5086,33a13edc-a688-48dc-a4f0-c3624bb05c07,5,1,2.6599143206951257,0.6088253590594415
e7344fb8-ad2a-42fe-83f7-67a6a3465c32,2026,2026-01-24,474c10f3-c223-42d9-b9e9-48c37898ace8,ed01ba53-c6ff-488f-903e-9b348a195c03,-3,0,1.278676751656289,0.5787496213222114
e74fc60b-1363-48df-bd6b-4a8911600aab,2026,2026-01-24,fc1af6b7-242a-42bf-bbe3-325108828697,4f107cef-d28a-41e5-b9c9-9f537c5a92e2,14,1,-1.223697201579323,0.45705665721144606
e836ff0a-bc55-4684-bd78-0c007e715a0f,2026,2026-01-24,31e4ae86-a8cc-4aee-986f-71aa76fea354,8fc903e0-95d5-42fe-8972-bae53e4456a2,-8,0,-4.379274293740802,0.26727170577271975
e9bb9ba1-b11d-488d-9f93-f542baa273d3,2026,2026-01-24,0cc86d2a-a1ab-4ebb-a968-3d4011c8d356,d3445fe1-27cc-4d88-b2df-6ce2afe13156,-6,0,-13.26465650607955,0.07716514901269024
ebc4a3f6-c5fb-4924-920f-6321178ba803,2026,2026-01-24,87d79a84-23f3-4e7a-adbf-e627ade400ed,98674fec-442f-4d8e-bff0-fca634b9ceb1,5,1,4.522757454657421,0.7123981061934244
ec9c6072-0197-4961-b1ac-25679865fd6e,2026,2026-01-24,8a720b96-af6b-4ada-bf15-b7b80a091274,60185dec-e78c-4750-a32a-2162e22a166a,-12,0,-4.600893799837683,0.2980920237595546
edd89775-6582-4ec1-b0b9-1042a6797ea8,2026,2026-01-24,023d3704-bd8d-4c41-a3dc-e747ba7ed642,1b50e98c-801a-4835-9b4e-b0d563152b2b,12,1,0.9371467438831815,0.5421722122229814
ee00f42d-4e81-456c-b9cf-4519e4b5a96e,2026,2026-01-24,e2d3ca81-2525-473b-8700-136b6939d5b4,ea75002f-0c50-4cca-8d60-8926c2f2c077,23,1,14.217739795093449,0.9148665661981423
ee7ffc6f-706f-4db5-a6bf-d78fab5f4fa9,2026,2026-01-24,d7af5a06-c331-48d5-a768-4a3627420b0d,1cff0c34-63d9-4a64-a258-a50e61fee7cf,30,1,14.270172701572077,0.918769044431888
eef98efa-32ab-4f11-86b5-6a4ae0a69d5f,2026,2026-01-24,5e9a1e57-759c-40bb-aac1-6bdb058fafbf,9c60e9b3-29b6-431d-92e1-307e1c2f1c15,8,1,11.067498246012986,0.8384388349310653
efbae799-d617-4ab8-8eb2-7cf2c3159c07,2026,2026-01-24,d6a99784-3b3d-4ae0-a5c1-6689f04c9255,f8fb3b2e-223b-4478-a029-9c1209865bdd,5,1,9.095490354934435,0.8400402724682272
efe976e2-51c4-4e7c-8999-eebc8f9df54a,2026,2026-01-24,976a062a-415a-4be9-870e-c2b6aa726c28,1aa7f46f-1a21-46c8-a8b8-ee19ee4b1e6e,-8,0,-1.7749065356585811,0.4263115524978838
f0fbd728-e17d-44f8-b518-f8f9a0f5c7c1,2026,2026-01-24,81e6f1a5-d8cd-43bb-ac87-6c20719f72f3,71e0195c-db7a-4df0-b519-17d796d8957c,9,1,10.727319833463746,0.8826512946477121
f18e99cb-6e8e-45c0-b172-77cee30bcb1c,2026,2026-01-24,5a925022-39f0-422e-a9c8-efba8cab8218,866586a7-cbbf-44c7-87fe-e9343fef12c8,-1,0,17.563236252102403,0.9544828009722477
f2a54b11-ff1c-48b0-a09a-aa124117e79b,2026,2026-01-24,5a3e7af6-53d5-4398-8c0d-97e0d9ac977e,dedb794d-6852-4b7b-904a-15cd66966a0a,43,1,20.27193434309346,0.980891685660871
f3c5f974-0fc7-4a3c-81fb-802c4b013f44,2026,2026-01-24,5c4db420-ac2a-4491-9f2f-f15fdf65d283,39c61fcf-89b3-4523-aa61-7e031fae7e9c,-17,0,-2.6078637600307313,0.420430534647157
f665c48f-50e6-4295-b5a0-44be1967a1a6,2026,2026-01-24,fdfebc81-138f-45de-ad5a-cdb4c98c5dc1,d1c3793d-80d2-4adb-98a1-ac3c584bb64b,-9,0,-6.380911913221582,0.3038039918901582
f73bd69c-c1f1-41ea-8e91-61c5fccc824a,2026,2026-01-24,9c03bc0e-03a6-4b67-a95d-bb653d5afc1a,8c9b2481-8a04-4d21-baaf-cd9add16d15c,-15,0,2.792254947771687,0.6040915792900912
f87db65d-8f2b-4143-a609-422b93d6792a,2026,2026-01-24,5f39cc2c-9779-411f-87e9-7702676c6ea8,aa6e74ec-70a8-4e02-9b58-0e0e886cace2,8,1,3.1193192192537507,0.6856288484601297
f923adf7-e051-471f-971a-2d3acc2f5273,2026,2026-01-24,a76e8585-9bd8-4efd-ad05-93baa5c91a75,3ce22877-c834-4b53-aae8-5129d36175b1,18,1,0.40774527196299976,0.5273885304108569
fc7973cf-9938-40e9-ae0f-a734682a1df0,2026,2026-01-24,aa657c8b-9c3a-4727-9d4c-559205be3150,7cc2bc8e-b314-42a5-81cd-bd21acdd42b2,-9,0,-3.1148349083891747,0.4046966033082415
35ac9402-939a-4fcd-845b-cfed5c22efd7,2026,2026-01-25,e020519a-e90e-4b63-bb2c-f17dc31b5a56,ef533bc7-18e1-474d-96db-96668fe59c22,2,1,11.73866334289583,0.8709147629451088
65be1602-65d3-47db-bbc1-fc61f072fded,2026,2026-01-25,c836e6fa-56f7-4920-86c0-a3d112f21365,fbbdc24a-ba43-42e2-afcc-a328f0d9938a,15,1,10.864734158278097,0.8803657609730846
792c403c-ec2e-44b5-bb29-0c1a245b9e93,2026,2026-01-25,f37e86a7-66bd-40dc-b008-7a9017dd8f59,85b4dcda-76c3-41e3-ba40-71e093a8dcd5,14,1,12.332460880679172,0.9048882808939999
c51a404b-d2e4-4c72-90c3-c80ef1ba5801,2026,2026-01-25,e6f966c6-5104-484f-a3a8-a7450aa491ae,f31b656e-13ba-4eb7-bd53-66b20405c905,-2,0,10.345539042988854,0.860467080812733
240ce17e-56f9-47fb-bc1c-20bbfb632439,2026,2026-01-26,cf602be1-6a27-49fd-9b3d-ab9e31f55454,163cfcfa-5213-4025-8eb1-dd67b17587f8,6,1,11.879489844596671,0.8995177231149512
45330fbd-40f9-4a2c-85ea-e4625bcce4fb,2026,2026-01-26,6265a954-0017-44e5-bec7-cdb2fcc8f527,90df5863-ccc6-4ffe-b441-dee520cc7fed,6,1,20.760613625738173,0.9806405931416459
81390d37-19f2-42d5-a5de-c4d8a230eb24,2026,2026-01-26,2772ac36-c719-4bcf-8a21-30eba79d1c61,866586a7-cbbf-44c7-87fe-e9343fef12c8,-1,0,4.16621604436776,0.6841924975664562
859d57d1-0383-4bfb-8012-a9c13775570c,2026,2026-01-26,d414d5fc-8653-43b8-ac66-ec8f63c74c82,eaa03f66-f667-48c2-9f30-ccce38d89e56,31,1,12.24922761277961,0.8960608086065643
97c9c9e4-9e60-431e-87a4-2ca693524c18,2026,2026-01-26,ec98d839-43bb-427e-83c8-d832063ad70d,179abcd1-98d5-4dc8-8532-3f8ffee320c5,-3,0,-5.962530418727684,0.31542573197026547
9cb44682-4ea7-46d3-b3e4-ce2cb0e98f3a,2026,2026-01-26,1aa7f46f-1a21-46c8-a8b8-ee19ee4b1e6e,fb351878-91c8-4144-83c1-92f166d447f9,-9,0,-0.25461236602817267,0.4815201361936959
bbc96044-099a-4664-8887-e38a6ed3eaa5,2026,2026-01-26,69288ce9-31e9-4d18-9e18-89226b85a2cf,aa6e74ec-70a8-4e02-9b58-0e0e886cace2,9,1,7.995802494753967,0.8063452286155544
cebac842-ca82-41e4-807a-2ccde76ab482,2026,2026-01-26,5f39cc2c-9779-411f-87e9-7702676c6ea8,517665d2-60c6-44a7-a80b-78212cfb2db3,-1,0,3.4024934555795077,0.6539229786122034
052b7412-c0bf-40b9-a7ee-e90225e72ae0,2026,2026-01-27,20bb1fdb-2581-4660-92f8-ad08c3a60acb,976a062a-415a-4be9-870e-c2b6aa726c28,6,1,1.1497762664482503,0.5443493516031299
0fd86569-9f93-4230-9dd1-6b0d83885572,2026,2026-01-27,0fbb2a6f-3944-46a9-9fa8-51376e18b3d9,18b86bee-6b10-4c86-95ef-959dd2d80cd5,10,1,9.802505037628306,0.8134642417952425
16ec7718-8e92-451c-bfa3-23375f7108d6,2026,2026-01-27,ed6e30f8-d1f2-451b-9a26-5c7f21af0125,1caae9e8-45a5-4b50-88a3-e3d388c52d33,2,1,7.788589758769447,0.7837555993332289
1b0810e5-7dc4-45d5-a271-17242ef2ce20,2026,2026-01-27,29ca4fda-da79-4d21-b2a3-a87a25d02733,a544a5d0-4cd1-4756-b079-30a9a7905cd0,5,1,-6.328674611868657,0.2734323069741953
21dd0621-2490-4436-8040-7a17a95b674d,2026,2026-01-27,a8ebd184-6249-4e7c-8e39-0d8d8249fe41,195e638a-72ed-4f19-a47f-232630307034,8,1,13.667754702717367,0.9272591565779222
21df06b9-9871-4542-bc35-2274509b6098,2026,2026-01-27,65457ba7-a038-4a4b-bb9c-249804bf4db4,4cc6318d-53ba-46a4-90a2-0714f3d5dc14,21,1,9.594158033747387,0.834017588992666
24f099d9-3337-4bbc-82e9-1dfec8291f04,2026,2026-01-27,07f2978d-85d4-4892-8267-e6903cc20f93,977af06b-e276-4d26-9f4d-4b3c41c67885,-4,0,-2.6049221883254097,0.3866480980726131
2ab6414c-d3d0-42ba-89d6-56baf0e14d24,2026,2026-01-27,8da08445-76e5-4e98-be98-4f101d670980,fc1af6b7-242a-42bf-bbe3-325108828697,3,1,3.6429862101382295,0.6920901596895169
2b248921-77e1-49ea-8034-a61113925364,2026,2026-01-27,bcadcb9e-4b19-49d8-a836-b1224d88a96c,cee4e9fb-16d1-4b9a-bbeb-6f26c9d5c340,25,1,6.562501317207039,0.7615857156000803
32176342-1044-4203-a22f-544566a8e812,2026,2026-01-27,711ff92d-65bd-49a4-abc4-7aacd8c11f9e,62093611-a202-4f7e-8d13-ed4c5498a9c1,2,1,6.034251561462594,0.7152428180734707
4187c969-c48b-4dc2-a53c-8655c8beca5e,2026,2026-01-27,95adaebe-3c7d-4cf9-9380-e96c95761e6a,26a9b9da-a6e0-4e12-a95c-e1e51e72fcb0,-10,0,-10.875106109746868,0.08876656927302806
43b4df0c-1265-4938-96ab-a953e0d4be37,2026,2026-01-27,3f9ea222-2b0c-4f93-a0e2-601346d6030a,33fe6f07-54b9-4b44-a9f3-e273b8b240b8,-28,0,-3.154739384196958,0.40258071693876163
4d8362c1-5bd6-42ac-9b6b-19d7443de05c,2026,2026-01-27,b7431929-7ebc-42a6-bef8-d0c5715e2c86,2979c251-171b-4f39-b156-d19f2d179eeb,3,1,10.479697431504981,0.8795892058583055
5c577a9a-9ae2-4ca1-bc13-2199243927ff,2026,2026-01-27,0423c35a-c25a-42a0-a0da-e1918c78cd5f,b58418f4-b3ae-444a-8ada-74ff43e88ea9,6,1,-1.114838725729315,0.4651314600623694
5e57351f-3ad5-4f7a-ad34-65f8ed1ef4f5,2026,2026-01-27,3dfeaa6f-de19-4029-bdaa-0f2bd8ea04c1,68f210a8-33bd-4d79-a5b0-222aabe727e7,6,1,13.521287349664087,0.9363133426428452
60403ed0-e0c3-427c-b69c-b9ab361b98e4,2026,2026-01-27,14372359-5589-40fd-8dcc-6a04bbe7338b,31ca13c7-e30a-4d9d-a3a8-5197d5e4342a,-5,0,5.75784493931464,0.8008911567291654
63a1b71a-d9ce-4986-8469-efca1ddadadc,2026,2026-01-27,0cc7096d-eb8d-4e4f-9906-93bf951805c5,082024ec-29ae-4a22-8851-c5373988f9bd,15,1,6.214110031813325,0.7415878648039423
725bd2b0-52df-485f-81bd-b4ae55f70f88,2026,2026-01-27,26fd3855-d3a6-4b79-a7b0-559b447f5e6c,bff1b03d-2382-45fa-a062-45884591e89a,2,1,18.62094106343878,0.9797291992992269
78711d20-69e6-4384-af19-e7b132d39360,2026,2026-01-27,d9469ea9-44c5-4803-8d5a-39cf4028ea3a,94a323fa-c3d4-4718-a4bf-f6dd1c93c5c9,3,1,13.192794281293109,0.855829071176806
7c0b374d-68c8-42eb-bce5-ded3f4225d49,2026,2026-01-27,032eda63-2e4d-4c72-8c92-51b97442dea9,89146125-2618-4b85-9bb2-a7d785fc8c0c,-31,0,-11.521254986273764,0.10995974940695348
84387ea3-4f5d-4329-b3e5-97f24d9b0f54,2026,2026-01-27,1b50e98c-801a-4835-9b4e-b0d563152b2b,d5485362-65cf-40d8-bd4e-d8c6c4613f82,35,1,1.8424794665013022,0.5090629718441338
926610ce-c465-4be8-bc21-8e48afce2e9e,2026,2026-01-27,e3ccd256-a37a-40d8-b059-aca05f884ee1,f945abf6-7dca-4e3a-b475-bceddc534fb9,-3,0,-7.4581829211811685,0.24650044357167827
92d6235d-8226-4e34-a3fe-fbb62b662cb2,2026,2026-01-27,9c03bc0e-03a6-4b67-a95d-bb653d5afc1a,07e79f5e-ccc8-487d-ac1c-fbd82b43bb75,-20,0,2.073329540363991,0.5625694713866131
a621090d-8bad-46ae-a71b-872892ad4737,2026,2026-01-27,2c2e9f9c-9d33-474b-860c-f9230f147fcd,023d3704-bd8d-4c41-a3dc-e747ba7ed642,20,1,-3.7549281830659638,0.3743028155408309
a7cd76e6-b7ad-4fe6-b29d-d71f0cc605b6,2026,2026-01-27,853ab0d1-c982-4e7d-8187-8600084662c2,64d8d377-0ced-439d-a3a6-bbf2100037d9,-18,0,-1.494540607093137,0.4018710295236307
ade1fb73-9414-45a4-b499-a9b4ee776ba7,2026,2026-01-27,5e1572de-c2e7-4a5b-a605-c095da467409,cc517ba4-b26c-41e0-bc91-66f5ceb16558,24,1,6.524045205021809,0.7525637756797777
ae9f54f6-f060-4b6c-b3c1-0f045f492807,2026,2026-01-27,b9e807be-99ad-41c2-94bc-6049272e3254,fff30549-83b5-4c44-9f3d-444f65ede45f,26,1,12.20141728034645,0.9213229413523374
b693b3c9-473f-4e17-8a03-990569efbff0,2026,2026-01-27,7a2ae4f1-b509-40e8-b553-cbea5aabc4be,5a3e7af6-53d5-4398-8c0d-97e0d9ac977e,-9,0,-13.341482094953076,0.08977320762427823
cd8a422d-5066-459b-9352-49713c3c4beb,2026,2026-01-27,1ed24078-84ea-4147-b356-c8543c93aa1d,fff2e22f-8e66-494d-a434-8838f329f8a0,-11,0,8.720145890431079,0.8206607501963663
d33a718c-6706-4a12-8eef-817a46e56bfd,2026,2026-01-27,7cc2bc8e-b314-42a5-81cd-bd21acdd42b2,fdfebc81-138f-45de-ad5a-cdb4c98c5dc1,20,1,5.808202745583467,0.7716166813508741
d7b4727c-59f0-4645-9830-507292cb1432,2026,2026-01-27,8a720b96-af6b-4ada-bf15-b7b80a091274,f1d6ac08-ce96-4b53-aaea-ae291068cf23,-21,0,-6.979611051939538,0.22729393584550744
da6cf7fc-c782-4568-b98e-721df97d3062,2026,2026-01-27,a4e52f2f-5193-40ce-a997-0e0be093d86a,57d94665-96b0-49e9-ab6b-a7cd6a1492d0,5,1,8.891785132648925,0.7971254851797249
db8d5ad0-1542-4dbf-954d-c0fa07629805,2026,2026-01-27,54da433c-23a6-4200-94c2-fba0e56376df,8c9b2481-8a04-4d21-baaf-cd9add16d15c,32,1,6.11621792149793,0.7407388922648269
ea49282a-4fff-4aed-8153-0bb3b151626c,2026,2026-01-27,700ebcb7-55a3-4967-b5ef-89731a047790,d1841f3d-03f4-419e-bedf-c218d150aa9f,6,1,11.523921489892063,0.9055000333235002
fbcb6c3e-917a-45f0-805b-c34ca03913e4,2026,2026-01-27,aa657c8b-9c3a-4727-9d4c-559205be3150,64d22a8e-0b18-48ea-a6a3-5619cb8be43e,4,1,-1.4628971588289919,0.4201247211370459
03c39da7-64ed-46ff-b7ec-0a4e77d2462e,2026,2026-01-28,8af24be9-3bcf-49dd-8a7a-9a412402712a,d6a99784-3b3d-4ae0-a5c1-6689f04c9255,15,1,-0.27549007607134174,0.50840343893986
083db751-3fa2-4b04-8ba4-bc21e4fe4891,2026,2026-01-28,b979de70-af07-4320-9f20-2b9606ce8cd6,ab2292aa-bfd3-4e49-a17a-cf970962e75d,-4,0,2.3281398553655244,0.6421773423274821
0aa0a494-5f49-4b92-a691-08827a6b7a7f,2026,2026-01-28,94d2459f-8edb-4281-8038-8b2dda825fac,d1177041-d515-453f-9b73-e9891b41324d,-14,0,6.869243765641129,0.8105742539417085
0ab42e34-fe94-414f-bfde-fb4fd26706ac,2026,2026-01-28,557c7aed-66c7-4dde-aef2-6dc573ec91e7,28c5e9b8-df2e-4fea-8442-2a3c31753cef,-10,0,-13.618904206142329,0.07426890237613756
15cfa30e-b944-41e5-b54b-458902308397,2026,2026-01-28,c68084a8-36ec-4f0e-963b-561f5ea2c46e,69001211-8ae2-4829-9746-40b6a0858890,6,1,3.5029219217537837,0.648507893423445
1a8980dd-3ee6-4bae-a951-faba74a2beee,2026,2026-01-28,62c7a397-21d6-4b22-9b24-ba5a29ee8771,2a5848e9-342f-42cb-84e8-90f6f573bc8a,3,1,0.3539606906201865,0.524674322957295
22cfcee8-49b0-4ee5-b7e7-77d38ee414a9,2026,2026-01-28,7da471c0-9955-4f80-b861-d7753ac5a7eb,6b34a383-3696-47ff-99bf-1b690f616a28,-10,0,-1.142542008148586,0.4643997714216937
27387487-d91f-4a14-91b0-42a16ffa2017,2026,2026-01-28,474c10f3-c223-42d9-b9e9-48c37898ace8,5c7b85b4-380b-4ce3-bbc7-e0b1ac767c3d,-9,0,10.757827289731706,0.8368983008699783
2da6d1e7-8b51-4dc5-8ac0-4f196bad89f1,2026,2026-01-28,ba89a28b-4588-48cf-be7d-683d7eaf21d0,175fb86f-dfa5-4661-89d1-221410e04eec,6,1,6.073714849588509,0.6957223584941129
2e1751dc-6244-4652-9c9e-614d8ccf9e49,2026,2026-01-28,b5111a29-5c09-4364-809c-3686a2b45d1f,528a1feb-658f-4522-a7ce-decc11b8b925,16,1,7.896426944047746,0.8113381761612936
306c3d88-5d87-4a0f-861e-7d369ace08b1,2026,2026-01-28,d1623d0a-64d7-43e3-9f9b-36356767823e,9aef881d-7fe2-4fb3-a80d-0b567f388490,9,1,7.271795590308695,0.7501943628846804
3716afb1-ab75-46fa-8826-9ee244c7ee41,2026,2026-01-28,3b63b27c-8c94-4fb9-919f-62cd7944deb1,86dd8d64-758b-4592-8af6-2536cef92fc1,-4,0,6.989081315358944,0.7724255422163243
3e8d7deb-95ec-4792-9bbf-0ef684da3fdf,2026,2026-01-28,87526af4-8053-4a04-978d-c8209eb24368,68f6ce17-8443-4257-ae33-1f240c722bfe,3,1,-4.3263530186191375,0.32252883882059347
406edc46-a76e-42c6-972a-13eab639e2d0,2026,2026-01-28,bf002b1c-e14e-48a8-9c75-d70de0b2a31d,fc19569f-90e8-4af1-8b2c-981d4b9b0e7d,-9,0,-0.7481591854145236,0.4320278393273055
4091c7f1-de31-4bed-a17a-c5f5005e90c3,2026,2026-01-28,b468e5c1-fd80-4c61-8545-54a03c959ff1,3710f3f1-b8c6-4f75-85b7-66deba7d916a,-1,0,-4.143205653306063,0.33150490025773527
47abcdb0-2819-4617-87af-f4798c53c705,2026,2026-01-28,15e4f40d-8279-4f7a-8095-613e3a6ded31,0cc86d2a-a1ab-4ebb-a968-3d4011c8d356,23,1,11.242288790410797,0.8632911599895757
48439e99-fa84-4df2-a870-d9c7db087fc5,2026,2026-01-28,caae45ce-7d6f-4f0e-a536-6d05e2ae5086,79116858-d6a1-42d4-bb91-450b44d1e6b4,9,1,-2.7265198442071417,0.39010464281355445
4c0c4b58-aa2e-4ac1-b8ee-c134301d19db,2026,2026-01-28,0c280802-395e-44d4-8c2a-fb539233410b,d297d4f3-0edc-4461-aa7c-7be49fc9aad9,11,1,20.677450730503235,0.9809243105854036
514da422-ef03-46bd-94e1-25285d29b708,2026,2026-01-28,2780a057-59e9-4719-9190-6a16ecffbaba,1902edf0-3770-4094-9f92-722731ac4c93,-6,0,0.4532215101910611,0.56006346991926
554ea390-6d57-436d-94ac-bd9016aed1aa,2026,2026-01-28,124dd15c-311b-4d83-becb-7150d849218d,ba959da0-313c-4413-aad3-124a5c216494,-8,0,-3.1231325087016897,0.3319163141142825
5b0bce7b-3c32-4c21-af88-4fc9b4a6a327,2026,2026-01-28,03914b2c-1603-4f8d-95ae-9f80025284f2,e41ccbd3-d51f-43e5-b037-4cb81b41b713,-3,0,1.4691286084071473,0.5845767420558202
65d6f02b-f20f-4b58-b705-b94d10bc0eda,2026,2026-01-28,8edd905e-18d4-4618-ba73-09af639ca94e,65cd560f-8b8d-4b8f-8a2c-2738484621b8,-47,0,-16.057428899188054,0.06196289489469664
68715dca-dfa7-4ac1-971a-df3d2c59df4f,2026,2026-01-28,6eed5456-f1b2-4e4b-966f-71949e9d90ed,f31b656e-13ba-4eb7-bd53-66b20405c905,1,1,8.67036738832878,0.8291940098062295
7c17bd77-8d1e-4734-aced-ef200f9eaae1,2026,2026-01-28,f8fb3b2e-223b-4478-a029-9c1209865bdd,afbd548e-958e-452b-ac58-5b58b416aeb3,-5,0,-2.634389710236783,0.40367000108475015
7d489073-eb56-44f5-9104-0c5ff7a1ae4d,2026,2026-01-28,60185dec-e78c-4750-a32a-2162e22a166a,4e0916c0-6045-4d71-8568-b5e486ff2f92,-8,0,5.7567248899042935,0.7363755421332907
7f5b6762-7943-4125-96d4-8166e8120d12,2026,2026-01-28,3b0fb0e0-1625-4a53-8ad2-e353ec84cb0f,3b612ea1-b264-4279-9f72-b45216bfea4b,3,1,1.2955958771534322,0.5162770614071185
8505cd0a-fd2c-45bc-9c0c-7d0f51efed4a,2026,2026-01-28,cec32a63-a501-4a6c-b2c3-dba31694d2b2,2ad39bf7-6b52-4185-b83e-15dfc5686cf0,4,1,7.70045928099543,0.7843761320846563
8cfb62bc-813c-44e8-ae26-736a8b4e8bb8,2026,2026-01-28,4f107cef-d28a-41e5-b9c9-9f537c5a92e2,f497a267-e78e-43dd-9ab3-4299cf11c08e,10,1,8.585346011124109,0.8159641688611207
920f5226-3a6b-41d8-842a-480bfd540b36,2026,2026-01-28,39c61fcf-89b3-4523-aa61-7e031fae7e9c,30dcebf9-dcff-4743-a05a-d994a902866a,9,1,-0.4766326831445979,0.48674627152123257
9b0896c1-1ae3-4b23-8411-70b5b234ca03,2026,2026-01-28,e6f966c6-5104-484f-a3a8-a7450aa491ae,567fb73b-73a0-4437-a1ed-314d40d93e6f,4,1,15.48556090118251,0.9459719119052284
9eb27d81-b06a-42d6-bd01-8e262a6893d6,2026,2026-01-28,be625a9e-aede-4fb2-98ad-3c0baa02528c,1ba8fbd8-4401-4226-b1cc-82e937c56657,23,1,7.816215811971433,0.8032596790908352
9ee7afa2-44c7-4625-adca-3ca8dc1c536c,2026,2026-01-28,b655e208-570d-40cb-a275-91f219da9058,6bc5ca07-a958-41a3-8a95-eb5988cd48d6,16,1,11.891493890641119,0.8915945028316365
a363382f-88f5-448f-934e-ef70021c6102,2026,2026-01-28,d1c3793d-80d2-4adb-98a1-ac3c584bb64b,28cde209-3ae8-4939-9d83-2a6d645d427d,9,1,8.650203573582258,0.8398033707162732
a8fa583d-fc3f-4338-8f45-df163571baf9,2026,2026-01-28,51ad29ad-74f3-4879-a2f7-b09ed6f1c3e4,33a13edc-a688-48dc-a4f0-c3624bb05c07,2,1,5.99051749440429,0.6826253996784017
ac58e8f6-0499-4e53-afea-fdfba9b5f43c,2026,2026-01-28,813f7a1c-6264-4e11-88e2-21dcd0072c0a,d783c621-0bb0-477b-8bad-8785e9451e21,-9,0,-7.597651066082706,0.19704333452860182
ad96d13d-98db-4d0e-92ee-df4fc76751b9,2026,2026-01-28,0792fde4-bca8-4a47-9b76-8d8191a2ac93,9c37b6c6-f9dc-49e2-a128-2681c0df2bf8,12,1,0.6021141763880198,0.5215142326354752
b0bedaad-59f7-4edc-990a-7e891527db73,2026,2026-01-28,9293675b-8878-4a32-bee5-496b4818dbde,6833b588-1856-4519-a296-afd069ebabfa,8,1,0.6894144038491289,0.5473682643864881
b5adaca7-b647-418d-8728-18daf1b7a984,2026,2026-01-28,ad6d1a77-a3c3-4d10-9a5d-52b851597e67,cdda7902-04cd-4834-972b-072f59dd1474,18,1,5.318318641469971,0.7498578407216682
bf5490a7-c13a-4689-8e91-4c29fe6db982,2026,2026-01-28,19bed18e-691d-4e79-aeaa-771b745bf2a1,e08292aa-f0dc-4c1f-ac0c-138ec5d15372,2,1,5.750202979532642,0.722512730856685
c82e1914-0c5d-4454-a525-b65fb785547b,2026,2026-01-28,968fdb79-e800-43ac-b93d-53a22dee3a03,81d0a946-6d46-4a7d-88bb-29e19e5f5599,-4,0,-0.5066802821130734,0.47733583609184066
cc5eb5f6-bb6b-4fe8-87ab-c3564d9ddc68,2026,2026-01-28,98674fec-442f-4d8e-bff0-fca634b9ceb1,41a1e4ad-a290-41a2-8940-662b1fc85e89,-8,0,-5.659459319380263,0.2736087700869499
d237bc96-0779-4381-88ef-01279b8157bd,2026,2026-01-28,ed01ba53-c6ff-488f-903e-9b348a195c03,2f197fca-5329-4606-8c7d-9bf31ea65732,-4,0,3.7419266256129515,0.6380600564422779
d3fe8d22-d358-422f-b426-72555f06864b,2026,2026-01-28,aa9a338c-8749-42c2-8655-1caa89068a61,f598c6c5-97cc-41a4-83b2-84f08d3397f9,32,1,12.482109256662774,0.912303541417299
d49c3507-355f-4442-be75-33b7efd9bccc,2026,2026-01-28,fbbdc24a-ba43-42e2-afcc-a328f0d9938a,364c8255-118d-4dcd-aa72-a62621e3aeb6,-16,0,-6.174370066666011,0.3289452477639201
e17cf789-af00-4c67-af72-940e3acb9809,2026,2026-01-28,a01ea865-0b00-4f54-90fd-8674ed23cf26,9b933a83-ef6d-49c0-ade8-facfdeda3183,-1,0,-5.8954281154076265,0.33825807853698503
e2a2218d-f468-4da5-a0da-b908a4c78394,2026,2026-01-28,33b3ee1a-8578-4f30-9145-044433be9e46,beb97225-0e05-4be0-acb0-2fdc74f6dab4,-9,0,-1.220199365792584,0.4323505146948884
e2f478a4-8865-44f5-8069-59078990ff1b,2026,2026-01-28,2d467e3e-e5d9-499c-a1ed-225d0c3ae91a,3ce97af9-70d7-4dc9-b13b-4f4221b9e09a,15,1,13.17395039913131,0.9210279178474647
e72bf560-88a8-48c6-9c76-8fa8aa35d400,2026,2026-01-28,5c4db420-ac2a-4491-9f2f-f15fdf65d283,e088b1fe-16ee-4cf1-baaf-6ce4139f13df,-8,0,-7.016426873954224,0.2637784253284143
e8b3fec4-752d-456f-814d-f22f01c25e65,2026,2026-01-28,d88ac8c9-9fc8-4e76-9426-cf44fe70db47,2a453d52-4fcb-44e2-84c8-d2c1f91eccf1,22,1,15.550843397076436,0.9441036405362914
e8e0aafb-ff79-4c65-83f5-a53cb2fb398b,2026,2026-01-28,37789002-2f1a-4a5c-95f5-a4f487f719ac,cda5f197-ae6f-4f38-a523-d1e70b218821,-10,0,-1.6611170695532258,0.4263939755343844
f40aa60e-7a72-457c-b2fb-5ba597fc2722,2026,2026-01-28,b28075f3-bd4a-486f-b563-0081500049b0,e77246ad-855c-468d-8b07-828f76134191,5,1,6.611327813614857,0.7933641336811464
f4bcbc6f-bb05-4f66-8a00-b2821d4d903e,2026,2026-01-28,53e97ae2-3cae-46c5-8353-41eadbb17d61,29343f0d-eec4-44e0-923a-b7c6360ad1cf,4,1,2.11258762753573,0.5471284676180307
f87a7553-91a6-4c9b-80ca-679c346a8968,2026,2026-01-28,eb5b8376-53ac-42b0-a932-bfc4994faa1e,f37e86a7-66bd-40dc-b008-7a9017dd8f59,-14,0,-11.335018405495306,0.1298301809309143
044dfead-9999-4965-a2e9-30927f2c9538,2026,2026-01-29,073c7f97-1dbe-4c9d-b1ec-44e92177a53b,6a5388a0-3d9f-4fa4-b592-775b2c31e741,2,1,2.552039303177471,0.5556498009711739
06e79f77-9e6e-411c-b118-74ce10ffa056,2026,2026-01-29,96e82d65-67c2-4e96-a2fb-d7ca3dfe1353,113c0c3d-54d6-4c64-b168-7ea3f3c20e76,8,1,2.80070294665747,0.6234402408039432
0be88114-68b7-46ba-8a81-224f1e6228ae,2026,2026-01-29,b9984408-0526-4a1b-9cb3-d6450264dcd5,d7af5a06-c331-48d5-a768-4a3627420b0d,-2,0,6.873185095783864,0.7548191695557354
0e45391c-5636-4f58-aa63-f86336e72403,2026,2026-01-29,32d092aa-6752-439b-89e2-6538ab8523cd,8a24da63-2163-47de-aeff-97b77094e860,-12,0,5.999322115612583,0.7561553177128261
1a111c18-86f2-4c43-b5db-2166a8bf62fe,2026,2026-01-29,788df145-b514-4ea4-9ff0-bf2399dc7898,9a2c2dfd-070d-4aff-bdc8-ea71e1ff510f,8,1,3.1954464735018955,0.6666651758921388
1b17e0d3-6fa6-4af3-88a0-14908ec2cdc8,2026,2026-01-29,0b613bb0-e3c8-412a-8845-b9807552ba60,e694b3cb-eeef-43f4-bada-32dba89664a3,-1,0,12.781092180860973,0.9139425709164919
1b804f21-7f4e-4d8f-8b70-cf5107f4dc69,2026,2026-01-29,8921f536-d6f1-4d5a-b369-5dfb136e1717,0270a5a5-82db-4c54-901d-c9c8dfe3741a,3,1,19.47574743185761,0.9689708734663758
1f07e9b7-8502-45aa-b474-6f9003515c8b,2026,2026-01-29,8c2a4a9c-1ede-4db2-aecd-cfe02e686b8e,6231ae3d-0d12-480c-83ed-e282959cb8c8,19,1,16.438909364903505,0.9595371050029207
21e5f3d8-c53e-45a2-8a5f-1d0f65c1a3cb,2026,2026-01-29,e30dcda9-70a8-4f5e-a91a-5eb2cf1e2c36,8fc903e0-95d5-42fe-8972-bae53e4456a2,-9,0,0.7216122590578048,0.557932020959298
26be79fe-f2ef-491f-8e45-64ed5f01295f,2026,2026-01-29,af95ca9e-8a2a-4b22-9bb2-584162eb57f0,1b43514e-2b4f-414f-9f54-b04994ba33ac,-4,0,-14.324017849555737,0.07313845632350639
2e01cbf5-263c-4feb-8654-af9babb2a7dd,2026,2026-01-29,aa07fd1e-a03e-4554-9286-31e09a343db0,60686ba3-d38f-468b-ac14-3d7c8518e868,-2,0,11.759763073948365,0.882644400460915
30050f5a-628c-4bc2-a9d3-039343e828d2,2026,2026-01-29,ed91598e-8b89-4385-bc40-49721b8aedd0,12fb3719-3067-4770-ab8a-b11eeb73faae,16,1,3.3782629955511725,0.6372427440671847
36a395bd-4432-45d8-bbfd-3e8aa89800c3,2026,2026-01-29,4b705336-0b7a-4525-a3cc-151a9657a218,69c2db2b-a8d1-48d3-89d0-ef9669af0b7d,-13,0,0.27928709360272885,0.5696178591204316
36a7e241-e29f-47d0-8956-a07ace6ebe88,2026,2026-01-29,8cc8f38e-384d-42b4-906f-97ff66fee7d7,e2d3ca81-2525-473b-8700-136b6939d5b4,9,1,-1.422843739126858,0.43531809808986377
489ad6a9-ebae-44a9-8f6f-9525b5f241e9,2026,2026-01-29,512bdb5c-66bc-40fa-a392-cffe3e058403,1cff0c34-63d9-4a64-a258-a50e61fee7cf,24,1,6.482139547114444,0.7163652236921966
4a436163-2f42-4d05-a869-409169aeac9a,2026,2026-01-29,96649453-7ab9-4024-b242-590c57b62ab6,5e9a1e57-759c-40bb-aac1-6bdb058fafbf,6,1,-9.347126957523548,0.15959939743138557
4cc73517-9dc1-43b9-949e-d3544b71233e,2026,2026-01-29,72daa240-1119-4159-899a-d81875c1c916,8315c904-1e6e-43c1-a538-e2bbf8bc9ca0,5,1,-2.6905819478277917,0.3984360970515638
58da5def-30bb-4d85-bc21-dcc40c964551,2026,2026-01-29,cea24043-374e-4a53-bfc3-4532caf44ea6,a76e8585-9bd8-4efd-ad05-93baa5c91a75,5,1,6.049430697123601,0.7182631817506991
7469f044-1855-4f2b-8316-4084d8b6a2fb,2026,2026-01-29,a8b565bf-c152-4fc8-86ac-49c71bf2fc1d,8423734f-7076-4655-b3ef-3528aa9176ff,1,1,3.85558258897075,0.5942843393535863
74f3c4a0-e90b-4d28-aae9-a01e11c58e49,2026,2026-01-29,84769f97-e86d-402a-9eb2-d31118f663ca,3203894c-786c-4e1f-ada5-c785afe033a5,8,1,10.06510260297113,0.8426419148358354
79fc8330-e97f-4495-90cb-0e300b576b9a,2026,2026-01-29,8ccf579a-f19c-4639-b260-5fa8dc2c90f0,2ffb1e88-0784-478a-b74b-a0a0832b4e30,18,1,5.9392741853233675,0.7479280147293131
7e9a3f32-4fc7-40bd-8643-0df747106891,2026,2026-01-29,6038b249-00da-461c-9074-cfb1ed11d9ab,67bb6cc2-0917-4bf3-ba89-bc624925b956,-9,0,1.680614709009843,0.5363342371267891
81cb1c69-8295-4235-ad78-17c8d38a5636,2026,2026-01-29,508005ba-15a8-426a-997c-b0e36e4e6b58,3fe51e56-cced-4ebd-bc3f-5269a8690fff,-7,0,-3.116104802405101,0.4089899388365714
88593bc5-81dd-46a4-845a-3c7050dfb80b,2026,2026-01-29,34176634-892e-43b1-917d-cc003f8b9c03,a9a08ada-6bbe-466a-b4ef-e2fe68dce231,10,1,4.13396017508868,0.6511629934219669
8aa79829-a54d-4c5b-a0b2-32d09e08d752,2026,2026-01-29,bd78de3d-6129-4bfa-8203-6ad7e79b5e54,c836e6fa-56f7-4920-86c0-a3d112f21365,9,1,17.85055283757712,0.9601171118702966
8c670b97-6267-4952-8c63-9e0f2b0c9ee0,2026,2026-01-29,a40a35e7-bb78-4848-a0a4-11059f3caa39,31e4ae86-a8cc-4aee-986f-71aa76fea354,7,1,7.541899679329732,0.8299350603135862
93e942ac-ccb9-4a9d-837e-6c8275277b53,2026,2026-01-29,63c7d34f-6b58-4a80-ae86-320a182ddcc5,cfae9c2f-9713-46de-9159-5064cc63dd64,-9,0,6.236251576105587,0.6533105293676156
940102ea-29ac-4539-ae3c-0bef862ceba1,2026,2026-01-29,1999688e-7015-4a04-8450-734eddcbcfe4,ad070c37-e224-4aea-bff9-4bb770ef38de,11,1,3.220438558434835,0.67343274053089
9588129d-7718-43a9-a36d-b43d0037526d,2026,2026-01-29,b9d6eada-8645-4be8-9331-81fb5ab905f8,ed251b78-3a68-4e91-b25d-08ef8bc8face,3,1,-3.853435412370086,0.3284128686634556
974ccb58-1067-4af8-81b6-92e16aae231a,2026,2026-01-29,897f9506-86e7-4d3e-8eea-2b85ea85fa8e,732365b9-1faf-46df-9c75-4571516450f0,-4,0,6.730440848187355,0.7752670152812926
98165cb2-ce66-482e-8789-c7a15e90d8fb,2026,2026-01-29,d9908b15-814a-4283-8513-0d0ebd2430f8,cb1b95af-f118-4a94-a324-d05b88869a43,-28,0,-8.454963199663206,0.1653679933523373
98c1954b-51b4-47f4-abdc-27c948a1a377,2026,2026-01-29,87d79a84-23f3-4e7a-adbf-e627ade400ed,acbf5eb9-3a63-471d-8199-6067f912deaa,5,1,1.51432723410465,0.5642141794872397
99e9c39b-2f5b-494c-b142-42db0a655dd5,2026,2026-01-29,6899ea71-b4b1-45de-a54e-8eaefcc5e6f4,6cbdd7e0-da8a-4b62-98fa-35c1f62f4afd,-26,0,-2.252673742729696,0.41826302540646715
a9e63291-0ed0-4484-bcd4-08f3604ecc69,2026,2026-01-29,131339ab-8b21-40bd-af91-c2dd728a68dd,bb509184-c255-4aa4-9cdb-057dd36f7a04,-8,0,-6.415368832600697,0.2982017868124971
ae798072-e486-4c15-b603-86b915463767,2026,2026-01-29,82ae3098-41a3-4c5a-92a0-aa7a592b5f7b,592b259a-709d-44c7-b547-07d6529132b5,-16,0,-2.450491711307406,0.43293912396236134
b01a3906-ede3-4d15-8958-75159f826631,2026,2026-01-29,e020519a-e90e-4b63-bb2c-f17dc31b5a56,534c782f-f9f8-4d61-845a-76e90b321da3,19,1,8.78493623081882,0.8161861444845017
b2dcaf71-a3e7-4c26-a3c0-3e255976c7e9,2026,2026-01-29,e9570bbf-fc5b-474e-b98e-151eee207d8c,a296aea1-d070-4a8b-8dc4-62323ca3f942,-14,0,1.5246844309625773,0.5838560175848304
bf810398-626e-4dad-b37d-96055de48849,2026,2026-01-29,5cf39234-dfea-4208-be18-092f71c2f05c,083c67a8-1a0e-42e4-b3e0-c3872a10d8c2,3,1,-4.106870656603057,0.3386955371398756
bfa41884-9110-4c93-b499-3b2f54e0d16a,2026,2026-01-29,72aa3e8c-3c62-454a-8f40-09b46ae0cae6,de4b950e-313f-4eed-9fbe-0a05201376d1,2,1,7.807396294247993,0.8351193623858214
c0fc8208-a8a1-4db2-820b-36a70b0a385e,2026,2026-01-29,95ff4642-ef5c-46e3-982e-adab9cdca4e5,85b4dcda-76c3-41e3-ba40-71e093a8dcd5,27,1,5.747884291194761,0.759796996467473
d2d05ca9-270c-4c4e-94e9-299223fd361b,2026,2026-01-29,b7591c8b-00fa-47a2-8280-adf031b24a4f,ea75002f-0c50-4cca-8d60-8926c2f2c077,5,1,0.2675534891665647,0.48545812991332365
d41732e7-8da0-44fd-97c6-4d62e581bfe4,2026,2026-01-29,38f31497-065b-465d-ab24-3fa581de1831,c5d35bbc-89d4-412c-8778-037158252c91,30,1,17.620563872538884,0.9686963203225663
da3cd485-cc91-4c25-bc8b-af846e895441,2026,2026-01-29,0ec33aa5-020d-49e7-ac6a-2ee825d15102,6c5e0081-14ff-4e1b-829d-a107919bc58e,19,1,8.719851932565769,0.8055771136743481
e7565c55-76a8-410f-af7d-c01e60cd1f41,2026,2026-01-29,9c60e9b3-29b6-431d-92e1-307e1c2f1c15,5ffd8dae-eb73-4ad2-be80-a6ca8f4e5884,3,1,-1.5539269764203374,0.4198415558953195
eada97b1-ff70-4609-8734-76e5ea60f224,2026,2026-01-29,3ce22877-c834-4b53-aae8-5129d36175b1,71835168-f6e1-4523-997c-3851fc41f646,-7,0,4.382853345983453,0.6652343303436403
ee22721c-9b54-46a1-bea1-72725955c8b9,2026,2026-01-29,a2fd0527-f20a-4add-9101-ff8babf6ceaf,47c889b3-c1a2-4035-ab56-edaeee3a3c86,-9,0,4.699370071521082,0.6294808616539143
f433a0b7-f7cb-427a-98ff-7acffe00fe97,2026,2026-01-29,b678d94f-1147-4cd8-b221-3155893eb1a9,90df5863-ccc6-4ffe-b441-dee520cc7fed,21,1,11.490348193097198,0.8889526209677949
fb1e1aa7-ac16-4559-b470-481ce689686a,2026,2026-01-29,69307d4c-6e7f-4329-b6c2-1f3902362083,0b81f60f-d170-4ec1-9003-5fc16e4afa3d,-6,0,1.1513380484626508,0.5941843695400775
ff1a07c6-41cb-40e9-a7f3-a80b7322b2e5,2026,2026-01-29,a712dee9-a06a-4809-9e11-8e4b4233face,fb1c029c-934e-4345-bb7e-0d199b1172bb,7,1,10.664008695937405,0.8637756800510238
0a2da10a-1823-47de-9314-a888f7959bf2,2026,2026-01-30,7a5b9a33-aeac-4742-af69-49a1be24d3cb,13fa8aab-518b-46ed-be28-b5c24acfa430,-10,0,-7.772766908343423,0.19656189993300455
18e4d701-4cc9-4cb7-905e-19fa6bb1e742,2026,2026-01-30,9111a425-068f-425e-9467-f3ac4b2781f0,1ac6eb65-663f-4f4e-b7cd-bcc9ec53efe0,5,1,-2.478074313595461,0.38340989916962515
2044c39f-9263-4ccb-8cea-22b0e47b11dd,2026,2026-01-30,8d2fde4f-31a7-4491-9fcc-f04ced66e74f,fe6d6aa2-4515-4014-88ef-eb2bd91e54fa,-7,0,-8.22836327155137,0.20542758862019678
214e524d-c6dc-4caf-a389-429b599fc106,2026,2026-01-30,4d6c2d4d-b59a-44c3-826e-03e969153794,31ce23c8-e471-4fad-b117-36f72628b875,13,1,-0.49064372889542623,0.5175119519427038
2d93eb2b-c9cd-47dc-b6b7-848689aa0034,2026,2026-01-30,81e6f1a5-d8cd-43bb-ac87-6c20719f72f3,c8280280-8b91-475c-9d30-faed3dc9ec3e,-1,0,1.6247659295728036,0.5329185993297194
3418ac42-21b6-4b1e-aee6-36df468565ae,2026,2026-01-30,b58418f4-b3ae-444a-8ada-74ff43e88ea9,89146125-2618-4b85-9bb2-a7d785fc8c0c,17,1,3.891534764967541,0.6909387848799752
3a366473-5bd1-410f-9795-027722abf90d,2026,2026-01-30,0fbb2a6f-3944-46a9-9fa8-51376e18b3d9,0cc7096d-eb8d-4e4f-9906-93bf951805c5,17,1,11.159496521373304,0.8720225882074408
3a73d73f-ed7c-4179-9288-f95889428a39,2026,2026-01-30,e80d2384-bdc2-4f58-b09a-284a659a4d81,68f210a8-33bd-4d79-a5b0-222aabe727e7,14,1,3.742717527282244,0.6488171941011621
414b86e7-fee5-4987-a515-cfaadf356c83,2026,2026-01-30,a8ebd184-6249-4e7c-8e39-0d8d8249fe41,8a720b96-af6b-4ada-bf15-b7b80a091274,14,1,22.265997909346613,0.9813927202456079
41798960-5555-48d7-a2d6-ee765710f65b,2026,2026-01-30,ab2292aa-bfd3-4e49-a17a-cf970962e75d,1902edf0-3770-4094-9f92-722731ac4c93,10,1,4.854993651909752,0.6897467123867878
58a28f92-ed12-4cc5-b8d0-1fc6398b6c88,2026,2026-01-30,ea802991-74ac-4210-b3cf-e4a4c4006e76,523dd055-c2af-425b-b849-f05ced2ae52b,15,1,16.571744947958447,0.9578955378638758
6b23f0cb-2c61-4c07-95f8-8830cde2d736,2026,2026-01-30,e23a2171-157b-49cb-bf14-34996402c465,6bc5ca07-a958-41a3-8a95-eb5988cd48d6,9,1,9.508623991454998,0.8603770994293977
7dec941d-7249-44e0-9f92-1b46c0bfc248,2026,2026-01-30,71e0195c-db7a-4df0-b519-17d796d8957c,023093fa-50bc-4974-a6da-14f0e4b070fe,5,1,4.677286631301065,0.6906417484747007
933ca012-4192-4ad8-8284-043fee66f8db,2026,2026-01-30,5a3e7af6-53d5-4398-8c0d-97e0d9ac977e,d9469ea9-44c5-4803-8d5a-39cf4028ea3a,-12,0,-5.493775767460627,0.3018635752583174
aaa41213-c29b-4f80-8cca-2846eab98af7,2026,2026-01-30,94d66457-cf10-4bc2-b52f-faf466454856,0dc6096e-6097-4da2-a279-a7e256c526e3,-3,0,-9.239505214097003,0.15506817205284618
aaabe8b7-14c7-4d24-9453-e9ec5ad01116,2026,2026-01-30,cb2346de-1887-4050-8b6f-5480779486c2,8b53b385-4f61-4998-bac6-527e69c1fd6d,-7,0,6.904463348439712,0.8008804410547495
b1186648-0e30-4e4f-8008-66d21e7e5ede,2026,2026-01-30,5556385d-827a-48ff-a603-cddd42d7d7f3,43edca99-9154-45c5-908b-5e79c98e3147,-7,0,11.781736181248329,0.8845434682955117
bfb643d3-d320-4b3b-aad9-007c0c681594,2026,2026-01-30,1c701a00-1852-4c4a-8179-2273b474748c,47407d60-8e46-4d83-bf47-4b7ef8576ebc,-3,0,-8.705765404603365,0.16955635889695217
cd7bc5f4-a209-43da-afbe-8ad3d498bfca,2026,2026-01-30,b7431929-7ebc-42a6-bef8-d0c5715e2c86,14372359-5589-40fd-8dcc-6a04bbe7338b,31,1,9.967812035224041,0.7814062191984055
dadeebf5-7cb5-466e-a596-02e318ce27ae,2026,2026-01-30,c369d8ef-4098-4425-a977-6cf0605ab931,66d6cb28-25f0-41bc-9fb1-d15a6dfca6ac,8,1,1.4837149967509378,0.6141820824036321
dd4514de-a965-4508-8ad0-ea92fefcba57,2026,2026-01-30,c155c6af-1897-464f-ad91-10b605e5eb7c,2232e72f-0d57-499b-a956-680031e1de18,-2,0,-7.955187299599838,0.23691093432873797
eb84518c-5250-4be3-a097-0a2ce5f2d1a5,2026,2026-01-30,0423c35a-c25a-42a0-a0da-e1918c78cd5f,3f9ea222-2b0c-4f93-a0e2-601346d6030a,13,1,7.375937066473376,0.8192039849743897
f442abf8-ca34-4733-8147-3090caf5a5b0,2026,2026-01-30,4aa5d0a9-3420-4d4f-a466-17c82d88c482,f77c8c1a-5fb3-48ef-8210-484010dd5e32,23,1,4.353418092177104,0.6825237893857287
006d3b7c-7703-4d51-8194-c53fff4dc3e7,2026,2026-01-31,e6f966c6-5104-484f-a3a8-a7450aa491ae,6265a954-0017-44e5-bec7-cdb2fcc8f527,10,1,6.155011120009853,0.6858407163388985
02d4879f-81ed-4513-9e93-b5f357a12c2e,2026,2026-01-31,083c67a8-1a0e-42e4-b3e0-c3872a10d8c2,b7591c8b-00fa-47a2-8280-adf031b24a4f,8,1,8.009304354560928,0.7698262637989772
037f3f0f-5990-49df-a2ca-8d7be0095127,2026,2026-01-31,175fb86f-dfa5-4661-89d1-221410e04eec,f1d6ac08-ce96-4b53-aaea-ae291068cf23,-9,0,-3.7682499928658473,0.3522554720511916
08ffa368-c9ce-475b-be55-9e27f4ceda92,2026,2026-01-31,fc19569f-90e8-4af1-8b2c-981d4b9b0e7d,6b34a383-3696-47ff-99bf-1b690f616a28,16,1,6.820972394482155,0.7374866595538185
0a974e14-6478-4740-a5a7-1e0f14a17a4a,2026,2026-01-31,f598c6c5-97cc-41a4-83b2-84f08d3397f9,1ba8fbd8-4401-4226-b1cc-82e937c56657,11,1,1.1331873467475528,0.5900722108641909
0b36f13f-403a-4c9d-abd8-6e867c92abff,2026,2026-01-31,d6a99784-3b3d-4ae0-a5c1-6689f04c9255,2ad39bf7-6b52-4185-b83e-15dfc5686cf0,16,1,19.23849848332853,0.980335980362937
0db187b6-8908-45a7-9ebc-041982f08d9e,2026,2026-01-31,897f9506-86e7-4d3e-8eea-2b85ea85fa8e,5ffd8dae-eb73-4ad2-be80-a6ca8f4e5884,9,1,4.571872749115415,0.7208804755424113
12303867-815c-46bc-af76-7dc73e0c8d07,2026,2026-01-31,9b933a83-ef6d-49c0-ade8-facfdeda3183,f8fb3b2e-223b-4478-a029-9c1209865bdd,17,1,6.940470192015745,0.7495499160220171
13b0c273-cca4-4f82-b713-eb5d0c53900f,2026,2026-01-31,ea75002f-0c50-4cca-8d60-8926c2f2c077,aaa0be6c-4ab2-4cc9-be12-f8658ecddc9f,14,1,4.41402824741851,0.6700048029662656
14d7c7f9-8211-4c95-8176-b6ac830e6e80,2026,2026-01-31,8ccf579a-f19c-4639-b260-5fa8dc2c90f0,1cff0c34-63d9-4a64-a258-a50e61fee7cf,14,1,16.706995918737114,0.952504330585368
15a65776-e605-4203-b3a1-c06b4c721bc5,2026,2026-01-31,68f6ce17-8443-4257-ae33-1f240c722bfe,b28075f3-bd4a-486f-b563-0081500049b0,1,1,2.349223146762644,0.6277585162007658
162937b9-7d7a-40c3-a174-56b10ce415f3,2026,2026-01-31,0cd88aa1-5ccf-4454-9b08-d57795a231b7,534c782f-f9f8-4d61-845a-76e90b321da3,-12,0,-3.85482052170373,0.33918178301232665
18a10f6c-3116-491c-80ad-ddbd712cc474,2026,2026-01-31,19bed18e-691d-4e79-aeaa-771b745bf2a1,28cde209-3ae8-4939-9d83-2a6d645d427d,8,1,4.78932692109662,0.7004705012070831
1951bf07-36f9-415e-bef1-ebbc856b3f19,2026,2026-01-31,b468e5c1-fd80-4c61-8545-54a03c959ff1,3d8fedb9-0847-4666-82df-5f520b704ff4,-15,0,2.1677957443077087,0.5467289833090506
1b662a0a-27a8-49e7-ac3f-2ec81c2f8431,2026,2026-01-31,cda5f197-ae6f-4f38-a523-d1e70b218821,98674fec-442f-4d8e-bff0-fca634b9ceb1,9,1,12.376664062313344,0.910873607562954
1eadedd1-8e28-4fe5-a5ea-6684699f404a,2026,2026-01-31,ec7aba22-2b7a-41dd-801d-063cca9a4c1f,8121c98d-816f-4d3a-bb3c-4e9f3fbf65e3,2,1,8.569907368583559,0.8268590823055231
1fde11bf-59d5-4b27-9461-9e66fc3c2d6b,2026,2026-01-31,b86cac40-e643-41b0-ba96-76ef03712c8c,b7139fdd-2b24-42b2-80d8-3cc79042b563,-12,0,-2.2011635318691414,0.4712132719297142
204b3ebf-cd9c-40c9-9d46-9efab078e5d7,2026,2026-01-31,3ce22877-c834-4b53-aae8-5129d36175b1,67bb6cc2-0917-4bf3-ba89-bc624925b956,8,1,-0.2629909120302021,0.5148703768784854
20e52345-cd79-4dd2-9d05-4ea7a66ee329,2026,2026-01-31,33a13edc-a688-48dc-a4f0-c3624bb05c07,124dd15c-311b-4d83-becb-7150d849218d,6,1,-4.3857062483031966,0.3128900161983729
24f5b5b7-0555-4056-9140-7ad19a933ff4,2026,2026-01-31,be3dc89e-c7d8-42a5-878d-a2f181f0914b,fb1c029c-934e-4345-bb7e-0d199b1172bb,10,1,4.660857682401311,0.7033276097475094
277c7799-01cc-4646-ae85-d806224114d2,2026,2026-01-31,508005ba-15a8-426a-997c-b0e36e4e6b58,acbf5eb9-3a63-471d-8199-6067f912deaa,-6,0,-6.068976287508678,0.22702536981675428
27d1913e-fa88-4764-896b-2d4a52ba1407,2026,2026-01-31,8edd905e-18d4-4618-ba73-09af639ca94e,94d2459f-8edb-4281-8038-8b2dda825fac,-5,0,-0.48151084597748306,0.5697281815256676
2af9319e-7f38-430a-99ef-fe31937d8fb1,2026,2026-01-31,af95ca9e-8a2a-4b22-9bb2-584162eb57f0,bb509184-c255-4aa4-9cdb-057dd36f7a04,-40,0,-13.85471718760159,0.07688821969546687
2b5aa2ae-9514-4b8b-824c-069c13733f72,2026,2026-01-31,bcadcb9e-4b19-49d8-a836-b1224d88a96c,93de5342-985b-431e-9c3e-515381b67402,3,1,11.85489745902082,0.8804043931503011
3581ca6a-14be-48b9-90a3-ff642d5c88d4,2026,2026-01-31,955bd58f-0ae1-4b55-af26-b19062a2c04c,8921f536-d6f1-4d5a-b369-5dfb136e1717,-12,0,-11.690034307350286,0.0842998848126818
3a8fb6c4-0fe0-4dd1-8172-fa1e97f954e5,2026,2026-01-31,65457ba7-a038-4a4b-bb9c-249804bf4db4,26a9b9da-a6e0-4e12-a95c-e1e51e72fcb0,-1,0,-8.56074309120448,0.17688771647417265
3b3d3964-6b27-4881-bf37-c4f19236c33f,2026,2026-01-31,07e79f5e-ccc8-487d-ac1c-fbd82b43bb75,5f39cc2c-9779-411f-87e9-7702676c6ea8,7,1,1.425781905679708,0.5985360184444811
3bfb32c7-c394-429e-962c-2c14ecdd8131,2026,2026-01-31,1caae9e8-45a5-4b50-88a3-e3d388c52d33,a01ea865-0b00-4f54-90fd-8674ed23cf26,-4,0,1.96247278238261,0.5641785297379015
3c5840a8-31cd-4e18-90e9-3c3d51109697,2026,2026-01-31,64d8d377-0ced-439d-a3a6-bbf2100037d9,bff1b03d-2382-45fa-a062-45884591e89a,11,1,9.0501805880527,0.833199651452518
418b0e09-b03e-43bc-8a04-79e28b1525ef,2026,2026-01-31,69307d4c-6e7f-4329-b6c2-1f3902362083,6c5e0081-14ff-4e1b-829d-a107919bc58e,-3,0,4.18469328414957,0.6370805943436354
45d8159d-dc8c-4b90-b86d-b49a4d34eaf2,2026,2026-01-31,81d0a946-6d46-4a7d-88bb-29e19e5f5599,e41ccbd3-d51f-43e5-b037-4cb81b41b713,-2,0,-1.4031029381962494,0.4015933037127945
4761d6b5-5774-4a03-bdd8-ed0a6a48287a,2026,2026-01-31,5a925022-39f0-422e-a9c8-efba8cab8218,2772ac36-c719-4bcf-8a21-30eba79d1c61,28,1,12.751946216973614,0.9112186021456867
4a6e045d-f3d8-4534-ae34-a8ecb06839e9,2026,2026-01-31,a4e52f2f-5193-40ce-a997-0e0be093d86a,f497a267-e78e-43dd-9ab3-4299cf11c08e,-10,0,0.2577949978291648,0.5514499537850776
4aaf5ceb-4454-4e3b-ba65-051187a6ce7b,2026,2026-01-31,7a5b9a33-aeac-4742-af69-49a1be24d3cb,523dd055-c2af-425b-b849-f05ced2ae52b,-7,0,1.1037786280224984,0.5047125601388098
4bbf601b-4b65-4ecb-aa8c-a9cf459088c6,2026,2026-01-31,e088b1fe-16ee-4cf1-baaf-6ce4139f13df,39c61fcf-89b3-4523-aa61-7e031fae7e9c,-2,0,4.107110549459784,0.6789401365872871
53b96621-2b3d-4362-b732-ca2e585bd5c7,2026,2026-01-31,03914b2c-1603-4f8d-95ae-9f80025284f2,2d467e3e-e5d9-499c-a1ed-225d0c3ae91a,-31,0,-8.690023125147293,0.2189617163024932
5674b3e5-2329-4125-a152-95ee06c898b9,2026,2026-01-31,07f2978d-85d4-4892-8267-e6903cc20f93,69001211-8ae2-4829-9746-40b6a0858890,-10,0,1.6722520556557035,0.5925873805778443
57187dad-1b3d-418d-a18b-d32a957b76fd,2026,2026-01-31,131339ab-8b21-40bd-af91-c2dd728a68dd,1b43514e-2b4f-414f-9f54-b04994ba33ac,-18,0,-5.503480840328495,0.2723011968748889
571b6b18-ee83-43b5-9d2d-7d4e53f24ffd,2026,2026-01-31,9c60e9b3-29b6-431d-92e1-307e1c2f1c15,732365b9-1faf-46df-9c75-4571516450f0,7,1,-0.2830816579564783,0.46475827388288
57737235-8bf1-47f5-8a7f-8b4b178c8def,2026,2026-01-31,87d79a84-23f3-4e7a-adbf-e627ade400ed,84769f97-e86d-402a-9eb2-d31118f663ca,-19,0,0.6265204492115802,0.523650593329835
58ff2163-0410-422f-b6a7-4b243efab823,2026,2026-01-31,517665d2-60c6-44a7-a80b-78212cfb2db3,694c9825-86e3-466b-9eed-01db85397149,-3,0,-2.9241547313311607,0.3816937824280196
5ee12b2f-8b60-4366-a2b4-634068666f64,2026,2026-01-31,073c7f97-1dbe-4c9d-b1ec-44e92177a53b,69c2db2b-a8d1-48d3-89d0-ef9669af0b7d,-1,0,5.937270590039486,0.7332971329088628
600526ca-77bf-49f6-afdf-53e149d5915e,2026,2026-01-31,6f01f32e-67fa-44c7-8440-24a263829a82,60686ba3-d38f-468b-ac14-3d7c8518e868,-5,0,-2.707620202727576,0.3886424711473333
6223e9a3-c4b3-42c6-898c-8d62cc377b19,2026,2026-01-31,4b705336-0b7a-4525-a3cc-151a9657a218,6a5388a0-3d9f-4fa4-b592-775b2c31e741,-12,0,-4.467050632732127,0.36085483914086186
624b0541-dcf8-45e7-9994-ca7a429b8f94,2026,2026-01-31,4aa5d0a9-3420-4d4f-a466-17c82d88c482,1ac6eb65-663f-4f4e-b7cd-bcc9ec53efe0,-10,0,-1.5240857102826701,0.4951822704274711
62d64065-c3a4-468e-816f-ba4a2b916273,2026,2026-01-31,62c7a397-21d6-4b22-9b24-ba5a29ee8771,37789002-2f1a-4a5c-95f5-a4f487f719ac,3,1,-5.0118559635459645,0.29823660851876915
650048bd-3402-476c-bfbc-eb42eec457da,2026,2026-01-31,53e97ae2-3cae-46c5-8353-41eadbb17d61,86dd8d64-758b-4592-8af6-2536cef92fc1,17,1,2.7353350539162746,0.6291656691164209
65b78d96-e6bb-429f-82bb-0966c231c0f8,2026,2026-01-31,ef533bc7-18e1-474d-96db-96668fe59c22,e020519a-e90e-4b63-bb2c-f17dc31b5a56,4,1,-4.815879431311125,0.36353917072631775
6cb52e72-0354-486a-95f0-25aa39740d3d,2026,2026-01-31,a296aea1-d070-4a8b-8dc4-62323ca3f942,2c2ff68e-eb76-44f0-b27d-9426785932d8,14,1,7.481427802790594,0.8206396270434847
6cb5614b-2d05-4d82-80e2-962d456bf0af,2026,2026-01-31,3710f3f1-b8c6-4f75-85b7-66deba7d916a,c68084a8-36ec-4f0e-963b-561f5ea2c46e,8,1,9.221605213501903,0.8356303243690546
6df2981f-7507-44b5-a7ff-9ad8b74eb093,2026,2026-01-31,f8a7f441-6bad-4648-bfac-a202788a07f8,f945abf6-7dca-4e3a-b475-bceddc534fb9,-7,0,-10.47866374841203,0.09271391890370195
71986d69-f8ca-4616-b71c-edf8cc475851,2026,2026-01-31,8cc8f38e-384d-42b4-906f-97ff66fee7d7,47c889b3-c1a2-4035-ab56-edaeee3a3c86,-2,0,8.954140677379224,0.7749517312273684
76a4c4af-de66-4206-8606-b7dbc08b3dce,2026,2026-01-31,82ae3098-41a3-4c5a-92a0-aa7a592b5f7b,3b612ea1-b264-4279-9f72-b45216bfea4b,-5,0,2.2708938247938937,0.572048163099888
7767b777-755d-41ca-9c45-f71e2c175730,2026,2026-01-31,364c8255-118d-4dcd-aa72-a62621e3aeb6,29ca4fda-da79-4d21-b2a3-a87a25d02733,-1,0,6.801508212798213,0.7811095912322789
79b04383-a774-4b30-a149-4c226a6111ed,2026,2026-01-31,fdfebc81-138f-45de-ad5a-cdb4c98c5dc1,e3ccd256-a37a-40d8-b059-aca05f884ee1,14,1,5.375790673060341,0.7189016616491934
7d2cde17-e175-40ff-bf3d-76864553daf8,2026,2026-01-31,fc1af6b7-242a-42bf-bbe3-325108828697,179abcd1-98d5-4dc8-8532-3f8ffee320c5,-13,0,-16.57347246419766,0.050420688476186235
7e1e5473-79db-451c-960c-83b9d0f53be3,2026,2026-01-31,fff30549-83b5-4c44-9f3d-444f65ede45f,d1177041-d515-453f-9b73-e9891b41324d,5,1,9.252495155657432,0.8515708955094459
802be585-403a-4b8b-b7f0-11b2d3d5e77a,2026,2026-01-31,2b7eed3d-9921-482b-a193-759486c9b225,aa657c8b-9c3a-4727-9d4c-559205be3150,11,1,9.64823554171517,0.871399470119228
81040405-67c2-46a9-bbd4-18702dd86b61,2026,2026-01-31,d783c621-0bb0-477b-8bad-8785e9451e21,4f107cef-d28a-41e5-b9c9-9f537c5a92e2,22,1,9.041738465272159,0.8871912297534104
82aa9fb3-89ae-406a-b2df-ee8df35d1417,2026,2026-01-31,c64c255f-43f5-4a08-99f3-222dd9aa0731,076baa43-c839-437c-8a6b-5074277599df,-17,0,-15.311071678967211,0.06055574293205431
85d543b1-ab62-4076-9e13-b83b965499f2,2026,2026-01-31,d9908b15-814a-4283-8513-0d0ebd2430f8,0b81f60f-d170-4ec1-9003-5fc16e4afa3d,-6,0,-1.6185069912034455,0.4516961903943527
89d26d42-3d93-41c2-aa46-ac44ae5c4820,2026,2026-01-31,1b50e98c-801a-4835-9b4e-b0d563152b2b,1ed24078-84ea-4147-b356-c8543c93aa1d,3,1,-5.120021170561959,0.2555203960422411
8a2c6b5a-d1d4-408d-bc5e-3ce334594a9c,2026,2026-01-31,ad6d1a77-a3c3-4d10-9a5d-52b851597e67,5e1572de-c2e7-4a5b-a605-c095da467409,5,1,2.5867572896705924,0.558733577057475
8bf16105-9588-4ee5-ab9f-075473895387,2026,2026-01-31,d1841f3d-03f4-419e-bedf-c218d150aa9f,51b50cb5-097f-453e-99eb-4175d27ed1bd,-16,0,-12.810298182217148,0.07558888724721555
8c24921d-f4b1-4476-a769-811e7b1daf34,2026,2026-01-31,64d22a8e-0b18-48ea-a6a3-5619cb8be43e,7cc2bc8e-b314-42a5-81cd-bd21acdd42b2,-18,0,0.10656645592087698,0.5252722227016633
8f1da926-aa5e-4fcb-9a3d-9bd8e6397dca,2026,2026-01-31,d1c3793d-80d2-4adb-98a1-ac3c584bb64b,e08292aa-f0dc-4c1f-ac0c-138ec5d15372,-1,0,9.708328196413378,0.8492798073829521
8f84351c-fc06-42e2-a251-3d75b5b6dd82,2026,2026-01-31,b9d6eada-8645-4be8-9331-81fb5ab905f8,8a24da63-2163-47de-aeff-97b77094e860,-4,0,-1.5990271584585214,0.4275723140384712
906db040-126d-4586-932d-f92107c1b4f0,2026,2026-01-31,9eea7343-e29b-42cd-8ec7-ccda00c95536,d3445fe1-27cc-4d88-b2df-6ce2afe13156,8,1,7.128513807702914,0.7425681243331441
942f610d-250e-401f-b880-a81ff933645f,2026,2026-01-31,cdda7902-04cd-4834-972b-072f59dd1474,9aef881d-7fe2-4fb3-a80d-0b567f388490,2,1,2.593516986353457,0.6031371398332284
96dfc3e5-3b1b-4ba5-9936-00f293d60b46,2026,2026-01-31,0ec33aa5-020d-49e7-ac6a-2ee825d15102,b2c3c0ff-6592-4132-b527-e3784532b0a7,-10,0,-4.4789099666608925,0.33161694705660166
97f5a040-8722-4579-9bdf-ca3e191bca60,2026,2026-01-31,79116858-d6a1-42d4-bb91-450b44d1e6b4,51ad29ad-74f3-4879-a2f7-b09ed6f1c3e4,-2,0,6.588000616804381,0.6982828627969822
9fdc05bb-ab9d-4c9e-8fdd-a0c7e59370d1,2026,2026-01-31,fff2e22f-8e66-494d-a434-8838f329f8a0,082024ec-29ae-4a22-8851-c5373988f9bd,-12,0,2.0332410866444857,0.6208585670269724
a582507b-afdb-4cdd-bf80-d699f71cdaaf,2026,2026-01-31,eaa03f66-f667-48c2-9f30-ccce38d89e56,7b637d45-2602-47f9-bf37-40d1043643b7,14,1,7.875288593685775,0.7731988332682277
b37f72a5-c247-4049-8368-b47cc71aa650,2026,2026-01-31,977af06b-e276-4d26-9f4d-4b3c41c67885,cee4e9fb-16d1-4b9a-bbeb-6f26c9d5c340,-8,0,6.20573493372538,0.7506810170630027
b4a39d84-7b55-4a3a-8816-67eea70a3b52,2026,2026-01-31,ed251b78-3a68-4e91-b25d-08ef8bc8face,32d092aa-6752-439b-89e2-6538ab8523cd,-8,0,2.6978077530302,0.7128730624185475
b6757827-ed5a-49f3-96c8-6308f18b0618,2026,2026-01-31,ed91598e-8b89-4385-bc40-49721b8aedd0,e9570bbf-fc5b-474e-b98e-151eee207d8c,17,1,-0.33921007497138644,0.4607441015122791
b85887d9-4763-4374-8e84-ed8e668e4b0f,2026,2026-01-31,6038b249-00da-461c-9074-cfb1ed11d9ab,71835168-f6e1-4523-997c-3851fc41f646,-22,0,5.705142521199775,0.7574465126226274
bed50094-2101-4b91-8aec-56da42cf1227,2026,2026-01-31,ea802991-74ac-4210-b3cf-e4a4c4006e76,13fa8aab-518b-46ed-be28-b5c24acfa430,-2,0,7.839526576791316,0.688817488307218
befc4096-7c27-43c4-8720-a986a47f1fef,2026,2026-01-31,aa6e74ec-70a8-4e02-9b58-0e0e886cace2,0c280802-395e-44d4-8c2a-fb539233410b,5,1,-2.8667912108056175,0.3934621133633345
c3e0435b-4471-4a42-86c2-be46d94eb2c7,2026,2026-01-31,8da08445-76e5-4e98-be98-4f101d670980,edb2bfd0-017f-4df2-b9c6-d8dcacb7e929,8,1,-3.651945994851409,0.35800576591331246
c47348ca-fb8a-4487-a3c6-e091f4a101c8,2026,2026-01-31,163cfcfa-5213-4025-8eb1-dd67b17587f8,b81dac67-4cc4-4d68-b327-0ecd77fe056e,8,1,-5.301235321740285,0.368013399978696
c5a92b98-3bb9-466f-98d9-a810f7c0b1e2,2026,2026-01-31,976a062a-415a-4be9-870e-c2b6aa726c28,fb351878-91c8-4144-83c1-92f166d447f9,-13,0,-5.983781043913027,0.28666410308245627
c6cb650c-96e0-4bfd-b9fc-36abd9026f70,2026,2026-01-31,7dc3e262-ccd4-4c87-8617-0ca6e819757f,8c2a4a9c-1ede-4db2-aecd-cfe02e686b8e,13,1,8.317645039713502,0.7978836293212239
d15f29bd-3a9e-40dd-90f2-6d8dfe105485,2026,2026-01-31,2a453d52-4fcb-44e2-84c8-d2c1f91eccf1,d1623d0a-64d7-43e3-9f9b-36356767823e,-13,0,2.0007428351323244,0.5605607165233903
d590b143-1b9b-4e79-8b26-1dd5efbb3ed0,2026,2026-01-31,e4afe8a2-8546-4df5-b5e9-cd85edc8fc62,866586a7-cbbf-44c7-87fe-e9343fef12c8,-9,0,-0.678169848680749,0.46862894409840294
d5f0aeec-15c3-46fd-83a3-4c51d3fa2785,2026,2026-01-31,e30dcda9-70a8-4f5e-a91a-5eb2cf1e2c36,31e4ae86-a8cc-4aee-986f-71aa76fea354,32,1,7.006789798109618,0.7959963098211431
d785ceb8-943a-4b22-ba97-92a73e859b56,2026,2026-01-31,7da471c0-9955-4f80-b861-d7753ac5a7eb,5c7b85b4-380b-4ce3-bbc7-e0b1ac767c3d,15,1,5.408959759085278,0.6761024096485554
dd6d9c8d-582d-4b2c-a908-30685e1925e9,2026,2026-01-31,4e0916c0-6045-4d71-8568-b5e486ff2f92,9293675b-8878-4a32-bee5-496b4818dbde,-4,0,0.9522748672077485,0.5012318528195404
e212cc9c-dceb-49b8-8bde-e9ddf59f0b63,2026,2026-01-31,160d00cd-1792-45ab-a465-c2d2dcdcab1b,12fb3719-3067-4770-ab8a-b11eeb73faae,-8,0,-9.07268909953476,0.2031165047528937
e34370b0-c17f-4ac5-b716-1d6b241ad312,2026,2026-01-31,9c03bc0e-03a6-4b67-a95d-bb653d5afc1a,54da433c-23a6-4200-94c2-fba0e56376df,7,1,0.7944083810746433,0.5775005228017944
e4164534-2e89-47c3-85dc-d5ba329642a5,2026,2026-01-31,cc517ba4-b26c-41e0-bc91-66f5ceb16558,3dfeaa6f-de19-4029-bdaa-0f2bd8ea04c1,-27,0,-9.895515538920623,0.17100480019632655
e4520be0-7059-4572-8447-ba755dd488c8,2026,2026-01-31,8c9b2481-8a04-4d21-baaf-cd9add16d15c,69288ce9-31e9-4d18-9e18-89226b85a2cf,-15,0,0.8616775801857651,0.5321175188125693
e4a1a613-9e1d-4be4-a099-2e798cb525e3,2026,2026-01-31,96649453-7ab9-4024-b242-590c57b62ab6,9a2c2dfd-070d-4aff-bdc8-ea71e1ff510f,-17,0,-8.462806744573749,0.19276955378928662
e4d441a9-8f52-49c8-912a-6c37fded2fab,2026,2026-01-31,cea24043-374e-4a53-bfc3-4532caf44ea6,a9a08ada-6bbe-466a-b4ef-e2fe68dce231,2,1,8.754943818032677,0.8279328621214103
e5dc364d-f3ff-4e8a-be80-ace388db7184,2026,2026-01-31,428ae1bc-1e48-41c7-b7f1-da980b8a18b8,0fcf988c-9b3d-4eeb-bc11-4b461290749a,-7,0,0.9824857325600737,0.5320561458316551
e76c71d6-713b-4da5-8206-b5395508ca7f,2026,2026-01-31,9111a425-068f-425e-9467-f3ac4b2781f0,f77c8c1a-5fb3-48ef-8210-484010dd5e32,-12,0,2.6516621350647687,0.623677911157914
ec9e65e1-c88b-478f-adc8-822d1c15bcf7,2026,2026-01-31,5a788fca-07ce-452c-901e-2d9250aa8f8f,8423734f-7076-4655-b3ef-3528aa9176ff,3,1,8.02310056719545,0.7902693099013952
ef795d70-9840-4733-9a5a-ef2508204460,2026,2026-01-31,0792fde4-bca8-4a47-9b76-8d8191a2ac93,0cc86d2a-a1ab-4ebb-a968-3d4011c8d356,30,1,9.085068314465305,0.8414436116189625
efbf554e-3d76-4b03-9894-15ff9323b91a,2026,2026-01-31,195e638a-72ed-4f19-a47f-232630307034,6833b588-1856-4519-a296-afd069ebabfa,-25,0,-2.154473032641479,0.40311100711586567
eff01f63-d279-435c-81ec-2bb74ec3ae48,2026,2026-01-31,62093611-a202-4f7e-8d13-ed4c5498a9c1,d5485362-65cf-40d8-bd4e-d8c6c4613f82,3,1,7.87246542435804,0.7539337201535027
f2628296-6736-480a-8847-b30bcdb1ebab,2026,2026-01-31,72aa3e8c-3c62-454a-8f40-09b46ae0cae6,aa07fd1e-a03e-4554-9286-31e09a343db0,-16,0,-9.148527719205319,0.20084621016964266
f431e17d-153a-4bbb-8183-a801639e0a6a,2026,2026-01-31,0270a5a5-82db-4c54-901d-c9c8dfe3741a,cfae9c2f-9713-46de-9159-5064cc63dd64,-9,0,2.0516367399386817,0.5830213383155944
f5a19758-ddf5-4942-8f9d-cf94cf55f317,2026,2026-01-31,2979c251-171b-4f39-b156-d19f2d179eeb,ba89a28b-4588-48cf-be7d-683d7eaf21d0,-14,0,6.967839649543758,0.7720287093771939
fc4289bd-dcad-4630-8f04-40b1c2d42b45,2026,2026-01-31,18b86bee-6b10-4c86-95ef-959dd2d80cd5,be57d339-192b-4f8a-80f9-e4dafde63035,18,1,14.06776895759601,0.9453894917699669
fc9c438d-c309-44f1-b33b-99ad598daecb,2026,2026-01-31,6d9c7f06-e309-4b30-a7a3-37783b2b3f26,ad070c37-e224-4aea-bff9-4bb770ef38de,-7,0,-8.85601208757719,0.19807196550538528
ff6889a8-7ca8-4140-a7e7-8dc3bc7122c8,2026,2026-01-31,a40a35e7-bb78-4848-a0a4-11059f3caa39,de4b950e-313f-4eed-9fbe-0a05201376d1,1,1,6.627382600440754,0.8075582452623642
fffe0eee-b3a3-44ed-80cd-7dd1451faf33,2026,2026-01-31,87526af4-8053-4a04-978d-c8209eb24368,e77246ad-855c-468d-8b07-828f76134191,1,1,0.18175633769648988,0.519905756829453
0267853b-f654-4241-a3c6-2fe225868dc6,2026,2026-02-01,1c701a00-1852-4c4a-8179-2273b474748c,2232e72f-0d57-499b-a956-680031e1de18,-12,0,-9.424424247876823,0.1269708202308785
0fbdfeab-810d-415b-b384-ed185a3816e9,2026,2026-02-01,60185dec-e78c-4750-a32a-2162e22a166a,31ca13c7-e30a-4d9d-a3a8-5197d5e4342a,15,1,3.3048412660804587,0.6064389297056414
124278cc-6fd2-497c-822c-251c0efa6531,2026,2026-02-01,b5111a29-5c09-4364-809c-3686a2b45d1f,4ac9a4d0-e97a-403f-b290-b7bf3c0e8308,10,1,2.858954750572089,0.6660119275647292
1515aa43-2726-42fa-a776-c7c229d56648,2026,2026-02-01,dedb794d-6852-4b7b-904a-15cd66966a0a,a544a5d0-4cd1-4756-b079-30a9a7905cd0,-30,0,-17.27531689553717,0.04899072285841088
1d8fcc5e-d858-4efe-bdeb-713573d511bb,2026,2026-02-01,d7af5a06-c331-48d5-a768-4a3627420b0d,8315c904-1e6e-43c1-a538-e2bbf8bc9ca0,-14,0,-1.7254687639889144,0.4445866155501341
27e5be54-d370-45d7-8d0b-4d0848162389,2026,2026-02-01,85b4dcda-76c3-41e3-ba40-71e093a8dcd5,2780a057-59e9-4719-9190-6a16ecffbaba,-1,0,9.046207918975693,0.8215689464876503
3b423731-1937-43b0-b4b9-041bf56cca41,2026,2026-02-01,5556385d-827a-48ff-a603-cddd42d7d7f3,fe6d6aa2-4515-4014-88ef-eb2bd91e54fa,-8,0,0.09539774667657477,0.48747123337979625
3bd8a4a2-a37f-4969-bb9a-174bcc1bc7c8,2026,2026-02-01,d5861555-455e-464c-919c-9e6b99ce4495,8b53b385-4f61-4998-bac6-527e69c1fd6d,17,1,11.641709162120042,0.8980203865741153
45e2cb2d-db6e-4f47-8913-de5b4aa36c00,2026,2026-02-01,72daa240-1119-4159-899a-d81875c1c916,6899ea71-b4b1-45de-a54e-8eaefcc5e6f4,5,1,6.1272088790814205,0.775689927221327
602ba606-dfc5-4292-a3ae-b70c12e791fe,2026,2026-02-01,0b613bb0-e3c8-412a-8845-b9807552ba60,5c4db420-ac2a-4491-9f2f-f15fdf65d283,35,1,18.27262678846848,0.9826808008260352
7b4e98f0-31bc-4c2e-bdfc-13f7aa0a0ab6,2026,2026-02-01,023093fa-50bc-4974-a6da-14f0e4b070fe,c369d8ef-4098-4425-a977-6cf0605ab931,3,1,-9.24711239633015,0.22131766589777987
7c1b0f18-d42e-4709-840f-0fddeaa9023f,2026,2026-02-01,94d66457-cf10-4bc2-b52f-faf466454856,a76e8585-9bd8-4efd-ad05-93baa5c91a75,-4,0,-6.231936166612175,0.2192910630988294
81300b5c-5f4a-4fd4-ab19-68369ef49d85,2026,2026-02-01,90df5863-ccc6-4ffe-b441-dee520cc7fed,567fb73b-73a0-4437-a1ed-314d40d93e6f,2,1,0.9106332780957813,0.5216181007841297
b91882d3-265e-4224-9343-672da11e14d6,2026,2026-02-01,c5d35bbc-89d4-412c-8778-037158252c91,813f7a1c-6264-4e11-88e2-21dcd0072c0a,26,1,0.28276731783571357,0.49982780353755546
bd9726ee-436c-4cf9-bae0-c5a290732d5d,2026,2026-02-01,c8280280-8b91-475c-9d30-faed3dc9ec3e,cb2346de-1887-4050-8b6f-5480779486c2,-7,0,3.7764531764022813,0.6570164054401985
c6deabe5-b4d2-40f1-9223-b976919de906,2026,2026-02-01,8d2fde4f-31a7-4491-9fcc-f04ced66e74f,43edca99-9154-45c5-908b-5e79c98e3147,-2,0,2.4658762761498867,0.6076673473955233
ca130fdd-e8c3-4a62-873d-e7f40f68b7ad,2026,2026-02-01,94a323fa-c3d4-4718-a4bf-f6dd1c93c5c9,bd78de3d-6129-4bfa-8203-6ad7e79b5e54,-9,0,-4.038193367776029,0.33005927977095006
d4924cb3-fcd0-4280-b965-6617dd13d377,2026,2026-02-01,95ff4642-ef5c-46e3-982e-adab9cdca4e5,eb5b8376-53ac-42b0-a932-bfc4994faa1e,-2,0,7.828296134318494,0.7704357875352374
d873cd21-0076-45af-98db-0174f0e62487,2026,2026-02-01,66d6cb28-25f0-41bc-9fb1-d15a6dfca6ac,71e0195c-db7a-4df0-b519-17d796d8957c,7,1,12.355967666601092,0.8542730247805908
dcdfc162-ada9-469a-b4bc-0d64430e5c8f,2026,2026-02-01,beb97225-0e05-4be0-acb0-2fdc74f6dab4,31ce23c8-e471-4fad-b117-36f72628b875,11,1,-2.352027909060709,0.36873659370881584
df767c4a-ede4-47d8-b121-fde322e9179e,2026,2026-02-01,c155c6af-1897-464f-ad91-10b605e5eb7c,47407d60-8e46-4d83-bf47-4b7ef8576ebc,-15,0,-7.009160655803339,0.27902985466800945
df7a849d-9a14-449b-89a9-59a4e0b918c5,2026,2026-02-01,65cd560f-8b8d-4b8f-8a2c-2738484621b8,b9e807be-99ad-41c2-94bc-6049272e3254,23,1,9.794716051225205,0.8288956259490222
e147888f-f7d7-4039-97e3-80c182dd8279,2026,2026-02-01,6cbdd7e0-da8a-4b62-98fa-35c1f62f4afd,b9984408-0526-4a1b-9cb3-d6450264dcd5,-14,0,-5.294515153413392,0.31545430166443655
e863508b-2cc6-40aa-bde8-34a2c3d9d56c,2026,2026-02-01,57d94665-96b0-49e9-ab6b-a7cd6a1492d0,38f31497-065b-465d-ab24-3fa581de1831,-34,0,-16.183186025729928,0.06471043595719563
f6de577c-67d1-480f-8b59-426ec18c3b35,2026,2026-02-01,fbbdc24a-ba43-42e2-afcc-a328f0d9938a,6eed5456-f1b2-4e4b-966f-71949e9d90ed,-18,0,-10.29123750787573,0.13118479717154
0614f470-a83d-443f-8f24-235e90ec36c3,2026,2026-02-02,9c60e9b3-29b6-431d-92e1-307e1c2f1c15,ec7aba22-2b7a-41dd-801d-063cca9a4c1f,14,1,-1.6797274204041055,0.4887401012781505
595d01ce-424b-4509-b4a5-d691a56eaca1,2026,2026-02-02,07e79f5e-ccc8-487d-ac1c-fbd82b43bb75,69288ce9-31e9-4d18-9e18-89226b85a2cf,-18,0,-1.1650388037069104,0.41121373152967416
62939310-b568-4099-b643-fba370e66e43,2026,2026-02-02,e77246ad-855c-468d-8b07-828f76134191,124dd15c-311b-4d83-becb-7150d849218d,-8,0,-5.105380053453728,0.2839497800385628
64bdb961-9e5a-4949-846d-1006501daa42,2026,2026-02-02,65457ba7-a038-4a4b-bb9c-249804bf4db4,95adaebe-3c7d-4cf9-9380-e96c95761e6a,19,1,6.079227316503266,0.7775025151394037
7c0ab51b-f83b-4b27-8374-ae9a5f23d212,2026,2026-02-02,8c9b2481-8a04-4d21-baaf-cd9add16d15c,5f39cc2c-9779-411f-87e9-7702676c6ea8,13,1,4.186252891260812,0.6549718557990483
91a8a510-c93c-4e4e-b9e9-dd9ae49cb549,2026,2026-02-02,e672d935-837a-44a6-9e69-a25859488a24,b81dac67-4cc4-4d68-b327-0ecd77fe056e,2,1,3.5520535672803013,0.6116764765969722
9ba3ad70-1a25-4098-bb93-e492ed4500a1,2026,2026-02-02,51b50cb5-097f-453e-99eb-4175d27ed1bd,fdfebc81-138f-45de-ad5a-cdb4c98c5dc1,10,1,12.48447322714431,0.8932244209899697
a170894d-c04f-44d8-a306-99d036a19b3a,2026,2026-02-02,517665d2-60c6-44a7-a80b-78212cfb2db3,0c280802-395e-44d4-8c2a-fb539233410b,-5,0,-5.47297827971814,0.2972286109765574
a655c3a9-f0f5-41f5-b952-e1d677af9d6c,2026,2026-02-02,edb2bfd0-017f-4df2-b9c6-d8dcacb7e929,9f15591e-786d-4c01-a688-1272fa1c111b,-3,0,4.123843727268614,0.6688491012309109
b0c7b532-20a8-4bb2-8108-e6aa668bf891,2026,2026-02-02,897f9506-86e7-4d3e-8eea-2b85ea85fa8e,8121c98d-816f-4d3a-bb3c-4e9f3fbf65e3,23,1,9.374034087117918,0.8717840568682946
b1e4dea0-e6a4-4c1b-a901-d1c55c00dccf,2026,2026-02-02,26fd3855-d3a6-4b79-a7b0-559b447f5e6c,26a9b9da-a6e0-4e12-a95c-e1e51e72fcb0,7,1,2.04547391090769,0.5970989733436706
c1910150-ac1e-45f3-87fb-48b1b169d737,2026,2026-02-02,4cc6318d-53ba-46a4-90a2-0714f3d5dc14,64d8d377-0ced-439d-a3a6-bbf2100037d9,-9,0,-1.35515543766994,0.4662863730016505
c7e46889-82ad-4173-b4b4-52845d64882e,2026,2026-02-02,aa6e74ec-70a8-4e02-9b58-0e0e886cace2,694c9825-86e3-466b-9eed-01db85397149,-24,0,-2.682381316080426,0.4010426984408955
cb3623d0-8a69-43a1-a95e-bc623ff1613a,2026,2026-02-02,e4afe8a2-8546-4df5-b5e9-cd85edc8fc62,5a925022-39f0-422e-a9c8-efba8cab8218,-19,0,-13.255820632312837,0.0677333518816935
cdc4e35b-93ff-4f6e-ad4d-f58497ed68d8,2026,2026-02-02,bff1b03d-2382-45fa-a062-45884591e89a,853ab0d1-c982-4e7d-8187-8600084662c2,-3,0,-0.04078193917478183,0.483744923924781
e66183f3-4554-419b-a149-b30c6c6ac6cc,2026,2026-02-02,1aa7f46f-1a21-46c8-a8b8-ee19ee4b1e6e,976a062a-415a-4be9-870e-c2b6aa726c28,-2,0,8.199083998284467,0.8421742643790615
eb66ceb8-4836-4681-b999-2fcdd9b8bd71,2026,2026-02-02,fb351878-91c8-4144-83c1-92f166d447f9,20bb1fdb-2581-4660-92f8-ad08c3a60acb,17,1,12.375613713376534,0.9027107419239867
fbb3fc52-23cc-44ce-89b6-659a176248cf,2026,2026-02-02,a712dee9-a06a-4809-9e11-8e4b4233face,be3dc89e-c7d8-42a5-878d-a2f181f0914b,-5,0,10.727789510944701,0.8787257362852671
02ffbb8e-a822-4996-b93a-e091b46dcf60,2026,2026-02-03,9aef881d-7fe2-4fb3-a80d-0b567f388490,d88ac8c9-9fc8-4e76-9426-cf44fe70db47,-12,0,-11.595000564163932,0.08086272710898777
14ea347f-2961-490e-bd33-dcf099da4fa1,2026,2026-02-03,afbd548e-958e-452b-ac58-5b58b416aeb3,8af24be9-3bcf-49dd-8a7a-9a412402712a,-4,0,6.089713842050671,0.7019545007220095
1e2100e2-de4c-4468-bfd5-437fb76a7e2e,2026,2026-02-03,c4fed5b1-14eb-4033-8832-59e6c0004cf0,a01ea865-0b00-4f54-90fd-8674ed23cf26,7,1,7.217756664514833,0.7641186539478672
23b7a7d4-5d6a-4ed0-b5c3-e4fbf92e48c3,2026,2026-02-03,d414d5fc-8653-43b8-ac66-ec8f63c74c82,f8a7f441-6bad-4648-bfac-a202788a07f8,18,1,25.55080720329869,0.9880879870298334
2e3c69d2-9db5-477c-8512-e792732f6754,2026,2026-02-03,18b86bee-6b10-4c86-95ef-959dd2d80cd5,0cc7096d-eb8d-4e4f-9906-93bf951805c5,-3,0,5.9051202338672075,0.7293350198824184
2fc637bf-ee6b-429f-beeb-b1399ada5ec0,2026,2026-02-03,d5485362-65cf-40d8-bd4e-d8c6c4613f82,0fbb2a6f-3944-46a9-9fa8-51376e18b3d9,-2,0,-6.610739957485526,0.23190579972803677
3730f74f-4c9c-42e1-850e-a01b3632e27a,2026,2026-02-03,f8fb3b2e-223b-4478-a029-9c1209865bdd,ed6e30f8-d1f2-451b-9a26-5c7f21af0125,7,1,1.1652548829275902,0.49333306562804324
37757e41-5e32-48a4-ad7a-5811b9cba96d,2026,2026-02-03,62093611-a202-4f7e-8d13-ed4c5498a9c1,1b50e98c-801a-4835-9b4e-b0d563152b2b,6,1,9.037895616834222,0.8487165841160151
3e4e3323-fff1-4f38-88db-cc8e97bad67b,2026,2026-02-03,b58418f4-b3ae-444a-8ada-74ff43e88ea9,c64c255f-43f5-4a08-99f3-222dd9aa0731,24,1,27.294233429609672,0.9870128498911115
3e8ad64d-9ad4-4f2f-a21b-b2255763517f,2026,2026-02-03,8a720b96-af6b-4ada-bf15-b7b80a091274,175fb86f-dfa5-4661-89d1-221410e04eec,10,1,-1.1471821962522968,0.4824270133159612
41c70a9a-868c-47d6-9263-430fbba4d3ab,2026,2026-02-03,1c701a00-1852-4c4a-8179-2273b474748c,c155c6af-1897-464f-ad91-10b605e5eb7c,9,1,2.202867243282428,0.6425424478330756
4fd0af53-5762-44dc-8e8f-7a43ce37ce16,2026,2026-02-03,2ad39bf7-6b52-4185-b83e-15dfc5686cf0,1caae9e8-45a5-4b50-88a3-e3d388c52d33,-21,0,-3.661323114670345,0.3130720872734934
51648f7e-b97f-4ab3-b73e-fcb631445f20,2026,2026-02-03,3710f3f1-b8c6-4f75-85b7-66deba7d916a,93de5342-985b-431e-9c3e-515381b67402,18,1,11.915911755245974,0.9054829170670327
52fd0ce8-33fd-46af-b36c-824e3ab1014a,2026,2026-02-03,076baa43-c839-437c-8a6b-5074277599df,3f9ea222-2b0c-4f93-a0e2-601346d6030a,2,1,6.106562541511085,0.6941198317922885
73bcaa74-c2b1-4a49-9353-b12fd9f30f95,2026,2026-02-03,f31b656e-13ba-4eb7-bd53-66b20405c905,29ca4fda-da79-4d21-b2a3-a87a25d02733,6,1,-1.557556358486444,0.4262306373683476
846f214a-4e1d-472d-8c83-74070cfe92c5,2026,2026-02-03,ba89a28b-4588-48cf-be7d-683d7eaf21d0,a8ebd184-6249-4e7c-8e39-0d8d8249fe41,-4,0,-8.764925574134196,0.2545263068203813
8dbd5344-30a5-46e5-ac4a-67c8274d56d7,2026,2026-02-03,fff2e22f-8e66-494d-a434-8838f329f8a0,711ff92d-65bd-49a4-abc4-7aacd8c11f9e,-2,0,-5.772789614355819,0.30297682951894783
96dacf9a-c203-4175-ac0a-21b3d56bf4eb,2026,2026-02-03,6833b588-1856-4519-a296-afd069ebabfa,b7431929-7ebc-42a6-bef8-d0c5715e2c86,-9,0,-7.668610621661918,0.1885925296496163
97f46a5f-ccc8-43bf-b9dd-b966cff4ccc2,2026,2026-02-03,bb509184-c255-4aa4-9cdb-057dd36f7a04,fb1c029c-934e-4345-bb7e-0d199b1172bb,3,1,9.154418271485731,0.8365354588766868
9835fabc-31a8-47a6-9919-821ef9a74b1f,2026,2026-02-03,082024ec-29ae-4a22-8851-c5373988f9bd,023d3704-bd8d-4c41-a3dc-e747ba7ed642,20,1,4.914239535895009,0.717714014852937
b59bec00-0edc-4206-9f96-a13914f10bce,2026,2026-02-03,364c8255-118d-4dcd-aa72-a62621e3aeb6,7a2ae4f1-b509-40e8-b553-cbea5aabc4be,32,1,15.38139597857767,0.945731066075643
c0d8ae78-6543-4f28-b150-7a1f3ce2d486,2026,2026-02-03,3dfeaa6f-de19-4029-bdaa-0f2bd8ea04c1,cdda7902-04cd-4834-972b-072f59dd1474,32,1,17.564624390756396,0.9638049198989547
c4838365-ed06-4592-8229-6f30287b8ce6,2026,2026-02-03,9b933a83-ef6d-49c0-ade8-facfdeda3183,cec32a63-a501-4a6c-b2c3-dba31694d2b2,13,1,13.156151590172676,0.9201780089155844
cd73f139-f91e-4043-84b4-f28da198d8bd,2026,2026-02-03,89146125-2618-4b85-9bb2-a7d785fc8c0c,0423c35a-c25a-42a0-a0da-e1918c78cd5f,4,1,6.00234893157091,0.6917674293713354
dc3e2700-fbb9-405f-b655-defb59fde775,2026,2026-02-03,1ed24078-84ea-4147-b356-c8543c93aa1d,be57d339-192b-4f8a-80f9-e4dafde63035,25,1,13.117052710828474,0.9356691286150823
ddbc83d5-92a6-48a4-addd-4d709d61f3b0,2026,2026-02-03,f945abf6-7dca-4e3a-b475-bceddc534fb9,aa657c8b-9c3a-4727-9d4c-559205be3150,20,1,12.500571351804505,0.9125896498982976
e00c8c25-fef7-4b04-8977-f2ac39e35a95,2026,2026-02-03,7b637d45-2602-47f9-bf37-40d1043643b7,7cc2bc8e-b314-42a5-81cd-bd21acdd42b2,-1,0,6.741991747395136,0.7708358968773835
e0f57c73-6edd-4845-ba78-aa095b9481db,2026,2026-02-03,14372359-5589-40fd-8dcc-6a04bbe7338b,4e0916c0-6045-4d71-8568-b5e486ff2f92,2,1,11.69693242506,0.8552031816219973
e7babfcf-22bd-4073-958c-8e83171a6276,2026,2026-02-03,69c2db2b-a8d1-48d3-89d0-ef9669af0b7d,6a5388a0-3d9f-4fa4-b592-775b2c31e741,-6,0,0.6262348624192658,0.4881394799198298
ea01df45-071d-42e3-9faf-839297d70d3d,2026,2026-02-03,69001211-8ae2-4829-9746-40b6a0858890,8edd905e-18d4-4618-ba73-09af639ca94e,9,1,10.03380943139832,0.863215820012799
feb3b07c-2878-494c-87ba-27c45e55dacb,2026,2026-02-03,be625a9e-aede-4fb2-98ad-3c0baa02528c,f598c6c5-97cc-41a4-83b2-84f08d3397f9,9,1,8.41621610706265,0.8055227932116651
0a2ea1b8-2429-43c0-8194-387c05402c7f,2026,2026-02-04,fc19569f-90e8-4af1-8b2c-981d4b9b0e7d,7da471c0-9955-4f80-b861-d7753ac5a7eb,4,1,10.628514687533917,0.8945015181146639
1086620b-8920-446d-b570-d68978ed2f85,2026,2026-02-04,1cff0c34-63d9-4a64-a258-a50e61fee7cf,6cbdd7e0-da8a-4b62-98fa-35c1f62f4afd,-14,0,-5.512826812099848,0.2684597841360682
15879bf5-765d-41c5-9a77-97be361b5c3c,2026,2026-02-04,b28075f3-bd4a-486f-b563-0081500049b0,87526af4-8053-4a04-978d-c8209eb24368,14,1,10.244015412815315,0.8522267829619647
160e4775-bdf3-4d91-9a43-f88327057c3a,2026,2026-02-04,8d2fde4f-31a7-4491-9fcc-f04ced66e74f,4d6c2d4d-b59a-44c3-826e-03e969153794,-13,0,-4.852698115433601,0.3134166347620575
1a3a1d7a-9870-4139-80ac-d734057de8fe,2026,2026-02-04,2ffb1e88-0784-478a-b74b-a0a0832b4e30,d7af5a06-c331-48d5-a768-4a3627420b0d,3,1,2.6216373674107154,0.5803949101531738
1ba96549-bd32-43e3-b218-105e09ded0d3,2026,2026-02-04,f37e86a7-66bd-40dc-b008-7a9017dd8f59,557c7aed-66c7-4dde-aef2-6dc573ec91e7,21,1,31.036400415000575,0.9882363103219354
1baa1f0b-05f2-4581-9b57-13fadc86bdc4,2026,2026-02-04,694c9825-86e3-466b-9eed-01db85397149,466a855f-207e-4dbe-bedb-07f2150174f3,-3,0,2.985541178330295,0.6494720487239242
1fd5a952-d1d9-4ff9-83e1-824cefffccd7,2026,2026-02-04,b9e807be-99ad-41c2-94bc-6049272e3254,3d8fedb9-0847-4666-82df-5f520b704ff4,3,1,11.326095960485606,0.909659994163221
24f1235e-a6aa-4605-81d7-996d1ac1839b,2026,2026-02-04,d1623d0a-64d7-43e3-9f9b-36356767823e,cc517ba4-b26c-41e0-bc91-66f5ceb16558,8,1,2.1803757727170128,0.6030804182084634
25c8e8df-9b15-4c04-87ad-780d3de6e8c6,2026,2026-02-04,5c7b85b4-380b-4ce3-bbc7-e0b1ac767c3d,592b259a-709d-44c7-b547-07d6529132b5,-6,0,-9.498704437015654,0.15680139592602793
372a23b7-69de-4a65-99e1-bc87ed3aceca,2026,2026-02-04,67bb6cc2-0917-4bf3-ba89-bc624925b956,34176634-892e-43b1-917d-cc003f8b9c03,-3,0,6.272628178607732,0.7551988854169721
3d7f33ed-d895-4f3a-b08a-4a88e3d19619,2026,2026-02-04,29343f0d-eec4-44e0-923a-b7c6360ad1cf,3ce22877-c834-4b53-aae8-5129d36175b1,4,1,0.2652960865550108,0.501699041496524
3f0cf0bb-fae2-492f-b592-2b0aa4de20b5,2026,2026-02-04,b86cac40-e643-41b0-ba96-76ef03712c8c,fc1af6b7-242a-42bf-bbe3-325108828697,-8,0,-3.324313365247576,0.34890109855641127
400adf48-3a8a-4a45-bb3c-eb7447a6e6b2,2026,2026-02-04,cf602be1-6a27-49fd-9b3d-ab9e31f55454,b81dac67-4cc4-4d68-b327-0ecd77fe056e,9,1,2.780288451112917,0.6503977785072637
42389736-9986-4fdc-ab6e-f55ba5c9b635,2026,2026-02-04,33fe6f07-54b9-4b44-a9f3-e273b8b240b8,aa9a338c-8749-42c2-8655-1caa89068a61,-20,0,-3.4146634095818125,0.4132741686139411
42d08153-2f73-491c-bcc7-20cb66aa9024,2026,2026-02-04,33b3ee1a-8578-4f30-9145-044433be9e46,e23a2171-157b-49cb-bf14-34996402c465,-29,0,-4.09435972908592,0.3328503916421045
44b557d0-ff37-4954-9d7d-18ae47896a35,2026,2026-02-04,f497a267-e78e-43dd-9ab3-4299cf11c08e,c5d35bbc-89d4-412c-8778-037158252c91,19,1,6.451724332986542,0.7681309694928244
4c2c705c-d0b8-4338-924b-a2cc821c66c5,2026,2026-02-04,1902edf0-3770-4094-9f92-722731ac4c93,528a1feb-658f-4522-a7ce-decc11b8b925,3,1,-3.6975962466316314,0.3172771225863753
515de5d8-44ec-4017-9da2-4483352398ac,2026,2026-02-04,8c2a4a9c-1ede-4db2-aecd-cfe02e686b8e,2a864769-3bff-4022-a96e-3092caef4c93,9,1,5.422885717458753,0.7503267152091286
5cfe8745-19d5-4f50-a390-21416c2576ad,2026,2026-02-04,e80d2384-bdc2-4f58-b09a-284a659a4d81,ad6d1a77-a3c3-4d10-9a5d-52b851597e67,12,1,5.666974028329608,0.6695655898839896
5f52ba3e-207f-4cdd-8495-9fc90f6ac04d,2026,2026-02-04,cee4e9fb-16d1-4b9a-bbeb-6f26c9d5c340,07f2978d-85d4-4892-8267-e6903cc20f93,16,1,4.911044059318356,0.7283687063908953
60b6b61f-8a4c-4345-bf54-2c72aa7e42dd,2026,2026-02-04,b9984408-0526-4a1b-9cb3-d6450264dcd5,72daa240-1119-4159-899a-d81875c1c916,4,1,4.10853650438844,0.7090817948445373
6227964e-0d41-47fb-80ee-3dd57a068e3b,2026,2026-02-04,bff1b03d-2382-45fa-a062-45884591e89a,4cc6318d-53ba-46a4-90a2-0714f3d5dc14,-6,0,2.5505099023221725,0.652032548330334
625981f6-0c19-4c9a-a302-e53b4c0ab8c6,2026,2026-02-04,30dcebf9-dcff-4743-a05a-d994a902866a,0b613bb0-e3c8-412a-8845-b9807552ba60,-15,0,-1.2125506706004892,0.4344296605927985
63f3ef99-c3c1-42eb-b98c-beb0809d7d26,2026,2026-02-04,3ce97af9-70d7-4dc9-b13b-4f4221b9e09a,03914b2c-1603-4f8d-95ae-9f80025284f2,-9,0,4.095569506748061,0.6626081809910639
6dfb0a96-6fa1-4d59-aa50-fd735329b713,2026,2026-02-04,bd78de3d-6129-4bfa-8203-6ad7e79b5e54,b678d94f-1147-4cd8-b221-3155893eb1a9,40,1,18.838366054513475,0.9556100133599477
6f835987-c54b-4973-a88d-c9a73e68484d,2026,2026-02-04,8921f536-d6f1-4d5a-b369-5dfb136e1717,63c7d34f-6b58-4a80-ae86-320a182ddcc5,25,1,16.030297531839214,0.9629238892420274
7724c401-8574-48c6-b4ff-59acc891ca45,2026,2026-02-04,31ce23c8-e471-4fad-b117-36f72628b875,5556385d-827a-48ff-a603-cddd42d7d7f3,-3,0,2.5610523894004924,0.6257986490270134
7db72852-88d7-4070-b8cf-384db147d984,2026,2026-02-04,9293675b-8878-4a32-bee5-496b4818dbde,60185dec-e78c-4750-a32a-2162e22a166a,-6,0,3.838319814814527,0.7484348563494226
861072ab-5456-4823-a462-2677f5ab70c5,2026,2026-02-04,b655e208-570d-40cb-a275-91f219da9058,fe6d6aa2-4515-4014-88ef-eb2bd91e54fa,6,1,3.64834330800424,0.6389531140821828
874afaec-6d11-4877-8531-31bb9fec44f9,2026,2026-02-04,0cc86d2a-a1ab-4ebb-a968-3d4011c8d356,9eea7343-e29b-42cd-8ec7-ccda00c95536,7,1,-21.35328837410477,0.04110235199598061
8829592c-c862-44af-8a6f-da532bfea8ff,2026,2026-02-04,68f210a8-33bd-4d79-a5b0-222aabe727e7,2a453d52-4fcb-44e2-84c8-d2c1f91eccf1,10,1,5.067251864303912,0.6874332766329021
88a41ff3-ef17-448e-b2e0-a66cf6e1e65e,2026,2026-02-04,a76e8585-9bd8-4efd-ad05-93baa5c91a75,3b63b27c-8c94-4fb9-919f-62cd7944deb1,-4,0,-2.7151223306241024,0.39719820861872646
8afdaecb-e654-42a0-ae38-7e3c59a8c047,2026,2026-02-04,6b34a383-3696-47ff-99bf-1b690f616a28,474c10f3-c223-42d9-b9e9-48c37898ace8,-9,0,1.7306749605274683,0.6007571977428237
8c3d15aa-50cd-4956-9205-8cd8fe1cc096,2026,2026-02-04,cda5f197-ae6f-4f38-a523-d1e70b218821,3203894c-786c-4e1f-ada5-c785afe033a5,21,1,18.832769050911885,0.9578541661419413
8c5800ae-f404-4d89-80de-33e153d0e537,2026,2026-02-04,e41ccbd3-d51f-43e5-b037-4cb81b41b713,0792fde4-bca8-4a47-9b76-8d8191a2ac93,10,1,2.4652455834812153,0.6155594677661725
8f022647-9320-40d6-8a61-146454d61d2b,2026,2026-02-04,43edca99-9154-45c5-908b-5e79c98e3147,beb97225-0e05-4be0-acb0-2fdc74f6dab4,13,1,-0.7369855184730953,0.47588670581527914
944fc1f1-7217-4125-ad26-573f9653b524,2026,2026-02-04,b7139fdd-2b24-42b2-80d8-3cc79042b563,ec98d839-43bb-427e-83c8-d832063ad70d,7,1,-4.440002931036541,0.29428123514282006
95f9a01f-2cbd-43a1-a74b-663a189ede49,2026,2026-02-04,5c4db420-ac2a-4491-9f2f-f15fdf65d283,96e82d65-67c2-4e96-a2fb-d7ca3dfe1353,-7,0,-4.890966470667712,0.30888686560371015
9cb71176-3efa-4a83-bd2c-2cdde53b7fea,2026,2026-02-04,0dc6096e-6097-4da2-a279-a7e256c526e3,53e97ae2-3cae-46c5-8353-41eadbb17d61,-6,0,2.734486746558783,0.6121002909493469
a0e2f840-a10e-4328-b105-0c686493fbd5,2026,2026-02-04,71835168-f6e1-4523-997c-3851fc41f646,cea24043-374e-4a53-bfc3-4532caf44ea6,8,1,1.2439695205714736,0.5203490620169301
a4a8fbbc-b0cb-4344-9238-db7be1c8ea6b,2026,2026-02-04,c836e6fa-56f7-4920-86c0-a3d112f21365,6eed5456-f1b2-4e4b-966f-71949e9d90ed,-10,0,-0.06280340125999469,0.4321587929542329
a54ceb95-7a21-4fa5-a643-7bc4e68d2ce9,2026,2026-02-04,28cde209-3ae8-4939-9d83-2a6d645d427d,2b7eed3d-9921-482b-a193-759486c9b225,-2,0,-0.10693625180212893,0.5006243307679834
a73faf3b-4eff-4f8e-9555-36e440febef2,2026,2026-02-04,15e4f40d-8279-4f7a-8095-613e3a6ded31,2d467e3e-e5d9-499c-a1ed-225d0c3ae91a,-15,0,-7.285209662148406,0.23655566925174515
a872b03a-e618-4df4-b8a4-e57285ab0c90,2026,2026-02-04,d783c621-0bb0-477b-8bad-8785e9451e21,8da08445-76e5-4e98-be98-4f101d670980,24,1,13.840093563949592,0.933670673173985
a9c6e312-f0d7-42c3-8838-db369047e9d6,2026,2026-02-04,41a1e4ad-a290-41a2-8940-662b1fc85e89,acbf5eb9-3a63-471d-8199-6067f912deaa,11,1,9.133358579276104,0.809988175719398
ab73580d-bfee-49fb-9d9a-0cae8aa41eb6,2026,2026-02-04,82ae3098-41a3-4c5a-92a0-aa7a592b5f7b,ed01ba53-c6ff-488f-903e-9b348a195c03,-4,0,3.7937061139574277,0.6689280503016336
ba27d11e-d86d-4bc7-9875-40ed0b838dff,2026,2026-02-04,85b4dcda-76c3-41e3-ba40-71e093a8dcd5,b5111a29-5c09-4364-809c-3686a2b45d1f,-2,0,-2.6731148238427838,0.38678523193070047
bb9a6b72-a64d-4bcf-aaab-4c3c54acecb1,2026,2026-02-04,f1d6ac08-ce96-4b53-aaea-ae291068cf23,2979c251-171b-4f39-b156-d19f2d179eeb,3,1,2.919010222529478,0.6099274063810496
bc0a6e10-b6f8-4f5b-842c-bad620cbe544,2026,2026-02-04,cfae9c2f-9713-46de-9159-5064cc63dd64,7dc3e262-ccd4-4c87-8617-0ca6e819757f,-2,0,-5.349381350770336,0.3103395444270517
c5fe93af-b814-4fd0-9923-6d7027d868a4,2026,2026-02-04,eaa03f66-f667-48c2-9f30-ccce38d89e56,e3ccd256-a37a-40d8-b059-aca05f884ee1,11,1,17.604301131393992,0.9614122279804468
cdfa56b5-881e-47c9-8225-8bc49a2e07d1,2026,2026-02-04,567fb73b-73a0-4437-a1ed-314d40d93e6f,5a3e7af6-53d5-4398-8c0d-97e0d9ac977e,3,1,-11.71931244650828,0.1659531785590505
cfa8b541-3c09-4c1f-8493-8a42e5a856a7,2026,2026-02-04,4ac9a4d0-e97a-403f-b290-b7bf3c0e8308,ab2292aa-bfd3-4e49-a17a-cf970962e75d,10,1,11.77486058489085,0.9069664535547592
d054ca5c-d9ff-4143-9e83-7cfbf426152e,2026,2026-02-04,9c37b6c6-f9dc-49e2-a128-2681c0df2bf8,968fdb79-e800-43ac-b93d-53a22dee3a03,2,1,11.9806730469247,0.9210479495783217
d9d0a978-0615-4fca-b0fd-bf6ad042c120,2026,2026-02-04,51ad29ad-74f3-4879-a2f7-b09ed6f1c3e4,ba959da0-313c-4413-aad3-124a5c216494,-15,0,-7.3162595684714145,0.22305397415056122
e4c69508-3cb7-49b7-963f-20cf2c06c0b8,2026,2026-02-04,a9a08ada-6bbe-466a-b4ef-e2fe68dce231,6038b249-00da-461c-9074-cfb1ed11d9ab,-11,0,-6.1672321976863556,0.2514067945471477
e6ffafae-e518-4719-b733-a46e5f2bb38c,2026,2026-02-04,86dd8d64-758b-4592-8af6-2536cef92fc1,94d66457-cf10-4bc2-b52f-faf466454856,-6,0,10.304071042357712,0.8991970457414972
ed0e7554-7974-4f45-ba3b-19d1b7a7c30b,2026,2026-02-04,d3445fe1-27cc-4d88-b2df-6ce2afe13156,81d0a946-6d46-4a7d-88bb-29e19e5f5599,27,1,24.421852830747238,0.9821006586276297
edbc05ea-db79-45ef-9e66-441cccda6d07,2026,2026-02-04,6231ae3d-0d12-480c-83ed-e282959cb8c8,955bd58f-0ae1-4b55-af26-b19062a2c04c,-20,0,-10.692391608214844,0.150197697659554
f131153c-81fd-4f64-b97e-bd924be36d2a,2026,2026-02-04,caae45ce-7d6f-4f0e-a536-6d05e2ae5086,68f6ce17-8443-4257-ae33-1f240c722bfe,5,1,-3.5056431987378844,0.3812643940323856
f4649cd5-e00f-4a16-ba21-87c36a6f608b,2026,2026-02-04,79116858-d6a1-42d4-bb91-450b44d1e6b4,33a13edc-a688-48dc-a4f0-c3624bb05c07,-1,0,9.960726208059311,0.8470244909059057
fdf65ff4-d14a-4dde-98c2-5b7521120e03,2026,2026-02-04,e08292aa-f0dc-4c1f-ac0c-138ec5d15372,d1841f3d-03f4-419e-bedf-c218d150aa9f,5,1,10.144768444696343,0.8640809601177722
01b79ab0-21c9-43e7-9e5b-5fca363cd1c3,2026,2026-02-05,e9570bbf-fc5b-474e-b98e-151eee207d8c,6d9c7f06-e309-4b30-a7a3-37783b2b3f26,3,1,11.020471585912533,0.9040940910131291
01edb7b6-a85a-494d-b4c4-7a9c4b10080c,2026,2026-02-05,aa07fd1e-a03e-4554-9286-31e09a343db0,6f01f32e-67fa-44c7-8440-24a263829a82,17,1,16.23367804115406,0.9402531819737275
06b7265c-8da2-47fb-85b5-1b62147550f4,2026,2026-02-05,e2d3ca81-2525-473b-8700-136b6939d5b4,5cf39234-dfea-4208-be18-092f71c2f05c,17,1,21.27133519984514,0.9796753664753779
1a06bcdc-2d69-4502-b0f6-8d0729375d74,2026,2026-02-05,aaa0be6c-4ab2-4cc9-be12-f8658ecddc9f,8cc8f38e-384d-42b4-906f-97ff66fee7d7,6,1,-7.148986376280054,0.24914061913806024
26c78643-768b-4d6c-988a-b1ea291c7961,2026,2026-02-05,8a24da63-2163-47de-aeff-97b77094e860,72aa3e8c-3c62-454a-8f40-09b46ae0cae6,-1,0,4.578748413592155,0.6833345999023887
2c7930f7-621f-4a19-8eee-24853cb5c884,2026,2026-02-05,1999688e-7015-4a04-8450-734eddcbcfe4,160d00cd-1792-45ab-a465-c2d2dcdcab1b,16,1,18.740611053169495,0.9783816491103152
301c9f73-5444-495e-989b-8d452c4b40f2,2026,2026-02-05,d9469ea9-44c5-4803-8d5a-39cf4028ea3a,90df5863-ccc6-4ffe-b441-dee520cc7fed,41,1,30.53191564712101,0.984405097155423
31d69a0e-fccb-4b11-8d9f-00a4edd38eeb,2026,2026-02-05,6899ea71-b4b1-45de-a54e-8eaefcc5e6f4,8ccf579a-f19c-4639-b260-5fa8dc2c90f0,4,1,-2.371033634791051,0.3838349746217005
3868b790-9027-4799-916f-b59d68a5fc76,2026,2026-02-05,47407d60-8e46-4d83-bf47-4b7ef8576ebc,81e6f1a5-d8cd-43bb-ac87-6c20719f72f3,7,1,6.099074675399243,0.7297388344799733
39de395a-150a-45b7-bfe5-cd5f573ec4ff,2026,2026-02-05,32d092aa-6752-439b-89e2-6538ab8523cd,a40a35e7-bb78-4848-a0a4-11059f3caa39,21,1,2.7663799741957735,0.6351996310510666
412e060f-d63e-4971-9cfe-860c7134adb2,2026,2026-02-05,4f107cef-d28a-41e5-b9c9-9f537c5a92e2,a4e52f2f-5193-40ce-a997-0e0be093d86a,-5,0,8.495055603917963,0.8223774529430851
4150a859-4a56-4a0c-b19a-20ec97e21e5b,2026,2026-02-05,12fb3719-3067-4770-ab8a-b11eeb73faae,a296aea1-d070-4a8b-8dc4-62323ca3f942,10,1,3.9045057289308547,0.6666800068929419
419744e6-9e8e-4d64-bd23-18de53315e6c,2026,2026-02-05,66d6cb28-25f0-41bc-9fb1-d15a6dfca6ac,d5861555-455e-464c-919c-9e6b99ce4495,-17,0,-0.9478325426521765,0.5156443357559337
4639b086-2d65-4c12-a66d-e1a3227d6c29,2026,2026-02-05,47c889b3-c1a2-4035-ab56-edaeee3a3c86,ea75002f-0c50-4cca-8d60-8926c2f2c077,25,1,3.1635054039461408,0.6449905605725433
4a7b1edc-d301-4cbb-999b-0dbabf67219d,2026,2026-02-05,083c67a8-1a0e-42e4-b3e0-c3872a10d8c2,a2fd0527-f20a-4add-9101-ff8babf6ceaf,-2,0,3.1898153622655867,0.6165743648076056
543b0e2e-ecf4-470c-82d5-67c208b3dc0a,2026,2026-02-05,8fc903e0-95d5-42fe-8972-bae53e4456a2,ed251b78-3a68-4e91-b25d-08ef8bc8face,-7,0,6.794481047767372,0.7150937097659219
54ec97bf-53a0-46ee-880d-87d89cfe2fec,2026,2026-02-05,dedb794d-6852-4b7b-904a-15cd66966a0a,6265a954-0017-44e5-bec7-cdb2fcc8f527,-20,0,-10.49854521265044,0.1319900908463716
54fa5e6a-2de7-4548-86bd-72f1448683df,2026,2026-02-05,62c7a397-21d6-4b22-9b24-ba5a29ee8771,3fe51e56-cced-4ebd-bc3f-5269a8690fff,21,1,1.745506286129809,0.5809367914119768
54fb2695-bebb-4936-a674-bb2e3c4ba063,2026,2026-02-05,28c5e9b8-df2e-4fea-8442-2a3c31753cef,95ff4642-ef5c-46e3-982e-adab9cdca4e5,-10,0,1.3699614636112583,0.6061521626642384
5cefeee6-2f16-45b4-80b2-33cdfcf83d38,2026,2026-02-05,e020519a-e90e-4b63-bb2c-f17dc31b5a56,0cd88aa1-5ccf-4454-9b08-d57795a231b7,9,1,14.96294851860585,0.9465792518986227
5fa0caf2-0127-4b25-bad1-3cf08e4cef2b,2026,2026-02-05,2a5848e9-342f-42cb-84e8-90f6f573bc8a,508005ba-15a8-426a-997c-b0e36e4e6b58,-8,0,8.25037325112291,0.819637305985502
61dbbdf2-d707-45ba-8034-5e229b8b82b4,2026,2026-02-05,5ffd8dae-eb73-4ad2-be80-a6ca8f4e5884,9a2c2dfd-070d-4aff-bdc8-ea71e1ff510f,7,1,1.9343885416944784,0.5613068601750177
6f917daa-53c9-416a-b819-62e554bec8d3,2026,2026-02-05,2c2ff68e-eb76-44f0-b27d-9426785932d8,428ae1bc-1e48-41c7-b7f1-da980b8a18b8,6,1,5.4168741278914805,0.7500068460872624
6f96387f-883e-4c81-8187-365041e329f9,2026,2026-02-05,8121c98d-816f-4d3a-bb3c-4e9f3fbf65e3,96649453-7ab9-4024-b242-590c57b62ab6,-6,0,9.45934226400146,0.829155802026201
71cddc99-d119-45cc-99e2-438ac43c068c,2026,2026-02-05,ec7aba22-2b7a-41dd-801d-063cca9a4c1f,788df145-b514-4ea4-9ff0-bf2399dc7898,-14,0,-0.89516926581077,0.5201208043784225
74c2c8fe-3568-46ab-becc-c011445f2d9d,2026,2026-02-05,2390b5f2-24b9-453a-b023-e7b36da375b6,e088b1fe-16ee-4cf1-baaf-6ce4139f13df,-7,0,11.69159950819969,0.9200102640298914
7c5b3bc0-9613-4719-adab-eda72244fc2f,2026,2026-02-05,be3dc89e-c7d8-42a5-878d-a2f181f0914b,af95ca9e-8a2a-4b22-9bb2-584162eb57f0,25,1,14.903659727365657,0.9203207895156126
86a1387b-9bad-4adf-afa8-34a5272cac9c,2026,2026-02-05,71e0195c-db7a-4df0-b519-17d796d8957c,c369d8ef-4098-4425-a977-6cf0605ab931,-5,0,-3.6067857557870986,0.3577808911996014
891bcc0b-fa0d-45e0-97b7-a041d2fc76be,2026,2026-02-05,e694b3cb-eeef-43f4-bada-32dba89664a3,39c61fcf-89b3-4523-aa61-7e031fae7e9c,3,1,5.125792085704746,0.7344944418578693
907b0895-e40a-417e-bb88-169c777bc885,2026,2026-02-05,a712dee9-a06a-4809-9e11-8e4b4233face,131339ab-8b21-40bd-af91-c2dd728a68dd,9,1,12.383157141697366,0.9078720513111932
9484c9b8-4f86-487f-9ad0-600c9255bcab,2026,2026-02-05,732365b9-1faf-46df-9c75-4571516450f0,5e9a1e57-759c-40bb-aac1-6bdb058fafbf,-8,0,-0.06409977910034428,0.539926788601612
964392f5-480c-4af8-b0f6-fc78382cd1e2,2026,2026-02-05,8315c904-1e6e-43c1-a538-e2bbf8bc9ca0,512bdb5c-66bc-40fa-a392-cffe3e058403,14,1,17.958733655424016,0.9803737025567231
97208432-081d-41f2-bf6f-de187d3d0baa,2026,2026-02-05,fb1c029c-934e-4345-bb7e-0d199b1172bb,69c2db2b-a8d1-48d3-89d0-ef9669af0b7d,-5,0,2.408291162082898,0.5811766643284166
9c21106b-5eff-45e1-9306-d2275f368b46,2026,2026-02-05,8b53b385-4f61-4998-bac6-527e69c1fd6d,c8280280-8b91-475c-9d30-faed3dc9ec3e,-5,0,-1.9431009840388649,0.4494873193826127
9e60e1dd-fa9c-4449-a68e-1c29faec306e,2026,2026-02-05,b2c3c0ff-6592-4132-b527-e3784532b0a7,d9908b15-814a-4283-8513-0d0ebd2430f8,1,1,15.486326671891264,0.9288659055286448
a369ed7e-885d-4b1e-a382-7e4bea87ac67,2026,2026-02-05,8423734f-7076-4655-b3ef-3528aa9176ff,a8b565bf-c152-4fc8-86ac-49c71bf2fc1d,16,1,3.0906134077039753,0.5701185866818005
a7e1429f-3d75-417c-a6fb-d1f016bd347d,2026,2026-02-05,0b81f60f-d170-4ec1-9003-5fc16e4afa3d,0ec33aa5-020d-49e7-ac6a-2ee825d15102,3,1,2.588581938310363,0.6067111099458109
acc1c41a-19dd-4480-b94a-7a83247f6d4d,2026,2026-02-05,2232e72f-0d57-499b-a956-680031e1de18,023093fa-50bc-4974-a6da-14f0e4b070fe,29,1,17.680358674509257,0.9793770571972192
b2d1437b-a858-4a92-8173-7ad1eaf20122,2026,2026-02-05,61080933-9c42-4844-9cd9-7cfbcb9cf94a,534c782f-f9f8-4d61-845a-76e90b321da3,5,1,11.087981502097987,0.8933394401014839
b38de4aa-4c6c-402a-adef-3b290f1c23b9,2026,2026-02-05,bb509184-c255-4aa4-9cdb-057dd36f7a04,4b705336-0b7a-4525-a3cc-151a9657a218,22,1,11.239529811022672,0.887150635553166
bd2adba3-9541-413f-accd-11fd226bab61,2026,2026-02-05,60686ba3-d38f-468b-ac14-3d7c8518e868,de4b950e-313f-4eed-9fbe-0a05201376d1,16,1,10.607719018924804,0.8594820185090273
c9e0ce90-5fd2-4496-9cae-eed7a82c7262,2026,2026-02-05,37789002-2f1a-4a5c-95f5-a4f487f719ac,87d79a84-23f3-4e7a-adbf-e627ade400ed,9,1,9.12088927075042,0.8358240395865921
d3fd6c46-0682-4335-86ca-f982d2305493,2026,2026-02-05,98674fec-442f-4d8e-bff0-fca634b9ceb1,84769f97-e86d-402a-9eb2-d31118f663ca,2,1,-0.419733718227567,0.4680403717529803
d70ac84e-c807-480c-9934-9de77013bde4,2026,2026-02-05,cb2346de-1887-4050-8b6f-5480779486c2,c155c6af-1897-464f-ad91-10b605e5eb7c,15,1,11.006990522806497,0.8959160950189325
e29e11fb-5a19-4bce-ae2b-64a9f15ffd2f,2026,2026-02-05,31e4ae86-a8cc-4aee-986f-71aa76fea354,b9d6eada-8645-4be8-9331-81fb5ab905f8,8,1,3.7595021938569935,0.6045172608375255
e866cc33-8542-4890-b4fc-74e695c21c14,2026,2026-02-05,cb1b95af-f118-4a94-a324-d05b88869a43,69307d4c-6e7f-4329-b6c2-1f3902362083,13,1,13.606943799725164,0.9258906895424449
f006fc4b-158a-4555-8847-5396ea91d185,2026,2026-02-05,3b612ea1-b264-4279-9f72-b45216bfea4b,2f197fca-5329-4606-8c7d-9bf31ea65732,-5,0,3.644925837732436,0.6456300788367636
f8aa7c71-5b90-4f75-aff3-f8a3d3a55295,2026,2026-02-05,1b43514e-2b4f-414f-9f54-b04994ba33ac,073c7f97-1dbe-4c9d-b1ec-44e92177a53b,12,1,7.686972375184061,0.799206626788996
faf582aa-e3eb-4742-b1d3-22b34558b146,2026,2026-02-05,0fcf988c-9b3d-4eeb-bc11-4b461290749a,ed91598e-8b89-4385-bc40-49721b8aedd0,-1,0,2.0196666867550124,0.6248003552942287
4e475ca6-ede3-48d6-a89b-6b7ae8956f67,2026,2026-02-06,8af24be9-3bcf-49dd-8a7a-9a412402712a,f8fb3b2e-223b-4478-a029-9c1209865bdd,-10,0,4.7101448886519,0.6243047888722618
4e836c49-591f-43af-86bc-a74032fd3e4f,2026,2026-02-06,a8ebd184-6249-4e7c-8e39-0d8d8249fe41,14372359-5589-40fd-8dcc-6a04bbe7338b,26,1,8.200519480661278,0.8006523124446263
52b3ba65-9efa-4ebf-9530-6d1b8fc64bd2,2026,2026-02-06,ea802991-74ac-4210-b3cf-e4a4c4006e76,7a5b9a33-aeac-4742-af69-49a1be24d3cb,12,1,18.783531709815115,0.9711428475497172
5cc96c2f-2da6-4eb4-a2c0-eed00a5a6a47,2026,2026-02-06,d6a99784-3b3d-4ae0-a5c1-6689f04c9255,c4fed5b1-14eb-4033-8832-59e6c0004cf0,12,1,5.23771867464572,0.7646887972507642
72dc560c-cbae-4a52-acb3-513ec7ce03dc,2026,2026-02-06,afbd548e-958e-452b-ac58-5b58b416aeb3,cec32a63-a501-4a6c-b2c3-dba31694d2b2,10,1,11.932795238033576,0.8744428862272837
93353451-9a64-425b-88e0-33178eeda3be,2026,2026-02-06,a01ea865-0b00-4f54-90fd-8674ed23cf26,2ad39bf7-6b52-4185-b83e-15dfc5686cf0,7,1,12.251702221317638,0.9152806781990465
96aa3546-c597-4482-9bdd-63d8d3589b61,2026,2026-02-06,6833b588-1856-4519-a296-afd069ebabfa,8a720b96-af6b-4ada-bf15-b7b80a091274,20,1,12.190497393529055,0.9051556323475676
e67900c9-99ff-4f9e-a39b-019a85619d34,2026,2026-02-06,ed6e30f8-d1f2-451b-9a26-5c7f21af0125,9b933a83-ef6d-49c0-ade8-facfdeda3183,-6,0,-2.362256341651336,0.4367847399330211
faaa8daa-c838-4540-b2b7-254dac8904d5,2026,2026-02-06,d88ac8c9-9fc8-4e76-9426-cf44fe70db47,3dfeaa6f-de19-4029-bdaa-0f2bd8ea04c1,9,1,4.535772358678159,0.6802030265634734
007fe928-66bc-4ca7-a4f9-12e2103266d1,2026,2026-02-07,2390b5f2-24b9-453a-b023-e7b36da375b6,39c61fcf-89b3-4523-aa61-7e031fae7e9c,8,1,12.711398198563506,0.9143592070355474
03277685-57e6-4f04-ab63-5ae897021949,2026,2026-02-07,62c7a397-21d6-4b22-9b24-ba5a29ee8771,84769f97-e86d-402a-9eb2-d31118f663ca,16,1,-1.8353554440366455,0.3649971186224168
04a404ee-e432-4166-a3b7-ae968ea48c77,2026,2026-02-07,94d66457-cf10-4bc2-b52f-faf466454856,be57d339-192b-4f8a-80f9-e4dafde63035,-5,0,-2.6285667918504148,0.38961975352858
054cc93d-3c6e-4db3-b877-e7d68abacfb7,2026,2026-02-07,0792fde4-bca8-4a47-9b76-8d8191a2ac93,2d467e3e-e5d9-499c-a1ed-225d0c3ae91a,-4,0,-5.8338635762372135,0.2534131108730555
05c43432-bf95-4442-8b6a-749b8fa83a37,2026,2026-02-07,523dd055-c2af-425b-b849-f05ced2ae52b,13fa8aab-518b-46ed-be28-b5c24acfa430,-13,0,-6.163341738955026,0.2518687057901066
09cd0628-75cc-4065-bbc4-faeaff6b3f3b,2026,2026-02-07,6b34a383-3696-47ff-99bf-1b690f616a28,fc19569f-90e8-4af1-8b2c-981d4b9b0e7d,9,1,-2.9315659713257762,0.35398687009166663
09d3e560-749a-48b1-b3a1-d6ade38affbf,2026,2026-02-07,8121c98d-816f-4d3a-bb3c-4e9f3fbf65e3,788df145-b514-4ea4-9ff0-bf2399dc7898,-8,0,-3.5466193445620737,0.3118766763938493
0a8f24c8-551f-4974-a8e9-48d40271c0c7,2026,2026-02-07,083c67a8-1a0e-42e4-b3e0-c3872a10d8c2,aaa0be6c-4ab2-4cc9-be12-f8658ecddc9f,6,1,7.1480916560635315,0.784074559996295
0b34b90a-847e-48b5-aa42-0f3956939987,2026,2026-02-07,179abcd1-98d5-4dc8-8532-3f8ffee320c5,b7139fdd-2b24-42b2-80d8-3cc79042b563,37,1,19.3280811376573,0.9762308544466904
0c4d55a8-9145-4731-849e-995314f2a7c6,2026,2026-02-07,ec7aba22-2b7a-41dd-801d-063cca9a4c1f,96649453-7ab9-4024-b242-590c57b62ab6,19,1,13.669768220994737,0.9164173017951353
0c5b047e-e030-43c6-bff8-11fef2eb8604,2026,2026-02-07,aa07fd1e-a03e-4554-9286-31e09a343db0,e30dcda9-70a8-4f5e-a91a-5eb2cf1e2c36,22,1,9.470227558914349,0.8332279220857662
1002fa8d-bfbf-47c2-a6ba-cca69b2d3399,2026,2026-02-07,b2c3c0ff-6592-4132-b527-e3784532b0a7,69307d4c-6e7f-4329-b6c2-1f3902362083,2,1,15.424853876527651,0.9335688242432258
1057a39b-e06b-4f9f-ba31-a658077a4985,2026,2026-02-07,86dd8d64-758b-4592-8af6-2536cef92fc1,082024ec-29ae-4a22-8851-c5373988f9bd,6,1,4.516083261931562,0.6668742867318957
11088016-75bd-4a49-9b30-605291327305,2026,2026-02-07,0cc86d2a-a1ab-4ebb-a968-3d4011c8d356,9c37b6c6-f9dc-49e2-a128-2681c0df2bf8,1,1,-4.449138952405472,0.36158274733482465
137d1659-d1c3-4d6c-8c33-41636ebe0855,2026,2026-02-07,1ba8fbd8-4401-4226-b1cc-82e937c56657,032eda63-2e4d-4c72-8c92-51b97442dea9,8,1,13.982581229997441,0.927065692895758
139619a7-1b53-4673-990b-042c08df5a93,2026,2026-02-07,c8280280-8b91-475c-9d30-faed3dc9ec3e,2232e72f-0d57-499b-a956-680031e1de18,3,1,1.3372502982689372,0.5491518109138164
15b91ab7-29fd-46ce-aa88-81d32a23db7b,2026,2026-02-07,de4b950e-313f-4eed-9fbe-0a05201376d1,32d092aa-6752-439b-89e2-6538ab8523cd,-8,0,-6.064977128752742,0.31258174743500444
16c3fc3a-f3ca-419b-a1c1-799aec88f6f2,2026,2026-02-07,30dcebf9-dcff-4743-a05a-d994a902866a,96e82d65-67c2-4e96-a2fb-d7ca3dfe1353,-1,0,5.602404763573034,0.7807542643642785
192cc3b3-0df9-4819-bdbb-c847dd3c5f70,2026,2026-02-07,a76e8585-9bd8-4efd-ad05-93baa5c91a75,62093611-a202-4f7e-8d13-ed4c5498a9c1,3,1,-2.166518407923237,0.3853463627912089
1b37abf6-6cb8-474e-a09b-85e7758b8129,2026,2026-02-07,e3ccd256-a37a-40d8-b059-aca05f884ee1,19bed18e-691d-4e79-aeaa-771b745bf2a1,-3,0,-3.359597453238665,0.34929292860392114
1c8953f3-9814-4829-99af-a4b0cbafb97c,2026,2026-02-07,29343f0d-eec4-44e0-923a-b7c6360ad1cf,711ff92d-65bd-49a4-abc4-7aacd8c11f9e,-16,0,-6.632243435654862,0.2434785495150967
1ec4222b-73dd-4f6a-b8aa-95298c403799,2026,2026-02-07,7da471c0-9955-4f80-b861-d7753ac5a7eb,474c10f3-c223-42d9-b9e9-48c37898ace8,3,1,-0.23845300760222787,0.4599606220959997
200a1863-da79-4ec8-8be5-0f0c035bfc87,2026,2026-02-07,e41ccbd3-d51f-43e5-b037-4cb81b41b713,9eea7343-e29b-42cd-8ec7-ccda00c95536,-20,0,-16.46099054872986,0.05555702927358566
20664c3d-f9ea-4b95-ada5-cae558bbcfda,2026,2026-02-07,3d8fedb9-0847-4666-82df-5f520b704ff4,65cd560f-8b8d-4b8f-8a2c-2738484621b8,-19,0,-8.943849907049383,0.22542894385917045
22d05af4-7ae6-4714-abe5-84d4924e1f4b,2026,2026-02-07,53e97ae2-3cae-46c5-8353-41eadbb17d61,023d3704-bd8d-4c41-a3dc-e747ba7ed642,16,1,5.044135053148565,0.6985272025977107
23808454-dce2-47a6-920c-0f94b1a13a9c,2026,2026-02-07,be3dc89e-c7d8-42a5-878d-a2f181f0914b,131339ab-8b21-40bd-af91-c2dd728a68dd,-6,0,3.1446183831853345,0.6849958658525672
23ba31a6-c61f-4175-baae-8a4afc4a5f6e,2026,2026-02-07,3f9ea222-2b0c-4f93-a0e2-601346d6030a,b58418f4-b3ae-444a-8ada-74ff43e88ea9,2,1,-5.886108860055631,0.24810413613817917
263a0449-e6d7-42e0-adc3-67738d076e28,2026,2026-02-07,3b612ea1-b264-4279-9f72-b45216bfea4b,ed01ba53-c6ff-488f-903e-9b348a195c03,10,1,2.5350871930176324,0.5662452208732113
2f7d2d50-1fb8-4d7c-96dd-bb6d0192d955,2026,2026-02-07,6bc5ca07-a958-41a3-8a95-eb5988cd48d6,43edca99-9154-45c5-908b-5e79c98e3147,8,1,4.088036320262407,0.6416157587503791
31196f82-5901-4b00-96ab-e8f9a5a52d1b,2026,2026-02-07,023093fa-50bc-4974-a6da-14f0e4b070fe,d5861555-455e-464c-919c-9e6b99ce4495,-26,0,-12.34012908484307,0.08423465293742693
31fb6471-8675-477e-a780-3c5036ef1f84,2026,2026-02-07,67bb6cc2-0917-4bf3-ba89-bc624925b956,18b86bee-6b10-4c86-95ef-959dd2d80cd5,2,1,0.21611227583385534,0.5247673368742507
3272f55f-3b15-4253-82d3-f095bd98fe35,2026,2026-02-07,cb2346de-1887-4050-8b6f-5480779486c2,1c701a00-1852-4c4a-8179-2273b474748c,1,1,11.42767364276686,0.8943771575498323
337836e3-ab33-4ecd-a6d1-6e65d38f2d0a,2026,2026-02-07,47c889b3-c1a2-4035-ab56-edaeee3a3c86,5cf39234-dfea-4208-be18-092f71c2f05c,9,1,7.005647719693461,0.7926290042844194
35615d84-6adc-4060-9cc7-1d7efd4d518e,2026,2026-02-07,f8a7f441-6bad-4648-bfac-a202788a07f8,d1c3793d-80d2-4adb-98a1-ac3c584bb64b,-6,0,-8.813302593912608,0.16338922432723638
36e5b9f6-0c3c-4ce0-96fe-b13d3c6ee6a5,2026,2026-02-07,9293675b-8878-4a32-bee5-496b4818dbde,f1d6ac08-ce96-4b53-aaea-ae291068cf23,8,1,3.7264519529260687,0.6174588374433312
3728a06d-f249-41c9-87db-413b54cb0ea2,2026,2026-02-07,694c9825-86e3-466b-9eed-01db85397149,8c9b2481-8a04-4d21-baaf-cd9add16d15c,10,1,3.2217180820621953,0.6410850650351841
381b19d5-ab02-47e2-8d1a-6af86048ee15,2026,2026-02-07,8edd905e-18d4-4618-ba73-09af639ca94e,fff30549-83b5-4c44-9f3d-444f65ede45f,-19,0,-5.706301324921722,0.33416109933831023
3a033a6b-5a74-4f37-8a9e-7d19d5564cac,2026,2026-02-07,592b259a-709d-44c7-b547-07d6529132b5,bf002b1c-e14e-48a8-9c75-d70de0b2a31d,3,1,8.410542132743839,0.8146844176057638
3b10540c-277f-428b-a812-de646a69e3c5,2026,2026-02-07,813f7a1c-6264-4e11-88e2-21dcd0072c0a,57d94665-96b0-49e9-ab6b-a7cd6a1492d0,2,1,11.42348006599147,0.8473034434283859
3b3713f9-4710-4384-9fb9-33d3b897883b,2026,2026-02-07,e4afe8a2-8546-4df5-b5e9-cd85edc8fc62,163cfcfa-5213-4025-8eb1-dd67b17587f8,18,1,4.947870069016388,0.6674828675981533
3b616a9e-58a1-4371-a1a3-c73040bb4d5d,2026,2026-02-07,0b613bb0-e3c8-412a-8845-b9807552ba60,113c0c3d-54d6-4c64-b168-7ea3f3c20e76,17,1,8.296363028392703,0.8736440983440135
3bcf1d62-3ba9-4b44-8799-ef77bccdba99,2026,2026-02-07,ed91598e-8b89-4385-bc40-49721b8aedd0,428ae1bc-1e48-41c7-b7f1-da980b8a18b8,14,1,6.160185745369718,0.7533195392744537
3bf59dcd-0e44-4f8d-a4f4-2c5b20ad80a0,2026,2026-02-07,6038b249-00da-461c-9074-cfb1ed11d9ab,0fbb2a6f-3944-46a9-9fa8-51376e18b3d9,10,1,-4.786901790958735,0.3328762294216542
3c62a97a-b523-4af4-9bba-3490d7969812,2026,2026-02-07,38f31497-065b-465d-ab24-3fa581de1831,f497a267-e78e-43dd-9ab3-4299cf11c08e,3,1,15.580059441094845,0.9411361613482583
3fd06390-cce0-40cd-985e-0250665ef01d,2026,2026-02-07,a712dee9-a06a-4809-9e11-8e4b4233face,af95ca9e-8a2a-4b22-9bb2-584162eb57f0,27,1,21.538405301465538,0.9831611647089532
410226bd-9748-4879-b797-1f7653fb9933,2026,2026-02-07,c68084a8-36ec-4f0e-963b-561f5ea2c46e,b9e807be-99ad-41c2-94bc-6049272e3254,-4,0,-5.038928143215327,0.27415069432900185
43c5156c-7125-407c-8059-ed69330e841e,2026,2026-02-07,71835168-f6e1-4523-997c-3851fc41f646,d5485362-65cf-40d8-bd4e-d8c6c4613f82,5,1,2.9628600990218548,0.6197733428690786
475f00a7-df17-40ac-956f-13ba3f71e9fc,2026,2026-02-07,87526af4-8053-4a04-978d-c8209eb24368,51ad29ad-74f3-4879-a2f7-b09ed6f1c3e4,-3,0,0.12492769645713563,0.4826818712083017
4a96eca4-324d-40b8-be37-fb4e964629ae,2026,2026-02-07,69001211-8ae2-4829-9746-40b6a0858890,93de5342-985b-431e-9c3e-515381b67402,11,1,7.047994373329466,0.7226046297474981
4afe742f-0db6-48fb-b5bb-d901a8efc48c,2026,2026-02-07,5556385d-827a-48ff-a603-cddd42d7d7f3,4d6c2d4d-b59a-44c3-826e-03e969153794,13,1,2.8258291973633045,0.6342651065267781
4b8b7290-ccc4-4359-b21b-22ed636a9d5a,2026,2026-02-07,28cde209-3ae8-4939-9d83-2a6d645d427d,d1841f3d-03f4-419e-bedf-c218d150aa9f,23,1,14.19493602898639,0.9291485935983836
4b9bf830-0fcf-486f-9b35-f9e15614b92d,2026,2026-02-07,c64c255f-43f5-4a08-99f3-222dd9aa0731,be625a9e-aede-4fb2-98ad-3c0baa02528c,-34,0,-22.493334453563648,0.03641543612704227
4fe86e3f-5960-49b5-9d8a-d3e5e63b3f62,2026,2026-02-07,7cc2bc8e-b314-42a5-81cd-bd21acdd42b2,700ebcb7-55a3-4967-b5ef-89731a047790,9,1,2.1810902721910668,0.5858629760994788
505a5e03-e8a7-4d18-9d28-101cf1126c8f,2026,2026-02-07,94d2459f-8edb-4281-8038-8b2dda825fac,b468e5c1-fd80-4c61-8545-54a03c959ff1,-12,0,-2.6652403125085025,0.4263802199730823
5109b144-e9a1-4dfd-a26a-f896d64bbc53,2026,2026-02-07,4cc6318d-53ba-46a4-90a2-0714f3d5dc14,bff1b03d-2382-45fa-a062-45884591e89a,4,1,3.969266204951368,0.7071990291729134
52554388-3f55-40c8-97ba-db358f377600,2026,2026-02-07,98674fec-442f-4d8e-bff0-fca634b9ceb1,3fe51e56-cced-4ebd-bc3f-5269a8690fff,12,1,1.1962938919831305,0.5424843123228583
52901c59-84e4-4ff8-830f-44c80ca1cea8,2026,2026-02-07,33fe6f07-54b9-4b44-a9f3-e273b8b240b8,89146125-2618-4b85-9bb2-a7d785fc8c0c,-1,0,3.758524074781648,0.7025345942644347
52a07560-2691-4f2b-bceb-41582a9403dd,2026,2026-02-07,cb1b95af-f118-4a94-a324-d05b88869a43,0ec33aa5-020d-49e7-ac6a-2ee825d15102,21,1,10.762243238200528,0.8937797221077542
5447910b-4b75-4b6a-94be-ce5656e3b364,2026,2026-02-07,e23a2171-157b-49cb-bf14-34996402c465,b655e208-570d-40cb-a275-91f219da9058,-6,0,-1.75148481621157,0.4143187826984381
59e77de2-fc99-4505-85b3-147546dc3e44,2026,2026-02-07,c5d35bbc-89d4-412c-8778-037158252c91,fc1af6b7-242a-42bf-bbe3-325108828697,8,1,0.9617560443161299,0.5412761081308151
5cca568d-1e62-447b-a70f-2bedb46fa634,2026,2026-02-07,5f39cc2c-9779-411f-87e9-7702676c6ea8,54da433c-23a6-4200-94c2-fba0e56376df,-5,0,2.9715592152673773,0.6325137032090853
5d44f9cc-bbfc-421c-81e5-f002d9c24ea7,2026,2026-02-07,12fb3719-3067-4770-ab8a-b11eeb73faae,0fcf988c-9b3d-4eeb-bc11-4b461290749a,9,1,4.658285806919297,0.7214710782806006
5ddad170-10cf-4d13-89ed-9e55f8f39104,2026,2026-02-07,8921f536-d6f1-4d5a-b369-5dfb136e1717,cfae9c2f-9713-46de-9159-5064cc63dd64,9,1,18.076382238806545,0.9684062106039828
5f477828-700f-44b8-b9f6-23c2a85617b9,2026,2026-02-07,9c60e9b3-29b6-431d-92e1-307e1c2f1c15,897f9506-86e7-4d3e-8eea-2b85ea85fa8e,-1,0,-4.617671105773902,0.2714326776844634
6017672c-d28e-4795-889d-39780dd4a9b3,2026,2026-02-07,6cbdd7e0-da8a-4b62-98fa-35c1f62f4afd,d7af5a06-c331-48d5-a768-4a3627420b0d,11,1,-3.4422841091017418,0.41642237641576757
61b1c313-0d76-4fd1-84de-21117726cadf,2026,2026-02-07,d3445fe1-27cc-4d88-b2df-6ce2afe13156,3ce97af9-70d7-4dc9-b13b-4f4221b9e09a,25,1,13.855574494890115,0.9345131205672456
62192a7d-f749-4f8d-b232-c956ba7cda36,2026,2026-02-07,853ab0d1-c982-4e7d-8187-8600084662c2,1aa7f46f-1a21-46c8-a8b8-ee19ee4b1e6e,-7,0,-4.336505413167566,0.3552072276749992
63a89d36-bbac-45dc-aa29-5175a58fb0dd,2026,2026-02-07,466a855f-207e-4dbe-bedb-07f2150174f3,aa6e74ec-70a8-4e02-9b58-0e0e886cace2,7,1,7.404850966764789,0.7980457459553156
655d5ff2-c3ea-4273-9d67-4136dfc5665d,2026,2026-02-07,2c2ff68e-eb76-44f0-b27d-9426785932d8,160d00cd-1792-45ab-a465-c2d2dcdcab1b,16,1,13.420923448217659,0.8829328051690274
668a280d-7163-45a3-ba8c-20a9ae0f18c3,2026,2026-02-07,fb1c029c-934e-4345-bb7e-0d199b1172bb,6a5388a0-3d9f-4fa4-b592-775b2c31e741,-10,0,-4.265008449037076,0.367189650978601
68cc891c-eb52-47ec-bd34-b4d6a506af27,2026,2026-02-07,2a5848e9-342f-42cb-84e8-90f6f573bc8a,87d79a84-23f3-4e7a-adbf-e627ade400ed,14,1,1.9118767135229557,0.56690984044968
6904ab82-e066-41aa-aac9-71dd964955a6,2026,2026-02-07,8cc8f38e-384d-42b4-906f-97ff66fee7d7,b7591c8b-00fa-47a2-8280-adf031b24a4f,23,1,12.38032411768519,0.9110519672589813
69758b82-c076-4dc4-a673-72f6b5d27021,2026,2026-02-07,68f210a8-33bd-4d79-a5b0-222aabe727e7,9aef881d-7fe2-4fb3-a80d-0b567f388490,18,1,4.5872097620255206,0.7417386186446334
6cff1894-4655-4a19-86aa-e306379e39e7,2026,2026-02-07,31ce23c8-e471-4fad-b117-36f72628b875,8d2fde4f-31a7-4491-9fcc-f04ced66e74f,5,1,11.072801219312835,0.8734761534279056
6d5959e2-3218-492a-bd37-0f0dc0afc4ef,2026,2026-02-07,60185dec-e78c-4750-a32a-2162e22a166a,2979c251-171b-4f39-b156-d19f2d179eeb,2,1,2.3713948363606074,0.6401705276294739
6e58bd7c-5036-4e6c-888b-ddf0400b03a8,2026,2026-02-07,95adaebe-3c7d-4cf9-9380-e96c95761e6a,20bb1fdb-2581-4660-92f8-ad08c3a60acb,8,1,2.846061799032607,0.6333512240284607
721e18e0-17b7-41bc-969a-73142e178e6b,2026,2026-02-07,e77246ad-855c-468d-8b07-828f76134191,68f6ce17-8443-4257-ae33-1f240c722bfe,9,1,-5.850076075248057,0.28814756053422447
72ff45be-df8c-41a1-a832-dfd8dc0282cc,2026,2026-02-07,e08292aa-f0dc-4c1f-ac0c-138ec5d15372,2b7eed3d-9921-482b-a193-759486c9b225,-22,0,-3.584837907091306,0.3587834915622452
738d1515-269b-4cf2-bffb-cdd921f71c19,2026,2026-02-07,f598c6c5-97cc-41a4-83b2-84f08d3397f9,aa9a338c-8749-42c2-8655-1caa89068a61,-2,0,-4.82130065238481,0.3378835502350919
76937f6f-1e77-4a01-bf84-1a14b097ff42,2026,2026-02-07,2780a057-59e9-4719-9190-6a16ecffbaba,b979de70-af07-4320-9f20-2b9606ce8cd6,-8,0,-2.5654533061491454,0.4135791452206826
77af2f6b-846b-40e0-be31-44a2e2ce59d0,2026,2026-02-07,5e1572de-c2e7-4a5b-a605-c095da467409,2a453d52-4fcb-44e2-84c8-d2c1f91eccf1,15,1,4.168501442345925,0.6520787866857447
7cf50161-1f1b-4416-ace0-be6121da46f6,2026,2026-02-07,3b63b27c-8c94-4fb9-919f-62cd7944deb1,1ed24078-84ea-4147-b356-c8543c93aa1d,37,1,2.208430725074526,0.6037646260007071
7d0590e6-fd67-417f-a496-68970f34ccfa,2026,2026-02-07,81e6f1a5-d8cd-43bb-ac87-6c20719f72f3,66d6cb28-25f0-41bc-9fb1-d15a6dfca6ac,-7,0,1.275928981571732,0.5944533263219945
7d29527a-d42a-441e-9972-15152979e36a,2026,2026-02-07,34176634-892e-43b1-917d-cc003f8b9c03,1b50e98c-801a-4835-9b4e-b0d563152b2b,5,1,0.5696736218149625,0.5507557778768316
7dc4d6bc-22a7-44ed-82a6-a382bc8d078d,2026,2026-02-07,69288ce9-31e9-4d18-9e18-89226b85a2cf,9c03bc0e-03a6-4b67-a95d-bb653d5afc1a,6,1,4.223419966398987,0.6948599848090445
82e6ade1-4464-4f76-81d6-5f99bcf80efd,2026,2026-02-07,d1177041-d515-453f-9b73-e9891b41324d,977af06b-e276-4d26-9f4d-4b3c41c67885,-20,0,-9.927506374431381,0.12192014820861849
837e221b-965f-46df-a95d-3af5801ef6b7,2026,2026-02-07,33a13edc-a688-48dc-a4f0-c3624bb05c07,b28075f3-bd4a-486f-b563-0081500049b0,-19,0,-6.446662127866834,0.2858668451261313
867736fe-42ba-499a-8275-f33a7ab23937,2026,2026-02-07,9f15591e-786d-4c01-a688-1272fa1c111b,b86cac40-e643-41b0-ba96-76ef03712c8c,12,1,13.177823804097867,0.9401937191682864
8801961f-1a0e-499e-a6ef-675584ddd616,2026,2026-02-07,bcadcb9e-4b19-49d8-a836-b1224d88a96c,07f2978d-85d4-4892-8267-e6903cc20f93,-1,0,6.888751605851052,0.792792405995208
88a37c18-0744-4aeb-a739-84cbab107c07,2026,2026-02-07,03914b2c-1603-4f8d-95ae-9f80025284f2,81d0a946-6d46-4a7d-88bb-29e19e5f5599,20,1,7.220666030203697,0.7996200624775024
8e91fcc4-3f77-4d8c-899a-87a42524ce8e,2026,2026-02-07,29ca4fda-da79-4d21-b2a3-a87a25d02733,e6f966c6-5104-484f-a3a8-a7450aa491ae,1,1,-2.7617636438826287,0.38412369761547094
9107c12b-fb3c-4241-b219-45fa7cdd1b0c,2026,2026-02-07,732365b9-1faf-46df-9c75-4571516450f0,9a2c2dfd-070d-4aff-bdc8-ea71e1ff510f,5,1,1.0859788425885397,0.5485107573288975
9176aa59-4b16-4153-b445-cef25448554b,2026,2026-02-07,5a925022-39f0-422e-a9c8-efba8cab8218,cf602be1-6a27-49fd-9b3d-ab9e31f55454,28,1,14.394313435935969,0.9445294930363435
9317411c-2111-4d2c-92c4-322f8e49140f,2026,2026-02-07,c369d8ef-4098-4425-a977-6cf0605ab931,47407d60-8e46-4d83-bf47-4b7ef8576ebc,5,1,-1.6011068205234542,0.43988458591326873
93cad27c-a02b-455b-b3b9-48071cb59cb4,2026,2026-02-07,5ffd8dae-eb73-4ad2-be80-a6ca8f4e5884,5e9a1e57-759c-40bb-aac1-6bdb058fafbf,-1,0,1.9531835980176686,0.6151155986666301
9687f0a3-af39-4d6d-a888-32fcb26ef43c,2026,2026-02-07,b7431929-7ebc-42a6-bef8-d0c5715e2c86,175fb86f-dfa5-4661-89d1-221410e04eec,24,1,21.290435480610995,0.9858792383583787
974eb9bb-08ef-48f3-a096-34e1b2ad4656,2026,2026-02-07,1ac6eb65-663f-4f4e-b7cd-bcc9ec53efe0,f77c8c1a-5fb3-48ef-8210-484010dd5e32,1,1,9.351107384030879,0.8057273244343501
99f522a1-dc50-4c8e-ac26-cc64cf202c2c,2026,2026-02-07,ba89a28b-4588-48cf-be7d-683d7eaf21d0,4e0916c0-6045-4d71-8568-b5e486ff2f92,-3,0,-0.6787000647091302,0.45739763522781735
9c4e2471-2953-42c4-a751-f5d3fd6839b8,2026,2026-02-07,8315c904-1e6e-43c1-a538-e2bbf8bc9ca0,8ccf579a-f19c-4639-b260-5fa8dc2c90f0,20,1,6.097238948886874,0.7336321119851462
9e69bd26-b0a0-40ab-84ec-4fe1a78216f7,2026,2026-02-07,7dc3e262-ccd4-4c87-8617-0ca6e819757f,955bd58f-0ae1-4b55-af26-b19062a2c04c,5,1,9.682762760179966,0.8276248040866695
a65c4167-4878-4929-b0d9-45292f76a3ee,2026,2026-02-07,6c5e0081-14ff-4e1b-829d-a107919bc58e,d9908b15-814a-4283-8513-0d0ebd2430f8,-3,0,4.257276777120715,0.5784267587266704
a9734890-aaee-4bcd-a4a2-2ad718140c7b,2026,2026-02-07,557c7aed-66c7-4dde-aef2-6dc573ec91e7,528a1feb-658f-4522-a7ce-decc11b8b925,-23,0,-14.680873989551595,0.0776908970990958
aa19af80-f7f1-4716-a95a-04474e338760,2026,2026-02-07,ba959da0-313c-4413-aad3-124a5c216494,79116858-d6a1-42d4-bb91-450b44d1e6b4,9,1,9.575746838477757,0.8373277256939193
ab92c8a1-f063-4ae8-84dc-d45ec8f43edc,2026,2026-02-07,b9d6eada-8645-4be8-9331-81fb5ab905f8,a40a35e7-bb78-4848-a0a4-11059f3caa39,-5,0,-0.5994845413919794,0.44003197408205424
af47d4fd-5fd2-47d1-9f52-cf7434347b81,2026,2026-02-07,aa657c8b-9c3a-4727-9d4c-559205be3150,7b637d45-2602-47f9-bf37-40d1043643b7,-19,0,-4.107302177869307,0.3456587179436795
b17157a9-f9c4-4059-b8cb-512a2660595b,2026,2026-02-07,bb509184-c255-4aa4-9cdb-057dd36f7a04,073c7f97-1dbe-4c9d-b1ec-44e92177a53b,-6,0,6.058178648608604,0.7899507824585503
b2d674a4-672c-4096-88b8-2f3371ca2df3,2026,2026-02-07,534c782f-f9f8-4d61-845a-76e90b321da3,ef533bc7-18e1-474d-96db-96668fe59c22,-6,0,4.982203914719246,0.6795723523015195
b3eb6fc8-b5ea-48e3-96f8-265692478ca0,2026,2026-02-07,a2fd0527-f20a-4add-9101-ff8babf6ceaf,ea75002f-0c50-4cca-8d60-8926c2f2c077,-10,0,2.911080588310992,0.6552766539613963
b495e02f-22b6-4f7f-a8e0-04887891223b,2026,2026-02-07,d1623d0a-64d7-43e3-9f9b-36356767823e,e80d2384-bdc2-4f58-b09a-284a659a4d81,-7,0,-0.7647356503527211,0.4651888263067642
b606741b-c64e-4a34-a69d-45a5b0f217ce,2026,2026-02-07,51b50cb5-097f-453e-99eb-4175d27ed1bd,d414d5fc-8653-43b8-ac66-ec8f63c74c82,3,1,-7.676926304161787,0.2351465094218708
b88e972a-9023-47e3-9aca-66fec1e63a3b,2026,2026-02-07,ec98d839-43bb-427e-83c8-d832063ad70d,d783c621-0bb0-477b-8bad-8785e9451e21,-11,0,-4.051521885479185,0.3365668370005098
b891b154-de9a-4ad7-95c3-9ef90f71719d,2026,2026-02-07,64d8d377-0ced-439d-a3a6-bbf2100037d9,fb351878-91c8-4144-83c1-92f166d447f9,-19,0,-2.587554720382227,0.4068997421201826
b8d3c4e8-8985-4f8b-acb2-8af23ad7023e,2026,2026-02-07,ad070c37-e224-4aea-bff9-4bb770ef38de,e9570bbf-fc5b-474e-b98e-151eee207d8c,5,1,4.005707155414293,0.6943369587916084
b8f35e01-fbdf-4805-a72f-63510ad51adc,2026,2026-02-07,a9a08ada-6bbe-466a-b4ef-e2fe68dce231,2c2e9f9c-9d33-474b-860c-f9230f147fcd,-1,0,9.253470944065924,0.812604413592545
bdd12556-8d91-47f8-b126-52605afe15f1,2026,2026-02-07,f945abf6-7dca-4e3a-b475-bceddc534fb9,fdfebc81-138f-45de-ad5a-cdb4c98c5dc1,13,1,9.514062569057977,0.8353362449460043
c262dea5-c933-47b4-a0d0-9a7132a13235,2026,2026-02-07,364c8255-118d-4dcd-aa72-a62621e3aeb6,c836e6fa-56f7-4920-86c0-a3d112f21365,4,1,3.914780777973794,0.7159989677272733
c39eef28-bbfc-4ccf-8719-d3274636752d,2026,2026-02-07,2772ac36-c719-4bcf-8a21-30eba79d1c61,e672d935-837a-44a6-9e69-a25859488a24,7,1,3.1326737067243444,0.5752050659448831
c43e9ffc-ac8c-4869-95b2-6ed15e2d4511,2026,2026-02-07,acbf5eb9-3a63-471d-8199-6067f912deaa,cda5f197-ae6f-4f38-a523-d1e70b218821,-8,0,-2.9062606341177983,0.4459777110200012
cc3c6fa5-f76d-4f80-a428-c805f21e63db,2026,2026-02-07,31ca13c7-e30a-4d9d-a3a8-5197d5e4342a,195e638a-72ed-4f19-a47f-232630307034,5,1,8.09539647076478,0.8407316886004768
cd12745a-1114-4205-8214-1e29f9e79da2,2026,2026-02-07,0423c35a-c25a-42a0-a0da-e1918c78cd5f,076baa43-c839-437c-8a6b-5074277599df,10,1,6.607056781114685,0.8166039294773006
cd5a83d0-9895-4e2e-841b-7c8f85af4ead,2026,2026-02-07,3ce22877-c834-4b53-aae8-5129d36175b1,0cc7096d-eb8d-4e4f-9906-93bf951805c5,1,1,1.5986389227046665,0.6047060324905162
cdb23ea1-88e1-4b33-b706-b41fe6c285ec,2026,2026-02-07,866586a7-cbbf-44c7-87fe-e9343fef12c8,b81dac67-4cc4-4d68-b327-0ecd77fe056e,8,1,2.714248271239705,0.595956495437034
d0e17e7f-83a6-4a2b-82ac-996e4b25f393,2026,2026-02-07,1cff0c34-63d9-4a64-a258-a50e61fee7cf,b9984408-0526-4a1b-9cb3-d6450264dcd5,-17,0,-13.983557036208339,0.07530502500490031
d4494874-be40-4831-9abc-0f99b829d50c,2026,2026-02-07,968fdb79-e800-43ac-b93d-53a22dee3a03,15e4f40d-8279-4f7a-8095-613e3a6ded31,-33,0,-6.57300671924736,0.2513871072966542
dbc802fb-a220-4f1b-9eb7-60be69c511ad,2026,2026-02-07,2a864769-3bff-4022-a96e-3092caef4c93,63c7d34f-6b58-4a80-ae86-320a182ddcc5,6,1,5.029762267298164,0.7172074928470159
dcec59e6-251e-4805-880f-e65858d3d49e,2026,2026-02-07,26fd3855-d3a6-4b79-a7b0-559b447f5e6c,65457ba7-a038-4a4b-bb9c-249804bf4db4,10,1,12.268207279127159,0.9154702290014762
dd2f4bd7-64cc-426e-ac46-fcd4c0e991e3,2026,2026-02-07,e694b3cb-eeef-43f4-bada-32dba89664a3,e088b1fe-16ee-4cf1-baaf-6ce4139f13df,-19,0,6.753232618895772,0.816842172204159
de421304-afc9-4445-b8d8-bafced2c1dcd,2026,2026-02-07,8423734f-7076-4655-b3ef-3528aa9176ff,e020519a-e90e-4b63-bb2c-f17dc31b5a56,3,1,-3.769778992488544,0.3585622114775086
e0019a94-0abf-4fe4-97b8-d302f0147d2e,2026,2026-02-07,5c7b85b4-380b-4ce3-bbc7-e0b1ac767c3d,82ae3098-41a3-4c5a-92a0-aa7a592b5f7b,1,1,-4.8954782050327585,0.2808423797980216
e294ea06-54f4-48c9-8fa2-81b9216f2dee,2026,2026-02-07,a296aea1-d070-4a8b-8dc4-62323ca3f942,1999688e-7015-4a04-8450-734eddcbcfe4,5,1,-2.0854646015845377,0.3645171422305694
e29cc3cf-93a3-4d35-a219-425a9c7c2d18,2026,2026-02-07,41a1e4ad-a290-41a2-8940-662b1fc85e89,3203894c-786c-4e1f-ada5-c785afe033a5,29,1,16.756227330298092,0.9614538305252477
e5b3df3f-02d5-450f-9ef5-23b6b64d5665,2026,2026-02-07,1b43514e-2b4f-414f-9f54-b04994ba33ac,4b705336-0b7a-4525-a3cc-151a9657a218,25,1,9.785231232540875,0.8770007055375567
e5b8fd08-f450-491e-8700-bb9b0c5d100b,2026,2026-02-07,5a3e7af6-53d5-4398-8c0d-97e0d9ac977e,bd78de3d-6129-4bfa-8203-6ad7e79b5e54,3,1,-2.299394608167003,0.4105889431709781
e6ffe3c4-4362-4594-9fa3-7d5012834a24,2026,2026-02-07,9111a425-068f-425e-9467-f3ac4b2781f0,4aa5d0a9-3420-4d4f-a466-17c82d88c482,-21,0,3.793084489305136,0.6638878867724367
e75611eb-9324-4fb0-b8d5-2c16f1a52b74,2026,2026-02-07,cea24043-374e-4a53-bfc3-4532caf44ea6,fff2e22f-8e66-494d-a434-8838f329f8a0,12,1,3.284641844111112,0.7031964958584762
e75d05f5-4d85-4de9-af0c-4e3687600213,2026,2026-02-07,d297d4f3-0edc-4461-aa7c-7be49fc9aad9,517665d2-60c6-44a7-a80b-78212cfb2db3,-16,0,-0.28320552657593284,0.4549919008086334
e844f93f-35ad-4fbb-9738-fe07db8145b8,2026,2026-02-07,cee4e9fb-16d1-4b9a-bbeb-6f26c9d5c340,3710f3f1-b8c6-4f75-85b7-66deba7d916a,3,1,-2.7571901633099727,0.3600847024530173
eac1994b-8d60-4acf-9ad1-3bae5e1d56d4,2026,2026-02-07,26a9b9da-a6e0-4e12-a95c-e1e51e72fcb0,976a062a-415a-4be9-870e-c2b6aa726c28,17,1,17.48533204125541,0.9591525269974057
ebd2fc31-24f7-48b6-8fc0-b3da851007df,2026,2026-02-07,2f197fca-5329-4606-8c7d-9bf31ea65732,3b0fb0e0-1625-4a53-8ad2-e353ec84cb0f,19,1,1.9748584911871614,0.5451318005633438
ecd7223a-f8c5-444f-8c5c-877577c3e545,2026,2026-02-07,31e4ae86-a8cc-4aee-986f-71aa76fea354,ed251b78-3a68-4e91-b25d-08ef8bc8face,3,1,-4.646338795595239,0.34434390211797483
ecdddced-c2b4-4bf9-9661-a34ff9a8054b,2026,2026-02-07,64d22a8e-0b18-48ea-a6a3-5619cb8be43e,eaa03f66-f667-48c2-9f30-ccce38d89e56,-8,0,-7.6806879858888975,0.24378147841130873
ecf844a3-9dca-4525-8eb5-34134db29301,2026,2026-02-07,7a2ae4f1-b509-40e8-b553-cbea5aabc4be,94a323fa-c3d4-4718-a4bf-f6dd1c93c5c9,-12,0,-11.231257828691055,0.1079059143450986
ee0b2494-2d25-4e80-9edb-2d32c871a70c,2026,2026-02-07,6899ea71-b4b1-45de-a54e-8eaefcc5e6f4,512bdb5c-66bc-40fa-a392-cffe3e058403,-7,0,11.278867655594025,0.8819773501995604
ef8cd654-03ca-4c27-8865-55c67a16573e,2026,2026-02-07,fe6d6aa2-4515-4014-88ef-eb2bd91e54fa,33b3ee1a-8578-4f30-9145-044433be9e46,5,1,12.551315640328808,0.8960856498361764
f03bf3f0-0179-4ea8-ac9e-065e9a3ee136,2026,2026-02-07,8a24da63-2163-47de-aeff-97b77094e860,6f01f32e-67fa-44c7-8440-24a263829a82,14,1,9.326969851404062,0.8220052448197328
f241aa81-2aeb-4c64-b103-d7e1776c7b9b,2026,2026-02-07,a544a5d0-4cd1-4756-b079-30a9a7905cd0,fbbdc24a-ba43-42e2-afcc-a328f0d9938a,4,1,18.985363470378783,0.9789371860563416
f7b18959-a0e9-4041-8c05-10ac5be2f70b,2026,2026-02-07,37789002-2f1a-4a5c-95f5-a4f487f719ac,508005ba-15a8-426a-997c-b0e36e4e6b58,19,1,14.525238594422973,0.9317273180781139
f7b1f59c-560b-4363-80c2-7aea07f99418,2026,2026-02-07,71e0195c-db7a-4df0-b519-17d796d8957c,8b53b385-4f61-4998-bac6-527e69c1fd6d,12,1,-1.6928497511073204,0.4059871308036943
f8845a4e-a0bb-4e02-aff2-d9ab8fd22a81,2026,2026-02-07,0c280802-395e-44d4-8c2a-fb539233410b,07e79f5e-ccc8-487d-ac1c-fbd82b43bb75,13,1,3.6908269063986334,0.633469533480219
faabdbb6-793e-45ad-83fe-c611fb6b525d,2026,2026-02-07,124dd15c-311b-4d83-becb-7150d849218d,caae45ce-7d6f-4f0e-a536-6d05e2ae5086,9,1,9.829378516196801,0.8375285973020965
fb5e5e23-21d2-42a7-bf78-bdbdaa113e0e,2026,2026-02-07,0270a5a5-82db-4c54-901d-c9c8dfe3741a,6231ae3d-0d12-480c-83ed-e282959cb8c8,6,1,13.234473493925163,0.9352097817532643
ff843166-5b9f-447b-806c-aa77c31d01ef,2026,2026-02-07,61080933-9c42-4844-9cd9-7cfbcb9cf94a,a8b565bf-c152-4fc8-86ac-49c71bf2fc1d,7,1,10.923686638779184,0.8913179526294638
ff9a9f73-591c-4914-b5a2-539fe2f42f15,2026,2026-02-07,cc517ba4-b26c-41e0-bc91-66f5ceb16558,ad6d1a77-a3c3-4d10-9a5d-52b851597e67,1,1,2.487449471319852,0.5932528156732897
14ec4269-85da-4cfa-8414-7a5e4fb6268e,2026,2026-02-08,72daa240-1119-4159-899a-d81875c1c916,2ffb1e88-0784-478a-b74b-a0a0832b4e30,-3,0,6.022050015564527,0.7266332519153287
1967ec6e-1c4a-41b8-882c-63b4828e6a0b,2026,2026-02-08,95ff4642-ef5c-46e3-982e-adab9cdca4e5,ab2292aa-bfd3-4e49-a17a-cf970962e75d,23,1,8.285604351890887,0.8091898680952692
1ab3cd46-933c-4104-a322-58e0a9b5612b,2026,2026-02-08,a4e52f2f-5193-40ce-a997-0e0be093d86a,edb2bfd0-017f-4df2-b9c6-d8dcacb7e929,-7,0,-4.517757476264458,0.3129588864905515
293d04b9-bf93-4835-9583-7417a17d9c2d,2026,2026-02-08,567fb73b-73a0-4437-a1ed-314d40d93e6f,dedb794d-6852-4b7b-904a-15cd66966a0a,-5,0,8.15303213242609,0.7955216474466776
32e85c58-9a3c-4552-87a9-61a54f938582,2026,2026-02-08,90df5863-ccc6-4ffe-b441-dee520cc7fed,f31b656e-13ba-4eb7-bd53-66b20405c905,-2,0,-0.7705930324183237,0.582870301074522
4106556e-36b6-4c92-b8d4-a86b95fd434e,2026,2026-02-08,28c5e9b8-df2e-4fea-8442-2a3c31753cef,1902edf0-3770-4094-9f92-722731ac4c93,6,1,7.223081161174626,0.7807648834379755
611ddd4a-8dbf-44d2-a10d-0d8ff80d4807,2026,2026-02-08,6265a954-0017-44e5-bec7-cdb2fcc8f527,d9469ea9-44c5-4803-8d5a-39cf4028ea3a,-21,0,-9.240646957137889,0.19491507711523404
65908bc2-7388-477d-ac21-5c9a0ff12cbf,2026,2026-02-08,f37e86a7-66bd-40dc-b008-7a9017dd8f59,b5111a29-5c09-4364-809c-3686a2b45d1f,6,1,5.199433359266519,0.679624367597835
800d1c88-c9cb-4cbe-bbf1-81861f975be5,2026,2026-02-08,4f107cef-d28a-41e5-b9c9-9f537c5a92e2,8da08445-76e5-4e98-be98-4f101d670980,20,1,10.328815184831633,0.8657919465904488
9e85b5b2-c81f-42ae-9655-3c07c29a60d4,2026,2026-02-08,eb5b8376-53ac-42b0-a932-bfc4994faa1e,4ac9a4d0-e97a-403f-b290-b7bf3c0e8308,-14,0,-8.183016075595392,0.21529305066894136
c704e97f-6575-484b-bbd1-303a28f9d275,2026,2026-02-08,6eed5456-f1b2-4e4b-966f-71949e9d90ed,b678d94f-1147-4cd8-b221-3155893eb1a9,6,1,9.114798463084082,0.8358812302833544
0d3f1010-e2ae-4778-8586-9e93ff6e21a4,2026,2026-02-09,65457ba7-a038-4a4b-bb9c-249804bf4db4,bff1b03d-2382-45fa-a062-45884591e89a,-2,0,6.54323271499164,0.797097907241731
12af7bfa-cf05-49a2-8d44-f7e4c402e392,2026,2026-02-09,f8fb3b2e-223b-4478-a029-9c1209865bdd,d6a99784-3b3d-4ae0-a5c1-6689f04c9255,-29,0,-3.357482815309038,0.3646710452962447
16b53d0f-c71e-4238-a545-07ae5da6841e,2026,2026-02-09,64d8d377-0ced-439d-a3a6-bbf2100037d9,1aa7f46f-1a21-46c8-a8b8-ee19ee4b1e6e,6,1,0.05964749335000377,0.525159080991809
18d89f62-88bd-45a3-b081-ac0481e32cec,2026,2026-02-09,cec32a63-a501-4a6c-b2c3-dba31694d2b2,a01ea865-0b00-4f54-90fd-8674ed23cf26,-5,0,-2.1133284462223028,0.4571512476821771
1fe515bb-c437-49b2-9b2d-9fa5e28f75c8,2026,2026-02-09,26fd3855-d3a6-4b79-a7b0-559b447f5e6c,4cc6318d-53ba-46a4-90a2-0714f3d5dc14,4,1,16.891150546045743,0.9665377611878927
2218f8e4-9a6e-4f09-b425-e23b5f1ad6e8,2026,2026-02-09,3203894c-786c-4e1f-ada5-c785afe033a5,cda5f197-ae6f-4f38-a523-d1e70b218821,-7,0,-11.912418932513184,0.14109911148077842
3226f731-6863-4c64-9ae9-64573a7b599b,2026,2026-02-09,26a9b9da-a6e0-4e12-a95c-e1e51e72fcb0,20bb1fdb-2581-4660-92f8-ad08c3a60acb,4,1,17.591579207129843,0.9693433169397179
341f70a6-b7c5-4016-bb97-82afce7dd5c7,2026,2026-02-09,95adaebe-3c7d-4cf9-9380-e96c95761e6a,976a062a-415a-4be9-870e-c2b6aa726c28,12,1,2.5697357644728855,0.5755919118885656
34c847ab-9a11-4039-a614-bd4f2275c1f2,2026,2026-02-09,d88ac8c9-9fc8-4e76-9426-cf44fe70db47,cdda7902-04cd-4834-972b-072f59dd1474,5,1,16.122431097010832,0.9542003632662146
3cc8b68a-0562-4f26-b860-62d74f90d166,2026,2026-02-09,2ad39bf7-6b52-4185-b83e-15dfc5686cf0,afbd548e-958e-452b-ac58-5b58b416aeb3,8,1,-11.953102913478709,0.10850555251893752
3d6bdeda-5065-4ca3-9c74-bb7b82b6cfe0,2026,2026-02-09,e672d935-837a-44a6-9e69-a25859488a24,163cfcfa-5213-4025-8eb1-dd67b17587f8,9,1,10.083503606933274,0.8273778879815582
3f1c5166-2df3-4bf2-a841-4ce97c39be02,2026,2026-02-09,d297d4f3-0edc-4461-aa7c-7be49fc9aad9,aa6e74ec-70a8-4e02-9b58-0e0e886cace2,-8,0,-4.022839794413821,0.33621030065338703
422c6cbb-c990-422f-9047-cadf9a2ea03e,2026,2026-02-09,c4fed5b1-14eb-4033-8832-59e6c0004cf0,9b933a83-ef6d-49c0-ade8-facfdeda3183,11,1,0.059044203103865295,0.5582459198702031
4a0b0734-8d18-410f-bd99-d53858eb1d87,2026,2026-02-09,1caae9e8-45a5-4b50-88a3-e3d388c52d33,8af24be9-3bcf-49dd-8a7a-9a412402712a,-15,0,-1.7352689717466985,0.3846108198459385
4a0b60fc-a4e5-4b5a-a28c-96c336302524,2026,2026-02-09,0c280802-395e-44d4-8c2a-fb539233410b,8c9b2481-8a04-4d21-baaf-cd9add16d15c,1,1,2.233154462531518,0.628941598226147
58f9657e-5f5e-484c-82fa-75816bbdd985,2026,2026-02-09,466a855f-207e-4dbe-bedb-07f2150174f3,517665d2-60c6-44a7-a80b-78212cfb2db3,21,1,9.966359899656936,0.8658277806558996
5d0cfe3a-8c51-4100-a284-3151dbc3c63a,2026,2026-02-09,5f39cc2c-9779-411f-87e9-7702676c6ea8,9c03bc0e-03a6-4b67-a95d-bb653d5afc1a,4,1,3.589136451539533,0.6700746179650814
7ccae84f-c18c-4239-b316-4e25e85a61e3,2026,2026-02-09,29ca4fda-da79-4d21-b2a3-a87a25d02733,fbbdc24a-ba43-42e2-afcc-a328f0d9938a,18,1,10.233817961584844,0.8993684083165105
998ff8d8-777b-4f6d-b4cf-f4795852c394,2026,2026-02-09,33a13edc-a688-48dc-a4f0-c3624bb05c07,ba959da0-313c-4413-aad3-124a5c216494,-16,0,-10.74280257964979,0.11717894045516544
a199acdb-d0be-48ef-a15a-5131b02d2ea1,2026,2026-02-09,853ab0d1-c982-4e7d-8187-8600084662c2,fb351878-91c8-4144-83c1-92f166d447f9,-20,0,-5.0596507815026275,0.2862620028311732
b61dd586-728c-4401-aa4c-0db6c66e8f65,2026,2026-02-09,ef533bc7-18e1-474d-96db-96668fe59c22,0cd88aa1-5ccf-4454-9b08-d57795a231b7,5,1,9.827790642085843,0.8129080000202924
b786dda7-cfe0-414c-b2d1-4f6ed4079777,2026,2026-02-09,eaa03f66-f667-48c2-9f30-ccce38d89e56,7cc2bc8e-b314-42a5-81cd-bd21acdd42b2,41,1,13.232479193295136,0.8778382910969867
c45e33d4-4006-479a-aec3-77dfa565def9,2026,2026-02-09,69288ce9-31e9-4d18-9e18-89226b85a2cf,54da433c-23a6-4200-94c2-fba0e56376df,10,1,3.763040601061191,0.7081383693878192
cabdf938-c869-42b1-888d-d317ecb0a314,2026,2026-02-09,9f15591e-786d-4c01-a688-1272fa1c111b,179abcd1-98d5-4dc8-8532-3f8ffee320c5,4,1,-9.06584844878228,0.15811369775775488
cdaca5f9-282a-439b-92b2-64a187791f6e,2026,2026-02-09,694c9825-86e3-466b-9eed-01db85397149,07e79f5e-ccc8-487d-ac1c-fbd82b43bb75,-8,0,2.9180503977135896,0.6265626434885738
ce1ecf9f-7cc7-4750-85b4-26330c759694,2026,2026-02-09,60686ba3-d38f-468b-ac14-3d7c8518e868,8fc903e0-95d5-42fe-8972-bae53e4456a2,-12,0,-0.021387368995036918,0.4732906095675269
dd2b465f-b996-4d2f-b932-883def358e0d,2026,2026-02-09,5a925022-39f0-422e-a9c8-efba8cab8218,ea802991-74ac-4210-b3cf-e4a4c4006e76,-6,0,-4.916870721070574,0.29068113412385566
1c986824-8aa3-4099-985a-0c40537555e3,2026,2026-02-10,f497a267-e78e-43dd-9ab3-4299cf11c08e,ec98d839-43bb-427e-83c8-d832063ad70d,-5,0,-0.8582491878775537,0.503050264362529
23423c7e-96fe-469d-9ada-a426c54b0f4a,2026,2026-02-10,94a323fa-c3d4-4718-a4bf-f6dd1c93c5c9,a544a5d0-4cd1-4756-b079-30a9a7905cd0,-3,0,-0.9536136916252366,0.4750202257302192
2e9b7f95-154f-4eed-a04e-71b073327906,2026,2026-02-10,6bc5ca07-a958-41a3-8a95-eb5988cd48d6,8d2fde4f-31a7-4491-9fcc-f04ced66e74f,-4,0,3.765364192056476,0.6610517242972584
400874da-8e75-499f-b323-87f4512fb09e,2026,2026-02-10,9eea7343-e29b-42cd-8ec7-ccda00c95536,0792fde4-bca8-4a47-9b76-8d8191a2ac93,30,1,21.526470570472558,0.9798861112092591
48048f50-d5da-4352-a3c3-67a2bfa64f61,2026,2026-02-10,aa9a338c-8749-42c2-8655-1caa89068a61,076baa43-c839-437c-8a6b-5074277599df,13,1,15.886117175882788,0.9472918345870307
484cbb77-4d93-4261-b577-1177c926cf24,2026,2026-02-10,d1c3793d-80d2-4adb-98a1-ac3c584bb64b,51b50cb5-097f-453e-99eb-4175d27ed1bd,9,1,2.3013907201899944,0.5928357582886198
54c40686-c52a-48d9-849e-74a535733a9e,2026,2026-02-10,c68084a8-36ec-4f0e-963b-561f5ea2c46e,bcadcb9e-4b19-49d8-a836-b1224d88a96c,-8,0,0.875740843107414,0.5497315355780135
5df6ba8e-61ca-47bb-8556-721cb9dc4989,2026,2026-02-10,fc1af6b7-242a-42bf-bbe3-325108828697,b7139fdd-2b24-42b2-80d8-3cc79042b563,9,1,2.7062953799230867,0.588897461093222
5e6ba299-a36d-4c25-bf9e-8cfd463eefef,2026,2026-02-10,813f7a1c-6264-4e11-88e2-21dcd0072c0a,38f31497-065b-465d-ab24-3fa581de1831,7,1,-9.42146413167131,0.20090375708622246
6a19c521-651e-4fb4-9d53-5916a40e458f,2026,2026-02-10,7b637d45-2602-47f9-bf37-40d1043643b7,e3ccd256-a37a-40d8-b059-aca05f884ee1,8,1,12.318877612305045,0.9164675540609668
6b9693fb-06dd-4d00-92d8-d6e8c8b72804,2026,2026-02-10,aa657c8b-9c3a-4727-9d4c-559205be3150,d414d5fc-8653-43b8-ac66-ec8f63c74c82,-16,0,-18.710244109733132,0.04551593903726069
8144f396-047c-4a65-890e-4ebdf0e03a85,2026,2026-02-10,e80d2384-bdc2-4f58-b09a-284a659a4d81,5e1572de-c2e7-4a5b-a605-c095da467409,3,1,4.36655756679502,0.6547512320351705
9dd493ec-b029-4d07-a8ee-14250e8146e6,2026,2026-02-10,2979c251-171b-4f39-b156-d19f2d179eeb,31ca13c7-e30a-4d9d-a3a8-5197d5e4342a,5,1,5.315034040834734,0.6910116698266247
a5f0f2fa-ddeb-4010-b53e-3d62d784f9de,2026,2026-02-10,94d2459f-8edb-4281-8038-8b2dda825fac,977af06b-e276-4d26-9f4d-4b3c41c67885,-29,0,-8.38282859568298,0.2031023228151943
b098ca06-1d41-4a7f-b663-e2d337bfca0a,2026,2026-02-10,bd78de3d-6129-4bfa-8203-6ad7e79b5e54,e6f966c6-5104-484f-a3a8-a7450aa491ae,-2,0,12.76645878158988,0.8957159156910197
c567fc02-cb94-4080-9ed4-2baa183926f5,2026,2026-02-10,c64c255f-43f5-4a08-99f3-222dd9aa0731,1ba8fbd8-4401-4226-b1cc-82e937c56657,-17,0,-18.423419091644647,0.0453686870378237
cfb20f48-93fb-41e8-b8b6-c2b142083c07,2026,2026-02-10,b86cac40-e643-41b0-ba96-76ef03712c8c,d783c621-0bb0-477b-8bad-8785e9451e21,-14,0,-19.51121271193906,0.04015732750115984
d354bfc7-1964-4c83-9e6f-8ebdca2a0439,2026,2026-02-10,af95ca9e-8a2a-4b22-9bb2-584162eb57f0,131339ab-8b21-40bd-af91-c2dd728a68dd,9,1,-8.134713543228724,0.20838434421376234
e148774a-70c7-448f-a63f-8623549ed618,2026,2026-02-10,3f9ea222-2b0c-4f93-a0e2-601346d6030a,032eda63-2e4d-4c72-8c92-51b97442dea9,7,1,11.8513258013385,0.8455505039318859
e20a8806-1a93-4330-b4a0-925fb58d77d3,2026,2026-02-10,f1d6ac08-ce96-4b53-aaea-ae291068cf23,ba89a28b-4588-48cf-be7d-683d7eaf21d0,-4,0,6.534818168607538,0.7834854975665109
f094236c-6eae-441c-834f-a52e5448f44c,2026,2026-02-10,195e638a-72ed-4f19-a47f-232630307034,9293675b-8878-4a32-bee5-496b4818dbde,12,1,-0.12547075449158762,0.4555204810147912
f333c03d-ae0b-4101-84b9-56fcc9c1f219,2026,2026-02-10,19bed18e-691d-4e79-aeaa-771b745bf2a1,f945abf6-7dca-4e3a-b475-bceddc534fb9,-3,0,-2.507346973499458,0.3718859222537007
07e84803-5d2f-416d-bfc1-b44fcdc0398d,2026,2026-02-11,cda5f197-ae6f-4f38-a523-d1e70b218821,62c7a397-21d6-4b22-9b24-ba5a29ee8771,8,1,13.349687044741525,0.9237669423231434
0f6b1798-e2b6-496f-884c-e0a71f0676af,2026,2026-02-11,2c2e9f9c-9d33-474b-860c-f9230f147fcd,1ed24078-84ea-4147-b356-c8543c93aa1d,-16,0,-11.264441445403323,0.0787507838082992
10dfd4d4-45b6-4c4b-a66e-889eff3a8f2b,2026,2026-02-11,4ac9a4d0-e97a-403f-b290-b7bf3c0e8308,f37e86a7-66bd-40dc-b008-7a9017dd8f59,-8,0,-2.1235726766188265,0.3859621591325325
123ec5f8-7c6c-4474-92d7-7fb54b257b5e,2026,2026-02-11,175fb86f-dfa5-4661-89d1-221410e04eec,a8ebd184-6249-4e7c-8e39-0d8d8249fe41,-9,0,-11.846953227280947,0.08895822072979268
1563b54e-cab8-4f52-8da5-099ad9cc697b,2026,2026-02-11,84769f97-e86d-402a-9eb2-d31118f663ca,508005ba-15a8-426a-997c-b0e36e4e6b58,9,1,11.867893320977508,0.9101567144327481
18a9cd87-397d-48c4-a94d-8c218bc6c75b,2026,2026-02-11,d1177041-d515-453f-9b73-e9891b41324d,3710f3f1-b8c6-4f75-85b7-66deba7d916a,-9,0,-11.492149099482521,0.09799096349947609
1c674348-9224-467c-b614-b22631d85a61,2026,2026-02-11,87526af4-8053-4a04-978d-c8209eb24368,124dd15c-311b-4d83-becb-7150d849218d,-17,0,-5.155679550407036,0.29257748723819305
1f4d7443-4926-4911-9b97-9cfa52e82f68,2026,2026-02-11,0dc6096e-6097-4da2-a279-a7e256c526e3,71835168-f6e1-4523-997c-3851fc41f646,-16,0,2.7373707513533314,0.5744619697099161
27e46719-cb1c-41ca-a953-bdf7cc7f90a5,2026,2026-02-11,81d0a946-6d46-4a7d-88bb-29e19e5f5599,0cc86d2a-a1ab-4ebb-a968-3d4011c8d356,13,1,1.3030946049195937,0.5997209091401624
2a713f4f-9e66-4e61-9598-38694f8a2fee,2026,2026-02-11,b9984408-0526-4a1b-9cb3-d6450264dcd5,6899ea71-b4b1-45de-a54e-8eaefcc5e6f4,12,1,11.37287341705466,0.8770825806586184
2f3cbb97-44fa-499c-8aa6-a094bb86745b,2026,2026-02-11,023d3704-bd8d-4c41-a3dc-e747ba7ed642,18b86bee-6b10-4c86-95ef-959dd2d80cd5,-11,0,-5.151296361467413,0.28828988252101007
328e2ddc-02cf-4471-b0d1-33ac623c0ce8,2026,2026-02-11,474c10f3-c223-42d9-b9e9-48c37898ace8,592b259a-709d-44c7-b547-07d6529132b5,-2,0,-3.749713884051945,0.4664550954764001
32a88c92-ea24-4806-8e91-a8acb3f7f82d,2026,2026-02-11,2b7eed3d-9921-482b-a193-759486c9b225,700ebcb7-55a3-4967-b5ef-89731a047790,-10,0,5.0534788206079195,0.6821731597947371
33debb8d-0daf-40fe-be22-79cf2fc2b2c3,2026,2026-02-11,68f6ce17-8443-4257-ae33-1f240c722bfe,79116858-d6a1-42d4-bb91-450b44d1e6b4,8,1,5.898791822840822,0.7569910019887198
3569f415-d944-4815-b382-a34724a67d84,2026,2026-02-11,86dd8d64-758b-4592-8af6-2536cef92fc1,29343f0d-eec4-44e0-923a-b7c6360ad1cf,-2,0,4.530688490846792,0.7081396575694512
386714cc-7086-4c21-885e-de6d4e4ff310,2026,2026-02-11,3d8fedb9-0847-4666-82df-5f520b704ff4,fff30549-83b5-4c44-9f3d-444f65ede45f,-1,0,2.7710155257985187,0.5886076782505636
3d2954b8-cebe-4a37-8b29-b1846c0315f8,2026,2026-02-11,3b63b27c-8c94-4fb9-919f-62cd7944deb1,94d66457-cf10-4bc2-b52f-faf466454856,33,1,16.691943668095927,0.9475802973541797
3f2fae82-7089-465c-8b99-cf1da43fd40a,2026,2026-02-11,93de5342-985b-431e-9c3e-515381b67402,b9e807be-99ad-41c2-94bc-6049272e3254,-19,0,-7.818243039435997,0.22544108529567625
3f6bcaa2-ff6c-4da5-a48d-b4d6229b470d,2026,2026-02-11,d7af5a06-c331-48d5-a768-4a3627420b0d,512bdb5c-66bc-40fa-a392-cffe3e058403,38,1,16.966018705553672,0.935582345688399
401182dc-4bad-456e-9549-ae04d828f604,2026,2026-02-11,b5111a29-5c09-4364-809c-3686a2b45d1f,28c5e9b8-df2e-4fea-8442-2a3c31753cef,-5,0,9.263376834070757,0.7835405147702853
4188cd3f-896b-4717-ba96-fb7c4b8d02f6,2026,2026-02-11,c836e6fa-56f7-4920-86c0-a3d112f21365,90df5863-ccc6-4ffe-b441-dee520cc7fed,-3,0,11.38681959489306,0.8991434339905185
46bd5d2c-7e7d-4676-9adf-fabdcca10206,2026,2026-02-11,2ffb1e88-0784-478a-b74b-a0a0832b4e30,1cff0c34-63d9-4a64-a258-a50e61fee7cf,21,1,13.838872552565654,0.9197202521259756
56260d28-3521-432b-8024-e3c28a609457,2026,2026-02-11,be57d339-192b-4f8a-80f9-e4dafde63035,fff2e22f-8e66-494d-a434-8838f329f8a0,-10,0,-0.4934786177847175,0.504789711055155
5e3f2aab-3e31-408a-8e81-6e340638b655,2026,2026-02-11,2f197fca-5329-4606-8c7d-9bf31ea65732,7da471c0-9955-4f80-b861-d7753ac5a7eb,-5,0,4.765721963689719,0.7132892963480032
65535226-9759-420f-b7bf-494e86363cc9,2026,2026-02-11,9aef881d-7fe2-4fb3-a80d-0b567f388490,cc517ba4-b26c-41e0-bc91-66f5ceb16558,1,1,1.014517352391221,0.4968274414177923
659a8378-6c8a-4800-92f9-56d8e159230e,2026,2026-02-11,15e4f40d-8279-4f7a-8095-613e3a6ded31,03914b2c-1603-4f8d-95ae-9f80025284f2,6,1,3.8341880586067187,0.627268196644246
66bc5597-80aa-45fa-901f-2ce94897d284,2026,2026-02-11,57d94665-96b0-49e9-ab6b-a7cd6a1492d0,4f107cef-d28a-41e5-b9c9-9f537c5a92e2,-29,0,-8.421105188458617,0.22838466301991037
685bbe9a-8a6d-48c1-9047-f8c714b51eef,2026,2026-02-11,6265a954-0017-44e5-bec7-cdb2fcc8f527,f31b656e-13ba-4eb7-bd53-66b20405c905,7,1,13.912675568880946,0.9244750214530124
6cf52c21-abdc-43fa-b990-14b3b0b7d947,2026,2026-02-11,8ccf579a-f19c-4639-b260-5fa8dc2c90f0,72daa240-1119-4159-899a-d81875c1c916,5,1,2.622700255245355,0.6034017234233603
73dfe206-8ca8-439b-9d7d-5fdff3a4350d,2026,2026-02-11,37789002-2f1a-4a5c-95f5-a4f487f719ac,41a1e4ad-a290-41a2-8940-662b1fc85e89,-8,0,0.48697452754071285,0.5475236763222052
77663137-2e55-4396-bdbf-e7e1334e658b,2026,2026-02-11,b678d94f-1147-4cd8-b221-3155893eb1a9,d9469ea9-44c5-4803-8d5a-39cf4028ea3a,-12,0,-16.35686277566577,0.057681311630024164
77c24e4d-cfc3-4d33-b8d8-4d13eca4cef8,2026,2026-02-11,edb2bfd0-017f-4df2-b9c6-d8dcacb7e929,c5d35bbc-89d4-412c-8778-037158252c91,34,1,11.69557732176207,0.919892037465611
7ba1d1c0-e51d-4fd5-aee7-0c28ac4afb82,2026,2026-02-11,53e97ae2-3cae-46c5-8353-41eadbb17d61,6038b249-00da-461c-9074-cfb1ed11d9ab,12,1,-2.987845346556938,0.3479062760309854
8ba2550e-f29c-4356-ac9c-ea9bbcf84726,2026,2026-02-11,fdfebc81-138f-45de-ad5a-cdb4c98c5dc1,e08292aa-f0dc-4c1f-ac0c-138ec5d15372,7,1,1.7335744604340606,0.5883898403557506
95da486f-f2c1-4c28-849c-870dc08e5e10,2026,2026-02-11,3203894c-786c-4e1f-ada5-c785afe033a5,2a5848e9-342f-42cb-84e8-90f6f573bc8a,-9,0,-3.223121100933283,0.36317518464859716
a2db42d1-7524-4cb5-8fd6-109c716ca0bf,2026,2026-02-11,51ad29ad-74f3-4879-a2f7-b09ed6f1c3e4,caae45ce-7d6f-4f0e-a536-6d05e2ae5086,-14,0,2.6629001076688517,0.6293816146781694
a58b35d8-507f-4e31-9f3c-f9cc5b290119,2026,2026-02-11,b58418f4-b3ae-444a-8ada-74ff43e88ea9,33fe6f07-54b9-4b44-a9f3-e273b8b240b8,-6,0,2.717142165731498,0.6234323767329141
a792abb8-a5db-4213-be07-93d42d0204d3,2026,2026-02-11,acbf5eb9-3a63-471d-8199-6067f912deaa,98674fec-442f-4d8e-bff0-fca634b9ceb1,14,1,6.437427887840628,0.8015305010396845
b181ab1d-0878-4f53-996c-37e400948f6f,2026,2026-02-11,dedb794d-6852-4b7b-904a-15cd66966a0a,6eed5456-f1b2-4e4b-966f-71949e9d90ed,7,1,-11.305264898679052,0.0856656697359312
b526dc72-028b-4865-84a6-643c3b20687d,2026,2026-02-11,f8a7f441-6bad-4648-bfac-a202788a07f8,28cde209-3ae8-4939-9d83-2a6d645d427d,-6,0,-5.402180938571905,0.29567158687920914
b92db9e8-2100-4a6c-bc29-950397fb98b2,2026,2026-02-11,96e82d65-67c2-4e96-a2fb-d7ca3dfe1353,e694b3cb-eeef-43f4-bada-32dba89664a3,-1,0,-0.5516345775931739,0.47955633356600613
be6834de-9772-453e-af9c-51bef1f42e9b,2026,2026-02-11,2780a057-59e9-4719-9190-6a16ecffbaba,557c7aed-66c7-4dde-aef2-6dc573ec91e7,16,1,9.606887816865454,0.8340489765076275
c900e253-b617-467b-b3a3-1e45131a808d,2026,2026-02-11,d1841f3d-03f4-419e-bedf-c218d150aa9f,64d22a8e-0b18-48ea-a6a3-5619cb8be43e,-16,0,-5.554694214357289,0.3352779163589531
ccf3c447-9a99-4eec-aa84-930cc6fd9859,2026,2026-02-11,e77246ad-855c-468d-8b07-828f76134191,b28075f3-bd4a-486f-b563-0081500049b0,-4,0,-6.190681701303571,0.26167696398796675
dbd2dd41-909c-4685-a920-c0a06d32ed5e,2026,2026-02-11,3fe51e56-cced-4ebd-bc3f-5269a8690fff,87d79a84-23f3-4e7a-adbf-e627ade400ed,5,1,2.661575714377408,0.63050038316701
dc15a23b-105e-4d4c-9a7a-e6d8fdf09744,2026,2026-02-11,2a453d52-4fcb-44e2-84c8-d2c1f91eccf1,3dfeaa6f-de19-4029-bdaa-0f2bd8ea04c1,-10,0,-8.955147191415382,0.14785021488457473
df225a92-d148-4516-8039-2a59197a2137,2026,2026-02-11,2d467e3e-e5d9-499c-a1ed-225d0c3ae91a,9c37b6c6-f9dc-49e2-a128-2681c0df2bf8,12,1,9.693355647049982,0.893802930509381
eae428f4-6fa0-4dc5-99fd-5c5d42363fea,2026,2026-02-11,ad6d1a77-a3c3-4d10-9a5d-52b851597e67,68f210a8-33bd-4d79-a5b0-222aabe727e7,7,1,3.1918124064163576,0.6499087493678846
ee24115e-5f21-4c82-8a19-e1fe3c18bc1d,2026,2026-02-11,d3445fe1-27cc-4d88-b2df-6ce2afe13156,968fdb79-e800-43ac-b93d-53a22dee3a03,28,1,26.776553946693696,0.9841592503356399
eeba654e-6196-4beb-be09-cfd36ea0b18e,2026,2026-02-11,1902edf0-3770-4094-9f92-722731ac4c93,85b4dcda-76c3-41e3-ba40-71e093a8dcd5,8,1,-2.2432008694812873,0.4141774893937734
f22d422a-41d8-4a21-a49b-0978fce4de7f,2026,2026-02-11,b468e5c1-fd80-4c61-8545-54a03c959ff1,65cd560f-8b8d-4b8f-8a2c-2738484621b8,-20,0,-8.309207271201398,0.21586526421181074
f83e0e81-5ac5-4475-bec5-e13173d208c7,2026,2026-02-11,0cc7096d-eb8d-4e4f-9906-93bf951805c5,d5485362-65cf-40d8-bd4e-d8c6c4613f82,4,1,7.141231499595388,0.7699808010732725
f9e05654-c518-4bb5-bb4a-ad1918c34cd8,2026,2026-02-11,8315c904-1e6e-43c1-a538-e2bbf8bc9ca0,6cbdd7e0-da8a-4b62-98fa-35c1f62f4afd,17,1,12.062697733840233,0.8925739427442075
0b38f5fb-510b-4249-907f-a5156af09b46,2026,2026-02-12,cec32a63-a501-4a6c-b2c3-dba31694d2b2,ed6e30f8-d1f2-451b-9a26-5c7f21af0125,-10,0,-5.487628221310854,0.3025863154436488
0c6cdcdb-f307-4a7b-a19c-4cf69dd8e77e,2026,2026-02-12,ea75002f-0c50-4cca-8d60-8926c2f2c077,083c67a8-1a0e-42e4-b3e0-c3872a10d8c2,19,1,3.366348243283335,0.655062519175877
0ed67315-cf78-4a41-a182-77f48396d268,2026,2026-02-12,6a5388a0-3d9f-4fa4-b592-775b2c31e741,1b43514e-2b4f-414f-9f54-b04994ba33ac,18,1,-0.5597451544704878,0.4848088544595808
1a04af52-d51a-426b-9aa4-849f96cf3648,2026,2026-02-12,5cf39234-dfea-4208-be18-092f71c2f05c,8cc8f38e-384d-42b4-906f-97ff66fee7d7,-8,0,-10.767248464069144,0.17999105615318947
1d937304-98f2-4e49-8136-b94791875ee3,2026,2026-02-12,1caae9e8-45a5-4b50-88a3-e3d388c52d33,f8fb3b2e-223b-4478-a029-9c1209865bdd,-2,0,-0.5848116327912577,0.4415945186566212
275ddea7-fa15-4ee5-b8b2-76db28d94e5f,2026,2026-02-12,0fcf988c-9b3d-4eeb-bc11-4b461290749a,1999688e-7015-4a04-8450-734eddcbcfe4,6,1,-5.018487603163291,0.2782176361276826
2888ac6a-1c59-495f-99e2-c9b91628b670,2026,2026-02-12,beb97225-0e05-4be0-acb0-2fdc74f6dab4,e23a2171-157b-49cb-bf14-34996402c465,-4,0,-0.6265143321692271,0.47572277029453075
2cd1e586-6742-4a7c-a72f-ea2891eeb602,2026,2026-02-12,5556385d-827a-48ff-a603-cddd42d7d7f3,33b3ee1a-8578-4f30-9145-044433be9e46,17,1,8.670813010533893,0.7974344641863742
2dcb0da2-1af9-41b7-b870-414327a228df,2026,2026-02-12,528a1feb-658f-4522-a7ce-decc11b8b925,95ff4642-ef5c-46e3-982e-adab9cdca4e5,7,1,3.639229319197345,0.6234657476882585
2faea427-19ef-4051-9286-a6f2328b1e24,2026,2026-02-12,5e9a1e57-759c-40bb-aac1-6bdb058fafbf,8121c98d-816f-4d3a-bb3c-4e9f3fbf65e3,13,1,8.991894385655476,0.8194000644440752
3e36afb9-41f2-4d8c-bf72-9a8362adac44,2026,2026-02-12,788df145-b514-4ea4-9ff0-bf2399dc7898,9c60e9b3-29b6-431d-92e1-307e1c2f1c15,16,1,10.168276465785333,0.8264170369583165
3fbc14f4-83ff-436d-9f05-9e2bf502e065,2026,2026-02-12,e9570bbf-fc5b-474e-b98e-151eee207d8c,12fb3719-3067-4770-ab8a-b11eeb73faae,17,1,6.412941271960932,0.7779471039912728
42354708-b478-4a50-9aff-92d0b871537e,2026,2026-02-12,9b933a83-ef6d-49c0-ade8-facfdeda3183,d6a99784-3b3d-4ae0-a5c1-6689f04c9255,5,1,2.8290799083851,0.6398916813415526
44cfb829-d246-41fc-8947-0e16aa7d1ecb,2026,2026-02-12,955bd58f-0ae1-4b55-af26-b19062a2c04c,8c2a4a9c-1ede-4db2-aecd-cfe02e686b8e,-5,0,1.9603138420676014,0.6320528340946547
464e1828-0d78-47ab-8c9e-544d32909cd7,2026,2026-02-12,073c7f97-1dbe-4c9d-b1ec-44e92177a53b,be3dc89e-c7d8-42a5-878d-a2f181f0914b,7,1,3.571490062671397,0.6899847730328422
472c8dbb-0fb7-4924-8f6e-7b8fd80e5faf,2026,2026-02-12,113c0c3d-54d6-4c64-b168-7ea3f3c20e76,5c4db420-ac2a-4491-9f2f-f15fdf65d283,9,1,11.809767711611245,0.867538907270304
492f0ee0-031d-44ad-a218-14430bcdfd5f,2026,2026-02-12,6bc5ca07-a958-41a3-8a95-eb5988cd48d6,31ce23c8-e471-4fad-b117-36f72628b875,-3,0,-4.615288109549875,0.3176085852160666
4ce81777-4312-47c5-95c2-b6962a597806,2026,2026-02-12,9a2c2dfd-070d-4aff-bdc8-ea71e1ff510f,ec7aba22-2b7a-41dd-801d-063cca9a4c1f,-11,0,6.64783342443371,0.7633232597351431
583c23ec-d487-4cb7-98e9-31b1a8240998,2026,2026-02-12,3ce97af9-70d7-4dc9-b13b-4f4221b9e09a,e41ccbd3-d51f-43e5-b037-4cb81b41b713,-27,0,2.8851506444166968,0.6020427814348951
5d75c4ff-85f0-44ed-a2e6-cdc17707b403,2026,2026-02-12,ed01ba53-c6ff-488f-903e-9b348a195c03,5c7b85b4-380b-4ce3-bbc7-e0b1ac767c3d,-2,0,10.98831752013611,0.8362115018790099
66da5131-2758-40f6-a0f2-1c2691c27196,2026,2026-02-12,8af24be9-3bcf-49dd-8a7a-9a412402712a,2ad39bf7-6b52-4185-b83e-15dfc5686cf0,26,1,14.57578700988717,0.9395051609327381
71fe3acf-bb8b-43c2-af97-38ef05e8fd72,2026,2026-02-12,fe6d6aa2-4515-4014-88ef-eb2bd91e54fa,4d6c2d4d-b59a-44c3-826e-03e969153794,-3,0,6.501108178118584,0.7311798320739228
75f6d040-6773-42d5-84e7-894c91300c34,2026,2026-02-12,0b81f60f-d170-4ec1-9003-5fc16e4afa3d,cb1b95af-f118-4a94-a324-d05b88869a43,4,1,-4.877221052598725,0.3365971654522268
79d93a9b-803a-4385-90ca-c2453fa48d41,2026,2026-02-12,ef533bc7-18e1-474d-96db-96668fe59c22,a8b565bf-c152-4fc8-86ac-49c71bf2fc1d,13,1,0.7873178471879916,0.5228763897255668
7c7d1fa1-7426-4e84-b47b-a64b984ea1a2,2026,2026-02-12,e088b1fe-16ee-4cf1-baaf-6ce4139f13df,30dcebf9-dcff-4743-a05a-d994a902866a,18,1,0.36597024654443844,0.5257233700737173
7d9b997e-2da2-4e90-ac2b-7445211157de,2026,2026-02-12,aaa0be6c-4ab2-4cc9-be12-f8658ecddc9f,e2d3ca81-2525-473b-8700-136b6939d5b4,-16,0,-9.084327325920738,0.13385736687736308
80bad789-ef97-4188-8262-0831ea8feb4c,2026,2026-02-12,43edca99-9154-45c5-908b-5e79c98e3147,b655e208-570d-40cb-a275-91f219da9058,-17,0,-9.08135424613383,0.14815848731084677
81b4e38a-6577-4f22-ab26-7e3c6f34e610,2026,2026-02-12,39c61fcf-89b3-4523-aa61-7e031fae7e9c,0b613bb0-e3c8-412a-8845-b9807552ba60,4,1,-5.652621340344257,0.29312849567299454
826bc20b-c318-49e5-a235-3307a92f4fae,2026,2026-02-12,2a864769-3bff-4022-a96e-3092caef4c93,8921f536-d6f1-4d5a-b369-5dfb136e1717,-25,0,-12.782786520668827,0.08258652320590032
8b293a8f-f326-4feb-a2bf-99e42aeaa502,2026,2026-02-12,60686ba3-d38f-468b-ac14-3d7c8518e868,aa07fd1e-a03e-4554-9286-31e09a343db0,-4,0,-1.3721596161746046,0.38669065364363003
95ff148a-65db-42cd-ad02-76a71a4cfc64,2026,2026-02-12,3b0fb0e0-1625-4a53-8ad2-e353ec84cb0f,82ae3098-41a3-4c5a-92a0-aa7a592b5f7b,-3,0,2.7849522947110406,0.6134949398760469
9ee1905c-343b-4898-b8cd-9b7a85b43db6,2026,2026-02-12,67bb6cc2-0917-4bf3-ba89-bc624925b956,a9a08ada-6bbe-466a-b4ef-e2fe68dce231,2,1,12.505837876453766,0.8905604855301662
a4e738d3-c47c-4835-971b-c99a8e5eec13,2026,2026-02-12,3ce22877-c834-4b53-aae8-5129d36175b1,cea24043-374e-4a53-bfc3-4532caf44ea6,-6,0,6.131266342478625,0.7339952147324744
a53bddba-60d1-4609-80e8-a664da5d7a13,2026,2026-02-12,d5861555-455e-464c-919c-9e6b99ce4495,2232e72f-0d57-499b-a956-680031e1de18,25,1,5.388090907065807,0.7642923932554663
a60e38b1-2bc6-481b-bf89-988f2b1175ec,2026,2026-02-12,bf002b1c-e14e-48a8-9c75-d70de0b2a31d,6b34a383-3696-47ff-99bf-1b690f616a28,-1,0,0.4575648841436173,0.5237440171794312
a6fdf6d9-d0c0-4327-b60d-9e055f93b5c1,2026,2026-02-12,6d9c7f06-e309-4b30-a7a3-37783b2b3f26,2c2ff68e-eb76-44f0-b27d-9426785932d8,-4,0,0.7962283864916765,0.5363023910604712
a844149d-3d32-4a68-ad0f-997d21a16749,2026,2026-02-12,6f01f32e-67fa-44c7-8440-24a263829a82,ed251b78-3a68-4e91-b25d-08ef8bc8face,-27,0,-6.5354864735902956,0.25126557404504
abd8ef60-a8e4-4930-8aee-e49dbc738bec,2026,2026-02-12,69c2db2b-a8d1-48d3-89d0-ef9669af0b7d,bb509184-c255-4aa4-9cdb-057dd36f7a04,1,1,-0.9789614900919182,0.46941673343796636
abdced3c-a987-4128-8706-6a6792831f16,2026,2026-02-12,b7591c8b-00fa-47a2-8280-adf031b24a4f,47c889b3-c1a2-4035-ab56-edaeee3a3c86,-6,0,-1.4136350284616683,0.4008638112719771
ae2bddf6-4ccb-45c5-b6d7-c6a9f9089ada,2026,2026-02-12,5a788fca-07ce-452c-901e-2d9250aa8f8f,61080933-9c42-4844-9cd9-7cfbcb9cf94a,-10,0,-2.1522277404799306,0.46503184355438365
b0b0409e-ba1c-4ba1-93ef-31288d1bb518,2026,2026-02-12,63c7d34f-6b58-4a80-ae86-320a182ddcc5,0270a5a5-82db-4c54-901d-c9c8dfe3741a,17,1,1.2330056821086268,0.5810572140906205
b0ceb917-1ed1-411f-8aa7-0292581e0ffd,2026,2026-02-12,a40a35e7-bb78-4848-a0a4-11059f3caa39,72aa3e8c-3c62-454a-8f40-09b46ae0cae6,-20,0,3.6279159182911402,0.6853121886679121
b187f6db-6e2f-42ee-9459-b53f5a9c79dc,2026,2026-02-12,96649453-7ab9-4024-b242-590c57b62ab6,897f9506-86e7-4d3e-8eea-2b85ea85fa8e,-9,0,-8.06241645854638,0.1310636348966939
bd46fda4-9cb3-45c9-8a12-a5458c6c0b87,2026,2026-02-12,af95ca9e-8a2a-4b22-9bb2-584162eb57f0,fb1c029c-934e-4345-bb7e-0d199b1172bb,-19,0,-6.775325622045102,0.26310967661872103
befeca1c-c2cd-43b8-8acc-d4f300fa9eba,2026,2026-02-12,4b705336-0b7a-4525-a3cc-151a9657a218,a712dee9-a06a-4809-9e11-8e4b4233face,-2,0,-8.585012455795729,0.2544104819591064
c9fdcd7a-aeb7-4dbf-80da-2d4257eb1d62,2026,2026-02-12,6231ae3d-0d12-480c-83ed-e282959cb8c8,7dc3e262-ccd4-4c87-8617-0ca6e819757f,-18,0,-19.12278787118807,0.04549518298548337
d2e3eaaf-b62a-4709-86d8-f4b493194025,2026,2026-02-12,69307d4c-6e7f-4329-b6c2-1f3902362083,0ec33aa5-020d-49e7-ac6a-2ee825d15102,4,1,0.04915137459565706,0.5108213217604675
e1f14f73-9180-4c82-9495-5e1c83589be1,2026,2026-02-12,34176634-892e-43b1-917d-cc003f8b9c03,a76e8585-9bd8-4efd-ad05-93baa5c91a75,-4,0,0.48399515433289314,0.5398786867942399
e4f1c647-b557-4527-9ca4-da94417b2740,2026,2026-02-12,8423734f-7076-4655-b3ef-3528aa9176ff,0cd88aa1-5ccf-4454-9b08-d57795a231b7,7,1,9.201819099002284,0.8016509856102574
e99ea91e-6298-471f-a950-4621a2b6d809,2026,2026-02-12,e30dcda9-70a8-4f5e-a91a-5eb2cf1e2c36,8a24da63-2163-47de-aeff-97b77094e860,12,1,7.126420930840537,0.7818213828270819
ec9d1c8e-86bd-4998-9fd7-daa58b106c56,2026,2026-02-12,afbd548e-958e-452b-ac58-5b58b416aeb3,a01ea865-0b00-4f54-90fd-8674ed23cf26,22,1,8.776203570089246,0.7946975596925402
f7eb355f-d066-47c8-8942-cac106443bf8,2026,2026-02-12,8fc903e0-95d5-42fe-8972-bae53e4456a2,b9d6eada-8645-4be8-9331-81fb5ab905f8,11,1,11.904378017911995,0.9049025032021936
f8c32769-2be4-4bad-a002-e6dd48dbc399,2026,2026-02-12,6c5e0081-14ff-4e1b-829d-a107919bc58e,b2c3c0ff-6592-4132-b527-e3784532b0a7,-17,0,-6.784662005237848,0.19746418135414417
fda55e07-e7e7-4d49-b103-f1a70fc321ed,2026,2026-02-12,428ae1bc-1e48-41c7-b7f1-da980b8a18b8,a296aea1-d070-4a8b-8dc4-62323ca3f942,-8,0,-3.990911236351119,0.34934063705012025
1193496d-8966-4925-9ed4-4c78e0d2bde6,2026,2026-02-13,8b53b385-4f61-4998-bac6-527e69c1fd6d,c369d8ef-4098-4425-a977-6cf0605ab931,7,1,4.738733690111332,0.5915276676598878
1689bea8-95ae-41af-a540-84f48ff38641,2026,2026-02-13,0fbb2a6f-3944-46a9-9fa8-51376e18b3d9,62093611-a202-4f7e-8d13-ed4c5498a9c1,7,1,11.161481265194041,0.8829873272108204
2c8fd299-14b7-4e04-8e04-99555e0603c7,2026,2026-02-13,711ff92d-65bd-49a4-abc4-7aacd8c11f9e,082024ec-29ae-4a22-8851-c5373988f9bd,16,1,10.74514728276263,0.89237371863597
2de746d0-9789-4891-9195-7c16c4e349e7,2026,2026-02-13,13fa8aab-518b-46ed-be28-b5c24acfa430,7a5b9a33-aeac-4742-af69-49a1be24d3cb,3,1,12.182130647003998,0.9186790296873313
3e6eb4e5-fd1b-499a-b395-b81996b5ed7c,2026,2026-02-13,1ac6eb65-663f-4f4e-b7cd-bcc9ec53efe0,9111a425-068f-425e-9467-f3ac4b2781f0,9,1,7.298471216065363,0.7684863730286302
3ffc2d76-35ac-4ed7-9c95-dc172cc1008a,2026,2026-02-13,1c701a00-1852-4c4a-8179-2273b474748c,71e0195c-db7a-4df0-b519-17d796d8957c,-7,0,1.9213300786411063,0.5579450296990236
4b40e3a5-38c6-46da-b902-543175eb699f,2026,2026-02-13,8a720b96-af6b-4ada-bf15-b7b80a091274,b7431929-7ebc-42a6-bef8-d0c5715e2c86,-27,0,-20.05631116370274,0.04610293065133435
5f97ee6f-0f4a-401a-8c0a-2183044ad1a6,2026,2026-02-13,523dd055-c2af-425b-b849-f05ced2ae52b,ea802991-74ac-4210-b3cf-e4a4c4006e76,-13,0,-10.436779514354354,0.11918834318496618
61424606-74c4-4cd5-88d7-8e9e64998d8a,2026,2026-02-13,47407d60-8e46-4d83-bf47-4b7ef8576ebc,cb2346de-1887-4050-8b6f-5480779486c2,-12,0,5.700017569755091,0.7597870579289135
73e3fe60-7e0a-4fe2-8c8f-d6895f927044,2026,2026-02-13,89146125-2618-4b85-9bb2-a7d785fc8c0c,3f9ea222-2b0c-4f93-a0e2-601346d6030a,-3,0,7.062033024773585,0.7830950523262936
75a6d089-72d7-4587-8aff-b79bdb95dde3,2026,2026-02-13,e6f966c6-5104-484f-a3a8-a7450aa491ae,5a3e7af6-53d5-4398-8c0d-97e0d9ac977e,21,1,-0.20399399997268183,0.5317917160267708
8c21df58-69ec-460b-b3c7-3846d2176eb4,2026,2026-02-13,de4b950e-313f-4eed-9fbe-0a05201376d1,31e4ae86-a8cc-4aee-986f-71aa76fea354,1,1,-1.662924104102466,0.3786838733040449
af782943-ae29-4751-a8b8-7701644ba3b8,2026,2026-02-13,2979c251-171b-4f39-b156-d19f2d179eeb,9293675b-8878-4a32-bee5-496b4818dbde,19,1,3.101744564157061,0.6341181911968191
c1d624fb-b2df-46bf-8493-d9e717ea7bf9,2026,2026-02-13,f77c8c1a-5fb3-48ef-8210-484010dd5e32,4aa5d0a9-3420-4d4f-a466-17c82d88c482,-24,0,-0.060778574884228956,0.4835686460247653
c3dbd0c3-a604-4979-8d34-41adb0a90b46,2026,2026-02-13,c155c6af-1897-464f-ad91-10b605e5eb7c,81e6f1a5-d8cd-43bb-ac87-6c20719f72f3,-6,0,-5.961644226790606,0.27294576385749925
c727c4ae-285a-4198-b709-cedf623ae05d,2026,2026-02-13,023093fa-50bc-4974-a6da-14f0e4b070fe,66d6cb28-25f0-41bc-9fb1-d15a6dfca6ac,-10,0,-9.803181190688585,0.15483071618458005
01fc381f-0b11-47d9-9103-31186f054921,2026,2026-02-14,512bdb5c-66bc-40fa-a392-cffe3e058403,8ccf579a-f19c-4639-b260-5fa8dc2c90f0,-16,0,-8.940197159303477,0.13379963204441506
04484aa7-93f3-4406-8325-687242c5cb52,2026,2026-02-14,534c782f-f9f8-4d61-845a-76e90b321da3,61080933-9c42-4844-9cd9-7cfbcb9cf94a,3,1,-4.265341516099724,0.33873694454567316
065dfac8-383f-4f59-81fe-12b841f7412f,2026,2026-02-14,977af06b-e276-4d26-9f4d-4b3c41c67885,c68084a8-36ec-4f0e-963b-561f5ea2c46e,13,1,7.388397001266993,0.8129007997860621
067c6e37-fdba-4a23-9f2d-3db4624a7d5f,2026,2026-02-14,7cc2bc8e-b314-42a5-81cd-bd21acdd42b2,d1c3793d-80d2-4adb-98a1-ac3c584bb64b,-1,0,-1.1643198236144578,0.4604292425208015
0bb52328-62eb-4e99-9d74-8d364d9cec5d,2026,2026-02-14,3ce22877-c834-4b53-aae8-5129d36175b1,6038b249-00da-461c-9074-cfb1ed11d9ab,4,1,2.2604208583209164,0.6052907444644284
0bbd1ac3-14d4-4721-9c32-a336282ec9b7,2026,2026-02-14,179abcd1-98d5-4dc8-8532-3f8ffee320c5,edb2bfd0-017f-4df2-b9c6-d8dcacb7e929,-3,0,10.788607434344144,0.8781623131328267
0cd88e03-9f3c-4e81-a180-f945491328e3,2026,2026-02-14,cc517ba4-b26c-41e0-bc91-66f5ceb16558,e80d2384-bdc2-4f58-b09a-284a659a4d81,-11,0,-0.3104169301535719,0.4681253512448963
0efc7031-285c-4b65-8162-5845e7fccbbf,2026,2026-02-14,9a2c2dfd-070d-4aff-bdc8-ea71e1ff510f,8121c98d-816f-4d3a-bb3c-4e9f3fbf65e3,30,1,9.66792562526229,0.8364329222565442
0f1e3696-b3df-45de-b76d-81b23a200e88,2026,2026-02-14,1b50e98c-801a-4835-9b4e-b0d563152b2b,2c2e9f9c-9d33-474b-860c-f9230f147fcd,42,1,8.987158879939077,0.7920223153445847
0f8e962d-afab-43bd-bbf0-f428defdb068,2026,2026-02-14,517665d2-60c6-44a7-a80b-78212cfb2db3,5f39cc2c-9779-411f-87e9-7702676c6ea8,20,1,-1.9817274950590908,0.44453237045182536
10722b94-739d-4cf0-b2d1-b5c41b7c7af9,2026,2026-02-14,ed251b78-3a68-4e91-b25d-08ef8bc8face,b9d6eada-8645-4be8-9331-81fb5ab905f8,-3,0,9.0737930442902,0.8395961370173931
182570e5-9e89-43c9-ba02-3bc60b8ad70e,2026,2026-02-14,be625a9e-aede-4fb2-98ad-3c0baa02528c,0423c35a-c25a-42a0-a0da-e1918c78cd5f,14,1,7.556896995868204,0.7683944966077091
19cbae4b-513e-48fe-88a3-ec3a9861416f,2026,2026-02-14,fbbdc24a-ba43-42e2-afcc-a328f0d9938a,90df5863-ccc6-4ffe-b441-dee520cc7fed,11,1,8.601044488305147,0.8073876259663831
1a28f1cc-13a3-4c97-a83d-b83e5a1fe60e,2026,2026-02-14,fb351878-91c8-4144-83c1-92f166d447f9,26fd3855-d3a6-4b79-a7b0-559b447f5e6c,-9,0,-1.8431252981052928,0.4535277067646569
1bbe1da5-c238-42c0-ab7f-479927523b21,2026,2026-02-14,f77c8c1a-5fb3-48ef-8210-484010dd5e32,9111a425-068f-425e-9467-f3ac4b2781f0,-10,0,-1.2866493984580196,0.4472129701749097
1cb0f594-2cd4-4a9f-afe5-c611bc36b855,2026,2026-02-14,195e638a-72ed-4f19-a47f-232630307034,a8ebd184-6249-4e7c-8e39-0d8d8249fe41,-11,0,-8.800204264123389,0.20937164547452286
2097877f-2b69-4743-bbe1-baa0466f6d7e,2026,2026-02-14,8da08445-76e5-4e98-be98-4f101d670980,a4e52f2f-5193-40ce-a997-0e0be093d86a,-7,0,3.2278252730298584,0.6841387256060707
21424125-3012-47ac-8405-c62c0aa02ba3,2026,2026-02-14,31ca13c7-e30a-4d9d-a3a8-5197d5e4342a,ba89a28b-4588-48cf-be7d-683d7eaf21d0,-4,0,4.575050842506786,0.729405092371449
21591d37-8a1a-4717-97f5-62f6dcdc687b,2026,2026-02-14,b9e807be-99ad-41c2-94bc-6049272e3254,8edd905e-18d4-4618-ba73-09af639ca94e,14,1,17.318774811744664,0.9692470161567394
231cacf4-9f09-47ea-abd9-bbd682cbdb86,2026,2026-02-14,5cf39234-dfea-4208-be18-092f71c2f05c,a2fd0527-f20a-4add-9101-ff8babf6ceaf,-3,0,-2.785432997848689,0.3927585389488422
26f6962a-e773-4d33-bb0e-60a573e15d79,2026,2026-02-14,5c4db420-ac2a-4491-9f2f-f15fdf65d283,0b613bb0-e3c8-412a-8845-b9807552ba60,-40,0,-11.751993429572398,0.08408068216522555
2917c8da-c8d5-4da9-a7f3-f2592fc924e1,2026,2026-02-14,aaa0be6c-4ab2-4cc9-be12-f8658ecddc9f,47c889b3-c1a2-4035-ab56-edaeee3a3c86,-9,0,-0.028336305644689294,0.4920119632877805
2a6f45eb-eb9f-40d0-8f5a-e641ab7c49c5,2026,2026-02-14,b7139fdd-2b24-42b2-80d8-3cc79042b563,813f7a1c-6264-4e11-88e2-21dcd0072c0a,-3,0,-0.2487382911885285,0.4675279001248112
2bf14fcd-69fe-4aa3-bdb3-7fe5f64f5aa6,2026,2026-02-14,cda5f197-ae6f-4f38-a523-d1e70b218821,2a5848e9-342f-42cb-84e8-90f6f573bc8a,17,1,10.415204536748904,0.8847081706772666
2f74d062-3779-49ad-ab94-f104eec7b9da,2026,2026-02-14,cfae9c2f-9713-46de-9159-5064cc63dd64,63c7d34f-6b58-4a80-ae86-320a182ddcc5,10,1,4.603061094772569,0.6962344912454886
357cde9d-3d8e-4c57-a3a9-8e0f0a7e5d59,2026,2026-02-14,1ba8fbd8-4401-4226-b1cc-82e937c56657,f598c6c5-97cc-41a4-83b2-84f08d3397f9,11,1,5.096683263203774,0.6871039289487555
362b61a2-1fd1-4175-9b37-2a7674a957ab,2026,2026-02-14,1ac6eb65-663f-4f4e-b7cd-bcc9ec53efe0,4aa5d0a9-3420-4d4f-a466-17c82d88c482,6,1,7.623534166622296,0.7972588845636637
38d49e1a-f065-42cc-9f08-dada56bfc5cf,2026,2026-02-14,6231ae3d-0d12-480c-83ed-e282959cb8c8,8921f536-d6f1-4d5a-b369-5dfb136e1717,-25,0,-21.90370324206202,0.04897233162927565
3a7f267c-8b2f-40b3-806e-38bc6b415683,2026,2026-02-14,ed01ba53-c6ff-488f-903e-9b348a195c03,6b34a383-3696-47ff-99bf-1b690f616a28,13,1,1.3561165911642092,0.5799370574427573
3ceaaec5-624c-421a-96e9-149a0449cab6,2026,2026-02-14,64d22a8e-0b18-48ea-a6a3-5619cb8be43e,28cde209-3ae8-4939-9d83-2a6d645d427d,5,1,0.751073649673647,0.5301492658863453
3e582baa-6c73-480c-b2e4-68baca98f887,2026,2026-02-14,1902edf0-3770-4094-9f92-722731ac4c93,2780a057-59e9-4719-9190-6a16ecffbaba,-10,0,3.6256203713455375,0.6631562858923236
41de5d6c-9426-430c-9e6d-9478b821ecbe,2026,2026-02-14,124dd15c-311b-4d83-becb-7150d849218d,33a13edc-a688-48dc-a4f0-c3624bb05c07,13,1,10.359999639286587,0.8955612785747168
426ee9ef-d085-4c5c-bfdd-e2796b4e9dc0,2026,2026-02-14,968fdb79-e800-43ac-b93d-53a22dee3a03,03914b2c-1603-4f8d-95ae-9f80025284f2,1,1,-3.129199094606101,0.3752164981475564
43ec11a3-9977-4a83-8e4d-be53f460c555,2026,2026-02-14,1cff0c34-63d9-4a64-a258-a50e61fee7cf,72daa240-1119-4159-899a-d81875c1c916,-18,0,-12.194856655215819,0.13675548240756827
467e3096-ad2d-469a-9384-2727640c8202,2026,2026-02-14,9c03bc0e-03a6-4b67-a95d-bb653d5afc1a,0c280802-395e-44d4-8c2a-fb539233410b,-5,0,-2.7094719469617705,0.4098114191042535
48cb4f7a-bf80-4b39-ad68-00e7c19fe6c4,2026,2026-02-14,1aa7f46f-1a21-46c8-a8b8-ee19ee4b1e6e,65457ba7-a038-4a4b-bb9c-249804bf4db4,13,1,3.3431934429408177,0.6031677551266388
495d6126-cbab-421a-9f77-8f3e3113ebf7,2026,2026-02-14,6a5388a0-3d9f-4fa4-b592-775b2c31e741,bb509184-c255-4aa4-9cdb-057dd36f7a04,-5,0,-1.2538988571153753,0.4447091728568126
4963e035-e365-480e-8e69-4165016f2a7c,2026,2026-02-14,15e4f40d-8279-4f7a-8095-613e3a6ded31,d3445fe1-27cc-4d88-b2df-6ce2afe13156,-11,0,-11.713676217590695,0.1268384441237452
499bc8b9-9e97-48bb-8f79-2045d32a54fe,2026,2026-02-14,f8a7f441-6bad-4648-bfac-a202788a07f8,e08292aa-f0dc-4c1f-ac0c-138ec5d15372,-11,0,-1.2834096779954294,0.4565669364625377
50c879dd-62a9-4f9a-a100-c7b0aa6ffcf5,2026,2026-02-14,3710f3f1-b8c6-4f75-85b7-66deba7d916a,94d2459f-8edb-4281-8038-8b2dda825fac,10,1,12.85462803333167,0.9152162208623565
52903337-9be5-4e00-ae17-1676d1b82fcf,2026,2026-02-14,1ed24078-84ea-4147-b356-c8543c93aa1d,18b86bee-6b10-4c86-95ef-959dd2d80cd5,10,1,3.7411240897693316,0.6469524420447567
542161d3-0713-47b3-a73d-5814ee9e4136,2026,2026-02-14,37789002-2f1a-4a5c-95f5-a4f487f719ac,acbf5eb9-3a63-471d-8199-6067f912deaa,6,1,5.435422427761856,0.7335486522860875
55ea977a-1e0b-4963-bbd6-a8c3a592ed0f,2026,2026-02-14,2772ac36-c719-4bcf-8a21-30eba79d1c61,163cfcfa-5213-4025-8eb1-dd67b17587f8,17,1,11.472629209712906,0.8424386891968876
58827d2c-bca8-4999-bf64-2ffc91f469e1,2026,2026-02-14,032eda63-2e4d-4c72-8c92-51b97442dea9,b58418f4-b3ae-444a-8ada-74ff43e88ea9,-15,0,-11.146676691413711,0.17980372053567106
5a0673c0-72eb-450a-9c84-01e1a67d792f,2026,2026-02-14,e9570bbf-fc5b-474e-b98e-151eee207d8c,428ae1bc-1e48-41c7-b7f1-da980b8a18b8,6,1,10.227839030254565,0.8684553635318382
5d29640a-02aa-4433-ad7a-7f25aa14465a,2026,2026-02-14,86dd8d64-758b-4592-8af6-2536cef92fc1,a9a08ada-6bbe-466a-b4ef-e2fe68dce231,23,1,8.597616807035285,0.8082998936310316
5dcccdb5-6678-4daf-9314-148a9c23d6dc,2026,2026-02-14,51b50cb5-097f-453e-99eb-4175d27ed1bd,aa657c8b-9c3a-4727-9d4c-559205be3150,14,1,2.9523682959566657,0.6577206603159654
5e98af97-59ad-4c89-b444-6ee1884aefd4,2026,2026-02-14,3b0fb0e0-1625-4a53-8ad2-e353ec84cb0f,fc19569f-90e8-4af1-8b2c-981d4b9b0e7d,-4,0,-3.9720624470195776,0.3590999798427744
5f658c90-38cb-432d-a78a-e87c22e85be8,2026,2026-02-14,93de5342-985b-431e-9c3e-515381b67402,d1177041-d515-453f-9b73-e9891b41324d,-12,0,6.663949946005718,0.7468614707028848
6120419b-c2e5-49cf-96f0-2eb25941cfca,2026,2026-02-14,69c2db2b-a8d1-48d3-89d0-ef9669af0b7d,1b43514e-2b4f-414f-9f54-b04994ba33ac,-12,0,-1.9323205414384892,0.43554053336151183
64aa7009-28cf-4b37-8dc6-c14fe892315e,2026,2026-02-14,0b81f60f-d170-4ec1-9003-5fc16e4afa3d,b2c3c0ff-6592-4132-b527-e3784532b0a7,5,1,-3.808902373212609,0.34445824093632715
656c8603-b476-47f4-96a3-bb5399b79860,2026,2026-02-14,7da471c0-9955-4f80-b861-d7753ac5a7eb,592b259a-709d-44c7-b547-07d6529132b5,-9,0,-7.606458105797388,0.29945793232165696
65d66ce7-f3cf-4306-b2ad-ef0836a3d93b,2026,2026-02-14,3b63b27c-8c94-4fb9-919f-62cd7944deb1,cea24043-374e-4a53-bfc3-4532caf44ea6,-4,0,5.942234871539535,0.7630793233988281
67f65208-bd83-4a2f-9104-92fefebde60d,2026,2026-02-14,0fcf988c-9b3d-4eeb-bc11-4b461290749a,a296aea1-d070-4a8b-8dc4-62323ca3f942,10,1,-1.1036229910173259,0.41438107703409427
693823b9-ecfd-4549-9123-a07f212479de,2026,2026-02-14,0ec33aa5-020d-49e7-ac6a-2ee825d15102,6c5e0081-14ff-4e1b-829d-a107919bc58e,-5,0,7.5260088368021725,0.767134879436509
6ad141dc-7268-4da9-8eb9-4cbcc84c6905,2026,2026-02-14,6265a954-0017-44e5-bec7-cdb2fcc8f527,f945abf6-7dca-4e3a-b475-bceddc534fb9,-4,0,1.9039642201779685,0.649328504758913
6b9c2d9e-2611-4cde-b82b-a20d7b02b534,2026,2026-02-14,d783c621-0bb0-477b-8bad-8785e9451e21,57d94665-96b0-49e9-ab6b-a7cd6a1492d0,14,1,21.548969679400773,0.9814002297593066
712fd145-d784-426a-8dde-2308918d42bb,2026,2026-02-14,bff1b03d-2382-45fa-a062-45884591e89a,95adaebe-3c7d-4cf9-9380-e96c95761e6a,3,1,2.01720614833317,0.5944441924489143
71991359-ca1e-4990-a40d-b5dc7f31f293,2026,2026-02-14,113c0c3d-54d6-4c64-b168-7ea3f3c20e76,30dcebf9-dcff-4743-a05a-d994a902866a,-18,0,0.9097353225481822,0.5759082860858502
728868a4-990e-425e-a2d1-36fa45158d94,2026,2026-02-14,aa6e74ec-70a8-4e02-9b58-0e0e886cace2,69288ce9-31e9-4d18-9e18-89226b85a2cf,2,1,-3.2930499003167855,0.3658271134540889
7313b5c9-0e11-407e-b293-902fd401e330,2026,2026-02-14,3b612ea1-b264-4279-9f72-b45216bfea4b,82ae3098-41a3-4c5a-92a0-aa7a592b5f7b,2,1,5.0634102146705615,0.7052751853994307
733761c5-40ad-4001-9967-35d8a23b318c,2026,2026-02-14,20bb1fdb-2581-4660-92f8-ad08c3a60acb,64d8d377-0ced-439d-a3a6-bbf2100037d9,1,1,-1.2720057774346463,0.4650269921770245
75798a2d-f9c8-4f4e-8ce9-17462d37c4f7,2026,2026-02-14,d9469ea9-44c5-4803-8d5a-39cf4028ea3a,364c8255-118d-4dcd-aa72-a62621e3aeb6,30,1,15.615935405059695,0.9433704170298184
75949b07-e105-448e-9787-4d2020397991,2026,2026-02-14,b7591c8b-00fa-47a2-8280-adf031b24a4f,e2d3ca81-2525-473b-8700-136b6939d5b4,-22,0,-9.863370991806722,0.13455617998464736
76fa0a18-0475-4df7-aba1-e89c8ccecdf6,2026,2026-02-14,07e79f5e-ccc8-487d-ac1c-fbd82b43bb75,d297d4f3-0edc-4461-aa7c-7be49fc9aad9,7,1,17.50181023206013,0.9655386470267477
783ea002-9695-4574-8310-ecf0e22ee9c8,2026,2026-02-14,79116858-d6a1-42d4-bb91-450b44d1e6b4,87526af4-8053-4a04-978d-c8209eb24368,12,1,9.387776181038227,0.8390229975927428
7dc2260c-c351-4ac6-aaa9-24bfe6908edf,2026,2026-02-14,e3ccd256-a37a-40d8-b059-aca05f884ee1,d1841f3d-03f4-419e-bedf-c218d150aa9f,15,1,4.910415006633091,0.7160377826071197
80a48918-3397-4b23-9373-1d5a0e34a71f,2026,2026-02-14,54da433c-23a6-4200-94c2-fba0e56376df,694c9825-86e3-466b-9eed-01db85397149,3,1,2.0502343038177107,0.6183990688035437
80fb8a74-f2db-4241-9d64-cc49e10df347,2026,2026-02-14,2f197fca-5329-4606-8c7d-9bf31ea65732,474c10f3-c223-42d9-b9e9-48c37898ace8,-9,0,2.2326392868168026,0.5362439590441024
82263ee7-d41a-4db2-83ed-18ea011261db,2026,2026-02-14,aa9a338c-8749-42c2-8655-1caa89068a61,95ff4642-ef5c-46e3-982e-adab9cdca4e5,24,1,15.031028569870546,0.9370071541684581
843fa8b0-201b-4913-9086-c8e12f66fdce,2026,2026-02-14,523dd055-c2af-425b-b849-f05ced2ae52b,7a5b9a33-aeac-4742-af69-49a1be24d3cb,-3,0,2.8998524619623534,0.6329796293305151
84841662-9e0e-49db-94a4-350c9b01dd7e,2026,2026-02-14,4b705336-0b7a-4525-a3cc-151a9657a218,be3dc89e-c7d8-42a5-878d-a2f181f0914b,-8,0,-0.4495218266339788,0.5050137827013981
85489ed4-e5cb-4a55-970e-6ce4d2fad1a3,2026,2026-02-14,8c9b2481-8a04-4d21-baaf-cd9add16d15c,466a855f-207e-4dbe-bedb-07f2150174f3,18,1,5.098256653543263,0.7251527700299906
85872f9f-745d-445c-b2e0-df8bf214a42a,2026,2026-02-14,38f31497-065b-465d-ab24-3fa581de1831,9f15591e-786d-4c01-a688-1272fa1c111b,18,1,11.91591457886247,0.8990875451414896
865c87b1-dc9f-4036-97b9-b5b84eaa75ec,2026,2026-02-14,955bd58f-0ae1-4b55-af26-b19062a2c04c,2a864769-3bff-4022-a96e-3092caef4c93,7,1,4.169684639166482,0.7017227148081743
870bd982-0577-452d-9eb3-f7a63820878c,2026,2026-02-14,131339ab-8b21-40bd-af91-c2dd728a68dd,fb1c029c-934e-4345-bb7e-0d199b1172bb,6,1,2.90361816270364,0.6310777480865553
92c8264e-ff45-494f-821f-6fcf881ccf1d,2026,2026-02-14,fff30549-83b5-4c44-9f3d-444f65ede45f,69001211-8ae2-4829-9746-40b6a0858890,-17,0,1.9697026833368074,0.5813204279851231
9555ef0e-07ef-4103-a417-ae907fa3591a,2026,2026-02-14,8fc903e0-95d5-42fe-8972-bae53e4456a2,aa07fd1e-a03e-4554-9286-31e09a343db0,4,1,0.07046719711312431,0.45352282873691263
989780f4-cff6-436d-964a-f1c6281243d3,2026,2026-02-14,bcadcb9e-4b19-49d8-a836-b1224d88a96c,3d8fedb9-0847-4666-82df-5f520b704ff4,13,1,3.6337101530938636,0.6341040882483181
9b3c6d35-dfc2-492d-b5c1-c5ae8ec8496e,2026,2026-02-14,4ac9a4d0-e97a-403f-b290-b7bf3c0e8308,b5111a29-5c09-4364-809c-3686a2b45d1f,4,1,1.8103620488910348,0.5787140383963193
9d6e74ec-ba4e-446b-9b15-20b831517512,2026,2026-02-14,4cc6318d-53ba-46a4-90a2-0714f3d5dc14,26a9b9da-a6e0-4e12-a95c-e1e51e72fcb0,-43,0,-15.549936117833393,0.06258230217012632
9efc3ca7-2703-4e5e-aa78-bb145bf61fc4,2026,2026-02-14,2ffb1e88-0784-478a-b74b-a0a0832b4e30,6cbdd7e0-da8a-4b62-98fa-35c1f62f4afd,10,1,7.326882564882073,0.749052583776512
a1b57f6f-dad5-4770-b34d-78f3f40901bd,2026,2026-02-14,073c7f97-1dbe-4c9d-b1ec-44e92177a53b,a712dee9-a06a-4809-9e11-8e4b4233face,8,1,-4.385977389970048,0.2991757437545925
a41bf34b-7896-400f-9a0b-b5d3cace1d21,2026,2026-02-14,fdfebc81-138f-45de-ad5a-cdb4c98c5dc1,7b637d45-2602-47f9-bf37-40d1043643b7,1,1,-3.8195209493741324,0.3661961391443201
a4ddd5a4-17b7-4bce-8ad4-28d9d82ef591,2026,2026-02-14,700ebcb7-55a3-4967-b5ef-89731a047790,19bed18e-691d-4e79-aeaa-771b745bf2a1,-23,0,0.382446263452329,0.5198670716653382
a829a890-2cd0-4f87-a0cd-cd674191f8e2,2026,2026-02-14,2d467e3e-e5d9-499c-a1ed-225d0c3ae91a,9eea7343-e29b-42cd-8ec7-ccda00c95536,-8,0,-4.399996317784272,0.35784698899757633
adaa4616-ba4e-4819-9514-6228110f87d9,2026,2026-02-14,d414d5fc-8653-43b8-ac66-ec8f63c74c82,2b7eed3d-9921-482b-a193-759486c9b225,13,1,16.923673727037883,0.9442542481185259
ade0edc7-a767-4819-8b6a-53041a348819,2026,2026-02-14,6899ea71-b4b1-45de-a54e-8eaefcc5e6f4,d7af5a06-c331-48d5-a768-4a3627420b0d,-5,0,-2.569239556907718,0.3607383080459144
af4eeace-ac94-41c5-ae5d-fe21883e4f43,2026,2026-02-14,6eed5456-f1b2-4e4b-966f-71949e9d90ed,a544a5d0-4cd1-4756-b079-30a9a7905cd0,-21,0,-3.310562344803019,0.381430137461019
af9b5bbc-c644-45c2-895e-15449ecdaed6,2026,2026-02-14,1999688e-7015-4a04-8450-734eddcbcfe4,2c2ff68e-eb76-44f0-b27d-9426785932d8,21,1,11.376100862947222,0.8767034168163554
b49515d6-6fda-415f-bdd0-5696f5fba0c9,2026,2026-02-14,65cd560f-8b8d-4b8f-8a2c-2738484621b8,cee4e9fb-16d1-4b9a-bbeb-6f26c9d5c340,9,1,13.3821039316225,0.9065131290831665
b6745242-216f-4516-8dc5-10ab7a582ade,2026,2026-02-14,51ad29ad-74f3-4879-a2f7-b09ed6f1c3e4,68f6ce17-8443-4257-ae33-1f240c722bfe,-9,0,-3.3475351749664295,0.3537973830394986
b7330e5f-fe22-4c48-8325-a0fa21a37aee,2026,2026-02-14,e672d935-837a-44a6-9e69-a25859488a24,e4afe8a2-8546-4df5-b5e9-cd85edc8fc62,-2,0,6.663310144993188,0.7123258612400397
b743f31f-10da-404d-b911-154ee71de52f,2026,2026-02-14,a8b565bf-c152-4fc8-86ac-49c71bf2fc1d,5a788fca-07ce-452c-901e-2d9250aa8f8f,-11,0,0.06142103382024834,0.46813886041466374
b7852cd7-a320-4e8b-a76f-65a650c2e85f,2026,2026-02-14,8cc8f38e-384d-42b4-906f-97ff66fee7d7,083c67a8-1a0e-42e4-b3e0-c3872a10d8c2,27,1,11.474617500990549,0.882593356187622
ba4d8f81-86cb-4768-88ab-63c3ba55bc28,2026,2026-02-14,cdda7902-04cd-4834-972b-072f59dd1474,5e1572de-c2e7-4a5b-a605-c095da467409,8,1,-1.1256854886043428,0.4425077370024755
bd2d3813-3a9f-4c2e-989a-0a4f6294cbb3,2026,2026-02-14,ec98d839-43bb-427e-83c8-d832063ad70d,c5d35bbc-89d4-412c-8778-037158252c91,4,1,8.503185955439093,0.850138870317542
c5cc584e-1fb5-423b-a28f-0fdeebf4afe6,2026,2026-02-14,be57d339-192b-4f8a-80f9-e4dafde63035,0cc7096d-eb8d-4e4f-9906-93bf951805c5,-7,0,-4.864058429617536,0.28696753410216025
c5e91c7f-8b5b-47a4-af1d-92ebc6e01b3f,2026,2026-02-14,b9984408-0526-4a1b-9cb3-d6450264dcd5,8315c904-1e6e-43c1-a538-e2bbf8bc9ca0,-10,0,-0.6498373000674226,0.482817189346426
c9385663-86e4-4561-84fc-71d5b4de7394,2026,2026-02-14,67bb6cc2-0917-4bf3-ba89-bc624925b956,71835168-f6e1-4523-997c-3851fc41f646,11,1,4.530331146943116,0.6625608619247277
ca61df79-0dde-44e1-aa3e-b2479269c53b,2026,2026-02-14,b28075f3-bd4a-486f-b563-0081500049b0,ba959da0-313c-4413-aad3-124a5c216494,-4,0,-1.325311020871285,0.43010065098494105
cb396a0a-4668-4dc9-b6fc-9cd15a73976f,2026,2026-02-14,41a1e4ad-a290-41a2-8940-662b1fc85e89,62c7a397-21d6-4b22-9b24-ba5a29ee8771,20,1,13.056886841049883,0.9296543019815477
cb8c5877-723e-4b6c-9147-0db4163aaf4d,2026,2026-02-14,0cd88aa1-5ccf-4454-9b08-d57795a231b7,e020519a-e90e-4b63-bb2c-f17dc31b5a56,-15,0,-8.994105499943359,0.19280295882763268
cce39888-8422-40e0-9358-f5d220876476,2026,2026-02-14,e694b3cb-eeef-43f4-bada-32dba89664a3,2390b5f2-24b9-453a-b023-e7b36da375b6,-17,0,-7.142945895162265,0.23528740717364133
cdc73ab2-397b-4847-b874-92799cd72f52,2026,2026-02-14,8c2a4a9c-1ede-4db2-aecd-cfe02e686b8e,0270a5a5-82db-4c54-901d-c9c8dfe3741a,-1,0,2.0592111552389034,0.6371325511117293
cfe9ca6d-1fc3-40e2-8f1b-ba5f292ce862,2026,2026-02-14,53e97ae2-3cae-46c5-8353-41eadbb17d61,94d66457-cf10-4bc2-b52f-faf466454856,11,1,10.120150003805938,0.8279898670777983
d43404f6-d284-4929-a84b-58b62fd2fc18,2026,2026-02-14,5e9a1e57-759c-40bb-aac1-6bdb058fafbf,ec7aba22-2b7a-41dd-801d-063cca9a4c1f,18,1,6.0991708393911255,0.7207493380334258
d44011f8-0287-41ea-9e4a-49aa774f1a42,2026,2026-02-14,d5485362-65cf-40d8-bd4e-d8c6c4613f82,023d3704-bd8d-4c41-a3dc-e747ba7ed642,-14,0,5.395013101787815,0.7461770122152941
d5a01f44-a350-48d0-b77f-c57c3a10af50,2026,2026-02-14,69307d4c-6e7f-4329-b6c2-1f3902362083,d9908b15-814a-4283-8513-0d0ebd2430f8,14,1,8.328836399202748,0.7576235683631714
d728a630-2a6f-4295-8235-b11728cc5cf6,2026,2026-02-14,94a323fa-c3d4-4718-a4bf-f6dd1c93c5c9,b678d94f-1147-4cd8-b221-3155893eb1a9,19,1,11.17513605423491,0.900071725413403
d79bd159-a00d-48e3-b24e-f9dbbc7f9dda,2026,2026-02-14,976a062a-415a-4be9-870e-c2b6aa726c28,853ab0d1-c982-4e7d-8187-8600084662c2,-8,0,-0.2396662045130523,0.48055722113711663
dafc77ad-e040-4bd5-8ed4-3124cff792bf,2026,2026-02-14,bf002b1c-e14e-48a8-9c75-d70de0b2a31d,5c7b85b4-380b-4ce3-bbc7-e0b1ac767c3d,-9,0,9.300841092202884,0.8047478868597808
db3c0ae9-670e-4f14-a217-56f2a2e968fc,2026,2026-02-14,ed91598e-8b89-4385-bc40-49721b8aedd0,ad070c37-e224-4aea-bff9-4bb770ef38de,24,1,-4.61779465926108,0.3305714967270796
dc9c8eb2-9042-4dbc-b58a-c597f1c051e2,2026,2026-02-14,788df145-b514-4ea4-9ff0-bf2399dc7898,897f9506-86e7-4d3e-8eea-2b85ea85fa8e,12,1,2.9832522983965926,0.5712755118929608
dd3b4a1f-760e-4d91-97ba-3ed25eaeecf3,2026,2026-02-14,96649453-7ab9-4024-b242-590c57b62ab6,9c60e9b3-29b6-431d-92e1-307e1c2f1c15,5,1,-2.048737005487714,0.4347864289176442
dde39554-1185-4047-b071-e6135254f0c6,2026,2026-02-14,68f210a8-33bd-4d79-a5b0-222aabe727e7,d88ac8c9-9fc8-4e76-9426-cf44fe70db47,-10,0,-8.538585663370172,0.1975082983664712
df43119c-5cff-4c23-90af-b72024a6b85f,2026,2026-02-14,84769f97-e86d-402a-9eb2-d31118f663ca,3fe51e56-cced-4ebd-bc3f-5269a8690fff,2,1,8.27791973438932,0.7549051073558195
e08b10b3-0f1b-4f2a-ac28-38f48169b878,2026,2026-02-14,07f2978d-85d4-4892-8267-e6903cc20f93,b468e5c1-fd80-4c61-8545-54a03c959ff1,16,1,4.360745029123133,0.6780287511541586
e18d60e9-13e0-4ac3-a55d-516792f7ac81,2026,2026-02-14,0dc6096e-6097-4da2-a279-a7e256c526e3,29343f0d-eec4-44e0-923a-b7c6360ad1cf,14,1,4.108389378683471,0.69430280357915
e3ceb444-044d-4d98-a4f0-d4a2064a766d,2026,2026-02-14,87d79a84-23f3-4e7a-adbf-e627ade400ed,508005ba-15a8-426a-997c-b0e36e4e6b58,7,1,10.327538845287663,0.8349062932213674
e50f81ab-2722-4cdd-91b7-df1ff57a4814,2026,2026-02-14,3dfeaa6f-de19-4029-bdaa-0f2bd8ea04c1,d1623d0a-64d7-43e3-9f9b-36356767823e,4,1,13.42414177322501,0.9329171498933024
e76f8801-1bde-42ef-8a4a-d44eb8011eda,2026,2026-02-14,4e0916c0-6045-4d71-8568-b5e486ff2f92,60185dec-e78c-4750-a32a-2162e22a166a,-5,0,0.24375600171781148,0.5313626458604983
ed98ada2-2ac4-4b16-862c-97319b0ec49e,2026,2026-02-14,5a925022-39f0-422e-a9c8-efba8cab8218,b81dac67-4cc4-4d68-b327-0ecd77fe056e,26,1,14.902499203658223,0.9422910513466283
eee9bc4e-17ba-4877-98ad-31976d823193,2026,2026-02-14,13fa8aab-518b-46ed-be28-b5c24acfa430,ea802991-74ac-4210-b3cf-e4a4c4006e76,-1,0,-1.0340156473668574,0.43571952689443244
ef87b2b5-c01b-45dd-be42-fc96dc574ce0,2026,2026-02-14,732365b9-1faf-46df-9c75-4571516450f0,5ffd8dae-eb73-4ad2-be80-a6ca8f4e5884,-11,0,0.4606619129170856,0.5545832408009643
f119c268-ec54-4048-a912-38c914aef209,2026,2026-02-14,f497a267-e78e-43dd-9ab3-4299cf11c08e,eaa03f66-f667-48c2-9f30-ccce38d89e56,-11,0,-6.322725275508344,0.2968291660660699
fafaa3b5-eeef-42e7-9180-cf5fd63b3b9c,2026,2026-02-14,12fb3719-3067-4770-ab8a-b11eeb73faae,6d9c7f06-e309-4b30-a7a3-37783b2b3f26,17,1,6.934430584488906,0.788815930260883
fe92e51c-f11a-4f4f-8593-7b27949b84cf,2026,2026-02-14,076baa43-c839-437c-8a6b-5074277599df,c64c255f-43f5-4a08-99f3-222dd9aa0731,30,1,17.689142973942257,0.9643788650222838
ffa4f795-9cf9-4904-97b8-5414adab6e80,2026,2026-02-14,c836e6fa-56f7-4920-86c0-a3d112f21365,567fb73b-73a0-4437-a1ed-314d40d93e6f,12,1,8.615742632825887,0.8195411802187419
008a72ae-1f3d-4d2a-b593-07c230ed63c2,2026,2026-02-15,a01ea865-0b00-4f54-90fd-8674ed23cf26,1caae9e8-45a5-4b50-88a3-e3d388c52d33,1,1,4.39043467113558,0.7044960536025981
0682000d-62ce-4aea-b1dc-268bfbd8639a,2026,2026-02-15,8d2fde4f-31a7-4491-9fcc-f04ced66e74f,5556385d-827a-48ff-a603-cddd42d7d7f3,3,1,-3.704780225152436,0.390811500302973
0dda397c-9cc9-4d42-9460-055883d88a1e,2026,2026-02-15,4d6c2d4d-b59a-44c3-826e-03e969153794,e23a2171-157b-49cb-bf14-34996402c465,6,1,3.1689826671340233,0.6351114328258817
2708a24a-efec-4154-ae63-dc2fc304b305,2026,2026-02-15,9c37b6c6-f9dc-49e2-a128-2681c0df2bf8,e41ccbd3-d51f-43e5-b037-4cb81b41b713,10,1,7.905899702381003,0.8418511105273114
2ff5d9d7-05c3-409d-88be-56193a456018,2026,2026-02-15,1c701a00-1852-4c4a-8179-2273b474748c,81e6f1a5-d8cd-43bb-ac87-6c20719f72f3,2,1,-7.892018577440194,0.206165063379981
44fcd987-ad32-447c-bd67-04c753ade17c,2026,2026-02-15,d6a99784-3b3d-4ae0-a5c1-6689f04c9255,cec32a63-a501-4a6c-b2c3-dba31694d2b2,24,1,12.77637374486923,0.9210879442996067
4d2f5921-8df0-4ff5-ba66-c0d3c9994eec,2026,2026-02-15,4f107cef-d28a-41e5-b9c9-9f537c5a92e2,b86cac40-e643-41b0-ba96-76ef03712c8c,4,1,15.773160569683522,0.9462554708553081
69177099-6791-41b9-9a0f-892773c0f2bf,2026,2026-02-15,39c61fcf-89b3-4523-aa61-7e031fae7e9c,e088b1fe-16ee-4cf1-baaf-6ce4139f13df,7,1,3.2998141529665763,0.6138810569545405
6a895b70-ad6f-4339-9cc1-2b842e1db273,2026,2026-02-15,caae45ce-7d6f-4f0e-a536-6d05e2ae5086,e77246ad-855c-468d-8b07-828f76134191,10,1,6.0583257945901074,0.7162964718327469
747f69fd-e537-4b1b-aab9-239f4e543093,2026,2026-02-15,c155c6af-1897-464f-ad91-10b605e5eb7c,71e0195c-db7a-4df0-b519-17d796d8957c,-4,0,4.570726538903414,0.6888303593006952
75cb8a5d-d31f-4e63-949b-cca4708cb8f3,2026,2026-02-15,81d0a946-6d46-4a7d-88bb-29e19e5f5599,3ce97af9-70d7-4dc9-b13b-4f4221b9e09a,-13,0,-4.146386846158468,0.30228752018960214
77f985be-7e52-4670-88d7-2eca9e6bea52,2026,2026-02-15,8b53b385-4f61-4998-bac6-527e69c1fd6d,023093fa-50bc-4974-a6da-14f0e4b070fe,11,1,11.564826555432294,0.8862544106065592
7d29b0d4-d4e8-42eb-8890-fa328568ac7b,2026,2026-02-15,2a453d52-4fcb-44e2-84c8-d2c1f91eccf1,ad6d1a77-a3c3-4d10-9a5d-52b851597e67,-7,0,3.1287123259193055,0.5805230763809187
7e8e493b-6afc-431c-88f3-3185e147b75f,2026,2026-02-15,b655e208-570d-40cb-a275-91f219da9058,beb97225-0e05-4be0-acb0-2fdc74f6dab4,24,1,10.328885335858718,0.8254999356438374
8774ee17-f5b7-4309-b2ff-b77b8532dff7,2026,2026-02-15,cb2346de-1887-4050-8b6f-5480779486c2,d5861555-455e-464c-919c-9e6b99ce4495,-7,0,-0.175434915176375,0.4197158527421728
888ba3f1-8e23-4af9-a383-629a3524f1c9,2026,2026-02-15,85b4dcda-76c3-41e3-ba40-71e093a8dcd5,f37e86a7-66bd-40dc-b008-7a9017dd8f59,-2,0,-5.536928686338852,0.2798554840575926
8a416257-9e61-462d-a268-77456a3089db,2026,2026-02-15,c369d8ef-4098-4425-a977-6cf0605ab931,c8280280-8b91-475c-9d30-faed3dc9ec3e,9,1,-1.6660200296592347,0.45138524657456885
8d9be017-44b4-436c-81bb-72eee25bbb03,2026,2026-02-15,ab2292aa-bfd3-4e49-a17a-cf970962e75d,557c7aed-66c7-4dde-aef2-6dc573ec91e7,-9,0,14.040923460013826,0.9204299423202628
964f0502-ac34-41e1-92f7-9500dda09ead,2026,2026-02-15,2232e72f-0d57-499b-a956-680031e1de18,47407d60-8e46-4d83-bf47-4b7ef8576ebc,-4,0,2.131864520065517,0.5885735804451389
98e63df2-d808-4239-8842-799fb1bee1bb,2026,2026-02-15,32d092aa-6752-439b-89e2-6538ab8523cd,60686ba3-d38f-468b-ac14-3d7c8518e868,-5,0,0.9968424498041372,0.5320888174575169
a97d174f-32f6-4dce-8194-884ce9bc9f96,2026,2026-02-15,72aa3e8c-3c62-454a-8f40-09b46ae0cae6,e30dcda9-70a8-4f5e-a91a-5eb2cf1e2c36,1,1,-3.2021001444123365,0.3285985991840547
ab5d05a2-a89b-4882-8c09-0cea826048bf,2026,2026-02-15,43edca99-9154-45c5-908b-5e79c98e3147,fe6d6aa2-4515-4014-88ef-eb2bd91e54fa,-12,0,-8.054969574207918,0.21504584311221872
ac23084a-86b5-467c-a78a-df424833c5ca,2026,2026-02-15,8af24be9-3bcf-49dd-8a7a-9a412402712a,c4fed5b1-14eb-4033-8832-59e6c0004cf0,-10,0,3.6414264129894844,0.5657729155639702
b1e50ae5-2de0-428f-8090-6ed1e5b55575,2026,2026-02-15,33b3ee1a-8578-4f30-9145-044433be9e46,6bc5ca07-a958-41a3-8a95-eb5988cd48d6,5,1,4.412791812137837,0.6590025583721979
bce1f350-3d61-4693-83a0-6399fb21a850,2026,2026-02-15,ed6e30f8-d1f2-451b-9a26-5c7f21af0125,afbd548e-958e-452b-ac58-5b58b416aeb3,27,1,4.3597609132086825,0.6697991581565812
bd881a2e-6d2c-40f5-81a5-8db1471d4994,2026,2026-02-15,f8fb3b2e-223b-4478-a029-9c1209865bdd,9b933a83-ef6d-49c0-ade8-facfdeda3183,-17,0,-4.093342671421145,0.3491990235548009
c6ef0e48-54ac-45ff-9051-9298a413f865,2026,2026-02-15,3203894c-786c-4e1f-ada5-c785afe033a5,98674fec-442f-4d8e-bff0-fca634b9ceb1,6,1,-2.301577571025844,0.4299143563798486
d2f969a3-485f-4c99-876c-729fee509dc6,2026,2026-02-15,14372359-5589-40fd-8dcc-6a04bbe7338b,6833b588-1856-4519-a296-afd069ebabfa,11,1,8.461891199942023,0.816334840214775
d9c9b1d8-1583-489b-92b5-26b7473f43c5,2026,2026-02-15,bd78de3d-6129-4bfa-8203-6ad7e79b5e54,29ca4fda-da79-4d21-b2a3-a87a25d02733,20,1,14.099421641016832,0.9177482541140897
e81ffe35-6aab-428d-8eb5-05b3dd87dbf3,2026,2026-02-15,7a2ae4f1-b509-40e8-b553-cbea5aabc4be,dedb794d-6852-4b7b-904a-15cd66966a0a,11,1,3.142293949768287,0.644184060488766
fc33d06f-5125-4e6d-9172-032739c8dd88,2026,2026-02-15,28c5e9b8-df2e-4fea-8442-2a3c31753cef,eb5b8376-53ac-42b0-a932-bfc4994faa1e,-1,0,9.799035172473422,0.8189283359245078
ffbcef7d-7f1d-4394-9c93-313087a6da1a,2026,2026-02-15,b979de70-af07-4320-9f20-2b9606ce8cd6,528a1feb-658f-4522-a7ce-decc11b8b925,-3,0,1.539091607901431,0.5551013001893184
1c528686-6797-4cdc-b227-cc088c5d3507,2026,2026-02-16,20bb1fdb-2581-4660-92f8-ad08c3a60acb,853ab0d1-c982-4e7d-8187-8600084662c2,4,1,0.3792086724016702,0.5571526131305441
308533e5-0123-4db2-b423-602d31dc83a9,2026,2026-02-16,07e79f5e-ccc8-487d-ac1c-fbd82b43bb75,466a855f-207e-4dbe-bedb-07f2150174f3,12,1,1.9974700971898345,0.6005786199197413
34d1c376-fd7a-4b1b-9eae-db451fd49463,2026,2026-02-16,61080933-9c42-4844-9cd9-7cfbcb9cf94a,5a788fca-07ce-452c-901e-2d9250aa8f8f,18,1,6.128833159079876,0.7766582899055344
44f5f4b1-e615-47ca-9b64-a15b274fb950,2026,2026-02-16,4cc6318d-53ba-46a4-90a2-0714f3d5dc14,95adaebe-3c7d-4cf9-9380-e96c95761e6a,17,1,2.855021389834455,0.6343921003608366
499a70c5-035c-410f-817d-938e02e14210,2026,2026-02-16,1aa7f46f-1a21-46c8-a8b8-ee19ee4b1e6e,26fd3855-d3a6-4b79-a7b0-559b447f5e6c,-10,0,-4.511256280447932,0.2856751266420187
4ccd17eb-e54f-4961-91d6-5fc63df4b5a3,2026,2026-02-16,d9908b15-814a-4283-8513-0d0ebd2430f8,69307d4c-6e7f-4329-b6c2-1f3902362083,3,1,-1.5380516691135282,0.43287965262973166
4d7f7cc1-89ba-4d90-bf7d-dd0f3d2bc951,2026,2026-02-16,fb351878-91c8-4144-83c1-92f166d447f9,65457ba7-a038-4a4b-bb9c-249804bf4db4,5,1,6.956439741672556,0.8015046503604931
545f47a1-37b5-4634-b9d9-45941a0ddd90,2026,2026-02-16,86dd8d64-758b-4592-8af6-2536cef92fc1,34176634-892e-43b1-917d-cc003f8b9c03,11,1,7.493902678342427,0.7924769538566419
554d619f-3140-4211-ad33-aab7fd5cba85,2026,2026-02-16,8a24da63-2163-47de-aeff-97b77094e860,a40a35e7-bb78-4848-a0a4-11059f3caa39,3,1,1.6480116051481142,0.5704764963679024
58908efb-56da-45e4-8fc1-3a86929af776,2026,2026-02-16,976a062a-415a-4be9-870e-c2b6aa726c28,64d8d377-0ced-439d-a3a6-bbf2100037d9,-14,0,0.5588971431666536,0.484212177431277
6bbbb34c-2322-4343-adfd-238da2078635,2026,2026-02-16,cf602be1-6a27-49fd-9b3d-ab9e31f55454,e4afe8a2-8546-4df5-b5e9-cd85edc8fc62,-2,0,6.075301294239089,0.8076266626578111
7381e81f-6ed2-4cb8-815b-401e04bf6602,2026,2026-02-16,517665d2-60c6-44a7-a80b-78212cfb2db3,69288ce9-31e9-4d18-9e18-89226b85a2cf,5,1,-0.7566902726821172,0.47835986373829864
75cde0fd-c55a-45b7-a37d-40637ea208cc,2026,2026-02-16,163cfcfa-5213-4025-8eb1-dd67b17587f8,5a925022-39f0-422e-a9c8-efba8cab8218,-32,0,-12.935880836910425,0.06771801236776598
9c441f18-de02-4a86-a99b-6f7b748838f6,2026,2026-02-16,bff1b03d-2382-45fa-a062-45884591e89a,26a9b9da-a6e0-4e12-a95c-e1e51e72fcb0,-11,0,-10.74943979024939,0.09960775035878915
a59a521b-c5bf-41db-9d1f-a918cb8f1ce7,2026,2026-02-16,e672d935-837a-44a6-9e69-a25859488a24,866586a7-cbbf-44c7-87fe-e9343fef12c8,4,1,7.7542577095858,0.7929161989581661
a780e0b8-ebd4-4005-98da-edee24751a29,2026,2026-02-16,54da433c-23a6-4200-94c2-fba0e56376df,0c280802-395e-44d4-8c2a-fb539233410b,1,1,-0.6773072218361433,0.46714262215267827
b69c13eb-2cf0-45cb-b7e2-6b85a216421f,2026,2026-02-16,29343f0d-eec4-44e0-923a-b7c6360ad1cf,cea24043-374e-4a53-bfc3-4532caf44ea6,4,1,2.0072979202461805,0.4751559354921224
c0af4871-4ce9-4cca-b60d-ad354a23487e,2026,2026-02-16,b81dac67-4cc4-4d68-b327-0ecd77fe056e,2772ac36-c719-4bcf-8a21-30eba79d1c61,-4,0,0.4511337066536628,0.5200806841711546
caafab16-19a7-46d7-a623-215459dd3935,2026,2026-02-16,8c9b2481-8a04-4d21-baaf-cd9add16d15c,d297d4f3-0edc-4461-aa7c-7be49fc9aad9,37,1,15.87744928996998,0.9558856043138676
d1864015-41bd-40b5-b745-3e6a155023e3,2026,2026-02-16,9c03bc0e-03a6-4b67-a95d-bb653d5afc1a,694c9825-86e3-466b-9eed-01db85397149,5,1,4.1375617022867495,0.6848156175750081
dfebc4cf-dfc2-4a26-b7d1-a16717d94eda,2026,2026-02-16,aa6e74ec-70a8-4e02-9b58-0e0e886cace2,5f39cc2c-9779-411f-87e9-7702676c6ea8,-8,0,-2.4869756647842345,0.35593541314133936
e092d42d-4b0f-40cc-8158-5991b3bbe040,2026,2026-02-16,124dd15c-311b-4d83-becb-7150d849218d,b28075f3-bd4a-486f-b563-0081500049b0,27,1,2.9034290228490347,0.6445194327780298
e0f37bdf-2874-4ec6-a1be-016b14035cc9,2026,2026-02-16,d414d5fc-8653-43b8-ac66-ec8f63c74c82,fdfebc81-138f-45de-ad5a-cdb4c98c5dc1,37,1,23.136606184207317,0.9856414911195696
eef40851-72b6-4299-9549-578cef7e72a0,2026,2026-02-16,38f31497-065b-465d-ab24-3fa581de1831,d783c621-0bb0-477b-8bad-8785e9451e21,3,1,3.8657325526097726,0.6394951672523262
00af1307-6016-4fc3-b679-9e0824144cf1,2026,2026-02-17,31ca13c7-e30a-4d9d-a3a8-5197d5e4342a,b7431929-7ebc-42a6-bef8-d0c5715e2c86,5,1,-9.231991302044785,0.1819957031787362
0a36d392-627f-4635-b813-0338a80cde78,2026,2026-02-17,62093611-a202-4f7e-8d13-ed4c5498a9c1,711ff92d-65bd-49a4-abc4-7aacd8c11f9e,-9,0,-0.7147460354783082,0.49868933931471865
10edd138-bc72-434f-b5ae-0778362dc0de,2026,2026-02-17,1ed24078-84ea-4147-b356-c8543c93aa1d,0cc7096d-eb8d-4e4f-9906-93bf951805c5,-7,0,6.059357524440781,0.7410338991736166
25560757-4bc3-40ff-8f8a-a44152868eac,2026,2026-02-17,8da08445-76e5-4e98-be98-4f101d670980,813f7a1c-6264-4e11-88e2-21dcd0072c0a,11,1,0.854423636447638,0.5476211603280927
26252542-db0c-4642-89f8-a42244f3e750,2026,2026-02-17,65cd560f-8b8d-4b8f-8a2c-2738484621b8,8edd905e-18d4-4618-ba73-09af639ca94e,14,1,22.32330461799831,0.9826324457320588
2773e51c-50b2-4445-bcb9-cb58c72811a8,2026,2026-02-17,fbbdc24a-ba43-42e2-afcc-a328f0d9938a,567fb73b-73a0-4437-a1ed-314d40d93e6f,-17,0,2.046379413181475,0.546030508932755
3436ee63-346a-43fe-aa25-53109315b9d0,2026,2026-02-17,a8ebd184-6249-4e7c-8e39-0d8d8249fe41,2979c251-171b-4f39-b156-d19f2d179eeb,14,1,11.347716804861808,0.8479481047867965
4844af39-ef07-4d40-857d-8c781c448ffc,2026,2026-02-17,bb509184-c255-4aa4-9cdb-057dd36f7a04,1b43514e-2b4f-414f-9f54-b04994ba33ac,-3,0,4.681701398409123,0.6015779630903367
54322ee4-c7d1-4f25-b0a6-e3feb5fd6d43,2026,2026-02-17,fc1af6b7-242a-42bf-bbe3-325108828697,edb2bfd0-017f-4df2-b9c6-d8dcacb7e929,5,1,-4.801463656564173,0.29479729181369957
59a58f9c-13fa-4e29-8741-1514c2f12ab7,2026,2026-02-17,d5485362-65cf-40d8-bd4e-d8c6c4613f82,1b50e98c-801a-4835-9b4e-b0d563152b2b,12,1,4.867686562281318,0.7101342092042873
70947a23-9a78-4cc8-9e83-64d4373a09e3,2026,2026-02-17,032eda63-2e4d-4c72-8c92-51b97442dea9,0423c35a-c25a-42a0-a0da-e1918c78cd5f,16,1,-10.28117859803289,0.1639193470669566
71a50be2-579c-4273-8881-c45f8ac57749,2026,2026-02-17,63c7d34f-6b58-4a80-ae86-320a182ddcc5,6231ae3d-0d12-480c-83ed-e282959cb8c8,9,1,17.49891944370106,0.9392804246580289
77349045-406a-4be2-9cde-fae8854010ee,2026,2026-02-17,19bed18e-691d-4e79-aeaa-771b745bf2a1,f8a7f441-6bad-4648-bfac-a202788a07f8,8,1,8.787875223650373,0.8238779447452507
7d4ab716-8896-4583-a6ae-082a4b9ce54a,2026,2026-02-17,cdda7902-04cd-4834-972b-072f59dd1474,e80d2384-bdc2-4f58-b09a-284a659a4d81,-3,0,-3.0865128285749783,0.3794694763097033
8237b2a7-0983-41b9-b11e-44c1a70a3b7e,2026,2026-02-17,7cc2bc8e-b314-42a5-81cd-bd21acdd42b2,51b50cb5-097f-453e-99eb-4175d27ed1bd,24,1,8.53157220300541,0.7871019416128624
82eca46c-064e-4890-b6e9-b9b309cb16ce,2026,2026-02-17,7b637d45-2602-47f9-bf37-40d1043643b7,eaa03f66-f667-48c2-9f30-ccce38d89e56,10,1,-0.7115879300622701,0.49812332081265565
830bda82-43a3-40c2-8875-6146322e4c53,2026,2026-02-17,33fe6f07-54b9-4b44-a9f3-e273b8b240b8,c64c255f-43f5-4a08-99f3-222dd9aa0731,37,1,29.26871238875209,0.9860804746581928
8e834725-0db9-451d-bb5a-4038891ebaeb,2026,2026-02-17,f598c6c5-97cc-41a4-83b2-84f08d3397f9,076baa43-c839-437c-8a6b-5074277599df,10,1,7.49436575930039,0.8109201175491902
908d00e3-e06f-4c9a-a549-1763c6e5ab12,2026,2026-02-17,082024ec-29ae-4a22-8851-c5373988f9bd,be57d339-192b-4f8a-80f9-e4dafde63035,12,1,4.957205965628218,0.7572348289355716
931f285c-56b6-4699-9ceb-45da9d325359,2026,2026-02-17,6eed5456-f1b2-4e4b-966f-71949e9d90ed,94a323fa-c3d4-4718-a4bf-f6dd1c93c5c9,5,1,1.759054733925366,0.5667627165850969
a62183dc-abd2-42ae-a750-18d8cb7a7d38,2026,2026-02-17,57d94665-96b0-49e9-ab6b-a7cd6a1492d0,f497a267-e78e-43dd-9ab3-4299cf11c08e,16,1,-4.537023300615738,0.30620137023078225
bfe27f22-4d61-4181-82e5-d79cb4dd12ed,2026,2026-02-17,69001211-8ae2-4829-9746-40b6a0858890,94d2459f-8edb-4281-8038-8b2dda825fac,3,1,7.394280226911403,0.8021132968132386
c662b202-2d6f-4b79-bcb2-bbe874f9ab8f,2026,2026-02-17,be625a9e-aede-4fb2-98ad-3c0baa02528c,b58418f4-b3ae-444a-8ada-74ff43e88ea9,-10,0,2.671790628416452,0.6419929302095151
cf415e57-211f-494e-a5cd-f0d25cd9d10e,2026,2026-02-17,d1c3793d-80d2-4adb-98a1-ac3c584bb64b,700ebcb7-55a3-4967-b5ef-89731a047790,1,1,7.284623047290917,0.7948898436066091
d3fd8448-6e4b-4d16-9b6a-f2c9e47b76dc,2026,2026-02-17,5a3e7af6-53d5-4398-8c0d-97e0d9ac977e,364c8255-118d-4dcd-aa72-a62621e3aeb6,23,1,8.876896860446204,0.8365744652475141
ddaa91a1-0a32-443b-9d57-6438327d841d,2026,2026-02-17,6265a954-0017-44e5-bec7-cdb2fcc8f527,e6f966c6-5104-484f-a3a8-a7450aa491ae,17,1,1.42402365673836,0.5874302256675131
e8c37b0e-4806-4955-b15b-4f9f6810a949,2026,2026-02-17,023d3704-bd8d-4c41-a3dc-e747ba7ed642,0fbb2a6f-3944-46a9-9fa8-51376e18b3d9,-17,0,-12.728484303684292,0.08145945577177263
f1930546-20a1-4048-a0e1-f5e1dbda9851,2026,2026-02-17,fff2e22f-8e66-494d-a434-8838f329f8a0,2c2e9f9c-9d33-474b-860c-f9230f147fcd,-2,0,9.573648241144841,0.8901952906205622
fb82dc0d-b4bf-4398-9f8b-ecec00a2bcd2,2026,2026-02-17,a544a5d0-4cd1-4756-b079-30a9a7905cd0,d9469ea9-44c5-4803-8d5a-39cf4028ea3a,-11,0,-2.0441074242271533,0.4390808461495071
fd35e622-a3cc-45e1-8237-00e2ca51e447,2026,2026-02-17,cee4e9fb-16d1-4b9a-bbeb-6f26c9d5c340,b468e5c1-fd80-4c61-8545-54a03c959ff1,-8,0,3.753184139454654,0.6610811620209676
06112d67-ac03-4d4e-b4c2-183118fb3fc2,2026,2026-02-18,cf602be1-6a27-49fd-9b3d-ab9e31f55454,e672d935-837a-44a6-9e69-a25859488a24,13,1,0.4350219746924343,0.5735099713737704
0add99aa-9910-4696-956b-62ba28f3442d,2026,2026-02-18,d1623d0a-64d7-43e3-9f9b-36356767823e,2a453d52-4fcb-44e2-84c8-d2c1f91eccf1,-4,0,3.947630505893644,0.7021192114168938
0bc46b2e-54ce-4a9a-b168-ac5b7cdf56f2,2026,2026-02-18,3d8fedb9-0847-4666-82df-5f520b704ff4,93de5342-985b-431e-9c3e-515381b67402,3,1,7.8114923840760255,0.7670125085322836
147bb9bb-26b1-4787-a010-3590bbc7dfc8,2026,2026-02-18,2780a057-59e9-4719-9190-6a16ecffbaba,4ac9a4d0-e97a-403f-b290-b7bf3c0e8308,-3,0,-10.010148857098525,0.16074023855000488
186f7aac-f43f-40bc-9b2e-87d9a9aead75,2026,2026-02-18,ad6d1a77-a3c3-4d10-9a5d-52b851597e67,9aef881d-7fe2-4fb3-a80d-0b567f388490,-12,0,4.838439785732262,0.6862026475567699
1b37df82-fa79-4585-97d5-0ae6fde3df9a,2026,2026-02-18,e23a2171-157b-49cb-bf14-34996402c465,43edca99-9154-45c5-908b-5e79c98e3147,24,1,6.748807087665434,0.7620520665211553
1ba0c96f-0d52-4beb-b2a4-51c2b56a4369,2026,2026-02-18,3ce97af9-70d7-4dc9-b13b-4f4221b9e09a,9eea7343-e29b-42cd-8ec7-ccda00c95536,-21,0,-12.465993029137703,0.10809637100196665
1fa020e4-4c66-46b3-9eb5-c0c9c40bf877,2026,2026-02-18,9293675b-8878-4a32-bee5-496b4818dbde,14372359-5589-40fd-8dcc-6a04bbe7338b,-15,0,-1.2816990767521879,0.456217239531965
27c0bb21-42e6-4802-b7fb-efee1cdd4713,2026,2026-02-18,5c7b85b4-380b-4ce3-bbc7-e0b1ac767c3d,3b612ea1-b264-4279-9f72-b45216bfea4b,-1,0,-5.082588464689561,0.23014022546499655
2943b740-3ad4-4359-988f-b0e645dbd99d,2026,2026-02-18,fff30549-83b5-4c44-9f3d-444f65ede45f,bcadcb9e-4b19-49d8-a836-b1224d88a96c,1,1,0.3921536101232594,0.5179079920861512
2b03ae30-adeb-4f56-b933-9321413c38f3,2026,2026-02-18,f31b656e-13ba-4eb7-bd53-66b20405c905,bd78de3d-6129-4bfa-8203-6ad7e79b5e54,-36,0,-16.41657659495977,0.056280735728180424
2d0a5a02-40a1-442a-9012-be741c0ee6a2,2026,2026-02-18,6b34a383-3696-47ff-99bf-1b690f616a28,2f197fca-5329-4606-8c7d-9bf31ea65732,6,1,3.5280733952457237,0.6495616464683777
2d97b597-6e0e-49f3-8cc0-1e0ab19f976c,2026,2026-02-18,30dcebf9-dcff-4743-a05a-d994a902866a,2390b5f2-24b9-453a-b023-e7b36da375b6,-8,0,-5.298548330743589,0.28241190179663184
2f1e3894-a0f0-4c7b-89f2-c5e699547713,2026,2026-02-18,cec32a63-a501-4a6c-b2c3-dba31694d2b2,8af24be9-3bcf-49dd-8a7a-9a412402712a,-5,0,-2.757427164683422,0.3006300363936145
2f357486-68be-413c-bd66-29a0db24dff8,2026,2026-02-18,aa9a338c-8749-42c2-8655-1caa89068a61,89146125-2618-4b85-9bb2-a7d785fc8c0c,19,1,6.798591017682396,0.7744390434908844
34625369-1e41-493c-b0ff-aa783cb394a6,2026,2026-02-18,3203894c-786c-4e1f-ada5-c785afe033a5,37789002-2f1a-4a5c-95f5-a4f487f719ac,-7,0,-9.229814444625092,0.2073107806909006
34aa0d57-f9d0-4a46-8e18-cedcb1e7a4ab,2026,2026-02-18,d1177041-d515-453f-9b73-e9891b41324d,c68084a8-36ec-4f0e-963b-561f5ea2c46e,6,1,-6.668728105406607,0.27928500513112314
3ce97b44-32f9-49a2-aae9-b95db91cd2ef,2026,2026-02-18,d7af5a06-c331-48d5-a768-4a3627420b0d,2ffb1e88-0784-478a-b74b-a0a0832b4e30,14,1,6.768567847949468,0.7728399713582956
3d571295-8541-43d4-8016-5c7c893c59b5,2026,2026-02-18,39c61fcf-89b3-4523-aa61-7e031fae7e9c,113c0c3d-54d6-4c64-b168-7ea3f3c20e76,9,1,0.9601084822869065,0.5181416276113181
4e2c0645-41f3-45b1-8aec-63b6fa885567,2026,2026-02-18,b9e807be-99ad-41c2-94bc-6049272e3254,977af06b-e276-4d26-9f4d-4b3c41c67885,2,1,7.20841481447989,0.7663971272458058
4f62c2b3-490b-4dbf-bb02-acae2e469870,2026,2026-02-18,1caae9e8-45a5-4b50-88a3-e3d388c52d33,d6a99784-3b3d-4ae0-a5c1-6689f04c9255,-21,0,-6.997374460127902,0.21117612866654686
518a40ef-4f0a-4b8d-8c93-1971b92f89e6,2026,2026-02-18,e77246ad-855c-468d-8b07-828f76134191,51ad29ad-74f3-4879-a2f7-b09ed6f1c3e4,-3,0,-0.926775521223086,0.4929098479772869
5c13d2f4-6a6a-4e94-92d0-07ab7d8c05da,2026,2026-02-18,557c7aed-66c7-4dde-aef2-6dc573ec91e7,85b4dcda-76c3-41e3-ba40-71e093a8dcd5,-8,0,-11.780328151510904,0.16001950958333241
5c37b269-20e3-4aec-8df1-5093e9cb95f4,2026,2026-02-18,b678d94f-1147-4cd8-b221-3155893eb1a9,dedb794d-6852-4b7b-904a-15cd66966a0a,4,1,10.006894440512072,0.8268357502874775
6184ce1a-33b4-4703-887c-63738b7ae1d4,2026,2026-02-18,33a13edc-a688-48dc-a4f0-c3624bb05c07,79116858-d6a1-42d4-bb91-450b44d1e6b4,-18,0,-3.760593423869691,0.3552130130465195
6446c794-0a47-4224-a511-791823b1eef3,2026,2026-02-18,ba959da0-313c-4413-aad3-124a5c216494,68f6ce17-8443-4257-ae33-1f240c722bfe,23,1,9.817896407403717,0.8859271928353472
6589a575-e18f-4b80-8c6b-b0d8a7121a17,2026,2026-02-18,72daa240-1119-4159-899a-d81875c1c916,b9984408-0526-4a1b-9cb3-d6450264dcd5,-9,0,3.11458720848075,0.6346818721296776
70eced4c-58fe-450c-b05a-a77d48afc57e,2026,2026-02-18,a01ea865-0b00-4f54-90fd-8674ed23cf26,c4fed5b1-14eb-4033-8832-59e6c0004cf0,7,1,-0.6718955573196483,0.49421036847008376
82b5c9bd-a8de-4be6-8313-d97a97cb7e27,2026,2026-02-18,64d22a8e-0b18-48ea-a6a3-5619cb8be43e,2b7eed3d-9921-482b-a193-759486c9b225,8,1,-2.4343795634349297,0.44422496162831576
849374bc-0333-4daf-98c8-76b7a428bbea,2026,2026-02-18,b7139fdd-2b24-42b2-80d8-3cc79042b563,9f15591e-786d-4c01-a688-1272fa1c111b,-12,0,-5.012399977122488,0.24527020407094233
84f8c5f4-0504-4e38-9092-1b158fc9aa85,2026,2026-02-18,6cbdd7e0-da8a-4b62-98fa-35c1f62f4afd,1cff0c34-63d9-4a64-a258-a50e61fee7cf,6,1,11.015650013291452,0.9189155051086688
995fe0d7-35cf-4884-93b5-bb8dd34a2f09,2026,2026-02-18,ba89a28b-4588-48cf-be7d-683d7eaf21d0,8a720b96-af6b-4ada-bf15-b7b80a091274,3,1,7.737286305165115,0.8119163999233568
999be137-c97f-446a-82a5-a579529e6fc4,2026,2026-02-18,a76e8585-9bd8-4efd-ad05-93baa5c91a75,67bb6cc2-0917-4bf3-ba89-bc624925b956,-2,0,-2.4750369905204903,0.3948213930481083
9dea5481-f4ed-4a37-977d-75fccb19f580,2026,2026-02-18,bf002b1c-e14e-48a8-9c75-d70de0b2a31d,3b0fb0e0-1625-4a53-8ad2-e353ec84cb0f,-4,0,0.1296472891890271,0.5516145068908783
a54ed202-cd8a-40e8-8db5-a251fc96b1b1,2026,2026-02-18,2ad39bf7-6b52-4185-b83e-15dfc5686cf0,ed6e30f8-d1f2-451b-9a26-5c7f21af0125,-38,0,-10.459389256358248,0.13795243446178887
a645b256-b4e8-45d6-97b9-b6fe41a84460,2026,2026-02-18,179abcd1-98d5-4dc8-8532-3f8ffee320c5,ec98d839-43bb-427e-83c8-d832063ad70d,7,1,14.746472228880565,0.9301525508177733
ad4704a8-3af4-4b7b-9f72-b9b26271a200,2026,2026-02-18,3dfeaa6f-de19-4029-bdaa-0f2bd8ea04c1,cc517ba4-b26c-41e0-bc91-66f5ceb16558,-7,0,14.034247004167618,0.9394972834805166
b4c2bd1d-dde3-47d3-9965-6012e7b654d4,2026,2026-02-18,b979de70-af07-4320-9f20-2b9606ce8cd6,28c5e9b8-df2e-4fea-8442-2a3c31753cef,-5,0,2.271050021972467,0.599000997693234
b5e63090-802a-403f-b67d-e66a715354a6,2026,2026-02-18,b5111a29-5c09-4364-809c-3686a2b45d1f,ab2292aa-bfd3-4e49-a17a-cf970962e75d,5,1,11.755521656353288,0.9086348810027722
b79d3541-5ec2-45ab-8f12-0c5720a4e657,2026,2026-02-18,caae45ce-7d6f-4f0e-a536-6d05e2ae5086,87526af4-8053-4a04-978d-c8209eb24368,-10,0,2.887545117801285,0.6510849172051888
babf1e18-2068-4686-8bc0-26dd8b5cf67c,2026,2026-02-18,3f9ea222-2b0c-4f93-a0e2-601346d6030a,1ba8fbd8-4401-4226-b1cc-82e937c56657,-5,0,-2.481263735513121,0.43149675357592043
baf96b31-a97e-4d26-8da5-1b77caa82cee,2026,2026-02-18,60185dec-e78c-4750-a32a-2162e22a166a,175fb86f-dfa5-4661-89d1-221410e04eec,1,1,8.075212826450432,0.7753567122906391
bdbf0376-7d35-4a08-ab27-dad4cf2967fa,2026,2026-02-18,afbd548e-958e-452b-ac58-5b58b416aeb3,f8fb3b2e-223b-4478-a029-9c1209865bdd,17,1,3.0737549878487536,0.6214561744299265
c0ff946f-098b-4fc6-a96b-16f1595c8494,2026,2026-02-18,a4e52f2f-5193-40ce-a997-0e0be093d86a,b86cac40-e643-41b0-ba96-76ef03712c8c,-5,0,8.783900455818754,0.8235026911000489
c12aab02-84bd-4e73-baad-1e186bf5ae7c,2026,2026-02-18,0792fde4-bca8-4a47-9b76-8d8191a2ac93,15e4f40d-8279-4f7a-8095-613e3a6ded31,17,1,3.142931999838115,0.6396750228155772
c6f2ef53-0416-45e5-8613-ef7afc3ac71f,2026,2026-02-18,3710f3f1-b8c6-4f75-85b7-66deba7d916a,07f2978d-85d4-4892-8267-e6903cc20f93,23,1,11.01910014868728,0.8839914481175765
c7105315-a6ab-445e-b868-4c7685d20898,2026,2026-02-18,0cc86d2a-a1ab-4ebb-a968-3d4011c8d356,968fdb79-e800-43ac-b93d-53a22dee3a03,-8,0,4.248660089165611,0.6432692037635978
c8628044-3ca8-4bbb-a93a-c5027655c64b,2026,2026-02-18,4e0916c0-6045-4d71-8568-b5e486ff2f92,f1d6ac08-ce96-4b53-aaea-ae291068cf23,-6,0,-0.5680323236524835,0.5148878426552841
ca2f4ab3-1dc8-4cae-86ce-8b81bf8c97d0,2026,2026-02-18,62c7a397-21d6-4b22-9b24-ba5a29ee8771,acbf5eb9-3a63-471d-8199-6067f912deaa,-3,0,-0.406887765918015,0.48263353583243596
d6736c4d-db54-4578-8fe4-5ffe18de1c75,2026,2026-02-18,98674fec-442f-4d8e-bff0-fca634b9ceb1,2a5848e9-342f-42cb-84e8-90f6f573bc8a,1,1,1.8554704546640672,0.5925365689689015
d775ce65-cf80-4583-90c5-6e57d50cb3f5,2026,2026-02-18,31ce23c8-e471-4fad-b117-36f72628b875,33b3ee1a-8578-4f30-9145-044433be9e46,16,1,9.050067765770795,0.8165728193534997
dcfb7791-96c5-4c3e-9826-43e2bb179051,2026,2026-02-18,5e1572de-c2e7-4a5b-a605-c095da467409,d88ac8c9-9fc8-4e76-9426-cf44fe70db47,-6,0,-7.162594529988908,0.21786143375922057
e6e34440-6fdb-4c89-80ad-e7f948ba0f15,2026,2026-02-18,fc19569f-90e8-4af1-8b2c-981d4b9b0e7d,82ae3098-41a3-4c5a-92a0-aa7a592b5f7b,8,1,9.284521800943647,0.8357087284293494
ec779b4f-ea9e-4d6f-8a71-4996fefce685,2026,2026-02-18,90df5863-ccc6-4ffe-b441-dee520cc7fed,7a2ae4f1-b509-40e8-b553-cbea5aabc4be,-13,0,0.8367509668369195,0.48962500380671276
efe73c9f-daa0-4ee2-8655-bd8d926b7877,2026,2026-02-18,d1841f3d-03f4-419e-bedf-c218d150aa9f,f945abf6-7dca-4e3a-b475-bceddc534fb9,-26,0,-13.398676999207675,0.0754957988237559
f54e2f2b-0030-43c5-8e01-f0a8b217c38d,2026,2026-02-18,84769f97-e86d-402a-9eb2-d31118f663ca,87d79a84-23f3-4e7a-adbf-e627ade400ed,2,1,2.5325327624482394,0.6785284611051867
fc10f434-621c-4ee1-94af-2313075eda3d,2026,2026-02-18,94d66457-cf10-4bc2-b52f-faf466454856,6038b249-00da-461c-9074-cfb1ed11d9ab,-1,0,-10.682604882020826,0.16071252270515668
fc86b329-ba4a-4c9b-9111-bb18c1965d22,2026,2026-02-18,9c37b6c6-f9dc-49e2-a128-2681c0df2bf8,d3445fe1-27cc-4d88-b2df-6ce2afe13156,-2,0,-8.689313079629242,0.20149029919412692
fe43f1c6-764d-4ffb-aa3f-2f769f35f57a,2026,2026-02-18,6833b588-1856-4519-a296-afd069ebabfa,195e638a-72ed-4f19-a47f-232630307034,2,1,5.78890869884299,0.7133849500163217
092dd6e1-4439-4786-ad67-a8a7d4cb7c57,2026,2026-02-19,3fe51e56-cced-4ebd-bc3f-5269a8690fff,cda5f197-ae6f-4f38-a523-d1e70b218821,-12,0,-8.11072617028877,0.20450971272315757
1e317821-5742-437e-96a1-1a2c234cb799,2026,2026-02-19,de4b950e-313f-4eed-9fbe-0a05201376d1,60686ba3-d38f-468b-ac14-3d7c8518e868,-13,0,-6.363565288780586,0.26077224821772416
205893bd-5984-4094-80a8-9e60aff8df59,2026,2026-02-19,e694b3cb-eeef-43f4-bada-32dba89664a3,5c4db420-ac2a-4491-9f2f-f15fdf65d283,15,1,9.618417764534321,0.9013780443039556
24bd3962-584d-4559-bab2-491e060591ce,2026,2026-02-19,528a1feb-658f-4522-a7ce-decc11b8b925,eb5b8376-53ac-42b0-a932-bfc4994faa1e,-6,0,8.932996661887925,0.8571640630779414
25034d9f-2c03-41cf-ab5a-2dbb573fd50f,2026,2026-02-19,6d9c7f06-e309-4b30-a7a3-37783b2b3f26,1999688e-7015-4a04-8450-734eddcbcfe4,-11,0,-7.433149321246413,0.2391911483635449
2598c138-b1a4-4309-98fa-f05f5682f0bf,2026,2026-02-19,7dc3e262-ccd4-4c87-8617-0ca6e819757f,2a864769-3bff-4022-a96e-3092caef4c93,4,1,11.761401426430627,0.8989521967660574
2c7edb73-32be-4f6c-adca-79fdca8ca0b6,2026,2026-02-19,5f39cc2c-9779-411f-87e9-7702676c6ea8,07e79f5e-ccc8-487d-ac1c-fbd82b43bb75,-2,0,3.1239742545787377,0.5736588607458168
34048f20-fa5a-4e30-87cf-5a81edf2cbee,2026,2026-02-19,466a855f-207e-4dbe-bedb-07f2150174f3,54da433c-23a6-4200-94c2-fba0e56376df,-19,0,1.0675937992014126,0.5859563391235267
361f0783-a37e-4b7a-b1d9-98aa9b6f4179,2026,2026-02-19,ef533bc7-18e1-474d-96db-96668fe59c22,8423734f-7076-4655-b3ef-3528aa9176ff,-1,0,2.341575436863807,0.6524296498852004
3cbb97a6-2811-440f-b168-d4b78794a04b,2026,2026-02-19,be3dc89e-c7d8-42a5-878d-a2f181f0914b,6a5388a0-3d9f-4fa4-b592-775b2c31e741,10,1,0.8738437597377822,0.4994821031128977
407330cf-6349-44ab-b2f4-fcf8bf3936b6,2026,2026-02-19,512bdb5c-66bc-40fa-a392-cffe3e058403,8315c904-1e6e-43c1-a538-e2bbf8bc9ca0,-3,0,-14.5759045225115,0.08526363724102064
44cb1b7f-ac26-439b-a582-6ae94509762a,2026,2026-02-19,8fc903e0-95d5-42fe-8972-bae53e4456a2,72aa3e8c-3c62-454a-8f40-09b46ae0cae6,10,1,9.560751549741232,0.8333798646361377
44dbf64a-b182-4ea0-a6d4-8bdb1ee91e42,2026,2026-02-19,69288ce9-31e9-4d18-9e18-89226b85a2cf,8c9b2481-8a04-4d21-baaf-cd9add16d15c,11,1,4.174819306525517,0.7369167419660839
46bbbd66-ba4a-4719-868f-e56559c518f3,2026,2026-02-19,e020519a-e90e-4b63-bb2c-f17dc31b5a56,5a788fca-07ce-452c-901e-2d9250aa8f8f,-3,0,2.8744132995740737,0.6687452462516915
4b0da6b2-173e-4651-8cea-fe84c851cd61,2026,2026-02-19,0cd88aa1-5ccf-4454-9b08-d57795a231b7,61080933-9c42-4844-9cd9-7cfbcb9cf94a,-2,0,-12.475592290861812,0.0873725341748188
4d1a7593-840f-4baf-9039-61a6e5cee8f1,2026,2026-02-19,534c782f-f9f8-4d61-845a-76e90b321da3,a8b565bf-c152-4fc8-86ac-49c71bf2fc1d,13,1,1.3131058153266797,0.5412614396026914
4df98645-2284-4459-a1d9-7c7b4faccfd9,2026,2026-02-19,8921f536-d6f1-4d5a-b369-5dfb136e1717,8c2a4a9c-1ede-4db2-aecd-cfe02e686b8e,26,1,17.008297890550534,0.9236579154814488
517d5218-5cc4-4116-aafa-687dc230047e,2026,2026-02-19,cea24043-374e-4a53-bfc3-4532caf44ea6,53e97ae2-3cae-46c5-8353-41eadbb17d61,-8,0,5.872086634428692,0.7284702832312516
5249a942-3a06-4e43-9aaf-818a3c7c523e,2026,2026-02-19,897f9506-86e7-4d3e-8eea-2b85ea85fa8e,9a2c2dfd-070d-4aff-bdc8-ea71e1ff510f,10,1,4.946735108859417,0.7654143274988405
54e15dbd-ab75-4978-8eb4-ceed54911490,2026,2026-02-19,32d092aa-6752-439b-89e2-6538ab8523cd,ed251b78-3a68-4e91-b25d-08ef8bc8face,1,1,2.1039267888255107,0.569807617441248
5f24f7b9-1158-43a4-865c-c9df8d3b4528,2026,2026-02-19,e088b1fe-16ee-4cf1-baaf-6ce4139f13df,96e82d65-67c2-4e96-a2fb-d7ca3dfe1353,20,1,3.1458566257568745,0.6149762952296537
5fd65576-8f4b-40a8-beef-5cd53dd16f19,2026,2026-02-19,cfae9c2f-9713-46de-9159-5064cc63dd64,6231ae3d-0d12-480c-83ed-e282959cb8c8,12,1,13.847189925469756,0.9304647056421927
60cada82-9c6f-48f3-b4cb-182088fd7748,2026,2026-02-19,71835168-f6e1-4523-997c-3851fc41f646,29343f0d-eec4-44e0-923a-b7c6360ad1cf,-1,0,3.083638549740583,0.6506515652051554
60dafb63-783f-40f3-a818-97bf2730b3c0,2026,2026-02-19,a9a08ada-6bbe-466a-b4ef-e2fe68dce231,0dc6096e-6097-4da2-a279-a7e256c526e3,2,1,-0.10378187622415253,0.4819973061168088
622bfde1-4f17-4b26-9ea8-6026caa1477e,2026,2026-02-19,fb1c029c-934e-4345-bb7e-0d199b1172bb,bb509184-c255-4aa4-9cdb-057dd36f7a04,2,1,-2.611556466688487,0.41083045006957214
67608b1a-8331-4a2f-8dab-003a73f02072,2026,2026-02-19,34176634-892e-43b1-917d-cc003f8b9c03,3b63b27c-8c94-4fb9-919f-62cd7944deb1,-17,0,-8.202826419596281,0.21197295014726134
6b60c20b-1d3e-4f76-a2a1-78c1dbdf15e8,2026,2026-02-19,2c2ff68e-eb76-44f0-b27d-9426785932d8,12fb3719-3067-4770-ab8a-b11eeb73faae,1,1,1.1079822184559118,0.6213999858569615
74d40d6c-1de3-4073-834c-6c1d236f3fcb,2026,2026-02-19,af95ca9e-8a2a-4b22-9bb2-584162eb57f0,4b705336-0b7a-4525-a3cc-151a9657a218,-7,0,-5.524126540456186,0.2816269238919282
7ad9eac3-a9a3-4b97-a142-8c49e462b399,2026,2026-02-19,ec7aba22-2b7a-41dd-801d-063cca9a4c1f,5ffd8dae-eb73-4ad2-be80-a6ca8f4e5884,3,1,-0.4717967114532461,0.5020471493728085
8c1810a4-8de3-48ea-8b0e-763c5297f086,2026,2026-02-19,f37e86a7-66bd-40dc-b008-7a9017dd8f59,95ff4642-ef5c-46e3-982e-adab9cdca4e5,21,1,11.63545111190316,0.9053387674080926
8e679251-b66a-4468-89e5-dc6cc22abf4c,2026,2026-02-19,d9908b15-814a-4283-8513-0d0ebd2430f8,6c5e0081-14ff-4e1b-829d-a107919bc58e,4,1,-1.8138228334006807,0.42449498450380513
984e22d0-ecca-4539-a96a-29161410c00e,2026,2026-02-19,8121c98d-816f-4d3a-bb3c-4e9f3fbf65e3,732365b9-1faf-46df-9c75-4571516450f0,4,1,-1.1278588974057184,0.4237815126005036
9c33d633-38f2-4eac-bb8f-831381a37120,2026,2026-02-19,083c67a8-1a0e-42e4-b3e0-c3872a10d8c2,5cf39234-dfea-4208-be18-092f71c2f05c,-12,0,7.250342263014495,0.7592402692024596
a5f73e09-3288-4175-b405-e220b58cf609,2026,2026-02-19,e2d3ca81-2525-473b-8700-136b6939d5b4,8cc8f38e-384d-42b4-906f-97ff66fee7d7,13,1,4.967272212542707,0.6966749120957422
a7fab8b7-3b7b-413d-b0dd-cc804f1d3603,2026,2026-02-19,9c60e9b3-29b6-431d-92e1-307e1c2f1c15,5e9a1e57-759c-40bb-aac1-6bdb058fafbf,-8,0,-4.872867262599194,0.3465728564265042
aa62256d-dbb5-432b-89a9-f857ffc969cf,2026,2026-02-19,cb1b95af-f118-4a94-a324-d05b88869a43,b2c3c0ff-6592-4132-b527-e3784532b0a7,19,1,3.8484507461099917,0.6313937707331617
aa7c79b4-da4b-4ea5-ace5-c4802ed62e6e,2026,2026-02-19,ea75002f-0c50-4cca-8d60-8926c2f2c077,b7591c8b-00fa-47a2-8280-adf031b24a4f,22,1,5.178376833630168,0.7325388494321109
ad43951b-8f43-45d1-87fa-c808184393f0,2026,2026-02-19,a712dee9-a06a-4809-9e11-8e4b4233face,69c2db2b-a8d1-48d3-89d0-ef9669af0b7d,9,1,12.363480665659452,0.8806999181965159
b1ce4175-84af-49bd-b88e-480b6a92ff62,2026,2026-02-19,0ec33aa5-020d-49e7-ac6a-2ee825d15102,0b81f60f-d170-4ec1-9003-5fc16e4afa3d,13,1,5.535120240315133,0.7226683045372424
bfe1b044-5a1c-4247-a9be-e04429b370d3,2026,2026-02-19,d297d4f3-0edc-4461-aa7c-7be49fc9aad9,9c03bc0e-03a6-4b67-a95d-bb653d5afc1a,-10,0,-13.967806682780154,0.07805969136657545
c223b4a3-83d4-442c-9349-2b8c51fb74a5,2026,2026-02-19,131339ab-8b21-40bd-af91-c2dd728a68dd,073c7f97-1dbe-4c9d-b1ec-44e92177a53b,-3,0,2.539511709751867,0.5935361200699776
c5090fa2-5292-411e-835b-2870a2ab0e77,2026,2026-02-19,592b259a-709d-44c7-b547-07d6529132b5,ed01ba53-c6ff-488f-903e-9b348a195c03,1,1,5.922409363747829,0.6778606012271514
d0946dd4-9d0e-49c5-a752-175f1f66250d,2026,2026-02-19,fe6d6aa2-4515-4014-88ef-eb2bd91e54fa,6bc5ca07-a958-41a3-8a95-eb5988cd48d6,12,1,12.816228906552032,0.915170360353136
d36cfbd9-94dc-4dfc-8f4a-48de6bd673d4,2026,2026-02-19,0270a5a5-82db-4c54-901d-c9c8dfe3741a,955bd58f-0ae1-4b55-af26-b19062a2c04c,7,1,2.6174499966720477,0.5575097013500496
d781ba9a-4431-424e-8b60-dcd4f460efe5,2026,2026-02-19,6f01f32e-67fa-44c7-8440-24a263829a82,a40a35e7-bb78-4848-a0a4-11059f3caa39,-9,0,-2.2395783969592236,0.4647651259613439
dba6eba3-1302-4d88-8ff2-6728dd1393de,2026,2026-02-19,a296aea1-d070-4a8b-8dc4-62323ca3f942,ed91598e-8b89-4385-bc40-49721b8aedd0,-2,0,5.299079439223765,0.7287978510271639
dfe6b388-2968-4ff8-946b-546fa8be513b,2026,2026-02-19,aa07fd1e-a03e-4554-9286-31e09a343db0,31e4ae86-a8cc-4aee-986f-71aa76fea354,36,1,17.10787070061695,0.9574887070024936
e3dc0069-c1bc-40bc-8ebc-584f187d454f,2026,2026-02-19,8ccf579a-f19c-4639-b260-5fa8dc2c90f0,6899ea71-b4b1-45de-a54e-8eaefcc5e6f4,-4,0,6.887932643909448,0.7839014184223222
e43bbddd-0fdb-43e5-8a2a-7a2e245dbc5e,2026,2026-02-19,47c889b3-c1a2-4035-ab56-edaeee3a3c86,a2fd0527-f20a-4add-9101-ff8babf6ceaf,-18,0,2.5183770745141905,0.663102943888698
e726b3f9-2ad2-46a5-bd57-1716d9ea0acc,2026,2026-02-19,428ae1bc-1e48-41c7-b7f1-da980b8a18b8,160d00cd-1792-45ab-a465-c2d2dcdcab1b,28,1,7.198073326729019,0.8088554284280425
ec5a3a22-21ba-4c43-a683-3221ccab1694,2026,2026-02-19,508005ba-15a8-426a-997c-b0e36e4e6b58,41a1e4ad-a290-41a2-8940-662b1fc85e89,-1,0,-11.438619088356614,0.10989297087487022
efaca067-ac73-4de1-9e57-2fba52e08ed6,2026,2026-02-19,ad070c37-e224-4aea-bff9-4bb770ef38de,0fcf988c-9b3d-4eeb-bc11-4b461290749a,-11,0,10.279690711131162,0.8995212105010147
048191ca-7cef-491f-b1cd-4055a8206862,2026,2026-02-20,a544a5d0-4cd1-4756-b079-30a9a7905cd0,29ca4fda-da79-4d21-b2a3-a87a25d02733,29,1,12.021157296737172,0.8956716303258188
2b0ea15d-8b7c-4957-ab78-5bc7229e0f86,2026,2026-02-20,beb97225-0e05-4be0-acb0-2fdc74f6dab4,5556385d-827a-48ff-a603-cddd42d7d7f3,-5,0,1.8730585612131039,0.5217129002303517
4681c0c8-e5fa-4726-9b37-8ecd911c824a,2026,2026-02-20,71e0195c-db7a-4df0-b519-17d796d8957c,2232e72f-0d57-499b-a956-680031e1de18,-14,0,-7.829943363814442,0.19827647430500234
59577617-e714-4828-b0f3-fa3105d2ad81,2026,2026-02-20,4d6c2d4d-b59a-44c3-826e-03e969153794,8d2fde4f-31a7-4491-9fcc-f04ced66e74f,5,1,12.438391781355836,0.8692872639741756
5998543a-ba61-462c-8e1a-be7fc7919865,2026,2026-02-20,81e6f1a5-d8cd-43bb-ac87-6c20719f72f3,c369d8ef-4098-4425-a977-6cf0605ab931,8,1,6.475377342116673,0.7131208340442774
60fbdd83-8097-4825-9953-61dc9e8d646b,2026,2026-02-20,711ff92d-65bd-49a4-abc4-7aacd8c11f9e,1ed24078-84ea-4147-b356-c8543c93aa1d,14,1,2.537236230316668,0.5896414542261342
61731c0c-e291-4573-ac92-ea42917588a4,2026,2026-02-20,7a5b9a33-aeac-4742-af69-49a1be24d3cb,f77c8c1a-5fb3-48ef-8210-484010dd5e32,9,1,0.8818230776069635,0.537134626035958
6fb82105-6985-4eb1-8c7d-cb4c8e620364,2026,2026-02-20,be57d339-192b-4f8a-80f9-e4dafde63035,0fbb2a6f-3944-46a9-9fa8-51376e18b3d9,-13,0,-12.680455337992491,0.08814567440214607
9790c303-f8ca-41a6-9aa7-7e99b9987f47,2026,2026-02-20,b7431929-7ebc-42a6-bef8-d0c5715e2c86,a8ebd184-6249-4e7c-8e39-0d8d8249fe41,13,1,4.847274569654486,0.686347825263495
c1a50c90-8d37-4fec-8110-e73916e4c6a2,2026,2026-02-20,d5861555-455e-464c-919c-9e6b99ce4495,47407d60-8e46-4d83-bf47-4b7ef8576ebc,7,1,4.871111878342039,0.7137875932412187
d5a84d95-0dee-408e-a8c6-f3fb7c1bf6ac,2026,2026-02-20,023093fa-50bc-4974-a6da-14f0e4b070fe,c155c6af-1897-464f-ad91-10b605e5eb7c,-6,0,-0.9169786664827397,0.4415953573593379
d880eb72-0718-4927-b6f9-b5b74e20c030,2026,2026-02-20,c8280280-8b91-475c-9d30-faed3dc9ec3e,8b53b385-4f61-4998-bac6-527e69c1fd6d,10,1,8.387700035219645,0.8071160665692041
d9d95d30-1b1a-426b-a442-3f66bd8a1ee9,2026,2026-02-20,66d6cb28-25f0-41bc-9fb1-d15a6dfca6ac,1c701a00-1852-4c4a-8179-2273b474748c,13,1,12.267783352755233,0.9063407800790985
0015df7a-62b8-402a-97b7-e86f169fb0b6,2026,2026-02-21,8921f536-d6f1-4d5a-b369-5dfb136e1717,7dc3e262-ccd4-4c87-8617-0ca6e819757f,2,1,10.199254478751598,0.8454613078979228
057e93d5-2f8b-4e6b-92a7-26c37418b45d,2026,2026-02-21,65457ba7-a038-4a4b-bb9c-249804bf4db4,64d8d377-0ced-439d-a3a6-bbf2100037d9,-6,0,1.467565729130287,0.4899920771168042
08b444b4-76c0-495c-a786-69a90fa0ba8d,2026,2026-02-21,9c37b6c6-f9dc-49e2-a128-2681c0df2bf8,0cc86d2a-a1ab-4ebb-a968-3d4011c8d356,12,1,8.16102277296363,0.7994822167770979
0e98bbfd-c58b-4f3f-95f2-e5d6c347a4eb,2026,2026-02-21,7b637d45-2602-47f9-bf37-40d1043643b7,f8a7f441-6bad-4648-bfac-a202788a07f8,24,1,10.216148111374958,0.9245655506085682
0fd67ade-dbd9-468e-aeeb-fa0f2e1a443a,2026,2026-02-21,866586a7-cbbf-44c7-87fe-e9343fef12c8,163cfcfa-5213-4025-8eb1-dd67b17587f8,14,1,9.419450519801082,0.8660462340954923
0fe7c4d5-6663-4a86-b876-000d188f8108,2026,2026-02-21,e41ccbd3-d51f-43e5-b037-4cb81b41b713,968fdb79-e800-43ac-b93d-53a22dee3a03,10,1,12.60545087867761,0.8633833615124794
102ec924-c4f4-4951-8157-6f93d4b9ba5b,2026,2026-02-21,567fb73b-73a0-4437-a1ed-314d40d93e6f,7a2ae4f1-b509-40e8-b553-cbea5aabc4be,19,1,7.232208962734841,0.7522181836916074
118c70c5-aa4f-40e6-a569-9f3e6751017f,2026,2026-02-21,ed01ba53-c6ff-488f-903e-9b348a195c03,bf002b1c-e14e-48a8-9c75-d70de0b2a31d,3,1,5.080751950624565,0.7109732226869577
142bc12c-ee31-4660-9d60-a4b9216f31b9,2026,2026-02-21,82ae3098-41a3-4c5a-92a0-aa7a592b5f7b,5c7b85b4-380b-4ce3-bbc7-e0b1ac767c3d,12,1,13.543142399745792,0.9022944893286715
14d494af-c3d5-4400-9367-bc68a02c736a,2026,2026-02-21,a712dee9-a06a-4809-9e11-8e4b4233face,6a5388a0-3d9f-4fa4-b592-775b2c31e741,27,1,10.193625735892686,0.8641413631773475
1520e33c-a8e3-4f84-869d-0df513765395,2026,2026-02-21,4aa5d0a9-3420-4d4f-a466-17c82d88c482,13fa8aab-518b-46ed-be28-b5c24acfa430,-19,0,0.593974350858716,0.4565456430115236
16530882-bd42-41d3-a38f-db1aa64af5f8,2026,2026-02-21,be3dc89e-c7d8-42a5-878d-a2f181f0914b,69c2db2b-a8d1-48d3-89d0-ef9669af0b7d,15,1,2.0714050298131874,0.6635272777641026
168e28ab-dd6c-4d49-b72d-54365b2d92b6,2026,2026-02-21,d6a99784-3b3d-4ae0-a5c1-6689f04c9255,8af24be9-3bcf-49dd-8a7a-9a412402712a,-2,0,7.068320250964446,0.78632013836553
17d55891-b016-4a7f-a048-9149fb2195b1,2026,2026-02-21,f8fb3b2e-223b-4478-a029-9c1209865bdd,2ad39bf7-6b52-4185-b83e-15dfc5686cf0,13,1,13.931777954134484,0.9354555292917827
1a3f7b96-557c-4c8e-99fb-326574cfa96a,2026,2026-02-21,ea75002f-0c50-4cca-8d60-8926c2f2c077,5cf39234-dfea-4208-be18-092f71c2f05c,13,1,9.35705784952732,0.8543082275538486
1bc49532-4cfc-4eca-8503-9d699375cf82,2026,2026-02-21,63c7d34f-6b58-4a80-ae86-320a182ddcc5,955bd58f-0ae1-4b55-af26-b19062a2c04c,-11,0,1.260094911963971,0.5373322942915749
1eaae818-a78b-4202-9f13-4c12e16d78b7,2026,2026-02-21,2a864769-3bff-4022-a96e-3092caef4c93,0270a5a5-82db-4c54-901d-c9c8dfe3741a,2,1,-1.0174991262172697,0.5053712737993549
1ef1a64e-32a1-4026-8a61-bec98534e46b,2026,2026-02-21,c5d35bbc-89d4-412c-8778-037158252c91,b7139fdd-2b24-42b2-80d8-3cc79042b563,14,1,2.3568988976483354,0.5878350510606177
1f04a87d-651a-420c-877c-45757529dbee,2026,2026-02-21,ab2292aa-bfd3-4e49-a17a-cf970962e75d,2780a057-59e9-4719-9190-6a16ecffbaba,12,1,7.603889342172155,0.6672703331727461
21a1650c-fb40-4af3-9f76-b3ef160c97ea,2026,2026-02-21,364c8255-118d-4dcd-aa72-a62621e3aeb6,bd78de3d-6129-4bfa-8203-6ad7e79b5e54,1,1,-6.8211955057479345,0.25056334990799334
22a41f97-851b-49aa-bea9-d139c603f188,2026,2026-02-21,592b259a-709d-44c7-b547-07d6529132b5,3b612ea1-b264-4279-9f72-b45216bfea4b,-21,0,1.748446057914352,0.5660455713003015
26422d6a-d396-4bac-9cbe-dc757dfeb6e1,2026,2026-02-21,0ec33aa5-020d-49e7-ac6a-2ee825d15102,cb1b95af-f118-4a94-a324-d05b88869a43,-12,0,-6.3587547232052195,0.2804485872250389
271a43f1-3631-400c-95cb-093a79bbf6eb,2026,2026-02-21,2ffb1e88-0784-478a-b74b-a0a0832b4e30,b9984408-0526-4a1b-9cb3-d6450264dcd5,-12,0,0.4633762195620208,0.52835641377761
2a911512-f058-41be-a0fd-3bc23a997e92,2026,2026-02-21,8a24da63-2163-47de-aeff-97b77094e860,31e4ae86-a8cc-4aee-986f-71aa76fea354,7,1,5.094896011432113,0.7544916789840389
2abd49c5-9f10-47a9-b810-46cbe02fa125,2026,2026-02-21,8423734f-7076-4655-b3ef-3528aa9176ff,534c782f-f9f8-4d61-845a-76e90b321da3,-7,0,1.4799852442097725,0.5837749907453039
2b0088e1-2024-44b4-9bee-84f8a915640d,2026,2026-02-21,4cc6318d-53ba-46a4-90a2-0714f3d5dc14,976a062a-415a-4be9-870e-c2b6aa726c28,-9,0,0.012943734652290689,0.47919201671115746
2e029308-90b8-495f-a768-295bd79ca1aa,2026,2026-02-21,71835168-f6e1-4523-997c-3851fc41f646,0dc6096e-6097-4da2-a279-a7e256c526e3,15,1,3.6327149057368984,0.6471657762655774
2e938e01-4de3-4413-bb05-c3892cbf7fb0,2026,2026-02-21,2c2e9f9c-9d33-474b-860c-f9230f147fcd,082024ec-29ae-4a22-8851-c5373988f9bd,-8,0,-6.362942755385059,0.27606104670374787
2f970791-d6c7-4cc4-bd0f-d6a1a94d184a,2026,2026-02-21,c64c255f-43f5-4a08-99f3-222dd9aa0731,3f9ea222-2b0c-4f93-a0e2-601346d6030a,-25,0,-13.047844424038418,0.06876212766274087
31995cec-4cbc-436b-8835-d8adf3087dc0,2026,2026-02-21,aa657c8b-9c3a-4727-9d4c-559205be3150,e3ccd256-a37a-40d8-b059-aca05f884ee1,5,1,6.388946172172869,0.7346741752981316
33893873-4853-45aa-ab38-058b63dc1fd8,2026,2026-02-21,113c0c3d-54d6-4c64-b168-7ea3f3c20e76,96e82d65-67c2-4e96-a2fb-d7ca3dfe1353,5,1,4.284913627213986,0.6675155479658895
3725adaf-d65a-4fae-8eb8-4f1a7025a2f2,2026,2026-02-21,69288ce9-31e9-4d18-9e18-89226b85a2cf,07e79f5e-ccc8-487d-ac1c-fbd82b43bb75,9,1,3.466327481143288,0.60899881351215
39a79b5e-10c4-409f-9db2-16c4756f4a90,2026,2026-02-21,ad6d1a77-a3c3-4d10-9a5d-52b851597e67,d1623d0a-64d7-43e3-9f9b-36356767823e,4,1,1.6150420276562494,0.5928161473041117
3ae96f92-9b3b-49bd-95db-f475b27fd0d9,2026,2026-02-21,b7591c8b-00fa-47a2-8280-adf031b24a4f,aaa0be6c-4ab2-4cc9-be12-f8658ecddc9f,-3,0,2.440746138250274,0.6177129751722795
3ca54cbb-bd33-4ae1-9357-8ae2d39340cc,2026,2026-02-21,acbf5eb9-3a63-471d-8199-6067f912deaa,3203894c-786c-4e1f-ada5-c785afe033a5,22,1,14.043575127125717,0.9060599234589052
3ebfc2bb-9f8f-49a5-b7dc-50677e00873a,2026,2026-02-21,b86cac40-e643-41b0-ba96-76ef03712c8c,8da08445-76e5-4e98-be98-4f101d670980,-2,0,-6.3171277201266065,0.2934039763749559
3eec4ed4-f820-4421-84f5-f5191e2055a0,2026,2026-02-21,512bdb5c-66bc-40fa-a392-cffe3e058403,6899ea71-b4b1-45de-a54e-8eaefcc5e6f4,-21,0,-3.6200682299649123,0.3755791873707346
438b98df-67a1-4467-ba1c-30b01184d6e1,2026,2026-02-21,9c60e9b3-29b6-431d-92e1-307e1c2f1c15,9a2c2dfd-070d-4aff-bdc8-ea71e1ff510f,-6,0,-3.3534447007080384,0.36716184051240036
454dec3d-f352-4618-8ffd-e37da1f27cac,2026,2026-02-21,bff1b03d-2382-45fa-a062-45884591e89a,20bb1fdb-2581-4660-92f8-ad08c3a60acb,18,1,1.9086026325830434,0.5502059051084114
4570cfcd-8ac8-4a63-8755-3d2594cd17fa,2026,2026-02-21,6cbdd7e0-da8a-4b62-98fa-35c1f62f4afd,72daa240-1119-4159-899a-d81875c1c916,-9,0,-0.170626610195911,0.4602520514732675
48e4b42c-9e43-49d6-acff-8352374bfcfe,2026,2026-02-21,1b50e98c-801a-4835-9b4e-b0d563152b2b,023d3704-bd8d-4c41-a3dc-e747ba7ed642,13,1,5.774560335548689,0.7407715011073988
4959d380-5328-4166-aa3b-8193415991b6,2026,2026-02-21,47c889b3-c1a2-4035-ab56-edaeee3a3c86,8cc8f38e-384d-42b4-906f-97ff66fee7d7,-6,0,-5.259478656669561,0.3265490476802008
4a10747c-6ba4-42c2-aae3-fde2acda238e,2026,2026-02-21,e2d3ca81-2525-473b-8700-136b6939d5b4,a2fd0527-f20a-4add-9101-ff8babf6ceaf,4,1,13.61277717453673,0.9061765033481579
4b384914-8277-4dfb-a17a-2b1a72253b20,2026,2026-02-21,62093611-a202-4f7e-8d13-ed4c5498a9c1,fff2e22f-8e66-494d-a434-8838f329f8a0,-4,0,10.294476771629835,0.836116910017994
4b4150a4-a743-43b3-aa22-9b591619b5d3,2026,2026-02-21,2390b5f2-24b9-453a-b023-e7b36da375b6,5c4db420-ac2a-4491-9f2f-f15fdf65d283,36,1,19.897234209874718,0.9819292719188589
4c18a3fc-91af-44cd-a110-59ced021f3e8,2026,2026-02-21,813f7a1c-6264-4e11-88e2-21dcd0072c0a,a4e52f2f-5193-40ce-a997-0e0be093d86a,6,1,6.131374924825493,0.7760355270287521
4cfc5341-1374-462b-9921-24f4d8af9fb3,2026,2026-02-21,b58418f4-b3ae-444a-8ada-74ff43e88ea9,f598c6c5-97cc-41a4-83b2-84f08d3397f9,-5,0,7.491073801824163,0.8291390882542401
4e6ea76e-d786-459b-b3f0-8f782fce1e41,2026,2026-02-21,9aef881d-7fe2-4fb3-a80d-0b567f388490,68f210a8-33bd-4d79-a5b0-222aabe727e7,-3,0,-0.020019993244528647,0.4826052233176376
4eca6456-8dd4-44f4-88fd-82d54c1b385d,2026,2026-02-21,2a453d52-4fcb-44e2-84c8-d2c1f91eccf1,cdda7902-04cd-4834-972b-072f59dd1474,5,1,6.425703605855698,0.7627904683414344
5157b967-43ea-43e4-b105-2423cf7049e7,2026,2026-02-21,160d00cd-1792-45ab-a465-c2d2dcdcab1b,2c2ff68e-eb76-44f0-b27d-9426785932d8,-8,0,-4.885985259432545,0.3075286392307451
5230875a-13e5-4b9f-b01c-86fb86eccf2c,2026,2026-02-21,fdfebc81-138f-45de-ad5a-cdb4c98c5dc1,51b50cb5-097f-453e-99eb-4175d27ed1bd,-13,0,-1.3294319851571055,0.4468077434281223
5568946a-5ea0-4c27-af30-e39eac4b393a,2026,2026-02-21,1cff0c34-63d9-4a64-a258-a50e61fee7cf,d7af5a06-c331-48d5-a768-4a3627420b0d,-19,0,-11.55791509799518,0.14792197252191175
58d15643-33ab-49a7-930e-64c35a6ef872,2026,2026-02-21,e80d2384-bdc2-4f58-b09a-284a659a4d81,3dfeaa6f-de19-4029-bdaa-0f2bd8ea04c1,-10,0,-5.333289260710386,0.31365311088089004
5ba956ed-b962-45f9-8702-b0eb71865039,2026,2026-02-21,62c7a397-21d6-4b22-9b24-ba5a29ee8771,98674fec-442f-4d8e-bff0-fca634b9ceb1,-3,0,1.8222134796453089,0.5680766762672925
5ef18edd-fe71-4ee1-95f8-747c663db73a,2026,2026-02-21,ed6e30f8-d1f2-451b-9a26-5c7f21af0125,a01ea865-0b00-4f54-90fd-8674ed23cf26,-4,0,4.709276699610116,0.7214553571448382
62ef2caf-5e2b-4f7e-bad0-242d35398cb6,2026,2026-02-21,d88ac8c9-9fc8-4e76-9426-cf44fe70db47,cc517ba4-b26c-41e0-bc91-66f5ceb16558,29,1,14.782821260436718,0.9418941859431298
65c41ac0-cb4e-4f68-a49f-f53f69b96f00,2026,2026-02-21,977af06b-e276-4d26-9f4d-4b3c41c67885,fff30549-83b5-4c44-9f3d-444f65ede45f,8,1,6.6550951452058795,0.7819004260402116
66844ae1-09bb-4495-9ab1-1a237ee6e9b8,2026,2026-02-21,eaa03f66-f667-48c2-9f30-ccce38d89e56,d1841f3d-03f4-419e-bedf-c218d150aa9f,17,1,21.273406571650145,0.9825427299493941
67496eca-25d1-4db7-9af9-70da6e76a427,2026,2026-02-21,e020519a-e90e-4b63-bb2c-f17dc31b5a56,61080933-9c42-4844-9cd9-7cfbcb9cf94a,8,1,1.5503744745603687,0.5151037052269322
6b489fda-6b79-4944-9686-5758988f2e18,2026,2026-02-21,3b0fb0e0-1625-4a53-8ad2-e353ec84cb0f,6b34a383-3696-47ff-99bf-1b690f616a28,3,1,3.6955573132676753,0.6644517704955557
6c2c927b-dbd2-443d-ade8-12d9ab40dc18,2026,2026-02-21,34176634-892e-43b1-917d-cc003f8b9c03,53e97ae2-3cae-46c5-8353-41eadbb17d61,13,1,-0.7183562433298429,0.45394598148694454
6dbc3a0b-c718-4726-a285-051aee0fd025,2026,2026-02-21,26a9b9da-a6e0-4e12-a95c-e1e51e72fcb0,1aa7f46f-1a21-46c8-a8b8-ee19ee4b1e6e,16,1,10.012388574460266,0.8719590033001471
73515e07-ad1b-437f-a09a-9cf0ab6d7bd9,2026,2026-02-21,b468e5c1-fd80-4c61-8545-54a03c959ff1,69001211-8ae2-4829-9746-40b6a0858890,11,1,4.290111060803977,0.66333824360655
752aeb53-c8a7-4bdb-987e-2e0b29168b25,2026,2026-02-21,e088b1fe-16ee-4cf1-baaf-6ce4139f13df,0b613bb0-e3c8-412a-8845-b9807552ba60,2,1,-6.878984435890235,0.24991144663047776
786fcf11-6fb8-4fc1-b82b-71ad8120be62,2026,2026-02-21,f497a267-e78e-43dd-9ab3-4299cf11c08e,fc1af6b7-242a-42bf-bbe3-325108828697,5,1,3.4976650821284885,0.6502719782146174
7882a1c2-8f1d-4f85-9fd1-153c7836813c,2026,2026-02-21,bcadcb9e-4b19-49d8-a836-b1224d88a96c,3710f3f1-b8c6-4f75-85b7-66deba7d916a,-4,0,3.2717869375301967,0.6170228471339497
7b4016fa-ca37-4cd7-ac0a-5af50a36b0ad,2026,2026-02-21,2b7eed3d-9921-482b-a193-759486c9b225,19bed18e-691d-4e79-aeaa-771b745bf2a1,-5,0,4.782222540862036,0.6796066271567822
7d4f3548-16ce-45fa-9451-8635679401f5,2026,2026-02-21,d414d5fc-8653-43b8-ac66-ec8f63c74c82,d9469ea9-44c5-4803-8d5a-39cf4028ea3a,5,1,-0.7770441866294874,0.46754376130067854
7de34019-86f8-42f0-907c-3b25e92c4c3c,2026,2026-02-21,b28075f3-bd4a-486f-b563-0081500049b0,caae45ce-7d6f-4f0e-a536-6d05e2ae5086,3,1,9.556604085058169,0.8662787610679291
7e0e0c18-3084-4f3f-9621-c0e4b1d6b7c4,2026,2026-02-21,e4afe8a2-8546-4df5-b5e9-cd85edc8fc62,b81dac67-4cc4-4d68-b327-0ecd77fe056e,6,1,-1.4046047954264584,0.4577693912785154
7e6d6d67-7362-413d-a7a9-c50ae2b5dab7,2026,2026-02-21,c4fed5b1-14eb-4033-8832-59e6c0004cf0,afbd548e-958e-452b-ac58-5b58b416aeb3,14,1,3.6190885859174475,0.6382444302832039
838f68e5-fd21-442b-b10f-5c54f730f1c5,2026,2026-02-21,d297d4f3-0edc-4461-aa7c-7be49fc9aad9,54da433c-23a6-4200-94c2-fba0e56376df,1,1,-13.139770188897412,0.08551442534175958
86378c89-517e-45f9-9cbc-f5af72ac81dc,2026,2026-02-21,8ccf579a-f19c-4639-b260-5fa8dc2c90f0,8315c904-1e6e-43c1-a538-e2bbf8bc9ca0,3,1,-0.5582894505202874,0.44873863520024104
87350635-df26-4790-868b-24b543f4ceec,2026,2026-02-21,788df145-b514-4ea4-9ff0-bf2399dc7898,96649453-7ab9-4024-b242-590c57b62ab6,1,1,13.26306465103264,0.9238429641607381
8862c6b0-a539-4c87-a32e-c7b2fb32d3ba,2026,2026-02-21,700ebcb7-55a3-4967-b5ef-89731a047790,64d22a8e-0b18-48ea-a6a3-5619cb8be43e,19,1,6.5904295012393135,0.7890382092064022
89b9df37-d62f-4f45-8a73-c36d4a442cb9,2026,2026-02-21,32d092aa-6752-439b-89e2-6538ab8523cd,8fc903e0-95d5-42fe-8972-bae53e4456a2,-5,0,-2.7423954872405103,0.4336212840554149
89cce8fb-467a-46a9-9b31-86f9cb4fa8f3,2026,2026-02-21,131339ab-8b21-40bd-af91-c2dd728a68dd,4b705336-0b7a-4525-a3cc-151a9657a218,-2,0,2.7024775186120267,0.6488878227387498
8b7ec514-af47-45ad-aaa6-09ae35c4dcdf,2026,2026-02-21,d9908b15-814a-4283-8513-0d0ebd2430f8,0b81f60f-d170-4ec1-9003-5fc16e4afa3d,-8,0,-2.9728295151024082,0.37902905396008935
8caf1f04-366e-459d-9df1-847b0a19db4f,2026,2026-02-21,30dcebf9-dcff-4743-a05a-d994a902866a,e694b3cb-eeef-43f4-bada-32dba89664a3,8,1,4.51388035920432,0.705068655080701
8d41f7e4-990f-4128-9da3-4e65dba402d3,2026,2026-02-21,4ac9a4d0-e97a-403f-b290-b7bf3c0e8308,b979de70-af07-4320-9f20-2b9606ce8cd6,12,1,9.061609219104268,0.838809536672338
8d9d6c46-efc6-4b7e-bde3-72694d11c71c,2026,2026-02-21,ec98d839-43bb-427e-83c8-d832063ad70d,38f31497-065b-465d-ab24-3fa581de1831,10,1,-6.976568340869088,0.2698678286306041
93ba7b5d-2321-46e4-b0aa-2e1897b3276c,2026,2026-02-21,ad070c37-e224-4aea-bff9-4bb770ef38de,a296aea1-d070-4a8b-8dc4-62323ca3f942,3,1,9.095803830802632,0.8316596929767084
95eecfd4-5301-4d35-9b5c-a1f542c578d2,2026,2026-02-21,8edd905e-18d4-4618-ba73-09af639ca94e,d1177041-d515-453f-9b73-e9891b41324d,8,1,3.2695498379110335,0.6260698600609644
96109f69-5f2a-41a3-9859-074f88211cc1,2026,2026-02-21,14372359-5589-40fd-8dcc-6a04bbe7338b,60185dec-e78c-4750-a32a-2162e22a166a,12,1,7.287445227538966,0.8009259476556745
97a92ec6-b0a5-4221-8255-ee8cd7a7af84,2026,2026-02-21,af95ca9e-8a2a-4b22-9bb2-584162eb57f0,073c7f97-1dbe-4c9d-b1ec-44e92177a53b,-22,0,-9.287542898760437,0.1968289237976917
98336e3c-71fb-4503-b365-7812b4624f55,2026,2026-02-21,466a855f-207e-4dbe-bedb-07f2150174f3,9c03bc0e-03a6-4b67-a95d-bb653d5afc1a,2,1,-1.5058305395605485,0.39212570066382696
9bedff94-fac0-47a8-8d9e-980af6815c11,2026,2026-02-21,0c280802-395e-44d4-8c2a-fb539233410b,694c9825-86e3-466b-9eed-01db85397149,14,1,4.536740788690029,0.6585267866020678
9ed30555-e43c-4eed-a225-7ee5a3d2da49,2026,2026-02-21,60686ba3-d38f-468b-ac14-3d7c8518e868,72aa3e8c-3c62-454a-8f40-09b46ae0cae6,11,1,8.3586775693228,0.7852114567984538
a667776c-412a-4319-b62b-696a35ea5cbe,2026,2026-02-21,b9d6eada-8645-4be8-9331-81fb5ab905f8,de4b950e-313f-4eed-9fbe-0a05201376d1,-20,0,3.4449972521009706,0.6939186064084182
a8d79c77-7f69-4659-9427-c882f5a26523,2026,2026-02-21,1999688e-7015-4a04-8450-734eddcbcfe4,e9570bbf-fc5b-474e-b98e-151eee207d8c,-2,0,6.4462153485879465,0.7803582122639485
a98d567c-41d0-4186-8f6d-bb76789b4e25,2026,2026-02-21,ba89a28b-4588-48cf-be7d-683d7eaf21d0,6833b588-1856-4519-a296-afd069ebabfa,4,1,-1.9211064970211442,0.4260386526500536
a99c083d-af9e-47e9-b680-f51c9658ecd2,2026,2026-02-21,aa6e74ec-70a8-4e02-9b58-0e0e886cace2,517665d2-60c6-44a7-a80b-78212cfb2db3,18,1,1.8355885224423547,0.571930135305
ab237989-3b58-4d13-afed-06bc7107a73a,2026,2026-02-21,5a925022-39f0-422e-a9c8-efba8cab8218,e672d935-837a-44a6-9e69-a25859488a24,33,1,14.32111162018606,0.9194677597475178
ab3d289e-fec1-46fc-9af5-c0a0d3ce6539,2026,2026-02-21,5f39cc2c-9779-411f-87e9-7702676c6ea8,8c9b2481-8a04-4d21-baaf-cd9add16d15c,13,1,2.43339318199829,0.613359744270209
ad78ebec-4b60-4916-8a5a-60b74889c2a9,2026,2026-02-21,0792fde4-bca8-4a47-9b76-8d8191a2ac93,d3445fe1-27cc-4d88-b2df-6ce2afe13156,-16,0,-9.131742732701408,0.14502899137531866
b22264ba-460d-43d4-b774-40d7aca98801,2026,2026-02-21,897f9506-86e7-4d3e-8eea-2b85ea85fa8e,5e9a1e57-759c-40bb-aac1-6bdb058fafbf,-12,0,3.5381548220689925,0.7206934989095012
b2fcbcc1-8de3-4362-9e17-8281c47af0a9,2026,2026-02-21,fb1c029c-934e-4345-bb7e-0d199b1172bb,1b43514e-2b4f-414f-9f54-b04994ba33ac,-5,0,-2.6696848649055,0.3695199748429684
b6354b16-d71d-4c30-8061-444414718cdf,2026,2026-02-21,87d79a84-23f3-4e7a-adbf-e627ade400ed,41a1e4ad-a290-41a2-8940-662b1fc85e89,-4,0,-5.403439589773888,0.32567284879728015
ba9e70a6-d84c-4365-aef8-ab05d25b4809,2026,2026-02-21,89146125-2618-4b85-9bb2-a7d785fc8c0c,032eda63-2e4d-4c72-8c92-51b97442dea9,15,1,17.46306182956379,0.9535260710741768
bbdb36e7-798b-46a9-9e7e-a1fade59f45e,2026,2026-02-21,8121c98d-816f-4d3a-bb3c-4e9f3fbf65e3,5ffd8dae-eb73-4ad2-be80-a6ca8f4e5884,15,1,-1.2780270944570336,0.4560875768524641
bc85338d-abfc-4db4-b2a4-0be3aac7cc6b,2026,2026-02-21,94a323fa-c3d4-4718-a4bf-f6dd1c93c5c9,90df5863-ccc6-4ffe-b441-dee520cc7fed,23,1,18.48690788366562,0.978663329404432
bddcc47a-7ef5-46dd-9281-c070bceac3b8,2026,2026-02-21,9b933a83-ef6d-49c0-ade8-facfdeda3183,1caae9e8-45a5-4b50-88a3-e3d388c52d33,17,1,13.860066020864148,0.9392937628040195
c1489635-cccb-4e81-84b4-8a6937a6a580,2026,2026-02-21,474c10f3-c223-42d9-b9e9-48c37898ace8,7da471c0-9955-4f80-b861-d7753ac5a7eb,4,1,6.582294434693249,0.7158141899216166
c1df477b-1f0b-4d24-88de-f6f285e8bded,2026,2026-02-21,9111a425-068f-425e-9467-f3ac4b2781f0,523dd055-c2af-425b-b849-f05ced2ae52b,-1,0,7.792479939811081,0.8180519431585712
c20a7d82-0a8f-420d-88d5-8d19527d8d46,2026,2026-02-21,edb2bfd0-017f-4df2-b9c6-d8dcacb7e929,57d94665-96b0-49e9-ab6b-a7cd6a1492d0,28,1,15.704926875391484,0.941838027377491
c249a252-442f-45b5-a708-998675f1e99a,2026,2026-02-21,9f15591e-786d-4c01-a688-1272fa1c111b,4f107cef-d28a-41e5-b9c9-9f537c5a92e2,-16,0,2.0281338422321213,0.6231108003307605
c649cf9b-3a47-483d-8455-f384c9282f24,2026,2026-02-21,6d9c7f06-e309-4b30-a7a3-37783b2b3f26,ed91598e-8b89-4385-bc40-49721b8aedd0,-2,0,1.6696572028653867,0.5963439466701352
c89e7c36-75ff-4d0b-9394-716fcfdde617,2026,2026-02-21,3ce97af9-70d7-4dc9-b13b-4f4221b9e09a,2d467e3e-e5d9-499c-a1ed-225d0c3ae91a,-21,0,-6.6199356726771335,0.2448323094988957
cb0561da-923b-4a92-b532-6f95d8799cda,2026,2026-02-21,195e638a-72ed-4f19-a47f-232630307034,4e0916c0-6045-4d71-8568-b5e486ff2f92,5,1,2.879659238356291,0.6798778654504544
cb64e190-387c-4c38-a2f1-bb41f31a48eb,2026,2026-02-21,c68084a8-36ec-4f0e-963b-561f5ea2c46e,cee4e9fb-16d1-4b9a-bbeb-6f26c9d5c340,1,1,3.5824386992651056,0.6193581297636838
cbb40163-5dba-489e-b13c-39230c43979f,2026,2026-02-21,94d2459f-8edb-4281-8038-8b2dda825fac,b9e807be-99ad-41c2-94bc-6049272e3254,-7,0,-8.970642575615615,0.16642340698924468
ccf80fe2-c229-4cac-9cd7-27a8d2396226,2026,2026-02-21,3fe51e56-cced-4ebd-bc3f-5269a8690fff,508005ba-15a8-426a-997c-b0e36e4e6b58,5,1,7.864254780197187,0.8061708462525182
ccfef9a4-6159-4999-9958-f18aa6dbdb2d,2026,2026-02-21,07f2978d-85d4-4892-8267-e6903cc20f93,3d8fedb9-0847-4666-82df-5f520b704ff4,-4,0,2.493028543876018,0.601493641530287
cf6c2f4b-6b9d-4c01-a14a-427ff5778d97,2026,2026-02-21,f1d6ac08-ce96-4b53-aaea-ae291068cf23,8a720b96-af6b-4ada-bf15-b7b80a091274,14,1,10.422746053636727,0.9129450983278206
cf85c326-7c63-47a9-af94-50bc9c73b644,2026,2026-02-21,d783c621-0bb0-477b-8bad-8785e9451e21,179abcd1-98d5-4dc8-8532-3f8ffee320c5,-7,0,0.8990385605631682,0.5822853026953013
d18c425d-e07e-4543-b10d-7c1472d7cf76,2026,2026-02-21,81d0a946-6d46-4a7d-88bb-29e19e5f5599,03914b2c-1603-4f8d-95ae-9f80025284f2,-12,0,-0.5540738390327241,0.459371793992737
d1d305e8-a3de-4bb8-b123-4d143657e10d,2026,2026-02-21,a76e8585-9bd8-4efd-ad05-93baa5c91a75,29343f0d-eec4-44e0-923a-b7c6360ad1cf,4,1,0.09039508814688448,0.5079912860284697
d2adef79-f66d-4cff-aea5-3227cdb9322f,2026,2026-02-21,18b86bee-6b10-4c86-95ef-959dd2d80cd5,d5485362-65cf-40d8-bd4e-d8c6c4613f82,19,1,7.998908657124973,0.8165901395999906
d33acd07-2849-4ddd-a95f-c9e67218f12d,2026,2026-02-21,6f01f32e-67fa-44c7-8440-24a263829a82,aa07fd1e-a03e-4554-9286-31e09a343db0,-14,0,-10.791801043068862,0.11115945756241309
d4130e28-9ada-4834-a519-7ac73c08f0b8,2026,2026-02-21,e08292aa-f0dc-4c1f-ac0c-138ec5d15372,28cde209-3ae8-4939-9d83-2a6d645d427d,6,1,1.1885960629310226,0.5824907408983921
d436a5a7-61ae-4450-a0ed-5a98838508df,2026,2026-02-21,0423c35a-c25a-42a0-a0da-e1918c78cd5f,aa9a338c-8749-42c2-8655-1caa89068a61,3,1,-2.7202773756153737,0.40290504421496626
d4a61097-22d0-4b64-b9ca-f62d3ba1b724,2026,2026-02-21,cea24043-374e-4a53-bfc3-4532caf44ea6,6038b249-00da-461c-9074-cfb1ed11d9ab,11,1,-0.7744460579943282,0.48921360291364296
d6d3ea53-6618-4953-a652-9a8ffcb66b49,2026,2026-02-21,93de5342-985b-431e-9c3e-515381b67402,65cd560f-8b8d-4b8f-8a2c-2738484621b8,-19,0,-13.38940024655118,0.10159867219349304
d7a4b4a3-4351-43d6-a40b-5491b28f6fba,2026,2026-02-21,a9a08ada-6bbe-466a-b4ef-e2fe68dce231,67bb6cc2-0917-4bf3-ba89-bc624925b956,-15,0,-5.33257206023853,0.3036894113218034
d7f3f8df-0c28-4632-bb6f-a5db90c7212a,2026,2026-02-21,69307d4c-6e7f-4329-b6c2-1f3902362083,6c5e0081-14ff-4e1b-829d-a107919bc58e,4,1,3.9807486987081746,0.6572172781455656
d817cc08-3528-4f34-ab2b-aca513517219,2026,2026-02-21,f945abf6-7dca-4e3a-b475-bceddc534fb9,d1c3793d-80d2-4adb-98a1-ac3c584bb64b,3,1,3.958480130976292,0.6990911492612508
d8b204da-9fcb-4c03-9045-205ea138140e,2026,2026-02-21,2772ac36-c719-4bcf-8a21-30eba79d1c61,cf602be1-6a27-49fd-9b3d-ab9e31f55454,19,1,4.6388115670798795,0.6700072516166815
d8dd79a8-b677-4ba6-952d-9a450f66d207,2026,2026-02-21,8c2a4a9c-1ede-4db2-aecd-cfe02e686b8e,cfae9c2f-9713-46de-9159-5064cc63dd64,1,1,7.138538026785027,0.7994935018041525
d93e662a-4f00-4397-87a1-7bfaea4845cb,2026,2026-02-21,ec7aba22-2b7a-41dd-801d-063cca9a4c1f,732365b9-1faf-46df-9c75-4571516450f0,20,1,2.908712219417345,0.5852973070038566
db37e386-ebb7-4ec0-bbf4-263300498735,2026,2026-02-21,076baa43-c839-437c-8a6b-5074277599df,33fe6f07-54b9-4b44-a9f3-e273b8b240b8,-2,0,-5.3939758720774975,0.30071019344189276
dc879731-7f27-4297-92b5-8ee3951e7618,2026,2026-02-21,95adaebe-3c7d-4cf9-9380-e96c95761e6a,fb351878-91c8-4144-83c1-92f166d447f9,-21,0,-6.605312204564634,0.29521721142417173
dca39e94-5440-44cc-92df-4e78666ee5e5,2026,2026-02-21,f31b656e-13ba-4eb7-bd53-66b20405c905,fbbdc24a-ba43-42e2-afcc-a328f0d9938a,-1,0,3.7560498660351387,0.6877137275498916
dd4c86b9-3858-4967-aedf-933402efa9ea,2026,2026-02-21,0cd88aa1-5ccf-4454-9b08-d57795a231b7,5a788fca-07ce-452c-901e-2d9250aa8f8f,-9,0,-8.44495598656856,0.21226580293043748
de858810-330b-44d1-af54-bb234c6b2832,2026,2026-02-21,84769f97-e86d-402a-9eb2-d31118f663ca,cda5f197-ae6f-4f38-a523-d1e70b218821,4,1,-2.2168618791627654,0.3741079531759016
df3464ff-8f41-4265-8959-d11f70b6eb6f,2026,2026-02-21,94d66457-cf10-4bc2-b52f-faf466454856,3b63b27c-8c94-4fb9-919f-62cd7944deb1,-8,0,-11.919609188154004,0.1468100736207906
df87a2f6-7283-4ed7-b7d7-28082bcdaf4a,2026,2026-02-21,428ae1bc-1e48-41c7-b7f1-da980b8a18b8,12fb3719-3067-4770-ab8a-b11eeb73faae,-5,0,-3.421000866038705,0.3662172174608946
dfba8049-3e76-4b97-9be8-49a1f4857fbc,2026,2026-02-21,1ba8fbd8-4401-4226-b1cc-82e937c56657,be625a9e-aede-4fb2-98ad-3c0baa02528c,9,1,1.3452260795681739,0.4388176085481181
e175bf04-e9b5-4a7f-9b52-c6f1d2403f87,2026,2026-02-21,175fb86f-dfa5-4661-89d1-221410e04eec,31ca13c7-e30a-4d9d-a3a8-5197d5e4342a,13,1,-0.14944624936250267,0.49279164089016947
e6ad9a5b-05d2-4603-b28e-be340366c3f3,2026,2026-02-21,dedb794d-6852-4b7b-904a-15cd66966a0a,c836e6fa-56f7-4920-86c0-a3d112f21365,4,1,-6.527975229206684,0.2609810459807372
ee84e6d9-6904-4686-a5a7-6b9425b93a6e,2026,2026-02-21,3ce22877-c834-4b53-aae8-5129d36175b1,86dd8d64-758b-4592-8af6-2536cef92fc1,5,1,5.913831736553732,0.7471199975945984
f75fb72f-33a2-445f-9fcd-b9d96f7564e7,2026,2026-02-21,87526af4-8053-4a04-978d-c8209eb24368,ba959da0-313c-4413-aad3-124a5c216494,-18,0,-10.020518459315156,0.1278006237074996
f8b76596-fa07-4389-b9d8-ed3baca39a94,2026,2026-02-21,9eea7343-e29b-42cd-8ec7-ccda00c95536,15e4f40d-8279-4f7a-8095-613e3a6ded31,9,1,21.718841573542313,0.9743139638941235
f9d23d8a-d6f7-42df-9bf1-0f27fe7f4736,2026,2026-02-21,fc19569f-90e8-4af1-8b2c-981d4b9b0e7d,2f197fca-5329-4606-8c7d-9bf31ea65732,4,1,11.401486920655254,0.8897266015061948
fc60323d-dca4-4c06-a3de-f2bd6fb77e6f,2026,2026-02-21,37789002-2f1a-4a5c-95f5-a4f487f719ac,2a5848e9-342f-42cb-84e8-90f6f573bc8a,7,1,7.025570618022098,0.7941343747536767
ffa362e4-dee5-4a3f-b696-b07ea3dc9166,2026,2026-02-21,ea802991-74ac-4210-b3cf-e4a4c4006e76,1ac6eb65-663f-4f4e-b7cd-bcc9ec53efe0,4,1,4.573290667819398,0.5895499841460303
fff783ac-5318-4964-b8f5-49f56c00c6d6,2026,2026-02-21,26fd3855-d3a6-4b79-a7b0-559b447f5e6c,853ab0d1-c982-4e7d-8187-8600084662c2,3,1,14.30112582719111,0.9537728261207573
020adc4e-a0ca-4d08-b788-f4a25965f7b8,2026,2026-02-22,023093fa-50bc-4974-a6da-14f0e4b070fe,1c701a00-1852-4c4a-8179-2273b474748c,5,1,0.8891254439318224,0.5534944739179686
021b2d85-7bd3-41c0-aaab-339db912f35f,2026,2026-02-22,eb5b8376-53ac-42b0-a932-bfc4994faa1e,1902edf0-3770-4094-9f92-722731ac4c93,6,1,2.0397991020207256,0.5687881998998504
1746ed4b-8519-42ca-b922-f00c130049a4,2026,2026-02-22,e6f966c6-5104-484f-a3a8-a7450aa491ae,6eed5456-f1b2-4e4b-966f-71949e9d90ed,13,1,6.191589182253267,0.6864666218564722
1d3fdc07-094c-4c65-a1cf-03c4d2229d50,2026,2026-02-22,4d6c2d4d-b59a-44c3-826e-03e969153794,5556385d-827a-48ff-a603-cddd42d7d7f3,4,1,4.445638055789394,0.6619919119699773
3c264302-8e75-47cf-8a28-5f0faebcba10,2026,2026-02-22,66d6cb28-25f0-41bc-9fb1-d15a6dfca6ac,c155c6af-1897-464f-ad91-10b605e5eb7c,21,1,12.616431567537635,0.8634419347492959
5a8d0fa0-9dd8-4388-8cc7-4f63b76c65a7,2026,2026-02-22,e23a2171-157b-49cb-bf14-34996402c465,31ce23c8-e471-4fad-b117-36f72628b875,6,1,0.7676011500815506,0.5209460944077505
5ed79db3-2af5-4d71-8cbc-fd8ca2881609,2026,2026-02-22,33a13edc-a688-48dc-a4f0-c3624bb05c07,e77246ad-855c-468d-8b07-828f76134191,-9,0,2.4673854067635648,0.5571686889600531
5f81dc41-daf1-4a81-aa44-3bacbabf8d4d,2026,2026-02-22,51ad29ad-74f3-4879-a2f7-b09ed6f1c3e4,79116858-d6a1-42d4-bb91-450b44d1e6b4,-14,0,-1.911157681364988,0.3926616767280348
804585b7-4206-4308-abc1-e4bfa6a4d18d,2026,2026-02-22,68f6ce17-8443-4257-ae33-1f240c722bfe,124dd15c-311b-4d83-becb-7150d849218d,3,1,2.8629328353576007,0.5881182861962218
83c48275-6c58-4c51-9e0c-c5893c40d3e5,2026,2026-02-22,47407d60-8e46-4d83-bf47-4b7ef8576ebc,c369d8ef-4098-4425-a977-6cf0605ab931,9,1,6.880130848391453,0.7725476915042749
a35725aa-26da-4c85-bd25-2f5fc21b7169,2026,2026-02-22,43edca99-9154-45c5-908b-5e79c98e3147,33b3ee1a-8578-4f30-9145-044433be9e46,-6,0,0.3262122646093566,0.4670930614229048
af30e222-acb7-44dd-ab21-65255174409f,2026,2026-02-22,beb97225-0e05-4be0-acb0-2fdc74f6dab4,8d2fde4f-31a7-4491-9fcc-f04ced66e74f,11,1,9.76445350776222,0.8515652873820971
af65ca66-ec3a-4c86-8a21-9be983bf8833,2026,2026-02-22,d5861555-455e-464c-919c-9e6b99ce4495,81e6f1a5-d8cd-43bb-ac87-6c20719f72f3,2,1,6.874745758231555,0.7745164903407247
b48af94a-e423-4acc-a193-a2812b29b5af,2026,2026-02-22,b5111a29-5c09-4364-809c-3686a2b45d1f,557c7aed-66c7-4dde-aef2-6dc573ec91e7,26,1,24.74433953603138,0.983424384215078
b7eecf64-5a8d-4cf9-90ee-09f9407ef7b9,2026,2026-02-22,5a3e7af6-53d5-4398-8c0d-97e0d9ac977e,6265a954-0017-44e5-bec7-cdb2fcc8f527,6,1,6.103736722029259,0.7266151849708339
bb11a3d6-c0ff-482e-a611-e46e86ec9bbf,2026,2026-02-22,528a1feb-658f-4522-a7ce-decc11b8b925,85b4dcda-76c3-41e3-ba40-71e093a8dcd5,1,1,5.14072758060657,0.7868511604665758
c48ee41e-afe2-4ef7-8710-0dfd93416387,2026,2026-02-22,cb2346de-1887-4050-8b6f-5480779486c2,c8280280-8b91-475c-9d30-faed3dc9ec3e,-6,0,3.138932064605071,0.680601521624602
e5760c4e-ae5b-47a4-b962-fe3aedfc3564,2026,2026-02-22,2232e72f-0d57-499b-a956-680031e1de18,8b53b385-4f61-4998-bac6-527e69c1fd6d,2,1,7.70524678843034,0.8020965197334305
f08d8dd2-6494-4f67-bac9-1dcf32b216f2,2026,2026-02-22,95ff4642-ef5c-46e3-982e-adab9cdca4e5,28c5e9b8-df2e-4fea-8442-2a3c31753cef,-11,0,3.8697905622059356,0.691434714771068
fc816e3c-d454-45b9-b253-1d92251768e5,2026,2026-02-22,a40a35e7-bb78-4848-a0a4-11059f3caa39,e30dcda9-70a8-4f5e-a91a-5eb2cf1e2c36,6,1,0.17685964190150222,0.5050760431814686
fe359939-5b60-4dcf-8187-44139f80d11c,2026,2026-02-22,fe6d6aa2-4515-4014-88ef-eb2bd91e54fa,b655e208-570d-40cb-a275-91f219da9058,-13,0,1.9134888804211125,0.5562689980818669
14689396-8135-4294-8d3d-6984aa0d8328,2026,2026-02-23,51b50cb5-097f-453e-99eb-4175d27ed1bd,eaa03f66-f667-48c2-9f30-ccce38d89e56,3,1,-4.520617377239741,0.313928043740121
5aa9d090-49d5-4f2e-a341-8ddfb03426dc,2026,2026-02-23,694c9825-86e3-466b-9eed-01db85397149,d297d4f3-0edc-4461-aa7c-7be49fc9aad9,21,1,20.117890750799855,0.9760985603627969
9368ab83-0bab-4d17-9bd2-6579d74a4808,2026,2026-02-23,bff1b03d-2382-45fa-a062-45884591e89a,976a062a-415a-4be9-870e-c2b6aa726c28,5,1,0.7494475495656763,0.5253955442064151
b6fa05d9-4a48-43e2-9a82-2815e0aeb495,2026,2026-02-23,26fd3855-d3a6-4b79-a7b0-559b447f5e6c,64d8d377-0ced-439d-a3a6-bbf2100037d9,-4,0,11.49500759043896,0.9165999665686729
ebc3b875-a349-4a30-9649-26b90df3b90c,2026,2026-02-23,26a9b9da-a6e0-4e12-a95c-e1e51e72fcb0,fb351878-91c8-4144-83c1-92f166d447f9,7,1,7.222539134943367,0.7962630856951319
f1408f24-5535-4c2d-b454-03538bff3234,2026,2026-02-23,4cc6318d-53ba-46a4-90a2-0714f3d5dc14,20bb1fdb-2581-4660-92f8-ad08c3a60acb,-1,0,2.090200834811309,0.6137365855227567
f221f711-d14b-42cb-8650-2f6a6529c2fc,2026,2026-02-23,95adaebe-3c7d-4cf9-9380-e96c95761e6a,1aa7f46f-1a21-46c8-a8b8-ee19ee4b1e6e,-5,0,-4.141133910472024,0.33089863892224214
f6c13335-8d06-49cd-8ca0-570b61dd3b08,2026,2026-02-23,9f15591e-786d-4c01-a688-1272fa1c111b,d783c621-0bb0-477b-8bad-8785e9451e21,13,1,-4.20707641122532,0.2803753459800368
fe7cc119-bf81-4e18-82ee-841b64bd48b3,2026,2026-02-23,65457ba7-a038-4a4b-bb9c-249804bf4db4,853ab0d1-c982-4e7d-8187-8600084662c2,-1,0,5.382360174085784,0.7096501559601339
06123a0c-c4f0-4a43-9d4a-879153ed6c95,2026,2026-02-24,edb2bfd0-017f-4df2-b9c6-d8dcacb7e929,4f107cef-d28a-41e5-b9c9-9f537c5a92e2,12,1,3.354967217014862,0.611460404234506
0b2bf45c-c0a1-4cb3-9530-838fda969f92,2026,2026-02-24,fff30549-83b5-4c44-9f3d-444f65ede45f,3710f3f1-b8c6-4f75-85b7-66deba7d916a,4,1,-3.1285443719901016,0.40160248210530963
0b9b4893-6776-477b-bd35-a719fff5d9df,2026,2026-02-24,0cc7096d-eb8d-4e4f-9906-93bf951805c5,1b50e98c-801a-4835-9b4e-b0d563152b2b,2,1,8.15089737909161,0.8113896729510819
0fdaa875-4097-4404-bb50-40a72c73135c,2026,2026-02-24,0fbb2a6f-3944-46a9-9fa8-51376e18b3d9,fff2e22f-8e66-494d-a434-8838f329f8a0,14,1,13.247733540811108,0.9240450515122263
163a1c1d-8ec7-4780-9188-54e7c4e72ec9,2026,2026-02-24,0423c35a-c25a-42a0-a0da-e1918c78cd5f,33fe6f07-54b9-4b44-a9f3-e273b8b240b8,7,1,3.053792148824223,0.6213694270709428
222dc9ce-8e39-4bbd-a306-ea6dc730669c,2026,2026-02-24,c64c255f-43f5-4a08-99f3-222dd9aa0731,032eda63-2e4d-4c72-8c92-51b97442dea9,-6,0,-4.90581105986377,0.3038032622264575
292b3b3e-a325-4929-b9db-2533bfdf54e2,2026,2026-02-24,073c7f97-1dbe-4c9d-b1ec-44e92177a53b,4b705336-0b7a-4525-a3cc-151a9657a218,1,1,5.902475771155614,0.6432808289543234
2ba4cace-24dd-4b5a-a25e-0e4871790af5,2026,2026-02-24,ed6e30f8-d1f2-451b-9a26-5c7f21af0125,c4fed5b1-14eb-4033-8832-59e6c0004cf0,7,1,3.750337831002023,0.6011417169929663
44f04e27-2703-489b-ad4b-21955c53c0aa,2026,2026-02-24,14372359-5589-40fd-8dcc-6a04bbe7338b,b7431929-7ebc-42a6-bef8-d0c5715e2c86,15,1,-2.2126519412843098,0.3708867115066533
476edaef-7beb-4260-b3ab-84906d908692,2026,2026-02-24,d5485362-65cf-40d8-bd4e-d8c6c4613f82,711ff92d-65bd-49a4-abc4-7aacd8c11f9e,-10,0,-6.783241469258422,0.2278382867398164
504acc41-1c78-4c7d-9c06-e85da70892d6,2026,2026-02-24,534c782f-f9f8-4d61-845a-76e90b321da3,0cd88aa1-5ccf-4454-9b08-d57795a231b7,-6,0,9.501151137671272,0.8260073785629783
52bc6ebe-f3f0-4599-9c78-062e54beb038,2026,2026-02-24,ec98d839-43bb-427e-83c8-d832063ad70d,8da08445-76e5-4e98-be98-4f101d670980,-13,0,4.825314132524357,0.6875737814711674
62b77d81-7bb1-43dc-9f2f-314def7effab,2026,2026-02-24,be57d339-192b-4f8a-80f9-e4dafde63035,62093611-a202-4f7e-8d13-ed4c5498a9c1,1,1,-6.088510252914994,0.33119754970517695
6acf9f91-47a4-4b78-889b-491a2e227475,2026,2026-02-24,1ed24078-84ea-4147-b356-c8543c93aa1d,023d3704-bd8d-4c41-a3dc-e747ba7ed642,-9,0,13.713999677808689,0.9317895851554613
6e1d43f5-da05-4143-88b7-397a2de7226f,2026,2026-02-24,b86cac40-e643-41b0-ba96-76ef03712c8c,38f31497-065b-465d-ab24-3fa581de1831,-16,0,-18.145307848682826,0.04966707106906706
6f862da3-681d-4cd1-a0a8-83ca6faf8e2b,2026,2026-02-24,f497a267-e78e-43dd-9ab3-4299cf11c08e,179abcd1-98d5-4dc8-8532-3f8ffee320c5,-7,0,-13.250742039604075,0.09550713522266406
766b305f-d318-4a7e-a93e-648d8ea39259,2026,2026-02-24,175fb86f-dfa5-4661-89d1-221410e04eec,2979c251-171b-4f39-b156-d19f2d179eeb,-27,0,-7.291624987147329,0.27151626064635687
8352cabe-8a61-4981-abc0-9fcc8f23ebfb,2026,2026-02-24,e3ccd256-a37a-40d8-b059-aca05f884ee1,d414d5fc-8653-43b8-ac66-ec8f63c74c82,-44,0,-20.93674818016389,0.05803765869982675
859a3246-3f52-43d4-9a21-a3abade356de,2026,2026-02-24,6038b249-00da-461c-9074-cfb1ed11d9ab,34176634-892e-43b1-917d-cc003f8b9c03,19,1,16.781384328337758,0.9479572374314609
86850f38-1be6-4daa-a1e1-a27829db7544,2026,2026-02-24,813f7a1c-6264-4e11-88e2-21dcd0072c0a,fc1af6b7-242a-42bf-bbe3-325108828697,12,1,8.431945457694983,0.7749660010016962
a4e81a0e-c144-4e54-92b3-7b0a35d7dbca,2026,2026-02-24,29ca4fda-da79-4d21-b2a3-a87a25d02733,b678d94f-1147-4cd8-b221-3155893eb1a9,-4,0,5.748363165093543,0.73905652759978
aba51b2a-a1d5-4925-b1a7-8d3a1e264096,2026,2026-02-24,8edd905e-18d4-4618-ba73-09af639ca94e,cee4e9fb-16d1-4b9a-bbeb-6f26c9d5c340,-9,0,-5.12747434850681,0.27717460250832837
b4a0e93a-3dbc-4a5f-8da0-4d9ca2db8bd6,2026,2026-02-24,b7139fdd-2b24-42b2-80d8-3cc79042b563,a4e52f2f-5193-40ce-a997-0e0be093d86a,7,1,2.279153501531012,0.5478518089081302
be0b5428-8049-43b2-9c9c-d35c3f61e15d,2026,2026-02-24,29343f0d-eec4-44e0-923a-b7c6360ad1cf,86dd8d64-758b-4592-8af6-2536cef92fc1,9,1,1.6428163734263281,0.5709675958695369
cb79a5b3-bc85-4feb-9eb9-05f36551ee55,2026,2026-02-24,89146125-2618-4b85-9bb2-a7d785fc8c0c,f598c6c5-97cc-41a4-83b2-84f08d3397f9,10,1,5.921847659488402,0.7695076428549058
cc4bda92-3879-42b8-99ec-9bfb2d54f2de,2026,2026-02-24,a9a08ada-6bbe-466a-b4ef-e2fe68dce231,a76e8585-9bd8-4efd-ad05-93baa5c91a75,-5,0,1.7226320118993033,0.6109995279933351
d1d75c7e-a37e-4fe3-a60d-bd0ade32772c,2026,2026-02-24,3b63b27c-8c94-4fb9-919f-62cd7944deb1,3ce22877-c834-4b53-aae8-5129d36175b1,5,1,2.344716500856049,0.5933205831361156
e1a46f11-7008-445d-aadb-7d7a26661e14,2026,2026-02-24,364c8255-118d-4dcd-aa72-a62621e3aeb6,f31b656e-13ba-4eb7-bd53-66b20405c905,19,1,11.312621608021566,0.8749065328427649
e2448ccf-ea4c-4c4c-9ba1-9b6f16228830,2026,2026-02-24,19bed18e-691d-4e79-aeaa-771b745bf2a1,d1c3793d-80d2-4adb-98a1-ac3c584bb64b,-10,0,-1.0498790229603767,0.4029273242871776
e6a07bc5-8dcf-46f8-835e-ebdae052e5c2,2026,2026-02-24,07f2978d-85d4-4892-8267-e6903cc20f93,c68084a8-36ec-4f0e-963b-561f5ea2c46e,12,1,2.264042814855311,0.5912074263734335
e718c31c-8243-4638-a9be-300311d7d6d9,2026,2026-02-24,d1623d0a-64d7-43e3-9f9b-36356767823e,5e1572de-c2e7-4a5b-a605-c095da467409,-16,0,2.7315767878415707,0.5982008348856365
e859dd3b-1b70-473d-9ce0-b0fba81e8c04,2026,2026-02-24,1ba8fbd8-4401-4226-b1cc-82e937c56657,076baa43-c839-437c-8a6b-5074277599df,4,1,6.5161543948166765,0.8085462103058406
ec7c9a81-df70-4461-a4e4-590490fe72f2,2026,2026-02-24,18b86bee-6b10-4c86-95ef-959dd2d80cd5,2c2e9f9c-9d33-474b-860c-f9230f147fcd,10,1,17.81889180473969,0.9695819293660618
ecae08d1-286a-4ed9-bb78-320a80fa3c8d,2026,2026-02-24,f945abf6-7dca-4e3a-b475-bceddc534fb9,7cc2bc8e-b314-42a5-81cd-bd21acdd42b2,29,1,9.482606162726585,0.7872295723940885
f3d025d8-42b2-44b6-9575-0326eef95225,2026,2026-02-24,7a2ae4f1-b509-40e8-b553-cbea5aabc4be,c836e6fa-56f7-4920-86c0-a3d112f21365,-7,0,-5.309443395777237,0.2973970368291595
f538523f-619a-4463-961c-0fd70142d382,2026,2026-02-24,d9469ea9-44c5-4803-8d5a-39cf4028ea3a,567fb73b-73a0-4437-a1ed-314d40d93e6f,10,1,24.488852490674656,0.985406782843064
0a8b2ef8-fe8d-48b4-b5e8-e5d535656741,2026,2026-02-25,977af06b-e276-4d26-9f4d-4b3c41c67885,3d8fedb9-0847-4666-82df-5f520b704ff4,15,1,6.414269745324572,0.7655082960602924
2306f298-9c05-4249-97b3-4b994c868527,2026,2026-02-25,caae45ce-7d6f-4f0e-a536-6d05e2ae5086,ba959da0-313c-4413-aad3-124a5c216494,-27,0,-8.512750025590645,0.16565437038496156
2435b7b3-fb84-4979-af80-488c12698763,2026,2026-02-25,b9e807be-99ad-41c2-94bc-6049272e3254,d1177041-d515-453f-9b73-e9891b41324d,25,1,17.038853000523474,0.9603205472039871
252754f9-d9db-42be-b6e5-45634a58faeb,2026,2026-02-25,d6a99784-3b3d-4ae0-a5c1-6689f04c9255,afbd548e-958e-452b-ac58-5b58b416aeb3,-2,0,7.906797588260743,0.8052767861786104
38d9b0b3-fb64-4ef9-8702-5302e6c131b9,2026,2026-02-25,cc517ba4-b26c-41e0-bc91-66f5ceb16558,9aef881d-7fe2-4fb3-a80d-0b567f388490,-1,0,2.683502821471445,0.5714677534016804
39142df3-ef3d-4c0c-80d7-0352bf4ba3c3,2026,2026-02-25,1902edf0-3770-4094-9f92-722731ac4c93,f37e86a7-66bd-40dc-b008-7a9017dd8f59,-19,0,-11.26848472118121,0.11983049233977348
3b567c66-ea80-449c-b9fa-9c7c55d8fce6,2026,2026-02-25,67bb6cc2-0917-4bf3-ba89-bc624925b956,0dc6096e-6097-4da2-a279-a7e256c526e3,16,1,6.937272639974855,0.7727297012259929
41b0fee6-5a12-45b3-a542-a2315484d76f,2026,2026-02-25,03914b2c-1603-4f8d-95ae-9f80025284f2,0792fde4-bca8-4a47-9b76-8d8191a2ac93,1,1,0.7936518472760652,0.5683437242698365
52c2d3b6-d91a-4734-acf5-52a2b787d517,2026,2026-02-25,557c7aed-66c7-4dde-aef2-6dc573ec91e7,2780a057-59e9-4719-9190-6a16ecffbaba,-1,0,-5.302835577736214,0.3004464322813261
5381de71-d2db-4dcc-8203-6ea7d21835fc,2026,2026-02-25,72daa240-1119-4159-899a-d81875c1c916,512bdb5c-66bc-40fa-a392-cffe3e058403,21,1,13.968688882914444,0.9521464816147838
59de4bac-595e-48f2-a849-d81cb9710b82,2026,2026-02-25,eb5b8376-53ac-42b0-a932-bfc4994faa1e,b5111a29-5c09-4364-809c-3686a2b45d1f,-34,0,-10.632994228675967,0.15020908070899402
5a718c5c-be19-463a-a2e4-8710d73d8ece,2026,2026-02-25,3dfeaa6f-de19-4029-bdaa-0f2bd8ea04c1,d88ac8c9-9fc8-4e76-9426-cf44fe70db47,32,1,3.452429335250994,0.6769992230447058
5b17912e-372b-4f4f-9aab-ef9d2b2dce63,2026,2026-02-25,d7af5a06-c331-48d5-a768-4a3627420b0d,8ccf579a-f19c-4639-b260-5fa8dc2c90f0,4,1,3.0960672841097248,0.6184943707565261
5d205e95-77c5-4efb-acd7-032a1b581ea2,2026,2026-02-25,43edca99-9154-45c5-908b-5e79c98e3147,31ce23c8-e471-4fad-b117-36f72628b875,-11,0,-5.8211439091699235,0.254577392822742
5db6fa91-ad9e-4b35-8a31-d23c7f42681d,2026,2026-02-25,e80d2384-bdc2-4f58-b09a-284a659a4d81,2a453d52-4fcb-44e2-84c8-d2c1f91eccf1,9,1,5.750592535090198,0.7699135807601138
5ddc9297-8c6e-4348-b179-d955d0bb5c61,2026,2026-02-25,b58418f4-b3ae-444a-8ada-74ff43e88ea9,3f9ea222-2b0c-4f93-a0e2-601346d6030a,13,1,10.718020914921034,0.8567288915549526
63fac13e-8b85-4c49-9423-3429809fccab,2026,2026-02-25,e41ccbd3-d51f-43e5-b037-4cb81b41b713,81d0a946-6d46-4a7d-88bb-29e19e5f5599,10,1,8.856945605024627,0.8329422352452582
7113ab15-ee9e-4a7d-852b-883ac298d736,2026,2026-02-25,9b933a83-ef6d-49c0-ade8-facfdeda3183,2ad39bf7-6b52-4185-b83e-15dfc5686cf0,34,1,21.823701612435446,0.9833075474937998
84d9034a-2056-417e-8841-e4cc43039bab,2026,2026-02-25,9eea7343-e29b-42cd-8ec7-ccda00c95536,0cc86d2a-a1ab-4ebb-a968-3d4011c8d356,41,1,26.35177383741526,0.9850152771041631
87da85e8-3a4f-4b60-88dc-ab5416d0c8d1,2026,2026-02-25,8af24be9-3bcf-49dd-8a7a-9a412402712a,1caae9e8-45a5-4b50-88a3-e3d388c52d33,11,1,4.761502240934199,0.7316908789289056
8999216e-7c96-4818-8abf-3de8a687a495,2026,2026-02-25,68f210a8-33bd-4d79-a5b0-222aabe727e7,cdda7902-04cd-4834-972b-072f59dd1474,10,1,6.649476991430079,0.7727690335694518
8ff17c9f-a31f-4c8e-b9fc-2bedd4d63682,2026,2026-02-25,ab2292aa-bfd3-4e49-a17a-cf970962e75d,528a1feb-658f-4522-a7ce-decc11b8b925,1,1,0.18517778140541755,0.4982626437244166
93a8079e-066e-4a81-a95f-09da590d6da9,2026,2026-02-25,94a323fa-c3d4-4718-a4bf-f6dd1c93c5c9,dedb794d-6852-4b7b-904a-15cd66966a0a,13,1,19.2421747303408,0.9838267433414183
9792392b-a63d-431e-9c32-6e675f83fcd8,2026,2026-02-25,93de5342-985b-431e-9c3e-515381b67402,94d2459f-8edb-4281-8038-8b2dda825fac,-7,0,3.7802627295414517,0.6607363446027649
9894a407-f406-4fa1-a53c-a753e80cf070,2026,2026-02-25,e08292aa-f0dc-4c1f-ac0c-138ec5d15372,7b637d45-2602-47f9-bf37-40d1043643b7,4,1,-3.7051217879132867,0.34585188125502664
9e218c20-e274-4299-ac77-28403428ad51,2026,2026-02-25,968fdb79-e800-43ac-b93d-53a22dee3a03,9c37b6c6-f9dc-49e2-a128-2681c0df2bf8,-7,0,-4.234614829642361,0.3337187034374276
a0ddd89b-c0ba-46c5-bff9-9b20fd4f2540,2026,2026-02-25,f1d6ac08-ce96-4b53-aaea-ae291068cf23,9293675b-8878-4a32-bee5-496b4818dbde,18,1,2.387864509078032,0.5754185663870796
a5ae2534-3950-4aeb-9821-95771a6747ab,2026,2026-02-25,41a1e4ad-a290-41a2-8940-662b1fc85e89,cda5f197-ae6f-4f38-a523-d1e70b218821,-5,0,1.4442946732103303,0.5769909526407567
a648fa3d-357d-4f71-8671-e3e833ad2b1a,2026,2026-02-25,8d2fde4f-31a7-4491-9fcc-f04ced66e74f,e23a2171-157b-49cb-bf14-34996402c465,13,1,-3.68900966219485,0.3250002985409277
a8dacd0f-3c7a-4203-b3e2-408b2cd1bf1d,2026,2026-02-25,96e82d65-67c2-4e96-a2fb-d7ca3dfe1353,39c61fcf-89b3-4523-aa61-7e031fae7e9c,17,1,3.73387854968845,0.6062505642999602
a92935fd-f628-4d68-b772-88cbb2f4e451,2026,2026-02-25,b9984408-0526-4a1b-9cb3-d6450264dcd5,6cbdd7e0-da8a-4b62-98fa-35c1f62f4afd,-3,0,6.273881064772975,0.7644272019116971
abc4ca5c-2a8c-45e7-b462-49ac68289293,2026,2026-02-25,a01ea865-0b00-4f54-90fd-8674ed23cf26,cec32a63-a501-4a6c-b2c3-dba31694d2b2,3,1,6.632628234768032,0.8109353319992174
ac7d376a-47c8-4bcc-937c-ceb12e45114f,2026,2026-02-25,b28075f3-bd4a-486f-b563-0081500049b0,51ad29ad-74f3-4879-a2f7-b09ed6f1c3e4,-1,0,7.481359473568679,0.8007432654088955
af818699-acf2-4ea2-92ca-8d316801f9c2,2026,2026-02-25,2a5848e9-342f-42cb-84e8-90f6f573bc8a,acbf5eb9-3a63-471d-8199-6067f912deaa,7,1,-0.7851593023058934,0.4611533937706609
b52550e8-4f1a-4b0d-8cba-7700123f83ca,2026,2026-02-25,6bc5ca07-a958-41a3-8a95-eb5988cd48d6,beb97225-0e05-4be0-acb0-2fdc74f6dab4,-12,0,-3.4229450269810897,0.3692432213915693
c0768da5-f948-4687-bdac-9a4973ff9121,2026,2026-02-25,fbbdc24a-ba43-42e2-afcc-a328f0d9938a,e6f966c6-5104-484f-a3a8-a7450aa491ae,14,1,-8.709299208413377,0.164156418992948
c2768a48-29cb-40eb-a11f-a9aff9f35088,2026,2026-02-25,33b3ee1a-8578-4f30-9145-044433be9e46,fe6d6aa2-4515-4014-88ef-eb2bd91e54fa,-4,0,-4.734746820756799,0.34245351669126894
c2a9be85-b747-4881-a848-50357a60470b,2026,2026-02-25,3203894c-786c-4e1f-ada5-c785afe033a5,62c7a397-21d6-4b22-9b24-ba5a29ee8771,5,1,-1.086740159523395,0.42365788203371996
c720e8f3-1e98-4241-a82c-7707f9b19c1b,2026,2026-02-25,be625a9e-aede-4fb2-98ad-3c0baa02528c,aa9a338c-8749-42c2-8655-1caa89068a61,17,1,-0.41567172144385456,0.4622398421022992
ca168afd-58e3-4d97-ba7f-65e23a42ade0,2026,2026-02-25,c5d35bbc-89d4-412c-8778-037158252c91,57d94665-96b0-49e9-ab6b-a7cd6a1492d0,9,1,5.310162884790698,0.7170015230079815
ca1cda48-f1e1-4d7c-bf98-df851fa28f71,2026,2026-02-25,cea24043-374e-4a53-bfc3-4532caf44ea6,94d66457-cf10-4bc2-b52f-faf466454856,35,1,10.143498276509694,0.8854861083466903
d35d364b-50bc-4034-8b73-3c2cfc2fc8b9,2026,2026-02-25,28cde209-3ae8-4939-9d83-2a6d645d427d,aa657c8b-9c3a-4727-9d4c-559205be3150,8,1,7.188182766817312,0.7650063560076085
d3d2c830-ec00-46e5-911f-c588eeafeef4,2026,2026-02-25,f8a7f441-6bad-4648-bfac-a202788a07f8,64d22a8e-0b18-48ea-a6a3-5619cb8be43e,1,1,-3.4160563250728946,0.3342626346908889
d4cfd431-3181-4941-b9d5-01b59365d4d6,2026,2026-02-25,98674fec-442f-4d8e-bff0-fca634b9ceb1,37789002-2f1a-4a5c-95f5-a4f487f719ac,-17,0,-4.137582815667995,0.34257685386456055
d5b73634-dd0a-42b5-8741-568cdbebaf97,2026,2026-02-25,d3445fe1-27cc-4d88-b2df-6ce2afe13156,2d467e3e-e5d9-499c-a1ed-225d0c3ae91a,19,1,4.787586014731113,0.7625660498033482
dd16a0f2-a6e0-4e89-bd26-e141cd073b2d,2026,2026-02-25,87526af4-8053-4a04-978d-c8209eb24368,33a13edc-a688-48dc-a4f0-c3624bb05c07,-2,0,1.7722846460061634,0.5664922109397159
e0629a1c-83b3-4d48-8c24-8e5df0863116,2026,2026-02-25,b655e208-570d-40cb-a275-91f219da9058,4d6c2d4d-b59a-44c3-826e-03e969153794,11,1,8.10954385206705,0.7741382800830201
e621bd85-9e29-45d8-b8c7-fd63d0818181,2026,2026-02-25,69001211-8ae2-4829-9746-40b6a0858890,65cd560f-8b8d-4b8f-8a2c-2738484621b8,-13,0,-9.172625211234195,0.14640956847571776
e9856ad7-17c8-4e56-b3f9-1cf7d257fd0b,2026,2026-02-25,6eed5456-f1b2-4e4b-966f-71949e9d90ed,6265a954-0017-44e5-bec7-cdb2fcc8f527,17,1,3.053319639563694,0.6431973054243142
ece8e363-a79f-46a0-88b0-6b44356749c0,2026,2026-02-25,124dd15c-311b-4d83-becb-7150d849218d,e77246ad-855c-468d-8b07-828f76134191,15,1,12.515194158493438,0.8974005827502467
efb39836-fde2-46ae-9658-bc1a3d978653,2026,2026-02-25,cf602be1-6a27-49fd-9b3d-ab9e31f55454,866586a7-cbbf-44c7-87fe-e9343fef12c8,-7,0,0.9185589712631529,0.511234437586018
f2b8c56f-c8a1-491c-b0a8-df5f4cac9519,2026,2026-02-25,bcadcb9e-4b19-49d8-a836-b1224d88a96c,b468e5c1-fd80-4c61-8545-54a03c959ff1,8,1,5.906289901831726,0.7685201928681319
f4ed59d3-1bbc-42b3-a366-3358e6bc73ea,2026,2026-02-25,60185dec-e78c-4750-a32a-2162e22a166a,6833b588-1856-4519-a296-afd069ebabfa,-11,0,3.0395370931395784,0.5980211191981841
f6566210-90bf-41b1-9c43-6ac4201f037b,2026,2026-02-25,79116858-d6a1-42d4-bb91-450b44d1e6b4,68f6ce17-8443-4257-ae33-1f240c722bfe,-5,0,1.9776388562665714,0.5926140533955162
0069d624-a418-46bd-a569-5692b85e4d78,2026,2026-02-26,e30dcda9-70a8-4f5e-a91a-5eb2cf1e2c36,b9d6eada-8645-4be8-9331-81fb5ab905f8,2,1,8.43347167554834,0.8482584841575621
02861763-3b76-44f8-a4ec-930f3c55160f,2026,2026-02-26,a8b565bf-c152-4fc8-86ac-49c71bf2fc1d,0cd88aa1-5ccf-4454-9b08-d57795a231b7,26,1,11.206183967544897,0.8563815145860448
03d15d60-899e-454e-869c-de75c240be1e,2026,2026-02-26,0c280802-395e-44d4-8c2a-fb539233410b,5f39cc2c-9779-411f-87e9-7702676c6ea8,-11,0,1.2689684296575328,0.5873826774293169
06fd8047-186d-4449-b70e-93fd7c8cf2be,2026,2026-02-26,bb509184-c255-4aa4-9cdb-057dd36f7a04,be3dc89e-c7d8-42a5-878d-a2f181f0914b,15,1,8.732008174023369,0.8488598218634651
088f0f26-4f18-4410-a95d-70be6ad27cf9,2026,2026-02-26,1b43514e-2b4f-414f-9f54-b04994ba33ac,a712dee9-a06a-4809-9e11-8e4b4233face,-8,0,-1.9839681845217911,0.42786758338797504
09edecae-8761-45b0-8a4a-2ee929ab30f1,2026,2026-02-26,3b0fb0e0-1625-4a53-8ad2-e353ec84cb0f,592b259a-709d-44c7-b547-07d6529132b5,9,1,-0.2292084713508195,0.4786484817479179
0d64f471-9365-4399-a408-239acdb2eeb1,2026,2026-02-26,a2fd0527-f20a-4add-9101-ff8babf6ceaf,aaa0be6c-4ab2-4cc9-be12-f8658ecddc9f,-11,0,3.145500564430348,0.6377639883086397
279c0b54-71f5-4380-ad85-422e5d52be29,2026,2026-02-26,cb1b95af-f118-4a94-a324-d05b88869a43,d9908b15-814a-4283-8513-0d0ebd2430f8,7,1,12.466039066647644,0.9361866555220218
2b349827-a392-4cc6-964c-41ac66f95c7a,2026,2026-02-26,5cf39234-dfea-4208-be18-092f71c2f05c,b7591c8b-00fa-47a2-8280-adf031b24a4f,2,1,0.9150881047677981,0.5798795376901846
2bea73fb-82a3-42db-8ee1-f17a07fa8fc6,2026,2026-02-26,6a5388a0-3d9f-4fa4-b592-775b2c31e741,af95ca9e-8a2a-4b22-9bb2-584162eb57f0,20,1,16.72159721466588,0.9437497157893731
3ab9b7eb-6ae8-4b60-b6de-52197d59e683,2026,2026-02-26,8fc903e0-95d5-42fe-8972-bae53e4456a2,de4b950e-313f-4eed-9fbe-0a05201376d1,23,1,14.494814256214713,0.9532026746405804
3f60caf4-5bbd-4370-8ef7-44cf89e4cb74,2026,2026-02-26,6899ea71-b4b1-45de-a54e-8eaefcc5e6f4,2ffb1e88-0784-478a-b74b-a0a0832b4e30,-5,0,-1.1493454638407856,0.4975706341822441
400d5412-5d45-474f-954a-543602674b89,2026,2026-02-26,732365b9-1faf-46df-9c75-4571516450f0,9c60e9b3-29b6-431d-92e1-307e1c2f1c15,8,1,7.756917135433359,0.7861248467705887
40bb082e-1a12-4c8e-8a72-aa0b16863889,2026,2026-02-26,8cc8f38e-384d-42b4-906f-97ff66fee7d7,ea75002f-0c50-4cca-8d60-8926c2f2c077,2,1,8.695688838557485,0.834151922349329
426b4c42-1228-4041-ab37-ce380229d0aa,2026,2026-02-26,694c9825-86e3-466b-9eed-01db85397149,69288ce9-31e9-4d18-9e18-89226b85a2cf,-5,0,3.605915239039947,0.5945167174423707
46591612-26c6-4b19-8bbf-6561e4470cbe,2026,2026-02-26,0fcf988c-9b3d-4eeb-bc11-4b461290749a,6d9c7f06-e309-4b30-a7a3-37783b2b3f26,10,1,1.7720299435573619,0.6141785451504862
47add7fa-5af9-4784-83bf-6ac14b931cef,2026,2026-02-26,5ffd8dae-eb73-4ad2-be80-a6ca8f4e5884,897f9506-86e7-4d3e-8eea-2b85ea85fa8e,15,1,3.223253564648397,0.6550033326460041
4bb51fa9-7a68-4b59-a6e8-e59123de54b8,2026,2026-02-26,8315c904-1e6e-43c1-a538-e2bbf8bc9ca0,1cff0c34-63d9-4a64-a258-a50e61fee7cf,19,1,20.34579101753296,0.9783893906404443
4fa27651-5950-4ecc-8298-e443251b2774,2026,2026-02-26,5e9a1e57-759c-40bb-aac1-6bdb058fafbf,788df145-b514-4ea4-9ff0-bf2399dc7898,10,1,4.066228288934833,0.7173980276605705
5215a2bc-9b00-4a0d-a567-3648cda304c6,2026,2026-02-26,b2c3c0ff-6592-4132-b527-e3784532b0a7,0ec33aa5-020d-49e7-ac6a-2ee825d15102,12,1,9.149456088352698,0.8491835826342181
529c4858-9cfd-46c6-92b1-8d07e0e84feb,2026,2026-02-26,87d79a84-23f3-4e7a-adbf-e627ade400ed,3fe51e56-cced-4ebd-bc3f-5269a8690fff,4,1,6.8305829959700946,0.7062224975777042
55be6b35-ab00-44c7-b9c6-1dbc14af3e19,2026,2026-02-26,9c03bc0e-03a6-4b67-a95d-bb653d5afc1a,517665d2-60c6-44a7-a80b-78212cfb2db3,9,1,12.068398775731884,0.8648195808641576
5fe0780f-76ba-443d-848b-45d3f418d846,2026,2026-02-26,69c2db2b-a8d1-48d3-89d0-ef9669af0b7d,131339ab-8b21-40bd-af91-c2dd728a68dd,-4,0,5.425475515175004,0.7190832203851656
66cfb895-a8f7-426a-9b5c-65b353416fe1,2026,2026-02-26,12fb3719-3067-4770-ab8a-b11eeb73faae,ad070c37-e224-4aea-bff9-4bb770ef38de,-4,0,-3.8622281944317733,0.36972628200177515
72658e3f-e503-47bc-afcf-7bb2b403449a,2026,2026-02-26,a296aea1-d070-4a8b-8dc4-62323ca3f942,428ae1bc-1e48-41c7-b7f1-da980b8a18b8,11,1,8.601206391454063,0.8433263773984768
742cfc0f-3358-4d3f-9205-723e72fd2554,2026,2026-02-26,ed251b78-3a68-4e91-b25d-08ef8bc8face,6f01f32e-67fa-44c7-8440-24a263829a82,7,1,11.129985041447974,0.9003951639799698
7768a6ca-21d8-4bbf-9182-26423b59426f,2026,2026-02-26,e2d3ca81-2525-473b-8700-136b6939d5b4,083c67a8-1a0e-42e4-b3e0-c3872a10d8c2,12,1,15.85115995796514,0.9445727309013388
77f3c6ae-d6ca-476e-94a8-d66b1fe6b8a2,2026,2026-02-26,fc19569f-90e8-4af1-8b2c-981d4b9b0e7d,ed01ba53-c6ff-488f-903e-9b348a195c03,33,1,6.2781649565521445,0.770052405983554
78a990ca-72fc-4de5-8e18-a1c7e9c07ff0,2026,2026-02-26,5a788fca-07ce-452c-901e-2d9250aa8f8f,534c782f-f9f8-4d61-845a-76e90b321da3,3,1,10.645084545228924,0.803696323206876
7cdc83bc-5bc8-4759-8590-ad7639abc08c,2026,2026-02-26,4e0916c0-6045-4d71-8568-b5e486ff2f92,31ca13c7-e30a-4d9d-a3a8-5197d5e4342a,18,1,1.357159112166626,0.595021686347083
8020356b-8c3f-4461-b545-5210928bca52,2026,2026-02-26,72aa3e8c-3c62-454a-8f40-09b46ae0cae6,8a24da63-2163-47de-aeff-97b77094e860,13,1,2.332412116938613,0.5488253506632997
8800565a-2d30-4731-9c83-62e0728bcc9b,2026,2026-02-26,508005ba-15a8-426a-997c-b0e36e4e6b58,84769f97-e86d-402a-9eb2-d31118f663ca,6,1,-6.322704884713561,0.25804542894759713
9042c9ae-e222-4479-b538-63c629e4380f,2026,2026-02-26,fb1c029c-934e-4345-bb7e-0d199b1172bb,073c7f97-1dbe-4c9d-b1ec-44e92177a53b,-6,0,3.1064456739235675,0.6191065509252198
97d1c671-9b19-432b-bcc6-2c92e5c62dc5,2026,2026-02-26,95ff4642-ef5c-46e3-982e-adab9cdca4e5,4ac9a4d0-e97a-403f-b290-b7bf3c0e8308,-6,0,-2.1667482321153733,0.38324163133700134
99aefe45-c565-4f80-a7c5-46c37c1dd372,2026,2026-02-26,0b613bb0-e3c8-412a-8845-b9807552ba60,2390b5f2-24b9-453a-b023-e7b36da375b6,22,1,2.3087195983039384,0.5961820167661362
9d90c932-cd38-4481-bb09-ae465abbc90b,2026,2026-02-26,ed91598e-8b89-4385-bc40-49721b8aedd0,1999688e-7015-4a04-8450-734eddcbcfe4,-1,0,-4.091014015177494,0.3582715930594193
9e2dd24f-1da5-4fa2-86f3-6a445c78853e,2026,2026-02-26,0b81f60f-d170-4ec1-9003-5fc16e4afa3d,69307d4c-6e7f-4329-b6c2-1f3902362083,4,1,4.409152517782803,0.5914253629032546
a61ab827-8cc7-4d60-b6e7-232234e9b7c6,2026,2026-02-26,a40a35e7-bb78-4848-a0a4-11059f3caa39,32d092aa-6752-439b-89e2-6538ab8523cd,5,1,3.511288059704567,0.6046426825914626
a7276173-7977-4f47-afaa-142f6a95fd12,2026,2026-02-26,85b4dcda-76c3-41e3-ba40-71e093a8dcd5,b979de70-af07-4320-9f20-2b9606ce8cd6,4,1,2.2336931076810638,0.6100249359346034
a9dd7081-74cd-4db4-be2c-6a6fda577a57,2026,2026-02-26,82ae3098-41a3-4c5a-92a0-aa7a592b5f7b,7da471c0-9955-4f80-b861-d7753ac5a7eb,10,1,8.834318786312666,0.8097448277295659
b425a810-6ecd-45fd-9cee-c26a7f8aae3d,2026,2026-02-26,a544a5d0-4cd1-4756-b079-30a9a7905cd0,5a3e7af6-53d5-4398-8c0d-97e0d9ac977e,-2,0,3.798344363303677,0.6707893414422855
b5435d23-e68a-4dd8-894f-6fae3a19659e,2026,2026-02-26,3b612ea1-b264-4279-9f72-b45216bfea4b,474c10f3-c223-42d9-b9e9-48c37898ace8,23,1,6.182557056699336,0.7382200652970424
b593c503-f5bf-4502-99dc-fd809857d472,2026,2026-02-26,31e4ae86-a8cc-4aee-986f-71aa76fea354,60686ba3-d38f-468b-ac14-3d7c8518e868,-14,0,-3.4683080394388437,0.344295107955196
b7b96af6-9551-4bf4-8aa2-e74a6e034b7d,2026,2026-02-26,6b34a383-3696-47ff-99bf-1b690f616a28,bf002b1c-e14e-48a8-9c75-d70de0b2a31d,2,1,4.159771480811575,0.6370213643915628
b90ed91c-cfdc-4c94-b3a0-becd53205795,2026,2026-02-26,63c7d34f-6b58-4a80-ae86-320a182ddcc5,7dc3e262-ccd4-4c87-8617-0ca6e819757f,2,1,-5.538218154676183,0.30062469187009305
ba7718db-1a4d-4a6e-aaa6-2bd65727b2f5,2026,2026-02-26,e9570bbf-fc5b-474e-b98e-151eee207d8c,160d00cd-1792-45ab-a465-c2d2dcdcab1b,12,1,18.010605271672002,0.9540387404607431
c4fc50ff-674f-481d-85a0-af4709547a5e,2026,2026-02-26,cfae9c2f-9713-46de-9159-5064cc63dd64,2a864769-3bff-4022-a96e-3092caef4c93,12,1,4.31322913769812,0.6759274735717106
cb2a68d0-4749-4000-82a1-269a3d53dba8,2026,2026-02-26,61080933-9c42-4844-9cd9-7cfbcb9cf94a,ef533bc7-18e1-474d-96db-96668fe59c22,17,1,13.264802793965837,0.9300077955400023
cde0ab26-5a31-4683-9a2d-d81d64a12124,2026,2026-02-26,9a2c2dfd-070d-4aff-bdc8-ea71e1ff510f,96649453-7ab9-4024-b242-590c57b62ab6,20,1,12.393223171225378,0.9068786418901835
cff771c9-9a57-4aa4-927b-a6348a7d042f,2026,2026-02-26,5c4db420-ac2a-4491-9f2f-f15fdf65d283,30dcebf9-dcff-4743-a05a-d994a902866a,-14,0,-9.664774981870217,0.16753924498689643
d1ff3ab1-547a-4b1a-b260-26f35bbaf2d0,2026,2026-02-26,6231ae3d-0d12-480c-83ed-e282959cb8c8,8c2a4a9c-1ede-4db2-aecd-cfe02e686b8e,-6,0,-12.946677916288115,0.08776120621900559
d455c19e-fd9a-4f33-aede-9924d0d0aa02,2026,2026-02-26,54da433c-23a6-4200-94c2-fba0e56376df,aa6e74ec-70a8-4e02-9b58-0e0e886cace2,5,1,5.004019626950104,0.7063201974156328
ed69a63c-a726-494c-9be7-c6ddc6c97c9e,2026,2026-02-26,0270a5a5-82db-4c54-901d-c9c8dfe3741a,8921f536-d6f1-4d5a-b369-5dfb136e1717,-6,0,-9.9175007194216,0.08471832279404583
ee2830e5-5559-426d-acc2-fab53f5c27d8,2026,2026-02-26,2f197fca-5329-4606-8c7d-9bf31ea65732,5c7b85b4-380b-4ce3-bbc7-e0b1ac767c3d,10,1,11.616970646864052,0.828514092248361
020ed9ce-9eec-4bd2-8baa-d16496e9fee1,2026,2026-02-28,0cc86d2a-a1ab-4ebb-a968-3d4011c8d356,81d0a946-6d46-4a7d-88bb-29e19e5f5599,13,1,3.8451836919835687,0.7022835551457692
02cdeb29-3265-4446-a929-3c0796591880,2026,2026-02-28,cdda7902-04cd-4834-972b-072f59dd1474,d1623d0a-64d7-43e3-9f9b-36356767823e,7,1,-0.06267200997931724,0.5295989503921292
05693bb8-c3a8-447b-b2f3-b2d8edd0bed4,2026,2026-02-28,2c2ff68e-eb76-44f0-b27d-9426785932d8,ad070c37-e224-4aea-bff9-4bb770ef38de,-2,0,-3.2133734586236606,0.3699084086805768
0787428d-620b-4f5f-a821-240657146162,2026,2026-02-28,8315c904-1e6e-43c1-a538-e2bbf8bc9ca0,2ffb1e88-0784-478a-b74b-a0a0832b4e30,9,1,7.988895552399725,0.794820537012469
0b3e8b45-4c9d-47ff-8346-39a0c98adbd4,2026,2026-02-28,2ad39bf7-6b52-4185-b83e-15dfc5686cf0,a01ea865-0b00-4f54-90fd-8674ed23cf26,1,1,-6.8692728763431745,0.24976614376198994
0cbe7cd8-0532-4408-9e58-b31f82e56d2a,2026,2026-02-28,6b34a383-3696-47ff-99bf-1b690f616a28,ed01ba53-c6ff-488f-903e-9b348a195c03,-8,0,-0.022904340755772242,0.49604699242039335
0f9344a0-776f-4e72-a2fe-ad4e9422338e,2026,2026-02-28,d88ac8c9-9fc8-4e76-9426-cf44fe70db47,e80d2384-bdc2-4f58-b09a-284a659a4d81,32,1,13.644191830654487,0.9012405095606969
185d9398-a7fe-4aba-9263-e21f9db43451,2026,2026-02-28,d3445fe1-27cc-4d88-b2df-6ce2afe13156,9eea7343-e29b-42cd-8ec7-ccda00c95536,11,1,-1.8300833515387305,0.3863365277003184
199d61d0-ae91-4aa8-b824-c38d5cf4b9d4,2026,2026-02-28,b81dac67-4cc4-4d68-b327-0ecd77fe056e,cf602be1-6a27-49fd-9b3d-ab9e31f55454,12,1,11.04531011115353,0.8345902535711235
19f505f9-a0af-4663-bbc3-443dab643ea8,2026,2026-02-28,bb509184-c255-4aa4-9cdb-057dd36f7a04,a712dee9-a06a-4809-9e11-8e4b4233face,-25,0,-1.0046815464055938,0.44719532679434804
1a10c171-b3bb-481e-8096-777c7a91c8ac,2026,2026-02-28,d1841f3d-03f4-419e-bedf-c218d150aa9f,19bed18e-691d-4e79-aeaa-771b745bf2a1,-9,0,-5.388419234032231,0.31478283432394505
1d15a367-1097-4b60-9aed-38e3aae3338f,2026,2026-02-28,62c7a397-21d6-4b22-9b24-ba5a29ee8771,41a1e4ad-a290-41a2-8940-662b1fc85e89,14,1,-6.33623666608925,0.23084295757015444
204000ae-924a-4828-b04d-01518afabba3,2026,2026-02-28,96e82d65-67c2-4e96-a2fb-d7ca3dfe1353,30dcebf9-dcff-4743-a05a-d994a902866a,5,1,0.25173839799259706,0.4992252007159332
22d9e82a-16f5-4407-8221-4f3c5570dd2f,2026,2026-02-28,38f31497-065b-465d-ab24-3fa581de1831,edb2bfd0-017f-4df2-b9c6-d8dcacb7e929,-9,0,13.253051308878767,0.9094733684097102
239e6f79-4801-4d3b-9a23-8bffe608c20f,2026,2026-02-28,3d8fedb9-0847-4666-82df-5f520b704ff4,69001211-8ae2-4829-9746-40b6a0858890,-6,0,3.3928667081559,0.6187737877115308
23c1f8e5-318e-4dd2-9247-bae331dde31d,2026,2026-02-28,d414d5fc-8653-43b8-ac66-ec8f63c74c82,f945abf6-7dca-4e3a-b475-bceddc534fb9,26,1,14.141739628730258,0.9214489211466081
244191fb-9968-47b9-bb98-24c0e391fc71,2026,2026-02-28,076baa43-c839-437c-8a6b-5074277599df,89146125-2618-4b85-9bb2-a7d785fc8c0c,-16,0,-6.53962121980977,0.2839335079439969
27d97f50-c98f-48c6-ae91-d2712e4204d6,2026,2026-02-28,1aa7f46f-1a21-46c8-a8b8-ee19ee4b1e6e,bff1b03d-2382-45fa-a062-45884591e89a,12,1,10.119985591412554,0.8421902807585899
298b1074-085d-4308-820f-7b6ef0900b3f,2026,2026-02-28,163cfcfa-5213-4025-8eb1-dd67b17587f8,e672d935-837a-44a6-9e69-a25859488a24,-14,0,-4.345537540259302,0.3120508555949147
2af0551d-354e-47a0-bec9-dcdd2f663502,2026,2026-02-28,28cde209-3ae8-4939-9d83-2a6d645d427d,7b637d45-2602-47f9-bf37-40d1043643b7,20,1,4.654842770984636,0.6630250479500155
2d01fea9-885b-45f4-993f-a846d7fbd41b,2026,2026-02-28,8a720b96-af6b-4ada-bf15-b7b80a091274,195e638a-72ed-4f19-a47f-232630307034,3,1,-0.439900215587582,0.4838904403210977
2f69a347-19f9-49c2-a248-7cdd766c77c5,2026,2026-02-28,beb97225-0e05-4be0-acb0-2fdc74f6dab4,4d6c2d4d-b59a-44c3-826e-03e969153794,-6,0,1.5319922386685572,0.553524578482545
316542dc-3582-430f-8f22-f2a226ca420b,2026,2026-02-28,5556385d-827a-48ff-a603-cddd42d7d7f3,e23a2171-157b-49cb-bf14-34996402c465,22,1,5.77473414233071,0.7515930181318788
351f568e-afcd-4f53-b0eb-e7dd32c1f1a2,2026,2026-02-28,fb351878-91c8-4144-83c1-92f166d447f9,4cc6318d-53ba-46a4-90a2-0714f3d5dc14,8,1,11.53641598701671,0.9119567405468055
373e507b-0e4e-4570-b0bc-cbb9cf92011c,2026,2026-02-28,f77c8c1a-5fb3-48ef-8210-484010dd5e32,523dd055-c2af-425b-b849-f05ced2ae52b,21,1,4.582757185855079,0.6821608233450474
39644b85-9cdd-4397-917c-83e6bcf1aa8d,2026,2026-02-28,ba959da0-313c-4413-aad3-124a5c216494,b28075f3-bd4a-486f-b563-0081500049b0,16,1,9.937709424592871,0.8703604560846966
39e45e91-6685-45ca-9acf-f0362406c58b,2026,2026-02-28,508005ba-15a8-426a-997c-b0e36e4e6b58,87d79a84-23f3-4e7a-adbf-e627ade400ed,-24,0,-3.384704599677767,0.38618715288673633
39ea9493-07af-407f-913d-0a50ec0e4ad1,2026,2026-02-28,33fe6f07-54b9-4b44-a9f3-e273b8b240b8,be625a9e-aede-4fb2-98ad-3c0baa02528c,5,1,2.494226911143941,0.5779734748683352
3a87131b-2fab-44ed-b6d2-2509ead30dae,2026,2026-02-28,732365b9-1faf-46df-9c75-4571516450f0,897f9506-86e7-4d3e-8eea-2b85ea85fa8e,6,1,1.0376982849528342,0.5436743738910181
3acf2db1-1759-45f9-9d63-30baa506e94f,2026,2026-02-28,fc1af6b7-242a-42bf-bbe3-325108828697,b86cac40-e643-41b0-ba96-76ef03712c8c,13,1,7.8948620115212,0.818937739511406
41c7c2fc-28f7-4ffa-9272-f70148e3034d,2026,2026-02-28,3b0fb0e0-1625-4a53-8ad2-e353ec84cb0f,5c7b85b4-380b-4ce3-bbc7-e0b1ac767c3d,8,1,17.969116485267417,0.9533981201678922
42ff18d8-3d96-47c6-baa2-81d8bad9c515,2026,2026-02-28,a8b565bf-c152-4fc8-86ac-49c71bf2fc1d,e020519a-e90e-4b63-bb2c-f17dc31b5a56,-3,0,0.6756801398855345,0.4915306369926379
44b6af6f-cd6c-488e-87cd-29f9e4c06f66,2026,2026-02-28,0b613bb0-e3c8-412a-8845-b9807552ba60,39c61fcf-89b3-4523-aa61-7e031fae7e9c,15,1,12.910451939039143,0.9221681591284178
497e7abd-40b5-4c55-9036-2d9799866573,2026,2026-02-28,1ac6eb65-663f-4f4e-b7cd-bcc9ec53efe0,13fa8aab-518b-46ed-be28-b5c24acfa430,3,1,3.6293257536128607,0.6780601379596867
4aec9812-5c2c-41d6-8d88-711fee3b9ee0,2026,2026-02-28,b678d94f-1147-4cd8-b221-3155893eb1a9,fbbdc24a-ba43-42e2-afcc-a328f0d9938a,1,1,11.818935517829159,0.8946458903600992
4b5ff24f-7647-4afc-88c9-e8948103a91b,2026,2026-02-28,e9570bbf-fc5b-474e-b98e-151eee207d8c,0fcf988c-9b3d-4eeb-bc11-4b461290749a,16,1,10.963100710648444,0.896636516478026
4b6b3022-b3a9-40e8-9476-c1a9a3ad09a1,2026,2026-02-28,af95ca9e-8a2a-4b22-9bb2-584162eb57f0,69c2db2b-a8d1-48d3-89d0-ef9669af0b7d,-22,0,-10.902173519748647,0.09530161115226884
4be4671f-5724-4f8d-b2a4-4ba765a00324,2026,2026-02-28,cc517ba4-b26c-41e0-bc91-66f5ceb16558,68f210a8-33bd-4d79-a5b0-222aabe727e7,-3,0,-1.3575570949305589,0.461052865794704
4c530dd6-ec64-45a1-b6a2-1b54eb55ae22,2026,2026-02-28,d7af5a06-c331-48d5-a768-4a3627420b0d,72daa240-1119-4159-899a-d81875c1c916,19,1,3.1420310341307287,0.6383690313349262
5246d73b-c67c-4671-aedc-802350255298,2026,2026-02-28,e77246ad-855c-468d-8b07-828f76134191,caae45ce-7d6f-4f0e-a536-6d05e2ae5086,-14,0,0.2795775357319867,0.4935500119795572
52746c81-5b6d-49fb-8d2c-1794b24b0709,2026,2026-02-28,8da08445-76e5-4e98-be98-4f101d670980,f497a267-e78e-43dd-9ab3-4299cf11c08e,-1,0,6.042285663074049,0.7844857882464845
52915499-93aa-492b-9c62-63f30d18233b,2026,2026-02-28,3b612ea1-b264-4279-9f72-b45216bfea4b,7da471c0-9955-4f80-b861-d7753ac5a7eb,32,1,10.876637275784072,0.8996372938029704
5366f414-e4dc-4618-9b92-b7c506fad8c0,2026,2026-02-28,567fb73b-73a0-4437-a1ed-314d40d93e6f,364c8255-118d-4dcd-aa72-a62621e3aeb6,5,1,-7.501921871327318,0.24907179873876345
57b3491d-75f1-421b-a14e-50b47b0739b6,2026,2026-02-28,466a855f-207e-4dbe-bedb-07f2150174f3,d297d4f3-0edc-4461-aa7c-7be49fc9aad9,-1,0,13.265680461371339,0.9338036378770959
57ceab61-3971-439b-aeca-6bdf98201931,2026,2026-02-28,083c67a8-1a0e-42e4-b3e0-c3872a10d8c2,47c889b3-c1a2-4035-ab56-edaeee3a3c86,17,1,1.9422981732392322,0.586337494143546
59b394b7-13d9-4add-b776-a10e235cbc25,2026,2026-02-28,b7431929-7ebc-42a6-bef8-d0c5715e2c86,60185dec-e78c-4750-a32a-2162e22a166a,15,1,14.775637213071471,0.942076674952238
5f354185-2856-4e22-a2fc-2802cfbfa762,2026,2026-02-28,1999688e-7015-4a04-8450-734eddcbcfe4,a296aea1-d070-4a8b-8dc4-62323ca3f942,4,1,9.698507094042986,0.8097176070491748
63238966-639d-43ab-ad39-a297c56ca383,2026,2026-02-28,694c9825-86e3-466b-9eed-01db85397149,5f39cc2c-9779-411f-87e9-7702676c6ea8,-7,0,2.6102377310359675,0.6449777651743975
6af74549-e7ec-4dc6-84c1-41f8d6bad405,2026,2026-02-28,31ca13c7-e30a-4d9d-a3a8-5197d5e4342a,f1d6ac08-ce96-4b53-aaea-ae291068cf23,-6,0,2.277309723238294,0.614841019859401
6e61f2cb-fd03-4403-a8ab-6dff3abece83,2026,2026-02-28,1b43514e-2b4f-414f-9f54-b04994ba33ac,be3dc89e-c7d8-42a5-878d-a2f181f0914b,16,1,6.614032416626053,0.8065582601517453
6ec21068-5a6b-43ec-8997-0c85c7f49961,2026,2026-02-28,e30dcda9-70a8-4f5e-a91a-5eb2cf1e2c36,32d092aa-6752-439b-89e2-6538ab8523cd,4,1,5.991961420997155,0.7490071789182111
6f2d0236-b694-444d-b87e-c7849ba56a11,2026,2026-02-28,6899ea71-b4b1-45de-a54e-8eaefcc5e6f4,1cff0c34-63d9-4a64-a258-a50e61fee7cf,7,1,15.298526470477752,0.9379926985483755
6f3a2295-d5b9-49f8-863a-bcb1817fd188,2026,2026-02-28,2d467e3e-e5d9-499c-a1ed-225d0c3ae91a,e41ccbd3-d51f-43e5-b037-4cb81b41b713,21,1,17.21016074395381,0.9573346820309826
71db8513-67ce-4157-be8c-c04fc553dbce,2026,2026-02-28,c836e6fa-56f7-4920-86c0-a3d112f21365,e6f966c6-5104-484f-a3a8-a7450aa491ae,-17,0,-3.5845825221008414,0.3737335920133415
71de1ab7-0287-4bef-abac-90be9bf53703,2026,2026-02-28,f31b656e-13ba-4eb7-bd53-66b20405c905,94a323fa-c3d4-4718-a4bf-f6dd1c93c5c9,-15,0,-5.234139682448697,0.2595515961794706
72b5e87e-993b-4189-b717-fd99326c4e68,2026,2026-02-28,90df5863-ccc6-4ffe-b441-dee520cc7fed,6eed5456-f1b2-4e4b-966f-71949e9d90ed,2,1,-9.80508707043057,0.1850398759924691
7405689c-ef1a-49fa-a464-9de048180dea,2026,2026-02-28,a2fd0527-f20a-4add-9101-ff8babf6ceaf,b7591c8b-00fa-47a2-8280-adf031b24a4f,23,1,7.034802203953295,0.8269888658728369
742cefce-6c61-4385-9036-8a9b5f7d2e2a,2026,2026-02-28,c68084a8-36ec-4f0e-963b-561f5ea2c46e,93de5342-985b-431e-9c3e-515381b67402,-6,0,5.413628370324169,0.7527840385228093
7442878e-956c-433c-a3ef-95dee84f77a4,2026,2026-02-28,cee4e9fb-16d1-4b9a-bbeb-6f26c9d5c340,bcadcb9e-4b19-49d8-a836-b1224d88a96c,14,1,-1.2111516045218196,0.40597055576821106
75cd6d32-14cf-4189-b106-5bb0b842b39a,2026,2026-02-28,d783c621-0bb0-477b-8bad-8785e9451e21,c5d35bbc-89d4-412c-8778-037158252c91,40,1,17.199706958256336,0.9660489188730508
7605ce05-5994-4e8d-abdb-8654f77f0828,2026,2026-02-28,79116858-d6a1-42d4-bb91-450b44d1e6b4,124dd15c-311b-4d83-becb-7150d849218d,-3,0,2.2656284328409306,0.5583830024455564
76c9a875-c37c-45ac-b800-f1f197fae479,2026,2026-02-28,9293675b-8878-4a32-bee5-496b4818dbde,4e0916c0-6045-4d71-8568-b5e486ff2f92,13,1,9.261224166963931,0.7797641324801415
7c9707b3-b798-4b2f-a65f-1deba799ecca,2026,2026-02-28,853ab0d1-c982-4e7d-8187-8600084662c2,95adaebe-3c7d-4cf9-9380-e96c95761e6a,8,1,8.786631254603043,0.7685376184409848
80d9a449-1327-4f2a-92e4-04910e2d09cf,2026,2026-02-28,fb1c029c-934e-4345-bb7e-0d199b1172bb,4b705336-0b7a-4525-a3cc-151a9657a218,19,1,0.8970615943583958,0.51865961300324
81c3263c-abe4-45d3-9637-6e7fe7f9f66f,2026,2026-02-28,179abcd1-98d5-4dc8-8532-3f8ffee320c5,9f15591e-786d-4c01-a688-1272fa1c111b,23,1,11.359437108337463,0.9111348325159188
81d1647f-0d80-4dd3-8d20-1c48cdbedcc0,2026,2026-02-28,64d8d377-0ced-439d-a3a6-bbf2100037d9,26a9b9da-a6e0-4e12-a95c-e1e51e72fcb0,-3,0,-4.660516908986767,0.35969344437636497
81fb9fee-711e-4d99-a99b-8a05c295a819,2026,2026-02-28,e3ccd256-a37a-40d8-b059-aca05f884ee1,7cc2bc8e-b314-42a5-81cd-bd21acdd42b2,6,1,-1.7840891194797535,0.46197085713345126
821907c0-6cf7-4711-aa32-95c2305f44a8,2026,2026-02-28,3fe51e56-cced-4ebd-bc3f-5269a8690fff,84769f97-e86d-402a-9eb2-d31118f663ca,15,1,-1.3419978484549557,0.4769662872596832
8231303c-c4e2-43b2-a313-2150446bc59e,2026,2026-02-28,3710f3f1-b8c6-4f75-85b7-66deba7d916a,b9e807be-99ad-41c2-94bc-6049272e3254,-2,0,0.9220067321132834,0.5389043207242674
839bf13e-fbc9-4bf9-810a-d030dc6cb591,2026,2026-02-28,51b50cb5-097f-453e-99eb-4175d27ed1bd,700ebcb7-55a3-4967-b5ef-89731a047790,7,1,2.1515307847704377,0.5870756267350925
8477c27c-a51f-43f3-b5be-8f9d8a11e208,2026,2026-02-28,032eda63-2e4d-4c72-8c92-51b97442dea9,1ba8fbd8-4401-4226-b1cc-82e937c56657,-12,0,-9.012218041670435,0.22795808205203746
852b8237-8066-4be4-a265-1679aa9fd0b4,2026,2026-02-28,fc19569f-90e8-4af1-8b2c-981d4b9b0e7d,bf002b1c-e14e-48a8-9c75-d70de0b2a31d,5,1,7.508796556165134,0.8094296602741212
88ec43d1-4e24-421b-bbde-26cf835d750e,2026,2026-02-28,160d00cd-1792-45ab-a465-c2d2dcdcab1b,6d9c7f06-e309-4b30-a7a3-37783b2b3f26,-1,0,-7.133000352354368,0.25299193871539283
8e761174-a1cf-4dd9-8255-c2008933fcc6,2026,2026-02-28,e4afe8a2-8546-4df5-b5e9-cd85edc8fc62,2772ac36-c719-4bcf-8a21-30eba79d1c61,-6,0,-1.4301803829988406,0.4180730970927324
90b456ae-e4a7-4e95-97e2-3cb5c2c4e0eb,2026,2026-02-28,9a2c2dfd-070d-4aff-bdc8-ea71e1ff510f,788df145-b514-4ea4-9ff0-bf2399dc7898,-9,0,-0.5008608784467813,0.4862195938794666
91602d23-d9c9-435e-b68f-aa764b85c29e,2026,2026-02-28,b655e208-570d-40cb-a275-91f219da9058,43edca99-9154-45c5-908b-5e79c98e3147,19,1,13.463456080445885,0.9402430512548866
9392b5ae-1d2a-48be-b093-653318b8e5fa,2026,2026-02-28,d1c3793d-80d2-4adb-98a1-ac3c584bb64b,f8a7f441-6bad-4648-bfac-a202788a07f8,22,1,17.18031242900224,0.9779770249132512
97f96b7c-5295-4ee0-aebb-65492b5aa60f,2026,2026-02-28,61080933-9c42-4844-9cd9-7cfbcb9cf94a,8423734f-7076-4655-b3ef-3528aa9176ff,14,1,10.437747089815277,0.8892917199342923
9ee32498-4d50-402b-8b90-0d829a79dfc8,2026,2026-02-28,2c2e9f9c-9d33-474b-860c-f9230f147fcd,be57d339-192b-4f8a-80f9-e4dafde63035,-36,0,1.184529882195531,0.5270578699277849
9f1b048e-4b3a-44d7-97aa-e47cd58bf3ca,2026,2026-02-28,428ae1bc-1e48-41c7-b7f1-da980b8a18b8,ed91598e-8b89-4385-bc40-49721b8aedd0,11,1,1.0951058623715264,0.5525363691286408
a2d1ed53-8c59-4d1f-a9e2-a5234371f3f7,2026,2026-02-28,4aa5d0a9-3420-4d4f-a466-17c82d88c482,7a5b9a33-aeac-4742-af69-49a1be24d3cb,6,1,8.06904143393645,0.8660692232789978
a2f161c4-97aa-42d6-b1bd-a84c03be0ba5,2026,2026-02-28,82ae3098-41a3-4c5a-92a0-aa7a592b5f7b,474c10f3-c223-42d9-b9e9-48c37898ace8,1,1,7.618993325176419,0.824561350193751
a3610141-4661-4033-81f9-edf5b12c5286,2026,2026-02-28,b468e5c1-fd80-4c61-8545-54a03c959ff1,8edd905e-18d4-4618-ba73-09af639ca94e,19,1,13.712907109763774,0.9212694290945462
a4c30c4e-d840-479b-8122-4c50e4444089,2026,2026-02-28,03914b2c-1603-4f8d-95ae-9f80025284f2,9c37b6c6-f9dc-49e2-a128-2681c0df2bf8,-5,0,-1.0860391042971906,0.42492817266326544
a678b3da-f086-40da-b0df-e633b868f24b,2026,2026-02-28,2a864769-3bff-4022-a96e-3092caef4c93,6231ae3d-0d12-480c-83ed-e282959cb8c8,10,1,12.32330795585064,0.9078755214294573
a73dbbb5-658a-4498-988c-d60da85e1876,2026,2026-02-28,de4b950e-313f-4eed-9fbe-0a05201376d1,ed251b78-3a68-4e91-b25d-08ef8bc8face,-3,0,-5.884094798761778,0.28058056601644377
a943b252-adc8-4867-82d5-6f497711e6ca,2026,2026-02-28,f598c6c5-97cc-41a4-83b2-84f08d3397f9,c64c255f-43f5-4a08-99f3-222dd9aa0731,4,1,22.235356392276007,0.9855509568427466
af424a17-5115-49c9-ab39-1617e25f9f89,2026,2026-02-28,2b7eed3d-9921-482b-a193-759486c9b225,eaa03f66-f667-48c2-9f30-ccce38d89e56,5,1,-0.3002653676215234,0.46937218286846344
b1387a58-d74b-41e8-9303-265c19b005ca,2026,2026-02-28,64d22a8e-0b18-48ea-a6a3-5619cb8be43e,fdfebc81-138f-45de-ad5a-cdb4c98c5dc1,5,1,2.9633190389850066,0.6301667989433821
b38d9118-db5c-46b8-9348-e13c72d47058,2026,2026-02-28,54da433c-23a6-4200-94c2-fba0e56376df,517665d2-60c6-44a7-a80b-78212cfb2db3,25,1,9.746009284494816,0.8795826037695573
b3a29554-4adb-4881-a088-a1772e4ee4ba,2026,2026-02-28,fff2e22f-8e66-494d-a434-8838f329f8a0,1b50e98c-801a-4835-9b4e-b0d563152b2b,-5,0,2.5189677352383613,0.6167300864430562
b4365b47-4240-43b1-8fa4-00e035b45797,2026,2026-02-28,72aa3e8c-3c62-454a-8f40-09b46ae0cae6,b9d6eada-8645-4be8-9331-81fb5ab905f8,16,1,6.968506665239176,0.7964675748756778
b5ee5b51-519c-487d-a25c-6d5f3a084050,2026,2026-02-28,d1177041-d515-453f-9b73-e9891b41324d,fff30549-83b5-4c44-9f3d-444f65ede45f,-24,0,-5.316086609480812,0.30203855191630136
b8839fb0-3178-4d07-aa5b-7c8735fc3468,2026,2026-02-28,31ce23c8-e471-4fad-b117-36f72628b875,fe6d6aa2-4515-4014-88ef-eb2bd91e54fa,-1,0,2.386951003577497,0.6217195053624592
b9580599-c087-4e43-9bc6-2d948e0169e6,2026,2026-02-28,082024ec-29ae-4a22-8851-c5373988f9bd,18b86bee-6b10-4c86-95ef-959dd2d80cd5,-12,0,-4.236798386518089,0.3507171660845261
bae359c5-04aa-4d81-862d-e595d9b0064f,2026,2026-02-28,68f6ce17-8443-4257-ae33-1f240c722bfe,33a13edc-a688-48dc-a4f0-c3624bb05c07,10,1,12.046357943617807,0.8853540702521222
bb35a3f7-8734-47e8-b3d1-b1c379f1ed54,2026,2026-02-28,6cbdd7e0-da8a-4b62-98fa-35c1f62f4afd,512bdb5c-66bc-40fa-a392-cffe3e058403,-3,0,10.366508569179947,0.8986101018025089
bd8cf078-c816-406c-ba73-01825b002ff7,2026,2026-02-28,b2c3c0ff-6592-4132-b527-e3784532b0a7,d9908b15-814a-4283-8513-0d0ebd2430f8,15,1,17.200782417218623,0.9523515315237718
be86c85d-babc-44f8-a959-319aae8475b5,2026,2026-02-28,aa07fd1e-a03e-4554-9286-31e09a343db0,8a24da63-2163-47de-aeff-97b77094e860,9,1,13.008569866672797,0.9194552114762853
c1fe6e2c-025c-4263-8205-b049dc6b461d,2026,2026-02-28,866586a7-cbbf-44c7-87fe-e9343fef12c8,5a925022-39f0-422e-a9c8-efba8cab8218,-25,0,-11.270190369623068,0.11220646766557744
c25fe2a4-10f1-4441-a7a9-11001268866c,2026,2026-02-28,20bb1fdb-2581-4660-92f8-ad08c3a60acb,26fd3855-d3a6-4b79-a7b0-559b447f5e6c,-21,0,-12.477042154104732,0.07892016726277888
c532c9da-e477-43e1-8d83-03a0a4d54bb2,2026,2026-02-28,9c03bc0e-03a6-4b67-a95d-bb653d5afc1a,aa6e74ec-70a8-4e02-9b58-0e0e886cace2,21,1,10.536946434216413,0.8582623204172299
c5519e8e-9882-469f-87e7-f4118ddea7d2,2026,2026-02-28,57d94665-96b0-49e9-ab6b-a7cd6a1492d0,813f7a1c-6264-4e11-88e2-21dcd0072c0a,-9,0,-5.327749334434174,0.3101061478798785
c5c4e061-e224-4b0b-b391-e294921e5a4e,2026,2026-02-28,a4e52f2f-5193-40ce-a997-0e0be093d86a,ec98d839-43bb-427e-83c8-d832063ad70d,8,1,0.08089436043610143,0.5207834038557152
c832bbc1-0122-462b-97a9-c5fe99efe5c9,2026,2026-02-28,976a062a-415a-4be9-870e-c2b6aa726c28,65457ba7-a038-4a4b-bb9c-249804bf4db4,12,1,0.3065767942013094,0.4872404956186045
c9dfc27b-5f36-4754-94b8-53eab7d8940b,2026,2026-02-28,6a5388a0-3d9f-4fa4-b592-775b2c31e741,131339ab-8b21-40bd-af91-c2dd728a68dd,27,1,7.865269830869566,0.7798806468354299
cc1195af-b1ac-46ff-b0b1-ca881061b48c,2026,2026-02-28,94d2459f-8edb-4281-8038-8b2dda825fac,07f2978d-85d4-4892-8267-e6903cc20f93,-16,0,-3.251587443728315,0.39495513273341215
cd1148cb-3b81-4874-a085-da77bd2b46f3,2026,2026-02-28,5cf39234-dfea-4208-be18-092f71c2f05c,aaa0be6c-4ab2-4cc9-be12-f8658ecddc9f,7,1,1.4258890047512325,0.5321381753817042
cddd8abc-8011-490b-ae79-130fd49f1bdf,2026,2026-02-28,cb1b95af-f118-4a94-a324-d05b88869a43,69307d4c-6e7f-4329-b6c2-1f3902362083,7,1,15.18842551272744,0.9521188896917719
d0d1b997-91ff-46d9-9442-91fb21cd90a3,2026,2026-02-28,5a788fca-07ce-452c-901e-2d9250aa8f8f,ef533bc7-18e1-474d-96db-96668fe59c22,19,1,11.502123027683602,0.8593906326491844
d16f308f-b552-47f0-8720-2a04c3261bd8,2026,2026-02-28,1ed24078-84ea-4147-b356-c8543c93aa1d,62093611-a202-4f7e-8d13-ed4c5498a9c1,19,1,3.8085630680852045,0.6482822466619138
d1a87674-64fa-4225-9a72-f9b1b9d82d25,2026,2026-02-28,15e4f40d-8279-4f7a-8095-613e3a6ded31,3ce97af9-70d7-4dc9-b13b-4f4221b9e09a,-11,0,1.4161148603458538,0.5992987057161927
d2836b9a-28f8-4b17-b34b-a1af690d7b51,2026,2026-02-28,8ccf579a-f19c-4639-b260-5fa8dc2c90f0,b9984408-0526-4a1b-9cb3-d6450264dcd5,6,1,0.5461252477903618,0.5192715584153672
d6317202-9537-466f-a4a5-488f252da666,2026,2026-02-28,6bc5ca07-a958-41a3-8a95-eb5988cd48d6,33b3ee1a-8578-4f30-9145-044433be9e46,-6,0,0.8133485712019806,0.5719745559098595
d8d96d9f-f957-4a75-bc1f-e76749a61cd0,2026,2026-02-28,4f107cef-d28a-41e5-b9c9-9f537c5a92e2,b7139fdd-2b24-42b2-80d8-3cc79042b563,23,1,12.26517371773895,0.9046496350032578
dd19f95f-d6fc-4581-8bae-e8fd93a579d8,2026,2026-02-28,968fdb79-e800-43ac-b93d-53a22dee3a03,0792fde4-bca8-4a47-9b76-8d8191a2ac93,9,1,-2.1942700924637903,0.43533527857953946
dd6fdab8-ab8f-45b4-9dde-30c2662d8e57,2026,2026-02-28,5ffd8dae-eb73-4ad2-be80-a6ca8f4e5884,9c60e9b3-29b6-431d-92e1-307e1c2f1c15,21,1,7.771616876745568,0.7813191541381019
e156895a-897f-455c-8e82-a38f331b8b5e,2026,2026-02-28,aa9a338c-8749-42c2-8655-1caa89068a61,b58418f4-b3ae-444a-8ada-74ff43e88ea9,5,1,11.344465868415064,0.8828881509487947
e307fe03-25fc-459e-b6c1-59f848ed1c56,2026,2026-02-28,8c2a4a9c-1ede-4db2-aecd-cfe02e686b8e,63c7d34f-6b58-4a80-ae86-320a182ddcc5,-17,0,3.2971481028823058,0.675671855295466
e49f7d34-be4f-4a73-9ba8-a076f55c3f53,2026,2026-02-28,3dfeaa6f-de19-4029-bdaa-0f2bd8ea04c1,ad6d1a77-a3c3-4d10-9a5d-52b851597e67,4,1,15.790140740063167,0.945027001052764
e4ac2e28-cc06-4271-8a68-20d138377fe4,2026,2026-02-28,cda5f197-ae6f-4f38-a523-d1e70b218821,37789002-2f1a-4a5c-95f5-a4f487f719ac,5,1,7.750005453505162,0.7792949287926351
e5cf3ecf-81a1-4a13-a23b-1680b03ed4c1,2026,2026-02-28,31e4ae86-a8cc-4aee-986f-71aa76fea354,6f01f32e-67fa-44c7-8440-24a263829a82,11,1,5.336216186022884,0.741755891562179
e6ca6bea-bfff-4151-8007-4e4e194532ab,2026,2026-02-28,7dc3e262-ccd4-4c87-8617-0ca6e819757f,0270a5a5-82db-4c54-901d-c9c8dfe3741a,4,1,6.606186423693067,0.7718513390964074
e72c3c67-7842-4df8-a200-d9991b3eb935,2026,2026-02-28,07e79f5e-ccc8-487d-ac1c-fbd82b43bb75,8c9b2481-8a04-4d21-baaf-cd9add16d15c,-1,0,3.316481561870895,0.6621688751637623
e80cd2cc-6dd4-4f97-a3f6-c4ff3a607a26,2026,2026-02-28,3f9ea222-2b0c-4f93-a0e2-601346d6030a,0423c35a-c25a-42a0-a0da-e1918c78cd5f,2,1,-0.4743327175603326,0.5167079713208845
eaafa44f-d012-48e4-a998-ed47f473b900,2026,2026-02-28,98674fec-442f-4d8e-bff0-fca634b9ceb1,acbf5eb9-3a63-471d-8199-6067f912deaa,-3,0,0.22385673006388127,0.5620194515431376
ed73d66c-efd3-4e46-9b18-e235e5ee97c3,2026,2026-02-28,51ad29ad-74f3-4879-a2f7-b09ed6f1c3e4,87526af4-8053-4a04-978d-c8209eb24368,6,1,6.75722842461906,0.7711279749741614
ef6bda89-732d-4013-a96a-1643a280b5b3,2026,2026-02-28,5c4db420-ac2a-4491-9f2f-f15fdf65d283,113c0c3d-54d6-4c64-b168-7ea3f3c20e76,-24,0,-5.127131244098375,0.2831051781350126
effd59af-6d33-476c-b0f2-73e02912c447,2026,2026-02-28,a8ebd184-6249-4e7c-8e39-0d8d8249fe41,ba89a28b-4588-48cf-be7d-683d7eaf21d0,19,1,20.640369915258873,0.9673058894339346
f06b44c4-bb9b-4c3d-8045-17a3c096cd07,2026,2026-02-28,9111a425-068f-425e-9467-f3ac4b2781f0,ea802991-74ac-4210-b3cf-e4a4c4006e76,-6,0,-3.609895204805973,0.4087868308061298
f13113ba-f527-4437-828a-77667519e690,2026,2026-02-28,ea75002f-0c50-4cca-8d60-8926c2f2c077,e2d3ca81-2525-473b-8700-136b6939d5b4,-24,0,-7.569485309867873,0.229341959465414
f8743d10-d11c-4a9c-ae38-fc12860798d2,2026,2026-02-28,6c5e0081-14ff-4e1b-829d-a107919bc58e,0b81f60f-d170-4ec1-9003-5fc16e4afa3d,14,1,-0.24227966275742144,0.544956846342167
f8ea57cf-3dae-4846-8c9f-8b50b6031b23,2026,2026-02-28,2390b5f2-24b9-453a-b023-e7b36da375b6,e694b3cb-eeef-43f4-bada-32dba89664a3,33,1,10.409410221073168,0.887303318985078
f97849f9-1c78-439f-a0e3-940c7122bce0,2026,2026-02-28,8121c98d-816f-4d3a-bb3c-4e9f3fbf65e3,ec7aba22-2b7a-41dd-801d-063cca9a4c1f,-10,0,3.3122348930087524,0.6571245370678803
f99aa73c-6343-4d03-8b54-8934ee2b8100,2026,2026-02-28,5e9a1e57-759c-40bb-aac1-6bdb058fafbf,96649453-7ab9-4024-b242-590c57b62ab6,31,1,14.062442237660338,0.9260797714495393
fbfb7ea2-472f-4899-a032-c6d6fbcaf4c0,2026,2026-02-28,2a5848e9-342f-42cb-84e8-90f6f573bc8a,3203894c-786c-4e1f-ada5-c785afe033a5,12,1,9.082857484426876,0.8378898739981554
fd7b1cb4-9d0d-4ff5-808d-b18cc8193d38,2026,2026-02-28,65cd560f-8b8d-4b8f-8a2c-2738484621b8,977af06b-e276-4d26-9f4d-4b3c41c67885,34,1,10.865394207496564,0.8351969500139194
ff67e057-1812-46b1-92fb-b31c2b88c3c0,2026,2026-02-28,2f197fca-5329-4606-8c7d-9bf31ea65732,592b259a-709d-44c7-b547-07d6529132b5,-3,0,-7.342269339029476,0.30482953014218095
07a5ede0-939a-4174-8b83-b42fd3235537,2026,2026-03-01,c4fed5b1-14eb-4033-8832-59e6c0004cf0,f8fb3b2e-223b-4478-a029-9c1209865bdd,9,1,6.3280770325983156,0.7651564400293457
0ded0430-47a2-4770-abae-14ba839adf83,2026,2026-03-01,1c701a00-1852-4c4a-8179-2273b474748c,d5861555-455e-464c-919c-9e6b99ce4495,-7,0,-8.563800460493253,0.15985752562285388
144434a8-6b07-4c23-9fff-af5eeaa6b038,2026,2026-03-01,1caae9e8-45a5-4b50-88a3-e3d388c52d33,ed6e30f8-d1f2-451b-9a26-5c7f21af0125,16,1,0.0518279399415906,0.47820780311434696
33974ec6-9199-407f-9305-ce62dc66ab64,2026,2026-03-01,2232e72f-0d57-499b-a956-680031e1de18,c369d8ef-4098-4425-a977-6cf0605ab931,-7,0,4.228462210976935,0.6662631008791469
5577156b-0546-4a5a-9e40-46a8025b9df6,2026,2026-03-01,2ad39bf7-6b52-4185-b83e-15dfc5686cf0,8af24be9-3bcf-49dd-8a7a-9a412402712a,-14,0,-9.73019699294942,0.14826579841640727
5ebee234-9003-48d1-9d79-cea2a84e6b3d,2026,2026-03-01,71e0195c-db7a-4df0-b519-17d796d8957c,81e6f1a5-d8cd-43bb-ac87-6c20719f72f3,-4,0,-3.9811353777672798,0.29660681818528817
60b2b565-7744-4809-ad86-6776b5e90aa2,2026,2026-03-01,dedb794d-6852-4b7b-904a-15cd66966a0a,7a2ae4f1-b509-40e8-b553-cbea5aabc4be,-4,0,1.9779650830701347,0.5563373260717152
64ef7aeb-0424-4a5b-bf02-f0c9fb37a7fb,2026,2026-03-01,c8280280-8b91-475c-9d30-faed3dc9ec3e,66d6cb28-25f0-41bc-9fb1-d15a6dfca6ac,-22,0,4.924541055627493,0.6893118628399107
77ed23aa-0d02-4171-b22b-b9e80e2e9624,2026,2026-03-01,557c7aed-66c7-4dde-aef2-6dc573ec91e7,4ac9a4d0-e97a-403f-b290-b7bf3c0e8308,-17,0,-18.538865078435165,0.05458989353659796
7e2407f3-986e-45ce-a9ba-6b5535a7a8bb,2026,2026-03-01,6265a954-0017-44e5-bec7-cdb2fcc8f527,a544a5d0-4cd1-4756-b079-30a9a7905cd0,8,1,-2.1638733274480706,0.43520974253045497
83ed6101-9483-44f8-9c23-6baf98b070e1,2026,2026-03-01,6833b588-1856-4519-a296-afd069ebabfa,175fb86f-dfa5-4661-89d1-221410e04eec,7,1,10.139083734666876,0.8560770693750345
862818aa-ac49-4e02-a20f-2c0d0c399a8c,2026,2026-03-01,cec32a63-a501-4a6c-b2c3-dba31694d2b2,d6a99784-3b3d-4ae0-a5c1-6689f04c9255,-22,0,-8.125782064118578,0.21694270537627203
899472f5-fe67-499e-ac70-b863e104abec,2026,2026-03-01,8fc903e0-95d5-42fe-8972-bae53e4456a2,60686ba3-d38f-468b-ac14-3d7c8518e868,-3,0,5.698262571932287,0.7489377204474671
937875c4-0918-4758-b6e6-ebc10f53bfc8,2026,2026-03-01,28c5e9b8-df2e-4fea-8442-2a3c31753cef,528a1feb-658f-4522-a7ce-decc11b8b925,-4,0,1.4292379338258647,0.5332638867177922
9b1019db-c69a-4990-9e8f-b5db41bb9b82,2026,2026-03-01,5e1572de-c2e7-4a5b-a605-c095da467409,9aef881d-7fe2-4fb3-a80d-0b567f388490,-11,0,6.983829657598251,0.7929590678486359
9f7aa25f-5557-454c-9572-07a814b84576,2026,2026-03-01,b979de70-af07-4320-9f20-2b9606ce8cd6,1902edf0-3770-4094-9f92-722731ac4c93,-6,0,6.093893270865313,0.8028300666991708
a5329127-4b30-4990-99fc-d23e62633138,2026,2026-03-01,85b4dcda-76c3-41e3-ba40-71e093a8dcd5,ab2292aa-bfd3-4e49-a17a-cf970962e75d,1,1,5.5910890810258,0.7286010253765918
b28ed2a4-02aa-484d-91c7-3614ae6352d4,2026,2026-03-01,c155c6af-1897-464f-ad91-10b605e5eb7c,cb2346de-1887-4050-8b6f-5480779486c2,-4,0,-4.149632051745507,0.3071416964383148
c5e602b6-1b9f-4d2c-b1c2-7a546ea2decf,2026,2026-03-01,f37e86a7-66bd-40dc-b008-7a9017dd8f59,eb5b8376-53ac-42b0-a932-bfc4994faa1e,28,1,16.777712470821623,0.9560429185756223
c8d4d927-822e-49e4-b6cb-01223ae2f961,2026,2026-03-01,29ca4fda-da79-4d21-b2a3-a87a25d02733,5a3e7af6-53d5-4398-8c0d-97e0d9ac977e,-13,0,-4.175312456044421,0.3533546359512955
e297da47-0530-4409-80bc-b129f3739dc9,2026,2026-03-01,2780a057-59e9-4719-9190-6a16ecffbaba,95ff4642-ef5c-46e3-982e-adab9cdca4e5,16,1,-3.3910362177503766,0.30681817220848573
f3f0a32c-19ef-4f9c-9ac7-d60c6acd24f8,2026,2026-03-01,47407d60-8e46-4d83-bf47-4b7ef8576ebc,023093fa-50bc-4974-a6da-14f0e4b070fe,15,1,14.275848561510228,0.9561796188862138
f670a51e-58e9-408f-a175-754baf529002,2026,2026-03-01,afbd548e-958e-452b-ac58-5b58b416aeb3,9b933a83-ef6d-49c0-ade8-facfdeda3183,7,1,-0.275172379492428,0.4665727349526936
08813ce3-8de7-4aec-b545-85f0793c166b,2026,2026-03-02,96649453-7ab9-4024-b242-590c57b62ab6,5ffd8dae-eb73-4ad2-be80-a6ca8f4e5884,-11,0,-7.547802045815161,0.1962002711338813
1230b6c2-4637-43e2-9572-db72efc2c463,2026,2026-03-02,853ab0d1-c982-4e7d-8187-8600084662c2,26a9b9da-a6e0-4e12-a95c-e1e51e72fcb0,-10,0,-9.031171592387988,0.20165127958268161
15daa504-5c34-4c99-86f4-a09296f6fd3e,2026,2026-03-02,7cc2bc8e-b314-42a5-81cd-bd21acdd42b2,d414d5fc-8653-43b8-ac66-ec8f63c74c82,-29,0,-14.032185597507537,0.08104947642363922
23d6f798-6b8b-4950-ab17-efd4c36db508,2026,2026-03-02,64d8d377-0ced-439d-a3a6-bbf2100037d9,95adaebe-3c7d-4cf9-9380-e96c95761e6a,-4,0,6.726827034756548,0.7880796368041566
2c2262da-c2fd-41d7-91c9-9cadb0c0c249,2026,2026-03-02,5a925022-39f0-422e-a9c8-efba8cab8218,e4afe8a2-8546-4df5-b5e9-cd85edc8fc62,20,1,24.97111347289662,0.9847174884777188
3a275bb2-3e06-4e72-9ab9-eae2b29d1add,2026,2026-03-02,976a062a-415a-4be9-870e-c2b6aa726c28,26fd3855-d3a6-4b79-a7b0-559b447f5e6c,-8,0,-10.979246862432701,0.12492114944872613
3be6afcd-af3f-44bf-ad6c-f61266c57271,2026,2026-03-02,163cfcfa-5213-4025-8eb1-dd67b17587f8,cf602be1-6a27-49fd-9b3d-ab9e31f55454,-2,0,3.8903487227981133,0.6088304968651506
4bccb73e-fa95-4954-8cc5-12f9756e0d3c,2026,2026-03-02,788df145-b514-4ea4-9ff0-bf2399dc7898,732365b9-1faf-46df-9c75-4571516450f0,28,1,6.694664154016575,0.7504652936839601
504e6875-fc3f-4779-bc15-ac23012194b3,2026,2026-03-02,fb351878-91c8-4144-83c1-92f166d447f9,bff1b03d-2382-45fa-a062-45884591e89a,12,1,14.264754724500635,0.9438384345065284
53b383f3-7951-442d-a05f-8822a0669dc7,2026,2026-03-02,866586a7-cbbf-44c7-87fe-e9343fef12c8,2772ac36-c719-4bcf-8a21-30eba79d1c61,6,1,0.6523179575902908,0.5624588519617516
5df35d72-df1a-4235-8aea-2a2e56382575,2026,2026-03-02,9c60e9b3-29b6-431d-92e1-307e1c2f1c15,8121c98d-816f-4d3a-bb3c-4e9f3fbf65e3,18,1,3.5613120500939264,0.6502909287681761
8ca02855-9698-4472-a88a-a0e228d6e658,2026,2026-03-02,1aa7f46f-1a21-46c8-a8b8-ee19ee4b1e6e,4cc6318d-53ba-46a4-90a2-0714f3d5dc14,13,1,10.251155377767292,0.8691463911614519
8f9519d3-aacf-403b-b4a5-b227f52c29a4,2026,2026-03-02,897f9506-86e7-4d3e-8eea-2b85ea85fa8e,ec7aba22-2b7a-41dd-801d-063cca9a4c1f,24,1,8.272203799865975,0.8268430343283876
a08a514b-e5b5-4f94-aa4b-7bdd15534339,2026,2026-03-02,5e9a1e57-759c-40bb-aac1-6bdb058fafbf,9a2c2dfd-070d-4aff-bdc8-ea71e1ff510f,-4,0,5.026762409932046,0.6910492596078409
e3b7e915-5e0c-4b7c-aa74-10e2d0e89a4c,2026,2026-03-02,b81dac67-4cc4-4d68-b327-0ecd77fe056e,e672d935-837a-44a6-9e69-a25859488a24,-4,0,2.7171473922551685,0.5748665302117124
e495ce3b-3d31-43e4-ab6e-551895285fba,2026,2026-03-02,179abcd1-98d5-4dc8-8532-3f8ffee320c5,38f31497-065b-465d-ab24-3fa581de1831,16,1,3.320632843353686,0.6661580317984042
f81685d2-81e7-4c15-aa75-cc15d20d2daa,2026,2026-03-02,43edca99-9154-45c5-908b-5e79c98e3147,6bc5ca07-a958-41a3-8a95-eb5988cd48d6,8,1,2.2594827905878736,0.578153387427062
fbcaed88-17a7-4bf5-980b-d218794f40d7,2026,2026-03-02,20bb1fdb-2581-4660-92f8-ad08c3a60acb,65457ba7-a038-4a4b-bb9c-249804bf4db4,22,1,-0.5752250976163222,0.41846011763125623
002cd1e6-2030-4d96-90b6-ccc0fc1a87b4,2026,2026-03-03,57d94665-96b0-49e9-ab6b-a7cd6a1492d0,a4e52f2f-5193-40ce-a997-0e0be093d86a,2,1,-3.1919632613300832,0.3834094036896206
03cf7e52-7bc2-4714-ba0b-52b05113d77b,2026,2026-03-03,4f107cef-d28a-41e5-b9c9-9f537c5a92e2,ec98d839-43bb-427e-83c8-d832063ad70d,22,1,5.120304096551907,0.7050590111605666
0d2fc57f-3964-4e61-bd65-886c0ba4b773,2026,2026-03-03,6f01f32e-67fa-44c7-8440-24a263829a82,72aa3e8c-3c62-454a-8f40-09b46ae0cae6,-6,0,-4.810679199902473,0.34384193788812584
10573f6a-d147-4e70-83e7-82523f030104,2026,2026-03-03,bd78de3d-6129-4bfa-8203-6ad7e79b5e54,fbbdc24a-ba43-42e2-afcc-a328f0d9938a,26,1,20.99576083832691,0.9795570293280408
11bce2cc-6acc-4314-a5d4-072eebe2e2a6,2026,2026-03-03,89146125-2618-4b85-9bb2-a7d785fc8c0c,be625a9e-aede-4fb2-98ad-3c0baa02528c,9,1,2.174709077777134,0.5847490237142341
1369c829-ae7f-41f0-b338-6a5ad201e15e,2026,2026-03-03,33a13edc-a688-48dc-a4f0-c3624bb05c07,87526af4-8053-4a04-978d-c8209eb24368,10,1,1.71108607984524,0.5214032181163717
152e827a-55ce-407f-ad61-83bfe5aaffb1,2026,2026-03-03,51b50cb5-097f-453e-99eb-4175d27ed1bd,2b7eed3d-9921-482b-a193-759486c9b225,4,1,0.7261940186598534,0.5053205147896749
1a3c1bdf-51fc-401a-acb7-f5d7a98a0ba1,2026,2026-03-03,c64c255f-43f5-4a08-99f3-222dd9aa0731,b58418f4-b3ae-444a-8ada-74ff43e88ea9,-26,0,-22.656266101925663,0.04127428397571778
1b22fa58-a2fe-45f8-880b-72a9149727f2,2026,2026-03-03,34176634-892e-43b1-917d-cc003f8b9c03,a9a08ada-6bbe-466a-b4ef-e2fe68dce231,9,1,-1.3621043568837665,0.46242412160626956
1cb8b00a-c14e-43a3-afcb-246e1c516fb7,2026,2026-03-03,1b50e98c-801a-4835-9b4e-b0d563152b2b,0fbb2a6f-3944-46a9-9fa8-51376e18b3d9,-13,0,-11.412656681448746,0.11094453284962687
1d02f12c-748b-446b-8d3a-fe4b58a19921,2026,2026-03-03,8a24da63-2163-47de-aeff-97b77094e860,e30dcda9-70a8-4f5e-a91a-5eb2cf1e2c36,-12,0,-2.4577623561193804,0.38926614965606166
1dd7879e-82ac-4bb4-9fae-4168e729aa9e,2026,2026-03-03,8cc8f38e-384d-42b4-906f-97ff66fee7d7,a2fd0527-f20a-4add-9101-ff8babf6ceaf,13,1,8.523633016383693,0.7956985806544826
1f254401-8b9a-477f-83ec-10a74182d55f,2026,2026-03-03,d88ac8c9-9fc8-4e76-9426-cf44fe70db47,d1623d0a-64d7-43e3-9f9b-36356767823e,3,1,15.226402644038844,0.9449932364725863
232e03d7-8bdf-4d6b-9144-19bb0b90250e,2026,2026-03-03,b7591c8b-00fa-47a2-8280-adf031b24a4f,083c67a8-1a0e-42e4-b3e0-c3872a10d8c2,5,1,2.5971068220245885,0.5634095025877336
27592e08-a850-41f4-9eee-60c1045b98e6,2026,2026-03-03,8da08445-76e5-4e98-be98-4f101d670980,b7139fdd-2b24-42b2-80d8-3cc79042b563,-7,0,6.118243869597436,0.8037338744872111
32a8b77b-b2e7-41bb-aa2e-179ca10b69e7,2026,2026-03-03,a8ebd184-6249-4e7c-8e39-0d8d8249fe41,9293675b-8878-4a32-bee5-496b4818dbde,5,1,6.853795563337437,0.8127281610489765
33d3955a-8b69-4606-9ed4-6d314b512bd9,2026,2026-03-03,b86cac40-e643-41b0-ba96-76ef03712c8c,c5d35bbc-89d4-412c-8778-037158252c91,-14,0,-1.7035887976202952,0.4501870575066047
34175070-50f4-48a6-8309-e9a5bf739cc1,2026,2026-03-03,aa07fd1e-a03e-4554-9286-31e09a343db0,a40a35e7-bb78-4848-a0a4-11059f3caa39,11,1,11.252051155243947,0.9000006519289643
34cf8924-f405-4a95-afd7-5a800dd023d4,2026,2026-03-03,711ff92d-65bd-49a4-abc4-7aacd8c11f9e,18b86bee-6b10-4c86-95ef-959dd2d80cd5,2,1,5.306808662809366,0.7057364571809347
3d1e8892-d820-47bb-9367-14f75940cb8d,2026,2026-03-03,c68084a8-36ec-4f0e-963b-561f5ea2c46e,94d2459f-8edb-4281-8038-8b2dda825fac,14,1,8.491108838669103,0.8510021158710248
3deff6de-33ee-44e9-8af0-e837a062127c,2026,2026-03-03,023d3704-bd8d-4c41-a3dc-e747ba7ed642,be57d339-192b-4f8a-80f9-e4dafde63035,-3,0,4.442128619146528,0.6807113044423271
43370232-4fed-448a-aae6-b363dbcc0b6b,2026,2026-03-03,700ebcb7-55a3-4967-b5ef-89731a047790,f8a7f441-6bad-4648-bfac-a202788a07f8,9,1,12.232288394171574,0.9140196021581196
4d736397-167e-423d-a654-10ab546b4e21,2026,2026-03-03,86dd8d64-758b-4592-8af6-2536cef92fc1,94d66457-cf10-4bc2-b52f-faf466454856,7,1,9.837436856771932,0.8493300808100485
4e42416b-e3e4-4eba-b065-de1268114d1e,2026,2026-03-03,fff2e22f-8e66-494d-a434-8838f329f8a0,d5485362-65cf-40d8-bd4e-d8c6c4613f82,5,1,0.61136849747151,0.5428411357229387
55377bcd-a4dd-4af2-ba1d-25c42b8e281b,2026,2026-03-03,07e79f5e-ccc8-487d-ac1c-fbd82b43bb75,694c9825-86e3-466b-9eed-01db85397149,14,1,1.858807325069936,0.5400809505662161
57171932-f38f-465a-ac4a-7669890c648e,2026,2026-03-03,65cd560f-8b8d-4b8f-8a2c-2738484621b8,d1177041-d515-453f-9b73-e9891b41324d,34,1,19.645376934473482,0.9826982521512928
5cddb687-0cb5-4467-bdb8-9a5a42e0a479,2026,2026-03-03,edb2bfd0-017f-4df2-b9c6-d8dcacb7e929,813f7a1c-6264-4e11-88e2-21dcd0072c0a,-8,0,6.4466053112588275,0.7164182435764902
62784f12-951f-4ea3-869a-7965bcd3b51d,2026,2026-03-03,93de5342-985b-431e-9c3e-515381b67402,bcadcb9e-4b19-49d8-a836-b1224d88a96c,-3,0,-8.256331492517868,0.1753157849066264
66f7dffe-6c56-4dab-a8e2-243155ab9a9c,2026,2026-03-03,07f2978d-85d4-4892-8267-e6903cc20f93,fff30549-83b5-4c44-9f3d-444f65ede45f,16,1,3.04118999526818,0.6354503942189765
69767bee-93fd-4ff2-9b2f-dc27760c48c3,2026,2026-03-03,f598c6c5-97cc-41a4-83b2-84f08d3397f9,0423c35a-c25a-42a0-a0da-e1918c78cd5f,10,1,0.9526423942097908,0.5254886174449398
6beeb3f4-aa19-4006-994b-fa975b21e11a,2026,2026-03-03,62093611-a202-4f7e-8d13-ed4c5498a9c1,082024ec-29ae-4a22-8851-c5373988f9bd,12,1,9.914288869545148,0.8114167343546382
7692e9c9-a4b6-44da-a3f0-bb9483f840f6,2026,2026-03-03,5556385d-827a-48ff-a603-cddd42d7d7f3,33b3ee1a-8578-4f30-9145-044433be9e46,8,1,7.935425624831449,0.832064363612867
81df0b3d-e148-4508-a301-4e03c35c9c28,2026,2026-03-03,517665d2-60c6-44a7-a80b-78212cfb2db3,466a855f-207e-4dbe-bedb-07f2150174f3,3,1,0.9979855797522529,0.5386581768713593
82c1e57b-229e-4b41-b697-95f43bffb0bc,2026,2026-03-03,47c889b3-c1a2-4035-ab56-edaeee3a3c86,e2d3ca81-2525-473b-8700-136b6939d5b4,-39,0,-7.21920748657527,0.22753902158920125
853eb4a0-f9b9-40c1-8003-c8a766884ece,2026,2026-03-03,aa6e74ec-70a8-4e02-9b58-0e0e886cace2,d297d4f3-0edc-4461-aa7c-7be49fc9aad9,3,1,9.795338453459703,0.8616561468058765
878279d7-baf3-4adc-a157-02be38f78e85,2026,2026-03-03,364c8255-118d-4dcd-aa72-a62621e3aeb6,94a323fa-c3d4-4718-a4bf-f6dd1c93c5c9,20,1,0.854053190970752,0.5295152441082043
8d462aaa-d90f-4a69-be1f-a459ecf61367,2026,2026-03-03,aaa0be6c-4ab2-4cc9-be12-f8658ecddc9f,ea75002f-0c50-4cca-8d60-8926c2f2c077,-11,0,-0.8735603431676062,0.44555833332414785
930d5389-db37-4b07-8bcd-404d780c0fac,2026,2026-03-03,32d092aa-6752-439b-89e2-6538ab8523cd,de4b950e-313f-4eed-9fbe-0a05201376d1,18,1,12.615484558477068,0.8669031800481277
93d34da0-6dc9-46a4-bd7a-2397541ef18a,2026,2026-03-03,8c9b2481-8a04-4d21-baaf-cd9add16d15c,0c280802-395e-44d4-8c2a-fb539233410b,-7,0,-0.4897964213571228,0.484392318681475
99428490-2c63-4ae3-839e-811bf21e812d,2026,2026-03-03,3d8fedb9-0847-4666-82df-5f520b704ff4,cee4e9fb-16d1-4b9a-bbeb-6f26c9d5c340,11,1,4.190237856377899,0.6582700046825107
a38c2f24-75fe-4625-b4fd-7491bd715c76,2026,2026-03-03,8edd905e-18d4-4618-ba73-09af639ca94e,3710f3f1-b8c6-4f75-85b7-66deba7d916a,-19,0,-11.662565468095435,0.12572160317538805
a5602adf-00b5-4f4c-a07c-65859ed02b09,2026,2026-03-03,f945abf6-7dca-4e3a-b475-bceddc534fb9,64d22a8e-0b18-48ea-a6a3-5619cb8be43e,5,1,11.2460048313641,0.9009786342826829
b574888d-0037-458b-80a2-774d899a7b27,2026,2026-03-03,3f9ea222-2b0c-4f93-a0e2-601346d6030a,aa9a338c-8749-42c2-8655-1caa89068a61,27,1,-7.796635433512119,0.23135356691154985
b7d03f63-233e-48da-ba76-ec3ec0d650ce,2026,2026-03-03,ed251b78-3a68-4e91-b25d-08ef8bc8face,31e4ae86-a8cc-4aee-986f-71aa76fea354,9,1,8.514540651006964,0.833371107069262
b82a53a9-e98e-4fcf-803c-a675e2ea17b9,2026,2026-03-03,eaa03f66-f667-48c2-9f30-ccce38d89e56,fdfebc81-138f-45de-ad5a-cdb4c98c5dc1,15,1,13.164168010953503,0.9249558069288022
b9246e81-ce00-4256-9cdd-d8d463bcd4cd,2026,2026-03-03,51ad29ad-74f3-4879-a2f7-b09ed6f1c3e4,e77246ad-855c-468d-8b07-828f76134191,-5,0,6.934362786695202,0.7819266065803746
bfe193fc-0dd1-4406-a670-1f772ae27fc8,2026,2026-03-03,195e638a-72ed-4f19-a47f-232630307034,14372359-5589-40fd-8dcc-6a04bbe7338b,-5,0,-4.929693043453137,0.31192252281850014
ceac6773-24c2-4fb9-82b2-dc258d48f120,2026,2026-03-03,b468e5c1-fd80-4c61-8545-54a03c959ff1,b9e807be-99ad-41c2-94bc-6049272e3254,10,1,-3.6894669155605464,0.3211952688371339
d36686d9-21ab-4b68-8ee1-2372e830f490,2026,2026-03-03,2c2e9f9c-9d33-474b-860c-f9230f147fcd,0cc7096d-eb8d-4e4f-9906-93bf951805c5,-26,0,-9.600601727183376,0.17782050133995392
d566446b-cb71-44d3-874b-bc19ffb088ea,2026,2026-03-03,b9d6eada-8645-4be8-9331-81fb5ab905f8,8fc903e0-95d5-42fe-8972-bae53e4456a2,-19,0,-5.6085074073092445,0.3133245233411889
d59f731a-b961-4b25-a75d-8b384217bedf,2026,2026-03-03,cdda7902-04cd-4834-972b-072f59dd1474,ad6d1a77-a3c3-4d10-9a5d-52b851597e67,-9,0,-0.041422272330869314,0.49705697019216677
f89f32e8-a241-4606-aa77-c6e99a6399ce,2026,2026-03-03,fc1af6b7-242a-42bf-bbe3-325108828697,9f15591e-786d-4c01-a688-1272fa1c111b,10,1,-5.884810244911198,0.2772305361086087
0751626d-8dc4-49dc-8117-3542fa513cf8,2026,2026-03-04,68f210a8-33bd-4d79-a5b0-222aabe727e7,5e1572de-c2e7-4a5b-a605-c095da467409,-22,0,2.4530647293964716,0.5888345771548298
07c02643-2b4b-4620-a761-56df7a3ea232,2026,2026-03-04,fe6d6aa2-4515-4014-88ef-eb2bd91e54fa,43edca99-9154-45c5-908b-5e79c98e3147,29,1,14.102185522976253,0.9330932885801124
0d27bcf3-d917-447d-9c5b-7ff3168fdb16,2026,2026-03-04,33fe6f07-54b9-4b44-a9f3-e273b8b240b8,1ba8fbd8-4401-4226-b1cc-82e937c56657,-8,0,4.824907967833374,0.7356906655571606
0fc0ccb2-93f2-4798-bbc7-df53edc92ae5,2026,2026-03-04,2979c251-171b-4f39-b156-d19f2d179eeb,4e0916c0-6045-4d71-8568-b5e486ff2f92,9,1,7.76235866990934,0.7882348806841878
15bdf1b5-5b5a-442d-9882-da630e4b1752,2026,2026-03-04,c836e6fa-56f7-4920-86c0-a3d112f21365,f31b656e-13ba-4eb7-bd53-66b20405c905,19,1,10.925923684332085,0.8578119050808222
16c0bc71-7bf6-4cd5-a7f9-c744f1773824,2026,2026-03-04,6833b588-1856-4519-a296-afd069ebabfa,f1d6ac08-ce96-4b53-aaea-ae291068cf23,-3,0,2.445038825979876,0.629727858589369
1fced31d-9738-49b5-bdee-2faf18e8dc0a,2026,2026-03-04,62c7a397-21d6-4b22-9b24-ba5a29ee8771,87d79a84-23f3-4e7a-adbf-e627ade400ed,3,1,-2.2908652631539774,0.5470590560074545
2824a82f-840b-459d-8431-e6df3d0d3cae,2026,2026-03-04,29ca4fda-da79-4d21-b2a3-a87a25d02733,567fb73b-73a0-4437-a1ed-314d40d93e6f,30,1,10.159726347875567,0.8210534246928436
32e0cdd8-8ea3-4aee-b3a0-b22cec7baabe,2026,2026-03-04,977af06b-e276-4d26-9f4d-4b3c41c67885,69001211-8ae2-4829-9746-40b6a0858890,20,1,6.685043695055052,0.8202512177812609
33bb5f12-38d6-4a71-8606-86415e1db1e9,2026,2026-03-04,d783c621-0bb0-477b-8bad-8785e9451e21,f497a267-e78e-43dd-9ab3-4299cf11c08e,13,1,15.291451850012555,0.9443652259458805
33d9c9c8-faa0-4f87-8402-436e6e6925d6,2026,2026-03-04,2a453d52-4fcb-44e2-84c8-d2c1f91eccf1,cc517ba4-b26c-41e0-bc91-66f5ceb16558,-17,0,4.294557160232792,0.6200121221987142
3948317c-3381-4d41-93b3-2e405b9cf6ed,2026,2026-03-04,e6f966c6-5104-484f-a3a8-a7450aa491ae,dedb794d-6852-4b7b-904a-15cd66966a0a,33,1,18.804881418639816,0.9811089050754092
3a11b919-72cc-403b-aa10-ed27446ab94c,2026,2026-03-04,e3ccd256-a37a-40d8-b059-aca05f884ee1,28cde209-3ae8-4939-9d83-2a6d645d427d,-8,0,-3.2290580607100314,0.33278175113525904
40170b0e-fc2c-47b1-9591-798700be0be2,2026,2026-03-04,98674fec-442f-4d8e-bff0-fca634b9ceb1,3fe51e56-cced-4ebd-bc3f-5269a8690fff,-16,0,3.289038514609165,0.5901632193829336
464f863d-8a4d-4110-8ef3-1261f43d5fd5,2026,2026-03-04,528a1feb-658f-4522-a7ce-decc11b8b925,1902edf0-3770-4094-9f92-722731ac4c93,4,1,8.852390216926212,0.8329595528358624
475cd0bf-5807-42a0-bb3a-2cd9c83c0d7e,2026,2026-03-04,beb97225-0e05-4be0-acb0-2fdc74f6dab4,31ce23c8-e471-4fad-b117-36f72628b875,-1,0,-0.2355552282146234,0.47460144720297975
4ef84768-8772-4e25-a9ed-30f612b75a81,2026,2026-03-04,6a5388a0-3d9f-4fa4-b592-775b2c31e741,131339ab-8b21-40bd-af91-c2dd728a68dd,-6,0,6.2079644291938205,0.7165608120994771
56cba621-a5fa-4edc-b7fc-cd18f1ad80b8,2026,2026-03-04,2a864769-3bff-4022-a96e-3092caef4c93,6231ae3d-0d12-480c-83ed-e282959cb8c8,-1,0,11.095363768587466,0.9128159450981532
57a2297d-cbbd-412f-9002-d9b781a40755,2026,2026-03-04,113c0c3d-54d6-4c64-b168-7ea3f3c20e76,5c4db420-ac2a-4491-9f2f-f15fdf65d283,22,1,9.606786791396585,0.8300499201462863
67246273-3b75-4a74-bdc6-8f12ffb6dfb8,2026,2026-03-04,b678d94f-1147-4cd8-b221-3155893eb1a9,a544a5d0-4cd1-4756-b079-30a9a7905cd0,-4,0,-10.086587670305134,0.14891528231088755
79a3c5a7-a676-49a3-8652-73b2f523e138,2026,2026-03-04,ab2292aa-bfd3-4e49-a17a-cf970962e75d,28c5e9b8-df2e-4fea-8442-2a3c31753cef,-6,0,-1.3081736430769728,0.43811213196994825
8f4019b8-10fe-4967-8f41-440f6df41f5d,2026,2026-03-04,7b637d45-2602-47f9-bf37-40d1043643b7,d1c3793d-80d2-4adb-98a1-ac3c584bb64b,-8,0,-2.7218064616902797,0.38808079120326244
922473d0-6c04-47ee-a93b-3ebb4ed546ac,2026,2026-03-04,aa657c8b-9c3a-4727-9d4c-559205be3150,19bed18e-691d-4e79-aeaa-771b745bf2a1,-1,0,-1.2120993841989416,0.43210618610696955
a7d6740d-c906-47c5-84af-1a327d8eb9f3,2026,2026-03-04,e020519a-e90e-4b63-bb2c-f17dc31b5a56,8423734f-7076-4655-b3ef-3528aa9176ff,9,1,9.100245914305736,0.830794870912936
b1261f22-c8dd-4971-9d51-39391c6fa401,2026,2026-03-04,90df5863-ccc6-4ffe-b441-dee520cc7fed,6265a954-0017-44e5-bec7-cdb2fcc8f527,-32,0,-11.616764558667818,0.1109488106154782
b18ca683-87b0-4108-83de-c5f5d93638b3,2026,2026-03-04,b7431929-7ebc-42a6-bef8-d0c5715e2c86,8a720b96-af6b-4ada-bf15-b7b80a091274,14,1,24.76983457674769,0.9858936414870494
b6bc8099-c689-4231-89f6-681ca374211a,2026,2026-03-04,4d6c2d4d-b59a-44c3-826e-03e969153794,8d2fde4f-31a7-4491-9fcc-f04ced66e74f,21,1,10.407540420601572,0.8317053921426466
b6f17e36-7c68-4567-ba0c-01940be259b8,2026,2026-03-04,9aef881d-7fe2-4fb3-a80d-0b567f388490,e80d2384-bdc2-4f58-b09a-284a659a4d81,-19,0,-5.300210978900959,0.30711359068701805
be7bd19d-a844-4bb5-a178-b4a7c338ee5a,2026,2026-03-04,84769f97-e86d-402a-9eb2-d31118f663ca,3203894c-786c-4e1f-ada5-c785afe033a5,11,1,9.071813620980206,0.8392580877262806
beaa9acf-7a8f-48cd-8757-0f34251d250c,2026,2026-03-04,b655e208-570d-40cb-a275-91f219da9058,e23a2171-157b-49cb-bf14-34996402c465,15,1,9.96059765373122,0.8378535109525586
d6f153c6-9e2b-4d23-9586-7e215bc01f41,2026,2026-03-04,31ca13c7-e30a-4d9d-a3a8-5197d5e4342a,60185dec-e78c-4750-a32a-2162e22a166a,12,1,-0.6222866538497903,0.4428450027538795
deb11629-447e-40b4-8318-37f1897db134,2026,2026-03-04,69c2db2b-a8d1-48d3-89d0-ef9669af0b7d,fb1c029c-934e-4345-bb7e-0d199b1172bb,10,1,5.317458445947065,0.7380469569330534
e086896a-25ba-410c-88a6-04cd95a4a043,2026,2026-03-04,175fb86f-dfa5-4661-89d1-221410e04eec,ba89a28b-4588-48cf-be7d-683d7eaf21d0,3,1,-0.11460534638347075,0.42474403221879115
e7556143-1c90-4070-8e64-46e327ed9677,2026,2026-03-04,67bb6cc2-0917-4bf3-ba89-bc624925b956,34176634-892e-43b1-917d-cc003f8b9c03,15,1,9.54812643186401,0.7981584454800958
e91d5aa4-6985-4e3a-a4c3-a3ffb3e1d9fa,2026,2026-03-04,61080933-9c42-4844-9cd9-7cfbcb9cf94a,ef533bc7-18e1-474d-96db-96668fe59c22,4,1,12.040833585811413,0.9026431215552556
eab972d3-733d-4d8a-a6eb-523337e2e6d3,2026,2026-03-04,d1841f3d-03f4-419e-bedf-c218d150aa9f,e08292aa-f0dc-4c1f-ac0c-138ec5d15372,-11,0,-3.443094624769244,0.3831873495769311
eb299a7c-663d-48d6-8e73-1d1daeb2db78,2026,2026-03-04,2a5848e9-342f-42cb-84e8-90f6f573bc8a,508005ba-15a8-426a-997c-b0e36e4e6b58,8,1,6.959699355359274,0.8056049474044462
ef1f495c-a6ad-4293-b490-0f93e61b03b6,2026,2026-03-04,0dc6096e-6097-4da2-a279-a7e256c526e3,86dd8d64-758b-4592-8af6-2536cef92fc1,4,1,1.462100402800032,0.5061856980585279
01651f11-2624-449a-bea9-9092f463350f,2026,2026-03-05,2390b5f2-24b9-453a-b023-e7b36da375b6,113c0c3d-54d6-4c64-b168-7ea3f3c20e76,11,1,10.313574245002384,0.9137003348446208
0c55a942-5a0b-4ae2-beaf-c005903fae2b,2026,2026-03-05,592b259a-709d-44c7-b547-07d6529132b5,6b34a383-3696-47ff-99bf-1b690f616a28,-5,0,8.35028371436825,0.8659775902402448
23259e6d-4bc4-40b2-b546-61958459c3a6,2026,2026-03-05,8c9b2481-8a04-4d21-baaf-cd9add16d15c,694c9825-86e3-466b-9eed-01db85397149,-2,0,-0.5251255715810371,0.48186570311330607
2ac80c65-d52a-4238-9e18-417a9281b1d4,2026,2026-03-05,a01ea865-0b00-4f54-90fd-8674ed23cf26,1caae9e8-45a5-4b50-88a3-e3d388c52d33,1,1,3.973069212161653,0.6770133901703395
2e44c041-a3d3-4049-9e57-47a14a47f6ee,2026,2026-03-05,517665d2-60c6-44a7-a80b-78212cfb2db3,d297d4f3-0edc-4461-aa7c-7be49fc9aad9,8,1,11.41697052888797,0.8922568186149836
2f9ab374-7ee3-4385-9f34-ad9c490d801f,2026,2026-03-05,e672d935-837a-44a6-9e69-a25859488a24,cf602be1-6a27-49fd-9b3d-ab9e31f55454,-16,0,5.578527752592327,0.7064533019302324
3925633a-0a3e-4097-989e-92ebad250c4a,2026,2026-03-05,5f39cc2c-9779-411f-87e9-7702676c6ea8,69288ce9-31e9-4d18-9e18-89226b85a2cf,4,1,3.287319107409702,0.6259995548358012
3c0fddfd-983d-4cb8-b613-3ace81c1ba41,2026,2026-03-05,ed01ba53-c6ff-488f-903e-9b348a195c03,82ae3098-41a3-4c5a-92a0-aa7a592b5f7b,-6,0,4.014593953469614,0.6425559785917966
4184c567-cd8a-4422-aa91-83f31b7c2e08,2026,2026-03-05,0b613bb0-e3c8-412a-8845-b9807552ba60,30dcebf9-dcff-4743-a05a-d994a902866a,13,1,5.1561190619982025,0.6695619459491555
49297fe6-6526-4b79-aead-ec8342c27e35,2026,2026-03-05,c8280280-8b91-475c-9d30-faed3dc9ec3e,71e0195c-db7a-4df0-b519-17d796d8957c,11,1,10.594405421651185,0.8888195202624473
4e92779b-6036-4156-b128-3b750953117b,2026,2026-03-05,124dd15c-311b-4d83-becb-7150d849218d,79116858-d6a1-42d4-bb91-450b44d1e6b4,2,1,2.2324946799810608,0.5789750338704088
54589bd3-7cfa-48c4-9e24-1c9344a03437,2026,2026-03-05,d6a99784-3b3d-4ae0-a5c1-6689f04c9255,2ad39bf7-6b52-4185-b83e-15dfc5686cf0,9,1,18.02125431107422,0.9781922822376338
5a603daa-822a-482b-a426-d29da2b6f20c,2026,2026-03-05,7da471c0-9955-4f80-b861-d7753ac5a7eb,3b0fb0e0-1625-4a53-8ad2-e353ec84cb0f,7,1,-3.2617713833740702,0.41729956665665363
6196c745-2f64-4902-87d4-452d1a2c0130,2026,2026-03-05,160d00cd-1792-45ab-a465-c2d2dcdcab1b,ed91598e-8b89-4385-bc40-49721b8aedd0,-2,0,-6.497428399015447,0.2678831337332875
6daf90db-abdf-4371-b0ff-1b52879dde20,2026,2026-03-05,b28075f3-bd4a-486f-b563-0081500049b0,caae45ce-7d6f-4f0e-a536-6d05e2ae5086,13,1,9.519067602635328,0.8420167082028837
70aa8afb-4c46-4151-8e6a-e4a082cd7af6,2026,2026-03-05,d9908b15-814a-4283-8513-0d0ebd2430f8,0ec33aa5-020d-49e7-ac6a-2ee825d15102,-5,0,-0.5632746390919989,0.44254851878802076
7b154e95-1ef6-4bc4-8f91-c4423c2d6e46,2026,2026-03-05,866586a7-cbbf-44c7-87fe-e9343fef12c8,e4afe8a2-8546-4df5-b5e9-cd85edc8fc62,4,1,7.027283387021748,0.7641435078592762
7cbfe5f3-a6e6-4f5e-82c4-45ccda0c4f6a,2026,2026-03-05,2c2ff68e-eb76-44f0-b27d-9426785932d8,e9570bbf-fc5b-474e-b98e-151eee207d8c,4,1,-0.02376644714502118,0.4661564925135714
80e79d83-6c04-4c43-a9a4-bf5854a3a270,2026,2026-03-05,07e79f5e-ccc8-487d-ac1c-fbd82b43bb75,0c280802-395e-44d4-8c2a-fb539233410b,-3,0,2.44387245607418,0.6075398369321593
81da0fb6-2bbc-42fe-a6ed-f71c63043b5c,2026,2026-03-05,bb509184-c255-4aa4-9cdb-057dd36f7a04,131339ab-8b21-40bd-af91-c2dd728a68dd,3,1,7.718908681896794,0.7802722427590318
86fb1b7a-459e-4dad-a755-ed37a9120071,2026,2026-03-05,2780a057-59e9-4719-9190-6a16ecffbaba,b5111a29-5c09-4364-809c-3686a2b45d1f,-27,0,-11.702798274544417,0.13308513368116281
880c6bcf-06fe-42de-9d3a-f30af89c1641,2026,2026-03-05,0cc86d2a-a1ab-4ebb-a968-3d4011c8d356,968fdb79-e800-43ac-b93d-53a22dee3a03,9,1,5.232703173682605,0.7130372553186907
89873a02-2363-43f5-8738-c13b47c982ce,2026,2026-03-05,81e6f1a5-d8cd-43bb-ac87-6c20719f72f3,8b53b385-4f61-4998-bac6-527e69c1fd6d,-11,0,5.79038367911163,0.7599312678853837
8e5996df-3289-45b9-9584-b37d4ab9fe55,2026,2026-03-05,2772ac36-c719-4bcf-8a21-30eba79d1c61,5a925022-39f0-422e-a9c8-efba8cab8218,-8,0,-7.671076212948112,0.24787601396620898
91c67b00-309a-44c8-b133-7bee27d9caa8,2026,2026-03-05,03914b2c-1603-4f8d-95ae-9f80025284f2,81d0a946-6d46-4a7d-88bb-29e19e5f5599,-4,0,4.570450541725164,0.7192500314480766
9258793c-4f8d-4d78-abb6-5e4dbe7b1e10,2026,2026-03-05,5a3e7af6-53d5-4398-8c0d-97e0d9ac977e,7a2ae4f1-b509-40e8-b553-cbea5aabc4be,4,1,18.573800405866578,0.9792924015741413
959026e6-cddb-4682-8059-d231feac46c5,2026,2026-03-05,b81dac67-4cc4-4d68-b327-0ecd77fe056e,163cfcfa-5213-4025-8eb1-dd67b17587f8,-1,0,6.181349636177894,0.7487431507371828
9af53c5b-197f-4854-968f-3a2c17d0c0bc,2026,2026-03-05,3b63b27c-8c94-4fb9-919f-62cd7944deb1,0dc6096e-6097-4da2-a279-a7e256c526e3,-3,0,7.079988060524253,0.7879572452282355
a3bddd2b-282e-4956-8ce4-668110f0da35,2026,2026-03-05,ad070c37-e224-4aea-bff9-4bb770ef38de,428ae1bc-1e48-41c7-b7f1-da980b8a18b8,19,1,13.988934467515355,0.9320898160421008
a87d4093-1c25-4b2c-8eb5-bf7be3e13bba,2026,2026-03-05,1b43514e-2b4f-414f-9f54-b04994ba33ac,69c2db2b-a8d1-48d3-89d0-ef9669af0b7d,2,1,5.590177383659422,0.7305627988271932
ad56428c-4c04-45d8-bd55-fb9cec890298,2026,2026-03-05,68f6ce17-8443-4257-ae33-1f240c722bfe,e77246ad-855c-468d-8b07-828f76134191,3,1,11.425504297235255,0.8592922886160606
b6c2b57b-32c2-40af-9eca-f68426425eb7,2026,2026-03-05,6c5e0081-14ff-4e1b-829d-a107919bc58e,cb1b95af-f118-4a94-a324-d05b88869a43,-4,0,-7.349006163230683,0.23271794005286922
bcb64721-1c72-4b1a-b158-b695eb381018,2026,2026-03-05,6eed5456-f1b2-4e4b-966f-71949e9d90ed,d9469ea9-44c5-4803-8d5a-39cf4028ea3a,-3,0,-9.641418938477416,0.18513039636850145
bdbb6d63-5376-4d3d-877f-ac0e663cce24,2026,2026-03-05,b979de70-af07-4320-9f20-2b9606ce8cd6,eb5b8376-53ac-42b0-a932-bfc4994faa1e,29,1,7.275718193186422,0.7829809294917033
c3a7b213-8c51-4c58-b688-497d8d4813ff,2026,2026-03-05,8af24be9-3bcf-49dd-8a7a-9a412402712a,cec32a63-a501-4a6c-b2c3-dba31694d2b2,-4,0,6.567232944630124,0.7787448700958332
c5a7ca65-924e-4aaf-8d55-4422176c2804,2026,2026-03-05,95ff4642-ef5c-46e3-982e-adab9cdca4e5,f37e86a7-66bd-40dc-b008-7a9017dd8f59,-7,0,-6.37293634625545,0.21978512813522913
cbcd4f79-013f-4fec-920e-4ce76efe1db1,2026,2026-03-05,3ce22877-c834-4b53-aae8-5129d36175b1,67bb6cc2-0917-4bf3-ba89-bc624925b956,6,1,0.007086658796476183,0.5530372148044069
cf249c23-c720-44ab-b26d-205c7c7b0e18,2026,2026-03-05,b2c3c0ff-6592-4132-b527-e3784532b0a7,69307d4c-6e7f-4329-b6c2-1f3902362083,39,1,13.651816972664642,0.9322746356055601
d075f8b2-fd20-4444-b19d-cdd96ff58362,2026,2026-03-05,aa6e74ec-70a8-4e02-9b58-0e0e886cace2,466a855f-207e-4dbe-bedb-07f2150174f3,-35,0,-0.31182693124641875,0.5127741104751712
d6c5261e-f47d-4ea5-98db-0ab59aebebba,2026,2026-03-05,bf002b1c-e14e-48a8-9c75-d70de0b2a31d,3b612ea1-b264-4279-9f72-b45216bfea4b,13,1,-0.8439468811132995,0.4269105775573123
d75edf39-80a7-408c-a0d6-e44c21f8d659,2026,2026-03-05,ba959da0-313c-4413-aad3-124a5c216494,33a13edc-a688-48dc-a4f0-c3624bb05c07,5,1,14.495356934786644,0.9501040011532187
d9b36763-c524-45ec-98b0-66b4d15e757b,2026,2026-03-05,6d9c7f06-e309-4b30-a7a3-37783b2b3f26,12fb3719-3067-4770-ab8a-b11eeb73faae,-6,0,-3.7021136869801112,0.4186526410025026
e69b96b3-eb59-4345-8b0d-be403f7c03bf,2026,2026-03-05,474c10f3-c223-42d9-b9e9-48c37898ace8,2f197fca-5329-4606-8c7d-9bf31ea65732,2,1,3.51610208042873,0.6307904072372987
ecddba44-468f-4f31-8800-8c7d9e1b1916,2026,2026-03-05,1999688e-7015-4a04-8450-734eddcbcfe4,0fcf988c-9b3d-4eeb-bc11-4b461290749a,22,1,11.6325177806213,0.9186381990361974
eee89b48-0649-4a4f-be1f-184b8777f943,2026,2026-03-05,5c7b85b4-380b-4ce3-bbc7-e0b1ac767c3d,fc19569f-90e8-4af1-8b2c-981d4b9b0e7d,3,1,-13.178142615861644,0.09540995898837462
ff5e264b-2e74-4bbc-9572-b186bcfa0b23,2026,2026-03-05,54da433c-23a6-4200-94c2-fba0e56376df,9c03bc0e-03a6-4b67-a95d-bb653d5afc1a,-11,0,-1.7384128833834704,0.39723370000708386
036dce30-0c86-4169-8b9d-bafd63dab5b6,2026,2026-03-06,53e97ae2-3cae-46c5-8353-41eadbb17d61,3ce22877-c834-4b53-aae8-5129d36175b1,-4,0,-4.6523039050886,0.3322210662593564
05de9050-0385-4f93-b839-8502a5ad2109,2026,2026-03-06,13fa8aab-518b-46ed-be28-b5c24acfa430,9111a425-068f-425e-9467-f3ac4b2781f0,10,1,7.233469307247156,0.7777251370321073
0c38cfe2-d274-4ff0-8813-16c02a98f77c,2026,2026-03-06,073c7f97-1dbe-4c9d-b1ec-44e92177a53b,1b43514e-2b4f-414f-9f54-b04994ba33ac,5,1,-5.852457034161721,0.33972823307046307
0c476a60-2f2e-4b01-87cd-c7a31c870a23,2026,2026-03-06,cfae9c2f-9713-46de-9159-5064cc63dd64,0270a5a5-82db-4c54-901d-c9c8dfe3741a,-6,0,1.002404945690595,0.5550992080942517
1216bb40-8d0a-4627-a67e-45288b71c406,2026,2026-03-06,be625a9e-aede-4fb2-98ad-3c0baa02528c,3f9ea222-2b0c-4f93-a0e2-601346d6030a,3,1,11.040158474755073,0.8489756667184994
18773ea4-86a5-4509-a264-50b9057c8cef,2026,2026-03-06,d5861555-455e-464c-919c-9e6b99ce4495,8b53b385-4f61-4998-bac6-527e69c1fd6d,22,1,9.304340429615433,0.8703899239909311
22bcbceb-d218-4af2-9fd9-c318079f3f89,2026,2026-03-06,14372359-5589-40fd-8dcc-6a04bbe7338b,a8ebd184-6249-4e7c-8e39-0d8d8249fe41,-6,0,-1.138909294562397,0.4546122397897398
25f7cab2-da0a-4fac-9957-a71efb47b34e,2026,2026-03-06,be57d339-192b-4f8a-80f9-e4dafde63035,1b50e98c-801a-4835-9b4e-b0d563152b2b,16,1,0.558467649909649,0.49293850648693166
2d4ae51b-a3df-4519-8086-cd40368aba22,2026,2026-03-06,0792fde4-bca8-4a47-9b76-8d8191a2ac93,0cc86d2a-a1ab-4ebb-a968-3d4011c8d356,-6,0,4.785246179829651,0.6922609863983931
322fe231-d79b-498c-8022-de4393a2d2b1,2026,2026-03-06,e694b3cb-eeef-43f4-bada-32dba89664a3,e088b1fe-16ee-4cf1-baaf-6ce4139f13df,16,1,-0.17773176229685683,0.505402258155036
345cec69-c202-4b89-a6a6-41ef275fbc83,2026,2026-03-06,cda5f197-ae6f-4f38-a523-d1e70b218821,62c7a397-21d6-4b22-9b24-ba5a29ee8771,13,1,10.985386338399676,0.8857326433080362
3d3eed6c-e3f2-4713-a350-394759a55a7a,2026,2026-03-06,96e82d65-67c2-4e96-a2fb-d7ca3dfe1353,39c61fcf-89b3-4523-aa61-7e031fae7e9c,-14,0,-1.1980967250197114,0.3999628917690432
3dbb246c-01bf-44e7-8f89-4b06fd9fbcf3,2026,2026-03-06,f8fb3b2e-223b-4478-a029-9c1209865bdd,ed6e30f8-d1f2-451b-9a26-5c7f21af0125,-13,0,-2.0249188265120703,0.4661734620006825
418f661f-365e-4945-9d73-60bcffb36700,2026,2026-03-06,7dc3e262-ccd4-4c87-8617-0ca6e819757f,63c7d34f-6b58-4a80-ae86-320a182ddcc5,5,1,4.389539630410103,0.643169656943544
544e0794-d210-433d-b94f-5b3b58b54409,2026,2026-03-06,d5485362-65cf-40d8-bd4e-d8c6c4613f82,1ed24078-84ea-4147-b356-c8543c93aa1d,-8,0,-4.056955332381234,0.28305753500414577
60777c5a-c5a7-437b-b145-cbb01dc6cbdd,2026,2026-03-06,2ffb1e88-0784-478a-b74b-a0a0832b4e30,1cff0c34-63d9-4a64-a258-a50e61fee7cf,14,1,11.589864018548974,0.8985584207187431
6615bcf6-724e-4a17-be2f-4b8bb8c0eba1,2026,2026-03-06,a712dee9-a06a-4809-9e11-8e4b4233face,bb509184-c255-4aa4-9cdb-057dd36f7a04,13,1,5.445670657617696,0.7200478487598904
6cc99c7a-3b7f-49ff-9447-ec71d43af15c,2026,2026-03-06,37789002-2f1a-4a5c-95f5-a4f487f719ac,2a5848e9-342f-42cb-84e8-90f6f573bc8a,8,1,5.430925564658859,0.7222281872614582
73c45a85-bc6c-43b2-885f-7acd71df21cd,2026,2026-03-06,8c2a4a9c-1ede-4db2-aecd-cfe02e686b8e,955bd58f-0ae1-4b55-af26-b19062a2c04c,3,1,2.555246685277574,0.6435457995512748
77494b88-61c5-4524-8bb7-4579c2ab3ed4,2026,2026-03-06,ad6d1a77-a3c3-4d10-9a5d-52b851597e67,d88ac8c9-9fc8-4e76-9426-cf44fe70db47,-7,0,-8.212876754238634,0.20751896626756783
7c5b2158-a297-4d6b-8738-ddcbb7d82e95,2026,2026-03-06,cea24043-374e-4a53-bfc3-4532caf44ea6,0dc6096e-6097-4da2-a279-a7e256c526e3,-9,0,2.726264153966728,0.6438307137698839
8a66ff44-d147-4e0f-b233-608c7016a7f4,2026,2026-03-06,de4b950e-313f-4eed-9fbe-0a05201376d1,6f01f32e-67fa-44c7-8440-24a263829a82,-16,0,-4.163427618038653,0.3566332599036767
8f88d971-2ab0-45b6-a18d-b792a6a88b93,2026,2026-03-06,afbd548e-958e-452b-ac58-5b58b416aeb3,d6a99784-3b3d-4ae0-a5c1-6689f04c9255,-22,0,-4.380133953381404,0.37499002716556334
986e60df-e213-46df-9eca-9206ffb5c61a,2026,2026-03-06,9b933a83-ef6d-49c0-ade8-facfdeda3183,cec32a63-a501-4a6c-b2c3-dba31694d2b2,-21,0,8.484011590750004,0.9023246330552764
987f869b-79e7-4b3e-a145-124d3ec6aada,2026,2026-03-06,a4e52f2f-5193-40ce-a997-0e0be093d86a,8da08445-76e5-4e98-be98-4f101d670980,15,1,2.6330428404160946,0.6025917811565645
99afd8a1-636d-4136-82df-e03f40a46ed1,2026,2026-03-06,7a5b9a33-aeac-4742-af69-49a1be24d3cb,1ac6eb65-663f-4f4e-b7cd-bcc9ec53efe0,-21,0,-6.603396419030591,0.2907054874984943
a2190ce4-a729-4449-a19e-55e2812b9a7a,2026,2026-03-06,6899ea71-b4b1-45de-a54e-8eaefcc5e6f4,512bdb5c-66bc-40fa-a392-cffe3e058403,-3,0,6.756612216237421,0.7400943309562598
ad740937-86fd-4de5-8a51-b0bda9493fa4,2026,2026-03-06,0fbb2a6f-3944-46a9-9fa8-51376e18b3d9,2c2e9f9c-9d33-474b-860c-f9230f147fcd,39,1,27.354784203306973,0.983221813366486
b2cd7c9f-5686-41e2-9f95-9eed33b7c54b,2026,2026-03-06,acbf5eb9-3a63-471d-8199-6067f912deaa,84769f97-e86d-402a-9eb2-d31118f663ca,-24,0,1.3276068263846033,0.5208167497900809
bbe9fdba-df78-4ca6-9725-bdfcef889069,2026,2026-03-06,0cc7096d-eb8d-4e4f-9906-93bf951805c5,023d3704-bd8d-4c41-a3dc-e747ba7ed642,8,1,7.881408828754007,0.8177247484841776
bf114ce7-6db5-4875-a59b-de03abbcf200,2026,2026-03-06,8921f536-d6f1-4d5a-b369-5dfb136e1717,6231ae3d-0d12-480c-83ed-e282959cb8c8,22,1,33.420755545099986,0.9893809581354039
c28edc69-3008-4fe7-a900-7658b9b9adc3,2026,2026-03-06,082024ec-29ae-4a22-8851-c5373988f9bd,711ff92d-65bd-49a4-abc4-7aacd8c11f9e,-2,0,-6.457241743226217,0.28414729945343453
d1af07bd-05f0-463b-8aea-f5bd4b4cf9da,2026,2026-03-06,18b86bee-6b10-4c86-95ef-959dd2d80cd5,fff2e22f-8e66-494d-a434-8838f329f8a0,21,1,9.526411682494254,0.8440308895799784
e07c359f-0f07-4f02-ba87-6acd8e6b44f7,2026,2026-03-06,41a1e4ad-a290-41a2-8940-662b1fc85e89,3fe51e56-cced-4ebd-bc3f-5269a8690fff,9,1,12.392592619772149,0.9334584123190369
f32aec62-d906-40df-a62c-979cdb88d1cc,2026,2026-03-06,c4fed5b1-14eb-4033-8832-59e6c0004cf0,a01ea865-0b00-4f54-90fd-8674ed23cf26,6,1,2.937133567060577,0.641020540743108
f5a671ca-ef45-4925-bf6d-88ff6f3983bf,2026,2026-03-06,c369d8ef-4098-4425-a977-6cf0605ab931,c8280280-8b91-475c-9d30-faed3dc9ec3e,-19,0,-3.196190645420546,0.40659664823019276
f75d88ba-b2b6-47e1-abbf-639f2a44ba97,2026,2026-03-06,9c37b6c6-f9dc-49e2-a128-2681c0df2bf8,81d0a946-6d46-4a7d-88bb-29e19e5f5599,2,1,8.631187699399876,0.8773875703929862
0081bbc1-e992-475f-9724-c5484ca34084,2026,2026-03-07,e2d3ca81-2525-473b-8700-136b6939d5b4,b7591c8b-00fa-47a2-8280-adf031b24a4f,15,1,15.903734547195263,0.9497720478806646
02e561c6-f45b-419c-aea8-4afd93fd9b1d,2026,2026-03-07,69001211-8ae2-4829-9746-40b6a0858890,07f2978d-85d4-4892-8267-e6903cc20f93,-3,0,2.7716891545113422,0.6219474381965872
067853c8-0f0e-434c-8b31-c6c058a00a64,2026,2026-03-07,ed91598e-8b89-4385-bc40-49721b8aedd0,2c2ff68e-eb76-44f0-b27d-9426785932d8,-13,0,2.440588613977753,0.5863945663539472
0d48ee51-2927-424b-baf3-7495aed00e8a,2026,2026-03-07,41a1e4ad-a290-41a2-8940-662b1fc85e89,37789002-2f1a-4a5c-95f5-a4f487f719ac,-7,0,5.431187683077607,0.7100085028060968
0df5c10e-afbc-4896-9f2f-5bcd2ceef8b4,2026,2026-03-07,0fcf988c-9b3d-4eeb-bc11-4b461290749a,160d00cd-1792-45ab-a465-c2d2dcdcab1b,32,1,10.000601564387203,0.8240725521078894
10583f83-7639-46d5-9ea3-fdbb6a2cb047,2026,2026-03-07,1999688e-7015-4a04-8450-734eddcbcfe4,12fb3719-3067-4770-ab8a-b11eeb73faae,10,1,9.05943692552591,0.8580904980437446
10e8a238-9ae4-4bc3-95c2-d21eebe4050d,2026,2026-03-07,0b81f60f-d170-4ec1-9003-5fc16e4afa3d,cb1b95af-f118-4a94-a324-d05b88869a43,-3,0,-4.701253052308535,0.37852969201224423
11fdad43-b580-40ea-9bbb-c492ccd70a9f,2026,2026-03-07,2390b5f2-24b9-453a-b023-e7b36da375b6,39c61fcf-89b3-4523-aa61-7e031fae7e9c,24,1,10.587911744519616,0.895837161492758
1531f08d-e9b1-4622-827b-c73cef629eec,2026,2026-03-07,8ccf579a-f19c-4639-b260-5fa8dc2c90f0,d7af5a06-c331-48d5-a768-4a3627420b0d,-4,0,0.06747656445918716,0.5506684507799028
15a649d8-8e0e-4eb0-a567-9db12f27ab9a,2026,2026-03-07,ea802991-74ac-4210-b3cf-e4a4c4006e76,f77c8c1a-5fb3-48ef-8210-484010dd5e32,25,1,13.943598624337813,0.940633721973065
180702fb-df71-4bfe-aed0-d65d3f7b56e5,2026,2026-03-07,aa9a338c-8749-42c2-8655-1caa89068a61,33fe6f07-54b9-4b44-a9f3-e273b8b240b8,4,1,6.466869400040012,0.7928307285191444
1a5f8010-94a7-4477-bb3f-f2fe275ce60b,2026,2026-03-07,592b259a-709d-44c7-b547-07d6529132b5,fc19569f-90e8-4af1-8b2c-981d4b9b0e7d,7,1,2.4775332501079537,0.6526601597994102
1d332be7-0192-4300-b443-bed8b485a52c,2026,2026-03-07,15e4f40d-8279-4f7a-8095-613e3a6ded31,9c37b6c6-f9dc-49e2-a128-2681c0df2bf8,3,1,-3.5184650034164004,0.2915395253002435
20552d83-c281-4175-86ed-bdf3debcad15,2026,2026-03-07,ed251b78-3a68-4e91-b25d-08ef8bc8face,b9d6eada-8645-4be8-9331-81fb5ab905f8,10,1,4.948608402176502,0.7091001896454396
20f655ae-b5b1-478c-afe7-9acfdff0231d,2026,2026-03-07,d1623d0a-64d7-43e3-9f9b-36356767823e,68f210a8-33bd-4d79-a5b0-222aabe727e7,1,1,0.31882515265315126,0.5144315192123704
2194ac5b-d6e0-44f1-851f-b7af3796c7c4,2026,2026-03-07,a712dee9-a06a-4809-9e11-8e4b4233face,073c7f97-1dbe-4c9d-b1ec-44e92177a53b,26,1,9.610780427739321,0.8557918954227275
23198774-dc14-4df2-b90c-035c5e4cd6d1,2026,2026-03-07,94d2459f-8edb-4281-8038-8b2dda825fac,3d8fedb9-0847-4666-82df-5f520b704ff4,-3,0,-4.534191136923867,0.3452221229056981
23b64760-9429-4857-8b53-98626d21dd86,2026,2026-03-07,f497a267-e78e-43dd-9ab3-4299cf11c08e,b86cac40-e643-41b0-ba96-76ef03712c8c,26,1,10.656825903243451,0.8824752824216462
241662ae-751f-4cc2-b981-9ed390739d9d,2026,2026-03-07,2b7eed3d-9921-482b-a193-759486c9b225,d1841f3d-03f4-419e-bedf-c218d150aa9f,3,1,14.964022692257187,0.9369986094728757
269b66b6-d9dd-486f-9c24-49910ae9cee1,2026,2026-03-07,bf002b1c-e14e-48a8-9c75-d70de0b2a31d,82ae3098-41a3-4c5a-92a0-aa7a592b5f7b,-12,0,1.6345463359754846,0.5526141640235636
271b9754-2021-4624-83ed-87f110a0bcc2,2026,2026-03-07,8a24da63-2163-47de-aeff-97b77094e860,32d092aa-6752-439b-89e2-6538ab8523cd,-7,0,-1.4083725792865276,0.4758427593745386
2903e6c5-32e6-4d11-9a28-fb307057f4f8,2026,2026-03-07,ea75002f-0c50-4cca-8d60-8926c2f2c077,a2fd0527-f20a-4add-9101-ff8babf6ceaf,5,1,2.3518017088029817,0.5390731808782605
2ac05679-3fe5-4019-bacb-124bf7c5eb88,2026,2026-03-07,b9984408-0526-4a1b-9cb3-d6450264dcd5,512bdb5c-66bc-40fa-a392-cffe3e058403,7,1,15.077012101030036,0.9610158158415328
2affa2ec-f127-4e89-97e8-e74a0890c762,2026,2026-03-07,ed01ba53-c6ff-488f-903e-9b348a195c03,3b612ea1-b264-4279-9f72-b45216bfea4b,25,1,3.328241018210525,0.6198797820913201
2bb49a43-848d-46a3-9aa8-39c1d74936a4,2026,2026-03-07,5c7b85b4-380b-4ce3-bbc7-e0b1ac767c3d,6b34a383-3696-47ff-99bf-1b690f616a28,-43,0,-5.50694759662045,0.28549675428292465
3056ce4e-3939-4c18-bb2d-5293c60daf34,2026,2026-03-07,d1c3793d-80d2-4adb-98a1-ac3c584bb64b,eaa03f66-f667-48c2-9f30-ccce38d89e56,-3,0,2.854321956934124,0.6136070490565407
334c5cef-babd-477e-9bed-31ca22b355a9,2026,2026-03-07,64d22a8e-0b18-48ea-a6a3-5619cb8be43e,e08292aa-f0dc-4c1f-ac0c-138ec5d15372,7,1,3.08792369337146,0.6471968072071185
342827e6-3658-400f-8acf-25edf2679ac2,2026,2026-03-07,e30dcda9-70a8-4f5e-a91a-5eb2cf1e2c36,31e4ae86-a8cc-4aee-986f-71aa76fea354,6,1,8.063917396665273,0.798925427042721
388cd838-183c-4919-9ff9-e7ee54f95576,2026,2026-03-07,71835168-f6e1-4523-997c-3851fc41f646,3ce22877-c834-4b53-aae8-5129d36175b1,-13,0,-3.405975185698886,0.3749795402853071
391eae57-1c96-4075-92a8-a9a0e972d36d,2026,2026-03-07,c4fed5b1-14eb-4033-8832-59e6c0004cf0,d6a99784-3b3d-4ae0-a5c1-6689f04c9255,-4,0,-5.400160517906412,0.3451748478940466
3c1175dd-7c2c-4415-8bc5-fa4dfe0e419c,2026,2026-03-07,47407d60-8e46-4d83-bf47-4b7ef8576ebc,66d6cb28-25f0-41bc-9fb1-d15a6dfca6ac,5,1,3.3785867490226424,0.6341943637741004
3cfed4fd-e525-4977-aed9-6e302af9f52c,2026,2026-03-07,f8a7f441-6bad-4648-bfac-a202788a07f8,e3ccd256-a37a-40d8-b059-aca05f884ee1,8,1,0.49294709174410983,0.478144109203726
3e3f3f46-8ee4-4caf-a235-5d5742962b6b,2026,2026-03-07,8121c98d-816f-4d3a-bb3c-4e9f3fbf65e3,96649453-7ab9-4024-b242-590c57b62ab6,8,1,4.78465741207068,0.6778387741302585
3ec4b2a1-3d11-4864-92f1-e4108637fb82,2026,2026-03-07,61080933-9c42-4844-9cd9-7cfbcb9cf94a,5a788fca-07ce-452c-901e-2d9250aa8f8f,8,1,4.261245234803659,0.6852129993249768
4066f722-412b-4888-9e99-6acbbd2e80b4,2026,2026-03-07,b9e807be-99ad-41c2-94bc-6049272e3254,c68084a8-36ec-4f0e-963b-561f5ea2c46e,12,1,9.490787403548481,0.8157174015438649
42fe6c29-6e49-454c-8459-c80ed3e4928f,2026,2026-03-07,9293675b-8878-4a32-bee5-496b4818dbde,b7431929-7ebc-42a6-bef8-d0c5715e2c86,29,1,-6.83421939728302,0.24708359127997098
43ee8bbc-aeb1-4c19-8ec0-4a4d2591ecbc,2026,2026-03-07,e020519a-e90e-4b63-bb2c-f17dc31b5a56,a8b565bf-c152-4fc8-86ac-49c71bf2fc1d,5,1,8.169407260514902,0.8255784260109348
44199505-fcc3-4b3e-8a17-5d299afc67cb,2026,2026-03-07,9a2c2dfd-070d-4aff-bdc8-ea71e1ff510f,9c60e9b3-29b6-431d-92e1-307e1c2f1c15,23,1,8.573460818240086,0.7671706094146662
4461dc2e-7ff7-4c96-8b98-5b9f978da92e,2026,2026-03-07,b7139fdd-2b24-42b2-80d8-3cc79042b563,d783c621-0bb0-477b-8bad-8785e9451e21,-7,0,-15.981462867892146,0.06495756282828315
471ca5aa-aee4-4bfa-8be8-8b922b98c857,2026,2026-03-07,567fb73b-73a0-4437-a1ed-314d40d93e6f,b678d94f-1147-4cd8-b221-3155893eb1a9,1,1,3.061302569497031,0.6501898191848223
49bc74bc-3d58-49bd-a690-5e8a422b356b,2026,2026-03-07,cee4e9fb-16d1-4b9a-bbeb-6f26c9d5c340,65cd560f-8b8d-4b8f-8a2c-2738484621b8,-7,0,-7.247606376896157,0.23459117516884603
4cdb81a8-785d-4d1d-b9cd-c02ebcae4799,2026,2026-03-07,cb2346de-1887-4050-8b6f-5480779486c2,2232e72f-0d57-499b-a956-680031e1de18,-2,0,-0.8545165876693895,0.5226213392554632
4de9cbf1-fa3b-42ef-a9ee-fe3f2c321a13,2026,2026-03-07,0423c35a-c25a-42a0-a0da-e1918c78cd5f,c64c255f-43f5-4a08-99f3-222dd9aa0731,15,1,25.070655322627537,0.9856551998237243
4e812c72-d9ea-4e60-971c-34d68345a0d7,2026,2026-03-07,3ce97af9-70d7-4dc9-b13b-4f4221b9e09a,0cc86d2a-a1ab-4ebb-a968-3d4011c8d356,17,1,7.888751456168269,0.7463562670085506
4fd6687c-e8bf-4f71-8ab4-1bb3bd9ad30f,2026,2026-03-07,f1d6ac08-ce96-4b53-aaea-ae291068cf23,175fb86f-dfa5-4661-89d1-221410e04eec,12,1,9.678572816043252,0.8395261333188492
502f7d3d-7666-4fae-9999-a0b59345f233,2026,2026-03-07,1ba8fbd8-4401-4226-b1cc-82e937c56657,89146125-2618-4b85-9bb2-a7d785fc8c0c,-11,0,-0.6054478164793502,0.5320218832221894
504df0ae-77d6-4bdc-8a04-5c7ebd408b46,2026,2026-03-07,a544a5d0-4cd1-4756-b079-30a9a7905cd0,e6f966c6-5104-484f-a3a8-a7450aa491ae,-4,0,8.336213002848536,0.7473518418912235
59c1a3a9-0f23-4e49-b66b-db80688cea92,2026,2026-03-07,ba89a28b-4588-48cf-be7d-683d7eaf21d0,31ca13c7-e30a-4d9d-a3a8-5197d5e4342a,12,1,-1.461858103858639,0.4045193434751416
5cf61bda-9074-4cd4-810a-757f849706c9,2026,2026-03-07,6cbdd7e0-da8a-4b62-98fa-35c1f62f4afd,2ffb1e88-0784-478a-b74b-a0a0832b4e30,-3,0,-0.4233875701886373,0.4730388474364225
65b571cc-8b5e-47bc-9241-b743682d1ea2,2026,2026-03-07,ec98d839-43bb-427e-83c8-d832063ad70d,edb2bfd0-017f-4df2-b9c6-d8dcacb7e929,6,1,-2.001541242658173,0.4088121582323635
65f1da27-128c-43b9-b46b-57f91a27a19a,2026,2026-03-07,6265a954-0017-44e5-bec7-cdb2fcc8f527,29ca4fda-da79-4d21-b2a3-a87a25d02733,13,1,4.349693558214356,0.7248234079019734
66addbaa-fecc-483a-b730-522a8182b2ee,2026,2026-03-07,a296aea1-d070-4a8b-8dc4-62323ca3f942,e9570bbf-fc5b-474e-b98e-151eee207d8c,-1,0,3.19533981212564,0.6231284542046216
67ddd3e5-eb15-40f8-8c1d-73de0b95938e,2026,2026-03-07,d1177041-d515-453f-9b73-e9891b41324d,b468e5c1-fd80-4c61-8545-54a03c959ff1,-6,0,-6.103288312749931,0.25678355559469485
6d359e1e-9249-407b-aabc-94659b65cc6e,2026,2026-03-07,fdfebc81-138f-45de-ad5a-cdb4c98c5dc1,aa657c8b-9c3a-4727-9d4c-559205be3150,-2,0,6.403524863543055,0.7908287002802006
6e56036f-cba0-405f-8d3f-984b3e3fc746,2026,2026-03-07,69307d4c-6e7f-4329-b6c2-1f3902362083,0ec33aa5-020d-49e7-ac6a-2ee825d15102,-7,0,-0.42884850885200176,0.4732769134890902
70260df5-9b24-48ad-b31a-9d3997edbe5b,2026,2026-03-07,93de5342-985b-431e-9c3e-515381b67402,8edd905e-18d4-4618-ba73-09af639ca94e,-3,0,7.623729630854938,0.8142604137443453
72f0b9b5-82bb-4c00-ab48-120ce503da34,2026,2026-03-07,7da471c0-9955-4f80-b861-d7753ac5a7eb,2f197fca-5329-4606-8c7d-9bf31ea65732,-3,0,0.5621690176323001,0.5317124615461737
77ce072f-d0db-4268-a44e-48c83884b44a,2026,2026-03-07,d414d5fc-8653-43b8-ac66-ec8f63c74c82,51b50cb5-097f-453e-99eb-4175d27ed1bd,15,1,16.42317396105408,0.9643673061567349
797e47a2-8188-4bbd-9f87-a3614c62fe8c,2026,2026-03-07,5e1572de-c2e7-4a5b-a605-c095da467409,3dfeaa6f-de19-4029-bdaa-0f2bd8ea04c1,6,1,-10.280575960751591,0.16702156858612238
7b27abc6-7ce9-4919-a56a-b097fbe260e5,2026,2026-03-07,38f31497-065b-465d-ab24-3fa581de1831,fc1af6b7-242a-42bf-bbe3-325108828697,21,1,18.72697745346686,0.9686520692558046
7e34f760-8930-4c8d-ac32-3893bcf18707,2026,2026-03-07,f31b656e-13ba-4eb7-bd53-66b20405c905,364c8255-118d-4dcd-aa72-a62621e3aeb6,-21,0,-5.849671394802888,0.2882672999654147
7ea5bc24-c58f-477c-94c1-1c68424760e2,2026,2026-03-07,9f15591e-786d-4c01-a688-1272fa1c111b,57d94665-96b0-49e9-ab6b-a7cd6a1492d0,19,1,14.024549504186623,0.9322348582177429
872e50e8-a03e-4f59-a3b7-ff32d865968c,2026,2026-03-07,9aef881d-7fe2-4fb3-a80d-0b567f388490,2a453d52-4fcb-44e2-84c8-d2c1f91eccf1,-10,0,2.1605890636888794,0.5767749598347599
8e2c22cf-575d-420e-a656-9677325b536c,2026,2026-03-07,a76e8585-9bd8-4efd-ad05-93baa5c91a75,0dc6096e-6097-4da2-a279-a7e256c526e3,-24,0,-1.0205230595951342,0.38589757351481807
939d15c9-458f-4ed6-bdcc-819d5c9f7985,2026,2026-03-07,fff30549-83b5-4c44-9f3d-444f65ede45f,977af06b-e276-4d26-9f4d-4b3c41c67885,-4,0,-0.3583721903744257,0.49109931396448203
9a01f7b5-deaa-4f95-91c0-c088a6cb7894,2026,2026-03-07,8cc8f38e-384d-42b4-906f-97ff66fee7d7,083c67a8-1a0e-42e4-b3e0-c3872a10d8c2,20,1,11.83479654256705,0.916044139997083
9b5da476-f6ed-48f0-accc-478d165fa95c,2026,2026-03-07,8921f536-d6f1-4d5a-b369-5dfb136e1717,8c2a4a9c-1ede-4db2-aecd-cfe02e686b8e,4,1,13.32225200243458,0.9141346653924878
a2942da1-92db-4d9c-b39e-3c49349feaa4,2026,2026-03-07,8315c904-1e6e-43c1-a538-e2bbf8bc9ca0,72daa240-1119-4159-899a-d81875c1c916,-5,0,3.8614564977037107,0.6848526039077917
a7378fea-cdcd-447c-b789-5919b910a547,2026,2026-03-07,7dc3e262-ccd4-4c87-8617-0ca6e819757f,0270a5a5-82db-4c54-901d-c9c8dfe3741a,2,1,8.714835149309845,0.8017161851317804
a9ff07f4-9cce-4290-83a6-f4d0682fcef8,2026,2026-03-07,6c5e0081-14ff-4e1b-829d-a107919bc58e,b2c3c0ff-6592-4132-b527-e3784532b0a7,-7,0,-9.664988642242179,0.13716169003620884
ac6ebd9e-8211-451d-9762-3d1ea2efeb7d,2026,2026-03-07,cda5f197-ae6f-4f38-a523-d1e70b218821,84769f97-e86d-402a-9eb2-d31118f663ca,10,1,5.751453447755362,0.7549165750331173
b0fe0ff8-f47d-455a-9bbd-829431dabb57,2026,2026-03-07,fbbdc24a-ba43-42e2-afcc-a328f0d9938a,c836e6fa-56f7-4920-86c0-a3d112f21365,6,1,-3.0325882760641347,0.3814224093079264
b495dbe5-e9ff-4efd-ae40-cd6665adce8e,2026,2026-03-07,4ac9a4d0-e97a-403f-b290-b7bf3c0e8308,85b4dcda-76c3-41e3-ba40-71e093a8dcd5,18,1,9.16717624893498,0.8479771280922035
be4ba4a5-ea87-44e3-8b84-a20aa2798a3a,2026,2026-03-07,ad070c37-e224-4aea-bff9-4bb770ef38de,6d9c7f06-e309-4b30-a7a3-37783b2b3f26,-9,0,9.645714963963712,0.891624995268058
cdbf9cbc-c9ea-4eeb-b233-a9d295c78585,2026,2026-03-07,523dd055-c2af-425b-b849-f05ced2ae52b,4aa5d0a9-3420-4d4f-a466-17c82d88c482,-21,0,-0.3365601929774446,0.4298335446809992
cf9722b8-a00f-4bf8-b500-bf6c8abfb514,2026,2026-03-07,47c889b3-c1a2-4035-ab56-edaeee3a3c86,aaa0be6c-4ab2-4cc9-be12-f8658ecddc9f,2,1,4.924737718323588,0.6901707468878563
d07d758c-8f4a-47d0-93f6-baf2c31e0ee7,2026,2026-03-07,3710f3f1-b8c6-4f75-85b7-66deba7d916a,bcadcb9e-4b19-49d8-a836-b1224d88a96c,-4,0,2.175000591975976,0.5874454932095373
d3fa32f2-463c-44bc-8bb4-4e7114920e5b,2026,2026-03-07,a40a35e7-bb78-4848-a0a4-11059f3caa39,6f01f32e-67fa-44c7-8440-24a263829a82,7,1,5.223926889626625,0.7132747342627631
dddfa9a8-5eb4-4bf2-ac35-62e2034711ce,2026,2026-03-07,7cc2bc8e-b314-42a5-81cd-bd21acdd42b2,28cde209-3ae8-4939-9d83-2a6d645d427d,-1,0,2.8902879993487036,0.6289521064526378
de2e40a6-016c-4779-b720-dd314ad8d7d5,2026,2026-03-07,4e0916c0-6045-4d71-8568-b5e486ff2f92,6833b588-1856-4519-a296-afd069ebabfa,-5,0,4.003255221827559,0.6247392533915218
df8de253-6461-4789-8655-3fbbeb9b6acd,2026,2026-03-07,19bed18e-691d-4e79-aeaa-771b745bf2a1,7b637d45-2602-47f9-bf37-40d1043643b7,13,1,0.7652010511954467,0.5563917451908807
e0b39165-006f-4330-af13-2539b2dc1e13,2026,2026-03-07,b58418f4-b3ae-444a-8ada-74ff43e88ea9,076baa43-c839-437c-8a6b-5074277599df,25,1,11.889423638324939,0.8933687422943544
e5518756-c0f5-46bb-b53a-ea0ec3c262f1,2026,2026-03-07,0b613bb0-e3c8-412a-8845-b9807552ba60,e694b3cb-eeef-43f4-bada-32dba89664a3,-1,0,8.502040481920918,0.8599982454368092
ecd42a9f-7d7b-4a90-a2dd-e80f13db4f87,2026,2026-03-07,c5d35bbc-89d4-412c-8778-037158252c91,179abcd1-98d5-4dc8-8532-3f8ffee320c5,-10,0,-16.30535447993686,0.06504221621251216
eed649c0-20f9-4e77-ab22-87a82665565d,2026,2026-03-07,032eda63-2e4d-4c72-8c92-51b97442dea9,f598c6c5-97cc-41a4-83b2-84f08d3397f9,-10,0,-7.081140986334737,0.21247726817333978
ef357ea7-1029-48cf-b113-ec2d024df265,2026,2026-03-07,8a720b96-af6b-4ada-bf15-b7b80a091274,2979c251-171b-4f39-b156-d19f2d179eeb,6,1,-7.561403410054651,0.2255841177552164
efefa7a8-89a7-4e3e-8fab-8b9f9e23a42b,2026,2026-03-07,ed6e30f8-d1f2-451b-9a26-5c7f21af0125,cec32a63-a501-4a6c-b2c3-dba31694d2b2,21,1,7.2605352418243045,0.7549287577565889
f3764f3c-98fc-4e19-b734-594f7cb15cf4,2026,2026-03-07,60185dec-e78c-4750-a32a-2162e22a166a,195e638a-72ed-4f19-a47f-232630307034,2,1,5.804616179758866,0.7154205126703262
f506c6e5-3b9b-4ce7-94bc-84b9846b0d40,2026,2026-03-07,474c10f3-c223-42d9-b9e9-48c37898ace8,3b0fb0e0-1625-4a53-8ad2-e353ec84cb0f,3,1,-0.8635706245408945,0.49479771762706937
fb171349-402f-4452-8f97-a41abb17633f,2026,2026-03-07,e80d2384-bdc2-4f58-b09a-284a659a4d81,cdda7902-04cd-4834-972b-072f59dd1474,13,1,12.184850138862826,0.9202086397896669
fb6cae16-ffd1-473b-af50-b67b2be3d2c2,2026,2026-03-07,813f7a1c-6264-4e11-88e2-21dcd0072c0a,4f107cef-d28a-41e5-b9c9-9f537c5a92e2,10,1,1.6354564746704443,0.5455318611397388
fdd88f03-9f12-4093-a699-6381c61c4b7d,2026,2026-03-07,f945abf6-7dca-4e3a-b475-bceddc534fb9,700ebcb7-55a3-4967-b5ef-89731a047790,4,1,7.418889125749052,0.7734804644369669
26f53d55-e19e-47f0-b7db-43d968ed41ba,2026,2026-03-08,e41ccbd3-d51f-43e5-b037-4cb81b41b713,3ce97af9-70d7-4dc9-b13b-4f4221b9e09a,1,1,-2.553632810713758,0.44762137339310387
3a5d5bfc-b7ce-40ba-bfc4-d4d6afd8cd8b,2026,2026-03-08,eb5b8376-53ac-42b0-a932-bfc4994faa1e,95ff4642-ef5c-46e3-982e-adab9cdca4e5,-1,0,-2.3084557818639215,0.36590638178101653
3b0afde8-d3b3-4ab7-bf26-180e61384de1,2026,2026-03-08,dedb794d-6852-4b7b-904a-15cd66966a0a,bd78de3d-6129-4bfa-8203-6ad7e79b5e54,-6,0,-22.327196545526242,0.05408953352547767
3b494f5e-b4b9-4710-89d7-fa3cb3f58374,2026,2026-03-08,8921f536-d6f1-4d5a-b369-5dfb136e1717,7dc3e262-ccd4-4c87-8617-0ca6e819757f,15,1,10.558063032055239,0.8855070169497001
41876a57-cf02-4faa-9233-29aa5e7e4895,2026,2026-03-08,aa07fd1e-a03e-4554-9286-31e09a343db0,ed251b78-3a68-4e91-b25d-08ef8bc8face,31,1,6.033883320633464,0.7523435998276302
41e258e0-e99a-4037-a6cd-01b69772109d,2026,2026-03-08,2d467e3e-e5d9-499c-a1ed-225d0c3ae91a,15e4f40d-8279-4f7a-8095-613e3a6ded31,8,1,10.152179287741568,0.8737300551694522
4ef37c2a-6f9b-45dc-b22b-ad8aeb61ec0d,2026,2026-03-08,29343f0d-eec4-44e0-923a-b7c6360ad1cf,0dc6096e-6097-4da2-a279-a7e256c526e3,-4,0,4.278427077195243,0.6829206675599774
506f5a20-b75c-4ac0-aac7-c7babd65b7f9,2026,2026-03-08,b9984408-0526-4a1b-9cb3-d6450264dcd5,d7af5a06-c331-48d5-a768-4a3627420b0d,2,1,2.11200517006795,0.607138477798916
51437baf-2c80-456f-874e-d67355f630cc,2026,2026-03-08,1902edf0-3770-4094-9f92-722731ac4c93,557c7aed-66c7-4dde-aef2-6dc573ec91e7,9,1,11.740531301975622,0.8928466702476062
55ad705e-4e13-4bcf-86e2-95840e4b7907,2026,2026-03-08,cda5f197-ae6f-4f38-a523-d1e70b218821,37789002-2f1a-4a5c-95f5-a4f487f719ac,-5,0,5.706440337051745,0.6984125412182424
5dc9e481-ccb2-4ae0-995d-bc1419d606ba,2026,2026-03-08,72daa240-1119-4159-899a-d81875c1c916,2ffb1e88-0784-478a-b74b-a0a0832b4e30,6,1,4.786250868668416,0.7023561891394875
6a54ee8c-5692-4fe4-839b-8da1cf4a83bf,2026,2026-03-08,5556385d-827a-48ff-a603-cddd42d7d7f3,31ce23c8-e471-4fad-b117-36f72628b875,-20,0,-1.1966876372367066,0.4762551744093355
6fea8439-2296-4b3a-a517-9e38e6782a2e,2026,2026-03-08,8fc903e0-95d5-42fe-8972-bae53e4456a2,32d092aa-6752-439b-89e2-6538ab8523cd,-15,0,5.26612289439416,0.7532355602118422
708975b9-a8a9-4bc2-9d14-db258fb15a71,2026,2026-03-08,d5861555-455e-464c-919c-9e6b99ce4495,2232e72f-0d57-499b-a956-680031e1de18,1,1,4.2501197436798535,0.6907339752907325
7521f83f-8720-4c5f-8335-77567a77193a,2026,2026-03-08,f37e86a7-66bd-40dc-b008-7a9017dd8f59,ab2292aa-bfd3-4e49-a17a-cf970962e75d,23,1,13.62507812362484,0.9306451657481362
75fd70bd-5a97-4af4-ab07-659bb55a8d9d,2026,2026-03-08,94a323fa-c3d4-4718-a4bf-f6dd1c93c5c9,6eed5456-f1b2-4e4b-966f-71949e9d90ed,9,1,5.702146359330856,0.7255786481515292
78461d7b-5cb8-44eb-b381-caeb641b8d44,2026,2026-03-08,ba959da0-313c-4413-aad3-124a5c216494,124dd15c-311b-4d83-becb-7150d849218d,-1,0,7.835596931284746,0.851240786294214
863e9e43-ea5b-4187-8051-a0572f47744a,2026,2026-03-08,ed6e30f8-d1f2-451b-9a26-5c7f21af0125,d6a99784-3b3d-4ae0-a5c1-6689f04c9255,-15,0,-7.155699845659839,0.3451905009012061
88c656db-e626-41fe-8f33-25babc122418,2026,2026-03-08,64d8d377-0ced-439d-a3a6-bbf2100037d9,20bb1fdb-2581-4660-92f8-ad08c3a60acb,13,1,6.70449891367609,0.7100415988442971
89afa53f-bf23-48ff-8b5f-985f37dc6e48,2026,2026-03-08,68f6ce17-8443-4257-ae33-1f240c722bfe,b28075f3-bd4a-486f-b563-0081500049b0,7,1,1.8349692690991153,0.5983985898404608
89ee3e2b-139f-4942-9343-3c79e518864f,2026,2026-03-08,6038b249-00da-461c-9074-cfb1ed11d9ab,3ce22877-c834-4b53-aae8-5129d36175b1,8,1,1.2075286098077096,0.5964741540726656
936e5a7e-2ecd-4e2e-a70e-7ce1762c51e2,2026,2026-03-08,7a2ae4f1-b509-40e8-b553-cbea5aabc4be,90df5863-ccc6-4ffe-b441-dee520cc7fed,12,1,3.4250004889658956,0.6717977889232756
95d45353-abbd-4256-b184-475db173d2c0,2026,2026-03-08,47407d60-8e46-4d83-bf47-4b7ef8576ebc,c8280280-8b91-475c-9d30-faed3dc9ec3e,15,1,0.7960225952683734,0.5901928842285008
96f2d2e8-8dd4-423c-b543-e3a997eee1cb,2026,2026-03-08,2390b5f2-24b9-453a-b023-e7b36da375b6,e694b3cb-eeef-43f4-bada-32dba89664a3,8,1,9.218214436273247,0.8691807856800651
9a0ffaa9-ba0d-4a8b-9f11-5bfddf765d65,2026,2026-03-08,d9469ea9-44c5-4803-8d5a-39cf4028ea3a,5a3e7af6-53d5-4398-8c0d-97e0d9ac977e,10,1,10.500268415595551,0.8426667342216818
9b8beb5b-558d-42a4-916b-6dcd02ca1689,2026,2026-03-08,897f9506-86e7-4d3e-8eea-2b85ea85fa8e,8121c98d-816f-4d3a-bb3c-4e9f3fbf65e3,7,1,8.043623148092655,0.8688517518886874
9c9b7fda-c5b2-4220-822a-34ef0c51c649,2026,2026-03-08,b5111a29-5c09-4364-809c-3686a2b45d1f,b979de70-af07-4320-9f20-2b9606ce8cd6,2,1,10.909483078942907,0.8623135869359354
a37ba9cf-ebb3-4991-bb7b-483cd9ae3f84,2026,2026-03-08,60686ba3-d38f-468b-ac14-3d7c8518e868,e30dcda9-70a8-4f5e-a91a-5eb2cf1e2c36,-25,0,-2.022012701405039,0.40278746910275004
a430c8b2-dc2a-4334-a687-17f06df0bf1f,2026,2026-03-08,28c5e9b8-df2e-4fea-8442-2a3c31753cef,2780a057-59e9-4719-9190-6a16ecffbaba,7,1,7.830037510765854,0.7950537541542161
b610a60c-059f-472f-b8d1-b3c070465fc5,2026,2026-03-08,5ffd8dae-eb73-4ad2-be80-a6ca8f4e5884,9a2c2dfd-070d-4aff-bdc8-ea71e1ff510f,-4,0,-0.9742938293779181,0.4971271510241006
e9d69d86-005b-4d4f-b576-ae17a5890126,2026,2026-03-08,853ab0d1-c982-4e7d-8187-8600084662c2,bff1b03d-2382-45fa-a062-45884591e89a,14,1,6.525434492228829,0.7619875314139792
0140635f-4a01-4937-9b14-3bcdd8dbb5fe,2026,2026-03-09,b655e208-570d-40cb-a275-91f219da9058,4d6c2d4d-b59a-44c3-826e-03e969153794,-6,0,3.7670927569026165,0.6414584525780255
08c455d7-c11e-4f5c-8ae1-7087ac25aac2,2026,2026-03-09,732365b9-1faf-46df-9c75-4571516450f0,788df145-b514-4ea4-9ff0-bf2399dc7898,6,1,-1.9164701982129702,0.48856207690884584
0df88359-65a8-474f-8b7b-723629e7c06f,2026,2026-03-09,aa07fd1e-a03e-4554-9286-31e09a343db0,e30dcda9-70a8-4f5e-a91a-5eb2cf1e2c36,3,1,5.984124128281377,0.7344808889295763
0f58eaac-d80d-4e33-be65-e195857dac30,2026,2026-03-09,fb351878-91c8-4144-83c1-92f166d447f9,853ab0d1-c982-4e7d-8187-8600084662c2,18,1,9.885392862086928,0.8675930069670803
199f6894-db10-443b-ae07-559f8d0b42ae,2026,2026-03-09,1aa7f46f-1a21-46c8-a8b8-ee19ee4b1e6e,64d8d377-0ced-439d-a3a6-bbf2100037d9,13,1,4.1375105018494285,0.6869835322371676
239b19eb-a127-4c5f-9d2e-9e592f4b3207,2026,2026-03-09,fe6d6aa2-4515-4014-88ef-eb2bd91e54fa,31ce23c8-e471-4fad-b117-36f72628b875,13,1,5.4843191682786125,0.7125724106394928
5176ee01-5bf3-45de-9599-ef0a88919d13,2026,2026-03-09,6038b249-00da-461c-9074-cfb1ed11d9ab,0dc6096e-6097-4da2-a279-a7e256c526e3,16,1,5.539109104485495,0.7759175627278511
6089024b-168b-4a01-bb29-a9c645528121,2026,2026-03-09,694c9825-86e3-466b-9eed-01db85397149,d297d4f3-0edc-4461-aa7c-7be49fc9aad9,25,1,15.256394980820296,0.9606394851012554
6909dad7-4f1a-4775-9722-1f7d40a73f57,2026,2026-03-09,8c9b2481-8a04-4d21-baaf-cd9add16d15c,aa6e74ec-70a8-4e02-9b58-0e0e886cace2,-12,0,3.628755109602272,0.6385059274202416
7b585770-94eb-4c7d-9127-2e45971466de,2026,2026-03-09,9eea7343-e29b-42cd-8ec7-ccda00c95536,e41ccbd3-d51f-43e5-b037-4cb81b41b713,9,1,20.69438443434214,0.9806443793234261
836a9292-b67a-4dc6-b06d-17681400e190,2026,2026-03-09,d3445fe1-27cc-4d88-b2df-6ce2afe13156,2d467e3e-e5d9-499c-a1ed-225d0c3ae91a,-5,0,2.7026996106713095,0.6770271174607994
8ff8a912-68e3-4e8a-86d6-074a94e52d9e,2026,2026-03-09,5e9a1e57-759c-40bb-aac1-6bdb058fafbf,ec7aba22-2b7a-41dd-801d-063cca9a4c1f,5,1,4.628882828091967,0.6751792965186736
fec9a649-705e-41c1-a555-708dfcd3fe32,2026,2026-03-09,b9984408-0526-4a1b-9cb3-d6450264dcd5,72daa240-1119-4159-899a-d81875c1c916,-15,0,0.6699516513431982,0.6402944621019715
09909201-d3e7-4397-bba5-3db2182ad70c,2026,2026-03-10,700ebcb7-55a3-4967-b5ef-89731a047790,64d22a8e-0b18-48ea-a6a3-5619cb8be43e,-6,0,-1.3018864774625838,0.4373221260589926
0f8d2f78-f199-4bae-bf41-d8802d860370,2026,2026-03-10,fe6d6aa2-4515-4014-88ef-eb2bd91e54fa,4d6c2d4d-b59a-44c3-826e-03e969153794,3,1,3.2158158853278356,0.6382580799375364
1a2e9643-8add-4de5-8f32-84c1c9f389a8,2026,2026-03-10,ec98d839-43bb-427e-83c8-d832063ad70d,57d94665-96b0-49e9-ab6b-a7cd6a1492d0,14,1,8.358339327527391,0.8371824162395
1da2936e-999f-4c80-8b6d-ce9f002e46c4,2026,2026-03-10,517665d2-60c6-44a7-a80b-78212cfb2db3,694c9825-86e3-466b-9eed-01db85397149,3,1,-9.630588895284522,0.17065979724603877
1fa32cc9-d6fe-4771-a6f4-7a6b6951115c,2026,2026-03-10,fc1af6b7-242a-42bf-bbe3-325108828697,f497a267-e78e-43dd-9ab3-4299cf11c08e,4,1,-3.1146480188621295,0.383409155338822
2adb889d-13cf-4a87-a595-8701ddb8240e,2026,2026-03-10,e2d3ca81-2525-473b-8700-136b6939d5b4,ea75002f-0c50-4cca-8d60-8926c2f2c077,22,1,11.667986420228857,0.8913286704960256
2be5ff53-094b-485d-bb05-0697070a1fbc,2026,2026-03-10,5e9a1e57-759c-40bb-aac1-6bdb058fafbf,9a2c2dfd-070d-4aff-bdc8-ea71e1ff510f,-13,0,-0.1995860741789166,0.48243153312948317
3146df4a-f9c0-42a3-b661-335065d25345,2026,2026-03-10,26a9b9da-a6e0-4e12-a95c-e1e51e72fcb0,fb351878-91c8-4144-83c1-92f166d447f9,4,1,4.239893805428478,0.657560155612968
47be027f-59f5-4d76-a4bd-1a51acd75d91,2026,2026-03-10,8cc8f38e-384d-42b4-906f-97ff66fee7d7,47c889b3-c1a2-4035-ab56-edaeee3a3c86,9,1,10.957270325505164,0.880989428265105
5bc16552-8c7a-405c-be05-020dd267e470,2026,2026-03-10,c5d35bbc-89d4-412c-8778-037158252c91,b7139fdd-2b24-42b2-80d8-3cc79042b563,-9,0,0.24134653609005663,0.50932306540017
68cbf6db-921f-4a88-8c8d-75a85b3e6829,2026,2026-03-10,7b637d45-2602-47f9-bf37-40d1043643b7,fdfebc81-138f-45de-ad5a-cdb4c98c5dc1,17,1,2.9417228675882736,0.5737929454289021
a05b311a-cc7c-4906-92cd-e0059d7c4c97,2026,2026-03-10,9eea7343-e29b-42cd-8ec7-ccda00c95536,2d467e3e-e5d9-499c-a1ed-225d0c3ae91a,11,1,9.465311798807605,0.8743206206223257
a411f1a8-db04-412e-bc55-32a56e3b7c16,2026,2026-03-10,26fd3855-d3a6-4b79-a7b0-559b447f5e6c,1aa7f46f-1a21-46c8-a8b8-ee19ee4b1e6e,2,1,7.775190087034833,0.7898458705415062
ab7d5f36-a5e9-4438-9c82-6508f253a1f6,2026,2026-03-10,4f107cef-d28a-41e5-b9c9-9f537c5a92e2,b86cac40-e643-41b0-ba96-76ef03712c8c,7,1,9.264627162274719,0.9090778736685594
b272aed3-a746-4464-a4f4-4492414ababc,2026,2026-03-10,b678d94f-1147-4cd8-b221-3155893eb1a9,90df5863-ccc6-4ffe-b441-dee520cc7fed,10,1,6.290688238453234,0.7460942361518671
b9086672-3de4-444f-8f1f-0e4b447ac0d4,2026,2026-03-10,2f197fca-5329-4606-8c7d-9bf31ea65732,474c10f3-c223-42d9-b9e9-48c37898ace8,-5,0,-1.1970333898227472,0.4584413351297897
c3e027cb-5189-4167-9ab6-f3ad8eba10bf,2026,2026-03-10,d5861555-455e-464c-919c-9e6b99ce4495,47407d60-8e46-4d83-bf47-4b7ef8576ebc,-10,0,1.9454053217294485,0.6036199695830916
d2c54afa-f14d-4714-b242-8fc5cf18035c,2026,2026-03-10,28cde209-3ae8-4939-9d83-2a6d645d427d,aa657c8b-9c3a-4727-9d4c-559205be3150,-1,0,5.707880322600741,0.7153701275794095
d99456a1-e746-4741-a1a7-9dce372dca95,2026,2026-03-10,897f9506-86e7-4d3e-8eea-2b85ea85fa8e,732365b9-1faf-46df-9c75-4571516450f0,-3,0,4.940193784906506,0.6543192930471806
dc81b666-a8a3-4247-8fb9-12b983ac1a4c,2026,2026-03-10,fbbdc24a-ba43-42e2-afcc-a328f0d9938a,dedb794d-6852-4b7b-904a-15cd66966a0a,-10,0,3.7357722411265493,0.6622700419371815
e74a1968-c70b-4375-ab37-3ad696396774,2026,2026-03-10,61080933-9c42-4844-9cd9-7cfbcb9cf94a,e020519a-e90e-4b63-bb2c-f17dc31b5a56,9,1,3.2485164342699178,0.6915291583670798
f60002bc-cb17-40c7-a25d-4e262ad4ed39,2026,2026-03-10,9c03bc0e-03a6-4b67-a95d-bb653d5afc1a,aa6e74ec-70a8-4e02-9b58-0e0e886cace2,9,1,5.932109796965989,0.769483698151911
fefd23de-5712-49d9-aa42-2a86b11624da,2026,2026-03-10,ed01ba53-c6ff-488f-903e-9b348a195c03,bf002b1c-e14e-48a8-9c75-d70de0b2a31d,-3,0,1.3775879258787604,0.5480537618377301
09cd3593-bb80-4eac-9539-7900327126d1,2026,2026-03-11,567fb73b-73a0-4437-a1ed-314d40d93e6f,7a2ae4f1-b509-40e8-b553-cbea5aabc4be,-5,0,5.288517981966241,0.6965680764383605
1424ea37-9d4a-4de1-968f-33ec8c6039e3,2026,2026-03-11,eaa03f66-f667-48c2-9f30-ccce38d89e56,7b637d45-2602-47f9-bf37-40d1043643b7,4,1,9.424286952679035,0.8228901778823009
16bd5d3f-b34a-4701-afff-3ab2217b2e5b,2026,2026-03-11,07f2978d-85d4-4892-8267-e6903cc20f93,8edd905e-18d4-4618-ba73-09af639ca94e,12,1,9.182256907452148,0.79986080606206
1900c3b3-945a-4b01-bc79-8ce4026331fa,2026,2026-03-11,2a453d52-4fcb-44e2-84c8-d2c1f91eccf1,68f210a8-33bd-4d79-a5b0-222aabe727e7,-10,0,-3.605632995061914,0.40654490045342767
19b57251-6789-47de-bc3f-77ff2facd980,2026,2026-03-11,8da08445-76e5-4e98-be98-4f101d670980,4f107cef-d28a-41e5-b9c9-9f537c5a92e2,1,1,-5.8433504512467715,0.3166470627022617
1e9b7a61-a4dd-4a31-9733-30c8ef4eb6fe,2026,2026-03-11,26fd3855-d3a6-4b79-a7b0-559b447f5e6c,26a9b9da-a6e0-4e12-a95c-e1e51e72fcb0,-17,0,-1.7782033363632088,0.4805986140057875
1f78ce95-f5b2-4338-b8e9-00a62e7ac990,2026,2026-03-11,195e638a-72ed-4f19-a47f-232630307034,8a720b96-af6b-4ada-bf15-b7b80a091274,-8,0,4.665773338318899,0.7007442847788956
2b278b1b-6975-4fc0-8b44-586fe9a7e909,2026,2026-03-11,95ff4642-ef5c-46e3-982e-adab9cdca4e5,eb5b8376-53ac-42b0-a932-bfc4994faa1e,-12,0,6.407306740939469,0.7763427290603837
2cce986f-8bf4-4d51-8874-fb1d95241bd1,2026,2026-03-11,866586a7-cbbf-44c7-87fe-e9343fef12c8,163cfcfa-5213-4025-8eb1-dd67b17587f8,-5,0,1.0245103458163252,0.5455444053539237
2d7f3a08-74e6-4981-beeb-54c845295d40,2026,2026-03-11,19bed18e-691d-4e79-aeaa-771b745bf2a1,e08292aa-f0dc-4c1f-ac0c-138ec5d15372,6,1,1.1746091149047855,0.6455319621158498
3227c893-ee27-474d-92ee-e4d662a6c78c,2026,2026-03-11,175fb86f-dfa5-4661-89d1-221410e04eec,4e0916c0-6045-4d71-8568-b5e486ff2f92,-19,0,-5.7414733387258226,0.2530050092204014
367eea22-ab39-42ef-a4b6-8f6a87ccb2d4,2026,2026-03-11,69001211-8ae2-4829-9746-40b6a0858890,93de5342-985b-431e-9c3e-515381b67402,-10,0,4.241362027937358,0.6080241352530306
4a0be441-47d0-4c7f-8334-295e7a451d8c,2026,2026-03-11,69307d4c-6e7f-4329-b6c2-1f3902362083,d9908b15-814a-4283-8513-0d0ebd2430f8,6,1,0.26189816406024996,0.5532147483193463
5bdc3dcf-2e54-4a02-97f9-23606f4330a6,2026,2026-03-11,69288ce9-31e9-4d18-9e18-89226b85a2cf,9c03bc0e-03a6-4b67-a95d-bb653d5afc1a,-4,0,1.6130392508391354,0.5633142181519
5d56b494-b4d3-435c-98a2-ae18bde949fc,2026,2026-03-11,fc19569f-90e8-4af1-8b2c-981d4b9b0e7d,474c10f3-c223-42d9-b9e9-48c37898ace8,8,1,9.185008866841194,0.8446063931545944
669dcb7c-a4bf-42f3-a24f-37dffec8007f,2026,2026-03-11,85b4dcda-76c3-41e3-ba40-71e093a8dcd5,b979de70-af07-4320-9f20-2b9606ce8cd6,4,1,-0.43838142907041755,0.5314061037729605
6d2a63b9-89f1-4348-b57d-e42b80e01cae,2026,2026-03-11,3f9ea222-2b0c-4f93-a0e2-601346d6030a,f598c6c5-97cc-41a4-83b2-84f08d3397f9,3,1,-3.3888998476293097,0.41107661983396
779c6c3b-d056-4e00-82dc-bfaa02ba6679,2026,2026-03-11,5f39cc2c-9779-411f-87e9-7702676c6ea8,517665d2-60c6-44a7-a80b-78212cfb2db3,10,1,8.75269532593207,0.8541069273685457
798050e7-30d7-4ffa-9d10-004e7afac467,2026,2026-03-11,c836e6fa-56f7-4920-86c0-a3d112f21365,f31b656e-13ba-4eb7-bd53-66b20405c905,4,1,6.690417298481612,0.7419861461051221
7a879b07-e0c1-4309-8080-98149663fdb4,2026,2026-03-11,813f7a1c-6264-4e11-88e2-21dcd0072c0a,b7139fdd-2b24-42b2-80d8-3cc79042b563,7,1,7.524723760266984,0.8262363747484951
821966f4-2a78-4623-8127-4831d6a4fb8d,2026,2026-03-11,89146125-2618-4b85-9bb2-a7d785fc8c0c,032eda63-2e4d-4c72-8c92-51b97442dea9,-10,0,16.990412842546192,0.9438868323429456
86b73449-e000-4daa-a58b-f67862207877,2026,2026-03-11,9aef881d-7fe2-4fb3-a80d-0b567f388490,d1623d0a-64d7-43e3-9f9b-36356767823e,-7,0,-1.2868605154374726,0.46930550950512795
974b21dd-2d97-45c5-a895-dce7cefc30f9,2026,2026-03-11,68f6ce17-8443-4257-ae33-1f240c722bfe,124dd15c-311b-4d83-becb-7150d849218d,14,1,2.8334727586582864,0.6005147753745057
992248a0-0037-47e9-bd58-0ce6d7e6298c,2026,2026-03-11,cee4e9fb-16d1-4b9a-bbeb-6f26c9d5c340,94d2459f-8edb-4281-8038-8b2dda825fac,5,1,10.489973877346602,0.8738490676543703
9ddf1af3-7565-4b53-b82f-7ff018e2b741,2026,2026-03-11,6eed5456-f1b2-4e4b-966f-71949e9d90ed,dedb794d-6852-4b7b-904a-15cd66966a0a,11,1,18.04665529099905,0.9650207198752592
a246eed9-b8be-4f4e-b13f-19a635416bc9,2026,2026-03-11,c68084a8-36ec-4f0e-963b-561f5ea2c46e,d1177041-d515-453f-9b73-e9891b41324d,18,1,10.65369150608198,0.880152606164865
a85f2e9d-064f-4f07-a209-fd4342e263a3,2026,2026-03-11,732365b9-1faf-46df-9c75-4571516450f0,9a2c2dfd-070d-4aff-bdc8-ea71e1ff510f,-11,0,-1.6588123160115569,0.41025013794392995
aa8996b0-ad54-49e1-b933-1d5f6e5e7fea,2026,2026-03-11,a4e52f2f-5193-40ce-a997-0e0be093d86a,ec98d839-43bb-427e-83c8-d832063ad70d,-20,0,-2.9229965502378126,0.36898586845440057
ce260075-1ba9-409e-b2cb-461d29ca3932,2026,2026-03-11,592b259a-709d-44c7-b547-07d6529132b5,bf002b1c-e14e-48a8-9c75-d70de0b2a31d,-8,0,5.70367199635372,0.6647098191204208
ce6ac0ea-2bbb-4ecd-ad76-cf6b7f637533,2026,2026-03-11,5e1572de-c2e7-4a5b-a605-c095da467409,cdda7902-04cd-4834-972b-072f59dd1474,-2,0,6.113310413674094,0.7686248547437412
e63da547-5bab-4344-b1a0-355fd5632f20,2026,2026-03-11,1ba8fbd8-4401-4226-b1cc-82e937c56657,076baa43-c839-437c-8a6b-5074277599df,4,1,4.973653674241481,0.715607162108285
e88c4dd6-8156-4b9a-86d7-4d05ba75ff2e,2026,2026-03-11,29ca4fda-da79-4d21-b2a3-a87a25d02733,b678d94f-1147-4cd8-b221-3155893eb1a9,-13,0,10.904975048598656,0.8208731788495802
eb42943b-e843-4bff-a90f-561d0d2aca25,2026,2026-03-11,0423c35a-c25a-42a0-a0da-e1918c78cd5f,c64c255f-43f5-4a08-99f3-222dd9aa0731,35,1,21.12251036257822,0.9832262191445214
ec418a0a-91da-4bca-b75a-756296fb2986,2026,2026-03-11,e9570bbf-fc5b-474e-b98e-151eee207d8c,0fcf988c-9b3d-4eeb-bc11-4b461290749a,3,1,7.662310344271055,0.8228085534482209
fa5b3ff0-90a4-455d-9c58-4b74c09a1738,2026,2026-03-11,2b7eed3d-9921-482b-a193-759486c9b225,64d22a8e-0b18-48ea-a6a3-5619cb8be43e,9,1,7.768151855782729,0.7626179137512513
fbffb155-d578-43cf-8fe7-44bf1ef7dd04,2026,2026-03-11,7cc2bc8e-b314-42a5-81cd-bd21acdd42b2,aa657c8b-9c3a-4727-9d4c-559205be3150,10,1,5.337571725926298,0.6935768822873281
fc16e48d-81d6-49b6-8750-b1eadf823b49,2026,2026-03-11,12fb3719-3067-4770-ab8a-b11eeb73faae,a296aea1-d070-4a8b-8dc4-62323ca3f942,6,1,-3.764906560832477,0.3158122820399984
fd94dfb3-294e-4ba3-bf9a-3856d6c51d96,2026,2026-03-11,38f31497-065b-465d-ab24-3fa581de1831,fc1af6b7-242a-42bf-bbe3-325108828697,49,1,17.025125931438634,0.9653309449817684
05cc8e76-6506-4a7c-b425-2855bcd4a2e9,2026,2026-03-12,0b81f60f-d170-4ec1-9003-5fc16e4afa3d,69307d4c-6e7f-4329-b6c2-1f3902362083,6,1,2.0118054115951827,0.580124823146669
124e241c-0d3f-4038-8d0e-7dc873ed21dd,2026,2026-03-12,9f15591e-786d-4c01-a688-1272fa1c111b,813f7a1c-6264-4e11-88e2-21dcd0072c0a,5,1,4.068329406069082,0.6897837146920699
15521c78-3e59-47b3-8467-8202f6580ec9,2026,2026-03-12,ba89a28b-4588-48cf-be7d-683d7eaf21d0,2979c251-171b-4f39-b156-d19f2d179eeb,-4,0,-6.062574583879727,0.22748830473800014
15aaf55f-6c00-4b2c-9eb0-6d58e71fd85e,2026,2026-03-12,179abcd1-98d5-4dc8-8532-3f8ffee320c5,8da08445-76e5-4e98-be98-4f101d670980,22,1,15.67884045192554,0.9560466700113369
15b2a9d4-4ec1-4f6d-9376-b90f2e555471,2026,2026-03-12,51b50cb5-097f-453e-99eb-4175d27ed1bd,2b7eed3d-9921-482b-a193-759486c9b225,-1,0,-1.2287036577458361,0.49342966132354327
1d7ff27b-d439-4785-b336-1e723703c835,2026,2026-03-12,0ec33aa5-020d-49e7-ac6a-2ee825d15102,6c5e0081-14ff-4e1b-829d-a107919bc58e,6,1,5.567941971227711,0.7006930422184586
1ec7ec6c-be0f-4838-8b0e-d6e4c7822b6f,2026,2026-03-12,0c280802-395e-44d4-8c2a-fb539233410b,466a855f-207e-4dbe-bedb-07f2150174f3,3,1,6.556761491255067,0.7522440664206345
24d259ac-1d25-4c91-95b5-ba9243e51ae2,2026,2026-03-12,3dfeaa6f-de19-4029-bdaa-0f2bd8ea04c1,cdda7902-04cd-4834-972b-072f59dd1474,25,1,16.63551091568409,0.9732676489313876
267636b1-4f26-49a4-a9e7-4396e21bdb48,2026,2026-03-12,3d8fedb9-0847-4666-82df-5f520b704ff4,07f2978d-85d4-4892-8267-e6903cc20f93,-20,0,0.4591695002218628,0.5950548737543133
2c8afcb7-7ce4-48e7-b904-e5219f72ca30,2026,2026-03-12,2c2ff68e-eb76-44f0-b27d-9426785932d8,12fb3719-3067-4770-ab8a-b11eeb73faae,12,1,-1.2872489813646673,0.44701411952486864
3935d3cc-13cf-412b-9fbf-4ef9fbab5504,2026,2026-03-12,e672d935-837a-44a6-9e69-a25859488a24,b81dac67-4cc4-4d68-b327-0ecd77fe056e,7,1,2.461848208745144,0.572738143435916
49627516-2f9d-4f3b-abe2-51fed8bfd3fe,2026,2026-03-12,364c8255-118d-4dcd-aa72-a62621e3aeb6,7a2ae4f1-b509-40e8-b553-cbea5aabc4be,13,1,11.629687069946126,0.9211993116440422
4ddd2a7b-da54-452b-835b-3c9ebca12872,2026,2026-03-12,6833b588-1856-4519-a296-afd069ebabfa,8a720b96-af6b-4ada-bf15-b7b80a091274,5,1,8.156026018139109,0.8545346676970483
53716ce9-79ee-4e86-9574-a6e75c476854,2026,2026-03-12,e80d2384-bdc2-4f58-b09a-284a659a4d81,d1623d0a-64d7-43e3-9f9b-36356767823e,-14,0,8.084720697923233,0.8627402133774839
54596d2c-668e-4cb0-bad3-0052787cc7e4,2026,2026-03-12,33fe6f07-54b9-4b44-a9f3-e273b8b240b8,032eda63-2e4d-4c72-8c92-51b97442dea9,16,1,16.788148508672638,0.9530636115347049
55d2afd7-e937-4002-8023-7bd73c231ab1,2026,2026-03-12,3710f3f1-b8c6-4f75-85b7-66deba7d916a,c68084a8-36ec-4f0e-963b-561f5ea2c46e,10,1,6.316843037065336,0.7934155985586616
655101db-cf6a-41f0-887b-c5c771aafa92,2026,2026-03-12,fff30549-83b5-4c44-9f3d-444f65ede45f,cee4e9fb-16d1-4b9a-bbeb-6f26c9d5c340,-6,0,-2.2493136873996007,0.5449799605525543
7107cf25-c3a2-4b13-8da1-169da36cfe57,2026,2026-03-12,6265a954-0017-44e5-bec7-cdb2fcc8f527,6eed5456-f1b2-4e4b-966f-71949e9d90ed,3,1,-0.9397009866840554,0.5037443365970914
87764a5d-346e-4fab-b7f8-8982fabf8a1a,2026,2026-03-12,2772ac36-c719-4bcf-8a21-30eba79d1c61,cf602be1-6a27-49fd-9b3d-ab9e31f55454,-6,0,3.0771882905962555,0.5702421342030652
898615a1-38d0-4212-961b-b00763b4801a,2026,2026-03-12,be625a9e-aede-4fb2-98ad-3c0baa02528c,1ba8fbd8-4401-4226-b1cc-82e937c56657,9,1,6.919552429458861,0.7429161112577276
8b2c40be-1818-4bf9-91b5-6ed0187df2e0,2026,2026-03-12,e6f966c6-5104-484f-a3a8-a7450aa491ae,c836e6fa-56f7-4920-86c0-a3d112f21365,3,1,5.881388679277542,0.7143309448878523
9dfb3264-793c-4a81-b089-313a0da0bc02,2026,2026-03-12,d88ac8c9-9fc8-4e76-9426-cf44fe70db47,68f210a8-33bd-4d79-a5b0-222aabe727e7,13,1,11.157850742887604,0.9026001587132828
9fff2e16-fcc1-4cb3-90c3-7ef6c072364c,2026,2026-03-12,aa9a338c-8749-42c2-8655-1caa89068a61,3f9ea222-2b0c-4f93-a0e2-601346d6030a,20,1,10.961668610080062,0.8832370446847579
a274d0ae-967a-4c0b-8b99-791f8909212a,2026,2026-03-12,0fbb2a6f-3944-46a9-9fa8-51376e18b3d9,fff2e22f-8e66-494d-a434-8838f329f8a0,3,1,14.100914580782213,0.9416485303994505
ab65bffe-29cb-41b1-a1cd-4e3ce3dce3d4,2026,2026-03-12,711ff92d-65bd-49a4-abc4-7aacd8c11f9e,62093611-a202-4f7e-8d13-ed4c5498a9c1,-4,0,3.2519948199080178,0.6055166725773846
b1096032-817d-42b0-8e72-865be6dccc47,2026,2026-03-12,f945abf6-7dca-4e3a-b475-bceddc534fb9,7cc2bc8e-b314-42a5-81cd-bd21acdd42b2,7,1,7.018403898639938,0.7595295295190323
b3b7b6ef-f12a-4e60-956f-840b073052de,2026,2026-03-12,9293675b-8878-4a32-bee5-496b4818dbde,4e0916c0-6045-4d71-8568-b5e486ff2f92,-6,0,6.408523276865891,0.7199704781804486
b70db04e-fbb6-4f1a-a3c4-5f55d37bf381,2026,2026-03-12,a544a5d0-4cd1-4756-b079-30a9a7905cd0,b678d94f-1147-4cd8-b221-3155893eb1a9,13,1,18.120684634958632,0.9657426339877615
b8af566c-aeb4-4587-8e7b-5e262f37ad0d,2026,2026-03-12,54da433c-23a6-4200-94c2-fba0e56376df,07e79f5e-ccc8-487d-ac1c-fbd82b43bb75,-11,0,-2.804100617636547,0.4073912609330849
bcbf0d5a-92ac-4fbd-a405-c2446ad4d192,2026,2026-03-12,18b86bee-6b10-4c86-95ef-959dd2d80cd5,1ed24078-84ea-4147-b356-c8543c93aa1d,1,1,-2.107707116160884,0.5410007407656903
bda66d6f-f842-423a-a56b-0dc61a48bfbd,2026,2026-03-12,6b34a383-3696-47ff-99bf-1b690f616a28,82ae3098-41a3-4c5a-92a0-aa7a592b5f7b,11,1,-3.7343759496290505,0.34328497220621196
bf3cec05-d08d-4ec6-a812-d643836ad5e5,2026,2026-03-12,b58418f4-b3ae-444a-8ada-74ff43e88ea9,0423c35a-c25a-42a0-a0da-e1918c78cd5f,-4,0,3.9823148420104704,0.7298167539872744
c8303e32-99a7-4b83-93fe-5c4f8657d22d,2026,2026-03-12,d783c621-0bb0-477b-8bad-8785e9451e21,ec98d839-43bb-427e-83c8-d832063ad70d,7,1,10.989390396513857,0.8905746464366898
cd594001-cbce-4df5-b423-49f1e6e18f52,2026,2026-03-12,d414d5fc-8653-43b8-ac66-ec8f63c74c82,19bed18e-691d-4e79-aeaa-771b745bf2a1,1,1,20.48929531455424,0.9775382515414451
d2722b6a-8389-4506-aef9-a0ffcf70e821,2026,2026-03-12,edb2bfd0-017f-4df2-b9c6-d8dcacb7e929,38f31497-065b-465d-ab24-3fa581de1831,-22,0,-5.939045046173816,0.29722168166892093
dd4f45e2-7778-4738-8086-0e5dccad2285,2026,2026-03-12,ad6d1a77-a3c3-4d10-9a5d-52b851597e67,cc517ba4-b26c-41e0-bc91-66f5ceb16558,11,1,3.35726492665043,0.6041404994328174
dfc040c7-2092-47d0-bcf2-b89ac60b1d5a,2026,2026-03-12,d1c3793d-80d2-4adb-98a1-ac3c584bb64b,eaa03f66-f667-48c2-9f30-ccce38d89e56,5,1,-5.207555108300644,0.35282639218554884
e06848b0-4f88-47b8-9514-116b1b72a6c2,2026,2026-03-12,60185dec-e78c-4750-a32a-2162e22a166a,31ca13c7-e30a-4d9d-a3a8-5197d5e4342a,6,1,-0.11255462907473567,0.5357777525811093
e19a3434-0633-4758-b4e2-7ee69da0b827,2026,2026-03-12,ed91598e-8b89-4385-bc40-49721b8aedd0,e9570bbf-fc5b-474e-b98e-151eee207d8c,10,1,-4.842535736450022,0.36598512743476863
eb5d9b4c-d215-4b4c-842f-bd5623d857a2,2026,2026-03-12,528a1feb-658f-4522-a7ce-decc11b8b925,85b4dcda-76c3-41e3-ba40-71e093a8dcd5,4,1,2.954921790909755,0.6580895851888546
ed3f3b25-c8e5-4fb5-9f16-894a462a47c9,2026,2026-03-12,b468e5c1-fd80-4c61-8545-54a03c959ff1,93de5342-985b-431e-9c3e-515381b67402,-4,0,4.373986393864425,0.6263575806566276
f7b5bc1c-4ec2-423a-8609-5d50cf9ab2d3,2026,2026-03-12,ab2292aa-bfd3-4e49-a17a-cf970962e75d,eb5b8376-53ac-42b0-a932-bfc4994faa1e,14,1,4.708455241740189,0.6489747982383292
f882a127-6c57-4bde-b9ec-6ad223eecd9b,2026,2026-03-12,0cc7096d-eb8d-4e4f-9906-93bf951805c5,082024ec-29ae-4a22-8851-c5373988f9bd,11,1,4.93886587833711,0.6640044681848352
fcca04f2-60f9-4570-bf00-b85e0ee73c5e,2026,2026-03-12,3b612ea1-b264-4279-9f72-b45216bfea4b,3b0fb0e0-1625-4a53-8ad2-e353ec84cb0f,-9,0,3.5803647849795883,0.6590801555582814
03f24099-b673-4584-91f6-91fa766c7b2f,2026,2026-03-13,aa9a338c-8749-42c2-8655-1caa89068a61,0423c35a-c25a-42a0-a0da-e1918c78cd5f,13,1,7.730636242976081,0.7776157237937533
0748bc69-b1fa-48cf-b84f-66a15054ff42,2026,2026-03-13,977af06b-e276-4d26-9f4d-4b3c41c67885,07f2978d-85d4-4892-8267-e6903cc20f93,3,1,6.5596341484601925,0.7793838247140582
1f11db5e-4af8-49fc-a869-c5f2a3c37828,2026,2026-03-13,5a3e7af6-53d5-4398-8c0d-97e0d9ac977e,364c8255-118d-4dcd-aa72-a62621e3aeb6,-4,0,7.5309036793121855,0.8135753335018602
2327e5bd-b44c-4fb0-b988-ba77d51d47f8,2026,2026-03-13,18b86bee-6b10-4c86-95ef-959dd2d80cd5,62093611-a202-4f7e-8d13-ed4c5498a9c1,10,1,-0.04970916004468448,0.5886643465715394
26c5996e-215c-4453-b000-31e7643c099e,2026,2026-03-13,1999688e-7015-4a04-8450-734eddcbcfe4,ed91598e-8b89-4385-bc40-49721b8aedd0,15,1,7.627160875968303,0.830443140690862
2ee13277-0779-4f98-983d-9261e6ab1970,2026,2026-03-13,b5111a29-5c09-4364-809c-3686a2b45d1f,528a1feb-658f-4522-a7ce-decc11b8b925,6,1,5.1815731611160665,0.7771302561904165
325e046c-fc3b-4795-81df-01cc429e3172,2026,2026-03-13,a8ebd184-6249-4e7c-8e39-0d8d8249fe41,60185dec-e78c-4750-a32a-2162e22a166a,5,1,8.656432131204017,0.8306086237694301
34a4742e-4b0b-47b7-9245-7924e2ddc39a,2026,2026-03-13,be625a9e-aede-4fb2-98ad-3c0baa02528c,33fe6f07-54b9-4b44-a9f3-e273b8b240b8,2,1,2.2737409960219157,0.6171627164065114
3e64c861-a755-4d12-b5e1-c8c04d6be734,2026,2026-03-13,f945abf6-7dca-4e3a-b475-bceddc534fb9,d1c3793d-80d2-4adb-98a1-ac3c584bb64b,22,1,0.5402935162945002,0.5561219267350399
4996682a-dc61-465f-9fa6-28972e09f499,2026,2026-03-13,179abcd1-98d5-4dc8-8532-3f8ffee320c5,38f31497-065b-465d-ab24-3fa581de1831,2,1,2.004169227679095,0.6176728515793807
4caa8f3f-ac9d-4f2a-9c41-175f2c60b4ec,2026,2026-03-13,0fbb2a6f-3944-46a9-9fa8-51376e18b3d9,0cc7096d-eb8d-4e4f-9906-93bf951805c5,7,1,9.051129755902885,0.8889353013866408
5946d764-c208-4123-a81d-48cd408351c8,2026,2026-03-13,d88ac8c9-9fc8-4e76-9426-cf44fe70db47,ad6d1a77-a3c3-4d10-9a5d-52b851597e67,10,1,12.310991289271527,0.8983091668628058
5a65c4bc-1f41-498f-ad92-baa92083b8d3,2026,2026-03-13,fc19569f-90e8-4af1-8b2c-981d4b9b0e7d,3b0fb0e0-1625-4a53-8ad2-e353ec84cb0f,-6,0,5.2764820581955965,0.8053013128295196
5d2919ea-1964-4523-af01-0b0b55886de8,2026,2026-03-13,b7431929-7ebc-42a6-bef8-d0c5715e2c86,2979c251-171b-4f39-b156-d19f2d179eeb,7,1,8.123680023113918,0.8454227570898135
63a6af35-cef1-4449-82dc-e323c03a6d10,2026,2026-03-13,cb1b95af-f118-4a94-a324-d05b88869a43,0ec33aa5-020d-49e7-ac6a-2ee825d15102,2,1,6.862249152005137,0.8182084808473707
64b010d7-2529-46b9-9741-963c66bdf987,2026,2026-03-13,e672d935-837a-44a6-9e69-a25859488a24,163cfcfa-5213-4025-8eb1-dd67b17587f8,6,1,3.1924608548102023,0.6566204315484723
65f7be34-a9ad-4bb3-b339-7d08b9492da5,2026,2026-03-13,6b34a383-3696-47ff-99bf-1b690f616a28,bf002b1c-e14e-48a8-9c75-d70de0b2a31d,3,1,1.376383810096228,0.494227317575228
689086f4-dd0f-4a85-99c5-a987a1c6af99,2026,2026-03-13,3dfeaa6f-de19-4029-bdaa-0f2bd8ea04c1,d1623d0a-64d7-43e3-9f9b-36356767823e,16,1,14.337270582732616,0.9632103509522502
7955655b-f171-4033-ae62-7cb900bc6800,2026,2026-03-13,b9e807be-99ad-41c2-94bc-6049272e3254,93de5342-985b-431e-9c3e-515381b67402,-1,0,12.998171372179929,0.9366280771303676
7a25e2fb-f42e-4db7-aa9e-bd2310f509a4,2026,2026-03-13,07e79f5e-ccc8-487d-ac1c-fbd82b43bb75,9c03bc0e-03a6-4b67-a95d-bb653d5afc1a,-19,0,2.661337532982183,0.6034545544693535
7d8fefe0-2625-462e-a9ab-ca7e7ce99d40,2026,2026-03-13,bcadcb9e-4b19-49d8-a836-b1224d88a96c,3710f3f1-b8c6-4f75-85b7-66deba7d916a,7,1,2.508859999665631,0.6250165957532261
8136ba2c-f728-424a-80c8-88cd0eb193c2,2026,2026-03-13,5a925022-39f0-422e-a9c8-efba8cab8218,cf602be1-6a27-49fd-9b3d-ab9e31f55454,17,1,15.45722381296242,0.9645344602527884
89b87f6c-7193-4eba-acc2-a9e58a6fe835,2026,2026-03-13,14372359-5589-40fd-8dcc-6a04bbe7338b,4e0916c0-6045-4d71-8568-b5e486ff2f92,5,1,7.9913653809564344,0.7834298133059058
a2d828c4-1d6a-4881-a4bb-40529beb0075,2026,2026-03-13,d414d5fc-8653-43b8-ac66-ec8f63c74c82,2b7eed3d-9921-482b-a193-759486c9b225,12,1,18.42320676482269,0.9779095662869316
b1401f07-12e5-4777-9760-6daf0613634a,2026,2026-03-13,5f39cc2c-9779-411f-87e9-7702676c6ea8,0c280802-395e-44d4-8c2a-fb539233410b,-3,0,-2.220270175683267,0.4916362875315293
c94da38c-3c0c-4f26-a2a6-6256017225f1,2026,2026-03-13,f1d6ac08-ce96-4b53-aaea-ae291068cf23,6833b588-1856-4519-a296-afd069ebabfa,12,1,-0.11052471178081782,0.5425874262483493
ccc60fe9-3f84-4e18-a63f-70017754f1fd,2026,2026-03-13,b2c3c0ff-6592-4132-b527-e3784532b0a7,0b81f60f-d170-4ec1-9003-5fc16e4afa3d,14,1,9.63536593097248,0.7888479736202841
d1e280f2-2fdc-451b-a52b-db99c6bba864,2026,2026-03-13,28c5e9b8-df2e-4fea-8442-2a3c31753cef,ab2292aa-bfd3-4e49-a17a-cf970962e75d,-5,0,0.8085027753950648,0.54588081403133
d98cc459-a120-48d6-b860-bf04734078a6,2026,2026-03-13,94a323fa-c3d4-4718-a4bf-f6dd1c93c5c9,a544a5d0-4cd1-4756-b079-30a9a7905cd0,-16,0,-5.072749712207491,0.32487641086267294
e7d75bb1-bdf2-4bb8-bc8c-17086a30a876,2026,2026-03-13,d9469ea9-44c5-4803-8d5a-39cf4028ea3a,6265a954-0017-44e5-bec7-cdb2fcc8f527,4,1,11.932193555701021,0.9257962450530131
ec403c3f-9c0b-4804-a438-28013ea03c82,2026,2026-03-13,65cd560f-8b8d-4b8f-8a2c-2738484621b8,cee4e9fb-16d1-4b9a-bbeb-6f26c9d5c340,8,1,10.225971764329483,0.8860998287086249
f392319c-e66c-4316-94c6-bad612013a43,2026,2026-03-13,d783c621-0bb0-477b-8bad-8785e9451e21,9f15591e-786d-4c01-a688-1272fa1c111b,22,1,7.612182239654921,0.8002107650347432
f4e8487a-d53d-4acf-a667-ccfa4d5576df,2026,2026-03-13,ad070c37-e224-4aea-bff9-4bb770ef38de,2c2ff68e-eb76-44f0-b27d-9426785932d8,15,1,8.32143667284674,0.8154617628480557
fb105bd7-1aee-4070-8cdd-087a84a68bea,2026,2026-03-13,bd78de3d-6129-4bfa-8203-6ad7e79b5e54,e6f966c6-5104-484f-a3a8-a7450aa491ae,-3,0,8.357004515319499,0.7729655432961738
0357b2ae-9320-43ca-a23a-d66d9490961b,2026,2026-03-14,179abcd1-98d5-4dc8-8532-3f8ffee320c5,d783c621-0bb0-477b-8bad-8785e9451e21,5,1,-0.00016474758344812643,0.4678304200058496
1d2b781f-b44a-4da9-b506-d0b0cb69b812,2026,2026-03-14,364c8255-118d-4dcd-aa72-a62621e3aeb6,a544a5d0-4cd1-4756-b079-30a9a7905cd0,-7,0,-8.78130236166749,0.16283611723224312
1e331b0d-3bd9-49e5-86ca-8e384b0ce380,2026,2026-03-14,65cd560f-8b8d-4b8f-8a2c-2738484621b8,bcadcb9e-4b19-49d8-a836-b1224d88a96c,-17,0,4.09034362135943,0.6514354990104358
25b9f326-c4a1-46cf-95af-3f589efc3024,2026,2026-03-14,977af06b-e276-4d26-9f4d-4b3c41c67885,93de5342-985b-431e-9c3e-515381b67402,3,1,9.118607453502023,0.8694892518863514
399feabc-a24c-43e7-8315-3ea4fc463909,2026,2026-03-14,0fbb2a6f-3944-46a9-9fa8-51376e18b3d9,18b86bee-6b10-4c86-95ef-959dd2d80cd5,3,1,7.978382302198282,0.8173345252454143
72b23cce-f883-4b9f-95d1-f4c748547c55,2026,2026-03-14,ea802991-74ac-4210-b3cf-e4a4c4006e76,4aa5d0a9-3420-4d4f-a466-17c82d88c482,12,1,9.729752945764806,0.8830386146351498
7ec007f6-e8b4-4356-985f-f3197d9cabe9,2026,2026-03-14,d88ac8c9-9fc8-4e76-9426-cf44fe70db47,3dfeaa6f-de19-4029-bdaa-0f2bd8ea04c1,20,1,-0.8499652701676498,0.49123671816628384
8fab8bcf-058e-4043-9849-f1854a13b116,2026,2026-03-14,6b34a383-3696-47ff-99bf-1b690f616a28,3b0fb0e0-1625-4a53-8ad2-e353ec84cb0f,-11,0,-3.1500167225117357,0.4058663228356036
918c5042-a0d7-4e77-bf24-f0a89b08d2bb,2026,2026-03-14,d9469ea9-44c5-4803-8d5a-39cf4028ea3a,e6f966c6-5104-484f-a3a8-a7450aa491ae,3,1,12.576149139852465,0.8573686104447991
95741240-fd66-4c0d-9899-56cf50dc384f,2026,2026-03-14,1999688e-7015-4a04-8450-734eddcbcfe4,ad070c37-e224-4aea-bff9-4bb770ef38de,-7,0,-0.8605775834208057,0.46667973227126386
9c6b125b-be28-4a91-910c-b91328e7bc63,2026,2026-03-14,13fa8aab-518b-46ed-be28-b5c24acfa430,1ac6eb65-663f-4f4e-b7cd-bcc9ec53efe0,-2,0,-0.10757437622678485,0.5506052738957419
a0fcb97c-ce4c-457b-807b-529e465099eb,2026,2026-03-14,5a925022-39f0-422e-a9c8-efba8cab8218,e672d935-837a-44a6-9e69-a25859488a24,7,1,13.280885773327144,0.9416099110558349
b38a47bd-ff03-4c3b-b1fe-121a4f0d207f,2026,2026-03-14,aa9a338c-8749-42c2-8655-1caa89068a61,be625a9e-aede-4fb2-98ad-3c0baa02528c,11,1,1.764310311568411,0.5959044326268569
b885c7bc-a6c0-488a-be37-eb7434bb051b,2026,2026-03-14,e2d3ca81-2525-473b-8700-136b6939d5b4,8cc8f38e-384d-42b4-906f-97ff66fee7d7,15,1,3.198620804813301,0.6491276987842972
c3c81e47-a00e-4d01-8967-70e8ab72ea58,2026,2026-03-14,d414d5fc-8653-43b8-ac66-ec8f63c74c82,f945abf6-7dca-4e3a-b475-bceddc534fb9,4,1,14.54207114166632,0.9429742167186578
c5906549-4117-4070-8c1e-014b6a6092b1,2026,2026-03-14,b7431929-7ebc-42a6-bef8-d0c5715e2c86,14372359-5589-40fd-8dcc-6a04bbe7338b,-1,0,8.249137898367113,0.6912953146456223
c6ea6197-9cb2-4fbd-bd3c-57ee541a1511,2026,2026-03-14,cb1b95af-f118-4a94-a324-d05b88869a43,b2c3c0ff-6592-4132-b527-e3784532b0a7,-2,0,-0.8476362123594172,0.49733567670860834
d1ea97eb-cc37-4f19-a074-5c864183d0c0,2026,2026-03-14,a8ebd184-6249-4e7c-8e39-0d8d8249fe41,f1d6ac08-ce96-4b53-aaea-ae291068cf23,13,1,10.189428860498998,0.7897859887003468
ed5a17a4-b2f3-4f8b-a52a-353f39b8bee5,2026,2026-03-14,0c280802-395e-44d4-8c2a-fb539233410b,9c03bc0e-03a6-4b67-a95d-bb653d5afc1a,-6,0,2.135160693477696,0.67410519496582
f7b604e4-23b7-4745-a74c-30b4b6ec9ce4,2026,2026-03-14,4ac9a4d0-e97a-403f-b290-b7bf3c0e8308,b5111a29-5c09-4364-809c-3686a2b45d1f,13,1,-1.708295633819354,0.41783590210608357
fff82ffa-e71f-4e12-a752-23f12ec417bc,2026,2026-03-14,f37e86a7-66bd-40dc-b008-7a9017dd8f59,ab2292aa-bfd3-4e49-a17a-cf970962e75d,22,1,11.09986451572431,0.9217312499988682
0f1e8509-b077-43c4-85ef-854593578cc5,2026,2026-03-15,a8ebd184-6249-4e7c-8e39-0d8d8249fe41,14372359-5589-40fd-8dcc-6a04bbe7338b,8,1,4.63229926987765,0.6502475681694031
6a2836b5-bc31-461d-a4f8-f43406c0fd2b,2026,2026-03-15,d9469ea9-44c5-4803-8d5a-39cf4028ea3a,a544a5d0-4cd1-4756-b079-30a9a7905cd0,-8,0,7.228365791081139,0.828656906752744
80cbc7fa-b9af-468c-8e47-0235e00e870c,2026,2026-03-15,f37e86a7-66bd-40dc-b008-7a9017dd8f59,4ac9a4d0-e97a-403f-b290-b7bf3c0e8308,15,1,6.368795743584213,0.7676766060498725
abb5220b-841d-4db4-a1b7-d6a6d612b456,2026,2026-03-15,977af06b-e276-4d26-9f4d-4b3c41c67885,bcadcb9e-4b19-49d8-a836-b1224d88a96c,11,1,-3.762146895477383,0.4319076836820072
d7e952f2-aa6e-4349-93be-89b3df3db52a,2026,2026-03-15,ea802991-74ac-4210-b3cf-e4a4c4006e76,1ac6eb65-663f-4f4e-b7cd-bcc9ec53efe0,-4,0,3.0916943643608885,0.7247851989454154
102929f8-b3df-4032-89bf-0cec97cfd698,2026,2026-03-17,ea802991-74ac-4210-b3cf-e4a4c4006e76,8fc903e0-95d5-42fe-8972-bae53e4456a2,-1,0,6.710039375741525,0.7163141022597285
18dfde9e-03df-460c-b13d-aa908f8d7cc8,2026,2026-03-17,b7139fdd-2b24-42b2-80d8-3cc79042b563,6833b588-1856-4519-a296-afd069ebabfa,4,1,4.885637634666077,0.7162348128624176
3a4f8418-8f32-419b-be5e-d9accbdf528c,2026,2026-03-17,7cc2bc8e-b314-42a5-81cd-bd21acdd42b2,69001211-8ae2-4829-9746-40b6a0858890,-2,0,-3.9655007572979617,0.3546740075867746
65568ed3-4385-4a1f-8026-748a5b97f649,2026,2026-03-17,1999688e-7015-4a04-8450-734eddcbcfe4,3f9ea222-2b0c-4f93-a0e2-601346d6030a,-3,0,3.2781188645258643,0.6381385109742365
ae5ed666-c0ec-409a-8f08-60aa6e3c8bb2,2026,2026-03-17,c68084a8-36ec-4f0e-963b-561f5ea2c46e,cea24043-374e-4a53-bfc3-4532caf44ea6,11,1,18.306952955627562,0.9644219556976957
c355c95a-e6ec-4e3e-abe7-c1fb8611a602,2026,2026-03-17,9293675b-8878-4a32-bee5-496b4818dbde,592b259a-709d-44c7-b547-07d6529132b5,-6,0,3.707848573933657,0.6280652840107526
d32577fd-e887-4286-aada-d86b13c2db84,2026,2026-03-17,b5111a29-5c09-4364-809c-3686a2b45d1f,26fd3855-d3a6-4b79-a7b0-559b447f5e6c,5,1,3.296393520993477,0.6445037230862971
e838221e-bb72-432d-bf63-85e6734862b9,2026,2026-03-17,5a925022-39f0-422e-a9c8-efba8cab8218,e2d3ca81-2525-473b-8700-136b6939d5b4,3,1,0.10928417159576462,0.4859354167489503
ed4b0ba7-4ded-4a76-aa37-9be668965c50,2026,2026-03-17,9c37b6c6-f9dc-49e2-a128-2681c0df2bf8,0b613bb0-e3c8-412a-8845-b9807552ba60,15,1,4.002388214052387,0.6478562062787795
ff3e08aa-2479-4be7-b98d-215002032b3f,2026,2026-03-17,4ac9a4d0-e97a-403f-b290-b7bf3c0e8308,f598c6c5-97cc-41a4-83b2-84f08d3397f9,4,1,3.3616997438902216,0.6578024120202454
16bed00d-adb8-4e91-a71e-0515e6694524,2026,2026-03-18,e08292aa-f0dc-4c1f-ac0c-138ec5d15372,ed6e30f8-d1f2-451b-9a26-5c7f21af0125,18,1,6.0407725814018605,0.7834871788702421
1fd3d69b-6edf-4704-83a6-3c1fbca3cd35,2026,2026-03-18,64d22a8e-0b18-48ea-a6a3-5619cb8be43e,ba959da0-313c-4413-aad3-124a5c216494,10,1,10.296521497768834,0.8522787634911425
2c89d739-acef-48f7-b1df-9a2709a48eba,2026,2026-03-18,c4fed5b1-14eb-4033-8832-59e6c0004cf0,14372359-5589-40fd-8dcc-6a04bbe7338b,-14,0,-1.618769843643904,0.4416410572039666
3a861d05-6431-4abf-9b30-009d4fbdcce5,2026,2026-03-18,afbd548e-958e-452b-ac58-5b58b416aeb3,0cc7096d-eb8d-4e4f-9906-93bf951805c5,21,1,8.172885463235374,0.8149439314774595
3f8ae080-e74c-44a1-8494-6d4947e667e3,2026,2026-03-18,cb1b95af-f118-4a94-a324-d05b88869a43,2979c251-171b-4f39-b156-d19f2d179eeb,-1,0,-0.6815745538348019,0.5258835368550546
895de1d9-836b-4e9e-adb3-631e3b281f03,2026,2026-03-18,7b637d45-2602-47f9-bf37-40d1043643b7,711ff92d-65bd-49a4-abc4-7aacd8c11f9e,-10,0,7.496360931173178,0.721466557503382
958844d7-bf54-4160-ae53-6474945aaa00,2026,2026-03-18,68f6ce17-8443-4257-ae33-1f240c722bfe,9c03bc0e-03a6-4b67-a95d-bb653d5afc1a,-12,0,4.5942695539989264,0.6107655649411772
a986f248-b11b-4c67-a22a-f8c5eda4cf30,2026,2026-03-18,1ba8fbd8-4401-4226-b1cc-82e937c56657,f1d6ac08-ce96-4b53-aaea-ae291068cf23,-5,0,6.224838589301285,0.7021694866672343
cd1b2da4-e945-4e69-b13d-2a7fd0a00c46,2026,2026-03-18,0423c35a-c25a-42a0-a0da-e1918c78cd5f,f8fb3b2e-223b-4478-a029-9c1209865bdd,14,1,8.558985111723853,0.8190474239746527
f0f088b1-9c20-45cf-a2a3-9f1439153ce4,2026,2026-03-18,33fe6f07-54b9-4b44-a9f3-e273b8b240b8,fc19569f-90e8-4af1-8b2c-981d4b9b0e7d,24,1,9.170358036443398,0.8086973983970515
06a4e1bb-b3a4-4f43-a461-f2cb7704e12d,2026,2026-03-19,e6f966c6-5104-484f-a3a8-a7450aa491ae,8921f536-d6f1-4d5a-b369-5dfb136e1717,-1,0,9.026123420145664,0.8726582915024902
28ee67a6-12cb-4203-a150-eb1358267fae,2026,2026-03-19,d414d5fc-8653-43b8-ac66-ec8f63c74c82,47407d60-8e46-4d83-bf47-4b7ef8576ebc,6,1,29.509878011302064,0.9824068160901132
579c95b2-6f69-4386-9f25-43266eb821f8,2026,2026-03-19,bcadcb9e-4b19-49d8-a836-b1224d88a96c,26a9b9da-a6e0-4e12-a95c-e1e51e72fcb0,10,1,15.924155235802848,0.9477447898384461
5a36731a-d61a-4b3b-b147-16bacdc89ed4,2026,2026-03-19,bd78de3d-6129-4bfa-8203-6ad7e79b5e54,1ac6eb65-663f-4f4e-b7cd-bcc9ec53efe0,35,1,25.459607485582335,0.9815659140522337
5ba6f249-ca18-414e-a847-2db3fbff9335,2026,2026-03-19,51b50cb5-097f-453e-99eb-4175d27ed1bd,a8ebd184-6249-4e7c-8e39-0d8d8249fe41,-4,0,-1.7128759564046048,0.4265802981316098
62400c32-0216-4689-bb18-0fe73a765503,2026,2026-03-19,5a3e7af6-53d5-4398-8c0d-97e0d9ac977e,2390b5f2-24b9-453a-b023-e7b36da375b6,25,1,20.853142685960357,0.9651350728906553
6a27cc2b-64cb-44da-ba02-3fc69bfd191d,2026,2026-03-19,d9469ea9-44c5-4803-8d5a-39cf4028ea3a,5a925022-39f0-422e-a9c8-efba8cab8218,21,1,31.874163895995345,0.9815594739624636
6d220c85-d2df-4f9b-b967-8bc46cd1bff5,2026,2026-03-19,d783c621-0bb0-477b-8bad-8785e9451e21,9a2c2dfd-070d-4aff-bdc8-ea71e1ff510f,31,1,28.278744408199113,0.9845425820905414
77a5baf5-c87b-450b-a73e-06a324dea906,2026,2026-03-19,d3445fe1-27cc-4d88-b2df-6ce2afe13156,3d8fedb9-0847-4666-82df-5f520b704ff4,-13,0,0.08544010243374339,0.4697253476996401
7a62e925-840f-436c-9909-64e838180842,2026,2026-03-19,977af06b-e276-4d26-9f4d-4b3c41c67885,ad070c37-e224-4aea-bff9-4bb770ef38de,19,1,16.194246656492602,0.9551912370631599
7f104e8b-120c-46ba-b951-1c0a2d4d0cd9,2026,2026-03-19,9eea7343-e29b-42cd-8ec7-ccda00c95536,3b0fb0e0-1625-4a53-8ad2-e353ec84cb0f,9,1,20.743706374677487,0.9779629183292596
cc0b4142-b3b2-458d-a12f-fcd870fb49c8,2026,2026-03-19,eaa03f66-f667-48c2-9f30-ccce38d89e56,f37e86a7-66bd-40dc-b008-7a9017dd8f59,4,1,6.51609777105358,0.6840937184761722
dc527b10-0eff-466f-b5bf-fd044354d11f,2026,2026-03-19,94a323fa-c3d4-4718-a4bf-f6dd1c93c5c9,6038b249-00da-461c-9074-cfb1ed11d9ab,29,1,20.157782585713168,0.9802870606230926
dd64d608-658a-493c-b7f5-65dafe4389b4,2026,2026-03-19,6265a954-0017-44e5-bec7-cdb2fcc8f527,813f7a1c-6264-4e11-88e2-21dcd0072c0a,-2,0,6.36987798996274,0.7164848666686792
e0c076a1-5cf6-4fa4-81ee-849ea21aab95,2026,2026-03-19,ec98d839-43bb-427e-83c8-d832063ad70d,69001211-8ae2-4829-9746-40b6a0858890,-8,0,0.6493819985863747,0.6060137413945629
f88177f6-2661-416c-9cde-fd2cb28be8ca,2026,2026-03-19,b468e5c1-fd80-4c61-8545-54a03c959ff1,b7431929-7ebc-42a6-bef8-d0c5715e2c86,-25,0,-1.1023406798217084,0.5212258097539682
1072466b-fdb4-4e02-980c-b770eb3f9e03,2026,2026-03-20,65cd560f-8b8d-4b8f-8a2c-2738484621b8,9c03bc0e-03a6-4b67-a95d-bb653d5afc1a,59,1,33.65263278218378,0.984892011959822
1434c60b-ffd6-4013-ba00-1d419db04a9d,2026,2026-03-20,9f15591e-786d-4c01-a688-1272fa1c111b,b2c3c0ff-6592-4132-b527-e3784532b0a7,8,1,14.040442173008127,0.9447231843621149
31f6378f-8a2c-44f1-8f17-d6eecd7a6b5b,2026,2026-03-20,179abcd1-98d5-4dc8-8532-3f8ffee320c5,61080933-9c42-4844-9cd9-7cfbcb9cf94a,34,1,30.062474216146775,0.984238402803926
3e43b349-406e-411f-8c54-57600e488f1c,2026,2026-03-20,3dfeaa6f-de19-4029-bdaa-0f2bd8ea04c1,72daa240-1119-4159-899a-d81875c1c916,11,1,24.279970194936116,0.9837572661896788
439a1909-9e6d-4872-9e50-604c4929c380,2026,2026-03-20,f945abf6-7dca-4e3a-b475-bceddc534fb9,fe6d6aa2-4515-4014-88ef-eb2bd91e54fa,9,1,14.610752404685485,0.9480802516861883
489fff79-0b14-4076-8ab5-4432ab46a70f,2026,2026-03-20,38f31497-065b-465d-ab24-3fa581de1831,a712dee9-a06a-4809-9e11-8e4b4233face,34,1,28.102514076245175,0.9852995041365442
4cf194e5-e614-4ef6-8232-6f9d4d743b28,2026,2026-03-20,d1c3793d-80d2-4adb-98a1-ac3c584bb64b,fff30549-83b5-4c44-9f3d-444f65ede45f,14,1,1.2169895787226073,0.5278677507117123
5585838f-7eb9-4fac-85bd-bc0903c7bf3b,2026,2026-03-20,d88ac8c9-9fc8-4e76-9426-cf44fe70db47,d6a99784-3b3d-4ae0-a5c1-6689f04c9255,26,1,12.468438599234325,0.9244516113868718
756b4c20-d901-4fe5-88d8-05799a6a3c64,2026,2026-03-20,364c8255-118d-4dcd-aa72-a62621e3aeb6,8da08445-76e5-4e98-be98-4f101d670980,4,1,3.3984320909718826,0.6663713432755973
86e6d3b7-ef1e-42a8-8d4c-a57dee8c69cb,2026,2026-03-20,2b7eed3d-9921-482b-a193-759486c9b225,6eed5456-f1b2-4e4b-966f-71949e9d90ed,-6,0,-4.8441032000012525,0.37858536397478637
88120d4f-c703-4d62-984e-9d2640891f8a,2026,2026-03-20,3710f3f1-b8c6-4f75-85b7-66deba7d916a,711ff92d-65bd-49a4-abc4-7aacd8c11f9e,22,1,17.692758724422937,0.935269887432422
92a8cad1-2487-488a-a754-686fef292f5d,2026,2026-03-20,a544a5d0-4cd1-4756-b079-30a9a7905cd0,37789002-2f1a-4a5c-95f5-a4f487f719ac,33,1,27.534766409200916,0.9820268159178579
b7dca8c7-cec9-4c1f-9418-416fe6a89f13,2026,2026-03-20,cee4e9fb-16d1-4b9a-bbeb-6f26c9d5c340,2d467e3e-e5d9-499c-a1ed-225d0c3ae91a,5,1,3.3111494409903584,0.6985286419066277
ba3f2eb2-d10e-4379-ba2e-f0454b6cc808,2026,2026-03-20,e80d2384-bdc2-4f58-b09a-284a659a4d81,aa9a338c-8749-42c2-8655-1caa89068a61,-10,0,-2.9106488623087565,0.43018597181880514
cb35dca9-aabe-46dc-a5a1-d1c74fff80a3,2026,2026-03-20,edb2bfd0-017f-4df2-b9c6-d8dcacb7e929,0fbb2a6f-3944-46a9-9fa8-51376e18b3d9,20,1,7.302231618372341,0.8047091523044797
d99c446b-0bdf-468c-9831-5c6ab7a24c42,2026,2026-03-20,b9e807be-99ad-41c2-94bc-6049272e3254,aa07fd1e-a03e-4554-9286-31e09a343db0,20,1,17.175627759241934,0.9658523997447688
0b0bd242-4020-4485-954d-b45b5a81fd43,2026,2026-03-21,d9469ea9-44c5-4803-8d5a-39cf4028ea3a,b7431929-7ebc-42a6-bef8-d0c5715e2c86,23,1,14.599885686268637,0.936760289734617
12cf6022-3b09-4cb9-a7e5-09a172af5176,2026,2026-03-21,d414d5fc-8653-43b8-ac66-ec8f63c74c82,813f7a1c-6264-4e11-88e2-21dcd0072c0a,23,1,19.170996361583764,0.9747783176048362
25c0ca1b-310a-44c0-bb1d-dd4249239157,2026,2026-03-21,5a3e7af6-53d5-4398-8c0d-97e0d9ac977e,eaa03f66-f667-48c2-9f30-ccce38d89e56,8,1,4.950486382361658,0.7118079382095861
315ad9e8-3530-44e2-b483-5a54186a63b1,2026,2026-03-21,94a323fa-c3d4-4718-a4bf-f6dd1c93c5c9,bcadcb9e-4b19-49d8-a836-b1224d88a96c,2,1,-2.215127192608452,0.3627902271803861
3d3d5475-135f-4018-b321-ab3761da8d02,2026,2026-03-21,d783c621-0bb0-477b-8bad-8785e9451e21,3d8fedb9-0847-4666-82df-5f520b704ff4,31,1,11.005023361823085,0.8942290524518676
64e506df-7078-423b-b1f5-72e0b2396861,2026,2026-03-21,9eea7343-e29b-42cd-8ec7-ccda00c95536,69001211-8ae2-4829-9746-40b6a0858890,-6,0,7.2107112259042845,0.8421552678674668
92d363aa-0868-4a40-8fd5-25463924efab,2026,2026-03-21,bd78de3d-6129-4bfa-8203-6ad7e79b5e54,a8ebd184-6249-4e7c-8e39-0d8d8249fe41,21,1,16.97755403589769,0.9572789588307795
9762cbd0-c107-4713-9d34-bc75852f2b08,2026,2026-03-21,0423c35a-c25a-42a0-a0da-e1918c78cd5f,592b259a-709d-44c7-b547-07d6529132b5,10,1,7.669388270696273,0.7680374024785972
e61bf828-b948-4202-9b86-2abb4263204a,2026,2026-03-21,977af06b-e276-4d26-9f4d-4b3c41c67885,8921f536-d6f1-4d5a-b369-5dfb136e1717,6,1,10.862808963350608,0.9133787455588085
e91ddf76-f335-4d76-b8ee-7ab7a3342735,2026,2026-03-21,8fc903e0-95d5-42fe-8972-bae53e4456a2,14372359-5589-40fd-8dcc-6a04bbe7338b,-19,0,-2.8356971179032473,0.3771043669986881
0d53a936-44d1-4316-821d-6483a629b9c2,2026,2026-03-22,65cd560f-8b8d-4b8f-8a2c-2738484621b8,6eed5456-f1b2-4e4b-966f-71949e9d90ed,-1,0,7.789043837656389,0.7926810303144458
2bf2b998-9e1f-4a8d-b761-b6977e0bd985,2026,2026-03-22,9f15591e-786d-4c01-a688-1272fa1c111b,d88ac8c9-9fc8-4e76-9426-cf44fe70db47,-2,0,-3.8696445727418207,0.39349977732408953
355596ad-2bc3-4b5e-bf57-0efe635e02a1,2026,2026-03-22,a544a5d0-4cd1-4756-b079-30a9a7905cd0,d1c3793d-80d2-4adb-98a1-ac3c584bb64b,10,1,8.017605189844867,0.7785267097836253
604b3f21-7421-4555-8b19-46bd250e90e7,2026,2026-03-22,f945abf6-7dca-4e3a-b475-bceddc534fb9,3710f3f1-b8c6-4f75-85b7-66deba7d916a,-7,0,-6.920774049159911,0.3199952457243214
6128cfe8-5ef8-4be1-be17-3fe4d61baf91,2026,2026-03-22,b9e807be-99ad-41c2-94bc-6049272e3254,edb2bfd0-017f-4df2-b9c6-d8dcacb7e929,25,1,5.6543653712135455,0.6873467467835932
61b999a7-79a9-463b-afb2-2976c403eac1,2026,2026-03-22,b5111a29-5c09-4364-809c-3686a2b45d1f,3f9ea222-2b0c-4f93-a0e2-601346d6030a,11,1,6.614637863223898,0.7764996561961818
64482542-dfac-4c41-92e4-190d43def493,2026,2026-03-22,179abcd1-98d5-4dc8-8532-3f8ffee320c5,aa9a338c-8749-42c2-8655-1caa89068a61,12,1,10.044813169517115,0.8965678206739076
7d095310-ddf7-4f27-ba70-6d55c425cbcd,2026,2026-03-22,38f31497-065b-465d-ab24-3fa581de1831,cee4e9fb-16d1-4b9a-bbeb-6f26c9d5c340,19,1,6.873878294661537,0.7975757976718465
83bdab45-ada8-45ed-96ab-4b6be83a0abf,2026,2026-03-22,64d22a8e-0b18-48ea-a6a3-5619cb8be43e,afbd548e-958e-452b-ac58-5b58b416aeb3,-3,0,4.371552519442504,0.6905623607828217
90265eb9-7492-4af2-b539-70a6a4a83fc9,2026,2026-03-22,c68084a8-36ec-4f0e-963b-561f5ea2c46e,9c37b6c6-f9dc-49e2-a128-2681c0df2bf8,6,1,9.534801466036146,0.8734417373748843
cd53fccb-d541-4758-9dd1-f17245bfa74b,2026,2026-03-22,33fe6f07-54b9-4b44-a9f3-e273b8b240b8,2979c251-171b-4f39-b156-d19f2d179eeb,25,1,3.8862303749936995,0.6683536915619995
d29cdf54-1463-4548-b541-7af2f9ba58ca,2026,2026-03-22,e08292aa-f0dc-4c1f-ac0c-138ec5d15372,f1d6ac08-ce96-4b53-aaea-ae291068cf23,-1,0,7.349875826584888,0.7599657530941419
d58d1722-69c4-46c8-8689-7b5489968b75,2026,2026-03-22,3dfeaa6f-de19-4029-bdaa-0f2bd8ea04c1,364c8255-118d-4dcd-aa72-a62621e3aeb6,16,1,8.316035228057828,0.7668198652915097
ec36d219-d846-4cea-8b2c-b59c936b711a,2026,2026-03-22,b7139fdd-2b24-42b2-80d8-3cc79042b563,4ac9a4d0-e97a-403f-b290-b7bf3c0e8308,-26,0,1.4696756969246334,0.5743880970342603
26409080-7979-4ce4-a146-1cf544b77c6c,2026,2026-03-24,33fe6f07-54b9-4b44-a9f3-e273b8b240b8,f1d6ac08-ce96-4b53-aaea-ae291068cf23,15,1,11.013725011987681,0.8689375172793368
e0800766-dfaf-4b82-8694-db0fef4ec434,2026,2026-03-24,b5111a29-5c09-4364-809c-3686a2b45d1f,4ac9a4d0-e97a-403f-b290-b7bf3c0e8308,4,1,3.7910426762262577,0.6308686952946417
ab73f8fd-239c-47e3-8b0b-980f13acc4cc,2026,2026-03-25,c68084a8-36ec-4f0e-963b-561f5ea2c46e,0423c35a-c25a-42a0-a0da-e1918c78cd5f,6,1,7.769420659632108,0.8196541542452827
e2c8ca86-3b69-41e3-9347-740ee5a7c335,2026,2026-03-25,14372359-5589-40fd-8dcc-6a04bbe7338b,afbd548e-958e-452b-ac58-5b58b416aeb3,-6,0,6.395974061747007,0.7789420937999002
5665f470-684b-4a5c-a206-5842bef657c3,2026,2026-03-26,a544a5d0-4cd1-4756-b079-30a9a7905cd0,69001211-8ae2-4829-9746-40b6a0858890,2,1,10.001158174640885,0.8638126611855211
7756ac45-560d-4e91-acae-b341be0add71,2026,2026-03-26,94a323fa-c3d4-4718-a4bf-f6dd1c93c5c9,6eed5456-f1b2-4e4b-966f-71949e9d90ed,-6,0,3.248581989401338,0.6764516748577842
e063cf2b-77cb-4c8d-9b0f-7adb8cc005be,2026,2026-03-26,d783c621-0bb0-477b-8bad-8785e9451e21,bd78de3d-6129-4bfa-8203-6ad7e79b5e54,-10,0,0.36329536253856715,0.5713324563111165
eb65a4f4-bfd8-4f04-a61f-03875154ace6,2026,2026-03-26,179abcd1-98d5-4dc8-8532-3f8ffee320c5,977af06b-e276-4d26-9f4d-4b3c41c67885,21,1,9.884439342460468,0.8303394576512069
57705c12-9c6c-47b7-85e7-9a1f0e0562c0,2026,2026-03-27,d9469ea9-44c5-4803-8d5a-39cf4028ea3a,b9e807be-99ad-41c2-94bc-6049272e3254,13,1,11.069375483339153,0.8261507898470034
57e37a1c-eaac-4899-8d47-02319b8be693,2026,2026-03-27,38f31497-065b-465d-ab24-3fa581de1831,3710f3f1-b8c6-4f75-85b7-66deba7d916a,-14,0,1.5868384643094668,0.5818992644460382
94d141c5-2871-4a59-8278-963f5d67acd1,2026,2026-03-27,3dfeaa6f-de19-4029-bdaa-0f2bd8ea04c1,5a3e7af6-53d5-4398-8c0d-97e0d9ac977e,4,1,-1.6666319917779215,0.4766437452147465
f3c48fba-3f66-4e2a-a94a-fffd60ccf477,2026,2026-03-27,d414d5fc-8653-43b8-ac66-ec8f63c74c82,d88ac8c9-9fc8-4e76-9426-cf44fe70db47,5,1,6.395702154782546,0.7270231059379999
56b9cec7-8093-4c7c-9ed7-374ef5eef2b2,2026,2026-03-28,bd78de3d-6129-4bfa-8203-6ad7e79b5e54,6eed5456-f1b2-4e4b-966f-71949e9d90ed,12,1,7.312380642576991,0.7408255474577119
599b525f-16ea-42f5-aa38-b4fb96b07a8e,2026,2026-03-28,179abcd1-98d5-4dc8-8532-3f8ffee320c5,a544a5d0-4cd1-4756-b079-30a9a7905cd0,15,1,3.6614645959048886,0.6872198518399318
1fc0332f-3af1-4814-87cb-a7b465dac84d,2026,2026-03-29,d9469ea9-44c5-4803-8d5a-39cf4028ea3a,3710f3f1-b8c6-4f75-85b7-66deba7d916a,33,1,10.755750358339569,0.8767643655280566
e3030d81-fcca-4caa-8aa9-966d13674cba,2026,2026-03-29,d414d5fc-8653-43b8-ac66-ec8f63c74c82,3dfeaa6f-de19-4029-bdaa-0f2bd8ea04c1,-1,0,7.373465372322918,0.777535900771782
4a16d160-c93b-43ec-ac7e-f33d4daf8380,2026,2026-04-01,567fb73b-73a0-4437-a1ed-314d40d93e6f,f497a267-e78e-43dd-9ab3-4299cf11c08e,-19,0,-3.7432235564061163,0.3573676708850438
a1a2bc96-9c62-45ac-bb49-1f06fdd91bbe,2026,2026-04-01,c5d35bbc-89d4-412c-8778-037158252c91,07f2978d-85d4-4892-8267-e6903cc20f93,-4,0,-8.620520409469533,0.18309878186617312
1c8ad3db-b05d-422a-8517-8c4ab447565f,2026,2026-04-02,c68084a8-36ec-4f0e-963b-561f5ea2c46e,afbd548e-958e-452b-ac58-5b58b416aeb3,22,1,6.42778602020756,0.7466024601239948
2371e8ce-6486-41f9-99a4-fe7bc94c4b67,2026,2026-04-02,cc517ba4-b26c-41e0-bc91-66f5ceb16558,7a2ae4f1-b509-40e8-b553-cbea5aabc4be,13,1,3.7444356879696827,0.5920938269235433
e6030ae7-180e-46a9-8453-53e09174a01f,2026,2026-04-02,33fe6f07-54b9-4b44-a9f3-e273b8b240b8,b5111a29-5c09-4364-809c-3686a2b45d1f,-5,0,1.7544018907425,0.6275963652576002
eb4f6d17-a05d-4177-949f-f3add79f6351,2026,2026-04-02,a4e52f2f-5193-40ce-a997-0e0be093d86a,28cde209-3ae8-4939-9d83-2a6d645d427d,5,1,5.572374597338887,0.750778741147474
19478729-461e-4651-8f3a-85c01bbe6449,2026,2026-04-04,cc517ba4-b26c-41e0-bc91-66f5ceb16558,a4e52f2f-5193-40ce-a997-0e0be093d86a,-17,0,-4.63099302340688,0.32673079170445296
2d049451-4705-46e8-a71f-dd9c5555b9cb,2026,2026-04-04,3dfeaa6f-de19-4029-bdaa-0f2bd8ea04c1,bd78de3d-6129-4bfa-8203-6ad7e79b5e54,9,1,-3.308404691241566,0.3533305095802159
846e6645-ccf5-4fd2-9a69-cb459287a209,2026,2026-04-04,179abcd1-98d5-4dc8-8532-3f8ffee320c5,d9469ea9-44c5-4803-8d5a-39cf4028ea3a,-18,0,-4.26331039481429,0.343946837840745
e8d66a91-5e21-4d47-a7a0-c0f1325b6854,2026,2026-04-04,f497a267-e78e-43dd-9ab3-4299cf11c08e,07f2978d-85d4-4892-8267-e6903cc20f93,-13,0,-3.993667097720068,0.3347295559943661
253e95df-92ff-4bb0-ab1c-ccb7b62ec039,2026,2026-04-05,c68084a8-36ec-4f0e-963b-561f5ea2c46e,b5111a29-5c09-4364-809c-3686a2b45d1f,6,1,4.408044779188237,0.6793083773729264
8a38e757-b692-4fa7-b168-17ca67bde4d3,2026,2026-04-05,a4e52f2f-5193-40ce-a997-0e0be093d86a,07f2978d-85d4-4892-8267-e6903cc20f93,7,1,-2.467204586167453,0.3464399289078961
80c93734-e8fa-4908-a5f7-20fbda76aa5b,2026,2026-04-06,d9469ea9-44c5-4803-8d5a-39cf4028ea3a,3dfeaa6f-de19-4029-bdaa-0f2bd8ea04c1,6,1,9.34795317275804,0.7834943167963376
