game_id,season,game_date,home_team_id,away_team_id,actual_margin,actual_home_win,pred_margin,pred_home_win_prob
066b782c-4e0e-49fb-a9d9-44d8c17b007c,2024,2023-11-18,238b3f68-0b29-4056-97f6-6c10a093cd62,c58166c3-f02a-4e33-9fd0-9fa7b0711d94,9,1,1.691524688924052,0.5523676153462972
95c51127-a60c-41f9-a2a2-43c18f84ced5,2024,2023-11-18,23b31575-028e-4661-85ac-8d5835d6726f,17a3b4e9-cfab-43a8-b7ad-73508d4d890f,-3,0,-4.667213378364152,0.19986214080728462
1064b23b-5732-4667-8e33-2ad139323176,2024,2023-11-19,0b751b74-e572-43a0-b324-54eeefac4d5f,993f004a-13e0-4079-8706-332aafab29c2,-11,0,5.053636435592409,0.6482922107997383
3bb3da1a-3727-4d14-8f7e-f3cfe8eba97f,2024,2023-11-19,2bb9930f-6a64-4fb0-8ae7-2d18cc4ceb5c,fc499722-6277-4897-893a-4abae917abf7,-13,0,-4.974751732434016,0.3689638469172222
56eac8eb-397b-4d21-981f-5a297cc898b4,2024,2023-11-19,375514f8-f93e-4eec-ae0b-6615ec954e45,b1cbdf0c-474e-4b52-ae02-f856ceda214b,12,1,4.835349300252792,0.7237651067552424
8a53aec2-ed8d-43d5-9511-de7b08b05f96,2024,2023-11-19,45959b35-f1e9-462f-aecf-565395a6fb6d,e5bf7042-0036-4e9d-81f3-3126a9675ce0,2,1,-3.198456947812893,0.4724572970207775
969af6b8-388d-444d-bbbc-4e31d7f3b65b,2024,2023-11-19,7da2e7c8-cee3-4ff4-be74-58d324c5ff71,312cd404-9fa4-4f04-b8b0-cfed95e31398,6,1,7.139749927084801,0.7117815699028378
aa4a3a05-db1a-4671-8595-09657e979994,2024,2023-11-19,2408f22b-e753-4c5a-9353-be75a4fb2164,19b40071-00ca-4d8a-8188-a03d635e9811,19,1,7.667708836968273,0.7771118712876764
bd406e4d-378b-44df-b8d6-54e5475539ae,2024,2023-11-19,a2069f0f-fd2c-4971-b3da-6ba010532fcf,e9813fa7-c976-4ad4-a455-2f05235e93cf,8,1,9.293967397093772,0.8153641169049476
3f7657e5-e3e9-4ca8-b880-c13e89fc0b62,2024,2023-11-20,3a4357d0-0685-439d-863f-f854c35e4c42,dfdc9d0d-4a83-4244-9c07-9b3660ba4f6f,-19,0,-6.706397322981162,0.2207698723655152
4b9d4ec9-ef4c-40e6-bbc8-8efbc68ae6bf,2024,2023-11-20,63627b20-aa4c-4e0d-bcfc-40a5fe150e8a,63a49366-1e4a-4ecd-849d-4153e5e0a2e0,-3,0,-1.4289519218280144,0.5297944173144762
7e03f5e4-3ee4-4e6c-93a5-f7b031daed8b,2024,2023-11-20,eddc4725-b4b2-4442-b2af-8853210d0e96,1814170b-a11b-4328-99b6-082f1e76f5c5,6,1,7.776665159113291,0.84453222133455
cb859a5c-fbc4-4688-bf04-57f85b5ed46b,2024,2023-11-20,e30e79ea-8947-4c58-9842-25781182ec2e,8cd2a215-aea9-48bb-babb-e5d8cf0cb9fd,11,1,7.96740614948104,0.8238879714082893
0acb33b2-8240-487c-9da9-a674d96d996b,2024,2023-11-21,c2629a38-b5d1-44e7-9a32-8fb51cc9a116,b1937cc6-0f34-4060-82ec-b2bfe4c05aad,14,1,5.402708705743325,0.7036165462346959
38c37b9a-ddfd-4067-9464-76f2d3f9e924,2024,2023-11-21,4aa110b4-c8f4-438d-b44c-2d6a5c74ab8e,cd57c823-e9d8-49c1-bbe2-af9da08499bc,6,1,5.13984849347459,0.5272646793685911
547d97f4-465a-43ad-ab03-c79ed3188e97,2024,2023-11-21,8a753611-1c3e-422d-8c6c-5721763b5574,2ca82167-d915-492e-98e0-4ee592960583,17,1,3.4414318102526225,0.6591302631806333
58e7c7e4-c4e6-4bf7-b16b-32e3f7577874,2024,2023-11-21,7f63e419-1d15-4c08-84b6-dc393ca0146a,7293bb2a-8d08-4752-b00d-104a80da0371,10,1,11.196509096365162,0.8183829556564949
de08f6e4-1af9-4d6f-a0c1-d3b1daa1abdf,2024,2023-11-21,e0cc707c-bdef-43a1-a3f0-c1ddfefdadd3,c05bd27b-1eb5-4bfc-b1ec-29735fe183f2,-1,0,-5.966449632867489,0.2772181874393278
ea8acd6f-d515-4e06-b8ad-a2b198e94a8a,2024,2023-11-21,e42183ad-b44a-4746-8c0b-148ad61bab43,7ca95dca-8ca9-42a6-b9a5-307d339df9b7,30,1,16.180001064312506,0.9451713229204461
058cfe6a-279c-4730-a48b-fb5afc9c1ccd,2024,2023-11-22,ef75db17-4afb-4e3b-a928-30e871ec130c,df1d6c5c-77eb-4d21-b5dc-6cd579f74d2b,-25,0,-5.147029728050318,0.3825396770099399
0999e43e-5b26-48d3-8ada-80702aa8f281,2024,2023-11-22,17a3b4e9-cfab-43a8-b7ad-73508d4d890f,39decbb3-b24d-444c-970a-39aa53a01ef6,-4,0,9.454426080117951,0.8592922211264696
2fe9d975-3372-48d8-a5ae-4f9d458840bc,2024,2023-11-22,45959b35-f1e9-462f-aecf-565395a6fb6d,bc3f184c-a2c4-4518-89d1-f58ee454b86e,10,1,12.682662067690913,0.9243452007905452
3ea1849f-8c38-4d9b-b7af-56bdef431215,2024,2023-11-22,a4e0b7c0-e98b-4e65-9408-e26a9aedac8d,b20b957b-b406-4f6d-8f7a-2f88e3b49bd5,-11,0,-0.943202794167967,0.5307704089828892
4798d78e-9292-4df4-810a-729b89a2315a,2024,2023-11-22,1b0dd005-3190-4ca9-b74d-111343f2fce0,2e49ce6d-63ef-45d9-9048-67fcdb01a46f,9,1,-6.107537065944029,0.3004409386695129
4f3a9473-0ec2-45ea-b862-b3973cb27a97,2024,2023-11-22,824aff8d-6409-4191-9ffa-e2daa335b7e1,6eb0ebaa-8c99-466d-8fad-68b897f2a9e2,-18,0,-7.568659314917042,0.2970930024501628
536c24e7-457c-4d4b-94ba-1f17bede2cd3,2024,2023-11-22,125fc4dc-8f42-45a8-b23a-3e50f4620499,8925b65e-4ce2-4ec3-b501-c0075fe06b52,16,1,13.850883135270312,0.8610591163737387
7c9bbe1e-c821-4d0c-91d5-92071e5e9cad,2024,2023-11-22,a7f405f8-389a-4a00-bb71-6d07d48f4fe8,ea8c66b5-8fe3-41dd-a56a-b85bfdc613c3,-19,0,-3.1505144657350677,0.3996651430580623
861a3c26-a2dc-4616-acfa-e36eb8a48362,2024,2023-11-22,60ee2d19-003f-4603-a2ad-838b3e6d6cc0,cd369794-6765-4889-bd1c-89869447620b,-3,0,-4.800084471520625,0.3406329711009943
8bf64ea6-de86-430d-b9f1-b0b63424d3ca,2024,2023-11-22,3457262b-c7da-4834-a20d-ad6be302a671,6474358a-819c-42e6-92d7-0fd3ce20d239,-5,0,-2.494291565224838,0.3829635782263284
8ee4ae7d-34d4-4fd3-a62a-23a7c3718166,2024,2023-11-22,4c073afb-cc2c-4ed2-bd8f-2f545ae1bea5,8ce6b3fb-8bb0-49b5-acaa-caed76d542d7,44,1,24.45649402021751,0.9820786133704189
90d8a3c7-80da-4a29-92eb-d56922edb509,2024,2023-11-22,f9a8f2d4-c836-4b2d-a4f9-47f73b8c033a,3e3e940b-dd81-42f3-88f8-4e988278be04,-10,0,-2.391260425581069,0.4296184875007501
b619989d-6a73-4d7e-8d2c-69bbd249c9d8,2024,2023-11-22,7f63e419-1d15-4c08-84b6-dc393ca0146a,2607ab7d-2f54-4540-9b2e-d27703407118,11,1,-2.994188273884982,0.43346905557899257
bfdfd1e8-8fa2-4d87-beea-432807e361e7,2024,2023-11-22,30a1a9be-60b7-4afa-9dcf-92694c2703d1,f1cb5c3c-2ff5-444d-8c0d-5c1244f07909,-6,0,9.613966431499314,0.8277052539322246
ccf8c6a1-9ca4-485f-b510-ce4282ac08ed,2024,2023-11-22,d7b7310f-6983-4a09-bb56-fda96e9f761d,cd9eea44-8a6c-4bd4-ad4d-74e461fdefd3,-8,0,-7.395356097253458,0.20448451990793873
dec97f9b-e614-4ad2-b950-acd5cc56d4fa,2024,2023-11-22,7293bb2a-8d08-4752-b00d-104a80da0371,cf6e9037-e27d-43e2-bbd6-6583598ce383,-1,0,-3.6049412631374875,0.3035633500182395
e4698284-0705-4c6f-b452-89163bd200f8,2024,2023-11-22,6068f6c0-7e92-4dc4-9da8-1bfbdb60cf2c,f245c41f-897e-4985-9153-43034bb26bfa,10,1,1.1071761984295077,0.49647204181514587
fa4194f3-d62a-468a-9cfd-87e658770927,2024,2023-11-22,cb1440b2-adac-4775-96c8-c4f00641d353,9a06c3a5-a344-48e1-942e-a22438b842ec,-3,0,-0.6300836830661982,0.39487915330046086
547ccfaf-6201-4a9a-92f0-5c1b8b1a1bff,2024,2023-11-23,09fca7ef-baed-4af0-a553-465ae1160049,439b6cee-3be6-4471-bddf-f7cb8c69cc85,6,1,5.424578675157824,0.8024413990498205
60019267-bd4f-4e6f-ad73-b5ca02a14b73,2024,2023-11-23,00a52b15-70b5-47b1-86c6-8e30652728c0,65cf0d8a-0a5f-4572-8516-53809f66ba44,3,1,-3.364814680191394,0.32074478218448293
a2a4a44c-adb8-435a-8904-554265af3a53,2024,2023-11-23,3a30d561-24be-4bfa-8d8d-75e645c4ad5f,cc07b31b-464b-4cb9-89d2-ac26ffe3e5f4,-21,0,4.594926621642058,0.6522110667860972
101372d5-3bc1-437c-a4a9-a04f544e25bf,2024,2023-11-24,8fce643e-75f7-4242-b565-2a4818e1eeba,97bd823e-8c6e-4942-a5ca-735b3a45ebbc,18,1,13.263757583204088,0.9065623324484394
1550d03e-52f8-41b4-8bb5-3c09328b2d6f,2024,2023-11-24,2198dbfc-96fd-40be-99e1-e697e4c3d996,824aff8d-6409-4191-9ffa-e2daa335b7e1,13,1,11.636046938384249,0.9329787532732163
15d549af-3517-498b-9529-1baa82274a05,2024,2023-11-24,49c78722-1476-440a-9de1-896fb7b7db88,a4f24556-d2b0-4bc3-bd21-758340750c58,-15,0,-7.580052494795411,0.1574999125550388
1b4a87d1-ca93-48f3-b962-f06de7bc7e8e,2024,2023-11-24,f92587ee-8d25-4b09-9a60-6203f75c974f,f48b0b87-86fe-4b7b-8bf3-9d541f495284,36,1,17.44189969720302,0.9729932807242162
367a9c00-9189-4e18-91be-5a901a8e793c,2024,2023-11-24,db374003-37d9-4d61-a3f3-7abec141d33d,9ccf2901-b49f-4aa3-8a4a-d59d017dfabc,-19,0,-13.439714017691193,0.06149758941858089
45103351-12c6-4500-bde4-cad4ccd4003b,2024,2023-11-24,2f0bd8d9-4435-45ed-9efe-045f835c15a8,45e40bdf-5c84-42ca-84d2-a823db0b6609,25,1,9.57703324068426,0.8625243959491211
4bcf2a38-e2c2-4b4b-9df0-77279208ad73,2024,2023-11-24,350fe1ba-284f-4709-8cdd-3f745fcff0f8,eddc4725-b4b2-4442-b2af-8853210d0e96,25,1,12.402686680532309,0.8972299663744291
4c1e3c5c-105f-40a5-a159-de29a99cc6d5,2024,2023-11-24,da6142ab-a5fa-48a0-b6ec-864a8119be75,f916ec1a-cf31-4b3a-9d55-a8bdefbea199,34,1,15.00945338339797,0.9184873453585971
66557043-d0e6-415c-888f-9762b4d3f620,2024,2023-11-24,bba8eb68-9989-447a-90b4-27c8d0d32bd1,a7e91e1e-3644-4f3c-bda9-edddb9602a27,9,1,-4.531750742207808,0.267759598776522
67eed429-7e2e-4e09-9942-3388b27b684f,2024,2023-11-24,b255fc28-3428-4006-adf1-9c1001ecb1a3,238b3f68-0b29-4056-97f6-6c10a093cd62,12,1,13.755482829971779,0.917013101429486
68826eb8-35b7-4277-b4b6-4b51d8a1407b,2024,2023-11-24,b9e1a15d-9de2-45e6-9fc8-b3444d1bc0b5,8cd2a215-aea9-48bb-babb-e5d8cf0cb9fd,18,1,34.65152823713122,0.9938815157275112
6dd769e5-7f68-46dc-995b-bd20b46261bb,2024,2023-11-24,79479954-cdbe-4601-a82c-35936960a7dd,e6b0799b-abce-441c-929c-964306f8fc27,-15,0,-2.349526101546993,0.40893633434367627
75848356-577c-481f-9aa8-96d387501d92,2024,2023-11-24,0c8ee784-d7e9-4ac4-b0c7-3ca89567c515,8e26bcb3-616b-4c7c-a709-bf30d2ddce41,-3,0,-0.8870746817254717,0.4356629760064994
766e0e43-73a0-4674-bca6-714dbd2e63c5,2024,2023-11-24,05aedf2a-3424-4acc-9537-4d52dccd6e02,910d4e59-d8d0-4fdc-8a9d-02616c97414d,2,1,-7.6715494121010614,0.20290565186348525
873e2568-01f5-4744-ba8d-f34982807f07,2024,2023-11-24,e72d1807-6463-450b-b561-c3727b286584,1394e3ce-706d-4097-9aaf-cad5d38aa5a0,16,1,7.894171890654317,0.7932199566584905
9c5a733b-df70-43fe-b7b3-3c7498348373,2024,2023-11-24,754d9f26-9ca3-4bb8-8aa3-065bcf9ec6df,58113924-4aef-47a7-a675-cddc9e355cd5,-2,0,-12.11752775455877,0.09678164008542033
9e8ba561-9606-44bb-afe4-c285096b06c1,2024,2023-11-24,5052a2f3-f41f-41e4-a681-c6277fec0404,dd1136c6-9974-4186-b206-7e24f2bf7dc3,15,1,15.933613559092542,0.9661796786934504
ac89da1e-0bcc-4c7a-b1c6-97490f4948d5,2024,2023-11-24,dde8f534-10a1-430c-af83-43b026e7ab68,14393a14-3128-4184-bf05-72f6bf2a357b,8,1,13.657878103595769,0.9118177877670345
b4048e26-e56c-4c83-9524-67eb1ade2530,2024,2023-11-24,54e8cb38-83f4-4866-b3d1-d0e1dfc530c6,b6c9db49-45a1-4d98-9a80-dbbe19471992,36,1,14.067787143311245,0.9539447121372366
b94723de-faeb-46cf-a85c-69ab6bc5fdcb,2024,2023-11-24,64c5c3a9-f1f6-4f48-b571-1de27621f06c,05f1d3d6-8079-4142-beb6-628fd19c74ca,15,1,25.839682107782235,0.9871616830778899
bae7fddb-6095-4298-9879-cc2446fc0e29,2024,2023-11-24,6d3e1830-dbbe-4e70-b7e9-1eb765f0acf8,1ac84e49-be83-4e9a-b4a7-0fb0b7465b32,-4,0,0.6519783036546815,0.52448998499933
bd9d866e-18f1-4a0f-b5e8-5e2635489207,2024,2023-11-24,25f32a40-1a9b-47e3-ab20-74659cba9520,a2069f0f-fd2c-4971-b3da-6ba010532fcf,9,1,9.82273624051135,0.8737022073749396
c6b96a4a-0498-45b8-9b1b-b58fca6cef47,2024,2023-11-24,101749c8-ec05-4370-a95b-47f56c433623,95466c2d-a184-48f8-849c-d6957bd1df52,13,1,-2.2201547263148975,0.44628370407342605
ca5ea7c8-22ed-4460-a901-159ffbf68694,2024,2023-11-24,2b1a3f03-7d93-471b-be12-d487164eae0f,4e9067f6-7760-4a2a-ba37-273c77915540,16,1,11.928192969237704,0.8281989893875986
cd8443e3-2f76-4f8e-8e55-4da8076b316e,2024,2023-11-24,155c1dd9-ba93-42ee-a28c-238768724494,493c2e9c-ef36-4b2a-8a7e-32c890e85a4d,13,1,19.504757723624532,0.9757779202069105
d948cda3-1cc3-442e-aa3f-942dd541016f,2024,2023-11-24,228bf81e-d4c4-4b81-9b51-74ff2fd3f7c3,bf4f25da-dd8b-44d4-a4b7-4671b3c37db9,-2,0,-10.698189163268665,0.10891520338142269
f98bf19b-c235-49c8-b770-13acf7b1dac6,2024,2023-11-24,ede9d6c2-b888-41b7-8674-8638c41d2034,8044cdf8-5fd0-47d9-8a07-8a29b2ca7b9a,14,1,19.44908685603396,0.9629375537816492
fd61103a-9f0e-4554-9c08-061d7f6eb4a1,2024,2023-11-24,7048a12e-ec8b-4bf0-a475-1316775a4964,ed50f577-3ab9-4627-80f9-bc931ee42370,8,1,15.850089804120943,0.9733204798973013
01790cfa-0ab8-411e-8208-c8b6caf86fed,2024,2023-11-25,44e2611c-d02d-4019-b2f5-da0e4ad35df1,76748a8f-7de8-46dc-b80c-a1a7fbcb84ea,3,1,-3.724155889510517,0.34487655681919605
031b5e3a-8539-4fc5-bb44-41e1d3f022ef,2024,2023-11-25,dde8f534-10a1-430c-af83-43b026e7ab68,38cf12f8-b27f-4c69-8f14-254930816a8b,18,1,25.889690309666303,0.9876186447610804
066f4832-18b9-4b4f-bc36-55762780a9de,2024,2023-11-25,63627b20-aa4c-4e0d-bcfc-40a5fe150e8a,4b962e36-92f2-493d-a9d8-e62b725d5b76,-16,0,-5.275798421963858,0.2702533169020446
08349821-13b1-45ca-a653-f398bf7d75ce,2024,2023-11-25,5320f527-fbbd-4bb0-80d3-0de759475d59,071229c8-25a8-4fd7-87a3-c30d0a95671a,8,1,-7.751744567513563,0.17534384670910852
0cc7bc2d-e76f-4190-ad01-756bc11854e8,2024,2023-11-25,e7f5f157-7a33-43ad-8282-59e1c4ad9b25,fc499722-6277-4897-893a-4abae917abf7,46,1,36.607447696762826,0.9920726968000565
0e829156-15c9-4f80-a477-5b3facdf54e7,2024,2023-11-25,9341db15-6a24-4506-804b-e37983918ab9,cf2f7a41-56d5-4c2a-b4f4-fb9d1c933b22,8,1,23.181148561347644,0.97880681442707
195fd179-81b4-43f1-b8b0-4a408c25dd6b,2024,2023-11-25,8ce6b3fb-8bb0-49b5-acaa-caed76d542d7,4494a75c-3ddb-41cf-b75c-67fb9c0537c9,-3,0,4.391415710351355,0.566064737737795
1fa11e27-7a3f-440b-9832-07a93370d256,2024,2023-11-25,d2ae40ba-651b-4006-8b22-61c6b9ce0e33,be683752-ceea-4783-ae94-66be0178e1d1,7,1,8.941521414337222,0.8945480424848378
2c1f1a61-3fe3-4b48-95a5-f8dbff31a501,2024,2023-11-25,89a85f65-8bbf-43db-b23d-362af1afc44d,99b16ea6-899f-484c-8a9d-b2b5bb872d9d,-14,0,2.7628803506988917,0.5368908236398364
345f286e-6c5f-44dc-a19f-c81a80b7ba7d,2024,2023-11-25,686413d2-e94d-497d-a87d-ab911ac38ec7,7da2e7c8-cee3-4ff4-be74-58d324c5ff71,13,1,-1.8436921553949344,0.4464994172221314
38ed1052-1919-4b67-adb4-8a4e9a71f1da,2024,2023-11-25,63eb578d-eef3-448b-b0ab-b4892ef058e0,873b654a-5825-415c-8a11-5e5b15bd2ac8,-10,0,-4.397778737893446,0.3031672177330019
3b664737-bfa8-43b0-9ec2-72dbbf33df85,2024,2023-11-25,550c3333-8e82-49d4-b9c6-ae13db14a84f,7d57c2ad-190c-4c1b-8987-ab2007a42023,8,1,16.372917919371165,0.9663763792217677
3c69121f-edfd-4604-9c00-3137b4548220,2024,2023-11-25,c58c3009-46ec-43bd-b27b-b0d683ab2cad,8ae6c27f-063b-4e7b-bbfb-653f496560d6,-10,0,0.7526770373792167,0.5712274251727392
3cc9a43e-f8df-404c-ab7d-1bfa264f0722,2024,2023-11-25,b1cbdf0c-474e-4b52-ae02-f856ceda214b,16aca559-5828-43a9-ada9-f35f973f4863,14,1,9.4078057291486,0.8419227869912463
3e04c4fe-8b57-4202-aed0-5146862bd215,2024,2023-11-25,92acff47-2510-4313-84af-f3cf5f3c0235,14393a14-3128-4184-bf05-72f6bf2a357b,6,1,-6.288377499792725,0.26682561124311605
4f305c4e-ced1-4846-9178-7f66c6b82f0a,2024,2023-11-25,9611a021-de39-4ca5-8188-6387e4c99fbc,da828fff-cee9-4151-bc4d-983ee436f573,-5,0,-4.155212861436787,0.391101071737948
533c578b-267b-49c0-9cca-6727d00dc82c,2024,2023-11-25,b1937cc6-0f34-4060-82ec-b2bfe4c05aad,887d2364-968e-43c5-83af-c227595022bd,7,1,9.772173044217217,0.8319264744315649
5b91c77f-f3cf-44f5-b627-88843151acaa,2024,2023-11-25,2408f22b-e753-4c5a-9353-be75a4fb2164,63a49366-1e4a-4ecd-849d-4153e5e0a2e0,13,1,5.550918048518914,0.6959706704189429
5e21f744-d7de-4440-89bf-e280783f9181,2024,2023-11-25,8c121ba7-b028-4d29-8ac0-bfc3c1ff7b57,644a0213-9ca5-4238-af33-7c8ed45fc88b,-30,0,-8.876380513147023,0.21765136146535638
62bd8c71-56dc-4b46-8304-e101fb35ced5,2024,2023-11-25,15de2bd3-69fa-45a8-b95c-4d5e91232ab9,1cabfd4b-0114-490e-8d0f-1257cd7f0ae1,-21,0,-1.3640600237105747,0.4877302991552511
6aef77c7-5d55-4caf-8aff-9fb2aa47fa15,2024,2023-11-25,215ed27d-58e8-4e84-ab60-6d170d404304,375514f8-f93e-4eec-ae0b-6615ec954e45,13,1,17.482837726132992,0.9537170951006527
816033e5-9ebc-4222-8d09-962429cc26c7,2024,2023-11-25,0b751b74-e572-43a0-b324-54eeefac4d5f,629710d8-479a-4efa-b5f3-d77767ddce70,15,1,-0.9097544310471942,0.46659203348564754
88916e1e-5a2b-4eaf-bc1b-3f8dac43d48f,2024,2023-11-25,a839c106-a16a-49d3-a86e-aa5e068b76cd,113341aa-9630-4951-b161-71419ed62dbc,29,1,15.842194422792621,0.9518527898859412
9afed70b-5441-4a81-bd98-5103c9b8ac39,2024,2023-11-25,79479954-cdbe-4601-a82c-35936960a7dd,84d66f69-10df-4b33-bbb9-5ba2ef708ea5,10,1,7.452592818196262,0.7454331805134325
a07c1818-16c1-4ee9-8f14-2cc49b53ffe4,2024,2023-11-25,f73ebf9c-90d9-4d66-b403-056ea4ea6b30,c58166c3-f02a-4e33-9fd0-9fa7b0711d94,19,1,2.2629819035814225,0.5445032236992385
b3756b85-90b2-4756-ac00-16efbed899da,2024,2023-11-25,00aed6ff-2151-4d45-8b3c-776ebb0a51da,371811fe-0533-4539-97b1-b56f642d0fd9,11,1,4.120528399449609,0.617569552281961
b383b977-cf39-472e-8a8c-f4fdd39b4680,2024,2023-11-25,abad6a22-9569-47ad-9945-a6ad9345c30f,33a4f970-bbcb-47ad-9bfa-ae6f0eaf792f,6,1,24.985710344297505,0.9903305067477147
b4f4de88-f5b0-4dd1-96f0-65da506e86d4,2024,2023-11-25,2df495e6-2f8b-487f-b13a-e76f3397df82,632ba9bb-afd9-4b5c-9c3b-4e60816c8e4f,10,1,1.5456822183783032,0.4840372505370145
b7988af2-954e-4bd2-b90a-63f49902adcb,2024,2023-11-25,c05bd27b-1eb5-4bfc-b1ec-29735fe183f2,639774dc-a89b-435f-80d2-4c65549fd3c9,20,1,3.826639899302776,0.6338700571923105
ba3733a5-7977-4512-8436-43e9f8caa96c,2024,2023-11-25,cf6e9037-e27d-43e2-bbd6-6583598ce383,730db31e-4fab-472d-bf25-7b882deff0b7,-23,0,-3.545252768964373,0.34897023254063486
bc6429bd-4502-43a8-8663-7d178c582b26,2024,2023-11-25,b7c2bf0a-248a-40d4-aa1d-bf6329590a4f,adf7b22e-19a9-437e-ade2-833bb31da77c,6,1,-3.57415077478992,0.40822405824832414
c7f5d14e-7c7d-42c4-8954-0cfb6908e3ac,2024,2023-11-25,92b76481-ab53-4e96-a0ec-5f522c031417,638757a6-508b-49af-b5d8-661c0059c04c,-17,0,-10.149188795576356,0.1506337591689641
ce472a2c-daf6-4ef8-bacf-2addc7882866,2024,2023-11-25,89949731-8bb3-45c7-a6f6-798934261b61,8a753611-1c3e-422d-8c6c-5721763b5574,14,1,11.739745732397257,0.9206381097582328
d4a91a16-cb5d-416c-85af-e4760989270f,2024,2023-11-25,a7951831-d013-4591-8037-4212b4a85c3d,bfd4c500-09b6-46ba-81ae-48b13f8345ff,-8,0,-3.9395864697939373,0.2930729740094287
d72b78c9-d8bb-4618-a081-91eaa91f277f,2024,2023-11-25,0b950934-3f06-4a8a-9251-83e3f1827e68,4928acd4-6738-4045-be81-20132f6471c8,-7,0,9.962397045472235,0.8393723948953092
dff0b9ad-a67f-4944-a1c3-8b14941f2284,2024,2023-11-25,717f3cf5-bc65-4a66-8f05-191decfbf380,f1c92057-9fa5-4bdd-b404-96dd624192b3,37,1,22.663745194320622,0.9897282330464966
efc4218f-002f-405b-a2c9-78b442394d8d,2024,2023-11-25,a66213c2-5ad6-4d77-a7ec-85700a223ed1,e5fae797-082f-4354-8c20-2c1c22c6ac8f,9,1,13.254223166042072,0.929445414676373
f1692ab5-64f0-4f93-bc9f-7c1e9f53c6a8,2024,2023-11-25,af6bf0c9-2e1e-4334-8982-93f14a35af57,bb505898-cdd5-4c4e-9ea1-301ff6a4b981,9,1,9.83561419505151,0.888851778837946
f7aa55bb-835e-4160-8236-69e0291e3723,2024,2023-11-25,2dc64ab1-cde8-49d4-a343-298600450708,3763fb9f-1ebe-4dbd-bfc9-6638b14a2a51,8,1,7.937934879280626,0.7869230507506277
f83e0bff-29ef-4dc7-b8c5-5515abfce026,2024,2023-11-25,7eefd1e5-aea4-463e-ae74-c628b0fe170e,dcf85f3b-a79b-4a61-9cd9-d6a90541bf3f,6,1,8.429474234711723,0.8003314223334231
fc2f7ceb-9818-4528-b560-bf4ff1d5c85d,2024,2023-11-25,1acd2c41-6945-469b-b33f-3c7b30f8359b,a4e0b7c0-e98b-4e65-9408-e26a9aedac8d,-6,0,2.731157242831354,0.6568026666845797
0cc82da5-fdd5-46b4-a494-01cb796e5362,2024,2023-11-26,e0cc707c-bdef-43a1-a3f0-c1ddfefdadd3,da6b8f1b-a85b-4303-8500-c640c0d3132f,7,1,0.756381806422986,0.4727372758385835
0f864684-9955-4a61-8cef-c05b77b5733b,2024,2023-11-26,d8cd723a-1d76-4abe-be2e-516e52724947,7293bb2a-8d08-4752-b00d-104a80da0371,9,1,13.528920937041983,0.9279836696915527
11e29463-6458-48af-82b0-546a8bf6b863,2024,2023-11-26,da828fff-cee9-4151-bc4d-983ee436f573,63eb578d-eef3-448b-b0ab-b4892ef058e0,10,1,13.174833604234555,0.9264417811351244
2294e6a0-7681-41a4-bfe3-5ea4f43e0113,2024,2023-11-26,fd42047c-b7c6-4dbe-93e7-69cfd125995c,e3158bc2-1467-4311-8540-c4f77e10aab2,-35,0,-5.952864891493453,0.2826822705264059
2a11bca3-6996-41f2-9186-42c8ec82b211,2024,2023-11-26,324e37b8-f52e-449b-909c-366c81488fea,3280e439-7a98-4ebd-95dc-1a1281ccab00,-6,0,-4.549327578599667,0.3674469363253459
2d8bdc71-8b3d-4f8c-a46b-945895332b02,2024,2023-11-26,6cc29af2-0d45-4399-b571-caa43e20e554,45959b35-f1e9-462f-aecf-565395a6fb6d,-1,0,5.630885660998764,0.7051078774620763
3086b0b9-22ef-4986-9c56-f7bddad35591,2024,2023-11-26,071229c8-25a8-4fd7-87a3-c30d0a95671a,44e2611c-d02d-4019-b2f5-da0e4ad35df1,-10,0,8.44583692938523,0.7910134373091686
485c5fa9-e86e-4aa7-ab3c-73797cbc219c,2024,2023-11-26,33176e8c-5f9d-4bcb-8c56-9a0a5f7d7f1c,2df495e6-2f8b-487f-b13a-e76f3397df82,1,1,1.4422603671561975,0.5302379892839669
507b0f4f-75ef-4101-876a-0f343f6ca161,2024,2023-11-26,00aed6ff-2151-4d45-8b3c-776ebb0a51da,1b1fcea3-d0ee-4307-b5a5-4c2a4a591484,21,1,10.70447801776707,0.8167770045294435
641f10c3-9456-4e8b-b87d-7536eb6f402a,2024,2023-11-26,10a27e98-10ab-4397-bb74-d3a92cc590dc,b1b6c3d6-c825-484c-a8fd-a4e0816d19fa,12,1,10.826614028993816,0.8740737524161684
6e62c81f-2b94-400c-bfd9-75ae7b253354,2024,2023-11-26,5fcb12dd-e3b1-4e57-ac30-33da456cd5db,9be057a5-becb-47b1-b84f-041147698411,4,1,15.518572318736132,0.8950732456144306
7751f923-9142-4ffb-a6f8-2ab162c3df8a,2024,2023-11-26,e51fb2de-db51-4fbd-ab63-2a069c126779,03a91d53-3b06-4e76-b037-9c97d09645f6,23,1,14.614978766568862,0.9380742396648538
78640158-e617-42e4-bd36-c951db189175,2024,2023-11-26,a7e91e1e-3644-4f3c-bda9-edddb9602a27,ad741e6f-e15e-4f4d-8350-9973fa99916e,-4,0,5.4056974715181,0.6336493956451942
7c4a20c9-bdee-488c-820b-83f33d7bbc02,2024,2023-11-26,b4c9b613-0bc6-4295-b293-3b56c2020f1b,f9c26112-b1ea-411e-b273-e74e8ce3f1ff,-3,0,20.242505717102237,0.9484220217009901
7e9e3dd8-c3e7-4359-a8c0-75e028bc810f,2024,2023-11-26,8ce6b3fb-8bb0-49b5-acaa-caed76d542d7,57c91ea3-1f48-4879-a664-232fba59cb1e,-5,0,3.9341666834225313,0.6898743665709727
825a4b02-469f-4a36-bada-66a84836b9ec,2024,2023-11-26,eaac3de1-dd32-49d9-abe3-f56bbff80cde,9a06c3a5-a344-48e1-942e-a22438b842ec,20,1,16.953362568765048,0.9526185094652364
8a6e57a5-bb6a-4bf2-9510-80ab2da05b2b,2024,2023-11-26,d7bc8ff0-3522-40a8-8309-346e8b4cf9be,632ba9bb-afd9-4b5c-9c3b-4e60816c8e4f,-10,0,3.366076590320672,0.5852688057075568
8fb7ae1a-f45c-4748-a0f6-9eae76202c67,2024,2023-11-26,4494a75c-3ddb-41cf-b75c-67fb9c0537c9,c79306a4-5139-4f8b-8b55-21b42e22858f,-2,0,-4.993783450431114,0.3209752252447041
951d7e0a-1526-406c-9c9d-d078f6e6c692,2024,2023-11-26,b7f069ed-b9be-4147-b87e-fe1bef8386b4,f1cb5c3c-2ff5-444d-8c0d-5c1244f07909,13,1,12.537844850843053,0.8423376729624776
a1dce491-1c69-469c-8086-cb46d48d1e46,2024,2023-11-26,df2a7293-fc74-4f81-a93d-98c8989ea725,f9a8f2d4-c836-4b2d-a4f9-47f73b8c033a,-6,0,-0.3178751588924998,0.4262994507991968
a25fcf23-7464-4e19-9cd2-09b6be059ae5,2024,2023-11-26,9611a021-de39-4ca5-8188-6387e4c99fbc,873b654a-5825-415c-8a11-5e5b15bd2ac8,15,1,3.9682288903941374,0.5804746639146137
b0b2ba61-70f7-4c0f-85d1-fce678f41f77,2024,2023-11-26,1cabfd4b-0114-490e-8d0f-1257cd7f0ae1,5320f527-fbbd-4bb0-80d3-0de759475d59,4,1,6.090943399875781,0.6829363969434787
b5fa56f0-9978-48ad-b978-5228de1c0293,2024,2023-11-26,c58c3009-46ec-43bd-b27b-b0d683ab2cad,dedb6ed5-06d8-4ba6-a1cc-e3134a2c7937,-4,0,4.486401128272151,0.6205231073493543
ba30c451-7c61-4922-be76-77031577b14f,2024,2023-11-26,fd495afa-fc22-4081-905c-24f40ff2656c,65c68c5f-fc3b-4781-a912-2a4b17be699e,6,1,11.615865631186796,0.8910524601338734
bbb601a6-66de-4fb4-b0ff-12797d7f9c19,2024,2023-11-26,79bf464f-0d3a-4992-b310-86d2abbc2244,735ab24d-9a04-4ce0-aa11-f1cb2c1804f1,11,1,0.9147967182593352,0.5333201969733449
c8044c2a-5165-4692-ac7c-81c0c23c2611,2024,2023-11-26,791eb121-5f34-499b-a1ff-469bc9007fe7,8b8c3790-682d-4010-b304-45ce213ad62f,16,1,15.667239147978744,0.9569668622561992
ccb595e0-00a2-4a1e-966e-9ff5a515204b,2024,2023-11-26,76748a8f-7de8-46dc-b80c-a1a7fbcb84ea,15de2bd3-69fa-45a8-b95c-4d5e91232ab9,-7,0,-1.4318351046211601,0.41494780284730653
d462adfd-f808-4b70-9480-9d94b96fb7cf,2024,2023-11-26,35d0a28f-e3d7-43ca-90cc-daaf0b7c278e,c2629a38-b5d1-44e7-9a32-8fb51cc9a116,9,1,18.28062987015954,0.941897220028667
dd2d129a-b0ca-4f36-b878-940bc7a330f5,2024,2023-11-26,409dd213-f612-4ab7-a0ae-8060dd9a6ef4,a64af70e-61a8-4777-8e8d-9a7815f78f3e,17,1,18.932175564801543,0.9827548854578607
dd81c689-3e9e-482d-8e5f-687bfb8980d9,2024,2023-11-26,8ae6c27f-063b-4e7b-bbfb-653f496560d6,f3cf8061-767a-4873-9e24-5cc4c9a6a1b0,-5,0,-3.4469995939221105,0.39197208451244386
e3cceea8-962f-42dc-bd6d-106be057d797,2024,2023-11-26,57144631-7473-4b46-a437-8e2d8c760f87,ec7d9da7-9286-4c01-98ce-3a10ec231612,4,1,-6.594024445777776,0.2772543210301737
e8cb9ea3-2760-4e16-ab6b-6e78bb7589c5,2024,2023-11-26,8a7ae133-e612-4f1b-911a-a72870f8b4d6,28e39e04-5ba3-41eb-808c-3ab653c2ef06,19,1,20.249309201335006,0.9807342919879686
edae11a1-f8ad-45e3-8776-7efe13e83229,2024,2023-11-26,a4bc2fe7-4083-4c33-bce5-6cac3e161a7f,424f7a7a-158f-4ad0-adb1-4b3ebe25b11e,-14,0,0.8276853869394464,0.586903400004866
eec5a579-c542-4fb6-a2f5-928a80de044a,2024,2023-11-26,bba8eb68-9989-447a-90b4-27c8d0d32bd1,b2d5fddd-b407-4fe6-9d70-e921ab7b7e1a,-34,0,-1.7108065331740805,0.46293706874286566
f1a30f8d-79be-4621-b390-eb0079aa78af,2024,2023-11-26,546e1911-9caa-499e-92f4-afa9c6b1e8c2,2acb9682-4dbf-4e25-82b3-0124cb5c07cc,-10,0,-3.6544705747742117,0.33158980680628797
f5016554-79ef-427c-9b00-61333d6d8eec,2024,2023-11-26,05aedf2a-3424-4acc-9537-4d52dccd6e02,b6c9db49-45a1-4d98-9a80-dbbe19471992,3,1,8.538793315756925,0.7262872211805214
1c8a7e8b-c7af-4854-8ccc-b23b6a129405,2024,2023-11-27,dfdc9d0d-4a83-4244-9c07-9b3660ba4f6f,7af1094c-c99d-43dd-b41a-1b72a81abfb3,13,1,6.448033376271928,0.7492088953300531
20a1ace0-6f38-4199-9f68-0d362c495dc7,2024,2023-11-27,350fe1ba-284f-4709-8cdd-3f745fcff0f8,4eaf68c0-dd32-4705-8f2c-1c1dd2880a74,-2,0,8.767301121573519,0.7993982158537739
2b840ce9-6355-4ffd-9fcd-d722dfe2ee92,2024,2023-11-27,993f004a-13e0-4079-8706-332aafab29c2,c0dfc734-0d40-4cba-86b5-fb2ad5c73da1,-7,0,-7.63118266511836,0.1704726756850651
7229622f-caa9-4ab2-8782-1b6babb795a6,2024,2023-11-27,cd9eea44-8a6c-4bd4-ad4d-74e461fdefd3,73a80df0-15db-447f-b97c-418cc82a508d,22,1,29.58364432771574,0.9895485945395982
8f622a1c-2b04-41cd-b121-a1356bd16315,2024,2023-11-27,b80e54ae-3b74-40f3-9954-a1b0805cd1e8,e1ee7493-ca48-4d8c-aefe-83427a4e66af,10,1,12.21710185664058,0.8831532050440764
9ed6e5b5-dc4e-4daa-bda1-7fc8c5544198,2024,2023-11-27,3a4357d0-0685-439d-863f-f854c35e4c42,629710d8-479a-4efa-b5f3-d77767ddce70,-4,0,-0.592816030564443,0.4703387068026544
b1d239d1-6c83-4b53-b639-d127d41c79ef,2024,2023-11-27,a9569511-9e5c-45d1-b958-3e29c52f612e,74434c65-ac07-4a97-9998-737791311fb1,22,1,20.233395390801903,0.9699226865498578
eba7e535-c471-4b6f-8796-796196e9f41b,2024,2023-11-27,e9813fa7-c976-4ad4-a455-2f05235e93cf,17a3b4e9-cfab-43a8-b7ad-73508d4d890f,3,1,2.020154172467203,0.503444017573701
ee3c52f4-e554-4399-9172-e58431d0394f,2024,2023-11-27,da6142ab-a5fa-48a0-b6ec-864a8119be75,0b9bc135-badd-4fc9-b7bc-bebccb08cbf1,-7,0,11.349911433164655,0.8450496702644203
f763a247-49be-419d-91b4-cfeb17ae995b,2024,2023-11-27,5368fba0-1d0f-4310-9dea-c25c58762dd1,d8e747fb-453e-4894-9a8f-08598fead336,32,1,17.51978588596175,0.9420901665689965
fa3642c2-21bf-42aa-8057-4249085bf8ac,2024,2023-11-27,4a01023d-3637-4ac5-bf1f-37c08b2438a5,8e26bcb3-616b-4c7c-a709-bf30d2ddce41,20,1,35.55621718062186,0.9936867636437785
062c0800-9d03-49a7-833c-364321b3eb99,2024,2023-11-28,4c073afb-cc2c-4ed2-bd8f-2f545ae1bea5,7fdeff97-4db9-4c33-9fc6-9f03bd977d30,10,1,15.042578686252282,0.9496896852755672
0d654ecd-9b0d-4e86-b68f-6914f7ee4d2c,2024,2023-11-28,f92587ee-8d25-4b09-9a60-6203f75c974f,2851d469-fe75-448e-9d6b-4bde7ec96e06,22,1,10.174957344569654,0.811521529679802
0ebbe79d-8fdf-424f-a367-cff3de91caa2,2024,2023-11-28,63a49366-1e4a-4ecd-849d-4153e5e0a2e0,0b751b74-e572-43a0-b324-54eeefac4d5f,34,1,10.166056794561255,0.8209450399443565
1643b5c5-4a1b-4810-ae29-1912d8cf79bd,2024,2023-11-28,bf4f25da-dd8b-44d4-a4b7-4671b3c37db9,47b967e4-0689-4d1c-863b-9d82c6ffbfcd,29,1,10.641503873218957,0.8385384376538608
1baa049f-4f38-48f6-b150-6b6650abc7d7,2024,2023-11-28,638757a6-508b-49af-b5d8-661c0059c04c,be683752-ceea-4783-ae94-66be0178e1d1,-4,0,11.993557693076017,0.8979679815289873
2ebec5c4-0077-4bf2-9698-93375fce112c,2024,2023-11-28,312cd404-9fa4-4f04-b8b0-cfed95e31398,31108a77-31cf-4228-9c6c-3a9665e9e17a,1,1,6.9497732717621385,0.7198423250859048
329a4a10-9aa0-438d-ba69-13faa27f24d9,2024,2023-11-28,439b6cee-3be6-4471-bddf-f7cb8c69cc85,2ca82167-d915-492e-98e0-4ee592960583,31,1,28.60108215774574,0.9920718768607872
33b77dc8-da90-4f75-a3ee-e0ed3c16324d,2024,2023-11-28,1ac84e49-be83-4e9a-b4a7-0fb0b7465b32,493c2e9c-ef36-4b2a-8a7e-32c890e85a4d,38,1,25.680990953864487,0.9873284988691404
39276b0e-9a81-442b-98a4-24194ffd052e,2024,2023-11-28,19b40071-00ca-4d8a-8188-a03d635e9811,e42183ad-b44a-4746-8c0b-148ad61bab43,-5,0,-10.610810404541189,0.0706853394429447
39ca252c-01b0-4513-b457-cabfcacee92c,2024,2023-11-28,384d8319-2770-4b9a-bb32-bd4da034d104,73db7905-652b-4320-aac7-243f2f2f70a2,20,1,0.08167618966380089,0.43182607437844
4944e427-eda1-4d6f-9bf0-74ba4609ad3d,2024,2023-11-28,c51998cc-ad65-43ec-88c6-a0f160ff7902,b255fc28-3428-4006-adf1-9c1001ecb1a3,23,1,3.6253536157968727,0.6791530435462407
7caeaf83-4753-4932-988b-865b85a0e80a,2024,2023-11-28,115916ea-f145-4974-a257-5bb24f7c1ccc,4b83e4dc-410f-4835-a8a4-8ccffc29e016,12,1,5.423247108928285,0.7375910949402353
9b40f4eb-b77f-409b-a1d9-e1ed401a5d1f,2024,2023-11-28,4aa110b4-c8f4-438d-b44c-2d6a5c74ab8e,05f1d3d6-8079-4142-beb6-628fd19c74ca,29,1,8.340002120850468,0.7742288857305134
9cd1a1f2-8178-4b00-aad7-07f8ae712c40,2024,2023-11-28,f2e0429e-8513-40eb-b536-1aca6697aee5,23b31575-028e-4661-85ac-8d5835d6726f,4,1,7.054035171009637,0.8113990068763615
a1c93954-bb64-4ed6-8b7c-b44e64bfd4f5,2024,2023-11-28,7747d9fc-9e15-4b0f-911e-ba64828748ed,a7f405f8-389a-4a00-bb71-6d07d48f4fe8,16,1,23.330202075389053,0.9872353134886195
a44d0e94-5340-46f0-bb82-b359c3758109,2024,2023-11-28,ba033ab0-c07a-4b71-b7f4-243ae194d23b,8fce643e-75f7-4242-b565-2a4818e1eeba,26,1,8.357764424308115,0.8197225384938652
a770976d-a147-4366-a396-9e2cd7bca538,2024,2023-11-28,4c4cb93b-7b16-46b7-9d21-5ff908de25a6,49f72498-1bbd-48b1-87b9-cc90196e205a,2,1,9.013348749435062,0.8351623710866345
aa547226-64a5-4737-ad9a-efe8496e7b6a,2024,2023-11-28,cd369794-6765-4889-bd1c-89869447620b,33a4f970-bbcb-47ad-9bfa-ae6f0eaf792f,32,1,39.341748677541084,0.991118933916476
af80bda4-c7c2-435a-a218-795ed1a1c289,2024,2023-11-28,2f0bd8d9-4435-45ed-9efe-045f835c15a8,550c3333-8e82-49d4-b9c6-ae13db14a84f,-7,0,9.112066790326885,0.8210000040595855
b19eebbc-9ee3-49fd-86be-02b8cc44d129,2024,2023-11-28,ede9d6c2-b888-41b7-8674-8638c41d2034,3bdd846d-463f-4ddf-8719-13ed1e3f2634,34,1,20.734763354477593,0.9690328489826686
bcddc375-b547-4d98-bf2e-0d24060aefb9,2024,2023-11-28,bfd4c500-09b6-46ba-81ae-48b13f8345ff,25912c1a-f2be-4c07-857a-5eef6aadebda,-8,0,4.367481257823774,0.6356234673020229
c6ef32b4-8081-4560-beb1-bc2b999fe55e,2024,2023-11-28,db374003-37d9-4d61-a3f3-7abec141d33d,d0ec4581-205d-4391-a765-06ee8de241d9,15,1,3.2218985236380115,0.6431993240818321
cdfbaffc-8754-4c78-8644-3cbeeb28ecaa,2024,2023-11-28,1b0dd005-3190-4ca9-b74d-111343f2fce0,536cd39b-cd0d-40f5-8b6d-7a490d196262,8,1,29.55558331617504,0.9923993018616837
d75afd38-dfe4-4914-8241-84719186614c,2024,2023-11-28,39decbb3-b24d-444c-970a-39aa53a01ef6,22ae415e-1335-4b89-a126-bbc7a1d7901e,-4,0,-11.80476542631618,0.08052906815710487
dc41f13c-5636-44a1-904c-9a8808a379d8,2024,2023-11-28,00a52b15-70b5-47b1-86c6-8e30652728c0,cf6e9037-e27d-43e2-bbd6-6583598ce383,9,1,14.4083333079736,0.9294546151758544
e3f55534-ec8b-4996-b7ee-88c2fc77dfbc,2024,2023-11-28,48a6c30c-21c1-4d12-ac7f-590a1fdb0238,b1b6c3d6-c825-484c-a8fd-a4e0816d19fa,27,1,17.572098846634365,0.9613180126451882
f0e9e5c7-48b5-4766-9ae9-8a2d875e6779,2024,2023-11-28,7eefd1e5-aea4-463e-ae74-c628b0fe170e,2c8d46b6-8e8e-4229-85a4-0713fe1c6c4f,-21,0,1.7982073187971155,0.4785804756750442
f55df800-9a28-41de-8f9d-69195e9f826f,2024,2023-11-28,215ed27d-58e8-4e84-ab60-6d170d404304,f6d188d9-c992-4de8-801d-4995b25abaae,27,1,18.286427816619735,0.9667658503959145
026af155-16ae-45c4-b53f-2319894e1a05,2024,2023-11-29,3457262b-c7da-4834-a20d-ad6be302a671,7293bb2a-8d08-4752-b00d-104a80da0371,18,1,15.517800511374283,0.9370096769203425
058c27db-72aa-4d0d-8a47-6257bc9a3696,2024,2023-11-29,15de2bd3-69fa-45a8-b95c-4d5e91232ab9,791eb121-5f34-499b-a1ff-469bc9007fe7,14,1,5.098979965617424,0.6467509376093588
10e71eb8-b92d-4e55-aff1-c5dafdeeec9b,2024,2023-11-29,644a0213-9ca5-4238-af33-7c8ed45fc88b,6c5c20e6-a076-4fbd-b77d-61a1c7a3c5a4,27,1,18.036370907900675,0.9848508477348409
115a4b79-6f3a-4580-b2e3-fcfb5de5e2b4,2024,2023-11-29,ebf92b73-233d-4523-8429-ab00d5af1966,2607ab7d-2f54-4540-9b2e-d27703407118,2,1,-0.4734560021227094,0.45100713029507233
11bf2e68-a1ae-49d0-a715-004d2ec5c401,2024,2023-11-29,df1d6c5c-77eb-4d21-b5dc-6cd579f74d2b,2bb9930f-6a64-4fb0-8ae7-2d18cc4ceb5c,29,1,23.88261441124142,0.9843899820904256
124b995c-ad9e-4292-8bb4-ed55a7791feb,2024,2023-11-29,64c5c3a9-f1f6-4f48-b571-1de27621f06c,6d3e1830-dbbe-4e70-b7e9-1eb765f0acf8,11,1,3.1979732347276832,0.570888281864069
13026883-06dc-4cdb-8c3a-1bd8ed43e017,2024,2023-11-29,2dc64ab1-cde8-49d4-a343-298600450708,f916ec1a-cf31-4b3a-9d55-a8bdefbea199,-4,0,-2.7865007359009635,0.3882934179442361
1c73d98f-b939-4fa1-98fa-e49c6bd5ece7,2024,2023-11-29,f93c4c92-e869-45e6-8970-2a02d80141c9,7f63e419-1d15-4c08-84b6-dc393ca0146a,1,1,0.9890037860323682,0.558129424949437
1f38b46b-9713-4605-b9da-1b619f4087fb,2024,2023-11-29,9341db15-6a24-4506-804b-e37983918ab9,79bf464f-0d3a-4992-b310-86d2abbc2244,18,1,12.223271073160864,0.8731912881164019
203f7551-e915-4169-8eea-8bbf5f82ce6f,2024,2023-11-29,dd1136c6-9974-4186-b206-7e24f2bf7dc3,b9e1a15d-9de2-45e6-9fc8-b3444d1bc0b5,5,1,-11.20369126970105,0.08906715642979549
2cca014a-4d71-4056-b6bf-20ba85ff66bd,2024,2023-11-29,95466c2d-a184-48f8-849c-d6957bd1df52,8a753611-1c3e-422d-8c6c-5721763b5574,13,1,15.01045650870041,0.9463397736790738
2f1b4a8f-429a-431b-a8fd-a77296c697d0,2024,2023-11-29,5091ac5b-fcb1-423a-9cf2-0981de634633,dfdc9d0d-4a83-4244-9c07-9b3660ba4f6f,4,1,-4.4954599338148515,0.3610837114148427
2f604dea-e593-4fa7-83d4-2b693e1ce8e6,2024,2023-11-29,c840b153-1401-4ebc-9549-e027df3cc7e1,88fe7301-2d1a-43f9-ba01-e8f7795634b5,18,1,27.587249975484504,0.9908231811783075
35e5699a-3083-49cf-ac9e-6e8f35798860,2024,2023-11-29,e250c58f-f6a5-4da7-aff3-c6770b9a14da,873b654a-5825-415c-8a11-5e5b15bd2ac8,4,1,10.357543521730255,0.8451829173834142
415bb026-6840-4c08-9a3d-af75deb1e40e,2024,2023-11-29,9ccf2901-b49f-4aa3-8a4a-d59d017dfabc,0c2a9ebe-8c6a-44ec-8643-1dbac7642ab9,9,1,13.608725560228386,0.9207421433436769
461b23b0-4e33-4092-96d9-1c7bf1bbd73c,2024,2023-11-29,16aca559-5828-43a9-ada9-f35f973f4863,4eaf68c0-dd32-4705-8f2c-1c1dd2880a74,-15,0,-11.354185504240192,0.11677881402177992
4af44163-5b01-4081-97bf-c48580da18c0,2024,2023-11-29,113341aa-9630-4951-b161-71419ed62dbc,52739295-a20d-42ea-b09c-a1e17be40d02,3,1,0.8392498394736035,0.44943327120436327
4bf8984c-57e7-46e4-bcdb-85f2c49763fe,2024,2023-11-29,8044cdf8-5fd0-47d9-8a07-8a29b2ca7b9a,48fce6fa-2dd6-4fad-b5ca-cf5cccdc3fa1,-1,0,15.19297948165217,0.9319700077122516
4d6d41d6-34ad-469c-97b9-1bf4181f4e26,2024,2023-11-29,101749c8-ec05-4370-a95b-47f56c433623,238b3f68-0b29-4056-97f6-6c10a093cd62,25,1,17.06920244904859,0.957056691790666
50b073d2-6a7c-4bd7-94cb-ee4cb828c22c,2024,2023-11-29,7ca95dca-8ca9-42a6-b9a5-307d339df9b7,ea8c66b5-8fe3-41dd-a56a-b85bfdc613c3,-2,0,-1.3444751675361286,0.45538839943523257
511ee4f1-f3d2-4f97-819e-b0054739c1e1,2024,2023-11-29,d7b7310f-6983-4a09-bb56-fda96e9f761d,7048a12e-ec8b-4bf0-a475-1316775a4964,-2,0,-5.2118606817558994,0.338122784612691
605f0fce-fa50-412e-92a5-4a2ef894f826,2024,2023-11-29,9a06c3a5-a344-48e1-942e-a22438b842ec,fc7ccbd1-42ce-4200-b33b-0f8f3de48473,-11,0,-4.061276652061333,0.30410074830292777
61820412-6365-4092-8a2c-4174b2f97991,2024,2023-11-29,3d25723a-661f-48c9-9c5f-db713077997a,10a27e98-10ab-4397-bb74-d3a92cc590dc,6,1,-5.152300067433841,0.3134761449190912
663cd237-32a5-41bf-ab51-8e4547488ded,2024,2023-11-29,fd495afa-fc22-4081-905c-24f40ff2656c,9be057a5-becb-47b1-b84f-041147698411,5,1,12.194586324438715,0.9141575609427909
680ec3cd-1b37-4557-88ee-bef649e21354,2024,2023-11-29,f73ebf9c-90d9-4d66-b403-056ea4ea6b30,7d57c2ad-190c-4c1b-8987-ab2007a42023,12,1,9.947658448766443,0.8848854030663234
6dc12389-535a-4d98-97b7-dcd6b867a251,2024,2023-11-29,e0cc707c-bdef-43a1-a3f0-c1ddfefdadd3,63627b20-aa4c-4e0d-bcfc-40a5fe150e8a,-3,0,-1.3862697488849691,0.5173731136365032
6fea9808-60aa-4b8b-8aa7-20922c7fcc65,2024,2023-11-29,72d2e856-e65c-4184-bc2e-38e805170efe,99b16ea6-899f-484c-8a9d-b2b5bb872d9d,2,1,4.748054390707993,0.5866060527268913
72e89e76-9db1-4416-b95b-51b90da60799,2024,2023-11-29,ed50f577-3ab9-4627-80f9-bc931ee42370,696e6eb5-b8dd-4d44-8780-1e6c678615bd,25,1,5.321538540103412,0.7346955184570739
741741c8-c29f-455e-883f-0d4fc414db32,2024,2023-11-29,d2ae40ba-651b-4006-8b22-61c6b9ce0e33,14393a14-3128-4184-bf05-72f6bf2a357b,2,1,6.189960438820402,0.7418989325354431
7b11137d-08f7-4508-9433-2348be479a4b,2024,2023-11-29,e30e79ea-8947-4c58-9842-25781182ec2e,89949731-8bb3-45c7-a6f6-798934261b61,-14,0,-12.478469232169843,0.09072171010529731
7b843efb-9032-4685-a37d-282c870dca8e,2024,2023-11-29,2b1a3f03-7d93-471b-be12-d487164eae0f,35d0a28f-e3d7-43ca-90cc-daaf0b7c278e,-13,0,10.094513632295211,0.8476472046524904
7c5dfb83-c619-4255-93f4-00dd5802850f,2024,2023-11-29,2408f22b-e753-4c5a-9353-be75a4fb2164,a839c106-a16a-49d3-a86e-aa5e068b76cd,12,1,-2.751895788732871,0.4002340507431755
821282bb-d6c3-4a62-8bf2-3df26683aafb,2024,2023-11-29,f245c41f-897e-4985-9153-43034bb26bfa,a4f24556-d2b0-4bc3-bd21-758340750c58,4,1,7.9341323740872545,0.7899938842783278
8ce1cc15-e80e-4000-a423-d6435723c7ff,2024,2023-11-29,f1cb5c3c-2ff5-444d-8c0d-5c1244f07909,d74a1fb4-3afe-43b0-9bd1-7e0552ba73ed,5,1,6.416755854385525,0.7327955001086086
8d569b24-e106-4c97-8850-83df37e26275,2024,2023-11-29,887d2364-968e-43c5-83af-c227595022bd,f5583f43-2ae1-4834-b364-107222763dde,-28,0,-5.920945040579404,0.27699003510479114
8dba475a-b1db-4920-a994-300d09e6b262,2024,2023-11-29,92b76481-ab53-4e96-a0ec-5f522c031417,f162ea30-6b86-48f3-bdc5-48c97448256c,-10,0,-16.537174143402314,0.04860767196362367
9122e176-712c-40ea-9cd8-bc18d391afd7,2024,2023-11-29,2ed44d95-e306-4823-a4c3-196ffb777766,85effc0b-7382-452e-904d-22a52433ccb5,12,1,3.915408295210077,0.5673604535931814
95b66b0b-874d-48d0-bb60-da8af7bf0902,2024,2023-11-29,754d9f26-9ca3-4bb8-8aa3-065bcf9ec6df,e1ee7493-ca48-4d8c-aefe-83427a4e66af,28,1,3.1808681525949014,0.640880020099626
95d81313-bd66-4765-9d34-026cfcb50304,2024,2023-11-29,2ba07bf8-0306-417b-b7fe-b2d29b7d0eb1,4bbf6d9b-f4c6-4008-835e-8c31bf5324f2,11,1,5.3961583553106225,0.7038546173205266
a6a54e09-8501-4a3a-8551-ae6b07f2b3eb,2024,2023-11-29,ec7d9da7-9286-4c01-98ce-3a10ec231612,268a2907-58d0-4693-98bb-a6cecdae1c63,8,1,13.042387091448122,0.8908984431838963
af1e2a33-2562-4960-a2c2-f674b9a01696,2024,2023-11-29,ea78667c-bf16-4084-80cc-2ab61a0e05d5,25f32a40-1a9b-47e3-ab20-74659cba9520,-2,0,1.076874877492378,0.5806989333268939
b03ea58f-db11-4ce5-9ee4-61a6581f14a5,2024,2023-11-29,dac01aea-9f35-463a-9dce-75d4575160dd,bba8eb68-9989-447a-90b4-27c8d0d32bd1,17,1,9.962508835794186,0.8401454562811108
b128a921-f4ed-49c6-aea0-38f2b277e099,2024,2023-11-29,7f15159e-f7a6-4016-869b-962879f5c296,6eb0ebaa-8c99-466d-8fad-68b897f2a9e2,17,1,3.3318787903148936,0.6368524810619475
b4cbb0e1-1db7-4adf-8c13-579f82dc4417,2024,2023-11-29,629ca4e3-9243-47ce-8a02-ee7fe38e857c,8a7ae133-e612-4f1b-911a-a72870f8b4d6,7,1,-1.9286478846729211,0.46624403235160217
b93c16b3-bff6-476c-ab38-c8a5b212180d,2024,2023-11-29,2f2d6799-40af-4256-9dd9-412be50aa14f,2acb9682-4dbf-4e25-82b3-0124cb5c07cc,-2,0,0.4117123013827769,0.5470811708696869
c4ca53ae-b053-4c2a-b472-51d77cddd199,2024,2023-11-29,e1ef03af-e420-475d-8a35-c6e5380e9f6d,2518e2c1-28b1-472d-9fdd-5d97d9f1ea99,15,1,24.053189742657796,0.9874419457412721
c81a3d38-2589-46ce-b863-df856ac672e7,2024,2023-11-29,5bd874c9-de44-4954-a4f6-428ed3fde8a6,af6bf0c9-2e1e-4334-8982-93f14a35af57,7,1,-8.601412075488211,0.2457941091266137
cba50afa-0850-4bf6-a96a-3515faee4f74,2024,2023-11-29,1d3cac70-c7f5-47ea-bb26-00ba78e1acbd,da828fff-cee9-4151-bc4d-983ee436f573,-20,0,1.9968950534842294,0.5658089273314828
cd31e471-d9b8-41a5-b9be-30323a295128,2024,2023-11-29,5052a2f3-f41f-41e4-a681-c6277fec0404,2e49ce6d-63ef-45d9-9048-67fcdb01a46f,8,1,2.428341948660694,0.5612870868526041
d93ae2a7-d503-4cd3-b0ed-1f5d7abcd7f3,2024,2023-11-29,51a31921-d3f2-4514-821c-23df38e74559,ad741e6f-e15e-4f4d-8350-9973fa99916e,12,1,-0.57290983218193,0.40415962311809456
dfb27ab2-a057-44a1-80ba-c36cb86b5c63,2024,2023-11-29,8925b65e-4ce2-4ec3-b501-c0075fe06b52,686413d2-e94d-497d-a87d-ab911ac38ec7,4,1,3.100071259809353,0.6159815350628309
e0979a14-a2cb-490a-812f-ce02b860ba75,2024,2023-11-29,63eb578d-eef3-448b-b0ab-b4892ef058e0,dbfecb75-86bd-4650-9fc0-4d85eaeabbbf,-21,0,-7.336550782012954,0.24215064498342992
e51f5bbc-d7cc-4380-84da-a30577c5d653,2024,2023-11-29,c3681649-6e1d-4bf8-9b47-1d2868dca3e9,abad6a22-9569-47ad-9945-a6ad9345c30f,-18,0,-13.974836000359895,0.06654263914055325
eaaa0cf3-01fd-45bc-9261-4be1b777ff73,2024,2023-11-29,eaac3de1-dd32-49d9-abe3-f56bbff80cde,58617cc8-94d5-4f69-a677-9ab4cdc52a33,11,1,9.306069462777918,0.8280703935598124
ebae811e-048c-4af3-8715-68fb6a6781f1,2024,2023-11-29,30a1a9be-60b7-4afa-9dcf-92694c2703d1,b1937cc6-0f34-4060-82ec-b2bfe4c05aad,35,1,17.47850321681866,0.9230384825999515
ed546607-94c6-4c79-b115-2b4ce298931d,2024,2023-11-29,a64af70e-61a8-4777-8e8d-9a7815f78f3e,82ee0a8d-e51c-4a87-bd7b-72707ec8b342,-4,0,3.577012844560416,0.5637365393393372
ee4edf95-24f6-4ef8-8a08-1674d81fb0be,2024,2023-11-29,0b950934-3f06-4a8a-9251-83e3f1827e68,4e6747c9-6a64-4fc5-b96c-e38ea635f22c,15,1,9.097881518586176,0.7990091996152139
f1e67aa2-cb0b-4ff6-a428-9d33375f2bb3,2024,2023-11-29,cc07b31b-464b-4cb9-89d2-ac26ffe3e5f4,409dd213-f612-4ab7-a0ae-8060dd9a6ef4,5,1,1.2504574664078054,0.5593953353385418
f26664b0-7ce5-4c55-be64-9f6ab5110e47,2024,2023-11-29,639774dc-a89b-435f-80d2-4c65549fd3c9,26d69f75-49a0-4d07-968b-2b549e059c24,-4,0,2.9893291426884567,0.6190041879676497
f4e5abf5-8245-4a7e-93ef-1168ad5cc0a9,2024,2023-11-29,e3158bc2-1467-4311-8540-c4f77e10aab2,2aed7aac-f38b-4fae-84ae-9e9c9ac71a3f,14,1,9.580388486906326,0.862535242944185
fca15e46-037f-449f-b76b-a1b32dca911f,2024,2023-11-29,e06623a6-8f03-43b1-83f4-b653f6819ea2,65cf0d8a-0a5f-4572-8516-53809f66ba44,-18,0,-10.775805444414654,0.12758818922408993
ff05a213-55cf-404b-9c5e-eea1d6df46b1,2024,2023-11-29,c05bd27b-1eb5-4bfc-b1ec-29735fe183f2,8ce6b3fb-8bb0-49b5-acaa-caed76d542d7,27,1,10.52229043688954,0.8940738326731081
153aa145-c39b-42fd-a823-9c6fced77ee5,2024,2023-11-30,c58c3009-46ec-43bd-b27b-b0d683ab2cad,8b8c3790-682d-4010-b304-45ce213ad62f,30,1,15.99717596899828,0.9625022226283099
177e2a64-08ef-43ad-8e96-1a096cc925f1,2024,2023-11-30,45e40bdf-5c84-42ca-84d2-a823db0b6609,29fcbb70-fa3c-4806-8768-15b5ec4a8449,12,1,2.305583192639453,0.5546618654053189
2165ce82-cf57-4227-9458-8d6416d0741c,2024,2023-11-30,49c78722-1476-440a-9de1-896fb7b7db88,730db31e-4fab-472d-bf25-7b882deff0b7,20,1,4.920067450350669,0.7143488986816402
22bfb741-f63a-4aee-8904-acf114b8e14b,2024,2023-11-30,2f522e9f-f586-4f8b-816f-a83d9e6231fa,57c91ea3-1f48-4879-a664-232fba59cb1e,33,1,23.686194329284483,0.9838606664733659
24113552-b3c8-4deb-ba7a-90cbbe043816,2024,2023-11-30,0b9bc135-badd-4fc9-b7bc-bebccb08cbf1,6b296d7f-de88-4a16-8a22-b28077a669c4,13,1,11.929327335437772,0.8833021829450041
2e58428d-7464-461f-9661-b7522926db8d,2024,2023-11-30,2df495e6-2f8b-487f-b13a-e76f3397df82,ef75db17-4afb-4e3b-a928-30e871ec130c,-5,0,4.518266578665225,0.6937637870092074
41ffd9c6-9c4a-4ae4-a239-715aeb93ce4a,2024,2023-11-30,dde8f534-10a1-430c-af83-43b026e7ab68,3e3e940b-dd81-42f3-88f8-4e988278be04,23,1,12.217267057321584,0.8402918977027812
4204f7e1-be97-4d71-8b71-cebf4714ab10,2024,2023-11-30,424f7a7a-158f-4ad0-adb1-4b3ebe25b11e,e72d1807-6463-450b-b561-c3727b286584,8,1,0.39011641342473413,0.5269140114120094
42ec21e6-acd1-45d6-9459-a44833f85c63,2024,2023-11-30,c2629a38-b5d1-44e7-9a32-8fb51cc9a116,8e26bcb3-616b-4c7c-a709-bf30d2ddce41,-6,0,1.8182679455359625,0.5448493295331341
57b1fb97-98ec-4db4-a90b-ab3547e871f2,2024,2023-11-30,b2d5fddd-b407-4fe6-9d70-e921ab7b7e1a,717f3cf5-bc65-4a66-8f05-191decfbf380,25,1,12.476710959292747,0.9175857943112935
6781d751-b0ec-43fa-9e9a-3ea3841ec023,2024,2023-11-30,2eaab3a4-18f9-4a39-a5ce-abf063bdeef9,39decbb3-b24d-444c-970a-39aa53a01ef6,15,1,4.60285568821827,0.649550769289902
6918a192-5695-400d-9e2a-9315d55da85c,2024,2023-11-30,e308f5e0-c422-490c-901a-575bb49f1c7e,5f480384-0cfc-4e90-837d-db9cc8d292dd,1,1,17.734057842597664,0.9574374138729392
6c239291-9966-4299-82a5-1ff2e279b030,2024,2023-11-30,28e39e04-5ba3-41eb-808c-3ab653c2ef06,629710d8-479a-4efa-b5f3-d77767ddce70,19,1,-10.582478049192519,0.17370889769897616
81dcfc60-b32e-4472-8c1c-e3d099ea28f7,2024,2023-11-30,e6b0799b-abce-441c-929c-964306f8fc27,375514f8-f93e-4eec-ae0b-6615ec954e45,18,1,5.385234476415391,0.7008530739317307
a39dcae2-05e5-4c3c-8b66-227d3fb2cf02,2024,2023-11-30,58113924-4aef-47a7-a675-cddc9e355cd5,97bd823e-8c6e-4942-a5ca-735b3a45ebbc,21,1,29.692490701576933,0.9888480942962815
d7693663-2e53-40d2-a0cb-a2f5a7aa4f58,2024,2023-11-30,e51fb2de-db51-4fbd-ab63-2a069c126779,4928acd4-6738-4045-be81-20132f6471c8,19,1,21.805228807305404,0.9675646435994192
d9d71174-1b55-4366-b242-fc21611c7460,2024,2023-11-30,9c1431a3-21c9-46c9-8335-1b85a6022223,3a30d561-24be-4bfa-8d8d-75e645c4ad5f,-14,0,-7.444142317107423,0.19015490060173554
ed75c69e-d9bf-4d02-bac7-ccde540e1a0b,2024,2023-11-30,8af88029-6520-4f85-a99b-0f10d820a167,4b962e36-92f2-493d-a9d8-e62b725d5b76,8,1,0.8746674909984298,0.5383440698696306
ef8dc2b4-4f7d-47a4-b3f4-cddab5bb927a,2024,2023-11-30,79479954-cdbe-4601-a82c-35936960a7dd,371811fe-0533-4539-97b1-b56f642d0fd9,3,1,-0.6970289640716293,0.43883620926524075
0655a2c2-6f51-4365-b7c6-44f3a3f39624,2024,2023-12-01,115916ea-f145-4974-a257-5bb24f7c1ccc,632ba9bb-afd9-4b5c-9c3b-4e60816c8e4f,22,1,12.524110126525317,0.8985522578526126
10fcf3ac-c6b6-4dc9-b1d2-2ec3184fc05c,2024,2023-12-01,529e7dc4-6b55-487c-84b3-598dd9941301,1c1c3846-4bad-48b3-b8be-dba7d24af981,29,1,17.812100016203186,0.9778848165934788
2f7240a1-8d33-4332-acf7-7b31b688d85f,2024,2023-12-01,0c8ee784-d7e9-4ac4-b0c7-3ca89567c515,a64af70e-61a8-4777-8e8d-9a7815f78f3e,-11,0,0.16979067755154287,0.38279906511672424
385f6607-c5d2-4d9a-8265-4ccc49a0f521,2024,2023-12-01,a4bc2fe7-4083-4c33-bce5-6cac3e161a7f,da6142ab-a5fa-48a0-b6ec-864a8119be75,3,1,-4.90513164636862,0.4122043047520325
44e1dab8-142d-45d6-a0ae-9c556ed6ea12,2024,2023-12-01,c71ebd72-5c90-41d5-b1fc-544e4695d9d0,63a49366-1e4a-4ecd-849d-4153e5e0a2e0,-3,0,16.456174446758084,0.9388452940214999
48c1e32b-e0fa-4107-951a-ef0a7143db63,2024,2023-12-01,fd42047c-b7c6-4dbe-93e7-69cfd125995c,f6d188d9-c992-4de8-801d-4995b25abaae,2,1,-8.311414283644119,0.14095054932642173
49d41751-33d0-412d-896d-aa2784f072eb,2024,2023-12-01,b1b6c3d6-c825-484c-a8fd-a4e0816d19fa,a66213c2-5ad6-4d77-a7ec-85700a223ed1,-1,0,-13.426602104750485,0.0760592987219832
553005ff-5552-4790-a74a-613a766608da,2024,2023-12-01,2198dbfc-96fd-40be-99e1-e697e4c3d996,b1cbdf0c-474e-4b52-ae02-f856ceda214b,23,1,14.060517535373188,0.8783808129216524
567dfdbf-6181-4bf0-98f8-a511ddc6d76b,2024,2023-12-01,1b0dd005-3190-4ca9-b74d-111343f2fce0,4a01023d-3637-4ac5-bf1f-37c08b2438a5,4,1,-8.690528482182751,0.23162672283340904
570fc875-f75e-4974-9e66-818b67095186,2024,2023-12-01,25f32a40-1a9b-47e3-ab20-74659cba9520,adf7b22e-19a9-437e-ade2-833bb31da77c,11,1,14.161864302283558,0.9273995840982434
57dae6d0-e16d-410d-9595-b2db04f38f30,2024,2023-12-01,8ae6c27f-063b-4e7b-bbfb-653f496560d6,eddc4725-b4b2-4442-b2af-8853210d0e96,-3,0,0.08107572118502596,0.5162861866560257
66d1c2af-d343-4872-b359-11dac4532e23,2024,2023-12-01,5320f527-fbbd-4bb0-80d3-0de759475d59,58bacfff-257f-4f54-bb05-241bd6353626,20,1,-4.084581636563321,0.3566635886340635
788cd60c-c8a8-4a62-9f12-c419f0647bfd,2024,2023-12-01,5fcb12dd-e3b1-4e57-ac30-33da456cd5db,e7f5f157-7a33-43ad-8282-59e1c4ad9b25,-6,0,-9.212558165830444,0.06493077344100275
8d118ae7-ce39-41d7-9ee3-15592273c90a,2024,2023-12-01,d8e747fb-453e-4894-9a8f-08598fead336,91d935fa-7d8c-41e7-a184-72c0f770d10c,1,1,-6.212771496215905,0.27098419982744315
9c4cc93c-8096-44d5-b503-f9a793930ab4,2024,2023-12-01,717f3cf5-bc65-4a66-8f05-191decfbf380,3280e439-7a98-4ebd-95dc-1a1281ccab00,-9,0,-3.285584887314053,0.39885620939552735
9caa14ba-1a37-4807-ad77-75cf085acd66,2024,2023-12-01,9b6f0f32-d8f1-4921-aad2-a16c420f3183,a7e91e1e-3644-4f3c-bda9-edddb9602a27,-19,0,-20.040051098983398,0.03334493013675853
9d3f6b23-ffc1-4c15-b929-303ae33ca8b9,2024,2023-12-01,350fe1ba-284f-4709-8cdd-3f745fcff0f8,9d7f5648-4f47-4192-9d8d-78454c962bed,-6,0,-7.134440288990276,0.23001034430975437
a2f64667-a95b-4b39-9336-fd5ac4e71995,2024,2023-12-01,b7f069ed-b9be-4147-b87e-fe1bef8386b4,215ed27d-58e8-4e84-ab60-6d170d404304,12,1,0.39885214562715143,0.5736524274839438
ad91f4a2-caf1-481d-89ae-8a3a1eafc616,2024,2023-12-01,a9569511-9e5c-45d1-b958-3e29c52f612e,cd369794-6765-4889-bd1c-89869447620b,4,1,-7.6761236667996275,0.17925714900681966
b01549ac-48e8-4ca4-8a3d-1f5440b0004b,2024,2023-12-01,31108a77-31cf-4228-9c6c-3a9665e9e17a,03a91d53-3b06-4e76-b037-9c97d09645f6,11,1,-4.938559587293475,0.3384893720100623
c18f1425-24f1-4526-9fbb-aee8007d572f,2024,2023-12-01,b255fc28-3428-4006-adf1-9c1001ecb1a3,89a85f65-8bbf-43db-b23d-362af1afc44d,7,1,15.122729009952039,0.964710170913289
c1ab55e9-02d3-421f-8f16-bce8f6695506,2024,2023-12-01,ba033ab0-c07a-4b71-b7f4-243ae194d23b,638757a6-508b-49af-b5d8-661c0059c04c,11,1,-1.9730264437015128,0.4405447601796553
c3c330cf-c000-466f-a34e-d392a75a2e55,2024,2023-12-01,b7c2bf0a-248a-40d4-aa1d-bf6329590a4f,7da2e7c8-cee3-4ff4-be74-58d324c5ff71,-14,0,-6.953854700007524,0.24236795275124798
d05d40f1-5b4a-4061-b4c5-4b01f3427c57,2024,2023-12-01,b20b957b-b406-4f6d-8f7a-2f88e3b49bd5,d8cd723a-1d76-4abe-be2e-516e52724947,13,1,-3.2680289804855556,0.5323194966815511
d5e18206-9c5b-4209-adf6-e3c9822e93fb,2024,2023-12-01,7eefd1e5-aea4-463e-ae74-c628b0fe170e,a4e0b7c0-e98b-4e65-9408-e26a9aedac8d,-3,0,10.592201679097517,0.8877036435137958
02488abd-0975-475f-a6cb-f3d52996d6ec,2024,2023-12-02,79bf464f-0d3a-4992-b310-86d2abbc2244,ed50f577-3ab9-4627-80f9-bc931ee42370,-14,0,-7.317389531228426,0.1925897922066516
08c41cad-206c-48f6-b73d-0a9de4b752cd,2024,2023-12-02,0d6ccccd-6ee7-4ed7-a231-381c6b268e2b,dfdc9d0d-4a83-4244-9c07-9b3660ba4f6f,17,1,10.82157886238088,0.8457281740987183
0b7f0619-cd92-4b1e-a1c8-8bbf27e1409d,2024,2023-12-02,af6bf0c9-2e1e-4334-8982-93f14a35af57,bf4f25da-dd8b-44d4-a4b7-4671b3c37db9,-8,0,1.721898236510205,0.5961868956226138
0ff6c94b-ca23-434a-90f6-b8c9c557b112,2024,2023-12-02,00a52b15-70b5-47b1-86c6-8e30652728c0,f1cb5c3c-2ff5-444d-8c0d-5c1244f07909,22,1,9.882810330625894,0.8381312314051553
11c56b39-831a-467e-ac61-4afbd51bf975,2024,2023-12-02,5cae196d-fd0c-4944-8120-41d5abecb290,b6c9db49-45a1-4d98-9a80-dbbe19471992,31,1,36.64555080575046,0.993645684336278
187256ab-dd86-48b8-8a1d-44616c841816,2024,2023-12-02,63eb578d-eef3-448b-b0ab-b4892ef058e0,e250c58f-f6a5-4da7-aff3-c6770b9a14da,-8,0,-10.388147308136213,0.11808307001691273
1f90fda5-ac45-4cd8-8855-b3c8aafd1d6e,2024,2023-12-02,abad6a22-9569-47ad-9945-a6ad9345c30f,2ed44d95-e306-4823-a4c3-196ffb777766,17,1,15.1276705444603,0.910433994777624
2553842c-2293-483a-9d5f-aa592be54759,2024,2023-12-02,38cf12f8-b27f-4c69-8f14-254930816a8b,4aa110b4-c8f4-438d-b44c-2d6a5c74ab8e,-17,0,-6.82864246231866,0.22782367631159278
255997e0-3982-4e39-a76d-9ef61d03a844,2024,2023-12-02,754d9f26-9ca3-4bb8-8aa3-065bcf9ec6df,7747d9fc-9e15-4b0f-911e-ba64828748ed,-13,0,-10.665279338091052,0.11364153650588443
294edd8c-94e8-4007-976a-26c993506918,2024,2023-12-02,f3cf8061-767a-4873-9e24-5cc4c9a6a1b0,d7bc8ff0-3522-40a8-8309-346e8b4cf9be,1,1,1.8486432208707235,0.5931752613141027
3334ed42-e794-4e52-ba28-22bbfad5f5c8,2024,2023-12-02,1ac84e49-be83-4e9a-b4a7-0fb0b7465b32,23b31575-028e-4661-85ac-8d5835d6726f,51,1,30.208482608746124,0.9892044576050708
34b353f6-b461-4ca8-88b7-68b2fd2e0c08,2024,2023-12-02,65cf0d8a-0a5f-4572-8516-53809f66ba44,73db7905-652b-4320-aac7-243f2f2f70a2,-6,0,-1.7287185899938453,0.4058265026044048
376b5afe-7393-41b1-bf4d-b4d933c1ed16,2024,2023-12-02,e0cc707c-bdef-43a1-a3f0-c1ddfefdadd3,cf2f7a41-56d5-4c2a-b4f4-fb9d1c933b22,15,1,12.445997092420145,0.8938702835416603
385259e4-f647-496c-b628-dac900998209,2024,2023-12-02,cd9eea44-8a6c-4bd4-ad4d-74e461fdefd3,60ee2d19-003f-4603-a2ad-838b3e6d6cc0,11,1,2.6409125198082144,0.5649354706946219
3db44495-5119-4f61-a015-b5d0ac3571f9,2024,2023-12-02,7fdeff97-4db9-4c33-9fc6-9f03bd977d30,db9d85a6-59a4-47ff-a287-b40442bf460b,9,1,-0.729138809002078,0.4864151993302215
3df90f30-cd79-4ac8-be0f-495ffcb7514a,2024,2023-12-02,dedb6ed5-06d8-4ba6-a1cc-e3134a2c7937,76748a8f-7de8-46dc-b80c-a1a7fbcb84ea,-10,0,1.1438961526869014,0.5320683092016657
3e3651fe-838f-4d18-a7fd-bd15ad3d5b2b,2024,2023-12-02,2518e2c1-28b1-472d-9fdd-5d97d9f1ea99,4e9aa968-9ad5-4833-b9a5-7d89b35976d4,-15,0,-10.271205632234288,0.19458156191060513
404d2de0-1475-4ce0-8a6c-1d44961c87f0,2024,2023-12-02,4c073afb-cc2c-4ed2-bd8f-2f545ae1bea5,2eaab3a4-18f9-4a39-a5ce-abf063bdeef9,1,1,21.332491433427787,0.9780874596982673
43976d78-3bae-4ade-8d60-84a128d3690a,2024,2023-12-02,e5fae797-082f-4354-8c20-2c1c22c6ac8f,8c121ba7-b028-4d29-8ac0-bfc3c1ff7b57,15,1,2.902430271012603,0.5921824484954009
44a99766-995f-41c1-a106-21ad4fc1e063,2024,2023-12-02,f92587ee-8d25-4b09-9a60-6203f75c974f,4b962e36-92f2-493d-a9d8-e62b725d5b76,-7,0,14.164727961165758,0.9354559996576182
467b06d1-54a6-42dc-8563-c0206de33b37,2024,2023-12-02,2f2d6799-40af-4256-9dd9-412be50aa14f,5091ac5b-fcb1-423a-9cf2-0981de634633,15,1,7.105588195648077,0.7550249454762312
4c3c1dda-5918-4705-8c2d-f0d62f5d334d,2024,2023-12-02,b2d5fddd-b407-4fe6-9d70-e921ab7b7e1a,3280e439-7a98-4ebd-95dc-1a1281ccab00,16,1,5.934724389682988,0.777438300306181
4c5f6823-79cd-4f41-852d-dc9a5d8a20cc,2024,2023-12-02,2b1a3f03-7d93-471b-be12-d487164eae0f,dbfecb75-86bd-4650-9fc0-4d85eaeabbbf,-2,0,10.490882798475024,0.872481941120368
4cbced14-08bc-40fd-ba8c-3530c2fa5098,2024,2023-12-02,4eaf68c0-dd32-4705-8f2c-1c1dd2880a74,8925b65e-4ce2-4ec3-b501-c0075fe06b52,-21,0,4.104030151573143,0.6375199611550659
5204964c-dee1-41bc-8dfd-d702dbae7060,2024,2023-12-02,9ccf2901-b49f-4aa3-8a4a-d59d017dfabc,65c68c5f-fc3b-4781-a912-2a4b17be699e,44,1,21.843935578782784,0.9855093723554422
5863ef09-78bd-46f1-bed6-c731cbfd8e69,2024,2023-12-02,696e6eb5-b8dd-4d44-8780-1e6c678615bd,16aca559-5828-43a9-ada9-f35f973f4863,11,1,10.877502368226823,0.8895492350836305
5c1f1b09-0e3a-4c56-8646-2e0507da906c,2024,2023-12-02,da828fff-cee9-4151-bc4d-983ee436f573,c3681649-6e1d-4bf8-9b47-1d2868dca3e9,9,1,11.243816602666309,0.9044448926132556
5e45503e-69d3-4fa0-901a-9225bc2d02fb,2024,2023-12-02,bc3f184c-a2c4-4518-89d1-f58ee454b86e,17a3b4e9-cfab-43a8-b7ad-73508d4d890f,-4,0,-6.91028478160162,0.24465312639486947
634516ad-553d-491a-8baf-32915664ea31,2024,2023-12-02,629710d8-479a-4efa-b5f3-d77767ddce70,8044cdf8-5fd0-47d9-8a07-8a29b2ca7b9a,5,1,2.636589549280823,0.5666184044385209
643449d6-32fc-4007-9813-d46687211ad2,2024,2023-12-02,10a27e98-10ab-4397-bb74-d3a92cc590dc,2493388c-6fee-41f1-90b0-e82a447a607a,10,1,15.717729071055142,0.949269258031249
693f3f9e-a3cf-44c4-8c06-267eb3c9ad27,2024,2023-12-02,e06623a6-8f03-43b1-83f4-b653f6819ea2,72d2e856-e65c-4184-bc2e-38e805170efe,19,1,9.089255485511,0.820750548465389
6d6a8ebe-2b79-407e-b959-e43803fd6be8,2024,2023-12-02,9611a021-de39-4ca5-8188-6387e4c99fbc,8a7ae133-e612-4f1b-911a-a72870f8b4d6,-1,0,-1.907504186340181,0.4169994741807071
71df18e5-9470-490d-bf53-1ec39cf34bb8,2024,2023-12-02,f18598d0-e0e1-4f15-95f2-e11df8bc3126,c05bd27b-1eb5-4bfc-b1ec-29735fe183f2,14,1,12.153561044371717,0.8940640437997374
74762ebe-d31a-475a-a2f1-ca05c7bd37ec,2024,2023-12-02,52739295-a20d-42ea-b09c-a1e17be40d02,22ae415e-1335-4b89-a126-bbc7a1d7901e,5,1,-5.05258719246145,0.42922961200377713
76a077cd-496f-462c-894d-f819e3ee76f3,2024,2023-12-02,e3158bc2-1467-4311-8540-c4f77e10aab2,401408f8-2ce4-4ef1-97c2-5a68c979ec7e,5,1,6.996293533976085,0.8540409535266011
79a390da-2f99-4e06-ad2c-fb113c01ef0a,2024,2023-12-02,5ace87dd-23fb-4317-bc7f-8d80556ae6b4,b9e1a15d-9de2-45e6-9fc8-b3444d1bc0b5,4,1,-13.402500532124078,0.06630476558569773
820a7074-fda3-41e8-a9d5-eaa9211cc93a,2024,2023-12-02,35d0a28f-e3d7-43ca-90cc-daaf0b7c278e,629ca4e3-9243-47ce-8a02-ee7fe38e857c,9,1,9.465312646360983,0.7767137415751217
839147e1-7319-4853-9ccb-3fc8cc81c86f,2024,2023-12-02,49c78722-1476-440a-9de1-896fb7b7db88,20abe49d-2029-4327-96f6-389664f5da7f,9,1,17.244168887980933,0.9736425198521895
8788702b-1461-4b74-ba98-79333507c637,2024,2023-12-02,ede9d6c2-b888-41b7-8674-8638c41d2034,57144631-7473-4b46-a437-8e2d8c760f87,15,1,15.974527308775052,0.9462514111340644
8ce57373-18af-4218-b0e3-3499b9015d6c,2024,2023-12-02,384d8319-2770-4b9a-bb32-bd4da034d104,4e9067f6-7760-4a2a-ba37-273c77915540,3,1,7.39360027226868,0.785090818475896
912230c8-4445-4267-a6e7-ef8b614db835,2024,2023-12-02,2851d469-fe75-448e-9d6b-4bde7ec96e06,4b83e4dc-410f-4835-a8a4-8ccffc29e016,13,1,2.9055602661279716,0.7329830866996428
97e734c5-eb47-4039-ac24-ce7c3cc7e36d,2024,2023-12-02,238b3f68-0b29-4056-97f6-6c10a093cd62,3457262b-c7da-4834-a20d-ad6be302a671,-7,0,-2.118662390377872,0.3881530707301073
9b83265c-8d5d-4c50-92a1-c49595ee0856,2024,2023-12-02,686413d2-e94d-497d-a87d-ab911ac38ec7,1acd2c41-6945-469b-b33f-3c7b30f8359b,12,1,6.313350695440896,0.7141430107706745
a02aac0d-7e12-4e46-a31f-0fa197f193ff,2024,2023-12-02,ea8c66b5-8fe3-41dd-a56a-b85bfdc613c3,92b76481-ab53-4e96-a0ec-5f522c031417,2,1,11.3902273934585,0.878774603527529
a0c9988a-d025-41b8-91a8-903c4860ce10,2024,2023-12-02,14393a14-3128-4184-bf05-72f6bf2a357b,89dd92f7-46c8-41a3-be81-ecb12f1cd4c7,6,1,3.8489934206159786,0.611213254077431
a142a28e-7912-44c3-8cbf-7699ee5290b9,2024,2023-12-02,da6b8f1b-a85b-4303-8500-c640c0d3132f,3763fb9f-1ebe-4dbd-bfc9-6638b14a2a51,11,1,4.281658809034638,0.6839867907446986
a39bfbd6-f87e-4132-bac0-c480a2b6de09,2024,2023-12-02,2bb9930f-6a64-4fb0-8ae7-2d18cc4ceb5c,9341db15-6a24-4506-804b-e37983918ab9,-16,0,-13.70275238951145,0.07228662731575683
a6402961-6873-4b99-9d01-698dc8cff45e,2024,2023-12-02,a7951831-d013-4591-8037-4212b4a85c3d,1394e3ce-706d-4097-9aaf-cad5d38aa5a0,3,1,5.957126361041854,0.7702298810274285
b0bca0d3-18c6-4b62-a157-c086edc83209,2024,2023-12-02,bb505898-cdd5-4c4e-9ea1-301ff6a4b981,ec7d9da7-9286-4c01-98ce-3a10ec231612,1,1,1.988575589320033,0.5294607028502704
b0f1101e-e8e5-45f6-ba9d-20c218bb10fb,2024,2023-12-02,7048a12e-ec8b-4bf0-a475-1316775a4964,824aff8d-6409-4191-9ffa-e2daa335b7e1,30,1,21.366609140846816,0.9856888719874516
b3129b66-fbb5-4106-9237-af022ae9e0d3,2024,2023-12-02,89949731-8bb3-45c7-a6f6-798934261b61,dcf85f3b-a79b-4a61-9cd9-d6a90541bf3f,1,1,8.823682005945345,0.8217746513616682
b427ea9c-46eb-4218-b31f-041d8a092902,2024,2023-12-02,4e6747c9-6a64-4fc5-b96c-e38ea635f22c,7ca95dca-8ca9-42a6-b9a5-307d339df9b7,-5,0,3.3032429547056235,0.6457646049728665
b430d34a-67f8-48a5-8e26-486e12778fca,2024,2023-12-02,cc07b31b-464b-4cb9-89d2-ac26ffe3e5f4,48a6c30c-21c1-4d12-ac7f-590a1fdb0238,5,1,4.351547700783427,0.7249398064375817
b7eaa1fd-c8c4-4221-94de-76bbf68e6684,2024,2023-12-02,c0dfc734-0d40-4cba-86b5-fb2ad5c73da1,3d25723a-661f-48c9-9c5f-db713077997a,12,1,-1.2071197612169893,0.48150676713585916
b8d5f8e5-b74c-45f6-acaa-ac85258f0c55,2024,2023-12-02,8fce643e-75f7-4242-b565-2a4818e1eeba,9be057a5-becb-47b1-b84f-041147698411,9,1,5.294422008228645,0.6956649109418587
bd3503f6-fc2f-431c-986b-609b5914fc32,2024,2023-12-02,d0ec4581-205d-4391-a765-06ee8de241d9,993f004a-13e0-4079-8706-332aafab29c2,6,1,17.13068815401333,0.946227203946596
bdcaf12b-dc16-42de-9d4c-f07f47a74499,2024,2023-12-02,f9a8f2d4-c836-4b2d-a4f9-47f73b8c033a,cb1440b2-adac-4775-96c8-c4f00641d353,10,1,11.055243567691132,0.868621683159403
c249b09f-8624-4c53-80ac-a230adb93a19,2024,2023-12-02,09fca7ef-baed-4af0-a553-465ae1160049,30a1a9be-60b7-4afa-9dcf-92694c2703d1,27,1,19.369981399082334,0.9665845778110365
cc961386-800a-411a-b9d5-1ce260aec4b8,2024,2023-12-02,2c8d46b6-8e8e-4229-85a4-0713fe1c6c4f,730db31e-4fab-472d-bf25-7b882deff0b7,11,1,13.185786038666448,0.9506469740545076
d0d95260-cee3-472b-a9a4-7e001788e4a4,2024,2023-12-02,e42183ad-b44a-4746-8c0b-148ad61bab43,a4f24556-d2b0-4bc3-bd21-758340750c58,10,1,5.279707403445571,0.7235541597848957
d209daaa-24fe-4201-bba2-e57315422774,2024,2023-12-02,8a753611-1c3e-422d-8c6c-5721763b5574,f93c4c92-e869-45e6-8970-2a02d80141c9,13,1,9.624218622818113,0.8445269433277581
d623eba0-231f-4fb0-9d4c-33ebd14b1ea3,2024,2023-12-02,99b16ea6-899f-484c-8a9d-b2b5bb872d9d,9a06c3a5-a344-48e1-942e-a22438b842ec,4,1,-0.9740719249053856,0.43049479048197836
d81542f1-119b-4b00-a6d2-527a6647c7f9,2024,2023-12-02,5052a2f3-f41f-41e4-a681-c6277fec0404,ea78667c-bf16-4084-80cc-2ab61a0e05d5,8,1,15.664186156880465,0.9300320614881503
db5eefd6-a006-4bc9-8855-7d21939db16a,2024,2023-12-02,51a31921-d3f2-4514-821c-23df38e74559,c51998cc-ad65-43ec-88c6-a0f160ff7902,22,1,6.647921766135953,0.7698809518969263
dc608696-c246-49b0-82de-9a081b485a52,2024,2023-12-02,d74a1fb4-3afe-43b0-9bd1-7e0552ba73ed,48fce6fa-2dd6-4fad-b5ca-cf5cccdc3fa1,-2,0,15.409819611029409,0.9392396183677929
e29aa702-a04c-40ae-a0f5-2a096727b14d,2024,2023-12-02,a839c106-a16a-49d3-a86e-aa5e068b76cd,0b751b74-e572-43a0-b324-54eeefac4d5f,19,1,17.665803015460373,0.9704859169388218
e2f4f2e3-6440-4692-b033-0e6663bb4819,2024,2023-12-02,85effc0b-7382-452e-904d-22a52433ccb5,1d3cac70-c7f5-47ea-bb26-00ba78e1acbd,2,1,-4.175144900151407,0.4651631524845804
e5707ed1-7576-49c0-9380-0eb5976a3dde,2024,2023-12-02,cd57c823-e9d8-49c1-bbe2-af9da08499bc,4d3124e9-6470-49c6-8f2f-806813c60883,-3,0,1.8763578684263136,0.5377774318365344
e5a0d19c-57a6-4f56-b77a-92f16b25aec1,2024,2023-12-02,0c2a9ebe-8c6a-44ec-8643-1dbac7642ab9,493c2e9c-ef36-4b2a-8a7e-32c890e85a4d,13,1,12.094068456154035,0.9062107671248156
e9fecea1-dfe8-48e0-8238-28be878596ac,2024,2023-12-02,47b967e4-0689-4d1c-863b-9d82c6ffbfcd,19b40071-00ca-4d8a-8188-a03d635e9811,39,1,11.12400263606745,0.8701242890992558
ea5d1c09-b47f-4c24-9718-2b408dce2ce8,2024,2023-12-02,8cd2a215-aea9-48bb-babb-e5d8cf0cb9fd,1cabfd4b-0114-490e-8d0f-1257cd7f0ae1,-2,0,-6.411225909093116,0.22539123042885967
ea9c6420-ac45-417b-9d39-41d6b109a229,2024,2023-12-02,b80e54ae-3b74-40f3-9954-a1b0805cd1e8,312cd404-9fa4-4f04-b8b0-cfed95e31398,10,1,18.35656128375819,0.9609550949149728
ed0b3a07-eb8f-4b84-99db-16f4010cf13e,2024,2023-12-02,c2629a38-b5d1-44e7-9a32-8fb51cc9a116,2aed7aac-f38b-4fae-84ae-9e9c9ac71a3f,-21,0,2.1783936168368654,0.5792713867220668
f00e919b-3d59-40fa-9c0e-4044018c5606,2024,2023-12-02,268a2907-58d0-4693-98bb-a6cecdae1c63,3bdd846d-463f-4ddf-8719-13ed1e3f2634,-1,0,4.748696865225112,0.6615006916834218
f3152377-ae12-4a12-907a-b4b4fb2c11f5,2024,2023-12-02,b4c9b613-0bc6-4295-b293-3b56c2020f1b,15de2bd3-69fa-45a8-b95c-4d5e91232ab9,15,1,13.981526378984162,0.939687881543868
f7d263ee-f3e7-4936-bd95-5c84a4885d9f,2024,2023-12-02,f916ec1a-cf31-4b3a-9d55-a8bdefbea199,df1d6c5c-77eb-4d21-b5dc-6cd579f74d2b,9,1,9.555766586558057,0.855585432824128
059eb910-b0fc-499a-bf4d-078b64434cd9,2024,2023-12-03,644a0213-9ca5-4238-af33-7c8ed45fc88b,2f522e9f-f586-4f8b-816f-a83d9e6231fa,10,1,6.691930590373304,0.807717131062745
0c1ac8e4-7adf-4fcb-b1ca-db154b885d54,2024,2023-12-03,d7b7310f-6983-4a09-bb56-fda96e9f761d,546e1911-9caa-499e-92f4-afa9c6b1e8c2,43,1,21.33106797892769,0.9851555433335433
18eba772-c37b-4cda-a3d7-67a738c228de,2024,2023-12-03,e6b0799b-abce-441c-929c-964306f8fc27,58617cc8-94d5-4f69-a677-9ab4cdc52a33,-2,0,0.12360054521904676,0.5340272336870365
424a6c56-a57d-4e95-bf8f-7860306c966a,2024,2023-12-03,6eb0ebaa-8c99-466d-8fad-68b897f2a9e2,371811fe-0533-4539-97b1-b56f642d0fd9,20,1,8.941653723640922,0.8268262687451357
4cc6a3e0-b972-4f88-b676-307e396f3c2a,2024,2023-12-03,6068f6c0-7e92-4dc4-9da8-1bfbdb60cf2c,3a30d561-24be-4bfa-8d8d-75e645c4ad5f,-29,0,-3.2671134308513894,0.38821316913767306
524d5ffa-14c1-4526-992e-609ec9172fdc,2024,2023-12-03,5f480384-0cfc-4e90-837d-db9cc8d292dd,c79306a4-5139-4f8b-8b55-21b42e22858f,6,1,3.073388119167239,0.6759018202151116
54b614cf-22d1-4c9e-9850-aa9199a14eb2,2024,2023-12-03,5368fba0-1d0f-4310-9dea-c25c58762dd1,67505072-f35a-493d-a160-8e6292da33f5,-8,0,6.095114610063493,0.7107553492735214
563f5266-f8d8-42d8-8819-15cea7af49cd,2024,2023-12-03,c58166c3-f02a-4e33-9fd0-9fa7b0711d94,8ae6c27f-063b-4e7b-bbfb-653f496560d6,11,1,3.687212569393592,0.6234485016348204
57439c78-1c26-45ee-b618-f2c4df823123,2024,2023-12-03,73a80df0-15db-447f-b97c-418cc82a508d,6cc29af2-0d45-4399-b571-caa43e20e554,-2,0,10.467852376394022,0.8507169528452129
5874ee0f-f718-40f4-90d8-9ea83bc2c4b3,2024,2023-12-03,9b465025-fe2a-4233-b24e-310dbccdf4ed,58bacfff-257f-4f54-bb05-241bd6353626,-7,0,-2.972752299803685,0.3689377023007075
5c961398-bd57-4950-9498-c2b2737a417d,2024,2023-12-03,7f15159e-f7a6-4016-869b-962879f5c296,125fc4dc-8f42-45a8-b23a-3e50f4620499,11,1,-2.380394659177463,0.3889664865607448
5cef28fe-20b3-48c4-8882-d2642b90c30b,2024,2023-12-03,7293bb2a-8d08-4752-b00d-104a80da0371,00aed6ff-2151-4d45-8b3c-776ebb0a51da,-34,0,-3.2169371229204304,0.2856564273282004
61f6e2b4-d29d-453b-be7c-28f964519a69,2024,2023-12-03,409dd213-f612-4ab7-a0ae-8060dd9a6ef4,db374003-37d9-4d61-a3f3-7abec141d33d,25,1,22.29316625621167,0.9885365041537784
717737cf-127f-4319-bf37-0a2f9fe130e0,2024,2023-12-03,7f63e419-1d15-4c08-84b6-dc393ca0146a,e9813fa7-c976-4ad4-a455-2f05235e93cf,10,1,4.801570054781016,0.692661224202559
8711c29b-323b-4cc9-81a1-29b08517d827,2024,2023-12-03,31108a77-31cf-4228-9c6c-3a9665e9e17a,45959b35-f1e9-462f-aecf-565395a6fb6d,-22,0,4.372762497215681,0.6739799682305481
87333f4d-c0f7-4a7b-b7f9-3f4d6c563832,2024,2023-12-03,cf6e9037-e27d-43e2-bbd6-6583598ce383,f9c26112-b1ea-411e-b273-e74e8ce3f1ff,23,1,3.517974623298304,0.4893498879801324
89d24fa2-ed4f-446e-bcac-295c5a39ccb6,2024,2023-12-03,ef75db17-4afb-4e3b-a928-30e871ec130c,5bd874c9-de44-4954-a4f6-428ed3fde8a6,4,1,2.008687005537948,0.6768022263013007
90534b97-a495-4e58-8970-5805cde28385,2024,2023-12-03,e8e72618-33f8-4013-8305-43775a278752,63627b20-aa4c-4e0d-bcfc-40a5fe150e8a,37,1,20.31893478641385,0.9890854939308643
92948954-16ac-4052-951a-70160f01d6b3,2024,2023-12-03,bba8eb68-9989-447a-90b4-27c8d0d32bd1,fd495afa-fc22-4081-905c-24f40ff2656c,7,1,13.196947837869512,0.9283480110532155
99ddd7c5-fe6c-4633-b314-dc3f7c4a92ae,2024,2023-12-03,fc7ccbd1-42ce-4200-b33b-0f8f3de48473,791eb121-5f34-499b-a1ff-469bc9007fe7,7,1,7.802431480259183,0.8180236049814672
9f2ad510-f6db-4897-b7da-446a14d6758a,2024,2023-12-03,eaac3de1-dd32-49d9-abe3-f56bbff80cde,dac01aea-9f35-463a-9dce-75d4575160dd,5,1,-7.810062529393002,0.23236160734396388
ab9efda3-dedb-4c82-92ef-cb419035e763,2024,2023-12-03,550c3333-8e82-49d4-b9c6-ae13db14a84f,2408f22b-e753-4c5a-9353-be75a4fb2164,10,1,6.794238536312507,0.7343498742887314
b71249e0-dd77-409f-8ef5-9b0b873678e5,2024,2023-12-03,f6d188d9-c992-4de8-801d-4995b25abaae,0c8ee784-d7e9-4ac4-b0c7-3ca89567c515,-7,0,1.3752281446645669,0.5252619135767324
c42fe5a0-d94f-4071-9e60-c0d5f944f04f,2024,2023-12-03,91d935fa-7d8c-41e7-a184-72c0f770d10c,fd42047c-b7c6-4dbe-93e7-69cfd125995c,32,1,18.30063008081546,0.9816620493250501
c6cb9208-b996-4995-af46-97f4c9ca45fa,2024,2023-12-03,2f0bd8d9-4435-45ed-9efe-045f835c15a8,25912c1a-f2be-4c07-857a-5eef6aadebda,-9,0,-2.5032836196573727,0.4364090636997072
c7619bf6-fea9-4be6-90fa-564c16280496,2024,2023-12-03,5320f527-fbbd-4bb0-80d3-0de759475d59,00b63e00-850e-4b09-b660-a5e698f46b61,-2,0,0.6312951062034136,0.5210923928018465
db1ef120-ac26-4009-a6f5-6628cd65ea04,2024,2023-12-03,6b296d7f-de88-4a16-8a22-b28077a669c4,8ce6b3fb-8bb0-49b5-acaa-caed76d542d7,19,1,12.638367471876458,0.9122846805346639
e5dfc332-1cbf-4282-a8f9-3239b1a48aad,2024,2023-12-03,82ee0a8d-e51c-4a87-bd7b-72707ec8b342,d8e747fb-453e-4894-9a8f-08598fead336,14,1,12.997017778380025,0.9191167517035168
e6e3599c-0ab1-452c-bb9e-03e6188f02f4,2024,2023-12-03,312a943b-3a6a-4f8e-96a3-02cf6ff38b41,28e39e04-5ba3-41eb-808c-3ab653c2ef06,23,1,10.061926485769083,0.8655773409735439
f75a91e7-f78e-4b09-ba21-32ede8a78e3c,2024,2023-12-03,8e26bcb3-616b-4c7c-a709-bf30d2ddce41,f73ebf9c-90d9-4d66-b403-056ea4ea6b30,9,1,0.6381764002389126,0.5985459500643485
1ed0dcab-ea7d-4e5b-b649-40db420c1f64,2024,2023-12-04,cd369794-6765-4889-bd1c-89869447620b,101749c8-ec05-4370-a95b-47f56c433623,19,1,16.035239556649625,0.9683526406654043
420ca6a6-2683-4f0e-a5a7-5d7d82f4cdaf,2024,2023-12-04,bfd4c500-09b6-46ba-81ae-48b13f8345ff,638757a6-508b-49af-b5d8-661c0059c04c,24,1,20.176917454932944,0.9778251919813526
523a4acc-f5b2-4eb1-be26-16a9b098c27b,2024,2023-12-04,dd1136c6-9974-4186-b206-7e24f2bf7dc3,dcf85f3b-a79b-4a61-9cd9-d6a90541bf3f,14,1,8.171399157679145,0.6985678200593037
5ef3b641-be9b-4192-9e03-fba02e936892,2024,2023-12-04,45e40bdf-5c84-42ca-84d2-a823db0b6609,5091ac5b-fcb1-423a-9cf2-0981de634633,7,1,15.819230488813112,0.9411496603271836
be816e64-3d0e-4f12-a16e-ddf1243f4a85,2024,2023-12-04,8af88029-6520-4f85-a99b-0f10d820a167,f1c92057-9fa5-4bdd-b404-96dd624192b3,11,1,17.474264547717155,0.9759633478166737
fe3de5fb-7eff-4734-9c9d-6100b44210f2,2024,2023-12-04,7af1094c-c99d-43dd-b41a-1b72a81abfb3,dfdc9d0d-4a83-4244-9c07-9b3660ba4f6f,5,1,2.7409482554408395,0.5576055442602582
04219772-be60-46a1-aed5-e89140f8e55b,2024,2023-12-05,4a01023d-3637-4ac5-bf1f-37c08b2438a5,5052a2f3-f41f-41e4-a681-c6277fec0404,11,1,9.752430152654352,0.8448617730023203
257a6da4-860e-4ebe-a768-5d9f794211e4,2024,2023-12-05,717f3cf5-bc65-4a66-8f05-191decfbf380,b6c9db49-45a1-4d98-9a80-dbbe19471992,35,1,32.32905979834554,0.9899584074392329
3d14648b-7ec4-4633-ab08-9ac23d516b26,2024,2023-12-05,0b9bc135-badd-4fc9-b7bc-bebccb08cbf1,2493388c-6fee-41f1-90b0-e82a447a607a,2,1,18.09257385484058,0.9576967412521303
41eba6d2-af62-479a-82e7-28824555b057,2024,2023-12-05,b20b957b-b406-4f6d-8f7a-2f88e3b49bd5,324e37b8-f52e-449b-909c-366c81488fea,-9,0,3.984264838784311,0.680876021566937
4840bb67-72c7-4fa0-9a2b-23fe71a3d88d,2024,2023-12-05,a2069f0f-fd2c-4971-b3da-6ba010532fcf,113341aa-9630-4951-b161-71419ed62dbc,6,1,9.526839386144244,0.8612382999908049
4c895f29-1262-49c9-9562-a57f79921661,2024,2023-12-05,9cde2e64-799a-42f1-84dc-71779b1219f5,b2d5fddd-b407-4fe6-9d70-e921ab7b7e1a,9,1,5.945658173142522,0.670791724223216
50b6fbd7-020b-4968-8253-d30a5ad69897,2024,2023-12-05,f73ebf9c-90d9-4d66-b403-056ea4ea6b30,63eb578d-eef3-448b-b0ab-b4892ef058e0,11,1,7.471101438218363,0.8305323394171533
5de8f900-c6dd-4c4c-b494-e16b0643b00e,2024,2023-12-05,2e49ce6d-63ef-45d9-9048-67fcdb01a46f,c840b153-1401-4ebc-9549-e027df3cc7e1,21,1,14.644027490854052,0.9369917427886704
5f51ccbe-ee31-4260-9c97-39a74062913c,2024,2023-12-05,49f72498-1bbd-48b1-87b9-cc90196e205a,af6bf0c9-2e1e-4334-8982-93f14a35af57,15,1,-3.3710094011836724,0.32997987068835544
6c8839e8-179b-4028-8c06-e5e1e281ce94,2024,2023-12-05,a4bc2fe7-4083-4c33-bce5-6cac3e161a7f,5cae196d-fd0c-4944-8120-41d5abecb290,5,1,9.048912595020095,0.7742393301879485
6edffac8-d7d0-412a-86ce-5ea542aecd02,2024,2023-12-05,2f2d6799-40af-4256-9dd9-412be50aa14f,05aedf2a-3424-4acc-9537-4d52dccd6e02,30,1,10.928922785975328,0.9038579228679958
7bf807ae-f73f-4f34-8bff-9e77b46c53d6,2024,2023-12-05,529e7dc4-6b55-487c-84b3-598dd9941301,85effc0b-7382-452e-904d-22a52433ccb5,41,1,17.248966758291484,0.9475708795794406
7cadf1c4-d183-4592-a917-1a304d9e2354,2024,2023-12-05,7ca95dca-8ca9-42a6-b9a5-307d339df9b7,0c2a9ebe-8c6a-44ec-8643-1dbac7642ab9,-7,0,-4.340691924032148,0.3373091526267424
7d6e4b5a-ec5a-404b-bdf9-283580f32e66,2024,2023-12-05,74434c65-ac07-4a97-9998-737791311fb1,bf4f25da-dd8b-44d4-a4b7-4671b3c37db9,-23,0,-12.57906856120845,0.054166734102167574
81a7218d-bed1-4356-a05e-cfe88e03ce91,2024,2023-12-05,1394e3ce-706d-4097-9aaf-cad5d38aa5a0,b7f069ed-b9be-4147-b87e-fe1bef8386b4,-3,0,1.0044690127796096,0.46554541101869007
86fb137f-400c-4f85-8089-4694f3f981f7,2024,2023-12-05,48a6c30c-21c1-4d12-ac7f-590a1fdb0238,df2a7293-fc74-4f81-a93d-98c8989ea725,24,1,17.615580707012484,0.9565061325696503
8994fe2e-6dd7-4aea-b8f2-55ef692dbb33,2024,2023-12-05,58113924-4aef-47a7-a675-cddc9e355cd5,ede9d6c2-b888-41b7-8674-8638c41d2034,21,1,4.641624085868791,0.7428288552789482
8c23ce3e-94b3-4d38-9ffa-7a6b7884ef2f,2024,2023-12-05,db9d85a6-59a4-47ff-a287-b40442bf460b,00a52b15-70b5-47b1-86c6-8e30652728c0,11,1,-2.7759414543775938,0.38830287851365486
925cbd59-ae26-427b-a52f-31c368598a1a,2024,2023-12-05,7747d9fc-9e15-4b0f-911e-ba64828748ed,97bd823e-8c6e-4942-a5ca-735b3a45ebbc,40,1,35.58339268901934,0.9916459634473903
92c50bcb-f4e0-4226-a72b-b44bd6cf15b1,2024,2023-12-05,3d25723a-661f-48c9-9c5f-db713077997a,d0cd742d-b4e6-4f30-88f0-872c2ac1e51f,16,1,5.0162033014057865,0.625492246928763
93eebc74-fcf0-42f5-86ef-cbea7d2a6910,2024,2023-12-05,65cf0d8a-0a5f-4572-8516-53809f66ba44,f5583f43-2ae1-4834-b364-107222763dde,14,1,17.467124263730458,0.9741891308022247
9411133b-1901-495a-b40d-fd63d83125aa,2024,2023-12-05,439b6cee-3be6-4471-bddf-f7cb8c69cc85,cd9eea44-8a6c-4bd4-ad4d-74e461fdefd3,-13,0,3.050767532308399,0.6884848600505323
957263fe-21bd-466f-907a-3fe18ab1d9e4,2024,2023-12-05,887d2364-968e-43c5-83af-c227595022bd,910d4e59-d8d0-4fdc-8a9d-02616c97414d,17,1,-5.361333640362674,0.28921088001176903
9b5af5f6-1eef-4bbc-9d25-45d56f3ee735,2024,2023-12-05,da6b8f1b-a85b-4303-8500-c640c0d3132f,44e2611c-d02d-4019-b2f5-da0e4ad35df1,3,1,-1.6904504820834172,0.3555794616938262
9f3c351c-499f-4f1e-a9ff-7f9c5ff8e750,2024,2023-12-05,1ac84e49-be83-4e9a-b4a7-0fb0b7465b32,95466c2d-a184-48f8-849c-d6957bd1df52,18,1,3.197427476080086,0.6272947167795487
a41f427c-a20d-4df7-8323-46eda6853cd4,2024,2023-12-05,c51998cc-ad65-43ec-88c6-a0f160ff7902,e250c58f-f6a5-4da7-aff3-c6770b9a14da,11,1,3.094629071737194,0.5485277162792805
b1cfcfe7-2bec-4db0-bb4b-822d3b5d88fe,2024,2023-12-05,51a31921-d3f2-4514-821c-23df38e74559,cd57c823-e9d8-49c1-bbe2-af9da08499bc,30,1,22.743026594539323,0.9862562928957395
b27f7da1-fe86-4c71-8460-a2ce35f6cfa6,2024,2023-12-05,424f7a7a-158f-4ad0-adb1-4b3ebe25b11e,2518e2c1-28b1-472d-9fdd-5d97d9f1ea99,13,1,28.989778740328145,0.9914670322622229
be76542f-1551-48b4-aab8-490bd9b74e5d,2024,2023-12-05,2dc64ab1-cde8-49d4-a343-298600450708,f9c26112-b1ea-411e-b273-e74e8ce3f1ff,23,1,5.6737699067412715,0.7804158253207772
c2bb64f2-24ad-4f51-9503-0b6a7de65a2c,2024,2023-12-05,4c073afb-cc2c-4ed2-bd8f-2f545ae1bea5,2b1a3f03-7d93-471b-be12-d487164eae0f,1,1,-4.150956469939386,0.38409965051659944
c377c5ff-3882-4034-b6c9-4d55b30e03d4,2024,2023-12-05,384d8319-2770-4b9a-bb32-bd4da034d104,91d935fa-7d8c-41e7-a184-72c0f770d10c,9,1,11.474476233586039,0.9258265855371388
c5d53a3d-e759-463b-84cd-ef73891f3664,2024,2023-12-05,1b0dd005-3190-4ca9-b74d-111343f2fce0,c58c3009-46ec-43bd-b27b-b0d683ab2cad,19,1,18.91691392285685,0.9693259111050145
c718237a-98a6-489f-b506-9202715fd20d,2024,2023-12-05,3457262b-c7da-4834-a20d-ad6be302a671,22ae415e-1335-4b89-a126-bbc7a1d7901e,26,1,1.6857007973077829,0.49802593074011114
c7b62baf-5618-4041-8117-ccc482e3fc3c,2024,2023-12-05,1c1c3846-4bad-48b3-b8be-dba7d24af981,d0ec4581-205d-4391-a765-06ee8de241d9,12,1,3.351179683006443,0.5877987184262995
cd91d1e3-03ee-4fef-a225-7cf3cf5cd295,2024,2023-12-05,f162ea30-6b86-48f3-bdc5-48c97448256c,a66213c2-5ad6-4d77-a7ec-85700a223ed1,6,1,-2.0112160818942515,0.439181235536676
d38fe007-ff1a-4cce-b0d8-906936d3b448,2024,2023-12-05,632ba9bb-afd9-4b5c-9c3b-4e60816c8e4f,312a943b-3a6a-4f8e-96a3-02cf6ff38b41,2,1,10.415243349333132,0.9024185336434605
dce503b6-05e1-48a9-a929-c65584458858,2024,2023-12-05,89949731-8bb3-45c7-a6f6-798934261b61,dbfecb75-86bd-4650-9fc0-4d85eaeabbbf,11,1,11.202826014372743,0.8741021382315656
e034268a-6284-4321-abf5-24dedce0da8c,2024,2023-12-05,da6142ab-a5fa-48a0-b6ec-864a8119be75,696e6eb5-b8dd-4d44-8780-1e6c678615bd,13,1,27.810810999395468,0.984722572087799
e04b57c5-dbca-46a9-ac67-798926def846,2024,2023-12-05,350fe1ba-284f-4709-8cdd-3f745fcff0f8,d7bc8ff0-3522-40a8-8309-346e8b4cf9be,-7,0,12.215558328533385,0.903524354931834
e73b3850-8b8b-4dfa-bf4e-faab90241757,2024,2023-12-05,25f32a40-1a9b-47e3-ab20-74659cba9520,5ace87dd-23fb-4317-bc7f-8d80556ae6b4,14,1,9.234793562319533,0.8111828601451755
eda6650b-0fc3-452e-9174-ddd79cc5d8d3,2024,2023-12-05,47b967e4-0689-4d1c-863b-9d82c6ffbfcd,9c1431a3-21c9-46c9-8335-1b85a6022223,2,1,-2.1070720667438376,0.4474094275213916
f9c8cf8d-e3d6-48f1-9f77-ab3b548fc4e6,2024,2023-12-05,dedb6ed5-06d8-4ba6-a1cc-e3134a2c7937,2ed44d95-e306-4823-a4c3-196ffb777766,4,1,-0.8592034154021948,0.4458944468133915
fe3cf958-949b-4731-828b-121e2b95910b,2024,2023-12-05,6d3e1830-dbbe-4e70-b7e9-1eb765f0acf8,14393a14-3128-4184-bf05-72f6bf2a357b,20,1,17.490124324699675,0.9702653036985545
016d1dee-f6fd-4bf7-a2d7-8bed1b337670,2024,2023-12-06,abad6a22-9569-47ad-9945-a6ad9345c30f,19b40071-00ca-4d8a-8188-a03d635e9811,6,1,20.069669209832615,0.9617148726031883
01814cb8-0141-4b1e-9865-727119ad08c3,2024,2023-12-06,25912c1a-f2be-4c07-857a-5eef6aadebda,115916ea-f145-4974-a257-5bb24f7c1ccc,5,1,9.49529419544895,0.8482618198017167
03a6a5d1-6edc-43b7-9adc-937677cc53db,2024,2023-12-06,57144631-7473-4b46-a437-8e2d8c760f87,8ae6c27f-063b-4e7b-bbfb-653f496560d6,-3,0,2.567263265270669,0.6299080670333964
0ee7549a-431e-4441-bbe7-08d76ce66251,2024,2023-12-06,64c5c3a9-f1f6-4f48-b571-1de27621f06c,853125a0-ce88-45ba-9815-9387fac3d278,19,1,9.080463819771117,0.8470747468655963
10c2000c-642b-4a0b-a6c1-9f8f9fb6b2e3,2024,2023-12-06,52739295-a20d-42ea-b09c-a1e17be40d02,76748a8f-7de8-46dc-b80c-a1a7fbcb84ea,-15,0,4.09095385567534,0.6573587062728941
1de0833e-e65b-4575-aea5-73c806e833c3,2024,2023-12-06,7f15159e-f7a6-4016-869b-962879f5c296,d7b7310f-6983-4a09-bb56-fda96e9f761d,2,1,-0.7950944675421295,0.49813153701134727
24add91e-0e7b-4b96-99c7-859a5050ad2e,2024,2023-12-06,0b751b74-e572-43a0-b324-54eeefac4d5f,f93c4c92-e869-45e6-8970-2a02d80141c9,5,1,9.166974947369031,0.7508217985816282
3373d652-6674-44dc-aa57-9a9945df9e0d,2024,2023-12-06,ef75db17-4afb-4e3b-a928-30e871ec130c,9341db15-6a24-4506-804b-e37983918ab9,3,1,0.8810205841186454,0.5931536418336174
37fd1599-4904-462f-92ed-49657c8f2e8f,2024,2023-12-06,cc07b31b-464b-4cb9-89d2-ac26ffe3e5f4,2acb9682-4dbf-4e25-82b3-0124cb5c07cc,10,1,24.509605322775347,0.9844732959867168
430ef71e-772b-4026-9ee4-9b94369425c5,2024,2023-12-06,a64af70e-61a8-4777-8e8d-9a7815f78f3e,6474358a-819c-42e6-92d7-0fd3ce20d239,-5,0,-2.511320783643903,0.3941899973715902
45c7a128-53ee-43f5-8fd5-4b3c2bc76e7f,2024,2023-12-06,60ee2d19-003f-4603-a2ad-838b3e6d6cc0,e51fb2de-db51-4fbd-ab63-2a069c126779,21,1,9.702743415873096,0.8453593406604504
4a303f9b-ca75-40c3-be7d-55fcd7c9f065,2024,2023-12-06,fd42047c-b7c6-4dbe-93e7-69cfd125995c,eddc4725-b4b2-4442-b2af-8853210d0e96,-16,0,-16.104501921010986,0.04106539346711297
4f83e05c-9783-4127-a3d4-64307dc61b61,2024,2023-12-06,6c5c20e6-a076-4fbd-b77d-61a1c7a3c5a4,c3681649-6e1d-4bf8-9b47-1d2868dca3e9,4,1,4.028406572050696,0.645462861262675
5338abb4-e218-4cb0-86f6-7221a681f353,2024,2023-12-06,ec7d9da7-9286-4c01-98ce-3a10ec231612,0c8ee784-d7e9-4ac4-b0c7-3ca89567c515,-4,0,10.547678060510863,0.8570463783915762
55948f49-597e-43f3-974e-55d5fb57867d,2024,2023-12-06,9b465025-fe2a-4233-b24e-310dbccdf4ed,4e9aa968-9ad5-4833-b9a5-7d89b35976d4,-34,0,-7.201286843486017,0.21660583892870694
5f88e678-fe96-4efc-ae92-822a4c1f133a,2024,2023-12-06,b1cbdf0c-474e-4b52-ae02-f856ceda214b,686413d2-e94d-497d-a87d-ab911ac38ec7,9,1,0.5222554268460353,0.48473505240687664
71626c4b-78c8-47b0-9d4e-1f4b3d8d78d5,2024,2023-12-06,e72d1807-6463-450b-b561-c3727b286584,e5bf7042-0036-4e9d-81f3-3126a9675ce0,29,1,20.719363931515982,0.9834921202169868
76955045-60ab-47f4-b31f-e1db4b125c99,2024,2023-12-06,da828fff-cee9-4151-bc4d-983ee436f573,15de2bd3-69fa-45a8-b95c-4d5e91232ab9,1,1,8.408534182322596,0.8503966367837514
77018bac-2570-4952-9905-939c49fd3f2d,2024,2023-12-06,adf7b22e-19a9-437e-ade2-833bb31da77c,375514f8-f93e-4eec-ae0b-6615ec954e45,-21,0,5.377000321045585,0.6664420720087791
79df3ada-0c7f-481e-afbe-6cbbca2da07e,2024,2023-12-06,e7f5f157-7a33-43ad-8282-59e1c4ad9b25,c2629a38-b5d1-44e7-9a32-8fb51cc9a116,35,1,28.831857592075426,0.9889529863658949
7b5ed681-b911-44b6-978f-fb4b6113a4b6,2024,2023-12-06,f18598d0-e0e1-4f15-95f2-e11df8bc3126,29fcbb70-fa3c-4806-8768-15b5ec4a8449,12,1,9.525477764306714,0.835094064634752
824012a2-ed1f-4b22-8d6b-91570eac687b,2024,2023-12-06,35d0a28f-e3d7-43ca-90cc-daaf0b7c278e,d74a1fb4-3afe-43b0-9bd1-7e0552ba73ed,16,1,13.473230015202892,0.9294507607461943
833e741b-8e91-474b-a163-cfe0c3021c5e,2024,2023-12-06,28e39e04-5ba3-41eb-808c-3ab653c2ef06,3bdd846d-463f-4ddf-8719-13ed1e3f2634,-3,0,-8.105398615021894,0.1788601073531674
844838cb-4f42-47b0-85fa-f018114e0c2c,2024,2023-12-06,5368fba0-1d0f-4310-9dea-c25c58762dd1,88fe7301-2d1a-43f9-ba01-e8f7795634b5,-3,0,23.70253903889168,0.9814931873270185
85481bab-ddcb-49d7-8154-218fff01babd,2024,2023-12-06,644a0213-9ca5-4238-af33-7c8ed45fc88b,2deaf391-9719-4c95-bb3c-acc6f8baba86,20,1,20.835361164998176,0.983278457989498
86e32568-7271-4b6e-871a-1c3867e9b9e5,2024,2023-12-06,9ccf2901-b49f-4aa3-8a4a-d59d017dfabc,2ba07bf8-0306-417b-b7fe-b2d29b7d0eb1,23,1,21.27775187925691,0.9860149098646154
89a8134f-40fb-4f69-999f-61302be7d18f,2024,2023-12-06,7da2e7c8-cee3-4ff4-be74-58d324c5ff71,1acd2c41-6945-469b-b33f-3c7b30f8359b,4,1,9.952343266805059,0.8026756623634599
8a91f84b-37e2-4f27-a48b-12259ddc2767,2024,2023-12-06,8cd2a215-aea9-48bb-babb-e5d8cf0cb9fd,8925b65e-4ce2-4ec3-b501-c0075fe06b52,-13,0,-7.446980756409009,0.18346613800369216
92f420c7-1bca-4fb2-83ca-d0d1c5fed338,2024,2023-12-06,2f522e9f-f586-4f8b-816f-a83d9e6231fa,6068f6c0-7e92-4dc4-9da8-1bfbdb60cf2c,11,1,0.1239080162576491,0.4555084868121039
96db5622-db25-4d35-a3b4-d8c93a9d648b,2024,2023-12-06,c71ebd72-5c90-41d5-b1fc-544e4695d9d0,4e9067f6-7760-4a2a-ba37-273c77915540,-5,0,3.5891847403518105,0.6121447405439527
9752fb40-53b5-4057-8522-bb6ddfcb9629,2024,2023-12-06,5320f527-fbbd-4bb0-80d3-0de759475d59,79bf464f-0d3a-4992-b310-86d2abbc2244,7,1,8.111300169335827,0.7712148042448925
985f8efc-0292-45cb-892b-a73500c4e7fc,2024,2023-12-06,401408f8-2ce4-4ef1-97c2-5a68c979ec7e,8e26bcb3-616b-4c7c-a709-bf30d2ddce41,12,1,-1.1879900288963248,0.42487901400253475
9e3bac4b-4be7-42b4-96a1-c3c04b6a029a,2024,2023-12-06,ad741e6f-e15e-4f4d-8350-9973fa99916e,9b6f0f32-d8f1-4921-aad2-a16c420f3183,25,1,25.744128495229884,0.989317977438193
a17c49bb-5a68-4344-82d3-e3215e2dd23e,2024,2023-12-06,b80e54ae-3b74-40f3-9954-a1b0805cd1e8,5f480384-0cfc-4e90-837d-db9cc8d292dd,37,1,20.027962712311393,0.9784912032648829
a4cb947e-c1d6-41c6-a125-708b84668c53,2024,2023-12-06,e06623a6-8f03-43b1-83f4-b653f6819ea2,125fc4dc-8f42-45a8-b23a-3e50f4620499,-13,0,-10.03293685147294,0.09058735080905739
ab581bbc-7adb-40e6-aebd-496a955aec2f,2024,2023-12-06,b4c9b613-0bc6-4295-b293-3b56c2020f1b,04119628-781b-40f9-ac7b-3c8fe82375cf,42,1,21.09651528072545,0.9841766195829418
b09dd44e-5009-4d14-991b-8ecc98df5429,2024,2023-12-06,e42183ad-b44a-4746-8c0b-148ad61bab43,ebf92b73-233d-4523-8429-ab00d5af1966,27,1,17.721749165028445,0.9570546817065548
c34a2a1e-17c1-4900-941a-72e81aebc177,2024,2023-12-06,16aca559-5828-43a9-ada9-f35f973f4863,8fce643e-75f7-4242-b565-2a4818e1eeba,-3,0,-0.19427474845331472,0.4872245051690693
c363004d-1494-46ff-98ec-c13b1d42d32e,2024,2023-12-06,7293bb2a-8d08-4752-b00d-104a80da0371,629710d8-479a-4efa-b5f3-d77767ddce70,12,1,-2.527799720882724,0.3921888063175395
c4a2f624-dafe-43c0-93a3-a7487085bbb7,2024,2023-12-06,73db7905-652b-4320-aac7-243f2f2f70a2,f1c92057-9fa5-4bdd-b404-96dd624192b3,32,1,30.58914889821668,0.9876696465772018
c5034897-f254-4cb6-91ae-b15e9015db03,2024,2023-12-06,2aed7aac-f38b-4fae-84ae-9e9c9ac71a3f,c58166c3-f02a-4e33-9fd0-9fa7b0711d94,-9,0,-1.2718519955437404,0.4451241948791757
c5be3fb5-0aff-4e32-8043-d3435e2964df,2024,2023-12-06,8a7ae133-e612-4f1b-911a-a72870f8b4d6,7d57c2ad-190c-4c1b-8987-ab2007a42023,1,1,11.857172919968239,0.9083892949290652
c5cc1ab4-3289-4e56-ba47-94685b2ccb82,2024,2023-12-06,f3cf8061-767a-4873-9e24-5cc4c9a6a1b0,ed50f577-3ab9-4627-80f9-bc931ee42370,-6,0,3.0242589049559916,0.6359973002181877
d0388928-6b63-4ec9-ab61-5cfc766fe10d,2024,2023-12-06,9d7f5648-4f47-4192-9d8d-78454c962bed,49c78722-1476-440a-9de1-896fb7b7db88,36,1,31.42502195924665,0.9902904464585016
d1cbc6c3-6774-4f7e-b171-c1f5f392fa40,2024,2023-12-06,26d69f75-49a0-4d07-968b-2b549e059c24,92b76481-ab53-4e96-a0ec-5f522c031417,-2,0,15.35017453959074,0.9164620235337817
da7ff3df-3d25-4960-8659-72be03a7d271,2024,2023-12-06,051d13dc-5152-426a-affd-0cf01ef80268,c0dfc734-0d40-4cba-86b5-fb2ad5c73da1,-3,0,5.471029578664917,0.6783876891616244
dd433374-1437-49fe-ad0c-99fc1a857952,2024,2023-12-06,8a753611-1c3e-422d-8c6c-5721763b5574,bb505898-cdd5-4c4e-9ea1-301ff6a4b981,-2,0,0.2226266180694252,0.44458756792180637
dde13cfb-4eef-4bd9-b6a7-1cf4ad194854,2024,2023-12-06,5fcb12dd-e3b1-4e57-ac30-33da456cd5db,2f0bd8d9-4435-45ed-9efe-045f835c15a8,-17,0,-3.8381330994768574,0.400353585058886
e4cffbd6-7883-4e09-a383-29f4f1b189f2,2024,2023-12-06,2851d469-fe75-448e-9d6b-4bde7ec96e06,cf2f7a41-56d5-4c2a-b4f4-fb9d1c933b22,48,1,27.536410454299997,0.9895089016483838
e4db1e6e-a963-4059-9680-4547cd964875,2024,2023-12-06,f48b0b87-86fe-4b7b-8bf3-9d541f495284,f245c41f-897e-4985-9153-43034bb26bfa,-13,0,-10.162616799711964,0.15364487735266233
fd35b3ab-0d12-47d0-afad-870ab3b5b113,2024,2023-12-06,1d3cac70-c7f5-47ea-bb26-00ba78e1acbd,a839c106-a16a-49d3-a86e-aa5e068b76cd,5,1,5.006339920925277,0.6748105630861597
1b731813-ec3d-43da-94fd-d4f0e4d5b5c2,2024,2023-12-07,33176e8c-5f9d-4bcb-8c56-9a0a5f7d7f1c,e12ab562-dd12-4b55-909f-669834d3d963,2,1,5.764365692735645,0.6757520965781197
6593cb67-5ad1-4f21-bf43-785f06099502,2024,2023-12-07,a7e91e1e-3644-4f3c-bda9-edddb9602a27,101749c8-ec05-4370-a95b-47f56c433623,25,1,14.435123039578281,0.9229773560519585
a6517f47-4933-4e36-b441-648ca21058e5,2024,2023-12-07,536cd39b-cd0d-40f5-8b6d-7a490d196262,2bb9930f-6a64-4fb0-8ae7-2d18cc4ceb5c,17,1,11.89828146296712,0.8892401430356216
af85f6e6-66a3-4e0b-b6a1-326d809ededf,2024,2023-12-07,8ce6b3fb-8bb0-49b5-acaa-caed76d542d7,ba033ab0-c07a-4b71-b7f4-243ae194d23b,4,1,-3.210237931213434,0.4718304729660137
c6746576-14e2-44f7-9c2c-de40677e19f2,2024,2023-12-07,7af1094c-c99d-43dd-b41a-1b72a81abfb3,31108a77-31cf-4228-9c6c-3a9665e9e17a,11,1,4.49513113742417,0.6702321387702839
27491884-d60c-47e9-aefa-c71a38e83bb8,2024,2023-12-08,f1cb5c3c-2ff5-444d-8c0d-5c1244f07909,887d2364-968e-43c5-83af-c227595022bd,6,1,13.425817891682302,0.9231173616780561
39c21038-b6a0-4c73-9377-f4c07ca0070f,2024,2023-12-08,58bacfff-257f-4f54-bb05-241bd6353626,312a943b-3a6a-4f8e-96a3-02cf6ff38b41,3,1,11.46096327209265,0.8835320283495655
64771628-dc0e-463a-8ea7-c4e6ce54da2e,2024,2023-12-08,f245c41f-897e-4985-9153-43034bb26bfa,00b63e00-850e-4b09-b660-a5e698f46b61,9,1,17.41713454486727,0.9623952062719564
80617ec1-877a-458f-9c70-778bb302ccc1,2024,2023-12-08,d8e747fb-453e-4894-9a8f-08598fead336,735ab24d-9a04-4ce0-aa11-f1cb2c1804f1,-5,0,0.4947400910060142,0.4907811304675627
a298221b-3fb2-4b72-a959-527ec885a213,2024,2023-12-08,4494a75c-3ddb-41cf-b75c-67fb9c0537c9,4eaf68c0-dd32-4705-8f2c-1c1dd2880a74,-14,0,-9.896931694590828,0.09511768894336281
a97da7e8-2243-4b26-8dd4-cfd6d8a24009,2024,2023-12-08,e6b0799b-abce-441c-929c-964306f8fc27,2df495e6-2f8b-487f-b13a-e76f3397df82,-6,0,3.111986806252363,0.6706942649214729
cc475978-0568-48b7-a466-6e51fe8ea39d,2024,2023-12-08,3457262b-c7da-4834-a20d-ad6be302a671,38cf12f8-b27f-4c69-8f14-254930816a8b,13,1,21.52684626498124,0.9892500029474971
00277305-cd43-48b3-8a35-2cb2bfd39b3d,2024,2023-12-09,0c2a9ebe-8c6a-44ec-8643-1dbac7642ab9,3e3e940b-dd81-42f3-88f8-4e988278be04,5,1,9.410805735597743,0.8464473462202989
00f332c6-ed5c-4ba6-bd2f-3c5552253918,2024,2023-12-09,cd369794-6765-4889-bd1c-89869447620b,bfd4c500-09b6-46ba-81ae-48b13f8345ff,6,1,6.743881479566691,0.7200013760966321
023c64fb-f001-4168-90ac-f2f827dcc019,2024,2023-12-09,4d3124e9-6470-49c6-8f2f-806813c60883,da6b8f1b-a85b-4303-8500-c640c0d3132f,-7,0,3.8791987212662544,0.688136689153696
0508f15c-2975-4042-a502-10eef6421bb3,2024,2023-12-09,717f3cf5-bc65-4a66-8f05-191decfbf380,f162ea30-6b86-48f3-bdc5-48c97448256c,-5,0,-2.0748417491270907,0.37107080725150376
0978d0b2-d960-41bd-8477-e935e696c7a4,2024,2023-12-09,adf7b22e-19a9-437e-ade2-833bb31da77c,3763fb9f-1ebe-4dbd-bfc9-6638b14a2a51,4,1,1.8744073415358022,0.6689013457113782
0b45e590-d8a3-4998-a154-2cb693252f7b,2024,2023-12-09,155c1dd9-ba93-42ee-a28c-238768724494,67505072-f35a-493d-a160-8e6292da33f5,30,1,11.044402142532517,0.8391904518567217
0e86212e-e4aa-493f-aa7a-930516e561d7,2024,2023-12-09,b1937cc6-0f34-4060-82ec-b2bfe4c05aad,910d4e59-d8d0-4fdc-8a9d-02616c97414d,12,1,0.6275454698996845,0.4861617691234558
15933a18-d211-485f-9ebd-7792b5207124,2024,2023-12-09,993f004a-13e0-4079-8706-332aafab29c2,c58c3009-46ec-43bd-b27b-b0d683ab2cad,-5,0,-10.996748536985528,0.14373974221474184
165b01e1-d29d-42dc-95ca-36fb145bd95d,2024,2023-12-09,7d57c2ad-190c-4c1b-8987-ab2007a42023,91d935fa-7d8c-41e7-a184-72c0f770d10c,-13,0,-5.389757608507431,0.3302959402891322
176ae1ac-c4ab-4a92-8b13-f4d111d11c6e,2024,2023-12-09,c58166c3-f02a-4e33-9fd0-9fa7b0711d94,f5583f43-2ae1-4834-b364-107222763dde,13,1,4.197740102658811,0.7077100550237865
1b5c4e84-71e9-4751-88ea-e3bbdabe8e31,2024,2023-12-09,45959b35-f1e9-462f-aecf-565395a6fb6d,e1ee7493-ca48-4d8c-aefe-83427a4e66af,-5,0,-5.816044250651703,0.3664869469176024
1fbbbf3a-bb5d-4e19-8f41-a435f75b4927,2024,2023-12-09,3a30d561-24be-4bfa-8d8d-75e645c4ad5f,6c5c20e6-a076-4fbd-b77d-61a1c7a3c5a4,45,1,29.592955980055475,0.9892692739902473
211abf2a-8809-48ae-ae9b-4adfecf724aa,2024,2023-12-09,a66213c2-5ad6-4d77-a7ec-85700a223ed1,a4f24556-d2b0-4bc3-bd21-758340750c58,1,1,9.547870058012151,0.8574458812680809
25f7d0a1-ebb6-4e75-b34c-b2f1b1579925,2024,2023-12-09,f92587ee-8d25-4b09-9a60-6203f75c974f,9611a021-de39-4ca5-8188-6387e4c99fbc,15,1,19.494708753405924,0.9633736098559468
271cfde1-b8b3-41e1-8a3a-c1e24b3ead55,2024,2023-12-09,09fca7ef-baed-4af0-a553-465ae1160049,cd9eea44-8a6c-4bd4-ad4d-74e461fdefd3,25,1,5.487884178001961,0.6696673259729781
29580785-c1c8-484b-b45d-7d79ebf35af8,2024,2023-12-09,63eb578d-eef3-448b-b0ab-b4892ef058e0,8a7ae133-e612-4f1b-911a-a72870f8b4d6,-16,0,-5.720396514798279,0.334861053226281
29b2b9be-a2a1-40aa-914f-15277f8f4785,2024,2023-12-09,dfdc9d0d-4a83-4244-9c07-9b3660ba4f6f,57c91ea3-1f48-4879-a664-232fba59cb1e,5,1,9.898834544888,0.8287462097901734
2be2e43f-8453-4692-b218-52c3972b4509,2024,2023-12-09,64c5c3a9-f1f6-4f48-b571-1de27621f06c,88fe7301-2d1a-43f9-ba01-e8f7795634b5,24,1,32.435418809496525,0.9897368145037055
2cf2c37e-3010-4165-b30f-cb6f2535e146,2024,2023-12-09,25912c1a-f2be-4c07-857a-5eef6aadebda,9f152b52-7847-49c3-83b6-8c68295d484a,8,1,4.92851254082548,0.6296064182204978
2d7c6c48-269b-443c-bf68-2f8aff4b810f,2024,2023-12-09,5ace87dd-23fb-4317-bc7f-8d80556ae6b4,72d2e856-e65c-4184-bc2e-38e805170efe,21,1,15.540771713815994,0.9367964158397784
2f22bba4-8c9d-4b5c-856c-99dab925af5f,2024,2023-12-09,424f7a7a-158f-4ad0-adb1-4b3ebe25b11e,e5fae797-082f-4354-8c20-2c1c22c6ac8f,7,1,8.749529835943184,0.7860229858135501
314d5b08-86f4-4e0c-b3cd-1d4d5a0f7fcc,2024,2023-12-09,d2ae40ba-651b-4006-8b22-61c6b9ce0e33,c51998cc-ad65-43ec-88c6-a0f160ff7902,-12,0,-5.189425596713824,0.25169224072374363
3156c339-cf4d-4936-a25e-6c4fb7dece87,2024,2023-12-09,ef75db17-4afb-4e3b-a928-30e871ec130c,63a49366-1e4a-4ecd-849d-4153e5e0a2e0,-6,0,4.2894290318766695,0.6492902552716189
329bf5c0-445b-48bc-853a-e03947b6ade4,2024,2023-12-09,b9e1a15d-9de2-45e6-9fc8-b3444d1bc0b5,2dc64ab1-cde8-49d4-a343-298600450708,24,1,20.764382915010675,0.9874867239906009
338a961a-75fd-46b6-8630-d22b5dddc54c,2024,2023-12-09,dedb6ed5-06d8-4ba6-a1cc-e3134a2c7937,da828fff-cee9-4151-bc4d-983ee436f573,-10,0,-5.048387632322737,0.271046869660564
3a885d65-1e79-487b-9663-3ac3fbf4439c,2024,2023-12-09,f93c4c92-e869-45e6-8970-2a02d80141c9,e1ef03af-e420-475d-8a35-c6e5380e9f6d,-15,0,-11.693927229150937,0.08095761718660621
3a9eedb2-023e-47a9-8a9c-7020cdf1ee4c,2024,2023-12-09,324e37b8-f52e-449b-909c-366c81488fea,696e6eb5-b8dd-4d44-8780-1e6c678615bd,6,1,6.058855390423153,0.8006844841677682
3e301f48-23ce-4e35-8469-de0b7685eab7,2024,2023-12-09,1b0dd005-3190-4ca9-b74d-111343f2fce0,550c3333-8e82-49d4-b9c6-ae13db14a84f,9,1,13.222730576989134,0.9145436852025898
3ea531a6-1383-4bb6-bb93-bcf7fbd8d434,2024,2023-12-09,686413d2-e94d-497d-a87d-ab911ac38ec7,73a80df0-15db-447f-b97c-418cc82a508d,-9,0,7.136177235558297,0.7937489689158417
4288b9a6-f5f0-487a-be9a-14f8bcb09307,2024,2023-12-09,d0cd742d-b4e6-4f30-88f0-872c2ac1e51f,5091ac5b-fcb1-423a-9cf2-0981de634633,28,1,16.091023840054113,0.9522760759579891
4498223b-15d3-46bd-898b-e158709611e7,2024,2023-12-09,b7c2bf0a-248a-40d4-aa1d-bf6329590a4f,ed50f577-3ab9-4627-80f9-bc931ee42370,-4,0,-3.193937120993632,0.3029872281970729
45d8da0c-1eec-4793-9f15-dc9cfdb69527,2024,2023-12-09,bb505898-cdd5-4c4e-9ea1-301ff6a4b981,30a1a9be-60b7-4afa-9dcf-92694c2703d1,-6,0,4.2094308890756205,0.5770961275354987
46a95dc5-0274-49e7-8881-7b02bc53c747,2024,2023-12-09,22ae415e-1335-4b89-a126-bbc7a1d7901e,44e2611c-d02d-4019-b2f5-da0e4ad35df1,15,1,10.414293349125765,0.8865206323901602
46bb3f4a-e617-49da-a43e-68a262e74788,2024,2023-12-09,03a91d53-3b06-4e76-b037-9c97d09645f6,7ca95dca-8ca9-42a6-b9a5-307d339df9b7,8,1,5.7674789820887336,0.6632842619173188
4821d1cb-b963-44ae-88a5-021610ab703a,2024,2023-12-09,6cc29af2-0d45-4399-b571-caa43e20e554,a7f405f8-389a-4a00-bb71-6d07d48f4fe8,5,1,-4.535945644746769,0.36248805123905514
48d982e4-2006-499d-985c-b2deacd92f44,2024,2023-12-09,e51fb2de-db51-4fbd-ab63-2a069c126779,20abe49d-2029-4327-96f6-389664f5da7f,27,1,33.25011982445601,0.9911415274915343
4b026dec-e77a-46d4-b807-449d718487f4,2024,2023-12-09,45e40bdf-5c84-42ca-84d2-a823db0b6609,3d25723a-661f-48c9-9c5f-db713077997a,3,1,7.820943749923481,0.8002596054021006
4b47c08e-3fd8-4870-9f46-d6bc192f7e84,2024,2023-12-09,4e9aa968-9ad5-4833-b9a5-7d89b35976d4,fd42047c-b7c6-4dbe-93e7-69cfd125995c,33,1,24.57500648796681,0.9914864048079994
4edda972-797a-4d66-afe0-2d74141297e5,2024,2023-12-09,7048a12e-ec8b-4bf0-a475-1316775a4964,2198dbfc-96fd-40be-99e1-e697e4c3d996,12,1,12.17677749989402,0.9166097348942707
4f822b02-45f3-49a6-bcff-6c8853c209fd,2024,2023-12-09,cc07b31b-464b-4cb9-89d2-ac26ffe3e5f4,da6142ab-a5fa-48a0-b6ec-864a8119be75,-3,0,0.043429227353758044,0.5724156246734479
4fe5b659-8cfa-46a0-90f9-8976ee9c4313,2024,2023-12-09,19b40071-00ca-4d8a-8188-a03d635e9811,6474358a-819c-42e6-92d7-0fd3ce20d239,3,1,-1.6549912262910165,0.4063730845209628
5095fa34-9908-42a6-9f73-a3032626fa9c,2024,2023-12-09,2408f22b-e753-4c5a-9353-be75a4fb2164,b20b957b-b406-4f6d-8f7a-2f88e3b49bd5,-10,0,-1.2314225293668446,0.46124440450663223
5876ef41-77b1-49dc-aa1c-30fe4eeb35c7,2024,2023-12-09,bc3f184c-a2c4-4518-89d1-f58ee454b86e,d74a1fb4-3afe-43b0-9bd1-7e0552ba73ed,-8,0,-7.5497380844493485,0.2596509390177724
5e45afdb-778f-4b01-a40f-626fc149b2ad,2024,2023-12-09,401408f8-2ce4-4ef1-97c2-5a68c979ec7e,82ee0a8d-e51c-4a87-bd7b-72707ec8b342,-10,0,-6.949258345482672,0.2215318729946336
6503aebc-87a0-4c97-8e1b-fdda617c4932,2024,2023-12-09,4c4cb93b-7b16-46b7-9d21-5ff908de25a6,c05bd27b-1eb5-4bfc-b1ec-29735fe183f2,-3,0,11.493800330769083,0.8796970482418909
65f41f4a-8ef1-4b3e-b5c9-25a1459a7a7d,2024,2023-12-09,7f63e419-1d15-4c08-84b6-dc393ca0146a,cd57c823-e9d8-49c1-bbe2-af9da08499bc,8,1,6.547587612850226,0.787993881629243
664058f0-2626-4ee2-8d19-f1e3a6a747f3,2024,2023-12-09,2493388c-6fee-41f1-90b0-e82a447a607a,d0ec4581-205d-4391-a765-06ee8de241d9,8,1,1.6011651249895287,0.5586537125927814
66977f61-caaf-408b-8980-90c2e48c3648,2024,2023-12-09,60ee2d19-003f-4603-a2ad-838b3e6d6cc0,4b83e4dc-410f-4835-a8a4-8ccffc29e016,19,1,15.258922903218437,0.9640035659684206
7489f44a-f82d-4093-b816-59531285c0dd,2024,2023-12-09,2ed44d95-e306-4823-a4c3-196ffb777766,6eb0ebaa-8c99-466d-8fad-68b897f2a9e2,9,1,6.52065305870391,0.6689393168205904
7dfbb4f8-7f92-4b8a-b0b7-d367185bfdca,2024,2023-12-09,95466c2d-a184-48f8-849c-d6957bd1df52,853125a0-ce88-45ba-9815-9387fac3d278,-7,0,9.916741179756883,0.8272841733340542
7e269e0a-e1c5-4cf4-bd71-e2c4d01da4f5,2024,2023-12-09,bf4f25da-dd8b-44d4-a4b7-4671b3c37db9,8cd2a215-aea9-48bb-babb-e5d8cf0cb9fd,44,1,27.153494629105538,0.9847439587541372
7e843137-31f1-4f1a-9c92-3a76eac2bede,2024,2023-12-09,2f522e9f-f586-4f8b-816f-a83d9e6231fa,63627b20-aa4c-4e0d-bcfc-40a5fe150e8a,20,1,14.440208518454648,0.926502142088446
7f7fbfe3-0582-4a2f-91d3-8f19c0c512e6,2024,2023-12-09,6d3e1830-dbbe-4e70-b7e9-1eb765f0acf8,a839c106-a16a-49d3-a86e-aa5e068b76cd,11,1,7.513019632710702,0.7830494251110598
85af6ec0-3fe1-473c-a379-744a72c69243,2024,2023-12-09,629710d8-479a-4efa-b5f3-d77767ddce70,d8cd723a-1d76-4abe-be2e-516e52724947,-16,0,-4.929704340369552,0.2825851436319862
92392fd3-3ce7-436f-8594-1427971b0981,2024,2023-12-09,ea78667c-bf16-4084-80cc-2ab61a0e05d5,69e6a4c4-bb68-4c30-86d8-3cf7d51c7db7,-16,0,-2.3674263792206176,0.3989513672268492
95d42ebd-5db7-4a94-8096-d2d9ff7b3f07,2024,2023-12-09,f18598d0-e0e1-4f15-95f2-e11df8bc3126,abad6a22-9569-47ad-9945-a6ad9345c30f,-19,0,-4.8856702083506605,0.3205186864091578
966aff4e-709d-4eb4-a145-5fa8e9c37e0a,2024,2023-12-09,9ccf2901-b49f-4aa3-8a4a-d59d017dfabc,8c121ba7-b028-4d29-8ac0-bfc3c1ff7b57,17,1,8.905866683609794,0.8398900625469581
97e690b3-1670-412a-a934-079ed1c95e12,2024,2023-12-09,f916ec1a-cf31-4b3a-9d55-a8bdefbea199,2deaf391-9719-4c95-bb3c-acc6f8baba86,18,1,14.661459824672376,0.9440358628183824
9bcd2380-8e21-4800-b258-b189c9223d63,2024,2023-12-09,5fcb12dd-e3b1-4e57-ac30-33da456cd5db,dbfecb75-86bd-4650-9fc0-4d85eaeabbbf,6,1,3.004229879711594,0.6362130114246468
9cf5b487-132e-4e8e-9a15-78fa36d4d825,2024,2023-12-09,48a6c30c-21c1-4d12-ac7f-590a1fdb0238,7747d9fc-9e15-4b0f-911e-ba64828748ed,5,1,-4.733711618148932,0.3149411345135335
a0a3e5f7-8096-49cf-96a9-a4dd4fdc78e6,2024,2023-12-09,8925b65e-4ce2-4ec3-b501-c0075fe06b52,8b8c3790-682d-4010-b304-45ce213ad62f,9,1,20.837764537898018,0.9901951461030574
a192ec89-fadd-4e6a-84c8-e87c2684250f,2024,2023-12-09,b255fc28-3428-4006-adf1-9c1001ecb1a3,4c073afb-cc2c-4ed2-bd8f-2f545ae1bea5,-15,0,2.9940822247813172,0.6651281690485585
a3ab1914-dc6c-4f40-8690-e6adfa67b651,2024,2023-12-09,873b654a-5825-415c-8a11-5e5b15bd2ac8,74434c65-ac07-4a97-9998-737791311fb1,3,1,9.486753689648898,0.7907315043404157
a5b08b83-5eb7-4ba7-a148-3711448bc742,2024,2023-12-09,4a01023d-3637-4ac5-bf1f-37c08b2438a5,97bd823e-8c6e-4942-a5ca-735b3a45ebbc,38,1,37.25093760439568,0.9935890437454279
a8ce3886-c9c8-4a3e-bc58-e3ac557e3243,2024,2023-12-09,ebf92b73-233d-4523-8429-ab00d5af1966,7f15159e-f7a6-4016-869b-962879f5c296,5,1,-1.3515241521791022,0.4820594283137525
aaaf5299-93fb-44f8-b185-800c0b87f660,2024,2023-12-09,8af88029-6520-4f85-a99b-0f10d820a167,115916ea-f145-4974-a257-5bb24f7c1ccc,-6,0,-5.128176715456624,0.2675181717742234
ac0ad1db-f68c-4fc5-96c1-87da80bcc211,2024,2023-12-09,26d69f75-49a0-4d07-968b-2b549e059c24,e5bf7042-0036-4e9d-81f3-3126a9675ce0,4,1,8.658676056091318,0.8112848596616241
b30fd331-54cd-41be-8808-dea1fa7716c9,2024,2023-12-09,2fbd9d1e-084b-43d2-9c7b-10ce0782be7c,89dd92f7-46c8-41a3-be81-ecb12f1cd4c7,14,1,11.283240140944427,0.9040799065098375
b7be2e06-1d5c-4930-8ad5-4b100e4db809,2024,2023-12-09,db374003-37d9-4d61-a3f3-7abec141d33d,b1b6c3d6-c825-484c-a8fd-a4e0816d19fa,6,1,4.311798279312665,0.6461811386539345
c2711444-b11e-4e2e-931a-16075af27ab1,2024,2023-12-09,a7951831-d013-4591-8037-4212b4a85c3d,639774dc-a89b-435f-80d2-4c65549fd3c9,22,1,13.188182981694725,0.9308374432056775
c7edc6b6-5e2c-4275-a78b-0c89ae048503,2024,2023-12-09,b7f069ed-b9be-4147-b87e-fe1bef8386b4,dac01aea-9f35-463a-9dce-75d4575160dd,-28,0,-8.342625727415319,0.28190359140041354
c8946ff3-fa3c-4314-9e5c-029895221b3f,2024,2023-12-09,9b6f0f32-d8f1-4921-aad2-a16c420f3183,fd495afa-fc22-4081-905c-24f40ff2656c,7,1,-3.0293022638855716,0.33108504148096524
cb144f9c-de2d-49f0-b3d8-2df6612d7c28,2024,2023-12-09,c0dfc734-0d40-4cba-86b5-fb2ad5c73da1,2f2d6799-40af-4256-9dd9-412be50aa14f,-1,0,5.501298079746117,0.6819384023770922
cf61272b-fe63-439f-b3b0-31c3e1ee624d,2024,2023-12-09,9a06c3a5-a344-48e1-942e-a22438b842ec,5bd874c9-de44-4954-a4f6-428ed3fde8a6,4,1,0.6898394739539546,0.4690145205910802
d0087c3f-622a-4b03-97b1-eeea32d694b9,2024,2023-12-09,bba8eb68-9989-447a-90b4-27c8d0d32bd1,c3681649-6e1d-4bf8-9b47-1d2868dca3e9,21,1,19.90072005675507,0.9858625101570611
d3859025-5240-408e-a15b-8938e01e5b45,2024,2023-12-09,9341db15-6a24-4506-804b-e37983918ab9,49f72498-1bbd-48b1-87b9-cc90196e205a,-1,0,-0.18184128825682985,0.47814255610270134
d441d799-9e2e-4a44-bb85-10346c77111f,2024,2023-12-09,2e49ce6d-63ef-45d9-9048-67fcdb01a46f,9cde2e64-799a-42f1-84dc-71779b1219f5,7,1,6.5610289546361065,0.7668965298274109
d822318a-6d6d-49a3-b3a0-7d7f6f93d19e,2024,2023-12-09,2518e2c1-28b1-472d-9fdd-5d97d9f1ea99,071229c8-25a8-4fd7-87a3-c30d0a95671a,-17,0,-10.044138347889906,0.10251386188774689
da867aeb-cb14-45b3-b9a0-f506a8b3843a,2024,2023-12-09,2b1a3f03-7d93-471b-be12-d487164eae0f,e308f5e0-c422-490c-901a-575bb49f1c7e,9,1,8.743916299924216,0.8499551192453448
de6b1de7-9d60-434f-892b-08f645733ab9,2024,2023-12-09,f3cf8061-767a-4873-9e24-5cc4c9a6a1b0,f48b0b87-86fe-4b7b-8bf3-9d541f495284,-5,0,3.345661130160694,0.6521370574105847
defd7660-c261-4029-94b7-fbad5936d9a2,2024,2023-12-09,1c1c3846-4bad-48b3-b8be-dba7d24af981,05aedf2a-3424-4acc-9537-4d52dccd6e02,33,1,15.902278363588058,0.9484432744002915
e04f2eed-4985-49e3-93d5-0f64b4411dce,2024,2023-12-09,a4e0b7c0-e98b-4e65-9408-e26a9aedac8d,23b31575-028e-4661-85ac-8d5835d6726f,9,1,10.474250715635607,0.9111389498806204
e0d14307-c3f0-48e7-b506-05da1e8b36d0,2024,2023-12-09,0b9bc135-badd-4fc9-b7bc-bebccb08cbf1,529e7dc4-6b55-487c-84b3-598dd9941301,4,1,0.7868919815981499,0.5736338124918042
e14d924e-92a1-49c2-9eb6-c575bd91efde,2024,2023-12-09,350fe1ba-284f-4709-8cdd-3f745fcff0f8,e8e72618-33f8-4013-8305-43775a278752,5,1,1.5726182146754883,0.4705614971315395
ea7299cf-c1c8-44a7-87af-ff4d9fe846af,2024,2023-12-09,638757a6-508b-49af-b5d8-661c0059c04c,7eefd1e5-aea4-463e-ae74-c628b0fe170e,19,1,2.852986809778658,0.5950716824205321
ea896d44-854a-4574-8401-63018ab34315,2024,2023-12-09,c2629a38-b5d1-44e7-9a32-8fb51cc9a116,0c8ee784-d7e9-4ac4-b0c7-3ca89567c515,-10,0,-4.427880081063259,0.33546757507246666
eac710ce-cdeb-451b-9ab0-d9ff9914af5b,2024,2023-12-09,2f0bd8d9-4435-45ed-9efe-045f835c15a8,5320f527-fbbd-4bb0-80d3-0de759475d59,11,1,18.03311374249764,0.9649800380247052
ec1d8bc4-057c-4b24-ac20-836483c5126c,2024,2023-12-09,29fcbb70-fa3c-4806-8768-15b5ec4a8449,1acd2c41-6945-469b-b33f-3c7b30f8359b,-2,0,11.580081642789516,0.8772825901784117
ec2f80cb-33d4-4979-8c90-03f1f5b8140a,2024,2023-12-09,c79306a4-5139-4f8b-8b55-21b42e22858f,31108a77-31cf-4228-9c6c-3a9665e9e17a,-11,0,6.25744426585227,0.7331277453373216
ee77534f-6201-45fb-b917-d75ebc635700,2024,2023-12-09,632ba9bb-afd9-4b5c-9c3b-4e60816c8e4f,28e39e04-5ba3-41eb-808c-3ab653c2ef06,31,1,21.166706070582215,0.9690256721648632
f0eb2b2f-762e-45de-a882-655e4cac1457,2024,2023-12-09,58113924-4aef-47a7-a675-cddc9e355cd5,dd1136c6-9974-4186-b206-7e24f2bf7dc3,9,1,7.54821928924912,0.8506385047703183
facaf750-e32a-42e6-86c8-6a87052f209e,2024,2023-12-09,268a2907-58d0-4693-98bb-a6cecdae1c63,eddc4725-b4b2-4442-b2af-8853210d0e96,11,1,4.417419172160721,0.6285505172115355
fe912f8e-970c-439e-9600-c8a24695678d,2024,2023-12-09,9d7f5648-4f47-4192-9d8d-78454c962bed,be683752-ceea-4783-ae94-66be0178e1d1,34,1,37.64066426490143,0.9923889088079069
0136bc50-983a-4f12-a33e-5d0daa24d9f5,2024,2023-12-10,ede9d6c2-b888-41b7-8674-8638c41d2034,8ae6c27f-063b-4e7b-bbfb-653f496560d6,20,1,16.67686079727951,0.9480565231653122
0bdfe14f-b344-48c6-80a9-6cb7b08f4be6,2024,2023-12-10,33176e8c-5f9d-4bcb-8c56-9a0a5f7d7f1c,e9813fa7-c976-4ad4-a455-2f05235e93cf,9,1,10.554409179072206,0.8958112124433609
0f3fe552-370c-4d72-ad9b-1fa55d995280,2024,2023-12-10,6068f6c0-7e92-4dc4-9da8-1bfbdb60cf2c,439b6cee-3be6-4471-bddf-f7cb8c69cc85,7,1,2.004999643730125,0.5787057289367747
17bee36d-b1da-476c-b3e5-88f44bda4a79,2024,2023-12-10,3280e439-7a98-4ebd-95dc-1a1281ccab00,57144631-7473-4b46-a437-8e2d8c760f87,15,1,14.568189814755963,0.9406810704132232
1cc60a07-9f3f-42b2-90a4-aecb2da00cd3,2024,2023-12-10,a64af70e-61a8-4777-8e8d-9a7815f78f3e,48fce6fa-2dd6-4fad-b5ca-cf5cccdc3fa1,7,1,12.762746114735316,0.9059325396139626
2258e56f-3b4a-4111-9cb6-a0085d330c5a,2024,2023-12-10,e7f5f157-7a33-43ad-8282-59e1c4ad9b25,65cf0d8a-0a5f-4572-8516-53809f66ba44,-6,0,10.415434660895357,0.8801535556875861
288c5bba-0440-4f22-9993-babf0cff59e1,2024,2023-12-10,58617cc8-94d5-4f69-a677-9ab4cdc52a33,39decbb3-b24d-444c-970a-39aa53a01ef6,1,1,14.448233874759236,0.9342289588797102
28de85c9-3cbf-49e0-a95e-6c12ad5c2c77,2024,2023-12-10,5368fba0-1d0f-4310-9dea-c25c58762dd1,5cae196d-fd0c-4944-8120-41d5abecb290,1,1,-6.485592254154484,0.3651212355439324
2bd8e246-b26e-4e32-82b4-e9416b11f66b,2024,2023-12-10,2851d469-fe75-448e-9d6b-4bde7ec96e06,409dd213-f612-4ab7-a0ae-8060dd9a6ef4,-27,0,-6.930498111012043,0.245415931062214
46df5bbe-69ce-43c3-98a7-53c7cb5d510f,2024,2023-12-10,ba033ab0-c07a-4b71-b7f4-243ae194d23b,a2069f0f-fd2c-4971-b3da-6ba010532fcf,-17,0,1.743378447136561,0.6285198615507057
547afcc8-dddf-47fd-b97f-239c6eba1f83,2024,2023-12-10,8fce643e-75f7-4242-b565-2a4818e1eeba,b1cbdf0c-474e-4b52-ae02-f856ceda214b,12,1,-1.5550010266282603,0.4013429666285691
8096e6ed-dbcb-46ed-9b1b-879ca040e7e3,2024,2023-12-10,a9569511-9e5c-45d1-b958-3e29c52f612e,16aca559-5828-43a9-ada9-f35f973f4863,32,1,27.1345548028286,0.9932336245708117
81e5be1a-d314-482c-aa11-c2c7e450bc68,2024,2023-12-10,536cd39b-cd0d-40f5-8b6d-7a490d196262,8ce6b3fb-8bb0-49b5-acaa-caed76d542d7,-3,0,1.6663175746583085,0.5756270778266461
9cb300f2-5fc8-4a62-b237-a802a91834e7,2024,2023-12-10,9c1431a3-21c9-46c9-8335-1b85a6022223,db9d85a6-59a4-47ff-a287-b40442bf460b,15,1,5.485351002237336,0.7402646895156696
b045cb00-ca1d-483a-b725-f116bc5c4f33,2024,2023-12-10,15de2bd3-69fa-45a8-b95c-4d5e91232ab9,99b16ea6-899f-484c-8a9d-b2b5bb872d9d,7,1,12.290926294602171,0.8118231421618021
b777cde7-9fc2-4e15-91f8-9b62b53919ef,2024,2023-12-10,35d0a28f-e3d7-43ca-90cc-daaf0b7c278e,89949731-8bb3-45c7-a6f6-798934261b61,4,1,0.3152041610379403,0.4884842632214006
be64677e-12b3-4470-81d4-1bb664243b17,2024,2023-12-10,cf6e9037-e27d-43e2-bbd6-6583598ce383,7da2e7c8-cee3-4ff4-be74-58d324c5ff71,-16,0,-6.181168531338064,0.280964078689844
dc4c9590-c030-44b7-8d1f-bdc2fc36a41c,2024,2023-12-10,ad741e6f-e15e-4f4d-8350-9973fa99916e,4e9067f6-7760-4a2a-ba37-273c77915540,-6,0,8.639061445107316,0.8209855314396459
e4c52403-7ff1-4953-bfeb-de611772d69e,2024,2023-12-10,e3158bc2-1467-4311-8540-c4f77e10aab2,629ca4e3-9243-47ce-8a02-ee7fe38e857c,-5,0,-2.038490957285332,0.3990345536266252
e4cafa41-deee-4139-962c-1338d06629c5,2024,2023-12-10,101749c8-ec05-4370-a95b-47f56c433623,1394e3ce-706d-4097-9aaf-cad5d38aa5a0,-10,0,6.9557555235139565,0.7478287095758414
e861f9f5-dd1e-414d-b6a0-c76ecce02f82,2024,2023-12-10,b4c9b613-0bc6-4295-b293-3b56c2020f1b,384d8319-2770-4b9a-bb32-bd4da034d104,-2,0,5.4515191630116835,0.7002345801745915
eb2cd69c-e4eb-4bdd-9812-2139b03c7e88,2024,2023-12-10,754d9f26-9ca3-4bb8-8aa3-065bcf9ec6df,f9a8f2d4-c836-4b2d-a4f9-47f73b8c033a,-5,0,5.235065875428023,0.7060107935114409
f1d59ed4-49ea-4fd6-8d3f-32483fcbe3d9,2024,2023-12-10,c71ebd72-5c90-41d5-b1fc-544e4695d9d0,01300ab2-c4a7-4740-a5ac-3541d598620e,28,1,23.186449848999125,0.9833418206382761
f92b12b8-eba4-4151-97a0-436f352d578a,2024,2023-12-10,b80e54ae-3b74-40f3-9954-a1b0805cd1e8,824aff8d-6409-4191-9ffa-e2daa335b7e1,18,1,19.582077029997784,0.9655713657300484
fecd97af-c44d-453a-87c8-4fe68708d54c,2024,2023-12-10,3bdd846d-463f-4ddf-8719-13ed1e3f2634,2aed7aac-f38b-4fae-84ae-9e9c9ac71a3f,-14,0,6.4268996375435306,0.7032147286263623
0d6eb771-a848-4582-b4b2-d979d0eb6c05,2024,2023-12-11,58bacfff-257f-4f54-bb05-241bd6353626,ec7d9da7-9286-4c01-98ce-3a10ec231612,-7,0,-1.9500228018896963,0.4255743866507775
13aa2a82-8c5b-48c6-8c19-1f755a9bcb1e,2024,2023-12-11,9611a021-de39-4ca5-8188-6387e4c99fbc,1814170b-a11b-4328-99b6-082f1e76f5c5,10,1,2.40204748211547,0.5967654588680971
418d32ce-dee2-441b-9787-f5e24961702f,2024,2023-12-11,79bf464f-0d3a-4992-b310-86d2abbc2244,d7bc8ff0-3522-40a8-8309-346e8b4cf9be,-4,0,-7.291839593589527,0.2142620737465326
60f18650-2aee-4a46-9924-ff8e712a568f,2024,2023-12-11,546e1911-9caa-499e-92f4-afa9c6b1e8c2,2607ab7d-2f54-4540-9b2e-d27703407118,2,1,-5.3315714728911,0.28528119121726353
6bd0df20-80d9-49a7-b4ed-b22511162797,2024,2023-12-11,dde8f534-10a1-430c-af83-43b026e7ab68,72d2e856-e65c-4184-bc2e-38e805170efe,27,1,18.36386733895471,0.9777362138072174
82e07b39-88c5-4510-9f36-72b04f09d5b5,2024,2023-12-11,125fc4dc-8f42-45a8-b23a-3e50f4620499,57c91ea3-1f48-4879-a664-232fba59cb1e,13,1,25.817802566306366,0.9872623899581147
aae48ee1-a400-4bde-987f-4e4d97856848,2024,2023-12-11,54e8cb38-83f4-4866-b3d1-d0e1dfc530c6,c0dfc734-0d40-4cba-86b5-fb2ad5c73da1,5,1,3.892545754235492,0.6220368892394786
c846ef3a-ff02-447d-8a3e-3e46011ca535,2024,2023-12-11,7747d9fc-9e15-4b0f-911e-ba64828748ed,b6c9db49-45a1-4d98-9a80-dbbe19471992,38,1,37.01839857592979,0.9890599636552878
d2945942-8279-4051-b5c7-43186653988f,2024,2023-12-11,735ab24d-9a04-4ce0-aa11-f1cb2c1804f1,f73ebf9c-90d9-4d66-b403-056ea4ea6b30,-4,0,-5.1336931235661325,0.29693761659482604
02862db1-766c-438f-b92c-9c14edd76d35,2024,2023-12-12,2df495e6-2f8b-487f-b13a-e76f3397df82,686413d2-e94d-497d-a87d-ab911ac38ec7,-2,0,5.304747154132239,0.5758160297429491
198a024e-d85c-4457-91cf-01af769204f1,2024,2023-12-12,df1d6c5c-77eb-4d21-b5dc-6cd579f74d2b,071229c8-25a8-4fd7-87a3-c30d0a95671a,-7,0,0.8217365187239316,0.49482550943498793
1b3ced1f-110c-490e-b656-f554962b7d5e,2024,2023-12-12,d2ae40ba-651b-4006-8b22-61c6b9ce0e33,28e39e04-5ba3-41eb-808c-3ab653c2ef06,17,1,17.744119615476095,0.9720638867025718
1e722219-e492-4d44-a755-decd3dd941cd,2024,2023-12-12,73db7905-652b-4320-aac7-243f2f2f70a2,730db31e-4fab-472d-bf25-7b882deff0b7,14,1,20.21393874646548,0.9822514037315834
2229c6de-045a-4e71-a88b-809e1025e8fd,2024,2023-12-12,6eb0ebaa-8c99-466d-8fad-68b897f2a9e2,f2e0429e-8513-40eb-b536-1aca6697aee5,1,1,13.527247616298697,0.9157707837984067
363e6f15-12fe-45f0-aaf0-b96dc39a40f0,2024,2023-12-12,7f63e419-1d15-4c08-84b6-dc393ca0146a,bc3f184c-a2c4-4518-89d1-f58ee454b86e,17,1,14.477592537454216,0.9560912421527897
3a885b58-0a92-4ce3-8a99-23d31921ccf1,2024,2023-12-12,215ed27d-58e8-4e84-ab60-6d170d404304,01300ab2-c4a7-4740-a5ac-3541d598620e,40,1,23.827547145192582,0.9890240523943915
3f7a78da-2928-49e3-a25e-77253bdf21f6,2024,2023-12-12,95466c2d-a184-48f8-849c-d6957bd1df52,873b654a-5825-415c-8a11-5e5b15bd2ac8,9,1,15.117387189357164,0.9331315040290922
5bb959f4-e392-4bd1-a914-767503f4b1f4,2024,2023-12-12,38cf12f8-b27f-4c69-8f14-254930816a8b,cd57c823-e9d8-49c1-bbe2-af9da08499bc,-5,0,-4.047604211572965,0.38015458019015613
5fb4b549-15a9-4094-b290-be3f9758c41b,2024,2023-12-12,47b967e4-0689-4d1c-863b-9d82c6ffbfcd,9a06c3a5-a344-48e1-942e-a22438b842ec,-2,0,9.730934286988077,0.8152999829043472
80ebe774-30d0-4e68-8f70-b5434f7dbb01,2024,2023-12-12,2f522e9f-f586-4f8b-816f-a83d9e6231fa,2bb9930f-6a64-4fb0-8ae7-2d18cc4ceb5c,36,1,36.40870373615641,0.9930403446574092
813e626e-1ff9-4ea6-b089-7d3aa66c6e12,2024,2023-12-12,0c2a9ebe-8c6a-44ec-8643-1dbac7642ab9,89a85f65-8bbf-43db-b23d-362af1afc44d,29,1,17.231371486724612,0.9497846503203508
823f83a7-99be-4c29-9f5a-3a7b4656e02f,2024,2023-12-12,a4bc2fe7-4083-4c33-bce5-6cac3e161a7f,23b31575-028e-4661-85ac-8d5835d6726f,41,1,25.859624600050694,0.9901250555818204
8c8cd13a-7951-4692-b574-d209c9385edf,2024,2023-12-12,e72d1807-6463-450b-b561-c3727b286584,7fdeff97-4db9-4c33-9fc6-9f03bd977d30,6,1,20.276676735987895,0.9826444201135583
cde816b2-24b2-4e94-a413-495c2cbd0289,2024,2023-12-12,b9e1a15d-9de2-45e6-9fc8-b3444d1bc0b5,6474358a-819c-42e6-92d7-0fd3ce20d239,21,1,19.028555316009438,0.9706788401265198
d0359c33-2e88-48ef-b98d-1d436507d0e8,2024,2023-12-12,89dd92f7-46c8-41a3-be81-ecb12f1cd4c7,cf2f7a41-56d5-4c2a-b4f4-fb9d1c933b22,13,1,18.229972289808085,0.9587667227519235
d9d58eaa-2fd1-4dbd-be69-10a04ed69f96,2024,2023-12-12,69e6a4c4-bb68-4c30-86d8-3cf7d51c7db7,97bd823e-8c6e-4942-a5ca-735b3a45ebbc,18,1,28.748196414129673,0.9778412367228169
de36d9a7-14b1-4e0b-af79-82038965555c,2024,2023-12-12,00b63e00-850e-4b09-b660-a5e698f46b61,629710d8-479a-4efa-b5f3-d77767ddce70,6,1,4.436055089423145,0.7337448203584763
ec1c810c-d160-444d-bafd-67c18e2f5603,2024,2023-12-12,e8e72618-33f8-4013-8305-43775a278752,eddc4725-b4b2-4442-b2af-8853210d0e96,32,1,13.986025984693033,0.9371897089098921
f6aee594-b5c5-4e6f-9f53-335e38642e66,2024,2023-12-12,a7951831-d013-4591-8037-4212b4a85c3d,051d13dc-5152-426a-affd-0cf01ef80268,21,1,13.312415553479342,0.9090135617875409
fee39927-d900-4af7-bcd5-e9748e835fce,2024,2023-12-12,2e49ce6d-63ef-45d9-9048-67fcdb01a46f,2ca82167-d915-492e-98e0-4ee592960583,18,1,28.076384337573117,0.9915149555284649
0610d122-4433-43d5-b5d0-70f5b144fd1e,2024,2023-12-13,717f3cf5-bc65-4a66-8f05-191decfbf380,99b16ea6-899f-484c-8a9d-b2b5bb872d9d,22,1,12.932860722411768,0.9037299213446313
10a78f82-eaf6-4a29-b97c-afc59b058d34,2024,2023-12-13,dac01aea-9f35-463a-9dce-75d4575160dd,44e2611c-d02d-4019-b2f5-da0e4ad35df1,25,1,22.719741402404914,0.9871164272064209
2155b456-dd8d-4f4b-b8bb-25778ce412bb,2024,2023-12-13,155c1dd9-ba93-42ee-a28c-238768724494,5bd874c9-de44-4954-a4f6-428ed3fde8a6,4,1,13.872810772477463,0.8642784821219974
279d77df-b967-4209-bd2c-505e1b63077a,2024,2023-12-13,8c121ba7-b028-4d29-8ac0-bfc3c1ff7b57,e42183ad-b44a-4746-8c0b-148ad61bab43,-2,0,0.553630990231811,0.5131461011351041
41fec292-9395-4d67-a68f-eeecc279a929,2024,2023-12-13,2c8d46b6-8e8e-4229-85a4-0713fe1c6c4f,a4e0b7c0-e98b-4e65-9408-e26a9aedac8d,19,1,11.875185707293593,0.9296672476007518
4fc176e5-643f-4ee5-9b7b-1ecc1db683e4,2024,2023-12-13,4c4cb93b-7b16-46b7-9d21-5ff908de25a6,3a30d561-24be-4bfa-8d8d-75e645c4ad5f,15,1,-6.595743476999403,0.2211660368589447
57d9ce3b-d60d-4c42-96e5-f02f764b49f9,2024,2023-12-13,1acd2c41-6945-469b-b33f-3c7b30f8359b,00aed6ff-2151-4d45-8b3c-776ebb0a51da,-13,0,3.895541018738839,0.5835178613005423
6998921c-045a-4e97-97c3-91e9f0c91089,2024,2023-12-13,3e3e940b-dd81-42f3-88f8-4e988278be04,e12ab562-dd12-4b55-909f-669834d3d963,11,1,5.192630387067553,0.636305921577529
76aeae64-ff6e-4c71-b812-88ae8e6c0bd1,2024,2023-12-13,401408f8-2ce4-4ef1-97c2-5a68c979ec7e,2aed7aac-f38b-4fae-84ae-9e9c9ac71a3f,9,1,-0.4115807446086187,0.3825611453056815
77b2dab0-2cd2-47e7-b635-46464df0bccb,2024,2023-12-13,b2d5fddd-b407-4fe6-9d70-e921ab7b7e1a,e0cc707c-bdef-43a1-a3f0-c1ddfefdadd3,34,1,23.68580250532955,0.9818995721114343
789f63c1-3fc5-4064-8835-67b8fc876c26,2024,2023-12-13,fd495afa-fc22-4081-905c-24f40ff2656c,638757a6-508b-49af-b5d8-661c0059c04c,-12,0,-1.0661998262509818,0.44324163040692055
939ec331-9ec9-49b2-a44e-b42c857b7e9d,2024,2023-12-13,125fc4dc-8f42-45a8-b23a-3e50f4620499,10a27e98-10ab-4397-bb74-d3a92cc590dc,3,1,4.879356553313012,0.6893501121594366
9d88d585-44bb-4980-bc2c-caf6b3ba81ec,2024,2023-12-13,268a2907-58d0-4693-98bb-a6cecdae1c63,63a49366-1e4a-4ecd-849d-4153e5e0a2e0,6,1,5.693075469517881,0.7241371038010814
a096adf1-855e-4e39-9a17-11dc6df04a5f,2024,2023-12-13,ba033ab0-c07a-4b71-b7f4-243ae194d23b,79479954-cdbe-4601-a82c-35936960a7dd,9,1,4.906832364417698,0.6644020874296329
b28977e3-ae2a-4f56-b1a7-9c96040710c1,2024,2023-12-13,a9569511-9e5c-45d1-b958-3e29c52f612e,cf6e9037-e27d-43e2-bbd6-6583598ce383,-2,0,21.975453963060296,0.9916429325052718
b6ce8ee8-c2f4-4ca8-815a-bd869d097aa5,2024,2023-12-13,529e7dc4-6b55-487c-84b3-598dd9941301,2acb9682-4dbf-4e25-82b3-0124cb5c07cc,16,1,21.004363203999283,0.9853922468566887
df889621-54d7-44d5-8e94-245e3e7a72a9,2024,2023-12-13,f18598d0-e0e1-4f15-95f2-e11df8bc3126,d0cd742d-b4e6-4f30-88f0-872c2ac1e51f,17,1,12.658309933864485,0.9088012287424971
f159ffdb-80f4-454a-ba43-45700195b513,2024,2023-12-13,72d2e856-e65c-4184-bc2e-38e805170efe,7eefd1e5-aea4-463e-ae74-c628b0fe170e,-11,0,-10.281171146664242,0.12016687475024354
fb12deb9-ab11-4248-898c-2e8e95d06962,2024,2023-12-13,113341aa-9630-4951-b161-71419ed62dbc,eaac3de1-dd32-49d9-abe3-f56bbff80cde,-12,0,-10.346621602575436,0.14803308400864879
14c11a05-fe40-4f61-b527-de58f881ca60,2024,2023-12-14,abad6a22-9569-47ad-9945-a6ad9345c30f,824aff8d-6409-4191-9ffa-e2daa335b7e1,12,1,21.749850462858255,0.9879225673382415
3920f4c6-1a4f-441e-8b0e-5833865157d9,2024,2023-12-14,cd9eea44-8a6c-4bd4-ad4d-74e461fdefd3,e6b0799b-abce-441c-929c-964306f8fc27,15,1,20.491326718691028,0.9883049290623227
56f50a42-9ac6-4c79-86ab-c6cd03fec69d,2024,2023-12-14,6d3e1830-dbbe-4e70-b7e9-1eb765f0acf8,8af88029-6520-4f85-a99b-0f10d820a167,5,1,12.223458502930379,0.9092731637059367
58c385e8-7e79-4817-ad2f-2f5bc284ff2b,2024,2023-12-14,371811fe-0533-4539-97b1-b56f642d0fd9,f2e0429e-8513-40eb-b536-1aca6697aee5,24,1,11.315928502572579,0.8546177806047395
996cb93c-8f7b-4bcf-bbf5-e5493a18f42d,2024,2023-12-14,60ee2d19-003f-4603-a2ad-838b3e6d6cc0,7da2e7c8-cee3-4ff4-be74-58d324c5ff71,5,1,19.325827173150866,0.9726971807905777
ca7f1ffc-2074-4139-acc0-c463b6248d50,2024,2023-12-14,3280e439-7a98-4ebd-95dc-1a1281ccab00,4aa110b4-c8f4-438d-b44c-2d6a5c74ab8e,15,1,15.03822679072427,0.9399793711194844
d8ce9f87-6a3c-44dc-b46c-acd6f47733ce,2024,2023-12-14,67505072-f35a-493d-a160-8e6292da33f5,dcf85f3b-a79b-4a61-9cd9-d6a90541bf3f,7,1,2.8661678470222003,0.6183233947190045
15164618-6ce3-4b2f-9979-1da3260cfc31,2024,2023-12-15,6eb0ebaa-8c99-466d-8fad-68b897f2a9e2,4928acd4-6738-4045-be81-20132f6471c8,-13,0,10.325850548049907,0.8772410284422827
617d91fa-7687-47ad-9995-ad829e633877,2024,2023-12-15,48fce6fa-2dd6-4fad-b5ca-cf5cccdc3fa1,91d935fa-7d8c-41e7-a184-72c0f770d10c,-7,0,-9.414057877267282,0.14926108876222952
64cd145d-23ca-4bf1-818a-39c30ad3b1a5,2024,2023-12-15,409dd213-f612-4ab7-a0ae-8060dd9a6ef4,2607ab7d-2f54-4540-9b2e-d27703407118,22,1,20.61971857335776,0.9840354115714933
7773443b-dd24-4ed7-b831-1070a42977f3,2024,2023-12-15,1c1c3846-4bad-48b3-b8be-dba7d24af981,a7f405f8-389a-4a00-bb71-6d07d48f4fe8,3,1,2.3303600746379827,0.619431267222921
7ca8d57f-58f6-401b-90a8-14594cd491e1,2024,2023-12-15,7747d9fc-9e15-4b0f-911e-ba64828748ed,4a01023d-3637-4ac5-bf1f-37c08b2438a5,-13,0,-8.213875539925143,0.1784302600143922
97118ad2-9c99-491c-b764-9dd1954c5848,2024,2023-12-15,92b76481-ab53-4e96-a0ec-5f522c031417,26d69f75-49a0-4d07-968b-2b549e059c24,-10,0,-6.124513179970197,0.269767412695
a8ca2386-e13c-40f6-9cea-6590b10bb026,2024,2023-12-15,65c68c5f-fc3b-4781-a912-2a4b17be699e,9ccf2901-b49f-4aa3-8a4a-d59d017dfabc,-1,0,-18.23866875602955,0.04868691665111106
bb3b946b-3ee6-4209-beab-17918c5fe52f,2024,2023-12-15,af6bf0c9-2e1e-4334-8982-93f14a35af57,696e6eb5-b8dd-4d44-8780-1e6c678615bd,-7,0,13.929276238487956,0.9170101913314483
c1694988-87cf-4d5d-9942-e1a8906f487c,2024,2023-12-15,ebf92b73-233d-4523-8429-ab00d5af1966,312cd404-9fa4-4f04-b8b0-cfed95e31398,4,1,3.7954584574004153,0.629568587868164
0564ce0a-1c5f-4fc2-bc7b-366f14e949cc,2024,2023-12-16,1814170b-a11b-4328-99b6-082f1e76f5c5,be683752-ceea-4783-ae94-66be0178e1d1,-7,0,2.19687149443503,0.5657016615466022
06675833-f2f2-48be-b193-8279cd4b4dfb,2024,2023-12-16,bba8eb68-9989-447a-90b4-27c8d0d32bd1,bb505898-cdd5-4c4e-9ea1-301ff6a4b981,22,1,10.617309548134937,0.8633517070169846
07e8541d-8064-4bbc-ad63-e4461816e26c,2024,2023-12-16,853125a0-ce88-45ba-9815-9387fac3d278,cf2f7a41-56d5-4c2a-b4f4-fb9d1c933b22,22,1,25.454990229207926,0.9893759417211688
0848be9d-82b7-4828-8aa2-60547eaa4c4c,2024,2023-12-16,adf7b22e-19a9-437e-ade2-833bb31da77c,63627b20-aa4c-4e0d-bcfc-40a5fe150e8a,5,1,2.0333770373878592,0.611736150083848
0d23fac9-c1a2-4f0e-861c-61f0d162464d,2024,2023-12-16,db9d85a6-59a4-47ff-a287-b40442bf460b,2ed44d95-e306-4823-a4c3-196ffb777766,1,1,-0.19128912830160869,0.47573606841066435
13f1d55a-637b-46cf-a954-9af0d2f6f483,2024,2023-12-16,19b40071-00ca-4d8a-8188-a03d635e9811,0c2a9ebe-8c6a-44ec-8643-1dbac7642ab9,1,1,-5.821222560786485,0.26903074959716966
17f60422-c0d4-456b-a191-2f7ba3cae414,2024,2023-12-16,69e6a4c4-bb68-4c30-86d8-3cf7d51c7db7,00a52b15-70b5-47b1-86c6-8e30652728c0,13,1,8.706008109577374,0.8027410851558267
28b374e3-670b-402f-8160-7b1276636405,2024,2023-12-16,2e49ce6d-63ef-45d9-9048-67fcdb01a46f,73db7905-652b-4320-aac7-243f2f2f70a2,9,1,9.481223626397165,0.8202820562478238
2c943c6b-a11b-42b1-9c1a-56cbea937486,2024,2023-12-16,c05bd27b-1eb5-4bfc-b1ec-29735fe183f2,2ba07bf8-0306-417b-b7fe-b2d29b7d0eb1,-9,0,5.316216063999776,0.6456774225020502
2fd64459-df44-4a33-a56a-cd4de0e48da7,2024,2023-12-16,4b83e4dc-410f-4835-a8a4-8ccffc29e016,d2ae40ba-651b-4006-8b22-61c6b9ce0e33,-4,0,8.078147052346392,0.8021383471019665
323c3880-dc15-499a-8eee-54f758bb15bd,2024,2023-12-16,9f152b52-7847-49c3-83b6-8c68295d484a,7f15159e-f7a6-4016-869b-962879f5c296,20,1,11.17504910876612,0.8588904220433689
325839e5-c7df-4304-b34e-222b0d6af131,2024,2023-12-16,2851d469-fe75-448e-9d6b-4bde7ec96e06,8a7ae133-e612-4f1b-911a-a72870f8b4d6,7,1,11.159006304428914,0.8732066598702317
327ea1af-c68a-4ab8-8723-d64fe7a05b79,2024,2023-12-16,72d2e856-e65c-4184-bc2e-38e805170efe,791eb121-5f34-499b-a1ff-469bc9007fe7,-16,0,-4.353325191444289,0.25728972496442715
37aaa424-b012-40e3-87f2-51ac33edc02c,2024,2023-12-16,25f32a40-1a9b-47e3-ab20-74659cba9520,3457262b-c7da-4834-a20d-ad6be302a671,8,1,3.037857519018988,0.6599575691174269
38a7839a-a4ca-4150-ac3a-490cdbfb55b0,2024,2023-12-16,115916ea-f145-4974-a257-5bb24f7c1ccc,05f1d3d6-8079-4142-beb6-628fd19c74ca,4,1,20.186430172929306,0.9899685474227329
4c79183f-1d84-4574-bb45-1faf41563011,2024,2023-12-16,eddc4725-b4b2-4442-b2af-8853210d0e96,d8cd723a-1d76-4abe-be2e-516e52724947,8,1,-3.1596682894566324,0.47629646053724317
4dbe8ee0-839d-49bf-a7ab-a05ed0b3ed7c,2024,2023-12-16,e72d1807-6463-450b-b561-c3727b286584,e06623a6-8f03-43b1-83f4-b653f6819ea2,22,1,14.381286446139402,0.9543587383761628
4e9e595d-3998-4816-afd8-2d16ce184624,2024,2023-12-16,4d3124e9-6470-49c6-8f2f-806813c60883,22ae415e-1335-4b89-a126-bbc7a1d7901e,-17,0,-6.079392120661218,0.24764583176756838
50fea3e8-0989-4f15-976b-c5ecb98bc982,2024,2023-12-16,5bd874c9-de44-4954-a4f6-428ed3fde8a6,89a85f65-8bbf-43db-b23d-362af1afc44d,-6,0,14.135207013881931,0.9179991726674738
5293f6c6-8e05-49c1-aab7-a44692e9326d,2024,2023-12-16,a4f24556-d2b0-4bc3-bd21-758340750c58,6cc29af2-0d45-4399-b571-caa43e20e554,43,1,21.066157332815184,0.9853579247262259
530b6279-cde0-4106-9259-ffc43e48c6b3,2024,2023-12-16,2df495e6-2f8b-487f-b13a-e76f3397df82,b7c2bf0a-248a-40d4-aa1d-bf6329590a4f,21,1,10.087140527815107,0.8516875399327981
53ab179c-9c53-4573-b2e2-b4b56e56b19c,2024,2023-12-16,4e9aa968-9ad5-4833-b9a5-7d89b35976d4,b2d5fddd-b407-4fe6-9d70-e921ab7b7e1a,-10,0,-5.452495928998849,0.2835993517022775
54c5b9cf-0c68-442c-aedb-1c4a403da7e5,2024,2023-12-16,c0dfc734-0d40-4cba-86b5-fb2ad5c73da1,c79306a4-5139-4f8b-8b55-21b42e22858f,-17,0,2.1424804372957533,0.6162033456470608
59a22078-23e3-4aac-8212-1557c7270655,2024,2023-12-16,a839c106-a16a-49d3-a86e-aa5e068b76cd,2dc64ab1-cde8-49d4-a343-298600450708,8,1,9.437656863840692,0.8146359969058681
59b89fae-a1de-4bf9-8349-932529288260,2024,2023-12-16,529e7dc4-6b55-487c-84b3-598dd9941301,3763fb9f-1ebe-4dbd-bfc9-6638b14a2a51,32,1,19.677329464266112,0.9867421182131334
5cf973bb-dbed-436f-90a5-15cf9b072b87,2024,2023-12-16,0b950934-3f06-4a8a-9251-83e3f1827e68,45959b35-f1e9-462f-aecf-565395a6fb6d,3,1,11.741648885904901,0.8678619808344318
6a73a82d-6336-4229-b65c-42ef73e83492,2024,2023-12-16,e7f5f157-7a33-43ad-8282-59e1c4ad9b25,5368fba0-1d0f-4310-9dea-c25c58762dd1,22,1,19.685685510532902,0.9851785455589008
6aa715f6-c215-4afb-bc97-c59d15909c6d,2024,2023-12-16,f48b0b87-86fe-4b7b-8bf3-9d541f495284,33176e8c-5f9d-4bcb-8c56-9a0a5f7d7f1c,7,1,2.3966604336638615,0.4982866769294924
6d057f4d-c6ce-436c-81ef-081b33eccc11,2024,2023-12-16,9b6f0f32-d8f1-4921-aad2-a16c420f3183,a9569511-9e5c-45d1-b958-3e29c52f612e,-10,0,-15.513316462567103,0.04783536881986338
6e28b723-2767-4d70-a614-803758bf6297,2024,2023-12-16,910d4e59-d8d0-4fdc-8a9d-02616c97414d,401408f8-2ce4-4ef1-97c2-5a68c979ec7e,26,1,11.240297299545304,0.8580998520694595
6f3b2ef4-f98c-4cde-bf70-8581da4f113d,2024,2023-12-16,89dd92f7-46c8-41a3-be81-ecb12f1cd4c7,f5583f43-2ae1-4834-b364-107222763dde,-3,0,4.855398856557281,0.725248899720808
6f7f3f2c-14d0-400b-a90d-70682db43c79,2024,2023-12-16,e30e79ea-8947-4c58-9842-25781182ec2e,7f63e419-1d15-4c08-84b6-dc393ca0146a,-7,0,0.6540077015050884,0.44601608482221206
71431adc-e0e9-450d-aef8-8c09d4829bcc,2024,2023-12-16,dbfecb75-86bd-4650-9fc0-4d85eaeabbbf,e3158bc2-1467-4311-8540-c4f77e10aab2,19,1,8.609223260070022,0.816147910146344
72249a7c-ef45-4a79-8d5c-8b5fd0ccac4e,2024,2023-12-16,3a30d561-24be-4bfa-8d8d-75e645c4ad5f,bfd4c500-09b6-46ba-81ae-48b13f8345ff,3,1,2.185839692156128,0.5623749619395328
73e379a1-a2e7-483c-ae9f-08bb40f5df31,2024,2023-12-16,e51fb2de-db51-4fbd-ab63-2a069c126779,b255fc28-3428-4006-adf1-9c1001ecb1a3,11,1,4.863430108582354,0.716402629017225
75e7949c-c68a-4946-b105-44640c638bc6,2024,2023-12-16,f92587ee-8d25-4b09-9a60-6203f75c974f,5052a2f3-f41f-41e4-a681-c6277fec0404,4,1,-6.21097115880917,0.24699677076200144
8005c9b8-8b89-4224-ac33-bef0c13e3065,2024,2023-12-16,eaac3de1-dd32-49d9-abe3-f56bbff80cde,52739295-a20d-42ea-b09c-a1e17be40d02,21,1,9.284349239202651,0.7961343084460288
80a2c563-32b2-406e-a53b-f485587879bf,2024,2023-12-16,350fe1ba-284f-4709-8cdd-3f745fcff0f8,a2069f0f-fd2c-4971-b3da-6ba010532fcf,16,1,13.589842743126386,0.9083503502865771
8164cc44-d91a-45a3-b91b-7299bd11d678,2024,2023-12-16,c840b153-1401-4ebc-9549-e027df3cc7e1,7d57c2ad-190c-4c1b-8987-ab2007a42023,8,1,20.47637477236882,0.9877069339174346
81fd52da-e1a9-4a33-a357-c51aa037e2dd,2024,2023-12-16,17a3b4e9-cfab-43a8-b7ad-73508d4d890f,da6b8f1b-a85b-4303-8500-c640c0d3132f,-10,0,0.5326262043943982,0.5583333795818926
87ba0fbb-a123-48a8-b5ae-47fe11c059ab,2024,2023-12-16,51a31921-d3f2-4514-821c-23df38e74559,8a753611-1c3e-422d-8c6c-5721763b5574,2,1,15.2057943494336,0.9165210802846006
88b954a6-0eed-4bd8-b563-f773a6a58756,2024,2023-12-16,1cabfd4b-0114-490e-8d0f-1257cd7f0ae1,c58c3009-46ec-43bd-b27b-b0d683ab2cad,10,1,3.818197908827174,0.7058293536419096
8a3395b9-f009-467b-a005-9424bfcd7f55,2024,2023-12-16,e42183ad-b44a-4746-8c0b-148ad61bab43,125fc4dc-8f42-45a8-b23a-3e50f4620499,1,1,0.34252479727932306,0.6343916035717306
91a0a883-0510-4509-a32d-8335f54728ec,2024,2023-12-16,2fbd9d1e-084b-43d2-9c7b-10ce0782be7c,5fcb12dd-e3b1-4e57-ac30-33da456cd5db,8,1,1.6970162292230724,0.6281583820708807
920d784a-1149-4a09-88d5-bb982459d7c9,2024,2023-12-16,23b31575-028e-4661-85ac-8d5835d6726f,49c78722-1476-440a-9de1-896fb7b7db88,-25,0,-4.2249697234808545,0.31433519775037033
9740a19b-3fab-4d8c-89b1-9c4dd69d1f24,2024,2023-12-16,0b9bc135-badd-4fc9-b7bc-bebccb08cbf1,3d25723a-661f-48c9-9c5f-db713077997a,14,1,16.796215823810396,0.9660612264863375
9a6a836f-ac80-41c7-8f4a-9d15e6cb5295,2024,2023-12-16,dde8f534-10a1-430c-af83-43b026e7ab68,da828fff-cee9-4151-bc4d-983ee436f573,6,1,5.524947043694798,0.6577772714385188
9a91798e-6f24-48de-963a-3e502bb871c3,2024,2023-12-16,8c121ba7-b028-4d29-8ac0-bfc3c1ff7b57,b80e54ae-3b74-40f3-9954-a1b0805cd1e8,8,1,-4.553453704952385,0.3594060263705626
9af269c9-251c-4759-ac6a-9917297a79b1,2024,2023-12-16,071229c8-25a8-4fd7-87a3-c30d0a95671a,9a06c3a5-a344-48e1-942e-a22438b842ec,1,1,12.173243157521938,0.848497895207305
9fa47668-e674-4c6e-8ef7-74cef46ced27,2024,2023-12-16,c71ebd72-5c90-41d5-b1fc-544e4695d9d0,629ca4e3-9243-47ce-8a02-ee7fe38e857c,9,1,14.608596983918048,0.9094599365628995
a285915b-b985-43e3-83e3-7b436d7308d5,2024,2023-12-16,3a4357d0-0685-439d-863f-f854c35e4c42,e1ef03af-e420-475d-8a35-c6e5380e9f6d,-17,0,-16.58984535589813,0.04830376728373679
a293957d-af88-43d0-9f9c-b4e7764b8e0e,2024,2023-12-16,2408f22b-e753-4c5a-9353-be75a4fb2164,47b967e4-0689-4d1c-863b-9d82c6ffbfcd,1,1,-0.32183412959313684,0.4809777506642521
a6a6df79-8d91-404a-a816-bdd7062f6d3a,2024,2023-12-16,cd369794-6765-4889-bd1c-89869447620b,09fca7ef-baed-4af0-a553-465ae1160049,8,1,4.645920290581611,0.6102152065763806
abadbeed-bc4a-4743-b0e1-989ec92f26a7,2024,2023-12-16,4e9067f6-7760-4a2a-ba37-273c77915540,25912c1a-f2be-4c07-857a-5eef6aadebda,2,1,-4.758705507505102,0.31365843698363094
ad3b17bf-595d-48e1-bc0e-65cdfb405e36,2024,2023-12-16,2bb9930f-6a64-4fb0-8ae7-2d18cc4ceb5c,993f004a-13e0-4079-8706-332aafab29c2,-6,0,2.506968131241058,0.5721617207511088
b5cc19f0-aac8-4c8e-9103-0d190f9a1b1d,2024,2023-12-16,6474358a-819c-42e6-92d7-0fd3ce20d239,63a49366-1e4a-4ecd-849d-4153e5e0a2e0,16,1,7.819093582441741,0.8561276666916564
b62548ec-ad76-4a56-a26e-6998e249424f,2024,2023-12-16,58113924-4aef-47a7-a675-cddc9e355cd5,686413d2-e94d-497d-a87d-ab911ac38ec7,34,1,17.7715891139966,0.9691826269150641
bc3c6433-1b7e-453b-8e55-80e04c26416c,2024,2023-12-16,03a91d53-3b06-4e76-b037-9c97d09645f6,d0cd742d-b4e6-4f30-88f0-872c2ac1e51f,-13,0,1.1107842390836908,0.5571718627951169
bc66332a-9b7c-49da-b99c-ad4115e97bc6,2024,2023-12-16,1394e3ce-706d-4097-9aaf-cad5d38aa5a0,4494a75c-3ddb-41cf-b75c-67fb9c0537c9,17,1,19.781231321931546,0.9718879964034363
beee60b8-fd7a-4edd-8669-a7d5c17c2a12,2024,2023-12-16,ede9d6c2-b888-41b7-8674-8638c41d2034,c2629a38-b5d1-44e7-9a32-8fb51cc9a116,14,1,18.73453902780299,0.9474580377870551
bf5c31aa-a877-4788-aa58-05f834ea2233,2024,2023-12-16,9b465025-fe2a-4233-b24e-310dbccdf4ed,88fe7301-2d1a-43f9-ba01-e8f7795634b5,8,1,13.501298128387964,0.9306852355404507
c1c9ebd3-ae7b-4b9e-91cb-084a6a4355cf,2024,2023-12-16,d7bc8ff0-3522-40a8-8309-346e8b4cf9be,57144631-7473-4b46-a437-8e2d8c760f87,11,1,4.712537761696936,0.7131257151885214
c20bd4da-2dd7-47c7-a820-3bdc86073104,2024,2023-12-16,c3681649-6e1d-4bf8-9b47-1d2868dca3e9,cf6e9037-e27d-43e2-bbd6-6583598ce383,-1,0,4.078684703029217,0.5736443418966737
c5d05b4b-f16c-403c-8fe8-240083c24b5c,2024,2023-12-16,9d7f5648-4f47-4192-9d8d-78454c962bed,ad741e6f-e15e-4f4d-8350-9973fa99916e,4,1,10.34881389337552,0.9058146324604541
cb343e29-99c6-47fa-9f1d-60cb7ab5edb5,2024,2023-12-16,384d8319-2770-4b9a-bb32-bd4da034d104,e5fae797-082f-4354-8c20-2c1c22c6ac8f,10,1,5.530668502157422,0.808838149728137
cd3741c9-cf44-4252-a3d0-903acd98457b,2024,2023-12-16,8925b65e-4ce2-4ec3-b501-c0075fe06b52,1b1fcea3-d0ee-4307-b5a5-4c2a4a591484,23,1,14.28050791834607,0.9113346683928005
cf313bad-5620-4f2e-8fe4-7655c8970fac,2024,2023-12-16,ea78667c-bf16-4084-80cc-2ab61a0e05d5,d7b7310f-6983-4a09-bb56-fda96e9f761d,-11,0,4.212904672809417,0.6507313539386027
d48361f5-3a6a-41a1-bc91-34e13b0fdece,2024,2023-12-16,e8e72618-33f8-4013-8305-43775a278752,7048a12e-ec8b-4bf0-a475-1316775a4964,-14,0,-0.319464486883073,0.4160691217897286
d6fa0dea-f0dc-4181-9a8a-7e214775292c,2024,2023-12-16,439b6cee-3be6-4471-bddf-f7cb8c69cc85,1ac84e49-be83-4e9a-b4a7-0fb0b7465b32,24,1,3.128448268926128,0.6462748715466793
d79c2616-42cb-4d3c-a1af-2c0bae8c5b09,2024,2023-12-16,8fce643e-75f7-4242-b565-2a4818e1eeba,bf4f25da-dd8b-44d4-a4b7-4671b3c37db9,-11,0,-16.03047370554438,0.05635550443742284
db11bb1d-9bf5-440c-970b-d65db7a931fc,2024,2023-12-16,2ca82167-d915-492e-98e0-4ee592960583,4b962e36-92f2-493d-a9d8-e62b725d5b76,-5,0,-7.640422960321769,0.21532670892436964
e0526b20-d3bd-4167-84f5-c94b7a505ac4,2024,2023-12-16,dd1136c6-9974-4186-b206-7e24f2bf7dc3,15de2bd3-69fa-45a8-b95c-4d5e91232ab9,3,1,10.218904291199987,0.8836790024739385
e1e61ba7-f73e-4bd1-9561-48aedabdd3e9,2024,2023-12-16,5f480384-0cfc-4e90-837d-db9cc8d292dd,051d13dc-5152-426a-affd-0cf01ef80268,-1,0,0.15088744512309965,0.5427223342422065
e3b41e7b-ece9-47c9-af03-cdd85f0e0b72,2024,2023-12-16,b7f069ed-b9be-4147-b87e-fe1bef8386b4,1b0dd005-3190-4ca9-b74d-111343f2fce0,-4,0,-1.77938569539669,0.35605173325203543
e5c287e5-7214-4007-8694-b94f884b4280,2024,2023-12-16,05aedf2a-3424-4acc-9537-4d52dccd6e02,29fcbb70-fa3c-4806-8768-15b5ec4a8449,-21,0,-13.738688854205277,0.05370482257628206
eb021c39-e87b-4e07-9656-e48a2858d615,2024,2023-12-16,f162ea30-6b86-48f3-bdc5-48c97448256c,31108a77-31cf-4228-9c6c-3a9665e9e17a,28,1,17.414204664894566,0.9585964377343159
f2542acc-1211-4eb7-a147-698b9caf78b1,2024,2023-12-16,a64af70e-61a8-4777-8e8d-9a7815f78f3e,35d0a28f-e3d7-43ca-90cc-daaf0b7c278e,-25,0,-6.180664248627678,0.2960732797508671
f34ec58d-e70c-4a33-9208-7a70e974e979,2024,2023-12-16,644a0213-9ca5-4238-af33-7c8ed45fc88b,e308f5e0-c422-490c-901a-575bb49f1c7e,7,1,1.946371144919067,0.5720655345046457
f433e3fd-2ef6-4a43-a640-e6f647ed6644,2024,2023-12-16,9be057a5-becb-47b1-b84f-041147698411,85effc0b-7382-452e-904d-22a52433ccb5,-9,0,-8.529624213467198,0.20659640089115755
f541621c-2cee-40e9-b820-679b524a75bd,2024,2023-12-16,4c4cb93b-7b16-46b7-9d21-5ff908de25a6,da6142ab-a5fa-48a0-b6ec-864a8119be75,-2,0,-8.993987788214248,0.1958761177459377
fb7971bd-cf24-4e6c-a53a-6d7c3e70ef2c,2024,2023-12-16,38cf12f8-b27f-4c69-8f14-254930816a8b,33a4f970-bbcb-47ad-9bfa-ae6f0eaf792f,6,1,-7.659924456296636,0.23265031374823242
fdb1fbcc-42bd-44be-954f-2cc0a1d565ef,2024,2023-12-16,873b654a-5825-415c-8a11-5e5b15bd2ac8,f6d188d9-c992-4de8-801d-4995b25abaae,6,1,5.301595455055003,0.755498673686955
06808dea-605b-45c9-b53a-02762093bc6e,2024,2023-12-17,fd495afa-fc22-4081-905c-24f40ff2656c,db374003-37d9-4d61-a3f3-7abec141d33d,22,1,7.808182128028365,0.789945463413063
147e1188-0a1a-4f0d-8845-be7b84494673,2024,2023-12-17,6b296d7f-de88-4a16-8a22-b28077a669c4,f18598d0-e0e1-4f15-95f2-e11df8bc3126,-6,0,-7.317193343661228,0.1755791697100313
1d5e769c-5d6a-4821-a801-47830c382ffa,2024,2023-12-17,155c1dd9-ba93-42ee-a28c-238768724494,5cae196d-fd0c-4944-8120-41d5abecb290,18,1,2.4389204132978737,0.6237363531121897
24a1e61b-effd-4641-9334-499a4f8ce582,2024,2023-12-17,4c073afb-cc2c-4ed2-bd8f-2f545ae1bea5,6068f6c0-7e92-4dc4-9da8-1bfbdb60cf2c,-16,0,-5.203792748761538,0.3360911738346962
29bbfb8f-5563-4360-9e4c-057da079f9d0,2024,2023-12-17,a7951831-d013-4591-8037-4212b4a85c3d,c51998cc-ad65-43ec-88c6-a0f160ff7902,-20,0,-1.4457936591444276,0.44914005331314744
2e61657f-7b73-4b09-9770-bbef101a1c86,2024,2023-12-17,2c8d46b6-8e8e-4229-85a4-0713fe1c6c4f,3e3e940b-dd81-42f3-88f8-4e988278be04,2,1,9.816498320011812,0.8488599031228188
38bbe0ec-ed9d-4281-898d-c79fa7b196c0,2024,2023-12-17,00aed6ff-2151-4d45-8b3c-776ebb0a51da,bc3f184c-a2c4-4518-89d1-f58ee454b86e,19,1,20.018618114325477,0.9750240435821719
3bbb7014-15f8-405a-9b10-6347310d42d2,2024,2023-12-17,9c1431a3-21c9-46c9-8335-1b85a6022223,7fdeff97-4db9-4c33-9fc6-9f03bd977d30,21,1,14.887387567271421,0.8881767737234417
4ae249ca-eb07-4d65-a683-e62d1b977caf,2024,2023-12-17,10a27e98-10ab-4397-bb74-d3a92cc590dc,48a6c30c-21c1-4d12-ac7f-590a1fdb0238,-1,0,0.7218940948759374,0.47329788546617096
5783f51d-b3d9-400b-bd2f-c1b6705ee44c,2024,2023-12-17,ef75db17-4afb-4e3b-a928-30e871ec130c,7af1094c-c99d-43dd-b41a-1b72a81abfb3,10,1,7.348779873374219,0.7914555217171563
63144499-48d9-4f52-95d8-b987bce9957d,2024,2023-12-17,1d3cac70-c7f5-47ea-bb26-00ba78e1acbd,01300ab2-c4a7-4740-a5ac-3541d598620e,18,1,14.377466404615086,0.9209783539662383
81fc6056-8961-4daf-a86d-4dd7e9f24848,2024,2023-12-17,45e40bdf-5c84-42ca-84d2-a823db0b6609,79479954-cdbe-4601-a82c-35936960a7dd,1,1,10.006962749686092,0.8718667928285364
8464e57e-7548-4b35-a2fe-5284fdbb9c91,2024,2023-12-17,0c8ee784-d7e9-4ac4-b0c7-3ca89567c515,3bdd846d-463f-4ddf-8719-13ed1e3f2634,12,1,9.373872082410792,0.8499961152711518
87127b11-7fb2-440b-b502-021f3668c354,2024,2023-12-17,33a4f970-bbcb-47ad-9bfa-ae6f0eaf792f,1814170b-a11b-4328-99b6-082f1e76f5c5,1,1,0.032589197740905296,0.4746749173183282
87693f3f-ef5c-4115-9ca1-1c8b17d997db,2024,2023-12-17,887d2364-968e-43c5-83af-c227595022bd,268a2907-58d0-4693-98bb-a6cecdae1c63,-4,0,-8.228242021184673,0.1751725707995371
8b246abc-0499-4a3b-bf8f-18d94e9c17c2,2024,2023-12-17,4e6747c9-6a64-4fc5-b96c-e38ea635f22c,639774dc-a89b-435f-80d2-4c65549fd3c9,6,1,3.3585333965854054,0.6303837126732753
946bb878-8a78-4cce-9888-447ddd61fe85,2024,2023-12-17,dac01aea-9f35-463a-9dce-75d4575160dd,754d9f26-9ca3-4bb8-8aa3-065bcf9ec6df,16,1,19.21932293462411,0.9793835629920342
b4c57c49-b66f-41fe-a16e-4a4e09901dce,2024,2023-12-17,e5bf7042-0036-4e9d-81f3-3126a9675ce0,f9c26112-b1ea-411e-b273-e74e8ce3f1ff,8,1,4.13667046735226,0.6190462668250496
b56aee1e-b7c4-4476-ac91-4c29538d1578,2024,2023-12-17,be683752-ceea-4783-ae94-66be0178e1d1,38cf12f8-b27f-4c69-8f14-254930816a8b,8,1,7.916515663796122,0.7603061178004824
c1cb0ff8-f4cb-4750-8f8b-888d82e346f7,2024,2023-12-17,9cde2e64-799a-42f1-84dc-71779b1219f5,30a1a9be-60b7-4afa-9dcf-92694c2703d1,17,1,17.158059809736873,0.9522034147376998
d9043caf-64ae-4e49-8a47-30ac20489253,2024,2023-12-17,dfdc9d0d-4a83-4244-9c07-9b3660ba4f6f,0d6ccccd-6ee7-4ed7-a231-381c6b268e2b,-11,0,-4.857337270614684,0.26526937440124776
e27faa51-a635-4a08-9a10-025ca063349f,2024,2023-12-17,e12ab562-dd12-4b55-909f-669834d3d963,9341db15-6a24-4506-804b-e37983918ab9,-10,0,2.700226311806858,0.6265530226368131
f3e5a725-02e1-43b7-9c5d-3b0884ee2729,2024,2023-12-17,550c3333-8e82-49d4-b9c6-ae13db14a84f,95466c2d-a184-48f8-849c-d6957bd1df52,-6,0,-7.1487448420671145,0.22186517364833028
02ed1e4d-0427-4bb3-a0ad-e3834749fe8f,2024,2023-12-18,cf6e9037-e27d-43e2-bbd6-6583598ce383,92b76481-ab53-4e96-a0ec-5f522c031417,10,1,6.685952664415266,0.7544518258664967
0d43e5f1-f5c2-450f-a535-90bc7c073e47,2024,2023-12-18,ea8c66b5-8fe3-41dd-a56a-b85bfdc613c3,e6b0799b-abce-441c-929c-964306f8fc27,-3,0,5.96879433209508,0.7319837861679175
1e0082c8-3fd0-4c55-a5c5-85991ab0a436,2024,2023-12-18,5091ac5b-fcb1-423a-9cf2-0981de634633,e1ee7493-ca48-4d8c-aefe-83427a4e66af,-9,0,-8.859463314648472,0.23172664573363458
1ef9d8aa-a90a-41b5-b8af-e15772af7d33,2024,2023-12-18,1c1c3846-4bad-48b3-b8be-dba7d24af981,312cd404-9fa4-4f04-b8b0-cfed95e31398,-3,0,4.343652668149121,0.6692606668033421
5f83ccf2-d19b-4a5d-96dd-3d7d959f6229,2024,2023-12-18,ba033ab0-c07a-4b71-b7f4-243ae194d23b,5bd874c9-de44-4954-a4f6-428ed3fde8a6,14,1,-1.1523097072754065,0.4493852361934894
6e13bb06-e89c-4061-b8ca-78de5966e19a,2024,2023-12-18,82ee0a8d-e51c-4a87-bd7b-72707ec8b342,f1c92057-9fa5-4bdd-b404-96dd624192b3,24,1,14.037915417793755,0.9614066154186415
9a0ad855-0984-4f5f-87e9-9afd936bacad,2024,2023-12-18,b4c9b613-0bc6-4295-b293-3b56c2020f1b,c58166c3-f02a-4e33-9fd0-9fa7b0711d94,23,1,17.490777820130184,0.9560788293251651
9f908a0d-c2f1-4660-98c7-70e6dff5f6fa,2024,2023-12-18,f245c41f-897e-4985-9153-43034bb26bfa,af6bf0c9-2e1e-4334-8982-93f14a35af57,2,1,0.27487507947769313,0.552992317267611
a809132e-2038-4d04-9d9f-54c5d1120e0e,2024,2023-12-18,04119628-781b-40f9-ac7b-3c8fe82375cf,f2e0429e-8513-40eb-b536-1aca6697aee5,10,1,0.8529811786649973,0.5605389807214632
b560e374-3645-43c6-8b37-5b4ef2db2bfb,2024,2023-12-18,c05bd27b-1eb5-4bfc-b1ec-29735fe183f2,16aca559-5828-43a9-ada9-f35f973f4863,20,1,15.310215616423164,0.9579597271604976
d339237f-97a6-4101-84c4-3e400d8e633d,2024,2023-12-18,85effc0b-7382-452e-904d-22a52433ccb5,730db31e-4fab-472d-bf25-7b882deff0b7,7,1,5.10701008954624,0.7359913268546564
df2cd73c-f938-4aa7-a7f1-159ce002bcbf,2024,2023-12-18,371811fe-0533-4539-97b1-b56f642d0fd9,a4e0b7c0-e98b-4e65-9408-e26a9aedac8d,-3,0,5.944073125247085,0.659447661075599
e86d3f57-c8eb-4888-9a91-c05ef33ca5e0,2024,2023-12-18,439b6cee-3be6-4471-bddf-f7cb8c69cc85,4eaf68c0-dd32-4705-8f2c-1c1dd2880a74,17,1,15.462965705489644,0.9427565163088362
ec07d5e8-4b64-4b11-b652-9802feaeee36,2024,2023-12-18,cb1440b2-adac-4775-96c8-c4f00641d353,b1b6c3d6-c825-484c-a8fd-a4e0816d19fa,-31,0,-1.144746582717929,0.47196221423067114
03817594-ab17-4000-a7fd-364159dd0231,2024,2023-12-19,ea78667c-bf16-4084-80cc-2ab61a0e05d5,238b3f68-0b29-4056-97f6-6c10a093cd62,16,1,13.025982835136956,0.9135720186949083
0e8551a9-c752-468c-831f-fc7d1ad1dc35,2024,2023-12-19,b1937cc6-0f34-4060-82ec-b2bfe4c05aad,9b465025-fe2a-4233-b24e-310dbccdf4ed,5,1,2.042290362940584,0.6186343120829259
11d1cf7a-ffc1-4ee9-8351-e5471762da20,2024,2023-12-19,051d13dc-5152-426a-affd-0cf01ef80268,071229c8-25a8-4fd7-87a3-c30d0a95671a,-3,0,-3.8330009138055576,0.3514768938629105
17181ab6-5d26-4066-84ef-084d6e9a1c51,2024,2023-12-19,4b83e4dc-410f-4835-a8a4-8ccffc29e016,4aa110b4-c8f4-438d-b44c-2d6a5c74ab8e,-20,0,11.041178070895114,0.8512624507983986
1791ab91-069f-400a-9389-0519b1f326be,2024,2023-12-19,b7f069ed-b9be-4147-b87e-fe1bef8386b4,fc7ccbd1-42ce-4200-b33b-0f8f3de48473,1,1,7.578678114456839,0.7642985709222295
19fb440a-c977-4dbc-ab88-b3e3597acc01,2024,2023-12-19,db9d85a6-59a4-47ff-a287-b40442bf460b,b6c9db49-45a1-4d98-9a80-dbbe19471992,29,1,32.24491694886255,0.992684798071448
23a7d5ce-13f9-4877-90b7-a3cd205f6905,2024,2023-12-19,c3681649-6e1d-4bf8-9b47-1d2868dca3e9,dde8f534-10a1-430c-af83-43b026e7ab68,-18,0,-9.509221287341504,0.11788067313857005
2f5d8b21-fa07-4c01-bdd4-e667ea86b655,2024,2023-12-19,fd42047c-b7c6-4dbe-93e7-69cfd125995c,e250c58f-f6a5-4da7-aff3-c6770b9a14da,-21,0,-19.48425070412076,0.043542195746939814
3bbc924d-4b56-4585-bc0a-7140b639ef51,2024,2023-12-19,791eb121-5f34-499b-a1ff-469bc9007fe7,52739295-a20d-42ea-b09c-a1e17be40d02,3,1,3.8970801302770726,0.6996081084177715
3c680cc5-2ded-4e96-b2cc-9ac687fa6dd9,2024,2023-12-19,df1d6c5c-77eb-4d21-b5dc-6cd579f74d2b,2deaf391-9719-4c95-bb3c-acc6f8baba86,10,1,7.849122989963522,0.7920320940684052
4480adf7-3e12-4e3a-8e40-70d13c9ff59b,2024,2023-12-19,ede9d6c2-b888-41b7-8674-8638c41d2034,60ee2d19-003f-4603-a2ad-838b3e6d6cc0,15,1,-6.607569632278099,0.2224631219389815
550ae36d-f66c-4b4a-a996-7641ae186f36,2024,2023-12-19,29fcbb70-fa3c-4806-8768-15b5ec4a8449,0d6ccccd-6ee7-4ed7-a231-381c6b268e2b,-12,0,1.9031138663942126,0.5123416613319413
5dfcd162-f3a9-4ec4-998c-40eb94cfc9df,2024,2023-12-19,215ed27d-58e8-4e84-ab60-6d170d404304,493c2e9c-ef36-4b2a-8a7e-32c890e85a4d,6,1,17.09108862285973,0.9429360944113082
62abf912-9ccf-432f-a86d-11aa96d7f3d1,2024,2023-12-19,f5583f43-2ae1-4834-b364-107222763dde,8a753611-1c3e-422d-8c6c-5721763b5574,-5,0,1.2243755408813437,0.4698340412880041
780edead-9970-411a-9925-74c14b0d2395,2024,2023-12-19,00a52b15-70b5-47b1-86c6-8e30652728c0,05f1d3d6-8079-4142-beb6-628fd19c74ca,13,1,15.709616598064894,0.9580029682008262
7beb73eb-84e6-4606-b9ab-18c43ecd69a4,2024,2023-12-19,d7b7310f-6983-4a09-bb56-fda96e9f761d,20abe49d-2029-4327-96f6-389664f5da7f,36,1,26.768655477555992,0.9886974493901223
7c1aa4e0-4478-483b-b35a-3045b4029aed,2024,2023-12-19,e1ef03af-e420-475d-8a35-c6e5380e9f6d,28e39e04-5ba3-41eb-808c-3ab653c2ef06,39,1,30.656429919077414,0.9917274105014823
7e5e1b94-66a4-4e12-8ee1-2fabaa934386,2024,2023-12-19,e8e72618-33f8-4013-8305-43775a278752,14393a14-3128-4184-bf05-72f6bf2a357b,16,1,19.915261861842215,0.9719587348828889
83c1d14b-2e7c-4665-a795-4e1ce1ba62b4,2024,2023-12-19,115916ea-f145-4974-a257-5bb24f7c1ccc,a2069f0f-fd2c-4971-b3da-6ba010532fcf,10,1,12.19478285024624,0.8913302836231035
9e2060c7-6153-43b9-96d2-920e21490368,2024,2023-12-19,e0cc707c-bdef-43a1-a3f0-c1ddfefdadd3,f9c26112-b1ea-411e-b273-e74e8ce3f1ff,-12,0,0.8458822636956032,0.597400717777765
9e64ce32-5dbe-43e4-882a-571b7fed86d7,2024,2023-12-19,df2a7293-fc74-4f81-a93d-98c8989ea725,2493388c-6fee-41f1-90b0-e82a447a607a,1,1,4.4827143578801705,0.6504752708916466
a5f15614-08c7-436f-91b2-032d6141d9ee,2024,2023-12-19,e06623a6-8f03-43b1-83f4-b653f6819ea2,22ae415e-1335-4b89-a126-bbc7a1d7901e,-1,0,-4.37594686370138,0.32662290388592713
a751f588-d9f5-4631-9c51-efd826fcf389,2024,2023-12-19,a7f405f8-389a-4a00-bb71-6d07d48f4fe8,6cc29af2-0d45-4399-b571-caa43e20e554,20,1,12.657106853271369,0.9113108160419973
afb30305-bc81-43fa-90d3-c6d50774f9ce,2024,2023-12-19,e308f5e0-c422-490c-901a-575bb49f1c7e,54e8cb38-83f4-4866-b3d1-d0e1dfc530c6,-4,0,18.2042582208081,0.9687808545319827
b1c6e898-014c-407f-8618-261da22e2d34,2024,2023-12-19,2ca82167-d915-492e-98e0-4ee592960583,63627b20-aa4c-4e0d-bcfc-40a5fe150e8a,-11,0,-0.9014924741867683,0.5139710478464331
b455c57c-e553-4e47-9b72-55fa4f7d1a4f,2024,2023-12-19,4e9067f6-7760-4a2a-ba37-273c77915540,51a31921-d3f2-4514-821c-23df38e74559,23,1,3.586894181500471,0.545111795923062
b84f252d-c527-4ed9-a414-7a35e15ff0a1,2024,2023-12-19,7ca95dca-8ca9-42a6-b9a5-307d339df9b7,65c68c5f-fc3b-4781-a912-2a4b17be699e,3,1,7.182572723302504,0.7626046102419264
c8413cdc-4e21-4661-ab94-207fc2a4e030,2024,2023-12-19,424f7a7a-158f-4ad0-adb1-4b3ebe25b11e,d2ae40ba-651b-4006-8b22-61c6b9ce0e33,10,1,13.354722234888783,0.9382124480175983
ca8b7344-576c-464c-b015-7be2cbc24211,2024,2023-12-19,384d8319-2770-4b9a-bb32-bd4da034d104,2198dbfc-96fd-40be-99e1-e697e4c3d996,21,1,5.851068092933028,0.7728717299506336
ccf09306-fddf-47b7-9410-15d06eecb42d,2024,2023-12-19,e3158bc2-1467-4311-8540-c4f77e10aab2,c2629a38-b5d1-44e7-9a32-8fb51cc9a116,14,1,3.55262430771908,0.713464624773822
ccf572c1-16b2-4e7f-80ea-9df3e8b3d857,2024,2023-12-19,47b967e4-0689-4d1c-863b-9d82c6ffbfcd,7af1094c-c99d-43dd-b41a-1b72a81abfb3,13,1,12.716874298131994,0.899499232068939
ceabf1fd-4dc4-47aa-bd30-b0cccfb161b1,2024,2023-12-19,1394e3ce-706d-4097-9aaf-cad5d38aa5a0,6d3e1830-dbbe-4e70-b7e9-1eb765f0acf8,-5,0,-7.532254181272235,0.22986363489435382
d52e7961-9519-4104-9bf1-d088e48c9500,2024,2023-12-19,adf7b22e-19a9-437e-ade2-833bb31da77c,113341aa-9630-4951-b161-71419ed62dbc,19,1,6.266828605044834,0.7933721546775141
de248e79-958e-4b40-a0a8-26b40a9a560a,2024,2023-12-19,da6142ab-a5fa-48a0-b6ec-864a8119be75,dedb6ed5-06d8-4ba6-a1cc-e3134a2c7937,37,1,26.939222405852238,0.986843968502902
e3a4b82f-812d-419d-a856-7844f9e10858,2024,2023-12-19,3457262b-c7da-4834-a20d-ad6be302a671,33176e8c-5f9d-4bcb-8c56-9a0a5f7d7f1c,11,1,7.656331464598469,0.6954330238000749
e458e70b-f497-4687-ae33-b4fc490296aa,2024,2023-12-19,2ed44d95-e306-4823-a4c3-196ffb777766,993f004a-13e0-4079-8706-332aafab29c2,22,1,26.30172338764891,0.987131573211331
eb10c356-6f24-45af-9071-64da66a2759c,2024,2023-12-19,dcf85f3b-a79b-4a61-9cd9-d6a90541bf3f,17a3b4e9-cfab-43a8-b7ad-73508d4d890f,15,1,10.489669962931671,0.8503083057570775
ebb80ad3-5210-4c72-b092-d2e7a37bc316,2024,2023-12-19,bf4f25da-dd8b-44d4-a4b7-4671b3c37db9,99b16ea6-899f-484c-8a9d-b2b5bb872d9d,21,1,25.896149544272422,0.9892110697993296
eddfb841-f4d4-4510-9651-d57e3bfa7550,2024,2023-12-19,abad6a22-9569-47ad-9945-a6ad9345c30f,01300ab2-c4a7-4740-a5ac-3541d598620e,37,1,17.553469558519797,0.9608910597724768
fac2e223-14d7-431c-a014-61516d782863,2024,2023-12-19,1cabfd4b-0114-490e-8d0f-1257cd7f0ae1,3a4357d0-0685-439d-863f-f854c35e4c42,10,1,10.79201893099355,0.8470270816913794
03956223-cd28-406f-9a6e-8d82c97dfd2c,2024,2023-12-20,101749c8-ec05-4370-a95b-47f56c433623,629710d8-479a-4efa-b5f3-d77767ddce70,22,1,19.064707305102846,0.9735966941112233
0ad3cc56-39ac-409f-bf60-f373153875f0,2024,2023-12-20,b20b957b-b406-4f6d-8f7a-2f88e3b49bd5,03a91d53-3b06-4e76-b037-9c97d09645f6,-13,0,1.8598458282367336,0.539625965350207
158f0555-1c26-4fd8-8ff0-447ca5d05a66,2024,2023-12-20,2f0bd8d9-4435-45ed-9efe-045f835c15a8,8925b65e-4ce2-4ec3-b501-c0075fe06b52,14,1,15.142978519221645,0.9095589213087768
15abbe11-1c90-46ed-a27a-fa2c4060d09c,2024,2023-12-20,cf6e9037-e27d-43e2-bbd6-6583598ce383,1b1fcea3-d0ee-4307-b5a5-4c2a4a591484,1,1,2.720098344641584,0.645663873989259
25925277-8d72-42a2-9b04-9e665642a797,2024,2023-12-20,e5fae797-082f-4354-8c20-2c1c22c6ac8f,b1b6c3d6-c825-484c-a8fd-a4e0816d19fa,4,1,8.445443997620005,0.7906910035665841
2c6419cc-f59c-49ec-8678-4504fe6c7072,2024,2023-12-20,85effc0b-7382-452e-904d-22a52433ccb5,39decbb3-b24d-444c-970a-39aa53a01ef6,31,1,13.383822776236647,0.9354788370881063
32a2ed31-af75-4396-b925-ac7b1881c044,2024,2023-12-20,dfdc9d0d-4a83-4244-9c07-9b3660ba4f6f,8c121ba7-b028-4d29-8ac0-bfc3c1ff7b57,3,1,-8.28939565048565,0.18811197550991726
35431cf3-1e28-4faa-8ee8-60fb20e52030,2024,2023-12-20,7f15159e-f7a6-4016-869b-962879f5c296,a9569511-9e5c-45d1-b958-3e29c52f612e,-19,0,-8.478513839325913,0.1593902659644937
3928d796-d3a6-4a75-9a81-7eed73eae40e,2024,2023-12-20,b9e1a15d-9de2-45e6-9fc8-b3444d1bc0b5,1ac84e49-be83-4e9a-b4a7-0fb0b7465b32,8,1,7.0618975011612575,0.8031372318349496
3b9a584f-4046-480e-98fd-aebc6354f8b2,2024,2023-12-20,da828fff-cee9-4151-bc4d-983ee436f573,638757a6-508b-49af-b5d8-661c0059c04c,4,1,4.7700122286803355,0.6881186392560327
47a33111-09aa-4dee-a68c-1e4a1e65b8aa,2024,2023-12-20,58617cc8-94d5-4f69-a677-9ab4cdc52a33,c58c3009-46ec-43bd-b27b-b0d683ab2cad,13,1,4.2188311833378975,0.7525526220346185
51758465-16e0-4e13-b20e-5de82a267f7b,2024,2023-12-20,9ccf2901-b49f-4aa3-8a4a-d59d017dfabc,a4f24556-d2b0-4bc3-bd21-758340750c58,13,1,11.855879060165293,0.8798850066164032
524f50e1-c47f-4694-b728-3c0700468bc5,2024,2023-12-20,639774dc-a89b-435f-80d2-4c65549fd3c9,63a49366-1e4a-4ecd-849d-4153e5e0a2e0,2,1,5.719743731292516,0.708870647855216
6706cadc-5dc6-46f3-a538-3fd2ecfb78a3,2024,2023-12-20,7048a12e-ec8b-4bf0-a475-1316775a4964,4eaf68c0-dd32-4705-8f2c-1c1dd2880a74,24,1,12.15635925385382,0.9040015276002435
69caea71-cb12-4ec7-81a8-aacc24f1db8d,2024,2023-12-20,d7bc8ff0-3522-40a8-8309-346e8b4cf9be,f6d188d9-c992-4de8-801d-4995b25abaae,-3,0,5.572114294396346,0.6261363797368132
6b7d1da5-5695-4baa-bcb0-e2a5343b355b,2024,2023-12-20,25f32a40-1a9b-47e3-ab20-74659cba9520,91d935fa-7d8c-41e7-a184-72c0f770d10c,12,1,13.53600206137184,0.9060439717721773
70f00871-72ab-474c-a6b9-92b9185ec00a,2024,2023-12-20,48fce6fa-2dd6-4fad-b5ca-cf5cccdc3fa1,79bf464f-0d3a-4992-b310-86d2abbc2244,-2,0,-3.923792585812763,0.38233623620582435
75a62089-8066-4068-8d64-3d7cbaee965f,2024,2023-12-20,2ba07bf8-0306-417b-b7fe-b2d29b7d0eb1,1814170b-a11b-4328-99b6-082f1e76f5c5,13,1,2.7924491136231318,0.6131205758714223
7f1431db-656d-45c8-b7d6-eb464012c9ce,2024,2023-12-20,9c1431a3-21c9-46c9-8335-1b85a6022223,76748a8f-7de8-46dc-b80c-a1a7fbcb84ea,6,1,12.250603656133558,0.8725989665946331
8c4165e0-604a-4460-a103-279d224ea81b,2024,2023-12-20,09fca7ef-baed-4af0-a553-465ae1160049,bfd4c500-09b6-46ba-81ae-48b13f8345ff,13,1,2.342494958177734,0.612157664846373
9ac21d5c-5765-4246-b540-cf2414dfe61e,2024,2023-12-20,3a30d561-24be-4bfa-8d8d-75e645c4ad5f,2b1a3f03-7d93-471b-be12-d487164eae0f,-2,0,4.131587814452242,0.6923640290998081
9d14a941-71af-44dc-a360-f21d1cb9a7e9,2024,2023-12-20,7747d9fc-9e15-4b0f-911e-ba64828748ed,be683752-ceea-4783-ae94-66be0178e1d1,24,1,29.316168829514293,0.9912114766568006
aa37f56b-4628-4ee0-bb05-8368c83b9697,2024,2023-12-20,95466c2d-a184-48f8-849c-d6957bd1df52,4a01023d-3637-4ac5-bf1f-37c08b2438a5,15,1,-10.16904909704958,0.12158427594350052
b26c0749-e6f4-4fdb-87d1-3829b1aec9ac,2024,2023-12-20,10a27e98-10ab-4397-bb74-d3a92cc590dc,0c2a9ebe-8c6a-44ec-8643-1dbac7642ab9,6,1,4.168244432125494,0.7134655869561073
c05aabfd-3c12-40e6-9349-5e5b6aa09009,2024,2023-12-20,0b9bc135-badd-4fc9-b7bc-bebccb08cbf1,9be057a5-becb-47b1-b84f-041147698411,42,1,28.236452108600574,0.9890912651997956
cfa1a62b-bee3-4d0e-a581-16078c306c18,2024,2023-12-20,f162ea30-6b86-48f3-bdc5-48c97448256c,6eb0ebaa-8c99-466d-8fad-68b897f2a9e2,12,1,9.47589131826291,0.8158202295315959
e4fe6c1e-825d-4192-a4e9-35fdca75fb55,2024,2023-12-20,89a85f65-8bbf-43db-b23d-362af1afc44d,824aff8d-6409-4191-9ffa-e2daa335b7e1,1,1,-1.1424488736740601,0.4820143128358859
e86dcffe-7a55-4f7f-b8b8-138b30320b5e,2024,2023-12-20,e7f5f157-7a33-43ad-8282-59e1c4ad9b25,350fe1ba-284f-4709-8cdd-3f745fcff0f8,15,1,11.649412262839839,0.8887381758385523
e89005b8-d31d-4cbe-8d45-f2f6603a3099,2024,2023-12-20,8ce6b3fb-8bb0-49b5-acaa-caed76d542d7,73a80df0-15db-447f-b97c-418cc82a508d,-11,0,0.48315108444251337,0.4575125417785181
f1a0b9cb-b672-4f65-b4c2-2f2a5f6756ac,2024,2023-12-20,6068f6c0-7e92-4dc4-9da8-1bfbdb60cf2c,c79306a4-5139-4f8b-8b55-21b42e22858f,8,1,20.88125166360586,0.98838706130809
f27693b3-8a14-491e-a9e3-73092062a695,2024,2023-12-20,73db7905-652b-4320-aac7-243f2f2f70a2,19b40071-00ca-4d8a-8188-a03d635e9811,12,1,19.107682933627057,0.9824668845056694
f8dedde7-3304-4683-b0fc-9549ceaac3a8,2024,2023-12-20,58113924-4aef-47a7-a675-cddc9e355cd5,5052a2f3-f41f-41e4-a681-c6277fec0404,-12,0,-4.7930310865393615,0.37107803562865194
fe3127a8-0fe8-487c-aaca-885d6158b61c,2024,2023-12-20,cd57c823-e9d8-49c1-bbe2-af9da08499bc,00aed6ff-2151-4d45-8b3c-776ebb0a51da,9,1,4.229961363856512,0.6738994500096166
fe471d62-a4fb-4a78-bbac-c92387bebdc8,2024,2023-12-20,5fcb12dd-e3b1-4e57-ac30-33da456cd5db,7f63e419-1d15-4c08-84b6-dc393ca0146a,-1,0,4.554088927750567,0.6053761744994289
02b0a363-eda6-484f-8c04-46c4ad525dd3,2024,2023-12-21,409dd213-f612-4ab7-a0ae-8060dd9a6ef4,c0dfc734-0d40-4cba-86b5-fb2ad5c73da1,27,1,23.798530794555944,0.9872923298703201
0d0878e7-fc86-4db6-aa94-86269ee05a5a,2024,2023-12-21,74434c65-ac07-4a97-9998-737791311fb1,1d3cac70-c7f5-47ea-bb26-00ba78e1acbd,-13,0,-8.671317935759372,0.19413920283945205
0d61f5ad-01f4-4a34-8280-a756cc2bf493,2024,2023-12-21,2f522e9f-f586-4f8b-816f-a83d9e6231fa,8fce643e-75f7-4242-b565-2a4818e1eeba,17,1,17.323699389770713,0.946234423123497
0e7906c2-b486-48a7-9ef3-8d3a6347c726,2024,2023-12-21,632ba9bb-afd9-4b5c-9c3b-4e60816c8e4f,01300ab2-c4a7-4740-a5ac-3541d598620e,4,1,8.511481104069862,0.7241459267642827
0f6268f0-571b-4d17-9d47-005ba1af43fc,2024,2023-12-21,f93c4c92-e869-45e6-8970-2a02d80141c9,9f152b52-7847-49c3-83b6-8c68295d484a,-24,0,-13.869185614421893,0.05258191781335608
1079b089-7cac-4a42-a8de-a3772e8200b8,2024,2023-12-21,ed50f577-3ab9-4627-80f9-bc931ee42370,312a943b-3a6a-4f8e-96a3-02cf6ff38b41,10,1,9.790915646380245,0.8755776518430571
10818a56-cdff-4a24-80f9-60ce27ddc029,2024,2023-12-21,af6bf0c9-2e1e-4334-8982-93f14a35af57,b1cbdf0c-474e-4b52-ae02-f856ceda214b,11,1,13.842471420709053,0.9241814244650068
11facbdd-4654-464c-962c-cabfa13631dc,2024,2023-12-21,ef75db17-4afb-4e3b-a928-30e871ec130c,8b8c3790-682d-4010-b304-45ce213ad62f,21,1,18.43028213611473,0.966170316787025
167d2676-5f1f-4ce7-a792-cd580bcce35d,2024,2023-12-21,5368fba0-1d0f-4310-9dea-c25c58762dd1,f5583f43-2ae1-4834-b364-107222763dde,-2,0,10.009255195215164,0.8394347526933936
170ac16a-2403-4129-a333-0be8c6c73a1e,2024,2023-12-21,65cbd49d-db3a-4043-8bb7-7bfcf57c017c,38cf12f8-b27f-4c69-8f14-254930816a8b,-3,0,7.3220711376833085,0.8092846082994538
1f35c9a0-b59b-48bc-b68e-d9d9ef40d049,2024,2023-12-21,c2629a38-b5d1-44e7-9a32-8fb51cc9a116,401408f8-2ce4-4ef1-97c2-5a68c979ec7e,10,1,10.380726126131187,0.8774842106351975
23a2f3ff-ddb5-4328-9b35-440a65f72216,2024,2023-12-21,696e6eb5-b8dd-4d44-8780-1e6c678615bd,b7c2bf0a-248a-40d4-aa1d-bf6329590a4f,13,1,6.282159451270663,0.6935951449208441
27b7a7c1-f933-41dd-b564-e0d69145b4e6,2024,2023-12-21,e72d1807-6463-450b-b561-c3727b286584,0b950934-3f06-4a8a-9251-83e3f1827e68,11,1,13.934939523484656,0.9253432251657625
2a261868-3b65-40c7-b61f-9b4ebab231f0,2024,2023-12-21,63eb578d-eef3-448b-b0ab-b4892ef058e0,58bacfff-257f-4f54-bb05-241bd6353626,-18,0,-6.002218405359139,0.2792061262639398
2c23f6c4-481d-4116-9cb3-da1596d198e8,2024,2023-12-21,b80e54ae-3b74-40f3-9954-a1b0805cd1e8,a4bc2fe7-4083-4c33-bce5-6cac3e161a7f,5,1,0.6060804482688821,0.5250869660416108
31416957-8dd5-4183-b898-2204778b48a6,2024,2023-12-21,45959b35-f1e9-462f-aecf-565395a6fb6d,2607ab7d-2f54-4540-9b2e-d27703407118,-4,0,-3.745219168493029,0.38872124862938134
32107eb7-a0c6-4f63-934a-bc7ed3c672a9,2024,2023-12-21,2e49ce6d-63ef-45d9-9048-67fcdb01a46f,ea8c66b5-8fe3-41dd-a56a-b85bfdc613c3,19,1,20.746744500579194,0.9785344419076272
3750c934-4310-4de0-8c2a-9de1969cc2b3,2024,2023-12-21,4c4cb93b-7b16-46b7-9d21-5ff908de25a6,6474358a-819c-42e6-92d7-0fd3ce20d239,18,1,7.251599758141162,0.767542717424544
3ad9b677-3ee3-4afa-b236-08728444eb7b,2024,2023-12-21,639774dc-a89b-435f-80d2-4c65549fd3c9,03a91d53-3b06-4e76-b037-9c97d09645f6,11,1,3.8511051980398445,0.5700425416964119
40feb9b9-5e8e-45fe-8aa6-ed1bed9a175c,2024,2023-12-21,2fbd9d1e-084b-43d2-9c7b-10ce0782be7c,5ace87dd-23fb-4317-bc7f-8d80556ae6b4,-3,0,3.0249416245690885,0.6781084552412978
4a019b89-1b6c-4393-a904-4efac26aa648,2024,2023-12-21,873b654a-5825-415c-8a11-5e5b15bd2ac8,d8e747fb-453e-4894-9a8f-08598fead336,6,1,17.02370938786011,0.9507455659236926
4c4ebf0f-ed31-4b4c-b6d5-2a17dc689652,2024,2023-12-21,da6142ab-a5fa-48a0-b6ec-864a8119be75,9341db15-6a24-4506-804b-e37983918ab9,36,1,23.220126255449216,0.9796911324826603
4db0a85e-5e80-4c37-a5b2-9dd83ce59fed,2024,2023-12-21,a64af70e-61a8-4777-8e8d-9a7815f78f3e,30a1a9be-60b7-4afa-9dcf-92694c2703d1,20,1,-1.410801803150143,0.40770842129022444
56606201-d1f6-4741-85c3-fca5d0278bd8,2024,2023-12-21,65cf0d8a-0a5f-4572-8516-53809f66ba44,8044cdf8-5fd0-47d9-8a07-8a29b2ca7b9a,16,1,16.283359634951395,0.9478076546025119
5f377d90-31e2-490e-a86a-8ed63597807a,2024,2023-12-21,629ca4e3-9243-47ce-8a02-ee7fe38e857c,f18598d0-e0e1-4f15-95f2-e11df8bc3126,-24,0,-12.11363326583342,0.11345897787146839
6051a6cd-a6b8-4fe7-83a7-29331c7823ea,2024,2023-12-21,644a0213-9ca5-4238-af33-7c8ed45fc88b,57c91ea3-1f48-4879-a664-232fba59cb1e,42,1,26.749350808220562,0.9924227045487548
61284374-5edd-4614-b2e3-3c4e48914557,2024,2023-12-21,6c5c20e6-a076-4fbd-b77d-61a1c7a3c5a4,16aca559-5828-43a9-ada9-f35f973f4863,12,1,15.167162009723187,0.9374443030548132
61652901-e021-42bf-b4d4-779f25536d0a,2024,2023-12-21,db374003-37d9-4d61-a3f3-7abec141d33d,0b751b74-e572-43a0-b324-54eeefac4d5f,12,1,6.1501890689928365,0.7359607850946248
6710d9d2-a0b0-4849-801f-dcb76f84ea0d,2024,2023-12-21,49f72498-1bbd-48b1-87b9-cc90196e205a,52739295-a20d-42ea-b09c-a1e17be40d02,4,1,7.535961547777541,0.7542076378231937
67a4d2f9-34b6-4d4c-ae10-3405d4e2bf82,2024,2023-12-21,a7951831-d013-4591-8037-4212b4a85c3d,324e37b8-f52e-449b-909c-366c81488fea,14,1,8.856899818945815,0.8539427288532871
696266ad-e4c9-4ce3-beec-1fa6e0b3c827,2024,2023-12-21,4494a75c-3ddb-41cf-b75c-67fb9c0537c9,3a4357d0-0685-439d-863f-f854c35e4c42,3,1,-0.28296113892451613,0.5106269195227818
71e3ce61-d88f-4b17-aa01-66154aab8e58,2024,2023-12-21,c51998cc-ad65-43ec-88c6-a0f160ff7902,9b465025-fe2a-4233-b24e-310dbccdf4ed,12,1,14.778566613835842,0.9452428144234887
75cdb541-3bff-4349-a594-aa10973614d8,2024,2023-12-21,cd369794-6765-4889-bd1c-89869447620b,04119628-781b-40f9-ac7b-3c8fe82375cf,43,1,35.6647114279153,0.991773788004915
7991bb65-022d-49b3-8588-c4ae24748a49,2024,2023-12-21,64c5c3a9-f1f6-4f48-b571-1de27621f06c,17a3b4e9-cfab-43a8-b7ad-73508d4d890f,23,1,20.60887756244058,0.9871848255456166
7f91f825-a5b6-4873-abe4-9883e9b6fdaa,2024,2023-12-21,6b296d7f-de88-4a16-8a22-b28077a669c4,31108a77-31cf-4228-9c6c-3a9665e9e17a,13,1,8.702507155148666,0.8380009942783911
80aa89a9-ebd1-4ba4-a67a-4ee4a0b3cc45,2024,2023-12-21,48a6c30c-21c1-4d12-ac7f-590a1fdb0238,e1ee7493-ca48-4d8c-aefe-83427a4e66af,7,1,11.807355838824789,0.9183937462458883
8664822f-6c4c-46af-ab80-cb73a3b36902,2024,2023-12-21,9d7f5648-4f47-4192-9d8d-78454c962bed,4928acd4-6738-4045-be81-20132f6471c8,35,1,30.773031995374637,0.9909534200745103
9351ee12-42a3-4205-9deb-d55373f52e58,2024,2023-12-21,79479954-cdbe-4601-a82c-35936960a7dd,887d2364-968e-43c5-83af-c227595022bd,-10,0,10.638629200566914,0.8671139259776593
992a8e76-fc4d-4e39-885e-f95f1ebea854,2024,2023-12-21,b255fc28-3428-4006-adf1-9c1001ecb1a3,371811fe-0533-4539-97b1-b56f642d0fd9,21,1,9.900501105288374,0.8561479786926539
99b15347-b9ca-4473-a024-d964e2f178f4,2024,2023-12-21,dd1136c6-9974-4186-b206-7e24f2bf7dc3,4e6747c9-6a64-4fc5-b96c-e38ea635f22c,10,1,11.68918609987523,0.881546402168099
9b9930b3-8b52-4c50-97cf-471ca081a847,2024,2023-12-21,a7e91e1e-3644-4f3c-bda9-edddb9602a27,536cd39b-cd0d-40f5-8b6d-7a490d196262,32,1,34.44299472051685,0.9915837595779179
a835bfe5-a988-4a04-ac60-5fee88432956,2024,2023-12-21,f916ec1a-cf31-4b3a-9d55-a8bdefbea199,4d3124e9-6470-49c6-8f2f-806813c60883,3,1,15.77484876428346,0.9409906385937541
a8c7a595-7d77-4eac-97b1-26849312ab45,2024,2023-12-21,2198dbfc-96fd-40be-99e1-e697e4c3d996,e12ab562-dd12-4b55-909f-669834d3d963,7,1,9.522232070667245,0.8209926242934051
a9164c63-37ab-409b-9d1f-71497e047f22,2024,2023-12-21,735ab24d-9a04-4ce0-aa11-f1cb2c1804f1,0c8ee784-d7e9-4ac4-b0c7-3ca89567c515,-23,0,-8.056735850584584,0.23359460316411268
b5647459-b0bc-4482-9961-38c8f6071f30,2024,2023-12-21,a839c106-a16a-49d3-a86e-aa5e068b76cd,2518e2c1-28b1-472d-9fdd-5d97d9f1ea99,6,1,22.839487888485472,0.983210747821544
b79453fd-86a3-4b8d-bad9-7ee011eff764,2024,2023-12-21,45e40bdf-5c84-42ca-84d2-a823db0b6609,d0ec4581-205d-4391-a765-06ee8de241d9,19,1,10.644594301998929,0.8245802073287947
bacf717d-7486-45d9-a20f-2e17df5040ba,2024,2023-12-21,ba033ab0-c07a-4b71-b7f4-243ae194d23b,e6b0799b-abce-441c-929c-964306f8fc27,-30,0,1.0228739380303997,0.4802758434253098
bed39b2a-8062-470c-9eba-93f14a533701,2024,2023-12-21,fd495afa-fc22-4081-905c-24f40ff2656c,f92587ee-8d25-4b09-9a60-6203f75c974f,-19,0,-10.246895958107801,0.11384326129594884
bef69b86-9d17-4854-baa8-981fc984a26c,2024,2023-12-21,57144631-7473-4b46-a437-8e2d8c760f87,8e26bcb3-616b-4c7c-a709-bf30d2ddce41,-10,0,4.440943064945078,0.6630075201882791
bf673acf-8990-450a-a585-d2518e8df421,2024,2023-12-21,bba8eb68-9989-447a-90b4-27c8d0d32bd1,d74a1fb4-3afe-43b0-9bd1-7e0552ba73ed,22,1,21.774257788007688,0.9854131070065334
c6102856-20cc-466e-a72f-3fd55e64bf47,2024,2023-12-21,5091ac5b-fcb1-423a-9cf2-0981de634633,e5bf7042-0036-4e9d-81f3-3126a9675ce0,13,1,-2.315012568017349,0.38200918240254345
c7559da6-bb46-4fb1-8fdc-de370d5010ee,2024,2023-12-21,439b6cee-3be6-4471-bddf-f7cb8c69cc85,268a2907-58d0-4693-98bb-a6cecdae1c63,44,1,20.15871598486643,0.9817767515566371
c8390e0c-95b2-4499-9cda-04e7538ac2bf,2024,2023-12-21,e0cc707c-bdef-43a1-a3f0-c1ddfefdadd3,c58166c3-f02a-4e33-9fd0-9fa7b0711d94,8,1,0.9999210573016246,0.4302253221678451
d8079114-36fe-4d97-9153-5ce9fa8bb981,2024,2023-12-21,3280e439-7a98-4ebd-95dc-1a1281ccab00,35d0a28f-e3d7-43ca-90cc-daaf0b7c278e,7,1,6.548455699473897,0.7492034155082271
e19f5442-39bb-4f78-b1c2-21c69b382865,2024,2023-12-21,4c073afb-cc2c-4ed2-bd8f-2f545ae1bea5,2408f22b-e753-4c5a-9353-be75a4fb2164,9,1,7.666554312450732,0.7856216472539328
e5084af1-adeb-4dfa-aa29-b02c101b2499,2024,2023-12-21,ebf92b73-233d-4523-8429-ab00d5af1966,6cc29af2-0d45-4399-b571-caa43e20e554,3,1,8.54699780161455,0.8149647671790076
ea2243b6-0159-4609-8f72-21077edfb553,2024,2023-12-21,f48b0b87-86fe-4b7b-8bf3-9d541f495284,4b962e36-92f2-493d-a9d8-e62b725d5b76,-9,0,-2.813716690028943,0.3967890165221708
f0b0523f-a151-474f-b6a2-bec4939c31e4,2024,2023-12-21,375514f8-f93e-4eec-ae0b-6615ec954e45,72d2e856-e65c-4184-bc2e-38e805170efe,16,1,4.184107322166498,0.5964629256887941
f2a96948-a4bc-4b44-856a-1489874ee8fb,2024,2023-12-21,33a4f970-bbcb-47ad-9bfa-ae6f0eaf792f,dde8f534-10a1-430c-af83-43b026e7ab68,-22,0,-9.775581400179977,0.15193693667993544
f7cc6247-534f-40ac-b97c-94512abab76d,2024,2023-12-21,b7f069ed-b9be-4147-b87e-fe1bef8386b4,2eaab3a4-18f9-4a39-a5ce-abf063bdeef9,17,1,17.315248991012034,0.9582743487305172
f8cf2828-ccfe-4891-a9a9-d1e7ee4f2d9b,2024,2023-12-21,eaac3de1-dd32-49d9-abe3-f56bbff80cde,44e2611c-d02d-4019-b2f5-da0e4ad35df1,-13,0,9.258541048077635,0.8087368301989578
fc8a934a-5213-4ccc-b85f-a26eaa3c1c91,2024,2023-12-21,63a49366-1e4a-4ecd-849d-4153e5e0a2e0,b20b957b-b406-4f6d-8f7a-2f88e3b49bd5,19,1,-3.057513859180333,0.4178053293829527
fdd47f19-a6b2-4487-8e2e-1734ead7086f,2024,2023-12-21,5f480384-0cfc-4e90-837d-db9cc8d292dd,2f2d6799-40af-4256-9dd9-412be50aa14f,15,1,5.823439041388103,0.7591672085818398
01499982-63a7-4fb8-9de7-685dea92bbe0,2024,2023-12-22,6d3e1830-dbbe-4e70-b7e9-1eb765f0acf8,824aff8d-6409-4191-9ffa-e2daa335b7e1,39,1,24.835502967296648,0.9792124501265073
05d44ed8-839a-41a8-b542-44133f334187,2024,2023-12-22,60ee2d19-003f-4603-a2ad-838b3e6d6cc0,d2ae40ba-651b-4006-8b22-61c6b9ce0e33,30,1,25.505478494615087,0.9905652868356588
0ab62028-0838-47b2-be82-e11bb642f40b,2024,2023-12-22,9a06c3a5-a344-48e1-942e-a22438b842ec,f3cf8061-767a-4873-9e24-5cc4c9a6a1b0,4,1,-3.174665454015139,0.3862765611101072
11b6fd8a-af77-4e85-8ae3-b7e3ed4b1aeb,2024,2023-12-22,6b296d7f-de88-4a16-8a22-b28077a669c4,5ace87dd-23fb-4317-bc7f-8d80556ae6b4,-5,0,-0.48627517119919667,0.46318350139312053
2412a2ef-5dd1-4121-bd62-3f02004fcb84,2024,2023-12-22,e51fb2de-db51-4fbd-ab63-2a069c126779,26d69f75-49a0-4d07-968b-2b549e059c24,16,1,19.59489219749793,0.9517889927575517
2415d9a7-8ab9-417f-9e4e-d0b2683c62a6,2024,2023-12-22,c05bd27b-1eb5-4bfc-b1ec-29735fe183f2,cc07b31b-464b-4cb9-89d2-ac26ffe3e5f4,-9,0,-9.66888104325353,0.1669288367760311
27d38c49-fd68-4ba7-8b91-062769000671,2024,2023-12-22,25912c1a-f2be-4c07-857a-5eef6aadebda,113341aa-9630-4951-b161-71419ed62dbc,30,1,23.48206008491575,0.9896812352291429
2e476536-a7f1-4fed-9f0c-3b6ceb92ce83,2024,2023-12-22,e308f5e0-c422-490c-901a-575bb49f1c7e,215ed27d-58e8-4e84-ab60-6d170d404304,-9,0,1.9299973249701774,0.5317691478650636
2f31b5dd-ba90-4a80-b49d-61101de6e89c,2024,2023-12-22,eddc4725-b4b2-4442-b2af-8853210d0e96,dbfecb75-86bd-4650-9fc0-4d85eaeabbbf,18,1,1.266582860229067,0.5344766710733467
3002afd6-ab1e-4453-ac8e-3e562f3394bf,2024,2023-12-22,9f152b52-7847-49c3-83b6-8c68295d484a,f18598d0-e0e1-4f15-95f2-e11df8bc3126,-13,0,0.7653455994052878,0.5047855001909738
31c9fb4e-6c6e-437d-8b6c-fe63cd1471f3,2024,2023-12-22,529e7dc4-6b55-487c-84b3-598dd9941301,9be057a5-becb-47b1-b84f-041147698411,42,1,29.414012819519776,0.9923771514382189
341724ef-accc-4172-800a-fad28a1687e9,2024,2023-12-22,115916ea-f145-4974-a257-5bb24f7c1ccc,e9813fa7-c976-4ad4-a455-2f05235e93cf,27,1,19.694103350238343,0.9800144473251383
34a3844f-6822-4d81-81e6-84e11c37cf05,2024,2023-12-22,7eefd1e5-aea4-463e-ae74-c628b0fe170e,abad6a22-9569-47ad-9945-a6ad9345c30f,1,1,-2.4947999131291714,0.42298417518544673
3a5a712b-1da2-4e17-a8f4-f0f67b4b7402,2024,2023-12-22,125fc4dc-8f42-45a8-b23a-3e50f4620499,1c1c3846-4bad-48b3-b8be-dba7d24af981,20,1,15.039371275390824,0.9407274315996333
3bf0b130-ee7d-4d75-ab77-ba657d3191c6,2024,2023-12-22,e42183ad-b44a-4746-8c0b-148ad61bab43,58617cc8-94d5-4f69-a677-9ab4cdc52a33,15,1,15.548278954682088,0.9313159489634696
3e950efe-9c52-484a-8bfb-29318ae3243c,2024,2023-12-22,e8e72618-33f8-4013-8305-43775a278752,f9c26112-b1ea-411e-b273-e74e8ce3f1ff,8,1,22.264764099336208,0.9852887104177958
4696152f-c402-4a65-94cb-fe6d8acda82b,2024,2023-12-22,ea78667c-bf16-4084-80cc-2ab61a0e05d5,a2069f0f-fd2c-4971-b3da-6ba010532fcf,6,1,10.480449165375365,0.870872876609337
565cf8a2-37d0-4de1-913d-ac338ef7cda8,2024,2023-12-22,67505072-f35a-493d-a160-8e6292da33f5,c840b153-1401-4ebc-9549-e027df3cc7e1,-3,0,-3.278935210097135,0.39178873339279024
5cb02eff-1bce-40cb-8235-4c86d6fbacc2,2024,2023-12-22,d8cd723a-1d76-4abe-be2e-516e52724947,493c2e9c-ef36-4b2a-8a7e-32c890e85a4d,10,1,11.600943802413065,0.831652914914217
640322a3-8007-4bbf-b4da-a3647254915b,2024,2023-12-22,54e8cb38-83f4-4866-b3d1-d0e1dfc530c6,df2a7293-fc74-4f81-a93d-98c8989ea725,12,1,3.080804920684757,0.6449876832200789
6f04200a-8bb9-432f-a6d6-ebce37a48dff,2024,2023-12-22,db9d85a6-59a4-47ff-a287-b40442bf460b,65c68c5f-fc3b-4781-a912-2a4b17be699e,6,1,8.447945940311696,0.8247860176823321
71dc3539-87b4-49c7-a309-cab66122f769,2024,2023-12-22,1b0dd005-3190-4ca9-b74d-111343f2fce0,ec7d9da7-9286-4c01-98ce-3a10ec231612,15,1,10.111716654450216,0.8027965484372904
7547ba08-15e4-4795-a6c2-c64e021a0070,2024,2023-12-22,25f32a40-1a9b-47e3-ab20-74659cba9520,238b3f68-0b29-4056-97f6-6c10a093cd62,18,1,13.72938086021286,0.9327363967827943
7bb03edc-3faf-49ca-a3d0-bd820480d591,2024,2023-12-22,79bf464f-0d3a-4992-b310-86d2abbc2244,e250c58f-f6a5-4da7-aff3-c6770b9a14da,-5,0,-11.63924517531444,0.0895636287013922
88dd4cd9-e30c-4ae6-9219-073735d4b5a1,2024,2023-12-22,4e9aa968-9ad5-4833-b9a5-7d89b35976d4,b1937cc6-0f34-4060-82ec-b2bfe4c05aad,26,1,13.36987245210308,0.9431287030706031
8a11a534-9e74-4bfe-b9df-7421e832cc34,2024,2023-12-22,31108a77-31cf-4228-9c6c-3a9665e9e17a,2fbd9d1e-084b-43d2-9c7b-10ce0782be7c,-22,0,-11.77967961552339,0.14665836503572685
961b5ea1-336d-4e98-babb-960dafc174f0,2024,2023-12-22,49c78722-1476-440a-9de1-896fb7b7db88,3e3e940b-dd81-42f3-88f8-4e988278be04,-17,0,-2.0273050251202465,0.3640989480688736
965be111-dc65-41b8-9894-bc535fa465dd,2024,2023-12-22,14393a14-3128-4184-bf05-72f6bf2a357b,e30e79ea-8947-4c58-9842-25781182ec2e,16,1,5.230171475347339,0.7076586282566512
9a65fcf0-f123-4901-97a4-4cabcd44a1e2,2024,2023-12-22,47b967e4-0689-4d1c-863b-9d82c6ffbfcd,8cd2a215-aea9-48bb-babb-e5d8cf0cb9fd,31,1,16.029545563855844,0.9502496707036816
9ac59a64-6bcc-425d-91c9-fda1a09e9828,2024,2023-12-22,8ae6c27f-063b-4e7b-bbfb-653f496560d6,fd42047c-b7c6-4dbe-93e7-69cfd125995c,4,1,16.299920741186245,0.962212004389929
a50312a4-f957-4dcf-8d40-7a1584efb8f0,2024,2023-12-22,2493388c-6fee-41f1-90b0-e82a447a607a,dedb6ed5-06d8-4ba6-a1cc-e3134a2c7937,6,1,1.8442847187810116,0.5581967049660919
afd396b3-800c-438a-8fc7-9814e6444c9b,2024,2023-12-22,f93c4c92-e869-45e6-8970-2a02d80141c9,629ca4e3-9243-47ce-8a02-ee7fe38e857c,15,1,-4.492376624896809,0.35046101152980674
b2ffd80c-c0c6-4985-a55e-b7ebe75e6408,2024,2023-12-22,5bd874c9-de44-4954-a4f6-428ed3fde8a6,d7b7310f-6983-4a09-bb56-fda96e9f761d,-27,0,-0.4997414796137066,0.41422040022364087
b655d756-5f26-4e97-b538-49aa369d09f8,2024,2023-12-22,2aed7aac-f38b-4fae-84ae-9e9c9ac71a3f,89dd92f7-46c8-41a3-be81-ecb12f1cd4c7,-8,0,-3.901192727698792,0.3407900083161576
bd7e6c95-f8e0-4126-b201-d778795ffc71,2024,2023-12-22,1ac84e49-be83-4e9a-b4a7-0fb0b7465b32,b6c9db49-45a1-4d98-9a80-dbbe19471992,59,1,38.12617194371355,0.9912618069186212
c52799b5-9c67-412d-a763-ed5924737d22,2024,2023-12-22,9cde2e64-799a-42f1-84dc-71779b1219f5,550c3333-8e82-49d4-b9c6-ae13db14a84f,24,1,17.27524224807153,0.9425341505026346
ca753769-ce56-46eb-891d-70a8aae51279,2024,2023-12-22,69e6a4c4-bb68-4c30-86d8-3cf7d51c7db7,e3158bc2-1467-4311-8540-c4f77e10aab2,16,1,13.937002461308355,0.9273523556832143
cfa983d6-d3d2-4d81-b47f-dbef06460fb6,2024,2023-12-22,2deaf391-9719-4c95-bb3c-acc6f8baba86,bb505898-cdd5-4c4e-9ea1-301ff6a4b981,1,1,-3.6802704962860298,0.35742671150583355
d40891b1-52bb-4f18-88c2-272d36c07d13,2024,2023-12-22,1acd2c41-6945-469b-b33f-3c7b30f8359b,791eb121-5f34-499b-a1ff-469bc9007fe7,2,1,5.434157360788999,0.7908563733047423
ddb4d1bf-81fd-4a3c-8c0a-bc445d3f4bd3,2024,2023-12-22,c71ebd72-5c90-41d5-b1fc-544e4695d9d0,f1c92057-9fa5-4bdd-b404-96dd624192b3,24,1,28.279695242869142,0.9916310482130681
e9a70cfb-aeab-4331-9251-a63389516a9a,2024,2023-12-22,cd9eea44-8a6c-4bd4-ad4d-74e461fdefd3,cf6e9037-e27d-43e2-bbd6-6583598ce383,27,1,30.96181159379696,0.9900979205704709
e9f9313b-eef9-4f27-abd0-9a4960d2d893,2024,2023-12-22,ad741e6f-e15e-4f4d-8350-9973fa99916e,20abe49d-2029-4327-96f6-389664f5da7f,27,1,35.717698035391464,0.9898878670240527
ec5ad2b7-162f-41f8-ab8e-67157ef83f39,2024,2023-12-22,4b83e4dc-410f-4835-a8a4-8ccffc29e016,82ee0a8d-e51c-4a87-bd7b-72707ec8b342,4,1,9.810379966124279,0.8831435301112681
f95fdca1-731a-4c48-b614-f4d888f8ff29,2024,2023-12-22,7293bb2a-8d08-4752-b00d-104a80da0371,e1ef03af-e420-475d-8a35-c6e5380e9f6d,-14,0,-18.988314791582223,0.037890674959848214
fc498835-9ba3-4ea8-9815-ce1612cec8ba,2024,2023-12-22,3457262b-c7da-4834-a20d-ad6be302a671,5320f527-fbbd-4bb0-80d3-0de759475d59,8,1,12.821700436772353,0.9244526909365525
01bea3b4-2929-4b9f-b72d-4362204caf49,2024,2023-12-23,bfd4c500-09b6-46ba-81ae-48b13f8345ff,e12ab562-dd12-4b55-909f-669834d3d963,44,1,27.200982437859363,0.9843025212227575
094e6a31-7a92-4355-ae46-946e22d71c83,2024,2023-12-23,9b6f0f32-d8f1-4921-aad2-a16c420f3183,2b1a3f03-7d93-471b-be12-d487164eae0f,-36,0,-21.80013950421492,0.035724103742238146
1f1c6c14-d5c8-498d-a100-21fd4a48a9db,2024,2023-12-23,8c121ba7-b028-4d29-8ac0-bfc3c1ff7b57,f245c41f-897e-4985-9153-43034bb26bfa,8,1,-4.616348402937011,0.27895263496057393
28326700-fcf7-4039-a2b4-0bdf415fcad0,2024,2023-12-23,f6d188d9-c992-4de8-801d-4995b25abaae,9611a021-de39-4ca5-8188-6387e4c99fbc,-4,0,3.788249202092225,0.6165544342716153
28f4c757-9d14-4af6-a8be-ae7181d26c3c,2024,2023-12-23,09fca7ef-baed-4af0-a553-465ae1160049,b2d5fddd-b407-4fe6-9d70-e921ab7b7e1a,-1,0,8.822660904003781,0.8338280970626412
329406ac-e653-41fb-817d-34fa705fefde,2024,2023-12-23,5cae196d-fd0c-4944-8120-41d5abecb290,0b950934-3f06-4a8a-9251-83e3f1827e68,26,1,11.080083075054741,0.8584129665613603
3490699b-fd09-4bb3-96bb-4c118413cbf2,2024,2023-12-23,384d8319-2770-4b9a-bb32-bd4da034d104,a4e0b7c0-e98b-4e65-9408-e26a9aedac8d,17,1,10.352764447511786,0.9222428916052337
36f40815-6463-45b9-91f9-18ead4644148,2024,2023-12-23,4e9067f6-7760-4a2a-ba37-273c77915540,e06623a6-8f03-43b1-83f4-b653f6819ea2,2,1,8.682216666632785,0.8163498618018253
3b178647-c810-42e8-a74a-047266113be6,2024,2023-12-23,91d935fa-7d8c-41e7-a184-72c0f770d10c,cf2f7a41-56d5-4c2a-b4f4-fb9d1c933b22,28,1,14.749357782893819,0.9388596169158255
5b0b6a15-b89f-41a5-a480-00dee324c742,2024,2023-12-23,350fe1ba-284f-4709-8cdd-3f745fcff0f8,95466c2d-a184-48f8-849c-d6957bd1df52,20,1,-1.4104117671754648,0.4075402643239312
5c07072f-b93c-42d7-9bbf-0b6c8a93d61e,2024,2023-12-23,4a01023d-3637-4ac5-bf1f-37c08b2438a5,e7f5f157-7a33-43ad-8282-59e1c4ad9b25,4,1,7.237219700780959,0.7839674684381589
79f5f58e-027c-4daf-84ff-1b578e6f029a,2024,2023-12-23,ede9d6c2-b888-41b7-8674-8638c41d2034,424f7a7a-158f-4ad0-adb1-4b3ebe25b11e,10,1,2.5111081387691523,0.5949233901973392
92b4ded7-c7e4-4aa8-add0-88c840bedb44,2024,2023-12-23,73db7905-652b-4320-aac7-243f2f2f70a2,16aca559-5828-43a9-ada9-f35f973f4863,17,1,31.723363819935642,0.9925329235618259
9b07d644-81a9-4f1d-9f02-3a83c65723dd,2024,2023-12-23,da6142ab-a5fa-48a0-b6ec-864a8119be75,2ed44d95-e306-4823-a4c3-196ffb777766,-5,0,16.40534458372879,0.953657308777615
c3f1ab67-9d65-4219-84d4-c18d6078306a,2024,2023-12-23,155c1dd9-ba93-42ee-a28c-238768724494,853125a0-ce88-45ba-9815-9387fac3d278,10,1,8.201016737349159,0.7609135037870179
f02891d1-cac3-4cc9-bfdb-ebaec27e2229,2024,2023-12-23,44e2611c-d02d-4019-b2f5-da0e4ad35df1,da6b8f1b-a85b-4303-8500-c640c0d3132f,9,1,8.117126283304884,0.8040180056701222
37386e02-efa9-4e51-90fc-5580da7e1d84,2024,2023-12-24,2fbd9d1e-084b-43d2-9c7b-10ce0782be7c,f93c4c92-e869-45e6-8970-2a02d80141c9,22,1,11.790318239660088,0.9234688618873247
843879cd-710d-4584-b514-9cf34c50fa91,2024,2023-12-24,31108a77-31cf-4228-9c6c-3a9665e9e17a,629ca4e3-9243-47ce-8a02-ee7fe38e857c,-1,0,-7.583421265240821,0.260014950269524
afe4c024-d81c-410a-a7d2-c67f2e491b68,2024,2023-12-24,5ace87dd-23fb-4317-bc7f-8d80556ae6b4,f18598d0-e0e1-4f15-95f2-e11df8bc3126,-8,0,-4.5209765430816065,0.26798273666934086
b650b508-6c10-4c10-9290-5f4506a55acd,2024,2023-12-24,6b296d7f-de88-4a16-8a22-b28077a669c4,9f152b52-7847-49c3-83b6-8c68295d484a,-14,0,-8.865324130266687,0.14991012751863855
3c240d34-f8fb-45d7-a7ec-43b6c5c1a2c4,2024,2023-12-27,051d13dc-5152-426a-affd-0cf01ef80268,cf6e9037-e27d-43e2-bbd6-6583598ce383,12,1,7.878054666966284,0.8157921326717985
f02c086b-8b1d-42fa-a0a4-5f547e486f89,2024,2023-12-27,51a31921-d3f2-4514-821c-23df38e74559,7293bb2a-8d08-4752-b00d-104a80da0371,35,1,27.854990530318112,0.9885120140091053
07d8e974-6735-477a-a61a-932906893b01,2024,2023-12-28,99b16ea6-899f-484c-8a9d-b2b5bb872d9d,730db31e-4fab-472d-bf25-7b882deff0b7,-16,0,1.8366095557260997,0.6098357980267788
0ac0ecb6-4f3d-446a-9660-4cec134bc404,2024,2023-12-28,45e40bdf-5c84-42ca-84d2-a823db0b6609,e308f5e0-c422-490c-901a-575bb49f1c7e,-7,0,-7.996586300694003,0.21355968473001846
1b9df9b3-122b-4304-91d2-9026fcb66487,2024,2023-12-28,a7951831-d013-4591-8037-4212b4a85c3d,754d9f26-9ca3-4bb8-8aa3-065bcf9ec6df,8,1,8.091515050384638,0.8543502204814363
223eeb02-64eb-4a1f-9eb8-4298d28ada47,2024,2023-12-28,a4f24556-d2b0-4bc3-bd21-758340750c58,5f480384-0cfc-4e90-837d-db9cc8d292dd,7,1,14.01853807449307,0.9308474421761045
28743f92-2250-482a-8dba-278c2ed6cb51,2024,2023-12-28,29fcbb70-fa3c-4806-8768-15b5ec4a8449,2ba07bf8-0306-417b-b7fe-b2d29b7d0eb1,14,1,9.776751315489514,0.7974972496214289
2a14c1e9-9854-4440-a595-edf6f343fc44,2024,2023-12-28,58113924-4aef-47a7-a675-cddc9e355cd5,8ce6b3fb-8bb0-49b5-acaa-caed76d542d7,16,1,27.142130919555303,0.9927133961023288
2a8367c9-fa7a-4d98-b2ba-69ecfd40a938,2024,2023-12-28,cf2f7a41-56d5-4c2a-b4f4-fb9d1c933b22,e3158bc2-1467-4311-8540-c4f77e10aab2,-17,0,-10.135714549392638,0.16671468803857192
2de2772b-5926-4817-a210-fe4136a2adb4,2024,2023-12-28,2f2d6799-40af-4256-9dd9-412be50aa14f,cb1440b2-adac-4775-96c8-c4f00641d353,3,1,-2.3991967509422505,0.404829820381717
609caf16-c95a-4056-ba35-25b4f7e191bf,2024,2023-12-28,696e6eb5-b8dd-4d44-8780-1e6c678615bd,4eaf68c0-dd32-4705-8f2c-1c1dd2880a74,8,1,-3.7746906006671725,0.3183900841330771
77bfb69b-3007-4ec5-9c59-97ab3b670a13,2024,2023-12-28,b1b6c3d6-c825-484c-a8fd-a4e0816d19fa,a7f405f8-389a-4a00-bb71-6d07d48f4fe8,12,1,8.568282373612009,0.8396048679132206
804e22ae-122c-4c21-9a8e-8b66ce7586ef,2024,2023-12-28,e1ee7493-ca48-4d8c-aefe-83427a4e66af,312cd404-9fa4-4f04-b8b0-cfed95e31398,34,1,7.4182567831092445,0.8163078231731399
a01e9dc3-b07b-4b3b-ace3-093f03e630a6,2024,2023-12-28,e72d1807-6463-450b-b561-c3727b286584,6eb0ebaa-8c99-466d-8fad-68b897f2a9e2,36,1,15.550550661076423,0.9471251426895821
a462a839-b9e2-4951-895a-2a733a01c406,2024,2023-12-28,39decbb3-b24d-444c-970a-39aa53a01ef6,ba033ab0-c07a-4b71-b7f4-243ae194d23b,-6,0,-5.75884658784581,0.2573515837389139
a5718bf7-f392-4927-83f9-610808dd86a9,2024,2023-12-28,d0ec4581-205d-4391-a765-06ee8de241d9,df2a7293-fc74-4f81-a93d-98c8989ea725,-8,0,4.652930423611662,0.646169315207381
b5a83e19-fad3-42f6-b09f-0482ca845fdc,2024,2023-12-28,215ed27d-58e8-4e84-ab60-6d170d404304,28e39e04-5ba3-41eb-808c-3ab653c2ef06,22,1,27.92027945185508,0.9906098241612304
d3c7535a-e40c-4196-98e7-507fb3cc92f7,2024,2023-12-28,5091ac5b-fcb1-423a-9cf2-0981de634633,54e8cb38-83f4-4866-b3d1-d0e1dfc530c6,-10,0,-4.43494189748949,0.3446745774754306
fa1778a7-acd4-43aa-acca-f0ebdf8b0ce1,2024,2023-12-28,d0cd742d-b4e6-4f30-88f0-872c2ac1e51f,0d6ccccd-6ee7-4ed7-a231-381c6b268e2b,30,1,2.0967251209635442,0.4980592703196509
00426d36-a9b4-4529-8e26-7efe9d78daa4,2024,2023-12-29,e5bf7042-0036-4e9d-81f3-3126a9675ce0,2acb9682-4dbf-4e25-82b3-0124cb5c07cc,-15,0,0.8360417739711431,0.48348886240973743
01cba7fc-40b8-42ed-9ffc-626c11590eb5,2024,2023-12-29,f92587ee-8d25-4b09-9a60-6203f75c974f,ef75db17-4afb-4e3b-a928-30e871ec130c,26,1,21.485902730834088,0.980581596221269
01d76440-b4b7-4d62-82fa-1d686d731992,2024,2023-12-29,da6142ab-a5fa-48a0-b6ec-864a8119be75,324e37b8-f52e-449b-909c-366c81488fea,20,1,19.198101674182652,0.9644221619083688
03ebc5fb-a9c3-4f14-9376-5dfceec579fe,2024,2023-12-29,c58c3009-46ec-43bd-b27b-b0d683ab2cad,7fdeff97-4db9-4c33-9fc6-9f03bd977d30,17,1,8.928423987240368,0.7820050051647351
0f0d675c-d73d-4738-be90-0ba1e2441955,2024,2023-12-29,a4bc2fe7-4083-4c33-bce5-6cac3e161a7f,3d25723a-661f-48c9-9c5f-db713077997a,22,1,16.17003876489308,0.9599509793706925
11b7c05a-ce98-44d3-aaf8-127b3915ea6d,2024,2023-12-29,2f522e9f-f586-4f8b-816f-a83d9e6231fa,c58166c3-f02a-4e33-9fd0-9fa7b0711d94,18,1,15.327631110972705,0.9581057668475382
18af4f23-60b1-4794-bc4e-3dd37414722e,2024,2023-12-29,7eefd1e5-aea4-463e-ae74-c628b0fe170e,44e2611c-d02d-4019-b2f5-da0e4ad35df1,5,1,8.62399789414943,0.8211873954041891
22547f61-5a67-479f-84f0-0e13380cbbf4,2024,2023-12-29,2518e2c1-28b1-472d-9fdd-5d97d9f1ea99,9b465025-fe2a-4233-b24e-310dbccdf4ed,-6,0,-5.148108414240341,0.3000651192240319
29592933-3568-4363-bd8a-2c6eb861cc32,2024,2023-12-29,b7f069ed-b9be-4147-b87e-fe1bef8386b4,da6b8f1b-a85b-4303-8500-c640c0d3132f,13,1,15.10365546522281,0.8964523507483879
36dc3ed0-d656-4dd0-9cf9-b47ef597f39d,2024,2023-12-29,e51fb2de-db51-4fbd-ab63-2a069c126779,33176e8c-5f9d-4bcb-8c56-9a0a5f7d7f1c,35,1,17.016253657556742,0.9530572841510297
375399f9-84da-45d8-8397-58e4926aa46b,2024,2023-12-29,c79306a4-5139-4f8b-8b55-21b42e22858f,7da2e7c8-cee3-4ff4-be74-58d324c5ff71,-25,0,-6.9166052678667835,0.28141184263746
3cbf44cc-399c-435f-b904-8ff4b8f2bb86,2024,2023-12-29,e9813fa7-c976-4ad4-a455-2f05235e93cf,c3681649-6e1d-4bf8-9b47-1d2868dca3e9,4,1,0.6946427054949293,0.5813521308512849
3e3fcd52-7113-4e1c-aa14-5f62b3fa6795,2024,2023-12-29,35d0a28f-e3d7-43ca-90cc-daaf0b7c278e,7d57c2ad-190c-4c1b-8987-ab2007a42023,41,1,18.66452553882311,0.9778072242955079
3eed8179-d0d3-4c1d-baf1-2a5cab3642fa,2024,2023-12-29,25912c1a-f2be-4c07-857a-5eef6aadebda,7f63e419-1d15-4c08-84b6-dc393ca0146a,35,1,20.739999813060425,0.9759380672031136
3feb4731-66d1-419f-bbe6-679cbf96b7d9,2024,2023-12-29,7ca95dca-8ca9-42a6-b9a5-307d339df9b7,57c91ea3-1f48-4879-a664-232fba59cb1e,29,1,11.528523765310565,0.9011598462503961
3fec10e4-7a00-4411-b1ab-cab20b975a81,2024,2023-12-29,7747d9fc-9e15-4b0f-911e-ba64828748ed,a66213c2-5ad6-4d77-a7ec-85700a223ed1,-10,0,7.7331434921941895,0.8351032271870626
41e11e81-96e2-475a-ae04-c03560047a1b,2024,2023-12-29,8b8c3790-682d-4010-b304-45ce213ad62f,8cd2a215-aea9-48bb-babb-e5d8cf0cb9fd,2,1,-4.62324403394717,0.45186272741208544
42813223-0f54-4710-82ef-312569c55fdd,2024,2023-12-29,a9569511-9e5c-45d1-b958-3e29c52f612e,be683752-ceea-4783-ae94-66be0178e1d1,11,1,24.993182826310075,0.9917848406719256
5074abeb-3dfd-4c8a-93e6-3b723d6afcfd,2024,2023-12-29,686413d2-e94d-497d-a87d-ab911ac38ec7,df1d6c5c-77eb-4d21-b5dc-6cd579f74d2b,11,1,0.8925357155756047,0.4803950218116646
54b7f0e2-3c6d-4b61-ae8b-2f7170f3d6dc,2024,2023-12-29,cd369794-6765-4889-bd1c-89869447620b,e12ab562-dd12-4b55-909f-669834d3d963,27,1,30.939164590508643,0.9912463967417925
657ff844-9bb3-4f19-8991-e9dcc1caab5d,2024,2023-12-29,8925b65e-4ce2-4ec3-b501-c0075fe06b52,9341db15-6a24-4506-804b-e37983918ab9,13,1,4.8334695992614085,0.6967231445397013
6842ca29-92a7-43c1-ae67-feee6c2fa0c0,2024,2023-12-29,2bb9930f-6a64-4fb0-8ae7-2d18cc4ceb5c,16aca559-5828-43a9-ada9-f35f973f4863,12,1,-0.5888010331800846,0.4893750764438407
697f9853-0a97-4a65-9d66-c0d3b3240538,2024,2023-12-29,5052a2f3-f41f-41e4-a681-c6277fec0404,05f1d3d6-8079-4142-beb6-628fd19c74ca,45,1,31.9898403093759,0.9922417975358863
6a7f7513-7714-49d3-a5ba-18b8505424af,2024,2023-12-29,0b9bc135-badd-4fc9-b7bc-bebccb08cbf1,b80e54ae-3b74-40f3-9954-a1b0805cd1e8,22,1,2.445377764314571,0.6429780157204722
6fbe69dc-52d7-49d8-9689-96f6494f3fdb,2024,2023-12-29,2851d469-fe75-448e-9d6b-4bde7ec96e06,238b3f68-0b29-4056-97f6-6c10a093cd62,40,1,15.741496275104954,0.951399194366944
731d8c38-81e8-4b99-bb16-712eebbe9af5,2024,2023-12-29,268a2907-58d0-4693-98bb-a6cecdae1c63,8ae6c27f-063b-4e7b-bbfb-653f496560d6,4,1,6.013345751296369,0.737173994496058
8c2e78dc-d3be-4588-8a96-67d29b0327a2,2024,2023-12-29,6068f6c0-7e92-4dc4-9da8-1bfbdb60cf2c,b9428966-4d6b-4db6-a403-5cd503366633,29,1,24.853013742746565,0.9908186904281757
98e92d49-f0a7-4035-9479-900e69883a52,2024,2023-12-29,1394e3ce-706d-4097-9aaf-cad5d38aa5a0,2c8d46b6-8e8e-4229-85a4-0713fe1c6c4f,-11,0,1.212663920234419,0.48655627381262584
a3dd0145-2a58-4d52-b665-dd9e73deb0a5,2024,2023-12-29,629710d8-479a-4efa-b5f3-d77767ddce70,d74a1fb4-3afe-43b0-9bd1-7e0552ba73ed,-2,0,3.903438717223703,0.6861832193421181
acf8bb36-8d70-42e3-bdbc-6c186be31ea3,2024,2023-12-29,b4c9b613-0bc6-4295-b293-3b56c2020f1b,1b1fcea3-d0ee-4307-b5a5-4c2a4a591484,44,1,24.004460655801914,0.987746055069047
b83d4262-accf-4fc8-bebe-04b9be16d661,2024,2023-12-29,c05bd27b-1eb5-4bfc-b1ec-29735fe183f2,ea8c66b5-8fe3-41dd-a56a-b85bfdc613c3,-13,0,-1.1023867135569985,0.4543331791245194
ba07b073-9f69-4c72-b2de-da81d62110af,2024,2023-12-29,1acd2c41-6945-469b-b33f-3c7b30f8359b,79bf464f-0d3a-4992-b310-86d2abbc2244,3,1,13.358633183986797,0.906338816203296
c165d3b0-fc92-48fa-b4bf-e5c76269ffdb,2024,2023-12-29,7af1094c-c99d-43dd-b41a-1b72a81abfb3,6cc29af2-0d45-4399-b571-caa43e20e554,-9,0,6.880449270518116,0.7817982321399797
cb45750a-2b13-41a7-b797-df76d63f8cf9,2024,2023-12-29,e8e72618-33f8-4013-8305-43775a278752,85effc0b-7382-452e-904d-22a52433ccb5,18,1,17.66836686598174,0.9708767114362171
cc9b4925-e749-4e1c-b231-24004b7eb7be,2024,2023-12-29,409dd213-f612-4ab7-a0ae-8060dd9a6ef4,48a6c30c-21c1-4d12-ac7f-590a1fdb0238,4,1,6.74982431266072,0.7346921807393408
d737baab-a021-4e36-9acc-8da8f5dd02ff,2024,2023-12-29,b255fc28-3428-4006-adf1-9c1001ecb1a3,23b31575-028e-4661-85ac-8d5835d6726f,41,1,16.108407393208946,0.9556002566341291
d98e316c-88dc-41ad-a11e-a01492d61d70,2024,2023-12-29,ebf92b73-233d-4523-8429-ab00d5af1966,1c1c3846-4bad-48b3-b8be-dba7d24af981,-4,0,1.1229092050033396,0.5665334741388742
d9fd98d2-c767-4e93-8a77-56605e341388,2024,2023-12-29,9cde2e64-799a-42f1-84dc-71779b1219f5,735ab24d-9a04-4ce0-aa11-f1cb2c1804f1,33,1,32.80387804592201,0.9874782755027338
dc8871a8-46a1-4e97-9eee-cfa2049faf2d,2024,2023-12-29,8af88029-6520-4f85-a99b-0f10d820a167,58617cc8-94d5-4f69-a677-9ab4cdc52a33,-16,0,2.590903681209193,0.6174945848880814
dd0495fb-088c-4072-8bb1-b59f19098d07,2024,2023-12-29,e5fae797-082f-4354-8c20-2c1c22c6ac8f,09fca7ef-baed-4af0-a553-465ae1160049,-19,0,-13.651241555322336,0.055995589981582806
eaaff5c1-62a2-4c23-b6dc-3137c97a29ee,2024,2023-12-29,b1cbdf0c-474e-4b52-ae02-f856ceda214b,536cd39b-cd0d-40f5-8b6d-7a490d196262,9,1,6.8083450015480915,0.748267915479117
ef5287e5-3902-4caa-a079-ffb1ae433159,2024,2023-12-29,101749c8-ec05-4370-a95b-47f56c433623,74434c65-ac07-4a97-9998-737791311fb1,29,1,19.871510016735655,0.9840089909694405
fdb38a76-4956-4577-b707-ddef18ee20b5,2024,2023-12-29,f9c26112-b1ea-411e-b273-e74e8ce3f1ff,2dc64ab1-cde8-49d4-a343-298600450708,4,1,-4.243846167413842,0.31516485074876366
05a1185d-5921-4f62-8b05-fc74b17f43f9,2024,2023-12-30,e1ee7493-ca48-4d8c-aefe-83427a4e66af,cb1440b2-adac-4775-96c8-c4f00641d353,26,1,10.4438013674067,0.8644487026564655
05b6f4ae-4967-4009-a98b-066dccf03d87,2024,2023-12-30,99b16ea6-899f-484c-8a9d-b2b5bb872d9d,ba033ab0-c07a-4b71-b7f4-243ae194d23b,8,1,-0.9635991456550066,0.4083602293504617
0acec04c-9983-46db-9ab0-b2a54d3bf356,2024,2023-12-30,2aed7aac-f38b-4fae-84ae-9e9c9ac71a3f,14393a14-3128-4184-bf05-72f6bf2a357b,11,1,1.0024663233765494,0.5352931687589781
0c750d84-2068-4101-ad02-0164484101cd,2024,2023-12-30,125fc4dc-8f42-45a8-b23a-3e50f4620499,b6c9db49-45a1-4d98-9a80-dbbe19471992,50,1,39.58137359927655,0.9944797786401152
0e6cc6ce-49f8-43a8-8321-ca8fa23efb4a,2024,2023-12-30,bfd4c500-09b6-46ba-81ae-48b13f8345ff,717f3cf5-bc65-4a66-8f05-191decfbf380,45,1,19.45005779657656,0.9719234183855994
0f1374c1-831f-4529-9fff-2674c942c35d,2024,2023-12-30,dac01aea-9f35-463a-9dce-75d4575160dd,791eb121-5f34-499b-a1ff-469bc9007fe7,35,1,23.68301508128867,0.989506639441188
0f648f7a-5f9b-47aa-885f-487cf1ce67c8,2024,2023-12-30,f162ea30-6b86-48f3-bdc5-48c97448256c,0c2a9ebe-8c6a-44ec-8643-1dbac7642ab9,3,1,4.790815753106411,0.7359048056931787
1484afbb-8912-4e3f-ac31-49735c30d83d,2024,2023-12-30,82ee0a8d-e51c-4a87-bd7b-72707ec8b342,8044cdf8-5fd0-47d9-8a07-8a29b2ca7b9a,-7,0,1.9527034557102203,0.6800576779410383
17dff3e0-a3cf-4646-bfa5-0739732e3e5f,2024,2023-12-30,63627b20-aa4c-4e0d-bcfc-40a5fe150e8a,b2d5fddd-b407-4fe6-9d70-e921ab7b7e1a,4,1,-11.719112374135706,0.12742944363183534
2ffe142f-89b4-4b39-9458-131c07d9eaac,2024,2023-12-30,c71ebd72-5c90-41d5-b1fc-544e4695d9d0,52739295-a20d-42ea-b09c-a1e17be40d02,14,1,11.997537030176483,0.921125996804642
312e3969-5709-4241-9418-cdc0ee0618ad,2024,2023-12-30,c0dfc734-0d40-4cba-86b5-fb2ad5c73da1,e0cc707c-bdef-43a1-a3f0-c1ddfefdadd3,4,1,4.5798797200531665,0.6803221766386004
32e0e196-0376-4e0b-ac31-4b84a26536f4,2024,2023-12-30,3457262b-c7da-4834-a20d-ad6be302a671,9be057a5-becb-47b1-b84f-041147698411,5,1,19.67265176023293,0.9748907420048275
343a4670-521f-4005-88fd-150a85f51b4c,2024,2023-12-30,5bd874c9-de44-4954-a4f6-428ed3fde8a6,dedb6ed5-06d8-4ba6-a1cc-e3134a2c7937,21,1,8.693822550025331,0.8538403890520986
35c450f0-257a-4b7d-88f0-e5ece2ae7d9d,2024,2023-12-30,2f2d6799-40af-4256-9dd9-412be50aa14f,312cd404-9fa4-4f04-b8b0-cfed95e31398,-5,0,-0.28807574869075137,0.444907320920877
37e8be92-5729-46ef-9198-80b15513cbbc,2024,2023-12-30,550c3333-8e82-49d4-b9c6-ae13db14a84f,8ce6b3fb-8bb0-49b5-acaa-caed76d542d7,33,1,17.375679354435725,0.9639306310300535
385958c2-c766-4711-b09c-78207e4b427f,2024,2023-12-30,c51998cc-ad65-43ec-88c6-a0f160ff7902,2f0bd8d9-4435-45ed-9efe-045f835c15a8,8,1,0.39796715182717357,0.4983213786436943
3e6bb571-89bd-43ab-bcff-934036878ca5,2024,2023-12-30,49f72498-1bbd-48b1-87b9-cc90196e205a,4e9aa968-9ad5-4833-b9a5-7d89b35976d4,-1,0,-2.12650107452354,0.36920529403582286
464b2db3-91d2-4d6d-811f-1e5f47a31afb,2024,2023-12-30,f9a8f2d4-c836-4b2d-a4f9-47f73b8c033a,54e8cb38-83f4-4866-b3d1-d0e1dfc530c6,-16,0,7.5551698471869555,0.8318711242658053
4c8e442e-4a3c-4cd5-b0dc-96ddb5ae1eb0,2024,2023-12-30,4b83e4dc-410f-4835-a8a4-8ccffc29e016,51a31921-d3f2-4514-821c-23df38e74559,22,1,-0.2675113062430958,0.4635290733333288
54035b84-f4c8-4447-890e-57a58b1a439a,2024,2023-12-30,6d3e1830-dbbe-4e70-b7e9-1eb765f0acf8,58bacfff-257f-4f54-bb05-241bd6353626,25,1,14.241566579772773,0.9286550909981828
55ce7e71-397f-4c5b-9d52-de71cdeabc1a,2024,2023-12-30,071229c8-25a8-4fd7-87a3-c30d0a95671a,4e6747c9-6a64-4fc5-b96c-e38ea635f22c,2,1,7.982784924713497,0.8280094559736079
5687748f-5fab-45f4-9dae-b10fec1e33a1,2024,2023-12-30,c840b153-1401-4ebc-9549-e027df3cc7e1,38cf12f8-b27f-4c69-8f14-254930816a8b,25,1,23.079020560275048,0.9870344885653058
577f0cf5-7d8e-48d1-9b07-949f398f0bed,2024,2023-12-30,a839c106-a16a-49d3-a86e-aa5e068b76cd,63eb578d-eef3-448b-b0ab-b4892ef058e0,21,1,19.102951746644994,0.9730346458880375
57853d93-87b1-438a-a504-baf34ef09130,2024,2023-12-30,65c68c5f-fc3b-4781-a912-2a4b17be699e,051d13dc-5152-426a-affd-0cf01ef80268,5,1,1.3532601648457665,0.563249800094547
604af86e-d21c-4303-b05f-f8c6c2dd6d0d,2024,2023-12-30,e06623a6-8f03-43b1-83f4-b653f6819ea2,401408f8-2ce4-4ef1-97c2-5a68c979ec7e,16,1,14.298734837795363,0.9199243568454482
698fba07-fb30-437e-8ae9-221c4bb8835f,2024,2023-12-30,e250c58f-f6a5-4da7-aff3-c6770b9a14da,30a1a9be-60b7-4afa-9dcf-92694c2703d1,13,1,6.3862010867456815,0.7735428306712012
6cc79064-161b-4367-8603-c9c2b0f1a652,2024,2023-12-30,a7951831-d013-4591-8037-4212b4a85c3d,e308f5e0-c422-490c-901a-575bb49f1c7e,5,1,1.0084008433156526,0.666351392485526
6d63d839-d2cc-4934-909f-3b6dc9f659fe,2024,2023-12-30,eaac3de1-dd32-49d9-abe3-f56bbff80cde,f2e0429e-8513-40eb-b536-1aca6697aee5,12,1,19.977273322614202,0.9631023975342897
77d1b550-ce16-4c44-8c59-69870e88d9f8,2024,2023-12-30,4e9067f6-7760-4a2a-ba37-273c77915540,9a06c3a5-a344-48e1-942e-a22438b842ec,11,1,16.964768962491416,0.93159973436428
7869c31f-ad38-4ba2-8d5c-a0cea84a021d,2024,2023-12-30,e1ef03af-e420-475d-8a35-c6e5380e9f6d,4928acd4-6738-4045-be81-20132f6471c8,17,1,15.800376583457922,0.9656895249717992
79ab4d7c-aca5-4f12-bc50-37be2a18193a,2024,2023-12-30,57144631-7473-4b46-a437-8e2d8c760f87,8a753611-1c3e-422d-8c6c-5721763b5574,11,1,4.728519247913961,0.6597051917887202
7d0da03f-4947-404a-beb1-225fde13a545,2024,2023-12-30,d7bc8ff0-3522-40a8-8309-346e8b4cf9be,89949731-8bb3-45c7-a6f6-798934261b61,-2,0,-3.486578861829314,0.3537334136073322
80936f28-01ea-46b4-a773-66180168c776,2024,2023-12-30,5368fba0-1d0f-4310-9dea-c25c58762dd1,f73ebf9c-90d9-4d66-b403-056ea4ea6b30,9,1,7.8053493544938215,0.7584078812793925
8228d48b-33ce-441f-9636-3714c6b95f49,2024,2023-12-30,439b6cee-3be6-4471-bddf-f7cb8c69cc85,bf4f25da-dd8b-44d4-a4b7-4671b3c37db9,12,1,5.897761864641341,0.7461399371257427
82b84233-3634-4cb3-9d1f-1f8ca06b70eb,2024,2023-12-30,312a943b-3a6a-4f8e-96a3-02cf6ff38b41,0b751b74-e572-43a0-b324-54eeefac4d5f,12,1,0.9152086837354448,0.5029423721699041
84381142-d10c-4e7b-844a-17ee2a406455,2024,2023-12-30,3763fb9f-1ebe-4dbd-bfc9-6638b14a2a51,638757a6-508b-49af-b5d8-661c0059c04c,1,1,-5.395126361835545,0.3165448035875198
887e14f2-a60e-4c9e-bf96-7bbc9a9e8af3,2024,2023-12-30,60ee2d19-003f-4603-a2ad-838b3e6d6cc0,3a30d561-24be-4bfa-8d8d-75e645c4ad5f,5,1,5.373367601317204,0.7222920504125332
8978a838-1a71-4fa5-9374-0d80e3d153a8,2024,2023-12-30,7048a12e-ec8b-4bf0-a475-1316775a4964,00aed6ff-2151-4d45-8b3c-776ebb0a51da,9,1,18.4339035184722,0.9672063651802241
8a79856e-8d68-4ee1-967b-0e6820d7581e,2024,2023-12-30,f1cb5c3c-2ff5-444d-8c0d-5c1244f07909,a64af70e-61a8-4777-8e8d-9a7815f78f3e,-9,0,-1.2787148374079411,0.41053686589989996
93dac195-7ab7-41a4-b0e0-d470f7432316,2024,2023-12-30,00a52b15-70b5-47b1-86c6-8e30652728c0,6c5c20e6-a076-4fbd-b77d-61a1c7a3c5a4,38,1,11.787263255824953,0.8807937787157587
9b660cf0-af25-460d-800d-57323b1b5264,2024,2023-12-30,8a7ae133-e612-4f1b-911a-a72870f8b4d6,1814170b-a11b-4328-99b6-082f1e76f5c5,-5,0,3.6852305856365453,0.6611308718862878
9b99bbe5-496a-46c8-94dc-3b4dd4f6cb46,2024,2023-12-30,25f32a40-1a9b-47e3-ab20-74659cba9520,72d2e856-e65c-4184-bc2e-38e805170efe,20,1,16.699577936543886,0.9761858232498604
9bb81e62-d8c9-44c2-995e-1e824024e72d,2024,2023-12-30,9d7f5648-4f47-4192-9d8d-78454c962bed,9611a021-de39-4ca5-8188-6387e4c99fbc,39,1,27.393143338948946,0.9854598493503506
a1bf5305-fe28-44f6-abc4-f167084be25f,2024,2023-12-30,f48b0b87-86fe-4b7b-8bf3-9d541f495284,3e3e940b-dd81-42f3-88f8-4e988278be04,14,1,-1.4080979011295585,0.395394567450986
a8e6e57a-aa7e-4717-a65a-3b7acf752a29,2024,2023-12-30,0c8ee784-d7e9-4ac4-b0c7-3ca89567c515,910d4e59-d8d0-4fdc-8a9d-02616c97414d,6,1,10.706234384463214,0.8600855168369961
ad938306-6df1-47f7-b770-5e11c98104c1,2024,2023-12-30,632ba9bb-afd9-4b5c-9c3b-4e60816c8e4f,f1c92057-9fa5-4bdd-b404-96dd624192b3,6,1,17.414809227275693,0.9572033377886184
b3a944be-5c4a-438f-af51-8b698474bb2c,2024,2023-12-30,d0cd742d-b4e6-4f30-88f0-872c2ac1e51f,df2a7293-fc74-4f81-a93d-98c8989ea725,22,1,5.7120912375754855,0.796360828808159
b6302810-3bce-4a54-bfe0-ba0fe89c20b5,2024,2023-12-30,2ca82167-d915-492e-98e0-4ee592960583,a4e0b7c0-e98b-4e65-9408-e26a9aedac8d,21,1,-0.3418864267276529,0.5139414679579862
b65efdd7-2637-4112-b3f3-fdcdd47d166e,2024,2023-12-30,639774dc-a89b-435f-80d2-4c65549fd3c9,10a27e98-10ab-4397-bb74-d3a92cc590dc,-12,0,-3.7706033492919557,0.3565913606845319
b7c4476e-530c-4d24-91a8-eb8204232662,2024,2023-12-30,644a0213-9ca5-4238-af33-7c8ed45fc88b,5fcb12dd-e3b1-4e57-ac30-33da456cd5db,3,1,11.62782477261574,0.9258023608941208
b8b4de53-b94a-430b-bc28-bcfce36579bc,2024,2023-12-30,1b0dd005-3190-4ca9-b74d-111343f2fce0,2408f22b-e753-4c5a-9353-be75a4fb2164,19,1,11.541241416597614,0.9260702861442416
b8f50c38-695a-494c-8dd4-b6a7f948bd82,2024,2023-12-30,2fbd9d1e-084b-43d2-9c7b-10ce0782be7c,fd42047c-b7c6-4dbe-93e7-69cfd125995c,13,1,26.98258129223985,0.9868373559641112
ba0ad49e-2dc4-44cf-88c5-4eceeecfff89,2024,2023-12-30,65cbd49d-db3a-4043-8bb7-7bfcf57c017c,2198dbfc-96fd-40be-99e1-e697e4c3d996,-7,0,-10.236437809432255,0.15787033175813628
bb4388dd-86de-4d01-8605-c47a39daaab0,2024,2023-12-30,92b76481-ab53-4e96-a0ec-5f522c031417,84d66f69-10df-4b33-bbb9-5ba2ef708ea5,3,1,5.2280989349955735,0.6939144819508499
c03eac0a-9e84-4063-846e-8ff8b69e4e7f,2024,2023-12-30,ea78667c-bf16-4084-80cc-2ab61a0e05d5,15de2bd3-69fa-45a8-b95c-4d5e91232ab9,-3,0,11.534719362659478,0.8633946234302167
c284fa81-f140-4fc4-95cb-32d841b3848b,2024,2023-12-30,9b6f0f32-d8f1-4921-aad2-a16c420f3183,cf6e9037-e27d-43e2-bbd6-6583598ce383,12,1,1.3993030812546279,0.5805554909935554
c390746b-3b04-4891-95d4-ca1d666bb945,2024,2023-12-30,d8e747fb-453e-4894-9a8f-08598fead336,3bdd846d-463f-4ddf-8719-13ed1e3f2634,-12,0,-4.008608313501853,0.31936103676967514
c4e145d3-9974-4023-a9f3-bd550b0717a0,2024,2023-12-30,e7f5f157-7a33-43ad-8282-59e1c4ad9b25,6474358a-819c-42e6-92d7-0fd3ce20d239,5,1,17.34467191976622,0.960237489959595
c5e65f64-efc4-4af9-8ead-9cab93382d47,2024,2023-12-30,8c121ba7-b028-4d29-8ac0-bfc3c1ff7b57,ec7d9da7-9286-4c01-98ce-3a10ec231612,-8,0,2.22379864316216,0.6230445219785645
c6124a01-a4d0-4bc4-94d2-2811636d368f,2024,2023-12-30,64c5c3a9-f1f6-4f48-b571-1de27621f06c,bba8eb68-9989-447a-90b4-27c8d0d32bd1,23,1,5.585312488591094,0.6972434975760015
c78e0f12-40ff-430e-9201-a5aa146d0f2c,2024,2023-12-30,f3cf8061-767a-4873-9e24-5cc4c9a6a1b0,f916ec1a-cf31-4b3a-9d55-a8bdefbea199,-3,0,-6.006513646560591,0.29164667127920774
c8bf9b9f-e16f-4cfd-9384-bbf0ad0576d0,2024,2023-12-30,b9e1a15d-9de2-45e6-9fc8-b3444d1bc0b5,113341aa-9630-4951-b161-71419ed62dbc,37,1,28.291041920045693,0.9912150099153666
cb4793bf-1a7a-421e-b721-62ebb3972e2c,2024,2023-12-30,47b967e4-0689-4d1c-863b-9d82c6ffbfcd,2df495e6-2f8b-487f-b13a-e76f3397df82,12,1,8.617950273312756,0.7939250046873233
cbce5931-c730-4f28-8b44-680f3e090973,2024,2023-12-30,529e7dc4-6b55-487c-84b3-598dd9941301,03a91d53-3b06-4e76-b037-9c97d09645f6,26,1,17.107789189358495,0.9648391757209059
cc98f202-d4aa-45b9-b830-860a3a4f31ce,2024,2023-12-30,dd1136c6-9974-4186-b206-7e24f2bf7dc3,4b962e36-92f2-493d-a9d8-e62b725d5b76,16,1,3.903290227966484,0.6739882018281548
cc9a5bbe-07ea-418e-9a8f-2211621b585d,2024,2023-12-30,5f480384-0cfc-4e90-837d-db9cc8d292dd,2ba07bf8-0306-417b-b7fe-b2d29b7d0eb1,2,1,2.2488741281961304,0.5968146583985787
cf9a768c-8921-4acf-be73-e2f74ed648d9,2024,2023-12-30,d0ec4581-205d-4391-a765-06ee8de241d9,0d6ccccd-6ee7-4ed7-a231-381c6b268e2b,-8,0,-1.6595960532540401,0.3658516982409411
d80f8761-f0fe-4c48-8dad-c74a237a1962,2024,2023-12-30,f93c4c92-e869-45e6-8970-2a02d80141c9,375514f8-f93e-4eec-ae0b-6615ec954e45,-2,0,2.1828301375969104,0.609742399737188
e283bd47-85bb-4134-a815-621c958b54c4,2024,2023-12-30,e30e79ea-8947-4c58-9842-25781182ec2e,00b63e00-850e-4b09-b660-a5e698f46b61,-9,0,0.059260501052483816,0.44479855372807225
eb491c9c-6eae-413a-9b19-91c3e02d2fdb,2024,2023-12-30,a7f405f8-389a-4a00-bb71-6d07d48f4fe8,a4f24556-d2b0-4bc3-bd21-758340750c58,-19,0,-7.660492653675781,0.23041383693418468
ed32ba83-c209-4759-93bd-0ee1eabe688f,2024,2023-12-30,853125a0-ce88-45ba-9815-9387fac3d278,2d591dd3-d0ab-476f-aadc-1e636cb28d1e,1,1,30.857452002804038,0.9827681324278236
f087e099-e9ea-4ba8-bc23-a51a729491e1,2024,2023-12-30,45e40bdf-5c84-42ca-84d2-a823db0b6609,754d9f26-9ca3-4bb8-8aa3-065bcf9ec6df,16,1,2.533615416912912,0.567182842192461
f14a14dc-7b74-45ee-92af-0e900edf0660,2024,2023-12-30,29fcbb70-fa3c-4806-8768-15b5ec4a8449,5091ac5b-fcb1-423a-9cf2-0981de634633,25,1,13.86835461625118,0.922893826506042
f8c22e45-7ccb-4c2b-a108-489f26d021ba,2024,2023-12-30,39decbb3-b24d-444c-970a-39aa53a01ef6,730db31e-4fab-472d-bf25-7b882deff0b7,-8,0,-4.950506385528972,0.30986146914201185
05d544f5-c815-481b-9e76-345b04492b88,2024,2023-12-31,8b8c3790-682d-4010-b304-45ce213ad62f,fc7ccbd1-42ce-4200-b33b-0f8f3de48473,-19,0,-17.933244314061206,0.03735667459905565
0b8a5ebb-edbd-4e7b-8e04-1aa1b2575ded,2024,2023-12-31,993f004a-13e0-4079-8706-332aafab29c2,8cd2a215-aea9-48bb-babb-e5d8cf0cb9fd,-11,0,-2.2732568827915647,0.448372573877016
0c39f74f-1ba0-4875-9682-07ddf8ee596d,2024,2023-12-31,7da2e7c8-cee3-4ff4-be74-58d324c5ff71,c58c3009-46ec-43bd-b27b-b0d683ab2cad,21,1,5.239858026108888,0.6973115159320737
18acab4f-8b64-4389-9c12-fb1997305c3a,2024,2023-12-31,2bb9930f-6a64-4fb0-8ae7-2d18cc4ceb5c,696e6eb5-b8dd-4d44-8780-1e6c678615bd,-9,0,-11.890126806579277,0.11726337388408707
1d5f18cb-518c-4a74-8e80-ff6360e6b208,2024,2023-12-31,8925b65e-4ce2-4ec3-b501-c0075fe06b52,16aca559-5828-43a9-ada9-f35f973f4863,35,1,18.53520441324963,0.9868972403733215
212498a2-28c4-4faa-8682-f12aabdddd2e,2024,2023-12-31,155c1dd9-ba93-42ee-a28c-238768724494,1b1fcea3-d0ee-4307-b5a5-4c2a4a591484,23,1,25.485577495998893,0.989923909204753
3a60c799-1f1d-42f0-a8f5-008c832512f7,2024,2023-12-31,2acb9682-4dbf-4e25-82b3-0124cb5c07cc,7fdeff97-4db9-4c33-9fc6-9f03bd977d30,-3,0,7.032974989919787,0.7221165609308242
4ae81d4d-5085-485f-aa37-b727c9fc66e3,2024,2023-12-31,686413d2-e94d-497d-a87d-ab911ac38ec7,79bf464f-0d3a-4992-b310-86d2abbc2244,17,1,9.431755702886454,0.7832113267751828
5d0a5613-e1ad-4e8f-bff6-94fddc7c6193,2024,2023-12-31,6cc29af2-0d45-4399-b571-caa43e20e554,e5bf7042-0036-4e9d-81f3-3126a9675ce0,-16,0,-4.427969672097832,0.35047508376310454
6dbf3d90-9f73-4d7e-b4b2-de49f0a72e4b,2024,2023-12-31,ed50f577-3ab9-4627-80f9-bc931ee42370,4eaf68c0-dd32-4705-8f2c-1c1dd2880a74,-7,0,-2.696541258357754,0.4366844899215803
76583536-5f7f-4342-9fe9-4e44db1e1a29,2024,2023-12-31,a7e91e1e-3644-4f3c-bda9-edddb9602a27,8e26bcb3-616b-4c7c-a709-bf30d2ddce41,15,1,29.20292871689079,0.9853798541885134
7820b78a-94d3-4de3-b16b-ca76290c6e98,2024,2023-12-31,58113924-4aef-47a7-a675-cddc9e355cd5,873b654a-5825-415c-8a11-5e5b15bd2ac8,16,1,14.781947254876728,0.9447540808286455
98a8f2da-3451-4b73-bf24-0f7900b5032c,2024,2023-12-31,384d8319-2770-4b9a-bb32-bd4da034d104,eddc4725-b4b2-4442-b2af-8853210d0e96,17,1,10.441912344878832,0.8855248529701512
b41bd9d3-daf6-47fe-a5a9-dec11fb4850e,2024,2023-12-31,1acd2c41-6945-469b-b33f-3c7b30f8359b,df1d6c5c-77eb-4d21-b5dc-6cd579f74d2b,8,1,2.561497345722741,0.6464638241235237
b4d2fb1a-314a-4f97-a13a-13457033a3ca,2024,2023-12-31,e5fae797-082f-4354-8c20-2c1c22c6ac8f,7f15159e-f7a6-4016-869b-962879f5c296,-2,0,1.3087918145446105,0.5110279300437802
bc093fa1-cccb-47cd-b584-5776714c0cfb,2024,2023-12-31,88fe7301-2d1a-43f9-ba01-e8f7795634b5,7293bb2a-8d08-4752-b00d-104a80da0371,16,1,-2.0067912421127962,0.44723879498130653
cbb9ffb2-32dd-4a38-894b-ec36e9386444,2024,2023-12-31,b1cbdf0c-474e-4b52-ae02-f856ceda214b,73a80df0-15db-447f-b97c-418cc82a508d,-8,0,1.4076939388168561,0.5963893005048583
cc6ce1a8-5848-44e6-b87b-4c2f391ace94,2024,2023-12-31,409dd213-f612-4ab7-a0ae-8060dd9a6ef4,b80e54ae-3b74-40f3-9954-a1b0805cd1e8,7,1,6.276319672161605,0.6820089411669886
e23e28f6-ca09-411f-873f-4ab317b1bd4c,2024,2023-12-31,0b9bc135-badd-4fc9-b7bc-bebccb08cbf1,48a6c30c-21c1-4d12-ac7f-590a1fdb0238,5,1,2.729453743491745,0.5738997215862434
fec38a75-2b7c-46c9-8d92-e5ccd6ceeb40,2024,2023-12-31,b20b957b-b406-4f6d-8f7a-2f88e3b49bd5,c79306a4-5139-4f8b-8b55-21b42e22858f,19,1,10.10831164785682,0.8442189007240817
08c2c4af-1850-4f14-b6ee-28b7a6df2e28,2024,2024-01-01,e51fb2de-db51-4fbd-ab63-2a069c126779,0b950934-3f06-4a8a-9251-83e3f1827e68,17,1,16.699037469165777,0.9381348789560031
2378a40b-c7c5-40b3-9f79-2664603166fe,2024,2024-01-01,9f152b52-7847-49c3-83b6-8c68295d484a,546e1911-9caa-499e-92f4-afa9c6b1e8c2,35,1,28.031544601969163,0.9890000089878592
fdeae6f6-c450-46ea-b8ea-f89d884f11f6,2024,2024-01-01,dbfecb75-86bd-4650-9fc0-4d85eaeabbbf,3a4357d0-0685-439d-863f-f854c35e4c42,34,1,16.506226450966395,0.93206563216559
0271e191-097b-42cd-9b88-91e10418684b,2024,2024-01-02,cc07b31b-464b-4cb9-89d2-ac26ffe3e5f4,9ccf2901-b49f-4aa3-8a4a-d59d017dfabc,8,1,2.7556440337315524,0.5854878264100516
02f3ba46-6fc1-4ccd-820c-69a3884f2bc3,2024,2024-01-02,2deaf391-9719-4c95-bb3c-acc6f8baba86,b7c2bf0a-248a-40d4-aa1d-bf6329590a4f,-9,0,3.6803334496408993,0.6795579462759488
10dea911-5a2f-4945-94ec-b0ef2ab42c1c,2024,2024-01-02,324e37b8-f52e-449b-909c-366c81488fea,8fce643e-75f7-4242-b565-2a4818e1eeba,13,1,9.699028067023235,0.8268491464237357
1c26bede-95e4-49f9-a725-62b9500f8652,2024,2024-01-02,f3cf8061-767a-4873-9e24-5cc4c9a6a1b0,228bf81e-d4c4-4b81-9b51-74ff2fd3f7c3,-9,0,3.321943029865516,0.5962197163054112
261bf4ba-f0c8-4b07-865d-a93e826557fa,2024,2024-01-02,1cabfd4b-0114-490e-8d0f-1257cd7f0ae1,4494a75c-3ddb-41cf-b75c-67fb9c0537c9,2,1,11.518060954943131,0.9022634845053894
33d0fb4e-89c1-405f-be1f-c3c6e98c9ed1,2024,2024-01-02,5bd874c9-de44-4954-a4f6-428ed3fde8a6,2df495e6-2f8b-487f-b13a-e76f3397df82,12,1,6.669882984783622,0.6891392927764971
36d95191-f3ef-4b31-8916-32e331ea2e54,2024,2024-01-02,b2d5fddd-b407-4fe6-9d70-e921ab7b7e1a,8af88029-6520-4f85-a99b-0f10d820a167,15,1,11.948930712862532,0.9094296500180183
4d359ff5-fd9a-4f22-937e-aae73c57931c,2024,2024-01-02,1ac84e49-be83-4e9a-b4a7-0fb0b7465b32,e250c58f-f6a5-4da7-aff3-c6770b9a14da,19,1,10.450674888448571,0.8489944245017472
54deea10-02a9-4aa4-9f4d-b0365a4647c5,2024,2024-01-02,2f0bd8d9-4435-45ed-9efe-045f835c15a8,5052a2f3-f41f-41e4-a681-c6277fec0404,-13,0,-5.990227870779463,0.26616770454976774
5a4b29cb-8974-49fe-a1ee-c4a0606df874,2024,2024-01-02,45959b35-f1e9-462f-aecf-565395a6fb6d,e42183ad-b44a-4746-8c0b-148ad61bab43,-28,0,-16.001973553773034,0.047905417399338096
5afd4aa2-5b39-4068-937a-ada64eefb873,2024,2024-01-02,47b967e4-0689-4d1c-863b-9d82c6ffbfcd,da828fff-cee9-4151-bc4d-983ee436f573,10,1,-1.9158788378132943,0.4214985232110881
5b05788b-c98e-4245-95ae-b54dff7a054d,2024,2024-01-02,4c073afb-cc2c-4ed2-bd8f-2f545ae1bea5,cf6e9037-e27d-43e2-bbd6-6583598ce383,7,1,18.130268653651182,0.9455838454044235
634f9299-aa39-4ff4-af2a-e38524d9a81d,2024,2024-01-02,74434c65-ac07-4a97-9998-737791311fb1,49f72498-1bbd-48b1-87b9-cc90196e205a,-22,0,-6.748625138304145,0.21351830516926004
7f508a4b-e51e-49a6-bc56-398f09ebc08d,2024,2024-01-02,215ed27d-58e8-4e84-ab60-6d170d404304,cd369794-6765-4889-bd1c-89869447620b,-14,0,-6.1672085666265914,0.2496700696752026
80e5f8ce-8452-419e-b2e6-8fb59375b59e,2024,2024-01-02,2e49ce6d-63ef-45d9-9048-67fcdb01a46f,63a49366-1e4a-4ecd-849d-4153e5e0a2e0,37,1,25.935073796143683,0.9873791252978451
8c2bd52b-fc21-42ff-96c4-722ae5bea019,2024,2024-01-02,f1cb5c3c-2ff5-444d-8c0d-5c1244f07909,e3158bc2-1467-4311-8540-c4f77e10aab2,5,1,0.9705582507415162,0.4721510731907505
90f59748-6084-4b32-9948-e707f41e81ba,2024,2024-01-02,d2ae40ba-651b-4006-8b22-61c6b9ce0e33,3a30d561-24be-4bfa-8d8d-75e645c4ad5f,-17,0,-18.337544139621972,0.036265619538777105
91ea8bf6-7d99-412f-9285-298822621fa3,2024,2024-01-02,03a91d53-3b06-4e76-b037-9c97d09645f6,dfdc9d0d-4a83-4244-9c07-9b3660ba4f6f,2,1,8.47041204488341,0.785639397177802
a014c8de-3f51-4f31-8904-ec84e39baf39,2024,2024-01-02,8ae6c27f-063b-4e7b-bbfb-653f496560d6,bb505898-cdd5-4c4e-9ea1-301ff6a4b981,-1,0,-3.2736832739748007,0.381116879116243
a11530ac-a950-41f8-9c0f-3fa9a07c2288,2024,2024-01-02,79479954-cdbe-4601-a82c-35936960a7dd,7eefd1e5-aea4-463e-ae74-c628b0fe170e,-2,0,-10.139560159029292,0.16809206725009593
a5f6921e-0de0-4a58-be71-2492a5378f57,2024,2024-01-02,cd9eea44-8a6c-4bd4-ad4d-74e461fdefd3,101749c8-ec05-4370-a95b-47f56c433623,11,1,9.18329653014394,0.8280958580855742
aa974474-5bec-4518-8290-b6fa040c246a,2024,2024-01-02,dac01aea-9f35-463a-9dce-75d4575160dd,9611a021-de39-4ca5-8188-6387e4c99fbc,20,1,26.488904019132292,0.989633468095833
ae0a4623-3710-45b3-85e1-f40d050cf741,2024,2024-01-02,9cde2e64-799a-42f1-84dc-71779b1219f5,a9569511-9e5c-45d1-b958-3e29c52f612e,30,1,4.151301456414569,0.6371010077087116
c9f556aa-c594-4070-b740-aff592c15746,2024,2024-01-02,b9e1a15d-9de2-45e6-9fc8-b3444d1bc0b5,c51998cc-ad65-43ec-88c6-a0f160ff7902,20,1,16.486942009569386,0.9404667207798206
d6daa073-6875-4efc-bacc-06c17d587b24,2024,2024-01-02,6c5c20e6-a076-4fbd-b77d-61a1c7a3c5a4,2518e2c1-28b1-472d-9fdd-5d97d9f1ea99,-12,0,11.624320864643984,0.8799344942770161
de651f3b-d304-4a2e-85d2-3556d6582a63,2024,2024-01-02,e7f5f157-7a33-43ad-8282-59e1c4ad9b25,424f7a7a-158f-4ad0-adb1-4b3ebe25b11e,16,1,12.027544593172786,0.8992240784204274
e0436644-da08-4276-a756-368ef54a57c1,2024,2024-01-02,4a01023d-3637-4ac5-bf1f-37c08b2438a5,9b6f0f32-d8f1-4921-aad2-a16c420f3183,29,1,34.66016749610615,0.9917319376569619
e14ddd0c-7947-49d1-8357-c1dc4631d18c,2024,2024-01-02,d7b7310f-6983-4a09-bb56-fda96e9f761d,2dc64ab1-cde8-49d4-a343-298600450708,12,1,8.463067996653796,0.8525158398837568
ea499b2b-4190-425b-9414-d48e165280a4,2024,2024-01-02,abad6a22-9569-47ad-9945-a6ad9345c30f,ef75db17-4afb-4e3b-a928-30e871ec130c,17,1,16.79541837519079,0.969137313127477
eb6db4a4-5e0e-4fd0-980a-65f1e8f1bb47,2024,2024-01-02,65cf0d8a-0a5f-4572-8516-53809f66ba44,64c5c3a9-f1f6-4f48-b571-1de27621f06c,-6,0,-1.4531176740315561,0.4039542067590833
0e369c04-d4a7-4794-a9b9-bf7dce06fd9b,2024,2024-01-03,6cc29af2-0d45-4399-b571-caa43e20e554,e1ee7493-ca48-4d8c-aefe-83427a4e66af,-14,0,-7.831657023016458,0.24771560161709177
1112bb09-442e-4040-a8f6-a291276a6dc0,2024,2024-01-03,df2a7293-fc74-4f81-a93d-98c8989ea725,7fdeff97-4db9-4c33-9fc6-9f03bd977d30,-6,0,7.543418966139324,0.7493168664233721
11f7ce49-15ce-43c9-887e-4765f9874ef2,2024,2024-01-03,dde8f534-10a1-430c-af83-43b026e7ab68,791eb121-5f34-499b-a1ff-469bc9007fe7,15,1,11.01232993916909,0.8520547149351939
13445a3e-30ea-46e2-bbca-1ae951a74088,2024,2024-01-03,2fbd9d1e-084b-43d2-9c7b-10ce0782be7c,f245c41f-897e-4985-9153-43034bb26bfa,19,1,-0.4501785067196988,0.50234639458719
174f2e18-f220-42bf-9733-1c3850dbd602,2024,2024-01-03,a66213c2-5ad6-4d77-a7ec-85700a223ed1,1c1c3846-4bad-48b3-b8be-dba7d24af981,27,1,19.606795447840565,0.9857087168523215
1c62b0b6-ffcf-4d7b-ab8e-190fad61fd7f,2024,2024-01-03,f916ec1a-cf31-4b3a-9d55-a8bdefbea199,7048a12e-ec8b-4bf0-a475-1316775a4964,-13,0,-5.647289043614509,0.27785057540110936
2227bbd2-b4fb-4ee7-80fa-1d5b8a56b131,2024,2024-01-03,bf4f25da-dd8b-44d4-a4b7-4671b3c37db9,85effc0b-7382-452e-904d-22a52433ccb5,14,1,19.308921144630215,0.9819890724605553
288d7a67-9f0e-4fce-a0e6-71805e9ab172,2024,2024-01-03,57144631-7473-4b46-a437-8e2d8c760f87,35d0a28f-e3d7-43ca-90cc-daaf0b7c278e,4,1,-5.970070110832125,0.34437038928566016
2e88c71b-7a90-41ae-9ccc-ce30a8faab59,2024,2024-01-03,30a1a9be-60b7-4afa-9dcf-92694c2703d1,7d57c2ad-190c-4c1b-8987-ab2007a42023,23,1,15.890904698923686,0.9523757600328858
3bc914ab-633c-45f7-a43a-350e263c9766,2024,2024-01-03,76748a8f-7de8-46dc-b80c-a1a7fbcb84ea,bc3f184c-a2c4-4518-89d1-f58ee454b86e,2,1,15.065264707895643,0.947090552518144
3c8b6c68-2b7f-4ecd-870b-843bf8e936e5,2024,2024-01-03,d0cd742d-b4e6-4f30-88f0-872c2ac1e51f,b20b957b-b406-4f6d-8f7a-2f88e3b49bd5,2,1,1.7457314378468665,0.6322179670011379
3f6c86da-58a9-4a35-ac44-ecbffe622e58,2024,2024-01-03,8a7ae133-e612-4f1b-911a-a72870f8b4d6,c840b153-1401-4ebc-9549-e027df3cc7e1,-15,0,-5.087115677092286,0.32433944814634014
478c5a19-6c82-4655-b2f3-d3a2a98d3c12,2024,2024-01-03,312a943b-3a6a-4f8e-96a3-02cf6ff38b41,2aed7aac-f38b-4fae-84ae-9e9c9ac71a3f,2,1,1.1995864754721068,0.5139187461450807
4a732ff8-2ac9-4d35-a3bb-8f299e3d8b81,2024,2024-01-03,c71ebd72-5c90-41d5-b1fc-544e4695d9d0,4e9aa968-9ad5-4833-b9a5-7d89b35976d4,-11,0,8.471807206333107,0.8029136203742008
50899746-bc03-442a-a6d2-76b229ac0843,2024,2024-01-03,ea78667c-bf16-4084-80cc-2ab61a0e05d5,5ace87dd-23fb-4317-bc7f-8d80556ae6b4,11,1,5.182163523271026,0.7248131647604835
59e21438-0aa2-418c-938a-a87d9a1e65bd,2024,2024-01-03,51a31921-d3f2-4514-821c-23df38e74559,fd495afa-fc22-4081-905c-24f40ff2656c,24,1,14.795337924273003,0.925569731157739
5c19ae2d-0a57-402b-ac2a-19be47ec387c,2024,2024-01-03,632ba9bb-afd9-4b5c-9c3b-4e60816c8e4f,5368fba0-1d0f-4310-9dea-c25c58762dd1,-6,0,0.2816695434639813,0.48380674328990536
65d1321e-47be-48da-9159-9fb55942666c,2024,2024-01-03,4aa110b4-c8f4-438d-b44c-2d6a5c74ab8e,22ae415e-1335-4b89-a126-bbc7a1d7901e,-9,0,-7.39143784526796,0.21262547346960375
718c49f5-82a9-4416-b478-c01726108f7a,2024,2024-01-03,9c1431a3-21c9-46c9-8335-1b85a6022223,cf6e9037-e27d-43e2-bbd6-6583598ce383,19,1,16.79375772867129,0.9170417643316315
76863ff9-cf99-40a2-838e-4709db70f832,2024,2024-01-03,754d9f26-9ca3-4bb8-8aa3-065bcf9ec6df,e5fae797-082f-4354-8c20-2c1c22c6ac8f,8,1,0.7016181711234871,0.5653797267232493
898a35a3-0b61-494d-8969-3fcd2c52f292,2024,2024-01-03,2f2d6799-40af-4256-9dd9-412be50aa14f,7da2e7c8-cee3-4ff4-be74-58d324c5ff71,-8,0,-6.283439317913994,0.2677997561162769
8bb782c3-45d8-474b-a558-ef1d573169cf,2024,2024-01-03,2acb9682-4dbf-4e25-82b3-0124cb5c07cc,d0ec4581-205d-4391-a765-06ee8de241d9,13,1,3.6454787552025603,0.5950502959627746
97e26f8b-b314-423d-a87e-8f9525ed4f00,2024,2024-01-03,ede9d6c2-b888-41b7-8674-8638c41d2034,95466c2d-a184-48f8-849c-d6957bd1df52,-4,0,-0.7030267753800452,0.48322952330661817
9bd0c7a9-ebd5-4177-b0fb-79924ca53481,2024,2024-01-03,1814170b-a11b-4328-99b6-082f1e76f5c5,ec7d9da7-9286-4c01-98ce-3a10ec231612,-8,0,-6.196296735584342,0.4207070077115561
a9371321-73e1-4564-9220-452b1326dd6d,2024,2024-01-03,05f1d3d6-8079-4142-beb6-628fd19c74ca,17a3b4e9-cfab-43a8-b7ad-73508d4d890f,-7,0,0.7109139836617683,0.5381843897709815
aafe10b1-89c6-4f01-8819-8bc760ed6b97,2024,2024-01-03,67505072-f35a-493d-a160-8e6292da33f5,49c78722-1476-440a-9de1-896fb7b7db88,25,1,7.530313643157001,0.7944773933203851
abee48e0-28e2-4647-aebe-b75f1f0817d6,2024,2024-01-03,19b40071-00ca-4d8a-8188-a03d635e9811,00a52b15-70b5-47b1-86c6-8e30652728c0,-7,0,-6.132788214060766,0.2485202263930088
ac5f0c29-036e-425d-a910-3cbc0ee3bafe,2024,2024-01-03,d74a1fb4-3afe-43b0-9bd1-7e0552ba73ed,8044cdf8-5fd0-47d9-8a07-8a29b2ca7b9a,9,1,4.404180990480878,0.6757905749737728
b00488ee-b15a-4d48-b0a9-651201485d75,2024,2024-01-03,4b83e4dc-410f-4835-a8a4-8ccffc29e016,73db7905-652b-4320-aac7-243f2f2f70a2,-2,0,-5.248291369261884,0.28283162710939064
b0a9a99a-5068-4846-88b0-4e8283f7e137,2024,2024-01-03,f2e0429e-8513-40eb-b536-1aca6697aee5,f48b0b87-86fe-4b7b-8bf3-9d541f495284,-11,0,-1.7763605475224529,0.43294192970467316
bff7ddee-b5cf-4b54-9f58-6870d226c815,2024,2024-01-03,a2069f0f-fd2c-4971-b3da-6ba010532fcf,00aed6ff-2151-4d45-8b3c-776ebb0a51da,8,1,2.565315670963074,0.6625962647379544
c1bf5415-803a-4526-8d53-d780b0614c13,2024,2024-01-03,2b1a3f03-7d93-471b-be12-d487164eae0f,350fe1ba-284f-4709-8cdd-3f745fcff0f8,1,1,7.3470041565667925,0.7580303857135913
c83fc17f-e326-40e3-88db-e46c1f99daff,2024,2024-01-03,33176e8c-5f9d-4bcb-8c56-9a0a5f7d7f1c,dcf85f3b-a79b-4a61-9cd9-d6a90541bf3f,11,1,3.5537163308408624,0.612549519027411
cb148a4f-faf6-4440-a231-c0a23b74ec26,2024,2024-01-03,7af1094c-c99d-43dd-b41a-1b72a81abfb3,0d6ccccd-6ee7-4ed7-a231-381c6b268e2b,-10,0,-5.452613911250136,0.35579994024905637
cbae6a4b-40d5-4307-a7c0-ef0396e932e2,2024,2024-01-03,c3681649-6e1d-4bf8-9b47-1d2868dca3e9,af6bf0c9-2e1e-4334-8982-93f14a35af57,-25,0,-12.851251636212869,0.05177568268995563
cc509067-86af-45ea-b50d-8e408e5dbaba,2024,2024-01-03,7f63e419-1d15-4c08-84b6-dc393ca0146a,3457262b-c7da-4834-a20d-ad6be302a671,-14,0,-5.573566342646658,0.2572081252793274
d2b89921-6130-4302-b8af-d89cf13ed061,2024,2024-01-03,44e2611c-d02d-4019-b2f5-da0e4ad35df1,4d3124e9-6470-49c6-8f2f-806813c60883,28,1,7.648157600545327,0.8273873508966194
d2da7652-5970-4712-a89d-b22579551058,2024,2024-01-03,c79306a4-5139-4f8b-8b55-21b42e22858f,2607ab7d-2f54-4540-9b2e-d27703407118,-10,0,-1.0019881659488696,0.4677278455028985
d7508f63-dc9f-4540-a543-30c26f13230c,2024,2024-01-03,58617cc8-94d5-4f69-a677-9ab4cdc52a33,adf7b22e-19a9-437e-ade2-833bb31da77c,11,1,8.31421087668162,0.8085802260380905
e561ed12-9058-430a-9ea5-ef51a797b2b1,2024,2024-01-03,cb1440b2-adac-4775-96c8-c4f00641d353,c58c3009-46ec-43bd-b27b-b0d683ab2cad,3,1,-3.960512530533563,0.28883650923510745
e772ce96-b236-418d-9e8a-97f4120b1148,2024,2024-01-03,2851d469-fe75-448e-9d6b-4bde7ec96e06,25912c1a-f2be-4c07-857a-5eef6aadebda,13,1,-5.842615524022164,0.2627758492829977
eaf71fea-b1ee-47da-857c-af13eb705d38,2024,2024-01-03,2ed44d95-e306-4823-a4c3-196ffb777766,1d3cac70-c7f5-47ea-bb26-00ba78e1acbd,-2,0,-1.0792994464170174,0.5477202420721973
ecd0aa9a-69e7-4a5f-94ab-a0f927fd04b9,2024,2024-01-03,63eb578d-eef3-448b-b0ab-b4892ef058e0,887d2364-968e-43c5-83af-c227595022bd,5,1,9.40255465230433,0.8353309820692962
ed2f169d-45db-42d5-af49-1aa903856609,2024,2024-01-03,644a0213-9ca5-4238-af33-7c8ed45fc88b,853125a0-ce88-45ba-9815-9387fac3d278,4,1,9.413033891789663,0.8521261646038064
f5960b38-8a19-45ec-b227-de5698c3d202,2024,2024-01-03,6068f6c0-7e92-4dc4-9da8-1bfbdb60cf2c,b7f069ed-b9be-4147-b87e-fe1bef8386b4,16,1,9.740851737163046,0.8267018083054984
02c8eef9-39ab-42d8-89da-1e04695c4d17,2024,2024-01-04,65c68c5f-fc3b-4781-a912-2a4b17be699e,639774dc-a89b-435f-80d2-4c65549fd3c9,10,1,-1.2090644085619202,0.4562409356461601
0b72e01b-e9fc-4d19-bf84-5a3f15d13eb3,2024,2024-01-04,6474358a-819c-42e6-92d7-0fd3ce20d239,3280e439-7a98-4ebd-95dc-1a1281ccab00,-12,0,-2.9161260350663962,0.43362353152917255
0d95a298-419e-454e-9862-a1fc4bf15670,2024,2024-01-04,63627b20-aa4c-4e0d-bcfc-40a5fe150e8a,04119628-781b-40f9-ac7b-3c8fe82375cf,10,1,8.53307704156644,0.7951671601040966
0f3e937c-737b-46b7-9508-3074787ce51f,2024,2024-01-04,ba033ab0-c07a-4b71-b7f4-243ae194d23b,b1cbdf0c-474e-4b52-ae02-f856ceda214b,8,1,6.043396377781147,0.7225123991963036
11b51b23-ed5c-4c0e-b464-0e12940278e5,2024,2024-01-04,16aca559-5828-43a9-ada9-f35f973f4863,686413d2-e94d-497d-a87d-ab911ac38ec7,-18,0,-9.879491162444173,0.17006143085195355
17fa5a10-d1c4-4985-9340-91c338c2a3d1,2024,2024-01-04,4eaf68c0-dd32-4705-8f2c-1c1dd2880a74,1acd2c41-6945-469b-b33f-3c7b30f8359b,5,1,6.256989248489506,0.6781421920320508
236562e3-6bde-466e-8ad4-757b4a32e685,2024,2024-01-04,48a6c30c-21c1-4d12-ac7f-590a1fdb0238,a7951831-d013-4591-8037-4212b4a85c3d,-2,0,6.9731424150708925,0.7845436376994471
250c8b35-c318-4085-815c-89ee08239d95,2024,2024-01-04,0b751b74-e572-43a0-b324-54eeefac4d5f,e9813fa7-c976-4ad4-a455-2f05235e93cf,7,1,7.613829336376313,0.7654959819701557
28878792-f7f6-47c9-98ed-b61904af25d7,2024,2024-01-04,09fca7ef-baed-4af0-a553-465ae1160049,409dd213-f612-4ab7-a0ae-8060dd9a6ef4,47,1,9.037553272282445,0.808380444290211
2980618e-eaa6-4cd7-afe4-2ca24db07776,2024,2024-01-04,a7f405f8-389a-4a00-bb71-6d07d48f4fe8,6b296d7f-de88-4a16-8a22-b28077a669c4,-11,0,-0.047308225456556365,0.5680769501578016
2c7e8d1d-fefb-4027-b1a1-bcf9e4d592cd,2024,2024-01-04,f9c26112-b1ea-411e-b273-e74e8ce3f1ff,238b3f68-0b29-4056-97f6-6c10a093cd62,1,1,1.1510244139958066,0.657267847910663
2efe9ab3-d69f-4bf5-ad05-3bf4d5506f1c,2024,2024-01-04,e12ab562-dd12-4b55-909f-669834d3d963,15de2bd3-69fa-45a8-b95c-4d5e91232ab9,8,1,2.960744135505261,0.6103124097373862
39b72e2f-ea34-47b3-98a4-a781c21445cd,2024,2024-01-04,dbfecb75-86bd-4650-9fc0-4d85eaeabbbf,4b962e36-92f2-493d-a9d8-e62b725d5b76,15,1,4.1754411825258915,0.6630818884867381
3d83e64e-a634-4fbf-9351-7e3c44f01c23,2024,2024-01-04,ebf92b73-233d-4523-8429-ab00d5af1966,da6142ab-a5fa-48a0-b6ec-864a8119be75,-11,0,-18.771899477483114,0.032773000590070794
3fd457da-070c-41d4-8150-87bf189675e9,2024,2024-01-04,5091ac5b-fcb1-423a-9cf2-0981de634633,f9a8f2d4-c836-4b2d-a4f9-47f73b8c033a,-7,0,-5.544796009792802,0.30657214801908406
41b05539-cb8f-4c4e-8acc-c5c81c3cdef5,2024,2024-01-04,10a27e98-10ab-4397-bb74-d3a92cc590dc,c0dfc734-0d40-4cba-86b5-fb2ad5c73da1,17,1,12.68114949907676,0.9198831665408054
43bd267c-34c7-4b61-9d9d-32846e70f5bf,2024,2024-01-04,92b76481-ab53-4e96-a0ec-5f522c031417,7ca95dca-8ca9-42a6-b9a5-307d339df9b7,-7,0,-5.744247706189871,0.3472694839386811
44e456d7-1a40-4bea-a790-ff8bfae352a4,2024,2024-01-04,05aedf2a-3424-4acc-9537-4d52dccd6e02,125fc4dc-8f42-45a8-b23a-3e50f4620499,-4,0,-22.3715922060875,0.02472404839989063
45b30c4d-c7bc-4b0d-ba84-d688c09ea543,2024,2024-01-04,2408f22b-e753-4c5a-9353-be75a4fb2164,5cae196d-fd0c-4944-8120-41d5abecb290,-12,0,-5.318908188262778,0.3245303088116837
4a151646-241b-45ae-9727-9e196428b66a,2024,2024-01-04,3e3e940b-dd81-42f3-88f8-4e988278be04,e1ef03af-e420-475d-8a35-c6e5380e9f6d,-7,0,-4.470447608971109,0.3145316299953443
55ff43a3-f4d5-4deb-98f3-ae183b6b12f7,2024,2024-01-04,7747d9fc-9e15-4b0f-911e-ba64828748ed,db374003-37d9-4d61-a3f3-7abec141d33d,26,1,24.261161555389194,0.9875664483708043
56e21b63-2687-47dc-ae68-40b8ed337faa,2024,2024-01-04,a4e0b7c0-e98b-4e65-9408-e26a9aedac8d,3763fb9f-1ebe-4dbd-bfc9-6638b14a2a51,6,1,5.246703231847325,0.711101766433807
5a9a06f0-28d7-4bd6-8f8e-073d519a4ef4,2024,2024-01-04,cf2f7a41-56d5-4c2a-b4f4-fb9d1c933b22,3bdd846d-463f-4ddf-8719-13ed1e3f2634,2,1,-5.829004528692892,0.3112423469009236
5c8c101c-7813-425c-8616-f5d7b2c706af,2024,2024-01-04,df1d6c5c-77eb-4d21-b5dc-6cd579f74d2b,696e6eb5-b8dd-4d44-8780-1e6c678615bd,12,1,7.703416681849922,0.7695593921417214
636f7ace-2ee1-465c-82eb-5ea2a246563d,2024,2024-01-04,db9d85a6-59a4-47ff-a287-b40442bf460b,4e9067f6-7760-4a2a-ba37-273c77915540,-3,0,-3.461317682468882,0.3443681427537418
6b3b8376-feb9-4eea-8079-e21e7cdfe0bb,2024,2024-01-04,b80e54ae-3b74-40f3-9954-a1b0805cd1e8,45e40bdf-5c84-42ca-84d2-a823db0b6609,7,1,10.421574545124756,0.8682953971711006
6c9b00ac-5029-41eb-b138-3ec65ac1bc3e,2024,2024-01-04,4928acd4-6738-4045-be81-20132f6471c8,65cbd49d-db3a-4043-8bb7-7bfcf57c017c,-8,0,6.209617682271779,0.7771336187787009
6ee3d664-ea12-41b6-a456-65dfa916537c,2024,2024-01-04,2198dbfc-96fd-40be-99e1-e697e4c3d996,f93c4c92-e869-45e6-8970-2a02d80141c9,13,1,18.580209161470517,0.9523836875031306
70a1995a-2dd4-4af3-9893-9a8a5098e098,2024,2024-01-04,8cd2a215-aea9-48bb-babb-e5d8cf0cb9fd,99b16ea6-899f-484c-8a9d-b2b5bb872d9d,2,1,-0.7499973931044522,0.3996832690716525
74531123-d5bb-4a91-81e7-f68226580325,2024,2024-01-04,730db31e-4fab-472d-bf25-7b882deff0b7,536cd39b-cd0d-40f5-8b6d-7a490d196262,-7,0,4.808755621536776,0.7419936883497592
7c788e84-3e1b-4a41-80f5-662a1c680c7c,2024,2024-01-04,7f15159e-f7a6-4016-869b-962879f5c296,0b9bc135-badd-4fc9-b7bc-bebccb08cbf1,12,1,-4.674152634332215,0.4130170197852701
7decf518-c008-4db3-81aa-442d05b868c7,2024,2024-01-04,8a753611-1c3e-422d-8c6c-5721763b5574,268a2907-58d0-4693-98bb-a6cecdae1c63,-9,0,1.5561840636213788,0.5210083693420987
8070eab2-fbfb-4ba1-82ca-2e1a0e94797b,2024,2024-01-04,c05bd27b-1eb5-4bfc-b1ec-29735fe183f2,8c121ba7-b028-4d29-8ac0-bfc3c1ff7b57,-11,0,-4.221938720457642,0.30347994220202357
8415f0f8-79a5-4254-9331-eb7ffb46f618,2024,2024-01-04,873b654a-5825-415c-8a11-5e5b15bd2ac8,d8cd723a-1d76-4abe-be2e-516e52724947,8,1,-0.6661316166791873,0.4925410735846616
8dda0703-b784-4fb9-97fd-696656de518c,2024,2024-01-04,3d25723a-661f-48c9-9c5f-db713077997a,051d13dc-5152-426a-affd-0cf01ef80268,7,1,2.2639540354109426,0.6056081310964232
9541ec33-edd5-4b01-b6ac-9f7070dba25e,2024,2024-01-04,73a80df0-15db-447f-b97c-418cc82a508d,8b8c3790-682d-4010-b304-45ce213ad62f,7,1,15.699417780886455,0.939101284265138
a142737c-24bb-4458-8410-39bdf67dc37c,2024,2024-01-04,5f480384-0cfc-4e90-837d-db9cc8d292dd,29fcbb70-fa3c-4806-8768-15b5ec4a8449,-20,0,-1.559940810095483,0.3626710291202897
aafbc0e4-9126-4a9f-b651-6a19d27d7cd5,2024,2024-01-04,fc7ccbd1-42ce-4200-b33b-0f8f3de48473,39decbb3-b24d-444c-970a-39aa53a01ef6,25,1,17.839723778281165,0.9675316597977007
c2509aa0-364e-4aad-86ac-56432db016a6,2024,2024-01-04,375514f8-f93e-4eec-ae0b-6615ec954e45,eaac3de1-dd32-49d9-abe3-f56bbff80cde,-7,0,-10.16549223738523,0.16503236675707972
c637da62-1310-416a-ae8f-98c61a147b48,2024,2024-01-04,2ba07bf8-0306-417b-b7fe-b2d29b7d0eb1,b1b6c3d6-c825-484c-a8fd-a4e0816d19fa,-7,0,-1.1355652847803348,0.418103444666019
c89b8ef4-0a97-4174-aff8-50111e3a3c28,2024,2024-01-04,1394e3ce-706d-4097-9aaf-cad5d38aa5a0,2f522e9f-f586-4f8b-816f-a83d9e6231fa,-2,0,0.12540738427418713,0.4998609505959609
c92fdc89-5cd5-4b56-9d04-aecbe7e72a86,2024,2024-01-04,c2629a38-b5d1-44e7-9a32-8fb51cc9a116,48fce6fa-2dd6-4fad-b5ca-cf5cccdc3fa1,12,1,11.956502172189477,0.8528903943642223
c9696015-73d9-4c25-a5b6-48d027872199,2024,2024-01-04,2493388c-6fee-41f1-90b0-e82a447a607a,f162ea30-6b86-48f3-bdc5-48c97448256c,-21,0,-10.565342217040193,0.14603213662760933
d1d52e40-8da7-4dca-b819-4439bf1ef029,2024,2024-01-04,ea8c66b5-8fe3-41dd-a56a-b85bfdc613c3,0b950934-3f06-4a8a-9251-83e3f1827e68,2,1,2.1799674957435213,0.6001114830796378
d95700ed-1415-4cb7-ba9f-a44c7ee6500e,2024,2024-01-04,69e6a4c4-bb68-4c30-86d8-3cf7d51c7db7,629ca4e3-9243-47ce-8a02-ee7fe38e857c,8,1,12.320482369153014,0.8971112752443599
d9a871e7-6884-43ec-adea-b97f3fb9f1b0,2024,2024-01-04,d7bc8ff0-3522-40a8-8309-346e8b4cf9be,3a4357d0-0685-439d-863f-f854c35e4c42,27,1,11.916014477452025,0.9154624779488794
e7d2c542-d74b-4aff-a567-946cfed40ff5,2024,2024-01-04,79bf464f-0d3a-4992-b310-86d2abbc2244,2bb9930f-6a64-4fb0-8ae7-2d18cc4ceb5c,44,1,12.96664894558909,0.9153278559110068
f166c1d0-e445-42f5-837c-291e9ff10bdf,2024,2024-01-04,9341db15-6a24-4506-804b-e37983918ab9,ed50f577-3ab9-4627-80f9-bc931ee42370,3,1,3.6540004379082136,0.5437459441413136
f845ad2d-8120-4ca0-80b7-25777470ea44,2024,2024-01-04,9be057a5-becb-47b1-b84f-041147698411,9a06c3a5-a344-48e1-942e-a22438b842ec,-16,0,-4.969560125121816,0.3001979579722119
fa098731-631d-4a7a-a539-a622b3905bc7,2024,2024-01-04,638757a6-508b-49af-b5d8-661c0059c04c,2ca82167-d915-492e-98e0-4ee592960583,26,1,11.277652957602305,0.8716416327620783
2c63fdf0-8d68-4f2d-be4a-d16579a9ca0f,2024,2024-01-05,fd42047c-b7c6-4dbe-93e7-69cfd125995c,0c8ee784-d7e9-4ac4-b0c7-3ca89567c515,-24,0,-11.002629183099051,0.08439964042996202
36804471-4531-4ed4-9b82-ba1a26c51127,2024,2024-01-05,00b63e00-850e-4b09-b660-a5e698f46b61,a64af70e-61a8-4777-8e8d-9a7815f78f3e,12,1,2.800238050963503,0.5785842604129461
775bdf24-66d2-4ca5-b85f-fda12d018479,2024,2024-01-05,49f72498-1bbd-48b1-87b9-cc90196e205a,1cabfd4b-0114-490e-8d0f-1257cd7f0ae1,16,1,6.780284931787997,0.7252373960247309
7ca10f3f-4df7-4795-b299-84e0b9ec6974,2024,2024-01-05,91d935fa-7d8c-41e7-a184-72c0f770d10c,5320f527-fbbd-4bb0-80d3-0de759475d59,5,1,6.132973018170007,0.747774831889165
8065be85-28f9-4199-97ef-9e0040079397,2024,2024-01-05,cd369794-6765-4889-bd1c-89869447620b,9cde2e64-799a-42f1-84dc-71779b1219f5,5,1,11.089369947213434,0.8875103845513346
aa8a7872-7ddf-4b91-95aa-2f167692f4e2,2024,2024-01-05,424f7a7a-158f-4ad0-adb1-4b3ebe25b11e,4a01023d-3637-4ac5-bf1f-37c08b2438a5,-7,0,-11.678533957365811,0.09989644251911989
b3be594f-d200-431e-8444-cb8dca589a6c,2024,2024-01-05,dfdc9d0d-4a83-4244-9c07-9b3660ba4f6f,a4bc2fe7-4083-4c33-bce5-6cac3e161a7f,-9,0,-12.852786563047434,0.08423465703928719
bb5f4d37-7784-48bb-bea8-a8b55684986f,2024,2024-01-05,d8e747fb-453e-4894-9a8f-08598fead336,9b465025-fe2a-4233-b24e-310dbccdf4ed,-14,0,-4.637154790784867,0.30765850263343236
c36353a3-8ac6-4faa-be56-46bb692b803e,2024,2024-01-05,58bacfff-257f-4f54-bb05-241bd6353626,f6d188d9-c992-4de8-801d-4995b25abaae,4,1,5.556650307069949,0.7107446928823397
ee8defd0-1c8d-4ba9-9e75-7971c23c6974,2024,2024-01-05,228bf81e-d4c4-4b81-9b51-74ff2fd3f7c3,2deaf391-9719-4c95-bb3c-acc6f8baba86,4,1,7.056383953425936,0.7867212900052152
01e188e1-d66d-451c-89df-7b047a9dbee7,2024,2024-01-06,071229c8-25a8-4fd7-87a3-c30d0a95671a,717f3cf5-bc65-4a66-8f05-191decfbf380,2,1,4.2622108680315165,0.7153866712520731
02a58e57-6c60-4a23-b909-3d02506d06ee,2024,2024-01-06,16aca559-5828-43a9-ada9-f35f973f4863,1acd2c41-6945-469b-b33f-3c7b30f8359b,-23,0,-12.945234285738614,0.06753337837505974
03b9e1c1-0d02-4c22-bc87-7dbd2532ae7e,2024,2024-01-06,0b751b74-e572-43a0-b324-54eeefac4d5f,dbfecb75-86bd-4650-9fc0-4d85eaeabbbf,-22,0,-10.587341605482811,0.1351373086355872
03c8e374-c86b-46fb-bcaf-6ea1d127a3a0,2024,2024-01-06,9ccf2901-b49f-4aa3-8a4a-d59d017dfabc,03a91d53-3b06-4e76-b037-9c97d09645f6,17,1,13.99313627203534,0.9526546309327485
03e05764-b4ec-420b-94b8-89f439d0f955,2024,2024-01-06,371811fe-0533-4539-97b1-b56f642d0fd9,23b31575-028e-4661-85ac-8d5835d6726f,20,1,7.937234797805098,0.7541671410121213
06d72df7-2d96-4138-a6aa-fa2b9c6905a5,2024,2024-01-06,49c78722-1476-440a-9de1-896fb7b7db88,79479954-cdbe-4601-a82c-35936960a7dd,-7,0,6.3813432916633,0.7418383991187268
07365083-122a-4f28-afc5-14026bef970c,2024,2024-01-06,2aed7aac-f38b-4fae-84ae-9e9c9ac71a3f,63eb578d-eef3-448b-b0ab-b4892ef058e0,-8,0,2.6329173451861987,0.6025028442940785
075fb81f-39da-450f-86bf-492426956720,2024,2024-01-06,e6b0799b-abce-441c-929c-964306f8fc27,e0cc707c-bdef-43a1-a3f0-c1ddfefdadd3,7,1,6.167071042832843,0.7356735609248501
09f02907-f0a2-453f-aceb-c8542ca73b3f,2024,2024-01-06,17a3b4e9-cfab-43a8-b7ad-73508d4d890f,44e2611c-d02d-4019-b2f5-da0e4ad35df1,-4,0,-4.979643954685741,0.2664807601887791
0f2a3ffa-84b2-4dfa-95db-f86145fe2fa3,2024,2024-01-06,7f15159e-f7a6-4016-869b-962879f5c296,409dd213-f612-4ab7-a0ae-8060dd9a6ef4,3,1,-10.431957210534065,0.13890570474007738
0fadec73-db54-4622-b38c-48233c5175a2,2024,2024-01-06,22ae415e-1335-4b89-a126-bbc7a1d7901e,76748a8f-7de8-46dc-b80c-a1a7fbcb84ea,4,1,11.354381280588491,0.9012634545034971
106e1a0c-f64c-4db0-a161-e7da25804ee3,2024,2024-01-06,115916ea-f145-4974-a257-5bb24f7c1ccc,155c1dd9-ba93-42ee-a28c-238768724494,6,1,0.4211846721131537,0.5564722111362439
1793c4e1-6eeb-48fb-8c89-191f1c3386ec,2024,2024-01-06,33176e8c-5f9d-4bcb-8c56-9a0a5f7d7f1c,58617cc8-94d5-4f69-a677-9ab4cdc52a33,16,1,1.78607265249524,0.6461434811423669
21449c32-03b2-47a2-87d8-314e5b1cd3cd,2024,2024-01-06,1b0dd005-3190-4ca9-b74d-111343f2fce0,9f152b52-7847-49c3-83b6-8c68295d484a,2,1,6.563820757344528,0.7595080236509975
2402a956-008b-4591-a8e2-40fdfe8a25b7,2024,2024-01-06,7d57c2ad-190c-4c1b-8987-ab2007a42023,8044cdf8-5fd0-47d9-8a07-8a29b2ca7b9a,-12,0,-1.0401533673834773,0.41091228936353336
25c23218-91bf-42a5-abc7-549133b0514d,2024,2024-01-06,58113924-4aef-47a7-a675-cddc9e355cd5,a7e91e1e-3644-4f3c-bda9-edddb9602a27,8,1,-3.239915010509478,0.4075564283373403
2683fdce-ddc8-4453-bfa8-e3c15d927cf9,2024,2024-01-06,fd495afa-fc22-4081-905c-24f40ff2656c,2f0bd8d9-4435-45ed-9efe-045f835c15a8,-13,0,-9.885775022894581,0.1461946695500056
27a3141c-9ec3-4a36-af61-263501b36534,2024,2024-01-06,4928acd4-6738-4045-be81-20132f6471c8,f48b0b87-86fe-4b7b-8bf3-9d541f495284,-4,0,2.016580092272692,0.5544035051348128
2de1a87e-c5ea-4c6c-baae-fdf04f585b9c,2024,2024-01-06,4aa110b4-c8f4-438d-b44c-2d6a5c74ab8e,dde8f534-10a1-430c-af83-43b026e7ab68,-16,0,-6.603675251146362,0.2691230103997837
30420b0a-b4f9-4e9c-aad7-58706bdcfa6f,2024,2024-01-06,a4e0b7c0-e98b-4e65-9408-e26a9aedac8d,e1ef03af-e420-475d-8a35-c6e5380e9f6d,10,1,-7.229626762352222,0.19529664283122417
30810877-f333-457f-bba9-2b615603891b,2024,2024-01-06,375514f8-f93e-4eec-ae0b-6615ec954e45,3763fb9f-1ebe-4dbd-bfc9-6638b14a2a51,-14,0,1.0943013162072859,0.5621486263948089
315182c2-252e-4d19-affd-ab05e5cd25fb,2024,2024-01-06,b80e54ae-3b74-40f3-9954-a1b0805cd1e8,a7951831-d013-4591-8037-4212b4a85c3d,-5,0,8.27448978872764,0.7723139249366759
31f8990a-ec75-4288-b9bc-2ff74668a3c1,2024,2024-01-06,2518e2c1-28b1-472d-9fdd-5d97d9f1ea99,b7c2bf0a-248a-40d4-aa1d-bf6329590a4f,-5,0,-2.172052305918945,0.4178923459010501
350bae60-ee10-483b-b6d6-acfcabf71d2f,2024,2024-01-06,8fce643e-75f7-4242-b565-2a4818e1eeba,6c5c20e6-a076-4fbd-b77d-61a1c7a3c5a4,-6,0,0.9421953833859592,0.5038921961508407
37d2322b-dbeb-44e1-b126-f93a7069bb46,2024,2024-01-06,f9a8f2d4-c836-4b2d-a4f9-47f73b8c033a,5f480384-0cfc-4e90-837d-db9cc8d292dd,8,1,2.3430947673028863,0.7048979597752779
3a01960a-a78b-44d1-95b5-a679c47a6c3c,2024,2024-01-06,7fdeff97-4db9-4c33-9fc6-9f03bd977d30,d0cd742d-b4e6-4f30-88f0-872c2ac1e51f,-5,0,-2.1723338532525984,0.41803150912291426
3cd1dee7-96ee-4f92-bd4d-50be93722b9a,2024,2024-01-06,e12ab562-dd12-4b55-909f-669834d3d963,9a06c3a5-a344-48e1-942e-a22438b842ec,10,1,6.751377223358181,0.741417822919097
3d454b43-2a0c-4aa3-9b2a-e7f6acd7dcdb,2024,2024-01-06,101749c8-ec05-4370-a95b-47f56c433623,853125a0-ce88-45ba-9815-9387fac3d278,9,1,6.986419310166028,0.7845296276777229
3e40ebe3-ad6a-42d6-862e-c81e66e9f9c7,2024,2024-01-06,0d6ccccd-6ee7-4ed7-a231-381c6b268e2b,6cc29af2-0d45-4399-b571-caa43e20e554,19,1,14.954886056388023,0.9539975434314802
3e4a8ac7-0d2c-4ce9-a4d9-b31c75ec0a54,2024,2024-01-06,c0dfc734-0d40-4cba-86b5-fb2ad5c73da1,f162ea30-6b86-48f3-bdc5-48c97448256c,-10,0,-10.962186591498623,0.15556792004965259
44fe5c61-7971-4cec-8716-09e31481dd7a,2024,2024-01-06,bb505898-cdd5-4c4e-9ea1-301ff6a4b981,c58166c3-f02a-4e33-9fd0-9fa7b0711d94,7,1,9.874948970575954,0.8676893931521769
454e722d-ffc0-4209-884e-96e92a9a5044,2024,2024-01-06,2b1a3f03-7d93-471b-be12-d487164eae0f,e7f5f157-7a33-43ad-8282-59e1c4ad9b25,-10,0,-0.1826623218422625,0.4076038962449365
4638d73b-1195-4c14-b879-2ad68629b14f,2024,2024-01-06,af6bf0c9-2e1e-4334-8982-93f14a35af57,2ed44d95-e306-4823-a4c3-196ffb777766,26,1,11.667110376470205,0.8973413720753817
4641d0d1-ce6a-40b8-8085-4d57d4677ff1,2024,2024-01-06,f1c92057-9fa5-4bdd-b404-96dd624192b3,7293bb2a-8d08-4752-b00d-104a80da0371,1,1,-2.822857262208985,0.37926502106574606
46ab7b38-dbc2-4c93-a7d9-6caca635cb03,2024,2024-01-06,da6b8f1b-a85b-4303-8500-c640c0d3132f,113341aa-9630-4951-b161-71419ed62dbc,3,1,1.6332093375838026,0.604805574582306
46d0d238-6bf7-424c-9a91-33c932d5c9c8,2024,2024-01-06,73a80df0-15db-447f-b97c-418cc82a508d,993f004a-13e0-4079-8706-332aafab29c2,11,1,14.604151547917185,0.932229782911123
47e66517-339c-47fa-85c9-caa558c15487,2024,2024-01-06,9be057a5-becb-47b1-b84f-041147698411,15de2bd3-69fa-45a8-b95c-4d5e91232ab9,-11,0,-6.4995370731092095,0.2519304586360489
4a82a712-ee3d-4d05-aebb-d574019c8f0a,2024,2024-01-06,f3cf8061-767a-4873-9e24-5cc4c9a6a1b0,74434c65-ac07-4a97-9998-737791311fb1,12,1,11.052795810540639,0.8795678127434093
4d7ba829-2186-4579-b2af-5302e2e89c63,2024,2024-01-06,9c1431a3-21c9-46c9-8335-1b85a6022223,1ac84e49-be83-4e9a-b4a7-0fb0b7465b32,-5,0,-5.1706702349931755,0.26057282976367546
54ca6dc2-b029-4e0a-9795-3a73526ff6c2,2024,2024-01-06,4c073afb-cc2c-4ed2-bd8f-2f545ae1bea5,b4c9b613-0bc6-4295-b293-3b56c2020f1b,25,1,0.9340360573068277,0.5424175275372539
56b64752-091a-49f3-9d5d-29fedd312681,2024,2024-01-06,638757a6-508b-49af-b5d8-661c0059c04c,f93c4c92-e869-45e6-8970-2a02d80141c9,15,1,13.138583586590505,0.8485714828197873
56de3cf7-af3e-44f6-ae16-9f889d1c7931,2024,2024-01-06,54e8cb38-83f4-4866-b3d1-d0e1dfc530c6,6b296d7f-de88-4a16-8a22-b28077a669c4,10,1,-3.7387121078724834,0.40967061776446245
5805f02a-663f-409d-b7e9-b6c0db66d2ed,2024,2024-01-06,63627b20-aa4c-4e0d-bcfc-40a5fe150e8a,238b3f68-0b29-4056-97f6-6c10a093cd62,-20,0,2.455276592580207,0.5662570477411772
587bf7de-eba7-43ba-a9da-983e1ef84728,2024,2024-01-06,3bdd846d-463f-4ddf-8719-13ed1e3f2634,48fce6fa-2dd6-4fad-b5ca-cf5cccdc3fa1,15,1,13.901583447115087,0.9272925161597757
5ad468c2-0682-48ee-b065-967dfd7de827,2024,2024-01-06,a839c106-a16a-49d3-a86e-aa5e068b76cd,4e9aa968-9ad5-4833-b9a5-7d89b35976d4,11,1,8.19108063326615,0.7176087945334303
5b7a3dbe-30a8-40e4-b747-b22b46285433,2024,2024-01-06,546e1911-9caa-499e-92f4-afa9c6b1e8c2,2c8d46b6-8e8e-4229-85a4-0713fe1c6c4f,-6,0,-14.487229195795008,0.07122444596604852
5ba6c594-ae7e-4e68-9495-7caafa307e59,2024,2024-01-06,312a943b-3a6a-4f8e-96a3-02cf6ff38b41,30a1a9be-60b7-4afa-9dcf-92694c2703d1,-8,0,-10.688356464556373,0.16504794532346712
5ebafc3e-8aeb-42fd-82fb-bf8554230c4d,2024,2024-01-06,10a27e98-10ab-4397-bb74-d3a92cc590dc,051d13dc-5152-426a-affd-0cf01ef80268,2,1,8.714047330018827,0.8351350763119724
6357e389-f127-4a84-9a2e-b4ec469b4eec,2024,2024-01-06,268a2907-58d0-4693-98bb-a6cecdae1c63,3280e439-7a98-4ebd-95dc-1a1281ccab00,-6,0,-5.225418626131154,0.3564162879038555
684d002e-c123-4d40-a31f-724777dd350d,2024,2024-01-06,4eaf68c0-dd32-4705-8f2c-1c1dd2880a74,686413d2-e94d-497d-a87d-ab911ac38ec7,6,1,9.28922878126096,0.8287055140406092
68dae4bf-0bcb-46cf-90f6-8f27e059ba44,2024,2024-01-06,ea78667c-bf16-4084-80cc-2ab61a0e05d5,bba8eb68-9989-447a-90b4-27c8d0d32bd1,3,1,-0.35044887735634167,0.4929477636357451
697fc4b6-f4c1-4ec0-a154-540b23dbf436,2024,2024-01-06,ad9b8341-2ebd-49c4-8bf9-bf5d4811bc0c,33a4f970-bbcb-47ad-9bfa-ae6f0eaf792f,7,1,0.6861155162250349,0.4843598996068297
69f2f85b-7226-4612-b413-43365e9a1c89,2024,2024-01-06,e1ee7493-ca48-4d8c-aefe-83427a4e66af,7af1094c-c99d-43dd-b41a-1b72a81abfb3,8,1,8.257278121525456,0.8149225482051522
6a9719d7-3d08-42d2-806f-de09ce281b99,2024,2024-01-06,8e26bcb3-616b-4c7c-a709-bf30d2ddce41,89dd92f7-46c8-41a3-be81-ecb12f1cd4c7,-7,0,-1.4519049332743734,0.3864831487203982
6c58bf54-16c2-4faa-b628-b9dffc791bad,2024,2024-01-06,db374003-37d9-4d61-a3f3-7abec141d33d,8c121ba7-b028-4d29-8ac0-bfc3c1ff7b57,-6,0,-2.5666775564231323,0.4501238863846289
6eb27c48-8f52-4787-9cd4-0c2cb75dac73,2024,2024-01-06,3d25723a-661f-48c9-9c5f-db713077997a,2493388c-6fee-41f1-90b0-e82a447a607a,18,1,6.1514511276782535,0.7856904494248848
7175a39a-5484-486e-bd96-b2a11da7c022,2024,2024-01-06,2dc64ab1-cde8-49d4-a343-298600450708,b2d5fddd-b407-4fe6-9d70-e921ab7b7e1a,2,1,-4.195433815067618,0.3167859851346115
7387a2ea-b6dc-439d-abcd-d2f03da63a97,2024,2024-01-06,c05bd27b-1eb5-4bfc-b1ec-29735fe183f2,da6142ab-a5fa-48a0-b6ec-864a8119be75,-4,0,-14.386778706625746,0.05079237577239728
74fb007a-d2da-48c2-b3ea-f7067638946a,2024,2024-01-06,629710d8-479a-4efa-b5f3-d77767ddce70,eddc4725-b4b2-4442-b2af-8853210d0e96,-14,0,-0.6554950229932076,0.3827796606415802
78312250-1d2b-46a9-a122-6f8d5c2110c7,2024,2024-01-06,6474358a-819c-42e6-92d7-0fd3ce20d239,d7bc8ff0-3522-40a8-8309-346e8b4cf9be,5,1,5.86692717407145,0.8110860266245572
7ec404b2-7d4a-4110-9119-f935b1584155,2024,2024-01-06,529e7dc4-6b55-487c-84b3-598dd9941301,e8e72618-33f8-4013-8305-43775a278752,-11,0,2.860116761609445,0.670677596048795
8331caa1-bfad-4d4e-a859-db796ca8a659,2024,2024-01-06,bc3f184c-a2c4-4518-89d1-f58ee454b86e,adf7b22e-19a9-437e-ade2-833bb31da77c,-22,0,-9.6523488819869,0.16090549032858625
83468baa-8838-4e78-9684-2db2896384bc,2024,2024-01-06,57c91ea3-1f48-4879-a664-232fba59cb1e,89a85f65-8bbf-43db-b23d-362af1afc44d,-5,0,1.4524663331887007,0.5669584755655858
84b6b94f-2001-4f20-94f3-8ca3800a757d,2024,2024-01-06,a66213c2-5ad6-4d77-a7ec-85700a223ed1,4c4cb93b-7b16-46b7-9d21-5ff908de25a6,11,1,7.453765209352744,0.7904382490918672
853dc284-44a0-4a16-a05f-cb21be98b541,2024,2024-01-06,85effc0b-7382-452e-904d-22a52433ccb5,5bd874c9-de44-4954-a4f6-428ed3fde8a6,-22,0,-3.9794703960659215,0.321389737505907
865c623e-14c3-48dc-bc3b-5fbde46e14a0,2024,2024-01-06,8cd2a215-aea9-48bb-babb-e5d8cf0cb9fd,39decbb3-b24d-444c-970a-39aa53a01ef6,-14,0,3.2847196350832077,0.6296413149323455
882c9826-8864-4861-a4da-5a7ba5dbf10c,2024,2024-01-06,89949731-8bb3-45c7-a6f6-798934261b61,f1cb5c3c-2ff5-444d-8c0d-5c1244f07909,31,1,13.37982229138505,0.9097267242838917
8ba0b36d-ab9f-4bb3-89b7-b8790392f6ef,2024,2024-01-06,64c5c3a9-f1f6-4f48-b571-1de27621f06c,2851d469-fe75-448e-9d6b-4bde7ec96e06,4,1,9.097910627317063,0.7974843015283006
8f8771ed-708a-4e1f-b82b-3bbcab44239e,2024,2024-01-06,5368fba0-1d0f-4310-9dea-c25c58762dd1,8a7ae133-e612-4f1b-911a-a72870f8b4d6,-5,0,5.72306923721255,0.7269241527872179
92abf464-5a0f-41b4-8a25-9c3d18e5c683,2024,2024-01-06,9611a021-de39-4ca5-8188-6387e4c99fbc,401408f8-2ce4-4ef1-97c2-5a68c979ec7e,29,1,12.44572799875187,0.9220496034166561
955e9f82-862e-4e06-a4d3-cb8889f464cd,2024,2024-01-06,6d3e1830-dbbe-4e70-b7e9-1eb765f0acf8,f92587ee-8d25-4b09-9a60-6203f75c974f,-2,0,2.145330357427028,0.5767539340073873
962f6e66-4584-410b-8905-2b02667b347f,2024,2024-01-06,e308f5e0-c422-490c-901a-575bb49f1c7e,e5fae797-082f-4354-8c20-2c1c22c6ac8f,-9,0,8.78349701153813,0.8006777670020087
97730b78-a642-42af-9e91-7d1c5f02806d,2024,2024-01-06,7747d9fc-9e15-4b0f-911e-ba64828748ed,ebf92b73-233d-4523-8429-ab00d5af1966,27,1,26.6480363169361,0.988210013881322
9be13326-74be-4ba2-b856-02dc13a6664a,2024,2024-01-06,14393a14-3128-4184-bf05-72f6bf2a357b,c2629a38-b5d1-44e7-9a32-8fb51cc9a116,24,1,11.126578757427064,0.8636345029947327
9d50285a-91db-4580-9d06-d1b51772edf8,2024,2024-01-06,2198dbfc-96fd-40be-99e1-e697e4c3d996,eaac3de1-dd32-49d9-abe3-f56bbff80cde,4,1,0.940456758943231,0.4421361409121971
9d863860-cd15-4361-b639-6ec47a1066e5,2024,2024-01-06,e06623a6-8f03-43b1-83f4-b653f6819ea2,bfd4c500-09b6-46ba-81ae-48b13f8345ff,-3,0,-13.774373461114772,0.06464096869745202
9e4eb470-0b28-434a-b70a-15284dc627f9,2024,2024-01-06,c71ebd72-5c90-41d5-b1fc-544e4695d9d0,632ba9bb-afd9-4b5c-9c3b-4e60816c8e4f,-2,0,13.025176549773528,0.8932073148601289
a13e923a-2351-46af-a907-6a5dce468a9c,2024,2024-01-06,e42183ad-b44a-4746-8c0b-148ad61bab43,cc07b31b-464b-4cb9-89d2-ac26ffe3e5f4,5,1,2.410819240936543,0.6275294118336053
a1fa4402-230a-4863-bce1-a64811eb0b28,2024,2024-01-06,d2ae40ba-651b-4006-8b22-61c6b9ce0e33,9b6f0f32-d8f1-4921-aad2-a16c420f3183,3,1,10.378090995533194,0.8545794154760169
a1fd0fa2-bac9-43f9-ae49-4f7ab733785b,2024,2024-01-06,cd9eea44-8a6c-4bd4-ad4d-74e461fdefd3,6068f6c0-7e92-4dc4-9da8-1bfbdb60cf2c,16,1,5.132966333430711,0.7061146175982088
a3029eab-139a-435a-9254-05d55d018242,2024,2024-01-06,d0ec4581-205d-4391-a765-06ee8de241d9,e5bf7042-0036-4e9d-81f3-3126a9675ce0,1,1,3.676363801432076,0.6414163649343865
a3245ea6-3bdd-4855-969c-c90af6832b0e,2024,2024-01-06,09fca7ef-baed-4af0-a553-465ae1160049,0b9bc135-badd-4fc9-b7bc-bebccb08cbf1,19,1,10.530980174423311,0.8548534974071907
a4065131-81c2-4353-90bb-d7f535c3505d,2024,2024-01-06,be683752-ceea-4783-ae94-66be0178e1d1,01300ab2-c4a7-4740-a5ac-3541d598620e,8,1,-0.01549458718792655,0.4841899621474915
a52c33d1-2d1b-494d-a6e2-82a73be4ffc9,2024,2024-01-06,4d3124e9-6470-49c6-8f2f-806813c60883,a2069f0f-fd2c-4971-b3da-6ba010532fcf,-2,0,-1.4288709651981295,0.42229888531336307
a741030e-01a2-4416-9b56-9e6cf09b1a88,2024,2024-01-06,95466c2d-a184-48f8-849c-d6957bd1df52,60ee2d19-003f-4603-a2ad-838b3e6d6cc0,3,1,-4.250261305032224,0.36421536571171326
a8f7e6c8-ce90-438a-a9e1-e937852f3ef5,2024,2024-01-06,2607ab7d-2f54-4540-9b2e-d27703407118,2acb9682-4dbf-4e25-82b3-0124cb5c07cc,4,1,6.383561622912947,0.7113147509872256
ab171527-bee1-4e8f-a467-a4639e70abee,2024,2024-01-06,ad741e6f-e15e-4f4d-8350-9973fa99916e,b255fc28-3428-4006-adf1-9c1001ecb1a3,-15,0,9.254882782879301,0.8465553449596628
ae68a949-100f-4332-b980-100ce35e18a2,2024,2024-01-06,5cae196d-fd0c-4944-8120-41d5abecb290,67505072-f35a-493d-a160-8e6292da33f5,14,1,7.782766850317709,0.8296332468089287
b109df0f-f05b-4ebb-a46d-e4479baa73a5,2024,2024-01-06,4494a75c-3ddb-41cf-b75c-67fb9c0537c9,324e37b8-f52e-449b-909c-366c81488fea,2,1,-10.265798371939187,0.1252900636691023
b1d5977f-dc95-4460-885e-b0fa9d43664f,2024,2024-01-06,a4f24556-d2b0-4bc3-bd21-758340750c58,29fcbb70-fa3c-4806-8768-15b5ec4a8449,3,1,10.950720477142092,0.8458484202132781
b212b05a-cf0d-408e-bb17-ea69d43cb52f,2024,2024-01-06,f9c26112-b1ea-411e-b273-e74e8ce3f1ff,04119628-781b-40f9-ac7b-3c8fe82375cf,16,1,14.239698390662278,0.8866989026055826
b3d9b2fb-93e3-4b78-b0b5-e89d00058df0,2024,2024-01-06,4e6747c9-6a64-4fc5-b96c-e38ea635f22c,92b76481-ab53-4e96-a0ec-5f522c031417,2,1,10.085565202177197,0.8182134146936992
b4f9bab3-9a42-413e-9089-579b10b095f9,2024,2024-01-06,5ace87dd-23fb-4317-bc7f-8d80556ae6b4,65cf0d8a-0a5f-4572-8516-53809f66ba44,-8,0,-2.157993125180046,0.3700154565591768
b5e1b572-c255-4c03-898a-bee91539d397,2024,2024-01-06,48a6c30c-21c1-4d12-ac7f-590a1fdb0238,45e40bdf-5c84-42ca-84d2-a823db0b6609,7,1,10.313061554419097,0.8721575988273595
b7d47f93-d778-4525-b63b-6d1dc757238a,2024,2024-01-06,c58c3009-46ec-43bd-b27b-b0d683ab2cad,312cd404-9fa4-4f04-b8b0-cfed95e31398,16,1,7.796271328661022,0.7891636998477626
b8a73cdf-8fff-46b5-9150-d5f6dc789253,2024,2024-01-06,88fe7301-2d1a-43f9-ba01-e8f7795634b5,e3158bc2-1467-4311-8540-c4f77e10aab2,-6,0,-7.388896566855931,0.18823472996652305
bc1a3a5b-ca64-42ee-9b50-34abc781f515,2024,2024-01-06,fc7ccbd1-42ce-4200-b33b-0f8f3de48473,99b16ea6-899f-484c-8a9d-b2b5bb872d9d,10,1,9.837950184535215,0.8582307051897402
bd71b247-7908-4ac9-b58d-2911422192cb,2024,2024-01-06,550c3333-8e82-49d4-b9c6-ae13db14a84f,25f32a40-1a9b-47e3-ab20-74659cba9520,-7,0,0.5169719762858073,0.5720911496596506
c16ddcbc-ae74-4d90-9a1f-57994c85d9f5,2024,2024-01-06,00aed6ff-2151-4d45-8b3c-776ebb0a51da,05f1d3d6-8079-4142-beb6-628fd19c74ca,21,1,10.910837034947152,0.888861339328554
c20dc54f-e8fd-4e51-9138-2fa84413f5d0,2024,2024-01-06,3457262b-c7da-4834-a20d-ad6be302a671,52739295-a20d-42ea-b09c-a1e17be40d02,9,1,6.728998192786016,0.8242254387140396
c4573725-eefa-4e79-af93-6ddcef504de7,2024,2024-01-06,4b83e4dc-410f-4835-a8a4-8ccffc29e016,b9e1a15d-9de2-45e6-9fc8-b3444d1bc0b5,-8,0,-12.034824466184833,0.08331376999770766
c534d87c-7003-41ff-896d-aa863785c520,2024,2024-01-06,2e49ce6d-63ef-45d9-9048-67fcdb01a46f,384d8319-2770-4b9a-bb32-bd4da034d104,26,1,13.818863916402147,0.929690882986785
c7806d04-2d58-4dc0-aa21-7685b6273cc7,2024,2024-01-06,c840b153-1401-4ebc-9549-e027df3cc7e1,19b40071-00ca-4d8a-8188-a03d635e9811,12,1,11.526593432114252,0.9160989757139787
c8d987f4-690e-4b48-9220-8a2d7e7ad5b8,2024,2024-01-06,20abe49d-2029-4327-96f6-389664f5da7f,493c2e9c-ef36-4b2a-8a7e-32c890e85a4d,-4,0,-12.421461099877218,0.10963471538071373
cae6aeb5-81af-4bce-83b0-dc6e529d9554,2024,2024-01-06,31108a77-31cf-4228-9c6c-3a9665e9e17a,05aedf2a-3424-4acc-9537-4d52dccd6e02,14,1,12.560155109458918,0.9213027822906206
cd7ba46e-5506-491f-a6e8-178953afd97b,2024,2024-01-06,73db7905-652b-4320-aac7-243f2f2f70a2,51a31921-d3f2-4514-821c-23df38e74559,16,1,7.974500301127947,0.8143954228728754
ced5c8d8-dbfd-41e1-a1a5-b1d74c71c8ca,2024,2024-01-06,ef75db17-4afb-4e3b-a928-30e871ec130c,47b967e4-0689-4d1c-863b-9d82c6ffbfcd,-7,0,-0.14841110541724123,0.4677077401027907
d271a4d6-f287-45a6-8cfe-6f9339a8ac0b,2024,2024-01-06,f2e0429e-8513-40eb-b536-1aca6697aee5,2ca82167-d915-492e-98e0-4ee592960583,-8,0,-0.014130600512891736,0.4850742822606235
d299de10-a990-4db4-bba0-b92891826c86,2024,2024-01-06,3e3e940b-dd81-42f3-88f8-4e988278be04,65cbd49d-db3a-4043-8bb7-7bfcf57c017c,8,1,13.582621280614685,0.9260911791038099
d3aff93b-7433-4e18-9f1d-71e41b2dc3ce,2024,2024-01-06,7ca95dca-8ca9-42a6-b9a5-307d339df9b7,0b950934-3f06-4a8a-9251-83e3f1827e68,19,1,-1.2657718384978947,0.47152143154126713
d5604200-abfb-4c0a-8ec5-c778074c23a3,2024,2024-01-06,5091ac5b-fcb1-423a-9cf2-0981de634633,2ba07bf8-0306-417b-b7fe-b2d29b7d0eb1,-9,0,-5.335178602867326,0.35601603467565046
d881fcd6-7d21-4da3-b8b1-4fa53fa21aa5,2024,2024-01-06,791eb121-5f34-499b-a1ff-469bc9007fe7,dcf85f3b-a79b-4a61-9cd9-d6a90541bf3f,15,1,3.7507405216655525,0.6552859180844727
db8800bf-32de-4650-890a-88c741e8fd05,2024,2024-01-06,cd57c823-e9d8-49c1-bbe2-af9da08499bc,1814170b-a11b-4328-99b6-082f1e76f5c5,19,1,2.8635043810827705,0.6348261080199313
dc60bb5a-699c-44b3-a8e9-bfa5217308ac,2024,2024-01-06,8925b65e-4ce2-4ec3-b501-c0075fe06b52,df1d6c5c-77eb-4d21-b5dc-6cd579f74d2b,-8,0,-0.01189339941079124,0.5876599751299367
dd51fc51-06d6-4102-b9b8-e1e15140442a,2024,2024-01-06,1c1c3846-4bad-48b3-b8be-dba7d24af981,f18598d0-e0e1-4f15-95f2-e11df8bc3126,-15,0,-9.883774174268062,0.1203359918640962
e0d4254b-fe05-4495-840d-c2a7b37a5d54,2024,2024-01-06,25912c1a-f2be-4c07-857a-5eef6aadebda,5052a2f3-f41f-41e4-a681-c6277fec0404,-10,0,-2.5997206982406476,0.38635590633909306
e21985df-ec77-43bc-8a7e-3faedbf8498b,2024,2024-01-06,b20b957b-b406-4f6d-8f7a-2f88e3b49bd5,df2a7293-fc74-4f81-a93d-98c8989ea725,28,1,8.857657312471604,0.8312465124598755
e3a0092c-8d5d-4152-9c9b-52ae02b68842,2024,2024-01-06,d8cd723a-1d76-4abe-be2e-516e52724947,4b962e36-92f2-493d-a9d8-e62b725d5b76,3,1,2.3335274149548026,0.5253589652300783
e403cfd1-0c85-4f67-9e2a-6e161ff5238a,2024,2024-01-06,e30e79ea-8947-4c58-9842-25781182ec2e,d74a1fb4-3afe-43b0-9bd1-7e0552ba73ed,-8,0,1.1715005265071117,0.5256846946437911
e5faa4a5-0997-4d3f-a0d7-aa69fe10d4df,2024,2024-01-06,9d7f5648-4f47-4192-9d8d-78454c962bed,5fcb12dd-e3b1-4e57-ac30-33da456cd5db,34,1,24.807943173189383,0.9922316865227735
e5fd6a77-d5ab-4f39-96e7-c902aad54d30,2024,2024-01-06,97bd823e-8c6e-4942-a5ca-735b3a45ebbc,72d2e856-e65c-4184-bc2e-38e805170efe,-1,0,-0.5677399736074142,0.4773318357025176
e843d4dc-50a8-452d-8d7a-a100118fb533,2024,2024-01-06,ba033ab0-c07a-4b71-b7f4-243ae194d23b,536cd39b-cd0d-40f5-8b6d-7a490d196262,-2,0,7.219209678930609,0.7697929637911997
e9509b6b-86aa-49ec-ba44-910c3c5037af,2024,2024-01-06,2df495e6-2f8b-487f-b13a-e76f3397df82,c3681649-6e1d-4bf8-9b47-1d2868dca3e9,6,1,9.050429892181809,0.8000806351916724
ec80bb95-3de9-42ed-b0d8-1ca050db49f8,2024,2024-01-06,6eb0ebaa-8c99-466d-8fad-68b897f2a9e2,0c2a9ebe-8c6a-44ec-8643-1dbac7642ab9,4,1,1.2194738158230882,0.5664169635230549
edbca287-cb0c-4e53-91f6-809a9ce3f78a,2024,2024-01-06,7da2e7c8-cee3-4ff4-be74-58d324c5ff71,cb1440b2-adac-4775-96c8-c4f00641d353,13,1,10.831295753404035,0.892418214026282
ee99755a-e705-45e6-9f5d-67acd5a83b5b,2024,2024-01-06,00a52b15-70b5-47b1-86c6-8e30652728c0,f245c41f-897e-4985-9153-43034bb26bfa,5,1,-3.689338457456761,0.29801034971170387
f1968df4-a807-40f8-89a8-d306f616502a,2024,2024-01-06,b7f069ed-b9be-4147-b87e-fe1bef8386b4,644a0213-9ca5-4238-af33-7c8ed45fc88b,6,1,-1.8996405399949867,0.38886261862070887
f28055f3-e3ac-4ec9-b867-59ce730a9472,2024,2024-01-06,e9813fa7-c976-4ad4-a455-2f05235e93cf,38cf12f8-b27f-4c69-8f14-254930816a8b,18,1,2.37177878065763,0.5538547875338682
f80c50c3-0ea9-4d87-a1ff-81b4a7a38127,2024,2024-01-06,e51fb2de-db51-4fbd-ab63-2a069c126779,e72d1807-6463-450b-b561-c3727b286584,-11,0,1.542591283371228,0.6163327127179455
fd28a219-c8f2-44c6-8fc2-05be882b0140,2024,2024-01-06,3a30d561-24be-4bfa-8d8d-75e645c4ad5f,ede9d6c2-b888-41b7-8674-8638c41d2034,9,1,12.130441565250155,0.9010330407827783
ffd4c806-702c-414e-aa03-d2b72244bedb,2024,2024-01-06,dd1136c6-9974-4186-b206-7e24f2bf7dc3,dac01aea-9f35-463a-9dce-75d4575160dd,-32,0,-9.54934686542309,0.22217922193938316
1975c603-6bd7-45f4-8959-de13d69ff989,2024,2024-01-07,ed50f577-3ab9-4627-80f9-bc931ee42370,2bb9930f-6a64-4fb0-8ae7-2d18cc4ceb5c,10,1,20.11226716854494,0.984965510007371
1cc838f4-e98d-4eb0-96a0-fc41b0fc0933,2024,2024-01-07,629ca4e3-9243-47ce-8a02-ee7fe38e857c,2408f22b-e753-4c5a-9353-be75a4fb2164,7,1,-0.4157848398862461,0.4149200789949354
28479c85-e68f-4687-b4cf-d5b2f69a60f4,2024,2024-01-07,7eefd1e5-aea4-463e-ae74-c628b0fe170e,69e6a4c4-bb68-4c30-86d8-3cf7d51c7db7,4,1,0.7722887282618743,0.5295388890797295
2eec26a4-54a1-45d6-8982-41a883226940,2024,2024-01-07,00b63e00-850e-4b09-b660-a5e698f46b61,91d935fa-7d8c-41e7-a184-72c0f770d10c,6,1,4.112122687065887,0.6241392795968927
40a36036-3189-4f3f-a98e-7726d0c77dcf,2024,2024-01-07,f6d188d9-c992-4de8-801d-4995b25abaae,5320f527-fbbd-4bb0-80d3-0de759475d59,3,1,4.293155781892396,0.6976128330679637
59955411-9168-4a0d-8419-46be4635d2b5,2024,2024-01-07,1d3cac70-c7f5-47ea-bb26-00ba78e1acbd,bf4f25da-dd8b-44d4-a4b7-4671b3c37db9,-11,0,-4.748520416175539,0.3172895983031615
71436a13-fea2-4aea-aded-e06bc18ba5d5,2024,2024-01-07,4e9067f6-7760-4a2a-ba37-273c77915540,d7b7310f-6983-4a09-bb56-fda96e9f761d,3,1,4.907701589599849,0.6998736316481573
80f9bfb4-efd2-4779-a3a4-b18dbc7e194a,2024,2024-01-07,8af88029-6520-4f85-a99b-0f10d820a167,db9d85a6-59a4-47ff-a287-b40442bf460b,5,1,4.124522011970645,0.6593918569673726
93237c5d-79ab-460c-85bb-01b116e8ec7a,2024,2024-01-07,2f522e9f-f586-4f8b-816f-a83d9e6231fa,215ed27d-58e8-4e84-ab60-6d170d404304,3,1,-0.8778898033602294,0.43590915992038687
9637f4c9-04b0-4c5d-b9ca-5bcb850170f9,2024,2024-01-07,696e6eb5-b8dd-4d44-8780-1e6c678615bd,9341db15-6a24-4506-804b-e37983918ab9,3,1,2.721647374900992,0.6020866239638992
ac8e4fcf-de01-486f-a72e-83ef3948d2be,2024,2024-01-07,7048a12e-ec8b-4bf0-a475-1316775a4964,2fbd9d1e-084b-43d2-9c7b-10ce0782be7c,4,1,9.781579499695033,0.8506976031830714
b226a6f4-40a2-4dd7-a900-4a75e62bc50b,2024,2024-01-07,0c8ee784-d7e9-4ac4-b0c7-3ca89567c515,82ee0a8d-e51c-4a87-bd7b-72707ec8b342,21,1,5.459250800058581,0.7182913761532705
da542bdd-bbf8-431f-8d3c-f9625d0d252f,2024,2024-01-07,639774dc-a89b-435f-80d2-4c65549fd3c9,cf6e9037-e27d-43e2-bbd6-6583598ce383,5,1,7.152808416102032,0.7700404719858912
df58f040-988f-4605-8b04-0dbc49eebe8f,2024,2024-01-07,a64af70e-61a8-4777-8e8d-9a7815f78f3e,9b465025-fe2a-4233-b24e-310dbccdf4ed,-2,0,7.9482911812838335,0.7714933840383074
eb2bb916-1c30-4289-854a-142de5b322ad,2024,2024-01-07,a9569511-9e5c-45d1-b958-3e29c52f612e,439b6cee-3be6-4471-bddf-f7cb8c69cc85,14,1,3.3269444595025135,0.6687548087439412
ef49a15d-5e43-4016-9774-22b3f08b3a2a,2024,2024-01-07,58bacfff-257f-4f54-bb05-241bd6353626,d8e747fb-453e-4894-9a8f-08598fead336,17,1,13.938756788950622,0.9234914605295443
f06347c9-659c-493e-b031-a17491d03201,2024,2024-01-07,da828fff-cee9-4151-bc4d-983ee436f573,abad6a22-9569-47ad-9945-a6ad9345c30f,22,1,-6.378679468660631,0.20495416119610435
12c3e43d-f7b9-43f8-a6d5-3864a1399a3a,2024,2024-01-08,57c91ea3-1f48-4879-a664-232fba59cb1e,546e1911-9caa-499e-92f4-afa9c6b1e8c2,3,1,2.225909036222866,0.5940992833431389
1459330a-8938-4f0f-b54f-c25717cb3fb0,2024,2024-01-08,cd57c823-e9d8-49c1-bbe2-af9da08499bc,63a49366-1e4a-4ecd-849d-4153e5e0a2e0,2,1,1.4321442675031189,0.6210635991316592
309e40d1-def2-4cac-99cf-657113e2d5d5,2024,2024-01-08,824aff8d-6409-4191-9ffa-e2daa335b7e1,33a4f970-bbcb-47ad-9bfa-ae6f0eaf792f,-2,0,2.568850693861464,0.5771273542935935
4bb4be8e-850b-436b-b0cb-888f4f529c0b,2024,2024-01-08,b6c9db49-45a1-4d98-9a80-dbbe19471992,72d2e856-e65c-4184-bc2e-38e805170efe,-8,0,-10.283396574360758,0.192914809393704
6bfd1a91-4770-4cbe-a710-3be68819edf5,2024,2024-01-08,28e39e04-5ba3-41eb-808c-3ab653c2ef06,f1c92057-9fa5-4bdd-b404-96dd624192b3,3,1,-1.0450369688674195,0.4473138238166407
77a0c5d9-6d3f-4746-8078-5a8a1067850c,2024,2024-01-08,873b654a-5825-415c-8a11-5e5b15bd2ac8,8a753611-1c3e-422d-8c6c-5721763b5574,19,1,3.9041978752425748,0.7210730769624608
a8b0480e-6445-4bc0-8892-ac75f0d3a002,2024,2024-01-08,26d69f75-49a0-4d07-968b-2b549e059c24,20abe49d-2029-4327-96f6-389664f5da7f,22,1,15.902277265056197,0.9440411255498571
a8ead30e-b41d-4bd0-b520-c094238eb98b,2024,2024-01-08,23b31575-028e-4661-85ac-8d5835d6726f,2c8d46b6-8e8e-4229-85a4-0713fe1c6c4f,-9,0,-14.914871508785026,0.04025984818344923
0dc84b0e-dd68-4a76-b94c-b08a35d74d35,2024,2024-01-09,f916ec1a-cf31-4b3a-9d55-a8bdefbea199,57144631-7473-4b46-a437-8e2d8c760f87,-5,0,10.182747438206588,0.8741159777028874
36d45409-4b96-4b64-9263-e20b6d1b7bab,2024,2024-01-09,a7e91e1e-3644-4f3c-bda9-edddb9602a27,9d7f5648-4f47-4192-9d8d-78454c962bed,4,1,1.5546603068141245,0.5094375861303542
4284a1fd-3922-43cb-adbf-d6aa846b720f,2024,2024-01-09,493c2e9c-ef36-4b2a-8a7e-32c890e85a4d,89a85f65-8bbf-43db-b23d-362af1afc44d,5,1,7.415512968555082,0.801507033718132
42eadb89-d053-4476-86e0-7cf9a7dfa4e3,2024,2024-01-09,5ace87dd-23fb-4317-bc7f-8d80556ae6b4,4b83e4dc-410f-4835-a8a4-8ccffc29e016,-7,0,0.36163294458210127,0.5342007826062432
4d816833-acc2-46ea-9af8-f8c986a22d44,2024,2024-01-09,00a52b15-70b5-47b1-86c6-8e30652728c0,a839c106-a16a-49d3-a86e-aa5e068b76cd,-2,0,-0.28979243977312863,0.4993183596001792
59172e99-a6f5-427d-bdea-85990ccc4738,2024,2024-01-09,bfd4c500-09b6-46ba-81ae-48b13f8345ff,115916ea-f145-4974-a257-5bb24f7c1ccc,27,1,11.849388142770778,0.9055557127940896
5c8ba272-681f-415f-9113-299c7c8d3b81,2024,2024-01-09,e8e72618-33f8-4013-8305-43775a278752,e51fb2de-db51-4fbd-ab63-2a069c126779,-1,0,3.397212928329774,0.5953682548593092
64b58b9d-1c58-4bfa-9ba3-4dc704920747,2024,2024-01-09,b7c2bf0a-248a-40d4-aa1d-bf6329590a4f,74434c65-ac07-4a97-9998-737791311fb1,5,1,0.7509577015192936,0.3889515254612096
6b4ababa-5ffa-4d03-9f82-e5444803a8e5,2024,2024-01-09,4494a75c-3ddb-41cf-b75c-67fb9c0537c9,6c5c20e6-a076-4fbd-b77d-61a1c7a3c5a4,-16,0,-3.8630148464651084,0.32116963304590856
6db8c1eb-cb23-4c8d-a7d4-8c450212ec03,2024,2024-01-09,dac01aea-9f35-463a-9dce-75d4575160dd,ad741e6f-e15e-4f4d-8350-9973fa99916e,11,1,8.950219832089553,0.8393021063455648
729a3e8e-5f7e-4b1d-ab26-dbfdb65582f8,2024,2024-01-09,dfdc9d0d-4a83-4244-9c07-9b3660ba4f6f,a66213c2-5ad6-4d77-a7ec-85700a223ed1,-3,0,-15.092206954177243,0.08041272887643139
75e8c497-63a8-40ff-b51a-adebf99ab3f9,2024,2024-01-09,8ae6c27f-063b-4e7b-bbfb-653f496560d6,ec7d9da7-9286-4c01-98ce-3a10ec231612,-10,0,-6.326431199402736,0.26692976672966073
78b91a2e-16b2-46a2-b7a5-d4846504e183,2024,2024-01-09,e72d1807-6463-450b-b561-c3727b286584,9c1431a3-21c9-46c9-8335-1b85a6022223,17,1,11.89856198045786,0.8964308715063662
7c5d25bd-9e33-49aa-86aa-1282214cccf1,2024,2024-01-09,ea78667c-bf16-4084-80cc-2ab61a0e05d5,64c5c3a9-f1f6-4f48-b571-1de27621f06c,5,1,-3.4734940752492767,0.3942306048973813
7da3d8d9-8c0b-474b-9ba1-f4f4365a84ee,2024,2024-01-09,e42183ad-b44a-4746-8c0b-148ad61bab43,03a91d53-3b06-4e76-b037-9c97d09645f6,24,1,14.144482877272655,0.9360267667439973
880a8037-3517-4669-9d1c-5ae952344b09,2024,2024-01-09,5fcb12dd-e3b1-4e57-ac30-33da456cd5db,4c073afb-cc2c-4ed2-bd8f-2f545ae1bea5,-14,0,-1.5236375231723165,0.41553516363439247
9250d2eb-49be-4a47-9ede-a251ec828d22,2024,2024-01-09,f18598d0-e0e1-4f15-95f2-e11df8bc3126,45959b35-f1e9-462f-aecf-565395a6fb6d,13,1,20.53390304245957,0.9696863501754671
95192c90-60ec-4067-bb4a-398ac59c4bc7,2024,2024-01-09,324e37b8-f52e-449b-909c-366c81488fea,228bf81e-d4c4-4b81-9b51-74ff2fd3f7c3,-14,0,5.6103644339337215,0.6991384755555424
9f7e5eb2-568f-464e-b4b2-4177ea85901b,2024,2024-01-09,a4bc2fe7-4083-4c33-bce5-6cac3e161a7f,cc07b31b-464b-4cb9-89d2-ac26ffe3e5f4,7,1,3.9883404380242764,0.6749452599101805
ab22d1f1-82b4-49bf-bd04-14ba2a0d2ca9,2024,2024-01-09,e250c58f-f6a5-4da7-aff3-c6770b9a14da,f73ebf9c-90d9-4d66-b403-056ea4ea6b30,12,1,17.032849490185825,0.9535944375407786
ab435e31-b55a-4ea1-9da7-4752a3d74a2f,2024,2024-01-09,1cabfd4b-0114-490e-8d0f-1257cd7f0ae1,f3cf8061-767a-4873-9e24-5cc4c9a6a1b0,5,1,-2.3198950462296892,0.39670932720417446
ac333640-04fc-42bf-aab5-fa279fede218,2024,2024-01-09,2f0bd8d9-4435-45ed-9efe-045f835c15a8,b9e1a15d-9de2-45e6-9fc8-b3444d1bc0b5,-22,0,-6.209941154396513,0.2504512268460826
b0d3c123-a9ee-4e49-9de5-0898d641d3f9,2024,2024-01-09,2518e2c1-28b1-472d-9fdd-5d97d9f1ea99,2deaf391-9719-4c95-bb3c-acc6f8baba86,-21,0,-6.487440397666891,0.291057448136767
b243975f-3869-4f6d-9424-3e2a6b3e8f1e,2024,2024-01-09,c840b153-1401-4ebc-9549-e027df3cc7e1,c71ebd72-5c90-41d5-b1fc-544e4695d9d0,-4,0,-0.10523337019282711,0.47736829988104845
b606f1ad-5dcc-4788-84b6-9d9c212a510e,2024,2024-01-09,9b6f0f32-d8f1-4921-aad2-a16c420f3183,3a30d561-24be-4bfa-8d8d-75e645c4ad5f,-26,0,-24.565254771054956,0.025785568930343367
b60a9fb3-1255-4632-9a9a-59a238279c01,2024,2024-01-09,4c4cb93b-7b16-46b7-9d21-5ff908de25a6,9ccf2901-b49f-4aa3-8a4a-d59d017dfabc,10,1,2.435711322086415,0.5982642331171286
c06810fe-72bc-4a15-9c98-7a11b609e3c6,2024,2024-01-09,853125a0-ce88-45ba-9815-9387fac3d278,b7f069ed-b9be-4147-b87e-fe1bef8386b4,9,1,2.1955946182222754,0.5555909889216016
d83ace8a-2ee8-44b8-95f3-ef9f6642c274,2024,2024-01-09,d2ae40ba-651b-4006-8b22-61c6b9ce0e33,95466c2d-a184-48f8-849c-d6957bd1df52,-4,0,-11.298633799345271,0.1279548482503771
de05f81d-f4c7-4eee-8009-77db6047188f,2024,2024-01-09,b255fc28-3428-4006-adf1-9c1001ecb1a3,e06623a6-8f03-43b1-83f4-b653f6819ea2,8,1,8.718646476641435,0.8529688302783148
e4147dac-1ed5-47d4-b76c-be07cd9c653a,2024,2024-01-09,1ac84e49-be83-4e9a-b4a7-0fb0b7465b32,529e7dc4-6b55-487c-84b3-598dd9941301,9,1,1.4273465265038627,0.589881285996911
e77c6039-c8fd-436d-b193-641ff3b9b162,2024,2024-01-09,6068f6c0-7e92-4dc4-9da8-1bfbdb60cf2c,cd369794-6765-4889-bd1c-89869447620b,16,1,-4.683088764901406,0.23740065343892314
e9de85ce-291d-4125-8220-f4e858be7944,2024,2024-01-09,8fce643e-75f7-4242-b565-2a4818e1eeba,49f72498-1bbd-48b1-87b9-cc90196e205a,-4,0,-5.611650491832194,0.36414602306589644
ff9649c7-66a3-433b-a616-b15fabab7a42,2024,2024-01-09,f92587ee-8d25-4b09-9a60-6203f75c974f,550c3333-8e82-49d4-b9c6-ae13db14a84f,13,1,9.934919528600316,0.8958187033300363
035d89a2-1427-496d-b06d-5f1d7733827f,2024,2024-01-10,79bf464f-0d3a-4992-b310-86d2abbc2244,df1d6c5c-77eb-4d21-b5dc-6cd579f74d2b,-25,0,-7.531770328429989,0.26524357802827914
06a51e86-7e04-4237-80b8-884f94fc25ce,2024,2024-01-10,da6b8f1b-a85b-4303-8500-c640c0d3132f,f9c26112-b1ea-411e-b273-e74e8ce3f1ff,18,1,2.211955957745907,0.549093503688424
0904d20a-a946-4574-b301-1787dd9474ae,2024,2024-01-10,3457262b-c7da-4834-a20d-ad6be302a671,44e2611c-d02d-4019-b2f5-da0e4ad35df1,5,1,7.064621967400285,0.7703423337504514
13a50fb3-fadd-40a2-a708-ef1812ea14bf,2024,2024-01-10,f48b0b87-86fe-4b7b-8bf3-9d541f495284,2ca82167-d915-492e-98e0-4ee592960583,5,1,3.324862333869429,0.6870087348565294
1765c2c6-5696-402e-bdf9-40d22a16f909,2024,2024-01-10,73db7905-652b-4320-aac7-243f2f2f70a2,5052a2f3-f41f-41e4-a681-c6277fec0404,-13,0,-2.567484915112375,0.3242567706494967
18da0769-8607-4ce6-833a-ee5f0cb1963e,2024,2024-01-10,c51998cc-ad65-43ec-88c6-a0f160ff7902,65cf0d8a-0a5f-4572-8516-53809f66ba44,10,1,-0.6632044273606604,0.45471198506631116
1a9a071a-7850-404d-9aeb-77b568a4a09e,2024,2024-01-10,2ed44d95-e306-4823-a4c3-196ffb777766,5bd874c9-de44-4954-a4f6-428ed3fde8a6,-24,0,1.6254183783683573,0.5734729379516952
1bea2176-cf4a-4551-8c2a-9e9fb89aa3a3,2024,2024-01-10,2dc64ab1-cde8-49d4-a343-298600450708,db9d85a6-59a4-47ff-a287-b40442bf460b,8,1,2.5425859656599563,0.6874871509091454
1d856de2-52f0-424b-b1b7-e4dc84fce49f,2024,2024-01-10,25f32a40-1a9b-47e3-ab20-74659cba9520,dd1136c6-9974-4186-b206-7e24f2bf7dc3,10,1,2.37024055695724,0.6546693147213425
24a8f63c-9f5e-49c0-8e5d-9bdeeab49f71,2024,2024-01-10,2fbd9d1e-084b-43d2-9c7b-10ce0782be7c,8a7ae133-e612-4f1b-911a-a72870f8b4d6,16,1,10.367135453412235,0.8086325341123181
2545d3c7-68e9-4b36-8a32-8d38cc8eabf9,2024,2024-01-10,b4c9b613-0bc6-4295-b293-3b56c2020f1b,1b0dd005-3190-4ca9-b74d-111343f2fce0,5,1,-0.8844447055532475,0.46423675426866745
265300b3-a59e-4db6-9528-660c6ab8973e,2024,2024-01-10,dcf85f3b-a79b-4a61-9cd9-d6a90541bf3f,4aa110b4-c8f4-438d-b44c-2d6a5c74ab8e,14,1,11.028871029448945,0.8485964980926326
29ecfc89-b6b7-4a02-80d0-d13a9cd1b8bd,2024,2024-01-10,76748a8f-7de8-46dc-b80c-a1a7fbcb84ea,adf7b22e-19a9-437e-ade2-833bb31da77c,1,1,2.782728958131529,0.5942710051964705
2a73c269-b5a8-4260-814c-88d18a86af68,2024,2024-01-10,2198dbfc-96fd-40be-99e1-e697e4c3d996,3e3e940b-dd81-42f3-88f8-4e988278be04,6,1,6.766485247440438,0.7037035505570236
44943669-75f9-4333-835d-24b00fc05698,2024,2024-01-10,60ee2d19-003f-4603-a2ad-838b3e6d6cc0,424f7a7a-158f-4ad0-adb1-4b3ebe25b11e,-7,0,12.8534131883586,0.9382220127045147
49d7a7b2-033a-4965-a676-a41ad048de8a,2024,2024-01-10,ed50f577-3ab9-4627-80f9-bc931ee42370,8925b65e-4ce2-4ec3-b501-c0075fe06b52,8,1,2.555954637957975,0.5729456984314811
4ad44704-87b9-4cb2-9b40-67016d27910a,2024,2024-01-10,52739295-a20d-42ea-b09c-a1e17be40d02,05f1d3d6-8079-4142-beb6-628fd19c74ca,-12,0,10.90710764097044,0.8440616952667407
5046d81b-37fa-4a29-965b-d13531864285,2024,2024-01-10,c3681649-6e1d-4bf8-9b47-1d2868dca3e9,47b967e4-0689-4d1c-863b-9d82c6ffbfcd,-9,0,-6.038903058417798,0.2625261028783083
52a87f69-c2cd-4738-a3e7-4b93b8dafddc,2024,2024-01-10,629ca4e3-9243-47ce-8a02-ee7fe38e857c,8af88029-6520-4f85-a99b-0f10d820a167,-11,0,0.31518813218238323,0.5091788633586917
560b82ed-10dd-4a43-b685-0a6f8721043d,2024,2024-01-10,350fe1ba-284f-4709-8cdd-3f745fcff0f8,4a01023d-3637-4ac5-bf1f-37c08b2438a5,-5,0,-10.603440999484583,0.12090927525095205
582a8172-2cfe-4bdd-92b2-0659ecf6ed44,2024,2024-01-10,644a0213-9ca5-4238-af33-7c8ed45fc88b,cd9eea44-8a6c-4bd4-ad4d-74e461fdefd3,-11,0,-0.4307959570326323,0.5145174960197053
606f726c-c070-4bc6-8db2-375e4a806c98,2024,2024-01-10,754d9f26-9ca3-4bb8-8aa3-065bcf9ec6df,b80e54ae-3b74-40f3-9954-a1b0805cd1e8,-8,0,-7.508991057374094,0.19823220501346883
6fd07e13-ea07-4007-8530-fbdeab4b7f1b,2024,2024-01-10,da828fff-cee9-4151-bc4d-983ee436f573,ef75db17-4afb-4e3b-a928-30e871ec130c,7,1,5.4974322591867715,0.6643411865403659
70a97f59-b55c-45d5-be96-1a4d1331dabc,2024,2024-01-10,9f152b52-7847-49c3-83b6-8c68295d484a,58113924-4aef-47a7-a675-cddc9e355cd5,9,1,1.9623935192514042,0.6180535999033294
793ae7c5-3e45-4e7d-98eb-cc4024bf4d66,2024,2024-01-10,4e9067f6-7760-4a2a-ba37-273c77915540,79479954-cdbe-4601-a82c-35936960a7dd,6,1,16.26356393554293,0.9616631949381715
7ef204c5-c286-47ce-aece-ccf6f72c9709,2024,2024-01-10,4eaf68c0-dd32-4705-8f2c-1c1dd2880a74,9341db15-6a24-4506-804b-e37983918ab9,5,1,9.196006093685144,0.8180721209932582
837ddb97-4abb-435b-926b-e9ed82bb92c7,2024,2024-01-10,155c1dd9-ba93-42ee-a28c-238768724494,2e49ce6d-63ef-45d9-9048-67fcdb01a46f,5,1,-6.440292740490014,0.27528922679845
95d98bcd-463e-4f9b-8262-707220ab5315,2024,2024-01-10,e7f5f157-7a33-43ad-8282-59e1c4ad9b25,ede9d6c2-b888-41b7-8674-8638c41d2034,2,1,9.336664872923317,0.8323612486621637
9815b13c-cba8-4a6d-bfb2-dec5ad605e0a,2024,2024-01-10,17a3b4e9-cfab-43a8-b7ad-73508d4d890f,a2069f0f-fd2c-4971-b3da-6ba010532fcf,-10,0,-3.637055272713349,0.3148671518212716
9e5cff89-0526-4309-b791-bafc10101214,2024,2024-01-10,e5fae797-082f-4354-8c20-2c1c22c6ac8f,409dd213-f612-4ab7-a0ae-8060dd9a6ef4,4,1,-10.680453839950498,0.18145639777073794
a8c97e34-b5fc-40bc-b455-176741c56a32,2024,2024-01-10,af6bf0c9-2e1e-4334-8982-93f14a35af57,85effc0b-7382-452e-904d-22a52433ccb5,36,1,16.700513262581648,0.9544932046522172
b2a24e31-8cda-475a-b8f8-d3dca2a56275,2024,2024-01-10,887d2364-968e-43c5-83af-c227595022bd,7d57c2ad-190c-4c1b-8987-ab2007a42023,-6,0,-0.7807992298949621,0.46069666072867727
b9d34479-198b-45ba-b408-14250a2b2a13,2024,2024-01-10,113341aa-9630-4951-b161-71419ed62dbc,63627b20-aa4c-4e0d-bcfc-40a5fe150e8a,3,1,4.201859337667484,0.6541834709464059
babb3754-5b63-43b7-b088-5273a61ee39e,2024,2024-01-10,8044cdf8-5fd0-47d9-8a07-8a29b2ca7b9a,e30e79ea-8947-4c58-9842-25781182ec2e,-6,0,0.06492066063955383,0.46963562181407603
bd376a3c-bf2a-462e-a47f-a18d39c524ce,2024,2024-01-10,30a1a9be-60b7-4afa-9dcf-92694c2703d1,63eb578d-eef3-448b-b0ab-b4892ef058e0,-5,0,13.77735720779254,0.9445556810282136
cf7624c1-7067-40fc-bf4b-a3fe03a55689,2024,2024-01-10,717f3cf5-bc65-4a66-8f05-191decfbf380,e6b0799b-abce-441c-929c-964306f8fc27,-10,0,6.799673230221599,0.7721255601786927
d3a8af4a-0c55-4824-8cd4-3d65aef0b527,2024,2024-01-10,6eb0ebaa-8c99-466d-8fad-68b897f2a9e2,071229c8-25a8-4fd7-87a3-c30d0a95671a,4,1,4.777135087070481,0.7079015632867343
d4bf2ae1-606e-45ab-8512-15c315a85a88,2024,2024-01-10,2bb9930f-6a64-4fb0-8ae7-2d18cc4ceb5c,686413d2-e94d-497d-a87d-ab911ac38ec7,-10,0,-12.277467154529594,0.08310209875565756
d8db2aee-1cf1-45cf-8ecd-ef28db528963,2024,2024-01-10,1d3cac70-c7f5-47ea-bb26-00ba78e1acbd,2df495e6-2f8b-487f-b13a-e76f3397df82,8,1,8.050048674404325,0.8247906731671588
dd391094-13ca-49f9-9f23-be9fab26fb31,2024,2024-01-10,2aed7aac-f38b-4fae-84ae-9e9c9ac71a3f,d74a1fb4-3afe-43b0-9bd1-7e0552ba73ed,4,1,0.03729807549818369,0.5410852617037085
de1bbea9-4e00-4513-97a6-e1d2f465b6af,2024,2024-01-10,bba8eb68-9989-447a-90b4-27c8d0d32bd1,25912c1a-f2be-4c07-857a-5eef6aadebda,15,1,-1.480318480439906,0.40642921426161666
eaee5f03-33c1-4278-b0f2-90b971672df5,2024,2024-01-10,384d8319-2770-4b9a-bb32-bd4da034d104,6d3e1830-dbbe-4e70-b7e9-1eb765f0acf8,18,1,-1.1155714281800015,0.4317174404592557
f369862c-31e4-4336-a50c-393098c33dc9,2024,2024-01-10,19b40071-00ca-4d8a-8188-a03d635e9811,35d0a28f-e3d7-43ca-90cc-daaf0b7c278e,3,1,-7.221593170105961,0.15861598829770684
f7e68315-6265-448a-b7d3-e96a0ce955e0,2024,2024-01-10,abad6a22-9569-47ad-9945-a6ad9345c30f,bf4f25da-dd8b-44d4-a4b7-4671b3c37db9,11,1,4.238371042486132,0.6599271496015068
f9d2ad06-a14b-461d-b757-94aad97e3e93,2024,2024-01-10,2851d469-fe75-448e-9d6b-4bde7ec96e06,fd495afa-fc22-4081-905c-24f40ff2656c,-9,0,12.551629436351146,0.8696408704105905
ffc08b19-79a7-4c0c-a21b-fda7c3eec606,2024,2024-01-10,58617cc8-94d5-4f69-a677-9ab4cdc52a33,22ae415e-1335-4b89-a126-bbc7a1d7901e,-14,0,-1.261889738071385,0.4382503931868823
001570d9-66d1-47a2-8843-6f7f0937e4a7,2024,2024-01-11,db374003-37d9-4d61-a3f3-7abec141d33d,05aedf2a-3424-4acc-9537-4d52dccd6e02,15,1,16.368163826135333,0.9626649946033805
030760c9-94f8-4b5c-80bd-ab1606542abe,2024,2024-01-11,051d13dc-5152-426a-affd-0cf01ef80268,ea8c66b5-8fe3-41dd-a56a-b85bfdc613c3,14,1,0.6513494134618594,0.562905094560153
06d151db-cab1-47b6-be3b-bc9dab347295,2024,2024-01-11,3763fb9f-1ebe-4dbd-bfc9-6638b14a2a51,f93c4c92-e869-45e6-8970-2a02d80141c9,7,1,1.531163521025512,0.5282572854846745
0c6c0a29-3af4-4093-ba3d-da7e94f84b1e,2024,2024-01-11,89dd92f7-46c8-41a3-be81-ecb12f1cd4c7,88fe7301-2d1a-43f9-ba01-e8f7795634b5,8,1,17.015547992373214,0.9661759797532197
0d54ad99-a01d-45a2-8f99-8e91d8aa112e,2024,2024-01-11,7fdeff97-4db9-4c33-9fc6-9f03bd977d30,6cc29af2-0d45-4399-b571-caa43e20e554,18,1,6.602227730118484,0.731410702374191
0f2c2692-a0f8-4966-b076-96188504c104,2024,2024-01-11,eddc4725-b4b2-4442-b2af-8853210d0e96,b1937cc6-0f34-4060-82ec-b2bfe4c05aad,8,1,11.52023880315555,0.9051661291309959
10864141-cea6-4f80-a1b5-60b7a3d0d085,2024,2024-01-11,c0dfc734-0d40-4cba-86b5-fb2ad5c73da1,7ca95dca-8ca9-42a6-b9a5-307d339df9b7,5,1,2.449966172772988,0.6475517092472236
1a2c4364-e686-408d-a063-604ffe03df53,2024,2024-01-11,38cf12f8-b27f-4c69-8f14-254930816a8b,dbfecb75-86bd-4650-9fc0-4d85eaeabbbf,-4,0,-14.73598724601893,0.07896614062684536
1ac233f3-eacb-4e6b-a5ad-e9ce8957d91f,2024,2024-01-11,e1ef03af-e420-475d-8a35-c6e5380e9f6d,375514f8-f93e-4eec-ae0b-6615ec954e45,34,1,15.176589172053058,0.9524372076332985
218a8842-424f-41d5-a17f-42005f061c52,2024,2024-01-11,312cd404-9fa4-4f04-b8b0-cfed95e31398,d0ec4581-205d-4391-a765-06ee8de241d9,-6,0,1.6767238101318247,0.5358057414771874
239666bb-5ca4-4fd5-ae7c-91a4f7c55eac,2024,2024-01-11,c58166c3-f02a-4e33-9fd0-9fa7b0711d94,8e26bcb3-616b-4c7c-a709-bf30d2ddce41,-5,0,4.6688150867020175,0.6950687177498368
2d57410e-6069-4b04-8e70-5baf61b02764,2024,2024-01-11,5f480384-0cfc-4e90-837d-db9cc8d292dd,5091ac5b-fcb1-423a-9cf2-0981de634633,15,1,16.650308884608055,0.9424558061574189
2e5f8bf5-5e6a-4184-b134-3a3f56a0c2ae,2024,2024-01-11,67505072-f35a-493d-a160-8e6292da33f5,b2d5fddd-b407-4fe6-9d70-e921ab7b7e1a,-1,0,-4.348091494087542,0.31097301400303434
379f50c8-ed19-41f1-8271-7f42683e58f9,2024,2024-01-11,48a6c30c-21c1-4d12-ac7f-590a1fdb0238,7f15159e-f7a6-4016-869b-962879f5c296,15,1,10.075470938480775,0.8341959086894309
3cefcfa7-5546-402c-a218-42d0fe38923c,2024,2024-01-11,c58c3009-46ec-43bd-b27b-b0d683ab2cad,7af1094c-c99d-43dd-b41a-1b72a81abfb3,-1,0,8.965427092528198,0.8161210418789202
3fc2b8cb-3106-4ba4-8595-47bc4041a1aa,2024,2024-01-11,4b962e36-92f2-493d-a9d8-e62b725d5b76,873b654a-5825-415c-8a11-5e5b15bd2ac8,13,1,7.6279348785841075,0.8005492402343024
42ac7c9e-98ae-4e68-a7ad-020fc9d8cec9,2024,2024-01-11,00aed6ff-2151-4d45-8b3c-776ebb0a51da,7f63e419-1d15-4c08-84b6-dc393ca0146a,-11,0,4.055288722138435,0.6283442604580812
4ac68dbe-51bd-4132-9158-91096f43e6f7,2024,2024-01-11,b1cbdf0c-474e-4b52-ae02-f856ceda214b,8cd2a215-aea9-48bb-babb-e5d8cf0cb9fd,3,1,7.584777623701093,0.7574610637203162
5583128d-5d07-466a-a301-a4e9d42f2f67,2024,2024-01-11,0b950934-3f06-4a8a-9251-83e3f1827e68,3d25723a-661f-48c9-9c5f-db713077997a,14,1,9.041433855460575,0.8371104424536882
5857d1a2-d6c3-436e-8416-5504fc881e33,2024,2024-01-11,dedb6ed5-06d8-4ba6-a1cc-e3134a2c7937,0c2a9ebe-8c6a-44ec-8643-1dbac7642ab9,-8,0,-8.01065327082734,0.22635752580944243
6219fbdb-4f0b-4b8a-9f93-af890b89bfec,2024,2024-01-11,8a753611-1c3e-422d-8c6c-5721763b5574,6474358a-819c-42e6-92d7-0fd3ce20d239,3,1,-2.9724049964328794,0.3543005086382191
655917e2-4623-4b36-a3dc-05758f06852e,2024,2024-01-11,536cd39b-cd0d-40f5-8b6d-7a490d196262,fc7ccbd1-42ce-4200-b33b-0f8f3de48473,-26,0,-7.363602746636238,0.19373932971445665
6a31cdb3-2619-414d-a202-00c1971959fe,2024,2024-01-11,638757a6-508b-49af-b5d8-661c0059c04c,4928acd4-6738-4045-be81-20132f6471c8,3,1,8.716921849365892,0.7663872223704611
6bb2b4ee-d60a-411a-84ef-f60c14b6d011,2024,2024-01-11,2ba07bf8-0306-417b-b7fe-b2d29b7d0eb1,a7f405f8-389a-4a00-bb71-6d07d48f4fe8,2,1,0.7335274134351053,0.5437181114227285
708f8a5f-70ab-4b4e-ae15-6007c808a9ec,2024,2024-01-11,3280e439-7a98-4ebd-95dc-1a1281ccab00,e9813fa7-c976-4ad4-a455-2f05235e93cf,18,1,20.37125184976807,0.9863406444356914
850c6d43-5fc1-41b5-baae-9a3d30936c90,2024,2024-01-11,cb1440b2-adac-4775-96c8-c4f00641d353,d0cd742d-b4e6-4f30-88f0-872c2ac1e51f,2,1,-5.5544618635294984,0.30537255124720825
889bdb94-3374-4750-b5fa-1235aae11401,2024,2024-01-11,92b76481-ab53-4e96-a0ec-5f522c031417,10a27e98-10ab-4397-bb74-d3a92cc590dc,1,1,-14.18220628539712,0.0583451505304493
96aee3fb-7001-4637-8ef7-7b9d576f4305,2024,2024-01-11,0b9bc135-badd-4fc9-b7bc-bebccb08cbf1,e308f5e0-c422-490c-901a-575bb49f1c7e,46,1,4.814612168973965,0.7033212929734192
9d49a335-ed37-4167-8c30-233fb1a7b07b,2024,2024-01-11,ebf92b73-233d-4523-8429-ab00d5af1966,125fc4dc-8f42-45a8-b23a-3e50f4620499,-20,0,-12.903627809141977,0.08300566771334682
a1f6148d-abab-4ee4-8f7a-ac77c482458a,2024,2024-01-11,f2e0429e-8513-40eb-b536-1aca6697aee5,a4e0b7c0-e98b-4e65-9408-e26a9aedac8d,-13,0,-2.076448539604998,0.4252439279457116
a5885ed8-a6ea-48c1-b90b-0e50a812d101,2024,2024-01-11,72d2e856-e65c-4184-bc2e-38e805170efe,01300ab2-c4a7-4740-a5ac-3541d598620e,-3,0,-0.49999727568313435,0.39768968925569537
aa8eb7f1-8505-49b5-acb8-d45999131904,2024,2024-01-11,d8cd723a-1d76-4abe-be2e-516e52724947,268a2907-58d0-4693-98bb-a6cecdae1c63,9,1,5.2416724252470726,0.6910505353167559
ad422ea7-beb8-41e1-a698-0fa3c1b7256c,2024,2024-01-11,730db31e-4fab-472d-bf25-7b882deff0b7,73a80df0-15db-447f-b97c-418cc82a508d,-9,0,4.792632507280901,0.6689056916694524
b31be415-8e6d-4e4a-8ee8-948654d3d0cf,2024,2024-01-11,0d6ccccd-6ee7-4ed7-a231-381c6b268e2b,2607ab7d-2f54-4540-9b2e-d27703407118,-6,0,3.8359393233777417,0.6325866269005382
b925986b-f212-4e8d-9bd2-8f71234350de,2024,2024-01-11,8ce6b3fb-8bb0-49b5-acaa-caed76d542d7,e12ab562-dd12-4b55-909f-669834d3d963,-23,0,-3.1282988256623767,0.362302422271462
bac4b664-352f-44f7-8e13-3529fa0ec072,2024,2024-01-11,215ed27d-58e8-4e84-ab60-6d170d404304,1394e3ce-706d-4097-9aaf-cad5d38aa5a0,7,1,8.722167855342072,0.8064044676238734
bc129683-453d-4548-92f8-2a0960639bdf,2024,2024-01-11,e5bf7042-0036-4e9d-81f3-3126a9675ce0,c79306a4-5139-4f8b-8b55-21b42e22858f,18,1,2.3938836802700547,0.5794250823303212
c1b6bad2-a46c-455b-8d4c-a6eedec52e8b,2024,2024-01-11,3a4357d0-0685-439d-863f-f854c35e4c42,0b751b74-e572-43a0-b324-54eeefac4d5f,-12,0,2.2836917138858017,0.634967543271908
c402cb13-e311-4d8b-9de4-7d5a0be6515c,2024,2024-01-11,da6142ab-a5fa-48a0-b6ec-864a8119be75,31108a77-31cf-4228-9c6c-3a9665e9e17a,43,1,27.954502350629404,0.989787786346923
cff06aa9-9253-4408-8f13-3f980046ec1b,2024,2024-01-11,dde8f534-10a1-430c-af83-43b026e7ab68,33176e8c-5f9d-4bcb-8c56-9a0a5f7d7f1c,9,1,12.027875830951432,0.8621238066166205
db1e75a8-35b2-41d4-8d56-f892c56e4edd,2024,2024-01-11,e0cc707c-bdef-43a1-a3f0-c1ddfefdadd3,65c68c5f-fc3b-4781-a912-2a4b17be699e,10,1,-0.27710155832455213,0.5492704579333423
dd0d4251-ae59-4403-bc49-884831b58b25,2024,2024-01-11,8b8c3790-682d-4010-b304-45ce213ad62f,993f004a-13e0-4079-8706-332aafab29c2,-6,0,2.4949649101757783,0.62663244119362
ddfc9531-1a52-49eb-9e13-e4b202b8f5ee,2024,2024-01-11,791eb121-5f34-499b-a1ff-469bc9007fe7,bc3f184c-a2c4-4518-89d1-f58ee454b86e,48,1,19.132405099567,0.9621429485774486
dfbc7de3-c3f1-412a-9ef9-7e036def894a,2024,2024-01-11,7da2e7c8-cee3-4ff4-be74-58d324c5ff71,b20b957b-b406-4f6d-8f7a-2f88e3b49bd5,-1,0,2.60999853133803,0.624373516299016
e24ea2c1-f17d-4b62-a109-4dbd9459bedd,2024,2024-01-11,9cde2e64-799a-42f1-84dc-71779b1219f5,439b6cee-3be6-4471-bddf-f7cb8c69cc85,3,1,2.4591475354516437,0.6110538033630273
ec45a83f-02bd-46ff-accc-81c266d555a0,2024,2024-01-11,8c121ba7-b028-4d29-8ac0-bfc3c1ff7b57,7747d9fc-9e15-4b0f-911e-ba64828748ed,1,1,-10.302240088239058,0.11287805482620591
ed66e2f5-c73d-4edc-9620-b52217ebd802,2024,2024-01-11,bb505898-cdd5-4c4e-9ea1-301ff6a4b981,629710d8-479a-4efa-b5f3-d77767ddce70,5,1,8.081676204859598,0.8509374559245121
ed790f25-5edc-4c4a-bd43-22b65fbba639,2024,2024-01-11,65cbd49d-db3a-4043-8bb7-7bfcf57c017c,eaac3de1-dd32-49d9-abe3-f56bbff80cde,-25,0,-13.442174778297199,0.07708771088489291
ee7699e4-5a64-4cd9-97a5-95ad03b728f2,2024,2024-01-11,6b296d7f-de88-4a16-8a22-b28077a669c4,a4f24556-d2b0-4bc3-bd21-758340750c58,-10,0,-5.716583685543392,0.312079313944951
eeb19e23-d9f0-4063-a11f-e77268f7326c,2024,2024-01-11,f162ea30-6b86-48f3-bdc5-48c97448256c,4e6747c9-6a64-4fc5-b96c-e38ea635f22c,10,1,12.293284379355812,0.9153895415967731
f1658b1f-ef41-49b6-ad69-c68220ca900b,2024,2024-01-11,29fcbb70-fa3c-4806-8768-15b5ec4a8449,54e8cb38-83f4-4866-b3d1-d0e1dfc530c6,20,1,10.229034379511889,0.8580219999829622
f5a35a2c-0fb3-41ae-8988-5a25a578da59,2024,2024-01-11,b1b6c3d6-c825-484c-a8fd-a4e0816d19fa,f9a8f2d4-c836-4b2d-a4f9-47f73b8c033a,14,1,1.7846837454152968,0.541737765909739
032f900a-4ca7-4d6a-b3aa-56cfe252a55d,2024,2024-01-12,ed50f577-3ab9-4627-80f9-bc931ee42370,df1d6c5c-77eb-4d21-b5dc-6cd579f74d2b,10,1,-1.2830143226303508,0.5002095543020891
215b02e0-fbe8-486b-a4d2-d4787f8e586a,2024,2024-01-12,2b1a3f03-7d93-471b-be12-d487164eae0f,9b6f0f32-d8f1-4921-aad2-a16c420f3183,25,1,23.46853857558946,0.9839183877448254
3d9d8054-a3da-43ad-bd64-dce3205b647a,2024,2024-01-12,113341aa-9630-4951-b161-71419ed62dbc,f9c26112-b1ea-411e-b273-e74e8ce3f1ff,-18,0,4.256150093605282,0.6426044976886841
68ac0c5e-a220-486a-8185-5fda892a7e2d,2024,2024-01-12,f18598d0-e0e1-4f15-95f2-e11df8bc3126,a4bc2fe7-4083-4c33-bce5-6cac3e161a7f,-8,0,-0.16685561091385637,0.5143403393067709
6a059d9c-1356-4783-924c-b50f0edb5f0f,2024,2024-01-12,da6b8f1b-a85b-4303-8500-c640c0d3132f,63627b20-aa4c-4e0d-bcfc-40a5fe150e8a,3,1,1.516053003355748,0.5584163366898842
6d9b3003-6a5e-41eb-8677-78b21217ee62,2024,2024-01-12,1acd2c41-6945-469b-b33f-3c7b30f8359b,696e6eb5-b8dd-4d44-8780-1e6c678615bd,8,1,6.711118103772109,0.7757437290472157
7108d7aa-91d8-44e7-b0bd-e123c371ac34,2024,2024-01-12,f245c41f-897e-4985-9153-43034bb26bfa,7048a12e-ec8b-4bf0-a475-1316775a4964,-10,0,1.3151358087729175,0.5177355949226954
89204a24-0d8e-4561-a3be-8231ee08e02f,2024,2024-01-12,9b465025-fe2a-4233-b24e-310dbccdf4ed,0c8ee784-d7e9-4ac4-b0c7-3ca89567c515,24,1,-1.3138934897770018,0.4491592470044604
9a35d300-8b63-4c30-879a-a5ca447232e4,2024,2024-01-12,69e6a4c4-bb68-4c30-86d8-3cf7d51c7db7,49c78722-1476-440a-9de1-896fb7b7db88,8,1,12.199728317338234,0.9028621367507185
ac2a76a3-31dd-457f-ab5a-990087855876,2024,2024-01-12,49f72498-1bbd-48b1-87b9-cc90196e205a,2518e2c1-28b1-472d-9fdd-5d97d9f1ea99,17,1,17.631543069327176,0.9705775321794684
aed6133b-d2ee-4982-9591-41a4011362e3,2024,2024-01-12,b7f069ed-b9be-4147-b87e-fe1bef8386b4,2f522e9f-f586-4f8b-816f-a83d9e6231fa,12,1,1.0963303233155366,0.5465487744062952
b6f2cbbb-1be3-463d-92ca-126139e9bfb1,2024,2024-01-12,f6d188d9-c992-4de8-801d-4995b25abaae,d8e747fb-453e-4894-9a8f-08598fead336,13,1,16.027734432491574,0.9459091125084734
bcc8a3bc-e720-48da-bf55-64cf9e9c8770,2024,2024-01-12,101749c8-ec05-4370-a95b-47f56c433623,6068f6c0-7e92-4dc4-9da8-1bfbdb60cf2c,18,1,-0.41465483840328377,0.44679704040853485
d6d9187c-83d3-4a22-88ac-82eda824e7e5,2024,2024-01-12,82ee0a8d-e51c-4a87-bd7b-72707ec8b342,58bacfff-257f-4f54-bb05-241bd6353626,-11,0,-1.1564829138298958,0.4502104486941898
e80c387b-085f-4f1e-931f-f9f3ae2e4ab4,2024,2024-01-12,79bf464f-0d3a-4992-b310-86d2abbc2244,8925b65e-4ce2-4ec3-b501-c0075fe06b52,3,1,-3.8777922636302398,0.26635092447563413
e9f1b39b-1d87-4af0-a61a-620e5d6908e2,2024,2024-01-12,5320f527-fbbd-4bb0-80d3-0de759475d59,fd42047c-b7c6-4dbe-93e7-69cfd125995c,4,1,16.04311500291607,0.9592495162386065
ec79a2a0-da28-44d0-8209-661516130f4e,2024,2024-01-12,238b3f68-0b29-4056-97f6-6c10a093cd62,04119628-781b-40f9-ac7b-3c8fe82375cf,8,1,7.8021381858845045,0.7763485160735604
0234feb8-6e7a-4af5-a2f9-4fe394a26381,2024,2024-01-13,b9e1a15d-9de2-45e6-9fc8-b3444d1bc0b5,5ace87dd-23fb-4317-bc7f-8d80556ae6b4,5,1,19.523846803631045,0.9827532248602213
025fcf05-4d95-495c-bcc0-7230c13b467c,2024,2024-01-13,536cd39b-cd0d-40f5-8b6d-7a490d196262,73a80df0-15db-447f-b97c-418cc82a508d,-3,0,4.40812048881712,0.6688998301379709
0286ddd2-af45-4e55-8a9e-c4103228a183,2024,2024-01-13,39decbb3-b24d-444c-970a-39aa53a01ef6,8b8c3790-682d-4010-b304-45ce213ad62f,11,1,6.7147002351734795,0.7587822455039157
031872aa-e0a9-48a8-a2b7-822389528d92,2024,2024-01-13,5fcb12dd-e3b1-4e57-ac30-33da456cd5db,e51fb2de-db51-4fbd-ab63-2a069c126779,3,1,-9.526438458139197,0.12516013246750018
086d6bb4-ac7d-498c-9476-2c373355493c,2024,2024-01-13,1b0dd005-3190-4ca9-b74d-111343f2fce0,58113924-4aef-47a7-a675-cddc9e355cd5,12,1,6.265072913232514,0.7272556425148596
094ce7d4-6732-47eb-962c-32d30e0f118e,2024,2024-01-13,f2e0429e-8513-40eb-b536-1aca6697aee5,4928acd4-6738-4045-be81-20132f6471c8,-13,0,-0.31589441275112057,0.48409675330160806
09be0315-ef4e-484f-923b-4f4ce1a61590,2024,2024-01-13,e72d1807-6463-450b-b561-c3727b286584,4c073afb-cc2c-4ed2-bd8f-2f545ae1bea5,1,1,5.501949175629686,0.7093439406865543
0e23bef5-2efe-4fc7-a6cd-0e66306e00d7,2024,2024-01-13,409dd213-f612-4ab7-a0ae-8060dd9a6ef4,754d9f26-9ca3-4bb8-8aa3-065bcf9ec6df,10,1,11.730229711112338,0.9017737218162881
115399a5-b9c7-4a9e-a401-554a6d98b6b6,2024,2024-01-13,6d3e1830-dbbe-4e70-b7e9-1eb765f0acf8,dd1136c6-9974-4186-b206-7e24f2bf7dc3,22,1,10.212415815227493,0.8760581272314497
141f511e-dcb5-4bc8-89bf-c94fb495e6f5,2024,2024-01-13,25f32a40-1a9b-47e3-ab20-74659cba9520,2e49ce6d-63ef-45d9-9048-67fcdb01a46f,-6,0,-12.824113556048637,0.09580591747412717
14b50a09-669f-4e70-8c4e-f27de0401df7,2024,2024-01-13,2bb9930f-6a64-4fb0-8ae7-2d18cc4ceb5c,4eaf68c0-dd32-4705-8f2c-1c1dd2880a74,-22,0,-18.991561089080214,0.044602894497091754
183eef62-1f6a-40c8-a8eb-d49a00045de6,2024,2024-01-13,9ccf2901-b49f-4aa3-8a4a-d59d017dfabc,a66213c2-5ad6-4d77-a7ec-85700a223ed1,18,1,2.4304055994430014,0.5729217671035225
1a52b679-0cde-4a82-868d-98e8b58c388f,2024,2024-01-13,632ba9bb-afd9-4b5c-9c3b-4e60816c8e4f,f916ec1a-cf31-4b3a-9d55-a8bdefbea199,4,1,-5.159260365158854,0.36220904087188305
1b4edc38-0ff0-49d8-8ba1-3ec15dd8fe1c,2024,2024-01-13,8c121ba7-b028-4d29-8ac0-bfc3c1ff7b57,da6142ab-a5fa-48a0-b6ec-864a8119be75,-24,0,-11.348822357038898,0.09335632314357643
1e6e2799-b808-4330-81bc-e1163fb13ac3,2024,2024-01-13,3a30d561-24be-4bfa-8d8d-75e645c4ad5f,e7f5f157-7a33-43ad-8282-59e1c4ad9b25,1,1,4.0927557985328615,0.6465182080854213
20d6ebdc-5bdd-4cc4-9357-5d97c18c36bb,2024,2024-01-13,910d4e59-d8d0-4fdc-8a9d-02616c97414d,14393a14-3128-4184-bf05-72f6bf2a357b,-4,0,0.3093710859134384,0.49893976786922273
22f5dc59-07fb-4323-94eb-2a0c7d14bc19,2024,2024-01-13,550c3333-8e82-49d4-b9c6-ae13db14a84f,115916ea-f145-4974-a257-5bb24f7c1ccc,-2,0,-2.546374071261765,0.36408470740048493
2969c023-ba5b-4c01-a376-ea6ca5c9c7e6,2024,2024-01-13,85effc0b-7382-452e-904d-22a52433ccb5,2ed44d95-e306-4823-a4c3-196ffb777766,-10,0,-2.9106754309694556,0.44120937259154447
2bc4a3fc-b14a-40b2-9103-3671cf9ecd16,2024,2024-01-13,dac01aea-9f35-463a-9dce-75d4575160dd,b255fc28-3428-4006-adf1-9c1001ecb1a3,15,1,14.019740924649115,0.9357912304766917
2deacbea-f965-4156-914d-b76d43c11f49,2024,2024-01-13,d74a1fb4-3afe-43b0-9bd1-7e0552ba73ed,887d2364-968e-43c5-83af-c227595022bd,19,1,12.11018582826276,0.9143308686566924
2fce1e25-3247-4cff-ada6-3234afe69a7f,2024,2024-01-13,89dd92f7-46c8-41a3-be81-ecb12f1cd4c7,629710d8-479a-4efa-b5f3-d77767ddce70,4,1,3.8388396951459955,0.691667696910577
335edce7-220c-442d-b886-2680dac11a29,2024,2024-01-13,df2a7293-fc74-4f81-a93d-98c8989ea725,2607ab7d-2f54-4540-9b2e-d27703407118,9,1,-0.18470945041868744,0.4946492059827651
33de1828-4f8f-489e-8247-728a12666231,2024,2024-01-13,0b950934-3f06-4a8a-9251-83e3f1827e68,10a27e98-10ab-4397-bb74-d3a92cc590dc,5,1,3.661913745294144,0.6438923124505296
3630071f-0ef8-402d-b88f-5d452879e6b7,2024,2024-01-13,2deaf391-9719-4c95-bb3c-acc6f8baba86,4494a75c-3ddb-41cf-b75c-67fb9c0537c9,17,1,7.490882473254094,0.7872280608650951
38bc7730-8928-4b07-aa7e-0ea314389376,2024,2024-01-13,57c91ea3-1f48-4879-a664-232fba59cb1e,26d69f75-49a0-4d07-968b-2b549e059c24,3,1,-8.144337971846413,0.1918036814173495
3a04a11f-4d9a-4971-9a98-70ac2ac19419,2024,2024-01-13,ebf92b73-233d-4523-8429-ab00d5af1966,db374003-37d9-4d61-a3f3-7abec141d33d,-6,0,-4.549634418510439,0.3409400497369655
3b62e8d2-1ec6-405f-ad3b-e2d2d009a4a1,2024,2024-01-13,4c4cb93b-7b16-46b7-9d21-5ff908de25a6,e42183ad-b44a-4746-8c0b-148ad61bab43,-1,0,1.7803257165613477,0.5625190343681109
3c5edcb2-951b-4598-a664-0f07d33e5634,2024,2024-01-13,730db31e-4fab-472d-bf25-7b882deff0b7,ba033ab0-c07a-4b71-b7f4-243ae194d23b,5,1,-0.6792911157965409,0.4723294430266094
4450d771-68f2-4518-b952-1721364c4dc4,2024,2024-01-13,b4c9b613-0bc6-4295-b293-3b56c2020f1b,529e7dc4-6b55-487c-84b3-598dd9941301,-5,0,-1.0631371637846694,0.41678780976360025
46fa3b37-65b3-4de6-97bd-c011f214d712,2024,2024-01-13,5cae196d-fd0c-4944-8120-41d5abecb290,629ca4e3-9243-47ce-8a02-ee7fe38e857c,18,1,11.81840648776429,0.883430980226119
486ea817-29b1-4e65-9eb3-337e23a73ca2,2024,2024-01-13,6b296d7f-de88-4a16-8a22-b28077a669c4,5f480384-0cfc-4e90-837d-db9cc8d292dd,7,1,6.509394453630617,0.7287642588463243
4a00b6b2-d7d2-4a7a-8ec4-2cd7f0fa42d2,2024,2024-01-13,312cd404-9fa4-4f04-b8b0-cfed95e31398,d0cd742d-b4e6-4f30-88f0-872c2ac1e51f,3,1,-2.037530872826035,0.4835767394792061
4b70e452-dd09-45d3-8d50-06ef2bb8d7df,2024,2024-01-13,79479954-cdbe-4601-a82c-35936960a7dd,2dc64ab1-cde8-49d4-a343-298600450708,-8,0,-6.780442077662949,0.2553121430822797
4dd6eacb-0caa-45ec-9260-a70ed73c56bc,2024,2024-01-13,8ce6b3fb-8bb0-49b5-acaa-caed76d542d7,9be057a5-becb-47b1-b84f-041147698411,2,1,6.652851616938669,0.7410220041222414
4f3b829c-44da-4e86-928c-1b870e298714,2024,2024-01-13,493c2e9c-ef36-4b2a-8a7e-32c890e85a4d,371811fe-0533-4539-97b1-b56f642d0fd9,-2,0,-2.3048890170879837,0.40965724355951605
50358b35-8f63-4614-99e1-81f7e04b5238,2024,2024-01-13,f48b0b87-86fe-4b7b-8bf3-9d541f495284,375514f8-f93e-4eec-ae0b-6615ec954e45,-6,0,4.740726557100763,0.7041512624527871
548b5a23-0b4a-47bd-84b4-0d6e153f5393,2024,2024-01-13,2493388c-6fee-41f1-90b0-e82a447a607a,7ca95dca-8ca9-42a6-b9a5-307d339df9b7,-2,0,4.757162956139894,0.6194583975420295
5a5cf05a-aa62-43fe-a4f3-962c60ad52c9,2024,2024-01-13,1b1fcea3-d0ee-4307-b5a5-4c2a4a591484,824aff8d-6409-4191-9ffa-e2daa335b7e1,-10,0,0.37424262338658587,0.4835587767086389
5c882bec-464c-4ae2-b2a9-6cfb194c307f,2024,2024-01-13,adf7b22e-19a9-437e-ade2-833bb31da77c,22ae415e-1335-4b89-a126-bbc7a1d7901e,-12,0,-3.685243163122453,0.32033615897240153
5cc071bb-2cee-4417-bbbe-e232f9204b9e,2024,2024-01-13,5052a2f3-f41f-41e4-a681-c6277fec0404,c51998cc-ad65-43ec-88c6-a0f160ff7902,36,1,18.06091038387658,0.9556313988920744
5d8c55ce-c25f-42ee-8afb-d039a292c3ec,2024,2024-01-13,64c5c3a9-f1f6-4f48-b571-1de27621f06c,51a31921-d3f2-4514-821c-23df38e74559,19,1,5.988339950779457,0.7481263084833365
605b0946-8e76-49e5-868d-06ac837e9400,2024,2024-01-13,99b16ea6-899f-484c-8a9d-b2b5bb872d9d,993f004a-13e0-4079-8706-332aafab29c2,15,1,14.942566573729609,0.9366958377309255
6284480a-747f-4ea2-aa6e-608123ae2988,2024,2024-01-13,051d13dc-5152-426a-affd-0cf01ef80268,4e6747c9-6a64-4fc5-b96c-e38ea635f22c,15,1,3.8981689933006343,0.5911275435325
6f2ffaa3-6713-44c3-ba00-844e0873db45,2024,2024-01-13,546e1911-9caa-499e-92f4-afa9c6b1e8c2,20abe49d-2029-4327-96f6-389664f5da7f,-4,0,6.925153362943915,0.7724174817222984
7512d7a9-e19c-4a96-a13e-e0d08f14d9f5,2024,2024-01-13,e3158bc2-1467-4311-8540-c4f77e10aab2,b1937cc6-0f34-4060-82ec-b2bfe4c05aad,20,1,7.063293946474578,0.7652720408894886
756b6eee-1e81-4434-ad18-b79d3b5bdfb1,2024,2024-01-13,57144631-7473-4b46-a437-8e2d8c760f87,2fbd9d1e-084b-43d2-9c7b-10ce0782be7c,12,1,-1.9758472898962198,0.39116449160730016
75bb65a6-689a-42e9-afa7-24583ee5c66a,2024,2024-01-13,384d8319-2770-4b9a-bb32-bd4da034d104,e06623a6-8f03-43b1-83f4-b653f6819ea2,13,1,7.449859704633411,0.7771477898345506
76fa02d6-7e95-4a08-b637-4ef3fb426c11,2024,2024-01-13,25912c1a-f2be-4c07-857a-5eef6aadebda,65cf0d8a-0a5f-4572-8516-53809f66ba44,11,1,12.055116942021225,0.89766809781766
79b27ec6-0cd0-490e-b77d-5a70fa442728,2024,2024-01-13,15de2bd3-69fa-45a8-b95c-4d5e91232ab9,9a06c3a5-a344-48e1-942e-a22438b842ec,14,1,5.098163711980359,0.6862689900836728
79cc46f8-a466-4cdb-8645-367437424cb2,2024,2024-01-13,ad741e6f-e15e-4f4d-8350-9973fa99916e,f92587ee-8d25-4b09-9a60-6203f75c974f,5,1,3.374233432998619,0.6490577348168997
7ca436b2-d144-4158-bd7e-7ec0ce7fa927,2024,2024-01-13,29fcbb70-fa3c-4806-8768-15b5ec4a8449,a7f405f8-389a-4a00-bb71-6d07d48f4fe8,7,1,5.65976621319317,0.7486414220907223
7e67883a-5f91-40da-9bd8-e93065b3db62,2024,2024-01-13,4aa110b4-c8f4-438d-b44c-2d6a5c74ab8e,76748a8f-7de8-46dc-b80c-a1a7fbcb84ea,-1,0,2.610624463535395,0.5919811663671958
7f479a47-51b4-49ac-84f3-0f65ce4c4d7e,2024,2024-01-13,8af88029-6520-4f85-a99b-0f10d820a167,d7b7310f-6983-4a09-bb56-fda96e9f761d,-11,0,-3.2298594947151296,0.2975911294918294
830df5ad-6c83-49c4-87ee-a63286056d28,2024,2024-01-13,e5bf7042-0036-4e9d-81f3-3126a9675ce0,7af1094c-c99d-43dd-b41a-1b72a81abfb3,4,1,6.6225775402799405,0.7346087585178234
83c18fb4-c5e6-4e7b-8787-122be36c4596,2024,2024-01-13,52739295-a20d-42ea-b09c-a1e17be40d02,17a3b4e9-cfab-43a8-b7ad-73508d4d890f,16,1,5.738581133974931,0.7394108412620558
89577b8c-50db-4cb2-b09b-a7f6ca118420,2024,2024-01-13,dcf85f3b-a79b-4a61-9cd9-d6a90541bf3f,58617cc8-94d5-4f69-a677-9ab4cdc52a33,9,1,3.0164282303814893,0.6412832348873634
8a6a9794-2b20-49a4-a711-5226fa784c68,2024,2024-01-13,63eb578d-eef3-448b-b0ab-b4892ef058e0,312a943b-3a6a-4f8e-96a3-02cf6ff38b41,16,1,4.741777147447773,0.6885807592536556
8b78d20f-750c-45fb-8981-4edb64efef2c,2024,2024-01-13,4e9aa968-9ad5-4833-b9a5-7d89b35976d4,5368fba0-1d0f-4310-9dea-c25c58762dd1,-6,0,4.217069810770614,0.600779389398656
8c11740d-ec33-46fd-9e38-011afd087070,2024,2024-01-13,791eb121-5f34-499b-a1ff-469bc9007fe7,33176e8c-5f9d-4bcb-8c56-9a0a5f7d7f1c,-16,0,3.8277918987545467,0.6806762666406475
94ed37cc-7cc0-4c26-9bdc-50afce18770f,2024,2024-01-13,e9813fa7-c976-4ad4-a455-2f05235e93cf,dbfecb75-86bd-4650-9fc0-4d85eaeabbbf,-20,0,-10.761726907303496,0.11736168778772953
95a125ab-a447-43a1-aae3-db1ba115eb3e,2024,2024-01-13,b7c2bf0a-248a-40d4-aa1d-bf6329590a4f,f3cf8061-767a-4873-9e24-5cc4c9a6a1b0,2,1,-8.012139714031974,0.1915508293516051
983ea91e-f979-4929-b31c-fcee6cf82270,2024,2024-01-13,bf4f25da-dd8b-44d4-a4b7-4671b3c37db9,da828fff-cee9-4151-bc4d-983ee436f573,30,1,13.291339209008092,0.9358150262024202
9f150bb1-ed53-4599-9c43-eaa1627d1bfc,2024,2024-01-13,8a7ae133-e612-4f1b-911a-a72870f8b4d6,c71ebd72-5c90-41d5-b1fc-544e4695d9d0,-6,0,-6.594009304872508,0.31604260915610166
9f9d87b4-980e-4f62-96ac-45b2ab5e342e,2024,2024-01-13,bb505898-cdd5-4c4e-9ea1-301ff6a4b981,88fe7301-2d1a-43f9-ba01-e8f7795634b5,21,1,28.61613011134601,0.9885913481704413
a1037b3e-6927-4d72-8863-398575d9babc,2024,2024-01-13,228bf81e-d4c4-4b81-9b51-74ff2fd3f7c3,8fce643e-75f7-4242-b565-2a4818e1eeba,5,1,6.775207618987339,0.8026804729013906
a614404b-c30e-491b-a5d1-4f2b1fee3e97,2024,2024-01-13,071229c8-25a8-4fd7-87a3-c30d0a95671a,e6b0799b-abce-441c-929c-964306f8fc27,11,1,8.527109833769941,0.8275552542233234
a8926822-7469-4104-911c-5c22a8eeb56b,2024,2024-01-13,2df495e6-2f8b-487f-b13a-e76f3397df82,af6bf0c9-2e1e-4334-8982-93f14a35af57,-18,0,-7.8809571920928105,0.2124193143455227
ada190ab-2efd-4b0b-a73b-bb79585e882c,2024,2024-01-13,9f152b52-7847-49c3-83b6-8c68295d484a,9d7f5648-4f47-4192-9d8d-78454c962bed,1,1,-7.3451101439080055,0.18747432794788532
aea96727-0133-415c-860a-a0ad59f9b76f,2024,2024-01-13,33a4f970-bbcb-47ad-9bfa-ae6f0eaf792f,97bd823e-8c6e-4942-a5ca-735b3a45ebbc,-3,0,10.606207849330389,0.883092974605165
afdd4575-8cde-4d2a-9d7e-77cc0377e79d,2024,2024-01-13,72d2e856-e65c-4184-bc2e-38e805170efe,be683752-ceea-4783-ae94-66be0178e1d1,-8,0,3.81087690559635,0.6268414608268262
affb1806-c2ea-4ca4-9357-e8ddf566ed2c,2024,2024-01-13,65cbd49d-db3a-4043-8bb7-7bfcf57c017c,f93c4c92-e869-45e6-8970-2a02d80141c9,4,1,-1.8408184841666646,0.3981315631389137
b0b17cfa-5285-4faf-9701-2f141e667ca6,2024,2024-01-13,3763fb9f-1ebe-4dbd-bfc9-6638b14a2a51,2ca82167-d915-492e-98e0-4ee592960583,28,1,2.4915337145040612,0.5212954906437118
b5bbd665-64dc-4aa7-aed1-cb9e6b0482bc,2024,2024-01-13,a7951831-d013-4591-8037-4212b4a85c3d,e5fae797-082f-4354-8c20-2c1c22c6ac8f,7,1,3.2071674911891503,0.6923400163412966
b72029a0-29a5-40a5-a657-d9a2d701ae64,2024,2024-01-13,8a753611-1c3e-422d-8c6c-5721763b5574,d8cd723a-1d76-4abe-be2e-516e52724947,8,1,-2.415192546563876,0.4418447059419031
ba3c5347-8f74-472c-8921-93b8bad36fca,2024,2024-01-13,03a91d53-3b06-4e76-b037-9c97d09645f6,1c1c3846-4bad-48b3-b8be-dba7d24af981,1,1,7.042617278778741,0.7778307472091444
bb3806eb-b8eb-4c55-8578-d429372fc8c2,2024,2024-01-13,b80e54ae-3b74-40f3-9954-a1b0805cd1e8,09fca7ef-baed-4af0-a553-465ae1160049,3,1,-4.934824113563957,0.22602359538199235
bf6caf7f-3dee-4ec9-941d-e9acaa6a27df,2024,2024-01-13,cb1440b2-adac-4775-96c8-c4f00641d353,d0ec4581-205d-4391-a765-06ee8de241d9,2,1,1.4540110888508961,0.592262808205218
c679a42c-8755-4167-a086-b569260295d2,2024,2024-01-13,a839c106-a16a-49d3-a86e-aa5e068b76cd,c840b153-1401-4ebc-9549-e027df3cc7e1,7,1,1.9860118283991273,0.5315328770831005
c7534159-eebd-45a3-afb0-e9e77fb17296,2024,2024-01-13,125fc4dc-8f42-45a8-b23a-3e50f4620499,31108a77-31cf-4228-9c6c-3a9665e9e17a,27,1,18.85006364266042,0.9713729686223005
cb1cab0a-8cab-49bc-a974-86e0f2393d93,2024,2024-01-13,424f7a7a-158f-4ad0-adb1-4b3ebe25b11e,95466c2d-a184-48f8-849c-d6957bd1df52,-6,0,-0.7191643451492048,0.3850389060545389
cb889182-baae-4b1c-ba75-0acff8f1c322,2024,2024-01-13,16aca559-5828-43a9-ada9-f35f973f4863,9341db15-6a24-4506-804b-e37983918ab9,-5,0,-9.394859592894903,0.17132872210497094
cd9f5359-245b-4bca-9600-e062d893a4d2,2024,2024-01-13,155c1dd9-ba93-42ee-a28c-238768724494,bfd4c500-09b6-46ba-81ae-48b13f8345ff,-8,0,-2.5075460306295656,0.3913910159828709
ceaf4658-a297-478d-b955-233b531b9fd5,2024,2024-01-13,638757a6-508b-49af-b5d8-661c0059c04c,3e3e940b-dd81-42f3-88f8-4e988278be04,-7,0,5.930977156161438,0.715167615754004
cf8deb5e-5c5b-43a9-a5bc-a3aee1fb4265,2024,2024-01-13,6c5c20e6-a076-4fbd-b77d-61a1c7a3c5a4,324e37b8-f52e-449b-909c-366c81488fea,15,1,-4.08733672049849,0.3189477357694895
cffbacb0-5164-41a0-ba58-fc11329e80be,2024,2024-01-13,f162ea30-6b86-48f3-bdc5-48c97448256c,ea8c66b5-8fe3-41dd-a56a-b85bfdc613c3,26,1,10.203281314200957,0.817975455452218
d045b1cb-d486-4184-b098-db52926329ed,2024,2024-01-13,bba8eb68-9989-447a-90b4-27c8d0d32bd1,2851d469-fe75-448e-9d6b-4bde7ec96e06,-4,0,3.14526832527939,0.6800929504178611
d43488b0-479b-4935-bc5c-2c7037d6e9a0,2024,2024-01-13,2c8d46b6-8e8e-4229-85a4-0713fe1c6c4f,89a85f65-8bbf-43db-b23d-362af1afc44d,9,1,19.354083531267033,0.9795556886432718
d6287e36-07bd-47d2-b5ee-dd1f8e120d20,2024,2024-01-13,c05bd27b-1eb5-4bfc-b1ec-29735fe183f2,05aedf2a-3424-4acc-9537-4d52dccd6e02,17,1,19.553687111211868,0.980741186910982
d9041c28-7fab-447a-81bc-66c998f99b58,2024,2024-01-13,a7e91e1e-3644-4f3c-bda9-edddb9602a27,9c1431a3-21c9-46c9-8335-1b85a6022223,24,1,16.31610676405387,0.968836182210617
da7eed61-82fa-4db0-9869-badba14d1dc4,2024,2024-01-13,45959b35-f1e9-462f-aecf-565395a6fb6d,dfdc9d0d-4a83-4244-9c07-9b3660ba4f6f,-3,0,-1.1056516560852598,0.4888924706048362
dba4e7a6-63d7-42f7-b02c-a948a47443e6,2024,2024-01-13,05f1d3d6-8079-4142-beb6-628fd19c74ca,4d3124e9-6470-49c6-8f2f-806813c60883,7,1,-2.037548901232787,0.33298810022956515
dd272edc-692b-4b10-9fc7-69af2ab01f6e,2024,2024-01-13,2198dbfc-96fd-40be-99e1-e697e4c3d996,a4e0b7c0-e98b-4e65-9408-e26a9aedac8d,26,1,10.150667989471271,0.8528084321010655
dddae586-c834-410f-ab1e-3ea9825983e2,2024,2024-01-13,2f2d6799-40af-4256-9dd9-412be50aa14f,e1ee7493-ca48-4d8c-aefe-83427a4e66af,-21,0,-5.573204348680042,0.27893196250104574
e0ce9650-8adf-405c-972a-f877bade1643,2024,2024-01-13,a2069f0f-fd2c-4971-b3da-6ba010532fcf,7f63e419-1d15-4c08-84b6-dc393ca0146a,4,1,5.884971881038134,0.7009607422846327
e629399e-a8e9-4faf-80cf-88e01a2a497e,2024,2024-01-13,1ac84e49-be83-4e9a-b4a7-0fb0b7465b32,e8e72618-33f8-4013-8305-43775a278752,3,1,2.676440420972791,0.5852808066394811
ea0e87b7-b9d7-4d8e-af9f-08792bb51a03,2024,2024-01-13,47b967e4-0689-4d1c-863b-9d82c6ffbfcd,abad6a22-9569-47ad-9945-a6ad9345c30f,-18,0,-8.313664655280096,0.22887313549152144
ef6b90a7-1383-4498-b2e4-1bc3988e3834,2024,2024-01-13,cd9eea44-8a6c-4bd4-ad4d-74e461fdefd3,a9569511-9e5c-45d1-b958-3e29c52f612e,8,1,4.135333308234039,0.6255425640440119
f2810619-02cb-4f8f-b76d-560fe05347f3,2024,2024-01-13,1814170b-a11b-4328-99b6-082f1e76f5c5,f1c92057-9fa5-4bdd-b404-96dd624192b3,11,1,12.896033552244559,0.9386149166889098
f6006391-9391-41bd-9994-7782ac3e192c,2024,2024-01-13,7d57c2ad-190c-4c1b-8987-ab2007a42023,2aed7aac-f38b-4fae-84ae-9e9c9ac71a3f,-2,0,-0.16792101191763623,0.5140570879710745
f6881d67-3fb6-4572-b614-2c548f92b141,2024,2024-01-13,3280e439-7a98-4ebd-95dc-1a1281ccab00,873b654a-5825-415c-8a11-5e5b15bd2ac8,11,1,12.569051625272882,0.925214740923144
f71395f4-b397-4e90-85fa-fc390cbe08a7,2024,2024-01-13,8e26bcb3-616b-4c7c-a709-bf30d2ddce41,eddc4725-b4b2-4442-b2af-8853210d0e96,-15,0,-2.534332291547019,0.40951254810338167
fa90e7fd-5a70-4501-836e-e0f89b9190ee,2024,2024-01-13,b1cbdf0c-474e-4b52-ae02-f856ceda214b,fc7ccbd1-42ce-4200-b33b-0f8f3de48473,13,1,-7.1020230612368636,0.22950163903023174
fe77887c-cc17-4d7f-8cc8-17a7a4a39f36,2024,2024-01-13,dedb6ed5-06d8-4ba6-a1cc-e3134a2c7937,6eb0ebaa-8c99-466d-8fad-68b897f2a9e2,-9,0,-4.738203892894212,0.29379939740801087
15a3c24e-a9ff-4cd4-9297-2e4a86c4d661,2024,2024-01-14,82ee0a8d-e51c-4a87-bd7b-72707ec8b342,f6d188d9-c992-4de8-801d-4995b25abaae,23,1,1.4726258355107484,0.6583423451889666
27dd26d9-afcc-43ec-8ef7-5ca65c7b95b6,2024,2024-01-14,2408f22b-e753-4c5a-9353-be75a4fb2164,4e9067f6-7760-4a2a-ba37-273c77915540,-26,0,-1.8286625846788969,0.45086499674699204
36e5229e-e54f-4431-b462-5374cd862c02,2024,2024-01-14,ef75db17-4afb-4e3b-a928-30e871ec130c,c3681649-6e1d-4bf8-9b47-1d2868dca3e9,-9,0,8.48718082830741,0.8039961489125973
3dd41b30-983f-4482-b2e8-baf1477ccae9,2024,2024-01-14,0c2a9ebe-8c6a-44ec-8643-1dbac7642ab9,717f3cf5-bc65-4a66-8f05-191decfbf380,4,1,9.011660845554724,0.8434478006798981
5c6c247a-67f8-45e3-b482-6013cd65eccc,2024,2024-01-14,e308f5e0-c422-490c-901a-575bb49f1c7e,48a6c30c-21c1-4d12-ac7f-590a1fdb0238,12,1,1.113733970856434,0.6121486559948823
64ca6a20-b537-4c7e-a83b-28aca347c674,2024,2024-01-14,b2d5fddd-b407-4fe6-9d70-e921ab7b7e1a,7eefd1e5-aea4-463e-ae74-c628b0fe170e,13,1,9.645639405928645,0.7843048350271082
7f14622c-a40b-45aa-9b1d-516e83d6b5cc,2024,2024-01-14,9cde2e64-799a-42f1-84dc-71779b1219f5,215ed27d-58e8-4e84-ab60-6d170d404304,-9,0,6.435447424722701,0.796201971826166
9580ca07-8a68-4e5c-863e-48aacc9365e2,2024,2024-01-14,686413d2-e94d-497d-a87d-ab911ac38ec7,696e6eb5-b8dd-4d44-8780-1e6c678615bd,8,1,4.229959062377223,0.6198904217013691
a839fe8f-56c6-4929-bf30-0052bc967304,2024,2024-01-14,db9d85a6-59a4-47ff-a287-b40442bf460b,67505072-f35a-493d-a160-8e6292da33f5,-7,0,0.7427210272262028,0.5801576737792584
ae4dc1f8-69a5-4903-97fe-96287c7d6f97,2024,2024-01-14,5bd874c9-de44-4954-a4f6-428ed3fde8a6,1d3cac70-c7f5-47ea-bb26-00ba78e1acbd,-10,0,-0.991449554837945,0.46147522410067165
bb459a4e-31e5-43ac-84a5-0771562ea0c3,2024,2024-01-14,a64af70e-61a8-4777-8e8d-9a7815f78f3e,91d935fa-7d8c-41e7-a184-72c0f770d10c,17,1,3.398685538987405,0.6221350810964944
be7247ec-e40a-453b-b18e-2940cfc943a1,2024,2024-01-14,439b6cee-3be6-4471-bddf-f7cb8c69cc85,853125a0-ce88-45ba-9815-9387fac3d278,18,1,12.735733611941766,0.9427427630418131
c87def4b-f518-4fb3-b842-600f703f3896,2024,2024-01-14,4b962e36-92f2-493d-a9d8-e62b725d5b76,d7bc8ff0-3522-40a8-8309-346e8b4cf9be,5,1,7.33146837238432,0.7698121063938106
cfc57073-7114-42a7-87ff-7af28f08a3a9,2024,2024-01-14,4a01023d-3637-4ac5-bf1f-37c08b2438a5,d2ae40ba-651b-4006-8b22-61c6b9ce0e33,13,1,27.65558898388057,0.9920873422019358
de6cbabf-2402-4f5f-a95f-4ccef7c354ca,2024,2024-01-14,d8e747fb-453e-4894-9a8f-08598fead336,00b63e00-850e-4b09-b660-a5e698f46b61,-13,0,-10.648313468476749,0.14013544045471746
10fa0f16-c7aa-4aa3-987e-c41cb580d094,2024,2024-01-15,e250c58f-f6a5-4da7-aff3-c6770b9a14da,9611a021-de39-4ca5-8188-6387e4c99fbc,17,1,14.081124012116428,0.9356460106725629
1ab7b250-6d63-47ce-8eec-7b53ddc9d764,2024,2024-01-15,632ba9bb-afd9-4b5c-9c3b-4e60816c8e4f,c840b153-1401-4ebc-9549-e027df3cc7e1,13,1,-7.463870651689433,0.25201860814487703
28971e8c-f180-4200-8c6f-cd687fd18d86,2024,2024-01-15,3a4357d0-0685-439d-863f-f854c35e4c42,38cf12f8-b27f-4c69-8f14-254930816a8b,-1,0,8.633215874588783,0.8161911351676086
2a108253-3d56-459f-9e19-b19d45e4783f,2024,2024-01-15,5320f527-fbbd-4bb0-80d3-0de759475d59,0c8ee784-d7e9-4ac4-b0c7-3ca89567c515,-25,0,-2.2537473441790756,0.41954931465219103
3d418a87-bfbd-411f-aa27-b72811c56371,2024,2024-01-15,493c2e9c-ef36-4b2a-8a7e-32c890e85a4d,57c91ea3-1f48-4879-a664-232fba59cb1e,3,1,13.512807424871202,0.8920415060334036
4248c57d-88b5-492a-84e3-edaa29a5f7f1,2024,2024-01-15,1b1fcea3-d0ee-4307-b5a5-4c2a4a591484,ad9b8341-2ebd-49c4-8bf9-bf5d4811bc0c,2,1,1.6107089352632584,0.5515329678797773
625276f8-bcb8-465a-b1ec-20879aa12ba1,2024,2024-01-15,23b31575-028e-4661-85ac-8d5835d6726f,20abe49d-2029-4327-96f6-389664f5da7f,5,1,10.09820974773671,0.8528667293988283
63d7277d-89f9-4263-be12-f2d400c6e913,2024,2024-01-15,65cf0d8a-0a5f-4572-8516-53809f66ba44,4b83e4dc-410f-4835-a8a4-8ccffc29e016,4,1,5.732706186723953,0.7068056783386252
6e1cafa8-46f7-404f-8e9f-d31cba9e1e0c,2024,2024-01-15,f1cb5c3c-2ff5-444d-8c0d-5c1244f07909,8ae6c27f-063b-4e7b-bbfb-653f496560d6,-2,0,0.6240625952362453,0.5390511450204255
7ad89b53-eadf-43ab-add4-07b091261a23,2024,2024-01-15,1394e3ce-706d-4097-9aaf-cad5d38aa5a0,644a0213-9ca5-4238-af33-7c8ed45fc88b,8,1,-3.301393365152254,0.3329041924636234
881c7e63-cd3c-4d6b-854d-cbeac8a1f662,2024,2024-01-15,f5583f43-2ae1-4834-b364-107222763dde,14393a14-3128-4184-bf05-72f6bf2a357b,5,1,2.9358666771914246,0.6051497608243185
8d72376d-9aff-44da-8435-7008fb325834,2024,2024-01-15,35d0a28f-e3d7-43ca-90cc-daaf0b7c278e,8a7ae133-e612-4f1b-911a-a72870f8b4d6,20,1,9.28469484884793,0.8385154291842427
aeb90532-dd22-4fc5-bd4e-dea78e8a27c3,2024,2024-01-15,f9c26112-b1ea-411e-b273-e74e8ce3f1ff,cf6e9037-e27d-43e2-bbd6-6583598ce383,-7,0,3.921592343538942,0.6733174418556521
b216d905-3174-48cc-9157-fc89f169d60a,2024,2024-01-15,89949731-8bb3-45c7-a6f6-798934261b61,401408f8-2ce4-4ef1-97c2-5a68c979ec7e,18,1,21.236218098732888,0.9872098953776727
b9ccb73f-1c45-42d8-865c-26aea465f279,2024,2024-01-15,2c8d46b6-8e8e-4229-85a4-0713fe1c6c4f,371811fe-0533-4539-97b1-b56f642d0fd9,19,1,11.51083073246517,0.9140196200373196
c1b0bfc1-ff72-4f9f-9d41-96ac6158afd2,2024,2024-01-15,ec7d9da7-9286-4c01-98ce-3a10ec231612,f73ebf9c-90d9-4d66-b403-056ea4ea6b30,19,1,14.308638682900895,0.9415083702975722
cc2fa42c-355c-4c8d-a9d0-1896e5ecc700,2024,2024-01-15,33a4f970-bbcb-47ad-9bfa-ae6f0eaf792f,b6c9db49-45a1-4d98-9a80-dbbe19471992,32,1,18.406046249368085,0.9852145918578865
d08b72c9-3563-4761-aee1-26f4dcb19f73,2024,2024-01-15,48fce6fa-2dd6-4fad-b5ca-cf5cccdc3fa1,735ab24d-9a04-4ce0-aa11-f1cb2c1804f1,-10,0,-3.2412069718956737,0.45053373583223283
d65ae6d3-4165-417a-b0b8-18de503b098b,2024,2024-01-15,60ee2d19-003f-4603-a2ad-838b3e6d6cc0,2b1a3f03-7d93-471b-be12-d487164eae0f,13,1,11.366506752934582,0.9004156099314198
d93e6fd3-4e96-4529-89c4-e1beca8d4ac1,2024,2024-01-15,2f522e9f-f586-4f8b-816f-a83d9e6231fa,101749c8-ec05-4370-a95b-47f56c433623,-9,0,0.2706840651643093,0.4532692444877921
f5d358f3-6beb-4e91-b98b-129c48797ea4,2024,2024-01-15,89a85f65-8bbf-43db-b23d-362af1afc44d,26d69f75-49a0-4d07-968b-2b549e059c24,-5,0,-3.575495103384729,0.36305829210910195
f88d35e7-144b-41c3-9e89-ebd36bac2984,2024,2024-01-15,7d57c2ad-190c-4c1b-8987-ab2007a42023,d74a1fb4-3afe-43b0-9bd1-7e0552ba73ed,-14,0,-2.3735879382894303,0.38953912034666005
fc6f5286-82f9-4f11-938e-b96668e0b607,2024,2024-01-15,9b465025-fe2a-4233-b24e-310dbccdf4ed,fd42047c-b7c6-4dbe-93e7-69cfd125995c,-5,0,9.42820153106064,0.8944766079922933
ff63a254-a322-421a-854a-aa463bf9aa18,2024,2024-01-15,910d4e59-d8d0-4fdc-8a9d-02616c97414d,c2629a38-b5d1-44e7-9a32-8fb51cc9a116,-7,0,3.3099881950209173,0.6840870449031577
161175fc-8e5b-46fa-9313-c90bbc2eb269,2024,2024-01-16,7048a12e-ec8b-4bf0-a475-1316775a4964,19b40071-00ca-4d8a-8188-a03d635e9811,5,1,20.183089177430578,0.9876967896639921
1a778db5-1c11-4a15-983d-a38f83152482,2024,2024-01-16,49f72498-1bbd-48b1-87b9-cc90196e205a,b7c2bf0a-248a-40d4-aa1d-bf6329590a4f,11,1,13.762485569250186,0.906712173181324
22b7701d-65ae-4ac2-937b-3fac0637384a,2024,2024-01-16,dd1136c6-9974-4186-b206-7e24f2bf7dc3,ad741e6f-e15e-4f4d-8350-9973fa99916e,1,1,-4.666725026894073,0.2807051031073058
26c05f34-0a37-4bb4-b095-bafcf6a8360f,2024,2024-01-16,e8e72618-33f8-4013-8305-43775a278752,9f152b52-7847-49c3-83b6-8c68295d484a,4,1,5.914041627062105,0.6938771345638749
313cb596-5ba9-4dff-89bf-75105b24e2ae,2024,2024-01-16,cc07b31b-464b-4cb9-89d2-ac26ffe3e5f4,45959b35-f1e9-462f-aecf-565395a6fb6d,9,1,21.850820442261103,0.9879392446396901
48c897b6-b0f9-41ab-8e15-09549da4e53c,2024,2024-01-16,f3cf8061-767a-4873-9e24-5cc4c9a6a1b0,6c5c20e6-a076-4fbd-b77d-61a1c7a3c5a4,12,1,9.602190724347375,0.8464046003731538
4d01fe0c-0873-48f9-8f0a-493594d737f4,2024,2024-01-16,1c1c3846-4bad-48b3-b8be-dba7d24af981,dfdc9d0d-4a83-4244-9c07-9b3660ba4f6f,3,1,3.704622780320682,0.6213186714089927
51723894-e8bd-45e0-8868-061c7a3d8be2,2024,2024-01-16,9ccf2901-b49f-4aa3-8a4a-d59d017dfabc,e42183ad-b44a-4746-8c0b-148ad61bab43,13,1,3.1412401566035193,0.6540684594474115
51b83ce3-9542-4da6-b241-41e1e1a4bf46,2024,2024-01-16,f245c41f-897e-4985-9153-43034bb26bfa,a839c106-a16a-49d3-a86e-aa5e068b76cd,-2,0,6.302220901581129,0.6800113558128617
5fcf32e4-59ef-4a4a-8eb2-1a406e8b0be2,2024,2024-01-16,73db7905-652b-4320-aac7-243f2f2f70a2,64c5c3a9-f1f6-4f48-b571-1de27621f06c,7,1,3.7663208610679804,0.6332719038085053
6218b983-dbdb-42e3-98d1-8448707bd579,2024,2024-01-16,95466c2d-a184-48f8-849c-d6957bd1df52,e7f5f157-7a33-43ad-8282-59e1c4ad9b25,15,1,-3.253958244708939,0.4113854034738402
6d14e8ce-e33e-427b-8259-d20a9bb8971b,2024,2024-01-16,2e49ce6d-63ef-45d9-9048-67fcdb01a46f,6d3e1830-dbbe-4e70-b7e9-1eb765f0acf8,19,1,11.43020990636678,0.877415383419718
857e656b-8c13-455c-b8e2-448203dcc282,2024,2024-01-16,bfd4c500-09b6-46ba-81ae-48b13f8345ff,550c3333-8e82-49d4-b9c6-ae13db14a84f,18,1,17.969086244373283,0.9628387900298082
858fbd72-8b57-414a-9b09-32bd60f00e75,2024,2024-01-16,4c073afb-cc2c-4ed2-bd8f-2f545ae1bea5,1ac84e49-be83-4e9a-b4a7-0fb0b7465b32,4,1,-1.8412730458720579,0.46859407697810024
96305bc1-717b-40f6-a2ed-28e46c602f81,2024,2024-01-16,49c78722-1476-440a-9de1-896fb7b7db88,2dc64ab1-cde8-49d4-a343-298600450708,-2,0,-0.0959415682684939,0.4646309298329581
9ae55536-271e-43ff-a03e-b38504ffa2f7,2024,2024-01-16,a4bc2fe7-4083-4c33-bce5-6cac3e161a7f,4c4cb93b-7b16-46b7-9d21-5ff908de25a6,-4,0,4.621094710586368,0.6190713336990277
a0626758-cfec-46c5-9b75-2f405ee7e9be,2024,2024-01-16,529e7dc4-6b55-487c-84b3-598dd9941301,a7e91e1e-3644-4f3c-bda9-edddb9602a27,15,1,-3.9960421901239283,0.34465697784998184
b1511188-22df-4b12-b871-9d888dabbcad,2024,2024-01-16,d7b7310f-6983-4a09-bb56-fda96e9f761d,629ca4e3-9243-47ce-8a02-ee7fe38e857c,13,1,10.984298906397655,0.8447590279083645
b69df439-9a24-47dd-bd18-50b26a546744,2024,2024-01-16,22ae415e-1335-4b89-a126-bbc7a1d7901e,dde8f534-10a1-430c-af83-43b026e7ab68,-4,0,-2.4283713059600234,0.4205200366225542
bca9ae8a-09b5-4de4-926e-72dc7bc48e70,2024,2024-01-16,b7f069ed-b9be-4147-b87e-fe1bef8386b4,cd369794-6765-4889-bd1c-89869447620b,-21,0,-13.274331208527451,0.06959548795479509
bf6776c9-0569-41f4-ac60-8e9eff479d95,2024,2024-01-16,350fe1ba-284f-4709-8cdd-3f745fcff0f8,424f7a7a-158f-4ad0-adb1-4b3ebe25b11e,14,1,2.2312473679903855,0.5717850157995968
c10bb050-1205-4db4-8036-9fcfb8b46ec3,2024,2024-01-16,bf4f25da-dd8b-44d4-a4b7-4671b3c37db9,2ed44d95-e306-4823-a4c3-196ffb777766,22,1,11.043656601779984,0.9395334898235206
c10d65fd-21fc-45b8-86a0-3829d72c3f8e,2024,2024-01-16,74434c65-ac07-4a97-9998-737791311fb1,324e37b8-f52e-449b-909c-366c81488fea,-7,0,-7.253229694190989,0.22093886326695356
e56c335f-de69-4b0a-aa9d-44daa65df8b3,2024,2024-01-16,228bf81e-d4c4-4b81-9b51-74ff2fd3f7c3,2518e2c1-28b1-472d-9fdd-5d97d9f1ea99,11,1,14.981664827734319,0.9707995477949296
eb5f8fb1-6cb8-4c83-a66f-a90e0e06c5f7,2024,2024-01-16,4494a75c-3ddb-41cf-b75c-67fb9c0537c9,8fce643e-75f7-4242-b565-2a4818e1eeba,-14,0,-1.0327173898314597,0.4503786813774696
f214660e-0425-48e3-b1cd-a5c9c4e38bb5,2024,2024-01-16,25912c1a-f2be-4c07-857a-5eef6aadebda,5ace87dd-23fb-4317-bc7f-8d80556ae6b4,-3,0,12.741501219279238,0.9238443676637365
f7d50c87-dcef-49a7-a658-15bacae2bb7a,2024,2024-01-16,2deaf391-9719-4c95-bb3c-acc6f8baba86,1cabfd4b-0114-490e-8d0f-1257cd7f0ae1,-5,0,1.189810822246728,0.5668634533132384
fcd149f4-0b33-4900-8e0b-fa200b987b55,2024,2024-01-16,115916ea-f145-4974-a257-5bb24f7c1ccc,25f32a40-1a9b-47e3-ab20-74659cba9520,-5,0,7.649006817262934,0.8160065529285853
04a03995-2b69-4f36-98d1-077716e274fc,2024,2024-01-17,4eaf68c0-dd32-4705-8f2c-1c1dd2880a74,ed50f577-3ab9-4627-80f9-bc931ee42370,3,1,8.899123115510596,0.822053298538596
05ccff6d-52e5-4d62-bcbe-d68d1253b7f4,2024,2024-01-17,51a31921-d3f2-4514-821c-23df38e74559,bba8eb68-9989-447a-90b4-27c8d0d32bd1,8,1,0.7704096680639444,0.5168579608576567
0bcd5d94-a0fe-4feb-8434-7c198df16f4d,2024,2024-01-17,eaac3de1-dd32-49d9-abe3-f56bbff80cde,3763fb9f-1ebe-4dbd-bfc9-6638b14a2a51,8,1,14.530459823168588,0.9074447271357169
0fd2aa31-8385-46ad-babb-9468104f342e,2024,2024-01-17,db9d85a6-59a4-47ff-a287-b40442bf460b,79479954-cdbe-4601-a82c-35936960a7dd,29,1,6.894635365449218,0.8035813845495758
2cce0847-728e-4774-87c3-0d922d2a7721,2024,2024-01-17,47b967e4-0689-4d1c-863b-9d82c6ffbfcd,af6bf0c9-2e1e-4334-8982-93f14a35af57,-1,0,-2.2521770968170287,0.43491353956067913
328f0669-0c1b-47f8-b5ff-50dac79050ff,2024,2024-01-17,887d2364-968e-43c5-83af-c227595022bd,30a1a9be-60b7-4afa-9dcf-92694c2703d1,-8,0,-11.288887668283117,0.10038924276874432
390e06ce-240d-4229-9c5e-a11b203d41c2,2024,2024-01-17,17a3b4e9-cfab-43a8-b7ad-73508d4d890f,3457262b-c7da-4834-a20d-ad6be302a671,-3,0,-7.022749473896699,0.2865918855127268
3c0427a5-81ac-40d8-a8ec-05700a0e33bf,2024,2024-01-17,312a943b-3a6a-4f8e-96a3-02cf6ff38b41,8044cdf8-5fd0-47d9-8a07-8a29b2ca7b9a,2,1,1.5392998761801946,0.5564498536793171
46fc54fe-711e-4cc1-8dfc-fe18404fd58c,2024,2024-01-17,33176e8c-5f9d-4bcb-8c56-9a0a5f7d7f1c,4aa110b4-c8f4-438d-b44c-2d6a5c74ab8e,6,1,7.388753139507461,0.7802826081734986
47ddba47-9c81-410d-9528-5057470cb0c0,2024,2024-01-17,5368fba0-1d0f-4310-9dea-c25c58762dd1,f916ec1a-cf31-4b3a-9d55-a8bdefbea199,-10,0,-2.2954974977211857,0.4228090956382668
4a7e4f34-c3a6-4c5c-9424-5ce35c9d4047,2024,2024-01-17,adf7b22e-19a9-437e-ade2-833bb31da77c,791eb121-5f34-499b-a1ff-469bc9007fe7,-14,0,-2.291792827888314,0.4289219286768329
4d9d6785-802c-48ba-99fb-5dfcf03a3f32,2024,2024-01-17,8af88029-6520-4f85-a99b-0f10d820a167,5cae196d-fd0c-4944-8120-41d5abecb290,-1,0,-4.75094125580426,0.3091579977218233
5a469684-8cbb-46e5-9d6e-3bfbf80c5f27,2024,2024-01-17,7f15159e-f7a6-4016-869b-962879f5c296,e308f5e0-c422-490c-901a-575bb49f1c7e,-2,0,-2.661012613356029,0.39793765024091277
5b1b0c61-a362-4f75-87ff-df62de1f1502,2024,2024-01-17,7f63e419-1d15-4c08-84b6-dc393ca0146a,52739295-a20d-42ea-b09c-a1e17be40d02,-6,0,1.4363938716836124,0.6330345523339425
5e57545d-b3da-44b0-b1ba-f65351e12277,2024,2024-01-17,e51fb2de-db51-4fbd-ab63-2a069c126779,b4c9b613-0bc6-4295-b293-3b56c2020f1b,-6,0,7.103250139935098,0.7555053041558086
60febf64-9b2a-469c-bde1-d01117c6afdb,2024,2024-01-17,5052a2f3-f41f-41e4-a681-c6277fec0404,fd495afa-fc22-4081-905c-24f40ff2656c,16,1,25.500296454651302,0.9904791116395708
6b0306da-ec69-4705-9ea3-8a446e8b3012,2024,2024-01-17,853125a0-ce88-45ba-9815-9387fac3d278,6068f6c0-7e92-4dc4-9da8-1bfbdb60cf2c,5,1,-5.1168451921968785,0.3376496351567031
7474c863-c8be-434a-80c2-5af28d23756f,2024,2024-01-17,7eefd1e5-aea4-463e-ae74-c628b0fe170e,67505072-f35a-493d-a160-8e6292da33f5,14,1,7.084416980910152,0.7481893121916213
74c538ad-557b-414d-9f99-2e03672839b3,2024,2024-01-17,4928acd4-6738-4045-be81-20132f6471c8,3e3e940b-dd81-42f3-88f8-4e988278be04,-18,0,-3.2706024424618345,0.3332483726960705
7a32b6dc-f606-4a97-b3fa-adcbb0ca5b2c,2024,2024-01-17,a9569511-9e5c-45d1-b958-3e29c52f612e,215ed27d-58e8-4e84-ab60-6d170d404304,3,1,7.800139853467514,0.7652598699854428
82ff0ffd-faaf-43a0-a8d3-0ab1ae996705,2024,2024-01-17,00a52b15-70b5-47b1-86c6-8e30652728c0,2fbd9d1e-084b-43d2-9c7b-10ce0782be7c,1,1,3.27176270203422,0.6458742775389894
8a6b1653-6343-45e9-9dfb-4441c8946abd,2024,2024-01-17,8925b65e-4ce2-4ec3-b501-c0075fe06b52,2bb9930f-6a64-4fb0-8ae7-2d18cc4ceb5c,-6,0,22.073127335755604,0.9903771208199268
8eb2b847-74e6-44e9-818e-aa5ed351d636,2024,2024-01-17,4d3124e9-6470-49c6-8f2f-806813c60883,00aed6ff-2151-4d45-8b3c-776ebb0a51da,2,1,-1.8283012928115865,0.3809964210901582
a760d878-ce6a-4e2e-9f36-22aefd5acce0,2024,2024-01-17,76748a8f-7de8-46dc-b80c-a1a7fbcb84ea,58617cc8-94d5-4f69-a677-9ab4cdc52a33,2,1,-0.8687453642105198,0.5610384761989312
a8d531e3-91ac-4928-b08e-ea32118b18e4,2024,2024-01-17,4a01023d-3637-4ac5-bf1f-37c08b2438a5,3a30d561-24be-4bfa-8d8d-75e645c4ad5f,14,1,10.50162211396191,0.8165812692475523
acd9b3f1-570b-4eea-9b36-e785a884c578,2024,2024-01-17,b255fc28-3428-4006-adf1-9c1001ecb1a3,384d8319-2770-4b9a-bb32-bd4da034d104,9,1,3.213080317092674,0.5991170388202653
ae4884c4-150a-4778-908d-4a619d0fccf6,2024,2024-01-17,2851d469-fe75-448e-9d6b-4bde7ec96e06,ea78667c-bf16-4084-80cc-2ab61a0e05d5,-9,0,2.768644964484324,0.6262242229015899
b1070cec-5d3f-401b-8114-9f98a7f36dcd,2024,2024-01-17,f92587ee-8d25-4b09-9a60-6203f75c974f,155c1dd9-ba93-42ee-a28c-238768724494,13,1,2.689191262337222,0.5535743024687045
b31dc99b-5197-4d34-a5b4-f681739455c8,2024,2024-01-17,a4e0b7c0-e98b-4e65-9408-e26a9aedac8d,638757a6-508b-49af-b5d8-661c0059c04c,3,1,-3.2726924028473436,0.4195629731643698
bab86fc5-2371-46a6-ae34-f51091d8e247,2024,2024-01-17,bc3f184c-a2c4-4518-89d1-f58ee454b86e,dcf85f3b-a79b-4a61-9cd9-d6a90541bf3f,-40,0,-12.074098564072452,0.08990835983553294
cb02bdae-a64c-4e3e-baf9-9e6d4eada5bc,2024,2024-01-17,a66213c2-5ad6-4d77-a7ec-85700a223ed1,f18598d0-e0e1-4f15-95f2-e11df8bc3126,12,1,8.321006742912376,0.818589236433187
ce94feb3-99e2-4d76-bb97-3c173a1b52da,2024,2024-01-17,85effc0b-7382-452e-904d-22a52433ccb5,c3681649-6e1d-4bf8-9b47-1d2868dca3e9,3,1,8.708290478710524,0.8315188301002955
cf8816b6-da1e-4acc-8558-562a7c7f02e4,2024,2024-01-17,ef75db17-4afb-4e3b-a928-30e871ec130c,abad6a22-9569-47ad-9945-a6ad9345c30f,-21,0,-10.59209055746585,0.1835823250339805
d0cef1f3-19c0-475b-b915-1f7cdd25bfca,2024,2024-01-17,da828fff-cee9-4151-bc4d-983ee436f573,1d3cac70-c7f5-47ea-bb26-00ba78e1acbd,-11,0,-1.3219742171620275,0.3910677989202437
dd2e844e-335f-42ec-a676-873d4fbe8283,2024,2024-01-17,9b6f0f32-d8f1-4921-aad2-a16c420f3183,ede9d6c2-b888-41b7-8674-8638c41d2034,-38,0,-15.993471156186613,0.057825930781727965
e1e4c4d9-812c-474c-af11-bf2a0cffd155,2024,2024-01-17,4e9aa968-9ad5-4833-b9a5-7d89b35976d4,57144631-7473-4b46-a437-8e2d8c760f87,35,1,10.673197763409961,0.8800123096946456
e249227a-9365-4c54-9832-58577bb17013,2024,2024-01-17,58113924-4aef-47a7-a675-cddc9e355cd5,5fcb12dd-e3b1-4e57-ac30-33da456cd5db,14,1,11.532703309404125,0.9096673961031154
e749df55-a1b7-4389-bdba-9b905fba0eb4,2024,2024-01-17,9d7f5648-4f47-4192-9d8d-78454c962bed,e72d1807-6463-450b-b561-c3727b286584,23,1,10.718046974903293,0.8715918832335686
ef511df7-dd49-4e31-8e00-e4740390b257,2024,2024-01-17,2aed7aac-f38b-4fae-84ae-9e9c9ac71a3f,e30e79ea-8947-4c58-9842-25781182ec2e,-16,0,2.7882269849072854,0.6345162056977027
efef932e-b3e3-4f9e-9590-1f1b328a7bdb,2024,2024-01-17,e06623a6-8f03-43b1-83f4-b653f6819ea2,dac01aea-9f35-463a-9dce-75d4575160dd,-15,0,-16.20047468611802,0.05221687829957954
f2091496-200a-4ea2-b901-87b05bfecd0b,2024,2024-01-17,79bf464f-0d3a-4992-b310-86d2abbc2244,16aca559-5828-43a9-ada9-f35f973f4863,3,1,6.484274550825416,0.7449712173069469
fe363c05-7b89-44f9-80a2-2a0b73208796,2024,2024-01-17,09fca7ef-baed-4af0-a553-465ae1160049,754d9f26-9ca3-4bb8-8aa3-065bcf9ec6df,15,1,16.38057744255222,0.952252978793348
004a4ce6-244a-4e28-8c81-384e9debf8a0,2024,2024-01-18,b2d5fddd-b407-4fe6-9d70-e921ab7b7e1a,2408f22b-e753-4c5a-9353-be75a4fb2164,9,1,11.07890711474007,0.8926705464341919
042670ef-4f95-4d07-932a-bf269f7c35ca,2024,2024-01-18,9341db15-6a24-4506-804b-e37983918ab9,1acd2c41-6945-469b-b33f-3c7b30f8359b,18,1,-1.0413050478291102,0.4489711589773343
085f6985-30d6-47cb-94da-2887f60b7e3e,2024,2024-01-18,d0ec4581-205d-4391-a765-06ee8de241d9,2f2d6799-40af-4256-9dd9-412be50aa14f,5,1,5.175267908270423,0.6966802799595968
0d07ff90-eeb6-4fe8-b45a-f585009bcafd,2024,2024-01-18,3280e439-7a98-4ebd-95dc-1a1281ccab00,d8cd723a-1d76-4abe-be2e-516e52724947,-4,0,7.039025417542153,0.7738308409588271
0f6e4831-2d7e-4ca4-b333-d7bcde0bdeea,2024,2024-01-18,1394e3ce-706d-4097-9aaf-cad5d38aa5a0,9cde2e64-799a-42f1-84dc-71779b1219f5,-15,0,-5.869752069592662,0.2292666089927281
12c7142f-a35d-4e70-aa71-504f3f867655,2024,2024-01-18,e1ef03af-e420-475d-8a35-c6e5380e9f6d,f2e0429e-8513-40eb-b536-1aca6697aee5,19,1,18.832089014142987,0.9861972681261106
133063cb-feb7-4eae-8e59-129b0b537028,2024,2024-01-18,fc7ccbd1-42ce-4200-b33b-0f8f3de48473,730db31e-4fab-472d-bf25-7b882deff0b7,18,1,9.939647644079049,0.8572503558018616
1b4da987-02f7-4ac0-b73f-c1648e57fd48,2024,2024-01-18,54e8cb38-83f4-4866-b3d1-d0e1dfc530c6,2ba07bf8-0306-417b-b7fe-b2d29b7d0eb1,-28,0,-0.8010927358051928,0.4529789181131732
1e3428fb-2d29-4261-b37d-10ae903143e6,2024,2024-01-18,2493388c-6fee-41f1-90b0-e82a447a607a,c0dfc734-0d40-4cba-86b5-fb2ad5c73da1,10,1,6.078072110143886,0.6636102668322847
2c0fc080-d0ee-417f-990d-7fe85a0ce341,2024,2024-01-18,05aedf2a-3424-4acc-9537-4d52dccd6e02,8c121ba7-b028-4d29-8ac0-bfc3c1ff7b57,-19,0,-17.138272346381367,0.05581651475016149
3766eaf0-6859-4cbf-bde2-9cd73733dc5f,2024,2024-01-18,a4f24556-d2b0-4bc3-bd21-758340750c58,b1b6c3d6-c825-484c-a8fd-a4e0816d19fa,11,1,9.234600778399795,0.8318858664403428
3a1642f7-4bdf-408e-b154-3c6f82c25c65,2024,2024-01-18,dbfecb75-86bd-4650-9fc0-4d85eaeabbbf,873b654a-5825-415c-8a11-5e5b15bd2ac8,4,1,8.547027043159563,0.8290288240603784
3bd37411-77f1-4250-ae80-274b0e02563a,2024,2024-01-18,238b3f68-0b29-4056-97f6-6c10a093cd62,da6b8f1b-a85b-4303-8500-c640c0d3132f,9,1,6.577524385913643,0.7025263659276143
47446657-446f-45e1-8909-d414789fa022,2024,2024-01-18,717f3cf5-bc65-4a66-8f05-191decfbf380,e0cc707c-bdef-43a1-a3f0-c1ddfefdadd3,9,1,9.25236189033697,0.8873191012761169
4e5ea4a2-734a-4997-813f-30ac275ddd2d,2024,2024-01-18,2ca82167-d915-492e-98e0-4ee592960583,65cbd49d-db3a-4043-8bb7-7bfcf57c017c,3,1,7.417368977551985,0.8027143747116686
4f1f5ee1-27ed-42ae-8f79-5bb950c62c1c,2024,2024-01-18,ea8c66b5-8fe3-41dd-a56a-b85bfdc613c3,4e6747c9-6a64-4fc5-b96c-e38ea635f22c,8,1,8.733864413268165,0.8040715864227139
4f75d801-3348-4559-9e02-e7d88970c3d3,2024,2024-01-18,409dd213-f612-4ab7-a0ae-8060dd9a6ef4,a7951831-d013-4591-8037-4212b4a85c3d,16,1,12.905615015801812,0.8846900647332934
54bf9144-c608-4b26-b511-38394b9dab59,2024,2024-01-18,65c68c5f-fc3b-4781-a912-2a4b17be699e,071229c8-25a8-4fd7-87a3-c30d0a95671a,2,1,-5.424423486710479,0.2949150173456044
5d048d8c-1580-461b-8401-a5696d50df9f,2024,2024-01-18,38cf12f8-b27f-4c69-8f14-254930816a8b,8a753611-1c3e-422d-8c6c-5721763b5574,7,1,-8.943577790581182,0.1960762031293959
649d08c8-02cc-475e-adcf-51f6e0e9d27b,2024,2024-01-18,df1d6c5c-77eb-4d21-b5dc-6cd579f74d2b,686413d2-e94d-497d-a87d-ab911ac38ec7,-7,0,6.587165424727187,0.7582397968748231
68446fff-06e4-4e9f-9d70-83189304016a,2024,2024-01-18,d7bc8ff0-3522-40a8-8309-346e8b4cf9be,268a2907-58d0-4693-98bb-a6cecdae1c63,3,1,2.7943609948921746,0.668030545158634
68cdbf36-fec4-4fa5-b552-43c4614d0535,2024,2024-01-18,6cc29af2-0d45-4399-b571-caa43e20e554,7da2e7c8-cee3-4ff4-be74-58d324c5ff71,1,1,-11.732006415597594,0.12070951362497015
6ce8cd37-8c4e-4603-83c7-341ebb7e7076,2024,2024-01-18,7ca95dca-8ca9-42a6-b9a5-307d339df9b7,10a27e98-10ab-4397-bb74-d3a92cc590dc,5,1,-4.537416304040658,0.36523003998893483
6f0b6b06-f3c4-49ad-a3f0-77b51b5a2818,2024,2024-01-18,125fc4dc-8f42-45a8-b23a-3e50f4620499,c05bd27b-1eb5-4bfc-b1ec-29735fe183f2,16,1,11.22488460718064,0.9211189365904757
70f5a92a-03f6-4a6a-85a3-cefd090eeb0a,2024,2024-01-18,f9a8f2d4-c836-4b2d-a4f9-47f73b8c033a,6b296d7f-de88-4a16-8a22-b28077a669c4,8,1,1.0442465087049715,0.5180426472235529
7209d73e-25b3-40a5-9f69-b5f82fa7d52e,2024,2024-01-18,04119628-781b-40f9-ac7b-3c8fe82375cf,113341aa-9630-4951-b161-71419ed62dbc,2,1,-2.175796735364835,0.41793620268109166
79bace8d-5723-412d-aa0c-3d61625a66a8,2024,2024-01-18,375514f8-f93e-4eec-ae0b-6615ec954e45,2198dbfc-96fd-40be-99e1-e697e4c3d996,3,1,-5.007906347886341,0.33078562309673015
79c387e3-5bbd-4773-9278-2a9a51981ba6,2024,2024-01-18,c79306a4-5139-4f8b-8b55-21b42e22858f,7fdeff97-4db9-4c33-9fc6-9f03bd977d30,10,1,7.852913397417144,0.7683294076018116
7eff799d-3d4e-4b36-a339-6d54280fbfd8,2024,2024-01-18,a2069f0f-fd2c-4971-b3da-6ba010532fcf,44e2611c-d02d-4019-b2f5-da0e4ad35df1,-5,0,1.6576607879609737,0.5409282731511341
7f9f3646-2a20-4637-b7af-c56aec122f15,2024,2024-01-18,8cd2a215-aea9-48bb-babb-e5d8cf0cb9fd,ba033ab0-c07a-4b71-b7f4-243ae194d23b,-2,0,-6.11145332901404,0.27590660158801833
8947531a-af9b-4351-9f63-bbd0df5fe6bf,2024,2024-01-18,e3158bc2-1467-4311-8540-c4f77e10aab2,89dd92f7-46c8-41a3-be81-ecb12f1cd4c7,-21,0,-0.08965152543895556,0.4990688274083687
899531cf-9623-48f9-867b-9c3f263a6e46,2024,2024-01-18,993f004a-13e0-4079-8706-332aafab29c2,b1cbdf0c-474e-4b52-ae02-f856ceda214b,-19,0,-8.893586743186164,0.17308410512819908
914b8f5d-47dd-419b-92f1-1866100d1031,2024,2024-01-18,7af1094c-c99d-43dd-b41a-1b72a81abfb3,2acb9682-4dbf-4e25-82b3-0124cb5c07cc,-8,0,2.672443735392625,0.5209997110508974
97b497a5-b58f-41ea-908f-76c1a85aa2e8,2024,2024-01-18,d0cd742d-b4e6-4f30-88f0-872c2ac1e51f,e1ee7493-ca48-4d8c-aefe-83427a4e66af,-2,0,5.027625779140993,0.6506561643078022
99955852-3d81-4c14-acb6-9429a8123637,2024,2024-01-18,b20b957b-b406-4f6d-8f7a-2f88e3b49bd5,e5bf7042-0036-4e9d-81f3-3126a9675ce0,3,1,8.170596418580715,0.798528666548496
aee957aa-8d57-45e7-a101-86d1661b1f23,2024,2024-01-18,2607ab7d-2f54-4540-9b2e-d27703407118,cb1440b2-adac-4775-96c8-c4f00641d353,2,1,6.298969470130822,0.7402050003989592
b5e6d9dd-f432-4c6c-8596-0cd66c474c67,2024,2024-01-18,4e9067f6-7760-4a2a-ba37-273c77915540,69e6a4c4-bb68-4c30-86d8-3cf7d51c7db7,-1,0,1.8315607653089487,0.5533451914321704
b7b8e327-bc3a-44b0-be01-728ded76124e,2024,2024-01-18,439b6cee-3be6-4471-bddf-f7cb8c69cc85,2f522e9f-f586-4f8b-816f-a83d9e6231fa,10,1,12.271525218111035,0.895172178397401
b9aabf58-a81e-4654-87b1-02cc91f12aba,2024,2024-01-18,6474358a-819c-42e6-92d7-0fd3ce20d239,3a4357d0-0685-439d-863f-f854c35e4c42,9,1,16.276393226742957,0.9494301316518703
beeb26b5-6387-46a9-a9b8-07fb137f1cd3,2024,2024-01-18,88fe7301-2d1a-43f9-ba01-e8f7795634b5,8e26bcb3-616b-4c7c-a709-bf30d2ddce41,-8,0,-8.883775176623194,0.2110688404007957
ce09eb67-5452-4e10-b56b-84a40a2d2bf1,2024,2024-01-18,f93c4c92-e869-45e6-8970-2a02d80141c9,f48b0b87-86fe-4b7b-8bf3-9d541f495284,25,1,1.9033158383308428,0.5650282385692365
d637c90c-33b3-4f9e-9695-90be1758ecfe,2024,2024-01-18,b1937cc6-0f34-4060-82ec-b2bfe4c05aad,bb505898-cdd5-4c4e-9ea1-301ff6a4b981,-20,0,-7.879018132273007,0.2045377591883328
d7eb8c03-5bce-41a8-8942-228f8206c627,2024,2024-01-18,a7f405f8-389a-4a00-bb71-6d07d48f4fe8,5f480384-0cfc-4e90-837d-db9cc8d292dd,24,1,2.8076299968945104,0.6185494432245433
ded204e8-6187-444e-a83e-232da96f9e3f,2024,2024-01-18,639774dc-a89b-435f-80d2-4c65549fd3c9,dedb6ed5-06d8-4ba6-a1cc-e3134a2c7937,14,1,6.6471088639899305,0.7892454571006245
defdcd87-d954-4f66-80ea-450860002d0c,2024,2024-01-18,db374003-37d9-4d61-a3f3-7abec141d33d,7747d9fc-9e15-4b0f-911e-ba64828748ed,-25,0,-18.767611299100814,0.030294418742435915
e5e90ef0-a145-4efd-b593-0c3cd8b76d91,2024,2024-01-18,99b16ea6-899f-484c-8a9d-b2b5bb872d9d,39decbb3-b24d-444c-970a-39aa53a01ef6,32,1,11.832370539398921,0.8600959171592942
ecfe0edf-4f12-4cb2-9ce8-114cef4db002,2024,2024-01-18,629710d8-479a-4efa-b5f3-d77767ddce70,c58166c3-f02a-4e33-9fd0-9fa7b0711d94,5,1,3.959588180735433,0.614849021990939
ed0fa69d-8167-425c-b82a-442dbcf382c0,2024,2024-01-18,e5fae797-082f-4354-8c20-2c1c22c6ac8f,48a6c30c-21c1-4d12-ac7f-590a1fdb0238,-2,0,-1.7506508320656446,0.44204988097162473
fc51897d-ec71-4db7-ae37-bead276ec60c,2024,2024-01-18,0b9bc135-badd-4fc9-b7bc-bebccb08cbf1,45e40bdf-5c84-42ca-84d2-a823db0b6609,27,1,13.47143262568517,0.9369572297167449
1065f7b4-b401-45bb-90a1-46971034287b,2024,2024-01-19,c71ebd72-5c90-41d5-b1fc-544e4695d9d0,19b40071-00ca-4d8a-8188-a03d635e9811,24,1,12.619954316000609,0.9313519613645738
1a47699b-45e3-4098-a4f4-c7c816bffd60,2024,2024-01-19,f5583f43-2ae1-4834-b364-107222763dde,910d4e59-d8d0-4fdc-8a9d-02616c97414d,-2,0,1.6467422665083555,0.6497853858592669
1d50e4eb-6403-490e-910f-8891cae0b28a,2024,2024-01-19,f6d188d9-c992-4de8-801d-4995b25abaae,9b465025-fe2a-4233-b24e-310dbccdf4ed,-4,0,7.853590269940303,0.8201984158273513
2aaaedf8-a1da-4f98-adcb-0b9af780c60d,2024,2024-01-19,91d935fa-7d8c-41e7-a184-72c0f770d10c,82ee0a8d-e51c-4a87-bd7b-72707ec8b342,17,1,2.930713525113541,0.5746529306192298
4e459114-fbab-47c0-a8ca-7c6ac17c9d2c,2024,2024-01-19,350fe1ba-284f-4709-8cdd-3f745fcff0f8,d2ae40ba-651b-4006-8b22-61c6b9ce0e33,1,1,12.18507844361344,0.9100648180864553
52591471-0ded-42e8-adfc-fd5d94bf9ccf,2024,2024-01-19,14393a14-3128-4184-bf05-72f6bf2a357b,3bdd846d-463f-4ddf-8719-13ed1e3f2634,-6,0,7.221965102615511,0.773393951796011
75e7c901-81fb-4104-a07d-67d0148bf0b6,2024,2024-01-19,cc07b31b-464b-4cb9-89d2-ac26ffe3e5f4,4c4cb93b-7b16-46b7-9d21-5ff908de25a6,3,1,3.9875850996111675,0.6374945546712714
7c92dad3-908d-46a7-a840-fa0dc8e876ad,2024,2024-01-19,0c8ee784-d7e9-4ac4-b0c7-3ca89567c515,00b63e00-850e-4b09-b660-a5e698f46b61,9,1,4.453088099823445,0.6812087874404417
862c7eeb-4041-437d-89cf-5e85acfe5270,2024,2024-01-19,324e37b8-f52e-449b-909c-366c81488fea,49f72498-1bbd-48b1-87b9-cc90196e205a,-6,0,5.1269936118033375,0.6550322935827315
a1d5bc19-b74b-44fc-bc7f-0c70c9ac810d,2024,2024-01-19,fd42047c-b7c6-4dbe-93e7-69cfd125995c,58bacfff-257f-4f54-bb05-241bd6353626,-12,0,-10.971669413525932,0.088353361296236
aeb01c14-93ba-480d-a39a-890c9130b5bc,2024,2024-01-19,48fce6fa-2dd6-4fad-b5ca-cf5cccdc3fa1,cf2f7a41-56d5-4c2a-b4f4-fb9d1c933b22,6,1,1.4342545802582634,0.5908457280935745
b31b8c7c-b024-4fa1-b8c2-e1ade7b0a585,2024,2024-01-19,cd9eea44-8a6c-4bd4-ad4d-74e461fdefd3,b7f069ed-b9be-4147-b87e-fe1bef8386b4,12,1,16.722909477393852,0.9727874471664459
be352924-14bb-4c7c-91eb-a931a37c23d7,2024,2024-01-19,a64af70e-61a8-4777-8e8d-9a7815f78f3e,5320f527-fbbd-4bb0-80d3-0de759475d59,12,1,7.37737195048299,0.7249366132213151
fb16eabc-47cc-41b3-b7fa-dbcb1f56ee0d,2024,2024-01-19,6c5c20e6-a076-4fbd-b77d-61a1c7a3c5a4,228bf81e-d4c4-4b81-9b51-74ff2fd3f7c3,3,1,-1.6378810394577152,0.446276752400308
0313f0df-1855-487e-92a9-3f5cf21bfed9,2024,2024-01-20,8b8c3790-682d-4010-b304-45ce213ad62f,b1cbdf0c-474e-4b52-ae02-f856ceda214b,5,1,-7.433566578282911,0.16668903443031496
0b911f27-e203-4423-a653-0eec07cb4eea,2024,2024-01-20,df2a7293-fc74-4f81-a93d-98c8989ea725,0d6ccccd-6ee7-4ed7-a231-381c6b268e2b,-10,0,-2.4777939351526737,0.36621907666168063
0be71458-5144-45b4-8a66-2b967ed23f80,2024,2024-01-20,89a85f65-8bbf-43db-b23d-362af1afc44d,546e1911-9caa-499e-92f4-afa9c6b1e8c2,-16,0,4.579027614284411,0.6297203708311186
0efc5ca4-53b1-4883-91d2-50cea19756f5,2024,2024-01-20,7af1094c-c99d-43dd-b41a-1b72a81abfb3,7fdeff97-4db9-4c33-9fc6-9f03bd977d30,5,1,3.503121860778111,0.6449680242481913
117cd251-35dd-47ae-a47d-72f47d54c595,2024,2024-01-20,a7f405f8-389a-4a00-bb71-6d07d48f4fe8,5091ac5b-fcb1-423a-9cf2-0981de634633,12,1,13.195998320314763,0.8797075001679274
15ffc012-2a09-4e48-832e-4a6ec5de14dc,2024,2024-01-20,20abe49d-2029-4327-96f6-389664f5da7f,371811fe-0533-4539-97b1-b56f642d0fd9,1,1,-14.243311615107615,0.06743927296666828
1691bbff-a7d0-4a5d-8b16-5eac0fee6fc0,2024,2024-01-20,4b962e36-92f2-493d-a9d8-e62b725d5b76,3280e439-7a98-4ebd-95dc-1a1281ccab00,9,1,0.7022154995111058,0.4695915713731122
16c4a831-4832-4d42-9f3b-0df8e05edb19,2024,2024-01-20,e1ef03af-e420-475d-8a35-c6e5380e9f6d,f48b0b87-86fe-4b7b-8bf3-9d541f495284,15,1,15.223420437706707,0.9315237690929562
17e9222f-915a-4d08-b30e-bec7928f8c48,2024,2024-01-20,2ca82167-d915-492e-98e0-4ee592960583,3763fb9f-1ebe-4dbd-bfc9-6638b14a2a51,16,1,2.121961821407045,0.6435545099492682
18f59aef-259b-462a-8f22-f39fbba04833,2024,2024-01-20,824aff8d-6409-4191-9ffa-e2daa335b7e1,ad9b8341-2ebd-49c4-8bf9-bf5d4811bc0c,17,1,-1.156896585010644,0.4608766933036423
1a55f1a6-38a3-4ea0-8d2e-38038ac82b52,2024,2024-01-20,dcf85f3b-a79b-4a61-9cd9-d6a90541bf3f,22ae415e-1335-4b89-a126-bbc7a1d7901e,3,1,1.5171366123367975,0.5085584485052155
1a73f8c9-d750-4ad5-b9fd-560f44be3d62,2024,2024-01-20,7f15159e-f7a6-4016-869b-962879f5c296,754d9f26-9ca3-4bb8-8aa3-065bcf9ec6df,15,1,-0.699527404357505,0.4987749226932628
1f211e23-be27-4ffe-b7d1-046ae95111e9,2024,2024-01-20,30a1a9be-60b7-4afa-9dcf-92694c2703d1,2aed7aac-f38b-4fae-84ae-9e9c9ac71a3f,16,1,8.53894134680943,0.8540123268950267
2052ca25-b69c-48bc-b35d-3c12abb1a71c,2024,2024-01-20,9a06c3a5-a344-48e1-942e-a22438b842ec,8ce6b3fb-8bb0-49b5-acaa-caed76d542d7,23,1,6.785299965755728,0.8123859263565265
20c9b02b-cb67-46f5-98bd-ed07ea8652c2,2024,2024-01-20,28e39e04-5ba3-41eb-808c-3ab653c2ef06,7293bb2a-8d08-4752-b00d-104a80da0371,-3,0,-6.314488464040579,0.30668351843185754
231aa71e-14f4-4c28-9e33-0065cedb2eef,2024,2024-01-20,873b654a-5825-415c-8a11-5e5b15bd2ac8,3a4357d0-0685-439d-863f-f854c35e4c42,8,1,10.36517609605185,0.8620319705591037
2497199f-8655-48d8-970e-de2878d76bb8,2024,2024-01-20,4c073afb-cc2c-4ed2-bd8f-2f545ae1bea5,9c1431a3-21c9-46c9-8335-1b85a6022223,4,1,4.668672302043233,0.731333393111484
26fcfc0b-49f3-4a90-8a79-ec27de6d434e,2024,2024-01-20,38cf12f8-b27f-4c69-8f14-254930816a8b,0b751b74-e572-43a0-b324-54eeefac4d5f,7,1,-2.7405253874907145,0.3726136744750034
27049242-5feb-424a-bbad-873df173f035,2024,2024-01-20,b1937cc6-0f34-4060-82ec-b2bfe4c05aad,89dd92f7-46c8-41a3-be81-ecb12f1cd4c7,-20,0,-5.138215369974341,0.2925268276663314
294a78af-dbf2-4617-a007-5e04203b17f1,2024,2024-01-20,5ace87dd-23fb-4317-bc7f-8d80556ae6b4,51a31921-d3f2-4514-821c-23df38e74559,-9,0,-2.9738577095458236,0.4496686412092189
294a9d1e-2d5d-4627-8ce9-14c9fc41c821,2024,2024-01-20,10a27e98-10ab-4397-bb74-d3a92cc590dc,f162ea30-6b86-48f3-bdc5-48c97448256c,7,1,2.1118784543930156,0.5444442845095468
29755ebf-d727-422c-a9ea-bcef79cd1120,2024,2024-01-20,73a80df0-15db-447f-b97c-418cc82a508d,99b16ea6-899f-484c-8a9d-b2b5bb872d9d,-1,0,4.007898365050592,0.6709995877462461
2bd39faf-219a-4d33-a61c-aca08228397d,2024,2024-01-20,5fcb12dd-e3b1-4e57-ac30-33da456cd5db,1b0dd005-3190-4ca9-b74d-111343f2fce0,6,1,-10.93537724661302,0.16263299593165106
2e68435b-d7b0-4b43-aa35-ce61d6c636f0,2024,2024-01-20,8044cdf8-5fd0-47d9-8a07-8a29b2ca7b9a,d74a1fb4-3afe-43b0-9bd1-7e0552ba73ed,2,1,1.2343563053876307,0.5510239224063851
2edc5505-9344-4a4a-bcfd-64f75cc528d5,2024,2024-01-20,d7b7310f-6983-4a09-bb56-fda96e9f761d,db9d85a6-59a4-47ff-a287-b40442bf460b,33,1,10.61526514143039,0.8563672987741177
2f00993a-50a1-490c-b325-a56540bf389c,2024,2024-01-20,2ed44d95-e306-4823-a4c3-196ffb777766,ef75db17-4afb-4e3b-a928-30e871ec130c,-9,0,4.089175100644852,0.7175398758773067
30993785-51d8-4a52-a4cd-ca387f4cec6a,2024,2024-01-20,8c121ba7-b028-4d29-8ac0-bfc3c1ff7b57,31108a77-31cf-4228-9c6c-3a9665e9e17a,15,1,13.753206789800544,0.8565795595378338
337471ee-43e5-4900-a075-b25dfa3899ec,2024,2024-01-20,bc3f184c-a2c4-4518-89d1-f58ee454b86e,4aa110b4-c8f4-438d-b44c-2d6a5c74ab8e,7,1,-6.762732607675061,0.2502324131036214
3df04e6c-db32-4c64-a48e-5d55ee55101d,2024,2024-01-20,e8e72618-33f8-4013-8305-43775a278752,58113924-4aef-47a7-a675-cddc9e355cd5,-4,0,4.75158352712413,0.6916848489258162
3dfbd0cf-4dd0-4b9d-a0b5-9139f0ca3f8f,2024,2024-01-20,9341db15-6a24-4506-804b-e37983918ab9,686413d2-e94d-497d-a87d-ab911ac38ec7,22,1,4.816441922587308,0.6912551082621471
3f137604-ba12-4b7e-9949-0c154352ed3f,2024,2024-01-20,2b1a3f03-7d93-471b-be12-d487164eae0f,4a01023d-3637-4ac5-bf1f-37c08b2438a5,-1,0,-9.256528677539455,0.20212075051357992
3fff4f57-0c42-4e76-a23b-c53123e72b9d,2024,2024-01-20,65cf0d8a-0a5f-4572-8516-53809f66ba44,5052a2f3-f41f-41e4-a681-c6277fec0404,-10,0,-8.833697404223473,0.18294077992778202
408d3d3b-3578-445a-9ec9-ffad6d11a9d0,2024,2024-01-20,550c3333-8e82-49d4-b9c6-ae13db14a84f,6d3e1830-dbbe-4e70-b7e9-1eb765f0acf8,-12,0,-6.0601310920936315,0.25076211026991296
43e2f135-8a93-43c6-9fb8-3fb7741d7ca8,2024,2024-01-20,2e49ce6d-63ef-45d9-9048-67fcdb01a46f,bfd4c500-09b6-46ba-81ae-48b13f8345ff,20,1,7.400689565848475,0.8151791192860492
4ba1b045-188d-46b8-98a5-bc2a26e6bea8,2024,2024-01-20,ea78667c-bf16-4084-80cc-2ab61a0e05d5,25912c1a-f2be-4c07-857a-5eef6aadebda,-11,0,-6.004587612004012,0.23616908754140056
4d0ec0b8-8c7c-4d48-9f1c-d63aa140aee3,2024,2024-01-20,01300ab2-c4a7-4740-a5ac-3541d598620e,33a4f970-bbcb-47ad-9bfa-ae6f0eaf792f,-11,0,4.542121781948632,0.6375357880432894
4d722f80-57c6-43bb-b041-8d82f959d807,2024,2024-01-20,7eefd1e5-aea4-463e-ae74-c628b0fe170e,8af88029-6520-4f85-a99b-0f10d820a167,8,1,7.171716709943096,0.7787570870035935
4e7345f0-c4a2-4591-89e9-add2981406f3,2024,2024-01-20,639774dc-a89b-435f-80d2-4c65549fd3c9,071229c8-25a8-4fd7-87a3-c30d0a95671a,6,1,-2.585757333741404,0.4228956698137179
4e8ad2e0-654b-4873-b70b-c6283156dfa6,2024,2024-01-20,db374003-37d9-4d61-a3f3-7abec141d33d,c05bd27b-1eb5-4bfc-b1ec-29735fe183f2,-7,0,3.4159528505964856,0.6442606540069775
52a59c2f-dbd2-4a5b-ac74-84bd90885b65,2024,2024-01-20,65c68c5f-fc3b-4781-a912-2a4b17be699e,dedb6ed5-06d8-4ba6-a1cc-e3134a2c7937,11,1,2.7820071440857057,0.6128624855740197
54cfd056-b6cd-41f8-9e71-c0ae6ce12212,2024,2024-01-20,2dc64ab1-cde8-49d4-a343-298600450708,5cae196d-fd0c-4944-8120-41d5abecb290,12,1,-1.8161277763770485,0.39014814880385684
56e45ad6-7229-4dfc-9a8a-86317c2324ca,2024,2024-01-20,696e6eb5-b8dd-4d44-8780-1e6c678615bd,8925b65e-4ce2-4ec3-b501-c0075fe06b52,7,1,0.1701983871748604,0.5869495349965334
599fd147-d5bb-402d-8997-2f8f6b991403,2024,2024-01-20,5f480384-0cfc-4e90-837d-db9cc8d292dd,54e8cb38-83f4-4866-b3d1-d0e1dfc530c6,19,1,6.954584681471034,0.7581046106248119
5a98b8d8-6ef7-4b96-bb2c-d14ec670d733,2024,2024-01-20,2fbd9d1e-084b-43d2-9c7b-10ce0782be7c,632ba9bb-afd9-4b5c-9c3b-4e60816c8e4f,14,1,9.85900733697772,0.8374358889286555
5ae905b6-58e2-432d-ad95-d9899c1de26b,2024,2024-01-20,63eb578d-eef3-448b-b0ab-b4892ef058e0,e30e79ea-8947-4c58-9842-25781182ec2e,3,1,0.016762411326297008,0.47994492344892736
5b9c9360-a8fe-48d6-8150-4e40e5d7da62,2024,2024-01-20,33176e8c-5f9d-4bcb-8c56-9a0a5f7d7f1c,76748a8f-7de8-46dc-b80c-a1a7fbcb84ea,23,1,6.555342659008114,0.7239535237352646
5c67f350-55b9-4642-a51d-3514b96f58c9,2024,2024-01-20,629710d8-479a-4efa-b5f3-d77767ddce70,8e26bcb3-616b-4c7c-a709-bf30d2ddce41,-6,0,5.722935767338593,0.6921717148890533
5ce3c0d4-4e5d-43e9-8b83-d57de8ca1e43,2024,2024-01-20,26d69f75-49a0-4d07-968b-2b549e059c24,493c2e9c-ef36-4b2a-8a7e-32c890e85a4d,10,1,6.3451290580019934,0.6553983505947494
5d053590-770f-4336-afc3-917104ad332b,2024,2024-01-20,312a943b-3a6a-4f8e-96a3-02cf6ff38b41,887d2364-968e-43c5-83af-c227595022bd,4,1,5.976928442599638,0.7545118062567605
5fc4c7a5-7eab-4fb5-b2ee-744fec921403,2024,2024-01-20,09fca7ef-baed-4af0-a553-465ae1160049,e308f5e0-c422-490c-901a-575bb49f1c7e,6,1,15.55805448628141,0.940801397095565
620129b2-3873-4aa4-b37a-0d8d314caff2,2024,2024-01-20,9611a021-de39-4ca5-8188-6387e4c99fbc,f1cb5c3c-2ff5-444d-8c0d-5c1244f07909,-9,0,4.904564584357746,0.6363210190586476
628a40ab-f7fb-408a-83c4-5d8c359b4142,2024,2024-01-20,7f63e419-1d15-4c08-84b6-dc393ca0146a,4d3124e9-6470-49c6-8f2f-806813c60883,3,1,5.416012173573063,0.7373899740845601
65a7b11d-fbcb-4387-93be-a235ca2df914,2024,2024-01-20,e9813fa7-c976-4ad4-a455-2f05235e93cf,8a753611-1c3e-422d-8c6c-5721763b5574,-12,0,-3.1038424652635306,0.36227414290481813
6815d11d-52ca-4eca-873b-144854a9a1bf,2024,2024-01-20,2bb9930f-6a64-4fb0-8ae7-2d18cc4ceb5c,79bf464f-0d3a-4992-b310-86d2abbc2244,-17,0,-8.229898065803896,0.20230055582200246
6cf501b0-b2da-4a41-a732-ce3f5a2af926,2024,2024-01-20,e12ab562-dd12-4b55-909f-669834d3d963,9be057a5-becb-47b1-b84f-041147698411,12,1,9.919095043382038,0.8391801781553963
6d9293b8-8620-4e0d-a2ca-b9e69a2c288f,2024,2024-01-20,6cc29af2-0d45-4399-b571-caa43e20e554,b20b957b-b406-4f6d-8f7a-2f88e3b49bd5,-18,0,-9.355370370765485,0.17054684635850006
6f676abb-e7c7-4512-855b-427abd9edd18,2024,2024-01-20,f73ebf9c-90d9-4d66-b403-056ea4ea6b30,89949731-8bb3-45c7-a6f6-798934261b61,-8,0,-7.608763909515188,0.16760841880671748
739be4df-347d-47cb-9a3d-5ed55a25a7db,2024,2024-01-20,b255fc28-3428-4006-adf1-9c1001ecb1a3,ad741e6f-e15e-4f4d-8350-9973fa99916e,-4,0,-5.519474754454657,0.2906325728153721
7aca6e5e-cbd3-417e-9747-5d3f1222b215,2024,2024-01-20,e51fb2de-db51-4fbd-ab63-2a069c126779,1ac84e49-be83-4e9a-b4a7-0fb0b7465b32,2,1,4.801084149281279,0.7105259048100181
7be77a38-ecfe-4caa-9d9f-3a3785380e95,2024,2024-01-20,1814170b-a11b-4328-99b6-082f1e76f5c5,63a49366-1e4a-4ecd-849d-4153e5e0a2e0,-4,0,0.496197556780392,0.5019088539562666
7f05883f-131a-4b77-8caf-a4038719ab6d,2024,2024-01-20,f916ec1a-cf31-4b3a-9d55-a8bdefbea199,a839c106-a16a-49d3-a86e-aa5e068b76cd,-5,0,3.6025313912583594,0.6306786606395978
80fce5bd-db44-49a8-b334-7884476f8ffc,2024,2024-01-20,95466c2d-a184-48f8-849c-d6957bd1df52,3a30d561-24be-4bfa-8d8d-75e645c4ad5f,-3,0,-2.5341568718843854,0.3723403947764397
850d0206-3184-4867-b8ba-5132dad09933,2024,2024-01-20,7048a12e-ec8b-4bf0-a475-1316775a4964,57144631-7473-4b46-a437-8e2d8c760f87,34,1,19.736287570674193,0.9853520771572586
864d673e-46b0-445f-9bfb-4816cae86b77,2024,2024-01-20,e3158bc2-1467-4311-8540-c4f77e10aab2,eddc4725-b4b2-4442-b2af-8853210d0e96,-9,0,1.061733599023408,0.5002866194857841
8b0af0f9-0a3b-4616-bd4c-b438c1b72817,2024,2024-01-20,125fc4dc-8f42-45a8-b23a-3e50f4620499,da6142ab-a5fa-48a0-b6ec-864a8119be75,-17,0,-5.1918959819121895,0.26760079419545046
8c880c02-ebfe-4e9a-bccb-cbc7e2b81c71,2024,2024-01-20,16aca559-5828-43a9-ada9-f35f973f4863,ed50f577-3ab9-4627-80f9-bc931ee42370,-41,0,-11.035904917287933,0.13253463326618248
935bec19-9781-4ccb-81d6-fbba833b0716,2024,2024-01-20,401408f8-2ce4-4ef1-97c2-5a68c979ec7e,ec7d9da7-9286-4c01-98ce-3a10ec231612,-25,0,-14.43283929637665,0.05199885497962275
96ab76ba-d172-4c03-b932-19026698bc0e,2024,2024-01-20,a4e0b7c0-e98b-4e65-9408-e26a9aedac8d,2198dbfc-96fd-40be-99e1-e697e4c3d996,1,1,-5.106192586548323,0.3142302568432693
96b173fb-595d-4f79-b745-f85159676bc6,2024,2024-01-20,e42183ad-b44a-4746-8c0b-148ad61bab43,1c1c3846-4bad-48b3-b8be-dba7d24af981,21,1,17.77224647906297,0.9575982659784372
9833c1fe-e200-479c-ab46-d2113c724987,2024,2024-01-20,d0ec4581-205d-4391-a765-06ee8de241d9,e1ee7493-ca48-4d8c-aefe-83427a4e66af,-12,0,-2.4512192048997266,0.4172129086241947
98a9df76-e4d5-4eb4-a121-fc68d3d0045e,2024,2024-01-20,dd1136c6-9974-4186-b206-7e24f2bf7dc3,115916ea-f145-4974-a257-5bb24f7c1ccc,-13,0,-2.8041659128810723,0.35817715314133514
9a9e774b-d584-4e9c-9d54-2b0d9b000bec,2024,2024-01-20,101749c8-ec05-4370-a95b-47f56c433623,cd369794-6765-4889-bd1c-89869447620b,-14,0,-11.098548859817983,0.1343050581006399
9c93063a-a033-47eb-bada-6725d696dec7,2024,2024-01-20,45959b35-f1e9-462f-aecf-565395a6fb6d,9ccf2901-b49f-4aa3-8a4a-d59d017dfabc,-19,0,-16.808551998351167,0.05065569539809401
9dd4430b-7fce-4f4e-b10b-6b7d7ec739db,2024,2024-01-20,e7f5f157-7a33-43ad-8282-59e1c4ad9b25,60ee2d19-003f-4603-a2ad-838b3e6d6cc0,-1,0,-0.5814693613563251,0.4731583864087147
9f196080-3726-4558-934d-25e5afec495c,2024,2024-01-20,dbfecb75-86bd-4650-9fc0-4d85eaeabbbf,d7bc8ff0-3522-40a8-8309-346e8b4cf9be,19,1,4.22166839981981,0.6683829167809766
a2424dba-f259-4feb-8432-a3a6e9940302,2024,2024-01-20,73db7905-652b-4320-aac7-243f2f2f70a2,bba8eb68-9989-447a-90b4-27c8d0d32bd1,-6,0,6.640784002074722,0.7462003945860513
a27a42be-6242-4a3c-b2b9-8dbcff097b11,2024,2024-01-20,29fcbb70-fa3c-4806-8768-15b5ec4a8449,a4f24556-d2b0-4bc3-bd21-758340750c58,2,1,-4.7528449499171455,0.32651711979947073
a435927d-01de-47b5-8ea5-761e5c37228d,2024,2024-01-20,abad6a22-9569-47ad-9945-a6ad9345c30f,85effc0b-7382-452e-904d-22a52433ccb5,49,1,20.099081642529633,0.9718995032131521
a48320fe-918f-4e9d-af6d-e748abe1a45d,2024,2024-01-20,8cd2a215-aea9-48bb-babb-e5d8cf0cb9fd,fc7ccbd1-42ce-4200-b33b-0f8f3de48473,-11,0,-11.934221224105704,0.061107901817095675
aa97465c-43ab-4b0a-bf64-3b7231bece95,2024,2024-01-20,424f7a7a-158f-4ad0-adb1-4b3ebe25b11e,9b6f0f32-d8f1-4921-aad2-a16c420f3183,14,1,19.560586856783353,0.9837283836537457
b39f4995-23ab-4eec-8fc7-3145c75dfc20,2024,2024-01-20,e72d1807-6463-450b-b561-c3727b286584,529e7dc4-6b55-487c-84b3-598dd9941301,7,1,-1.7406603244251464,0.5175090711953562
bbe611fc-48d2-49fb-8f2b-52e7ee113641,2024,2024-01-20,f92587ee-8d25-4b09-9a60-6203f75c974f,25f32a40-1a9b-47e3-ab20-74659cba9520,9,1,11.188637779994036,0.8781309177151846
bcae2cad-7b66-40b6-8d42-3ee42122b759,2024,2024-01-20,1d3cac70-c7f5-47ea-bb26-00ba78e1acbd,47b967e4-0689-4d1c-863b-9d82c6ffbfcd,4,1,4.786432613009656,0.6794505361731008
bd320a7b-6d06-43b5-b4b9-0c2677730dac,2024,2024-01-20,9f152b52-7847-49c3-83b6-8c68295d484a,a7e91e1e-3644-4f3c-bda9-edddb9602a27,-1,0,-2.006447691267829,0.4861440858778484
bf201db9-a43c-4055-967a-24acf2825783,2024,2024-01-20,88fe7301-2d1a-43f9-ba01-e8f7795634b5,c58166c3-f02a-4e33-9fd0-9fa7b0711d94,-6,0,-9.116402225567597,0.1871479532003524
c75cbb24-58d7-4358-8e55-a512a5e4befd,2024,2024-01-20,238b3f68-0b29-4056-97f6-6c10a093cd62,113341aa-9630-4951-b161-71419ed62dbc,16,1,1.1294344923862776,0.560912620657798
c863abfc-6bf6-4f3b-94c5-6e2a300da69a,2024,2024-01-20,df1d6c5c-77eb-4d21-b5dc-6cd579f74d2b,1acd2c41-6945-469b-b33f-3c7b30f8359b,14,1,2.72375528963673,0.6304890566451208
ca216c74-a14b-4113-826c-bbdc683ae012,2024,2024-01-20,4928acd4-6738-4045-be81-20132f6471c8,638757a6-508b-49af-b5d8-661c0059c04c,-7,0,-3.0164901828397315,0.3608795781062576
cbde7f9a-ad41-40f5-a30f-7dc9127c9c92,2024,2024-01-20,051d13dc-5152-426a-affd-0cf01ef80268,2493388c-6fee-41f1-90b0-e82a447a607a,7,1,6.576294090422958,0.7363920726989218
ccd06ca0-34d9-435d-a8f6-f08c81f69504,2024,2024-01-20,c840b153-1401-4ebc-9549-e027df3cc7e1,4e9aa968-9ad5-4833-b9a5-7d89b35976d4,9,1,7.220852057576378,0.7931643665097754
cd5d4071-051b-4618-9d38-b072913db8c5,2024,2024-01-20,dde8f534-10a1-430c-af83-43b026e7ab68,adf7b22e-19a9-437e-ade2-833bb31da77c,7,1,14.258871138164528,0.9221952490109823
ce549556-6ae7-4f64-b414-ad5057fb7204,2024,2024-01-20,8ae6c27f-063b-4e7b-bbfb-653f496560d6,e250c58f-f6a5-4da7-aff3-c6770b9a14da,-1,0,-8.754866656917416,0.2015258037216242
d1743217-8ce9-4563-9b11-1ae0fdd561b0,2024,2024-01-20,717f3cf5-bc65-4a66-8f05-191decfbf380,6eb0ebaa-8c99-466d-8fad-68b897f2a9e2,16,1,1.2303710761716746,0.5416639737096379
d2353f1c-5b84-45ee-a179-585350548074,2024,2024-01-20,ebf92b73-233d-4523-8429-ab00d5af1966,7747d9fc-9e15-4b0f-911e-ba64828748ed,-42,0,-19.447256957460947,0.038039822442491426
d470ac66-26c8-4f11-befb-3ffbc92d7a81,2024,2024-01-20,00aed6ff-2151-4d45-8b3c-776ebb0a51da,17a3b4e9-cfab-43a8-b7ad-73508d4d890f,10,1,7.131387757528936,0.7713853731988158
d7559ea8-b3e6-4dd1-90a8-e60d85040268,2024,2024-01-20,35d0a28f-e3d7-43ca-90cc-daaf0b7c278e,f245c41f-897e-4985-9153-43034bb26bfa,2,1,2.498502385176501,0.5033975641151299
d87492ca-b9fd-412e-81fb-d1324332b1ed,2024,2024-01-20,c79306a4-5139-4f8b-8b55-21b42e22858f,2acb9682-4dbf-4e25-82b3-0124cb5c07cc,14,1,4.048242562760182,0.6261724053905104
dcc8ade0-ad6c-4456-9459-3167f13cab8a,2024,2024-01-20,d0cd742d-b4e6-4f30-88f0-872c2ac1e51f,2f2d6799-40af-4256-9dd9-412be50aa14f,23,1,12.125974732189485,0.9265175602374157
df43078c-f310-4b36-b3fa-6f221a11a0a8,2024,2024-01-20,92b76481-ab53-4e96-a0ec-5f522c031417,ea8c66b5-8fe3-41dd-a56a-b85bfdc613c3,-4,0,-13.714962803926833,0.06779577314317996
df718d5a-338a-4032-b3d0-86d33c13555e,2024,2024-01-20,04119628-781b-40f9-ac7b-3c8fe82375cf,da6b8f1b-a85b-4303-8500-c640c0d3132f,-4,0,-0.9067544315814193,0.4775550137146458
e0317a66-ce9b-4c01-8b43-b5795a0a7181,2024,2024-01-20,5368fba0-1d0f-4310-9dea-c25c58762dd1,00a52b15-70b5-47b1-86c6-8e30652728c0,-4,0,1.4796828548036773,0.6405554310756297
e0951f87-d7d6-4efb-80fa-27213c78b9be,2024,2024-01-20,155c1dd9-ba93-42ee-a28c-238768724494,e06623a6-8f03-43b1-83f4-b653f6819ea2,13,1,14.461170765235815,0.9486123305530683
e43e7c4f-a9ba-45d4-9220-7dfdc984b194,2024,2024-01-20,52739295-a20d-42ea-b09c-a1e17be40d02,a2069f0f-fd2c-4971-b3da-6ba010532fcf,5,1,2.78858759612972,0.6469994014680407
e44e7ceb-60e6-4307-b952-44f46ed4660a,2024,2024-01-20,8fce643e-75f7-4242-b565-2a4818e1eeba,2deaf391-9719-4c95-bb3c-acc6f8baba86,-7,0,1.2230139980302561,0.54965479544007
e7692f13-b76b-4a5e-a245-a808e516ea67,2024,2024-01-20,63627b20-aa4c-4e0d-bcfc-40a5fe150e8a,f9c26112-b1ea-411e-b273-e74e8ce3f1ff,24,1,4.844313742475609,0.6892212491680129
e90ab5ea-4c1f-461a-b53a-da3fd9d2fb6f,2024,2024-01-20,6068f6c0-7e92-4dc4-9da8-1bfbdb60cf2c,a9569511-9e5c-45d1-b958-3e29c52f612e,6,1,0.9266488805056536,0.5017709495765791
e9c11cb7-0c5b-45df-98fa-5a6f5f1ad05c,2024,2024-01-20,993f004a-13e0-4079-8706-332aafab29c2,536cd39b-cd0d-40f5-8b6d-7a490d196262,-10,0,-4.970743084415097,0.3066589589509402
ea4814d4-d46f-4fd2-ba42-3b3938f71eac,2024,2024-01-20,f3cf8061-767a-4873-9e24-5cc4c9a6a1b0,4494a75c-3ddb-41cf-b75c-67fb9c0537c9,18,1,15.389944830340536,0.941599235654327
ea6fd5c9-7851-459d-9e85-6a1d2910f454,2024,2024-01-20,1cabfd4b-0114-490e-8d0f-1257cd7f0ae1,b7c2bf0a-248a-40d4-aa1d-bf6329590a4f,5,1,7.860377156897622,0.8142046959934136
ea83b9b4-0808-4075-93e6-f7a728726625,2024,2024-01-20,4e6747c9-6a64-4fc5-b96c-e38ea635f22c,0b950934-3f06-4a8a-9251-83e3f1827e68,11,1,-3.9276568168680916,0.35288784293652403
ed3606ee-dc1b-492b-a229-373f8c71c7b0,2024,2024-01-20,a4bc2fe7-4083-4c33-bce5-6cac3e161a7f,a66213c2-5ad6-4d77-a7ec-85700a223ed1,1,1,0.8130181644527884,0.5291443200297273
ee2958a7-a1c1-471c-9726-e4ff63fa85ec,2024,2024-01-20,e6b0799b-abce-441c-929c-964306f8fc27,0c2a9ebe-8c6a-44ec-8643-1dbac7642ab9,-17,0,-7.233988434804194,0.27558176824764163
f4146096-9084-478c-8616-609bac5b173c,2024,2024-01-20,ba18ddb3-432e-438e-a69a-4129a671b3b1,f1c92057-9fa5-4bdd-b404-96dd624192b3,4,1,9.965151621589282,0.890955587632021
f75872a3-c9ed-49f0-857a-569b2fd224ee,2024,2024-01-20,9d7f5648-4f47-4192-9d8d-78454c962bed,b4c9b613-0bc6-4295-b293-3b56c2020f1b,15,1,12.823764024137365,0.9325983038096802
f98c46d3-b2c1-4ff9-8253-3d36cbdd994c,2024,2024-01-20,2607ab7d-2f54-4540-9b2e-d27703407118,312cd404-9fa4-4f04-b8b0-cfed95e31398,29,1,8.705314506589435,0.7895611889027438
f9bccea0-633e-441d-bf66-3e5f154c0df9,2024,2024-01-20,b9e1a15d-9de2-45e6-9fc8-b3444d1bc0b5,2f0bd8d9-4435-45ed-9efe-045f835c15a8,-4,0,12.822592225827066,0.9229815746493434
fd969350-6272-457b-abe5-1bb6e68906e5,2024,2024-01-20,b1b6c3d6-c825-484c-a8fd-a4e0816d19fa,6b296d7f-de88-4a16-8a22-b28077a669c4,6,1,1.558748270028647,0.5297611605243171
2339b363-48ee-4347-a987-39ce9e6b1d19,2024,2024-01-21,9cde2e64-799a-42f1-84dc-71779b1219f5,853125a0-ce88-45ba-9815-9387fac3d278,23,1,12.757658301990586,0.9114240201576037
26412e48-9b91-4b67-8deb-1a43b2cb6554,2024,2024-01-21,58bacfff-257f-4f54-bb05-241bd6353626,a64af70e-61a8-4777-8e8d-9a7815f78f3e,4,1,6.7857619049030955,0.7511367881873298
280ba536-9884-417d-80a4-26cbda367e67,2024,2024-01-21,d8e747fb-453e-4894-9a8f-08598fead336,0c8ee784-d7e9-4ac4-b0c7-3ca89567c515,-7,0,-11.66651139137643,0.09952648251359518
55aefc0c-99af-45ff-b6be-a22c20695ef4,2024,2024-01-21,5bd874c9-de44-4954-a4f6-428ed3fde8a6,bf4f25da-dd8b-44d4-a4b7-4671b3c37db9,-9,0,-9.184208273460609,0.18956420490314632
5c943923-e832-49a5-af01-91c178bdfe23,2024,2024-01-21,c2629a38-b5d1-44e7-9a32-8fb51cc9a116,3bdd846d-463f-4ddf-8719-13ed1e3f2634,5,1,2.409088898366998,0.6305042429525396
5dbd5a9b-3b5f-41bb-b275-95b54b2ce33a,2024,2024-01-21,cf2f7a41-56d5-4c2a-b4f4-fb9d1c933b22,f5583f43-2ae1-4834-b364-107222763dde,-9,0,-4.684626911702253,0.2850305473609441
64328f51-727d-4dcb-b17a-2e6d93011cdd,2024,2024-01-21,00b63e00-850e-4b09-b660-a5e698f46b61,5320f527-fbbd-4bb0-80d3-0de759475d59,11,1,6.1683092614504895,0.75510011648204
9df9547b-2a52-4fbc-a4b4-609b49cc2558,2024,2024-01-21,91d935fa-7d8c-41e7-a184-72c0f770d10c,9b465025-fe2a-4233-b24e-310dbccdf4ed,-11,0,6.215809258768763,0.7329510413732218
a51e435e-3408-4da0-9621-dde4f9073678,2024,2024-01-21,79479954-cdbe-4601-a82c-35936960a7dd,b2d5fddd-b407-4fe6-9d70-e921ab7b7e1a,-9,0,-13.335293807071846,0.078560650690378
a5a3b48f-a862-40b9-bbb9-202233a133f0,2024,2024-01-21,69e6a4c4-bb68-4c30-86d8-3cf7d51c7db7,2408f22b-e753-4c5a-9353-be75a4fb2164,4,1,7.476746801464299,0.8058628197303973
a5ec1275-21eb-49da-b53d-15974632632e,2024,2024-01-21,82ee0a8d-e51c-4a87-bd7b-72707ec8b342,fd42047c-b7c6-4dbe-93e7-69cfd125995c,2,1,15.609493781343755,0.9468110984170243
ada7140c-fed8-481e-ae72-1391af212058,2024,2024-01-21,58617cc8-94d5-4f69-a677-9ab4cdc52a33,791eb121-5f34-499b-a1ff-469bc9007fe7,-7,0,3.143154505992824,0.6178556413908304
b66a5b9a-a6f3-4a25-bbc6-babbc338fa38,2024,2024-01-21,0b9bc135-badd-4fc9-b7bc-bebccb08cbf1,a7951831-d013-4591-8037-4212b4a85c3d,3,1,8.44351823194286,0.8127877041537939
ed2d7944-f678-4ece-b4b1-cdfaccabd238,2024,2024-01-21,67505072-f35a-493d-a160-8e6292da33f5,4e9067f6-7760-4a2a-ba37-273c77915540,2,1,-3.231052825443446,0.34375696090648217
ff16372f-4e6a-440f-a4f3-6459806adb14,2024,2024-01-21,215ed27d-58e8-4e84-ab60-6d170d404304,439b6cee-3be6-4471-bddf-f7cb8c69cc85,-2,0,-2.3099627851672984,0.45026788419432134
114b1885-3b37-419a-afe0-24c27e9f7afd,2024,2024-01-22,1b0dd005-3190-4ca9-b74d-111343f2fce0,e8e72618-33f8-4013-8305-43775a278752,5,1,1.8134974260938392,0.5992643637206518
1be055a9-1f96-4356-95b8-52789e1636d5,2024,2024-01-22,268a2907-58d0-4693-98bb-a6cecdae1c63,6474358a-819c-42e6-92d7-0fd3ce20d239,-6,0,-0.7544227282107032,0.4362516782798821
21aecb23-a4b2-4060-9c30-236dbbc989ad,2024,2024-01-22,df2a7293-fc74-4f81-a93d-98c8989ea725,d0ec4581-205d-4391-a765-06ee8de241d9,7,1,2.665008058575465,0.5973813239262505
4acfcc77-92a3-4b48-9c33-3f6e4a3a1a1a,2024,2024-01-22,5052a2f3-f41f-41e4-a681-c6277fec0404,64c5c3a9-f1f6-4f48-b571-1de27621f06c,21,1,9.484583273951742,0.8600797859087806
5aa6d042-1318-4bfe-9c24-55724276bfaf,2024,2024-01-22,be683752-ceea-4783-ae94-66be0178e1d1,33a4f970-bbcb-47ad-9bfa-ae6f0eaf792f,9,1,-1.3953757468037005,0.46948266626032026
68c490e3-5e16-45b4-bcf0-5ce93cfe8b4d,2024,2024-01-22,84d66f69-10df-4b33-bbb9-5ba2ef708ea5,493c2e9c-ef36-4b2a-8a7e-32c890e85a4d,-4,0,-6.708737766457773,0.2708109925796715
6a2c79e3-e7b5-4980-96ed-4da92555f4cd,2024,2024-01-22,20abe49d-2029-4327-96f6-389664f5da7f,57c91ea3-1f48-4879-a664-232fba59cb1e,8,1,-4.7824018146382565,0.30269083577391503
91643db5-e6c0-4ade-bb57-ce101c0f98c1,2024,2024-01-22,0d6ccccd-6ee7-4ed7-a231-381c6b268e2b,d0cd742d-b4e6-4f30-88f0-872c2ac1e51f,15,1,2.943329203909682,0.5810685470823651
b787269e-5e34-4200-9b80-cc3ac1fb6b9a,2024,2024-01-22,371811fe-0533-4539-97b1-b56f642d0fd9,546e1911-9caa-499e-92f4-afa9c6b1e8c2,11,1,12.507630173350565,0.8625712320210551
bb4b8782-0a14-41b6-b6ca-07932cfecdb4,2024,2024-01-22,89a85f65-8bbf-43db-b23d-362af1afc44d,23b31575-028e-4661-85ac-8d5835d6726f,9,1,0.8700858099230305,0.5842123090016543
c85b2ec9-a01f-4478-9718-e1f2819a8e63,2024,2024-01-22,30a1a9be-60b7-4afa-9dcf-92694c2703d1,8044cdf8-5fd0-47d9-8a07-8a29b2ca7b9a,3,1,13.226469401995752,0.922416346821429
d5942454-b696-4f42-9d61-975ded246e47,2024,2024-01-22,97bd823e-8c6e-4942-a5ca-735b3a45ebbc,1b1fcea3-d0ee-4307-b5a5-4c2a4a591484,4,1,-2.0244790752887636,0.38722937642869304
f1177f78-59c9-4ccc-889c-23aac32d325f,2024,2024-01-22,26d69f75-49a0-4d07-968b-2b549e059c24,2c8d46b6-8e8e-4229-85a4-0713fe1c6c4f,-1,0,-5.2659099795081445,0.26129312711673963
03e4af37-0234-44d3-8dc6-e665936e15ce,2024,2024-01-23,115916ea-f145-4974-a257-5bb24f7c1ccc,f92587ee-8d25-4b09-9a60-6203f75c974f,17,1,-0.6502623274191881,0.5437512628179976
16c70cd7-0fc2-452f-bd1c-cf0fa96eb240,2024,2024-01-23,2518e2c1-28b1-472d-9fdd-5d97d9f1ea99,8fce643e-75f7-4242-b565-2a4818e1eeba,-28,0,-4.95270082651879,0.35894706045038066
188a1a75-5a2d-40e2-b192-957aabb4261a,2024,2024-01-23,ef75db17-4afb-4e3b-a928-30e871ec130c,da828fff-cee9-4151-bc4d-983ee436f573,10,1,-0.34806266610862824,0.47344962586785355
1c6901e2-b1f8-43f7-838a-94a9d17fb883,2024,2024-01-23,6c5c20e6-a076-4fbd-b77d-61a1c7a3c5a4,2deaf391-9719-4c95-bb3c-acc6f8baba86,16,1,2.9080699697141603,0.5968141185799355
1ece597d-a535-4352-9ce5-67ecae79b918,2024,2024-01-23,5ace87dd-23fb-4317-bc7f-8d80556ae6b4,2f0bd8d9-4435-45ed-9efe-045f835c15a8,-8,0,-4.512160280987419,0.36520546902189527
25553612-6bd7-43b8-8869-ab039dc10e5d,2024,2024-01-23,2f522e9f-f586-4f8b-816f-a83d9e6231fa,cd9eea44-8a6c-4bd4-ad4d-74e461fdefd3,-2,0,-6.096535758820141,0.24838601592703163
3027c12c-80b6-4085-b609-a0b325aa7854,2024,2024-01-23,49f72498-1bbd-48b1-87b9-cc90196e205a,f3cf8061-767a-4873-9e24-5cc4c9a6a1b0,9,1,1.7144177973220023,0.5783572674549406
34409584-328b-4053-9772-1a49deb86a36,2024,2024-01-23,ad741e6f-e15e-4f4d-8350-9973fa99916e,550c3333-8e82-49d4-b9c6-ae13db14a84f,6,1,11.954021963093936,0.8466038910722965
3fae879c-e051-48c7-b348-227aa5d28a89,2024,2024-01-23,6068f6c0-7e92-4dc4-9da8-1bfbdb60cf2c,644a0213-9ca5-4238-af33-7c8ed45fc88b,14,1,3.6846158422106425,0.6184156064037319
3ff152fb-e6ae-4ca3-9001-94a6603708ae,2024,2024-01-23,74434c65-ac07-4a97-9998-737791311fb1,228bf81e-d4c4-4b81-9b51-74ff2fd3f7c3,-16,0,-5.915797327228124,0.25418275626174835
440dd8fe-ef2d-40e3-87e1-51572c60051a,2024,2024-01-23,2fbd9d1e-084b-43d2-9c7b-10ce0782be7c,35d0a28f-e3d7-43ca-90cc-daaf0b7c278e,-1,0,3.7337702704072955,0.6676830131551074
44912847-b69e-4b27-a4b9-175e827a6b1a,2024,2024-01-23,1cabfd4b-0114-490e-8d0f-1257cd7f0ae1,324e37b8-f52e-449b-909c-366c81488fea,-6,0,-3.3597640074408046,0.3774396714686074
55c4e8b7-50e1-400b-846b-dfdabed2e653,2024,2024-01-23,9c1431a3-21c9-46c9-8335-1b85a6022223,9f152b52-7847-49c3-83b6-8c68295d484a,-5,0,-2.2810698098110094,0.37838062742996675
586230f3-6333-4f98-89fb-9dd891b45336,2024,2024-01-23,bba8eb68-9989-447a-90b4-27c8d0d32bd1,65cf0d8a-0a5f-4572-8516-53809f66ba44,5,1,6.791164343500133,0.7604048609739555
733f90d5-7fb5-43f5-8aff-675dde688181,2024,2024-01-23,58113924-4aef-47a7-a675-cddc9e355cd5,e51fb2de-db51-4fbd-ab63-2a069c126779,-15,0,-0.1281051942659467,0.47127686690392817
88d76941-d947-4dd4-af56-f1d38143bc93,2024,2024-01-23,8a7ae133-e612-4f1b-911a-a72870f8b4d6,7048a12e-ec8b-4bf0-a475-1316775a4964,-12,0,-10.981406686143186,0.08518614084910828
8e2b3386-7408-4132-8911-f458b20e4894,2024,2024-01-23,b4c9b613-0bc6-4295-b293-3b56c2020f1b,5fcb12dd-e3b1-4e57-ac30-33da456cd5db,13,1,10.523202778282721,0.9100341044309929
a248cb15-496d-4c3e-b1f6-285be3f38729,2024,2024-01-23,c51998cc-ad65-43ec-88c6-a0f160ff7902,ea78667c-bf16-4084-80cc-2ab61a0e05d5,-16,0,1.5271084463163789,0.5967460862418084
a49a12bb-bc7e-4926-a803-2886891f890c,2024,2024-01-23,4c4cb93b-7b16-46b7-9d21-5ff908de25a6,45959b35-f1e9-462f-aecf-565395a6fb6d,-32,0,15.772329544785217,0.9607788835791664
b1b9f8c7-a748-4ff5-89d9-fad1db61c5bb,2024,2024-01-23,cd369794-6765-4889-bd1c-89869447620b,1394e3ce-706d-4097-9aaf-cad5d38aa5a0,32,1,21.05865699410356,0.9864050634783521
b991527a-fd5f-4a72-8705-83083a74d5a7,2024,2024-01-23,d2ae40ba-651b-4006-8b22-61c6b9ce0e33,424f7a7a-158f-4ad0-adb1-4b3ebe25b11e,-24,0,-8.093743522806925,0.19967466353889107
be1a5115-273d-4b35-b1a8-168aa1fe3639,2024,2024-01-23,f245c41f-897e-4985-9153-43034bb26bfa,4e9aa968-9ad5-4833-b9a5-7d89b35976d4,4,1,4.991871726574282,0.7030446233611898
be5d2852-790f-4f5f-b0ca-ac8c88a543aa,2024,2024-01-23,3a30d561-24be-4bfa-8d8d-75e645c4ad5f,350fe1ba-284f-4709-8cdd-3f745fcff0f8,7,1,14.078981520605657,0.910157643503027
c9f9444f-6ac1-40bf-95af-b73f25ac78f7,2024,2024-01-23,31108a77-31cf-4228-9c6c-3a9665e9e17a,ebf92b73-233d-4523-8429-ab00d5af1966,-4,0,0.839937784613691,0.5300962442993209
ca2adab5-5eb5-4ac9-9ec8-039927a56f17,2024,2024-01-23,b7c2bf0a-248a-40d4-aa1d-bf6329590a4f,4494a75c-3ddb-41cf-b75c-67fb9c0537c9,17,1,3.3138368476891276,0.7177476457172426
d00e282d-7d74-421b-8ffc-261f6b0abbe8,2024,2024-01-23,c71ebd72-5c90-41d5-b1fc-544e4695d9d0,00a52b15-70b5-47b1-86c6-8e30652728c0,7,1,6.536410790120021,0.7545066611315187
e5d55337-40ee-4b4e-a320-eb533d82a848,2024,2024-01-23,2dc64ab1-cde8-49d4-a343-298600450708,7eefd1e5-aea4-463e-ae74-c628b0fe170e,6,1,-1.44901648928184,0.3608701492621428
f1b47d79-b7a4-4069-a7d6-bfb8d842c8b9,2024,2024-01-23,529e7dc4-6b55-487c-84b3-598dd9941301,9d7f5648-4f47-4192-9d8d-78454c962bed,-7,0,-3.9363897709722946,0.38045056597008575
f2dea111-52a4-41a3-bb78-d7b063434937,2024,2024-01-23,1d3cac70-c7f5-47ea-bb26-00ba78e1acbd,85effc0b-7382-452e-904d-22a52433ccb5,7,1,12.687266284258333,0.9046681595414341
f7895cb1-2563-4bd2-848a-bdd4de0088cf,2024,2024-01-23,a66213c2-5ad6-4d77-a7ec-85700a223ed1,03a91d53-3b06-4e76-b037-9c97d09645f6,16,1,16.386526193836385,0.9594971252093358
fd48b2ff-bf46-4bd4-98d5-883294b81c96,2024,2024-01-23,fd495afa-fc22-4081-905c-24f40ff2656c,b9e1a15d-9de2-45e6-9fc8-b3444d1bc0b5,-14,0,-18.61503429264779,0.03267839893052068
07ef35a3-1325-40e3-92f2-c6cc10f6d2fa,2024,2024-01-24,2198dbfc-96fd-40be-99e1-e697e4c3d996,4928acd4-6738-4045-be81-20132f6471c8,13,1,9.784790762802064,0.8682306368984606
10b7d542-f0c6-4e08-8d99-ff0c70a59151,2024,2024-01-24,2408f22b-e753-4c5a-9353-be75a4fb2164,8af88029-6520-4f85-a99b-0f10d820a167,-2,0,3.2483007908350303,0.6582537460948082
15a8c444-5c87-40d5-b114-d9e0ae0f44bc,2024,2024-01-24,22ae415e-1335-4b89-a126-bbc7a1d7901e,33176e8c-5f9d-4bcb-8c56-9a0a5f7d7f1c,-3,0,7.531756113617695,0.8047729567412121
22452769-d3e7-4c64-8b9c-3b902cfe8788,2024,2024-01-24,57144631-7473-4b46-a437-8e2d8c760f87,5368fba0-1d0f-4310-9dea-c25c58762dd1,-3,0,-0.12159093792410414,0.4855636916381219
259d775c-d4bf-496e-8fc4-939fb1d5ba58,2024,2024-01-24,47b967e4-0689-4d1c-863b-9d82c6ffbfcd,c3681649-6e1d-4bf8-9b47-1d2868dca3e9,6,1,14.609972791488849,0.9376132227440678
3222d0d3-af74-40ec-904a-a9a9e0bd62d9,2024,2024-01-24,7d57c2ad-190c-4c1b-8987-ab2007a42023,63eb578d-eef3-448b-b0ab-b4892ef058e0,-26,0,2.5084107429649136,0.5007970625326211
4562fabc-d471-488e-9743-c77197a17de9,2024,2024-01-24,bfd4c500-09b6-46ba-81ae-48b13f8345ff,dac01aea-9f35-463a-9dce-75d4575160dd,4,1,2.7242219652420396,0.5372803899844203
46609d59-f015-4252-aff7-6ec56812f251,2024,2024-01-24,af6bf0c9-2e1e-4334-8982-93f14a35af57,5bd874c9-de44-4954-a4f6-428ed3fde8a6,8,1,12.885850713095913,0.9101750199270429
46b4259f-f350-49f0-9135-17ade7471d1c,2024,2024-01-24,05f1d3d6-8079-4142-beb6-628fd19c74ca,a2069f0f-fd2c-4971-b3da-6ba010532fcf,-19,0,-6.190863221715417,0.2610133749195329
4c323bcb-e076-4600-9098-94de28178572,2024,2024-01-24,76748a8f-7de8-46dc-b80c-a1a7fbcb84ea,791eb121-5f34-499b-a1ff-469bc9007fe7,-14,0,-0.09611867681255563,0.5016990106301771
4eacce8b-8b69-42c6-8882-bf98456fede4,2024,2024-01-24,113341aa-9630-4951-b161-71419ed62dbc,8ce6b3fb-8bb0-49b5-acaa-caed76d542d7,17,1,6.245593667063104,0.767414764225434
4eb9e9df-3a63-40b4-af32-37c83471e581,2024,2024-01-24,e30e79ea-8947-4c58-9842-25781182ec2e,312a943b-3a6a-4f8e-96a3-02cf6ff38b41,8,1,8.392251277106343,0.7907837584392303
503fca9a-46fa-4b97-ae5e-42db3c521815,2024,2024-01-24,2ed44d95-e306-4823-a4c3-196ffb777766,abad6a22-9569-47ad-9945-a6ad9345c30f,3,1,-7.824790014431758,0.23006329677101614
54d7bd9f-f986-4de7-8de7-bfd15da60da9,2024,2024-01-24,19b40071-00ca-4d8a-8188-a03d635e9811,f916ec1a-cf31-4b3a-9d55-a8bdefbea199,-23,0,-4.673692474086741,0.3289021600209624
55f4bbed-c989-4395-a3c1-1023d236c797,2024,2024-01-24,44e2611c-d02d-4019-b2f5-da0e4ad35df1,7f63e419-1d15-4c08-84b6-dc393ca0146a,12,1,9.248719343599994,0.7845845848601575
5633515a-d62e-415f-95bd-38f83b15c51d,2024,2024-01-24,e7f5f157-7a33-43ad-8282-59e1c4ad9b25,2b1a3f03-7d93-471b-be12-d487164eae0f,20,1,8.009292259140611,0.821675791430222
58b5bbc7-8b84-49e8-89ea-ec808369d797,2024,2024-01-24,a7e91e1e-3644-4f3c-bda9-edddb9602a27,4c073afb-cc2c-4ed2-bd8f-2f545ae1bea5,11,1,13.486095432248057,0.9253393029913747
62c1ffa7-6a18-4d17-92f9-2e0a9a1f5310,2024,2024-01-24,a839c106-a16a-49d3-a86e-aa5e068b76cd,632ba9bb-afd9-4b5c-9c3b-4e60816c8e4f,8,1,10.347647734757066,0.8368358748573388
6316b5fb-59b4-48e2-9877-ee4bc0451ce2,2024,2024-01-24,4aa110b4-c8f4-438d-b44c-2d6a5c74ab8e,adf7b22e-19a9-437e-ade2-833bb31da77c,2,1,0.9502199610496498,0.544686471455625
6420b6d0-14f4-45ca-a1f8-e2015a8ef6dc,2024,2024-01-24,6d3e1830-dbbe-4e70-b7e9-1eb765f0acf8,155c1dd9-ba93-42ee-a28c-238768724494,9,1,2.4124738832708483,0.5859373293659331
6603737b-5bd9-421f-b447-4b57bf44390c,2024,2024-01-24,384d8319-2770-4b9a-bb32-bd4da034d104,dd1136c6-9974-4186-b206-7e24f2bf7dc3,26,1,7.879448189138841,0.8357202720527745
6cc9dc75-a65b-4c9a-9805-9c972942dd92,2024,2024-01-24,f93c4c92-e869-45e6-8970-2a02d80141c9,e1ef03af-e420-475d-8a35-c6e5380e9f6d,-16,0,-11.572767836469216,0.07380218666391669
769c9f14-5e4a-44cf-b4fb-e31b51459d63,2024,2024-01-24,101749c8-ec05-4370-a95b-47f56c433623,215ed27d-58e8-4e84-ab60-6d170d404304,-2,0,3.0609424002351027,0.5779011908493499
79b55d8d-0097-446c-a6bd-2cc2c0bbc4fd,2024,2024-01-24,25f32a40-1a9b-47e3-ab20-74659cba9520,b255fc28-3428-4006-adf1-9c1001ecb1a3,2,1,2.337480371397752,0.5765059195657651
7d4cae03-eab6-4786-9800-29abd44d2de9,2024,2024-01-24,79479954-cdbe-4601-a82c-35936960a7dd,67505072-f35a-493d-a160-8e6292da33f5,1,1,-1.7523106658957897,0.45289604659261534
844c7a2e-810f-42b9-be3c-ca8b6f18c786,2024,2024-01-24,a9569511-9e5c-45d1-b958-3e29c52f612e,9cde2e64-799a-42f1-84dc-71779b1219f5,5,1,0.9482863588989672,0.5288388123102211
91804773-09de-4164-a332-4c4d5dc8c8e9,2024,2024-01-24,f48b0b87-86fe-4b7b-8bf3-9d541f495284,3763fb9f-1ebe-4dbd-bfc9-6638b14a2a51,9,1,3.6904142249775433,0.6883143703640374
9d5a3395-0326-43c9-8e76-80332eeea44d,2024,2024-01-24,95466c2d-a184-48f8-849c-d6957bd1df52,ede9d6c2-b888-41b7-8674-8638c41d2034,-4,0,2.817477221559703,0.6672706888788333
a234c578-2791-4813-92a1-12cbdb257923,2024,2024-01-24,49c78722-1476-440a-9de1-896fb7b7db88,b2d5fddd-b407-4fe6-9d70-e921ab7b7e1a,-13,0,-11.728783151659604,0.0812014673855622
ae1edf33-8016-4db7-b75e-8a30ab761061,2024,2024-01-24,65cbd49d-db3a-4043-8bb7-7bfcf57c017c,a4e0b7c0-e98b-4e65-9408-e26a9aedac8d,-16,0,-4.999219046350311,0.3186777353892429
c12236dc-e12b-49b4-bd43-051abe48f28c,2024,2024-01-24,51a31921-d3f2-4514-821c-23df38e74559,73db7905-652b-4320-aac7-243f2f2f70a2,6,1,-1.1811376829490985,0.38630260784865045
c1e5abb8-0bbf-422e-b2cd-99cf6a368730,2024,2024-01-24,4b83e4dc-410f-4835-a8a4-8ccffc29e016,2851d469-fe75-448e-9d6b-4bde7ec96e06,-12,0,-0.5058542855323106,0.5976846855099008
c5a15ff8-0e7c-4c17-b9c3-210c75f0e2d0,2024,2024-01-24,f18598d0-e0e1-4f15-95f2-e11df8bc3126,cc07b31b-464b-4cb9-89d2-ac26ffe3e5f4,13,1,0.7680378183764099,0.5644795213669133
c9cbfd8d-0a09-4f0f-8bab-334fc8d86dd6,2024,2024-01-24,dedb6ed5-06d8-4ba6-a1cc-e3134a2c7937,e6b0799b-abce-441c-929c-964306f8fc27,8,1,0.40945123533184913,0.5779224601627141
ce368e09-01ed-4393-9f3f-1f9790b360a5,2024,2024-01-24,4d3124e9-6470-49c6-8f2f-806813c60883,3457262b-c7da-4834-a20d-ad6be302a671,-11,0,-5.188958210524093,0.31969491696262686
d5ad095f-1fc0-4544-a592-a976b0ead0b2,2024,2024-01-24,bc3f184c-a2c4-4518-89d1-f58ee454b86e,58617cc8-94d5-4f69-a677-9ab4cdc52a33,-1,0,-11.609750618084934,0.058584651643403256
d85b1a61-746a-494d-b3bf-6eec40c1f251,2024,2024-01-24,629ca4e3-9243-47ce-8a02-ee7fe38e857c,69e6a4c4-bb68-4c30-86d8-3cf7d51c7db7,-6,0,-8.15159022514938,0.24639710292095748
efc9a9d1-fb22-4503-ab3c-b3b08bb9bce1,2024,2024-01-24,dfdc9d0d-4a83-4244-9c07-9b3660ba4f6f,9ccf2901-b49f-4aa3-8a4a-d59d017dfabc,-20,0,-12.284586654645837,0.07564061511386957
f129ea9a-97a9-49f8-8c60-4baf5250fa50,2024,2024-01-24,00aed6ff-2151-4d45-8b3c-776ebb0a51da,52739295-a20d-42ea-b09c-a1e17be40d02,-12,0,1.7949648431418264,0.5927802056475726
f285e49a-1942-4b54-add9-9cd593a05e5e,2024,2024-01-24,48a6c30c-21c1-4d12-ac7f-590a1fdb0238,409dd213-f612-4ab7-a0ae-8060dd9a6ef4,-17,0,-3.355264973441735,0.37666417212058184
f3cc0f68-12a6-403e-80cb-542b86a9935a,2024,2024-01-24,9b6f0f32-d8f1-4921-aad2-a16c420f3183,60ee2d19-003f-4603-a2ad-838b3e6d6cc0,-13,0,-22.592620510731923,0.038335236937877
f5f58a3c-f551-461e-a217-b76be4bef17f,2024,2024-01-24,b80e54ae-3b74-40f3-9954-a1b0805cd1e8,0b9bc135-badd-4fc9-b7bc-bebccb08cbf1,22,1,1.3715095096845604,0.5940077407547779
fadd738f-f364-48fc-a202-18dbefec4250,2024,2024-01-24,2aed7aac-f38b-4fae-84ae-9e9c9ac71a3f,887d2364-968e-43c5-83af-c227595022bd,-10,0,7.405638282378279,0.7741587539052996
ff3bca4e-f2e2-4d60-9a70-2f2c24634170,2024,2024-01-24,dcf85f3b-a79b-4a61-9cd9-d6a90541bf3f,dde8f534-10a1-430c-af83-43b026e7ab68,10,1,-6.141723213990609,0.3604744861752651
040b1716-c4b7-44f9-87cc-8c6ff68b2fcc,2024,2024-01-25,b1b6c3d6-c825-484c-a8fd-a4e0816d19fa,5f480384-0cfc-4e90-837d-db9cc8d292dd,1,1,4.350388409808221,0.6671834948890273
06eb1fde-2598-4cc0-a01a-d8d516d2b87d,2024,2024-01-25,f9c26112-b1ea-411e-b273-e74e8ce3f1ff,9a06c3a5-a344-48e1-942e-a22438b842ec,1,1,2.2626280836763777,0.5556479155128357
0b6a5cc2-34af-4c12-889b-c1b02ae2c8ae,2024,2024-01-25,8c121ba7-b028-4d29-8ac0-bfc3c1ff7b57,db374003-37d9-4d61-a3f3-7abec141d33d,23,1,5.90615612751071,0.6821068408854108
0d89ea57-a4cb-4627-9cbb-146d25c5a3dc,2024,2024-01-25,6eb0ebaa-8c99-466d-8fad-68b897f2a9e2,65c68c5f-fc3b-4781-a912-2a4b17be699e,12,1,13.015294447192245,0.9104155551032049
0f081330-8065-4713-9523-add1ad4a94e8,2024,2024-01-25,0c2a9ebe-8c6a-44ec-8643-1dbac7642ab9,639774dc-a89b-435f-80d2-4c65549fd3c9,14,1,10.066737061995612,0.8432856960632691
13e987c2-0d98-432f-802a-7b964ab33846,2024,2024-01-25,312cd404-9fa4-4f04-b8b0-cfed95e31398,0d6ccccd-6ee7-4ed7-a231-381c6b268e2b,26,1,-0.3513175709354556,0.4900848040970319
15f2e3a3-a6f4-462d-88de-e7e356c61b26,2024,2024-01-25,696e6eb5-b8dd-4d44-8780-1e6c678615bd,df1d6c5c-77eb-4d21-b5dc-6cd579f74d2b,-8,0,-1.1458144219169801,0.47460151655026894
18149c3d-9901-4c81-a695-440272fe5daf,2024,2024-01-25,89dd92f7-46c8-41a3-be81-ecb12f1cd4c7,bb505898-cdd5-4c4e-9ea1-301ff6a4b981,-7,0,-2.9462725478192513,0.38369692716467346
1dfd21f1-1a42-499c-a397-ecadc74374c9,2024,2024-01-25,f2e0429e-8513-40eb-b536-1aca6697aee5,375514f8-f93e-4eec-ae0b-6615ec954e45,14,1,1.6188314052056725,0.5534165373773883
3473875d-8af5-4990-b02e-a9d1b0fd7cc1,2024,2024-01-25,2bb9930f-6a64-4fb0-8ae7-2d18cc4ceb5c,ed50f577-3ab9-4627-80f9-bc931ee42370,-28,0,-12.350497657953087,0.0709410069050199
3592a14c-8487-4314-85a2-623e89e6e4e9,2024,2024-01-25,8a753611-1c3e-422d-8c6c-5721763b5574,4b962e36-92f2-493d-a9d8-e62b725d5b76,-23,0,-5.2988409917190005,0.3360250844711735
38343f38-4488-4531-8469-9db0d2c129f3,2024,2024-01-25,2acb9682-4dbf-4e25-82b3-0124cb5c07cc,6cc29af2-0d45-4399-b571-caa43e20e554,1,1,9.258143464061828,0.8488928878600224
3c98527c-78df-4031-8aa5-c3699d0fdb4f,2024,2024-01-25,48fce6fa-2dd6-4fad-b5ca-cf5cccdc3fa1,c2629a38-b5d1-44e7-9a32-8fb51cc9a116,4,1,-6.544176157786976,0.23516637199285192
4105f4cf-28e3-4b24-84d3-122fd7f4bdd0,2024,2024-01-25,6b296d7f-de88-4a16-8a22-b28077a669c4,2ba07bf8-0306-417b-b7fe-b2d29b7d0eb1,-17,0,8.9347923760981,0.8036295357572033
4aeac53c-800e-4769-b924-329dda685d63,2024,2024-01-25,730db31e-4fab-472d-bf25-7b882deff0b7,8b8c3790-682d-4010-b304-45ce213ad62f,26,1,14.995439075680842,0.9386653148312678
4b08a5f5-aaa8-4d29-a761-35030c2f8059,2024,2024-01-25,e12ab562-dd12-4b55-909f-669834d3d963,04119628-781b-40f9-ac7b-3c8fe82375cf,16,1,10.85375587536753,0.8416595132565184
4d1ca6af-7d6b-42bd-ab27-de9f78c8cb99,2024,2024-01-25,735ab24d-9a04-4ce0-aa11-f1cb2c1804f1,f5583f43-2ae1-4834-b364-107222763dde,-16,0,-2.95749236077106,0.35880088863133464
4df385d5-782a-45fd-be99-9551d66717ea,2024,2024-01-25,cb1440b2-adac-4775-96c8-c4f00641d353,df2a7293-fc74-4f81-a93d-98c8989ea725,-8,0,1.282003867216034,0.5976318696785692
5b89f77f-0929-441e-a576-7cd92b7aaade,2024,2024-01-25,071229c8-25a8-4fd7-87a3-c30d0a95671a,e0cc707c-bdef-43a1-a3f0-c1ddfefdadd3,14,1,13.76656223051916,0.9207988566986968
5cd4fde2-566b-44ac-b04a-51f7dbb4a807,2024,2024-01-25,686413d2-e94d-497d-a87d-ab911ac38ec7,4eaf68c0-dd32-4705-8f2c-1c1dd2880a74,10,1,-4.48642048103503,0.3251788239789434
6667aea9-3cf8-478d-acad-faa06b25bc64,2024,2024-01-25,00b63e00-850e-4b09-b660-a5e698f46b61,f6d188d9-c992-4de8-801d-4995b25abaae,-5,0,1.2454461236450314,0.5338834978069599
76d6e14f-4d23-4b4b-9366-143cdde71c5f,2024,2024-01-25,4e6747c9-6a64-4fc5-b96c-e38ea635f22c,c0dfc734-0d40-4cba-86b5-fb2ad5c73da1,22,1,6.700394018515617,0.7576153349269709
7a264553-003a-47c0-9b4f-d636f28271de,2024,2024-01-25,9be057a5-becb-47b1-b84f-041147698411,238b3f68-0b29-4056-97f6-6c10a093cd62,-8,0,-3.9817391142415137,0.32467008250136453
82c28bef-cc85-4d45-ae9c-29421c76353a,2024,2024-01-25,6474358a-819c-42e6-92d7-0fd3ce20d239,0b751b74-e572-43a0-b324-54eeefac4d5f,9,1,14.072940908551592,0.9396391313480832
8578acdb-eaa8-4be3-beeb-317d0c23335c,2024,2024-01-25,7ca95dca-8ca9-42a6-b9a5-307d339df9b7,f162ea30-6b86-48f3-bdc5-48c97448256c,-2,0,-9.654478377353552,0.1682642790106899
8672332a-c59c-4631-bbee-1ec0300dc1d8,2024,2024-01-25,3bdd846d-463f-4ddf-8719-13ed1e3f2634,14393a14-3128-4184-bf05-72f6bf2a357b,-16,0,-1.5748925916166427,0.48223601262685495
87c14f12-dc71-4a9b-92a0-429263fb4aa2,2024,2024-01-25,c05bd27b-1eb5-4bfc-b1ec-29735fe183f2,31108a77-31cf-4228-9c6c-3a9665e9e17a,27,1,7.756840941453463,0.7627049769933205
89f248c4-aa49-4260-b20a-0ce20610bf49,2024,2024-01-25,ea8c66b5-8fe3-41dd-a56a-b85bfdc613c3,2493388c-6fee-41f1-90b0-e82a447a607a,-3,0,11.267569847614958,0.8622557603383701
9106a588-7c4b-4730-b907-5bada0196eec,2024,2024-01-25,45e40bdf-5c84-42ca-84d2-a823db0b6609,09fca7ef-baed-4af0-a553-465ae1160049,3,1,-14.89058016798284,0.0532593823036179
92955ccb-0c5c-4ee7-a777-0fe5f20b003c,2024,2024-01-25,536cd39b-cd0d-40f5-8b6d-7a490d196262,39decbb3-b24d-444c-970a-39aa53a01ef6,9,1,6.804199137512392,0.727961749835541
945f4055-825e-4e2e-a206-823a55c84712,2024,2024-01-25,3a4357d0-0685-439d-863f-f854c35e4c42,3280e439-7a98-4ebd-95dc-1a1281ccab00,-21,0,-13.556995766403697,0.09551066603772307
97257f24-ee8d-48ae-87a7-36121b6c82a7,2024,2024-01-25,268a2907-58d0-4693-98bb-a6cecdae1c63,873b654a-5825-415c-8a11-5e5b15bd2ac8,7,1,4.4398655590952,0.6840611741424913
a43706fc-32bc-4a45-906e-31da009916bc,2024,2024-01-25,58bacfff-257f-4f54-bb05-241bd6353626,91d935fa-7d8c-41e7-a184-72c0f770d10c,14,1,6.461689883386583,0.7460738840393101
a7f2114d-64f3-48ba-950b-a322592f85c3,2024,2024-01-25,c58166c3-f02a-4e33-9fd0-9fa7b0711d94,e3158bc2-1467-4311-8540-c4f77e10aab2,8,1,1.993116216255025,0.5820706507935937
b51b09f7-ac9a-44ec-ab16-df82c89f94d0,2024,2024-01-25,b20b957b-b406-4f6d-8f7a-2f88e3b49bd5,c58c3009-46ec-43bd-b27b-b0d683ab2cad,9,1,5.879906869044174,0.7627384676079925
b718e7c6-ab45-4bde-8f7c-fa70a151095b,2024,2024-01-25,7747d9fc-9e15-4b0f-911e-ba64828748ed,125fc4dc-8f42-45a8-b23a-3e50f4620499,5,1,11.996439812786152,0.8871111835888689
c00677f0-a78e-404e-b015-9562a40e7caa,2024,2024-01-25,da6142ab-a5fa-48a0-b6ec-864a8119be75,05aedf2a-3424-4acc-9537-4d52dccd6e02,48,1,34.1544011566201,0.9890467669942177
cc1b47a6-aaa0-442a-b70f-a2ac5c05235f,2024,2024-01-25,8cd2a215-aea9-48bb-babb-e5d8cf0cb9fd,73a80df0-15db-447f-b97c-418cc82a508d,-5,0,-0.8699404000010117,0.4204620405956223
d57df1b9-e363-4bfc-bf7d-ae03eef7eb1b,2024,2024-01-25,f9a8f2d4-c836-4b2d-a4f9-47f73b8c033a,a4f24556-d2b0-4bc3-bd21-758340750c58,-11,0,-4.854449529293055,0.2575865790440425
eca4e574-a615-4ee3-a207-5a695c0c553c,2024,2024-01-25,d8cd723a-1d76-4abe-be2e-516e52724947,dbfecb75-86bd-4650-9fc0-4d85eaeabbbf,3,1,2.232350148824778,0.5856517733630177
f247d463-b111-4fc2-90fe-ffc40e80eb86,2024,2024-01-25,eaac3de1-dd32-49d9-abe3-f56bbff80cde,2ca82167-d915-492e-98e0-4ee592960583,10,1,15.679619819352883,0.963895321668809
f4829b78-e0dc-4449-9f96-a747be76e77e,2024,2024-01-25,e1ee7493-ca48-4d8c-aefe-83427a4e66af,2607ab7d-2f54-4540-9b2e-d27703407118,3,1,3.632021312594628,0.6680740527040724
f56627a8-61f7-43c9-ad74-2f6e03f563d4,2024,2024-01-25,1acd2c41-6945-469b-b33f-3c7b30f8359b,16aca559-5828-43a9-ada9-f35f973f4863,16,1,18.190446983754494,0.973727374446319
fb8266fe-b5e7-47f7-81fd-9cf70336396c,2024,2024-01-25,d7bc8ff0-3522-40a8-8309-346e8b4cf9be,38cf12f8-b27f-4c69-8f14-254930816a8b,19,1,16.529641881595673,0.9564891252524333
2c6b2596-3e0d-49c0-8d23-4f9658836b82,2024,2024-01-26,cd9eea44-8a6c-4bd4-ad4d-74e461fdefd3,439b6cee-3be6-4471-bddf-f7cb8c69cc85,15,1,4.969798983015356,0.7026116927518209
456eadb7-3959-444d-b9e8-fe033646f1b8,2024,2024-01-26,4e9aa968-9ad5-4833-b9a5-7d89b35976d4,35d0a28f-e3d7-43ca-90cc-daaf0b7c278e,19,1,1.1758501847567466,0.5628070817413126
4f19aa67-9b44-42ab-a495-7efa4d139a26,2024,2024-01-26,fd42047c-b7c6-4dbe-93e7-69cfd125995c,a64af70e-61a8-4777-8e8d-9a7815f78f3e,-19,0,-11.816924144304016,0.06358005594352709
61dfee7e-be06-4c31-b70e-81ce5f11ad46,2024,2024-01-26,9b465025-fe2a-4233-b24e-310dbccdf4ed,82ee0a8d-e51c-4a87-bd7b-72707ec8b342,5,1,-1.176298894284373,0.37670827690972725
8a531806-f3d0-46c3-a5e3-554b728ba0e0,2024,2024-01-26,324e37b8-f52e-449b-909c-366c81488fea,f3cf8061-767a-4873-9e24-5cc4c9a6a1b0,-7,0,2.526541904482443,0.6167101822859141
d8a9b651-96e3-49f0-8d01-a0ab1089e63d,2024,2024-01-26,5320f527-fbbd-4bb0-80d3-0de759475d59,d8e747fb-453e-4894-9a8f-08598fead336,12,1,11.255610950791525,0.8903198919314098
ebd2b00c-e847-4c73-8d83-564b44e1dc21,2024,2024-01-26,3e3e940b-dd81-42f3-88f8-4e988278be04,638757a6-508b-49af-b5d8-661c0059c04c,6,1,0.6066188985248819,0.5378089063293238
08bdc782-777f-43c0-bc7e-7e3d75070ca7,2024,2024-01-27,a839c106-a16a-49d3-a86e-aa5e068b76cd,7048a12e-ec8b-4bf0-a475-1316775a4964,5,1,-5.502129379265147,0.32485345678483674
0b49a128-2cf1-46d1-8aaf-e894def26cab,2024,2024-01-27,f73ebf9c-90d9-4d66-b403-056ea4ea6b30,9611a021-de39-4ca5-8188-6387e4c99fbc,3,1,2.3597010491522195,0.6076414901092166
109e3d3d-8ec8-4ff9-961d-e6a0a1a4fe41,2024,2024-01-27,a4f24556-d2b0-4bc3-bd21-758340750c58,54e8cb38-83f4-4866-b3d1-d0e1dfc530c6,5,1,16.591218888497895,0.9333389223490073
1318e780-9fd4-4a60-ae56-c6c91373b55f,2024,2024-01-27,1b1fcea3-d0ee-4307-b5a5-4c2a4a591484,be683752-ceea-4783-ae94-66be0178e1d1,11,1,3.9900501532837813,0.6677093576313612
17daceeb-77c9-4735-bd82-eb4e893b9078,2024,2024-01-27,cb1440b2-adac-4775-96c8-c4f00641d353,0d6ccccd-6ee7-4ed7-a231-381c6b268e2b,-3,0,-5.392686149287859,0.30613373694610013
19843a1b-377b-416a-a91d-155b6dd99bbe,2024,2024-01-27,424f7a7a-158f-4ad0-adb1-4b3ebe25b11e,2b1a3f03-7d93-471b-be12-d487164eae0f,7,1,-1.9679012197423436,0.45274417330333055
1de78e9a-2165-4b84-bfde-484716eae375,2024,2024-01-27,33a4f970-bbcb-47ad-9bfa-ae6f0eaf792f,72d2e856-e65c-4184-bc2e-38e805170efe,16,1,5.480150287956817,0.7085538330631571
2529b1a9-f0fd-497a-9b3f-4eb105aec0cc,2024,2024-01-27,b9e1a15d-9de2-45e6-9fc8-b3444d1bc0b5,25912c1a-f2be-4c07-857a-5eef6aadebda,1,1,8.7332187435192,0.8431286368592291
25bb1bd2-daae-42e3-9911-fded29b0acd3,2024,2024-01-27,23b31575-028e-4661-85ac-8d5835d6726f,26d69f75-49a0-4d07-968b-2b549e059c24,-11,0,-3.3738507682123813,0.41257829753717096
2b7d0786-f435-4e39-86c3-c942353e2c13,2024,2024-01-27,f1cb5c3c-2ff5-444d-8c0d-5c1244f07909,ec7d9da7-9286-4c01-98ce-3a10ec231612,-13,0,-8.991038947033289,0.20522618007645585
2dc7b663-35c4-457a-b6d4-a35007bb0a6c,2024,2024-01-27,e250c58f-f6a5-4da7-aff3-c6770b9a14da,89949731-8bb3-45c7-a6f6-798934261b61,15,1,2.2120442861477576,0.6941073832438269
332f994b-0174-4fc1-a2be-ba0fe9a5cdfc,2024,2024-01-27,215ed27d-58e8-4e84-ab60-6d170d404304,6068f6c0-7e92-4dc4-9da8-1bfbdb60cf2c,22,1,1.2918169299622062,0.6072956672151054
337090d4-f4b3-45a7-872b-881219364036,2024,2024-01-27,228bf81e-d4c4-4b81-9b51-74ff2fd3f7c3,1cabfd4b-0114-490e-8d0f-1257cd7f0ae1,16,1,6.114379009128055,0.7538393254234316
34ddd93c-8a14-492b-861c-ec79098e26d5,2024,2024-01-27,52739295-a20d-42ea-b09c-a1e17be40d02,4d3124e9-6470-49c6-8f2f-806813c60883,5,1,9.197999534684637,0.7810950788418723
34fe382a-cacd-4e57-93fa-73412df8cd9b,2024,2024-01-27,401408f8-2ce4-4ef1-97c2-5a68c979ec7e,8ae6c27f-063b-4e7b-bbfb-653f496560d6,4,1,-4.253568707733183,0.28000792099058675
3a46779e-afe3-4bc0-b8be-ad07fd188bfa,2024,2024-01-27,c840b153-1401-4ebc-9549-e027df3cc7e1,57144631-7473-4b46-a437-8e2d8c760f87,8,1,10.6458112857084,0.8875988518210757
3ad7b759-0cac-44aa-a605-2220b315e19b,2024,2024-01-27,b1cbdf0c-474e-4b52-ae02-f856ceda214b,39decbb3-b24d-444c-970a-39aa53a01ef6,17,1,9.429558375347588,0.8391080560356635
3add8b35-e560-4bd3-b73f-34809b19042a,2024,2024-01-27,da6142ab-a5fa-48a0-b6ec-864a8119be75,c05bd27b-1eb5-4bfc-b1ec-29735fe183f2,5,1,18.93756365164817,0.9818332717698128
3efe6542-f546-46e8-aa27-68b7087cfec5,2024,2024-01-27,7f63e419-1d15-4c08-84b6-dc393ca0146a,17a3b4e9-cfab-43a8-b7ad-73508d4d890f,15,1,3.5555077670364956,0.6972636014571308
4192c79f-3d36-4fc4-ae70-2f53985b6d4d,2024,2024-01-27,a2069f0f-fd2c-4971-b3da-6ba010532fcf,3457262b-c7da-4834-a20d-ad6be302a671,-2,0,-0.5109457151738351,0.42531930352450337
480d6c95-9e03-471c-8904-8c410aea6252,2024,2024-01-27,2198dbfc-96fd-40be-99e1-e697e4c3d996,375514f8-f93e-4eec-ae0b-6615ec954e45,4,1,12.357424186355233,0.8992329573040726
483f09c0-a169-4af9-a1db-fd7dc4fd0704,2024,2024-01-27,8a753611-1c3e-422d-8c6c-5721763b5574,0b751b74-e572-43a0-b324-54eeefac4d5f,-4,0,7.843437705322708,0.8419341093985226
4920a025-fcc1-4b23-a35b-edf421965860,2024,2024-01-27,0b950934-3f06-4a8a-9251-83e3f1827e68,f162ea30-6b86-48f3-bdc5-48c97448256c,-6,0,-1.1037850414958634,0.4751669410481681
4b2431c7-01cb-4d59-a9d1-0cfca6ef578e,2024,2024-01-27,546e1911-9caa-499e-92f4-afa9c6b1e8c2,493c2e9c-ef36-4b2a-8a7e-32c890e85a4d,-3,0,-1.2243725283845523,0.570675021527935
4c67d261-4ee5-48d0-a21c-3cd41dc309da,2024,2024-01-27,ea78667c-bf16-4084-80cc-2ab61a0e05d5,5052a2f3-f41f-41e4-a681-c6277fec0404,-7,0,-11.851913019877951,0.107331929239627
4cb7557d-5139-4f68-a679-a663adb5eb16,2024,2024-01-27,e6b0799b-abce-441c-929c-964306f8fc27,717f3cf5-bc65-4a66-8f05-191decfbf380,11,1,-2.9813875140964967,0.36549051762798296
4d097789-c527-4873-956e-7c21ce117666,2024,2024-01-27,eddc4725-b4b2-4442-b2af-8853210d0e96,bb505898-cdd5-4c4e-9ea1-301ff6a4b981,-10,0,-2.318295838716873,0.41224625329733183
4e1d5531-a3c5-46f8-86c1-2684b8a715f1,2024,2024-01-27,29fcbb70-fa3c-4806-8768-15b5ec4a8449,b1b6c3d6-c825-484c-a8fd-a4e0816d19fa,-33,0,2.4271716735905247,0.5724826443767004
571e1359-b184-4da0-9cba-6f6a955ec63e,2024,2024-01-27,7da2e7c8-cee3-4ff4-be74-58d324c5ff71,c79306a4-5139-4f8b-8b55-21b42e22858f,-10,0,8.462990781880462,0.8044135553293621
577e438a-2daa-4159-9085-0c18c6c35b20,2024,2024-01-27,f9c26112-b1ea-411e-b273-e74e8ce3f1ff,15de2bd3-69fa-45a8-b95c-4d5e91232ab9,21,1,3.016057212242892,0.6365920991473022
5949bd53-06a1-4545-b18c-5ec558d2112d,2024,2024-01-27,7293bb2a-8d08-4752-b00d-104a80da0371,1814170b-a11b-4328-99b6-082f1e76f5c5,6,1,-0.8982012639297785,0.46015340949172545
5b034a71-d2a4-4a2b-84cc-380d7afbea6a,2024,2024-01-27,63a49366-1e4a-4ecd-849d-4153e5e0a2e0,28e39e04-5ba3-41eb-808c-3ab653c2ef06,10,1,14.912731136228903,0.9650152998013017
5b4e9a37-b3a3-473b-8d74-9d28f1ce2dcc,2024,2024-01-27,8ce6b3fb-8bb0-49b5-acaa-caed76d542d7,da6b8f1b-a85b-4303-8500-c640c0d3132f,5,1,-0.48103808186265523,0.4424617505434844
5c8ac6a1-1cd5-4c27-8fe7-7dd7186d211c,2024,2024-01-27,63627b20-aa4c-4e0d-bcfc-40a5fe150e8a,9a06c3a5-a344-48e1-942e-a22438b842ec,6,1,-0.5099002598242639,0.4858349621235398
5f423401-85f8-4f85-8b2b-e87866aa5cc8,2024,2024-01-27,6d3e1830-dbbe-4e70-b7e9-1eb765f0acf8,25f32a40-1a9b-47e3-ab20-74659cba9520,4,1,10.26287864666976,0.8745401336709073
64b798e1-7482-48c4-8f86-f49d9b8bfacd,2024,2024-01-27,dedb6ed5-06d8-4ba6-a1cc-e3134a2c7937,e0cc707c-bdef-43a1-a3f0-c1ddfefdadd3,18,1,3.5059618979965683,0.6662302080602435
66f6fa17-2cee-43dd-babe-35187d1691b7,2024,2024-01-27,9c1431a3-21c9-46c9-8335-1b85a6022223,5fcb12dd-e3b1-4e57-ac30-33da456cd5db,4,1,5.843721599265412,0.6932253824946869
6c26c31c-f471-40ee-b84c-57a47fc5fe21,2024,2024-01-27,2acb9682-4dbf-4e25-82b3-0124cb5c07cc,e5bf7042-0036-4e9d-81f3-3126a9675ce0,-19,0,1.7588834807577522,0.558604092445616
6c50d7a2-9b2b-4551-9a4a-be3e297a7e79,2024,2024-01-27,686413d2-e94d-497d-a87d-ab911ac38ec7,16aca559-5828-43a9-ada9-f35f973f4863,14,1,11.900279673223778,0.8523215603464016
6d36a357-d443-408e-ada8-189414a32f52,2024,2024-01-27,b7c2bf0a-248a-40d4-aa1d-bf6329590a4f,6c5c20e6-a076-4fbd-b77d-61a1c7a3c5a4,-7,0,-2.4757900691057912,0.3760133801990843
6ebfc011-81cb-4745-8d9e-077561f96529,2024,2024-01-27,d74a1fb4-3afe-43b0-9bd1-7e0552ba73ed,30a1a9be-60b7-4afa-9dcf-92694c2703d1,-19,0,-6.7310459067504205,0.2612086222428809
702de2e9-3aac-4997-bc1c-d495fb10f72e,2024,2024-01-27,7fdeff97-4db9-4c33-9fc6-9f03bd977d30,b20b957b-b406-4f6d-8f7a-2f88e3b49bd5,5,1,-7.631249767103264,0.21471564265449963
728f507e-5ef4-4f01-a92c-13a7e76670d5,2024,2024-01-27,abad6a22-9569-47ad-9945-a6ad9345c30f,1d3cac70-c7f5-47ea-bb26-00ba78e1acbd,14,1,7.725054416061821,0.8142147780505292
7430eb82-31ef-4447-bc05-c4497117c4ed,2024,2024-01-27,115916ea-f145-4974-a257-5bb24f7c1ccc,550c3333-8e82-49d4-b9c6-ae13db14a84f,8,1,10.163615376514404,0.8423377388937857
7454fcda-71de-404a-89e4-8d6b2cd66d07,2024,2024-01-27,31108a77-31cf-4228-9c6c-3a9665e9e17a,125fc4dc-8f42-45a8-b23a-3e50f4620499,-12,0,-13.64542436886271,0.06723072162076377
7476df29-74e3-4bd5-965d-4aeb36970513,2024,2024-01-27,268a2907-58d0-4693-98bb-a6cecdae1c63,4b962e36-92f2-493d-a9d8-e62b725d5b76,8,1,0.33299383736625576,0.5004574913301111
7578950d-952c-4c35-9f45-f4006dc8202d,2024,2024-01-27,0c2a9ebe-8c6a-44ec-8643-1dbac7642ab9,65c68c5f-fc3b-4781-a912-2a4b17be699e,20,1,13.77807914792453,0.9440120648540052
7adf713a-638c-4704-92f4-57c23b5ae536,2024,2024-01-27,e8e72618-33f8-4013-8305-43775a278752,b4c9b613-0bc6-4295-b293-3b56c2020f1b,11,1,3.509696651998671,0.6481110893731356
8051dcd0-d2ca-49fa-ad64-3bef968d56c2,2024,2024-01-27,4b83e4dc-410f-4835-a8a4-8ccffc29e016,65cf0d8a-0a5f-4572-8516-53809f66ba44,-3,0,-1.082201150520958,0.4677947546391421
861f1fa1-6f98-4ea9-9966-e11e592f913f,2024,2024-01-27,b80e54ae-3b74-40f3-9954-a1b0805cd1e8,409dd213-f612-4ab7-a0ae-8060dd9a6ef4,9,1,-1.1381484434858917,0.4040566826575422
8986de40-e6d8-4d6e-9b46-3dab32487ba2,2024,2024-01-27,03a91d53-3b06-4e76-b037-9c97d09645f6,cc07b31b-464b-4cb9-89d2-ac26ffe3e5f4,3,1,-9.725909095553945,0.18743429828592748
89bf94ad-6b87-4b36-a9e4-c2aedfa9d88b,2024,2024-01-27,7ca95dca-8ca9-42a6-b9a5-307d339df9b7,051d13dc-5152-426a-affd-0cf01ef80268,-2,0,-1.764120935740308,0.488749886045722
8ba87797-995e-4d37-a5c8-bbb56527a3fd,2024,2024-01-27,887d2364-968e-43c5-83af-c227595022bd,e30e79ea-8947-4c58-9842-25781182ec2e,-10,0,-3.9418640260767854,0.3496463975261527
8c92cb02-7e4e-4e22-b59f-85b227c3310a,2024,2024-01-27,f916ec1a-cf31-4b3a-9d55-a8bdefbea199,c71ebd72-5c90-41d5-b1fc-544e4695d9d0,-5,0,-1.2149614789015168,0.42713931130596267
8cd4e0a7-d557-4e11-aed5-2586de136bff,2024,2024-01-27,6eb0ebaa-8c99-466d-8fad-68b897f2a9e2,639774dc-a89b-435f-80d2-4c65549fd3c9,4,1,8.046789904777219,0.7533672471394043
8d1e0478-18e8-4685-9ed9-8cd4b3829735,2024,2024-01-27,db374003-37d9-4d61-a3f3-7abec141d33d,ebf92b73-233d-4523-8429-ab00d5af1966,-2,0,7.27547692083302,0.7595878268057977
90d76ca7-0de3-424c-b06f-40378c523463,2024,2024-01-27,1394e3ce-706d-4097-9aaf-cad5d38aa5a0,101749c8-ec05-4370-a95b-47f56c433623,-10,0,-0.8540166366819348,0.4447644450667945
936b6349-5c9d-4116-ad3b-e88677c99fe4,2024,2024-01-27,1c1c3846-4bad-48b3-b8be-dba7d24af981,45959b35-f1e9-462f-aecf-565395a6fb6d,14,1,5.4850515487394835,0.7083871570526554
94a35660-d042-4632-9ee5-a615315ab076,2024,2024-01-27,63eb578d-eef3-448b-b0ab-b4892ef058e0,2aed7aac-f38b-4fae-84ae-9e9c9ac71a3f,-14,0,1.1214521032441265,0.5826231720252866
96566cf8-e03c-4b76-a5a5-c169c2abbe9f,2024,2024-01-27,dfdc9d0d-4a83-4244-9c07-9b3660ba4f6f,4c4cb93b-7b16-46b7-9d21-5ff908de25a6,-12,0,-9.580244206950132,0.15241179293655419
9683c45a-e1cf-41d2-84a2-6624afbe7101,2024,2024-01-27,d7bc8ff0-3522-40a8-8309-346e8b4cf9be,d8cd723a-1d76-4abe-be2e-516e52724947,-11,0,1.265518866158207,0.5661339699082709
98725d1b-4ebf-4162-ac1f-c9baa2907e19,2024,2024-01-27,a7e91e1e-3644-4f3c-bda9-edddb9602a27,1b0dd005-3190-4ca9-b74d-111343f2fce0,4,1,9.858833660931445,0.8228769479949026
9ba9d009-96b7-43f7-9ba9-afab2b9dc96b,2024,2024-01-27,312a943b-3a6a-4f8e-96a3-02cf6ff38b41,7d57c2ad-190c-4c1b-8987-ab2007a42023,-4,0,2.3841986462187283,0.5691341241472964
9bfb5f98-d859-40d9-8eff-17962e6591d6,2024,2024-01-27,a4bc2fe7-4083-4c33-bce5-6cac3e161a7f,e42183ad-b44a-4746-8c0b-148ad61bab43,-6,0,2.7511624724483354,0.582287632458333
9d7c10e3-4241-4fd6-aca0-ef251a820cfa,2024,2024-01-27,dbfecb75-86bd-4650-9fc0-4d85eaeabbbf,38cf12f8-b27f-4c69-8f14-254930816a8b,15,1,22.78584595275956,0.9692844773404848
9f4af9cb-44a9-4fc7-8f69-aa26337bc1a8,2024,2024-01-27,c3681649-6e1d-4bf8-9b47-1d2868dca3e9,2ed44d95-e306-4823-a4c3-196ffb777766,-11,0,-7.113493152728535,0.21240477782045444
9fcf97ab-18a7-4bbf-9ef3-aa9b59dca04f,2024,2024-01-27,8fce643e-75f7-4242-b565-2a4818e1eeba,74434c65-ac07-4a97-9998-737791311fb1,10,1,4.060623608802707,0.6607413152246633
a2b2dd3a-e013-41fe-bab7-8c65fdf79cbf,2024,2024-01-27,5f480384-0cfc-4e90-837d-db9cc8d292dd,f9a8f2d4-c836-4b2d-a4f9-47f73b8c033a,-12,0,0.6705361015028051,0.5285976826460375
a2c0391c-50e9-4cb9-a2ca-5c094da6ae14,2024,2024-01-27,eaac3de1-dd32-49d9-abe3-f56bbff80cde,e1ef03af-e420-475d-8a35-c6e5380e9f6d,6,1,-0.8802547616585366,0.4446792043671203
a50d0813-dbc4-4da1-b5e4-7371adfc5444,2024,2024-01-27,529e7dc4-6b55-487c-84b3-598dd9941301,e51fb2de-db51-4fbd-ab63-2a069c126779,12,1,4.920418164183141,0.6493623592815718
a602bbbb-6e67-4d97-aa28-1e1f0a55aa13,2024,2024-01-27,371811fe-0533-4539-97b1-b56f642d0fd9,89a85f65-8bbf-43db-b23d-362af1afc44d,10,1,11.064890506508359,0.8516551522570931
a64ab5dd-3a07-47a3-8491-3ccd3b4f5da5,2024,2024-01-27,6b296d7f-de88-4a16-8a22-b28077a669c4,5091ac5b-fcb1-423a-9cf2-0981de634633,10,1,15.757565569588474,0.9360096353591975
a69b70b1-c07a-4b50-963b-1c01885acb75,2024,2024-01-27,632ba9bb-afd9-4b5c-9c3b-4e60816c8e4f,8a7ae133-e612-4f1b-911a-a72870f8b4d6,-10,0,1.610457682630287,0.5677315202490196
aa5cf7de-73f6-417f-8786-c218b01b75e8,2024,2024-01-27,c58c3009-46ec-43bd-b27b-b0d683ab2cad,6cc29af2-0d45-4399-b571-caa43e20e554,24,1,13.004759535153426,0.896320512887839
ac9bd74c-80b0-44ce-81be-97bd5fab33d4,2024,2024-01-27,c51998cc-ad65-43ec-88c6-a0f160ff7902,73db7905-652b-4320-aac7-243f2f2f70a2,12,1,-4.842457970387813,0.32239965441981594
b2b54e6c-cd06-4991-862a-7026fe4bba98,2024,2024-01-27,dd1136c6-9974-4186-b206-7e24f2bf7dc3,f92587ee-8d25-4b09-9a60-6203f75c974f,-6,0,-2.44513657217794,0.4135629456051665
b333fa67-3d06-4352-a765-64b769329473,2024,2024-01-27,791eb121-5f34-499b-a1ff-469bc9007fe7,4aa110b4-c8f4-438d-b44c-2d6a5c74ab8e,28,1,10.2920078699453,0.8259372383647702
b58289a4-8900-4e5c-be48-8eb87648ae68,2024,2024-01-27,91d935fa-7d8c-41e7-a184-72c0f770d10c,f6d188d9-c992-4de8-801d-4995b25abaae,-4,0,1.0290564941860438,0.5546508961032788
b8dfccf0-b289-4533-a772-10fca850b13e,2024,2024-01-27,8e26bcb3-616b-4c7c-a709-bf30d2ddce41,e3158bc2-1467-4311-8540-c4f77e10aab2,-7,0,0.6498585092556063,0.4904572754848851
b959193d-23b7-4e09-a41f-2bc2df575295,2024,2024-01-27,5bd874c9-de44-4954-a4f6-428ed3fde8a6,47b967e4-0689-4d1c-863b-9d82c6ffbfcd,-2,0,0.5943072178238243,0.46786232899426505
b95a060c-683b-4cbb-98f5-1d02165f771f,2024,2024-01-27,3a30d561-24be-4bfa-8d8d-75e645c4ad5f,9b6f0f32-d8f1-4921-aad2-a16c420f3183,23,1,27.193134644385854,0.9917736023872153
baaed4e0-36eb-4cc4-ac36-f5d5c6f1dcbe,2024,2024-01-27,155c1dd9-ba93-42ee-a28c-238768724494,dac01aea-9f35-463a-9dce-75d4575160dd,6,1,-2.8654012574624215,0.3506449684301535
bcbdaeeb-0104-4cd3-a34c-846b663240d2,2024,2024-01-27,65cbd49d-db3a-4043-8bb7-7bfcf57c017c,3763fb9f-1ebe-4dbd-bfc9-6638b14a2a51,2,1,-1.6616298233914069,0.43678543192073827
bdb7c065-5e6a-4e73-99ad-ce93fae5a9da,2024,2024-01-27,754d9f26-9ca3-4bb8-8aa3-065bcf9ec6df,e308f5e0-c422-490c-901a-575bb49f1c7e,-15,0,1.1392436539718347,0.5761703883034003
bddbf156-4848-4392-b4f8-c7089275715d,2024,2024-01-27,58113924-4aef-47a7-a675-cddc9e355cd5,e72d1807-6463-450b-b561-c3727b286584,-1,0,1.04071081833608,0.560161011650992
bf0c4919-a484-4b7c-9d5f-1ee8118e314a,2024,2024-01-27,ba033ab0-c07a-4b71-b7f4-243ae194d23b,8b8c3790-682d-4010-b304-45ce213ad62f,5,1,18.956829773987618,0.9810771747760686
c2e971e0-cb06-46f4-82fa-c4217216c324,2024,2024-01-27,69e6a4c4-bb68-4c30-86d8-3cf7d51c7db7,79479954-cdbe-4601-a82c-35936960a7dd,17,1,14.633239664780067,0.9298742506555223
c867bda6-d412-4da6-b475-937959f8aacd,2024,2024-01-27,f93c4c92-e869-45e6-8970-2a02d80141c9,2ca82167-d915-492e-98e0-4ee592960583,-6,0,0.6787573160194365,0.49253763964484404
c9240bde-45e7-4c41-b6a6-3cd4b88de478,2024,2024-01-27,c58166c3-f02a-4e33-9fd0-9fa7b0711d94,b1937cc6-0f34-4060-82ec-b2bfe4c05aad,-1,0,6.9479155998576445,0.7431181888709484
c98891dc-e98c-498a-8470-1467bc64750a,2024,2024-01-27,873b654a-5825-415c-8a11-5e5b15bd2ac8,6474358a-819c-42e6-92d7-0fd3ce20d239,3,1,-3.049450544417853,0.37749281922517364
cf79a3f1-8edb-4175-bf64-cee484016ac7,2024,2024-01-27,f245c41f-897e-4985-9153-43034bb26bfa,5368fba0-1d0f-4310-9dea-c25c58762dd1,9,1,8.060401342502162,0.8063897041265958
d1349a64-22b6-410c-b2af-15d2ba0282e4,2024,2024-01-27,312cd404-9fa4-4f04-b8b0-cfed95e31398,df2a7293-fc74-4f81-a93d-98c8989ea725,3,1,4.562823192246283,0.6651764164914299
d548897b-f1ca-4806-b677-c0f1c2b28972,2024,2024-01-27,45e40bdf-5c84-42ca-84d2-a823db0b6609,7f15159e-f7a6-4016-869b-962879f5c296,13,1,0.8881200968663908,0.5223983153942529
d627f093-f35a-45c9-a333-aa970284d031,2024,2024-01-27,9d7f5648-4f47-4192-9d8d-78454c962bed,4c073afb-cc2c-4ed2-bd8f-2f545ae1bea5,22,1,15.387175214333451,0.9559204604478863
db7e2d27-4b91-46d6-bb12-120841f1cfc3,2024,2024-01-27,bf4f25da-dd8b-44d4-a4b7-4671b3c37db9,af6bf0c9-2e1e-4334-8982-93f14a35af57,9,1,3.0284891931969615,0.5945273717442715
e66b1028-c7a8-495b-b26b-2e66578601be,2024,2024-01-27,a7951831-d013-4591-8037-4212b4a85c3d,09fca7ef-baed-4af0-a553-465ae1160049,-9,0,-10.048661750901193,0.10354828925088846
eb256adf-e0a9-4374-9351-5d3fb47e3955,2024,2024-01-27,84d66f69-10df-4b33-bbb9-5ba2ef708ea5,20abe49d-2029-4327-96f6-389664f5da7f,4,1,9.506930973956125,0.78966103257942
ed3429dc-e4da-4e8d-8afb-c35e9b9f5e55,2024,2024-01-27,fd495afa-fc22-4081-905c-24f40ff2656c,51a31921-d3f2-4514-821c-23df38e74559,-17,0,-7.724038259213894,0.2032842546901878
f1ec7de3-07c1-4e59-a274-5ed7041068d6,2024,2024-01-27,e06623a6-8f03-43b1-83f4-b653f6819ea2,2e49ce6d-63ef-45d9-9048-67fcdb01a46f,-13,0,-15.686312930965245,0.031919271149377516
f3b73345-c773-4048-99e8-5aad79970c38,2024,2024-01-27,1ac84e49-be83-4e9a-b4a7-0fb0b7465b32,9f152b52-7847-49c3-83b6-8c68295d484a,-3,0,3.6281014500772817,0.6640222504624109
f48b5b9f-3b5c-44fe-aa0c-6dd73fd325b8,2024,2024-01-27,730db31e-4fab-472d-bf25-7b882deff0b7,993f004a-13e0-4079-8706-332aafab29c2,9,1,16.079724814838194,0.9548141804211069
f6135d6d-0772-4ce2-9461-618c320cfb99,2024,2024-01-27,bfd4c500-09b6-46ba-81ae-48b13f8345ff,b255fc28-3428-4006-adf1-9c1001ecb1a3,21,1,13.563010048706193,0.9490289733217115
f835feec-b346-40e5-be8c-1e2ced04c5b5,2024,2024-01-27,fc7ccbd1-42ce-4200-b33b-0f8f3de48473,73a80df0-15db-447f-b97c-418cc82a508d,14,1,13.114474376929047,0.9122997227899424
fa9a9feb-33c6-406c-9fea-e5e5e377df7a,2024,2024-01-27,f5583f43-2ae1-4834-b364-107222763dde,3bdd846d-463f-4ddf-8719-13ed1e3f2634,1,1,4.6521995758740955,0.6934241404943733
fad7f219-2825-435d-a12c-031a92795539,2024,2024-01-27,ad9b8341-2ebd-49c4-8bf9-bf5d4811bc0c,97bd823e-8c6e-4942-a5ca-735b3a45ebbc,14,1,11.759680245388143,0.9018124834815884
fbec652f-c0a7-41c6-8c1a-1652847a254c,2024,2024-01-27,49c78722-1476-440a-9de1-896fb7b7db88,db9d85a6-59a4-47ff-a287-b40442bf460b,-2,0,2.5209117213102847,0.5713697818788445
fd6e3d06-6b47-483d-a812-ff529a9cb357,2024,2024-01-27,ea8c66b5-8fe3-41dd-a56a-b85bfdc613c3,c0dfc734-0d40-4cba-86b5-fb2ad5c73da1,18,1,11.63230696501823,0.8911665266462352
fec1a5e5-19f0-4be3-b293-352bd76064a8,2024,2024-01-27,a9569511-9e5c-45d1-b958-3e29c52f612e,644a0213-9ca5-4238-af33-7c8ed45fc88b,25,1,6.538061259098589,0.7781434074931557
ff9a6ff5-dfc5-4d5b-ba49-062b65d4064f,2024,2024-01-27,76748a8f-7de8-46dc-b80c-a1a7fbcb84ea,dcf85f3b-a79b-4a61-9cd9-d6a90541bf3f,10,1,-2.051429513693372,0.3989875656240695
106f621b-f8f8-469e-b492-d3c5fce3aae9,2024,2024-01-28,fd42047c-b7c6-4dbe-93e7-69cfd125995c,00b63e00-850e-4b09-b660-a5e698f46b61,-11,0,-10.093125875645727,0.13091677656802325
254ceb3c-18a3-49bc-8a5b-db52b62f15f6,2024,2024-01-28,8af88029-6520-4f85-a99b-0f10d820a167,629ca4e3-9243-47ce-8a02-ee7fe38e857c,6,1,3.804685606351838,0.7030203630796824
33746766-cafa-4582-9ef5-dcfc9314c4f0,2024,2024-01-28,2408f22b-e753-4c5a-9353-be75a4fb2164,d7b7310f-6983-4a09-bb56-fda96e9f761d,5,1,2.2629732896556605,0.5725642185693608
4fc845cb-84ab-4630-9e52-3d8f684af175,2024,2024-01-28,696e6eb5-b8dd-4d44-8780-1e6c678615bd,79bf464f-0d3a-4992-b310-86d2abbc2244,2,1,8.426333894396397,0.8101367803506325
535c555d-9572-436f-9035-448771128364,2024,2024-01-28,ed50f577-3ab9-4627-80f9-bc931ee42370,9341db15-6a24-4506-804b-e37983918ab9,30,1,2.1160781002587634,0.5650737596516344
58af8a33-7948-4bed-a73a-9b3c9dded5b7,2024,2024-01-28,3e3e940b-dd81-42f3-88f8-4e988278be04,4928acd4-6738-4045-be81-20132f6471c8,20,1,6.057765199463795,0.7909892016412218
851fb7a2-1b79-43d7-8112-f25b297aae51,2024,2024-01-28,9ccf2901-b49f-4aa3-8a4a-d59d017dfabc,f18598d0-e0e1-4f15-95f2-e11df8bc3126,34,1,6.002423944555141,0.7213439416644936
89d75611-3af9-41cd-ba7e-b2a0bbcd16c2,2024,2024-01-28,0c8ee784-d7e9-4ac4-b0c7-3ca89567c515,58bacfff-257f-4f54-bb05-241bd6353626,-2,0,4.00786872003709,0.6707940964987692
993a74ef-1deb-4d99-9fb4-b27aa14c0589,2024,2024-01-28,b2d5fddd-b407-4fe6-9d70-e921ab7b7e1a,5cae196d-fd0c-4944-8120-41d5abecb290,3,1,7.1870136034599845,0.7561248520667403
a8d76a47-f090-4b17-aa8d-ebb9fd4a02bd,2024,2024-01-28,853125a0-ce88-45ba-9815-9387fac3d278,cd369794-6765-4889-bd1c-89869447620b,-8,0,-11.186372424714666,0.09447649514393451
d30b3730-8c07-4e09-9cdf-d90ee6fe6819,2024,2024-01-28,9b465025-fe2a-4233-b24e-310dbccdf4ed,d8e747fb-453e-4894-9a8f-08598fead336,-6,0,8.586115660649826,0.8375355418688375
dc79b198-65a1-489f-a77a-74654e8be29d,2024,2024-01-28,5320f527-fbbd-4bb0-80d3-0de759475d59,82ee0a8d-e51c-4a87-bd7b-72707ec8b342,-9,0,-0.6958753112107959,0.5052245325835178
f7bb9fed-0f20-4e0b-81c4-d80d8e3fb334,2024,2024-01-28,4a01023d-3637-4ac5-bf1f-37c08b2438a5,350fe1ba-284f-4709-8cdd-3f745fcff0f8,43,1,20.21611163102238,0.9873401072727389
fabe0b6a-01fd-45f5-a8d0-e77db280e988,2024,2024-01-28,2bb9930f-6a64-4fb0-8ae7-2d18cc4ceb5c,df1d6c5c-77eb-4d21-b5dc-6cd579f74d2b,-7,0,-15.477745819944694,0.06252667088540234
4ef77af9-107b-4752-9d8c-ae380710fbe7,2024,2024-01-29,e51fb2de-db51-4fbd-ab63-2a069c126779,9d7f5648-4f47-4192-9d8d-78454c962bed,-4,0,-4.629219133096613,0.3074432593850164
7bc7ef9f-7341-47af-9131-6399c6d9ef32,2024,2024-01-29,1b1fcea3-d0ee-4307-b5a5-4c2a4a591484,01300ab2-c4a7-4740-a5ac-3541d598620e,-3,0,-1.8849752222466338,0.4780814321542642
8181facd-f906-4892-ac62-16bfd111afa4,2024,2024-01-29,63a49366-1e4a-4ecd-849d-4153e5e0a2e0,7293bb2a-8d08-4752-b00d-104a80da0371,10,1,7.347833019063068,0.765863590283442
878541c4-0d52-4c5c-bcbc-6a54ebf5957b,2024,2024-01-29,546e1911-9caa-499e-92f4-afa9c6b1e8c2,26d69f75-49a0-4d07-968b-2b549e059c24,-15,0,-6.4679606369124185,0.2570754025714291
a7ae23ff-05ab-4b71-a7c6-ebfe95c2e5ca,2024,2024-01-29,bba8eb68-9989-447a-90b4-27c8d0d32bd1,b9e1a15d-9de2-45e6-9fc8-b3444d1bc0b5,-10,0,-4.740301841736137,0.29498813764703025
cf994647-a8da-4bcc-858f-6bf57456db2a,2024,2024-01-29,28e39e04-5ba3-41eb-808c-3ab653c2ef06,1814170b-a11b-4328-99b6-082f1e76f5c5,-15,0,-8.405746136680433,0.21556183195339232
e10f139c-b8dd-4adb-9fbd-96071fdd754d,2024,2024-01-29,20abe49d-2029-4327-96f6-389664f5da7f,89a85f65-8bbf-43db-b23d-362af1afc44d,-22,0,-7.4951099331745255,0.21545080397631713
ea7b9e2e-255d-46a7-b989-0c2950150577,2024,2024-01-29,2c8d46b6-8e8e-4229-85a4-0713fe1c6c4f,23b31575-028e-4661-85ac-8d5835d6726f,24,1,20.113887820708293,0.984245404582036
ebbae6c2-a60d-4739-ace9-882913201945,2024,2024-01-29,ad9b8341-2ebd-49c4-8bf9-bf5d4811bc0c,b6c9db49-45a1-4d98-9a80-dbbe19471992,24,1,18.233709377638018,0.9675304154114445
edaba961-5e51-4af8-9489-07449e4f24c9,2024,2024-01-29,824aff8d-6409-4191-9ffa-e2daa335b7e1,97bd823e-8c6e-4942-a5ca-735b3a45ebbc,-16,0,7.863851663154605,0.8205128021083217
f9408f40-07cd-45ee-b001-1a885bcdd2df,2024,2024-01-29,64f3b1df-37cc-48ef-9741-b85506e7c500,72d2e856-e65c-4184-bc2e-38e805170efe,11,1,1.3434207098431858,0.5186195700605701
ff0caeb4-206c-4d65-a97f-d5c7b90491a9,2024,2024-01-29,371811fe-0533-4539-97b1-b56f642d0fd9,57c91ea3-1f48-4879-a664-232fba59cb1e,25,1,12.304377258463136,0.8975908231242941
115d0762-d3b9-4821-85c7-256ac15cb091,2024,2024-01-30,4e9aa968-9ad5-4833-b9a5-7d89b35976d4,c71ebd72-5c90-41d5-b1fc-544e4695d9d0,5,1,-2.3247395765598293,0.3504645116052181
1654f4e0-9d9c-4ce6-967c-d328da85c125,2024,2024-01-30,324e37b8-f52e-449b-909c-366c81488fea,2deaf391-9719-4c95-bb3c-acc6f8baba86,-4,0,7.124146545812964,0.8109002973100464
16dee85e-2a27-4597-99af-bc52ff0c7b45,2024,2024-01-30,5bd874c9-de44-4954-a4f6-428ed3fde8a6,ef75db17-4afb-4e3b-a928-30e871ec130c,-2,0,3.3436590960045294,0.6831452057118964
28104225-102a-4f25-83d2-6b2cd1386762,2024,2024-01-30,2b1a3f03-7d93-471b-be12-d487164eae0f,60ee2d19-003f-4603-a2ad-838b3e6d6cc0,-5,0,-1.8135244558962467,0.3706465035035993
36f8f528-f0b7-44ec-9a53-33112dcb5235,2024,2024-01-30,4494a75c-3ddb-41cf-b75c-67fb9c0537c9,49f72498-1bbd-48b1-87b9-cc90196e205a,-31,0,-7.705762059243923,0.21966127080563752
4aa89c2d-c846-409f-b7c7-a2d52765de5e,2024,2024-01-30,644a0213-9ca5-4238-af33-7c8ed45fc88b,9cde2e64-799a-42f1-84dc-71779b1219f5,-12,0,0.22272699252699446,0.4943827469826041
61e91542-6207-4713-b804-dbf74bec7213,2024,2024-01-30,2e49ce6d-63ef-45d9-9048-67fcdb01a46f,115916ea-f145-4974-a257-5bb24f7c1ccc,-4,0,12.827401014571864,0.9211197815704927
6e6b865a-0300-454d-af87-e27e7ced5e60,2024,2024-01-30,9b6f0f32-d8f1-4921-aad2-a16c420f3183,95466c2d-a184-48f8-849c-d6957bd1df52,-33,0,-15.427268628614124,0.051610783936384734
6f182aaf-09a1-44ed-ada7-dc42fda3cb33,2024,2024-01-30,7048a12e-ec8b-4bf0-a475-1316775a4964,632ba9bb-afd9-4b5c-9c3b-4e60816c8e4f,22,1,16.680987023777906,0.9676305202494164
6fbf394e-fc58-42f9-b33d-23ef8a5ce499,2024,2024-01-30,384d8319-2770-4b9a-bb32-bd4da034d104,155c1dd9-ba93-42ee-a28c-238768724494,4,1,-2.0857803817078824,0.407490324201208
80877650-8a06-4dbf-849d-23aa86dd8082,2024,2024-01-30,73db7905-652b-4320-aac7-243f2f2f70a2,2851d469-fe75-448e-9d6b-4bde7ec96e06,6,1,9.512037365311556,0.7896445918999465
8ee86940-1b65-4935-9b59-3f0f2895d481,2024,2024-01-30,45959b35-f1e9-462f-aecf-565395a6fb6d,03a91d53-3b06-4e76-b037-9c97d09645f6,-11,0,-3.96490617162028,0.3104883147579114
94d00774-e76b-4abb-a875-d9747cbb4354,2024,2024-01-30,8fce643e-75f7-4242-b565-2a4818e1eeba,1cabfd4b-0114-490e-8d0f-1257cd7f0ae1,-9,0,-1.4469143050833126,0.4209113489411254
9a1747de-bedb-4b8c-a19d-cf36e5601c89,2024,2024-01-30,f3cf8061-767a-4873-9e24-5cc4c9a6a1b0,2518e2c1-28b1-472d-9fdd-5d97d9f1ea99,21,1,16.668169376207015,0.9634784647268643
aad54f23-216e-47f0-98f3-844ba2554119,2024,2024-01-30,e42183ad-b44a-4746-8c0b-148ad61bab43,dfdc9d0d-4a83-4244-9c07-9b3660ba4f6f,21,1,14.803916905020507,0.9601122765351374
adc6851c-d112-4a95-b4d7-1280a20ad033,2024,2024-01-30,00a52b15-70b5-47b1-86c6-8e30652728c0,19b40071-00ca-4d8a-8188-a03d635e9811,15,1,7.032821052448008,0.8610593761865223
b7100d40-180a-4ea3-82ba-6a50094156a8,2024,2024-01-30,4c4cb93b-7b16-46b7-9d21-5ff908de25a6,1c1c3846-4bad-48b3-b8be-dba7d24af981,9,1,14.51209385380972,0.9554214502687984
be2137ae-bfc4-4cee-990f-5d13ab71cbc6,2024,2024-01-30,b7f069ed-b9be-4147-b87e-fe1bef8386b4,101749c8-ec05-4370-a95b-47f56c433623,6,1,-0.07848959735844445,0.4517967520019788
c5280eaf-214e-46cd-920d-b0b65d38c871,2024,2024-01-30,cc07b31b-464b-4cb9-89d2-ac26ffe3e5f4,a66213c2-5ad6-4d77-a7ec-85700a223ed1,8,1,1.4093663133632046,0.5705220719597082
c77afe88-a4ce-4bdd-b269-e29376cab8dd,2024,2024-01-30,439b6cee-3be6-4471-bddf-f7cb8c69cc85,1394e3ce-706d-4097-9aaf-cad5d38aa5a0,19,1,12.545663091839842,0.9275269275850104
cc012807-39cb-47d2-8ce1-879c9d307d30,2024,2024-01-30,1b0dd005-3190-4ca9-b74d-111343f2fce0,9c1431a3-21c9-46c9-8335-1b85a6022223,29,1,10.475333251876515,0.8844072197571503
cc3b197a-28bd-443d-8b00-2ee254d9e83c,2024,2024-01-30,6c5c20e6-a076-4fbd-b77d-61a1c7a3c5a4,74434c65-ac07-4a97-9998-737791311fb1,7,1,3.1906709642064617,0.6167615357378238
d3eccf46-8395-4ffb-b8cb-37acc07e6980,2024,2024-01-30,25912c1a-f2be-4c07-857a-5eef6aadebda,fd495afa-fc22-4081-905c-24f40ff2656c,6,1,17.220981941214287,0.9700151450324362
d784bcca-1cd6-4d5a-9edf-956a374ae530,2024,2024-01-30,5ace87dd-23fb-4317-bc7f-8d80556ae6b4,5052a2f3-f41f-41e4-a681-c6277fec0404,1,1,-14.924645716407266,0.059590713350458034
ee8fa135-be88-467b-85cc-9eaab7e08ca5,2024,2024-01-30,65cf0d8a-0a5f-4572-8516-53809f66ba44,c51998cc-ad65-43ec-88c6-a0f160ff7902,5,1,4.32550181759688,0.593554390414677
efdf1a30-5e63-4f9c-b81c-a2e4b64a1d8d,2024,2024-01-30,228bf81e-d4c4-4b81-9b51-74ff2fd3f7c3,b7c2bf0a-248a-40d4-aa1d-bf6329590a4f,25,1,11.86122511771458,0.9134169389447571
f4487456-52f0-4d5d-861d-eedacf99a447,2024,2024-01-30,4c073afb-cc2c-4ed2-bd8f-2f545ae1bea5,58113924-4aef-47a7-a675-cddc9e355cd5,-20,0,-2.218919031822256,0.44634130445723696
f540b339-27a5-4ddd-9546-8763ec1c04fd,2024,2024-01-30,9f152b52-7847-49c3-83b6-8c68295d484a,e72d1807-6463-450b-b561-c3727b286584,7,1,0.4674541900123922,0.5234252541006242
f918ab34-ef8e-4f5e-bcf0-08bd93c10c39,2024,2024-01-30,993f004a-13e0-4079-8706-332aafab29c2,8b8c3790-682d-4010-b304-45ce213ad62f,4,1,2.716287213213549,0.5982719540429261
fa395409-d192-4873-a684-dced490b27b3,2024,2024-01-30,7747d9fc-9e15-4b0f-911e-ba64828748ed,c05bd27b-1eb5-4bfc-b1ec-29735fe183f2,34,1,21.359679601172072,0.9837563067971777
00ede102-03ed-402c-884e-cc4952cfae07,2024,2024-01-31,57144631-7473-4b46-a437-8e2d8c760f87,8a7ae133-e612-4f1b-911a-a72870f8b4d6,2,1,2.653944364741779,0.6432554302875223
0fbe2f49-71f9-47cc-a578-553d75e4d9c3,2024,2024-01-31,2f0bd8d9-4435-45ed-9efe-045f835c15a8,64c5c3a9-f1f6-4f48-b571-1de27621f06c,5,1,-1.2213097200078644,0.4802372269213802
188d2fc2-506c-4e8a-aee9-82d84fcff298,2024,2024-01-31,4e9067f6-7760-4a2a-ba37-273c77915540,49c78722-1476-440a-9de1-896fb7b7db88,-3,0,12.92089139980031,0.867181829626958
1cb977b0-67eb-4c70-917d-33c898933282,2024,2024-01-31,dde8f534-10a1-430c-af83-43b026e7ab68,76748a8f-7de8-46dc-b80c-a1a7fbcb84ea,2,1,13.888392122755695,0.9505925969788422
30d7c0f0-4ed1-4800-b187-c77ea0a28e7b,2024,2024-01-31,350fe1ba-284f-4709-8cdd-3f745fcff0f8,e7f5f157-7a33-43ad-8282-59e1c4ad9b25,11,1,-3.5715984416509228,0.36882494809854105
33e78705-c574-4ff1-92ba-a3a52f116f03,2024,2024-01-31,5cae196d-fd0c-4944-8120-41d5abecb290,7eefd1e5-aea4-463e-ae74-c628b0fe170e,-3,0,3.1136439201434176,0.6053502052681089
34386aa9-1fc9-4de8-9927-9d6a25d967bf,2024,2024-01-31,638757a6-508b-49af-b5d8-661c0059c04c,a4e0b7c0-e98b-4e65-9408-e26a9aedac8d,7,1,8.570359051339556,0.7913714591652242
46ced7c9-387d-4924-8bea-7eb23e5ede30,2024,2024-01-31,52739295-a20d-42ea-b09c-a1e17be40d02,44e2611c-d02d-4019-b2f5-da0e4ad35df1,7,1,2.419490067493121,0.6100723310441017
4cd63f1c-b885-4532-9ee6-7cf3f3c18dbd,2024,2024-01-31,47b967e4-0689-4d1c-863b-9d82c6ffbfcd,2ed44d95-e306-4823-a4c3-196ffb777766,-1,0,2.8210838164794176,0.6493412205317936
5cad0273-f8d5-4203-93e8-fd7d625ce9e4,2024,2024-01-31,546e1911-9caa-499e-92f4-afa9c6b1e8c2,84d66f69-10df-4b33-bbb9-5ba2ef708ea5,5,1,7.5991436210806595,0.7933112475088661
5cf90aba-ff7a-4e96-9e3f-0f4b00942e8b,2024,2024-01-31,abad6a22-9569-47ad-9945-a6ad9345c30f,c3681649-6e1d-4bf8-9b47-1d2868dca3e9,11,1,22.67850161125141,0.9847799515981354
628da4d5-3af7-4ecc-8d0e-2acaff1f988b,2024,2024-01-31,04119628-781b-40f9-ac7b-3c8fe82375cf,9a06c3a5-a344-48e1-942e-a22438b842ec,20,1,0.8915315971254031,0.47259554473150295
665ea3e7-6957-4f96-96eb-7c78305c315f,2024,2024-01-31,22ae415e-1335-4b89-a126-bbc7a1d7901e,791eb121-5f34-499b-a1ff-469bc9007fe7,-6,0,8.576827107350248,0.8175064285552414
8553de04-6eec-423b-876e-88e55bcd38ee,2024,2024-01-31,db9d85a6-59a4-47ff-a287-b40442bf460b,2408f22b-e753-4c5a-9353-be75a4fb2164,11,1,0.40231340276441013,0.5424178103878169
87be5c37-5d6e-400d-80d7-e115de1c20f2,2024,2024-01-31,7f63e419-1d15-4c08-84b6-dc393ca0146a,05f1d3d6-8079-4142-beb6-628fd19c74ca,-3,0,9.680220535421968,0.9005390633689103
8b3b682d-ac04-4ec5-8323-b47682ed2699,2024,2024-01-31,8044cdf8-5fd0-47d9-8a07-8a29b2ca7b9a,312a943b-3a6a-4f8e-96a3-02cf6ff38b41,12,1,3.8491193553661014,0.6483694407827897
8d3e145d-d623-4365-b86e-e07541a70f66,2024,2024-01-31,9ccf2901-b49f-4aa3-8a4a-d59d017dfabc,a4bc2fe7-4083-4c33-bce5-6cac3e161a7f,-8,0,0.7730650604975694,0.5335738674620129
8db811e1-acdb-49a9-bcce-e2cd8d81211d,2024,2024-01-31,4aa110b4-c8f4-438d-b44c-2d6a5c74ab8e,dcf85f3b-a79b-4a61-9cd9-d6a90541bf3f,-3,0,-3.9564633434657486,0.3648418326680566
8fe869ad-0a3e-4cf4-8c7d-b0b043bac08d,2024,2024-01-31,bc3f184c-a2c4-4518-89d1-f58ee454b86e,33176e8c-5f9d-4bcb-8c56-9a0a5f7d7f1c,-6,0,-13.62185921744018,0.09227748922002765
974a7ad0-28af-41f7-a5bf-7577b71c4c50,2024,2024-01-31,17a3b4e9-cfab-43a8-b7ad-73508d4d890f,4d3124e9-6470-49c6-8f2f-806813c60883,7,1,2.9472142384215996,0.6220704551296673
99709630-4eb5-4e73-af9f-f86a9c76a120,2024,2024-01-31,35d0a28f-e3d7-43ca-90cc-daaf0b7c278e,c840b153-1401-4ebc-9549-e027df3cc7e1,2,1,1.064169755521251,0.6042257741821028
9a028aec-9f7a-49b4-997f-31dd54199994,2024,2024-01-31,f92587ee-8d25-4b09-9a60-6203f75c974f,6d3e1830-dbbe-4e70-b7e9-1eb765f0acf8,-3,0,6.834217922530725,0.757200592923012
a5b8dbfc-aa0e-478d-a916-279f22842139,2024,2024-01-31,550c3333-8e82-49d4-b9c6-ae13db14a84f,dd1136c6-9974-4186-b206-7e24f2bf7dc3,-7,0,-1.677656144156042,0.43561019509014337
a92848dd-4530-48c7-9bb2-ac02495a0cb7,2024,2024-01-31,cd369794-6765-4889-bd1c-89869447620b,a9569511-9e5c-45d1-b958-3e29c52f612e,9,1,12.913470699478928,0.9021279707086118
bca81f6a-2791-43ec-8869-d5802f2215ec,2024,2024-01-31,238b3f68-0b29-4056-97f6-6c10a093cd62,15de2bd3-69fa-45a8-b95c-4d5e91232ab9,9,1,-0.7332627907119446,0.46008939853574227
c097134c-2157-486f-911a-601602a0aa8f,2024,2024-01-31,3e3e940b-dd81-42f3-88f8-4e988278be04,f2e0429e-8513-40eb-b536-1aca6697aee5,8,1,8.066015703474294,0.8581735711838436
c71eb50f-737e-4194-90c4-38ae7f54f380,2024,2024-01-31,da6142ab-a5fa-48a0-b6ec-864a8119be75,8c121ba7-b028-4d29-8ac0-bfc3c1ff7b57,5,1,18.533580929170956,0.9698796577343732
c8f95389-760c-4e48-9b04-fc1f2a775d38,2024,2024-01-31,da828fff-cee9-4151-bc4d-983ee436f573,bf4f25da-dd8b-44d4-a4b7-4671b3c37db9,-6,0,-6.728542972886394,0.31240822479031943
d2eec2c8-a3eb-4da3-8807-f09d43a44d0b,2024,2024-01-31,51a31921-d3f2-4514-821c-23df38e74559,4b83e4dc-410f-4835-a8a4-8ccffc29e016,12,1,6.191159048567077,0.70912789711501
d85c8c2e-fdbf-47ba-9ac8-c0a0ba6ed324,2024,2024-01-31,30a1a9be-60b7-4afa-9dcf-92694c2703d1,887d2364-968e-43c5-83af-c227595022bd,19,1,16.277504135143257,0.9615345195855366
e0bebb84-562b-4f44-bcde-0ff873e91080,2024,2024-01-31,e30e79ea-8947-4c58-9842-25781182ec2e,7d57c2ad-190c-4c1b-8987-ab2007a42023,15,1,6.36837078060518,0.7686816140307914
edf4e879-bffb-4b4a-8588-720f9bbea13f,2024,2024-01-31,b4c9b613-0bc6-4295-b293-3b56c2020f1b,1ac84e49-be83-4e9a-b4a7-0fb0b7465b32,-8,0,-0.3135066668378189,0.4910348901009874
ef98d7ca-b8b8-4096-8057-b92df7d6795d,2024,2024-01-31,af6bf0c9-2e1e-4334-8982-93f14a35af57,1d3cac70-c7f5-47ea-bb26-00ba78e1acbd,16,1,7.733318779162499,0.8161029419109898
efbffea0-b33f-46b0-b916-17d2f7167cc8,2024,2024-01-31,5368fba0-1d0f-4310-9dea-c25c58762dd1,a839c106-a16a-49d3-a86e-aa5e068b76cd,-14,0,-2.027068171081179,0.3889445441816769
f3d040fc-fc06-46c8-811c-b139fe501817,2024,2024-01-31,dac01aea-9f35-463a-9dce-75d4575160dd,e06623a6-8f03-43b1-83f4-b653f6819ea2,27,1,18.505695559994834,0.9767546015988684
02f3cbb0-ab25-4cb6-b837-c606abd0f0bb,2024,2024-02-01,993f004a-13e0-4079-8706-332aafab29c2,73a80df0-15db-447f-b97c-418cc82a508d,-8,0,-8.68589971459656,0.16619309562775025
0354615e-6468-4f82-b02f-3fb3cab2ff76,2024,2024-02-01,4e6747c9-6a64-4fc5-b96c-e38ea635f22c,ea8c66b5-8fe3-41dd-a56a-b85bfdc613c3,-3,0,-2.8011969517870017,0.37579908120013616
047686ef-647a-4e6a-b109-ed0f390eff0b,2024,2024-02-01,df1d6c5c-77eb-4d21-b5dc-6cd579f74d2b,ed50f577-3ab9-4627-80f9-bc931ee42370,-11,0,7.695622058285321,0.8019285285261297
05ca28d2-fd5b-4116-b391-9ca4f4f3de21,2024,2024-02-01,0d6ccccd-6ee7-4ed7-a231-381c6b268e2b,2f2d6799-40af-4256-9dd9-412be50aa14f,3,1,9.797264450247074,0.8836236675711322
0914de3a-91ac-4fd1-8d16-0cd9e4636f37,2024,2024-02-01,09fca7ef-baed-4af0-a553-465ae1160049,e5fae797-082f-4354-8c20-2c1c22c6ac8f,26,1,18.641872600225017,0.9801406244136502
0dd92ef6-4a43-42b2-91b7-e9749c7e38e2,2024,2024-02-01,5091ac5b-fcb1-423a-9cf2-0981de634633,a4f24556-d2b0-4bc3-bd21-758340750c58,-14,0,-15.257462393312089,0.05400420647347444
15767f9c-ef23-4548-b293-f71d61aae5fd,2024,2024-02-01,8925b65e-4ce2-4ec3-b501-c0075fe06b52,1acd2c41-6945-469b-b33f-3c7b30f8359b,-3,0,1.6791887538232166,0.6024850924976163
1c7eac5e-f906-4bc4-ae24-3318433c378a,2024,2024-02-01,38cf12f8-b27f-4c69-8f14-254930816a8b,3a4357d0-0685-439d-863f-f854c35e4c42,1,1,-5.419461413852429,0.26813708651640433
241026f8-759c-4018-b21e-78c5a72eb93d,2024,2024-02-01,125fc4dc-8f42-45a8-b23a-3e50f4620499,ebf92b73-233d-4523-8429-ab00d5af1966,16,1,17.064483243157305,0.9621687445092858
294a46e6-37b7-447a-adb5-6389e81f3147,2024,2024-02-01,bb505898-cdd5-4c4e-9ea1-301ff6a4b981,e3158bc2-1467-4311-8540-c4f77e10aab2,22,1,12.020311627699089,0.8777742480766535
295c9035-c1ab-4ef3-98c4-467bfe144f58,2024,2024-02-01,536cd39b-cd0d-40f5-8b6d-7a490d196262,730db31e-4fab-472d-bf25-7b882deff0b7,-17,0,-4.874446485266707,0.31476041397945687
30f20a76-6ebc-4b89-b62c-ee7a7f512dac,2024,2024-02-01,d8cd723a-1d76-4abe-be2e-516e52724947,8a753611-1c3e-422d-8c6c-5721763b5574,7,1,6.993708329602627,0.7927673634070111
325fe128-54ae-4341-bbbc-dedd218ba54b,2024,2024-02-01,e0cc707c-bdef-43a1-a3f0-c1ddfefdadd3,0c2a9ebe-8c6a-44ec-8643-1dbac7642ab9,-40,0,-12.037709578191462,0.11007222541371756
3616d50d-7fec-4b50-bd9f-b0211b050697,2024,2024-02-01,3763fb9f-1ebe-4dbd-bfc9-6638b14a2a51,eaac3de1-dd32-49d9-abe3-f56bbff80cde,-10,0,-5.672139097561638,0.24578368880413276
44090bba-9904-4a75-844d-de3f3e60b720,2024,2024-02-01,639774dc-a89b-435f-80d2-4c65549fd3c9,e6b0799b-abce-441c-929c-964306f8fc27,8,1,6.710261530260103,0.7171197251590182
4c470579-3a1e-4760-a1d8-5c6865a66069,2024,2024-02-01,e1ef03af-e420-475d-8a35-c6e5380e9f6d,65cbd49d-db3a-4043-8bb7-7bfcf57c017c,38,1,20.27799097970044,0.9845340145373846
4cdc5b76-8487-4535-ab1a-bf823e116b3e,2024,2024-02-01,071229c8-25a8-4fd7-87a3-c30d0a95671a,6eb0ebaa-8c99-466d-8fad-68b897f2a9e2,-2,0,2.2171501881478735,0.5733382287756189
58e5cf56-fc74-4423-83c9-a2f7954ef48b,2024,2024-02-01,e5bf7042-0036-4e9d-81f3-3126a9675ce0,7da2e7c8-cee3-4ff4-be74-58d324c5ff71,4,1,-3.238993203276906,0.3963154132578365
5bcfd5d0-d2f3-4a4d-a7bf-76b2c8cafd5e,2024,2024-02-01,3457262b-c7da-4834-a20d-ad6be302a671,00aed6ff-2151-4d45-8b3c-776ebb0a51da,17,1,7.810124710219965,0.8321074150392607
5d0dc50e-dc72-4f92-bdd5-40e7593cdec1,2024,2024-02-01,16aca559-5828-43a9-ada9-f35f973f4863,696e6eb5-b8dd-4d44-8780-1e6c678615bd,-12,0,-7.65595708110744,0.19751459609080035
5e57b5b0-b7c3-4436-955c-9e846b01e903,2024,2024-02-01,2ca82167-d915-492e-98e0-4ee592960583,2198dbfc-96fd-40be-99e1-e697e4c3d996,-21,0,-7.81338952446681,0.23995897367113286
632ed364-5667-4ef8-9c51-f6af3df79ef5,2024,2024-02-01,2607ab7d-2f54-4540-9b2e-d27703407118,d0ec4581-205d-4391-a765-06ee8de241d9,5,1,5.714858207019387,0.725317622469137
645c47c4-eb9e-4b3c-a24f-e3e8434599e6,2024,2024-02-01,99b16ea6-899f-484c-8a9d-b2b5bb872d9d,fc7ccbd1-42ce-4200-b33b-0f8f3de48473,-19,0,-9.443253053957923,0.1358265075018768
6e72608e-5132-40f8-9ebe-d0b4adc63742,2024,2024-02-01,c0dfc734-0d40-4cba-86b5-fb2ad5c73da1,92b76481-ab53-4e96-a0ec-5f522c031417,17,1,8.87533664905156,0.8280596253216402
71969ddf-68f2-473a-935f-23447c4648b5,2024,2024-02-01,2ba07bf8-0306-417b-b7fe-b2d29b7d0eb1,29fcbb70-fa3c-4806-8768-15b5ec4a8449,-10,0,-3.616820298811375,0.32907786136235523
7706c8e6-9980-4aaf-91a1-33a14bfba178,2024,2024-02-01,f48b0b87-86fe-4b7b-8bf3-9d541f495284,f93c4c92-e869-45e6-8970-2a02d80141c9,-7,0,5.833780634008649,0.8115668663347753
77757694-f798-4ea9-82ab-4b723762e2d1,2024,2024-02-01,c58c3009-46ec-43bd-b27b-b0d683ab2cad,2acb9682-4dbf-4e25-82b3-0124cb5c07cc,14,1,4.701395585054286,0.7191233397472978
7a730800-eb71-4ab7-9ded-6f6ec4f2ad0f,2024,2024-02-01,89dd92f7-46c8-41a3-be81-ecb12f1cd4c7,c58166c3-f02a-4e33-9fd0-9fa7b0711d94,14,1,5.415548572881504,0.7179045738382899
7a9de716-3ad1-4be3-8249-2f22bdf14731,2024,2024-02-01,6474358a-819c-42e6-92d7-0fd3ce20d239,268a2907-58d0-4693-98bb-a6cecdae1c63,1,1,5.347163305616667,0.7524359533142564
8115b900-a965-42b4-b856-a04dead14e8f,2024,2024-02-01,754d9f26-9ca3-4bb8-8aa3-065bcf9ec6df,a7951831-d013-4591-8037-4212b4a85c3d,-9,0,2.883457794047594,0.5970961452108938
8d741ebe-9909-493d-9018-7a2cab1ba6bc,2024,2024-02-01,d7b7310f-6983-4a09-bb56-fda96e9f761d,67505072-f35a-493d-a160-8e6292da33f5,4,1,7.250281931860469,0.7692006831313075
8e6ab27d-4a70-4a05-8efb-9910cfb64abe,2024,2024-02-01,0b751b74-e572-43a0-b324-54eeefac4d5f,d7bc8ff0-3522-40a8-8309-346e8b4cf9be,-28,0,-7.945970022368232,0.2447005673212177
997b08db-ff71-464f-81e7-7301e3642b3d,2024,2024-02-01,05aedf2a-3424-4acc-9537-4d52dccd6e02,31108a77-31cf-4228-9c6c-3a9665e9e17a,-5,0,-7.742139909863515,0.20103769340038025
9ceb94df-d8e6-452f-8426-eafb65fab07b,2024,2024-02-01,8ce6b3fb-8bb0-49b5-acaa-caed76d542d7,63627b20-aa4c-4e0d-bcfc-40a5fe150e8a,-23,0,-0.7611656379048903,0.45291466114973666
9d39b7e8-6e0a-4370-a521-56ecb0b71b8c,2024,2024-02-01,4928acd4-6738-4045-be81-20132f6471c8,375514f8-f93e-4eec-ae0b-6615ec954e45,8,1,1.5742004757987211,0.5253603022777832
a1fd7114-6d2f-4aae-8777-ef01018ae56b,2024,2024-02-01,f162ea30-6b86-48f3-bdc5-48c97448256c,10a27e98-10ab-4397-bb74-d3a92cc590dc,7,1,5.918362387540013,0.7747816059637916
a6755392-ace0-4036-9050-fe70f50b6498,2024,2024-02-01,da6b8f1b-a85b-4303-8500-c640c0d3132f,9be057a5-becb-47b1-b84f-041147698411,-1,0,6.462142448315562,0.7724488050731132
a6a0d0f3-4f25-4ad3-b602-f5a5f415f9ec,2024,2024-02-01,873b654a-5825-415c-8a11-5e5b15bd2ac8,dbfecb75-86bd-4650-9fc0-4d85eaeabbbf,5,1,0.8468111041642346,0.542888893394827
a9a6cc77-8aaf-4942-b236-34ceb8f96f91,2024,2024-02-01,b1b6c3d6-c825-484c-a8fd-a4e0816d19fa,54e8cb38-83f4-4866-b3d1-d0e1dfc530c6,21,1,9.168699912531102,0.8354345563955726
ac38d27a-22ad-48f9-989d-0cff07e11c9f,2024,2024-02-01,e308f5e0-c422-490c-901a-575bb49f1c7e,45e40bdf-5c84-42ca-84d2-a823db0b6609,8,1,9.327046963213796,0.8114508409032085
ae7f95e1-0a79-4ec0-9a46-972706331594,2024,2024-02-01,3280e439-7a98-4ebd-95dc-1a1281ccab00,4b962e36-92f2-493d-a9d8-e62b725d5b76,-6,0,7.476757038795543,0.7868706431705882
b14b3946-754b-44e5-85a0-e995b33cd610,2024,2024-02-01,39decbb3-b24d-444c-970a-39aa53a01ef6,8cd2a215-aea9-48bb-babb-e5d8cf0cb9fd,-3,0,1.299431387147571,0.6014248660361048
bc081a3e-a09a-41f3-9eb5-819f80d56497,2024,2024-02-01,f5583f43-2ae1-4834-b364-107222763dde,48fce6fa-2dd6-4fad-b5ca-cf5cccdc3fa1,1,1,12.39491453514316,0.9175735324677817
c9fbf94d-1670-4dc8-939e-8d1c6cc951c5,2024,2024-02-01,2493388c-6fee-41f1-90b0-e82a447a607a,0b950934-3f06-4a8a-9251-83e3f1827e68,-8,0,-6.313402048907057,0.3465982129798166
cb69afdf-8b93-4089-984c-5047a4cb41cd,2024,2024-02-01,113341aa-9630-4951-b161-71419ed62dbc,e12ab562-dd12-4b55-909f-669834d3d963,18,1,2.203313972824487,0.5974384620606572
ccff0d57-93af-474e-bc3f-fcd4b6b4473c,2024,2024-02-01,b20b957b-b406-4f6d-8f7a-2f88e3b49bd5,7af1094c-c99d-43dd-b41a-1b72a81abfb3,-1,0,11.441097805444535,0.8787870281590843
ce4d50cb-14f0-4d39-8756-e5855775f15c,2024,2024-02-01,b1937cc6-0f34-4060-82ec-b2bfe4c05aad,88fe7301-2d1a-43f9-ba01-e8f7795634b5,9,1,11.634328041360632,0.8868800136985009
d04fdb2f-c60c-4c80-bd67-b3789c11dd4c,2024,2024-02-01,df2a7293-fc74-4f81-a93d-98c8989ea725,e1ee7493-ca48-4d8c-aefe-83427a4e66af,10,1,-1.33637706767301,0.40566861271878246
d2316009-ab88-4609-a4ba-ef7171e3071f,2024,2024-02-01,b1cbdf0c-474e-4b52-ae02-f856ceda214b,ba033ab0-c07a-4b71-b7f4-243ae194d23b,2,1,-3.3538275564887208,0.3437531442582226
d4ff1d12-f92c-4719-ba6e-0248fedbd20a,2024,2024-02-01,6cc29af2-0d45-4399-b571-caa43e20e554,c79306a4-5139-4f8b-8b55-21b42e22858f,-14,0,-5.346038841838674,0.3319309745445912
dff554f7-7bec-427f-96ba-e1a25251c3d4,2024,2024-02-01,686413d2-e94d-497d-a87d-ab911ac38ec7,2bb9930f-6a64-4fb0-8ae7-2d18cc4ceb5c,23,1,17.634230310745586,0.9520762708577772
f09cf0d4-32db-411d-96c7-bcfec49dcfd0,2024,2024-02-01,a7f405f8-389a-4a00-bb71-6d07d48f4fe8,f9a8f2d4-c836-4b2d-a4f9-47f73b8c033a,6,1,1.3616092153954402,0.5465422558776248
f3f7c94d-ee15-45b4-9fa7-85abd365a2f1,2024,2024-02-01,4eaf68c0-dd32-4705-8f2c-1c1dd2880a74,79bf464f-0d3a-4992-b310-86d2abbc2244,15,1,14.165803691555837,0.9234707809605385
f584da7c-09e2-4908-be1a-a0148bf9e932,2024,2024-02-01,65c68c5f-fc3b-4781-a912-2a4b17be699e,717f3cf5-bc65-4a66-8f05-191decfbf380,6,1,-6.293971785292973,0.24964687487898482
fcb341f0-c44d-42ec-b90d-cacf452f2435,2024,2024-02-01,6068f6c0-7e92-4dc4-9da8-1bfbdb60cf2c,cd9eea44-8a6c-4bd4-ad4d-74e461fdefd3,8,1,0.6607807359111005,0.47406743624131703
fe57b7d3-2fb0-4efa-a91a-506959013f74,2024,2024-02-01,eddc4725-b4b2-4442-b2af-8853210d0e96,629710d8-479a-4efa-b5f3-d77767ddce70,4,1,7.333898809075478,0.8183059307403646
2b6d392e-bfe4-4842-8ed2-b3768c76bb07,2024,2024-02-02,2518e2c1-28b1-472d-9fdd-5d97d9f1ea99,324e37b8-f52e-449b-909c-366c81488fea,-31,0,-10.957298469047432,0.08454142140458448
2c229ee9-5e22-407d-b865-dcd30553a3e8,2024,2024-02-02,f1cb5c3c-2ff5-444d-8c0d-5c1244f07909,f73ebf9c-90d9-4d66-b403-056ea4ea6b30,3,1,3.0044673209567514,0.6721613284417105
36313073-db69-4f38-96e6-e0b1bbc0fbbc,2024,2024-02-02,49f72498-1bbd-48b1-87b9-cc90196e205a,228bf81e-d4c4-4b81-9b51-74ff2fd3f7c3,7,1,2.7339973760646763,0.580994091246249
4aac3611-e2a5-4dce-8f9d-b3e583ba2b30,2024,2024-02-02,a64af70e-61a8-4777-8e8d-9a7815f78f3e,0c8ee784-d7e9-4ac4-b0c7-3ca89567c515,9,1,-2.9804930126578477,0.39647248290833875
59eb294a-4e0f-4a2b-957d-431e49fdff69,2024,2024-02-02,ec7d9da7-9286-4c01-98ce-3a10ec231612,89949731-8bb3-45c7-a6f6-798934261b61,6,1,1.4000050868510143,0.5338808649320328
74de4840-24ae-4efe-a81b-0673774f39f8,2024,2024-02-02,8ae6c27f-063b-4e7b-bbfb-653f496560d6,9611a021-de39-4ca5-8188-6387e4c99fbc,9,1,2.419086710507583,0.612865672412052
7a7497ab-2512-4f86-a33d-9f2117b6480c,2024,2024-02-02,401408f8-2ce4-4ef1-97c2-5a68c979ec7e,e250c58f-f6a5-4da7-aff3-c6770b9a14da,-3,0,-11.678513866384337,0.07473668325805854
7ef23109-9c8f-45dd-94d9-e5089d960c41,2024,2024-02-02,7048a12e-ec8b-4bf0-a475-1316775a4964,4e9aa968-9ad5-4833-b9a5-7d89b35976d4,5,1,12.303047326253644,0.9139987426530407
a3c37ab8-0949-4356-9ee9-f3aca6155696,2024,2024-02-02,82ee0a8d-e51c-4a87-bd7b-72707ec8b342,91d935fa-7d8c-41e7-a184-72c0f770d10c,-18,0,3.5649348764569093,0.6485737023621616
a6738e69-425f-4234-a761-7e6926f17ab7,2024,2024-02-02,00b63e00-850e-4b09-b660-a5e698f46b61,9b465025-fe2a-4233-b24e-310dbccdf4ed,-9,0,4.178953269886529,0.6778382118321098
b8d2e0e2-961b-4bad-ba9e-7ba92cfda90a,2024,2024-02-02,101749c8-ec05-4370-a95b-47f56c433623,644a0213-9ca5-4238-af33-7c8ed45fc88b,2,1,-1.581214176151743,0.43924901065977984
dd279d4f-d7b6-4e77-ae70-1d632dd1e503,2024,2024-02-02,f6d188d9-c992-4de8-801d-4995b25abaae,fd42047c-b7c6-4dbe-93e7-69cfd125995c,41,1,16.166354218562308,0.9348577336282763
dd9695fa-4e04-4f85-950f-766400c69ea6,2024,2024-02-02,d8e747fb-453e-4894-9a8f-08598fead336,58bacfff-257f-4f54-bb05-241bd6353626,-6,0,-10.89857556377756,0.10155333870081054
e044ef6e-e47c-48ac-b9c5-580fc80e3807,2024,2024-02-02,f18598d0-e0e1-4f15-95f2-e11df8bc3126,dfdc9d0d-4a83-4244-9c07-9b3660ba4f6f,30,1,14.8912038313255,0.9253148626066312
f2bd6166-be80-4e68-a144-c06ed2a82381,2024,2024-02-02,3a30d561-24be-4bfa-8d8d-75e645c4ad5f,424f7a7a-158f-4ad0-adb1-4b3ebe25b11e,-1,0,12.781207335870448,0.924434545220626
00e89550-e296-4e8a-99ad-682669dedd7f,2024,2024-02-03,cf2f7a41-56d5-4c2a-b4f4-fb9d1c933b22,48fce6fa-2dd6-4fad-b5ca-cf5cccdc3fa1,3,1,6.7093469975792885,0.7818799798194144
0308d1e9-81c5-491c-8904-c27b58c74f6d,2024,2024-02-03,113341aa-9630-4951-b161-71419ed62dbc,9be057a5-becb-47b1-b84f-041147698411,10,1,7.027106839224739,0.8120127612590221
08a20133-bd81-40f4-a840-848d254559ef,2024,2024-02-03,754d9f26-9ca3-4bb8-8aa3-065bcf9ec6df,45e40bdf-5c84-42ca-84d2-a823db0b6609,28,1,9.807214820790277,0.8026331342972862
0a2b77d5-b75c-4c77-afa4-5caae93232e6,2024,2024-02-03,5fcb12dd-e3b1-4e57-ac30-33da456cd5db,529e7dc4-6b55-487c-84b3-598dd9941301,-13,0,-9.859371830471638,0.09919551948158734
0d6dfbd4-fec3-4a1a-80bc-41a9be056c82,2024,2024-02-03,19b40071-00ca-4d8a-8188-a03d635e9811,5368fba0-1d0f-4310-9dea-c25c58762dd1,-2,0,1.7874354542658701,0.6165580697998244
11200ac7-5dd1-446b-a1be-cc44bc0093c4,2024,2024-02-03,1b0dd005-3190-4ca9-b74d-111343f2fce0,9d7f5648-4f47-4192-9d8d-78454c962bed,13,1,-4.323224995626408,0.32509429970064546
115a0324-f9a4-4150-a944-fc5721bf9824,2024,2024-02-03,8b8c3790-682d-4010-b304-45ce213ad62f,73a80df0-15db-447f-b97c-418cc82a508d,-21,0,-7.543906666450919,0.2762316009764461
14aabd68-8ab0-4307-9365-33586be412bd,2024,2024-02-03,2dc64ab1-cde8-49d4-a343-298600450708,8af88029-6520-4f85-a99b-0f10d820a167,15,1,2.261931360911235,0.583620706595646
1b0f90cc-9544-46bf-b30f-80ff2eac59d1,2024,2024-02-03,e72d1807-6463-450b-b561-c3727b286584,e8e72618-33f8-4013-8305-43775a278752,-3,0,5.063149524797649,0.6957047995869674
1b153cca-323b-454f-960a-73ff9a36d3e6,2024,2024-02-03,8ae6c27f-063b-4e7b-bbfb-653f496560d6,89949731-8bb3-45c7-a6f6-798934261b61,-10,0,-7.906311032416217,0.2408206623780782
1b329834-1bb8-4cbb-8662-e5494164599d,2024,2024-02-03,3457262b-c7da-4834-a20d-ad6be302a671,17a3b4e9-cfab-43a8-b7ad-73508d4d890f,10,1,11.51903639147509,0.9166414460154253
1c5d5673-d864-4bfa-a81b-1934c5a55243,2024,2024-02-03,2607ab7d-2f54-4540-9b2e-d27703407118,d0cd742d-b4e6-4f30-88f0-872c2ac1e51f,-19,0,-1.9329402044088853,0.3846011213717722
2131726e-c1eb-40eb-9a7f-c8633d6d75e0,2024,2024-02-03,a4bc2fe7-4083-4c33-bce5-6cac3e161a7f,45959b35-f1e9-462f-aecf-565395a6fb6d,38,1,22.32821003820577,0.9865543656826566
21816eaa-dd1c-4447-8f5d-c1d31baa5f2b,2024,2024-02-03,16aca559-5828-43a9-ada9-f35f973f4863,79bf464f-0d3a-4992-b310-86d2abbc2244,-8,0,-2.937498608026851,0.4036477684079483
24462291-8e6c-45b6-b91c-3574ad9d44e8,2024,2024-02-03,05f1d3d6-8079-4142-beb6-628fd19c74ca,00aed6ff-2151-4d45-8b3c-776ebb0a51da,6,1,-3.824774359241225,0.3037744589800252
245152cc-b58d-4b7f-ac2f-96c2135bfde6,2024,2024-02-03,0d6ccccd-6ee7-4ed7-a231-381c6b268e2b,e1ee7493-ca48-4d8c-aefe-83427a4e66af,-13,0,2.0561036134270148,0.5413535753872593
26c7b5ac-fa68-4723-a52d-cead59b7d4c8,2024,2024-02-03,79479954-cdbe-4601-a82c-35936960a7dd,49c78722-1476-440a-9de1-896fb7b7db88,-4,0,-0.4882746560004265,0.476629776306312
289af9c7-375d-4c25-884a-31655b161e22,2024,2024-02-03,638757a6-508b-49af-b5d8-661c0059c04c,f2e0429e-8513-40eb-b536-1aca6697aee5,15,1,12.001396089320082,0.8793414223672429
2cb0a421-adf8-4a8e-bf4a-49b1f651d54b,2024,2024-02-03,f3cf8061-767a-4873-9e24-5cc4c9a6a1b0,2deaf391-9719-4c95-bb3c-acc6f8baba86,9,1,6.290790201766334,0.728246472869259
31283a6b-1580-45a7-be29-57539bace736,2024,2024-02-03,74434c65-ac07-4a97-9998-737791311fb1,4494a75c-3ddb-41cf-b75c-67fb9c0537c9,10,1,2.9433873023893242,0.6398962649217541
31375f58-f8a5-4b30-8d85-c1da7d7e5812,2024,2024-02-03,639774dc-a89b-435f-80d2-4c65549fd3c9,717f3cf5-bc65-4a66-8f05-191decfbf380,-2,0,1.0501314442406593,0.4631670349923047
31ab0aa3-c07a-40e4-8711-9c728d3969f9,2024,2024-02-03,54e8cb38-83f4-4866-b3d1-d0e1dfc530c6,5f480384-0cfc-4e90-837d-db9cc8d292dd,6,1,1.005757383423183,0.5422502300941984
31c07e24-34d4-4c0d-83e2-9cc0b1e08c52,2024,2024-02-03,9c1431a3-21c9-46c9-8335-1b85a6022223,4c073afb-cc2c-4ed2-bd8f-2f545ae1bea5,3,1,3.913830927583645,0.692509877687761
34e96c95-4f07-4b19-9340-1d83524519f9,2024,2024-02-03,1394e3ce-706d-4097-9aaf-cad5d38aa5a0,853125a0-ce88-45ba-9815-9387fac3d278,-10,0,0.9251168933737552,0.583486753269477
367daeeb-e7d7-4ce4-8dc2-ee76cb8fcc0d,2024,2024-02-03,e7f5f157-7a33-43ad-8282-59e1c4ad9b25,4a01023d-3637-4ac5-bf1f-37c08b2438a5,-13,0,-4.767828531732799,0.27551744776217635
374230e5-aad3-4aca-8768-63f28e114e1a,2024,2024-02-03,d2ae40ba-651b-4006-8b22-61c6b9ce0e33,60ee2d19-003f-4603-a2ad-838b3e6d6cc0,-34,0,-16.464405273657235,0.03307560549512862
39e3d82a-7429-4a8e-b9c5-38c6a286987e,2024,2024-02-03,99b16ea6-899f-484c-8a9d-b2b5bb872d9d,8cd2a215-aea9-48bb-babb-e5d8cf0cb9fd,5,1,4.468576760949414,0.6794560553272011
3d5d6993-64a5-4f2b-9366-66084aff2ccd,2024,2024-02-03,a4f24556-d2b0-4bc3-bd21-758340750c58,6b296d7f-de88-4a16-8a22-b28077a669c4,25,1,8.647163214733665,0.7744083721016451
3e5e72bb-df59-4a33-8ea4-7ae1b7eb82d1,2024,2024-02-03,64c5c3a9-f1f6-4f48-b571-1de27621f06c,c51998cc-ad65-43ec-88c6-a0f160ff7902,29,1,10.977275342668223,0.8320386237270144
3ea56719-7f56-4390-a9ec-074d027709bb,2024,2024-02-03,4d3124e9-6470-49c6-8f2f-806813c60883,7f63e419-1d15-4c08-84b6-dc393ca0146a,9,1,-3.574408581001413,0.36313344271639236
3fc1a1be-0052-4243-be87-9ec8f5ffb651,2024,2024-02-03,2ca82167-d915-492e-98e0-4ee592960583,eaac3de1-dd32-49d9-abe3-f56bbff80cde,-1,0,-9.172520404116261,0.13266970216392504
3fe74828-1b7f-4764-bc06-3a2b97f5a0cf,2024,2024-02-03,76748a8f-7de8-46dc-b80c-a1a7fbcb84ea,22ae415e-1335-4b89-a126-bbc7a1d7901e,2,1,-4.049813388709689,0.3399839936469548
40840f95-93ae-4364-a4c9-ee7cb094d5b4,2024,2024-02-03,89a85f65-8bbf-43db-b23d-362af1afc44d,2c8d46b6-8e8e-4229-85a4-0713fe1c6c4f,3,1,-13.42012314962905,0.060989202730136166
42e04f1f-4cb0-4619-99a1-67a1c03fc9e3,2024,2024-02-03,c0dfc734-0d40-4cba-86b5-fb2ad5c73da1,0b950934-3f06-4a8a-9251-83e3f1827e68,-21,0,-7.236070261750707,0.2287202907299481
441e3908-a9b3-45fc-a359-b2ce4d3c0741,2024,2024-02-03,1c1c3846-4bad-48b3-b8be-dba7d24af981,cc07b31b-464b-4cb9-89d2-ac26ffe3e5f4,-12,0,-12.827044850952324,0.07279008489027534
4af0c0a8-3d3e-462f-865f-279d89991396,2024,2024-02-03,8a7ae133-e612-4f1b-911a-a72870f8b4d6,35d0a28f-e3d7-43ca-90cc-daaf0b7c278e,-6,0,-4.900599840492343,0.3265147983502505
4c5f8d9c-762f-41cc-8ad1-e5a349fb53aa,2024,2024-02-03,5cae196d-fd0c-4944-8120-41d5abecb290,69e6a4c4-bb68-4c30-86d8-3cf7d51c7db7,-5,0,2.0533786555932214,0.5672795178332479
4d31b05d-ef18-4569-ba29-43e8401f288e,2024,2024-02-03,401408f8-2ce4-4ef1-97c2-5a68c979ec7e,f73ebf9c-90d9-4d66-b403-056ea4ea6b30,-16,0,-4.555083267242532,0.3249281963066626
5222db58-f22b-4423-b946-dff5faf60497,2024,2024-02-03,f48b0b87-86fe-4b7b-8bf3-9d541f495284,65cbd49d-db3a-4043-8bb7-7bfcf57c017c,17,1,7.829083836606094,0.8085297524716376
52325eff-77ad-4e06-a346-07135e436c01,2024,2024-02-03,7fdeff97-4db9-4c33-9fc6-9f03bd977d30,2acb9682-4dbf-4e25-82b3-0124cb5c07cc,6,1,-0.14854479674232524,0.4878109026320408
54f888ea-6555-49ba-8cef-a06322fd8306,2024,2024-02-03,4eaf68c0-dd32-4705-8f2c-1c1dd2880a74,696e6eb5-b8dd-4d44-8780-1e6c678615bd,12,1,10.69772118512747,0.8534873185237434
58224d53-fd41-4e13-8058-962b3e1b71c0,2024,2024-02-03,1d3cac70-c7f5-47ea-bb26-00ba78e1acbd,5bd874c9-de44-4954-a4f6-428ed3fde8a6,-28,0,7.1064545758351825,0.7884514443924789
5d4cd463-423e-4e76-b922-9f78f27ae3d3,2024,2024-02-03,7d57c2ad-190c-4c1b-8987-ab2007a42023,fc499722-6277-4897-893a-4abae917abf7,-3,0,7.772732094067883,0.8245833885367989
5ee7e1ad-88fb-4d6d-881c-e28393382314,2024,2024-02-03,5052a2f3-f41f-41e4-a681-c6277fec0404,b9e1a15d-9de2-45e6-9fc8-b3444d1bc0b5,9,1,2.0255568486544258,0.5597301341392211
5f8174ab-8930-4ec2-bcba-2a20f3a1de76,2024,2024-02-03,a7f405f8-389a-4a00-bb71-6d07d48f4fe8,2ba07bf8-0306-417b-b7fe-b2d29b7d0eb1,-11,0,4.448423727623944,0.6856562759669373
5fa46b66-9181-4734-89f8-830d97d13ca4,2024,2024-02-03,2fbd9d1e-084b-43d2-9c7b-10ce0782be7c,c840b153-1401-4ebc-9549-e027df3cc7e1,1,1,3.7785383084027218,0.6544650507433745
5fcdf78a-dcd5-4a06-bcd1-7f040b6612ce,2024,2024-02-03,df2a7293-fc74-4f81-a93d-98c8989ea725,2f2d6799-40af-4256-9dd9-412be50aa14f,-6,0,5.004883537552216,0.763261774696487
6b08c5f5-c0e7-42ea-8c47-36a25f63433f,2024,2024-02-03,9b6f0f32-d8f1-4921-aad2-a16c420f3183,350fe1ba-284f-4709-8cdd-3f745fcff0f8,-25,0,-13.382035440528306,0.07014618101947995
6c5cacc6-756a-44ea-ae94-a2feedf84d8d,2024,2024-02-03,268a2907-58d0-4693-98bb-a6cecdae1c63,8a753611-1c3e-422d-8c6c-5721763b5574,4,1,5.996346029500933,0.7350149773510818
6e2db730-9bcc-4295-8fbc-87a740dbb115,2024,2024-02-03,d7bc8ff0-3522-40a8-8309-346e8b4cf9be,873b654a-5825-415c-8a11-5e5b15bd2ac8,4,1,4.856437351360823,0.6428320389356167
7237ae58-083e-4561-a659-0f753177345a,2024,2024-02-03,b4c9b613-0bc6-4295-b293-3b56c2020f1b,58113924-4aef-47a7-a675-cddc9e355cd5,11,1,2.1109824409022115,0.5697362593493694
743dc89c-35f4-4878-b237-48a379208209,2024,2024-02-03,26d69f75-49a0-4d07-968b-2b549e059c24,371811fe-0533-4539-97b1-b56f642d0fd9,8,1,2.466885075641006,0.589362384670145
75d139b0-0c18-4f73-b423-eb8c192be46d,2024,2024-02-03,f92587ee-8d25-4b09-9a60-6203f75c974f,2e49ce6d-63ef-45d9-9048-67fcdb01a46f,-11,0,-1.7081768897517666,0.37954495977880853
776e4185-541a-4330-be15-4665efeaa125,2024,2024-02-03,b7c2bf0a-248a-40d4-aa1d-bf6329590a4f,8fce643e-75f7-4242-b565-2a4818e1eeba,-10,0,0.29372355621786983,0.49955184954667753
78d55b7b-8f29-4491-8dc4-d043125980c5,2024,2024-02-03,01300ab2-c4a7-4740-a5ac-3541d598620e,ad9b8341-2ebd-49c4-8bf9-bf5d4811bc0c,-1,0,3.7137319390661623,0.6164256089280262
7b961917-ac7d-42d7-a5f0-42c7ee52e861,2024,2024-02-03,2f0bd8d9-4435-45ed-9efe-045f835c15a8,4b83e4dc-410f-4835-a8a4-8ccffc29e016,10,1,7.993491613393879,0.7774030806659318
7ef3f36d-1ce2-44c2-9690-56f76901d08c,2024,2024-02-03,89dd92f7-46c8-41a3-be81-ecb12f1cd4c7,8e26bcb3-616b-4c7c-a709-bf30d2ddce41,-16,0,6.380276963886669,0.7760320585414132
7f0882c7-83a4-40c3-a5fa-576fe9fab78a,2024,2024-02-03,439b6cee-3be6-4471-bddf-f7cb8c69cc85,215ed27d-58e8-4e84-ab60-6d170d404304,9,1,6.964808302409422,0.7787705743016708
7f69d70a-f929-45e9-8d4b-18a767b1ac86,2024,2024-02-03,2851d469-fe75-448e-9d6b-4bde7ec96e06,bba8eb68-9989-447a-90b4-27c8d0d32bd1,8,1,-2.8949248611292044,0.3852485139623352
7fb71b28-9812-4adf-9954-d261126c47fb,2024,2024-02-03,57c91ea3-1f48-4879-a664-232fba59cb1e,84d66f69-10df-4b33-bbb9-5ba2ef708ea5,-2,0,3.426687666823463,0.6024426596900574
825e0aa4-1038-4467-91ed-be6e2d717145,2024,2024-02-03,c71ebd72-5c90-41d5-b1fc-544e4695d9d0,a839c106-a16a-49d3-a86e-aa5e068b76cd,11,1,5.178072539916622,0.6803769107083664
82f45892-e690-48ea-9c41-408f319e988c,2024,2024-02-03,65c68c5f-fc3b-4781-a912-2a4b17be699e,e6b0799b-abce-441c-929c-964306f8fc27,2,1,-1.8110363908839748,0.41780895992365497
834bc8c0-ee1e-4a47-b830-c2fa8a1a423d,2024,2024-02-03,bf4f25da-dd8b-44d4-a4b7-4671b3c37db9,abad6a22-9569-47ad-9945-a6ad9345c30f,8,1,3.339360755665423,0.6287619939203927
8b7278ce-36e1-4e04-a009-1adc9523b895,2024,2024-02-03,e06623a6-8f03-43b1-83f4-b653f6819ea2,550c3333-8e82-49d4-b9c6-ae13db14a84f,7,1,-0.35058903892642573,0.385271401742764
8c471806-6ddd-4bcb-bed8-c40de4b9343c,2024,2024-02-03,7747d9fc-9e15-4b0f-911e-ba64828748ed,da6142ab-a5fa-48a0-b6ec-864a8119be75,-2,0,3.484640231436695,0.6483161769481427
8dbc40e5-ba3c-45db-886a-19da0e161faa,2024,2024-02-03,2f522e9f-f586-4f8b-816f-a83d9e6231fa,a9569511-9e5c-45d1-b958-3e29c52f612e,9,1,-3.3006467396015777,0.3887352854482447
8e72bd0f-a436-4291-8726-13261be49c92,2024,2024-02-03,2aed7aac-f38b-4fae-84ae-9e9c9ac71a3f,8044cdf8-5fd0-47d9-8a07-8a29b2ca7b9a,1,1,1.480679105944534,0.543747546751256
8ffcbf55-af0b-4b4c-a2b6-59d9cba0119d,2024,2024-02-03,ef75db17-4afb-4e3b-a928-30e871ec130c,af6bf0c9-2e1e-4334-8982-93f14a35af57,-13,0,-6.679767136156845,0.3046511346834241
951a9eab-0189-4924-bb8f-fa1d62f80527,2024,2024-02-03,384d8319-2770-4b9a-bb32-bd4da034d104,dac01aea-9f35-463a-9dce-75d4575160dd,-14,0,-9.735515061741447,0.19649885947688572
9860c056-d4db-4e2b-8c8a-b0d4e64fe17b,2024,2024-02-03,d74a1fb4-3afe-43b0-9bd1-7e0552ba73ed,e30e79ea-8947-4c58-9842-25781182ec2e,9,1,3.8248084424638673,0.6608122440376825
a052dfa6-4454-4b5d-8140-31878b39acd6,2024,2024-02-03,b1cbdf0c-474e-4b52-ae02-f856ceda214b,730db31e-4fab-472d-bf25-7b882deff0b7,-11,0,-0.7379630124692627,0.42819684383297585
a383d5ac-8770-4dd5-8be4-da232df7a2f2,2024,2024-02-03,adf7b22e-19a9-437e-ade2-833bb31da77c,bc3f184c-a2c4-4518-89d1-f58ee454b86e,21,1,17.07905942760879,0.9596670772908498
a5d01e3e-bd59-416e-a609-eacc6674b9ea,2024,2024-02-03,fd495afa-fc22-4081-905c-24f40ff2656c,ea78667c-bf16-4084-80cc-2ab61a0e05d5,9,1,-5.1407877165304,0.3091850964796829
a801e18b-ad78-4e50-806d-76600a196257,2024,2024-02-03,4e9067f6-7760-4a2a-ba37-273c77915540,2408f22b-e753-4c5a-9353-be75a4fb2164,2,1,4.89768860253752,0.7101652122079296
aae195ea-2fc9-4efb-82a5-34d3889cfd57,2024,2024-02-03,30a1a9be-60b7-4afa-9dcf-92694c2703d1,312a943b-3a6a-4f8e-96a3-02cf6ff38b41,24,1,13.84509058968537,0.8772618820892639
acc496fb-9389-41ce-83da-e0a1767fb5c4,2024,2024-02-03,da6b8f1b-a85b-4303-8500-c640c0d3132f,e12ab562-dd12-4b55-909f-669834d3d963,-10,0,-1.0211472821432084,0.5027776161698103
ae76598b-fb14-4956-853b-268f312299b4,2024,2024-02-03,4928acd4-6738-4045-be81-20132f6471c8,a4e0b7c0-e98b-4e65-9408-e26a9aedac8d,5,1,3.409010511301486,0.6216891418310784
b7ad36ca-ac1b-4648-95e1-0964d96b85c2,2024,2024-02-03,071229c8-25a8-4fd7-87a3-c30d0a95671a,dedb6ed5-06d8-4ba6-a1cc-e3134a2c7937,23,1,12.689565676617635,0.9050618289746356
b7d504ec-f3fd-476f-a65d-c688a8e98566,2024,2024-02-03,ec7d9da7-9286-4c01-98ce-3a10ec231612,9611a021-de39-4ca5-8188-6387e4c99fbc,16,1,12.498335289600261,0.9175815124804355
b9fd6956-2af8-40e8-bcc3-6231c4548338,2024,2024-02-03,2ed44d95-e306-4823-a4c3-196ffb777766,da828fff-cee9-4151-bc4d-983ee436f573,7,1,0.21022680336645883,0.5184610306058381
bd775be3-25f3-40ff-bfe7-b55a7077c463,2024,2024-02-03,39decbb3-b24d-444c-970a-39aa53a01ef6,fc7ccbd1-42ce-4200-b33b-0f8f3de48473,-7,0,-13.814227313650047,0.04361435559868935
bec9d3df-dacd-401b-8250-77538a063d3d,2024,2024-02-03,493c2e9c-ef36-4b2a-8a7e-32c890e85a4d,20abe49d-2029-4327-96f6-389664f5da7f,10,1,13.65006376619927,0.9111851091482375
c0ad3b94-01b5-48dd-83a6-68331500391f,2024,2024-02-03,38cf12f8-b27f-4c69-8f14-254930816a8b,e9813fa7-c976-4ad4-a455-2f05235e93cf,-4,0,-3.430192071625822,0.2933953565605351
c7c559cc-d1d7-49b9-a7c8-37846054719b,2024,2024-02-03,4c4cb93b-7b16-46b7-9d21-5ff908de25a6,03a91d53-3b06-4e76-b037-9c97d09645f6,14,1,11.972286713449982,0.8966756574850429
cdfbe6c2-0c89-4b59-b499-40460bf774e3,2024,2024-02-03,6474358a-819c-42e6-92d7-0fd3ce20d239,d8cd723a-1d76-4abe-be2e-516e52724947,3,1,5.8534622652874955,0.7685979423176418
d00a0fd0-9e2b-4ad9-b042-8e4666238730,2024,2024-02-03,e308f5e0-c422-490c-901a-575bb49f1c7e,a7951831-d013-4591-8037-4212b4a85c3d,8,1,1.70615849191833,0.5611478383920654
d0b68589-0de8-40a7-9fed-50608683a05a,2024,2024-02-03,c58c3009-46ec-43bd-b27b-b0d683ab2cad,7da2e7c8-cee3-4ff4-be74-58d324c5ff71,-15,0,-1.20497561826454,0.4448146843443412
d177caa1-fd59-451e-9813-e825baa65aa0,2024,2024-02-03,791eb121-5f34-499b-a1ff-469bc9007fe7,dde8f534-10a1-430c-af83-43b026e7ab68,-22,0,-6.951440500671783,0.2500889239878994
d590b850-4e83-439f-81ae-0e2f3bbed968,2024,2024-02-03,31108a77-31cf-4228-9c6c-3a9665e9e17a,db374003-37d9-4d61-a3f3-7abec141d33d,4,1,-2.236571319182355,0.4245214253772099
d809e7e8-91fd-43cf-a1b7-7e9c596c7a47,2024,2024-02-03,7f15159e-f7a6-4016-869b-962879f5c296,e5fae797-082f-4354-8c20-2c1c22c6ac8f,-15,0,1.1349437191593867,0.5275239474365417
db09a21c-9c22-43a9-9dc8-b54f8f0e55ec,2024,2024-02-03,1ac84e49-be83-4e9a-b4a7-0fb0b7465b32,a7e91e1e-3644-4f3c-bda9-edddb9602a27,2,1,-2.5548710910319024,0.39497160354453953
dbd310f9-ba4b-4741-a0ad-816b076eb1e3,2024,2024-02-03,1cabfd4b-0114-490e-8d0f-1257cd7f0ae1,6c5c20e6-a076-4fbd-b77d-61a1c7a3c5a4,-1,0,6.4462462583984195,0.7652944235757474
ddf664d1-d5bc-4817-aae3-da77393f22ea,2024,2024-02-03,14393a14-3128-4184-bf05-72f6bf2a357b,f5583f43-2ae1-4834-b364-107222763dde,3,1,5.515986907511567,0.6825106982604555
e085dd9f-a928-47f5-a94d-8fe21712ffe1,2024,2024-02-03,e1ef03af-e420-475d-8a35-c6e5380e9f6d,f93c4c92-e869-45e6-8970-2a02d80141c9,15,1,16.883938641266557,0.9847330051345455
e77f1a3c-64da-442e-965d-f337039599ed,2024,2024-02-03,73db7905-652b-4320-aac7-243f2f2f70a2,5ace87dd-23fb-4317-bc7f-8d80556ae6b4,6,1,12.377950604689227,0.873381686626105
ec5282c0-8502-45fb-a2f1-e26df0c2ebac,2024,2024-02-03,c3681649-6e1d-4bf8-9b47-1d2868dca3e9,85effc0b-7382-452e-904d-22a52433ccb5,-1,0,-4.230572189951134,0.3887679093536041
f5d64dea-6ff8-4cc4-b2bf-7aa8dd2f2ccf,2024,2024-02-03,bfd4c500-09b6-46ba-81ae-48b13f8345ff,155c1dd9-ba93-42ee-a28c-238768724494,32,1,10.301569622143399,0.8683161770862827
f7075568-9fb0-4af7-a6cf-015c3eebac3b,2024,2024-02-03,1814170b-a11b-4328-99b6-082f1e76f5c5,3a4357d0-0685-439d-863f-f854c35e4c42,-2,0,1.5366506262769952,0.652349378245085
fdf80f14-1079-4e51-9758-b823ee86de7f,2024,2024-02-03,bb505898-cdd5-4c4e-9ea1-301ff6a4b981,b1937cc6-0f34-4060-82ec-b2bfe4c05aad,13,1,12.958719052168663,0.925219415630148
fe7727c0-1234-4319-a727-2f978f3a089e,2024,2024-02-03,57144631-7473-4b46-a437-8e2d8c760f87,f245c41f-897e-4985-9153-43034bb26bfa,-14,0,-6.663689266312693,0.2685336931864371
fe84cd04-1ac9-4394-bd97-a0a79d5d5376,2024,2024-02-03,051d13dc-5152-426a-affd-0cf01ef80268,10a27e98-10ab-4397-bb74-d3a92cc590dc,-1,0,-3.94780244105166,0.33429252204584414
ff6d6079-48c1-4921-b9fa-18731d09947b,2024,2024-02-03,2493388c-6fee-41f1-90b0-e82a447a607a,92b76481-ab53-4e96-a0ec-5f522c031417,20,1,10.758898613355667,0.8319953876836065
01fa1d07-3df4-470c-91c0-2c5ef1743434,2024,2024-02-04,9cde2e64-799a-42f1-84dc-71779b1219f5,6068f6c0-7e92-4dc4-9da8-1bfbdb60cf2c,3,1,5.858266773388745,0.7413253722706247
096486e0-573e-4787-a014-0317c7ebc4d1,2024,2024-02-04,8925b65e-4ce2-4ec3-b501-c0075fe06b52,ed50f577-3ab9-4627-80f9-bc931ee42370,4,1,6.2772387035483135,0.7936272408147659
17612ec8-7b08-40ea-b154-656583c74a99,2024,2024-02-04,82ee0a8d-e51c-4a87-bd7b-72707ec8b342,00b63e00-850e-4b09-b660-a5e698f46b61,11,1,6.238057676171322,0.7292331389122185
2cd6b418-cf95-42a7-95b9-676219a0ab09,2024,2024-02-04,fd42047c-b7c6-4dbe-93e7-69cfd125995c,91d935fa-7d8c-41e7-a184-72c0f770d10c,-7,0,-9.393541323424586,0.1726812237823654
3527412c-d925-4bba-a4b3-6c03503ffa0a,2024,2024-02-04,b20b957b-b406-4f6d-8f7a-2f88e3b49bd5,6cc29af2-0d45-4399-b571-caa43e20e554,3,1,15.32822201214072,0.9320950627866943
399e36f7-2333-4e5e-9c17-3b7e0c5b6414,2024,2024-02-04,00a52b15-70b5-47b1-86c6-8e30652728c0,f916ec1a-cf31-4b3a-9d55-a8bdefbea199,13,1,0.3191361666271598,0.5605130929651919
3a31d6ed-cd34-4383-a1fc-a7a1c38b6709,2024,2024-02-04,a64af70e-61a8-4777-8e8d-9a7815f78f3e,f6d188d9-c992-4de8-801d-4995b25abaae,1,1,2.06121333729349,0.6440523209224995
418a235c-fe18-40f6-bd61-27dd201a7cde,2024,2024-02-04,58bacfff-257f-4f54-bb05-241bd6353626,5320f527-fbbd-4bb0-80d3-0de759475d59,25,1,8.072593098203217,0.8307391132275351
49e995a6-95e0-4827-bda9-68b4eae59bf7,2024,2024-02-04,d7b7310f-6983-4a09-bb56-fda96e9f761d,7eefd1e5-aea4-463e-ae74-c628b0fe170e,3,1,2.6904269497293507,0.6724811244454234
7212828b-41ea-4953-b1c4-704ed371d5bb,2024,2024-02-04,1acd2c41-6945-469b-b33f-3c7b30f8359b,2bb9930f-6a64-4fb0-8ae7-2d18cc4ceb5c,20,1,19.71084146565828,0.9849581406479536
79b500f5-3ee6-42d8-aea5-874a88f4259b,2024,2024-02-04,dcf85f3b-a79b-4a61-9cd9-d6a90541bf3f,33176e8c-5f9d-4bcb-8c56-9a0a5f7d7f1c,-2,0,4.46837523185716,0.6449911099859292
8b6bc74b-9ac1-4414-9172-cc174d0273ca,2024,2024-02-04,67505072-f35a-493d-a160-8e6292da33f5,629ca4e3-9243-47ce-8a02-ee7fe38e857c,12,1,6.195689904961149,0.7037510227303919
9428f2df-6861-4609-9b9e-4a05aeb8c615,2024,2024-02-04,0c8ee784-d7e9-4ac4-b0c7-3ca89567c515,d8e747fb-453e-4894-9a8f-08598fead336,9,1,16.052086896334814,0.9566288510821684
e2e09ca0-a602-43d0-91be-57a50dd59c01,2024,2024-02-04,cd9eea44-8a6c-4bd4-ad4d-74e461fdefd3,cd369794-6765-4889-bd1c-89869447620b,-6,0,-4.019625819972072,0.3038994470450561
f38a9836-2fe2-4a71-9acf-3a99808c1135,2024,2024-02-04,9341db15-6a24-4506-804b-e37983918ab9,df1d6c5c-77eb-4d21-b5dc-6cd579f74d2b,-7,0,-1.774782042664743,0.439531251816653
0e340009-540a-4b41-91f4-b00ca56b4e93,2024,2024-02-05,f1c92057-9fa5-4bdd-b404-96dd624192b3,63a49366-1e4a-4ecd-849d-4153e5e0a2e0,9,1,-6.934496972639351,0.22009094701954057
27581fc9-44d6-4983-8c30-b354134ee60e,2024,2024-02-05,72d2e856-e65c-4184-bc2e-38e805170efe,1b1fcea3-d0ee-4307-b5a5-4c2a4a591484,4,1,2.3458165157200477,0.6286493877608474
4ac2a81b-da14-47d2-9adf-d1ee5b632fba,2024,2024-02-05,64f3b1df-37cc-48ef-9741-b85506e7c500,97bd823e-8c6e-4942-a5ca-735b3a45ebbc,1,1,4.525478748392708,0.7248452714410795
61a6429b-6a1a-43c1-a305-c3b6456ee7ba,2024,2024-02-05,cb1440b2-adac-4775-96c8-c4f00641d353,2f2d6799-40af-4256-9dd9-412be50aa14f,-16,0,2.643030370280946,0.6344494381894175
640d12a8-dac3-4242-a55f-b69c8b2a2fc9,2024,2024-02-05,51a31921-d3f2-4514-821c-23df38e74559,2851d469-fe75-448e-9d6b-4bde7ec96e06,22,1,3.8426640219954367,0.7357805033064537
6f1d717c-9c83-499f-962d-b41f6cb8a228,2024,2024-02-05,57c91ea3-1f48-4879-a664-232fba59cb1e,20abe49d-2029-4327-96f6-389664f5da7f,26,1,8.025804985395201,0.8035497657810409
7398dbbf-1a8a-4567-bb88-cc87cae8b899,2024,2024-02-05,01300ab2-c4a7-4740-a5ac-3541d598620e,824aff8d-6409-4191-9ffa-e2daa335b7e1,-11,0,3.7446278775474093,0.673172516815853
873411de-262d-407a-8292-bee4a9e14347,2024,2024-02-05,be683752-ceea-4783-ae94-66be0178e1d1,ad9b8341-2ebd-49c4-8bf9-bf5d4811bc0c,-9,0,-1.3196026018478524,0.45231382137526155
9dc4208f-af35-424b-937d-f8a883609fc4,2024,2024-02-05,493c2e9c-ef36-4b2a-8a7e-32c890e85a4d,23b31575-028e-4661-85ac-8d5835d6726f,7,1,5.529554007066974,0.8034376069891545
c428bfdf-08f2-4aaa-8d65-8480d47d6f43,2024,2024-02-05,cd57c823-e9d8-49c1-bbe2-af9da08499bc,7293bb2a-8d08-4752-b00d-104a80da0371,-7,0,6.1359947900953085,0.7482246775747594
e953aa1e-a567-4372-b88b-8eaaa091115e,2024,2024-02-05,2c8d46b6-8e8e-4229-85a4-0713fe1c6c4f,546e1911-9caa-499e-92f4-afa9c6b1e8c2,26,1,19.94702351194631,0.9881829442035346
f5f30283-b569-413a-9537-2376b997fad7,2024,2024-02-05,312cd404-9fa4-4f04-b8b0-cfed95e31398,e1ee7493-ca48-4d8c-aefe-83427a4e66af,-13,0,-2.087386964251812,0.39154082389870404
f72cef86-0c5c-4ce8-a795-1acb50b0939a,2024,2024-02-05,4c073afb-cc2c-4ed2-bd8f-2f545ae1bea5,1b0dd005-3190-4ca9-b74d-111343f2fce0,5,1,-3.865560872412012,0.3629217163968532
0a446565-6836-4871-9651-8a7db556d517,2024,2024-02-06,ba033ab0-c07a-4b71-b7f4-243ae194d23b,730db31e-4fab-472d-bf25-7b882deff0b7,20,1,7.214242027146656,0.7786155344591698
14782a4f-236e-4dea-9259-6161fe3a1418,2024,2024-02-06,2deaf391-9719-4c95-bb3c-acc6f8baba86,74434c65-ac07-4a97-9998-737791311fb1,-3,0,6.632521132930621,0.6950349908273464
2d4887f7-9eac-4dff-a1ac-e98d8b222df6,2024,2024-02-06,65cf0d8a-0a5f-4572-8516-53809f66ba44,ea78667c-bf16-4084-80cc-2ab61a0e05d5,-1,0,5.617819121374297,0.7174802350793514
375a0cf8-3abe-4afe-8f39-ac96a4e0aa80,2024,2024-02-06,45959b35-f1e9-462f-aecf-565395a6fb6d,a66213c2-5ad6-4d77-a7ec-85700a223ed1,-13,0,-17.05801425313165,0.04102940391018968
3b801598-be1e-4a32-a181-2b2d1599ef95,2024,2024-02-06,9d7f5648-4f47-4192-9d8d-78454c962bed,9c1431a3-21c9-46c9-8335-1b85a6022223,16,1,18.289602648892682,0.9745714410565731
4283ff25-f972-48c4-9be7-f4606c250ce6,2024,2024-02-06,e51fb2de-db51-4fbd-ab63-2a069c126779,a7e91e1e-3644-4f3c-bda9-edddb9602a27,-5,0,-1.174034481269029,0.4486781370834005
48bc6fa3-0d0a-4d86-b4f1-77e5376cf3f0,2024,2024-02-06,05aedf2a-3424-4acc-9537-4d52dccd6e02,da6142ab-a5fa-48a0-b6ec-864a8119be75,-41,0,-23.946458041245958,0.024979842701764256
4b39c28a-415c-47fe-8a48-547307417129,2024,2024-02-06,1cabfd4b-0114-490e-8d0f-1257cd7f0ae1,2518e2c1-28b1-472d-9fdd-5d97d9f1ea99,14,1,13.838584013985567,0.9468483267802846
4bf7444a-2ee3-4fef-abe8-11f7b1fba999,2024,2024-02-06,2f522e9f-f586-4f8b-816f-a83d9e6231fa,439b6cee-3be6-4471-bddf-f7cb8c69cc85,3,1,-5.867994535072225,0.36909323889225304
52f63669-ffbd-48d2-aa3a-9d0113e6f9fb,2024,2024-02-06,215ed27d-58e8-4e84-ab60-6d170d404304,853125a0-ce88-45ba-9815-9387fac3d278,-3,0,6.923424589444865,0.7260722533911593
573bcd71-bd49-4729-af54-07326b6c1c3c,2024,2024-02-06,e7f5f157-7a33-43ad-8282-59e1c4ad9b25,9b6f0f32-d8f1-4921-aad2-a16c420f3183,28,1,24.172318407945788,0.9884520994139989
676c083e-47a4-44c9-9a8a-7b66061dfab3,2024,2024-02-06,4a01023d-3637-4ac5-bf1f-37c08b2438a5,424f7a7a-158f-4ad0-adb1-4b3ebe25b11e,9,1,20.06090541863883,0.9866295812292338
6afa2910-6eb4-4f11-b287-f4b5f1fd00c7,2024,2024-02-06,9b465025-fe2a-4233-b24e-310dbccdf4ed,5320f527-fbbd-4bb0-80d3-0de759475d59,5,1,-0.878009613565778,0.5409678803724224
6d0d61ee-2e46-44c6-84d4-3dbd7f8672f0,2024,2024-02-06,58113924-4aef-47a7-a675-cddc9e355cd5,529e7dc4-6b55-487c-84b3-598dd9941301,16,1,0.4845546369078606,0.5079406583276422
6de1f060-0424-4464-8936-37b4d021423d,2024,2024-02-06,03a91d53-3b06-4e76-b037-9c97d09645f6,9ccf2901-b49f-4aa3-8a4a-d59d017dfabc,-18,0,-8.520240048851958,0.179173727519142
71630176-f170-45f6-8a95-dc9139226580,2024,2024-02-06,632ba9bb-afd9-4b5c-9c3b-4e60816c8e4f,57144631-7473-4b46-a437-8e2d8c760f87,-23,0,0.17091803119640014,0.5727434279965323
7919488d-3b1a-47b6-aea9-2eda47173d5d,2024,2024-02-06,35d0a28f-e3d7-43ca-90cc-daaf0b7c278e,7048a12e-ec8b-4bf0-a475-1316775a4964,-15,0,-1.0325372393455776,0.39043435678974336
89f29667-be04-431a-9ede-07860aadb57f,2024,2024-02-06,5052a2f3-f41f-41e4-a681-c6277fec0404,25912c1a-f2be-4c07-857a-5eef6aadebda,-4,0,9.262653792054712,0.862876997345387
9a1b9a71-02a5-41e3-9660-7e75882781f1,2024,2024-02-06,115916ea-f145-4974-a257-5bb24f7c1ccc,384d8319-2770-4b9a-bb32-bd4da034d104,3,1,6.8198539461171475,0.7282592535398008
a70c25b8-dd30-46b8-90c1-60967fa77377,2024,2024-02-06,5ace87dd-23fb-4317-bc7f-8d80556ae6b4,64c5c3a9-f1f6-4f48-b571-1de27621f06c,-29,0,-7.188716237670829,0.22053735969727797
a72d7765-5f29-46fd-ad07-47171cce9cc9,2024,2024-02-06,644a0213-9ca5-4238-af33-7c8ed45fc88b,b7f069ed-b9be-4147-b87e-fe1bef8386b4,-3,0,7.9475463406602485,0.789909349987649
b9cbafae-644d-461b-875a-ce230ae9fde7,2024,2024-02-06,69e6a4c4-bb68-4c30-86d8-3cf7d51c7db7,2dc64ab1-cde8-49d4-a343-298600450708,3,1,9.386381856935898,0.830224864526523
d103e64a-5f32-4ceb-9acb-fc8d8d93fa3b,2024,2024-02-06,4494a75c-3ddb-41cf-b75c-67fb9c0537c9,228bf81e-d4c4-4b81-9b51-74ff2fd3f7c3,-4,0,-7.324081603233885,0.20368372901963366
d51e4a04-08ff-4923-acc0-86ae345ced0b,2024,2024-02-06,cc07b31b-464b-4cb9-89d2-ac26ffe3e5f4,a4bc2fe7-4083-4c33-bce5-6cac3e161a7f,13,1,2.928379198724543,0.6069938431493169
d88765ce-6494-410b-97dd-db0c235d3ddf,2024,2024-02-06,5368fba0-1d0f-4310-9dea-c25c58762dd1,c71ebd72-5c90-41d5-b1fc-544e4695d9d0,-15,0,-4.646314449294506,0.37453418244752484
d8da00aa-c170-4157-b49b-3092335cbe9a,2024,2024-02-06,8fce643e-75f7-4242-b565-2a4818e1eeba,f3cf8061-767a-4873-9e24-5cc4c9a6a1b0,-5,0,-6.43582863661361,0.2585804676108272
db6eb870-125e-4833-9743-11089f3d15c5,2024,2024-02-06,dfdc9d0d-4a83-4244-9c07-9b3660ba4f6f,1c1c3846-4bad-48b3-b8be-dba7d24af981,-12,0,2.80279965876854,0.5401224676613114
e9d73199-eba7-43f8-a091-67d7e206284f,2024,2024-02-06,e06623a6-8f03-43b1-83f4-b653f6819ea2,f92587ee-8d25-4b09-9a60-6203f75c974f,-32,0,-14.21792193507547,0.06442844479814552
f14344d9-43bd-44b0-a03b-1be7e527e1bd,2024,2024-02-06,e42183ad-b44a-4746-8c0b-148ad61bab43,f18598d0-e0e1-4f15-95f2-e11df8bc3126,-14,0,4.579230166554377,0.6340194568618459
fcb632a5-cde9-4545-ae3f-5f5bef9c4580,2024,2024-02-06,1ac84e49-be83-4e9a-b4a7-0fb0b7465b32,e72d1807-6463-450b-b561-c3727b286584,6,1,3.815775732171589,0.7083445664496407
fe8c15d9-598b-4f7e-9b53-c98e9bc4cf08,2024,2024-02-06,49f72498-1bbd-48b1-87b9-cc90196e205a,6c5c20e6-a076-4fbd-b77d-61a1c7a3c5a4,21,1,9.192753616267877,0.8060809893893889
0380d726-2ed0-44bd-8ba7-8a9a47a075ad,2024,2024-02-07,44e2611c-d02d-4019-b2f5-da0e4ad35df1,3457262b-c7da-4834-a20d-ad6be302a671,5,1,-1.0375846991027347,0.4291826245998433
087a7589-92ae-422c-8ebc-0be1c9d8c7d6,2024,2024-02-07,a2069f0f-fd2c-4971-b3da-6ba010532fcf,05f1d3d6-8079-4142-beb6-628fd19c74ca,21,1,9.737232066189721,0.918282110383239
0c766ead-5347-4601-83d7-372718fc519c,2024,2024-02-07,2198dbfc-96fd-40be-99e1-e697e4c3d996,f48b0b87-86fe-4b7b-8bf3-9d541f495284,16,1,10.257448094662571,0.825636436007755
0f047bdc-e4ce-41da-b70a-02abf3b8bcd8,2024,2024-02-07,d74a1fb4-3afe-43b0-9bd1-7e0552ba73ed,7d57c2ad-190c-4c1b-8987-ab2007a42023,-1,0,6.89434078399744,0.8056126358028565
169c42ed-544b-48e2-93af-d8e24e8234e6,2024,2024-02-07,8925b65e-4ce2-4ec3-b501-c0075fe06b52,696e6eb5-b8dd-4d44-8780-1e6c678615bd,-3,0,5.6312442046803906,0.7715832064510084
18cf7bf0-3520-4e0a-8f12-58c22d5fdc23,2024,2024-02-07,1394e3ce-706d-4097-9aaf-cad5d38aa5a0,cd9eea44-8a6c-4bd4-ad4d-74e461fdefd3,4,1,-10.142548907152124,0.16867414809529638
1f3c74b4-2ce4-4104-94f3-2a9488211633,2024,2024-02-07,0c2a9ebe-8c6a-44ec-8643-1dbac7642ab9,071229c8-25a8-4fd7-87a3-c30d0a95671a,-5,0,3.1323737852176445,0.6550820651885269
288d4fac-86a7-42cd-b9de-0f9365df162b,2024,2024-02-07,ebf92b73-233d-4523-8429-ab00d5af1966,c05bd27b-1eb5-4bfc-b1ec-29735fe183f2,2,1,-0.9325966611409673,0.4500320383881733
31d39ae9-34ef-4396-be68-daf10b68365d,2024,2024-02-07,375514f8-f93e-4eec-ae0b-6615ec954e45,2ca82167-d915-492e-98e0-4ee592960583,13,1,4.862065813509007,0.6557332474261189
3569f659-5a20-4241-adc8-21a8c8b39a3c,2024,2024-02-07,dac01aea-9f35-463a-9dce-75d4575160dd,bfd4c500-09b6-46ba-81ae-48b13f8345ff,18,1,4.286325688247235,0.6304692652469767
3795e256-5cc9-46ce-b3a7-19d3c1933871,2024,2024-02-07,7747d9fc-9e15-4b0f-911e-ba64828748ed,31108a77-31cf-4228-9c6c-3a9665e9e17a,32,1,27.458869781128957,0.9905447315903076
381cb9fc-47ad-4f69-8590-71aa2a02d2ba,2024,2024-02-07,c840b153-1401-4ebc-9549-e027df3cc7e1,00a52b15-70b5-47b1-86c6-8e30652728c0,-6,0,7.6369746736345645,0.78894064571773
3fe091a0-20d6-4643-8da9-11a063a05f17,2024,2024-02-07,312a943b-3a6a-4f8e-96a3-02cf6ff38b41,e30e79ea-8947-4c58-9842-25781182ec2e,-13,0,0.45640043911879685,0.46510077992476656
42d51e58-50f3-4367-97a8-a247423aca27,2024,2024-02-07,17a3b4e9-cfab-43a8-b7ad-73508d4d890f,52739295-a20d-42ea-b09c-a1e17be40d02,2,1,-0.7439170697667133,0.46783761024473525
43bfc965-8e84-4e0f-88e1-2b576107e887,2024,2024-02-07,95466c2d-a184-48f8-849c-d6957bd1df52,d2ae40ba-651b-4006-8b22-61c6b9ce0e33,6,1,13.1821054386184,0.8920588029345835
49ee1fa3-e486-49bc-94c1-619f7753657d,2024,2024-02-07,c51998cc-ad65-43ec-88c6-a0f160ff7902,fd495afa-fc22-4081-905c-24f40ff2656c,2,1,11.205058801220405,0.9078782698153335
5eb55d35-fb36-49ba-a3a6-8067b4b62c89,2024,2024-02-07,638757a6-508b-49af-b5d8-661c0059c04c,e1ef03af-e420-475d-8a35-c6e5380e9f6d,-4,0,-2.902836029677842,0.45556925956416755
6761ce3a-e583-4a52-b91a-045acff4b9d9,2024,2024-02-07,58617cc8-94d5-4f69-a677-9ab4cdc52a33,76748a8f-7de8-46dc-b80c-a1a7fbcb84ea,7,1,5.656415439731571,0.7620461246015836
6d99c0a1-026e-415c-bdeb-3542f0b26cb5,2024,2024-02-07,da828fff-cee9-4151-bc4d-983ee436f573,5bd874c9-de44-4954-a4f6-428ed3fde8a6,5,1,6.986847729401816,0.7729698924464358
6f0a11b5-0cdf-4a55-b92f-2f935896ef0c,2024,2024-02-07,550c3333-8e82-49d4-b9c6-ae13db14a84f,ad741e6f-e15e-4f4d-8350-9973fa99916e,-19,0,-7.306508977776551,0.22190910675891712
7308fece-ae99-4714-a0fa-827dcc3a247c,2024,2024-02-07,2408f22b-e753-4c5a-9353-be75a4fb2164,79479954-cdbe-4601-a82c-35936960a7dd,20,1,10.586354599754426,0.9063946161402656
858ee2e3-ceb3-42b6-a69a-831a63820c29,2024,2024-02-07,9be057a5-becb-47b1-b84f-041147698411,f9c26112-b1ea-411e-b273-e74e8ce3f1ff,-7,0,-3.8186838703446564,0.36160334493951984
89aa6287-1d82-4a05-ab37-8ab1542b3db6,2024,2024-02-07,49c78722-1476-440a-9de1-896fb7b7db88,d7b7310f-6983-4a09-bb56-fda96e9f761d,-26,0,-5.362721019240284,0.2717903708727405
8c7d90e4-c032-46b4-9d42-a19af8b794aa,2024,2024-02-07,b9e1a15d-9de2-45e6-9fc8-b3444d1bc0b5,4b83e4dc-410f-4835-a8a4-8ccffc29e016,18,1,17.724245266906603,0.9755246403595295
8cfd6913-8e9f-42d0-a670-7f7fd618cf72,2024,2024-02-07,4e9aa968-9ad5-4833-b9a5-7d89b35976d4,2fbd9d1e-084b-43d2-9c7b-10ce0782be7c,6,1,-0.7079949203463253,0.4411940898921587
9204a122-a699-48cd-a4f4-846bcd0e41d3,2024,2024-02-07,85effc0b-7382-452e-904d-22a52433ccb5,af6bf0c9-2e1e-4334-8982-93f14a35af57,3,1,-8.771904790879173,0.17988562051782633
93bac76d-8e56-4e5b-9c86-81f27c65ed59,2024,2024-02-07,1d3cac70-c7f5-47ea-bb26-00ba78e1acbd,2ed44d95-e306-4823-a4c3-196ffb777766,7,1,6.222743275130199,0.7269292925243642
94616acb-e1b9-4cd4-b720-b24726861be6,2024,2024-02-07,2e49ce6d-63ef-45d9-9048-67fcdb01a46f,b255fc28-3428-4006-adf1-9c1001ecb1a3,20,1,15.852931471326274,0.9503708017698242
9599af87-ff3f-450b-a1e8-0fdb03a1ab72,2024,2024-02-07,3e3e940b-dd81-42f3-88f8-4e988278be04,3763fb9f-1ebe-4dbd-bfc9-6638b14a2a51,-9,0,6.918610599311439,0.7666460723386724
9961bec4-49b3-440f-9d74-468be69cf97b,2024,2024-02-07,8a7ae133-e612-4f1b-911a-a72870f8b4d6,19b40071-00ca-4d8a-8188-a03d635e9811,-18,0,2.4134469676878405,0.5616284950036944
a8678419-7352-44de-8a29-b12ca37bdc7e,2024,2024-02-07,4928acd4-6738-4045-be81-20132f6471c8,eaac3de1-dd32-49d9-abe3-f56bbff80cde,7,1,-6.523540747717523,0.21464250993708328
aecc0d7c-164c-432b-b392-f5679f148365,2024,2024-02-07,e12ab562-dd12-4b55-909f-669834d3d963,63627b20-aa4c-4e0d-bcfc-40a5fe150e8a,8,1,5.766808636557745,0.6808751569876955
c54fb4ae-b66b-4f8e-b884-a99bc9ad3faa,2024,2024-02-07,e5fae797-082f-4354-8c20-2c1c22c6ac8f,754d9f26-9ca3-4bb8-8aa3-065bcf9ec6df,6,1,5.467114886848173,0.7317469127063825
c573fd33-ed99-447b-9542-62067023ce0b,2024,2024-02-07,f245c41f-897e-4985-9153-43034bb26bfa,f916ec1a-cf31-4b3a-9d55-a8bdefbea199,-13,0,8.268417439997593,0.8032959492618235
c89b3471-7844-4779-b434-01ee1fe325f9,2024,2024-02-07,22ae415e-1335-4b89-a126-bbc7a1d7901e,4aa110b4-c8f4-438d-b44c-2d6a5c74ab8e,7,1,14.611400495479431,0.9299344820334512
cee9be1f-4e5e-4097-ba64-1e4cd02cdae8,2024,2024-02-07,155c1dd9-ba93-42ee-a28c-238768724494,25f32a40-1a9b-47e3-ab20-74659cba9520,13,1,9.12256358142185,0.8185987263523211
da327fda-32db-4e85-b2c9-1b376bd5f188,2024,2024-02-07,a4e0b7c0-e98b-4e65-9408-e26a9aedac8d,f93c4c92-e869-45e6-8970-2a02d80141c9,5,1,6.866401550701854,0.8114502981471728
dee5d670-b075-4c06-acd8-ae636998af88,2024,2024-02-07,db9d85a6-59a4-47ff-a287-b40442bf460b,5cae196d-fd0c-4944-8120-41d5abecb290,-13,0,-5.771981215496944,0.2894992907543288
df5b03e1-0665-442a-ba31-f5c2bff7d0ab,2024,2024-02-07,bf4f25da-dd8b-44d4-a4b7-4671b3c37db9,c3681649-6e1d-4bf8-9b47-1d2868dca3e9,40,1,24.77307625979745,0.9873385909838491
e1e46030-e923-4ee2-b4d1-8293b0793868,2024,2024-02-07,abad6a22-9569-47ad-9945-a6ad9345c30f,47b967e4-0689-4d1c-863b-9d82c6ffbfcd,4,1,9.250919225948651,0.84147814285897
e1fa9708-c46b-4987-bdf5-96e63a781944,2024,2024-02-07,00aed6ff-2151-4d45-8b3c-776ebb0a51da,4d3124e9-6470-49c6-8f2f-806813c60883,-5,0,8.137034662448752,0.8205785301454096
e7666d0d-d19f-44b9-8756-32c7a890e064,2024,2024-02-07,73db7905-652b-4320-aac7-243f2f2f70a2,2f0bd8d9-4435-45ed-9efe-045f835c15a8,-3,0,7.747114907025631,0.7631340745517687
e8879b1b-822d-4266-b551-950d39da832b,2024,2024-02-07,adf7b22e-19a9-437e-ade2-833bb31da77c,dcf85f3b-a79b-4a61-9cd9-d6a90541bf3f,9,1,-1.1585600208722675,0.43976339369887146
f19ffc64-18ef-4490-b6e0-4a5684f8420b,2024,2024-02-07,2aed7aac-f38b-4fae-84ae-9e9c9ac71a3f,30a1a9be-60b7-4afa-9dcf-92694c2703d1,-10,0,-6.641878060902894,0.2265285491698062
f4ad2f0d-575c-4e7b-872c-45861aab2f48,2024,2024-02-07,8044cdf8-5fd0-47d9-8a07-8a29b2ca7b9a,887d2364-968e-43c5-83af-c227595022bd,-11,0,7.885229845890785,0.7997904432150525
fb4a3997-44ec-46ce-9bcb-4737f9799b48,2024,2024-02-07,a9569511-9e5c-45d1-b958-3e29c52f612e,6068f6c0-7e92-4dc4-9da8-1bfbdb60cf2c,12,1,3.7457885871515693,0.7115568895684375
02c471c7-f0a1-4a91-8f7a-7165a53be582,2024,2024-02-08,2ba07bf8-0306-417b-b7fe-b2d29b7d0eb1,a4f24556-d2b0-4bc3-bd21-758340750c58,-15,0,-9.469499899520565,0.17236729133217157
09bbe267-7755-4860-8ba9-552c72ba218f,2024,2024-02-08,8b8c3790-682d-4010-b304-45ce213ad62f,39decbb3-b24d-444c-970a-39aa53a01ef6,19,1,2.7716894196545523,0.6140383539221045
0f0ac94a-d8cb-4133-b521-d0fb44332e91,2024,2024-02-08,6b296d7f-de88-4a16-8a22-b28077a669c4,b1b6c3d6-c825-484c-a8fd-a4e0816d19fa,8,1,5.507259721274887,0.7019338963880553
17045084-2541-4956-ba5a-ac82ad32f9a1,2024,2024-02-08,993f004a-13e0-4079-8706-332aafab29c2,99b16ea6-899f-484c-8a9d-b2b5bb872d9d,-10,0,-6.462309835253919,0.34867624650289136
19f55d35-6d99-4f6a-880e-20a24fcdfb24,2024,2024-02-08,88fe7301-2d1a-43f9-ba01-e8f7795634b5,bb505898-cdd5-4c4e-9ea1-301ff6a4b981,2,1,-19.219072721022734,0.03028775135141844
1d6c8676-322a-4bee-9715-ba06f76258fd,2024,2024-02-08,df1d6c5c-77eb-4d21-b5dc-6cd579f74d2b,16aca559-5828-43a9-ada9-f35f973f4863,7,1,16.571703914433495,0.9717490033056105
22bfa82c-f25a-48fc-a56a-0fcf1cdd2e28,2024,2024-02-08,c79306a4-5139-4f8b-8b55-21b42e22858f,e5bf7042-0036-4e9d-81f3-3126a9675ce0,21,1,4.074343090805685,0.67611562152822
2720e02f-4bcf-4daa-ad69-415773da372e,2024,2024-02-08,a7951831-d013-4591-8037-4212b4a85c3d,48a6c30c-21c1-4d12-ac7f-590a1fdb0238,5,1,1.6901702948964112,0.5592779280061587
2b1319cf-bf4a-494e-8490-4ebd5ef22e29,2024,2024-02-08,3a4357d0-0685-439d-863f-f854c35e4c42,6474358a-819c-42e6-92d7-0fd3ce20d239,-4,0,-8.72773982498216,0.1731731323222543
342e6847-a5c8-4dc3-815e-a7458f247d6b,2024,2024-02-08,2607ab7d-2f54-4540-9b2e-d27703407118,df2a7293-fc74-4f81-a93d-98c8989ea725,3,1,6.637912669776908,0.7208038831169289
45e3a069-0048-4a7b-bb80-3fab905f195a,2024,2024-02-08,0b9bc135-badd-4fc9-b7bc-bebccb08cbf1,09fca7ef-baed-4af0-a553-465ae1160049,-6,0,-5.273943004389894,0.2836932387019161
4d03be73-04cf-490f-97ed-4809d3658aa1,2024,2024-02-08,73a80df0-15db-447f-b97c-418cc82a508d,ba033ab0-c07a-4b71-b7f4-243ae194d23b,-3,0,-1.0141360988573886,0.4582394660066901
52da43f9-d155-4b07-bfa0-df37d9ce798c,2024,2024-02-08,33176e8c-5f9d-4bcb-8c56-9a0a5f7d7f1c,dde8f534-10a1-430c-af83-43b026e7ab68,-9,0,-6.685868607056157,0.2679180377870734
53c7d48b-6822-4195-affa-2e9658c06879,2024,2024-02-08,cf2f7a41-56d5-4c2a-b4f4-fb9d1c933b22,14393a14-3128-4184-bf05-72f6bf2a357b,-3,0,-8.976075331871469,0.19072278929830538
5a89ac31-6ff4-4c99-9037-0f19c230e006,2024,2024-02-08,db374003-37d9-4d61-a3f3-7abec141d33d,125fc4dc-8f42-45a8-b23a-3e50f4620499,-6,0,-10.421316874973272,0.1392642254319346
5cd7b0b3-1ecb-4a0b-9926-6f7bc5c3e7db,2024,2024-02-08,0c8ee784-d7e9-4ac4-b0c7-3ca89567c515,f6d188d9-c992-4de8-801d-4995b25abaae,17,1,3.8023683834322584,0.668146450610094
69a1b3df-f7be-45ab-8bbc-76eb289a1d1b,2024,2024-02-08,79bf464f-0d3a-4992-b310-86d2abbc2244,686413d2-e94d-497d-a87d-ab911ac38ec7,-5,0,-1.623208485985863,0.3860986890052281
73da02e3-e6ca-4d4d-a86b-4ac1f827feb6,2024,2024-02-08,9341db15-6a24-4506-804b-e37983918ab9,4eaf68c0-dd32-4705-8f2c-1c1dd2880a74,10,1,-3.058982651485583,0.38901107367656124
7e7f2238-a5a7-4e80-9c0f-54a9956865cd,2024,2024-02-08,3280e439-7a98-4ebd-95dc-1a1281ccab00,38cf12f8-b27f-4c69-8f14-254930816a8b,22,1,24.93410194659104,0.9773624797998376
8db9d94e-5211-406b-a09c-b71004fd0871,2024,2024-02-08,91d935fa-7d8c-41e7-a184-72c0f770d10c,d8e747fb-453e-4894-9a8f-08598fead336,4,1,10.704325664535935,0.9001508178207862
92b5437c-87eb-47b7-97d9-cba895962efa,2024,2024-02-08,eddc4725-b4b2-4442-b2af-8853210d0e96,8e26bcb3-616b-4c7c-a709-bf30d2ddce41,19,1,9.180635177254963,0.8466006827489557
9ab7e330-ebdf-43e7-8aca-d4a18b2f1985,2024,2024-02-08,bc3f184c-a2c4-4518-89d1-f58ee454b86e,791eb121-5f34-499b-a1ff-469bc9007fe7,-4,0,-13.163752193955323,0.06242747451510867
9af217b0-5a1a-4144-b597-138e60c4f0c8,2024,2024-02-08,d8cd723a-1d76-4abe-be2e-516e52724947,d7bc8ff0-3522-40a8-8309-346e8b4cf9be,-12,0,4.381770730414852,0.7071596275145209
9d6c7d7e-2a6b-493f-b748-e95218dd868a,2024,2024-02-08,5f480384-0cfc-4e90-837d-db9cc8d292dd,a7f405f8-389a-4a00-bb71-6d07d48f4fe8,2,1,3.1007891771126443,0.6431737506641085
a2b50deb-4344-46a3-97b9-8dcd2f279dff,2024,2024-02-08,6cc29af2-0d45-4399-b571-caa43e20e554,2acb9682-4dbf-4e25-82b3-0124cb5c07cc,6,1,-3.4918398846867786,0.3154748356007792
a74468c2-fe68-4e53-b4ff-3fc22bec214a,2024,2024-02-08,629ca4e3-9243-47ce-8a02-ee7fe38e857c,4e9067f6-7760-4a2a-ba37-273c77915540,-7,0,-5.6519983327912415,0.32386343528919814
b33d0836-1297-447b-a8ce-0326158bf75e,2024,2024-02-08,7af1094c-c99d-43dd-b41a-1b72a81abfb3,c58c3009-46ec-43bd-b27b-b0d683ab2cad,4,1,-3.301020577775444,0.39428216698212726
b985a714-826a-4e17-933a-98fa62a0e487,2024,2024-02-08,15de2bd3-69fa-45a8-b95c-4d5e91232ab9,113341aa-9630-4951-b161-71419ed62dbc,2,1,5.925791018795563,0.7391646593627487
bac7fa1c-2741-4280-8db5-a3a42ad7f812,2024,2024-02-08,e9813fa7-c976-4ad4-a455-2f05235e93cf,268a2907-58d0-4693-98bb-a6cecdae1c63,-15,0,-6.637314188887805,0.24523345132097246
bc8634b6-a1b5-435c-8b78-bbfb170c70e3,2024,2024-02-08,e6b0799b-abce-441c-929c-964306f8fc27,6eb0ebaa-8c99-466d-8fad-68b897f2a9e2,11,1,-3.3872961733031572,0.3451329647427839
c60b4211-fc5b-4954-bfb9-6be798617c15,2024,2024-02-08,873b654a-5825-415c-8a11-5e5b15bd2ac8,0b751b74-e572-43a0-b324-54eeefac4d5f,4,1,9.670866994432481,0.8656041520499899
cce21a6b-0a30-4d71-90f3-aaa29926f635,2024,2024-02-08,7ca95dca-8ca9-42a6-b9a5-307d339df9b7,92b76481-ab53-4e96-a0ec-5f522c031417,8,1,12.012835751387255,0.9058598655762914
cfd525e8-0b6b-493c-9ab0-f0c9fb7a34db,2024,2024-02-08,409dd213-f612-4ab7-a0ae-8060dd9a6ef4,7f15159e-f7a6-4016-869b-962879f5c296,12,1,15.767533023946836,0.9611381485847502
db6f6dcd-7345-4316-b6b5-6096966548b7,2024,2024-02-08,051d13dc-5152-426a-affd-0cf01ef80268,0b950934-3f06-4a8a-9251-83e3f1827e68,1,1,-4.599848505439872,0.33051950596584534
db73f2e0-c550-42b7-bff5-76826ea6c57a,2024,2024-02-08,7da2e7c8-cee3-4ff4-be74-58d324c5ff71,7fdeff97-4db9-4c33-9fc6-9f03bd977d30,22,1,13.005132566821842,0.882662190469455
e61142ff-924c-4b09-91c2-d5fb4318a4ea,2024,2024-02-08,7eefd1e5-aea4-463e-ae74-c628b0fe170e,b2d5fddd-b407-4fe6-9d70-e921ab7b7e1a,3,1,-2.59367496819167,0.4224451196227125
e7e09e4f-5e3d-4f77-bdfd-569ca6e54792,2024,2024-02-08,9b465025-fe2a-4233-b24e-310dbccdf4ed,a64af70e-61a8-4777-8e8d-9a7815f78f3e,-3,0,-2.0288116528555284,0.38478986571004437
ea4bcbbb-3e5c-4b26-9a7a-e382beeee046,2024,2024-02-08,58bacfff-257f-4f54-bb05-241bd6353626,00b63e00-850e-4b09-b660-a5e698f46b61,11,1,6.597492527292194,0.7307398488456012
eafd18f0-19c2-49fc-90db-2a0cdbb8a4a9,2024,2024-02-08,629710d8-479a-4efa-b5f3-d77767ddce70,89dd92f7-46c8-41a3-be81-ecb12f1cd4c7,-13,0,-1.5267677333120528,0.4551397095811766
ef9f9371-869e-4f8e-a6ba-35ad6a684513,2024,2024-02-08,fd42047c-b7c6-4dbe-93e7-69cfd125995c,82ee0a8d-e51c-4a87-bd7b-72707ec8b342,-16,0,-11.102111247471003,0.11776317443402604
f62d976f-c0cb-4f72-8685-65e2241240a2,2024,2024-02-08,9a06c3a5-a344-48e1-942e-a22438b842ec,da6b8f1b-a85b-4303-8500-c640c0d3132f,16,1,0.9494325525907775,0.5727594723776458
f97c3366-b488-4c14-be56-41530a14f109,2024,2024-02-08,717f3cf5-bc65-4a66-8f05-191decfbf380,dedb6ed5-06d8-4ba6-a1cc-e3134a2c7937,35,1,10.32556760821326,0.9019875008505605
fc9c490e-b307-4494-aa16-66a028ae4766,2024,2024-02-08,04119628-781b-40f9-ac7b-3c8fe82375cf,8ce6b3fb-8bb0-49b5-acaa-caed76d542d7,4,1,4.320418390984792,0.7111993463893622
fe3c0c9d-7294-4a93-b8c4-1c653b6dfbe3,2024,2024-02-08,f5583f43-2ae1-4834-b364-107222763dde,c2629a38-b5d1-44e7-9a32-8fb51cc9a116,7,1,2.470325047839957,0.6082847156152121
5c835551-17c3-44ff-a15c-6c4fa453eafd,2024,2024-02-09,cc07b31b-464b-4cb9-89d2-ac26ffe3e5f4,dfdc9d0d-4a83-4244-9c07-9b3660ba4f6f,19,1,19.449247738049767,0.9844104337960247
64970185-f958-414b-b37d-332952c92fac,2024,2024-02-09,c71ebd72-5c90-41d5-b1fc-544e4695d9d0,7048a12e-ec8b-4bf0-a475-1316775a4964,2,1,-3.1724688551943445,0.35453520286156975
fa29ad2d-f47a-4ee7-abb9-9346566b8dde,2024,2024-02-09,f18598d0-e0e1-4f15-95f2-e11df8bc3126,a66213c2-5ad6-4d77-a7ec-85700a223ed1,4,1,-2.823945813574863,0.3984861671333881
00c28976-ba66-4fb5-8599-15f86d6f211e,2024,2024-02-10,5f480384-0cfc-4e90-837d-db9cc8d292dd,a4f24556-d2b0-4bc3-bd21-758340750c58,10,1,-7.490780585653047,0.28268302298015785
0193bbd3-5349-40e8-a077-83c65d9a53d5,2024,2024-02-10,2c8d46b6-8e8e-4229-85a4-0713fe1c6c4f,26d69f75-49a0-4d07-968b-2b549e059c24,7,1,12.316917364738151,0.8999202583019272
0c2baa5e-ddf5-4771-b6da-726f0eaa1b87,2024,2024-02-10,b1937cc6-0f34-4060-82ec-b2bfe4c05aad,eddc4725-b4b2-4442-b2af-8853210d0e96,-1,0,-0.2559559258733048,0.4839794784873683
0c532688-7ea8-4f05-816d-884791d58ff7,2024,2024-02-10,ec7d9da7-9286-4c01-98ce-3a10ec231612,e250c58f-f6a5-4da7-aff3-c6770b9a14da,2,1,2.1878438954277573,0.5683751285903466
0cb6479c-c5e8-462e-ac33-a242a67a107b,2024,2024-02-10,375514f8-f93e-4eec-ae0b-6615ec954e45,74434c65-ac07-4a97-9998-737791311fb1,9,1,7.182947330852093,0.7470840299141015
0f8f3e40-4c60-4051-a357-13768e421a5e,2024,2024-02-10,8ae6c27f-063b-4e7b-bbfb-653f496560d6,f73ebf9c-90d9-4d66-b403-056ea4ea6b30,-14,0,1.3447560813941601,0.533622756914158
0fd74fe0-7a3e-417d-a3f3-6939cb8ab9a5,2024,2024-02-10,0b9bc135-badd-4fc9-b7bc-bebccb08cbf1,7f15159e-f7a6-4016-869b-962879f5c296,-8,0,12.269649827707473,0.8961351128468689
10258e8c-af08-47fb-9745-e6291d358351,2024,2024-02-10,bc3f184c-a2c4-4518-89d1-f58ee454b86e,dde8f534-10a1-430c-af83-43b026e7ab68,-39,0,-18.050415886603048,0.04173120617757522
110ecf84-2885-4975-b4e2-0a428fe09b13,2024,2024-02-10,f92587ee-8d25-4b09-9a60-6203f75c974f,7747d9fc-9e15-4b0f-911e-ba64828748ed,-4,0,0.2554225343514944,0.5568572850229764
14e24462-f73d-4788-a571-04ee06161a2f,2024,2024-02-10,629710d8-479a-4efa-b5f3-d77767ddce70,bb505898-cdd5-4c4e-9ea1-301ff6a4b981,-2,0,-6.787373724166982,0.2633043697677519
183c39e7-a541-4355-8216-b733086aab47,2024,2024-02-10,7d57c2ad-190c-4c1b-8987-ab2007a42023,30a1a9be-60b7-4afa-9dcf-92694c2703d1,-14,0,-13.474180445525365,0.088052184273462
1c544943-1968-47ed-ae36-4e58eeb38397,2024,2024-02-10,38cf12f8-b27f-4c69-8f14-254930816a8b,6474358a-819c-42e6-92d7-0fd3ce20d239,-32,0,-16.397808183040652,0.044501049459502486
1fd426e0-59b9-4a5c-914d-8b62ae4069e9,2024,2024-02-10,35d0a28f-e3d7-43ca-90cc-daaf0b7c278e,19b40071-00ca-4d8a-8188-a03d635e9811,1,1,9.21341419366024,0.9008707849745021
22078637-74d4-4347-ae6e-ed923b5451be,2024,2024-02-10,6068f6c0-7e92-4dc4-9da8-1bfbdb60cf2c,1394e3ce-706d-4097-9aaf-cad5d38aa5a0,20,1,11.459683186705037,0.8967134037096361
25a8973e-e798-4d83-a230-653d0091c1dc,2024,2024-02-10,d0ec4581-205d-4391-a765-06ee8de241d9,312cd404-9fa4-4f04-b8b0-cfed95e31398,3,1,0.5253540889954693,0.5270619200461406
265e6f5b-a8f7-4442-be0e-671f710026b9,2024,2024-02-10,00aed6ff-2151-4d45-8b3c-776ebb0a51da,a2069f0f-fd2c-4971-b3da-6ba010532fcf,10,1,3.2311357707006665,0.6559515609619875
2bb9a167-9580-4a1c-b626-280e6ef5661e,2024,2024-02-10,ad9b8341-2ebd-49c4-8bf9-bf5d4811bc0c,72d2e856-e65c-4184-bc2e-38e805170efe,7,1,8.982434058495176,0.8353666106511077
2c5ac113-649b-4355-9ef1-339afd8361d2,2024,2024-02-10,eaac3de1-dd32-49d9-abe3-f56bbff80cde,228bf81e-d4c4-4b81-9b51-74ff2fd3f7c3,5,1,8.116432619109885,0.8240258463318019
2d7bd979-08cf-4ced-b84b-63f48d15e270,2024,2024-02-10,00b63e00-850e-4b09-b660-a5e698f46b61,0c8ee784-d7e9-4ac4-b0c7-3ca89567c515,-2,0,-1.4876853610697678,0.5473143655086247
3273e922-45eb-4ef7-beaf-90b66e340f9c,2024,2024-02-10,638757a6-508b-49af-b5d8-661c0059c04c,f3cf8061-767a-4873-9e24-5cc4c9a6a1b0,13,1,4.743631900508951,0.7038133181168409
34c9feeb-1ba5-4634-b67a-377a22fbfdcf,2024,2024-02-10,c79306a4-5139-4f8b-8b55-21b42e22858f,c58c3009-46ec-43bd-b27b-b0d683ab2cad,-18,0,0.29896500184163716,0.5261399256968343
38438d39-f747-42e8-9b07-1e968b1ff8ac,2024,2024-02-10,c51998cc-ad65-43ec-88c6-a0f160ff7902,25912c1a-f2be-4c07-857a-5eef6aadebda,-9,0,-6.370879550115715,0.2448244462471373
392e8dda-b34f-4aa5-b2f3-3cb66c0fe20d,2024,2024-02-10,1b0dd005-3190-4ca9-b74d-111343f2fce0,1ac84e49-be83-4e9a-b4a7-0fb0b7465b32,3,1,1.2271476766340674,0.5543210947065677
399762c5-0e52-40f1-952a-4b78a996d099,2024,2024-02-10,52739295-a20d-42ea-b09c-a1e17be40d02,3457262b-c7da-4834-a20d-ad6be302a671,-16,0,-2.4056400408163015,0.3990050257332834
39bb7868-051e-4a05-b53a-430f84c75d91,2024,2024-02-10,e30e79ea-8947-4c58-9842-25781182ec2e,2aed7aac-f38b-4fae-84ae-9e9c9ac71a3f,-15,0,4.976592224440327,0.6729353662925073
3ae1a202-aabb-4409-95a8-7fde4e1d9021,2024,2024-02-10,b6c9db49-45a1-4d98-9a80-dbbe19471992,be683752-ceea-4783-ae94-66be0178e1d1,-8,0,-9.181203642568777,0.11750524235742342
3c36f0f3-acb4-4573-93ac-ecd469280cc8,2024,2024-02-10,76748a8f-7de8-46dc-b80c-a1a7fbcb84ea,4aa110b4-c8f4-438d-b44c-2d6a5c74ab8e,13,1,6.536932541570341,0.7689066737294676
3dbf188b-27a2-4843-9ad4-a78baa8f372a,2024,2024-02-10,f93c4c92-e869-45e6-8970-2a02d80141c9,6c5c20e6-a076-4fbd-b77d-61a1c7a3c5a4,-1,0,-2.6209050687265556,0.5028632737531817
43c234f9-a137-4047-b812-d72c2133c50b,2024,2024-02-10,91d935fa-7d8c-41e7-a184-72c0f770d10c,58bacfff-257f-4f54-bb05-241bd6353626,17,1,1.1712195822174747,0.5106932231423409
457a2901-751e-479e-a141-0743bd37a2e3,2024,2024-02-10,e6b0799b-abce-441c-929c-964306f8fc27,071229c8-25a8-4fd7-87a3-c30d0a95671a,-11,0,-4.63834626968169,0.30439531637187345
462f5ea0-350f-4a8e-9b2f-325639c0129e,2024,2024-02-10,f9a8f2d4-c836-4b2d-a4f9-47f73b8c033a,5091ac5b-fcb1-423a-9cf2-0981de634633,9,1,12.017160861690192,0.9203882026493726
46d200f3-7b8c-4938-a797-43a66e6de54b,2024,2024-02-10,3a4357d0-0685-439d-863f-f854c35e4c42,4b962e36-92f2-493d-a9d8-e62b725d5b76,-30,0,-7.794661841747888,0.2492712189084397
4ab97108-7ac2-4a6d-9d1b-b83a2a0db8f2,2024,2024-02-10,c3681649-6e1d-4bf8-9b47-1d2868dca3e9,da828fff-cee9-4151-bc4d-983ee436f573,-18,0,-9.804458896853019,0.14382882687192428
4d2b82b7-4320-417b-8f19-ca2945774a90,2024,2024-02-10,cf2f7a41-56d5-4c2a-b4f4-fb9d1c933b22,c2629a38-b5d1-44e7-9a32-8fb51cc9a116,17,1,-3.6702411269140818,0.3585065880036824
4d932485-cd10-4990-a240-9308f1f6849e,2024,2024-02-10,7af1094c-c99d-43dd-b41a-1b72a81abfb3,e5bf7042-0036-4e9d-81f3-3126a9675ce0,2,1,0.14471832848723615,0.5772309533790249
54a84de4-7a40-4752-ad45-5833eefb805d,2024,2024-02-10,b9e1a15d-9de2-45e6-9fc8-b3444d1bc0b5,65cf0d8a-0a5f-4572-8516-53809f66ba44,15,1,13.113649318275842,0.9315528949512573
553ea99e-1c09-4bd7-9da0-a3b168a6644b,2024,2024-02-10,af6bf0c9-2e1e-4334-8982-93f14a35af57,abad6a22-9569-47ad-9945-a6ad9345c30f,-7,0,-0.07917470036222488,0.5695402707946686
5b12bf77-eaf1-434e-bf39-31c2a3774a8b,2024,2024-02-10,f916ec1a-cf31-4b3a-9d55-a8bdefbea199,c840b153-1401-4ebc-9549-e027df3cc7e1,-2,0,0.3855017277815141,0.5255191986405822
5c0a0720-0df2-4ae8-be46-815fd8710e30,2024,2024-02-10,2607ab7d-2f54-4540-9b2e-d27703407118,0d6ccccd-6ee7-4ed7-a231-381c6b268e2b,16,1,0.7832575629788144,0.42977946652136245
5dc45add-b17e-46d4-85a0-f3c85a24d44b,2024,2024-02-10,47b967e4-0689-4d1c-863b-9d82c6ffbfcd,ef75db17-4afb-4e3b-a928-30e871ec130c,3,1,7.426938443915427,0.7687330898863054
600d212b-8cc7-48c7-83a2-dc75657d2aa6,2024,2024-02-10,5bd874c9-de44-4954-a4f6-428ed3fde8a6,85effc0b-7382-452e-904d-22a52433ccb5,3,1,6.830664568165729,0.7766992922545821
607f20e0-bbe6-42da-a7bf-24d62c164dae,2024,2024-02-10,2ed44d95-e306-4823-a4c3-196ffb777766,bf4f25da-dd8b-44d4-a4b7-4671b3c37db9,-2,0,-7.414580482448681,0.25882796247118484
66f26af4-fc58-4e96-803f-9c069ee96363,2024,2024-02-10,8b8c3790-682d-4010-b304-45ce213ad62f,99b16ea6-899f-484c-8a9d-b2b5bb872d9d,-3,0,-0.719282021596161,0.39158791860018455
6881e03e-a45a-4e31-93e9-b7a60192df8d,2024,2024-02-10,2851d469-fe75-448e-9d6b-4bde7ec96e06,5052a2f3-f41f-41e4-a681-c6277fec0404,-3,0,-10.615319859737939,0.1514906951672015
6ea67be7-71da-4b02-9b95-8adaa9b7ff01,2024,2024-02-10,73a80df0-15db-447f-b97c-418cc82a508d,730db31e-4fab-472d-bf25-7b882deff0b7,-3,0,0.8367193485305027,0.5730396964888496
6ef750c2-a8e1-479e-bef4-e749834925b3,2024,2024-02-10,f162ea30-6b86-48f3-bdc5-48c97448256c,2493388c-6fee-41f1-90b0-e82a447a607a,29,1,16.361085806514396,0.9636765821686126
706507be-4d0c-41d5-b266-a06959a900ac,2024,2024-02-10,238b3f68-0b29-4056-97f6-6c10a093cd62,8ce6b3fb-8bb0-49b5-acaa-caed76d542d7,-2,0,4.47361452758392,0.722263838328437
7109eed8-0712-4b89-bb5c-d59cdf8daebe,2024,2024-02-10,3280e439-7a98-4ebd-95dc-1a1281ccab00,dbfecb75-86bd-4650-9fc0-4d85eaeabbbf,10,1,8.388094671305621,0.8065668439771392
71814902-fd04-43ba-94d9-5b8ff9d7c8ac,2024,2024-02-10,2ca82167-d915-492e-98e0-4ee592960583,2518e2c1-28b1-472d-9fdd-5d97d9f1ea99,-1,0,7.102464483677289,0.7636665020761159
72ee6923-e19c-4c36-9373-77636a74891a,2024,2024-02-10,ad741e6f-e15e-4f4d-8350-9973fa99916e,2e49ce6d-63ef-45d9-9048-67fcdb01a46f,16,1,-1.3026991657384854,0.467579128043931
795021af-c010-4824-9f70-32f994cb8fae,2024,2024-02-10,89949731-8bb3-45c7-a6f6-798934261b61,9611a021-de39-4ca5-8188-6387e4c99fbc,7,1,10.831434988291592,0.8521351776436568
7b595643-5beb-4cd2-bac8-1ce750635829,2024,2024-02-10,e1ef03af-e420-475d-8a35-c6e5380e9f6d,49f72498-1bbd-48b1-87b9-cc90196e205a,14,1,10.442373250443794,0.8442693703026813
7bb54372-7b82-4654-9935-54d1814eb3dc,2024,2024-02-10,64c5c3a9-f1f6-4f48-b571-1de27621f06c,73db7905-652b-4320-aac7-243f2f2f70a2,4,1,1.89497042020644,0.5733263947033734
7d79fddd-956c-4db9-af48-4ba0af46dd6d,2024,2024-02-10,e5fae797-082f-4354-8c20-2c1c22c6ac8f,e308f5e0-c422-490c-901a-575bb49f1c7e,-1,0,-2.000363688746925,0.43955484510061277
843d88d1-cd37-4bd5-82a2-6b7873777537,2024,2024-02-10,8a753611-1c3e-422d-8c6c-5721763b5574,873b654a-5825-415c-8a11-5e5b15bd2ac8,12,1,0.7330965274136176,0.5268079337575189
8c903396-665e-46ca-a465-86866f73df9b,2024,2024-02-10,88fe7301-2d1a-43f9-ba01-e8f7795634b5,89dd92f7-46c8-41a3-be81-ecb12f1cd4c7,7,1,-13.702276699193947,0.06807328858945565
8df5fd1b-2cbd-4dc9-8e37-ba25e158f248,2024,2024-02-10,d8e747fb-453e-4894-9a8f-08598fead336,fd42047c-b7c6-4dbe-93e7-69cfd125995c,-5,0,4.919965409434064,0.7001771723822446
8ea59d76-2da0-4fcf-93d7-c4a79b52125a,2024,2024-02-10,b20b957b-b406-4f6d-8f7a-2f88e3b49bd5,7fdeff97-4db9-4c33-9fc6-9f03bd977d30,11,1,11.680953507422315,0.8896404721342813
8fdf5fd3-1f87-47c5-bb83-55108f9fb45b,2024,2024-02-10,05aedf2a-3424-4acc-9537-4d52dccd6e02,ebf92b73-233d-4523-8429-ab00d5af1966,-5,0,-9.017542297755616,0.2286187116852559
90b3555c-e72a-45dd-94bd-a12b9d574267,2024,2024-02-10,853125a0-ce88-45ba-9815-9387fac3d278,cd9eea44-8a6c-4bd4-ad4d-74e461fdefd3,22,1,-5.905593857528468,0.3268991229652544
936658d2-cda6-4874-87ee-7cf76f83b639,2024,2024-02-10,a7951831-d013-4591-8037-4212b4a85c3d,b80e54ae-3b74-40f3-9954-a1b0805cd1e8,-6,0,2.0040338449412345,0.59873926958168
942c4304-aa84-47ad-be3e-d685b2c7cfa6,2024,2024-02-10,e42183ad-b44a-4746-8c0b-148ad61bab43,a4bc2fe7-4083-4c33-bce5-6cac3e161a7f,19,1,1.7630326056086347,0.624129604962729
94b889b7-bb4c-49db-ad55-1321a34cd97f,2024,2024-02-10,d7bc8ff0-3522-40a8-8309-346e8b4cf9be,0b751b74-e572-43a0-b324-54eeefac4d5f,11,1,10.647953967334413,0.8571082985272932
97eaa9c0-3dc8-47ac-85db-97e2a5795d9a,2024,2024-02-10,ed50f577-3ab9-4627-80f9-bc931ee42370,686413d2-e94d-497d-a87d-ab911ac38ec7,-1,0,6.928607427524699,0.7888721236085051
97eab8f4-7bcc-4943-8ac5-9ba97acc79ea,2024,2024-02-10,717f3cf5-bc65-4a66-8f05-191decfbf380,0c2a9ebe-8c6a-44ec-8643-1dbac7642ab9,3,1,0.06584898942562331,0.5162579233478553
98df3cfa-1f78-402c-b878-312b38eceeb6,2024,2024-02-10,79479954-cdbe-4601-a82c-35936960a7dd,8af88029-6520-4f85-a99b-0f10d820a167,-11,0,-2.610019037188496,0.43444790698771485
9a577d67-194b-431d-b6bb-9dece4502013,2024,2024-02-10,2ba07bf8-0306-417b-b7fe-b2d29b7d0eb1,54e8cb38-83f4-4866-b3d1-d0e1dfc530c6,-8,0,3.8762494508953385,0.6403882872894197
9e1592b7-4e77-42fd-ad51-9184ff4fb6b3,2024,2024-02-10,424f7a7a-158f-4ad0-adb1-4b3ebe25b11e,ede9d6c2-b888-41b7-8674-8638c41d2034,3,1,5.867109155741138,0.7231905664807049
9febacac-3a9a-436e-9f07-61cf42552088,2024,2024-02-10,fd495afa-fc22-4081-905c-24f40ff2656c,5ace87dd-23fb-4317-bc7f-8d80556ae6b4,12,1,-1.873745688703726,0.3999031560847757
9ffe1426-0f49-4cd4-9e5a-1c87d4aa6c34,2024,2024-02-10,1b1fcea3-d0ee-4307-b5a5-4c2a4a591484,64f3b1df-37cc-48ef-9741-b85506e7c500,6,1,2.4612003136101888,0.6064081135271197
a72395a5-58b4-41bf-b0a8-d803f82f01d9,2024,2024-02-10,8cd2a215-aea9-48bb-babb-e5d8cf0cb9fd,b1cbdf0c-474e-4b52-ae02-f856ceda214b,17,1,-2.0652794431617028,0.43300393516802316
a7a3840e-9ade-4c5e-bf6e-c890ce5d8fb4,2024,2024-02-10,dd1136c6-9974-4186-b206-7e24f2bf7dc3,25f32a40-1a9b-47e3-ab20-74659cba9520,3,1,1.813463597801021,0.6132305858998114
ac1cc5e8-b5c3-4ca1-be75-d9b0c76e0721,2024,2024-02-10,4928acd4-6738-4045-be81-20132f6471c8,8fce643e-75f7-4242-b565-2a4818e1eeba,8,1,6.3190337123715,0.757894642775657
acb0eed0-ec74-4400-ba6d-0526483ec2fe,2024,2024-02-10,b255fc28-3428-4006-adf1-9c1001ecb1a3,bfd4c500-09b6-46ba-81ae-48b13f8345ff,-17,0,-7.6299770686749815,0.2436615994762022
af7aa3f1-06c8-442e-b129-bc4666737e48,2024,2024-02-10,15de2bd3-69fa-45a8-b95c-4d5e91232ab9,da6b8f1b-a85b-4303-8500-c640c0d3132f,6,1,7.800631639820352,0.782871461011019
b31713ad-8c17-498e-b49a-dfbcfc6c0981,2024,2024-02-10,5320f527-fbbd-4bb0-80d3-0de759475d59,a64af70e-61a8-4777-8e8d-9a7815f78f3e,4,1,-0.6315622574339053,0.39452452095247925
b46083ac-b8d1-42f8-8c25-f784704c43f3,2024,2024-02-10,49c78722-1476-440a-9de1-896fb7b7db88,69e6a4c4-bb68-4c30-86d8-3cf7d51c7db7,-4,0,-6.810683294275594,0.2525296021062022
c1f0d194-e62c-4e9e-9e4f-1aa4a1f4120d,2024,2024-02-10,33176e8c-5f9d-4bcb-8c56-9a0a5f7d7f1c,791eb121-5f34-499b-a1ff-469bc9007fe7,-28,0,5.858682617541183,0.7161046127732966
c78ffe9d-4eba-4f49-a6f9-56d48eb76754,2024,2024-02-10,63627b20-aa4c-4e0d-bcfc-40a5fe150e8a,9be057a5-becb-47b1-b84f-041147698411,11,1,6.677519377726961,0.7602862289075699
c7d94287-8357-4e85-9d46-ce4a59c409f8,2024,2024-02-10,58113924-4aef-47a7-a675-cddc9e355cd5,9c1431a3-21c9-46c9-8335-1b85a6022223,4,1,8.236632056755894,0.8400494495304355
c92c3a59-6114-4624-bf0d-e0c913589d58,2024,2024-02-10,ea78667c-bf16-4084-80cc-2ab61a0e05d5,51a31921-d3f2-4514-821c-23df38e74559,-4,0,3.265168545975011,0.5925688933784983
cc4ec876-0631-4acc-9799-cd04329ae5c6,2024,2024-02-10,409dd213-f612-4ab7-a0ae-8060dd9a6ef4,09fca7ef-baed-4af0-a553-465ae1160049,-20,0,-3.1737836280675435,0.3545194348419933
cdaac08a-0f8e-4bfc-810a-8c0f0cb36db2,2024,2024-02-10,e0cc707c-bdef-43a1-a3f0-c1ddfefdadd3,dedb6ed5-06d8-4ba6-a1cc-e3134a2c7937,-2,0,1.6315286190125473,0.5751908766161493
cdf85b16-6ba5-43cc-a946-981939efa9d7,2024,2024-02-10,644a0213-9ca5-4238-af33-7c8ed45fc88b,215ed27d-58e8-4e84-ab60-6d170d404304,4,1,4.843277024532363,0.7400521850184814
ce3e8abe-d562-40ff-bcef-95f736e19970,2024,2024-02-10,2acb9682-4dbf-4e25-82b3-0124cb5c07cc,7da2e7c8-cee3-4ff4-be74-58d324c5ff71,17,1,-2.2219101280791116,0.399974101153165
cf3f24b3-ccab-4c45-a6f1-e5b707da7aaf,2024,2024-02-10,9341db15-6a24-4506-804b-e37983918ab9,16aca559-5828-43a9-ada9-f35f973f4863,12,1,13.179480527405856,0.8902500506640637
d15fcffa-1033-4993-807e-015b3de3f6a6,2024,2024-02-10,371811fe-0533-4539-97b1-b56f642d0fd9,493c2e9c-ef36-4b2a-8a7e-32c890e85a4d,19,1,6.007105213768101,0.7056132537741046
d4d24e17-3f20-4a37-a231-c7b16fa051c0,2024,2024-02-10,df1d6c5c-77eb-4d21-b5dc-6cd579f74d2b,4eaf68c0-dd32-4705-8f2c-1c1dd2880a74,-14,0,-0.556212022868397,0.36280493589888446
d53f1297-b9bb-4500-b35e-8ff30092d639,2024,2024-02-10,e1ee7493-ca48-4d8c-aefe-83427a4e66af,2f2d6799-40af-4256-9dd9-412be50aa14f,8,1,11.269695149396428,0.9003104541621489
d5ad4761-ac66-418b-978d-a842df599762,2024,2024-02-10,d2ae40ba-651b-4006-8b22-61c6b9ce0e33,4a01023d-3637-4ac5-bf1f-37c08b2438a5,-25,0,-21.476837824922324,0.030569367591594735
d8cc3670-5890-4a86-bd04-fe05d443bd16,2024,2024-02-10,c05bd27b-1eb5-4bfc-b1ec-29735fe183f2,db374003-37d9-4d61-a3f3-7abec141d33d,-9,0,1.1960499737490977,0.5701558685526653
dde4e515-eb45-46d0-80f3-02442448f7ce,2024,2024-02-10,f1cb5c3c-2ff5-444d-8c0d-5c1244f07909,401408f8-2ce4-4ef1-97c2-5a68c979ec7e,18,1,8.658706528808574,0.894753600687731
de4d1930-aa10-43d1-ba9d-e4d55401529a,2024,2024-02-10,c0dfc734-0d40-4cba-86b5-fb2ad5c73da1,051d13dc-5152-426a-affd-0cf01ef80268,7,1,2.2453019760377626,0.6086624865488748
e13278d0-790b-4a4c-8efd-006a38d653f5,2024,2024-02-10,632ba9bb-afd9-4b5c-9c3b-4e60816c8e4f,00a52b15-70b5-47b1-86c6-8e30652728c0,-8,0,-2.502612390287749,0.36169131319033154
e24d2f48-8799-44ea-ae02-feb61ef328e6,2024,2024-02-10,45959b35-f1e9-462f-aecf-565395a6fb6d,1c1c3846-4bad-48b3-b8be-dba7d24af981,-2,0,-0.43236470412114936,0.5109417517992672
e650f925-713a-4e4c-b454-d5427e0f4c49,2024,2024-02-10,e8e72618-33f8-4013-8305-43775a278752,9d7f5648-4f47-4192-9d8d-78454c962bed,-5,0,-6.5547119624452765,0.2086006341222673
e682873b-fc94-4bca-9bc1-b67c181c5cab,2024,2024-02-10,546e1911-9caa-499e-92f4-afa9c6b1e8c2,57c91ea3-1f48-4879-a664-232fba59cb1e,6,1,5.202779327332933,0.7058616819694258
eaae62ce-6ff3-4240-a646-0b3593507ed5,2024,2024-02-10,2bb9930f-6a64-4fb0-8ae7-2d18cc4ceb5c,8925b65e-4ce2-4ec3-b501-c0075fe06b52,-27,0,-15.87427678729846,0.04703519679596729
ee55e350-4651-4430-b150-b9569ab243a8,2024,2024-02-10,45e40bdf-5c84-42ca-84d2-a823db0b6609,48a6c30c-21c1-4d12-ac7f-590a1fdb0238,-12,0,-7.053565585920994,0.2529509010152191
ee6e77e1-b0fd-4dfc-a6ab-39e7434bc911,2024,2024-02-10,e72d1807-6463-450b-b561-c3727b286584,b4c9b613-0bc6-4295-b293-3b56c2020f1b,7,1,8.153170760664132,0.7557793845289535
f015f262-9479-4031-bb72-e5f26d44e6bd,2024,2024-02-10,22ae415e-1335-4b89-a126-bbc7a1d7901e,adf7b22e-19a9-437e-ade2-833bb31da77c,33,1,11.7060664066474,0.8648015781041507
f2cca74a-69e2-4ca4-bf6f-4d17d92809d8,2024,2024-02-10,a7f405f8-389a-4a00-bb71-6d07d48f4fe8,6d9d7d3f-973c-4c5b-9fcb-6a018ac7ac2b,2,1,4.6693356102711485,0.6764425959923678
f2def1f9-23d2-495e-9e0f-c7926f030b9b,2024,2024-02-10,550c3333-8e82-49d4-b9c6-ae13db14a84f,155c1dd9-ba93-42ee-a28c-238768724494,-24,0,-6.277251775805591,0.31647422828887933
f46a8949-ed08-4448-81f1-7280c7449b4e,2024,2024-02-10,350fe1ba-284f-4709-8cdd-3f745fcff0f8,3a30d561-24be-4bfa-8d8d-75e645c4ad5f,-7,0,-6.951251558079446,0.27512606661787975
f53e81be-f1cb-48e3-b409-a05390b187bc,2024,2024-02-10,d0cd742d-b4e6-4f30-88f0-872c2ac1e51f,cb1440b2-adac-4775-96c8-c4f00641d353,5,1,9.742470193565058,0.8514587975292687
f5c75148-4b39-4736-81ce-d0db3d29ad9d,2024,2024-02-10,f9c26112-b1ea-411e-b273-e74e8ce3f1ff,e12ab562-dd12-4b55-909f-669834d3d963,8,1,0.8035454613115068,0.6589176842357085
fd178418-0512-419b-bab0-f5af0579e76b,2024,2024-02-10,639774dc-a89b-435f-80d2-4c65549fd3c9,65c68c5f-fc3b-4781-a912-2a4b17be699e,25,1,7.41710975270724,0.7856929827667947
01975bdb-8b56-43c8-8c67-969744171a86,2024,2024-02-11,629ca4e3-9243-47ce-8a02-ee7fe38e857c,2dc64ab1-cde8-49d4-a343-298600450708,-3,0,0.8309503655012935,0.5656037686160185
21a0fe87-c201-4170-82c4-8c3b8e4113b1,2024,2024-02-11,3e3e940b-dd81-42f3-88f8-4e988278be04,1cabfd4b-0114-490e-8d0f-1257cd7f0ae1,26,1,4.758757652651805,0.6928797748646143
2249c42a-9e1a-43e9-a053-ee08b7f8df5e,2024,2024-02-11,2fbd9d1e-084b-43d2-9c7b-10ce0782be7c,57144631-7473-4b46-a437-8e2d8c760f87,2,1,12.75027085134866,0.9183189111229921
2b8af540-e6ca-4a38-b29f-974b6bd2f7f8,2024,2024-02-11,2b1a3f03-7d93-471b-be12-d487164eae0f,95466c2d-a184-48f8-849c-d6957bd1df52,26,1,4.509738204985185,0.6649107258703177
5fd79131-1c24-4714-a72e-7130919fe435,2024,2024-02-11,2408f22b-e753-4c5a-9353-be75a4fb2164,b2d5fddd-b407-4fe6-9d70-e921ab7b7e1a,-13,0,-4.353970959643408,0.2930969564481866
6ab8e4d9-94df-4a1d-9622-60ad62c04235,2024,2024-02-11,db9d85a6-59a4-47ff-a287-b40442bf460b,7eefd1e5-aea4-463e-ae74-c628b0fe170e,-7,0,-3.159666680706288,0.37692582861249274
b8106c5e-81e4-4a5f-bf21-936ba885ce74,2024,2024-02-11,101749c8-ec05-4370-a95b-47f56c433623,2f522e9f-f586-4f8b-816f-a83d9e6231fa,5,1,6.582734180629391,0.7272704063275451
c088976d-0fa0-4d5c-beae-da8afb7d3ee6,2024,2024-02-11,d7b7310f-6983-4a09-bb56-fda96e9f761d,5cae196d-fd0c-4944-8120-41d5abecb290,3,1,0.1865062944182424,0.5098116009549672
e738284b-da30-49cd-a043-bd8702e279d4,2024,2024-02-11,4e9067f6-7760-4a2a-ba37-273c77915540,67505072-f35a-493d-a160-8e6292da33f5,12,1,9.69711142467777,0.8241604065529401
0fc547f3-c71a-41f3-aec9-21e969a0cce3,2024,2024-02-12,20abe49d-2029-4327-96f6-389664f5da7f,2c8d46b6-8e8e-4229-85a4-0713fe1c6c4f,-51,0,-22.85478641302849,0.030102341991647057
3d2f4a05-fce1-4094-97dc-3ed585d5eeb2,2024,2024-02-12,97bd823e-8c6e-4942-a5ca-735b3a45ebbc,be683752-ceea-4783-ae94-66be0178e1d1,-13,0,-0.06369952481844575,0.5204079642036243
3d6e023f-0b4d-4ef6-915b-74dfbc9bd2c1,2024,2024-02-12,b9e1a15d-9de2-45e6-9fc8-b3444d1bc0b5,64c5c3a9-f1f6-4f48-b571-1de27621f06c,8,1,8.18428360616318,0.8277898832209972
4200633d-1230-4779-bb49-62537e1225f5,2024,2024-02-12,e72d1807-6463-450b-b561-c3727b286584,1b0dd005-3190-4ca9-b74d-111343f2fce0,29,1,5.9784497441372375,0.7103749134360124
6dbb470b-cdaa-4931-89f1-c1cc4357105a,2024,2024-02-12,546e1911-9caa-499e-92f4-afa9c6b1e8c2,89a85f65-8bbf-43db-b23d-362af1afc44d,-2,0,3.408882491002796,0.6440125829041575
718bff6e-31e3-4acd-a4da-3f3f8b043bc0,2024,2024-02-12,824aff8d-6409-4191-9ffa-e2daa335b7e1,72d2e856-e65c-4184-bc2e-38e805170efe,-10,0,9.245777453459814,0.8415191394613515
927abfa4-e3d9-4212-8d24-fda9f4376c5a,2024,2024-02-12,b6c9db49-45a1-4d98-9a80-dbbe19471992,01300ab2-c4a7-4740-a5ac-3541d598620e,-17,0,-12.210901928961047,0.09889836433747345
95f0bb9b-d7a3-43e6-bf4c-646f1ea6ff1d,2024,2024-02-12,9f152b52-7847-49c3-83b6-8c68295d484a,5fcb12dd-e3b1-4e57-ac30-33da456cd5db,16,1,8.686336470719763,0.8752554120763921
b7bde25c-2fc1-45aa-ba61-aeeb2d3b9dcb,2024,2024-02-12,e30e79ea-8947-4c58-9842-25781182ec2e,8044cdf8-5fd0-47d9-8a07-8a29b2ca7b9a,-8,0,1.3261372934666926,0.618405800345366
b84073d6-beff-4b05-82db-41e54c1c623a,2024,2024-02-12,23b31575-028e-4661-85ac-8d5835d6726f,57c91ea3-1f48-4879-a664-232fba59cb1e,11,1,6.751617906444772,0.8170523661488217
c112b4dc-c6aa-405e-9875-efd601f2911c,2024,2024-02-12,493c2e9c-ef36-4b2a-8a7e-32c890e85a4d,26d69f75-49a0-4d07-968b-2b549e059c24,4,1,-0.1327282036918732,0.46468282552507445
db95e14b-ae0a-4d4b-a923-4f1f3d5209d8,2024,2024-02-12,1b1fcea3-d0ee-4307-b5a5-4c2a4a591484,33a4f970-bbcb-47ad-9bfa-ae6f0eaf792f,4,1,0.7252131521485915,0.46336951307283325
f6ccf144-7753-4a72-b550-febe7abd6264,2024,2024-02-12,d8cd723a-1d76-4abe-be2e-516e52724947,e9813fa7-c976-4ad4-a455-2f05235e93cf,25,1,14.262326898441879,0.923502486469274
04c2c0dc-5a2b-4032-9929-e6ccd2c88858,2024,2024-02-13,51a31921-d3f2-4514-821c-23df38e74559,2f0bd8d9-4435-45ed-9efe-045f835c15a8,-11,0,-0.33494203438238745,0.5030021501105938
2440afb6-64b2-481a-bc94-2772526008c4,2024,2024-02-13,f18598d0-e0e1-4f15-95f2-e11df8bc3126,9ccf2901-b49f-4aa3-8a4a-d59d017dfabc,-1,0,0.4931356474087427,0.4766201457878454
273fab1d-17ad-4f66-8e93-8527d6e35fad,2024,2024-02-13,65cf0d8a-0a5f-4572-8516-53809f66ba44,fd495afa-fc22-4081-905c-24f40ff2656c,12,1,11.988830432423875,0.8887792610222297
291d5d86-4288-4b8d-9a71-e5422722ffb3,2024,2024-02-13,6d3e1830-dbbe-4e70-b7e9-1eb765f0acf8,b255fc28-3428-4006-adf1-9c1001ecb1a3,2,1,8.605994235316649,0.8156126865695975
2f3c9123-1645-421f-b09e-4b0e72d16232,2024,2024-02-13,ede9d6c2-b888-41b7-8674-8638c41d2034,e7f5f157-7a33-43ad-8282-59e1c4ad9b25,3,1,-5.530119612555967,0.32404246157682814
3d8896af-d053-469b-8920-bea293ac974e,2024,2024-02-13,74434c65-ac07-4a97-9998-737791311fb1,2518e2c1-28b1-472d-9fdd-5d97d9f1ea99,4,1,5.861787486945587,0.7041332793403882
40cd57cd-ae9e-41b4-9a55-448f736b8457,2024,2024-02-13,1ac84e49-be83-4e9a-b4a7-0fb0b7465b32,58113924-4aef-47a7-a675-cddc9e355cd5,17,1,4.263155463495075,0.6685439887700603
4373d13c-f71c-4e03-bfe4-63db9f6648fe,2024,2024-02-13,e06623a6-8f03-43b1-83f4-b653f6819ea2,ad741e6f-e15e-4f4d-8350-9973fa99916e,1,1,-10.03758203211131,0.15161969439393796
446e657c-f87c-481f-a13b-79d2910276a4,2024,2024-02-13,bba8eb68-9989-447a-90b4-27c8d0d32bd1,ea78667c-bf16-4084-80cc-2ab61a0e05d5,8,1,8.93194101099467,0.8242485720843992
4b8665d5-2a57-4bd5-941d-dc5b0f1020a0,2024,2024-02-13,bf4f25da-dd8b-44d4-a4b7-4671b3c37db9,ef75db17-4afb-4e3b-a928-30e871ec130c,-13,0,13.109770760240714,0.941135993654484
59347d98-5df1-410e-824c-64a11951add9,2024,2024-02-13,7048a12e-ec8b-4bf0-a475-1316775a4964,f245c41f-897e-4985-9153-43034bb26bfa,16,1,8.02828516259106,0.7685820263995107
87141662-1e9e-4d7f-a49e-7b9d2028adf0,2024,2024-02-13,85effc0b-7382-452e-904d-22a52433ccb5,abad6a22-9569-47ad-9945-a6ad9345c30f,-3,0,-10.42382888499965,0.17900187072060636
8ed63177-9443-43ab-a12a-04d6b30fbd73,2024,2024-02-13,f916ec1a-cf31-4b3a-9d55-a8bdefbea199,8a7ae133-e612-4f1b-911a-a72870f8b4d6,15,1,6.998341295044263,0.774310770303477
8f1fe9fd-a6ce-4958-ad46-e53f8fabd92f,2024,2024-02-13,39decbb3-b24d-444c-970a-39aa53a01ef6,99b16ea6-899f-484c-8a9d-b2b5bb872d9d,20,1,-0.40215782444765497,0.46582220031100047
978c4788-2354-48a8-83d1-a1ef2e77faa0,2024,2024-02-13,cd9eea44-8a6c-4bd4-ad4d-74e461fdefd3,644a0213-9ca5-4238-af33-7c8ed45fc88b,8,1,6.364935524926413,0.7804217512210885
bb0ca83a-7be3-4bb5-a808-67092d6fb44d,2024,2024-02-13,a66213c2-5ad6-4d77-a7ec-85700a223ed1,cc07b31b-464b-4cb9-89d2-ac26ffe3e5f4,16,1,3.7607619183002314,0.6678863356121654
ca8ccf96-2ae5-492a-9869-f041df3ed3d1,2024,2024-02-13,3a30d561-24be-4bfa-8d8d-75e645c4ad5f,d2ae40ba-651b-4006-8b22-61c6b9ce0e33,22,1,23.765098078206957,0.9877774736499672
ef3412e7-3b18-4ab4-9218-c0df1efa326b,2024,2024-02-13,f92587ee-8d25-4b09-9a60-6203f75c974f,384d8319-2770-4b9a-bb32-bd4da034d104,12,1,8.362506120199459,0.8022830206239001
f08ffc57-7a6b-4131-ac16-226184bd0c79,2024,2024-02-13,c840b153-1401-4ebc-9549-e027df3cc7e1,632ba9bb-afd9-4b5c-9c3b-4e60816c8e4f,23,1,12.636863891246927,0.9151686266360762
f4154d05-bd02-4211-a452-ed5a4dc30d7c,2024,2024-02-13,e8e72618-33f8-4013-8305-43775a278752,a7e91e1e-3644-4f3c-bda9-edddb9602a27,-9,0,-3.293371762715971,0.28386680126617625
f804bedc-24f4-4359-b73d-acf6bd4cbeb1,2024,2024-02-13,424f7a7a-158f-4ad0-adb1-4b3ebe25b11e,60ee2d19-003f-4603-a2ad-838b3e6d6cc0,-6,0,-8.386518769275002,0.20205177840917285
fa8aeaba-ee9e-4566-9ee3-0c11a15b2c92,2024,2024-02-13,dfdc9d0d-4a83-4244-9c07-9b3660ba4f6f,45959b35-f1e9-462f-aecf-565395a6fb6d,7,1,4.538753128797067,0.682310821875835
0dfde686-4b22-44ad-afb9-6ccca28ab691,2024,2024-02-14,16aca559-5828-43a9-ada9-f35f973f4863,2bb9930f-6a64-4fb0-8ae7-2d18cc4ceb5c,15,1,8.388210391632269,0.8207751929714194
0e34e853-93be-4c0d-af4f-f09a25932688,2024,2024-02-14,5bd874c9-de44-4954-a4f6-428ed3fde8a6,2ed44d95-e306-4823-a4c3-196ffb777766,10,1,2.945720725970995,0.5769093392206215
15cca4ee-26a3-4e37-8a8a-06810a5de4a2,2024,2024-02-14,03a91d53-3b06-4e76-b037-9c97d09645f6,e42183ad-b44a-4746-8c0b-148ad61bab43,-8,0,-10.555689009237899,0.13657935044181024
16c3a1d3-b8f7-4910-8dca-a460afcc7d13,2024,2024-02-14,686413d2-e94d-497d-a87d-ab911ac38ec7,9341db15-6a24-4506-804b-e37983918ab9,-1,0,-0.7812619058834387,0.429590305497406
197273a6-c95d-4ad0-bfb3-fbf33bfea0e9,2024,2024-02-14,4aa110b4-c8f4-438d-b44c-2d6a5c74ab8e,33176e8c-5f9d-4bcb-8c56-9a0a5f7d7f1c,-15,0,-5.760459486262321,0.31376067402968877
1a9a9a4f-3aaa-446a-b76d-3bef30c90d09,2024,2024-02-14,791eb121-5f34-499b-a1ff-469bc9007fe7,58617cc8-94d5-4f69-a677-9ab4cdc52a33,13,1,1.3991298028145975,0.5683582844353253
22de486f-04c2-463e-8563-6efb80d34375,2024,2024-02-14,00a52b15-70b5-47b1-86c6-8e30652728c0,35d0a28f-e3d7-43ca-90cc-daaf0b7c278e,5,1,0.07310660820378863,0.45626987085128207
28cd128d-396b-4ef9-a142-076c4757543b,2024,2024-02-14,da6b8f1b-a85b-4303-8500-c640c0d3132f,04119628-781b-40f9-ac7b-3c8fe82375cf,5,1,4.573796284135511,0.7207408182991163
425243dc-f6cb-417e-9b68-129017281815,2024,2024-02-14,da828fff-cee9-4151-bc4d-983ee436f573,47b967e4-0689-4d1c-863b-9d82c6ffbfcd,14,1,3.4724811361906593,0.6418403732997072
463e956b-e66b-447f-8b78-0358eb58d7fe,2024,2024-02-14,696e6eb5-b8dd-4d44-8780-1e6c678615bd,1acd2c41-6945-469b-b33f-3c7b30f8359b,-3,0,3.015209992580881,0.6475937908980969
4b04b8f4-7a49-48be-ac0e-537091c4412c,2024,2024-02-14,c3681649-6e1d-4bf8-9b47-1d2868dca3e9,1d3cac70-c7f5-47ea-bb26-00ba78e1acbd,-19,0,-8.827336955731795,0.18172135330263792
6020533f-f6d4-4adc-b059-7f227ff31cf9,2024,2024-02-14,95466c2d-a184-48f8-849c-d6957bd1df52,350fe1ba-284f-4709-8cdd-3f745fcff0f8,18,1,3.1078627895729727,0.6829043241055269
6353f353-9de4-405a-aa89-2dca5eeef225,2024,2024-02-14,25912c1a-f2be-4c07-857a-5eef6aadebda,2851d469-fe75-448e-9d6b-4bde7ec96e06,17,1,9.655956895768071,0.8241389464067775
6562e27d-7c50-4a0e-bcad-721613be8b19,2024,2024-02-14,adf7b22e-19a9-437e-ade2-833bb31da77c,76748a8f-7de8-46dc-b80c-a1a7fbcb84ea,-13,0,2.338062207150764,0.6083029087808681
780c67a4-dab9-4218-9a50-231394e6e1d6,2024,2024-02-14,3457262b-c7da-4834-a20d-ad6be302a671,4d3124e9-6470-49c6-8f2f-806813c60883,-5,0,10.990315626587604,0.8861907664794366
7e3845db-b45d-4869-9579-8a343fe75c61,2024,2024-02-14,887d2364-968e-43c5-83af-c227595022bd,2aed7aac-f38b-4fae-84ae-9e9c9ac71a3f,15,1,-3.3254106142325486,0.40388000618910314
82d8147e-1b38-4b90-8b92-c3a5ac192180,2024,2024-02-14,5368fba0-1d0f-4310-9dea-c25c58762dd1,4e9aa968-9ad5-4833-b9a5-7d89b35976d4,-18,0,0.16578177729603688,0.5185746627518647
85e1eefb-ec72-4864-9d28-62ea457cf9e2,2024,2024-02-14,dcf85f3b-a79b-4a61-9cd9-d6a90541bf3f,bc3f184c-a2c4-4518-89d1-f58ee454b86e,13,1,19.974753682110112,0.9853177408330019
905f6690-ea30-48d1-a131-536e0bcb2fea,2024,2024-02-14,4b83e4dc-410f-4835-a8a4-8ccffc29e016,5ace87dd-23fb-4317-bc7f-8d80556ae6b4,3,1,3.1294458306481983,0.6086324670992952
99c2b1ec-b565-4e0e-a343-f7dc706d10f4,2024,2024-02-14,113341aa-9630-4951-b161-71419ed62dbc,238b3f68-0b29-4056-97f6-6c10a093cd62,-14,0,0.32884812327977486,0.46056745046169945
9b9672cf-93a2-42c9-aba5-b018a2bc9ec9,2024,2024-02-14,dd1136c6-9974-4186-b206-7e24f2bf7dc3,2e49ce6d-63ef-45d9-9048-67fcdb01a46f,-29,0,-11.879517485911627,0.07779718919894413
9c5f82c4-fb83-4d53-9b67-09013a3c48ce,2024,2024-02-14,dde8f534-10a1-430c-af83-43b026e7ab68,22ae415e-1335-4b89-a126-bbc7a1d7901e,26,1,7.802975531739159,0.7235891861949445
a7229af6-cb87-4cb6-9f93-e2cf46c6f5cf,2024,2024-02-14,312a943b-3a6a-4f8e-96a3-02cf6ff38b41,d74a1fb4-3afe-43b0-9bd1-7e0552ba73ed,-17,0,-1.2746177980205722,0.4308506737952131
ab7f869a-9893-46e8-b9ba-1333430ed0a9,2024,2024-02-14,8925b65e-4ce2-4ec3-b501-c0075fe06b52,4eaf68c0-dd32-4705-8f2c-1c1dd2880a74,-8,0,-2.1938050260756974,0.3909161743997181
bd2393d2-f7ef-40ae-bef8-c472b8bda993,2024,2024-02-14,1c1c3846-4bad-48b3-b8be-dba7d24af981,4c4cb93b-7b16-46b7-9d21-5ff908de25a6,-2,0,-8.524204449853402,0.1499399755025117
bddeadc8-9c35-4183-b9c3-b0b1128ec155,2024,2024-02-14,44e2611c-d02d-4019-b2f5-da0e4ad35df1,17a3b4e9-cfab-43a8-b7ad-73508d4d890f,2,1,8.026565548846685,0.8411009159854346
d55b403f-630f-4155-a40e-20a648d1bfda,2024,2024-02-14,69e6a4c4-bb68-4c30-86d8-3cf7d51c7db7,db9d85a6-59a4-47ff-a287-b40442bf460b,19,1,9.216215413918402,0.8150150143452212
dd9b5a8a-f8e7-4f43-b4f6-f8327f7f4766,2024,2024-02-14,9b6f0f32-d8f1-4921-aad2-a16c420f3183,4a01023d-3637-4ac5-bf1f-37c08b2438a5,-36,0,-23.656219564222766,0.029618811251317354
df3691ec-f0e9-4f3d-9acf-35398e4679d5,2024,2024-02-14,e12ab562-dd12-4b55-909f-669834d3d963,cf6e9037-e27d-43e2-bbd6-6583598ce383,13,1,5.0014217643696295,0.6699498241029644
e70b04c4-acea-4d2d-8987-3a36f57d8460,2024,2024-02-14,7f15159e-f7a6-4016-869b-962879f5c296,45e40bdf-5c84-42ca-84d2-a823db0b6609,18,1,2.8782480615614365,0.6106411688875915
ec7109a1-cbb7-4f34-b1b3-89d48878f38f,2024,2024-02-14,dac01aea-9f35-463a-9dce-75d4575160dd,115916ea-f145-4974-a257-5bb24f7c1ccc,40,1,11.01160700722177,0.8435652856644145
efb83a29-99e7-47dc-9867-239152c944b2,2024,2024-02-14,ed50f577-3ab9-4627-80f9-bc931ee42370,79bf464f-0d3a-4992-b310-86d2abbc2244,10,1,7.773547899826586,0.7884364084852999
f400f160-a6d5-4f3a-b319-ac4d26590b05,2024,2024-02-14,05f1d3d6-8079-4142-beb6-628fd19c74ca,52739295-a20d-42ea-b09c-a1e17be40d02,-8,0,-5.320277131968876,0.28170837401191684
f4689628-94d0-465d-84a5-295bf79edc69,2024,2024-02-14,63eb578d-eef3-448b-b0ab-b4892ef058e0,7d57c2ad-190c-4c1b-8987-ab2007a42023,-15,0,4.143138594717727,0.5655142495030172
f50172a7-6c1c-49bf-a659-2551ddc783ab,2024,2024-02-14,a839c106-a16a-49d3-a86e-aa5e068b76cd,2fbd9d1e-084b-43d2-9c7b-10ce0782be7c,-10,0,1.8390711575182517,0.5655915376211171
fd8ad034-ffe5-48ef-980d-e499a7f780a1,2024,2024-02-14,215ed27d-58e8-4e84-ab60-6d170d404304,101749c8-ec05-4370-a95b-47f56c433623,12,1,2.0131357226273354,0.5643977153667659
02630698-14c2-4f99-91a1-4aa230c56110,2024,2024-02-15,2493388c-6fee-41f1-90b0-e82a447a607a,10a27e98-10ab-4397-bb74-d3a92cc590dc,-10,0,-7.537099299953613,0.23709033144129288
035e82f0-6ba0-4483-a625-4c4f8d30d61d,2024,2024-02-15,bb505898-cdd5-4c4e-9ea1-301ff6a4b981,8e26bcb3-616b-4c7c-a709-bf30d2ddce41,16,1,10.75722363578285,0.8543723774587841
0390da99-a5c6-405e-8581-c6587463c890,2024,2024-02-15,48fce6fa-2dd6-4fad-b5ca-cf5cccdc3fa1,3bdd846d-463f-4ddf-8719-13ed1e3f2634,-2,0,-6.869775936879475,0.2519319063553888
076aeb58-5779-484e-bada-485f3f092f60,2024,2024-02-15,f162ea30-6b86-48f3-bdc5-48c97448256c,c0dfc734-0d40-4cba-86b5-fb2ad5c73da1,12,1,15.53171496630561,0.9632105192523898
07f02215-ace4-4274-a57c-68b6c28893a2,2024,2024-02-15,2acb9682-4dbf-4e25-82b3-0124cb5c07cc,c79306a4-5139-4f8b-8b55-21b42e22858f,-14,0,2.6887176973616636,0.5776063228288544
27f0638a-dd37-48e2-8dec-5bca8979bd75,2024,2024-02-15,f93c4c92-e869-45e6-8970-2a02d80141c9,3e3e940b-dd81-42f3-88f8-4e988278be04,-8,0,-8.347240816332748,0.2565682540693403
2adaf5e6-f11b-4d8b-ae00-cf34744f8e41,2024,2024-02-15,8a753611-1c3e-422d-8c6c-5721763b5574,3280e439-7a98-4ebd-95dc-1a1281ccab00,-4,0,-9.144505974110226,0.1558314711384205
306ccdf6-ce42-4337-a5c5-8474d2495077,2024,2024-02-15,5cae196d-fd0c-4944-8120-41d5abecb290,4e9067f6-7760-4a2a-ba37-273c77915540,10,1,3.5793659667811704,0.6144663487376455
3123677f-d62d-4da0-9e2e-7341edaabb98,2024,2024-02-15,e5bf7042-0036-4e9d-81f3-3126a9675ce0,6cc29af2-0d45-4399-b571-caa43e20e554,7,1,8.955321579326187,0.8444398053876229
3c5d01f2-b15d-46b1-83e3-dd3ad7b32cde,2024,2024-02-15,0b950934-3f06-4a8a-9251-83e3f1827e68,ea8c66b5-8fe3-41dd-a56a-b85bfdc613c3,-2,0,3.204235541217831,0.6750064292454228
3c80c3f4-ea36-47ad-ae0a-395c5a48a9dd,2024,2024-02-15,7fdeff97-4db9-4c33-9fc6-9f03bd977d30,7af1094c-c99d-43dd-b41a-1b72a81abfb3,-13,0,3.129484760910418,0.6377181332203911
488e1354-53eb-4193-b8d4-681cbd4d7b9a,2024,2024-02-15,730db31e-4fab-472d-bf25-7b882deff0b7,8cd2a215-aea9-48bb-babb-e5d8cf0cb9fd,9,1,10.749119289996862,0.8691404471121912
4cfb2b8f-4551-4222-b495-25305e415638,2024,2024-02-15,4b962e36-92f2-493d-a9d8-e62b725d5b76,38cf12f8-b27f-4c69-8f14-254930816a8b,19,1,24.141417340360302,0.9886738675720934
4e3855f2-bbe3-4b97-b725-b3c64beb7f90,2024,2024-02-15,a4e0b7c0-e98b-4e65-9408-e26a9aedac8d,f2e0429e-8513-40eb-b536-1aca6697aee5,-9,0,1.5265020433918273,0.6255857585924333
58e670cc-7367-4127-b698-d27b982db475,2024,2024-02-15,2f2d6799-40af-4256-9dd9-412be50aa14f,d0cd742d-b4e6-4f30-88f0-872c2ac1e51f,-1,0,-8.86220862509756,0.1620010204212839
5cfa9739-9bd7-4d81-8b79-dd8601efe7b3,2024,2024-02-15,b80e54ae-3b74-40f3-9954-a1b0805cd1e8,e5fae797-082f-4354-8c20-2c1c22c6ac8f,19,1,9.41258553876043,0.8268446201791838
600905b2-f84f-49da-8e18-89b2e593ac15,2024,2024-02-15,67505072-f35a-493d-a160-8e6292da33f5,d7b7310f-6983-4a09-bb56-fda96e9f761d,-8,0,-1.2314038217698522,0.4294633134622913
639a46b8-0531-4136-8d92-02b1b62be53b,2024,2024-02-15,cd369794-6765-4889-bd1c-89869447620b,2f522e9f-f586-4f8b-816f-a83d9e6231fa,8,1,16.88435068964946,0.967140349231608
67dda333-c416-439c-a842-17ce0f35452c,2024,2024-02-15,268a2907-58d0-4693-98bb-a6cecdae1c63,3a4357d0-0685-439d-863f-f854c35e4c42,20,1,10.242302150304736,0.8588923421575544
694cca0d-9809-4c01-846c-70029133519a,2024,2024-02-15,5091ac5b-fcb1-423a-9cf2-0981de634633,6b296d7f-de88-4a16-8a22-b28077a669c4,-29,0,-14.744780251702917,0.0577285765871228
71d269b9-19d4-40b0-a04d-8faae58c2eb4,2024,2024-02-15,a7f405f8-389a-4a00-bb71-6d07d48f4fe8,54e8cb38-83f4-4866-b3d1-d0e1dfc530c6,-5,0,8.203419137900605,0.8202869915884721
7401fefa-b847-4d96-8535-bbe25bdecd44,2024,2024-02-15,0b751b74-e572-43a0-b324-54eeefac4d5f,d8cd723a-1d76-4abe-be2e-516e52724947,-9,0,-8.089256395256177,0.18698461290017332
75dd0076-bf22-44d7-91d5-40467bb95dc7,2024,2024-02-15,b1937cc6-0f34-4060-82ec-b2bfe4c05aad,629710d8-479a-4efa-b5f3-d77767ddce70,-11,0,-1.5480965572864267,0.3925205198459786
809c6217-bea3-4304-a7a8-4153c3b07748,2024,2024-02-15,0c2a9ebe-8c6a-44ec-8643-1dbac7642ab9,e6b0799b-abce-441c-929c-964306f8fc27,5,1,9.787563533346415,0.85189858471233
8aace7e5-635e-4f19-ac79-9ad823e5a8bf,2024,2024-02-15,2198dbfc-96fd-40be-99e1-e697e4c3d996,638757a6-508b-49af-b5d8-661c0059c04c,-11,0,2.7686231439730085,0.6273974909780895
95f4aaf7-35ca-4fef-9635-c0849878f12d,2024,2024-02-15,853125a0-ce88-45ba-9815-9387fac3d278,a9569511-9e5c-45d1-b958-3e29c52f612e,3,1,-3.7355907483647495,0.38308988262197413
9e474dee-dd63-4ac7-b29e-8761a5d87a6a,2024,2024-02-15,8af88029-6520-4f85-a99b-0f10d820a167,2408f22b-e753-4c5a-9353-be75a4fb2164,13,1,2.1869857436567366,0.5519694389175761
9f944639-083e-43d6-97f1-0af5f427b57a,2024,2024-02-15,b2d5fddd-b407-4fe6-9d70-e921ab7b7e1a,629ca4e3-9243-47ce-8a02-ee7fe38e857c,12,1,13.874847008852043,0.9437976227911191
a1fdc126-9a76-45af-a713-3e15da481705,2024,2024-02-15,39decbb3-b24d-444c-970a-39aa53a01ef6,73a80df0-15db-447f-b97c-418cc82a508d,-7,0,-5.785195786400515,0.26345168062397034
ac3b7cac-977d-47b4-84e0-5473e2666e49,2024,2024-02-15,dedb6ed5-06d8-4ba6-a1cc-e3134a2c7937,65c68c5f-fc3b-4781-a912-2a4b17be699e,7,1,3.2795326053566654,0.6477225505525788
b9a17e41-6158-4005-9908-14438b077c9b,2024,2024-02-15,754d9f26-9ca3-4bb8-8aa3-065bcf9ec6df,0b9bc135-badd-4fc9-b7bc-bebccb08cbf1,4,1,-8.0758749130657,0.1943713173465281
ba68dd0d-247f-4908-9404-7e2e4a672eb0,2024,2024-02-15,2dc64ab1-cde8-49d4-a343-298600450708,79479954-cdbe-4601-a82c-35936960a7dd,9,1,9.00712165118472,0.8070260782075924
bb492b71-abc4-4525-b385-c27c1097bc74,2024,2024-02-15,071229c8-25a8-4fd7-87a3-c30d0a95671a,639774dc-a89b-435f-80d2-4c65549fd3c9,10,1,7.176047006201942,0.7273919706138448
bd53a832-fdd2-45ee-bf04-abe9b586a2cc,2024,2024-02-15,c05bd27b-1eb5-4bfc-b1ec-29735fe183f2,7747d9fc-9e15-4b0f-911e-ba64828748ed,-17,0,-14.393299001241989,0.0643472884325898
c48bd64a-e8d1-41f8-994d-9417a171a254,2024,2024-02-15,6eb0ebaa-8c99-466d-8fad-68b897f2a9e2,e0cc707c-bdef-43a1-a3f0-c1ddfefdadd3,14,1,12.264428198935496,0.8726938746944298
c5b1cc6f-f325-47df-806e-7c05b751da04,2024,2024-02-15,eddc4725-b4b2-4442-b2af-8853210d0e96,c58166c3-f02a-4e33-9fd0-9fa7b0711d94,5,1,5.445745730241156,0.6977445466629152
c6890a79-1a2a-46eb-94e5-3bf5c5b0953e,2024,2024-02-15,c58c3009-46ec-43bd-b27b-b0d683ab2cad,b20b957b-b406-4f6d-8f7a-2f88e3b49bd5,5,1,-1.0574877752045564,0.49431223702039934
c7f37dc9-49e3-4af9-b360-bc53bb08a44a,2024,2024-02-15,b1b6c3d6-c825-484c-a8fd-a4e0816d19fa,2ba07bf8-0306-417b-b7fe-b2d29b7d0eb1,15,1,7.078334991737537,0.7152808424673578
d34a9cab-6759-425f-953d-0ccdb80d3b2a,2024,2024-02-15,29fcbb70-fa3c-4806-8768-15b5ec4a8449,f9a8f2d4-c836-4b2d-a4f9-47f73b8c033a,-4,0,3.45469840722932,0.6505735728494594
e7e89e04-14fb-4aac-8533-a80b44ba5b3d,2024,2024-02-15,8c121ba7-b028-4d29-8ac0-bfc3c1ff7b57,05aedf2a-3424-4acc-9537-4d52dccd6e02,26,1,18.688065753048395,0.9785349864951876
f11ed19f-76fd-44e3-b93a-9e31d8ffbf31,2024,2024-02-15,e1ee7493-ca48-4d8c-aefe-83427a4e66af,d0ec4581-205d-4391-a765-06ee8de241d9,6,1,8.04353780216329,0.8158338585023632
fa49e458-0c47-4c11-9002-3ae563374287,2024,2024-02-15,e308f5e0-c422-490c-901a-575bb49f1c7e,409dd213-f612-4ab7-a0ae-8060dd9a6ef4,4,1,-5.292572945425783,0.2818862747662595
fa599f17-bd45-458a-b35e-91790406f566,2024,2024-02-15,e1ef03af-e420-475d-8a35-c6e5380e9f6d,3763fb9f-1ebe-4dbd-bfc9-6638b14a2a51,20,1,14.692990874704996,0.9503937937249429
013b02b7-e237-4627-a2ce-b65516696cc9,2024,2024-02-16,19b40071-00ca-4d8a-8188-a03d635e9811,c71ebd72-5c90-41d5-b1fc-544e4695d9d0,-10,0,-4.853673506184004,0.2604893090998789
080089f7-e023-4270-bdef-a3145c9425cb,2024,2024-02-16,f73ebf9c-90d9-4d66-b403-056ea4ea6b30,401408f8-2ce4-4ef1-97c2-5a68c979ec7e,10,1,9.326807093451434,0.8927355033982171
0e7cab72-be6b-4f86-8b7d-833ee85e0928,2024,2024-02-16,00b63e00-850e-4b09-b660-a5e698f46b61,fd42047c-b7c6-4dbe-93e7-69cfd125995c,22,1,14.661567661135622,0.944676777417067
213bedaf-f37e-4218-8312-6cca672358c2,2024,2024-02-16,89949731-8bb3-45c7-a6f6-798934261b61,8ae6c27f-063b-4e7b-bbfb-653f496560d6,9,1,14.309156091286034,0.9373836245571505
24c40f96-1184-4c68-835c-81fa956f546a,2024,2024-02-16,82ee0a8d-e51c-4a87-bd7b-72707ec8b342,5320f527-fbbd-4bb0-80d3-0de759475d59,23,1,6.186801111265134,0.7803945974522549
26907121-edf4-4b53-aabe-97c2fcd3e8f8,2024,2024-02-16,113341aa-9630-4951-b161-71419ed62dbc,04119628-781b-40f9-ac7b-3c8fe82375cf,9,1,4.986336803766108,0.7131598123197277
40f92074-7599-4e42-948e-dc54c5548dbe,2024,2024-02-16,0c8ee784-d7e9-4ac4-b0c7-3ca89567c515,9b465025-fe2a-4233-b24e-310dbccdf4ed,-2,0,11.129461834092108,0.877695571585721
4c1733c8-201f-46b8-958b-04ebb2d3f3c3,2024,2024-02-16,f6d188d9-c992-4de8-801d-4995b25abaae,91d935fa-7d8c-41e7-a184-72c0f770d10c,4,1,3.9651811861038517,0.6671739043006779
6239cc47-31fd-4035-95ec-a423831f2e33,2024,2024-02-16,228bf81e-d4c4-4b81-9b51-74ff2fd3f7c3,f3cf8061-767a-4873-9e24-5cc4c9a6a1b0,2,1,1.1950291044382277,0.5424333850815777
6321edc3-ba4a-4423-aa4b-6031adf03cbb,2024,2024-02-16,da6b8f1b-a85b-4303-8500-c640c0d3132f,238b3f68-0b29-4056-97f6-6c10a093cd62,-1,0,2.260250909268175,0.5536361081633547
ada807bb-03b6-40d0-9ad0-3096a55fc906,2024,2024-02-16,e250c58f-f6a5-4da7-aff3-c6770b9a14da,f1cb5c3c-2ff5-444d-8c0d-5c1244f07909,13,1,14.417661049078417,0.9432508021259404
b2b3f5df-73cd-46db-a160-ee5cc103ccc7,2024,2024-02-16,a66213c2-5ad6-4d77-a7ec-85700a223ed1,9ccf2901-b49f-4aa3-8a4a-d59d017dfabc,11,1,6.293465760426194,0.7245727481059698
d9181299-707b-45bd-91e6-5d282e83d17c,2024,2024-02-16,d2ae40ba-651b-4006-8b22-61c6b9ce0e33,2b1a3f03-7d93-471b-be12-d487164eae0f,-16,0,-11.585892705789805,0.10341454961630085
f9c4441f-44a3-42f3-bd28-b0667947c1e2,2024,2024-02-16,9611a021-de39-4ca5-8188-6387e4c99fbc,ec7d9da7-9286-4c01-98ce-3a10ec231612,-14,0,-5.10600104584512,0.3641976759560586
fb9dfec0-c64e-4505-bd9e-400bfdc20573,2024,2024-02-16,a64af70e-61a8-4777-8e8d-9a7815f78f3e,d8e747fb-453e-4894-9a8f-08598fead336,10,1,11.418463413289812,0.9114453456828364
04ee7729-a9fa-49c2-a03f-55fc61490453,2024,2024-02-17,2518e2c1-28b1-472d-9fdd-5d97d9f1ea99,49f72498-1bbd-48b1-87b9-cc90196e205a,-11,0,-13.755143775018777,0.06393141749317839
0581f157-7451-4961-a6e5-06be1c1a7a3a,2024,2024-02-17,f245c41f-897e-4985-9153-43034bb26bfa,35d0a28f-e3d7-43ca-90cc-daaf0b7c278e,10,1,5.293174742273601,0.747360513163901
135735b6-fe8d-4e14-80ea-1649403ed8af,2024,2024-02-17,6474358a-819c-42e6-92d7-0fd3ce20d239,8a753611-1c3e-422d-8c6c-5721763b5574,20,1,10.330076647233557,0.8518677035302338
13bfd457-1640-4035-af38-ae23dc90afdd,2024,2024-02-17,e250c58f-f6a5-4da7-aff3-c6770b9a14da,401408f8-2ce4-4ef1-97c2-5a68c979ec7e,9,1,19.721163076927326,0.9861422850432013
1dc866dc-e12e-4864-84aa-064c016bd845,2024,2024-02-17,5fcb12dd-e3b1-4e57-ac30-33da456cd5db,1ac84e49-be83-4e9a-b4a7-0fb0b7465b32,-13,0,-7.931786547987522,0.1846445772983981
235174f3-344c-4b05-8482-39db18b233bb,2024,2024-02-17,2deaf391-9719-4c95-bb3c-acc6f8baba86,8fce643e-75f7-4242-b565-2a4818e1eeba,21,1,5.8319626888568745,0.7419763768515224
241784c9-6593-4f8b-b6cd-da790db291d9,2024,2024-02-17,a4e0b7c0-e98b-4e65-9408-e26a9aedac8d,4928acd4-6738-4045-be81-20132f6471c8,4,1,-2.645836179078674,0.44772049115633017
25012508-9b14-4d34-b3b7-5296deeef484,2024,2024-02-17,29fcbb70-fa3c-4806-8768-15b5ec4a8449,5f480384-0cfc-4e90-837d-db9cc8d292dd,-6,0,7.001779356224384,0.748869550279607
26061899-e766-4031-beef-9322b87fc439,2024,2024-02-17,4aa110b4-c8f4-438d-b44c-2d6a5c74ab8e,bc3f184c-a2c4-4518-89d1-f58ee454b86e,25,1,14.652982866342311,0.9509163604350103
2703b746-afbc-4f79-9430-467504415cac,2024,2024-02-17,101749c8-ec05-4370-a95b-47f56c433623,cd9eea44-8a6c-4bd4-ad4d-74e461fdefd3,2,1,-2.587731791085454,0.38983729418419233
272c451f-a323-4b9e-a128-b09120e0e237,2024,2024-02-17,629710d8-479a-4efa-b5f3-d77767ddce70,e3158bc2-1467-4311-8540-c4f77e10aab2,5,1,3.694255627306712,0.6906572290906694
279302bf-819e-45ab-8b2d-9703c681733c,2024,2024-02-17,dfdc9d0d-4a83-4244-9c07-9b3660ba4f6f,03a91d53-3b06-4e76-b037-9c97d09645f6,-5,0,-2.061167981130632,0.41302009248790245
27940632-d12b-4b3b-8269-938edc93023e,2024,2024-02-17,730db31e-4fab-472d-bf25-7b882deff0b7,fc7ccbd1-42ce-4200-b33b-0f8f3de48473,6,1,-4.265991881227201,0.3142212645172804
2e4a8794-9f8e-4146-865d-59683c666fba,2024,2024-02-17,696e6eb5-b8dd-4d44-8780-1e6c678615bd,ed50f577-3ab9-4627-80f9-bc931ee42370,8,1,2.5547336788384807,0.608064728347616
2fe40392-deac-4048-a525-06b0731ceb5c,2024,2024-02-17,47b967e4-0689-4d1c-863b-9d82c6ffbfcd,bf4f25da-dd8b-44d4-a4b7-4671b3c37db9,5,1,-4.414027540333241,0.3178212273349746
30826712-6bce-4783-bd1c-66f65c601408,2024,2024-02-17,7293bb2a-8d08-4752-b00d-104a80da0371,f1c92057-9fa5-4bdd-b404-96dd624192b3,5,1,8.580285127633537,0.8285602870409657
3209d8a9-88fc-41c0-8174-bbb28fcd3993,2024,2024-02-17,cc07b31b-464b-4cb9-89d2-ac26ffe3e5f4,e42183ad-b44a-4746-8c0b-148ad61bab43,20,1,5.686249829292905,0.6927972819858075
3214abe6-332b-46fb-b59e-291d702dd5ac,2024,2024-02-17,2198dbfc-96fd-40be-99e1-e697e4c3d996,f2e0429e-8513-40eb-b536-1aca6697aee5,28,1,12.730265741952655,0.9140357866622951
32659924-ed10-490c-83b4-d3a8dce5b38f,2024,2024-02-17,7da2e7c8-cee3-4ff4-be74-58d324c5ff71,6cc29af2-0d45-4399-b571-caa43e20e554,3,1,14.744983280823929,0.9384287292134413
32b14f7d-bd78-41e8-a648-20f0f66b6563,2024,2024-02-17,ebf92b73-233d-4523-8429-ab00d5af1966,8c121ba7-b028-4d29-8ac0-bfc3c1ff7b57,-13,0,0.3517676290763235,0.5039681991398316
32f04cb6-3508-43c0-b64f-6efbd2b6b54a,2024,2024-02-17,51a31921-d3f2-4514-821c-23df38e74559,64c5c3a9-f1f6-4f48-b571-1de27621f06c,2,1,-2.9156604425219212,0.3847740955021911
3dbf9050-f02b-46fe-b9c0-63d845ff7570,2024,2024-02-17,58113924-4aef-47a7-a675-cddc9e355cd5,1b0dd005-3190-4ca9-b74d-111343f2fce0,-10,0,-1.8464565921457674,0.44857787810352584
40898ffb-055b-48aa-ad0d-759c397c5d2a,2024,2024-02-17,6eb0ebaa-8c99-466d-8fad-68b897f2a9e2,717f3cf5-bc65-4a66-8f05-191decfbf380,10,1,3.7770533582336023,0.6705432269255892
46b3421b-8572-4e4b-b091-d58cd93bfb71,2024,2024-02-17,a4f24556-d2b0-4bc3-bd21-758340750c58,a7f405f8-389a-4a00-bb71-6d07d48f4fe8,6,1,12.945141690838813,0.9257712461555565
48d03b6f-95f3-49c8-b68d-8793ffa6400b,2024,2024-02-17,09fca7ef-baed-4af0-a553-465ae1160049,7f15159e-f7a6-4016-869b-962879f5c296,45,1,20.261110057729116,0.9842568196627813
4b8c9c1a-18fc-407c-9705-7bca64f970c7,2024,2024-02-17,4494a75c-3ddb-41cf-b75c-67fb9c0537c9,1cabfd4b-0114-490e-8d0f-1257cd7f0ae1,9,1,-1.3676062322936364,0.466247496975533
508a3bcc-ec5b-42aa-b100-a6f45d21ccc2,2024,2024-02-17,2f2d6799-40af-4256-9dd9-412be50aa14f,d0ec4581-205d-4391-a765-06ee8de241d9,2,1,-3.582938038884326,0.3325660659515843
50a517b3-d979-422b-bf8f-507a1fdd4c9c,2024,2024-02-17,33a4f970-bbcb-47ad-9bfa-ae6f0eaf792f,824aff8d-6409-4191-9ffa-e2daa335b7e1,-3,0,5.27832077492764,0.682434734546517
5486b8c4-eb62-46dc-81b3-cc776044dac8,2024,2024-02-17,adf7b22e-19a9-437e-ade2-833bb31da77c,dde8f534-10a1-430c-af83-43b026e7ab68,4,1,-6.759110224583941,0.20793937527421724
5a089004-8635-47c1-9013-2323391df70b,2024,2024-02-17,76748a8f-7de8-46dc-b80c-a1a7fbcb84ea,33176e8c-5f9d-4bcb-8c56-9a0a5f7d7f1c,-11,0,-3.273134952904095,0.3788881974197952
5b0f0021-492d-4667-bd25-be5f85fe69c6,2024,2024-02-17,16aca559-5828-43a9-ada9-f35f973f4863,8925b65e-4ce2-4ec3-b501-c0075fe06b52,-14,0,-12.796983592188013,0.09001338269916731
5bb3078a-e506-418e-9090-b7dee64a0dd8,2024,2024-02-17,115916ea-f145-4974-a257-5bb24f7c1ccc,b255fc28-3428-4006-adf1-9c1001ecb1a3,-1,0,6.510730159927326,0.742193046622199
5c133590-6590-47bb-b270-ec17e6b85fa1,2024,2024-02-17,17a3b4e9-cfab-43a8-b7ad-73508d4d890f,00aed6ff-2151-4d45-8b3c-776ebb0a51da,-8,0,-1.6675687805479291,0.45579182573447113
5c7e0978-5651-4407-b2af-4ba696c3ed06,2024,2024-02-17,2ba07bf8-0306-417b-b7fe-b2d29b7d0eb1,6b296d7f-de88-4a16-8a22-b28077a669c4,6,1,-4.559883668666447,0.33770183079316296
5dc3f725-1c56-49d8-bccc-b1c21f5404b3,2024,2024-02-17,4c073afb-cc2c-4ed2-bd8f-2f545ae1bea5,9f152b52-7847-49c3-83b6-8c68295d484a,-3,0,-1.0568798106430846,0.43185331967121326
5e3d058d-290b-4ded-ae9d-a2338b76d00f,2024,2024-02-17,8ce6b3fb-8bb0-49b5-acaa-caed76d542d7,15de2bd3-69fa-45a8-b95c-4d5e91232ab9,-17,0,-4.82976325362283,0.2732504463767855
5e3edcea-a7bf-4a3a-aaa0-05d2adb260f9,2024,2024-02-17,bfd4c500-09b6-46ba-81ae-48b13f8345ff,ad741e6f-e15e-4f4d-8350-9973fa99916e,25,1,6.628535497148796,0.8081728564856925
5eeecccc-95e4-45c4-b1ec-b433c37d3e80,2024,2024-02-17,3a4357d0-0685-439d-863f-f854c35e4c42,d8cd723a-1d76-4abe-be2e-516e52724947,6,1,-9.69116950211593,0.1507784139431746
62088e5c-41f1-4730-8c80-4f9dd4243280,2024,2024-02-17,88fe7301-2d1a-43f9-ba01-e8f7795634b5,b1937cc6-0f34-4060-82ec-b2bfe4c05aad,-14,0,-7.558198839734959,0.20826884524712833
628d65c1-acf0-4eb4-b889-2d9e99aacec0,2024,2024-02-17,155c1dd9-ba93-42ee-a28c-238768724494,dd1136c6-9974-4186-b206-7e24f2bf7dc3,4,1,10.607672907708022,0.8607740987678737
6715b8fb-c811-4e42-bcb0-d474ddfc03b7,2024,2024-02-17,9611a021-de39-4ca5-8188-6387e4c99fbc,8ae6c27f-063b-4e7b-bbfb-653f496560d6,-7,0,2.4511974311340747,0.5916394482766084
7532f4cb-3ced-4946-9d6d-333901f8792a,2024,2024-02-17,b1cbdf0c-474e-4b52-ae02-f856ceda214b,8b8c3790-682d-4010-b304-45ce213ad62f,4,1,12.151989088932375,0.9022053632888816
778fb96c-1b58-46c4-900e-7823e1fd80cf,2024,2024-02-17,9be057a5-becb-47b1-b84f-041147698411,e12ab562-dd12-4b55-909f-669834d3d963,-10,0,-4.449730590086548,0.32795486458318807
7b375251-e757-40ac-b036-75c3dd79ef1c,2024,2024-02-17,e1ef03af-e420-475d-8a35-c6e5380e9f6d,2ca82167-d915-492e-98e0-4ee592960583,7,1,15.467702612935659,0.9760706748815614
86304145-9871-4423-be3a-4e9355b8e6e5,2024,2024-02-17,26d69f75-49a0-4d07-968b-2b549e059c24,546e1911-9caa-499e-92f4-afa9c6b1e8c2,23,1,9.664898499972121,0.8574962037017316
87cf2530-e175-48d0-9961-94e2ef1895d9,2024,2024-02-17,a4bc2fe7-4083-4c33-bce5-6cac3e161a7f,1c1c3846-4bad-48b3-b8be-dba7d24af981,24,1,15.933613266347843,0.958610755750675
8b9d10b0-c220-4292-854e-ed25f0cf91b2,2024,2024-02-17,0c2a9ebe-8c6a-44ec-8643-1dbac7642ab9,e0cc707c-bdef-43a1-a3f0-c1ddfefdadd3,7,1,15.985939496216043,0.9464493519620025
8b9e35bc-694f-43fb-add3-c7b0d2aa0811,2024,2024-02-17,65cf0d8a-0a5f-4572-8516-53809f66ba44,2851d469-fe75-448e-9d6b-4bde7ec96e06,8,1,1.042047625693016,0.5646675313441798
90c68082-81ec-4ed9-8310-7373cd9bc9ff,2024,2024-02-17,22ae415e-1335-4b89-a126-bbc7a1d7901e,58617cc8-94d5-4f69-a677-9ab4cdc52a33,5,1,6.573692539807907,0.6797943211526623
9417ba8f-5dcf-4fe0-ba51-8db6ec40d950,2024,2024-02-17,ea78667c-bf16-4084-80cc-2ab61a0e05d5,b9e1a15d-9de2-45e6-9fc8-b3444d1bc0b5,-9,0,-11.246068283261101,0.1161578540649131
97113908-09a9-4349-9ca0-f408c4193f04,2024,2024-02-17,324e37b8-f52e-449b-909c-366c81488fea,74434c65-ac07-4a97-9998-737791311fb1,38,1,12.683071577376646,0.8838490698533995
993e30ec-8ebb-4aac-80b6-aa861aa93e26,2024,2024-02-17,0d6ccccd-6ee7-4ed7-a231-381c6b268e2b,df2a7293-fc74-4f81-a93d-98c8989ea725,19,1,6.92707610381492,0.7766206002110295
9e16b332-c431-4eaf-80f3-a0611ce6e369,2024,2024-02-17,632ba9bb-afd9-4b5c-9c3b-4e60816c8e4f,a839c106-a16a-49d3-a86e-aa5e068b76cd,-16,0,-7.07723812076036,0.2319332342746688
9fe61cc3-e669-4318-bd62-01eca78d3cf8,2024,2024-02-17,df1d6c5c-77eb-4d21-b5dc-6cd579f74d2b,79bf464f-0d3a-4992-b310-86d2abbc2244,30,1,12.659283127151422,0.9388950566536297
a0f8835b-9e15-4552-ad47-78c67e3c7757,2024,2024-02-17,7747d9fc-9e15-4b0f-911e-ba64828748ed,05aedf2a-3424-4acc-9537-4d52dccd6e02,26,1,33.16828310874717,0.9923589762453258
a45482b5-5696-4d15-a95b-0b29847f8530,2024,2024-02-17,7fdeff97-4db9-4c33-9fc6-9f03bd977d30,c79306a4-5139-4f8b-8b55-21b42e22858f,-13,0,-0.9704771053971799,0.4912179263237301
a5b50839-a416-48c6-9cf8-8073625fb186,2024,2024-02-17,873b654a-5825-415c-8a11-5e5b15bd2ac8,268a2907-58d0-4693-98bb-a6cecdae1c63,23,1,1.4872152441081727,0.5512915961275806
a622edbc-faf9-4bcb-b43a-9d8964b7e644,2024,2024-02-17,5ace87dd-23fb-4317-bc7f-8d80556ae6b4,c51998cc-ad65-43ec-88c6-a0f160ff7902,5,1,1.527029411718297,0.5750246842718556
a6ebd390-b5aa-4109-9803-8aa09491ed42,2024,2024-02-17,8a7ae133-e612-4f1b-911a-a72870f8b4d6,2fbd9d1e-084b-43d2-9c7b-10ce0782be7c,1,1,-5.406932849816551,0.28739245151353016
a770c0a6-b198-4c25-a808-40f72a5826e7,2024,2024-02-17,4b962e36-92f2-493d-a9d8-e62b725d5b76,e9813fa7-c976-4ad4-a455-2f05235e93cf,-1,0,16.19195184944369,0.9335822128332031
a7c77ab1-e4c6-4fd5-b2e1-fa5ea4d6d889,2024,2024-02-17,f73ebf9c-90d9-4d66-b403-056ea4ea6b30,f1cb5c3c-2ff5-444d-8c0d-5c1244f07909,-5,0,4.135291204820133,0.6861977401080315
a8760926-bc84-42af-93d5-dd12f5fb417c,2024,2024-02-17,64f3b1df-37cc-48ef-9741-b85506e7c500,ad9b8341-2ebd-49c4-8bf9-bf5d4811bc0c,-6,0,0.7390350276419719,0.5881846160723261
a9367b33-09f0-4496-9d58-049fbf999707,2024,2024-02-17,1394e3ce-706d-4097-9aaf-cad5d38aa5a0,439b6cee-3be6-4471-bddf-f7cb8c69cc85,-10,0,-10.077940457528006,0.1568469739327543
aa6e57fe-186c-4d37-bfdd-481695ec5c4e,2024,2024-02-17,c58166c3-f02a-4e33-9fd0-9fa7b0711d94,bb505898-cdd5-4c4e-9ea1-301ff6a4b981,-11,0,-5.978943504852417,0.23355443428903305
adac9e0e-0c42-452e-bd25-faaf78a1a809,2024,2024-02-17,2aed7aac-f38b-4fae-84ae-9e9c9ac71a3f,312a943b-3a6a-4f8e-96a3-02cf6ff38b41,9,1,5.191086405953089,0.7303587105606155
ae5cdc83-3f6c-4efd-8abd-450d8cc81e11,2024,2024-02-17,cb1440b2-adac-4775-96c8-c4f00641d353,2607ab7d-2f54-4540-9b2e-d27703407118,-5,0,-1.1050161439519888,0.4691342070792915
b1705623-db45-4e9b-b7c0-4e9bbae7b388,2024,2024-02-17,c05bd27b-1eb5-4bfc-b1ec-29735fe183f2,125fc4dc-8f42-45a8-b23a-3e50f4620499,-23,0,-9.447016795747992,0.14275555353159164
b4019cb6-8650-44da-b002-57869abd5339,2024,2024-02-17,b4c9b613-0bc6-4295-b293-3b56c2020f1b,e8e72618-33f8-4013-8305-43775a278752,-2,0,1.2204724609240953,0.608226412498968
b9735528-a38f-47b8-a421-205d7c7c65d5,2024,2024-02-17,db374003-37d9-4d61-a3f3-7abec141d33d,31108a77-31cf-4228-9c6c-3a9665e9e17a,21,1,6.9192259013652,0.7472307103358695
b9caae04-5f57-4288-a495-dd32f7d87a67,2024,2024-02-17,25f32a40-1a9b-47e3-ab20-74659cba9520,6d3e1830-dbbe-4e70-b7e9-1eb765f0acf8,-6,0,-5.360179676894963,0.26665037033277583
bd6736ae-4684-4886-9f4f-4d9f537912f5,2024,2024-02-17,2f0bd8d9-4435-45ed-9efe-045f835c15a8,fd495afa-fc22-4081-905c-24f40ff2656c,27,1,11.412805296047354,0.9149276807321021
bdd2c797-987a-4cde-9cb9-e371fb0006bf,2024,2024-02-17,89949731-8bb3-45c7-a6f6-798934261b61,ec7d9da7-9286-4c01-98ce-3a10ec231612,11,1,4.5777422233586025,0.6999441337029818
c122bb93-733f-4724-a67e-19b7b67bcd22,2024,2024-02-17,493c2e9c-ef36-4b2a-8a7e-32c890e85a4d,2c8d46b6-8e8e-4229-85a4-0713fe1c6c4f,-27,0,-8.517446773532486,0.16837808427777362
c14c0916-547f-4eca-8801-14370dd1782d,2024,2024-02-17,e1ee7493-ca48-4d8c-aefe-83427a4e66af,d0cd742d-b4e6-4f30-88f0-872c2ac1e51f,-6,0,0.6199190177687961,0.5510811858665807
cb2857ad-ba7f-44c0-824e-fa2dc72d4fa4,2024,2024-02-17,c0dfc734-0d40-4cba-86b5-fb2ad5c73da1,10a27e98-10ab-4397-bb74-d3a92cc590dc,-1,0,-10.2951552493837,0.12498645977012371
cbea3339-04a4-48f5-98aa-877fa6bc47db,2024,2024-02-17,2e49ce6d-63ef-45d9-9048-67fcdb01a46f,e06623a6-8f03-43b1-83f4-b653f6819ea2,35,1,22.880118618866486,0.9869455170251714
cfa8a541-c851-4c75-819b-c311c9c00af6,2024,2024-02-17,5052a2f3-f41f-41e4-a681-c6277fec0404,bba8eb68-9989-447a-90b4-27c8d0d32bd1,15,1,11.024405383690098,0.8669223209250986
d0ce341d-e6bd-45a3-b3d9-5232092eb6d0,2024,2024-02-17,f162ea30-6b86-48f3-bdc5-48c97448256c,051d13dc-5152-426a-affd-0cf01ef80268,3,1,16.869353677544193,0.9565532908863733
d3961b34-28de-4557-9dc6-a12ea2f0bd0f,2024,2024-02-17,54e8cb38-83f4-4866-b3d1-d0e1dfc530c6,f9a8f2d4-c836-4b2d-a4f9-47f73b8c033a,-14,0,-2.945965363035597,0.34864463767000803
d5fa8354-155d-49e2-9ec4-7278c69fdebb,2024,2024-02-17,424f7a7a-158f-4ad0-adb1-4b3ebe25b11e,3a30d561-24be-4bfa-8d8d-75e645c4ad5f,-22,0,-7.718978229601975,0.243607011901448
dbead1bb-01f9-47b1-bfbe-4de60e539baa,2024,2024-02-17,72d2e856-e65c-4184-bc2e-38e805170efe,b6c9db49-45a1-4d98-9a80-dbbe19471992,23,1,12.631060184881163,0.8690808004838267
ddfbc189-d64e-458e-bb21-94b648b68ef6,2024,2024-02-17,4a01023d-3637-4ac5-bf1f-37c08b2438a5,60ee2d19-003f-4603-a2ad-838b3e6d6cc0,28,1,9.077327007736788,0.7978384169201147
e39b5687-0a89-4088-9347-54ea2193bb6b,2024,2024-02-17,30a1a9be-60b7-4afa-9dcf-92694c2703d1,e30e79ea-8947-4c58-9842-25781182ec2e,12,1,10.099791869453515,0.8619900284285096
e76cae91-8133-4118-ac24-6a7721034f43,2024,2024-02-17,48a6c30c-21c1-4d12-ac7f-590a1fdb0238,e5fae797-082f-4354-8c20-2c1c22c6ac8f,-2,0,7.796648108998438,0.792943407033572
e96f0a60-4c73-4fb9-9925-166352690a48,2024,2024-02-17,44e2611c-d02d-4019-b2f5-da0e4ad35df1,05f1d3d6-8079-4142-beb6-628fd19c74ca,31,1,11.528696504342863,0.8866552633734782
ead04984-1b3b-4f10-a7f8-6d1bb42e991f,2024,2024-02-17,45e40bdf-5c84-42ca-84d2-a823db0b6609,a7951831-d013-4591-8037-4212b4a85c3d,-2,0,-6.598345901552258,0.28241453945968265
eb19c404-dd11-4b74-9af8-10f46bdb1659,2024,2024-02-17,8044cdf8-5fd0-47d9-8a07-8a29b2ca7b9a,7d57c2ad-190c-4c1b-8987-ab2007a42023,5,1,4.942120049614379,0.6693928045290205
ef92b1fe-4e52-4529-aafb-a11f86fbeebe,2024,2024-02-17,4d3124e9-6470-49c6-8f2f-806813c60883,52739295-a20d-42ea-b09c-a1e17be40d02,-8,0,-1.4110638607299446,0.41783452564602486
f1206e62-ced7-45a5-9f02-ff699ae49c04,2024,2024-02-17,375514f8-f93e-4eec-ae0b-6615ec954e45,638757a6-508b-49af-b5d8-661c0059c04c,-3,0,-4.516392734336247,0.33605324783199125
f2cfdeba-46bd-4f4c-90f8-d0ab47faddce,2024,2024-02-17,3bdd846d-463f-4ddf-8719-13ed1e3f2634,c2629a38-b5d1-44e7-9a32-8fb51cc9a116,-10,0,2.5419329121671868,0.535335452000342
f3420cf6-fc64-48eb-9c26-ad8414246bfa,2024,2024-02-17,2acb9682-4dbf-4e25-82b3-0124cb5c07cc,7af1094c-c99d-43dd-b41a-1b72a81abfb3,6,1,6.745374049169635,0.7422630323424728
f3c308f0-47b7-4014-8693-f6df1dbde773,2024,2024-02-17,2ed44d95-e306-4823-a4c3-196ffb777766,c3681649-6e1d-4bf8-9b47-1d2868dca3e9,8,1,11.049660982981237,0.8484008372358254
f3f82104-b672-4106-9dc9-a942274f09c3,2024,2024-02-17,14393a14-3128-4184-bf05-72f6bf2a357b,cf2f7a41-56d5-4c2a-b4f4-fb9d1c933b22,15,1,11.192959238106951,0.869389097537675
f5fc1599-cc20-42fb-8f7e-f564d026e195,2024,2024-02-17,e5bf7042-0036-4e9d-81f3-3126a9675ce0,b20b957b-b406-4f6d-8f7a-2f88e3b49bd5,-8,0,-4.17216675905286,0.32231173152367476
f60abaad-ce10-486a-9f9b-1cfb6ccf714b,2024,2024-02-17,ba033ab0-c07a-4b71-b7f4-243ae194d23b,8cd2a215-aea9-48bb-babb-e5d8cf0cb9fd,18,1,12.328296123551407,0.8928698317098622
f9de2e47-bdc7-4ad2-9b53-5fa8573ae07b,2024,2024-02-17,1814170b-a11b-4328-99b6-082f1e76f5c5,cd57c823-e9d8-49c1-bbe2-af9da08499bc,8,1,2.060331742480933,0.6141481893284123
fc3197b9-07e4-488a-a488-4abcefab80d6,2024,2024-02-17,eddc4725-b4b2-4442-b2af-8853210d0e96,89dd92f7-46c8-41a3-be81-ecb12f1cd4c7,-9,0,1.6810820026550313,0.55612773250256
fd1acd86-63ce-4d9c-bab6-7fe6eb6b66f4,2024,2024-02-17,25912c1a-f2be-4c07-857a-5eef6aadebda,73db7905-652b-4320-aac7-243f2f2f70a2,-1,0,2.7382833275703056,0.5628724282364231
04730a03-0b12-4c0c-9001-75c5e24c467f,2024,2024-02-18,1d3cac70-c7f5-47ea-bb26-00ba78e1acbd,af6bf0c9-2e1e-4334-8982-93f14a35af57,11,1,-3.304794766992855,0.3902094195548975
068e503d-29ba-461f-96c3-83b07a6c9ddc,2024,2024-02-18,fd42047c-b7c6-4dbe-93e7-69cfd125995c,5320f527-fbbd-4bb0-80d3-0de759475d59,-9,0,-8.67568060682321,0.1622668774821042
38503b81-3bdf-46b9-9a2e-28d3cbea3bf3,2024,2024-02-18,d7b7310f-6983-4a09-bb56-fda96e9f761d,4e9067f6-7760-4a2a-ba37-273c77915540,27,1,1.6583964054240956,0.5744313740037352
3ce686c8-cf6d-4ad7-8da8-41bbaff21bed,2024,2024-02-18,2f522e9f-f586-4f8b-816f-a83d9e6231fa,853125a0-ce88-45ba-9815-9387fac3d278,11,1,2.785810256904187,0.638810936626663
624e9169-660b-4fe7-9f7a-05c74771e72d,2024,2024-02-18,d8e747fb-453e-4894-9a8f-08598fead336,f6d188d9-c992-4de8-801d-4995b25abaae,-42,0,-7.570893881803846,0.21880121847157463
664a4bfe-7937-4a22-b576-76d51ae55243,2024,2024-02-18,ef75db17-4afb-4e3b-a928-30e871ec130c,85effc0b-7382-452e-904d-22a52433ccb5,7,1,5.550605507811651,0.6822313213911475
6be84857-e845-4873-b32c-ff74e168a292,2024,2024-02-18,abad6a22-9569-47ad-9945-a6ad9345c30f,5bd874c9-de44-4954-a4f6-428ed3fde8a6,23,1,12.12804752146818,0.8937578285789989
7816be66-a917-462f-ad4d-5fa9aa3186c0,2024,2024-02-18,e308f5e0-c422-490c-901a-575bb49f1c7e,0b9bc135-badd-4fc9-b7bc-bebccb08cbf1,-1,0,-3.8784882340669005,0.3426304183777154
7bbeff35-8530-47f7-9bcc-9731247fc066,2024,2024-02-18,a64af70e-61a8-4777-8e8d-9a7815f78f3e,00b63e00-850e-4b09-b660-a5e698f46b61,-6,0,3.226741855416565,0.6265418420891177
8d9d512f-92cf-435c-8fe2-fcefcd61968f,2024,2024-02-18,7eefd1e5-aea4-463e-ae74-c628b0fe170e,5cae196d-fd0c-4944-8120-41d5abecb290,9,1,0.9739199834208745,0.5806684596078725
c14914b3-1d82-4ed3-bd6e-2be3739623c4,2024,2024-02-18,57144631-7473-4b46-a437-8e2d8c760f87,00a52b15-70b5-47b1-86c6-8e30652728c0,-10,0,-2.856399356883624,0.44863908501787403
c761ecbe-c9c8-4817-911f-e975f4f791ed,2024,2024-02-18,2dc64ab1-cde8-49d4-a343-298600450708,2408f22b-e753-4c5a-9353-be75a4fb2164,11,1,0.7237103038756391,0.5082662321903243
e324e62e-e442-4ac6-854d-4d6358892c24,2024,2024-02-18,e7f5f157-7a33-43ad-8282-59e1c4ad9b25,95466c2d-a184-48f8-849c-d6957bd1df52,-6,0,8.655911894105742,0.7904158281573512
e5c15de7-4ffc-4ab3-83d9-301b4e995d79,2024,2024-02-18,dcf85f3b-a79b-4a61-9cd9-d6a90541bf3f,791eb121-5f34-499b-a1ff-469bc9007fe7,17,1,0.6451601942363998,0.5859804193297149
ee5b8659-3a7b-4aa8-b310-d2732bfd28ce,2024,2024-02-18,69e6a4c4-bb68-4c30-86d8-3cf7d51c7db7,b2d5fddd-b407-4fe6-9d70-e921ab7b7e1a,4,1,-1.3098389997090747,0.4542153906555369
f3ec6b9b-b8f3-4355-90e8-f55ebc0b62fb,2024,2024-02-18,644a0213-9ca5-4238-af33-7c8ed45fc88b,cd369794-6765-4889-bd1c-89869447620b,4,1,-7.1732388154009,0.21632494597216848
f7f99af8-948c-4a32-9ff2-e4b9fdb2f222,2024,2024-02-18,58bacfff-257f-4f54-bb05-241bd6353626,9b465025-fe2a-4233-b24e-310dbccdf4ed,-14,0,11.923698644361847,0.8718771863092151
2f02691f-34b1-412f-bf74-dff4e16a134b,2024,2024-02-19,3280e439-7a98-4ebd-95dc-1a1281ccab00,0b751b74-e572-43a0-b324-54eeefac4d5f,8,1,20.904984039581592,0.9828511124169321
474f7208-fb17-45ba-8070-9645f845f3a4,2024,2024-02-19,be683752-ceea-4783-ae94-66be0178e1d1,1b1fcea3-d0ee-4307-b5a5-4c2a4a591484,1,1,1.0642009109886448,0.5443175427461745
59bf463c-3d55-4125-bee7-ec8a23c2c5f3,2024,2024-02-19,1814170b-a11b-4328-99b6-082f1e76f5c5,b9428966-4d6b-4db6-a403-5cd503366633,-7,0,-0.17030297612475354,0.5165112659008487
730a181e-c1b4-4a54-99ff-24f5fe2b889a,2024,2024-02-19,e51fb2de-db51-4fbd-ab63-2a069c126779,4c073afb-cc2c-4ed2-bd8f-2f545ae1bea5,6,1,10.976676896924708,0.8527784759749332
809e1f00-1f70-456b-9f00-f1908168443f,2024,2024-02-19,33a4f970-bbcb-47ad-9bfa-ae6f0eaf792f,ad9b8341-2ebd-49c4-8bf9-bf5d4811bc0c,12,1,3.886362046524407,0.6079631215621781
821ca221-6175-4a66-bdfa-2bd21b28c872,2024,2024-02-19,f1c92057-9fa5-4bdd-b404-96dd624192b3,28e39e04-5ba3-41eb-808c-3ab653c2ef06,8,1,5.346072986404494,0.7302748620475605
af73b79b-9a0d-42af-94a2-4583126ccda6,2024,2024-02-19,bba8eb68-9989-447a-90b4-27c8d0d32bd1,51a31921-d3f2-4514-821c-23df38e74559,34,1,6.727737235318519,0.7324805228067971
beb8e47f-5e3d-48fb-aa18-74cb99f1315b,2024,2024-02-19,63a49366-1e4a-4ecd-849d-4153e5e0a2e0,cd57c823-e9d8-49c1-bbe2-af9da08499bc,6,1,2.2587952472464337,0.5887197427519202
c3aab9d8-9b0a-4a28-ac1b-e276b70f12a3,2024,2024-02-19,26d69f75-49a0-4d07-968b-2b549e059c24,23b31575-028e-4661-85ac-8d5835d6726f,11,1,8.020124021871661,0.8724961998565683
ca0b9d20-782b-4723-86be-9ece11b507c1,2024,2024-02-19,63eb578d-eef3-448b-b0ab-b4892ef058e0,30a1a9be-60b7-4afa-9dcf-92694c2703d1,-5,0,-8.902883344473464,0.1650588794320398
d3798683-4ef8-4fa7-a167-a7906fce16c9,2024,2024-02-19,89a85f65-8bbf-43db-b23d-362af1afc44d,371811fe-0533-4539-97b1-b56f642d0fd9,-5,0,-5.120402154131554,0.29562275137512756
d7ac6b35-3ded-4e12-a7ec-e6bfdafa9119,2024,2024-02-19,57c91ea3-1f48-4879-a664-232fba59cb1e,493c2e9c-ef36-4b2a-8a7e-32c890e85a4d,-12,0,-6.987178967421217,0.2603093446105578
e1a36f51-87a2-453a-b153-250eb878e85b,2024,2024-02-19,72d2e856-e65c-4184-bc2e-38e805170efe,97bd823e-8c6e-4942-a5ca-735b3a45ebbc,8,1,3.239068727876885,0.7284776044008364
e82dc5fa-9d45-409f-b4fb-820370dd307a,2024,2024-02-19,64f3b1df-37cc-48ef-9741-b85506e7c500,824aff8d-6409-4191-9ffa-e2daa335b7e1,-9,0,0.3786077122562857,0.484168650830438
e8efce49-b677-47b9-8b13-c6fe4f0760af,2024,2024-02-19,9d7f5648-4f47-4192-9d8d-78454c962bed,a7e91e1e-3644-4f3c-bda9-edddb9602a27,8,1,4.982096178016471,0.710136025627325
184cf74d-d625-414b-8ff1-454cc1d06c4e,2024,2024-02-20,ad741e6f-e15e-4f4d-8350-9973fa99916e,dd1136c6-9974-4186-b206-7e24f2bf7dc3,-7,0,11.405430356253518,0.8924487518328854
23f24b77-33c1-4b9a-9696-0cccb1b1d847,2024,2024-02-20,2fbd9d1e-084b-43d2-9c7b-10ce0782be7c,c71ebd72-5c90-41d5-b1fc-544e4695d9d0,22,1,3.6712630251885865,0.6056929638385453
45a0d62a-3a72-4147-9e97-d1f5ff51e0e9,2024,2024-02-20,a4bc2fe7-4083-4c33-bce5-6cac3e161a7f,dfdc9d0d-4a83-4244-9c07-9b3660ba4f6f,32,1,17.471048008957215,0.9524068572951967
50062294-1a86-47b5-80d5-14684329de0f,2024,2024-02-20,550c3333-8e82-49d4-b9c6-ae13db14a84f,2e49ce6d-63ef-45d9-9048-67fcdb01a46f,-5,0,-13.03651704085185,0.06540236154892728
6611b5f2-70f5-4719-b417-0f9d7ea4ffef,2024,2024-02-20,5fcb12dd-e3b1-4e57-ac30-33da456cd5db,b4c9b613-0bc6-4295-b293-3b56c2020f1b,10,1,-4.364338173726809,0.3543293349412802
6caae405-7f6b-4073-9941-96e200ca3e42,2024,2024-02-20,f916ec1a-cf31-4b3a-9d55-a8bdefbea199,5368fba0-1d0f-4310-9dea-c25c58762dd1,15,1,4.40555988719491,0.6318699819503943
764bdf8b-16d7-4158-87d9-c41d6a0b6086,2024,2024-02-20,fc7ccbd1-42ce-4200-b33b-0f8f3de48473,8cd2a215-aea9-48bb-babb-e5d8cf0cb9fd,-7,0,15.154939531240494,0.9496698976381804
8631725a-3965-4550-b198-80e0f2427b78,2024,2024-02-20,64c5c3a9-f1f6-4f48-b571-1de27621f06c,2f0bd8d9-4435-45ed-9efe-045f835c15a8,33,1,7.383073488480412,0.8159406683260294
881c22fa-d87c-460d-bb27-0c7e145a9642,2024,2024-02-20,73db7905-652b-4320-aac7-243f2f2f70a2,c51998cc-ad65-43ec-88c6-a0f160ff7902,-4,0,10.225962498900673,0.8245391590069184
8d652688-44b2-4097-b335-387d72071dd7,2024,2024-02-20,f18598d0-e0e1-4f15-95f2-e11df8bc3126,03a91d53-3b06-4e76-b037-9c97d09645f6,18,1,9.483860765333398,0.8902778294378185
97512821-66fb-4074-8ed1-2e1d8d18ef00,2024,2024-02-20,439b6cee-3be6-4471-bddf-f7cb8c69cc85,101749c8-ec05-4370-a95b-47f56c433623,-7,0,5.532956176272839,0.6823808388490977
a05ffa0b-067c-451b-9c28-28a4d310fe60,2024,2024-02-20,2518e2c1-28b1-472d-9fdd-5d97d9f1ea99,4494a75c-3ddb-41cf-b75c-67fb9c0537c9,9,1,-3.5505765061038765,0.37261654748662204
a25752b9-1b91-45e8-82f1-7b53bb9fea4a,2024,2024-02-20,529e7dc4-6b55-487c-84b3-598dd9941301,1ac84e49-be83-4e9a-b4a7-0fb0b7465b32,7,1,7.031504063537426,0.7385802738992386
a905bc7b-0d50-4a7f-8e8f-21fdc187f851,2024,2024-02-20,e42183ad-b44a-4746-8c0b-148ad61bab43,a66213c2-5ad6-4d77-a7ec-85700a223ed1,5,1,-0.5601698218543821,0.4968008306331925
aa0e617b-a2f6-449d-a0fc-d31872c6ce67,2024,2024-02-20,2b1a3f03-7d93-471b-be12-d487164eae0f,424f7a7a-158f-4ad0-adb1-4b3ebe25b11e,10,1,6.087253113283054,0.7462751458734558
b53cc833-60fe-4904-85a7-7cb8b7c21b8c,2024,2024-02-20,f3cf8061-767a-4873-9e24-5cc4c9a6a1b0,324e37b8-f52e-449b-909c-366c81488fea,6,1,3.8126886301985428,0.613175328432104
ba3ab0c4-eef4-4a49-96f4-a0eee868ad1b,2024,2024-02-20,228bf81e-d4c4-4b81-9b51-74ff2fd3f7c3,49f72498-1bbd-48b1-87b9-cc90196e205a,8,1,3.470081631908015,0.6347038610669103
bb359f70-e34a-412a-b338-081be006f36b,2024,2024-02-20,da6142ab-a5fa-48a0-b6ec-864a8119be75,125fc4dc-8f42-45a8-b23a-3e50f4620499,4,1,3.707936887433654,0.5972664322632953
c63f6559-820f-4f14-8fb0-fd334ae0303e,2024,2024-02-20,3a30d561-24be-4bfa-8d8d-75e645c4ad5f,4a01023d-3637-4ac5-bf1f-37c08b2438a5,19,1,-4.564992829309056,0.3061853525752968
c8e47fad-b3b2-469d-ad5d-8fd94ec05f4b,2024,2024-02-20,e72d1807-6463-450b-b561-c3727b286584,9f152b52-7847-49c3-83b6-8c68295d484a,1,1,7.100356441992459,0.7093733443434546
ceecff4c-c254-4d8e-967a-dcc60eaab78b,2024,2024-02-20,ea78667c-bf16-4084-80cc-2ab61a0e05d5,65cf0d8a-0a5f-4572-8516-53809f66ba44,8,1,3.2237835704153004,0.6180485606443157
cfb03f69-8a10-4c4d-b38f-86d05c1f798a,2024,2024-02-20,74434c65-ac07-4a97-9998-737791311fb1,8fce643e-75f7-4242-b565-2a4818e1eeba,-7,0,-0.9823769490200545,0.4525913586565094
d4dd6b01-385d-400e-b988-d48caac8fb21,2024,2024-02-20,cd9eea44-8a6c-4bd4-ad4d-74e461fdefd3,215ed27d-58e8-4e84-ab60-6d170d404304,4,1,9.30430066079902,0.8340855231248551
fa700998-4586-489c-bbe7-37e859882781,2024,2024-02-20,6c5c20e6-a076-4fbd-b77d-61a1c7a3c5a4,1cabfd4b-0114-490e-8d0f-1257cd7f0ae1,2,1,-0.028671304070651032,0.5083970828025396
fc801043-16d4-4988-8a9e-523b7c118943,2024,2024-02-20,f245c41f-897e-4985-9153-43034bb26bfa,19b40071-00ca-4d8a-8188-a03d635e9811,15,1,10.162310334520454,0.8987081050231587
0226f79b-f2b9-412b-8539-3953827bda11,2024,2024-02-21,c840b153-1401-4ebc-9549-e027df3cc7e1,7048a12e-ec8b-4bf0-a475-1316775a4964,4,1,-2.9026855415215045,0.35831234816345725
0c62198d-5c4f-4939-adec-09b151db9eb3,2024,2024-02-21,8a7ae133-e612-4f1b-911a-a72870f8b4d6,4e9aa968-9ad5-4833-b9a5-7d89b35976d4,13,1,-3.44411561424162,0.3560091108807408
0fc312c1-d335-49f9-bbe9-197bcffa8de8,2024,2024-02-21,60ee2d19-003f-4603-a2ad-838b3e6d6cc0,9b6f0f32-d8f1-4921-aad2-a16c420f3183,34,1,31.666712853237932,0.9881109932433958
11f551b4-7758-4e8c-bdb3-aa0210fc3478,2024,2024-02-21,79479954-cdbe-4601-a82c-35936960a7dd,69e6a4c4-bb68-4c30-86d8-3cf7d51c7db7,-5,0,-10.794083599316583,0.16592805590660986
150f8bb7-d7f4-4a69-8ef4-87301a1fa693,2024,2024-02-21,f48b0b87-86fe-4b7b-8bf3-9d541f495284,e1ef03af-e420-475d-8a35-c6e5380e9f6d,-26,0,-10.300300962853287,0.1501240399317364
158ca53e-d7b2-4a90-b27d-d4c45eace887,2024,2024-02-21,e06623a6-8f03-43b1-83f4-b653f6819ea2,25f32a40-1a9b-47e3-ab20-74659cba9520,-12,0,-2.9766657366609754,0.3730504609453423
26c76631-77be-47b6-ba63-fff9c1d50987,2024,2024-02-21,7eefd1e5-aea4-463e-ae74-c628b0fe170e,49c78722-1476-440a-9de1-896fb7b7db88,-23,0,10.49065843457436,0.8588567387992329
29ba24dd-5eb6-454f-865b-14cc2edb492e,2024,2024-02-21,2851d469-fe75-448e-9d6b-4bde7ec96e06,b9e1a15d-9de2-45e6-9fc8-b3444d1bc0b5,-29,0,-9.46434676433604,0.15840589959009263
2eb6da4b-2486-4f9c-a57e-9ca3c71a253f,2024,2024-02-21,2408f22b-e753-4c5a-9353-be75a4fb2164,db9d85a6-59a4-47ff-a287-b40442bf460b,16,1,4.649743682161551,0.6570755465280083
2eb98bac-c3f5-4dca-83ad-20fad2a07b71,2024,2024-02-21,d2ae40ba-651b-4006-8b22-61c6b9ce0e33,e7f5f157-7a33-43ad-8282-59e1c4ad9b25,-5,0,-15.014723900684006,0.03893162223304348
347f9086-0bee-4b88-b51b-f2a69d9666dc,2024,2024-02-21,ef75db17-4afb-4e3b-a928-30e871ec130c,1d3cac70-c7f5-47ea-bb26-00ba78e1acbd,8,1,-2.1306946628186734,0.380016445673994
3617179f-7fe5-4a2c-b8e8-04f89a2c4561,2024,2024-02-21,57144631-7473-4b46-a437-8e2d8c760f87,a839c106-a16a-49d3-a86e-aa5e068b76cd,-8,0,-7.108910689039964,0.1612522525634116
3745b75c-4de5-4c48-b62f-aa51d771f81c,2024,2024-02-21,05aedf2a-3424-4acc-9537-4d52dccd6e02,db374003-37d9-4d61-a3f3-7abec141d33d,-19,0,-12.088512339499276,0.11764823855365003
3ffb0ceb-4b52-482b-a765-4f5e14ecfcdb,2024,2024-02-21,2ed44d95-e306-4823-a4c3-196ffb777766,af6bf0c9-2e1e-4334-8982-93f14a35af57,-24,0,-6.527235403521529,0.25641844225151955
4ea00cce-0b35-47f8-b688-002266a996dd,2024,2024-02-21,35d0a28f-e3d7-43ca-90cc-daaf0b7c278e,632ba9bb-afd9-4b5c-9c3b-4e60816c8e4f,4,1,11.779761272879137,0.9097916715453356
4f2c6608-ec0a-4bb4-b017-e1080d1bacad,2024,2024-02-21,887d2364-968e-43c5-83af-c227595022bd,8044cdf8-5fd0-47d9-8a07-8a29b2ca7b9a,-31,0,-4.901157967470622,0.29151048871901897
505e2274-1758-4791-8588-94edf34a9af0,2024,2024-02-21,bfd4c500-09b6-46ba-81ae-48b13f8345ff,6d3e1830-dbbe-4e70-b7e9-1eb765f0acf8,5,1,6.152556743751,0.7790343459939156
5b9b94b2-e2b0-48e5-8aca-dffe475f059d,2024,2024-02-21,adf7b22e-19a9-437e-ade2-833bb31da77c,4aa110b4-c8f4-438d-b44c-2d6a5c74ab8e,9,1,9.315721004401954,0.8254829280779514
5b9f175c-8611-4d83-994b-a29edfafa0aa,2024,2024-02-21,791eb121-5f34-499b-a1ff-469bc9007fe7,76748a8f-7de8-46dc-b80c-a1a7fbcb84ea,16,1,4.645646263197045,0.7434938495536815
61e4edec-9c48-44e1-9322-75f06556f620,2024,2024-02-21,fd495afa-fc22-4081-905c-24f40ff2656c,4b83e4dc-410f-4835-a8a4-8ccffc29e016,-22,0,-2.3875540347429247,0.3798879059932521
6a334f1a-e37e-4d14-9c05-2ee112027df0,2024,2024-02-21,7d57c2ad-190c-4c1b-8987-ab2007a42023,312a943b-3a6a-4f8e-96a3-02cf6ff38b41,-7,0,1.1553302724613659,0.49140635467372235
743e523f-cd04-406f-9634-2af6ce24b18b,2024,2024-02-21,d74a1fb4-3afe-43b0-9bd1-7e0552ba73ed,2aed7aac-f38b-4fae-84ae-9e9c9ac71a3f,-15,0,4.035241987993052,0.6659148012177863
7af5999f-ebb1-4ff5-91cf-7746aa8be74b,2024,2024-02-21,33176e8c-5f9d-4bcb-8c56-9a0a5f7d7f1c,22ae415e-1335-4b89-a126-bbc7a1d7901e,6,1,0.6571330866938226,0.5061836643340026
7b36d821-c2a7-438b-b63a-62e7a83bfed9,2024,2024-02-21,c3681649-6e1d-4bf8-9b47-1d2868dca3e9,bf4f25da-dd8b-44d4-a4b7-4671b3c37db9,-19,0,-18.526679956417418,0.03706057624708758
85d7a9c0-41f9-49f2-a2a8-791d3d4a9ff7,2024,2024-02-21,00aed6ff-2151-4d45-8b3c-776ebb0a51da,44e2611c-d02d-4019-b2f5-da0e4ad35df1,5,1,2.9265491511009696,0.5304276516322234
8cefbb57-c166-4067-b3d2-03116c9f61df,2024,2024-02-21,b255fc28-3428-4006-adf1-9c1001ecb1a3,f92587ee-8d25-4b09-9a60-6203f75c974f,1,1,-3.429927896235788,0.3593058083857568
9690f516-dfa9-4b1b-900b-257bed9bbdaf,2024,2024-02-21,155c1dd9-ba93-42ee-a28c-238768724494,384d8319-2770-4b9a-bb32-bd4da034d104,12,1,8.426252734436108,0.7675874237550508
99bbbf32-3a2c-4386-af45-3d7e8e55cf0e,2024,2024-02-21,b7f069ed-b9be-4147-b87e-fe1bef8386b4,6068f6c0-7e92-4dc4-9da8-1bfbdb60cf2c,-15,0,-4.108055543826164,0.33394515970766275
aaa2f106-f42a-4486-b5a4-5bb8d257e977,2024,2024-02-21,4e9067f6-7760-4a2a-ba37-273c77915540,2dc64ab1-cde8-49d4-a343-298600450708,24,1,10.612916079582003,0.890484205570522
bd4ad318-e54e-4fb3-85eb-7e2cccda635c,2024,2024-02-21,58617cc8-94d5-4f69-a677-9ab4cdc52a33,bc3f184c-a2c4-4518-89d1-f58ee454b86e,13,1,20.111987855438404,0.9785821977645272
c2467a35-dcff-42a7-9755-0e2f0e4050c6,2024,2024-02-21,9ccf2901-b49f-4aa3-8a4a-d59d017dfabc,cc07b31b-464b-4cb9-89d2-ac26ffe3e5f4,2,1,0.9842660128653854,0.49063488291454643
c4036f43-68bf-40c8-ae58-cc5fb7bc8b0e,2024,2024-02-21,e8e72618-33f8-4013-8305-43775a278752,9c1431a3-21c9-46c9-8335-1b85a6022223,-4,0,8.192662136620692,0.8150894801216407
cd35c1c5-eefa-4102-907d-0370e27deb68,2024,2024-02-21,abad6a22-9569-47ad-9945-a6ad9345c30f,da828fff-cee9-4151-bc4d-983ee436f573,15,1,9.50033064766653,0.8455038454275023
d2db4b14-dd4d-462e-b96b-9cf43ba64be7,2024,2024-02-21,47b967e4-0689-4d1c-863b-9d82c6ffbfcd,5bd874c9-de44-4954-a4f6-428ed3fde8a6,4,1,4.303993074599076,0.68176624512916
d9c6ce67-a2da-43fc-9065-3af952be7daf,2024,2024-02-21,dde8f534-10a1-430c-af83-43b026e7ab68,dcf85f3b-a79b-4a61-9cd9-d6a90541bf3f,2,1,9.732110547006613,0.8472270517233461
de1dd7d1-251a-43bb-87ed-202a0a587687,2024,2024-02-21,e6b0799b-abce-441c-929c-964306f8fc27,dedb6ed5-06d8-4ba6-a1cc-e3134a2c7937,8,1,6.258744819606346,0.7569409588496218
e5e99eb3-1149-4747-99f5-ed77ec893114,2024,2024-02-21,45959b35-f1e9-462f-aecf-565395a6fb6d,4c4cb93b-7b16-46b7-9d21-5ff908de25a6,-29,0,-10.962230396859082,0.12842903434731215
e89f3b19-e0ab-40a3-88da-4a8c22185562,2024,2024-02-21,350fe1ba-284f-4709-8cdd-3f745fcff0f8,ede9d6c2-b888-41b7-8674-8638c41d2034,-4,0,5.132052241837512,0.6991970626419074
f0a49ee0-536a-48f8-a0b0-8b7aab1e3c46,2024,2024-02-21,5ace87dd-23fb-4317-bc7f-8d80556ae6b4,25912c1a-f2be-4c07-857a-5eef6aadebda,-24,0,-7.665865846589711,0.2072514207638855
f2b80009-08f0-4292-a645-301edc228750,2024,2024-02-21,4d3124e9-6470-49c6-8f2f-806813c60883,05f1d3d6-8079-4142-beb6-628fd19c74ca,-3,0,5.6994482794056465,0.7299623257225161
f66dc361-8c4f-4179-903a-35bbad7a9de8,2024,2024-02-21,a2069f0f-fd2c-4971-b3da-6ba010532fcf,17a3b4e9-cfab-43a8-b7ad-73508d4d890f,-23,0,7.1245233352057635,0.7846380485494553
071d6920-b96e-4c14-a786-e6c150b174ee,2024,2024-02-22,a4e0b7c0-e98b-4e65-9408-e26a9aedac8d,375514f8-f93e-4eec-ae0b-6615ec954e45,-19,0,0.4252770546222168,0.5377295517591247
07bb845a-1b51-4619-8bc9-1cfdd6552d2f,2024,2024-02-22,39decbb3-b24d-444c-970a-39aa53a01ef6,b1cbdf0c-474e-4b52-ae02-f856ceda214b,-1,0,-5.391893613740394,0.2955068531052171
0a5d769b-b4ac-4207-82c3-766b3ecfc930,2024,2024-02-22,2ca82167-d915-492e-98e0-4ee592960583,4928acd4-6738-4045-be81-20132f6471c8,8,1,1.5191277410252164,0.47997087488319923
0d384e76-f0fc-44ff-920a-2a1f09360b79,2024,2024-02-22,ea8c66b5-8fe3-41dd-a56a-b85bfdc613c3,f162ea30-6b86-48f3-bdc5-48c97448256c,3,1,-4.6444557875575185,0.33817271757202266
0fae121c-1bcd-485d-ac2a-a57f8d889a4a,2024,2024-02-22,b20b957b-b406-4f6d-8f7a-2f88e3b49bd5,2acb9682-4dbf-4e25-82b3-0124cb5c07cc,27,1,9.853009910436882,0.8604995483222315
1353e278-9ff1-40f4-8691-efbe8d2c4546,2024,2024-02-22,16aca559-5828-43a9-ada9-f35f973f4863,df1d6c5c-77eb-4d21-b5dc-6cd579f74d2b,-15,0,-13.049593064910354,0.0649323841282048
1a12a470-98b1-4860-9fbc-979a5048e181,2024,2024-02-22,a9569511-9e5c-45d1-b958-3e29c52f612e,1394e3ce-706d-4097-9aaf-cad5d38aa5a0,14,1,15.313837137337684,0.930019558182629
1d3cc394-b96b-4300-b890-d54a0dd5f544,2024,2024-02-22,73a80df0-15db-447f-b97c-418cc82a508d,fc7ccbd1-42ce-4200-b33b-0f8f3de48473,-21,0,-7.0634360148734325,0.2640847255675962
2e83bbfe-6bf6-4347-891c-775bc100faec,2024,2024-02-22,65c68c5f-fc3b-4781-a912-2a4b17be699e,6eb0ebaa-8c99-466d-8fad-68b897f2a9e2,-21,0,-5.985878129939234,0.24305321976614308
318a5c92-0fc7-4482-86c7-c09f1f182193,2024,2024-02-22,4e6747c9-6a64-4fc5-b96c-e38ea635f22c,051d13dc-5152-426a-affd-0cf01ef80268,6,1,5.480279213929087,0.7278020915070422
37d51d24-3d68-4a83-856a-f43ecb71a2f7,2024,2024-02-22,e0cc707c-bdef-43a1-a3f0-c1ddfefdadd3,717f3cf5-bc65-4a66-8f05-191decfbf380,5,1,-5.486845652893887,0.24940752768385357
3e263d16-0b84-4526-a087-009ef53938cb,2024,2024-02-22,f9c26112-b1ea-411e-b273-e74e8ce3f1ff,113341aa-9630-4951-b161-71419ed62dbc,-8,0,1.7977501639773696,0.663907128490645
3f5910ef-1ca1-4342-8fd5-549b952474ca,2024,2024-02-22,993f004a-13e0-4079-8706-332aafab29c2,730db31e-4fab-472d-bf25-7b882deff0b7,-24,0,-10.828866396029715,0.11522834460628198
48be616e-13cd-4f6c-87a7-3acfe1dce94f,2024,2024-02-22,638757a6-508b-49af-b5d8-661c0059c04c,2198dbfc-96fd-40be-99e1-e697e4c3d996,8,1,2.3300881104891076,0.6237300340465503
4a254c5e-8a66-4602-a967-5a096764552d,2024,2024-02-22,f9a8f2d4-c836-4b2d-a4f9-47f73b8c033a,a7f405f8-389a-4a00-bb71-6d07d48f4fe8,13,1,3.423065330398965,0.7084263395664534
4dd2bddd-f168-4126-85b3-7a6c2f5abda4,2024,2024-02-22,7af1094c-c99d-43dd-b41a-1b72a81abfb3,7da2e7c8-cee3-4ff4-be74-58d324c5ff71,14,1,-6.911754803684286,0.2589336487979733
4e413e97-c875-4f24-bb8b-e2fb4b27fa00,2024,2024-02-22,09fca7ef-baed-4af0-a553-465ae1160049,b80e54ae-3b74-40f3-9954-a1b0805cd1e8,-3,0,11.293331647120109,0.9061097905558642
4e4f0fa4-fd8b-437e-ad8f-58bb7089bc88,2024,2024-02-22,8a753611-1c3e-422d-8c6c-5721763b5574,e9813fa7-c976-4ad4-a455-2f05235e93cf,3,1,7.327439539046143,0.7982642196946715
57ae7ca3-3977-4388-a0ba-0077b500ead6,2024,2024-02-22,8c121ba7-b028-4d29-8ac0-bfc3c1ff7b57,c05bd27b-1eb5-4bfc-b1ec-29735fe183f2,10,1,7.292247152246471,0.8091542048401497
59b5dbff-cb64-464c-9853-262b04ea36a5,2024,2024-02-22,b2d5fddd-b407-4fe6-9d70-e921ab7b7e1a,d7b7310f-6983-4a09-bb56-fda96e9f761d,10,1,8.390720449107983,0.7954724616975974
5bb5066e-b26d-4009-a14c-6e1bb5f441fe,2024,2024-02-22,5f480384-0cfc-4e90-837d-db9cc8d292dd,b1b6c3d6-c825-484c-a8fd-a4e0816d19fa,-12,0,0.9365341689934162,0.5913599474389077
5e9e20c0-ab7d-4997-afce-17e7ee24e87f,2024,2024-02-22,6cc29af2-0d45-4399-b571-caa43e20e554,c58c3009-46ec-43bd-b27b-b0d683ab2cad,-4,0,-7.6211074990170005,0.27118132903809916
6897cf30-101f-4c2c-a842-2d4e0c4b5bc2,2024,2024-02-22,0b751b74-e572-43a0-b324-54eeefac4d5f,4b962e36-92f2-493d-a9d8-e62b725d5b76,-16,0,-9.369086550869609,0.19503473791385903
6eb1b4ba-c363-4b17-a6fb-a7b31707d74a,2024,2024-02-22,e5fae797-082f-4354-8c20-2c1c22c6ac8f,45e40bdf-5c84-42ca-84d2-a823db0b6609,8,1,2.878522259705849,0.608326283171471
7037507d-645d-4eae-9ac0-aa998e41ec0d,2024,2024-02-22,0b950934-3f06-4a8a-9251-83e3f1827e68,2493388c-6fee-41f1-90b0-e82a447a607a,5,1,12.257095942082808,0.8862961477623498
7b8d0ab4-6445-4992-87d3-8783d868c794,2024,2024-02-22,6474358a-819c-42e6-92d7-0fd3ce20d239,dbfecb75-86bd-4650-9fc0-4d85eaeabbbf,12,1,5.211113804886749,0.7111303305333213
7d2276b8-ce41-4f28-82c5-22c32514abfe,2024,2024-02-22,7f15159e-f7a6-4016-869b-962879f5c296,48a6c30c-21c1-4d12-ac7f-590a1fdb0238,-2,0,-3.8866621059324387,0.30204686436953565
81571c7f-0b62-4fbb-9797-072603170c3c,2024,2024-02-22,e3158bc2-1467-4311-8540-c4f77e10aab2,bb505898-cdd5-4c4e-9ea1-301ff6a4b981,-14,0,-5.856178619778873,0.3521308088428768
93f2067a-b17e-4810-87bd-03a55a258b89,2024,2024-02-22,89dd92f7-46c8-41a3-be81-ecb12f1cd4c7,b1937cc6-0f34-4060-82ec-b2bfe4c05aad,7,1,8.154450555916533,0.8246888597005163
995969f0-382e-439f-af8d-5ff11cf2eb9c,2024,2024-02-22,cd369794-6765-4889-bd1c-89869447620b,853125a0-ce88-45ba-9815-9387fac3d278,28,1,17.50480064368113,0.9787398986458372
99870d68-b541-4028-8752-431e3bc42dad,2024,2024-02-22,e5bf7042-0036-4e9d-81f3-3126a9675ce0,7fdeff97-4db9-4c33-9fc6-9f03bd977d30,1,1,6.703230099663776,0.7158231958675038
9b1321d2-ae27-4097-8aac-ce4b8287c407,2024,2024-02-22,0d6ccccd-6ee7-4ed7-a231-381c6b268e2b,cb1440b2-adac-4775-96c8-c4f00641d353,7,1,8.387893571037885,0.8515898050694203
a0ed1012-eccf-4dac-9437-48a2617b6fe2,2024,2024-02-22,639774dc-a89b-435f-80d2-4c65549fd3c9,0c2a9ebe-8c6a-44ec-8643-1dbac7642ab9,-6,0,-4.646324146341266,0.37160923450004474
a4686496-1874-40d1-8995-66b31c4f5058,2024,2024-02-22,63627b20-aa4c-4e0d-bcfc-40a5fe150e8a,da6b8f1b-a85b-4303-8500-c640c0d3132f,-7,0,1.5892526389372907,0.5908962034019939
a7855d96-ca95-492d-aa66-20faa89c114d,2024,2024-02-22,52739295-a20d-42ea-b09c-a1e17be40d02,7f63e419-1d15-4c08-84b6-dc393ca0146a,-16,0,3.4004308124450278,0.6384268457980863
a8129f61-90bd-469e-8d31-9cd8426d10d9,2024,2024-02-22,8b8c3790-682d-4010-b304-45ce213ad62f,ba033ab0-c07a-4b71-b7f4-243ae194d23b,-22,0,-11.587431155964119,0.1259013118956866
ad365557-c2e2-41e5-b2eb-d9fede14c516,2024,2024-02-22,f93c4c92-e869-45e6-8970-2a02d80141c9,eaac3de1-dd32-49d9-abe3-f56bbff80cde,-15,0,-11.5547603563533,0.061784648585860844
bb13aef7-bc95-4fe7-aa62-84568d95dd7b,2024,2024-02-22,d7bc8ff0-3522-40a8-8309-346e8b4cf9be,3280e439-7a98-4ebd-95dc-1a1281ccab00,-19,0,-5.805098683771722,0.2969577699110515
bb654bf2-b954-4b30-a381-fc937e3e18f6,2024,2024-02-22,f2e0429e-8513-40eb-b536-1aca6697aee5,3e3e940b-dd81-42f3-88f8-4e988278be04,7,1,-5.402303507175122,0.34152256864062724
c1c78055-242b-4011-be88-130bf2f47686,2024,2024-02-22,2607ab7d-2f54-4540-9b2e-d27703407118,2f2d6799-40af-4256-9dd9-412be50aa14f,14,1,11.615569693438799,0.872971113962363
c862913f-8ed0-4aed-8805-5dc007f293f2,2024,2024-02-22,31108a77-31cf-4228-9c6c-3a9665e9e17a,7747d9fc-9e15-4b0f-911e-ba64828748ed,-21,0,-22.849954910058788,0.023673454430530476
cc2e685f-c78c-4cb0-a930-a8865780f326,2024,2024-02-22,9be057a5-becb-47b1-b84f-041147698411,8ce6b3fb-8bb0-49b5-acaa-caed76d542d7,3,1,1.354966104879746,0.508547588131956
ce1774f3-12f7-4bf6-a703-5eae950e1281,2024,2024-02-22,a4f24556-d2b0-4bc3-bd21-758340750c58,2ba07bf8-0306-417b-b7fe-b2d29b7d0eb1,12,1,13.401473464413973,0.9150185575008346
d2f92640-7e13-4148-ac80-af02cc35e8d4,2024,2024-02-22,10a27e98-10ab-4397-bb74-d3a92cc590dc,7ca95dca-8ca9-42a6-b9a5-307d339df9b7,20,1,11.526332623168882,0.863666053571998
d787c7a6-9993-44be-9d09-b4f4f514d42f,2024,2024-02-22,14393a14-3128-4184-bf05-72f6bf2a357b,48fce6fa-2dd6-4fad-b5ca-cf5cccdc3fa1,11,1,16.5526278585803,0.9684089291746188
d8cfea60-aa41-4b80-963d-7112afcd5ab1,2024,2024-02-22,d8cd723a-1d76-4abe-be2e-516e52724947,873b654a-5825-415c-8a11-5e5b15bd2ac8,19,1,7.849837597451714,0.7242291237996076
dcec3ccd-1f94-4551-a921-52d6ee4d259c,2024,2024-02-22,df2a7293-fc74-4f81-a93d-98c8989ea725,312cd404-9fa4-4f04-b8b0-cfed95e31398,5,1,2.1309900507003965,0.5824548339549392
dec8a6c7-097e-4e97-88dd-bd5728edbce9,2024,2024-02-22,2f522e9f-f586-4f8b-816f-a83d9e6231fa,644a0213-9ca5-4238-af33-7c8ed45fc88b,9,1,-3.019850548008632,0.3647814251705715
e3f9cabd-1d62-485d-8687-1d6de9883ce2,2024,2024-02-22,268a2907-58d0-4693-98bb-a6cecdae1c63,38cf12f8-b27f-4c69-8f14-254930816a8b,16,1,16.307783886811233,0.9477702568399844
e5fe8503-2ec2-43b9-80ad-c5dd181324af,2024,2024-02-22,3bdd846d-463f-4ddf-8719-13ed1e3f2634,f5583f43-2ae1-4834-b364-107222763dde,-1,0,2.7178473098547014,0.6126675485310741
f41b4e9a-a313-4d5a-8590-22103e270d97,2024,2024-02-22,79bf464f-0d3a-4992-b310-86d2abbc2244,4eaf68c0-dd32-4705-8f2c-1c1dd2880a74,-20,0,-9.398779473532532,0.14845945645646494
fa37356b-9287-4176-b4b6-76eca28144e1,2024,2024-02-22,9341db15-6a24-4506-804b-e37983918ab9,696e6eb5-b8dd-4d44-8780-1e6c678615bd,2,1,6.343433813676069,0.7128314541534674
fae238f5-3f2f-4259-a1fe-8ef00f61c7e8,2024,2024-02-22,8e26bcb3-616b-4c7c-a709-bf30d2ddce41,88fe7301-2d1a-43f9-ba01-e8f7795634b5,5,1,12.867621800940919,0.8954030514088558
fe1a962d-79b4-4886-8f49-d41e010bca5e,2024,2024-02-22,c58166c3-f02a-4e33-9fd0-9fa7b0711d94,629710d8-479a-4efa-b5f3-d77767ddce70,6,1,0.48693827112958565,0.5587627403285997
0296b189-a09d-49db-b8c5-88d67ae73296,2024,2024-02-23,f6d188d9-c992-4de8-801d-4995b25abaae,a64af70e-61a8-4777-8e8d-9a7815f78f3e,3,1,3.255731972137046,0.5641445503231812
29914773-443b-466d-a2b8-a1acf8570328,2024,2024-02-23,f73ebf9c-90d9-4d66-b403-056ea4ea6b30,8ae6c27f-063b-4e7b-bbfb-653f496560d6,-2,0,1.4931316322322996,0.5844567231674497
3754e3f0-2491-4d4f-a96e-f9ba8911b848,2024,2024-02-23,d8e747fb-453e-4894-9a8f-08598fead336,82ee0a8d-e51c-4a87-bd7b-72707ec8b342,-7,0,-6.50692678581541,0.29501518761328677
5b82b9e2-6dd5-4c64-9a4c-5e1e1ed5bb34,2024,2024-02-23,401408f8-2ce4-4ef1-97c2-5a68c979ec7e,9611a021-de39-4ca5-8188-6387e4c99fbc,-13,0,-4.4185304824097615,0.3272701207243091
6d4d8173-54f9-463b-9e53-cb1256925429,2024,2024-02-23,f1cb5c3c-2ff5-444d-8c0d-5c1244f07909,89949731-8bb3-45c7-a6f6-798934261b61,-13,0,-7.115420708718362,0.22684111316252992
a56937a8-453a-421e-84b5-b5d9be275643,2024,2024-02-23,49f72498-1bbd-48b1-87b9-cc90196e205a,324e37b8-f52e-449b-909c-366c81488fea,13,1,1.2722001040448476,0.5407529378905355
c24cee95-9fcc-4f83-abc7-22a3fd783d19,2024,2024-02-23,5320f527-fbbd-4bb0-80d3-0de759475d59,9b465025-fe2a-4233-b24e-310dbccdf4ed,10,1,6.052287942231776,0.7009719549166924
c2ed3d95-c027-4b0f-b119-f2e333bd0c6d,2024,2024-02-23,04119628-781b-40f9-ac7b-3c8fe82375cf,238b3f68-0b29-4056-97f6-6c10a093cd62,12,1,0.4176607110964029,0.5136554782392789
c7adeec9-80db-436d-8c61-87c783aa22b9,2024,2024-02-23,1acd2c41-6945-469b-b33f-3c7b30f8359b,ed50f577-3ab9-4627-80f9-bc931ee42370,-4,0,4.826215369739973,0.6885625986570126
cadebb86-c614-4843-b3e3-07790485c97a,2024,2024-02-23,686413d2-e94d-497d-a87d-ab911ac38ec7,8925b65e-4ce2-4ec3-b501-c0075fe06b52,-26,0,-4.534276959507678,0.27653835567252516
cdf57d25-b34f-4767-994c-8c236116f0c6,2024,2024-02-23,5368fba0-1d0f-4310-9dea-c25c58762dd1,f245c41f-897e-4985-9153-43034bb26bfa,12,1,-4.072997176661338,0.36371289995513256
ce6a8ecd-41c6-477e-bc7e-d29ca240ff99,2024,2024-02-23,e250c58f-f6a5-4da7-aff3-c6770b9a14da,ec7d9da7-9286-4c01-98ce-3a10ec231612,3,1,3.402301346637754,0.656538622281582
e087d3e2-15f5-4f56-a5d5-c8c5c0181ca5,2024,2024-02-23,58bacfff-257f-4f54-bb05-241bd6353626,0c8ee784-d7e9-4ac4-b0c7-3ca89567c515,-4,0,3.2067021143800525,0.6429940030406487
ed8e7756-730c-4a68-add5-0e5edcbb8074,2024,2024-02-23,1cabfd4b-0114-490e-8d0f-1257cd7f0ae1,228bf81e-d4c4-4b81-9b51-74ff2fd3f7c3,8,1,0.003650924438876095,0.5256760295904495
f477b4dd-aca0-4c30-978f-c9c3a64397e0,2024,2024-02-23,dfdc9d0d-4a83-4244-9c07-9b3660ba4f6f,f18598d0-e0e1-4f15-95f2-e11df8bc3126,-21,0,-7.017977286228468,0.24854022022685293
036b38ff-7f62-47fe-90e9-ed3be6b32d6c,2024,2024-02-24,409dd213-f612-4ab7-a0ae-8060dd9a6ef4,0b9bc135-badd-4fc9-b7bc-bebccb08cbf1,24,1,6.066255875220189,0.7605840205772055
03e3cbdf-760f-4abd-8ae9-fec3864355a2,2024,2024-02-24,e308f5e0-c422-490c-901a-575bb49f1c7e,754d9f26-9ca3-4bb8-8aa3-065bcf9ec6df,-6,0,8.798873734663196,0.8576373090206802
056dc96e-99d2-4c68-89cd-1463932b9985,2024,2024-02-24,401408f8-2ce4-4ef1-97c2-5a68c979ec7e,89949731-8bb3-45c7-a6f6-798934261b61,-12,0,-14.774512772353788,0.05580935458764632
07fed6ce-b602-4f11-af26-5b1ab0eb6091,2024,2024-02-24,51a31921-d3f2-4514-821c-23df38e74559,5052a2f3-f41f-41e4-a681-c6277fec0404,-10,0,-8.776837875679135,0.1932874270430128
0b06cacd-bc82-4c32-aa5d-ec77bf7e51ed,2024,2024-02-24,0d6ccccd-6ee7-4ed7-a231-381c6b268e2b,312cd404-9fa4-4f04-b8b0-cfed95e31398,9,1,9.282728650247352,0.8266455701542416
0f7c18cd-bf43-4df1-a7d5-3f4791b4d688,2024,2024-02-24,ad9b8341-2ebd-49c4-8bf9-bf5d4811bc0c,824aff8d-6409-4191-9ffa-e2daa335b7e1,-6,0,2.769216823249095,0.659969735211714
13375236-844a-49b8-8a22-ed274493f1f0,2024,2024-02-24,8e26bcb3-616b-4c7c-a709-bf30d2ddce41,629710d8-479a-4efa-b5f3-d77767ddce70,-18,0,-0.10945623302006953,0.48508935138317827
13ca5e96-f11f-4454-97ef-f866508a01fa,2024,2024-02-24,a2069f0f-fd2c-4971-b3da-6ba010532fcf,4d3124e9-6470-49c6-8f2f-806813c60883,9,1,8.070292983279955,0.8124030153213343
13dd3275-5da1-4038-99c6-645caf161062,2024,2024-02-24,1d3cac70-c7f5-47ea-bb26-00ba78e1acbd,abad6a22-9569-47ad-9945-a6ad9345c30f,14,1,-4.077062210073142,0.35902730550393036
15309736-3d5c-4f16-8c8c-5704c1f6152b,2024,2024-02-24,7f63e419-1d15-4c08-84b6-dc393ca0146a,00aed6ff-2151-4d45-8b3c-776ebb0a51da,6,1,-0.255354372625029,0.5194759516742483
159cb849-68f1-40a7-a879-f59d8d04eabd,2024,2024-02-24,74434c65-ac07-4a97-9998-737791311fb1,f3cf8061-767a-4873-9e24-5cc4c9a6a1b0,-21,0,-5.446804714861347,0.26314439770327036
16c85604-3c16-4d26-aa9e-b35c442f9d51,2024,2024-02-24,8b8c3790-682d-4010-b304-45ce213ad62f,730db31e-4fab-472d-bf25-7b882deff0b7,-10,0,-8.39561732048833,0.28664341481081784
178fcabb-c97c-4d99-a332-f2335f7fe7b0,2024,2024-02-24,384d8319-2770-4b9a-bb32-bd4da034d104,115916ea-f145-4974-a257-5bb24f7c1ccc,-13,0,-1.381535346670284,0.46911450962933726
1a08d0e0-576f-44b9-aa93-32f62f7218a2,2024,2024-02-24,f2e0429e-8513-40eb-b536-1aca6697aee5,2198dbfc-96fd-40be-99e1-e697e4c3d996,-6,0,-8.163627511825956,0.19186195766491446
1d311442-58cb-41d6-8c46-cc838a592bac,2024,2024-02-24,c58166c3-f02a-4e33-9fd0-9fa7b0711d94,88fe7301-2d1a-43f9-ba01-e8f7795634b5,10,1,12.793779235237844,0.9219922499493399
1dd97fff-194d-44e1-bc3f-e9c1fad9b6fb,2024,2024-02-24,268a2907-58d0-4693-98bb-a6cecdae1c63,0b751b74-e572-43a0-b324-54eeefac4d5f,13,1,12.474448267875134,0.9065959752708337
1e50e0a5-a4c1-47a5-bbe3-86880837ad22,2024,2024-02-24,10a27e98-10ab-4397-bb74-d3a92cc590dc,92b76481-ab53-4e96-a0ec-5f522c031417,28,1,20.392594069458216,0.9739161625935329
1fad2769-4a30-4305-88ea-9cc9bdfa99d3,2024,2024-02-24,371811fe-0533-4539-97b1-b56f642d0fd9,26d69f75-49a0-4d07-968b-2b549e059c24,-14,0,2.7853149352086697,0.6082853232113555
214a91ad-8c59-4dc0-9d0c-83acd6d48635,2024,2024-02-24,c58c3009-46ec-43bd-b27b-b0d683ab2cad,e5bf7042-0036-4e9d-81f3-3126a9675ce0,5,1,5.506867018660724,0.7260649249831524
245e6eee-e1b2-41c5-b518-2b54eaed8805,2024,2024-02-24,cd57c823-e9d8-49c1-bbe2-af9da08499bc,f1c92057-9fa5-4bdd-b404-96dd624192b3,33,1,11.296210186788803,0.9114360480986939
249eb771-fb5f-4004-a69f-54ffc3c8de02,2024,2024-02-24,09fca7ef-baed-4af0-a553-465ae1160049,48a6c30c-21c1-4d12-ac7f-590a1fdb0238,16,1,12.999347548373764,0.9200232910802427
254029f1-8e75-427d-8905-62e7a5321d46,2024,2024-02-24,2fbd9d1e-084b-43d2-9c7b-10ce0782be7c,4e9aa968-9ad5-4833-b9a5-7d89b35976d4,-8,0,7.54092155569677,0.7982925293414487
25be6835-4300-4d03-8da9-776e92c4446d,2024,2024-02-24,2e49ce6d-63ef-45d9-9048-67fcdb01a46f,ad741e6f-e15e-4f4d-8350-9973fa99916e,35,1,8.000285177840142,0.8399510221731281
291db76c-327d-4968-ae85-a7220163d471,2024,2024-02-24,05aedf2a-3424-4acc-9537-4d52dccd6e02,c05bd27b-1eb5-4bfc-b1ec-29735fe183f2,-23,0,-12.635884753451837,0.08862592212082233
29d85b10-b792-41c9-81f5-a41e715de84e,2024,2024-02-24,44e2611c-d02d-4019-b2f5-da0e4ad35df1,52739295-a20d-42ea-b09c-a1e17be40d02,-1,0,3.7855296948308634,0.6088866454061068
318be980-9817-46ee-b75e-277062e85bf6,2024,2024-02-24,5cae196d-fd0c-4944-8120-41d5abecb290,79479954-cdbe-4601-a82c-35936960a7dd,-2,0,16.283375028121494,0.9452663224792875
40aab003-dd92-42f1-aff5-266a658e8204,2024,2024-02-24,dedb6ed5-06d8-4ba6-a1cc-e3134a2c7937,071229c8-25a8-4fd7-87a3-c30d0a95671a,2,1,-5.0622751124009495,0.2850860249185364
424d8185-b841-475e-95f6-49bd4f6612d4,2024,2024-02-24,2851d469-fe75-448e-9d6b-4bde7ec96e06,5ace87dd-23fb-4317-bc7f-8d80556ae6b4,-4,0,7.58323022018457,0.7924195800905856
468d76dd-ba6d-4a02-b436-87acfedff894,2024,2024-02-24,1c1c3846-4bad-48b3-b8be-dba7d24af981,a66213c2-5ad6-4d77-a7ec-85700a223ed1,-32,0,-14.598362147907856,0.07291450160590462
46aefad9-d6b5-4168-89fd-6fa60288ac5b,2024,2024-02-24,2deaf391-9719-4c95-bb3c-acc6f8baba86,6c5c20e6-a076-4fbd-b77d-61a1c7a3c5a4,28,1,5.0162392899443935,0.7135531892682613
47814fdd-e86f-406d-9b84-b9465f4b9a08,2024,2024-02-24,db9d85a6-59a4-47ff-a287-b40442bf460b,2dc64ab1-cde8-49d4-a343-298600450708,2,1,3.3786804163116044,0.5841076469730546
4bc5db54-bca7-4574-8226-8c060d55fd10,2024,2024-02-24,1ac84e49-be83-4e9a-b4a7-0fb0b7465b32,9d7f5648-4f47-4192-9d8d-78454c962bed,-6,0,-5.870202344626651,0.2030563838710473
4bcfa4e6-c8e3-4de9-84b6-8b937f529e88,2024,2024-02-24,f1cb5c3c-2ff5-444d-8c0d-5c1244f07909,9611a021-de39-4ca5-8188-6387e4c99fbc,4,1,5.412536379948453,0.7318867548972919
4d73ed3d-3ff7-4643-be2c-8efb7e613648,2024,2024-02-24,8a753611-1c3e-422d-8c6c-5721763b5574,3a4357d0-0685-439d-863f-f854c35e4c42,8,1,5.571484974299934,0.7073981661356209
4efaec44-2024-4707-9ba9-89d6f0ec2339,2024,2024-02-24,bc3f184c-a2c4-4518-89d1-f58ee454b86e,22ae415e-1335-4b89-a126-bbc7a1d7901e,-33,0,-17.862265058840002,0.04384088029267146
4f24edbb-ef36-4408-96f4-d1809808cdf9,2024,2024-02-24,f92587ee-8d25-4b09-9a60-6203f75c974f,bfd4c500-09b6-46ba-81ae-48b13f8345ff,22,1,0.11858660642380073,0.4400363048522527
5106410e-2ebd-498a-a16c-aa370d129d23,2024,2024-02-24,8fce643e-75f7-4242-b565-2a4818e1eeba,4494a75c-3ddb-41cf-b75c-67fb9c0537c9,-2,0,5.5759953618269265,0.720829480865292
5164e71e-15c3-47d6-96c8-4b34cc9c132c,2024,2024-02-24,7af1094c-c99d-43dd-b41a-1b72a81abfb3,c79306a4-5139-4f8b-8b55-21b42e22858f,5,1,-0.8978010309394414,0.46017006966691093
53993d18-a3c7-4777-be29-95718bae2ca8,2024,2024-02-24,493c2e9c-ef36-4b2a-8a7e-32c890e85a4d,546e1911-9caa-499e-92f4-afa9c6b1e8c2,15,1,9.222254875107367,0.7897494175096337
56886aa1-a635-4127-91b8-bc364cb3f119,2024,2024-02-24,dde8f534-10a1-430c-af83-43b026e7ab68,58617cc8-94d5-4f69-a677-9ab4cdc52a33,16,1,7.505981301601777,0.8274144148228642
5f575ca3-08f7-424b-bdab-cf6493195d5f,2024,2024-02-24,dd1136c6-9974-4186-b206-7e24f2bf7dc3,550c3333-8e82-49d4-b9c6-ae13db14a84f,15,1,4.349899888767073,0.6503964586430524
5f76fecd-5dff-429b-b12a-428b37af7f94,2024,2024-02-24,af6bf0c9-2e1e-4334-8982-93f14a35af57,ef75db17-4afb-4e3b-a928-30e871ec130c,3,1,12.7624755147604,0.9176000028351657
604277b5-c5f9-4098-93d7-99e4c22589d5,2024,2024-02-24,65c68c5f-fc3b-4781-a912-2a4b17be699e,0c2a9ebe-8c6a-44ec-8643-1dbac7642ab9,-9,0,-10.06500077337335,0.12092197455139268
60841195-7e56-4e91-bc06-454d415d6af6,2024,2024-02-24,9f152b52-7847-49c3-83b6-8c68295d484a,e8e72618-33f8-4013-8305-43775a278752,18,1,-0.5538363620079023,0.49467743469235337
60f2ced8-dfa2-4f2f-b369-5e27c27aec63,2024,2024-02-24,df2a7293-fc74-4f81-a93d-98c8989ea725,cb1440b2-adac-4775-96c8-c4f00641d353,-3,0,4.343645391541039,0.6825326330341426
62c63f75-c7d2-4c04-82b9-8cacac7566d5,2024,2024-02-24,1b0dd005-3190-4ca9-b74d-111343f2fce0,e51fb2de-db51-4fbd-ab63-2a069c126779,19,1,-0.26047759291494843,0.5194406498015385
63481529-6587-46ff-b91f-13106a7b7945,2024,2024-02-24,5bd874c9-de44-4954-a4f6-428ed3fde8a6,c3681649-6e1d-4bf8-9b47-1d2868dca3e9,12,1,9.633841698926739,0.8764417217206113
65a65731-fc06-4075-80bf-14b6856370f7,2024,2024-02-24,adf7b22e-19a9-437e-ade2-833bb31da77c,33176e8c-5f9d-4bcb-8c56-9a0a5f7d7f1c,14,1,-2.6063406326838456,0.44769134529225674
667a6e78-8efa-4fb2-868b-416c75294d0a,2024,2024-02-24,97bd823e-8c6e-4942-a5ca-735b3a45ebbc,64f3b1df-37cc-48ef-9741-b85506e7c500,13,1,-1.3076873061220187,0.4128555996381169
6789d1a9-e5e7-4386-8a4c-d15f80de8f57,2024,2024-02-24,1b1fcea3-d0ee-4307-b5a5-4c2a4a591484,72d2e856-e65c-4184-bc2e-38e805170efe,2,1,6.673016971016401,0.8023615931467591
68fea157-9f2a-423e-840f-a984d67ade9d,2024,2024-02-24,da828fff-cee9-4151-bc4d-983ee436f573,2ed44d95-e306-4823-a4c3-196ffb777766,15,1,6.91730931904531,0.7472674281967588
6a0894a0-719d-4837-a3c9-6c95f9af7ed9,2024,2024-02-24,4aa110b4-c8f4-438d-b44c-2d6a5c74ab8e,791eb121-5f34-499b-a1ff-469bc9007fe7,9,1,-2.9699595135685652,0.3834386254154435
6bd9acbf-ac50-4731-89ed-1b3de913ae00,2024,2024-02-24,f9c26112-b1ea-411e-b273-e74e8ce3f1ff,da6b8f1b-a85b-4303-8500-c640c0d3132f,12,1,5.87036722684426,0.6634970545875725
6d5c39ed-aae2-40c8-b4f8-0113e59c82bc,2024,2024-02-24,73a80df0-15db-447f-b97c-418cc82a508d,8cd2a215-aea9-48bb-babb-e5d8cf0cb9fd,6,1,7.6144928008892325,0.8088011601521624
6d7d689b-15cb-4ac1-889b-48b92035b7dc,2024,2024-02-24,bb505898-cdd5-4c4e-9ea1-301ff6a4b981,eddc4725-b4b2-4442-b2af-8853210d0e96,17,1,7.399384735895713,0.799391268909079
70266294-7663-4d7d-ac14-07a71eb393e7,2024,2024-02-24,19b40071-00ca-4d8a-8188-a03d635e9811,632ba9bb-afd9-4b5c-9c3b-4e60816c8e4f,5,1,6.381769931864972,0.7056327504678617
7064e20c-1853-46b0-8212-1ec8ee78fd08,2024,2024-02-24,125fc4dc-8f42-45a8-b23a-3e50f4620499,db374003-37d9-4d61-a3f3-7abec141d33d,24,1,14.70480003876096,0.9290765071146493
7530ecd6-5b11-412a-bf1c-17e84f28eb23,2024,2024-02-24,ea8c66b5-8fe3-41dd-a56a-b85bfdc613c3,051d13dc-5152-426a-affd-0cf01ef80268,17,1,11.232922644007122,0.9086768684539955
77384314-ed36-4a88-b134-bcf383d5442e,2024,2024-02-24,2f0bd8d9-4435-45ed-9efe-045f835c15a8,bba8eb68-9989-447a-90b4-27c8d0d32bd1,15,1,-0.1434115862491849,0.5237291295331244
7b1447c6-d68b-478e-aaa2-2559733f1abd,2024,2024-02-24,c2629a38-b5d1-44e7-9a32-8fb51cc9a116,f5583f43-2ae1-4834-b364-107222763dde,-1,0,3.9895321134902453,0.644465796624605
7d37db18-7a31-4941-9879-0f4ce363964f,2024,2024-02-24,e250c58f-f6a5-4da7-aff3-c6770b9a14da,8ae6c27f-063b-4e7b-bbfb-653f496560d6,-4,0,10.99943892342097,0.9089933772438027
835401f8-eb52-4b92-a16e-96115287e2c6,2024,2024-02-24,993f004a-13e0-4079-8706-332aafab29c2,ba033ab0-c07a-4b71-b7f4-243ae194d23b,-9,0,-13.539894453126395,0.07440019888161023
854f7b97-00b1-4a84-ab50-654790315b1f,2024,2024-02-24,6d3e1830-dbbe-4e70-b7e9-1eb765f0acf8,e06623a6-8f03-43b1-83f4-b653f6819ea2,13,1,15.114631694738138,0.9390473474492446
8594261f-97b2-4155-81e5-fd2704ea23e0,2024,2024-02-24,6cc29af2-0d45-4399-b571-caa43e20e554,7fdeff97-4db9-4c33-9fc6-9f03bd977d30,1,1,-2.246890504973028,0.4003040146300053
8f60dd84-dd6a-4309-b6e0-0dd09ac4d4d4,2024,2024-02-24,28e39e04-5ba3-41eb-808c-3ab653c2ef06,63a49366-1e4a-4ecd-849d-4153e5e0a2e0,-2,0,-10.797139746387506,0.13468942321442226
93a025b2-61d9-469b-85df-58c1a9723316,2024,2024-02-24,63627b20-aa4c-4e0d-bcfc-40a5fe150e8a,113341aa-9630-4951-b161-71419ed62dbc,9,1,1.804633078051829,0.5691461719822482
9d1f3492-af48-4d6a-86e9-60e5cacf1972,2024,2024-02-24,4c4cb93b-7b16-46b7-9d21-5ff908de25a6,cc07b31b-464b-4cb9-89d2-ac26ffe3e5f4,6,1,-2.075863173156974,0.4163533846892959
a4f98330-0fd0-464f-b25d-0a185a9b57af,2024,2024-02-24,f73ebf9c-90d9-4d66-b403-056ea4ea6b30,ec7d9da7-9286-4c01-98ce-3a10ec231612,-8,0,-7.583028787080747,0.2551946038503862
aa28a004-0dfd-4b67-9317-7e84b66569c9,2024,2024-02-24,01300ab2-c4a7-4740-a5ac-3541d598620e,be683752-ceea-4783-ae94-66be0178e1d1,14,1,7.0315754331714695,0.7860363018025676
b8130ff9-695d-4564-8c08-c97787d19fb1,2024,2024-02-24,2607ab7d-2f54-4540-9b2e-d27703407118,e1ee7493-ca48-4d8c-aefe-83427a4e66af,-9,0,1.178896377445985,0.48901055535737603
b83b4c37-72ad-44b1-bb58-ad2b1d03f850,2024,2024-02-24,6474358a-819c-42e6-92d7-0fd3ce20d239,e9813fa7-c976-4ad4-a455-2f05235e93cf,23,1,15.323530771333136,0.9342499338648833
bb669f8c-ea75-40ea-b6bb-128f6fec38d3,2024,2024-02-24,03a91d53-3b06-4e76-b037-9c97d09645f6,a4bc2fe7-4083-4c33-bce5-6cac3e161a7f,-20,0,-9.515113187549112,0.19338560282561323
bec62315-e11e-4ee1-b6c6-fba2ca3367d6,2024,2024-02-24,dcf85f3b-a79b-4a61-9cd9-d6a90541bf3f,76748a8f-7de8-46dc-b80c-a1a7fbcb84ea,15,1,7.311912815611411,0.7942257331360334
c148a504-eebd-4f79-9504-ddbf693a5d44,2024,2024-02-24,a4e0b7c0-e98b-4e65-9408-e26a9aedac8d,3e3e940b-dd81-42f3-88f8-4e988278be04,11,1,-2.3445206837862513,0.39079759176114487
c85e83ae-1087-4dec-a179-7b1f0c11c8c3,2024,2024-02-24,1814170b-a11b-4328-99b6-082f1e76f5c5,7293bb2a-8d08-4752-b00d-104a80da0371,6,1,7.527994313472371,0.805197461663898
c869333a-858b-4bab-9524-fbf793906df7,2024,2024-02-24,4a01023d-3637-4ac5-bf1f-37c08b2438a5,2b1a3f03-7d93-471b-be12-d487164eae0f,24,1,18.645263202087495,0.9792145737190184
cbaa03a0-adb0-4a66-9851-aa5caccd23a6,2024,2024-02-24,89dd92f7-46c8-41a3-be81-ecb12f1cd4c7,e3158bc2-1467-4311-8540-c4f77e10aab2,9,1,6.794889955857489,0.7575762411779394
cd1c9605-45a7-48dc-a5f9-2278abb56fec,2024,2024-02-24,639774dc-a89b-435f-80d2-4c65549fd3c9,6eb0ebaa-8c99-466d-8fad-68b897f2a9e2,-11,0,-1.9418336351925685,0.38996550565428345
ce60e218-bfb8-4d71-951a-bb4ef4482e84,2024,2024-02-24,5091ac5b-fcb1-423a-9cf2-0981de634633,5f480384-0cfc-4e90-837d-db9cc8d292dd,-6,0,-5.6933357070987185,0.3378566111846107
d9c51398-5d69-48d1-803d-d8f1b0bc2c47,2024,2024-02-24,63eb578d-eef3-448b-b0ab-b4892ef058e0,8044cdf8-5fd0-47d9-8a07-8a29b2ca7b9a,-8,0,-1.4742247685267944,0.45837910119138786
daef31fd-2511-419c-929e-8c14453576d3,2024,2024-02-24,7f15159e-f7a6-4016-869b-962879f5c296,b80e54ae-3b74-40f3-9954-a1b0805cd1e8,12,1,-6.461230733495534,0.2211256366172587
ddaf619c-5933-47eb-8850-f0449051a5f1,2024,2024-02-24,73db7905-652b-4320-aac7-243f2f2f70a2,65cf0d8a-0a5f-4572-8516-53809f66ba44,11,1,9.071916734160384,0.8173286567765425
e31068c5-0402-4b36-92ab-b8bcecb2b8f9,2024,2024-02-24,873b654a-5825-415c-8a11-5e5b15bd2ac8,38cf12f8-b27f-4c69-8f14-254930816a8b,16,1,16.165127154192678,0.9501191004057243
e5c78016-4935-4b4d-bf06-c47edc966988,2024,2024-02-24,9c1431a3-21c9-46c9-8335-1b85a6022223,58113924-4aef-47a7-a675-cddc9e355cd5,-2,0,-0.7466989065420541,0.4248018236709117
e67a2668-ce7d-41e9-9bdf-d7aebf5b8a38,2024,2024-02-24,49c78722-1476-440a-9de1-896fb7b7db88,8af88029-6520-4f85-a99b-0f10d820a167,18,1,-0.37302147323125945,0.5101516830180016
e9e81de7-5029-46f0-b4fd-8581ed464400,2024,2024-02-24,b255fc28-3428-4006-adf1-9c1001ecb1a3,155c1dd9-ba93-42ee-a28c-238768724494,-20,0,-2.0509980874562195,0.42227846231176425
e9f1c9b6-aa42-4794-9a25-e71541b7544b,2024,2024-02-24,95466c2d-a184-48f8-849c-d6957bd1df52,424f7a7a-158f-4ad0-adb1-4b3ebe25b11e,12,1,5.1628346862220384,0.7237505555508881
ea428572-a9ad-43fa-bdf6-da3a7613a960,2024,2024-02-24,6b296d7f-de88-4a16-8a22-b28077a669c4,f9a8f2d4-c836-4b2d-a4f9-47f73b8c033a,8,1,6.20332362737267,0.7079601110205131
eaf802c1-ed20-4ccd-9dd3-ac2ee33b0be6,2024,2024-02-24,25912c1a-f2be-4c07-857a-5eef6aadebda,ea78667c-bf16-4084-80cc-2ab61a0e05d5,11,1,11.105390879346093,0.8632208715989935
eb2682d4-fb62-49ac-8dfb-b6f7c20b4c23,2024,2024-02-24,9b6f0f32-d8f1-4921-aad2-a16c420f3183,d2ae40ba-651b-4006-8b22-61c6b9ce0e33,-1,0,-2.4358382274153576,0.36127784994716733
f44b7281-763f-49db-ac1d-3ea57944dba3,2024,2024-02-24,e5fae797-082f-4354-8c20-2c1c22c6ac8f,a7951831-d013-4591-8037-4212b4a85c3d,5,1,-3.4807501435868513,0.34329928793768
f604cdc6-0164-47dc-be8c-25f296c7d06c,2024,2024-02-24,b20b957b-b406-4f6d-8f7a-2f88e3b49bd5,7da2e7c8-cee3-4ff4-be74-58d324c5ff71,5,1,2.539493919600081,0.6581708712448129
f6ea50aa-0d2c-4760-ae44-5e71647fb2b8,2024,2024-02-24,25f32a40-1a9b-47e3-ab20-74659cba9520,dac01aea-9f35-463a-9dce-75d4575160dd,-21,0,-6.501507567699371,0.22316146749915647
fce15e3e-a434-4b41-9b02-de4da501e398,2024,2024-02-24,a7f405f8-389a-4a00-bb71-6d07d48f4fe8,29fcbb70-fa3c-4806-8768-15b5ec4a8449,19,1,0.006919541841110904,0.5761413104938286
fce415a2-2c0e-4076-97cf-47ba9e8700c4,2024,2024-02-24,638757a6-508b-49af-b5d8-661c0059c04c,375514f8-f93e-4eec-ae0b-6615ec954e45,17,1,8.159026865092288,0.8223110742581171
fd6a0c6d-d7d2-46e3-b5d0-e3c6f98f9095,2024,2024-02-24,e12ab562-dd12-4b55-909f-669834d3d963,8ce6b3fb-8bb0-49b5-acaa-caed76d542d7,13,1,8.24920555664501,0.7644282659755318
fef0b0dd-6c4a-4d43-9711-c483c01ceb81,2024,2024-02-24,9ccf2901-b49f-4aa3-8a4a-d59d017dfabc,45959b35-f1e9-462f-aecf-565395a6fb6d,-1,0,17.95487912149278,0.9762786092264958
05a31873-43d1-4ddc-8d3f-35f1c72590fe,2024,2024-02-25,c71ebd72-5c90-41d5-b1fc-544e4695d9d0,35d0a28f-e3d7-43ca-90cc-daaf0b7c278e,4,1,2.794864029329538,0.5782545149884804
1521b5db-c9d4-456c-90fd-ce6730e110f4,2024,2024-02-25,30a1a9be-60b7-4afa-9dcf-92694c2703d1,d74a1fb4-3afe-43b0-9bd1-7e0552ba73ed,-2,0,13.867766321579904,0.8715502620416591
17457003-d63b-44ae-81d2-0866c957346e,2024,2024-02-25,67505072-f35a-493d-a160-8e6292da33f5,7eefd1e5-aea4-463e-ae74-c628b0fe170e,-11,0,-1.7328813451771417,0.4375458003762776
1f43d025-9d39-4b66-822c-53bc5dd9e17e,2024,2024-02-25,00b63e00-850e-4b09-b660-a5e698f46b61,82ee0a8d-e51c-4a87-bd7b-72707ec8b342,9,1,3.9542049753586683,0.6920048128892016
408914a8-7b3a-4575-9ec2-75e86b52959d,2024,2024-02-25,1acd2c41-6945-469b-b33f-3c7b30f8359b,8925b65e-4ce2-4ec3-b501-c0075fe06b52,8,1,2.251832494410209,0.596341106426764
4d163036-85f0-48b6-834d-bccd98b34119,2024,2024-02-25,8a7ae133-e612-4f1b-911a-a72870f8b4d6,57144631-7473-4b46-a437-8e2d8c760f87,23,1,6.0146652659413755,0.775740535797474
5791fb0b-25bc-4b2a-9804-19c9d1c98dc0,2024,2024-02-25,4eaf68c0-dd32-4705-8f2c-1c1dd2880a74,df1d6c5c-77eb-4d21-b5dc-6cd579f74d2b,-21,0,3.169446218291005,0.7056251144302025
5e79d370-539f-4b34-aed3-c85b2b5c3706,2024,2024-02-25,4e9067f6-7760-4a2a-ba37-273c77915540,b2d5fddd-b407-4fe6-9d70-e921ab7b7e1a,4,1,-3.838592925648401,0.3501402796406348
6937a68a-70e4-41e6-870d-922b5fc6574f,2024,2024-02-25,0c8ee784-d7e9-4ac4-b0c7-3ca89567c515,fd42047c-b7c6-4dbe-93e7-69cfd125995c,24,1,16.029272568671576,0.9714933644069411
6a66c9fa-ffd6-46cc-a846-04e85f3d62de,2024,2024-02-25,f6d188d9-c992-4de8-801d-4995b25abaae,58bacfff-257f-4f54-bb05-241bd6353626,10,1,0.0096487784938491,0.4325784131080293
6d0b97a7-a567-4155-98cc-294f5410dce5,2024,2024-02-25,853125a0-ce88-45ba-9815-9387fac3d278,215ed27d-58e8-4e84-ab60-6d170d404304,-17,0,-1.2992905921157378,0.3875749533771093
8048b799-44c5-48f9-be23-ed182fc7f313,2024,2024-02-25,79bf464f-0d3a-4992-b310-86d2abbc2244,696e6eb5-b8dd-4d44-8780-1e6c678615bd,-2,0,-2.3559802911871257,0.3410541432741196
84a86b88-500b-466d-8b37-411fff174183,2024,2024-02-25,e30e79ea-8947-4c58-9842-25781182ec2e,887d2364-968e-43c5-83af-c227595022bd,13,1,9.377959206896143,0.8267531605264368
8bf08702-3bb2-4aca-9ae7-38e1ded777f1,2024,2024-02-25,2408f22b-e753-4c5a-9353-be75a4fb2164,629ca4e3-9243-47ce-8a02-ee7fe38e857c,-6,0,5.071201973614444,0.6992234534661356
8c23597a-814d-4e25-a772-41bab60b6ee9,2024,2024-02-25,6068f6c0-7e92-4dc4-9da8-1bfbdb60cf2c,2f522e9f-f586-4f8b-816f-a83d9e6231fa,18,1,9.596873935746418,0.8300659889673849
983d2d28-5a3d-4510-ac91-122da11f14d2,2024,2024-02-25,3bdd846d-463f-4ddf-8719-13ed1e3f2634,cf2f7a41-56d5-4c2a-b4f4-fb9d1c933b22,15,1,9.58689545088656,0.8333453426328231
9926fdd6-2f68-4972-9cb9-6b3b7e15aa5a,2024,2024-02-25,9341db15-6a24-4506-804b-e37983918ab9,2bb9930f-6a64-4fb0-8ae7-2d18cc4ceb5c,16,1,17.251497317252817,0.9671449550729443
a53e5ff2-1b8a-4bf9-a1df-364543aafc52,2024,2024-02-25,e7f5f157-7a33-43ad-8282-59e1c4ad9b25,3a30d561-24be-4bfa-8d8d-75e645c4ad5f,14,1,2.731501669451414,0.7037749311686236
b57baa8a-8678-4d53-9384-c50248656219,2024,2024-02-25,69e6a4c4-bb68-4c30-86d8-3cf7d51c7db7,d7b7310f-6983-4a09-bb56-fda96e9f761d,11,1,4.744368584025523,0.704661969128307
c4226244-2f56-472b-94b8-fd034b5e99eb,2024,2024-02-25,85effc0b-7382-452e-904d-22a52433ccb5,47b967e4-0689-4d1c-863b-9d82c6ffbfcd,-12,0,-2.4409650249056503,0.40939172241393856
d7c22ed1-affa-4886-ae9a-3f34a4403148,2024,2024-02-25,439b6cee-3be6-4471-bddf-f7cb8c69cc85,644a0213-9ca5-4238-af33-7c8ed45fc88b,-3,0,5.417121368324219,0.7516085939232905
e72721e9-702a-4ab8-abb6-ac4cf9ebef70,2024,2024-02-25,1394e3ce-706d-4097-9aaf-cad5d38aa5a0,cd369794-6765-4889-bd1c-89869447620b,-8,0,-16.255965075508158,0.04132134153526034
f0246383-5265-4c0f-a5f0-1a5a7ad10d50,2024,2024-02-25,60ee2d19-003f-4603-a2ad-838b3e6d6cc0,350fe1ba-284f-4709-8cdd-3f745fcff0f8,24,1,11.52694200378087,0.9157397741652027
f219b1d3-59ec-4407-aa16-f77bf347ebbf,2024,2024-02-25,686413d2-e94d-497d-a87d-ab911ac38ec7,ed50f577-3ab9-4627-80f9-bc931ee42370,-12,0,-3.7660105982232794,0.35559159498729564
032f9b5d-85c1-46e9-84da-02f4d740cbd5,2024,2024-02-26,4c073afb-cc2c-4ed2-bd8f-2f545ae1bea5,5fcb12dd-e3b1-4e57-ac30-33da456cd5db,4,1,7.6785660074013835,0.8323234085244048
07cafa12-03ab-423d-a517-e87bb057c357,2024,2024-02-26,20abe49d-2029-4327-96f6-389664f5da7f,26d69f75-49a0-4d07-968b-2b549e059c24,-12,0,-14.875842618975762,0.07573708344032096
29fa1503-06b0-4b5f-8532-662891915604,2024,2024-02-26,d7bc8ff0-3522-40a8-8309-346e8b4cf9be,dbfecb75-86bd-4650-9fc0-4d85eaeabbbf,-10,0,-0.19262014326226862,0.4981763614344231
49390973-7fc3-47d8-a221-235210eac19e,2024,2024-02-26,7293bb2a-8d08-4752-b00d-104a80da0371,63a49366-1e4a-4ecd-849d-4153e5e0a2e0,-3,0,-4.462300801654305,0.3684753689016463
4bddf4db-4398-4ae5-8f40-86a96b440385,2024,2024-02-26,97bd823e-8c6e-4942-a5ca-735b3a45ebbc,33a4f970-bbcb-47ad-9bfa-ae6f0eaf792f,-7,0,-8.788041471629588,0.19169048688965987
656ea9fd-34eb-4e4f-9757-3ce4fc89ef87,2024,2024-02-26,5052a2f3-f41f-41e4-a681-c6277fec0404,2851d469-fe75-448e-9d6b-4bde7ec96e06,4,1,14.847654295517842,0.918800428721381
6ca3497a-b5cb-4ba9-8a23-509532cd7c31,2024,2024-02-26,b9428966-4d6b-4db6-a403-5cd503366633,f1c92057-9fa5-4bdd-b404-96dd624192b3,8,1,14.931500289124413,0.9261427868971641
9e433d95-39bf-4e94-9911-93fac666d8d3,2024,2024-02-26,9f152b52-7847-49c3-83b6-8c68295d484a,1ac84e49-be83-4e9a-b4a7-0fb0b7465b32,-8,0,-0.3419202828037641,0.45486273447796755
b4b4cdbb-beb7-4c20-add1-569326549101,2024,2024-02-26,b6c9db49-45a1-4d98-9a80-dbbe19471992,64f3b1df-37cc-48ef-9741-b85506e7c500,6,1,-9.658049193095021,0.16059850157874972
b980b4d9-4642-48a2-af45-39ac2f71bc3b,2024,2024-02-26,1814170b-a11b-4328-99b6-082f1e76f5c5,28e39e04-5ba3-41eb-808c-3ab653c2ef06,9,1,19.0752158809739,0.9757704709782146
d461dd62-03f1-4ba6-a806-9589a2409ba8,2024,2024-02-26,371811fe-0533-4539-97b1-b56f642d0fd9,2c8d46b6-8e8e-4229-85a4-0713fe1c6c4f,-2,0,-5.60478908940494,0.32459847950499093
06d00363-7bd7-40f5-a997-6992b0e21372,2024,2024-02-27,632ba9bb-afd9-4b5c-9c3b-4e60816c8e4f,2fbd9d1e-084b-43d2-9c7b-10ce0782be7c,-12,0,-6.428284439808819,0.232916739905901
11e23f4e-3032-4ce7-86bc-f296acec54cc,2024,2024-02-27,1d3cac70-c7f5-47ea-bb26-00ba78e1acbd,c3681649-6e1d-4bf8-9b47-1d2868dca3e9,14,1,17.148049495450017,0.9526800055091296
1faf2d77-d68c-42a5-835c-7b7d1d925101,2024,2024-02-27,ea78667c-bf16-4084-80cc-2ab61a0e05d5,73db7905-652b-4320-aac7-243f2f2f70a2,7,1,-3.4052827147128393,0.3236672469889944
3afb597c-e98f-4ece-bb66-1b9ad4619c12,2024,2024-02-27,c51998cc-ad65-43ec-88c6-a0f160ff7902,bba8eb68-9989-447a-90b4-27c8d0d32bd1,13,1,-2.7069332222181917,0.4079051850033381
3be21660-e78a-401b-9afb-d949db60502b,2024,2024-02-27,03a91d53-3b06-4e76-b037-9c97d09645f6,4c4cb93b-7b16-46b7-9d21-5ff908de25a6,-6,0,-4.270978466802021,0.25909711820746356
4de2be8c-50b8-4785-b234-e8dfd946ebee,2024,2024-02-27,1b0dd005-3190-4ca9-b74d-111343f2fce0,529e7dc4-6b55-487c-84b3-598dd9941301,-8,0,-1.4180107037106935,0.3882795988533944
57de7cb7-dbd4-4021-94ef-4cc9b5f85242,2024,2024-02-27,1cabfd4b-0114-490e-8d0f-1257cd7f0ae1,2deaf391-9719-4c95-bb3c-acc6f8baba86,-8,0,5.356538671558742,0.7494385568820484
5965d1bc-0ac1-4679-b3d6-83b272624442,2024,2024-02-27,4e9aa968-9ad5-4833-b9a5-7d89b35976d4,00a52b15-70b5-47b1-86c6-8e30652728c0,15,1,2.8864579957274183,0.6394674659531246
6a2b6ddb-91a9-4c27-aa4a-64dcac65e43c,2024,2024-02-27,a66213c2-5ad6-4d77-a7ec-85700a223ed1,dfdc9d0d-4a83-4244-9c07-9b3660ba4f6f,8,1,20.960630823190556,0.9729116300006233
7e556030-7a54-46c6-a3be-494f5930d35b,2024,2024-02-27,5368fba0-1d0f-4310-9dea-c25c58762dd1,c840b153-1401-4ebc-9549-e027df3cc7e1,1,1,-2.807867228459994,0.39743299669654103
829cb830-f9d0-4425-9590-17571e496433,2024,2024-02-27,155c1dd9-ba93-42ee-a28c-238768724494,f92587ee-8d25-4b09-9a60-6203f75c974f,-2,0,1.6280015238265082,0.5200147722142615
87617a05-62ae-4d2b-983e-129f30020a06,2024,2024-02-27,cc07b31b-464b-4cb9-89d2-ac26ffe3e5f4,f18598d0-e0e1-4f15-95f2-e11df8bc3126,-3,0,7.045680988959165,0.8393127728910559
8b758266-5168-463a-bcc4-58580323578e,2024,2024-02-27,25912c1a-f2be-4c07-857a-5eef6aadebda,2f0bd8d9-4435-45ed-9efe-045f835c15a8,7,1,8.247055555559527,0.8050757164502097
95664c66-cad1-4110-a0c8-bd51f1a9bc23,2024,2024-02-27,45959b35-f1e9-462f-aecf-565395a6fb6d,a4bc2fe7-4083-4c33-bce5-6cac3e161a7f,-31,0,-14.948999927233501,0.0551193655094365
a453b8e1-cfa8-401b-8527-3a3340bfdd35,2024,2024-02-27,2b1a3f03-7d93-471b-be12-d487164eae0f,d2ae40ba-651b-4006-8b22-61c6b9ce0e33,28,1,16.4592922111948,0.9695610390064788
a4ae003a-7529-4f9e-88f2-3034d4c47f8e,2024,2024-02-27,9d7f5648-4f47-4192-9d8d-78454c962bed,e8e72618-33f8-4013-8305-43775a278752,8,1,10.896121876431485,0.9013462461829868
ab24ef81-bc40-4872-84f8-43844b2faba8,2024,2024-02-27,b7f069ed-b9be-4147-b87e-fe1bef8386b4,cd9eea44-8a6c-4bd4-ad4d-74e461fdefd3,4,1,-7.90658332605157,0.22879301262123147
addcc676-df46-4c5a-931e-6d1e7a036bed,2024,2024-02-27,1c1c3846-4bad-48b3-b8be-dba7d24af981,e42183ad-b44a-4746-8c0b-148ad61bab43,-4,0,-11.573167451214305,0.08895540891309119
b2f55c07-cdc0-4c3b-87c2-cc7fbeccac21,2024,2024-02-27,324e37b8-f52e-449b-909c-366c81488fea,2518e2c1-28b1-472d-9fdd-5d97d9f1ea99,12,1,19.20852299846117,0.9673069358083135
b387552e-9c87-4324-bbc1-c09c094875b7,2024,2024-02-27,b255fc28-3428-4006-adf1-9c1001ecb1a3,25f32a40-1a9b-47e3-ab20-74659cba9520,1,1,5.842808222292124,0.7294928973031495
b3abc5ad-6165-43ad-999a-86c45833932a,2024,2024-02-27,dd1136c6-9974-4186-b206-7e24f2bf7dc3,e06623a6-8f03-43b1-83f4-b653f6819ea2,-3,0,7.071619295949321,0.7664707528018346
b9cfded7-cdfd-4fee-9691-90b4273735ca,2024,2024-02-27,7048a12e-ec8b-4bf0-a475-1316775a4964,f916ec1a-cf31-4b3a-9d55-a8bdefbea199,14,1,12.025609829272453,0.9292927162022288
bc0df816-20b5-428a-8cb9-769880725906,2024,2024-02-27,6c5c20e6-a076-4fbd-b77d-61a1c7a3c5a4,8fce643e-75f7-4242-b565-2a4818e1eeba,-8,0,0.0840799419603717,0.490117097024937
c8e5c814-2585-4e14-b5f6-3d91bd04fea0,2024,2024-02-27,e72d1807-6463-450b-b561-c3727b286584,e51fb2de-db51-4fbd-ab63-2a069c126779,-12,0,-0.6633612775809149,0.5010763740029944
df9a6507-bc89-4022-9478-2ac3348b0056,2024,2024-02-27,4b83e4dc-410f-4835-a8a4-8ccffc29e016,64c5c3a9-f1f6-4f48-b571-1de27621f06c,5,1,-8.269984644627904,0.22596750970849938
e25bff82-7c4a-416e-a38f-be3b0a9188c3,2024,2024-02-27,228bf81e-d4c4-4b81-9b51-74ff2fd3f7c3,74434c65-ac07-4a97-9998-737791311fb1,-3,0,11.150351848930741,0.8894822001493561
ea0c601b-fd21-4792-898f-a2405b9e1b84,2024,2024-02-27,f3cf8061-767a-4873-9e24-5cc4c9a6a1b0,49f72498-1bbd-48b1-87b9-cc90196e205a,7,1,4.15010883772959,0.6372124043524909
fd48b16a-337d-4d05-9be4-c8f35250b935,2024,2024-02-27,4928acd4-6738-4045-be81-20132f6471c8,f2e0429e-8513-40eb-b536-1aca6697aee5,18,1,6.578685147356476,0.7710795738145613
0405424d-831c-4674-942d-4517052e63b8,2024,2024-02-28,f245c41f-897e-4985-9153-43034bb26bfa,8a7ae133-e612-4f1b-911a-a72870f8b4d6,12,1,14.331349591420551,0.9250661632371024
04f1fc25-fd25-4532-9855-79afdb4cedf0,2024,2024-02-28,696e6eb5-b8dd-4d44-8780-1e6c678615bd,686413d2-e94d-497d-a87d-ab911ac38ec7,-8,0,7.530055475816703,0.7798057270336685
06e84e68-261a-48c4-8085-bc4922e3b9ad,2024,2024-02-28,33176e8c-5f9d-4bcb-8c56-9a0a5f7d7f1c,bc3f184c-a2c4-4518-89d1-f58ee454b86e,42,1,25.412956527081583,0.9882283676845656
082bcf5f-da17-4d6c-8fc1-0b05b45a253d,2024,2024-02-28,05f1d3d6-8079-4142-beb6-628fd19c74ca,7f63e419-1d15-4c08-84b6-dc393ca0146a,1,1,-4.031508654231415,0.33304385653359353
0ba04468-2c56-4805-947d-68f888370221,2024,2024-02-28,af6bf0c9-2e1e-4334-8982-93f14a35af57,47b967e4-0689-4d1c-863b-9d82c6ffbfcd,19,1,8.26948968966144,0.8086919083579557
0ed59bc2-148a-48cb-82fb-c4514482c79b,2024,2024-02-28,76748a8f-7de8-46dc-b80c-a1a7fbcb84ea,dde8f534-10a1-430c-af83-43b026e7ab68,22,1,-3.679191748811688,0.4141340302602082
18580948-a90c-4fb8-96f0-548aafbc03fa,2024,2024-02-28,3e3e940b-dd81-42f3-88f8-4e988278be04,2198dbfc-96fd-40be-99e1-e697e4c3d996,-14,0,-0.9257775654935836,0.49349432457851977
1b19a873-9709-43f7-b9c1-ad1e326def81,2024,2024-02-28,2df495e6-2f8b-487f-b13a-e76f3397df82,abad6a22-9569-47ad-9945-a6ad9345c30f,-2,0,-8.449023055857925,0.2571560576494509
1c46dccc-7893-4b1a-b9d6-de7a2cb4660a,2024,2024-02-28,df1d6c5c-77eb-4d21-b5dc-6cd579f74d2b,8925b65e-4ce2-4ec3-b501-c0075fe06b52,-2,0,3.357094537064895,0.6511066476331411
1cff0bbb-67f1-448e-be43-49e1aa0877ff,2024,2024-02-28,15de2bd3-69fa-45a8-b95c-4d5e91232ab9,9be057a5-becb-47b1-b84f-041147698411,16,1,9.686228244069943,0.8588474085804672
24032c34-33d9-4f9d-b633-dd29b7edb58d,2024,2024-02-28,2bb9930f-6a64-4fb0-8ae7-2d18cc4ceb5c,1acd2c41-6945-469b-b33f-3c7b30f8359b,-5,0,-11.725643412089582,0.07724358628805857
298cc1ec-4913-4286-acda-372be44f7dbf,2024,2024-02-28,79479954-cdbe-4601-a82c-35936960a7dd,db9d85a6-59a4-47ff-a287-b40442bf460b,16,1,-2.2143195176071018,0.4497280537681263
29cc1f58-e525-4cf0-8937-788b29374f61,2024,2024-02-28,7f15159e-f7a6-4016-869b-962879f5c296,09fca7ef-baed-4af0-a553-465ae1160049,-18,0,-12.743261926627914,0.07073085089195483
2f3a7b57-ea61-476c-ae60-e5001d4989d3,2024,2024-02-28,a7e91e1e-3644-4f3c-bda9-edddb9602a27,58113924-4aef-47a7-a675-cddc9e355cd5,13,1,12.109460312044563,0.8645940328806097
2f6253f0-806c-4bf6-80e2-45dc299f660b,2024,2024-02-28,8044cdf8-5fd0-47d9-8a07-8a29b2ca7b9a,2aed7aac-f38b-4fae-84ae-9e9c9ac71a3f,-2,0,1.6695538898547735,0.5850891120218897
357cd940-05e1-4750-b808-b4c9f867941c,2024,2024-02-28,887d2364-968e-43c5-83af-c227595022bd,d74a1fb4-3afe-43b0-9bd1-7e0552ba73ed,-22,0,-4.339541041939647,0.3443963990290716
3628472b-e367-47cb-a8ae-2ebf40cb3dd2,2024,2024-02-28,350fe1ba-284f-4709-8cdd-3f745fcff0f8,9b6f0f32-d8f1-4921-aad2-a16c420f3183,33,1,19.616446558385128,0.975377998629444
4229018e-eb87-41a5-8c78-698f64453f88,2024,2024-02-28,2e49ce6d-63ef-45d9-9048-67fcdb01a46f,dac01aea-9f35-463a-9dce-75d4575160dd,8,1,4.407290358360718,0.6458432613532509
470415e1-5182-4899-86cb-4f8df4a57ec8,2024,2024-02-28,9cde2e64-799a-42f1-84dc-71779b1219f5,2f522e9f-f586-4f8b-816f-a83d9e6231fa,8,1,11.628587817888686,0.8978088130550295
4d43a69d-8b85-40bc-b231-0500e3d8b17c,2024,2024-02-28,4aa110b4-c8f4-438d-b44c-2d6a5c74ab8e,58617cc8-94d5-4f69-a677-9ab4cdc52a33,-18,0,-0.920839888987549,0.43233447023661986
568ef4bd-6a91-4cbf-a0da-5fa745d7c8ff,2024,2024-02-28,85effc0b-7382-452e-904d-22a52433ccb5,bf4f25da-dd8b-44d4-a4b7-4671b3c37db9,-18,0,-11.15427543495528,0.10701415987530806
5e181870-42f8-4d31-85c1-257d3ba2d4d7,2024,2024-02-28,071229c8-25a8-4fd7-87a3-c30d0a95671a,0c2a9ebe-8c6a-44ec-8643-1dbac7642ab9,-6,0,-1.7168293846084959,0.42110524171367125
67443b23-1e85-47a6-9842-bfd19bbaea41,2024,2024-02-28,6d3e1830-dbbe-4e70-b7e9-1eb765f0acf8,550c3333-8e82-49d4-b9c6-ae13db14a84f,9,1,9.457306739412513,0.8522029093625736
680717ed-0788-4ebd-bdca-eb4bcc2da22b,2024,2024-02-28,409dd213-f612-4ab7-a0ae-8060dd9a6ef4,e5fae797-082f-4354-8c20-2c1c22c6ac8f,10,1,17.283126541076864,0.9455830557807057
6f449104-9617-4e93-b39e-8a40b7ac7267,2024,2024-02-28,384d8319-2770-4b9a-bb32-bd4da034d104,bfd4c500-09b6-46ba-81ae-48b13f8345ff,-15,0,-6.12988743810261,0.2848580701000434
79f236d5-dc71-4798-9537-741cf33f976f,2024,2024-02-28,4d3124e9-6470-49c6-8f2f-806813c60883,17a3b4e9-cfab-43a8-b7ad-73508d4d890f,2,1,-0.24112282647431507,0.45091355343433126
80837595-6d2e-4f6b-b2de-7077e24109e7,2024,2024-02-28,67505072-f35a-493d-a160-8e6292da33f5,5cae196d-fd0c-4944-8120-41d5abecb290,-4,0,-3.416766272521109,0.39151018201403825
818d210b-ff1b-411b-ae08-e2e1aac157e7,2024,2024-02-28,65cf0d8a-0a5f-4572-8516-53809f66ba44,51a31921-d3f2-4514-821c-23df38e74559,-4,0,4.656143273536354,0.6306187089469979
850a8d20-86d9-41ca-8bfd-b3261fd708ee,2024,2024-02-28,22ae415e-1335-4b89-a126-bbc7a1d7901e,dcf85f3b-a79b-4a61-9cd9-d6a90541bf3f,8,1,6.36018093814288,0.7686393395699749
8526bfef-3ce9-403a-a5cf-a88bee7bc008,2024,2024-02-28,19b40071-00ca-4d8a-8188-a03d635e9811,a839c106-a16a-49d3-a86e-aa5e068b76cd,-16,0,-7.350020967651149,0.1805091553514763
91109b2a-4ddb-4476-999e-f30214afa1f8,2024,2024-02-28,3a30d561-24be-4bfa-8d8d-75e645c4ad5f,95466c2d-a184-48f8-849c-d6957bd1df52,21,1,8.061072876852668,0.8073918038155078
95459546-f749-4fdc-ac85-44a7e4dd51bc,2024,2024-02-28,a7951831-d013-4591-8037-4212b4a85c3d,45e40bdf-5c84-42ca-84d2-a823db0b6609,7,1,10.871667947083358,0.8604472162229717
a4848dd5-9898-4eb0-ad59-f6d0e489e280,2024,2024-02-28,312a943b-3a6a-4f8e-96a3-02cf6ff38b41,63eb578d-eef3-448b-b0ab-b4892ef058e0,4,1,3.3783300715126057,0.6157662544251823
abe1728d-a890-43ba-a65c-50181b49262b,2024,2024-02-28,9c1431a3-21c9-46c9-8335-1b85a6022223,b4c9b613-0bc6-4295-b293-3b56c2020f1b,-6,0,-0.992489748300777,0.4593971410140474
abebb0c9-cc8a-4ca8-aa6d-46a6f12f90e4,2024,2024-02-28,238b3f68-0b29-4056-97f6-6c10a093cd62,63627b20-aa4c-4e0d-bcfc-40a5fe150e8a,-19,0,2.94326858678267,0.6089413742196254
b23cc0f0-5b69-44e1-8f81-41b9f50f954d,2024,2024-02-28,49c78722-1476-440a-9de1-896fb7b7db88,629ca4e3-9243-47ce-8a02-ee7fe38e857c,-22,0,0.03838527349329614,0.5604221554336803
b987c418-e53d-4276-9b85-60f788937c15,2024,2024-02-28,7eefd1e5-aea4-463e-ae74-c628b0fe170e,2408f22b-e753-4c5a-9353-be75a4fb2164,-8,0,5.454268741888147,0.7220375331145916
c9d6ad69-1cc8-4a9f-9447-c06f223677b6,2024,2024-02-28,424f7a7a-158f-4ad0-adb1-4b3ebe25b11e,e7f5f157-7a33-43ad-8282-59e1c4ad9b25,-23,0,-4.423307019445375,0.3229867462051887
cafb3d19-81b9-496e-9fea-ca9ab08a9d04,2024,2024-02-28,ef75db17-4afb-4e3b-a928-30e871ec130c,2ed44d95-e306-4823-a4c3-196ffb777766,1,1,0.8762973606152885,0.5637910974045077
ccfa5628-d907-44c1-a584-b4a152a2504a,2024,2024-02-28,79bf464f-0d3a-4992-b310-86d2abbc2244,9341db15-6a24-4506-804b-e37983918ab9,-10,0,-2.72463362241691,0.36639596877291564
d320548b-c0cb-44b9-964b-01fc96914d16,2024,2024-02-28,ed50f577-3ab9-4627-80f9-bc931ee42370,16aca559-5828-43a9-ada9-f35f973f4863,14,1,14.626732463776655,0.9441429568545505
e0888050-06c1-4bd0-a658-2fa972ca9f53,2024,2024-02-28,3763fb9f-1ebe-4dbd-bfc9-6638b14a2a51,e1ef03af-e420-475d-8a35-c6e5380e9f6d,-6,0,-8.935076512733811,0.25843294246942394
eccab5c0-c830-4ea4-a904-12555725b176,2024,2024-02-28,3457262b-c7da-4834-a20d-ad6be302a671,a2069f0f-fd2c-4971-b3da-6ba010532fcf,4,1,7.599384442607085,0.7960047598153207
f20752e6-099c-4353-a686-be47c823fd68,2024,2024-02-28,791eb121-5f34-499b-a1ff-469bc9007fe7,adf7b22e-19a9-437e-ade2-833bb31da77c,9,1,5.607862894740877,0.7598775584925866
f52e6d9c-dd0f-439c-a2ed-cd9204d82cf2,2024,2024-02-28,215ed27d-58e8-4e84-ab60-6d170d404304,a9569511-9e5c-45d1-b958-3e29c52f612e,-7,0,-0.2588681380120318,0.4459479835891033
fa6feac5-393a-4713-bf9a-ff70af1e7563,2024,2024-02-28,5bd874c9-de44-4954-a4f6-428ed3fde8a6,da828fff-cee9-4151-bc4d-983ee436f573,-22,0,-1.2376460313749713,0.42241335774875943
03a3b43a-7209-4204-bfac-a50bbc82edf7,2024,2024-02-29,fc7ccbd1-42ce-4200-b33b-0f8f3de48473,8b8c3790-682d-4010-b304-45ce213ad62f,22,1,23.31859767203172,0.986403833347148
046a3f15-fb14-4e7c-80a3-15d1ade55155,2024,2024-02-29,c79306a4-5139-4f8b-8b55-21b42e22858f,b20b957b-b406-4f6d-8f7a-2f88e3b49bd5,-10,0,-4.195079127485589,0.3312751974268522
06f11cb0-6319-451c-8fed-8f5f8ee959bf,2024,2024-02-29,b1937cc6-0f34-4060-82ec-b2bfe4c05aad,c58166c3-f02a-4e33-9fd0-9fa7b0711d94,2,1,0.2603957339540742,0.48539402796358305
0ce3df30-165c-4c6e-80d0-c1df816feeb5,2024,2024-02-29,6cc29af2-0d45-4399-b571-caa43e20e554,7af1094c-c99d-43dd-b41a-1b72a81abfb3,20,1,-2.932018971329386,0.40798955277390236
0f8d2dc4-761d-44c2-91cc-d3f1efcbeb46,2024,2024-02-29,730db31e-4fab-472d-bf25-7b882deff0b7,39decbb3-b24d-444c-970a-39aa53a01ef6,11,1,10.67296140551988,0.8992648571469251
1c0fe099-52ab-4703-aa19-d6c1135f2ed1,2024,2024-02-29,2f2d6799-40af-4256-9dd9-412be50aa14f,df2a7293-fc74-4f81-a93d-98c8989ea725,-14,0,-1.359368861084527,0.390243470751772
1c8733e0-4627-4f47-b7be-49eca6057a72,2024,2024-02-29,8cd2a215-aea9-48bb-babb-e5d8cf0cb9fd,993f004a-13e0-4079-8706-332aafab29c2,-4,0,10.68977375708567,0.868001113725979
1c8ac46f-b78c-45bf-a47a-cc6b5492d174,2024,2024-02-29,b80e54ae-3b74-40f3-9954-a1b0805cd1e8,754d9f26-9ca3-4bb8-8aa3-065bcf9ec6df,3,1,11.569899934062631,0.900266598623662
237c95a7-c8a6-44f3-9f58-e8d46c1ded7b,2024,2024-02-29,644a0213-9ca5-4238-af33-7c8ed45fc88b,6068f6c0-7e92-4dc4-9da8-1bfbdb60cf2c,9,1,0.21872358910884038,0.5291635491157608
3162ae0f-2b9a-4545-826d-d4ecff36fbf8,2024,2024-02-29,dbfecb75-86bd-4650-9fc0-4d85eaeabbbf,268a2907-58d0-4693-98bb-a6cecdae1c63,4,1,4.93287512451824,0.6562271458638543
3d1353cc-f876-4928-9780-e52c3b8c6114,2024,2024-02-29,2acb9682-4dbf-4e25-82b3-0124cb5c07cc,c58c3009-46ec-43bd-b27b-b0d683ab2cad,-15,0,1.8546115668947214,0.5890505370703767
42d6ea6e-7f45-47f8-8c8d-30da37adfb57,2024,2024-02-29,89dd92f7-46c8-41a3-be81-ecb12f1cd4c7,eddc4725-b4b2-4442-b2af-8853210d0e96,22,1,0.9659383198543615,0.5673405968886727
4eb46657-9b6a-42d7-b0e8-7de7c4750ca9,2024,2024-02-29,125fc4dc-8f42-45a8-b23a-3e50f4620499,7747d9fc-9e15-4b0f-911e-ba64828748ed,-18,0,-6.102545953306943,0.2788834920913622
4eec2db5-ce01-4689-9627-0bcfbb7831c1,2024,2024-02-29,a7f405f8-389a-4a00-bb71-6d07d48f4fe8,b1b6c3d6-c825-484c-a8fd-a4e0816d19fa,13,1,0.5988114887614409,0.4731608580051084
4ef4b2b0-69ed-440a-afca-df059b50b0b5,2024,2024-02-29,88fe7301-2d1a-43f9-ba01-e8f7795634b5,629710d8-479a-4efa-b5f3-d77767ddce70,-19,0,-8.616864842423146,0.19313669230100763
5942349b-dff3-474c-952d-63bd7eb454d5,2024,2024-02-29,f5583f43-2ae1-4834-b364-107222763dde,cf2f7a41-56d5-4c2a-b4f4-fb9d1c933b22,14,1,9.553225670723906,0.8706807815688232
5ba14adc-805f-40e4-9213-7308e94bc73a,2024,2024-02-29,c0dfc734-0d40-4cba-86b5-fb2ad5c73da1,ea8c66b5-8fe3-41dd-a56a-b85bfdc613c3,-11,0,-7.9834208835710925,0.23029282741319
5c6dc022-06b6-472c-b935-aa7e9f9d4f7a,2024,2024-02-29,7da2e7c8-cee3-4ff4-be74-58d324c5ff71,e5bf7042-0036-4e9d-81f3-3126a9675ce0,27,1,10.169326474724977,0.8456027927911719
60b4a11f-c665-47c4-8a1a-0b88b6433199,2024,2024-02-29,c05bd27b-1eb5-4bfc-b1ec-29735fe183f2,ebf92b73-233d-4523-8429-ab00d5af1966,34,1,4.453343385970374,0.7232054835854569
65ba9042-182c-4fd6-b05a-52364eb3c3a7,2024,2024-02-29,db374003-37d9-4d61-a3f3-7abec141d33d,da6142ab-a5fa-48a0-b6ec-864a8119be75,-26,0,-13.896432506163247,0.06951530258955996
672b6b38-e96e-4f0c-9377-feb25a00a73a,2024,2024-02-29,2493388c-6fee-41f1-90b0-e82a447a607a,4e6747c9-6a64-4fc5-b96c-e38ea635f22c,-9,0,-0.14703505183163793,0.5894955226843409
68de940e-6698-4801-9a7f-fceb5b43e8aa,2024,2024-02-29,8af88029-6520-4f85-a99b-0f10d820a167,4e9067f6-7760-4a2a-ba37-273c77915540,-24,0,-2.6779168630404966,0.30086683793160024
7080fb04-ea41-4bb0-8a32-cbafcf161787,2024,2024-02-29,853125a0-ce88-45ba-9815-9387fac3d278,1394e3ce-706d-4097-9aaf-cad5d38aa5a0,30,1,5.998954606155122,0.7775800343966542
708502d2-c8f4-46bd-82d8-34c79fc2a12f,2024,2024-02-29,e1ee7493-ca48-4d8c-aefe-83427a4e66af,0d6ccccd-6ee7-4ed7-a231-381c6b268e2b,10,1,1.2238857690805487,0.5691699103197002
724c7495-c5aa-4a85-b68f-b1a2c6f8adfc,2024,2024-02-29,e3158bc2-1467-4311-8540-c4f77e10aab2,8e26bcb3-616b-4c7c-a709-bf30d2ddce41,24,1,2.4005014084787613,0.6355656285263576
830fb31d-f1e7-4383-8c4b-616847ba6ae8,2024,2024-02-29,d0cd742d-b4e6-4f30-88f0-872c2ac1e51f,2607ab7d-2f54-4540-9b2e-d27703407118,4,1,6.0180670840094,0.7253564713738224
92090896-6a35-4ce4-b667-cac0a4f23964,2024,2024-02-29,e9813fa7-c976-4ad4-a455-2f05235e93cf,0b751b74-e572-43a0-b324-54eeefac4d5f,5,1,1.3218125123486721,0.5306990065764238
922bb072-65a5-4530-8a54-1df69ce51f85,2024,2024-02-29,10a27e98-10ab-4397-bb74-d3a92cc590dc,0b950934-3f06-4a8a-9251-83e3f1827e68,-20,0,3.31893451042331,0.6434355693195956
a17e51c0-9a9c-4034-a1be-a9a031cea131,2024,2024-02-29,e6b0799b-abce-441c-929c-964306f8fc27,639774dc-a89b-435f-80d2-4c65549fd3c9,-7,0,0.6978199722146846,0.5806738323337853
a29c0e75-bba4-4abf-a245-2bc64b6430a5,2024,2024-02-29,ba033ab0-c07a-4b71-b7f4-243ae194d23b,99b16ea6-899f-484c-8a9d-b2b5bb872d9d,25,1,7.713235333454929,0.8140964221475684
a93ba67c-fa8a-4fe3-8d35-13796fae7fdc,2024,2024-02-29,f162ea30-6b86-48f3-bdc5-48c97448256c,92b76481-ab53-4e96-a0ec-5f522c031417,29,1,27.44862524063538,0.9891937845557085
acd6e071-fcca-4397-af4b-ec52f731fc3b,2024,2024-02-29,3a4357d0-0685-439d-863f-f854c35e4c42,873b654a-5825-415c-8a11-5e5b15bd2ac8,8,1,-3.6970820694389497,0.3421899528097099
b7787218-d9b7-48b3-9833-e8e82e3dd3b5,2024,2024-02-29,051d13dc-5152-426a-affd-0cf01ef80268,7ca95dca-8ca9-42a6-b9a5-307d339df9b7,-2,0,1.1143935363058948,0.4387956680522457
bd9ea4ea-8b44-4f7c-95bf-2d00e5d8c223,2024,2024-02-29,48a6c30c-21c1-4d12-ac7f-590a1fdb0238,e308f5e0-c422-490c-901a-575bb49f1c7e,17,1,5.390005651461619,0.7304321284872505
c8b53ee0-43e8-4a9d-a0ad-afc37627b829,2024,2024-02-29,735ab24d-9a04-4ce0-aa11-f1cb2c1804f1,14393a14-3128-4184-bf05-72f6bf2a357b,-19,0,-7.681556567789633,0.21698636563754795
ce2c26fb-368f-46c8-95c6-2cc58d0495c1,2024,2024-02-29,d7bc8ff0-3522-40a8-8309-346e8b4cf9be,8a753611-1c3e-422d-8c6c-5721763b5574,6,1,6.331773033874506,0.7501589179311832
d1507d60-1c5e-4821-a107-709cf71d5e1c,2024,2024-02-29,4b962e36-92f2-493d-a9d8-e62b725d5b76,6474358a-819c-42e6-92d7-0fd3ce20d239,-11,0,2.097872795854921,0.6354332011377314
defd0a7e-a14f-43c8-b83e-ff12ae3dbd7a,2024,2024-02-29,52739295-a20d-42ea-b09c-a1e17be40d02,00aed6ff-2151-4d45-8b3c-776ebb0a51da,3,1,1.3167239006374452,0.5421420456341313
e14a0982-9312-46fa-a0af-b2d75f92a8b4,2024,2024-02-29,2ba07bf8-0306-417b-b7fe-b2d29b7d0eb1,5091ac5b-fcb1-423a-9cf2-0981de634633,8,1,9.422106257237735,0.8673716436684552
e640316a-b6ac-4118-bfe4-ef199b7d4d86,2024,2024-02-29,38cf12f8-b27f-4c69-8f14-254930816a8b,d8cd723a-1d76-4abe-be2e-516e52724947,-26,0,-14.639210570995576,0.07485068542631255
ed3b4d40-a07d-4bbe-86a4-f4becd01abd4,2024,2024-02-29,31108a77-31cf-4228-9c6c-3a9665e9e17a,8c121ba7-b028-4d29-8ac0-bfc3c1ff7b57,5,1,-10.171832659693308,0.14993999970401203
f151e784-acf0-406b-8070-ee1eff3294c0,2024,2024-02-29,717f3cf5-bc65-4a66-8f05-191decfbf380,65c68c5f-fc3b-4781-a912-2a4b17be699e,25,1,10.610010215097924,0.897715587043461
f3b791da-38b1-4343-9c01-8200a686f728,2024,2024-02-29,29fcbb70-fa3c-4806-8768-15b5ec4a8449,6b296d7f-de88-4a16-8a22-b28077a669c4,12,1,1.6256183147506926,0.5962368056838985
0b89def5-9ae5-4241-8696-3cba09603ebf,2024,2024-03-01,3e3e940b-dd81-42f3-88f8-4e988278be04,a4e0b7c0-e98b-4e65-9408-e26a9aedac8d,16,1,12.063692567188706,0.880407440453318
0cde2380-7220-479b-8adb-f852c0314e0b,2024,2024-03-01,5320f527-fbbd-4bb0-80d3-0de759475d59,91d935fa-7d8c-41e7-a184-72c0f770d10c,5,1,-3.5410841101879074,0.36937066144864716
3484d0ec-0341-47b8-a4e0-a4be1b156639,2024,2024-03-01,9611a021-de39-4ca5-8188-6387e4c99fbc,e250c58f-f6a5-4da7-aff3-c6770b9a14da,-6,0,-7.604677220490276,0.25828444231494685
36ab6440-d249-4b1b-b8ac-736a1594d1b6,2024,2024-03-01,fd42047c-b7c6-4dbe-93e7-69cfd125995c,d8e747fb-453e-4894-9a8f-08598fead336,-2,0,-3.115343739428681,0.30228586155607295
4e13ba93-cb25-4654-b154-38a9838b0975,2024,2024-03-01,ec7d9da7-9286-4c01-98ce-3a10ec231612,401408f8-2ce4-4ef1-97c2-5a68c979ec7e,24,1,20.0139238910115,0.966017070206467
507ee0f8-0825-41ad-ad65-253a244e4311,2024,2024-03-01,f3cf8061-767a-4873-9e24-5cc4c9a6a1b0,1cabfd4b-0114-490e-8d0f-1257cd7f0ae1,7,1,4.635565271539818,0.708976889100803
5650bb3d-e4ca-451a-a062-16291c759d74,2024,2024-03-01,82ee0a8d-e51c-4a87-bd7b-72707ec8b342,0c8ee784-d7e9-4ac4-b0c7-3ca89567c515,3,1,0.5320122724586448,0.5191336269377091
5b39cd68-59a2-4a4d-9853-11f07670741c,2024,2024-03-01,238b3f68-0b29-4056-97f6-6c10a093cd62,f9c26112-b1ea-411e-b273-e74e8ce3f1ff,19,1,3.4752292145800987,0.6172916660479878
5d19df74-f79c-4c4c-889a-dfb98b4fbabc,2024,2024-03-01,04119628-781b-40f9-ac7b-3c8fe82375cf,63627b20-aa4c-4e0d-bcfc-40a5fe150e8a,-2,0,0.3088064163922568,0.4701670321850731
60524391-fa90-4763-b54e-83274fdf5841,2024,2024-03-01,89949731-8bb3-45c7-a6f6-798934261b61,f73ebf9c-90d9-4d66-b403-056ea4ea6b30,14,1,13.256647027470986,0.923818730170259
7e51f517-4d42-44d6-9808-d5c6f688c8f6,2024,2024-03-01,e42183ad-b44a-4746-8c0b-148ad61bab43,45959b35-f1e9-462f-aecf-565395a6fb6d,12,1,16.099369332016014,0.9647172547967305
7e5456dc-3539-4f55-9253-f286fdc2b185,2024,2024-03-01,9b465025-fe2a-4233-b24e-310dbccdf4ed,f6d188d9-c992-4de8-801d-4995b25abaae,-10,0,-0.5956995285759928,0.49405882494808223
80243f92-b6ba-4499-bb46-b8204cbd0025,2024,2024-03-01,f18598d0-e0e1-4f15-95f2-e11df8bc3126,1c1c3846-4bad-48b3-b8be-dba7d24af981,8,1,12.598568545046467,0.9185560657653159
8abac813-a623-4dbd-814d-966681701f99,2024,2024-03-01,a64af70e-61a8-4777-8e8d-9a7815f78f3e,58bacfff-257f-4f54-bb05-241bd6353626,-18,0,-1.347612684172971,0.5059913908978068
a5459e87-ff8b-4733-a9d9-272874946b23,2024,2024-03-01,2ca82167-d915-492e-98e0-4ee592960583,f93c4c92-e869-45e6-8970-2a02d80141c9,17,1,5.563915463608471,0.727645848824078
b5b50f77-0af0-4bca-9c49-182d98947073,2024,2024-03-01,9a06c3a5-a344-48e1-942e-a22438b842ec,9be057a5-becb-47b1-b84f-041147698411,3,1,8.405021575199779,0.8347246974662005
c0ff813f-8566-4088-9b9c-73c82bf3ef78,2024,2024-03-01,113341aa-9630-4951-b161-71419ed62dbc,da6b8f1b-a85b-4303-8500-c640c0d3132f,9,1,2.9550754811688034,0.6016832893993489
c2fdec5f-bf7a-4545-a44c-5a0b3c89b9f3,2024,2024-03-01,00a52b15-70b5-47b1-86c6-8e30652728c0,7048a12e-ec8b-4bf0-a475-1316775a4964,5,1,-6.292086903809203,0.2621902567909468
cc3f42bf-d7a8-444c-9356-4dad4ab207b1,2024,2024-03-01,8ae6c27f-063b-4e7b-bbfb-653f496560d6,f1cb5c3c-2ff5-444d-8c0d-5c1244f07909,3,1,3.3990636617560663,0.6337933168430022
d35ca6e2-8df0-4351-a844-87165bef8b9f,2024,2024-03-01,3763fb9f-1ebe-4dbd-bfc9-6638b14a2a51,f48b0b87-86fe-4b7b-8bf3-9d541f495284,3,1,1.8322656602778054,0.5468375627227458
da27c74b-f2e0-40c3-b113-bf366010897f,2024,2024-03-01,375514f8-f93e-4eec-ae0b-6615ec954e45,f2e0429e-8513-40eb-b536-1aca6697aee5,11,1,5.446524757805265,0.7497319553739935
eb2a497b-5c44-447c-9f92-1e37107e8318,2024,2024-03-01,4928acd4-6738-4045-be81-20132f6471c8,2198dbfc-96fd-40be-99e1-e697e4c3d996,3,1,-3.663509573430064,0.3452463875245986
06af8cac-c884-46a6-b93d-95d6bc4fc11a,2024,2024-03-02,dcf85f3b-a79b-4a61-9cd9-d6a90541bf3f,adf7b22e-19a9-437e-ade2-833bb31da77c,-7,0,3.298457203175868,0.6696484455597371
08fa463e-45dd-4eac-b1e7-84b71bf7e894,2024,2024-03-02,a839c106-a16a-49d3-a86e-aa5e068b76cd,c71ebd72-5c90-41d5-b1fc-544e4695d9d0,3,1,3.10633914275337,0.6206740456836788
0a33f868-13ec-459b-9a70-517f4897e4be,2024,2024-03-02,5f480384-0cfc-4e90-837d-db9cc8d292dd,6b296d7f-de88-4a16-8a22-b28077a669c4,-3,0,-4.459194169036479,0.33056116650878203
0b109ad4-06ed-4a49-9d03-96c9e8fecb0a,2024,2024-03-02,051d13dc-5152-426a-affd-0cf01ef80268,92b76481-ab53-4e96-a0ec-5f522c031417,36,1,12.205069007112874,0.8598093583959809
0fda3c72-dfb6-4d10-b4ef-7faefc848d63,2024,2024-03-02,57144631-7473-4b46-a437-8e2d8c760f87,19b40071-00ca-4d8a-8188-a03d635e9811,-3,0,1.5972646129336239,0.503185116854873
1207c57e-4f1c-4f2f-924a-045ae00f5821,2024,2024-03-02,09fca7ef-baed-4af0-a553-465ae1160049,a7951831-d013-4591-8037-4212b4a85c3d,20,1,11.653650783429296,0.9137677822303283
1ba61878-d98a-4a6c-afd0-c5e55cc811bf,2024,2024-03-02,4c4cb93b-7b16-46b7-9d21-5ff908de25a6,dfdc9d0d-4a83-4244-9c07-9b3660ba4f6f,18,1,13.469633155985784,0.9222730426053138
1e0fd8e5-223d-45a8-9266-7f903d9e4529,2024,2024-03-02,bfd4c500-09b6-46ba-81ae-48b13f8345ff,2e49ce6d-63ef-45d9-9048-67fcdb01a46f,-7,0,0.6666513419563143,0.5152349140609658
1ebc3b7e-d0f8-4665-a85e-e16c071ef1b1,2024,2024-03-02,e8e72618-33f8-4013-8305-43775a278752,4c073afb-cc2c-4ed2-bd8f-2f545ae1bea5,2,1,8.077662569805193,0.8124615394990796
1f8797da-e866-4c18-8870-71a70673f374,2024,2024-03-02,49f72498-1bbd-48b1-87b9-cc90196e205a,74434c65-ac07-4a97-9998-737791311fb1,7,1,11.542576004509916,0.8839324588668535
20973db9-2835-45f6-8239-470354b46120,2024,2024-03-02,48a6c30c-21c1-4d12-ac7f-590a1fdb0238,754d9f26-9ca3-4bb8-8aa3-065bcf9ec6df,-7,0,13.305722383386284,0.9098727257121686
20b9cb02-a1f4-4a60-9b54-e8e1b94de4f8,2024,2024-03-02,4494a75c-3ddb-41cf-b75c-67fb9c0537c9,2deaf391-9719-4c95-bb3c-acc6f8baba86,-15,0,-4.18650628268163,0.3157881863765306
24b92030-c828-49a4-ae95-f288833474ca,2024,2024-03-02,e30e79ea-8947-4c58-9842-25781182ec2e,63eb578d-eef3-448b-b0ab-b4892ef058e0,10,1,4.951365711809003,0.7020396366494155
2bb2ea86-c1de-4e5b-b50e-c76b12bebeb1,2024,2024-03-02,5ace87dd-23fb-4317-bc7f-8d80556ae6b4,ea78667c-bf16-4084-80cc-2ab61a0e05d5,9,1,-1.7640499757123935,0.4144995675843466
30ae5989-f09a-45c2-bc7c-4a9e6a8e02c7,2024,2024-03-02,0b9bc135-badd-4fc9-b7bc-bebccb08cbf1,e5fae797-082f-4354-8c20-2c1c22c6ac8f,29,1,11.275329063250739,0.9010533275215404
33333512-6264-42e7-9fb4-e2af5eff63f0,2024,2024-03-02,2493388c-6fee-41f1-90b0-e82a447a607a,ea8c66b5-8fe3-41dd-a56a-b85bfdc613c3,-5,0,-5.38498619614103,0.3216507946930761
34ac6110-0e47-49ff-ac79-502a881629f6,2024,2024-03-02,58617cc8-94d5-4f69-a677-9ab4cdc52a33,33176e8c-5f9d-4bcb-8c56-9a0a5f7d7f1c,1,1,0.10800946366084768,0.5338382084474027
38b6ab57-f001-4f8f-b669-d219d3f6014c,2024,2024-03-02,8fce643e-75f7-4242-b565-2a4818e1eeba,b7c2bf0a-248a-40d4-aa1d-bf6329590a4f,-2,0,4.269480073294535,0.7211112187925273
3d203207-8d40-40b4-8a45-a9ee82e659ea,2024,2024-03-02,791eb121-5f34-499b-a1ff-469bc9007fe7,22ae415e-1335-4b89-a126-bbc7a1d7901e,-19,0,-1.672353087164115,0.4455570555235692
470a574b-4f85-4c3b-8102-4f0ae33ab87a,2024,2024-03-02,cc07b31b-464b-4cb9-89d2-ac26ffe3e5f4,03a91d53-3b06-4e76-b037-9c97d09645f6,8,1,14.183321803655904,0.9367866976297489
4916a61c-bced-493a-b9bd-f727cb4cee6e,2024,2024-03-02,f92587ee-8d25-4b09-9a60-6203f75c974f,dd1136c6-9974-4186-b206-7e24f2bf7dc3,9,1,11.748424230746735,0.9127156209082358
4a205b2a-7292-4398-a4aa-1c6e03777381,2024,2024-03-02,2dc64ab1-cde8-49d4-a343-298600450708,69e6a4c4-bb68-4c30-86d8-3cf7d51c7db7,-15,0,-3.576648203462395,0.33815889752026335
51f4cb53-6dd1-4d1e-b170-86f04eaeb57e,2024,2024-03-02,da6142ab-a5fa-48a0-b6ec-864a8119be75,7747d9fc-9e15-4b0f-911e-ba64828748ed,-13,0,-1.6675911957366971,0.44410819849695854
521cb9e3-7d41-4293-a919-a6e20c28181c,2024,2024-03-02,c79306a4-5139-4f8b-8b55-21b42e22858f,6cc29af2-0d45-4399-b571-caa43e20e554,29,1,11.16404367983379,0.8497269972490809
52590189-85e4-47eb-96d4-be6ed31cdae8,2024,2024-03-02,97bd823e-8c6e-4942-a5ca-735b3a45ebbc,b6c9db49-45a1-4d98-9a80-dbbe19471992,9,1,7.531909823169517,0.8376214567531814
528ca869-2f6d-49e0-9901-6f45008248a0,2024,2024-03-02,7af1094c-c99d-43dd-b41a-1b72a81abfb3,b20b957b-b406-4f6d-8f7a-2f88e3b49bd5,-17,0,-5.908439998869791,0.23637788583196678
5660bd39-cbf0-42d8-9888-8e180e462ae0,2024,2024-03-02,e06623a6-8f03-43b1-83f4-b653f6819ea2,b255fc28-3428-4006-adf1-9c1001ecb1a3,-14,0,-4.296845241707615,0.28824211147687284
57545983-9a92-4988-bb1b-335519dc6f5d,2024,2024-03-02,54e8cb38-83f4-4866-b3d1-d0e1dfc530c6,b1b6c3d6-c825-484c-a8fd-a4e0816d19fa,-10,0,-3.767942108572939,0.347473688953781
58a7bf31-d58e-4593-a723-9743ad8c8b3a,2024,2024-03-02,268a2907-58d0-4693-98bb-a6cecdae1c63,d7bc8ff0-3522-40a8-8309-346e8b4cf9be,23,1,2.4213171611298665,0.6187259030967183
5d3911e1-c94f-4335-a456-ad99d7f4d11b,2024,2024-03-02,3a30d561-24be-4bfa-8d8d-75e645c4ad5f,60ee2d19-003f-4603-a2ad-838b3e6d6cc0,14,1,4.551226809528946,0.6807468541800259
5d6bc6b0-a7e0-4bbe-b12f-b238018b2e5b,2024,2024-03-02,20abe49d-2029-4327-96f6-389664f5da7f,546e1911-9caa-499e-92f4-afa9c6b1e8c2,-13,0,-5.193925695655065,0.3906260303026204
6317dd64-1d5b-4e69-a140-4b14c3bd5655,2024,2024-03-02,0b751b74-e572-43a0-b324-54eeefac4d5f,3a4357d0-0685-439d-863f-f854c35e4c42,12,1,2.820141509884105,0.6148134766379498
6390df0a-1ada-45d2-baec-cd75aceee453,2024,2024-03-02,f162ea30-6b86-48f3-bdc5-48c97448256c,7ca95dca-8ca9-42a6-b9a5-307d339df9b7,22,1,13.122518379326872,0.9224501875682918
642c191a-ae0a-4866-a159-1b3781de8aef,2024,2024-03-02,e51fb2de-db51-4fbd-ab63-2a069c126779,9c1431a3-21c9-46c9-8335-1b85a6022223,16,1,11.46026587043116,0.9034018964651801
646758b3-d212-4826-8168-00a889299ea5,2024,2024-03-02,33a4f970-bbcb-47ad-9bfa-ae6f0eaf792f,be683752-ceea-4783-ae94-66be0178e1d1,10,1,9.598984996976144,0.854657191957486
6a8a12d6-cfbd-48ea-9a85-b0e97fdebd93,2024,2024-03-02,f916ec1a-cf31-4b3a-9d55-a8bdefbea199,2fbd9d1e-084b-43d2-9c7b-10ce0782be7c,-2,0,-2.2115741750193827,0.35746123916750877
6c3c9876-f98a-4fe8-8347-18167474e156,2024,2024-03-02,5052a2f3-f41f-41e4-a681-c6277fec0404,73db7905-652b-4320-aac7-243f2f2f70a2,9,1,8.620667115214196,0.8186360092752569
6c63df78-9732-4fd6-a629-a05599a0bea7,2024,2024-03-02,7293bb2a-8d08-4752-b00d-104a80da0371,b9428966-4d6b-4db6-a403-5cd503366633,-11,0,-3.143345344598515,0.38755516337248097
6eebb63e-c6c0-4352-9d1a-3a74162589d2,2024,2024-03-02,8925b65e-4ce2-4ec3-b501-c0075fe06b52,79bf464f-0d3a-4992-b310-86d2abbc2244,18,1,8.07919940272334,0.8772845179443514
6f6d27e1-d4de-4389-bc2b-92aa4b236f41,2024,2024-03-02,fd495afa-fc22-4081-905c-24f40ff2656c,c51998cc-ad65-43ec-88c6-a0f160ff7902,-6,0,-6.121209174042012,0.2531090072535151
71a3448b-7377-48da-a1a8-501f830eb320,2024,2024-03-02,b4c9b613-0bc6-4295-b293-3b56c2020f1b,a7e91e1e-3644-4f3c-bda9-edddb9602a27,-8,0,-6.09042888997951,0.24369707971783636
734c002f-4920-4f1c-aa50-a1703843e8da,2024,2024-03-02,8a7ae133-e612-4f1b-911a-a72870f8b4d6,632ba9bb-afd9-4b5c-9c3b-4e60816c8e4f,6,1,2.4382558854407717,0.5408546564231317
768dd896-3aab-4695-b34d-c20d0a969e95,2024,2024-03-02,b9e1a15d-9de2-45e6-9fc8-b3444d1bc0b5,51a31921-d3f2-4514-821c-23df38e74559,25,1,14.225504373790104,0.9550180107412175
76f1b1c5-4f5b-45a8-b844-61c72a07c328,2024,2024-03-02,7da2e7c8-cee3-4ff4-be74-58d324c5ff71,2acb9682-4dbf-4e25-82b3-0124cb5c07cc,25,1,8.045027790760141,0.7937886122617612
77de31fc-79ca-4f1e-9b96-27af96f90bc2,2024,2024-03-02,a9569511-9e5c-45d1-b958-3e29c52f612e,101749c8-ec05-4370-a95b-47f56c433623,-7,0,6.19194565315343,0.7902700461244563
798288fe-e78a-43ca-9944-cc1a124268f6,2024,2024-03-02,ec7d9da7-9286-4c01-98ce-3a10ec231612,f1cb5c3c-2ff5-444d-8c0d-5c1244f07909,20,1,9.398245269791966,0.8490602889569864
7aeec03b-e4a7-4d13-9c7a-f12034e47e25,2024,2024-03-02,dac01aea-9f35-463a-9dce-75d4575160dd,155c1dd9-ba93-42ee-a28c-238768724494,15,1,7.9516940182380145,0.8098710167215275
7ec9da12-73b0-4e01-b2dc-f80819cfeab3,2024,2024-03-02,d0ec4581-205d-4391-a765-06ee8de241d9,2607ab7d-2f54-4540-9b2e-d27703407118,-2,0,-0.4231193186023712,0.45259314993552735
84b79513-896b-429e-9124-7f4d1db4cc24,2024,2024-03-02,4b962e36-92f2-493d-a9d8-e62b725d5b76,d8cd723a-1d76-4abe-be2e-516e52724947,11,1,3.1896196233778067,0.5632620626666903
87fb534b-5a2e-4a97-9f24-21e859c1a0b4,2024,2024-03-02,cb1440b2-adac-4775-96c8-c4f00641d353,312cd404-9fa4-4f04-b8b0-cfed95e31398,12,1,1.3197023827097454,0.48580662157367016
8c595644-2cae-49b9-9ab5-0480ea088cc2,2024,2024-03-02,2408f22b-e753-4c5a-9353-be75a4fb2164,49c78722-1476-440a-9de1-896fb7b7db88,21,1,7.311150912075066,0.806510906301228
8d24df04-12cc-4d4c-b582-9c74212774d7,2024,2024-03-02,b2d5fddd-b407-4fe6-9d70-e921ab7b7e1a,67505072-f35a-493d-a160-8e6292da33f5,6,1,12.534089743890144,0.8858387515720656
8d4d6232-cbb1-4beb-ac97-8c8a9967c9dd,2024,2024-03-02,8cd2a215-aea9-48bb-babb-e5d8cf0cb9fd,8b8c3790-682d-4010-b304-45ce213ad62f,-4,0,8.01945000050278,0.8174883060462284
90fe97cd-ece0-452c-be30-3310c967db5e,2024,2024-03-02,eddc4725-b4b2-4442-b2af-8853210d0e96,88fe7301-2d1a-43f9-ba01-e8f7795634b5,19,1,14.762265695713438,0.9335381417429321
920fb197-e0d7-4992-8a91-3fb493c332a0,2024,2024-03-02,8c121ba7-b028-4d29-8ac0-bfc3c1ff7b57,125fc4dc-8f42-45a8-b23a-3e50f4620499,7,1,-2.8844371077736235,0.3026738454745923
96a4be1d-2885-4167-807b-acb55871c5c9,2024,2024-03-02,26d69f75-49a0-4d07-968b-2b549e059c24,89a85f65-8bbf-43db-b23d-362af1afc44d,12,1,11.478898578905483,0.8821195933512501
9b30383a-8dfd-4cb0-9929-168ba9283739,2024,2024-03-02,4eaf68c0-dd32-4705-8f2c-1c1dd2880a74,16aca559-5828-43a9-ada9-f35f973f4863,5,1,19.795407195610217,0.9833110080332874
9e6005f9-f2b4-441f-9fc8-4344de885e49,2024,2024-03-02,bba8eb68-9989-447a-90b4-27c8d0d32bd1,64c5c3a9-f1f6-4f48-b571-1de27621f06c,11,1,3.198006205410245,0.6818481745261606
9ec20f39-47d6-4cec-b0af-78c6499ffe8f,2024,2024-03-02,3280e439-7a98-4ebd-95dc-1a1281ccab00,6474358a-819c-42e6-92d7-0fd3ce20d239,11,1,5.944640931647472,0.7706427120460706
a5561c29-fc16-45a6-a75f-5b44e7fbd75e,2024,2024-03-02,e3158bc2-1467-4311-8540-c4f77e10aab2,c58166c3-f02a-4e33-9fd0-9fa7b0711d94,-3,0,0.6529273435644973,0.5033142740988524
a806c9f9-ba94-498b-a970-ff3bb980d3de,2024,2024-03-02,58113924-4aef-47a7-a675-cddc9e355cd5,9d7f5648-4f47-4192-9d8d-78454c962bed,-2,0,-6.938302852354444,0.2530405097111735
a89f3370-9e80-42dd-8528-4c18913cee79,2024,2024-03-02,b80e54ae-3b74-40f3-9954-a1b0805cd1e8,e308f5e0-c422-490c-901a-575bb49f1c7e,12,1,6.024639036377905,0.7765225546169854
aa306107-d6a7-458a-b1c3-62b047b314db,2024,2024-03-02,89949731-8bb3-45c7-a6f6-798934261b61,e250c58f-f6a5-4da7-aff3-c6770b9a14da,2,1,4.159019210328301,0.6575447095004332
aabaea7e-39ea-48f4-ad38-da8871088876,2024,2024-03-02,2c8d46b6-8e8e-4229-85a4-0713fe1c6c4f,493c2e9c-ef36-4b2a-8a7e-32c890e85a4d,21,1,16.740534621463038,0.9536391216882215
ab26e45b-4f8c-4e1b-b1a3-1dffd89a3234,2024,2024-03-02,73a80df0-15db-447f-b97c-418cc82a508d,b1cbdf0c-474e-4b52-ae02-f856ceda214b,11,1,4.668490387018422,0.6972361468360861
adcba835-4d08-4893-86b5-6372e32641a4,2024,2024-03-02,d7b7310f-6983-4a09-bb56-fda96e9f761d,79479954-cdbe-4601-a82c-35936960a7dd,-4,0,11.295217503509239,0.9038497642100438
af645fa8-9ecb-4b71-865c-d96a2680e9c7,2024,2024-03-02,cd369794-6765-4889-bd1c-89869447620b,439b6cee-3be6-4471-bddf-f7cb8c69cc85,6,1,10.783037188889137,0.9063253594527205
b28b1a30-6537-46b0-8859-e831a774ffc3,2024,2024-03-02,1acd2c41-6945-469b-b33f-3c7b30f8359b,686413d2-e94d-497d-a87d-ab911ac38ec7,21,1,10.393050120000648,0.8730393354180094
b7fdca51-51b8-45d2-85b2-5a92eb5db38d,2024,2024-03-02,ede9d6c2-b888-41b7-8674-8638c41d2034,2b1a3f03-7d93-471b-be12-d487164eae0f,-11,0,-1.8285307343997081,0.38870549623390604
b896a264-3180-41a0-a492-0e4c2d0e3d33,2024,2024-03-02,d74a1fb4-3afe-43b0-9bd1-7e0552ba73ed,312a943b-3a6a-4f8e-96a3-02cf6ff38b41,-6,0,2.1408621092587143,0.5809838371565755
b922baac-3537-4a55-9f50-d7862416de5f,2024,2024-03-02,e6b0799b-abce-441c-929c-964306f8fc27,65c68c5f-fc3b-4781-a912-2a4b17be699e,-2,0,5.492118923340254,0.7688453302302471
bd9aad65-3577-4c16-a2bb-48bedd799f92,2024,2024-03-02,dde8f534-10a1-430c-af83-43b026e7ab68,4aa110b4-c8f4-438d-b44c-2d6a5c74ab8e,12,1,16.07087334414601,0.9420462919218611
bd9bf23f-e3c2-4118-a902-f4a011641e0d,2024,2024-03-02,9611a021-de39-4ca5-8188-6387e4c99fbc,f73ebf9c-90d9-4d66-b403-056ea4ea6b30,12,1,3.4028388985376132,0.6536398943407528
bf32fdfc-98bd-4c30-b490-0040cc7887d5,2024,2024-03-02,f1c92057-9fa5-4bdd-b404-96dd624192b3,1814170b-a11b-4328-99b6-082f1e76f5c5,-4,0,-5.588479668626402,0.26454819874486346
c3a51cb3-dfd1-4e6b-8df4-ae87c7b004e0,2024,2024-03-02,e9813fa7-c976-4ad4-a455-2f05235e93cf,873b654a-5825-415c-8a11-5e5b15bd2ac8,-15,0,-4.973217223182073,0.29278045608298753
c84f020c-44e1-41ae-a1e1-d3513473ffcb,2024,2024-03-02,35d0a28f-e3d7-43ca-90cc-daaf0b7c278e,5368fba0-1d0f-4310-9dea-c25c58762dd1,13,1,9.497869496717174,0.7975509300077255
c9a3ab6d-e687-4bb9-aa58-4e7315322858,2024,2024-03-02,e0cc707c-bdef-43a1-a3f0-c1ddfefdadd3,071229c8-25a8-4fd7-87a3-c30d0a95671a,2,1,-8.360498352350906,0.2642429018634316
cd3f5fcb-eb3d-4b14-99c7-af213578fa85,2024,2024-03-02,529e7dc4-6b55-487c-84b3-598dd9941301,9f152b52-7847-49c3-83b6-8c68295d484a,12,1,8.51397213076595,0.7851670062262066
ce577770-b19c-4210-87c6-0b6353ea79c3,2024,2024-03-02,64f3b1df-37cc-48ef-9741-b85506e7c500,01300ab2-c4a7-4740-a5ac-3541d598620e,-8,0,-1.6126721070727685,0.4087789188324172
ceb81dd1-412e-4daa-8a5a-42dad235da3b,2024,2024-03-02,696e6eb5-b8dd-4d44-8780-1e6c678615bd,2bb9930f-6a64-4fb0-8ae7-2d18cc4ceb5c,9,1,15.578397295162663,0.9408818443532395
d1a663a3-37f4-4807-808a-0ae7e9a3818b,2024,2024-03-02,dbfecb75-86bd-4650-9fc0-4d85eaeabbbf,8a753611-1c3e-422d-8c6c-5721763b5574,14,1,8.72819151699998,0.7946563682748803
d3e98e4e-4e78-405a-94de-1ade38fc08c2,2024,2024-03-02,ba033ab0-c07a-4b71-b7f4-243ae194d23b,39decbb3-b24d-444c-970a-39aa53a01ef6,38,1,13.188749383868055,0.9425546118847741
d904d5c8-e8c1-432f-b3fe-2e575ba39401,2024,2024-03-02,df1d6c5c-77eb-4d21-b5dc-6cd579f74d2b,9341db15-6a24-4506-804b-e37983918ab9,6,1,6.390882580432824,0.6743416965903443
dab7d768-4374-4d3d-a7f6-2ebfa51412a2,2024,2024-03-02,bb505898-cdd5-4c4e-9ea1-301ff6a4b981,89dd92f7-46c8-41a3-be81-ecb12f1cd4c7,12,1,7.57929454683309,0.82921014081192
dcda0b47-e947-4309-97f6-58dcb20a55f7,2024,2024-03-02,25f32a40-1a9b-47e3-ab20-74659cba9520,ad741e6f-e15e-4f4d-8350-9973fa99916e,-14,0,-3.9392140665058792,0.34070843557639946
e0fc7db9-d327-422f-9e8d-987a6636159f,2024,2024-03-02,8ae6c27f-063b-4e7b-bbfb-653f496560d6,401408f8-2ce4-4ef1-97c2-5a68c979ec7e,22,1,9.040662768517757,0.8491064629907996
e2b881a5-5230-4eb4-859e-e261c97a912b,2024,2024-03-02,4b83e4dc-410f-4835-a8a4-8ccffc29e016,25912c1a-f2be-4c07-857a-5eef6aadebda,7,1,-7.00875961003261,0.2781868331496584
e547aada-b320-409e-adfc-725aab5782c9,2024,2024-03-02,ebf92b73-233d-4523-8429-ab00d5af1966,05aedf2a-3424-4acc-9537-4d52dccd6e02,12,1,13.829430468508026,0.9247494124045527
e8682120-b2cc-4b7a-8ece-bf320756508f,2024,2024-03-02,629ca4e3-9243-47ce-8a02-ee7fe38e857c,db9d85a6-59a4-47ff-a287-b40442bf460b,-5,0,-0.655817628914976,0.42985262826780235
f0810603-faa8-44b9-9cba-0622f9aedfbf,2024,2024-03-02,a4f24556-d2b0-4bc3-bd21-758340750c58,f9a8f2d4-c836-4b2d-a4f9-47f73b8c033a,21,1,11.559732043122283,0.8247032147080876
f0d72bda-498b-4b53-a984-c48df23ec512,2024,2024-03-02,fc7ccbd1-42ce-4200-b33b-0f8f3de48473,993f004a-13e0-4079-8706-332aafab29c2,18,1,23.36628981437894,0.9869479896632731
f360a82b-43ed-4157-8657-63fd03069239,2024,2024-03-02,28e39e04-5ba3-41eb-808c-3ab653c2ef06,cd57c823-e9d8-49c1-bbe2-af9da08499bc,-25,0,-9.956228814405723,0.15552594224370947
f67fa4c3-1bd2-4515-bbfc-eaa7bf05b164,2024,2024-03-02,115916ea-f145-4974-a257-5bb24f7c1ccc,6d3e1830-dbbe-4e70-b7e9-1eb765f0acf8,6,1,1.3337774230622303,0.586331404955857
f84ef725-ab60-44b3-ab08-f6b483200969,2024,2024-03-02,2f2d6799-40af-4256-9dd9-412be50aa14f,0d6ccccd-6ee7-4ed7-a231-381c6b268e2b,-23,0,-5.829246668393246,0.2765875963432216
fb6683ea-ffb8-4686-959c-db9ac26fe12d,2024,2024-03-02,324e37b8-f52e-449b-909c-366c81488fea,6c5c20e6-a076-4fbd-b77d-61a1c7a3c5a4,6,1,8.396867480893578,0.8250308854750462
fc0b148c-6c14-42d3-9acf-756708e3e3cb,2024,2024-03-02,1ac84e49-be83-4e9a-b4a7-0fb0b7465b32,1b0dd005-3190-4ca9-b74d-111343f2fce0,8,1,1.6903625522427217,0.5708331258321523
fcc08ff5-bf60-4df6-abd6-8670747daf5f,2024,2024-03-02,e1ee7493-ca48-4d8c-aefe-83427a4e66af,df2a7293-fc74-4f81-a93d-98c8989ea725,4,1,4.691226862206602,0.6980983656151314
ff208cd3-d08f-4390-877b-970d7adf086a,2024,2024-03-02,2518e2c1-28b1-472d-9fdd-5d97d9f1ea99,228bf81e-d4c4-4b81-9b51-74ff2fd3f7c3,-6,0,-12.178139094832758,0.0637007201714505
0a1e2b4f-bf36-4590-b39d-0fff1d893eee,2024,2024-03-03,58bacfff-257f-4f54-bb05-241bd6353626,fd42047c-b7c6-4dbe-93e7-69cfd125995c,14,1,18.57046079708291,0.9807433484381128
2dec1595-6b8b-44ff-a2d7-681ab817a554,2024,2024-03-03,2ed44d95-e306-4823-a4c3-196ffb777766,2df495e6-2f8b-487f-b13a-e76f3397df82,10,1,5.881970943721214,0.6922324019216523
300484a4-8bd0-4fbd-b278-420bfb68c8ee,2024,2024-03-03,5320f527-fbbd-4bb0-80d3-0de759475d59,f6d188d9-c992-4de8-801d-4995b25abaae,-4,0,1.808204499529206,0.5823479552591551
3e8a9dc3-96fb-4b6c-b392-4c0259bcbbf6,2024,2024-03-03,47b967e4-0689-4d1c-863b-9d82c6ffbfcd,1d3cac70-c7f5-47ea-bb26-00ba78e1acbd,-12,0,1.8855094265600725,0.6496959200640161
3fcc38a7-1b38-4dbc-9c70-1ec5392926f3,2024,2024-03-03,4a01023d-3637-4ac5-bf1f-37c08b2438a5,95466c2d-a184-48f8-849c-d6957bd1df52,30,1,18.075289948367196,0.9675799140684166
5ff701c7-ab35-479c-82c1-fa18689a5f3f,2024,2024-03-03,9b465025-fe2a-4233-b24e-310dbccdf4ed,91d935fa-7d8c-41e7-a184-72c0f770d10c,-19,0,-3.041068799413786,0.3464274193186827
788721e3-add5-417c-ab4e-99bd20e1382c,2024,2024-03-03,7fdeff97-4db9-4c33-9fc6-9f03bd977d30,c58c3009-46ec-43bd-b27b-b0d683ab2cad,-17,0,-1.4441489336971596,0.4234109790185576
8964cafd-594c-4347-9f05-ee69b3db1373,2024,2024-03-03,82ee0a8d-e51c-4a87-bd7b-72707ec8b342,a64af70e-61a8-4777-8e8d-9a7815f78f3e,-7,0,4.710464012228698,0.6731659547677145
8fb91314-dbb6-4c68-af19-7b482a025d14,2024,2024-03-03,da828fff-cee9-4151-bc4d-983ee436f573,85effc0b-7382-452e-904d-22a52433ccb5,17,1,11.84100870330388,0.8815443754354733
966fe110-754d-41f2-a7f7-1bb35c123fed,2024,2024-03-03,4e9067f6-7760-4a2a-ba37-273c77915540,7eefd1e5-aea4-463e-ae74-c628b0fe170e,19,1,1.7834823334478105,0.549960123170882
b0934c11-4ea6-495e-a093-f0d9b50ff1ae,2024,2024-03-03,c3681649-6e1d-4bf8-9b47-1d2868dca3e9,ef75db17-4afb-4e3b-a928-30e871ec130c,3,1,-4.793466443319343,0.37194306857743503
c9fce397-9c37-40a1-b8e6-85aee4901f5c,2024,2024-03-03,00b63e00-850e-4b09-b660-a5e698f46b61,d8e747fb-453e-4894-9a8f-08598fead336,32,1,10.744204723336658,0.8712818387165556
cfb3b72f-fedd-459e-a94a-eaae37aea35b,2024,2024-03-03,bf4f25da-dd8b-44d4-a4b7-4671b3c37db9,5bd874c9-de44-4954-a4f6-428ed3fde8a6,12,1,13.782899669873286,0.9354279178169022
d2007e72-e162-4f11-a927-977f92fe4455,2024,2024-03-03,5cae196d-fd0c-4944-8120-41d5abecb290,8af88029-6520-4f85-a99b-0f10d820a167,15,1,9.9312790025626,0.8622218832558238
e23faa1f-ab66-4558-9a6c-e0dcad325a20,2024,2024-03-03,6068f6c0-7e92-4dc4-9da8-1bfbdb60cf2c,853125a0-ce88-45ba-9815-9387fac3d278,11,1,10.678695220232592,0.8885876797846493
f9888ae9-ab5e-4762-8842-8112704c2046,2024,2024-03-03,644a0213-9ca5-4238-af33-7c8ed45fc88b,1394e3ce-706d-4097-9aaf-cad5d38aa5a0,23,1,11.282765218263485,0.8922783569227918
fc3cd6c2-d71d-4cfa-bb03-fe8895059e6d,2024,2024-03-03,abad6a22-9569-47ad-9945-a6ad9345c30f,af6bf0c9-2e1e-4334-8982-93f14a35af57,8,1,4.0349063487996615,0.6997565434163541
fda7cfee-c655-44f2-a813-75a6de11ad49,2024,2024-03-03,215ed27d-58e8-4e84-ab60-6d170d404304,b7f069ed-b9be-4147-b87e-fe1bef8386b4,-5,0,7.687103834774949,0.8372540981810268
0a4eab80-9f76-4cc4-97c1-a1f5d07452d0,2024,2024-03-04,824aff8d-6409-4191-9ffa-e2daa335b7e1,1b1fcea3-d0ee-4307-b5a5-4c2a4a591484,9,1,1.8476502447337402,0.5330114129611438
279c2d94-939e-4814-8143-b3d994fce682,2024,2024-03-04,cb1440b2-adac-4775-96c8-c4f00641d353,e1ee7493-ca48-4d8c-aefe-83427a4e66af,-3,0,-4.526722027933188,0.38141649085949375
30deb1a7-f6c6-4fa5-9627-2248482e6e8f,2024,2024-03-04,64f3b1df-37cc-48ef-9741-b85506e7c500,be683752-ceea-4783-ae94-66be0178e1d1,-5,0,1.4391599380111342,0.5397241996476833
3d48e7f1-be56-41e7-9660-1df4762a352e,2024,2024-03-04,2c8d46b6-8e8e-4229-85a4-0713fe1c6c4f,20abe49d-2029-4327-96f6-389664f5da7f,18,1,30.31933078315271,0.9932905991600977
5316ef46-0c39-49db-a640-b9e7cff0ebc6,2024,2024-03-04,63a49366-1e4a-4ecd-849d-4153e5e0a2e0,f1c92057-9fa5-4bdd-b404-96dd624192b3,19,1,14.040337690811189,0.9426658265994106
54e6fd93-ee24-45e7-a020-0eb842029f40,2024,2024-03-04,da6b8f1b-a85b-4303-8500-c640c0d3132f,04119628-781b-40f9-ac7b-3c8fe82375cf,-6,0,5.63446465813068,0.7266530670303715
55dd9045-33a5-4ca7-8d38-f538be836112,2024,2024-03-04,0d6ccccd-6ee7-4ed7-a231-381c6b268e2b,d0ec4581-205d-4391-a765-06ee8de241d9,14,1,9.902377440984909,0.8644956319769195
563d8210-a736-421c-bd8e-e7ee8b173eba,2024,2024-03-04,312cd404-9fa4-4f04-b8b0-cfed95e31398,2f2d6799-40af-4256-9dd9-412be50aa14f,15,1,6.4751417383249175,0.7188767252546614
5fd9bb16-ba1f-4ee0-8ea6-508b1e31bce6,2024,2024-03-04,33a4f970-bbcb-47ad-9bfa-ae6f0eaf792f,01300ab2-c4a7-4740-a5ac-3541d598620e,-3,0,6.300465323500314,0.7344961170095184
739beb2d-9845-4987-9a1c-1608d16188df,2024,2024-03-04,28e39e04-5ba3-41eb-808c-3ab653c2ef06,b9428966-4d6b-4db6-a403-5cd503366633,-3,0,-9.702853352543835,0.14153949428525556
82d53d3e-40a4-4298-ac50-b093d66912ca,2024,2024-03-04,546e1911-9caa-499e-92f4-afa9c6b1e8c2,371811fe-0533-4539-97b1-b56f642d0fd9,-17,0,-6.511897878752023,0.2516800739168958
8734931b-b34a-491e-a054-1b70371e36a5,2024,2024-03-04,23b31575-028e-4661-85ac-8d5835d6726f,493c2e9c-ef36-4b2a-8a7e-32c890e85a4d,-6,0,0.5956364500778397,0.515434471719146
91be374b-cbb2-42b2-a14c-94d24ce189eb,2024,2024-03-04,26d69f75-49a0-4d07-968b-2b549e059c24,57c91ea3-1f48-4879-a664-232fba59cb1e,13,1,11.747724448414944,0.8942963407735297
969bd79d-364f-4362-8a85-17e0566481be,2024,2024-03-04,7293bb2a-8d08-4752-b00d-104a80da0371,cd57c823-e9d8-49c1-bbe2-af9da08499bc,9,1,2.9024066686981316,0.6594786946261214
a1e9a180-7193-42cd-82e7-fff8d07214f8,2024,2024-03-04,1ac84e49-be83-4e9a-b4a7-0fb0b7465b32,e51fb2de-db51-4fbd-ab63-2a069c126779,8,1,0.47628642927757614,0.5897633913305613
bc80beec-e4fd-4f32-81ed-6511365c601f,2024,2024-03-04,63627b20-aa4c-4e0d-bcfc-40a5fe150e8a,113341aa-9630-4951-b161-71419ed62dbc,-6,0,2.1372566836774234,0.6117128688319133
e5180724-7c55-4e47-8ef4-eb774716d0eb,2024,2024-03-04,df2a7293-fc74-4f81-a93d-98c8989ea725,d0cd742d-b4e6-4f30-88f0-872c2ac1e51f,12,1,-1.3003397045472311,0.4463323174080497
e8de1b42-735b-4360-abf3-d06cdde98d90,2024,2024-03-04,73db7905-652b-4320-aac7-243f2f2f70a2,b9e1a15d-9de2-45e6-9fc8-b3444d1bc0b5,-15,0,-6.780144739485954,0.26308038748349527
06e505a4-64df-4f9a-8c86-daa3b601865b,2024,2024-03-05,49f72498-1bbd-48b1-87b9-cc90196e205a,4494a75c-3ddb-41cf-b75c-67fb9c0537c9,-1,0,16.35446170456585,0.9575385461061803
0918b865-8522-4a68-85c2-5c732c2dfd55,2024,2024-03-05,9c1431a3-21c9-46c9-8335-1b85a6022223,e72d1807-6463-450b-b561-c3727b286584,-17,0,-2.76530830249891,0.38459211880301764
09790f69-6909-4101-abb2-a6306f4ef450,2024,2024-03-05,f9c26112-b1ea-411e-b273-e74e8ce3f1ff,113341aa-9630-4951-b161-71419ed62dbc,12,1,4.197764389801428,0.7580319296164033
0c64175b-1212-4fbe-b831-c645a00d5041,2024,2024-03-05,8925b65e-4ce2-4ec3-b501-c0075fe06b52,79bf464f-0d3a-4992-b310-86d2abbc2244,15,1,8.300361294902725,0.8914004599963075
0d066509-15df-45e4-8bb3-94e8b833c9e8,2024,2024-03-05,c71ebd72-5c90-41d5-b1fc-544e4695d9d0,f245c41f-897e-4985-9153-43034bb26bfa,-10,0,-1.1283869652939926,0.42038281923387516
1d202047-b04d-4a9e-a55b-8dd021286061,2024,2024-03-05,03a91d53-3b06-4e76-b037-9c97d09645f6,45959b35-f1e9-462f-aecf-565395a6fb6d,11,1,8.618478631454265,0.7685584756392176
1f355d88-bb46-42d8-9247-17c70f5141b5,2024,2024-03-05,2f0bd8d9-4435-45ed-9efe-045f835c15a8,ea78667c-bf16-4084-80cc-2ab61a0e05d5,15,1,5.63109475850119,0.6970810874849844
2da60528-c943-447a-9980-1b9e5ff6474f,2024,2024-03-05,fd495afa-fc22-4081-905c-24f40ff2656c,bba8eb68-9989-447a-90b4-27c8d0d32bd1,-16,0,-11.272270409332691,0.10886819473706859
2de9e0db-a7a9-4e30-a0cc-bf18043f48a8,2024,2024-03-05,696e6eb5-b8dd-4d44-8780-1e6c678615bd,2bb9930f-6a64-4fb0-8ae7-2d18cc4ceb5c,19,1,15.894643278570959,0.9658408114548074
37824c5b-0f19-4c82-b136-5f4639c36dc7,2024,2024-03-05,74434c65-ac07-4a97-9998-737791311fb1,6c5c20e6-a076-4fbd-b77d-61a1c7a3c5a4,-6,0,-0.5371708631163123,0.4820830273469703
39adc3c7-88b1-41e7-a1b5-0731b062beb9,2024,2024-03-05,f2e0429e-8513-40eb-b536-1aca6697aee5,65cbd49d-db3a-4043-8bb7-7bfcf57c017c,-4,0,2.6850857665663517,0.6414186022987567
43e5b14e-54c6-49ac-a45b-79010b4a50d8,2024,2024-03-05,dedb6ed5-06d8-4ba6-a1cc-e3134a2c7937,717f3cf5-bc65-4a66-8f05-191decfbf380,8,1,-6.119092695859663,0.315752251789315
4bc23e66-43b3-468b-8672-eabb9518d0c5,2024,2024-03-05,58113924-4aef-47a7-a675-cddc9e355cd5,e8e72618-33f8-4013-8305-43775a278752,3,1,2.561969668640276,0.6073911586146581
509f65c2-5534-4921-8c19-52d9751554f6,2024,2024-03-05,8fce643e-75f7-4242-b565-2a4818e1eeba,324e37b8-f52e-449b-909c-366c81488fea,7,1,-6.338333906427409,0.2535924979808346
61628bc4-035c-41ed-8581-29443f1a4fcf,2024,2024-03-05,25f32a40-1a9b-47e3-ab20-74659cba9520,384d8319-2770-4b9a-bb32-bd4da034d104,3,1,2.0993065226218075,0.5047206434865318
73131df1-b2a5-47cb-8834-7a78a43ccf44,2024,2024-03-05,9cde2e64-799a-42f1-84dc-71779b1219f5,cd369794-6765-4889-bd1c-89869447620b,-6,0,-4.726242043632881,0.27624722201561575
76367af4-668a-461c-93a9-94650f60ca6e,2024,2024-03-05,9b6f0f32-d8f1-4921-aad2-a16c420f3183,e7f5f157-7a33-43ad-8282-59e1c4ad9b25,-27,0,-23.13031219334016,0.024121475141157554
8335ee8d-7823-441f-8ba2-a380da54b910,2024,2024-03-05,8e26bcb3-616b-4c7c-a709-bf30d2ddce41,bb505898-cdd5-4c4e-9ea1-301ff6a4b981,-4,0,-9.335099311576421,0.21388282778634113
856c55e5-dbbe-42e9-8920-5ca8c2a1cf34,2024,2024-03-05,4928acd4-6738-4045-be81-20132f6471c8,f93c4c92-e869-45e6-8970-2a02d80141c9,9,1,5.540842459093504,0.7125358600859906
931de8db-2e35-4952-8c48-ed257b93be60,2024,2024-03-05,5052a2f3-f41f-41e4-a681-c6277fec0404,4b83e4dc-410f-4835-a8a4-8ccffc29e016,33,1,18.277337143561486,0.982232183846421
a6a936aa-2b8a-40c7-995c-5cfda3d8292a,2024,2024-03-05,d2ae40ba-651b-4006-8b22-61c6b9ce0e33,ede9d6c2-b888-41b7-8674-8638c41d2034,-13,0,-8.567664023390462,0.17455850450735158
a90b425e-729e-482f-adfd-799c674675f3,2024,2024-03-05,6d3e1830-dbbe-4e70-b7e9-1eb765f0acf8,bfd4c500-09b6-46ba-81ae-48b13f8345ff,18,1,-1.7829604511883705,0.4369966035731781
ae207db2-fd3d-481c-9801-89a824f27644,2024,2024-03-05,1b0dd005-3190-4ca9-b74d-111343f2fce0,4c073afb-cc2c-4ed2-bd8f-2f545ae1bea5,22,1,8.635297157373248,0.8267602521924092
ae234947-fd3f-4d0a-9c00-ba89e7e8c438,2024,2024-03-05,25912c1a-f2be-4c07-857a-5eef6aadebda,c51998cc-ad65-43ec-88c6-a0f160ff7902,15,1,11.663352981867849,0.8720396658718799
b022dd40-7e0a-4ef8-bc6e-627c3cdf4fd2,2024,2024-03-05,2518e2c1-28b1-472d-9fdd-5d97d9f1ea99,f3cf8061-767a-4873-9e24-5cc4c9a6a1b0,-12,0,-13.715682146288836,0.06912341877355034
b0f0e87d-7d56-4acd-85bd-9fe945e3cfed,2024,2024-03-05,c58166c3-f02a-4e33-9fd0-9fa7b0711d94,89dd92f7-46c8-41a3-be81-ecb12f1cd4c7,6,1,2.1590666925526114,0.5831064299619617
b10ffaf6-3f77-46f6-bc3a-13ef2d7f1aad,2024,2024-03-05,19b40071-00ca-4d8a-8188-a03d635e9811,7048a12e-ec8b-4bf0-a475-1316775a4964,-17,0,-13.546751786444982,0.06239547232413489
b60bbf1e-2f89-4b2c-ad0e-af97429c8191,2024,2024-03-05,312a943b-3a6a-4f8e-96a3-02cf6ff38b41,7d57c2ad-190c-4c1b-8987-ab2007a42023,16,1,3.450637461791925,0.6567574060211101
b8c100c8-6dc2-4f73-8c88-3639b37a88d7,2024,2024-03-05,9a06c3a5-a344-48e1-942e-a22438b842ec,238b3f68-0b29-4056-97f6-6c10a093cd62,3,1,5.25297095614037,0.6805662016757786
c23d0b70-1cb2-4a11-b602-4b07d4ac669c,2024,2024-03-05,69e6a4c4-bb68-4c30-86d8-3cf7d51c7db7,67505072-f35a-493d-a160-8e6292da33f5,13,1,8.121201564281167,0.8342876030416303
da88fa9f-710d-4a5e-a640-45b2d4ebb998,2024,2024-03-05,64c5c3a9-f1f6-4f48-b571-1de27621f06c,5ace87dd-23fb-4317-bc7f-8d80556ae6b4,-1,0,12.501084139424606,0.8906951437891596
e2b9ca65-6c51-4e38-ad48-140044d48ebd,2024,2024-03-05,550c3333-8e82-49d4-b9c6-ae13db14a84f,dac01aea-9f35-463a-9dce-75d4575160dd,-27,0,-11.739775439644744,0.13989214783984583
ea445c14-97a8-4f0d-a98d-6028319704a7,2024,2024-03-05,401408f8-2ce4-4ef1-97c2-5a68c979ec7e,f1cb5c3c-2ff5-444d-8c0d-5c1244f07909,7,1,-4.940459193243816,0.26299824760587504
eb96d15a-5b63-4ccd-abc4-9ba8a4b0ed5c,2024,2024-03-05,629710d8-479a-4efa-b5f3-d77767ddce70,b1937cc6-0f34-4060-82ec-b2bfe4c05aad,-1,0,8.902555371426095,0.7715568362528457
ed5c6a7a-5cea-4ee7-9381-38469a3be439,2024,2024-03-05,a4bc2fe7-4083-4c33-bce5-6cac3e161a7f,f18598d0-e0e1-4f15-95f2-e11df8bc3126,-10,0,6.793986948061207,0.7612120803860338
f703197e-b5fa-4231-81ec-28c6e96af4fd,2024,2024-03-05,1acd2c41-6945-469b-b33f-3c7b30f8359b,16aca559-5828-43a9-ada9-f35f973f4863,4,1,16.76046373586231,0.9418005433274758
f751cb69-7ff6-46c0-89a1-b551ece69a38,2024,2024-03-05,e12ab562-dd12-4b55-909f-669834d3d963,04119628-781b-40f9-ac7b-3c8fe82375cf,-2,0,6.272115593304661,0.7376545123793993
f7c56569-8509-4917-849f-f55dbccf2cb2,2024,2024-03-05,4c4cb93b-7b16-46b7-9d21-5ff908de25a6,a66213c2-5ad6-4d77-a7ec-85700a223ed1,4,1,-4.433213920348783,0.34423925202563377
fd666489-4b6d-4571-9691-b2b3f7901a38,2024,2024-03-05,2deaf391-9719-4c95-bb3c-acc6f8baba86,228bf81e-d4c4-4b81-9b51-74ff2fd3f7c3,-34,0,-3.3222537450014964,0.3633020395192989
01f0149e-42d7-4b16-bb2c-93f84ea93a50,2024,2024-03-06,b4c9b613-0bc6-4295-b293-3b56c2020f1b,9d7f5648-4f47-4192-9d8d-78454c962bed,-8,0,-9.913032191163854,0.12019272968652386
1f4f6a4e-f501-4244-92c0-0286738cb6a8,2024,2024-03-06,2fbd9d1e-084b-43d2-9c7b-10ce0782be7c,5368fba0-1d0f-4310-9dea-c25c58762dd1,2,1,10.38111411608914,0.861521220896506
206ae0e3-e8b7-44cf-8c9b-2566933120b1,2024,2024-03-06,f92587ee-8d25-4b09-9a60-6203f75c974f,e06623a6-8f03-43b1-83f4-b653f6819ea2,16,1,17.564554362995107,0.9714959801962713
23a28fe6-9371-4ebf-9302-62fba6ee2d59,2024,2024-03-06,d7b7310f-6983-4a09-bb56-fda96e9f761d,8af88029-6520-4f85-a99b-0f10d820a167,3,1,7.27563229864405,0.7855788132574526
2af5bcb9-23e8-4c3d-8bad-fa138404e9f8,2024,2024-03-06,632ba9bb-afd9-4b5c-9c3b-4e60816c8e4f,4e9aa968-9ad5-4833-b9a5-7d89b35976d4,11,1,-5.860407683521503,0.31527861396556245
34c44072-6145-4c0d-9043-a2f179d7ec1f,2024,2024-03-06,6b296d7f-de88-4a16-8a22-b28077a669c4,54e8cb38-83f4-4866-b3d1-d0e1dfc530c6,2,1,10.489607073068996,0.8248440710797373
3e8c5294-3368-44af-aa87-2a85e4528e46,2024,2024-03-06,371811fe-0533-4539-97b1-b56f642d0fd9,20abe49d-2029-4327-96f6-389664f5da7f,10,1,18.306726215665844,0.968772065919549
5d0a1b29-226b-486a-83b3-578cb7ed24c2,2024,2024-03-06,424f7a7a-158f-4ad0-adb1-4b3ebe25b11e,350fe1ba-284f-4709-8cdd-3f745fcff0f8,6,1,2.462399748626324,0.6022362112095103
6a978ef6-d205-4020-8fbf-b5210f992c64,2024,2024-03-06,4d3124e9-6470-49c6-8f2f-806813c60883,7f63e419-1d15-4c08-84b6-dc393ca0146a,-7,0,-4.092155142355982,0.32859959844253384
82351572-1f9b-4b81-acf9-73bfa09fcd01,2024,2024-03-06,2851d469-fe75-448e-9d6b-4bde7ec96e06,65cf0d8a-0a5f-4572-8516-53809f66ba44,-10,0,1.020753517299938,0.5961940732385657
8505c548-2354-4d86-bac9-359b8e9fd769,2024,2024-03-06,99b16ea6-899f-484c-8a9d-b2b5bb872d9d,8cd2a215-aea9-48bb-babb-e5d8cf0cb9fd,14,1,8.043661448907802,0.8661546378092643
a080f17b-4e4d-48b5-b989-bf09aa92e1cb,2024,2024-03-06,57144631-7473-4b46-a437-8e2d8c760f87,c840b153-1401-4ebc-9549-e027df3cc7e1,-18,0,-5.330619162438865,0.342388531876329
a3492d8e-9243-43ae-8a7e-40b4ec42895b,2024,2024-03-06,60ee2d19-003f-4603-a2ad-838b3e6d6cc0,4a01023d-3637-4ac5-bf1f-37c08b2438a5,-7,0,-9.620892390677623,0.14544329353964916
ab39fb0b-8cd9-43db-aa0d-e6f3015a791a,2024,2024-03-06,2dc64ab1-cde8-49d4-a343-298600450708,49c78722-1476-440a-9de1-896fb7b7db88,5,1,5.628423077538883,0.6822421346022308
ce15fe2c-6367-4f25-8341-6e0ab048ecd2,2024,2024-03-06,f916ec1a-cf31-4b3a-9d55-a8bdefbea199,00a52b15-70b5-47b1-86c6-8e30652728c0,-10,0,2.526516062098261,0.6046951919201737
cec5a8cb-8a2d-4937-ac9e-1ce3d03a7c62,2024,2024-03-06,5cae196d-fd0c-4944-8120-41d5abecb290,b2d5fddd-b407-4fe6-9d70-e921ab7b7e1a,-4,0,-0.8034396888248555,0.42567072751363805
e8db8271-00ab-405a-b976-f7b54749fa02,2024,2024-03-06,a7e91e1e-3644-4f3c-bda9-edddb9602a27,529e7dc4-6b55-487c-84b3-598dd9941301,5,1,6.691720962563313,0.7339689959030784
f5702759-4e7d-455d-9888-198cb9d4bbd0,2024,2024-03-06,9ccf2901-b49f-4aa3-8a4a-d59d017dfabc,1c1c3846-4bad-48b3-b8be-dba7d24af981,21,1,15.845656100613551,0.9403641686749584
00a15902-3430-4eb0-96c9-32b83fae4be4,2024,2024-03-07,63eb578d-eef3-448b-b0ab-b4892ef058e0,8044cdf8-5fd0-47d9-8a07-8a29b2ca7b9a,-15,0,-0.9406641707514177,0.468098459627135
0141fd51-6366-4009-8010-0dec760dcad6,2024,2024-03-07,2aed7aac-f38b-4fae-84ae-9e9c9ac71a3f,312a943b-3a6a-4f8e-96a3-02cf6ff38b41,9,1,5.678716528875243,0.7671156904161229
02d084cf-6a6a-432e-8893-ffed306b2bea,2024,2024-03-07,db374003-37d9-4d61-a3f3-7abec141d33d,05aedf2a-3424-4acc-9537-4d52dccd6e02,59,1,14.862612164766931,0.9392968541111398
0575d58e-75bc-40d5-9328-a7a3f9e28b8b,2024,2024-03-07,ed50f577-3ab9-4627-80f9-bc931ee42370,696e6eb5-b8dd-4d44-8780-1e6c678615bd,-12,0,5.240335273872579,0.8110759870128564
075b6c8c-c3c6-4c25-8056-1418d35f5b05,2024,2024-03-07,f6d188d9-c992-4de8-801d-4995b25abaae,00b63e00-850e-4b09-b660-a5e698f46b61,5,1,2.365721089210586,0.6203322273941818
08ef5ca3-4639-40bc-b0c8-82ed54d66e00,2024,2024-03-07,a4f24556-d2b0-4bc3-bd21-758340750c58,5091ac5b-fcb1-423a-9cf2-0981de634633,14,1,23.715643330266687,0.9910952198557842
17042f8a-ff42-46ec-8193-6e2846687c02,2024,2024-03-07,375514f8-f93e-4eec-ae0b-6615ec954e45,2ca82167-d915-492e-98e0-4ee592960583,-5,0,3.6808385139999693,0.6146585329105323
1a101a2c-ff38-4ff3-a842-6d4a1b7507a6,2024,2024-03-07,d74a1fb4-3afe-43b0-9bd1-7e0552ba73ed,e30e79ea-8947-4c58-9842-25781182ec2e,-23,0,2.02131555024039,0.6109107182329874
1e3ac977-b9a7-4cb7-b591-0f013a8d31a3,2024,2024-03-07,0b950934-3f06-4a8a-9251-83e3f1827e68,051d13dc-5152-426a-affd-0cf01ef80268,14,1,11.71792344716801,0.8498449958449568
2b78959a-e130-4020-93db-3ab6a7ebe8f8,2024,2024-03-07,f9a8f2d4-c836-4b2d-a4f9-47f73b8c033a,2ba07bf8-0306-417b-b7fe-b2d29b7d0eb1,-2,0,7.671544594125902,0.8222318370890094
32a1c023-b0e2-49df-8e52-50b21c545897,2024,2024-03-07,92b76481-ab53-4e96-a0ec-5f522c031417,c0dfc734-0d40-4cba-86b5-fb2ad5c73da1,-5,0,-5.420305273857275,0.3112653949392552
4f2ee927-0a9a-4c9b-b5a4-53cb86d2b40c,2024,2024-03-07,63a49366-1e4a-4ecd-849d-4153e5e0a2e0,1814170b-a11b-4328-99b6-082f1e76f5c5,19,1,5.974587975236078,0.7394507451020731
53883a47-76eb-46fb-a8e2-2ade9cfa7145,2024,2024-03-07,7293bb2a-8d08-4752-b00d-104a80da0371,28e39e04-5ba3-41eb-808c-3ab653c2ef06,18,1,10.16335855765071,0.8380697875136224
5849efc0-b385-4a1f-ab76-b70a97809c16,2024,2024-03-07,3763fb9f-1ebe-4dbd-bfc9-6638b14a2a51,f48b0b87-86fe-4b7b-8bf3-9d541f495284,-12,0,-0.7439145930907182,0.40545352464404505
63179b42-d66e-4958-a500-7c63387dad45,2024,2024-03-07,a7951831-d013-4591-8037-4212b4a85c3d,409dd213-f612-4ab7-a0ae-8060dd9a6ef4,-4,0,-3.1389330721517577,0.40019282398748307
831e61f6-ec44-49d5-a66d-50a8e0b74298,2024,2024-03-07,5bd874c9-de44-4954-a4f6-428ed3fde8a6,2ed44d95-e306-4823-a4c3-196ffb777766,-25,0,-1.588072852505821,0.5230682911003763
863a9896-b38e-4f95-9173-c5bf21ba0944,2024,2024-03-07,0c2a9ebe-8c6a-44ec-8643-1dbac7642ab9,6eb0ebaa-8c99-466d-8fad-68b897f2a9e2,-6,0,7.584184355590359,0.8091572225675426
942a0265-9efa-4bc4-8500-2556d0bfb92e,2024,2024-03-07,4eaf68c0-dd32-4705-8f2c-1c1dd2880a74,8925b65e-4ce2-4ec3-b501-c0075fe06b52,10,1,8.832245577352989,0.7734887757724517
a36ead16-0b9c-4789-813f-965e4a26ea21,2024,2024-03-07,45e40bdf-5c84-42ca-84d2-a823db0b6609,0b9bc135-badd-4fc9-b7bc-bebccb08cbf1,7,1,-9.289980913746039,0.14832006910205156
a620d243-9f4e-4b8c-8dbf-cd0393b9160d,2024,2024-03-07,754d9f26-9ca3-4bb8-8aa3-065bcf9ec6df,7f15159e-f7a6-4016-869b-962879f5c296,8,1,0.1713042633822029,0.5732052885132047
a6455885-f9ed-4701-a1b4-226f26df5d88,2024,2024-03-07,7ca95dca-8ca9-42a6-b9a5-307d339df9b7,2493388c-6fee-41f1-90b0-e82a447a607a,27,1,2.896989611045409,0.7092212337279121
ac5fa084-6ecf-4462-8e1b-5d02416e2faa,2024,2024-03-07,cd57c823-e9d8-49c1-bbe2-af9da08499bc,b9428966-4d6b-4db6-a403-5cd503366633,11,1,2.3172383574950266,0.5543024827913006
b93819ec-af42-4fb1-9c4c-ad6afb77a598,2024,2024-03-07,01300ab2-c4a7-4740-a5ac-3541d598620e,b6c9db49-45a1-4d98-9a80-dbbe19471992,7,1,15.362518160296215,0.9639317171202492
bee76548-fa06-4eaf-9eac-b572aaca6e59,2024,2024-03-07,686413d2-e94d-497d-a87d-ab911ac38ec7,1acd2c41-6945-469b-b33f-3c7b30f8359b,-11,0,-2.4072923460887266,0.3807341431921972
c1154da9-f228-4998-88f9-830dc861e9c8,2024,2024-03-07,b1b6c3d6-c825-484c-a8fd-a4e0816d19fa,29fcbb70-fa3c-4806-8768-15b5ec4a8449,-7,0,2.065835152580485,0.5640929598165721
c6393237-f838-4e7d-96c6-c7d6a6cb94a2,2024,2024-03-07,ef75db17-4afb-4e3b-a928-30e871ec130c,85effc0b-7382-452e-904d-22a52433ccb5,-6,0,1.739317153780458,0.5774766923867642
d03921d8-ac18-4220-9d86-cf2525d5e179,2024,2024-03-07,d8e747fb-453e-4894-9a8f-08598fead336,a64af70e-61a8-4777-8e8d-9a7815f78f3e,17,1,-5.909503444128879,0.25622164370707956
d9e244fe-3c91-424f-acba-9e46775fba8d,2024,2024-03-07,47b967e4-0689-4d1c-863b-9d82c6ffbfcd,2df495e6-2f8b-487f-b13a-e76f3397df82,-2,0,5.010239674727264,0.6852569606347884
e94274a0-e1fc-444c-bedc-8140eebae17a,2024,2024-03-07,a4e0b7c0-e98b-4e65-9408-e26a9aedac8d,4928acd4-6738-4045-be81-20132f6471c8,-16,0,-2.854439017728543,0.46350657422496333
eba929ce-908f-4677-be1d-641ce12140bb,2024,2024-03-07,df1d6c5c-77eb-4d21-b5dc-6cd579f74d2b,9341db15-6a24-4506-804b-e37983918ab9,-2,0,5.636321474098351,0.6553085140991484
ee96888e-8d6a-41f5-ab78-9822b66058d6,2024,2024-03-07,e308f5e0-c422-490c-901a-575bb49f1c7e,09fca7ef-baed-4af0-a553-465ae1160049,-23,0,-10.586774543225548,0.11960188208315586
f1811808-0e4b-4813-b0e1-02a3d005ca40,2024,2024-03-07,f9c26112-b1ea-411e-b273-e74e8ce3f1ff,04119628-781b-40f9-ac7b-3c8fe82375cf,1,1,6.0518528020616875,0.6949664548381784
f746ac21-b86a-470a-8927-1524707c0845,2024,2024-03-07,da828fff-cee9-4151-bc4d-983ee436f573,c3681649-6e1d-4bf8-9b47-1d2868dca3e9,25,1,11.596343308777733,0.9028029232062776
001f0bfa-60fe-4470-b9cd-401ed4d58502,2024,2024-03-08,38cf12f8-b27f-4c69-8f14-254930816a8b,0b751b74-e572-43a0-b324-54eeefac4d5f,-17,0,-5.742976304601503,0.3815348708353031
0a788165-2b73-44f6-ac60-7e226ac76d89,2024,2024-03-08,730db31e-4fab-472d-bf25-7b882deff0b7,fc7ccbd1-42ce-4200-b33b-0f8f3de48473,-6,0,-10.005885790825767,0.15307460505356893
35bcc2fc-89bb-438c-be64-4537b0eae4c1,2024,2024-03-08,ba033ab0-c07a-4b71-b7f4-243ae194d23b,73a80df0-15db-447f-b97c-418cc82a508d,25,1,4.328166699870692,0.664878081679439
3c5ab5f8-30ed-4258-9557-c98723b4f28c,2024,2024-03-08,a66213c2-5ad6-4d77-a7ec-85700a223ed1,a4bc2fe7-4083-4c33-bce5-6cac3e161a7f,-2,0,6.770647221317864,0.7683539596211397
556e92ba-0c9e-4f4a-9ffa-2a880f145008,2024,2024-03-08,adf7b22e-19a9-437e-ade2-833bb31da77c,4aa110b4-c8f4-438d-b44c-2d6a5c74ab8e,8,1,5.808796741437874,0.6863154289744184
59b64c14-0d73-4e14-b601-77ef86d1d681,2024,2024-03-08,52739295-a20d-42ea-b09c-a1e17be40d02,17a3b4e9-cfab-43a8-b7ad-73508d4d890f,1,1,5.58302108929939,0.7423388429536324
5c705c18-38a4-4c14-a648-770b8652b7a0,2024,2024-03-08,2deaf391-9719-4c95-bb3c-acc6f8baba86,f3cf8061-767a-4873-9e24-5cc4c9a6a1b0,-13,0,-3.3520165702997975,0.37571174511421734
713de2fb-5d0e-419f-8f6a-ab705deccf3f,2024,2024-03-08,67505072-f35a-493d-a160-8e6292da33f5,2408f22b-e753-4c5a-9353-be75a4fb2164,10,1,1.6613346421064135,0.5887800906774996
76368cca-7c0c-44ef-a6dd-4d7ab1e85359,2024,2024-03-08,af6bf0c9-2e1e-4334-8982-93f14a35af57,2df495e6-2f8b-487f-b13a-e76f3397df82,27,1,11.407186469906645,0.900778613834031
76a4d450-23b5-43c7-82fd-0a25257a5793,2024,2024-03-08,1cabfd4b-0114-490e-8d0f-1257cd7f0ae1,8fce643e-75f7-4242-b565-2a4818e1eeba,10,1,7.843923253757688,0.7680010090979795
77668272-a469-415b-9106-72e1d563520a,2024,2024-03-08,ebf92b73-233d-4523-8429-ab00d5af1966,db374003-37d9-4d61-a3f3-7abec141d33d,5,1,-0.21283413482600344,0.6118939890154281
7aabdc0f-fad5-4f75-9f59-ac815a7cb21e,2024,2024-03-08,e9813fa7-c976-4ad4-a455-2f05235e93cf,3a4357d0-0685-439d-863f-f854c35e4c42,-1,0,-0.7745572578477775,0.5638046238545177
83a5d378-5c47-4735-85b7-16db8e4de893,2024,2024-03-08,44e2611c-d02d-4019-b2f5-da0e4ad35df1,05f1d3d6-8079-4142-beb6-628fd19c74ca,5,1,8.300357810548707,0.8328426600042935
886667dd-2a1c-4541-856d-1d1df984b373,2024,2024-03-08,1d3cac70-c7f5-47ea-bb26-00ba78e1acbd,da828fff-cee9-4151-bc4d-983ee436f573,5,1,0.5639337355378905,0.5204655983017479
a40e32b0-b431-49e0-9fc0-41b74d0fe07c,2024,2024-03-08,58617cc8-94d5-4f69-a677-9ab4cdc52a33,bc3f184c-a2c4-4518-89d1-f58ee454b86e,32,1,18.251274239935523,0.9656152262283276
a499f121-6b5a-4484-995b-06dd0210a47f,2024,2024-03-08,6c5c20e6-a076-4fbd-b77d-61a1c7a3c5a4,4494a75c-3ddb-41cf-b75c-67fb9c0537c9,3,1,4.6654427616799445,0.7383069474802989
a73b22ec-9f0b-4dac-a3e0-492d2bfb31eb,2024,2024-03-08,bf4f25da-dd8b-44d4-a4b7-4671b3c37db9,2ed44d95-e306-4823-a4c3-196ffb777766,16,1,9.252492114561385,0.9312193780431178
a742eaf0-81d9-409d-94f3-63d5e94751aa,2024,2024-03-08,3457262b-c7da-4834-a20d-ad6be302a671,7f63e419-1d15-4c08-84b6-dc393ca0146a,14,1,9.341181573507445,0.8820826561629925
a8bbc532-8834-4ff0-8589-a03ac671a38b,2024,2024-03-08,7048a12e-ec8b-4bf0-a475-1316775a4964,c71ebd72-5c90-41d5-b1fc-544e4695d9d0,5,1,9.400361276053008,0.8491160134673367
b061d2a1-c082-4337-a6b5-54653965d6aa,2024,2024-03-08,228bf81e-d4c4-4b81-9b51-74ff2fd3f7c3,324e37b8-f52e-449b-909c-366c81488fea,15,1,2.233206560233104,0.5987195221056918
c968318f-69cd-4051-ab19-388f33f70345,2024,2024-03-08,a2069f0f-fd2c-4971-b3da-6ba010532fcf,00aed6ff-2151-4d45-8b3c-776ebb0a51da,-13,0,0.27400683138215787,0.4623954911969342
ccc18ae8-548d-401c-94a0-67dfcb54e8c0,2024,2024-03-08,31108a77-31cf-4228-9c6c-3a9665e9e17a,c05bd27b-1eb5-4bfc-b1ec-29735fe183f2,8,1,-5.637020929089536,0.40630536055346334
ec6dbb99-1e9a-4cc1-9259-0aeb282a0f9f,2024,2024-03-08,2518e2c1-28b1-472d-9fdd-5d97d9f1ea99,74434c65-ac07-4a97-9998-737791311fb1,-10,0,-3.0547428774251504,0.40372369853446566
f4e4ef1b-9244-431c-8460-cf73e3df9724,2024,2024-03-08,abad6a22-9569-47ad-9945-a6ad9345c30f,85effc0b-7382-452e-904d-22a52433ccb5,21,1,14.302636834177553,0.9267376269194432
f5e773f1-b737-46cd-b253-952bf51003d8,2024,2024-03-08,7fdeff97-4db9-4c33-9fc6-9f03bd977d30,6cc29af2-0d45-4399-b571-caa43e20e554,15,1,3.7067494343630494,0.7222970419539596
01bcd3fe-ac93-4381-89a6-1bb3bfef3ac4,2024,2024-03-09,00b63e00-850e-4b09-b660-a5e698f46b61,58bacfff-257f-4f54-bb05-241bd6353626,-15,0,-1.053237307357192,0.5431202544373251
0c3f1f58-486e-4113-a705-8e03932a6896,2024,2024-03-09,8e26bcb3-616b-4c7c-a709-bf30d2ddce41,b1937cc6-0f34-4060-82ec-b2bfe4c05aad,13,1,5.428017870637165,0.7111717387668017
124f1422-be75-4e73-96b9-fc620c06929d,2024,2024-03-09,638757a6-508b-49af-b5d8-661c0059c04c,3e3e940b-dd81-42f3-88f8-4e988278be04,27,1,-2.2027351561308004,0.46959705973248267
17e51f41-33cc-4a8c-bfc3-4b68fd35754d,2024,2024-03-09,89dd92f7-46c8-41a3-be81-ecb12f1cd4c7,629710d8-479a-4efa-b5f3-d77767ddce70,5,1,1.9313874627426095,0.701990484541548
1e0307a7-0eff-4d87-ab01-1871766528d6,2024,2024-03-09,f9a8f2d4-c836-4b2d-a4f9-47f73b8c033a,29fcbb70-fa3c-4806-8768-15b5ec4a8449,-10,0,3.1768917356813855,0.5731892288567763
25b7fdbc-4f92-45b9-9308-e05d29d23302,2024,2024-03-09,2f0bd8d9-4435-45ed-9efe-045f835c15a8,73db7905-652b-4320-aac7-243f2f2f70a2,8,1,-1.9125297783448185,0.37472918564936086
26846045-7f29-4e22-8a77-aacef3f99f94,2024,2024-03-09,b20b957b-b406-4f6d-8f7a-2f88e3b49bd5,7fdeff97-4db9-4c33-9fc6-9f03bd977d30,16,1,9.601332738124533,0.8633217473101141
27435d1c-6466-4224-b859-48335b87e5b1,2024,2024-03-09,abad6a22-9569-47ad-9945-a6ad9345c30f,af6bf0c9-2e1e-4334-8982-93f14a35af57,5,1,0.05588160471707016,0.5717216502113456
300a780e-1ae5-4356-a25e-f01848a6c72b,2024,2024-03-09,2e49ce6d-63ef-45d9-9048-67fcdb01a46f,f92587ee-8d25-4b09-9a60-6203f75c974f,-4,0,8.04844171683004,0.7955419235608293
34ddd662-225f-4a33-bda2-c159e88d3785,2024,2024-03-09,f73ebf9c-90d9-4d66-b403-056ea4ea6b30,e250c58f-f6a5-4da7-aff3-c6770b9a14da,-22,0,-7.990260403770694,0.23951303173109154
3949a99e-8e32-4a96-a7fc-9dbf5271f299,2024,2024-03-09,ede9d6c2-b888-41b7-8674-8638c41d2034,4a01023d-3637-4ac5-bf1f-37c08b2438a5,-14,0,-14.181645149296342,0.060108848478716136
3c56c527-e314-4014-b5c5-1f4d1505cdd6,2024,2024-03-09,754d9f26-9ca3-4bb8-8aa3-065bcf9ec6df,09fca7ef-baed-4af0-a553-465ae1160049,13,1,-15.683077124910834,0.049152946060769635
3ef6d8af-1613-485f-b43a-c50e66d8ea1b,2024,2024-03-09,ec7d9da7-9286-4c01-98ce-3a10ec231612,8ae6c27f-063b-4e7b-bbfb-653f496560d6,-3,0,10.856615101007689,0.8727788181999944
40c9c1d0-e384-4227-8621-6887b496a013,2024,2024-03-09,7ca95dca-8ca9-42a6-b9a5-307d339df9b7,c0dfc734-0d40-4cba-86b5-fb2ad5c73da1,13,1,6.165200697778321,0.7160470060547144
43d141ff-e4ee-4c83-af17-ba9f85dd1723,2024,2024-03-09,eaac3de1-dd32-49d9-abe3-f56bbff80cde,2ca82167-d915-492e-98e0-4ee592960583,5,1,14.481763055370624,0.9406834473734141
44d61f63-ef24-4443-84e8-936af60b1fca,2024,2024-03-09,350fe1ba-284f-4709-8cdd-3f745fcff0f8,60ee2d19-003f-4603-a2ad-838b3e6d6cc0,-6,0,-5.259182200897159,0.33697491084807824
45441ee8-e2c9-4cf8-97fa-ecdb3a26c74c,2024,2024-03-09,ba033ab0-c07a-4b71-b7f4-243ae194d23b,fc7ccbd1-42ce-4200-b33b-0f8f3de48473,-14,0,-4.873100242340489,0.2942160782800082
4a799ac6-7eed-45cd-bce2-2b546bb4d986,2024,2024-03-09,f5583f43-2ae1-4834-b364-107222763dde,3bdd846d-463f-4ddf-8719-13ed1e3f2634,-10,0,3.4354495546431862,0.6440337490307797
4ac05e3a-cce2-40d7-a8a0-11f558e93907,2024,2024-03-09,64c5c3a9-f1f6-4f48-b571-1de27621f06c,25912c1a-f2be-4c07-857a-5eef6aadebda,5,1,0.6205825530349236,0.515484822728237
4cc42fb6-880e-4e28-a486-f3d3ee2cccc7,2024,2024-03-09,125fc4dc-8f42-45a8-b23a-3e50f4620499,31108a77-31cf-4228-9c6c-3a9665e9e17a,21,1,17.990127809061768,0.9766206149417289
50fd808e-52f3-4b1e-885a-e58bf01d818c,2024,2024-03-09,6eb0ebaa-8c99-466d-8fad-68b897f2a9e2,e6b0799b-abce-441c-929c-964306f8fc27,8,1,7.4691958473812905,0.7685202454585002
512af75e-ee7c-4bef-a56b-785f2ef3f3ce,2024,2024-03-09,e51fb2de-db51-4fbd-ab63-2a069c126779,58113924-4aef-47a7-a675-cddc9e355cd5,14,1,7.6358911101294655,0.8163449088090986
54b8fad3-201f-487d-8e97-d3d08fae6ae4,2024,2024-03-09,9611a021-de39-4ca5-8188-6387e4c99fbc,89949731-8bb3-45c7-a6f6-798934261b61,-22,0,-6.922459115304979,0.2569191031295034
573823c7-5719-4c44-8e4f-1b9035afec65,2024,2024-03-09,e308f5e0-c422-490c-901a-575bb49f1c7e,7f15159e-f7a6-4016-869b-962879f5c296,12,1,7.769946684548568,0.785769207452343
58e9345a-056e-44a9-ab39-0e8fcf24ba52,2024,2024-03-09,be683752-ceea-4783-ae94-66be0178e1d1,b6c9db49-45a1-4d98-9a80-dbbe19471992,1,1,10.454778102198285,0.8786769922054719
5d54b87c-8aa2-450e-b8d6-735f1bcdaa5e,2024,2024-03-09,01300ab2-c4a7-4740-a5ac-3541d598620e,97bd823e-8c6e-4942-a5ca-735b3a45ebbc,9,1,9.033692508610098,0.8029766524610783
6628d5e1-c216-42bb-9498-2896f0a3ccc8,2024,2024-03-09,92b76481-ab53-4e96-a0ec-5f522c031417,2493388c-6fee-41f1-90b0-e82a447a607a,-9,0,-8.875914590538521,0.2283039590822294
68408e33-a46b-4997-8f4a-61a4b41be7b4,2024,2024-03-09,db9d85a6-59a4-47ff-a287-b40442bf460b,69e6a4c4-bb68-4c30-86d8-3cf7d51c7db7,6,1,-1.8877193922622817,0.36434719120440384
6f9a8cc9-99dd-4bc2-91d2-d95d0a6914f0,2024,2024-03-09,529e7dc4-6b55-487c-84b3-598dd9941301,9c1431a3-21c9-46c9-8335-1b85a6022223,14,1,12.013262411930922,0.9028031549064613
77e1cd1a-80ec-45d8-9b81-7c638f5ddcd1,2024,2024-03-09,e1ef03af-e420-475d-8a35-c6e5380e9f6d,f48b0b87-86fe-4b7b-8bf3-9d541f495284,17,1,13.46630407520389,0.9174723561857792
7db85530-03e3-4b57-91b3-8ba77a5af39e,2024,2024-03-09,ea8c66b5-8fe3-41dd-a56a-b85bfdc613c3,10a27e98-10ab-4397-bb74-d3a92cc590dc,3,1,1.8882794900124922,0.6281381363174321
7e33543e-4518-44f0-b9e5-ebd190e93112,2024,2024-03-09,051d13dc-5152-426a-affd-0cf01ef80268,f162ea30-6b86-48f3-bdc5-48c97448256c,-21,0,-8.600605344832752,0.11945646816245893
7e874bd8-1750-4dbe-911f-05b7d77945a9,2024,2024-03-09,2b1a3f03-7d93-471b-be12-d487164eae0f,3a30d561-24be-4bfa-8d8d-75e645c4ad5f,-2,0,-3.6366954225478407,0.32856071239803597
842051b5-5082-4eec-b9b7-127fcac030fe,2024,2024-03-09,d8e747fb-453e-4894-9a8f-08598fead336,5320f527-fbbd-4bb0-80d3-0de759475d59,-3,0,-4.152582400761571,0.38771628051446877
84306611-90fc-404b-8d8a-9aa4076840c5,2024,2024-03-09,ea78667c-bf16-4084-80cc-2ab61a0e05d5,2851d469-fe75-448e-9d6b-4bde7ec96e06,8,1,1.6820071166452808,0.5607652506258624
84e9b945-f7ef-4403-8e39-3e5301381269,2024,2024-03-09,0c2a9ebe-8c6a-44ec-8643-1dbac7642ab9,dedb6ed5-06d8-4ba6-a1cc-e3134a2c7937,14,1,16.495914697195,0.9417742324279289
86044bd8-31cf-4c98-9db4-2401c63d4959,2024,2024-03-09,44e2611c-d02d-4019-b2f5-da0e4ad35df1,52739295-a20d-42ea-b09c-a1e17be40d02,11,1,3.0766625758634953,0.5681488356152712
86e3817b-4738-4ff3-b198-fc4a10790b06,2024,2024-03-09,45e40bdf-5c84-42ca-84d2-a823db0b6609,409dd213-f612-4ab7-a0ae-8060dd9a6ef4,-16,0,-11.748311238095797,0.09359537237604941
882ca419-cd28-44f8-a9ff-6340444c4674,2024,2024-03-09,2198dbfc-96fd-40be-99e1-e697e4c3d996,4928acd4-6738-4045-be81-20132f6471c8,-6,0,6.61522822976959,0.7274537024368305
8a6d1dbf-9fa4-4559-a6b7-6a1b0280e4e5,2024,2024-03-09,91d935fa-7d8c-41e7-a184-72c0f770d10c,0c8ee784-d7e9-4ac4-b0c7-3ca89567c515,-4,0,3.391848852925506,0.6438387033293623
8cb356c8-31b2-4da1-abd8-bf062d71f552,2024,2024-03-09,c58c3009-46ec-43bd-b27b-b0d683ab2cad,2acb9682-4dbf-4e25-82b3-0124cb5c07cc,-1,0,1.3274240069356225,0.5489956912665113
9104d710-8eb7-4909-a7db-880cfb14e094,2024,2024-03-09,72d2e856-e65c-4184-bc2e-38e805170efe,ad9b8341-2ebd-49c4-8bf9-bf5d4811bc0c,10,1,-6.392049356392302,0.25943612437347735
97a4adb6-e103-4449-8206-86deb9daa176,2024,2024-03-09,2f2d6799-40af-4256-9dd9-412be50aa14f,cb1440b2-adac-4775-96c8-c4f00641d353,-8,0,0.9525383051213745,0.6036614403061795
98389d69-9af3-4070-8704-92dc0d0a9806,2024,2024-03-09,65c68c5f-fc3b-4781-a912-2a4b17be699e,e0cc707c-bdef-43a1-a3f0-c1ddfefdadd3,7,1,3.2650583829793423,0.5994505247911631
99e02511-2f15-4a77-9bee-d0e671f42423,2024,2024-03-09,e72d1807-6463-450b-b561-c3727b286584,1ac84e49-be83-4e9a-b4a7-0fb0b7465b32,10,1,1.2894410131696468,0.5711779047793303
9dd46b77-0694-4abd-9a85-215bb9038913,2024,2024-03-09,d7bc8ff0-3522-40a8-8309-346e8b4cf9be,3a4357d0-0685-439d-863f-f854c35e4c42,30,1,9.793463044460935,0.8728651031761893
9f81daab-516f-4401-a501-060b03bc84d3,2024,2024-03-09,b9e1a15d-9de2-45e6-9fc8-b3444d1bc0b5,5052a2f3-f41f-41e4-a681-c6277fec0404,-5,0,5.805017732269047,0.7553249331313534
a0c72aa6-d7d5-43e5-bac2-80e85bbe28e6,2024,2024-03-09,bf4f25da-dd8b-44d4-a4b7-4671b3c37db9,1d3cac70-c7f5-47ea-bb26-00ba78e1acbd,22,1,8.97921991914908,0.8804706095489795
a683e9e1-2f3d-477a-9cab-c1c946c4b894,2024,2024-03-09,b255fc28-3428-4006-adf1-9c1001ecb1a3,550c3333-8e82-49d4-b9c6-ae13db14a84f,4,1,5.7649116327373635,0.7220167259273848
a9ca1c30-d0e2-4688-8724-2c8dbe17282b,2024,2024-03-09,2ba07bf8-0306-417b-b7fe-b2d29b7d0eb1,5f480384-0cfc-4e90-837d-db9cc8d292dd,-17,0,0.443930030558902,0.4737229002882804
ac196a82-4f61-4aa4-bc13-9fe10dc2a54e,2024,2024-03-09,51a31921-d3f2-4514-821c-23df38e74559,5ace87dd-23fb-4317-bc7f-8d80556ae6b4,15,1,11.048715152721545,0.8888162611168482
b7a30742-0687-4946-aad9-753febb15ce6,2024,2024-03-09,4e9aa968-9ad5-4833-b9a5-7d89b35976d4,19b40071-00ca-4d8a-8188-a03d635e9811,-8,0,8.99535645723927,0.8351729793140047
b8c7e349-6665-4ccd-b565-2c88c411cdc0,2024,2024-03-09,268a2907-58d0-4693-98bb-a6cecdae1c63,8a753611-1c3e-422d-8c6c-5721763b5574,10,1,6.885408362924334,0.7095269078984571
b9af26f9-b445-46ab-8619-d5e35458e237,2024,2024-03-09,e8e72618-33f8-4013-8305-43775a278752,5fcb12dd-e3b1-4e57-ac30-33da456cd5db,36,1,12.531195405590227,0.929982310302767
baee2fe7-f2e7-4c5d-a170-83213d53ecd8,2024,2024-03-09,33176e8c-5f9d-4bcb-8c56-9a0a5f7d7f1c,58617cc8-94d5-4f69-a677-9ab4cdc52a33,-11,0,3.604300104740356,0.6620090682830269
bbd5f225-81d1-4046-8a93-762830fdfb52,2024,2024-03-09,bb505898-cdd5-4c4e-9ea1-301ff6a4b981,e3158bc2-1467-4311-8540-c4f77e10aab2,3,1,15.227212141246987,0.9365772371782591
bc50cb11-e786-40e0-b956-1cadd80ef51d,2024,2024-03-09,a7951831-d013-4591-8037-4212b4a85c3d,0b9bc135-badd-4fc9-b7bc-bebccb08cbf1,1,1,-0.0038376043757010537,0.5372952724940631
bef8947b-925f-4a91-b4b2-b8a42356724b,2024,2024-03-09,e7f5f157-7a33-43ad-8282-59e1c4ad9b25,d2ae40ba-651b-4006-8b22-61c6b9ce0e33,8,1,18.92569702842357,0.9843787859632936
c0f17386-5e72-4fde-8f79-f607707cc93a,2024,2024-03-09,6b296d7f-de88-4a16-8a22-b28077a669c4,a7f405f8-389a-4a00-bb71-6d07d48f4fe8,17,1,5.800367029592625,0.7339939287973214
c47ced38-d19d-483d-b33e-90b5eec0eb61,2024,2024-03-09,bfd4c500-09b6-46ba-81ae-48b13f8345ff,dd1136c6-9974-4186-b206-7e24f2bf7dc3,4,1,14.898916315634194,0.9598345745836895
cc365770-b139-4c9f-9307-7a02fd4703c3,2024,2024-03-09,e42183ad-b44a-4746-8c0b-148ad61bab43,9ccf2901-b49f-4aa3-8a4a-d59d017dfabc,2,1,0.02906805905268261,0.4713295171810298
cf7eff8d-0f5a-4e6b-ac84-0dda1a7106ae,2024,2024-03-09,5368fba0-1d0f-4310-9dea-c25c58762dd1,57144631-7473-4b46-a437-8e2d8c760f87,-8,0,6.028471206357075,0.7363510405450351
d92babf9-9150-4cc1-a5b6-b414d1f60d51,2024,2024-03-09,49c78722-1476-440a-9de1-896fb7b7db88,5cae196d-fd0c-4944-8120-41d5abecb290,-16,0,-7.71382836833967,0.2430779899049879
e256b978-6248-4154-9e43-ad1efbda2397,2024,2024-03-09,d8cd723a-1d76-4abe-be2e-516e52724947,0b751b74-e572-43a0-b324-54eeefac4d5f,11,1,10.75289263053643,0.8839004359984068
e694cf23-28f8-480b-893b-2335704b2975,2024,2024-03-09,45959b35-f1e9-462f-aecf-565395a6fb6d,cc07b31b-464b-4cb9-89d2-ac26ffe3e5f4,-9,0,-13.47578026087025,0.061525220410440846
e9106745-132e-49d6-92c8-14c9904993c8,2024,2024-03-09,1c1c3846-4bad-48b3-b8be-dba7d24af981,03a91d53-3b06-4e76-b037-9c97d09645f6,-39,0,-1.6998979764856994,0.41863417999715946
e9b4c729-8e54-4d42-a534-0c48bc127483,2024,2024-03-09,8c121ba7-b028-4d29-8ac0-bfc3c1ff7b57,ebf92b73-233d-4523-8429-ab00d5af1966,25,1,3.496303110305964,0.5695245383366001
fad56f5f-76bc-4194-ab8e-87aa0db08439,2024,2024-03-09,3457262b-c7da-4834-a20d-ad6be302a671,00aed6ff-2151-4d45-8b3c-776ebb0a51da,-1,0,6.5977675896886945,0.784217939495993
fc49a5ce-3d65-4061-8d11-eb502f319d73,2024,2024-03-09,22ae415e-1335-4b89-a126-bbc7a1d7901e,dcf85f3b-a79b-4a61-9cd9-d6a90541bf3f,-3,0,2.4193957160984008,0.6015580087589165
ff175ee3-fca8-442e-a4cd-765a0c09c5d2,2024,2024-03-09,dde8f534-10a1-430c-af83-43b026e7ab68,adf7b22e-19a9-437e-ade2-833bb31da77c,13,1,10.413051196160152,0.85964364602124
0003d87c-d6f6-4f01-b784-a8bf8dd56d77,2024,2024-03-10,eaac3de1-dd32-49d9-abe3-f56bbff80cde,638757a6-508b-49af-b5d8-661c0059c04c,-2,0,6.680952065182099,0.7191737861826218
033f2aee-4b62-4bfe-a17f-1f7e83e1b565,2024,2024-03-10,6474358a-819c-42e6-92d7-0fd3ce20d239,d7bc8ff0-3522-40a8-8309-346e8b4cf9be,15,1,5.446376281868814,0.7838094587011248
0976cc0c-42ff-4f31-adc5-40476e53e558,2024,2024-03-10,3280e439-7a98-4ebd-95dc-1a1281ccab00,873b654a-5825-415c-8a11-5e5b15bd2ac8,24,1,8.29716945850219,0.8179809877564653
1fe2ebbd-b329-4c9f-bb95-8935f2b758d1,2024,2024-03-10,44e2611c-d02d-4019-b2f5-da0e4ad35df1,00aed6ff-2151-4d45-8b3c-776ebb0a51da,-26,0,1.0449499078006348,0.41610064256305845
21fc3a04-3288-4fb7-b333-5c033c4faed4,2024,2024-03-10,7da2e7c8-cee3-4ff4-be74-58d324c5ff71,7af1094c-c99d-43dd-b41a-1b72a81abfb3,10,1,9.727798268723504,0.8577040765141744
2a996fdc-c1e8-4ab7-9b1b-f54fd25a8431,2024,2024-03-10,b7f069ed-b9be-4147-b87e-fe1bef8386b4,439b6cee-3be6-4471-bddf-f7cb8c69cc85,1,1,-6.668693652261508,0.25152006138609295
2d62d230-5129-4743-b183-bbb4120875a8,2024,2024-03-10,89a85f65-8bbf-43db-b23d-362af1afc44d,57c91ea3-1f48-4879-a664-232fba59cb1e,-12,0,2.2324874909372485,0.5787455990988102
4562a23d-25ea-4dcf-9660-66224da8287f,2024,2024-03-10,2607ab7d-2f54-4540-9b2e-d27703407118,d0ec4581-205d-4391-a765-06ee8de241d9,-7,0,3.2728668505432643,0.5213103054151563
46d6043b-d5f8-4513-b237-d8c4e0fae849,2024,2024-03-10,dbfecb75-86bd-4650-9fc0-4d85eaeabbbf,268a2907-58d0-4693-98bb-a6cecdae1c63,-3,0,4.511656492758987,0.6644258126100487
47a0e4ce-df02-47db-9169-d52998f61377,2024,2024-03-10,791eb121-5f34-499b-a1ff-469bc9007fe7,58617cc8-94d5-4f69-a677-9ab4cdc52a33,-1,0,1.4427071344676725,0.4655828409643545
58f754c4-1f8f-43ed-a390-31afcab45051,2024,2024-03-10,4b962e36-92f2-493d-a9d8-e62b725d5b76,d8cd723a-1d76-4abe-be2e-516e52724947,-10,0,0.32078146967072846,0.39970809275920044
73cca393-a4e6-477b-811d-fdad3c63a6ee,2024,2024-03-10,2aed7aac-f38b-4fae-84ae-9e9c9ac71a3f,8044cdf8-5fd0-47d9-8a07-8a29b2ca7b9a,-5,0,2.8961082004355423,0.599120626671243
7a90e21b-1c37-4358-b8b8-f87b2febe90c,2024,2024-03-10,7eefd1e5-aea4-463e-ae74-c628b0fe170e,d7b7310f-6983-4a09-bb56-fda96e9f761d,4,1,1.3619083308329647,0.5442504668449003
8f4de73f-49f1-49f4-b0ad-86f28d5655a7,2024,2024-03-10,e1ee7493-ca48-4d8c-aefe-83427a4e66af,cb1440b2-adac-4775-96c8-c4f00641d353,-5,0,7.8208787648073566,0.8519299629613193
929e0c01-1463-4b9e-8bc1-328f38373d9b,2024,2024-03-10,1394e3ce-706d-4097-9aaf-cad5d38aa5a0,6068f6c0-7e92-4dc4-9da8-1bfbdb60cf2c,-15,0,-8.00361497210003,0.21892402636611555
95d875b9-f967-4398-9684-9e1a1b5d7327,2024,2024-03-10,101749c8-ec05-4370-a95b-47f56c433623,9cde2e64-799a-42f1-84dc-71779b1219f5,-12,0,-3.6744109864423136,0.3327968268941998
9debced3-3ee0-4a27-9e6e-3aa25312f201,2024,2024-03-10,bf4f25da-dd8b-44d4-a4b7-4671b3c37db9,abad6a22-9569-47ad-9945-a6ad9345c30f,-4,0,3.019825695646635,0.5236370066820094
a09c1b9e-1a0e-47c0-813a-c43b00cdee4c,2024,2024-03-10,cd369794-6765-4889-bd1c-89869447620b,cd9eea44-8a6c-4bd4-ad4d-74e461fdefd3,8,1,9.53061195575199,0.8628385173593726
a9bf2280-b7dd-4fdc-b3b1-f7f4c83e1476,2024,2024-03-10,c79306a4-5139-4f8b-8b55-21b42e22858f,e5bf7042-0036-4e9d-81f3-3126a9675ce0,-1,0,0.4489099082677833,0.5508536094474623
b9256e4a-5917-4d48-b805-6910f45946d1,2024,2024-03-10,79479954-cdbe-4601-a82c-35936960a7dd,629ca4e3-9243-47ce-8a02-ee7fe38e857c,-2,0,-1.8962538250385301,0.37979081404573967
bd67f3d4-3c34-4370-9c33-a9c45c26634f,2024,2024-03-10,e1ef03af-e420-475d-8a35-c6e5380e9f6d,4928acd4-6738-4045-be81-20132f6471c8,5,1,12.100503299466604,0.9102567191901918
c1629a0b-58c2-42f0-becd-ad93b286d509,2024,2024-03-10,853125a0-ce88-45ba-9815-9387fac3d278,644a0213-9ca5-4238-af33-7c8ed45fc88b,-22,0,-4.195146471576514,0.3591936586068109
c3e1bfb8-eaed-490b-b057-c675eb9304bd,2024,2024-03-10,30a1a9be-60b7-4afa-9dcf-92694c2703d1,e30e79ea-8947-4c58-9842-25781182ec2e,3,1,10.732617172175951,0.8807640241647874
d8e4d1fe-4df2-4e32-8e1a-9c68d28a4bb9,2024,2024-03-10,23b31575-028e-4661-85ac-8d5835d6726f,546e1911-9caa-499e-92f4-afa9c6b1e8c2,-5,0,0.8511712504954152,0.49203359840433614
f1a7daab-0646-4a87-b36b-3c0791d1b2ef,2024,2024-03-10,dde8f534-10a1-430c-af83-43b026e7ab68,dcf85f3b-a79b-4a61-9cd9-d6a90541bf3f,7,1,9.66763450446267,0.791603588349307
fee605f5-d938-40ac-9a9c-9bbfa6a2bbd8,2024,2024-03-10,f9c26112-b1ea-411e-b273-e74e8ce3f1ff,9a06c3a5-a344-48e1-942e-a22438b842ec,3,1,1.2812006100391664,0.574965724642577
47ed17c6-7791-4f7c-836a-c851f4536863,2024,2024-03-11,b20b957b-b406-4f6d-8f7a-2f88e3b49bd5,7da2e7c8-cee3-4ff4-be74-58d324c5ff71,10,1,-0.028580133236931773,0.507956903264872
5b4ca75d-86ad-450d-81c9-37d834a2855c,2024,2024-03-11,e5bf7042-0036-4e9d-81f3-3126a9675ce0,2acb9682-4dbf-4e25-82b3-0124cb5c07cc,-3,0,-0.7497293865792288,0.4958766346831272
60720d66-8311-447f-afab-3338b151a460,2024,2024-03-11,0d6ccccd-6ee7-4ed7-a231-381c6b268e2b,312cd404-9fa4-4f04-b8b0-cfed95e31398,6,1,5.395561950408827,0.658426651094184
9d018701-4ba7-4f03-8064-e2bf3a6e0e98,2024,2024-03-11,3280e439-7a98-4ebd-95dc-1a1281ccab00,d8cd723a-1d76-4abe-be2e-516e52724947,5,1,5.442736203009866,0.6908974817639688
a4461cea-63de-452f-aeb8-4c29dc15681d,2024,2024-03-11,6474358a-819c-42e6-92d7-0fd3ce20d239,268a2907-58d0-4693-98bb-a6cecdae1c63,-4,0,4.616188220554693,0.7361494522093024
b658c061-270a-4b12-b1a2-e28f21941cc2,2024,2024-03-11,e1ef03af-e420-475d-8a35-c6e5380e9f6d,638757a6-508b-49af-b5d8-661c0059c04c,20,1,8.98228841866399,0.7955552566515245
c96ff660-068f-4f8e-bef1-9c78ce27d58a,2024,2024-03-11,493c2e9c-ef36-4b2a-8a7e-32c890e85a4d,546e1911-9caa-499e-92f4-afa9c6b1e8c2,21,1,4.87477761426382,0.6338318993034741
ce9d5ae9-c3af-4f28-b10d-5c6cb6361225,2024,2024-03-11,dde8f534-10a1-430c-af83-43b026e7ab68,58617cc8-94d5-4f69-a677-9ab4cdc52a33,7,1,10.031444998406549,0.8325488298532179
d82ff2e7-2e68-4fe3-a6bf-ac5015e87224,2024,2024-03-11,d0cd742d-b4e6-4f30-88f0-872c2ac1e51f,df2a7293-fc74-4f81-a93d-98c8989ea725,-9,0,5.333998089209739,0.7073970855854436
eb97d44f-742e-49e6-86c9-6cf7b778fa67,2024,2024-03-11,371811fe-0533-4539-97b1-b56f642d0fd9,57c91ea3-1f48-4879-a664-232fba59cb1e,14,1,11.74450347481167,0.8728893514597886
eef0316c-cfb3-4426-9104-2ec174e830bc,2024,2024-03-11,4eaf68c0-dd32-4705-8f2c-1c1dd2880a74,696e6eb5-b8dd-4d44-8780-1e6c678615bd,3,1,8.021455032951222,0.8015272939479006
effb25bf-b6f9-49fc-9742-7e497078bd5b,2024,2024-03-11,9341db15-6a24-4506-804b-e37983918ab9,1acd2c41-6945-469b-b33f-3c7b30f8359b,-7,0,-2.3647471358392473,0.45441534795553973
f549d08c-7882-432e-9de7-b338e9d0db6f,2024,2024-03-11,7747d9fc-9e15-4b0f-911e-ba64828748ed,125fc4dc-8f42-45a8-b23a-3e50f4620499,12,1,9.290518698040387,0.8187664446035285
131fa870-5d1a-4eb8-9f36-5720f1010c48,2024,2024-03-12,4eaf68c0-dd32-4705-8f2c-1c1dd2880a74,1acd2c41-6945-469b-b33f-3c7b30f8359b,7,1,5.591493559820295,0.7606205300761085
161572b9-650c-4172-87a4-e9456a6bbbc3,2024,2024-03-12,da6142ab-a5fa-48a0-b6ec-864a8119be75,7747d9fc-9e15-4b0f-911e-ba64828748ed,9,1,-4.257942012720107,0.34624577423166303
28295c08-96fb-49de-97e2-9dafe5cf18c1,2024,2024-03-12,65cf0d8a-0a5f-4572-8516-53809f66ba44,2851d469-fe75-448e-9d6b-4bde7ec96e06,16,1,1.5918448280330102,0.619714375527338
35303431-41c6-4227-9128-b011ef5e8710,2024,2024-03-12,df2a7293-fc74-4f81-a93d-98c8989ea725,cb1440b2-adac-4775-96c8-c4f00641d353,3,1,7.1268579374583645,0.762265537315503
37b1647c-0270-4c0b-a197-dcf02f45888b,2024,2024-03-12,57144631-7473-4b46-a437-8e2d8c760f87,19b40071-00ca-4d8a-8188-a03d635e9811,-3,0,0.5173332167344306,0.4392036345787938
57f22bdb-8118-41e8-9a3d-c8dc6dc0374a,2024,2024-03-12,b4c9b613-0bc6-4295-b293-3b56c2020f1b,9c1431a3-21c9-46c9-8335-1b85a6022223,15,1,5.362847198810394,0.7218183857942004
5bec5508-9155-4571-8c0c-2278b534aef6,2024,2024-03-12,b20b957b-b406-4f6d-8f7a-2f88e3b49bd5,2acb9682-4dbf-4e25-82b3-0124cb5c07cc,8,1,7.121170042365167,0.738071019632049
7b58da48-f3e1-4631-8d5f-22356ae7b183,2024,2024-03-12,bb505898-cdd5-4c4e-9ea1-301ff6a4b981,8e26bcb3-616b-4c7c-a709-bf30d2ddce41,7,1,10.874497140991107,0.8921497916839923
99ef06f9-bb48-43ab-aa68-cdc051a1083b,2024,2024-03-12,73db7905-652b-4320-aac7-243f2f2f70a2,fd495afa-fc22-4081-905c-24f40ff2656c,9,1,14.91144652051973,0.9490769257394567
a0226ace-9126-450e-97c7-41855130c69b,2024,2024-03-12,5368fba0-1d0f-4310-9dea-c25c58762dd1,f916ec1a-cf31-4b3a-9d55-a8bdefbea199,8,1,-2.817098384070881,0.41326452479775566
a647084d-d957-4eb6-afe9-a254a90118cc,2024,2024-03-12,e8e72618-33f8-4013-8305-43775a278752,5fcb12dd-e3b1-4e57-ac30-33da456cd5db,5,1,9.703614447901622,0.8974717402473172
a97a0177-ab26-44ea-8cb3-01df7cdddbbc,2024,2024-03-12,14393a14-3128-4184-bf05-72f6bf2a357b,3bdd846d-463f-4ddf-8719-13ed1e3f2634,-7,0,7.701155603157814,0.7685119090671828
acc33e90-2759-4b6d-bd8c-7731aeadabaf,2024,2024-03-12,2c8d46b6-8e8e-4229-85a4-0713fe1c6c4f,371811fe-0533-4539-97b1-b56f642d0fd9,19,1,10.79831979297974,0.903805721293956
ae413b23-70c5-4af9-96c0-193ccbd911d9,2024,2024-03-12,26d69f75-49a0-4d07-968b-2b549e059c24,493c2e9c-ef36-4b2a-8a7e-32c890e85a4d,-8,0,4.243345355489736,0.5823105924734299
b38ab8fa-18cb-4a0c-955b-767c5ca18f29,2024,2024-03-12,4b83e4dc-410f-4835-a8a4-8ccffc29e016,5ace87dd-23fb-4317-bc7f-8d80556ae6b4,4,1,0.1486614394179735,0.4754331038484676
c1945559-2f59-44a0-8746-613a977d38ad,2024,2024-03-12,a64af70e-61a8-4777-8e8d-9a7815f78f3e,d8e747fb-453e-4894-9a8f-08598fead336,3,1,8.316853597156507,0.7633283142103391
c96116e6-5b30-4260-9970-7458376b2beb,2024,2024-03-12,e6b0799b-abce-441c-929c-964306f8fc27,e0cc707c-bdef-43a1-a3f0-c1ddfefdadd3,-9,0,4.453976033251054,0.6813059247443486
ca677df3-f1e8-4d0e-a012-b76be372421b,2024,2024-03-12,8a7ae133-e612-4f1b-911a-a72870f8b4d6,632ba9bb-afd9-4b5c-9c3b-4e60816c8e4f,1,1,-0.12819800672182535,0.44270462658513837
ceee61f7-4640-4b2d-a2b5-a152af1a48e5,2024,2024-03-12,3280e439-7a98-4ebd-95dc-1a1281ccab00,268a2907-58d0-4693-98bb-a6cecdae1c63,3,1,8.130975998859725,0.7309158552677163
dab0c84a-9adb-4beb-8b8c-5c7c8bf71494,2024,2024-03-12,9b465025-fe2a-4233-b24e-310dbccdf4ed,fd42047c-b7c6-4dbe-93e7-69cfd125995c,2,1,8.768105817043526,0.878432304657261
0f8385d5-d8b1-4be2-8eeb-28234ef0a596,2024,2024-03-13,0c2a9ebe-8c6a-44ec-8643-1dbac7642ab9,dedb6ed5-06d8-4ba6-a1cc-e3134a2c7937,-3,0,14.904007969080933,0.9336470950693951
1b166afc-deb4-49c2-9b02-a08f0ebb68da,2024,2024-03-13,c71ebd72-5c90-41d5-b1fc-544e4695d9d0,5368fba0-1d0f-4310-9dea-c25c58762dd1,7,1,8.120870197814698,0.6721489671898406
2a7f5a1d-ee6e-4c25-9c33-f8f4b563793f,2024,2024-03-13,2b1a3f03-7d93-471b-be12-d487164eae0f,9b6f0f32-d8f1-4921-aad2-a16c420f3183,1,1,21.458792811325154,0.9842388781977746
47d00b99-7511-4c15-8436-dba26b1a7d31,2024,2024-03-13,0b9bc135-badd-4fc9-b7bc-bebccb08cbf1,7f15159e-f7a6-4016-869b-962879f5c296,33,1,12.131329380042862,0.898821729572907
633c2f1b-04d8-4c11-a54c-d8b0631ea339,2024,2024-03-13,63a49366-1e4a-4ecd-849d-4153e5e0a2e0,28e39e04-5ba3-41eb-808c-3ab653c2ef06,24,1,15.268565590321758,0.9722956908127863
811cb410-c911-41b6-a520-cbd086c97fb3,2024,2024-03-13,3d25723a-661f-48c9-9c5f-db713077997a,051d13dc-5152-426a-affd-0cf01ef80268,-11,0,2.4238164437482466,0.6200716224111779
8769bc4b-b349-468d-899a-41afc6edac96,2024,2024-03-13,5f480384-0cfc-4e90-837d-db9cc8d292dd,a7f405f8-389a-4a00-bb71-6d07d48f4fe8,5,1,1.5510829551054328,0.5745088918773084
aee09207-b925-4075-8974-8ccf13fc1946,2024,2024-03-13,e308f5e0-c422-490c-901a-575bb49f1c7e,45e40bdf-5c84-42ca-84d2-a823db0b6609,10,1,6.479099413041307,0.7713023535964548
c5bc31db-e0cc-40eb-93a3-c6e546c92ecc,2024,2024-03-13,9ccf2901-b49f-4aa3-8a4a-d59d017dfabc,45959b35-f1e9-462f-aecf-565395a6fb6d,26,1,18.589354112143987,0.985463301547923
cc0e337f-69bc-4587-ab86-2c3b04db12e6,2024,2024-03-13,0c8ee784-d7e9-4ac4-b0c7-3ca89567c515,a64af70e-61a8-4777-8e8d-9a7815f78f3e,5,1,5.2461955742681345,0.6964319991283507
d0d9e39e-2ddd-4317-9c78-b66e2ddac6d8,2024,2024-03-13,1b0dd005-3190-4ca9-b74d-111343f2fce0,e8e72618-33f8-4013-8305-43775a278752,-20,0,-3.574014611962411,0.44948331424792887
d4fd5dbe-82ef-4f7d-b8a3-c714cb45d040,2024,2024-03-13,cd57c823-e9d8-49c1-bbe2-af9da08499bc,f1c92057-9fa5-4bdd-b404-96dd624192b3,6,1,9.248032850847544,0.8996148288969691
db4da26c-74af-486f-84ed-e76c7b23214c,2024,2024-03-13,215ed27d-58e8-4e84-ab60-6d170d404304,853125a0-ce88-45ba-9815-9387fac3d278,14,1,4.3934340049387846,0.6715547973640537
f33c60b0-1268-4fc2-8065-4f97734bf867,2024,2024-03-13,25f32a40-1a9b-47e3-ab20-74659cba9520,550c3333-8e82-49d4-b9c6-ae13db14a84f,5,1,3.5093476010308513,0.5682019644262307
03a76c23-060e-4783-9eed-5da37f894606,2024,2024-03-14,101749c8-ec05-4370-a95b-47f56c433623,644a0213-9ca5-4238-af33-7c8ed45fc88b,-12,0,-1.5460587472645553,0.5207701922812167
0775fd9d-c399-4a39-a9aa-11a17a116998,2024,2024-03-14,a7e91e1e-3644-4f3c-bda9-edddb9602a27,4c073afb-cc2c-4ed2-bd8f-2f545ae1bea5,19,1,13.40294874919247,0.9128596595086161
1994dbae-e6ba-41c9-b072-ec3a54d4dd1e,2024,2024-03-14,6c5c20e6-a076-4fbd-b77d-61a1c7a3c5a4,1cabfd4b-0114-490e-8d0f-1257cd7f0ae1,-10,0,-3.6056615007774595,0.3408322864220328
208634cd-554c-4e23-aa75-1181b6188201,2024,2024-03-14,e42183ad-b44a-4746-8c0b-148ad61bab43,1c1c3846-4bad-48b3-b8be-dba7d24af981,12,1,12.451844339136459,0.9128041932590713
2343ed5e-856c-46bf-9330-b7dbc8f1b6d1,2024,2024-03-14,8af88029-6520-4f85-a99b-0f10d820a167,db9d85a6-59a4-47ff-a287-b40442bf460b,5,1,5.3789054412353785,0.6916001088479626
2b6443db-ed93-4113-835c-c1841b48c27f,2024,2024-03-14,1ac84e49-be83-4e9a-b4a7-0fb0b7465b32,e8e72618-33f8-4013-8305-43775a278752,12,1,-0.11003316954970482,0.49707957825692795
344d233a-1751-44f4-bb5b-c63f78703205,2024,2024-03-14,51a31921-d3f2-4514-821c-23df38e74559,65cf0d8a-0a5f-4572-8516-53809f66ba44,6,1,-1.0599109097965362,0.5211431149076506
3e8304f4-cec3-4442-bc06-5797ffe335a5,2024,2024-03-14,ad741e6f-e15e-4f4d-8350-9973fa99916e,384d8319-2770-4b9a-bb32-bd4da034d104,9,1,6.498894737585322,0.5926865766283802
43a18cbf-55c4-4dbf-89e8-dba5d9a8c473,2024,2024-03-14,cd9eea44-8a6c-4bd4-ad4d-74e461fdefd3,215ed27d-58e8-4e84-ab60-6d170d404304,31,1,6.647676959998684,0.7361265100501896
45a0e177-812c-40e2-8d3c-05fb8cd795a1,2024,2024-03-14,49f72498-1bbd-48b1-87b9-cc90196e205a,2deaf391-9719-4c95-bb3c-acc6f8baba86,12,1,6.945299440560787,0.7252357477285999
4bcc714a-c04a-4fe3-abf6-85a0c3353a2c,2024,2024-03-14,4e9067f6-7760-4a2a-ba37-273c77915540,2408f22b-e753-4c5a-9353-be75a4fb2164,-6,0,3.378064269185626,0.6874760407871849
5a16365b-634b-49b3-b2b1-2daa3842ff72,2024,2024-03-14,ad9b8341-2ebd-49c4-8bf9-bf5d4811bc0c,1b1fcea3-d0ee-4307-b5a5-4c2a4a591484,-15,0,5.332576911112721,0.7367482137701066
7dd21b82-ea36-4d02-b9c1-d77e1e1404c5,2024,2024-03-14,a839c106-a16a-49d3-a86e-aa5e068b76cd,35d0a28f-e3d7-43ca-90cc-daaf0b7c278e,-5,0,0.6889499267516577,0.46091537573551516
8372b02e-9884-4f98-bba4-6f60d186789b,2024,2024-03-14,409dd213-f612-4ab7-a0ae-8060dd9a6ef4,0b9bc135-badd-4fc9-b7bc-bebccb08cbf1,14,1,3.9294622842420748,0.6820445512625771
9c077506-e2cf-41b8-ab4f-3a95496f5f3e,2024,2024-03-14,00a52b15-70b5-47b1-86c6-8e30652728c0,4e9aa968-9ad5-4833-b9a5-7d89b35976d4,-1,0,-1.2805478380145419,0.3850104091941486
9fc9c106-7f56-4607-bdb9-a1a8f1b7f754,2024,2024-03-14,f6d188d9-c992-4de8-801d-4995b25abaae,00b63e00-850e-4b09-b660-a5e698f46b61,-2,0,-0.7178728001623174,0.4061781274933966
a52e31b2-a80f-4d47-9043-8b462c6cd469,2024,2024-03-14,6b296d7f-de88-4a16-8a22-b28077a669c4,54e8cb38-83f4-4866-b3d1-d0e1dfc530c6,7,1,7.860802610461873,0.716508606654954
a6605b0b-232e-4aa9-acb4-84d61eb80b8b,2024,2024-03-14,071229c8-25a8-4fd7-87a3-c30d0a95671a,65c68c5f-fc3b-4781-a912-2a4b17be699e,20,1,7.395643319899505,0.811094297908005
cb289cf2-d213-49f7-a0c5-cb0364104047,2024,2024-03-14,6d3e1830-dbbe-4e70-b7e9-1eb765f0acf8,25f32a40-1a9b-47e3-ab20-74659cba9520,5,1,6.503394696162167,0.7288823107620215
dd45d0d8-74d9-47eb-97fe-bec98b5f4957,2024,2024-03-14,5cae196d-fd0c-4944-8120-41d5abecb290,67505072-f35a-493d-a160-8e6292da33f5,10,1,5.343551266457696,0.7215324526312512
e8ab6101-7546-4eee-b52d-969168f9e43a,2024,2024-03-14,10a27e98-10ab-4397-bb74-d3a92cc590dc,051d13dc-5152-426a-affd-0cf01ef80268,24,1,9.225512959964023,0.8470033638107558
e9e73a5f-2010-4679-8297-cf2fe0bb32d0,2024,2024-03-14,b9e1a15d-9de2-45e6-9fc8-b3444d1bc0b5,73db7905-652b-4320-aac7-243f2f2f70a2,-5,0,6.935881637895372,0.836248664991705
ee658c64-5c59-4749-b2d8-6729e9ab89de,2024,2024-03-14,3a30d561-24be-4bfa-8d8d-75e645c4ad5f,ede9d6c2-b888-41b7-8674-8638c41d2034,-5,0,11.314682381715686,0.8477019289220267
f1dd7143-513c-4ab8-a47f-53081b9e5d3e,2024,2024-03-14,439b6cee-3be6-4471-bddf-f7cb8c69cc85,2f522e9f-f586-4f8b-816f-a83d9e6231fa,10,1,9.83304937595966,0.8103912286492232
f2ffdab6-cf0d-4146-b5a0-674ef6d1e7f0,2024,2024-03-14,4a01023d-3637-4ac5-bf1f-37c08b2438a5,350fe1ba-284f-4709-8cdd-3f745fcff0f8,27,1,16.722092332770032,0.980067307920273
f5f97e69-3dde-4c63-91bd-b87b3b48bc73,2024,2024-03-14,d7b7310f-6983-4a09-bb56-fda96e9f761d,629ca4e3-9243-47ce-8a02-ee7fe38e857c,-15,0,6.975774910220532,0.7985565648985514
f759c400-d422-4955-b660-c5d42f16b94b,2024,2024-03-14,115916ea-f145-4974-a257-5bb24f7c1ccc,dd1136c6-9974-4186-b206-7e24f2bf7dc3,14,1,7.280644887915015,0.733352167598617
fe096ac4-96e4-4b98-aa6b-06f4001908ff,2024,2024-03-14,b255fc28-3428-4006-adf1-9c1001ecb1a3,155c1dd9-ba93-42ee-a28c-238768724494,-10,0,-5.965506010237315,0.32077418889843357
0beffa15-88cd-4c6e-8f3b-1d98f2aed382,2024,2024-03-15,58bacfff-257f-4f54-bb05-241bd6353626,00b63e00-850e-4b09-b660-a5e698f46b61,-2,0,3.495845924621908,0.6045878264877821
0c40afaf-288d-412c-84d2-e3cfed530590,2024,2024-03-15,69e6a4c4-bb68-4c30-86d8-3cf7d51c7db7,8af88029-6520-4f85-a99b-0f10d820a167,22,1,4.215246026967478,0.6155413074616559
0db485b3-4cbe-4b90-8a84-1e1b8aa1bbf5,2024,2024-03-15,ea8c66b5-8fe3-41dd-a56a-b85bfdc613c3,0b950934-3f06-4a8a-9251-83e3f1827e68,-3,0,1.2737226700708004,0.6054507282182022
0e4e52b6-c63f-49dd-954c-693de93b4124,2024,2024-03-15,1cabfd4b-0114-490e-8d0f-1257cd7f0ae1,324e37b8-f52e-449b-909c-366c81488fea,-13,0,-2.750925137824916,0.3589969812704094
2a726511-1758-4337-8dee-aebeb43bfa8d,2024,2024-03-15,9d7f5648-4f47-4192-9d8d-78454c962bed,e72d1807-6463-450b-b561-c3727b286584,23,1,15.006316290966435,0.9452870241143453
2ee6124e-cd04-432c-82a0-e3923d7749b5,2024,2024-03-15,f162ea30-6b86-48f3-bdc5-48c97448256c,10a27e98-10ab-4397-bb74-d3a92cc590dc,8,1,5.0037848658285435,0.780628477653078
5197c727-8223-4ea4-a7b7-f2db273a4265,2024,2024-03-15,e7f5f157-7a33-43ad-8282-59e1c4ad9b25,4a01023d-3637-4ac5-bf1f-37c08b2438a5,-5,0,-10.813334179959377,0.1676701556439881
598c3e5f-f99c-4f4d-8f02-c7df01473918,2024,2024-03-15,6eb0ebaa-8c99-466d-8fad-68b897f2a9e2,639774dc-a89b-435f-80d2-4c65549fd3c9,-2,0,3.443844421085906,0.61647130956091
72cf7eca-996c-4c05-9078-acc32e1be311,2024,2024-03-15,63a49366-1e4a-4ecd-849d-4153e5e0a2e0,1814170b-a11b-4328-99b6-082f1e76f5c5,-6,0,-0.5994886990991,0.5399481903455468
84789e53-3481-4578-a3b9-c200f66e5a8d,2024,2024-03-15,5052a2f3-f41f-41e4-a681-c6277fec0404,2f0bd8d9-4435-45ed-9efe-045f835c15a8,7,1,10.613189113164257,0.8957344182784615
84d8ab24-e4bf-40a4-bef2-edfa5c54c4d5,2024,2024-03-15,6068f6c0-7e92-4dc4-9da8-1bfbdb60cf2c,b7f069ed-b9be-4147-b87e-fe1bef8386b4,27,1,8.40418309718948,0.7739441618306038
8bf3ab89-af60-46f9-92ed-06d5679886f6,2024,2024-03-15,7eefd1e5-aea4-463e-ae74-c628b0fe170e,2408f22b-e753-4c5a-9353-be75a4fb2164,12,1,5.71881095146635,0.7210194089895812
9e2ee0f8-b565-4600-85dd-7dce68ac7af2,2024,2024-03-15,dac01aea-9f35-463a-9dce-75d4575160dd,115916ea-f145-4974-a257-5bb24f7c1ccc,31,1,8.672659888595863,0.7123296267126447
a85a1657-c1df-43af-9d30-62f5d6c3b736,2024,2024-03-15,824aff8d-6409-4191-9ffa-e2daa335b7e1,1b1fcea3-d0ee-4307-b5a5-4c2a4a591484,12,1,1.9554863820525763,0.5718550062620238
a8ef9722-cf23-4c64-8bfd-003f71f7d271,2024,2024-03-15,071229c8-25a8-4fd7-87a3-c30d0a95671a,dedb6ed5-06d8-4ba6-a1cc-e3134a2c7937,31,1,9.483129579816426,0.8298071213260226
b4bb0a7e-f248-4352-8a5a-c052285c5359,2024,2024-03-15,a7e91e1e-3644-4f3c-bda9-edddb9602a27,1ac84e49-be83-4e9a-b4a7-0fb0b7465b32,14,1,8.068670346334232,0.7874920354828066
bbd0502d-dacf-49c7-a700-977b6c108032,2024,2024-03-15,51a31921-d3f2-4514-821c-23df38e74559,73db7905-652b-4320-aac7-243f2f2f70a2,-8,0,-4.7268799219416495,0.2913565763928632
caafeb9b-9996-4764-b6be-b36c26a92c74,2024,2024-03-15,a4f24556-d2b0-4bc3-bd21-758340750c58,f9a8f2d4-c836-4b2d-a4f9-47f73b8c033a,-4,0,10.921050475898696,0.7513170419611902
d766bc10-7426-4dcf-a8c5-d50f430496ea,2024,2024-03-15,f92587ee-8d25-4b09-9a60-6203f75c974f,ad741e6f-e15e-4f4d-8350-9973fa99916e,-10,0,0.18215932241927962,0.5137067852914343
daa3d947-7186-46d5-bf99-207e00534822,2024,2024-03-15,bfd4c500-09b6-46ba-81ae-48b13f8345ff,6d3e1830-dbbe-4e70-b7e9-1eb765f0acf8,-14,0,4.640078970736782,0.6973920877567743
db4d6163-301e-4e25-85b4-6751566078c3,2024,2024-03-15,29fcbb70-fa3c-4806-8768-15b5ec4a8449,6b296d7f-de88-4a16-8a22-b28077a669c4,3,1,-2.4781320796742103,0.422636876471753
db733935-e244-4604-92f7-f024263ce095,2024,2024-03-15,9cde2e64-799a-42f1-84dc-71779b1219f5,644a0213-9ca5-4238-af33-7c8ed45fc88b,3,1,5.354270233562309,0.7394518747595522
dcec6280-0ff7-4a21-be77-7f888e4dbc60,2024,2024-03-15,60ee2d19-003f-4603-a2ad-838b3e6d6cc0,ede9d6c2-b888-41b7-8674-8638c41d2034,11,1,9.56275036862903,0.8663610634069968
dfdeba01-c0d4-45cb-865f-0b0bcc9afb9c,2024,2024-03-15,a9569511-9e5c-45d1-b958-3e29c52f612e,cd9eea44-8a6c-4bd4-ad4d-74e461fdefd3,-9,0,-2.1935226771657406,0.5194179043592196
e0b8fdcf-fd31-4de7-8b27-04c4b2fc1b8a,2024,2024-03-15,b2d5fddd-b407-4fe6-9d70-e921ab7b7e1a,5cae196d-fd0c-4944-8120-41d5abecb290,6,1,3.218923965279084,0.5985156818030702
e0d9d3ac-a385-43e0-92a8-646cd8799194,2024,2024-03-15,49f72498-1bbd-48b1-87b9-cc90196e205a,f3cf8061-767a-4873-9e24-5cc4c9a6a1b0,3,1,0.2933296403113447,0.5578042947020234
eb4f63b4-b6f4-4c68-81ab-8704db9e4893,2024,2024-03-15,0c8ee784-d7e9-4ac4-b0c7-3ca89567c515,82ee0a8d-e51c-4a87-bd7b-72707ec8b342,4,1,3.197880322277808,0.6140791218673383
eb81bec9-13d1-40c8-ba09-811d4b2bb832,2024,2024-03-15,9ccf2901-b49f-4aa3-8a4a-d59d017dfabc,cc07b31b-464b-4cb9-89d2-ac26ffe3e5f4,13,1,-1.1925824574710935,0.3820417981466481
ebcf6b9b-4d0b-487c-af43-9acc2b639bad,2024,2024-03-15,2e49ce6d-63ef-45d9-9048-67fcdb01a46f,155c1dd9-ba93-42ee-a28c-238768724494,-17,0,9.705720495207864,0.8244773210838969
fab3e013-4a1d-4881-8d36-25a92db55a9b,2024,2024-03-15,e42183ad-b44a-4746-8c0b-148ad61bab43,a66213c2-5ad6-4d77-a7ec-85700a223ed1,-16,0,-4.806890686375273,0.30648069841806347
ff00f3b2-f82a-477b-a6d8-de17092c2064,2024,2024-03-15,b80e54ae-3b74-40f3-9954-a1b0805cd1e8,409dd213-f612-4ab7-a0ae-8060dd9a6ef4,-6,0,-3.9933079659316966,0.45254472296955933
0cd9ed6d-d795-4482-929c-e9b27ab77057,2024,2024-03-16,0c8ee784-d7e9-4ac4-b0c7-3ca89567c515,00b63e00-850e-4b09-b660-a5e698f46b61,-5,0,3.5152976550949595,0.5688562851453411
11d5f42b-2ad9-4a24-9e2a-a67dd02980d9,2024,2024-03-16,6d3e1830-dbbe-4e70-b7e9-1eb765f0acf8,ad741e6f-e15e-4f4d-8350-9973fa99916e,5,1,-0.21097877413439364,0.43693935619795354
1d6106ed-c0b8-4628-9849-4c130d7509d3,2024,2024-03-16,a66213c2-5ad6-4d77-a7ec-85700a223ed1,9ccf2901-b49f-4aa3-8a4a-d59d017dfabc,-7,0,3.151238764404935,0.5776219703079006
23c210a6-7b06-4199-a26a-09c106d6c639,2024,2024-03-16,f162ea30-6b86-48f3-bdc5-48c97448256c,0b950934-3f06-4a8a-9251-83e3f1827e68,15,1,7.25657167605274,0.755465200597444
266df483-6ae5-428b-a5ce-8819ae0dcfe8,2024,2024-03-16,89949731-8bb3-45c7-a6f6-798934261b61,8ae6c27f-063b-4e7b-bbfb-653f496560d6,-9,0,9.224477211195467,0.9245510836304998
36d60812-4494-4c89-a2c9-5fa68cafc4f0,2024,2024-03-16,9cde2e64-799a-42f1-84dc-71779b1219f5,6068f6c0-7e92-4dc4-9da8-1bfbdb60cf2c,11,1,4.361661597711148,0.6307327261854629
43b93216-00d2-48dd-9a9e-b56bb4f8b70a,2024,2024-03-16,cd369794-6765-4889-bd1c-89869447620b,cd9eea44-8a6c-4bd4-ad4d-74e461fdefd3,-1,0,7.6226295501248655,0.7887264947852903
4b04813c-e161-4fe5-9127-3274a3ade153,2024,2024-03-16,dac01aea-9f35-463a-9dce-75d4575160dd,155c1dd9-ba93-42ee-a28c-238768724494,7,1,5.447660636328254,0.7109915781991564
6351f4e4-a59c-4d2b-a5da-9796e371d67e,2024,2024-03-16,69e6a4c4-bb68-4c30-86d8-3cf7d51c7db7,7eefd1e5-aea4-463e-ae74-c628b0fe170e,-10,0,1.9947674349679918,0.5976456162356754
6c8b3aab-ae88-47b8-a2e5-935038dba90a,2024,2024-03-16,9d7f5648-4f47-4192-9d8d-78454c962bed,a7e91e1e-3644-4f3c-bda9-edddb9602a27,-28,0,3.7557740076525867,0.6369876845217406
7cfdc4c2-808d-4e11-af06-6f1c14822485,2024,2024-03-16,4a01023d-3637-4ac5-bf1f-37c08b2438a5,60ee2d19-003f-4603-a2ad-838b3e6d6cc0,16,1,12.876020990744859,0.9026227525042714
8222d8b2-c9c6-4caf-b106-493449524a7e,2024,2024-03-16,409dd213-f612-4ab7-a0ae-8060dd9a6ef4,a7951831-d013-4591-8037-4212b4a85c3d,-7,0,6.318309209480992,0.7219421548367648
8ad11cc2-d9df-4cf4-b496-b201e50dd395,2024,2024-03-16,5052a2f3-f41f-41e4-a681-c6277fec0404,73db7905-652b-4320-aac7-243f2f2f70a2,-8,0,4.638025096796913,0.6123258790116008
94e57ce3-6570-4283-b7a1-69c216d7bfd3,2024,2024-03-16,f245c41f-897e-4985-9153-43034bb26bfa,4e9aa968-9ad5-4833-b9a5-7d89b35976d4,10,1,6.091936841545571,0.7703864036659103
a7bf62b0-f82a-4055-9517-fd6e5c2f8676,2024,2024-03-16,b2d5fddd-b407-4fe6-9d70-e921ab7b7e1a,629ca4e3-9243-47ce-8a02-ee7fe38e857c,-1,0,13.420114236668155,0.9181531710508232
a8041a75-57e1-47cb-806e-a8e7a6803248,2024,2024-03-16,29fcbb70-fa3c-4806-8768-15b5ec4a8449,f9a8f2d4-c836-4b2d-a4f9-47f73b8c033a,-4,0,0.013697002798504908,0.42449838240195414
aa8a583f-3448-434e-9905-f4d395a321db,2024,2024-03-16,c71ebd72-5c90-41d5-b1fc-544e4695d9d0,35d0a28f-e3d7-43ca-90cc-daaf0b7c278e,6,1,0.7217572088155271,0.4805504195237445
ba01c2c3-4b23-4307-a501-d391b1299576,2024,2024-03-16,071229c8-25a8-4fd7-87a3-c30d0a95671a,639774dc-a89b-435f-80d2-4c65549fd3c9,7,1,4.174587577919273,0.5313530856753286
cbdd97a2-13e7-4f45-9c10-cb8044379280,2024,2024-03-16,824aff8d-6409-4191-9ffa-e2daa335b7e1,33a4f970-bbcb-47ad-9bfa-ae6f0eaf792f,9,1,-3.5290797802691185,0.40828869882931235
e48c57e4-5c37-4a53-8156-ea428e0ced14,2024,2024-03-16,49f72498-1bbd-48b1-87b9-cc90196e205a,324e37b8-f52e-449b-909c-366c81488fea,1,1,2.1270881451959154,0.5461891473239492
f2bf2d18-c376-4bec-a2d4-d952c095211e,2024,2024-03-16,ec7d9da7-9286-4c01-98ce-3a10ec231612,e250c58f-f6a5-4da7-aff3-c6770b9a14da,12,1,-0.2787631878812512,0.4181419923328369
f869aa43-10df-4ea8-b504-8a1a89db209c,2024,2024-03-16,bb505898-cdd5-4c4e-9ea1-301ff6a4b981,89dd92f7-46c8-41a3-be81-ecb12f1cd4c7,5,1,7.553644702637129,0.8492133095972223
2ef6d04d-df90-471b-8e28-8bffbf8cb90b,2024,2024-03-17,ec7d9da7-9286-4c01-98ce-3a10ec231612,8ae6c27f-063b-4e7b-bbfb-653f496560d6,1,1,9.365889535076857,0.8622295194974943
3c952d82-c0cd-4a9d-b89e-ece0a6c9446b,2024,2024-03-17,c71ebd72-5c90-41d5-b1fc-544e4695d9d0,f245c41f-897e-4985-9153-43034bb26bfa,-6,0,-0.3437254396808562,0.4573413470968706
41b239bd-d41c-424a-b5b8-e02aafa13ed9,2024,2024-03-17,dac01aea-9f35-463a-9dce-75d4575160dd,6d3e1830-dbbe-4e70-b7e9-1eb765f0acf8,19,1,4.832853952094692,0.724952456384413
d56b7c98-2440-4d84-b194-66e9057e7f73,2024,2024-03-17,9cde2e64-799a-42f1-84dc-71779b1219f5,cd9eea44-8a6c-4bd4-ad4d-74e461fdefd3,6,1,-0.548664170194103,0.4823976813972101
f4db9ea0-8005-4907-9cca-f274d8f56109,2024,2024-03-17,7eefd1e5-aea4-463e-ae74-c628b0fe170e,629ca4e3-9243-47ce-8a02-ee7fe38e857c,16,1,6.990797736210688,0.7086993711399456
246bfc04-408b-48de-a7e0-83a0e4903901,2024,2024-03-19,424f7a7a-158f-4ad0-adb1-4b3ebe25b11e,2f522e9f-f586-4f8b-816f-a83d9e6231fa,-1,0,3.780910890917249,0.6581399733727183
29cf08ce-092b-4b5c-8b15-cb4eda3b4680,2024,2024-03-19,51a31921-d3f2-4514-821c-23df38e74559,cc07b31b-464b-4cb9-89d2-ac26ffe3e5f4,-25,0,-3.5744687435733575,0.3143152632192355
3451d977-b31d-4dbf-918d-99572ca93434,2024,2024-03-19,25f32a40-1a9b-47e3-ab20-74659cba9520,350fe1ba-284f-4709-8cdd-3f745fcff0f8,2,1,1.0200624280196107,0.5365602896519349
3830117d-87cb-44fa-ab25-8fd6509c9f0d,2024,2024-03-19,b4c9b613-0bc6-4295-b293-3b56c2020f1b,69e6a4c4-bb68-4c30-86d8-3cf7d51c7db7,-6,0,7.977591583555882,0.7846221017261289
4ca99b95-69f3-4394-8c66-ccd3152759a9,2024,2024-03-19,644a0213-9ca5-4238-af33-7c8ed45fc88b,e250c58f-f6a5-4da7-aff3-c6770b9a14da,5,1,12.517029286131589,0.8814689048264601
6cef818d-acce-45f4-ae00-11cbbf2163aa,2024,2024-03-19,b255fc28-3428-4006-adf1-9c1001ecb1a3,5cae196d-fd0c-4944-8120-41d5abecb290,-7,0,2.1309207559070544,0.5876168932706474
9f36c7a7-8d2a-493e-abd7-f53139350154,2024,2024-03-19,0b9bc135-badd-4fc9-b7bc-bebccb08cbf1,a4f24556-d2b0-4bc3-bd21-758340750c58,9,1,7.5505244719527065,0.8422340041149068
a5ac2d5c-6ada-4f0d-b364-a9bf8d7180cd,2024,2024-03-19,bba8eb68-9989-447a-90b4-27c8d0d32bd1,a839c106-a16a-49d3-a86e-aa5e068b76cd,16,1,8.409493015842665,0.8306510667278111
bd986214-840e-43d5-95fc-cb69005adc67,2024,2024-03-19,ea8c66b5-8fe3-41dd-a56a-b85bfdc613c3,33a4f970-bbcb-47ad-9bfa-ae6f0eaf792f,11,1,13.278689499221652,0.9246169554439613
d00e489e-4acf-409e-8398-b3f366eae783,2024,2024-03-19,101749c8-ec05-4370-a95b-47f56c433623,4c073afb-cc2c-4ed2-bd8f-2f545ae1bea5,9,1,7.318105918064462,0.80695081215738
e449e1e2-4498-4721-8812-9062ef1dc4d7,2024,2024-03-19,26d69f75-49a0-4d07-968b-2b549e059c24,4e6747c9-6a64-4fc5-b96c-e38ea635f22c,-10,0,0.38925343211762314,0.44680030455306136
fc762b77-5751-4c60-a223-2ba72205ee6b,2024,2024-03-19,1814170b-a11b-4328-99b6-082f1e76f5c5,3bdd846d-463f-4ddf-8719-13ed1e3f2634,-3,0,3.523450062719636,0.5864356922959393
1afab32a-3d32-4ff8-8b15-11337fa976f5,2024,2024-03-20,bf4f25da-dd8b-44d4-a4b7-4671b3c37db9,d7b7310f-6983-4a09-bb56-fda96e9f761d,9,1,10.116888666212962,0.8585230252066921
2ec5dbda-36c1-4ebe-b9fb-df2274d3f75d,2024,2024-03-20,2b1a3f03-7d93-471b-be12-d487164eae0f,c71ebd72-5c90-41d5-b1fc-544e4695d9d0,-9,0,7.906120640176149,0.8220869283810489
b27f36bf-a952-4637-86e0-c64134f3477b,2024,2024-03-20,64c5c3a9-f1f6-4f48-b571-1de27621f06c,eaac3de1-dd32-49d9-abe3-f56bbff80cde,11,1,10.642019263575417,0.8807428194546603
cada97fa-8ccb-47eb-aa61-9a51471ee0d4,2024,2024-03-20,a4bc2fe7-4083-4c33-bce5-6cac3e161a7f,409dd213-f612-4ab7-a0ae-8060dd9a6ef4,-7,0,-4.2668677010800025,0.3219379545252084
d13743f9-1f5d-4381-9cb0-8df7bd7fdf8e,2024,2024-03-20,95466c2d-a184-48f8-849c-d6957bd1df52,35d0a28f-e3d7-43ca-90cc-daaf0b7c278e,3,1,6.483262688504751,0.7638610869401483
051876d7-1986-4584-be65-3354bc2989bd,2024,2024-03-21,e51fb2de-db51-4fbd-ab63-2a069c126779,cc07b31b-464b-4cb9-89d2-ac26ffe3e5f4,12,1,2.188069144668569,0.5994821093803326
122f402b-7a42-45ac-a6c0-250ae278a435,2024,2024-03-21,7048a12e-ec8b-4bf0-a475-1316775a4964,f18598d0-e0e1-4f15-95f2-e11df8bc3126,3,1,4.7768766888178265,0.7061368437997825
1a4d3883-a21d-4a6c-b44e-1221a1f6e98b,2024,2024-03-21,529e7dc4-6b55-487c-84b3-598dd9941301,f245c41f-897e-4985-9153-43034bb26bfa,-4,0,10.701200505712164,0.850396346905546
2e77124b-cb78-448e-97a8-1fae92d6d3a0,2024,2024-03-21,155c1dd9-ba93-42ee-a28c-238768724494,439b6cee-3be6-4471-bddf-f7cb8c69cc85,-18,0,-3.5654816504158537,0.3473077494987784
341f97ef-e8e2-4ae8-9a5a-8269f1c95e13,2024,2024-03-21,2e49ce6d-63ef-45d9-9048-67fcdb01a46f,00b63e00-850e-4b09-b660-a5e698f46b61,34,1,25.641395059716928,0.9827104061655255
4ea9101c-d563-462b-a1fd-f59d2e00417b,2024,2024-03-21,1b0dd005-3190-4ca9-b74d-111343f2fce0,dde8f534-10a1-430c-af83-43b026e7ab68,4,1,4.4315210322628005,0.5808297242577002
68c261df-e5ae-4e44-a817-93512bfa1151,2024,2024-03-21,a7e91e1e-3644-4f3c-bda9-edddb9602a27,b20b957b-b406-4f6d-8f7a-2f88e3b49bd5,17,1,19.513065542604274,0.9762672435898018
728d5495-6ce2-4aa1-9c6c-47af8d28f6e8,2024,2024-03-21,5052a2f3-f41f-41e4-a681-c6277fec0404,3bdd846d-463f-4ddf-8719-13ed1e3f2634,28,1,29.025991679799045,0.9844186545562661
79e45670-a86e-4861-8ff4-10f59d2e0329,2024,2024-03-21,09fca7ef-baed-4af0-a553-465ae1160049,f9a8f2d4-c836-4b2d-a4f9-47f73b8c033a,20,1,21.765752062465896,0.9818401221734063
83143408-ef19-401c-b609-ebc0b1e0de07,2024,2024-03-21,3a30d561-24be-4bfa-8d8d-75e645c4ad5f,49f72498-1bbd-48b1-87b9-cc90196e205a,17,1,18.38911977040173,0.9600528944022735
843f8106-127e-4629-9fd7-e5ac9a4db1fa,2024,2024-03-21,f92587ee-8d25-4b09-9a60-6203f75c974f,4eaf68c0-dd32-4705-8f2c-1c1dd2880a74,-4,0,10.853852340688873,0.8942385064708425
8bcf5ffb-025b-4883-ae52-b25d08f2cce1,2024,2024-03-21,115916ea-f145-4974-a257-5bb24f7c1ccc,a7951831-d013-4591-8037-4212b4a85c3d,-14,0,3.3600860591508823,0.6275179277304725
91b9aa23-c3cb-4852-b5a5-efea282fadf3,2024,2024-03-21,7747d9fc-9e15-4b0f-911e-ba64828748ed,2c8d46b6-8e8e-4229-85a4-0713fe1c6c4f,21,1,11.759257915235656,0.9166155506811811
a96878ce-21bc-4793-9f70-9f0e04e2b172,2024,2024-03-21,9cde2e64-799a-42f1-84dc-71779b1219f5,fc7ccbd1-42ce-4200-b33b-0f8f3de48473,16,1,16.386322085410566,0.943881947226589
a99d1dd0-6f9b-4506-857f-a618e445a53d,2024,2024-03-21,e72d1807-6463-450b-b561-c3727b286584,73db7905-652b-4320-aac7-243f2f2f70a2,-13,0,-1.1487628081352448,0.4623258943756372
ce8b7c6e-a3a8-4da4-ae20-73f0f19a801b,2024,2024-03-21,b80e54ae-3b74-40f3-9954-a1b0805cd1e8,abad6a22-9569-47ad-9945-a6ad9345c30f,5,1,1.310373536006629,0.5886306880969572
153eb8ac-1a29-472f-ad98-718507b43be4,2024,2024-03-22,6d3e1830-dbbe-4e70-b7e9-1eb765f0acf8,409dd213-f612-4ab7-a0ae-8060dd9a6ef4,-2,0,-3.493881728613365,0.36193127459670893
347af0f3-8da2-449d-9639-61c98452dea0,2024,2024-03-22,b9e1a15d-9de2-45e6-9fc8-b3444d1bc0b5,bb505898-cdd5-4c4e-9ea1-301ff6a4b981,17,1,17.54410665420281,0.983660075362169
352b359d-807d-4b46-859d-c2ead1d396d4,2024,2024-03-22,cd369794-6765-4889-bd1c-89869447620b,824aff8d-6409-4191-9ffa-e2daa335b7e1,28,1,34.73490467847867,0.9869624681692972
3e04dfd7-03ab-4e98-b3d9-37c8d79819dd,2024,2024-03-22,6068f6c0-7e92-4dc4-9da8-1bfbdb60cf2c,ad741e6f-e15e-4f4d-8350-9973fa99916e,-15,0,-0.49120436852308846,0.44701598673312243
510b9ead-caef-43c8-9e50-cfb2d5fcffc0,2024,2024-03-22,25912c1a-f2be-4c07-857a-5eef6aadebda,9ccf2901-b49f-4aa3-8a4a-d59d017dfabc,21,1,3.8701313274972606,0.611329420943401
64bbc965-3bd8-474b-88cf-0160e8fcd87e,2024,2024-03-22,b2d5fddd-b407-4fe6-9d70-e921ab7b7e1a,a9569511-9e5c-45d1-b958-3e29c52f612e,-12,0,-3.2642742098849475,0.3283854526798353
a1131845-d312-456b-88f6-3963ef3cb7cf,2024,2024-03-22,9d7f5648-4f47-4192-9d8d-78454c962bed,00aed6ff-2151-4d45-8b3c-776ebb0a51da,40,1,27.337009703001215,0.9864732803299175
a6016df2-2c68-482d-979a-cb1098cc6e5a,2024,2024-03-22,a66213c2-5ad6-4d77-a7ec-85700a223ed1,7eefd1e5-aea4-463e-ae74-c628b0fe170e,4,1,10.301325121486249,0.8321734528554794
a76e5760-e3f4-496a-a918-957352b5557c,2024,2024-03-22,e42183ad-b44a-4746-8c0b-148ad61bab43,9f152b52-7847-49c3-83b6-8c68295d484a,16,1,0.6998759905400781,0.5398328012513305
aa156dd5-84a8-4192-90ad-a5b5f7dcd619,2024,2024-03-22,da6142ab-a5fa-48a0-b6ec-864a8119be75,f162ea30-6b86-48f3-bdc5-48c97448256c,-9,0,5.670012319890727,0.6076215603739121
c15c955d-27ad-4edc-9da0-76600b1d687c,2024,2024-03-22,4a01023d-3637-4ac5-bf1f-37c08b2438a5,f9c26112-b1ea-411e-b273-e74e8ce3f1ff,39,1,30.65816521901114,0.9777553465401347
c309f0c3-f0bb-48a1-bd8b-8767ee290153,2024,2024-03-22,cd9eea44-8a6c-4bd4-ad4d-74e461fdefd3,e1ef03af-e420-475d-8a35-c6e5380e9f6d,-11,0,8.26363538358391,0.7758983696834407
d2bc00ae-1fbc-4172-b77c-32b0219c2b71,2024,2024-03-22,dac01aea-9f35-463a-9dce-75d4575160dd,ec7d9da7-9286-4c01-98ce-3a10ec231612,-2,0,10.380771128697932,0.8995222886446316
d8dbfd62-d58f-4e03-8e21-473638fac434,2024,2024-03-22,60ee2d19-003f-4603-a2ad-838b3e6d6cc0,071229c8-25a8-4fd7-87a3-c30d0a95671a,18,1,17.781236504418498,0.9665870418410958
e498107e-778b-4832-b68d-7cb251e192d0,2024,2024-03-22,1ac84e49-be83-4e9a-b4a7-0fb0b7465b32,30a1a9be-60b7-4afa-9dcf-92694c2703d1,25,1,13.50610143051727,0.9535198431436004
fbeaa719-0de3-4d85-89b6-423b98f58f68,2024,2024-03-22,bfd4c500-09b6-46ba-81ae-48b13f8345ff,3280e439-7a98-4ebd-95dc-1a1281ccab00,13,1,9.096018271257035,0.8409871945366773
2872efd5-cd6f-4417-9242-97ccbc2029d1,2024,2024-03-23,3a30d561-24be-4bfa-8d8d-75e645c4ad5f,a7951831-d013-4591-8037-4212b4a85c3d,13,1,8.981226461567799,0.8554930091817684
341b872e-38b7-4131-a85b-3a3b7418a808,2024,2024-03-23,73db7905-652b-4320-aac7-243f2f2f70a2,4eaf68c0-dd32-4705-8f2c-1c1dd2880a74,6,1,10.090758600642111,0.8403041879853257
66d6c548-53ec-4050-8272-71cb85595cc9,2024,2024-03-23,9cde2e64-799a-42f1-84dc-71779b1219f5,f245c41f-897e-4985-9153-43034bb26bfa,26,1,9.435410980939972,0.8453511822431543
6a669c10-4a48-4841-9a95-e8de94873f3f,2024,2024-03-23,95466c2d-a184-48f8-849c-d6957bd1df52,5cae196d-fd0c-4944-8120-41d5abecb290,14,1,7.317668629257017,0.7832156479527969
bf147852-8037-4f4c-a75c-792e4a937968,2024,2024-03-23,cf6e9037-e27d-43e2-bbd6-6583598ce383,b1b6c3d6-c825-484c-a8fd-a4e0816d19fa,2,1,-6.502740124677945,0.22928153208437513
d08e37d3-0de8-4941-8d8a-a2ecfa5b197f,2024,2024-03-23,1b0dd005-3190-4ca9-b74d-111343f2fce0,7747d9fc-9e15-4b0f-911e-ba64828748ed,-21,0,-4.572683272977273,0.3202688728918374
d89b250c-7ad3-47e3-8018-4d736e3b36db,2024,2024-03-23,09fca7ef-baed-4af0-a553-465ae1160049,7048a12e-ec8b-4bf0-a475-1316775a4964,10,1,8.656013116531168,0.8391346077449706
dda66c08-5b5d-4e44-afb2-e17c95c10b3a,2024,2024-03-23,e8e72618-33f8-4013-8305-43775a278752,af6bf0c9-2e1e-4334-8982-93f14a35af57,17,1,4.256390947007268,0.6099881183102817
e75efdc5-4470-4d98-889a-87099531ca19,2024,2024-03-23,2e49ce6d-63ef-45d9-9048-67fcdb01a46f,e51fb2de-db51-4fbd-ab63-2a069c126779,4,1,6.411079633109996,0.7513268964956545
fdc225aa-2808-4a06-b285-491debf7a04f,2024,2024-03-23,a7e91e1e-3644-4f3c-bda9-edddb9602a27,b80e54ae-3b74-40f3-9954-a1b0805cd1e8,11,1,10.40641773342775,0.87490105175987
0494a672-7c80-4d27-8d21-24c9e311967d,2024,2024-03-24,85effc0b-7382-452e-904d-22a52433ccb5,58bacfff-257f-4f54-bb05-241bd6353626,1,1,-3.8219161048004104,0.4190833190279691
0a47da29-c7f7-4d64-8fbc-06d318b4413a,2024,2024-03-24,64c5c3a9-f1f6-4f48-b571-1de27621f06c,25f32a40-1a9b-47e3-ab20-74659cba9520,-6,0,4.5126706325501615,0.6788257481066688
15bf8dbf-9578-4349-8b22-73b0f433b5a4,2024,2024-03-24,696e6eb5-b8dd-4d44-8780-1e6c678615bd,2607ab7d-2f54-4540-9b2e-d27703407118,2,1,6.4565692114084055,0.6715709666348171
259b2ba4-91a1-439b-a68b-b01fc9fe9018,2024,2024-03-24,4c4cb93b-7b16-46b7-9d21-5ff908de25a6,65cf0d8a-0a5f-4572-8516-53809f66ba44,9,1,-0.594381355418213,0.5119387023696056
4abddfe3-9ebb-4809-b28e-e0b82bb0af97,2024,2024-03-24,bfd4c500-09b6-46ba-81ae-48b13f8345ff,f162ea30-6b86-48f3-bdc5-48c97448256c,11,1,9.062238494143111,0.786130205546069
5fd89ad9-151b-4b7f-84b4-9627953ae855,2024,2024-03-24,b9e1a15d-9de2-45e6-9fc8-b3444d1bc0b5,e1ef03af-e420-475d-8a35-c6e5380e9f6d,38,1,10.89727803801452,0.9251485760625162
67dcfb02-257c-40d8-a1bf-75e4ca944e8a,2024,2024-03-24,60ee2d19-003f-4603-a2ad-838b3e6d6cc0,409dd213-f612-4ab7-a0ae-8060dd9a6ef4,4,1,5.530060228399699,0.6692768640771886
8955dedd-2fcb-4929-8837-9692ab355448,2024,2024-03-24,a66213c2-5ad6-4d77-a7ec-85700a223ed1,ec7d9da7-9286-4c01-98ce-3a10ec231612,28,1,10.245345705799322,0.8174893626827463
a0737fef-0c81-4087-8ba3-8766e249f977,2024,2024-03-24,17a3b4e9-cfab-43a8-b7ad-73508d4d890f,0d6ccccd-6ee7-4ed7-a231-381c6b268e2b,-3,0,-9.278139992636312,0.19150862147238087
a381ba65-92c8-4c54-99f1-3a9add6be5d5,2024,2024-03-24,9d7f5648-4f47-4192-9d8d-78454c962bed,ad741e6f-e15e-4f4d-8350-9973fa99916e,5,1,8.784051350503498,0.8393196947180315
aced8fb8-5fcc-4769-af9b-aed481ff9f65,2024,2024-03-24,4a01023d-3637-4ac5-bf1f-37c08b2438a5,a9569511-9e5c-45d1-b958-3e29c52f612e,17,1,16.83214911862888,0.978284527932054
aec2704c-6eda-4c0e-ba79-73fde51acf07,2024,2024-03-24,cd369794-6765-4889-bd1c-89869447620b,e42183ad-b44a-4746-8c0b-148ad61bab43,39,1,14.514413651235518,0.9271709308048773
b0c850da-a3bb-4ceb-9e1c-343ee672104f,2024,2024-03-24,69e6a4c4-bb68-4c30-86d8-3cf7d51c7db7,c71ebd72-5c90-41d5-b1fc-544e4695d9d0,-5,0,2.4015798178488716,0.6015014233316304
c7038897-7da6-4e9d-9e16-7d0de3bd71e1,2024,2024-03-24,0b9bc135-badd-4fc9-b7bc-bebccb08cbf1,101749c8-ec05-4370-a95b-47f56c433623,9,1,3.789329190432455,0.6825626994782029
d69c2767-3d2d-4291-85b5-92d808e6cdd4,2024,2024-03-24,bf4f25da-dd8b-44d4-a4b7-4671b3c37db9,2f522e9f-f586-4f8b-816f-a83d9e6231fa,12,1,5.435442611400322,0.6906019971483778
daa06b53-30b9-4ba1-97a5-195140888cac,2024,2024-03-24,ba033ab0-c07a-4b71-b7f4-243ae194d23b,0c8ee784-d7e9-4ac4-b0c7-3ca89567c515,-7,0,0.19676713595832274,0.4113369050069859
ff71a2df-3f35-4410-9e24-c82526c64e57,2024,2024-03-24,1ac84e49-be83-4e9a-b4a7-0fb0b7465b32,25912c1a-f2be-4c07-857a-5eef6aadebda,-8,0,-2.0043760909311183,0.4810164565445859
09153340-1870-4bbb-9b4e-9d92a65e75e3,2024,2024-03-25,85effc0b-7382-452e-904d-22a52433ccb5,10a27e98-10ab-4397-bb74-d3a92cc590dc,-14,0,-8.055037056952962,0.19749834163569613
2aae3a36-0a25-4aa5-8cf1-973f5375abae,2024,2024-03-25,0d6ccccd-6ee7-4ed7-a231-381c6b268e2b,638757a6-508b-49af-b5d8-661c0059c04c,-13,0,0.9193007795490055,0.4979974706036697
4a5c2dda-109f-4331-9d57-18c718351f3b,2024,2024-03-25,ea8c66b5-8fe3-41dd-a56a-b85bfdc613c3,8925b65e-4ce2-4ec3-b501-c0075fe06b52,-1,0,7.64168730538178,0.7791434510292333
4cb1351b-2c48-419f-814e-317fcf7bcaed,2024,2024-03-25,cf6e9037-e27d-43e2-bbd6-6583598ce383,0c8ee784-d7e9-4ac4-b0c7-3ca89567c515,-3,0,-5.40643612918355,0.33021232068704287
bbdaf048-46c6-4aef-9063-54d3a6caf837,2024,2024-03-25,696e6eb5-b8dd-4d44-8780-1e6c678615bd,3457262b-c7da-4834-a20d-ad6be302a671,-19,0,-4.92440200900537,0.27681969616281965
3d626094-6aaa-496a-a43f-6f27cdbb8b80,2024,2024-03-26,638757a6-508b-49af-b5d8-661c0059c04c,3457262b-c7da-4834-a20d-ad6be302a671,-1,0,-2.755599651646315,0.38519423669398845
4ce57490-666b-468b-987e-45c8836dfa26,2024,2024-03-26,644a0213-9ca5-4238-af33-7c8ed45fc88b,25f32a40-1a9b-47e3-ab20-74659cba9520,-2,0,7.724716234727383,0.8147882271015986
5bbe16e4-c10d-4ed5-8a64-ba308a24e35a,2024,2024-03-26,0c8ee784-d7e9-4ac4-b0c7-3ca89567c515,10a27e98-10ab-4397-bb74-d3a92cc590dc,-17,0,-6.996146998580758,0.24593499077192316
aba991f1-6178-4182-8b84-00aa454d86a2,2024,2024-03-26,bf4f25da-dd8b-44d4-a4b7-4671b3c37db9,e8e72618-33f8-4013-8305-43775a278752,4,1,3.3102055862117172,0.6528987139015241
46f9a54b-0ddd-4b61-8372-6f709b9840ca,2024,2024-03-27,63a49366-1e4a-4ecd-849d-4153e5e0a2e0,8925b65e-4ce2-4ec3-b501-c0075fe06b52,8,1,-0.9392823011950754,0.5409804064186852
5b214013-61b1-4b5a-8e6b-ddfaba895c0e,2024,2024-03-27,95466c2d-a184-48f8-849c-d6957bd1df52,4c4cb93b-7b16-46b7-9d21-5ff908de25a6,23,1,10.802993961087587,0.837924823189429
687caa15-df1c-4a4c-b67a-d54356292609,2024,2024-03-27,0b9bc135-badd-4fc9-b7bc-bebccb08cbf1,c71ebd72-5c90-41d5-b1fc-544e4695d9d0,20,1,6.901632430650367,0.7912737902383932
92e31457-466a-4552-a4f5-90d8426de3e1,2024,2024-03-27,10a27e98-10ab-4397-bb74-d3a92cc590dc,3457262b-c7da-4834-a20d-ad6be302a671,10,1,1.299776322263646,0.6026193905051955
51f03d86-7429-4af6-a0ef-860da0926875,2024,2024-03-28,5052a2f3-f41f-41e4-a681-c6277fec0404,bfd4c500-09b6-46ba-81ae-48b13f8345ff,-2,0,3.0367790393459932,0.6040461609696407
6cf1c4cc-53e3-439b-8ef0-a71a16ebf900,2024,2024-03-28,a7e91e1e-3644-4f3c-bda9-edddb9602a27,9cde2e64-799a-42f1-84dc-71779b1219f5,-3,0,3.8023131185359107,0.6509482798441557
d4658aeb-9936-45af-8b17-54cae6ca8ce4,2024,2024-03-28,09fca7ef-baed-4af0-a553-465ae1160049,25912c1a-f2be-4c07-857a-5eef6aadebda,-5,0,5.701005686691001,0.7739937979540394
d6bc97a6-c072-46c4-a0c9-45dde9230661,2024,2024-03-28,4a01023d-3637-4ac5-bf1f-37c08b2438a5,a66213c2-5ad6-4d77-a7ec-85700a223ed1,30,1,13.7893196612022,0.9243466850673289
06516289-ac34-4cfe-9ef6-c5127cd49035,2024,2024-03-29,9d7f5648-4f47-4192-9d8d-78454c962bed,b9e1a15d-9de2-45e6-9fc8-b3444d1bc0b5,-3,0,0.9567875438235824,0.5717905183962171
8b4266b2-29d6-487e-a2f6-b420d70a915c,2024,2024-03-29,2e49ce6d-63ef-45d9-9048-67fcdb01a46f,3a30d561-24be-4bfa-8d8d-75e645c4ad5f,7,1,2.055128706766953,0.6036382826139755
9bb4f8d8-3a57-4045-8088-0874c196ef86,2024,2024-03-29,60ee2d19-003f-4603-a2ad-838b3e6d6cc0,73db7905-652b-4320-aac7-243f2f2f70a2,-9,0,9.372395477901454,0.7715638258272389
9d50d61b-ff9f-4427-b56a-9a9c4295edd9,2024,2024-03-29,cd369794-6765-4889-bd1c-89869447620b,7747d9fc-9e15-4b0f-911e-ba64828748ed,12,1,6.585638027883459,0.7402463803031558
293c721e-17a7-42d2-b2eb-3589e7bd6723,2024,2024-03-30,bfd4c500-09b6-46ba-81ae-48b13f8345ff,25912c1a-f2be-4c07-857a-5eef6aadebda,7,1,3.5427563352515827,0.6460086759154143
4cb3fc67-8f7a-4694-9e66-ae79ff854dc0,2024,2024-03-30,4a01023d-3637-4ac5-bf1f-37c08b2438a5,9cde2e64-799a-42f1-84dc-71779b1219f5,25,1,11.155521526606664,0.8708575964769503
2bc623c1-3ef0-4183-b8c4-314261017faa,2024,2024-03-31,b9e1a15d-9de2-45e6-9fc8-b3444d1bc0b5,73db7905-652b-4320-aac7-243f2f2f70a2,-12,0,7.829918899025966,0.8422186798236062
600e8e98-2e87-44b0-88b8-13ab4984bc24,2024,2024-03-31,cd369794-6765-4889-bd1c-89869447620b,2e49ce6d-63ef-45d9-9048-67fcdb01a46f,6,1,4.885806997591006,0.673995345824742
af9ac244-003f-40d2-8980-6adbd483ae60,2024,2024-04-02,95466c2d-a184-48f8-849c-d6957bd1df52,25f32a40-1a9b-47e3-ab20-74659cba9520,17,1,4.501253800896658,0.7446551452071727
c2d39856-c56e-4f65-aacb-3faea8a06cf4,2024,2024-04-02,bf4f25da-dd8b-44d4-a4b7-4671b3c37db9,0b9bc135-badd-4fc9-b7bc-bebccb08cbf1,10,1,-0.11060630314942028,0.5900230016470478
e33835b8-a99a-477b-b955-5ab0c048ceba,2024,2024-04-04,95466c2d-a184-48f8-849c-d6957bd1df52,bf4f25da-dd8b-44d4-a4b7-4671b3c37db9,2,1,-2.5823890615265066,0.3884361648067868
5cea3699-3a90-42b2-be87-c0dfa54982c0,2024,2024-04-06,cd369794-6765-4889-bd1c-89869447620b,73db7905-652b-4320-aac7-243f2f2f70a2,13,1,10.218904411180796,0.8904102531744513
c4411a10-d07a-4620-a85a-4766502da0ef,2024,2024-04-06,4a01023d-3637-4ac5-bf1f-37c08b2438a5,bfd4c500-09b6-46ba-81ae-48b13f8345ff,14,1,11.79789135715877,0.9124872531940971
4d6fc6ff-43e2-4510-a306-84db13917b6e,2024,2024-04-08,4a01023d-3637-4ac5-bf1f-37c08b2438a5,cd369794-6765-4889-bd1c-89869447620b,15,1,5.948120432733163,0.7691298027625345
